AccidentId,Gravity,Date,Hour,Light,Department,Commune,InAgglomeration,IntersectionType,Weather,CollisionType,PostalAddress,GPSCode,Latitude,Longitude
201800000388,Lethal,2018-05-16,16:20:00,Daylight,760,418,No,Y-type,Normal,3+Vehicles-Multiple,route de sainte gertrude,M,49.54646848415476,6.548604717374707
201800000389,NonLethal,2018-06-09,02:50:00,NightStreelightsOff,760,164,No,Roundabout,Normal,Other,Avenue du Latham 47,M,49.51540799355083,7.516202575538521
201800000390,NonLethal,2018-09-17,18:25:00,Daylight,760,164,No,Roundabout,Normal,2Vehicles-Behind,1 avenue du Latham 47,M,49.52380130359682,7.523196878003136
201800000391,NonLethal,2018-11-02,10:30:00,Daylight,760,401,No,NoIntersection,Normal,Other,2464 route du Wuy,M,49.47739671925202,7.478336394464912
201800000392,NonLethal,2018-12-16,02:50:00,NightStreelightsOn,760,401,No,NoIntersection,Other,Other,D 490 PONT DE BROTONNE,M,49.52132491278911,7.520703543097724
201800000393,Lethal,2018-02-17,18:10:00,TwilightOrDawn,760,385,Yes,NoIntersection,Normal,Other,route de yerville,M,49.613407500436686,9.612675718573064
201800000394,NonLethal,2018-01-04,19:00:00,TwilightOrDawn,760,566,No,NoIntersection,Normal,Other,Route de Langrume,M,49.60799743547133,9.60829553547809
201800000395,NonLethal,2018-04-20,16:30:00,Daylight,760,495,Yes,NoIntersection,Normal,Other,13 Route de Sainte Austr,M,49.58812989542505,9.586115126182891
201800000396,NonLethal,2018-05-13,19:15:00,Daylight,760,57,Yes,T-type,Normal,2Vehicles-BehindVehicles-Frontal,Rue Auguste Badin,M,49.54161809281924,9.543652568707694
201800000398,NonLethal,2018-10-01,12:00:00,Daylight,760,335,No,T-type,Normal,2Vehicles-BehindVehicles-Frontal,D22,M,49.649824722692266,1.647527181207831
201800000399,Lethal,2018-11-01,14:55:00,Daylight,760,495,No,NoIntersection,LightRain,2Vehicles-Side,CD 142,M,49.5794881688181,9.58089757955498
201800000400,NonLethal,2018-12-17,10:30:00,Daylight,760,57,Yes,NoIntersection,VeryGood,Other,VC7,M,49.53458282102663,9.534451903219216
201800000401,NonLethal,2018-03-16,18:28:00,Daylight,270,32,No,NoIntersection,Normal,Other,D6154 PK 017+500,M,48.925764372476245,1.92511802115564
201800000402,NonLethal,2018-03-28,08:35:00,Daylight,270,421,No,NoIntersection,Normal,Other,D833,M,48.90807155274637,1.909457917884832
201800000403,Lethal,2018-08-29,09:24:00,Daylight,270,165,No,NoIntersection,LightRain,2Vehicles-BehindVehicles-Frontal,D830 - PK 018+310,M,48.954618623259,9.956542923920637
201800000404,NonLethal,2018-10-30,11:00:00,Daylight,270,17,No,NoIntersection,Normal,2Vehicles-Side,4 route d'orleans,M,48.99536191094224,1.996932637201044
201800000405,NonLethal,2018-01-10,17:55:00,NightStreelightsOn,270,165,Yes,NoIntersection,Overcast,Other,Rue de la croix de fer,M,48.96008568727708,9.958219257788288
201800000406,NonLethal,2018-01-27,03:00:00,NightNoStreetLight,270,242,No,NoIntersection,FogOrSmoke,Other,D23,M,48.97262582140696,7.976145007878389
201800000407,NonLethal,2018-02-14,06:40:00,NightStreelightsOn,270,217,Yes,NoIntersection,Other,Other,Rue Saint Etienne,M,49.05962634276312,9.059497917041412
201800000408,NonLethal,2018-03-25,01:25:00,NightNoStreetLight,270,268,No,T-type,Normal,Other,Rue F Decorchemont,M,48.962549419392055,9.962816201052362
201800000409,NonLethal,2018-03-26,07:35:00,Daylight,270,20,Yes,T-type,Normal,2Vehicles-Side,6 grande rue,M,48.9966793575085,1.9976550914341769
201800000410,NonLethal,2018-04-28,04:00:00,NightNoStreetLight,270,602,Yes,Roundabout,Normal,Other,Avenue du Général De Gau,M,49.011717408656615,1.0117998076895065
201800000412,NonLethal,2018-05-24,20:00:00,Daylight,270,447,Yes,T-type,Normal,Other,rue du sec iton,M,48.94288989101116,1.9437984638112609
201800000413,NonLethal,2018-05-31,21:10:00,Daylight,270,217,No,NoIntersection,Normal,Other,D840,M,49.06489088510845,9.060994068054
201800000414,NonLethal,2018-06-16,14:54:00,Daylight,270,165,Yes,T-type,Normal,NoCollision,Rue de la Forge,M,48.96058596491748,9.96226487376472
201800000415,NonLethal,2018-06-29,15:20:00,Daylight,270,82,No,NoIntersection,Normal,2Vehicles-BehindVehicles-Frontal,D830,M,49.00091605730072,1.0030174448471765
201800000416,NonLethal,2018-07-06,14:00:00,Daylight,270,602,No,NoIntersection,Normal,2Vehicles-Behind,Route Départementale 830,M,49.00280268055669,1.0007781739012591
201800000417,NonLethal,2018-07-12,18:10:00,Daylight,270,217,No,X-type,Normal,2Vehicles-Side,Rue Saint Léger - Inters,M,49.07358791536267,9.07376643782012
201800000418,NonLethal,2018-07-27,16:00:00,Daylight,270,287,Yes,T-type,Normal,2Vehicles-Behind,Inter RD830 et RD60,M,48.98582611319302,1.9870096346911896
201800000419,NonLethal,2018-07-28,10:55:00,Daylight,270,268,No,NoIntersection,Normal,NoCollision,Route Fresne,M,48.96605556425757,9.965662253965244
201800000420,NonLethal,2018-04-08,13:00:00,Daylight,270,568,No,NoIntersection,Normal,Other,D830,M,48.94242963456649,8.94353811732819
201800000421,NonLethal,2018-11-08,21:20:00,TwilightOrDawn,270,268,No,T-type,Normal,NoCollision,D830,M,48.96643891154353,9.967556000815875
201800000422,NonLethal,2018-08-31,14:50:00,Daylight,270,20,Yes,T-type,Normal,2Vehicles-Side,intersection rue Félix D,M,48.998683474081176,1.999713269882206
201800000423,NonLethal,2018-09-13,18:40:00,Daylight,270,238,Yes,NoIntersection,Normal,Other,Rue de Frément,M,49.02159212960338,9.02270154825039
201800000424,NonLethal,2018-10-23,19:30:00,NightStreelightsOn,270,165,Yes,NoIntersection,Normal,Other,12 Rue Pierre BEREGOVOY,M,48.95636945081491,9.958121021849008
201800000425,Lethal,2018-03-11,07:55:00,NightNoStreetLight,270,424,No,NoIntersection,Other,NoCollision,"lieu-dit ""Mare aux chêne",M,48.93231462635249,9.932115335233078
201800000426,NonLethal,2018-12-14,16:20:00,Daylight,270,618,Yes,NoIntersection,Normal,2Vehicles-Behind,Rue Sainte Marthe,M,48.972075964297865,8.971654795378868
201800000427,NonLethal,2018-03-03,15:30:00,Daylight,270,4,No,NoIntersection,Normal,2Vehicles-Behind,"RN 13 - PK 3,750",M,49.011343210889386,1.0106860834903644
201800000433,NonLethal,2018-05-09,08:05:00,TwilightOrDawn,270,448,Yes,X-type,Normal,2Vehicles-Side,Rue du marchis / Rue Dul,M,49.017346532055214,1.0168645948216537
201800000434,NonLethal,2018-09-10,16:00:00,Daylight,270,171,No,NoIntersection,Normal,NoCollision,route départementale 67,M,48.97599284668192,1.9748515861915168
201800000435,NonLethal,2018-09-24,08:35:00,Daylight,270,171,No,T-type,Normal,2Vehicles-BehindVehicles-Frontal,RD67 - la houssaye du co,M,48.97525947834996,1.974554093307793
201800000436,NonLethal,2018-09-26,19:30:00,TwilightOrDawn,270,448,Yes,Roundabout,VeryGood,Other,119 rue Edouard Isambard,M,49.01376213039546,1.0134186949026036
201800000437,NonLethal,2018-10-23,19:30:00,NightNoStreetLight,270,136,No,NoIntersection,Normal,2Vehicles-Behind,RN13 PK1+300,M,49.01522773893423,1.0162409781278867
201800000438,NonLethal,2018-11-25,19:30:00,NightStreelightsOff,270,668,Yes,NoIntersection,LightRain,Other,rue du moulin,M,48.98626719920854,1.9860726811022331
201800000439,NonLethal,2018-03-11,19:00:00,TwilightOrDawn,270,97,No,NoIntersection,LightRain,Other,Route des rouges pommier,M,49.19684932752973,1.195892371859991
201800000440,NonLethal,2018-03-14,14:40:00,Daylight,270,16,Yes,NoIntersection,Normal,2Vehicles-Side,RD316 - av République,M,49.24618964885855,1.245731150331323
201800000441,NonLethal,2018-06-01,17:05:00,Daylight,270,16,Yes,X-type,Normal,2Vehicles-Side,3 rue du lièvre - réside,M,49.25597279882011,1.2557995299062734
201800000442,NonLethal,2018-06-03,14:00:00,Daylight,270,16,Yes,NoIntersection,VeryGood,2Vehicles-BehindVehicles-Frontal,RUE SAINT-FIACRE,M,49.2486324753083,1.2503065590346476
201800000443,Lethal,2018-06-17,14:00:00,Daylight,270,647,No,NoIntersection,Normal,2Vehicles-BehindVehicles-Frontal,D 135,M,49.23576291761009,1.2359374192852646
201800000444,Lethal,2018-09-07,22:10:00,NightNoStreetLight,270,97,No,NoIntersection,Normal,Other,rd 313,M,49.19538209021163,1.194871569215822
201800000446,NonLethal,2018-08-26,19:00:00,Daylight,270,315,No,NoIntersection,Normal,2Vehicles-Side,RD 125,M,49.25502858126835,1.253759684111733
201800000447,NonLethal,2018-11-15,10:45:00,Daylight,270,16,Yes,NoIntersection,Other,Other,23 avenue de la républiq,M,49.24717026090358,1.2442868889053746
201800000448,NonLethal,2018-04-16,21:00:00,TwilightOrDawn,270,152,Yes,NoIntersection,Normal,NoCollision,146 rue de la liberation,M,49.20683087955477,1.203676615981267
201800000449,NonLethal,2018-06-29,20:05:00,Daylight,270,408,No,NoIntersection,Normal,2Vehicles-BehindVehicles-Frontal,D1,M,49.18695657362812,1.1865460923740587
201800000450,NonLethal,2018-10-04,12:05:00,Daylight,270,279,Yes,NoIntersection,Normal,Other,Route de Fourges,M,49.094925543551206,1.094829460461645
201800000451,NonLethal,2018-10-27,19:30:00,NightNoStreetLight,270,213,No,NoIntersection,Overcast,NoCollision,D7 - lieu dit LA CROIX -,M,49.19416991481247,1.1953358029169523
201800000452,NonLethal,2018-12-01,18:45:00,NightNoStreetLight,270,644,No,NoIntersection,LightRain,2Vehicles-BehindVehicles-Frontal,RD 181,M,49.12605783404503,1.1270336581309208
201800000453,Lethal,2018-06-04,12:10:00,Daylight,270,321,No,NoIntersection,Normal,2Vehicles-BehindVehicles-Frontal,CD133,M,49.19587947086527,1.1964254843017994
201800000454,NonLethal,2018-08-01,07:50:00,Daylight,270,3,No,T-type,Normal,2Vehicles-Side,Route de louviers - D.71,M,49.18441575567908,1.1839973387415563
201800000456,NonLethal,2018-09-29,08:40:00,Daylight,270,439,Yes,X-type,Normal,2Vehicles-Side,Route de la vallée D52,M,49.079497249733066,1.078676369222142
201800000457,NonLethal,2018-11-29,10:09:00,Daylight,270,335,No,NoIntersection,Normal,2Vehicles-BehindVehicles-Frontal,Lieu dit LE MOUCHEL,M,49.1343427903004,1.1337233454413536
201800000459,Lethal,2018-05-02,12:30:00,Daylight,270,275,No,NoIntersection,SnowOrHail,2Vehicles-BehindVehicles-Frontal,Rd 316 PR 19.500,M,49.15054323751366,1.153066396255526
201800000460,NonLethal,2018-02-27,10:10:00,Daylight,270,275,Yes,NoIntersection,Normal,Other,3 Rue Yves Montand,M,49.15967822188997,1.1613875217519116
201800000461,NonLethal,2018-03-25,14:40:00,Daylight,270,275,Yes,NoIntersection,Normal,NoCollision,Avenue Jean Jaures,M,49.15449011891722,1.1554150767767866
201800000462,NonLethal,2018-07-05,14:35:00,Daylight,270,599,No,NoIntersection,Normal,2Vehicles-Side,rue de la croix du vallo,M,49.15099598716774,1.1531011004609442
201800000464,NonLethal,2018-07-24,08:20:00,Daylight,270,22,Yes,NoIntersection,Normal,2Vehicles-BehindVehicles-Frontal,ROUTE DÉPARTEMENTALE 65,M,49.172026890020256,1.1732100527340164
201800000465,NonLethal,2018-08-31,10:00:00,Daylight,270,553,No,X-type,Normal,Other,Intersection D10/D75,M,49.13647396934203,1.1361583452175612
201800000466,NonLethal,2018-09-02,19:45:00,TwilightOrDawn,270,275,No,T-type,Normal,2Vehicles-Side,Départementale 6015,M,49.15845259958753,1.1575453014796016
201800000468,NonLethal,2018-09-23,00:01:00,NightNoStreetLight,270,489,No,NoIntersection,LightRain,NoCollision,D316,M,49.072332680899365,1.0738266154645784
201800000469,NonLethal,2018-11-07,11:20:00,Daylight,270,599,Yes,X-type,LightRain,Other,RUE DU VAL ASSELIN,M,49.14718445199963,1.147686030190012
201800000470,NonLethal,2018-10-11,17:40:00,NightNoStreetLight,270,25,No,NoIntersection,Normal,2Vehicles-Side,Rd 316,M,49.1055616282226,1.1040586883885568
201800000471,NonLethal,2018-11-15,18:55:00,NightNoStreetLight,270,517,No,NoIntersection,FogOrSmoke,Other,RD3l6 PKk l7+600,M,49.146793204443775,1.14640228897502
201800000472,NonLethal,2018-11-23,19:00:00,NightStreelightsOn,270,249,No,T-type,FogOrSmoke,2Vehicles-Behind,RD6015,M,49.18309350863797,1.182897743058022
201800000473,NonLethal,2018-11-12,08:00:00,TwilightOrDawn,270,275,No,T-type,FogOrSmoke,2Vehicles-Side,D6015,M,49.16168956196628,1.1625978307383578
201800000474,NonLethal,2018-12-12,19:00:00,NightNoStreetLight,270,343,No,T-type,Normal,2Vehicles-BehindVehicles-Frontal,D57,M,49.06412183978316,1.06430792555299
201800000475,NonLethal,2018-12-20,21:00:00,NightNoStreetLight,270,599,No,NoIntersection,LightRain,NoCollision,Départementale 6015,M,49.14581995172794,1.146840912800714
201800000476,NonLethal,2018-02-24,09:30:00,Daylight,270,348,No,NoIntersection,Normal,Other,CD6015,M,49.329505184118375,1.3279553706107703
201800000478,NonLethal,2018-05-28,17:15:00,Daylight,270,188,Yes,T-type,Normal,3+Vehicles-Multiple,D321,M,49.3058747505946,1.3043103291011535
201800000479,NonLethal,2018-06-29,15:30:00,Daylight,270,348,Yes,Roundabout,VeryGood,Other,Sortie parking SUPER U,M,49.31999022008343,1.3189557437567394
201800000480,NonLethal,2018-07-26,21:15:00,Daylight,270,458,No,NoIntersection,Normal,3+Vehicles-Chain,D321,M,49.32782638393351,1.3270923458860435
201800000481,NonLethal,2018-08-26,06:00:00,NightNoStreetLight,270,458,No,NoIntersection,Normal,Other,RD 20,M,49.33739807337015,1.337762435034552
201800000482,NonLethal,2018-06-09,07:10:00,TwilightOrDawn,270,458,Yes,X-type,Normal,2Vehicles-BehindVehicles-Frontal,rue du moulins / rue du,M,49.3223706871176,1.322353013885181
201800000485,Lethal,2018-06-21,21:00:00,Daylight,350,47,Yes,Roundabout,Normal,Other,rond point de cicé bloss,M,48.03245265673798,-0.0314946330616131
201800000486,NonLethal,2018-11-13,10:57:00,Daylight,350,47,Yes,T-type,VeryGood,2Vehicles-BehindVehicles-Frontal,rue Hippolyte Bousquet,M,48.02329576226637,-0.0247163857787662
201800000487,NonLethal,2018-12-14,08:00:00,TwilightOrDawn,350,47,Yes,T-type,LightRain,Other,rue de la Noé,M,48.0235847547455,-0.0231093104629181
201800000488,NonLethal,2018-02-26,18:15:00,Daylight,350,334,Yes,Roundabout,Normal,2Vehicles-Side,rue des vignes,M,48.154100009522935,-0.1510996570651448
201800000489,NonLethal,2018-09-04,09:00:00,Daylight,350,154,No,NoIntersection,Normal,2Vehicles-BehindVehicles-Frontal,LA CHUPINIERE,M,48.2430560416749,-0.2430788357116036
201800000490,Lethal,2018-06-20,08:45:00,Daylight,350,31,No,T-type,Normal,2Vehicles-BehindVehicles-Frontal,RD 112 PR 25+9OO à haute,M,48.17374687979802,-0.1751950689299241
201800000491,NonLethal,2018-06-29,17:37:00,Daylight,350,154,Yes,T-type,Normal,2Vehicles-Behind,rue du Bois Hamon,M,48.22274240650065,-0.2218861845857904
201800000492,NonLethal,2018-09-26,18:50:00,Daylight,350,334,No,Roundabout,VeryGood,2Vehicles-Side,Rond point de Tizé,M,48.13841690731656,-0.1412097694280771
201800000493,NonLethal,2018-12-12,19:30:00,NightStreelightsOff,350,152,Yes,NoIntersection,Normal,2Vehicles-Side,46 avenue du général de,M,48.209043593739,-0.2106014026790986
201800000494,NonLethal,2018-06-02,16:25:00,Daylight,350,76,No,NoIntersection,Normal,2Vehicles-Behind,RD 34,M,48.05908708373715,-0.0589589630368714
201800000495,Lethal,2018-07-08,12:10:00,Daylight,350,80,Yes,X-type,Normal,2Vehicles-Side,Chemin du Patis Cochet,M,48.10284323066563,-0.102759856018336
201800000496,Lethal,2018-07-31,20:15:00,Daylight,350,37,No,NoIntersection,Normal,Other,les Ponciaux,M,48.06276897901609,-0.0649399659689231
201800000498,Lethal,2018-01-08,07:45:00,NightNoStreetLight,350,253,No,NoIntersection,Normal,2Vehicles-BehindVehicles-Frontal,le bas patis,M,48.23283133382063,-0.2327352650177072
201800000499,Lethal,2018-02-22,12:40:00,Daylight,350,178,No,X-type,Normal,2Vehicles-Side,D794,M,48.28515995128083,-0.2852456930785884
201800000501,NonLethal,2018-07-14,11:00:00,Daylight,350,164,No,NoIntersection,Normal,2Vehicles-BehindVehicles-Frontal,Le pont aux chèvres,M,48.36066581427086,-0.3577346547936206
201800000503,NonLethal,2018-02-08,05:40:00,NightNoStreetLight,350,273,No,NoIntersection,Normal,Other,D155,M,48.38108172161223,-0.3843003877239492
201800000504,NonLethal,2018-09-11,19:45:00,NightNoStreetLight,350,273,No,NoIntersection,HeavyRain,3+Vehicles-Multiple,D 798 PK 20+845,M,48.38193542698962,-0.3810865675231716
201800000505,NonLethal,2018-11-11,05:10:00,NightStreelightsOff,350,244,Yes,NoIntersection,Other,Other,rue de rennes,M,48.37606747007865,-0.3767934496009201
201800000506,Lethal,2018-11-21,20:30:00,NightNoStreetLight,350,4,Yes,NoIntersection,Normal,Other,rue de fougeres,M,48.45354293021375,-0.4563451565534026
201800000507,NonLethal,2018-12-21,17:45:00,NightStreelightsOff,350,267,No,NoIntersection,LightRain,Other,gueret,M,48.404001060588605,-0.4026961640067534
201800000508,NonLethal,2018-01-06,13:45:00,Daylight,350,13,No,NoIntersection,Normal,Other,Lieu dit SAINT MARCELLIN,M,47.7342961311548,-0.7349199099853589
201800000510,NonLethal,2018-01-24,20:10:00,NightNoStreetLight,350,13,No,NoIntersection,LightRain,3+Vehicles-Multiple,le moulin roche,M,47.70767992198114,-0.7069148168036063
201800000511,NonLethal,2018-02-12,17:35:00,Daylight,350,294,Yes,X-type,Normal,2Vehicles-Side,rue des ardoisières,M,47.69398182074124,-0.6904845357035156
201800000512,NonLethal,2018-10-03,15:35:00,Daylight,350,236,Yes,Roundabout,Normal,2Vehicles-Side,rond point de la barre,M,47.65587123197649,-0.6568806424045759
201800000513,Lethal,2018-07-09,17:45:00,Daylight,350,236,Yes,NoIntersection,Normal,Other,Rue des douves,M,47.64995862398773,-0.6502753297913165
201800000514,NonLethal,2018-10-16,21:30:00,NightStreelightsOn,350,236,No,X-type,Normal,Other,Chemin de la marionnette,M,47.67090643297303,-0.6729097503144625
201800000515,NonLethal,2018-11-14,06:20:00,NightNoStreetLight,350,13,No,NoIntersection,FogOrSmoke,Other,CD67 - PK 23+400,M,47.70062149201526,-0.7011172937535012
201800000516,NonLethal,2018-11-15,21:15:00,NightNoStreetLight,350,237,No,NoIntersection,Normal,3+Vehicles-Chain,Rd177,M,47.72519964573228,-0.7239189811089639
201800000517,Lethal,2018-11-12,07:25:00,NightNoStreetLight,350,13,No,NoIntersection,FogOrSmoke,Other,RD 67,M,47.69336174004606,-0.6912015688956789
201800000518,Lethal,2018-12-22,11:22:00,Daylight,350,236,Yes,NoIntersection,Overcast,Other,Quai Robert Surcouf,M,47.65044380164133,-0.6495175171608347
201800000519,Lethal,2018-12-23,22:25:00,NightStreelightsOn,350,236,Yes,NoIntersection,LightRain,Other,Boulevard Bonne Nouvelle,M,47.65015994008218,-0.6506260685724964
201800000520,NonLethal,2018-12-25,08:30:00,NightNoStreetLight,350,236,Yes,NoIntersection,Normal,Other,rue de la touche,M,47.665152576154085,-0.663845876422688
201800000522,NonLethal,2018-02-21,07:45:00,TwilightOrDawn,350,33,No,X-type,Normal,2Vehicles-Side,Intersection D 77 - C 13,M,47.93107842398711,-0.9310071108944816
201800000523,NonLethal,2018-08-03,18:00:00,Daylight,350,139,No,NoIntersection,Normal,Other,la Bougrais,M,47.9634149316872,-0.9629976097899804
201800000524,NonLethal,2018-03-17,17:14:00,Daylight,350,123,No,NoIntersection,Normal,2Vehicles-Behind,la Corbière,M,48.02527927641592,-0.0241284523240256
201800000526,NonLethal,2018-06-30,10:10:00,Daylight,350,126,No,X-type,VeryGood,2Vehicles-Side,D38,M,47.95924538731414,-0.9598940853000596
201800000527,NonLethal,2018-07-26,17:45:00,Daylight,350,126,No,NoIntersection,Overcast,2Vehicles-BehindVehicles-Frontal,La chouannais,M,47.989421263931256,-0.989315143633246
201800000528,NonLethal,2018-06-08,13:25:00,Daylight,350,33,No,NoIntersection,Normal,2Vehicles-Side,D48,M,47.92949846494326,-0.9290856063679668
201800000529,NonLethal,2018-08-30,15:45:00,Daylight,350,126,No,NoIntersection,Normal,2Vehicles-Side,La croix de l'épine,M,47.98083623131093,-0.981450802302918
201800000530,NonLethal,2018-01-02,15:20:00,Daylight,350,287,No,NoIntersection,Normal,NoCollision,CD 503,M,48.615909843092005,-0.6152244852973673
201800000531,NonLethal,2018-04-21,20:15:00,Daylight,350,228,No,Y-type,Normal,2Vehicles-BehindVehicles-Frontal,intersection CD3 et rout,M,48.57588981393847,-0.5756743624191263
201800000532,NonLethal,2018-05-19,18:00:00,Daylight,350,228,No,X-type,Normal,2Vehicles-Side,"Carrefour D 114, D 5",M,48.590962848691454,-0.5912309625870874
201800000533,NonLethal,2018-05-29,06:50:00,Daylight,350,228,Yes,NoIntersection,LightRain,2Vehicles-BehindVehicles-Frontal,Rue de dinard,M,48.58230179543716,-0.5837444687406229
201800000534,Lethal,2018-06-17,03:00:00,NightNoStreetLight,350,287,Yes,NoIntersection,Normal,Other,RD 786 rue de la cote du,M,48.63064068055015,-0.6295946062999317
201800000536,NonLethal,2018-08-05,11:40:00,Daylight,350,256,Yes,NoIntersection,Normal,2Vehicles-Behind,Balcon d'émeraude,M,48.61900999460396,-0.6186139475575606
201800000537,NonLethal,2018-10-09,20:15:00,NightNoStreetLight,350,287,No,NoIntersection,Normal,2Vehicles-BehindVehicles-Frontal,RD 168 PR 03+500,M,48.60209066040196,-0.601160054273584
201800000538,NonLethal,2018-11-08,10:45:00,Daylight,350,287,No,X-type,Normal,2Vehicles-Behind,LA VILLE AGAN,M,48.61994483101356,-0.6195119770363721
201800000539,NonLethal,2018-05-25,18:20:00,Daylight,350,88,No,NoIntersection,Normal,2Vehicles-BehindVehicles-Frontal,le grand beauvais,M,48.00633621833384,-0.0071119742187477
201800000540,NonLethal,2018-02-06,11:25:00,Daylight,350,41,No,NoIntersection,Normal,2Vehicles-Behind,les buttes,M,47.95209377233026,-0.9534144411571852
201800000541,NonLethal,2018-06-20,17:10:00,Daylight,350,136,No,T-type,Normal,3+Vehicles-Chain,La haute épine,M,47.96823439818272,-0.9673938699335396
201800000542,NonLethal,2018-09-27,08:40:00,Daylight,350,136,Yes,Roundabout,VeryGood,2Vehicles-Side,boulevard charcot,M,47.95872687732536,-0.9576401582579146
201800000543,NonLethal,2018-09-27,16:10:00,Daylight,350,108,No,X-type,Normal,2Vehicles-Behind,RD 48 PR 54 lieu dit lat,M,47.96040411384588,-0.9606696285013008
201800000545,NonLethal,2018-12-26,09:20:00,Daylight,350,136,No,NoIntersection,Normal,Other,d411,M,47.96318604976587,-0.9641821685764316
201800000547,NonLethal,2018-05-04,13:00:00,Daylight,220,326,No,X-type,Normal,Other,La croix verte D776-D55,M,48.43485572375904,-0.4352274366382911
201800000548,NonLethal,2018-03-06,06:50:00,Daylight,220,2,No,NoIntersection,Overcast,NoCollision,D59,M,48.48925030285636,-0.4893642986730291
201800000549,NonLethal,2018-10-02,20:00:00,TwilightOrDawn,220,93,No,NoIntersection,Normal,Other,st robin - la poterie,M,48.46813853614768,-0.4699941191030244
201800000550,NonLethal,2018-11-27,11:20:00,Daylight,220,326,Yes,Square,Normal,Other,5 rue de la croix verte,M,48.44286892223966,-0.4429520950041987
201800000551,NonLethal,2018-03-23,14:00:00,Daylight,220,75,No,NoIntersection,LightRain,Other,lieu-dit ténoquevel,M,48.15907642318188,-0.1602580467225371
201800000552,NonLethal,2018-06-19,15:50:00,Daylight,220,136,Yes,NoIntersection,Normal,Other,rue de la chesnaie,M,48.1802069556144,-0.1772252276551686
201800000553,NonLethal,2018-07-06,09:35:00,Daylight,220,384,No,X-type,VeryGood,2Vehicles-Side,Le bareil,M,48.279885959672406,-0.2798919146201366
201800000554,NonLethal,2018-07-17,18:45:00,Daylight,220,136,No,NoIntersection,Normal,2Vehicles-Side,Saint-Guillaume,M,48.18874142837241,-0.1867205638416373
201800000555,NonLethal,2018-07-09,15:20:00,Daylight,220,136,Yes,NoIntersection,Normal,Other,rue notre dame,M,48.175354155919216,-0.1771230064959873
201800000556,NonLethal,2018-02-10,01:25:00,NightStreelightsOn,220,279,Yes,NoIntersection,Normal,Other,3 rue nationale,M,48.18951401603732,-0.1910205339338999
201800000557,NonLethal,2018-11-15,15:00:00,Daylight,220,155,No,Other,Normal,2Vehicles-Side,le gué larreux,M,48.21781045838684,-0.2174315346770574
201800000558,NonLethal,2018-11-25,18:00:00,NightStreelightsOn,220,136,Yes,T-type,Normal,2Vehicles-Side,rue Brizeux,M,48.18846684624011,-0.1864177785519929
201800000559,NonLethal,2018-03-17,00:01:00,NightNoStreetLight,220,86,No,NoIntersection,Overcast,2Vehicles-BehindVehicles-Frontal,route de Lanvollon ( D7),M,48.74762729382036,-0.7479184997688331
201800000560,NonLethal,2018-04-18,17:25:00,Daylight,220,162,Yes,T-type,Normal,2Vehicles-Side,rue de la marne,M,48.77784312442838,-0.7767980801073263
201800000561,Lethal,2018-04-25,16:30:00,Daylight,220,233,No,T-type,Normal,2Vehicles-Side,route de sainte ambroise,M,48.74125827358499,-0.7430964358047463
201800000562,NonLethal,2018-05-17,18:40:00,Daylight,220,162,Yes,NoIntersection,Normal,Other,rue raymond pellier,M,48.77552258181316,-0.7769230074412669
201800000563,Lethal,2018-09-06,02:45:00,NightNoStreetLight,220,214,Yes,NoIntersection,Normal,Other,route de st brieuc,M,48.74756798304608,-0.7474028693684824
201800000564,Lethal,2018-08-09,16:48:00,Daylight,220,86,No,NoIntersection,Normal,2Vehicles-BehindVehicles-Frontal,lieu dit Kerogel,M,48.73967401874353,-0.740872265888484
201800000565,NonLethal,2018-10-13,17:30:00,Daylight,220,86,Yes,T-type,Normal,2Vehicles-Side,rue du soleil levant,M,48.73465786867769,-0.7348090967324169
201800000566,NonLethal,2018-01-25,08:20:00,TwilightOrDawn,220,389,No,T-type,Normal,2Vehicles-BehindVehicles-Frontal,rue des grèves,M,48.48719879273042,-0.4889774350313994
201800000567,NonLethal,2018-10-02,07:20:00,NightNoStreetLight,220,389,Yes,NoIntersection,Normal,NoCollision,rue du haut champs,M,48.47283187651629,-0.4748695400455012
201800000568,Lethal,2018-02-11,11:00:00,Daylight,220,273,No,NoIntersection,LightRain,NoCollision,"""Beau Soleil""",M,48.55531703428642,-0.5566996884189273
201800000569,NonLethal,2018-05-04,18:00:00,Daylight,220,173,No,X-type,Other,2Vehicles-Side,ST PLESTAN,M,48.55438960309282,-0.5524538512885544