AccidentId,Gravity,Date,Hour,Light,Department,Commune,InAgglomeration,IntersectionType,Weather,CollisionType,PostalAddress,GPSCode,Latitude,Longitude
201800000949,NonLethal,2018-04-07,07:45:00,Daylight,490,350,No,NoIntersection,Normal,NoCollision,les barbelingères,M,47.054504734704885,-0.0526939406697339
201800000951,NonLethal,2018-01-09,06:55:00,Daylight,490,301,Yes,T-type,Normal,2Vehicles-Side,rue de la lèche - LE LON,M,47.01842267667811,-0.0187203699452041
201800000952,NonLethal,2018-08-09,05:50:00,NightNoStreetLight,490,332,No,NoIntersection,Normal,Other,rd63,M,47.09896620209847,-0.1020407545495509
201800000953,NonLethal,2018-10-22,11:30:00,Daylight,490,332,No,NoIntersection,Normal,2Vehicles-Side,La Pétonnière,M,47.07961636136878,-0.0813053557046369
201800000954,NonLethal,2018-11-02,09:50:00,Daylight,490,193,No,T-type,Normal,2Vehicles-Side,"Lieu-dit la mercerie, dé",M,47.15890780561725,-0.1585974658203713
201800000955,NonLethal,2018-11-21,17:12:00,Daylight,490,301,No,T-type,Normal,Other,D224  Sens TILLIERES,M,47.135760638042655,-0.1356593121098062
201800000956,NonLethal,2018-11-23,17:20:00,Daylight,490,301,No,X-type,LightRain,2Vehicles-Side,Lieu dit le chêne aux lo,M,47.1310423869829,-0.1300008572502818
201800000957,NonLethal,2018-05-01,07:10:00,TwilightOrDawn,530,1,No,NoIntersection,Normal,NoCollision,les roseraies,M,48.02435244294341,-0.0240114563206147
201800000959,NonLethal,2018-09-29,04:30:00,NightNoStreetLight,530,82,No,NoIntersection,Normal,Other,les pommiers,M,47.98443320119454,-0.9857487350998776
201800000960,NonLethal,2018-01-12,14:35:00,Daylight,10,283,Yes,Roundabout,Normal,2Vehicles-Side,"28, DORTAN (ROUTE DE)",M,46.00067354964083,4.999084418543845
201800000961,NonLethal,2018-01-17,19:30:00,NightStreelightsOn,10,283,Yes,X-type,Overcast,2Vehicles-Side,NORMANDIE NIEMEN (AVENUE,M,46.25827785814111,5.257438743922108
201800000962,NonLethal,2018-09-02,01:40:00,NightStreelightsOn,10,283,Yes,NoIntersection,Other,Other,"1, FLAUBERT (IMPASSE)",M,46.258961494833486,5.260174893511741
201800000963,NonLethal,2018-02-23,07:40:00,TwilightOrDawn,10,31,Yes,NoIntersection,Normal,Other,"10, HOTEL DE VILLE ( PLA",M,46.24204167532179,5.243246959975269
201800000964,NonLethal,2018-08-03,10:46:00,Daylight,10,283,Yes,NoIntersection,Normal,Other,"114, VERDUN (COURS DE DU",M,46.25736643321866,5.258499782034774
201800000965,NonLethal,2018-03-04,07:10:00,TwilightOrDawn,10,14,Yes,NoIntersection,Overcast,NoCollision,GENERAL ANDREA (RUE),M,46.292078889110016,5.292367700988173
201800000966,NonLethal,2018-03-16,08:30:00,Daylight,10,283,Yes,NoIntersection,Overcast,2Vehicles-Behind,"12, CLEMENCEAU (RUE G. D",M,46.25702138173454,5.255916483069515
201800000967,NonLethal,2018-03-20,07:56:00,Daylight,10,283,Yes,NoIntersection,Normal,2Vehicles-Side,SAMOGNAT (ROUTE DE ),M,46.26396437909028,5.26419306562465
201800000968,NonLethal,2018-04-08,16:20:00,Daylight,10,283,Yes,X-type,Normal,2Vehicles-Side,CARREFOUR RUE NICOD-C. D,M,46.26220679637966,5.263017135945142
201800000970,NonLethal,2018-05-04,10:55:00,Daylight,10,283,Yes,NoIntersection,Normal,Other,MICHELET (RUE DU 40-27 A,M,46.26238469565402,5.263787480692952
201800000971,Lethal,2018-03-24,19:45:00,NightStreelightsOn,10,283,Yes,NoIntersection,Normal,Other,"5, TULIPES (RUE DES)",M,46.24268613280295,5.243589963788019
201800000973,NonLethal,2018-05-18,18:50:00,Daylight,10,283,Yes,X-type,Normal,2Vehicles-Side,VERDUN (COURS DE DU 59-8,M,46.25827257921987,5.2589616562803405
201800000974,NonLethal,2018-05-31,13:00:00,Daylight,10,283,No,NoIntersection,Overcast,Other,ECHALLON (RUE D'),M,46.255052835963234,5.255080960687251
201800000975,NonLethal,2018-06-21,18:00:00,Daylight,10,14,No,NoIntersection,Normal,2Vehicles-Behind,RD 31,M,46.2801394557306,5.280369089249926
201800000977,Lethal,2018-06-26,18:25:00,TwilightOrDawn,10,283,Yes,Roundabout,Normal,Other,NICOD (RUE DU 0 AU 20-41,M,46.26060837682127,5.259459512904465
201800000978,NonLethal,2018-07-03,08:10:00,Daylight,10,283,No,NoIntersection,Normal,3+Vehicles-Multiple,OYONNAX (ROUTE D'),M,46.26205394352777,5.264227182283969
201800000979,NonLethal,2018-07-05,18:21:00,Daylight,10,31,No,NoIntersection,Normal,3+Vehicles-Chain,CASTELLION (RUE),M,46.23291980315584,5.230690501105424
201800000980,NonLethal,2018-07-15,19:10:00,Daylight,10,283,Yes,Other,Normal,2Vehicles-Side,FRANCE (RUE A. DU 1-5 ET,M,46.25408090211901,5.256941331130947
201800000983,NonLethal,2018-08-30,04:25:00,NightNoStreetLight,10,31,No,NoIntersection,Normal,NoCollision,RD 984 D,M,46.23137455626286,5.234055347046718
201800000984,NonLethal,2018-09-19,18:55:00,TwilightOrDawn,10,283,Yes,Roundabout,Normal,2Vehicles-Side,QUARTIER VEYZIAT,M,46.26190637293006,5.262552123113237
201800000985,NonLethal,2018-10-22,12:00:00,Daylight,10,283,Yes,T-type,Normal,2Vehicles-BehindVehicles-Frontal,DIX NEUF MARS 1962 (RUE,M,46.25650201641482,5.254062813189223
201800000986,NonLethal,2018-10-26,16:50:00,Daylight,10,283,Yes,NoIntersection,Normal,Other,CHEMIN DE FER (RUE DU),M,46.25775821843141,5.257490290486828
201800000987,NonLethal,2018-10-26,15:45:00,Daylight,10,283,Yes,T-type,Normal,Other,VAILLANT COUTURIER (PLAC,M,46.25966373128988,5.258016655413133
201800000989,NonLethal,2018-12-21,17:51:00,NightStreelightsOn,10,283,Yes,NoIntersection,HeavyRain,Other,JAURES(AVENUE JEAN),M,46.25813759052873,5.256674141848801
201800000990,NonLethal,2018-12-28,19:00:00,NightStreelightsOff,10,283,Yes,T-type,Normal,Other,HUGO (VICTOR),M,46.258630864161816,5.258701093013412
201800000991,NonLethal,2018-02-01,08:35:00,TwilightOrDawn,720,154,Yes,Roundabout,LightRain,2Vehicles-Side,bd du quebec,M,47.705722099969,-0.7073125937171749
201800000992,NonLethal,2018-01-02,12:50:00,Daylight,720,154,Yes,Roundabout,LightRain,2Vehicles-Behind,rond point du Lidl,M,47.701562733983714,-0.7008068854043868
201800000993,NonLethal,2018-01-29,07:45:00,TwilightOrDawn,720,185,Yes,NoIntersection,Normal,2Vehicles-Side,rue de la soulle,M,47.71604848856232,1.7158268779016794
201800000994,NonLethal,2018-04-17,11:15:00,Daylight,720,154,Yes,NoIntersection,Normal,Other,rue du Docteur LHOSTE,M,47.699157801422416,-0.7014961771058552
201800000995,NonLethal,2018-05-15,15:05:00,Daylight,720,61,No,NoIntersection,Normal,2Vehicles-Side,La marcaiserie,M,47.72782571565314,-0.7286178914497716
201800000996,NonLethal,2018-05-25,00:30:00,NightNoStreetLight,720,154,No,NoIntersection,Normal,Other,la mignonnière,M,47.68849465861656,-0.6884961312342821
201800000997,NonLethal,2018-05-25,17:30:00,Daylight,720,154,No,NoIntersection,Normal,2Vehicles-BehindVehicles-Frontal,Route des mollans VC n°4,M,47.70419552713787,-0.7028532245140405
201800000998,NonLethal,2018-06-15,18:30:00,Daylight,720,154,Yes,NoIntersection,Normal,2Vehicles-Side,avenue louis godineau,M,47.70430108945078,-0.7070825559455285
201800001000,Lethal,2018-07-01,13:10:00,Daylight,720,185,No,NoIntersection,VeryGood,NoCollision,Lieu dit Le plessis,M,47.71132557785758,-0.7134650367122208
201800001002,NonLethal,2018-08-15,18:05:00,Daylight,720,84,No,NoIntersection,Normal,NoCollision,CD 323 entrée agglomérat,M,47.71547077371669,-0.7138369711352951
201800001003,NonLethal,2018-08-30,17:20:00,Daylight,720,154,Yes,NoIntersection,Normal,2Vehicles-BehindVehicles-Frontal,D104A,M,47.6409707043024,-0.6407690783821773
201800001007,NonLethal,2018-10-05,20:00:00,TwilightOrDawn,720,154,Yes,NoIntersection,Normal,2Vehicles-BehindVehicles-Frontal,Rue Leo Delibes,M,47.71118059229914,-0.712306269514326
201800001008,Lethal,2018-10-06,17:00:00,Daylight,720,154,Yes,NoIntersection,HeavyRain,Other,Avenue de verdun,M,47.6988558950637,-0.6982294759875008
201800001009,NonLethal,2018-10-26,12:20:00,Daylight,720,154,Yes,NoIntersection,Normal,2Vehicles-Side,1 rue des frères chappes,M,47.70968632291184,-0.7094697574687934
201800001010,NonLethal,2018-10-29,07:50:00,Daylight,720,154,Yes,NoIntersection,LightRain,2Vehicles-BehindVehicles-Frontal,grande rue,M,47.699252989743776,-0.700527428814923
201800001011,NonLethal,2018-12-10,18:45:00,NightNoStreetLight,720,154,No,NoIntersection,Normal,Other,La route Coupée,M,47.68616678164767,1.6870383036312893
201800001013,NonLethal,2018-03-31,10:00:00,Daylight,720,244,Yes,NoIntersection,Normal,2Vehicles-BehindVehicles-Frontal,Intersection rue Emile P,M,47.76386500084835,-0.7638995909206687
201800001014,NonLethal,2018-04-14,13:30:00,Daylight,720,244,No,NoIntersection,LightRain,NoCollision,d18 PR 4+0.50,M,47.75654875830381,-0.757771352320886
201800001015,NonLethal,2018-07-09,11:00:00,Daylight,720,264,No,LevelCrossing,Normal,2Vehicles-Side,passage de la bosse,M,47.85028313114484,-0.8518577179654888
201800001016,NonLethal,2018-11-10,12:20:00,Daylight,720,264,Yes,NoIntersection,Normal,2Vehicles-Behind,rue du Mans,M,47.83903536401169,-0.8393117488012638
201800001017,NonLethal,2018-10-11,17:00:00,TwilightOrDawn,720,167,Yes,NoIntersection,LightRain,2Vehicles-BehindVehicles-Frontal,RUE PRINCIPALE D306 PR 4,M,47.79347365884319,-0.792565377672265
201800001018,NonLethal,2018-10-31,19:00:00,NightStreelightsOn,720,264,No,NoIntersection,LightRain,Other,RUE DU CLOS DU BOIS,M,47.8244920612178,-0.8274081805177926
201800001019,NonLethal,2018-11-30,13:00:00,Daylight,720,264,No,NoIntersection,Normal,NoCollision,Rue St Nicolas,M,47.83650954625061,-0.8368868993311604
201800001020,NonLethal,2018-11-30,16:00:00,Daylight,720,16,No,NoIntersection,Normal,NoCollision,RD24,M,47.88222865373037,-0.882884427315957
201800001021,NonLethal,2018-11-30,18:10:00,NightNoStreetLight,720,336,No,NoIntersection,LightRain,Other,D309,M,48.28371280654931,2.2838034033942813
201800001022,NonLethal,2018-12-29,02:00:00,NightStreelightsOff,720,232,No,NoIntersection,Normal,NoCollision,D135,M,47.71923032041628,-0.72070342194174
201800001023,NonLethal,2018-08-08,18:25:00,Daylight,850,288,No,Other,Normal,2Vehicles-Side,Rue de la Mine,M,46.449768006135,-0.4512489770505083
201800001024,NonLethal,2018-10-29,10:30:00,Daylight,850,300,No,NoIntersection,Normal,Other,LA LANDETTE,M,46.64951359866752,-0.6497480750382915
201800001025,NonLethal,2018-01-31,09:45:00,Daylight,850,302,No,Roundabout,LightRain,NoCollision,Giratoire D960T,M,46.97524751064845,-0.9735216393568
201800001026,NonLethal,2018-02-25,22:15:00,NightNoStreetLight,850,302,No,NoIntersection,Normal,NoCollision,RD 111,M,46.971432759487215,-0.974481125992528
201800001027,NonLethal,2018-03-05,19:05:00,NightNoStreetLight,850,48,No,NoIntersection,LightRain,2Vehicles-BehindVehicles-Frontal,BEL AIR,M,46.93086740479764,-0.9323570478226798
201800001028,NonLethal,2018-03-29,13:00:00,Daylight,850,302,No,Roundabout,HeavyRain,2Vehicles-BehindVehicles-Frontal,Rd-Pt Rue René Pasteur,M,46.94548379105681,-0.947378185132334
201800001030,NonLethal,2018-09-06,08:20:00,Daylight,850,198,No,NoIntersection,Normal,2Vehicles-Side,La Martinière,M,46.99683826124507,-0.9975907634075396
201800001032,Lethal,2018-07-01,00:50:00,NightNoStreetLight,850,302,No,NoIntersection,Normal,Other,,M,46.974102432105184,-0.9733418552157614
201800001033,NonLethal,2018-10-08,17:00:00,Daylight,850,198,No,NoIntersection,Normal,Other,,M,46.99187143424707,-0.9944068402063834
201800001035,NonLethal,2018-10-13,18:20:00,Daylight,850,97,No,NoIntersection,VeryGood,2Vehicles-Behind,,M,46.93461867743904,-0.9340855920887596
201800001036,NonLethal,2018-11-21,10:30:00,Daylight,850,151,Yes,Roundabout,VeryGood,2Vehicles-Side,Place du Docteur Pichat,M,46.99331257954075,-0.9921402690852538
201800001037,NonLethal,2018-11-27,05:45:00,NightNoStreetLight,850,302,No,NoIntersection,Normal,2Vehicles-BehindVehicles-Frontal,PONNEAU,M,46.96117496376201,-0.959438867607823
201800001038,NonLethal,2018-02-06,04:15:00,NightStreelightsOff,850,208,No,T-type,SnowOrHail,Other,SAINT-DENIS-LES-LUCS,M,46.83569075808613,-0.8364979291168625
201800001039,NonLethal,2018-02-21,09:55:00,Daylight,850,279,No,NoIntersection,Normal,NoCollision,Les Bruyères,M,46.80500724094297,-0.8051690459032081
201800001041,NonLethal,2018-04-14,14:30:00,Daylight,850,178,No,NoIntersection,Normal,2Vehicles-BehindVehicles-Frontal,,M,46.75961234782373,-0.7563994795711285
201800001043,NonLethal,2018-05-11,13:25:00,Daylight,850,208,No,NoIntersection,Normal,Other,D 763,M,46.84437811450288,-0.8450126249372254
201800001045,NonLethal,2018-06-20,18:15:00,Daylight,850,15,No,NoIntersection,Normal,2Vehicles-Behind,Le Bois Barbot,M,46.818041459942734,-0.81689081478802
201800001046,NonLethal,2018-06-29,14:45:00,Daylight,850,19,Yes,NoIntersection,Normal,2Vehicles-BehindVehicles-Frontal,Boulevard Andre Malraux,M,46.77975832873058,-0.778734549723694
201800001047,NonLethal,2018-07-29,12:00:00,Daylight,850,178,No,NoIntersection,Normal,2Vehicles-BehindVehicles-Frontal,Les Landes,M,46.75719953128138,-0.755572108111415
201800001048,NonLethal,2018-08-28,19:30:00,Daylight,850,178,Yes,NoIntersection,Normal,2Vehicles-Behind,Rue de la Colonne,M,46.76710283885221,-0.7672799024199195
201800001049,NonLethal,2018-09-12,08:00:00,Daylight,850,300,No,NoIntersection,Normal,2Vehicles-Behind,LA POTERIE,M,46.7118865727472,-0.7114601637949479
201800001050,NonLethal,2018-09-28,18:15:00,Daylight,850,178,No,NoIntersection,Normal,2Vehicles-BehindVehicles-Frontal,La Maumernière,M,46.78859510222316,-0.7891059959232798
201800001051,NonLethal,2018-10-28,04:30:00,NightNoStreetLight,850,178,No,NoIntersection,Normal,Other,La Tenaillère,M,46.785406428525725,-0.783803548250558
201800001052,Lethal,2018-11-08,20:38:00,NightNoStreetLight,850,98,No,NoIntersection,Normal,2Vehicles-Side,le Beziais,M,46.711426137265086,-0.710926836919251
201800001053,NonLethal,2018-12-10,18:20:00,NightNoStreetLight,850,178,No,NoIntersection,Normal,3+Vehicles-Multiple,La Raybaudière,M,46.744512933504105,-0.7442016973102791
201800001055,NonLethal,2018-02-03,00:45:00,NightNoStreetLight,850,167,Yes,NoIntersection,LightRain,NoCollision,19 rue de la Pointe,M,46.4785623873146,-0.4800458679583695
201800001056,NonLethal,2018-02-22,15:55:00,Daylight,850,92,Yes,T-type,Normal,2Vehicles-Side,Rue Georges Clémenceau,M,46.46504952188481,-0.466756318935828
201800001057,NonLethal,2018-03-23,16:50:00,Daylight,850,91,No,NoIntersection,Overcast,3+Vehicles-Multiple,,M,46.4290651708967,-0.4285185140001301
201800001058,NonLethal,2018-04-16,19:30:00,Daylight,850,126,No,T-type,Normal,2Vehicles-Side,LE GRONDARD,M,46.46835135495253,-0.4690963987338672
201800001059,NonLethal,2018-04-22,15:30:00,Daylight,850,227,No,NoIntersection,Normal,NoCollision,BONNEUIL,M,46.46067735279394,-0.4615892434142635
201800001061,NonLethal,2018-04-19,16:45:00,Daylight,850,126,No,NoIntersection,Normal,2Vehicles-BehindVehicles-Frontal,"lieu dit la ""La Cintrée""",M,46.47221198433337,-0.4730552813577986
201800001064,NonLethal,2018-09-14,16:52:00,Daylight,850,44,No,NoIntersection,Normal,2Vehicles-Behind,LE CHIRON BAUDET,M,46.41116132032676,-0.4108304545438278
201800001065,NonLethal,2018-10-27,18:20:00,TwilightOrDawn,850,80,Yes,T-type,Normal,Other,RUE DE FONTENAY,M,46.42587144333856,-0.4259001467235854
201800001066,Lethal,2018-07-11,09:50:00,Daylight,850,92,No,Roundabout,LightRain,Other,,M,46.44876562919506,-0.448053402665043
201800001068,NonLethal,2018-11-27,19:15:00,NightNoStreetLight,850,299,No,T-type,LightRain,2Vehicles-Side,,M,46.39681594941476,-0.3974882632301692
201800001069,NonLethal,2018-08-30,17:46:00,Daylight,850,113,Yes,NoIntersection,Normal,NoCollision,rue du Port Breton,M,46.72622451513775,-0.7253930207606692
201800001070,NonLethal,2018-01-12,07:45:00,NightNoStreetLight,850,152,No,NoIntersection,Normal,3+Vehicles-Multiple,CD 160 - PK 76+400,M,46.606026800062985,-0.6038333828380297
201800001071,NonLethal,2018-05-20,18:30:00,Daylight,850,112,No,X-type,Normal,2Vehicles-Behind,,M,46.56117106095258,-0.5627809232528844
201800001072,NonLethal,2018-06-13,16:10:00,Daylight,850,211,No,NoIntersection,Normal,2Vehicles-Side,Route de la Guinerie,M,46.634327422738,-0.6338780200841564
201800001074,NonLethal,2018-04-08,12:55:00,Daylight,850,112,No,NoIntersection,VeryGood,2Vehicles-BehindVehicles-Frontal,PONT DE LA GREVE,M,46.58708601214243,-0.587562051351795
201800001075,NonLethal,2018-08-13,04:00:00,NightNoStreetLight,850,298,No,NoIntersection,Normal,Other,,M,46.59514056554603,-0.5968882212022664
201800001076,NonLethal,2018-09-29,12:05:00,Daylight,850,298,No,NoIntersection,Normal,2Vehicles-Behind,LA MORTIÈRE,M,46.59193060867587,-0.592610807560965
201800001077,Lethal,2018-10-10,08:45:00,Daylight,850,218,No,NoIntersection,VeryGood,2Vehicles-Behind,MARIE-ROSE,M,46.63694512504895,-0.6345162221071544
201800001078,NonLethal,2018-10-30,02:20:00,NightNoStreetLight,850,250,No,NoIntersection,Normal,Other,LIEU-DIT LA ROGERIE,M,46.54864145013819,-0.5506625606130849
201800001079,Lethal,2018-01-19,19:40:00,NightStreelightsOn,850,83,Yes,Other,Normal,Other,Parking Magasin U,M,46.98990375871201,-0.9905513365311148
201800001080,Lethal,2018-07-27,20:50:00,TwilightOrDawn,850,83,No,NoIntersection,Normal,Other,Champoiroux,M,46.98688546225232,-0.9873699823385936
201800001081,Lethal,2018-08-28,02:00:00,NightStreelightsOn,850,163,Yes,NoIntersection,Normal,Other,quai Jean Bart,M,46.99964404466573,-0.999340949397264
201800001082,NonLethal,2018-09-27,17:50:00,Daylight,850,106,Yes,Square,Normal,2Vehicles-Side,Rue  hameau de la loire,M,46.96198350129518,-0.961034883232673
201800001083,NonLethal,2018-01-31,18:15:00,TwilightOrDawn,850,268,No,NoIntersection,LightRain,3+Vehicles-Multiple,Les Quatre Piquets,M,46.69584527996509,-0.6946999159471158
201800001085,NonLethal,2018-05-19,12:50:00,Daylight,850,70,No,NoIntersection,Normal,Other,D6,M,46.70753198145529,-0.7060325583811203
201800001086,NonLethal,2018-07-03,17:45:00,Daylight,850,71,No,NoIntersection,Normal,2Vehicles-BehindVehicles-Frontal,VILLEVERT,M,46.7601928222241,-0.7607236032886522
201800001087,NonLethal,2018-08-17,13:20:00,Daylight,850,35,Yes,NoIntersection,Normal,Other,Route de la Corniche,M,46.63870272816699,-0.6401560948907781
201800001088,NonLethal,2018-09-21,19:57:00,NightNoStreetLight,850,226,No,NoIntersection,Normal,2Vehicles-BehindVehicles-Frontal,GELINETTE,M,46.72305953411897,-0.7237803242187991
201800001089,Lethal,2018-10-20,08:15:00,Daylight,850,222,Yes,NoIntersection,Normal,2Vehicles-Side,Bd Georges Pompidou,M,46.70152112695929,-0.701477902337105
201800001090,NonLethal,2018-12-03,17:10:00,Daylight,850,222,Yes,NoIntersection,Overcast,Other,39 rue Laennec,M,46.69441862660469,-0.6955023830436681
201800001092,NonLethal,2018-12-19,08:45:00,TwilightOrDawn,850,226,Yes,Roundabout,Normal,2Vehicles-Side,Avenue de l'Isle de Riez,M,46.70995116369335,-0.7104651877166607
201800001093,NonLethal,2018-08-23,12:15:00,Daylight,330,436,No,X-type,Normal,3+Vehicles-Multiple,D651/D110E6,M,44.52317550077333,-0.5201229817674341
201800001094,NonLethal,2018-09-06,12:20:00,Daylight,330,436,No,NoIntersection,Normal,Other,RD5,M,44.5645391964909,-0.5657996693639963
201800001095,NonLethal,2018-12-06,17:45:00,NightNoStreetLight,330,498,Yes,NoIntersection,Overcast,Other,23 CHEMIN DE CALVIN,M,44.561980083169615,-0.5627970524463106
201800001096,NonLethal,2018-01-09,12:10:00,Daylight,330,51,Yes,X-type,Normal,2Vehicles-Side,Ayguemorte/Chataigniers,M,44.64778914750978,-0.6495670018549455
201800001097,NonLethal,2018-01-24,13:45:00,Daylight,330,51,Yes,NoIntersection,Normal,2Vehicles-BehindVehicles-Frontal,RD3El3 (Concerto D3ED),M,44.64014504583433,-0.642351790212294
201800001099,Lethal,2018-10-02,07:40:00,TwilightOrDawn,330,555,Yes,T-type,Other,Other,D1250/All de Regameau.,M,44.68800922338357,-0.6877865119953489
201800001100,Lethal,2018-03-06,06:00:00,NightStreelightsOn,330,51,Yes,Roundabout,Normal,Other,D3E11/Techoueyres 0+974.,M,44.6459516716027,-0.6459388761654422
201800001101,NonLethal,2018-05-19,03:15:00,NightStreelightsOn,330,51,Yes,T-type,Normal,Other,D3El2 / R. Cochet,M,44.63583814946462,-0.6368246589485457
201800001102,NonLethal,2018-10-07,21:30:00,TwilightOrDawn,330,284,Yes,NoIntersection,Normal,Other,lieu dit arnauton 62 bis,M,44.59755272442953,-0.5960617960230735
201800001103,NonLethal,2018-02-08,09:05:00,Daylight,330,555,Yes,X-type,Normal,Other,RD1250 / RD5,M,44.68988743001429,-0.692492069566629
201800001104,NonLethal,2018-08-03,11:00:00,Daylight,330,51,Yes,T-type,Normal,Other,D650 / R.de la Gare,M,44.63925268450516,-0.6389888597837463
201800001105,Lethal,2018-09-20,19:50:00,TwilightOrDawn,330,284,Yes,X-type,Normal,2Vehicles-Side,RD3/R Maréchal Leclerc.,M,44.60197912357821,-0.6025382595729566
201800001106,NonLethal,2018-02-10,19:10:00,Daylight,330,284,Yes,NoIntersection,Normal,2Vehicles-Side,R de peillin/acces propr,M,44.61468050865797,-0.6148710300602619
201800001107,NonLethal,2018-12-13,12:30:00,Daylight,330,284,No,NoIntersection,LightRain,2Vehicles-Side,RD216E2 Rte de castandet,M,44.59155406436538,-0.592538874744026
201800001108,Lethal,2018-02-02,13:00:00,Daylight,330,56,Yes,NoIntersection,Normal,Other,rue Georges MENDEL.,M,44.91056328381934,-0.9091057891454342
201800001109,NonLethal,2018-02-26,11:10:00,Daylight,330,519,Yes,Y-type,Normal,2Vehicles-Side,R Plein Soleil/R Calavet,M,44.913634160062095,-0.9132743131367488
201800001110,NonLethal,2018-05-04,17:35:00,Daylight,330,519,Yes,T-type,Normal,2Vehicles-Side,Av Boetie/Av Montaigne,M,44.9019015929858,-0.9021278100915372
201800001111,NonLethal,2018-05-23,17:15:00,Daylight,330,56,Yes,T-type,Normal,2Vehicles-Side,rue Jean MOULIN,M,44.91378441974714,-0.913544487403528
201800001112,Lethal,2018-05-27,16:00:00,Daylight,330,519,No,NoIntersection,Normal,3+Vehicles-Multiple,VC ex D1215 PR4+933 réel,M,44.89678442267357,-0.8947840510376669
201800001113,NonLethal,2018-03-06,16:15:00,Daylight,330,519,No,NoIntersection,Normal,2Vehicles-BehindVehicles-Frontal,VC (exRD1 PR4+075 réel),M,44.92878989558569,-0.927864728050552
201800001115,Lethal,2018-07-15,01:30:00,NightNoStreetLight,330,312,Yes,NoIntersection,Normal,Other,ex RD210 Rte de Macau.,M,44.96193050063761,-0.961834596006708
201800001116,NonLethal,2018-09-19,18:30:00,Daylight,330,519,No,NoIntersection,Normal,2Vehicles-Side,Avenue de Soulac,M,44.91607987878967,-0.9177148298993112
201800001117,NonLethal,2018-10-14,10:00:00,Daylight,330,56,Yes,X-type,VeryGood,Other,3 Rue de la Landille,M,44.9129835742925,-0.9133392861043714
201800001118,NonLethal,2018-10-23,13:05:00,Daylight,330,56,Yes,NoIntersection,Normal,2Vehicles-Behind,R Antoine SAINT EXUPERY,M,44.92216947674365,-0.9216687576222796
201800001120,NonLethal,2018-10-27,11:10:00,Daylight,330,56,Yes,T-type,Normal,2Vehicles-BehindVehicles-Frontal,R Rivière/R Rosa Bonheur,M,44.929998953598265,-0.9291055081047296
201800001121,NonLethal,2018-11-21,12:30:00,Daylight,330,312,Yes,NoIntersection,Normal,Other,31 AV GÉNERAL DE GAULLE,M,44.94880415188412,-0.9502532063840842
201800001122,NonLethal,2018-01-29,08:15:00,Daylight,330,273,No,T-type,LightRain,2Vehicles-Side,EX D213 / EX D107E2,M,44.833795161991645,-0.8338947210367391
201800001123,NonLethal,2018-05-13,19:30:00,Daylight,330,273,No,NoIntersection,Normal,3+Vehicles-Multiple,Ex D213 PR 18+000 reel,M,44.83091395003136,-0.831954105317536
201800001124,Lethal,2018-08-03,15:30:00,Daylight,330,422,No,NoIntersection,VeryGood,3+Vehicles-Multiple,RD 106 lieu-dit BOULAC.,M,44.81510722520634,-0.8135439798582348
201800001126,NonLethal,2018-03-09,18:30:00,Daylight,330,449,Yes,NoIntersection,Normal,2Vehicles-Side,Av CAPEYRON ex D211.,M,44.86548565852233,-0.8665694559359413
201800001129,NonLethal,2018-04-06,19:30:00,TwilightOrDawn,330,449,No,NoIntersection,Normal,NoCollision,304 av lignan (ex107E1),M,44.90645331796793,-0.9094757979883746
201800001130,NonLethal,2018-07-01,13:30:00,Daylight,330,449,Yes,NoIntersection,Normal,2Vehicles-Side,Av Montesquieu (ex RD6),M,44.89542494532152,-0.8953413823108138
201800001131,NonLethal,2018-09-13,07:15:00,TwilightOrDawn,330,449,Yes,Roundabout,Normal,Other,Ex D211 / Ex D6,M,44.90503474956168,-0.9048990633977874
201800001132,NonLethal,2018-03-10,05:15:00,TwilightOrDawn,330,449,No,Roundabout,Normal,2Vehicles-Side,Ex D1215/CheminTuilerie.,M,44.9083393780845,-0.906392403390732
201800001133,NonLethal,2018-06-13,06:45:00,TwilightOrDawn,330,449,No,NoIntersection,Normal,3+Vehicles-Multiple,Rte Lacanau (Ex RD1215).,M,44.91158530774034,-0.911333575574495
201800001134,NonLethal,2018-10-23,18:00:00,Daylight,330,449,Yes,Roundabout,Normal,2Vehicles-Side,Av Montaigne/R Capsec,M,44.89063596320511,-0.8903553073917542
201800001135,NonLethal,2018-07-11,05:50:00,NightStreelightsOff,330,449,Yes,NoIntersection,LightRain,Other,120 Rue Pierre Ramond,M,44.88383216255691,-0.8875000348115791
201800001136,NonLethal,2018-01-01,09:30:00,Daylight,330,280,No,NoIntersection,LightRain,Other,"9, lieu-dit ST AULAYE",M,45.17012786607157,-0.1684485422306511
201800001137,NonLethal,2018-03-24,06:00:00,TwilightOrDawn,330,100,No,NoIntersection,LightRain,2Vehicles-BehindVehicles-Frontal,PR5+200 réel Les Ricards,M,45.11535433590949,-0.1142212328919022
201800001138,NonLethal,2018-05-23,08:45:00,Daylight,330,101,No,X-type,Normal,2Vehicles-Side,RD137 PR 27+550 REEL,M,45.193026905850246,-0.1942322473451105