AccidentId,Gravity,Date,Hour,Light,Department,Commune,InAgglomeration,IntersectionType,Weather,CollisionType,PostalAddress,GPSCode,Latitude,Longitude
201800001140,NonLethal,2018-06-09,17:30:00,Daylight,330,47,No,X-type,Normal,2Vehicles-Side,D137/VC butte des Juins,M,45.12366937824459,-0.1223116808452506
201800001141,NonLethal,2018-11-04,16:00:00,Daylight,330,458,No,NoIntersection,Normal,2Vehicles-Side,RD 137 PR23+951 réel,M,45.16181978644762,-0.1610230471055898
201800001142,NonLethal,2018-01-23,06:23:00,NightStreelightsOn,330,67,No,T-type,FogOrSmoke,2Vehicles-Side,RD669 / VC La Grange,M,45.040491771381554,-0.0399019389610936
201800001143,NonLethal,2018-03-02,17:30:00,Daylight,330,341,No,NoIntersection,Overcast,2Vehicles-BehindVehicles-Frontal,D137 - PR 10+690 réel,M,45.08283752007518,-0.0852576498076344
201800001144,Lethal,2018-05-03,01:00:00,NightNoStreetLight,330,67,No,NoIntersection,Normal,Other,Ld Noriou PR9+135 réel,M,45.0506219037987,-0.0511149964156297
201800001145,NonLethal,2018-03-14,15:05:00,Daylight,330,341,Yes,Roundabout,Overcast,2Vehicles-Side,D137/D249,M,45.07610296792792,-0.0762844606070749
201800001146,Lethal,2018-03-16,17:00:00,Daylight,330,525,No,NoIntersection,LightRain,2Vehicles-BehindVehicles-Frontal,RD137 PR7+490 réel.,M,45.05988770943537,-0.0597770053955512
201800001147,NonLethal,2018-04-21,13:25:00,Daylight,330,67,Yes,T-type,Normal,2Vehicles-Behind,RD669/VC Rue Jeantet,M,45.041259762499976,-0.0396989024085236
201800001148,NonLethal,2018-05-02,19:40:00,Daylight,330,341,No,T-type,LightRain,2Vehicles-BehindVehicles-Frontal,D137 PR8+570réel/VC,M,45.0681688581741,-0.0669597605791802
201800001149,NonLethal,2018-05-02,21:26:00,NightNoStreetLight,330,370,No,NoIntersection,LightRain,Other,RD134,M,45.19029383633847,-0.1901571125938363
201800001150,NonLethal,2018-07-27,17:40:00,Daylight,330,341,No,T-type,Normal,2Vehicles-Side,RD137 PR10+720 réel,M,45.08488580314452,-0.0828656989223443
201800001151,NonLethal,2018-09-21,20:17:00,TwilightOrDawn,330,100,No,T-type,Normal,2Vehicles-BehindVehicles-Frontal,D937/LA TAILLIVE OUEST,M,45.126412197734616,-0.1259847462703757
201800001152,Lethal,2018-05-20,20:30:00,Daylight,330,389,No,NoIntersection,Normal,Other,LIEU-DIT LES BERTETS.,M,45.28081081773734,-0.2843916519346086
201800001153,NonLethal,2018-05-17,08:20:00,Daylight,330,3,Yes,NoIntersection,Normal,2Vehicles-Side,13 AVENUE DE JOURDANE.,M,44.93816425422016,-0.9378850175886484
201800001154,NonLethal,2018-06-30,11:55:00,Daylight,330,3,No,X-type,Normal,2Vehicles-Side,EX RD257/AV. BEAUVAIS,M,44.9607764984367,-0.9600776450029516
201800001155,NonLethal,2018-06-30,18:45:00,Daylight,330,3,Yes,X-type,Normal,2Vehicles-BehindVehicles-Frontal,CLEMENCEAU/C DES JAUGUES,M,44.94067776421388,-0.939833802476054
201800001156,NonLethal,2018-07-01,22:10:00,NightNoStreetLight,330,3,No,NoIntersection,LightRain,2Vehicles-BehindVehicles-Frontal,avenue de jourdane,M,44.93946215428236,-0.9398604571950548
201800001157,NonLethal,2018-08-15,05:45:00,NightStreelightsOn,330,3,Yes,NoIntersection,Normal,Other,18 Avenue de Jourdane,M,44.93353936944049,-0.9342420060732518
201800001158,NonLethal,2018-11-17,18:15:00,NightNoStreetLight,330,487,No,NoIntersection,LightRain,Other,Av béraud 44+500 réel,M,44.984663197159165,-0.9824206832204117
201800001160,NonLethal,2018-01-14,04:10:00,NightNoStreetLight,330,49,No,NoIntersection,Normal,2Vehicles-Behind,RN89 PR38 REEL.,M,44.88042596001556,-0.8809990897292708
201800001161,NonLethal,2018-01-23,19:20:00,NightStreelightsOn,330,554,Yes,NoIntersection,Other,Other,AVENUE DES TABERNOTTES.,M,44.873407013701765,-0.8731486907887209
201800001162,NonLethal,2018-04-27,19:00:00,Daylight,330,397,Yes,Roundabout,Normal,2Vehicles-Side,Bret sortie 43 A10/RD911,M,44.909637794937886,-0.9076219449049188
201800001163,NonLethal,2018-05-28,12:20:00,Daylight,330,554,No,NoIntersection,Normal,Other,RN89 PR 46+330 réel,M,44.8691005925816,-0.8684494029786252
201800001168,NonLethal,2018-12-21,19:15:00,NightNoStreetLight,330,397,Yes,Other,LightRain,Other,Avenue de l'Aquitaine,M,44.90914536222869,-0.9074197721602716
201800001169,NonLethal,2018-12-28,14:50:00,Daylight,330,49,Yes,NoIntersection,Normal,2Vehicles-BehindVehicles-Frontal,17 Rte petit conseiller,M,44.87806108575244,-0.8781465454410501
201800001171,Lethal,2018-02-19,09:40:00,Daylight,330,454,No,NoIntersection,Normal,Other,D22OE1 PR1+425 réel.,M,44.653487144339024,-0.6548297603308583
201800001172,NonLethal,2018-06-22,06:05:00,TwilightOrDawn,330,213,Yes,T-type,Normal,2Vehicles-Side,D109E7 0+680 /VCArnahurt,M,44.68784868062859,-0.6889027839730844
201800001173,NonLethal,2018-08-02,00:01:00,NightNoStreetLight,330,238,No,NoIntersection,Normal,Other,Avenue de Bayonne,M,44.743541380980616,-0.7456716692893056
201800001174,NonLethal,2018-05-04,07:55:00,Daylight,330,496,Yes,NoIntersection,Normal,2Vehicles-Behind,RD 936 PR13+468 réel,M,44.832762069062,-0.8319422687850992
201800001177,NonLethal,2018-11-02,13:45:00,Daylight,330,165,No,NoIntersection,Normal,2Vehicles-Side,118 av l'entre de mers,M,44.82540265447718,-0.8261099624693001
201800001178,NonLethal,2018-01-04,20:00:00,NightNoStreetLight,330,274,No,T-type,HeavyRain,2Vehicles-Side,RD111/ALLEE PASTEUR,M,44.71445693840119,-0.7126663817848983
201800001179,NonLethal,2018-01-12,08:00:00,TwilightOrDawn,330,274,Yes,NoIntersection,LightRain,3+Vehicles-Multiple,route de tout vent,M,44.71126266851317,-0.7117356793292755
201800001180,NonLethal,2018-01-25,13:50:00,Daylight,330,274,No,NoIntersection,HeavyRain,3+Vehicles-Multiple,D109 Av de Montesquieu,M,44.71693554847848,-0.7163779470925362
201800001182,Lethal,2018-01-04,21:45:00,NightNoStreetLight,330,501,No,NoIntersection,Normal,2Vehicles-Behind,RD651 PR11+900 réel,M,44.6888456744697,-0.6884900992285466
201800001184,NonLethal,2018-04-15,23:10:00,NightNoStreetLight,330,501,No,T-type,Normal,Other,D651 19+485/D116 PR0,M,44.62355081837883,-0.6238367438117265
201800001185,NonLethal,2018-06-14,14:20:00,Daylight,330,238,Yes,NoIntersection,Normal,2Vehicles-Side,D65l PR7+245 réel,M,44.72756793202839,-0.7281227856058332
201800001187,Lethal,2018-02-09,02:30:00,NightStreelightsOff,330,501,Yes,X-type,Normal,Other,RD211 55+318/VC EGLISE,M,44.65263308013763,-0.6535325109389948
201800001188,NonLethal,2018-08-31,13:20:00,Daylight,330,80,Yes,NoIntersection,Normal,2Vehicles-BehindVehicles-Frontal,RD111 PR33+710 REEL.,M,44.75344347006837,-0.7529026080239449
201800001190,NonLethal,2018-09-30,13:15:00,Daylight,330,80,No,NoIntersection,Normal,Other,RD1113 PR63+880 réel,M,44.75790057074648,-0.7584992781251922
201800001191,Lethal,2018-02-11,08:15:00,Daylight,330,238,No,NoIntersection,FogOrSmoke,3+Vehicles-Multiple,D109. PR8+494,M,44.72032506464439,-0.7194960866019029
201800001193,NonLethal,2018-02-25,05:00:00,NightNoStreetLight,330,183,No,NoIntersection,Normal,2Vehicles-Behind,RN 10,M,45.04723546523829,-0.0465827033352585
201800001194,NonLethal,2018-03-02,16:30:00,Daylight,330,143,No,X-type,Normal,2Vehicles-Side,D1010/VC R des Terrasses,M,44.96818602656883,-0.9667673999614206
201800001196,NonLethal,2018-03-24,05:45:00,NightNoStreetLight,330,366,No,T-type,LightRain,2Vehicles-Behind,RD137/VC Ch Hippodrome,M,45.01129170704529,-0.0112880753187208
201800001197,NonLethal,2018-02-06,02:00:00,NightNoStreetLight,330,425,No,T-type,Normal,2Vehicles-Side,D137 / D737,M,45.049601831485546,-0.0488446185147252
201800001198,NonLethal,2018-08-06,19:20:00,Daylight,330,366,No,X-type,Normal,2Vehicles-Side,D670/Ch.Rousse 3+485 ree,M,44.9841524586507,-0.9826956457843348
201800001199,NonLethal,2018-06-24,01:30:00,NightNoStreetLight,330,183,No,NoIntersection,Normal,Other,RD248 PR7+500 reel,M,45.0315751145588,-0.0322760628926184
201800001200,NonLethal,2018-06-30,15:25:00,Daylight,330,321,No,X-type,Normal,Other,Lieu dit le Roux D242/C1,M,45.05717639310848,-0.0566499788136317
201800001201,NonLethal,2018-09-13,17:00:00,Daylight,330,321,No,T-type,Normal,2Vehicles-Side,les grands champs,M,45.045218062448505,-0.0445232486691098
201800001202,NonLethal,2018-09-27,16:50:00,Daylight,330,425,No,T-type,Normal,2Vehicles-Side,intersection D137 / D737,M,45.048601369164906,-0.0494542163087453
201800001203,NonLethal,2018-10-27,08:40:00,Daylight,330,415,Yes,T-type,Normal,2Vehicles-BehindVehicles-Frontal,RD 669/VC Pont Neuf,M,45.01379045492732,-0.01084522639919
201800001204,NonLethal,2018-12-01,15:45:00,Daylight,330,366,No,Y-type,LightRain,2Vehicles-Side,RD115/RD115E3,M,45.01022061907153,-0.0112794321702739
201800001205,NonLethal,2018-01-26,08:05:00,Daylight,330,227,Yes,T-type,Normal,Other,Bd.F.Mauriac / Acces HLM,M,44.54852922829207,-0.5493336000659619
201800001206,Lethal,2018-02-16,12:30:00,Daylight,330,533,Yes,NoIntersection,Normal,2Vehicles-Behind,D1113 PR28+330 réel.,M,44.5574195023164,-0.5578720330599708
201800001208,Lethal,2018-08-03,16:35:00,Daylight,330,457,No,NoIntersection,Normal,Other,Route du bas.,M,44.56195101279015,-0.5577989828632871
201800001209,NonLethal,2018-07-05,23:55:00,NightStreelightsOn,330,463,Yes,NoIntersection,Normal,Other,D1113PR22+315 124liberat,M,44.57278789928177,-0.5698781048775854
201800001210,NonLethal,2018-06-29,16:30:00,Daylight,330,111,Yes,NoIntersection,Normal,2Vehicles-Side,RD 1113 PR18+144 réel,M,44.58125047797561,-0.5818481820588309
201800001211,NonLethal,2018-06-30,01:15:00,NightNoStreetLight,330,444,No,NoIntersection,Normal,2Vehicles-BehindVehicles-Frontal,RD1113 PR2O+63O réel,M,44.57465823885153,-0.5754195847914538
201800001212,NonLethal,2018-02-07,11:45:00,Daylight,330,227,Yes,Roundabout,Normal,Other,avenue de la République,M,44.54592937631686,-0.5455763440182062
201800001213,NonLethal,2018-04-09,18:50:00,Daylight,330,227,No,NoIntersection,Normal,2Vehicles-Side,D 10,M,44.53678099243574,-0.5388722172252915
201800001214,Lethal,2018-09-18,09:45:00,Daylight,330,457,No,NoIntersection,Normal,Other,CV 5 Martinon.,M,44.54539030862866,-0.5465004346205485
201800001215,Lethal,2018-07-12,11:50:00,Daylight,330,227,Yes,NoIntersection,Normal,Other,RD125 E3 PR6+000 réel,M,44.5529972809877,-0.5521203451111847
201800001216,NonLethal,2018-01-18,09:10:00,Daylight,330,240,Yes,LevelCrossing,HeavyRain,2Vehicles-Side,D1215/PN PR60+896 réel,M,45.292442582263966,-0.2931558481059364
201800001217,NonLethal,2018-03-04,06:00:00,NightNoStreetLight,330,240,No,NoIntersection,HeavyRain,Other,D3,M,45.31099588025396,-0.3115706272871181
201800001218,NonLethal,2018-03-15,21:00:00,NightNoStreetLight,330,240,No,X-type,LightRain,2Vehicles-BehindVehicles-Frontal,D1215/VC206 PR59+590réel,M,45.29516377085721,-0.2958137331261663
201800001219,Lethal,2018-04-25,17:40:00,Daylight,330,177,No,X-type,Normal,2Vehicles-Side,D3 14+26O/VC Cascade.,M,45.290376168306,-0.2876390749777751
201800001221,NonLethal,2018-06-22,04:40:00,NightNoStreetLight,330,177,No,NoIntersection,Normal,NoCollision,D1215 bois du fil 67+200,M,45.33492340593027,-0.3341735988524508
201800001223,NonLethal,2018-01-09,08:30:00,Daylight,330,417,Yes,X-type,Normal,Other,RD6E3 / RD5.,M,44.96547041339634,-0.9646859693861036
201800001224,NonLethal,2018-01-20,03:00:00,NightNoStreetLight,330,417,No,X-type,LightRain,2Vehicles-BehindVehicles-Frontal,D6/VC.Etang LEVADE-Piste,M,44.97410129992622,-0.9729356982175048
201800001225,Lethal,2018-02-20,18:50:00,NightNoStreetLight,330,417,No,NoIntersection,Normal,Other,RD104 PR30+150 réel.,M,44.99517203986642,-0.9940280656306048
201800001226,NonLethal,2018-05-18,15:10:00,Daylight,330,494,No,X-type,Normal,2Vehicles-Side,D801 / VC Ch. Gravette,M,44.94799767400036,-0.9473978197754516
201800001227,NonLethal,2018-02-09,18:05:00,Daylight,330,494,No,NoIntersection,Normal,3+Vehicles-Chain,15 route de Lacanau,M,44.93892687868514,-0.9395076621949304
201800001229,NonLethal,2018-05-12,07:40:00,TwilightOrDawn,330,22,No,NoIntersection,Overcast,2Vehicles-BehindVehicles-Frontal,D1215E1,M,45.00076143547851,-0.0008213193382854
201800001230,NonLethal,2018-01-14,14:00:00,Daylight,330,322,No,NoIntersection,Normal,Other,Allée ST SEURIN,M,44.964940410848506,-0.9631685833665302
201800001231,NonLethal,2018-01-18,11:35:00,Daylight,330,517,No,X-type,LightRain,2Vehicles-Side,route départementale 2,M,45.04743801463169,-0.0483541000020492
201800001232,NonLethal,2018-01-27,14:00:00,Daylight,330,12,No,NoIntersection,Normal,Other,avenue de l'esclause,M,44.98402166014177,-0.9838011267182823
201800001234,NonLethal,2018-04-22,18:14:00,Daylight,330,256,No,NoIntersection,Normal,Other,D209 PR5+850 réel,M,44.99286597625308,-0.9928152795660804
201800001235,NonLethal,2018-04-24,07:55:00,Daylight,330,10,No,NoIntersection,Normal,2Vehicles-BehindVehicles-Frontal,RD2 PR58+565 réel,M,45.08194395098549,-0.0804630661379382
201800001236,NonLethal,2018-04-26,16:00:00,Daylight,330,12,No,NoIntersection,Normal,NoCollision,avenue de lesclause,M,44.985507621789,-0.9856384719215696
201800001237,NonLethal,2018-05-28,16:31:00,Daylight,330,256,Yes,T-type,Normal,2Vehicles-Side,D210E1/RD209,M,44.98647632002177,-0.9859610722595806
201800001238,NonLethal,2018-06-22,18:20:00,Daylight,330,12,No,NoIntersection,Normal,3+Vehicles-Chain,D1 PR9+200réel,M,44.963964218309286,-0.9640050869842844
201800001239,NonLethal,2018-07-04,14:20:00,Daylight,330,256,No,X-type,Normal,3+Vehicles-Multiple,D2 74+293/VC Hertig,M,44.986230996231065,-0.9852659274377866
201800001240,NonLethal,2018-07-21,17:05:00,Daylight,330,322,Yes,X-type,Normal,2Vehicles-Side,R GIRAUDOUX/CH POUJEAU,M,44.949281547594815,-0.94803953553833
201800001241,NonLethal,2018-08-17,14:45:00,Daylight,330,322,No,NoIntersection,Normal,2Vehicles-Side,ALLÉE SAINT-SEURIN,M,44.96399960855271,-0.9643772922907656
201800001242,NonLethal,2018-08-27,07:00:00,TwilightOrDawn,330,12,No,NoIntersection,Normal,2Vehicles-Behind,D1215E1 7+900 REEL,M,44.98291592725474,-0.9841420144850188
201800001244,NonLethal,2018-09-13,22:00:00,NightNoStreetLight,330,322,Yes,T-type,Normal,2Vehicles-Side,D2 / R.Usine,M,44.95646025058498,-0.956871656337556
201800001245,NonLethal,2018-10-03,15:30:00,Daylight,330,91,No,NoIntersection,Normal,Other,route départementale 2,M,45.02659804775508,-0.0260045709142516
201800001246,NonLethal,2018-10-14,14:20:00,Daylight,330,256,Yes,NoIntersection,Normal,NoCollision,9 rue du 8 mai 1945,M,44.984824021577694,-0.9854240842311588
201800001248,NonLethal,2018-11-05,08:55:00,Daylight,330,256,Yes,LevelCrossing,VeryGood,2Vehicles-Side,Av Hertig/Voie ferrée,M,44.984599031609605,-0.9840605851432264
201800001249,NonLethal,2018-12-05,20:40:00,NightNoStreetLight,330,322,Yes,NoIntersection,HeavyRain,2Vehicles-Behind,1123 Route de SOULAC,M,44.95486486996177,-0.9542897502471732
201800001250,NonLethal,2018-12-13,07:00:00,NightNoStreetLight,330,256,No,X-type,Normal,2Vehicles-Side,RD2/Ch de coudannes,M,44.98483913070718,-0.985839550279238
201800001251,NonLethal,2018-12-26,18:15:00,NightNoStreetLight,330,256,No,NoIntersection,Normal,2Vehicles-BehindVehicles-Frontal,route de pauillac,M,44.98857256205814,-0.9894713007124792
201800001252,NonLethal,2018-09-02,03:40:00,NightStreelightsOn,330,243,Yes,NoIntersection,Normal,Other,50 quai du priourat,M,44.90770743283798,-0.9087432841871116
201800001253,NonLethal,2018-03-15,13:45:00,Daylight,330,328,No,NoIntersection,Normal,2Vehicles-BehindVehicles-Frontal,08 r de Périgueux 24+330,M,44.93313228792002,-0.9317278424567832
201800001255,NonLethal,2018-04-12,19:15:00,Daylight,330,243,Yes,T-type,Normal,2Vehicles-Side,R.MONTESQUIEU / R.ORBE,M,44.91767018023536,-0.915443418486652
201800001256,NonLethal,2018-04-14,04:00:00,NightNoStreetLight,330,539,No,NoIntersection,LightRain,Other,RD2089 PR34+020 reel,M,44.88132136010954,-0.8817579617233751
201800001258,NonLethal,2018-06-21,06:50:00,TwilightOrDawn,330,15,No,NoIntersection,Normal,3+Vehicles-Multiple,D2089 PR30+735 réel,M,44.89364475813753,-0.8927192810156124
201800001260,NonLethal,2018-10-10,21:15:00,NightStreelightsOn,330,243,No,Roundabout,Normal,Other,D1089 / D121E4.,M,44.931846417945714,-0.9332199086731776
201800001261,NonLethal,2018-02-11,22:20:00,NightStreelightsOn,330,243,No,Roundabout,Normal,Other,RD1089/RD121E4,M,44.9310088448764,-0.9311465612546
201800001262,NonLethal,2018-11-03,23:15:00,NightStreelightsOn,330,243,Yes,Roundabout,Normal,Other,AVENUE GEORGES POMPIDOU,M,44.94525391325595,-0.9477824101033996
201800001263,NonLethal,2018-11-09,04:50:00,NightStreelightsOn,330,243,Yes,Roundabout,LightRain,Other,113 av Général De Gaulle,M,44.903119490561416,-0.9028941045472444
201800001265,NonLethal,2018-10-01,20:15:00,NightStreelightsOn,330,393,Yes,NoIntersection,Overcast,2Vehicles-Behind,13 route de Guitres.,M,44.9971237027768,-0.998761047006416
201800001266,NonLethal,2018-03-29,20:50:00,NightNoStreetLight,330,218,No,X-type,Normal,3+Vehicles-Chain,D910/D133,M,45.07347475295689,-0.0740869462488907
201800001267,NonLethal,2018-05-21,04:05:00,NightNoStreetLight,330,230,No,NoIntersection,Normal,Other,RD247 PR0+700 réel,M,45.08972181618741,-0.0914854464892768
201800001268,NonLethal,2018-06-18,16:00:00,Daylight,330,393,No,T-type,Normal,2Vehicles-Side,D674 22+330/VC de Robert,M,44.98763466041416,-0.9876181538599724
201800001269,Lethal,2018-06-26,14:55:00,Daylight,330,393,No,NoIntersection,Normal,2Vehicles-BehindVehicles-Frontal,RD 1089 PR15+360 réel.,M,44.98713754756961,-0.9885223307601942
201800001270,Lethal,2018-08-11,06:45:00,TwilightOrDawn,330,230,No,NoIntersection,Normal,Other,RD247E1 PR2+630 réel,M,45.111176329425305,-0.1098213550378082
201800001272,NonLethal,2018-06-11,12:18:00,Daylight,330,393,Yes,X-type,LightRain,2Vehicles-Side,D674 / D9l0E3,M,44.995528417240266,-0.9933589326215856
201800001273,NonLethal,2018-10-01,10:30:00,Daylight,330,402,Yes,T-type,LightRain,2Vehicles-Side,RD936E6/Imp.Gratiolet,M,44.83947587592442,2.8382919726557816
201800001274,Lethal,2018-05-23,23:15:00,NightStreelightsOn,330,269,Yes,T-type,Normal,Other,D708PR9+505/D708E3.,M,44.76406211253181,2.763929478721713
201800001275,NonLethal,2018-09-28,00:30:00,NightNoStreetLight,330,369,No,NoIntersection,Normal,Other,4 lieu dit chaternaud,M,44.811290378991686,2.8133856127734163
201800001278,Lethal,2018-06-08,14:40:00,Daylight,330,179,No,X-type,Normal,2Vehicles-Side,D138 6+737/D120 14+825.,M,44.99830067073469,-0.995744907264618
201800001280,NonLethal,2018-06-15,23:40:00,NightNoStreetLight,330,174,No,NoIntersection,Normal,Other,D670 PR 19+350 réel,M,44.91763851114572,-0.9165759672427976
201800001281,NonLethal,2018-07-23,15:20:00,Daylight,330,174,No,NoIntersection,Normal,3+Vehicles-Multiple,RD670,M,44.91955245227673,-0.9222319913757048
201800001283,NonLethal,2018-11-21,09:30:00,Daylight,330,364,No,NoIntersection,Normal,Other,les struliez,M,44.95783781038268,-0.9571863601259794
201800001284,NonLethal,2018-12-10,16:45:00,Daylight,330,259,No,NoIntersection,Normal,NoCollision,D138,M,44.9581463469852,-0.9604912821396606
201800001285,Lethal,2018-02-13,16:15:00,Daylight,240,497,No,NoIntersection,Other,Other,LIEU-DIT LA MARGOT,M,44.67957849058557,7.679039805147735
201800001286,Lethal,2018-02-22,09:15:00,Daylight,240,244,No,X-type,Normal,2Vehicles-Side,peyroulier,M,44.70881136418852,8.707498216025918
201800001287,NonLethal,2018-03-25,13:35:00,Daylight,240,28,No,NoIntersection,LightRain,2Vehicles-BehindVehicles-Frontal,D660,M,44.775917508642266,7.776564528418936
201800001288,NonLethal,2018-10-13,20:25:00,NightStreelightsOn,240,68,Yes,NoIntersection,Normal,2Vehicles-BehindVehicles-Frontal,9 rue François Meulet,M,44.84142383358002,9.844313867489182
201800001290,NonLethal,2018-08-19,10:10:00,Daylight,240,318,No,NoIntersection,Normal,NoCollision,le moulin de leyrat,M,44.885840350186974,8.888447892620386
201800001291,NonLethal,2018-10-12,16:30:00,Daylight,240,362,No,X-type,Normal,2Vehicles-Side,Montferrier,M,44.99014414815971,8.990308030563991
201800001292,NonLethal,2018-11-20,20:00:00,NightStreelightsOn,240,382,Yes,NoIntersection,Normal,Other,Le bourg CD660,M,44.84185495888068,6.84207701798329
201800001294,NonLethal,2018-02-12,07:00:00,NightNoStreetLight,400,283,No,NoIntersection,LightRain,2Vehicles-BehindVehicles-Frontal,CD 129 avenue du 19 mars,M,43.72028465298964,-0.7207867122841373
201800001295,Lethal,2018-07-07,20:00:00,Daylight,400,314,No,NoIntersection,Normal,Other,CD 6 - route de l'etoile,M,43.67322312154653,-0.6716706291127796
201800001297,Lethal,2018-01-02,17:45:00,NightStreelightsOff,400,184,Yes,NoIntersection,HeavyRain,Other,avenue de vigon,M,44.21021952823113,-0.2108424282115906
201800001299,NonLethal,2018-08-04,02:00:00,NightStreelightsOn,400,184,Yes,Y-type,LightRain,Other,avenue de bordeaux - D62,M,44.20587242451495,-0.2050988090785435
201800001300,NonLethal,2018-11-11,03:15:00,NightNoStreetLight,400,184,No,NoIntersection,LightRain,Other,d 87,M,44.22339631047225,-0.2247589390136203
201800001301,NonLethal,2018-08-05,17:20:00,Daylight,470,157,Yes,NoIntersection,Normal,Other,129 AVENUE JEAN JAURÈS,M,44.50474230919474,1.506952392081676
201800001302,NonLethal,2018-03-06,17:45:00,Daylight,470,157,Yes,NoIntersection,Normal,2Vehicles-Behind,AVENUE JEAN JAURES,M,44.506334600112325,1.506142018720729
201800001303,NonLethal,2018-07-20,10:35:00,Daylight,470,157,No,X-type,Normal,2Vehicles-Side,LD ROY SUD,M,44.53676776464853,2.533839256761469
201800001304,NonLethal,2018-07-20,18:05:00,Daylight,470,326,No,T-type,Normal,2Vehicles-Side,"CD 933/267, ""MEYSSAN""",M,44.50058148963785,2.5028680179839937
201800001305,Lethal,2018-07-08,08:00:00,Daylight,470,263,No,T-type,Normal,2Vehicles-BehindVehicles-Frontal,LIEU DIT   LES BARLAQUES,M,44.47828208799272,2.477283480449437
201800001306,NonLethal,2018-08-17,19:15:00,Daylight,470,150,No,T-type,Normal,2Vehicles-Side,LE BOURG,M,44.46323706515351,2.4635338903555226
201800001307,NonLethal,2018-09-01,14:10:00,Daylight,470,24,No,NoIntersection,Normal,2Vehicles-Behind,ROUTE DU LAC,M,44.52320045227187,1.5227837878327897
201800001309,NonLethal,2018-10-12,20:00:00,NightNoStreetLight,470,326,No,NoIntersection,Normal,2Vehicles-Behind,LD LESCURE,M,44.50222415044049,2.5015650747597693
201800001310,Lethal,2018-11-23,16:15:00,Daylight,470,28,No,X-type,Normal,3+Vehicles-Multiple,Lieu dit Bourrut,M,44.48141768601209,2.480663273057426
201800001311,NonLethal,2018-12-07,22:50:00,NightNoStreetLight,470,24,No,NoIntersection,Normal,2Vehicles-BehindVehicles-Frontal,CD 708 - Ld moulin à ven,M,44.53134712090761,1.530640271996518
201800001312,NonLethal,2018-09-12,15:10:00,Daylight,470,150,No,NoIntersection,Normal,2Vehicles-Behind,Lieu dit sacriste,M,44.46202286183081,2.462248148712774
201800001313,Lethal,2018-08-30,17:45:00,Daylight,470,292,No,NoIntersection,Normal,Other,fourcayrenque,M,44.58469158096629,1.5847617921267927
201800001314,NonLethal,2018-05-03,20:25:00,NightNoStreetLight,640,230,No,NoIntersection,LightRain,Other,RN134,M,43.177312340242494,-0.1768260005610037
201800001316,NonLethal,2018-10-12,09:40:00,Daylight,640,230,Yes,NoIntersection,Normal,Other,ROUTE DE GELOS,M,43.23276092563517,-0.233070114197825
201800001317,NonLethal,2018-10-13,17:20:00,Daylight,640,324,No,NoIntersection,Normal,2Vehicles-BehindVehicles-Frontal,D24,M,43.20776393472006,-0.2071590959865841
201800001319,NonLethal,2018-03-08,17:30:00,Daylight,640,304,Yes,NoIntersection,Normal,2Vehicles-Behind,1724 ROUTE DE L'ADOUR,M,43.49655721940371,-0.4949503262644992
201800001321,NonLethal,2018-11-29,17:55:00,NightStreelightsOn,640,540,Yes,NoIntersection,HeavyRain,2Vehicles-Side,,M,43.48549651883965,-0.4852267356716129
201800001322,NonLethal,2018-08-12,18:34:00,NightStreelightsOn,640,407,Yes,Roundabout,Normal,Other,AVENUE DU PORTOU,M,43.48327629697378,-0.4821299096948845
201800001323,NonLethal,2018-01-08,13:25:00,Daylight,640,422,Yes,Roundabout,Normal,Other,AVENUE ALEXANDRE FLEMING,M,43.19523837123256,-0.1958222032115314
201800001324,NonLethal,2018-03-28,11:00:00,Daylight,640,422,Yes,NoIntersection,Normal,Other,11 RUE LOUIS BARTHOU,M,43.191479929706574,-0.1912448889949742
201800001325,NonLethal,2018-03-29,17:00:00,Daylight,640,422,Yes,Other,LightRain,Other,AV FRANCOIS MITTERANT,M,43.18373902846592,-0.1853926908077128
201800001326,NonLethal,2018-04-09,10:15:00,Daylight,640,220,Yes,X-type,Normal,2Vehicles-Side,AVENUE DE PYRENEES,M,43.210736166158256,-0.209439727225373
201800001329,NonLethal,2018-08-12,11:30:00,Daylight,640,165,No,NoIntersection,Normal,NoCollision,RD 9,M,43.2533565971236,-0.2537240021691689
201800001330,NonLethal,2018-08-17,16:30:00,Daylight,640,409,Yes,NoIntersection,Other,Other,RUE GUITTE,M,43.21448019016138,-0.2116377379112486
201800001331,NonLethal,2018-04-09,09:30:00,Daylight,640,64,No,NoIntersection,Normal,2Vehicles-BehindVehicles-Frontal,D918,M,43.10710785676879,-0.1074203119978718
201800001332,Lethal,2018-09-11,19:00:00,Daylight,640,409,Yes,NoIntersection,Normal,Other,RUE GUITTE,M,43.21195575182713,-0.2110065667940135
201800001333,NonLethal,2018-09-14,14:00:00,Daylight,640,422,Yes,NoIntersection,Normal,Other,BOULEVARD FRANCOIS MITTE,M,43.18587771066688,-0.1847872206893177
201800001334,NonLethal,2018-09-21,09:15:00,Daylight,640,422,Yes,NoIntersection,Normal,Other,11 PLACE SAINT PIERRE,M,43.19049171381795,-0.1897366506352758