AccidentId,Gravity,Date,Hour,Light,Department,Commune,InAgglomeration,IntersectionType,Weather,CollisionType,PostalAddress,GPSCode,Latitude,Longitude
201800001336,NonLethal,2018-11-18,00:10:00,NightNoStreetLight,640,252,Yes,NoIntersection,Normal,2Vehicles-BehindVehicles-Frontal,route du somport,M,43.16901767651486,-0.1687972830352387
201800001337,NonLethal,2018-03-23,12:40:00,Daylight,640,430,Yes,NoIntersection,Normal,2Vehicles-Behind,CHEMIN DES MARMONTS,M,43.47053232892672,-0.469650481512784
201800001338,NonLethal,2018-05-16,18:50:00,Daylight,640,430,Yes,Y-type,Normal,Other,RUE DU MOULIN,M,43.48666701374514,-0.4861711552748886
201800001339,NonLethal,2018-03-08,14:00:00,Daylight,640,430,No,NoIntersection,Normal,3+Vehicles-Multiple,ROUTE DE BAYONNE,M,43.48718248403646,-0.4883810455197509
201800001340,NonLethal,2018-09-22,15:30:00,Daylight,640,430,No,NoIntersection,Normal,NoCollision,CD 817,M,43.48759208045797,-0.4862282246186196
201800001341,NonLethal,2018-04-10,09:00:00,Daylight,640,430,Yes,T-type,FogOrSmoke,2Vehicles-Side,RD 817,M,43.48107970288781,-0.478547544849989
201800001342,NonLethal,2018-04-26,18:45:00,Daylight,860,115,No,NoIntersection,Normal,Other,D 20,M,46.6996374281902,3.699191993732307
201800001343,NonLethal,2018-11-07,07:55:00,Daylight,860,222,No,NoIntersection,VeryGood,3+Vehicles-Multiple,RD  20C,M,46.66491187874766,3.6631340849144207
201800001344,NonLethal,2018-11-10,16:20:00,Daylight,860,163,Yes,NoIntersection,Normal,Other,6 rue de l'église,M,46.62135370774301,4.62224390172016
201800001345,NonLethal,2018-12-08,10:40:00,Daylight,860,222,Yes,T-type,Normal,2Vehicles-Side,D.4,M,46.68024447944202,4.677993471931861
201800001346,NonLethal,2018-12-16,11:30:00,Daylight,860,62,No,NoIntersection,Overcast,2Vehicles-BehindVehicles-Frontal,ROUTE DE PARIS D910,M,46.65841400111644,3.657852140229237
201800001347,NonLethal,2018-04-02,02:00:00,NightNoStreetLight,860,137,No,NoIntersection,Normal,Other,RD759 pk15+700,M,46.9926052789208,3.994306435603588
201800001349,NonLethal,2018-06-30,15:45:00,Daylight,860,49,No,NoIntersection,Normal,2Vehicles-Behind,D  347,M,46.974434569113015,9.974138064657511
201800001351,NonLethal,2018-10-14,13:00:00,Daylight,860,274,No,NoIntersection,Normal,Other,D39,M,47.05898970855103,1.057620493418613
201800001352,NonLethal,2018-05-11,11:50:00,Daylight,860,137,Yes,X-type,Normal,2Vehicles-Side,rue des Roches,M,47.01371143056737,9.014678893838738
201800001354,NonLethal,2018-01-07,16:05:00,Daylight,860,134,No,NoIntersection,Normal,Other,PK105 - RN  10,M,46.17401783436927,1.1747233394127887
201800001356,NonLethal,2018-07-22,04:10:00,NightNoStreetLight,860,61,No,NoIntersection,Normal,Other,RD148,M,46.13433183130217,4.134287654072522
201800001357,NonLethal,2018-08-08,22:55:00,NightNoStreetLight,860,12,No,NoIntersection,Normal,NoCollision,vielles   metives,M,46.10342771435418,4.104020653053897
201800001358,NonLethal,2018-09-03,13:30:00,Daylight,860,266,Yes,NoIntersection,Normal,2Vehicles-BehindVehicles-Frontal,rue de la Tour,M,46.07586883058499,3.0760020365131604
201800001359,NonLethal,2018-10-18,11:30:00,Daylight,860,119,Yes,NoIntersection,Normal,Other,rd 727,M,46.22690018600564,4.227385263137108
201800001360,NonLethal,2018-01-22,08:10:00,TwilightOrDawn,160,199,Yes,NoIntersection,LightRain,Other,rue Victor Hugo,M,45.66481174453244,2.663342926218401
201800001361,NonLethal,2018-01-24,13:20:00,Daylight,160,78,No,NoIntersection,Normal,2Vehicles-BehindVehicles-Frontal,rue du mauvais pas,M,45.69272530142572,1.693343007418774
201800001362,NonLethal,2018-04-20,13:15:00,Daylight,160,146,No,NoIntersection,Normal,NoCollision,,M,45.62120087422154,2.6203674332079143
201800001364,NonLethal,2018-12-07,17:45:00,Daylight,160,78,No,NoIntersection,Normal,3+Vehicles-Chain,Échangeur RN10-RN141,M,45.695676911093415,1.6975154594558903
201800001365,NonLethal,2018-11-06,14:30:00,Daylight,160,232,No,NoIntersection,LightRain,3+Vehicles-Multiple,RN 141 - PK52 + 700 Sens,M,45.71126356208404,2.7105928336613103
201800001366,Lethal,2018-12-09,15:00:00,Daylight,160,78,Yes,T-type,Overcast,2Vehicles-Side,Les Chauvauds,M,45.70328368989564,1.704017214864077
201800001367,NonLethal,2018-01-04,18:40:00,NightNoStreetLight,160,359,No,NoIntersection,StrongWindOrStorm,NoCollision,LD Montperron,M,45.63711202746689,-0.638333766593797
201800001368,NonLethal,2018-02-03,14:53:00,Daylight,160,97,Yes,Roundabout,LightRain,2Vehicles-Side,L'Epine,M,45.72815031269775,-0.7284114615107111
201800001369,NonLethal,2018-03-03,15:25:00,Daylight,160,355,No,X-type,Normal,NoCollision,Lieu-dit chez Michot,M,45.763135887403,-0.7626004293046852
201800001370,NonLethal,2018-06-23,19:30:00,Daylight,160,217,Yes,NoIntersection,Normal,Other,,M,45.67365652289482,-0.6731905856296201
201800001371,NonLethal,2018-08-19,01:30:00,NightNoStreetLight,160,193,No,NoIntersection,Normal,NoCollision,Bois de Rocheraud,M,45.72481470479924,-0.7274800135908467
201800001372,Lethal,2018-01-09,17:50:00,Daylight,160,97,Yes,Roundabout,Normal,Other,,M,45.742510047794205,-0.7433903975287667
201800001374,NonLethal,2018-09-27,16:34:00,Daylight,160,97,No,T-type,Normal,2Vehicles-Behind,RD 48,M,45.74308993987784,-0.7434772812518821
201800001375,NonLethal,2018-10-30,15:10:00,Daylight,160,58,No,T-type,Normal,2Vehicles-Side,route du solençon,M,45.713444628805625,-0.7114592627528404
201800001376,NonLethal,2018-03-05,10:01:00,Daylight,160,163,No,Y-type,Normal,2Vehicles-Side,Route d'echallat,M,45.67576979163278,7.676163724749427
201800001377,NonLethal,2018-06-22,12:15:00,Daylight,160,348,No,NoIntersection,Normal,Other,Les Bitardieres,M,45.64502314973297,3.642825798601864
201800001378,Lethal,2018-06-27,16:45:00,Daylight,160,234,No,NoIntersection,VeryGood,2Vehicles-Side,Malvieille,M,45.67609974084456,-0.675270794628617
201800001379,Lethal,2018-02-08,20:15:00,TwilightOrDawn,160,320,No,NoIntersection,Normal,2Vehicles-Behind,,M,45.76427345204582,3.765242927340904
201800001380,NonLethal,2018-09-12,12:15:00,Daylight,160,187,Yes,NoIntersection,Normal,Other,LD Les Betonnieres,M,45.65115189709772,8.651439524843182
201800001381,NonLethal,2018-10-17,19:53:00,NightStreelightsOn,160,138,Yes,T-type,Normal,2Vehicles-Side,route de Vibrac,M,45.64931183909366,9.649453901025293
201800001383,NonLethal,2018-12-04,19:00:00,Daylight,170,360,No,NoIntersection,Normal,2Vehicles-Behind,route du paradis,M,46.156669287729926,-0.1547118447808539
201800001384,Lethal,2018-04-24,01:56:00,NightNoStreetLight,170,121,No,X-type,Normal,2Vehicles-Side,route d'ars rd735,M,46.20198010566296,-0.2012686218043419
201800001385,NonLethal,2018-04-24,21:45:00,NightStreelightsOn,170,297,Yes,NoIntersection,Normal,2Vehicles-Behind,297 avenue de la grande,M,46.17122420517934,-0.1704811676160318
201800001386,NonLethal,2018-04-26,12:50:00,Daylight,170,161,No,NoIntersection,Normal,NoCollision,départemental 735,M,46.18825475093038,-0.1909954945897754
201800001387,NonLethal,2018-05-12,02:15:00,NightNoStreetLight,170,51,No,NoIntersection,Normal,2Vehicles-Behind,D735,M,46.20022165617778,-0.1984840303302281
201800001388,NonLethal,2018-05-22,16:00:00,Daylight,170,161,No,NoIntersection,Normal,3+Vehicles-Multiple,CD 201 E1,M,46.17698128565503,-0.1795263454592607
201800001390,Lethal,2018-05-15,11:20:00,Daylight,170,51,Yes,NoIntersection,Normal,NoCollision,Piste cyclable n° LB 181,M,46.18291851722546,-0.1809885686875207
201800001392,NonLethal,2018-07-27,10:50:00,Daylight,170,369,No,X-type,Normal,2Vehicles-BehindVehicles-Frontal,route de saint martin,M,46.19396202926342,-0.1924513729241483
201800001394,NonLethal,2018-08-14,17:30:00,Daylight,170,286,Yes,NoIntersection,Normal,Other,47 avenue des salines,M,46.24694128804105,-0.2462806825026792
201800001395,Lethal,2018-08-21,05:30:00,NightNoStreetLight,170,121,No,NoIntersection,Normal,2Vehicles-Behind,RD735,M,46.20296583258164,-0.2017235528874401
201800001396,NonLethal,2018-08-22,11:30:00,Daylight,170,51,No,NoIntersection,Normal,Other,chemin du grands bois ja,M,46.1747015835053,-0.1739394236228038
201800001397,NonLethal,2018-08-25,23:40:00,NightNoStreetLight,170,369,No,NoIntersection,Normal,3+Vehicles-Multiple,D735,M,46.19952502877698,-0.1989597238393517
201800001398,NonLethal,2018-12-11,01:10:00,NightStreelightsOff,170,121,Yes,Roundabout,Normal,Other,LIEU DIT LA PASSE - GIRA,M,46.20485683207607,-0.203373618156906
201800001399,NonLethal,2018-03-15,19:45:00,NightStreelightsOn,170,74,Yes,X-type,Normal,2Vehicles-Side,le bourg,M,45.21274892135841,-0.2128643067502953
201800001400,NonLethal,2018-03-29,16:10:00,Daylight,170,378,No,NoIntersection,Normal,2Vehicles-BehindVehicles-Frontal,D156,M,45.26908831805503,-0.2717541948895186
201800001401,Lethal,2018-04-20,15:45:00,Daylight,170,240,No,NoIntersection,Normal,Other,RD 145 - Avenue de Onda,M,45.27074041886337,-0.2687821537437407
201800001402,NonLethal,2018-05-20,18:05:00,Daylight,170,240,No,X-type,Normal,2Vehicles-Behind,"Route de Vallet, ld Les",M,45.287735287370666,-0.2873795449628609
201800001404,Lethal,2018-09-08,01:00:00,NightNoStreetLight,170,38,No,NoIntersection,LightRain,Other,Route des bruyères,M,45.16918845672078,-0.1705534437954645
201800001405,NonLethal,2018-09-05,10:00:00,Daylight,170,243,No,T-type,Normal,2Vehicles-Side,Lieu Dit Vrignon,M,45.21251586483278,-0.2156295796495292
201800001406,NonLethal,2018-07-09,18:50:00,Daylight,170,38,No,NoIntersection,Normal,Other,D158 - Lieu-dit bois noi,M,45.15951171142398,-0.160358140770774
201800001410,NonLethal,2018-05-05,16:10:00,Daylight,170,219,No,X-type,Normal,2Vehicles-Side,Départementale 728,M,45.83269556512295,-0.831351502241335
201800001412,NonLethal,2018-05-22,08:35:00,Daylight,170,219,Yes,NoIntersection,Normal,2Vehicles-Behind,rue georges clémenceau,M,45.82563934917738,-0.8247013956903716
201800001413,NonLethal,2018-05-30,06:45:00,Daylight,170,265,No,X-type,Normal,2Vehicles-Side,RD 131,M,45.757106976225664,-0.7568973713062095
201800001414,Lethal,2018-10-11,20:10:00,NightNoStreetLight,170,185,No,NoIntersection,Normal,2Vehicles-BehindVehicles-Frontal,D1 - lieu dit Mon désir,M,45.7160580136574,-0.7174066185503046
201800001416,Lethal,2018-03-12,15:20:00,Daylight,170,219,No,NoIntersection,Normal,2Vehicles-BehindVehicles-Frontal,D 728,M,45.83018678827976,-0.830832872592923
201800001417,NonLethal,2018-05-12,12:45:00,Daylight,170,219,Yes,X-type,Normal,2Vehicles-Side,D728,M,45.83110301308047,-0.8308272998580357
201800001418,NonLethal,2018-01-18,07:35:00,TwilightOrDawn,170,146,Yes,Roundabout,LightRain,Other,rue de l'espérance,M,45.90492351311319,-0.9013042591805808
201800001419,Lethal,2018-03-18,10:00:00,Daylight,170,308,No,NoIntersection,Normal,3+Vehicles-Multiple,D733,M,45.84209431558799,-0.8471326477476627
201800001420,NonLethal,2018-06-27,15:10:00,Daylight,170,348,No,X-type,Normal,2Vehicles-Behind,D733 E2,M,45.83463927173131,-0.8339229961931918
201800001421,NonLethal,2018-07-16,15:26:00,Daylight,170,429,No,NoIntersection,Normal,Other,lieu dit la mornéterie,M,45.90616407306555,-0.9084403352269632
201800001422,NonLethal,2018-07-23,07:23:00,Daylight,170,308,No,NoIntersection,Normal,NoCollision,D 733,M,45.86704546348627,-0.8659806431131691
201800001423,Lethal,2018-07-28,19:15:00,Daylight,170,375,No,NoIntersection,Normal,NoCollision,Lieu dit La fosse aux ma,M,45.95092637304057,-0.9488606824659612
201800001424,NonLethal,2018-08-27,11:40:00,Daylight,170,429,No,X-type,LightRain,2Vehicles-Side,Lieu dit Four de l'Orang,M,45.912208390110735,-0.912617904285169
201800001425,NonLethal,2018-11-09,19:30:00,NightStreelightsOn,170,308,Yes,X-type,LightRain,2Vehicles-BehindVehicles-Frontal,RD 733 E2 / RD 123,M,45.870390433666365,-0.8708757433690026
201800001426,Lethal,2018-01-11,23:00:00,NightNoStreetLight,170,100,No,NoIntersection,Normal,Other,route du Martret,M,45.70248989651488,-0.7010729729580799
201800001427,NonLethal,2018-01-24,06:45:00,NightNoStreetLight,170,148,No,NoIntersection,LightRain,NoCollision,D236 E3,M,45.79485633934376,-0.7950688192775234
201800001428,NonLethal,2018-04-07,17:00:00,Daylight,170,86,Yes,X-type,Normal,2Vehicles-Side,route des vignerons,M,45.73330082638204,-0.7329423273062995
201800001429,Lethal,2018-02-06,12:25:00,Daylight,170,143,No,X-type,Normal,2Vehicles-BehindVehicles-Frontal,Les Pinarderies RD 150,M,45.81889068998757,-0.8164922759909576
201800001430,NonLethal,2018-06-24,20:50:00,Daylight,170,128,No,T-type,Normal,2Vehicles-Side,rue Molière,M,45.70347912098368,-0.7031422248195145
201800001431,NonLethal,2018-05-07,21:15:00,TwilightOrDawn,170,191,No,X-type,Normal,2Vehicles-Side,D 137,M,45.64146387122318,-0.6414566283913187
201800001432,NonLethal,2018-08-30,17:55:00,Daylight,170,86,No,X-type,Normal,2Vehicles-Behind,Intersection RN141 / che,M,45.72903153188637,-0.7293724285749003
201800001433,Lethal,2018-09-03,18:00:00,Daylight,170,102,No,T-type,Normal,NoCollision,rue des DOUTEAUX,M,45.69235520166932,-0.6910476132095169
201800001434,NonLethal,2018-08-28,07:32:00,Daylight,170,462,No,NoIntersection,Normal,2Vehicles-BehindVehicles-Frontal,rd 129 route d'ecoyeux,M,45.77250485220738,-0.7744235240929059
201800001435,NonLethal,2018-05-10,14:55:00,Daylight,170,86,No,NoIntersection,Normal,2Vehicles-BehindVehicles-Frontal,Le Maine Allain - RN 141,M,45.74424537157192,-0.7438597021775553
201800001436,NonLethal,2018-10-05,22:35:00,NightStreelightsOn,170,336,Yes,NoIntersection,Normal,NoCollision,Rue du parc,M,45.76686682115701,-0.7661481236451523
201800001438,NonLethal,2018-11-28,14:45:00,Daylight,170,462,Yes,NoIntersection,Normal,2Vehicles-Behind,voie romaine,M,45.780782096339365,-0.7782660949247289
201800001439,Lethal,2018-08-12,03:10:00,NightNoStreetLight,170,275,Yes,NoIntersection,LightRain,Other,l2 route de Royan,M,45.727548510698405,-0.7300321125890405
201800001440,NonLethal,2018-12-30,16:30:00,Daylight,170,86,No,T-type,Normal,2Vehicles-Side,devant le 97A rue Alain,M,45.72692857741748,-0.7260516594872434
201800001441,NonLethal,2018-01-27,18:45:00,NightNoStreetLight,170,220,Yes,NoIntersection,Normal,2Vehicles-BehindVehicles-Frontal,D142,M,45.525559868405935,-0.5245559235686619
201800001442,NonLethal,2018-02-04,18:15:00,NightNoStreetLight,170,273,No,NoIntersection,Overcast,2Vehicles-BehindVehicles-Frontal,RD732 - Lieu-dit Sainte,M,45.63952779701133,-0.6404103194653481
201800001443,NonLethal,2018-01-30,19:40:00,NightNoStreetLight,170,283,No,X-type,Normal,2Vehicles-Side,D249 route de saint lége,M,45.59601141471784,-0.5975428253022933
201800001444,NonLethal,2018-03-19,10:45:00,Daylight,170,283,Yes,NoIntersection,HeavyRain,2Vehicles-BehindVehicles-Frontal,route de colombiers,M,45.58662830804479,-0.5871662315253271
201800001445,Lethal,2018-07-24,09:40:00,Daylight,170,78,No,MoreThan4Branches,Normal,2Vehicles-Side,carrefour RD146 / RD146E,M,45.53166745853067,-0.5327485661318246
201800001446,Lethal,2018-08-08,04:13:00,NightNoStreetLight,170,418,No,NoIntersection,Normal,Other,RD 732,M,45.659322332444376,-0.6587233690550215
201800001447,NonLethal,2018-06-10,18:58:00,Daylight,170,283,No,NoIntersection,Overcast,2Vehicles-Side,RD 137,M,45.56758177638358,-0.5697930131790341
201800001449,NonLethal,2018-10-21,12:55:00,Daylight,170,242,No,X-type,Normal,2Vehicles-Side,Hameau de Bellevue D134,M,45.649811621781225,-0.6500352004897729
201800001450,NonLethal,2018-11-17,14:40:00,Daylight,170,400,Yes,X-type,Overcast,2Vehicles-Side,carrefour D128 - D134,M,45.69689075253091,-0.6962988734535659
201800001451,NonLethal,2018-09-03,16:20:00,Daylight,170,393,No,NoIntersection,Normal,2Vehicles-Side,La Gare,M,45.68784234693912,-0.6904332648293617
201800001452,NonLethal,2018-05-20,11:05:00,Daylight,170,421,Yes,NoIntersection,Normal,Other,Rue des ecluses,M,45.674371331651486,-0.6752647616511391
201800001453,NonLethal,2018-06-30,19:10:00,Daylight,170,393,No,NoIntersection,Normal,Other,RD 136 -,M,45.68002274431669,-0.6805179492128134
201800001454,NonLethal,2018-06-07,11:50:00,Daylight,170,393,No,X-type,Normal,2Vehicles-Side,route de jargandy,M,45.72232784656035,-0.7214759803523219
201800001455,NonLethal,2018-12-18,06:10:00,NightNoStreetLight,170,228,No,T-type,LightRain,2Vehicles-Side,Chaillonnais,M,45.66422845627835,-0.6614134720946564
201800001456,NonLethal,2018-03-17,22:30:00,NightNoStreetLight,790,276,No,NoIntersection,Normal,2Vehicles-Side,,M,46.38649936371683,-0.3870370773428647
201800001457,Lethal,2018-03-31,10:50:00,Daylight,790,20,No,NoIntersection,LightRain,2Vehicles-Side,,M,46.43833791098971,-0.4387855728594014
201800001458,NonLethal,2018-05-14,13:45:00,Daylight,790,114,No,NoIntersection,LightRain,2Vehicles-BehindVehicles-Frontal,,M,46.44983342900215,-0.4497858862390403
201800001460,Lethal,2018-06-22,16:15:00,Daylight,790,270,Yes,X-type,Normal,Other,AVENUE GAMBETTA,M,46.41176604870416,-0.4123628897317276
201800001461,NonLethal,2018-08-20,17:35:00,Daylight,790,48,Yes,X-type,Normal,2Vehicles-BehindVehicles-Frontal,,M,46.35367948593035,-0.3526170545351645
201800001462,NonLethal,2018-10-23,21:00:00,NightStreelightsOn,790,48,Yes,X-type,Normal,2Vehicles-Side,,M,46.35354793727503,-0.3532809936715038
201800001463,NonLethal,2018-10-26,08:55:00,Daylight,790,189,Yes,NoIntersection,Normal,Other,,M,46.42591420748879,-0.4274322016556416
201800001466,NonLethal,2018-02-14,23:00:00,NightNoStreetLight,790,116,No,NoIntersection,LightRain,Other,,M,46.836407878917846,-0.8353454431871787
201800001467,NonLethal,2018-03-17,16:43:00,Daylight,790,49,No,NoIntersection,SnowOrHail,3+Vehicles-Multiple,"LD ""CHAMBROUTET""",M,46.90103666726865,-0.8992224706206456
201800001468,NonLethal,2018-04-16,12:15:00,Daylight,790,88,No,X-type,Normal,2Vehicles-Side,,M,46.81515234074973,-0.8137100314915106
201800001469,NonLethal,2018-11-05,16:03:00,Daylight,790,49,Yes,NoIntersection,Normal,3+Vehicles-Multiple,36 RUE DE MALABRY,M,46.84229898035905,-0.8406288859855359
201800001470,NonLethal,2018-05-13,19:45:00,Daylight,790,49,Yes,X-type,Normal,2Vehicles-Side,25 BD DE LA REPUBLIQUE,M,46.8349357350816,-0.8354823261830207
201800001471,NonLethal,2018-05-20,18:30:00,Daylight,790,49,Yes,Roundabout,Normal,3+Vehicles-Multiple,BOULEVARD DE L'EUROPE,M,46.836865550945504,-0.8369106004430756
201800001472,NonLethal,2018-05-30,06:27:00,TwilightOrDawn,790,116,No,T-type,Overcast,2Vehicles-Behind,,M,46.83261717380314,-0.834044770369971
201800001473,NonLethal,2018-06-10,11:30:00,Daylight,790,49,No,Other,Normal,NoCollision,,M,46.87061522609629,-0.8703887805017595
201800001474,Lethal,2018-06-27,15:10:00,Daylight,790,49,No,NoIntersection,Normal,2Vehicles-BehindVehicles-Frontal,RUE DE NIORT,M,46.82242959473201,-0.8206519884774653
201800001475,NonLethal,2018-07-23,22:15:00,NightStreelightsOn,790,49,Yes,NoIntersection,Normal,Other,ROUTE DE NANTES,M,46.83943555644566,-0.8407356582741037
201800001476,NonLethal,2018-09-27,10:55:00,Daylight,790,49,Yes,Other,VeryGood,Other,41 BOULEVARD DE POITIERS,M,46.83808826837442,-0.8382013773420454
201800001477,NonLethal,2018-10-23,07:40:00,NightStreelightsOn,790,88,Yes,T-type,Normal,2Vehicles-Side,62 ROUTE DE PARTHENAY,M,46.79146776298639,-0.792450943098798
201800001479,NonLethal,2018-11-06,08:45:00,Daylight,790,49,No,NoIntersection,LightRain,2Vehicles-BehindVehicles-Frontal,CH DE LA ROCHE GILBERT,M,46.86983776021198,-0.8694426363779791
201800001480,NonLethal,2018-01-11,12:10:00,Daylight,790,88,No,Other,Normal,2Vehicles-Behind,,M,46.82273747872262,-0.8213997442357563
201800001481,Lethal,2018-03-15,14:01:00,Daylight,870,142,No,NoIntersection,Normal,2Vehicles-BehindVehicles-Frontal,LES SAGNES,M,45.776419933314514,1.7774389563595931
201800001482,NonLethal,2018-08-18,11:35:00,Daylight,870,161,Yes,NoIntersection,Normal,Other,AVENUE DU CHAMP DE MARS,M,45.83650433510897,1.8374816674058307
201800001483,NonLethal,2018-09-15,15:10:00,Daylight,870,156,No,X-type,Normal,2Vehicles-Side,LIEU DIT LE VERDEAU,M,45.84647276101967,1.8458583602738317
201800001486,NonLethal,2018-11-03,06:45:00,TwilightOrDawn,190,38,No,NoIntersection,FogOrSmoke,Other,RD 1089,M,45.23027442759519,1.2308836271416004
201800001488,NonLethal,2018-09-15,20:00:00,TwilightOrDawn,190,227,No,NoIntersection,Normal,Other,Lieu dit la fond de l'Ho,M,45.282911034237145,1.2817230427240678
201800001489,NonLethal,2018-03-12,18:00:00,NightStreelightsOn,190,146,Yes,NoIntersection,HeavyRain,Other,44 route Nationale,M,45.31619727766024,1.315667090580817
201800001490,NonLethal,2018-03-08,09:15:00,Daylight,310,417,No,NoIntersection,Normal,2Vehicles-Behind,RN 124,M,43.62591981161823,1.6253348988154572
201800001491,NonLethal,2018-05-27,13:34:00,Daylight,310,339,No,NoIntersection,Normal,2Vehicles-Behind,Intersection route natio,M,43.63762684018207,1.6363722749534402
201800001493,NonLethal,2018-06-16,15:45:00,Daylight,310,291,No,NoIntersection,Normal,2Vehicles-BehindVehicles-Frontal,RD65A,M,43.57179478992542,1.5728100878097773
201800001494,NonLethal,2018-06-23,21:30:00,NightNoStreetLight,310,417,No,NoIntersection,Normal,Other,"RN 124, pk 13",M,43.627342326141374,1.6255489191266417
201800001495,NonLethal,2018-07-09,16:15:00,Daylight,310,417,No,Other,Normal,2Vehicles-Side,RD 24,M,43.62947272706543,1.629426609500922
201800001496,NonLethal,2018-09-07,16:45:00,Daylight,310,417,No,NoIntersection,VeryGood,2Vehicles-Side,211 Route de Lévignac,M,43.62868869032432,1.6287332612997318
201800001497,Lethal,2018-08-19,07:00:00,TwilightOrDawn,310,417,No,NoIntersection,Normal,Other,RN 124,M,43.60333973125843,1.6050031860937672
201800001498,NonLethal,2018-09-07,10:11:00,Daylight,310,417,No,Other,Normal,3+Vehicles-Chain,route de lévignac,M,43.633279591437415,1.633433840515388
201800001500,NonLethal,2018-01-10,07:25:00,Daylight,310,291,No,NoIntersection,VeryGood,3+Vehicles-Chain,RN124,M,43.60578400775852,1.6048830392299225
201800001501,NonLethal,2018-11-10,09:16:00,Daylight,310,417,No,NoIntersection,Normal,3+Vehicles-Chain,"RN 124, à proximité sort",M,43.627214867952254,1.6249739951183708
201800001502,Lethal,2018-05-11,21:00:00,NightNoStreetLight,310,291,No,NoIntersection,Normal,Other,N124,M,43.580555978699465,1.5815009888714375
201800001503,NonLethal,2018-11-19,11:10:00,Daylight,310,339,No,NoIntersection,Normal,2Vehicles-Side,Route Saint-Antoine,M,43.62829388210103,1.626767287594047
201800001504,NonLethal,2018-11-28,20:15:00,NightStreelightsOn,310,417,Yes,T-type,Normal,2Vehicles-BehindVehicles-Frontal,Rue des frères,M,43.61576634072205,1.616367236600322
201800001505,NonLethal,2018-02-23,23:10:00,NightNoStreetLight,310,433,Yes,NoIntersection,Normal,NoCollision,route d'Espagne,M,43.532256359745055,1.5331458834723282
201800001507,NonLethal,2018-06-20,13:55:00,Daylight,310,433,Yes,T-type,Normal,2Vehicles-Behind,"avenue de palarin, route",M,43.52401348657958,1.5252765220314883
201800001509,NonLethal,2018-09-07,16:00:00,Daylight,310,433,No,T-type,Normal,2Vehicles-Side,boulevard de l'Europe,M,43.53071845703749,1.5299288985890254
201800001510,NonLethal,2018-08-10,22:37:00,NightNoStreetLight,310,433,No,NoIntersection,Normal,NoCollision,rd15b,M,43.533230424986925,1.5344514985899962
201800001511,NonLethal,2018-12-10,19:00:00,NightStreelightsOn,310,433,Yes,T-type,LightRain,2Vehicles-Side,ROUTE D'AX,M,43.51551842910976,1.514964089843943
201800001512,NonLethal,2018-10-16,13:53:00,Daylight,310,458,Yes,NoIntersection,Normal,2Vehicles-Side,5 avenue des muriers,M,43.50475444751972,1.5054417540202516
201800001513,NonLethal,2018-01-09,11:30:00,Daylight,310,395,Yes,NoIntersection,Normal,Other,RUE D'OCCITANIE,M,43.465782570146445,1.4676500868053406
201800001514,NonLethal,2018-05-01,10:10:00,Daylight,310,165,Yes,NoIntersection,Normal,Other,5 boulevard de la Leze,M,43.41579845745886,1.4158793710144464
201800001515,NonLethal,2018-01-24,10:50:00,Daylight,310,395,Yes,NoIntersection,Normal,Other,74 avenue des Pyrénées,M,43.456354245615984,1.4568964621977238
201800001516,NonLethal,2018-01-25,12:00:00,Daylight,310,395,Yes,NoIntersection,Normal,2Vehicles-Side,24 avenue du général de,M,43.47061505276539,1.4674487392315416
201800001517,NonLethal,2018-01-28,17:00:00,Daylight,310,395,No,NoIntersection,Normal,NoCollision,route de rieums // d3,M,43.46642468392011,1.4671136726390732
201800001518,NonLethal,2018-02-28,11:45:00,Daylight,310,248,Yes,NoIntersection,Normal,Other,Route du Plantaurel,M,43.445154974780806,1.442917457159221
201800001519,NonLethal,2018-03-18,17:00:00,Daylight,310,263,Yes,NoIntersection,Normal,2Vehicles-BehindVehicles-Frontal,chemin du font des horts,M,43.41561136152311,1.4179145655758068
201800001520,NonLethal,2018-12-04,17:00:00,TwilightOrDawn,310,165,No,Roundabout,Normal,2Vehicles-Side,Intersection D12 / D4,M,43.42063733658557,1.4201927897377302
201800001521,NonLethal,2018-04-21,06:05:00,TwilightOrDawn,310,421,No,NoIntersection,Normal,2Vehicles-BehindVehicles-Frontal,3 route de lacroix-falga,M,43.45416228304037,1.4531946161146876
201800001522,Lethal,2018-04-24,17:25:00,Daylight,310,395,No,NoIntersection,Normal,3+Vehicles-Multiple,ROUTE DE RIEUMES,M,43.46710263375291,1.4669725970934586
201800001523,NonLethal,2018-06-06,19:35:00,Daylight,310,165,No,NoIntersection,Overcast,2Vehicles-BehindVehicles-Frontal,D 56,M,43.45498656762973,1.4564341784788395