AccidentId,Gravity,Date,Hour,Light,Department,Commune,InAgglomeration,IntersectionType,Weather,CollisionType,PostalAddress,GPSCode,Latitude,Longitude
201800001525,NonLethal,2018-07-29,20:30:00,TwilightOrDawn,310,395,Yes,Other,VeryGood,Other,1 avenue du président vi,M,43.46949680407885,1.469601977340927
201800001526,NonLethal,2018-06-09,14:50:00,Daylight,310,287,Yes,Roundabout,Normal,2Vehicles-Side,Carrefour giratoire D15,M,43.3971804832571,1.398085273818808
201800001527,NonLethal,2018-07-10,05:30:00,NightStreelightsOn,310,395,Yes,NoIntersection,Normal,Other,Pont de l'Europe,M,43.46058914751495,1.461835040078318
201800001529,Lethal,2018-12-21,18:00:00,NightNoStreetLight,310,395,No,NoIntersection,Normal,Other,route de saubens,M,43.46965799339228,1.4702505694771544
201800001530,Lethal,2018-03-04,07:20:00,Daylight,310,384,No,NoIntersection,Normal,NoCollision,CD 16,M,43.48001060375121,1.4791877009504215
201800001531,NonLethal,2018-03-15,02:00:00,NightStreelightsOn,310,4,Yes,NoIntersection,Normal,Other,route de Ticaille / CD 1,M,43.436567116885925,1.4360322213190326
201800001532,NonLethal,2018-05-25,17:10:00,Daylight,310,381,No,NoIntersection,Normal,Other,D31,M,43.44753594480616,1.4470594720007603
201800001533,NonLethal,2018-06-10,17:30:00,TwilightOrDawn,310,4,No,NoIntersection,HeavyRain,2Vehicles-BehindVehicles-Frontal,D16,M,43.44256632282826,1.4416950150825103
201800001534,NonLethal,2018-08-29,17:00:00,Daylight,310,48,Yes,NoIntersection,Normal,2Vehicles-BehindVehicles-Frontal,chemin des esprits,M,43.457836698901104,1.456273699779999
201800001535,NonLethal,2018-09-12,20:45:00,NightNoStreetLight,310,4,Yes,NoIntersection,Normal,NoCollision,22 chemin de Toulouse,M,43.44045282918366,1.4411086645399296
201800001536,Lethal,2018-02-18,12:30:00,Daylight,90,293,No,NoIntersection,Normal,Other,RD 17,M,42.96015464841078,1.9594128200143692
201800001538,NonLethal,2018-07-05,10:45:00,Daylight,90,71,No,X-type,Normal,2Vehicles-Side,RD 117 PK 50 + 990,M,43.00402330442416,1.0036579888670087
201800001540,Lethal,2018-11-12,22:50:00,NightNoStreetLight,90,203,No,NoIntersection,Normal,2Vehicles-Side,RD ll7,M,43.00661367486158,1.005952497026879
201800001541,NonLethal,2018-06-03,12:10:00,Daylight,90,160,Yes,NoIntersection,Normal,Other,avenue Jean Jaures,M,42.93256864460925,1.9320039050894688
201800001542,NonLethal,2018-02-16,15:15:00,Daylight,90,250,No,NoIntersection,Normal,2Vehicles-BehindVehicles-Frontal,D1,M,42.95863098623554,1.95959291001033
201800001543,NonLethal,2018-03-13,19:15:00,NightStreelightsOn,90,160,Yes,T-type,Normal,2Vehicles-Side,rue de verdun,M,42.93141421628765,1.9335354417317632
201800001544,NonLethal,2018-06-05,10:25:00,Daylight,90,211,No,NoIntersection,Normal,2Vehicles-BehindVehicles-Frontal,D9,M,42.87977767224686,1.8791194099320223
201800001546,Lethal,2018-09-09,06:00:00,NightStreelightsOn,90,157,Yes,NoIntersection,Normal,Other,D620 PK 5.900,M,42.96546977135334,1.9656338732364624
201800001547,Lethal,2018-03-18,19:05:00,NightNoStreetLight,90,217,No,NoIntersection,LightRain,2Vehicles-BehindVehicles-Frontal,D 8,M,43.82421034641493,1.8248107089291457
201800001548,NonLethal,2018-12-29,12:15:00,Daylight,90,207,No,NoIntersection,Normal,3+Vehicles-Chain,RN20,M,42.92453211588284,1.926892140809925
201800001550,NonLethal,2018-02-27,20:00:00,NightNoStreetLight,90,194,No,NoIntersection,Normal,NoCollision,D625,M,43.060325881347175,1.0590676230989038
201800001551,NonLethal,2018-03-26,11:12:00,Daylight,90,194,Yes,T-type,LightRain,2Vehicles-Side,D119,M,43.09143090097064,1.0930384080496736
201800001552,NonLethal,2018-04-27,22:45:00,NightStreelightsOn,90,213,No,NoIntersection,Normal,2Vehicles-BehindVehicles-Frontal,parking salle des fêtes,M,43.07649672476855,1.0742987203736294
201800001553,NonLethal,2018-04-23,12:15:00,Daylight,90,52,No,NoIntersection,Normal,NoCollision,chemin de Montcabirol -,M,43.03482463755187,1.0343213436755203
201800001554,NonLethal,2018-06-27,20:10:00,TwilightOrDawn,90,161,No,NoIntersection,Normal,NoCollision,D28A - La Plaine,M,42.981771325150525,1.9804880837548036
201800001555,NonLethal,2018-01-09,17:35:00,Daylight,90,74,Yes,NoIntersection,Normal,Other,"D7, PK 9",M,43.01755116869828,1.0182378421480969
201800001556,NonLethal,2018-09-14,13:55:00,Daylight,90,274,No,NoIntersection,Normal,3+Vehicles-Multiple,D625 PK 14+903,M,43.03005295258525,1.0294338827774228
201800001557,NonLethal,2018-09-27,14:35:00,Daylight,90,150,No,NoIntersection,Normal,2Vehicles-BehindVehicles-Frontal,"D7,",M,43.03798371796454,1.0379959633517826
201800001559,NonLethal,2018-12-15,07:00:00,NightNoStreetLight,90,194,No,NoIntersection,FogOrSmoke,Other,CD 119,M,43.095275077767525,1.0957999910009617
201800001561,Lethal,2018-12-03,13:15:00,Daylight,90,282,No,X-type,Normal,2Vehicles-Side,D62,M,43.23307154349722,1.2319730862934672
201800001562,NonLethal,2018-05-07,18:50:00,Daylight,90,117,No,NoIntersection,Normal,NoCollision,D27A lieu dit Dardé,M,43.19208099851801,1.1913590023567882
201800001563,NonLethal,2018-11-09,07:00:00,Daylight,90,282,Yes,NoIntersection,Normal,Other,Route de Toulouse,M,43.23908305734715,1.2372308948788608
201800001566,NonLethal,2018-11-10,12:55:00,Daylight,90,261,Yes,NoIntersection,Normal,2Vehicles-Side,01 avenue Aristide Bergè,M,42.9856248164751,1.983614710901873
201800001568,NonLethal,2018-04-07,15:30:00,Daylight,20,168,Yes,Square,Normal,Other,PLAINE (RUE DE LA),M,49.03138826136016,3.028645956896664
201800001569,NonLethal,2018-04-11,14:20:00,Daylight,20,168,Yes,NoIntersection,Normal,Other,OTMUS (AVENUE),M,49.04901530994194,3.0502578441012576
201800001570,NonLethal,2018-12-04,07:30:00,Daylight,20,168,Yes,NoIntersection,Normal,Other,PARIS (AVENUE DE),M,49.04194003719669,3.0446390502306477
201800001571,NonLethal,2018-06-22,22:20:00,NightStreelightsOn,20,168,Yes,NoIntersection,Normal,Other,JULES LEFEBVRE (AVENUE),M,49.04325940684451,3.0442255815434374
201800001572,NonLethal,2018-06-28,07:25:00,Daylight,20,168,Yes,NoIntersection,Normal,Other,JULES LEFEBVRE (AVENUE),M,49.04436411664861,3.0446878057845503
201800001574,NonLethal,2018-11-01,18:00:00,NightStreelightsOn,20,168,Yes,Square,HeavyRain,2Vehicles-Side,ESSOMES (AVENUE D'),M,49.03967022982774,3.041225867626099
201800001576,NonLethal,2018-11-30,10:20:00,Daylight,20,168,No,NoIntersection,Overcast,2Vehicles-BehindVehicles-Frontal,VINCELLES (RUE DE),M,49.05454221428429,3.056364292276778
201800001577,NonLethal,2018-09-04,09:30:00,Daylight,320,368,No,NoIntersection,Normal,Other,"LIEU-DIT: ""LACAYE""",M,43.75921643375485,6.75921644726575
201800001578,NonLethal,2018-09-17,09:35:00,Daylight,320,118,No,T-type,Normal,2Vehicles-Side,EN BOULANGER,M,43.53597322048212,5.534575771067316
201800001579,NonLethal,2018-05-23,15:14:00,Daylight,460,102,Yes,NoIntersection,Normal,Other,33 AVENUE JOSEPH LOUBET,M,44.60926302540961,2.6091054105493714
201800001580,NonLethal,2018-11-13,03:54:00,NightNoStreetLight,460,105,No,NoIntersection,Normal,Other,"A 20, PK368+600",M,44.39002430878762,1.387827057268716
201800001582,NonLethal,2018-01-11,08:15:00,TwilightOrDawn,460,102,Yes,Roundabout,LightRain,Other,Avenue Emile BOUYSSOU,M,44.60654638465802,2.6080260163340885
201800001583,NonLethal,2018-01-27,01:00:00,NightNoStreetLight,460,102,No,NoIntersection,Normal,Other,PK17+850,M,44.61988855662518,2.6201806340976246
201800001586,NonLethal,2018-08-24,09:13:00,Daylight,460,102,Yes,Roundabout,Normal,Other,quai bessières,M,44.60915866214663,2.607711443018128
201800001587,Lethal,2018-09-23,13:32:00,Daylight,460,221,No,NoIntersection,Normal,Other,RD84O,M,44.63262137455081,2.632137697999376
201800001588,NonLethal,2018-04-10,09:50:00,Daylight,460,102,Yes,NoIntersection,Normal,2Vehicles-Side,7 Av Georges Pompidou,M,44.60526442929416,2.6061607262392186
201800001589,NonLethal,2018-10-24,21:45:00,NightNoStreetLight,460,102,No,NoIntersection,Overcast,NoCollision,"D 822, Avenue de TOULOUS",M,44.60293185418416,2.603861078999346
201800001590,NonLethal,2018-11-30,17:25:00,TwilightOrDawn,460,53,No,NoIntersection,LightRain,2Vehicles-BehindVehicles-Frontal,Poujoulat,M,44.64916176672088,1.6508445523657893
201800001592,NonLethal,2018-06-12,11:20:00,Daylight,460,55,No,NoIntersection,LightRain,2Vehicles-BehindVehicles-Frontal,Rd 840,M,44.5888168787634,2.5883822015728666
201800001593,NonLethal,2018-07-25,14:50:00,Daylight,650,145,No,NoIntersection,Normal,2Vehicles-BehindVehicles-Frontal,Les ruines de Chèze,M,42.91883061994034,-0.9159976496858624
201800001594,NonLethal,2018-08-20,15:00:00,Daylight,650,295,Yes,NoIntersection,Normal,Other,2 rue du pont de LUZ,M,42.874654498755504,-0.873634760639119
201800001595,NonLethal,2018-09-09,10:10:00,Daylight,650,481,Yes,NoIntersection,Normal,2Vehicles-BehindVehicles-Frontal,D918,M,42.89650642605031,5.8941100953119925
201800001596,NonLethal,2018-01-30,21:30:00,NightStreelightsOn,650,59,Yes,Roundabout,Normal,Other,1 boulevard de l'adour,M,43.07394145040981,1.071802496823103
201800001597,NonLethal,2018-02-10,09:00:00,Daylight,650,42,Yes,NoIntersection,Normal,Other,"RD 935, 14 route des col",M,43.04905678273303,1.0475214302886118
201800001598,Lethal,2018-04-06,11:00:00,Daylight,650,123,No,X-type,Normal,2Vehicles-BehindVehicles-Frontal,Passage de la barane cd,M,42.96035965466939,2.961573546234612
201800001599,NonLethal,2018-05-06,16:15:00,Daylight,650,123,No,NoIntersection,Normal,2Vehicles-BehindVehicles-Frontal,quartier SÉOUBE,M,42.94303668198766,2.942606195922528
201800001600,NonLethal,2018-08-19,15:10:00,Daylight,650,123,No,NoIntersection,Normal,Other,RD918,M,42.936805907846505,2.936314370478293
201800001601,NonLethal,2018-09-01,09:45:00,Daylight,650,198,No,NoIntersection,Normal,2Vehicles-Side,RD 84 - PK 3+400,M,43.06010400995814,1.060656905909564
201800001602,NonLethal,2018-12-11,09:45:00,Daylight,650,123,No,NoIntersection,Normal,3+Vehicles-Chain,LIEU-DIT SAINT-ROCH,M,43.00659090198685,1.0076368958182989
201800001605,NonLethal,2018-04-20,13:00:00,Daylight,810,219,No,NoIntersection,Normal,Other,"lieu dit ""PAS DU RIEU""",M,43.54820593203137,2.5480326285851125
201800001606,Lethal,2018-12-07,14:06:00,Daylight,810,76,No,NoIntersection,Normal,2Vehicles-BehindVehicles-Frontal,N126,M,43.56763794080191,1.5684567401764855
201800001607,NonLethal,2018-08-08,05:28:00,NightNoStreetLight,810,120,No,NoIntersection,Normal,2Vehicles-BehindVehicles-Frontal,RN112,M,43.54793335430333,2.5472717823779787
201800001608,NonLethal,2018-03-04,15:52:00,Daylight,810,215,No,NoIntersection,Normal,NoCollision,D10,M,43.79951346768412,1.8037555863881567
201800001610,NonLethal,2018-04-19,14:05:00,Daylight,810,105,Yes,NoIntersection,Normal,Other,57 avenue des floralie,M,43.76839006652632,1.76863854045264
201800001611,NonLethal,2018-04-26,17:50:00,Daylight,810,105,Yes,T-type,VeryGood,2Vehicles-Side,Avenue Maréchal Juin,M,43.758823940542925,1.7616252192257118
201800001613,NonLethal,2018-05-17,16:55:00,Daylight,810,105,Yes,NoIntersection,Normal,2Vehicles-BehindVehicles-Frontal,impasse ville haute,M,43.76321995965179,1.7629858933773732
201800001614,NonLethal,2018-06-27,15:20:00,Daylight,810,187,No,NoIntersection,Normal,NoCollision,La Tarière,M,43.70435191498135,2.703182159704709
201800001615,NonLethal,2018-09-12,19:50:00,Daylight,810,105,Yes,X-type,Normal,2Vehicles-Side,1 avenue Jules Ferry,M,43.7626022371301,1.7619231304972425
201800001616,NonLethal,2018-10-13,22:45:00,NightNoStreetLight,810,105,Yes,NoIntersection,Normal,NoCollision,chemin notre dame des vi,M,43.74638636250696,1.7440127953584188
201800001617,NonLethal,2018-12-15,15:25:00,Daylight,810,105,Yes,NoIntersection,LightRain,2Vehicles-Side,AVENUE DU MARÉCHAL JUIN,M,43.76092078489069,1.758205564068103
201800001618,NonLethal,2018-03-13,18:00:00,TwilightOrDawn,810,140,Yes,NoIntersection,VeryGood,Other,allée Jean Jaurès,M,43.6998537934676,1.7004727296460789
201800001620,Lethal,2018-04-19,14:45:00,Daylight,810,140,Yes,NoIntersection,Normal,2Vehicles-BehindVehicles-Frontal,60 Avenue Pierre Fabre,M,43.68992044375002,1.6903945226517012
201800001621,NonLethal,2018-08-03,17:00:00,Daylight,810,318,No,NoIntersection,Normal,3+Vehicles-Multiple,Lieu-dit La Mouyssaguese,M,43.592464367457794,1.5929951200315635
201800001623,NonLethal,2018-10-21,12:45:00,Daylight,810,324,No,NoIntersection,Normal,Other,D87,M,43.63562820904731,1.6350463420551578
201800001624,NonLethal,2018-11-28,12:15:00,Daylight,810,126,No,NoIntersection,Normal,2Vehicles-Side,RD 87 - Lieu-dit Peyreme,M,43.63920585499797,1.6382292211778122
201800001625,NonLethal,2018-12-26,12:50:00,Daylight,810,140,Yes,Roundabout,Normal,2Vehicles-Side,Rond point Saint Roch,M,43.703919693900296,1.7010921357358402
201800001626,Lethal,2018-02-13,10:00:00,Daylight,810,38,No,Other,Normal,Other,"autoroute A68, PK48+900",M,43.88393168823984,1.885393118039784
201800001627,Lethal,2018-02-24,12:30:00,Daylight,810,99,Yes,T-type,Normal,2Vehicles-Behind,Intersection Avenue Jean,M,43.89525949881857,1.8967667060837197
201800001628,Lethal,2018-04-03,06:40:00,NightNoStreetLight,810,93,No,T-type,Normal,Other,D13,M,43.90200067803951,2.902103683376602
201800001629,NonLethal,2018-03-09,11:00:00,Daylight,810,99,No,NoIntersection,Normal,Other,Mas de fabre,M,43.94360767472156,1.9444590205439185
201800001630,NonLethal,2018-03-21,10:30:00,Daylight,810,99,Yes,NoIntersection,Normal,Other,8 rue St Jean,M,43.9021296405546,1.903616061136963
201800001631,NonLethal,2018-03-31,19:00:00,Daylight,810,225,No,T-type,Normal,2Vehicles-BehindVehicles-Frontal,RD 988,M,43.91856651749787,1.9179139449648528
201800001632,NonLethal,2018-06-04,11:00:00,Daylight,810,99,No,NoIntersection,Normal,Other,48 Avenue Rhin et Danube,M,43.9158728225701,1.9154905711454029
201800001634,NonLethal,2018-04-19,15:15:00,Daylight,810,99,Yes,T-type,Normal,2Vehicles-Side,rue du theron,M,43.90092514095239,1.90039381025371
201800001635,NonLethal,2018-04-21,14:30:00,Daylight,810,138,No,NoIntersection,Normal,NoCollision,RD 84,M,43.81620229132989,2.8153460225220663
201800001636,NonLethal,2018-06-04,15:20:00,Daylight,810,87,No,NoIntersection,VeryGood,Other,ROUTE DÉPARTEMENTALE 6,M,43.958209806931,1.9604063421851745
201800001637,NonLethal,2018-05-06,12:37:00,Daylight,810,283,Yes,Y-type,Normal,2Vehicles-Side,Chemin du Pinié,M,43.92720829488617,1.925358332834856
201800001638,Lethal,2018-06-15,19:20:00,Daylight,810,294,No,X-type,Normal,2Vehicles-Side,route de lagrave,M,43.85999290767385,1.8587073010370423
201800001641,NonLethal,2018-08-04,13:50:00,Daylight,810,99,No,NoIntersection,Normal,NoCollision,chemin toulze,M,43.92693881698703,1.9259724045417903
201800001644,NonLethal,2018-03-09,17:45:00,Daylight,810,99,No,NoIntersection,VeryGood,Other,La Crouzetterie,M,43.9144298716073,1.915727673031512
201800001645,NonLethal,2018-04-10,16:30:00,Daylight,810,99,No,T-type,VeryGood,2Vehicles-Behind,D968,M,43.89374805353979,1.8918670312258563
201800001646,NonLethal,2018-10-07,21:00:00,NightNoStreetLight,810,38,No,Other,LightRain,Other,A 68,M,43.88115245913894,1.8788432341926709
201800001647,Lethal,2018-02-11,11:10:00,Daylight,810,131,No,T-type,Overcast,2Vehicles-Side,La Bouissonnade,M,43.89317275252145,1.891934010378873
201800001648,NonLethal,2018-11-24,06:10:00,NightNoStreetLight,810,46,No,NoIntersection,FogOrSmoke,Other,départementale 4,M,43.85810748669154,1.8566183779718397
201800001649,NonLethal,2018-11-25,06:00:00,NightNoStreetLight,810,38,No,Other,Other,2Vehicles-Side,A68,M,43.88600606423193,1.8843560435405529
201800001651,Lethal,2018-12-01,04:00:00,NightNoStreetLight,810,112,No,NoIntersection,LightRain,Other,départementale 988,M,43.91998043383979,2.919735086611074
201800001652,NonLethal,2018-12-22,14:00:00,Daylight,810,93,No,X-type,LightRain,2Vehicles-Side,D 123,M,43.89908038520489,2.898105058373294
201800001653,NonLethal,2018-12-28,16:30:00,Daylight,810,99,No,NoIntersection,Normal,Other,D922,M,43.954727677675685,1.954731743625856
201800001655,NonLethal,2018-11-03,18:45:00,NightStreelightsOn,690,69,Yes,NoIntersection,Normal,2Vehicles-Side,"40, Rue Centrale",M,45.74443122153641,4.745240319682506
201800001657,NonLethal,2018-05-06,15:41:00,Daylight,690,89,No,NoIntersection,Normal,Other,avenue du chater,M,45.7350260532078,4.7329576922327
201800001658,NonLethal,2018-05-29,13:55:00,Daylight,690,89,Yes,NoIntersection,Normal,2Vehicles-BehindVehicles-Frontal,2 Avenue du chater,M,45.749001368937584,4.75021850590661
201800001659,NonLethal,2018-07-03,08:30:00,Daylight,690,89,Yes,NoIntersection,Normal,Other,15 Avenue du chater,M,45.74529792343083,4.746296546176307
201800001660,NonLethal,2018-07-12,19:15:00,Daylight,690,89,Yes,NoIntersection,Normal,3+Vehicles-Multiple,23 avenue de la table de,M,45.74776401327107,4.748756564732086
201800001661,NonLethal,2018-07-18,03:20:00,NightStreelightsOn,690,69,Yes,X-type,Normal,Other,av jean Bergeron,M,45.74714406757863,4.748211974137795
201800001663,NonLethal,2018-09-25,14:50:00,Daylight,690,205,Yes,NoIntersection,Normal,2Vehicles-Side,3 avenue marcel merieux,M,45.75996357298937,4.759280193026943
201800001664,NonLethal,2018-09-27,10:55:00,Daylight,690,69,Yes,T-type,Normal,Other,rue centrale /Gd champ,M,45.74551322795024,4.746318483441112
201800001665,NonLethal,2018-01-12,12:15:00,Daylight,690,89,Yes,NoIntersection,Normal,Other,19 chemin de cachenoix,M,45.74555072333336,4.746176744020957
201800001666,Lethal,2018-01-14,01:30:00,NightNoStreetLight,20,28,No,NoIntersection,LightRain,Other,RD1044,M,49.565483181143,3.564672699957188
201800001667,NonLethal,2018-12-04,13:38:00,Daylight,20,408,Yes,NoIntersection,Normal,2Vehicles-Side,MINIMES (RUE DES),M,49.57495154234947,3.575872586200932
201800001668,NonLethal,2018-04-20,18:20:00,Daylight,20,408,Yes,NoIntersection,Normal,2Vehicles-Behind,BROSSOLETTE (BOULEVARD P,M,49.56899184748283,3.569072931086262
201800001669,NonLethal,2018-05-14,11:25:00,Daylight,20,28,No,NoIntersection,Normal,3+Vehicles-Chain,REIMS (route de),M,49.56165904093907,3.563726419536479
201800001670,NonLethal,2018-08-06,08:30:00,Daylight,20,408,No,Y-type,FogOrSmoke,2Vehicles-BehindVehicles-Frontal,RD 1044,M,49.57359448308548,3.5740386086929106
201800001672,NonLethal,2018-08-27,17:10:00,Daylight,20,408,Yes,NoIntersection,Normal,2Vehicles-Side,CHRIST (RUE FERNAND),M,49.57171954983086,3.570034425176845
201800001673,NonLethal,2018-09-02,16:57:00,Daylight,20,408,Yes,NoIntersection,Normal,NoCollision,ARDON (RAMPE D'),M,49.56129587507643,3.561278316162664
201800001674,NonLethal,2018-08-29,21:55:00,NightStreelightsOn,20,408,Yes,NoIntersection,LightRain,NoCollision,ROMANETTE (RUE),M,49.55059227236512,3.5511551973262128
201800001675,NonLethal,2018-08-27,16:50:00,Daylight,20,408,Yes,Other,VeryGood,2Vehicles-BehindVehicles-Frontal,SOLCZANSKI (RUE MOJZEST),M,49.571834951590695,3.572042908006747
201800001676,NonLethal,2018-06-10,14:00:00,Daylight,20,408,Yes,NoIntersection,Normal,2Vehicles-Side,13 OCTOBRE (RUE DU),M,49.56543204869142,3.563447649155867
201800001677,NonLethal,2018-10-06,15:30:00,Daylight,20,408,Yes,NoIntersection,Normal,2Vehicles-Behind,TARPIN (RUE DANIEL),M,49.56887064118042,3.57161107097004
201800001678,NonLethal,2018-08-10,12:21:00,Daylight,20,408,No,NoIntersection,Normal,2Vehicles-BehindVehicles-Frontal,RN2,M,49.56563752554465,3.5648471643883743
201800001679,NonLethal,2018-11-10,07:50:00,TwilightOrDawn,20,408,No,NoIntersection,LightRain,3+Vehicles-Chain,RN2,M,49.56791398382426,3.570124208243832
201800001680,NonLethal,2018-10-14,13:15:00,Daylight,20,408,Yes,Other,Normal,NoCollision,CONDORCET (RUE),M,49.34529854578376,3.344335269593564
201800001681,NonLethal,2018-10-22,16:00:00,Daylight,20,408,Yes,NoIntersection,Normal,2Vehicles-Side,MENDES-FRANCE (AVENUE PI,M,49.58075027962506,3.580621047705326
201800001682,NonLethal,2018-10-23,14:15:00,Daylight,20,408,Yes,NoIntersection,Normal,Other,DROITS DE L'HOMME (PLACE,M,49.57092720645278,3.570015490924352
201800001683,NonLethal,2018-10-24,16:55:00,Daylight,20,408,Yes,NoIntersection,Normal,3+Vehicles-Multiple,DOCTEUR MENU (RUE DU),M,49.56295758973422,3.563297826065148
201800001684,NonLethal,2018-11-13,13:40:00,Daylight,20,408,Yes,Other,Normal,2Vehicles-Side,2ø REGIMENT DE DRAGONS (,M,49.38063629515442,3.3801585870330326
201800001685,NonLethal,2018-11-16,11:15:00,Daylight,20,408,Yes,NoIntersection,Normal,Other,GREHANT (RUE NESTOR),M,49.56823628019589,3.5686736352858497
201800001686,NonLethal,2018-11-21,21:02:00,NightNoStreetLight,20,28,No,NoIntersection,FogOrSmoke,2Vehicles-Side,RD1044,M,49.56514768906021,3.56349224855356
201800001687,NonLethal,2018-11-28,17:30:00,NightNoStreetLight,20,408,No,NoIntersection,LightRain,3+Vehicles-Chain,RN2,M,49.543300265755214,3.5427317719513685
201800001688,NonLethal,2018-09-12,22:30:00,NightStreelightsOn,20,408,Yes,T-type,Overcast,2Vehicles-BehindVehicles-Frontal,PASTEUR (RUE),M,49.55755230335424,3.5578877290443875
201800001689,NonLethal,2018-11-12,07:50:00,NightNoStreetLight,20,408,Yes,NoIntersection,FogOrSmoke,Other,GAMBETTA (AVENUE),M,49.56642911820887,3.565584236338686
201800001691,NonLethal,2018-11-25,06:40:00,TwilightOrDawn,810,271,No,Roundabout,LightRain,NoCollision,D988,M,43.77033247193298,1.7700830400665173
201800001692,NonLethal,2018-02-15,17:30:00,Daylight,810,219,No,NoIntersection,Normal,NoCollision,RN 126 PK 31+750,M,43.56765514343503,1.5667522026739524
201800001693,NonLethal,2018-04-18,18:00:00,Daylight,810,219,No,NoIntersection,Normal,2Vehicles-BehindVehicles-Frontal,RN 126 lieu dit negue sa,M,43.568263461070885,1.567398772384235
201800001694,NonLethal,2018-04-23,19:40:00,TwilightOrDawn,810,219,No,NoIntersection,Normal,Other,RD 84 PK 0012+200,M,43.58019704225625,1.5785212916076536
201800001696,NonLethal,2018-06-14,19:30:00,Daylight,810,127,No,NoIntersection,Normal,3+Vehicles-Multiple,RN 126 - PR: 26+940- lie,M,43.56755534816191,1.5680063172200316
201800001698,Lethal,2018-01-08,10:17:00,Daylight,810,76,No,NoIntersection,Normal,NoCollision,Chemin communal N°08,M,43.57974910708193,1.5776472843913871
201800001699,NonLethal,2018-09-18,06:30:00,TwilightOrDawn,810,32,No,NoIntersection,Normal,3+Vehicles-Multiple,RD622 - PK 000+250,M,43.50403881655912,2.5035228888241328
201800001700,NonLethal,2018-10-29,16:50:00,Daylight,810,251,No,NoIntersection,LightRain,3+Vehicles-Chain,lieu dit en sarrat,M,43.55766141542882,2.558750924867415
201800001701,Lethal,2018-10-29,23:35:00,NightNoStreetLight,810,219,No,NoIntersection,LightRain,Other,RD 84 - Lieu - dit Fount,M,43.580617960998666,1.580274185358188
201800001702,NonLethal,2018-01-28,12:15:00,Daylight,690,72,No,NoIntersection,Normal,3+Vehicles-Chain,RD 306,M,45.81420878476391,4.814218761155948
201800001705,NonLethal,2018-06-23,15:20:00,Daylight,690,127,Yes,NoIntersection,VeryGood,NoCollision,Route de saint bel,M,45.78122969492891,4.780527751213222
201800001706,NonLethal,2018-06-28,19:00:00,Daylight,690,72,Yes,NoIntersection,Normal,2Vehicles-Side,avenue de la porte de Ly,M,45.822334846573085,4.8216262942875625
201800001707,NonLethal,2018-08-06,21:57:00,NightNoStreetLight,690,250,Yes,Roundabout,Normal,NoCollision,Route Nationale 7,M,45.81988822955756,4.821264549604707
201800001708,NonLethal,2018-12-08,10:00:00,Daylight,690,250,Yes,NoIntersection,Normal,2Vehicles-Side,87 rue de la gare,M,45.806133427529645,4.805111940004439
201800001709,NonLethal,2018-11-06,18:20:00,NightStreelightsOn,690,72,Yes,NoIntersection,Overcast,2Vehicles-Side,52 chemin de la bruyère,M,45.81383960697472,4.8109195752380005
201800001710,NonLethal,2018-02-20,18:45:00,NightNoStreetLight,690,117,No,NoIntersection,Normal,Other,D42,M,45.869048241579485,4.867949128691752
201800001713,Lethal,2018-04-08,09:30:00,Daylight,690,40,Yes,NoIntersection,Normal,Other,avenue lanessan,M,45.7938247542598,4.793845257777734
201800001714,NonLethal,2018-04-06,17:10:00,Daylight,690,116,Yes,NoIntersection,Normal,2Vehicles-Behind,"1659, route du puy d'or",M,45.8229685784178,4.823289765617952
201800001715,NonLethal,2018-04-21,19:35:00,Daylight,690,117,Yes,NoIntersection,Normal,Other,chemin de la dame,M,45.83982763506187,4.8401970770243565
201800001716,NonLethal,2018-05-19,12:40:00,Daylight,690,116,Yes,NoIntersection,Normal,Other,"1051, route du puy d'or",M,45.82351627225879,4.82321125941036
201800001717,NonLethal,2018-06-01,08:00:00,Daylight,690,59,Yes,LevelCrossing,Normal,2Vehicles-Behind,d385,M,45.85493717785564,4.855368575299672
201800001718,NonLethal,2018-02-06,01:45:00,NightStreelightsOn,690,194,Yes,Y-type,Normal,Other,Angle de la rue Pasteur,M,45.80811898264086,4.807970943925743
201800001719,NonLethal,2018-06-26,17:50:00,Daylight,690,40,Yes,NoIntersection,VeryGood,Other,place ludovic monnier,M,45.79652328828952,4.794808137181146
201800001720,NonLethal,2018-02-07,18:00:00,Daylight,690,117,No,NoIntersection,Normal,Other,RN6,M,45.87548693458615,4.875256875973007
201800001721,NonLethal,2018-07-07,12:20:00,Daylight,690,116,No,NoIntersection,Normal,2Vehicles-Side,180 route de la garde,M,45.829414880221904,4.825741617157403
201800001722,NonLethal,2018-07-24,13:00:00,Daylight,690,116,No,NoIntersection,Normal,Other,route du mont verdun,M,45.844095766700335,4.845281291992939