AccidentId,Gravity,Date,Hour,Light,Department,Commune,InAgglomeration,IntersectionType,Weather,CollisionType,PostalAddress,GPSCode,Latitude,Longitude
201800001723,NonLethal,2018-09-18,08:50:00,Daylight,690,194,Yes,NoIntersection,Normal,2Vehicles-Side,Rue du Castellard,M,45.81035552712966,4.811706082803856
201800001725,NonLethal,2018-09-25,14:20:00,Daylight,690,116,Yes,NoIntersection,VeryGood,2Vehicles-Behind,1453 route du puy d'or,M,45.82379965627369,4.825696531717011
201800001726,NonLethal,2018-10-16,16:45:00,Daylight,690,116,Yes,NoIntersection,Normal,2Vehicles-Side,1704 route du puy d or,M,45.82333300582578,4.823996002545503
201800001728,NonLethal,2018-10-25,07:30:00,NightNoStreetLight,690,117,No,NoIntersection,Normal,2Vehicles-Side,RD42,M,45.85372546670911,4.852826326735354
201800001729,NonLethal,2018-10-27,13:30:00,Daylight,690,116,Yes,Other,Overcast,Other,168 avenue Général De Ga,M,45.837213440577855,4.839389995818221
201800001730,NonLethal,2018-10-30,11:10:00,Daylight,690,40,Yes,X-type,Overcast,Other,rue louis JUTTET,M,45.794504800628594,4.7966079435941165
201800001731,NonLethal,2018-11-16,17:40:00,NightNoStreetLight,690,55,Yes,NoIntersection,Normal,3+Vehicles-Multiple,83 route nationale 6,M,45.88239932295867,4.8793881617497865
201800001733,NonLethal,2018-01-26,18:00:00,NightNoStreetLight,690,143,No,NoIntersection,Normal,3+Vehicles-Chain,Avenue du Parc,M,45.88986686792145,4.889317027642166
201800001734,NonLethal,2018-02-01,08:45:00,Daylight,690,163,No,NoIntersection,LightRain,2Vehicles-Behind,Route départementale 87,M,45.93150985010194,4.932175483683717
201800001735,NonLethal,2018-10-02,19:15:00,NightStreelightsOn,690,143,Yes,T-type,Normal,2Vehicles-Side,chemin de parenty,M,45.87643213187084,4.874249282632745
201800001736,NonLethal,2018-02-28,07:55:00,Daylight,690,207,Yes,Roundabout,Normal,2Vehicles-Side,Avenue de la Paix,M,45.88285975837385,4.882788329539372
201800001738,NonLethal,2018-03-15,23:40:00,NightNoStreetLight,690,284,No,NoIntersection,LightRain,2Vehicles-BehindVehicles-Frontal,route de Saint Trivier,M,45.88899891773843,4.890144516499678
201800001739,NonLethal,2018-02-27,18:00:00,Daylight,690,278,Yes,NoIntersection,Normal,2Vehicles-BehindVehicles-Frontal,rue du Pontet,M,45.88957386604095,4.889562043709025
201800001740,NonLethal,2018-04-03,14:20:00,Daylight,690,71,Yes,Other,Normal,3+Vehicles-Chain,quai de villevert,M,45.87891042391692,4.879662348173137
201800001741,NonLethal,2018-04-21,16:20:00,Daylight,690,207,No,Other,Normal,Other,D51,M,45.87818839404384,4.881201608817777
201800001742,NonLethal,2018-04-23,13:25:00,Daylight,690,143,Yes,NoIntersection,LightRain,Other,4 chemin de parenty,M,45.87508511746494,4.876181951667299
201800001743,NonLethal,2018-01-05,14:30:00,Daylight,690,143,Yes,Roundabout,Overcast,2Vehicles-Side,quai pasteur,M,45.875678951606695,4.874154294131519
201800001744,NonLethal,2018-06-02,15:55:00,Daylight,690,3,Yes,NoIntersection,Normal,2Vehicles-Side,quai Général de Gaulle,M,45.86785704708591,4.867593192293102
201800001745,NonLethal,2018-02-06,19:15:00,Daylight,690,278,Yes,NoIntersection,Normal,2Vehicles-Side,330 route de Trévoux,M,45.89224605955266,4.893729246361481
201800001746,NonLethal,2018-05-14,06:15:00,TwilightOrDawn,690,163,No,NoIntersection,HeavyRain,2Vehicles-Side,chemin des terres blanch,M,45.93127894403919,4.931319859525339
201800001747,NonLethal,2018-06-16,23:30:00,NightStreelightsOn,690,143,Yes,Roundabout,Normal,Other,RD 433 route de Lyon,M,45.86928149943486,4.866422096615472
201800001748,NonLethal,2018-06-18,14:30:00,Daylight,690,278,Yes,NoIntersection,Normal,2Vehicles-BehindVehicles-Frontal,Route de st André,M,45.89962294709003,4.900466359549142
201800001750,NonLethal,2018-06-22,10:25:00,Daylight,690,143,Yes,NoIntersection,Normal,Other,AVENUE JEAN CHRISTOPHE,M,45.87963551591596,4.879198257218431
201800001751,NonLethal,2018-03-07,08:11:00,Daylight,690,163,No,NoIntersection,Normal,2Vehicles-Side,Route de varennes,M,45.93508712481336,4.936105235169544
201800001753,NonLethal,2018-08-11,12:20:00,Daylight,690,3,Yes,Roundabout,Normal,2Vehicles-Side,D51 - D16,M,45.87709657215471,4.87631659257321
201800001754,NonLethal,2018-08-29,08:10:00,Daylight,690,284,Yes,NoIntersection,Normal,Other,195 route des échets,M,45.879743942074896,4.880587250170693
201800001755,NonLethal,2018-09-17,17:05:00,Daylight,690,163,Yes,NoIntersection,Normal,Other,13 route de Chasselay,M,45.912303486270886,4.91234172493141
201800001756,NonLethal,2018-10-07,01:55:00,NightNoStreetLight,690,207,No,NoIntersection,HeavyRain,2Vehicles-Behind,Avenue Jacque brel,M,45.88292313346912,4.883534738742954
201800001757,NonLethal,2018-10-12,07:35:00,Daylight,690,143,Yes,NoIntersection,Normal,2Vehicles-Side,"29Bis, route de Lyon",M,45.86785278706795,4.871413719367613
201800001758,NonLethal,2018-10-12,15:20:00,Daylight,690,163,No,NoIntersection,Normal,Other,D51,M,45.916810697459546,4.918398272081611
201800001759,NonLethal,2018-11-14,19:47:00,NightStreelightsOn,690,143,Yes,NoIntersection,Normal,Other,Place Branly,M,45.87673917565709,4.876352930954756
201800001760,NonLethal,2018-11-30,20:00:00,NightStreelightsOn,210,291,Yes,Roundabout,LightRain,2Vehicles-Behind,route de Trévoux,M,45.89002487870805,4.889565468117035
201800001761,NonLethal,2018-10-12,15:20:00,Daylight,690,207,Yes,NoIntersection,Normal,2Vehicles-Side,Avenue du deuxième saphi,M,45.87831292035484,4.878956900355962
201800001762,NonLethal,2018-12-16,09:10:00,Daylight,690,143,Yes,Roundabout,Overcast,Other,Quai Pasteur,M,45.87791918027535,4.876414993416644
201800001763,NonLethal,2018-12-27,16:30:00,Daylight,690,68,Yes,NoIntersection,Normal,2Vehicles-BehindVehicles-Frontal,RUE GABRIEL PERI,M,45.84848608527693,4.848934035911149
201800001764,NonLethal,2018-03-31,09:40:00,Daylight,690,204,No,NoIntersection,Normal,2Vehicles-Behind,départementale 342,M,45.68825622676179,4.688327425959031
201800001765,NonLethal,2018-02-07,07:30:00,Daylight,690,288,No,NoIntersection,Normal,2Vehicles-BehindVehicles-Frontal,RD 154,M,45.68436851439134,5.6838381860255245
201800001767,NonLethal,2018-04-26,14:25:00,Daylight,690,298,No,NoIntersection,Normal,2Vehicles-Side,D318,M,45.667466917574906,4.667153481198013
201800001768,NonLethal,2018-05-06,15:15:00,Daylight,690,287,Yes,NoIntersection,Normal,Other,58 D306,M,45.69649255444203,5.696148905045823
201800001769,NonLethal,2018-05-29,10:25:00,Daylight,690,298,No,NoIntersection,Normal,2Vehicles-Side,RD 318,M,45.66031796589655,4.658871268300276
201800001770,NonLethal,2018-05-31,15:15:00,Daylight,690,299,No,NoIntersection,Normal,2Vehicles-Side,D29 route de pont-de-ché,M,45.71640863887803,5.717010015353886
201800001771,Lethal,2018-08-15,04:00:00,NightNoStreetLight,690,289,No,NoIntersection,Normal,2Vehicles-BehindVehicles-Frontal,Chemin de Pillery,M,45.615430194231145,5.620027513957353
201800001772,NonLethal,2018-09-26,18:10:00,Daylight,690,299,Yes,NoIntersection,Normal,2Vehicles-BehindVehicles-Frontal,RD 155 Route du stade,M,45.712468955618185,5.711303177673713
201800001773,NonLethal,2018-06-11,16:15:00,Daylight,690,289,No,T-type,Normal,2Vehicles-Side,croisement RD 149 RD 147,M,45.65139042167316,4.649786699873885
201800001774,NonLethal,2018-01-02,19:35:00,NightStreelightsOn,690,270,Yes,NoIntersection,LightRain,2Vehicles-Behind,46 route de Marennes,M,45.62368913721723,4.625440610499974
201800001775,NonLethal,2018-08-03,11:45:00,Daylight,690,283,Yes,NoIntersection,Normal,2Vehicles-Side,avenue des tilleuls,M,45.6679001752344,4.672009287391762
201800001776,NonLethal,2018-05-03,08:05:00,Daylight,690,283,Yes,NoIntersection,LightRain,NoCollision,ROUTE D'HEYRIEUX,M,45.67854551866458,4.680086873098697
201800001777,NonLethal,2018-03-05,19:00:00,TwilightOrDawn,690,273,Yes,Roundabout,Normal,2Vehicles-Side,rue de savoie,M,45.67096143450958,4.670214379897438
201800001778,NonLethal,2018-05-15,10:45:00,Daylight,690,270,No,Other,LightRain,2Vehicles-BehindVehicles-Frontal,Route de Corbas,M,45.635249103409606,4.634593568082997
201800001779,NonLethal,2018-06-01,06:00:00,Daylight,690,283,Yes,NoIntersection,Normal,2Vehicles-Side,Rue Salvador ALLENDE,M,45.65369886643358,4.653634084582474
201800001780,NonLethal,2018-06-08,19:45:00,Daylight,690,281,No,NoIntersection,Overcast,2Vehicles-BehindVehicles-Frontal,Route de Lyon,M,45.64286956912179,4.641064491572637
201800001781,NonLethal,2018-08-21,19:00:00,Daylight,690,283,Yes,NoIntersection,Normal,2Vehicles-Side,rue Charles De Gaulle,M,45.66364292656075,4.664362705322571
201800001782,NonLethal,2018-07-09,09:10:00,Daylight,690,283,Yes,NoIntersection,Normal,Other,Route d'Heyrieux,M,45.68013330778207,4.680134061791467
201800001783,NonLethal,2018-03-11,17:34:00,NightStreelightsOn,690,273,Yes,NoIntersection,Normal,3+Vehicles-Multiple,Chemin de grange blanche,M,45.670319619135206,4.671150060140438
201800001785,NonLethal,2018-11-29,17:30:00,NightNoStreetLight,690,273,Yes,NoIntersection,Overcast,2Vehicles-Side,6 avenue Gabriel Peri,M,45.680461379012606,4.681280506964548
201800001786,NonLethal,2018-12-07,15:30:00,Daylight,690,270,Yes,NoIntersection,LightRain,Other,85 avenue de chaponnay,M,45.650595909388535,4.651970574236098
201800001787,NonLethal,2018-01-13,19:30:00,NightStreelightsOn,690,171,Yes,T-type,Normal,2Vehicles-Side,quai de la brevenne,M,45.81089762649481,4.809897000464835
201800001788,NonLethal,2018-12-04,05:00:00,NightStreelightsOn,690,10,Yes,NoIntersection,HeavyRain,Other,18 rue charles de gaulle,M,45.83530809491062,4.836093698484544
201800001789,NonLethal,2018-04-27,21:35:00,NightNoStreetLight,690,173,No,NoIntersection,Normal,Other,chemin de Launay,M,45.88580472448424,4.887653776231061
201800001790,NonLethal,2018-05-17,18:10:00,Daylight,690,10,No,NoIntersection,Normal,2Vehicles-Side,route de Lozanne,M,45.83979740442647,4.84103765367074
201800001795,NonLethal,2018-01-16,15:00:00,Daylight,690,139,No,NoIntersection,LightRain,Other,Lieu dit Pontu,M,45.80559049496119,4.804999848819801
201800001796,Lethal,2018-01-24,15:00:00,Daylight,690,263,No,NoIntersection,Normal,NoCollision,"Lieu dit le COTON, RD4",M,45.81059702145847,4.808300734042397
201800001797,NonLethal,2018-04-16,09:20:00,Daylight,690,220,No,NoIntersection,Normal,2Vehicles-BehindVehicles-Frontal,RD 389,M,45.728309511286014,4.731304001868289
201800001798,NonLethal,2018-05-05,18:00:00,Daylight,690,120,No,NoIntersection,Normal,2Vehicles-BehindVehicles-Frontal,Le Viré,M,45.79836056809788,4.800124121505143
201800001799,Lethal,2018-05-19,18:15:00,Daylight,690,99,No,NoIntersection,Normal,2Vehicles-BehindVehicles-Frontal,Lieu-dit beaupré,M,45.691357854621714,4.691176763973061
201800001800,NonLethal,2018-06-08,17:05:00,Daylight,690,220,No,NoIntersection,LightRain,2Vehicles-Side,Intersection D 101 - D 8,M,45.7483833802856,4.750950004690103
201800001801,NonLethal,2018-07-17,15:45:00,Daylight,690,220,No,NoIntersection,Normal,Other,lieu dit le marion,M,45.73300281539961,4.732869598911965
201800001802,NonLethal,2018-09-18,06:05:00,NightNoStreetLight,690,220,No,T-type,Normal,2Vehicles-Side,RD81,M,45.74989051211198,4.750675050230222
201800001803,NonLethal,2018-09-25,09:45:00,Daylight,690,38,No,X-type,Normal,2Vehicles-BehindVehicles-Frontal,lieu dit La truelle,M,45.76652633606229,4.765923690082791
201800001804,NonLethal,2018-10-19,12:20:00,Daylight,690,220,Yes,Other,Normal,2Vehicles-Behind,rue du stade,M,45.73415328899559,4.732650368310592
201800001805,Lethal,2018-11-17,12:45:00,Daylight,690,220,No,NoIntersection,Overcast,2Vehicles-BehindVehicles-Frontal,"D389, PK17.650",M,45.72770684187142,4.726647364746616
201800001806,NonLethal,2018-11-28,18:07:00,NightStreelightsOn,690,178,No,Roundabout,Normal,2Vehicles-Side,rd 389 - Lieu dit Bellev,M,45.70046879755194,4.701808712364925
201800001807,NonLethal,2018-12-06,15:50:00,Daylight,690,203,No,NoIntersection,LightRain,NoCollision,Lieu-dit Montfort,M,45.69150544846676,4.692353292209424
201800001808,NonLethal,2018-04-15,16:50:00,Daylight,690,227,No,NoIntersection,Normal,NoCollision,lieu dit croix perrière,M,45.690290270134845,4.687635327281
201800001809,NonLethal,2018-05-05,16:30:00,Daylight,690,227,No,NoIntersection,Normal,Other,la jayoudière,M,45.69440725011195,4.694662522786127
201800001811,NonLethal,2018-05-18,11:25:00,Daylight,690,227,No,NoIntersection,Normal,2Vehicles-Side,Lieu dit LA BRUYERE,M,45.624003911814015,4.625116098881922
201800001815,NonLethal,2018-09-28,16:40:00,Daylight,690,227,Yes,Other,Normal,2Vehicles-Side,Rue des cherchères,M,45.65952236120032,4.65951541837148
201800001816,NonLethal,2018-08-10,09:15:00,Daylight,690,110,No,NoIntersection,LightRain,Other,la bellardière,M,45.62175332449809,4.621467553778454
201800001817,NonLethal,2018-10-15,07:30:00,TwilightOrDawn,690,227,No,Y-type,Normal,2Vehicles-BehindVehicles-Frontal,le charinel,M,45.674195620039846,4.674174146411882
201800001818,NonLethal,2018-01-11,13:30:00,Daylight,690,155,No,NoIntersection,LightRain,2Vehicles-Behind,"Lieu dit Chavannes,",M,45.6512085530532,4.652726193640846
201800001819,NonLethal,2018-02-25,22:30:00,NightStreelightsOn,690,255,Yes,NoIntersection,Normal,Other,36 route de Bordeaux,M,45.73202290436242,4.73309243313872
201800001820,NonLethal,2018-03-07,09:15:00,Daylight,690,28,Yes,X-type,Normal,2Vehicles-Side,Intersection CD 311 / ch,M,45.71444343736195,4.714357317387844
201800001821,NonLethal,2018-03-14,16:54:00,Daylight,690,154,No,NoIntersection,Normal,Other,D113 - Route de St bonne,M,45.75892062759595,4.757458187812042
201800001822,NonLethal,2018-03-17,10:50:00,Daylight,690,255,Yes,NoIntersection,LightRain,Other,11 avenue docteur serrul,M,45.73654938791624,4.736959861712455
201800001824,Lethal,2018-12-04,15:20:00,Daylight,690,28,Yes,NoIntersection,Normal,Other,CD 311,M,45.72230509289655,4.7228947299604185
201800001826,NonLethal,2018-04-14,16:15:00,Daylight,690,154,No,NoIntersection,Normal,NoCollision,PK 07+ 0700,M,45.7735204477091,4.773150606142257
201800001827,NonLethal,2018-04-19,15:50:00,Daylight,690,269,No,NoIntersection,Normal,Other,Départementale D25 PK 14,M,45.69919248576217,4.699628918157518
201800001828,NonLethal,2018-04-23,12:30:00,Daylight,690,28,No,NoIntersection,Normal,Other,122 Route de la Douane,M,45.72762483722536,4.72739181390458
201800001829,NonLethal,2018-05-14,09:40:00,Daylight,690,28,Yes,NoIntersection,HeavyRain,2Vehicles-Side,route de la joanna,M,45.7148250752788,4.713931006819981
201800001830,NonLethal,2018-03-06,18:25:00,Daylight,690,94,Yes,Roundabout,Normal,Other,Route du col de la Luère,M,45.750937955672846,4.750926661419606
201800001831,Lethal,2018-06-14,11:15:00,Daylight,690,28,No,NoIntersection,Normal,2Vehicles-Behind,D 311 PR 5 + 700,M,45.71058407432188,4.71110193605888
201800001832,NonLethal,2018-06-22,13:40:00,Daylight,690,249,No,NoIntersection,Normal,Other,lieu dit LE ROCHET,M,45.67747268235548,4.675695423797862
201800001833,NonLethal,2018-06-23,15:20:00,Daylight,690,249,No,NoIntersection,Normal,2Vehicles-BehindVehicles-Frontal,Route d'YZERON,M,45.69002677818414,4.689889325728095
201800001834,NonLethal,2018-06-27,08:50:00,Daylight,690,94,No,NoIntersection,Normal,2Vehicles-BehindVehicles-Frontal,Chemin de la rivière,M,45.75139575435203,4.752701684489375
201800001835,Lethal,2018-06-30,19:35:00,Daylight,690,249,No,T-type,Normal,2Vehicles-Side,Chemin du Mathy,M,45.67762132002933,4.678383837289172
201800001836,NonLethal,2018-07-16,16:40:00,Daylight,690,154,No,NoIntersection,Normal,2Vehicles-BehindVehicles-Frontal,Route de Vaugneray,M,45.75866361502948,4.758948571892873
201800001837,NonLethal,2018-07-30,19:25:00,Daylight,690,94,No,Other,VeryGood,2Vehicles-BehindVehicles-Frontal,route du col de la luère,M,45.74762434947101,4.747346928931744
201800001838,NonLethal,2018-06-09,14:00:00,Daylight,690,94,Yes,X-type,Normal,2Vehicles-Side,CD30,M,45.74930047525471,4.748900179646606
201800001839,NonLethal,2018-11-10,09:40:00,Daylight,690,154,No,NoIntersection,Normal,NoCollision,ROUTE DE LA LUERE,M,45.753484288905135,4.756226453651846
201800001840,Lethal,2018-10-14,10:10:00,Daylight,690,190,No,T-type,Normal,2Vehicles-Side,Route de grezieu la vare,M,45.761392321966966,4.758394460525878
201800001841,NonLethal,2018-10-16,14:10:00,Daylight,690,249,Yes,Y-type,Normal,2Vehicles-Side,ROUTE DE RONTALON,M,45.67979703193976,4.678176017450854
201800001842,NonLethal,2018-10-20,19:00:00,TwilightOrDawn,690,255,Yes,NoIntersection,Normal,2Vehicles-BehindVehicles-Frontal,RUE DU PONT PINAY,M,45.73047280892136,4.72962769116985
201800001844,NonLethal,2018-10-27,11:45:00,Daylight,690,28,Yes,NoIntersection,LightRain,2Vehicles-BehindVehicles-Frontal,Montée de la bérnade,M,45.721676480723545,4.722859596674224
201800001845,NonLethal,2018-10-30,18:18:00,NightStreelightsOn,690,249,Yes,NoIntersection,LightRain,2Vehicles-BehindVehicles-Frontal,70 route de la Vallée du,M,45.679564121830616,4.679964137534208
201800001846,NonLethal,2018-01-11,19:30:00,NightStreelightsOn,690,28,Yes,NoIntersection,Overcast,2Vehicles-BehindVehicles-Frontal,189 route du pont de cha,M,45.73517723757431,4.7359155411316
201800001847,NonLethal,2018-12-05,07:25:00,TwilightOrDawn,690,255,Yes,NoIntersection,Normal,Other,79 route de Bordeaux,M,45.73337253877716,4.733707837863106
201800001848,NonLethal,2018-07-12,18:55:00,NightNoStreetLight,690,154,No,NoIntersection,LightRain,2Vehicles-BehindVehicles-Frontal,rue des écoles,M,45.763511144939216,4.76465164821519
201800001849,NonLethal,2018-11-12,07:10:00,TwilightOrDawn,690,131,No,NoIntersection,Normal,2Vehicles-BehindVehicles-Frontal,ROUTE DES MONTS DU LYONN,M,45.70589991781913,4.706542374738658
201800001850,NonLethal,2018-12-12,11:45:00,Daylight,690,249,No,NoIntersection,Normal,2Vehicles-Side,Croisement chemin du Gér,M,45.67846582495868,4.678399390724578
201800001851,Lethal,2018-01-28,04:00:00,NightNoStreetLight,690,291,No,NoIntersection,Normal,NoCollision,RD307,M,45.62875657247116,4.628175897759647
201800001852,Lethal,2018-01-02,04:24:00,NightStreelightsOff,690,294,No,NoIntersection,LightRain,Other,CD 12,M,45.63229450165589,4.631841748967976
201800001853,NonLethal,2018-02-25,04:30:00,NightNoStreetLight,690,291,No,Roundabout,Overcast,NoCollision,route d'heyrieux - D149,M,45.63964596391783,4.638557556790009
201800001854,NonLethal,2018-03-26,16:40:00,Daylight,690,294,Yes,Roundabout,Normal,2Vehicles-Side,CD 12,M,45.61013397444518,4.610751963933124
201800001855,NonLethal,2018-04-03,16:45:00,Daylight,690,297,No,T-type,Normal,3+Vehicles-Chain,intersection CD 12 et ch,M,45.61721140975428,4.616621660526135
201800001856,NonLethal,2018-04-05,07:45:00,Daylight,690,296,No,NoIntersection,Normal,2Vehicles-Side,route de Chasse sur Rhôn,M,45.63918316466157,4.640754583764742
201800001858,Lethal,2018-09-05,06:58:00,Daylight,690,296,No,NoIntersection,LightRain,2Vehicles-BehindVehicles-Frontal,CD 312,M,45.64872722572304,4.650353358391698
201800001859,NonLethal,2018-05-07,10:20:00,Daylight,690,294,Yes,NoIntersection,Normal,Other,23 avenue du dauphiné,M,45.62997894334116,4.627267964527485
201800001860,NonLethal,2018-05-13,23:00:00,NightNoStreetLight,690,296,No,NoIntersection,LightRain,2Vehicles-BehindVehicles-Frontal,"départementale 36, rue d",M,45.64281221013438,4.639869960776064
201800001861,NonLethal,2018-05-29,14:00:00,Daylight,690,297,No,NoIntersection,Normal,2Vehicles-Side,ROUTE DÉPARTEMENTALE 312,M,45.60774472161117,4.608053192891466
201800001862,NonLethal,2018-06-03,18:25:00,Daylight,690,272,No,NoIntersection,Normal,2Vehicles-Side,rue du 9 juin 1944,M,45.5987446958369,4.599660458993715
201800001863,NonLethal,2018-06-27,07:35:00,Daylight,690,296,Yes,NoIntersection,Normal,2Vehicles-BehindVehicles-Frontal,RUE DU RHONE,M,45.64036265386359,4.640216546339191
201800001864,NonLethal,2018-06-27,22:45:00,NightNoStreetLight,690,291,No,NoIntersection,Normal,Other,Route départementale 307,M,45.64845318449914,4.646904854062727
201800001865,NonLethal,2018-12-07,13:40:00,Daylight,690,291,No,T-type,Normal,2Vehicles-Side,Route nationale 7,M,45.64117183522113,4.640290324769467
201800001868,NonLethal,2018-03-10,00:37:00,NightNoStreetLight,690,291,No,NoIntersection,Normal,Other,CD 307,M,45.61922161105494,4.618544605706343
201800001869,NonLethal,2018-10-12,17:10:00,Daylight,690,295,No,T-type,Normal,Other,route de CHUZELLES,M,45.61099586910144,4.6120585670849445
201800001870,NonLethal,2018-10-20,12:45:00,Daylight,690,295,No,NoIntersection,Normal,2Vehicles-Side,D307,M,45.6141361333399,4.614865097288535
201800001871,NonLethal,2018-02-12,00:50:00,NightStreelightsOff,690,296,No,NoIntersection,HeavyRain,2Vehicles-Behind,CD 312,M,45.64747666626306,4.647093768148749
201800001872,NonLethal,2018-01-13,16:10:00,Daylight,690,141,Yes,MoreThan4Branches,Normal,2Vehicles-Side,Route de Bellevue,M,45.60242749443466,4.602513099619238
201800001873,NonLethal,2018-01-16,18:10:00,NightNoStreetLight,690,249,No,NoIntersection,Normal,2Vehicles-BehindVehicles-Frontal,ROUTE DEPARTEMENTALE 75,M,45.66810860277332,4.667867146937865
201800001874,NonLethal,2018-05-11,19:10:00,Daylight,690,219,No,NoIntersection,Normal,2Vehicles-BehindVehicles-Frontal,RD 30,M,45.6421913795402,4.643155260337667
201800001875,NonLethal,2018-06-10,10:00:00,Daylight,690,228,No,NoIntersection,Normal,Other,CD342,M,45.56447887052941,4.566085540800452
201800001876,NonLethal,2018-06-25,14:10:00,Daylight,690,141,Yes,NoIntersection,Normal,2Vehicles-Side,CD 34,M,45.61414064142397,4.615709114758505
201800001877,NonLethal,2018-07-04,13:00:00,Daylight,690,148,No,T-type,Normal,2Vehicles-BehindVehicles-Frontal,D36e,M,45.66258516169518,4.663593571477281
201800001878,NonLethal,2018-10-07,06:40:00,Daylight,690,228,No,X-type,Normal,2Vehicles-Side,bellevue,M,45.58713425347781,4.589233697770609
201800001879,NonLethal,2018-07-27,21:05:00,NightNoStreetLight,690,148,No,NoIntersection,Normal,2Vehicles-Side,d36,M,45.66013978594177,4.65815813740976
201800001881,NonLethal,2018-10-08,12:40:00,Daylight,690,236,No,X-type,Normal,2Vehicles-BehindVehicles-Frontal,D488,M,45.56507573500973,4.565066158265364
201800001882,NonLethal,2018-01-09,11:20:00,Daylight,690,148,Yes,NoIntersection,Normal,Other,CD 36E,M,45.65880144381393,4.659266548666665
201800001884,NonLethal,2018-09-15,19:15:00,Daylight,690,219,No,NoIntersection,Normal,2Vehicles-BehindVehicles-Frontal,route de ravel,M,45.63174831627661,4.631838702391789
201800001885,NonLethal,2018-09-23,05:55:00,NightStreelightsOff,690,176,Yes,X-type,Normal,2Vehicles-Side,13 chemin de la chaucher,M,45.66495886840195,4.666411223014145
201800001886,NonLethal,2018-04-10,18:55:00,Daylight,690,141,No,X-type,Normal,2Vehicles-Side,route des ollagnons,M,45.621257373247055,4.620462581271834
201800001887,Lethal,2018-10-10,16:50:00,Daylight,690,51,No,NoIntersection,Overcast,2Vehicles-BehindVehicles-Frontal,D34,M,45.63586246721438,4.6353661558397405
201800001888,NonLethal,2018-11-29,11:45:00,Daylight,690,141,Yes,NoIntersection,Normal,NoCollision,boulevard du général de,M,45.6188762986264,4.619054993495279
201800001889,NonLethal,2018-05-12,08:30:00,Daylight,690,141,No,NoIntersection,Normal,2Vehicles-Side,300 RD 42 platières,M,45.615529959272216,4.615565682888418
201800001890,NonLethal,2018-12-14,11:55:00,Daylight,690,148,No,NoIntersection,Normal,Other,D36,M,45.64796709186102,4.648706652964548
201800001891,NonLethal,2018-07-29,12:10:00,Daylight,690,74,No,NoIntersection,Normal,Other,d76 lieu dit mondard,M,46.012768481970966,4.011119250116477
201800001892,NonLethal,2018-09-10,14:30:00,Daylight,690,192,No,NoIntersection,Normal,Other,lieu dit narbonne,M,46.03020332492283,4.030191812979383
201800001893,NonLethal,2018-12-14,23:15:00,NightNoStreetLight,690,105,No,NoIntersection,Normal,Other,D84,M,45.98057351801113,4.980884648795186
201800001894,NonLethal,2018-12-15,19:25:00,NightNoStreetLight,690,74,No,NoIntersection,LightRain,2Vehicles-BehindVehicles-Frontal,Départementale 504 - 256,M,45.998506284681824,5.001807070757465
201800001895,NonLethal,2018-12-31,16:50:00,Daylight,690,122,Yes,NoIntersection,LightRain,Other,921 route de l'Azergues,M,45.91433314176484,4.913216155384455
201800001896,NonLethal,2018-01-26,07:00:00,TwilightOrDawn,690,121,Yes,NoIntersection,HeavyRain,Other,rue du pont,M,45.85389525096677,4.855599427536297
201800001897,NonLethal,2018-03-13,11:50:00,Daylight,690,20,Yes,X-type,Overcast,2Vehicles-Side,intersection CD 70 et CD,M,45.87024013091857,4.8697405836742576
201800001898,NonLethal,2018-03-27,10:00:00,Daylight,690,9,Yes,Roundabout,Normal,2Vehicles-Side,Avenue de l'Europe,M,45.93491152437101,4.936206744198569
201800001899,NonLethal,2018-01-04,05:50:00,NightStreelightsOn,690,159,Yes,NoIntersection,LightRain,Other,route de jarnioux,M,45.96011955510041,4.960955380519758
201800001900,NonLethal,2018-04-06,13:40:00,Daylight,690,47,No,X-type,VeryGood,2Vehicles-Side,Carrefour RD 70 et D655,M,45.90078144528065,4.901524430301126
201800001903,NonLethal,2018-05-10,22:40:00,NightNoStreetLight,690,4,No,NoIntersection,Normal,2Vehicles-Behind,D76,M,45.91620017988061,4.917550254443318
201800001905,NonLethal,2018-06-19,20:30:00,Daylight,690,9,Yes,T-type,Normal,2Vehicles-BehindVehicles-Frontal,rue des 3 chatels,M,45.932078129415146,4.931054607159653