AccidentId,Gravity,Date,Hour,Light,Department,Commune,InAgglomeration,IntersectionType,Weather,CollisionType,PostalAddress,GPSCode,Latitude,Longitude
201800001906,NonLethal,2018-05-07,14:30:00,Daylight,690,20,No,Other,Normal,NoCollision,ROUTE BUISSONIERE,M,45.86379260016201,4.864394034932351
201800001907,NonLethal,2018-09-07,21:10:00,NightNoStreetLight,690,4,No,NoIntersection,Normal,Other,"RD 39, route des bois d'",M,45.92867644637108,4.926936424290772
201800001908,NonLethal,2018-09-30,10:15:00,Daylight,690,52,No,NoIntersection,Normal,Other,63 Rue des Bageardes,M,45.87094175084789,4.868696429850738
201800001909,NonLethal,2018-10-22,18:45:00,TwilightOrDawn,690,52,Yes,X-type,Normal,2Vehicles-BehindVehicles-Frontal,ROUTE DE LOZANNE,M,45.87528246037987,4.874477763160075
201800001910,NonLethal,2018-11-06,16:50:00,Daylight,690,122,No,NoIntersection,LightRain,2Vehicles-BehindVehicles-Frontal,CHEMIN DES CRETES,M,45.92258914322456,4.923798914975578
201800001911,NonLethal,2018-12-06,11:40:00,Daylight,690,9,No,X-type,Normal,NoCollision,allee du colombier/D 39,M,45.94371912903489,4.943843661553408
201800001912,NonLethal,2018-12-18,11:30:00,Daylight,690,9,Yes,NoIntersection,Normal,2Vehicles-Side,ROUTE DE LYON,M,45.93571990106273,4.935591818403851
201800001913,NonLethal,2018-07-01,03:00:00,NightStreelightsOn,690,206,Yes,X-type,Normal,2Vehicles-Side,Avenue Léon Foillard,M,46.063681100314334,4.062461841475733
201800001914,NonLethal,2018-01-07,20:00:00,NightStreelightsOn,690,23,No,NoIntersection,Normal,Other,1002 route de la talleba,M,46.050239024406025,4.050969813522846
201800001915,NonLethal,2018-01-17,18:45:00,NightNoStreetLight,690,65,No,NoIntersection,Normal,Other,Lieu dit le vieux bourg,M,46.16173544418893,4.15979369572775
201800001916,NonLethal,2018-02-07,07:20:00,TwilightOrDawn,690,206,No,NoIntersection,SnowOrHail,2Vehicles-Side,MOL DE VAUX,M,46.08856977744442,4.086420335873756
201800001919,NonLethal,2018-04-21,19:00:00,Daylight,690,211,No,NoIntersection,VeryGood,2Vehicles-Side,RD3O6,M,46.15899633825983,4.159384062927878
201800001920,NonLethal,2018-04-05,15:45:00,Daylight,690,218,No,NoIntersection,Normal,2Vehicles-BehindVehicles-Frontal,D337 lieu dit Briante,M,46.11927637362965,4.120191794285554
201800001921,NonLethal,2018-05-14,11:45:00,Daylight,690,19,Yes,NoIntersection,LightRain,2Vehicles-Behind,Rue de la république,M,46.10744342201429,4.110088866562444
201800001922,NonLethal,2018-09-06,00:01:00,NightStreelightsOn,690,19,Yes,NoIntersection,Normal,NoCollision,1 rue de la république,M,46.10860893804659,4.1132935238257895
201800001923,NonLethal,2018-12-06,13:40:00,Daylight,690,218,Yes,NoIntersection,Normal,2Vehicles-Side,chemin des RAVATYS,M,46.115869389834415,4.117789334317592
201800001924,NonLethal,2018-06-16,15:50:00,Daylight,690,197,No,NoIntersection,Normal,2Vehicles-Side,D43,M,46.05288931741988,4.054439569365669
201800001925,NonLethal,2018-06-28,18:35:00,Daylight,690,19,No,NoIntersection,VeryGood,Other,RD19,M,46.09899250996925,4.097896293549552
201800001926,NonLethal,2018-08-16,16:00:00,Daylight,690,65,No,NoIntersection,Normal,Other,Lieu-dit Chassagne,M,46.14281334811872,4.145465902540488
201800001927,NonLethal,2018-08-27,12:40:00,Daylight,690,36,Yes,NoIntersection,Normal,3+Vehicles-Multiple,80 grande rue,M,46.118523868374055,4.11976950270438
201800001928,NonLethal,2018-06-10,16:30:00,Daylight,690,197,No,NoIntersection,LightRain,2Vehicles-BehindVehicles-Frontal,D49,M,46.05370164877281,4.054240938486719
201800001929,NonLethal,2018-10-17,20:55:00,NightStreelightsOn,690,19,Yes,X-type,Normal,3+Vehicles-Multiple,BALLOFET DURY / REPUBLIQ,M,46.10913205029329,4.109768731747193
201800001930,NonLethal,2018-10-20,17:15:00,Daylight,690,206,No,NoIntersection,Normal,2Vehicles-Behind,D306,M,46.07089513893792,4.068711017869486
201800001931,NonLethal,2018-11-17,23:45:00,NightStreelightsOn,690,19,Yes,NoIntersection,Normal,2Vehicles-Side,Rue de la République,M,46.10612953213115,4.109199870216757
201800001932,NonLethal,2018-11-30,23:50:00,NightNoStreetLight,690,197,No,NoIntersection,FogOrSmoke,Other,Lieu dit les Terrier,M,46.05221662379434,4.052931887602414
201800001933,NonLethal,2018-11-12,10:00:00,Daylight,690,77,Yes,NoIntersection,VeryGood,2Vehicles-BehindVehicles-Frontal,D9 Route de THOISSEY,M,46.15662903745093,4.157599278018254
201800001934,NonLethal,2018-01-21,04:56:00,NightNoStreetLight,690,39,Yes,X-type,Normal,2Vehicles-BehindVehicles-Frontal,Le bourg,M,45.98339008397737,4.98449756342502
201800001935,NonLethal,2018-01-20,16:31:00,Daylight,690,245,Yes,NoIntersection,LightRain,2Vehicles-BehindVehicles-Frontal,D385,M,45.94638013584923,4.946448271475046
201800001936,NonLethal,2018-04-14,10:45:00,Daylight,690,239,No,X-type,LightRain,2Vehicles-Side,la tracole,M,45.91099152982823,4.910968057056526
201800001937,Lethal,2018-04-19,17:20:00,Daylight,690,146,No,NoIntersection,Normal,2Vehicles-BehindVehicles-Frontal,cd 120,M,45.94278128058887,4.942696322435457
201800001939,NonLethal,2018-05-28,19:20:00,TwilightOrDawn,690,50,No,NoIntersection,LightRain,2Vehicles-BehindVehicles-Frontal,D 596,M,45.85953502359746,4.858976430480498
201800001940,NonLethal,2018-07-17,18:45:00,Daylight,690,56,No,NoIntersection,Normal,2Vehicles-Side,LIEU DIT LEMPEREUR,M,45.88880182010398,4.892514929939929
201800001941,NonLethal,2018-07-24,05:00:00,TwilightOrDawn,690,50,No,NoIntersection,Normal,NoCollision,,M,45.85492136541986,4.855383441821317
201800001942,NonLethal,2018-10-22,16:20:00,Daylight,690,39,No,NoIntersection,Normal,2Vehicles-BehindVehicles-Frontal,RD 385,M,45.976163679127325,4.977269078362162
201800001943,NonLethal,2018-11-13,17:45:00,NightNoStreetLight,690,90,No,NoIntersection,Overcast,2Vehicles-Side,route départementale 338,M,45.92395113795899,4.923471644697631
201800001945,NonLethal,2018-01-26,12:30:00,Daylight,690,157,Yes,Other,HeavyRain,2Vehicles-BehindVehicles-Frontal,la croisette,M,45.87724054379212,4.877639047008654
201800001946,NonLethal,2018-02-19,12:00:00,Daylight,690,234,No,NoIntersection,Normal,NoCollision,lieu dit la chatonnière,M,45.85495246501972,4.854931619637324
201800001947,NonLethal,2018-02-24,15:45:00,Daylight,690,223,No,NoIntersection,Normal,Other,route de Vindry - RD31E,M,45.88696481115654,4.889219369817484
201800001948,NonLethal,2018-02-25,16:40:00,Daylight,690,243,No,NoIntersection,Normal,Other,RD 8 - Lieu-dit Chaboud,M,45.91343708264452,4.912702762684562
201800001950,NonLethal,2018-04-07,12:40:00,Daylight,690,147,Yes,NoIntersection,Normal,2Vehicles-Behind,lieu dit les places,M,45.88887478271624,4.887672275492495
201800001951,NonLethal,2018-04-25,08:10:00,Daylight,690,243,Yes,NoIntersection,Normal,Other,69 boulevard de la Plata,M,45.89110195982607,4.891958701230053
201800001952,NonLethal,2018-12-05,08:50:00,Daylight,690,243,Yes,NoIntersection,Normal,Other,place ambroise croizat,M,45.89921954937667,4.896450413587604
201800001953,NonLethal,2018-12-05,18:38:00,Daylight,690,157,No,NoIntersection,Normal,NoCollision,route nationale 7,M,45.8746698145944,4.872761931361197
201800001954,NonLethal,2018-05-31,02:00:00,NightNoStreetLight,690,254,No,NoIntersection,LightRain,2Vehicles-BehindVehicles-Frontal,lieu dit CHEZ PIROTE RD,M,45.96668470250956,4.966227219804181
201800001955,NonLethal,2018-06-02,09:30:00,Daylight,690,223,No,NoIntersection,VeryGood,Other,1354 route du beaujolais,M,45.89570358918729,4.892982956692079
201800001956,NonLethal,2018-12-06,07:50:00,Daylight,690,254,No,NoIntersection,Normal,Other,D313,M,45.95567750936308,4.956545448934721
201800001957,NonLethal,2018-06-22,15:50:00,Daylight,690,102,No,NoIntersection,Normal,2Vehicles-Side,D14,M,45.866194144381055,4.867363656647067
201800001958,NonLethal,2018-06-24,16:00:00,Daylight,690,157,No,Roundabout,VeryGood,Other,RN 7,M,45.87560217031018,4.874820719683251
201800001961,NonLethal,2018-08-01,22:55:00,NightStreelightsOn,690,243,Yes,NoIntersection,Normal,Other,52 rue Jean Moulin,M,45.89924936478452,4.897456599754526
201800001962,NonLethal,2018-05-08,21:30:00,TwilightOrDawn,690,174,No,NoIntersection,Normal,Other,D 8,M,45.93148471453964,4.931346689921632
201800001963,NonLethal,2018-08-18,18:50:00,Daylight,690,1,No,NoIntersection,Normal,2Vehicles-Side,D27 PK 7,M,45.83249634188297,4.832286301690885
201800001964,NonLethal,2018-08-19,16:00:00,Daylight,690,174,No,NoIntersection,Normal,2Vehicles-BehindVehicles-Frontal,Route départementale 08,M,45.927696648398125,4.928129302312954
201800001965,NonLethal,2018-08-24,14:50:00,Daylight,690,102,No,NoIntersection,Normal,Other,Nationale 07 le Pin bouc,M,45.91924330762348,4.918410544442896
201800001966,NonLethal,2018-04-09,20:00:00,Daylight,690,243,No,NoIntersection,Normal,NoCollision,D8,M,45.91549732555082,4.914147622510502
201800001967,NonLethal,2018-10-27,10:20:00,Daylight,690,157,No,T-type,LightRain,2Vehicles-Side,44 chemin des potences,M,45.87926895295014,4.87862853858249
201800001969,NonLethal,2018-06-23,17:15:00,Daylight,690,229,No,NoIntersection,Normal,Other,"D385 Lieu-dit ""la blanch",M,46.0139983343194,4.013437640319769
201800001970,NonLethal,2018-08-01,16:50:00,Daylight,690,160,No,NoIntersection,Normal,2Vehicles-BehindVehicles-Frontal,lieu CHANSAYE d337,M,46.16283633831596,4.163641832935134
201800001971,NonLethal,2018-08-26,16:08:00,Daylight,690,54,No,NoIntersection,Normal,Other,route de monsol,M,46.17343775208261,4.172695764513337
201800001972,NonLethal,2018-09-14,16:27:00,Daylight,690,229,No,NoIntersection,Normal,Other,LIEU DIT LE BRIE,M,46.090194047059455,4.090085554117436
201800001975,NonLethal,2018-10-23,16:30:00,Daylight,690,37,Yes,NoIntersection,Normal,Other,rue centrale - cd685,M,46.0178237286914,4.021053549673104
201800001978,NonLethal,2018-02-22,08:15:00,Daylight,10,264,No,NoIntersection,Normal,2Vehicles-Side,RD.936,M,46.19262970144831,5.192750287348501
201800001979,NonLethal,2018-12-06,09:05:00,Daylight,10,301,Yes,NoIntersection,Normal,2Vehicles-BehindVehicles-Frontal,Route de Montcet,M,46.24548327049799,5.245366635057
201800001980,NonLethal,2018-06-11,15:40:00,Daylight,10,301,No,NoIntersection,Normal,3+Vehicles-Chain,RD 1079,M,46.24805253335451,5.248687892639208
201800001981,NonLethal,2018-08-11,23:30:00,NightNoStreetLight,10,405,No,T-type,Normal,2Vehicles-Side,D1083/chemin des Gauthie,M,46.14012866950596,5.138710865065618
201800001983,NonLethal,2018-10-04,17:30:00,Daylight,10,405,No,NoIntersection,Normal,2Vehicles-Side,D1083,M,46.15150207374285,5.151723199067409
201800001984,NonLethal,2018-06-11,20:15:00,NightNoStreetLight,10,301,No,NoIntersection,Normal,NoCollision,RD1079,M,46.244796725974815,5.247360604668899
201800001985,NonLethal,2018-12-04,17:30:00,NightNoStreetLight,10,264,No,X-type,Normal,3+Vehicles-Multiple,D 936,M,46.18933904208375,5.187472453354515
201800001987,NonLethal,2018-10-25,20:25:00,NightNoStreetLight,10,185,No,NoIntersection,FogOrSmoke,NoCollision,Col de la berche,M,45.992941317082895,5.9935583173478175
201800001988,NonLethal,2018-03-16,15:15:00,Daylight,10,390,No,X-type,LightRain,3+Vehicles-Multiple,D 62,M,45.82153204061906,5.819660781686196
201800001989,NonLethal,2018-08-04,15:40:00,Daylight,10,99,No,NoIntersection,Overcast,2Vehicles-Side,D62,M,45.8864111329598,5.887456446479467
201800001990,NonLethal,2018-05-22,05:00:00,NightStreelightsOn,10,390,No,T-type,LightRain,2Vehicles-Side,avenue de la bergerie,M,45.84649346560586,5.846187702985766
201800001991,NonLethal,2018-06-01,18:45:00,Daylight,10,403,No,NoIntersection,Normal,Other,d l9,M,45.814238767791466,5.816462888577862
201800001992,NonLethal,2018-06-17,16:15:00,Daylight,10,202,No,NoIntersection,Normal,3+Vehicles-Multiple,Départementale 1075,M,45.90468235448104,5.904331403567131
201800001993,Lethal,2018-07-28,04:00:00,NightNoStreetLight,10,202,No,NoIntersection,Normal,2Vehicles-BehindVehicles-Frontal,D1075,M,45.89857825890659,5.896624603461382
201800001994,NonLethal,2018-10-09,19:45:00,TwilightOrDawn,10,366,No,NoIntersection,Normal,2Vehicles-BehindVehicles-Frontal,D40 -,M,45.889831703084816,5.891003295720434
201800001996,NonLethal,2018-10-09,07:55:00,TwilightOrDawn,10,366,No,NoIntersection,LightRain,2Vehicles-BehindVehicles-Frontal,d77,M,45.87771128486401,5.878845047516665
201800001997,NonLethal,2018-06-24,12:08:00,Daylight,10,81,No,NoIntersection,Normal,NoCollision,D48,M,46.20189718424555,5.203122055924278
201800001998,NonLethal,2018-03-09,14:57:00,Daylight,10,81,No,NoIntersection,Normal,2Vehicles-Side,route des Burgondes,M,46.18780493535227,5.189511785465711
201800001999,NonLethal,2018-10-26,19:08:00,NightStreelightsOn,10,247,Yes,NoIntersection,Normal,Other,Lieu-dit les Septfontain,M,46.320119393267696,5.320209720029284
201800002000,NonLethal,2018-12-17,12:47:00,Daylight,10,247,No,NoIntersection,Overcast,Other,RD 991,M,46.33438982774357,5.335565896795271
201800002001,NonLethal,2018-01-31,09:45:00,Daylight,10,313,No,NoIntersection,Normal,NoCollision,rue du sénateur Albert F,M,46.2709417964351,6.269147531199067
201800002002,NonLethal,2018-03-06,14:35:00,Daylight,10,435,Yes,Other,Normal,3+Vehicles-Multiple,"Dl5, route de Maconnex",M,46.30018321425961,6.298719032754306
201800002003,NonLethal,2018-02-27,13:00:00,Daylight,10,160,No,NoIntersection,Normal,2Vehicles-BehindVehicles-Frontal,D1005 accès secteur fran,M,46.25719219883912,6.256891331758616
201800002004,NonLethal,2018-03-04,15:30:00,Daylight,10,313,Yes,Y-type,Normal,2Vehicles-Side,D 35,M,46.25521552282452,6.254425286834923
201800002005,NonLethal,2018-10-04,09:30:00,Daylight,10,435,Yes,T-type,Overcast,2Vehicles-BehindVehicles-Frontal,route de Maconnex,M,46.29611132946678,6.296653526011885
201800002006,NonLethal,2018-06-14,07:50:00,Daylight,10,160,Yes,T-type,Normal,2Vehicles-Side,Chemin de la planche bru,M,46.24872251985836,6.250436231096585
201800002007,NonLethal,2018-06-30,10:10:00,Daylight,10,160,Yes,NoIntersection,Normal,Other,67 rue de versoix,M,46.259929171533294,6.260569379018811
201800002008,NonLethal,2018-07-04,10:15:00,Daylight,10,160,Yes,Other,Normal,Other,avenue Voltaire,M,46.25822091588218,6.258668258202367
201800002010,NonLethal,2018-11-06,08:10:00,Daylight,10,313,Yes,T-type,FogOrSmoke,2Vehicles-Side,route de bellevue,M,46.25637380469882,6.257071033895362
201800002011,NonLethal,2018-01-19,08:15:00,Daylight,10,249,No,NoIntersection,Normal,2Vehicles-Behind,RD1083,M,45.85902534690862,4.858591353999404
201800002012,NonLethal,2018-01-30,21:00:00,NightNoStreetLight,10,249,No,NoIntersection,Normal,2Vehicles-BehindVehicles-Frontal,D1083,M,45.85456064953487,4.856147428357202
201800002014,NonLethal,2018-03-01,07:50:00,Daylight,10,249,Yes,NoIntersection,SnowOrHail,2Vehicles-Side,route de strasbourg,M,45.87738142756571,4.877306351928826
201800002015,NonLethal,2018-03-03,19:15:00,NightStreelightsOn,10,249,Yes,NoIntersection,Normal,2Vehicles-BehindVehicles-Frontal,1634 montée neuve,M,45.82854778491544,4.82808393901811
201800002016,NonLethal,2018-03-22,08:25:00,Daylight,10,249,Yes,X-type,Normal,Other,Carrefour du four à chau,M,45.82803171642343,4.825600868129118
201800002017,NonLethal,2018-04-09,11:00:00,Daylight,10,249,Yes,X-type,Normal,2Vehicles-Side,Montée Neuve,M,45.82632835159386,4.830006286691748
201800002018,NonLethal,2018-03-05,16:15:00,Daylight,10,249,Yes,NoIntersection,Normal,2Vehicles-Side,259 CHEMIN DE RONDE,M,45.82720075210908,4.824727300390592
201800002019,NonLethal,2018-05-11,23:50:00,NightStreelightsOn,10,43,Yes,NoIntersection,Normal,Other,parking ZAC des Baterses,M,45.8398979492388,4.840611044681739
201800002020,NonLethal,2018-05-29,18:35:00,Daylight,10,418,No,T-type,Normal,2Vehicles-Behind,route de montluel,M,45.82271142804283,5.823415071614642
201800002021,NonLethal,2018-06-12,09:40:00,Daylight,10,249,Yes,X-type,Normal,2Vehicles-Side,D1084,M,45.82551570872106,4.82564027223257
201800002022,NonLethal,2018-03-07,16:15:00,Daylight,10,275,No,NoIntersection,Normal,Other,D1O84,M,45.81121199194868,4.809713330092032
201800002023,NonLethal,2018-07-14,00:45:00,NightStreelightsOn,10,275,Yes,NoIntersection,Normal,Other,CD 1084,M,45.80995679919317,4.809641002571344
201800002024,NonLethal,2018-07-31,19:10:00,Daylight,10,249,Yes,X-type,Normal,2Vehicles-BehindVehicles-Frontal,rue joseph carré,M,45.825939481951714,4.827145366797308
201800002025,NonLethal,2018-11-30,08:15:00,Daylight,10,275,No,X-type,LightRain,3+Vehicles-Chain,D71,M,45.82259698959855,4.824158898486161
201800002027,NonLethal,2018-11-29,13:15:00,Daylight,10,27,No,NoIntersection,StrongWindOrStorm,Other,Sortie du camp militaire,M,45.832094507312725,5.832970287741094
201800002028,NonLethal,2018-06-21,21:45:00,TwilightOrDawn,10,32,Yes,NoIntersection,Normal,Other,montée de beligneux,M,45.85308053323119,5.8540280831468126
201800002029,NonLethal,2018-08-12,02:40:00,NightNoStreetLight,10,32,No,NoIntersection,Normal,NoCollision,route du dauphiné,M,45.84821223751431,5.850156108663099
201800002030,NonLethal,2018-05-11,15:20:00,Daylight,10,142,Yes,Roundabout,Normal,NoCollision,1084,M,45.85189160120316,5.851620684613062
201800002031,NonLethal,2018-09-11,08:15:00,Daylight,10,49,Yes,NoIntersection,Normal,Other,rue joseph guinet,M,45.843801682670666,5.842914998656091
201800002032,NonLethal,2018-09-11,17:45:00,NightStreelightsOn,10,142,Yes,NoIntersection,Normal,Other,rue des chartirières,M,45.84295574763508,5.8440795579922336
201800002033,NonLethal,2018-11-10,04:15:00,NightStreelightsOn,10,49,No,NoIntersection,Normal,Other,D61A,M,45.828569125023165,5.831725489720064
201800002035,Lethal,2018-04-15,21:30:00,NightNoStreetLight,70,264,No,NoIntersection,Normal,2Vehicles-BehindVehicles-Frontal,route départementale 86,M,44.3265636334386,4.324954367583922
201800002036,NonLethal,2018-07-11,17:30:00,Daylight,70,259,No,NoIntersection,Normal,2Vehicles-Behind,D290,M,44.30224262396766,4.303733563137629
201800002037,Lethal,2018-07-25,11:30:00,Daylight,70,42,No,NoIntersection,Normal,2Vehicles-Side,RD4,M,44.39070033625129,4.389062150822189
201800002038,NonLethal,2018-01-19,09:45:00,Daylight,70,138,Yes,NoIntersection,Normal,2Vehicles-BehindVehicles-Frontal,RN102,M,44.56799292987118,4.56755061430908
201800002039,NonLethal,2018-06-22,16:50:00,Daylight,70,341,No,NoIntersection,Normal,2Vehicles-BehindVehicles-Frontal,D902- RN102,M,44.55908840070873,4.561142418084972
201800002040,NonLethal,2018-07-28,12:50:00,Daylight,70,247,No,NoIntersection,Normal,NoCollision,RN102,M,44.589561129994415,4.590337481111044
201800002041,NonLethal,2018-09-21,16:45:00,Daylight,70,272,Yes,NoIntersection,Normal,2Vehicles-BehindVehicles-Frontal,RD 579,M,44.522553251008446,4.520723433094892
201800002042,NonLethal,2018-10-24,19:00:00,NightStreelightsOn,70,138,No,Other,Normal,2Vehicles-Behind,intersection D 103 et ch,M,44.56463041779364,4.563502689381839
201800002043,NonLethal,2018-12-23,11:45:00,Daylight,70,159,No,NoIntersection,Normal,Other,3042 route de villeneuve,M,44.588880587033344,4.586132002343935
201800002044,NonLethal,2018-05-30,08:30:00,Daylight,70,178,Yes,NoIntersection,LightRain,2Vehicles-Side,Lieu-dit Niegles,M,44.66949397726892,4.66958959314055
201800002045,NonLethal,2018-06-16,18:45:00,Daylight,70,315,No,NoIntersection,Normal,NoCollision,Route départementale 19,M,44.62610720459578,4.626782470770354
201800002046,NonLethal,2018-07-22,12:10:00,Daylight,70,161,No,NoIntersection,Normal,3+Vehicles-Chain,D536 - croisement rue de,M,44.70861014445168,4.709515330398283
201800002047,NonLethal,2018-10-13,10:45:00,Daylight,70,182,Yes,NoIntersection,Normal,NoCollision,route de jaujac,M,44.63301916652152,4.634466515086871
201800002048,NonLethal,2018-07-12,19:35:00,NightStreelightsOn,70,178,Yes,NoIntersection,Normal,3+Vehicles-Multiple,RN 102,M,44.66617339387095,4.666144569526892
201800002049,NonLethal,2018-12-14,23:10:00,NightNoStreetLight,70,25,No,NoIntersection,Normal,Other,LIEU-DIT LA MOTTE,M,44.66568353252009,4.665487453065057
201800002050,NonLethal,2018-01-09,07:00:00,NightNoStreetLight,70,324,Yes,NoIntersection,HeavyRain,Other,"53, avenue maréchal foch",M,45.07200131584852,4.072687564956625
201800002051,NonLethal,2018-01-28,15:45:00,Daylight,70,324,Yes,NoIntersection,Normal,2Vehicles-Behind,42 quai farconnet,M,45.06890024601366,4.069046380170082
201800002052,NonLethal,2018-02-20,22:30:00,NightStreelightsOn,70,324,Yes,Other,Normal,Other,quartier saint vincent,M,45.05099862997484,4.050677331649043
201800002053,NonLethal,2018-03-17,15:00:00,Daylight,70,324,No,Roundabout,LightRain,NoCollision,RD86- PK39,M,45.05359988125995,4.05153985786974
201800002054,NonLethal,2018-03-04,07:40:00,Daylight,70,152,No,Roundabout,Normal,2Vehicles-Side,RD86,M,45.03341863694431,4.031472298211981
201800002055,NonLethal,2018-04-22,20:10:00,Daylight,70,68,No,NoIntersection,Normal,2Vehicles-Side,route de plats,M,45.01254253666431,4.012282961156599
201800002056,NonLethal,2018-04-23,11:00:00,Daylight,70,152,No,NoIntersection,Normal,NoCollision,"RD 86, PK42",M,45.02627887202389,4.0275041263004505
201800002057,NonLethal,2018-01-05,19:30:00,Daylight,70,324,No,NoIntersection,HeavyRain,2Vehicles-BehindVehicles-Frontal,Route de lamastre,M,45.06752565666972,4.068376240933387
201800002058,NonLethal,2018-05-08,20:15:00,Daylight,70,15,No,NoIntersection,Normal,2Vehicles-BehindVehicles-Frontal,D86,M,45.15270748935448,4.152749204781667
201800002059,NonLethal,2018-05-09,09:15:00,Daylight,70,324,Yes,NoIntersection,Overcast,Other,place carnot,M,45.06311866366691,4.064256079332102
201800002060,NonLethal,2018-08-22,20:00:00,TwilightOrDawn,70,169,No,Other,Normal,Other,LIEU DIT GACHON CHEMIN D,M,45.17042350952294,4.171979037269909
201800002061,NonLethal,2018-09-01,11:25:00,Daylight,70,324,No,Other,Normal,Other,Route de Lamastre,M,45.066914724812,4.066648628355375
201800002062,NonLethal,2018-09-29,17:20:00,Daylight,70,217,No,NoIntersection,Normal,2Vehicles-BehindVehicles-Frontal,"D534, PK 9+070",M,45.05323019622082,4.052408142174748
201800002063,NonLethal,2018-11-21,13:00:00,Daylight,70,324,Yes,NoIntersection,Normal,Other,Rue du repos,M,45.05896212165175,4.058557233362374
201800002064,NonLethal,2018-03-12,16:40:00,Daylight,70,324,Yes,NoIntersection,Normal,Other,avenue marcehal foch,M,45.07194924195902,4.072834005869303
201800002065,NonLethal,2018-02-25,11:20:00,Daylight,260,37,No,NoIntersection,Overcast,2Vehicles-BehindVehicles-Frontal,RD 538A  QT FOISSONNETS,M,,
201800002066,NonLethal,2018-03-17,12:40:00,Daylight,260,64,No,X-type,Overcast,2Vehicles-Side,FONLARD,M,44.899257265751245,4.900901834566426
201800002067,NonLethal,2018-04-06,16:50:00,Daylight,260,170,No,X-type,Normal,3+Vehicles-Multiple,RD 68,M,44.91502098713899,4.912664389173563
201800002068,NonLethal,2018-04-28,16:40:00,Daylight,260,232,Yes,NoIntersection,Normal,2Vehicles-Behind,LES ARBODS,M,44.91253297049717,5.9128140317945626
201800002069,NonLethal,2018-05-07,20:30:00,TwilightOrDawn,260,197,Yes,NoIntersection,Normal,2Vehicles-Side,LA PIMPIE,M,,
201800002070,NonLethal,2018-03-06,18:20:00,Daylight,260,206,No,X-type,Other,2Vehicles-Side,Intersection D125 / Rout,M,44.82717522067903,4.828165087992234
201800002071,NonLethal,2018-06-06,10:10:00,Daylight,260,212,No,NoIntersection,Normal,2Vehicles-Side,RD 176,M,,
201800002074,NonLethal,2018-12-07,17:30:00,Daylight,260,206,No,Y-type,Normal,2Vehicles-Side,LES PLOTS,M,,
201800002075,NonLethal,2018-07-16,01:00:00,NightNoStreetLight,260,64,No,NoIntersection,Overcast,Other,D 236,M,,
201800002076,NonLethal,2018-04-08,12:45:00,Daylight,260,64,No,NoIntersection,Normal,NoCollision,RD 538,M,,
201800002077,NonLethal,2018-08-07,12:00:00,Daylight,260,37,No,T-type,Normal,2Vehicles-Side,ALLEE DES TROIS BUCHES,M,,
201800002078,NonLethal,2018-02-09,09:40:00,Daylight,260,64,Yes,Other,Normal,Other,avenue de VALENCE,M,44.90149995410065,5.90022328393841
201800002082,NonLethal,2018-06-29,16:15:00,Daylight,260,168,No,NoIntersection,VeryGood,NoCollision,RD 1075,M,,
201800002083,NonLethal,2018-10-01,18:10:00,NightNoStreetLight,260,145,No,NoIntersection,Normal,2Vehicles-Side,RD 133,M,,
201800002084,NonLethal,2018-02-24,23:45:00,NightNoStreetLight,260,169,No,NoIntersection,Normal,Other,RN 7 ECHANGEUR MONTELIMA,M,44.47901223231023,4.481623045388468
201800002085,NonLethal,2018-04-16,09:45:00,Daylight,260,169,No,NoIntersection,Normal,2Vehicles-BehindVehicles-Frontal,R N 7,M,,
201800002086,NonLethal,2018-08-08,10:30:00,Daylight,260,85,No,NoIntersection,Normal,2Vehicles-BehindVehicles-Frontal,RD 73,M,,
201800002087,NonLethal,2018-08-29,15:40:00,Daylight,260,85,No,NoIntersection,Normal,Other,D206,M,44.50490921160978,4.505769700064202
201800002088,NonLethal,2018-11-25,21:55:00,NightNoStreetLight,260,85,No,NoIntersection,FogOrSmoke,Other,D206,M,44.50500270825178,4.504639620087179
201800002089,NonLethal,2018-12-21,17:50:00,NightNoStreetLight,260,85,No,T-type,Overcast,2Vehicles-BehindVehicles-Frontal,D73,M,44.50136688991167,4.500947020537971
201800002090,NonLethal,2018-01-11,08:15:00,Daylight,260,235,No,NoIntersection,Normal,2Vehicles-Behind,CHEMIN DES SILOS,M,,
201800002091,NonLethal,2018-07-19,23:45:00,NightNoStreetLight,260,235,No,NoIntersection,Normal,Other,CHEMIN DE FREYSSINET,M,44.34655925328588,4.344715818513115