AccidentId,Gravity,Date,Hour,Light,Department,Commune,InAgglomeration,IntersectionType,Weather,CollisionType,PostalAddress,GPSCode,Latitude,Longitude
201800002092,NonLethal,2018-11-23,18:50:00,NightStreelightsOn,260,235,Yes,Roundabout,HeavyRain,2Vehicles-Side,rue antoine de saint-exu,M,44.37779502315388,4.375339166043887
201800002093,NonLethal,2018-01-19,00:25:00,NightNoStreetLight,260,233,No,NoIntersection,Normal,NoCollision,PONT DE BARRAS,M,,
201800002094,Lethal,2018-01-27,18:45:00,TwilightOrDawn,260,367,No,NoIntersection,Normal,Other,SERRE DU DERLOT,M,,
201800002095,NonLethal,2018-03-20,05:00:00,TwilightOrDawn,260,348,No,NoIntersection,Normal,NoCollision,RD 14,M,44.4624262738289,4.460847463778034
201800002097,NonLethal,2018-05-17,08:00:00,Daylight,260,192,Yes,NoIntersection,Normal,2Vehicles-BehindVehicles-Frontal,QUARTIER PRADOUS,M,,
201800002100,NonLethal,2018-07-11,16:30:00,Daylight,260,182,No,NoIntersection,Normal,2Vehicles-BehindVehicles-Frontal,D538,M,44.32402963160899,5.325177877784489
201800002101,Lethal,2018-07-09,11:45:00,Daylight,260,367,No,NoIntersection,Normal,Other,Lieu dit Audries,M,44.42639104864829,5.427011096076967
201800002103,NonLethal,2018-09-22,11:30:00,Daylight,260,220,Yes,NoIntersection,Normal,Other,drey de meyne,M,44.3593145996892,5.359670088170112
201800002104,NonLethal,2018-11-21,16:10:00,TwilightOrDawn,260,348,No,NoIntersection,LightRain,Other,D24,M,44.44406227294069,5.443774577258489
201800002105,NonLethal,2018-02-18,14:45:00,Daylight,20,691,Yes,X-type,Normal,2Vehicles-Side,":, CHOQUART (RUE PIERRE)",M,49.83580604154841,3.835943303792944
201800002106,NonLethal,2018-04-21,15:50:00,Daylight,20,340,Yes,T-type,Normal,NoCollision,VERCRUYSSE (RUE JULES),M,49.825347327349554,3.826265623925575
201800002107,NonLethal,2018-06-23,16:25:00,Daylight,20,340,No,X-type,Normal,2Vehicles-Behind,C.D 1,M,49.82087161825222,3.822354838856232
201800002108,NonLethal,2018-06-29,10:55:00,Daylight,20,691,Yes,NoIntersection,Normal,Other,DUMONT (RUE DU CAPITAINE,M,49.86170949798658,3.861502801587368
201800002109,NonLethal,2018-04-09,06:10:00,NightStreelightsOn,20,691,Yes,T-type,Normal,Other,FUSILLES-F.N.D (AVENUE D,M,49.83847351094124,3.840986956298969
201800002110,Lethal,2018-10-05,18:58:00,TwilightOrDawn,20,691,Yes,NoIntersection,Normal,2Vehicles-Side,GAYANT (QUAI),M,49.84154692331522,3.839601098322091
201800002111,NonLethal,2018-10-04,19:40:00,TwilightOrDawn,20,691,Yes,NoIntersection,Normal,2Vehicles-BehindVehicles-Frontal,LILLE (RUE DE),M,49.86010613621562,3.8610451504922674
201800002112,NonLethal,2018-11-07,07:45:00,NightNoStreetLight,20,371,Yes,NoIntersection,Normal,2Vehicles-Side,Guise (Rue de),M,49.84134773854826,3.8400852547759263
201800002113,NonLethal,2018-11-19,19:25:00,NightStreelightsOn,20,691,Yes,Y-type,Normal,2Vehicles-Side,MARTIN (BD HENRI),M,49.845671509218086,3.8457897081322336
201800002114,NonLethal,2018-10-15,12:05:00,Daylight,20,691,Yes,NoIntersection,Normal,Other,SIEGFRIED (RUE JULES),M,49.85199254010841,3.85103518455364
201800002115,Lethal,2018-11-27,17:55:00,NightStreelightsOn,20,691,Yes,NoIntersection,Normal,Other,CHAUSSEE-ROMAINE (RUE DE,M,49.84210358192082,3.844049463139419
201800002116,NonLethal,2018-11-28,17:55:00,NightNoStreetLight,20,691,Yes,T-type,Normal,2Vehicles-Side,TOMBELLE (CHEMIN DE LA),M,49.83948701630778,3.8377776368945065
201800002117,NonLethal,2018-05-12,17:10:00,Daylight,260,146,No,NoIntersection,Normal,NoCollision,RD 541,M,,
201800002118,Lethal,2018-07-07,12:30:00,Daylight,260,203,No,NoIntersection,Normal,Other,RD 4,M,,
201800002119,NonLethal,2018-07-25,02:20:00,NightNoStreetLight,260,70,No,NoIntersection,Normal,NoCollision,RD 471 - Avenue de la ga,M,44.397806247315934,4.396595304174971
201800002121,NonLethal,2018-08-07,02:30:00,NightNoStreetLight,260,146,No,NoIntersection,Normal,2Vehicles-BehindVehicles-Frontal,RD 541,M,,
201800002122,NonLethal,2018-01-14,17:50:00,NightNoStreetLight,260,313,No,X-type,Normal,2Vehicles-Side,THODURE,M,,
201800002123,NonLethal,2018-02-14,14:00:00,Daylight,260,84,No,NoIntersection,Normal,2Vehicles-Side,PEYROUILLER SUD,M,44.99572479953415,4.994801989108384
201800002124,NonLethal,2018-02-23,17:00:00,Daylight,260,88,Yes,NoIntersection,Normal,Other,CHEMIN DE CENIZIER,M,45.001141887590855,5.002435245377359
201800002125,NonLethal,2018-04-26,17:50:00,Daylight,260,4,No,NoIntersection,Normal,2Vehicles-Behind,BONLIEU,M,45.00701616510533,5.007745323115997
201800002126,NonLethal,2018-05-11,16:30:00,Daylight,260,313,Yes,NoIntersection,Normal,2Vehicles-Side,ZONE ACTIVITE DE LAYE,M,44.9604174353347,4.960311289303611
201800002127,NonLethal,2018-12-06,22:00:00,NightNoStreetLight,260,313,Yes,NoIntersection,Other,NoCollision,RUE PARADIS,M,44.96960626442769,4.968963532320319
201800002128,NonLethal,2018-07-01,11:00:00,Daylight,260,23,No,NoIntersection,VeryGood,2Vehicles-Behind,GRANDE RUE,M,,
201800002129,NonLethal,2018-08-03,21:35:00,NightNoStreetLight,260,381,No,NoIntersection,Normal,2Vehicles-BehindVehicles-Frontal,ROUTE DES MATS,M,45.04096887330881,5.0415218015039125
201800002131,NonLethal,2018-08-26,03:00:00,NightNoStreetLight,260,79,No,NoIntersection,Normal,Other,D 125,M,44.93897621212242,5.940890002221969
201800002132,NonLethal,2018-08-26,22:15:00,NightNoStreetLight,260,129,No,NoIntersection,Normal,NoCollision,Route de la Résistance,M,45.06763776443488,5.070008505773236
201800002133,NonLethal,2018-12-09,17:40:00,Daylight,260,313,Yes,NoIntersection,Normal,Other,85 cote du vallon,M,44.97200819458856,4.971809518612674
201800002134,NonLethal,2018-09-20,18:30:00,Daylight,260,34,No,X-type,Normal,2Vehicles-Side,RD532,M,45.062139462088055,5.061902584834992
201800002137,NonLethal,2018-07-11,08:40:00,Daylight,260,313,No,NoIntersection,Normal,2Vehicles-BehindVehicles-Frontal,"Chemin des Blaches, D632",M,44.96206289577275,4.961829170065689
201800002138,NonLethal,2018-11-20,13:40:00,Daylight,260,84,No,X-type,Normal,2Vehicles-Side,ROUTE DE LA CROIX DE COL,M,45.00939943741685,4.008793511331281
201800002139,NonLethal,2018-03-14,10:55:00,Daylight,260,163,No,NoIntersection,Normal,NoCollision,BOIS DU MOULIN,M,,
201800002140,NonLethal,2018-04-12,17:00:00,Daylight,260,307,Yes,NoIntersection,Normal,3+Vehicles-Chain,RTE DE ROCHECHINARD,M,45.01942652527925,5.016985046599404
201800002141,NonLethal,2018-10-02,16:30:00,Daylight,260,271,Yes,NoIntersection,Normal,Other,RUE DE LA TREILLE,M,45.0143507430144,4.014277125342867
201800002143,Lethal,2018-12-05,06:00:00,TwilightOrDawn,260,347,Yes,NoIntersection,Normal,2Vehicles-BehindVehicles-Frontal,AV VERCORS  ET RESISTANC,M,,
201800002144,NonLethal,2018-06-14,19:15:00,TwilightOrDawn,260,250,Yes,Roundabout,Normal,2Vehicles-Behind,RN 7,M,,
201800002145,NonLethal,2018-10-06,07:45:00,Daylight,260,38,Yes,NoIntersection,Normal,Other,R D 67,M,,
201800002147,NonLethal,2018-09-15,08:00:00,Daylight,260,179,Yes,NoIntersection,Normal,2Vehicles-Behind,D115,M,45.0696726023845,4.069019786042227
201800002148,NonLethal,2018-10-04,10:45:00,Daylight,260,250,No,NoIntersection,Normal,2Vehicles-Behind,RD 153,M,45.01358387995764,4.017404334620408
201800002149,Lethal,2018-05-10,16:00:00,Daylight,260,271,Yes,Roundabout,Normal,Other,AVENUE DU VERCORS,M,45.01373731231973,4.012907954313695
201800002150,NonLethal,2018-03-04,09:04:00,Daylight,380,83,No,NoIntersection,Normal,Other,RD52.C,M,45.81832388705438,5.8159191816914255
201800002151,Lethal,2018-04-20,16:11:00,Daylight,380,543,No,NoIntersection,Normal,2Vehicles-BehindVehicles-Frontal,ROUTE DES DOUANES,M,45.65313527162939,5.652042619372984
201800002152,NonLethal,2018-07-04,12:05:00,Daylight,380,256,No,NoIntersection,Normal,2Vehicles-Behind,RD l075,M,45.47588682067774,5.477159480360737
201800002154,NonLethal,2018-10-10,19:10:00,TwilightOrDawn,380,449,No,Roundabout,Normal,2Vehicles-Behind,D311/D1006,M,45.66109673038905,5.662314941962297
201800002155,NonLethal,2018-10-18,09:15:00,Daylight,380,211,No,NoIntersection,Normal,3+Vehicles-Chain,D518,M,45.45822150368586,5.458025589599078
201800002156,NonLethal,2018-12-10,11:14:00,Daylight,380,458,No,NoIntersection,Normal,2Vehicles-Side,d 16 pr 9+750,M,45.635788524589415,5.632750818920261
201800002157,NonLethal,2018-07-01,06:10:00,NightStreelightsOn,20,805,Yes,Square,LightRain,Other,MOINES Rue des,M,49.37097407592429,3.3695511230142485
201800002158,NonLethal,2018-11-02,06:40:00,NightStreelightsOn,20,243,Yes,NoIntersection,Overcast,Other,"5, Lo Nathi (Rue)",M,49.39856374334632,3.400187102377673
201800002159,NonLethal,2018-02-16,20:15:00,NightStreelightsOn,20,722,Yes,T-type,Normal,2Vehicles-BehindVehicles-Frontal,PRESLES ( BOULEVARD ),M,49.3735703376715,3.377090209335014
201800002160,NonLethal,2018-02-22,10:55:00,Daylight,20,722,Yes,X-type,Normal,Other,"10, THIERS (AVENUE )",M,49.37753635255741,3.375526532275412
201800002161,NonLethal,2018-04-07,22:50:00,NightStreelightsOn,20,805,Yes,T-type,Normal,2Vehicles-Side,MILEMPART Rue,M,49.37719609780841,3.376365870862217
201800002162,NonLethal,2018-04-11,18:20:00,Daylight,20,722,Yes,NoIntersection,Normal,2Vehicles-Side,EDOUARD BRANLY ( BOULEVA,M,49.39084494831688,3.391907312978257
201800002163,NonLethal,2018-05-27,19:30:00,Daylight,20,722,Yes,Other,Normal,Other,PRESLES ( BOULEVARD ),M,49.37597567606882,3.374084675060858
201800002164,NonLethal,2018-06-01,08:15:00,Daylight,20,722,Yes,T-type,Normal,Other,SAINT- CHRISTOPHE(PLACE),M,49.38177196459812,3.3801055017847816
201800002165,Lethal,2018-02-06,12:20:00,Daylight,20,243,No,NoIntersection,Normal,Other,ROUTE NATIONALE 2,M,49.39670170510869,3.3982885150489825
201800002167,NonLethal,2018-06-23,20:40:00,Daylight,20,722,Yes,NoIntersection,Normal,Other,PRESLES ( ROUTE DE ),M,49.37069336349413,3.3708687589949538
201800002168,Lethal,2018-08-02,13:30:00,Daylight,20,243,No,NoIntersection,Normal,2Vehicles-Behind,ROUTE NATIONALE 2,M,49.40158670426335,3.401529499459686
201800002169,NonLethal,2018-07-02,20:54:00,Daylight,20,722,Yes,NoIntersection,Normal,Other,REIMS (AVENUE DE ),M,49.37474404147737,3.37710187076621
201800002170,NonLethal,2018-07-15,19:00:00,Daylight,20,722,Yes,NoIntersection,Normal,Other,SAINT-MARTIN (RUE),M,49.37797197630043,3.378132195811894
201800002171,NonLethal,2018-09-07,11:55:00,Daylight,20,722,Yes,Roundabout,Normal,3+Vehicles-Multiple,MAIL ( ROND POINT DU ),M,49.38621107257,3.384021012028437
201800002172,NonLethal,2018-10-05,08:15:00,Daylight,20,722,Yes,NoIntersection,Normal,Other,WINSTON CHURCHILL ( AVEN,M,49.37980249324888,3.380020690176025
201800002173,Lethal,2018-06-10,13:56:00,Daylight,20,243,No,NoIntersection,Normal,2Vehicles-Side,ROUTE NATIONALE 2,M,49.410657352937626,3.4079752517832778
201800002174,NonLethal,2018-09-11,10:20:00,Daylight,20,722,Yes,X-type,Normal,Other,FEUILLANTS ( RUE DES ),M,49.37962422666524,3.3775096410179137
201800002175,NonLethal,2018-11-18,16:00:00,TwilightOrDawn,20,722,No,Roundabout,Normal,Other,ARCHER ( ROND POINT DE L,M,49.36486151388372,3.363305405454525
201800002176,Lethal,2018-12-14,19:10:00,NightStreelightsOn,20,722,Yes,X-type,Normal,Other,COMMERCE ( RUE DU ),M,49.38211792061941,3.381576189717914
201800002177,Lethal,2018-12-14,20:40:00,NightNoStreetLight,20,64,No,NoIntersection,Normal,2Vehicles-BehindVehicles-Frontal,ROUTE NATIONALE 2,M,49.36180891149982,3.360707434847962
201800002178,NonLethal,2018-10-12,07:52:00,TwilightOrDawn,20,722,Yes,NoIntersection,Overcast,Other,PARIS ( AVENUE DE),M,49.37775623573173,3.3777865166150427
201800002179,NonLethal,2018-05-11,15:00:00,Daylight,380,158,Yes,NoIntersection,Normal,2Vehicles-Behind,rue Evariste Galois,M,45.15261171785762,5.1504524686028885
201800002180,NonLethal,2018-09-03,09:50:00,Daylight,380,57,Yes,Other,Normal,Other,Parking Av République,M,45.142036415115335,5.1416238327112005
201800002181,NonLethal,2018-09-20,15:00:00,Daylight,380,158,Yes,NoIntersection,Normal,2Vehicles-Side,D5,M,45.15728840509954,5.15830589084814
201800002182,NonLethal,2018-10-17,17:50:00,Daylight,380,158,Yes,NoIntersection,Normal,NoCollision,D5,M,45.16561303943974,5.165082308220719
201800002184,NonLethal,2018-04-25,16:40:00,Daylight,380,317,No,NoIntersection,Normal,Other,RN85,M,45.12197185962116,5.12135182247073
201800002185,NonLethal,2018-05-07,11:15:00,Daylight,380,317,Yes,NoIntersection,Normal,2Vehicles-Side,cours St André,M,45.12632283142584,5.126502701058915
201800002187,NonLethal,2018-04-26,18:50:00,Daylight,380,382,Yes,T-type,Normal,2Vehicles-Side,route de lyon,M,45.24411381208926,5.243287008371544
201800002188,NonLethal,2018-06-26,19:45:00,Daylight,380,382,Yes,NoIntersection,Normal,2Vehicles-Behind,"23, rue glairaux",M,45.22195091043511,5.2224696930556
201800002189,NonLethal,2018-02-07,19:10:00,Daylight,380,382,Yes,T-type,Normal,NoCollision,Avenue de l'Europe,M,45.23982556651296,5.239845139521965
201800002190,NonLethal,2018-07-24,20:30:00,Daylight,380,382,Yes,Other,Normal,2Vehicles-Side,route de Grenoble,M,45.22152996471284,5.220779095816751
201800002191,NonLethal,2018-09-17,11:55:00,Daylight,380,382,Yes,X-type,Normal,2Vehicles-Side,Avenue du Général De Gau,M,45.230464820033696,5.230633239481554
201800002194,NonLethal,2018-12-30,20:40:00,NightStreelightsOn,380,382,Yes,NoIntersection,Normal,2Vehicles-Side,D1075,M,45.2333042587282,5.233102265121017
201800002195,NonLethal,2018-02-01,17:50:00,TwilightOrDawn,380,405,No,NoIntersection,Normal,2Vehicles-BehindVehicles-Frontal,520,M,45.37028487635891,5.370002859455871
201800002196,NonLethal,2018-06-02,18:30:00,TwilightOrDawn,380,412,No,T-type,Normal,2Vehicles-Side,RD 520 - chemin des char,M,45.386554976383046,5.3865692096528575
201800002197,NonLethal,2018-02-11,06:30:00,TwilightOrDawn,380,442,No,NoIntersection,Overcast,Other,D512 - La Diat,M,45.335322915275576,5.334917153921947
201800002198,NonLethal,2018-02-13,16:40:00,Daylight,380,442,No,NoIntersection,Normal,NoCollision,Col de cucheron,M,45.36327773002899,5.3650904879542045
201800002199,NonLethal,2018-03-27,04:45:00,NightNoStreetLight,380,236,No,NoIntersection,Normal,Other,D49,M,45.43071841036206,5.431356571872801
201800002200,NonLethal,2018-03-31,00:01:00,NightNoStreetLight,380,442,No,NoIntersection,SnowOrHail,NoCollision,D520B,M,45.352090878020384,5.351179237821923
201800002202,NonLethal,2018-04-22,15:30:00,Daylight,380,442,No,NoIntersection,VeryGood,NoCollision,D520B,M,45.34775285892463,5.348696606129165
201800002204,NonLethal,2018-05-05,11:50:00,Daylight,380,412,No,NoIntersection,Normal,Other,FOURVOIRIE,M,45.36835881225453,5.368798406732722
201800002205,NonLethal,2018-05-15,07:00:00,Daylight,380,405,No,T-type,Normal,2Vehicles-BehindVehicles-Frontal,D520,M,45.36221941167226,5.361824436364656
201800002206,NonLethal,2018-06-17,17:10:00,Daylight,380,405,No,NoIntersection,Normal,NoCollision,lieu dit le DEMAY,M,45.36452423650201,5.3632995993385855
201800002207,NonLethal,2018-06-27,03:25:00,NightNoStreetLight,380,376,No,NoIntersection,Normal,Other,D 520 C,M,45.430317760200666,5.431020621563373
201800002208,NonLethal,2018-07-18,19:15:00,TwilightOrDawn,380,442,No,NoIntersection,Normal,NoCollision,D 512 lieu dit le blanch,M,45.30651227865307,5.3069588052210745
201800002209,NonLethal,2018-08-05,17:50:00,Daylight,380,405,No,NoIntersection,Normal,Other,RD520A,M,45.354081650244,5.355208566352689
201800002210,NonLethal,2018-07-08,11:05:00,Daylight,380,376,No,NoIntersection,Normal,2Vehicles-Side,rd520c,M,45.42161977633298,5.422686526334668
201800002212,NonLethal,2018-02-03,18:15:00,NightStreelightsOn,380,474,Yes,NoIntersection,Normal,3+Vehicles-Chain,Avenue de Valence,M,45.21940444391834,5.220963051100924
201800002214,NonLethal,2018-03-24,15:45:00,Daylight,380,540,No,NoIntersection,Normal,NoCollision,364 avenue de Valence,M,45.26607122350596,5.2682327335455215
201800002215,NonLethal,2018-04-21,13:20:00,Daylight,380,540,No,NoIntersection,Normal,NoCollision,D1532,M,45.2759760752534,5.279731032971304
201800002216,NonLethal,2018-04-26,14:30:00,Daylight,380,153,No,NoIntersection,Other,NoCollision,D531,M,45.17392590069285,5.174602519573355
201800002217,NonLethal,2018-05-06,16:00:00,Daylight,380,153,No,NoIntersection,Normal,NoCollision,Lieu dit Laliarrey,M,45.19960027221833,5.199705453544
201800002218,NonLethal,2018-05-27,10:47:00,Daylight,380,474,Yes,NoIntersection,Normal,Other,D1523,M,45.21467880900816,5.216177617057727
201800002219,NonLethal,2018-12-07,13:26:00,Daylight,380,281,No,NoIntersection,Normal,2Vehicles-BehindVehicles-Frontal,Piste cyclable,M,45.25342172911069,5.253326464080093
201800002220,NonLethal,2018-03-10,16:45:00,Daylight,380,474,Yes,NoIntersection,Normal,3+Vehicles-Multiple,Avenue de Valence,M,45.21580516046555,5.2145259086568565
201800002221,NonLethal,2018-10-13,12:15:00,Daylight,380,169,Yes,NoIntersection,Normal,2Vehicles-BehindVehicles-Frontal,Chemin sur la Digue,M,45.20485637418179,5.20353470224097
201800002222,NonLethal,2018-10-14,19:05:00,NightNoStreetLight,380,540,No,NoIntersection,Normal,Other,D3,M,45.2697218453041,5.270318566375159
201800002223,NonLethal,2018-12-12,06:30:00,NightStreelightsOn,380,474,Yes,T-type,Normal,Other,IMPASSE DU CHARMANT SOM,M,45.20638956089885,5.207566045605695
201800002224,NonLethal,2018-12-29,13:45:00,Daylight,380,474,Yes,NoIntersection,Normal,2Vehicles-BehindVehicles-Frontal,8 rue de la maladière,M,,
201800002225,NonLethal,2018-05-12,17:00:00,Daylight,380,545,Yes,Roundabout,Normal,2Vehicles-Side,RD1075,M,45.0647953849727,5.065894498396997
201800002226,NonLethal,2018-06-27,18:10:00,Daylight,380,524,Yes,T-type,Normal,2Vehicles-Side,24 Route du Pavillon,M,45.10518995456586,5.104660771892925
201800002227,NonLethal,2018-07-08,10:00:00,Daylight,380,436,Yes,NoIntersection,Normal,2Vehicles-Side,Chemin du Bémont,M,45.0687405555281,5.068545138318696
201800002229,NonLethal,2018-10-18,21:30:00,NightStreelightsOn,380,187,Yes,NoIntersection,Normal,Other,place du souvenir frança,M,45.02198366492948,5.020286325671317
201800002231,NonLethal,2018-01-02,13:45:00,Daylight,380,205,No,NoIntersection,Normal,3+Vehicles-Multiple,D532 - Route de GRENOBLE,M,45.136394642898026,5.134835437110497
201800002232,NonLethal,2018-02-16,17:55:00,TwilightOrDawn,380,548,Yes,NoIntersection,Normal,Other,1 rue du docteur lefranç,M,45.07363025651976,5.074192914263209
201800002233,NonLethal,2018-03-24,17:15:00,Daylight,380,129,Yes,NoIntersection,Normal,2Vehicles-Side,Le village D 2l5,M,45.03182316730185,5.02894497358592
201800002234,NonLethal,2018-03-06,16:00:00,Daylight,380,548,No,Other,Overcast,2Vehicles-Side,D531,M,45.08515925040256,5.084311546207061
201800002237,NonLethal,2018-10-19,16:10:00,Daylight,380,205,Yes,NoIntersection,Normal,Other,D106,M,45.13005526568338,5.130822067854443
201800002238,NonLethal,2018-03-23,21:17:00,NightNoStreetLight,20,212,Yes,NoIntersection,Normal,NoCollision,"2, AULNES(RUE DES)",M,49.63916475330988,3.638722913375956
201800002239,NonLethal,2018-11-03,19:12:00,NightStreelightsOn,20,59,Yes,NoIntersection,Overcast,Other,"27, LOUIS LUMIERE",M,49.657191122286186,3.655099342710909
201800002240,NonLethal,2018-04-11,18:45:00,Daylight,20,738,Yes,Roundabout,Normal,2Vehicles-Side,FRANKLIN,M,49.657340413674106,3.659149965943784
201800002241,Lethal,2018-08-10,14:08:00,Daylight,20,212,No,NoIntersection,Normal,3+Vehicles-Multiple,D1032,M,49.62984135713952,3.629048204048656
201800002242,NonLethal,2018-10-07,16:20:00,Daylight,20,738,Yes,Roundabout,Normal,2Vehicles-Side,QUATRE FILS PAUL DOUMER,M,49.39225792900261,3.393758355606929
201800002243,NonLethal,2018-03-11,21:10:00,NightNoStreetLight,20,738,No,T-type,Normal,2Vehicles-Side,D1032,M,49.64349683666296,3.6450468140832246
201800002244,NonLethal,2018-09-12,16:20:00,TwilightOrDawn,20,738,No,X-type,HeavyRain,NoCollision,CD1,M,49.66513868995737,3.666043484759837
201800002245,NonLethal,2018-11-12,14:35:00,Daylight,20,738,Yes,X-type,Overcast,2Vehicles-Side,MADAME EUGEL,M,49.66894076732822,3.6695013343757816
201800002246,NonLethal,2018-02-04,07:45:00,TwilightOrDawn,380,565,Yes,NoIntersection,Normal,NoCollision,642 Rue Emile Romanet,M,45.30836847702151,5.308534549283846
201800002247,NonLethal,2018-04-24,13:15:00,Daylight,380,312,No,NoIntersection,Normal,NoCollision,D520A,M,45.33967053088439,5.3390215518672814
201800002249,NonLethal,2018-05-30,16:10:00,Daylight,380,565,Yes,NoIntersection,Normal,Other,Rue de Nardan,M,45.29318340888085,5.29437627878862
201800002250,NonLethal,2018-06-11,10:15:00,Daylight,380,565,No,Roundabout,Overcast,2Vehicles-Side,D3,M,45.27891698606372,5.281504479705736
201800002251,NonLethal,2018-06-14,20:00:00,Daylight,380,565,Yes,Roundabout,Normal,2Vehicles-Side,D1075,M,45.294872683546735,5.295711975046982
201800002252,NonLethal,2018-07-04,12:25:00,Daylight,380,565,No,NoIntersection,Normal,3+Vehicles-Chain,D1085,M,45.31103856332757,5.310334005116139
201800002253,NonLethal,2018-08-10,18:00:00,Daylight,380,565,No,Other,Normal,3+Vehicles-Chain,D3 - Route de l'Isère,M,45.272903957412176,5.276050445043687
201800002254,NonLethal,2018-08-16,08:00:00,Daylight,380,170,Yes,NoIntersection,Normal,2Vehicles-Behind,D1075 - Route de lyon,M,45.2549581615456,5.253594187837127
201800002255,NonLethal,2018-08-19,15:20:00,Daylight,380,471,No,NoIntersection,Normal,3+Vehicles-Multiple,D512,M,45.2723133756838,5.27255373098022
201800002256,NonLethal,2018-09-15,01:30:00,NightStreelightsOn,380,382,Yes,NoIntersection,Normal,2Vehicles-Behind,D1075 route de Grenoble,M,45.2211288939198,5.221146390631626
201800002257,NonLethal,2018-09-23,17:15:00,Daylight,380,565,Yes,NoIntersection,Normal,2Vehicles-Behind,D1075 - AV. DE JUIN 1940,M,45.298256838475815,5.298731094158959
201800002259,NonLethal,2018-11-27,18:20:00,NightNoStreetLight,380,565,No,NoIntersection,LightRain,2Vehicles-BehindVehicles-Frontal,Quai des Chartreux,M,45.30457014560423,5.304221447264069
201800002260,NonLethal,2018-12-19,17:45:00,NightStreelightsOn,380,565,Yes,NoIntersection,Normal,2Vehicles-BehindVehicles-Frontal,Rue de Nardan,M,45.29038127576871,5.290243168038184
201800002261,NonLethal,2018-12-24,17:45:00,NightNoStreetLight,380,565,No,NoIntersection,LightRain,Other,route de chartreuse,M,45.303905534018966,5.303563920845632
201800002263,NonLethal,2018-01-13,09:05:00,Daylight,380,59,No,NoIntersection,Normal,NoCollision,route départementale D5,M,45.1232207729963,5.121123043306008
201800002264,NonLethal,2018-01-13,12:55:00,Daylight,380,528,Yes,NoIntersection,Normal,2Vehicles-Side,200 avenue des Vaulnavey,M,45.11217644476545,5.112392130005499
201800002265,NonLethal,2018-02-02,09:35:00,Daylight,380,68,No,LevelCrossing,Normal,2Vehicles-Side,RD 64,M,45.11146216366734,5.111679710328181
201800002266,NonLethal,2018-06-23,15:45:00,Daylight,380,68,No,NoIntersection,Normal,2Vehicles-Behind,Route de Champagnier,M,45.133393479477945,5.132756994817915
201800002268,NonLethal,2018-02-07,07:35:00,Daylight,380,68,No,NoIntersection,Normal,Other,N 85 Les Isles,M,45.09395234763151,5.09402076717664
201800002269,NonLethal,2018-08-07,19:10:00,Daylight,380,445,No,Y-type,Normal,2Vehicles-Side,Inter N85 et D101,M,45.06092515927035,5.061018813119079
201800002270,NonLethal,2018-09-07,18:10:00,Daylight,380,203,Yes,NoIntersection,Normal,2Vehicles-Side,N85,M,45.02442659228401,5.024534450803426
201800002271,NonLethal,2018-07-21,14:10:00,Daylight,380,68,No,NoIntersection,Normal,2Vehicles-BehindVehicles-Frontal,N 85,M,45.10306336723381,5.104298077257577
201800002272,NonLethal,2018-07-28,02:45:00,NightStreelightsOn,380,200,Yes,NoIntersection,Normal,Other,montée de la Creuse,M,45.10030219773682,5.102119957806377
201800002273,Lethal,2018-07-31,20:00:00,TwilightOrDawn,380,68,No,NoIntersection,Normal,2Vehicles-BehindVehicles-Frontal,D64,M,45.1268727941452,5.127577333785305
201800002274,NonLethal,2018-08-03,14:45:00,Daylight,380,562,Yes,NoIntersection,Normal,3+Vehicles-Multiple,Avenue Maurice Thorez,M,45.08129230197873,5.081658552802958
201800002275,NonLethal,2018-08-17,17:30:00,Daylight,380,59,Yes,Y-type,Normal,2Vehicles-BehindVehicles-Frontal,D5,M,45.13769499207283,5.139396261439488
201800002276,NonLethal,2018-08-21,22:30:00,NightStreelightsOff,380,529,Yes,NoIntersection,LightRain,Other,D524 - route d'uriage,M,45.11426483431288,5.115676688025187
201800002277,NonLethal,2018-02-10,09:05:00,Daylight,380,203,No,NoIntersection,Normal,2Vehicles-Behind,N85,M,45.034908178937386,5.036777772990542
201800002278,Lethal,2018-10-13,18:30:00,Daylight,380,562,No,NoIntersection,Normal,2Vehicles-BehindVehicles-Frontal,D1091,M,45.05717199273893,5.0578166167162735
201800002279,NonLethal,2018-10-13,15:15:00,Daylight,380,388,Yes,NoIntersection,Normal,2Vehicles-Side,Rue de la Tour,M,45.04032538768234,5.040935114129773
201800002280,NonLethal,2018-10-18,12:30:00,Daylight,380,203,Yes,NoIntersection,Normal,2Vehicles-Side,N 85,M,45.02234723643487,5.021001135340564
201800002281,NonLethal,2018-11-07,13:00:00,Daylight,380,200,No,NoIntersection,Normal,2Vehicles-Side,route de l'élecctrochimi,M,45.0921218522493,5.0920587555391394
201800002282,NonLethal,2018-08-12,15:00:00,Daylight,380,277,Yes,NoIntersection,Normal,NoCollision,RD529,M,,