AccidentId,Gravity,Date,Hour,Light,Department,Commune,InAgglomeration,IntersectionType,Weather,CollisionType,PostalAddress,GPSCode,Latitude,Longitude
201800002283,NonLethal,2018-04-22,17:15:00,Daylight,380,374,No,NoIntersection,Normal,3+Vehicles-Chain,Route départementale l9,M,45.64376330146766,5.645345710498338
201800002284,NonLethal,2018-06-23,16:39:00,Daylight,380,91,No,T-type,Normal,2Vehicles-BehindVehicles-Frontal,rue du centre,M,45.51280507144979,5.514129341420688
201800002285,NonLethal,2018-08-15,15:00:00,Daylight,380,149,No,NoIntersection,Normal,Other,D1006 Route de Lyon,M,45.58527978440302,5.586387436861565
201800002287,NonLethal,2018-10-21,13:00:00,Daylight,380,276,Yes,X-type,FogOrSmoke,2Vehicles-Side,D1085,M,45.56334497776533,5.564359209401209
201800002288,NonLethal,2018-10-20,18:00:00,Daylight,380,149,Yes,X-type,Normal,2Vehicles-Side,D1006 Route de Lyon,M,45.58334211699482,5.585096958485551
201800002289,NonLethal,2018-12-21,04:35:00,NightNoStreetLight,380,455,No,NoIntersection,Normal,2Vehicles-BehindVehicles-Frontal,D522 - Route du Bugey,M,45.62141491959479,5.625156926842275
201800002290,NonLethal,2018-03-07,08:10:00,Daylight,380,109,No,X-type,Normal,2Vehicles-Side,Intersection D18 et chem,M,45.69806781207829,5.701093855765787
201800002291,NonLethal,2018-04-08,11:00:00,Daylight,380,176,No,NoIntersection,Normal,3+Vehicles-Multiple,route de l'isle d'abeau,M,45.637419847740624,5.637952778868852
201800002292,NonLethal,2018-07-05,17:35:00,Daylight,380,109,No,NoIntersection,Normal,2Vehicles-Behind,Route de Bourgoin-Jallie,M,45.70140978093634,5.699730564829034
201800002293,NonLethal,2018-04-08,19:00:00,Daylight,380,451,No,NoIntersection,Normal,Other,route départementale 55,M,45.76231357157085,5.762626560032528
201800002294,NonLethal,2018-11-03,21:55:00,NightNoStreetLight,380,282,No,NoIntersection,Normal,Other,D140A,M,45.744064706827125,5.745499661203653
201800002295,NonLethal,2018-04-11,05:15:00,NightNoStreetLight,380,515,No,NoIntersection,Normal,Other,Route de Morestel,M,45.69045984699802,5.689660033672511
201800002296,NonLethal,2018-11-23,06:30:00,NightStreelightsOn,380,190,Yes,NoIntersection,LightRain,2Vehicles-BehindVehicles-Frontal,18 grande rue du moulin,M,45.80507664532433,5.805772365809099
201800002298,NonLethal,2018-12-09,04:15:00,NightNoStreetLight,380,535,No,NoIntersection,LightRain,Other,D65,M,45.78098565446113,5.777140671295243
201800002301,Lethal,2018-04-29,18:09:00,Daylight,380,26,No,NoIntersection,Normal,Other,Lieu-dit Travers,M,45.8410533537283,5.838285966426225
201800002303,NonLethal,2018-06-30,08:30:00,Daylight,380,320,No,T-type,Normal,2Vehicles-BehindVehicles-Frontal,D1075,M,45.85391032931828,5.852159779738303
201800002304,NonLethal,2018-07-14,22:11:00,NightNoStreetLight,380,135,No,NoIntersection,Normal,NoCollision,D140,M,45.73912389287698,5.737488122922659
201800002305,NonLethal,2018-08-23,21:25:00,NightNoStreetLight,380,54,No,Y-type,Normal,2Vehicles-Side,RD 1075,M,45.794105049178285,5.7961772946811445
201800002306,Lethal,2018-09-10,13:20:00,Daylight,380,26,No,NoIntersection,Normal,2Vehicles-BehindVehicles-Frontal,D65,M,45.82827299247879,5.829353692869828
201800002307,NonLethal,2018-05-10,16:45:00,Daylight,380,26,No,NoIntersection,Normal,2Vehicles-BehindVehicles-Frontal,CD65,M,45.867202951162426,5.866014312035529
201800002308,NonLethal,2018-10-19,14:45:00,Daylight,380,539,No,NoIntersection,VeryGood,2Vehicles-Side,RD65,M,45.87274399683978,5.874817600597406
201800002309,Lethal,2018-03-24,15:00:00,Daylight,380,464,Yes,NoIntersection,Normal,Other,D5lN,M,45.54289660960196,5.54222165247899
201800002311,NonLethal,2018-06-05,11:00:00,Daylight,380,509,Yes,T-type,Normal,Other,AVENUE JEAN MOULIN,M,45.57347915920021,5.575017940944577
201800002312,Lethal,2018-05-07,20:40:00,TwilightOrDawn,380,148,No,X-type,Normal,NoCollision,D16 - Chemin CroiX Drogu,M,45.607142382784346,5.604250831352095
201800002313,NonLethal,2018-05-18,10:50:00,Daylight,380,509,Yes,T-type,Normal,2Vehicles-BehindVehicles-Frontal,D1006 Rue P. Vincendon,M,45.56756877312276,5.568049045176871
201800002314,NonLethal,2018-06-23,18:25:00,Daylight,380,401,Yes,NoIntersection,Normal,NoCollision,Chemin des Jardins,M,45.55999222928945,5.561501261231547
201800002315,NonLethal,2018-06-26,19:30:00,Daylight,380,401,Yes,Roundabout,VeryGood,Other,D1006 - route de lyon,M,45.568326024346895,5.567313283523261
201800002316,NonLethal,2018-07-28,14:00:00,Daylight,380,381,No,NoIntersection,Overcast,NoCollision,D1600,M,45.55092692959752,5.552827891801203
201800002317,NonLethal,2018-10-04,11:10:00,Daylight,380,401,Yes,Other,Normal,2Vehicles-Side,route de la bourbe,M,45.562923254816624,5.561764817690383
201800002318,NonLethal,2018-10-25,08:20:00,TwilightOrDawn,380,381,No,NoIntersection,Normal,2Vehicles-BehindVehicles-Frontal,D93,M,45.559512546816485,5.561712111816942
201800002319,NonLethal,2018-11-12,16:31:00,Daylight,380,162,No,NoIntersection,VeryGood,2Vehicles-Behind,D145C,M,45.60124809316653,5.598720500050976
201800002320,NonLethal,2018-01-24,18:35:00,NightNoStreetLight,440,35,No,T-type,VeryGood,2Vehicles-Side,La Noue Verrière,M,47.27561308687997,-0.2747471404807625
201800002322,NonLethal,2018-05-15,19:45:00,Daylight,440,35,No,NoIntersection,VeryGood,2Vehicles-Side,rue du vivier,M,47.33066786763488,-0.32984847911561
201800002324,Lethal,2018-07-17,15:00:00,Daylight,440,35,Yes,Roundabout,Normal,2Vehicles-BehindVehicles-Frontal,AVENUE DES NOIERIES,M,47.30096699417817,-0.2979260645211383
201800002326,NonLethal,2018-02-06,18:05:00,Daylight,380,484,No,NoIntersection,Normal,2Vehicles-BehindVehicles-Frontal,Route de Vienne,M,45.55261287413221,4.552855603888005
201800002327,NonLethal,2018-07-13,09:20:00,Daylight,380,110,Yes,X-type,Normal,2Vehicles-Side,rue de vienne,M,45.58041095276305,4.581104567429218
201800002328,NonLethal,2018-08-08,17:55:00,Daylight,380,487,No,X-type,Normal,NoCollision,RN7,M,45.564043360819774,4.56742909006593
201800002329,NonLethal,2018-08-31,16:45:00,Daylight,380,215,No,Other,Normal,2Vehicles-Side,D36,M,45.5866939297167,4.589145382253104
201800002330,NonLethal,2018-09-13,17:15:00,Daylight,380,87,Yes,X-type,Normal,2Vehicles-Side,avenue Frédéric Mistral,M,45.57552097762987,4.574974761952204
201800002331,NonLethal,2018-12-19,20:28:00,NightStreelightsOn,380,87,Yes,NoIntersection,LightRain,Other,819 rue Pasteur,M,45.58334242127399,4.583670525642131
201800002333,NonLethal,2018-04-19,17:50:00,Daylight,380,507,Yes,NoIntersection,Normal,Other,D517 - Route de Crémieu,M,45.75199501154478,5.750342449579263
201800002335,NonLethal,2018-10-27,21:15:00,NightStreelightsOn,380,85,Yes,NoIntersection,LightRain,Other,ROUTE DE VIENNE,M,45.74637211818582,5.748698804850068
201800002336,NonLethal,2018-12-28,15:40:00,Daylight,380,468,No,NoIntersection,Normal,2Vehicles-Side,N7,M,45.334876374288136,4.334114222746804
201800002337,NonLethal,2018-01-13,15:30:00,Daylight,380,468,No,X-type,Normal,2Vehicles-Side,montée du gampaloup,M,45.329151952734335,4.32924785946452
201800002338,NonLethal,2018-01-13,18:24:00,NightNoStreetLight,380,51,No,T-type,Normal,2Vehicles-Side,D131,M,45.32336826784841,4.323377203833127
201800002339,NonLethal,2018-01-28,06:50:00,NightStreelightsOn,380,3,Yes,NoIntersection,Normal,2Vehicles-BehindVehicles-Frontal,D51,M,45.34152723827414,4.339487910464176
201800002340,NonLethal,2018-01-28,10:00:00,Daylight,380,468,No,NoIntersection,Normal,Other,Virage de la Platière,M,45.35057596955493,4.35173866462618
201800002341,NonLethal,2018-03-21,16:55:00,Daylight,380,556,No,NoIntersection,Normal,2Vehicles-BehindVehicles-Frontal,D131,M,45.37587024735416,4.373040543727991
201800002342,NonLethal,2018-03-31,11:02:00,Daylight,380,72,No,NoIntersection,Normal,NoCollision,route de Salaise,M,45.32539690732559,4.325110069202218
201800002343,NonLethal,2018-05-26,17:15:00,Daylight,380,468,No,NoIntersection,Normal,2Vehicles-Side,Route nationale 7,M,45.332228427787726,4.329824641025064
201800002345,NonLethal,2018-08-31,18:00:00,Daylight,380,468,Yes,NoIntersection,Normal,2Vehicles-Side,rue du 19 mars 1962,M,45.343810298414425,4.343853367846121
201800002346,NonLethal,2018-04-09,16:44:00,Daylight,380,344,No,NoIntersection,Normal,2Vehicles-BehindVehicles-Frontal,route de vienne,M,45.39886608795208,4.398633725389968
201800002347,NonLethal,2018-03-10,02:30:00,NightStreelightsOn,380,468,No,Roundabout,Normal,2Vehicles-Side,ROUTE NATIONALE 7,M,45.339702421755085,4.339646734639685
201800002348,NonLethal,2018-10-23,18:15:00,Daylight,380,349,Yes,NoIntersection,Normal,2Vehicles-BehindVehicles-Frontal,Route de Péage,M,45.32132895053408,4.320732373400521
201800002349,NonLethal,2018-11-16,22:40:00,NightNoStreetLight,380,298,No,NoIntersection,Normal,2Vehicles-BehindVehicles-Frontal,route de la platière,M,,
201800002351,NonLethal,2018-05-27,23:15:00,NightStreelightsOn,380,449,Yes,NoIntersection,Normal,Other,Boulevard de la noirée,M,45.63917020642619,5.641939897132128
201800002353,NonLethal,2018-04-07,16:20:00,Daylight,380,537,Yes,X-type,Normal,2Vehicles-Side,Inter D125 - Rue Dupless,M,45.64356164416781,5.6438310624887205
201800002356,NonLethal,2018-09-01,03:30:00,NightStreelightsOn,380,449,No,NoIntersection,Normal,Other,D75,M,45.65898516291396,5.658995294845429
201800002357,NonLethal,2018-03-10,07:00:00,TwilightOrDawn,380,449,No,T-type,Normal,2Vehicles-Side,D76 - Route d'Heyrieux,M,45.63959121215278,5.640099492936899
201800002359,NonLethal,2018-02-21,12:15:00,Daylight,420,313,No,X-type,Normal,2Vehicles-Behind,rd 8,M,45.72718402871766,4.726486621531795
201800002362,NonLethal,2018-08-28,16:02:00,Daylight,420,211,Yes,NoIntersection,Normal,2Vehicles-Behind,Rue des bruyasses,M,45.53269599753308,4.531691183921611
201800002363,NonLethal,2018-10-12,07:12:00,TwilightOrDawn,420,13,Yes,X-type,LightRain,2Vehicles-Side,rd1089,M,45.64642629797181,4.644440353346893
201800002364,NonLethal,2018-01-30,07:35:00,TwilightOrDawn,420,147,Yes,X-type,LightRain,Other,boulevard chavassieu,M,45.60525206189451,4.606604714600461
201800002365,NonLethal,2018-02-13,07:50:00,Daylight,420,180,No,NoIntersection,Normal,NoCollision,Route départementale 101,M,45.592281685372505,4.592732009056788
201800002367,NonLethal,2018-03-15,22:00:00,NightStreelightsOn,420,147,Yes,NoIntersection,LightRain,Other,Place Eugène Beaune,M,45.606628506149534,4.607867521994459
201800002368,NonLethal,2018-04-30,18:20:00,Daylight,420,180,No,T-type,VeryGood,2Vehicles-BehindVehicles-Frontal,RD 101,M,45.59210645670489,4.5908213567382985
201800002369,NonLethal,2018-05-17,07:45:00,Daylight,420,147,Yes,NoIntersection,Normal,Other,24 rue de beauregard,M,45.61033649929224,4.60779690672724
201800002371,NonLethal,2018-06-21,17:20:00,Daylight,420,328,No,NoIntersection,VeryGood,2Vehicles-BehindVehicles-Frontal,Rd496 - Lieu dit Mont Ge,M,45.57160464108741,3.572041628002565
201800002372,NonLethal,2018-10-07,22:15:00,NightStreelightsOn,420,285,Yes,X-type,Normal,2Vehicles-Side,avenue joseph gourre,M,45.55369228959788,4.553931228635612
201800002373,NonLethal,2018-07-25,10:20:00,Daylight,420,105,No,NoIntersection,Normal,Other,D496,M,45.62364807807962,4.622672029853733
201800002374,NonLethal,2018-07-28,18:20:00,Daylight,420,285,Yes,T-type,Normal,2Vehicles-BehindVehicles-Frontal,D 8,M,45.56067657945273,4.560585488444692
201800002376,NonLethal,2018-02-08,16:15:00,Daylight,420,54,No,X-type,VeryGood,2Vehicles-Side,Lieu dit Fraisse haut,M,45.63334689773603,3.632614954088596
201800002377,NonLethal,2018-08-15,23:10:00,NightStreelightsOn,420,147,Yes,NoIntersection,Normal,2Vehicles-Side,boulevard de la préfectu,M,45.60967584087036,4.608151081520737
201800002378,Lethal,2018-08-16,16:30:00,Daylight,420,46,Yes,NoIntersection,Normal,NoCollision,Chemin les Romans,M,45.6431711513396,4.640127925840266
201800002379,NonLethal,2018-08-21,06:35:00,Daylight,420,37,No,NoIntersection,Normal,Other,La Prévôté,M,45.68030478456541,4.681499527890801
201800002380,NonLethal,2018-08-30,11:50:00,Daylight,420,147,Yes,T-type,Normal,Other,Avenue Alsace Lorraine,M,45.60402984489429,4.604613245225208
201800002381,NonLethal,2018-09-03,18:00:00,Daylight,420,328,No,X-type,Normal,2Vehicles-BehindVehicles-Frontal,D 496 le SOLEILLANT,M,45.57351596832659,3.575113092962014
201800002383,NonLethal,2018-10-19,13:15:00,Daylight,420,147,Yes,Roundabout,Normal,2Vehicles-Side,rond point de Beauregard,M,45.60832860674771,4.6092299091218
201800002384,NonLethal,2018-10-24,12:45:00,Daylight,420,151,No,T-type,Normal,3+Vehicles-Multiple,Entre CHAMPS ET FEURS,M,45.65575716966213,4.656502517437128
201800002385,NonLethal,2018-11-04,12:30:00,Daylight,420,121,No,Y-type,Normal,NoCollision,D44,M,45.60353658861034,3.601981867050532
201800002386,NonLethal,2018-11-04,15:15:00,Daylight,420,12,No,NoIntersection,Normal,2Vehicles-Behind,lieux dit Jeanbin,M,45.59643215606543,4.598590302522704
201800002387,NonLethal,2018-05-11,20:40:00,NightStreelightsOn,420,147,Yes,NoIntersection,Normal,Other,22 bis avenue de la libé,M,45.604653397311246,4.601998070748489
201800002388,NonLethal,2018-07-12,17:00:00,TwilightOrDawn,420,147,Yes,NoIntersection,LightRain,Other,Avenue d'allard,M,45.60721062379953,4.60920959442547
201800002389,NonLethal,2018-12-20,15:00:00,Daylight,420,147,Yes,Other,Normal,Other,2 boulevard chavassieu,M,45.60600933709905,4.608005751486238
201800002390,NonLethal,2018-08-02,18:10:00,NightNoStreetLight,420,75,No,NoIntersection,Normal,2Vehicles-BehindVehicles-Frontal,rue des chênes,M,45.57244902702385,4.571869829253671
201800002391,NonLethal,2018-03-08,17:00:00,Daylight,420,5,Yes,NoIntersection,Normal,2Vehicles-Behind,rue de la chaux,M,45.53106101764392,4.5309676557988885
201800002392,NonLethal,2018-03-09,20:15:00,NightStreelightsOn,420,5,Yes,NoIntersection,Normal,NoCollision,Avenue Jean MERMOZ,M,45.53596128217833,4.536794757119967
201800002393,NonLethal,2018-06-04,10:00:00,Daylight,420,304,Yes,Other,Normal,Other,D 105,M,45.53800510340384,4.537398203321295
201800002394,NonLethal,2018-05-21,11:30:00,Daylight,420,211,Yes,NoIntersection,Normal,Other,parking INTERMARCHE 09 r,M,45.53010021946208,4.527380076771245
201800002395,NonLethal,2018-05-23,12:15:00,Daylight,420,75,No,T-type,Normal,Other,route de rivas,M,45.580440437608864,4.583564382524105
201800002396,NonLethal,2018-05-25,14:00:00,Daylight,420,279,No,T-type,Normal,3+Vehicles-Multiple,route de jaraison,M,45.51831159935232,4.518529874065623
201800002397,NonLethal,2018-06-06,15:45:00,Daylight,420,5,Yes,NoIntersection,Normal,NoCollision,rue st exupery D1082,M,45.52432134335489,4.525194870654108
201800002398,NonLethal,2018-08-06,08:00:00,Daylight,420,5,Yes,NoIntersection,Normal,2Vehicles-BehindVehicles-Frontal,Rond point colona RD 498,M,45.53062462534692,4.529473930791246
201800002399,NonLethal,2018-07-13,14:35:00,Daylight,420,323,No,NoIntersection,VeryGood,2Vehicles-BehindVehicles-Frontal,avenue du 08 mai 1945,M,45.55089926332677,4.54731935068481
201800002401,NonLethal,2018-08-19,14:55:00,Daylight,420,5,Yes,NoIntersection,Normal,2Vehicles-BehindVehicles-Frontal,Rue Adrienne BOLLAND,M,45.538903260661314,4.537226481491818
201800002402,NonLethal,2018-08-21,08:00:00,Daylight,420,304,Yes,NoIntersection,Normal,2Vehicles-BehindVehicles-Frontal,chemin des petites sagne,M,45.54622791036908,4.546170020487826
201800002403,NonLethal,2018-10-20,07:45:00,TwilightOrDawn,420,75,No,NoIntersection,FogOrSmoke,2Vehicles-Side,d 1O1,M,45.581253063134405,4.582813805463561
201800002404,NonLethal,2018-05-12,13:30:00,Daylight,420,304,Yes,X-type,Normal,2Vehicles-Side,Avenue Jean Moulin,M,45.54175205922012,4.541000207122898
201800002405,NonLethal,2018-12-23,17:20:00,NightNoStreetLight,420,211,Yes,NoIntersection,Normal,2Vehicles-Side,10 avenue de Montbrison,M,45.52727184856004,4.528030592537579
201800002407,NonLethal,2018-03-17,19:00:00,NightNoStreetLight,420,165,No,NoIntersection,LightRain,2Vehicles-Side,Lieu dit Montcervy,M,45.78712557946544,4.786405906012184
201800002408,NonLethal,2018-03-18,17:00:00,Daylight,420,94,Yes,NoIntersection,Normal,Other,rue la Paparelle,M,45.747811192689504,4.746218533132292
201800002410,NonLethal,2018-03-23,14:00:00,Daylight,420,175,No,NoIntersection,Normal,2Vehicles-BehindVehicles-Frontal,Route départementale 58,M,45.79735122453596,4.798345449647968
201800002411,NonLethal,2018-04-13,17:23:00,Daylight,420,94,Yes,NoIntersection,Normal,Other,rue des minimes,M,45.74104865167276,4.739179036542575
201800002412,NonLethal,2018-02-05,14:00:00,Daylight,420,296,Yes,T-type,Normal,2Vehicles-Side,Lotissement des hauts de,M,45.73561699924333,4.736454733707983
201800002413,NonLethal,2018-12-07,22:20:00,NightStreelightsOn,420,94,Yes,X-type,Normal,2Vehicles-Side,Rue de la Loire,M,45.74268678412757,4.7429717663222055
201800002414,NonLethal,2018-07-29,18:45:00,Daylight,420,94,Yes,NoIntersection,Normal,2Vehicles-Side,Chemin de Riou,M,45.73124911595039,4.732457402239599
201800002415,NonLethal,2018-07-31,19:00:00,Daylight,420,94,Yes,Roundabout,Normal,2Vehicles-Side,rue de la minette,M,45.74263717871726,4.741256464597233
201800002416,NonLethal,2018-09-06,09:45:00,Daylight,420,94,Yes,NoIntersection,Normal,Other,Avenue jean jaurès,M,45.74231380011289,4.743963310346
201800002417,NonLethal,2018-10-07,15:50:00,Daylight,420,214,No,NoIntersection,Normal,3+Vehicles-Multiple,VC Le Pont,M,45.67129002259732,4.674248430622843
201800002418,NonLethal,2018-12-14,22:04:00,NightStreelightsOn,420,94,Yes,Other,Normal,2Vehicles-BehindVehicles-Frontal,Lieu-dit Bligny,M,45.74204623424945,4.741518512901429
201800002419,NonLethal,2018-05-07,15:50:00,Daylight,420,168,No,T-type,Normal,2Vehicles-Side,RD 7,M,45.44027190629064,4.437257415237128
201800002420,NonLethal,2018-05-19,15:25:00,Daylight,420,64,No,NoIntersection,Normal,NoCollision,06 LE MONTANT,M,45.45078406356509,4.45133479967429
201800002422,NonLethal,2018-12-03,16:30:00,Daylight,420,191,Yes,T-type,Normal,3+Vehicles-Multiple,rd 19 / Rd 34,M,45.40050323534359,4.400336190886273
201800002423,Lethal,2018-07-11,16:15:00,Daylight,730,46,No,NoIntersection,Normal,NoCollision,"Route communale 5, lieu",M,45.5000411057137,6.4995647114216135
201800002424,NonLethal,2018-01-09,23:00:00,NightNoStreetLight,730,329,Yes,NoIntersection,Normal,Other,Rue de la Dent du Chat,M,45.63158157497176,5.631795468079606
201800002425,NonLethal,2018-05-07,08:15:00,Daylight,730,228,No,NoIntersection,Normal,2Vehicles-Side,D1006,M,45.54811070487824,5.549314762025512
201800002426,NonLethal,2018-05-20,15:15:00,Daylight,730,329,No,NoIntersection,Normal,2Vehicles-Side,D1201 PR 9 + 200 (au niv,M,45.61847916894057,5.617321777438312
201800002427,NonLethal,2018-05-31,18:15:00,Daylight,730,288,Yes,NoIntersection,Normal,Other,442 rte d'aix les bain,M,45.613814677772105,5.613518643976977
201800002428,NonLethal,2018-06-22,15:35:00,Daylight,730,328,No,NoIntersection,VeryGood,2Vehicles-BehindVehicles-Frontal,RD 12O1,M,45.64446186906521,5.643921246691212
201800002429,NonLethal,2018-09-17,14:10:00,Daylight,730,288,No,X-type,VeryGood,2Vehicles-Side,route départementale 99l,M,45.62461017128178,5.625444737769819
201800002430,NonLethal,2018-10-11,14:45:00,Daylight,730,155,Yes,T-type,Normal,2Vehicles-Side,456 route des Briques,M,45.64283847938414,5.644070528884642
201800002431,Lethal,2018-11-22,03:00:00,NightNoStreetLight,730,288,No,NoIntersection,FogOrSmoke,NoCollision,Chemin de l'échelette,M,45.61254489272847,5.614321536934206
201800002432,NonLethal,2018-03-25,17:05:00,Daylight,730,225,No,NoIntersection,Overcast,2Vehicles-BehindVehicles-Frontal,route de la chartreuse,M,45.52546341172789,5.5253577249837065
201800002434,NonLethal,2018-04-21,21:05:00,NightStreelightsOn,730,225,Yes,Roundabout,Normal,Other,route d'Apremont,M,45.52914302841126,5.531063250387326
201800002435,NonLethal,2018-07-05,18:15:00,Daylight,730,213,Yes,Y-type,Normal,2Vehicles-BehindVehicles-Frontal,rue de joigny,M,45.55268606093188,5.554908955002031
201800002436,NonLethal,2018-05-23,11:10:00,Daylight,730,64,Yes,NoIntersection,Normal,2Vehicles-Side,233 Route royale,M,45.549167533856085,5.548193072776612
201800002438,Lethal,2018-06-19,22:40:00,NightStreelightsOn,730,213,Yes,NoIntersection,Normal,2Vehicles-Behind,1115 route départemental,M,45.568065577832186,5.568127308643292
201800002439,NonLethal,2018-09-07,11:15:00,Daylight,730,64,Yes,T-type,Normal,2Vehicles-Behind,"RD 9, route de SAINT BAL",M,45.54252924802484,5.5427331522227465
201800002440,NonLethal,2018-09-27,16:15:00,Daylight,730,243,No,NoIntersection,Normal,Other,col de plainpalais,M,45.60219013053093,6.603965136685895
201800002441,NonLethal,2018-12-15,04:30:00,NightStreelightsOn,730,213,Yes,Y-type,Normal,Other,1545 route d'apremont,M,45.54693511606733,5.545564281300835
201800002442,NonLethal,2018-05-31,12:00:00,Daylight,730,36,No,NoIntersection,Normal,Other,Entrèves - RD 912,M,45.7316217331634,6.731064977965791
201800002443,NonLethal,2018-06-09,21:25:00,TwilightOrDawn,730,20,No,NoIntersection,Normal,NoCollision,"Lieu dit ""Bourchigny""",M,45.71729440638951,6.718665659749964
201800002444,NonLethal,2018-02-28,07:55:00,Daylight,730,179,No,NoIntersection,Normal,2Vehicles-Side,Avenue René Cassin,M,45.59340644644819,5.593562775141677
201800002445,NonLethal,2018-03-26,09:55:00,Daylight,730,51,Yes,T-type,Normal,3+Vehicles-Multiple,Route du tunnel,M,45.65495752105574,5.653773608723107
201800002446,Lethal,2018-11-08,08:46:00,Daylight,730,314,Yes,Y-type,Normal,NoCollision,montchabeau,M,45.51227387864533,6.512123567155966
201800002447,Lethal,2018-11-18,16:20:00,Daylight,730,79,No,T-type,Normal,2Vehicles-BehindVehicles-Frontal,RD 1006,M,45.5578738994995,6.558382503581681
201800002449,NonLethal,2018-08-10,01:20:00,NightStreelightsOn,730,6,Yes,Y-type,Normal,Other,ROUTE DES ILES,M,45.55480283966581,6.553538360016773
201800002451,NonLethal,2018-01-09,10:55:00,Daylight,730,6,Yes,NoIntersection,Normal,2Vehicles-Behind,684 avenue de la tarenta,M,45.55448797657826,6.554763943857467
201800002452,Lethal,2018-10-07,14:55:00,Daylight,730,150,No,NoIntersection,Normal,Other,Plagne Centre,M,45.51009692600427,6.511510780224593
201800002453,NonLethal,2018-10-19,17:10:00,Daylight,730,6,Yes,Y-type,Normal,Other,rue des chaudannes,M,45.5558227280738,6.557781762264013
201800002454,NonLethal,2018-12-08,13:40:00,Daylight,730,6,No,NoIntersection,LightRain,2Vehicles-BehindVehicles-Frontal,Route nationale 90,M,45.55134350326097,6.552013589858665
201800002455,NonLethal,2018-12-21,15:20:00,Daylight,730,150,No,NoIntersection,SnowOrHail,2Vehicles-BehindVehicles-Frontal,Au-dessus virage 9 RD221,M,45.53225202736129,6.532037104929197
201800002458,NonLethal,2018-07-03,17:30:00,Daylight,730,34,No,T-type,Normal,2Vehicles-Side,route de domelin,M,45.72207740069115,6.719064563936307
201800002459,NonLethal,2018-07-09,13:20:00,Daylight,730,34,No,NoIntersection,VeryGood,2Vehicles-BehindVehicles-Frontal,lieu dit fontanus,M,45.70924516974754,6.708087421421361
201800002460,NonLethal,2018-09-29,11:00:00,Daylight,730,34,No,NoIntersection,Normal,2Vehicles-BehindVehicles-Frontal,CD925,M,45.69364352678934,6.696360071051568
201800002461,NonLethal,2018-06-11,18:30:00,NightNoStreetLight,730,317,No,NoIntersection,HeavyRain,3+Vehicles-Multiple,route de la plaine rd925,M,45.72003534798556,6.721177861658145
201800002462,NonLethal,2018-04-28,10:15:00,Daylight,730,232,No,NoIntersection,Normal,3+Vehicles-Multiple,RD902 PK 34+800,M,45.53880771441902,6.541449789788355
201800002463,NonLethal,2018-06-29,09:50:00,Daylight,730,54,Yes,Roundabout,Normal,2Vehicles-Side,Place de la gare,M,45.61942644171694,6.616118455738029
201800002465,NonLethal,2018-07-24,14:40:00,Daylight,730,54,No,NoIntersection,Normal,2Vehicles-BehindVehicles-Frontal,D902,M,45.672453182771655,6.671178275916407
201800002467,NonLethal,2018-09-24,11:10:00,Daylight,730,176,No,Y-type,Normal,2Vehicles-Side,camping caravaneige La f,M,45.62221887458775,6.621934267883307
201800002468,NonLethal,2018-10-02,16:00:00,Daylight,730,285,Yes,T-type,Normal,2Vehicles-BehindVehicles-Frontal,Croisement D119 / route,M,45.61862159396063,6.620929580074155
201800002469,NonLethal,2018-10-24,15:30:00,Daylight,730,285,No,NoIntersection,Normal,2Vehicles-Side,2390 lieu dit longefoy,M,45.6130467888026,6.612370156184268
201800002470,NonLethal,2018-03-03,10:24:00,Daylight,730,187,No,NoIntersection,SnowOrHail,Other,Rd 93 pk 8+550,M,45.54349253277706,6.542622579849128
201800002471,NonLethal,2018-02-27,23:15:00,NightStreelightsOn,730,227,Yes,Y-type,SnowOrHail,Other,176 rue de la croisette,M,45.41591984141724,6.414709561656736
201800002472,NonLethal,2018-06-25,08:55:00,Daylight,730,3,Yes,T-type,Normal,2Vehicles-Side,grande rue,M,45.49838163321241,6.497700634570363
201800002473,NonLethal,2018-06-28,09:10:00,Daylight,730,57,No,NoIntersection,Normal,2Vehicles-BehindVehicles-Frontal,RD 915 PK5,M,45.458127735194125,6.457614278321802
201800002474,NonLethal,2018-07-04,16:30:00,Daylight,730,321,No,T-type,Normal,2Vehicles-Side,RD 915,M,45.46657587154686,6.46645134967759
201800002475,NonLethal,2018-07-15,11:45:00,Daylight,730,187,No,NoIntersection,Normal,Other,route du col de la Madel,M,45.44014668629877,6.440242657461075