AccidentId,Gravity,Date,Hour,Light,Department,Commune,InAgglomeration,IntersectionType,Weather,CollisionType,PostalAddress,GPSCode,Latitude,Longitude
201800002476,NonLethal,2018-07-24,11:45:00,Daylight,730,187,No,NoIntersection,Normal,2Vehicles-Side,D213,M,45.545507153435445,6.547142264196428
201800002478,NonLethal,2018-08-19,15:05:00,Daylight,730,181,Yes,Roundabout,VeryGood,2Vehicles-Side,ROND POINT DE L EUROPE,M,45.48077566636683,6.481015067195115
201800002479,NonLethal,2018-02-09,13:20:00,Daylight,730,187,No,NoIntersection,Normal,NoCollision,RD 213 - route du col de,M,45.52096215526307,6.522032850615082
201800002480,NonLethal,2018-09-09,15:25:00,Daylight,730,181,Yes,T-type,Normal,NoCollision,rue des salines royales,M,45.48320553819437,6.483621411277736
201800002481,NonLethal,2018-10-13,01:20:00,NightNoStreetLight,730,6,No,NoIntersection,Normal,NoCollision,RN 90 PK 58- MONTGIROD,M,45.52836443416648,6.529304309613878
201800002482,NonLethal,2018-01-11,15:00:00,Daylight,730,3,Yes,Other,LightRain,2Vehicles-Side,Avenue de Savoie - belle,M,45.50860938777439,6.509718928233811
201800002483,NonLethal,2018-11-28,14:00:00,Daylight,730,187,No,NoIntersection,Normal,2Vehicles-Behind,Départementale 97,M,45.53678395953381,6.537379961325565
201800002485,NonLethal,2018-01-07,22:30:00,NightNoStreetLight,730,177,No,NoIntersection,SnowOrHail,Other,Lieu dit Montbrunal,M,45.32607157881816,6.3278918205275385
201800002486,NonLethal,2018-01-31,18:00:00,NightNoStreetLight,730,320,No,T-type,Normal,2Vehicles-BehindVehicles-Frontal,D81,M,45.26643962354191,6.26819781984393
201800002487,NonLethal,2018-03-28,13:30:00,Daylight,730,203,No,NoIntersection,Normal,2Vehicles-Behind,rd1006,M,45.317910305394136,6.318245422180815
201800002489,Lethal,2018-06-29,17:40:00,Daylight,730,203,Yes,NoIntersection,Normal,Other,D1006,M,45.30260044941055,6.30343288569772
201800002490,NonLethal,2018-07-07,02:00:00,NightStreelightsOn,730,248,Yes,Y-type,Normal,NoCollision,rue de Ramassot,M,45.274797950255824,6.274254049889676
201800002491,NonLethal,2018-07-07,12:45:00,Daylight,730,256,No,NoIntersection,Normal,Other,Les grandes Seignères,M,45.20368658388768,6.201406651920481
201800002492,NonLethal,2018-07-16,00:01:00,NightStreelightsOn,730,306,Yes,NoIntersection,LightRain,Other,d902,M,45.16197605376858,6.160997703666678
201800002493,NonLethal,2018-07-21,13:40:00,Daylight,730,256,No,NoIntersection,Normal,2Vehicles-BehindVehicles-Frontal,Lieu dit sous La Ravoire,M,45.211944641994016,6.210772999140536
201800002496,NonLethal,2018-08-09,22:39:00,NightStreelightsOn,730,248,Yes,T-type,Normal,2Vehicles-Side,383 rue du Mont Cenis,M,45.27041339043719,6.272588573716846
201800002497,NonLethal,2018-09-12,21:25:00,NightNoStreetLight,730,320,No,Y-type,Normal,2Vehicles-Behind,D906,M,45.26457452527338,6.267026352426859
201800002498,NonLethal,2018-09-22,10:46:00,Daylight,730,250,Yes,Y-type,Normal,2Vehicles-Side,rue de la chaudanniere,M,45.26377344075459,6.261434998717221
201800002499,NonLethal,2018-11-06,11:05:00,Daylight,730,248,No,NoIntersection,LightRain,3+Vehicles-Multiple,D1006,M,45.28769123812534,6.287974679908849
201800002500,NonLethal,2018-06-30,11:00:00,Daylight,730,290,No,NoIntersection,Normal,2Vehicles-Side,RD 1006 plaine St Nicola,M,45.20708220365327,6.205999138323105
201800002501,NonLethal,2018-01-07,12:32:00,Daylight,730,47,No,NoIntersection,Normal,NoCollision,"RD902, route du col de l",M,45.39106344495399,7.391595589914442
201800002502,Lethal,2018-02-07,12:00:00,Daylight,730,47,No,NoIntersection,Normal,Other,PK.69 - RD;902 ROUTE DU,M,45.39201868317306,7.392070390931503
201800002503,NonLethal,2018-01-08,18:23:00,TwilightOrDawn,730,40,Yes,NoIntersection,Normal,Other,rue de juin 1957,M,45.32186846409444,6.319882548725663
201800002504,NonLethal,2018-08-22,22:30:00,NightNoStreetLight,730,47,No,NoIntersection,Normal,Other,lieu dit Berion,M,45.3671526095488,7.364184366254794
201800002505,NonLethal,2018-07-07,10:15:00,Daylight,730,157,Yes,T-type,Normal,2Vehicles-Side,RD 1006 - cours Aristide,M,45.203462030511865,6.199824456676978
201800002506,Lethal,2018-12-22,11:30:00,Daylight,730,157,Yes,T-type,Normal,Other,24 place sommeiller,M,45.1945712331986,6.192560741119456
201800002507,NonLethal,2018-03-25,06:10:00,NightNoStreetLight,740,136,No,NoIntersection,LightRain,Other,Route du chinaillon,M,45.97500649531597,6.97177530242248
201800002508,NonLethal,2018-05-04,18:05:00,Daylight,740,280,No,NoIntersection,Normal,3+Vehicles-Multiple,D 12,M,45.85925949307696,6.861560248690351
201800002509,NonLethal,2018-04-18,18:30:00,Daylight,740,36,Yes,X-type,Normal,2Vehicles-Side,1 Route du col de Bluffy,M,45.87214302226841,6.874204574700726
201800002510,NonLethal,2018-04-21,11:50:00,Daylight,740,239,No,NoIntersection,Normal,NoCollision,1245 route de Thônes,M,45.921258810465375,6.922143311349438
201800002511,NonLethal,2018-05-24,17:30:00,Daylight,740,3,No,NoIntersection,Normal,2Vehicles-BehindVehicles-Frontal,d16,M,45.89571778233318,6.896746694169467
201800002512,NonLethal,2018-06-13,16:00:00,Daylight,740,102,No,NoIntersection,Normal,2Vehicles-Side,D216,M,45.9033323025593,6.90417924761543
201800002513,Lethal,2018-07-19,08:10:00,Daylight,740,3,No,NoIntersection,Normal,Other,D16,M,45.89589742401585,6.897236165880357
201800002514,NonLethal,2018-08-15,11:20:00,Daylight,740,136,No,NoIntersection,Normal,2Vehicles-Behind,D4,M,45.96517452755276,6.965217704158506
201800002515,NonLethal,2018-08-26,09:15:00,Daylight,740,80,No,NoIntersection,Normal,3+Vehicles-Chain,RD 909,M,45.875346681176005,6.875959391348864
201800002517,NonLethal,2018-12-13,14:15:00,Daylight,740,280,No,NoIntersection,Normal,Other,route des Aravis,M,45.88638782165211,6.8864679379134826
201800002518,NonLethal,2018-12-20,15:40:00,Daylight,740,280,Yes,T-type,LightRain,Other,le revers,M,45.885559224457545,6.88589299725368
201800002519,NonLethal,2018-01-04,17:45:00,NightStreelightsOn,740,42,Yes,T-type,LightRain,Other,AVENUE DE PONTCHY,M,46.07458693304917,6.0727651573411885
201800002520,NonLethal,2018-03-24,16:30:00,Daylight,740,42,Yes,Roundabout,Normal,Other,29 boulevard des Allobro,M,46.0755466530462,6.074544535014357
201800002521,NonLethal,2018-03-25,17:30:00,Daylight,740,212,No,NoIntersection,Overcast,2Vehicles-BehindVehicles-Frontal,RD12,M,45.99934228237783,7.00052206041323
201800002522,NonLethal,2018-04-20,14:10:00,Daylight,740,87,No,Roundabout,Normal,NoCollision,route de findrol,M,46.1466138002712,6.1484635500076
201800002524,NonLethal,2018-05-05,20:25:00,TwilightOrDawn,740,42,Yes,NoIntersection,Normal,3+Vehicles-Multiple,57 Avenue de GENEVE,M,46.07962089725436,6.077639425365636
201800002525,NonLethal,2018-07-15,16:50:00,Daylight,740,42,Yes,NoIntersection,Normal,2Vehicles-Side,1098 route de bonneville,M,46.05406378735671,6.0553062300993785
201800002526,NonLethal,2018-08-04,09:40:00,Daylight,740,42,No,NoIntersection,Normal,NoCollision,D12O5,M,46.101086548997785,6.101536684836807
201800002530,NonLethal,2018-10-20,21:40:00,NightNoStreetLight,740,42,No,NoIntersection,FogOrSmoke,2Vehicles-Behind,RD 1205,M,46.07303510890596,6.072214405583304
201800002532,NonLethal,2018-11-23,19:50:00,NightStreelightsOn,740,42,Yes,NoIntersection,Normal,2Vehicles-BehindVehicles-Frontal,100 rue pertuiset,M,46.07978402481458,6.077135217645849
201800002534,NonLethal,2018-06-12,16:05:00,Daylight,740,143,Yes,T-type,Normal,2Vehicles-Side,25 avenue des alpages,M,45.89496731236213,6.897518229432452
201800002535,NonLethal,2018-07-27,12:30:00,Daylight,740,56,No,NoIntersection,Normal,Other,113 route des praz,M,45.93134070839846,6.931052304609394
201800002536,NonLethal,2018-03-08,10:50:00,Daylight,740,266,Yes,X-type,Normal,2Vehicles-Side,route de passy,M,45.94554626609539,6.943854470038656
201800002537,NonLethal,2018-12-24,06:00:00,NightStreelightsOn,740,56,Yes,T-type,HeavyRain,Other,route des Moussoux,M,45.92053188102188,6.921572541806628
201800002538,NonLethal,2018-02-08,20:45:00,NightNoStreetLight,740,250,No,NoIntersection,Normal,2Vehicles-BehindVehicles-Frontal,AVENUE DE LA PLAINE,M,46.06539711234873,6.063727623442841
201800002539,NonLethal,2018-06-14,08:45:00,Daylight,740,250,No,NoIntersection,Normal,3+Vehicles-Chain,D1203,M,46.07029421489779,6.070530897093248
201800002540,NonLethal,2018-07-01,09:25:00,Daylight,740,224,Yes,NoIntersection,Normal,Other,faubourg ST martin,M,46.06815383253165,6.065901772512055
201800002541,NonLethal,2018-07-11,07:25:00,Daylight,740,250,No,T-type,Normal,2Vehicles-BehindVehicles-Frontal,691 rue des celliers,M,46.07839472033066,6.077921099402051
201800002542,NonLethal,2018-07-15,21:15:00,Daylight,740,224,Yes,NoIntersection,Normal,Other,rue Andrevetan,M,46.06577839752337,6.066193675509119
201800002543,NonLethal,2018-07-22,15:50:00,Daylight,740,250,No,NoIntersection,Normal,2Vehicles-BehindVehicles-Frontal,Route des gorges du bom,M,46.04704462902628,6.047168127675186
201800002544,NonLethal,2018-07-27,23:25:00,NightNoStreetLight,740,90,No,X-type,Normal,2Vehicles-Behind,D903,M,46.08768638736457,6.088722456123986
201800002545,NonLethal,2018-08-18,12:30:00,Daylight,740,116,No,NoIntersection,Normal,2Vehicles-Side,RD 12O3,M,46.0525188283665,6.050160659145008
201800002546,Lethal,2018-11-01,19:30:00,NightNoStreetLight,740,224,No,NoIntersection,Overcast,Other,Boulevard du maquis des,M,46.07737694009566,6.076362504197886
201800002547,NonLethal,2018-11-17,19:00:00,NightNoStreetLight,740,250,No,NoIntersection,Normal,NoCollision,RD12 ROUTE DES EVEAUX,M,46.04864648131346,6.049449777384036
201800002548,Lethal,2018-06-04,18:15:00,Daylight,740,44,No,NoIntersection,Normal,2Vehicles-BehindVehicles-Frontal,RD 1206,M,46.15770826405708,6.155895079143937
201800002549,NonLethal,2018-04-22,14:20:00,Daylight,740,124,No,T-type,VeryGood,2Vehicles-Side,intersection RD 37 / RD1,M,46.11843850812701,6.117542962436204
201800002552,NonLethal,2018-08-31,13:50:00,Daylight,740,243,No,T-type,Overcast,2Vehicles-BehindVehicles-Frontal,RD1206,M,46.14269156678359,6.139285748020721
201800002554,NonLethal,2018-10-28,07:00:00,NightNoStreetLight,740,16,No,NoIntersection,HeavyRain,NoCollision,Avenue Marie Curie,M,46.12151184881599,6.120633974499131
201800002555,NonLethal,2018-11-10,04:45:00,NightNoStreetLight,740,243,No,NoIntersection,Other,NoCollision,RD 1206,M,46.14284739619372,6.14300886313559
201800002556,NonLethal,2018-12-07,06:34:00,NightNoStreetLight,740,16,No,T-type,Normal,2Vehicles-Side,AVENUE MARIE CURIE,M,46.13642512271692,6.133975016599356
201800002557,NonLethal,2018-12-28,01:00:00,NightNoStreetLight,740,201,No,Roundabout,FogOrSmoke,Other,D 1201 ROUTE D'ANNECY,M,46.12440661573397,6.124832754337841
201800002558,NonLethal,2018-01-16,05:45:00,NightStreelightsOff,740,220,Yes,NoIntersection,LightRain,2Vehicles-BehindVehicles-Frontal,Avenue de la gare,M,46.128376461838,6.12807664888669
201800002560,NonLethal,2018-04-15,18:45:00,Daylight,740,220,No,NoIntersection,Normal,2Vehicles-BehindVehicles-Frontal,Route d'ANNEMASSE - D2,M,46.15016122719427,6.149326476963327
201800002561,NonLethal,2018-04-27,23:45:00,NightNoStreetLight,740,15,Yes,NoIntersection,Normal,Other,Route départementale 6,M,46.081940101394736,6.081336740581983
201800002562,NonLethal,2018-04-29,13:50:00,Daylight,740,94,Yes,T-type,Normal,2Vehicles-Side,753 route des rosses,M,46.20142072988942,6.200770260146525
201800002564,NonLethal,2018-05-20,02:00:00,NightNoStreetLight,740,128,No,NoIntersection,Normal,Other,"1432, route de la Vallée",M,46.16959185678122,6.167130195980621
201800002566,NonLethal,2018-02-06,14:10:00,Daylight,740,220,No,NoIntersection,Normal,Other,route d'Annemasse,M,46.13991944001861,6.139639270882041
201800002568,NonLethal,2018-06-17,16:08:00,Daylight,740,185,Yes,NoIntersection,Normal,2Vehicles-Behind,route des trois lacs D41,M,46.15321291974629,6.1524966622919
201800002571,Lethal,2018-08-13,15:45:00,Daylight,740,128,No,NoIntersection,Normal,2Vehicles-Side,route de la vallée verte,M,46.171765375992095,6.1701523994487815
201800002572,NonLethal,2018-08-24,11:35:00,Daylight,740,128,No,T-type,Normal,3+Vehicles-Multiple,RD9,M,46.15112513884278,6.152051138238648
201800002573,Lethal,2018-09-02,09:40:00,Daylight,740,229,Yes,T-type,Normal,Other,238 rue de l'archet,M,46.23088362607583,6.231278554165585
201800002574,NonLethal,2018-09-20,19:00:00,Daylight,740,211,No,NoIntersection,Normal,NoCollision,Route de Moussy,M,46.09898504639175,6.0975977296562105
201800002576,NonLethal,2018-01-10,07:45:00,Daylight,740,197,No,NoIntersection,Normal,NoCollision,D 903 G,M,46.14984901214552,6.150281132834997
201800002577,NonLethal,2018-10-15,17:20:00,Daylight,740,197,No,NoIntersection,Normal,2Vehicles-Side,CD903,M,46.14662613008919,6.146702973418633
201800002578,NonLethal,2018-10-22,13:50:00,Daylight,740,220,Yes,Y-type,Normal,2Vehicles-Side,RD302,M,46.13132674141339,6.130222533410122
201800002579,NonLethal,2018-06-11,16:55:00,Daylight,740,220,No,NoIntersection,LightRain,2Vehicles-BehindVehicles-Frontal,Route de Findrol,M,46.13324543495735,6.134456552689294
201800002581,NonLethal,2018-11-30,19:47:00,NightNoStreetLight,740,94,No,NoIntersection,LightRain,2Vehicles-BehindVehicles-Frontal,Route départementale 903,M,46.18397032146657,6.182276846760754
201800002582,NonLethal,2018-02-28,08:10:00,Daylight,740,286,No,NoIntersection,Normal,2Vehicles-BehindVehicles-Frontal,"CD 22, le Fontanil",M,46.33147493870601,6.331686412179626
201800002583,NonLethal,2018-03-17,05:00:00,NightNoStreetLight,740,58,No,NoIntersection,Normal,NoCollision,CD 22 - lieu dit place,M,46.30200365038701,6.302832356326456
201800002584,NonLethal,2018-04-12,17:23:00,Daylight,740,286,Yes,T-type,Normal,2Vehicles-Side,CD22,M,46.323144730276034,6.323621262129472
201800002585,Lethal,2018-05-30,02:00:00,NightNoStreetLight,740,63,No,NoIntersection,Normal,Other,route de Pré-la-Joux,M,46.24038325621687,6.239783201586756
201800002586,NonLethal,2018-07-29,09:30:00,Daylight,740,63,No,NoIntersection,Normal,Other,Route de Vonnes,M,46.237388996874905,6.239951829534701
201800002587,NonLethal,2018-12-08,02:20:00,NightNoStreetLight,740,58,No,NoIntersection,Normal,Other,D230,M,46.28014828167839,6.279220789296543
201800002588,NonLethal,2018-08-16,14:05:00,Daylight,740,63,Yes,NoIntersection,Normal,2Vehicles-BehindVehicles-Frontal,1694 Route du Linga,M,46.2558140392838,6.256020189558902
201800002589,NonLethal,2018-08-19,20:00:00,TwilightOrDawn,740,58,No,NoIntersection,Normal,Other,"Lieu dit ""Ville du Nant""",M,46.286555991662894,6.286489648045861
201800002590,NonLethal,2018-09-30,00:30:00,NightNoStreetLight,740,63,No,NoIntersection,Normal,NoCollision,"RD228, lieu-dit Bassacha",M,46.21919587390516,6.219380092904943
201800002591,NonLethal,2018-05-05,20:30:00,Daylight,740,139,No,NoIntersection,Normal,Other,"D12, chez soujon",M,46.2295392394935,6.225567422930958
201800002592,NonLethal,2018-04-03,07:25:00,TwilightOrDawn,740,154,No,NoIntersection,Normal,3+Vehicles-Multiple,Route Nationale 1005,M,46.404910052998446,6.407422074512281
201800002595,NonLethal,2018-01-06,07:00:00,Daylight,740,249,No,NoIntersection,Normal,2Vehicles-BehindVehicles-Frontal,Lieu dit les Petites Gra,M,46.36890295512164,6.36980744379447
201800002596,NonLethal,2018-06-26,15:55:00,Daylight,740,154,No,T-type,Normal,2Vehicles-Side,D1005,M,46.40722979541387,6.40602733731631
201800002597,NonLethal,2018-07-13,18:45:00,Daylight,740,166,No,T-type,Normal,2Vehicles-Behind,RD 32 route de thonon,M,46.38479729153693,6.383268244450696
201800002598,NonLethal,2018-08-23,18:20:00,Daylight,740,57,Yes,X-type,Normal,2Vehicles-Side,D11 - Route de Champange,M,46.36954967890489,6.371141106538516
201800002599,NonLethal,2018-08-30,07:30:00,Daylight,740,175,No,NoIntersection,Normal,2Vehicles-Side,route départementale D10,M,46.40589355144905,6.406018315327184
201800002600,Lethal,2018-09-07,19:04:00,TwilightOrDawn,740,166,Yes,NoIntersection,Normal,3+Vehicles-Multiple,Route de Thonon,M,46.38037624875248,6.383205768941925
201800002601,NonLethal,2018-04-22,10:30:00,Daylight,630,345,Yes,T-type,Normal,2Vehicles-Behind,RD2089 THEIX,M,45.7062989994135,3.705456090846205
201800002602,NonLethal,2018-05-19,15:50:00,Daylight,630,307,Yes,Y-type,Normal,2Vehicles-BehindVehicles-Frontal,chemin prat,M,45.74064746852904,3.7399753243346394
201800002603,Lethal,2018-06-22,18:30:00,Daylight,630,307,Yes,NoIntersection,Normal,Other,RD 2089 - Lieu dit Saulz,M,45.71402740177428,3.714836218875128
201800002604,NonLethal,2018-07-01,02:45:00,NightStreelightsOn,630,307,Yes,NoIntersection,Normal,Other,06 Rue Henri Dunant,M,45.7289313044483,3.7266260078488287
201800002605,Lethal,2018-07-15,21:45:00,NightStreelightsOn,630,345,No,NoIntersection,Normal,2Vehicles-BehindVehicles-Frontal,16 route de Theix,M,45.717511854058365,3.7169930581768815
201800002606,NonLethal,2018-08-15,16:30:00,Daylight,630,345,Yes,Roundabout,Normal,Other,RD 2089 Lieu dit Theix,M,45.70420934451185,3.704503725410678
201800002607,NonLethal,2018-04-07,16:55:00,Daylight,630,254,No,T-type,Normal,2Vehicles-Side,route départementale 943,M,45.80558264450497,3.804876181010303
201800002608,NonLethal,2018-06-04,08:20:00,Daylight,630,42,Yes,NoIntersection,Normal,Other,558 route des mauvaises,M,45.83478868863888,3.833688937252886
201800002610,NonLethal,2018-10-14,16:15:00,Daylight,630,417,No,NoIntersection,Normal,NoCollision,D943,M,45.82748801382058,3.827814258232631
201800002611,NonLethal,2018-10-18,11:40:00,Daylight,630,263,No,NoIntersection,Normal,2Vehicles-Side,"D941, route de la baraqu",M,45.78408566009824,3.782698567577276
201800002612,NonLethal,2018-12-16,03:40:00,NightNoStreetLight,630,263,No,T-type,Overcast,Other,route de royat,M,45.76900876103085,3.76605275456968
201800002613,NonLethal,2018-11-25,14:20:00,Daylight,630,42,Yes,NoIntersection,Normal,2Vehicles-BehindVehicles-Frontal,D2,M,45.82683477326509,3.825994808806784
201800002614,NonLethal,2018-03-07,13:15:00,Daylight,630,204,Yes,T-type,Normal,2Vehicles-Side,route de PONT DU CHATEAU,M,45.80944833848469,3.809645626616765
201800002615,NonLethal,2018-03-21,22:35:00,NightStreelightsOff,630,133,Yes,NoIntersection,Normal,Other,5 impasse des oeillets,M,45.76275758552752,3.762960509891774
201800002616,NonLethal,2018-04-02,17:33:00,Daylight,630,284,No,NoIntersection,Normal,2Vehicles-Side,PK 34 + 50 Dl093,M,45.8115559811768,3.8137363696041047
201800002619,NonLethal,2018-03-08,19:20:00,Daylight,630,284,Yes,NoIntersection,Normal,Other,avenue de clermont-ferra,M,45.79523296973419,3.795209781069445
201800002620,NonLethal,2018-09-16,05:30:00,NightNoStreetLight,630,200,No,NoIntersection,Normal,NoCollision,D54,M,45.83950102333168,3.840720329783273
201800002621,NonLethal,2018-02-19,17:30:00,TwilightOrDawn,630,383,No,NoIntersection,Normal,2Vehicles-BehindVehicles-Frontal,RD978,M,45.52787126683638,2.529677489111926
201800002622,NonLethal,2018-04-21,16:35:00,Daylight,630,77,No,NoIntersection,Normal,2Vehicles-Behind,D36,M,45.559361679947614,2.561410869900486
201800002623,NonLethal,2018-06-30,14:00:00,Daylight,630,38,No,NoIntersection,Normal,NoCollision,D978,M,,
201800002624,NonLethal,2018-01-29,13:20:00,Daylight,630,92,No,NoIntersection,Normal,2Vehicles-BehindVehicles-Frontal,RD90,M,,
201800002625,NonLethal,2018-06-08,20:55:00,Daylight,630,203,No,NoIntersection,Normal,2Vehicles-Side,D450,M,,
201800002626,NonLethal,2018-08-28,19:30:00,Daylight,630,99,Yes,NoIntersection,Normal,2Vehicles-Behind,39 route de Cébazat,M,45.84652543469469,3.8459997609830094
201800002627,NonLethal,2018-11-16,18:10:00,NightNoStreetLight,630,99,No,Y-type,FogOrSmoke,2Vehicles-Side,route de Malauzat,M,45.84896096997722,3.850743953809215
201800002628,NonLethal,2018-07-01,05:45:00,NightNoStreetLight,30,290,No,Roundabout,LightRain,NoCollision,"RN7, Les Drives",M,46.63034239645149,3.631860379709428
201800002629,NonLethal,2018-01-17,08:44:00,Daylight,30,286,No,NoIntersection,LightRain,2Vehicles-Side,"RCEA, RN79",M,46.51207291378876,3.5121775201174623
201800002630,NonLethal,2018-02-20,05:00:00,NightNoStreetLight,30,200,No,NoIntersection,Normal,NoCollision,route de Saint Menoux,M,46.56409933621957,3.5608991334375606
201800002632,NonLethal,2018-04-28,05:00:00,NightNoStreetLight,30,121,No,NoIntersection,Normal,Other,Lieu dit les Pinsards,M,46.63424081201172,3.63567320340138
201800002633,NonLethal,2018-05-21,17:25:00,Daylight,30,15,Yes,NoIntersection,Normal,2Vehicles-Side,grand rue,M,46.645332635105255,3.643700589840839
201800002634,NonLethal,2018-09-09,17:55:00,Daylight,30,316,No,NoIntersection,Normal,2Vehicles-Side,RN 7 - PK 1,M,46.67553977333734,3.6766732161227567
201800002635,NonLethal,2018-10-25,16:15:00,Daylight,30,15,No,NoIntersection,Normal,Other,Pont de Bagneux,M,46.658451919932176,3.661455451204181
201800002636,NonLethal,2018-07-11,16:00:00,Daylight,30,286,No,NoIntersection,LightRain,2Vehicles-BehindVehicles-Frontal,"RN7, PK20+800",M,46.51138698828705,3.512086925184194
201800002638,NonLethal,2018-01-26,10:20:00,Daylight,30,300,No,NoIntersection,Normal,NoCollision,route de jaligny,M,46.434099988881854,3.435428023720989
201800002639,Lethal,2018-08-03,01:00:00,NightNoStreetLight,30,100,Yes,NoIntersection,Normal,NoCollision,RDl5,M,46.53460275191613,3.531896003435722
201800002640,NonLethal,2018-04-18,20:25:00,Daylight,30,102,No,NoIntersection,Normal,Other,les berlus - pk 27+500,M,46.53284046018703,3.530876187229601
201800002641,NonLethal,2018-04-28,11:45:00,Daylight,30,86,No,NoIntersection,Normal,Other,RD 779 PR 51.000,M,46.480710241464365,3.479628159424468
201800002642,NonLethal,2018-06-13,09:10:00,Daylight,30,102,Yes,T-type,Normal,2Vehicles-Side,174 rue nationale,M,46.52103760589264,3.521732747854312
201800002643,NonLethal,2018-06-14,06:20:00,TwilightOrDawn,30,173,No,NoIntersection,Normal,2Vehicles-Behind,RN 79,M,46.46043257841429,3.463557736060244
201800002644,NonLethal,2018-06-21,09:00:00,Daylight,30,102,Yes,NoIntersection,Normal,Other,rue du port,M,46.51925181078768,3.518877019589798
201800002646,NonLethal,2018-10-08,09:10:00,Daylight,30,102,No,NoIntersection,Normal,2Vehicles-Behind,RN 79,M,46.538381780387525,3.537300670042506
201800002647,NonLethal,2018-10-30,13:30:00,Daylight,30,173,Yes,NoIntersection,Normal,NoCollision,route de moulins,M,46.47463515770897,3.476800552096696
201800002648,NonLethal,2018-12-02,18:28:00,NightNoStreetLight,30,173,No,NoIntersection,HeavyRain,3+Vehicles-Multiple,RN79,M,46.45728995635445,3.4552848625268293
201800002649,NonLethal,2018-12-29,19:30:00,NightStreelightsOn,30,173,Yes,NoIntersection,Normal,Other,86 route de digoin,M,46.4728516271559,3.473673779697075
201800002650,NonLethal,2018-11-01,08:45:00,TwilightOrDawn,30,308,No,NoIntersection,LightRain,2Vehicles-BehindVehicles-Frontal,D68,M,46.2733508813921,2.2709050570742915
201800002651,Lethal,2018-01-23,10:44:00,Daylight,30,104,No,NoIntersection,Normal,2Vehicles-BehindVehicles-Frontal,Les Gouttes Chavées,M,46.33295498861239,2.3348775500456327
201800002652,NonLethal,2018-03-02,13:05:00,Daylight,30,27,Yes,NoIntersection,Normal,Other,voie communale,M,46.32958793102095,2.3289140585400983
201800002653,NonLethal,2018-09-02,12:40:00,Daylight,30,70,No,NoIntersection,Overcast,NoCollision,RD68 PK39+500,M,46.41077433689104,2.4105368672202507
201800002654,NonLethal,2018-06-06,18:15:00,Daylight,30,20,No,T-type,Normal,2Vehicles-BehindVehicles-Frontal,Carrefour D37 D458,M,46.27909196848361,2.2779092830122694
201800002655,NonLethal,2018-12-06,16:25:00,Daylight,30,243,No,NoIntersection,Normal,NoCollision,RD 46,M,46.31965623027672,3.3190927438586937
201800002656,NonLethal,2018-08-17,02:42:00,NightNoStreetLight,30,189,No,NoIntersection,Normal,Other,chez daval,M,46.30745812404746,2.306902564135235
201800002657,NonLethal,2018-10-21,15:00:00,Daylight,30,189,No,Y-type,Normal,NoCollision,D159 PK003+350,M,46.31378204645811,2.31510292056561
201800002658,NonLethal,2018-11-06,10:00:00,Daylight,30,20,No,NoIntersection,LightRain,2Vehicles-BehindVehicles-Frontal,les Guillaumets,M,46.2742188020342,2.275856762843661
201800002659,NonLethal,2018-11-14,09:50:00,Daylight,30,315,No,NoIntersection,Normal,2Vehicles-BehindVehicles-Frontal,Les Dagourets - D38,M,46.38237418090759,2.3829701507786227
201800002660,NonLethal,2018-11-18,18:20:00,NightStreelightsOn,30,315,Yes,T-type,Normal,NoCollision,61 avenue Felix Mioche,M,46.40247496492057,2.4014751776534227
201800002661,NonLethal,2018-11-16,17:40:00,NightStreelightsOn,30,97,Yes,X-type,Normal,2Vehicles-Side,Croisement D33 et D157,M,46.38009123468901,2.377701521384365
201800002662,NonLethal,2018-12-07,17:00:00,NightNoStreetLight,30,20,No,NoIntersection,HeavyRain,2Vehicles-BehindVehicles-Frontal,D4 Les Guillaumets,M,46.27236384818809,2.27264072691988
201800002663,NonLethal,2018-10-12,11:10:00,Daylight,30,104,No,NoIntersection,Normal,2Vehicles-Side,Le Copt,M,46.32933378587676,2.330214760777072
201800002664,NonLethal,2018-12-15,09:00:00,Daylight,30,186,Yes,NoIntersection,Normal,Other,37 rue du commerce,M,46.31739636693716,2.3174886996008977
201800002665,NonLethal,2018-01-26,23:30:00,NightNoStreetLight,30,131,No,NoIntersection,FogOrSmoke,2Vehicles-Side,lieu dit le souchet,M,46.16237887170997,3.1637098530574583