AccidentId,Gravity,Date,Hour,Light,Department,Commune,InAgglomeration,IntersectionType,Weather,CollisionType,PostalAddress,GPSCode,Latitude,Longitude
201800002666,NonLethal,2018-03-02,18:18:00,NightNoStreetLight,30,8,No,NoIntersection,Normal,2Vehicles-BehindVehicles-Frontal,départementale 121,M,46.080967964990506,3.080862358381598
201800002668,NonLethal,2018-05-06,21:00:00,TwilightOrDawn,30,131,No,NoIntersection,Normal,NoCollision,lieu-dit chez gade,M,46.14075795273656,3.1408749761634933
201800002670,NonLethal,2018-05-20,18:15:00,Daylight,30,139,No,NoIntersection,Normal,NoCollision,lieu dit boitet,M,46.01120196242682,3.010354191444101
201800002671,NonLethal,2018-06-06,18:30:00,Daylight,30,165,Yes,T-type,LightRain,NoCollision,rue de martinière,M,46.07658067951599,3.076727130304651
201800002672,Lethal,2018-06-20,09:00:00,Daylight,30,113,No,NoIntersection,Normal,NoCollision,lieu dit le grand domain,M,46.03629623232397,3.0332586034285423
201800002674,NonLethal,2018-09-18,22:35:00,NightNoStreetLight,30,165,Yes,NoIntersection,Normal,Other,10 rue de la martinière,M,46.07325998209858,3.075889488572081
201800002675,NonLethal,2018-09-27,11:50:00,Daylight,30,165,Yes,NoIntersection,Normal,Other,03 avenue de la Libérati,M,46.072175550664106,3.070976983850654
201800002676,NonLethal,2018-10-10,17:15:00,Daylight,30,165,No,NoIntersection,LightRain,NoCollision,Lieu-dit GARNIER,M,46.05943984975013,3.0601278513897485
201800002677,NonLethal,2018-10-27,15:00:00,Daylight,30,8,No,NoIntersection,Normal,NoCollision,lieu dit La barnodière,M,46.0269968637365,3.028979363471151
201800002678,NonLethal,2018-11-15,10:45:00,Daylight,30,42,No,NoIntersection,Normal,NoCollision,Les crépines,M,46.15873705458202,3.158717380691843
201800002679,NonLethal,2018-12-14,23:30:00,NightNoStreetLight,30,42,No,NoIntersection,Normal,Other,mourlot,M,46.19563985767882,3.196727082400272
201800002681,NonLethal,2018-07-29,15:15:00,Daylight,30,298,Yes,NoIntersection,Normal,Other,Place des droits de l'ho,M,46.31429976134895,3.3142545844163456
201800002682,NonLethal,2018-02-08,23:00:00,NightNoStreetLight,30,235,No,X-type,Normal,2Vehicles-Side,Route Nationale 7,M,46.25768729007306,3.2592086826337674
201800002683,NonLethal,2018-11-08,10:50:00,Daylight,30,242,Yes,T-type,Normal,2Vehicles-Side,Route Nationale 7,M,46.35359700645355,3.354591025459564
201800002684,NonLethal,2018-07-12,17:20:00,NightNoStreetLight,30,215,No,X-type,LightRain,NoCollision,12 Hameau des Cailloux,M,46.30426988146154,3.305907089852093
201800002685,Lethal,2018-12-26,08:10:00,TwilightOrDawn,30,242,No,NoIntersection,Normal,2Vehicles-BehindVehicles-Frontal,LIEU-DIT LA GASSE,M,46.36422931663565,3.3646686691112664
201800002686,NonLethal,2018-01-01,18:30:00,TwilightOrDawn,30,185,Yes,NoIntersection,LightRain,NoCollision,"SANS, DEBUSSY ( AV. CLAU",M,46.32008551568334,2.3191341764508637
201800002687,NonLethal,2018-02-27,16:29:00,Daylight,30,101,Yes,Y-type,Normal,2Vehicles-BehindVehicles-Frontal,rue Marx Dormoy,M,46.361789851043866,2.360125995088045
201800002688,NonLethal,2018-01-20,08:40:00,Daylight,30,211,Yes,NoIntersection,HeavyRain,Other,Martyrs (avenue des,M,46.3378490524483,2.3379020798108563
201800002689,NonLethal,2018-02-14,14:00:00,Daylight,30,185,Yes,X-type,Normal,2Vehicles-Side,"64, brd Prés. Allende",M,46.34539298551053,2.347332824366509
201800002690,NonLethal,2018-03-10,10:30:00,Daylight,30,185,Yes,NoIntersection,Normal,Other,avenue Pierre Villon,M,46.35230234687753,2.353756653975931
201800002691,NonLethal,2018-04-29,01:50:00,NightStreelightsOff,30,98,Yes,NoIntersection,LightRain,Other,CROIZAT ( RUE AMBROISE ),M,46.34425836330234,2.3451863848074392
201800002692,NonLethal,2018-05-22,08:20:00,Daylight,30,185,Yes,NoIntersection,Normal,Other,CONDORCET ( RUE ),M,46.34203489942539,2.340782933177776
201800002693,NonLethal,2018-05-25,09:36:00,Daylight,30,185,Yes,X-type,Normal,2Vehicles-Side,PRESIDENT AURIOL AVENUE,M,46.33042430342893,2.332064282196532
201800002694,Lethal,2018-05-29,10:20:00,Daylight,30,185,Yes,NoIntersection,Overcast,Other,SEMARD ( RUE PIERRE ),M,46.33187061417887,2.3321253081792905
201800002695,NonLethal,2018-03-06,09:39:00,Daylight,30,185,Yes,Other,Normal,2Vehicles-Behind,DE GAULLE ( AVENUE DU GE,M,46.34826630942285,2.348833275479355
201800002696,NonLethal,2018-06-19,09:45:00,Daylight,30,185,Yes,NoIntersection,VeryGood,Other,BLUM ( AVENUE LEON ),M,46.331463286185965,2.333608280780372
201800002697,NonLethal,2018-01-07,05:45:00,NightStreelightsOn,30,101,No,NoIntersection,Normal,Other,CHATEAUGAY,M,46.37108158704532,2.371365928348815
201800002699,NonLethal,2018-07-01,19:10:00,Daylight,30,185,Yes,X-type,Normal,2Vehicles-Behind,GUESDE ( AVENUE JULES ),M,46.34043064900783,2.3394903398443043
201800002700,NonLethal,2018-07-03,17:06:00,Daylight,30,98,Yes,Other,Normal,2Vehicles-Side,CROIZAT ( RUE AMBROISE ),M,46.34477382904989,2.346155745742927
201800002701,Lethal,2018-07-08,16:00:00,Daylight,30,185,Yes,NoIntersection,Normal,2Vehicles-BehindVehicles-Frontal,PICASSO ( RUE PABLO ),M,46.34755484078303,2.344803138227666
201800002702,NonLethal,2018-07-13,15:30:00,Daylight,30,101,Yes,Other,VeryGood,Other,MARTYRS ( AVENUE DES ),M,46.338908221585896,2.337418959580931
201800002703,Lethal,2018-08-28,13:15:00,Daylight,30,185,No,NoIntersection,VeryGood,Other,MOULINS ( ROUTE DE ),M,46.33715544291014,2.3387168734788792
201800002704,NonLethal,2018-10-23,03:05:00,NightStreelightsOff,30,101,No,Other,Normal,Other,LEROY ( RUE EUGENE ),M,46.3537377950792,2.354795931304287
201800002705,Lethal,2018-11-11,11:21:00,Daylight,30,101,Yes,NoIntersection,Normal,2Vehicles-Side,MARTYRS ( AVENUE DES ),M,46.33924428409206,2.3395436855913734
201800002706,NonLethal,2018-11-12,17:00:00,NightStreelightsOn,30,185,Yes,T-type,HeavyRain,Other,THOMAS ( AVENUE ALBERT ),M,46.3539901091887,2.356203872756922
201800002708,NonLethal,2018-12-29,16:30:00,Daylight,30,185,Yes,NoIntersection,Normal,2Vehicles-Side,KENNEDY ( AVENUE JOHN ),M,46.33600080650126,2.33730882292338
201800002709,NonLethal,2018-08-06,17:03:00,Daylight,30,190,Yes,Square,Normal,Other,DOMBASLE (RUE MATHIEU DE,M,46.56410194755763,3.565557155999002
201800002710,NonLethal,2018-06-27,09:30:00,Daylight,30,190,Yes,NoIntersection,Normal,Other,BOURGES (RUE EDMOND),M,46.56115992664405,3.561114083250557
201800002712,NonLethal,2018-08-03,22:15:00,NightStreelightsOn,30,190,Yes,NoIntersection,Normal,2Vehicles-Side,LEDRU ROLLIN (BOULEVARD),M,46.56226284547085,3.5598000653953417
201800002713,NonLethal,2018-08-21,16:10:00,Daylight,30,190,Yes,Other,Normal,2Vehicles-BehindVehicles-Frontal,LEDRU ROLLIN (BOULEVARD),M,46.56135413941771,3.559120454598846
201800002714,NonLethal,2018-10-21,20:50:00,NightStreelightsOn,30,190,Yes,X-type,Normal,2Vehicles-Side,COURTAIS (BOULEVARD DE),M,46.5614989300114,3.561313698440107
201800002715,NonLethal,2018-10-30,17:10:00,Daylight,30,190,Yes,Y-type,Normal,2Vehicles-Side,LYON (ROUTE DE),M,46.54531584065365,3.5479133884958016
201800002716,NonLethal,2018-11-17,14:01:00,Daylight,30,190,Yes,Other,Normal,Other,REGEMORTES (PONT),M,46.561901995869306,3.561495120982086
201800002717,NonLethal,2018-12-20,17:50:00,NightStreelightsOn,30,190,Yes,NoIntersection,LightRain,Other,route de Clermont,M,50.26798834520685,1.2668310911979923
201800002719,NonLethal,2018-05-23,11:30:00,Daylight,570,134,No,Other,Normal,2Vehicles-Side,RD 643 PK 5+200 décroiss,M,49.1321059860514,6.132142606750259
201800002720,NonLethal,2018-05-23,11:05:00,Daylight,570,622,Yes,NoIntersection,Normal,3+Vehicles-Multiple,16 rue du général de Gau,M,49.18526672120741,6.187358878781325
201800002721,NonLethal,2018-06-08,12:28:00,Daylight,570,17,No,Other,Normal,NoCollision,Route de Lorry,M,49.14393670282292,6.14291500883561
201800002722,NonLethal,2018-08-23,15:55:00,Daylight,570,620,Yes,NoIntersection,LightRain,2Vehicles-BehindVehicles-Frontal,avenue gambetta,M,49.19302963257143,6.1897116949245765
201800002723,NonLethal,2018-09-03,13:50:00,Daylight,570,634,No,Other,Normal,2Vehicles-BehindVehicles-Frontal,route de Plesnois,M,49.15970138302104,6.160642712565602
201800002724,NonLethal,2018-09-22,08:45:00,Daylight,570,707,No,Other,Normal,2Vehicles-Behind,Départementale 603,M,49.126777832596126,6.126787120039356
201800002725,NonLethal,2018-11-27,07:20:00,TwilightOrDawn,570,707,No,NoIntersection,FogOrSmoke,2Vehicles-BehindVehicles-Frontal,RD11,M,49.15128768813696,6.149843618154478
201800002726,NonLethal,2018-05-01,06:45:00,NightStreelightsOn,570,601,Yes,Other,LightRain,Other,13 rue de paris,M,49.10668682989456,6.110340910006146
201800002728,NonLethal,2018-05-22,14:15:00,Daylight,570,350,Yes,T-type,Normal,2Vehicles-Side,grand rue,M,49.06241633438045,6.063374056314441
201800002729,NonLethal,2018-07-29,16:45:00,Daylight,570,212,No,NoIntersection,Normal,Other,D66,M,49.03014667859234,6.031476759618512
201800002731,NonLethal,2018-09-27,13:30:00,Daylight,570,212,No,NoIntersection,Normal,3+Vehicles-Multiple,RD 66,M,49.03137968851564,6.030605902666668
201800002732,NonLethal,2018-11-13,08:50:00,TwilightOrDawn,570,153,Yes,NoIntersection,Normal,2Vehicles-Side,route de fey,M,49.036928387561154,6.037930590571199
201800002733,NonLethal,2018-05-01,15:45:00,Daylight,570,645,Yes,Square,LightRain,Other,Voie romaine,M,49.19506487705084,6.196028836124863
201800002734,NonLethal,2018-03-12,12:10:00,Daylight,570,303,Yes,NoIntersection,Normal,2Vehicles-Behind,Route de Maizières,M,49.21488496977608,6.216415852794233
201800002735,NonLethal,2018-03-17,21:30:00,NightNoStreetLight,570,511,No,NoIntersection,SnowOrHail,2Vehicles-BehindVehicles-Frontal,,M,49.1791374588669,6.178053812960837
201800002736,NonLethal,2018-05-04,15:10:00,Daylight,570,443,Yes,X-type,Normal,2Vehicles-Side,rue de la vallée,M,49.20461800101463,6.20663939144711
201800002737,NonLethal,2018-07-04,11:30:00,Daylight,570,546,Yes,NoIntersection,Normal,3+Vehicles-Multiple,Rue de Saulny,M,49.16912629156683,6.166365957100042
201800002738,NonLethal,2018-04-17,18:55:00,Daylight,570,433,Yes,Roundabout,Normal,2Vehicles-BehindVehicles-Frontal,rond-point D52 - avenue,M,49.21591154885428,6.218918397117498
201800002739,NonLethal,2018-05-22,19:30:00,Daylight,570,433,No,NoIntersection,Normal,2Vehicles-Side,"D953, route de METZ",M,49.199933775762055,6.199347366422916
201800002740,NonLethal,2018-05-28,14:55:00,Daylight,570,452,Yes,NoIntersection,Normal,NoCollision,Rue du Trou aux serpents,M,49.15195152967044,6.150865078346625
201800002741,NonLethal,2018-06-17,21:55:00,TwilightOrDawn,570,443,Yes,NoIntersection,Normal,Other,RUE DE LA TOUTOUTE,M,49.20808116225917,6.206542482734515
201800002742,NonLethal,2018-09-07,15:15:00,Daylight,570,645,No,Other,Normal,2Vehicles-Side,Parking AUCHAN,M,49.19635430955893,6.1947063914866565
201800002744,NonLethal,2018-10-14,20:07:00,NightStreelightsOn,570,443,Yes,NoIntersection,Normal,2Vehicles-BehindVehicles-Frontal,place de la marjotée,M,49.22145512297853,6.22258584195724
201800002745,NonLethal,2018-10-21,22:30:00,NightStreelightsOn,570,433,Yes,NoIntersection,Normal,NoCollision,35 Voie romaine,M,49.20876008178926,6.209452301456915
201800002746,NonLethal,2018-10-24,13:50:00,Daylight,570,645,Yes,NoIntersection,Overcast,Other,ZAC EUROMOSELLE,M,49.192661655709166,6.193174792477687
201800002748,NonLethal,2018-05-29,17:30:00,Daylight,570,123,No,NoIntersection,Normal,3+Vehicles-Multiple,RN 33,M,49.165124088196514,6.1653928710558885
201800002749,NonLethal,2018-06-25,19:35:00,Daylight,570,160,Yes,NoIntersection,Normal,2Vehicles-Behind,80 Rue de la gare,M,49.2013845777419,6.204046760204995
201800002750,NonLethal,2018-10-25,06:55:00,TwilightOrDawn,570,160,Yes,NoIntersection,LightRain,2Vehicles-Side,rue du Barrois,M,49.20080773891305,6.2008630878072
201800002751,NonLethal,2018-01-28,18:26:00,NightNoStreetLight,570,230,No,NoIntersection,LightRain,NoCollision,D603,M,49.09361597626456,6.093694692758723
201800002752,Lethal,2018-02-20,18:50:00,NightStreelightsOn,570,413,No,NoIntersection,Normal,2Vehicles-BehindVehicles-Frontal,D603,M,49.10995600444763,6.112778889923353
201800002753,NonLethal,2018-03-16,15:10:00,Daylight,570,686,No,NoIntersection,VeryGood,2Vehicles-Behind,D910,M,49.03129871428083,6.029743052484137
201800002754,NonLethal,2018-04-23,22:25:00,NightStreelightsOn,570,413,Yes,NoIntersection,Normal,NoCollision,rue du 03 juin,M,49.10828360732492,6.107839899438371
201800002755,NonLethal,2018-05-14,14:45:00,Daylight,570,276,No,T-type,Normal,2Vehicles-Behind,D19,M,49.074540267784855,6.073298802931344
201800002756,NonLethal,2018-06-02,23:00:00,NightNoStreetLight,570,762,No,NoIntersection,Normal,2Vehicles-Behind,RD 6O3 PK 5O+1OO,M,49.12988948412853,6.131302147205892
201800002757,NonLethal,2018-06-21,19:30:00,Daylight,570,284,No,NoIntersection,Normal,2Vehicles-Behind,rd 603,M,49.122788870138,6.124060788724435
201800002760,Lethal,2018-09-09,18:00:00,Daylight,570,413,No,NoIntersection,Normal,2Vehicles-BehindVehicles-Frontal,"D603, PK 51+000",M,49.1143536823359,6.11630322680108
201800002761,NonLethal,2018-11-24,10:40:00,Daylight,570,85,No,NoIntersection,LightRain,Other,d603,M,49.10718721358844,6.107529509239461
201800002764,NonLethal,2018-02-06,12:30:00,Daylight,570,521,Yes,Other,Normal,2Vehicles-Side,route de sarreguemines -,M,49.17738079768769,6.175726086269025
201800002765,NonLethal,2018-02-06,21:15:00,Daylight,570,13,Yes,NoIntersection,Normal,2Vehicles-Side,rue chatelaillon,M,49.17758392332473,7.177916350479558
201800002766,Lethal,2018-11-06,13:30:00,Daylight,570,484,Yes,NoIntersection,Normal,2Vehicles-Side,RUE NATIONALE,M,49.16429728949167,6.165012592315093
201800002767,NonLethal,2018-01-05,19:35:00,NightStreelightsOn,570,208,Yes,NoIntersection,LightRain,NoCollision,11 rue principale,M,49.10144094638202,6.10065769636183
201800002768,NonLethal,2018-07-05,20:15:00,Daylight,570,207,Yes,NoIntersection,Normal,Other,intersection rue du stad,M,49.12274375504877,6.124236576803159
201800002769,NonLethal,2018-09-06,16:15:00,Daylight,570,207,No,NoIntersection,Normal,2Vehicles-BehindVehicles-Frontal,RD910,M,49.11440019881228,6.113854194597272
201800002770,NonLethal,2018-12-29,19:35:00,NightStreelightsOn,570,73,Yes,NoIntersection,LightRain,2Vehicles-BehindVehicles-Frontal,8A rue principale,M,49.1276802947732,6.128513288448234
201800002771,NonLethal,2018-10-19,13:15:00,Daylight,570,206,Yes,NoIntersection,Normal,Other,rue Saint-Roch,M,49.30736645546245,6.309072245571862
201800002772,NonLethal,2018-11-07,17:50:00,NightStreelightsOn,570,206,Yes,Other,HeavyRain,Other,27 avenue jeanne d'arc,M,49.30429349230996,6.304798190237619
201800002774,NonLethal,2018-02-19,08:35:00,Daylight,570,683,Yes,NoIntersection,Normal,2Vehicles-BehindVehicles-Frontal,1 bis rue de Budange,M,49.30002399038546,6.300897181602956
201800002775,NonLethal,2018-09-03,13:30:00,Daylight,570,474,Yes,NoIntersection,LightRain,2Vehicles-Behind,Rue des Ponts,M,49.26157526491465,6.260256500046985
201800002776,NonLethal,2018-05-07,02:22:00,NightStreelightsOn,570,683,Yes,NoIntersection,Normal,Other,rue de Metz,M,49.30054450271518,6.30096356811103
201800002777,NonLethal,2018-03-17,18:50:00,NightStreelightsOn,540,430,Yes,NoIntersection,SnowOrHail,Other,Rue de l'écluse,M,48.76167714290138,6.76351169682347
201800002780,Lethal,2018-10-13,00:40:00,NightStreelightsOn,540,430,No,T-type,Normal,Other,D657 (PR 25 + 400),M,48.78124706515335,6.781997427941996
201800002784,NonLethal,2018-10-30,17:00:00,Daylight,540,366,No,NoIntersection,Normal,2Vehicles-BehindVehicles-Frontal,D115B,M,48.60504113636064,6.605793480181476
201800002785,NonLethal,2018-12-08,17:45:00,NightNoStreetLight,540,596,No,NoIntersection,StrongWindOrStorm,NoCollision,104 Route de Vezelise,M,48.55523701006981,6.554951721122605
201800002786,NonLethal,2018-02-02,18:20:00,NightStreelightsOn,30,310,Yes,X-type,Normal,Other,rue de l'emballage,M,46.128885898952895,3.129795385044553
201800002787,Lethal,2018-02-05,09:55:00,Daylight,30,1,Yes,T-type,Normal,Other,"32, VICHY (AVENUE DE)",M,46.09934376490013,3.099068815010398
201800002788,NonLethal,2018-11-03,15:10:00,Daylight,30,310,Yes,NoIntersection,Normal,Other,allée des ailes,M,46.13399501027873,3.1362511695068
201800002789,NonLethal,2018-02-19,16:55:00,Daylight,30,310,Yes,NoIntersection,Normal,Other,"0, AILES (ALLEE DES)",M,46.13818972015262,3.136847036673277
201800002790,NonLethal,2018-03-31,23:20:00,NightNoStreetLight,30,23,Yes,NoIntersection,Normal,2Vehicles-Behind,route de Charmeil,M,46.13673133857392,3.1354809807512605
201800002791,NonLethal,2018-04-06,17:40:00,Daylight,30,310,Yes,Roundabout,Normal,2Vehicles-Behind,GARE (PLACE DE LA),M,46.12412286928922,3.126834335922512
201800002794,NonLethal,2018-04-26,17:00:00,Daylight,30,310,Yes,X-type,Normal,NoCollision,FRANCE (AVENUE DE),M,46.11800317043187,3.117713456192093
201800002795,Lethal,2018-04-28,11:30:00,Daylight,30,23,Yes,NoIntersection,Normal,Other,AUBERGER (AVENUE FERNAND,M,46.117598105639495,3.1174547901235554
201800002796,NonLethal,2018-05-05,11:44:00,Daylight,30,310,Yes,NoIntersection,Normal,Other,WILSON (RUE DU PRESIDENT,M,46.12729683828682,3.1241499185886745
201800002797,NonLethal,2018-05-15,10:28:00,Daylight,30,310,Yes,X-type,Normal,Other,CELESTINS (AVENUE DES),M,46.12459241435493,3.124044562547681
201800002798,NonLethal,2018-04-30,17:05:00,Daylight,30,23,No,NoIntersection,Normal,2Vehicles-BehindVehicles-Frontal,GANNAT (ROUTE DE),M,46.12758124316481,3.128023586537379
201800002799,NonLethal,2018-04-06,12:55:00,Daylight,30,23,Yes,X-type,Normal,2Vehicles-Side,MUSSET (RUE ALFRED DE),M,46.109561236838815,3.108565178551937
201800002802,NonLethal,2018-06-23,07:58:00,Daylight,30,95,Yes,X-type,Normal,2Vehicles-Side,BICENTENAIRE (BOULEVARD,M,46.14334360618886,3.1415423668784377
201800002803,NonLethal,2018-06-24,06:40:00,TwilightOrDawn,30,95,Yes,X-type,Normal,2Vehicles-BehindVehicles-Frontal,GIRAUDOUX (RUE JEAN),M,46.13503535413053,3.1329686740935685
201800002804,NonLethal,2018-04-07,16:45:00,Daylight,30,310,Yes,NoIntersection,HeavyRain,Other,FRANCE (AVENUE DE),M,46.118684724063485,3.1171907497127997
201800002805,NonLethal,2018-10-08,11:50:00,Daylight,30,310,Yes,T-type,Normal,Other,WILSON (RUE DU PRESIDENT,M,46.12306216537483,3.12632991395391
201800002806,NonLethal,2018-03-09,17:45:00,Daylight,30,95,Yes,T-type,Normal,2Vehicles-Behind,SEIGLES (CHEMIN DES),M,46.14358570441385,3.14415012527625
201800002809,NonLethal,2018-09-15,11:50:00,Daylight,30,310,Yes,T-type,Normal,Other,JAURES (RUE JEAN),M,46.13505031337352,3.134442847400213
201800002810,NonLethal,2018-09-20,17:35:00,Daylight,30,310,No,T-type,Normal,2Vehicles-Side,COTE SAINT AMAND (RUE DE,M,46.11959139103632,3.119559050332556
201800002812,Lethal,2018-10-04,17:50:00,Daylight,30,95,Yes,T-type,Normal,Other,LAFAYE (RUE FERNAND et A,M,46.12352632629558,3.124858597072304
201800002813,NonLethal,2018-10-15,17:20:00,Daylight,30,310,Yes,NoIntersection,LightRain,2Vehicles-Side,KENNEDY (BOULEVARD DU PR,M,46.12152404727487,3.1206667578740555
201800002814,NonLethal,2018-04-11,16:30:00,Daylight,30,23,Yes,NoIntersection,Normal,2Vehicles-Side,AUBERGER (AVENUE FERNAND,M,46.11548676945361,3.1161310255214527
201800002816,NonLethal,2018-11-30,07:55:00,NightNoStreetLight,30,95,Yes,NoIntersection,LightRain,2Vehicles-BehindVehicles-Frontal,PARIS (ROUTE DE),M,46.14081327155275,3.1401577927150224
201800002817,NonLethal,2018-12-05,13:10:00,Daylight,30,310,Yes,NoIntersection,Normal,2Vehicles-Side,AILES (ALLEE DES),M,46.142562490443446,3.140897106937712
201800002818,NonLethal,2018-12-22,22:12:00,NightStreelightsOn,30,310,Yes,NoIntersection,Normal,Other,CLEMENCEAU (RUE GEORGES),M,46.1227936063838,3.121229908291873
201800002819,NonLethal,2018-12-27,15:34:00,Daylight,30,310,Yes,T-type,Normal,2Vehicles-Side,ETATS-UNIS (BOULEVARD DE,M,46.12266590606751,3.121136262593275
201800002820,NonLethal,2018-04-12,16:23:00,Daylight,30,310,Yes,NoIntersection,Normal,Other,JAURES (RUE JEAN),M,46.125977816073,3.124519347503071
201800002821,NonLethal,2018-12-29,13:00:00,Daylight,30,310,Yes,NoIntersection,Normal,2Vehicles-Side,AILES (ALLEE DES),M,46.1448986677954,3.146809056396737
201800002822,NonLethal,2018-12-29,18:30:00,NightStreelightsOn,30,310,Yes,X-type,Normal,2Vehicles-Side,JAURES (RUE JEAN),M,46.130403686946025,3.128710493831507
201800002823,NonLethal,2018-01-01,04:15:00,NightNoStreetLight,540,61,No,NoIntersection,LightRain,NoCollision,RD 400 PK 74.720,M,48.57446707855488,6.574641380416692
201800002824,NonLethal,2018-03-13,06:50:00,TwilightOrDawn,540,588,No,NoIntersection,Normal,2Vehicles-Side,nationale 4,M,48.60181142592982,6.601337330469121
201800002825,NonLethal,2018-04-08,11:45:00,Daylight,540,23,No,NoIntersection,Normal,NoCollision,route départementale 23,M,48.72009721986985,6.71985881938744
201800002826,NonLethal,2018-06-16,16:40:00,Daylight,540,129,Yes,Y-type,Normal,Other,intersection RD 993 (rue,M,48.58185026292622,6.581226114661138
201800002828,NonLethal,2018-04-04,07:15:00,TwilightOrDawn,540,584,Yes,NoIntersection,Normal,Other,11 rue de liverdun,M,48.73631762443701,5.737862300237332
201800002829,NonLethal,2018-08-14,07:30:00,Daylight,540,532,No,NoIntersection,Normal,Other,rue de la mairie,M,48.80928915044944,5.808959995918573
201800002830,Lethal,2018-08-09,17:00:00,Daylight,540,318,Yes,Roundabout,Normal,Other,route de pompey,M,48.755664889676446,6.756576392972466
201800002831,NonLethal,2018-12-09,17:37:00,Daylight,540,348,No,NoIntersection,Normal,Other,RD907,M,48.82345881743158,5.823382212248652
201800002832,NonLethal,2018-09-12,16:40:00,Daylight,540,370,No,NoIntersection,Normal,NoCollision,voie communale - grande,M,48.81784527360177,5.817932658833713
201800002833,Lethal,2018-12-04,16:40:00,TwilightOrDawn,540,490,No,NoIntersection,Normal,2Vehicles-BehindVehicles-Frontal,rd90b - PK3+816,M,48.77539781803527,6.77446892043931
201800002834,NonLethal,2018-12-11,21:45:00,NightStreelightsOn,540,318,No,NoIntersection,Normal,2Vehicles-BehindVehicles-Frontal,route de FROUARD,M,48.75126919258479,6.750437082335539
201800002835,NonLethal,2018-12-25,01:50:00,NightNoStreetLight,540,318,No,NoIntersection,Normal,Other,rue sous vignal - RD191,M,48.75813648695469,6.760761197587319
201800002836,Lethal,2018-01-28,17:30:00,TwilightOrDawn,550,423,Yes,NoIntersection,LightRain,Other,rue Milaville,M,48.90894601059867,5.9090920729957945
201800002837,Lethal,2018-04-18,13:30:00,Daylight,550,366,No,NoIntersection,VeryGood,2Vehicles-Behind,départementale 994 pk 22,M,48.79080878748975,5.789973294936224
201800002838,NonLethal,2018-04-25,14:20:00,Daylight,550,123,No,X-type,Normal,2Vehicles-Side,Croisement axes D116 / D,M,48.84528691703005,5.844732533909951
201800002839,NonLethal,2018-09-15,12:23:00,Daylight,550,479,No,X-type,Normal,2Vehicles-Side,carrefour RD 116 et RD 1,M,48.84571814690074,5.845793144771497
201800002840,NonLethal,2018-12-14,22:00:00,NightStreelightsOn,550,11,Yes,NoIntersection,Normal,Other,Chemin de la vieille cot,M,48.79382288605244,4.793375590978981
201800002841,NonLethal,2018-06-26,17:25:00,Daylight,550,258,No,Y-type,Normal,2Vehicles-Side,Gironville sous les cote,M,48.79828597532444,5.796891841112801
201800002842,NonLethal,2018-11-06,20:45:00,NightNoStreetLight,550,258,No,NoIntersection,Normal,NoCollision,RD 908 PK 54+50,M,48.76880058626206,5.766529638470449
201800002844,NonLethal,2018-05-27,17:15:00,Daylight,550,351,No,NoIntersection,Normal,NoCollision,D110D,M,49.52179879193569,5.522423051872583
201800002845,NonLethal,2018-05-17,20:25:00,Daylight,550,425,Yes,NoIntersection,Normal,3+Vehicles-Chain,Rue du Moulin - D69,M,49.44254978453844,5.443109916745506
201800002846,NonLethal,2018-06-02,18:15:00,Daylight,550,218,Yes,NoIntersection,Normal,NoCollision,06 grande rue,M,49.27617496477016,5.274567748787296
201800002847,Lethal,2018-07-17,17:23:00,Daylight,550,510,No,NoIntersection,Normal,2Vehicles-BehindVehicles-Frontal,D947,M,49.522735879327584,5.523267987604713
201800002848,NonLethal,2018-07-20,18:30:00,Daylight,550,351,Yes,MoreThan4Branches,Normal,2Vehicles-BehindVehicles-Frontal,Rue Ernest Mabille,M,49.51669736052057,5.516292791416594
201800002849,NonLethal,2018-09-14,12:40:00,Daylight,550,554,Yes,NoIntersection,Normal,Other,RD 118,M,49.51207834567708,5.511925256673338
201800002850,NonLethal,2018-07-10,00:30:00,NightNoStreetLight,550,509,No,NoIntersection,Normal,NoCollision,D643,M,49.577770387423335,5.579921919827766
201800002851,NonLethal,2018-01-04,15:40:00,Daylight,880,253,Yes,NoIntersection,HeavyRain,Other,33 rue du saut le cerf,M,48.19750279405476,6.199164219519815
201800002853,NonLethal,2018-03-13,13:20:00,Daylight,880,178,Yes,NoIntersection,LightRain,2Vehicles-BehindVehicles-Frontal,route de Darney,M,48.1733017045546,6.1705649362008215
201800002854,Lethal,2018-05-18,16:00:00,Daylight,880,132,Yes,NoIntersection,Normal,2Vehicles-BehindVehicles-Frontal,62 rue d'Alsace,M,48.19994668143837,6.201186860813279
201800002856,Lethal,2018-09-07,12:20:00,Daylight,880,160,No,NoIntersection,Normal,Other,"RN.57, PK.32.800",M,48.17935329803945,6.180192565624849
201800002857,NonLethal,2018-10-06,15:10:00,Daylight,880,483,Yes,X-type,Normal,2Vehicles-Side,7 rue de la Ménère,M,48.196737076088056,6.1968123100364885