AccidentId,Gravity,Date,Hour,Light,Department,Commune,InAgglomeration,IntersectionType,Weather,CollisionType,PostalAddress,GPSCode,Latitude,Longitude
201800002858,NonLethal,2018-01-12,21:40:00,NightNoStreetLight,880,388,No,NoIntersection,LightRain,NoCollision,"RD 51, PK 07+056",M,48.130467285854365,6.131241049881694
201800002860,NonLethal,2018-12-29,15:00:00,Daylight,880,253,No,T-type,Normal,2Vehicles-Side,RD11,M,48.188896977720965,6.188549179844585
201800002861,NonLethal,2018-01-26,18:10:00,NightStreelightsOn,880,78,Yes,T-type,LightRain,Other,Rue Abel Ferry,M,48.20151831759212,6.203321018211612
201800002863,NonLethal,2018-07-04,19:00:00,Daylight,880,167,No,NoIntersection,Normal,2Vehicles-Side,RD11,M,48.139800161378126,6.1395171245129285
201800002865,Lethal,2018-05-07,14:10:00,Daylight,880,28,No,NoIntersection,Normal,2Vehicles-BehindVehicles-Frontal,RD11,M,48.153274648555374,6.153683435285646
201800002866,NonLethal,2018-07-21,15:00:00,Daylight,880,101,No,NoIntersection,Normal,2Vehicles-BehindVehicles-Frontal,RD 159 B,M,48.125569944876254,6.125367576507504
201800002867,NonLethal,2018-07-21,23:15:00,NightNoStreetLight,880,86,No,NoIntersection,Normal,2Vehicles-BehindVehicles-Frontal,Rue du Coq de Bruyères,M,48.1920663676625,6.192927433410797
201800002869,NonLethal,2018-08-18,08:22:00,Daylight,880,167,No,NoIntersection,Normal,NoCollision,RD11,M,48.13921529421254,6.13984585203248
201800002870,Lethal,2018-09-01,15:40:00,Daylight,880,64,No,NoIntersection,Normal,Other,RD420 - Lieu-dit MAILLEF,M,48.25600203832789,6.255080241548479
201800002871,NonLethal,2018-09-24,18:00:00,Daylight,880,64,No,NoIntersection,Normal,2Vehicles-BehindVehicles-Frontal,D420,M,48.26988085472491,6.268386316341276
201800002873,Lethal,2018-04-13,17:00:00,Daylight,880,173,No,NoIntersection,Normal,2Vehicles-Behind,PK 04+500 - RN 57,M,48.36807419137334,6.370061890141831
201800002874,NonLethal,2018-05-24,18:50:00,Daylight,880,90,Yes,T-type,Normal,2Vehicles-Behind,Intersection RD 157 / ru,M,48.368950475797234,6.367294097770007
201800002876,NonLethal,2018-09-20,11:05:00,Daylight,880,355,No,NoIntersection,Normal,2Vehicles-BehindVehicles-Frontal,Voie Verte,M,48.34715256937806,6.348148223664957
201800002877,Lethal,2018-09-28,03:50:00,NightNoStreetLight,880,73,No,NoIntersection,Normal,Other,RD 28 - PK 25+300,M,48.350818920933406,6.352640380651496
201800002878,Lethal,2018-01-29,18:10:00,NightNoStreetLight,880,527,No,NoIntersection,Normal,2Vehicles-BehindVehicles-Frontal,D414,M,48.41231831424195,6.4121010856499305
201800002879,Lethal,2018-04-20,15:30:00,Daylight,880,395,No,NoIntersection,VeryGood,NoCollision,route des vignes,M,48.36591373812026,6.368807907647287
201800002880,NonLethal,2018-06-29,06:30:00,Daylight,880,521,No,Other,Normal,2Vehicles-BehindVehicles-Frontal,RD 46 rue d'épinal,M,48.30592479024592,6.305634976542014
201800002881,NonLethal,2018-07-13,11:52:00,Daylight,880,367,Yes,NoIntersection,Normal,NoCollision,76 vieux chemin de bru,M,48.34965905084484,6.34805668654259
201800002882,NonLethal,2018-08-15,01:00:00,NightNoStreetLight,880,340,No,NoIntersection,Normal,2Vehicles-BehindVehicles-Frontal,D46,M,48.28697627903822,6.288032780814891
201800002884,NonLethal,2018-01-04,16:40:00,TwilightOrDawn,880,321,Yes,Y-type,HeavyRain,2Vehicles-BehindVehicles-Frontal,AVENUE DU GENERAL DE GAU,M,48.350599057341135,5.351327248521669
201800002887,NonLethal,2018-02-02,18:15:00,NightNoStreetLight,880,324,No,NoIntersection,LightRain,3+Vehicles-Multiple,RD 166 PK 19.00,M,48.296048794272416,5.295371858778846
201800002888,NonLethal,2018-02-17,05:55:00,NightStreelightsOn,880,95,Yes,T-type,HeavyRain,2Vehicles-BehindVehicles-Frontal,rue de Lorraine,M,48.30233666490234,5.299867823253839
201800002889,NonLethal,2018-02-26,16:30:00,Daylight,880,83,No,NoIntersection,Normal,NoCollision,D164 PN 8,M,48.312044100323625,5.309535130309256
201800002890,NonLethal,2018-04-06,11:15:00,Daylight,880,321,Yes,NoIntersection,Normal,Other,AVENUE DU GENERAL DE GAU,M,48.35350089234608,5.352894879942943
201800002891,NonLethal,2018-11-04,17:00:00,Daylight,880,20,No,NoIntersection,Normal,2Vehicles-BehindVehicles-Frontal,D674 PK 33.400,M,48.48800380720149,5.488933306471371
201800002893,NonLethal,2018-01-07,23:22:00,NightNoStreetLight,880,376,No,NoIntersection,Normal,Other,Dl64 route de Neufchâtea,M,48.32634634267576,5.3263587462826125
201800002895,NonLethal,2018-07-15,21:35:00,TwilightOrDawn,880,141,No,NoIntersection,Normal,NoCollision,D13,M,48.28299553635517,5.280932931713417
201800002896,NonLethal,2018-08-16,06:00:00,TwilightOrDawn,880,270,Yes,NoIntersection,Normal,Other,route de VILLOUXEL,M,48.32405757533974,5.323669794305019
201800002897,Lethal,2018-05-26,05:30:00,NightNoStreetLight,880,523,No,NoIntersection,Other,Other,RD 166,M,48.33417894244193,5.332890974966758
201800002898,NonLethal,2018-11-24,06:10:00,NightNoStreetLight,880,241,No,NoIntersection,LightRain,Other,D 166 PK 023.500,M,48.30317761662638,5.302703912800375
201800002899,NonLethal,2018-12-04,18:40:00,NightStreelightsOn,880,401,Yes,NoIntersection,Normal,Other,Rue du Béatisé,M,48.31215849077434,5.310117111016913
201800002901,Lethal,2018-05-08,11:30:00,Daylight,880,470,No,NoIntersection,VeryGood,2Vehicles-Side,face au 11 rue du quator,M,48.0859373140841,6.0856353836305255
201800002902,NonLethal,2018-05-17,11:35:00,Daylight,880,196,No,NoIntersection,Normal,2Vehicles-BehindVehicles-Frontal,Départementale 417 - PK,M,48.07413664966259,6.073057567993772
201800002903,Lethal,2018-09-06,03:15:00,NightStreelightsOn,880,196,Yes,Square,Normal,2Vehicles-Side,place albert ferry,M,48.07057752260861,6.069737983331302
201800002904,NonLethal,2018-07-20,07:55:00,Daylight,880,196,Yes,X-type,Normal,2Vehicles-Side,rue du levant,M,48.07329259949954,6.073169610998781
201800002905,NonLethal,2018-07-28,17:35:00,Daylight,880,196,Yes,Y-type,Normal,2Vehicles-BehindVehicles-Frontal,intersection D69 et chem,M,48.06258957901902,6.064036367230047
201800002906,NonLethal,2018-08-06,16:50:00,Daylight,880,196,No,X-type,Normal,3+Vehicles-Multiple,D 486 pk 032.500,M,48.0495709337455,6.050014741958747
201800002907,NonLethal,2018-02-23,13:55:00,Daylight,670,216,No,NoIntersection,Normal,NoCollision,RUE DE LA FORET,M,48.33952255869201,7.337214396310464
201800002909,NonLethal,2018-04-04,10:04:00,Daylight,670,397,Yes,Roundabout,Normal,2Vehicles-Behind,Rue de la Dordogne,M,48.3168258909768,7.315897721044092
201800002910,NonLethal,2018-04-14,22:25:00,NightNoStreetLight,670,28,No,NoIntersection,Normal,Other,,M,48.36642145859436,7.366308973309546
201800002911,NonLethal,2018-06-02,15:30:00,Daylight,670,246,No,NoIntersection,Normal,Other,Chemin forestier,M,48.33532026180618,7.334713787361776
201800002912,NonLethal,2018-05-22,22:00:00,NightNoStreetLight,670,433,No,NoIntersection,Normal,Other,D124,M,48.36980875075764,7.37210457000205
201800002913,Lethal,2018-06-16,22:25:00,NightNoStreetLight,670,233,No,NoIntersection,Normal,Other,CD 206 PK 5+625,M,48.38202398839507,7.381272074138914
201800002914,NonLethal,2018-12-07,10:00:00,Daylight,670,28,Yes,X-type,Normal,2Vehicles-Side,rue Rohan,M,48.37109096525084,7.372379548570825
201800002915,NonLethal,2018-05-10,13:45:00,Daylight,670,246,No,T-type,Normal,2Vehicles-Behind,,M,48.33563436426173,7.335774233929944
201800002917,NonLethal,2018-03-10,19:00:00,NightNoStreetLight,670,378,No,NoIntersection,Normal,Other,RD 468,M,48.4543285009571,7.457548513095259
201800002918,NonLethal,2018-03-04,07:45:00,Daylight,670,131,Yes,NoIntersection,Normal,3+Vehicles-Chain,rue des fusiliers marins,M,48.47873401306941,7.478793870745251
201800002920,NonLethal,2018-08-29,17:45:00,Daylight,670,137,Yes,X-type,Normal,2Vehicles-Side,,M,48.496583765701686,7.497028005943889
201800002921,NonLethal,2018-01-28,14:10:00,Daylight,670,130,Yes,NoIntersection,Normal,Other,5 rue de la lorraine,M,48.42291365892612,7.42568341332409
201800002922,NonLethal,2018-02-21,11:25:00,Daylight,670,338,No,NoIntersection,Normal,2Vehicles-BehindVehicles-Frontal,D468 - ROUTE DE STRASBOU,M,48.356531251827,7.357335545246706
201800002923,NonLethal,2018-03-03,12:15:00,Daylight,670,130,Yes,T-type,Normal,2Vehicles-BehindVehicles-Frontal,rue du calvaire,M,48.42813647673545,7.428494120868255
201800002924,Lethal,2018-03-30,20:45:00,NightNoStreetLight,670,154,No,Roundabout,LightRain,NoCollision,rd426,M,48.402494293822805,7.402866156058418
201800002925,NonLethal,2018-05-07,12:30:00,Daylight,670,526,No,NoIntersection,Normal,2Vehicles-BehindVehicles-Frontal,RD206,M,48.39882469415865,7.3982339408632924
201800002926,NonLethal,2018-01-09,03:45:00,NightNoStreetLight,670,45,No,NoIntersection,Overcast,Other,Route départementale 207,M,48.489268753117685,7.488807608952928
201800002927,Lethal,2018-06-03,06:55:00,Daylight,670,248,Yes,T-type,Normal,Other,08 Grand  Rue,M,48.47406809091194,7.474432598874955
201800002928,NonLethal,2018-09-03,19:25:00,NightNoStreetLight,670,31,No,NoIntersection,Normal,Other,,M,48.44374899575024,7.442671204990298
201800002929,NonLethal,2018-03-29,12:45:00,Daylight,670,31,No,NoIntersection,Normal,2Vehicles-BehindVehicles-Frontal,D109,M,48.45321249154401,7.450775627354242
201800002930,NonLethal,2018-04-25,19:30:00,Daylight,670,164,Yes,X-type,Normal,2Vehicles-Behind,RUE  PRINCIPALE,M,48.43214798439767,7.433326539523871
201800002931,NonLethal,2018-06-04,17:45:00,Daylight,670,348,Yes,T-type,Normal,Other,avenue du tertre,M,48.46335390618776,7.464646308296105
201800002932,NonLethal,2018-07-23,19:01:00,Daylight,670,348,Yes,T-type,Normal,2Vehicles-Side,5 rue marcel KLEIN,M,48.46430772649114,7.4636918229790306
201800002933,NonLethal,2018-08-06,11:10:00,Daylight,670,348,No,Roundabout,Normal,Other,,M,48.451623498198856,7.451630386908585
201800002934,NonLethal,2018-08-21,17:20:00,Daylight,670,286,No,NoIntersection,Normal,3+Vehicles-Multiple,RD 426,M,48.448555294344274,7.44625405295305
201800002935,NonLethal,2018-11-09,08:00:00,Daylight,670,248,Yes,T-type,Normal,Other,2 Rue de Paris,M,48.47625548009276,7.474811881490329
201800002936,NonLethal,2018-11-12,18:15:00,NightStreelightsOn,670,348,Yes,NoIntersection,Normal,Other,RUE DE SÉLESTAT,M,48.461574275855725,7.46088614212532
201800002937,Lethal,2018-01-12,20:20:00,NightNoStreetLight,670,504,No,NoIntersection,Normal,2Vehicles-BehindVehicles-Frontal,RD2O6,M,48.41288648788018,7.413250956526292
201800002938,NonLethal,2018-03-20,14:50:00,Daylight,670,67,No,T-type,Normal,2Vehicles-BehindVehicles-Frontal,RD30/RD60,M,48.72364370954832,7.7240887621067555
201800002939,NonLethal,2018-09-06,05:45:00,TwilightOrDawn,670,67,No,NoIntersection,Overcast,3+Vehicles-Multiple,D 30,M,48.711164369332906,7.711932924330767
201800002940,NonLethal,2018-06-24,10:40:00,Daylight,670,458,Yes,X-type,Normal,2Vehicles-Side,7 RUE DE LA BERGERIE,M,48.81818181395855,7.82090401929303
201800002941,Lethal,2018-06-14,10:00:00,Daylight,670,87,No,NoIntersection,Normal,NoCollision,D227,M,48.83491355349936,7.834511108564483
201800002942,NonLethal,2018-01-10,10:00:00,Daylight,670,23,No,X-type,Overcast,2Vehicles-Side,,M,48.778255702196425,7.779754417890573
201800002943,Lethal,2018-10-13,14:15:00,Daylight,670,331,No,NoIntersection,Normal,2Vehicles-BehindVehicles-Frontal,RD 263,M,48.771720661852896,7.771177475675322
201800002944,NonLethal,2018-11-13,07:05:00,TwilightOrDawn,670,39,No,NoIntersection,LightRain,2Vehicles-BehindVehicles-Frontal,D30,M,48.70876488371479,7.707071156737035
201800002945,NonLethal,2018-12-19,18:00:00,NightStreelightsOn,670,458,Yes,NoIntersection,LightRain,2Vehicles-Side,98 rue du général de Gau,M,48.82409677137345,7.821948057700238
201800002947,NonLethal,2018-06-26,14:30:00,Daylight,670,46,No,T-type,Normal,Other,1 rue de Strasbourg,M,48.75180228529886,7.752995116130284
201800002948,NonLethal,2018-11-09,10:20:00,Daylight,670,46,Yes,NoIntersection,Normal,2Vehicles-BehindVehicles-Frontal,RUE DE MARIENTHAL,M,48.77100247320704,7.772078915776822
201800002949,NonLethal,2018-11-09,18:20:00,Daylight,670,252,Yes,NoIntersection,Normal,Other,71 rue principale,M,48.74126054236461,7.741499499874585
201800002951,NonLethal,2018-07-11,19:30:00,NightStreelightsOn,670,46,Yes,X-type,Normal,2Vehicles-BehindVehicles-Frontal,Intersection rue de Hagu,M,48.77734072173507,7.776255791950706
201800002953,NonLethal,2018-04-01,17:20:00,Daylight,670,313,Yes,NoIntersection,Normal,Other,"24, rue des trois pics",M,48.52940332634499,7.52945263186109
201800002954,NonLethal,2018-03-05,20:15:00,Daylight,670,168,No,X-type,Normal,2Vehicles-Side,Départementale 2l7,M,48.538546504186414,7.537527547918629
201800002956,NonLethal,2018-06-23,18:00:00,Daylight,670,128,No,NoIntersection,Normal,2Vehicles-Behind,D93,M,48.55646065281344,7.558387883218352
201800002957,NonLethal,2018-07-02,07:00:00,Daylight,670,188,No,NoIntersection,Normal,3+Vehicles-Chain,RD1420,M,48.52783317057688,7.52914372658261
201800002958,NonLethal,2018-07-10,14:45:00,Daylight,670,127,No,NoIntersection,Normal,2Vehicles-BehindVehicles-Frontal,PISTE CYCLABLE ERGERSHEI,M,48.57557626779101,7.5752890871290095
201800002959,Lethal,2018-07-16,08:35:00,Daylight,670,300,No,NoIntersection,Normal,2Vehicles-BehindVehicles-Frontal,RD1422,M,48.53246940866517,7.532116416710781
201800002960,Lethal,2018-07-27,11:45:00,Daylight,670,127,No,X-type,Normal,2Vehicles-Side,D45,M,48.57193369900875,7.571900400556373
201800002962,NonLethal,2018-08-29,06:40:00,TwilightOrDawn,670,168,No,NoIntersection,Normal,2Vehicles-BehindVehicles-Frontal,Piste cyclable,M,48.53758678140446,7.538404125279412
201800002963,NonLethal,2018-09-01,14:05:00,Daylight,670,300,No,Roundabout,Normal,3+Vehicles-Multiple,D422,M,48.5512374717524,7.550239942512939
201800002964,NonLethal,2018-09-12,07:45:00,Daylight,670,300,Yes,NoIntersection,Normal,2Vehicles-Side,rue henri meck,M,48.53314991935233,7.534498949978733
201800002965,Lethal,2018-09-18,06:15:00,NightNoStreetLight,670,112,No,NoIntersection,Normal,2Vehicles-BehindVehicles-Frontal,D147,M,48.51843859281605,7.518014430121799
201800002967,Lethal,2018-10-31,20:20:00,NightStreelightsOn,670,127,Yes,NoIntersection,Normal,Other,RD30,M,48.57180630516911,7.571546866672907
201800002968,NonLethal,2018-11-09,09:10:00,Daylight,670,101,Yes,Roundabout,Normal,Other,RN422,M,48.52502938569876,7.523844536815669
201800002969,NonLethal,2018-12-20,21:30:00,NightStreelightsOn,670,313,Yes,NoIntersection,Normal,2Vehicles-BehindVehicles-Frontal,rue de la source,M,48.54307908167781,7.544077057142364
201800002971,NonLethal,2018-07-02,11:00:00,Daylight,670,368,No,NoIntersection,Normal,2Vehicles-BehindVehicles-Frontal,Route de Klingenthal,M,48.46523012856056,7.466033801342712
201800002972,NonLethal,2018-02-23,20:54:00,NightNoStreetLight,670,282,No,NoIntersection,Normal,2Vehicles-Behind,RD 1004,M,48.61521821705143,7.6145198962969
201800002973,NonLethal,2018-03-24,14:05:00,Daylight,670,122,No,NoIntersection,Normal,NoCollision,Départementale 224 PK 10,M,48.621348685509126,7.6201849086927
201800002975,NonLethal,2018-05-21,16:05:00,Daylight,670,122,No,NoIntersection,Normal,2Vehicles-Side,D218,M,48.63729274658037,7.636553524159489
201800002977,NonLethal,2018-06-27,17:00:00,Daylight,670,408,No,NoIntersection,Normal,NoCollision,PR 2 - RD 143,M,48.63997043143669,7.640703084256941
201800002978,NonLethal,2018-09-29,18:00:00,Daylight,670,30,No,X-type,Normal,2Vehicles-Side,D118,M,48.57644963627581,7.577040126274262
201800002979,NonLethal,2018-09-28,22:50:00,NightNoStreetLight,670,520,No,Roundabout,Normal,NoCollision,RD l004 - rond point zon,M,48.64959138924099,7.651535018571059
201800002980,NonLethal,2018-11-07,17:58:00,NightNoStreetLight,670,18,No,NoIntersection,LightRain,NoCollision,D 75,M,48.58282067582508,7.584299782783288
201800002982,NonLethal,2018-01-17,17:49:00,NightNoStreetLight,670,519,No,NoIntersection,LightRain,2Vehicles-Side,CD 301,M,48.66557147067974,7.661943733047512
201800002984,NonLethal,2018-07-26,20:50:00,Daylight,670,350,No,NoIntersection,Normal,NoCollision,RD451,M,48.59612155662449,7.595661365879306
201800002986,NonLethal,2018-02-13,14:45:00,Daylight,670,10,Yes,T-type,Normal,2Vehicles-Side,Rue du Gal Koenig / Rue,M,48.38828041409847,7.388135033345835
201800002987,NonLethal,2018-07-05,15:30:00,Daylight,670,84,Yes,T-type,Normal,2Vehicles-Side,32 rue du maréchal Foch,M,48.32718983944249,7.326141912375874
201800002988,NonLethal,2018-05-15,15:20:00,Daylight,670,10,No,NoIntersection,Normal,Other,route du hohwald,M,48.39657762577845,7.395888478882997
201800002989,NonLethal,2018-05-15,19:45:00,TwilightOrDawn,670,51,No,NoIntersection,Normal,NoCollision,RD 203,M,48.34486059293467,7.345435714703215
201800002990,NonLethal,2018-05-22,17:35:00,Daylight,670,120,No,X-type,LightRain,2Vehicles-Side,D  35,M,48.38001946647425,7.377460873902731
201800002991,Lethal,2018-05-25,17:50:00,Daylight,670,295,No,NoIntersection,Normal,2Vehicles-BehindVehicles-Frontal,RD 425,M,48.39485502088988,7.39473042772059
201800002992,NonLethal,2018-09-15,02:20:00,NightStreelightsOn,670,21,Yes,NoIntersection,Normal,Other,27 rue de la Vallée St U,M,48.411299524528026,7.411480130090442
201800002993,NonLethal,2018-09-24,12:20:00,Daylight,670,227,Yes,NoIntersection,Normal,Other,2 route du vin,M,48.361877889523846,7.363602107631564
201800002994,Lethal,2018-09-26,12:30:00,Daylight,670,125,Yes,T-type,Normal,NoCollision,31-33 rue des alliées,M,48.359571106936784,7.36011526564699
201800002995,NonLethal,2018-10-15,08:12:00,Daylight,670,84,No,NoIntersection,Normal,2Vehicles-Side,RD 1422,M,48.310719785963016,7.308849918865784
201800002998,NonLethal,2018-11-03,03:00:00,NightNoStreetLight,670,474,No,NoIntersection,Normal,Other,CD 263,M,48.9293028512011,7.928140164562676
201800002999,Lethal,2018-10-06,19:45:00,Daylight,670,451,Yes,NoIntersection,Normal,Other,310 rue principale,M,48.98465482724279,8.983038664589033
201800003000,NonLethal,2018-07-05,16:18:00,Daylight,670,351,Yes,NoIntersection,Normal,2Vehicles-BehindVehicles-Frontal,47 rue des forgerons,M,48.96735741071936,7.965645812004578
201800003001,NonLethal,2018-11-08,17:15:00,Daylight,670,351,No,NoIntersection,Normal,2Vehicles-BehindVehicles-Frontal,D249,M,48.972850767843234,7.971807485207728
201800003002,NonLethal,2018-05-18,17:00:00,Daylight,670,404,No,NoIntersection,Normal,Other,chemin forestier,M,48.90082124557368,7.903040274657916
201800003003,NonLethal,2018-06-19,15:20:00,Daylight,670,474,Yes,NoIntersection,VeryGood,Other,42 rue du docteur Michel,M,48.93870941515905,7.939071749591182
201800003005,NonLethal,2018-06-28,18:00:00,Daylight,670,290,No,NoIntersection,Normal,NoCollision,RD114,M,48.93258272293695,7.930349662287875
201800003006,NonLethal,2018-07-31,16:15:00,Daylight,670,232,No,NoIntersection,Normal,Other,CD 65,M,48.96610403184571,7.965328300422346
201800003007,NonLethal,2018-08-25,18:25:00,Daylight,670,455,No,NoIntersection,Normal,2Vehicles-Side,,M,48.95159388037463,7.949917319209406
201800003008,NonLethal,2018-09-28,06:45:00,Daylight,670,213,No,NoIntersection,FogOrSmoke,3+Vehicles-Multiple,route départementale 263,M,48.96043217842293,7.960322938850288
201800003009,NonLethal,2018-09-28,11:10:00,Daylight,670,254,No,NoIntersection,Normal,Other,rue Achille Lebel,M,48.95166315830264,7.951372161230382
201800003010,NonLethal,2018-09-29,13:45:00,Daylight,670,487,Yes,T-type,Normal,2Vehicles-Side,rue du maréchal Leclerc,M,48.9109110569314,7.91152527396218
201800003011,NonLethal,2018-12-13,17:00:00,NightStreelightsOn,670,474,Yes,NoIntersection,Normal,Other,2 Rue du Docteur Michel,M,48.93599733677031,7.936609826203626
201800003012,Lethal,2018-01-23,06:20:00,NightStreelightsOff,670,550,No,NoIntersection,Overcast,2Vehicles-BehindVehicles-Frontal,Route de Haguenau / RD 2,M,48.9305243367667,7.930728797455875
201800003013,NonLethal,2018-01-22,13:40:00,Daylight,670,511,No,T-type,HeavyRain,2Vehicles-BehindVehicles-Frontal,Carrefour RD 27 et RD 72,M,48.8784061601362,7.878529402881212
201800003014,NonLethal,2018-12-03,13:20:00,Daylight,670,303,No,NoIntersection,LightRain,2Vehicles-Side,route de Haguenau,M,48.90657316726283,7.907391740039722
201800003015,Lethal,2018-10-10,20:30:00,TwilightOrDawn,670,550,No,NoIntersection,Normal,2Vehicles-BehindVehicles-Frontal,RD 27,M,48.94086699606642,7.940015276248926
201800003016,NonLethal,2018-11-20,22:15:00,NightNoStreetLight,670,550,No,NoIntersection,Normal,Other,route de Lembach,M,48.94117711470789,7.941244711422816
201800003018,NonLethal,2018-01-26,07:55:00,TwilightOrDawn,680,226,Yes,X-type,LightRain,Other,9 rue Sébastopol,M,48.039466755376345,7.039275373591351
201800003019,NonLethal,2018-04-07,05:00:00,NightNoStreetLight,680,368,No,NoIntersection,Normal,Other,Rte departementale 417,M,48.04130907117421,7.0415454274203615
201800003021,NonLethal,2018-05-06,11:50:00,Daylight,680,311,No,NoIntersection,Normal,2Vehicles-BehindVehicles-Frontal,Rte départementale 27,M,47.97661061211246,7.977837000699251
201800003022,NonLethal,2018-06-02,10:20:00,Daylight,680,317,No,NoIntersection,Normal,Other,Rte départementale 417,M,48.06621914152005,7.065623547280647
201800003023,NonLethal,2018-06-05,14:30:00,Daylight,680,311,No,NoIntersection,Normal,Other,Rte départementale 27,M,47.98825553423729,7.987864333439509
201800003024,NonLethal,2018-06-10,17:35:00,Daylight,680,317,No,Y-type,Normal,Other,Rte départementale 48,M,48.07681545869421,7.078801115203283
201800003025,NonLethal,2018-12-06,21:10:00,NightStreelightsOn,680,117,Yes,T-type,HeavyRain,2Vehicles-BehindVehicles-Frontal,R du muhlélé,M,48.04227869829792,7.041278997552826
201800003027,NonLethal,2018-06-21,00:15:00,NightNoStreetLight,680,223,Yes,NoIntersection,Normal,Other,56 R principale,M,48.02515601256547,7.025429420466715
201800003028,NonLethal,2018-06-23,12:15:00,Daylight,680,311,No,NoIntersection,Normal,NoCollision,Rte départementale 27,M,47.99352628554842,7.995158038108962
201800003029,NonLethal,2018-06-30,01:15:00,NightNoStreetLight,680,311,No,NoIntersection,Normal,Other,Rte départementale 27,M,47.97344775005362,7.974723226834747
201800003030,NonLethal,2018-07-15,19:15:00,Daylight,680,226,Yes,NoIntersection,Normal,Other,grand'rue,M,48.04203132504537,7.041034900423798
201800003032,NonLethal,2018-08-22,17:30:00,Daylight,680,329,No,NoIntersection,LightRain,3+Vehicles-Multiple,RTE DEPARTEMENTALE 417,M,48.06052198957211,7.06081670720987
201800003033,NonLethal,2018-09-11,07:30:00,Daylight,680,311,Yes,X-type,Normal,Other,4 R Principale,M,47.997569401527855,7.999170854557257
201800003034,NonLethal,2018-09-19,08:00:00,Daylight,680,368,Yes,T-type,Normal,NoCollision,01 rue des iris,M,48.0512818305264,7.048098756069154
201800003035,NonLethal,2018-11-08,13:00:00,Daylight,680,193,Yes,NoIntersection,Normal,2Vehicles-Behind,Rue principal,M,48.03222755717804,7.030590450799516
201800003037,NonLethal,2018-11-17,17:15:00,NightStreelightsOn,680,226,Yes,NoIntersection,Normal,NoCollision,Rue Martin Hilti,M,48.04346244671578,7.042469385925598
201800003039,NonLethal,2018-06-05,04:00:00,NightNoStreetLight,680,230,No,NoIntersection,Normal,Other,Rte départementale 468,M,47.93575413731835,7.936158110778051
201800003040,NonLethal,2018-06-13,07:45:00,Daylight,680,36,No,T-type,Normal,2Vehicles-Side,Rte départementale 52,M,48.04267460918486,7.041601539845948
201800003041,NonLethal,2018-06-25,09:10:00,Daylight,680,7,No,NoIntersection,Normal,2Vehicles-Side,Rte départementale 415,M,48.05381844138605,7.049455180345562
201800003042,NonLethal,2018-07-23,12:20:00,Daylight,680,69,No,NoIntersection,Normal,NoCollision,Rte départementale 13,M,47.952119990989694,7.95318259709934
201800003043,NonLethal,2018-06-08,17:15:00,Daylight,680,379,No,T-type,Normal,NoCollision,Lieu dit Niederfeld,M,48.03486712162229,7.032836875783321
201800003044,NonLethal,2018-10-24,19:30:00,NightStreelightsOn,680,1,Yes,NoIntersection,Normal,Other,RD 1.3,M,48.00739018750248,7.008966810015298
201800003045,NonLethal,2018-12-18,17:10:00,NightStreelightsOn,680,352,Yes,NoIntersection,Normal,2Vehicles-Behind,14 rue de la Paix,M,48.01500507657913,7.015505552279619
201800003046,NonLethal,2018-02-15,18:30:00,NightStreelightsOn,680,113,Yes,T-type,Normal,2Vehicles-Side,10 route de Sélestat,M,48.18920547687328,7.187759554109192
201800003047,Lethal,2018-02-20,06:50:00,TwilightOrDawn,680,269,No,NoIntersection,Overcast,2Vehicles-BehindVehicles-Frontal,Route départementale 416,M,48.17524347324412,7.173548181255326
201800003048,Lethal,2018-10-05,01:25:00,NightNoStreetLight,680,269,No,NoIntersection,Normal,Other,Rte départementale 106,M,48.18966724835494,7.1897791618856095
201800003049,NonLethal,2018-12-05,16:30:00,Daylight,680,296,No,NoIntersection,Normal,Other,Rte départementale 42,M,48.24565886633563,7.246367404433744
201800003050,NonLethal,2018-10-07,18:30:00,Daylight,680,269,No,NoIntersection,Normal,Other,Rte départementale 416,M,48.21450452688592,7.213933288433767
201800003051,NonLethal,2018-01-14,10:39:00,Daylight,680,298,Yes,NoIntersection,Normal,2Vehicles-Side,11 rue wilson,M,48.25028519886506,7.252791705326664