AccidentId,Gravity,Date,Hour,Light,Department,Commune,InAgglomeration,IntersectionType,Weather,CollisionType,PostalAddress,GPSCode,Latitude,Longitude
201800003052,NonLethal,2018-01-27,13:15:00,Daylight,680,298,Yes,NoIntersection,Normal,2Vehicles-Side,43 RUE DU GENERAL BOURGE,M,48.240744387657976,7.239219781621433
201800003053,NonLethal,2018-01-30,16:25:00,Daylight,680,185,No,T-type,Normal,2Vehicles-BehindVehicles-Frontal,route nationale 59,M,48.26953779943193,7.268449990234739
201800003055,NonLethal,2018-04-18,15:25:00,Daylight,680,298,No,NoIntersection,Normal,NoCollision,Rte départementale 48,M,48.19425915576095,7.19248749548295
201800003056,NonLethal,2018-10-06,06:00:00,Daylight,680,294,Yes,NoIntersection,Normal,Other,10 route du petit rombac,M,48.26263462914772,7.264205666387936
201800003057,NonLethal,2018-06-13,16:15:00,Daylight,680,298,No,NoIntersection,Normal,NoCollision,Rte départementale 48,M,48.21127186293299,7.21344336132543
201800003058,NonLethal,2018-06-30,13:00:00,Daylight,680,283,No,NoIntersection,Normal,Other,Rte départementale 48.1,M,48.2931367732584,7.290727097592716
201800003060,NonLethal,2018-07-25,13:25:00,Daylight,680,185,No,NoIntersection,Normal,2Vehicles-BehindVehicles-Frontal,Rte nationale 59,M,48.26683612252242,7.265984868905867
201800003061,NonLethal,2018-08-26,12:50:00,Daylight,680,298,No,NoIntersection,Normal,NoCollision,Rte départementale 416,M,48.23076146432778,7.230185687337296
201800003062,NonLethal,2018-02-09,01:00:00,NightNoStreetLight,680,185,No,NoIntersection,Normal,Other,Rte départementale 48.1,M,48.27015400334236,7.269269986857988
201800003063,NonLethal,2018-09-19,18:45:00,TwilightOrDawn,680,298,No,NoIntersection,Normal,NoCollision,COL DE BAGENELLES RD 48,M,48.19964464982984,7.197361360420637
201800003064,NonLethal,2018-09-27,16:50:00,Daylight,680,298,No,NoIntersection,Normal,Other,Col des Bagenelles,M,48.20361775177196,7.203933174439989
201800003065,Lethal,2018-10-26,17:45:00,Daylight,680,185,No,NoIntersection,Normal,2Vehicles-BehindVehicles-Frontal,D459,M,48.27023202559228,7.269898197930129
201800003066,NonLethal,2018-09-12,22:30:00,NightStreelightsOn,680,294,Yes,NoIntersection,Normal,Other,"138, rue maurice Burrus",M,48.25910653178927,7.260712242450174
201800003067,Lethal,2018-12-17,04:26:00,NightNoStreetLight,680,294,No,NoIntersection,Overcast,3+Vehicles-Multiple,N59,M,48.25630308827766,7.258690711019995
201800003068,NonLethal,2018-04-04,17:30:00,Daylight,680,287,Yes,NoIntersection,Normal,2Vehicles-Side,19 rue du 4ème RSM,M,47.95699816071309,7.955532088193275
201800003069,NonLethal,2018-06-18,09:40:00,Daylight,680,123,Yes,X-type,Normal,2Vehicles-BehindVehicles-Frontal,6 R des Seigneurs,M,48.01161246689963,7.012659825105933
201800003070,NonLethal,2018-06-07,22:45:00,NightNoStreetLight,680,123,No,NoIntersection,LightRain,NoCollision,Rte départementale 83,M,48.00669944536162,7.00634737911352
201800003071,NonLethal,2018-07-20,06:45:00,Daylight,680,251,Yes,Y-type,Normal,2Vehicles-Side,13A R albert schweitzer,M,47.989274570028776,7.988885653887268
201800003072,NonLethal,2018-08-18,17:50:00,Daylight,680,287,No,NoIntersection,Normal,2Vehicles-BehindVehicles-Frontal,Rte de WESTHALTEN,M,47.94750423027635,7.948172027970227
201800003073,NonLethal,2018-09-27,19:00:00,Daylight,680,364,Yes,T-type,Normal,2Vehicles-Side,17 rue d'Orschwihr,M,47.95521331420014,7.954307281075533
201800003075,NonLethal,2018-02-11,18:10:00,NightStreelightsOn,680,154,No,NoIntersection,LightRain,2Vehicles-Behind,RTE DEPARTEMENTALE 20l,M,47.76762071742591,7.769061855185069
201800003076,NonLethal,2018-03-04,13:15:00,Daylight,680,154,Yes,Other,Normal,2Vehicles-Side,71 avenue de fribourg,M,47.76681850377238,7.765992049572502
201800003077,NonLethal,2018-06-10,02:47:00,NightStreelightsOn,680,154,Yes,Other,Normal,2Vehicles-Side,14 rue de Berne,M,47.77278587367833,7.772311260049198
201800003078,NonLethal,2018-01-14,18:30:00,NightNoStreetLight,680,21,No,Y-type,Normal,2Vehicles-BehindVehicles-Frontal,Rte Départemental 66,M,47.63829960109274,7.636319120729621
201800003079,NonLethal,2018-01-16,15:30:00,Daylight,680,323,No,NoIntersection,HeavyRain,2Vehicles-Side,Rte départementale 21,M,47.6673438424689,7.66894976705924
201800003080,NonLethal,2018-03-18,12:25:00,Daylight,680,21,Yes,X-type,Normal,2Vehicles-Side,2 rue de la libération,M,47.63652361351792,7.637466926959157
201800003082,NonLethal,2018-11-03,09:30:00,Daylight,680,309,No,Roundabout,Normal,2Vehicles-Behind,Rte départementale 201,M,47.66872367355409,7.668457183319388
201800003084,NonLethal,2018-06-09,10:06:00,Daylight,680,301,Yes,Y-type,Normal,2Vehicles-Side,Rte départementale 6 bis,M,47.68232745543663,7.682371718712393
201800003085,NonLethal,2018-06-15,03:00:00,NightStreelightsOn,680,21,Yes,NoIntersection,Normal,Other,12 R de la libération,M,47.63895136162032,7.637787477238269
201800003088,NonLethal,2018-09-22,12:50:00,Daylight,680,327,No,NoIntersection,VeryGood,Other,RTE Départementale 21 PK,M,47.630371750069095,7.628727077099684
201800003089,NonLethal,2018-10-31,23:34:00,NightNoStreetLight,680,265,No,NoIntersection,Normal,Other,RTE DEPARTEMENTALE 21,M,47.65200654078064,7.65162574879014
201800003090,NonLethal,2018-01-12,12:10:00,Daylight,680,334,Yes,Y-type,Overcast,Other,20 Rue anatole jacquot,M,47.8121057135204,7.811478042926704
201800003091,NonLethal,2018-01-14,06:15:00,NightStreelightsOn,680,40,Yes,NoIntersection,Normal,Other,12 Rue du Rhin,M,47.83032500397953,7.828499961518117
201800003092,NonLethal,2018-04-07,09:05:00,Daylight,680,40,Yes,NoIntersection,Normal,Other,"9A, rue du rhin",M,47.82717789236447,7.829085367588598
201800003093,NonLethal,2018-04-29,11:45:00,Daylight,680,348,Yes,NoIntersection,Normal,Other,17 rue du 1er RTA,M,47.80544642451274,7.803947574697633
201800003094,NonLethal,2018-04-07,15:40:00,Daylight,680,315,No,NoIntersection,Normal,Other,Rte départementale 431,M,47.8658738698019,7.865593955055048
201800003097,NonLethal,2018-11-10,15:30:00,Daylight,680,348,Yes,X-type,VeryGood,2Vehicles-Side,15 Rue de bourgogne,M,47.80346790376091,7.800599230136311
201800003098,NonLethal,2018-10-28,12:15:00,Daylight,680,106,No,NoIntersection,SnowOrHail,NoCollision,Chemin forestier,M,47.86954450207204,7.866625672194061
201800003099,Lethal,2018-11-04,22:15:00,NightNoStreetLight,680,292,No,NoIntersection,Normal,2Vehicles-BehindVehicles-Frontal,Route Nationale 66,M,47.8682006159802,7.869518217926419
201800003101,NonLethal,2018-01-03,05:15:00,NightNoStreetLight,680,32,No,NoIntersection,StrongWindOrStorm,Other,Route départementale 5,M,47.84705258173426,7.846463191646682
201800003102,NonLethal,2018-02-03,05:00:00,NightNoStreetLight,680,359,No,NoIntersection,Normal,NoCollision,route départementale 83,M,47.82636542681419,7.827663245940705
201800003106,NonLethal,2018-07-29,22:45:00,NightStreelightsOn,680,63,Yes,Other,Normal,2Vehicles-Side,13 faubourg de Belfort,M,47.79901451247702,7.80120852822307
201800003108,NonLethal,2018-10-29,16:10:00,Daylight,680,63,Yes,NoIntersection,Overcast,Other,30 quai des Platanes,M,47.8055489083261,7.805174799258242
201800003109,NonLethal,2018-02-18,08:35:00,Daylight,680,217,Yes,NoIntersection,Overcast,Other,95 rue du Général de Gau,M,47.86319376579316,7.865597330246761
201800003110,NonLethal,2018-10-03,01:00:00,NightNoStreetLight,680,292,No,NoIntersection,LightRain,Other,lieu dit Weg,M,47.8841194783146,7.884410339054948
201800003111,NonLethal,2018-03-29,14:27:00,Daylight,680,89,Yes,NoIntersection,Normal,2Vehicles-BehindVehicles-Frontal,1 Grande rue,M,47.890594910196526,6.88992766285666
201800003112,NonLethal,2018-04-01,20:05:00,TwilightOrDawn,680,217,Yes,NoIntersection,Normal,Other,87 Rue du Général de Gau,M,47.86138037736185,7.863720073661615
201800003113,NonLethal,2018-04-21,10:45:00,Daylight,680,247,No,NoIntersection,VeryGood,2Vehicles-BehindVehicles-Frontal,Rte départementale 27,M,47.955368796698274,6.954674295634123
201800003114,NonLethal,2018-06-15,16:50:00,Daylight,680,247,No,NoIntersection,Normal,NoCollision,Rte départementale 430,M,47.93687278302997,7.936981545228821
201800003115,NonLethal,2018-06-25,20:40:00,Daylight,680,247,Yes,LevelCrossing,Normal,2Vehicles-Side,7 chm des cascades,M,47.91346552967938,6.916734077039759
201800003116,NonLethal,2018-06-23,06:55:00,TwilightOrDawn,680,89,Yes,Y-type,Normal,Other,10 R du Baechel,M,47.89376093882912,6.892958665828776
201800003117,NonLethal,2018-02-07,20:15:00,Daylight,680,370,No,NoIntersection,Normal,Other,Rte départementale 13 bi,M,47.99293579905463,6.994128640708523
201800003118,Lethal,2018-07-19,22:00:00,NightNoStreetLight,680,262,No,NoIntersection,Normal,Other,Rte départementale 431,M,47.921935437250816,7.921579064788667
201800003119,NonLethal,2018-12-08,11:50:00,Daylight,680,247,No,NoIntersection,Normal,3+Vehicles-Multiple,Rte Départementale 27,M,47.93375735186641,7.933012204613191
201800003120,NonLethal,2018-09-12,20:10:00,NightNoStreetLight,680,292,Yes,NoIntersection,Normal,Other,1 R de l'industrie,M,47.87537819252097,7.875608450147724
201800003122,NonLethal,2018-11-27,15:00:00,Daylight,680,344,No,NoIntersection,LightRain,2Vehicles-BehindVehicles-Frontal,"RN66, col du bussang",M,47.87728059813656,6.878540808424054
201800003123,NonLethal,2018-06-15,09:50:00,Daylight,510,250,Yes,NoIntersection,Normal,Other,PLACE DU MONUMENT,M,49.306567785533,3.3093186372235306
201800003124,NonLethal,2018-06-26,13:45:00,Daylight,510,250,Yes,X-type,Normal,Other,RUE D'ARDRE,M,49.30670069656189,3.3080366770829137
201800003125,NonLethal,2018-09-10,09:05:00,Daylight,510,250,Yes,MoreThan4Branches,Normal,2Vehicles-Side,faubourg de soissons,M,49.30734392264538,3.3081810347152496
201800003126,NonLethal,2018-06-16,11:20:00,Daylight,80,142,No,NoIntersection,Overcast,2Vehicles-Behind,"A.34, sens SEDAN-CHARLEV",M,49.7197534286804,4.719667352255729
201800003127,NonLethal,2018-02-15,11:00:00,Daylight,80,81,No,NoIntersection,FogOrSmoke,2Vehicles-BehindVehicles-Frontal,route départementale D01,M,49.830792542520015,4.832097537141596
201800003129,Lethal,2018-09-29,15:45:00,Daylight,80,237,No,NoIntersection,Normal,2Vehicles-BehindVehicles-Frontal,Route Départementale 1,M,49.835476541775726,4.835479522853527
201800003130,NonLethal,2018-10-01,17:25:00,Daylight,80,81,No,NoIntersection,LightRain,2Vehicles-BehindVehicles-Frontal,route des hutins,M,49.85232303453821,4.8515254246000605
201800003131,NonLethal,2018-11-17,20:35:00,NightNoStreetLight,80,81,No,Y-type,Normal,NoCollision,Route départementale 13,M,49.84669211094497,4.848546768346995
201800003133,NonLethal,2018-12-21,21:20:00,NightStreelightsOn,80,81,Yes,T-type,Normal,Other,intersection R : Jean Ba,M,49.85090203991724,4.850029884615537
201800003134,NonLethal,2018-12-30,03:30:00,NightStreelightsOn,80,316,Yes,NoIntersection,LightRain,Other,r Jean Jaurès,M,49.809452874042414,4.8095523428480815
201800003135,NonLethal,2018-08-01,07:45:00,NightNoStreetLight,100,210,No,NoIntersection,Normal,2Vehicles-Side,route départementale n°5,M,48.38062777267557,4.380839401917491
201800003136,NonLethal,2018-02-02,22:10:00,NightNoStreetLight,100,354,No,NoIntersection,Normal,Other,Route départementale 441,M,48.52301153912212,4.521223248698945
201800003138,NonLethal,2018-05-18,10:10:00,Daylight,100,149,No,Roundabout,Normal,NoCollision,rue du Général de Gaulle,M,48.39365758002728,4.394057654424709
201800003139,NonLethal,2018-05-18,21:00:00,TwilightOrDawn,100,379,No,NoIntersection,Normal,2Vehicles-Behind,Zone industrielle,M,48.52303892244782,4.525564723439233
201800003142,NonLethal,2018-08-13,13:30:00,Daylight,100,338,Yes,Square,Normal,Other,chemin communal,M,48.50224252102334,4.502985769211255
201800003144,NonLethal,2018-10-20,14:00:00,Daylight,100,293,No,NoIntersection,Normal,NoCollision,Chemin blanc - Camp Mili,M,48.68310644573439,4.683893630574644
201800003146,Lethal,2018-12-13,08:38:00,TwilightOrDawn,100,149,No,NoIntersection,Normal,NoCollision,,M,48.39720663978032,4.395796678792627
201800003148,NonLethal,2018-02-15,09:30:00,Daylight,520,488,No,T-type,LightRain,3+Vehicles-Multiple,Carrefour  D619 et C5,M,47.98203586730936,5.982348677688738
201800003149,NonLethal,2018-03-14,13:53:00,Daylight,520,353,Yes,NoIntersection,Normal,2Vehicles-Side,rue Lavoisier,M,48.03932215350374,5.039847111718856
201800003150,Lethal,2018-03-20,18:05:00,Daylight,520,315,No,NoIntersection,VeryGood,2Vehicles-Side,D619,M,48.0154539865177,5.017942741192026
201800003151,Lethal,2018-05-22,12:50:00,Daylight,520,248,No,NoIntersection,Normal,Other,RD 417,M,48.0284349180376,5.027262351382776
201800003152,NonLethal,2018-09-09,17:25:00,Daylight,520,248,Yes,NoIntersection,Normal,Other,Rue des buissons,M,48.03275602198956,5.034989163460043
201800003153,NonLethal,2018-11-21,18:45:00,NightStreelightsOn,520,353,Yes,NoIntersection,Normal,Other,RUE DU 11 NOVEMBRE - D10,M,48.02588172503394,5.026230101777819
201800003154,NonLethal,2018-01-28,20:10:00,NightNoStreetLight,520,380,No,NoIntersection,LightRain,Other,D.52 PR 00+900,M,47.875830113297695,5.87445344026078
201800003156,NonLethal,2018-04-11,09:20:00,Daylight,520,269,Yes,T-type,Normal,2Vehicles-Side,Rue Jean Ernest Darbot,M,47.85950131492687,5.8561042597148
201800003158,NonLethal,2018-06-02,21:25:00,TwilightOrDawn,520,163,No,T-type,Normal,NoCollision,RD 246,M,47.95151256177174,5.9523080575490255
201800003159,NonLethal,2018-04-06,17:10:00,Daylight,520,9,No,LevelCrossing,Normal,Other,RD35,M,47.90882197106866,5.908392630636572
201800003160,NonLethal,2018-06-24,10:55:00,Daylight,520,116,No,NoIntersection,Normal,2Vehicles-Behind,RN 19 PR 75.82,M,47.84456913834437,5.845045827731841
201800003161,NonLethal,2018-06-25,19:35:00,Daylight,520,432,No,NoIntersection,VeryGood,Other,Avenue de Verdun,M,47.9579348618792,5.958261451078564
201800003162,NonLethal,2018-08-22,17:25:00,Daylight,520,269,No,T-type,Normal,2Vehicles-Side,RN19 - pk 61+230,M,47.88987971769632,5.888797940497106
201800003163,NonLethal,2018-11-25,04:30:00,NightNoStreetLight,520,453,No,NoIntersection,Normal,NoCollision,RN19 - pk 73,M,47.84919707926105,5.848106517078703
201800003164,NonLethal,2018-12-04,08:55:00,Daylight,520,269,Yes,NoIntersection,Normal,Other,rue du Général Leclerc,M,47.86286191115887,5.863914781320744
201800003165,NonLethal,2018-12-24,12:00:00,Daylight,520,432,No,NoIntersection,Normal,Other,D127,M,47.94606794284174,5.944984420845306
201800003166,NonLethal,2018-01-14,16:20:00,Daylight,210,21,No,NoIntersection,Normal,NoCollision,"CD34, PK 5+150",M,47.337669635291256,5.33830299172804
201800003167,NonLethal,2018-03-17,18:30:00,TwilightOrDawn,210,535,No,NoIntersection,LightRain,2Vehicles-BehindVehicles-Frontal,RD l04,M,47.355280584011886,5.35517739245036
201800003168,NonLethal,2018-03-17,18:15:00,Daylight,210,209,No,NoIntersection,LightRain,Other,D7OO - PK 6+797,M,47.34361414271893,5.344883064453212
201800003170,NonLethal,2018-04-06,15:35:00,Daylight,210,657,No,NoIntersection,Normal,NoCollision,D70,M,47.34963327048177,5.347912277099776
201800003171,NonLethal,2018-05-21,19:00:00,Daylight,210,555,No,NoIntersection,Normal,2Vehicles-Side,chemin grispin,M,47.39702223658079,5.39509868786299
201800003172,NonLethal,2018-08-26,17:50:00,Daylight,210,555,Yes,Roundabout,Normal,Other,Rond point rue de la pet,M,47.39946652148316,5.398388264621725
201800003176,NonLethal,2018-09-09,16:25:00,Daylight,210,38,Yes,NoIntersection,Normal,Other,rue de labergement,M,47.18789890782527,5.188234780313703
201800003177,NonLethal,2018-10-23,15:00:00,Daylight,210,699,Yes,T-type,Normal,2Vehicles-Side,PONT DE FRANCE,M,47.19390810713121,5.195908296862629
201800003178,NonLethal,2018-12-12,13:40:00,Daylight,210,38,No,X-type,Normal,2Vehicles-Side,"D20, lieu-dit Le Pont de",M,47.20854710568199,5.209253801166669
201800003179,Lethal,2018-01-06,17:40:00,NightNoStreetLight,210,261,No,NoIntersection,Normal,2Vehicles-Side,D905,M,47.25650946675582,5.258234063552146
201800003180,NonLethal,2018-01-28,06:15:00,NightNoStreetLight,210,5,No,NoIntersection,Normal,2Vehicles-Side,route départementale 968,M,47.18178275515816,5.180113108551263
201800003183,NonLethal,2018-05-14,05:45:00,TwilightOrDawn,210,5,No,NoIntersection,HeavyRain,2Vehicles-BehindVehicles-Frontal,rd 968,M,47.16664546117223,5.1662919737736255
201800003184,NonLethal,2018-07-15,02:38:00,NightNoStreetLight,210,351,No,NoIntersection,Normal,Other,D24,M,47.248854152906624,5.250133924502497
201800003186,NonLethal,2018-08-18,14:35:00,Daylight,210,292,No,NoIntersection,Normal,3+Vehicles-Multiple,D905,M,47.23790639952039,5.238353653633843
201800003187,NonLethal,2018-10-14,14:45:00,Daylight,210,130,No,NoIntersection,StrongWindOrStorm,NoCollision,D25,M,47.28199197104651,5.281360571823143
201800003189,NonLethal,2018-03-06,16:45:00,Daylight,210,481,No,NoIntersection,Normal,NoCollision,"Chemin des Étangs RD931,",M,47.25627252701917,5.25701940600239
201800003191,Lethal,2018-07-22,05:50:00,TwilightOrDawn,210,295,No,NoIntersection,Normal,Other,CD 931,M,47.233191735132266,5.232545423048258
201800003192,NonLethal,2018-09-26,09:14:00,Daylight,210,265,No,NoIntersection,Normal,2Vehicles-BehindVehicles-Frontal,"931 PK 2+7,92",M,47.24061366915464,5.241384501836031
201800003193,NonLethal,2018-03-18,05:00:00,NightNoStreetLight,210,254,Yes,NoIntersection,Normal,Other,35 rue de beaune,M,47.17568415509691,4.174524294268245
201800003194,Lethal,2018-05-01,00:30:00,NightStreelightsOn,210,714,Yes,NoIntersection,Normal,Other,66 RD 974,M,47.16110246235178,4.159474707706818
201800003195,NonLethal,2018-05-11,21:45:00,NightNoStreetLight,210,606,No,NoIntersection,Normal,NoCollision,D115 C,M,47.08706226162852,4.087379639537533
201800003197,Lethal,2018-11-17,20:50:00,NightStreelightsOn,210,506,Yes,NoIntersection,Normal,Other,1 Rue du Moulin,M,47.10704954118482,4.10436005641911
201800003198,NonLethal,2018-11-28,17:45:00,NightNoStreetLight,210,173,No,X-type,Normal,2Vehicles-Side,RD 974,M,47.04898677379909,4.048546127965298
201800003199,NonLethal,2018-08-12,19:20:00,NightNoStreetLight,210,688,No,NoIntersection,LightRain,Other,Route départementale 35,M,47.14265573706975,4.143889523451196
201800003200,NonLethal,2018-12-12,09:55:00,Daylight,210,606,No,NoIntersection,Normal,2Vehicles-Behind,D 974,M,47.06895352241318,4.068358483929997
201800003201,NonLethal,2018-03-05,16:15:00,Daylight,580,160,No,NoIntersection,Normal,2Vehicles-Side,Chemin du Magny,M,47.00172851164948,3.0009085377029487
201800003202,NonLethal,2018-06-26,19:05:00,Daylight,580,51,No,NoIntersection,Normal,2Vehicles-BehindVehicles-Frontal,D149 route d'AGLAN,M,46.94245630086765,3.940842058299797
201800003203,NonLethal,2018-07-30,18:30:00,Daylight,580,214,Yes,NoIntersection,Normal,2Vehicles-Side,AVENUE DE PARIS,M,47.07070462881661,3.070784019049338
201800003204,NonLethal,2018-08-02,13:15:00,Daylight,580,51,No,NoIntersection,Normal,2Vehicles-BehindVehicles-Frontal,D149 Lieu dit la CHAUME-,M,46.92562621764863,3.927233867237867
201800003205,NonLethal,2018-08-11,00:40:00,NightNoStreetLight,580,121,Yes,NoIntersection,Normal,2Vehicles-Behind,l586 avenue de la PAIX,M,47.04323203468663,3.042540083792073
201800003206,NonLethal,2018-02-06,22:21:00,NightNoStreetLight,710,525,No,NoIntersection,SnowOrHail,3+Vehicles-Multiple,RN79,M,46.37444323287176,4.375966533746363
201800003207,NonLethal,2018-03-03,13:15:00,Daylight,710,235,No,NoIntersection,Normal,2Vehicles-Side,Route de la Grisière int,M,46.3455006479976,4.345457134503943
201800003209,NonLethal,2018-03-21,16:50:00,Daylight,710,513,No,T-type,Normal,2Vehicles-Side,RD86,M,46.40335027162588,4.402426326272189
201800003211,NonLethal,2018-04-17,17:25:00,Daylight,710,169,No,NoIntersection,Normal,2Vehicles-Side,D89,M,46.3001895755622,4.302160575842235
201800003213,NonLethal,2018-06-10,15:20:00,Daylight,710,250,Yes,NoIntersection,Normal,Other,A l'Orme,M,46.380552819580345,4.381205930385213
201800003216,NonLethal,2018-08-10,07:05:00,TwilightOrDawn,710,526,No,NoIntersection,Normal,NoCollision,d54,M,46.28767662187193,4.287925651987225
201800003217,NonLethal,2018-11-10,08:00:00,Daylight,710,583,No,NoIntersection,Normal,Other,route de juliénas,M,46.26547439906631,4.263548199965193
201800003218,NonLethal,2018-10-14,08:00:00,Daylight,710,236,Yes,Y-type,Normal,3+Vehicles-Multiple,rue de l'église,M,46.397852195724845,4.397864542517222
201800003219,NonLethal,2018-12-31,10:50:00,Daylight,710,556,Yes,NoIntersection,Normal,2Vehicles-Behind,D9O6,M,46.27126786525937,4.272204099850442
201800003222,NonLethal,2018-03-08,15:45:00,Daylight,710,150,Yes,T-type,Normal,2Vehicles-Behind,RD.906 PK 84+400,M,46.240209541974345,4.241659154889926
201800003224,NonLethal,2018-09-16,02:20:00,NightNoStreetLight,710,90,No,NoIntersection,Normal,Other,682 route des deschamps,M,46.21622082038825,4.217197652315503
201800003225,NonLethal,2018-10-31,11:00:00,Daylight,710,150,Yes,T-type,Overcast,2Vehicles-Side,intersection route des b,M,46.249059834707786,4.248516801465816
201800003227,NonLethal,2018-04-22,03:30:00,NightNoStreetLight,710,192,No,NoIntersection,Normal,NoCollision,Rue de Montoy,M,46.87798143298398,4.879212378217875
201800003229,NonLethal,2018-05-21,18:11:00,Daylight,710,411,No,NoIntersection,Normal,Other,lieu dit la praye,M,46.70618017249379,4.705520110320967
201800003230,NonLethal,2018-06-21,15:20:00,Daylight,710,555,No,NoIntersection,Normal,Other,RD 906,M,46.71600614959738,4.713600678343504
201800003231,NonLethal,2018-09-16,05:00:00,NightNoStreetLight,710,249,No,NoIntersection,Normal,Other,le paquier,M,46.64275233131595,4.646174680166984
201800003232,Lethal,2018-09-28,16:20:00,Daylight,710,328,No,NoIntersection,VeryGood,2Vehicles-BehindVehicles-Frontal,Chemin vicinal,M,46.62593907077164,4.6263279450831405
201800003233,Lethal,2018-04-14,02:30:00,NightStreelightsOff,710,106,No,NoIntersection,LightRain,Other,22 bis Rue du 8 juin 194,M,46.4376389823531,4.435331822416832
201800003234,NonLethal,2018-04-26,11:00:00,Daylight,710,358,No,NoIntersection,VeryGood,Other,RD7,M,46.47459305196361,4.4764082271231125
201800003236,NonLethal,2018-06-17,18:30:00,Daylight,710,106,Yes,T-type,Normal,2Vehicles-Side,Rue du 8 juin 1944,M,46.43844884560512,4.437983870489393
201800003237,NonLethal,2018-07-02,17:40:00,Daylight,710,86,No,NoIntersection,Normal,2Vehicles-Side,Lieu-dit La Vernelle,M,46.41030357655677,4.410138414785061
201800003238,Lethal,2018-07-31,14:00:00,Daylight,710,106,No,NoIntersection,Normal,2Vehicles-BehindVehicles-Frontal,RN79,M,46.44193092009264,4.443308254018224
201800003239,NonLethal,2018-08-06,15:25:00,Daylight,710,82,No,NoIntersection,Normal,2Vehicles-Behind,RN 79 - P.R 21+900,M,46.44281226641586,4.4420012893150975
201800003240,Lethal,2018-12-09,07:26:00,Daylight,710,86,No,NoIntersection,Normal,2Vehicles-BehindVehicles-Frontal,Lieu dit Rabutin,M,46.43853189534818,4.438600025002894
201800003241,NonLethal,2018-10-13,12:10:00,Daylight,710,433,No,NoIntersection,VeryGood,2Vehicles-BehindVehicles-Frontal,Départementale 270 - PK,M,46.38377194105648,4.383965950614106
201800003244,NonLethal,2018-06-29,16:10:00,Daylight,710,382,No,NoIntersection,Normal,3+Vehicles-Multiple,"lieu-dit ""st denis""",M,46.513389460678894,3.514379807384956
201800003245,NonLethal,2018-08-11,18:45:00,Daylight,710,230,Yes,NoIntersection,VeryGood,2Vehicles-BehindVehicles-Frontal,rue Jean Bouveri,M,46.59990490630984,4.599476015682251
201800003247,NonLethal,2018-09-10,15:00:00,Daylight,710,176,No,NoIntersection,Normal,NoCollision,RN 719 sens Moulin Macon,M,46.48598425777973,3.4836136912316014
201800003248,Lethal,2018-10-11,17:30:00,TwilightOrDawn,710,325,No,NoIntersection,LightRain,NoCollision,le reuil des veaux,M,46.49414028335637,3.495136475805204
201800003250,NonLethal,2018-11-25,05:05:00,NightStreelightsOn,710,176,Yes,X-type,Normal,2Vehicles-Side,avenue des platanes,M,46.48263352134308,3.484530883749489
201800003251,Lethal,2018-03-26,13:15:00,Daylight,710,393,No,NoIntersection,LightRain,Other,La mollerie,M,46.2170153685434,4.218317404478569
201800003252,NonLethal,2018-05-20,17:45:00,Daylight,710,71,No,NoIntersection,VeryGood,2Vehicles-Side,LES ROUSSINS,M,46.26967837344546,3.2700187238808764
201800003253,NonLethal,2018-05-27,10:30:00,Daylight,710,275,Yes,NoIntersection,Normal,Other,Rue du Général de Gaulle,M,46.27285190884323,4.27366418738015
201800003255,NonLethal,2018-05-09,10:30:00,Daylight,710,453,No,X-type,Normal,2Vehicles-BehindVehicles-Frontal,les chambons brennons,M,46.232431259569445,4.232267397004891
201800003256,NonLethal,2018-09-13,07:30:00,Daylight,710,434,No,NoIntersection,Normal,NoCollision,"LD ""'Parigny""",M,46.2337785656421,4.232820090588357
201800003257,NonLethal,2018-10-08,09:15:00,Daylight,710,510,No,NoIntersection,Normal,Other,"lieu dit"" corneloup""",M,46.2704494657915,4.267842174318267
201800003258,NonLethal,2018-09-10,07:05:00,TwilightOrDawn,710,11,No,Y-type,Normal,2Vehicles-Side,Haires,M,46.31766015779567,4.3154342267991685
201800003260,NonLethal,2018-10-22,10:30:00,Daylight,710,24,No,NoIntersection,Normal,NoCollision,d 982,M,46.308310434977294,4.309203174376085
201800003261,NonLethal,2018-01-09,16:20:00,TwilightOrDawn,710,590,No,X-type,LightRain,2Vehicles-Side,route du canal RD 974 in,M,46.46638143837527,4.469161251959974