AccidentId,Gravity,Date,Hour,Light,Department,Commune,InAgglomeration,IntersectionType,Weather,CollisionType,PostalAddress,GPSCode,Latitude,Longitude
201800003263,Lethal,2018-07-20,14:30:00,Daylight,710,588,No,NoIntersection,Normal,2Vehicles-BehindVehicles-Frontal,CD979,M,46.46826174288046,4.466931948829602
201800003265,Lethal,2018-09-05,08:25:00,Daylight,710,342,No,T-type,Normal,2Vehicles-Side,Lieudit Guichard - CD 97,M,46.44162053741051,4.442870329345849
201800003267,NonLethal,2018-04-21,16:30:00,Daylight,890,24,No,NoIntersection,Normal,2Vehicles-Behind,A6 pk 160+900,M,47.82735151208525,3.826775291025713
201800003268,NonLethal,2018-05-12,18:00:00,Daylight,890,167,No,NoIntersection,Normal,Other,A6 - 144+657,M,47.88055492208214,3.882791884889622
201800003269,NonLethal,2018-07-20,17:00:00,Daylight,890,37,No,Other,Normal,Other,autoroute A6 pk 132.340,M,47.91831139625191,3.917926276576553
201800003270,NonLethal,2018-06-01,04:10:00,NightNoStreetLight,890,274,No,NoIntersection,Normal,Other,A19 PK 011.250,M,48.19870283979572,3.1984468338171976
201800003272,NonLethal,2018-04-04,08:35:00,Daylight,890,342,No,NoIntersection,Normal,Other,A19 PK 4.6,M,48.24181552663477,3.2413859930320723
201800003274,NonLethal,2018-05-20,10:10:00,Daylight,890,255,No,NoIntersection,Normal,Other,A5 - PK 058.200,M,48.30830307345999,3.3069377073622457
201800003275,NonLethal,2018-06-05,12:50:00,Daylight,890,214,No,NoIntersection,Overcast,2Vehicles-Behind,A5 - PK 082.400,M,48.24815208535427,3.245927377264985
201800003276,NonLethal,2018-06-27,12:45:00,Daylight,890,480,No,NoIntersection,FogOrSmoke,3+Vehicles-Multiple,A5 PK 049.600,M,48.36070694845123,3.3604471271514167
201800003277,NonLethal,2018-07-07,11:25:00,Daylight,890,459,No,NoIntersection,Normal,Other,Autoroute A19 PK 18+350,M,48.14419374809005,3.144647146776188
201800003278,NonLethal,2018-07-19,22:45:00,NightNoStreetLight,890,350,No,NoIntersection,Normal,Other,A6,M,48.03107467276261,3.0298881453962
201800003281,Lethal,2018-09-27,04:30:00,NightNoStreetLight,890,390,No,NoIntersection,Normal,2Vehicles-Behind,A5 - PK 053.l92,M,48.34014295645555,3.3407778656104146
201800003282,NonLethal,2018-10-29,15:40:00,TwilightOrDawn,890,342,No,NoIntersection,LightRain,Other,A19 PK 004.750,M,48.24029773678775,3.241471649338977
201800003283,NonLethal,2018-03-11,00:10:00,NightNoStreetLight,890,298,No,NoIntersection,Normal,3+Vehicles-Multiple,A6 LYON-PARIS,M,48.04586313889395,3.045093476601484
201800003284,NonLethal,2018-11-18,18:40:00,NightNoStreetLight,890,298,No,NoIntersection,Normal,NoCollision,A6 PK 113.5OO,M,48.03917912063143,3.039245109267152
201800003285,NonLethal,2018-02-17,16:20:00,Daylight,890,337,No,NoIntersection,Normal,NoCollision,D956 entre ST BRIS LE VI,M,47.72900939253844,3.727791583447586
201800003287,NonLethal,2018-11-03,14:40:00,Daylight,890,295,Yes,X-type,Normal,2Vehicles-Side,GRANDE RUE - CARREFOUR D,M,47.81948039813972,3.818911109236538
201800003288,NonLethal,2018-04-27,17:57:00,Daylight,890,13,Yes,T-type,Normal,2Vehicles-Side,18 route d'Auxerre,M,47.8738271706594,3.874543919646447
201800003290,NonLethal,2018-11-05,10:00:00,Daylight,890,102,No,T-type,VeryGood,2Vehicles-Side,GREY,M,47.75675274304557,3.757019012790909
201800003291,NonLethal,2018-07-07,17:00:00,Daylight,890,83,No,NoIntersection,Normal,NoCollision,route des étangs,M,47.82159819805506,3.8204692185618994
201800003292,Lethal,2018-07-14,18:13:00,Daylight,890,438,No,NoIntersection,Normal,Other,rue de Curly,M,47.82785682640127,3.827050664653705
201800003293,NonLethal,2018-07-14,13:00:00,Daylight,890,13,No,NoIntersection,Normal,2Vehicles-Behind,D 606,M,47.89174259316919,3.8936303853458982
201800003294,Lethal,2018-05-08,05:30:00,TwilightOrDawn,890,23,No,NoIntersection,Normal,Other,RD606,M,47.78028289143418,3.7820995325181728
201800003295,NonLethal,2018-09-28,05:37:00,NightNoStreetLight,890,13,No,NoIntersection,Normal,Other,D19,M,47.871231464364925,3.872137717643237
201800003296,NonLethal,2018-10-10,06:15:00,NightNoStreetLight,890,77,No,Y-type,FogOrSmoke,2Vehicles-BehindVehicles-Frontal,D 606,M,47.74120424239226,3.742241289147483
201800003297,NonLethal,2018-10-14,16:25:00,Daylight,890,438,No,NoIntersection,Normal,2Vehicles-Side,N65 PK 2+100,M,47.79036751736984,3.791100761501531
201800003298,NonLethal,2018-10-25,18:15:00,Daylight,890,102,No,NoIntersection,Normal,NoCollision,D 965,M,47.77222917123033,3.773597285669111
201800003299,NonLethal,2018-11-05,18:20:00,NightNoStreetLight,890,83,No,NoIntersection,Normal,2Vehicles-Behind,D31,M,47.84679146808214,3.848234593150057
201800003300,NonLethal,2018-12-07,19:30:00,NightNoStreetLight,890,337,Yes,NoIntersection,LightRain,2Vehicles-BehindVehicles-Frontal,D 62,M,47.742776308283005,3.742431768116041
201800003301,NonLethal,2018-11-12,16:30:00,TwilightOrDawn,890,83,No,NoIntersection,Normal,2Vehicles-BehindVehicles-Frontal,rue des bruyères,M,47.84278957672634,3.842367478142641
201800003303,NonLethal,2018-04-02,01:17:00,NightStreelightsOff,890,206,No,NoIntersection,Normal,NoCollision,48 route de Chamvres,M,47.96476709690358,3.96861272258262
201800003304,NonLethal,2018-05-24,16:35:00,Daylight,890,206,Yes,NoIntersection,Normal,Other,quai du 1er dragon,M,47.98198705157435,3.981567757833832
201800003305,NonLethal,2018-06-19,07:00:00,Daylight,890,206,No,NoIntersection,Normal,2Vehicles-Side,RD 606,M,47.96744001683461,3.965940820334221
201800003307,Lethal,2018-09-20,19:30:00,TwilightOrDawn,890,206,Yes,T-type,Normal,2Vehicles-Side,Quai Henri RAGOBERT,M,47.981792638566674,3.9818690584007657
201800003308,Lethal,2018-09-11,13:19:00,Daylight,890,206,No,NoIntersection,Normal,Other,D943,M,47.97359480674356,3.9727499922745495
201800003309,NonLethal,2018-04-11,18:00:00,Daylight,890,152,No,NoIntersection,Normal,2Vehicles-BehindVehicles-Frontal,route départementale 606,M,47.95243768208932,3.9534930598657145
201800003310,NonLethal,2018-04-20,13:30:00,Daylight,890,257,Yes,NoIntersection,Normal,Other,2 rue Louis Riglet,M,47.96098872155649,3.961708257676095
201800003311,NonLethal,2018-04-21,16:50:00,Daylight,890,55,Yes,T-type,Normal,2Vehicles-Side,rue Marie Noël,M,47.99238856912121,3.992213635165061
201800003312,NonLethal,2018-05-13,17:10:00,Daylight,890,29,No,NoIntersection,Overcast,NoCollision,Départementale l64,M,47.91814287837189,3.918224440849383
201800003313,NonLethal,2018-01-06,16:10:00,Daylight,890,99,Yes,X-type,Normal,2Vehicles-Side,rue du pont,M,47.95533098172326,3.954816816970464
201800003314,NonLethal,2018-06-16,11:20:00,Daylight,890,55,No,Other,Normal,2Vehicles-Side,Départementale 84,M,47.97840260855741,3.979064216769739
201800003315,NonLethal,2018-06-16,15:35:00,Daylight,890,218,Yes,NoIntersection,Normal,2Vehicles-BehindVehicles-Frontal,rue georges guyot,M,47.96413488052301,3.9619393938378216
201800003317,NonLethal,2018-07-07,10:30:00,Daylight,890,257,Yes,T-type,Normal,2Vehicles-Side,place l'hotel de ville,M,47.96502204984741,3.9654217321859
201800003318,NonLethal,2018-09-13,13:20:00,Daylight,890,156,No,T-type,Normal,2Vehicles-Side,D943,M,47.98511038262699,3.9844861275751793
201800003319,NonLethal,2018-10-06,13:48:00,Daylight,890,257,Yes,Roundabout,Normal,2Vehicles-Behind,Ront point Sakharov,M,47.964405298325445,3.963519396737501
201800003320,NonLethal,2018-10-21,09:30:00,Daylight,890,85,No,NoIntersection,FogOrSmoke,2Vehicles-Side,D377,M,47.94142084048305,3.94038673147573
201800003321,NonLethal,2018-11-02,19:00:00,NightStreelightsOn,890,257,Yes,NoIntersection,Normal,Other,Rue du 04 septembre,M,47.97161620258724,3.968523619588709
201800003322,NonLethal,2018-11-21,19:24:00,NightNoStreetLight,890,218,No,NoIntersection,FogOrSmoke,Other,Lieu dit la perrière D94,M,47.96726727700977,3.9684877059958255
201800003323,NonLethal,2018-12-07,21:30:00,NightNoStreetLight,890,105,No,NoIntersection,LightRain,2Vehicles-Behind,D6O6,M,47.8972100035665,3.8947737419690593
201800003324,NonLethal,2018-11-08,10:10:00,Daylight,250,57,Yes,NoIntersection,Normal,Other,32 rue d'Héricourt,M,47.53335847857184,6.532474295691351
201800003325,NonLethal,2018-09-02,12:25:00,Daylight,250,632,Yes,NoIntersection,Overcast,2Vehicles-Side,5 rue du Mont Bart,M,47.47920083635749,6.4771342415548485
201800003326,NonLethal,2018-05-19,13:25:00,Daylight,250,48,Yes,Other,Normal,2Vehicles-Side,au niveau du 47 rue des,M,47.484516371113536,6.486644640002408
201800003327,NonLethal,2018-06-16,11:45:00,Daylight,250,540,No,NoIntersection,Normal,2Vehicles-Behind,RD683,M,47.54234702878405,6.543345670245052
201800003328,NonLethal,2018-06-30,10:40:00,Daylight,250,350,No,NoIntersection,Normal,NoCollision,départementale 298,M,47.478916987003,6.479809786261913
201800003329,NonLethal,2018-07-08,15:00:00,Daylight,250,632,Yes,Y-type,VeryGood,NoCollision,rue du pont,M,47.47447448901913,6.473552506159501
201800003330,NonLethal,2018-11-20,17:50:00,NightStreelightsOn,250,632,Yes,NoIntersection,Normal,Other,rue du pont,M,47.47420053521447,6.4743039739978085
201800003331,NonLethal,2018-11-25,18:45:00,NightStreelightsOn,250,632,Yes,Roundabout,Overcast,Other,1 grande rue,M,47.47387382854463,6.4742685884133815
201800003334,NonLethal,2018-06-08,22:40:00,NightNoStreetLight,250,446,No,NoIntersection,Normal,Other,D464,M,47.276519101784174,6.2775856869061375
201800003335,Lethal,2018-07-13,18:20:00,Daylight,250,505,No,NoIntersection,Normal,Other,D25,M,47.48865756604642,6.487066920868268
201800003337,Lethal,2018-10-19,22:00:00,NightNoStreetLight,250,3,Yes,NoIntersection,Normal,Other,rue de la paix,M,47.50013849861281,6.502007273688631
201800003338,NonLethal,2018-12-20,07:45:00,TwilightOrDawn,250,313,No,NoIntersection,LightRain,NoCollision,CD683,M,47.366855373200345,6.368197161118856
201800003339,NonLethal,2018-09-05,16:00:00,Daylight,40,70,Yes,Roundabout,Normal,2Vehicles-Side,AV COLONEL NOEL,M,44.07197613228014,6.070978068714872
201800003341,NonLethal,2018-05-20,06:50:00,TwilightOrDawn,40,70,Yes,NoIntersection,Normal,Other,AV DE VERDUN,M,44.09155407619793,6.091519678209772
201800003343,NonLethal,2018-08-07,19:55:00,Daylight,40,70,Yes,NoIntersection,Normal,Other,BD THIERS,M,44.09038233239873,6.089801733843965
201800003344,NonLethal,2018-08-25,18:15:00,Daylight,40,70,Yes,NoIntersection,Normal,3+Vehicles-Chain,RTE DE MARSEILLE,M,44.069793684922665,6.07006128758907
201800003345,NonLethal,2018-08-26,10:00:00,Daylight,40,70,Yes,Roundabout,Normal,2Vehicles-Side,RP DU 11 NOV 1918,M,44.09187238577812,6.091514935949465
201800003346,NonLethal,2018-09-28,17:35:00,Daylight,40,70,Yes,Roundabout,VeryGood,Other,RP 11 NOVEMBRE 1918,M,44.09137967837084,6.090312802207786
201800003347,NonLethal,2018-10-20,01:00:00,NightStreelightsOn,40,70,Yes,NoIntersection,Normal,Other,PLAN DE GAUBERT (RTE DU),M,44.07396622139112,6.073647144394105
201800003348,NonLethal,2018-10-20,10:25:00,Daylight,40,70,Yes,T-type,Normal,Other,INTERGASSENDI - HONNORAT,M,44.09232809330819,6.092815070711304
201800003349,NonLethal,2018-11-18,18:20:00,NightNoStreetLight,40,70,No,NoIntersection,Normal,NoCollision,,M,44.03610942462003,6.03676752848163
201800003350,NonLethal,2018-11-30,13:55:00,Daylight,40,70,No,NoIntersection,LightRain,2Vehicles-BehindVehicles-Frontal,,M,44.0772029495378,6.07858472133409
201800003351,NonLethal,2018-12-12,07:55:00,Daylight,40,70,Yes,NoIntersection,Normal,Other,NOEL (AV DU COL.),M,44.075228348151214,6.076345469012763
201800003352,NonLethal,2018-12-18,15:50:00,Daylight,40,70,Yes,Square,Normal,2Vehicles-Side,TAMPINET (PL. DU),M,44.092575091999976,6.0913017317407165
201800003353,NonLethal,2018-04-04,12:00:00,Daylight,390,437,No,NoIntersection,HeavyRain,NoCollision,D 27,M,46.73457728137209,5.733830800892376
201800003354,NonLethal,2018-07-14,13:30:00,Daylight,390,543,No,NoIntersection,VeryGood,2Vehicles-Side,,M,46.776956900444816,5.777209606525765
201800003355,NonLethal,2018-08-20,21:20:00,NightNoStreetLight,390,389,No,NoIntersection,Normal,2Vehicles-BehindVehicles-Frontal,,M,46.73471468299982,5.735626089295135
201800003356,NonLethal,2018-09-01,09:45:00,Daylight,390,540,No,NoIntersection,Normal,NoCollision,,M,46.82934988239478,5.828889951536138
201800003357,NonLethal,2018-09-25,09:00:00,Daylight,390,153,No,NoIntersection,Normal,3+Vehicles-Multiple,,M,46.71926900076818,5.719053161603189
201800003358,NonLethal,2018-11-12,17:55:00,NightNoStreetLight,390,364,Yes,NoIntersection,LightRain,Other,,M,46.80216077635905,5.800052877198627
201800003359,NonLethal,2018-12-20,17:05:00,NightStreelightsOn,390,97,Yes,NoIntersection,LightRain,Other,Av. de Lattre de Tass.,M,46.7473390187438,5.74738903801429
201800003360,NonLethal,2018-01-15,07:30:00,TwilightOrDawn,40,112,Yes,NoIntersection,Normal,Other,230 av St Maurice,M,43.80394556647022,5.806732117223013
201800003361,NonLethal,2018-02-07,20:30:00,NightNoStreetLight,40,112,No,NoIntersection,Normal,Other,Rue Léon Foucault,M,43.85322898366062,5.8539452270976176
201800003362,NonLethal,2018-03-02,19:50:00,NightNoStreetLight,40,112,Yes,NoIntersection,Normal,Other,,M,43.83958183580986,5.838438574633202
201800003363,NonLethal,2018-02-28,14:00:00,Daylight,40,112,No,NoIntersection,SnowOrHail,2Vehicles-BehindVehicles-Frontal,D907,M,43.8499983032049,5.851647240407855
201800003364,NonLethal,2018-02-05,08:50:00,Daylight,40,112,No,NoIntersection,Overcast,3+Vehicles-Multiple,,M,43.84384249921477,5.843225214737422
201800003365,NonLethal,2018-03-07,04:40:00,NightStreelightsOn,40,112,Yes,T-type,Normal,2Vehicles-Side,,M,43.83265162617156,5.831168265053044
201800003366,NonLethal,2018-03-10,13:50:00,Daylight,40,112,Yes,Roundabout,Normal,2Vehicles-Behind,,M,43.8199100007532,5.818086114177569
201800003367,NonLethal,2018-10-13,11:52:00,Daylight,40,112,Yes,X-type,Normal,2Vehicles-Side,INTER CASSIN-CABRIS,M,43.82114734993899,5.823586907904764
201800003368,NonLethal,2018-09-29,18:35:00,TwilightOrDawn,40,112,No,T-type,Normal,2Vehicles-Side,,M,43.83314548016896,5.832647095254324
201800003370,NonLethal,2018-05-11,06:55:00,Daylight,40,112,Yes,NoIntersection,Normal,2Vehicles-BehindVehicles-Frontal,,M,43.83955626392278,5.837130207995359
201800003371,NonLethal,2018-12-12,16:00:00,Daylight,40,112,Yes,NoIntersection,Normal,Other,SAINT MAURICE(AVENUE DE),M,43.80175045305355,5.802421593029273
201800003372,NonLethal,2018-12-29,10:05:00,Daylight,40,112,Yes,NoIntersection,Normal,Other,GIONO (AV. J.),M,43.83106796929796,5.831948236479461
201800003373,Lethal,2018-01-21,09:30:00,TwilightOrDawn,700,259,No,NoIntersection,LightRain,NoCollision,RUE DE ROYE,M,47.69975140111511,6.701426507354229
201800003374,NonLethal,2018-06-18,06:20:00,TwilightOrDawn,700,581,No,NoIntersection,FogOrSmoke,2Vehicles-BehindVehicles-Frontal,RD 486,M,47.6366223163046,6.635608871369095
201800003375,NonLethal,2018-04-07,18:00:00,Daylight,700,310,Yes,NoIntersection,Normal,2Vehicles-BehindVehicles-Frontal,36 avenue carnot,M,47.68287061269,6.682054116785963
201800003377,NonLethal,2018-12-12,19:40:00,NightNoStreetLight,700,310,Yes,NoIntersection,Normal,2Vehicles-BehindVehicles-Frontal,RD64,M,47.6833011326052,6.685384399303556
201800003379,NonLethal,2018-03-05,07:55:00,Daylight,700,402,No,NoIntersection,Normal,Other,RD67,M,47.53467092235785,5.53375922545604
201800003380,NonLethal,2018-04-28,21:00:00,NightNoStreetLight,700,185,No,NoIntersection,Normal,Other,RD 67 PK 38,M,47.39710013394805,5.397640883055725
201800003381,NonLethal,2018-05-22,10:05:00,Daylight,700,389,No,NoIntersection,Normal,2Vehicles-BehindVehicles-Frontal,RD 61 PK 5.950,M,47.39254066321003,5.392963806298403
201800003382,Lethal,2018-04-08,22:10:00,NightNoStreetLight,700,371,No,NoIntersection,Normal,Other,CD70 pk 20+800,M,47.499614212404985,5.501269118144955
201800003383,NonLethal,2018-10-18,19:55:00,NightStreelightsOn,700,26,Yes,NoIntersection,Normal,Other,"8, avenue Charles Couyba",M,47.45436499115564,5.456215783684003
201800003384,NonLethal,2018-10-27,17:10:00,Daylight,700,279,No,NoIntersection,Normal,NoCollision,Rd21 PK 003+050,M,47.41694829329396,5.4180234519397645
201800003385,NonLethal,2018-12-17,17:30:00,TwilightOrDawn,700,125,No,NoIntersection,Normal,3+Vehicles-Multiple,PK 6 RD 475,M,47.4053493372786,5.402578558672174
201800003386,NonLethal,2018-01-19,11:53:00,Daylight,380,34,No,X-type,Normal,2Vehicles-Side,Départementale 73,M,45.33666005519054,5.337785341258136
201800003387,NonLethal,2018-01-29,12:00:00,Daylight,260,332,No,Other,Overcast,2Vehicles-Side,A7,M,,
201800003388,NonLethal,2018-01-24,12:00:00,Daylight,260,41,No,NoIntersection,Normal,2Vehicles-Behind,A7,M,,
201800003390,NonLethal,2018-03-28,07:06:00,TwilightOrDawn,260,41,No,NoIntersection,Normal,3+Vehicles-Chain,A 7,M,,
201800003391,NonLethal,2018-12-04,21:30:00,NightNoStreetLight,260,325,No,NoIntersection,Normal,Other,A 7,M,,
201800003393,NonLethal,2018-06-06,08:15:00,Daylight,380,480,No,NoIntersection,Normal,Other,D75,M,45.56307028474868,4.560556442768616
201800003396,NonLethal,2018-06-26,08:00:00,Daylight,380,87,Yes,T-type,Normal,2Vehicles-Side,Inter D4/Chemin l'Islon,M,45.576953921380365,4.576690974100651
201800003397,NonLethal,2018-07-12,14:10:00,Daylight,260,332,No,NoIntersection,Normal,2Vehicles-Behind,A 7,M,,
201800003398,NonLethal,2018-08-11,06:20:00,TwilightOrDawn,380,468,No,NoIntersection,Normal,3+Vehicles-Chain,Autoroute A7,M,45.342865411915696,4.343465274024146
201800003399,NonLethal,2018-08-11,04:15:00,NightNoStreetLight,260,325,No,NoIntersection,Normal,2Vehicles-Behind,autoroute A7 PK 029+200,M,45.28549526657417,4.285066344395403
201800003400,NonLethal,2018-08-21,16:00:00,Daylight,260,2,No,NoIntersection,Normal,2Vehicles-Behind,Autoroute A7 SENS N/S PK,M,45.2379013429332,4.237715024814481
201800003403,Lethal,2018-09-11,16:52:00,Daylight,260,332,No,NoIntersection,Normal,Other,A7 - PK 039+300 - Sens S,M,45.19360804112164,4.193417145245292
201800003404,NonLethal,2018-02-12,17:50:00,NightNoStreetLight,260,41,No,NoIntersection,HeavyRain,3+Vehicles-Multiple,Autoroute A7,M,45.19875977630078,4.1988706476395485
201800003405,NonLethal,2018-12-12,14:50:00,Daylight,380,238,No,T-type,Normal,2Vehicles-Side,intersection D502/D38,M,45.502293162014986,5.503494105396236
201800003406,Lethal,2018-08-01,05:17:00,NightNoStreetLight,260,156,No,NoIntersection,Normal,2Vehicles-Behind,A 7,M,,
201800003407,NonLethal,2018-01-23,03:32:00,NightNoStreetLight,260,166,No,NoIntersection,Normal,2Vehicles-Behind,A7,M,,
201800003408,NonLethal,2018-02-02,08:34:00,Daylight,260,165,No,NoIntersection,Normal,NoCollision,A7,M,,
201800003409,Lethal,2018-09-02,21:10:00,NightNoStreetLight,260,124,No,NoIntersection,Normal,3+Vehicles-Multiple,A7,M,,
201800003410,NonLethal,2018-03-01,02:00:00,NightNoStreetLight,260,166,No,NoIntersection,SnowOrHail,3+Vehicles-Chain,A7,M,,
201800003411,NonLethal,2018-03-12,13:35:00,Daylight,260,72,No,NoIntersection,Normal,Other,A 7,M,,
201800003412,NonLethal,2018-03-14,12:15:00,Daylight,260,252,No,NoIntersection,Normal,NoCollision,AIRE A7 SENS SUD NORD,M,,
201800003413,NonLethal,2018-05-13,15:00:00,Daylight,260,252,No,NoIntersection,HeavyRain,NoCollision,A 7,M,,
201800003414,Lethal,2018-05-26,22:45:00,NightNoStreetLight,260,72,No,NoIntersection,Normal,Other,A 7,M,45.11967051109671,4.118034456094101
201800003415,NonLethal,2018-06-18,09:00:00,Daylight,260,166,No,NoIntersection,Normal,2Vehicles-Behind,A 7,M,,
201800003416,NonLethal,2018-06-29,20:50:00,Daylight,260,250,No,NoIntersection,Normal,2Vehicles-Side,A 7,M,,
201800003417,NonLethal,2018-10-07,15:00:00,Daylight,260,156,No,NoIntersection,Normal,2Vehicles-Behind,A 7,M,45.08647541094274,4.085424779327921
201800003418,NonLethal,2018-07-13,14:35:00,Daylight,260,252,No,NoIntersection,Normal,2Vehicles-Behind,A 7,M,,
201800003421,Lethal,2018-03-08,10:05:00,Daylight,260,337,No,NoIntersection,Normal,3+Vehicles-Chain,A 7,M,,
201800003422,NonLethal,2018-08-08,15:00:00,Daylight,260,337,No,NoIntersection,Normal,3+Vehicles-Multiple,A 7,M,,
201800003423,NonLethal,2018-08-18,02:00:00,NightNoStreetLight,260,362,No,NoIntersection,Normal,2Vehicles-Behind,A 7,M,,
201800003424,NonLethal,2018-08-30,20:52:00,NightNoStreetLight,260,362,No,NoIntersection,Normal,2Vehicles-Behind,A7 pk69+900,M,44.916751300308576,4.914875474541883
201800003425,NonLethal,2018-10-19,11:25:00,Daylight,260,165,No,NoIntersection,Normal,3+Vehicles-Multiple,A7,M,44.7853411958728,4.784415906000613
201800003428,NonLethal,2018-12-23,03:00:00,NightNoStreetLight,260,72,No,NoIntersection,FogOrSmoke,Other,A7,M,45.11942483852245,4.117911884045882
201800003429,NonLethal,2018-01-01,03:45:00,NightNoStreetLight,130,62,Yes,NoIntersection,Normal,2Vehicles-BehindVehicles-Frontal,CHEMIN DE CARRAIRE DE CA,M,43.42318142146228,5.423471068060325
201800003430,Lethal,2018-03-02,13:20:00,Daylight,130,62,No,NoIntersection,Normal,NoCollision,Route du Géant RD8,M,43.421349928724446,5.422648405787342
201800003432,NonLethal,2018-03-21,09:00:00,Daylight,130,60,No,Other,SnowOrHail,2Vehicles-Behind,4851 Route de la Côté d',M,43.49111357914162,5.49194711149218
201800003433,NonLethal,2018-04-05,14:45:00,Daylight,130,41,No,NoIntersection,Normal,3+Vehicles-Multiple,D7,M,43.47312396082486,5.470677375024601
201800003434,NonLethal,2018-01-06,12:10:00,Daylight,130,62,No,NoIntersection,Normal,2Vehicles-Side,RD7,M,43.42140942281297,5.422777574554983
201800003435,NonLethal,2018-10-05,19:00:00,NightNoStreetLight,130,41,No,NoIntersection,Normal,Other,D7,M,43.47165236831031,5.471959187260072
201800003436,NonLethal,2018-11-05,08:50:00,Daylight,130,60,No,X-type,LightRain,2Vehicles-Side,D6 C,M,43.47429909894764,5.473264634367341
201800003437,NonLethal,2018-12-19,07:45:00,TwilightOrDawn,130,41,Yes,NoIntersection,HeavyRain,Other,av. des anciens combatan,M,43.45444284396465,5.451364335406014
201800003438,NonLethal,2018-01-12,03:00:00,NightNoStreetLight,130,59,No,NoIntersection,Normal,NoCollision,D556,M,43.64291291164135,5.642416896381347
201800003439,NonLethal,2018-02-20,10:30:00,Daylight,130,59,Yes,T-type,VeryGood,Other,Avenue de la République,M,43.63299853531546,5.632027968881892
201800003441,NonLethal,2018-04-10,19:15:00,Daylight,130,48,No,NoIntersection,Normal,Other,"RD 561, Route de Rians",M,43.630212171544265,5.632171189920143
201800003446,NonLethal,2018-07-22,20:45:00,TwilightOrDawn,130,48,No,NoIntersection,Overcast,3+Vehicles-Multiple,RD952,M,43.69089912306063,5.691364510698278
201800003447,Lethal,2018-07-31,08:00:00,Daylight,130,99,No,NoIntersection,VeryGood,2Vehicles-Side,RD 952,M,43.68842451512141,5.687027777921939
201800003449,Lethal,2018-11-21,18:30:00,NightNoStreetLight,130,74,No,NoIntersection,Overcast,2Vehicles-BehindVehicles-Frontal,"RD 15, PK : 48+900",M,,
201800003451,Lethal,2018-12-26,10:40:00,Daylight,130,74,No,NoIntersection,Normal,2Vehicles-Side,d96,M,43.6463654918956,5.646300807836275
201800003452,NonLethal,2018-01-10,17:45:00,TwilightOrDawn,130,15,Yes,X-type,Normal,2Vehicles-BehindVehicles-Frontal,Avenue Pauline de SIMIAN,M,43.43677997259852,5.435955397107034
201800003453,NonLethal,2018-10-01,12:00:00,Daylight,130,107,No,NoIntersection,Normal,Other,route de gardanne,M,43.4420327987531,5.442886130558652
201800003454,NonLethal,2018-02-05,10:30:00,Daylight,130,15,Yes,NoIntersection,LightRain,2Vehicles-BehindVehicles-Frontal,Avenue Thiers,M,43.44876742651637,5.447213415776084
201800003455,NonLethal,2018-02-16,13:12:00,Daylight,130,15,No,NoIntersection,Normal,2Vehicles-Behind,Route de Gardanne,M,43.44399829626097,5.444095072594126
201800003456,NonLethal,2018-02-28,05:50:00,NightNoStreetLight,130,107,No,NoIntersection,SnowOrHail,Other,3 Clos du Roussillon RD6,M,43.43826438113257,5.435058854458092
201800003457,NonLethal,2018-12-03,20:30:00,NightStreelightsOn,130,15,Yes,NoIntersection,Normal,NoCollision,avenue du général de Gau,M,43.45132191438429,5.451217128878015
201800003458,NonLethal,2018-06-21,17:00:00,Daylight,130,15,No,Other,Normal,2Vehicles-Behind,D6,M,43.43181128184571,5.432020298975942
201800003459,NonLethal,2018-08-07,16:00:00,Daylight,130,107,Yes,T-type,Normal,2Vehicles-BehindVehicles-Frontal,ROUTE DE SIEGE,M,43.42919364819255,5.429026368600974
201800003460,Lethal,2018-08-31,08:35:00,Daylight,130,15,Yes,NoIntersection,Normal,2Vehicles-Behind,avenue de la croix d'or,M,43.45485200254905,5.453967511251248
201800003461,NonLethal,2018-09-27,21:20:00,NightNoStreetLight,130,107,No,NoIntersection,Normal,Other,RD6,M,43.43266636590618,5.432719118118025
201800003462,NonLethal,2018-10-02,17:55:00,Daylight,130,15,Yes,T-type,Normal,2Vehicles-Side,AVENUE THIERS,M,43.447853547509496,5.446840538468913
201800003463,NonLethal,2018-02-16,06:00:00,TwilightOrDawn,130,110,No,NoIntersection,FogOrSmoke,Other,Route de St-Maximin,M,43.45257747516049,5.451657337045209
201800003464,NonLethal,2018-10-24,11:45:00,Daylight,130,110,Yes,X-type,Normal,2Vehicles-Side,Route de PUYLOUBIER,M,43.45814493638468,5.458860663675643
201800003465,NonLethal,2018-11-15,17:30:00,TwilightOrDawn,130,110,No,Y-type,Normal,3+Vehicles-Multiple,cd6,M,43.45285187442639,5.451948552906192
201800003466,NonLethal,2018-12-14,04:15:00,NightNoStreetLight,130,72,No,NoIntersection,Normal,NoCollision,rue du chene de louiset,M,43.44751699904355,5.447900001536887