AccidentId,Gravity,Date,Hour,Light,Department,Commune,InAgglomeration,IntersectionType,Weather,CollisionType,PostalAddress,GPSCode,Latitude,Longitude
201800003467,NonLethal,2018-12-21,11:25:00,Daylight,130,72,No,NoIntersection,Normal,3+Vehicles-Multiple,D6,M,43.46114878068662,5.460969469532902
201800003469,Lethal,2018-03-19,03:20:00,NightNoStreetLight,130,4,No,Other,Normal,2Vehicles-Side,E80 & N113,M,43.64107412814766,4.639984585489037
201800003470,NonLethal,2018-04-06,07:45:00,Daylight,130,4,No,NoIntersection,Normal,Other,RD 572 N,M,43.678289350096655,4.6782372551191065
201800003471,NonLethal,2018-12-06,12:45:00,Daylight,130,4,No,NoIntersection,Normal,Other,RN 572,M,43.68339113795802,4.684397093938766
201800003472,NonLethal,2018-07-08,23:00:00,NightNoStreetLight,130,4,No,T-type,Normal,2Vehicles-Side,13280 Moulès,M,43.66693664742464,4.66560765192024
201800003473,NonLethal,2018-08-03,16:50:00,Daylight,130,4,No,NoIntersection,Normal,Other,route de Saint-Gilles,M,43.68249211831925,4.682767146726047
201800003474,NonLethal,2018-08-14,20:00:00,Daylight,130,4,No,T-type,Normal,Other,N570 - ALBARON,M,43.63707589468918,4.63484809166668
201800003475,NonLethal,2018-10-10,12:40:00,Daylight,130,4,No,Other,LightRain,Other,RN 113,M,43.63875186148335,4.640070527819911
201800003476,Lethal,2018-12-02,01:49:00,NightNoStreetLight,130,4,No,NoIntersection,Normal,3+Vehicles-Chain,RN113 - PR 69 + 50,M,43.65179072386912,4.650020998214818
201800003477,NonLethal,2018-12-14,21:55:00,NightNoStreetLight,130,4,No,NoIntersection,Normal,2Vehicles-Behind,RN568,M,43.62166318086445,4.622872734468252
201800003478,NonLethal,2018-01-30,21:10:00,NightStreelightsOn,130,27,Yes,NoIntersection,Normal,Other,Chemin de la croix du vi,M,43.87536250418392,4.874796921222159
201800003479,NonLethal,2018-03-04,19:15:00,NightStreelightsOn,130,27,Yes,NoIntersection,HeavyRain,Other,chemin du barret,M,43.88804846775174,4.886569513970474
201800003480,NonLethal,2018-05-05,20:50:00,TwilightOrDawn,130,27,No,NoIntersection,Normal,NoCollision,2797 route d'Avignon,M,43.89498841039559,4.894478762181406
201800003481,NonLethal,2018-05-18,17:45:00,Daylight,130,27,Yes,X-type,Normal,2Vehicles-Side,boulevard Ernest Genevet,M,43.886261801627086,4.887290043687443
201800003482,NonLethal,2018-05-21,14:10:00,Daylight,130,66,No,NoIntersection,Normal,2Vehicles-Side,105 Ch de la Muscadelle,M,43.869973209056006,4.868238500252783
201800003483,NonLethal,2018-05-25,18:00:00,Daylight,130,27,Yes,X-type,Normal,2Vehicles-Behind,83 Av G. de Gaulle,M,43.88386622659626,4.8855538569501
201800003484,NonLethal,2018-02-06,19:30:00,TwilightOrDawn,130,27,No,NoIntersection,Normal,Other,RD571,M,43.89350693548634,4.89434717594264
201800003485,NonLethal,2018-07-22,10:40:00,Daylight,130,27,No,X-type,Normal,2Vehicles-Side,D34,M,43.85762474079313,4.858911156926015
201800003486,NonLethal,2018-07-31,14:15:00,Daylight,130,66,No,NoIntersection,Normal,2Vehicles-BehindVehicles-Frontal,route de chateaurenard,M,43.88371714167129,4.883752356676478
201800003487,NonLethal,2018-09-18,18:30:00,TwilightOrDawn,130,27,No,X-type,Normal,2Vehicles-Side,RD34,M,43.880229612277006,4.880480232756423
201800003488,NonLethal,2018-10-04,18:40:00,Daylight,130,66,No,NoIntersection,Normal,2Vehicles-Behind,ROUTE DE CHATEAURENARD,M,43.88735071255629,4.88709690345052
201800003489,NonLethal,2018-11-26,08:30:00,TwilightOrDawn,130,27,No,NoIntersection,FogOrSmoke,2Vehicles-Side,D571,M,43.89596452674517,4.895626697788743
201800003490,NonLethal,2018-05-04,15:10:00,Daylight,130,96,No,NoIntersection,Normal,2Vehicles-Side,RD38,M,43.45355792540466,4.4558301173623045
201800003491,NonLethal,2018-09-03,13:15:00,Daylight,130,96,No,NoIntersection,Normal,2Vehicles-BehindVehicles-Frontal,D570,M,43.563971492576734,4.565597821654449
201800003492,NonLethal,2018-09-20,10:45:00,Daylight,130,96,No,NoIntersection,Normal,NoCollision,RD 38C,M,43.55020944944104,4.551412875818959
201800003493,NonLethal,2018-10-21,05:30:00,NightNoStreetLight,130,96,No,NoIntersection,Normal,Other,"Hotel de l'estel, D38",M,43.45901016266398,4.459334987257805
201800003494,NonLethal,2018-11-11,01:10:00,NightNoStreetLight,130,96,No,NoIntersection,LightRain,Other,RD 85A,M,43.497041750980046,4.495637044874268
201800003495,NonLethal,2018-01-16,04:20:00,NightNoStreetLight,130,97,No,NoIntersection,LightRain,Other,D24 - Etang des Aulnes,M,43.60240537226604,4.603780798880842
201800003497,NonLethal,2018-04-06,14:45:00,Daylight,130,97,No,NoIntersection,Normal,2Vehicles-Behind,8 Av M. Berthelot,M,43.62896850930692,4.629368573525616
201800003498,NonLethal,2018-04-24,06:30:00,TwilightOrDawn,130,4,No,NoIntersection,Normal,Other,Route de Raphele À Mas-T,M,43.58524385906361,4.586577805109238
201800003499,NonLethal,2018-12-05,19:15:00,Daylight,130,4,No,NoIntersection,Normal,Other,CD 35,M,43.5307143270572,4.527902403183253
201800003500,NonLethal,2018-05-20,17:45:00,Daylight,130,97,No,NoIntersection,Normal,Other,D24 - Route de Mouries,M,43.65138814577757,4.6498416005873615
201800003501,NonLethal,2018-03-06,11:15:00,Daylight,130,97,No,Roundabout,Normal,2Vehicles-Side,Av de Markroningen,M,43.64276915010504,4.641224748539783
201800003504,NonLethal,2018-06-09,12:40:00,Daylight,130,97,No,NoIntersection,LightRain,3+Vehicles-Multiple,D 453,M,43.63310935522912,4.634832002982972
201800003505,NonLethal,2018-09-09,14:30:00,Daylight,130,97,Yes,Square,Normal,Other,Avenue de MarkGroningen,M,43.64309711756537,4.644231509700814
201800003506,NonLethal,2018-09-16,19:00:00,Daylight,130,97,No,NoIntersection,Normal,Other,Route Nationale 568,M,43.53226044688469,4.5327225561515245
201800003507,NonLethal,2018-10-29,20:10:00,NightNoStreetLight,130,97,No,T-type,HeavyRain,2Vehicles-Side,RN 568,M,43.61242374769298,4.6116567108794495
201800003508,NonLethal,2018-12-19,18:30:00,NightNoStreetLight,130,97,No,NoIntersection,Overcast,NoCollision,RN 568,M,,
201800003509,NonLethal,2018-01-13,11:00:00,Daylight,130,100,Yes,NoIntersection,Normal,Other,46 Av Vincent Van Gogh,M,43.77835646589514,4.776845603438911
201800003510,NonLethal,2018-01-12,21:22:00,NightNoStreetLight,130,100,Yes,NoIntersection,Normal,Other,Route d'Eyragues,M,43.79980197379342,4.798739379434978
201800003512,NonLethal,2018-02-24,06:15:00,NightNoStreetLight,130,100,No,NoIntersection,Normal,NoCollision,RD 99 - PK11+460,M,,
201800003513,NonLethal,2018-02-23,23:15:00,NightNoStreetLight,130,100,No,NoIntersection,Normal,Other,Route de maillane,M,43.80815395567483,4.808479645358569
201800003514,Lethal,2018-10-03,17:50:00,Daylight,130,100,No,NoIntersection,Normal,2Vehicles-BehindVehicles-Frontal,CD5 ROUTE DE MAILLANE,M,43.79732375264,4.796712476884749
201800003515,NonLethal,2018-03-28,15:15:00,Daylight,130,100,No,X-type,Normal,2Vehicles-Behind,Route d'Avignon  D57l,M,43.80784057395499,4.804025838756933
201800003516,NonLethal,2018-04-10,17:30:00,Daylight,130,100,No,NoIntersection,Normal,2Vehicles-Behind,route d'Orgon,M,,
201800003517,NonLethal,2018-03-06,18:15:00,Daylight,130,100,No,X-type,Normal,2Vehicles-Side,Intersection,M,43.804925619977205,4.80389909880633
201800003518,NonLethal,2018-06-14,15:45:00,Daylight,130,100,No,T-type,Normal,3+Vehicles-Multiple,CD 99 - route de tarscon,M,43.79773219408167,4.795854180812449
201800003519,NonLethal,2018-07-06,15:40:00,Daylight,130,100,Yes,T-type,Normal,2Vehicles-Side,avenue de la libération,M,43.79010032482243,4.789495076068378
201800003521,Lethal,2018-07-28,16:00:00,Daylight,130,94,Yes,NoIntersection,Normal,Other,CD 99 ROUTE DE TARASCON,M,43.78611772076656,4.785835948785123
201800003522,NonLethal,2018-11-11,01:30:00,NightStreelightsOn,130,100,Yes,NoIntersection,LightRain,Other,av Edouard Herriot,M,43.79264549598166,4.790981578135152
201800003523,NonLethal,2018-02-03,06:50:00,NightNoStreetLight,130,4,Yes,NoIntersection,SnowOrHail,2Vehicles-BehindVehicles-Frontal,"CD 36 - ,LE SAMBUC",M,43.44422137688941,4.444162420085028
201800003526,NonLethal,2018-06-16,16:30:00,Daylight,130,30,No,NoIntersection,LightRain,2Vehicles-BehindVehicles-Frontal,"RD8n, col de l'ange",M,43.26325169622057,5.263788102526938
201800003527,NonLethal,2018-08-02,15:20:00,Daylight,130,30,Yes,NoIntersection,Normal,2Vehicles-BehindVehicles-Frontal,Route departementale 8 N,M,43.27470204169952,5.273241916117856
201800003528,NonLethal,2018-09-23,10:50:00,Daylight,130,30,No,NoIntersection,Normal,2Vehicles-BehindVehicles-Frontal,D8N PR 055+700,M,43.27704880436135,5.276845637501226
201800003529,NonLethal,2018-10-21,14:20:00,Daylight,130,42,No,NoIntersection,Normal,2Vehicles-BehindVehicles-Frontal,PK28.5 - RD2 - Col de l',M,43.31451004703964,5.31329447309577
201800003530,NonLethal,2018-12-22,03:05:00,NightStreelightsOn,130,42,Yes,NoIntersection,Other,Other,boulevard 1er division,M,43.29508313581685,5.295315367086084
201800003532,NonLethal,2018-12-22,07:30:00,NightNoStreetLight,130,30,No,NoIntersection,Normal,Other,D8N,M,43.26713494658064,5.268131941568501
201800003533,Lethal,2018-02-08,11:35:00,Daylight,130,22,No,NoIntersection,Normal,2Vehicles-BehindVehicles-Frontal,Av des Albizzi,M,43.236455097345285,5.237079084310513
201800003534,NonLethal,2018-05-11,18:30:00,Daylight,130,22,Yes,NoIntersection,Normal,Other,avenue des albizzis,M,43.22635638151134,5.227923035287306
201800003535,NonLethal,2018-05-23,14:45:00,Daylight,130,22,No,NoIntersection,Normal,NoCollision,Route des Cretes RD 141,M,43.20258537490592,5.2038937701686265
201800003536,NonLethal,2018-05-29,14:40:00,Daylight,130,22,Yes,NoIntersection,Normal,Other,avenue de La Marne,M,43.22258130653932,5.222112236639763
201800003537,NonLethal,2018-05-08,21:30:00,NightNoStreetLight,130,22,Yes,NoIntersection,Normal,2Vehicles-BehindVehicles-Frontal,avenue emile bodin,M,43.221968718165954,5.224121900934455
201800003538,NonLethal,2018-05-09,08:45:00,Daylight,130,23,No,Other,Normal,2Vehicles-Side,RD3,M,43.22396278368184,5.223753343749845
201800003539,NonLethal,2018-09-17,20:30:00,NightNoStreetLight,130,22,No,NoIntersection,Normal,2Vehicles-BehindVehicles-Frontal,ROUTE DÉPARTEMENTALE 559,M,43.2307730173342,5.232760520090213
201800003540,NonLethal,2018-02-20,15:30:00,Daylight,130,85,No,NoIntersection,Normal,2Vehicles-Side,D41C,M,,
201800003544,NonLethal,2018-07-24,18:30:00,Daylight,130,85,No,NoIntersection,Normal,2Vehicles-BehindVehicles-Frontal,D559 A - Route d'Aubagne,M,43.25299395899126,5.254791039507303
201800003545,NonLethal,2018-09-13,16:40:00,Daylight,130,85,Yes,NoIntersection,Normal,Other,Allée Paul Vaillant-cout,M,43.24896820253471,5.248705476778555
201800003546,NonLethal,2018-09-19,17:55:00,Daylight,130,85,No,NoIntersection,Normal,NoCollision,RD 3D - Domaine de Fontb,M,43.24703722086475,5.2486390192678085
201800003548,NonLethal,2018-04-22,17:25:00,Daylight,130,46,No,NoIntersection,Normal,2Vehicles-BehindVehicles-Frontal,RD 46A,M,43.419430080771264,5.421394048241543
201800003549,NonLethal,2018-12-10,23:20:00,NightNoStreetLight,130,13,No,NoIntersection,Normal,2Vehicles-Side,DN 96,M,43.41922660003614,5.419958330896777
201800003550,NonLethal,2018-03-12,22:10:00,NightNoStreetLight,130,13,No,NoIntersection,Normal,Other,RD 96,M,43.417536479770185,5.4197060528904535
201800003551,NonLethal,2018-05-12,13:00:00,Daylight,130,101,Yes,T-type,Normal,2Vehicles-Side,chemin départemental 46,M,43.41294878437249,5.4136877316309295
201800003552,NonLethal,2018-05-01,16:45:00,Daylight,130,7,Yes,T-type,Normal,Other,D45A,M,43.35835393577519,5.358851075921796
201800003553,NonLethal,2018-07-02,19:45:00,NightStreelightsOn,130,31,Yes,NoIntersection,Normal,Other,205 Av des Marronniers,M,43.39054921656732,5.388208121479132
201800003554,NonLethal,2018-02-09,15:30:00,Daylight,130,86,Yes,NoIntersection,Normal,Other,avenue elsa triolet,M,43.34645990207,5.346484356115052
201800003555,NonLethal,2018-02-16,21:00:00,NightStreelightsOn,130,16,Yes,T-type,Normal,2Vehicles-Behind,AVENUE DU BIGARRON,M,43.39371540898675,5.392386361367661
201800003556,NonLethal,2018-03-06,17:30:00,Daylight,130,7,No,NoIntersection,Normal,2Vehicles-BehindVehicles-Frontal,Départementale 56O,M,43.36893559948142,5.368785513704723
201800003557,NonLethal,2018-03-20,13:15:00,Daylight,130,7,Yes,NoIntersection,Normal,Other,rue Marius Pascau,M,43.37015016422001,5.3698621261087975
201800003558,NonLethal,2018-04-07,22:10:00,NightNoStreetLight,130,86,No,NoIntersection,StrongWindOrStorm,NoCollision,RD96 vallon saint vincen,M,43.35823294038846,5.357538397429198
201800003560,NonLethal,2018-05-17,13:45:00,Daylight,130,86,No,NoIntersection,Overcast,2Vehicles-BehindVehicles-Frontal,57 Av des Alliés,M,43.33360821590427,5.335401709188782
201800003561,NonLethal,2018-06-02,19:30:00,Daylight,130,86,Yes,T-type,Normal,NoCollision,803 val de Riou Pont,M,43.32603520771415,5.326717622031947
201800003562,NonLethal,2018-07-26,09:15:00,Daylight,130,16,Yes,T-type,Normal,2Vehicles-Side,Chemin de magne,M,43.39347577419171,5.392865163871956
201800003563,NonLethal,2018-08-20,11:40:00,Daylight,130,7,No,T-type,Normal,2Vehicles-Side,RD560,M,43.36492244976898,5.365872079895076
201800003564,NonLethal,2018-09-22,16:40:00,Daylight,130,7,No,NoIntersection,Normal,2Vehicles-Behind,D 45 a,M,43.331623292865714,5.332250365765158
201800003566,NonLethal,2018-11-15,15:00:00,Daylight,130,7,No,Other,Normal,NoCollision,RD 45A,M,43.34149816559167,5.342751080924855
201800003567,NonLethal,2018-05-04,00:30:00,NightNoStreetLight,130,112,No,Roundabout,Normal,NoCollision,Départementale 10,M,43.52243413461091,5.52367311912082
201800003568,NonLethal,2018-05-20,10:00:00,Daylight,130,92,Yes,T-type,Normal,2Vehicles-Side,RD10,M,43.52764974441382,5.527765909450355
201800003569,NonLethal,2018-04-10,09:30:00,Daylight,130,14,Yes,NoIntersection,Normal,Other,"16, avenue de la Libérat",M,43.47744797207823,5.478576261915309
201800003570,NonLethal,2018-09-27,14:00:00,Daylight,130,81,No,NoIntersection,Normal,2Vehicles-Behind,D 113,M,43.51153864801224,5.510495405283338
201800003571,NonLethal,2018-08-11,12:20:00,Daylight,130,92,No,NoIntersection,Normal,3+Vehicles-Multiple,"RD10, lieu dit le canet",M,43.53034593535477,5.53045903875666
201800003572,Lethal,2018-02-12,22:20:00,NightNoStreetLight,130,14,No,NoIntersection,Overcast,Other,route de saint chamas se,M,43.50551800335814,5.50641750007405
201800003573,NonLethal,2018-11-12,18:25:00,NightStreelightsOn,130,14,No,NoIntersection,Normal,2Vehicles-Side,route départementale 113,M,43.52929296893785,5.533355951292339
201800003574,NonLethal,2018-12-21,14:00:00,Daylight,130,14,Yes,NoIntersection,Normal,2Vehicles-Side,avenue roger salengro,M,43.4778515503565,5.4792641994204025
201800003575,NonLethal,2018-05-01,16:30:00,Daylight,130,49,No,T-type,Normal,2Vehicles-Behind,D 17d - Quartier Les Cad,M,43.70218704974565,5.70232278140699
201800003576,Lethal,2018-01-27,23:45:00,NightNoStreetLight,130,3,No,Y-type,Overcast,3+Vehicles-Multiple,intersection D23 avec D7,M,43.72029865122706,5.719082635994536
201800003577,NonLethal,2018-06-30,00:45:00,NightNoStreetLight,130,49,No,NoIntersection,Normal,2Vehicles-BehindVehicles-Frontal,RD 17 D,M,43.70498330367384,5.7059862460617
201800003578,NonLethal,2018-10-19,22:40:00,NightNoStreetLight,130,53,No,Y-type,Normal,2Vehicles-Side,Quartier Pont Royal,M,43.71346191619884,5.713981455325122
201800003579,NonLethal,2018-02-17,09:45:00,Daylight,130,115,No,NoIntersection,LightRain,2Vehicles-BehindVehicles-Frontal,D22b PR 5+100,M,43.6918904830116,5.691961438307782
201800003580,Lethal,2018-03-13,19:20:00,NightNoStreetLight,130,53,No,NoIntersection,Normal,Other,RD 7N,M,,
201800003581,NonLethal,2018-01-14,07:10:00,TwilightOrDawn,130,18,No,NoIntersection,Normal,2Vehicles-BehindVehicles-Frontal,CD 26,M,43.85762099615716,4.858378470387542
201800003583,NonLethal,2018-01-28,05:50:00,NightNoStreetLight,130,89,No,X-type,Normal,2Vehicles-Side,croisement RD7N chemin d,M,43.81974932740479,4.819158774694138
201800003584,NonLethal,2018-03-30,21:30:00,NightStreelightsOn,130,89,Yes,NoIntersection,LightRain,2Vehicles-BehindVehicles-Frontal,RD7 N,M,43.82934757780982,4.831022766658461
201800003585,NonLethal,2018-04-07,11:20:00,Daylight,130,76,No,X-type,Normal,2Vehicles-Side,RD7N,M,43.80125298747805,5.8005184932517615
201800003588,NonLethal,2018-05-10,17:37:00,Daylight,130,18,No,NoIntersection,Normal,NoCollision,1 Ch du Réal,M,43.8613726069368,4.859427856629633
201800003589,NonLethal,2018-07-05,12:45:00,Daylight,130,67,Yes,NoIntersection,Normal,2Vehicles-Behind,RD7N,M,43.79292364297989,5.795071439430979
201800003590,NonLethal,2018-07-14,19:50:00,Daylight,130,18,Yes,NoIntersection,Normal,Other,596 Chemin du barrié,M,43.85836789613572,4.859883751041314
201800003591,NonLethal,2018-07-27,17:50:00,Daylight,130,76,Yes,NoIntersection,Normal,NoCollision,ALLÉE DES ETOURNEAUX,M,43.819029321322574,5.8208123930844895
201800003592,NonLethal,2018-09-07,22:40:00,NightStreelightsOn,130,89,Yes,X-type,Normal,2Vehicles-Side,D24,M,43.83524127764544,4.836090556049665
201800003593,NonLethal,2018-09-26,20:15:00,NightNoStreetLight,130,67,No,T-type,Normal,2Vehicles-Side,D569,M,43.76762610213309,5.766095212976229
201800003595,NonLethal,2018-10-11,17:55:00,NightNoStreetLight,130,76,No,X-type,Normal,3+Vehicles-Multiple,Chemin du moulin du plan,M,43.80230822010439,5.800125362098868
201800003596,Lethal,2018-07-12,17:45:00,NightNoStreetLight,130,67,No,NoIntersection,Normal,Other,RD7N - route de Marseill,M,43.797478341450265,5.797463998912709
201800003597,NonLethal,2018-01-22,18:10:00,NightStreelightsOn,130,81,Yes,T-type,Normal,2Vehicles-Side,Av de Sarragousse,M,43.48687033493903,5.487619683492229
201800003599,NonLethal,2018-06-24,15:45:00,Daylight,130,81,Yes,T-type,Normal,2Vehicles-Side,RD 113 - boulevard de la,M,43.48325521908183,5.48195784566352
201800003600,NonLethal,2018-07-04,11:36:00,Daylight,130,81,Yes,T-type,Normal,Other,boulevard jean Jaurès,M,43.48588828326793,5.488617407726594
201800003601,NonLethal,2018-09-07,08:30:00,Daylight,130,81,No,NoIntersection,Normal,2Vehicles-Side,RD 113,M,43.49478239753852,5.495943759111552
201800003602,NonLethal,2018-11-07,05:45:00,TwilightOrDawn,130,81,Yes,NoIntersection,Normal,2Vehicles-Side,D113 face au mix club,M,43.485229813018215,5.487968384670326
201800003603,NonLethal,2018-10-09,13:20:00,Daylight,130,81,Yes,NoIntersection,Normal,2Vehicles-Side,Avenue Victor Hugo,M,43.49240187160378,5.490711029065358
201800003604,NonLethal,2018-09-10,17:05:00,Daylight,130,81,No,NoIntersection,Normal,3+Vehicles-Chain,D113,M,43.488785495584565,5.487524500645602
201800003605,NonLethal,2018-11-10,10:45:00,Daylight,130,81,No,Roundabout,Normal,2Vehicles-Behind,D20,M,43.50429333686101,5.50454421700792
201800003606,NonLethal,2018-12-10,22:50:00,NightStreelightsOn,130,81,Yes,NoIntersection,Normal,Other,avenue des amandiers,M,43.5144892817589,5.514020580623219
201800003607,NonLethal,2018-12-14,23:50:00,NightNoStreetLight,130,81,No,NoIntersection,Normal,NoCollision,RD 113 N - Chemin rurale,M,43.50710838728406,5.505906082297213
201800003608,NonLethal,2018-02-18,12:00:00,Daylight,130,82,No,T-type,Normal,3+Vehicles-Multiple,D543,M,43.68579354439916,5.6830974099507685
201800003611,Lethal,2018-08-07,05:00:00,TwilightOrDawn,130,50,No,NoIntersection,Normal,NoCollision,Chemin de laval,M,43.66723784256088,5.668120422660066
201800003612,NonLethal,2018-07-22,06:30:00,TwilightOrDawn,130,50,No,NoIntersection,Normal,Other,D7N,M,43.668871813610224,5.668076454167785
201800003613,NonLethal,2018-07-09,16:00:00,Daylight,130,84,No,NoIntersection,VeryGood,2Vehicles-Behind,RD561,M,43.72345399401036,5.724037088904766
201800003614,NonLethal,2018-03-15,18:13:00,TwilightOrDawn,40,34,No,NoIntersection,LightRain,3+Vehicles-Multiple,,M,43.94719968740393,5.94791032957389
201800003615,NonLethal,2018-04-15,18:50:00,Daylight,40,77,No,NoIntersection,Normal,NoCollision,,M,43.939666191269,6.936181602332727
201800003616,NonLethal,2018-05-03,13:20:00,Daylight,40,143,No,T-type,Normal,2Vehicles-Side,CHEMIN DES JONCS,M,43.92307612116151,5.925102672427296
201800003617,NonLethal,2018-11-06,10:10:00,Daylight,40,143,Yes,NoIntersection,Normal,Other,ALLÉES ARTHUR GOUIN,M,43.9116580278443,5.912535249712968
201800003618,Lethal,2018-06-28,13:30:00,Daylight,40,143,No,NoIntersection,Normal,Other,,M,43.93559816016064,5.934831398886023
201800003619,NonLethal,2018-07-12,09:45:00,Daylight,40,41,No,NoIntersection,Normal,Other,LIEU-DIT TAILLAS,M,43.89182580583427,5.892257410028063
201800003620,NonLethal,2018-07-26,19:15:00,Daylight,40,143,Yes,NoIntersection,HeavyRain,Other,AV ABDON MARTIN,M,43.9180802678495,5.916954130153192
201800003621,Lethal,2018-10-27,14:30:00,Daylight,40,242,No,NoIntersection,LightRain,2Vehicles-BehindVehicles-Frontal,,M,43.898006691670815,5.897702361730401
201800003622,NonLethal,2018-02-05,17:25:00,Daylight,40,19,Yes,NoIntersection,Overcast,Other,AVENUE EMILE AUBERT,M,44.38373884995589,6.384359480997849
201800003623,NonLethal,2018-06-18,01:20:00,NightStreelightsOff,40,19,Yes,NoIntersection,Normal,NoCollision,,M,44.3797667227922,6.377262704404681
201800003624,NonLethal,2018-06-13,11:15:00,Daylight,40,96,Yes,NoIntersection,Normal,3+Vehicles-Chain,,M,44.42925365716674,6.4262266214344805
201800003625,NonLethal,2018-06-26,05:00:00,TwilightOrDawn,40,96,Yes,NoIntersection,Normal,Other,,M,44.41562399664018,6.416728116125405
201800003626,NonLethal,2018-01-07,12:40:00,Daylight,40,96,No,NoIntersection,Normal,NoCollision,COL DE LA BONETTE 1,M,44.32161909055878,6.3212502792857
201800003627,NonLethal,2018-08-17,16:00:00,Daylight,40,96,No,NoIntersection,Overcast,Other,RTE RESTEFOND,M,44.37502762383005,6.375239349929416
201800003628,NonLethal,2018-08-27,18:35:00,Daylight,40,120,No,NoIntersection,Normal,NoCollision,COL DE LARCHE,M,44.42304007552052,6.422612859880133
201800003629,NonLethal,2018-07-09,18:30:00,TwilightOrDawn,40,86,No,X-type,VeryGood,2Vehicles-Behind,,M,44.39261815344888,6.393339743116029
201800003630,NonLethal,2018-04-27,19:00:00,Daylight,40,39,No,NoIntersection,Normal,NoCollision,,M,43.86782914824567,6.8656308947223215
201800003631,NonLethal,2018-05-21,12:25:00,Daylight,40,39,No,NoIntersection,Normal,Other,,M,43.860877581309744,6.862452298861607
201800003632,NonLethal,2018-06-10,15:15:00,Daylight,40,171,No,NoIntersection,Normal,NoCollision,,M,43.80050291861091,6.801491135578472
201800003633,NonLethal,2018-10-06,14:00:00,Daylight,40,39,No,NoIntersection,Normal,Other,,M,43.87486549741227,6.874592857542652
201800003634,NonLethal,2018-06-12,12:55:00,Daylight,40,39,No,NoIntersection,Normal,NoCollision,,M,43.8334999265554,6.8337710363331725
201800003635,NonLethal,2018-06-16,18:15:00,Daylight,40,39,No,NoIntersection,Normal,Other,,M,43.829573337993054,6.827978278839153
201800003636,NonLethal,2018-06-23,11:55:00,Daylight,40,39,No,NoIntersection,Normal,Other,HAMEAU DE BRANS,M,43.83011095290372,6.829504895128287
201800003637,NonLethal,2018-01-07,18:15:00,Daylight,40,39,No,NoIntersection,Normal,Other,,M,43.86817167411102,6.868274548897802
201800003638,NonLethal,2018-07-21,12:00:00,Daylight,40,183,No,NoIntersection,Normal,Other,,M,43.9045188327874,6.906962085616303
201800003640,NonLethal,2018-01-08,08:50:00,Daylight,40,39,Yes,NoIntersection,Normal,Other,PARKING DE LA SALLE DES,M,43.84690567489986,6.8457980027671885
201800003641,NonLethal,2018-08-21,11:37:00,Daylight,40,39,No,NoIntersection,Normal,2Vehicles-BehindVehicles-Frontal,HAMEAU DE BRANS,M,43.828513839653446,6.829793509582081
201800003642,NonLethal,2018-08-25,07:30:00,Daylight,40,92,No,NoIntersection,Normal,Other,,M,43.82509399251017,6.825499139212231
201800003643,NonLethal,2018-08-09,17:55:00,Daylight,40,69,No,NoIntersection,Normal,NoCollision,,M,43.88824113504942,6.888350104198043
201800003645,NonLethal,2018-08-10,08:00:00,TwilightOrDawn,40,92,No,NoIntersection,LightRain,Other,,M,43.822782534476616,6.821181610490486
201800003647,NonLethal,2018-10-21,12:00:00,Daylight,40,39,No,NoIntersection,Normal,NoCollision,,M,43.86432298506139,6.863795489482361
201800003648,NonLethal,2018-12-28,19:30:00,NightNoStreetLight,40,92,No,NoIntersection,Other,Other,,M,43.83626245121996,6.835923414791767
201800003649,Lethal,2018-04-02,15:47:00,Daylight,40,128,No,NoIntersection,Normal,Other,,M,43.8363547665829,5.837358440202095
201800003651,NonLethal,2018-04-18,08:00:00,Daylight,40,63,No,NoIntersection,Normal,NoCollision,,M,43.76826662610133,5.766327661760717
201800003652,NonLethal,2018-05-01,16:00:00,Daylight,40,152,No,NoIntersection,LightRain,Other,CHEMIN DES PLAINES,M,43.807697539594045,5.804785659486591
201800003653,NonLethal,2018-06-06,09:50:00,Daylight,40,245,No,Other,Normal,Other,VOIE EDF PONT N°06,M,43.85572886712603,5.85550019744889
201800003655,NonLethal,2018-11-10,12:00:00,Daylight,40,152,No,NoIntersection,Normal,NoCollision,,M,43.78937686544607,5.791637557580973
201800003656,NonLethal,2018-11-02,18:00:00,TwilightOrDawn,40,197,No,T-type,Normal,2Vehicles-BehindVehicles-Frontal,ZA LES BASTIDES BLANCHES,M,43.79640833696635,5.797143183525703
201800003657,NonLethal,2018-11-16,17:06:00,TwilightOrDawn,40,197,Yes,T-type,Normal,2Vehicles-Side,D4096 - AV. DE PROVENCE,M,43.79216348873293,5.791292522731467