AccidentId,Gravity,Date,Hour,Light,Department,Commune,InAgglomeration,IntersectionType,Weather,CollisionType,PostalAddress,GPSCode,Latitude,Longitude
201800003658,Lethal,2018-05-01,14:50:00,Daylight,50,173,No,NoIntersection,Normal,2Vehicles-BehindVehicles-Frontal,RD1085,M,44.322245267168576,5.324016346247746
201800003660,NonLethal,2018-07-26,12:20:00,Daylight,50,173,Yes,X-type,Normal,2Vehicles-Side,"RD 22, rourebeau",M,44.32016883088591,5.320639125658603
201800003663,NonLethal,2018-09-14,08:35:00,Daylight,50,70,Yes,NoIntersection,Normal,Other,"7, Avenue de Provence",M,44.315532599869385,5.313101795589792
201800003666,NonLethal,2018-12-06,07:50:00,Daylight,50,70,Yes,Roundabout,Normal,NoCollision,AVENUE DE MONTEGLIN,M,44.31294745825198,5.312216287347418
201800003667,NonLethal,2018-12-28,16:15:00,Daylight,50,173,No,T-type,Normal,2Vehicles-Side,RD 22 - LA COTE GIRAUD,M,44.30293848288235,5.303953864045796
201800003668,NonLethal,2018-04-26,15:44:00,Daylight,50,139,No,NoIntersection,Normal,NoCollision,D17 - RIOUPES,M,44.70201253154684,5.702024828029745
201800003670,NonLethal,2018-06-22,15:05:00,Daylight,50,166,Yes,NoIntersection,Normal,Other,rue varanfrain,M,44.42721704260458,5.429288060037434
201800003671,NonLethal,2018-07-13,06:21:00,TwilightOrDawn,50,117,No,NoIntersection,Normal,Other,RD 994,M,44.41116122213486,5.411221646630174
201800003672,NonLethal,2018-08-27,16:00:00,Daylight,50,89,Yes,NoIntersection,Normal,2Vehicles-BehindVehicles-Frontal,D 1075,M,44.38684583601051,5.384024132738598
201800003673,NonLethal,2018-12-20,15:10:00,Daylight,50,166,No,NoIntersection,Normal,2Vehicles-BehindVehicles-Frontal,Départementale 50,M,44.415520926831775,5.416793072485147
201800003674,NonLethal,2018-12-30,17:55:00,NightStreelightsOn,50,21,No,T-type,Normal,2Vehicles-Side,RD l075,M,44.40384466466998,5.404321234504132
201800003675,NonLethal,2018-01-19,22:10:00,NightNoStreetLight,50,151,No,NoIntersection,Normal,2Vehicles-BehindVehicles-Frontal,Queyrières,M,44.81446594584008,6.813982417125713
201800003676,NonLethal,2018-04-25,12:20:00,Daylight,50,6,Yes,Other,Normal,NoCollision,Avenue de Vallouise,M,44.7950796356527,6.796379845031943
201800003677,NonLethal,2018-05-10,15:45:00,Daylight,50,151,No,T-type,Normal,2Vehicles-Side,pré du faure,M,44.86172799088636,6.862568646294138
201800003678,NonLethal,2018-05-11,10:20:00,Daylight,50,79,No,NoIntersection,Normal,2Vehicles-Side,RTE DÉPARTEMENTALE 1091,M,45.04189095285162,6.043411739407833
201800003679,NonLethal,2018-06-16,16:05:00,Daylight,50,63,No,NoIntersection,Normal,2Vehicles-BehindVehicles-Frontal,RTE DÉPARTEMENTALE 1O91,M,45.037594915534335,6.0393539956745865
201800003680,NonLethal,2018-07-31,09:20:00,Daylight,50,79,No,NoIntersection,Normal,2Vehicles-BehindVehicles-Frontal,route départementale 1O9,M,45.03676076705656,6.0357197271171765
201800003681,Lethal,2018-08-21,13:20:00,Daylight,50,181,No,NoIntersection,Normal,Other,"Col du Lautaret, Route D",M,45.031430459334125,6.032437089709085
201800003682,NonLethal,2018-12-09,10:10:00,Daylight,50,63,No,Y-type,Normal,2Vehicles-BehindVehicles-Frontal,Tunnel du Serre du Coin,M,45.04664136423349,6.047312496628085
201800003683,NonLethal,2018-01-01,18:50:00,NightNoStreetLight,50,65,No,NoIntersection,SnowOrHail,2Vehicles-BehindVehicles-Frontal,Les gorges du Guil,M,44.667655556247496,6.666609404809268
201800003684,NonLethal,2018-02-28,16:15:00,Daylight,50,136,No,NoIntersection,SnowOrHail,2Vehicles-BehindVehicles-Frontal,RN94,M,44.70284664405106,6.7005503824842
201800003685,Lethal,2018-04-16,08:45:00,Daylight,50,119,No,NoIntersection,Normal,2Vehicles-BehindVehicles-Frontal,RD 186,M,44.65104246307469,6.649031877869327
201800003686,NonLethal,2018-06-30,10:45:00,Daylight,50,136,No,NoIntersection,VeryGood,2Vehicles-Behind,RN94,M,44.711135184186936,6.713141708516539
201800003687,NonLethal,2018-07-02,15:00:00,Daylight,50,65,Yes,NoIntersection,Normal,2Vehicles-Side,"774 route du queyras, D9",M,44.661194604563455,6.658365320103856
201800003688,NonLethal,2018-07-28,13:10:00,Daylight,50,136,Yes,NoIntersection,HeavyRain,2Vehicles-Side,D38 LE BOURGEAT,M,44.70889616756369,6.708147710509275
201800003689,NonLethal,2018-02-11,18:30:00,NightNoStreetLight,50,65,No,NoIntersection,Normal,2Vehicles-BehindVehicles-Frontal,D 902A,M,44.65982881973291,6.658106462263199
201800003690,NonLethal,2018-02-12,11:45:00,Daylight,60,48,Yes,NoIntersection,Normal,2Vehicles-Side,RD 15,M,43.7891399091898,7.788372611553194
201800003691,NonLethal,2018-11-03,05:45:00,NightNoStreetLight,60,48,Yes,NoIntersection,HeavyRain,2Vehicles-BehindVehicles-Frontal,1045 CD15,M,43.80934912767016,7.807881295874665
201800003692,NonLethal,2018-05-16,17:00:00,Daylight,60,48,Yes,Y-type,LightRain,2Vehicles-BehindVehicles-Frontal,Route de la vernéa,M,43.805784886714015,7.804288202321428
201800003693,Lethal,2018-09-11,14:20:00,Daylight,60,48,No,NoIntersection,Normal,Other,2260 Route de Berre,M,43.825205434634654,7.824587366417803
201800003694,NonLethal,2018-03-12,20:45:00,NightNoStreetLight,60,142,No,NoIntersection,Normal,Other,D2204,M,43.84825986398257,7.847099297762322
201800003695,NonLethal,2018-05-01,18:05:00,Daylight,60,57,No,NoIntersection,LightRain,2Vehicles-Side,Col de Nice D2204,M,43.823237749354,7.823167275409749
201800003696,NonLethal,2018-06-16,15:40:00,Daylight,60,142,No,NoIntersection,Normal,Other,RD 2204 PR 21+500,M,43.85020557215034,7.849578761482832
201800003697,NonLethal,2018-06-19,18:45:00,Daylight,60,77,No,Other,Normal,Other,D 2566 route de Luceram,M,43.880114061404086,7.878902171900476
201800003700,NonLethal,2018-09-03,10:40:00,Daylight,60,57,Yes,NoIntersection,Normal,Other,Pont de l'Armee des Alpe,M,43.83608532380461,7.837643173094857
201800003701,NonLethal,2018-03-10,16:10:00,Daylight,60,91,Yes,NoIntersection,Normal,Other,rd21 pk 7+100,M,43.79557756563462,7.796265872050108
201800003702,NonLethal,2018-01-23,18:45:00,NightNoStreetLight,60,147,No,Other,Normal,Other,route d'Aspremont,M,43.79691769669192,7.796510053198515
201800003703,NonLethal,2018-05-06,15:05:00,Daylight,60,147,No,NoIntersection,Normal,NoCollision,RM 19 - Gorge DE LA BANQ,M,43.75798256908486,7.75863172952797
201800003704,NonLethal,2018-05-23,10:30:00,Daylight,60,75,No,NoIntersection,Normal,Other,Avenue du Général de Gau,M,43.85632787994269,7.857462956593426
201800003705,NonLethal,2018-05-26,15:05:00,Daylight,60,147,No,NoIntersection,Normal,Other,Avenue de la Conca d'or,M,43.78331426819205,7.784286453796409
201800003706,NonLethal,2018-10-22,16:40:00,Daylight,60,117,Yes,NoIntersection,Normal,NoCollision,Avenue du collet - M314,M,43.822813566086886,7.81850546055665
201800003707,NonLethal,2018-11-21,12:50:00,Daylight,60,75,No,NoIntersection,Overcast,2Vehicles-BehindVehicles-Frontal,Avenue Félix FAURE,M,43.82752627121576,7.8277222333077745
201800003708,NonLethal,2018-05-03,10:45:00,Daylight,60,121,Yes,Y-type,Normal,Other,16 Avenue jean MERMOZ,M,43.68908426289847,7.686201254691306
201800003709,NonLethal,2018-07-21,01:24:00,NightStreelightsOn,60,11,Yes,T-type,Normal,Other,11 avenue Denis Semeria,M,43.70912414113321,7.7091431478309405
201800003710,NonLethal,2018-01-08,13:20:00,Daylight,60,59,No,NoIntersection,Normal,2Vehicles-Side,M 6007 sortie EZE-Villag,M,43.72931265774559,7.729191688648807
201800003711,NonLethal,2018-03-27,13:45:00,Daylight,60,70,No,NoIntersection,Normal,NoCollision,RD802,M,43.8294348739955,6.829498917315029
201800003712,Lethal,2018-04-18,18:15:00,Daylight,60,3,No,NoIntersection,Normal,NoCollision,RD 5 - PK 23+900,M,43.77754906496597,6.77719996904029
201800003713,NonLethal,2018-04-06,03:00:00,NightStreelightsOn,60,81,No,NoIntersection,HeavyRain,Other,Route départementale 110,M,43.82922189093957,6.8298646900392805
201800003715,NonLethal,2018-11-08,19:50:00,Daylight,60,28,No,NoIntersection,Normal,2Vehicles-Side,Route départementale 79,M,43.76875069279669,6.769089086081812
201800003719,NonLethal,2018-04-07,14:55:00,Daylight,60,157,Yes,NoIntersection,Normal,2Vehicles-Behind,530 avenue joffre,M,43.724893459188976,7.724804323363662
201800003720,NonLethal,2018-04-14,17:00:00,Daylight,60,157,Yes,NoIntersection,Normal,2Vehicles-Side,89 avenue des alliés,M,43.724455803674815,7.726748663395034
201800003721,NonLethal,2018-05-21,12:10:00,Daylight,60,65,No,T-type,Normal,2Vehicles-Side,Route du pont de la mand,M,43.73907809660949,7.739527645473273
201800003722,NonLethal,2018-05-20,09:15:00,Daylight,60,157,No,NoIntersection,Normal,2Vehicles-Side,5347 route de Coursegoul,M,43.7613009964116,7.763280553712565
201800003723,NonLethal,2018-06-05,19:10:00,Daylight,60,65,Yes,NoIntersection,Normal,2Vehicles-Side,1231 Vieux chemin de Cag,M,43.70760506932286,7.708175243462276
201800003724,NonLethal,2018-06-17,16:10:00,Daylight,60,50,No,NoIntersection,Normal,Other,Départementale n°2 - Rou,M,43.78900885761223,7.787526911729867
201800003725,NonLethal,2018-06-29,07:45:00,Daylight,60,157,Yes,Y-type,Normal,2Vehicles-BehindVehicles-Frontal,21 avenue humbert Ricolf,M,43.72586632152907,7.725144736163213
201800003726,NonLethal,2018-02-07,13:45:00,Daylight,60,157,Yes,NoIntersection,Normal,2Vehicles-Behind,455 avenue henri giraud,M,43.728162549248886,7.727375765048192
201800003727,NonLethal,2018-08-02,10:20:00,Daylight,60,17,No,NoIntersection,Normal,Other,route de coursegoules,M,43.80874369079104,7.806969880617886
201800003728,Lethal,2018-08-16,12:20:00,Daylight,60,65,No,NoIntersection,Normal,2Vehicles-BehindVehicles-Frontal,Route de cagnes,M,43.720273451402,7.721338137874132
201800003729,NonLethal,2018-02-09,11:30:00,Daylight,60,65,No,NoIntersection,Normal,NoCollision,route de gattieres,M,43.73802201918598,7.739361922169517
201800003730,NonLethal,2018-10-09,11:45:00,Daylight,60,157,Yes,NoIntersection,Normal,Other,32 Avenue de la résistan,M,43.72268482551935,7.724116869957502
201800003731,NonLethal,2018-09-20,15:30:00,Daylight,60,65,No,NoIntersection,Normal,2Vehicles-BehindVehicles-Frontal,6069 route de Cagnes,M,43.709149932126536,7.709813326447979
201800003732,Lethal,2018-09-30,11:20:00,Daylight,60,65,Yes,NoIntersection,Normal,Other,8324 route de Cagnes,M,43.72449020611347,7.724207058427684
201800003733,NonLethal,2018-06-10,11:30:00,Daylight,60,65,No,T-type,Normal,2Vehicles-BehindVehicles-Frontal,857A Route de la Baronne,M,43.7381678457431,7.738542310025965
201800003734,NonLethal,2018-08-10,23:00:00,NightStreelightsOn,60,157,Yes,NoIntersection,Normal,Other,1563 Route de Cagnes,M,43.71161624199031,7.710344529763914
201800003735,NonLethal,2018-05-05,13:55:00,Daylight,60,101,No,NoIntersection,Normal,Other,D28 - pk 12+500,M,44.02612608015969,6.026236619887012
201800003737,NonLethal,2018-07-22,20:45:00,TwilightOrDawn,60,99,No,NoIntersection,Normal,Other,"Hameau les Blanqueries,",M,43.954066284144055,6.954634143411587
201800003739,NonLethal,2018-08-09,18:10:00,Daylight,60,101,No,X-type,HeavyRain,2Vehicles-Side,intersection D28 / D6202,M,43.94950324549374,6.949186635300255
201800003740,NonLethal,2018-09-05,16:30:00,Daylight,60,143,Yes,T-type,Normal,2Vehicles-Behind,D6202,M,43.948201407352414,7.947011948796528
201800003743,NonLethal,2018-12-16,18:10:00,NightNoStreetLight,60,146,No,NoIntersection,LightRain,3+Vehicles-Multiple,D2205 - pk 001+000,M,43.935105241812,7.9350498320611855
201800003745,NonLethal,2018-08-01,09:35:00,Daylight,830,81,Yes,NoIntersection,LightRain,2Vehicles-Behind,RD 562,M,43.59797627889514,6.597450879739058
201800003746,NonLethal,2018-03-15,18:20:00,Daylight,830,29,No,Roundabout,Normal,Other,rond point agora,M,43.60606100647547,6.605980288314767
201800003747,NonLethal,2018-03-23,07:30:00,Daylight,830,124,No,NoIntersection,Normal,2Vehicles-Behind,D562,M,43.58853767954702,6.587297880718267
201800003748,NonLethal,2018-03-29,13:25:00,Daylight,830,29,No,NoIntersection,Normal,2Vehicles-BehindVehicles-Frontal,487 chemin du haut plan,M,43.60815239058552,6.607657199315344
201800003749,NonLethal,2018-04-15,08:00:00,Daylight,830,138,No,NoIntersection,Normal,Other,D56,M,43.59915670356682,6.59735957949058
201800003750,NonLethal,2018-06-19,10:00:00,Daylight,830,117,No,NoIntersection,Normal,Other,D56,M,43.57499910299098,6.575712396834847
201800003751,NonLethal,2018-06-19,23:00:00,NightNoStreetLight,830,117,No,NoIntersection,Normal,Other,D4 3724 ROUTE DE FREJUS,M,43.56808875546847,6.570337121239965
201800003753,NonLethal,2018-06-22,04:00:00,NightNoStreetLight,830,55,No,NoIntersection,Normal,Other,CD4,M,43.578379379067165,6.576994179084564
201800003754,Lethal,2018-06-24,15:00:00,Daylight,830,8,No,NoIntersection,Normal,Other,D4,M,43.53651459754696,6.535515206138708
201800003755,NonLethal,2018-06-30,09:20:00,Daylight,830,81,No,NoIntersection,Normal,NoCollision,RD 562,M,43.61085104279496,6.61143439328202
201800003756,NonLethal,2018-07-20,22:50:00,NightNoStreetLight,830,124,No,NoIntersection,Normal,NoCollision,2140 route de mons,M,43.64536874205142,6.64463903230677
201800003757,NonLethal,2018-07-26,22:45:00,NightStreelightsOn,830,81,No,NoIntersection,Normal,Other,D562,M,43.605406256645125,6.605392854228805
201800003758,NonLethal,2018-07-29,11:45:00,Daylight,830,80,No,NoIntersection,Normal,Other,RD 37,M,43.66777237867512,6.668361542515984
201800003760,NonLethal,2018-08-18,13:30:00,Daylight,830,81,No,NoIntersection,Normal,2Vehicles-BehindVehicles-Frontal,RD37,M,43.58892113618197,6.588767623549966
201800003763,NonLethal,2018-11-08,14:20:00,Daylight,830,29,No,NoIntersection,Normal,2Vehicles-Behind,route de fayence,M,43.6148903932141,6.6135756892334845
201800003764,NonLethal,2018-12-01,14:30:00,Daylight,830,8,No,NoIntersection,Normal,2Vehicles-BehindVehicles-Frontal,D4,M,43.52875021946836,6.530774265848045
201800003765,NonLethal,2018-12-08,15:35:00,Daylight,830,29,No,NoIntersection,Normal,Other,centre agora,M,43.60677859526636,6.60681893749621
201800003766,NonLethal,2018-12-18,00:50:00,NightStreelightsOn,830,81,Yes,NoIntersection,Normal,2Vehicles-BehindVehicles-Frontal,Le plan occidental - RD,M,43.60246629934116,6.604990497822195
201800003767,NonLethal,2018-12-20,17:20:00,NightNoStreetLight,830,138,No,NoIntersection,Normal,Other,RD19,M,43.61542080853929,6.616452969859297
201800003769,NonLethal,2018-02-25,09:10:00,Daylight,830,30,No,NoIntersection,Normal,NoCollision,RD43,M,43.36983047952896,6.37043101282645
201800003770,NonLethal,2018-04-18,08:15:00,Daylight,830,23,No,NoIntersection,Normal,Other,chemin de la charité,M,43.408483506059376,6.4104478973557
201800003771,NonLethal,2018-05-21,16:05:00,Daylight,830,23,Yes,NoIntersection,Normal,2Vehicles-Side,D12 Route de Camps,M,43.40430760854365,6.405489378920205
201800003772,NonLethal,2018-06-09,05:50:00,TwilightOrDawn,830,30,No,NoIntersection,Normal,Other,D 43,M,43.37383165548695,6.375417968748382
201800003773,NonLethal,2018-06-23,17:45:00,Daylight,830,23,Yes,NoIntersection,LightRain,2Vehicles-Side,l avenue Jean Moulin,M,43.41184702015228,6.411031428142188
201800003774,NonLethal,2018-03-07,15:05:00,Daylight,830,23,Yes,Other,Normal,Other,354 Ave de la Burlière,M,43.40904697415745,6.409263725028642
201800003775,NonLethal,2018-07-27,08:54:00,Daylight,830,30,No,X-type,Normal,2Vehicles-Side,D43,M,43.36100697952264,6.361699143175784
201800003776,NonLethal,2018-08-06,18:45:00,Daylight,830,23,No,NoIntersection,Normal,2Vehicles-Side,DN7,M,43.40971259532463,6.40892596740043
201800003777,NonLethal,2018-08-31,15:35:00,Daylight,830,37,No,NoIntersection,Normal,2Vehicles-Side,D5 pk 8.900,M,43.37110583733679,5.370276837053293
201800003778,NonLethal,2018-10-01,09:05:00,Daylight,830,23,Yes,NoIntersection,StrongWindOrStorm,2Vehicles-Side,D554,M,43.41844504437068,6.417846404529947
201800003779,NonLethal,2018-11-21,19:00:00,NightStreelightsOn,830,23,Yes,Roundabout,LightRain,Other,D2007,M,43.407849757976514,6.407417852888866
201800003780,NonLethal,2018-11-12,21:40:00,NightNoStreetLight,830,23,No,NoIntersection,Normal,2Vehicles-Side,DN7,M,43.40165271209565,6.403017192792136
201800003782,NonLethal,2018-12-20,08:10:00,Daylight,830,23,No,NoIntersection,Normal,Other,route de cabasse,M,43.40405739283201,6.4024251117320725
201800003783,NonLethal,2018-05-15,07:30:00,Daylight,830,150,No,NoIntersection,Normal,2Vehicles-BehindVehicles-Frontal,"lieu dit Boutre, PK 6.40",M,43.70184231107924,5.70324134776528
201800003785,NonLethal,2018-09-06,14:15:00,Daylight,830,114,No,NoIntersection,Normal,Other,RD 65l,M,43.59278171940889,5.592047963815268
201800003786,NonLethal,2018-06-10,04:00:00,TwilightOrDawn,830,104,No,NoIntersection,Normal,Other,Rte de St Maximin,M,43.5994752828057,5.599150928584389
201800003787,NonLethal,2018-06-29,17:00:00,Daylight,830,104,Yes,NoIntersection,Normal,2Vehicles-BehindVehicles-Frontal,Route départementale 03,M,43.61177046559492,5.611042761610951
201800003788,NonLethal,2018-08-03,20:00:00,TwilightOrDawn,830,150,Yes,NoIntersection,LightRain,2Vehicles-Side,"D554, lieu-dit Pèbre",M,43.731709661049344,5.732970731009816
201800003791,Lethal,2018-04-11,18:20:00,NightNoStreetLight,830,6,No,NoIntersection,Normal,2Vehicles-BehindVehicles-Frontal,D3 - PK16,M,43.5576267335848,5.556347321117839
201800003792,NonLethal,2018-11-26,10:00:00,Daylight,830,150,Yes,T-type,Normal,2Vehicles-Side,avenue de la République,M,43.72621928742772,5.7268162673014125
201800003793,NonLethal,2018-01-18,07:50:00,Daylight,830,106,No,NoIntersection,Normal,2Vehicles-Behind,ZAC Fray Redon,M,43.316259974139314,6.317569794276896
201800003794,Lethal,2018-01-20,21:20:00,NightNoStreetLight,830,64,No,NoIntersection,LightRain,Other,route départementale n°,M,43.3409086285925,6.341633583710212
201800003795,NonLethal,2018-01-28,17:00:00,Daylight,830,77,No,NoIntersection,Normal,2Vehicles-BehindVehicles-Frontal,Route de Toulon,M,43.26025087257184,5.261854281482862
201800003796,NonLethal,2018-03-18,10:30:00,Daylight,830,106,No,NoIntersection,Normal,2Vehicles-BehindVehicles-Frontal,Route départementale N°,M,43.306649914589634,6.305477188349278
201800003797,Lethal,2018-07-04,20:05:00,Daylight,830,106,No,NoIntersection,Normal,Other,"quartier La verrerie, RD",M,43.31919006935252,6.320042962308377
201800003798,NonLethal,2018-04-15,02:45:00,NightStreelightsOn,830,111,Yes,NoIntersection,Normal,Other,,M,43.33753536572264,6.3384952924723965
201800003800,NonLethal,2018-06-15,21:20:00,TwilightOrDawn,830,76,No,NoIntersection,Normal,2Vehicles-BehindVehicles-Frontal,route départementale 64,M,43.34932783873582,5.348136136849418
201800003801,Lethal,2018-07-20,01:45:00,NightStreelightsOn,830,64,Yes,NoIntersection,Normal,Other,RD554,M,43.32937785070752,6.329930939317415
201800003802,NonLethal,2018-09-23,16:50:00,Daylight,830,77,No,NoIntersection,Normal,2Vehicles-BehindVehicles-Frontal,D 554,M,43.303968206478885,5.303041027747992
201800003803,NonLethal,2018-11-23,17:05:00,NightNoStreetLight,830,106,No,NoIntersection,LightRain,NoCollision,RD 43 col de la bigue,M,43.293778092840455,6.293438906008898
201800003807,NonLethal,2018-02-15,23:30:00,NightStreelightsOn,830,107,No,Roundabout,Normal,NoCollision,"CD 07, PK 00+300, rond-p",M,43.38324224384155,6.383660441174243
201800003809,NonLethal,2018-04-17,16:00:00,Daylight,830,107,No,NoIntersection,Normal,2Vehicles-BehindVehicles-Frontal,DN7,M,43.46289020441596,6.462089616248631
201800003810,NonLethal,2018-04-25,15:30:00,Daylight,830,107,No,NoIntersection,Normal,2Vehicles-Behind,,M,43.42508363970341,6.426283769940841
201800003811,NonLethal,2018-04-26,10:15:00,Daylight,830,107,No,NoIntersection,Normal,2Vehicles-Side,D7,M,43.4406468995949,6.439708998859056
201800003812,NonLethal,2018-05-14,08:15:00,Daylight,830,107,No,NoIntersection,Overcast,2Vehicles-Behind,RDN 7,M,43.45952669217785,6.46348217344072
201800003813,NonLethal,2018-05-20,11:15:00,Daylight,830,107,No,NoIntersection,Normal,2Vehicles-Behind,route nationale 7,M,43.38490406573001,6.384677080816054
201800003814,Lethal,2018-05-24,10:45:00,Daylight,830,1,Yes,NoIntersection,Normal,Other,Chemin de l'Araignée,M,43.52843525324435,6.526672262955239
201800003815,NonLethal,2018-06-08,00:30:00,NightNoStreetLight,830,107,No,NoIntersection,HeavyRain,Other,"RD8, Col du Bougnon",M,43.38300553826576,6.385120987252896
201800003816,Lethal,2018-06-08,18:30:00,Daylight,830,107,No,NoIntersection,Normal,2Vehicles-BehindVehicles-Frontal,Route de la Bouverie,M,43.48209440922278,6.483625364321024
201800003817,NonLethal,2018-09-07,09:38:00,Daylight,830,107,Yes,Roundabout,Normal,2Vehicles-BehindVehicles-Frontal,Rd point de la bouverie,M,43.4982620221263,6.498747920882926
201800003818,NonLethal,2018-07-07,20:00:00,Daylight,830,107,No,T-type,Normal,2Vehicles-Side,D7,M,43.43223313537863,6.431623028161311
201800003819,Lethal,2018-07-25,20:54:00,NightNoStreetLight,830,107,No,NoIntersection,Normal,Other,route de marchandise,M,43.47387023761651,6.473894286700256
201800003820,NonLethal,2018-08-15,18:30:00,Daylight,830,99,Yes,Y-type,Normal,2Vehicles-Side,boulevard de bretagne -,M,43.45948749669801,6.455909159560949
201800003821,NonLethal,2018-08-20,19:05:00,Daylight,830,107,No,NoIntersection,Normal,Other,route de la bouverie,M,43.484293436323135,6.484332056376299
201800003822,NonLethal,2018-09-17,17:48:00,Daylight,830,107,No,NoIntersection,Normal,2Vehicles-BehindVehicles-Frontal,D8,M,43.383053934107735,6.383273339787279
201800003823,NonLethal,2018-10-30,09:45:00,Daylight,830,107,No,Roundabout,Normal,2Vehicles-Side,"RDN 07, rond-point",M,43.45983453159573,6.461390827140972
201800003824,NonLethal,2018-01-20,15:45:00,Daylight,830,68,No,NoIntersection,Normal,2Vehicles-Behind,1626 route de Ste Maxime,M,43.27485592252356,6.27568648252868
201800003825,NonLethal,2018-01-25,18:40:00,TwilightOrDawn,830,68,No,NoIntersection,Overcast,2Vehicles-Behind,ROUTE DÉPARTEMENTALE 98,M,43.27578280985696,6.273504931529766
201800003826,NonLethal,2018-01-30,16:00:00,Daylight,830,68,No,X-type,Normal,3+Vehicles-Multiple,RD 558,M,43.26555472829083,6.266097044488753
201800003827,NonLethal,2018-02-26,18:45:00,NightStreelightsOn,830,42,Yes,Roundabout,SnowOrHail,Other,43 le clos du colombier,M,43.246785205055154,6.245596408263426
201800003828,NonLethal,2018-03-31,17:45:00,Daylight,830,68,Yes,NoIntersection,Normal,Other,parking Saint Roch,M,43.27600297011309,6.2774384832004095
201800003829,NonLethal,2018-04-19,17:30:00,Daylight,830,42,Yes,NoIntersection,Normal,2Vehicles-Side,564 chemin de tremouries,M,43.24419145238625,6.242760160977932
201800003831,NonLethal,2018-05-24,14:15:00,Daylight,830,68,No,NoIntersection,Normal,Other,route du littorale,M,43.28585485220997,6.2864039848190485
201800003832,NonLethal,2018-05-26,23:15:00,NightNoStreetLight,830,79,No,NoIntersection,Normal,Other,RN 98,M,43.20534428026041,6.204370107731182
201800003833,NonLethal,2018-06-05,07:44:00,Daylight,830,68,Yes,NoIntersection,VeryGood,2Vehicles-Behind,RD558,M,43.270616169981245,6.275054591007404
201800003834,Lethal,2018-08-06,11:00:00,Daylight,830,79,No,NoIntersection,Normal,2Vehicles-BehindVehicles-Frontal,Carrefour D98 / D25,M,43.20388183850504,6.20585029662705
201800003836,NonLethal,2018-10-06,15:15:00,Daylight,830,42,No,NoIntersection,Normal,2Vehicles-Side,RD 98,M,43.243989045827,6.244066486299334
201800003838,NonLethal,2018-08-24,15:15:00,Daylight,830,68,No,Other,Normal,2Vehicles-Behind,rond point st pons,M,43.27740995796158,6.277648286029099
201800003839,NonLethal,2018-09-18,16:15:00,Daylight,830,68,No,Other,Normal,2Vehicles-Side,RD559 PK89,M,43.27044716407641,6.2709791298110655
201800003840,NonLethal,2018-09-27,15:45:00,Daylight,830,68,No,NoIntersection,VeryGood,2Vehicles-BehindVehicles-Frontal,RD559,M,43.26974002423584,6.268224939604
201800003842,NonLethal,2018-12-27,19:00:00,NightStreelightsOn,830,42,No,NoIntersection,Normal,Other,28 avenue georges clémen,M,43.25181406500495,6.249643804394593
201800003843,NonLethal,2018-04-21,15:15:00,Daylight,830,107,Yes,NoIntersection,Normal,2Vehicles-Side,736 route du col du boug,M,43.34521969763399,6.346041144992177
201800003844,Lethal,2018-04-25,12:30:00,Daylight,830,107,No,NoIntersection,Normal,2Vehicles-Behind,face au 3287 corniche Le,M,43.34394049420021,6.3433643759439455
201800003845,NonLethal,2018-06-05,22:00:00,NightStreelightsOn,830,115,Yes,NoIntersection,Normal,2Vehicles-BehindVehicles-Frontal,avenue général touzet du,M,43.31426728920872,6.31292164478404
201800003846,NonLethal,2018-06-22,16:30:00,Daylight,830,115,Yes,NoIntersection,Normal,2Vehicles-Side,26 Avenue Touzet du Vigi,M,43.317696320575166,6.318343166379248
201800003847,Lethal,2018-07-01,13:15:00,Daylight,830,115,No,NoIntersection,Normal,3+Vehicles-Multiple,Cd 25,M,43.35420181989321,6.3576892520465655
201800003848,NonLethal,2018-10-07,23:30:00,NightStreelightsOn,830,115,Yes,NoIntersection,Normal,Other,3O avenue de Lattre de T,M,43.30508140749641,6.306271499444139
201800003849,NonLethal,2018-11-07,20:30:00,Daylight,830,107,Yes,NoIntersection,Normal,2Vehicles-Side,RD 559 - quartier san pe,M,43.34277243755124,6.341743498419828
201800003850,Lethal,2018-07-13,23:55:00,NightStreelightsOn,830,115,Yes,Y-type,Normal,2Vehicles-Side,BOULEVARD JEAN MOULIN,M,43.30699160544808,6.307017898766134