AccidentId,Gravity,Date,Hour,Light,Department,Commune,InAgglomeration,IntersectionType,Weather,CollisionType,PostalAddress,GPSCode,Latitude,Longitude
201800003851,NonLethal,2018-01-08,05:55:00,TwilightOrDawn,830,115,Yes,Y-type,Normal,2Vehicles-BehindVehicles-Frontal,boulevard jean moulin,M,43.30564376557994,6.303486024522165
201800003852,NonLethal,2018-08-25,10:15:00,Daylight,830,115,Yes,NoIntersection,Normal,2Vehicles-BehindVehicles-Frontal,avenue du 08 mai 1945,M,43.31153238339971,6.312915106732076
201800003853,Lethal,2018-09-23,20:05:00,NightNoStreetLight,830,94,No,NoIntersection,Normal,2Vehicles-Behind,Cd 74 - route du plan de,M,43.333888151079954,6.332871522961407
201800003854,NonLethal,2018-05-10,09:00:00,Daylight,830,115,Yes,Roundabout,Normal,Other,Rond-point des Artichaut,M,43.31053541974549,6.309651417312378
201800003855,Lethal,2018-10-10,22:30:00,NightStreelightsOff,830,107,No,NoIntersection,HeavyRain,NoCollision,RD8,M,43.34423268635557,6.343483325092236
201800003856,NonLethal,2018-10-20,00:30:00,NightStreelightsOn,830,115,Yes,NoIntersection,Normal,Other,boulevard Jean Moulin,M,43.30546947217269,6.306602660908794
201800003857,NonLethal,2018-12-27,18:50:00,NightStreelightsOn,830,115,Yes,NoIntersection,Normal,Other,avenue du 8 mai 1945,M,43.31156136384208,6.309436630754295
201800003858,NonLethal,2018-01-07,11:45:00,Daylight,830,65,No,NoIntersection,Normal,3+Vehicles-Multiple,RD 559,M,43.26216533491387,6.259166840985341
201800003859,NonLethal,2018-04-22,19:00:00,Daylight,830,101,No,NoIntersection,Normal,Other,"résidence de pampelonne,",M,43.22769963847522,6.226646228435009
201800003860,Lethal,2018-06-22,21:35:00,TwilightOrDawn,830,101,No,NoIntersection,Normal,2Vehicles-BehindVehicles-Frontal,RD 93,M,43.23228295103624,6.232059787473301
201800003861,NonLethal,2018-06-24,10:45:00,Daylight,830,101,No,NoIntersection,Normal,2Vehicles-BehindVehicles-Frontal,ROUTE DES PLAGES,M,43.224678514670046,6.223073704390237
201800003863,NonLethal,2018-07-13,18:00:00,Daylight,830,65,No,NoIntersection,Normal,2Vehicles-Side,RD98A,M,43.26404454542006,6.263122252128071
201800003864,NonLethal,2018-09-01,05:00:00,NightStreelightsOn,830,65,No,NoIntersection,Normal,NoCollision,route départementale 98A,M,43.260047247987615,6.259884032839598
201800003865,NonLethal,2018-10-17,16:15:00,Daylight,830,101,No,T-type,Normal,2Vehicles-BehindVehicles-Frontal,RD 93,M,43.21393450599542,6.211990191578367
201800003866,NonLethal,2018-10-30,07:50:00,Daylight,830,119,Yes,NoIntersection,Normal,Other,RD 93,M,43.25712970873963,6.25804704032857
201800003867,NonLethal,2018-11-26,10:45:00,Daylight,830,65,No,NoIntersection,Normal,2Vehicles-Side,"parc oasis, Joffre RD 55",M,43.255424671304446,6.25685955021411
201800003868,NonLethal,2018-01-16,14:50:00,Daylight,830,53,Yes,NoIntersection,Normal,2Vehicles-Side,DN8 - ste anne d'evenos,M,43.1666102569445,5.170353786184938
201800003869,NonLethal,2018-02-04,14:45:00,Daylight,830,53,No,NoIntersection,Normal,2Vehicles-BehindVehicles-Frontal,Ancien chemin de Signes,M,43.19438173789212,5.196108844054431
201800003870,NonLethal,2018-02-09,03:00:00,NightNoStreetLight,830,16,No,NoIntersection,Normal,Other,chemin de sainte brigitt,M,43.18801787477479,5.187605912034753
201800003871,Lethal,2018-03-04,14:55:00,Daylight,830,16,No,NoIntersection,StrongWindOrStorm,2Vehicles-BehindVehicles-Frontal,DN8,M,43.23103003254307,5.231394668242004
201800003872,NonLethal,2018-08-04,13:15:00,Daylight,830,35,No,NoIntersection,StrongWindOrStorm,Other,avenue des cigales,M,43.189633936726175,5.190296478333531
201800003873,NonLethal,2018-04-11,18:57:00,Daylight,830,16,No,NoIntersection,HeavyRain,Other,DN8,M,43.186749645858015,5.187798742421754
201800003874,NonLethal,2018-04-14,09:35:00,Daylight,830,16,No,NoIntersection,Normal,2Vehicles-Behind,le haut du camps,M,43.21941722000809,5.21903264193756
201800003876,NonLethal,2018-04-29,19:10:00,TwilightOrDawn,830,16,Yes,NoIntersection,HeavyRain,Other,ave des anciens combatta,M,43.19107785340479,5.194192047225623
201800003877,NonLethal,2018-08-05,20:40:00,TwilightOrDawn,830,127,No,NoIntersection,Normal,2Vehicles-BehindVehicles-Frontal,Départementale 2,M,43.28604155678166,5.285299998205228
201800003878,NonLethal,2018-05-12,16:30:00,Daylight,830,35,No,NoIntersection,Normal,Other,Route du maquis - CD2,M,43.262151118984136,5.262547258803704
201800003879,Lethal,2018-05-19,15:04:00,Daylight,830,35,No,NoIntersection,Normal,2Vehicles-BehindVehicles-Frontal,DN8,M,43.25283349631035,5.253033919600136
201800003880,Lethal,2018-06-28,07:40:00,Daylight,830,35,No,NoIntersection,Normal,Other,DN8,M,43.25347124307014,5.252137601468967
201800003881,Lethal,2018-10-23,09:25:00,Daylight,830,35,No,NoIntersection,Normal,2Vehicles-Side,CD 26 avenue Mistral,M,43.22454822689446,5.2252052161666285
201800003884,NonLethal,2018-09-25,09:15:00,Daylight,830,35,No,Roundabout,Normal,2Vehicles-Behind,ROUTE DU MAQUIS,M,43.26192835382502,5.26200732782033
201800003885,NonLethal,2018-10-21,17:16:00,Daylight,830,16,No,NoIntersection,Normal,2Vehicles-BehindVehicles-Frontal,DN8,M,43.19477648649413,5.192577893446985
201800003887,Lethal,2018-01-11,15:30:00,Daylight,830,53,No,NoIntersection,LightRain,Other,CD462,M,43.17500691231207,5.175577936047956
201800003888,NonLethal,2018-11-24,18:25:00,NightNoStreetLight,830,53,No,NoIntersection,FogOrSmoke,NoCollision,DN8,M,43.15585749237996,5.1585825418660685
201800003889,NonLethal,2018-12-05,08:15:00,Daylight,830,53,No,NoIntersection,Normal,2Vehicles-Side,DN8,M,43.16431211270972,5.162115909116156
201800003890,NonLethal,2018-09-12,17:45:00,NightNoStreetLight,830,16,Yes,NoIntersection,Normal,Other,route de marseille,M,43.19938046632127,5.199193968280576
201800003891,NonLethal,2018-04-17,14:45:00,Daylight,830,47,No,NoIntersection,Normal,2Vehicles-Side,2601 route de Pierrefeu,M,43.1678184500356,6.167488221817484
201800003892,NonLethal,2018-08-05,06:30:00,TwilightOrDawn,830,47,No,NoIntersection,Normal,NoCollision,D29 route de Pierrefeu,M,43.16432904224965,6.16754614243885
201800003893,NonLethal,2018-05-15,13:29:00,Daylight,830,47,No,NoIntersection,Normal,2Vehicles-Side,RD554 route d'Hyères,M,43.13592082451476,6.135209895053738
201800003894,NonLethal,2018-06-24,15:45:00,Daylight,830,47,No,NoIntersection,Normal,3+Vehicles-Multiple,"RD 554, ROUTE D'HYERES",M,43.140259215921446,6.13983338820692
201800003895,NonLethal,2018-07-26,11:05:00,Daylight,830,47,Yes,NoIntersection,Normal,2Vehicles-Behind,AVENUE JEAN MONNET,M,43.11837394049681,6.1174389116586765
201800003896,NonLethal,2018-08-03,08:30:00,Daylight,830,47,Yes,NoIntersection,Normal,Other,23 bd de la République,M,43.14803594623218,6.149055034700898
201800003897,NonLethal,2018-09-08,16:15:00,Daylight,830,47,No,NoIntersection,Normal,Other,Chemin de Terrimas,M,43.12086060684963,6.121185011894321
201800003898,NonLethal,2018-01-21,21:10:00,NightNoStreetLight,830,71,No,NoIntersection,Normal,Other,Avenue de la première DF,M,43.1457773405393,6.144386680881849
201800003899,NonLethal,2018-04-06,00:05:00,NightNoStreetLight,830,71,No,NoIntersection,Normal,Other,"D88 - PK 5,8",M,43.169441148625815,6.1711358716764
201800003901,NonLethal,2018-10-15,01:30:00,NightStreelightsOn,830,71,Yes,NoIntersection,Normal,2Vehicles-Behind,boulevard Louis Bernard,M,43.12114865148808,6.119018259063586
201800003903,NonLethal,2018-01-01,15:23:00,Daylight,830,27,No,NoIntersection,Normal,Other,2255 chemin de malpassé,M,43.21290770976228,5.212696931465757
201800003904,NonLethal,2018-02-15,09:20:00,Daylight,830,112,Yes,Roundabout,LightRain,2Vehicles-Behind,"107, allée des petits bo",M,43.17792957438812,5.180145911858618
201800003905,NonLethal,2018-05-06,13:00:00,Daylight,830,112,No,NoIntersection,Normal,2Vehicles-Side,Route de la Calanque,M,43.15287188575316,5.15333699878672
201800003906,NonLethal,2018-06-17,16:30:00,Daylight,830,112,Yes,NoIntersection,Normal,2Vehicles-Behind,RD 559,M,43.18007709277112,5.179868023455788
201800003907,NonLethal,2018-06-20,12:10:00,Daylight,830,112,Yes,NoIntersection,Normal,2Vehicles-Behind,D 559,M,43.18206280685055,5.183394394490442
201800003909,NonLethal,2018-07-14,18:30:00,Daylight,830,112,Yes,NoIntersection,Normal,Other,allée des mirandoles,M,43.17711908452636,5.178190262085161
201800003910,NonLethal,2018-01-08,14:30:00,Daylight,830,112,Yes,NoIntersection,Normal,2Vehicles-Side,ll60 avenue de tauroemtu,M,43.17399447502391,5.17361172886726
201800003911,NonLethal,2018-08-04,06:30:00,Daylight,830,112,No,NoIntersection,Normal,2Vehicles-BehindVehicles-Frontal,chemin de l'argile,M,43.17198085633893,5.17180180644683
201800003912,NonLethal,2018-08-26,21:20:00,NightNoStreetLight,830,112,No,NoIntersection,Normal,Other,400 Chemin de La Bégude,M,43.19482441559085,5.194407925904758
201800003913,NonLethal,2018-10-09,17:14:00,Daylight,830,112,Yes,Other,Normal,2Vehicles-Behind,Avenue Tauroentum,M,43.1749029040639,5.176517030381515
201800003914,NonLethal,2018-10-16,16:10:00,Daylight,830,112,Yes,NoIntersection,Normal,Other,2 allée des cigales,M,43.18873199945372,5.189658625644086
201800003916,NonLethal,2018-04-12,11:30:00,Daylight,830,112,Yes,Square,Normal,Other,Place Émile Désirat,M,43.18079885912326,5.180648877814091
201800003917,NonLethal,2018-02-01,12:00:00,Daylight,840,119,Yes,Other,Normal,2Vehicles-Side,Rte de pemes CD 28,M,43.95933224559895,4.959299606030457
201800003918,NonLethal,2018-03-06,08:00:00,Daylight,840,36,Yes,Other,LightRain,2Vehicles-Side,Rte du Thor,M,43.927628896681824,4.924806420181568
201800003921,NonLethal,2018-06-04,10:50:00,Daylight,840,34,Yes,NoIntersection,Normal,Other,Faubourg Saint-Sebastien,M,43.89298237629219,4.89297740761798
201800003922,NonLethal,2018-04-05,14:15:00,Daylight,840,81,No,NoIntersection,Normal,2Vehicles-BehindVehicles-Frontal,D28 Route de St Saturnin,M,43.95493277731195,4.952888805267138
201800003923,NonLethal,2018-06-06,09:45:00,Daylight,840,119,Yes,Other,Normal,Other,boulevard de la libérati,M,43.95445868786733,4.955945683298467
201800003925,NonLethal,2018-12-07,21:25:00,NightStreelightsOn,840,141,No,T-type,Normal,Other,allée de gromelle,M,43.968093936456086,4.965104328897191
201800003926,NonLethal,2018-08-04,17:45:00,Daylight,840,81,No,NoIntersection,Normal,3+Vehicles-Multiple,D901,M,43.938157320485146,4.937009399963571
201800003927,NonLethal,2018-08-14,21:20:00,NightNoStreetLight,840,141,Yes,T-type,Normal,2Vehicles-Side,Route de Morières,M,43.95819532431912,4.959795664009054
201800003928,NonLethal,2018-09-08,18:30:00,Daylight,840,119,Yes,NoIntersection,Normal,2Vehicles-BehindVehicles-Frontal,Route d'Avignon,M,43.95835106076739,4.960181455655935
201800003930,NonLethal,2018-11-09,12:10:00,Daylight,840,34,Yes,NoIntersection,Normal,Other,avenue général leclerc,M,43.89127376237551,4.891486975782886
201800003931,NonLethal,2018-09-14,16:40:00,Daylight,840,36,Yes,NoIntersection,Normal,2Vehicles-Side,Rte de Moriéres,M,43.92768600135919,4.927926827772303
201800003932,NonLethal,2018-09-19,14:30:00,Daylight,840,119,No,NoIntersection,Normal,2Vehicles-BehindVehicles-Frontal,D28 route de Pernes,M,43.96084971584396,4.959264817518631
201800003933,NonLethal,2018-09-20,20:45:00,NightStreelightsOn,840,141,Yes,NoIntersection,Normal,2Vehicles-Side,557 avenue de la fonderi,M,43.98442344462365,4.983593187000497
201800003934,NonLethal,2018-09-24,19:45:00,NightNoStreetLight,840,34,No,NoIntersection,StrongWindOrStorm,2Vehicles-BehindVehicles-Frontal,ROUTE DE L'ISLE SUR LA S,M,43.89513051911496,4.894691888895997
201800003935,NonLethal,2018-10-26,19:30:00,NightStreelightsOn,840,119,No,NoIntersection,Normal,Other,avenue Charles DE GAULLE,M,43.96748322763454,4.964725420000571
201800003938,NonLethal,2018-11-29,08:10:00,Daylight,840,141,Yes,Roundabout,Normal,2Vehicles-Side,Avenue Pierre DE COUBERT,M,43.97772918167891,4.979041371746961
201800003939,NonLethal,2018-12-11,08:25:00,Daylight,840,141,Yes,Other,Normal,Other,Rue du cheval Blanc,M,43.97309948346616,4.97103002775162
201800003942,NonLethal,2018-03-02,10:10:00,Daylight,840,54,Yes,NoIntersection,Normal,Other,291 route de carpentras,M,43.92916833551255,5.929592077744029
201800003943,Lethal,2018-04-27,22:40:00,NightNoStreetLight,840,54,No,NoIntersection,Normal,2Vehicles-BehindVehicles-Frontal,CD 938 route de cavaillo,M,43.8865393543459,5.887729697102004
201800003944,Lethal,2018-11-05,19:30:00,Daylight,840,132,No,X-type,Normal,2Vehicles-BehindVehicles-Frontal,Route de fontaine de Vau,M,43.89807008953017,4.898815198513367
201800003945,NonLethal,2018-06-30,09:30:00,Daylight,840,54,No,NoIntersection,Normal,2Vehicles-Side,Départementale 31,M,43.911435874033046,5.910797461921681
201800003947,NonLethal,2018-09-03,16:25:00,Daylight,840,54,Yes,NoIntersection,Normal,2Vehicles-Side,avenue léon Reboul,M,43.92425515049685,5.925065474523508
201800003949,Lethal,2018-12-23,21:59:00,NightNoStreetLight,840,132,No,NoIntersection,Normal,Other,CD31,M,,
201800003950,NonLethal,2018-02-13,17:55:00,TwilightOrDawn,840,92,Yes,NoIntersection,Normal,Other,40 avenue THEOPHILE DELO,M,43.96672021886944,4.966037501770581
201800003951,NonLethal,2018-02-15,12:08:00,Daylight,840,92,Yes,X-type,Normal,3+Vehicles-Chain,117 route de lyon,M,43.96970087779929,4.9700506013353
201800003952,NonLethal,2018-02-15,11:00:00,Daylight,840,92,Yes,NoIntersection,Normal,Other,2 rue anicet achard,M,43.96119983165123,4.962989188808188
201800003953,NonLethal,2018-02-23,14:45:00,Daylight,840,92,Yes,T-type,Normal,2Vehicles-Behind,64 Avenue Charles de Gau,M,43.955403244924746,4.956671107682581
201800003955,NonLethal,2018-04-17,07:45:00,Daylight,840,92,Yes,NoIntersection,Normal,Other,avenue Guillaume de Farg,M,43.96203884904629,4.961155515569286
201800003957,NonLethal,2018-05-15,17:15:00,Daylight,840,92,Yes,NoIntersection,Normal,2Vehicles-Side,26 avenue Charles de Gau,M,43.95829071163166,4.9593255423004585
201800003958,NonLethal,2018-06-19,22:30:00,NightStreelightsOn,840,92,Yes,NoIntersection,Normal,2Vehicles-Side,47 avenue Charles de Gau,M,43.95724676327328,4.956417852465969
201800003959,Lethal,2018-09-29,05:55:00,NightNoStreetLight,840,92,Yes,NoIntersection,Normal,Other,RD 907 FACE A LA DISCOTH,M,43.96987655778784,4.971458761930427
201800003960,NonLethal,2018-09-28,22:10:00,NightStreelightsOn,840,92,No,NoIntersection,Normal,Other,CD225,M,43.97251760840008,4.9725983531885545
201800003961,NonLethal,2018-11-26,20:30:00,NightNoStreetLight,840,92,No,NoIntersection,Normal,Other,CD 225 - VOIE RAPIDE SEN,M,43.96958225545792,4.972248308347074
201800003962,NonLethal,2018-07-03,08:00:00,Daylight,840,16,Yes,T-type,Normal,2Vehicles-Side,Route de CAMSAUD,M,44.03202266682208,4.03258303538282
201800003963,NonLethal,2018-07-13,21:30:00,TwilightOrDawn,840,129,No,Other,Normal,2Vehicles-Side,Route d'Entraigues sur l,M,44.003714121725054,4.003356950086626
201800003964,Lethal,2018-10-19,07:20:00,Daylight,840,129,Yes,Other,Normal,2Vehicles-Side,Avenue d'avignon,M,43.99967908489075,4.9990001988756525
201800003965,NonLethal,2018-12-18,06:45:00,NightStreelightsOn,840,129,Yes,NoIntersection,Other,Other,Avenue Pablo Picasso,M,44.003774513019,4.005678611957584
201800003966,NonLethal,2018-02-14,18:00:00,Daylight,840,3,Yes,NoIntersection,Normal,Other,avenue Philippe de Girar,M,43.87682189449294,5.876834883155112
201800003967,Lethal,2018-03-15,17:10:00,Daylight,840,47,No,NoIntersection,LightRain,Other,RD 101,M,43.89665806616846,5.8969134867446025
201800003968,NonLethal,2018-05-05,13:45:00,Daylight,840,3,Yes,NoIntersection,Normal,NoCollision,Rue de Viton,M,43.88063721377855,5.879856409995333
201800003970,NonLethal,2018-05-30,08:05:00,Daylight,840,3,Yes,NoIntersection,Normal,3+Vehicles-Multiple,178 A avenue du viaduc,M,43.88587349269233,5.885040707465987
201800003971,NonLethal,2018-07-29,16:10:00,Daylight,840,3,No,NoIntersection,Normal,2Vehicles-BehindVehicles-Frontal,chemin du plan,M,43.89022948681176,5.890250936632884
201800003972,NonLethal,2018-08-16,08:50:00,Daylight,840,3,Yes,T-type,Normal,2Vehicles-Side,quai général Leclerc,M,43.87605208245269,5.87694298378972
201800003973,NonLethal,2018-09-17,14:00:00,Daylight,840,3,Yes,NoIntersection,Normal,NoCollision,Avenue des Bories,M,43.880328729444486,5.880005882008289
201800003974,Lethal,2018-05-10,02:00:00,NightNoStreetLight,840,103,No,NoIntersection,Normal,Other,RD 22,M,43.91830933700043,5.918722890525702
201800003975,NonLethal,2018-10-26,18:45:00,NightStreelightsOn,840,3,Yes,Roundabout,Normal,Other,rond point de l'Olivier,M,43.88107022739472,5.878194659220597
201800003977,NonLethal,2018-06-12,17:45:00,NightNoStreetLight,840,3,No,NoIntersection,Normal,NoCollision,RD 900 QUARTIER LE CHENE,M,43.87673884407524,5.8756519634773765
201800003979,NonLethal,2018-01-17,18:00:00,NightNoStreetLight,840,74,No,Other,Normal,2Vehicles-BehindVehicles-Frontal,intersection RD973 et ch,M,43.75449985221431,5.750061027050768
201800003981,Lethal,2018-02-22,08:00:00,Daylight,840,26,No,NoIntersection,Normal,2Vehicles-BehindVehicles-Frontal,route d'aix en provence,M,43.72970882733617,5.731231110621383
201800003982,NonLethal,2018-05-22,10:20:00,Daylight,840,42,No,NoIntersection,LightRain,2Vehicles-BehindVehicles-Frontal,d27,M,43.765796713288005,5.76758161791597
201800003983,NonLethal,2018-05-26,21:45:00,NightNoStreetLight,840,140,No,NoIntersection,Normal,Other,D27,M,43.75878999870637,5.756964600506249
201800003984,Lethal,2018-06-03,14:30:00,Daylight,840,42,No,NoIntersection,HeavyRain,NoCollision,D56 Route de Vaugines PK,M,43.77538892103944,5.7765017448602505
201800003985,Lethal,2018-04-06,05:30:00,TwilightOrDawn,840,26,No,NoIntersection,Normal,Other,D943 PK/PR 061.400,M,43.71466309883768,5.711827429774413
201800003986,NonLethal,2018-06-18,17:30:00,Daylight,840,42,No,T-type,Normal,Other,"d?partementale 182, rout",M,43.770644823480254,5.769955246494117
201800003988,NonLethal,2018-07-05,18:00:00,Daylight,840,42,No,NoIntersection,VeryGood,NoCollision,RD189,M,43.7786833690332,5.777764879870714
201800003989,NonLethal,2018-08-05,07:00:00,TwilightOrDawn,840,42,No,NoIntersection,Normal,Other,D182,M,43.74326850248435,5.744796275678098
201800003990,NonLethal,2018-08-04,09:50:00,Daylight,840,95,No,NoIntersection,Normal,3+Vehicles-Multiple,D27 PK/PR 000.400,M,43.75342371481492,5.755452165016478
201800003991,NonLethal,2018-09-23,19:55:00,NightNoStreetLight,840,68,Yes,NoIntersection,Normal,2Vehicles-Behind,Route de CADENET,M,43.75912706172062,5.757651314825225
201800003992,NonLethal,2018-10-15,11:00:00,Daylight,840,26,Yes,T-type,Overcast,2Vehicles-Side,Route de Lauris,M,43.7367245909542,5.737279337634306
201800003993,NonLethal,2018-10-21,12:30:00,Daylight,840,26,Yes,NoIntersection,Normal,2Vehicles-Behind,D943,M,43.72843623353552,5.7266826805239415
201800003994,NonLethal,2018-10-21,17:00:00,Daylight,840,147,Yes,X-type,Normal,2Vehicles-BehindVehicles-Frontal,chemin des plaines,M,43.70297878681132,5.703814928993096
201800003995,NonLethal,2018-11-01,18:30:00,NightNoStreetLight,840,12,No,NoIntersection,Normal,Other,D222,M,44.1157454318195,5.113340506235278
201800003996,NonLethal,2018-03-13,16:15:00,Daylight,840,122,No,Other,Normal,Other,route de pied-car,M,44.09877935654707,4.09859841675262
201800003999,NonLethal,2018-05-17,12:50:00,Daylight,840,4,No,NoIntersection,Normal,2Vehicles-BehindVehicles-Frontal,Route de Sarrians,M,44.10065549869315,5.0997367524388
201800004000,NonLethal,2018-02-06,21:15:00,NightNoStreetLight,840,67,No,NoIntersection,Normal,NoCollision,route d'Aubignan (D126),M,44.08304234493605,5.086088389848834
201800004001,NonLethal,2018-08-14,10:30:00,Daylight,840,49,Yes,NoIntersection,VeryGood,Other,Chemin du grame,M,44.1706803199238,5.172925981920576
201800004002,NonLethal,2018-11-12,17:45:00,TwilightOrDawn,840,122,Yes,NoIntersection,Normal,2Vehicles-Side,boulevard du comtat vena,M,44.08758856596988,4.086240235788543
201800004003,NonLethal,2018-12-22,05:45:00,NightNoStreetLight,840,122,Yes,NoIntersection,Normal,Other,Route de Vaqueyras - D21,M,44.09990389493439,4.102803655598762
201800004004,NonLethal,2018-12-25,12:05:00,Daylight,840,4,Yes,NoIntersection,Normal,2Vehicles-Side,route de sarrians,M,44.09758076731837,5.0992491361554215
201800004005,NonLethal,2018-01-20,13:20:00,Daylight,840,78,No,T-type,LightRain,2Vehicles-Side,RN7,M,44.22798029120144,4.228041206405386
201800004006,NonLethal,2018-01-30,06:45:00,NightNoStreetLight,840,63,No,NoIntersection,Normal,NoCollision,RD 994,M,44.25899857556255,4.26028926641523
201800004007,NonLethal,2018-02-23,17:00:00,Daylight,840,19,Yes,Other,Normal,Other,227 avenue emest lafont,M,44.295581865878745,4.293759481662124
201800004008,NonLethal,2018-05-25,10:05:00,Daylight,840,78,No,NoIntersection,VeryGood,NoCollision,RD44,M,44.25678541081275,4.256284023554132
201800004009,NonLethal,2018-06-29,07:30:00,Daylight,840,19,No,NoIntersection,Normal,2Vehicles-Side,"Rn7, quartier la croisiè",M,44.26732996753091,4.269146011613159
201800004010,NonLethal,2018-10-21,23:00:00,NightNoStreetLight,840,64,No,NoIntersection,Normal,2Vehicles-BehindVehicles-Frontal,D63,M,44.297304235523605,4.297352978333319
201800004011,NonLethal,2018-11-24,15:20:00,Daylight,840,64,No,NoIntersection,Normal,2Vehicles-Side,Nationale 7,M,44.315009215378645,4.314612980591583
201800004012,NonLethal,2018-11-27,17:40:00,NightNoStreetLight,840,78,No,NoIntersection,Normal,2Vehicles-Side,RN7 Zone Industrielle No,M,44.2592146840151,4.262008804064524
201800004013,NonLethal,2018-12-11,15:45:00,Daylight,840,19,Yes,T-type,Normal,2Vehicles-Side,Avenue Andr? Rombeau,M,44.27642626339559,4.2773353332631086
201800004014,Lethal,2018-02-02,18:45:00,NightNoStreetLight,840,150,No,NoIntersection,Normal,2Vehicles-Behind,RD 20,M,44.30368407879516,4.302871362953964
201800004015,NonLethal,2018-02-08,17:20:00,TwilightOrDawn,840,138,Yes,NoIntersection,VeryGood,Other,16 avenue marechal lecle,M,44.38732093090851,4.3877909543301445
201800004016,NonLethal,2018-03-19,08:20:00,Daylight,840,138,No,X-type,Normal,2Vehicles-Side,RD47,M,44.40061744670355,4.401981745082229
201800004017,NonLethal,2018-05-26,11:15:00,Daylight,840,138,Yes,NoIntersection,Normal,Other,4 bis Aristide BRIAND,M,44.38177862463582,4.38361944649604
201800004019,NonLethal,2018-09-28,10:00:00,Daylight,840,138,Yes,NoIntersection,Normal,Other,01 Avenue Charles de GAU,M,44.38687477395805,4.385303916232095
201800004020,NonLethal,2018-09-10,11:00:00,Daylight,840,53,Yes,NoIntersection,Normal,2Vehicles-Side,D941,M,44.396107531842034,4.396314769881241
201800004021,NonLethal,2018-11-02,16:50:00,Daylight,840,138,Yes,NoIntersection,Normal,Other,avenue general de gaulle,M,44.3827011626224,4.383433032748635
201800004023,NonLethal,2018-02-20,09:31:00,Daylight,340,57,Yes,X-type,Normal,2Vehicles-Side,Place Charles De Gaulle,M,43.629959961217686,3.629324176925251
201800004024,NonLethal,2018-03-23,12:37:00,Daylight,340,57,Yes,T-type,Normal,2Vehicles-Side,avenue marcel dassault,M,43.62357972369756,3.623797848210428
201800004025,NonLethal,2018-06-22,14:45:00,Daylight,340,57,No,Roundabout,Normal,2Vehicles-Side,rond point domitia,M,43.64770634354869,3.649930810408976
201800004026,NonLethal,2018-08-26,06:10:00,NightStreelightsOn,340,57,Yes,NoIntersection,Normal,2Vehicles-BehindVehicles-Frontal,D21,M,43.636604180103966,3.6374668113851856
201800004027,NonLethal,2018-03-05,16:45:00,Daylight,340,227,No,NoIntersection,Normal,Other,RD610,M,43.74127371742614,4.740341891956249
201800004028,NonLethal,2018-03-24,19:50:00,NightStreelightsOn,340,58,Yes,NoIntersection,Normal,2Vehicles-Behind,D610,M,43.67227146268202,3.673905354806252
201800004030,NonLethal,2018-04-12,19:10:00,Daylight,340,249,No,NoIntersection,LightRain,Other,D54 - AVENUE DES CEVENNE,M,43.73669720687481,3.740096063951871
201800004031,NonLethal,2018-04-22,17:50:00,Daylight,340,22,No,NoIntersection,Normal,NoCollision,RN 113,M,43.65374028675125,3.6526076165327015
201800004034,NonLethal,2018-06-28,16:45:00,Daylight,340,327,Yes,T-type,Normal,2Vehicles-Side,d 613,M,43.65204844236818,3.6502591279704855
201800004037,NonLethal,2018-09-06,19:30:00,NightStreelightsOn,340,22,Yes,T-type,Normal,2Vehicles-Side,RN113,M,43.656761605778,4.658781659562719
201800004038,NonLethal,2018-09-12,18:15:00,Daylight,340,22,Yes,X-type,Normal,Other,rue des Colombiers,M,43.65838520925496,4.65560751677548
201800004039,NonLethal,2018-09-18,18:15:00,Daylight,340,327,Yes,NoIntersection,Normal,2Vehicles-Side,D613,M,43.65252014554565,3.650721449134338
201800004042,NonLethal,2018-10-27,08:55:00,TwilightOrDawn,340,58,No,NoIntersection,Normal,Other,M610,M,43.66548154757536,3.6673312285874657
201800004043,NonLethal,2018-11-16,08:45:00,Daylight,340,22,Yes,NoIntersection,Normal,2Vehicles-Side,105 rue de colombiers,M,43.65816311337496,4.657600150079621
201800004045,Lethal,2018-02-15,07:15:00,Daylight,340,344,No,NoIntersection,LightRain,2Vehicles-Behind,D 62,M,43.56929485606161,4.56894345595297
201800004046,NonLethal,2018-04-20,02:30:00,NightStreelightsOn,340,154,Yes,Other,Normal,Other,D62E2,M,43.54747489644553,3.5456014255369324
201800004048,NonLethal,2018-07-09,19:30:00,Daylight,340,344,Yes,NoIntersection,Normal,2Vehicles-Side,avenue de la petite mott,M,43.564600127654856,4.5656690917061145