AccidentId,Gravity,Date,Hour,Light,Department,Commune,InAgglomeration,IntersectionType,Weather,CollisionType,PostalAddress,GPSCode,Latitude,Longitude
201800004049,NonLethal,2018-07-13,08:00:00,Daylight,340,344,No,NoIntersection,Normal,2Vehicles-Behind,RD 62,M,43.56366263017173,4.56413581947533
201800004050,NonLethal,2018-12-10,10:15:00,Daylight,340,344,No,NoIntersection,Normal,NoCollision,RD 62,M,43.57091423636276,4.571182081648965
201800004051,NonLethal,2018-10-25,16:45:00,Daylight,340,344,Yes,NoIntersection,VeryGood,2Vehicles-Side,AVENUE JEAN BENE,M,43.56181510471029,4.561943599571672
201800004053,NonLethal,2018-01-18,12:00:00,Daylight,340,146,No,NoIntersection,Normal,2Vehicles-BehindVehicles-Frontal,RN 113,M,43.68020561162113,4.681618594457664
201800004055,NonLethal,2018-08-04,23:10:00,NightNoStreetLight,340,33,No,NoIntersection,LightRain,Other,Route départementale 6l0,M,43.74609170416733,4.747567790246844
201800004056,NonLethal,2018-04-09,16:00:00,Daylight,340,151,Yes,NoIntersection,Normal,Other,Boulevard Louis Uni Appo,M,43.66264234680243,4.664521122557457
201800004057,Lethal,2018-04-17,16:05:00,Daylight,340,340,No,NoIntersection,Normal,Other,D110 route de Saturargue,M,43.72352913473719,4.723602525367682
201800004059,NonLethal,2018-05-25,04:45:00,NightNoStreetLight,340,151,No,NoIntersection,Normal,2Vehicles-BehindVehicles-Frontal,D61 - Route de la Mer,M,43.63966204001886,4.640753776859635
201800004060,NonLethal,2018-05-25,07:35:00,Daylight,340,294,No,NoIntersection,Normal,Other,D34,M,43.714607004448,4.715485732846186
201800004062,Lethal,2018-07-01,19:35:00,Daylight,340,288,No,NoIntersection,Normal,NoCollision,D34,M,43.7353785492151,4.733930745826244
201800004063,NonLethal,2018-07-01,09:50:00,Daylight,340,146,No,NoIntersection,Normal,2Vehicles-Behind,nll3,M,43.67709308818695,4.676769285373074
201800004064,NonLethal,2018-07-06,07:30:00,Daylight,340,151,No,NoIntersection,Normal,2Vehicles-Behind,CD 62- ROUTE DE LA PETIT,M,43.57306340134887,4.574359445667793
201800004065,NonLethal,2018-07-10,23:55:00,NightStreelightsOn,340,145,No,NoIntersection,Normal,2Vehicles-Side,n 113,M,43.67824538903185,4.678628622113579
201800004066,NonLethal,2018-07-26,16:45:00,Daylight,340,151,No,NoIntersection,Normal,3+Vehicles-Multiple,Route de la Mer - D61,M,43.620915966652575,4.6222018849443325
201800004067,Lethal,2018-07-27,08:45:00,Daylight,340,145,No,NoIntersection,Normal,2Vehicles-Side,D34 - Route de Sommières,M,43.695143828110254,4.693775608641222
201800004069,NonLethal,2018-09-11,02:50:00,NightNoStreetLight,340,145,No,NoIntersection,HeavyRain,Other,D61,M,43.627528972171845,4.629361540675613
201800004072,NonLethal,2018-04-02,18:05:00,Daylight,340,240,No,NoIntersection,Normal,NoCollision,chemin de calage,M,43.6185934687534,3.617928973863625
201800004073,NonLethal,2018-05-04,08:45:00,Daylight,340,154,No,Other,Normal,2Vehicles-Side,intersection CD 112 / ch,M,43.63845096803898,3.638242418016312
201800004074,NonLethal,2018-04-27,08:00:00,Daylight,340,154,No,T-type,Normal,2Vehicles-Behind,Dl89,M,43.61236280617899,3.6118234528581774
201800004075,NonLethal,2018-04-30,15:08:00,Daylight,340,154,No,NoIntersection,Normal,Other,Linéaire Aéroport MONTPE,M,43.57883147897071,3.579760771675719
201800004076,NonLethal,2018-05-16,12:20:00,Daylight,340,154,Yes,NoIntersection,Normal,2Vehicles-Side,avenue de la mer,M,43.61102429456622,4.613910105274889
201800004077,NonLethal,2018-05-26,15:30:00,Daylight,340,176,No,NoIntersection,Normal,2Vehicles-BehindVehicles-Frontal,RD 189,M,43.65113536941724,4.650529119282609
201800004078,NonLethal,2018-06-14,16:25:00,Daylight,340,50,No,X-type,Normal,2Vehicles-Side,CD24,M,43.636408012836185,4.638020767448434
201800004079,NonLethal,2018-06-16,09:25:00,Daylight,340,154,No,X-type,Normal,2Vehicles-Side,"Route de baillargues, CD",M,43.6310010755258,4.629267079833319
201800004081,NonLethal,2018-07-04,19:30:00,Daylight,340,154,No,NoIntersection,Normal,NoCollision,RD 172,M,43.617302550529054,4.61550093192413
201800004082,NonLethal,2018-08-27,09:00:00,Daylight,340,176,No,NoIntersection,Normal,NoCollision,route de mauguio,M,43.6411152100814,4.641240632107767
201800004083,NonLethal,2018-09-15,14:15:00,Daylight,340,154,No,NoIntersection,Normal,NoCollision,CD172 linéaire dépose mi,M,43.57828108107065,3.5780011649329584
201800004084,NonLethal,2018-09-19,16:40:00,Daylight,340,154,No,X-type,Normal,2Vehicles-Side,Route Départementale D24,M,43.6238389005363,4.624570289238675
201800004085,NonLethal,2018-09-28,17:30:00,Daylight,340,154,No,NoIntersection,Normal,3+Vehicles-Multiple,RD 189,M,43.61541325976419,3.6169595791246114
201800004086,Lethal,2018-01-10,23:20:00,NightNoStreetLight,340,240,No,NoIntersection,Normal,Other,chemin du mas de calage,M,43.61764284895603,3.6179128184087386
201800004088,NonLethal,2018-11-19,23:45:00,NightNoStreetLight,340,154,No,X-type,LightRain,2Vehicles-Side,CD112,M,43.63903503345872,3.638258793416649
201800004089,Lethal,2018-01-12,08:45:00,Daylight,340,154,No,T-type,Normal,2Vehicles-Behind,Route de Vendargues,M,43.63196848191826,3.630417017392071
201800004090,Lethal,2018-12-03,19:50:00,NightNoStreetLight,340,127,No,NoIntersection,Normal,Other,CD l05,M,43.65806313648656,4.661516215802105
201800004091,NonLethal,2018-01-07,10:25:00,Daylight,340,48,No,NoIntersection,Normal,2Vehicles-Behind,D120E3,M,43.78484585160552,4.785722255673809
201800004094,NonLethal,2018-06-06,19:30:00,Daylight,340,265,No,NoIntersection,Normal,2Vehicles-BehindVehicles-Frontal,D120,M,43.74314083854328,4.745604340303235
201800004095,NonLethal,2018-09-04,07:40:00,Daylight,340,322,No,T-type,Normal,2Vehicles-Behind,Route de QUISSAC,M,43.79815909558754,3.799866995432237
201800004099,NonLethal,2018-02-06,10:30:00,Daylight,340,226,Yes,NoIntersection,Normal,Other,Rue du château d'eau,M,43.34364624892389,2.3455521757336464
201800004100,NonLethal,2018-06-18,15:22:00,Daylight,340,52,Yes,NoIntersection,Normal,2Vehicles-Side,Avenue de NISSAN,M,43.32541546781477,3.327812487327234
201800004101,NonLethal,2018-08-03,09:50:00,Daylight,340,183,Yes,T-type,Normal,2Vehicles-Side,Avenue de la gare,M,43.29067142835297,3.2905866088112856
201800004102,NonLethal,2018-08-15,11:50:00,Daylight,340,52,No,NoIntersection,Normal,NoCollision,D16,M,43.34210831800976,3.340202005227058
201800004103,NonLethal,2018-10-09,18:50:00,Daylight,340,135,No,NoIntersection,Normal,NoCollision,D 14,M,43.29823319841471,3.2968256197132915
201800004104,Lethal,2018-09-11,10:35:00,Daylight,340,135,No,T-type,Normal,2Vehicles-Side,RD 14,M,43.29417409199467,3.294400689386282
201800004105,Lethal,2018-11-26,19:00:00,NightNoStreetLight,340,183,No,NoIntersection,Normal,2Vehicles-BehindVehicles-Frontal,CD609,M,43.28887819207833,3.2900852071418503
201800004106,NonLethal,2018-12-02,12:10:00,Daylight,340,81,No,NoIntersection,Normal,Other,RD 609,M,43.3099891897542,3.310387615961507
201800004108,NonLethal,2018-01-16,19:40:00,NightNoStreetLight,340,98,No,NoIntersection,StrongWindOrStorm,2Vehicles-Behind,"Lieu-dit ""Le Prince""",M,43.43442973258583,2.432655921265009
201800004110,Lethal,2018-03-18,06:15:00,TwilightOrDawn,340,26,No,NoIntersection,Normal,2Vehicles-BehindVehicles-Frontal,"Lieu-dit ""Saint Joly""",M,43.29368668333903,2.2951934323450818
201800004111,NonLethal,2018-07-25,12:05:00,Daylight,340,7,Yes,Roundabout,Normal,NoCollision,Grand Rue,M,43.33772944795984,2.3364032694039527
201800004112,NonLethal,2018-08-27,10:15:00,Daylight,340,189,No,NoIntersection,VeryGood,2Vehicles-Behind,RD 11 PK19+200,M,43.26706256182238,2.266888258156816
201800004113,Lethal,2018-01-17,07:45:00,TwilightOrDawn,340,166,No,NoIntersection,StrongWindOrStorm,NoCollision,D18,M,43.399696813146456,3.397485059026063
201800004114,NonLethal,2018-01-24,09:10:00,Daylight,340,199,Yes,NoIntersection,Normal,NoCollision,Avenue du Maréchal Lecle,M,43.45911487037805,3.459415605704769
201800004116,NonLethal,2018-05-19,19:30:00,Daylight,340,162,No,T-type,Overcast,Other,route départementale D5,M,43.48607910999007,3.4877409018339667
201800004117,NonLethal,2018-05-23,13:10:00,Daylight,340,199,No,NoIntersection,Normal,Other,RD13,M,43.46800176121509,3.46932856208979
201800004118,NonLethal,2018-07-14,20:30:00,Daylight,340,199,No,NoIntersection,Normal,2Vehicles-BehindVehicles-Frontal,D32 E5,M,43.44801258297751,3.447781105729504
201800004119,Lethal,2018-07-26,00:30:00,NightNoStreetLight,340,103,No,NoIntersection,Normal,NoCollision,RD 124,M,43.53637178903446,3.53532875988011
201800004120,NonLethal,2018-07-29,09:40:00,Daylight,340,199,No,NoIntersection,Normal,2Vehicles-BehindVehicles-Frontal,D6O9,M,43.48015445343504,3.481184358145482
201800004121,NonLethal,2018-08-10,09:13:00,Daylight,340,9,Yes,NoIntersection,Normal,Other,rue de la glacière,M,43.46855805891411,3.4688825495658717
201800004122,NonLethal,2018-01-09,12:30:00,Daylight,340,199,No,Other,Normal,2Vehicles-Side,D 13,M,43.46422281185172,3.4659512488361632
201800004125,NonLethal,2018-11-03,19:15:00,NightStreelightsOn,340,199,No,X-type,Normal,2Vehicles-Side,route de roujan,M,43.46408235242033,3.4635524231879478
201800004126,Lethal,2018-11-05,12:45:00,Daylight,340,162,No,Roundabout,Normal,Other,D.613,M,43.48117955116975,3.478806705216801
201800004127,NonLethal,2018-12-04,14:00:00,Daylight,340,199,Yes,T-type,Normal,2Vehicles-Side,route de verdun,M,43.45295857168834,3.4532828792567
201800004128,NonLethal,2018-12-08,05:30:00,NightStreelightsOn,340,199,Yes,NoIntersection,Normal,Other,Chemin de l'amandier,M,43.44868799026335,3.452405161746841
201800004130,NonLethal,2018-12-08,15:45:00,Daylight,340,199,No,Other,Normal,2Vehicles-BehindVehicles-Frontal,Route de Roujan,M,43.46482321230896,3.4639684160397475
201800004132,NonLethal,2018-03-07,11:10:00,Daylight,340,299,Yes,Other,Normal,Other,RD64,M,43.26979313384682,3.270519381894519
201800004133,NonLethal,2018-04-18,17:45:00,Daylight,340,209,Yes,NoIntersection,Normal,Other,Avenue du Grand Salan,M,43.279788779787,3.28146308475191
201800004134,NonLethal,2018-06-23,10:35:00,Daylight,340,329,Yes,NoIntersection,Normal,2Vehicles-Side,Chemin des Cardonilles,M,43.26943849436198,3.268598608571104
201800004135,NonLethal,2018-02-08,11:45:00,Daylight,340,329,No,Roundabout,Normal,2Vehicles-Behind,Giratoire D37E9/D64,M,43.25228815876511,3.252943681702605
201800004136,NonLethal,2018-08-26,17:55:00,Daylight,340,299,No,T-type,VeryGood,2Vehicles-Side,route de valras,M,43.27298406281067,3.273476915230056
201800004137,Lethal,2018-12-09,01:45:00,NightNoStreetLight,340,299,No,NoIntersection,FogOrSmoke,2Vehicles-BehindVehicles-Frontal,RD64,M,43.29798811459817,3.296284783009761
201800004138,NonLethal,2018-11-14,16:00:00,Daylight,340,299,Yes,Roundabout,Normal,2Vehicles-Side,D37E11,M,43.28687307509771,3.287083385784714
201800004140,NonLethal,2018-01-15,19:20:00,NightStreelightsOn,340,165,Yes,NoIntersection,Normal,2Vehicles-BehindVehicles-Frontal,Avenue de Poussan,M,43.51391018289442,3.513782446954969
201800004141,NonLethal,2018-04-13,08:40:00,Daylight,340,213,No,NoIntersection,Overcast,2Vehicles-Behind,RD 613,M,43.4720762463744,3.4721782278714497
201800004142,NonLethal,2018-04-26,12:00:00,Daylight,340,165,No,NoIntersection,Normal,2Vehicles-BehindVehicles-Frontal,RD5,M,43.51774346268442,3.517531290852627
201800004143,NonLethal,2018-05-09,21:40:00,NightNoStreetLight,340,213,No,NoIntersection,LightRain,Other,rue bufa rent,M,43.49862564840781,3.4995311544206347
201800004144,Lethal,2018-06-03,06:00:00,TwilightOrDawn,340,213,No,NoIntersection,Normal,Other,Chemin des Romarins,M,43.46652989141647,3.4647027069583665
201800004146,NonLethal,2018-06-22,23:25:00,NightNoStreetLight,340,113,No,NoIntersection,Normal,NoCollision,RD613,M,43.48330875205443,3.483890110759257
201800004147,NonLethal,2018-06-26,18:30:00,Daylight,340,24,Yes,NoIntersection,Normal,2Vehicles-Side,Route départementale 2,M,43.46643289112916,3.4669346923393927
201800004148,NonLethal,2018-08-21,10:40:00,Daylight,340,165,No,NoIntersection,Normal,2Vehicles-BehindVehicles-Frontal,route de cournonterral,M,43.52382599010448,3.520848314618084
201800004151,NonLethal,2018-09-29,18:55:00,Daylight,340,24,No,NoIntersection,Normal,Other,D129 - AVENUE DE POUSSAN,M,43.46327292472756,3.461395321535326
201800004152,NonLethal,2018-10-07,18:30:00,Daylight,340,23,Yes,NoIntersection,Normal,NoCollision,rue des tamaris,M,43.45127246101222,3.452740749992717
201800004153,NonLethal,2018-10-14,03:15:00,NightStreelightsOn,340,113,Yes,NoIntersection,LightRain,Other,RD613- Face au n°58,M,43.499846954383365,3.499903347507327
201800004154,NonLethal,2018-10-20,21:45:00,NightNoStreetLight,340,23,Yes,NoIntersection,Normal,NoCollision,avenue de la gare,M,43.44461640520503,3.444108203507871
201800004155,NonLethal,2018-11-05,11:45:00,Daylight,340,23,Yes,NoIntersection,Normal,Other,avenue du port,M,43.44031581758476,3.440468140476696
201800004157,NonLethal,2018-01-02,12:00:00,Daylight,340,213,No,NoIntersection,Overcast,Other,613,M,43.465881419067145,3.4682472388035923
201800004159,NonLethal,2018-03-20,10:50:00,Daylight,340,143,No,T-type,Normal,2Vehicles-Side,RD 158E4,M,43.44311715678963,3.4434279423505902
201800004160,NonLethal,2018-04-27,14:00:00,Daylight,340,157,Yes,NoIntersection,Normal,2Vehicles-Side,RUE DU CARAIDOU,M,43.4190545408535,3.419677126246514
201800004161,NonLethal,2018-05-05,15:00:00,Daylight,340,157,Yes,T-type,Normal,2Vehicles-Side,route de villeveyrac,M,43.43163176328036,3.432394912767237
201800004162,NonLethal,2018-06-27,08:30:00,Daylight,340,143,No,T-type,Normal,2Vehicles-Side,RD 158E4,M,43.44265081936496,3.4437102295897075
201800004164,Lethal,2018-08-24,00:20:00,NightNoStreetLight,340,157,No,NoIntersection,Normal,Other,Route département 5E8,M,43.462559677253104,3.4626024878038715
201800004165,NonLethal,2018-10-27,02:45:00,NightNoStreetLight,340,341,No,NoIntersection,LightRain,Other,RD 158 E 3,M,43.48962823112776,3.4887421638749303
201800004166,NonLethal,2018-12-31,05:00:00,NightNoStreetLight,340,39,No,NoIntersection,Normal,Other,RD 613,M,43.45125191201559,3.448473429494872
201800004167,NonLethal,2018-11-01,18:40:00,NightNoStreetLight,110,286,No,NoIntersection,LightRain,2Vehicles-Behind,CD11,M,43.29257923886501,2.2923399907425384
201800004168,NonLethal,2018-07-29,21:30:00,NightStreelightsOn,110,315,Yes,X-type,Normal,2Vehicles-Side,113 avenue Georges Cleme,M,43.28382981539535,2.2816283262543315
201800004170,NonLethal,2018-12-24,13:40:00,Daylight,110,190,Yes,NoIntersection,Normal,Other,rue du Pic de Nore,M,43.25187369074276,2.253295624828556
201800004171,Lethal,2018-04-27,16:10:00,Daylight,110,76,No,T-type,Normal,2Vehicles-Side,Intersection D28 et D624,M,43.347108821388346,1.3474278012789216
201800004172,NonLethal,2018-08-05,13:20:00,Daylight,110,252,No,NoIntersection,Normal,2Vehicles-BehindVehicles-Frontal,d1,M,43.399610603701326,1.398525916057495
201800004173,NonLethal,2018-05-29,11:50:00,Daylight,110,76,No,NoIntersection,Normal,2Vehicles-Side,D103,M,43.31766223570855,1.315998086565329
201800004174,NonLethal,2018-06-10,19:45:00,TwilightOrDawn,110,356,No,NoIntersection,HeavyRain,Other,Route Départementale 33,M,43.28672986829255,1.2879586314313332
201800004175,NonLethal,2018-06-07,18:00:00,Daylight,110,76,Yes,Roundabout,VeryGood,NoCollision,rond point du 4éme RE,M,43.301658393747054,1.301952398254403
201800004176,NonLethal,2018-09-10,14:45:00,Daylight,110,76,Yes,Other,StrongWindOrStorm,Other,Place de la République,M,43.31866450414015,1.3194340082911011
201800004177,NonLethal,2018-10-03,01:10:00,NightNoStreetLight,110,91,No,NoIntersection,Normal,Other,CD 620,M,42.96282146533756,2.9644865319619726
201800004178,NonLethal,2018-06-13,13:00:00,Daylight,110,336,No,NoIntersection,Normal,3+Vehicles-Multiple,CD620,M,42.95256675066678,1.953502030747475
201800004179,NonLethal,2018-07-25,10:50:00,Daylight,110,303,No,NoIntersection,Normal,2Vehicles-Side,RD 117 - Route De Belest,M,42.90809639952976,2.908545484666371
201800004180,NonLethal,2018-03-09,08:15:00,Daylight,110,333,No,NoIntersection,Normal,Other,D63 PK 27 + 350,M,43.01820037652025,2.017769910743002
201800004181,NonLethal,2018-09-10,12:15:00,Daylight,110,303,No,NoIntersection,Normal,2Vehicles-Side,RD 117 - PR 37 + 200,M,42.91022585655666,2.9104233150841785
201800004182,Lethal,2018-11-03,18:20:00,NightNoStreetLight,110,58,No,NoIntersection,Normal,2Vehicles-BehindVehicles-Frontal,CD623,M,43.154418192957294,2.15338671056989
201800004183,NonLethal,2018-04-01,17:30:00,Daylight,110,266,No,NoIntersection,Normal,2Vehicles-Behind,RD 6139,M,43.02681115211836,3.0242827017478
201800004185,Lethal,2018-04-06,23:12:00,NightNoStreetLight,110,379,No,NoIntersection,Normal,2Vehicles-BehindVehicles-Frontal,D6009,M,43.05393792383723,2.0545820097181724
201800004186,Lethal,2018-08-04,19:23:00,Daylight,110,379,No,NoIntersection,HeavyRain,2Vehicles-BehindVehicles-Frontal,D6009 - Hameau du Lac,M,43.043794847966886,2.0448209658480083
201800004187,Lethal,2018-05-19,23:06:00,NightStreelightsOn,110,266,Yes,Roundabout,Normal,Other,Intersection Bd Général,M,43.01606771417847,3.0192785471126227
201800004189,NonLethal,2018-07-19,12:25:00,Daylight,110,379,No,NoIntersection,Normal,2Vehicles-BehindVehicles-Frontal,CD6009,M,43.04411055784337,2.044568370668377
201800004190,NonLethal,2018-02-02,12:30:00,Daylight,300,156,Yes,Other,Normal,2Vehicles-Side,Avenue Clément Ader,M,43.86721494253606,4.868722115345257
201800004192,NonLethal,2018-07-10,08:50:00,Daylight,300,39,Yes,T-type,Normal,Other,RUE DU MISTRAL,M,43.88054436513232,4.8814865432497525
201800004193,NonLethal,2018-07-22,10:20:00,Daylight,300,156,Yes,Roundabout,Normal,2Vehicles-Side,rn6086,M,43.86552589883334,4.865464060575588
201800004194,NonLethal,2018-08-27,06:50:00,Daylight,300,145,No,T-type,VeryGood,2Vehicles-BehindVehicles-Frontal,CD 500,M,43.89359083962172,4.890189942878081
201800004195,NonLethal,2018-05-10,18:40:00,Daylight,300,57,No,NoIntersection,Normal,2Vehicles-BehindVehicles-Frontal,Route départementale 3,M,43.8959725460051,4.896430918618967
201800004196,NonLethal,2018-11-02,20:00:00,NightStreelightsOn,300,155,Yes,NoIntersection,Normal,NoCollision,Face au 194 chemin bas,M,43.82076201025427,4.820210310515478
201800004198,NonLethal,2018-11-10,14:00:00,Daylight,300,145,Yes,Other,LightRain,2Vehicles-Side,Chemin de Valourière (ro,M,43.92057703930657,4.919234501308385
201800004199,NonLethal,2018-09-12,14:10:00,Daylight,300,211,Yes,X-type,Normal,2Vehicles-Side,Intersection CD 3 - Rue,M,43.8317860278226,4.832441694052893
201800004200,NonLethal,2018-03-01,17:35:00,Daylight,300,258,No,NoIntersection,LightRain,Other,RD 6572 - PK 21600,M,43.67030618672074,4.669748629983552
201800004201,NonLethal,2018-04-23,17:50:00,Daylight,300,258,Yes,Square,Normal,Other,rue Michelet,M,43.67857970711601,4.676174359015487
201800004202,NonLethal,2018-09-06,21:45:00,TwilightOrDawn,300,258,No,NoIntersection,Normal,NoCollision,route d'Arles,M,43.67048270261182,4.668735072137507
201800004203,NonLethal,2018-11-08,18:20:00,NightNoStreetLight,300,258,Yes,NoIntersection,LightRain,Other,avenue des costières,M,43.68045672521071,4.678504948926967
201800004204,NonLethal,2018-12-03,10:41:00,Daylight,300,258,No,NoIntersection,LightRain,NoCollision,chemin de loubes,M,43.70997581719293,4.710595319516712
201800004205,NonLethal,2018-12-17,17:18:00,TwilightOrDawn,300,258,Yes,Roundabout,Normal,Other,route de Générac,M,43.67484664124698,4.679580642403055
201800004206,NonLethal,2018-12-20,08:50:00,Daylight,300,128,Yes,NoIntersection,VeryGood,2Vehicles-BehindVehicles-Frontal,chemin de campagnolle,M,43.730978482233546,4.731465356303632
201800004207,Lethal,2018-12-27,01:30:00,NightNoStreetLight,300,128,Yes,NoIntersection,Normal,NoCollision,avenue Jean AURILLON,M,43.73322483028949,4.733231759408052
201800004210,NonLethal,2018-10-06,16:00:00,Daylight,300,203,Yes,NoIntersection,Overcast,2Vehicles-BehindVehicles-Frontal,"lieu dit l'affenadou, CD",M,44.24189470291636,4.245496567914833
201800004211,NonLethal,2018-06-17,13:41:00,Daylight,300,132,Yes,X-type,Normal,Other,rue emile Zola,M,44.20921988513171,4.211730431583178
201800004212,NonLethal,2018-06-23,11:10:00,Daylight,300,132,Yes,Other,Normal,Other,Rue Sainte Barbe,M,44.2113612557256,4.212659148150293
201800004214,NonLethal,2018-07-25,08:55:00,Daylight,300,239,Yes,Other,Normal,Other,haute lavade,M,44.230063246204296,3.228174712967156
201800004215,NonLethal,2018-08-30,22:00:00,NightStreelightsOn,300,132,Yes,NoIntersection,Normal,2Vehicles-Behind,route de trescole,M,44.22219940807581,4.221550394269767
201800004217,NonLethal,2018-06-10,12:35:00,Daylight,300,130,No,Y-type,Normal,2Vehicles-Behind,RD 9O6,M,44.310522982156215,3.307656194641761
201800004218,NonLethal,2018-06-18,16:30:00,Daylight,300,201,No,NoIntersection,Normal,2Vehicles-Side,Route départementale 906,M,44.39438014071245,3.3951372263293744
201800004219,NonLethal,2018-08-19,10:20:00,Daylight,300,130,No,T-type,Normal,NoCollision,Route départementale 906,M,44.30769351526789,3.30706182837205
201800004221,NonLethal,2018-04-28,11:30:00,Daylight,480,4,No,NoIntersection,Normal,NoCollision,Les Rochettes Hautes,M,44.48495016486494,3.484985790300484
201800004222,NonLethal,2018-04-05,09:05:00,Daylight,480,198,No,NoIntersection,Normal,2Vehicles-BehindVehicles-Frontal,RD 906,M,44.45683438789569,3.457917544662584
201800004223,NonLethal,2018-06-20,11:05:00,Daylight,480,119,No,NoIntersection,Normal,Other,RD 906,M,44.501963335122895,3.4999185713110776
201800004224,NonLethal,2018-08-10,11:30:00,Daylight,480,198,No,NoIntersection,Normal,NoCollision,D906,M,44.457630433045146,3.456947523082585
201800004225,NonLethal,2018-05-05,17:30:00,Daylight,660,37,No,NoIntersection,Normal,2Vehicles-Side,CD 81,M,,
201800004227,NonLethal,2018-06-14,07:25:00,Daylight,660,37,No,NoIntersection,Normal,2Vehicles-BehindVehicles-Frontal,RD 81 A,M,42.67010955211865,3.668590645091905
201800004228,NonLethal,2018-07-14,17:00:00,Daylight,660,37,No,NoIntersection,Normal,3+Vehicles-Multiple,D81 A,M,42.66819626921012,3.670711975729615
201800004229,NonLethal,2018-08-12,12:05:00,Daylight,660,37,Yes,NoIntersection,Normal,Other,boulevard las bigues,M,42.70723600351245,3.706217714498313
201800004231,NonLethal,2018-09-20,01:47:00,NightNoStreetLight,660,37,Yes,T-type,Normal,2Vehicles-Side,Avenue de l'Esparrou,M,,
201800004232,NonLethal,2018-09-22,20:30:00,NightStreelightsOn,660,37,Yes,NoIntersection,Normal,2Vehicles-Side,21 avenue de l'esparou,M,42.69599634916588,3.695397043673887
201800004233,Lethal,2018-11-15,17:30:00,NightStreelightsOn,660,37,Yes,NoIntersection,Normal,2Vehicles-BehindVehicles-Frontal,Avenue de la Méditerrané,M,42.69447369544388,3.69322952394956
201800004235,NonLethal,2018-10-12,22:00:00,NightNoStreetLight,660,65,No,NoIntersection,Normal,2Vehicles-Behind,RD914,M,42.61720837485407,2.6172326448648198
201800004237,NonLethal,2018-12-17,22:30:00,NightStreelightsOn,660,65,Yes,X-type,Normal,2Vehicles-Side,RUE DU DOCTEUR CHARLES B,M,42.60206417135765,2.6020092388733485
201800004238,Lethal,2018-12-30,06:20:00,NightNoStreetLight,660,59,Yes,NoIntersection,Normal,Other,Route de Saint Cyprien,M,42.62433757779154,2.622239246661286
201800004239,Lethal,2018-10-04,08:35:00,Daylight,660,140,Yes,NoIntersection,Normal,Other,rue de légalité,M,42.69828472733776,2.697910083163388
201800004240,NonLethal,2018-06-16,19:30:00,Daylight,660,213,Yes,NoIntersection,Normal,2Vehicles-BehindVehicles-Frontal,Chemin des Bassettes,M,42.671855813453234,2.67276246091036
201800004242,NonLethal,2018-07-13,13:30:00,Daylight,660,174,Yes,NoIntersection,Normal,Other,118 avenue du Canigou,M,42.68351864865618,2.683641432145671
201800004243,NonLethal,2018-09-15,14:15:00,Daylight,660,108,No,NoIntersection,Normal,2Vehicles-BehindVehicles-Frontal,"pk7,720 rd612",M,,
201800004245,NonLethal,2018-10-01,20:54:00,NightNoStreetLight,660,164,No,NoIntersection,Normal,2Vehicles-BehindVehicles-Frontal,Départementale 12,M,42.7928107189816,2.794539985188605
201800004246,Lethal,2018-01-29,19:50:00,NightNoStreetLight,660,17,No,NoIntersection,Normal,Other,Départementale 83 PK l+6,M,,
201800004247,NonLethal,2018-02-07,09:20:00,Daylight,660,164,No,NoIntersection,Normal,2Vehicles-Behind,rd 900,M,,
201800004248,NonLethal,2018-02-18,06:30:00,NightNoStreetLight,660,164,No,NoIntersection,Normal,3+Vehicles-Chain,"RD 900, PK 13+700",M,,
201800004250,NonLethal,2018-05-01,01:35:00,NightNoStreetLight,660,212,No,NoIntersection,Overcast,Other,D 51 -,M,,
201800004251,Lethal,2018-05-20,15:30:00,Daylight,660,127,No,NoIntersection,Normal,NoCollision,Lieu dit Font Del Castel,M,42.873705814910686,2.874035112464186
201800004254,NonLethal,2018-01-01,00:45:00,NightStreelightsOn,660,171,Yes,NoIntersection,Normal,Other,RUE ROLAND DORGELÈS,M,42.62011395218738,3.6203726042010063
201800004255,NonLethal,2018-04-06,12:00:00,Daylight,660,171,Yes,Roundabout,Normal,2Vehicles-BehindVehicles-Frontal,rond point de la tine,M,42.61903700073938,3.619608484109024
201800004256,NonLethal,2018-05-26,19:18:00,Daylight,660,171,Yes,NoIntersection,Normal,NoCollision,rue Courteline,M,42.614473606135874,2.61556817003715