AccidentId,Gravity,Date,Hour,Light,Department,Commune,InAgglomeration,IntersectionType,Weather,CollisionType,PostalAddress,GPSCode,Latitude,Longitude
201800004257,NonLethal,2018-06-01,08:00:00,Daylight,660,171,No,NoIntersection,Normal,2Vehicles-BehindVehicles-Frontal,Route Départementale 81,M,42.63038739408412,2.6277694459719743
201800004258,Lethal,2018-06-13,20:00:00,Daylight,660,171,No,NoIntersection,Normal,2Vehicles-BehindVehicles-Frontal,RD 81 - PK 26+100,M,42.60158127485645,3.602311816086126
201800004259,NonLethal,2018-07-18,22:45:00,NightStreelightsOn,660,171,Yes,Other,Normal,Other,BOULEVARD FRANÇOIS DESNO,M,42.62493792552885,3.6237935688976624
201800004260,NonLethal,2018-07-19,17:45:00,Daylight,660,2,Yes,NoIntersection,Normal,Other,Devant le n°9 sur l'aven,M,42.640328764085616,2.641036774465096
201800004261,NonLethal,2018-09-11,21:30:00,NightStreelightsOn,660,114,Yes,NoIntersection,Normal,NoCollision,avenue de la méditerrané,M,42.6048746168701,2.6049322965411705
201800004262,NonLethal,2018-02-11,18:00:00,NightStreelightsOn,660,171,Yes,T-type,Normal,2Vehicles-Side,rue pierre camo,M,42.61518852791552,3.615263807573971
201800004263,NonLethal,2018-05-18,15:45:00,Daylight,660,17,Yes,NoIntersection,Normal,Other,24 bd du port,M,42.79129107963684,3.791035971691381
201800004264,Lethal,2018-05-20,06:20:00,TwilightOrDawn,660,180,No,NoIntersection,Normal,Other,RD 83,M,,
201800004267,NonLethal,2018-08-14,01:30:00,NightNoStreetLight,660,212,No,NoIntersection,Normal,2Vehicles-BehindVehicles-Frontal,RD8l,M,42.75136805235096,3.7499744284022176
201800004269,NonLethal,2018-12-08,15:00:00,Daylight,660,17,Yes,NoIntersection,Normal,Other,avenue annibal,M,42.80923741256398,3.810344103130809
201800004272,NonLethal,2018-04-07,18:15:00,Daylight,660,145,No,NoIntersection,Normal,2Vehicles-BehindVehicles-Frontal,CD23A,M,,
201800004273,NonLethal,2018-04-03,11:35:00,Daylight,660,217,No,NoIntersection,Normal,NoCollision,D612,M,42.612383364848526,2.6128575321599428
201800004274,NonLethal,2018-04-18,17:05:00,Daylight,660,217,No,NoIntersection,Normal,2Vehicles-BehindVehicles-Frontal,RD 612,M,,
201800004275,NonLethal,2018-05-22,09:50:00,Daylight,660,210,Yes,NoIntersection,Normal,Other,avenue de la Méditerrané,M,42.62910779634776,2.629444972853282
201800004276,NonLethal,2018-05-29,18:15:00,Daylight,660,226,No,NoIntersection,Normal,2Vehicles-BehindVehicles-Frontal,mas TORREPEYRE D900,M,,
201800004277,NonLethal,2018-06-17,09:00:00,Daylight,660,226,Yes,Roundabout,Normal,2Vehicles-Side,D37,M,42.59156855488567,2.590407222776077
201800004278,NonLethal,2018-06-26,12:30:00,Daylight,660,33,No,T-type,Normal,Other,D615,M,42.65136868813496,2.651080550068223
201800004279,NonLethal,2018-08-23,08:05:00,Daylight,660,210,No,NoIntersection,VeryGood,2Vehicles-BehindVehicles-Frontal,Cami d'Al Soule,M,42.64421340948062,2.64333546991398
201800004280,NonLethal,2018-10-09,07:35:00,Daylight,660,226,No,NoIntersection,Normal,2Vehicles-Side,RD 9OO - PK 32+7OO,M,,
201800004282,NonLethal,2018-10-31,23:55:00,NightNoStreetLight,660,210,Yes,NoIntersection,LightRain,Other,D 612 1226 route de Mill,M,,
201800004284,NonLethal,2018-07-01,06:15:00,Daylight,660,8,No,NoIntersection,Normal,NoCollision,D81,M,42.58905335156494,3.5909906098572244
201800004285,NonLethal,2018-02-08,08:40:00,Daylight,660,8,No,Roundabout,Normal,2Vehicles-Side,D914,M,42.5364082220666,3.5355095150897595
201800004286,NonLethal,2018-08-16,15:05:00,Daylight,660,8,Yes,NoIntersection,Normal,Other,chemin de la salanque,M,42.55450783321616,3.555328254427062
201800004287,Lethal,2018-06-09,21:45:00,NightNoStreetLight,660,8,No,NoIntersection,Normal,2Vehicles-BehindVehicles-Frontal,D914,M,42.58104435549009,2.58280382319399
201800004288,NonLethal,2018-11-06,14:40:00,Daylight,660,8,Yes,Other,Normal,2Vehicles-Side,route de Collioure,M,42.54367956734364,3.543667761477112
201800004289,NonLethal,2018-06-16,19:05:00,Daylight,660,133,No,NoIntersection,Normal,2Vehicles-BehindVehicles-Frontal,cd 618 pk 89,M,,
201800004291,NonLethal,2018-04-17,20:05:00,Daylight,660,230,Yes,T-type,Normal,2Vehicles-Side,rue du 19 mars 1962,M,42.64454343733279,2.6465416212594564
201800004292,NonLethal,2018-05-19,01:00:00,NightNoStreetLight,660,121,No,NoIntersection,Normal,Other,PK 20/100,M,42.69222997316255,2.6923644232601025
201800004293,NonLethal,2018-02-06,01:50:00,NightNoStreetLight,660,88,No,NoIntersection,Normal,Other,RNll6,M,42.68542197600681,2.687216233963455
201800004294,NonLethal,2018-02-07,19:35:00,Daylight,660,88,Yes,X-type,Normal,2Vehicles-Side,rue Colonel FABIEN,M,42.67097954013755,2.670887277328646
201800004295,NonLethal,2018-07-10,22:45:00,NightNoStreetLight,660,230,No,Other,Normal,2Vehicles-Side,RN116,M,42.64959875249816,2.6494582320010567
201800004296,NonLethal,2018-04-08,18:15:00,Daylight,660,162,No,NoIntersection,Normal,Other,route de rigarda,M,42.635299770281776,2.633145361251403
201800004297,NonLethal,2018-12-01,15:10:00,Daylight,660,230,No,NoIntersection,Normal,3+Vehicles-Chain,RN 116,M,42.6434629260871,2.642547802307709
201800004300,NonLethal,2018-04-09,22:20:00,NightNoStreetLight,201,41,No,NoIntersection,Normal,Other,lieu dit Chiova d'Asino,M,41.4823165338014,9.479926949906789
201800004301,NonLethal,2018-01-01,00:35:00,NightStreelightsOn,201,247,No,NoIntersection,Normal,Other,RT l0,M,41.57837789452705,9.578223171600118
201800004302,NonLethal,2018-12-26,17:45:00,NightStreelightsOff,201,247,Yes,T-type,Normal,2Vehicles-Side,RT 10 Rue pierre ANDREAN,M,41.62206291547712,9.620493403000856
201800004303,NonLethal,2018-01-25,09:10:00,Daylight,201,247,No,NoIntersection,Normal,2Vehicles-Behind,RD159,M,41.592972985765385,9.593391252618114
201800004304,NonLethal,2018-01-25,22:50:00,NightNoStreetLight,201,247,No,NoIntersection,Normal,2Vehicles-Behind,RT10,M,41.61668944776443,9.614979048498473
201800004306,NonLethal,2018-06-03,18:00:00,TwilightOrDawn,201,247,No,NoIntersection,Normal,2Vehicles-Side,RD159,M,41.59386648704465,9.593054712437718
201800004307,NonLethal,2018-03-14,18:45:00,NightStreelightsOn,201,247,Yes,T-type,Normal,2Vehicles-BehindVehicles-Frontal,Rue Vincetellu d'Istria,M,41.60057364600005,9.599532168824572
201800004308,NonLethal,2018-04-01,10:30:00,Daylight,201,247,No,NoIntersection,Normal,2Vehicles-Behind,"D468 - camping ""l'Oso""",M,41.62904110899554,9.629262133914684
201800004309,NonLethal,2018-12-04,22:00:00,NightStreelightsOn,201,247,Yes,NoIntersection,Overcast,Other,Quai de Syracuse,M,41.58819509435368,9.588470746626196
201800004310,NonLethal,2018-04-15,03:30:00,NightNoStreetLight,201,247,No,NoIntersection,Normal,NoCollision,D 159 RTE DE MURATELLO,M,41.59331879804896,9.592290282943493
201800004311,Lethal,2018-04-17,20:40:00,NightNoStreetLight,201,247,No,T-type,Normal,2Vehicles-Side,RT10,M,41.64384232006983,9.64461114376339
201800004312,NonLethal,2018-05-15,19:30:00,Daylight,201,247,No,NoIntersection,Normal,3+Vehicles-Multiple,D468,M,41.62638767765824,9.624593201371374
201800004313,NonLethal,2018-05-19,08:30:00,Daylight,201,247,No,NoIntersection,Normal,2Vehicles-Behind,RT10,M,41.64169352549405,9.641237055070224
201800004314,NonLethal,2018-05-27,02:30:00,NightNoStreetLight,201,247,Yes,Roundabout,Normal,Other,Rond point du Stabiacciu,M,41.57172780857377,9.573265603294198
201800004315,NonLethal,2018-05-30,15:00:00,Daylight,201,247,Yes,NoIntersection,Normal,2Vehicles-Side,rue guidice di cinarca,M,41.59623465061553,9.594803810491532
201800004316,NonLethal,2018-04-06,19:00:00,Daylight,201,247,Yes,Other,Normal,2Vehicles-BehindVehicles-Frontal,RT 10 - Trinité,M,41.63560641559146,9.636615236342935
201800004317,NonLethal,2018-06-08,18:55:00,Daylight,201,247,Yes,NoIntersection,Normal,Other,lieu dit Cipponu hameau,M,41.59328769013207,9.594965314659882
201800004318,NonLethal,2018-06-11,13:00:00,Daylight,201,247,No,NoIntersection,Normal,2Vehicles-BehindVehicles-Frontal,Route de Cala Rossa - D4,M,41.63026348666749,9.632309470494564
201800004319,NonLethal,2018-06-17,15:55:00,Daylight,201,247,Yes,NoIntersection,Normal,2Vehicles-BehindVehicles-Frontal,RT l0,M,41.57985489564616,9.58050447754349
201800004320,NonLethal,2018-06-22,11:52:00,Daylight,201,247,Yes,T-type,Normal,Other,Ancienne route des plage,M,41.62544465191819,9.62497981602889
201800004321,NonLethal,2018-07-04,09:40:00,Daylight,201,247,Yes,NoIntersection,Normal,2Vehicles-Side,Rue du Maréchal Juin - R,M,41.57821182295951,9.579945233009934
201800004322,NonLethal,2018-07-09,02:50:00,NightNoStreetLight,201,247,No,NoIntersection,Normal,Other,Route de Bocca Del Oro,M,41.55633827430966,9.554706278358458
201800004323,NonLethal,2018-08-23,09:30:00,Daylight,201,247,No,T-type,Normal,2Vehicles-Behind,Lieu-dit TORRE,M,41.642152318665225,9.64248514939496
201800004324,Lethal,2018-08-31,05:10:00,NightNoStreetLight,201,247,No,NoIntersection,Normal,Other,RT 10 ROUTE DE BONIFACIO,M,41.49995102922628,9.500599957324798
201800004325,NonLethal,2018-09-17,16:45:00,Daylight,201,247,Yes,NoIntersection,HeavyRain,3+Vehicles-Chain,Rocade RT10,M,41.60379916927724,9.604261873937345
201800004326,NonLethal,2018-09-30,02:25:00,NightStreelightsOn,201,247,Yes,NoIntersection,Normal,2Vehicles-Side,avenue Georges Pompidou,M,41.596423149344304,9.595067636864616
201800004327,NonLethal,2018-10-29,07:25:00,Daylight,201,247,Yes,NoIntersection,Overcast,2Vehicles-Behind,Route de Muratello - Dl5,M,41.59291604944933,9.596309162470554
201800004328,NonLethal,2018-01-11,03:30:00,NightNoStreetLight,201,247,No,NoIntersection,LightRain,Other,T10,M,41.50236193546555,9.504868224092402
201800004329,NonLethal,2018-11-09,18:00:00,NightStreelightsOff,201,247,Yes,NoIntersection,Normal,2Vehicles-Behind,Route de Figari,M,41.56801233267952,9.567751409524243
201800004330,NonLethal,2018-11-13,21:10:00,NightStreelightsOn,201,247,Yes,NoIntersection,Normal,2Vehicles-Side,rue du 9 septembre 1943,M,41.58140732099748,9.580781930459397
201800004331,NonLethal,2018-11-17,06:10:00,NightStreelightsOn,201,247,Yes,Roundabout,Normal,Other,Route de BONIFACIO RT 10,M,41.56127202470328,9.561848737410251
201800004332,NonLethal,2018-12-24,10:25:00,Daylight,201,247,No,NoIntersection,Normal,2Vehicles-Side,D859,M,41.56722000562452,9.566504796115328
201800004333,NonLethal,2018-12-31,19:00:00,NightNoStreetLight,201,300,No,NoIntersection,Normal,2Vehicles-BehindVehicles-Frontal,RT10,M,41.66582661531498,9.665342557414728
201800004334,Lethal,2018-02-22,10:55:00,Daylight,202,355,No,NoIntersection,Normal,Other,RT 20 Pont albano,M,42.51112857738369,9.511240841048478
201800004335,NonLethal,2018-02-23,07:50:00,Daylight,202,350,No,NoIntersection,HeavyRain,2Vehicles-BehindVehicles-Frontal,RT20 Fontanone,M,42.5209685536095,9.519340044876644
201800004336,NonLethal,2018-03-30,08:50:00,Daylight,202,148,Yes,NoIntersection,Normal,2Vehicles-Side,RT205 lieu-Dit Piscina,M,42.54483438105036,9.544208901907382
201800004337,NonLethal,2018-04-04,10:00:00,Daylight,202,42,No,NoIntersection,Normal,2Vehicles-Behind,RT11,M,42.59041804915271,9.591225784754432
201800004338,NonLethal,2018-04-04,09:15:00,Daylight,202,42,No,Other,Normal,2Vehicles-BehindVehicles-Frontal,Route de la gare - CD 20,M,42.56491121765481,9.564596007935828
201800004339,NonLethal,2018-04-29,16:55:00,Daylight,202,355,No,NoIntersection,Normal,Other,lieu dit barchetta,M,42.51300336549543,9.512724148646807
201800004340,NonLethal,2018-05-17,17:25:00,Daylight,202,42,Yes,NoIntersection,Normal,2Vehicles-Side,RT 11 Après rond point S,M,42.56907803232748,9.567919726516813
201800004341,NonLethal,2018-09-06,11:40:00,Daylight,202,42,No,NoIntersection,Normal,2Vehicles-Behind,Route Térritoriale 11 -,M,42.58330807374459,9.584574196425734
201800004342,NonLethal,2018-06-13,06:30:00,Daylight,202,350,No,NoIntersection,Overcast,2Vehicles-BehindVehicles-Frontal,RT 20 - Lieu dit Funtano,M,42.5221745634684,9.519082638091977
201800004344,NonLethal,2018-06-28,14:30:00,Daylight,202,148,Yes,Other,LightRain,Other,Parking de la Poste de L,M,42.54836282589479,9.54687954995062
201800004345,NonLethal,2018-07-04,18:30:00,Daylight,202,148,Yes,NoIntersection,Normal,3+Vehicles-Multiple,RT 20 - Ldt Casamozza,M,42.52567779753269,9.52550086624134
201800004346,NonLethal,2018-07-28,17:25:00,Daylight,202,42,No,NoIntersection,Normal,Other,Route de Lanciatojo,M,42.569408085812746,9.56874332751817
201800004350,NonLethal,2018-05-11,08:45:00,Daylight,202,42,No,NoIntersection,HeavyRain,Other,Route territoriale 11,M,42.572032547263966,9.574433070106956
201800004351,NonLethal,2018-09-12,14:30:00,Daylight,202,148,Yes,T-type,StrongWindOrStorm,2Vehicles-Side,3200 T205,M,42.54746243694932,9.5490441191203
201800004352,NonLethal,2018-12-12,20:50:00,NightNoStreetLight,202,355,No,NoIntersection,LightRain,2Vehicles-BehindVehicles-Frontal,Lieu-dit Funtanone,M,42.519899366743374,9.519059608275736
201800004353,NonLethal,2018-12-13,08:15:00,Daylight,202,148,No,NoIntersection,LightRain,2Vehicles-Side,"D107, chemin de pineto",M,42.5421807843754,9.544070709346222
201800004354,NonLethal,2018-12-21,06:20:00,NightNoStreetLight,202,42,No,NoIntersection,Normal,3+Vehicles-Multiple,RTll,M,42.56036094564521,9.560866501030272
201800004355,NonLethal,2018-12-23,08:45:00,Daylight,202,42,Yes,Other,Normal,Other,Parking devant le tabac,M,42.56280442943812,9.561978154765985
201800004356,NonLethal,2018-02-18,23:35:00,NightNoStreetLight,202,239,Yes,NoIntersection,Normal,Other,RD38,M,42.63757014169629,9.637336020378248
201800004357,NonLethal,2018-04-02,10:30:00,Daylight,202,301,No,NoIntersection,Normal,Other,RD62,M,42.59755593692042,9.595299249693944
201800004358,NonLethal,2018-05-11,10:00:00,Daylight,202,29,No,NoIntersection,Normal,2Vehicles-Side,D81,M,42.692559406730496,9.692957858788462
201800004359,NonLethal,2018-05-17,15:15:00,Daylight,202,188,No,NoIntersection,LightRain,2Vehicles-BehindVehicles-Frontal,D82,M,42.60436435449924,9.602755653369712
201800004361,NonLethal,2018-05-24,17:30:00,Daylight,202,29,No,NoIntersection,Normal,Other,D81,M,42.69253312479746,9.6920811805986
201800004362,NonLethal,2018-05-28,12:30:00,Daylight,202,188,Yes,NoIntersection,Normal,2Vehicles-Side,D82,M,42.61307746484412,9.613789790871238
201800004364,NonLethal,2018-06-16,19:15:00,Daylight,202,185,No,NoIntersection,Normal,Other,D82 au niveau restaurant,M,42.65712051173738,9.655916239130416
201800004365,NonLethal,2018-06-18,20:25:00,Daylight,202,314,No,NoIntersection,Normal,2Vehicles-BehindVehicles-Frontal,D81 casta,M,42.656504315537575,9.657273622843602
201800004366,NonLethal,2018-07-22,18:00:00,Daylight,202,205,Yes,NoIntersection,Normal,2Vehicles-BehindVehicles-Frontal,D81 - Clos marfisi,M,42.69793796857844,9.70049184683478
201800004367,NonLethal,2018-08-25,11:30:00,Daylight,202,109,Yes,NoIntersection,Normal,2Vehicles-BehindVehicles-Frontal,D 80,M,42.73740168663021,9.73723892094051
201800004368,NonLethal,2018-09-08,15:45:00,Daylight,202,314,No,NoIntersection,Normal,NoCollision,piste de SALECCIA,M,42.71991143030048,9.717770435257854
201800004369,NonLethal,2018-09-09,11:15:00,Daylight,202,298,No,NoIntersection,Normal,NoCollision,route de Casta,M,42.67395529185296,9.674191253615442
201800004370,Lethal,2018-10-05,11:45:00,Daylight,202,298,Yes,NoIntersection,Normal,Other,RD 81,M,42.67800892333481,9.6780568116132
201800004371,NonLethal,2018-12-23,03:20:00,NightNoStreetLight,202,185,Yes,NoIntersection,Normal,Other,D82 stade OLETTA,M,42.62975387993967,9.628464132119689
201800004372,NonLethal,2018-02-17,09:10:00,Daylight,202,199,No,NoIntersection,Normal,Other,RT 30,M,42.649488522050966,9.648705045670845
201800004373,NonLethal,2018-01-03,19:00:00,NightStreelightsOn,202,134,Yes,NoIntersection,LightRain,Other,Avenue Paul DOUMER,M,42.63246225569995,8.631356397011432
201800004374,Lethal,2018-04-05,01:20:00,NightNoStreetLight,202,93,No,NoIntersection,Normal,Other,D151,M,42.61848222576169,8.619682901156645
201800004376,NonLethal,2018-04-20,12:18:00,Daylight,202,93,No,NoIntersection,Normal,2Vehicles-Behind,RT30,M,42.6110625235358,8.608419671703968
201800004377,NonLethal,2018-04-21,12:50:00,Daylight,202,168,Yes,NoIntersection,Normal,2Vehicles-Behind,"RT 30, PK 24.500",M,42.63118718343898,8.631817325683183
201800004379,NonLethal,2018-12-05,18:00:00,Daylight,202,168,Yes,Other,Normal,2Vehicles-BehindVehicles-Frontal,lotissement bollacia,M,42.62274766526438,8.62461798730553
201800004380,NonLethal,2018-06-04,09:25:00,Daylight,202,199,No,NoIntersection,LightRain,2Vehicles-BehindVehicles-Frontal,RT 30,M,42.64272586855285,9.642586443334132
201800004381,NonLethal,2018-08-06,11:00:00,Daylight,202,168,Yes,T-type,Normal,2Vehicles-Side,RT 30,M,42.63126857886152,8.632372629158652
201800004382,NonLethal,2018-07-22,10:30:00,Daylight,202,199,No,NoIntersection,Normal,2Vehicles-Side,RT 30,M,42.6397486989843,9.639747693105992
201800004383,NonLethal,2018-12-08,12:00:00,Daylight,202,93,No,NoIntersection,Normal,2Vehicles-Behind,30,M,42.623125500397705,8.62522090518551
201800004384,Lethal,2018-09-24,14:00:00,Daylight,202,182,No,NoIntersection,Normal,3+Vehicles-Multiple,RT 30,M,42.63887904134923,8.637173322409195
201800004386,NonLethal,2018-12-25,00:20:00,NightStreelightsOff,202,34,No,X-type,Normal,2Vehicles-Side,RT30,M,42.63547536317042,9.635586411675195
201800004387,NonLethal,2018-06-05,10:30:00,Daylight,202,47,No,NoIntersection,Normal,Other,RD 84,M,42.338340576094005,9.33970581628751
201800004388,Lethal,2018-06-16,00:45:00,NightNoStreetLight,202,95,No,NoIntersection,Normal,Other,"RD 84, lieu-dit CUCCIA",M,42.34366826616108,9.342636014881386
201800004389,NonLethal,2018-01-06,22:15:00,NightNoStreetLight,202,193,Yes,NoIntersection,Normal,NoCollision,hameau de Francardo,M,42.39228341268853,9.391535626775443
201800004390,NonLethal,2018-01-18,10:20:00,Daylight,202,169,Yes,NoIntersection,Normal,2Vehicles-Behind,RT 20 Ponte Leccia,M,42.46516663655504,9.463952602583252
201800004392,NonLethal,2018-05-26,03:00:00,NightNoStreetLight,202,162,No,NoIntersection,Normal,2Vehicles-Side,RD 47,M,42.474027599877296,9.47701549270534
201800004394,NonLethal,2018-06-21,17:00:00,Daylight,202,193,Yes,NoIntersection,Normal,2Vehicles-Side,lieu dit Caporalino,M,42.37945597453373,9.378418908096108
201800004396,NonLethal,2018-08-18,11:30:00,Daylight,202,162,No,NoIntersection,Normal,2Vehicles-Side,D47,M,42.47564798909772,9.477432954061165
201800004397,NonLethal,2018-08-19,15:10:00,Daylight,202,193,Yes,NoIntersection,Normal,Other,RT 20 lieu dit CAPORALIN,M,42.38112037189664,9.382337716233865
201800004399,NonLethal,2018-09-15,17:40:00,TwilightOrDawn,202,332,No,T-type,Normal,2Vehicles-Side,RT 30,M,42.60539485036436,9.6040554305166
201800004401,NonLethal,2018-04-11,15:25:00,Daylight,202,59,No,NoIntersection,HeavyRain,Other,RT 30,M,42.49359919831785,9.492380210230143
201800004402,NonLethal,2018-11-20,08:20:00,Daylight,202,169,No,NoIntersection,Normal,Other,D71,M,42.44599603726192,9.448262995077933
201800004404,NonLethal,2018-12-15,14:25:00,Daylight,202,337,No,NoIntersection,Normal,Other,RT 20,M,42.47178232091345,9.471409589260816
201800004405,NonLethal,2018-12-21,10:30:00,Daylight,202,337,No,NoIntersection,Normal,3+Vehicles-Multiple,RT20,M,42.47332484020132,9.47513486618024
201800004406,NonLethal,2018-06-04,16:00:00,Daylight,202,317,No,NoIntersection,Normal,2Vehicles-BehindVehicles-Frontal,CD34,M,42.3559859308439,9.35622633497513
201800004407,NonLethal,2018-08-10,19:00:00,Daylight,202,311,No,NoIntersection,Normal,NoCollision,voie verte,M,42.35065617341147,9.350453944502268
201800004408,NonLethal,2018-02-09,21:00:00,NightStreelightsOn,202,307,Yes,NoIntersection,Normal,2Vehicles-Side,RT 10,M,42.38096956700665,9.38055594127124
201800004409,NonLethal,2018-10-26,13:10:00,Daylight,202,57,No,NoIntersection,Normal,2Vehicles-BehindVehicles-Frontal,CD17 - lieu-dit VALLACIO,M,42.26851877360042,9.268804727410547
201800004410,NonLethal,2018-01-25,20:30:00,NightStreelightsOn,50,23,Yes,NoIntersection,Overcast,Other,ITALIE (ROUTE D'),M,44.89980240636692,6.90133317601236
201800004411,NonLethal,2018-02-09,17:00:00,Daylight,50,23,Yes,NoIntersection,Normal,3+Vehicles-Chain,GRENOBLE (ROUTE DE),M,44.916452116584615,6.915534893371917
201800004412,NonLethal,2018-04-15,05:00:00,TwilightOrDawn,50,23,Yes,NoIntersection,Normal,NoCollision,TABELIERS (RUE DES),M,44.88357905262137,6.882795198973187
201800004413,NonLethal,2018-06-10,19:00:00,Daylight,50,23,Yes,Other,Normal,Other,PETSCHE (AVENUE MAURICE,M,44.89521773549307,6.896531366962392
201800004414,NonLethal,2018-06-12,20:35:00,TwilightOrDawn,50,23,Yes,NoIntersection,Normal,Other,MOULIN (RUE JEAN),M,44.89278390424755,6.891619479367814
201800004415,NonLethal,2018-06-24,14:30:00,Daylight,50,23,No,NoIntersection,Normal,Other,PUY ST PIERRE (ROUTE DE),M,44.89410137190888,6.892775394668044
201800004416,NonLethal,2018-06-28,13:05:00,Daylight,50,23,Yes,NoIntersection,Normal,Other,PETSCHE (AVENUE MAURICE),M,44.896478070236896,6.8952815100893385
201800004417,NonLethal,2018-07-10,14:25:00,Daylight,50,23,Yes,Roundabout,Normal,Other,MAISONS BLANCHES (RUE DE,M,44.884820157580776,6.88650443209503
201800004418,NonLethal,2018-10-07,16:45:00,Daylight,50,23,Yes,NoIntersection,Normal,2Vehicles-Behind,REPUBLIQUE (AVENUE DE LA,M,44.89833520108471,6.897811040327007
201800004419,NonLethal,2018-07-27,10:10:00,Daylight,50,23,Yes,T-type,Normal,2Vehicles-Behind,SAVOIE (AVENUE DE),M,44.91390633232873,6.913795865171848
201800004420,Lethal,2018-08-24,13:05:00,Daylight,50,23,No,NoIntersection,Normal,Other,IZOARD (AVENUE DU COL D',M,44.883962276867166,6.883638179747737
201800004421,NonLethal,2018-11-06,18:00:00,NightStreelightsOn,50,23,Yes,NoIntersection,Overcast,Other,FORGUES (AVENUE DU PROF.,M,44.90691048280975,6.907357362031952
201800004424,NonLethal,2018-12-19,13:35:00,Daylight,50,23,Yes,NoIntersection,SnowOrHail,2Vehicles-BehindVehicles-Frontal,PROVENCE (AVENUE DE),M,44.899696743876,6.897382918794865
201800004425,NonLethal,2018-01-02,06:55:00,NightStreelightsOn,50,61,Yes,T-type,SnowOrHail,Other,SAGNIERES ( RUE DES ),M,44.54874341662844,6.549252412127301
201800004426,NonLethal,2018-01-06,18:55:00,TwilightOrDawn,50,61,Yes,Roundabout,Normal,2Vehicles-Behind,FRANCOIS MITTERAND (AVEN,M,44.544535016823055,6.5459248298230746
201800004427,NonLethal,2018-09-01,12:50:00,Daylight,50,61,Yes,NoIntersection,Overcast,Other,ORIENT (BOULEVARD  DE L',M,44.568122426497006,6.56659614560687
201800004428,NonLethal,2018-01-10,18:45:00,TwilightOrDawn,50,61,Yes,Square,Overcast,3+Vehicles-Multiple,EMBRUN ( AVENUE D'),M,44.56709711455236,6.56838114659475
201800004429,NonLethal,2018-01-13,14:40:00,Daylight,50,61,Yes,NoIntersection,Normal,Other,ST MENS ( RUE DE ),M,44.55853026921108,6.559801117999467
201800004430,NonLethal,2018-01-16,07:50:00,TwilightOrDawn,50,61,Yes,NoIntersection,Normal,Other,CHAMPSAUR (PLACE  DU ),M,44.56548633884868,6.563894714620735
201800004431,NonLethal,2018-12-01,07:40:00,TwilightOrDawn,50,61,Yes,Roundabout,Normal,2Vehicles-BehindVehicles-Frontal,JEAN JAURES ( AVENUE ),M,44.55308699029609,6.557123627747105
201800004432,NonLethal,2018-01-19,10:25:00,Daylight,50,61,Yes,NoIntersection,Normal,Other,SOUS PUYMAURE ( RUE ),M,44.56014263224486,6.560416500536362
201800004433,NonLethal,2018-01-20,16:30:00,Daylight,50,61,No,NoIntersection,SnowOrHail,2Vehicles-Behind,RN 85,M,44.5796323926488,6.581409842156921
201800004435,NonLethal,2018-01-26,11:35:00,Daylight,50,61,Yes,NoIntersection,Normal,2Vehicles-Side,CAPITAINE DE BRESSON ( R,M,44.56287818510453,6.559205429563451
201800004437,NonLethal,2018-01-27,20:10:00,NightNoStreetLight,50,61,No,NoIntersection,Normal,2Vehicles-BehindVehicles-Frontal,D994,M,44.5475159628637,6.547065819164362
201800004438,NonLethal,2018-01-30,11:45:00,Daylight,50,61,Yes,T-type,Normal,Other,JEAN JAURES ( AVENUE ),M,44.5465703631141,6.548678448437926
201800004439,NonLethal,2018-02-09,21:10:00,NightStreelightsOn,50,61,Yes,NoIntersection,Normal,2Vehicles-Behind,"18, EMILE DIDIER ( AV )",M,44.56798032755762,6.564097821023406
201800004441,NonLethal,2018-02-15,13:00:00,Daylight,50,61,No,NoIntersection,Normal,Other,ROUTE DES EYSSAGNIERES,M,44.55031772735629,6.547917894070303
201800004443,NonLethal,2018-02-24,14:50:00,Daylight,50,61,No,NoIntersection,Overcast,2Vehicles-BehindVehicles-Frontal,CD 900B,M,44.510055991904046,6.509294601339854
201800004444,NonLethal,2018-08-03,20:13:00,NightNoStreetLight,50,61,No,NoIntersection,Normal,2Vehicles-BehindVehicles-Frontal,CD 900B,M,44.52447008281951,6.522929682531685
201800004445,NonLethal,2018-03-17,11:15:00,Daylight,50,61,Yes,X-type,Normal,3+Vehicles-Multiple,METIERS ( RUE DES ),M,44.56293765670832,6.564570646783751
201800004446,NonLethal,2018-03-17,17:00:00,Daylight,50,61,Yes,T-type,Normal,2Vehicles-Behind,LUYE ( ROUTE DE LA ),M,44.53191233510619,6.531343233330111
201800004447,NonLethal,2018-03-18,08:02:00,Daylight,50,61,Yes,NoIntersection,Overcast,Other,BOUTONS D'OR ( RUE DES ),M,44.544733801577415,6.545829495326057
201800004448,NonLethal,2018-03-19,07:25:00,Daylight,50,61,No,NoIntersection,Normal,NoCollision,CD 900B,M,44.50961178957613,6.511237536492493