AccidentId,Gravity,Date,Hour,Light,Department,Commune,InAgglomeration,IntersectionType,Weather,CollisionType,PostalAddress,GPSCode,Latitude,Longitude
201800004450,NonLethal,2018-03-21,08:55:00,Daylight,50,61,Yes,NoIntersection,Normal,NoCollision,VALSERRES ( RUE DE ),M,44.55142257021918,6.5512330484162336
201800004451,NonLethal,2018-03-25,06:46:00,NightStreelightsOn,50,61,Yes,Roundabout,Normal,2Vehicles-Side,MARECHAL FOCH ( AVENUE D,M,44.56167730188472,6.5615827862065945
201800004452,NonLethal,2018-03-28,14:30:00,Daylight,50,61,Yes,NoIntersection,Normal,2Vehicles-Behind,RN 94,M,44.57353132007447,6.571852146344318
201800004454,NonLethal,2018-04-25,12:05:00,Daylight,50,61,Yes,T-type,Normal,2Vehicles-Side,CHABANAS (RUE DE ),M,44.55854187033973,6.556866932669056
201800004455,NonLethal,2018-04-26,11:46:00,Daylight,50,61,Yes,NoIntersection,Normal,2Vehicles-BehindVehicles-Frontal,GEORGES POUGET ( RUE),M,44.55807575416309,6.5582541053305015
201800004456,NonLethal,2018-03-05,17:45:00,Daylight,50,61,Yes,NoIntersection,Overcast,2Vehicles-Side,COMMANDANT DUMONT ( AVEN,M,44.56794008393442,6.566579533279015
201800004457,NonLethal,2018-05-13,22:00:00,NightStreelightsOn,50,61,No,NoIntersection,LightRain,NoCollision,RN 85,M,44.50811481463442,6.511695899566499
201800004458,NonLethal,2018-05-15,05:10:00,NightNoStreetLight,50,61,No,NoIntersection,Overcast,Other,RN 85,M,44.50574836730394,6.505305668587655
201800004459,NonLethal,2018-05-15,12:25:00,Daylight,50,61,Yes,NoIntersection,Normal,3+Vehicles-Chain,EMILE DIDIER ( AV ),M,44.56754370622999,6.567390696108672
201800004460,NonLethal,2018-05-15,18:52:00,Daylight,50,61,No,Roundabout,Normal,2Vehicles-Behind,RN 85,M,44.50921344807794,6.5089940415530085
201800004461,NonLethal,2018-05-16,13:35:00,Daylight,50,61,No,NoIntersection,Normal,NoCollision,RN 85,M,44.60374578405255,6.602261749413709
201800004462,NonLethal,2018-05-19,11:50:00,Daylight,50,61,Yes,NoIntersection,Normal,3+Vehicles-Chain,JEAN JAURES ( AVENUE ),M,44.54900365711696,6.55032494541824
201800004463,NonLethal,2018-05-18,20:10:00,TwilightOrDawn,50,61,Yes,T-type,LightRain,NoCollision,JEAN JAURES ( AVENUE ),M,44.55141050943606,6.5521439602540585
201800004464,NonLethal,2018-05-18,14:30:00,Daylight,50,61,Yes,NoIntersection,Normal,Other,GEORGES POMPIDOU ( BD),M,44.55631858355245,6.554969012654586
201800004468,NonLethal,2018-05-31,18:40:00,Daylight,50,61,Yes,T-type,Normal,2Vehicles-Behind,PROVENCE ( AVENUE DE ),M,44.5413814791902,6.542723172520772
201800004469,NonLethal,2018-06-06,18:00:00,Daylight,50,61,No,NoIntersection,LightRain,NoCollision,RN85,M,44.59518442625007,6.594659372244644
201800004470,Lethal,2018-10-06,17:07:00,Daylight,50,61,No,NoIntersection,Normal,2Vehicles-Side,D994,M,44.54678356575437,6.548900484998497
201800004471,NonLethal,2018-06-13,08:00:00,Daylight,50,61,Yes,NoIntersection,Normal,2Vehicles-Behind,GUILLAUME FAREL ( AVENUE,M,44.559475355044434,6.557246596571575
201800004472,NonLethal,2018-06-15,21:46:00,TwilightOrDawn,50,61,Yes,NoIntersection,Normal,Other,GEORGES POMPIDOU ( BD),M,44.55930259442633,6.560635510913045
201800004473,NonLethal,2018-06-18,18:20:00,Daylight,50,61,No,NoIntersection,Normal,NoCollision,D 47,M,44.52763184966086,6.529177994415889
201800004474,NonLethal,2018-06-19,18:00:00,Daylight,50,61,No,NoIntersection,Normal,2Vehicles-Behind,RN 85,M,44.61209498705829,6.610803475639022
201800004475,NonLethal,2018-06-20,08:30:00,Daylight,50,61,Yes,NoIntersection,Normal,Other,CARNOT  ( RUE ),M,44.55588846836312,6.557161754099865
201800004477,NonLethal,2018-06-21,09:22:00,Daylight,50,61,No,NoIntersection,Normal,2Vehicles-Side,D 292,M,44.602870938656935,6.601576356073104
201800004478,NonLethal,2018-06-25,18:00:00,Daylight,50,61,Yes,NoIntersection,Normal,2Vehicles-Behind,JEAN JAURES ( AVENUE ),M,44.5463493181618,6.547788216772949
201800004479,NonLethal,2018-06-23,19:15:00,Daylight,50,61,Yes,Roundabout,Normal,2Vehicles-Behind,GEORGES POMPIDOU ( BD),M,44.55563254877635,6.555683134879545
201800004480,NonLethal,2018-06-26,18:45:00,Daylight,50,61,No,NoIntersection,Normal,NoCollision,RAMBAUD ( ROUTE DE ),M,44.55723888056527,6.558115750136097
201800004481,NonLethal,2018-06-27,23:45:00,NightStreelightsOn,50,61,Yes,NoIntersection,Normal,Other,COMMANDANT DUMONT ( AVEN,M,44.57258391122751,6.573208207269495
201800004482,NonLethal,2018-07-05,14:40:00,Daylight,50,61,Yes,NoIntersection,Normal,Other,PROVENCE ( AVENUE DE ),M,44.54156148088975,6.541488761285448
201800004484,NonLethal,2018-10-07,22:50:00,NightStreelightsOn,50,61,Yes,NoIntersection,Normal,Other,GUILLAUME FAREL ( AVENUE,M,44.55925003143819,6.558543689616383
201800004485,NonLethal,2018-07-15,20:50:00,TwilightOrDawn,50,61,Yes,NoIntersection,Normal,2Vehicles-Side,LADOUCETTE ( COURS ),M,44.56105593333233,6.561026576881593
201800004486,NonLethal,2018-07-18,18:35:00,Daylight,50,61,Yes,Roundabout,Normal,2Vehicles-Side,CHABANAS (RUE DE ),M,44.55984097085229,6.562244869787314
201800004487,NonLethal,2018-07-19,15:00:00,Daylight,50,61,Yes,T-type,Normal,2Vehicles-Side,ORIENT (BOULEVARD  DE L',M,44.57064401760391,6.569356964757519
201800004488,NonLethal,2018-07-24,15:20:00,Daylight,50,61,Yes,NoIntersection,Normal,2Vehicles-Behind,PROVENCE ( AVENUE DE ),M,44.51703814539065,6.517112640522772
201800004490,NonLethal,2018-07-25,14:30:00,Daylight,50,61,Yes,T-type,Normal,2Vehicles-Side,PROVENCE ( AVENUE DE ),M,44.541203423281445,6.53966273306505
201800004491,NonLethal,2018-07-28,18:40:00,Daylight,50,61,Yes,Roundabout,Normal,2Vehicles-Side,CHARANCE ( AVENUE DE ),M,44.56126852027155,6.561032989487875
201800004492,NonLethal,2018-07-30,07:40:00,Daylight,50,61,No,NoIntersection,Normal,NoCollision,RD944,M,44.60644220807302,6.603644565839222
201800004493,NonLethal,2018-02-08,11:15:00,Daylight,50,61,Yes,NoIntersection,Normal,Other,EMILE DIDIER ( AV ),M,44.565546146024175,6.565409618795113
201800004494,NonLethal,2018-08-08,02:40:00,NightNoStreetLight,50,61,No,NoIntersection,Overcast,NoCollision,CD 900B,M,44.50950720723984,6.51069929000821
201800004495,NonLethal,2018-08-08,14:00:00,Daylight,50,61,Yes,T-type,Normal,2Vehicles-Side,DOCTEUR AYASSE ( RUE DU,M,44.5621854658204,6.563833965461898
201800004496,NonLethal,2018-08-15,11:20:00,Daylight,50,61,Yes,NoIntersection,Normal,3+Vehicles-Chain,JEAN JAURES ( AVENUE ),M,44.548356977005184,6.547056229712703
201800004497,NonLethal,2018-08-15,17:58:00,Daylight,50,61,Yes,NoIntersection,Normal,Other,EMILE DIDIER ( AV ),M,44.56412317641981,6.566712762214721
201800004498,NonLethal,2018-08-18,12:05:00,Daylight,50,61,Yes,NoIntersection,Normal,NoCollision,JEAN JAURES ( AVENUE ),M,44.54979967752328,6.549866195892257
201800004499,NonLethal,2018-08-21,16:10:00,Daylight,50,61,Yes,T-type,Normal,2Vehicles-Side,GEORGES POMPIDOU ( BD),M,44.559485907224925,6.5591002606689175
201800004500,Lethal,2018-08-23,13:21:00,Daylight,50,61,No,NoIntersection,Normal,NoCollision,LUYE ( ROUTE DE LA ),M,44.50986160986668,6.510013536150698
201800004501,NonLethal,2018-08-24,23:27:00,NightNoStreetLight,50,61,Yes,T-type,Normal,2Vehicles-Side,CHABANAS (RUE DE ),M,44.55620913561686,6.5585819614469445
201800004502,NonLethal,2018-08-27,16:21:00,Daylight,50,61,Yes,NoIntersection,Normal,Other,FAUVINS ( ROUTE  DES ),M,44.56441911935899,6.563516562407818
201800004503,NonLethal,2018-02-09,00:25:00,NightNoStreetLight,50,61,Yes,Roundabout,Normal,NoCollision,SILOS ( RUE DES ),M,44.56803316846876,6.568862762353909
201800004505,NonLethal,2018-04-09,12:17:00,Daylight,50,61,Yes,X-type,Normal,3+Vehicles-Chain,BONNE (RUE DE ),M,44.56702350366865,6.566230853261686
201800004506,NonLethal,2018-09-07,11:00:00,Daylight,50,61,Yes,NoIntersection,Normal,Other,BELLEVUE (BOULEVARD),M,44.5625403726486,6.560118416335715
201800004508,NonLethal,2018-11-09,19:10:00,Daylight,50,61,Yes,NoIntersection,Normal,2Vehicles-Behind,EMILE DIDIER ( AV ),M,44.56509225771892,6.564601416616256
201800004509,NonLethal,2018-09-17,16:20:00,Daylight,50,61,Yes,NoIntersection,Normal,3+Vehicles-Chain,JEAN JAURES ( AVENUE ),M,44.55000640252624,6.553220026196011
201800004510,NonLethal,2018-09-19,13:00:00,Daylight,50,61,Yes,NoIntersection,Normal,2Vehicles-Side,COMMANDANT DUMONT ( AVEN,M,44.56692735754682,6.566444505325102
201800004511,NonLethal,2018-09-19,15:10:00,Daylight,50,61,Yes,Other,Normal,2Vehicles-Behind,FRANCOIS MITTERAND (AVEN,M,44.54479528674741,6.54714813416277
201800004512,NonLethal,2018-09-21,17:55:00,Daylight,50,61,Yes,Other,Normal,2Vehicles-Side,DOCTEUR AYASSE ( RUE DU,M,44.563353013331735,6.565121932448261
201800004513,NonLethal,2018-09-23,17:30:00,Daylight,50,61,Yes,Roundabout,Normal,2Vehicles-Behind,VEYNES ( AVENUE DE  ),M,44.556559518112586,6.557094255045654
201800004514,NonLethal,2018-09-25,08:15:00,Daylight,50,61,No,NoIntersection,Normal,2Vehicles-Behind,CARRIERE (Chemin de la),M,44.53875678701908,6.534788496128655
201800004517,NonLethal,2018-10-01,12:15:00,Daylight,50,61,Yes,NoIntersection,Normal,Other,COMMANDANT DUMONT ( AVEN,M,44.565929371953246,6.562483351243936
201800004518,NonLethal,2018-10-07,13:32:00,Daylight,50,61,Yes,Roundabout,LightRain,2Vehicles-Side,rond point du cèdre,M,44.56149257482712,6.560866209306689
201800004519,NonLethal,2018-10-07,13:31:00,Daylight,50,61,Yes,NoIntersection,HeavyRain,NoCollision,D994,M,44.5573956050462,6.558679728083575
201800004521,NonLethal,2018-10-09,14:00:00,Daylight,50,61,No,NoIntersection,Normal,Other,CD 900B,M,44.509878193409165,6.5120327730226455
201800004522,NonLethal,2018-10-14,20:40:00,NightStreelightsOn,50,61,Yes,NoIntersection,Normal,Other,FAREL ( AVENUE DE  ),M,44.55946550296457,6.557982607473291
201800004523,NonLethal,2018-10-15,11:17:00,Daylight,50,61,No,Other,Normal,2Vehicles-Side,RN 85,M,44.51940199476175,6.518295690626691
201800004526,NonLethal,2018-10-23,11:00:00,Daylight,50,61,Yes,NoIntersection,Normal,3+Vehicles-Chain,EMILE DIDIER ( AV ),M,44.56759465223127,6.566147720463294
201800004527,NonLethal,2018-10-23,18:51:00,TwilightOrDawn,50,61,Yes,Y-type,Normal,Other,PARC SAINT JOSEPH (RUE D,M,44.56286398693461,6.562508489413835
201800004528,NonLethal,2018-10-25,14:50:00,Daylight,50,61,Yes,NoIntersection,Normal,3+Vehicles-Chain,EMBRUN ( AVENUE D'),M,44.56846352757479,6.568499464548292
201800004529,NonLethal,2018-10-25,16:09:00,Daylight,50,61,Yes,Roundabout,Normal,2Vehicles-Side,VEYNES ( AVENUE DE  ),M,44.55805030557419,6.557079521115585
201800004530,NonLethal,2018-10-25,17:15:00,Daylight,50,61,Yes,NoIntersection,Normal,Other,EMILE DIDIER ( AV ),M,44.56434241741456,6.56387160388057
201800004531,NonLethal,2018-10-26,19:46:00,NightStreelightsOn,50,61,Yes,NoIntersection,Normal,2Vehicles-Side,MARECHAL FOCH ( AVENUE D,M,44.56323236528658,6.561607062685468
201800004532,NonLethal,2018-10-29,10:25:00,Daylight,50,61,Yes,NoIntersection,LightRain,2Vehicles-Behind,PRE DE FOIRE ( RUE DU ),M,44.554916273040064,6.556651667023072
201800004534,NonLethal,2018-11-01,15:05:00,Daylight,50,61,No,NoIntersection,LightRain,2Vehicles-BehindVehicles-Frontal,D942 A,M,44.54638274627872,6.545188424717516
201800004535,NonLethal,2018-11-05,19:04:00,NightNoStreetLight,50,61,No,T-type,Normal,2Vehicles-Side,RN 94,M,44.57662016416207,6.575519074200047
201800004536,NonLethal,2018-11-11,11:15:00,Daylight,50,61,Yes,NoIntersection,Normal,Other,RN 85,M,44.58107889716234,6.581266203160242
201800004537,NonLethal,2018-11-17,14:00:00,Daylight,50,61,Yes,NoIntersection,Normal,Other,RN 94,M,44.56952092061528,6.569913090254759
201800004538,NonLethal,2018-11-18,16:25:00,Daylight,50,61,Yes,NoIntersection,Normal,Other,RN 94,M,44.57023137790665,6.571798820539461
201800004540,NonLethal,2018-04-12,17:16:00,TwilightOrDawn,50,61,Yes,NoIntersection,Normal,Other,EMILE DIDIER ( AV ),M,44.56344583970246,6.5645687302003815
201800004541,NonLethal,2018-08-12,05:40:00,NightStreelightsOn,50,61,Yes,Roundabout,Normal,Other,EMILE DIDIER ( AV ),M,44.5667081782011,6.5681985675900405
201800004542,NonLethal,2018-12-12,12:20:00,Daylight,50,61,Yes,NoIntersection,Normal,2Vehicles-Behind,VEYNES ( AVENUE DE  ),M,44.55792185161567,6.556432734853551
201800004543,NonLethal,2018-12-19,17:37:00,NightStreelightsOn,50,61,Yes,Roundabout,HeavyRain,2Vehicles-Behind,JEAN JAURES ( AVENUE ),M,44.55390253149591,6.555735205502382
201800004544,NonLethal,2018-12-26,13:50:00,Daylight,50,61,Yes,NoIntersection,Normal,2Vehicles-Side,GEORGES POMPIDOU ( BD),M,44.556655069322446,6.558556200579173
201800004545,NonLethal,2018-12-26,17:35:00,NightStreelightsOn,50,61,Yes,NoIntersection,Normal,Other,LUYE ( ROUTE DE LA ),M,44.55762818869426,6.557049561215496
201800004546,NonLethal,2018-12-29,14:39:00,Daylight,50,61,Yes,NoIntersection,Normal,Other,LADOUCETTE ( COURS ),M,44.56147434240231,6.561556220039603
201800004547,NonLethal,2018-12-29,19:47:00,NightStreelightsOn,50,61,Yes,NoIntersection,Normal,Other,JEAN JAURES ( AVENUE ),M,44.54921837319737,6.547662107119023
201800004548,Lethal,2018-08-01,19:45:00,NightNoStreetLight,780,531,No,NoIntersection,Normal,NoCollision,"autoroute A 13, pk 52.70",M,48.99570380537234,1.9963742307456256
201800004549,NonLethal,2018-01-14,08:15:00,NightNoStreetLight,780,68,No,NoIntersection,Normal,NoCollision,"A 13, pk 65.200",M,49.0234823030944,1.0241311524721963
201800004550,NonLethal,2018-03-28,08:30:00,Daylight,780,531,No,NoIntersection,HeavyRain,Other,Autoroute A13,M,48.99692475445231,1.9995316092675757
201800004551,NonLethal,2018-05-13,14:35:00,Daylight,780,668,No,NoIntersection,Normal,Other,A13 Point Kilométrique 0,M,49.02041204466057,1.0191955352211215
201800004553,NonLethal,2018-06-26,07:40:00,Daylight,780,668,No,NoIntersection,Normal,NoCollision,a13,M,49.01887468674608,1.0205594335074517
201800004554,NonLethal,2018-05-09,08:40:00,Daylight,780,89,No,NoIntersection,Normal,3+Vehicles-Multiple,A13 PK 055.400,M,49.01976318799076,1.0196629122328102
201800004555,Lethal,2018-10-10,05:30:00,NightNoStreetLight,780,668,No,NoIntersection,Normal,3+Vehicles-Chain,"A 13, PK 61+700, sens pa",M,49.01905327585919,1.0202677365822093
201800004556,NonLethal,2018-01-06,17:15:00,TwilightOrDawn,780,57,Yes,NoIntersection,Normal,Other,106 rue de villez,M,49.040311339165264,1.0397149405230406
201800004557,Lethal,2018-09-01,17:35:00,NightStreelightsOn,780,255,Yes,NoIntersection,Normal,Other,Route Nationale,M,49.03476448863753,1.0330079861987762
201800004558,NonLethal,2018-01-15,06:15:00,NightStreelightsOn,780,89,Yes,Other,Normal,2Vehicles-Side,9 avenue aristide briand,M,49.034872191279504,1.0357415322663588
201800004559,NonLethal,2018-04-13,18:25:00,TwilightOrDawn,780,147,No,NoIntersection,Normal,2Vehicles-Behind,route nationale 13,M,49.01991564933401,1.019907254464273
201800004560,NonLethal,2018-05-07,17:40:00,Daylight,780,668,No,T-type,Normal,2Vehicles-Side,route nationale 13,M,49.02291260322578,1.0227135093436728
201800004561,Lethal,2018-10-18,04:55:00,NightStreelightsOn,780,320,No,NoIntersection,Normal,Other,Route de Rouen RD915,M,49.035398595919325,1.0368605951919785
201800004562,NonLethal,2018-12-08,15:45:00,Daylight,780,255,No,NoIntersection,Normal,2Vehicles-Side,RD37,M,49.03244707389827,1.0327641999840642
201800004563,NonLethal,2018-01-05,12:00:00,Daylight,780,296,Yes,NoIntersection,Normal,3+Vehicles-Multiple,RD 19O,M,48.98982584125204,1.989617590742972
201800004564,NonLethal,2018-06-22,20:00:00,Daylight,780,536,No,NoIntersection,Normal,2Vehicles-BehindVehicles-Frontal,D9l3,M,49.0408271796758,1.0418236264852812
201800004565,NonLethal,2018-08-17,21:35:00,NightNoStreetLight,780,567,Yes,NoIntersection,Normal,Other,230 rue du vieux puits,M,49.04089407322631,1.0383564940628616
201800004567,NonLethal,2018-08-10,16:30:00,Daylight,780,206,Yes,NoIntersection,Normal,Other,54 rue de la République,M,48.94768657803459,1.9503905902464072
201800004568,NonLethal,2018-12-13,19:45:00,NightNoStreetLight,780,206,No,Roundabout,Normal,3+Vehicles-Chain,RD 113,M,48.945929098830966,1.9466787473101268
201800004571,NonLethal,2018-12-30,14:30:00,Daylight,780,263,No,NoIntersection,LightRain,Other,D.112 PK 10.028,M,48.77744612141131,1.7795081819649394
201800004572,NonLethal,2018-07-14,03:00:00,NightStreelightsOn,780,368,Yes,NoIntersection,Normal,Other,17 rue des fontaines,M,48.89263593817325,1.8931810367516635
201800004573,NonLethal,2018-12-04,13:15:00,Daylight,780,30,No,NoIntersection,Normal,Other,ROUTE DE PARTEMENTALE 73,M,48.69210787247745,1.6915473718413998
201800004575,NonLethal,2018-04-08,19:40:00,Daylight,780,108,No,NoIntersection,VeryGood,2Vehicles-Side,RD191,M,48.72996547630261,1.732054282773858
201800004576,Lethal,2018-08-31,14:30:00,Daylight,780,77,No,NoIntersection,Normal,Other,l épinette,M,48.68930624628327,1.688078758959148
201800004577,NonLethal,2018-11-09,18:00:00,Daylight,780,108,Yes,NoIntersection,Normal,NoCollision,d60,M,48.72222575769998,1.724372218657514
201800004578,NonLethal,2018-12-22,16:00:00,Daylight,780,108,Yes,NoIntersection,Normal,2Vehicles-BehindVehicles-Frontal,13 route de Vilpert - li,M,48.70956508660259,1.706975551765557
201800004581,NonLethal,2018-08-29,01:00:00,NightNoStreetLight,780,3,No,Other,HeavyRain,NoCollision,RN10,M,48.52724423893746,1.5278369900155262
201800004583,NonLethal,2018-04-27,10:36:00,Daylight,780,128,No,NoIntersection,Normal,2Vehicles-Behind,rue des charmes,M,48.66872799946152,1.669538547649666
201800004584,NonLethal,2018-02-05,08:10:00,Daylight,780,128,No,T-type,Normal,2Vehicles-Side,Départementale 906,M,48.66784199547328,1.670905895721213
201800004585,NonLethal,2018-07-24,17:20:00,Daylight,780,128,No,NoIntersection,Normal,2Vehicles-BehindVehicles-Frontal,D906 PK 24+800,M,48.676326974040585,1.6748616588285934
201800004586,NonLethal,2018-09-29,16:30:00,Daylight,780,128,No,NoIntersection,Normal,2Vehicles-Side,D 24,M,48.67419699167668,1.6752096223056427
201800004587,NonLethal,2018-10-27,18:50:00,TwilightOrDawn,780,160,Yes,NoIntersection,Normal,Other,rue de la division lecle,M,48.70888921109221,2.706582073092531
201800004588,NonLethal,2018-04-15,14:40:00,Daylight,780,289,No,NoIntersection,Normal,Other,route départementale 112,M,48.768855788629935,1.769016537951905
201800004589,Lethal,2018-05-17,19:15:00,TwilightOrDawn,780,562,No,NoIntersection,Normal,Other,D111,M,48.73848685225734,1.7412684764749888
201800004590,Lethal,2018-06-16,15:25:00,Daylight,780,562,No,NoIntersection,Normal,Other,RD138,M,48.73829597094822,1.7386219502746336
201800004591,NonLethal,2018-07-25,12:20:00,Daylight,780,562,No,NoIntersection,Normal,NoCollision,D61,M,48.71470472055084,1.7144466169506969
201800004592,NonLethal,2018-07-27,16:35:00,Daylight,780,389,No,NoIntersection,Normal,Other,RN12,M,48.8009321440717,1.8010948981349704
201800004593,NonLethal,2018-09-09,03:35:00,NightStreelightsOn,780,420,Yes,NoIntersection,Normal,Other,1 rue du palais,M,48.77377117669145,1.7735312734264017
201800004594,Lethal,2018-09-15,15:20:00,Daylight,780,389,No,T-type,Normal,3+Vehicles-Multiple,route départementale 76,M,48.80989499204634,1.80937417047482
201800004595,NonLethal,2018-09-29,05:45:00,NightNoStreetLight,780,398,No,NoIntersection,Normal,2Vehicles-BehindVehicles-Frontal,RD 191,M,48.74605209526838,1.7489081190849782
201800004596,NonLethal,2018-02-22,17:00:00,Daylight,780,550,Yes,Other,Normal,Other,r de St Germain/ch Butte,M,48.82820163859884,1.830259549069492
201800004597,NonLethal,2018-03-09,17:40:00,Daylight,780,615,No,NoIntersection,LightRain,2Vehicles-Side,D119,M,48.84419204617417,1.843426558956737
201800004598,NonLethal,2018-06-05,19:00:00,Daylight,780,615,No,NoIntersection,Normal,NoCollision,98 chemin des nourrices,M,48.83843490062485,1.838077863696585
201800004599,NonLethal,2018-05-17,10:05:00,Daylight,780,683,Yes,NoIntersection,Normal,Other,Route de Saint Germain,M,48.80934372879332,1.8118978035576176
201800004600,NonLethal,2018-06-18,10:18:00,Daylight,780,189,No,NoIntersection,Other,2Vehicles-Side,route de la Maladrerie,M,48.86709979206719,1.8671015363518195
201800004601,NonLethal,2018-07-07,16:00:00,Daylight,780,62,No,NoIntersection,Normal,Other,RD 191,M,48.84817594255532,1.84839397856816
201800004602,NonLethal,2018-07-29,12:30:00,Daylight,780,321,No,NoIntersection,Normal,NoCollision,route de jouars RD15,M,48.796287266924814,1.7942061865325425
201800004603,NonLethal,2018-09-18,08:05:00,Daylight,780,615,No,NoIntersection,Normal,2Vehicles-Side,RD 119,M,48.83749203843649,1.836312642882013
201800004604,NonLethal,2018-10-21,15:40:00,Daylight,780,62,No,NoIntersection,Normal,2Vehicles-BehindVehicles-Frontal,105 rue de maule,M,48.86365974365722,1.865016968497493
201800004605,NonLethal,2018-07-11,11:55:00,Daylight,780,683,Yes,X-type,Normal,2Vehicles-Side,route de Beynes,M,48.81772165787758,1.8177116733350964
201800004606,NonLethal,2018-11-19,09:00:00,Daylight,780,62,Yes,T-type,Normal,Other,D119,M,48.85334442607679,1.851835435522816
201800004607,Lethal,2018-01-18,11:50:00,Daylight,780,681,No,NoIntersection,HeavyRain,2Vehicles-BehindVehicles-Frontal,route de GARANCIÈRES,M,48.85020731894442,1.8492177340761808
201800004608,NonLethal,2018-09-16,12:20:00,Daylight,780,513,Yes,Other,Normal,Other,av des platanes (auchan),M,48.803266739908906,1.803819991111274
201800004609,NonLethal,2018-10-25,20:30:00,NightNoStreetLight,780,616,No,NoIntersection,Normal,NoCollision,CD45 entre THOIRY et AND,M,48.87878450266151,1.8753255007089056
201800004611,NonLethal,2018-01-17,12:30:00,Daylight,780,537,Yes,NoIntersection,Normal,Other,14 Rue de Guhermont,M,48.574365089557936,1.5780267169303894
201800004612,NonLethal,2018-01-21,12:45:00,Daylight,780,569,Yes,NoIntersection,LightRain,Other,face 39 bis rue Charles,M,48.52964215188625,1.529202950045384
201800004613,NonLethal,2018-02-04,17:50:00,NightNoStreetLight,780,164,No,NoIntersection,Normal,2Vehicles-BehindVehicles-Frontal,RD 29 PK00+500,M,48.60672523376709,1.6054288470289837
201800004614,NonLethal,2018-05-22,11:30:00,Daylight,780,522,No,Roundabout,Normal,2Vehicles-Side,Rond point de Rochefort,M,48.58329900643798,1.5816997110085935
201800004616,NonLethal,2018-10-09,21:05:00,NightNoStreetLight,780,87,No,NoIntersection,Normal,Other,PK 25+00 RD 988,M,48.610911068388965,2.609704029486265
201800004617,NonLethal,2018-10-24,07:20:00,NightNoStreetLight,780,120,No,X-type,Normal,2Vehicles-Side,RD27,M,48.60388055486554,1.605305043161401
201800004619,NonLethal,2018-12-04,08:10:00,Daylight,780,601,No,NoIntersection,Normal,NoCollision,"PK 037 + 900 , RN 10",M,48.6200245512118,1.6161492020311252
201800004620,NonLethal,2018-06-12,18:30:00,NightNoStreetLight,780,349,No,NoIntersection,Normal,Other,RD 149,M,48.568536297283686,1.5681313076650327
201800004621,NonLethal,2018-07-12,07:15:00,TwilightOrDawn,780,87,No,NoIntersection,LightRain,Other,départementale 132,M,48.61661012213059,2.6180832724934278
201800004622,NonLethal,2018-01-19,20:00:00,NightStreelightsOff,910,386,Yes,X-type,LightRain,Other,Imp. du hautclos renault,M,48.571421873183766,2.5711902392399617
201800004623,NonLethal,2018-05-24,08:10:00,Daylight,910,386,Yes,Roundabout,Normal,2Vehicles-Side,Avenue du buisson houdar,M,48.57350041521196,2.569243710705727
201800004624,NonLethal,2018-08-03,08:30:00,Daylight,910,468,Yes,NoIntersection,Normal,2Vehicles-Side,rue des activités,M,48.57299974902587,2.5713111786994425
201800004625,NonLethal,2018-08-17,13:00:00,Daylight,910,386,Yes,Other,VeryGood,Other,boulevard la verville,M,48.55406977756923,2.552046554886474
201800004626,NonLethal,2018-03-25,04:00:00,NightNoStreetLight,910,405,Yes,NoIntersection,Normal,Other,22 bis avenue du Général,M,48.40266263280742,2.4034237975292214
201800004627,NonLethal,2018-04-13,22:40:00,NightNoStreetLight,910,405,No,NoIntersection,LightRain,Other,RD837,M,48.40752846124496,2.4074619286808834
201800004628,NonLethal,2018-04-18,13:30:00,Daylight,910,405,No,NoIntersection,Normal,2Vehicles-BehindVehicles-Frontal,RD837,M,48.403242669101495,2.403020966155084
201800004629,NonLethal,2018-05-31,15:00:00,Daylight,910,599,No,NoIntersection,Normal,NoCollision,RD83,M,48.478894738277006,2.4766454075127053
201800004630,NonLethal,2018-07-26,21:40:00,TwilightOrDawn,910,405,Yes,Roundabout,Normal,Other,RD142,M,48.39992070165506,2.4005236628682507
201800004631,NonLethal,2018-09-29,08:25:00,Daylight,910,359,No,NoIntersection,Normal,2Vehicles-BehindVehicles-Frontal,route départementale 837,M,48.39517820781171,2.395336732387341
201800004632,NonLethal,2018-10-27,15:00:00,Daylight,910,507,Yes,NoIntersection,Normal,Other,GRANDE RUE,M,48.35149436353019,2.350707860963381
201800004633,NonLethal,2018-11-15,17:00:00,TwilightOrDawn,910,405,Yes,NoIntersection,Normal,2Vehicles-Side,Boulevard du Maréchal Jo,M,48.40078272898185,2.4008267394654093
201800004634,NonLethal,2018-08-12,18:45:00,NightNoStreetLight,910,69,No,NoIntersection,LightRain,3+Vehicles-Multiple,RD449,M,48.32416851321128,2.322684262171936
201800004635,NonLethal,2018-12-12,07:51:00,Daylight,910,184,No,Roundabout,Overcast,2Vehicles-Behind,RD449,M,48.4237563468373,2.421786997136563
201800004636,NonLethal,2018-12-17,09:20:00,Daylight,910,405,Yes,NoIntersection,VeryGood,Other,rue de la chapelle saint,M,48.40088458099769,2.401498481314572