AccidentId,Gravity,Date,Hour,Light,Department,Commune,InAgglomeration,IntersectionType,Weather,CollisionType,PostalAddress,GPSCode,Latitude,Longitude
201800004638,NonLethal,2018-12-02,08:00:00,TwilightOrDawn,910,200,Yes,T-type,Other,2Vehicles-BehindVehicles-Frontal,avenue d'Orléans,M,48.52236724871996,2.523818115757764
201800004639,NonLethal,2018-02-18,13:05:00,Daylight,910,200,Yes,NoIntersection,Normal,Other,81 Avenue de Paris,M,48.531321074922985,2.529422364756317
201800004641,NonLethal,2018-04-04,09:40:00,Daylight,910,35,Yes,NoIntersection,Normal,3+Vehicles-Multiple,RD 191,M,48.4502351506596,1.4501001276924683
201800004642,Lethal,2018-04-03,12:30:00,Daylight,910,547,Yes,NoIntersection,Normal,Other,15 RUE DE LA GARE,M,48.42224179846088,1.422806823748423
201800004644,NonLethal,2018-06-16,14:00:00,Daylight,910,200,Yes,Roundabout,Normal,2Vehicles-Side,rue du potelet,M,48.53057938605516,2.5313748258469366
201800004645,NonLethal,2018-07-14,02:05:00,NightNoStreetLight,910,247,No,NoIntersection,Normal,NoCollision,RD 836,M,48.47422310825214,2.4740814664318846
201800004647,Lethal,2018-02-11,19:25:00,NightNoStreetLight,910,547,No,X-type,Normal,2Vehicles-Side,D838 / D 21,M,48.41543916373986,1.4121977857476002
201800004648,NonLethal,2018-01-28,04:00:00,NightNoStreetLight,910,226,No,NoIntersection,LightRain,2Vehicles-Behind,RN20,M,48.50366537992316,2.5032147031874867
201800004649,NonLethal,2018-01-02,12:15:00,Daylight,910,226,No,NoIntersection,Normal,2Vehicles-Side,RN 20 - PK 31 - sens Par,M,48.49865990618088,2.498537280477483
201800004650,NonLethal,2018-09-19,16:20:00,Daylight,910,38,Yes,NoIntersection,Normal,NoCollision,route de Morigny,M,48.48103416109761,2.4832546369784825
201800004651,NonLethal,2018-12-23,16:20:00,Daylight,910,330,No,NoIntersection,LightRain,2Vehicles-BehindVehicles-Frontal,RD449,M,48.5289355319883,2.5292620922268965
201800004652,NonLethal,2018-02-20,14:15:00,Daylight,910,232,Yes,T-type,Normal,2Vehicles-Behind,rue eugène millet,M,48.48843475551368,2.487271566096842
201800004653,NonLethal,2018-05-29,14:30:00,Daylight,910,198,Yes,NoIntersection,Normal,Other,Route Départementale 449,M,48.457307949059626,2.454390240503867
201800004654,NonLethal,2018-06-16,09:20:00,Daylight,910,99,Yes,X-type,Normal,2Vehicles-Side,RUE DES TILLEULS,M,48.43710157410797,2.433808222201334
201800004656,NonLethal,2018-10-18,13:10:00,Daylight,910,129,Yes,NoIntersection,Normal,2Vehicles-Behind,rd191 - avenue carnot,M,48.48622940016003,2.4830453253913767
201800004657,NonLethal,2018-11-07,19:05:00,TwilightOrDawn,910,99,Yes,NoIntersection,LightRain,Other,159 RUE DE LA FERTÉ ALAI,M,48.446463471672764,2.448586967887451
201800004659,NonLethal,2018-10-11,18:00:00,NightStreelightsOn,910,47,Yes,X-type,LightRain,2Vehicles-Side,carrefour D191/D831,M,48.49083376323667,2.487321932973982
201800004660,NonLethal,2018-11-22,18:50:00,NightStreelightsOn,910,99,Yes,NoIntersection,FogOrSmoke,Other,rue du stade,M,48.439029444790336,2.439260746053917
201800004661,NonLethal,2018-11-30,18:50:00,NightStreelightsOn,910,315,Yes,NoIntersection,Normal,2Vehicles-BehindVehicles-Frontal,128 route de st vrain,M,48.532040182361655,2.5297804714244982
201800004662,NonLethal,2018-03-14,19:45:00,NightNoStreetLight,910,662,No,NoIntersection,Normal,Other,route de vaucelas,M,48.49741746080682,2.49925158478933
201800004664,NonLethal,2018-07-15,16:03:00,Daylight,910,662,No,NoIntersection,Normal,2Vehicles-BehindVehicles-Frontal,RD207,M,48.4972885957873,2.500774135105071
201800004665,Lethal,2018-09-19,17:00:00,Daylight,910,546,No,NoIntersection,Normal,3+Vehicles-Multiple,RD838,M,48.5741236781556,2.5736405529362867
201800004666,Lethal,2018-06-05,15:15:00,Daylight,910,661,Yes,NoIntersection,Normal,Other,86 avenue Charles de Gau,M,48.699430481167134,2.699539766004609
201800004667,NonLethal,2018-06-30,05:30:00,TwilightOrDawn,910,661,Yes,NoIntersection,Normal,2Vehicles-Side,RD 59 - avenue de la ple,M,48.69954533253003,2.7009763877755133
201800004671,NonLethal,2018-06-27,17:25:00,Daylight,910,207,No,NoIntersection,Normal,2Vehicles-Behind,route nationale 20,M,48.55633145794627,2.556506806721451
201800004674,NonLethal,2018-09-04,11:45:00,Daylight,910,41,No,NoIntersection,Normal,2Vehicles-Side,route nationale 20,M,48.56031299516422,2.557945611332955
201800004675,NonLethal,2018-12-22,17:30:00,NightStreelightsOn,910,41,Yes,NoIntersection,LightRain,Other,10 avenue de verdun,M,48.57495429900337,2.5762685878712444
201800004677,NonLethal,2018-06-25,12:38:00,Daylight,910,494,No,Roundabout,Normal,2Vehicles-Side,RD19,M,48.61075537775721,2.6137701019789
201800004678,NonLethal,2018-07-16,17:50:00,Daylight,910,376,Yes,NoIntersection,Normal,Other,19 grande rue,M,48.56223154197231,2.56270265365192
201800004679,NonLethal,2018-11-15,09:40:00,Daylight,910,376,Yes,NoIntersection,Overcast,Other,20 avenue Charles de Gau,M,48.5644456461809,2.563370132708444
201800004681,NonLethal,2018-01-12,18:30:00,NightStreelightsOn,910,482,Yes,NoIntersection,Normal,Other,33 grande rue,M,48.64529823925047,2.645382271265021
201800004682,NonLethal,2018-09-03,08:45:00,Daylight,910,338,Yes,NoIntersection,Normal,2Vehicles-Side,rue de chartres,M,48.629295784629946,2.628050294682505
201800004684,NonLethal,2018-05-05,19:30:00,Daylight,910,243,No,NoIntersection,Normal,2Vehicles-BehindVehicles-Frontal,rue de launay jacquet,M,48.59513525591248,2.5947335411274888
201800004685,NonLethal,2018-04-07,18:30:00,Daylight,910,111,Yes,NoIntersection,Normal,2Vehicles-BehindVehicles-Frontal,130 rue André Piquet,M,48.62614692404262,2.623285685483287
201800004686,NonLethal,2018-07-20,17:15:00,Daylight,910,338,Yes,NoIntersection,Normal,2Vehicles-Behind,20 rue de Chartres,M,48.62964821201149,2.627040083921865
201800004687,NonLethal,2018-07-29,22:40:00,NightNoStreetLight,910,111,No,NoIntersection,Normal,Other,Rue Charles Godin,M,48.62306390541427,2.623978502267617
201800004688,NonLethal,2018-01-29,14:50:00,Daylight,910,44,No,T-type,Normal,2Vehicles-Side,Route départementale 186,M,48.66527198081107,2.66623713738716
201800004689,NonLethal,2018-11-09,23:45:00,NightNoStreetLight,910,587,No,NoIntersection,Normal,Other,route de montlhery,M,48.67949423612689,2.681355681650792
201800004690,NonLethal,2018-08-04,15:40:00,Daylight,950,119,No,NoIntersection,Normal,Other,RD 14,M,49.19365217480705,1.1974442766336095
201800004691,Lethal,2018-04-12,07:45:00,Daylight,950,656,No,NoIntersection,Normal,Other,RD913,M,49.059590134829904,1.0616149713670615
201800004692,Lethal,2018-05-29,06:25:00,TwilightOrDawn,950,12,Yes,NoIntersection,FogOrSmoke,Other,RD 37,M,49.10787713068164,1.1079150888548477
201800004693,Lethal,2018-07-07,03:30:00,NightNoStreetLight,950,690,No,NoIntersection,Normal,Other,RD 205,M,49.07731361940319,1.0781336687069478
201800004694,NonLethal,2018-07-10,08:45:00,Daylight,950,355,Yes,NoIntersection,Normal,Other,RUE DE PARIS,M,49.15461197483222,1.1544483253031126
201800004695,NonLethal,2018-08-02,14:57:00,Daylight,950,119,No,NoIntersection,Normal,2Vehicles-Behind,Route départementale 14,M,49.19496960578592,1.1972080900949815
201800004696,NonLethal,2018-11-11,21:00:00,NightNoStreetLight,950,101,No,NoIntersection,Normal,2Vehicles-BehindVehicles-Frontal,RD 37,M,49.1420572268297,1.1434998557329177
201800004697,Lethal,2018-04-12,12:00:00,Daylight,950,462,No,NoIntersection,Normal,2Vehicles-BehindVehicles-Frontal,RD 86,M,49.14317022973334,1.145729782310586
201800004698,NonLethal,2018-12-08,19:00:00,NightNoStreetLight,950,554,No,NoIntersection,HeavyRain,3+Vehicles-Multiple,RD 14,M,49.168309461376296,1.1678814391145615
201800004699,Lethal,2018-06-01,19:40:00,Daylight,950,177,No,NoIntersection,Normal,2Vehicles-Side,RD 915,M,49.12159932478546,2.121044312589192
201800004700,NonLethal,2018-02-06,17:20:00,Daylight,950,459,Yes,NoIntersection,Normal,2Vehicles-BehindVehicles-Frontal,RTE DE PARIS,M,49.15653811057107,1.156248875864493
201800004701,NonLethal,2018-08-04,22:30:00,NightNoStreetLight,950,59,No,NoIntersection,Normal,NoCollision,RD 105,M,49.20424902343148,2.203536869160416
201800004702,NonLethal,2018-08-27,12:05:00,Daylight,950,177,Yes,NoIntersection,Normal,Other,Rue de BREANCON,M,49.11921370462802,2.119128607518464
201800004703,NonLethal,2018-09-25,20:00:00,TwilightOrDawn,950,23,No,NoIntersection,Normal,Other,RD 927,M,49.17173269849057,2.171920870206262
201800004704,NonLethal,2018-10-25,13:30:00,Daylight,950,271,No,NoIntersection,Normal,2Vehicles-BehindVehicles-Frontal,RD 9l5,M,49.09064447799974,2.090609042749373
201800004705,Lethal,2018-10-26,15:47:00,Daylight,950,271,No,NoIntersection,Overcast,2Vehicles-Side,RD 22,M,49.09234216196949,2.0923671191172786
201800004706,NonLethal,2018-11-30,16:11:00,Daylight,950,213,No,NoIntersection,Normal,Other,RD 22,M,49.11451445826701,2.114313256702009
201800004707,NonLethal,2018-12-14,16:50:00,TwilightOrDawn,950,54,No,NoIntersection,Normal,2Vehicles-Side,RD 43,M,49.14944683453712,1.1499057825945027
201800004708,NonLethal,2018-04-03,18:30:00,Daylight,950,446,No,NoIntersection,LightRain,2Vehicles-Side,CHEMIN DE PONTOISE,M,49.119770259510766,2.12077637498365
201800004709,NonLethal,2018-12-05,23:50:00,NightStreelightsOn,950,39,Yes,NoIntersection,Normal,Other,RUE DE PONTOISE,M,49.064833835731264,2.0668644452466958
201800004710,NonLethal,2018-05-30,19:05:00,Daylight,950,627,No,NoIntersection,Normal,2Vehicles-BehindVehicles-Frontal,RD 927,M,49.13033098536809,2.132494703316738
201800004711,NonLethal,2018-06-05,08:30:00,Daylight,950,256,Yes,Roundabout,LightRain,2Vehicles-Side,AV CHARLES DE GAULLE,M,49.04639387364914,2.0456275690584773
201800004713,NonLethal,2018-07-20,16:35:00,Daylight,950,211,No,NoIntersection,Other,2Vehicles-BehindVehicles-Frontal,RD 927 Z,M,49.06722984798651,2.0673581891056108
201800004714,NonLethal,2018-11-30,19:30:00,NightStreelightsOff,950,572,Yes,NoIntersection,LightRain,Other,AVENUE DU CHATEAU,M,49.0554135342548,2.0563411271078285
201800004715,Lethal,2018-12-02,15:10:00,Daylight,950,211,No,NoIntersection,LightRain,Other,RUE DU MOUTIER,M,49.08357109401192,2.0841150017514454
201800004716,NonLethal,2018-12-14,19:00:00,NightStreelightsOn,950,394,Yes,X-type,Normal,2Vehicles-Side,RUE THERESE LETHIAS,M,49.05500998449184,2.054709574331464
201800004717,NonLethal,2018-01-29,04:00:00,TwilightOrDawn,950,169,No,NoIntersection,Normal,Other,RD 43,M,49.125477038198575,1.1271008442913435
201800004718,NonLethal,2018-03-19,07:30:00,Daylight,950,348,No,NoIntersection,SnowOrHail,Other,RD14,M,49.07151842075697,1.0752001209211255
201800004719,NonLethal,2018-04-11,10:30:00,Daylight,950,2,No,NoIntersection,Normal,Other,RD14,M,49.07098573141789,1.0700840058894758
201800004720,NonLethal,2018-06-11,19:25:00,Daylight,950,2,No,NoIntersection,Normal,2Vehicles-Side,RDl4,M,49.07005186999855,1.0711494403844866
201800004721,NonLethal,2018-07-18,08:15:00,Daylight,950,253,No,NoIntersection,Normal,3+Vehicles-Multiple,RD 43,M,49.06040447408768,1.061540745772256
201800004722,NonLethal,2018-08-05,11:10:00,Daylight,950,592,No,NoIntersection,Normal,NoCollision,Départementale 43,M,49.05287568457678,1.05497134893657
201800004723,NonLethal,2018-08-12,07:40:00,Daylight,950,610,Yes,NoIntersection,Normal,NoCollision,RUE DU PONT AUX BOIS,M,49.084296946165466,1.0839487154782728
201800004724,NonLethal,2018-10-18,08:50:00,Daylight,950,2,No,NoIntersection,VeryGood,3+Vehicles-Multiple,RD 14,M,49.06794429489938,1.067923798670608
201800004726,NonLethal,2018-12-23,15:30:00,Daylight,950,658,Yes,NoIntersection,LightRain,Other,RUE DE LA COMTE,M,49.07536396187501,1.0756884165310618
201800004727,Lethal,2018-01-24,18:20:00,NightNoStreetLight,950,409,No,NoIntersection,Overcast,2Vehicles-Behind,RD 301,M,49.05025533821315,2.05100631172186
201800004728,NonLethal,2018-04-05,11:08:00,Daylight,950,199,Yes,NoIntersection,Normal,Other,RUE BERTHELOT,M,49.0309396094875,2.031015539676498
201800004729,NonLethal,2018-05-15,20:20:00,TwilightOrDawn,950,199,No,NoIntersection,Normal,Other,RD 909,M,49.04728911650527,2.047521850536032
201800004731,NonLethal,2018-08-31,14:20:00,TwilightOrDawn,950,409,Yes,NoIntersection,Normal,2Vehicles-Side,RD 301,M,49.0525147219975,2.05070104907202
201800004732,NonLethal,2018-01-09,14:30:00,Daylight,950,409,Yes,NoIntersection,Normal,2Vehicles-BehindVehicles-Frontal,RUE DE PARIS,M,49.049495541105735,2.050246119469504
201800004734,NonLethal,2018-09-15,13:20:00,Daylight,950,199,No,NoIntersection,Normal,Other,ROUTE DES FUSILLES,M,49.02642855250121,2.0257913666092637
201800004735,NonLethal,2018-02-18,22:25:00,NightNoStreetLight,950,241,No,NoIntersection,Normal,Other,RD 10,M,49.04973305268945,2.049373172555101
201800004736,NonLethal,2018-06-30,18:52:00,Daylight,950,351,No,NoIntersection,Normal,2Vehicles-Behind,Route départementale 317,M,49.05199770731085,2.0519181931552737
201800004737,NonLethal,2018-09-29,09:15:00,Daylight,950,212,No,NoIntersection,Normal,2Vehicles-BehindVehicles-Frontal,RD l65,M,49.0304597611644,2.032099024644918
201800004738,Lethal,2018-02-12,13:54:00,Daylight,770,196,No,NoIntersection,Normal,3+Vehicles-Chain,"RN 3, PK 011+120",M,48.94960152263822,2.9476935375851765
201800004739,NonLethal,2018-09-21,15:35:00,Daylight,770,23,Yes,X-type,Normal,2Vehicles-Side,RD38 - RD97,M,49.01593012452824,2.01717140098299
201800004740,NonLethal,2018-01-11,07:40:00,TwilightOrDawn,770,457,No,T-type,HeavyRain,2Vehicles-Side,D319 X CH. MERISIERS,M,48.66382093818915,2.663676749652621
201800004741,NonLethal,2018-04-13,13:09:00,Daylight,770,217,No,NoIntersection,Normal,2Vehicles-Side,RD 471,M,48.68239527961338,2.6829457945367747
201800004742,NonLethal,2018-03-07,17:30:00,Daylight,770,127,No,NoIntersection,Normal,2Vehicles-BehindVehicles-Frontal,RD 471 - pk 1+250,M,48.67747260171295,2.678496979130863
201800004743,NonLethal,2018-11-07,19:50:00,Daylight,770,252,No,NoIntersection,Normal,Other,Route Départementale 619,M,48.6327635844884,2.6323619124912514
201800004744,NonLethal,2018-05-09,16:00:00,Daylight,770,252,No,NoIntersection,Normal,2Vehicles-Side,RD 619,M,48.6295237170849,2.6305961363149737
201800004745,NonLethal,2018-10-13,06:25:00,TwilightOrDawn,770,252,No,NoIntersection,Normal,2Vehicles-Side,RD619,M,48.63119776376032,2.6314057950584795
201800004747,NonLethal,2018-12-14,18:00:00,NightNoStreetLight,770,165,No,NoIntersection,LightRain,2Vehicles-BehindVehicles-Frontal,D 227,M,48.48744423328014,2.4886180106496285
201800004748,NonLethal,2018-02-10,22:25:00,NightNoStreetLight,770,352,No,NoIntersection,SnowOrHail,2Vehicles-Side,RD48 PK9+700,M,48.65834872955586,2.659608112905373
201800004749,NonLethal,2018-04-07,01:20:00,NightNoStreetLight,770,107,No,NoIntersection,Normal,Other,route de fontenay,M,48.67530114372657,2.670095470373901
201800004750,NonLethal,2018-05-23,23:15:00,NightNoStreetLight,770,352,No,T-type,Normal,2Vehicles-Behind,D319 X ROUTE DE GUIGNES,M,48.64745830306863,2.650493532220574
201800004751,NonLethal,2018-05-31,08:55:00,Daylight,770,534,No,T-type,VeryGood,3+Vehicles-Chain,Intersection D619 - D353,M,48.63630544931696,2.63282721757646
201800004752,NonLethal,2018-05-06,17:45:00,Daylight,770,493,Yes,NoIntersection,Normal,Other,21BIS RUE E. VAILLANT,M,48.64675636898707,2.6476835801225755
201800004753,NonLethal,2018-10-15,16:00:00,Daylight,770,107,No,NoIntersection,Normal,3+Vehicles-Multiple,N36 PK54+800,M,48.65773255922301,2.6587515935226245
201800004754,NonLethal,2018-10-28,13:00:00,Daylight,770,4,No,NoIntersection,Normal,Other,D99E PK 02+0300,M,48.61850164016576,2.617180763089492
201800004755,NonLethal,2018-12-21,19:20:00,NightStreelightsOn,770,222,Yes,T-type,LightRain,Other,D619XD99- 44 RUE TROYES,M,48.636100228804274,2.634485079914448
201800004756,NonLethal,2018-11-14,17:00:00,TwilightOrDawn,770,82,No,NoIntersection,Normal,2Vehicles-BehindVehicles-Frontal,D47,M,48.60635433002099,2.605150494270813
201800004757,NonLethal,2018-11-28,17:50:00,NightNoStreetLight,770,211,No,T-type,Normal,Other,D619 X D201,M,48.57700412678123,2.577473920816012
201800004759,NonLethal,2018-02-16,12:15:00,Daylight,770,377,Yes,NoIntersection,Normal,Other,4 ruelle des pierres,M,48.714685692428006,2.71466375175236
201800004761,NonLethal,2018-09-19,18:05:00,Daylight,770,377,No,NoIntersection,Normal,NoCollision,D10 - VILLEPATOUR,M,48.7043299363788,2.7032662491386645
201800004762,NonLethal,2018-10-07,08:25:00,TwilightOrDawn,770,177,No,NoIntersection,LightRain,Other,RD10,M,48.75647984966561,2.7561000866444245
201800004763,NonLethal,2018-11-10,14:40:00,Daylight,770,470,No,Other,Normal,2Vehicles-Side,N4 - PARIS PROVINCE,M,48.73480971607552,2.7362254442946865
201800004764,NonLethal,2018-01-02,15:40:00,Daylight,770,521,No,NoIntersection,LightRain,2Vehicles-BehindVehicles-Frontal,RN 36,M,48.84289497572088,2.842877378878328
201800004765,NonLethal,2018-01-26,10:20:00,Daylight,770,529,No,Y-type,Normal,3+Vehicles-Multiple,N36 X D235,M,48.833481080076,2.832450822412107
201800004766,NonLethal,2018-07-12,14:30:00,Daylight,770,141,No,T-type,Normal,2Vehicles-Side,D406 X BRET. A140 MEAUX,M,48.856685192878224,2.8553922966232688
201800004767,NonLethal,2018-01-08,18:30:00,Daylight,770,142,No,T-type,Normal,3+Vehicles-Multiple,D934,M,48.84802694944288,2.849482757430598
201800004768,NonLethal,2018-08-08,22:00:00,TwilightOrDawn,770,49,No,Y-type,Normal,2Vehicles-Side,D228ExD33 PETIT ST LOUP,M,48.912926857119366,2.913091398312852
201800004769,NonLethal,2018-09-18,06:57:00,TwilightOrDawn,770,484,No,X-type,Normal,2Vehicles-Side,D228 / D125,M,48.89450657244021,2.894843888169534
201800004770,NonLethal,2018-09-26,16:30:00,Daylight,770,408,Yes,NoIntersection,Normal,Other,rue du colombier,M,48.91994523263408,2.919973893845311
201800004771,NonLethal,2018-12-10,19:55:00,NightNoStreetLight,770,270,Yes,X-type,Normal,2Vehicles-Behind,D228,M,48.86512705039848,2.8643246011003898
201800004772,Lethal,2018-08-11,18:05:00,NightNoStreetLight,770,529,No,NoIntersection,Normal,Other,N36,M,48.83055685294204,2.8316560232170818
201800004774,NonLethal,2018-05-01,11:00:00,Daylight,770,361,No,T-type,Normal,2Vehicles-BehindVehicles-Frontal,D19 X D21,M,48.90205753073477,3.903465343579432
201800004775,NonLethal,2018-06-03,06:25:00,TwilightOrDawn,770,24,No,NoIntersection,Normal,3+Vehicles-Multiple,lieu dit la belle idée,M,48.92024581477677,3.921016206734276
201800004776,NonLethal,2018-08-03,14:55:00,Daylight,770,238,No,Y-type,LightRain,2Vehicles-Side,D31 X D204,M,48.91528468943258,3.9154955982705495
201800004777,NonLethal,2018-04-19,18:15:00,Daylight,770,238,Yes,NoIntersection,Normal,2Vehicles-Side,D407 - 1 AV. DE CHALONS,M,48.9394079894054,3.939617360085802
201800004778,NonLethal,2018-05-18,14:30:00,Daylight,770,415,Yes,T-type,Normal,2Vehicles-Side,D603 X RUE P. & M. CURIE,M,48.94989537096381,3.952845408785943
201800004779,NonLethal,2018-01-06,22:25:00,NightNoStreetLight,770,78,No,NoIntersection,Normal,NoCollision,RD603 - PK 45+400,M,48.989225338776805,3.990863466275525
201800004780,NonLethal,2018-06-17,10:45:00,Daylight,770,183,Yes,T-type,Normal,2Vehicles-Side,D407 X IMP. MONTMIRAIL,M,48.94312378744024,3.9405591925759262
201800004781,Lethal,2018-06-20,06:16:00,TwilightOrDawn,770,440,No,NoIntersection,FogOrSmoke,3+Vehicles-Multiple,RD 21,M,48.9460561691527,3.9466722022780383
201800004783,NonLethal,2018-06-29,17:20:00,Daylight,770,478,No,T-type,Normal,3+Vehicles-Multiple,RD3e,M,48.960330490955045,3.9600336470972346
201800004784,NonLethal,2018-06-10,10:50:00,Daylight,770,183,Yes,Other,Normal,Other,9 boulevard pasteur,M,48.93889671496841,3.9413610036379407
201800004786,NonLethal,2018-11-10,13:40:00,Daylight,770,238,Yes,X-type,Normal,2Vehicles-Side,rue des pleux,M,48.924748290109456,3.926348529470303
201800004787,NonLethal,2018-10-26,15:35:00,Daylight,770,24,No,NoIntersection,Normal,NoCollision,LIEU DIT LA BUTTE ROUGE,M,48.91337831572519,3.913189641037069
201800004788,Lethal,2018-10-28,02:10:00,NightNoStreetLight,770,238,No,NoIntersection,Normal,Other,D402,M,48.90265757833076,3.902796988100584
201800004790,NonLethal,2018-12-09,03:50:00,NightNoStreetLight,770,478,No,NoIntersection,LightRain,2Vehicles-BehindVehicles-Frontal,D3,M,48.96141535412157,3.96052366791258
201800004791,NonLethal,2018-12-13,08:27:00,TwilightOrDawn,770,451,No,NoIntersection,Normal,2Vehicles-Side,RD2l,M,48.91215613400217,3.911289627635052
201800004792,NonLethal,2018-12-18,07:20:00,TwilightOrDawn,770,331,Yes,X-type,LightRain,2Vehicles-Side,D402 X D55 X VC,M,48.976836160868494,3.977083757229873
201800004793,NonLethal,2018-02-24,15:15:00,Daylight,770,318,No,X-type,Normal,2Vehicles-Side,intersection D216 D20,M,48.7910451736936,2.792592692806143
201800004794,NonLethal,2018-03-01,10:00:00,Daylight,770,508,No,NoIntersection,SnowOrHail,Other,RD231,M,48.80078546233857,2.803992613567376
201800004795,NonLethal,2018-03-20,21:35:00,NightNoStreetLight,770,91,No,X-type,Normal,2Vehicles-Side,D216 X R. BEAUMARCHAIS,M,48.7457914354805,2.745786122952394
201800004796,Lethal,2018-06-02,18:46:00,Daylight,770,318,No,NoIntersection,Normal,2Vehicles-BehindVehicles-Frontal,route départementale 231,M,48.78375966053769,2.7847997331292893
201800004797,NonLethal,2018-06-24,03:00:00,NightNoStreetLight,770,508,No,NoIntersection,Normal,Other,d23l,M,48.79789978677254,2.796692242193417
201800004798,NonLethal,2018-06-07,15:04:00,Daylight,770,510,Yes,T-type,Normal,2Vehicles-Behind,D21 X D88 (MAIRIE),M,48.817473456328685,2.81663494308507
201800004799,NonLethal,2018-09-09,06:10:00,TwilightOrDawn,770,176,No,NoIntersection,Normal,NoCollision,RD20,M,48.80143903906651,2.803983661013851
201800004800,NonLethal,2018-11-07,12:35:00,Daylight,770,219,No,NoIntersection,LightRain,3+Vehicles-Chain,RD 934,M,48.84158840854273,2.8429415239249023
201800004802,NonLethal,2018-07-12,19:15:00,NightNoStreetLight,770,466,No,NoIntersection,Normal,3+Vehicles-Multiple,D21,M,48.82609468186383,2.827362407073553
201800004803,Lethal,2018-03-31,17:15:00,Daylight,770,469,Yes,T-type,Normal,Other,22 rue de malvoisine,M,48.74044959725918,3.742339145438931
201800004804,Lethal,2018-07-07,19:20:00,Daylight,770,469,No,NoIntersection,Normal,Other,D231 - ROUTE DE PROVINS,M,48.7304238681328,3.727537988003609
201800004805,Lethal,2018-08-09,06:50:00,Daylight,770,31,No,NoIntersection,HeavyRain,2Vehicles-Behind,Aire de pesée - N4,M,48.692534125487455,2.6911421869502274
201800004807,NonLethal,2018-05-10,10:40:00,Daylight,770,486,No,NoIntersection,Normal,3+Vehicles-Multiple,D231,M,48.69268897080183,3.6939135077375633
201800004808,Lethal,2018-10-19,20:25:00,NightNoStreetLight,770,264,No,NoIntersection,Normal,2Vehicles-Behind,RD402 PK37+900,M,48.72442797679309,2.724553406762251
201800004809,Lethal,2018-10-30,04:30:00,NightNoStreetLight,770,264,No,NoIntersection,HeavyRain,2Vehicles-BehindVehicles-Frontal,D231,M,48.74842942431378,2.7462791167542733
201800004810,NonLethal,2018-01-11,19:10:00,NightStreelightsOn,770,520,Yes,NoIntersection,LightRain,Other,36 rue de Larchant,M,48.314693975446495,2.315937365945408
201800004811,Lethal,2018-03-06,23:30:00,NightNoStreetLight,770,46,No,NoIntersection,LightRain,Other,D410,M,48.25351541476292,2.252544161078991
201800004812,NonLethal,2018-03-25,15:25:00,Daylight,770,339,No,NoIntersection,Normal,Other,Route départementale 64,M,48.37069456039187,2.370764947948875
201800004813,NonLethal,2018-05-22,09:00:00,Daylight,770,88,Yes,NoIntersection,Normal,2Vehicles-Behind,Rue de villione,M,48.32562101617658,2.324282303279276
201800004814,NonLethal,2018-06-27,19:50:00,Daylight,770,22,Yes,Other,Normal,2Vehicles-Side,D64,M,48.43680964511958,2.437986077976675
201800004815,Lethal,2018-11-13,07:48:00,TwilightOrDawn,770,244,No,NoIntersection,Normal,Other,D16 route de BONNEVAULT,M,48.26810506731143,2.272118604914252
201800004816,NonLethal,2018-10-08,20:30:00,TwilightOrDawn,770,99,Yes,NoIntersection,Normal,Other,rue du lavoir,M,48.148178949182245,2.147566742456492
201800004817,NonLethal,2018-02-06,07:00:00,TwilightOrDawn,770,387,No,T-type,SnowOrHail,2Vehicles-Side,carrefour CD58 et CD 120,M,48.20384926669329,2.202232999955735
201800004818,NonLethal,2018-12-02,11:45:00,Daylight,770,370,No,NoIntersection,Normal,Other,D40E,M,48.22117878294901,2.223820584225133
201800004819,Lethal,2018-04-22,02:30:00,NightNoStreetLight,770,387,No,T-type,Normal,Other,D58 X D225,M,48.23713798853649,2.238045079320509
201800004820,Lethal,2018-05-23,16:05:00,Daylight,770,168,No,T-type,Normal,2Vehicles-Side,intersection RD58 RD30,M,48.18205019320997,2.181428612564281
201800004821,NonLethal,2018-07-22,12:30:00,Daylight,770,71,No,NoIntersection,Normal,NoCollision,D 58,M,48.20018864579435,2.202253144225962
201800004822,NonLethal,2018-08-11,22:20:00,NightNoStreetLight,770,370,No,NoIntersection,Normal,Other,rue des sables,M,48.226983634466485,2.22752365438843
201800004824,Lethal,2018-09-21,21:50:00,NightStreelightsOn,770,465,Yes,NoIntersection,Normal,2Vehicles-BehindVehicles-Frontal,D22 - RUE DE FLAGY,M,48.28826613941144,2.288179385954416
201800004825,NonLethal,2018-10-31,17:50:00,NightNoStreetLight,770,370,No,NoIntersection,LightRain,2Vehicles-BehindVehicles-Frontal,Route des sables,M,48.23176064353934,2.231464932965122