AccidentId,Gravity,Date,Hour,Light,Department,Commune,InAgglomeration,IntersectionType,Weather,CollisionType,PostalAddress,GPSCode,Latitude,Longitude
201800004826,NonLethal,2018-02-20,11:37:00,Daylight,770,420,No,NoIntersection,Overcast,2Vehicles-BehindVehicles-Frontal,Route nationale 2,M,49.03712261779549,2.0377701284030247
201800004827,NonLethal,2018-03-13,12:55:00,Daylight,770,420,Yes,T-type,Normal,2Vehicles-Side,"D404 - 61,RUE DE LA GARE",M,49.035624770928045,2.032509893903219
201800004828,NonLethal,2018-04-09,08:10:00,Daylight,770,153,No,NoIntersection,Overcast,2Vehicles-Side,Route nationale 2,M,49.05417450183725,2.053965933823536
201800004831,NonLethal,2018-06-08,07:45:00,Daylight,770,282,No,T-type,FogOrSmoke,2Vehicles-BehindVehicles-Frontal,N2212 Intersection N1104,M,49.02775503376108,2.0258482993746028
201800004832,Lethal,2018-06-15,18:30:00,Daylight,770,153,No,Roundabout,Normal,3+Vehicles-Multiple,D13 X ROUTE D'EVE,M,49.06388794101628,2.06551123321101
201800004833,NonLethal,2018-07-15,21:40:00,Daylight,770,153,Yes,T-type,Normal,Other,D401 - PLACE LAVOLLEE,M,49.052326088149485,2.0539214935288133
201800004834,NonLethal,2018-08-13,01:00:00,NightNoStreetLight,770,153,No,NoIntersection,HeavyRain,Other,N2 - PARIS PROVINCE,M,49.05615410361862,2.0555089367733386
201800004835,NonLethal,2018-09-19,16:25:00,Daylight,770,349,No,NoIntersection,Normal,NoCollision,Bois de Saint Laurent ha,M,49.083563469019545,2.085185347584863
201800004836,NonLethal,2018-12-26,15:05:00,Daylight,770,323,Yes,T-type,VeryGood,2Vehicles-Side,ATTENTION !!...  D26E1,M,49.047558869014914,2.0471339201789043
201800004838,NonLethal,2018-02-18,17:30:00,Daylight,770,94,No,Roundabout,Normal,NoCollision,D 139,M,48.95117475959582,2.95059552492316
201800004839,Lethal,2018-05-07,10:10:00,Daylight,770,5,No,NoIntersection,Normal,2Vehicles-BehindVehicles-Frontal,D404,M,48.92995214755428,2.930796498680869
201800004840,NonLethal,2018-08-04,17:20:00,Daylight,770,171,Yes,NoIntersection,Normal,Other,D5 -Av Charles de Gaulle,M,48.89937362357818,2.901485850241333
201800004841,NonLethal,2018-07-10,12:40:00,Daylight,770,5,No,NoIntersection,Normal,3+Vehicles-Multiple,,M,48.91845167616162,2.9199933892841297
201800004842,NonLethal,2018-10-10,20:00:00,NightNoStreetLight,770,196,No,NoIntersection,Normal,NoCollision,rn3 pk 10.800,M,48.947885983778754,2.9479085429791505
201800004843,NonLethal,2018-11-13,18:15:00,NightStreelightsOn,770,171,Yes,NoIntersection,Normal,Other,D239 - avenue joffre,M,48.89709163106637,2.898442333380002
201800004844,NonLethal,2018-08-12,12:20:00,Daylight,770,171,Yes,X-type,Overcast,2Vehicles-BehindVehicles-Frontal,D5D X AV. CH. DE GAULLE,M,48.89433556324142,2.8932507729063617
201800004845,NonLethal,2018-01-29,15:19:00,Daylight,770,148,Yes,NoIntersection,Normal,Other,D94 AV. DE LA GARE,M,49.09125180682823,3.089833810709518
201800004846,Lethal,2018-06-10,06:00:00,TwilightOrDawn,770,231,No,NoIntersection,FogOrSmoke,Other,RD 17 - PK17,M,48.99345889813911,2.993060401668641
201800004847,NonLethal,2018-07-27,18:50:00,Daylight,770,120,No,NoIntersection,Normal,NoCollision,Route départementale 65,M,49.02839190661394,3.028805164171372
201800004848,NonLethal,2018-06-11,20:45:00,NightNoStreetLight,770,129,No,NoIntersection,Normal,NoCollision,CD91,M,49.0892037845753,3.0903609779269203
201800004849,NonLethal,2018-01-15,08:15:00,TwilightOrDawn,770,437,No,NoIntersection,Normal,2Vehicles-BehindVehicles-Frontal,N330,M,49.02775992098377,2.0276862716437387
201800004850,Lethal,2018-02-02,19:10:00,NightNoStreetLight,770,430,No,NoIntersection,Normal,2Vehicles-BehindVehicles-Frontal,D9E1,M,49.08081660746453,2.082051612775333
201800004852,NonLethal,2018-05-14,11:30:00,Daylight,770,173,No,NoIntersection,LightRain,Other,route départementale 146,M,49.03887502436404,2.0401026047687147
201800004853,NonLethal,2018-05-28,17:20:00,Daylight,770,233,No,T-type,Normal,3+Vehicles-Multiple,D27 X D97,M,48.99922780199988,2.998584299583572
201800004854,NonLethal,2018-06-05,09:00:00,Daylight,770,515,No,NoIntersection,Normal,2Vehicles-Side,D54 direction Le Plessis,M,48.992249487796265,2.994419855564504
201800004855,NonLethal,2018-06-15,16:30:00,Daylight,770,430,No,T-type,Normal,2Vehicles-Behind,N330 X D9D,M,49.06495993708928,2.0641998501612058
201800004856,NonLethal,2018-12-08,17:45:00,Daylight,770,437,No,NoIntersection,Normal,NoCollision,D 401 PK 16+500,M,49.0424746615063,2.043370290086253
201800004858,NonLethal,2018-01-26,07:50:00,TwilightOrDawn,770,327,Yes,X-type,Overcast,2Vehicles-Side,D619 X D56,M,48.5618473750905,3.561529929640092
201800004859,NonLethal,2018-03-03,12:30:00,Daylight,770,383,No,NoIntersection,Normal,Other,D62,M,48.536564197268966,3.534720330874024
201800004861,NonLethal,2018-03-25,15:15:00,Daylight,450,317,Yes,NoIntersection,Normal,Other,4 CHEMIN DE FEULARDE,M,47.76511466570019,1.7666417564278654
201800004862,Lethal,2018-03-29,17:30:00,TwilightOrDawn,450,28,No,NoIntersection,LightRain,Other,LA SAULAYE,M,47.77692756469901,1.7761641959756458
201800004863,NonLethal,2018-06-10,14:45:00,Daylight,450,28,Yes,NoIntersection,Normal,NoCollision,34 avenue de Vendôme,M,47.78040868559418,1.7810622885180525
201800004865,NonLethal,2018-09-22,19:30:00,TwilightOrDawn,450,116,No,NoIntersection,Normal,NoCollision,RD 9l9,M,47.821660557841206,1.820507080966325
201800004866,Lethal,2018-10-15,17:05:00,Daylight,450,116,No,NoIntersection,Normal,2Vehicles-BehindVehicles-Frontal,CD919,M,47.823023351545736,1.8229817758174292
201800004867,NonLethal,2018-12-18,08:00:00,NightStreelightsOn,450,28,Yes,NoIntersection,FogOrSmoke,Other,14 rue Nationale,M,47.7805323389896,1.7805884339822624
201800004868,NonLethal,2018-01-26,03:00:00,NightNoStreetLight,450,82,No,NoIntersection,Normal,2Vehicles-BehindVehicles-Frontal,RD 2060 PK 63+900,M,47.89009706959846,2.8868094063604395
201800004869,NonLethal,2018-02-12,14:10:00,Daylight,450,273,No,Other,Normal,3+Vehicles-Chain,R.D 2060 - P.R 074.925,M,47.90838532006994,2.907564771522458
201800004870,Lethal,2018-02-21,21:30:00,NightNoStreetLight,450,82,No,MoreThan4Branches,Normal,2Vehicles-Side,D952,M,47.87455370350125,2.874878497352176
201800004871,NonLethal,2018-05-12,23:15:00,NightNoStreetLight,450,290,No,NoIntersection,Overcast,Other,RD2060 PK 62+900,M,47.92307681293359,2.9233441709551014
201800004872,NonLethal,2018-06-06,15:00:00,Daylight,450,82,Yes,X-type,Normal,2Vehicles-Side,rue maurice genevoix,M,47.86815232742547,2.8671758382705064
201800004873,NonLethal,2018-08-06,16:30:00,Daylight,450,49,No,X-type,Normal,2Vehicles-Side,RD 948/RD 88,M,47.86313185856382,2.8624279346467176
201800004874,NonLethal,2018-10-12,17:00:00,Daylight,450,316,No,NoIntersection,Normal,2Vehicles-BehindVehicles-Frontal,RD 2060 PK 58+400,M,47.945608557151445,2.946935082700629
201800004875,NonLethal,2018-10-17,04:15:00,NightNoStreetLight,450,82,No,NoIntersection,Normal,Other,D960,M,47.85893083990905,2.8593012473432764
201800004877,NonLethal,2018-12-24,19:00:00,NightNoStreetLight,450,82,No,NoIntersection,Normal,NoCollision,route d'orléans,M,47.85881384545186,2.859089952644286
201800004880,Lethal,2018-03-08,10:55:00,Daylight,450,89,No,NoIntersection,Normal,NoCollision,Levée de Loire,M,47.89057924866115,2.8912755916606865
201800004881,NonLethal,2018-07-13,06:50:00,Daylight,450,34,Yes,NoIntersection,Normal,Other,4 rue de commanderie,M,47.925387700782345,2.924478439241804
201800004882,NonLethal,2018-09-25,17:00:00,Daylight,450,89,Yes,T-type,Normal,2Vehicles-Behind,rue de grainloup,M,47.90098740518394,2.9027999514249605
201800004883,Lethal,2018-03-06,09:00:00,TwilightOrDawn,450,226,No,NoIntersection,FogOrSmoke,Other,D55 PK l4.900,M,47.754430819106055,2.755464642010201
201800004886,NonLethal,2018-06-22,23:55:00,NightStreelightsOff,450,273,Yes,NoIntersection,Normal,Other,D411-bd des Chenats,M,47.87730596807502,2.8763903289378896
201800004887,NonLethal,2018-08-09,13:15:00,Daylight,450,273,Yes,NoIntersection,Normal,2Vehicles-Behind,96 Avenue d'Orléans,M,47.87467693063637,2.875008184810353
201800004888,Lethal,2018-11-13,13:47:00,Daylight,450,335,No,X-type,Normal,2Vehicles-Side,D7-D13,M,47.76443031779395,2.7656643437378605
201800004889,NonLethal,2018-11-19,08:45:00,TwilightOrDawn,450,273,Yes,NoIntersection,VeryGood,Other,22 avenue du stade,M,47.871420456536526,2.8730239320387136
201800004890,NonLethal,2018-08-12,15:05:00,Daylight,450,173,Yes,NoIntersection,Normal,Other,28 rue du Faubourg Berry,M,47.86521188393685,2.862372469278785
201800004892,NonLethal,2018-01-09,18:25:00,NightStreelightsOn,450,155,Yes,X-type,Normal,Other,Rue de montbricon,M,47.68729377697323,2.688157740878669
201800004893,NonLethal,2018-07-04,20:10:00,TwilightOrDawn,450,108,No,NoIntersection,Normal,2Vehicles-Side,D956,M,47.63664760723539,2.6394411928320225
201800004894,NonLethal,2018-07-30,17:20:00,Daylight,450,155,Yes,T-type,VeryGood,3+Vehicles-Chain,Q de NICE/R de la LOIRE,M,47.68025110265099,2.681229474292053
201800004896,NonLethal,2018-08-12,16:30:00,Daylight,450,155,Yes,NoIntersection,LightRain,3+Vehicles-Chain,08 quai lenoir,M,47.683226863796605,2.684265133649212
201800004897,NonLethal,2018-02-26,18:00:00,Daylight,450,315,Yes,Roundabout,Normal,2Vehicles-Side,route de Isdes,M,47.761305354531366,2.7640475748874658
201800004898,Lethal,2018-06-09,19:30:00,Daylight,450,315,No,NoIntersection,Overcast,Other,route de Coulons,M,47.75737047488999,2.757520864687574
201800004899,NonLethal,2018-07-28,10:00:00,Daylight,450,164,No,NoIntersection,VeryGood,2Vehicles-BehindVehicles-Frontal,route de sigloy,M,47.82026011603552,2.820236525315369
201800004900,Lethal,2018-07-28,18:22:00,Daylight,450,315,No,X-type,VeryGood,2Vehicles-Side,Rte d'ISDES/CH CHATAIGNI,M,47.75238718136517,2.7524846124353064
201800004901,NonLethal,2018-08-01,12:40:00,Daylight,450,39,No,T-type,Normal,NoCollision,RTE St BENOIT/RTE MAROIS,M,47.80016260377568,2.8001416386902007
201800004903,NonLethal,2018-08-31,17:25:00,Daylight,450,244,Yes,NoIntersection,Normal,2Vehicles-BehindVehicles-Frontal,D119-Rte de MONTEREAU,M,47.78041810564958,2.780205576860044
201800004904,NonLethal,2018-09-19,14:15:00,Daylight,450,315,No,NoIntersection,Normal,2Vehicles-BehindVehicles-Frontal,D951,M,47.78022025696632,2.782357723221756
201800004906,NonLethal,2018-09-30,09:25:00,Daylight,450,244,No,NoIntersection,Normal,Other,CHEMIN DES MUSSEAUX,M,47.76937322604188,2.7688231567585944
201800004907,NonLethal,2018-11-06,18:10:00,NightNoStreetLight,450,315,No,NoIntersection,Normal,2Vehicles-Side,RD 951,M,47.76016290473254,2.760578056490769
201800004908,NonLethal,2018-07-11,10:05:00,Daylight,450,268,No,NoIntersection,LightRain,2Vehicles-BehindVehicles-Frontal,PK 45+300 décroissant,M,47.74923809322579,2.7521482589423734
201800004909,NonLethal,2018-12-05,09:50:00,Daylight,450,244,No,NoIntersection,Normal,Other,D119 - PK 6+500,M,47.768868287046,2.7665084340878026
201800004910,NonLethal,2018-12-10,15:55:00,Daylight,450,51,No,X-type,Normal,3+Vehicles-Chain,Carrefour RD 952 / RD 88,M,47.84277934314327,2.844563669732381
201800004911,NonLethal,2018-02-06,16:00:00,Daylight,450,210,No,X-type,SnowOrHail,2Vehicles-Side,RD 317 et VC 5,M,47.89304989410113,2.8933269463314284
201800004912,NonLethal,2018-02-18,12:25:00,Daylight,450,229,No,X-type,Normal,3+Vehicles-Chain,Carrefour D41/D627,M,47.8481462067879,2.8463039083726924
201800004913,NonLethal,2018-02-28,18:00:00,Daylight,450,210,No,NoIntersection,Normal,NoCollision,RD 93,M,47.84571800015885,2.8459764504019063
201800004914,NonLethal,2018-03-15,15:05:00,Daylight,450,278,No,X-type,Normal,2Vehicles-BehindVehicles-Frontal,route départementale 41,M,47.82027225243706,2.81968631124428
201800004915,NonLethal,2018-03-16,16:30:00,Daylight,450,229,No,T-type,LightRain,2Vehicles-BehindVehicles-Frontal,D2007 ET D135,M,47.84753809046624,2.850853099598136
201800004916,Lethal,2018-03-31,23:00:00,NightNoStreetLight,450,229,No,NoIntersection,Normal,Other,Route des choux RD 135,M,47.83396450238431,2.8325313326531423
201800004917,NonLethal,2018-05-25,14:40:00,Daylight,450,278,No,X-type,Normal,Other,RD 56 ET RD 835,M,47.81137882400189,2.8108520886249795
201800004918,NonLethal,2018-07-24,14:15:00,Daylight,450,77,No,NoIntersection,Normal,Other,route de Chatillon D-37,M,47.855683969642506,2.859019706744126
201800004921,NonLethal,2018-12-20,18:30:00,NightStreelightsOn,450,312,Yes,NoIntersection,HeavyRain,Other,D2007-LA COMMODITE,M,47.91870711584188,2.9179101458597447
201800004922,NonLethal,2018-12-29,23:35:00,NightStreelightsOn,450,332,No,NoIntersection,LightRain,Other,D41-PR5+950,M,47.86582685106696,2.8665043049835344
201800004923,NonLethal,2018-02-01,18:40:00,NightStreelightsOn,450,252,Yes,Other,Overcast,Other,AV du 08 mai 1945,M,48.17871457333333,2.1782409174520234
201800004924,NonLethal,2018-02-12,11:00:00,Daylight,450,252,Yes,NoIntersection,Normal,NoCollision,rue des meuriers,M,48.18013584535056,2.177587865674225
201800004925,NonLethal,2018-02-23,17:05:00,Daylight,450,252,Yes,NoIntersection,Normal,2Vehicles-Side,FB d'Orléans,M,48.16379879400542,2.164254222386274
201800004926,NonLethal,2018-04-23,17:16:00,Daylight,450,139,No,NoIntersection,Normal,NoCollision,RD26,M,48.18828543494678,2.188032241996191
201800004927,Lethal,2018-05-07,10:30:00,Daylight,450,119,No,X-type,Normal,2Vehicles-Side,RD 123/chemin du moulin,M,48.16346715183156,2.164115245304081
201800004928,Lethal,2018-06-21,22:10:00,TwilightOrDawn,450,253,No,X-type,Normal,2Vehicles-Side,RD 2152 et C5,M,48.145853311261874,2.145689557493866
201800004929,NonLethal,2018-06-27,18:45:00,Daylight,450,252,Yes,NoIntersection,Normal,Other,36 rue saint aignan,M,48.17548503658467,2.173968760859181
201800004931,NonLethal,2018-10-07,18:30:00,Daylight,450,198,Yes,NoIntersection,Normal,Other,"lieu dit ""Oysonville""",M,48.21904714866149,2.2191425361101165
201800004932,NonLethal,2018-11-30,14:00:00,Daylight,450,252,Yes,NoIntersection,Normal,Other,6 mail ouest,M,48.1740235355788,2.172611787124917
201800004933,NonLethal,2018-01-08,17:35:00,NightStreelightsOn,450,191,Yes,NoIntersection,Normal,Other,5 rue Jacques Prévert,M,48.29779759922224,2.29875458195717
201800004934,NonLethal,2018-02-04,17:15:00,Daylight,450,191,Yes,NoIntersection,Normal,NoCollision,2 rue andré malraux,M,48.29900416052586,2.2984063488972724
201800004935,NonLethal,2018-08-26,14:35:00,Daylight,450,246,No,NoIntersection,Normal,NoCollision,D24,M,48.29875569579686,2.2992255745143835
201800004936,NonLethal,2018-01-01,04:55:00,NightNoStreetLight,180,207,No,NoIntersection,StrongWindOrStorm,Other,RN151,M,47.01076581053681,2.013508946430911
201800004937,NonLethal,2018-03-14,19:55:00,NightNoStreetLight,180,207,No,NoIntersection,Normal,Other,N151,M,47.0083769995041,2.010014184332997
201800004938,NonLethal,2018-04-25,05:10:00,NightNoStreetLight,180,285,No,NoIntersection,Normal,NoCollision,route de SAINT FLORENT S,M,47.030873906556366,2.030453773854865
201800004941,NonLethal,2018-06-08,17:20:00,Daylight,180,55,No,NoIntersection,VeryGood,Other,le carroir du gué,M,47.00279235936378,2.002679860865088
201800004942,NonLethal,2018-08-29,09:00:00,Daylight,180,66,No,X-type,LightRain,NoCollision,RD16 intersection RD190,M,47.03108760954925,2.031926923241042
201800004943,NonLethal,2018-08-31,19:20:00,Daylight,180,207,Yes,NoIntersection,Normal,2Vehicles-Behind,51 avenue du Général LEC,M,47.00136250986037,2.0007367098869184
201800004944,NonLethal,2018-10-28,16:00:00,Daylight,180,66,No,NoIntersection,LightRain,Other,RN 151,M,46.99270408983036,2.990961598892848
201800004946,NonLethal,2018-12-17,18:50:00,NightStreelightsOn,180,207,Yes,X-type,Overcast,2Vehicles-BehindVehicles-Frontal,6 Avenue Jean JAURES,M,46.9903919956144,2.991526583965063
201800004947,Lethal,2018-12-19,18:15:00,NightNoStreetLight,180,133,No,NoIntersection,Overcast,2Vehicles-BehindVehicles-Frontal,Route de l'échalusse,M,46.92431287669862,2.9264289742535907
201800004948,NonLethal,2018-05-31,11:58:00,Daylight,280,185,No,NoIntersection,Normal,2Vehicles-Behind,RN l2 PRl+500,M,48.78022449274823,1.7770083539322152
201800004950,NonLethal,2018-06-12,19:30:00,NightNoStreetLight,280,293,No,NoIntersection,LightRain,Other,302.5,M,48.87997165106402,1.879307035909028
201800004951,NonLethal,2018-12-28,14:00:00,Daylight,280,62,No,NoIntersection,Normal,3+Vehicles-Chain,RN 12 PR 5+800,M,48.76094865031735,1.7607022230313467
201800004952,NonLethal,2018-01-04,09:45:00,Daylight,280,113,Yes,NoIntersection,Normal,Other,7 Grande Rue - Chandelle,M,48.63741948309908,1.638986307523837
201800004953,NonLethal,2018-04-30,14:40:00,Daylight,280,113,Yes,Other,LightRain,Other,Rue de chandelle,M,48.65145892221408,1.6529039846224878
201800004954,NonLethal,2018-06-28,20:40:00,Daylight,280,417,Yes,NoIntersection,Normal,2Vehicles-Side,Rue de Maintenon,M,48.60248498911176,1.6063388254774098
201800004955,NonLethal,2018-09-28,01:15:00,NightNoStreetLight,280,94,No,NoIntersection,Normal,Other,RD 26,M,48.63152731200273,1.6326591509610615
201800004956,Lethal,2018-11-23,20:30:00,NightNoStreetLight,280,374,No,NoIntersection,FogOrSmoke,NoCollision,RD26,M,48.61694473591672,1.6165524746941378
201800004958,Lethal,2018-05-02,10:45:00,Daylight,370,3,Yes,Other,Normal,NoCollision,2 quai du général de gau,M,47.41064620541619,9.411152649324931
201800004959,NonLethal,2018-03-16,19:00:00,TwilightOrDawn,370,252,No,NoIntersection,Normal,2Vehicles-BehindVehicles-Frontal,D23 - PK 06+200,M,47.41228595168676,1.4120951161270765
201800004961,NonLethal,2018-05-23,11:30:00,Daylight,370,3,Yes,NoIntersection,Normal,2Vehicles-Side,route de tours,M,47.40419196940808,9.405706882683535
201800004962,NonLethal,2018-05-28,20:00:00,Daylight,370,163,Yes,NoIntersection,Normal,Other,Boulevard des Platanes,M,47.4250593168096,9.424011334772487
201800004963,NonLethal,2018-09-07,15:20:00,Daylight,370,3,Yes,Other,VeryGood,Other,quai Charles de Gaulle,M,47.41266270945931,9.4146732123025
201800004964,NonLethal,2018-08-20,12:35:00,Daylight,370,236,Yes,NoIntersection,Normal,NoCollision,15 rue du val de l'amass,M,47.41153324061487,1.4110978935013858
201800004965,Lethal,2018-10-04,19:50:00,TwilightOrDawn,370,163,No,Other,Normal,NoCollision,D75,M,47.45088533738367,9.44928247821237
201800004966,NonLethal,2018-10-08,17:35:00,Daylight,370,171,No,NoIntersection,Normal,NoCollision,Le gros Hormeau,M,47.40258829978979,8.405364126308942
201800004967,NonLethal,2018-10-25,18:30:00,TwilightOrDawn,370,3,Yes,NoIntersection,Normal,2Vehicles-Behind,138 Avenue Léonard de Vi,M,47.406096214838406,1.4060574714389826
201800004969,NonLethal,2018-11-29,17:40:00,NightStreelightsOn,370,185,Yes,Other,Normal,2Vehicles-Behind,D431,M,47.42632569960328,9.426636830693171
201800004971,NonLethal,2018-12-14,17:30:00,NightNoStreetLight,370,171,No,NoIntersection,Normal,3+Vehicles-Multiple,RD 952 lieu dit la perch,M,47.418743833124,8.41680954855481
201800004972,NonLethal,2018-12-21,18:45:00,NightNoStreetLight,370,171,No,T-type,LightRain,2Vehicles-Side,RD 952 PK 16+100,M,47.40539696314875,8.404764246978166
201800004973,NonLethal,2018-08-13,12:05:00,Daylight,370,201,Yes,Roundabout,Normal,2Vehicles-Side,Lieu-dit la Galvauderie,M,47.14402977192605,2.145693095350385
201800004975,NonLethal,2018-09-02,05:00:00,NightNoStreetLight,370,248,No,NoIntersection,Normal,2Vehicles-Behind,D24,M,47.135247889483054,1.1355328101348892
201800004976,NonLethal,2018-10-10,10:15:00,Daylight,370,242,Yes,NoIntersection,Normal,Other,Départementale 418,M,47.211541469108255,1.210538050600717
201800004978,NonLethal,2018-11-16,12:30:00,Daylight,370,89,No,NoIntersection,Normal,NoCollision,lieu dit la croix de boi,M,47.16346832181706,3.1622817868003663
201800004979,Lethal,2018-11-21,20:45:00,NightStreelightsOn,370,72,Yes,NoIntersection,Normal,NoCollision,Avenue Saint Lazare,M,47.15967727328041,2.1596936311879844
201800004980,NonLethal,2018-11-23,09:00:00,Daylight,370,22,No,NoIntersection,Normal,2Vehicles-Side,7 rue de la croix Danzay,M,47.19017209269639,1.1903062429791649
201800004982,NonLethal,2018-03-16,18:15:00,Daylight,370,8,Yes,NoIntersection,Normal,2Vehicles-Behind,CHEMIN DES DAMES,M,47.32364204761534,9.325909833238272
201800004983,NonLethal,2018-03-23,02:05:00,NightNoStreetLight,370,27,No,NoIntersection,Normal,NoCollision,RD 976,M,47.315812320849616,9.316418347715032
201800004984,NonLethal,2018-03-27,17:30:00,Daylight,370,225,No,NoIntersection,Normal,2Vehicles-BehindVehicles-Frontal,Lieu-dit La Folie,M,47.35529207296317,9.354529607493983
201800004985,NonLethal,2018-04-27,12:50:00,Daylight,370,27,Yes,Other,Normal,Other,rue du général de Gaulle,M,47.32585683798546,9.325608044181614
201800004987,NonLethal,2018-03-06,10:00:00,Daylight,370,8,No,NoIntersection,Normal,Other,1 rue des landes,M,47.28676239587625,9.288519291576383
201800004989,NonLethal,2018-07-11,03:35:00,NightNoStreetLight,370,27,No,NoIntersection,Normal,2Vehicles-Side,D976,M,47.31708684443718,9.316956491912372
201800004990,NonLethal,2018-10-11,21:30:00,NightNoStreetLight,370,79,No,NoIntersection,LightRain,Other,rue de chenonceaux,M,47.33712149977382,1.337046275196753
201800004992,NonLethal,2018-01-12,19:30:00,NightNoStreetLight,370,79,Yes,Roundabout,LightRain,NoCollision,lieu dit la canardière,M,47.3220805172128,1.322974793832934
201800004993,NonLethal,2018-12-14,15:30:00,Daylight,370,75,No,NoIntersection,Normal,Other,route de sublaines,M,47.258617095201856,9.260080049137736
201800004995,Lethal,2018-04-14,02:15:00,NightNoStreetLight,410,66,No,NoIntersection,Normal,Other,Levée de la Loire,M,47.673997814825285,1.6728286210604073
201800004996,NonLethal,2018-04-14,16:40:00,Daylight,410,136,Yes,Roundabout,Normal,2Vehicles-Behind,D2152,M,47.70462693345106,1.7061053828523671
201800004997,NonLethal,2018-04-16,16:30:00,Daylight,410,206,No,NoIntersection,Normal,2Vehicles-BehindVehicles-Frontal,D2152,M,47.63465855652637,1.636078848740792
201800004998,NonLethal,2018-05-09,16:30:00,Daylight,410,220,No,NoIntersection,Normal,Other,hameau de la Proutière,M,47.67139962538118,1.6716174352481683
201800004999,Lethal,2018-05-16,09:00:00,Daylight,410,220,No,NoIntersection,Normal,NoCollision,"RD925, PR 20+400",M,47.73213109308954,1.7315492909589087
201800005000,NonLethal,2018-05-22,17:25:00,Daylight,410,39,No,NoIntersection,Normal,2Vehicles-BehindVehicles-Frontal,CD 112,M,47.71103950018836,1.7114089606400975
201800005001,NonLethal,2018-03-07,23:00:00,NightNoStreetLight,410,71,No,Other,Normal,NoCollision,la billardière,M,47.678725369418544,1.6789152410146646
201800005002,NonLethal,2018-08-22,08:55:00,Daylight,410,66,No,NoIntersection,Normal,NoCollision,CD 112,M,47.685171582257055,1.6834785284958989
201800005003,Lethal,2018-08-26,03:45:00,NightNoStreetLight,410,207,No,NoIntersection,Normal,NoCollision,RD951,M,47.6533842594842,1.653492365159046
201800005004,Lethal,2018-09-15,01:00:00,NightNoStreetLight,410,136,No,NoIntersection,Normal,Other,RD 112,M,47.6841955396722,1.6842911712966084
201800005005,NonLethal,2018-09-19,16:20:00,Daylight,410,206,No,T-type,VeryGood,2Vehicles-Side,D2152,M,47.62739898961439,1.627521768377684
201800005006,NonLethal,2018-10-12,10:45:00,Daylight,410,206,No,NoIntersection,Normal,3+Vehicles-Multiple,D2152,M,47.62691286657996,1.6249011745272584
201800005007,NonLethal,2018-01-07,08:25:00,TwilightOrDawn,330,97,No,NoIntersection,LightRain,Other,865 route de St LAURENT.,M,45.06982136118735,-0.0716144605115066
201800005008,NonLethal,2018-01-28,09:40:00,Daylight,330,214,Yes,NoIntersection,Normal,Other,RD6 PR53+475 réel.,M,45.00701952897613,-0.0076448304601515
201800005009,Lethal,2018-02-26,10:10:00,Daylight,330,214,Yes,NoIntersection,Normal,Other,D3 PR51+840 réel.,M,44.9810637287608,-0.982275275192562
201800005010,NonLethal,2018-03-03,22:30:00,NightNoStreetLight,330,97,Yes,NoIntersection,Normal,Other,RD207 PR23+900 réel,M,45.074938885347,-0.0729932625305078
201800005011,NonLethal,2018-03-19,15:30:00,Daylight,330,203,No,NoIntersection,LightRain,NoCollision,RD205 PR1+400 réel,M,45.18977246158951,-0.1886985926609634
201800005013,NonLethal,2018-03-23,18:15:00,TwilightOrDawn,330,333,No,NoIntersection,Normal,Other,106 Av bassin Arcachon,M,44.85030964471055,-0.8500844327749746
201800005015,NonLethal,2018-05-12,23:15:00,NightNoStreetLight,330,214,No,NoIntersection,LightRain,2Vehicles-BehindVehicles-Frontal,RD 6 PR46+600 réel,M,45.00639871368893,-0.0039348976444472
201800005017,NonLethal,2018-08-13,12:41:00,Daylight,330,214,No,NoIntersection,Overcast,Other,RD5E3 PR5+900 réel,M,44.966691477190224,-0.9655977016365392
201800005018,NonLethal,2018-09-26,07:40:00,TwilightOrDawn,330,203,No,X-type,Normal,2Vehicles-Side,LE CHALET,M,45.20072980661846,-0.1983909471881898
201800005019,NonLethal,2018-09-28,21:00:00,NightNoStreetLight,330,214,No,NoIntersection,Normal,NoCollision,RD5 E3 PR 7+690 réel,M,44.9732288099477,-0.9725084778490048
201800005020,NonLethal,2018-10-19,00:10:00,NightStreelightsOn,330,97,Yes,NoIntersection,Normal,Other,ROUTE DE BORDEAUX,M,45.07759134796095,-0.0789443788835811
201800005021,NonLethal,2018-10-31,17:30:00,NightStreelightsOn,330,214,Yes,Roundabout,LightRain,2Vehicles-Behind,Avenue de l'europe,M,45.00219836496842,-0.0031548093621714