AccidentId,Gravity,Date,Hour,Light,Department,Commune,InAgglomeration,IntersectionType,Weather,CollisionType,PostalAddress,GPSCode,Latitude,Longitude
201800005022,NonLethal,2018-11-18,16:10:00,Daylight,330,214,Yes,X-type,Normal,NoCollision,"22, Av.Général Leclerc",M,45.00664494021848,-0.0062742225836259
201800005023,NonLethal,2018-11-18,16:20:00,Daylight,330,214,No,Roundabout,Normal,2Vehicles-Side,LD Le Basta 42+355 réel,M,44.976481281089576,-0.9767374090835268
201800005024,NonLethal,2018-07-19,14:00:00,Daylight,290,233,Yes,T-type,Normal,2Vehicles-BehindVehicles-Frontal,rue maréchal foch,M,47.86854774946605,-0.8694109639697392
201800005027,NonLethal,2018-08-09,10:20:00,Daylight,290,233,Yes,NoIntersection,Normal,Other,Rue de lorient,M,47.86549593277744,-0.8627958707907277
201800005028,NonLethal,2018-09-10,19:15:00,TwilightOrDawn,290,297,No,X-type,Normal,2Vehicles-Side,keranguen,M,47.90402374025694,-0.9050042232077696
201800005029,NonLethal,2018-09-15,03:20:00,NightNoStreetLight,290,230,No,NoIntersection,Normal,Other,miniou rouz,M,47.96054851909608,-0.9611906750067126
201800005030,NonLethal,2018-09-16,15:00:00,Daylight,290,233,Yes,Roundabout,Normal,2Vehicles-Behind,RUE DE LORIENT,M,47.86870472617007,-0.8692303253927949
201800005031,NonLethal,2018-09-23,19:20:00,TwilightOrDawn,290,297,Yes,T-type,Normal,NoCollision,Kergroes,M,47.93986544551206,-0.9400608080634106
201800005032,NonLethal,2018-10-05,11:10:00,Daylight,290,234,No,NoIntersection,Normal,2Vehicles-Behind,RN 165 - PK 1+600,M,47.84131432287429,-0.8407104078157452
201800005033,NonLethal,2018-10-21,00:05:00,NightNoStreetLight,290,297,No,T-type,Normal,NoCollision,Kerauffret,M,47.91935565270085,-0.9176748771968174
201800005034,NonLethal,2018-03-26,10:05:00,Daylight,130,104,No,NoIntersection,Normal,2Vehicles-Side,D5,M,43.34192023554486,5.340593120807764
201800005036,Lethal,2018-07-11,11:37:00,Daylight,130,21,Yes,MoreThan4Branches,Normal,2Vehicles-Side,avenue pierre sémard,M,43.33923737712762,5.337782622894894
201800005037,NonLethal,2018-07-20,13:50:00,Daylight,130,104,No,NoIntersection,Normal,Other,D5 route saint julien le,M,43.34015124286576,5.340002887753329
201800005039,NonLethal,2018-09-20,12:00:00,Daylight,130,88,Yes,NoIntersection,Normal,Other,D 568,M,43.3663093269734,5.367516886739433
201800005040,NonLethal,2018-11-03,03:00:00,NightNoStreetLight,130,88,No,NoIntersection,Normal,2Vehicles-BehindVehicles-Frontal,D568,M,43.3801921994226,5.379408401312075
201800005041,NonLethal,2018-11-12,10:06:00,Daylight,130,21,Yes,NoIntersection,VeryGood,Other,avenue aristide briand,M,43.331248854997845,5.332216488900159
201800005042,NonLethal,2018-05-17,13:15:00,Daylight,440,20,Yes,NoIntersection,Normal,2Vehicles-Side,Rue de l'aviation,M,47.15946487386216,-0.1620370651129874
201800005043,NonLethal,2018-03-08,11:50:00,Daylight,330,199,Yes,NoIntersection,Normal,2Vehicles-Side,7 allée des places,M,44.63701145609509,-0.6361984511310483
201800005044,NonLethal,2018-03-24,17:00:00,Daylight,330,527,Yes,Roundabout,LightRain,2Vehicles-Side,RD650/Rue du Port,M,44.6374983788884,-0.6340437364289864
201800005045,NonLethal,2018-03-05,17:40:00,Daylight,330,199,Yes,NoIntersection,Normal,Other,70 rue jules barat.,M,44.640327586808354,-0.642234199600415
201800005047,NonLethal,2018-06-24,15:20:00,Daylight,330,199,Yes,NoIntersection,Normal,Other,53 bis allée de la foret,M,44.63564025358536,-0.6345999090707081
201800005048,Lethal,2018-06-25,02:30:00,NightNoStreetLight,330,199,No,NoIntersection,Normal,2Vehicles-Behind,RN250 PR39+448 réel.,M,44.61447413766103,-0.6169067248002305
201800005049,NonLethal,2018-07-12,17:55:00,Daylight,330,527,Yes,Roundabout,Normal,2Vehicles-BehindVehicles-Frontal,GRANGENEUVE/BECASSES,M,44.62009508777283,-0.620183475768498
201800005050,NonLethal,2018-07-13,15:20:00,Daylight,330,199,Yes,T-type,Normal,2Vehicles-Side,RD650/Allée des Places,M,44.63707112680198,-0.6393015965219829
201800005051,NonLethal,2018-07-13,14:30:00,Daylight,330,199,No,T-type,Normal,2Vehicles-BehindVehicles-Frontal,D652 / D256,M,44.57885369961634,-0.5783852072269272
201800005052,NonLethal,2018-08-10,02:30:00,NightNoStreetLight,330,199,Yes,NoIntersection,Normal,Other,Av. des Loisirs,M,44.61729741070396,-0.6172385794658265
201800005053,NonLethal,2018-08-10,21:30:00,NightNoStreetLight,330,284,No,NoIntersection,Normal,Other,D216 PR20+000 réel,M,44.54478322109423,-0.5444271044236209
201800005054,NonLethal,2018-08-22,15:20:00,Daylight,330,199,Yes,Roundabout,Normal,2Vehicles-Behind,RD650/RD650E3,M,44.63507023092925,-0.6337648201956444
201800005056,NonLethal,2018-12-27,22:40:00,NightStreelightsOn,330,527,Yes,NoIntersection,Normal,Other,7 rue de la Mission,M,44.623996867379134,-0.6210856949816698
201800005057,NonLethal,2018-01-08,21:50:00,NightStreelightsOn,60,155,Yes,Roundabout,Other,Other,"156O, LIBERTE AV.DE LA",M,43.55290068988874,7.55075908927918
201800005058,NonLethal,2018-03-02,04:25:00,NightStreelightsOn,60,4,Yes,NoIntersection,Normal,Other,"46, DULYS RUE SQUARE ET",M,43.5741289792562,7.571589568809537
201800005060,NonLethal,2018-02-20,11:30:00,Daylight,60,4,Yes,NoIntersection,Normal,Other,"10, JUIN AV.MARECHAL",M,43.5576859537764,7.560406065631648
201800005062,Lethal,2018-03-19,08:50:00,Daylight,60,4,Yes,NoIntersection,Normal,2Vehicles-BehindVehicles-Frontal,"458, SAINT CLAUDE CH.DE",M,43.59344667368026,7.592815891790494
201800005063,NonLethal,2018-03-28,01:31:00,NightStreelightsOn,60,4,Yes,X-type,Normal,Other,BIOT (CD.4) RTE DE,M,43.61290936970814,7.612257391899423
201800005064,NonLethal,2018-03-29,08:00:00,Daylight,60,4,Yes,NoIntersection,VeryGood,3+Vehicles-Chain,"65103, BADINE RTE DE LA",M,43.57815438480717,7.58029055757351
201800005065,NonLethal,2018-04-05,12:30:00,Daylight,60,155,Yes,NoIntersection,Normal,Other,POSTE AV.DE LA,M,43.568229254726845,7.569129498491035
201800005066,NonLethal,2018-04-22,10:30:00,Daylight,60,4,Yes,X-type,Normal,Other,ROCHAT AV.PHILIPPE,M,43.58807315575132,7.585611718429141
201800005067,NonLethal,2018-04-24,15:30:00,Daylight,60,4,Yes,NoIntersection,Normal,Other,WILSON BD,M,43.57815414142206,7.580333542670726
201800005069,NonLethal,2018-05-11,16:20:00,Daylight,60,4,No,NoIntersection,Normal,2Vehicles-BehindVehicles-Frontal,JUIN AV.MARECHAL,M,43.55352708902284,7.552337772101137
201800005070,NonLethal,2018-05-18,08:10:00,Daylight,60,4,Yes,NoIntersection,Normal,3+Vehicles-Chain,GRASSE RTE DE,M,43.601846280711456,7.603830652846272
201800005072,NonLethal,2018-04-06,12:00:00,Daylight,60,155,Yes,NoIntersection,Normal,2Vehicles-Side,SAINT BERNARD CH.,M,43.59112859743185,7.591180840359688
201800005073,NonLethal,2018-06-21,00:34:00,NightStreelightsOn,60,155,Yes,NoIntersection,Normal,2Vehicles-Behind,CLEMENCEAU AV.GEORGES,M,43.573274049741606,7.575184639312607
201800005075,NonLethal,2018-05-07,19:01:00,Daylight,60,4,Yes,Other,Normal,2Vehicles-Side,NICE(RN.7) AV.ET RTE DE,M,43.60970471350756,7.6085811207615714
201800005076,NonLethal,2018-07-07,21:15:00,TwilightOrDawn,60,155,Yes,NoIntersection,Normal,NoCollision,MASSIER AV.ET IMP.CLEMEN,M,43.57121435696477,7.570752068554585
201800005077,Lethal,2018-10-07,19:30:00,Daylight,60,4,Yes,Other,Normal,Other,LECLERC BD MARECHAL,M,43.57684314216568,7.576952335825578
201800005078,NonLethal,2018-07-15,23:30:00,NightStreelightsOn,60,4,Yes,NoIntersection,Normal,2Vehicles-BehindVehicles-Frontal,GUILLAUMONT BD CHARLES,M,43.57035170332436,7.571616958471771
201800005079,NonLethal,2018-08-02,00:25:00,NightStreelightsOn,60,4,Yes,NoIntersection,Normal,NoCollision,NICE(RN.7) AV.ET RTE DE,M,43.61701225410629,7.616186797067068
201800005080,NonLethal,2018-07-08,00:59:00,NightStreelightsOn,60,4,Yes,NoIntersection,Normal,Other,BRUSQUETS CH.DES MOYENS,M,43.58662792217585,7.58747062301635
201800005081,Lethal,2018-08-06,05:23:00,NightStreelightsOn,60,4,Yes,NoIntersection,Normal,Other,JAMES WYLLIE BD,M,43.57184433255066,7.5713691415485025
201800005082,NonLethal,2018-10-08,23:27:00,NightStreelightsOn,60,4,Yes,Other,Normal,2Vehicles-Side,VERDUN AV.DE,M,43.58298168854292,7.584825630289663
201800005083,NonLethal,2018-08-18,09:05:00,Daylight,60,4,Yes,T-type,Normal,2Vehicles-Side,ONZE NOVEMBRE AV.DU,M,43.587555018119176,7.5868368585675166
201800005084,NonLethal,2018-09-08,05:45:00,NightStreelightsOn,60,155,Yes,NoIntersection,Normal,2Vehicles-Side,TAPIS VERT AV.DU,M,43.57645324316716,7.578698482179377
201800005085,Lethal,2018-09-16,03:35:00,NightStreelightsOn,60,4,Yes,X-type,Normal,Other,POINCARE BD RAYMOND,M,43.57312616998831,7.570946747698773
201800005086,NonLethal,2018-09-13,13:20:00,Daylight,60,4,Yes,NoIntersection,Normal,Other,PRIMPTEMPS RUE DU,M,43.56934324668018,7.569958578428985
201800005088,NonLethal,2018-09-22,11:45:00,Daylight,60,4,Yes,NoIntersection,Normal,2Vehicles-Side,NICE(RN.7) AV.ET RTE DE,M,43.6163327961769,7.615877781984753
201800005089,NonLethal,2018-03-10,18:10:00,Daylight,60,155,Yes,NoIntersection,Normal,2Vehicles-Side,JUIN AV.MARECHAL,M,43.57432246649412,7.573271991705422
201800005092,NonLethal,2018-10-30,23:17:00,NightStreelightsOn,60,155,Yes,NoIntersection,Normal,2Vehicles-BehindVehicles-Frontal,RD6007,M,43.55606978756614,7.556814767186219
201800005093,NonLethal,2018-11-09,08:05:00,Daylight,60,4,Yes,NoIntersection,LightRain,3+Vehicles-Multiple,BIOT (CD.4) RTE DE,M,43.61455060266785,7.616146533983679
201800005094,NonLethal,2018-11-14,19:13:00,NightStreelightsOn,60,155,Yes,NoIntersection,Normal,2Vehicles-Side,LIBERTE AV.DE LA,M,43.57168927364213,7.572106356121418
201800005095,NonLethal,2018-12-02,11:17:00,Daylight,60,155,Yes,NoIntersection,Normal,2Vehicles-Side,LIBERTE AV.DE LA,M,43.5589318470849,7.556934490483552
201800005096,NonLethal,2018-12-08,09:05:00,Daylight,60,4,Yes,NoIntersection,Normal,Other,ROCHAT AV.PHILIPPE,M,43.58752947088487,7.585852867561264
201800005097,Lethal,2018-09-12,05:06:00,NightStreelightsOn,60,4,Yes,NoIntersection,Normal,Other,CAP BD DU,M,43.57261530533419,7.573444127530482
201800005098,NonLethal,2018-12-30,07:55:00,TwilightOrDawn,60,4,Yes,X-type,Normal,2Vehicles-Side,GRASSE RTE DE,M,43.59165517974198,7.593031983048352
201800005099,NonLethal,2018-05-01,22:05:00,NightStreelightsOn,60,123,Yes,NoIntersection,Normal,2Vehicles-Side,"493, DE GAULLE GENERAL A",M,43.6669530852566,7.666257279194871
201800005100,NonLethal,2018-01-15,10:00:00,Daylight,60,27,Yes,T-type,Normal,2Vehicles-Side,"7, GRASSE AVENUE DE",M,43.65515426487604,7.657557938979517
201800005101,NonLethal,2018-01-16,19:00:00,TwilightOrDawn,60,27,Yes,T-type,Normal,2Vehicles-Side,"44, GRASSE AVENUE DE",M,43.6567146629643,7.658314814528058
201800005102,NonLethal,2018-01-19,17:30:00,TwilightOrDawn,60,123,No,NoIntersection,Normal,2Vehicles-BehindVehicles-Frontal,"5481, ST JEANNET ROUTE D",M,43.71399113964396,7.713583859210236
201800005103,NonLethal,2018-02-02,15:50:00,Daylight,60,123,Yes,Other,Normal,2Vehicles-Side,"435, 11 NOVEMBRE AVENUE",M,43.676541748827255,7.675363424877728
201800005104,NonLethal,2018-02-07,12:15:00,Daylight,60,27,Yes,Other,Normal,2Vehicles-Side,"90, CHENES AVENUE DES",M,43.66051727134995,7.660465539706765
201800005106,NonLethal,2018-02-15,15:20:00,Daylight,60,123,Yes,T-type,Normal,Other,"868, VESPINS ROUTE DES",M,43.65985376608422,7.660241302114022
201800005107,NonLethal,2018-02-16,19:50:00,NightStreelightsOn,60,27,Yes,NoIntersection,Normal,2Vehicles-Behind,"6, BESSET AVENUE CYRILLE",M,43.66510458922278,7.664176408660042
201800005108,NonLethal,2018-02-18,15:40:00,Daylight,60,27,Yes,NoIntersection,Normal,2Vehicles-Side,"19, KENNEDY BOULEVARD J.",M,43.65140441192838,7.652130160521959
201800005109,NonLethal,2018-02-20,22:53:00,NightStreelightsOn,60,123,Yes,Other,Normal,2Vehicles-Behind,"494, VESPINS ROUTE DES",M,43.6591937846781,7.661377037608263
201800005110,NonLethal,2018-02-22,17:15:00,Daylight,60,123,Yes,T-type,Normal,2Vehicles-Side,"180, PUGETS AVENUE DES",M,43.67634916907717,7.678078010579712
201800005111,NonLethal,2018-02-23,14:28:00,Daylight,60,27,Yes,NoIntersection,Normal,2Vehicles-Side,"49, PLAGE BOULEVARD DE L",M,43.65707858350534,7.6573247380341245
201800005112,NonLethal,2018-03-16,09:00:00,Daylight,60,27,Yes,NoIntersection,Normal,2Vehicles-Behind,"7, PLAGE BOULEVARD DE LA",M,43.65228749696592,7.649961463541059
201800005113,Lethal,2018-03-16,15:10:00,Daylight,60,123,Yes,NoIntersection,Normal,Other,"l, GERBAULT ALAIN PROMEN",M,43.65685953116884,7.655971608429879
201800005114,NonLethal,2018-03-16,12:15:00,Daylight,60,27,Yes,NoIntersection,Normal,2Vehicles-Side,"41, RENOIR AVENUE AUGUST",M,43.6649288111695,7.664517615422911
201800005118,NonLethal,2018-03-26,09:03:00,Daylight,60,27,Yes,X-type,Normal,2Vehicles-Side,"73, PLAGE BOULEVARD DE L",M,43.65610752459614,7.656726925907047
201800005119,NonLethal,2018-04-06,18:15:00,TwilightOrDawn,60,123,Yes,X-type,Normal,Other,LECLERC GENERAL AVENUE,M,43.67441058629264,7.673561821986048
201800005120,NonLethal,2018-04-19,11:40:00,Daylight,60,123,Yes,Other,VeryGood,Other,MOATTI PASSAGE,M,43.65969795936242,7.662235406904744
201800005121,NonLethal,2018-04-20,19:10:00,Daylight,60,27,Yes,NoIntersection,Normal,3+Vehicles-Multiple,JUIN BOULEVARD MARECHAL,M,43.658075542236986,7.657043138531767
201800005122,NonLethal,2018-04-23,15:50:00,Daylight,60,123,Yes,NoIntersection,Normal,Other,POMPIDOU GEORGES BOULEVA,M,43.67464918434962,7.674251835365672
201800005123,NonLethal,2018-04-27,21:50:00,NightStreelightsOn,60,27,Yes,NoIntersection,Normal,2Vehicles-Side,NICE AVENUE DE (RN7),M,43.65521406619671,7.655454151142875
201800005124,NonLethal,2018-04-28,17:50:00,Daylight,60,27,Yes,NoIntersection,Normal,3+Vehicles-Multiple,NICE AVENUE DE (RN7),M,43.65728929851608,7.655393515474802
201800005125,NonLethal,2018-04-05,17:25:00,Daylight,60,27,Yes,X-type,Normal,2Vehicles-Side,NICE AVENUE DE (RN7),M,43.65949175573843,7.659685660138677
201800005127,NonLethal,2018-05-08,15:45:00,Daylight,60,123,Yes,X-type,Overcast,2Vehicles-Side,DE GAULLE GENERAL AVENUE,M,43.66396148041873,7.663629341360977
201800005128,NonLethal,2018-05-14,08:20:00,Daylight,60,27,Yes,NoIntersection,LightRain,2Vehicles-Behind,PLAGE BOULEVARD DE LA,M,43.65623027571213,7.654774563043264
201800005130,NonLethal,2018-05-20,14:10:00,Daylight,60,27,Yes,Other,Normal,2Vehicles-Side,GARE AVENUE DE LA,M,43.66215828248798,7.661116802631329
201800005131,NonLethal,2018-05-23,17:06:00,Daylight,60,123,Yes,NoIntersection,Normal,2Vehicles-Side,CURIE PIERRE ET MARIE AV,M,43.684157066036704,7.6827814427251715
201800005132,NonLethal,2018-05-06,14:50:00,Daylight,60,27,Yes,NoIntersection,Normal,Other,JUIN BOULEVARD MARECHAL,M,49.65892777425626,7.659758689370688
201800005133,NonLethal,2018-06-07,12:00:00,Daylight,60,27,Yes,NoIntersection,Normal,2Vehicles-Behind,NICE AVENUE DE (RN7),M,43.658856604871495,7.656119052561555
201800005136,NonLethal,2018-08-06,08:20:00,Daylight,60,27,Yes,NoIntersection,Normal,2Vehicles-Side,NICE AVENUE DE (RN7),M,43.6576405918761,7.657399490448021
201800005137,NonLethal,2018-06-14,08:35:00,Daylight,60,27,Yes,NoIntersection,Normal,Other,TRAVAILS CHEMIN DES,M,43.66778108741869,7.666949542249832
201800005138,NonLethal,2018-06-21,08:45:00,Daylight,60,27,Yes,NoIntersection,Normal,Other,COLLE AVENUE DE LA,M,43.65962747542133,7.659436795554899
201800005139,NonLethal,2018-06-22,01:40:00,NightStreelightsOn,60,123,Yes,NoIntersection,Normal,2Vehicles-Side,DE GAULLE GENERAL AVENUE,M,43.664515856240286,7.667409266389498
201800005140,NonLethal,2018-02-07,14:20:00,Daylight,60,27,Yes,Y-type,Normal,2Vehicles-BehindVehicles-Frontal,REYNES RUE DES,M,43.66022593098096,7.657446818713085
201800005141,NonLethal,2018-05-07,18:30:00,Daylight,60,123,Yes,NoIntersection,Normal,2Vehicles-Behind,LECLERC GENERAL AVENUE,M,43.674557125516685,7.675661053109087
201800005142,NonLethal,2018-07-11,11:15:00,Daylight,60,27,Yes,NoIntersection,Normal,2Vehicles-Behind,BESSET AVENUE CYRILLE,M,43.6634965275028,7.663976572164558
201800005143,NonLethal,2018-07-13,09:20:00,Daylight,60,123,Yes,Other,Normal,2Vehicles-Behind,BORD DE MER RN 98,M,43.65568891254367,7.656266660119582
201800005145,NonLethal,2018-07-23,19:40:00,Daylight,60,27,Yes,NoIntersection,Normal,2Vehicles-Behind,GRASSE AVENUE DE,M,43.650930061092,7.649904215215388
201800005146,NonLethal,2018-07-26,12:10:00,Daylight,60,27,Yes,Other,Normal,2Vehicles-BehindVehicles-Frontal,NICE AVENUE DE (RN7),M,43.66175430587812,7.659695308862006
201800005148,NonLethal,2018-08-03,21:45:00,NightStreelightsOn,60,27,Yes,NoIntersection,Normal,Other,PAGNOL AVENUE MARCEL,M,43.4018994855133,7.400765101108746
201800005150,NonLethal,2018-08-08,19:15:00,Daylight,60,27,Yes,NoIntersection,Normal,Other,CHEIRON AVENUE DU,M,43.67014613506439,7.670308586393756
201800005152,NonLethal,2018-08-24,20:10:00,Daylight,60,27,Yes,NoIntersection,Normal,2Vehicles-Side,PLAGE BOULEVARD DE LA,M,43.65665507061019,7.657785554550132
201800005155,NonLethal,2018-08-25,13:40:00,Daylight,60,27,Yes,NoIntersection,Normal,2Vehicles-Side,GRASSE AVENUE DE,M,43.65777459977612,7.661246526939503
201800005156,NonLethal,2018-08-30,05:25:00,NightStreelightsOn,60,123,Yes,Other,Normal,2Vehicles-Side,BORD DE MER RN 98,M,43.65666866577118,7.655543543459459
201800005157,NonLethal,2018-08-30,09:15:00,Daylight,60,123,Yes,NoIntersection,Normal,Other,LECLERC GENERAL AVENUE,M,43.676180977666746,7.676298976672547
201800005159,NonLethal,2018-03-09,09:00:00,Daylight,60,27,Yes,Other,Normal,Other,NICE AVENUE DE (RN7),M,43.65586702356476,7.656327943307999
201800005162,NonLethal,2018-09-11,10:15:00,Daylight,60,27,Yes,Other,Normal,Other,RENOIR AVENUE AUGUSTE,M,43.66333241967727,7.662545671335133
201800005163,NonLethal,2018-12-09,11:45:00,Daylight,60,123,Yes,NoIntersection,Normal,2Vehicles-Side,PUGETS ROUTE DES,M,43.69841058840412,7.698329156677408
201800005164,NonLethal,2018-09-17,13:05:00,Daylight,60,27,Yes,NoIntersection,Normal,2Vehicles-Side,BESSET AVENUE CYRILLE,M,43.65906043442143,7.659576483825591
201800005165,NonLethal,2018-09-21,11:06:00,Daylight,60,123,Yes,NoIntersection,Normal,Other,DONADEI EUGENE AVENUE,M,43.65911082437972,7.659883680543764
201800005166,NonLethal,2018-09-24,08:40:00,Daylight,60,123,Yes,NoIntersection,Normal,3+Vehicles-Chain,ST EXUPERY AVENUE,M,43.66548303665551,7.667797101677364
201800005167,Lethal,2018-09-24,17:30:00,Daylight,60,123,Yes,NoIntersection,Normal,Other,MOATTI PASSAGE,M,43.661461802763775,7.6612506396882685
201800005168,NonLethal,2018-09-26,12:52:00,Daylight,60,123,Yes,Y-type,Normal,Other,PUGETS ROUTE DES,M,46.82886017008888,7.825674035700545
201800005169,NonLethal,2018-09-28,16:15:00,Daylight,60,27,Yes,Other,Normal,2Vehicles-Behind,ALPES AVENUE DES,M,43.65898342479564,7.661142578324787
201800005171,NonLethal,2018-11-10,10:15:00,Daylight,60,123,Yes,Other,LightRain,Other,PUGETS MOYENNE CORNICHE,M,43.712515214516486,7.712836392395032
201800005172,NonLethal,2018-10-16,16:20:00,Daylight,60,27,Yes,Other,LightRain,3+Vehicles-Chain,GARE AVENUE DE LA,M,43.65861957083372,7.657849494974189
201800005173,NonLethal,2018-10-27,02:00:00,NightStreelightsOn,60,27,Yes,NoIntersection,LightRain,2Vehicles-Side,PLAGE BOULEVARD DE LA,M,43.651041320292016,7.651765849493258
201800005174,NonLethal,2018-10-31,06:08:00,NightStreelightsOn,60,123,Yes,Other,LightRain,2Vehicles-Side,DE GAULLE GENERAL AVENUE,M,43.67192200489474,7.669024721327161
201800005175,NonLethal,2018-01-11,00:01:00,NightStreelightsOn,60,27,Yes,X-type,HeavyRain,2Vehicles-Side,VAL FLEURI CHEMIN DU,M,43.66527236785426,7.664206315703005
201800005176,NonLethal,2018-11-02,21:00:00,NightStreelightsOn,60,27,Yes,NoIntersection,Normal,2Vehicles-Side,JAURES AVENUE JEAN,M,43.657052370684575,7.657887914578875
201800005177,NonLethal,2018-11-12,15:30:00,Daylight,60,123,Yes,NoIntersection,Overcast,2Vehicles-Side,CURIE PIERRE ET MARIE AV,M,43.68636839951767,7.689213965552483
201800005178,NonLethal,2018-11-22,18:00:00,NightStreelightsOn,60,27,Yes,NoIntersection,Normal,2Vehicles-Side,COLLE AVENUE DE LA,M,43.66237452437397,7.661140638864738
201800005179,NonLethal,2018-11-23,07:45:00,Daylight,60,27,Yes,NoIntersection,LightRain,2Vehicles-BehindVehicles-Frontal,CAMPANETTE CHEMIN DE LA,M,43.68189765562576,7.68210426898339
201800005181,NonLethal,2018-11-28,09:45:00,Daylight,60,27,Yes,NoIntersection,Normal,2Vehicles-Behind,PLAGE BOULEVARD DE LA,M,43.6569475751978,7.653792332042573
201800005182,NonLethal,2018-11-30,08:36:00,TwilightOrDawn,60,27,Yes,NoIntersection,Overcast,3+Vehicles-Multiple,TRAVAILS CHEMIN DES,M,43.66741875417735,7.668640107624925
201800005183,NonLethal,2018-12-02,19:35:00,NightStreelightsOn,60,123,Yes,NoIntersection,Normal,Other,GUYNEMER AVENUE,M,43.66135110217271,7.662144141371828
201800005184,NonLethal,2018-04-12,19:00:00,NightStreelightsOn,60,123,Yes,NoIntersection,Normal,2Vehicles-BehindVehicles-Frontal,SAUVAIGO PIERRE AVENUE,M,43.66290938949336,7.661757780853155
201800005185,NonLethal,2018-12-05,09:30:00,Daylight,60,123,Yes,NoIntersection,Normal,2Vehicles-Side,PUGETS ROUTE DES,M,43.69882163573116,7.698113303858394
201800005186,NonLethal,2018-11-12,09:20:00,Daylight,60,27,Yes,Other,Normal,2Vehicles-Side,BESSET AVENUE CYRILLE,M,43.6612216394463,7.658623315968214
201800005187,NonLethal,2018-12-12,18:50:00,NightStreelightsOn,60,27,Yes,T-type,Normal,Other,VAL FLEURI CHEMIN DU,M,43.65831396921776,7.661647433155728
201800005188,NonLethal,2018-12-27,08:55:00,Daylight,60,27,Yes,Other,Normal,Other,HOTEL DE VILLE AVENUE DE,M,43.66303492770857,7.661871178138197
201800005189,NonLethal,2018-12-28,11:55:00,Daylight,60,27,Yes,NoIntersection,Normal,2Vehicles-Side,COLLE AVENUE DE LA,M,43.6658502729388,7.666765994466943
201800005190,NonLethal,2018-01-01,19:00:00,TwilightOrDawn,60,29,Yes,NoIntersection,Normal,NoCollision,"289, GRASSE (AVENUE DE)",M,43.564027225041535,7.564895360515987
201800005191,NonLethal,2018-09-01,16:12:00,Daylight,60,29,Yes,NoIntersection,Normal,2Vehicles-Behind,"22, PICAUD (AVENUE DU DO",M,43.55077615495291,7.549931953199169
201800005192,NonLethal,2018-01-20,14:00:00,Daylight,60,30,Yes,NoIntersection,Normal,Other,AUBAREDE (CHEMIN DE L'),M,43.56816919839196,6.567898307370169
201800005193,NonLethal,2018-01-23,08:18:00,Daylight,60,30,Yes,NoIntersection,Normal,Other,JEANPIERRE (AVENUE MAURI,M,43.57423221782133,7.575488052283009
201800005194,NonLethal,2018-01-25,13:04:00,Daylight,60,29,Yes,NoIntersection,Normal,Other,BYRON (RUE LORD),M,43.56385259929504,7.562689412174542
201800005195,NonLethal,2018-01-25,19:41:00,NightStreelightsOn,60,29,Yes,NoIntersection,Normal,2Vehicles-Side,POESIE (AVENUE PIERRE),M,43.54828838318543,6.548007873427894
201800005196,NonLethal,2018-02-02,13:09:00,Daylight,60,30,Yes,NoIntersection,Normal,NoCollision,DOUMER (BOULEVARD PAUL),M,43.55447796649688,7.552183951657962
201800005198,NonLethal,2018-09-02,14:29:00,Daylight,60,29,Yes,NoIntersection,Normal,2Vehicles-Side,GABRES (PONT DES),M,43.55001938660796,7.549566155526207
201800005199,NonLethal,2018-11-02,19:25:00,NightStreelightsOn,60,29,Yes,NoIntersection,Normal,2Vehicles-Side,"00, VERCORS (AVENUE DU)",M,43.5492628626118,6.549524786784275
201800005200,NonLethal,2018-02-16,16:35:00,Daylight,60,30,Yes,NoIntersection,Normal,Other,AUBAREDE (CHEMIN DE L'),M,43.56780769748199,6.565635948303668
201800005201,NonLethal,2018-02-16,10:30:00,Daylight,60,29,Yes,NoIntersection,Normal,2Vehicles-Behind,CROISETTE (BOULEVARD DE,M,43.57691823426555,7.576526317984659
201800005203,NonLethal,2018-02-03,16:32:00,Daylight,60,29,Yes,NoIntersection,Normal,Other,STRASBOURG (BOULEVARD DE,M,43.55364337537941,7.553207721883473
201800005204,NonLethal,2018-04-03,19:11:00,NightStreelightsOn,60,29,Yes,NoIntersection,LightRain,Other,"00, BACHAGA SAID BOUALAM",M,43.55426735031766,7.553253696110259
201800005205,NonLethal,2018-05-03,11:45:00,Daylight,60,29,Yes,NoIntersection,Normal,Other,VERCORS (AVENUE DU),M,43.55527140965181,6.555349278823655
201800005207,NonLethal,2018-03-12,20:20:00,NightStreelightsOn,60,29,Yes,NoIntersection,Normal,Other,MIDI (BOULEVARD DU),M,43.54038942451309,6.541676789991897
201800005208,NonLethal,2018-03-17,17:30:00,TwilightOrDawn,60,30,Yes,NoIntersection,Normal,2Vehicles-Side,"00, JEANPIERRE (AVENUE M",M,43.5745449176841,7.574184920583264
201800005210,NonLethal,2018-03-29,15:30:00,Daylight,60,29,Yes,NoIntersection,Normal,Other,"00, BORDE (AVENUE DE LA)",M,43.56759089389173,6.565853483487303
201800005211,NonLethal,2018-03-29,21:51:00,NightStreelightsOn,60,29,Yes,NoIntersection,Normal,2Vehicles-Side,BACHAGA SAID BOUALAM (AV,M,43.554256718425776,7.554691919487878
201800005213,NonLethal,2018-03-31,15:55:00,Daylight,60,29,Yes,NoIntersection,Normal,Other,"00, ST PIERRE (QUAI)",M,43.54781818226702,7.547569616040026
201800005214,NonLethal,2018-07-04,23:00:00,NightStreelightsOn,60,29,Yes,NoIntersection,Normal,2Vehicles-Behind,MIDI (BOULEVARD DU),M,43.54825052230126,6.548955116585652
201800005215,NonLethal,2018-04-11,14:23:00,Daylight,60,29,Yes,NoIntersection,HeavyRain,2Vehicles-Behind,RIOU (BOULEVARD DU),M,43.331711989319615,7.332247635802121
201800005216,NonLethal,2018-12-04,13:44:00,Daylight,60,29,Yes,NoIntersection,HeavyRain,Other,TONNER (AVENUE FRANCIS),M,43.55076036698983,6.549006866106576