AccidentId,Gravity,Date,Hour,Light,Department,Commune,InAgglomeration,IntersectionType,Weather,CollisionType,PostalAddress,GPSCode,Latitude,Longitude
201800005217,NonLethal,2018-04-19,20:25:00,Daylight,60,30,Yes,NoIntersection,Normal,Other,SADI CARNOT (BOULEVARD),M,43.340122561080776,7.34127451154094
201800005218,NonLethal,2018-04-22,20:18:00,Daylight,60,29,Yes,NoIntersection,Normal,2Vehicles-Side,PICAUD (AVENUE DU DOCTEU,M,43.33110474120312,7.33164236782549
201800005219,NonLethal,2018-04-25,11:19:00,Daylight,60,29,Yes,NoIntersection,Normal,Other,TONNER (AVENUE FRANCIS),M,43.55256227480194,6.549107756948449
201800005220,NonLethal,2018-04-27,19:35:00,Daylight,60,29,Yes,NoIntersection,Normal,2Vehicles-BehindVehicles-Frontal,JOURDAN (AVENUE MICHEL),M,43.55404567302483,6.5560370106024575
201800005221,NonLethal,2018-04-29,13:01:00,Daylight,60,29,Yes,NoIntersection,Normal,2Vehicles-Behind,TONNER (AVENUE FRANCIS),M,43.54897497400892,6.55001371365872
201800005222,NonLethal,2018-04-30,09:30:00,Daylight,60,30,Yes,NoIntersection,Normal,2Vehicles-Side,JEANPIERRE (AVENUE MAURI,M,43.57386189771043,7.574414006213403
201800005223,NonLethal,2018-05-03,14:20:00,Daylight,60,29,Yes,NoIntersection,Normal,3+Vehicles-Chain,ANCIENS COMBATTANTS D'AF,M,43.33003896397826,7.330267434355827
201800005225,NonLethal,2018-11-05,11:20:00,Daylight,60,30,Yes,NoIntersection,Normal,2Vehicles-Behind,HUGO (RUE VICTOR),M,43.56595743834388,6.566034753899085
201800005226,NonLethal,2018-05-11,12:00:00,Daylight,60,29,Yes,NoIntersection,VeryGood,3+Vehicles-Chain,JOURDAN (AVENUE MICHEL),M,43.55830233357592,6.557461872342569
201800005227,NonLethal,2018-11-05,14:12:00,Daylight,60,29,Yes,NoIntersection,Normal,2Vehicles-Side,RIOU (BOULEVARD DU),M,43.560914093446144,7.561442451407126
201800005230,NonLethal,2018-05-14,20:00:00,Daylight,60,29,Yes,NoIntersection,Normal,NoCollision,NOTRE DAME (RUE),M,43.57384111048052,7.573489126434724
201800005231,NonLethal,2018-05-16,18:00:00,Daylight,60,30,Yes,Other,LightRain,2Vehicles-BehindVehicles-Frontal,JOURDAN (AVENUE MICHEL),M,43.564973695860736,6.5638889959535565
201800005232,NonLethal,2018-05-17,18:47:00,Daylight,60,30,Yes,NoIntersection,Normal,2Vehicles-Side,JEANPIERRE (AVENUE MAURI,M,43.57386846772861,7.574297687661764
201800005233,NonLethal,2018-05-19,08:15:00,Daylight,60,29,Yes,NoIntersection,Normal,2Vehicles-Behind,ALEXANDRE III (BOULEVARD,M,43.54569939145528,7.546735286460485
201800005234,NonLethal,2018-05-19,08:35:00,Daylight,60,29,Yes,NoIntersection,Normal,Other,CROISETTE (BOULEVARD DE,M,43.55013799531516,7.551324791746824
201800005235,NonLethal,2018-05-21,22:40:00,NightStreelightsOn,60,29,Yes,NoIntersection,LightRain,2Vehicles-BehindVehicles-Frontal,GRASSE (AVENUE DE),M,43.33187313349875,7.33477102201256
201800005238,NonLethal,2018-05-29,11:13:00,Daylight,60,30,Yes,Other,Normal,2Vehicles-Behind,GARIBONDY (LE CANNET),M,43.56734079001677,6.567916963893117
201800005239,NonLethal,2018-01-06,13:00:00,Daylight,60,30,Yes,NoIntersection,Normal,Other,DOUMER (BOULEVARD PAUL),M,43.56538490100523,7.567630071245182
201800005240,NonLethal,2018-02-06,15:05:00,Daylight,60,29,Yes,NoIntersection,Normal,2Vehicles-Side,ALEXANDRE III (BOULEVARD,M,43.54639736785329,7.545568700036726
201800005241,NonLethal,2018-04-06,11:06:00,Daylight,60,30,Yes,Square,Normal,Other,ST SAUVEUR (RUE),M,43.57656789678973,7.578007243900543
201800005242,NonLethal,2018-06-06,16:08:00,Daylight,60,30,Yes,NoIntersection,LightRain,2Vehicles-Side,VALBONNE ( RUE DE),M,43.58033767822826,7.578805851719135
201800005243,NonLethal,2018-06-06,17:15:00,Daylight,60,29,Yes,NoIntersection,HeavyRain,2Vehicles-Side,LATOUR MAUBOURG (RUE),M,43.5497776930891,7.551032287149454
201800005244,NonLethal,2018-06-08,18:08:00,Daylight,60,29,Yes,NoIntersection,Normal,2Vehicles-Side,GOURGUETTES (RUE DES),M,43.570425012932944,6.57057569813976
201800005245,NonLethal,2018-08-06,19:49:00,Daylight,60,30,Yes,NoIntersection,Normal,2Vehicles-BehindVehicles-Frontal,DOUMER (BOULEVARD PAUL),M,43.56707287552079,7.567258071656302
201800005246,NonLethal,2018-09-06,12:25:00,Daylight,60,29,Yes,NoIntersection,Normal,2Vehicles-Side,VALLOMBROSA (BOULEBARD),M,43.55321473493211,7.551765768684161
201800005248,NonLethal,2018-06-13,08:20:00,Daylight,60,29,Yes,NoIntersection,Normal,2Vehicles-Side,PANTIERO (PROMENADE DE L,M,43.550265580071134,7.551633863829327
201800005249,NonLethal,2018-06-13,10:45:00,Daylight,60,29,Yes,NoIntersection,Normal,2Vehicles-Behind,POESIE (AVENUE PIERRE),M,43.549379239836576,6.550752879882441
201800005250,NonLethal,2018-06-15,13:50:00,Daylight,60,29,Yes,NoIntersection,Normal,2Vehicles-Behind,RIVAGE (BOULEVARD DU),M,43.54264676754412,6.541501130827674
201800005251,NonLethal,2018-06-15,15:45:00,Daylight,60,29,Yes,NoIntersection,Normal,2Vehicles-Side,RIVAGE (BOULEVARD DU),M,43.54602602455068,6.543512001108254
201800005252,NonLethal,2018-06-16,11:00:00,Daylight,60,29,Yes,NoIntersection,Normal,2Vehicles-Side,MIDI (BOULEVARD DU),M,43.53571607380514,6.537554310481712
201800005253,NonLethal,2018-06-16,14:30:00,Daylight,60,29,Yes,NoIntersection,Normal,2Vehicles-Behind,PICAUD (AVENUE DR) BOCCA,M,43.55108652769515,6.550602655260151
201800005255,NonLethal,2018-06-19,19:02:00,Daylight,60,29,Yes,Other,Normal,Other,ST PIERRE (QUAI),M,43.55204926231383,7.552422069280642
201800005256,NonLethal,2018-06-25,08:15:00,Daylight,60,30,Yes,NoIntersection,Normal,2Vehicles-Behind,COTEAUX (AVENUE DES),M,43.56846201147326,7.567767928851983
201800005258,NonLethal,2018-06-27,09:10:00,Daylight,60,30,Yes,NoIntersection,Normal,Other,ROOSEVELT (AVENUE FRANKL,M,43.57368554480497,7.572873261443814
201800005259,NonLethal,2018-09-07,11:20:00,Daylight,60,30,Yes,NoIntersection,Normal,Other,DOUMER (BOULEVARD PAUL),M,43.56700070366034,7.570023785898931
201800005260,NonLethal,2018-10-07,15:15:00,Daylight,60,29,Yes,NoIntersection,Normal,2Vehicles-Side,COUBERTIN (AVENUE PIERRE,M,43.55622893348214,6.555415885555125
201800005261,NonLethal,2018-07-11,08:30:00,Daylight,60,30,Yes,Y-type,Normal,Other,SADI CARNOT (BOULEVARD),M,43.56923353530413,7.570236605950114
201800005262,NonLethal,2018-11-07,08:02:00,Daylight,60,30,Yes,X-type,Normal,Other,DUNKERQUE (RUE DE),M,43.56737538531687,7.5652818468753
201800005263,NonLethal,2018-07-17,19:05:00,Daylight,60,29,Yes,NoIntersection,Normal,2Vehicles-Side,JUIN (AVENUE MARECHAL),M,43.54833746923346,7.549152597366167
201800005264,Lethal,2018-07-23,13:55:00,Daylight,60,29,Yes,NoIntersection,Normal,2Vehicles-Side,JOURDAN (AVENUE MICHEL),M,43.569541692095285,6.56832435382265
201800005265,NonLethal,2018-07-25,11:30:00,Daylight,60,29,Yes,NoIntersection,Normal,2Vehicles-Behind,MIDI (BOULEVARD DU),M,43.54143463979112,6.541502429877244
201800005268,NonLethal,2018-07-28,12:30:00,Daylight,60,29,Yes,NoIntersection,Normal,2Vehicles-Side,CARNOT (BOULEVARD),M,43.55275882605008,7.553464997374152
201800005269,NonLethal,2018-07-29,05:21:00,NightStreelightsOn,60,29,Yes,NoIntersection,Normal,2Vehicles-BehindVehicles-Frontal,CLEMENCEAU (RUE GEORGES),M,43.54786253384209,7.548779987402298
201800005270,NonLethal,2018-03-08,11:40:00,Daylight,60,30,Yes,NoIntersection,Normal,2Vehicles-BehindVehicles-Frontal,MOULIN (VIEUX CHEMIN DU),M,43.5544866251547,7.553901368198636
201800005271,NonLethal,2018-06-08,11:58:00,Daylight,60,30,Yes,NoIntersection,Normal,Other,CAMPON (RUE,M,43.5721278171692,7.570823543447085
201800005272,NonLethal,2018-07-08,11:40:00,Daylight,60,29,Yes,NoIntersection,Normal,2Vehicles-Side,SEMARD (AVENUE PIERRE),M,43.54759709957843,6.550219996288676
201800005273,NonLethal,2018-08-07,17:50:00,Daylight,60,29,Yes,NoIntersection,Normal,2Vehicles-Side,BACHAGA SAID BOUALAM (AV,M,43.55241996946626,7.552290416466865
201800005274,NonLethal,2018-08-08,18:10:00,Daylight,60,29,Yes,T-type,Normal,2Vehicles-Side,ROUBINE (AVENUE DE LA),M,43.54875439536314,6.546520873465744
201800005275,NonLethal,2018-09-08,17:55:00,Daylight,60,30,No,NoIntersection,LightRain,Other,CARIMAI (RUE),M,43.57295502451285,6.5740541466374
201800005277,NonLethal,2018-08-14,10:00:00,Daylight,60,29,Yes,NoIntersection,Normal,2Vehicles-Side,ANCIENS COMBATTANTS D'AF,M,43.55452693142514,7.553730303245628
201800005279,NonLethal,2018-08-17,11:20:00,Daylight,60,29,Yes,Other,Normal,Other,CROISETTE (BOULEVARD DE,M,43.55128890480034,7.551216424092997
201800005280,NonLethal,2018-08-18,12:10:00,Daylight,60,29,Yes,NoIntersection,Normal,Other,TUBY (AVENUE FRANCOIS),M,43.55716430507874,6.558119443588048
201800005281,NonLethal,2018-08-18,15:04:00,Daylight,60,29,Yes,NoIntersection,Normal,Other,MIDI (BOULEVARD DU),M,43.53686872943936,6.540112984077335
201800005283,NonLethal,2018-01-09,09:05:00,Daylight,60,30,Yes,Y-type,Normal,Other,SADI CARNOT (BOULEVARD),M,43.567449364974834,7.569003278653126
201800005284,NonLethal,2018-04-09,15:45:00,Daylight,60,29,Yes,NoIntersection,Normal,2Vehicles-Side,VALLAURIS (AVENUE DE),M,43.55961407285543,7.558955507685296
201800005285,NonLethal,2018-09-10,08:25:00,Daylight,60,29,Yes,NoIntersection,Normal,Other,STRASBOURG (BOULEVARD DE,M,43.55493346318513,7.554797205575099
201800005286,NonLethal,2018-09-16,08:00:00,Daylight,60,29,Yes,NoIntersection,Normal,2Vehicles-Behind,ANTIBES (RUE D'),M,43.55188039218337,7.552008878383947
201800005287,NonLethal,2018-09-17,17:15:00,Daylight,60,29,Yes,NoIntersection,Normal,Other,CARNOT (BOULEVARD),M,43.565971999462526,7.564805830372827
201800005288,NonLethal,2018-09-20,16:00:00,Daylight,60,30,Yes,NoIntersection,Normal,Other,AUBAREDE (CHEMIN DE L'),M,43.56662177698144,6.566266887395964
201800005289,NonLethal,2018-09-25,15:00:00,Daylight,60,29,Yes,NoIntersection,Normal,2Vehicles-Behind,ALSACE ( BOULEVARD D'),M,43.55302461422927,7.553940472862773
201800005290,Lethal,2018-09-26,13:20:00,Daylight,60,29,Yes,NoIntersection,Normal,2Vehicles-BehindVehicles-Frontal,MIDI (BOULEVARD DU),M,43.32419446481768,7.325412014601857
201800005292,NonLethal,2018-09-30,19:30:00,NightStreelightsOn,60,29,Yes,Square,Normal,2Vehicles-Side,DIX HUIT JUIN (PLACE DU),M,43.55221484507409,7.554358075340034
201800005293,NonLethal,2018-10-07,09:00:00,Daylight,60,30,Yes,NoIntersection,LightRain,Other,DOUMER (BOULEVARD PAUL),M,43.56874976948291,7.56918685453498
201800005294,NonLethal,2018-09-10,20:00:00,NightStreelightsOn,60,30,Yes,X-type,Normal,2Vehicles-BehindVehicles-Frontal,DUNKERQUE (RUE DE),M,43.56555142058473,7.565457110290732
201800005295,NonLethal,2018-10-12,15:40:00,Daylight,60,29,Yes,Other,Normal,Other,LORRAINE (BOULEVARD DE),M,43.55315314492847,7.554035301149059
201800005296,NonLethal,2018-10-09,21:05:00,NightStreelightsOn,60,29,Yes,NoIntersection,Normal,2Vehicles-BehindVehicles-Frontal,REPUBLIQUE (BOULEVARD DE,M,43.56092886719176,7.56138242380739
201800005297,NonLethal,2018-10-18,08:30:00,Daylight,60,30,Yes,NoIntersection,Normal,2Vehicles-Behind,CANNES (RUE DE),M,43.570674187010745,7.571339945364097
201800005299,NonLethal,2018-10-22,14:00:00,Daylight,60,30,Yes,X-type,Normal,2Vehicles-Side,ROOSEVELT (AVENUE FRANKL,M,43.57583356180388,6.574911347213631
201800005300,NonLethal,2018-10-24,16:13:00,Daylight,60,30,Yes,NoIntersection,Normal,Other,MONOD (RUE JEAN),M,43.57648178852172,6.576482993242601
201800005301,NonLethal,2018-10-30,12:00:00,Daylight,60,30,Yes,X-type,Normal,2Vehicles-Side,SADI CARNOT (BOULEVARD),M,43.566020558125,7.567178491503301
201800005302,NonLethal,2018-11-01,17:15:00,TwilightOrDawn,60,29,Yes,NoIntersection,LightRain,Other,CROISETTE (BOULEVARD DE),M,43.55127584004986,7.553712535195673
201800005303,NonLethal,2018-02-11,12:45:00,Daylight,60,30,No,NoIntersection,Normal,3+Vehicles-Multiple,MOULIN (BOULEVARD JEAN),M,43.56623555250302,6.566688300665961
201800005304,NonLethal,2018-03-11,15:34:00,Daylight,60,30,Yes,NoIntersection,Normal,Other,DE GAULE (RUE DU GENERAL,M,43.56699096002477,6.568717536379612
201800005305,NonLethal,2018-11-14,17:45:00,NightStreelightsOn,60,29,Yes,NoIntersection,Normal,Other,GOURGUETTES (RUE DES),M,43.56889910664292,6.569016110551193
201800005306,NonLethal,2018-11-18,09:40:00,Daylight,60,29,Yes,NoIntersection,Normal,2Vehicles-Behind,CROISETTE (BOULEVARD DE,M,43.54902862028011,7.549693925728842
201800005307,NonLethal,2018-11-21,19:10:00,NightStreelightsOn,60,29,Yes,Other,LightRain,Other,BACHAGA SAID BOUALAM (AV,M,43.55265758142121,7.55573630177753
201800005308,NonLethal,2018-11-23,19:30:00,NightStreelightsOn,60,29,Yes,T-type,Normal,2Vehicles-Side,HUGO (RUE VICTOR)(BOCCA),M,43.56938105506564,6.570269254554363
201800005309,NonLethal,2018-11-24,16:00:00,Daylight,60,29,Yes,NoIntersection,Normal,2Vehicles-Behind,CROISETTE (BOULEVARD DE,M,43.53905850620537,7.54003154349581
201800005310,NonLethal,2018-01-12,16:15:00,Daylight,60,30,Yes,NoIntersection,Normal,Other,OLIVET (CHEMIN DE L'),M,43.56835961625702,6.568417262572873
201800005311,Lethal,2018-03-12,16:00:00,Daylight,60,30,Yes,NoIntersection,Normal,2Vehicles-Side,SADI CARNOT (BOULEVARD),M,43.31053314376557,7.309953651747914
201800005312,NonLethal,2018-11-12,17:47:00,NightStreelightsOn,60,29,Yes,NoIntersection,LightRain,Other,TONNER (AVENUE FRANCIS),M,43.55007250680447,6.551537949093403
201800005314,NonLethal,2018-12-13,12:40:00,Daylight,60,29,Yes,NoIntersection,Normal,Other,TONNER (AVENUE FRANCIS),M,43.55065213065269,6.550329103897582
201800005315,NonLethal,2018-12-14,19:05:00,NightStreelightsOn,60,29,Yes,NoIntersection,Normal,Other,BORDE (AVENUE DE LA)(BOC,M,43.56776983086714,6.567227993041527
201800005318,NonLethal,2018-12-17,11:30:00,Daylight,60,30,No,NoIntersection,Normal,3+Vehicles-Chain,CARIMAI (RUE),M,43.57785657242127,6.577855180724127
201800005319,NonLethal,2018-03-01,14:55:00,Daylight,60,69,Yes,NoIntersection,Normal,Other,"158, CANNES (ROUTE DE)",M,43.635091940450025,6.634447913199952
201800005320,NonLethal,2018-01-04,15:00:00,Daylight,60,69,Yes,NoIntersection,Normal,Other,"3, THIERS (AVENUE)",M,43.66041556496812,6.661913884510248
201800005321,NonLethal,2018-01-06,11:45:00,Daylight,60,69,Yes,NoIntersection,LightRain,NoCollision,"45, DUVAL (AVENUE MATHIA",M,43.65063536633692,6.6512135368475045
201800005323,NonLethal,2018-08-01,07:50:00,Daylight,60,69,Yes,NoIntersection,Normal,Other,"145, PAOUTE (ROUTE ET TR",M,43.64398494736422,6.644209943032015
201800005324,NonLethal,2018-01-09,13:55:00,Daylight,60,69,Yes,NoIntersection,LightRain,NoCollision,"280, Route de PLASCASSIE",M,43.6418214566774,6.640777632802967
201800005327,NonLethal,2018-10-01,11:30:00,Daylight,60,69,Yes,Roundabout,Normal,2Vehicles-Side,SIDI BRAHIM (AVENUE),M,43.65088452090188,6.65080243210218
201800005328,Lethal,2018-01-16,18:30:00,NightStreelightsOn,60,69,Yes,NoIntersection,Normal,Other,"2, Place Csar Ossola",M,43.65792324416788,6.658732826836272
201800005329,NonLethal,2018-01-17,07:50:00,TwilightOrDawn,60,69,No,NoIntersection,StrongWindOrStorm,Other,PLASCASSIER - MOULIN DE,M,43.65161092432789,6.651688413393644
201800005330,NonLethal,2018-01-19,08:50:00,Daylight,60,69,Yes,NoIntersection,Normal,Other,"x, LIBERATION (AVENUE DE",M,43.64964861508103,6.647966682086196
201800005331,NonLethal,2018-01-18,13:30:00,Daylight,60,69,Yes,T-type,Normal,2Vehicles-Side,"x, PEGOMAS (ROUTE DE)",M,43.63605197827981,6.636206575305288
201800005332,NonLethal,2018-02-01,08:45:00,Daylight,60,69,Yes,NoIntersection,Normal,2Vehicles-Behind,"X, SAINT EXUPERY (AVENUE",M,43.64889050600623,6.649887924169458
201800005333,NonLethal,2018-02-02,15:05:00,Daylight,60,69,Yes,NoIntersection,Normal,Other,"7, SABOLY (AVENUE)",M,43.64091861413109,6.638759178941949
201800005335,NonLethal,2018-08-02,17:10:00,Daylight,60,69,Yes,NoIntersection,Normal,2Vehicles-BehindVehicles-Frontal,"188, DRAGUIGNAN (ROUTE D",M,43.64356955086338,6.641970755019464
201800005337,NonLethal,2018-12-02,17:35:00,TwilightOrDawn,60,69,Yes,NoIntersection,HeavyRain,Other,"43, ROURE DE LA GACHE (C",M,43.64890193313283,6.648264634459914
201800005338,NonLethal,2018-02-13,06:45:00,NightStreelightsOn,60,69,Yes,NoIntersection,Normal,Other,"89, CANNES (ROUTE DE)  -",M,43.639889005117205,6.640754838500441
201800005339,NonLethal,2018-02-15,13:35:00,Daylight,60,69,Yes,NoIntersection,Normal,2Vehicles-Behind,"46, DUNANT (AVENUE HENRI",M,43.64752854179292,6.646284893649729
201800005340,NonLethal,2018-02-16,14:35:00,Daylight,60,69,Yes,NoIntersection,Normal,2Vehicles-Behind,"36, PLAN (ROUTE DU) -D30",M,43.65199057353348,6.650198110246828
201800005341,NonLethal,2018-02-18,03:00:00,NightStreelightsOn,60,69,Yes,NoIntersection,Normal,NoCollision,POMPIDOU (AVENUE GEORGES,M,43.64825192304049,6.647805736497847
201800005342,NonLethal,2018-02-18,12:20:00,Daylight,60,69,Yes,NoIntersection,Normal,2Vehicles-Side,"17, SAINT MARC - LE PLAN",M,43.64028780641813,6.638142596201141
201800005343,NonLethal,2018-02-19,09:23:00,Daylight,60,69,Yes,NoIntersection,Normal,NoCollision,"x, RIOU BLANQUET (AVENUE",M,43.66045454216909,6.662970213348315
201800005344,NonLethal,2018-02-23,19:30:00,NightStreelightsOn,60,69,Yes,NoIntersection,Normal,Other,"17, THIERS (AVENUE)",M,43.66171504070264,6.662916881872042
201800005345,NonLethal,2018-02-25,16:05:00,Daylight,60,69,No,NoIntersection,HeavyRain,Other,"110, PASTEUR (BOULEVARD)",M,43.66260573638757,6.66346846668246
201800005347,NonLethal,2018-02-28,12:25:00,Daylight,60,69,Yes,NoIntersection,SnowOrHail,Other,"259, PEGOMAS (ROUTE DE)",M,43.62472264777573,6.625459003194759
201800005350,NonLethal,2018-03-03,16:20:00,Daylight,60,69,Yes,NoIntersection,Normal,NoCollision,"79, AURIBEAU (ROUTE D')",M,43.63420985437677,6.63360658389053
201800005351,NonLethal,2018-04-03,10:20:00,Daylight,60,69,Yes,NoIntersection,Overcast,2Vehicles-Behind,"25, DUVAL (AVENUE MATHIA",M,43.652160760805806,6.650824814774082
201800005353,NonLethal,2018-03-19,19:20:00,NightStreelightsOn,60,69,No,NoIntersection,Normal,2Vehicles-BehindVehicles-Frontal,"l20, DRAGUIGNAN (ROUTE D",M,43.64305853974958,6.6420871167360165
201800005354,NonLethal,2018-03-21,20:00:00,NightStreelightsOn,60,69,No,NoIntersection,Normal,2Vehicles-Side,"324, CANNES (ROUTE DE)",M,43.620317033475,6.619908444425449
201800005355,NonLethal,2018-03-22,09:00:00,Daylight,60,69,Yes,NoIntersection,Normal,Other,"134, CANNES (ROUTE DE)",M,43.640801260448,6.638839305076215
201800005357,NonLethal,2018-03-27,18:23:00,Daylight,60,69,Yes,NoIntersection,Normal,Other,"29, MAUPASSANT (AVENUE G",M,43.65563783737303,6.652971476298852
201800005358,NonLethal,2018-03-28,16:40:00,Daylight,60,69,Yes,Roundabout,Normal,2Vehicles-Behind,"1, MOUANS (ROUTE DE)",M,43.64012094380939,6.63944399922609
201800005359,NonLethal,2018-03-30,20:00:00,NightNoStreetLight,60,69,Yes,NoIntersection,Normal,2Vehicles-Behind,"159, CANNES (ROUTE DE)",M,43.63640850733551,6.6347553075980725
201800005362,NonLethal,2018-07-04,16:00:00,Daylight,60,69,Yes,NoIntersection,Normal,2Vehicles-Behind,CHASSEURS ALPINS (ROND-P,M,43.65019506042599,6.652951377624063
201800005363,NonLethal,2018-10-04,00:15:00,NightStreelightsOn,60,69,Yes,T-type,Normal,2Vehicles-Side,CANNES (ROUTE DE)  -RD 6,M,43.62327828974007,6.624727680089217
201800005364,NonLethal,2018-04-13,11:05:00,Daylight,60,69,Yes,NoIntersection,Normal,2Vehicles-Behind,CHENES (CHEMIN DES),M,43.63927552529085,6.640377383210779
201800005365,NonLethal,2018-04-14,05:00:00,NightStreelightsOff,60,69,Yes,Other,Normal,2Vehicles-BehindVehicles-Frontal,SIDI BRAHIM (AVENUE),M,43.63336491697989,6.634461291329423
201800005366,NonLethal,2018-04-15,01:00:00,NightStreelightsOn,60,69,No,NoIntersection,Normal,Other,SAINT EXUPERY (AVENUE AN,M,43.662864218373294,6.662112444884738
201800005367,NonLethal,2018-04-16,09:30:00,Daylight,60,69,Yes,NoIntersection,Normal,NoCollision,ROUQUIER (BOULEVARD EMMA,M,43.6333627061282,6.6340186756293855
201800005369,NonLethal,2018-04-19,13:15:00,Daylight,60,69,Yes,NoIntersection,Normal,2Vehicles-Behind,CANNES (ROUTE DE)  -RD 6,M,43.63002986047151,6.631343387022353
201800005372,NonLethal,2018-04-24,14:40:00,Daylight,60,69,Yes,NoIntersection,Overcast,2Vehicles-BehindVehicles-Frontal,DRAGUIGNAN (ROUTE DE) -,M,43.64548703232256,6.646280420575086
201800005373,NonLethal,2018-04-28,12:15:00,Daylight,60,69,Yes,T-type,Normal,2Vehicles-Side,Route de PLASCASSIER,M,43.65262446266902,6.652135302610486
201800005374,NonLethal,2018-01-05,12:30:00,Daylight,60,69,Yes,NoIntersection,Overcast,NoCollision,Sortie pntrante Grasse,M,43.64168629307801,6.641954614317348
201800005375,NonLethal,2018-02-05,13:30:00,Daylight,60,69,Yes,Y-type,Normal,2Vehicles-Side,LIBERATION (AVENUE DE LA,M,43.63954132822713,6.642115615448401
201800005376,NonLethal,2018-04-05,08:45:00,Daylight,60,69,Yes,NoIntersection,LightRain,NoCollision,CANNES (ROUTE DE)  -RD 6,M,43.63502629424926,6.635083475606584
201800005377,NonLethal,2018-04-05,10:05:00,Daylight,60,69,Yes,NoIntersection,Normal,Other,PAOUTE (ROUTE ET TRAVERS,M,43.63351050989887,6.632821276413124
201800005378,NonLethal,2018-04-05,17:10:00,Daylight,60,69,Yes,NoIntersection,Overcast,2Vehicles-Side,LIBERATION (AVENUE DE LA,M,43.64579220586053,6.644524111957087
201800005379,NonLethal,2018-05-10,18:10:00,Daylight,60,69,Yes,NoIntersection,LightRain,2Vehicles-Behind,DRAGUIGNAN (ROUTE DE) -,M,43.64445547711927,6.642998442549386
201800005382,NonLethal,2018-05-13,10:00:00,Daylight,60,69,No,NoIntersection,Normal,2Vehicles-Side,PASTEUR (BOULEVARD),M,43.66410560108761,6.665082610903438
201800005383,NonLethal,2018-12-05,20:30:00,Daylight,60,69,Yes,Other,Normal,Other,FRAGONARD (BOULEVARD ET,M,43.65452201316798,6.65857530287524
201800005384,NonLethal,2018-05-14,15:30:00,Daylight,60,69,Yes,NoIntersection,LightRain,Other,PEGOMAS (ROUTE DE),M,43.62259332866759,6.6221020309769765
201800005385,NonLethal,2018-05-16,13:00:00,Daylight,60,69,Yes,NoIntersection,Normal,NoCollision,ZILLER (AVENUE PIERRE),M,43.67485152924233,6.672149081109738
201800005386,NonLethal,2018-05-21,19:55:00,Daylight,60,69,Yes,NoIntersection,Normal,3+Vehicles-Multiple,CANNES (ROUTE DE)  -RD 6,M,43.62751217167089,6.627468552339298
201800005387,NonLethal,2018-05-22,11:35:00,Daylight,60,69,Yes,NoIntersection,LightRain,2Vehicles-Behind,POMPIDOU (AVENUE GEORGES,M,43.64755519671935,6.6503855806016325
201800005388,NonLethal,2018-05-23,14:45:00,Daylight,60,69,Yes,NoIntersection,LightRain,Other,ZOLA (BOULEVARD EMILE),M,43.65576590834454,6.654140701868231
201800005389,NonLethal,2018-05-25,08:30:00,Daylight,60,69,Yes,NoIntersection,Normal,2Vehicles-Side,DE LATTRE DE TASSIGNY (A,M,43.6488210649757,6.647753799720387
201800005390,NonLethal,2018-05-26,14:05:00,Daylight,60,69,Yes,T-type,Normal,2Vehicles-Side,PLAN (ROUTE DU) -D304-,M,43.64326021044208,6.645108817331192
201800005391,NonLethal,2018-05-27,17:15:00,Daylight,60,69,Yes,NoIntersection,Normal,Other,CLEMENCEAU (BOULEVARD GE,M,43.663393373030495,6.661124402811057
201800005392,NonLethal,2018-05-28,17:40:00,Daylight,60,69,Yes,NoIntersection,Overcast,2Vehicles-Behind,VICTOR HUGO  (BD),M,43.653380398427714,6.654618106083784
201800005393,NonLethal,2018-05-30,00:45:00,NightStreelightsOn,60,69,Yes,NoIntersection,Normal,2Vehicles-Behind,DRAGUIGNAN (ROUTE DE) -,M,43.64343788954688,6.6437197926800255
201800005394,NonLethal,2018-05-30,10:00:00,Daylight,60,69,Yes,NoIntersection,Overcast,2Vehicles-Side,RENOIR (AVENUE AUGUSTE),M,43.67929961129688,6.67856380630777
201800005398,NonLethal,2018-06-02,14:00:00,Daylight,60,69,Yes,NoIntersection,Normal,2Vehicles-Behind,DRAGUIGNAN (ROUTE DE) -,M,43.63970250602343,6.640058153100048
201800005399,NonLethal,2018-04-02,12:25:00,Daylight,60,69,Yes,T-type,HeavyRain,NoCollision,SAINT EXUPERY (AVENUE AN,M,43.66112676609947,6.659777306364676
201800005400,NonLethal,2018-04-06,18:00:00,Daylight,60,69,Yes,NoIntersection,Normal,2Vehicles-Behind,CANNES (ROUTE DE)  -RD 6,M,43.64254534727804,6.642078981283877
201800005401,NonLethal,2018-05-06,15:05:00,Daylight,60,69,Yes,NoIntersection,Normal,3+Vehicles-Chain,POMPIDOU (AVENUE GEORGES,M,43.64552565507042,6.646370441085028
201800005402,NonLethal,2018-06-06,15:19:00,Daylight,60,69,Yes,NoIntersection,HeavyRain,Other,SAINT EXUPERY (AVENUE AN,M,43.66417184694713,6.663541473561954
201800005403,NonLethal,2018-06-07,16:54:00,Daylight,60,69,Yes,Y-type,Overcast,2Vehicles-BehindVehicles-Frontal,CANNES (ROUTE DE)  -RD 6,M,43.63795183691349,6.639275957435904
201800005404,NonLethal,2018-06-09,17:30:00,Daylight,60,69,Yes,NoIntersection,Normal,Other,FRAGONARD (BOULEVARD ET,M,43.6573871160065,6.65787236469294
201800005405,NonLethal,2018-12-06,17:00:00,Daylight,60,69,Yes,Roundabout,LightRain,NoCollision,ORME (CHEMIN DE L'),M,43.65207708516928,6.653034073554249
201800005406,NonLethal,2018-06-15,13:15:00,Daylight,60,69,Yes,Roundabout,Normal,2Vehicles-Side,LECLERC (BOULEVARD DU MA,M,43.65030556661954,6.649778295132736
201800005407,NonLethal,2018-06-15,19:55:00,Daylight,60,69,Yes,NoIntersection,Normal,2Vehicles-Behind,TASSIGNY (AVENUE DELATTR,M,43.64964046562758,6.650965378324612
201800005408,NonLethal,2018-06-17,07:30:00,Daylight,60,69,No,NoIntersection,Normal,Other,Pntrante,M,43.63918377943325,6.639306514177801