AccidentId,Gravity,Date,Hour,Light,Department,Commune,InAgglomeration,IntersectionType,Weather,CollisionType,PostalAddress,GPSCode,Latitude,Longitude
201800005409,NonLethal,2018-06-17,16:20:00,Daylight,60,69,Yes,NoIntersection,Normal,2Vehicles-Behind,NAPOLEON (ROUTE),M,43.67082199753072,6.671176553687331
201800005410,NonLethal,2018-06-19,13:50:00,Daylight,60,69,Yes,NoIntersection,Normal,2Vehicles-Side,SEMARD (AVENUE PIERRE),M,43.65704522460858,6.654195762456667
201800005411,NonLethal,2018-06-20,16:30:00,Daylight,60,69,Yes,Other,Normal,2Vehicles-BehindVehicles-Frontal,CASTORS (CHEMIN DES),M,43.64413997889588,6.642997090790908
201800005413,NonLethal,2018-06-24,15:45:00,Daylight,60,69,Yes,NoIntersection,HeavyRain,Other,BAUDOIN (AVENUE YVES EMM,M,43.66128745323502,6.659331727009355
201800005414,NonLethal,2018-06-25,15:40:00,Daylight,60,69,Yes,NoIntersection,Normal,Other,SCHLEY (BOULEVARD),M,43.65969684641183,6.660285974361547
201800005415,NonLethal,2018-06-28,08:05:00,Daylight,60,69,Yes,Other,Other,Other,GAMBETTA (BOULEVARD ET I,M,43.65880020674863,6.659124501972861
201800005416,NonLethal,2018-06-28,16:00:00,Daylight,60,69,Yes,Other,Normal,2Vehicles-Side,ROUQUIER (BOULEVARD EMMA,M,43.64430643937303,6.641327304667225
201800005417,NonLethal,2018-06-30,17:50:00,Daylight,60,69,Yes,NoIntersection,Normal,2Vehicles-Behind,CANNES (ROUTE DE)  -RD 6,M,43.64428331533817,6.64442939183688
201800005418,NonLethal,2018-05-07,10:00:00,Daylight,60,69,No,NoIntersection,Normal,Other,NAPOLEON (ROUTE),M,43.6716224094596,6.6707158868324345
201800005419,NonLethal,2018-05-07,21:15:00,Daylight,60,69,Yes,NoIntersection,Normal,Other,SAINT MATHIEU (ROUTE ET,M,43.65911476711982,6.656426624166197
201800005420,NonLethal,2018-05-07,21:15:00,Daylight,60,69,Yes,NoIntersection,Normal,Other,CANNES (ROUTE DE)  -RD 6,M,43.63977590785922,6.6397767166236985
201800005421,NonLethal,2018-07-06,15:20:00,Daylight,60,69,Yes,NoIntersection,Normal,2Vehicles-Side,CANNES (ROUTE DE)  -RD 6,M,43.64024002964219,6.6400889156604
201800005422,NonLethal,2018-07-06,23:33:00,NightStreelightsOn,60,69,Yes,NoIntersection,Normal,Other,CAPUCINS (CHEMIN ET IMPA,M,43.65247849705674,6.6537310582386135
201800005423,NonLethal,2018-07-08,12:05:00,Daylight,60,69,Yes,Other,Normal,Other,LIBERATION (RUE DE LA),M,43.68078676496052,6.679102597125941
201800005424,NonLethal,2018-07-12,10:10:00,Daylight,60,69,Yes,NoIntersection,Normal,2Vehicles-Side,MARIGARDE (ROUTE DE LA),M,43.65525503968514,6.655270704383762
201800005425,NonLethal,2018-07-12,20:48:00,TwilightOrDawn,60,69,Yes,NoIntersection,Normal,NoCollision,MARIGARDE (ROUTE DE LA),M,43.65500478774997,6.654663327224365
201800005426,NonLethal,2018-07-16,11:20:00,Daylight,60,69,Yes,NoIntersection,Overcast,2Vehicles-Side,SAINT EXUPERY (AVENUE AN,M,43.66513335146342,6.66526068709139
201800005427,NonLethal,2018-07-16,15:15:00,Daylight,60,69,Yes,NoIntersection,LightRain,2Vehicles-Behind,LIBERATION (AVENUE DE LA,M,43.647022711000815,6.646536859057257
201800005428,NonLethal,2018-07-17,17:30:00,Daylight,60,69,Yes,NoIntersection,Normal,Other,GOBY (RUE PAUL),M,43.65965725459352,6.66096385632289
201800005430,NonLethal,2018-07-18,17:18:00,Daylight,60,69,Yes,NoIntersection,Normal,2Vehicles-Side,CHENES (CHEMIN DES),M,43.64061504709802,6.64054812545261
201800005431,NonLethal,2018-07-26,17:38:00,Daylight,60,69,Yes,NoIntersection,Overcast,2Vehicles-Side,AURIBEAU (ROUTE D') -D60,M,43.63139612277173,6.630694305775981
201800005432,NonLethal,2018-07-26,19:35:00,Daylight,60,69,Yes,NoIntersection,Normal,Other,CANNES (ROUTE DE)  -RD 6,M,43.62997009638589,6.629097376864734
201800005433,NonLethal,2018-07-28,18:00:00,Daylight,60,69,Yes,NoIntersection,Normal,2Vehicles-Side,PEGOMAS (ROUTE DE),M,43.63993572046248,6.64065155595265
201800005435,NonLethal,2018-08-05,22:10:00,NightStreelightsOn,60,69,Yes,NoIntersection,Normal,NoCollision,PEGOMAS (ROUTE DE),M,43.63126449291767,6.630988513757674
201800005436,NonLethal,2018-08-07,08:54:00,Daylight,60,69,Yes,NoIntersection,Normal,Other,SAINT EXUPERY (AVENUE AN,M,43.65899968013166,6.659265113917138
201800005437,Lethal,2018-08-08,19:10:00,Daylight,60,69,Yes,NoIntersection,Overcast,3+Vehicles-Multiple,DRAGUIGNAN (ROUTE DE) -,M,43.64185849192701,6.641066864507854
201800005438,NonLethal,2018-11-08,02:00:00,NightNoStreetLight,60,69,No,NoIntersection,Normal,NoCollision,CABRIS (ROUTE DE),M,43.66844378978772,6.668010970810529
201800005440,NonLethal,2018-08-18,23:40:00,NightStreelightsOn,60,69,Yes,Other,Normal,2Vehicles-Behind,DRAGUIGNAN (ROUTE DE) -,M,43.64421291600339,6.64295437040842
201800005441,NonLethal,2018-08-20,04:55:00,NightStreelightsOn,60,69,Yes,NoIntersection,Normal,2Vehicles-BehindVehicles-Frontal,MISTRAL (AVENUE ET PLACE,M,43.64421348172969,6.643731953968154
201800005442,NonLethal,2018-08-20,11:09:00,Daylight,60,69,Yes,NoIntersection,Normal,Other,DRAGUIGNAN (ROUTE DE) -,M,43.642467648535785,6.640973035834353
201800005443,NonLethal,2018-08-22,10:30:00,Daylight,60,69,Yes,NoIntersection,Normal,2Vehicles-Behind,CANNES (ROUTE DE)  -RD 6,M,43.63699498700362,6.638742060918302
201800005444,NonLethal,2018-08-28,09:20:00,Daylight,60,69,Yes,NoIntersection,Normal,2Vehicles-BehindVehicles-Frontal,PAOUTE (ROUTE ET TRAVERS,M,43.63687133555821,6.638159607398573
201800005445,NonLethal,2018-08-30,14:22:00,Daylight,60,69,Yes,NoIntersection,Normal,2Vehicles-BehindVehicles-Frontal,CHAPELLE SAINT ANTOINE (,M,43.64771504687809,6.64783390233689
201800005446,NonLethal,2018-08-30,19:35:00,Daylight,60,69,Yes,NoIntersection,Normal,NoCollision,VALBONNE (ROUTE),M,43.64022039370527,6.640426908347409
201800005447,NonLethal,2018-09-02,19:45:00,Daylight,60,69,Yes,NoIntersection,LightRain,Other,DRAGUIGNAN (ROUTE DE) -,M,43.6475405745266,6.647717022587504
201800005448,NonLethal,2018-02-09,20:55:00,NightNoStreetLight,60,69,Yes,NoIntersection,LightRain,NoCollision,MISTRAL (AVENUE ET PLACE,M,43.65077895588284,6.648453642005487
201800005449,NonLethal,2018-03-09,15:00:00,Daylight,60,69,Yes,NoIntersection,Normal,Other,Place Csar Ossola,M,43.65865784262096,6.656549598928074
201800005450,NonLethal,2018-03-09,15:20:00,Daylight,60,69,Yes,NoIntersection,Overcast,2Vehicles-Side,MARIGARDE (ROUTE DE LA),M,43.65249208454235,6.652271003735227
201800005451,NonLethal,2018-03-09,20:23:00,NightStreelightsOn,60,69,Yes,Roundabout,Normal,2Vehicles-Side,CANNES (ROUTE DE)  -RD 6,M,43.642716117049645,6.643121342549134
201800005452,NonLethal,2018-06-09,10:40:00,Daylight,60,69,Yes,Other,Normal,Other,CANNES (ROUTE DE)  -RD 6,M,43.64123915741017,6.64309877542165
201800005453,NonLethal,2018-09-06,16:30:00,Daylight,60,69,Yes,T-type,LightRain,2Vehicles-Side,AUTRANT (BOULEVARD DU CD,M,43.66005938391631,6.662914288735638
201800005454,NonLethal,2018-09-07,11:30:00,Daylight,60,69,Yes,NoIntersection,Normal,2Vehicles-BehindVehicles-Frontal,CROISSET (AVENUE FR. DE),M,43.66575605984084,6.6633833454979365
201800005455,NonLethal,2018-09-07,12:19:00,Daylight,60,69,Yes,NoIntersection,Normal,Other,SAINT EXUPERY (AVENUE AN,M,43.66859942790569,6.670011701582997
201800005456,NonLethal,2018-09-09,09:40:00,Daylight,60,69,No,NoIntersection,Normal,NoCollision,NAPOLEON (ROUTE),M,43.6759523160226,6.673580570939694
201800005457,NonLethal,2018-09-17,06:15:00,TwilightOrDawn,60,69,Yes,X-type,Normal,2Vehicles-BehindVehicles-Frontal,SAINT EXUPERY (AVENUE AN,M,43.66238956142847,6.661631186774141
201800005458,NonLethal,2018-09-21,07:00:00,TwilightOrDawn,60,69,No,NoIntersection,Normal,Other,SAINT MATHIEU (ROUTE ET,M,43.65760329889692,6.659681136453198
201800005459,NonLethal,2018-09-25,14:40:00,Daylight,60,69,Yes,NoIntersection,Normal,2Vehicles-Behind,CANNES (ROUTE DE)  -RD 6,M,43.6378287707844,6.636085044752373
201800005460,NonLethal,2018-09-26,15:00:00,Daylight,60,69,Yes,NoIntersection,Normal,2Vehicles-Behind,CROUET (BOULEVARD JACQUE,M,43.65615890469152,6.656136527354848
201800005461,NonLethal,2018-09-26,17:25:00,Daylight,60,69,Yes,T-type,Normal,2Vehicles-Side,CHENES (CHEMIN DES),M,43.64106656359277,6.6408087414990735
201800005463,NonLethal,2018-01-10,16:53:00,Daylight,60,69,Yes,NoIntersection,SnowOrHail,NoCollision,ZOLA (BOULEVARD EMILE),M,43.65159260541671,6.650093891449854
201800005464,NonLethal,2018-10-01,17:40:00,Daylight,60,69,No,Other,Overcast,2Vehicles-Side,CLAVARY (CHEMIN DE),M,43.61940311668896,6.619607508294234
201800005465,NonLethal,2018-04-10,08:15:00,Daylight,60,69,Yes,NoIntersection,Normal,Other,CARNOT (BOULEVARD ET TRA,M,43.65601846262668,6.65674387970373
201800005466,NonLethal,2018-05-10,13:05:00,Daylight,60,69,Yes,NoIntersection,VeryGood,Other,POISSONNIERS (CHEMIN DES,M,43.65057109620136,6.65091581669906
201800005468,NonLethal,2018-10-06,18:25:00,TwilightOrDawn,60,69,Yes,NoIntersection,Normal,NoCollision,SAINT MATHIEU (ROUTE ET,M,43.66021810983375,6.660793140331712
201800005469,NonLethal,2018-10-08,06:45:00,NightStreelightsOn,60,69,Yes,NoIntersection,Overcast,NoCollision,RENOIR (AVENUE AUGUSTE),M,43.6837378284937,6.682190316956417
201800005470,NonLethal,2018-10-10,15:50:00,Daylight,60,69,Yes,NoIntersection,HeavyRain,Other,CARNOT (BOULEVARD ET TRA,M,43.653625994133485,6.653616370763706
201800005472,NonLethal,2018-10-13,17:45:00,Daylight,60,69,Yes,Other,Normal,2Vehicles-Side,CHASSEURS ALPINS (ROND-P,M,43.6510836239534,6.6513228528320765
201800005473,NonLethal,2018-10-15,18:30:00,TwilightOrDawn,60,69,Yes,NoIntersection,Normal,2Vehicles-Side,DRAGUIGNAN (ROUTE DE) -,M,43.64544691578186,6.6453696468834975
201800005474,NonLethal,2018-10-16,18:05:00,Daylight,60,69,No,NoIntersection,LightRain,2Vehicles-Side,Route de PLASCASSIER,M,43.650439541660695,6.651984822831531
201800005475,NonLethal,2018-10-16,21:21:00,NightStreelightsOn,60,69,Yes,NoIntersection,Normal,NoCollision,POMPIDOU (AVENUE GEORGES,M,43.647849351392985,6.646771199316334
201800005476,NonLethal,2018-10-18,18:07:00,Daylight,60,69,Yes,NoIntersection,Normal,2Vehicles-Behind,SEMARD (AVENUE PIERRE),M,43.65547549823049,6.653439270088287
201800005478,NonLethal,2018-10-23,23:10:00,NightStreelightsOn,60,69,Yes,NoIntersection,Normal,Other,CLEMENCEAU (BOULEVARD GE,M,43.6648112213284,6.666910419627747
201800005479,NonLethal,2018-10-25,14:50:00,Daylight,60,69,Yes,NoIntersection,Normal,2Vehicles-BehindVehicles-Frontal,CHATEAU FOLIE (CHEMIN DE,M,43.643074278557584,6.644221642294983
201800005480,NonLethal,2018-10-26,08:13:00,Daylight,60,69,Yes,NoIntersection,Normal,2Vehicles-Side,SIDI BRAHIM (AVENUE),M,43.64523802732364,6.645720851247607
201800005481,NonLethal,2018-10-27,23:55:00,NightStreelightsOn,60,69,No,Other,LightRain,Other,PASTEUR (BOULEVARD),M,43.66413096827692,6.665240210100611
201800005482,NonLethal,2018-10-28,03:50:00,NightStreelightsOn,60,69,Yes,NoIntersection,LightRain,Other,POISSONNIERS (CHEMIN DES,M,43.64652729027498,6.6476365657080985
201800005483,NonLethal,2018-11-04,10:15:00,Daylight,60,69,Yes,NoIntersection,LightRain,2Vehicles-Behind,DRAGUIGNAN (ROUTE DE) -,M,43.6441648131136,6.644211645163641
201800005484,NonLethal,2018-04-11,13:40:00,Daylight,60,69,Yes,NoIntersection,LightRain,2Vehicles-Side,DRAGUIGNAN (ROUTE DE) -,M,43.64504541620943,6.648035052437288
201800005485,NonLethal,2018-11-08,09:35:00,Daylight,60,69,Yes,NoIntersection,Normal,2Vehicles-Side,CANNES (ROUTE DE)  -RD 6,M,43.64519594984262,6.644703167987196
201800005486,NonLethal,2018-11-13,18:00:00,NightStreelightsOn,60,69,Yes,NoIntersection,Normal,NoCollision,GRAND CHENE (CHEMIN DU),M,43.63791883777445,6.637160131259133
201800005487,NonLethal,2018-11-14,11:45:00,Daylight,60,69,Yes,NoIntersection,Normal,2Vehicles-Side,CANNES (ROUTE DE)  -RD 6,M,43.63174309395462,6.631944676895637
201800005488,NonLethal,2018-11-16,09:10:00,Daylight,60,69,Yes,NoIntersection,Normal,2Vehicles-BehindVehicles-Frontal,avenue du 11 novembre,M,43.662125415444514,6.660993104867818
201800005490,NonLethal,2018-11-19,08:20:00,TwilightOrDawn,60,69,Yes,NoIntersection,Normal,Other,CAPUCINS (CHEMIN ET IMPA,M,43.65387972536212,6.653641008765647
201800005491,NonLethal,2018-11-19,11:05:00,Daylight,60,69,Yes,NoIntersection,Normal,2Vehicles-Side,DE LATTRE DE TASSIGNY (A,M,43.64946387517863,6.648143724357364
201800005493,NonLethal,2018-11-21,19:50:00,NightNoStreetLight,60,69,Yes,NoIntersection,LightRain,2Vehicles-Side,ROUQUIER (BOULEVARD EMMA,M,43.64085141398998,6.640768496198002
201800005494,NonLethal,2018-11-28,14:30:00,Daylight,60,69,Yes,NoIntersection,Normal,Other,BELLETRUD (BOULEVARD DU,M,43.66285608422013,6.662376511390823
201800005495,NonLethal,2018-11-29,08:00:00,Daylight,60,69,Yes,NoIntersection,Normal,Other,JEU DE BALLON (BOULEVARD,M,43.65728913488258,6.659482577488851
201800005496,NonLethal,2018-11-30,13:47:00,Daylight,60,69,Yes,NoIntersection,LightRain,2Vehicles-Side,ALOUETTES (CHEMIN DES),M,43.699619147683954,6.699641033289498
201800005497,NonLethal,2018-01-12,09:54:00,Daylight,60,69,No,NoIntersection,Normal,NoCollision,PASTEUR (BOULEVARD),M,43.66254530487234,6.661945812271127
201800005498,NonLethal,2018-12-01,21:20:00,NightNoStreetLight,60,69,No,NoIntersection,FogOrSmoke,Other,Pntrante,M,46.62741272265077,6.6279060604786615
201800005499,NonLethal,2018-12-07,19:05:00,NightStreelightsOn,60,69,Yes,NoIntersection,Normal,Other,CAPUCINS (CHEMIN ET IMPA,M,43.65299776794692,6.65126831862037
201800005500,NonLethal,2018-10-12,07:30:00,TwilightOrDawn,60,69,Yes,NoIntersection,Normal,2Vehicles-Behind,DE LATTRE DE TASSIGNY (A,M,43.64783618425886,6.648104071586461
201800005501,NonLethal,2018-12-12,10:59:00,Daylight,60,69,Yes,NoIntersection,Normal,NoCollision,SEMARD (AVENUE PIERRE),M,43.657002706029154,6.657915060838898
201800005502,NonLethal,2018-12-13,17:40:00,NightStreelightsOn,60,69,Yes,NoIntersection,LightRain,2Vehicles-Side,CANNES (ROUTE DE),M,43.625447670572655,6.624152813797315
201800005503,NonLethal,2018-12-14,11:30:00,Daylight,60,69,Yes,T-type,Normal,2Vehicles-Side,LIBERATION (AVENUE DE LA,M,43.64031277150168,6.640159756119924
201800005504,NonLethal,2018-12-14,17:50:00,NightStreelightsOn,60,69,Yes,NoIntersection,Normal,2Vehicles-Side,CROUET (BOULEVARD JACQUE,M,43.65699701488598,6.658326844645557
201800005505,NonLethal,2018-12-15,06:50:00,TwilightOrDawn,60,69,Yes,NoIntersection,Normal,Other,POMPIDOU (AVENUE GEORGES,M,43.64816710283071,6.646872219858749
201800005506,NonLethal,2018-12-15,12:40:00,Daylight,60,69,Yes,NoIntersection,Normal,Other,CANNES (ROUTE DE)  -RD 6,M,43.64285175859716,6.646253191259135
201800005507,NonLethal,2018-12-21,08:00:00,Daylight,60,69,Yes,NoIntersection,Normal,2Vehicles-Side,ROUQUIER (BOULEVARD EMMA,M,43.642339798493545,6.642603970703594
201800005508,NonLethal,2018-12-21,17:00:00,TwilightOrDawn,60,69,Yes,NoIntersection,Normal,3+Vehicles-Chain,PAOUTE (ROUTE ET TRAVERS,M,43.63901705245113,6.638276171961047
201800005509,NonLethal,2018-12-22,19:30:00,NightNoStreetLight,60,69,No,NoIntersection,Normal,Other,PLASCASSIER (route de),M,43.65060358659992,6.652042127277527
201800005510,NonLethal,2018-12-24,11:00:00,Daylight,60,69,Yes,NoIntersection,Normal,2Vehicles-Side,ZILLER (AVENUE PIERRE),M,43.68032300581679,6.680430315094545
201800005511,NonLethal,2018-12-24,17:20:00,NightNoStreetLight,60,69,Yes,NoIntersection,Normal,2Vehicles-Side,AURIBEAU (ROUTE D') -D60,M,43.629042858524976,6.629764670105657
201800005512,NonLethal,2018-01-24,14:40:00,Daylight,60,83,Yes,X-type,Normal,NoCollision,"4, GREVILLE (RUE HENRI)",M,43.773154988307496,7.775436031303492
201800005514,NonLethal,2018-04-23,09:15:00,Daylight,60,104,Yes,NoIntersection,Normal,NoCollision,"VERDUN (AVENUE DE, Nø 13",M,43.763189458105366,7.763428915799627
201800005515,Lethal,2018-05-02,11:42:00,Daylight,60,83,Yes,NoIntersection,Overcast,Other,"COTY (COURS RENE, SENS M",M,43.770192998441225,7.770662909354782
201800005516,NonLethal,2018-05-04,16:15:00,Daylight,60,83,Yes,NoIntersection,Normal,Other,MONLEON (QUAI),M,43.77585681809286,7.775946530854727
201800005517,NonLethal,2018-07-05,14:10:00,Daylight,60,104,Yes,NoIntersection,Normal,2Vehicles-BehindVehicles-Frontal,GRACE (AVENUE PRINCESSE),M,43.75318202673538,7.752127614303177
201800005519,NonLethal,2018-06-20,23:00:00,NightStreelightsOn,60,83,Yes,T-type,Normal,2Vehicles-Side,VERDUN (AVENUE DE),M,43.77291955811493,7.774795537542359
201800005520,NonLethal,2018-06-21,17:00:00,Daylight,60,104,Yes,NoIntersection,VeryGood,2Vehicles-Side,"VERDUN (AVENUE DE, Nø 13",M,43.76075348288377,7.761901177570672
201800005521,NonLethal,2018-06-25,20:15:00,TwilightOrDawn,60,83,Yes,NoIntersection,Normal,Other,FAURE (AVENUE FELIX),M,43.773462587197685,7.772706127633627
201800005522,NonLethal,2018-06-29,15:05:00,Daylight,60,12,Yes,T-type,Normal,3+Vehicles-Multiple,"CORNICHE (MOYENNE, Nø 20",M,43.74625693808007,7.747662168809543
201800005524,NonLethal,2018-07-02,11:13:00,Daylight,60,83,Yes,Y-type,Normal,2Vehicles-Side,PARTOUNEAUX (RUE),M,43.77319770208168,7.774885182016982
201800005526,NonLethal,2018-11-07,21:40:00,NightStreelightsOn,60,104,Yes,T-type,Normal,2Vehicles-Side,JAURES (AVENUE JEAN),M,43.75570701862794,7.753594001647235
201800005527,NonLethal,2018-07-27,16:23:00,Daylight,60,104,No,NoIntersection,Normal,3+Vehicles-Chain,MONLEON (AVENUE SYLVIO D,M,43.75329797263647,7.752932810610896
201800005528,NonLethal,2018-07-30,15:50:00,Daylight,60,104,Yes,NoIntersection,Overcast,Other,HANOTEAUX (AVENUE GABRIE,M,43.7600681278998,7.762691225398701
201800005530,NonLethal,2018-08-14,11:45:00,Daylight,60,83,Yes,NoIntersection,Normal,Other,ASTRID (PROMENADE REINE),M,43.78497972778122,7.783765759441504
201800005531,NonLethal,2018-08-15,14:18:00,Daylight,60,83,Yes,NoIntersection,Normal,2Vehicles-Side,PARTOUNEAUX (RUE),M,43.77564109131777,7.775269903119995
201800005532,NonLethal,2018-08-13,16:20:00,Daylight,60,104,Yes,T-type,Normal,2Vehicles-Side,CAP MARTIN (PROMENADE DU,M,43.75976138631045,7.759142460412344
201800005533,NonLethal,2018-10-03,21:00:00,NightStreelightsOn,60,104,Yes,Y-type,Normal,Other,"VERDUN (AVENUE DE, Nø 13",M,43.76198018777569,7.761336373379847
201800005534,NonLethal,2018-10-05,23:30:00,NightStreelightsOn,60,83,Yes,NoIntersection,Normal,2Vehicles-Side,CASTELLAR (ROUTE DE),M,43.78862244856093,7.789708139484666
201800005536,NonLethal,2018-10-18,18:25:00,TwilightOrDawn,60,83,Yes,NoIntersection,Normal,Other,DELATTRE DE TASSIGNY (AL,M,43.7859195448568,7.7868429945914
201800005537,NonLethal,2018-10-30,23:00:00,NightStreelightsOn,60,83,Yes,NoIntersection,LightRain,Other,DE GAULLE (AVENUE GENERA,M,43.76801836827815,7.766451477196119
201800005539,NonLethal,2018-10-11,16:55:00,NightStreelightsOn,60,83,Yes,NoIntersection,HeavyRain,Other,"SOLEIL (PROMENADE DU, Nø",M,43.76899569778689,7.7694936619623345
201800005541,NonLethal,2018-07-19,16:20:00,Daylight,60,104,Yes,Roundabout,Normal,2Vehicles-Side,CAP MARTIN (PROMENADE DU,M,43.75760369068138,7.758215226298605
201800005542,NonLethal,2018-12-01,13:40:00,Daylight,60,83,Yes,Other,Normal,Other,INTERMARCHE CAREI,M,43.80253880705944,7.801259657194661
201800005543,NonLethal,2018-12-21,07:09:00,TwilightOrDawn,60,83,Yes,T-type,Normal,2Vehicles-Side,CERNUSCHI (AVENUE),M,43.773154842168736,7.775831625394656
201800005544,NonLethal,2018-01-01,02:10:00,NightStreelightsOn,60,88,Yes,NoIntersection,Normal,Other,ANGLAIS (DU Nø 1 AU Nø 4,M,43.69575001342197,7.694491250087664
201800005545,NonLethal,2018-02-01,19:38:00,NightStreelightsOn,60,88,Yes,X-type,Normal,2Vehicles-Side,"62, GAMBETTA (JUSQU'AU N",M,43.70094149891352,7.6999687698288435
201800005546,NonLethal,2018-01-03,10:00:00,Daylight,60,88,Yes,NoIntersection,Overcast,Other,"127, VEIL (AV. SIMONE)",M,43.68477944081416,7.684685746499944
201800005547,NonLethal,2018-01-06,14:51:00,Daylight,60,88,Yes,NoIntersection,Normal,2Vehicles-Side,SAPPIA (AV. HENRI),M,43.735971952228354,7.735708509925153
201800005548,NonLethal,2018-07-01,02:05:00,NightStreelightsOn,60,88,Yes,NoIntersection,StrongWindOrStorm,Other,ETATS UNIS (QUAI DES),M,43.69829206778851,7.697405987165275
201800005549,NonLethal,2018-07-01,17:20:00,TwilightOrDawn,60,88,Yes,NoIntersection,Normal,2Vehicles-BehindVehicles-Frontal,NAPOLEON III (PONT),M,43.66341810277023,7.664412916689942
201800005551,NonLethal,2018-10-01,18:38:00,NightStreelightsOn,60,88,Yes,NoIntersection,Normal,2Vehicles-Behind,"140, TURIN (RTE DE)",M,43.72001560462519,7.722678041398932
201800005552,NonLethal,2018-10-01,19:50:00,NightStreelightsOn,60,88,Yes,NoIntersection,Normal,2Vehicles-Side,"23, RAYBAUD JOSEPH",M,43.72467532188978,7.72402997555333
201800005553,Lethal,2018-01-11,20:08:00,NightStreelightsOn,60,88,No,NoIntersection,Normal,NoCollision,"317, CREMAT (CH. DE)",M,43.72032909302372,7.719614168510876
201800005554,NonLethal,2018-01-13,11:20:00,Daylight,60,88,Yes,X-type,Normal,2Vehicles-Side,"0, CIMIEZ (BD) JUSQU'AU",M,43.71296620838551,7.713016198487258
201800005555,NonLethal,2018-01-15,18:15:00,NightStreelightsOn,60,88,Yes,NoIntersection,Normal,Other,"11, PHILIBERT (R. EMMANU",M,43.700168813166925,7.699909255201561
201800005556,NonLethal,2018-01-16,13:00:00,Daylight,60,88,Yes,NoIntersection,Normal,2Vehicles-Side,"57, MATISSE (AV. HENRI)",M,43.67435495519799,7.675348173259107
201800005558,NonLethal,2018-01-18,20:15:00,NightStreelightsOn,60,88,Yes,NoIntersection,Normal,Other,"46, TRACHEL (RUE)",M,43.70676580217448,7.706159060288837
201800005559,NonLethal,2018-01-19,15:05:00,Daylight,60,159,No,NoIntersection,Normal,2Vehicles-Behind,"25, BELLAVISTA (AVENUE)",M,43.71011045331205,7.70940069350775
201800005560,NonLethal,2018-01-19,14:40:00,Daylight,60,159,No,T-type,Normal,2Vehicles-Side,"0, BELLAVISTA (AVENUE)",M,43.71169095583491,7.709746396739494
201800005561,NonLethal,2018-01-20,10:00:00,Daylight,60,88,Yes,NoIntersection,Normal,3+Vehicles-Chain,VEIL (AV. SIMONE),M,43.59892098349103,7.600046210391711
201800005562,NonLethal,2018-01-21,09:00:00,Daylight,60,88,Yes,NoIntersection,Normal,2Vehicles-BehindVehicles-Frontal,CARAVADOSSI (AV.),M,43.712608426683545,7.71308831418917
201800005563,NonLethal,2018-01-21,15:00:00,Daylight,60,88,Yes,NoIntersection,Normal,2Vehicles-BehindVehicles-Frontal,"68, BORNALA (AV. DE LA)",M,43.696910198973846,7.695524066909298
201800005566,NonLethal,2018-01-23,13:40:00,Daylight,60,88,Yes,NoIntersection,Normal,2Vehicles-Behind,VALLON-DE-BARLA (AV.),M,43.68390852225023,7.682442472138348
201800005567,NonLethal,2018-01-23,17:40:00,TwilightOrDawn,60,88,Yes,NoIntersection,Normal,3+Vehicles-Multiple,"11, DESAMBROIS (AV.)",M,43.70461730117247,7.705532043021852
201800005569,NonLethal,2018-01-22,20:30:00,NightStreelightsOn,60,88,No,NoIntersection,Normal,3+Vehicles-Multiple,"154, GAIRAUT (VIEUX CH.)",M,43.74346745830442,7.742918486873746
201800005570,NonLethal,2018-01-24,10:30:00,Daylight,60,88,Yes,NoIntersection,VeryGood,2Vehicles-Behind,CARNOT (BD),M,43.69811157075594,7.69722950297319
201800005571,NonLethal,2018-01-24,11:00:00,Daylight,60,88,Yes,NoIntersection,Normal,2Vehicles-Side,"107, CANTA GALET (RTE DE",M,43.69662794288083,7.698098511636547
201800005572,NonLethal,2018-01-26,14:00:00,Daylight,60,88,Yes,NoIntersection,LightRain,2Vehicles-Side,"87, GROSSO (A PARTIR DU",M,43.70063920258132,7.700543788025823
201800005574,NonLethal,2018-01-29,07:45:00,Daylight,60,88,Yes,NoIntersection,Normal,2Vehicles-Side,ANGLAIS (DU Nø 114 AU Nø,M,43.68781411388788,7.687406028653649
201800005575,NonLethal,2018-01-29,08:30:00,Daylight,60,88,Yes,NoIntersection,Normal,2Vehicles-Side,"107, ARENES DE CIMIEZ (A",M,43.71501604100456,7.71868742146424
201800005576,Lethal,2018-01-30,15:50:00,Daylight,60,88,Yes,NoIntersection,Normal,Other,COSTE BELLONTE (RUE),M,43.66737352091437,7.665529895241731
201800005578,NonLethal,2018-01-31,18:00:00,TwilightOrDawn,60,159,Yes,Square,Normal,Other,"0, CHARLES II D ANJOU (P",M,43.70577567379566,7.705466459856318
201800005579,NonLethal,2018-02-01,02:05:00,NightStreelightsOn,60,88,Yes,NoIntersection,Normal,Other,"31, CARABACEL (BD)",M,43.703749893651725,7.704505727826475
201800005580,NonLethal,2018-02-01,16:15:00,Daylight,60,88,Yes,X-type,Normal,2Vehicles-Side,ROQUEBILLIERE (R. DE),M,43.70852850598132,7.709783855001063
201800005582,NonLethal,2018-02-02,13:20:00,Daylight,60,88,Yes,NoIntersection,Normal,Other,"55, ARIANE (BD DE L')",M,43.73493653667503,7.734054514198254
201800005583,NonLethal,2018-04-02,11:30:00,Daylight,60,88,Yes,NoIntersection,Normal,Other,"11, ILE-DE-BEAUTE (PL. D",M,43.699969462103184,7.6988483597856945
201800005584,NonLethal,2018-02-07,10:15:00,Daylight,60,88,Yes,NoIntersection,Normal,2Vehicles-Behind,"6, QUAI PAPACINO",M,43.69827285776752,7.696956378931838
201800005585,NonLethal,2018-07-02,20:30:00,NightStreelightsOn,60,88,Yes,NoIntersection,Normal,2Vehicles-Behind,"30, COMBOUL (AV. RAYMOND",M,43.70824471176031,7.707888522355206
201800005586,NonLethal,2018-10-02,17:00:00,Daylight,60,88,Yes,Square,Normal,Other,GARIBALDI (PL.),M,43.7000932517914,7.701736213843705
201800005587,NonLethal,2018-02-11,05:10:00,NightStreelightsOn,60,88,Yes,Other,Normal,Other,"0, MERCANTOUR (BD)",M,43.71228955224862,7.708414262007958
201800005588,NonLethal,2018-02-11,14:38:00,Daylight,60,88,Yes,Other,Normal,Other,"3, SAINT-FRANCOIS DE PAU",M,43.69650462228047,7.69485185416059