AccidentId,Gravity,Date,Hour,Light,Department,Commune,InAgglomeration,IntersectionType,Weather,CollisionType,PostalAddress,GPSCode,Latitude,Longitude
201800005589,NonLethal,2018-12-02,08:15:00,Daylight,60,88,Yes,NoIntersection,Normal,2Vehicles-Side,"74, JOLY (CORNICHE ANDRE",M,43.69821970682034,7.698950177219205
201800005590,NonLethal,2018-02-13,11:00:00,Daylight,60,88,Yes,NoIntersection,Normal,2Vehicles-Side,LEPANTE (R. DE),M,43.69875951343483,7.698121929560976
201800005591,NonLethal,2018-02-14,23:10:00,NightStreelightsOn,60,88,Yes,NoIntersection,Normal,Other,"8/10, RAIMBALDI (BD)",M,43.70602841428647,7.707556206030406
201800005592,NonLethal,2018-02-17,14:05:00,Daylight,60,88,Yes,NoIntersection,LightRain,2Vehicles-Behind,"4, SOLA (BD PIERRE)",M,43.70901236043135,7.709447137752973
201800005593,NonLethal,2018-02-17,14:05:00,Daylight,60,88,Yes,NoIntersection,LightRain,2Vehicles-Side,"38, SAPPIA (AV. HENRI)",M,43.73097900838791,7.731597594778351
201800005594,NonLethal,2018-02-17,21:05:00,NightStreelightsOn,60,88,Yes,NoIntersection,Overcast,Other,"114, SAINT-PIERRE DE FER",M,43.71136981676749,7.712210045616699
201800005595,Lethal,2018-08-21,23:45:00,NightStreelightsOn,60,88,Yes,Other,Normal,Other,FAURE (AV. FELIX),M,43.69804956046988,7.69891131481958
201800005596,NonLethal,2018-02-19,08:50:00,Daylight,60,88,Yes,NoIntersection,Normal,3+Vehicles-Multiple,"0, POMPIDOU (BD GEORGES)",M,43.67000614877404,7.669040981161125
201800005597,Lethal,2018-01-04,23:15:00,NightStreelightsOn,60,88,Yes,NoIntersection,Normal,2Vehicles-BehindVehicles-Frontal,CESSOLE (BD DE) (JUSQU'A,M,43.71205299942096,7.713694527640415
201800005598,NonLethal,2018-02-19,12:00:00,Daylight,60,88,Yes,NoIntersection,Normal,2Vehicles-Behind,"96, CANTA GALET (RTE DE)",M,43.69682528146352,7.700479752734562
201800005599,NonLethal,2018-02-19,16:30:00,Daylight,60,88,Yes,X-type,Normal,3+Vehicles-Multiple,RISSO (BD),M,43.70158924312299,7.702223740358765
201800005600,NonLethal,2018-02-20,08:34:00,Daylight,60,88,Yes,NoIntersection,Normal,Other,"15, RIPERT (EMILE)",M,43.73465694012933,7.734584282980859
201800005601,NonLethal,2018-02-21,09:40:00,Daylight,60,88,No,NoIntersection,Normal,Other,"142, ARIANE (BD DE L')",M,43.736520412177626,7.7372053318641
201800005603,NonLethal,2018-02-21,19:25:00,NightStreelightsOn,60,88,Yes,X-type,Normal,2Vehicles-Side,"0, GAMBETTA (A PARTIR DU",M,43.69868130885373,7.699090297015102
201800005604,NonLethal,2018-02-25,03:15:00,NightStreelightsOn,60,88,Yes,NoIntersection,LightRain,2Vehicles-Behind,"98, VEIL (AV. SIMONE)",M,43.41028997774031,7.410693777093832
201800005605,NonLethal,2018-02-26,17:00:00,Daylight,60,88,Yes,T-type,SnowOrHail,2Vehicles-Side,"110, GAMBETTA (A PARTIR",M,43.70865561250456,7.707428227849066
201800005606,NonLethal,2018-02-03,05:30:00,NightStreelightsOn,60,88,Yes,NoIntersection,HeavyRain,NoCollision,VOIE RAPIDE,M,43.67102506819115,7.673987787503468
201800005607,NonLethal,2018-03-02,11:45:00,Daylight,60,88,Yes,NoIntersection,LightRain,Other,BARLA (RUE),M,43.7016304557608,7.700915493584781
201800005608,NonLethal,2018-03-03,09:40:00,Daylight,60,88,Yes,NoIntersection,LightRain,Other,"53, BORRIGLIONE (A PARTI",M,43.71451296104238,7.714458199653326
201800005609,NonLethal,2018-08-03,08:52:00,Daylight,60,88,Yes,NoIntersection,Normal,Other,VEROLA (AV. AUGUSTE),M,43.71119491404141,7.708970447620379
201800005610,NonLethal,2018-08-03,15:45:00,Daylight,60,88,Yes,X-type,Normal,2Vehicles-Side,"32, BORRIGLIONE (JUSQU'A",M,43.71354816242281,7.713688392211636
201800005612,NonLethal,2018-03-13,06:10:00,NightStreelightsOn,60,88,Yes,NoIntersection,Normal,2Vehicles-Side,"31, CANTA GALET (RTE DE)",M,43.697886888041545,7.699010674914007
201800005613,NonLethal,2018-03-14,07:00:00,Daylight,60,88,Yes,NoIntersection,Normal,3+Vehicles-Chain,"4, SAINT-SYLVESTRE (AV.",M,43.72460418149263,7.725757026067324
201800005615,NonLethal,2018-03-15,17:40:00,Daylight,60,88,No,X-type,LightRain,Other,ARMEE DES ALPES (BD DE L,M,43.70732348709437,7.706125884268928
201800005616,NonLethal,2018-03-16,15:00:00,Daylight,60,88,Yes,X-type,Normal,2Vehicles-Side,"0, BALESTRE (RUE DOCTEUR",M,43.702415525455805,7.703864938218102
201800005618,NonLethal,2018-03-17,16:00:00,Daylight,60,88,No,NoIntersection,Normal,3+Vehicles-Chain,MERCANTOUR (BD),M,43.72274698889242,7.721124360300759
201800005619,NonLethal,2018-03-19,09:10:00,Daylight,60,88,No,Roundabout,Normal,2Vehicles-Side,"291, MERCANTOUR (BD)",M,43.69608477929607,7.695385484595352
201800005621,NonLethal,2018-03-22,09:40:00,Daylight,60,88,Yes,NoIntersection,Normal,Other,PENETRANTE DU PAILLON,M,43.72312416124221,7.72111124150431
201800005622,NonLethal,2018-03-21,12:35:00,Daylight,60,88,Yes,NoIntersection,Normal,Other,FALICON (BD COMTE DE),M,43.72617626428059,7.7275331255180495
201800005623,NonLethal,2018-03-23,07:50:00,Daylight,60,88,Yes,NoIntersection,Normal,2Vehicles-BehindVehicles-Frontal,"23, JOLY (CORNICHE ANDRE",M,43.69963274504151,7.70150614343922
201800005624,NonLethal,2018-03-23,08:00:00,Daylight,60,88,Yes,NoIntersection,Normal,Other,"263, ANGLAIS (DU Nø 114",M,43.68269017178646,7.683110180891103
201800005625,NonLethal,2018-03-23,17:30:00,Daylight,60,88,Yes,NoIntersection,Normal,2Vehicles-Behind,"000000, VOIE RAPIDE",M,,
201800005626,NonLethal,2018-03-24,15:55:00,Daylight,60,88,No,NoIntersection,Normal,2Vehicles-Behind,TUNNEL ET VOIE MALRAUX,M,43.700064502320224,7.700050665499186
201800005627,NonLethal,2018-03-30,05:30:00,NightStreelightsOn,60,88,Yes,X-type,Normal,Other,"164, CESSOLE (BD DE) (A",M,43.723191905828656,7.724706399110999
201800005629,NonLethal,2018-04-02,20:00:00,NightStreelightsOff,60,88,No,T-type,Normal,2Vehicles-Side,TURIN (RTE DE),M,47.72434796915601,7.723742061169661
201800005630,NonLethal,2018-03-04,16:18:00,Daylight,60,88,Yes,X-type,Overcast,2Vehicles-Side,PHOCEENS (AV. DES),M,43.69496900160452,7.695410974076415
201800005631,NonLethal,2018-04-03,16:30:00,Daylight,60,88,Yes,NoIntersection,StrongWindOrStorm,2Vehicles-Side,CARNOT (BD),M,43.69141312857438,7.693092949124676
201800005632,NonLethal,2018-04-04,16:10:00,Daylight,60,88,Yes,NoIntersection,Overcast,3+Vehicles-Chain,CORNIGLION MOLINIER (BD),M,43.66148473059413,7.660236953847442
201800005633,NonLethal,2018-04-06,00:15:00,NightStreelightsOn,60,88,Yes,NoIntersection,Normal,3+Vehicles-Multiple,QUINZIEME CORPS (AV. DU),M,48.85892882005151,2.8613634876022704
201800005634,NonLethal,2018-07-04,15:30:00,Daylight,60,88,No,NoIntersection,Normal,2Vehicles-BehindVehicles-Frontal,GENIE (CH. DU),M,43.7414166163235,7.742066241940331
201800005635,NonLethal,2018-09-04,11:35:00,Daylight,60,88,Yes,NoIntersection,LightRain,Other,BARLA (RUE),M,43.700042545893005,7.702003211910027
201800005636,NonLethal,2018-04-09,18:15:00,TwilightOrDawn,60,159,No,NoIntersection,LightRain,2Vehicles-BehindVehicles-Frontal,BELLAVISTA (AVENUE),M,43.71577336575672,7.716155958101997
201800005637,NonLethal,2018-04-10,15:00:00,Daylight,60,88,Yes,NoIntersection,LightRain,Other,BAREL (BD VIRGILE),M,43.7174448093996,7.716300615322343
201800005640,NonLethal,2018-04-13,17:25:00,Daylight,60,88,Yes,X-type,Normal,Other,CAFFARELLI (RUE),M,43.70091883976638,7.699076984845591
201800005641,NonLethal,2018-04-13,10:10:00,Daylight,60,88,Yes,X-type,Normal,Other,SMOLETT (R.),M,43.70173512061317,7.703325974458734
201800005642,NonLethal,2018-04-15,00:40:00,NightStreelightsOn,60,88,Yes,NoIntersection,Normal,2Vehicles-Side,GAMBETTA (JUSQU'AU Nø 62,M,43.69649000736242,7.6942502786914195
201800005643,NonLethal,2018-04-15,20:35:00,NightStreelightsOn,60,88,Yes,T-type,Normal,3+Vehicles-Multiple,ST LAMBERT (JUSQU'AU Nø,M,43.71770022065916,7.718185203572075
201800005644,Lethal,2018-04-17,18:50:00,Daylight,60,88,Yes,X-type,Normal,Other,DANTE (RUE),M,43.69590335520134,7.693725861433703
201800005645,NonLethal,2018-04-18,19:00:00,Daylight,60,88,Yes,T-type,Normal,2Vehicles-Side,VEIL (AV. SIMONE),M,,
201800005646,NonLethal,2018-04-19,14:00:00,Daylight,60,88,Yes,NoIntersection,Normal,2Vehicles-Side,BESSET (AV.) (A PARTIR D,M,43.72536061105971,7.724490424260773
201800005647,NonLethal,2018-04-19,22:45:00,NightStreelightsOn,60,88,Yes,T-type,Normal,Other,VERDI (R.),M,43.70089673962548,7.701388411884968
201800005648,NonLethal,2018-04-20,04:50:00,NightStreelightsOn,60,88,Yes,MoreThan4Branches,Normal,2Vehicles-Side,ARMEE DU RHIN (PLACE),M,43.708346081883946,7.709211684207243
201800005649,NonLethal,2018-04-20,18:20:00,Daylight,60,88,Yes,X-type,Normal,Other,SAINT-AUGUSTIN (R.),M,43.67899696198483,7.678653796298539
201800005650,NonLethal,2018-04-20,16:35:00,Daylight,60,88,Yes,NoIntersection,Normal,Other,RIMIEZ (AV. DE),M,43.7358056824705,7.735223644280223
201800005651,NonLethal,2018-04-25,08:50:00,Daylight,60,88,Yes,NoIntersection,Normal,2Vehicles-BehindVehicles-Frontal,ANTHEMIS (AV. DES),M,43.69400535831534,7.695957803445601
201800005652,NonLethal,2018-04-25,08:00:00,Daylight,60,88,Yes,NoIntersection,Normal,2Vehicles-Side,BRANCOLAR (AV.) (A PARTI,M,43.721922921435,7.72430712473494
201800005653,NonLethal,2018-04-26,13:00:00,Daylight,60,88,Yes,NoIntersection,Normal,3+Vehicles-Multiple,CAP DE CROIX (AV. ET TUN,M,43.72778335422441,7.727130262468544
201800005654,NonLethal,2018-04-30,14:20:00,Daylight,60,88,Yes,NoIntersection,Normal,3+Vehicles-Multiple,ANGLAIS (DU Nø 114 AU Nø,M,43.68840204964266,7.690134873951822
201800005655,NonLethal,2018-05-04,18:28:00,Daylight,60,88,Yes,T-type,Normal,Other,DUNANT (AV. HENRI),M,43.71979384437727,7.720070503450477
201800005656,NonLethal,2018-06-05,04:50:00,TwilightOrDawn,60,88,Yes,X-type,Normal,2Vehicles-BehindVehicles-Frontal,BORRIGLIONE (A PARTIR DU,M,43.71686018957394,7.715634467107072
201800005657,NonLethal,2018-06-05,11:55:00,Daylight,60,88,Yes,X-type,Normal,2Vehicles-Side,LEPANTE (R. DE),M,43.70416869460837,7.705662455533152
201800005659,NonLethal,2018-11-05,12:30:00,Daylight,60,88,Yes,X-type,Normal,2Vehicles-Side,AURIOL (PONT VINCENT),M,43.71656113118817,7.718681324712283
201800005660,NonLethal,2018-12-05,11:00:00,Daylight,60,88,Yes,X-type,Normal,2Vehicles-Side,FIGHIERA (R. DU DOCTEUR),M,43.71056903683319,7.709472031190277
201800005662,NonLethal,2018-12-05,18:20:00,Daylight,60,88,Yes,NoIntersection,Normal,3+Vehicles-Chain,CAP DE CROIX (AV. ET TUN,M,43.71890169283709,7.720102733845549
201800005664,NonLethal,2018-05-14,14:30:00,Daylight,60,88,Yes,Other,Normal,2Vehicles-BehindVehicles-Frontal,DIGUE DES FRANCAIS (TRAV,M,43.67732362034922,7.677258625811524
201800005665,NonLethal,2018-05-15,09:45:00,Daylight,60,88,Yes,Other,Normal,Other,CORNIGLION MOLINIER (BD),M,43.6584994392439,7.659487644667353
201800005666,NonLethal,2018-05-15,17:00:00,Daylight,60,88,Yes,NoIntersection,Normal,2Vehicles-Side,PASTEUR (BD),M,43.7105173725486,7.709706344728862
201800005667,NonLethal,2018-05-17,09:00:00,Daylight,60,88,Yes,NoIntersection,Normal,2Vehicles-Behind,LYAUTEY (AV. DU MAL),M,43.70899016848261,7.709072714973624
201800005668,NonLethal,2018-05-19,17:00:00,Daylight,60,88,Yes,X-type,Normal,2Vehicles-Side,PEGUY (R. CHARLES),M,43.71058968346492,7.711202726882309
201800005669,NonLethal,2018-05-20,13:20:00,Daylight,60,88,Yes,NoIntersection,Normal,Other,CASSINI (RUE),M,43.70110479368702,7.700457569978932
201800005670,NonLethal,2018-05-20,16:20:00,Daylight,60,88,Yes,X-type,Normal,2Vehicles-Side,GARIGLIANO (PONTS),M,48.86384562103173,2.863641187255489
201800005671,NonLethal,2018-05-22,08:30:00,Daylight,60,88,Yes,X-type,HeavyRain,2Vehicles-Side,HANCY (R.),M,43.703605460022935,7.70469526944312
201800005672,NonLethal,2018-05-23,08:15:00,Daylight,60,88,Yes,NoIntersection,Normal,2Vehicles-Behind,VERANY (BD J.B.),M,43.71022664631783,7.709346009520944
201800005674,NonLethal,2018-05-24,09:00:00,Daylight,60,88,Yes,Other,Normal,Other,QUINZIEME CORPS (AV. DU),M,43.68635227124253,7.688243170139679
201800005675,NonLethal,2018-04-23,08:30:00,Daylight,60,88,Yes,Other,Normal,Other,FRANCE (R. DE) DU Nø l-2,M,43.69666396677165,7.69668755928426
201800005676,NonLethal,2018-05-24,20:35:00,TwilightOrDawn,60,88,Yes,X-type,Normal,2Vehicles-Side,BOULEVARD DE L'OBSERVATO,M,43.71701363704093,7.718447001664134
201800005677,NonLethal,2018-05-25,13:50:00,Daylight,60,88,Yes,Other,Normal,2Vehicles-Side,EUGENIE (BD IMPERATRICE),M,43.69128165837716,7.693785174795256
201800005678,NonLethal,2018-05-25,16:45:00,Daylight,60,88,Yes,NoIntersection,VeryGood,Other,PIE-FRANCOIS TOESCA (R.),M,43.71536067701987,7.717436444589492
201800005679,NonLethal,2018-05-26,12:20:00,Daylight,60,88,Yes,NoIntersection,Normal,Other,BARLA (RUE),M,43.70259296560587,7.699816544466864
201800005680,NonLethal,2018-05-26,15:50:00,Daylight,60,88,Yes,T-type,Normal,2Vehicles-Side,CALIFORNIE (AV.) (A PART,M,43.68081529319829,7.681873573376708
201800005682,NonLethal,2018-05-29,10:00:00,Daylight,60,88,Yes,X-type,Normal,2Vehicles-Side,MEDITERRANEE (AV.),M,43.67465026201672,7.673971303293465
201800005683,NonLethal,2018-05-29,16:15:00,Daylight,60,88,Yes,NoIntersection,Normal,2Vehicles-Behind,CARNOT (BD),M,43.69094841208963,7.690390944253226
201800005684,NonLethal,2018-05-29,16:45:00,Daylight,60,88,Yes,T-type,Normal,2Vehicles-Side,GRACE DE MONACO (BD PR.),M,43.69215672813301,7.692924059441956
201800005685,NonLethal,2018-06-01,18:41:00,Daylight,60,88,Yes,X-type,Normal,2Vehicles-BehindVehicles-Frontal,GRENOBLE (ROUTE DE),M,43.67147885103167,7.672266859122336
201800005686,NonLethal,2018-02-06,20:08:00,Daylight,60,88,Yes,Other,Normal,Other,DIABLES BLEUS (AV. DES),M,43.70876777367447,7.708224069665059
201800005687,NonLethal,2018-05-06,23:50:00,NightStreelightsOn,60,88,Yes,NoIntersection,Normal,Other,ANGLAIS (DU Nø 114 AU Nø,M,43.682283470169615,7.68186576861908
201800005690,NonLethal,2018-06-10,21:20:00,TwilightOrDawn,60,88,Yes,T-type,Normal,2Vehicles-BehindVehicles-Frontal,BAREL (BD VIRGILE),M,43.72038195595481,7.720660554174496
201800005691,NonLethal,2018-06-11,11:45:00,Daylight,60,159,Yes,NoIntersection,Normal,2Vehicles-Behind,NAPOLEON III (BOULEVARD),M,43.70693469183591,7.706782216806175
201800005692,NonLethal,2018-11-06,17:20:00,Daylight,60,88,Yes,NoIntersection,Normal,3+Vehicles-Multiple,VOIE RAPIDE,M,43.60031718621079,7.600878332379072
201800005694,NonLethal,2018-06-13,07:30:00,Daylight,60,88,Yes,NoIntersection,Normal,2Vehicles-BehindVehicles-Frontal,SAINTE-COLETTE (AV.),M,43.72009933867389,7.719625602517085
201800005696,NonLethal,2018-06-14,00:40:00,NightStreelightsOff,60,88,Yes,NoIntersection,Normal,Other,ETATS UNIS (QUAI DES),M,43.693547433360976,7.692682667728783
201800005697,NonLethal,2018-06-15,14:40:00,Daylight,60,88,Yes,NoIntersection,Normal,2Vehicles-Side,SAINT-AUGUSTIN (AV. DE),M,43.6802573827024,7.677997322911082
201800005698,NonLethal,2018-06-15,21:05:00,TwilightOrDawn,60,88,Yes,NoIntersection,Normal,Other,2 bld HUGO (BD VICTOR),M,43.70109919877934,7.699344630557041
201800005700,NonLethal,2018-06-16,14:15:00,Daylight,60,88,Yes,X-type,Normal,2Vehicles-Side,BARBERIS (RUE),M,43.70513346947772,7.705259918337057
201800005701,NonLethal,2018-06-18,20:15:00,Daylight,60,88,Yes,NoIntersection,Normal,Other,PICARD (R. GEORGES),M,43.739566665854646,7.737365433093543
201800005703,NonLethal,2018-06-19,16:15:00,Daylight,60,88,Yes,NoIntersection,Normal,2Vehicles-BehindVehicles-Frontal,RATTI (AV.),M,43.71060298083572,7.711135693422588
201800005704,NonLethal,2018-06-21,07:30:00,Daylight,60,88,Yes,NoIntersection,Normal,2Vehicles-Side,FABRON (AV. DE) (A PARTI,M,43.67948576456835,7.679479404958763
201800005705,NonLethal,2018-06-23,07:50:00,Daylight,60,88,Yes,NoIntersection,Normal,2Vehicles-Side,MATISSE (AV. HENRI),M,43.67476204782873,7.674462699767854
201800005707,NonLethal,2018-06-24,13:30:00,Daylight,60,88,Yes,T-type,Normal,Other,BAREL (BD VIRGILE),M,43.71387097757724,7.715872479989845
201800005709,NonLethal,2018-06-26,15:05:00,Daylight,60,88,Yes,NoIntersection,Normal,2Vehicles-Side,GAMBETTA (A PARTIR DU Nø,M,43.70731612685673,7.706429367002034
201800005710,NonLethal,2018-06-27,09:55:00,Daylight,60,88,Yes,T-type,Normal,Other,SAINTE-ROSALIE (CORNICHE,M,43.715696331352575,7.712978552660239
201800005711,NonLethal,2018-06-27,15:40:00,Daylight,60,88,Yes,Other,Normal,Other,VOIE ROMAINE (AV. DE LA),M,43.7235300004892,7.722929073726947
201800005714,NonLethal,2018-07-03,09:20:00,Daylight,60,88,No,Roundabout,Normal,2Vehicles-Side,MERCANTOUR (BD),M,43.74646761871814,7.749248828167922
201800005715,NonLethal,2018-04-07,10:50:00,Daylight,60,88,Yes,NoIntersection,Normal,Other,HERRIOT (BD EDOUARD),M,43.69250775154519,7.691588285919829
201800005716,NonLethal,2018-07-04,17:20:00,Daylight,60,88,Yes,NoIntersection,Normal,Other,FLIREY (AV. DE),M,43.72393312620689,7.723296028319111
201800005718,NonLethal,2018-07-06,13:50:00,Daylight,60,88,Yes,NoIntersection,VeryGood,2Vehicles-Side,MAETERLINCK (BD M.),M,43.6855614521122,7.687679480033751
201800005720,NonLethal,2018-08-07,06:15:00,TwilightOrDawn,60,88,Yes,NoIntersection,Normal,Other,POINCARE (R.),M,43.69177245240033,7.694704011499603
201800005721,NonLethal,2018-07-08,19:30:00,Daylight,60,88,No,NoIntersection,Normal,2Vehicles-BehindVehicles-Frontal,BELLET (RTE DE),M,43.694155950346335,7.694533220268445
201800005722,NonLethal,2018-10-07,10:10:00,Daylight,60,88,Yes,NoIntersection,Normal,Other,LIBERTE (R. DE LA),M,43.69802237152715,7.697014529239676
201800005723,NonLethal,2018-07-12,10:55:00,Daylight,60,88,Yes,NoIntersection,VeryGood,2Vehicles-Behind,ANGLAIS (DU Nø 45 AU Nø,M,43.68823771646958,7.689355322515856
201800005724,NonLethal,2018-07-12,17:50:00,Daylight,60,88,Yes,T-type,Normal,2Vehicles-Side,STE-MARGUERITE (AV.) (A,M,43.68468180874869,7.68189684029895
201800005725,NonLethal,2018-07-13,06:05:00,TwilightOrDawn,60,88,Yes,NoIntersection,Normal,Other,GAMBETTA (A PARTIR DU Nø,M,43.70686724601478,7.704479525116688
201800005726,NonLethal,2018-07-13,18:15:00,Daylight,60,88,Yes,NoIntersection,Normal,Other,CESSOLE (BD DE) (JUSQU'A,M,43.710973629630175,7.709456762386789
201800005727,NonLethal,2018-07-15,20:40:00,NightStreelightsOn,60,88,Yes,Other,Normal,Other,ANGLAIS (DU Nø 45 AU Nø,M,43.69261637728777,7.693875294022431
201800005730,Lethal,2018-07-17,11:45:00,Daylight,60,88,Yes,NoIntersection,Normal,Other,GORBELLA (BD DE),M,43.71619859797441,7.718258865313296
201800005731,NonLethal,2018-07-17,12:20:00,Daylight,60,88,Yes,NoIntersection,Normal,3+Vehicles-Chain,BARLA (RUE),M,43.70142403645446,7.701216448966565
201800005732,NonLethal,2018-07-18,10:15:00,Daylight,60,88,Yes,Other,Normal,2Vehicles-Side,ARMEE DES ALPES (BD DE L,M,43.70765065756385,7.707061703329431
201800005734,NonLethal,2018-07-20,23:14:00,NightStreelightsOn,60,88,Yes,X-type,Normal,2Vehicles-Side,JOLY (CORNICHE ANDRE DE),M,43.7041972981423,7.7028534352381826
201800005735,NonLethal,2018-07-22,00:55:00,NightStreelightsOn,60,88,Yes,T-type,Normal,2Vehicles-Side,CASSIN (BD RENE),M,43.67054617776542,7.671548831024895
201800005736,NonLethal,2018-07-22,03:00:00,NightStreelightsOn,60,88,Yes,X-type,Normal,2Vehicles-Side,GAMBETTA (JUSQU'AU Nø 62,M,43.70013385178158,7.698083532418652
201800005737,NonLethal,2018-07-22,04:40:00,NightStreelightsOn,60,88,Yes,NoIntersection,Normal,Other,QUAI DES ETATS UNIS,M,43.69423268866829,7.694818504966746
201800005738,NonLethal,2018-07-23,08:00:00,Daylight,60,88,Yes,NoIntersection,Normal,Other,ANGLAIS (DU Nø 114 AU Nø,M,43.68756931122016,7.688613231486167
201800005739,NonLethal,2018-07-24,17:15:00,Daylight,60,159,No,NoIntersection,Normal,Other,VINAIGRIER (CHEMIN DU),M,43.424301520933305,7.423746750031487
201800005742,NonLethal,2018-07-28,09:30:00,Daylight,60,88,Yes,NoIntersection,Normal,2Vehicles-BehindVehicles-Frontal,VOIE ROMAINE (AV. DE LA),M,43.72537449303626,7.724971907582048
201800005743,NonLethal,2018-07-30,01:40:00,NightStreelightsOn,60,88,Yes,NoIntersection,Normal,NoCollision,MONTEL (BD PAUL),M,43.676306413963246,7.677836923544982
201800005744,NonLethal,2018-08-01,09:22:00,Daylight,60,88,Yes,NoIntersection,Normal,2Vehicles-Side,MATISSE (AV. HENRI),M,43.66962207631864,7.669502359204789
201800005745,NonLethal,2018-08-01,18:00:00,Daylight,60,88,Yes,NoIntersection,Normal,2Vehicles-Behind,ANGLAIS (DU Nø 114 AU Nø,M,43.68604439406259,7.6854946323658755
201800005746,NonLethal,2018-08-02,08:45:00,Daylight,60,88,Yes,NoIntersection,Normal,3+Vehicles-Multiple,JOLY (CORNICHE ANDRE DE),M,43.70401333031453,7.702922764379601
201800005747,NonLethal,2018-08-02,17:00:00,Daylight,60,88,Yes,NoIntersection,Normal,NoCollision,GARIGLIANO (PONTS),M,43.430929842557056,7.429800945256457
201800005750,NonLethal,2018-05-08,17:30:00,Daylight,60,88,Yes,NoIntersection,Overcast,2Vehicles-Side,GROSSO (JUSQU'AU Nø 58-7,M,43.70019156523919,7.700854842086029
201800005751,NonLethal,2018-05-08,19:15:00,Daylight,60,88,Yes,NoIntersection,Normal,2Vehicles-Side,SAINT-AUGUSTIN (AV. DE),M,43.67340084134951,7.671659842586934
201800005753,NonLethal,2018-07-08,08:15:00,Daylight,60,88,Yes,X-type,Normal,2Vehicles-Side,FAURE (AV. FELIX),M,43.411186589946105,7.408879324466058
201800005755,NonLethal,2018-08-08,17:00:00,Daylight,60,88,Yes,NoIntersection,Normal,2Vehicles-Behind,DIABLES BLEUS (AV. DES),M,43.701049837385085,7.70006607695085
201800005756,NonLethal,2018-08-08,16:45:00,Daylight,60,88,Yes,NoIntersection,Normal,2Vehicles-BehindVehicles-Frontal,CIMIEZ (BD) A PARTIR DU,M,43.71718911231026,7.718245012285701
201800005757,NonLethal,2018-09-08,09:32:00,Daylight,60,88,Yes,NoIntersection,VeryGood,Other,SEMARD (BD PIERRE),M,43.71628056032979,7.717344660959987
201800005758,NonLethal,2018-10-08,09:47:00,Daylight,60,88,Yes,T-type,Normal,2Vehicles-Side,SAINT-LAMBERT (AV.) (A P,M,43.71595705011427,7.716142286048543
201800005759,NonLethal,2018-11-08,16:15:00,Daylight,60,88,Yes,NoIntersection,Normal,2Vehicles-Side,NAPOLEON III (PONT),M,43.66436613058782,7.664910661759244
201800005760,NonLethal,2018-08-11,14:30:00,Daylight,60,88,Yes,X-type,Normal,2Vehicles-Side,FORNERO-MENEI (R.),M,43.71453677610389,7.714052132248958
201800005761,NonLethal,2018-08-11,18:15:00,Daylight,60,88,Yes,NoIntersection,Normal,Other,TRACHEL (RUE),M,43.70645298206928,7.708757049848171
201800005763,NonLethal,2018-08-17,16:30:00,Daylight,60,88,Yes,NoIntersection,Normal,2Vehicles-Behind,BELLET (AV. DE),M,43.69042458916657,7.690534449868026
201800005765,NonLethal,2018-08-22,10:25:00,Daylight,60,88,Yes,X-type,Normal,Other,ARSON (RUE),M,43.702146408926325,7.699061234950305
201800005766,NonLethal,2018-08-22,16:50:00,Daylight,60,88,Yes,NoIntersection,Normal,Other,PILATTE (BD FRANCK),M,43.69102352705854,7.690767131300197
201800005767,NonLethal,2018-08-22,21:00:00,NightStreelightsOn,60,88,Yes,Other,Normal,Other,ANGLAIS (DU Nø 114 AU Nø,M,43.68805835071706,7.6881320698053
201800005768,NonLethal,2018-08-22,23:05:00,NightStreelightsOn,60,88,Yes,NoIntersection,Normal,2Vehicles-BehindVehicles-Frontal,VALOMBROSE (AV. DE),M,43.72601214226463,7.724476644511691
201800005770,NonLethal,2018-08-31,08:15:00,Daylight,60,88,Yes,T-type,Normal,2Vehicles-Side,DUBOUCHAGE (BD),M,43.70309362164295,7.703659159145544
201800005773,NonLethal,2018-09-01,12:10:00,Daylight,60,88,Yes,X-type,Normal,2Vehicles-Side,BARBERIS (RUE),M,43.70429016424332,7.704453427411385
201800005775,Lethal,2018-03-09,12:20:00,Daylight,60,88,Yes,NoIntersection,Normal,Other,ROQUEBILLIERE (R. DE),M,43.7073865807052,7.707414030010305
201800005776,NonLethal,2018-04-09,12:00:00,Daylight,60,88,Yes,NoIntersection,Normal,Other,PASTORELLI (R.),M,43.69967665886238,7.700787525552739
201800005777,NonLethal,2018-06-09,18:05:00,Daylight,60,88,Yes,NoIntersection,LightRain,2Vehicles-Behind,TURIN (RTE DE),M,43.733214872478925,7.732142258911938
201800005779,NonLethal,2018-09-07,09:20:00,Daylight,60,88,Yes,X-type,Normal,2Vehicles-Side,ARMEE DU RHIN (PLACE),M,43.70770843927445,7.705395876044432
201800005780,NonLethal,2018-09-08,14:20:00,Daylight,60,88,Yes,X-type,Normal,2Vehicles-Side,BELLEVUE (AV. DE),M,43.71019045607322,7.710158732751312
201800005781,NonLethal,2018-09-08,15:30:00,Daylight,60,88,Yes,NoIntersection,Normal,3+Vehicles-Chain,VOIE RAPIDE,M,43.70708948434496,7.70736562253524
201800005782,NonLethal,2018-09-08,15:05:00,Daylight,60,88,Yes,NoIntersection,Normal,2Vehicles-Behind,ANGLAIS PLAGE (DU 265 AU,M,43.6796789294586,7.679108374191055
201800005783,NonLethal,2018-09-10,12:35:00,Daylight,60,88,Yes,T-type,Normal,Other,JUSSIEU (R. DE),M,43.70107650131376,7.703947018080927
201800005784,NonLethal,2018-11-09,15:40:00,Daylight,60,88,Yes,X-type,Normal,2Vehicles-Side,SOLEIL (R. DU),M,43.71646642178381,7.716673332781803
201800005787,NonLethal,2018-09-13,07:20:00,Daylight,60,88,Yes,Roundabout,Normal,2Vehicles-Behind,MERCANTOUR (BD),M,43.70560394102923,7.705414099248149
201800005788,NonLethal,2018-09-14,17:40:00,Daylight,60,88,Yes,X-type,Normal,Other,SAINT-SYLVESTRE (AV. DE),M,43.725395354445496,7.72522458540092
201800005789,NonLethal,2018-09-15,14:30:00,Daylight,60,88,Yes,NoIntersection,Normal,3+Vehicles-Chain,ANGLAIS (DU Nø 265 AU Nø,M,43.67113570033357,7.671125879292798
201800005790,NonLethal,2018-09-17,15:00:00,Daylight,60,88,Yes,NoIntersection,Normal,Other,GINESTIERE (CH. DE LA),M,43.708870059916,7.708784222723177