AccidentId,Gravity,Date,Hour,Light,Department,Commune,InAgglomeration,IntersectionType,Weather,CollisionType,PostalAddress,GPSCode,Latitude,Longitude
201800005791,NonLethal,2018-09-17,18:00:00,Daylight,60,88,Yes,NoIntersection,Normal,2Vehicles-Behind,VOIE RAPIDE,M,43.68045020564781,7.68102918652963
201800005792,NonLethal,2018-09-18,14:20:00,Daylight,60,88,Yes,T-type,Normal,2Vehicles-Behind,MERCANTOUR (BD),M,43.68075395240943,7.681364515691711
201800005793,NonLethal,2018-09-21,09:20:00,Daylight,60,88,Yes,NoIntersection,Normal,Other,GRINDA (AV. EDOUARD),M,43.66856498882107,7.6718404818915005
201800005794,NonLethal,2018-09-21,17:20:00,Daylight,60,88,Yes,NoIntersection,Normal,Other,MIRON (R.),M,43.70479179143592,7.7068110463337245
201800005795,NonLethal,2018-09-22,14:10:00,Daylight,60,88,Yes,NoIntersection,Normal,Other,CARREFOUR LINGOSTIERE (P,M,,
201800005796,NonLethal,2018-09-23,12:20:00,Daylight,60,88,Yes,NoIntersection,Normal,2Vehicles-BehindVehicles-Frontal,CIMETIERE DE L'EST (RTE,M,43.741254522398656,7.743398991984995
201800005797,NonLethal,2018-09-23,18:45:00,TwilightOrDawn,60,88,Yes,NoIntersection,Normal,2Vehicles-Behind,CALIFORNIE (AV.) (DU 23-,M,,
201800005798,NonLethal,2018-09-23,22:18:00,NightStreelightsOn,60,88,Yes,T-type,Normal,2Vehicles-Side,LEPANTE (R. DE),M,43.70719481292913,7.70747416073371
201800005799,NonLethal,2018-09-24,21:30:00,NightStreelightsOn,60,88,Yes,NoIntersection,Normal,2Vehicles-Side,ARIANE (BD DE L'),M,43.74010534251372,7.740497551935394
201800005800,NonLethal,2018-09-25,22:26:00,NightStreelightsOn,60,88,Yes,NoIntersection,Normal,2Vehicles-Behind,GREGOIRE (RUE ABBE-IMP.-,M,43.69923162623421,7.698868529148919
201800005801,Lethal,2018-09-26,23:10:00,NightStreelightsOn,60,88,Yes,X-type,Normal,2Vehicles-Side,ANGLAIS (DU Nø 265 AU Nø,M,43.68278293533701,7.682032851931895
201800005802,NonLethal,2018-09-27,17:20:00,Daylight,60,88,Yes,MoreThan4Branches,Normal,2Vehicles-BehindVehicles-Frontal,COTY (PONT RENE),M,43.72355331070179,7.722567155996509
201800005805,NonLethal,2018-09-28,14:38:00,Daylight,60,88,Yes,NoIntersection,Normal,Other,DUFY (RUE RAOUL),M,43.67973059209039,7.679044579670022
201800005806,NonLethal,2018-09-28,16:04:00,Daylight,60,88,Yes,Other,Normal,2Vehicles-Side,MITTERAND (RUE FRANCOIS),M,43.71052542783138,7.7084879415306355
201800005807,NonLethal,2018-09-28,18:00:00,Daylight,60,88,Yes,NoIntersection,Normal,2Vehicles-Side,CALIFORNIE (AV.) (DU 23-,M,43.6876432830768,7.684907711330421
201800005808,NonLethal,2018-09-29,18:15:00,Daylight,60,88,Yes,NoIntersection,Normal,2Vehicles-Behind,VOIE RAPIDE,M,43.67546089469277,7.674382731995451
201800005809,NonLethal,2018-09-30,13:30:00,Daylight,60,88,Yes,Other,Normal,2Vehicles-Side,BARBERIS (RUE),M,43.70433486741839,7.704828793606373
201800005810,NonLethal,2018-09-30,18:00:00,Daylight,60,88,Yes,NoIntersection,Normal,2Vehicles-Side,ANGLAIS PLAGE (DU 114-26,M,43.67896642431747,7.677417554357649
201800005811,NonLethal,2018-02-10,11:50:00,Daylight,60,88,Yes,X-type,Normal,3+Vehicles-Multiple,ARIANE (BD DE L'),M,43.73325996306984,7.734055177353698
201800005812,NonLethal,2018-10-02,10:30:00,Daylight,60,88,Yes,NoIntersection,Normal,2Vehicles-BehindVehicles-Frontal,GARNIER (BD JOSEPH),M,43.71232723693812,7.710827792200845
201800005813,NonLethal,2018-04-10,07:00:00,TwilightOrDawn,60,88,Yes,X-type,Normal,2Vehicles-BehindVehicles-Frontal,MERCANTOUR (BD),M,43.67431724282853,7.674760138804565
201800005814,NonLethal,2018-10-05,13:25:00,Daylight,60,88,Yes,NoIntersection,Normal,Other,ARIANE (BD DE L'),M,43.73512995653796,7.735104540865536
201800005815,NonLethal,2018-05-10,14:40:00,Daylight,60,88,No,X-type,Normal,2Vehicles-Side,REPUBLIQUE (AV. DE LA),M,43.70609960053834,7.705032380979391
201800005816,NonLethal,2018-07-10,20:15:00,NightStreelightsOn,60,88,Yes,NoIntersection,LightRain,2Vehicles-Behind,LEPANTE (R. DE),M,43.698595911078094,7.7000459016396
201800005817,NonLethal,2018-10-08,14:15:00,Daylight,60,88,Yes,NoIntersection,Normal,2Vehicles-Behind,ARENAS (CH. DE L'),M,43.66678802592198,7.666128009207235
201800005818,NonLethal,2018-12-10,15:30:00,Daylight,60,88,Yes,X-type,Normal,Other,CALIFORNIE (AV.) (JUSQU',M,43.69092938808359,7.692464917529177
201800005819,NonLethal,2018-12-10,17:30:00,Daylight,60,88,Yes,NoIntersection,Normal,2Vehicles-Behind,MERCANTOUR (BD),M,43.68309063453336,7.684232743297747
201800005821,NonLethal,2018-10-18,16:20:00,Daylight,60,88,Yes,NoIntersection,Normal,Other,DELVALLE (RUE PROF.),M,43.720402944951445,7.719104212403904
201800005822,NonLethal,2018-10-18,19:10:00,NightNoStreetLight,60,88,Yes,Square,Normal,2Vehicles-Side,GORBELLA (BD DE),M,43.72210631313447,7.72324067075784
201800005823,NonLethal,2018-10-18,23:45:00,NightStreelightsOn,60,88,Yes,NoIntersection,Normal,2Vehicles-BehindVehicles-Frontal,PASTORELLE (AV. DE LA),M,43.71100340528261,7.711989969859088
201800005824,NonLethal,2018-10-20,08:20:00,Daylight,60,88,Yes,Other,Normal,2Vehicles-Behind,CORNIGLION MOLINIER (BD),M,43.66769746805298,7.666050645313446
201800005825,NonLethal,2018-10-22,11:30:00,Daylight,60,88,Yes,NoIntersection,Normal,2Vehicles-Side,PEGUY (R. CHARLES),M,43.71416429310108,7.712130332354888
201800005826,NonLethal,2018-10-23,06:30:00,NightStreelightsOn,60,88,Yes,NoIntersection,Normal,2Vehicles-Behind,ANGLAIS PLAGE(  PARTIR D,M,43.66346704114843,7.664359515960169
201800005827,NonLethal,2018-10-23,13:40:00,Daylight,60,88,Yes,Y-type,Normal,2Vehicles-Behind,CORNIGLION MOLINIER (BD),M,43.6647505634079,7.665184970667019
201800005828,NonLethal,2018-10-24,16:30:00,Daylight,60,88,Yes,NoIntersection,Normal,2Vehicles-Side,BELLET (RTE DE),M,43.73316532162661,7.733858614913892
201800005829,NonLethal,2018-10-25,15:11:00,Daylight,60,88,Yes,NoIntersection,Normal,Other,MALAUSSENA (AV.),M,43.70923804915854,7.708157049884535
201800005831,NonLethal,2018-10-30,08:05:00,Daylight,60,88,Yes,NoIntersection,Normal,2Vehicles-Behind,ANGLAIS (DU Nø 114 AU Nø,M,43.68833577316647,7.687636724398768
201800005832,NonLethal,2018-10-31,07:15:00,TwilightOrDawn,60,88,Yes,NoIntersection,LightRain,Other,GAMBETTA (A PARTIR DU Nø,M,43.70299627534187,7.701318138920402
201800005833,NonLethal,2018-10-31,15:04:00,Daylight,60,88,Yes,NoIntersection,Normal,2Vehicles-BehindVehicles-Frontal,RIMIEZ (AV. DE),M,43.73922037068692,7.738406421982034
201800005834,NonLethal,2018-01-11,16:15:00,Daylight,60,88,Yes,NoIntersection,Normal,3+Vehicles-Chain,ALLEGRE (AV. JEAN),M,43.71008921824367,7.707776892027119
201800005835,NonLethal,2018-11-02,13:45:00,Daylight,60,88,Yes,NoIntersection,Normal,2Vehicles-Side,JOLY (CORNICHE ANDRE DE),M,43.70149166312396,7.702284830975006
201800005838,NonLethal,2018-11-06,14:50:00,Daylight,60,88,Yes,NoIntersection,Overcast,Other,VOIE ROMAINE (AV. DE LA),M,43.72210434004345,7.72272976094349
201800005839,NonLethal,2018-11-11,17:40:00,NightStreelightsOn,60,88,Yes,X-type,LightRain,2Vehicles-Side,DABRAY (RUE ET IMP.),M,43.70955389276925,7.707533464959559
201800005840,Lethal,2018-12-11,15:00:00,Daylight,60,88,Yes,X-type,Normal,Other,ROQUEBILLIERE (R. DE),M,43.7079216711235,7.707006254960841
201800005841,NonLethal,2018-11-16,08:00:00,Daylight,60,88,Yes,NoIntersection,Normal,Other,RISSO (BD),M,43.70509152648903,7.707630541805992
201800005843,NonLethal,2018-11-17,07:30:00,TwilightOrDawn,60,88,Yes,NoIntersection,Normal,3+Vehicles-Multiple,SAINT-PIERRE DE FERIC (R,M,43.70973993563491,7.710293840629461
201800005845,NonLethal,2018-11-18,16:22:00,Daylight,60,88,Yes,X-type,Normal,2Vehicles-Side,ARIANE (BD DE L'),M,43.7340705977274,7.73486239239226
201800005846,NonLethal,2018-11-19,15:29:00,Daylight,60,88,Yes,LevelCrossing,Normal,Other,GAMBETTA (A PARTIR DU Nø,M,43.70934185963729,7.710190856443569
201800005847,NonLethal,2018-11-23,20:00:00,NightStreelightsOn,60,88,Yes,NoIntersection,Normal,2Vehicles-Side,TURIN (RTE DE),M,43.726102776259005,7.729042794065752
201800005849,NonLethal,2018-11-25,18:20:00,NightStreelightsOn,60,88,Yes,NoIntersection,LightRain,2Vehicles-Side,CESSOLE (BD DE) (JUSQU'A,M,43.71637336760787,7.716842558717989
201800005850,NonLethal,2018-11-27,16:55:00,TwilightOrDawn,60,88,Yes,NoIntersection,Normal,Other,ROQUEBILLIERE (R. DE),M,43.71320786042282,7.710239605871675
201800005851,NonLethal,2018-11-28,10:14:00,Daylight,60,88,Yes,X-type,Normal,2Vehicles-Side,LEPANTE (R. DE),M,43.706824943290336,7.705428407893251
201800005852,NonLethal,2018-11-28,15:15:00,Daylight,60,88,Yes,NoIntersection,Normal,2Vehicles-Side,MERCANTOUR (BD),M,43.690713971859765,7.690281398423595
201800005853,NonLethal,2018-11-28,16:50:00,TwilightOrDawn,60,88,Yes,NoIntersection,Normal,Other,BINET (RUE ALFRED),M,43.70844796831879,7.708753246014989
201800005854,NonLethal,2018-11-30,18:40:00,NightStreelightsOn,60,88,Yes,Square,LightRain,Other,BLANQUI (PL. AUGUSTE),M,43.706047863758,7.703761184203042
201800005855,NonLethal,2018-12-01,19:50:00,NightStreelightsOn,60,88,Yes,NoIntersection,Normal,Other,MADELEINE (BD DE LA),M,43.69903681920241,7.699465873131773
201800005856,Lethal,2018-01-12,20:05:00,NightNoStreetLight,60,88,Yes,NoIntersection,Normal,Other,MONT-BORON (BD DU) (A PA,M,43.70639987007795,7.706167762616315
201800005857,NonLethal,2018-03-12,12:15:00,Daylight,60,88,Yes,X-type,Normal,Other,JOFFRE (R. MARECHAL),M,43.70050662128265,7.699887413869768
201800005858,NonLethal,2018-12-03,18:00:00,NightStreelightsOn,60,88,Yes,NoIntersection,Normal,2Vehicles-BehindVehicles-Frontal,SEMERIA (AV. DENIS),M,43.714152047777446,7.714654794511698
201800005859,NonLethal,2018-03-12,20:00:00,NightStreelightsOn,60,88,No,NoIntersection,Normal,2Vehicles-Behind,CASSIN (BD RENE),M,43.6628064779407,7.66303628540992
201800005860,NonLethal,2018-12-05,06:05:00,NightStreelightsOn,60,88,Yes,T-type,Normal,2Vehicles-Side,FRANCE (R. DE) DU Nø 1-2,M,43.69239233346369,7.692529000871883
201800005861,Lethal,2018-12-04,12:15:00,Daylight,60,88,Yes,LevelCrossing,Normal,Other,ANGLAIS (DU Nø l AU Nø 4,M,43.693502444826926,7.6954695512329
201800005862,NonLethal,2018-07-12,09:05:00,Daylight,60,88,Yes,T-type,Normal,Other,LYAUTEY (AV. DU MAL),M,43.719561375037664,7.718430678096236
201800005863,NonLethal,2018-07-12,15:30:00,Daylight,60,88,Yes,NoIntersection,Normal,2Vehicles-Behind,SQUARE COLONEL JEAN PIER,M,43.70624897841811,7.70499643546131
201800005864,NonLethal,2018-12-08,06:40:00,TwilightOrDawn,60,88,Yes,Other,Normal,2Vehicles-Behind,PENETRANTE DU PAILLON,M,43.72241772975974,7.722483301238578
201800005865,NonLethal,2018-12-08,19:05:00,NightStreelightsOn,60,88,Yes,X-type,Normal,2Vehicles-Side,CALIFORNIE (AV.) (DU 23-,M,43.68881016734208,7.687714791060336
201800005866,NonLethal,2018-12-10,22:01:00,NightStreelightsOn,60,88,Yes,NoIntersection,Normal,Other,ANGLAIS (DU Nø 114 AU Nø,M,43.7106639469161,7.712882411301052
201800005869,NonLethal,2018-12-13,10:20:00,Daylight,60,88,Yes,NoIntersection,Overcast,2Vehicles-Behind,GRENOUILLERES (AV. DES),M,,
201800005870,NonLethal,2018-12-13,15:50:00,Daylight,60,88,Yes,NoIntersection,Normal,2Vehicles-Behind,VOIE RAPIDE,M,43.705432815690976,7.70908127038277
201800005871,Lethal,2018-12-13,15:45:00,Daylight,60,88,Yes,T-type,Normal,Other,ROQUEBILLIERE (R. DE),M,43.70581449096456,7.707058021648636
201800005872,NonLethal,2018-12-13,21:30:00,NightStreelightsOn,60,88,Yes,Square,Normal,2Vehicles-Side,BOTTERO (RUE),M,43.69476938808383,7.697726002708319
201800005873,NonLethal,2018-12-14,07:15:00,TwilightOrDawn,60,88,No,NoIntersection,Normal,2Vehicles-Side,MATISSE (AV. HENRI),M,43.67402157606684,7.674282643230063
201800005874,NonLethal,2018-12-16,00:53:00,NightStreelightsOn,60,88,Yes,NoIntersection,Normal,Other,ANGLAIS PLAGE (Nøl AU 43,M,43.60017576571396,7.597710921709217
201800005876,NonLethal,2018-12-18,09:30:00,Daylight,60,88,Yes,NoIntersection,Normal,Other,FABRON (AV. DE) (A PARTI,M,43.68921386407911,7.689434115734993
201800005877,NonLethal,2018-12-20,17:40:00,TwilightOrDawn,60,88,Yes,NoIntersection,Normal,2Vehicles-Side,TURIN (RTE DE),M,43.71896256885228,7.720688112693232
201800005878,NonLethal,2018-12-21,05:10:00,NightStreelightsOn,60,88,Yes,NoIntersection,Normal,Other,MARGUERITE (AV. J.),M,43.67935148725197,7.678004998091978
201800005879,NonLethal,2018-12-20,09:18:00,Daylight,60,88,Yes,Other,Normal,Other,BARLA (TRAV.),M,43.70262722113184,7.702433267754469
201800005880,NonLethal,2018-12-22,14:20:00,Daylight,60,88,Yes,X-type,Normal,2Vehicles-Side,FIGHIERA (R. DU DOCTEUR),M,43.71077630586234,7.713253416833807
201800005881,NonLethal,2018-12-23,02:52:00,NightStreelightsOn,60,88,Yes,NoIntersection,Normal,Other,MALRAUX (VOIE ET TUNNEL),M,43.70863540234871,7.707372452633563
201800005882,NonLethal,2018-12-28,16:30:00,Daylight,60,88,Yes,NoIntersection,Normal,2Vehicles-BehindVehicles-Frontal,de la Ginestière (CH.),M,43.70772831099471,7.707033460902432
201800005883,NonLethal,2018-12-29,20:45:00,NightStreelightsOn,60,88,Yes,NoIntersection,Normal,2Vehicles-Side,BRAILLE (BD LOUIS),M,43.7234318181461,7.723654490223812
201800005884,Lethal,2018-12-31,09:25:00,Daylight,60,88,Yes,NoIntersection,Normal,2Vehicles-Side,VERDI (R.),M,43.697771573754615,7.70093867376599
201800005885,Lethal,2018-09-30,23:15:00,NightStreelightsOff,60,88,Yes,NoIntersection,Normal,2Vehicles-Side,123 promenade des Anglai,M,43.691611225794354,7.690029337898879
201800005886,NonLethal,2018-06-07,22:00:00,TwilightOrDawn,330,85,No,NoIntersection,Normal,NoCollision,D14E1 20 route de Meynac,M,44.762782766904,-0.7648724211085259
201800005887,NonLethal,2018-10-07,12:32:00,Daylight,330,85,Yes,NoIntersection,Normal,2Vehicles-Side,1 bis chemin de Fontbonn,M,44.76901951584391,-0.7681693175356463
201800005888,NonLethal,2018-01-18,23:30:00,NightStreelightsOn,210,605,Yes,NoIntersection,Overcast,2Vehicles-Behind,rue de Chevigny,M,47.295258817740525,5.294739240536596
201800005889,NonLethal,2018-10-03,01:30:00,NightStreelightsOn,210,515,No,NoIntersection,LightRain,2Vehicles-BehindVehicles-Frontal,D107 Boulevard Jean Jaur,M,47.31296519665324,5.312661229361667
201800005890,NonLethal,2018-03-25,14:10:00,Daylight,210,605,No,T-type,Normal,2Vehicles-Side,RD905D,M,47.29255837121564,5.292587215975438
201800005892,NonLethal,2018-05-13,17:20:00,Daylight,210,540,No,NoIntersection,Overcast,NoCollision,D125D,M,47.32497885746507,5.322272216531657
201800005893,NonLethal,2018-11-07,17:10:00,Daylight,210,473,No,Roundabout,Normal,3+Vehicles-Multiple,D996,M,47.27405213752909,5.274446273898168
201800005894,Lethal,2018-08-04,17:15:00,Daylight,210,515,Yes,Other,Other,2Vehicles-Side,Avenue du Cromois,M,47.315021373633634,5.31894397035096
201800005895,NonLethal,2018-11-19,02:15:00,NightStreelightsOn,210,515,Yes,NoIntersection,Normal,Other,Avenue de l'université,M,47.31334684106574,5.312540880578769
201800005896,NonLethal,2018-12-20,07:55:00,Daylight,210,515,Yes,NoIntersection,Normal,Other,Avenue Jean-Jaurés,M,47.30744721211556,5.30850527714425
201800005898,NonLethal,2018-01-18,07:55:00,Daylight,130,40,No,Other,Normal,2Vehicles-Side,RD6*,M,43.47000669669182,5.468825915180716
201800005899,NonLethal,2018-05-13,12:30:00,Daylight,130,90,No,NoIntersection,HeavyRain,2Vehicles-Behind,D17*,M,43.52013313775382,5.520363541128545
201800005900,NonLethal,2018-05-27,14:20:00,Daylight,130,40,Yes,NoIntersection,Normal,Other,allée de trets ..,M,43.47948428843564,5.479015564062844
201800005901,NonLethal,2018-06-19,18:20:00,Daylight,130,40,Yes,T-type,Normal,2Vehicles-Behind,avenue du maréchal Lecle,M,43.44908860407299,5.449381535836262
201800005902,NonLethal,2018-06-15,20:10:00,Daylight,130,87,Yes,NoIntersection,Normal,NoCollision,avenue Manéou,M,43.47525226951002,5.476375168407105
201800005903,NonLethal,2018-06-21,17:00:00,Daylight,130,40,Yes,Roundabout,Normal,2Vehicles-BehindVehicles-Frontal,Chemin des vertus,M,43.44486110296071,5.4456941007648645
201800005904,NonLethal,2018-09-14,02:50:00,NightNoStreetLight,130,40,No,NoIntersection,Normal,Other,RD6,M,43.48025783497612,5.480431250317243
201800005905,NonLethal,2018-09-28,09:00:00,Daylight,130,40,Yes,X-type,VeryGood,2Vehicles-BehindVehicles-Frontal,chemin du goi,M,43.451793373902426,5.452328586594099
201800005906,NonLethal,2018-11-04,05:50:00,NightNoStreetLight,130,40,No,NoIntersection,Normal,Other,D6 QUARTIER ST JEAN,M,43.47969069875665,5.479817704243516
201800005907,NonLethal,2018-12-08,21:15:00,NightNoStreetLight,130,40,No,NoIntersection,Normal,Other,D96 QUARTIER PLAN DE LA,M,43.47006583210594,5.471996423284858
201800005908,NonLethal,2018-01-16,10:50:00,Daylight,70,19,No,NoIntersection,LightRain,2Vehicles-Side,COTE DE VILLE RN 102,M,44.59522409770636,4.5953013307582165
201800005909,NonLethal,2018-01-27,18:30:00,TwilightOrDawn,70,19,Yes,Y-type,Normal,2Vehicles-BehindVehicles-Frontal,"61, VALS ( ROUTE DE )",M,44.62603698747507,4.626233322955397
201800005910,NonLethal,2018-01-02,20:30:00,NightNoStreetLight,70,19,Yes,NoIntersection,Normal,Other,"11, RON DE CEILA (CHEMIN",M,44.62935602017439,4.627177456820016
201800005911,NonLethal,2018-02-25,03:25:00,NightStreelightsOn,70,231,Yes,NoIntersection,Normal,2Vehicles-BehindVehicles-Frontal,"1250, 104B ( ROUTE DEPAR",M,44.59450985778145,4.594014080997122
201800005912,NonLethal,2018-04-13,14:45:00,Daylight,70,19,Yes,NoIntersection,HeavyRain,Other,VALS ( ROUTE DE ),M,44.62240404501438,4.6217995679145
201800005913,NonLethal,2018-04-28,18:50:00,Daylight,70,331,Yes,Square,Normal,3+Vehicles-Multiple,VERNON ( BOULEVARD DE ),M,44.66648664305748,4.66302732583355
201800005914,NonLethal,2018-05-18,08:45:00,Daylight,70,19,Yes,NoIntersection,Normal,Other,GARE (AVENUE DE LA ),M,44.6110444371617,4.613819312792721
201800005915,NonLethal,2018-05-30,18:00:00,Daylight,70,19,No,NoIntersection,Normal,Other,COULOUBREYT(RUE),M,44.61452610554194,4.614813962344497
201800005917,NonLethal,2018-06-18,16:00:00,Daylight,70,19,No,NoIntersection,Normal,2Vehicles-BehindVehicles-Frontal,COTE DE VILLE RN 102,M,44.59258391112135,4.593970286295398
201800005918,NonLethal,2018-07-09,07:45:00,Daylight,70,116,Yes,T-type,Normal,2Vehicles-Side,MERCUER  ( ROUTE DE  ),M,44.63777658663601,4.637828271016122
201800005920,NonLethal,2018-08-28,17:50:00,Daylight,70,231,Yes,NoIntersection,Normal,Other,104B ( ROUTE DEPARTEMENT,M,44.59907653228106,4.597707315348231
201800005922,NonLethal,2018-10-09,14:55:00,Daylight,70,19,No,NoIntersection,Normal,2Vehicles-Side,RN 102,M,44.62376556296649,4.624529496020871
201800005923,NonLethal,2018-09-04,10:05:00,Daylight,70,231,Yes,NoIntersection,Normal,Other,104B ( ROUTE DEPARTEMENT,M,44.60010004606782,4.601390603545303
201800005924,NonLethal,2018-09-25,08:35:00,TwilightOrDawn,70,19,Yes,NoIntersection,Normal,Other,CONSTANTINE  (RUE DE),M,44.62042253516384,4.623309247652673
201800005925,NonLethal,2018-09-28,13:45:00,Daylight,70,19,Yes,NoIntersection,Normal,2Vehicles-BehindVehicles-Frontal,BELLANDE (AVENUE DE ),M,,
201800005926,NonLethal,2018-09-10,14:25:00,Daylight,70,19,Yes,NoIntersection,Normal,Other,BOISVIGNAL (AVENUE),M,44.6179319773018,4.617664709010735
201800005927,NonLethal,2018-11-11,22:30:00,NightStreelightsOn,70,325,Yes,NoIntersection,Overcast,2Vehicles-BehindVehicles-Frontal,POISSON ( QUARTIER DU ),M,44.62703368226568,4.62692359687722
201800005928,NonLethal,2018-07-11,11:35:00,Daylight,70,331,Yes,T-type,HeavyRain,2Vehicles-BehindVehicles-Frontal,RYBEYRE ( RUE PAUL ),M,44.6567480058824,4.660766287151052
201800005929,NonLethal,2018-12-08,05:45:00,NightStreelightsOn,70,231,No,NoIntersection,Normal,2Vehicles-BehindVehicles-Frontal,104 ( ROUTE DEPRTEMENTA,M,44.59474977967944,4.594847321422853
201800005931,NonLethal,2018-07-27,08:15:00,Daylight,70,281,Yes,T-type,Normal,2Vehicles-Side,MOULIN (RUE JEAN),M,44.950005708351625,4.95144499134924
201800005933,NonLethal,2018-10-15,11:05:00,Daylight,70,281,Yes,NoIntersection,Normal,2Vehicles-Side,CASSIN (RUE RENE),M,44.94840249289302,4.949104099415419
201800005935,NonLethal,2018-03-11,04:30:00,NightStreelightsOn,70,102,Yes,Roundabout,Normal,Other,Jean CHARCOT (Rue),M,44.93939567666225,4.936178376413585
201800005936,NonLethal,2018-11-28,16:30:00,TwilightOrDawn,70,316,Yes,NoIntersection,Normal,2Vehicles-Side,MONTGOLFIERS (AVENENUE D,M,44.89376288860618,4.892144768414989
201800005939,NonLethal,2018-04-14,19:55:00,Daylight,70,72,No,NoIntersection,Normal,NoCollision,LE CROUZET,M,44.73593161584867,4.734552537191846
201800005940,NonLethal,2018-04-22,17:30:00,Daylight,70,8,Yes,NoIntersection,Normal,NoCollision,GREYLAS  (chemin de),M,44.71105368036678,4.711231966463562
201800005941,NonLethal,2018-07-05,17:10:00,Daylight,70,186,Yes,NoIntersection,Normal,Other,PALAIS (COURS DU),M,44.73550990550997,4.734382740695667
201800005942,NonLethal,2018-05-16,06:00:00,TwilightOrDawn,70,186,No,NoIntersection,Normal,NoCollision,RN 304 / PONT DU MEZAYON,M,44.73737090472002,4.7363021840167
201800005943,NonLethal,2018-05-25,08:00:00,Daylight,70,186,No,NoIntersection,Normal,Other,COTE DU BARON,M,44.70572902942387,4.705914414174734
201800005944,NonLethal,2018-09-06,11:00:00,Daylight,70,186,Yes,NoIntersection,Normal,Other,PALAIS (COURS DU),M,44.73308855428608,4.733466051354156
201800005945,NonLethal,2018-07-22,21:15:00,TwilightOrDawn,70,8,Yes,NoIntersection,Normal,2Vehicles-BehindVehicles-Frontal,Grande Rue,M,44.70993217089868,4.712232125307605
201800005946,NonLethal,2018-06-08,09:40:00,Daylight,70,186,Yes,NoIntersection,Normal,2Vehicles-Behind,PETIT TOURNON (AVENUE DU,M,44.73880330147573,4.738281156354303
201800005947,NonLethal,2018-08-08,14:00:00,Daylight,70,186,Yes,NoIntersection,Normal,2Vehicles-BehindVehicles-Frontal,COUX (AVENUE DE),M,44.73418372134061,4.73261731942343
201800005948,NonLethal,2018-10-28,10:00:00,Daylight,70,340,Yes,NoIntersection,Normal,NoCollision,RUISSOL (LE),M,44.728079597005845,4.728796824688539
201800005949,NonLethal,2018-11-03,10:20:00,Daylight,70,186,Yes,X-type,Normal,2Vehicles-Side,MONTOULON (BLD. DU) DU 1,M,44.73413455742996,4.7363518980672525
201800005950,NonLethal,2018-01-09,09:30:00,TwilightOrDawn,340,123,No,NoIntersection,Normal,2Vehicles-BehindVehicles-Frontal,D5E5,M,43.6268759645701,3.6253538002521184
201800005951,NonLethal,2018-01-19,15:00:00,Daylight,340,163,Yes,NoIntersection,Normal,2Vehicles-Side,D111 E1,M,43.64232728251057,3.643033901443904
201800005952,NonLethal,2018-02-02,10:45:00,Daylight,340,179,Yes,T-type,Normal,2Vehicles-Side,route de bel  air,M,43.60915362265631,3.608380330588032
201800005953,NonLethal,2018-02-14,20:40:00,NightStreelightsOff,340,134,Yes,X-type,LightRain,3+Vehicles-Multiple,D5E2,M,43.59038891901021,3.588165892948132
201800005954,NonLethal,2018-06-13,15:28:00,Daylight,340,179,No,NoIntersection,Normal,Other,D27 E6,M,43.60607867453447,3.6028352715839054
201800005956,NonLethal,2018-08-20,13:20:00,Daylight,340,259,No,T-type,Normal,2Vehicles-Side,D5E14/D5E5,M,43.62877463941395,3.632127069186847
201800005957,Lethal,2018-12-11,20:00:00,NightStreelightsOn,340,123,Yes,NoIntersection,Overcast,NoCollision,99 avenue des hauts de f,M,43.62725880442714,3.630490565630259
201800005958,NonLethal,2018-12-27,17:50:00,NightStreelightsOn,340,202,No,NoIntersection,Normal,2Vehicles-Behind,D5,M,43.581585876878975,3.5849626576334983
201800005959,NonLethal,2018-02-14,07:00:00,Daylight,910,319,No,NoIntersection,FogOrSmoke,Other,A10C  PK 5+300,M,48.64213227781753,2.6429015010845025
201800005960,NonLethal,2018-02-25,10:10:00,Daylight,780,9,No,NoIntersection,Normal,2Vehicles-BehindVehicles-Frontal,"36+100, sens province-PA",M,48.46075853487631,1.4581772007355118
201800005961,NonLethal,2018-02-28,13:55:00,Daylight,780,564,No,NoIntersection,Normal,Other,Autoroute A10 PK 32+100,M,48.51546413158263,1.514321510482224
201800005962,NonLethal,2018-09-03,18:30:00,Daylight,780,9,No,Other,Normal,Other,autoroute A10 PK 36.000,M,48.45780960329832,1.4569226539152405
201800005963,NonLethal,2018-03-19,21:00:00,NightNoStreetLight,280,363,No,NoIntersection,Normal,Other,A10 - PK 041.600 - Sens,M,48.404063834926426,1.4048685205274751
201800005964,NonLethal,2018-03-31,14:15:00,Daylight,910,17,No,NoIntersection,Normal,Other,A10C pk 14+200,M,48.5949590963321,2.5958348956787747
201800005965,Lethal,2018-04-19,14:15:00,Daylight,780,569,No,NoIntersection,Normal,2Vehicles-Behind,AUTOROUTE A10,M,48.546828001717365,1.5475004047592666
201800005966,NonLethal,2018-04-29,11:20:00,Daylight,280,92,No,NoIntersection,LightRain,2Vehicles-Behind,Autoroute A10 PK 48+700,M,48.35195380374528,1.3524282714762372
201800005968,NonLethal,2018-05-10,15:00:00,Daylight,280,92,No,NoIntersection,Normal,Other,"autoroute A10, P.K 48+80",M,48.36464455937153,1.3653460517241534
201800005969,NonLethal,2018-05-20,17:30:00,Daylight,780,3,No,NoIntersection,Normal,Other,AUTOROUTE A11 POINT KILO,M,48.524075848508936,1.5255703070993656
201800005970,NonLethal,2018-06-17,13:50:00,Daylight,280,276,No,NoIntersection,Normal,2Vehicles-Side,A10 pk 53+200 direction,M,48.30783521524386,1.306357660274627
201800005972,Lethal,2018-07-25,03:05:00,NightNoStreetLight,910,249,No,NoIntersection,Normal,2Vehicles-Behind,A10 C,M,48.60089483836503,2.602990715422162
201800005973,NonLethal,2018-07-27,11:00:00,Daylight,780,349,No,NoIntersection,Normal,2Vehicles-Behind,"Autoroute A10, PK 017+98",M,48.5739833239682,2.575503697001033