AccidentId,Gravity,Date,Hour,Light,Department,Commune,InAgglomeration,IntersectionType,Weather,CollisionType,PostalAddress,GPSCode,Latitude,Longitude
201800005974,NonLethal,2018-03-08,06:40:00,TwilightOrDawn,780,506,No,NoIntersection,Normal,NoCollision,A11,M,48.516894436505176,1.5189170038379058
201800005975,NonLethal,2018-12-08,13:00:00,Daylight,280,169,No,NoIntersection,Normal,Other,autoroute A10 pk 39+500,M,48.433863251915305,1.4345024510588034
201800005977,Lethal,2018-08-29,04:10:00,NightNoStreetLight,780,9,No,NoIntersection,LightRain,Other,autoroute A10 pk 32+900,M,48.47672666608617,1.478200238156398
201800005979,Lethal,2018-10-22,01:10:00,NightNoStreetLight,780,349,No,NoIntersection,Normal,3+Vehicles-Multiple,A10 PK 21 sens Paris Pro,M,48.56536974440803,1.5640073960468526
201800005980,NonLethal,2018-12-08,19:50:00,NightNoStreetLight,910,249,No,NoIntersection,LightRain,Other,"A10C, Pk11+000",M,48.60327176129263,2.6031664491998443
201800005981,NonLethal,2018-04-08,07:30:00,Daylight,690,80,Yes,NoIntersection,Normal,2Vehicles-Behind,RD103E route de ST ROMAI,M,45.55082957416243,4.553120186465256
201800005984,NonLethal,2018-06-24,17:40:00,Daylight,690,97,No,NoIntersection,Normal,2Vehicles-Side,D502 4726 LE GRAND PRÉ,M,45.52332133122378,4.521312886772571
201800005985,NonLethal,2018-07-20,12:15:00,Daylight,690,253,No,NoIntersection,Normal,2Vehicles-Behind,ROUTE DE LYON,M,45.48431051066892,4.483985112369235
201800005986,NonLethal,2018-08-07,19:40:00,Daylight,690,64,No,X-type,Normal,2Vehicles-Side,route départementale 28,M,45.49474179479169,4.494424706485429
201800005987,NonLethal,2018-11-09,17:00:00,Daylight,690,7,No,T-type,Normal,2Vehicles-Side,carrefour D386/D45E,M,45.49887346288941,4.497149160571827
201800005988,NonLethal,2018-09-29,15:00:00,Daylight,690,118,Yes,NoIntersection,Normal,Other,124 rue du 11 novembre,M,45.55953564517796,4.559998634275121
201800005989,NonLethal,2018-11-19,18:15:00,NightStreelightsOn,690,7,Yes,Square,LightRain,2Vehicles-Side,1 boulevard des allées,M,45.48736873960015,4.488871528338898
201800005991,NonLethal,2018-01-10,19:30:00,NightNoStreetLight,330,229,No,NoIntersection,Normal,NoCollision,RD 106 - Blagon,M,44.781550631822576,-0.7830755696278753
201800005992,NonLethal,2018-04-25,10:40:00,Daylight,330,229,Yes,NoIntersection,Normal,Other,résidence Les Sablines,M,44.70247993811712,-0.701943711972335
201800005993,NonLethal,2018-06-15,18:07:00,Daylight,330,229,Yes,T-type,Normal,2Vehicles-BehindVehicles-Frontal,25 Avenue de la Républiq,M,44.70935173171536,-0.7118518377785813
201800005994,NonLethal,2018-01-07,11:00:00,Daylight,330,229,No,NoIntersection,Normal,Other,RD106 PK 31,M,44.780911214330295,-0.7809533660754795
201800005995,NonLethal,2018-05-07,10:20:00,Daylight,330,5,Yes,T-type,Normal,Other,VC Espl Broustic/RD215,M,44.74285154991112,-0.7411856885146069
201800005996,NonLethal,2018-09-02,19:00:00,Daylight,330,5,Yes,X-type,Normal,2Vehicles-Side,88 boulevard de la Répub,M,44.7359948370988,-0.7356099021282677
201800005997,NonLethal,2018-10-19,07:50:00,TwilightOrDawn,330,5,Yes,NoIntersection,Normal,Other,RD3E8,M,44.73968334429961,-0.7404194152666207
201800005998,NonLethal,2018-02-03,19:15:00,NightNoStreetLight,950,149,No,NoIntersection,LightRain,2Vehicles-Behind,RD 316,M,49.13311330423733,2.131313363076431
201800005999,NonLethal,2018-10-01,10:40:00,Daylight,600,505,Yes,NoIntersection,Normal,2Vehicles-Side,GRANDE RUE,M,49.1541198048105,2.1540761797650783
201800006000,NonLethal,2018-12-19,19:10:00,NightStreelightsOn,600,482,Yes,T-type,Normal,3+Vehicles-Multiple,Route de la Foret  Hame,M,49.15442729350724,2.1528841379279515
201800006001,NonLethal,2018-01-18,16:05:00,TwilightOrDawn,730,257,No,NoIntersection,SnowOrHail,Other,D117,M,45.384774791002776,6.387723787492518
201800006002,NonLethal,2018-03-12,08:45:00,Daylight,730,257,No,NoIntersection,SnowOrHail,2Vehicles-BehindVehicles-Frontal,Route Départementale 117,M,45.32234746188325,6.321693204604219
201800006003,NonLethal,2018-07-19,09:00:00,Daylight,730,257,No,NoIntersection,Normal,Other,RD 117,M,45.38084891273246,6.381189556500542
201800006004,Lethal,2018-04-11,01:50:00,NightNoStreetLight,730,257,No,NoIntersection,Normal,Other,Route départementale 915,M,45.46355554143814,6.462609232372808
201800006005,NonLethal,2018-01-15,07:30:00,TwilightOrDawn,510,545,No,NoIntersection,Normal,2Vehicles-Behind,A26,M,48.74824408876916,4.749277334503097
201800006006,NonLethal,2018-02-09,19:15:00,NightNoStreetLight,510,409,No,NoIntersection,SnowOrHail,2Vehicles-Behind,A26,M,48.86150264102248,4.861397154903912
201800006008,NonLethal,2018-03-24,08:55:00,Daylight,510,595,No,Other,Normal,Other,A26,M,48.794027952079325,4.792165486329033
201800006009,NonLethal,2018-07-04,15:30:00,Daylight,510,312,No,Other,Normal,3+Vehicles-Chain,A26,M,49.04812913932501,4.049798210679256
201800006010,NonLethal,2018-08-18,02:08:00,NightNoStreetLight,510,99,No,NoIntersection,Normal,Other,A26,M,48.79737084000536,4.796739077291311
201800006011,NonLethal,2018-01-11,21:30:00,NightNoStreetLight,770,333,No,NoIntersection,Overcast,3+Vehicles-Multiple,Autoroute A6 - PK 71+300,M,48.28478572564075,2.2816020080968937
201800006012,NonLethal,2018-01-31,19:10:00,NightNoStreetLight,770,6,No,Other,HeavyRain,Other,Autoroute A6 PK 51+120,M,48.41810495052864,2.4189316764973454
201800006013,NonLethal,2018-03-12,16:30:00,Daylight,770,185,No,X-type,Normal,2Vehicles-Side,D637 X D50,M,48.46186319300249,2.4638153762062687
201800006014,NonLethal,2018-03-19,10:00:00,Daylight,770,407,No,NoIntersection,Normal,Other,"Autoroute A6, PK 40+400",M,48.510958047859305,2.5106856376200897
201800006015,NonLethal,2018-02-04,06:30:00,NightNoStreetLight,770,359,No,NoIntersection,Normal,2Vehicles-Side,A6 - BRETELLE N37,M,48.48163009202739,2.4814492511920747
201800006016,NonLethal,2018-04-16,10:45:00,Daylight,770,185,No,NoIntersection,Normal,2Vehicles-Behind,Péage de FLEURY,M,48.44417967721606,2.441551374388693
201800006017,NonLethal,2018-04-20,03:00:00,NightNoStreetLight,450,32,No,NoIntersection,Normal,Other,Autoroute A6 PK 095+535,M,48.13477674751584,2.1320355741524195
201800006018,NonLethal,2018-04-26,00:35:00,NightNoStreetLight,770,185,No,Other,Normal,NoCollision,N37,M,48.46744319037504,2.469326086135169
201800006019,NonLethal,2018-04-14,04:30:00,NightNoStreetLight,770,71,No,NoIntersection,Normal,2Vehicles-Behind,Autoroute A6,M,48.19606983042988,2.1973734717852844
201800006020,NonLethal,2018-06-06,17:40:00,Daylight,770,520,No,NoIntersection,HeavyRain,Other,A6 - pk 65+600,M,48.3126584306173,2.3108538136002084
201800006022,NonLethal,2018-06-27,15:20:00,Daylight,770,69,No,X-type,Normal,2Vehicles-Side,D6037 X VC3 006+405,M,48.460547772118574,2.458575342002921
201800006024,NonLethal,2018-08-21,12:55:00,Daylight,770,185,No,NoIntersection,Normal,2Vehicles-Behind,A6 - PEAGE FLEURY EN B.,M,48.42541864824504,2.4250883380026567
201800006025,NonLethal,2018-09-25,07:50:00,Daylight,770,520,No,NoIntersection,Normal,3+Vehicles-Chain,A6 - PROVINCE PARIS,M,48.31389972027188,2.3159279512067865
201800006026,NonLethal,2018-09-29,23:20:00,NightStreelightsOn,770,156,No,NoIntersection,Normal,2Vehicles-Behind,AIRE SERVICE DARVAULT,M,48.262131787150885,2.2635862859980875
201800006027,NonLethal,2018-09-29,11:30:00,Daylight,770,333,No,NoIntersection,VeryGood,2Vehicles-Behind,A6 - PARIS PROVINCE,M,48.25598326829484,2.25321234741039
201800006028,NonLethal,2018-11-10,03:30:00,NightNoStreetLight,770,168,No,NoIntersection,LightRain,2Vehicles-Side,A6 - POINT ARRET URGENCE,M,48.17251412868713,2.17137965084496
201800006029,NonLethal,2018-10-17,16:05:00,Daylight,770,69,No,NoIntersection,Normal,Other,"RD 637, PK 08+410 sens P",M,48.45423790805819,2.456215569833162
201800006030,Lethal,2018-11-11,18:15:00,NightStreelightsOn,770,6,No,Other,LightRain,Other,Autoroute A6 - PK 51+500,M,48.415343400281,2.41484487620865
201800006031,NonLethal,2018-11-28,14:10:00,Daylight,770,185,No,NoIntersection,LightRain,NoCollision,RD 637,M,48.463921679351984,2.4653274304582955
201800006032,NonLethal,2018-11-28,08:00:00,TwilightOrDawn,910,441,No,NoIntersection,HeavyRain,Other,A6,M,48.50567324957366,2.5085652990365883
201800006035,NonLethal,2018-12-27,09:30:00,Daylight,770,477,No,NoIntersection,FogOrSmoke,Other,A6 - PARIS PROVINCE,M,48.34843288926382,2.3463083010408057
201800006036,NonLethal,2018-01-01,06:05:00,NightNoStreetLight,620,42,No,NoIntersection,LightRain,NoCollision,RD950,M,50.31355554876322,2.316813365776301
201800006037,NonLethal,2018-08-01,19:10:00,NightNoStreetLight,620,559,No,NoIntersection,Normal,Other,autoroute A26 sens REIMS,M,50.20763768847574,3.2073101937903417
201800006038,NonLethal,2018-02-19,19:50:00,NightNoStreetLight,620,873,No,NoIntersection,LightRain,3+Vehicles-Chain,autoroute A1 sens PARIS-,M,50.25276020848919,2.255796208745793
201800006039,NonLethal,2018-03-18,14:50:00,Daylight,620,355,No,NoIntersection,Normal,Other,"autoroute A1, sens LILLE",M,50.339307192834255,2.3374490494227014
201800006040,Lethal,2018-03-15,17:35:00,Daylight,620,280,No,NoIntersection,Normal,NoCollision,A26,M,50.25703136249826,3.25857394540774
201800006041,Lethal,2018-03-31,04:37:00,NightNoStreetLight,620,317,No,NoIntersection,Normal,NoCollision,A26,M,50.26661146579642,2.2655449820059195
201800006042,NonLethal,2018-05-06,23:55:00,NightNoStreetLight,620,873,No,NoIntersection,Normal,3+Vehicles-Chain,A1,M,50.25464371733975,2.2533891433748887
201800006043,Lethal,2018-06-17,07:15:00,Daylight,620,121,No,NoIntersection,Overcast,2Vehicles-Behind,A1,M,50.134623376401336,2.1324575081091792
201800006044,NonLethal,2018-06-22,15:15:00,Daylight,620,427,No,NoIntersection,Normal,2Vehicles-Side,autoroute A1,M,50.39314551664012,2.3937843932427305
201800006045,NonLethal,2018-06-22,02:30:00,NightNoStreetLight,620,259,No,NoIntersection,Overcast,Other,A1,M,50.19655226726454,2.1979375330201805
201800006046,NonLethal,2018-06-09,00:20:00,NightNoStreetLight,620,384,No,NoIntersection,Normal,3+Vehicles-Chain,Autoroute A2,M,50.1344201299025,3.1343409955867
201800006047,Lethal,2018-06-07,21:05:00,Daylight,620,829,No,NoIntersection,Normal,3+Vehicles-Multiple,Autoroute A.1,M,50.0564910075,2.0561990007538635
201800006048,NonLethal,2018-08-10,17:30:00,Daylight,620,280,No,NoIntersection,Normal,NoCollision,Autoroute A26 sens Calai,M,50.25751713511362,3.2592009387977767
201800006049,NonLethal,2018-09-18,08:47:00,Daylight,620,829,No,NoIntersection,Normal,2Vehicles-Behind,autoroute Al,M,50.04773661300495,2.046923811122616
201800006051,NonLethal,2018-11-20,02:28:00,NightNoStreetLight,620,873,No,NoIntersection,Normal,2Vehicles-Behind,Autoroute A1,M,50.253341855998215,2.254572942956249
201800006052,NonLethal,2018-12-28,07:30:00,NightNoStreetLight,620,829,No,NoIntersection,FogOrSmoke,3+Vehicles-Multiple,autoroute A1,M,50.04694403945591,2.046014526763701
201800006053,NonLethal,2018-12-28,20:00:00,NightNoStreetLight,620,594,No,NoIntersection,Normal,2Vehicles-Behind,A1,M,50.15802386091816,2.157676164704561
201800006054,NonLethal,2018-01-08,20:15:00,NightNoStreetLight,800,685,No,Other,Normal,Other,,M,49.69984734052448,2.7006392696894186
201800006055,NonLethal,2018-02-21,18:45:00,NightNoStreetLight,800,521,No,NoIntersection,Normal,Other,A1,M,49.969872441716895,2.969572281293741
201800006056,NonLethal,2018-05-17,08:10:00,Daylight,800,204,No,NoIntersection,Normal,2Vehicles-Behind,A1,M,50.00848845135387,2.008892554779078
201800006057,NonLethal,2018-05-19,02:25:00,NightNoStreetLight,800,467,No,NoIntersection,Normal,2Vehicles-Side,A1,M,49.66580685053184,2.6659755558500318
201800006058,NonLethal,2018-11-06,08:50:00,Daylight,800,521,No,NoIntersection,Normal,3+Vehicles-Chain,A1,M,49.98267599080052,2.98185417253846
201800006059,NonLethal,2018-09-07,17:16:00,Daylight,800,555,No,NoIntersection,Normal,2Vehicles-Behind,A29,M,49.8308038290426,3.830522083108775
201800006060,NonLethal,2018-03-08,20:30:00,Daylight,800,307,No,NoIntersection,Normal,2Vehicles-Behind,A1,M,49.93846272028634,2.939699888303475
201800006061,NonLethal,2018-08-18,16:45:00,Daylight,800,101,No,NoIntersection,Normal,2Vehicles-Side,A1,M,49.64244745382562,2.644530572471665
201800006062,Lethal,2018-09-25,11:10:00,Daylight,800,467,No,NoIntersection,Normal,Other,A1,M,49.67220890527086,2.671241087192345
201800006063,NonLethal,2018-10-14,14:05:00,Daylight,800,467,No,NoIntersection,Normal,NoCollision,A1,M,49.67135347919424,2.669023326152028
201800006064,NonLethal,2018-11-13,03:10:00,NightNoStreetLight,800,521,No,NoIntersection,Normal,2Vehicles-Behind,A1,M,49.981068219077386,2.97877475460872
201800006065,Lethal,2018-01-18,07:50:00,Daylight,130,118,No,NoIntersection,VeryGood,2Vehicles-Behind,A7 PK 246+700,M,,
201800006066,NonLethal,2018-01-26,19:15:00,NightNoStreetLight,130,49,No,NoIntersection,HeavyRain,2Vehicles-Side,Autoroute A7 PK 223+400,M,43.70038908790984,5.698711587260807
201800006067,NonLethal,2018-06-02,06:10:00,NightNoStreetLight,130,67,No,NoIntersection,Normal,2Vehicles-Side,A7 - PK 213+144 - SENS S,M,43.78805893470376,5.787003670369404
201800006068,NonLethal,2018-03-25,15:45:00,Daylight,130,67,No,NoIntersection,Normal,2Vehicles-Side,Autoroute A7 PK 2l5+700,M,43.78690979594823,5.787837139515239
201800006069,NonLethal,2018-03-28,15:47:00,Daylight,130,103,No,NoIntersection,Normal,Other,bifurcation A54/A7 PK 23,M,,
201800006070,NonLethal,2018-07-04,21:30:00,NightNoStreetLight,130,103,No,NoIntersection,Normal,3+Vehicles-Multiple,A54 - PK 060+600 - SENS,M,43.63513280012253,5.634562978044901
201800006071,NonLethal,2018-04-16,06:12:00,NightNoStreetLight,130,105,No,NoIntersection,Normal,2Vehicles-Behind,A7 PK 220.815 sens 1,M,,
201800006072,NonLethal,2018-04-25,12:00:00,Daylight,130,105,No,NoIntersection,Normal,3+Vehicles-Multiple,autoroute A7 - PK 223+50,M,,
201800006075,NonLethal,2018-01-06,08:10:00,Daylight,130,105,No,NoIntersection,Normal,3+Vehicles-Chain,Autoroute A7 PR 223+000,M,43.74616455932983,5.745228721436902
201800006077,NonLethal,2018-06-16,07:40:00,Daylight,130,67,No,NoIntersection,Normal,2Vehicles-Behind,A7 - Sens NORD SUD,M,43.788121593726025,5.789503499408635
201800006078,NonLethal,2018-06-21,16:05:00,Daylight,130,51,No,NoIntersection,Normal,3+Vehicles-Chain,"Autoroute A7, pr 239+230",M,43.59309499371493,5.5935320723146615
201800006079,NonLethal,2018-06-21,18:32:00,Daylight,130,51,No,NoIntersection,Normal,3+Vehicles-Chain,"Autoroute A7, pk 239+990",M,43.59316746510451,5.59625065319505
201800006080,NonLethal,2018-07-07,05:00:00,NightStreelightsOff,130,1,No,NoIntersection,Normal,2Vehicles-Behind,A8,M,43.52946167467533,5.530535952242504
201800006081,NonLethal,2018-07-09,13:00:00,Daylight,130,103,No,NoIntersection,Normal,2Vehicles-Behind,"Autoroute A.54, PR 72.00",M,43.64658362601661,5.646019582643035
201800006082,NonLethal,2018-07-14,12:00:00,Daylight,130,118,No,NoIntersection,Normal,3+Vehicles-Chain,A8,M,43.554867035069805,5.553727687167629
201800006083,NonLethal,2018-07-15,10:30:00,Daylight,130,112,No,NoIntersection,Normal,NoCollision,"Autoroute A.7, PR 248+90",M,43.52571221360709,5.5240835911821575
201800006084,NonLethal,2018-07-20,03:25:00,NightNoStreetLight,130,118,No,NoIntersection,Normal,2Vehicles-Behind,A8 PR 5+400 sens Sud-Nor,M,43.55410291177891,5.554676786251656
201800006086,NonLethal,2018-07-08,10:05:00,Daylight,130,51,No,NoIntersection,Normal,NoCollision,"Autoroute A.7, sens Nord",M,43.5970273529697,5.597467928677054
201800006087,NonLethal,2018-08-11,18:30:00,Daylight,130,103,No,NoIntersection,Normal,3+Vehicles-Multiple,A54 - PK 7l+600 sens Nim,M,43.63340522603158,5.63298418633355
201800006088,NonLethal,2018-08-11,18:00:00,Daylight,130,51,No,NoIntersection,Normal,2Vehicles-Side,A7 - PK 240.250 - sens n,M,43.59259661909188,5.59317111449592
201800006089,NonLethal,2018-12-08,13:30:00,Daylight,130,69,No,NoIntersection,Normal,3+Vehicles-Chain,"Autoroute A.7, PK 236+70",M,,
201800006090,NonLethal,2018-08-13,10:45:00,Daylight,130,118,No,NoIntersection,Normal,3+Vehicles-Multiple,Autoroute A8 PK 002+000,M,43.55215720114653,5.55299816122098
201800006091,NonLethal,2018-08-17,04:30:00,NightNoStreetLight,130,103,No,NoIntersection,Normal,3+Vehicles-Multiple,Autoroute A7 PK 232+600,M,43.65327418108862,5.652515524597753
201800006092,NonLethal,2018-08-24,01:30:00,NightNoStreetLight,130,49,No,NoIntersection,Normal,3+Vehicles-Chain,"Autoroute A.7, sens Sud/",M,43.69831421201648,5.695992123228367
201800006093,NonLethal,2018-08-31,19:05:00,Daylight,130,51,No,NoIntersection,Normal,2Vehicles-Behind,Autoroute A7 PK 238+700,M,43.59756033935353,5.597915676046483
201800006094,NonLethal,2018-09-05,16:20:00,Daylight,130,51,No,NoIntersection,Normal,3+Vehicles-Chain,"autoroute A7, PK 240+070",M,43.59565288704609,5.595502191442658
201800006095,Lethal,2018-09-16,20:40:00,NightNoStreetLight,130,18,No,NoIntersection,Normal,3+Vehicles-Multiple,AUTOROUTE A7,M,43.86366165800233,4.863857002792654
201800006097,NonLethal,2018-09-28,11:10:00,Daylight,130,114,No,NoIntersection,Normal,NoCollision,"A8, PR l0+300, SENS AIX-",M,43.53741539173906,5.53997047410595
201800006098,NonLethal,2018-10-13,07:00:00,NightNoStreetLight,130,97,No,NoIntersection,Normal,2Vehicles-Side,A54 BARRIERE DE PEAGE ST,M,43.63856279208397,4.639133098994386
201800006100,NonLethal,2018-10-25,17:15:00,Daylight,130,103,No,NoIntersection,Normal,2Vehicles-Side,"A 54, sens ARL",M,43.62654656194834,5.626172012779446
201800006103,NonLethal,2018-07-11,05:20:00,NightNoStreetLight,130,49,No,NoIntersection,Normal,2Vehicles-Behind,Autoroute A7 PK 224+100,M,43.69965296530222,5.70146333433757
201800006104,NonLethal,2018-11-20,19:00:00,NightNoStreetLight,130,118,No,NoIntersection,LightRain,2Vehicles-Behind,A8 SENS SUD/NORD PK 004+,M,43.555010217300094,5.553137045199448
201800006105,NonLethal,2018-11-20,06:55:00,NightNoStreetLight,130,67,No,NoIntersection,Normal,Other,"Autoroute A7, pk 217+300",M,,
201800006106,NonLethal,2018-11-23,21:25:00,NightNoStreetLight,130,118,No,NoIntersection,HeavyRain,2Vehicles-Side,A8 PK 004+900 Sens Nice-,M,,
201800006107,NonLethal,2018-12-09,20:45:00,NightNoStreetLight,130,118,No,NoIntersection,Normal,2Vehicles-Behind,Autoroute A7 - PK 246.75,M,43.55269953181968,5.553139691954426
201800006108,Lethal,2018-11-12,14:00:00,Daylight,130,1,No,NoIntersection,Normal,Other,Autoroute 8 sens SUD/NO,M,43.53346320281905,5.532373597522421
201800006110,NonLethal,2018-12-16,10:30:00,Daylight,130,51,No,NoIntersection,LightRain,Other,A 7 PK 2436+617,M,,
201800006113,NonLethal,2018-04-10,11:11:00,Daylight,840,39,No,NoIntersection,Normal,2Vehicles-Behind,Pk 175.000 autoroute A7,M,44.09961507086201,4.099556446040975
201800006114,NonLethal,2018-12-04,09:40:00,Daylight,840,78,No,NoIntersection,LightRain,Other,autoroute A7,M,44.24442743860779,4.2448268164622425
201800006115,NonLethal,2018-03-05,01:45:00,NightNoStreetLight,840,91,No,Other,Normal,3+Vehicles-Chain,A7 - PK 161+400,M,44.17168269065144,4.171777067829551
201800006117,NonLethal,2018-06-03,07:15:00,TwilightOrDawn,840,7,No,NoIntersection,Overcast,Other,Autoroute A7 PK l96.7OO,M,43.898065474923264,4.896271960212138
201800006118,NonLethal,2018-06-11,05:25:00,NightNoStreetLight,840,141,No,NoIntersection,HeavyRain,Other,"Autoroute A7, Sud-Nord,",M,43.97090012477193,4.9695165465064415
201800006119,NonLethal,2018-07-14,15:45:00,Daylight,840,19,No,NoIntersection,Normal,2Vehicles-Side,Autoroute A7,M,44.28686228174337,4.28844950808248
201800006120,Lethal,2018-07-18,14:45:00,Daylight,840,141,No,NoIntersection,Normal,3+Vehicles-Chain,autoroute A7 PK 190+300,M,43.9697037849252,4.971727724433791
201800006121,Lethal,2018-07-19,23:00:00,NightNoStreetLight,840,81,No,NoIntersection,Normal,Other,autoroute A7 - PK 194+80,M,43.927701947454224,4.927941569801858
201800006122,Lethal,2018-07-22,00:40:00,NightNoStreetLight,300,326,No,NoIntersection,Normal,3+Vehicles-Chain,A9 - PK 017+000,M,44.00295272945043,4.006605676548396
201800006123,Lethal,2018-07-21,23:25:00,NightNoStreetLight,300,221,No,NoIntersection,Normal,3+Vehicles-Chain,pk 14.000 autoroute A9 s,M,44.02695247625858,4.028474606793921
201800006124,NonLethal,2018-07-25,19:50:00,Daylight,840,141,No,NoIntersection,Normal,3+Vehicles-Chain,pk 191+400sens Nord Sud,M,43.97158856511746,4.972461571357559
201800006125,Lethal,2018-08-16,07:30:00,Daylight,300,326,No,NoIntersection,Normal,3+Vehicles-Chain,pk l8.400,M,44.0008637681237,4.002311589172148
201800006127,NonLethal,2018-11-30,01:30:00,NightStreelightsOff,840,16,No,NoIntersection,Normal,2Vehicles-Behind,autoroute A7 PK 179 NS,M,44.048283487362255,4.047948103450913
201800006128,Lethal,2018-01-12,11:13:00,Daylight,840,81,No,NoIntersection,Normal,NoCollision,A7 PK 196.000 sens nord,M,43.90768507167099,4.908208283922722
201800006130,NonLethal,2018-12-31,05:00:00,NightNoStreetLight,270,258,No,NoIntersection,Normal,Other,"A l3, PK l65+000",M,49.33325700609837,3.3320520782755896
201800006131,NonLethal,2018-04-02,01:36:00,NightNoStreetLight,270,227,No,NoIntersection,Normal,2Vehicles-BehindVehicles-Frontal,A13,M,49.374585523192046,6.371686956719287
201800006132,NonLethal,2018-03-03,01:00:00,NightNoStreetLight,760,682,No,NoIntersection,Normal,Other,"A13, PK 1O7.7",M,49.315511447081406,1.3156327448025318
201800006134,NonLethal,2018-05-03,13:20:00,Daylight,270,65,No,NoIntersection,Normal,Other,A 13 PK 167.430 vers Cae,M,49.33822362767479,3.3386989583487283
201800006135,NonLethal,2018-03-23,07:30:00,Daylight,760,705,No,NoIntersection,Overcast,2Vehicles-Side,ZAC DU CLOS AUX ANTES,M,49.3251772421481,1.3282820513009252
201800006136,Lethal,2018-03-27,12:00:00,Daylight,270,91,No,NoIntersection,LightRain,NoCollision,A13,M,49.36372232979757,8.362252988812454
201800006137,NonLethal,2018-04-08,15:00:00,Daylight,270,102,No,NoIntersection,Normal,Other,Autoroute A13 - PK 132+8,M,49.36652727893727,7.366523710935003
201800006138,Lethal,2018-04-16,16:10:00,Daylight,760,319,No,NoIntersection,Normal,2Vehicles-BehindVehicles-Frontal,Autoroute A13,M,49.33973519669463,1.340114140893974
201800006139,NonLethal,2018-11-05,10:50:00,Daylight,760,319,No,NoIntersection,Normal,3+Vehicles-Multiple,Autoroute Al3 PK ll5+400,M,49.33958445046845,1.340026049279813
201800006140,Lethal,2018-06-29,14:40:00,Daylight,270,558,No,NoIntersection,Normal,3+Vehicles-Multiple,D124 pk 4.433,M,49.27533095043748,7.274499971380263
201800006142,NonLethal,2018-07-04,07:00:00,Daylight,760,484,No,Other,Normal,NoCollision,A139 pk 000.100,M,49.34724827009461,1.345306383874701
201800006143,NonLethal,2018-07-14,17:00:00,Daylight,760,682,No,NoIntersection,Normal,2Vehicles-Behind,"A13, PK 107.900",M,49.31583711765903,1.314666726889376
201800006144,NonLethal,2018-08-08,16:59:00,Daylight,760,705,No,NoIntersection,Normal,2Vehicles-Behind,"Autoroute A13, PK 110+04",M,49.32790840704192,1.325592643237536
201800006146,NonLethal,2018-10-20,12:00:00,Daylight,270,497,No,NoIntersection,Normal,NoCollision,Autoroute A13 - PK 137+0,M,49.37131288572381,7.370727184027223
201800006147,Lethal,2018-11-16,07:55:00,TwilightOrDawn,270,105,No,NoIntersection,FogOrSmoke,3+Vehicles-Multiple,RD 438,M,49.29444168012456,8.291334500559367
201800006148,NonLethal,2018-11-18,20:00:00,NightStreelightsOff,760,484,No,NoIntersection,Overcast,NoCollision,A139,M,49.34652630301206,1.345687083902527
201800006149,NonLethal,2018-12-28,22:00:00,NightNoStreetLight,270,580,No,NoIntersection,FogOrSmoke,Other,A13 PK123.000 sens PARIS,M,49.342454581573314,9.342571887197831
201800006150,Lethal,2018-01-16,08:36:00,TwilightOrDawn,270,348,No,NoIntersection,Normal,2Vehicles-BehindVehicles-Frontal,PK 043+940 D6015,M,49.33342845179139,1.336380130507494
201800006151,NonLethal,2018-01-17,07:15:00,NightNoStreetLight,270,697,No,NoIntersection,SnowOrHail,NoCollision,"Autoroute A13, PK 92+100",M,49.20308339496478,1.203018951476976
201800006152,NonLethal,2018-02-01,15:45:00,Daylight,270,399,No,NoIntersection,Normal,2Vehicles-Behind,Autoroute A13 PK 73+400,M,49.07889572396399,1.079458336632123
201800006153,NonLethal,2018-02-16,19:00:00,NightNoStreetLight,270,335,No,NoIntersection,Normal,2Vehicles-Behind,RN 154 (PR 41+500),M,49.13901774481913,1.1393565172097184
201800006154,NonLethal,2018-02-19,07:30:00,TwilightOrDawn,270,517,No,NoIntersection,FogOrSmoke,2Vehicles-Behind,"A13, PK 088+800 vers ROU",M,49.1239191377833,1.1246076876680722
201800006155,NonLethal,2018-03-12,18:25:00,Daylight,270,701,No,NoIntersection,Normal,NoCollision,AUTOROUTE A13 PK95+585,M,49.23154048909262,1.2313250430808818
201800006156,NonLethal,2018-04-14,19:15:00,TwilightOrDawn,270,5,No,NoIntersection,Overcast,NoCollision,AUTOROUTE A13 PK 86,M,49.15842157057981,1.1584366902706316
201800006157,NonLethal,2018-05-16,06:15:00,TwilightOrDawn,270,469,No,NoIntersection,Normal,2Vehicles-Behind,A 13 PK 103.450,M,49.27706855209372,1.2783389901868727
201800006158,NonLethal,2018-06-21,14:29:00,Daylight,270,147,No,NoIntersection,Normal,2Vehicles-Behind,,M,49.10677131947686,1.1092991008693447