AccidentId,Gravity,Date,Hour,Light,Department,Commune,InAgglomeration,IntersectionType,Weather,CollisionType,PostalAddress,GPSCode,Latitude,Longitude
201800006159,NonLethal,2018-06-26,19:15:00,Daylight,270,517,No,NoIntersection,Normal,Other,A 13 PK 079.520,M,49.1165462300844,1.119463957668313
201800006160,NonLethal,2018-03-07,12:30:00,Daylight,270,203,No,NoIntersection,Normal,3+Vehicles-Chain,Autoroute A13 pk 69.9 se,M,49.061659963589285,1.0605753303790513
201800006161,NonLethal,2018-05-07,07:45:00,Daylight,270,701,No,Other,Normal,Other,"AUTOROUTE A154, bretelle",M,49.24043905393576,1.2397259361771515
201800006162,NonLethal,2018-07-15,06:55:00,Daylight,270,517,No,NoIntersection,Normal,NoCollision,"A13, PK 080+600 vers PAR",M,49.12664681038712,1.1256520211739014
201800006163,NonLethal,2018-07-25,13:25:00,Daylight,270,598,No,NoIntersection,Normal,Other,"Autoroute A13, PK 93+700",M,49.21580547290281,1.2145212338147229
201800006164,Lethal,2018-09-10,04:51:00,NightNoStreetLight,270,469,No,NoIntersection,Normal,2Vehicles-BehindVehicles-Frontal,RD6015,M,49.28847155227324,1.2888203310989073
201800006165,NonLethal,2018-10-07,19:10:00,NightStreelightsOn,270,697,No,NoIntersection,Normal,Other,Autoroute A13,M,49.20748441368067,1.206987037791832
201800006168,NonLethal,2018-12-14,14:00:00,Daylight,270,358,No,NoIntersection,Normal,2Vehicles-BehindVehicles-Frontal,"RD 57, PR 010.800",M,49.0320249590515,1.0322782822390295
201800006169,NonLethal,2018-12-01,16:45:00,TwilightOrDawn,600,125,No,NoIntersection,Normal,2Vehicles-Behind,"Autoroute A1, PK 66+300,",M,49.38797037830079,2.3873759099644563
201800006170,NonLethal,2018-12-19,02:40:00,NightNoStreetLight,600,125,Yes,NoIntersection,Normal,2Vehicles-Behind,PK 66+300,M,49.39751831586116,2.396335873049818
201800006171,NonLethal,2018-05-04,12:30:00,Daylight,600,19,No,NoIntersection,Normal,2Vehicles-Behind,"A1, PK78+400 sens PARIS",M,49.506304170086096,2.505422370892748
201800006172,NonLethal,2018-04-15,08:45:00,Daylight,600,160,No,NoIntersection,Normal,2Vehicles-Side,"A1, PK 91+300, sens PARI",M,49.61737888527853,2.615319055437186
201800006173,NonLethal,2018-07-10,09:45:00,Daylight,600,558,No,NoIntersection,Normal,2Vehicles-Behind,Point kilométrique 88+00,M,49.58648073373202,2.586834042811225
201800006174,NonLethal,2018-08-21,14:08:00,Daylight,600,100,No,NoIntersection,Normal,2Vehicles-Behind,"autoroute A1, PK 50+800,",M,49.24803581859505,2.2486445444538585
201800006175,NonLethal,2018-09-01,21:50:00,NightNoStreetLight,600,138,No,NoIntersection,Normal,Other,Autoroute A1 sens Paris-,M,49.21905950400576,2.2190171054326897
201800006178,NonLethal,2018-01-08,22:30:00,NightNoStreetLight,690,13,No,NoIntersection,Overcast,Other,autoroute A6,M,46.0156638784357,4.017439687217796
201800006179,NonLethal,2018-01-09,16:55:00,Daylight,690,206,No,NoIntersection,Normal,Other,A6 sens Lyon Paris PK 41,M,46.05908807284063,4.059300557233039
201800006180,NonLethal,2018-03-26,16:25:00,Daylight,690,13,No,NoIntersection,Normal,2Vehicles-Behind,A6 Point kilométrique 42,M,46.00858528806483,4.005246711364185
201800006181,NonLethal,2018-04-30,21:30:00,NightStreelightsOn,690,115,No,Other,LightRain,Other,a6,M,45.9741589717557,4.972731794840227
201800006182,NonLethal,2018-06-05,00:15:00,NightNoStreetLight,690,206,No,NoIntersection,Normal,Other,route du crochet,M,46.052594295365815,4.053916001617477
201800006183,NonLethal,2018-09-05,15:45:00,Daylight,690,77,No,Other,Normal,2Vehicles-Behind,A6,M,46.16445597645231,4.165005232936298
201800006185,NonLethal,2018-05-27,05:00:00,NightNoStreetLight,690,242,No,Other,HeavyRain,3+Vehicles-Chain,AUTOROUTE A6 - SENS PARI,M,46.12368416061163,4.122105439432743
201800006188,NonLethal,2018-10-17,06:30:00,NightNoStreetLight,690,77,No,NoIntersection,Normal,3+Vehicles-Multiple,autoroute A6,M,46.15121491070202,4.149515980242634
201800006190,NonLethal,2018-07-24,23:20:00,NightNoStreetLight,590,597,No,NoIntersection,Normal,3+Vehicles-Chain,"A2, PK 32, sens BRUXELLE",M,50.20107043624394,3.1996592211345
201800006191,NonLethal,2018-08-24,03:30:00,NightNoStreetLight,590,377,No,Other,Normal,2Vehicles-Behind,autoroute A.26,M,50.111488083263865,3.1113709980798423
201800006192,NonLethal,2018-04-06,08:18:00,Daylight,640,230,No,NoIntersection,Normal,3+Vehicles-Multiple,RN 134 - PK 54+134,M,43.164913417445725,-0.1643827892637506
201800006193,Lethal,2018-02-11,14:24:00,Daylight,640,65,No,Other,Normal,2Vehicles-Side,D918 - PR 004+500 -,M,43.360898685804486,-0.3600636901238034
201800006194,Lethal,2018-06-02,08:08:00,TwilightOrDawn,380,231,No,NoIntersection,FogOrSmoke,2Vehicles-Side,D522,M,45.51161632767556,5.511386125968224
201800006195,NonLethal,2018-02-21,12:30:00,Daylight,380,480,No,Y-type,Normal,2Vehicles-BehindVehicles-Frontal,D75 Rte de la Rosière,M,45.56193425373355,4.561831003721764
201800006196,NonLethal,2018-02-22,09:00:00,Daylight,380,348,No,NoIntersection,Normal,2Vehicles-Behind,A43 PK 036.400,M,45.57438818687959,5.573174666187
201800006199,NonLethal,2018-03-21,16:00:00,Daylight,380,381,No,NoIntersection,Normal,NoCollision,pk 52.500 sens chambery,M,45.56333332642649,5.566259832120885
201800006201,NonLethal,2018-05-25,13:46:00,Daylight,380,97,Yes,NoIntersection,Normal,2Vehicles-BehindVehicles-Frontal,D24A,M,45.76621851308939,5.767938470421769
201800006203,Lethal,2018-07-15,23:50:00,NightNoStreetLight,380,276,No,NoIntersection,Normal,Other,A43,M,45.58116450593377,5.581235527902997
201800006204,NonLethal,2018-07-31,15:45:00,Daylight,380,449,No,NoIntersection,Normal,NoCollision,D1006,M,45.65113767505342,5.653168541492796
201800006206,NonLethal,2018-09-09,09:50:00,Daylight,380,53,No,NoIntersection,Normal,2Vehicles-Behind,a43 - pk 36,M,45.58686848968608,5.589414392424458
201800006207,NonLethal,2018-10-09,16:30:00,Daylight,380,85,Yes,NoIntersection,Normal,2Vehicles-BehindVehicles-Frontal,32 route de Lyon,M,45.748817079018565,5.747872854079917
201800006208,NonLethal,2018-09-13,08:45:00,Daylight,380,553,No,NoIntersection,Normal,3+Vehicles-Chain,autoroute A43. PK 25,M,45.63253548044317,5.629882277743777
201800006209,NonLethal,2018-09-26,13:00:00,Daylight,380,498,No,NoIntersection,Normal,2Vehicles-BehindVehicles-Frontal,Lieu dit le Javet,M,45.52721303296162,5.530113779974658
201800006210,NonLethal,2018-02-10,09:00:00,Daylight,380,377,No,NoIntersection,Normal,Other,a43,M,45.56282377009815,5.562684865040067
201800006211,Lethal,2018-10-13,23:38:00,NightNoStreetLight,380,530,No,NoIntersection,Normal,2Vehicles-Behind,A43,M,45.62140560135614,5.621252463874348
201800006212,NonLethal,2018-10-20,10:35:00,Daylight,380,64,No,NoIntersection,Normal,2Vehicles-BehindVehicles-Frontal,"A43, PK 044+800",M,45.56009079682328,5.560343423247934
201800006213,NonLethal,2018-10-25,07:21:00,NightNoStreetLight,380,509,No,NoIntersection,Normal,2Vehicles-Behind,Autoroute A43. PK 049+20,M,45.55944065771849,5.55991482249271
201800006214,NonLethal,2018-07-11,17:00:00,TwilightOrDawn,380,553,Yes,Y-type,Overcast,2Vehicles-Behind,D126,M,45.62350307981449,5.6225127809306406
201800006215,NonLethal,2018-11-13,13:44:00,Daylight,380,449,No,Roundabout,Normal,2Vehicles-Side,intersection A43 et RD 3,M,45.65735385618814,5.658259855298729
201800006216,NonLethal,2018-11-21,11:00:00,Daylight,380,449,No,NoIntersection,Overcast,2Vehicles-Behind,D311. PR00+500,M,45.64457245740373,5.644026268438664
201800006218,NonLethal,2018-12-21,19:30:00,NightNoStreetLight,380,348,No,NoIntersection,LightRain,3+Vehicles-Chain,Autoroute A43 PK O4O+3OO,M,45.56935798289231,5.56983061584231
201800006219,NonLethal,2018-01-07,14:08:00,Daylight,680,118,Yes,NoIntersection,Normal,Other,171 Rue du Général de Ga,M,47.71590860130113,7.717264990871442
201800006220,NonLethal,2018-01-19,09:20:00,Daylight,680,278,Yes,X-type,VeryGood,2Vehicles-BehindVehicles-Frontal,189 rue ile napoleon,M,47.76867578180058,7.766439133162515
201800006221,NonLethal,2018-03-23,06:45:00,TwilightOrDawn,680,118,Yes,NoIntersection,Normal,2Vehicles-Side,153 rue du général de Ga,M,47.72121108344125,7.720107275328861
201800006222,NonLethal,2018-03-28,11:10:00,Daylight,680,118,Yes,X-type,Normal,3+Vehicles-Multiple,99 RUE DU GENERAL DE GAU,M,47.72882804786244,7.730543321957135
201800006223,NonLethal,2018-05-25,07:20:00,Daylight,680,118,No,NoIntersection,Normal,Other,R de eschentzwiller,M,47.71964555971884,7.718759850305495
201800006224,NonLethal,2018-06-15,23:12:00,NightStreelightsOn,680,278,Yes,X-type,Normal,2Vehicles-Side,71 Av du general de gaul,M,47.75010254432099,7.751442924875748
201800006225,NonLethal,2018-07-07,12:50:00,Daylight,680,118,Yes,NoIntersection,Normal,2Vehicles-Side,26 R DE KEMBS,M,47.72359281633096,7.726703129626643
201800006227,NonLethal,2018-09-25,11:30:00,Daylight,680,278,Yes,Y-type,VeryGood,2Vehicles-Side,18 R Saint Jean,M,47.74777132300637,7.748060691342848
201800006228,NonLethal,2018-10-13,17:55:00,TwilightOrDawn,680,278,Yes,NoIntersection,Normal,Other,8 rue de ottmarsheim,M,47.75219916694517,7.751047783315144
201800006229,NonLethal,2018-10-20,20:00:00,NightStreelightsOn,680,278,Yes,X-type,Normal,2Vehicles-BehindVehicles-Frontal,56 r ile napoléon,M,47.75747996971805,7.756855426806929
201800006230,NonLethal,2018-12-03,15:24:00,Daylight,580,152,No,NoIntersection,Overcast,2Vehicles-BehindVehicles-Frontal,N7,M,46.88369228596038,3.885714569892846
201800006232,NonLethal,2018-03-21,17:15:00,Daylight,950,580,No,NoIntersection,Normal,2Vehicles-Side,RD 16,M,49.09063736065821,2.0906884639899257
201800006234,NonLethal,2018-04-15,18:00:00,Daylight,950,580,Yes,NoIntersection,Normal,2Vehicles-Behind,RUE DE PARIS,M,49.09226736547805,2.0926815792859017
201800006236,NonLethal,2018-10-30,12:50:00,Daylight,950,604,Yes,T-type,Normal,2Vehicles-Side,RUE DE LA LIBERTE,M,49.10126096285207,2.101669165113139
201800006237,NonLethal,2018-11-11,23:35:00,NightNoStreetLight,950,580,Yes,NoIntersection,LightRain,2Vehicles-Behind,Route Départementale 317,M,49.08773390097252,2.086519708362762
201800006238,NonLethal,2018-09-04,09:05:00,Daylight,170,447,No,Roundabout,Overcast,NoCollision,D5 - D112E1,M,46.08269041185152,-0.0836748784680251
201800006239,Lethal,2018-03-07,16:04:00,Daylight,170,338,No,NoIntersection,Normal,2Vehicles-Side,D911,M,46.145127142204025,-0.1459799975422352
201800006240,NonLethal,2018-11-27,14:00:00,Daylight,170,267,No,NoIntersection,Overcast,2Vehicles-Behind,Nll,M,46.22640461616903,-0.2255157131960724
201800006241,NonLethal,2018-12-01,16:06:00,Daylight,170,292,No,NoIntersection,Normal,3+Vehicles-Multiple,"R.D. 739, POINT ROUTIER",M,45.96395434383806,-0.9632953966978328
201800006243,NonLethal,2018-02-09,14:20:00,Daylight,170,213,No,NoIntersection,Normal,Other,A 10 - PK 403+300 - sens,M,46.04844794442722,-0.0460479692389762
201800006244,NonLethal,2018-02-13,16:24:00,Daylight,170,354,No,NoIntersection,Normal,2Vehicles-Behind,Autoroute A 10 PK 454.90,M,45.620905940431584,-0.6204246902567936
201800006245,NonLethal,2018-09-03,07:10:00,Daylight,170,183,No,NoIntersection,Normal,NoCollision,RD 243 - Les Brunets,M,45.60547516280819,-0.6039379509968574
201800006246,Lethal,2018-03-23,03:13:00,NightNoStreetLight,170,196,No,NoIntersection,Overcast,Other,A10,M,45.57462880067032,-0.5759379068291911
201800006247,Lethal,2018-04-23,10:56:00,Daylight,170,356,No,NoIntersection,Normal,Other,RD 122,M,45.98364855171474,-0.98152167854175
201800006249,NonLethal,2018-05-25,17:05:00,Daylight,170,299,No,NoIntersection,HeavyRain,3+Vehicles-Chain,Autoroute A 837 PK 002.3,M,45.96435014472424,-0.9627557510989528
201800006250,NonLethal,2018-06-29,17:45:00,Daylight,170,464,No,NoIntersection,Normal,Other,autoroute A.10 Pkn 399+8,M,46.07772499330905,-0.0766597612974462
201800006251,NonLethal,2018-08-10,02:10:00,NightNoStreetLight,170,436,No,NoIntersection,Normal,Other,A 10 - PK 429.500 SENS P,M,45.8318694032368,-0.8310815079159515
201800006252,NonLethal,2018-08-31,12:00:00,Daylight,170,44,No,NoIntersection,Normal,3+Vehicles-Chain,A 10 - PK 452.500 SENS B,M,45.63860481271118,-0.638704341548859
201800006253,NonLethal,2018-09-23,17:16:00,Daylight,170,336,No,NoIntersection,LightRain,NoCollision,A10,M,45.753854058656856,-0.7547174868201035
201800006254,Lethal,2018-10-25,11:51:00,Daylight,170,440,No,X-type,VeryGood,2Vehicles-Side,Intersection D18 et D739,M,45.93889113186774,-0.9385159409299773
201800006255,NonLethal,2018-11-11,18:30:00,NightNoStreetLight,170,44,No,NoIntersection,LightRain,Other,AUTOROUTE A10 - PK 452+2,M,45.64112571488577,-0.6401278572617192
201800006256,NonLethal,2018-11-12,08:45:00,Daylight,170,120,No,NoIntersection,Normal,NoCollision,D728 - PR 008.000,M,45.73865945626955,-0.7378502618344487
201800006257,NonLethal,2018-07-26,09:13:00,Daylight,420,208,No,NoIntersection,VeryGood,NoCollision,Route Départementale 6 -,M,45.54840834609034,4.547705367849769
201800006258,NonLethal,2018-11-19,19:00:00,NightNoStreetLight,420,224,No,NoIntersection,SnowOrHail,2Vehicles-BehindVehicles-Frontal,route départementale 501,M,45.32509360818992,4.326216802583796
201800006259,Lethal,2018-12-17,07:45:00,Daylight,420,97,No,NoIntersection,LightRain,NoCollision,route départementale 10,M,45.52365764502695,4.524622576525212
201800006260,NonLethal,2018-09-07,17:15:00,Daylight,250,424,No,NoIntersection,Normal,3+Vehicles-Multiple,route nationale 57,M,47.07900779826976,6.08128449046704
201800006261,NonLethal,2018-02-11,11:20:00,Daylight,830,116,No,NoIntersection,Normal,Other,a8,M,43.46927564522958,5.470223833937789
201800006262,NonLethal,2018-04-13,02:45:00,NightNoStreetLight,830,73,No,NoIntersection,LightRain,NoCollision,D97 sens GONF,M,43.37550109755074,6.374111028779706
201800006263,NonLethal,2018-04-16,12:00:00,Daylight,830,116,No,NoIntersection,Normal,Other,,M,43.45937420570866,5.458508149347949
201800006264,NonLethal,2018-04-23,01:30:00,NightNoStreetLight,130,87,No,NoIntersection,Normal,2Vehicles-BehindVehicles-Frontal,A8 -la Provençale,M,43.47646047297561,5.478941260083437
201800006265,NonLethal,2018-05-09,20:05:00,Daylight,830,116,No,NoIntersection,HeavyRain,NoCollision,A8 PK058.500,M,43.44754363872586,5.448287326871432
201800006266,NonLethal,2018-05-09,20:05:00,Daylight,830,116,No,NoIntersection,HeavyRain,Other,A8 PK058.500,M,43.4475823028972,5.449774279656356
201800006267,NonLethal,2018-06-16,15:15:00,Daylight,830,116,No,NoIntersection,Normal,Other,autoroute A8 aire de rep,M,43.469484869911646,5.471672914180177
201800006268,NonLethal,2018-06-30,05:53:00,TwilightOrDawn,830,96,No,NoIntersection,Normal,2Vehicles-Behind,autoroute A8,M,43.474674602251945,5.472838301380151
201800006270,NonLethal,2018-11-28,03:40:00,NightNoStreetLight,830,140,No,NoIntersection,Normal,2Vehicles-Behind,autoroute A8,M,43.42963279397949,5.429147020691914
201800006273,NonLethal,2018-11-07,18:40:00,Daylight,740,18,No,NoIntersection,Normal,2Vehicles-Behind,a40,M,46.09729129894557,6.09874805093417
201800006275,NonLethal,2018-12-08,07:05:00,TwilightOrDawn,740,18,No,NoIntersection,Normal,2Vehicles-Behind,Autoroute,M,46.09644330154728,6.096820934765273
201800006276,NonLethal,2018-12-14,03:30:00,NightNoStreetLight,740,133,No,NoIntersection,Normal,NoCollision,autoroute A411,M,46.18481610394779,6.184620799280348
201800006277,NonLethal,2018-12-16,02:10:00,NightNoStreetLight,740,42,No,NoIntersection,SnowOrHail,Other,A40 bretelle de sortie 1,M,46.0688697281848,6.068106218406667
201800006278,Lethal,2018-02-01,17:05:00,TwilightOrDawn,300,185,No,NoIntersection,Normal,3+Vehicles-Multiple,autoroute A9 PK 71+690,M,43.73874053888264,4.738945855796761
201800006279,NonLethal,2018-01-07,19:55:00,NightNoStreetLight,300,344,No,NoIntersection,Normal,Other,"Autoroute A9, point kilo",M,43.75164551515129,4.751780129300259
201800006280,Lethal,2018-01-13,03:20:00,NightNoStreetLight,300,156,No,NoIntersection,Normal,Other,Autoroute A9 PK 44+750 s,M,43.86680673704429,4.866340178865512
201800006282,NonLethal,2018-04-25,08:00:00,Daylight,300,36,No,NoIntersection,Normal,2Vehicles-Behind,"A9 PK 63,000",M,43.77410521701061,4.7745415812682745
201800006283,NonLethal,2018-04-25,21:30:00,NightNoStreetLight,300,189,No,NoIntersection,Normal,NoCollision,A9 PK 049+000,M,43.81902337641698,4.821405802856741
201800006284,NonLethal,2018-05-21,17:00:00,Daylight,300,185,No,NoIntersection,Normal,2Vehicles-Side,A.9 - PK. 70+500 - sens,M,43.75159961424984,4.748579995479609
201800006285,Lethal,2018-09-06,20:30:00,Daylight,300,189,No,NoIntersection,Normal,2Vehicles-Behind,PK. 50+600 - Sens ORANGE,M,43.82766735581518,4.827801093696894
201800006286,NonLethal,2018-06-25,16:00:00,Daylight,300,344,No,NoIntersection,Normal,3+Vehicles-Multiple,Autoroute A9 - Point kil,M,43.74838894653944,4.751306214534552
201800006287,NonLethal,2018-06-30,02:45:00,NightNoStreetLight,300,347,No,NoIntersection,Normal,Other,A9 - PK. 65+900 - sens N,M,43.748516767220735,4.749196275942398
201800006290,NonLethal,2018-08-01,10:00:00,Daylight,300,344,No,NoIntersection,Normal,Other,aire d'autoroute,M,43.7432983269022,4.7425093524887005
201800006291,Lethal,2018-02-08,12:00:00,Daylight,300,60,No,NoIntersection,Normal,3+Vehicles-Chain,Autoroute A9 - PK6+400 -,M,43.79816890523108,4.79628462176384
201800006292,NonLethal,2018-08-15,07:40:00,Daylight,300,123,No,Roundabout,Normal,NoCollision,bretelle d'accès à l'aut,M,43.72580646214397,4.725224973919883
201800006295,Lethal,2018-09-28,06:00:00,NightNoStreetLight,300,123,No,NoIntersection,Normal,2Vehicles-Behind,autoroute A9 pk 73+500 s,M,43.72677857658899,4.725579831507373
201800006296,NonLethal,2018-10-21,19:35:00,NightNoStreetLight,300,123,No,NoIntersection,Normal,Other,Bretelle accès autoroute,M,43.711808990242375,4.711086001380904
201800006297,NonLethal,2018-10-28,13:00:00,Daylight,300,34,No,NoIntersection,LightRain,NoCollision,AUTOROUTE A54- PK014.200,M,43.734172633023896,4.73079913948161
201800006298,NonLethal,2018-01-12,19:50:00,NightNoStreetLight,300,189,No,NoIntersection,Normal,Other,autoroute A9 - Point kil,M,43.81903709636276,4.818538414247975
201800006299,NonLethal,2018-04-03,05:50:00,NightNoStreetLight,110,262,No,NoIntersection,Normal,2Vehicles-Behind,A9,M,43.17111366312607,3.1709871039582462
201800006300,Lethal,2018-07-28,07:37:00,Daylight,110,86,No,NoIntersection,Normal,2Vehicles-Behind,Autoroute A9,M,42.93597979885426,2.9368264805282056
201800006301,NonLethal,2018-10-08,17:20:00,Daylight,110,262,No,NoIntersection,Normal,2Vehicles-Behind,Autoroute A9 PK 191+730,M,43.17043286716689,3.1700491007935887
201800006302,Lethal,2018-08-23,18:45:00,Daylight,110,188,No,Other,Normal,3+Vehicles-Chain,Autoroute A9,M,42.965941100538096,2.9652141233029674
201800006303,NonLethal,2018-03-09,04:10:00,NightNoStreetLight,110,144,No,NoIntersection,Normal,3+Vehicles-Multiple,"Autoroute A9, PK 216.000",M,42.89510560963472,2.8929383676448857
201800006304,NonLethal,2018-10-15,14:15:00,Daylight,110,262,No,NoIntersection,Normal,Other,Autoroute A9 - PK 188.42,M,43.17039338774654,3.170125538011263
201800006305,NonLethal,2018-11-21,07:26:00,NightNoStreetLight,110,24,No,NoIntersection,Normal,3+Vehicles-Multiple,Autoroute A9 - PK 197.50,M,43.12841700728435,2.127198710134869
201800006307,NonLethal,2018-01-18,01:42:00,NightNoStreetLight,450,67,No,NoIntersection,StrongWindOrStorm,Other,A10 PK 104+100 SENS PARI,M,47.89390000287992,1.8964833002618648
201800006308,NonLethal,2018-04-22,16:00:00,Daylight,280,2,No,NoIntersection,Normal,Other,A1O PK 65+5OO,M,48.18933065400343,1.1895173950583753
201800006309,Lethal,2018-06-13,08:40:00,Daylight,280,392,No,NoIntersection,Normal,NoCollision,A10 - PK 63.000 sens 2,M,48.23667002855549,1.236821313922808
201800006310,NonLethal,2018-04-08,16:53:00,Daylight,280,121,No,NoIntersection,Normal,Other,autoroute A10,M,48.12125191813748,1.120942224801042
201800006312,Lethal,2018-08-17,02:05:00,NightNoStreetLight,450,154,No,NoIntersection,Normal,Other,A10 - PK 86,M,47.99898858374375,1.9983051204985671
201800006313,NonLethal,2018-08-17,14:37:00,Daylight,450,75,No,NoIntersection,VeryGood,NoCollision,PK 099+980,M,47.88765846665587,1.8884696011167308
201800006314,Lethal,2018-08-20,05:45:00,NightStreelightsOn,450,154,No,Other,Normal,Other,autoroute A10 PK 89+805,M,47.98278066258335,1.9838863919886016
201800006315,Lethal,2018-09-04,05:30:00,NightNoStreetLight,280,392,No,NoIntersection,Normal,3+Vehicles-Multiple,"autoroute A10, P.K. 62+6",M,48.23458361809765,1.236373307592326
201800006316,NonLethal,2018-09-14,21:00:00,NightNoStreetLight,450,6,No,NoIntersection,Normal,3+Vehicles-Multiple,A71-PK 107+750,M,47.82583997236116,1.826309876902039
201800006317,NonLethal,2018-09-26,10:15:00,Daylight,450,146,No,NoIntersection,Normal,Other,Autoroute A71 PK 117+600,M,47.70964292391985,1.711103454794772
201800006318,NonLethal,2018-10-04,08:50:00,Daylight,450,232,No,NoIntersection,Normal,3+Vehicles-Multiple,Autoroute A71 PK 104+300,M,47.84995931256682,1.8545084405676369
201800006321,NonLethal,2018-12-07,03:40:00,NightStreelightsOn,730,304,No,NoIntersection,Normal,Other,entrée du tunnel de la d,M,45.468091493844206,6.468240628834954
201800006322,NonLethal,2018-01-17,12:25:00,Daylight,130,114,Yes,NoIntersection,Normal,2Vehicles-Side,26 route de Berre,M,43.5455583632374,5.547330928442927
201800006324,NonLethal,2018-03-06,20:10:00,Daylight,130,114,No,T-type,Normal,3+Vehicles-Multiple,route de berre,M,43.547415963422885,5.547171100518588
201800006325,NonLethal,2018-06-03,22:30:00,NightNoStreetLight,130,114,No,NoIntersection,LightRain,2Vehicles-BehindVehicles-Frontal,RD 65 PR 12+550,M,43.54320456174215,5.540969184470893
201800006326,NonLethal,2018-07-14,13:30:00,Daylight,130,114,No,NoIntersection,Normal,3+Vehicles-Chain,RD10,M,43.54652652778533,5.546257794010613
201800006327,NonLethal,2018-07-21,00:45:00,NightStreelightsOn,130,114,Yes,NoIntersection,Normal,2Vehicles-Behind,RD10,M,43.54953249979897,5.548055111471308
201800006328,NonLethal,2018-07-29,01:20:00,NightNoStreetLight,130,32,No,NoIntersection,Normal,Other,Route de Saint-Cannat,M,43.58584476135021,5.587811452673364
201800006331,Lethal,2018-02-11,20:35:00,NightNoStreetLight,130,114,No,NoIntersection,Normal,2Vehicles-BehindVehicles-Frontal,Route de Berre,M,43.54767706187352,5.547126347228952
201800006332,NonLethal,2018-02-14,13:35:00,Daylight,220,277,No,Y-type,Normal,2Vehicles-Side,les Pommiers,M,48.41379518775803,-0.4144004803251493
201800006333,NonLethal,2018-12-17,16:00:00,Daylight,560,75,No,NoIntersection,Normal,2Vehicles-Behind,RN 24 PR 4+927,M,47.92420869534928,-0.9239529154062704
201800006334,NonLethal,2018-01-20,04:50:00,NightNoStreetLight,210,86,No,NoIntersection,Normal,3+Vehicles-Chain,"autoroute A6, sens: LYON",M,46.97230769010608,4.973344777806829
201800006335,NonLethal,2018-03-14,00:05:00,NightNoStreetLight,210,590,No,NoIntersection,Normal,NoCollision,"Autouroute A6, sens PARI",M,47.06417204695823,4.0660781383280495
201800006337,NonLethal,2018-06-08,19:25:00,Daylight,210,22,No,NoIntersection,Normal,NoCollision,"Autoroute A36, sens BEAU",M,47.045210288226926,5.046228741941318
201800006339,NonLethal,2018-11-12,10:15:00,Daylight,210,517,No,NoIntersection,Normal,2Vehicles-Behind,"Autoroute A31, sens: Bea",M,47.11936775021849,4.119750097618912
201800006340,NonLethal,2018-11-25,18:45:00,NightNoStreetLight,210,590,No,NoIntersection,LightRain,2Vehicles-Side,"Autoroute A6, sens Paris",M,47.055989630641534,4.056400377864271
201800006342,NonLethal,2018-05-31,04:52:00,TwilightOrDawn,730,25,No,NoIntersection,Normal,Other,"autoroute A43, PK 70.600",M,45.56119758505198,5.562234031782698
201800006343,NonLethal,2018-01-07,15:00:00,Daylight,730,179,No,NoIntersection,Normal,3+Vehicles-Chain,a43,M,45.59114656122898,5.589706090649098
201800006344,NonLethal,2018-05-07,07:48:00,Daylight,730,104,No,NoIntersection,Normal,3+Vehicles-Chain,Autoroute A43,M,45.55839251614159,5.55748564983383
201800006345,NonLethal,2018-01-09,11:08:00,Daylight,730,184,No,NoIntersection,Overcast,3+Vehicles-Chain,A43 tunnel de l'épine ve,M,45.57862823249493,5.57682495687616
201800006346,NonLethal,2018-01-09,11:08:00,Daylight,730,184,No,NoIntersection,Overcast,3+Vehicles-Chain,A 43 tunnel de l'épine v,M,45.57983970650248,5.57935288150016
201800006347,NonLethal,2018-09-02,08:50:00,Daylight,730,65,No,NoIntersection,Normal,2Vehicles-Side,A41N,M,45.61176801962358,5.609902548632101
201800006349,NonLethal,2018-11-30,21:45:00,NightStreelightsOn,730,104,No,NoIntersection,Normal,Other,Autoroute A43,M,45.55663902950951,5.556203783796056
201800006350,NonLethal,2018-08-01,15:17:00,Daylight,380,118,No,Other,Normal,Other,A48,M,45.38479641115472,5.384490558745593
201800006351,NonLethal,2018-01-24,13:35:00,Daylight,380,565,No,NoIntersection,Normal,2Vehicles-Behind,A48,M,45.306499547837866,5.306005338229531
201800006352,NonLethal,2018-02-06,10:13:00,Daylight,380,170,No,NoIntersection,Normal,3+Vehicles-Chain,A 48,M,45.24678974990041,5.245346495553244
201800006354,NonLethal,2018-03-22,08:03:00,Daylight,380,565,No,Roundabout,Normal,2Vehicles-Side,Rond point de la poste,M,45.30738478598344,5.307039442907729
201800006355,NonLethal,2018-05-25,10:33:00,Daylight,380,464,No,NoIntersection,Normal,Other,A48 - PK 045+050,M,45.54032564934747,5.542055593744994