AccidentId,Gravity,Date,Hour,Light,Department,Commune,InAgglomeration,IntersectionType,Weather,CollisionType,PostalAddress,GPSCode,Latitude,Longitude
201800006356,NonLethal,2018-07-26,21:25:00,NightStreelightsOn,380,565,No,NoIntersection,Normal,Other,A48 PK 084+800 Sens GREN,M,45.28473619596093,5.283055228172691
201800006359,NonLethal,2018-12-06,08:25:00,Daylight,380,565,No,NoIntersection,HeavyRain,2Vehicles-Side,D520A,M,45.306316037816,5.306172667865536
201800006360,NonLethal,2018-03-19,00:30:00,NightNoStreetLight,550,117,No,Other,SnowOrHail,2Vehicles-Behind,AUTOROUTE A4 - PK 230.20,M,49.09323233818013,5.095212500323123
201800006361,NonLethal,2018-03-04,03:50:00,NightNoStreetLight,550,255,No,NoIntersection,LightRain,NoCollision,ROUTE DÉPARTEMENTALE 905,M,49.411384869336935,5.411756039423881
201800006362,NonLethal,2018-06-04,15:10:00,Daylight,550,567,No,NoIntersection,Normal,Other,Autoroute A4 - PK 235.40,M,49.08954920434866,5.086476620999741
201800006364,NonLethal,2018-07-25,15:00:00,Daylight,550,276,No,NoIntersection,Normal,NoCollision,AUTOROUTE A4 PK248.600,M,49.10647982739996,5.1093532129885615
201800006365,NonLethal,2018-08-29,06:50:00,Daylight,550,497,No,NoIntersection,Normal,NoCollision,Autoroute A4 PK 243.7OO,M,49.0946207366485,5.096013261210684
201800006366,NonLethal,2018-09-01,21:10:00,NightNoStreetLight,550,557,No,NoIntersection,Normal,NoCollision,SORTIE 32 AUTOROUTE A4,M,49.13066512308383,5.130398992795608
201800006368,NonLethal,2018-04-11,17:34:00,NightNoStreetLight,550,237,No,NoIntersection,Normal,NoCollision,autoroute A4 PK266.100,M,49.11852035044935,5.117554453597402
201800006369,NonLethal,2018-12-16,14:05:00,Daylight,550,557,No,NoIntersection,FogOrSmoke,2Vehicles-Behind,autoroute A4,M,49.12547264438938,5.127108775981309
201800006371,NonLethal,2018-01-17,15:25:00,Daylight,80,105,Yes,NoIntersection,Normal,Other,"16, DE GAULLE AVENUE",M,49.766578597379,4.76898381866644
201800006372,NonLethal,2018-01-18,07:40:00,NightStreelightsOn,80,105,Yes,NoIntersection,HeavyRain,Other,"SANS, HOTEL DE VILLE PLA",M,49.75221772418556,4.753497790138166
201800006373,NonLethal,2018-01-26,20:50:00,NightStreelightsOn,80,105,Yes,T-type,Normal,2Vehicles-BehindVehicles-Frontal,"SANS, WARCQ",M,49.76264704286847,4.763740936852858
201800006375,NonLethal,2018-04-08,21:50:00,NightStreelightsOn,80,105,Yes,NoIntersection,Normal,2Vehicles-Side,HALLALI,M,49.78594832927528,4.787458563295631
201800006376,NonLethal,2018-03-14,16:25:00,Daylight,80,105,Yes,T-type,Normal,Other,"28, 91EME R.I. (AVENUE E",M,49.75397242570096,4.753714799697805
201800006378,NonLethal,2018-04-19,13:05:00,Daylight,80,497,Yes,NoIntersection,Normal,Other,REPUBLIQUE RUE,M,49.767286501098255,4.768221997180466
201800006379,NonLethal,2018-03-15,11:43:00,Daylight,80,105,Yes,T-type,Normal,Other,"SANS, MANCHESTER (AVENUE",M,49.759988588720326,4.759709465468601
201800006380,NonLethal,2018-03-19,21:00:00,NightNoStreetLight,80,480,No,NoIntersection,HeavyRain,2Vehicles-Behind,A34,M,49.73431458242325,4.73459250125046
201800006381,NonLethal,2018-03-25,00:49:00,NightStreelightsOn,80,105,Yes,NoIntersection,Normal,Other,"12, AURIOL PRESIDENT (AV",M,49.75564182404673,4.753450189921518
201800006382,NonLethal,2018-05-17,19:50:00,Daylight,80,105,No,Other,Normal,Other,RN 43,M,49.75472424741797,4.753400772588936
201800006383,NonLethal,2018-05-28,08:15:00,Daylight,80,105,Yes,NoIntersection,Normal,Other,CAQUOT ALBERT (RUE),M,49.75413491136661,4.752179132880889
201800006385,NonLethal,2018-06-27,11:40:00,Daylight,80,105,Yes,NoIntersection,Normal,2Vehicles-Behind,TIRMAN L.,M,49.76218484263126,4.76118846238363
201800006386,NonLethal,2018-08-07,16:00:00,Daylight,80,105,Yes,NoIntersection,Normal,Other,WARCQ,M,49.76406939470043,4.764147415926221
201800006387,NonLethal,2018-07-13,17:30:00,Daylight,80,497,Yes,NoIntersection,Normal,Other,PIERQUIN L. BOULEVARD,M,49.77638553101298,4.77644582277867
201800006388,NonLethal,2018-07-16,12:50:00,Daylight,80,105,Yes,NoIntersection,Normal,2Vehicles-Side,WARCQ,M,49.7629734097481,4.761409087066938
201800006390,NonLethal,2018-11-08,17:20:00,Daylight,80,105,Yes,NoIntersection,Normal,2Vehicles-Side,FERROUL,M,49.746130669650185,4.746088776872673
201800006392,NonLethal,2018-08-31,18:45:00,Daylight,80,105,Yes,NoIntersection,Normal,Other,FERROUL,M,49.74544102020576,4.745097803883113
201800006393,NonLethal,2018-09-26,16:40:00,Daylight,80,105,Yes,NoIntersection,Normal,Other,LOUTIL MONSEIGNEUR,M,49.74963299892196,4.749184172754937
201800006394,NonLethal,2018-09-26,18:10:00,Daylight,80,105,Yes,T-type,VeryGood,2Vehicles-Side,BOURGEOIS LEON (AVENUE),M,49.755733942489535,4.756138098441458
201800006395,NonLethal,2018-09-29,19:56:00,Daylight,80,105,Yes,NoIntersection,Normal,2Vehicles-Behind,LECLERC AVENUE,M,49.76754508549077,4.766550167636368
201800006396,NonLethal,2018-05-10,16:47:00,Daylight,80,105,Yes,NoIntersection,Normal,Other,MOHON PLACE,M,49.752671850965534,4.75209659309916
201800006397,Lethal,2018-11-30,17:48:00,NightNoStreetLight,80,480,Yes,NoIntersection,Overcast,Other,JAURES J. AVENUE,M,49.7412268653292,4.740978781453534
201800006398,Lethal,2018-12-13,15:35:00,Daylight,80,105,Yes,NoIntersection,Normal,Other,VAILLANT J.P.,M,49.757037371238646,4.758132535901212
201800006399,NonLethal,2018-12-14,19:40:00,NightStreelightsOn,80,480,No,NoIntersection,Normal,Other,RD 764 BIS,M,49.53374338750737,4.534155623369526
201800006401,NonLethal,2018-12-22,13:30:00,Daylight,80,105,Yes,T-type,HeavyRain,Other,MARTYRS DE LA RESISTANCE,M,49.75958019821485,4.758768283678058
201800006402,NonLethal,2018-12-29,17:10:00,NightStreelightsOn,80,105,Yes,NoIntersection,LightRain,Other,65 ARCHES (AVENUE),M,49.75984296499257,4.761095519714542
201800006403,NonLethal,2018-12-24,18:50:00,NightStreelightsOn,80,105,Yes,NoIntersection,LightRain,Other,ARCHES (AVENUE),M,49.7654112258951,4.765141466406854
201800006404,Lethal,2018-01-05,15:15:00,Daylight,240,133,No,NoIntersection,LightRain,2Vehicles-BehindVehicles-Frontal,RN 21,M,45.56447534341079,9.56466942667642
201800006405,Lethal,2018-04-30,12:45:00,Daylight,240,227,No,NoIntersection,LightRain,3+Vehicles-Multiple,le Pont S,M,45.38022735666999,1.3805377263332466
201800006406,Lethal,2018-12-09,12:15:00,Daylight,240,253,No,NoIntersection,Normal,2Vehicles-BehindVehicles-Frontal,D939,M,45.42748350032807,5.427062397192097
201800006407,NonLethal,2018-11-14,23:00:00,NightNoStreetLight,220,158,No,X-type,Normal,Other,RN 164 - Point kilomètri,M,48.20643580938157,-0.208620474281928
201800006408,Lethal,2018-01-20,22:40:00,NightNoStreetLight,140,301,No,NoIntersection,Normal,Other,"AUTOROUTE A13, PK 220+60",M,49.169194423414496,-0.1677582169491442
201800006409,NonLethal,2018-02-13,06:15:00,NightNoStreetLight,140,555,No,NoIntersection,Normal,2Vehicles-Behind,A13 - PK 173+200,M,49.30984123467356,3.310080883557395
201800006410,NonLethal,2018-06-23,19:00:00,Daylight,140,55,No,Y-type,Normal,2Vehicles-Behind,A13 - PK189+000,M,49.25875947339592,1.2585874770679484
201800006411,NonLethal,2018-08-16,09:25:00,Daylight,140,528,No,NoIntersection,Normal,NoCollision,"péage, sens CAEN - LE HA",M,49.32411330140943,3.323862782504225
201800006412,NonLethal,2018-08-21,14:30:00,Daylight,140,301,No,NoIntersection,Normal,3+Vehicles-Chain,A13 - PK 221+100,M,49.1681429120948,-0.1675560009898387
201800006413,NonLethal,2018-09-11,11:39:00,Daylight,140,563,No,NoIntersection,Normal,3+Vehicles-Multiple,A29 PK 002+300,M,49.32702974902271,2.328534964886729
201800006414,NonLethal,2018-10-22,18:00:00,Daylight,140,301,No,NoIntersection,Normal,3+Vehicles-Chain,"autoroute A13, PK 220+60",M,49.16885128870557,-0.1657480626170095
201800006417,NonLethal,2018-11-26,21:00:00,NightNoStreetLight,140,301,No,NoIntersection,Normal,3+Vehicles-Chain,A13 PK 221.000,M,49.16600988108602,-0.1667407481118522
201800006418,NonLethal,2018-01-27,14:00:00,Daylight,130,38,No,NoIntersection,LightRain,Other,RD 33,M,,
201800006420,NonLethal,2018-09-04,01:50:00,NightNoStreetLight,130,11,No,NoIntersection,Normal,Other,D5,M,43.738843131002525,4.738810044406577
201800006421,NonLethal,2018-04-14,05:15:00,NightNoStreetLight,130,11,No,NoIntersection,LightRain,Other,D27 domaine de Manville,M,43.73141165577862,4.73155354521818
201800006422,NonLethal,2018-06-02,15:15:00,Daylight,130,58,No,NoIntersection,Normal,NoCollision,Route Départementale 27,M,43.72345806556117,4.724023023156683
201800006423,NonLethal,2018-06-24,09:45:00,Daylight,130,38,No,NoIntersection,Normal,3+Vehicles-Chain,D17 Quartier Clapier,M,43.72576554513245,4.725247913607696
201800006425,NonLethal,2018-07-26,18:30:00,Daylight,130,38,No,NoIntersection,Normal,NoCollision,D17 PR 10,M,43.72629844722869,4.724578546897907
201800006427,Lethal,2018-03-04,16:14:00,Daylight,440,47,No,X-type,Normal,2Vehicles-Side,D101,M,47.2439707317235,-0.2433873784639061
201800006428,NonLethal,2018-09-14,20:44:00,NightNoStreetLight,440,203,No,NoIntersection,Normal,2Vehicles-BehindVehicles-Frontal,D49 Rue Louis Girard,M,47.32627681716144,-0.3237214994610509
201800006429,Lethal,2018-05-07,10:17:00,Daylight,720,240,Yes,NoIntersection,Normal,2Vehicles-Side,32 rue des coteaux,M,47.76345315341417,6.764722685642035
201800006431,Lethal,2018-11-16,16:38:00,TwilightOrDawn,720,204,No,NoIntersection,FogOrSmoke,3+Vehicles-Multiple,D357,M,47.93805825395147,6.935790058769604
201800006432,NonLethal,2018-02-15,17:56:00,NightNoStreetLight,270,378,No,NoIntersection,LightRain,3+Vehicles-Chain,RN 12,M,48.76818676619952,1.7658410778019724
201800006433,NonLethal,2018-03-01,16:38:00,Daylight,270,2,Yes,T-type,LightRain,2Vehicles-Side,route de Paris,M,48.7720866764399,1.771918592804801
201800006434,NonLethal,2018-05-28,15:10:00,Daylight,270,481,No,NoIntersection,HeavyRain,2Vehicles-BehindVehicles-Frontal,N12 - PK 029.600,M,48.718939752621466,8.717906791479132
201800006437,NonLethal,2018-10-03,19:10:00,TwilightOrDawn,270,108,No,NoIntersection,Normal,3+Vehicles-Chain,RD926,M,48.746572410603584,8.747469797952395
201800006439,NonLethal,2018-09-03,15:37:00,Daylight,690,27,Yes,NoIntersection,Normal,Other,14 rue ferdinand Gaillar,M,45.676246620396505,4.677131258222462
201800006440,NonLethal,2018-04-13,11:10:00,Daylight,690,27,No,Other,Normal,2Vehicles-Side,route de soucieu,M,45.67163538044007,4.673245755775521
201800006441,NonLethal,2018-05-19,09:40:00,Daylight,690,43,Yes,NoIntersection,VeryGood,2Vehicles-Side,54 route de brignais,M,45.70749734622026,4.710488095454921
201800006442,NonLethal,2018-06-15,18:30:00,Daylight,690,27,Yes,Other,Normal,Other,2 chemin de la lande,M,45.6812962778394,4.683695505333797
201800006443,NonLethal,2018-04-07,23:00:00,NightNoStreetLight,690,43,No,NoIntersection,LightRain,2Vehicles-BehindVehicles-Frontal,58 route des aqueducs,M,45.72291245373484,4.725125253018211
201800006444,NonLethal,2018-06-28,18:20:00,Daylight,690,27,Yes,NoIntersection,Normal,2Vehicles-Side,6 rue mère Elise Rivet,M,45.6763155352597,4.675511138869941
201800006445,NonLethal,2018-07-04,16:30:00,Daylight,690,43,Yes,NoIntersection,Normal,2Vehicles-Side,boulevard reydellet,M,45.70482463745946,4.704170983295098
201800006446,NonLethal,2018-09-13,17:20:00,Daylight,690,27,No,NoIntersection,Normal,3+Vehicles-Multiple,44 route de brignais,M,45.70937974789041,4.709827974881676
201800006447,NonLethal,2018-09-25,06:05:00,NightStreelightsOn,690,27,Yes,NoIntersection,Normal,NoCollision,41 rue mère élise rivet,M,45.67884406747045,4.679226715815348
201800006448,NonLethal,2018-10-03,04:30:00,NightStreelightsOn,690,268,Yes,Roundabout,Normal,NoCollision,avenue du Général Brosse,M,45.6548146040875,4.653330649442073
201800006449,NonLethal,2018-09-28,10:15:00,Daylight,690,27,No,NoIntersection,Normal,2Vehicles-BehindVehicles-Frontal,route de soucieu - D25,M,45.67294308523064,4.671895702413129
201800006450,NonLethal,2018-12-13,05:30:00,NightStreelightsOn,690,43,Yes,NoIntersection,Normal,2Vehicles-BehindVehicles-Frontal,29 boulevard Pierre Phil,M,45.70575664994884,4.706277960907041
201800006452,NonLethal,2018-06-20,08:20:00,Daylight,690,44,Yes,NoIntersection,Normal,Other,Intersection route de Pa,M,45.78948874004725,4.789834967223511
201800006453,NonLethal,2018-07-25,08:33:00,Daylight,690,116,Yes,Roundabout,Normal,2Vehicles-Side,,M,45.83138684579901,4.830640448038912
201800006454,NonLethal,2018-11-06,09:05:00,Daylight,690,72,No,NoIntersection,Normal,Other,"81, Ancienne nationale 7",M,45.81070204128835,4.808975664176201
201800006455,NonLethal,2018-12-18,11:05:00,Daylight,690,143,Yes,Square,Normal,Other,avenue carnot,M,45.88277511935829,4.882415944237143
201800006456,NonLethal,2018-04-10,14:45:00,Daylight,860,30,No,NoIntersection,Normal,3+Vehicles-Multiple,D347 -  PR OO9.OOO,M,46.71843486746512,2.7193341648897
201800006457,NonLethal,2018-07-04,18:00:00,Daylight,860,62,No,NoIntersection,Normal,2Vehicles-Side,RD 910,M,46.65184493345832,3.651608810179803
201800006458,NonLethal,2018-01-24,09:35:00,Daylight,340,172,No,Other,Normal,3+Vehicles-Chain,A709 PK 11+900,M,43.6016933126489,3.5999686338068804
201800006459,NonLethal,2018-04-02,11:30:00,Daylight,340,172,Yes,NoIntersection,Normal,3+Vehicles-Chain,A7O9,M,43.5790627349563,3.578387839951914
201800006460,NonLethal,2018-02-20,15:00:00,Daylight,340,135,No,NoIntersection,Normal,Other,A9,M,43.268079778847486,3.2682373961830278
201800006461,NonLethal,2018-02-28,10:45:00,Daylight,340,113,No,NoIntersection,SnowOrHail,2Vehicles-Side,autoroute A9 PK 118.000,M,43.495350258367154,3.495818889922681
201800006462,NonLethal,2018-03-22,16:00:00,Daylight,340,101,No,NoIntersection,Normal,2Vehicles-Behind,autoroute A9 pk146+300,M,43.39418672523483,3.3927307552100983
201800006463,NonLethal,2018-04-24,17:25:00,Daylight,340,172,No,NoIntersection,Normal,Other,A.709 - PK 13.900 - Sens,M,43.59048526451261,3.590943332754191
201800006464,NonLethal,2018-06-24,10:50:00,Daylight,340,166,No,NoIntersection,Normal,Other,Aire d'autoroute BEZIERS,M,43.36084555648452,3.359711612365626
201800006465,NonLethal,2018-06-25,16:00:00,Daylight,340,172,No,NoIntersection,Normal,3+Vehicles-Chain,autoroute A709,M,43.57786076987836,3.576953071158484
201800006466,NonLethal,2018-06-29,08:45:00,Daylight,340,172,No,NoIntersection,Normal,3+Vehicles-Chain,A709 PK 13+600,M,43.57309517122092,3.57459529281166
201800006467,NonLethal,2018-05-07,01:15:00,NightNoStreetLight,340,101,No,Other,Normal,2Vehicles-Behind,PK 144+670 - SENS SUD,M,43.38902973321205,3.3877087497576106
201800006468,NonLethal,2018-07-15,10:19:00,Daylight,340,157,No,NoIntersection,VeryGood,2Vehicles-Behind,Autoroute A9,M,43.43665716046124,3.4359879948255543
201800006469,Lethal,2018-07-18,01:15:00,NightNoStreetLight,340,101,No,NoIntersection,Normal,Other,A9 PK l45.300,M,43.39304337948236,3.393657057226764
201800006470,Lethal,2018-08-08,01:15:00,NightNoStreetLight,340,101,No,NoIntersection,Normal,Other,Autoroute A9 PK 145+068,M,43.39408442881085,3.394502513703056
201800006471,NonLethal,2018-11-08,01:15:00,NightNoStreetLight,340,270,No,NoIntersection,Normal,2Vehicles-BehindVehicles-Frontal,A709 bretelle de St Jean,M,43.57404446450121,3.575838666999805
201800006472,NonLethal,2018-09-13,11:01:00,Daylight,340,203,No,NoIntersection,Normal,2Vehicles-BehindVehicles-Frontal,A9 point kilométrique 14,M,43.40918864768211,3.410203697802553
201800006473,Lethal,2018-10-14,21:57:00,NightNoStreetLight,340,157,No,NoIntersection,StrongWindOrStorm,Other,"A9, PK 136+753, sens 1",M,43.43459215664821,3.4378890515548086
201800006474,NonLethal,2018-02-11,04:00:00,NightNoStreetLight,340,135,No,NoIntersection,Normal,Other,Autoroute A9,M,43.26644579252804,3.2685601355796363
201800006475,NonLethal,2018-11-04,01:45:00,NightNoStreetLight,340,172,No,NoIntersection,Normal,2Vehicles-Behind,Autoroute A709 PK 012.37,M,43.61930673686891,3.6181333746041338
201800006476,Lethal,2018-11-07,22:42:00,NightNoStreetLight,340,113,No,NoIntersection,LightRain,2Vehicles-BehindVehicles-Frontal,A9 PK 119+200 sens nord,M,43.49512784153208,3.494834676831944
201800006477,NonLethal,2018-11-28,07:30:00,NightNoStreetLight,340,336,No,NoIntersection,Normal,NoCollision,A9 - PK 161+600,M,43.32486966603831,3.3228216484732336
201800006478,Lethal,2018-12-20,00:30:00,NightNoStreetLight,340,166,No,NoIntersection,Normal,Other,pk 155 autoroute A9,M,43.36066233700122,3.3625633264973263
201800006480,NonLethal,2018-12-29,16:45:00,Daylight,340,172,No,NoIntersection,Normal,3+Vehicles-Chain,"Autoroute A709, échangeu",M,43.60453625383254,3.6043108094712246
201800006481,NonLethal,2018-06-14,10:45:00,Daylight,330,452,No,Other,Normal,Other,A62 PK 17+486 réel,M,44.64521049594217,-0.6460373352600381
201800006482,NonLethal,2018-06-17,19:17:00,Daylight,330,343,No,NoIntersection,Normal,3+Vehicles-Chain,A62 PK 26+940 sens Borde,M,44.58634030859615,-0.5856236587259277
201800006485,Lethal,2018-09-22,23:45:00,NightNoStreetLight,330,205,No,NoIntersection,Normal,3+Vehicles-Multiple,A62 - PK 026.300,M,44.58935326404117,-0.5906577683329363
201800006487,NonLethal,2018-01-13,11:35:00,Daylight,310,254,Yes,NoIntersection,Normal,Other,la pyreneenne,M,43.5496341527894,1.548830502616577
201800006489,NonLethal,2018-04-28,20:05:00,Daylight,310,506,Yes,T-type,Normal,2Vehicles-Behind,3 avenue de Gameville,M,43.55444124243268,1.5548579167247485
201800006490,Lethal,2018-04-30,16:15:00,Daylight,310,254,Yes,Roundabout,Normal,Other,ROUTE DE BAZIEGE,M,43.52876536033391,1.5250519837031733
201800006491,NonLethal,2018-06-28,08:45:00,Daylight,310,169,No,NoIntersection,Normal,2Vehicles-Side,CD916,M,43.517449859762806,1.5193558752587566
201800006492,NonLethal,2018-07-13,14:30:00,Daylight,310,506,Yes,T-type,Normal,2Vehicles-Side,Intersection route de Ba,M,46.36224432726578,2.3632228217111235
201800006493,NonLethal,2018-07-19,17:30:00,Daylight,310,506,No,NoIntersection,Normal,2Vehicles-BehindVehicles-Frontal,Route de Quint,M,43.5704983375785,1.5709680657612235
201800006494,NonLethal,2018-10-10,16:30:00,Daylight,310,254,Yes,T-type,Normal,3+Vehicles-Multiple,Rue Jean Rostand,M,43.54487786423029,1.5442977094629624
201800006495,NonLethal,2018-11-24,04:10:00,NightStreelightsOn,310,506,Yes,T-type,Normal,Other,Croisement D57 et D54,M,43.56703664976917,1.5681198576573494
201800006496,NonLethal,2018-12-04,18:55:00,NightStreelightsOn,310,506,Yes,NoIntersection,Overcast,Other,38 avenue de gameville,M,43.552151275086366,1.552956878188267
201800006497,NonLethal,2018-01-08,05:31:00,TwilightOrDawn,260,347,No,NoIntersection,Normal,2Vehicles-BehindVehicles-Frontal,RN 7,M,,
201800006499,NonLethal,2018-08-07,00:20:00,NightNoStreetLight,630,126,No,NoIntersection,Normal,Other,A75 - pk 10+800 sens Nor,M,,
201800006500,NonLethal,2018-09-23,21:35:00,NightNoStreetLight,630,272,No,NoIntersection,Normal,Other,"Autoroute A75, PR 004+70",M,45.73509225997087,3.736162329673552
201800006501,NonLethal,2018-12-18,09:45:00,Daylight,630,302,No,NoIntersection,Normal,3+Vehicles-Chain,autoroute A75 - pk 6+350,M,45.71169619037425,3.713706955754304
201800006502,NonLethal,2018-07-27,01:44:00,NightStreelightsOff,640,102,No,NoIntersection,Normal,Other,A.63,M,43.49003629915706,-0.4878170908905727
201800006504,NonLethal,2018-09-25,18:00:00,Daylight,640,102,No,NoIntersection,Normal,2Vehicles-Behind,A63,M,43.48823754247499,-0.4900093925321438
201800006505,NonLethal,2018-10-30,11:35:00,Daylight,400,312,No,NoIntersection,Normal,3+Vehicles-Chain,PK 166.500 - A.63 sens F,M,43.52966882771521,-0.5274174548181878
201800006506,NonLethal,2018-04-01,08:20:00,NightStreelightsOn,80,409,Yes,NoIntersection,HeavyRain,Other,PHILIPPOTEAUX (AVENUE),M,49.6468301918188,4.649812823486321
201800006507,NonLethal,2018-03-06,13:25:00,Daylight,80,409,No,NoIntersection,Normal,3+Vehicles-Multiple,A203,M,49.69118171547663,4.690565894233903
201800006508,NonLethal,2018-04-08,08:40:00,Daylight,80,174,Yes,NoIntersection,Normal,2Vehicles-BehindVehicles-Frontal,DE GAULLE (RUE CHARLES),M,49.71332945973992,4.713397407169981
201800006509,NonLethal,2018-06-20,18:35:00,Daylight,80,174,Yes,NoIntersection,Normal,2Vehicles-Side,SAINT-MENGES (ROUTE DE),M,44.56685666815618,6.566177133207824
201800006511,NonLethal,2018-11-09,19:50:00,NightStreelightsOn,80,409,Yes,NoIntersection,Normal,Other,MARNE (AVENUE DE LA),M,49.6964272500379,4.697507890946875
201800006512,NonLethal,2018-06-26,14:00:00,Daylight,60,88,Yes,T-type,Normal,2Vehicles-Side,Zone côté piste aéroport,M,43.66280116110507,7.66327712610439
201800006513,Lethal,2018-03-13,18:13:00,Daylight,510,278,No,Other,Overcast,2Vehicles-Behind,A4,M,49.05923104156401,4.062069609908579
201800006515,NonLethal,2018-07-23,00:08:00,NightNoStreetLight,510,61,No,NoIntersection,Normal,3+Vehicles-Chain,A4,M,49.10153682860896,4.102368135988179
201800006517,NonLethal,2018-09-30,16:05:00,Daylight,510,454,No,NoIntersection,Normal,NoCollision,A26,M,49.29782214605073,3.299323656555471
201800006518,NonLethal,2018-10-08,17:50:00,Daylight,510,61,No,NoIntersection,Normal,Other,A4,M,49.10148664430552,4.103021021613425
201800006519,NonLethal,2018-08-10,13:35:00,Daylight,510,657,No,NoIntersection,Normal,2Vehicles-Behind,A4,M,49.24484069119228,3.245116649744145
201800006520,NonLethal,2018-09-27,18:45:00,Daylight,510,172,No,NoIntersection,Normal,Other,A4,M,49.20796088175533,4.209979440133155
201800006521,Lethal,2018-11-19,14:29:00,Daylight,510,278,No,NoIntersection,Normal,NoCollision,A4,M,49.05751154667008,4.056307066354906
201800006523,NonLethal,2018-12-19,08:30:00,Daylight,510,536,No,NoIntersection,Normal,Other,A4,M,49.19105519496945,4.189564086477879
201800006524,NonLethal,2018-01-20,10:20:00,Daylight,910,105,Yes,Roundabout,LightRain,Other,rond point du buisson ro,M,48.56606096243459,2.568963027496287
201800006525,NonLethal,2018-10-26,20:45:00,NightStreelightsOn,910,105,Yes,NoIntersection,LightRain,NoCollision,22 bis route de st chéro,M,48.570335874437504,2.569847028439687
201800006529,NonLethal,2018-03-28,15:35:00,Daylight,70,129,No,NoIntersection,Normal,3+Vehicles-Multiple,D533,M,44.98139918871218,4.9830579035107725
201800006530,NonLethal,2018-07-27,02:55:00,NightStreelightsOn,70,15,Yes,NoIntersection,Normal,2Vehicles-BehindVehicles-Frontal,D86,M,45.145522978132526,4.146643339324891
201800006531,NonLethal,2018-12-10,17:25:00,TwilightOrDawn,70,290,No,NoIntersection,Normal,NoCollision,d578,M,44.94420376008792,4.941787751328986
201800006532,NonLethal,2018-08-03,09:20:00,Daylight,380,485,Yes,NoIntersection,VeryGood,Other,157 Av. de la République,M,45.17081383789133,5.171147650722178
201800006533,NonLethal,2018-03-14,19:28:00,NightStreelightsOn,380,486,Yes,NoIntersection,Normal,2Vehicles-BehindVehicles-Frontal,102 rue de la Liberté,M,45.16290369934321,5.163351103203692
201800006534,NonLethal,2018-06-19,16:40:00,Daylight,380,486,Yes,NoIntersection,Normal,2Vehicles-Side,Rue du Drac,M,45.163707751851376,5.159955007832108
201800006535,NonLethal,2018-07-18,08:15:00,Daylight,380,486,Yes,Roundabout,Normal,2Vehicles-Side,Avenue Louis Vicat,M,45.15129787292145,5.151166353390604
201800006536,NonLethal,2018-08-21,17:20:00,Daylight,380,485,Yes,NoIntersection,Normal,Other,Parking 45 Av du vercors,M,45.1800172719738,5.1799620719129065
201800006538,NonLethal,2018-12-10,08:00:00,Daylight,380,486,Yes,NoIntersection,Normal,2Vehicles-Side,D6,M,45.16658879342263,5.164356158757833
201800006539,NonLethal,2018-11-02,02:30:00,NightStreelightsOn,380,485,Yes,NoIntersection,LightRain,Other,D1532,M,45.17991890679039,5.181062742505363
201800006540,NonLethal,2018-11-20,06:50:00,TwilightOrDawn,380,485,Yes,NoIntersection,LightRain,2Vehicles-Side,D6,M,45.17246868449028,5.173833458114064
201800006541,NonLethal,2018-01-28,11:00:00,Daylight,380,52,No,NoIntersection,Normal,3+Vehicles-Multiple,D 1091,M,45.11674626896089,5.116222345268544
201800006542,NonLethal,2018-04-03,15:00:00,Daylight,380,52,No,NoIntersection,Normal,2Vehicles-BehindVehicles-Frontal,RD1091,M,45.10722923170611,6.106692295601845
201800006543,NonLethal,2018-06-17,18:20:00,Daylight,380,5,No,NoIntersection,Normal,NoCollision,D526,M,45.21018288794115,6.211691464546566
201800006544,NonLethal,2018-06-17,09:15:00,Daylight,380,285,No,NoIntersection,Normal,NoCollision,Lieu dit Ponte des Oules,M,45.04242444247701,5.044041162500143
201800006545,NonLethal,2018-06-21,20:20:00,Daylight,380,52,Yes,NoIntersection,Normal,Other,parking Sarenne - Rue de,M,45.05550453511275,6.055891799658091
201800006546,NonLethal,2018-06-27,13:45:00,Daylight,380,212,No,NoIntersection,Normal,2Vehicles-BehindVehicles-Frontal,D1091 Route de l'Oisans,M,45.10594378953101,5.105701151130864
201800006547,NonLethal,2018-07-12,14:50:00,Daylight,380,52,No,NoIntersection,Normal,Other,RD 1091 - LA PAUTE,M,45.0744484088057,6.07192201344692
201800006548,NonLethal,2018-02-08,15:45:00,Daylight,380,52,No,NoIntersection,Normal,2Vehicles-BehindVehicles-Frontal,D1091 Rochetaillée,M,45.115244176030046,6.113027064408143
201800006549,NonLethal,2018-12-08,17:30:00,Daylight,380,52,Yes,NoIntersection,Normal,2Vehicles-Side,D1091 Rochetaillée,M,45.109163386918944,6.107907179842763
201800006550,NonLethal,2018-08-29,12:35:00,Daylight,380,52,Yes,NoIntersection,Normal,3+Vehicles-Chain,Dl09l,M,45.090924590971504,6.087845065361668