AccidentId,Gravity,Date,Hour,Light,Department,Commune,InAgglomeration,IntersectionType,Weather,CollisionType,PostalAddress,GPSCode,Latitude,Longitude
201800006551,NonLethal,2018-02-09,14:30:00,Daylight,380,5,No,NoIntersection,Normal,Other,D526 - Route des Cols,M,45.21170005696037,6.21061846411999
201800006552,NonLethal,2018-11-19,08:45:00,Daylight,380,173,No,NoIntersection,Normal,Other,RD 1091,M,45.04052240710348,6.042146256449253
201800006553,NonLethal,2018-01-05,19:30:00,TwilightOrDawn,510,27,No,NoIntersection,Normal,Other,A4,M,49.05923218721278,4.058623705627159
201800006555,NonLethal,2018-07-29,17:08:00,Daylight,510,507,No,NoIntersection,Normal,NoCollision,A4,M,49.08592584917696,4.08464621929139
201800006556,NonLethal,2018-12-08,20:10:00,Daylight,510,588,No,NoIntersection,Normal,Other,A4,M,49.06448638735115,4.065296114196851
201800006558,NonLethal,2018-01-25,21:40:00,NightNoStreetLight,570,510,No,Y-type,HeavyRain,3+Vehicles-Multiple,Autoroute A.4,M,49.12918194221184,6.129633813656728
201800006560,NonLethal,2018-06-06,22:50:00,NightStreelightsOn,570,227,No,NoIntersection,LightRain,2Vehicles-Side,A320 PK6+700,M,49.185994106687055,6.1838170560395325
201800006561,NonLethal,2018-07-14,16:45:00,Daylight,570,28,No,NoIntersection,Normal,NoCollision,A4 - PK 319 + 500 - sens,M,49.185367165662754,6.186271250449232
201800006563,NonLethal,2018-10-09,07:50:00,Daylight,570,762,No,NoIntersection,Normal,Other,autoroute A4 - PK 351.39,M,49.13605873730884,6.136281756403024
201800006564,NonLethal,2018-09-21,13:55:00,Daylight,570,28,No,NoIntersection,LightRain,NoCollision,A4 PK 3l9 + 700,M,49.196223707988935,6.198394527519293
201800006565,NonLethal,2018-11-12,17:30:00,NightNoStreetLight,570,606,No,NoIntersection,Normal,3+Vehicles-Chain,A4 - PR 360 - Sens STRAS,M,49.13452442295937,6.1354520456782495
201800006566,NonLethal,2018-12-13,17:45:00,NightNoStreetLight,570,208,No,NoIntersection,Normal,2Vehicles-Behind,Autoroute A4 - PK 377,M,49.0847189999941,6.08473155822085
201800006567,Lethal,2018-08-02,13:52:00,Daylight,860,160,Yes,NoIntersection,Normal,Other,rue gilbert  landry,M,46.79047178912477,1.7906191416117676
201800006568,NonLethal,2018-05-05,10:30:00,Daylight,860,280,No,NoIntersection,Normal,3+Vehicles-Chain,A 1O,M,46.93663439232672,5.936190992136318
201800006569,NonLethal,2018-05-23,16:45:00,Daylight,860,66,No,NoIntersection,Normal,2Vehicles-Behind,autoroute A10 PK 274.500,M,46.82239434249505,5.822458305336701
201800006570,NonLethal,2018-06-06,10:45:00,Daylight,860,7,No,NoIntersection,HeavyRain,Other,autoroute A10 PK 264+000,M,46.8862864964067,5.884257040302785
201800006571,NonLethal,2018-07-20,19:07:00,Daylight,860,19,No,NoIntersection,Normal,3+Vehicles-Multiple,AUTOROUTE A10 - PK 285+3,M,46.74641675893681,4.748947629483255
201800006572,Lethal,2018-07-27,05:05:00,NightNoStreetLight,860,115,No,NoIntersection,Normal,2Vehicles-Behind,Autoroute A10 PK 290+768,M,46.69403121500495,3.69442658416358
201800006573,NonLethal,2018-08-29,11:20:00,Daylight,860,81,No,NoIntersection,Overcast,NoCollision,Les mottes,M,46.79136517153518,4.794122992081159
201800006575,NonLethal,2018-10-17,15:20:00,Daylight,860,154,No,X-type,Normal,2Vehicles-Side,intersection route de ma,M,46.80749885995655,8.804872084097246
201800006576,NonLethal,2018-10-20,16:00:00,Daylight,860,66,No,Other,VeryGood,2Vehicles-Side,A10,M,46.77440571704396,4.775911578723875
201800006577,NonLethal,2018-12-14,16:48:00,TwilightOrDawn,860,158,No,NoIntersection,Overcast,Other,PK 299+000,M,46.64493044479092,3.645857270856825
201800006578,NonLethal,2018-06-13,14:50:00,Daylight,790,80,No,NoIntersection,Normal,3+Vehicles-Multiple,,M,46.67374238790717,-0.673289296044319
201800006580,Lethal,2018-05-04,18:45:00,Daylight,360,63,No,NoIntersection,Normal,2Vehicles-Behind,,M,46.83695203714182,1.8375761095967345
201800006581,NonLethal,2018-06-22,15:45:00,Daylight,360,26,No,NoIntersection,Normal,Other,,M,46.90574049650788,1.906424689324544
201800006582,NonLethal,2018-07-13,16:20:00,Daylight,360,122,No,NoIntersection,Normal,NoCollision,,M,,
201800006583,NonLethal,2018-07-16,01:40:00,NightNoStreetLight,360,230,No,NoIntersection,Normal,2Vehicles-Behind,,M,47.07874546889836,1.0794217876527636
201800006584,Lethal,2018-07-30,05:30:00,TwilightOrDawn,360,202,No,NoIntersection,Normal,NoCollision,,M,46.76242205981804,1.7599704385950588
201800006585,NonLethal,2018-11-29,10:15:00,Daylight,360,202,No,NoIntersection,Overcast,2Vehicles-Side,,M,46.791611150205526,1.7925280075350942
201800006586,Lethal,2018-01-25,10:40:00,Daylight,370,223,No,NoIntersection,HeavyRain,2Vehicles-BehindVehicles-Frontal,RD 749 point kilométriqu,M,47.52395613538448,2.5238448887672185
201800006588,NonLethal,2018-02-27,16:14:00,Daylight,370,167,Yes,Y-type,Normal,2Vehicles-Side,avenue de la liberation,M,47.54632634256868,5.548813479546283
201800006589,NonLethal,2018-11-06,09:05:00,Daylight,370,25,No,NoIntersection,LightRain,NoCollision,RD 88,M,47.35453914525275,5.355554067351789
201800006590,NonLethal,2018-11-28,20:25:00,NightNoStreetLight,370,98,No,X-type,Normal,2Vehicles-Side,RD 910,M,47.06953403799826,6.067627494730608
201800006591,Lethal,2018-04-24,15:30:00,Daylight,370,228,Yes,NoIntersection,Normal,Other,2 avenue saint vincent,M,47.28462726284461,1.2842924099466215
201800006592,NonLethal,2018-02-22,10:10:00,Daylight,490,222,No,NoIntersection,LightRain,NoCollision,A87,M,47.35019663583565,-0.3509636808101777
201800006593,NonLethal,2018-05-03,15:20:00,Daylight,490,68,No,NoIntersection,Normal,2Vehicles-Behind,A.11 - PK 293+300,M,47.43352648581254,-0.433718051135651
201800006594,NonLethal,2018-05-22,14:40:00,Daylight,490,129,No,Y-type,Normal,Other,A11 SENS 2,M,47.49976924506572,-0.5037815096115051
201800006595,NonLethal,2018-07-09,11:59:00,Daylight,490,242,No,NoIntersection,Normal,2Vehicles-Behind,D775 pk 005.300,M,47.5488971727919,-0.5469998405103861
201800006596,NonLethal,2018-07-15,07:25:00,Daylight,490,68,No,NoIntersection,Normal,2Vehicles-Side,A11 - PK 294.000,M,47.43291314994986,-0.4326729943366469
201800006597,NonLethal,2018-07-19,23:15:00,NightNoStreetLight,490,68,No,NoIntersection,Normal,Other,A 11 PK 289.500,M,47.43241790081807,-0.4315640785993055
201800006598,NonLethal,2018-07-20,16:30:00,Daylight,490,265,No,NoIntersection,Normal,Other,RD751,M,47.34478292308349,-0.3430154695680928
201800006599,NonLethal,2018-07-10,10:30:00,Daylight,490,308,No,NoIntersection,Normal,Other,D748,M,47.399548228309655,-0.4005917779541792
201800006600,NonLethal,2018-10-22,18:30:00,Daylight,490,68,No,NoIntersection,Normal,NoCollision,A11 PK 287+000,M,47.43245031294789,-0.43223307724255
201800006601,NonLethal,2018-11-07,15:10:00,Daylight,490,298,No,NoIntersection,LightRain,NoCollision,Autoroute A.11,M,47.45962952809884,-0.4602274862372545
201800006603,NonLethal,2018-05-26,14:35:00,Daylight,20,521,No,NoIntersection,Normal,2Vehicles-Behind,Autoroute A4 PK 68+624,M,49.035645330873926,3.033945192221484
201800006604,NonLethal,2018-08-16,17:35:00,Daylight,20,809,No,NoIntersection,Normal,2Vehicles-Behind,A4,M,49.160526763068354,3.1597671842476758
201800006605,NonLethal,2018-08-25,15:30:00,Daylight,20,85,No,NoIntersection,Normal,Other,autorute A4 PK 86+180 se,M,49.08015434732551,3.081485918223186
201800006606,Lethal,2018-11-30,18:15:00,NightNoStreetLight,20,280,No,NoIntersection,Normal,2Vehicles-Behind,Autoroute A4 PK 92+600 s,M,49.0991074774802,3.1013068148593748
201800006607,NonLethal,2018-12-28,11:10:00,Daylight,20,168,No,NoIntersection,FogOrSmoke,NoCollision,autoroute A4,M,49.07872669211055,3.077196354717526
201800006608,Lethal,2018-01-16,16:20:00,Daylight,60,150,No,NoIntersection,Normal,2Vehicles-BehindVehicles-Frontal,AUTOROUTE A500,M,43.7466218797196,7.745093869322316
201800006609,NonLethal,2018-01-23,04:30:00,NightNoStreetLight,60,88,No,NoIntersection,Normal,Other,"Autoroute A8 , PK 186.5O",M,43.71050557505881,7.713325524636823
201800006610,NonLethal,2018-02-13,14:40:00,Daylight,60,88,Yes,Other,Normal,2Vehicles-Behind,"PK 200.000 Nord, Autorou",M,43.73358882847859,7.732832268362353
201800006611,Lethal,2018-07-03,08:15:00,Daylight,60,149,No,NoIntersection,Normal,2Vehicles-Behind,autoroute A8 Pk 202.050,M,43.73079855618252,7.732039957955997
201800006612,NonLethal,2018-03-20,08:05:00,Daylight,60,59,No,NoIntersection,Normal,2Vehicles-Behind,A 500 Voie de péage sens,M,43.74535276677542,7.74398727570103
201800006614,NonLethal,2018-04-12,07:20:00,Daylight,60,88,No,NoIntersection,Normal,Other,A8 PK186+200 vers Italie,M,43.67169251979674,7.673494282434421
201800006615,NonLethal,2018-05-16,17:35:00,Daylight,60,88,No,NoIntersection,LightRain,2Vehicles-Behind,autoroute a8,M,43.72125127741292,7.720686841096877
201800006616,Lethal,2018-05-23,15:00:00,Daylight,60,113,No,NoIntersection,Normal,2Vehicles-Side,AUTOROUTE A8 PK219.680 C,M,43.79612156816172,7.795533906066538
201800006617,NonLethal,2018-06-15,06:50:00,Daylight,60,88,No,NoIntersection,Normal,NoCollision,"A8, péage de ST ISIDORE",M,43.7037106500687,7.705000400399564
201800006618,NonLethal,2018-06-24,21:56:00,NightNoStreetLight,60,149,No,NoIntersection,Normal,Other,Autoroute A8 PK 203.345,M,43.73608706834155,7.73482877363427
201800006619,NonLethal,2018-10-08,19:20:00,Daylight,60,104,No,NoIntersection,Normal,3+Vehicles-Multiple,"Autoroute A8, PK 214.170",M,43.76331095758778,7.762817875731383
201800006620,NonLethal,2018-08-24,06:00:00,TwilightOrDawn,60,88,No,NoIntersection,Normal,Other,A8 PK185.900 vers Italie,M,43.71171057377217,7.71251379728633
201800006621,NonLethal,2018-08-24,08:10:00,Daylight,60,149,No,Other,Normal,3+Vehicles-Multiple,A8,M,43.74088015412163,7.740004093517646
201800006622,NonLethal,2018-08-25,16:25:00,Daylight,60,149,No,NoIntersection,Normal,2Vehicles-Side,A8 PK 2O5+25O sens Itali,M,43.74377026918351,7.743259116153607
201800006625,NonLethal,2018-03-10,18:00:00,Daylight,60,88,No,NoIntersection,Normal,2Vehicles-Behind,Autoroute A8,M,43.71284118803576,7.7111601660674145
201800006626,NonLethal,2018-10-29,08:10:00,Daylight,60,88,No,NoIntersection,LightRain,2Vehicles-Behind,AUTOROUTE A8 PK 185+500,M,43.71187068562968,7.71148815246387
201800006627,NonLethal,2018-11-05,14:50:00,Daylight,60,104,No,NoIntersection,Overcast,Other,Autoroute A8 PK 214.174,M,43.76263847949627,7.763782237069077
201800006628,NonLethal,2018-11-06,06:40:00,TwilightOrDawn,60,88,No,NoIntersection,Other,Other,A8 - PK 185+800,M,43.66866457900582,7.669557920633275
201800006629,NonLethal,2018-09-11,08:25:00,Daylight,60,149,No,NoIntersection,LightRain,2Vehicles-Behind,A8 PK204 vers Nice,M,43.74289742219462,7.741672260876842
201800006630,NonLethal,2018-11-23,07:40:00,TwilightOrDawn,60,88,No,NoIntersection,LightRain,Other,Autoroute A8 PK 186.400,M,43.71143811589107,7.711452165317179
201800006631,NonLethal,2018-11-29,00:15:00,NightStreelightsOn,60,104,No,NoIntersection,Normal,2Vehicles-Behind,"autoroute A8, PK 214.700",M,43.76031655555068,7.759228293534927
201800006632,Lethal,2018-01-12,02:55:00,NightNoStreetLight,60,88,No,NoIntersection,Normal,Other,"Autoroute A8, péage de N",M,43.711650743503405,7.712949279601691
201800006633,NonLethal,2018-12-07,11:05:00,Daylight,60,123,No,NoIntersection,Normal,NoCollision,A8 pk 185.500 Nord,M,43.66760790455088,7.66557753935825
201800006634,NonLethal,2018-01-19,07:55:00,TwilightOrDawn,570,566,No,NoIntersection,Normal,Other,RN4,M,48.73975165266014,7.739430227640011
201800006635,Lethal,2018-01-29,14:25:00,Daylight,570,342,No,NoIntersection,Normal,3+Vehicles-Multiple,RN4,M,48.625932967858766,6.625284356393814
201800006636,NonLethal,2018-02-25,04:30:00,NightNoStreetLight,570,333,No,NoIntersection,Normal,Other,RN4 - PR 26+300 - vers s,M,48.73984965343132,7.737743674461229
201800006637,Lethal,2018-08-05,13:45:00,Daylight,670,201,No,NoIntersection,Normal,Other,autoroute A4 - PK 415+85,M,48.84241562877765,7.8437261288613955
201800006638,NonLethal,2018-05-08,14:30:00,Daylight,670,401,No,NoIntersection,Normal,Other,AUTOROUTE A4,M,48.92751730368517,7.926571653838986
201800006640,Lethal,2018-08-19,01:00:00,NightNoStreetLight,670,136,No,NoIntersection,Normal,3+Vehicles-Multiple,AUTOROUTE A4,M,48.86996240221017,7.872276140968073
201800006641,NonLethal,2018-08-21,18:15:00,Daylight,570,540,No,NoIntersection,Normal,Other,AUTOROUTE A4,M,48.77533314704053,7.774788464141045
201800006642,NonLethal,2018-11-16,23:50:00,NightNoStreetLight,670,234,No,NoIntersection,Normal,Other,A4 PR 401+144,M,48.96790224600228,7.968471527827209
201800006643,NonLethal,2018-11-13,21:45:00,NightNoStreetLight,570,614,No,NoIntersection,Normal,Other,"Pr 28+9OO, Rn4, sens PHA",M,48.75713828664969,7.757445268488778
201800006644,Lethal,2018-12-27,11:35:00,Daylight,570,342,No,NoIntersection,FogOrSmoke,Other,"N4, PR 002+600",M,48.64158653910833,6.640774984715396
201800006645,NonLethal,2018-03-21,08:16:00,Daylight,680,267,No,NoIntersection,Normal,2Vehicles-Behind,"Autoroute A36, PK 004.60",M,47.73690923986294,7.737763062700365
201800006646,Lethal,2018-04-07,09:36:00,Daylight,680,267,No,NoIntersection,Normal,3+Vehicles-Chain,Autoroute A.36 PK 02+350,M,47.74153691237743,7.73990375265251
201800006647,NonLethal,2018-06-08,11:09:00,Daylight,900,2,No,NoIntersection,Normal,2Vehicles-Behind,AUTOROUTE A36,M,47.69422017541876,7.696624875888542
201800006648,NonLethal,2018-09-08,08:45:00,Daylight,900,2,No,Other,Normal,Other,Aire d'ANGEOT PK020+500,M,47.69651696478808,7.696201388266159
201800006650,NonLethal,2018-02-17,03:45:00,NightNoStreetLight,670,33,No,NoIntersection,Normal,Other,autoroute A 340 - PK 1,M,48.75165804965569,7.750949271998901
201800006652,NonLethal,2018-06-22,13:30:00,Daylight,670,162,No,NoIntersection,Normal,2Vehicles-Behind,Autoroute A4 - PK 446-45,M,48.76953859740595,7.768607443830637
201800006653,Lethal,2018-11-12,21:05:00,NightNoStreetLight,670,67,No,NoIntersection,LightRain,Other,A4,M,48.71369688892382,7.714972370919137
201800006655,NonLethal,2018-01-30,13:56:00,Daylight,440,183,No,NoIntersection,Normal,Other,D48 PR 009.700,M,47.3825860553512,-0.381615589630662
201800006656,NonLethal,2018-11-10,17:15:00,Daylight,440,69,Yes,NoIntersection,Normal,2Vehicles-BehindVehicles-Frontal,"RD 99 , lieu dit CLIS",M,47.3384501921422,-0.3382932914512289
201800006658,Lethal,2018-10-19,16:00:00,Daylight,440,69,Yes,NoIntersection,Normal,2Vehicles-BehindVehicles-Frontal,rd 99; clis,M,47.33817510919391,-0.3382532134366067
201800006660,NonLethal,2018-11-16,16:40:00,Daylight,440,184,Yes,Other,Normal,Other,Avenue d'Herbins,M,47.28644913678691,-0.2867318716928082
201800006662,NonLethal,2018-02-15,12:02:00,Daylight,490,249,Yes,T-type,LightRain,2Vehicles-BehindVehicles-Frontal,Rue des castors,M,47.55559058002076,-0.5572610483818295
201800006663,Lethal,2018-07-30,12:55:00,Daylight,490,331,No,NoIntersection,LightRain,2Vehicles-BehindVehicles-Frontal,RD775 PR 31,M,47.6884635868604,-0.6861359493783724
201800006664,NonLethal,2018-12-14,20:30:00,NightNoStreetLight,490,155,No,NoIntersection,Normal,Other,D775,M,47.598906975064295,-0.6010602858130272
201800006665,Lethal,2018-01-09,16:00:00,Daylight,530,146,No,NoIntersection,FogOrSmoke,2Vehicles-BehindVehicles-Frontal,Route nationale 162,M,48.20777782215567,-0.2061951973846108
201800006666,NonLethal,2018-03-24,00:30:00,NightNoStreetLight,530,269,No,NoIntersection,Normal,Other,"route nationale 12, Les",M,48.307651286842905,-0.3085793374808222
201800006669,Lethal,2018-02-17,11:31:00,Daylight,620,38,No,NoIntersection,Normal,2Vehicles-Behind,AUTOROUTE A26 SENS REIMS,M,50.89279871092136,1.891703893496652
201800006671,NonLethal,2018-09-01,21:54:00,NightNoStreetLight,760,700,No,NoIntersection,Normal,Other,N27 - PK022+800,M,49.68197573866296,1.678962257925804
201800006672,NonLethal,2018-11-10,18:00:00,NightNoStreetLight,760,308,No,NoIntersection,LightRain,2Vehicles-Behind,RN 27 PK 032.400,M,49.763507568592885,1.7633149941959685
201800006673,NonLethal,2018-02-14,07:12:00,NightNoStreetLight,270,270,No,NoIntersection,Other,2Vehicles-BehindVehicles-Frontal,Route de Cuverville,M,49.29096855292931,1.29189844409088
201800006674,Lethal,2018-05-11,13:50:00,Daylight,170,185,No,NoIntersection,Normal,2Vehicles-BehindVehicles-Frontal,RD 733,M,45.714855086511605,-0.7151168976586461
201800006675,NonLethal,2018-05-14,14:35:00,Daylight,170,337,Yes,NoIntersection,Normal,Other,8 rue de la Batisse - CH,M,45.97024611085372,-0.9703857528653264
201800006676,NonLethal,2018-09-11,12:47:00,Daylight,170,337,No,X-type,Normal,3+Vehicles-Multiple,Carrefour de la Renaudiè,M,45.96971121689284,-0.969333334136108
201800006677,NonLethal,2018-04-26,09:35:00,Daylight,90,251,No,NoIntersection,Normal,NoCollision,RD 507,M,43.07718814869075,1.076591264671649
201800006678,Lethal,2018-03-06,15:08:00,Daylight,90,159,No,NoIntersection,Normal,2Vehicles-BehindVehicles-Frontal,RN 20,M,42.76966888262217,1.7692309013681675
201800006679,NonLethal,2018-05-10,16:06:00,Daylight,90,32,No,NoIntersection,Normal,NoCollision,RD 82,M,42.71233129933406,1.7140488075123308
201800006680,NonLethal,2018-07-16,07:40:00,TwilightOrDawn,90,209,No,NoIntersection,HeavyRain,2Vehicles-BehindVehicles-Frontal,dll7,M,42.99379522874198,1.991415863442458
201800006681,NonLethal,2018-11-26,08:10:00,Daylight,770,82,No,NoIntersection,LightRain,2Vehicles-BehindVehicles-Frontal,RD 215 PK 009.900,M,48.58409692456877,2.583743785944763
201800006682,NonLethal,2018-11-04,08:58:00,Daylight,770,239,No,Roundabout,Normal,3+Vehicles-Chain,D23l X D209,M,48.68346035715242,3.68157325743026
201800006684,NonLethal,2018-05-21,16:10:00,Daylight,180,221,No,NoIntersection,Normal,3+Vehicles-Chain,autoroute A71 - PK237+50,M,46.82524315783312,2.823767158595333
201800006685,NonLethal,2018-04-11,11:35:00,Daylight,180,91,No,NoIntersection,Normal,Other,A71 PK 244+600,M,46.757233276159845,2.7575593263136216
201800006687,NonLethal,2018-09-03,10:30:00,Daylight,70,142,No,NoIntersection,Normal,2Vehicles-BehindVehicles-Frontal,N102 PR 094+500,M,44.75915745333696,3.760522505637887
201800006689,NonLethal,2018-05-02,15:45:00,Daylight,420,120,No,NoIntersection,Normal,2Vehicles-Side,RD8 - Lieu-dit les Potie,M,45.999323340653305,3.999415224993546
201800006691,Lethal,2018-03-19,12:30:00,Daylight,380,181,No,NoIntersection,Normal,2Vehicles-BehindVehicles-Frontal,D523,M,45.328577188215526,5.33044183625267
201800006692,NonLethal,2018-07-09,09:10:00,Daylight,380,181,Yes,NoIntersection,Normal,2Vehicles-Side,AVENUE DES TIRIGNONS,M,45.34630986646577,5.3456768421987775
201800006694,NonLethal,2018-09-25,15:10:00,Daylight,380,175,Yes,NoIntersection,Normal,2Vehicles-Side,D523,M,45.26283009504408,5.26409655831914
201800006695,NonLethal,2018-12-29,19:10:00,NightNoStreetLight,380,62,No,NoIntersection,Normal,Other,autoroute 41,M,45.39262094304362,5.393300171331459
201800006696,NonLethal,2018-01-19,08:30:00,Daylight,130,1,No,NoIntersection,Normal,3+Vehicles-Chain,"A8, PK 019+000",M,,
201800006698,NonLethal,2018-02-17,20:45:00,NightNoStreetLight,130,25,No,Other,Normal,Other,A52 - PK OO+7OO,M,43.4787345737061,5.478632035140992
201800006699,NonLethal,2018-02-26,17:20:00,Daylight,130,25,No,NoIntersection,Normal,3+Vehicles-Chain,AUTOROUTE A8,M,43.47969242560647,5.482234349629806
201800006700,NonLethal,2018-02-24,12:30:00,Daylight,130,1,No,NoIntersection,LightRain,2Vehicles-Behind,A8*,M,43.519559537931165,5.518868406649736
201800006701,Lethal,2018-10-03,12:50:00,Daylight,130,1,No,Other,Normal,Other,A8,M,43.51779535096304,5.516217296067725
201800006702,NonLethal,2018-03-14,07:00:00,Daylight,130,1,No,Other,Normal,Other,A52,M,43.479576455965805,5.480013552170308
201800006703,NonLethal,2018-03-23,18:20:00,TwilightOrDawn,130,1,No,NoIntersection,Normal,3+Vehicles-Chain,A8  SENS NORD-,M,43.52121417863238,5.522085101449559
201800006705,NonLethal,2018-12-04,00:50:00,NightNoStreetLight,130,60,No,NoIntersection,HeavyRain,2Vehicles-Behind,A8,M,43.495556135383865,5.494528520623176
201800006707,NonLethal,2018-04-13,07:10:00,Daylight,130,25,No,NoIntersection,Normal,Other,A52 PK 000+400,M,43.478060923037,5.479902447212721
201800006709,NonLethal,2018-04-24,08:40:00,Daylight,130,1,No,NoIntersection,Normal,Other,autoroute A8,M,,
201800006710,NonLethal,2018-04-24,10:30:00,Daylight,130,1,No,NoIntersection,VeryGood,Other,autoroute A8,M,43.52085983595946,5.520348356218987
201800006711,NonLethal,2018-05-14,11:25:00,Daylight,130,25,No,NoIntersection,Normal,2Vehicles-Side,autoroute A8,M,43.483659908075325,5.48556904370666
201800006712,NonLethal,2018-05-18,19:35:00,TwilightOrDawn,130,25,No,NoIntersection,Normal,2Vehicles-Behind,autoroute A8,M,43.48219371072963,5.48016438155654
201800006713,NonLethal,2018-05-22,13:15:00,Daylight,130,1,No,NoIntersection,Normal,2Vehicles-Side,"A8, PK 18+900",M,43.51961692539507,5.520826555376496
201800006714,NonLethal,2018-05-23,10:30:00,Daylight,130,25,No,NoIntersection,Normal,2Vehicles-Behind,"A8, sens NICE/",M,43.481408438352375,5.482958839575795
201800006715,NonLethal,2018-05-27,15:45:00,Daylight,130,5,No,NoIntersection,Normal,Other,Autoroute A52,M,43.30138005443725,5.301091551939464
201800006716,NonLethal,2018-05-24,20:05:00,TwilightOrDawn,130,7,No,NoIntersection,Normal,2Vehicles-Behind,A520 - PR 002.300,M,43.36105478908784,5.362948719016262
201800006717,NonLethal,2018-06-06,07:30:00,Daylight,130,13,No,NoIntersection,Overcast,2Vehicles-Side,A52 - PR 06+200,M,43.41850997864635,5.419956608135967
201800006718,NonLethal,2018-06-22,10:30:00,Daylight,130,25,No,NoIntersection,Normal,2Vehicles-Behind,"A8, pr 28.900",M,43.48120851145956,5.482607607231566
201800006719,NonLethal,2018-07-01,03:10:00,NightNoStreetLight,130,1,No,Other,Normal,2Vehicles-Behind,A8,M,43.51102428864716,5.512458348470689
201800006720,NonLethal,2018-04-07,08:15:00,Daylight,130,60,No,NoIntersection,Normal,2Vehicles-Behind,Autoroute A8,M,43.49779229129454,5.49857577557342
201800006722,NonLethal,2018-07-28,19:00:00,Daylight,130,86,No,NoIntersection,VeryGood,2Vehicles-Behind,A52 pr 18+140 sens nord,M,43.340099836625406,5.339532920279648
201800006724,NonLethal,2018-08-20,12:30:00,Daylight,130,60,No,NoIntersection,Normal,3+Vehicles-Chain,A8 PK 24+920,M,43.49922904666124,5.49837829225155
201800006726,NonLethal,2018-08-24,08:50:00,Daylight,130,86,No,NoIntersection,Normal,2Vehicles-Side,A52,M,43.34225702163795,5.338682509816911
201800006727,NonLethal,2018-08-30,16:25:00,Daylight,130,1,No,NoIntersection,Normal,2Vehicles-Side,"A8, PK 018.900, sens Aix",M,43.51966180196766,5.519361299297892
201800006728,NonLethal,2018-05-09,11:15:00,Daylight,130,25,No,NoIntersection,Normal,2Vehicles-Behind,Autoroute A8,M,43.481471710138834,5.4822089511310965
201800006729,NonLethal,2018-09-06,14:00:00,Daylight,130,31,No,NoIntersection,Normal,2Vehicles-Behind,Autoroute A52 PK 12+600,M,43.3844313508911,5.38408738386374
201800006731,NonLethal,2018-09-12,15:30:00,Daylight,130,86,No,NoIntersection,Normal,2Vehicles-Behind,"A52, PR 18+200 sens Sud/",M,43.34104068218505,5.341153067348632
201800006732,NonLethal,2018-09-17,19:35:00,TwilightOrDawn,130,5,No,NoIntersection,Normal,Other,A52,M,43.30134417161796,5.301096426094722
201800006733,NonLethal,2018-09-18,10:00:00,Daylight,130,1,No,NoIntersection,Normal,2Vehicles-Behind,A8 PR 18+500 sens NICE-L,M,43.52078381225453,5.518927147869523
201800006734,NonLethal,2018-09-21,14:50:00,Daylight,130,86,No,Other,Normal,3+Vehicles-Multiple,A52,M,43.341197347972575,5.340444383342136
201800006735,Lethal,2018-09-22,11:00:00,Daylight,130,1,No,NoIntersection,Normal,3+Vehicles-Chain,A8 PK 020+687,M,43.520122037732776,5.519100976840982
201800006736,NonLethal,2018-09-20,14:10:00,Daylight,130,13,No,NoIntersection,VeryGood,Other,a52 pr 009.000 sens nord,M,43.419761594824585,5.420704759360585
201800006738,NonLethal,2018-10-23,08:45:00,Daylight,130,7,No,NoIntersection,Normal,2Vehicles-Side,Autoroute A52O,M,43.36152866985973,5.360158722646467
201800006740,NonLethal,2018-10-31,22:00:00,NightNoStreetLight,130,7,No,NoIntersection,HeavyRain,Other,autoroute A52,M,43.36640353790903,5.367469665475483
201800006742,NonLethal,2018-04-11,07:20:00,TwilightOrDawn,130,31,No,NoIntersection,Normal,Other,Autoroute A52 pk 13+500,M,43.38682181791035,5.384698839816863
201800006743,NonLethal,2018-08-11,18:00:00,NightStreelightsOn,130,1,No,NoIntersection,Normal,2Vehicles-Behind,Autoroute A8,M,43.5208631413766,5.5213264085796165
201800006744,NonLethal,2018-10-11,05:50:00,NightNoStreetLight,130,86,No,NoIntersection,LightRain,2Vehicles-Behind,A52 pk 018+000 direction,M,43.33980959761696,5.339554632209628
201800006745,NonLethal,2018-11-14,15:25:00,Daylight,130,1,No,NoIntersection,Normal,2Vehicles-Side,A8,M,43.51261536457963,5.514945894690617
201800006746,NonLethal,2018-04-12,17:40:00,NightNoStreetLight,130,86,No,NoIntersection,Normal,2Vehicles-Behind,autoroute A52,M,43.333936589922,5.336454294378493
201800006747,Lethal,2018-12-08,04:45:00,NightNoStreetLight,130,1,No,NoIntersection,Normal,2Vehicles-Behind,autoroute A8,M,43.52035230065968,5.520101981873339