AccidentId,Gravity,Date,Hour,Light,Department,Commune,InAgglomeration,IntersectionType,Weather,CollisionType,PostalAddress,GPSCode,Latitude,Longitude
201800006748,NonLethal,2018-12-14,06:45:00,NightNoStreetLight,130,60,No,NoIntersection,Normal,3+Vehicles-Multiple,AUTOROUTE A8,M,43.49922734869856,5.500461885389288
201800006749,NonLethal,2018-12-13,16:35:00,Daylight,130,60,No,NoIntersection,HeavyRain,2Vehicles-Behind,Autoroute A8,M,43.49971618049053,5.4991143312956
201800006750,NonLethal,2018-12-25,22:15:00,NightNoStreetLight,130,109,No,NoIntersection,Normal,2Vehicles-Behind,Autoroute A8 PK 22+900,M,43.51402176780125,5.513651144127564
201800006751,NonLethal,2018-01-11,22:45:00,NightNoStreetLight,60,79,No,NoIntersection,Normal,Other,PK 158.500 Sud,M,43.54064652475304,6.540368376874825
201800006754,NonLethal,2018-03-05,01:45:00,NightNoStreetLight,60,4,No,NoIntersection,Overcast,Other,Autoroute A8 bretelle en,M,43.60785274001535,7.608033492967187
201800006755,NonLethal,2018-03-10,10:00:00,Daylight,60,85,No,Y-type,LightRain,2Vehicles-Side,Autoroute A8 - bretelle,M,43.58392525416593,7.58477389879767
201800006756,NonLethal,2018-11-04,00:10:00,NightNoStreetLight,830,61,No,NoIntersection,LightRain,Other,"A8, PK 134+300 Nord",M,43.49241007274439,6.49186086007898
201800006758,NonLethal,2018-08-12,06:00:00,TwilightOrDawn,60,79,No,NoIntersection,Normal,2Vehicles-Behind,A8 PK 152.200 SUD,M,43.53814679694297,6.5395300862489965
201800006759,NonLethal,2018-03-09,19:00:00,Daylight,830,61,No,NoIntersection,Normal,NoCollision,Autoroute A8,M,43.50890334657439,6.507371580652988
201800006762,NonLethal,2018-09-30,05:30:00,NightStreelightsOn,60,4,No,NoIntersection,Normal,2Vehicles-Behind,A8,M,43.602916369199264,7.603539668379906
201800006763,NonLethal,2018-03-10,01:00:00,NightNoStreetLight,60,30,No,NoIntersection,Normal,Other,"autoroute A8, PK161+730",M,43.58046383417386,7.579693318612926
201800006764,NonLethal,2018-10-13,15:55:00,Daylight,60,4,No,NoIntersection,Normal,2Vehicles-Behind,"autoroute A8, péage entr",M,43.6041679751074,7.606043306905611
201800006765,NonLethal,2018-10-17,07:10:00,TwilightOrDawn,60,29,No,NoIntersection,LightRain,NoCollision,"A8, PK159+421",M,43.559492107471335,6.559705036546334
201800006766,NonLethal,2018-07-11,05:22:00,NightNoStreetLight,830,1,No,NoIntersection,Normal,2Vehicles-Side,autoroute A8- pk 150.700,M,43.54319763875523,6.542684924152195
201800006767,NonLethal,2018-10-11,18:15:00,NightNoStreetLight,60,85,No,NoIntersection,Normal,2Vehicles-Side,Autoroute A8,M,43.58440821085204,7.584328940035088
201800006769,NonLethal,2018-12-13,04:30:00,NightNoStreetLight,60,85,No,NoIntersection,LightRain,Other,A8,M,43.57394727906647,6.574769379161914
201800006771,NonLethal,2018-04-27,03:30:00,NightStreelightsOn,640,290,No,NoIntersection,Normal,Other,A64,M,43.38623146814249,-0.3852739935591117
201800006772,NonLethal,2018-08-26,16:55:00,Daylight,640,269,No,NoIntersection,Normal,2Vehicles-Behind,"A64, PK 108+000",M,43.32030094919465,-0.3198992548542284
201800006773,NonLethal,2018-11-04,05:50:00,NightStreelightsOn,640,348,Yes,NoIntersection,Normal,Other,AVENUE DES MARTYRS DU PO,M,43.350009285960354,-0.3500039517621575
201800006774,NonLethal,2018-12-23,06:35:00,NightNoStreetLight,640,190,No,NoIntersection,FogOrSmoke,2Vehicles-Behind,A65,M,43.50394135272028,-0.5056668815611699
201800006775,NonLethal,2018-02-25,08:05:00,Daylight,660,172,Yes,NoIntersection,Normal,2Vehicles-BehindVehicles-Frontal,avenue du balcon du cani,M,42.71302546879552,2.7134753622284133
201800006776,Lethal,2018-12-03,12:05:00,Daylight,660,228,No,NoIntersection,Normal,Other,D614 A,M,,
201800006777,NonLethal,2018-05-08,18:40:00,Daylight,660,228,No,T-type,VeryGood,2Vehicles-Side,route départementale 1,M,42.69266506620136,2.692935889275148
201800006781,Lethal,2018-03-12,23:50:00,NightNoStreetLight,630,265,No,NoIntersection,Normal,2Vehicles-Behind,A89 P.K. 425+460,M,45.84998834800586,3.850027978540616
201800006782,NonLethal,2018-06-24,09:20:00,Daylight,630,430,No,NoIntersection,Normal,Other,Autoroute A89,M,45.86034432915844,3.8605018064452006
201800006783,NonLethal,2018-09-13,21:35:00,NightNoStreetLight,630,265,No,NoIntersection,Overcast,2Vehicles-Behind,A89-421+910,M,45.85084489158989,3.851411025321721
201800006784,Lethal,2018-10-06,16:05:00,Daylight,630,430,No,NoIntersection,Normal,2Vehicles-Behind,A89 - pk 428.500,M,,
201800006785,NonLethal,2018-12-31,22:27:00,NightStreelightsOn,740,264,No,NoIntersection,Normal,Other,D4 - lieu dit neyrolles,M,46.044289547778455,6.0438645517359735
201800006786,NonLethal,2018-01-17,06:20:00,NightStreelightsOn,740,81,Yes,X-type,LightRain,2Vehicles-Side,AV GLIERES / GALLET,M,46.0649029556275,6.066219387958635
201800006787,NonLethal,2018-01-28,20:20:00,NightStreelightsOn,740,81,Yes,NoIntersection,Normal,2Vehicles-Side,Rd 1205,M,46.05185420754121,6.051147840760715
201800006788,NonLethal,2018-01-29,18:49:00,NightStreelightsOn,740,81,Yes,Roundabout,Normal,2Vehicles-Behind,avenue Georges clemencea,M,46.07075311439092,6.071682498685198
201800006791,NonLethal,2018-03-13,09:50:00,Daylight,740,81,Yes,NoIntersection,LightRain,Other,46 avenue de la sardagne,M,46.071498085911145,6.071594902710303
201800006792,NonLethal,2018-03-14,17:25:00,Daylight,740,159,No,NoIntersection,Normal,3+Vehicles-Multiple,route nationale,M,46.034060135032334,6.034815252824787
201800006793,NonLethal,2018-03-15,18:05:00,TwilightOrDawn,740,81,Yes,NoIntersection,Normal,2Vehicles-BehindVehicles-Frontal,allée Pierre grenat,M,46.07109587053379,6.0704686935316605
201800006795,NonLethal,2018-05-02,09:35:00,Daylight,740,81,Yes,NoIntersection,Normal,Other,15 RUE NICOLAS GIROD,M,46.06786867432111,6.068246226441449
201800006796,NonLethal,2018-05-21,13:25:00,Daylight,740,264,Yes,NoIntersection,LightRain,2Vehicles-Side,Avenue du stade,M,46.06100328953265,6.0619345310496815
201800006797,NonLethal,2018-06-20,18:00:00,Daylight,740,169,Yes,NoIntersection,Normal,Other,62 avenue du mont-blanc,M,46.0622863860348,6.059826603086612
201800006798,NonLethal,2018-07-14,17:25:00,Daylight,740,14,Yes,NoIntersection,Normal,2Vehicles-BehindVehicles-Frontal,265 route de flaine,M,46.04409810643087,6.046618634009523
201800006799,NonLethal,2018-07-20,10:50:00,Daylight,740,14,Yes,NoIntersection,Normal,Other,place de l'ambiance,M,46.02736102595965,6.025363996169424
201800006800,NonLethal,2018-07-21,16:00:00,Daylight,740,81,Yes,NoIntersection,Normal,Other,Avenue Charles Poncet,M,46.065277318595975,6.06566905061053
201800006801,NonLethal,2018-08-08,18:50:00,Daylight,740,64,No,NoIntersection,LightRain,NoCollision,D902,M,46.08253279435412,6.081459527432653
201800006802,NonLethal,2018-08-08,18:45:00,Daylight,740,81,Yes,Roundabout,Normal,Other,AVENUE DE LA SARDAGNE,M,46.07088172391365,6.069772025692471
201800006804,NonLethal,2018-08-15,19:50:00,Daylight,740,159,Yes,NoIntersection,Normal,Other,allée des loriots,M,46.00524768004387,6.005887843777083
201800006805,NonLethal,2018-09-29,14:10:00,Daylight,740,264,Yes,NoIntersection,Normal,Other,10Rue du collège,M,46.06466173165422,6.064667300805168
201800006806,NonLethal,2018-10-04,17:40:00,Daylight,740,81,Yes,NoIntersection,Normal,NoCollision,Rue des Iles,M,46.06427556342868,6.065272765129502
201800006809,NonLethal,2018-12-26,18:45:00,NightStreelightsOn,740,264,Yes,NoIntersection,Normal,Other,2 avenue de la route bla,M,46.05844579651324,6.058206467175251
201800006811,Lethal,2018-05-07,14:26:00,Daylight,240,516,No,NoIntersection,Normal,2Vehicles-BehindVehicles-Frontal,rd60,M,44.975054644871314,1.9773011353928729
201800006812,NonLethal,2018-07-04,05:45:00,NightNoStreetLight,470,214,No,NoIntersection,Normal,2Vehicles-Behind,A62 PK89.500,M,44.31766502899856,2.318701103122242
201800006813,NonLethal,2018-04-19,18:45:00,Daylight,720,300,No,NoIntersection,Normal,Other,AUTOROUTE A 11,M,48.01760905788984,3.017727812531927
201800006814,Lethal,2018-04-24,10:05:00,Daylight,720,80,No,Roundabout,Normal,2Vehicles-Side,RD 1,M,48.14972538449189,6.151059614830729
201800006815,Lethal,2018-04-28,16:40:00,Daylight,720,105,No,NoIntersection,Normal,2Vehicles-Side,A11 - PK 129,M,48.165125621661616,7.164736658435779
201800006816,NonLethal,2018-06-24,12:45:00,Daylight,720,80,No,NoIntersection,Normal,Other,autoroute A11 pk 134.500,M,48.141674214284045,6.141502028229694
201800006817,NonLethal,2018-08-29,17:25:00,Daylight,720,363,No,NoIntersection,Normal,Other,Autoroute A11,M,48.09868752374736,5.096789967259321
201800006818,NonLethal,2018-01-09,11:45:00,Daylight,720,241,No,NoIntersection,Normal,2Vehicles-Side,Autoroute A11,M,48.06143244072762,3.063404326823911
201800006819,NonLethal,2018-01-10,17:45:00,Daylight,720,31,No,NoIntersection,Normal,2Vehicles-Behind,A11 - PK 147+100 - sens,M,48.08861059215727,5.086626173493077
201800006820,NonLethal,2018-10-29,13:00:00,Daylight,720,288,No,NoIntersection,Normal,Other,A11,M,48.10572546416294,5.107622500492726
201800006821,Lethal,2018-06-25,13:10:00,Daylight,890,22,No,NoIntersection,Normal,3+Vehicles-Chain,Autoroute A6,M,47.52616804148662,3.5267557407769097
201800006823,NonLethal,2018-01-08,08:20:00,Daylight,890,381,No,NoIntersection,LightRain,Other,Autoroute A6,M,47.5029523375878,4.503591091740508
201800006824,NonLethal,2018-05-08,17:30:00,Daylight,890,235,No,NoIntersection,Normal,Other,A6,M,47.506355403447735,4.50829768090424
201800006825,NonLethal,2018-08-18,10:25:00,Daylight,890,378,No,NoIntersection,Normal,Other,autoroute A6 bretelle de,M,47.514341924276295,3.5151480622980613
201800006826,Lethal,2018-11-10,03:40:00,NightNoStreetLight,890,277,No,NoIntersection,LightRain,2Vehicles-Behind,A6 PK 188+748,M,47.66820157820058,3.6670968282341
201800006827,NonLethal,2018-05-12,16:55:00,TwilightOrDawn,890,339,No,NoIntersection,Normal,2Vehicles-Behind,A6 PK199.800,M,47.58375427255922,3.5855811977685166
201800006828,NonLethal,2018-03-21,10:44:00,Daylight,850,70,No,NoIntersection,Normal,2Vehicles-Side,,M,46.69263756704103,-0.6926162252935892
201800006829,NonLethal,2018-03-31,23:00:00,NightNoStreetLight,90,122,Yes,T-type,LightRain,2Vehicles-Behind,LECLERC (AVENUE DU GENER,M,42.986395045354726,1.9878737403498776
201800006830,NonLethal,2018-11-05,11:20:00,Daylight,90,122,Yes,NoIntersection,Normal,2Vehicles-Behind,LECLERC (AVENUE DU GENER,M,42.96611148277537,1.9658670676252872
201800006831,NonLethal,2018-05-17,13:35:00,Daylight,90,122,No,NoIntersection,Normal,NoCollision,20 (R.N.) COTE SUD DU TU,M,42.95068073407525,1.9499335952928547
201800006832,NonLethal,2018-07-17,08:16:00,Daylight,90,122,Yes,T-type,Normal,2Vehicles-Side,LECLERC (AVENUE DU GENER,M,42.96972915014141,1.971268692111656
201800006833,NonLethal,2018-10-06,09:30:00,Daylight,90,122,Yes,Y-type,Normal,Other,CROS (cours),M,42.969232681477294,1.9676912040897008
201800006834,NonLethal,2018-10-13,17:15:00,Daylight,90,207,Yes,NoIntersection,Normal,2Vehicles-BehindVehicles-Frontal,PYRENEES (AV DES),M,42.93547090953732,1.9348401462701168
201800006835,NonLethal,2018-02-11,18:50:00,TwilightOrDawn,90,207,Yes,NoIntersection,LightRain,2Vehicles-Side,PARIS (AV DE),M,42.93769382386711,1.9385727238434904
201800006836,Lethal,2018-11-02,19:50:00,NightNoStreetLight,90,207,No,NoIntersection,LightRain,NoCollision,ROUTE NATIONALE 20,M,42.922871884707895,1.92535775058084
201800006837,NonLethal,2018-08-07,11:25:00,Daylight,380,253,No,NoIntersection,Normal,2Vehicles-BehindVehicles-Frontal,Barrage du Chambon D1091,M,45.03614479250879,6.038223852894717
201800006838,NonLethal,2018-01-19,14:40:00,Daylight,90,225,No,NoIntersection,Normal,2Vehicles-BehindVehicles-Frontal,ESCOSSE CHEMIN D',M,43.11429838252805,1.115258136611612
201800006839,NonLethal,2018-10-03,11:50:00,Daylight,90,225,Yes,NoIntersection,Normal,2Vehicles-BehindVehicles-Frontal,"18, BOURGES CHEMIN DE",M,43.125666830619885,1.1283430742805824
201800006841,NonLethal,2018-12-04,18:20:00,Daylight,90,225,Yes,Y-type,Normal,2Vehicles-Side,CAPITAINE TOURNISSA AVEN,M,43.10718586541408,1.1092337477067364
201800006842,NonLethal,2018-03-08,09:40:00,Daylight,90,225,Yes,NoIntersection,Normal,Other,PASTEUR RUE,M,43.1146059700143,1.116367118104289
201800006843,NonLethal,2018-10-09,12:15:00,Daylight,90,225,Yes,X-type,Normal,2Vehicles-Side,RIJOLE AVENUE DE LA,M,43.12375394379249,1.1200856035829911
201800006844,NonLethal,2018-10-04,17:45:00,Daylight,90,225,Yes,X-type,Normal,3+Vehicles-Multiple,RIJOLE AVENUE DE LA,M,43.12234939506734,1.121547307024184
201800006845,Lethal,2018-10-20,12:35:00,Daylight,90,225,Yes,NoIntersection,Normal,Other,ALSACE LORRAINE BOULEVAR,M,43.1170464847714,1.1191688985603503
201800006846,Lethal,2018-12-14,16:40:00,TwilightOrDawn,90,225,Yes,NoIntersection,LightRain,Other,IRENEE CROS AVENUE,M,43.10818727874991,1.1081988185928202
201800006847,NonLethal,2018-06-01,07:00:00,NightNoStreetLight,310,396,No,NoIntersection,HeavyRain,NoCollision,Autoroute A66 - PK 009+3,M,43.36593648481612,1.3635534646671603
201800006848,NonLethal,2018-01-15,04:45:00,NightNoStreetLight,310,210,No,NoIntersection,Normal,2Vehicles-Behind,A61 pk 263.000 sens Narb,M,43.40068838318326,1.3982420947752494
201800006849,NonLethal,2018-01-23,16:50:00,Daylight,310,220,No,NoIntersection,Normal,Other,A66 - pk 14+600,M,43.28987909864741,1.2895709120412355
201800006850,NonLethal,2018-02-20,09:58:00,Daylight,310,527,No,NoIntersection,LightRain,Other,rd20,M,43.54892663324334,1.547524030013948
201800006851,NonLethal,2018-03-11,18:50:00,TwilightOrDawn,90,60,No,NoIntersection,SnowOrHail,2Vehicles-Behind,A 66 PK 034.125,M,43.17088369048255,1.1708770601310825
201800006852,NonLethal,2018-03-31,18:40:00,TwilightOrDawn,310,396,No,NoIntersection,SnowOrHail,3+Vehicles-Chain,A66,M,43.32299492257514,1.3239786674423997
201800006853,Lethal,2018-05-03,06:40:00,TwilightOrDawn,310,231,No,NoIntersection,LightRain,Other,D12,M,43.31620430325669,1.317208578856719
201800006854,Lethal,2018-05-05,11:20:00,Daylight,310,374,No,NoIntersection,Overcast,Other,A61 - PK 258.600 - Sens,M,43.42890284664125,1.426564169073652
201800006855,NonLethal,2018-05-24,08:10:00,Daylight,90,185,No,NoIntersection,Normal,Other,A66,M,43.25410890455132,1.252328516564983
201800006857,NonLethal,2018-02-07,17:00:00,Daylight,310,304,No,NoIntersection,Normal,NoCollision,Route départementale 20,M,43.58148872245845,1.5786820995376567
201800006858,NonLethal,2018-07-17,23:20:00,NightNoStreetLight,110,178,No,NoIntersection,Normal,2Vehicles-Behind,Autoroute A61 - PK 277+8,M,43.33776228845321,1.337936524133441
201800006859,NonLethal,2018-03-08,16:50:00,Daylight,310,582,No,NoIntersection,Normal,2Vehicles-BehindVehicles-Frontal,RD 813,M,43.41615247871068,1.417531531115964
201800006860,NonLethal,2018-08-31,19:30:00,Daylight,110,225,No,NoIntersection,Overcast,Other,a61 pk 282.600 sens toul,M,43.325172260704335,1.3217778878290072
201800006862,NonLethal,2018-11-09,16:50:00,Daylight,310,325,No,NoIntersection,Normal,2Vehicles-Side,RD11,M,43.57333950744479,1.5728937920350188
201800006863,NonLethal,2018-09-22,16:22:00,Daylight,310,450,No,NoIntersection,Normal,Other,A61 pk 267.400,M,43.38392686755353,1.383126153254871
201800006864,Lethal,2018-10-23,10:40:00,Daylight,310,37,No,NoIntersection,Normal,2Vehicles-Behind,A61 PK 274.900 Avignonet,M,43.35261378243619,1.3543869194201632
201800006865,NonLethal,2018-08-30,08:30:00,Daylight,201,41,Yes,NoIntersection,Normal,3+Vehicles-Multiple,avenue sylvere bohn,M,41.39489083695344,9.395386808420312
201800006866,NonLethal,2018-01-27,21:34:00,NightNoStreetLight,330,29,No,NoIntersection,Other,2Vehicles-Behind,A63 PK 15+800.,M,44.69044062727056,-0.6926474752357185
201800006867,NonLethal,2018-02-13,15:40:00,Daylight,330,284,No,NoIntersection,LightRain,2Vehicles-Behind,A63 PK 19+800,M,44.66940605467753,-0.6688690564639406
201800006869,NonLethal,2018-03-09,14:50:00,Daylight,330,284,No,NoIntersection,Normal,2Vehicles-Side,A660 - PK000.500,M,44.63721972093015,-0.6372118967826154
201800006870,NonLethal,2018-03-11,07:45:00,Daylight,330,42,No,NoIntersection,Normal,2Vehicles-Behind,AUTOROUTE A63 PR 45.450,M,44.45566862096547,-0.4549805417396574
201800006871,NonLethal,2018-04-04,13:46:00,Daylight,330,498,No,NoIntersection,Normal,2Vehicles-Behind,A63 PR29+000 réel,M,44.59531104569963,-0.5966868363587288
201800006873,Lethal,2018-05-06,09:40:00,Daylight,330,122,No,NoIntersection,Normal,3+Vehicles-Multiple,D2ll PR43+882 réel,M,44.70730966939596,-0.7081831399155332
201800006874,NonLethal,2018-07-14,00:30:00,NightNoStreetLight,330,527,No,NoIntersection,Normal,2Vehicles-Side,"A660, PR017+300 REEL",M,44.61341420988081,-0.6119576650745975
201800006875,NonLethal,2018-04-08,15:45:00,Daylight,330,199,No,NoIntersection,Normal,3+Vehicles-Chain,A660 PR21+209 réel,M,44.613151258193255,-0.6144453380932065
201800006876,NonLethal,2018-08-25,21:30:00,NightStreelightsOn,330,284,No,NoIntersection,Normal,Other,A63 PR 024+682,M,44.63243455158971,-0.6336356952842604
201800006878,NonLethal,2018-05-10,12:30:00,Daylight,330,498,No,NoIntersection,Normal,NoCollision,AUTOROUTE A63 PR 030.000,M,44.58839518796344,-0.5878652625486328
201800006879,NonLethal,2018-10-11,19:00:00,TwilightOrDawn,330,284,No,NoIntersection,Normal,3+Vehicles-Chain,Echangeur n°01 A660,M,44.62905302116187,-0.6291396774835794
201800006880,Lethal,2018-10-22,09:05:00,Daylight,330,122,No,NoIntersection,Normal,Other,A63 - PR 015.260,M,44.69492109945463,-0.6947770819436189
201800006881,NonLethal,2018-11-19,15:00:00,Daylight,330,284,No,NoIntersection,Normal,2Vehicles-Behind,autoroute A63 PK021.330,M,44.65771440932093,-0.6601446165390534
201800006882,NonLethal,2018-12-21,04:00:00,NightNoStreetLight,330,122,No,NoIntersection,Overcast,2Vehicles-Behind,A63 PK 013+500,M,44.70605131667916,-0.7064503110569843
201800006883,NonLethal,2018-12-19,08:40:00,Daylight,330,284,No,NoIntersection,Overcast,Other,A63 pk 024+100,M,44.63724224495423,-0.638953210486775
201800006884,NonLethal,2018-12-05,16:15:00,Daylight,740,56,No,NoIntersection,Normal,NoCollision,RN 205 sens ITALIE-FRANC,M,45.90738420727463,6.90354699230435
201800006885,NonLethal,2018-05-22,18:05:00,Daylight,740,143,No,NoIntersection,Normal,NoCollision,RN 205 (sens SALLANCHES,M,45.90676183560305,6.907511822231371
201800006886,NonLethal,2018-07-24,20:10:00,TwilightOrDawn,740,256,No,NoIntersection,LightRain,2Vehicles-Behind,A 40,M,45.97523144353666,6.975407243029623
201800006887,NonLethal,2018-09-22,14:45:00,Daylight,740,208,No,NoIntersection,Normal,Other,RN 205,M,45.92693123191589,6.926400028270272
201800006888,NonLethal,2018-05-10,20:00:00,NightNoStreetLight,740,143,No,NoIntersection,Normal,Other,RN 205 - PK 13,M,45.916754006219485,6.916446793791944
201800006889,NonLethal,2018-10-06,12:40:00,Daylight,740,143,No,NoIntersection,Normal,NoCollision,tunnel des Chavant - RN,M,45.89831122891719,6.896903470535218
201800006892,NonLethal,2018-04-14,22:35:00,NightNoStreetLight,690,32,No,NoIntersection,Normal,2Vehicles-Side,A89 PK 525+600,M,45.86738768131674,4.865463672951702
201800006893,NonLethal,2018-05-14,11:20:00,Daylight,690,112,No,NoIntersection,HeavyRain,2Vehicles-Behind,A89 PK 537+500,M,45.82383040444895,4.824703179223378
201800006894,NonLethal,2018-06-24,06:51:00,Daylight,690,112,No,NoIntersection,Normal,2Vehicles-Behind,AUTOROUTE A89 PK 537+800,M,45.82290856812256,4.822970386948912
201800006895,NonLethal,2018-08-08,10:50:00,Daylight,690,201,No,Y-type,Normal,2Vehicles-Side,intersection de la D61 e,M,45.70399856061469,4.704835146992701
201800006896,NonLethal,2018-08-09,13:15:00,Daylight,690,102,No,NoIntersection,HeavyRain,2Vehicles-Behind,A89 PK 511+810,M,45.87614072842068,4.879446918984368
201800006897,Lethal,2018-05-09,08:26:00,Daylight,690,102,No,NoIntersection,Normal,2Vehicles-BehindVehicles-Frontal,rn7 col du pin bouchin,M,45.9145685080204,4.914839300727773
201800006898,NonLethal,2018-09-22,12:45:00,Daylight,690,86,No,NoIntersection,Normal,NoCollision,ARB89 PK000+800,M,45.85330718145912,4.855401836233018
201800006899,NonLethal,2018-11-30,08:50:00,Daylight,690,86,No,NoIntersection,HeavyRain,Other,Autoroute A 89 entrée 36,M,45.85450732944814,4.853374169847154
201800006900,NonLethal,2018-12-26,10:35:00,Daylight,690,234,No,NoIntersection,Normal,Other,A89 PK 522+900,M,45.87593738457589,4.875338797768543
201800006901,Lethal,2018-01-27,08:00:00,NightStreelightsOn,720,264,Yes,NoIntersection,FogOrSmoke,Other,Rue Grande rue,M,47.84040464311884,-0.8404766568304708
201800006902,NonLethal,2018-03-30,14:15:00,Daylight,720,278,No,NoIntersection,LightRain,NoCollision,A81 PK 2O6+OOO,M,48.01051732406364,-0.01069142872277
201800006903,NonLethal,2018-06-30,09:20:00,Daylight,720,223,No,NoIntersection,Normal,3+Vehicles-Chain,A 11 -,M,47.86684465331551,-0.867612291137079
201800006906,NonLethal,2018-12-15,07:45:00,NightNoStreetLight,720,168,No,NoIntersection,LightRain,Other,"A81, PK 203.800",M,48.01190438627942,-0.0111571136535268
201800006908,NonLethal,2018-02-11,03:51:00,NightNoStreetLight,600,138,No,NoIntersection,Normal,NoCollision,D1330,M,49.21997080138243,2.2206758217912133
201800006909,NonLethal,2018-11-01,17:52:00,NightNoStreetLight,680,21,No,NoIntersection,Normal,3+Vehicles-Chain,Autoroute 35,M,47.6430122081452,7.641401894210419
201800006910,NonLethal,2018-01-03,07:45:00,Daylight,680,21,No,Y-type,SnowOrHail,3+Vehicles-Chain,Autoroute 35,M,47.63607121537395,7.637420527854876
201800006911,NonLethal,2018-03-02,18:00:00,Daylight,680,309,No,NoIntersection,SnowOrHail,3+Vehicles-Chain,autoroute 35,M,47.66721976723786,7.667998452267611
201800006912,NonLethal,2018-03-09,14:15:00,Daylight,680,297,No,NoIntersection,Normal,3+Vehicles-Chain,Autoroute 35,M,47.61069712432217,7.611605767656272
201800006915,NonLethal,2018-05-18,00:06:00,NightNoStreetLight,680,72,No,NoIntersection,Normal,Other,AUTOROUTE 35,M,47.69987804125348,7.700854409120533
201800006916,NonLethal,2018-06-16,13:00:00,Daylight,680,118,No,NoIntersection,Normal,NoCollision,Autoroute 35,M,47.69933294077398,7.70005092243751
201800006919,NonLethal,2018-07-17,12:05:00,Daylight,680,309,No,NoIntersection,Normal,Other,Autoroute 35,M,47.65546992360299,7.654414865810339
201800006921,Lethal,2018-05-09,12:55:00,Daylight,680,15,No,NoIntersection,Normal,3+Vehicles-Chain,Autoroute 35,M,47.79234763210977,7.795522383803821
201800006923,NonLethal,2018-09-19,02:15:00,NightNoStreetLight,680,300,No,NoIntersection,Normal,Other,Autoroute 35,M,47.78411166025549,7.785666300275909
201800006925,NonLethal,2018-10-17,02:35:00,NightNoStreetLight,680,278,No,Other,Normal,NoCollision,a35,M,47.7430571674738,7.742947245223728
201800006926,NonLethal,2018-10-20,03:15:00,NightNoStreetLight,680,21,No,NoIntersection,Normal,2Vehicles-Behind,A 35 - PK 118+400,M,47.6325192017702,7.632476605258221
201800006928,NonLethal,2018-10-25,12:15:00,Daylight,680,21,No,NoIntersection,Normal,3+Vehicles-Chain,A35 - PK ll8+000,M,47.633751831906,7.633472941244837
201800006929,NonLethal,2018-10-30,19:30:00,NightNoStreetLight,680,300,No,NoIntersection,Normal,Other,autoroute A36,M,47.77408706543737,7.773215381592131
201800006930,NonLethal,2018-11-23,15:55:00,Daylight,680,297,No,Other,Normal,2Vehicles-Side,A 35 - PK 126+000,M,47.57820704353307,7.577386683203391
201800006931,Lethal,2018-01-02,14:15:00,Daylight,530,45,No,NoIntersection,SnowOrHail,3+Vehicles-Multiple,A 81 - PK 264+100,M,48.07583209421233,-0.0785194346578726
201800006933,NonLethal,2018-05-20,18:25:00,Daylight,530,137,No,NoIntersection,Normal,2Vehicles-Behind,Autoroute A81-PR 260.600,M,48.07397118303972,-0.0745306443049527
201800006935,NonLethal,2018-01-07,14:05:00,Daylight,530,7,No,NoIntersection,Normal,Other,a81,M,48.07522505705508,-0.0748563708511222
201800006936,NonLethal,2018-06-08,10:50:00,Daylight,530,108,No,NoIntersection,Normal,Other,PK 267.250,M,48.08293815115589,-0.0811394636124602
201800006938,NonLethal,2018-09-24,17:30:00,Daylight,530,97,No,NoIntersection,Normal,2Vehicles-Side,RD 32/ Chene Rond,M,48.1557099540237,-0.156951714173232
201800006939,NonLethal,2018-01-21,17:50:00,NightNoStreetLight,440,26,No,Other,LightRain,Other,A811 / A11 échangeur de,M,47.29170962969583,-0.2896197499472192
201800006941,NonLethal,2018-10-10,08:15:00,TwilightOrDawn,440,26,No,NoIntersection,Normal,2Vehicles-Behind,A11 PK 337+000,M,47.29274037605728,-0.2918599110791248
201800006942,NonLethal,2018-01-27,15:45:00,Daylight,470,267,No,NoIntersection,Normal,Other,autoroute A62- PK 094.05,M,44.2734809492863,2.2720580593419064
201800006943,Lethal,2018-01-04,15:15:00,Daylight,820,166,No,NoIntersection,Normal,NoCollision,autoroute A 62 - PK 154+,M,44.04526989359504,9.045158018835329
201800006944,NonLethal,2018-08-25,03:30:00,NightNoStreetLight,470,78,No,NoIntersection,Normal,2Vehicles-Behind,AUTOROUTE A62,M,44.28257028937091,2.281610047028209
201800006945,NonLethal,2018-09-17,08:07:00,Daylight,470,201,No,NoIntersection,Normal,3+Vehicles-Multiple,GARE DE PEAGE A62,M,44.16638954217783,6.166121933629582
201800006946,NonLethal,2018-10-17,17:31:00,Daylight,820,165,No,NoIntersection,Normal,2Vehicles-Behind,"Autoroute A62, PR 148+20",M,44.0653012999442,8.066280519251317
201800006947,NonLethal,2018-10-21,08:15:00,TwilightOrDawn,470,238,No,NoIntersection,FogOrSmoke,3+Vehicles-Chain,A62,M,44.2010622402932,5.200799399274491