AccidentId,Gravity,Date,Hour,Light,Department,Commune,InAgglomeration,IntersectionType,Weather,CollisionType,PostalAddress,GPSCode,Latitude,Longitude
201800006948,NonLethal,2018-11-11,16:15:00,Daylight,470,169,No,NoIntersection,Normal,Other,Autoroute A 62 PK 126+00,M,44.14875322640617,6.1464538308242185
201800006950,NonLethal,2018-08-20,06:20:00,TwilightOrDawn,820,33,No,NoIntersection,Normal,Other,Autoroute A62,M,44.043351117787005,1.0437177298804308
201800006951,NonLethal,2018-09-26,12:00:00,Daylight,820,171,No,NoIntersection,Normal,3+Vehicles-Multiple,AUTOROUTE A 62,M,44.01315305712534,1.01126099326744
201800006953,NonLethal,2018-10-28,00:19:00,NightNoStreetLight,820,125,No,NoIntersection,Normal,3+Vehicles-Multiple,A62,M,43.96981482911556,1.970661446796475
201800006954,NonLethal,2018-05-04,13:19:00,Daylight,390,526,Yes,Roundabout,Normal,Other,Rond Point de la Chimie,M,47.04894626424635,5.048861555208816
201800006956,NonLethal,2018-06-27,12:01:00,Daylight,390,30,No,NoIntersection,Normal,2Vehicles-BehindVehicles-Frontal,,M,47.12577903619277,5.126023655535517
201800006957,NonLethal,2018-09-20,20:31:00,NightStreelightsOn,390,365,Yes,X-type,Normal,2Vehicles-Side,D472/Vieille de Salins,M,46.97907100228804,5.979605619791971
201800006959,NonLethal,2018-12-29,13:26:00,Daylight,390,51,No,NoIntersection,Normal,2Vehicles-Behind,,M,47.13238470511324,5.132469948382984
201800006960,NonLethal,2018-01-04,18:30:00,NightStreelightsOn,60,85,Yes,NoIntersection,Normal,2Vehicles-Side,221 avenue du général de,M,43.60743017075336,7.607140682690396
201800006961,NonLethal,2018-01-24,19:00:00,NightNoStreetLight,60,85,No,NoIntersection,Normal,2Vehicles-BehindVehicles-Frontal,680 route de vallauris,M,43.5958468966899,7.594463408737219
201800006962,NonLethal,2018-02-15,16:45:00,Daylight,60,30,Yes,T-type,Normal,2Vehicles-Side,42 chemin des campelière,M,43.57761428941248,7.579565972223056
201800006963,NonLethal,2018-02-19,20:00:00,NightStreelightsOn,60,85,Yes,T-type,LightRain,NoCollision,avenue notre dame de vie,M,43.60054123205375,7.600464435197776
201800006964,NonLethal,2018-06-22,11:50:00,Daylight,60,85,Yes,NoIntersection,Normal,2Vehicles-Side,RD 135,M,43.59526832588099,7.593505353707616
201800006966,NonLethal,2018-07-16,11:15:00,Daylight,60,85,Yes,NoIntersection,Normal,Other,745 avenue du golf,M,43.60151685635815,7.603637440806318
201800006967,Lethal,2018-07-31,06:50:00,Daylight,60,85,Yes,T-type,Normal,2Vehicles-Side,avenue des alliés,M,43.58338977591348,7.586346117916352
201800006968,NonLethal,2018-08-20,12:06:00,Daylight,60,85,Yes,T-type,Normal,2Vehicles-Side,CHEMIN DU FERRANDOU,M,43.58491621363601,7.584303293301571
201800006969,NonLethal,2018-09-01,16:30:00,Daylight,60,85,No,NoIntersection,HeavyRain,NoCollision,Route de la Valmasque,M,43.60725541524812,7.606880974600189
201800006970,NonLethal,2018-09-10,09:20:00,Daylight,60,85,No,Other,Normal,2Vehicles-BehindVehicles-Frontal,Route d'Antibes - D35,M,43.600624630688266,7.600699201531644
201800006971,NonLethal,2018-10-10,12:18:00,Daylight,60,85,Yes,Other,Normal,Other,461/1 Chemin des Campeli,M,43.5805876595685,7.581460303106678
201800006972,NonLethal,2018-10-30,15:15:00,Daylight,60,85,Yes,NoIntersection,LightRain,2Vehicles-Behind,1446 avenue maréchal jui,M,43.58787540766176,6.589375982466415
201800006973,NonLethal,2018-11-18,12:28:00,Daylight,60,85,Yes,NoIntersection,Normal,Other,941 boulevard de la cour,M,43.59490500808561,6.595985298348017
201800006974,NonLethal,2018-12-04,11:50:00,Daylight,60,85,Yes,NoIntersection,Normal,2Vehicles-Side,Avenue du Général de Gau,M,43.61738073412581,7.616507886469315
201800006978,NonLethal,2018-01-28,15:20:00,Daylight,780,466,Yes,NoIntersection,LightRain,2Vehicles-BehindVehicles-Frontal,rue des Alluets,M,48.92056909818884,1.920629722708845
201800006979,Lethal,2018-05-02,17:15:00,Daylight,780,189,No,Other,SnowOrHail,2Vehicles-BehindVehicles-Frontal,RD 307 sortie CRESPIERES,M,48.87972094736477,1.8783138756844364
201800006981,NonLethal,2018-04-08,02:00:00,NightNoStreetLight,780,466,No,Roundabout,Normal,Other,cd 113,M,48.93240288863312,1.9331171222395112
201800006982,Lethal,2018-11-09,08:00:00,Daylight,780,189,No,X-type,VeryGood,2Vehicles-Side,rd 3O7,M,48.88748106947844,1.886917557815622
201800006983,NonLethal,2018-09-14,15:30:00,Daylight,780,466,Yes,NoIntersection,Normal,2Vehicles-Side,route de quarante sous,M,48.931822750405125,1.931075785361329
201800006984,NonLethal,2018-05-03,10:40:00,Daylight,330,122,No,Y-type,Other,2Vehicles-BehindVehicles-Frontal,Ch sources/Ch pt Trianon,M,44.75730620433687,-0.7566664562783523
201800006985,Lethal,2018-03-07,14:55:00,Daylight,330,122,No,NoIntersection,Normal,Other,114 Compostelle 62+30ré.,M,44.724193975417855,-0.7226070513438917
201800006987,NonLethal,2018-10-08,03:35:00,NightStreelightsOn,330,122,No,T-type,Normal,2Vehicles-Side,RD211/A63 éch24,M,44.71945146329342,-0.7209361443376615
201800006989,NonLethal,2018-09-02,17:45:00,Daylight,330,90,Yes,T-type,Normal,2Vehicles-Side,chemin Salvador Allendé,M,44.75720970091754,-0.757077208923036
201800006990,NonLethal,2018-10-16,14:30:00,Daylight,330,122,No,NoIntersection,Normal,3+Vehicles-Multiple,RD 1010 PR67+108 réel,M,44.68677174180704,-0.6860771518811494
201800006992,NonLethal,2018-11-22,17:45:00,TwilightOrDawn,330,122,No,T-type,Normal,3+Vehicles-Multiple,RD211 / A63,M,44.71993290426661,-0.7194851362399893
201800006993,Lethal,2018-11-30,10:04:00,Daylight,330,122,Yes,T-type,HeavyRain,2Vehicles-Side,Parking magasin Inter.,M,44.778385064314286,-0.7797680147124681
201800006995,NonLethal,2018-01-09,19:05:00,Daylight,660,108,No,NoIntersection,Normal,2Vehicles-BehindVehicles-Frontal,D612,M,,
201800006997,NonLethal,2018-02-13,09:00:00,Daylight,670,112,No,Other,Normal,NoCollision,autoroute A352,M,48.51474745292391,7.517456514952811
201800006998,NonLethal,2018-02-22,09:45:00,Daylight,670,28,Yes,Y-type,Normal,Other,,M,48.3727396442286,7.374879370343669
201800006999,NonLethal,2018-04-18,09:30:00,Daylight,670,481,No,NoIntersection,Normal,2Vehicles-Behind,Autoroute A 35 PK 429.40,M,48.37211956309057,7.372580678062907
201800007000,NonLethal,2018-04-22,11:00:00,Daylight,670,115,No,NoIntersection,Normal,Other,RN1083 PK 50.7,M,48.321744476780175,7.320661337461566
201800007001,NonLethal,2018-05-23,10:55:00,Daylight,670,84,No,NoIntersection,Normal,2Vehicles-Behind,A35 pk 435+400,M,48.31254909880156,7.314547337882932
201800007002,NonLethal,2018-06-04,10:20:00,Daylight,670,108,No,NoIntersection,Normal,NoCollision,Autoroute A352,M,48.52256811120211,7.523593708075143
201800007004,NonLethal,2018-10-08,03:20:00,NightNoStreetLight,670,411,No,NoIntersection,Normal,2Vehicles-Behind,"D500, PR 001.800, direct",M,48.50166434259073,7.50178147257353
201800007005,NonLethal,2018-10-18,17:40:00,Daylight,670,411,No,NoIntersection,Normal,3+Vehicles-Chain,RD500,M,48.50240146457946,7.50271354916051
201800007006,NonLethal,2018-12-18,14:10:00,Daylight,670,112,No,NoIntersection,FogOrSmoke,2Vehicles-Behind,A35 PK 320.400,M,48.50940486981259,7.508779339090598
201800007007,NonLethal,2018-12-16,11:05:00,Daylight,670,411,No,NoIntersection,VeryGood,Other,RD500,M,48.50076804597168,7.500115171553104
201800007008,NonLethal,2018-03-31,14:50:00,Daylight,790,48,No,NoIntersection,Normal,2Vehicles-Behind,,M,46.35241853122356,-0.3534920720731177
201800007009,NonLethal,2018-07-21,11:43:00,Daylight,790,125,No,NoIntersection,Normal,3+Vehicles-Chain,,M,46.24439802134659,-0.2441917886635319
201800007010,NonLethal,2018-08-31,12:15:00,Daylight,790,137,No,NoIntersection,Normal,3+Vehicles-Chain,,M,46.22574265410992,-0.2269065909458886
201800007012,NonLethal,2018-05-01,20:42:00,NightNoStreetLight,170,362,No,Other,Overcast,2Vehicles-Side,A.10 PK 482+300,M,45.3828735475488,-0.3816307748923997
201800007013,NonLethal,2018-08-04,07:39:00,TwilightOrDawn,170,279,No,NoIntersection,Overcast,NoCollision,autoroute A10 - PK 477.0,M,45.4331971851394,-0.4315419912921256
201800007014,NonLethal,2018-08-26,07:15:00,Daylight,170,50,No,NoIntersection,Normal,2Vehicles-Behind,Autoroute A10 PK 471+200,M,45.479235440389,-0.4798369991644929
201800007015,NonLethal,2018-09-24,12:45:00,Daylight,330,502,No,NoIntersection,Normal,3+Vehicles-Chain,A10 P.K.506.100,M,45.18866858702815,-0.1891900502282475
201800007016,Lethal,2018-06-01,15:15:00,Daylight,740,67,Yes,NoIntersection,Normal,Other,RD 16 Route des Creuses,M,45.88698927450435,6.887039485329973
201800007017,NonLethal,2018-01-06,18:25:00,NightStreelightsOn,740,268,Yes,NoIntersection,Normal,Other,RUE CHAMP DE TAILLEE,M,45.8922470742116,6.8913540225058325
201800007018,NonLethal,2018-04-11,12:11:00,Daylight,740,268,Yes,Roundabout,Normal,Other,77 boulevard Costa de Be,M,45.88011398966708,6.878298343417481
201800007020,NonLethal,2018-08-29,17:45:00,Daylight,740,268,No,NoIntersection,HeavyRain,2Vehicles-BehindVehicles-Frontal,Avenue d'Aix-les-Bains,M,45.88849408508093,6.887811910099041
201800007021,Lethal,2018-09-14,10:20:00,Daylight,740,268,Yes,T-type,Normal,Other,Avenue de périaz,M,45.87473209476392,6.874109759533408
201800007022,NonLethal,2018-10-03,17:10:00,Daylight,740,67,No,NoIntersection,Normal,2Vehicles-Side,ROUTE DES CREUSES,M,45.88206946034333,6.8806709234796255
201800007023,NonLethal,2018-11-16,18:20:00,NightNoStreetLight,740,268,Yes,NoIntersection,Normal,2Vehicles-BehindVehicles-Frontal,Avenue d'AIX LES BAINS,M,45.885749546665146,6.886798539961208
201800007024,NonLethal,2018-11-28,20:40:00,NightStreelightsOn,740,268,Yes,Roundabout,Normal,2Vehicles-Side,Rond point du Maréchal J,M,45.89121015152133,6.8887332498211205
201800007026,NonLethal,2018-01-19,09:20:00,Daylight,10,43,No,Other,Normal,2Vehicles-Behind,"Autoroute A42, gare de p",M,45.82102035401966,4.82256189503677
201800007027,NonLethal,2018-01-19,04:25:00,NightNoStreetLight,690,299,No,NoIntersection,Normal,2Vehicles-Behind,"A432, point kilométrique",M,45.72227798900565,5.721574556704071
201800007029,NonLethal,2018-07-02,15:50:00,Daylight,10,47,No,NoIntersection,Overcast,2Vehicles-Side,D124 - PR 005.450,M,45.84972886553772,5.850448561611642
201800007031,NonLethal,2018-05-10,10:30:00,Daylight,690,288,No,NoIntersection,Normal,NoCollision,Autoroute A432 point kil,M,45.692955887316856,5.693433527728951
201800007032,NonLethal,2018-06-09,04:35:00,NightStreelightsOn,10,443,Yes,X-type,Normal,2Vehicles-Side,D1083 INTERSECTION D904,M,45.99963879025536,6.001053972407556
201800007033,Lethal,2018-06-24,01:40:00,NightNoStreetLight,10,7,No,NoIntersection,Normal,,Autoroute A42 point kilo,M,46.01641343146241,5.018301226016638
201800007034,NonLethal,2018-01-07,13:50:00,Daylight,10,32,No,NoIntersection,Normal,Other,Autoroute A42 - sens LYO,M,45.86436324109249,5.865347594234934
201800007035,NonLethal,2018-07-06,13:16:00,Daylight,10,450,No,NoIntersection,Normal,2Vehicles-Behind,A 42 PK 31+3OO sens GENE,M,,
201800007036,NonLethal,2018-09-29,05:05:00,NightNoStreetLight,10,89,No,Other,Normal,Other,Autoroute A42 - sortie 8,M,45.97293816627124,5.968784286907714
201800007037,NonLethal,2018-10-15,12:52:00,Daylight,10,7,No,NoIntersection,Normal,Other,Autoroute A42,M,46.01411107359128,5.017412608052297
201800007038,NonLethal,2018-10-18,15:10:00,Daylight,10,430,No,NoIntersection,Normal,2Vehicles-Behind,A42,M,46.04512581069691,5.045977809879223
201800007039,NonLethal,2018-10-25,04:00:00,NightNoStreetLight,10,142,No,Other,Normal,2Vehicles-Behind,A 42,M,45.84545202330731,5.845315692400142
201800007040,NonLethal,2018-05-11,21:10:00,NightStreelightsOn,10,49,Yes,X-type,Normal,2Vehicles-Side,RD1084,M,45.84645440644636,5.846165131143442
201800007042,NonLethal,2018-06-12,06:50:00,NightNoStreetLight,10,32,No,Other,LightRain,3+Vehicles-Chain,A42 - PK 24.400,M,45.862201788411866,5.864451837341692
201800007043,NonLethal,2018-12-15,18:45:00,NightNoStreetLight,690,299,No,NoIntersection,Normal,2Vehicles-Behind,PK 024.700 SENS MARSEILL,M,45.69810343044319,5.697127628467541
201800007044,Lethal,2018-12-20,12:55:00,Daylight,10,32,No,NoIntersection,Overcast,2Vehicles-Behind,A42 - Point kilométrique,M,45.86452818599927,5.863969948199992
201800007045,NonLethal,2018-12-28,10:15:00,Daylight,10,49,No,NoIntersection,Normal,2Vehicles-Side,PK 12.300 - sens GENEVE-,M,45.82989869629528,5.830483865161726
201800007046,Lethal,2018-12-19,17:28:00,TwilightOrDawn,370,240,No,X-type,LightRain,2Vehicles-Side,Nationale 10,M,47.591057949755154,9.589657362062692
201800007047,NonLethal,2018-05-30,13:15:00,Daylight,420,256,No,NoIntersection,LightRain,Other,Lieu-dit l'Etivant,M,45.47010781771706,4.469430873327685
201800007048,NonLethal,2018-06-30,23:00:00,NightNoStreetLight,420,169,Yes,NoIntersection,Normal,2Vehicles-Side,lieu dit Nus,M,45.45992385329946,4.4613779230644495
201800007049,NonLethal,2018-10-07,07:45:00,Daylight,420,256,No,NoIntersection,Normal,2Vehicles-BehindVehicles-Frontal,route de razoux,M,45.48306970464033,4.481830243575522
201800007051,NonLethal,2018-02-08,08:30:00,Daylight,420,279,Yes,T-type,Normal,2Vehicles-Side,route de bonson,M,45.50521672269637,4.5055031255904
201800007052,NonLethal,2018-07-29,01:50:00,NightStreelightsOn,420,279,Yes,X-type,Normal,2Vehicles-Side,boulevard du poyet,M,45.50043091453312,4.501127767834779
201800007053,NonLethal,2018-10-06,03:00:00,NightStreelightsOn,420,279,Yes,NoIntersection,Normal,Other,route de BONSON,M,45.5098335445091,4.510931750794567
201800007055,NonLethal,2018-12-28,18:30:00,NightNoStreetLight,420,42,No,NoIntersection,Normal,2Vehicles-BehindVehicles-Frontal,Dl08,M,45.457074883179175,4.458905470015075
201800007056,NonLethal,2018-02-27,14:00:00,Daylight,910,45,No,T-type,Overcast,2Vehicles-Side,avenue de la mutualité,M,48.54107023898968,2.5402409726079798
201800007057,NonLethal,2018-09-04,14:02:00,Daylight,910,649,No,NoIntersection,HeavyRain,2Vehicles-Behind,RD31,M,48.54323842557338,2.5440220104528373
201800007058,NonLethal,2018-09-06,18:57:00,Daylight,910,45,Yes,NoIntersection,Normal,NoCollision,rue eugene pereire,M,48.52944410276638,2.5301562126740853
201800007059,Lethal,2018-09-15,15:15:00,Daylight,910,649,No,NoIntersection,Normal,NoCollision,"D31, PK 1O+6",M,48.55301568563476,2.5520285915624905
201800007060,NonLethal,2018-09-28,10:15:00,Daylight,910,45,No,X-type,Normal,2Vehicles-Side,RD191,M,48.519303919713735,2.5164575853633573
201800007061,Lethal,2018-09-11,22:45:00,NightNoStreetLight,910,135,No,NoIntersection,Normal,Other,rue de noisement,M,48.5116422420752,2.510424614869458
201800007062,NonLethal,2018-01-11,17:40:00,NightNoStreetLight,60,152,No,NoIntersection,Normal,2Vehicles-Side,route du parc,M,43.61626633024748,7.619964588319447
201800007063,NonLethal,2018-01-23,07:50:00,Daylight,60,152,Yes,NoIntersection,Normal,Other,126 Avenue Georges Pompi,M,43.62353150583672,7.623307017698896
201800007064,NonLethal,2018-02-15,10:05:00,Daylight,60,152,Yes,NoIntersection,Normal,Other,476 route de nice,M,43.646900242430775,7.644734797866384
201800007065,NonLethal,2018-02-16,16:50:00,Daylight,60,152,Yes,NoIntersection,Normal,2Vehicles-Side,route du parc,M,43.60932966688881,7.607876748262211
201800007066,NonLethal,2018-02-16,21:40:00,NightNoStreetLight,60,152,No,NoIntersection,Normal,2Vehicles-BehindVehicles-Frontal,route de la Valmasque,M,43.606203287611365,7.605993871824502
201800007067,NonLethal,2018-12-03,13:10:00,Daylight,60,18,Yes,T-type,Normal,2Vehicles-Side,5364 route de Valbonne,M,43.63960200172036,7.638936202248784
201800007068,NonLethal,2018-03-28,12:30:00,Daylight,60,152,No,NoIntersection,Normal,2Vehicles-Behind,route des cretes,M,43.62134150934273,7.621897708855681
201800007069,NonLethal,2018-04-04,13:35:00,Daylight,60,152,No,T-type,LightRain,3+Vehicles-Chain,route des macarons,M,43.63837668935273,7.637364433271988
201800007070,NonLethal,2018-04-06,09:10:00,Daylight,60,152,No,NoIntersection,Normal,2Vehicles-Side,ROUTE DES CRETES,M,43.62510710687107,7.624151972764319
201800007071,NonLethal,2018-04-10,14:25:00,Daylight,60,18,Yes,Roundabout,LightRain,Other,route des dolines,M,43.624106559509926,7.622882946206744
201800007072,NonLethal,2018-04-16,05:00:00,NightNoStreetLight,60,152,No,NoIntersection,Normal,2Vehicles-Side,Route de la valmasque,M,43.60462682801148,7.605903736707646
201800007074,NonLethal,2018-04-19,12:20:00,Daylight,60,152,No,NoIntersection,Normal,Other,route d'Antibes,M,43.62515084972756,7.623886646044304
201800007075,NonLethal,2018-01-05,16:30:00,Daylight,60,155,No,Y-type,LightRain,NoCollision,D435,M,43.60221248039697,7.603088084210299
201800007076,NonLethal,2018-05-15,17:20:00,Daylight,60,18,No,NoIntersection,Normal,2Vehicles-Side,route des colles,M,43.616557753805054,7.616814244980409
201800007077,NonLethal,2018-05-31,13:25:00,Daylight,60,152,No,NoIntersection,Normal,Other,route des Macarons,M,43.64131508634233,7.641726677891134
201800007078,NonLethal,2018-01-06,08:15:00,Daylight,60,152,No,NoIntersection,Normal,2Vehicles-BehindVehicles-Frontal,route des macarrons,M,43.63188977536845,7.633470608227537
201800007079,NonLethal,2018-07-06,15:15:00,Daylight,60,152,Yes,NoIntersection,Normal,2Vehicles-BehindVehicles-Frontal,903 avenue de pierrefeu,M,43.64110842341919,7.64091824014224
201800007080,NonLethal,2018-06-09,07:45:00,Daylight,60,18,No,NoIntersection,Normal,2Vehicles-BehindVehicles-Frontal,Route d'Antibes,M,43.61926619682432,7.620453820659902
201800007083,NonLethal,2018-07-02,09:00:00,Daylight,60,152,No,NoIntersection,Normal,2Vehicles-Side,66O route des lucioles,M,43.61776943977173,7.617247420998782
201800007084,NonLethal,2018-02-07,09:05:00,Daylight,60,18,Yes,NoIntersection,Normal,Other,route d'Antibes,M,43.62396381104808,7.621872526806094
201800007085,NonLethal,2018-07-12,08:15:00,Daylight,60,18,Yes,NoIntersection,Normal,NoCollision,1020 route de Valbonne,M,43.63014579020211,7.630732208293777
201800007086,NonLethal,2018-08-05,16:10:00,Daylight,60,18,Yes,NoIntersection,Normal,Other,1114 route d'Antibes,M,43.62058129281535,7.6189162858327535
201800007087,NonLethal,2018-08-27,18:55:00,Daylight,60,152,Yes,NoIntersection,Normal,Other,12 boulevard Carnot,M,43.64251039723781,7.6449108977726095
201800007088,NonLethal,2018-09-25,08:55:00,Daylight,60,152,No,X-type,Normal,2Vehicles-Side,carrefour des lucioles,M,43.613634759201176,7.614453670899833
201800007089,NonLethal,2018-09-25,11:50:00,Daylight,60,152,No,NoIntersection,Normal,Other,1165 route des crêtes,M,43.62610914060446,7.627443545090245
201800007090,NonLethal,2018-05-10,13:00:00,Daylight,60,18,Yes,NoIntersection,Normal,Other,avenue   de Roumanille,M,43.62380789827088,7.623407554599534
201800007091,NonLethal,2018-10-10,03:30:00,NightStreelightsOn,60,152,No,NoIntersection,Normal,Other,route des Dolines,M,43.62707323169855,7.628419191313677
201800007093,NonLethal,2018-10-19,18:15:00,Daylight,60,18,Yes,Roundabout,Normal,2Vehicles-Behind,rond point la romaine,M,43.617289538420685,7.617765704836725
201800007094,NonLethal,2018-04-11,10:30:00,Daylight,60,152,No,NoIntersection,LightRain,Other,1988 route de nice,M,43.65179321515885,7.652108557849084
201800007095,NonLethal,2018-11-14,02:15:00,NightStreelightsOn,60,152,Yes,NoIntersection,Normal,NoCollision,ROUTE DES DOLINES,M,43.618111858371606,7.617069360154842
201800007096,NonLethal,2018-11-27,17:00:00,TwilightOrDawn,60,18,Yes,T-type,Normal,2Vehicles-Side,3140 route des Dolines -,M,43.621097984600205,7.622228308661301
201800007097,NonLethal,2018-07-12,18:06:00,NightStreelightsOn,60,152,Yes,NoIntersection,Normal,2Vehicles-Side,route des cretes,M,43.62242784525327,7.622261157962366
201800007098,NonLethal,2018-04-12,18:15:00,NightStreelightsOn,60,18,Yes,T-type,Normal,2Vehicles-Side,route des dolines,M,43.62783307178409,7.626852551609332
201800007099,NonLethal,2018-12-18,08:59:00,Daylight,60,18,Yes,NoIntersection,VeryGood,Other,12 route de valbonne,M,43.62946779701532,7.626896416550045
201800007100,NonLethal,2018-12-30,12:05:00,Daylight,60,152,No,NoIntersection,Normal,2Vehicles-BehindVehicles-Frontal,Route de la Valmasque RD,M,43.603569812427,7.60504446931206
201800007101,NonLethal,2018-01-13,18:00:00,NightStreelightsOn,690,244,Yes,NoIntersection,Normal,2Vehicles-BehindVehicles-Frontal,avenue Charles de Gaule,M,45.75148182201439,4.748120726862929
201800007102,NonLethal,2018-08-03,20:30:00,NightStreelightsOn,690,244,Yes,NoIntersection,Normal,NoCollision,42 avenue de la républiq,M,45.76299098575149,4.7634258926206
201800007103,NonLethal,2018-04-27,23:30:00,NightStreelightsOff,690,244,Yes,NoIntersection,Normal,2Vehicles-Side,142 avenue charles de ga,M,45.75681632147302,4.755437845509636
201800007104,NonLethal,2018-05-23,10:30:00,Daylight,690,244,Yes,NoIntersection,Normal,Other,12O avenue charles de ga,M,45.75909674619649,4.756081358238275
201800007106,NonLethal,2018-07-05,22:48:00,NightStreelightsOn,690,244,Yes,NoIntersection,Overcast,2Vehicles-Side,156 rue Joliot Curie,M,45.75114266266991,4.749964238870974
201800007108,NonLethal,2018-10-07,22:45:00,NightStreelightsOn,690,244,Yes,X-type,Normal,2Vehicles-Side,avenue general brosset,M,45.75777798031725,4.757515903838277
201800007109,NonLethal,2018-01-09,09:30:00,Daylight,690,244,Yes,Other,Normal,2Vehicles-Side,170 avenue Charles de GA,M,45.756458815756766,4.754745863332322
201800007110,NonLethal,2018-08-09,05:30:00,NightStreelightsOn,690,244,Yes,NoIntersection,Normal,2Vehicles-Side,Avenue Marechal foch,M,45.75998876955291,4.758528916021642
201800007112,NonLethal,2018-05-11,18:05:00,NightStreelightsOn,690,244,Yes,X-type,Normal,Other,Chles de Gaulle/Vert(ch),M,45.76148121881851,4.760573122479683
201800007113,NonLethal,2018-11-16,17:35:00,NightNoStreetLight,690,244,Yes,T-type,LightRain,2Vehicles-Side,11 novembre/ch Baraillon,M,45.76436687162392,4.763055361969011
201800007114,NonLethal,2018-11-17,00:05:00,NightNoStreetLight,690,44,No,NoIntersection,LightRain,NoCollision,avenue Jean Bergeron,M,45.7748578512191,4.777080166632085
201800007115,NonLethal,2018-12-17,12:40:00,Daylight,690,244,Yes,NoIntersection,Normal,2Vehicles-Side,183 rue joliot curie,M,45.75529204203355,4.753028619887068
201800007116,NonLethal,2018-12-01,09:18:00,Daylight,340,82,No,NoIntersection,VeryGood,3+Vehicles-Multiple,D l27,M,43.66637852917109,3.667550062030349
201800007117,NonLethal,2018-08-16,18:30:00,Daylight,340,255,No,NoIntersection,Normal,3+Vehicles-Multiple,départementale D986,M,43.68543126136128,3.6860803005781535
201800007118,NonLethal,2018-09-29,07:30:00,TwilightOrDawn,340,153,No,NoIntersection,Normal,2Vehicles-Behind,RD 986,M,43.739683425683616,3.73947843422382
201800007119,NonLethal,2018-10-04,17:45:00,Daylight,340,320,No,NoIntersection,Normal,2Vehicles-Behind,D127E6,M,43.66192694726498,3.659747696602877
201800007120,NonLethal,2018-11-17,16:10:00,Daylight,340,255,No,Roundabout,Normal,Other,RD 986 / RD 68 / RD 145,M,43.70691035558267,3.7084761106941615
201800007121,NonLethal,2018-01-03,03:00:00,NightNoStreetLight,10,69,No,NoIntersection,SnowOrHail,Other,A40 sens MACON-GENEVE pk,M,46.11981894732238,5.119646786006978
201800007122,NonLethal,2018-03-03,12:30:00,Daylight,10,232,No,NoIntersection,Normal,NoCollision,Autoroute A39,M,46.37478657311789,5.374327016529132
201800007123,NonLethal,2018-03-04,09:55:00,Daylight,10,254,No,NoIntersection,Normal,2Vehicles-Behind,A40 PK l58+000,M,46.16664193225184,5.1678493393553335
201800007124,NonLethal,2018-07-21,15:45:00,Daylight,10,29,No,NoIntersection,Normal,Other,A 39 pk 121+800,M,46.43033361026171,5.429601174402329
201800007125,NonLethal,2018-07-22,14:02:00,Daylight,10,451,No,NoIntersection,Normal,Other,A40 VERS MACON PK166+400,M,46.256702880169016,5.256556418343649
201800007126,NonLethal,2018-08-07,09:40:00,Daylight,10,195,No,NoIntersection,Normal,2Vehicles-Behind,A-40 PK 165+200,M,46.22388740659974,5.22430906783902
201800007127,NonLethal,2018-09-28,08:15:00,Daylight,10,24,No,NoIntersection,Normal,2Vehicles-Behind,"A40, sortie 5",M,46.25886657100073,5.259479014363552
201800007128,NonLethal,2018-11-05,17:20:00,Daylight,10,93,Yes,NoIntersection,Normal,2Vehicles-Behind,avenue Charles De Gaulle,M,46.12862137920137,4.126712749657055
201800007130,NonLethal,2018-12-24,14:40:00,Daylight,10,25,No,NoIntersection,Overcast,3+Vehicles-Chain,01380,M,46.28843819355413,4.290702977583568
201800007131,NonLethal,2018-12-29,16:12:00,Daylight,10,151,No,NoIntersection,Normal,2Vehicles-Behind,autoroute A.40,M,,
201800007132,NonLethal,2018-02-18,19:00:00,NightNoStreetLight,780,571,No,X-type,Normal,2Vehicles-Side,RD 307,M,48.86043696353655,2.8599780062101954
201800007133,NonLethal,2018-03-13,17:10:00,Daylight,780,43,Yes,NoIntersection,Normal,2Vehicles-BehindVehicles-Frontal,grille de maintenon,M,48.83921018865448,2.838271653873724
201800007135,NonLethal,2018-04-20,19:20:00,Daylight,780,571,No,NoIntersection,Normal,3+Vehicles-Multiple,ROUTE DE ST GERMAIN,M,48.86382603700427,2.8631992223323506
201800007136,NonLethal,2018-06-19,17:45:00,Daylight,780,455,No,Other,Normal,2Vehicles-BehindVehicles-Frontal,axe D161 PK7+O5O route d,M,48.84008964847014,2.839383759844114
201800007137,NonLethal,2018-12-07,18:40:00,Daylight,780,571,No,NoIntersection,Normal,2Vehicles-Behind,D 98,M,48.84723092599679,2.84612480452984