AccidentId,Gravity,Date,Hour,Light,Department,Commune,InAgglomeration,IntersectionType,Weather,CollisionType,PostalAddress,GPSCode,Latitude,Longitude
201800007138,NonLethal,2018-11-30,21:10:00,NightNoStreetLight,780,233,No,NoIntersection,LightRain,NoCollision,D 30,M,48.87319956288455,1.8757093561345148
201800007139,Lethal,2018-12-28,09:10:00,Daylight,780,152,No,NoIntersection,FogOrSmoke,Other,rue de mézu,M,48.84553511927552,1.8454852670343085
201800007140,Lethal,2018-05-07,13:40:00,Daylight,130,112,No,Y-type,Normal,2Vehicles-Side,avenue du Général LECLER,M,43.53781630003582,5.537626790519326
201800007141,NonLethal,2018-08-16,18:45:00,Daylight,130,112,Yes,NoIntersection,Normal,2Vehicles-Behind,avenue jean moulin,M,43.530473593857856,5.530865068273435
201800007142,NonLethal,2018-09-03,19:30:00,TwilightOrDawn,130,37,Yes,T-type,VeryGood,2Vehicles-Behind,AVENUE DU GÉNÉRAL DE GAU,M,43.55009440112065,5.552192138152408
201800007143,Lethal,2018-10-26,16:40:00,Daylight,130,112,No,NoIntersection,Normal,2Vehicles-BehindVehicles-Frontal,RD 20,M,43.53120503901872,5.530545884080662
201800007146,NonLethal,2018-04-20,09:15:00,Daylight,950,678,Yes,NoIntersection,VeryGood,2Vehicles-Side,AVENUE ARISTIDE QUILLET,M,49.06749228717175,2.0686665133887066
201800007147,NonLethal,2018-01-09,01:30:00,NightStreelightsOn,950,430,Yes,NoIntersection,Normal,2Vehicles-Behind,RUE DES CLOTTINS,M,49.06910756522491,2.071741512621762
201800007148,NonLethal,2018-09-29,15:55:00,Daylight,950,678,No,X-type,Normal,3+Vehicles-Multiple,RUE DE MERIEL,M,49.06890373886424,2.0704807851257803
201800007149,NonLethal,2018-10-20,16:06:00,Daylight,950,353,No,NoIntersection,Normal,Other,CHEMIN COMMUNAL,M,49.076360290632486,2.0779727101585537
201800007150,NonLethal,2018-02-19,12:15:00,Daylight,90,193,No,NoIntersection,Normal,Other,RD25,M,42.72561823043031,2.7263906491467726
201800007151,NonLethal,2018-01-15,07:15:00,NightStreelightsOn,350,189,Yes,Other,LightRain,Other,Lieu dit La Vizeule,M,48.14998901715909,-0.1492924955179176
201800007152,NonLethal,2018-03-19,08:55:00,Daylight,350,210,No,NoIntersection,Normal,2Vehicles-Behind,RN 12 sens St-Brieuc / R,M,48.14060795884195,-0.1393980112811067
201800007153,NonLethal,2018-05-01,18:00:00,Daylight,350,59,No,X-type,Normal,2Vehicles-Side,Les quatre vents,M,48.16784590240695,-0.1700103009349018
201800007154,NonLethal,2018-04-25,02:45:00,NightStreelightsOn,350,353,Yes,X-type,Normal,2Vehicles-Behind,intersection route de Lo,M,48.10513528705578,-0.1036678393083289
201800007156,NonLethal,2018-05-23,14:00:00,Daylight,350,131,Yes,NoIntersection,Normal,2Vehicles-Behind,Rue de Rennes,M,48.126465742640285,-0.1252016938138905
201800007157,NonLethal,2018-05-24,13:50:00,Daylight,350,131,No,NoIntersection,Normal,2Vehicles-Behind,La Verdais,M,48.131185435968575,-0.130193099748851
201800007158,NonLethal,2018-09-06,20:10:00,Daylight,350,59,Yes,NoIntersection,Normal,2Vehicles-BehindVehicles-Frontal,Boulevard du Grand bois,M,48.18242097222304,-0.1826889295425059
201800007159,Lethal,2018-07-27,21:05:00,TwilightOrDawn,350,131,No,Roundabout,Normal,Other,La Noé Biche,M,48.1226551908972,-0.1220381025548831
201800007160,NonLethal,2018-07-28,19:50:00,TwilightOrDawn,350,353,No,NoIntersection,Normal,2Vehicles-Behind,RN 12 PK 64,M,48.12449509152327,-0.1231633984272848
201800007161,NonLethal,2018-09-04,07:50:00,Daylight,350,353,No,T-type,Normal,2Vehicles-Side,"RD 125, croisement rue d",M,48.11678780460795,-0.1166448084487333
201800007164,NonLethal,2018-12-14,15:00:00,Daylight,350,240,No,X-type,Normal,2Vehicles-Side,LA BROSSE,M,48.10318805785019,-0.1007412511259955
201800007165,NonLethal,2018-07-18,01:34:00,NightNoStreetLight,420,11,No,NoIntersection,Normal,NoCollision,A89,M,45.83627009261389,4.835471361505023
201800007166,NonLethal,2018-10-24,22:15:00,NightNoStreetLight,420,173,No,NoIntersection,Normal,3+Vehicles-Chain,Autoroute A89 - PK 482,M,45.84346592220027,4.843100366875505
201800007167,NonLethal,2018-10-29,15:56:00,Daylight,420,209,No,NoIntersection,HeavyRain,3+Vehicles-Multiple,A89 PK 499,M,45.869101810857984,4.8698026082754255
201800007170,NonLethal,2018-12-11,07:30:00,TwilightOrDawn,420,38,No,NoIntersection,Normal,2Vehicles-BehindVehicles-Frontal,A72,M,45.64409089314264,4.642409296339432
201800007171,Lethal,2018-01-17,06:50:00,NightNoStreetLight,880,289,No,NoIntersection,LightRain,2Vehicles-Side,RD 429,M,48.12407797628119,5.123805111146026
201800007172,NonLethal,2018-02-07,12:30:00,Daylight,380,553,Yes,NoIntersection,LightRain,Other,rue de la raz,M,45.62145402154419,5.620732544750169
201800007173,NonLethal,2018-06-09,00:15:00,NightStreelightsOn,380,553,Yes,X-type,Overcast,2Vehicles-Behind,boulevard de VILLEFONTAI,M,45.62028703153048,5.617124118339447
201800007174,NonLethal,2018-04-10,18:10:00,Daylight,380,553,Yes,NoIntersection,Normal,2Vehicles-Side,67 rue du midi,M,45.61695860323363,5.617981449858358
201800007175,NonLethal,2018-10-22,05:30:00,NightNoStreetLight,380,553,Yes,NoIntersection,Overcast,2Vehicles-Side,Boulevard de Villefontai,M,45.61992066204781,5.617657193251904
201800007177,NonLethal,2018-03-06,07:45:00,Daylight,130,113,No,NoIntersection,LightRain,2Vehicles-Side,A.51 - PK 28+280,M,43.592238331672185,5.5921372787121415
201800007178,NonLethal,2018-03-17,23:00:00,NightNoStreetLight,130,74,No,NoIntersection,Normal,2Vehicles-Behind,"A51, 13860 Peyrolles-en-",M,43.6578315633101,5.658706748156724
201800007179,NonLethal,2018-05-27,15:25:00,Daylight,130,59,No,NoIntersection,Normal,2Vehicles-Behind,A51 PK 37+450,M,43.634672481907735,5.634162428571485
201800007182,NonLethal,2018-08-27,15:25:00,Daylight,130,99,No,NoIntersection,Normal,3+Vehicles-Chain,A.51,M,,
201800007184,NonLethal,2018-06-11,07:35:00,Daylight,130,99,No,Other,HeavyRain,Other,A51 - Pk 56+900,M,43.69662618694223,5.697767662114369
201800007185,NonLethal,2018-12-06,13:40:00,Daylight,130,113,No,T-type,VeryGood,2Vehicles-Side,CHEMIN DU COLLET REDON,M,43.59383078902625,5.597078774780688
201800007186,NonLethal,2018-02-14,20:00:00,NightStreelightsOn,180,148,No,T-type,LightRain,2Vehicles-BehindVehicles-Frontal,rd2020 pk10+300,M,47.20517082631091,2.20542612961247
201800007187,NonLethal,2018-03-15,11:50:00,Daylight,180,141,No,NoIntersection,Normal,Other,A71 - PK197 + 500,M,47.13772111010459,2.136451831502865
201800007188,NonLethal,2018-03-25,19:45:00,TwilightOrDawn,180,138,No,NoIntersection,Normal,Other,Autoroute A.71,M,47.08587324561239,2.084924259961896
201800007189,NonLethal,2018-04-28,11:20:00,Daylight,180,141,No,NoIntersection,LightRain,Other,A71,M,47.11131979381828,2.1103054331443776
201800007191,NonLethal,2018-10-06,15:12:00,Daylight,180,190,No,NoIntersection,Normal,Other,A71,M,47.12785416254448,2.12633474711777
201800007192,NonLethal,2018-08-26,07:50:00,Daylight,180,138,No,NoIntersection,Normal,NoCollision,A71 - PK 203+950,M,47.07068601542282,2.071548362236328
201800007193,NonLethal,2018-09-17,03:55:00,NightNoStreetLight,180,138,No,NoIntersection,Normal,2Vehicles-Behind,A71,M,47.10190981689868,2.09985421503406
201800007194,NonLethal,2018-09-23,09:40:00,Daylight,180,140,No,NoIntersection,Overcast,Other,Autoroute A20 PK10+688,M,47.15729407636758,1.1552144199219774
201800007195,NonLethal,2018-11-25,08:24:00,TwilightOrDawn,180,141,No,NoIntersection,LightRain,Other,A71 - PK 197.OOO,M,47.13857067425646,2.1372201361564493
201800007196,NonLethal,2018-01-18,18:00:00,TwilightOrDawn,340,333,No,Other,StrongWindOrStorm,3+Vehicles-Multiple,"D114, route des aresquie",M,43.47841891501896,3.478450520798985
201800007197,NonLethal,2018-10-02,23:30:00,NightNoStreetLight,340,159,No,NoIntersection,Normal,2Vehicles-Side,"d612, pk8.500",M,43.52157737512229,3.521943559323028
201800007198,NonLethal,2018-03-14,14:30:00,Daylight,340,337,No,NoIntersection,Normal,2Vehicles-Behind,D 185,M,43.53789990761784,3.539856007823283
201800007199,NonLethal,2018-10-04,17:15:00,Daylight,340,337,No,NoIntersection,Overcast,3+Vehicles-Multiple,"RD 185 lieu dit ""L'Arnel",M,43.5379309885698,3.537871882028904
201800007200,NonLethal,2018-05-17,17:00:00,Daylight,340,337,Yes,NoIntersection,Normal,2Vehicles-BehindVehicles-Frontal,avenue de la gare,M,43.53878925042714,3.5389978034004685
201800007203,Lethal,2018-07-14,06:00:00,TwilightOrDawn,340,159,No,NoIntersection,Normal,Other,RD612,M,43.52186623837708,3.52062376399055
201800007204,Lethal,2018-08-02,00:40:00,NightNoStreetLight,340,333,No,NoIntersection,Normal,2Vehicles-Behind,CD 612,M,43.480963523391786,3.484053630007507
201800007205,NonLethal,2018-01-09,12:40:00,Daylight,340,337,No,X-type,VeryGood,2Vehicles-Side,D 185,M,43.54235248895337,3.5437626167166707
201800007207,NonLethal,2018-11-26,16:30:00,Daylight,340,337,No,NoIntersection,VeryGood,2Vehicles-BehindVehicles-Frontal,RD 185 Pk 8+960,M,43.54456414228249,3.5466663636087787
201800007208,Lethal,2018-12-04,07:50:00,Daylight,340,337,No,Other,Normal,3+Vehicles-Multiple,route départementale 185,M,43.54364148682394,3.547005781760848
201800007209,NonLethal,2018-12-15,14:00:00,Daylight,340,333,No,NoIntersection,LightRain,2Vehicles-Side,"RD 114 Pk 24+200, Pk cro",M,43.50326568664023,3.5007989095095127
201800007211,NonLethal,2018-02-17,18:00:00,TwilightOrDawn,10,331,No,NoIntersection,LightRain,Other,A 40 PK 135.000 directio,M,46.09831681212894,5.099276344753989
201800007212,NonLethal,2018-03-18,11:20:00,Daylight,10,228,No,NoIntersection,Overcast,Other,"autoroute A40, échangeur",M,46.13990943440863,5.139261365860783
201800007213,NonLethal,2018-01-05,11:00:00,Daylight,10,273,No,NoIntersection,Overcast,Other,Autoroute A40 PK 140.920,M,46.083889633446965,5.083406752166012
201800007214,NonLethal,2018-05-05,13:11:00,Daylight,10,67,No,NoIntersection,Normal,Other,A40 PK 132.400,M,46.12196393015682,5.121215748724946
201800007215,NonLethal,2018-05-11,09:11:00,Daylight,10,373,No,NoIntersection,Normal,NoCollision,"autoroute 40, PK 123+400",M,46.12734745230204,5.129101015731971
201800007216,NonLethal,2018-08-14,10:50:00,Daylight,10,91,No,NoIntersection,LightRain,3+Vehicles-Chain,A 40,M,46.13844836541576,5.14160097652863
201800007217,NonLethal,2018-09-17,15:40:00,Daylight,10,67,No,NoIntersection,Normal,Other,Aire de ceignes haut bug,M,46.12624643824231,5.126946675817958
201800007218,NonLethal,2018-10-31,11:50:00,Daylight,10,373,No,NoIntersection,Normal,2Vehicles-Behind,d12,M,46.12782486906826,5.1263275270013695
201800007219,NonLethal,2018-11-26,18:30:00,NightStreelightsOn,10,274,No,NoIntersection,LightRain,Other,Autoroute A 40,M,46.132191770230826,5.130721479414234
201800007220,NonLethal,2018-11-30,08:40:00,Daylight,10,228,No,NoIntersection,LightRain,Other,"A404, bretelle sortie n°",M,46.13726122504126,5.137790496895455
201800007222,NonLethal,2018-01-09,08:55:00,TwilightOrDawn,130,51,No,NoIntersection,Normal,Other,route du stade,M,43.59931889817459,5.599313829525684
201800007223,Lethal,2018-01-12,11:38:00,Daylight,130,44,No,NoIntersection,Normal,Other,RN 569,M,43.62265737327453,5.621260858699048
201800007224,NonLethal,2018-01-19,19:30:00,NightNoStreetLight,130,91,No,X-type,Normal,2Vehicles-Side,,M,43.59357987404903,5.591597942533069
201800007225,NonLethal,2018-01-26,18:00:00,NightNoStreetLight,130,69,No,NoIntersection,HeavyRain,Other,38 Route de Salon,M,43.62907018307023,5.628411225117478
201800007226,Lethal,2018-06-02,16:25:00,Daylight,130,69,Yes,NoIntersection,LightRain,Other,cour victor hugo,M,43.62904145683742,5.629294627078767
201800007227,NonLethal,2018-03-08,20:30:00,NightNoStreetLight,130,51,Yes,NoIntersection,Normal,Other,Route départementale 113,M,43.58685209944024,5.587987518436272
201800007228,NonLethal,2018-03-09,18:45:00,NightNoStreetLight,130,44,No,X-type,Normal,2Vehicles-Side,D19,M,43.622514756102994,5.6207148761339045
201800007229,NonLethal,2018-03-17,20:10:00,NightNoStreetLight,130,44,No,Other,LightRain,2Vehicles-BehindVehicles-Frontal,Le clos des Eyssauts,M,43.6002296647814,5.5994822415104535
201800007231,NonLethal,2018-03-21,06:30:00,TwilightOrDawn,130,51,No,NoIntersection,Normal,2Vehicles-BehindVehicles-Frontal,RD15,M,43.60093036547983,5.601776816712506
201800007232,NonLethal,2018-04-30,17:10:00,Daylight,130,51,No,NoIntersection,Normal,2Vehicles-Side,D21 - Col des fourches,M,43.56552825082122,5.565796643825874
201800007233,NonLethal,2018-05-03,17:00:00,Daylight,130,44,No,NoIntersection,Normal,2Vehicles-Behind,RD 70,M,43.599111619235046,5.598955020183404
201800007234,NonLethal,2018-05-17,17:50:00,Daylight,130,9,No,NoIntersection,Normal,2Vehicles-BehindVehicles-Frontal,RD 17,M,43.59659076083611,5.595131051747343
201800007236,NonLethal,2018-12-06,02:30:00,NightNoStreetLight,130,44,No,NoIntersection,Normal,2Vehicles-BehindVehicles-Frontal,D69,M,43.62093169831587,5.617272551445726
201800007237,NonLethal,2018-06-15,15:15:00,Daylight,130,51,No,X-type,Normal,2Vehicles-Behind,RD 15,M,43.615891607860256,5.613203472148423
201800007238,NonLethal,2018-04-07,23:15:00,NightStreelightsOn,130,69,Yes,NoIntersection,Normal,Other,av. Gabriel Reynaud,M,43.63642380427466,5.636497242598869
201800007239,NonLethal,2018-07-11,21:00:00,NightNoStreetLight,130,44,No,NoIntersection,Normal,2Vehicles-BehindVehicles-Frontal,RD19,M,43.61513631805314,5.616655543863087
201800007240,NonLethal,2018-01-08,08:20:00,Daylight,130,69,No,Roundabout,Normal,2Vehicles-Side,ROND-POINT ROUTE DEPARTE,M,,
201800007241,NonLethal,2018-07-08,12:00:00,Daylight,130,51,No,NoIntersection,Normal,Other,RD 19,M,43.58450196383174,5.582472381155582
201800007242,NonLethal,2018-10-09,18:15:00,Daylight,130,9,No,X-type,Normal,2Vehicles-Side,les 4 termes,M,43.59383143286366,5.593465702530481
201800007243,NonLethal,2018-09-19,18:55:00,Daylight,130,69,Yes,Other,Normal,NoCollision,route de Salon RD572,M,43.629579942944375,5.629540504332996
201800007244,NonLethal,2018-09-23,01:45:00,NightNoStreetLight,130,63,No,NoIntersection,Normal,2Vehicles-Behind,D 69,M,43.5807640698149,5.581494671704737
201800007245,NonLethal,2018-10-15,20:45:00,NightNoStreetLight,130,44,No,T-type,HeavyRain,Other,RD 19,M,43.61914777367336,5.616043516675095
201800007246,NonLethal,2018-10-24,08:20:00,TwilightOrDawn,130,9,No,NoIntersection,VeryGood,2Vehicles-BehindVehicles-Frontal,RD 17,M,43.59631181857395,5.595693296262642
201800007247,NonLethal,2018-11-08,08:02:00,Daylight,130,69,No,NoIntersection,Normal,Other,RD 15,M,43.62973551151441,5.630174406196994
201800007248,NonLethal,2018-11-16,05:50:00,NightNoStreetLight,130,44,No,T-type,Normal,2Vehicles-BehindVehicles-Frontal,RD69  PK4+500,M,43.619667795549184,5.620293424078725
201800007249,Lethal,2018-11-24,12:30:00,Daylight,130,9,Yes,X-type,Normal,2Vehicles-Side,RD572,M,43.627393088624046,5.627308418241018
201800007250,NonLethal,2018-03-12,17:00:00,TwilightOrDawn,130,44,No,NoIntersection,Normal,2Vehicles-Behind,RD 19,M,43.59866617538676,5.598766870664829
201800007253,Lethal,2018-12-27,07:30:00,NightNoStreetLight,130,44,No,NoIntersection,Normal,Other,RN569 - PK 2+100,M,43.62193163688104,5.622292854890626
201800007254,NonLethal,2018-01-27,18:40:00,NightNoStreetLight,30,118,No,NoIntersection,Normal,Other,A71 Point kilométrique 3,M,46.09536021504741,3.094331504532474
201800007255,NonLethal,2018-02-25,13:46:00,Daylight,30,182,No,NoIntersection,Normal,NoCollision,A719,M,46.115337039027466,3.115875013004953
201800007256,NonLethal,2018-04-14,14:30:00,Daylight,30,243,No,NoIntersection,Normal,2Vehicles-Behind,A71 PK 319+300,M,46.32369640876612,2.3244766776324712
201800007257,NonLethal,2018-06-17,11:20:00,Daylight,30,186,No,NoIntersection,Normal,3+Vehicles-Chain,Gare de Péage de Montmar,M,46.32637438516805,2.3274956136335176
201800007258,NonLethal,2018-06-19,23:00:00,NightNoStreetLight,30,118,No,NoIntersection,Normal,2Vehicles-Behind,autoroute A71 pk 352+100,M,46.09461004381822,3.095084482208753
201800007260,NonLethal,2018-12-20,06:00:00,NightNoStreetLight,30,118,No,NoIntersection,Other,2Vehicles-Behind,A71 PK 348.900 en direct,M,46.10190209213983,3.103641709114054
201800007261,NonLethal,2018-06-26,06:50:00,Daylight,630,82,No,NoIntersection,Normal,2Vehicles-Behind,A71,M,,
201800007262,NonLethal,2018-07-06,16:00:00,Daylight,630,113,No,NoIntersection,Normal,Other,A 71,M,,
201800007263,NonLethal,2018-03-10,17:30:00,Daylight,630,164,No,NoIntersection,Normal,3+Vehicles-Chain,Autoroute A71 péage sens,M,,
201800007264,NonLethal,2018-09-10,15:20:00,Daylight,630,167,No,NoIntersection,Normal,NoCollision,A 7l PK 367,M,45.95538708116444,3.9570827462331
201800007265,NonLethal,2018-04-16,13:45:00,Daylight,60,84,Yes,Other,Normal,Other,"3, avenue Marcel Journet",M,43.62085009108733,6.619929358733615
201800007266,NonLethal,2018-12-05,18:38:00,Daylight,490,323,No,NoIntersection,Normal,Other,Autoroute A11- PK 254.30,M,47.51010098041038,-0.5114172174509466
201800007269,NonLethal,2018-07-07,12:00:00,Daylight,490,188,No,NoIntersection,Normal,3+Vehicles-Chain,autoroute A11 PK 238+500,M,47.59401627393095,-0.5926061800864411
201800007270,Lethal,2018-10-10,14:11:00,Daylight,490,18,Yes,NoIntersection,Normal,2Vehicles-BehindVehicles-Frontal,D766 40 rue principale,M,47.54417243082722,-0.5461620958750446
201800007272,NonLethal,2018-04-06,12:56:00,Daylight,400,209,No,NoIntersection,Normal,2Vehicles-Behind,A63,M,43.5616942859379,-0.5621565545492666
201800007274,NonLethal,2018-08-08,03:20:00,NightNoStreetLight,400,168,No,NoIntersection,Normal,NoCollision,A63 PR 131+100,M,43.765500726038766,-0.7662389598941898
201800007275,NonLethal,2018-06-26,04:07:00,NightNoStreetLight,400,152,No,NoIntersection,Normal,2Vehicles-Behind,A63,M,43.93181490582256,-0.9333145348107548
201800007276,NonLethal,2018-09-07,19:40:00,Daylight,400,210,No,NoIntersection,Normal,2Vehicles-Side,A63,M,44.03450398887999,-0.0337164328616434
201800007277,NonLethal,2018-08-03,06:00:00,TwilightOrDawn,400,210,No,NoIntersection,Normal,3+Vehicles-Chain,autoroute A63 PR 90+100,M,44.071368923103066,-0.0723263652086418
201800007280,NonLethal,2018-12-19,20:50:00,NightStreelightsOn,100,387,Yes,T-type,Overcast,2Vehicles-Side,PREIZE (RUE DE),M,48.31275107936992,4.310943278627718
201800007281,NonLethal,2018-01-08,19:32:00,NightStreelightsOn,100,387,Yes,T-type,Normal,2Vehicles-Behind,JEAN LOUIS DELAPORTE (RU,M,48.29721341307774,4.294855010498658
201800007282,NonLethal,2018-01-02,18:40:00,NightStreelightsOn,100,387,Yes,NoIntersection,LightRain,Other,"34, EDMOND FARIAT (RUE)",M,48.29254028804569,4.292026963829667
201800007284,NonLethal,2018-01-29,18:29:00,NightStreelightsOn,100,387,Yes,NoIntersection,Normal,2Vehicles-Side,PREMIER RAM (RUE DU),M,48.29226816816483,4.29167490776216
201800007285,NonLethal,2018-01-18,10:07:00,Daylight,100,81,No,NoIntersection,LightRain,NoCollision,ROCADE OUEST (RD 610),M,48.3275001147905,4.329595903012339
201800007286,NonLethal,2018-01-20,14:29:00,Daylight,100,357,No,NoIntersection,LightRain,2Vehicles-BehindVehicles-Frontal,ROCADE EST (RD 610),M,48.27391057792256,4.276266802902939
201800007287,Lethal,2018-01-16,19:45:00,NightNoStreetLight,100,81,No,NoIntersection,Normal,Other,PENETRANTE NORD,M,48.32530348067443,4.326125674539134
201800007288,NonLethal,2018-01-30,12:02:00,Daylight,100,387,Yes,Roundabout,Normal,Other,CHOMEDEY DE MAISONNEUVE,M,48.3075930958563,4.309029983879707
201800007289,NonLethal,2018-01-23,18:00:00,NightStreelightsOn,100,387,Yes,NoIntersection,Normal,2Vehicles-Behind,"36, PREMIER MAI (RUE DU)",M,48.30502850448147,4.304228557867677
201800007290,NonLethal,2018-01-17,09:05:00,Daylight,100,387,Yes,NoIntersection,Normal,2Vehicles-Behind,JULES GUESDE (RUE),M,48.29278010698831,4.292206329055336
201800007291,NonLethal,2018-10-02,21:22:00,NightStreelightsOn,100,297,No,NoIntersection,Normal,Other,TIRVERTS (RUE),M,48.32086623182256,4.320130872975673
201800007292,NonLethal,2018-02-14,18:58:00,Daylight,100,357,Yes,NoIntersection,Normal,Other,HENRI BARBUSSE (RUE),M,48.30016644060311,4.300709471321276
201800007293,NonLethal,2018-03-03,19:25:00,NightStreelightsOn,100,333,Yes,X-type,Normal,2Vehicles-Side,PRESIDENT WILSON (RUE),M,48.99100811549095,4.987490337427928
201800007294,NonLethal,2018-03-30,22:44:00,NightStreelightsOn,100,387,Yes,Other,Normal,2Vehicles-Side,JULES GUESDE (RUE),M,48.29047328580511,4.290324729162033
201800007295,NonLethal,2018-02-16,12:25:00,Daylight,100,321,Yes,Other,Normal,Other,JEAN JAURES (RUE),M,48.28767941950205,4.287375957074318
201800007296,NonLethal,2018-04-01,06:47:00,NightStreelightsOn,100,387,Yes,NoIntersection,Normal,NoCollision,LA FONTAINE (RUE),M,48.2971552087165,4.298547389161702
201800007297,NonLethal,2018-04-05,17:21:00,Daylight,100,362,Yes,NoIntersection,Normal,Other,JULES FERRY (RUE),M,48.29873683304771,4.299284260245307
201800007298,NonLethal,2018-04-06,09:08:00,Daylight,100,362,Yes,NoIntersection,Normal,Other,MARC SEGUIN (RUE),M,48.291535334728,4.291404923369209
201800007299,NonLethal,2018-04-16,04:31:00,NightStreelightsOn,100,387,Yes,NoIntersection,Normal,NoCollision,GEORGES POMPIDOU (RUE),M,48.2929157135629,4.291969484796197
201800007300,NonLethal,2018-04-16,22:10:00,NightStreelightsOn,100,387,Yes,Other,Normal,Other,CHARLES DELAUNAY (RUE),M,48.30101091595885,4.302447511812042
201800007302,NonLethal,2018-03-17,10:18:00,Daylight,100,343,Yes,NoIntersection,Normal,Other,DIJON (RUE DE),M,48.26910461293547,4.267392002853541
201800007304,NonLethal,2018-04-19,17:39:00,Daylight,100,81,Yes,Other,Normal,Other,ROGER SALENGRO (NATIONAL,M,48.31399689007523,4.312861914770454
201800007305,NonLethal,2018-04-19,21:02:00,NightStreelightsOn,100,343,Yes,NoIntersection,Normal,NoCollision,COOPERATIVE (RUE DE LA ),M,48.27124458603465,4.2691764859480354
201800007306,NonLethal,2018-04-21,09:15:00,Daylight,100,81,Yes,NoIntersection,Normal,2Vehicles-Behind,JULES FERRY (RUE),M,48.32076806466897,4.319398812041767
201800007308,NonLethal,2018-04-23,10:32:00,Daylight,100,362,Yes,NoIntersection,Normal,Other,GENERAL GALLIENI (RUE DU,M,48.29399837363821,4.293536791722823
201800007309,NonLethal,2018-04-24,14:48:00,Daylight,100,81,Yes,X-type,Normal,2Vehicles-Side,MIRABEAU (RUE),M,48.31028396891573,4.310465007932255
201800007310,NonLethal,2018-04-26,14:17:00,Daylight,100,387,Yes,NoIntersection,Normal,2Vehicles-Side,PASTEUR (RUE),M,48.30240937446833,4.303111883152015
201800007311,NonLethal,2018-04-28,02:10:00,NightNoStreetLight,100,81,No,NoIntersection,Normal,2Vehicles-Behind,GENERAL SARRAIL (AVE),M,48.3027976474824,4.303225370326318
201800007312,NonLethal,2018-04-27,19:15:00,Daylight,100,387,Yes,X-type,Normal,3+Vehicles-Chain,FAUBOURG CRONCELS (RUE D,M,48.28614262280827,4.283243515068593
201800007313,NonLethal,2018-04-28,14:35:00,Daylight,100,357,Yes,T-type,LightRain,3+Vehicles-Multiple,ROUTE DE BOURANTON (D147,M,48.29863135236877,4.295601857026831
201800007314,NonLethal,2018-04-29,17:15:00,Daylight,100,81,No,NoIntersection,LightRain,Other,ROCADE OUEST (RD 610),M,48.33014279112188,4.330679470704448
201800007315,NonLethal,2018-10-03,10:05:00,Daylight,100,81,Yes,NoIntersection,Normal,Other,"39, MARCEL DEFRANCE (RUE",M,48.30704097589406,4.30544550475552
201800007316,NonLethal,2018-03-26,12:03:00,Daylight,100,387,Yes,X-type,Normal,2Vehicles-BehindVehicles-Frontal,GUSTAVE MASSON (RUE),M,48.27463931193166,4.273780394962983
201800007317,NonLethal,2018-01-05,15:00:00,Daylight,100,387,Yes,X-type,Normal,2Vehicles-Side,GAMBETTA (RUE),M,48.30018180555964,4.300287843778961
201800007318,NonLethal,2018-05-05,19:00:00,Daylight,100,333,No,NoIntersection,Normal,2Vehicles-Behind,ROCADE OUEST (RD 610),M,48.2787708160437,4.279596187768909
201800007320,NonLethal,2018-06-05,18:50:00,Daylight,100,387,Yes,NoIntersection,Normal,Other,MAURICE ROMAGON (RUE),M,48.2785362539953,4.279827050592521
201800007322,NonLethal,2018-08-05,22:16:00,NightNoStreetLight,100,81,Yes,T-type,Normal,2Vehicles-BehindVehicles-Frontal,ROGER SALENGRO (NATIONAL,M,48.31210395050135,4.312534156375834
201800007323,NonLethal,2018-10-05,08:00:00,Daylight,100,297,Yes,NoIntersection,Normal,Other,TIRVERTS (RUE),M,48.31435877524255,4.312410794747241
201800007324,NonLethal,2018-12-05,03:58:00,NightNoStreetLight,100,81,No,NoIntersection,Normal,2Vehicles-Behind,ROCADE OUEST (RD 610),M,48.32999177300292,4.329968033625876
201800007326,NonLethal,2018-05-17,12:18:00,Daylight,100,387,Yes,NoIntersection,Normal,Other,PIERRE BROSSOLETTE (RUE),M,48.29127505569257,4.29095667202251
201800007327,NonLethal,2018-05-17,20:15:00,Daylight,100,387,Yes,X-type,Normal,2Vehicles-Side,LIEUTENANT PIERRE MURARD,M,48.30447405940555,4.303125788249966
201800007328,NonLethal,2018-05-22,19:48:00,Daylight,100,387,Yes,X-type,Normal,2Vehicles-Side,GENERAL DE GAULLE (RUE D,M,48.298431377561336,4.299417104633516
201800007329,NonLethal,2018-05-23,12:15:00,Daylight,100,333,Yes,NoIntersection,Normal,2Vehicles-Side,CHARLES DERNUET (RUE),M,48.288079436202906,4.288198157685857
201800007330,NonLethal,2018-05-25,05:55:00,Daylight,100,387,Yes,Roundabout,Normal,2Vehicles-Side,ROBERT GALLEY (RUE),M,48.2892964800158,4.2893178567020165
201800007331,NonLethal,2018-05-25,16:10:00,Daylight,100,333,Yes,Other,Normal,2Vehicles-BehindVehicles-Frontal,ECHENILLY (RUE),M,48.27565077578739,4.273155030886668