AccidentId,Gravity,Date,Hour,Light,Department,Commune,InAgglomeration,IntersectionType,Weather,CollisionType,PostalAddress,GPSCode,Latitude,Longitude
201800007332,NonLethal,2018-05-29,08:39:00,Daylight,100,387,Yes,X-type,HeavyRain,3+Vehicles-Chain,CHARMILLES (MAIL DES),M,48.29479389451195,4.297021223269506
201800007334,NonLethal,2018-06-01,23:23:00,NightStreelightsOn,100,387,Yes,Square,Normal,Other,QUATORZE JUILLET (RUE DU,M,48.2963939792192,4.295189798344194
201800007335,NonLethal,2018-06-03,06:23:00,Daylight,100,387,Yes,Other,Normal,Other,CHARMILLES (MAIL DES),M,48.301488783167976,4.30065342063519
201800007336,NonLethal,2018-05-06,07:36:00,Daylight,100,387,Yes,NoIntersection,Overcast,NoCollision,JULES GUESDE (RUE),M,48.283551895547006,4.283714427865778
201800007337,NonLethal,2018-06-05,17:59:00,Daylight,100,387,Yes,NoIntersection,Normal,Other,JULES GUESDE (RUE),M,48.29283778749885,4.292855966692366
201800007338,NonLethal,2018-06-06,11:38:00,Daylight,100,357,Yes,Roundabout,Normal,2Vehicles-Side,GENERAL DE GAULLE (RUE D,M,48.29537899822148,4.296633369154798
201800007339,NonLethal,2018-06-02,18:43:00,Daylight,100,387,Yes,T-type,Normal,2Vehicles-Side,CONRAD DE BREBAN (RUE),M,48.300967115222285,4.2998988343926525
201800007340,NonLethal,2018-06-06,20:25:00,Daylight,100,387,Yes,Other,LightRain,2Vehicles-Side,RAYMOND BURGARD (RUE),M,48.27523928353912,4.274941340696131
201800007343,NonLethal,2018-06-13,13:22:00,Daylight,100,325,Yes,Other,Normal,NoCollision,PARMENTIER (RUE),M,48.26543040006503,4.263628849244997
201800007345,NonLethal,2018-06-17,00:03:00,NightStreelightsOn,100,387,Yes,X-type,Normal,2Vehicles-Side,GENERAL LECLERC (RUE DU),M,48.30664672792392,4.309720764475192
201800007346,NonLethal,2018-06-17,12:04:00,Daylight,100,387,Yes,NoIntersection,Normal,Other,EDOUARD HERRIOT (RUE),M,48.27995864043806,4.280129765637968
201800007347,NonLethal,2018-06-20,14:36:00,Daylight,100,387,Yes,NoIntersection,Normal,Other,JEANNE D'ARC (RUE),M,48.29324422317433,4.291614532125608
201800007348,NonLethal,2018-06-21,18:27:00,Daylight,100,387,Yes,NoIntersection,Normal,Other,DAMPIERRE (QUAI),M,48.30003219325066,4.301480808461503
201800007349,NonLethal,2018-06-23,10:04:00,Daylight,100,387,Yes,Other,Normal,2Vehicles-Side,PASTEUR (RUE),M,48.30194670109427,4.302832234634866
201800007350,NonLethal,2018-06-23,17:35:00,Daylight,100,81,Yes,NoIntersection,Normal,Other,GASTON COHEN (RUE),M,48.30686451828382,4.3068915466312
201800007351,NonLethal,2018-06-25,12:12:00,Daylight,100,387,Yes,NoIntersection,Normal,Other,GAUTHERIN (RUE),M,48.29125980714805,4.292585776491074
201800007352,NonLethal,2018-06-28,13:50:00,Daylight,100,387,Yes,X-type,Normal,2Vehicles-Side,VOULDY (CHAUSSEE DU),M,48.285766691770384,4.2874337934735
201800007353,NonLethal,2018-01-07,21:50:00,Daylight,100,387,Yes,NoIntersection,Normal,Other,MAROTS (RUE DES),M,48.30604830920432,4.307195832282795
201800007354,NonLethal,2018-02-07,19:36:00,Daylight,100,387,Yes,NoIntersection,LightRain,NoCollision,BEGAND (RUE),M,48.29391111261183,4.292889466967188
201800007355,NonLethal,2018-02-07,19:17:00,Daylight,100,297,Yes,Other,Normal,2Vehicles-Behind,ROGER SALENGRO (RUE),M,48.31286381864503,4.310142380829485
201800007356,NonLethal,2018-06-07,00:32:00,NightStreelightsOn,100,387,Yes,Other,HeavyRain,2Vehicles-Side,HENRI BARBUSSE (RUE),M,48.29983814927932,4.299861689151327
201800007357,NonLethal,2018-08-07,03:38:00,NightStreelightsOn,100,387,Yes,NoIntersection,Normal,Other,LOUIS BERTHOLLET (RUE),M,48.30723799116032,4.307298837635447
201800007358,NonLethal,2018-10-07,22:05:00,TwilightOrDawn,100,362,Yes,T-type,Normal,2Vehicles-Side,CHANTELOUP (CD),M,48.30000990612557,4.30000472169958
201800007359,NonLethal,2018-07-13,15:20:00,Daylight,100,387,Yes,X-type,Normal,2Vehicles-Side,WILLIAM ET CATHERINE BOO,M,48.31177700057408,4.310626343941993
201800007360,NonLethal,2018-07-14,00:32:00,NightStreelightsOn,100,387,Yes,NoIntersection,Normal,3+Vehicles-Multiple,PREMIER MAI (RUE DU),M,48.30430896788104,4.304907128512703
201800007362,NonLethal,2018-07-21,19:00:00,Daylight,100,387,Yes,X-type,Normal,2Vehicles-Side,ST DOMINIQUE (MAIL),M,48.29656314356773,4.295923180508277
201800007363,NonLethal,2018-07-21,20:34:00,Daylight,100,81,Yes,NoIntersection,Normal,2Vehicles-Side,CULOISON (RUE),M,48.32112387556725,4.324574181739141
201800007365,NonLethal,2018-07-24,21:07:00,Daylight,100,387,Yes,Roundabout,Normal,2Vehicles-Side,WOOD ET WEST (RUE),M,48.29311858457246,4.292899279889333
201800007366,NonLethal,2018-07-25,12:30:00,Daylight,100,387,Yes,NoIntersection,Normal,2Vehicles-Behind,MAJOR GENERAL VANIER (AV,M,,
201800007367,NonLethal,2018-07-27,06:10:00,Daylight,100,333,No,NoIntersection,Normal,Other,ROCADE OUEST (RD 610),M,48.2830398643149,4.281587469324682
201800007368,NonLethal,2018-07-30,10:05:00,Daylight,100,387,Yes,NoIntersection,Normal,Other,BLANQUI (RUE),M,48.306272413900444,4.30666721563729
201800007369,NonLethal,2018-07-30,17:33:00,Daylight,100,387,Yes,T-type,Normal,2Vehicles-Side,PETITE RUE ROBERT,M,48.29296179544736,4.294840834548827
201800007370,NonLethal,2018-07-30,18:00:00,Daylight,100,387,Yes,X-type,Normal,2Vehicles-Side,GENERAL CHARLES DELESTRA,M,48.29287088004445,4.292841059021352
201800007371,NonLethal,2018-07-31,09:23:00,Daylight,100,387,Yes,NoIntersection,Normal,Other,GENERAL LECLERC (RUE DU),M,48.30678462625564,4.306763917508771
201800007372,NonLethal,2018-07-31,13:16:00,Daylight,100,387,Yes,NoIntersection,Normal,2Vehicles-Side,BLANQUI (RUE),M,48.3026556907033,4.303403693684908
201800007373,NonLethal,2018-08-01,13:41:00,Daylight,100,357,Yes,X-type,Normal,2Vehicles-Side,GENERAL DE GAULLE (RUE D,M,48.29911627725946,4.2998464681650415
201800007374,NonLethal,2018-08-01,18:47:00,Daylight,100,343,Yes,NoIntersection,Normal,2Vehicles-Side,GAMBETTA (RUE),M,48.274654809450624,4.2745213707776974
201800007376,NonLethal,2018-02-08,21:21:00,TwilightOrDawn,100,387,Yes,NoIntersection,Normal,Other,ST PIERRE (RUE),M,48.300020878492624,4.299014830070809
201800007377,NonLethal,2018-08-03,14:10:00,Daylight,100,387,Yes,X-type,Normal,2Vehicles-Side,PREIZE (RUE DE),M,48.30491775703177,4.302874673073337
201800007378,NonLethal,2018-04-08,22:30:00,NightStreelightsOn,100,362,Yes,T-type,Normal,2Vehicles-Side,GENERAL LECLERC (RUE DU),M,48.29137490883869,4.291926305230852
201800007379,NonLethal,2018-09-08,14:09:00,Daylight,100,81,Yes,Other,Normal,2Vehicles-Behind,ROCADE OUEST (RD 61O),M,48.30223202669744,4.305143335876019
201800007381,NonLethal,2018-08-13,09:55:00,Daylight,100,387,Yes,X-type,Normal,2Vehicles-Side,QUINZE VINGT (RUE),M,48.2950237392508,4.297589464233767
201800007382,NonLethal,2018-08-15,09:29:00,Daylight,100,387,Yes,NoIntersection,Normal,2Vehicles-Side,CHOMEDEY DE MAISONNEUVE,M,48.304116757697926,4.303975344404412
201800007383,NonLethal,2018-08-16,19:28:00,Daylight,100,60,Yes,NoIntersection,Normal,2Vehicles-Side,ROCADE SUD (RD 610),M,48.259542358129295,4.261445054498794
201800007384,NonLethal,2018-08-18,15:26:00,Daylight,100,387,Yes,T-type,Normal,2Vehicles-Side,QUINZE VINGT (RUE),M,48.29577833711652,4.294553470837488
201800007387,NonLethal,2018-08-23,10:04:00,Daylight,100,343,Yes,T-type,Normal,2Vehicles-Side,GARE (RUE DE LA),M,48.26789884634101,4.269812954117291
201800007388,NonLethal,2018-08-23,10:50:00,Daylight,100,387,Yes,NoIntersection,Normal,2Vehicles-Behind,ROBERT SCHUMANN (RUE),M,48.30814591236757,4.30846209984888
201800007389,NonLethal,2018-08-24,12:00:00,Daylight,100,357,No,NoIntersection,Normal,3+Vehicles-Chain,RD 619,M,48.29400796050071,4.29486171699694
201800007390,NonLethal,2018-08-25,15:59:00,Daylight,100,387,Yes,Other,Normal,2Vehicles-Behind,ANATOLE FRANCE (RUE),M,48.286648275741314,4.284545698031535
201800007393,NonLethal,2018-01-09,17:14:00,Daylight,100,387,Yes,NoIntersection,Normal,2Vehicles-Side,CHOMEDEY DE MAISONNEUVE,M,48.30850722879007,4.307872137676671
201800007394,NonLethal,2018-09-01,18:37:00,Daylight,100,387,Yes,Roundabout,Normal,2Vehicles-Side,GENERAL PATTON (NATIONAL,M,48.29742409210088,4.296311140290439
201800007395,NonLethal,2018-01-09,21:24:00,NightStreelightsOn,100,387,Yes,X-type,Normal,Other,GENERAL LECLERC (RUE DU),M,48.30701728712109,4.30842284596593
201800007396,NonLethal,2018-09-02,08:50:00,Daylight,100,297,Yes,LevelCrossing,Normal,2Vehicles-Side,GEORGES CLEMENCEAU (RUE),M,48.31809685813278,4.317447393829173
201800007397,NonLethal,2018-04-09,11:20:00,Daylight,100,81,Yes,NoIntersection,Normal,2Vehicles-Behind,PRESIDENT RENE COTY,M,48.32202599291431,4.320201706554449
201800007398,NonLethal,2018-09-04,14:43:00,Daylight,100,60,Yes,X-type,Normal,2Vehicles-Side,GENERAL LECLERC (Avenue),M,48.26144098283826,4.262419925452102
201800007399,NonLethal,2018-09-04,13:52:00,Daylight,100,387,Yes,NoIntersection,Normal,2Vehicles-Side,VOULDY (CHAUSSEE DU),M,48.291188950860565,4.292418252784318
201800007400,NonLethal,2018-09-04,16:36:00,Daylight,100,387,Yes,X-type,Normal,2Vehicles-Side,HENRI BARBUSSE (RUE),M,48.29697962030595,4.296372119309438
201800007401,NonLethal,2018-06-09,09:14:00,Daylight,100,387,Yes,NoIntersection,Normal,Other,BEGAND (RUE),M,48.20876178942531,4.208849641223878
201800007403,NonLethal,2018-07-09,17:39:00,Daylight,100,333,Yes,NoIntersection,Normal,NoCollision,VICTOR HUGO (RUE),M,48.28315098523971,4.282122635639825
201800007404,NonLethal,2018-09-10,07:56:00,Daylight,100,333,Yes,NoIntersection,Normal,3+Vehicles-Chain,PRESIDENT WILSON (RUE),M,48.28807425848163,4.286502747786888
201800007406,NonLethal,2018-10-09,14:17:00,Daylight,100,387,Yes,Roundabout,Normal,2Vehicles-Behind,GEORGES POMPIDOU (RUE),M,48.2867367920993,4.287747657266896
201800007407,NonLethal,2018-10-09,18:11:00,Daylight,100,387,Yes,NoIntersection,Normal,2Vehicles-Behind,PIERRE BROSSOLETTE (RUE),M,48.2833468406705,4.283892527295708
201800007408,NonLethal,2018-09-11,14:12:00,Daylight,100,387,Yes,NoIntersection,Normal,Other,PIERRE BROSSOLETTE (RUE),M,48.289036008538815,4.286726416104
201800007409,NonLethal,2018-12-09,11:10:00,Daylight,100,387,Yes,Roundabout,Normal,2Vehicles-Side,GEORGES POMPIDOU (RUE),M,48.28891438611012,4.287045255383188
201800007410,NonLethal,2018-09-12,19:23:00,Daylight,100,297,Yes,NoIntersection,Normal,Other,JULES GUESDE (BDL),M,48.31780903753472,4.320730914049459
201800007411,NonLethal,2018-09-13,13:00:00,Daylight,100,357,No,NoIntersection,LightRain,Other,ROCADE SUD,M,48.28611844382024,4.286921213907221
201800007412,NonLethal,2018-09-14,18:50:00,Daylight,100,387,Yes,NoIntersection,Normal,2Vehicles-Side,BLANQUI (RUE),M,48.305086013450016,4.303591519340824
201800007413,NonLethal,2018-09-15,10:42:00,Daylight,100,321,Yes,NoIntersection,Normal,2Vehicles-Behind,GENERAL LECLERC (RUE DU),M,48.29106310083485,4.290723088503405
201800007414,NonLethal,2018-09-16,11:05:00,Daylight,100,387,Yes,NoIntersection,Normal,NoCollision,ANATOLE FRANCE (RUE),M,48.28456571131419,4.284477748888848
201800007416,NonLethal,2018-09-17,08:43:00,Daylight,100,387,Yes,X-type,Normal,2Vehicles-Side,EDMOND FARIAT (RUE),M,48.29062129849783,4.28854220924123
201800007417,NonLethal,2018-09-15,20:04:00,Daylight,100,81,Yes,Other,Normal,2Vehicles-Side,ROCADE OUEST (RD 610),M,48.304647099997545,4.305327468701859
201800007418,NonLethal,2018-09-19,14:50:00,Daylight,100,387,Yes,NoIntersection,Normal,3+Vehicles-Chain,MAROTS (RUE DES),M,48.3048605081144,4.305745335977316
201800007419,NonLethal,2018-09-20,07:45:00,Daylight,100,387,Yes,NoIntersection,Normal,Other,ROGER SALENGRO (RUE),M,48.2998643219267,4.298009452056317
201800007420,NonLethal,2018-09-20,16:24:00,Daylight,100,387,Yes,NoIntersection,Normal,2Vehicles-Behind,PIERRE BROSSOLETTE (RUE),M,48.29217645712633,4.289176615257178
201800007421,NonLethal,2018-09-20,17:56:00,Daylight,100,362,Yes,NoIntersection,Normal,3+Vehicles-Chain,GENERAL LECLERC (RUE DU),M,48.29151518077121,4.291826905018905
201800007422,NonLethal,2018-09-21,08:41:00,Daylight,100,387,Yes,NoIntersection,LightRain,Other,ABBE DE L'EPEE (RUE),M,48.291863161375886,4.291532685244111
201800007423,NonLethal,2018-09-21,15:34:00,Daylight,100,387,Yes,X-type,Normal,2Vehicles-Side,BECQUERIE (RUE),M,48.299717235748986,4.298930716363987
201800007424,NonLethal,2018-09-21,23:37:00,NightStreelightsOn,100,387,Yes,T-type,Normal,2Vehicles-Side,LA FONTAINE (RUE),M,48.29830528348976,4.296230826825464
201800007425,NonLethal,2018-09-22,13:15:00,Daylight,100,387,Yes,NoIntersection,Normal,Other,FRANCOIS SERQUEIL (RUE),M,48.30629079671222,4.3081178260790844
201800007426,NonLethal,2018-09-22,12:40:00,Daylight,100,387,Yes,NoIntersection,Normal,2Vehicles-Side,LUCIEN MOREL PAYEN (RUE),M,48.30597640392997,4.305122508640066
201800007427,NonLethal,2018-09-24,05:20:00,NightStreelightsOn,100,333,Yes,Roundabout,Normal,NoCollision,AUXERRE (ROUTE),M,48.27037122378137,4.2696930814528296
201800007429,NonLethal,2018-09-26,08:14:00,Daylight,100,297,Yes,NoIntersection,Normal,2Vehicles-Side,DANTON (RUE),M,48.32422839853657,4.323900771234716
201800007430,NonLethal,2018-09-26,08:09:00,Daylight,100,387,Yes,NoIntersection,Normal,3+Vehicles-Chain,CHOMEDEY DE MAISONNEUVE,M,48.3080427871403,4.306794311359691
201800007431,NonLethal,2018-09-27,09:37:00,Daylight,100,387,Yes,X-type,Normal,2Vehicles-Side,PIERRE BROSSOLETTE (RUE),M,48.28740542905687,4.286444829859046
201800007432,NonLethal,2018-09-28,08:15:00,Daylight,100,297,Yes,X-type,Normal,2Vehicles-Side,JEAN JAURES (RUE),M,48.32138304805824,4.321421720423528
201800007433,NonLethal,2018-09-28,10:39:00,Daylight,100,81,Yes,NoIntersection,Normal,2Vehicles-Side,PRES DE LYON (RUE),M,48.31209694726165,4.313589583081789
201800007434,NonLethal,2018-09-30,19:31:00,TwilightOrDawn,100,387,Yes,Roundabout,Normal,NoCollision,BROCARD (RUE),M,48.30978680043593,4.307568119502553
201800007435,NonLethal,2018-10-02,16:59:00,Daylight,100,387,Yes,NoIntersection,Overcast,NoCollision,QUATORZE JUILLET (RUE DU,M,48.28968126000389,4.29175278293811
201800007436,NonLethal,2018-10-03,13:24:00,Daylight,100,387,Yes,NoIntersection,Overcast,2Vehicles-Behind,ANDRE MALRAUX (RUE),M,48.29167628660044,4.290984809835144
201800007437,NonLethal,2018-09-25,13:29:00,Daylight,100,387,Yes,Roundabout,Normal,2Vehicles-Side,DAMPIERRE (QUAI),M,48.29975315843399,4.30024892303474
201800007438,NonLethal,2018-09-08,11:04:00,Daylight,100,81,Yes,Other,Normal,2Vehicles-Side,ARISTIDE BRIAND (RUE),M,48.32289175357055,4.3233255744509504
201800007439,NonLethal,2018-04-10,12:04:00,Daylight,100,362,Yes,NoIntersection,Normal,Other,MARECHAL FOCH (RUE),M,48.29969170116498,4.299962688166576
201800007440,NonLethal,2018-05-10,10:15:00,Daylight,100,362,Yes,NoIntersection,Normal,Other,SAVIPOL (ZI),M,48.2923838404505,4.29338156472727
201800007441,NonLethal,2018-10-05,17:05:00,Daylight,100,325,Yes,T-type,Normal,2Vehicles-Behind,ST POUANGE (RUE DE),M,48.25486969543231,4.255700683592112
201800007442,NonLethal,2018-10-06,13:09:00,Daylight,100,387,Yes,NoIntersection,Normal,2Vehicles-BehindVehicles-Frontal,HAUTS TREVOIS (RUE DES),M,48.28477858133697,4.283483997118816
201800007443,NonLethal,2018-08-10,18:12:00,Daylight,100,387,Yes,Other,Normal,Other,GUSTAVE MASSON (RUE),M,48.29172687739418,4.2908571217229206
201800007444,NonLethal,2018-11-10,17:22:00,Daylight,100,362,No,NoIntersection,Normal,3+Vehicles-Multiple,ROCADE OUEST (RD 610),M,48.29354438975252,4.296289088926854
201800007445,NonLethal,2018-10-12,16:28:00,Daylight,100,81,Yes,Roundabout,Normal,Other,RENE WASSNER (RUE),M,48.30643424089402,4.308975699845429
201800007446,NonLethal,2018-10-14,01:45:00,NightStreelightsOn,100,387,Yes,NoIntersection,Normal,Other,LA FONTAINE (RUE),M,48.298283390809566,4.298479210950741
201800007447,NonLethal,2018-10-15,07:23:00,NightStreelightsOn,100,387,Yes,X-type,Normal,2Vehicles-Side,PIERRE BROSSOLETTE (RUE),M,48.286959338941465,4.286668942430589
201800007448,NonLethal,2018-10-14,06:38:00,NightNoStreetLight,100,357,Yes,NoIntersection,Normal,NoCollision,AIRE DES MOISSONS,M,48.29271543165631,4.292171118299815
201800007449,NonLethal,2018-10-15,13:30:00,Daylight,100,387,Yes,NoIntersection,Normal,Other,EDOUARD HERRIOT (RUE),M,48.273472553360335,4.27211656562825
201800007450,NonLethal,2018-10-15,13:55:00,Daylight,100,387,Yes,X-type,Normal,Other,REPUBLIQUE (RUE DE LA ),M,48.29724911664449,4.29798227212531
201800007451,NonLethal,2018-10-18,22:51:00,NightStreelightsOn,100,81,Yes,Roundabout,Normal,NoCollision,GENERAL SARRAIL (AVE),M,48.30807845797337,4.307002864766576
201800007453,NonLethal,2018-10-25,15:17:00,Daylight,100,387,Yes,Other,Normal,2Vehicles-Side,CLAUDE HUEZ (RUE),M,48.29651362876105,4.295928261663554
201800007455,NonLethal,2018-10-30,22:38:00,NightStreelightsOn,100,333,Yes,X-type,Normal,2Vehicles-BehindVehicles-Frontal,MEDERIC (RUE),M,48.28227277073989,4.2826241401171945
201800007456,NonLethal,2018-03-11,18:45:00,NightNoStreetLight,100,343,No,NoIntersection,FogOrSmoke,3+Vehicles-Multiple,VERRIERES (Route de),M,48.25778275684731,4.2592573512360925
201800007458,NonLethal,2018-11-08,17:08:00,NightStreelightsOn,100,387,Yes,T-type,Overcast,2Vehicles-BehindVehicles-Frontal,LOMBARDS (AVENUE),M,48.27257765232309,4.273518771234398
201800007459,NonLethal,2018-11-09,17:40:00,NightStreelightsOn,100,343,Yes,X-type,Normal,2Vehicles-Side,SAPINS (AVENUE),M,48.279650173047216,4.28013165828334
201800007460,NonLethal,2018-12-11,13:01:00,Daylight,100,333,No,Other,Normal,2Vehicles-Side,ECHENILLY (RUE),M,48.28056334639059,4.280191783151298
201800007461,NonLethal,2018-11-12,17:19:00,NightStreelightsOn,100,387,Yes,Other,LightRain,Other,PREMIER MAI (RUE DU),M,48.30260393746821,4.302428736743177
201800007462,NonLethal,2018-11-13,08:55:00,Daylight,100,387,Yes,NoIntersection,Overcast,3+Vehicles-Chain,JACQUIN (RUE),M,48.3030998588544,4.30340499101342
201800007464,NonLethal,2018-11-14,12:10:00,Daylight,100,387,Yes,T-type,Normal,2Vehicles-Side,RAYMOND POINCARE (RUE),M,48.29552580819408,4.297458471551117
201800007465,NonLethal,2018-11-17,00:35:00,NightStreelightsOn,100,387,Yes,NoIntersection,Normal,Other,KLEBER (RUE),M,48.30245129281938,4.304754734186904
201800007466,NonLethal,2018-11-17,10:29:00,Daylight,100,333,Yes,NoIntersection,Normal,NoCollision,ROCADE OUEST (RD 610),M,48.28919806048362,4.2917165855676505
201800007467,NonLethal,2018-11-21,08:59:00,Daylight,100,387,Yes,X-type,Normal,2Vehicles-Side,PAIX (RUE DE LA),M,48.30240726482509,4.302017327582794
201800007468,NonLethal,2018-11-22,10:00:00,Daylight,100,387,Yes,Other,Overcast,2Vehicles-Behind,CHOMEDEY DE MAISONNEUVE,M,48.30945263804822,4.309405647386559
201800007469,NonLethal,2018-11-24,11:28:00,Daylight,100,343,Yes,NoIntersection,Normal,3+Vehicles-Chain,DIJON (RUE DE),M,48.26754165406764,4.269729074994438
201800007470,NonLethal,2018-11-24,10:59:00,Daylight,100,362,No,NoIntersection,LightRain,NoCollision,RD 66O,M,48.30116567045083,4.300816584843943
201800007472,NonLethal,2018-11-29,12:08:00,Daylight,100,81,Yes,T-type,Normal,2Vehicles-Side,JEAN BAPTISTE COLBERT (R,M,48.31370872475673,4.314093740461646
201800007473,NonLethal,2018-02-12,09:00:00,Daylight,100,357,Yes,Roundabout,LightRain,NoCollision,R.N. 19,M,48.29491659635185,4.294242585088788
201800007474,NonLethal,2018-12-03,07:47:00,NightStreelightsOn,100,321,Yes,X-type,Overcast,2Vehicles-Side,JEAN JAURES (RUE),M,48.28546365482243,4.286876496920507
201800007475,NonLethal,2018-12-01,21:51:00,NightStreelightsOn,100,387,Yes,NoIntersection,LightRain,NoCollision,RAYMOND POINCARE (RUE),M,48.2945224785204,4.294777788622341
201800007477,NonLethal,2018-07-12,13:17:00,Daylight,100,387,Yes,NoIntersection,Normal,Other,EDOUARD HERRIOT (RUE),M,48.28067303870054,4.280476679590394
201800007478,NonLethal,2018-12-08,05:43:00,NightStreelightsOn,100,387,Yes,NoIntersection,Normal,Other,BEGAND (RUE),M,48.29294977254872,4.292889118255859
201800007481,NonLethal,2018-10-12,17:58:00,NightStreelightsOn,100,333,Yes,X-type,LightRain,2Vehicles-BehindVehicles-Frontal,CHAPELLE AU BE (RUE),M,48.28612657890791,4.286537653615491
201800007483,NonLethal,2018-12-12,10:15:00,Daylight,100,81,No,NoIntersection,Overcast,NoCollision,ROCADE OUEST (RD 610),M,48.32094357723543,4.31938035895327
201800007484,NonLethal,2018-10-12,18:12:00,NightStreelightsOn,100,81,Yes,NoIntersection,Normal,Other,ROCADE OUEST (RD 610),M,48.305573967680914,4.305654583887952
201800007485,NonLethal,2018-12-13,07:17:00,NightStreelightsOff,100,362,No,NoIntersection,Other,Other,ROCADE OUEST (RD 610),M,48.28945655031991,4.289903006015614
201800007486,NonLethal,2018-12-14,13:30:00,Daylight,100,333,No,NoIntersection,Normal,3+Vehicles-Chain,ROCADE OUEST (RD 610),M,48.27827390019529,4.279936831506049
201800007487,NonLethal,2018-12-14,18:00:00,NightStreelightsOn,100,333,Yes,Roundabout,Normal,2Vehicles-Side,CHARLES BALTET (RUE),M,48.28258925400832,4.2818494387127135
201800007489,NonLethal,2018-12-19,07:47:00,TwilightOrDawn,100,362,Yes,T-type,Overcast,2Vehicles-Side,GENERAL LECLERC (RUE DU),M,48.29141945556146,4.291867451960695
201800007490,NonLethal,2018-12-19,12:19:00,Daylight,100,387,Yes,NoIntersection,VeryGood,2Vehicles-Behind,ROBERT SCHUMANN (RUE),M,48.308185985789656,4.309701159437347
201800007491,NonLethal,2018-12-21,07:00:00,NightStreelightsOn,100,387,Yes,NoIntersection,LightRain,2Vehicles-Behind,LOMBARDS (AVENUE),M,48.27026717707632,4.271597272822122
201800007492,NonLethal,2018-01-21,08:00:00,Daylight,670,108,No,NoIntersection,Normal,Other,CD111,M,48.53242220322951,7.532998836534023
201800007493,NonLethal,2018-08-02,13:00:00,Daylight,670,108,No,NoIntersection,Normal,2Vehicles-Side,D111,M,48.54136023442112,7.541906006868355
201800007494,NonLethal,2018-12-02,16:35:00,Daylight,670,152,Yes,Other,Other,Other,RUE DE LA PORTE BASSE,M,48.51711403636483,7.516726244469503
201800007496,Lethal,2018-04-19,18:47:00,Daylight,670,247,No,T-type,VeryGood,2Vehicles-Side,,M,48.57161508393578,7.570798283141241
201800007497,NonLethal,2018-04-22,07:45:00,Daylight,670,152,Yes,NoIntersection,Normal,Other,D84,M,48.51778793802676,7.517137972227376
201800007499,NonLethal,2018-07-30,13:45:00,Daylight,670,152,No,Other,Normal,2Vehicles-Side,rue du Pont du Péage,M,48.52053149532175,7.52285693458134
201800007501,NonLethal,2018-09-30,08:50:00,Daylight,670,152,Yes,Other,VeryGood,2Vehicles-Side,12 Rue de la Porte Basse,M,48.518885281769286,7.515386559978369
201800007502,NonLethal,2018-09-27,17:00:00,Daylight,670,49,Yes,NoIntersection,Normal,NoCollision,55 Rue du Maréchal Foch,M,48.50661044873668,7.507940501437719
201800007503,NonLethal,2018-08-11,09:30:00,Daylight,670,152,Yes,NoIntersection,Normal,2Vehicles-Behind,43 rue du marechal lecle,M,48.5153822939234,7.516258746679016
201800007504,NonLethal,2018-12-12,17:13:00,TwilightOrDawn,670,124,Yes,Roundabout,Normal,2Vehicles-Behind,Allée des forgerons,M,48.54126382606897,7.539041729745601
201800007505,NonLethal,2018-01-21,20:30:00,NightNoStreetLight,670,389,No,NoIntersection,LightRain,2Vehicles-Side,RD 63,M,48.6488648605562,7.648302830094535
201800007506,NonLethal,2018-01-24,16:30:00,NightStreelightsOn,670,506,Yes,NoIntersection,LightRain,2Vehicles-Side,Parking de Ma Jardinerie,M,48.66786443098263,7.667674018398635
201800007507,NonLethal,2018-03-14,09:30:00,Daylight,670,471,Yes,NoIntersection,Normal,2Vehicles-Side,5 Route de Brumath,M,48.63719604920696,7.636769676070651
201800007509,NonLethal,2018-06-24,09:45:00,Daylight,670,309,Yes,Other,Normal,2Vehicles-BehindVehicles-Frontal,4 rue du dépôt,M,48.63434100003709,7.634879850957791
201800007510,NonLethal,2018-06-24,19:00:00,Daylight,670,471,Yes,NoIntersection,Normal,2Vehicles-Side,34 RTE DE BISCHWILLER,M,48.63198936805495,7.6310612591014575
201800007511,NonLethal,2018-07-11,17:00:00,Daylight,670,256,Yes,NoIntersection,Normal,Other,rue principale,M,48.65188579730588,7.65333274062416
201800007514,NonLethal,2018-09-08,10:45:00,Daylight,670,471,Yes,NoIntersection,Normal,2Vehicles-Behind,08 route de Brumath,M,48.63291059930384,7.632724502155271
201800007515,NonLethal,2018-10-18,07:45:00,Daylight,670,506,Yes,Roundabout,Normal,2Vehicles-Side,Départementale 61,M,48.66713221384164,7.669188263065631
201800007517,NonLethal,2018-11-17,14:15:00,Daylight,670,296,Yes,NoIntersection,Normal,2Vehicles-BehindVehicles-Frontal,route de Niederhausberge,M,48.615418584159606,7.613972988412824
201800007518,NonLethal,2018-11-27,07:45:00,TwilightOrDawn,670,343,Yes,NoIntersection,LightRain,Other,24 Route de Saverne,M,48.602360216316455,7.602373972062756
201800007520,NonLethal,2018-11-10,17:15:00,NightStreelightsOn,670,506,Yes,NoIntersection,HeavyRain,Other,36 route de STRASBOURG,M,48.661924277116086,7.661531495935246
201800007521,NonLethal,2018-12-17,06:05:00,NightStreelightsOn,670,506,Yes,NoIntersection,Overcast,Other,7 rue du général de Gaul,M,48.66801356685725,7.668453441698735
201800007522,NonLethal,2018-12-23,16:28:00,TwilightOrDawn,670,343,Yes,NoIntersection,LightRain,2Vehicles-Side,Route de Saverne,M,48.60843746427317,7.608346673796218
201800007523,NonLethal,2018-03-26,18:10:00,Daylight,650,256,No,NoIntersection,Normal,Other,A64 PK 161+550,M,43.162587515479935,2.164935812973855