AccidentId,Gravity,Date,Hour,Light,Department,Commune,InAgglomeration,IntersectionType,Weather,CollisionType,PostalAddress,GPSCode,Latitude,Longitude
201800007524,NonLethal,2018-07-18,18:35:00,Daylight,650,482,No,NoIntersection,LightRain,NoCollision,Autoroute A64 PK 180+600,M,43.107330795900346,4.1073936725378335
201800007526,NonLethal,2018-10-02,18:30:00,Daylight,650,127,No,NoIntersection,Normal,3+Vehicles-Multiple,AUTOROUTE A 64 PK 167+80,M,43.12111894789396,3.120496867640557
201800007527,Lethal,2018-11-30,22:00:00,NightNoStreetLight,20,676,No,NoIntersection,Normal,2Vehicles-Behind,autoroute A26 - SENS REI,M,49.52193643840266,3.5234047652407385
201800007528,NonLethal,2018-12-05,19:25:00,NightNoStreetLight,20,472,No,NoIntersection,Normal,NoCollision,"A26 PK 22,900 sens reims",M,49.55667089923183,3.559193603769472
201800007529,NonLethal,2018-08-12,18:05:00,Daylight,380,352,Yes,Roundabout,VeryGood,Other,D124,M,45.5928369900725,5.594594322267912
201800007530,NonLethal,2018-03-09,16:20:00,Daylight,380,530,No,NoIntersection,Normal,2Vehicles-Behind,D1006,M,45.616013336246695,5.614030297922444
201800007531,NonLethal,2018-09-21,12:40:00,Daylight,380,193,Yes,Roundabout,Normal,2Vehicles-Side,D208,M,45.61259504538968,5.6122216457246346
201800007532,NonLethal,2018-11-19,08:50:00,Daylight,380,193,Yes,NoIntersection,LightRain,Other,Promenade des BALDAQUINS,M,45.62095614332229,5.622554161325983
201800007533,NonLethal,2018-05-29,14:30:00,Daylight,30,297,No,NoIntersection,Normal,Other,A71 PK 276.700,M,46.514843528102126,2.5178045077237083
201800007535,NonLethal,2018-12-17,18:55:00,NightNoStreetLight,30,158,No,NoIntersection,Normal,2Vehicles-Behind,A71 PK 281.800,M,46.48977834392298,2.4902087207281234
201800007536,NonLethal,2018-02-21,09:50:00,Daylight,40,209,No,Other,Normal,2Vehicles-BehindVehicles-Frontal,Travaux A51,M,44.20928205609631,5.209355514781243
201800007537,NonLethal,2018-06-25,09:45:00,Daylight,40,127,No,NoIntersection,Normal,3+Vehicles-Multiple,,M,44.05689640890548,5.058417904441601
201800007539,NonLethal,2018-07-30,11:45:00,Daylight,40,200,No,NoIntersection,Normal,2Vehicles-Behind,,M,44.157877384529804,5.159713011651353
201800007540,NonLethal,2018-08-02,06:20:00,TwilightOrDawn,40,127,No,NoIntersection,Normal,NoCollision,,M,44.06315265214519,5.062856005443456
201800007541,NonLethal,2018-01-01,16:10:00,Daylight,130,80,No,X-type,Normal,2Vehicles-Side,RD  561,M,43.66690069227302,5.669489545454744
201800007542,Lethal,2018-02-12,16:45:00,Daylight,130,113,Yes,NoIntersection,Normal,Other,39 Rue du Claou,M,43.59875675424634,5.597328148462385
201800007543,NonLethal,2018-06-15,12:15:00,Daylight,130,113,Yes,NoIntersection,Normal,Other,av de la grande begu,M,43.58690381872589,5.584788020121855
201800007544,NonLethal,2018-04-07,15:50:00,Daylight,130,113,No,NoIntersection,Normal,2Vehicles-Behind,RD556,M,43.61168389126538,5.613305273104282
201800007545,NonLethal,2018-07-11,21:50:00,NightNoStreetLight,130,80,No,NoIntersection,Normal,NoCollision,rd561,M,43.66986081430968,5.669330410404647
201800007546,NonLethal,2018-09-18,18:30:00,Daylight,130,113,Yes,NoIntersection,Normal,Other,60 Av de la Gde Bégude,M,43.59032948823882,5.588555373313714
201800007547,Lethal,2018-03-01,14:33:00,Daylight,730,213,No,Roundabout,LightRain,3+Vehicles-Multiple,Autoroute 43,M,45.53777399483816,5.537043267604534
201800007548,NonLethal,2018-04-11,16:30:00,Daylight,730,200,No,NoIntersection,Normal,2Vehicles-Side,A 43 PK 112+700 sens Alb,M,45.50311374292916,6.5067548605680345
201800007549,NonLethal,2018-11-23,14:30:00,Daylight,730,82,No,NoIntersection,LightRain,Other,Autoroute A43,M,45.49555184915785,6.494870005376284
201800007550,Lethal,2018-12-16,00:18:00,NightNoStreetLight,730,2,No,NoIntersection,HeavyRain,Other,A43 PK 133.300,M,45.53927231839789,6.540886975876406
201800007551,NonLethal,2018-12-17,15:25:00,Daylight,730,213,No,NoIntersection,Normal,NoCollision,A43 PK 99.000,M,45.53985532631378,5.538659426078541
201800007553,NonLethal,2018-08-14,16:00:00,Daylight,380,33,No,NoIntersection,Normal,Other,A49,M,45.18509558072667,5.184980625273447
201800007554,NonLethal,2018-09-10,15:45:00,Daylight,380,559,No,NoIntersection,Normal,Other,A49,M,45.19996069050242,5.199247483255281
201800007555,Lethal,2018-11-04,04:30:00,NightNoStreetLight,380,4,No,NoIntersection,Overcast,NoCollision,A49,M,45.206516873654216,5.205580046260402
201800007556,NonLethal,2018-04-12,08:40:00,Daylight,350,352,No,NoIntersection,Normal,2Vehicles-Side,RD 173,M,48.03870966220002,-0.0395036030097311
201800007557,NonLethal,2018-05-06,17:00:00,Daylight,350,206,Yes,Roundabout,Normal,Other,La petite Saudrais,M,48.04811559585842,-0.0472192397141997
201800007558,NonLethal,2018-01-09,20:00:00,Daylight,350,208,No,NoIntersection,Normal,NoCollision,LA PETITE ROCHELLE,M,47.97771824319789,-0.9778392074062576
201800007559,NonLethal,2018-09-16,14:15:00,Daylight,350,250,No,NoIntersection,Normal,3+Vehicles-Multiple,D.173,M,48.020928741082415,-0.0206190371630351
201800007560,NonLethal,2018-12-04,05:30:00,NightNoStreetLight,350,352,No,NoIntersection,Normal,3+Vehicles-Chain,RN 173,M,48.06381918218637,-0.0622210973895129
201800007561,NonLethal,2018-12-09,18:00:00,NightStreelightsOn,350,266,Yes,X-type,LightRain,2Vehicles-Side,RD 82,M,48.02441600749151,-0.0231279396828387
201800007562,NonLethal,2018-01-24,07:15:00,Daylight,670,151,No,NoIntersection,Normal,2Vehicles-Behind,autoroute A35 point kilo,M,48.70581053759459,7.7058723965977824
201800007563,NonLethal,2018-06-04,12:30:00,Daylight,670,463,No,NoIntersection,Normal,Other,A 35 PK 208+400 sens Lau,M,48.896870488287824,8.895889967207392
201800007564,NonLethal,2018-06-17,09:15:00,Daylight,670,418,No,NoIntersection,Normal,2Vehicles-Behind,"Autoroute A.35, P.K. 222",M,48.81981697704729,7.821728777281145
201800007565,NonLethal,2018-09-12,08:00:00,TwilightOrDawn,670,106,No,NoIntersection,Normal,NoCollision,A 35,M,48.77009562599072,7.769406388347721
201800007566,NonLethal,2018-12-29,06:50:00,TwilightOrDawn,110,69,Yes,X-type,Normal,2Vehicles-Side,LIMOUX - ROUTE DE-,M,43.20841038251272,2.206670646066743
201800007567,NonLethal,2018-02-01,21:30:00,NightStreelightsOn,110,69,Yes,NoIntersection,LightRain,Other,SABATIER PAUL -BD-,M,43.2120332194709,2.213254672683972
201800007568,NonLethal,2018-02-01,17:10:00,TwilightOrDawn,110,69,No,NoIntersection,LightRain,3+Vehicles-Multiple,RD 6113,M,43.233580428179145,2.233865234788859
201800007570,NonLethal,2018-11-01,07:20:00,NightNoStreetLight,110,69,No,NoIntersection,Normal,3+Vehicles-Chain,RD 6113,M,43.22046122834062,2.220479590478568
201800007571,NonLethal,2018-01-16,07:30:00,TwilightOrDawn,110,69,Yes,X-type,Normal,2Vehicles-Side,MONTREAL -ROUTE DE -,M,43.21378064151374,2.2107851103182843
201800007572,NonLethal,2018-01-17,10:35:00,Daylight,110,69,Yes,NoIntersection,Normal,2Vehicles-Side,JUIN MARECHAL,M,43.20959448993866,2.210470183833217
201800007574,NonLethal,2018-01-25,08:27:00,Daylight,110,69,No,NoIntersection,Overcast,2Vehicles-Behind,MINERVOISE -ROUTE-,M,43.22701682804079,2.227139892258015
201800007575,NonLethal,2018-01-25,11:30:00,Daylight,110,69,Yes,NoIntersection,Normal,2Vehicles-Behind,PAPIN DENIS -BD-,M,43.210791795082784,2.2106757782223423
201800007576,NonLethal,2018-01-02,15:55:00,Daylight,110,69,No,T-type,Normal,3+Vehicles-Chain,ROCADE SUD RD 6161,M,43.19250500490797,2.1941731918812626
201800007577,NonLethal,2018-02-03,15:45:00,Daylight,110,69,Yes,NoIntersection,Normal,2Vehicles-Side,"71, BUNAU VARILLA -AV-",M,43.207418261383616,2.2096726224486467
201800007579,NonLethal,2018-11-02,23:50:00,NightNoStreetLight,110,69,No,NoIntersection,LightRain,NoCollision,BRAM -ROUTE DE-,M,43.22423028063234,2.222697636661259
201800007580,NonLethal,2018-02-06,01:15:00,NightStreelightsOn,110,69,Yes,NoIntersection,HeavyRain,Other,JAURES JEAN -BD- PAIR,M,43.21425963165974,2.212496804065367
201800007581,NonLethal,2018-02-23,13:05:00,Daylight,110,69,Yes,X-type,Normal,2Vehicles-Side,BOUFFET HENRY,M,43.20775884536022,2.207128482023337
201800007582,NonLethal,2018-02-27,10:15:00,Daylight,110,69,Yes,NoIntersection,Normal,2Vehicles-Side,MONTREAL -ROUTE DE -,M,43.21040238814388,2.2117125371151523
201800007583,NonLethal,2018-01-03,14:10:00,Daylight,110,69,Yes,X-type,LightRain,2Vehicles-Side,PAUL LACOMBE,M,43.2142645173593,2.213294913874024
201800007584,NonLethal,2018-03-01,14:40:00,Daylight,110,69,Yes,X-type,LightRain,2Vehicles-Side,JOURDANE GASTON -PLACE-,M,43.21036440553546,2.2087003890836443
201800007586,Lethal,2018-07-03,12:25:00,Daylight,110,69,No,NoIntersection,Normal,2Vehicles-BehindVehicles-Frontal,ROCADE OUEST,M,43.21363693344229,2.211351549780934
201800007587,NonLethal,2018-03-05,15:30:00,Daylight,110,69,Yes,NoIntersection,Normal,Other,LECLERC AV. DU GENERAL P,M,43.20823950238962,2.20803198740219
201800007588,NonLethal,2018-03-03,10:40:00,Daylight,110,69,Yes,NoIntersection,Normal,Other,"43, TRIVALLE",M,43.20875839438507,2.210758936305332
201800007590,NonLethal,2018-02-23,03:14:00,NightNoStreetLight,110,69,No,NoIntersection,Normal,2Vehicles-BehindVehicles-Frontal,SAINT JEAN -ECLUSE-,M,43.22666471112845,2.2271850241658333
201800007591,NonLethal,2018-03-24,15:50:00,Daylight,110,69,No,NoIntersection,LightRain,2Vehicles-Side,ROCADE SUD RD 6161,M,43.19278321549078,2.192717184060449
201800007593,NonLethal,2018-03-14,13:20:00,Daylight,110,69,Yes,NoIntersection,Normal,2Vehicles-Side,AUDE -BERGES DE L'-,M,43.20790786452803,2.2074579685812474
201800007594,NonLethal,2018-03-18,20:40:00,NightNoStreetLight,110,69,No,NoIntersection,LightRain,NoCollision,Bretelle d'accs A61 - C,M,43.20247502580334,2.203498124507959
201800007595,NonLethal,2018-03-11,06:35:00,NightNoStreetLight,110,69,No,NoIntersection,Normal,NoCollision,RD 104,M,43.19911010677475,2.19775488456238
201800007596,NonLethal,2018-06-03,13:35:00,Daylight,110,69,Yes,NoIntersection,Normal,3+Vehicles-Chain,JAURES JEAN -BD- PAIR,M,43.21053374417159,2.211355039347469
201800007597,NonLethal,2018-04-08,10:15:00,Daylight,110,69,Yes,Roundabout,LightRain,NoCollision,POMPIDOU GEORGES -ROND P,M,43.226703488313305,2.227448245668447
201800007598,NonLethal,2018-02-04,22:45:00,NightNoStreetLight,110,69,Yes,NoIntersection,Normal,NoCollision,LIMOUX - ROUTE DE-,M,43.20784548136072,2.2076872858479244
201800007599,NonLethal,2018-04-12,10:00:00,Daylight,110,69,No,NoIntersection,Overcast,NoCollision,RD 6113,M,43.233717735523314,2.2336221114088226
201800007600,NonLethal,2018-04-12,17:17:00,Daylight,110,69,Yes,NoIntersection,Normal,NoCollision,ALBERT MARCELIN,M,43.21164593025332,2.2114483938977787
201800007601,NonLethal,2018-04-13,18:40:00,Daylight,110,69,Yes,NoIntersection,Normal,2Vehicles-Behind,PELLETAN CAMILLE -BD- IM,M,43.2114100434132,2.212265606875343
201800007602,NonLethal,2018-04-13,16:10:00,Daylight,110,69,Yes,NoIntersection,Normal,Other,HUGO VICTOR,M,43.21326731538696,2.213097673574724
201800007603,NonLethal,2018-04-17,16:45:00,Daylight,110,69,No,NoIntersection,Normal,NoCollision,LAVALETTE -ROUTE DE-,M,43.19348636758022,2.195400163140232
201800007604,Lethal,2018-04-21,15:50:00,Daylight,110,69,No,NoIntersection,Normal,Other,voie d'accs stade Plain,M,43.201174545440544,2.198467767230436
201800007605,NonLethal,2018-04-24,09:10:00,Daylight,110,69,No,X-type,Normal,2Vehicles-Side,RD33,M,43.23363835612735,2.2320537372039926
201800007606,NonLethal,2018-03-31,12:30:00,Daylight,110,69,Yes,X-type,HeavyRain,2Vehicles-Side,LIMOUX -ROUTE DE - JUSQU,M,43.20008489058114,2.200463046326878
201800007607,NonLethal,2018-04-28,22:30:00,NightStreelightsOn,110,69,Yes,T-type,Normal,2Vehicles-Side,GUIRAUD ALEXANDRE,M,43.21450348328581,2.2147005628487064
201800007608,NonLethal,2018-05-05,20:40:00,Daylight,110,69,Yes,NoIntersection,Normal,Other,HUGO VICTOR,M,43.21275794103055,2.216090616630696
201800007610,NonLethal,2018-05-12,18:10:00,Daylight,110,69,Yes,T-type,LightRain,2Vehicles-Side,VERDUN,M,43.21450998798685,2.2137805080236466
201800007611,NonLethal,2018-05-14,13:15:00,Daylight,110,69,Yes,T-type,HeavyRain,2Vehicles-Side,EGLANTIERS -DES-,M,43.21913838977227,2.2193721618578808
201800007612,NonLethal,2018-05-14,16:05:00,Daylight,110,69,Yes,T-type,LightRain,2Vehicles-Side,MALRAUX ANDRE -BD-,M,43.21652871884693,2.2154920202286545
201800007613,NonLethal,2018-05-15,09:00:00,Daylight,110,69,Yes,T-type,LightRain,NoCollision,BERGES ARISTIDE,M,43.21018886809309,2.2114094301521945
201800007614,NonLethal,2018-05-18,04:05:00,NightStreelightsOn,110,69,Yes,X-type,Normal,2Vehicles-Side,HUGO VICTOR,M,43.21287671742556,2.2138406358485327
201800007615,NonLethal,2018-05-18,12:05:00,Daylight,110,69,No,Roundabout,Normal,3+Vehicles-Multiple,MONTREAL -ROUTE DE -,M,43.21238020198261,2.2090078948895164
201800007616,NonLethal,2018-05-19,16:50:00,Daylight,110,69,Yes,NoIntersection,Normal,2Vehicles-Behind,ESTRADE JOACHIM,M,43.21396737228133,2.214064058123556
201800007618,NonLethal,2018-05-19,15:20:00,Daylight,110,69,Yes,NoIntersection,Normal,2Vehicles-Behind,POMPIDOU GEORGES -ROND P,M,43.22722331427519,2.2264360376460703
201800007619,NonLethal,2018-05-18,08:45:00,Daylight,110,69,Yes,NoIntersection,Normal,2Vehicles-Behind,ROCADE SUD RD 6161,M,43.22814223985518,2.229420291632251
201800007620,NonLethal,2018-05-21,21:15:00,TwilightOrDawn,110,69,Yes,NoIntersection,Normal,2Vehicles-Side,LECLERC AV. DU GENERAL P,M,43.20645361804579,2.207843617093393
201800007621,NonLethal,2018-05-24,14:35:00,Daylight,110,69,No,NoIntersection,Normal,2Vehicles-Behind,ROCADE OUEST,M,43.20682467543517,2.210819907931406
201800007622,NonLethal,2018-05-26,13:50:00,Daylight,110,69,Yes,T-type,Normal,2Vehicles-Behind,LECLERC AV. DU GENERAL P,M,43.2060035816416,2.207198370143336
201800007623,NonLethal,2018-05-30,11:45:00,Daylight,110,69,No,NoIntersection,Overcast,2Vehicles-Side,SAINT HILAIRE -ROUTE DE-,M,43.19315574713842,2.193117491793174
201800007625,NonLethal,2018-06-04,18:55:00,Daylight,110,69,Yes,X-type,Normal,2Vehicles-Side,MARTY ANTOINE,M,43.21593985789276,2.2158553378519805
201800007627,NonLethal,2018-06-06,17:30:00,Daylight,110,69,Yes,NoIntersection,LightRain,2Vehicles-Behind,BERRIAC -ROUTE DE-,M,43.20842734332784,2.2100836594135784
201800007628,NonLethal,2018-06-09,18:30:00,Daylight,110,69,No,T-type,Normal,2Vehicles-Side,LIMOUX - ROUTE DE-,M,43.19888243644599,2.198713490405284
201800007629,NonLethal,2018-06-13,14:35:00,Daylight,110,69,Yes,NoIntersection,Normal,2Vehicles-BehindVehicles-Frontal,GOUT HENRI -AVENUE Nø PA,M,43.211042111115766,2.2108349164265824
201800007630,NonLethal,2018-06-17,19:00:00,Daylight,110,69,No,NoIntersection,Normal,NoCollision,ROCADE SUD RD 6161,M,43.20513538070525,2.2036375864637168
201800007631,NonLethal,2018-06-19,11:00:00,Daylight,110,69,No,NoIntersection,Normal,NoCollision,RD 118,M,43.233343508930815,2.2339917025677423
201800007632,NonLethal,2018-05-06,17:30:00,Daylight,110,69,Yes,NoIntersection,Overcast,NoCollision,PAPIN DENIS -BD-,M,43.20777863923965,2.207703449433461
201800007633,NonLethal,2018-06-21,16:20:00,Daylight,110,69,Yes,NoIntersection,Normal,2Vehicles-Behind,JAURES JEAN -BD- PAIR,M,43.213951582429054,2.2150103283034666
201800007635,NonLethal,2018-06-23,15:20:00,Daylight,110,69,Yes,NoIntersection,Normal,NoCollision,JOURDANE GASTON -PLACE-,M,43.21099956067916,2.2104072218328774
201800007636,NonLethal,2018-06-23,22:00:00,NightStreelightsOn,110,69,Yes,X-type,Normal,2Vehicles-Side,ALSACE,M,43.21473420379503,2.216958782435321
201800007637,NonLethal,2018-06-26,14:44:00,Daylight,110,69,Yes,NoIntersection,Normal,NoCollision,BUNAU VARILLA -AV-,M,43.21016285296119,2.2116138292970167
201800007638,NonLethal,2018-01-07,22:20:00,NightStreelightsOn,110,69,Yes,NoIntersection,Normal,2Vehicles-Side,MULLOT ARTHUR AV. PAIRS,M,43.21082196151919,2.2104300317133267
201800007640,NonLethal,2018-07-05,14:20:00,Daylight,110,69,Yes,NoIntersection,Normal,2Vehicles-Side,JUIN MARECHAL,M,43.21058710988339,2.211539566372379
201800007642,NonLethal,2018-07-14,15:39:00,Daylight,110,69,Yes,NoIntersection,Normal,NoCollision,ROULLENS -CHEMIN ET IMPA,M,43.18405060110657,2.1826917434923394
201800007643,NonLethal,2018-07-14,22:10:00,NightNoStreetLight,110,69,No,NoIntersection,Normal,2Vehicles-Behind,RD 6113,M,43.22211641282712,2.2203028563172174
201800007644,NonLethal,2018-07-16,15:50:00,Daylight,110,69,No,NoIntersection,Normal,NoCollision,RD 104,M,43.20026742317627,2.1964586847318044
201800007645,NonLethal,2018-07-16,14:16:00,Daylight,110,69,Yes,NoIntersection,Normal,2Vehicles-Side,COLBERT,M,43.225497831364606,2.226206088654117
201800007646,NonLethal,2018-07-21,03:20:00,NightNoStreetLight,110,69,No,NoIntersection,LightRain,NoCollision,MINERVOISE -ROUTE-,M,43.22784437060758,2.2283970956959367
201800007648,NonLethal,2018-01-08,18:52:00,Daylight,110,69,No,NoIntersection,Normal,NoCollision,RD33,M,43.21533335659696,2.216767615984121
201800007649,NonLethal,2018-02-08,12:10:00,Daylight,110,69,Yes,T-type,Normal,2Vehicles-Side,BEETHOVEN LUDWIG VAN,M,43.22474215752853,2.224217844363812
201800007652,NonLethal,2018-08-07,17:00:00,Daylight,110,69,Yes,Roundabout,Normal,2Vehicles-Behind,POMPIDOU GEORGES -ROND P,M,43.22779231785384,2.22488472028787
201800007655,NonLethal,2018-08-17,09:30:00,Daylight,110,69,Yes,Roundabout,LightRain,NoCollision,Xnon (Rond Point),M,43.23321855966164,2.23389096503375
201800007656,NonLethal,2018-08-20,14:28:00,Daylight,110,69,No,NoIntersection,Normal,2Vehicles-Side,COLBERT,M,43.22404226237694,2.226525926414237
201800007657,NonLethal,2018-08-26,17:00:00,Daylight,110,69,No,NoIntersection,Normal,Other,CALVAIRE CHEMIN,M,43.22194749118368,2.219923238951352
201800007658,NonLethal,2018-08-26,18:23:00,Daylight,110,69,Yes,NoIntersection,Normal,3+Vehicles-Chain,LECLERC AV. DU GENERAL I,M,43.20701091358219,2.208014011309547
201800007659,NonLethal,2018-08-30,12:15:00,Daylight,110,69,No,NoIntersection,Normal,NoCollision,D42,M,43.192702904770265,2.193690463359613
201800007660,NonLethal,2018-08-31,12:30:00,Daylight,110,69,Yes,Roundabout,Normal,2Vehicles-Behind,COLOMB CHRISTOPHE -PONT,M,43.23676426387622,2.2371573408788508
201800007661,NonLethal,2018-08-31,14:02:00,Daylight,110,69,Yes,NoIntersection,Normal,Other,MUSSET ALFRED -ET IMPASS,M,43.22047039347383,2.219879893988729
201800007662,NonLethal,2018-12-31,17:56:00,NightNoStreetLight,110,69,No,NoIntersection,Normal,2Vehicles-Side,LAVALETTE -ROUTE DE-,M,43.182830217656274,2.182647852462839
201800007663,NonLethal,2018-01-09,17:16:00,Daylight,110,69,Yes,X-type,VeryGood,2Vehicles-Side,LORAINE -DE-,M,43.21431710975165,2.2157942143473845
201800007664,Lethal,2018-09-03,00:45:00,NightNoStreetLight,110,69,No,NoIntersection,Normal,NoCollision,ROCADE SUD RD 6161,M,43.19907669375672,2.198027275408218
201800007665,NonLethal,2018-09-06,15:45:00,Daylight,110,69,Yes,T-type,Normal,2Vehicles-Behind,LANGEVIN PAUL - IMPAIRS,M,43.224139883689325,2.225010001754033
201800007666,NonLethal,2018-09-07,11:00:00,Daylight,110,69,Yes,MoreThan4Branches,Overcast,3+Vehicles-Multiple,MONTREAL -ROUTE DE -,M,43.21197998243488,2.2117944851926405
201800007667,NonLethal,2018-09-13,11:50:00,Daylight,110,69,Yes,NoIntersection,Normal,2Vehicles-Behind,GOUT HENRI -AV. Nø IMPAI,M,43.212212947348085,2.21071752665007
201800007669,NonLethal,2018-09-15,14:00:00,Daylight,110,69,No,NoIntersection,Normal,2Vehicles-Behind,RD 6113,M,43.2281139704938,2.22905999542642
201800007670,NonLethal,2018-09-16,12:15:00,Daylight,110,69,Yes,MoreThan4Branches,Normal,2Vehicles-Side,MONTREAL -ROUTE DE -,M,43.21118991485878,2.210809950673272
201800007671,NonLethal,2018-09-17,19:30:00,Daylight,110,69,No,NoIntersection,Normal,NoCollision,RD 6113,M,43.22995466356603,2.2288941730256244
201800007672,NonLethal,2018-09-19,17:45:00,Daylight,110,69,No,NoIntersection,Normal,2Vehicles-BehindVehicles-Frontal,RD 104,M,43.20030096781437,2.2007853494916483
201800007673,NonLethal,2018-09-20,18:05:00,Daylight,110,69,No,X-type,Normal,2Vehicles-Side,Andr_EJean CAYATTE,M,43.23542754042556,2.2349429208473457
201800007674,NonLethal,2018-09-25,15:10:00,Daylight,110,69,Yes,NoIntersection,Normal,3+Vehicles-Chain,GUIRAUD ALEXANDRE,M,43.21068344183274,2.212713170040116
201800007675,NonLethal,2018-09-25,11:49:00,Daylight,110,69,Yes,NoIntersection,Normal,NoCollision,PINS -ALLEE DES-,M,43.21450182050113,2.212646052172916
201800007677,Lethal,2018-09-28,09:10:00,Daylight,110,69,Yes,NoIntersection,Normal,Other,SOUVENIR FRANCAIS -AVENU,M,43.207372585636456,2.208017473434804
201800007679,NonLethal,2018-10-01,17:10:00,Daylight,110,69,Yes,NoIntersection,Normal,3+Vehicles-Multiple,VERDUN,M,43.21170685270621,2.214705976849856
201800007683,NonLethal,2018-09-10,10:35:00,Daylight,110,69,Yes,NoIntersection,Normal,3+Vehicles-Multiple,BARBES BD IMPAIR,M,43.21130236859811,2.2103040071785807
201800007685,NonLethal,2018-12-10,17:55:00,Daylight,110,69,Yes,NoIntersection,Normal,Other,PERGAUD LOUIS,M,43.20955388970695,2.209020892980267
201800007686,NonLethal,2018-10-13,11:10:00,Daylight,110,69,No,NoIntersection,Overcast,2Vehicles-Behind,ROCADE OUEST,M,43.20179379144496,2.19959282416566
201800007689,NonLethal,2018-05-11,17:15:00,Daylight,110,69,Yes,T-type,Normal,Other,LANGEVIN PAUL - IMPAIRS,M,43.22377057272013,2.225531403042201
201800007690,NonLethal,2018-11-05,15:50:00,Daylight,110,69,Yes,NoIntersection,Normal,Other,PIERRE BLANCHE -BD-,M,43.22453738279985,2.223394986240873
201800007691,NonLethal,2018-10-11,16:45:00,Daylight,110,69,Yes,T-type,Normal,2Vehicles-Side,D 118,M,43.2107984352416,2.2117758119211817
201800007692,NonLethal,2018-11-15,11:20:00,Daylight,110,69,Yes,NoIntersection,Normal,Other,AVENIR -PONT-,M,43.21558038349053,2.2162058441402865
201800007693,NonLethal,2018-11-17,14:15:00,Daylight,110,69,No,NoIntersection,Normal,Other,RD 6161 - Rocade Ouest,M,43.213518105971616,2.2132846975314755
201800007694,NonLethal,2018-11-20,18:40:00,NightNoStreetLight,110,69,No,NoIntersection,LightRain,3+Vehicles-Chain,RD 6113,M,43.22549639172304,2.2254946343377857
201800007695,NonLethal,2018-11-22,18:15:00,NightNoStreetLight,110,69,No,NoIntersection,Normal,2Vehicles-Behind,RD 6113,M,43.22893854825735,2.2289757300908457
201800007696,NonLethal,2018-11-22,18:30:00,NightStreelightsOn,110,69,Yes,NoIntersection,Normal,Other,GAMBETTA SQUARE -IMPAIR-,M,43.21362748784599,2.2130208442803
201800007697,NonLethal,2018-11-24,05:20:00,NightNoStreetLight,110,69,No,NoIntersection,Overcast,Other,ROCADE OUEST,M,43.20281004493013,2.2029170836479337
201800007698,NonLethal,2018-12-08,00:50:00,NightNoStreetLight,110,69,No,NoIntersection,Normal,NoCollision,BRAM -ROUTE DE-,M,43.21920627666474,2.2210310285646235
201800007699,NonLethal,2018-12-09,18:20:00,NightStreelightsOn,110,69,Yes,NoIntersection,LightRain,2Vehicles-Behind,BRAM -ROUTE DE-,M,43.21285218265873,2.2136008745300697
201800007700,NonLethal,2018-12-08,05:56:00,NightNoStreetLight,110,69,Yes,NoIntersection,Normal,NoCollision,LIMOUX - ROUTE DE-,M,43.20312436743714,2.2016919572168567
201800007701,NonLethal,2018-12-14,23:16:00,NightStreelightsOn,110,69,Yes,NoIntersection,Normal,Other,MULLOT ARTHUR AV IMPAIRS,M,43.21234039634352,2.212069769963272
201800007702,NonLethal,2018-12-16,02:40:00,NightStreelightsOn,110,69,Yes,NoIntersection,Normal,NoCollision,SARRAUT OMER BD -IMPAIRS,M,43.21476232372285,2.218255921829193
201800007703,NonLethal,2018-12-17,11:50:00,Daylight,110,69,Yes,NoIntersection,Normal,Other,MARECHAL FOCH -AVENUE-,M,43.2183954641378,2.218831550450552
201800007705,NonLethal,2018-12-18,18:10:00,NightNoStreetLight,110,69,No,T-type,Normal,2Vehicles-Side,MONTREAL -ROUTE DE -,M,43.21332088975428,2.2143649305587423
201800007706,NonLethal,2018-01-16,05:50:00,NightNoStreetLight,310,118,No,NoIntersection,LightRain,3+Vehicles-Chain,AUTOROUTE A62 -PK210.200,M,43.78227735470824,1.7826586109061096
201800007708,NonLethal,2018-02-15,14:25:00,Daylight,310,22,No,NoIntersection,Normal,2Vehicles-Behind,A62 - Pk:223.200,M,43.67043837816381,1.670091110200003
201800007710,Lethal,2018-03-08,20:39:00,NightNoStreetLight,310,79,No,NoIntersection,Normal,2Vehicles-Behind,A 62 - PK 210.600 - sens,M,43.79438729825074,1.7966419376809073
201800007711,Lethal,2018-10-03,11:00:00,Daylight,310,118,No,NoIntersection,Normal,Other,A62 PK 207+203 sens BORD,M,43.79916446071428,1.799178771305273
201800007712,NonLethal,2018-04-19,17:55:00,Daylight,310,44,Yes,Roundabout,Normal,2Vehicles-Side,AVENUE DES ARÈNES,M,43.613908736517686,1.6147655289874077
201800007713,NonLethal,2018-05-05,06:07:00,TwilightOrDawn,310,91,No,NoIntersection,Normal,3+Vehicles-Multiple,A62 pk 2019+500 directio,M,43.703312381089006,1.7019682744471762
201800007714,NonLethal,2018-05-31,14:00:00,Daylight,310,297,No,NoIntersection,Normal,NoCollision,RN 224 - PK 013.500,M,43.64941529632228,1.6476490921006937
201800007715,NonLethal,2018-08-13,02:30:00,NightNoStreetLight,310,22,No,NoIntersection,LightRain,2Vehicles-Behind,A62,M,43.67057198562472,1.6702327865777689
201800007716,NonLethal,2018-08-30,23:25:00,NightStreelightsOn,310,358,No,NoIntersection,Normal,Other,A68 PK13+800,M,43.71315269603984,1.7158704714999902