AccidentId,Gravity,Date,Hour,Light,Department,Commune,InAgglomeration,IntersectionType,Weather,CollisionType,PostalAddress,GPSCode,Latitude,Longitude
201800007717,Lethal,2018-09-29,13:40:00,Daylight,310,467,No,NoIntersection,Normal,2Vehicles-Behind,A62 PK 221,M,43.68904884044492,1.6901626223734434
201800007718,NonLethal,2018-08-10,21:50:00,NightNoStreetLight,310,118,No,NoIntersection,Normal,2Vehicles-Behind,A62 PK 209.990 sens TOUL,M,43.801709702123226,1.8032015186521004
201800007719,NonLethal,2018-11-10,07:10:00,NightNoStreetLight,310,32,No,NoIntersection,Normal,2Vehicles-BehindVehicles-Frontal,Rd 65 pk 24+200,M,43.68380476655799,1.6844635928902272
201800007720,NonLethal,2018-10-17,10:15:00,Daylight,310,490,No,NoIntersection,Normal,Other,76 route RD820,M,43.74427469544571,1.745649628894678
201800007721,Lethal,2018-11-27,16:30:00,Daylight,310,91,No,Other,Normal,2Vehicles-Behind,A 62 PK 217.500,M,43.7263123336082,1.7266650494460416
201800007722,NonLethal,2018-01-18,22:15:00,NightNoStreetLight,770,164,No,NoIntersection,Normal,Other,"autoroute A5, PK 027+400",M,48.44525242228226,2.443946390169708
201800007724,NonLethal,2018-03-13,05:36:00,NightNoStreetLight,770,480,No,Other,LightRain,2Vehicles-Behind,A5 - BRET. AIRE JONCHETS,M,48.432482324987454,2.4338654839849982
201800007725,NonLethal,2018-04-16,15:00:00,Daylight,770,453,No,NoIntersection,Normal,Other,autoroute A5 pk 12+300 d,M,48.548388318769874,2.5493183007445617
201800007726,NonLethal,2018-05-05,12:05:00,Daylight,770,165,No,NoIntersection,Normal,NoCollision,A5,M,48.48692798463808,2.487078903956775
201800007728,NonLethal,2018-08-27,17:24:00,Daylight,770,293,No,NoIntersection,Normal,Other,autoroute A5 PK44+800,M,48.37131490277362,3.3712721045419123
201800007729,NonLethal,2018-11-16,19:30:00,NightNoStreetLight,770,295,No,NoIntersection,FogOrSmoke,2Vehicles-Side,A5 - PARIS PROVINCE,M,48.5624693847036,2.5620950466672445
201800007730,NonLethal,2018-10-01,10:35:00,Daylight,110,262,Yes,NoIntersection,Normal,2Vehicles-Behind,HUGO (QUAI ET PASSERELLE,M,43.18268152215519,3.182082210264085
201800007731,NonLethal,2018-01-10,12:55:00,Daylight,110,262,Yes,X-type,Normal,2Vehicles-Side,DILLON (QUAI),M,43.18256090322528,3.1837953665340093
201800007733,NonLethal,2018-01-18,20:25:00,NightStreelightsOn,110,262,Yes,NoIntersection,Normal,2Vehicles-Behind,SEMARD (AVENUE PIERRE),M,43.19003265764446,3.188752622849276
201800007734,NonLethal,2018-01-28,17:20:00,Daylight,110,262,Yes,X-type,Normal,2Vehicles-Side,POMPIDOR (AVENUE),M,43.18207657074633,2.181940533627309
201800007737,NonLethal,2018-02-23,11:40:00,Daylight,110,262,Yes,NoIntersection,Normal,Other,FERROUL (BOULEVARD  DOCT,M,43.17957484535413,3.179757684019503
201800007738,NonLethal,2018-02-28,11:30:00,Daylight,110,262,Yes,NoIntersection,SnowOrHail,Other,BORDEAUX (AVENUE DE),M,43.18285692073459,2.18282476631732
201800007740,NonLethal,2018-03-14,18:23:00,Daylight,110,262,Yes,NoIntersection,Normal,2Vehicles-Side,TURGOT (RUE),M,43.182319890445214,3.1846002819813624
201800007741,NonLethal,2018-03-20,08:00:00,Daylight,110,262,Yes,NoIntersection,Normal,Other,ELYSIQUES (VOIES DES),M,43.18717771497116,2.1879192708014394
201800007742,NonLethal,2018-03-22,16:20:00,Daylight,110,262,Yes,X-type,Normal,2Vehicles-Side,HERS (RUE DE L'),M,43.18786892165637,2.187831441757798
201800007743,NonLethal,2018-03-25,06:40:00,NightNoStreetLight,110,262,No,NoIntersection,Normal,2Vehicles-BehindVehicles-Frontal,RD 6009 NARBONNE - BEZIE,M,43.17543212151562,2.174371473148088
201800007746,NonLethal,2018-04-18,17:10:00,Daylight,110,262,Yes,NoIntersection,Normal,Other,MISTRAL (BOULEVARD FREDE,M,43.18952055361937,3.188192777884055
201800007747,NonLethal,2018-04-21,14:30:00,Daylight,110,262,Yes,NoIntersection,Normal,Other,BERRE (RUE DE LA),M,43.18651968895556,2.186761757207815
201800007748,NonLethal,2018-04-24,19:30:00,Daylight,110,262,Yes,NoIntersection,Normal,Other,LECLERC (AVENUE DU GENER,M,43.1760759338046,2.174823131170157
201800007749,NonLethal,2018-04-26,10:01:00,Daylight,110,262,Yes,NoIntersection,Normal,2Vehicles-Side,ESPAGNE (AVENUE D'),M,43.17068678706544,2.170412950422348
201800007750,NonLethal,2018-04-27,15:40:00,Daylight,110,262,Yes,NoIntersection,Normal,2Vehicles-Behind,RD 6009 NARBONNE - PERPI,M,43.15575349780364,2.15643085471468
201800007751,NonLethal,2018-04-28,23:45:00,NightStreelightsOn,110,262,Yes,NoIntersection,Normal,2Vehicles-Side,RAZIMBAUD (CHEM. DE BAS,M,43.199809270429,3.200231300471084
201800007752,NonLethal,2018-05-05,15:40:00,Daylight,110,262,No,NoIntersection,Normal,2Vehicles-BehindVehicles-Frontal,ETANGS  (AVENUE DES),M,43.14714182271599,3.146758082422834
201800007753,NonLethal,2018-05-13,06:00:00,NightStreelightsOn,110,262,Yes,NoIntersection,LightRain,Other,RD 6009 NARBONNE - BEZIE,M,43.20207461712763,3.2029024113791023
201800007755,NonLethal,2018-05-22,12:50:00,Daylight,110,262,Yes,T-type,Normal,Other,EUDES (RUE EMILE),M,43.18249763306709,2.1813878860566254
201800007756,NonLethal,2018-05-22,22:15:00,NightStreelightsOn,110,262,Yes,NoIntersection,Normal,2Vehicles-Behind,BORDEAUX (AVENUE DE),M,43.179854191026784,2.181057914170629
201800007757,NonLethal,2018-05-25,10:10:00,Daylight,110,262,Yes,NoIntersection,Normal,Other,SIGAL (PLACE LOUIS),M,43.18438232779637,3.1841497240146674
201800007758,NonLethal,2018-05-28,09:20:00,Daylight,110,262,No,NoIntersection,Normal,Other,RD 6009 NARBONNE - PERPI,M,43.17333629984379,2.174699902082314
201800007759,NonLethal,2018-05-28,11:10:00,Daylight,110,262,Yes,NoIntersection,Normal,Other,LACROIX (BOULEVARD DU DO,M,43.18008757102835,3.178872407465603
201800007760,NonLethal,2018-05-30,14:05:00,Daylight,110,262,Yes,NoIntersection,Normal,Other,LAGNELLE (CHEMIN DE PECH,M,43.17292939597692,2.1738891025887046
201800007761,NonLethal,2018-05-28,20:55:00,Daylight,110,262,Yes,NoIntersection,Normal,Other,DE GAULLE (BOULEVARD DU,M,43.18547487926742,3.1847507940712845
201800007762,NonLethal,2018-06-04,07:22:00,Daylight,110,262,Yes,NoIntersection,Normal,Other,BORDEAUX (AVENUE DE),M,43.18149850841312,2.182705975218971
201800007763,NonLethal,2018-10-06,13:30:00,Daylight,110,262,Yes,NoIntersection,Normal,Other,ESPAGNE (AVENUE D'),M,43.16917729885271,2.1704091936059595
201800007764,NonLethal,2018-06-12,17:55:00,Daylight,110,262,Yes,NoIntersection,Normal,Other,MAYOLLE (BOULEVARD DE LA,M,43.17591855677546,3.1775748164666715
201800007765,NonLethal,2018-06-15,17:45:00,Daylight,110,262,Yes,T-type,Normal,2Vehicles-Side,LECLERC (AVENUE DU GENER,M,43.17641181315705,2.177975480124008
201800007766,NonLethal,2018-06-24,10:05:00,Daylight,110,262,Yes,X-type,Normal,2Vehicles-Side,MAZAGRAN (RUE DE),M,43.17925160707407,2.181273209052119
201800007767,NonLethal,2018-06-24,19:55:00,Daylight,110,262,Yes,NoIntersection,Normal,2Vehicles-Behind,CHAUX (RUE DES FOURS A),M,43.18206160373628,2.1829694376650037
201800007768,NonLethal,2018-06-25,18:00:00,Daylight,110,262,Yes,NoIntersection,Normal,Other,1848 (BOULEVARD),M,43.19392276802286,3.191206506910157
201800007769,NonLethal,2018-07-05,14:55:00,Daylight,110,262,Yes,NoIntersection,Normal,2Vehicles-Behind,JOFFRE (BOULEVARD MARECH,M,43.183292015720106,2.182806083167069
201800007770,NonLethal,2018-04-07,14:45:00,Daylight,110,262,Yes,NoIntersection,Normal,Other,PERPIGNAN (RUE DE L'ANCI,M,43.15718869441338,2.156140029303268
201800007771,NonLethal,2018-07-12,12:30:00,Daylight,110,262,Yes,NoIntersection,Normal,Other,HUBERT MOULY (AVENUE),M,43.18197266502504,3.1794103143892167
201800007772,NonLethal,2018-07-13,17:25:00,Daylight,110,262,Yes,Roundabout,Normal,2Vehicles-Behind,RD 032 NARBONNE / GRUISS,M,43.181420761140544,3.181034779905667
201800007774,NonLethal,2018-07-25,18:09:00,Daylight,110,262,Yes,X-type,Normal,2Vehicles-Side,CHANZY (RUE),M,43.188916087294615,3.1913763735822487
201800007775,NonLethal,2018-07-26,17:25:00,Daylight,110,262,Yes,X-type,Normal,2Vehicles-Side,RUE DEMOGE,M,43.17955638396513,3.1804414532343643
201800007776,NonLethal,2018-04-08,10:00:00,Daylight,110,262,Yes,X-type,Normal,Other,CHANZY (RUE),M,43.18821866764208,3.1878395430127155
201800007777,NonLethal,2018-08-08,17:40:00,Daylight,110,262,Yes,NoIntersection,Normal,NoCollision,CARNOT (AVENUE),M,43.19381147045169,3.1952406873374017
201800007778,NonLethal,2018-08-14,15:10:00,Daylight,110,262,Yes,NoIntersection,Normal,Other,LECLERC (AVENUE DU GENER,M,43.17532376836815,2.178574653735209
201800007779,NonLethal,2018-08-18,10:35:00,Daylight,110,262,Yes,NoIntersection,Normal,Other,ETANGS  (AVENUE DES),M,43.157369708923824,2.158320104005748
201800007780,NonLethal,2018-08-20,18:25:00,Daylight,110,262,Yes,NoIntersection,Normal,Other,LACROIX (BOULEVARD DU DO,M,43.179047261780894,2.180000383246269
201800007783,NonLethal,2018-08-31,14:05:00,Daylight,110,262,Yes,NoIntersection,Normal,Other,MALACHITE (RUE DE LA),M,43.19876593031872,3.1974201641043085
201800007785,NonLethal,2018-03-09,17:31:00,Daylight,110,262,Yes,X-type,Normal,Other,JUIN (AVENUE MAREHAL),M,43.18465789764701,3.1814395184318585
201800007787,NonLethal,2018-09-14,07:05:00,TwilightOrDawn,110,262,Yes,NoIntersection,Normal,Other,JAURES (RUE JEAN),M,43.18327754656559,3.18455343717724
201800007788,NonLethal,2018-09-13,17:45:00,Daylight,110,262,Yes,NoIntersection,Normal,Other,ESPAGNE (AVENUE D'),M,43.16963122074383,2.167567975082344
201800007789,NonLethal,2018-09-16,02:00:00,NightStreelightsOn,110,262,No,Roundabout,Normal,Other,MARCORIGNAN (ROUTE DE),M,43.190046491990245,2.1890256826144507
201800007790,NonLethal,2018-09-17,12:40:00,Daylight,110,262,Yes,Roundabout,Normal,2Vehicles-Side,DE GAULLE (BOULEVARD DU,M,43.18893901067911,3.1862582038026424
201800007791,NonLethal,2018-09-18,17:10:00,Daylight,110,262,Yes,X-type,Normal,Other,THERMES (RUE DES),M,43.188515442839645,3.1902922759897243
201800007792,NonLethal,2018-09-19,10:00:00,Daylight,110,262,Yes,NoIntersection,Normal,2Vehicles-Side,LORRAINE (QUAI DE),M,43.18882169538374,2.1889462865485547
201800007793,NonLethal,2018-09-19,18:06:00,Daylight,110,262,Yes,NoIntersection,Normal,Other,FRANCE (AVENUE ANATOLE),M,43.18671417138342,2.186230800092761
201800007794,NonLethal,2018-09-26,09:36:00,Daylight,110,262,No,NoIntersection,Normal,Other,RD 6113 NARBONNE - CARCA,M,43.17949626929354,2.181838664159183
201800007795,NonLethal,2018-09-21,09:00:00,Daylight,110,262,Yes,NoIntersection,Normal,Other,TOULOUSE (AVENUE DE),M,43.182178025413776,2.1830450401044383
201800007796,NonLethal,2018-04-10,15:49:00,Daylight,110,262,Yes,NoIntersection,Normal,Other,CREISSEL (BOULEVARD DE),M,43.17737192924779,3.1763464340868177
201800007797,NonLethal,2018-10-03,17:05:00,Daylight,110,262,Yes,T-type,Normal,2Vehicles-Side,FRANCE (AVENUE ANATOLE),M,43.18443104025368,2.186394647468737
201800007798,NonLethal,2018-10-10,14:40:00,Daylight,110,262,Yes,T-type,Normal,2Vehicles-Side,ELYSIQUES (VOIES DES),M,43.18796393996535,2.1873254347826045
201800007799,NonLethal,2018-10-16,12:12:00,Daylight,110,262,Yes,T-type,HeavyRain,2Vehicles-Side,CROIX SUD (AVENUE DE),M,43.160139206358856,2.158447827266169
201800007800,NonLethal,2018-10-21,17:32:00,Daylight,110,262,Yes,NoIntersection,Normal,Other,ESPAGNE (AVENUE D'),M,43.16811821716576,2.170328629931705
201800007801,NonLethal,2018-10-19,21:10:00,NightStreelightsOn,110,262,Yes,NoIntersection,Normal,Other,AUGE (BOULEVARD DR LEON),M,43.18606353738819,3.1850022673965768
201800007803,NonLethal,2018-10-25,17:10:00,Daylight,110,262,Yes,NoIntersection,Normal,2Vehicles-Behind,GAMBETTA (BOULEVARD),M,43.182654630790935,3.1820980824211245
201800007804,NonLethal,2018-10-27,00:50:00,NightStreelightsOn,110,262,Yes,Roundabout,Normal,Other,ESPAGNE (AVENUE D'),M,43.16765397704301,2.167726869079452
201800007805,NonLethal,2018-10-30,21:05:00,NightStreelightsOn,110,262,Yes,T-type,Normal,2Vehicles-Side,1848 (BOULEVARD),M,43.191963286095984,3.191095372013333
201800007806,NonLethal,2018-10-30,14:50:00,Daylight,110,262,Yes,X-type,LightRain,2Vehicles-Side,MAZAGRAN (RUE DE),M,43.178813970749694,2.179899429936541
201800007807,NonLethal,2018-01-11,19:00:00,NightStreelightsOn,110,262,Yes,Roundabout,Normal,Other,RD 032 NARBONNE / GRUISS,M,43.17976806660012,3.18001804205917
201800007808,NonLethal,2018-05-11,12:05:00,Daylight,110,262,Yes,Y-type,Normal,Other,1848 (BOULEVARD),M,43.19056285480256,3.191004284447497
201800007809,NonLethal,2018-11-05,16:15:00,Daylight,110,262,Yes,NoIntersection,Normal,Other,1830 (BOULEVARD),M,43.18949494880032,3.1900823735926807
201800007810,NonLethal,2018-11-16,14:50:00,Daylight,110,262,Yes,NoIntersection,Normal,Other,1848 (BOULEVARD),M,43.19035531403033,3.191299104835978
201800007811,NonLethal,2018-11-19,13:50:00,Daylight,110,262,Yes,Roundabout,Overcast,Other,HUBERT MOULY (AVENUE),M,43.181021841411344,3.180350058588429
201800007812,NonLethal,2018-11-20,11:48:00,Daylight,110,262,Yes,T-type,Normal,Other,LECLERC (AVENUE DU GENER,M,43.17506072165606,2.174767582767106
201800007813,NonLethal,2018-11-30,11:49:00,Daylight,110,262,Yes,NoIntersection,LightRain,Other,BORDEAUX (AVENUE DE),M,43.1814645542586,2.1836823978263697
201800007814,NonLethal,2018-12-13,18:25:00,TwilightOrDawn,110,262,Yes,NoIntersection,LightRain,Other,ELYSIQUES (VOIES DES),M,43.18516126239261,2.1882542893612142
201800007815,NonLethal,2018-12-13,07:50:00,TwilightOrDawn,110,262,Yes,T-type,Normal,2Vehicles-Side,JOFFRE (BOULEVARD MARECH,M,43.18563784533109,3.1838803548461128
201800007816,NonLethal,2018-12-14,07:30:00,TwilightOrDawn,110,262,Yes,NoIntersection,Normal,Other,MISTRAL (BOULEVARD FREDE,M,43.18588629995956,3.184821069051778
201800007817,NonLethal,2018-12-18,17:35:00,TwilightOrDawn,110,262,Yes,NoIntersection,Normal,2Vehicles-Behind,AUGE (BOULEVARD DU DR LE,M,43.18722471359197,3.184170290442504
201800007818,NonLethal,2018-12-19,15:55:00,Daylight,110,262,Yes,NoIntersection,Normal,3+Vehicles-Chain,ESPAGNE (AVENUE D'),M,43.16879693389174,2.166744626521983
201800007819,NonLethal,2018-12-28,18:43:00,NightStreelightsOn,110,262,Yes,NoIntersection,Normal,2Vehicles-Behind,MALARD (BOULEVARD DE),M,43.18532996925913,3.186859672761186
201800007820,NonLethal,2018-01-20,15:00:00,Daylight,600,265,No,NoIntersection,LightRain,NoCollision,A16,M,49.57163265861197,2.571491406358571
201800007823,NonLethal,2018-02-08,08:30:00,Daylight,600,30,No,NoIntersection,Normal,2Vehicles-Behind,Autoroute A16 PK59+600,M,49.34411265353933,2.342597237235532
201800007824,NonLethal,2018-03-22,01:30:00,NightNoStreetLight,950,313,Yes,NoIntersection,Normal,NoCollision,A16,M,49.12272428386078,2.123303029003913
201800007825,NonLethal,2018-05-24,09:35:00,Daylight,600,598,No,NoIntersection,Overcast,2Vehicles-Behind,PK 63+600 SENS BOULOGNE>,M,49.350066485906254,2.348519061785552
201800007826,NonLethal,2018-07-16,12:35:00,Daylight,600,570,No,NoIntersection,Normal,Other,A16 - PK 050.800,M,49.27257182010053,2.2729029441501862
201800007827,NonLethal,2018-10-18,09:00:00,Daylight,950,313,No,NoIntersection,Normal,2Vehicles-Side,Autoroute A 16,M,49.1135246781667,2.113909150535252
201800007828,Lethal,2018-11-25,07:30:00,NightNoStreetLight,600,57,No,NoIntersection,Normal,2Vehicles-Behind,Autoroute A16 Pk 71.600,M,49.42057898797016,2.420952102051421
201800007829,NonLethal,2018-03-10,11:30:00,Daylight,130,91,Yes,NoIntersection,Normal,Other,PLACE GAMBETTA,M,43.62125959204062,5.620699819181286
201800007831,NonLethal,2018-10-28,12:15:00,Daylight,130,50,No,NoIntersection,Normal,2Vehicles-BehindVehicles-Frontal,RD 15,M,43.64954847696609,5.649450057294208
201800007832,NonLethal,2018-11-23,07:15:00,TwilightOrDawn,130,91,No,NoIntersection,HeavyRain,Other,RD7n PK44+300,M,43.63600907079815,5.634242829585297
201800007833,NonLethal,2018-04-12,16:20:00,Daylight,130,50,No,NoIntersection,Normal,2Vehicles-Behind,D7N,M,43.65041241727727,5.649628072635832
201800007835,NonLethal,2018-03-05,19:00:00,Daylight,300,36,Yes,NoIntersection,Normal,2Vehicles-Side,14 route nationale 113,M,43.77095793841067,4.770463993861423
201800007836,NonLethal,2018-05-06,07:00:00,Daylight,300,169,Yes,NoIntersection,Normal,Other,RN 113,M,43.78237973123648,4.780067471288276
201800007838,NonLethal,2018-06-19,04:50:00,NightNoStreetLight,300,169,No,NoIntersection,Normal,Other,1520 route de Nîmes,M,43.80087732859723,4.801073358168198
201800007839,NonLethal,2018-07-31,15:05:00,Daylight,300,169,No,NoIntersection,Normal,2Vehicles-Side,route nationale 113,M,43.78807616704476,4.792145443225398
201800007840,NonLethal,2018-08-17,16:00:00,Daylight,300,36,No,NoIntersection,Normal,Other,RN 6113,M,43.777845121863656,4.776730323597196
201800007841,NonLethal,2018-09-04,18:50:00,Daylight,300,169,No,NoIntersection,Normal,2Vehicles-BehindVehicles-Frontal,RD 262,M,43.75944140443641,4.75877536525919
201800007843,Lethal,2018-09-12,08:40:00,Daylight,300,347,No,NoIntersection,Normal,2Vehicles-Behind,"RN 113, zac cante cigale",M,43.74355332854167,4.740183672941382
201800007844,NonLethal,2018-10-18,17:50:00,Daylight,300,36,No,NoIntersection,Overcast,2Vehicles-Side,RN113,M,43.77018925258086,4.7673872212700585
201800007847,NonLethal,2018-11-26,07:45:00,TwilightOrDawn,300,36,No,NoIntersection,Other,2Vehicles-Side,route nationale 113,M,43.77123128553474,4.772287349994551
201800007848,Lethal,2018-11-30,04:45:00,NightNoStreetLight,300,20,No,NoIntersection,HeavyRain,2Vehicles-BehindVehicles-Frontal,cd 135,M,43.76168380831461,4.763121169983035
201800007849,Lethal,2018-01-12,21:00:00,NightNoStreetLight,300,36,No,NoIntersection,Normal,2Vehicles-BehindVehicles-Frontal,cd 135,M,43.77222301300479,4.770775078886138
201800007850,NonLethal,2018-12-02,04:00:00,NightStreelightsOn,300,36,Yes,NoIntersection,LightRain,Other,27 ROUTE DE NIMES,M,43.771743636123865,4.770823357338957
201800007852,NonLethal,2018-06-02,17:35:00,Daylight,310,181,No,NoIntersection,Normal,2Vehicles-Behind,A64,M,43.40424157843959,1.403463896155814
201800007853,NonLethal,2018-10-02,06:40:00,NightNoStreetLight,310,107,No,NoIntersection,Overcast,2Vehicles-Behind,"autoroute A-64, Point Ki",M,43.32700752323538,1.3256366055134
201800007854,NonLethal,2018-02-23,19:00:00,NightNoStreetLight,310,395,No,NoIntersection,Normal,3+Vehicles-Chain,A64,M,43.44154227178207,1.4418092105356004
201800007855,Lethal,2018-07-05,07:40:00,Daylight,310,424,Yes,NoIntersection,Normal,2Vehicles-BehindVehicles-Frontal,D50,M,43.55280430969517,1.552529769342762
201800007856,NonLethal,2018-06-23,17:15:00,Daylight,310,107,No,Other,Normal,2Vehicles-BehindVehicles-Frontal,A.64,M,43.30383563140015,1.303074838676055
201800007857,NonLethal,2018-06-28,03:55:00,NightNoStreetLight,310,395,No,NoIntersection,Normal,Other,A64 PK 269+444 en direct,M,43.45944443062889,1.4561882433708273
201800007858,Lethal,2018-11-07,16:00:00,Daylight,310,399,No,NoIntersection,Normal,NoCollision,Autoroute A64 pk 261.500,M,43.37043923358463,1.370454212334757
201800007859,NonLethal,2018-08-02,08:50:00,Daylight,310,395,Yes,Roundabout,Normal,2Vehicles-Side,intersection route d'eau,M,43.45852243133537,1.4572280049904742
201800007860,NonLethal,2018-09-08,21:00:00,NightNoStreetLight,310,104,No,NoIntersection,Normal,Other,Autoroute A.64 - PK 256+,M,43.33332873202546,1.3345495817790325
201800007861,NonLethal,2018-10-01,20:20:00,NightNoStreetLight,310,458,No,NoIntersection,Normal,3+Vehicles-Chain,Autoroute A 64 PK 276.90,M,43.496095585438894,1.4953140983520787
201800007862,NonLethal,2018-10-19,07:45:00,TwilightOrDawn,310,395,No,NoIntersection,FogOrSmoke,3+Vehicles-Multiple,D3 PR 051.246 vers Muret,M,43.46679278534784,1.4663348939709393
201800007863,NonLethal,2018-08-11,09:00:00,Daylight,310,433,No,NoIntersection,Normal,3+Vehicles-Chain,autoroute a64,M,43.5324834288662,1.533270319586413
201800007864,NonLethal,2018-11-14,17:40:00,NightNoStreetLight,310,261,No,NoIntersection,Normal,NoCollision,A64 PK:247.430,M,43.30897135100557,1.311322765468559
201800007865,NonLethal,2018-11-25,18:55:00,NightNoStreetLight,310,458,No,NoIntersection,Normal,2Vehicles-Behind,a64,M,43.499324459602086,1.5000877055242503
201800007866,NonLethal,2018-12-15,10:15:00,Daylight,760,533,No,NoIntersection,SnowOrHail,Other,a29,M,49.49926225205316,2.49936235035211
201800007867,NonLethal,2018-01-26,10:00:00,Daylight,760,533,No,Roundabout,Normal,2Vehicles-Side,a 29,M,49.47889546713069,2.4810403501391245
201800007868,NonLethal,2018-05-01,12:50:00,Daylight,760,533,No,NoIntersection,Normal,Other,A29,M,49.49807790319528,2.5012575356564133
201800007869,NonLethal,2018-06-20,10:20:00,Daylight,760,657,No,NoIntersection,Normal,Other,A131,M,49.48929863084997,3.491718032743444
201800007871,NonLethal,2018-07-12,13:35:00,Daylight,760,169,No,NoIntersection,Normal,Other,A 131 . PK 018.800 . SEN,M,49.48824889736065,4.488448580123428
201800007872,NonLethal,2018-09-10,18:00:00,Daylight,760,533,No,NoIntersection,Normal,Other,bretelle E 2 de l'A 29 (,M,49.49457360922023,2.494210207178919
201800007873,Lethal,2018-10-16,19:05:00,Daylight,760,239,No,NoIntersection,Normal,2Vehicles-Behind,AUTOROUTE A.29,M,49.55138897901151,3.549686800967424
201800007874,NonLethal,2018-10-25,08:38:00,Daylight,760,684,No,NoIntersection,Normal,2Vehicles-Side,Nl82,M,49.47631396895591,4.476322904888807
201800007875,NonLethal,2018-12-11,17:00:00,Daylight,760,44,No,NoIntersection,Normal,NoCollision,A29 - PK 55,M,49.61883700167559,5.619693884863886
201800007876,Lethal,2018-01-02,14:15:00,Daylight,310,144,No,NoIntersection,HeavyRain,2Vehicles-BehindVehicles-Frontal,D 125 PK 005.250,M,42.90174264567487,6.901094616131066
201800007878,NonLethal,2018-06-09,14:41:00,Daylight,310,585,No,NoIntersection,Normal,Other,"A64, PK 199.950, en dire",M,43.11433120639492,6.11319429540847
201800007879,NonLethal,2018-08-10,17:30:00,Daylight,310,198,Yes,Y-type,Overcast,3+Vehicles-Chain,RD 635-RD13,M,43.19045852367057,9.18942937519558
201800007880,NonLethal,2018-01-30,05:54:00,NightNoStreetLight,490,180,No,Roundabout,Normal,NoCollision,D347- D79,M,47.36840489085181,-0.3719232874800779
201800007881,NonLethal,2018-05-30,13:15:00,Daylight,490,185,No,NoIntersection,Normal,NoCollision,D137,M,47.51749497001383,-0.5164292166834151
201800007883,NonLethal,2018-08-07,11:00:00,Daylight,490,21,No,NoIntersection,Normal,NoCollision,A85,M,47.47066702951143,-0.4700405617605517
201800007884,NonLethal,2018-07-22,15:40:00,Daylight,490,378,No,NoIntersection,Normal,Other,A85,M,47.31694616475262,-0.3156128150375067
201800007885,NonLethal,2018-07-08,03:20:00,NightNoStreetLight,490,180,No,NoIntersection,Normal,Other,A.85,M,47.39769404566967,-0.3964791373879978
201800007886,NonLethal,2018-08-09,12:20:00,Daylight,490,378,No,NoIntersection,LightRain,Other,A85,M,47.31127602676079,-0.3108341916777423
201800007887,NonLethal,2018-09-02,18:00:00,Daylight,490,194,No,NoIntersection,Normal,NoCollision,A85,M,47.48584518003929,-0.4870004159464309
201800007888,NonLethal,2018-01-18,07:20:00,TwilightOrDawn,10,194,Yes,NoIntersection,Normal,Other,Rue Limelette,M,45.984182571041856,4.984180449290439
201800007889,NonLethal,2018-03-26,15:15:00,Daylight,10,93,No,NoIntersection,Overcast,2Vehicles-BehindVehicles-Frontal,D936 PK23+080,M,46.10689508624211,4.107095865371821
201800007890,NonLethal,2018-07-12,15:45:00,Daylight,10,333,Yes,NoIntersection,Normal,Other,D1083,M,45.92888829477012,4.926525147012137
201800007891,NonLethal,2018-05-10,02:05:00,NightNoStreetLight,10,427,Yes,NoIntersection,Normal,2Vehicles-BehindVehicles-Frontal,AVENUE DU DOCTEUR BOLLET,M,45.94292776525199,4.941758144333065
201800007892,NonLethal,2018-10-09,05:45:00,NightNoStreetLight,10,85,No,X-type,Normal,2Vehicles-BehindVehicles-Frontal,intersection D7/D80,M,46.08730396027549,5.0868405775046766
201800007894,NonLethal,2018-02-07,08:15:00,Daylight,800,21,No,NoIntersection,Normal,Other,A29,M,49.857396636928215,2.8573033516957302
201800007895,NonLethal,2018-03-14,09:55:00,Daylight,800,795,No,NoIntersection,Normal,2Vehicles-Behind,A16,M,50.03107697513721,2.031236749348489
201800007896,NonLethal,2018-01-04,21:45:00,NightNoStreetLight,800,160,No,NoIntersection,Normal,2Vehicles-BehindVehicles-Frontal,A29,M,49.85224745818428,2.851987125720467
201800007897,NonLethal,2018-06-21,19:45:00,Daylight,800,131,No,NoIntersection,Normal,Other,A29,M,49.8608826466779,2.8612838412788792
201800007898,NonLethal,2018-07-22,11:46:00,Daylight,800,670,No,NoIntersection,Normal,NoCollision,A29,M,49.84357431650206,2.8414296055160806
201800007899,NonLethal,2018-07-24,12:30:00,Daylight,800,799,No,NoIntersection,Normal,Other,A29,M,49.85432826459353,2.8540130930865417
201800007900,NonLethal,2018-08-07,00:15:00,NightNoStreetLight,800,159,No,NoIntersection,Normal,Other,A29,M,49.859063014256805,2.8601461867150317
201800007901,NonLethal,2018-08-22,10:40:00,Daylight,800,724,No,NoIntersection,Normal,Other,A29,M,49.871094738787136,2.871176744118316
201800007902,Lethal,2018-09-13,09:10:00,Daylight,800,724,No,NoIntersection,Normal,Other,A29,M,49.855229205204544,2.853683807386928
201800007903,NonLethal,2018-11-12,17:08:00,Daylight,800,131,No,NoIntersection,Normal,3+Vehicles-Chain,A29,M,49.8624399509676,2.8612725847208025
201800007904,NonLethal,2018-12-21,09:24:00,Daylight,800,357,No,NoIntersection,LightRain,Other,A29,M,49.82477109819293,2.825586511872429