AccidentId,Gravity,Date,Hour,Light,Department,Commune,InAgglomeration,IntersectionType,Weather,CollisionType,PostalAddress,GPSCode,Latitude,Longitude
201800007905,NonLethal,2018-10-04,02:50:00,NightNoStreetLight,390,49,No,NoIntersection,Normal,NoCollision,,M,46.864101189897774,5.861494329471661
201800007906,Lethal,2018-12-06,13:45:00,Daylight,390,173,No,NoIntersection,Normal,2Vehicles-BehindVehicles-Frontal,,M,46.52799174216207,5.528616066425741
201800007907,NonLethal,2018-08-18,11:00:00,Daylight,390,159,No,NoIntersection,Normal,Other,,M,46.88559464055704,5.8842992315709175
201800007908,NonLethal,2018-09-11,14:50:00,Daylight,710,157,No,NoIntersection,Normal,NoCollision,A39 PK 113.000,M,46.511667755889306,5.510027253445109
201800007910,NonLethal,2018-12-05,12:35:00,Daylight,120,83,Yes,NoIntersection,Normal,Other,14 JUILLET (DU),M,44.52467796780102,2.5255119899776064
201800007911,NonLethal,2018-06-15,01:20:00,NightStreelightsOn,120,89,Yes,NoIntersection,Normal,NoCollision,RAMADIER PAUL (AVENUE),M,44.55673549174098,2.555275969157573
201800007912,NonLethal,2018-06-27,13:07:00,Daylight,120,89,Yes,NoIntersection,Normal,2Vehicles-Side,GAMBETTA,M,44.56218962558226,2.562265920995672
201800007913,NonLethal,2018-07-31,16:00:00,Daylight,120,89,Yes,NoIntersection,Normal,2Vehicles-BehindVehicles-Frontal,FAREYRES (AVENUE DE),M,44.56504522534903,2.5659621386531253
201800007914,NonLethal,2018-12-26,17:50:00,NightNoStreetLight,120,305,No,NoIntersection,Normal,2Vehicles-Behind,PIMPEU LIEU-DIT,M,44.55931840432775,2.559071476029502
201800007915,NonLethal,2018-03-04,17:30:00,Daylight,120,145,No,NoIntersection,LightRain,2Vehicles-Side,CAVALERIE (COTE DE LA ),M,44.09380205997087,3.0904791031003445
201800007917,NonLethal,2018-05-24,16:00:00,Daylight,120,145,Yes,NoIntersection,Normal,Other,7 RUE MOULIN JEAN,M,44.10058772215407,3.100552571222736
201800007919,NonLethal,2018-06-30,18:00:00,Daylight,120,145,Yes,NoIntersection,Normal,3+Vehicles-Multiple,MILLAU PLAGE (AVENUE DE),M,44.10737362496511,3.1107222045066494
201800007920,NonLethal,2018-08-14,19:50:00,Daylight,120,145,Yes,Other,Normal,Other,PONT LEROUGE (AVENUE DU),M,44.09194815478155,3.090370705801996
201800007922,NonLethal,2018-11-23,13:08:00,Daylight,120,145,Yes,X-type,LightRain,Other,MERLE ALFRED,M,44.10343703396405,3.100578263524529
201800007923,NonLethal,2018-12-19,17:45:00,NightStreelightsOn,120,145,Yes,NoIntersection,LightRain,Other,BELFORT,M,44.10257454757776,3.10195418054385
201800007924,NonLethal,2018-01-14,00:42:00,NightStreelightsOn,120,202,Yes,Roundabout,Normal,Other,"45,Bld 122° R.I",M,44.35399315550801,2.3589237695139658
201800007925,NonLethal,2018-02-27,14:15:00,Daylight,120,176,No,NoIntersection,Normal,3+Vehicles-Chain,RN 88,M,44.371397614812096,2.3731948485021688
201800007927,NonLethal,2018-04-07,17:00:00,Daylight,120,174,No,Roundabout,Normal,Other,ROUTE DE BOIS VERT,M,44.324768609221564,2.3254239598761197
201800007928,NonLethal,2018-04-28,17:00:00,Daylight,120,202,Yes,NoIntersection,Normal,Other,VICTOR HUGO (AVENUE),M,44.35193044091925,2.3527090215890043
201800007929,NonLethal,2018-05-28,23:05:00,NightStreelightsOn,120,176,Yes,T-type,LightRain,2Vehicles-Side,SEVERAC LE CHATEAU (ROUT,M,44.361782249066735,2.3636100815886603
201800007930,NonLethal,2018-05-29,13:30:00,Daylight,120,202,Yes,NoIntersection,Overcast,Other,MARECHAL JOFFRE (4 AVENU,M,44.360618681318186,2.363238814004001
201800007931,NonLethal,2018-04-06,17:35:00,Daylight,120,146,No,NoIntersection,Normal,2Vehicles-BehindVehicles-Frontal,RD 62,M,44.32490291116986,2.3246878290871806
201800007932,NonLethal,2018-08-06,07:40:00,Daylight,120,202,Yes,NoIntersection,Normal,Other,MONTPELLIER (AVENUE DE),M,44.35591699659058,2.355437964319203
201800007934,NonLethal,2018-06-21,13:55:00,Daylight,120,202,Yes,NoIntersection,Normal,2Vehicles-BehindVehicles-Frontal,GINESTE (AVENUE DE LA),M,44.36288304330497,2.363113620540786
201800007935,NonLethal,2018-06-27,13:35:00,Daylight,120,202,Yes,Roundabout,Normal,NoCollision,DECAZEVILLE (AVENUE DE),M,44.3650498052049,2.364548053123836
201800007936,NonLethal,2018-07-06,12:20:00,Daylight,120,202,Yes,T-type,Normal,2Vehicles-Side,LOUIS BLANC (RUE),M,44.34903607325269,2.350033695059888
201800007937,NonLethal,2018-06-07,13:20:00,Daylight,120,176,Yes,NoIntersection,Normal,2Vehicles-Side,BALQUIERES (BLD DES) -CO,M,44.37191466117241,2.373814819734197
201800007938,NonLethal,2018-07-24,07:45:00,Daylight,120,202,Yes,NoIntersection,Normal,Other,AVENUE DES FUSILLES,M,44.3569749557888,2.356929092304752
201800007939,Lethal,2018-07-26,07:50:00,TwilightOrDawn,120,202,Yes,NoIntersection,VeryGood,Other,TARAYRE (AVENUE),M,44.35558943747756,2.355363198385932
201800007940,NonLethal,2018-07-27,10:53:00,Daylight,120,202,Yes,NoIntersection,Normal,Other,DURAND DEGROS (AVENUE),M,44.35821661446852,2.3572596482721253
201800007941,NonLethal,2018-05-08,16:00:00,Daylight,120,202,Yes,NoIntersection,Normal,NoCollision,MARECHAL JOFFRE (AVENUE,M,44.36218499333147,2.362755324692828
201800007942,NonLethal,2018-10-08,18:35:00,Daylight,120,202,No,NoIntersection,Normal,2Vehicles-Behind,DECAZEVILLE (AVENUE DE),M,44.38375984049051,2.3834001429303937
201800007943,NonLethal,2018-08-11,20:40:00,TwilightOrDawn,120,202,Yes,NoIntersection,Normal,NoCollision,ONDES (RUE DES),M,44.35376154371203,2.353454606955251
201800007944,NonLethal,2018-08-24,08:54:00,Daylight,120,202,No,Roundabout,Normal,2Vehicles-Side,MOUTIERS (GIRATOIRE DES),M,44.36461211337506,2.364454786042628
201800007946,NonLethal,2018-08-09,12:20:00,Daylight,120,202,Yes,T-type,Normal,Other,PLANARD (RUE),M,44.35421521616453,2.353081381520138
201800007947,NonLethal,2018-08-09,11:35:00,Daylight,120,202,No,NoIntersection,Normal,Other,BELLE ISLE (BOULEVARD),M,44.3523041765843,2.351783398846562
201800007948,NonLethal,2018-09-10,17:45:00,Daylight,120,202,Yes,Roundabout,Normal,Other,QUATRE SAISONS (CARREFOU,M,44.36466045103417,2.360918829337588
201800007949,NonLethal,2018-08-09,22:40:00,NightNoStreetLight,120,176,No,NoIntersection,Normal,NoCollision,RD 840 - PR 7+0460,M,44.38989544010104,2.391467183089456
201800007952,NonLethal,2018-09-25,08:35:00,Daylight,120,174,No,NoIntersection,Normal,2Vehicles-Behind,RN88 (ROCADE),M,44.33648963420863,2.334230702314668
201800007953,Lethal,2018-09-27,11:15:00,Daylight,120,202,No,NoIntersection,Normal,Other,DOCTEUR LOUIS BONNEFOUS,M,44.45631965825809,2.456482774558733
201800007954,NonLethal,2018-10-14,12:45:00,Daylight,120,202,Yes,NoIntersection,Normal,2Vehicles-Side,122 IEME RI (BOULEVARD D,M,44.35347512733264,2.3539314295396947
201800007955,NonLethal,2018-10-15,20:00:00,TwilightOrDawn,120,176,Yes,NoIntersection,Normal,2Vehicles-Behind,ESPALION (ROUTE D'),M,44.37076472041658,2.369626997192334
201800007956,NonLethal,2018-10-23,09:45:00,Daylight,120,174,Yes,NoIntersection,Normal,2Vehicles-Behind,ROUTE DE FONSALADE,M,44.333432111368325,2.336037925389538
201800007957,NonLethal,2018-10-24,13:30:00,Daylight,120,202,Yes,Roundabout,Normal,NoCollision,GIRATOIRE DE CALCOMIER,M,44.36378131986328,2.364246581465605
201800007958,NonLethal,2018-10-28,16:40:00,TwilightOrDawn,120,176,No,NoIntersection,Normal,NoCollision,ROQUETTE  RN88(AVENUE DE,M,44.37399389894762,2.373588149123009
201800007959,NonLethal,2018-12-11,15:20:00,Daylight,120,202,Yes,Y-type,Normal,Other,LAROMIGUIERE (BOULEVARD),M,44.34835893916056,2.3484269277518512
201800007960,NonLethal,2018-11-14,01:40:00,NightNoStreetLight,120,202,No,NoIntersection,Normal,Other,RD 994,M,44.36652556295077,2.366487728055232
201800007961,NonLethal,2018-11-19,08:40:00,Daylight,120,202,Yes,T-type,Normal,2Vehicles-Behind,SAINT FELIX (AVENUE DE),M,44.365238848847575,2.3669306211628545
201800007962,NonLethal,2018-11-20,19:57:00,NightStreelightsOn,120,202,Yes,T-type,Normal,Other,FRANCOIS MAHOUX (RUE),M,44.34999992918585,2.348927720444425
201800007963,NonLethal,2018-11-14,18:25:00,TwilightOrDawn,120,174,No,NoIntersection,Normal,2Vehicles-Behind,RN88 (ROCADE),M,44.32960750475272,2.330505833717864
201800007964,NonLethal,2018-11-24,19:10:00,NightNoStreetLight,120,176,Yes,NoIntersection,Normal,Other,RN 88,M,44.37074908657696,2.3680981049925216
201800007966,NonLethal,2018-12-17,09:02:00,TwilightOrDawn,120,174,Yes,T-type,Overcast,2Vehicles-Behind,MOULINE (AVENUE DES HAUT,M,44.33846088505279,2.339144073231389
201800007967,NonLethal,2018-12-17,17:25:00,TwilightOrDawn,120,202,Yes,T-type,LightRain,Other,CARDAILLAC (CITE),M,44.35561808207558,2.356380709486502
201800007969,NonLethal,2018-02-10,06:45:00,TwilightOrDawn,460,309,No,NoIntersection,Normal,2Vehicles-Behind,Autoroute A20,M,44.89805893122124,1.8991497549562413
201800007970,Lethal,2018-03-13,17:35:00,Daylight,380,301,No,NoIntersection,Normal,2Vehicles-BehindVehicles-Frontal,D1075,M,44.80296624755435,5.804392696250098
201800007971,Lethal,2018-03-20,16:50:00,Daylight,380,342,No,NoIntersection,Normal,3+Vehicles-Multiple,D1075,M,44.89344171587087,5.891908904255514
201800007972,NonLethal,2018-05-09,12:10:00,Daylight,380,524,No,NoIntersection,Normal,Other,A51,M,45.09106547828152,5.090308906469283
201800007973,Lethal,2018-05-23,14:20:00,Daylight,380,266,No,NoIntersection,HeavyRain,2Vehicles-Side,"D529 ""Au Cours""",M,44.96867604670098,5.966332382976604
201800007974,NonLethal,2018-06-22,12:25:00,Daylight,380,524,No,NoIntersection,Normal,Other,A51 SORTIE 10-2,M,45.11068034029047,5.111458401199908
201800007975,NonLethal,2018-07-14,01:29:00,NightNoStreetLight,380,524,No,NoIntersection,Normal,2Vehicles-BehindVehicles-Frontal,A51 pk 3.410,M,45.08775738618772,5.088495610930641
201800007976,NonLethal,2018-11-02,19:40:00,NightNoStreetLight,380,524,No,Other,Normal,Other,"A51, Pk 0+485",M,45.09166146318068,5.091846380987531
201800007977,Lethal,2018-11-09,09:40:00,Daylight,380,187,Yes,NoIntersection,Normal,Other,D8,M,45.02307392862827,5.023478881516828
201800007978,NonLethal,2018-11-14,13:10:00,Daylight,380,115,No,NoIntersection,Normal,NoCollision,A51 PK 13+250,M,45.00229394621038,5.002561610081038
201800007980,NonLethal,2018-02-16,21:00:00,NightNoStreetLight,450,73,No,NoIntersection,Overcast,NoCollision,A19,M,48.04036428818913,2.040268031101286
201800007981,NonLethal,2018-09-07,04:20:00,NightNoStreetLight,450,60,No,NoIntersection,Normal,2Vehicles-Behind,A77 PK 56+700,M,47.73268880576487,2.733786676388236
201800007982,NonLethal,2018-11-29,23:10:00,NightNoStreetLight,450,40,No,NoIntersection,LightRain,Other,A77 P.K.:078+600,M,47.58718426279612,2.588300546956817
201800007983,Lethal,2018-01-18,13:55:00,Daylight,240,289,Yes,NoIntersection,LightRain,Other,Avenue du périgord pourp,M,44.85227838275764,6.853114401006497
201800007984,NonLethal,2018-06-15,20:15:00,Daylight,240,568,No,T-type,Normal,2Vehicles-Behind,Les Grands Champs,M,44.84658118996478,1.8472488337738024
201800007985,Lethal,2018-06-28,07:38:00,Daylight,240,289,No,NoIntersection,Normal,3+Vehicles-Multiple,104 route du Perigord po,M,44.85452526058676,7.853516071806868
201800007986,NonLethal,2018-07-22,15:30:00,Daylight,240,335,No,NoIntersection,Normal,Other,lieu dit les coteaux,M,44.85093663243846,2.849730120472949
201800007987,NonLethal,2018-08-30,22:44:00,NightNoStreetLight,240,568,No,NoIntersection,Normal,3+Vehicles-Multiple,lieu dit pont de l'estro,M,44.85093779463832,9.850228728185204
201800007988,NonLethal,2018-12-15,18:30:00,NightStreelightsOn,240,568,Yes,NoIntersection,HeavyRain,2Vehicles-BehindVehicles-Frontal,les Réaux,M,44.84880741288097,1.850506434578036
201800007989,NonLethal,2018-12-03,10:37:00,Daylight,240,461,No,NoIntersection,LightRain,Other,les rivaux,M,44.93596816798892,1.9347697996983289
201800007991,NonLethal,2018-05-24,00:01:00,NightNoStreetLight,240,150,No,NoIntersection,Normal,Other,MOULIN DE LA BROUSSE,M,44.73102080870188,1.7317290904405829
201800007992,NonLethal,2018-04-07,15:00:00,Daylight,240,438,No,NoIntersection,Normal,2Vehicles-BehindVehicles-Frontal,la tuilerie,M,44.74841480077554,1.7467089602883863
201800007993,NonLethal,2018-09-07,11:00:00,Daylight,240,395,No,NoIntersection,Normal,NoCollision,"L' Albarède, département",M,44.79284881209181,1.7914408735672045
201800007994,NonLethal,2018-07-21,17:40:00,Daylight,530,215,No,Roundabout,Normal,2Vehicles-Side,intersection RN162 et RD,M,47.80901179358904,-0.807685697896412
201800007995,NonLethal,2018-08-03,13:53:00,Daylight,530,27,No,T-type,Normal,2Vehicles-Side,RD 21 lieu-dit La Clopoc,M,47.90132580319353,-0.9015578768311054
201800007996,NonLethal,2018-11-09,14:25:00,Daylight,530,14,No,NoIntersection,Normal,2Vehicles-BehindVehicles-Frontal,les étangs,M,47.83788750194879,-0.837436533857977
201800007997,NonLethal,2018-11-22,08:12:00,Daylight,530,18,No,X-type,FogOrSmoke,2Vehicles-Side,"RD127, PR001.500",M,47.90657319548442,-0.9066702755995552
201800007999,Lethal,2018-02-19,14:50:00,Daylight,190,28,Yes,NoIntersection,Normal,2Vehicles-Behind,Boulevard Jean Jaurés,M,45.40379253660986,2.407226512601524
201800008000,Lethal,2018-03-16,20:00:00,TwilightOrDawn,190,201,No,NoIntersection,SnowOrHail,Other,AUTOROUTE A89 - PK 273.1,M,45.525916496128666,2.52670081177485
201800008001,NonLethal,2018-11-20,17:10:00,NightStreelightsOn,190,180,No,Roundabout,Overcast,Other,RD 1089,M,45.51294469714618,2.5124334968688964
201800008002,NonLethal,2018-12-02,19:00:00,NightNoStreetLight,190,263,No,NoIntersection,HeavyRain,Other,A 89 PK 244.650,M,45.4359124500867,2.436131022109349
201800008003,NonLethal,2018-04-19,00:44:00,NightNoStreetLight,100,426,No,NoIntersection,Normal,2Vehicles-Behind,autoroute A5,M,48.117622815642285,4.113340489855937
201800008004,NonLethal,2018-04-24,02:15:00,NightNoStreetLight,100,83,No,NoIntersection,Normal,Other,Autoroute A5 - PK 144+20,M,48.18853848395616,4.187733698620605
201800008005,NonLethal,2018-03-05,12:24:00,Daylight,100,84,No,Other,Normal,2Vehicles-Side,Échangeur autoroute A26.,M,48.41304076861593,4.411093911578154
201800008006,NonLethal,2018-07-27,06:47:00,Daylight,100,76,No,NoIntersection,Normal,NoCollision,A5,M,48.137993989129406,4.137339586795789
201800008008,NonLethal,2018-09-09,04:00:00,NightNoStreetLight,100,45,No,NoIntersection,Normal,Other,Autoroute A5,M,48.16830322298101,4.170731177280575
201800008009,NonLethal,2018-09-24,09:35:00,Daylight,100,76,No,NoIntersection,Normal,3+Vehicles-Chain,Autoroute A5,M,48.130612576350174,4.128520515114311
201800008010,NonLethal,2018-01-09,13:50:00,Daylight,130,1,No,T-type,Normal,2Vehicles-Side,"350, RN 296",M,43.55342922739348,5.5516972635607695
201800008011,NonLethal,2018-01-24,17:50:00,NightStreelightsOff,130,1,No,X-type,Normal,2Vehicles-BehindVehicles-Frontal,"60, PETIT MOULIN (RTE DU",M,43.501231953810326,5.503198975845983
201800008012,NonLethal,2018-02-15,06:55:00,TwilightOrDawn,130,1,Yes,NoIntersection,LightRain,2Vehicles-Side,1140 Route d'Avignon,M,43.55637438955194,5.556633914733834
201800008013,NonLethal,2018-02-16,00:30:00,NightStreelightsOn,130,1,Yes,Roundabout,Normal,2Vehicles-Side,Square Anouar El Sadate,M,43.523382454144816,5.522268695205487
201800008014,NonLethal,2018-02-21,12:05:00,Daylight,130,1,Yes,NoIntersection,Normal,Other,l Av de Lattre de Tassig,M,43.53009132988049,5.530569047787289
201800008016,NonLethal,2018-02-27,03:50:00,NightStreelightsOn,130,1,Yes,NoIntersection,SnowOrHail,NoCollision,1148 Chem Puy du Roy,M,43.55541448928888,5.5537821185358895
201800008017,NonLethal,2018-07-03,11:00:00,Daylight,130,1,No,NoIntersection,Normal,NoCollision,Route de Roquefavour,M,43.52258926933554,5.520900933697271
201800008018,NonLethal,2018-03-12,15:15:00,Daylight,130,1,Yes,Other,Normal,Other,RD9,M,,
201800008019,NonLethal,2018-03-15,01:00:00,NightStreelightsOn,130,1,Yes,Roundabout,LightRain,Other,44 Av Jules Isaac,M,43.53781725968248,5.538010070749403
201800008020,NonLethal,2018-03-16,20:45:00,NightStreelightsOn,130,1,Yes,X-type,Normal,2Vehicles-BehindVehicles-Frontal,"1, BROSSOLETTE PIERRE (A",M,43.51768116537693,5.515231992022223
201800008022,Lethal,2018-03-18,20:45:00,NightStreelightsOn,130,1,No,T-type,Normal,2Vehicles-Side,1687 Av Fortuné Ferrini,M,43.49496361297805,5.497950640554609
201800008023,NonLethal,2018-03-21,21:50:00,NightNoStreetLight,130,1,Yes,NoIntersection,Normal,NoCollision,"1090, PUYRICARD (RTE)",M,43.56191491967468,5.562571451673008
201800008024,NonLethal,2018-03-30,11:00:00,Daylight,130,1,Yes,T-type,Overcast,2Vehicles-BehindVehicles-Frontal,56 Ave Henri Malacrida,M,43.5115810714951,5.512883605086984
201800008025,NonLethal,2018-03-30,22:50:00,NightStreelightsOn,130,1,Yes,NoIntersection,Normal,Other,Bd de la Grande Thumine,M,,
201800008026,NonLethal,2018-06-04,21:25:00,NightStreelightsOn,130,1,Yes,T-type,Normal,2Vehicles-BehindVehicles-Frontal,FONTENAILLE JEAN ET  MAR,M,43.53032338274627,5.530783324743314
201800008027,NonLethal,2018-04-18,16:00:00,Daylight,130,1,Yes,Y-type,Normal,2Vehicles-Side,CLUB HIPPIQUE AVE,M,43.51053690738103,5.514266071392065
201800008028,NonLethal,2018-04-22,03:15:00,NightNoStreetLight,130,1,Yes,NoIntersection,Normal,2Vehicles-BehindVehicles-Frontal,R.N 7,M,43.56837214480656,5.5687634642659045
201800008029,NonLethal,2018-04-22,05:45:00,NightStreelightsOn,130,1,No,Other,Normal,2Vehicles-Behind,67 Av de Lattre de Tass,M,43.54148004000744,5.54223309969607
201800008030,Lethal,2018-04-26,10:20:00,Daylight,130,1,No,NoIntersection,Normal,2Vehicles-BehindVehicles-Frontal,354 Ch de la Couronnade,M,43.50972099350646,5.508657478337623
201800008031,NonLethal,2018-04-30,16:15:00,Daylight,130,1,Yes,NoIntersection,Normal,Other,CORDELIERS (RUE DES),M,43.5312996069505,5.530597086776877
201800008032,NonLethal,2018-04-05,17:30:00,Daylight,130,1,No,NoIntersection,HeavyRain,2Vehicles-Side,RD 7N,M,43.5846214811456,5.586821814926277
201800008033,NonLethal,2018-05-17,17:10:00,Daylight,130,1,Yes,NoIntersection,Normal,Other,19 Av des Belges,M,43.52436743695834,5.5229778714794335
201800008034,NonLethal,2018-05-20,04:30:00,NightNoStreetLight,130,1,No,NoIntersection,Normal,Other,ANCIEN CHEMIN D'AVIGNON,M,43.56064724426962,5.560803707678809
201800008037,NonLethal,2018-06-05,18:45:00,Daylight,130,1,Yes,Other,Normal,Other,DE LATTRE DE TASSIGNY (A,M,43.53079350427674,5.528923812687292
201800008038,NonLethal,2018-07-06,16:15:00,Daylight,130,1,No,NoIntersection,LightRain,Other,ENFANT (RTE DE L'),M,43.49595986555309,5.4987619241533
201800008040,NonLethal,2018-06-14,08:45:00,Daylight,130,1,Yes,Roundabout,Normal,2Vehicles-Side,INFIRMERIES (AV DES),M,43.51313884442268,5.513265330416998
201800008041,NonLethal,2018-06-15,14:20:00,Daylight,130,1,No,X-type,Normal,2Vehicles-Side,MONT ROBERT (CH DU),M,43.49450177276441,5.49272611868534
201800008042,Lethal,2018-06-17,10:40:00,Daylight,130,1,No,T-type,Normal,2Vehicles-Side,CALADE (RTE DE LA),M,43.573542308487234,5.572772036097621
201800008043,NonLethal,2018-06-18,08:20:00,Daylight,130,1,No,NoIntersection,Normal,2Vehicles-Side,SISTERON (route de),M,43.57088132400112,5.568786530459319
201800008044,NonLethal,2018-06-19,04:30:00,NightStreelightsOn,130,1,Yes,NoIntersection,Normal,Other,FERRINI FORTUNE AVENUE,M,43.51072407388042,5.509184902125985
201800008045,NonLethal,2018-06-22,20:10:00,Daylight,130,1,Yes,NoIntersection,Normal,2Vehicles-Side,PAGNOL MARCEL (AV),M,43.525712580118544,5.522476890294484
201800008046,NonLethal,2018-06-25,15:10:00,Daylight,130,1,No,NoIntersection,Normal,2Vehicles-Side,LEDOUX CLAUDE NICOLAS (R,M,43.47216092729177,5.475262150537273
201800008047,NonLethal,2018-06-28,09:55:00,Daylight,130,1,Yes,NoIntersection,Normal,Other,REPUBLIQUE (BD DE LA),M,43.530211765166975,5.528181909635226
201800008048,NonLethal,2018-06-29,18:25:00,Daylight,130,1,Yes,NoIntersection,Normal,2Vehicles-Side,MOLLE (rue de la),M,43.529996321691726,5.5310179631366925
201800008049,NonLethal,2018-06-29,19:00:00,Daylight,130,1,No,NoIntersection,Normal,2Vehicles-Behind,N 296,M,43.53084949752838,5.528473464440676
201800008050,NonLethal,2018-05-07,19:10:00,Daylight,130,1,Yes,NoIntersection,Normal,Other,MILLES (RTE DES),M,43.50770082861274,5.508373796383074
201800008051,NonLethal,2018-07-06,23:20:00,NightStreelightsOn,130,1,Yes,Other,Normal,2Vehicles-Side,ROI RENE (BD DU),M,43.52243535025716,5.524522964682005
201800008052,NonLethal,2018-11-07,08:00:00,Daylight,130,1,No,NoIntersection,VeryGood,2Vehicles-BehindVehicles-Frontal,BELLEC MAURICE (RTE DU C,M,43.579861155630816,5.578186674536012
201800008053,NonLethal,2018-07-26,21:00:00,TwilightOrDawn,130,1,Yes,NoIntersection,Normal,2Vehicles-Behind,CARNOT (Bd),M,43.5290852894097,5.527712817481511
201800008054,NonLethal,2018-07-27,03:30:00,NightNoStreetLight,130,1,No,NoIntersection,Normal,2Vehicles-Side,ENFANT (RTE DE L',M,43.4970038467266,5.495720124749411
201800008055,Lethal,2018-07-30,19:00:00,Daylight,130,1,No,NoIntersection,Normal,3+Vehicles-Multiple,RD 7N,M,,
201800008056,NonLethal,2018-08-03,08:30:00,Daylight,130,1,Yes,Other,Normal,2Vehicles-Side,PERRIN JEAN (RUE),M,43.4829142195933,5.482974726382126
201800008057,NonLethal,2018-08-14,01:00:00,NightNoStreetLight,130,1,Yes,NoIntersection,Normal,2Vehicles-Behind,PREMIERE DIV FRANCAISE L,M,43.55049469582952,5.550083117542666
201800008058,NonLethal,2018-08-15,18:50:00,Daylight,130,1,No,NoIntersection,Normal,2Vehicles-Behind,RD9,M,43.50517111790956,5.50529284573869
201800008060,NonLethal,2018-08-31,22:30:00,NightNoStreetLight,130,1,No,NoIntersection,Normal,2Vehicles-BehindVehicles-Frontal,RD 7N,M,43.56840289038675,5.569231293400906
201800008061,NonLethal,2018-09-07,14:45:00,Daylight,130,1,Yes,NoIntersection,Normal,Other,MAZARINE (RUE),M,43.52553305697246,5.526655674773572
201800008062,NonLethal,2018-09-13,13:20:00,Daylight,130,1,Yes,NoIntersection,Normal,Other,BROSSOLETTE PIERRE (AV),M,,
201800008063,NonLethal,2018-09-12,13:55:00,Daylight,130,1,Yes,Roundabout,Normal,Other,MOURET HENRI (AV),M,43.524871381266806,5.522385451041011
201800008064,Lethal,2018-09-14,11:30:00,Daylight,130,1,No,NoIntersection,Normal,Other,D9,M,43.47808180612998,5.4802327898416845
201800008065,NonLethal,2018-09-24,17:40:00,Daylight,130,1,No,NoIntersection,Normal,Other,BELLEC MAURICE (RTE DU C,M,43.57554011746736,5.574520614961106
201800008066,NonLethal,2018-09-25,07:10:00,Daylight,130,1,Yes,Roundabout,Normal,NoCollision,D'ORVES ESTIENNE (ALLEE,M,43.52109844216229,5.522438566559076
201800008067,NonLethal,2018-09-27,12:30:00,Daylight,130,1,Yes,NoIntersection,Normal,2Vehicles-Side,ROI RENE (BD DU),M,43.52471390191666,5.523312800605677
201800008068,NonLethal,2018-09-30,13:50:00,Daylight,130,1,No,Roundabout,Normal,Other,PUYRICARD (RTE),M,43.55841838512031,5.556128749904356
201800008069,NonLethal,2018-10-04,18:30:00,Daylight,130,1,No,Other,Normal,2Vehicles-BehindVehicles-Frontal,BELLEC MAURICE (RTE DU C,M,43.57771903304067,5.576703979102633
201800008070,NonLethal,2018-10-07,01:30:00,NightStreelightsOn,130,1,Yes,T-type,Normal,2Vehicles-BehindVehicles-Frontal,BELGES (AV DES),M,43.52624093168709,5.524967768966682
201800008071,NonLethal,2018-09-10,18:40:00,Daylight,130,1,Yes,NoIntersection,Normal,Other,ST JOSEPH (AV),M,43.50709557601172,5.510332635360786
201800008072,NonLethal,2018-10-13,04:00:00,NightNoStreetLight,130,1,No,NoIntersection,Normal,Other,ST SIMON (CH DE),M,43.6002803559857,5.601303765336696
201800008074,NonLethal,2018-10-16,07:30:00,TwilightOrDawn,130,1,Yes,NoIntersection,LightRain,2Vehicles-BehindVehicles-Frontal,MOURET (CH,M,43.5387691401176,5.5396624609546
201800008078,NonLethal,2018-10-16,07:45:00,Daylight,130,1,Yes,NoIntersection,LightRain,2Vehicles-Side,BEAUREGARD (CHEMIN),M,43.53498476415926,5.533949939124299
201800008079,NonLethal,2018-10-29,18:55:00,NightStreelightsOn,130,1,Yes,T-type,HeavyRain,Other,COQ VICTOR (BD),M,43.52565749928688,5.524545316256792
201800008080,NonLethal,2018-11-03,00:10:00,NightStreelightsOn,130,1,Yes,NoIntersection,Normal,2Vehicles-Side,ROI RENE (BD DU),M,43.52522280260887,5.522950085948816
201800008081,NonLethal,2018-03-11,05:55:00,NightNoStreetLight,130,1,No,Other,LightRain,2Vehicles-BehindVehicles-Frontal,ENFANT (RTE DE L'),M,43.49699348975238,5.497744023227557
201800008083,NonLethal,2018-03-11,16:40:00,Daylight,130,1,Yes,T-type,Normal,Other,ANTOINE  RENEE(AV DU DOC,M,43.52755380782265,5.524854163800322
201800008084,NonLethal,2018-11-11,21:30:00,NightNoStreetLight,130,1,Yes,NoIntersection,Normal,Other,GARDANNE (ROUTE DE ),M,43.4780911495065,5.47821059512105
201800008085,NonLethal,2018-11-13,09:15:00,Daylight,130,1,No,NoIntersection,Normal,2Vehicles-Behind,RD 9,M,43.45535600986631,5.454214705983242
201800008086,NonLethal,2018-11-13,19:00:00,NightStreelightsOn,130,1,Yes,T-type,Normal,2Vehicles-BehindVehicles-Frontal,BROSSOLETTE PIERRE (AV),M,43.51191694428743,5.51132754265098
201800008087,NonLethal,2018-11-12,20:15:00,NightStreelightsOn,130,1,Yes,NoIntersection,Normal,2Vehicles-Side,ROI RENE (BD DU),M,43.52445496388668,5.523862036798397
201800008088,Lethal,2018-11-16,17:16:00,NightNoStreetLight,130,1,No,NoIntersection,Overcast,2Vehicles-BehindVehicles-Frontal,RD 543,M,43.48833135328816,5.488597391937196