AccidentId,Gravity,Date,Hour,Light,Department,Commune,InAgglomeration,IntersectionType,Weather,CollisionType,PostalAddress,GPSCode,Latitude,Longitude
201800008089,NonLethal,2018-11-17,20:05:00,NightStreelightsOn,130,1,Yes,Roundabout,Normal,2Vehicles-Side,MIRABEAU (COURS),M,43.52564075982215,5.526209886291758
201800008090,NonLethal,2018-11-19,08:20:00,Daylight,130,1,Yes,T-type,Normal,2Vehicles-Side,GALICE (RTE DE),M,43.529502099348846,5.528341644345064
201800008091,NonLethal,2018-11-19,18:50:00,NightNoStreetLight,130,1,No,T-type,Normal,Other,BELLEC MAURICE (RTE DU),M,43.58076542256999,5.579631550918418
201800008092,NonLethal,2018-11-20,13:00:00,Daylight,130,1,No,Other,LightRain,Other,RN 296,M,43.551115501613786,5.5489267403357045
201800008093,NonLethal,2018-11-21,18:10:00,NightStreelightsOn,130,1,Yes,NoIntersection,Normal,Other,DEUX ORMES (AV DES),M,43.53135269696612,5.5309363793992645
201800008094,NonLethal,2018-11-21,09:30:00,Daylight,130,1,Yes,X-type,Other,Other,BROSSOLETTE PIERRE (AV),M,43.52084624535464,5.518386320282391
201800008095,NonLethal,2018-11-22,12:40:00,Daylight,130,1,Yes,Roundabout,Normal,Other,MONNET JEAN (AV),M,43.53328484650122,5.532779342744662
201800008096,NonLethal,2018-11-24,05:30:00,NightStreelightsOn,130,1,Yes,NoIntersection,LightRain,Other,MOURET HENRI (AV),M,43.51785001406913,5.519082779485497
201800008097,NonLethal,2018-11-27,12:55:00,Daylight,130,1,Yes,NoIntersection,Normal,Other,ST VICTOIRE (AV),M,43.53257722090731,5.531777819792256
201800008098,NonLethal,2018-11-27,15:40:00,Daylight,130,1,No,T-type,Normal,2Vehicles-Side,MALOUESSE HAUT DE (CH),M,43.48441915917484,5.484005262577517
201800008099,NonLethal,2018-11-29,22:00:00,NightStreelightsOn,130,1,Yes,NoIntersection,Normal,2Vehicles-BehindVehicles-Frontal,BREDASQUE (AV DE LA),M,43.53583613653999,5.532558513135832
201800008100,Lethal,2018-12-01,17:45:00,TwilightOrDawn,130,1,Yes,T-type,Normal,2Vehicles-Side,ST CANADET (ROUTE) D13,M,43.56854726600928,5.569123503634691
201800008101,NonLethal,2018-12-06,07:10:00,NightStreelightsOn,130,1,Yes,NoIntersection,Normal,NoCollision,JUVENAL MAX (AV),M,43.52454791503637,5.525024722315185
201800008103,NonLethal,2018-05-12,09:00:00,Daylight,130,1,No,NoIntersection,VeryGood,2Vehicles-BehindVehicles-Frontal,BERRE (ROUTE DE),M,43.53723810629414,5.5364423403918295
201800008104,NonLethal,2018-12-16,21:10:00,NightNoStreetLight,130,1,Yes,NoIntersection,LightRain,NoCollision,RN 296,M,43.5495857920776,5.550546416709925
201800008105,NonLethal,2018-12-25,22:00:00,NightNoStreetLight,130,1,Yes,NoIntersection,Normal,NoCollision,RD 9,M,43.5071305056551,5.505252832118145
201800008106,NonLethal,2018-12-19,19:45:00,NightStreelightsOn,130,1,Yes,Other,Normal,2Vehicles-Side,BERTHELOT MARCELIN (RUE),M,43.49268444915806,5.492476722805777
201800008107,NonLethal,2018-12-28,15:00:00,Daylight,130,4,No,NoIntersection,Normal,Other,RTE DE TARASCON,M,43.71523209798201,4.713823498777306
201800008108,Lethal,2018-01-02,11:50:00,Daylight,130,4,Yes,NoIntersection,LightRain,2Vehicles-BehindVehicles-Frontal,D570N AVIGNON STES MA,M,43.69052854603234,4.689514895196721
201800008109,NonLethal,2018-01-02,11:40:00,Daylight,130,4,Yes,X-type,LightRain,2Vehicles-Side,13 Route de Marseille,M,43.66614702047896,4.663939773924886
201800008111,NonLethal,2018-02-07,11:45:00,Daylight,130,4,Yes,T-type,Normal,Other,"73, RUE PORTAGNEL",M,43.677574770052416,4.6777735214956175
201800008112,NonLethal,2018-02-15,08:05:00,TwilightOrDawn,130,4,Yes,NoIntersection,Normal,2Vehicles-Side,RTE N113 MARSEILLE A BOR,M,43.67347625377633,4.674117812881932
201800008113,NonLethal,2018-03-02,13:55:00,Daylight,130,4,Yes,Y-type,Normal,2Vehicles-Side,RTE N113 MARSEILLE A BOR,M,43.681353148068254,4.682190584170739
201800008114,NonLethal,2018-03-26,11:45:00,Daylight,130,4,No,NoIntersection,Normal,3+Vehicles-Multiple,RTE N570 AVIGNON STES MA,M,43.7331516519726,4.735155554849055
201800008115,NonLethal,2018-11-04,22:10:00,NightStreelightsOff,130,4,No,Roundabout,LightRain,2Vehicles-Side,D570N,M,43.6894817726991,4.689672877391815
201800008117,NonLethal,2018-04-17,18:10:00,Daylight,130,4,No,NoIntersection,Normal,2Vehicles-Behind,RTE N113 MARSEILLE A BOR,M,43.67507305667149,4.674811950384982
201800008118,NonLethal,2018-06-14,17:56:00,Daylight,130,4,Yes,NoIntersection,Normal,Other,AV STALINGRAD,M,43.69479434401417,4.694114262676538
201800008119,NonLethal,2018-06-26,08:15:00,Daylight,130,4,Yes,NoIntersection,Normal,Other,Avenue STALINGRAD,M,43.689231129603165,4.688711810782593
201800008120,NonLethal,2018-07-09,22:40:00,NightStreelightsOn,130,4,Yes,NoIntersection,Normal,Other,AV MARECHAL LECLERC,M,43.67148713365376,4.673266250876908
201800008121,NonLethal,2018-09-06,11:24:00,Daylight,130,4,No,NoIntersection,HeavyRain,2Vehicles-BehindVehicles-Frontal,RTE N113 MARSEILLE A BOR,M,43.65848945332224,4.662346000979031
201800008122,NonLethal,2018-09-21,09:35:00,Daylight,130,4,No,NoIntersection,Normal,2Vehicles-Behind,RTE DES SAINTES MARIES,M,43.67117216850443,4.668475321320682
201800008123,NonLethal,2018-09-21,09:30:00,Daylight,130,4,Yes,NoIntersection,Normal,Other,PL DE LA REPUBLIQUE,M,43.67500614821978,4.676008656619542
201800008124,NonLethal,2018-10-06,17:45:00,Daylight,130,4,No,NoIntersection,Normal,2Vehicles-Behind,RTE DE LA CRAU RAPHELE,M,43.653028718681625,4.653607465006161
201800008125,NonLethal,2018-10-16,08:30:00,Daylight,130,4,Yes,Other,Normal,2Vehicles-Behind,RUE COPERNIC,M,43.70287871361075,4.703664576901996
201800008126,NonLethal,2018-10-29,00:40:00,NightNoStreetLight,130,4,No,NoIntersection,LightRain,NoCollision,RTE N570 AVIGNON STES MA,M,43.73029978952948,4.7298946588790844
201800008127,NonLethal,2018-10-30,07:20:00,Daylight,130,4,Yes,X-type,Normal,2Vehicles-BehindVehicles-Frontal,RUE GAMBETTA,M,43.673060853843765,4.675194343727225
201800008128,NonLethal,2018-06-11,18:39:00,NightStreelightsOn,130,4,Yes,NoIntersection,Normal,Other,AV PRESIDENT SALVADOR AL,M,43.667999722045565,4.668805968449696
201800008129,NonLethal,2018-11-11,18:00:00,NightStreelightsOn,130,4,Yes,NoIntersection,Normal,2Vehicles-Behind,AV LOUIS VISSAC,M,43.66302646264644,4.662335004187284
201800008130,NonLethal,2018-11-18,07:10:00,TwilightOrDawn,130,4,No,NoIntersection,Normal,2Vehicles-BehindVehicles-Frontal,RTE DE CRAU,M,43.65086408636139,4.651171570652291
201800008131,NonLethal,2018-11-16,10:10:00,Daylight,130,4,Yes,NoIntersection,Normal,Other,RUE EMILE FASSIN,M,43.675295941393614,4.672331197222678
201800008132,NonLethal,2018-11-23,11:05:00,Daylight,130,4,Yes,NoIntersection,Normal,2Vehicles-Side,AV STALINGRAD,M,43.694793920385656,4.691740423459458
201800008133,NonLethal,2018-12-27,16:30:00,TwilightOrDawn,130,4,Yes,Roundabout,Normal,2Vehicles-Behind,AV STALINGRAD,M,43.69915845129026,4.699662410216027
201800008134,NonLethal,2018-05-01,22:30:00,NightStreelightsOn,130,5,Yes,T-type,Normal,2Vehicles-Side,"3515, CD 2 (CAMP MAJOR)",M,43.28773520289539,5.28926853186343
201800008135,NonLethal,2018-01-17,10:20:00,Daylight,130,5,Yes,T-type,Normal,Other,JAURES (BOULEVARD JEAN),M,43.29262355994976,5.292052767226544
201800008137,NonLethal,2018-01-20,17:55:00,NightNoStreetLight,130,5,Yes,NoIntersection,LightRain,Other,Ch des Bonnes Nouvelles,M,43.28997152294139,5.292219889819102
201800008138,NonLethal,2018-01-25,18:10:00,NightStreelightsOn,130,5,No,X-type,Normal,2Vehicles-BehindVehicles-Frontal,"0, RN 396 (ROUTE NATIONA",M,43.30788149244721,5.309796766763866
201800008139,NonLethal,2018-01-28,09:30:00,Daylight,130,70,Yes,NoIntersection,Normal,Other,"30, VOLTAIRE (BOULEVARD)",M,43.28269069362389,5.281551148763908
201800008140,NonLethal,2018-01-02,11:30:00,Daylight,130,5,Yes,T-type,LightRain,Other,FAIENCIERS (ALLEE DES),M,43.29503742466624,5.294862996082259
201800008141,NonLethal,2018-02-02,11:00:00,Daylight,130,5,Yes,NoIntersection,Normal,2Vehicles-Side,14 Av de Verdun,M,43.2884112538411,5.288949370090928
201800008142,NonLethal,2018-03-02,19:30:00,NightStreelightsOn,130,5,Yes,NoIntersection,Normal,2Vehicles-Side,635 D8N,M,43.2843967584735,5.284972116755908
201800008143,NonLethal,2018-11-02,08:03:00,Daylight,130,5,Yes,NoIntersection,Normal,2Vehicles-BehindVehicles-Frontal,948 Av des Paluds,M,43.29109852403192,5.289939948307462
201800008144,NonLethal,2018-02-12,15:00:00,Daylight,130,5,Yes,Other,Normal,Other,Traverse de la Vallée,M,43.29277380801675,5.289646871740758
201800008145,NonLethal,2018-02-22,21:40:00,NightStreelightsOn,130,70,Yes,T-type,Normal,2Vehicles-Side,"185, VOLTAIRE (BOULEVARD",M,43.28303210225166,5.283366151081928
201800008147,NonLethal,2018-02-27,11:10:00,Daylight,130,5,No,NoIntersection,Normal,Other,(Z.I. DES ) PALUDS,M,43.29530876050215,5.294711453020682
201800008149,NonLethal,2018-08-03,17:45:00,Daylight,130,5,Yes,NoIntersection,Normal,2Vehicles-Side,AVELANEDE (CHEMIN DE L'),M,43.28738030446058,5.286457109027628
201800008150,NonLethal,2018-03-12,08:11:00,Daylight,130,5,Yes,NoIntersection,Normal,2Vehicles-Side,635 D8N,M,43.28629050520993,5.28542039845454
201800008151,NonLethal,2018-03-15,11:45:00,Daylight,130,5,Yes,NoIntersection,HeavyRain,2Vehicles-BehindVehicles-Frontal,301 Ch de St Joseph,M,43.28863042396097,5.289687776000932
201800008152,NonLethal,2018-03-23,18:10:00,Daylight,130,5,Yes,NoIntersection,Normal,2Vehicles-Side,"1055, VALLEE (CHEMIN DE",M,43.28517124914261,5.286692451871914
201800008153,NonLethal,2018-03-29,20:40:00,NightStreelightsOn,130,5,No,NoIntersection,Normal,2Vehicles-Side,2096 Route d'Eoures,M,43.30897636235548,5.308051041620442
201800008154,NonLethal,2018-04-04,09:40:00,Daylight,130,5,Yes,NoIntersection,Normal,2Vehicles-BehindVehicles-Frontal,1795 Camp Major,M,43.28792283713337,5.289666223962913
201800008155,NonLethal,2018-04-06,18:00:00,Daylight,130,5,Yes,Y-type,Normal,2Vehicles-Side,RN 8,M,43.28364169207288,5.287133201953619
201800008156,NonLethal,2018-11-04,09:30:00,Daylight,130,5,Yes,T-type,HeavyRain,2Vehicles-Side,MUSCATELLE (ALLEE DE LA),M,43.2869414037121,5.288219148248376
201800008157,NonLethal,2018-04-19,19:00:00,Daylight,130,5,No,Y-type,Normal,2Vehicles-Side,THUILIERE (CHEMIN DE LA,M,43.29144187561622,5.292728983829915
201800008158,NonLethal,2018-04-24,06:55:00,TwilightOrDawn,130,5,Yes,NoIntersection,Normal,2Vehicles-Side,21 AOUT 1944 (AVENUE DU),M,43.28795484905535,5.287067782113774
201800008159,NonLethal,2018-04-25,22:45:00,NightStreelightsOn,130,5,Yes,T-type,Normal,2Vehicles-Side,VALLEE (CHEMIN DE LA),M,43.28486996312548,5.283385109761266
201800008160,NonLethal,2018-04-27,16:40:00,Daylight,130,5,No,Y-type,Normal,2Vehicles-BehindVehicles-Frontal,LONGUELANCE (CHEMIN DE ),M,43.31894016249301,5.31811116883803
201800008161,NonLethal,2018-05-02,18:30:00,Daylight,130,5,Yes,T-type,Normal,Other,70 Rue de la République,M,43.29145179393637,5.291001212683474
201800008163,NonLethal,2018-05-24,15:50:00,Daylight,130,5,Yes,NoIntersection,Normal,Other,CIOTAT (ROUTE DE LA RN55,M,43.28459456323812,5.283677418828668
201800008164,NonLethal,2018-05-27,22:20:00,NightStreelightsOn,130,5,Yes,Roundabout,LightRain,2Vehicles-Side,ROBESPIERRE (AVENUE),M,43.285283494670864,5.284912968988823
201800008165,NonLethal,2018-06-15,08:15:00,Daylight,130,5,No,Roundabout,Normal,2Vehicles-Side,RD 396,M,43.318086992518445,5.320310441739008
201800008166,NonLethal,2018-06-23,08:40:00,Daylight,130,5,Yes,Other,Normal,2Vehicles-Side,RD 43 C,M,43.30021915326728,5.299429708195957
201800008167,NonLethal,2018-06-29,12:00:00,Daylight,130,5,Yes,NoIntersection,Normal,Other,PALUDS (AVENUE des),M,43.29082509958477,5.290980166759697
201800008168,NonLethal,2018-07-05,18:15:00,Daylight,130,70,Yes,NoIntersection,Normal,2Vehicles-Behind,ANTONETTI (AVENUE),M,43.28717284272658,5.28715262531566
201800008169,NonLethal,2018-12-07,23:30:00,NightNoStreetLight,130,5,No,Other,Normal,Other,EOURES (ROUTE D'),M,43.3009298670643,5.299614761225805
201800008170,NonLethal,2018-07-17,18:54:00,Daylight,130,5,Yes,NoIntersection,Normal,2Vehicles-Side,2l AOUT l944 (AVENUE DU),M,43.28838360173926,5.290171545344164
201800008171,NonLethal,2018-07-27,16:25:00,Daylight,130,5,Yes,NoIntersection,Normal,2Vehicles-BehindVehicles-Frontal,AUBES (ROUTE DES),M,43.29829655318365,5.298633569312622
201800008173,NonLethal,2018-07-29,22:40:00,NightStreelightsOn,130,5,Yes,NoIntersection,Normal,Other,CREISSAUDS (CHEMIN DES),M,43.27465683598003,5.275662639032677
201800008174,NonLethal,2018-07-31,11:40:00,Daylight,130,5,Yes,NoIntersection,Normal,2Vehicles-BehindVehicles-Frontal,SALENGRO (AV ROGER),M,43.30103935457391,5.301404829358958
201800008175,NonLethal,2018-01-08,12:30:00,Daylight,130,5,Yes,NoIntersection,Normal,Other,EOURES (ROUTE D'),M,43.3069317372337,5.306561703978674
201800008177,NonLethal,2018-03-08,07:10:00,Daylight,130,5,No,Other,Normal,2Vehicles-Side,NAPOLLON (ROUTE DE),M,43.3164350061252,5.31637021383357
201800008178,NonLethal,2018-08-06,12:25:00,Daylight,130,5,No,NoIntersection,Normal,2Vehicles-BehindVehicles-Frontal,EOURES (ROUTE D'),M,43.30720779242662,5.307060784516506
201800008179,NonLethal,2018-08-10,08:00:00,Daylight,130,5,Yes,T-type,Normal,2Vehicles-Side,CREISSAUDS (CHEMIN des),M,43.27768312777735,5.278960753529019
201800008180,NonLethal,2018-08-21,15:35:00,Daylight,130,5,Yes,NoIntersection,Normal,NoCollision,CD 2 (CAMP MAJOR),M,43.287359474454455,5.28864054583458
201800008182,NonLethal,2018-08-29,18:00:00,Daylight,130,70,Yes,T-type,Normal,2Vehicles-Behind,GARE (BLD DE LA),M,43.28537720199256,5.285583093090915
201800008184,NonLethal,2018-08-30,17:30:00,Daylight,130,5,No,T-type,Normal,3+Vehicles-Multiple,CD 2 (CAMP MAJOR),M,43.2867191109763,5.287920499490795
201800008185,NonLethal,2018-09-01,16:00:00,Daylight,130,5,Yes,NoIntersection,Normal,2Vehicles-Behind,rd 8N DE PARIS A T,M,43.28374376187852,5.282764552202301
201800008186,NonLethal,2018-09-24,17:35:00,Daylight,130,5,Yes,NoIntersection,Normal,2Vehicles-Side,SALENGRO (AVENUE ROGER),M,43.29731334977001,5.298761124272809
201800008187,NonLethal,2018-09-27,20:45:00,NightStreelightsOn,130,5,Yes,NoIntersection,Normal,2Vehicles-BehindVehicles-Frontal,LAGUNAS (AVENUE SIMON),M,43.29441340013997,5.291809603644825
201800008188,NonLethal,2018-09-27,20:00:00,NightStreelightsOn,130,5,Yes,NoIntersection,Normal,2Vehicles-Side,D 8N,M,43.28496740214838,5.284539571936068
201800008190,Lethal,2018-02-10,12:10:00,Daylight,130,5,No,NoIntersection,Normal,Other,CANIERS (AVENUE DES),M,43.29100876198853,5.289667386471896
201800008191,NonLethal,2018-10-05,15:50:00,Daylight,130,5,Yes,NoIntersection,Normal,2Vehicles-Behind,GEMENOS (ROUTE DE CD2),M,43.29680536897585,5.297201013234944
201800008192,NonLethal,2018-10-19,09:10:00,Daylight,130,5,Yes,T-type,Normal,2Vehicles-Side,VERDUN (AVENUE DE),M,43.28868082570602,5.2860479521449255
201800008196,NonLethal,2018-10-24,19:10:00,NightStreelightsOn,130,5,Yes,NoIntersection,Normal,Other,GOUMS (AVENUE DES),M,43.29331263464088,5.293172209403464
201800008197,NonLethal,2018-10-29,06:55:00,NightStreelightsOff,130,70,Yes,NoIntersection,HeavyRain,Other,VOLTAIRE (BOULEVARD),M,43.27980548996003,5.279765583112449
201800008198,NonLethal,2018-11-15,10:20:00,Daylight,130,5,Yes,NoIntersection,Normal,2Vehicles-Behind,DIX NEUF MARS 1962 (AVEN,M,43.288181556249135,5.285639827584834
201800008199,NonLethal,2018-11-20,15:30:00,Daylight,130,5,Yes,NoIntersection,LightRain,2Vehicles-Side,REPUBLIQUE (RUE DE LA),M,43.29144865091676,5.292069407300743
201800008200,NonLethal,2018-12-20,09:25:00,Daylight,130,5,Yes,NoIntersection,Normal,2Vehicles-BehindVehicles-Frontal,BLANCARD (PROMENADE PIER,M,43.29569839180421,5.298380031546338
201800008201,NonLethal,2018-12-20,18:10:00,NightStreelightsOn,130,5,Yes,NoIntersection,Normal,2Vehicles-Behind,GOUMS (AVENUE DES),M,43.29176216490014,5.292738841704409
201800008202,NonLethal,2018-12-23,19:25:00,NightStreelightsOn,130,5,Yes,NoIntersection,Normal,3+Vehicles-Multiple,21 AOUT 1944 (AVENUE DU),M,43.28761645908326,5.283493661625612
201800008203,NonLethal,2018-12-24,00:05:00,NightStreelightsOn,130,5,Yes,Other,Normal,2Vehicles-Behind,RN 8,M,43.28484732608743,5.284126477986291
201800008204,NonLethal,2018-01-19,11:00:00,Daylight,130,28,No,NoIntersection,Normal,Other,"2555, BODIN (AVENUE EMIL",M,43.20128756497963,5.201065908837267
201800008206,NonLethal,2018-09-02,20:00:00,NightStreelightsOn,130,28,Yes,NoIntersection,Normal,NoCollision,ROVARCH (AVENUE PIERRE),M,,
201800008207,NonLethal,2018-02-11,10:35:00,Daylight,130,28,Yes,NoIntersection,Normal,2Vehicles-Side,22 Av des Calanques,M,43.16887778326835,5.167638844191224
201800008208,NonLethal,2018-02-06,16:10:00,Daylight,130,28,Yes,NoIntersection,Normal,2Vehicles-Side,461 Av Ernest Subilia,M,43.18472371870579,5.1860434351341045
201800008209,NonLethal,2018-02-16,11:00:00,Daylight,130,28,Yes,T-type,Normal,2Vehicles-Side,FONTSAINTE (AVENUE DE),M,43.19068757824381,5.192165662809691
201800008210,NonLethal,2018-04-05,11:45:00,Daylight,130,28,Yes,NoIntersection,Normal,2Vehicles-Behind,108 Rue Bouronne,M,43.17384492105216,5.173625415044399
201800008211,NonLethal,2018-06-04,10:40:00,Daylight,130,28,Yes,NoIntersection,Normal,2Vehicles-Side,PETANQUE (AVENUE DE LA),M,43.17695917959365,5.176700963273148
201800008212,NonLethal,2018-04-06,17:20:00,Daylight,130,28,Yes,T-type,Normal,2Vehicles-Side,CLEMENCEAU (BOULEVARD GE,M,43.17814013096584,5.175038845457788
201800008214,NonLethal,2018-05-05,19:30:00,Daylight,130,28,No,NoIntersection,Normal,2Vehicles-BehindVehicles-Frontal,RD 559,M,43.20526045397943,5.205926903181098
201800008215,NonLethal,2018-05-08,14:25:00,Daylight,130,28,No,T-type,Normal,3+Vehicles-Multiple,(AVENUE EMILE) BODIN,M,43.196092969051854,5.197586036655787
201800008216,NonLethal,2018-05-14,18:00:00,Daylight,130,28,Yes,Other,Normal,NoCollision,268 Av de Fontsainte,M,43.18872398391275,5.1909118419152405
201800008217,NonLethal,2018-05-22,09:20:00,Daylight,130,28,Yes,NoIntersection,LightRain,Other,DULAC (AVENUE GUILLAUME),M,43.19526829955805,5.195576389470052
201800008218,NonLethal,2018-05-25,20:00:00,Daylight,130,28,No,NoIntersection,Normal,Other,Av Joseph Roumanille,M,43.202525288198615,5.202976416065075
201800008219,NonLethal,2018-02-06,19:40:00,TwilightOrDawn,130,28,Yes,Roundabout,Normal,2Vehicles-Side,PEYMIAN (AVENUE DU),M,43.1910754754698,5.1902343683828285
201800008220,NonLethal,2018-06-07,16:20:00,Daylight,130,28,Yes,NoIntersection,LightRain,2Vehicles-Behind,DE GAULLE (QUAI GENERAL,M,43.174348318302656,5.175817455446336
201800008221,NonLethal,2018-06-24,17:40:00,Daylight,130,28,No,NoIntersection,Normal,2Vehicles-Side,BODIN (AVENUE EMILE),M,43.19896732829044,5.202470350083771
201800008222,NonLethal,2018-06-27,11:00:00,Daylight,130,28,Yes,NoIntersection,Normal,2Vehicles-Behind,MITTERRAND (QUAI FRANCOI,M,43.1731804807532,5.173914668709466
201800008223,NonLethal,2018-02-07,15:00:00,Daylight,130,28,Yes,Roundabout,Normal,2Vehicles-Side,ROVARCH (AVENUE PIERRE),M,43.192205218680506,5.192914742994721
201800008224,NonLethal,2018-07-23,20:20:00,Daylight,130,28,Yes,NoIntersection,Normal,2Vehicles-Side,GASSION (AVENUE FERNAND,M,43.18215040192515,5.1829699591395215
201800008225,NonLethal,2018-07-24,14:30:00,Daylight,130,28,Yes,NoIntersection,Normal,2Vehicles-Side,KENNEDY (AV PRESIDENT),M,43.18021684007916,5.176716553193675
201800008226,NonLethal,2018-04-08,21:00:00,NightStreelightsOn,130,28,Yes,Square,Normal,2Vehicles-Behind,CLEMENCEAU (BOULEVARD GE,M,43.18023899763234,5.178028943305285
201800008227,NonLethal,2018-10-08,13:30:00,Daylight,130,28,No,X-type,Normal,2Vehicles-Behind,RD 559,M,43.18685124194874,5.183732590737358
201800008228,NonLethal,2018-08-08,19:50:00,Daylight,130,28,Yes,NoIntersection,Normal,Other,MIREILLE (AVENUE),M,43.19007371328112,5.189721636111023
201800008230,NonLethal,2018-07-30,00:10:00,NightStreelightsOff,130,28,Yes,NoIntersection,Normal,2Vehicles-Side,SUBILIA (AVENUE ERNEST ),M,43.185693973905416,5.185869522222642
201800008231,NonLethal,2018-08-24,12:15:00,Daylight,130,28,Yes,Roundabout,Normal,2Vehicles-Side,ROND-POINT DES ARMENIENS,M,43.1826039273198,5.183322246275632
201800008232,NonLethal,2018-03-09,08:55:00,Daylight,130,28,Yes,NoIntersection,Normal,2Vehicles-Side,KENNEDY (AVENUE PRESIDEN,M,43.17907757899764,5.180253784968762
201800008233,NonLethal,2018-09-03,22:30:00,NightStreelightsOn,130,28,Yes,T-type,Normal,2Vehicles-Side,ROUMANILLE (AVENUE JOSEP,M,43.20350216623736,5.199422525942351
201800008234,NonLethal,2018-09-04,11:55:00,Daylight,130,28,No,NoIntersection,Normal,2Vehicles-Side,PLAINES BARONNES (CHEMIN,M,43.19113098293956,5.189475880598037
201800008237,NonLethal,2018-09-29,10:00:00,Daylight,130,28,Yes,NoIntersection,Normal,3+Vehicles-Multiple,FONTSAINTE (IMPASSE de),M,43.19041890344143,5.189963841543878
201800008238,NonLethal,2018-09-26,13:00:00,Daylight,130,28,Yes,NoIntersection,Normal,Other,MEDITERRANNEE (AVE),M,43.189392182186346,5.192266442859015
201800008240,NonLethal,2018-11-18,16:50:00,Daylight,130,28,Yes,Roundabout,Normal,2Vehicles-Side,BODIN (AVENUE EMILE),M,43.18810533728928,5.188841270622622
201800008241,NonLethal,2018-12-29,18:20:00,NightNoStreetLight,130,47,No,NoIntersection,Normal,2Vehicles-Side,RN 1589 LA TRANSHUMANCE,M,43.482388757167065,4.483037488448406
201800008242,NonLethal,2018-03-17,13:15:00,Daylight,130,63,Yes,NoIntersection,Normal,2Vehicles-Side,"35, CHARLES DE GAULLE AV",M,43.582674519395866,5.58159762358499
201800008243,NonLethal,2018-04-24,06:50:00,Daylight,130,47,No,NoIntersection,Normal,NoCollision,CD16 (LE DELA),M,43.55349272836538,5.552424826641836
201800008244,Lethal,2018-04-08,04:15:00,NightStreelightsOn,130,63,Yes,NoIntersection,Normal,Other,23 Av Aristide Briand,M,,
201800008245,NonLethal,2018-05-13,18:10:00,Daylight,130,47,No,NoIntersection,LightRain,NoCollision,CD16 (LE DELA),M,43.55519626836781,5.555975275822763
201800008246,NonLethal,2018-05-10,12:20:00,Daylight,130,63,Yes,NoIntersection,Normal,Other,NORD AVENUE DU,M,43.60029084032181,5.599464968932352
201800008247,NonLethal,2018-02-27,17:40:00,TwilightOrDawn,130,47,Yes,NoIntersection,Normal,2Vehicles-Behind,Av des Anciens Combattan,M,43.49074330176194,4.489695939794876
201800008249,NonLethal,2018-05-21,19:35:00,Daylight,130,47,Yes,NoIntersection,Normal,3+Vehicles-Multiple,RAYMOND FILIPPI AVENUE,M,43.49784062950953,4.496771074442201
201800008251,NonLethal,2018-06-14,17:50:00,Daylight,130,47,No,X-type,Normal,2Vehicles-Side,D.10,M,43.57540657017816,5.577963869006515
201800008252,Lethal,2018-06-16,09:50:00,Daylight,130,47,No,Roundabout,Normal,2Vehicles-Side,AVENUE DE LA CRAU,M,43.59834253641036,4.598347184657
201800008253,NonLethal,2018-01-07,15:00:00,Daylight,130,98,No,NoIntersection,Normal,Other,D 50,M,43.44070231125247,5.441559619791033
201800008254,NonLethal,2018-06-07,01:15:00,NightStreelightsOn,130,63,Yes,NoIntersection,Normal,NoCollision,D.10,M,43.580113768426585,5.5793579211072855
201800008255,NonLethal,2018-07-13,09:00:00,Daylight,130,47,No,Other,Normal,Other,Cabane Noire (Route de l,M,43.48197833401856,4.481553334022045
201800008256,NonLethal,2018-07-13,15:25:00,Daylight,130,47,No,NoIntersection,Normal,2Vehicles-BehindVehicles-Frontal,GEORGES GUYNEMER AV,M,43.51974619785771,4.51852621530261
201800008257,NonLethal,2018-07-05,18:20:00,Daylight,130,63,Yes,X-type,Normal,2Vehicles-Side,GABRIEL PERI rue,M,43.58227726351512,4.58155894986225
201800008259,NonLethal,2018-03-08,17:00:00,Daylight,130,47,No,Roundabout,Normal,3+Vehicles-Multiple,RN 569 LA TRANSHUMANCE,M,43.52764335227561,4.5269424568392544
201800008260,NonLethal,2018-07-24,19:50:00,Daylight,130,47,No,NoIntersection,Normal,2Vehicles-Behind,D.5,M,43.56688284193939,4.56409320507605
201800008261,NonLethal,2018-08-09,01:45:00,NightStreelightsOn,130,63,Yes,NoIntersection,Normal,Other,CHARLES DE GAULLE Av,M,43.58199665335421,5.581431371696359
201800008262,NonLethal,2018-09-09,01:35:00,NightStreelightsOn,130,63,Yes,T-type,Normal,2Vehicles-Side,CHARLES DE GAULLE AVENUE,M,43.58336387868045,5.582182479364846
201800008263,NonLethal,2018-09-14,08:00:00,Daylight,130,63,Yes,Roundabout,Normal,Other,JACQUES MINET BOULEVARD,M,43.57331061578565,4.5759626563475
201800008264,NonLethal,2018-09-24,09:20:00,Daylight,130,47,No,NoIntersection,Other,Other,TOUR DE L'ETANG CHEMIN D,M,43.52383212256,4.524653547982479
201800008266,NonLethal,2018-10-15,11:05:00,Daylight,130,47,Yes,NoIntersection,LightRain,2Vehicles-Side,RAYMOND FILIPPI AVENUE,M,43.50646255183277,4.505822363273521
201800008267,NonLethal,2018-10-20,08:10:00,TwilightOrDawn,130,47,Yes,NoIntersection,Normal,Other,CD16 (LE DELA),M,43.52422460612726,5.525344627479159
201800008268,NonLethal,2018-10-23,21:15:00,NightStreelightsOn,130,47,Yes,Other,Normal,2Vehicles-Side,ARISTIDE BRIAND AVENUE,M,43.51430937189966,4.512593584303314
201800008269,NonLethal,2018-10-31,19:40:00,NightNoStreetLight,130,47,No,NoIntersection,HeavyRain,2Vehicles-Side,TRANSHUMANCE ROND POINT,M,43.51685811469317,4.515288199574523
201800008270,NonLethal,2018-11-15,14:20:00,Daylight,130,47,Yes,Other,Normal,Other,ECOLE MATERNELLE LA TERO,M,43.49636489716421,4.4990661468385245
201800008272,NonLethal,2018-11-15,19:10:00,NightStreelightsOn,130,47,Yes,NoIntersection,Normal,Other,COGNETS PLACE DES,M,43.50119853075842,4.501905813692561