AccidentId,Gravity,Date,Hour,Light,Department,Commune,InAgglomeration,IntersectionType,Weather,CollisionType,PostalAddress,GPSCode,Latitude,Longitude
201800008273,NonLethal,2018-11-27,16:00:00,Daylight,130,47,Yes,NoIntersection,Normal,2Vehicles-Side,EQUERRE RUE DE L',M,43.50641931369943,4.505056592067751
201800008274,NonLethal,2018-11-27,18:17:00,NightNoStreetLight,130,47,Yes,Other,Normal,2Vehicles-Side,GEORGES GUYNEMER AVENUE,M,43.51674408505119,4.518138971321478
201800008275,NonLethal,2018-10-12,17:58:00,NightNoStreetLight,130,47,No,NoIntersection,Normal,2Vehicles-Side,RD 1569,M,43.5421495068417,4.541720413104347
201800008276,NonLethal,2018-07-12,20:30:00,NightStreelightsOn,130,63,Yes,X-type,Normal,2Vehicles-Side,ARISTIDE BRIAND BOULEVAR,M,43.585843313508406,5.586500577753499
201800008277,NonLethal,2018-12-15,14:55:00,Daylight,130,98,No,NoIntersection,Normal,Other,RD 5,M,43.44959686898649,5.450306924736049
201800008278,NonLethal,2018-12-22,18:20:00,NightStreelightsOn,130,98,No,NoIntersection,Normal,Other,SALICORNES RUE DES,M,43.43596711103103,5.4382739262636886
201800008279,NonLethal,2018-02-01,14:30:00,Daylight,130,55,Yes,NoIntersection,Normal,3+Vehicles-Multiple,"00, FRAIS VALLON (AVENUE",M,43.324590058312246,5.3230263324416125
201800008281,NonLethal,2018-02-01,15:00:00,Daylight,130,55,Yes,NoIntersection,Normal,2Vehicles-Side,21 Rue Charles Cerrato,M,43.28165240905271,5.280847425585107
201800008282,NonLethal,2018-01-02,16:30:00,Daylight,130,55,Yes,Roundabout,Normal,2Vehicles-Behind,Rond-Point Pierre Guerre,M,43.25040298223036,5.250194080362745
201800008283,NonLethal,2018-02-01,16:00:00,Daylight,130,55,Yes,X-type,Normal,2Vehicles-Side,"36, AUGUSTE BLANQUI (RUE",M,43.29225019296912,5.292264709984847
201800008284,NonLethal,2018-02-01,15:20:00,Daylight,130,55,Yes,NoIntersection,Normal,2Vehicles-Side,164 Bd de Plombières,M,43.317942186828446,5.3193498473397565
201800008285,NonLethal,2018-01-02,17:50:00,NightStreelightsOn,130,55,Yes,NoIntersection,Normal,2Vehicles-Side,"50, LIEUTAUD (COURS)",M,43.29313183090561,5.294316822651913
201800008287,NonLethal,2018-03-01,15:00:00,Daylight,130,75,Yes,Roundabout,Normal,2Vehicles-Behind,33 Av Paul Sirvent,M,43.34513611732589,5.344859639744846
201800008288,NonLethal,2018-03-01,21:48:00,NightStreelightsOn,130,55,Yes,X-type,Normal,NoCollision,"218, NATIONAL (BOULEVARD",M,43.30913874390111,5.308895320996377
201800008289,NonLethal,2018-01-04,02:14:00,NightStreelightsOn,130,55,Yes,NoIntersection,LightRain,2Vehicles-Side,"22, JEAN MOULIN (BOULEVA",M,43.29237073637344,5.288752500337922
201800008290,NonLethal,2018-04-01,08:00:00,Daylight,130,55,Yes,NoIntersection,Normal,2Vehicles-Side,50 Bd Marius Richard,M,43.314544948109685,5.314723122143171
201800008291,NonLethal,2018-04-01,08:00:00,Daylight,130,75,Yes,NoIntersection,Normal,2Vehicles-Side,"89, LIBERATION (AVE DE L",M,43.340114214144,5.34155103519752
201800008292,NonLethal,2018-01-04,08:15:00,TwilightOrDawn,130,55,Yes,NoIntersection,Normal,Other,87 Ch. du Roy d'Espagne,M,43.236811971959305,5.236543586575885
201800008293,NonLethal,2018-04-01,13:10:00,Daylight,130,55,Yes,NoIntersection,Normal,3+Vehicles-Multiple,"473, SAINT PIERRE (RUE)",M,43.29035855720848,5.289878195865893
201800008294,NonLethal,2018-01-04,17:00:00,TwilightOrDawn,130,55,Yes,NoIntersection,Normal,Other,229 Rue Pierre Doize,M,43.26926116807113,5.270685458207798
201800008295,NonLethal,2018-04-01,21:00:00,NightStreelightsOn,130,55,Yes,NoIntersection,Normal,2Vehicles-Behind,"07, LIEUTAUD (COURS)",M,43.29432125508965,5.29521188345936
201800008296,NonLethal,2018-05-01,12:30:00,Daylight,130,55,Yes,NoIntersection,Normal,2Vehicles-Behind,"160, PRADO (AVENUE DU)",M,43.279964290269255,5.278544759745423
201800008299,NonLethal,2018-05-01,15:10:00,Daylight,130,55,Yes,Y-type,Normal,2Vehicles-Behind,"9, JOBIN (RUE)",M,43.3108875644793,5.312042494229854
201800008300,NonLethal,2018-05-01,18:00:00,NightStreelightsOn,130,55,Yes,NoIntersection,Normal,2Vehicles-Side,"285, Corniche John Fitzg",M,43.27640282292847,5.2770317595797
201800008301,NonLethal,2018-05-01,19:00:00,NightStreelightsOff,130,55,Yes,NoIntersection,Normal,Other,"45, RTE D' ALLAUCH",M,43.303876667150014,5.304328694391689
201800008302,NonLethal,2018-05-01,21:30:00,NightStreelightsOn,130,55,Yes,NoIntersection,Normal,2Vehicles-Behind,"112, WILLIAM BOOTH (AVEN",M,43.29419100046215,5.295329618860087
201800008303,NonLethal,2018-01-06,16:00:00,Daylight,130,55,Yes,NoIntersection,Normal,Other,"48, SAINT LOUIS (AVENUE",M,43.34379643364612,5.343359099331134
201800008304,NonLethal,2018-01-06,23:40:00,NightStreelightsOn,130,55,Yes,X-type,Normal,2Vehicles-Side,"135, CONSOLAT (RUE)",M,43.30336972835231,5.302194470287647
201800008305,NonLethal,2018-01-06,22:30:00,NightStreelightsOn,130,55,Yes,NoIntersection,Normal,Other,"10, GRAND (RUE)",M,43.33314894442661,5.334157877444471
201800008306,NonLethal,2018-01-07,03:50:00,NightStreelightsOn,130,55,Yes,NoIntersection,Normal,2Vehicles-BehindVehicles-Frontal,"58, Louis VILLECROZE (Bl",M,43.318860026901866,5.31976567706357
201800008307,NonLethal,2018-08-01,08:15:00,Daylight,130,55,Yes,NoIntersection,Normal,3+Vehicles-Multiple,"100, LIEUTAUD (COURS)",M,43.290558794583305,5.290492531721571
201800008308,NonLethal,2018-08-01,07:45:00,Daylight,130,55,Yes,NoIntersection,Normal,Other,"99, PONT DE VIVAUX (BOUL",M,43.2808325753121,5.281917141681765
201800008309,NonLethal,2018-08-01,10:15:00,Daylight,130,55,Yes,NoIntersection,LightRain,NoCollision,"16, REDON (BOULEVARD DU)",M,43.25719399078731,5.2568813711563
201800008310,NonLethal,2018-08-01,14:40:00,Daylight,130,55,Yes,NoIntersection,HeavyRain,Other,"2, ROSIERE (AVENUE DE LA",M,43.30754583622673,5.307734230372389
201800008312,NonLethal,2018-01-08,12:00:00,Daylight,130,2,No,NoIntersection,Overcast,NoCollision,"00, ETIENNE CUCCA-CD908",M,43.370079303305545,5.368611999904193
201800008313,NonLethal,2018-08-01,16:05:00,Daylight,130,55,Yes,NoIntersection,HeavyRain,2Vehicles-BehindVehicles-Frontal,"9, FRANOIS MIGNET (AVEN",M,43.32995020693284,5.329053388644376
201800008314,NonLethal,2018-01-08,16:45:00,Daylight,130,55,Yes,NoIntersection,LightRain,3+Vehicles-Chain,3 Ch St-Jo. À Ste-Marthe,M,43.34179930326951,5.339266908410299
201800008315,NonLethal,2018-08-01,17:40:00,NightStreelightsOn,130,55,Yes,NoIntersection,LightRain,2Vehicles-Side,"354, SAINT PIERRE (RUE)",M,43.29198285944403,5.291293153456702
201800008316,NonLethal,2018-08-01,17:16:00,TwilightOrDawn,130,55,Yes,T-type,LightRain,3+Vehicles-Multiple,"78, REDON (BOULEVARD DU)",M,43.253149147866544,5.25453269612959
201800008317,NonLethal,2018-01-08,20:15:00,NightStreelightsOn,130,55,Yes,T-type,LightRain,2Vehicles-Side,27 Bd du Sablier,M,43.2518527877638,5.252405604185854
201800008319,NonLethal,2018-01-08,17:00:00,TwilightOrDawn,130,55,Yes,NoIntersection,HeavyRain,NoCollision,"61, SAINT ANTOINE A SAIN",M,43.35309703178732,5.351239532423762
201800008320,NonLethal,2018-01-09,10:00:00,Daylight,130,55,Yes,X-type,LightRain,2Vehicles-Side,Av Pierre Chevalier,M,43.29499115708525,5.293850598720532
201800008321,NonLethal,2018-01-09,15:45:00,Daylight,130,55,Yes,Other,Normal,2Vehicles-Side,AVENUE RAIMU,M,43.33392671904576,5.333975019070572
201800008322,NonLethal,2018-01-09,21:20:00,NightStreelightsOn,130,55,Yes,T-type,Normal,2Vehicles-Side,"20, SAINT LOUP (BOULEVAR",M,43.280542044082665,5.283148342067157
201800008323,NonLethal,2018-01-09,22:50:00,NightStreelightsOn,130,55,Yes,T-type,Normal,NoCollision,"23, VINCENT ANDREU (AVEN",M,43.28575498933889,5.287812932512414
201800008324,NonLethal,2018-09-01,12:05:00,Daylight,130,55,Yes,NoIntersection,HeavyRain,2Vehicles-Behind,"00, VISTE (AVENUE DE LA)",M,43.36690691199535,5.365012280956631
201800008325,NonLethal,2018-01-10,08:30:00,Daylight,130,55,Yes,NoIntersection,LightRain,2Vehicles-Side,"350, SAINTE MARGUERITE (",M,43.259823579289126,5.26018894627359
201800008326,NonLethal,2018-10-01,11:01:00,Daylight,130,55,Yes,X-type,Normal,2Vehicles-Side,"25, LACEPEDE (RUE)",M,43.30575351078895,5.30545057773882
201800008328,NonLethal,2018-10-01,16:40:00,Daylight,130,55,Yes,T-type,Normal,Other,135 Ch de Château Gomber,M,43.34132782094516,5.340218515091985
201800008330,NonLethal,2018-10-01,20:30:00,NightStreelightsOn,130,55,Yes,NoIntersection,Normal,2Vehicles-Side,"31, FALAISE (RUE DE LA)",M,43.363453135241485,5.361464436099499
201800008331,NonLethal,2018-11-01,07:15:00,NightStreelightsOn,130,55,Yes,NoIntersection,Normal,Other,"43, PERIER (BOULEVARD)",M,43.28098172889815,5.278935115478882
201800008333,NonLethal,2018-01-11,08:22:00,Daylight,130,55,Yes,NoIntersection,Normal,Other,"140, Bd SAINT MARCEL",M,43.288464214428174,5.286647168116752
201800008334,NonLethal,2018-11-01,12:00:00,Daylight,130,55,Yes,NoIntersection,Normal,NoCollision,NATIONAL (BOULEVARD),M,43.31047142352845,5.311630852356547
201800008335,NonLethal,2018-01-11,08:20:00,TwilightOrDawn,130,55,Yes,NoIntersection,Normal,2Vehicles-Side,"00, REGNY (TRAVERSE)",M,43.26283652979694,5.263553466897736
201800008336,NonLethal,2018-01-11,11:00:00,Daylight,130,55,Yes,NoIntersection,Normal,3+Vehicles-Multiple,Av du Marché national,M,43.34074782944355,5.342954796495411
201800008337,NonLethal,2018-01-11,12:30:00,Daylight,130,55,Yes,NoIntersection,Normal,Other,"48, SAINT LOUIS (AVENUE",M,43.34573208617332,5.343567559207214
201800008338,NonLethal,2018-01-11,16:30:00,Daylight,130,55,Yes,X-type,Normal,2Vehicles-Side,"155, MIRABEAU (BOULEVARD",M,43.31231853310361,5.313848691149946
201800008339,NonLethal,2018-01-11,19:00:00,TwilightOrDawn,130,55,Yes,T-type,Normal,2Vehicles-Side,"423, PARADIS (RUE)",M,43.27266539274252,5.27502260487458
201800008340,NonLethal,2018-01-12,07:15:00,NightStreelightsOn,130,55,Yes,T-type,Normal,2Vehicles-Side,"00, LIEUTAUD (COURS)",M,43.29205510653239,5.290784514163788
201800008343,NonLethal,2018-11-01,12:55:00,Daylight,130,55,Yes,NoIntersection,Normal,Other,"57, JEAN JAURES (PLACE)",M,43.29451933753916,5.292217329930375
201800008344,NonLethal,2018-12-01,15:15:00,Daylight,130,55,Yes,X-type,Normal,Other,66 Rue Paradis,M,43.29259730670064,5.292052962353835
201800008345,NonLethal,2018-01-13,11:00:00,Daylight,130,55,Yes,Roundabout,Normal,2Vehicles-Behind,16O D4,M,43.3023507063439,5.299525718010944
201800008346,NonLethal,2018-01-14,08:15:00,Daylight,130,55,Yes,T-type,Normal,2Vehicles-Side,16 Av de Toulon,M,43.28729898979127,5.285686589285601
201800008347,Lethal,2018-01-14,07:15:00,NightStreelightsOn,130,55,Yes,X-type,Normal,Other,"2, JEAN EUGENE CABASSUD",M,43.284049762470936,5.285107763216644
201800008348,NonLethal,2018-01-15,00:15:00,NightStreelightsOn,130,55,Yes,NoIntersection,Normal,Other,GAFFAREL (RUE),M,43.34810739302576,5.349465342918394
201800008349,NonLethal,2018-01-15,08:30:00,Daylight,130,55,Yes,T-type,LightRain,2Vehicles-Side,Av Alexandre Fleming,M,43.31449377368414,5.314358432708649
201800008350,NonLethal,2018-01-15,16:55:00,Daylight,130,55,Yes,NoIntersection,Normal,NoCollision,196 Av de Toulon,M,43.28450508669497,5.283709376574511
201800008352,NonLethal,2018-01-16,06:00:00,NightNoStreetLight,130,55,Yes,NoIntersection,LightRain,Other,"129, COMTESSE (BOULEVARD",M,43.31979918013471,5.321378031028896
201800008354,NonLethal,2018-01-16,09:10:00,Daylight,130,55,Yes,NoIntersection,Overcast,Other,"87, RABATAU (BOULEVARD)",M,43.2753607128874,5.276593851862902
201800008355,NonLethal,2018-01-16,10:30:00,Daylight,130,55,Yes,Other,Normal,Other,"87, RABATAU (BOULEVARD)",M,43.27453701478071,5.273764923665153
201800008356,NonLethal,2018-01-16,12:20:00,Daylight,130,55,Yes,NoIntersection,Normal,2Vehicles-Side,"572, LITTORAL (CHEMIN DU",M,43.35381576286792,5.35455387679013
201800008357,NonLethal,2018-01-16,13:40:00,Daylight,130,55,Yes,NoIntersection,Normal,Other,12 Av Millie Mathys,M,43.36614661247543,5.365759210343994
201800008358,NonLethal,2018-01-16,17:20:00,TwilightOrDawn,130,55,Yes,NoIntersection,Normal,2Vehicles-Behind,Bd Mirabeau,M,43.31415081721775,5.31347114156088
201800008359,NonLethal,2018-01-16,19:00:00,NightStreelightsOn,130,55,Yes,X-type,Normal,Other,"00, AGUILLON (BOULEVARD)",M,43.26473798770836,5.266111858350708
201800008360,NonLethal,2018-01-01,18:20:00,NightStreelightsOn,130,55,Yes,NoIntersection,LightRain,2Vehicles-Side,"40, SAINT JUST (AVENUE D",M,43.31467247962044,5.313791385578681
201800008361,NonLethal,2018-01-17,10:30:00,Daylight,130,55,Yes,NoIntersection,Normal,Other,Av Pierre Chevalier,M,43.295719560736686,5.294510989635793
201800008362,NonLethal,2018-01-17,13:45:00,Daylight,130,55,Yes,Y-type,Normal,2Vehicles-Side,1 Rue Reine Elisabeth,M,43.29583133943695,5.298234193874784
201800008363,NonLethal,2018-01-17,15:15:00,Daylight,130,55,Yes,Other,Normal,Other,77 Rue d'Italie,M,43.28778213434256,5.286409160111025
201800008366,NonLethal,2018-01-17,20:45:00,NightStreelightsOn,130,55,Yes,X-type,Normal,2Vehicles-Side,"2, FLAMMARION (BOULEVARD",M,43.304308417478495,5.303654947599405
201800008367,NonLethal,2018-01-18,08:30:00,Daylight,130,55,Yes,NoIntersection,Normal,Other,"31, JULES GUESDE (PLACE)",M,43.30241114497828,5.302286341329721
201800008368,NonLethal,2018-01-18,16:30:00,Daylight,130,55,Yes,NoIntersection,Normal,2Vehicles-Behind,3 Bd Barral,M,43.26425826923384,5.264505718108671
201800008369,NonLethal,2018-01-19,07:50:00,TwilightOrDawn,130,55,Yes,NoIntersection,Normal,Other,8 Rue de Siam,M,43.28745613511379,5.287286118489265
201800008370,NonLethal,2018-01-19,12:30:00,Daylight,130,55,Yes,T-type,Normal,2Vehicles-Side,"6, GAVOTY (BOULEVARD)",M,43.30890414204778,5.309421733154095
201800008372,NonLethal,2018-01-19,20:45:00,NightStreelightsOn,130,55,Yes,NoIntersection,Normal,2Vehicles-Side,"02, LOUIS FRANGIN (RUE)",M,43.29573256227048,5.2959425775520925
201800008373,NonLethal,2018-01-20,10:25:00,Daylight,130,55,Yes,NoIntersection,Normal,Other,"123, MAZARGUES (AVENUE D",M,43.266715150079385,5.2685900121307805
201800008374,NonLethal,2018-01-21,05:10:00,NightStreelightsOn,130,55,Yes,NoIntersection,Normal,2Vehicles-Behind,Bd Charles Livon,M,43.2925851192148,5.291652782621734
201800008377,NonLethal,2018-01-20,18:45:00,NightStreelightsOn,130,55,Yes,NoIntersection,Normal,Other,"294, SAINT ANTOINE (AVEN",M,43.37738254882977,5.3751203545931805
201800008378,NonLethal,2018-01-21,17:15:00,Daylight,130,55,Yes,X-type,Normal,2Vehicles-Side,"342, PRADO (AVENUE DU)",M,43.27145944260326,5.270993428526715
201800008379,NonLethal,2018-01-21,14:30:00,Daylight,130,55,Yes,T-type,Normal,2Vehicles-Side,"34, FRANOISE DUPARC (BO",M,43.3021569978741,5.302081946650406
201800008380,NonLethal,2018-01-21,19:30:00,NightStreelightsOn,130,55,Yes,NoIntersection,Normal,2Vehicles-Side,34 Rue Fort Notre Dame,M,43.28973024214875,5.291146916437481
201800008381,NonLethal,2018-01-22,08:45:00,Daylight,130,55,Yes,NoIntersection,Normal,Other,"50, BOUYALA D'ARNAUD (BO",M,43.29813045277367,5.298362221569223
201800008382,NonLethal,2018-01-22,07:10:00,TwilightOrDawn,130,55,Yes,NoIntersection,Normal,2Vehicles-Side,156 Bd Rabatau,M,43.27952111429951,5.2811134308799765
201800008383,NonLethal,2018-01-22,16:00:00,Daylight,130,55,Yes,T-type,Normal,2Vehicles-Side,"135, SAINT JEAN DU DESER",M,43.29437126047488,5.294294535071941
201800008385,NonLethal,2018-01-23,19:15:00,NightStreelightsOn,130,55,Yes,NoIntersection,Normal,2Vehicles-Side,"338, MAZARGUES (AVENUE D",M,43.26129651515257,5.25918122290776
201800008386,NonLethal,2018-01-23,18:30:00,NightStreelightsOn,130,55,Yes,NoIntersection,Normal,Other,"40, MOULIN LA V (TRAVERS",M,43.312429206412205,5.312404163552576
201800008387,NonLethal,2018-01-22,09:40:00,Daylight,130,55,Yes,NoIntersection,Normal,3+Vehicles-Chain,56 Av Alexandre Fleming,M,43.318113920021936,5.318295669738458
201800008388,NonLethal,2018-01-24,06:40:00,TwilightOrDawn,130,55,Yes,NoIntersection,Normal,2Vehicles-Behind,"107, SAKAKINI (BOULEVARD",M,43.29297940158763,5.293081250802475
201800008389,NonLethal,2018-01-24,09:45:00,Daylight,130,55,Yes,X-type,Overcast,2Vehicles-Behind,"540, PARADIS (RUE)",M,43.271550318830734,5.272361627554096
201800008390,NonLethal,2018-01-24,11:20:00,Daylight,130,75,Yes,NoIntersection,Normal,NoCollision,"17, LAMBERTS (RUE DES)",M,43.338461061220535,5.337736690398241
201800008391,NonLethal,2018-01-24,14:10:00,Daylight,130,55,Yes,NoIntersection,Normal,Other,218 Bd Baille,M,43.289133723134206,5.289267323452193
201800008392,NonLethal,2018-01-24,12:50:00,Daylight,130,55,Yes,Y-type,Normal,2Vehicles-Side,"2, ANDRE AUNE (BOULEVARD",M,43.28926972273732,5.289608420442081
201800008393,NonLethal,2018-01-24,12:15:00,Daylight,130,55,Yes,T-type,Normal,2Vehicles-Side,"255, OLIVES (AVENUE DES)",M,43.32363926146582,5.3229811432145295
201800008394,NonLethal,2018-01-24,14:00:00,Daylight,130,55,Yes,Y-type,Normal,2Vehicles-Side,132 Ch la Valbarelle À S,M,43.28219298329197,5.280602179775653
201800008395,NonLethal,2018-01-24,16:30:00,Daylight,130,55,Yes,NoIntersection,Normal,3+Vehicles-Chain,"54, PEINTRES ROUX (avenu",M,43.29549023661551,5.294141154713871
201800008396,NonLethal,2018-01-24,19:20:00,NightStreelightsOn,130,55,Yes,NoIntersection,Normal,3+Vehicles-Chain,1 Bd Jean Moulin,M,43.29054043944408,5.292308679612239
201800008397,NonLethal,2018-01-24,23:28:00,NightStreelightsOn,130,55,Yes,T-type,Normal,2Vehicles-Side,"00, ARENC (QUAI D')",M,43.31196954485712,5.312602132263972
201800008398,NonLethal,2018-01-25,12:20:00,Daylight,130,55,Yes,NoIntersection,Normal,Other,"27, BELGES (QUAI DES)",M,43.29516922577679,5.294710526124397
201800008399,NonLethal,2018-01-25,11:00:00,Daylight,130,55,Yes,NoIntersection,Normal,Other,"219, ROGER SALENGRO (AVE",M,43.31942473362496,5.318575361866545
201800008403,NonLethal,2018-01-26,10:45:00,Daylight,130,55,Yes,T-type,HeavyRain,Other,"216, SAINTE MARGUERITE (",M,43.26515830569163,5.262895523994786
201800008404,NonLethal,2018-01-26,12:30:00,Daylight,130,55,Yes,NoIntersection,LightRain,Other,Av Pierre Chevalier,M,43.29582758744819,5.292920314029582
201800008406,NonLethal,2018-01-26,13:00:00,Daylight,130,55,Yes,T-type,LightRain,2Vehicles-Side,STANISLAS T (RUE),M,43.28891374205037,5.288438195760996
201800008407,NonLethal,2018-01-26,14:05:00,Daylight,130,55,No,NoIntersection,HeavyRain,Other,2l7 Col de la Gineste,M,43.23837282049169,5.237642061276095
201800008408,NonLethal,2018-12-31,12:00:00,Daylight,130,55,Yes,NoIntersection,Normal,Other,CASSIN (RUE),M,43.31528551277938,5.318433967806187
201800008409,NonLethal,2018-01-26,15:45:00,Daylight,130,55,Yes,NoIntersection,LightRain,Other,"159, VISTE (AVENUE DE LA",M,43.36343066332816,5.3628841783847125
201800008410,NonLethal,2018-01-26,15:30:00,Daylight,130,55,Yes,NoIntersection,LightRain,2Vehicles-Behind,"91, FLAMMARION (BOULEVAR",M,43.30711620685245,5.305817802003521
201800008411,NonLethal,2018-01-26,17:00:00,TwilightOrDawn,130,55,Yes,NoIntersection,HeavyRain,Other,"22O, PARIS (BOULEVARD DE",M,43.315816776545766,5.315930949486693
201800008412,NonLethal,2018-01-26,18:30:00,NightStreelightsOn,130,55,Yes,NoIntersection,HeavyRain,2Vehicles-Behind,"17, ALEX ANSALDI (RUE)",M,43.333703785723934,5.334357942067274
201800008413,NonLethal,2018-01-26,18:30:00,Daylight,130,55,Yes,NoIntersection,LightRain,Other,16 Bd Françoise Duparc,M,43.29958330274366,5.300651604096608
201800008414,NonLethal,2018-01-26,19:00:00,NightStreelightsOn,130,55,Yes,NoIntersection,LightRain,Other,"66, SAINTE MARTHE (chemi",M,43.32176736261777,5.321462621603204
201800008415,NonLethal,2018-01-26,19:50:00,TwilightOrDawn,130,55,Yes,NoIntersection,HeavyRain,2Vehicles-Behind,Av Jean Paul Sartre,M,43.32112597972498,5.320282272971044
201800008416,NonLethal,2018-01-22,10:00:00,Daylight,130,55,Yes,X-type,Normal,2Vehicles-Side,"00, EUGENE PIERRE (BOULE",M,43.29638932265909,5.297950986645249
201800008417,NonLethal,2018-01-27,18:00:00,TwilightOrDawn,130,55,Yes,NoIntersection,Normal,2Vehicles-Side,68 Av. de Saint Menet,M,43.28902824573623,5.289265589517812
201800008418,NonLethal,2018-01-27,22:50:00,NightStreelightsOn,130,55,Yes,NoIntersection,Normal,Other,2 Av des Camoins,M,43.30714440166575,5.3063915979747
201800008419,NonLethal,2018-01-28,03:00:00,NightStreelightsOn,130,55,Yes,T-type,Normal,Other,Bd de la Liberté,M,43.30222253799717,5.300784366865005
201800008420,NonLethal,2018-01-28,06:45:00,NightStreelightsOn,130,55,Yes,NoIntersection,Normal,2Vehicles-Side,"154, ALPHONSE DAUDET (RU",M,43.32193369482053,5.322361091594514
201800008421,NonLethal,2018-01-26,14:00:00,Daylight,130,55,Yes,T-type,LightRain,2Vehicles-Side,"81, ROUVIER (BOULEVARD)",M,43.27743805548532,5.276971829538343
201800008422,NonLethal,2018-01-29,10:10:00,Daylight,130,55,Yes,NoIntersection,Normal,Other,"43, TURCAT MERY ALLE (A",M,43.281773017256,5.278475986046166
201800008423,NonLethal,2018-01-29,08:30:00,Daylight,130,55,Yes,NoIntersection,Normal,3+Vehicles-Chain,"127,  Route Léon Lachamp",M,43.24995622439524,5.249704041186838
201800008424,NonLethal,2018-01-29,13:30:00,Daylight,130,55,Yes,T-type,Normal,2Vehicles-Side,"57, SAINT BARNABE (AVENU",M,43.30298627462346,5.304530410828375
201800008425,NonLethal,2018-01-29,15:25:00,Daylight,130,55,Yes,T-type,Normal,2Vehicles-Side,70 EMMANUEL ALLARD RUE,M,43.2904912122016,5.288224983887583
201800008426,NonLethal,2018-01-29,15:20:00,Daylight,130,55,Yes,Other,Normal,2Vehicles-Behind,"101, CAPELETTE (AVENUE D",M,43.28018228552956,5.282062760955061
201800008427,NonLethal,2018-01-29,18:45:00,NightStreelightsOn,130,55,Yes,NoIntersection,Normal,Other,113 Av de la Capelette,M,43.28212878163048,5.28160797860655
201800008428,NonLethal,2018-01-30,08:25:00,Daylight,130,55,Yes,NoIntersection,Normal,Other,51 Av  Lattre de Tassign,M,43.24876348429037,5.248150068764289
201800008430,NonLethal,2018-01-30,16:40:00,Daylight,130,55,Yes,NoIntersection,Normal,Other,70 Bd de Saint-Loup,M,43.2797742827604,5.282436324626896
201800008432,NonLethal,2018-01-31,09:15:00,Daylight,130,55,Yes,NoIntersection,Normal,2Vehicles-Side,"00, PIERRE PUGET (COURS)",M,43.291547128916,5.291857068523965
201800008433,NonLethal,2018-01-31,15:00:00,Daylight,130,55,Yes,NoIntersection,Normal,2Vehicles-Behind,"153, Corniche John Fitzg",M,43.28605026446617,5.285990498207807
201800008434,NonLethal,2018-01-31,15:00:00,Daylight,130,55,Yes,NoIntersection,Overcast,Other,72 Av Claude Monet,M,43.32614425045196,5.325005438951704
201800008435,NonLethal,2018-01-26,17:45:00,TwilightOrDawn,130,55,Yes,X-type,LightRain,2Vehicles-Side,"176, SAINT ANTOINE A SAI",M,43.35869924841784,5.360289750812858
201800008437,NonLethal,2018-01-02,09:30:00,Daylight,130,55,Yes,NoIntersection,LightRain,2Vehicles-Side,LOUIS REGIS (RUE),M,43.28827983373667,5.287624395691515
201800008438,NonLethal,2018-02-01,09:30:00,Daylight,130,55,Yes,NoIntersection,LightRain,NoCollision,283 Bd Michelet,M,43.26054658279785,5.259617956564739
201800008439,NonLethal,2018-01-02,10:40:00,Daylight,130,55,Yes,Other,LightRain,3+Vehicles-Multiple,"26, PLOMBIERES (BOULEVAR",M,43.31524122023972,5.31562907214755
201800008440,NonLethal,2018-01-02,13:55:00,Daylight,130,55,Yes,T-type,Normal,2Vehicles-Side,"01, SAINT JULIEN (AVENUE",M,43.3048007320002,5.304155048236577
201800008442,NonLethal,2018-02-01,18:30:00,NightStreelightsOn,130,55,Yes,NoIntersection,Normal,2Vehicles-Side,"50, VALBARELLE (BOULEVAR",M,43.28639290797019,5.286948143808844
201800008443,NonLethal,2018-02-01,17:50:00,NightStreelightsOn,130,55,Yes,NoIntersection,Normal,2Vehicles-Behind,Av Louis Regis,M,43.28902876401455,5.287863903455642
201800008444,NonLethal,2018-02-02,11:00:00,Daylight,130,55,Yes,NoIntersection,Normal,Other,120 Bd Notre Dame,M,43.28388687563335,5.2837827747198425
201800008445,NonLethal,2018-01-02,19:30:00,NightStreelightsOn,130,55,Yes,NoIntersection,Normal,2Vehicles-BehindVehicles-Frontal,24 Chemin du Val des Boi,M,43.263289723851656,5.263673457178129
201800008446,NonLethal,2018-02-02,15:50:00,Daylight,130,55,Yes,NoIntersection,Normal,2Vehicles-Side,16 Route des Trois Lucs,M,43.31201169754992,5.311907313251659
201800008447,NonLethal,2018-02-02,17:40:00,NightStreelightsOff,130,55,Yes,NoIntersection,Normal,3+Vehicles-Chain,6 Chemin de l'Argile,M,43.28028673755775,5.279283177755562
201800008448,NonLethal,2018-02-02,18:45:00,NightStreelightsOn,130,55,Yes,NoIntersection,Normal,3+Vehicles-Multiple,"11, PRADO (AVENUE DU)",M,43.28517799702596,5.285337421862767
201800008449,NonLethal,2018-02-03,09:40:00,Daylight,130,55,Yes,NoIntersection,StrongWindOrStorm,2Vehicles-Behind,"75, LYON (RUE DE)",M,43.32512048623772,5.325221923649769
201800008451,NonLethal,2018-02-03,13:20:00,Daylight,130,55,Yes,NoIntersection,Normal,2Vehicles-Behind,"108, LIEUTAUD (COURS)",M,43.28946427636829,5.290401226035668
201800008453,NonLethal,2018-02-03,14:30:00,Daylight,130,55,Yes,X-type,Normal,2Vehicles-Side,CLARY (RUE),M,43.31008398087407,5.308020296952799
201800008454,NonLethal,2018-03-02,15:30:00,Daylight,130,55,Yes,NoIntersection,Normal,Other,"30, BELGES (QUAI DES)",M,43.295376350085895,5.29101976349914
201800008457,NonLethal,2018-04-02,04:20:00,NightStreelightsOn,130,55,Yes,MoreThan4Branches,Normal,Other,"2, JEAN BOUIN (AVENUE)",M,43.26682615030022,5.26764261025102