AccidentId,Gravity,Date,Hour,Light,Department,Commune,InAgglomeration,IntersectionType,Weather,CollisionType,PostalAddress,GPSCode,Latitude,Longitude
201800008458,NonLethal,2018-04-02,06:30:00,NightStreelightsOn,130,55,Yes,Other,Normal,Other,"00, SALVADOR ALLENDE (RU",M,43.32837104765286,5.328918846420955
201800008459,NonLethal,2018-02-04,18:05:00,NightStreelightsOn,130,55,Yes,T-type,Normal,2Vehicles-Side,"90, MAZARGUES (AVENUE DE",M,43.26774472344444,5.268365734894097
201800008460,NonLethal,2018-05-02,09:00:00,Daylight,130,55,Yes,NoIntersection,LightRain,Other,"83, LE CHATELIER",M,43.3475795838226,5.346046300861369
201800008461,NonLethal,2018-02-02,12:20:00,Daylight,130,55,Yes,T-type,Overcast,2Vehicles-Side,48 Bd Capitaine Gèze,M,43.33048421201083,5.331682424217847
201800008462,NonLethal,2018-02-05,14:15:00,Daylight,130,55,Yes,NoIntersection,Normal,3+Vehicles-Multiple,5 Av de Hambourg,M,43.255247569496575,5.253414047963942
201800008463,NonLethal,2018-05-02,13:00:00,Daylight,130,55,Yes,NoIntersection,Normal,NoCollision,TOULON (AVENUE DE),M,43.28540548398194,5.285169430623155
201800008464,NonLethal,2018-02-05,14:30:00,Daylight,130,55,Yes,T-type,Normal,Other,FABRES (RUE DES),M,43.295910194754526,5.295540524329028
201800008465,NonLethal,2018-06-02,07:45:00,Daylight,130,55,Yes,NoIntersection,LightRain,Other,"28, JEAN QUEILLAU (RUE)",M,43.331960020662265,5.3318438365471295
201800008466,NonLethal,2018-02-06,07:15:00,NightStreelightsOn,130,55,Yes,NoIntersection,LightRain,2Vehicles-Side,"189, COLGATE (TRAVERSE)",M,43.23433147312891,5.232364073724482
201800008468,NonLethal,2018-01-26,09:30:00,Daylight,130,55,Yes,NoIntersection,HeavyRain,2Vehicles-Behind,"05, LIEUTAUD (COURS)",M,43.29645521358731,5.294949270985828
201800008470,NonLethal,2018-06-02,21:00:00,NightStreelightsOn,130,55,Yes,NoIntersection,LightRain,2Vehicles-BehindVehicles-Frontal,148 Bd de Roux Prolongé,M,43.309070617321545,5.309305681503293
201800008474,NonLethal,2018-02-07,09:40:00,Daylight,130,55,Yes,Roundabout,Normal,2Vehicles-Side,ALFRED BLACHERE (AVENUE),M,43.31680228506533,5.31642363296259
201800008475,NonLethal,2018-02-06,16:30:00,Daylight,130,55,Yes,NoIntersection,Overcast,2Vehicles-Behind,"397, PARADIS (RUE)",M,43.27473093372681,5.27406231037446
201800008476,NonLethal,2018-07-02,08:50:00,Daylight,130,55,Yes,NoIntersection,Normal,2Vehicles-Behind,17 Av Alexandre Fleming,M,43.315606493050325,5.315745810723418
201800008477,NonLethal,2018-02-07,12:20:00,Daylight,130,55,Yes,NoIntersection,Normal,2Vehicles-Behind,"44, CAMOINS (AVENUE DES)",M,43.30516992779546,5.304757013443591
201800008479,NonLethal,2018-02-07,13:55:00,Daylight,130,55,Yes,NoIntersection,Normal,Other,29 Bd Georges Clemenceau,M,43.300055581622445,5.300999251920006
201800008483,NonLethal,2018-08-02,08:20:00,Daylight,130,55,Yes,NoIntersection,Normal,Other,119 Ch de St-Louis au Ro,M,43.3524377967368,5.351690185481603
201800008484,NonLethal,2018-08-02,08:15:00,Daylight,130,55,Yes,NoIntersection,Normal,2Vehicles-Side,137 Av des Olives,M,43.32708416453822,5.328765519651102
201800008485,NonLethal,2018-08-02,08:30:00,Daylight,130,55,Yes,NoIntersection,Normal,2Vehicles-Behind,38 Rue d'André Bardon,M,43.28474687882235,5.283222351786992
201800008486,NonLethal,2018-08-02,08:00:00,Daylight,130,55,Yes,NoIntersection,Normal,2Vehicles-Side,"141, PRADO (AVENUE DU)",M,43.27896936456086,5.280495064489834
201800008488,NonLethal,2018-02-08,16:15:00,Daylight,130,55,Yes,T-type,Normal,Other,"29, SAINT JULIEN (AVENUE",M,43.304323927303095,5.304963798364391
201800008489,NonLethal,2018-08-02,16:30:00,Daylight,130,55,Yes,NoIntersection,Normal,2Vehicles-Side,157 Bd de Plombières,M,43.31789628763084,5.318590985422127
201800008490,NonLethal,2018-08-02,16:30:00,Daylight,130,55,Yes,NoIntersection,Normal,Other,14 Bd Verd,M,43.315657124782966,5.317203054534414
201800008492,NonLethal,2018-02-09,00:20:00,NightStreelightsOn,130,55,Yes,NoIntersection,Normal,2Vehicles-Behind,"58, CHARLES LIVON (BOULE",M,43.29175120564952,5.292059632574423
201800008494,NonLethal,2018-02-09,10:00:00,Daylight,130,55,Yes,X-type,Normal,2Vehicles-Side,Bld Ferdinand de Lesseps,M,43.31928554216726,5.319022158366809
201800008495,NonLethal,2018-09-02,11:50:00,Daylight,130,55,Yes,T-type,Normal,2Vehicles-Side,"00, MORGIOU (chemin de )",M,43.24311454732232,5.240697949918345
201800008496,NonLethal,2018-09-02,16:45:00,Daylight,130,55,Yes,NoIntersection,LightRain,2Vehicles-Side,"151, MICHELET (BOULEVARD",M,43.26587503463791,5.266969983886622
201800008497,NonLethal,2018-09-02,13:40:00,Daylight,130,55,Yes,NoIntersection,Normal,2Vehicles-Side,"167, BAILLE (BOULEVARD)",M,43.288948539717545,5.288926646488671
201800008498,NonLethal,2018-02-09,22:45:00,NightNoStreetLight,130,55,Yes,NoIntersection,Normal,2Vehicles-Behind,"164, CAMOINS (AVENUE DES",M,43.30085922290127,5.3014476463528615
201800008499,Lethal,2018-02-10,04:38:00,NightStreelightsOn,130,55,Yes,NoIntersection,Normal,Other,614 Rue Saint-Pierre,M,43.28932769813267,5.289293475828235
201800008500,NonLethal,2018-02-10,10:05:00,Daylight,130,55,Yes,NoIntersection,Normal,Other,19 Rue de la République,M,43.29840025839461,5.296409955003197
201800008501,NonLethal,2018-10-02,19:50:00,NightStreelightsOn,130,55,Yes,NoIntersection,Normal,Other,77 Bd du Redon,M,43.25571479916984,5.255151472619644
201800008503,NonLethal,2018-10-02,11:40:00,Daylight,130,55,Yes,T-type,Normal,2Vehicles-Side,MADRAGUE VILLE,M,43.339371939435786,5.338234248784701
201800008504,NonLethal,2018-02-07,13:00:00,Daylight,130,55,Yes,NoIntersection,Normal,Other,32 Rue Loubon,M,43.31375044418014,5.312728038512684
201800008505,NonLethal,2018-02-11,06:55:00,NightStreelightsOn,130,55,Yes,X-type,Normal,2Vehicles-Behind,107 Bd Sakakini,M,43.29400018006217,5.291624438706893
201800008506,NonLethal,2018-11-02,05:30:00,NightStreelightsOn,130,55,Yes,T-type,Normal,2Vehicles-Side,"1, TRINITAIRES (BOULEVAR",M,43.27013678978277,5.270387536658762
201800008508,NonLethal,2018-11-02,09:50:00,Daylight,130,55,Yes,Roundabout,Normal,Other,"00, TROIS LUCS (PLACE)",M,43.31167735461566,5.312245923295999
201800008509,NonLethal,2018-02-11,11:55:00,Daylight,130,55,Yes,NoIntersection,Normal,2Vehicles-Side,47 Bd Jean Eugène Cabass,M,43.28408195394675,5.2845017948305495
201800008510,NonLethal,2018-02-12,09:30:00,Daylight,130,55,Yes,X-type,Normal,2Vehicles-Side,63 Bd Rabatau,M,43.27341722487312,5.2759510583498574
201800008511,NonLethal,2018-02-12,10:10:00,Daylight,130,55,Yes,NoIntersection,VeryGood,Other,5 Rue de la République,M,43.30017826425016,5.2993060628950746
201800008513,NonLethal,2018-12-02,15:30:00,Daylight,130,55,Yes,NoIntersection,Normal,2Vehicles-Side,"1, FRDRIC SAUVAGE (BOU",M,43.333230614481046,5.330034137554844
201800008515,NonLethal,2018-02-13,08:50:00,Daylight,130,55,Yes,NoIntersection,Normal,Other,63 Bd du Sablier,M,43.25018190587954,5.249935049880298
201800008516,NonLethal,2018-09-26,15:45:00,Daylight,130,55,Yes,X-type,Normal,2Vehicles-Side,BAILLE (BOULEVARD),M,43.28673238668762,5.287668274610948
201800008517,NonLethal,2018-02-13,07:00:00,TwilightOrDawn,130,55,No,NoIntersection,Normal,Other,COL DE LA GINESTE D559,M,43.23893426511435,5.239578670141865
201800008519,NonLethal,2018-02-13,07:30:00,TwilightOrDawn,130,55,Yes,NoIntersection,Normal,2Vehicles-BehindVehicles-Frontal,28 Rue Edmond Jaloux,M,43.32953062871745,5.3283680558941215
201800008520,NonLethal,2018-02-13,10:00:00,Daylight,130,55,Yes,NoIntersection,Normal,Other,"101, MICHELET (BOULEVARD",M,43.270874908430194,5.266563295195664
201800008521,NonLethal,2018-01-20,06:00:00,NightStreelightsOn,130,55,Yes,NoIntersection,Normal,Other,28 Bd Sakakini,M,43.29725347751573,5.298664410814632
201800008522,NonLethal,2018-02-13,14:00:00,Daylight,130,55,Yes,NoIntersection,Normal,NoCollision,52 Rue Saint-Savournin,M,43.29821204398977,5.297294361689537
201800008523,NonLethal,2018-02-13,14:15:00,Daylight,130,55,Yes,NoIntersection,Normal,2Vehicles-Side,"25, SAINT MARCEL (BOULEV",M,43.28773900691783,5.287742327165306
201800008524,NonLethal,2018-02-13,18:15:00,TwilightOrDawn,130,55,Yes,NoIntersection,Normal,2Vehicles-Side,93 Av Camille Pelletan,M,43.30614896918842,5.3069336738716775
201800008525,NonLethal,2018-02-13,17:25:00,TwilightOrDawn,130,55,Yes,NoIntersection,Normal,2Vehicles-Behind,558 Av du Prado,M,43.261305746695655,5.264528540160991
201800008526,NonLethal,2018-02-14,07:05:00,Daylight,130,2,Yes,Roundabout,Normal,Other,"Av du Canton Vert,",M,43.33667491088822,5.3384034676515695
201800008527,NonLethal,2018-02-14,15:30:00,Daylight,130,55,Yes,T-type,Normal,2Vehicles-Side,"149, PRADO (contre alle",M,43.27856680784228,5.28080944652945
201800008528,NonLethal,2018-02-14,14:30:00,Daylight,130,55,Yes,NoIntersection,Normal,Other,35 Bd de Paris,M,43.31221079923028,5.312007956988788
201800008531,NonLethal,2018-02-14,19:50:00,TwilightOrDawn,130,55,Yes,NoIntersection,Normal,2Vehicles-Side,39 Av de Saint-Just,M,43.31387251277105,5.315684266861479
201800008532,NonLethal,2018-02-15,10:15:00,Daylight,130,55,Yes,NoIntersection,Normal,Other,67 Ch de Sainte-Marthe,M,43.3198856202211,5.3199768204186295
201800008533,NonLethal,2018-02-15,08:35:00,Daylight,130,55,Yes,T-type,Overcast,2Vehicles-Side,"79, JEANNE D'ARC (BOULEV",M,43.29212828414702,5.294206553479921
201800008534,NonLethal,2018-02-15,13:00:00,Daylight,130,55,Yes,LevelCrossing,Normal,2Vehicles-BehindVehicles-Frontal,"2, STRASBOURG (BOULEVARD",M,43.30590946412927,5.306663854854524
201800008535,NonLethal,2018-02-15,13:50:00,Daylight,130,55,Yes,Other,Normal,2Vehicles-Side,83 Av de la Capelette,M,43.282626132458326,5.282133939835378
201800008537,NonLethal,2018-02-16,01:18:00,NightStreelightsOn,130,55,Yes,Other,Normal,2Vehicles-Behind,66 Bd Charles Livon,M,43.292819802171,5.293292677291248
201800008539,NonLethal,2018-02-16,08:15:00,Daylight,130,55,Yes,NoIntersection,Normal,Other,"265, MAZARGUES (AVENUE D",M,43.262126253308686,5.262779881136567
201800008540,NonLethal,2018-02-16,08:10:00,Daylight,130,55,Yes,T-type,Normal,2Vehicles-Side,Allée de la Grande Bast,M,43.2950985249825,5.296405411203182
201800008542,NonLethal,2018-02-16,15:42:00,Daylight,130,55,Yes,NoIntersection,Normal,2Vehicles-Side,"456, LYON (RUE DE)",M,43.34183819459193,5.342587057005519
201800008543,NonLethal,2018-01-21,03:30:00,NightStreelightsOn,130,55,Yes,NoIntersection,Normal,Other,395* Corniche John Fitzg,M,43.27019112143,5.270937808525176
201800008544,NonLethal,2018-01-01,22:10:00,NightStreelightsOn,130,55,Yes,NoIntersection,Normal,Other,"57, PARIS (BOULEVARD DE)",M,43.308878262785065,5.309251076478788
201800008545,NonLethal,2018-02-16,21:30:00,NightStreelightsOn,130,55,Yes,NoIntersection,Normal,Other,41 Bd Frédéric Sauvage,M,43.33847429181425,5.336342898290491
201800008546,NonLethal,2018-02-17,09:00:00,Daylight,130,55,Yes,Other,LightRain,NoCollision,287 Ch.Madrague-Ville,M,43.33451813817396,5.3357851561091705
201800008548,NonLethal,2018-02-17,12:20:00,Daylight,130,55,Yes,NoIntersection,LightRain,3+Vehicles-Chain,Av Alexandre Fleming,M,43.31678834275498,5.316677793640794
201800008549,NonLethal,2018-02-17,18:00:00,Daylight,130,55,Yes,NoIntersection,LightRain,2Vehicles-Side,12 Bd Charles Nédelec,M,43.30170324392564,5.2996353965093554
201800008550,NonLethal,2018-02-17,22:00:00,NightStreelightsOn,130,55,Yes,Other,Normal,2Vehicles-Side,"12, ROLAND DORGELES (BOU",M,43.34641101651947,5.348004725555226
201800008552,NonLethal,2018-02-18,11:45:00,Daylight,130,75,Yes,NoIntersection,Normal,Other,23 Av Louis Enjolras,M,43.33958016731954,5.337882716703439
201800008553,NonLethal,2018-02-18,13:30:00,Daylight,130,55,Yes,T-type,Normal,2Vehicles-Side,"74, ROGER SALENGRO (AVEN",M,43.31251306527041,5.311138027020643
201800008554,NonLethal,2018-02-18,19:00:00,NightStreelightsOn,130,55,Yes,T-type,Normal,2Vehicles-Behind,380 Rue Saint-Pierre,M,43.29098706019882,5.291457049176495
201800008555,NonLethal,2018-02-19,07:50:00,TwilightOrDawn,130,55,Yes,NoIntersection,HeavyRain,Other,"5, LICES (RUE DES)",M,43.2909522902139,5.288162371150804
201800008556,NonLethal,2018-02-19,08:35:00,Daylight,130,55,Yes,NoIntersection,LightRain,2Vehicles-Behind,"145, RABATAU (BOULEVARD)",M,43.28063832473499,5.28033509483632
201800008557,NonLethal,2018-02-19,10:10:00,Daylight,130,55,Yes,NoIntersection,Normal,Other,57 RueTeisseire,M,43.27268875617493,5.271800251519591
201800008559,NonLethal,2018-02-19,09:10:00,Daylight,130,55,Yes,NoIntersection,LightRain,2Vehicles-Behind,112 Av William Booth,M,43.294827446727865,5.295647442597741
201800008560,NonLethal,2018-02-19,17:15:00,Daylight,130,55,Yes,T-type,Normal,2Vehicles-Side,"4, ARENC (QUAI D')",M,43.31301260270148,5.313053488534535
201800008561,NonLethal,2018-02-19,18:30:00,NightStreelightsOn,130,55,Yes,NoIntersection,Normal,NoCollision,211 Av Pierre Mendès Fra,M,43.25063412391904,5.250828031524104
201800008562,NonLethal,2018-02-20,03:40:00,NightStreelightsOn,130,55,Yes,NoIntersection,Normal,Other,503 Rue Saint-Pierre,M,43.28917739655546,5.288236846281721
201800008563,NonLethal,2018-02-20,10:30:00,Daylight,130,55,Yes,X-type,Normal,2Vehicles-Side,29 Rue des Vertus,M,43.28976610842384,5.291545182488033
201800008564,NonLethal,2018-02-20,09:15:00,Daylight,130,55,Yes,NoIntersection,Normal,2Vehicles-Side,38 Benjamin Delessert,M,43.28338810705891,5.285586269080868
201800008567,NonLethal,2018-02-20,15:45:00,Daylight,130,55,Yes,NoIntersection,Normal,Other,"546, MIRELLE LAUZE (BOUL",M,43.2887885651917,5.286812314543944
201800008568,NonLethal,2018-02-20,19:00:00,NightStreelightsOff,130,55,Yes,NoIntersection,Normal,Other,"38, MICHELET (BOULEVARD)",M,43.27010060175484,5.269563956717313
201800008569,NonLethal,2018-02-21,08:47:00,Daylight,130,55,Yes,NoIntersection,SnowOrHail,NoCollision,19 Bd des Libérateurs,M,43.294459168947576,5.290901351632984
201800008570,NonLethal,2018-02-21,09:35:00,Daylight,130,55,Yes,Other,LightRain,2Vehicles-Behind,rond point WRESINKI,M,43.329194916549376,5.329260157670442
201800008571,NonLethal,2018-02-21,15:25:00,Daylight,130,55,Yes,X-type,Normal,2Vehicles-Behind,1 Bd Sakakini,M,43.29874305861655,5.299203668002535
201800008572,NonLethal,2018-02-21,17:00:00,Daylight,130,55,Yes,NoIntersection,Normal,3+Vehicles-Chain,18 Bd Camille Flammarion,M,43.306365804982754,5.304369156132738
201800008573,NonLethal,2018-02-21,19:20:00,NightStreelightsOn,130,55,Yes,NoIntersection,Normal,2Vehicles-Behind,"00, PEINTRES ROUX (AVENU",M,43.31047349690608,5.312487346041142
201800008574,NonLethal,2018-02-21,19:45:00,NightStreelightsOn,130,75,Yes,NoIntersection,Normal,2Vehicles-Side,69 Av Pasteur,M,43.35588005546809,5.357904189609594
201800008575,NonLethal,2018-02-21,19:40:00,NightStreelightsOn,130,55,Yes,NoIntersection,Normal,2Vehicles-Side,12 Bd Gémy,M,43.32183372693151,5.321606339596229
201800008576,NonLethal,2018-02-21,19:35:00,NightStreelightsOn,130,55,Yes,NoIntersection,Normal,2Vehicles-BehindVehicles-Frontal,"5, LIBERATION (BOULEVARD",M,43.29799409045727,5.29840960731962
201800008578,NonLethal,2018-02-22,08:10:00,Daylight,130,55,Yes,NoIntersection,Normal,Other,"123, BOURRELY (CHEMIN DE",M,43.38468311288783,5.38562841492831
201800008580,NonLethal,2018-02-22,11:30:00,Daylight,130,55,Yes,NoIntersection,Normal,Other,"02, REPUBLIQUE (RUE DE L",M,43.29603548748511,5.296396817608961
201800008581,NonLethal,2018-02-18,12:30:00,Daylight,130,55,Yes,Y-type,Normal,2Vehicles-BehindVehicles-Frontal,"00, SIDI BRAHIM (SQUARE)",M,43.29865716745687,5.295538558389186
201800008582,NonLethal,2018-02-22,14:00:00,Daylight,130,55,Yes,NoIntersection,Normal,NoCollision,125 Chemin des Jonquille,M,43.32333350351797,5.325296217250947
201800008583,NonLethal,2018-02-23,07:30:00,Daylight,130,75,Yes,NoIntersection,Normal,2Vehicles-Side,21 Av Frédéric Mistral,M,43.34972293421387,5.34888927483282
201800008584,NonLethal,2018-02-23,09:50:00,Daylight,130,55,Yes,NoIntersection,Normal,2Vehicles-Behind,343 Ch de Château Gomber,M,43.35159067045206,5.349674415938923
201800008585,NonLethal,2018-02-23,14:00:00,Daylight,130,55,Yes,NoIntersection,Normal,2Vehicles-Side,161 Av de Toulon,M,43.28308449367587,5.283331094794781
201800008586,NonLethal,2018-02-23,15:10:00,Daylight,130,55,Yes,NoIntersection,Normal,2Vehicles-Behind,437 Av de Saint-Antoine,M,43.38520697824055,5.384703692712632
201800008587,NonLethal,2018-02-23,17:30:00,TwilightOrDawn,130,55,Yes,NoIntersection,Normal,3+Vehicles-Multiple,474 Av de Saint-Antoine,M,43.38473901107542,5.385434400909735
201800008588,NonLethal,2018-02-23,21:40:00,NightStreelightsOn,130,55,Yes,NoIntersection,Normal,Other,"02, FRANCIS CHIRAT (PLAC",M,43.301493996811104,5.299539371980693
201800008590,NonLethal,2018-02-24,10:30:00,Daylight,130,55,Yes,NoIntersection,LightRain,Other,1 Av Jean Bouin,M,43.26773158251285,5.268446405088796
201800008591,NonLethal,2018-02-24,14:20:00,Daylight,130,55,Yes,NoIntersection,HeavyRain,2Vehicles-Side,"218, CAILLOLS (AVENUE DE",M,43.303001469669766,5.302333351073657
201800008592,NonLethal,2018-02-24,19:30:00,NightStreelightsOn,130,55,Yes,NoIntersection,LightRain,Other,l28 Cours Lieutaud,M,43.28850768051131,5.288705060335339
201800008594,NonLethal,2018-02-25,03:00:00,NightStreelightsOn,130,55,Yes,NoIntersection,Normal,Other,8 Av Jean Lombard,M,43.29166964433342,5.289852076018974
201800008595,NonLethal,2018-02-25,06:40:00,TwilightOrDawn,130,55,No,Roundabout,LightRain,NoCollision,5 Av Arnavon,M,43.32969525191155,5.330082552546047
201800008596,NonLethal,2018-02-25,12:00:00,Daylight,130,55,Yes,NoIntersection,Normal,2Vehicles-Behind,7 Av de Lattre de Tassig,M,43.25067406682829,5.25097332696196
201800008597,NonLethal,2018-02-26,08:00:00,Daylight,130,55,Yes,Other,Normal,2Vehicles-Side,46 Bd Capitaine Gèze,M,43.33014873058346,5.330531763030379
201800008598,NonLethal,2018-02-26,13:56:00,Daylight,130,55,Yes,NoIntersection,Normal,2Vehicles-Behind,78 Traverse des Butris,M,43.300458296065415,5.297844104081646
201800008599,NonLethal,2018-02-26,17:45:00,Daylight,130,55,Yes,NoIntersection,Normal,Other,4 Bd de Dunkerque,M,43.30628617021271,5.305933745397959
201800008600,NonLethal,2018-02-27,08:30:00,Daylight,130,55,Yes,NoIntersection,Normal,2Vehicles-Behind,395 Bd Michelet,M,43.25444920251035,5.254930310481472
201800008602,NonLethal,2018-02-27,08:25:00,Daylight,130,2,Yes,T-type,Normal,2Vehicles-Side,Av G de Gaulle,M,43.34100795537419,5.340397779557824
201800008603,NonLethal,2018-02-27,11:30:00,Daylight,130,55,Yes,T-type,Normal,2Vehicles-Side,Montée de Saint-Menet,M,43.29244610939087,5.2940483055353145
201800008604,NonLethal,2018-02-27,14:35:00,Daylight,130,55,Yes,NoIntersection,Normal,Other,47 Bd des Dames,M,43.303523000329015,5.3028410829600725
201800008605,NonLethal,2018-02-27,13:00:00,Daylight,130,55,Yes,NoIntersection,Normal,2Vehicles-Side,"30, TROIS LUCS (AVENUE D",M,43.31025899593263,5.309072926413279
201800008606,NonLethal,2018-02-26,13:30:00,Daylight,130,55,Yes,NoIntersection,Normal,2Vehicles-Behind,26 Rue Aviateur le Brix,M,43.26191126630764,5.261756898482526
201800008607,NonLethal,2018-02-27,17:50:00,Daylight,130,55,Yes,T-type,Normal,Other,"27, CAPELETTE (AVENUE DE",M,43.28255555950991,5.282696715705877
201800008608,NonLethal,2018-02-27,18:40:00,NightStreelightsOn,130,55,Yes,NoIntersection,Normal,2Vehicles-Side,2 Rue de la Maurelle,M,43.32155768388474,5.320683364134787
201800008609,NonLethal,2018-02-27,21:50:00,NightStreelightsOn,130,55,Yes,X-type,Normal,2Vehicles-Side,143 Bd Rabatau,M,43.28096176678414,5.2773032470167465
201800008610,NonLethal,2018-02-28,08:20:00,Daylight,130,55,Yes,T-type,Normal,2Vehicles-Side,300 Bd Michelet,M,43.25947116770247,5.259470312111207
201800008611,NonLethal,2018-02-28,07:30:00,Daylight,130,55,Yes,NoIntersection,Normal,3+Vehicles-Chain,"79, ROMAIN ROLLAND (BOUL",M,43.27905583789365,5.277687864871075
201800008612,NonLethal,2018-02-28,11:55:00,Daylight,130,55,Yes,Other,Normal,Other,102 Av Camille Pelletan,M,43.30832237502365,5.308027767442108
201800008615,NonLethal,2018-02-28,17:45:00,TwilightOrDawn,130,55,Yes,NoIntersection,Normal,2Vehicles-Side,437 Av du Prado,M,43.26792470074512,5.266024449460874
201800008617,NonLethal,2018-02-28,19:40:00,NightStreelightsOn,130,75,Yes,NoIntersection,LightRain,2Vehicles-BehindVehicles-Frontal,"00, FRDRIC CHEVILLON (",M,43.34710964670211,5.345255169344959
201800008618,NonLethal,2018-01-03,05:00:00,NightStreelightsOn,130,55,Yes,NoIntersection,Normal,2Vehicles-Side,"165, RABATAU (BOULEVARD)",M,43.27911427213266,5.279960519374595
201800008620,NonLethal,2018-01-03,11:40:00,Daylight,130,55,Yes,NoIntersection,Normal,Other,"96, RABATAU (BOULEVARD)",M,43.27784018759806,5.277061648516466
201800008621,NonLethal,2018-01-03,16:45:00,Daylight,130,55,Yes,LevelCrossing,Normal,Other,37 Av Roger Salengro,M,43.31156623324976,5.311642079816238
201800008622,NonLethal,2018-03-01,18:15:00,Daylight,130,55,Yes,T-type,Normal,2Vehicles-BehindVehicles-Frontal,"0, BARRE (TRAVERSE DE LA",M,43.30577742055748,5.304712948234964
201800008623,NonLethal,2018-02-03,13:50:00,Daylight,130,55,Yes,NoIntersection,Normal,2Vehicles-Behind,103 Av des Caillols,M,43.30347007930876,5.302299389795998
201800008624,NonLethal,2018-02-03,16:10:00,Daylight,130,55,Yes,NoIntersection,VeryGood,Other,"11, MENARD (PIERRE) (BOU",M,43.2915499965259,5.290971096069241
201800008625,NonLethal,2018-02-03,15:30:00,Daylight,130,55,Yes,NoIntersection,Normal,2Vehicles-Side,138 Ch de Morgiou,M,43.24120352511726,5.239162537246341
201800008626,NonLethal,2018-03-03,12:20:00,Daylight,130,75,Yes,NoIntersection,Normal,3+Vehicles-Multiple,RP de l'olivier,M,43.34366387469987,5.344110715340356
201800008627,NonLethal,2018-03-03,17:00:00,TwilightOrDawn,130,55,Yes,NoIntersection,Normal,Other,1 Av Bonneveine,M,43.2560336854794,5.254126038136034
201800008628,NonLethal,2018-03-03,20:45:00,NightStreelightsOn,130,55,Yes,NoIntersection,Normal,NoCollision,220 Av des Caillols,M,43.30259179484285,5.302682384925369
201800008630,NonLethal,2018-04-03,14:50:00,Daylight,130,55,Yes,X-type,LightRain,Other,60 Bd Voltaire,M,43.303303798298906,5.303523100100755
201800008631,NonLethal,2018-03-04,16:45:00,Daylight,130,55,Yes,Roundabout,Normal,2Vehicles-Side,Place Louis Bonnefon,M,43.25525832140331,5.254348621805419
201800008632,NonLethal,2018-01-03,20:30:00,NightStreelightsOn,130,55,Yes,T-type,Normal,2Vehicles-Side,60 Bld Lavéran,M,43.32935471168892,5.3272507264219096
201800008633,NonLethal,2018-03-04,15:30:00,Daylight,130,55,Yes,NoIntersection,Normal,2Vehicles-Behind,Avenue Louis Regis,M,43.289123293446806,5.289638351786044
201800008634,NonLethal,2018-03-05,01:30:00,NightStreelightsOn,130,55,Yes,NoIntersection,LightRain,NoCollision,16 Montée Commandant de,M,43.290434243835705,5.288046112072105
201800008635,NonLethal,2018-03-05,08:50:00,Daylight,130,2,No,NoIntersection,Normal,Other,345 Rue Etienne Cucca,M,43.3602019212418,5.361158099416249
201800008637,NonLethal,2018-05-03,17:00:00,Daylight,130,55,Yes,NoIntersection,LightRain,NoCollision,SAINT MENET (AVENUE DE),M,43.29118904351149,5.291321503895247
201800008638,NonLethal,2018-05-03,18:02:00,TwilightOrDawn,130,55,Yes,NoIntersection,LightRain,NoCollision,7 Av des Aygalades,M,43.330916103609965,5.332643210063109
201800008639,NonLethal,2018-05-03,22:00:00,NightStreelightsOn,130,55,Yes,Roundabout,LightRain,Other,"387, NATIONAL (BOULEVARD",M,43.31447977038429,5.31284193538756
201800008640,NonLethal,2018-06-03,17:40:00,TwilightOrDawn,130,55,Yes,NoIntersection,Normal,2Vehicles-Side,"OO, SALVADOR ALLENDE (RU",M,43.3321876295748,5.32950054375293
201800008641,NonLethal,2018-07-03,12:00:00,Daylight,130,55,Yes,NoIntersection,Normal,3+Vehicles-Chain,191 Bd de la Valbarelle,M,43.28797044672034,5.288531034288484
201800008642,NonLethal,2018-07-03,15:30:00,Daylight,130,55,Yes,NoIntersection,Normal,2Vehicles-Behind,165 Traverse de la Marti,M,43.29897136582544,5.3003306032683
201800008643,NonLethal,2018-03-08,00:10:00,NightStreelightsOn,130,55,Yes,NoIntersection,Normal,Other,"295, LYON (RUE DE)",M,43.33615926171999,5.335904027621039
201800008645,NonLethal,2018-08-03,13:05:00,Daylight,130,55,Yes,NoIntersection,Normal,2Vehicles-Side,270 Bd Danielle Casanova,M,43.33498391020404,5.334387346601161
201800008646,NonLethal,2018-08-03,14:10:00,Daylight,130,55,Yes,NoIntersection,Normal,2Vehicles-Side,Rond-Point Pierre Paraf,M,43.33125125313445,5.331138226549313
201800008647,NonLethal,2018-09-03,13:30:00,Daylight,130,55,Yes,NoIntersection,Normal,Other,36 Av Florian,M,43.283499702329216,5.282273268621426
201800008648,NonLethal,2018-03-09,14:45:00,Daylight,130,55,Yes,T-type,Normal,2Vehicles-Side,"1, IENA (RUE D')",M,43.28419590853298,5.285403561554427
201800008649,NonLethal,2018-10-03,00:10:00,NightStreelightsOn,130,55,Yes,Roundabout,Normal,2Vehicles-Side,Avenue des Caillols,M,43.30417363934093,5.304926922004588
201800008650,NonLethal,2018-10-03,16:15:00,Daylight,130,55,Yes,T-type,Normal,2Vehicles-BehindVehicles-Frontal,211 Bd Romain Rolland,M,43.27461116307636,5.274723953833934