AccidentId,Gravity,Date,Hour,Light,Department,Commune,InAgglomeration,IntersectionType,Weather,CollisionType,PostalAddress,GPSCode,Latitude,Longitude
201800008651,NonLethal,2018-10-03,12:30:00,Daylight,130,55,Yes,NoIntersection,Normal,Other,"85, SAINT LOUP (BOULEVAR",M,43.28153779093518,5.281712079584133
201800008652,NonLethal,2018-03-10,16:45:00,Daylight,130,55,Yes,Roundabout,Normal,NoCollision,Sormiou Roy d'Espagne,M,43.23451473582225,5.2360385096506
201800008653,NonLethal,2018-03-10,15:20:00,Daylight,130,55,Yes,NoIntersection,Normal,2Vehicles-Behind,Avenue ODESSA,M,43.24189666500744,5.242915696431748
201800008654,NonLethal,2018-11-03,10:45:00,Daylight,130,55,Yes,T-type,Normal,2Vehicles-Side,"00, CHARTREUX (AVENUE DE",M,43.307852996561984,5.308762503640559
201800008656,NonLethal,2018-12-03,15:00:00,Daylight,130,55,Yes,NoIntersection,Normal,Other,22 Av de la Croix Rouge,M,43.33100985575716,5.330467999707545
201800008657,NonLethal,2018-03-12,15:30:00,Daylight,130,55,Yes,Roundabout,Normal,2Vehicles-Behind,254 Av des Peintres Roux,M,43.297499288348405,5.296710456764595
201800008658,NonLethal,2018-03-12,17:30:00,Daylight,130,55,Yes,NoIntersection,Normal,Other,"15, CHUTES LAVI (AVENUE)",M,43.31264311560235,5.312650415965546
201800008659,NonLethal,2018-03-12,09:45:00,Daylight,130,55,Yes,X-type,Normal,Other,"28, PADOUANE (BD DE LA )",M,43.351257147969925,5.353058804153349
201800008660,NonLethal,2018-03-13,08:30:00,Daylight,130,55,Yes,T-type,Normal,2Vehicles-Side,"129, OLIVES (AVENUE DES)",M,43.327317963858405,5.324343719314079
201800008661,NonLethal,2018-03-13,09:50:00,Daylight,130,55,Yes,X-type,Normal,3+Vehicles-Multiple,43 Rue Dr Escat,M,43.28401939246543,5.283830922914196
201800008662,NonLethal,2018-03-13,17:00:00,Daylight,130,55,Yes,NoIntersection,Normal,2Vehicles-Side,"62, PIERRE DOIZE  (RUE)",M,43.28021734665835,5.279405754496418
201800008663,NonLethal,2018-03-13,21:00:00,NightStreelightsOn,130,55,Yes,NoIntersection,Normal,Other,32 Rue Maréchal Fayolle,M,43.30190559014592,5.301733641252024
201800008664,NonLethal,2018-03-14,00:05:00,NightStreelightsOn,130,55,Yes,NoIntersection,Normal,2Vehicles-Side,"256, ROGER SALENGRO (AVE",M,43.31971053698141,5.321678950683823
201800008665,NonLethal,2018-03-14,12:00:00,Daylight,130,55,Yes,T-type,Normal,2Vehicles-Side,PEYSSONNEL (RUE),M,43.30770111861491,5.307559414497835
201800008666,NonLethal,2018-03-14,12:15:00,Daylight,130,55,Yes,NoIntersection,Normal,2Vehicles-Side,"25, SABLIER (BOULEVARD D",M,43.25424448856857,5.2513109056549325
201800008667,NonLethal,2018-02-22,11:45:00,Daylight,130,55,Yes,NoIntersection,Normal,2Vehicles-Side,"8, ATHENES (BOULEVARD D'",M,43.300440228068176,5.301460207854604
201800008668,NonLethal,2018-03-14,16:39:00,Daylight,130,55,Yes,X-type,Normal,2Vehicles-Side,ST JOSEPH A STE MART,M,43.34636197742848,5.344107891072998
201800008670,NonLethal,2018-03-15,09:50:00,Daylight,130,55,Yes,NoIntersection,LightRain,Other,4 Bd Baille,M,43.28614117285655,5.28760141539092
201800008671,NonLethal,2018-03-15,08:30:00,Daylight,130,75,Yes,X-type,LightRain,2Vehicles-Side,"00, ANDRE MALRAUX (BD)",M,43.345726038103486,5.346178734826971
201800008672,NonLethal,2018-02-15,13:15:00,Daylight,130,55,Yes,NoIntersection,Overcast,2Vehicles-Behind,4 Av de la Corse,M,43.29016201091155,5.290395485694059
201800008673,NonLethal,2018-03-15,12:30:00,Daylight,130,55,Yes,NoIntersection,HeavyRain,Other,"112, HAMBOURG (BOULEVARD",M,43.24933062299306,5.249170491458378
201800008674,NonLethal,2018-03-15,15:35:00,Daylight,130,55,Yes,NoIntersection,Normal,Other,"00, FRANCOISE DUPARC (BO",M,43.31088133726973,5.309198691106259
201800008675,NonLethal,2018-03-15,19:19:00,NightStreelightsOn,130,55,Yes,X-type,Normal,2Vehicles-Behind,"45, MAURIAC (RUE)",M,43.27635386543381,5.277017057226
201800008676,NonLethal,2018-03-16,00:05:00,NightStreelightsOn,130,55,Yes,NoIntersection,Normal,Other,8 Rue des Catalans,M,43.29189701326128,5.288465881549019
201800008678,NonLethal,2018-03-16,08:30:00,Daylight,130,55,Yes,NoIntersection,Normal,Other,73 Av de la Capelette,M,43.28204113338767,5.281809937093192
201800008679,NonLethal,2018-03-16,08:00:00,Daylight,130,55,Yes,NoIntersection,Normal,Other,"422, PRADO (Avenue du)",M,43.26479016747336,5.264077320016985
201800008681,NonLethal,2018-03-16,12:20:00,Daylight,130,55,Yes,X-type,Normal,2Vehicles-Behind,"8, DESAUTEL (AVENUE)",M,43.25342273105098,5.252959277489461
201800008682,NonLethal,2018-03-16,13:18:00,Daylight,130,55,Yes,NoIntersection,Normal,Other,38 Av des Caillols,M,43.30421877006972,5.304576549882359
201800008683,NonLethal,2018-03-16,15:00:00,Daylight,130,55,Yes,NoIntersection,Normal,2Vehicles-Behind,"00, CHARLES LIVON (BOULE",M,43.29166777876576,5.293217130767214
201800008684,NonLethal,2018-03-16,17:30:00,Daylight,130,55,Yes,T-type,Normal,Other,98 Bd de la Blancarde,M,43.30391731617034,5.304210491212117
201800008685,NonLethal,2018-03-16,14:50:00,Daylight,130,55,Yes,X-type,Normal,Other,"00, SAINT JACQUES (RUE)",M,43.28837926414025,5.290270432882393
201800008686,NonLethal,2018-03-16,20:13:00,NightStreelightsOn,130,55,Yes,T-type,Normal,2Vehicles-Side,"00, FIFI TURIN (RUE)",M,43.27966725162671,5.277576038330695
201800008687,NonLethal,2018-03-16,20:17:00,NightStreelightsOn,130,55,Yes,T-type,Normal,2Vehicles-Behind,57 Route Léon Lachamp,M,43.24626093247536,5.246797809055503
201800008688,NonLethal,2018-03-16,22:00:00,NightStreelightsOn,130,55,Yes,NoIntersection,Overcast,2Vehicles-Behind,"399, PARADIS (RUE)",M,43.27524542093607,5.273902269935933
201800008689,NonLethal,2018-03-17,09:35:00,Daylight,130,55,Yes,NoIntersection,Normal,2Vehicles-Side,410 Av de Montolivet,M,43.3150426956971,5.317393779750998
201800008690,NonLethal,2018-03-17,12:30:00,Daylight,130,55,Yes,X-type,Normal,2Vehicles-Side,"5, BEL AIR (RUE)",M,43.2890756263383,5.288396737562147
201800008692,NonLethal,2018-03-17,19:00:00,Daylight,130,55,Yes,T-type,Normal,2Vehicles-Side,"10, GUSTAVE GANAY (BOULE",M,43.26575648461727,5.267911556855964
201800008693,NonLethal,2018-03-17,20:50:00,NightStreelightsOn,130,55,Yes,X-type,Normal,2Vehicles-Side,148 Rue du Rouet,M,43.27812816808203,5.27908688911392
201800008694,NonLethal,2018-03-17,21:30:00,NightStreelightsOn,130,55,Yes,NoIntersection,Normal,2Vehicles-Side,"112, WILLIAM BOOTH (AVEN",M,43.29660972631666,5.296108215791578
201800008696,NonLethal,2018-03-18,17:55:00,TwilightOrDawn,130,55,Yes,NoIntersection,Overcast,Other,"32, AUPHAN (RUE)",M,43.31866965173548,5.316792707096958
201800008697,NonLethal,2018-05-21,20:05:00,TwilightOrDawn,130,55,Yes,T-type,Normal,2Vehicles-Side,MAZARGUES (AVENUE DE),M,43.266923049373226,5.268105613413998
201800008698,NonLethal,2018-03-18,19:40:00,TwilightOrDawn,130,55,Yes,T-type,Normal,2Vehicles-Side,130  RABATAU (BOULEVARD),M,43.27920439472482,5.279557795147923
201800008699,NonLethal,2018-03-19,09:15:00,Daylight,130,55,Yes,T-type,Normal,2Vehicles-Behind,"73, SAINT MARCEL (BOULEV",M,43.28942001935408,5.290249827733093
201800008700,NonLethal,2018-03-19,17:30:00,Daylight,130,55,Yes,T-type,Normal,2Vehicles-Side,65 Av du Merlan,M,43.33820967968038,5.336540723474159
201800008701,NonLethal,2018-03-20,08:05:00,Daylight,130,55,Yes,X-type,Normal,2Vehicles-Side,"00, ITALIE (RUE D')",M,43.28793390180497,5.287962871115949
201800008702,NonLethal,2018-03-20,14:25:00,Daylight,130,55,Yes,NoIntersection,Normal,2Vehicles-Side,"738, LITTORAL (CHEMIN DU",M,43.358621538386274,5.359694932902291
201800008703,NonLethal,2018-03-20,17:00:00,Daylight,130,55,Yes,NoIntersection,Normal,3+Vehicles-Chain,485 Av du Prado,M,43.26473367377681,5.266861280605736
201800008705,NonLethal,2018-03-20,22:45:00,NightStreelightsOn,130,55,Yes,NoIntersection,Normal,NoCollision,"58, WILLIAM BOOTH (AVENU",M,43.29419512983046,5.293567010305058
201800008706,NonLethal,2018-03-21,12:00:00,Daylight,130,55,Yes,NoIntersection,Normal,Other,6 Traverse de Gibraltar,M,43.31581342095807,5.315156181525605
201800008707,NonLethal,2018-03-21,12:10:00,Daylight,130,55,Yes,Other,Normal,2Vehicles-Side,56 Bd Notre Dame,M,43.28769500974787,5.287489733134774
201800008708,NonLethal,2018-03-21,19:00:00,NightStreelightsOn,130,55,Yes,NoIntersection,Normal,3+Vehicles-Multiple,"28, ST JOSEPH A STE MART",M,43.34063162281377,5.340242810105733
201800008709,NonLethal,2018-03-21,10:30:00,TwilightOrDawn,130,55,Yes,T-type,SnowOrHail,2Vehicles-Side,RTE D' ALLAUCH,M,43.30895204805801,5.310579243742266
201800008710,NonLethal,2018-03-22,07:10:00,NightStreelightsOn,130,55,Yes,NoIntersection,Normal,2Vehicles-BehindVehicles-Frontal,"7, BONNETERIE (RUE)",M,43.2972484822728,5.296761067499531
201800008711,NonLethal,2018-03-22,09:20:00,Daylight,130,55,Yes,NoIntersection,Normal,2Vehicles-BehindVehicles-Frontal,"17, ALEX ANSALDI (RUE)",M,43.33730035091658,5.33508836992222
201800008712,NonLethal,2018-03-22,13:30:00,Daylight,130,55,Yes,X-type,Normal,2Vehicles-BehindVehicles-Frontal,GOUFFE (COURS),M,43.2872309977416,5.28714324319469
201800008713,NonLethal,2018-03-22,14:15:00,Daylight,130,55,Yes,NoIntersection,Normal,2Vehicles-Side,5 Quai de Rive Neuve,M,43.29157598117401,5.294200852789949
201800008715,NonLethal,2018-03-22,18:00:00,Daylight,130,55,Yes,NoIntersection,Normal,NoCollision,"585, SAINT PIERRE (RUE)",M,43.2907170475951,5.291680048202472
201800008716,NonLethal,2018-03-23,09:00:00,Daylight,130,55,Yes,NoIntersection,Normal,2Vehicles-Behind,"123, COMMANDERIE (CHEMIN",M,43.3454955597534,5.343997624074053
201800008717,NonLethal,2018-03-23,09:00:00,TwilightOrDawn,130,55,Yes,NoIntersection,Normal,2Vehicles-Side,"161, MARCHAL DE LATTRE",M,43.24659804759676,5.245695231800664
201800008718,NonLethal,2018-03-23,08:40:00,Daylight,130,55,Yes,T-type,Normal,2Vehicles-Side,"121, MAZARGUES (AVENUE D",M,43.26696842484295,5.268270820458706
201800008720,NonLethal,2018-03-23,14:30:00,Daylight,130,55,Yes,X-type,Normal,2Vehicles-Side,JEANNE D'ARC (BOULEV,M,43.2932940708548,5.294072410567163
201800008721,NonLethal,2018-03-23,18:00:00,Daylight,130,55,Yes,NoIntersection,Normal,2Vehicles-BehindVehicles-Frontal,"122, CHARTREUX (AVENUE D",M,43.30646888588394,5.307800691418889
201800008722,NonLethal,2018-03-23,20:15:00,NightStreelightsOn,130,55,Yes,T-type,Normal,3+Vehicles-Multiple,"00, MADRAGUE VILLE (chem",M,43.327486669187536,5.326690294117975
201800008723,NonLethal,2018-03-23,22:00:00,NightStreelightsOn,130,55,Yes,NoIntersection,Normal,2Vehicles-Behind,2 Av Talabot,M,43.26759367614753,5.269858634846144
201800008725,NonLethal,2018-03-24,13:20:00,Daylight,130,55,Yes,T-type,Normal,2Vehicles-Side,89 Rue du Dr Cauvin,M,43.29739732769015,5.299054003243441
201800008726,NonLethal,2018-03-24,14:10:00,Daylight,130,55,Yes,T-type,Normal,Other,"202, VALBARELLE (BOULEVA",M,43.28874802216628,5.289534598221576
201800008727,NonLethal,2018-03-19,11:30:00,Daylight,130,55,Yes,NoIntersection,Normal,Other,"9, LAZARET (QUAI DU)",M,43.30611019080928,5.30431100161452
201800008728,NonLethal,2018-03-24,19:00:00,NightStreelightsOn,130,55,Yes,NoIntersection,Normal,2Vehicles-Side,41 Rue Pierre Doize,M,43.28256152210329,5.279603074737227
201800008729,NonLethal,2018-03-24,21:15:00,NightStreelightsOn,130,55,Yes,Other,Normal,2Vehicles-Side,"99, AUGUSTIN AUBERT (RUE",M,43.26683565377104,5.264569718156976
201800008731,NonLethal,2018-03-25,17:20:00,Daylight,130,55,Yes,T-type,Normal,2Vehicles-BehindVehicles-Frontal,"6, RAOUL BUSQUET (RUE)",M,43.28620853446637,5.284764398852019
201800008732,NonLethal,2018-03-25,18:30:00,Daylight,130,55,Yes,NoIntersection,Normal,3+Vehicles-Multiple,332 Av des Poilus,M,43.31331101560272,5.313101825853884
201800008733,NonLethal,2018-03-26,07:30:00,Daylight,130,55,Yes,T-type,Normal,2Vehicles-Side,"7, SERY (TRAVERSE)",M,43.31493813932507,5.312526236590546
201800008734,NonLethal,2018-03-26,07:42:00,Daylight,130,55,Yes,NoIntersection,Normal,2Vehicles-Behind,"176, SAINT LOUP (BOULEVA",M,43.284115058317234,5.283545225666628
201800008735,NonLethal,2018-03-26,07:45:00,Daylight,130,55,Yes,NoIntersection,Normal,2Vehicles-Behind,JEAN PAUL SARTRE (AVENUE,M,43.32666178159106,5.324891585979987
201800008736,NonLethal,2018-03-26,14:10:00,Daylight,130,55,Yes,NoIntersection,Normal,2Vehicles-Side,16 Bd Gustave Ganay,M,43.266805296012656,5.267213312734738
201800008737,NonLethal,2018-03-26,18:10:00,Daylight,130,55,Yes,T-type,Normal,2Vehicles-Side,"Bd du Cabot,",M,43.25873048874341,5.260838754396976
201800008738,NonLethal,2018-03-26,17:15:00,Daylight,130,55,Yes,NoIntersection,Normal,3+Vehicles-Chain,"36, PLOMBIERES (BOULEVAR",M,43.31597958232417,5.316617319457048
201800008739,NonLethal,2018-03-26,22:20:00,NightStreelightsOn,130,55,Yes,NoIntersection,Normal,2Vehicles-BehindVehicles-Frontal,"107, LODI (RUE DE)",M,43.28772325625814,5.289304660465616
201800008742,NonLethal,2018-03-27,14:30:00,Daylight,130,55,Yes,Other,Normal,2Vehicles-Side,"19, DELPHES (AVENUE DE)",M,43.28389411808119,5.284716207180593
201800008743,NonLethal,2018-03-27,15:10:00,Daylight,130,55,Yes,Roundabout,Normal,2Vehicles-Side,"168, SAINT MENET AVENUE",M,43.28779833926578,5.287699087466394
201800008744,NonLethal,2018-03-27,16:30:00,Daylight,130,55,Yes,X-type,Normal,2Vehicles-Side,"00, BRUYS (RUE DE)",M,43.29701758028806,5.296516950708703
201800008745,NonLethal,2018-03-27,19:20:00,Daylight,130,55,Yes,NoIntersection,Normal,Other,24 Bd des Dames,M,43.300396310373806,5.303731556237877
201800008746,NonLethal,2018-03-27,19:05:00,TwilightOrDawn,130,55,Yes,NoIntersection,Normal,2Vehicles-Side,"316, OLIVES (AVENUE DES)",M,43.32301096744709,5.322351417562922
201800008747,NonLethal,2018-03-28,22:40:00,NightStreelightsOn,130,55,Yes,NoIntersection,Normal,2Vehicles-Side,"2l, SAINTE MARTHE (chemi",M,43.31851358785798,5.316669410212406
201800008748,NonLethal,2018-03-28,01:55:00,NightStreelightsOn,130,55,Yes,Roundabout,Normal,Other,"00, SORMIOU (CHEMIN DE)",M,43.23534503845995,5.236242329678578
201800008749,NonLethal,2018-03-28,13:15:00,Daylight,130,55,Yes,NoIntersection,Normal,2Vehicles-Side,"65, ACCATES (CHEMIN DES)",M,43.299678791135335,5.303641125872376
201800008750,NonLethal,2018-03-28,12:10:00,Daylight,130,55,Yes,NoIntersection,Normal,Other,"126, PRADO (AVENUE DU)",M,43.27956268945628,5.280262156707135
201800008751,NonLethal,2018-03-28,15:10:00,Daylight,130,55,Yes,NoIntersection,Normal,2Vehicles-Behind,SAINT ANTOINE A SAINT JO,M,43.352719048643394,5.354442516931341
201800008752,NonLethal,2018-03-28,18:45:00,Daylight,130,55,Yes,NoIntersection,Normal,Other,110 Bd Oddo,M,43.3313342497212,5.329028368266269
201800008753,NonLethal,2018-03-28,22:45:00,NightStreelightsOn,130,55,Yes,NoIntersection,Normal,2Vehicles-Side,"134, SAINTE MARTHE (chem",M,43.32534310018134,5.325552473284863
201800008754,NonLethal,2018-03-28,10:15:00,Daylight,130,55,Yes,NoIntersection,Normal,2Vehicles-Behind,72 Bd Jean Moulin,M,43.2911279034927,5.29033871748737
201800008755,NonLethal,2018-03-29,13:38:00,Daylight,130,55,Yes,NoIntersection,Normal,2Vehicles-Side,St Pierre Petite Porte,M,43.28927615288515,5.289501237640617
201800008757,NonLethal,2018-03-29,18:15:00,Daylight,130,55,Yes,NoIntersection,Normal,2Vehicles-Side,"00, LOUIS REGIS (RUE)",M,43.29067929709759,5.28751844359825
201800008758,NonLethal,2018-03-30,00:20:00,NightStreelightsOn,130,55,Yes,NoIntersection,Normal,2Vehicles-Behind,"8, SAINT JOSEPH A SAINT",M,43.35054539916005,5.347759451417243
201800008759,NonLethal,2018-03-30,00:55:00,NightStreelightsOn,130,55,Yes,NoIntersection,Normal,2Vehicles-Behind,"349, ROMAIN ROLLAND (BOU",M,43.27064849805788,5.27183674832526
201800008760,NonLethal,2018-03-29,23:30:00,NightStreelightsOn,130,55,Yes,NoIntersection,Normal,2Vehicles-Behind,"2, PAUL PEYTRAL (BOULEVA",M,43.29056451413438,5.2899643806624
201800008761,NonLethal,2018-03-30,09:10:00,Daylight,130,55,Yes,NoIntersection,Overcast,Other,"00, COL DE LA GINESTE D5",M,43.24036420792235,5.239613373211331
201800008762,NonLethal,2018-03-30,11:00:00,Daylight,130,75,Yes,Roundabout,Normal,2Vehicles-Side,"4C, GENERAL DE GAULLE (M",M,43.34335575936458,5.343758013864951
201800008763,NonLethal,2018-03-30,13:15:00,Daylight,130,55,Yes,NoIntersection,Normal,2Vehicles-Behind,"56, CAPITAINE GEZE (BOUL",M,43.33086794025106,5.332663672406686
201800008764,NonLethal,2018-03-30,16:33:00,Daylight,130,55,Yes,NoIntersection,Normal,2Vehicles-Side,72 Bd Simon Bolivar,M,43.345707316648856,5.3457581901336
201800008765,NonLethal,2018-03-30,19:50:00,TwilightOrDawn,130,55,No,NoIntersection,Normal,2Vehicles-Side,9 Allée de la Rouguière,M,43.29482562664733,5.295323547563969
201800008766,NonLethal,2018-03-31,09:35:00,Daylight,130,55,Yes,NoIntersection,Normal,2Vehicles-Behind,"23, AIGUILLETTE (RUE DE",M,43.312799607947404,5.313492480736794
201800008767,NonLethal,2018-03-31,11:25:00,Daylight,130,55,Yes,NoIntersection,Normal,2Vehicles-Side,"43, pointe rouge (ave)",M,43.24763508023558,5.249789819200668
201800008768,NonLethal,2018-03-31,16:15:00,Daylight,130,55,Yes,NoIntersection,Normal,Other,"339, Corniche John Fitzg",M,43.27211612280425,5.272780379501475
201800008769,NonLethal,2018-03-31,18:10:00,Daylight,130,55,Yes,NoIntersection,Normal,3+Vehicles-Chain,6 Bd de la Cartonnerie,M,43.29375159871798,5.291201826257548
201800008770,NonLethal,2018-01-04,11:20:00,Daylight,130,55,Yes,Y-type,Normal,2Vehicles-Side,Bd. de VALDONNE,M,43.32444709966175,5.3245870776197926
201800008771,NonLethal,2018-01-04,17:00:00,Daylight,130,55,Yes,NoIntersection,Normal,2Vehicles-Side,1 Bd Charles Livon,M,43.29185939190254,5.292716951541013
201800008772,NonLethal,2018-04-01,15:30:00,Daylight,130,55,Yes,NoIntersection,Normal,Other,La Rouvière,M,43.25387666181903,5.253015565036745
201800008773,NonLethal,2018-01-04,16:30:00,Daylight,130,55,Yes,Other,Normal,NoCollision,SAINT ANTOINE (AVENUE DE,M,43.36638950358835,5.366071043733314
201800008774,NonLethal,2018-04-01,18:50:00,Daylight,130,55,Yes,T-type,Normal,2Vehicles-Side,BAILLE (BOULEVARD),M,43.28606052258655,5.285400945442738
201800008775,NonLethal,2018-04-01,20:50:00,NightStreelightsOn,130,55,Yes,T-type,Normal,2Vehicles-Side,FRANOISE DUPARC (BOULEV,M,43.30169893011544,5.301394010982927
201800008776,NonLethal,2018-02-04,02:55:00,NightStreelightsOn,130,55,Yes,NoIntersection,Normal,Other,1 Bd du Chalet,M,43.23635429837637,5.236069755504497
201800008777,NonLethal,2018-02-04,09:15:00,Daylight,130,55,Yes,NoIntersection,Normal,2Vehicles-Side,82 Av. Jean Lombard,M,43.28898006593741,5.288783438317375
201800008779,NonLethal,2018-04-02,15:10:00,Daylight,130,55,Yes,NoIntersection,Normal,2Vehicles-Behind,PRADO (AVENUE DU),M,43.27706797250371,5.279933131241039
201800008780,NonLethal,2018-03-04,09:00:00,Daylight,130,55,Yes,NoIntersection,Normal,2Vehicles-Side,40 Bd Françoise Duparc,M,43.30132326021065,5.301683487644593
201800008782,NonLethal,2018-03-04,09:11:00,Daylight,130,55,Yes,NoIntersection,Normal,Other,HAMBOURG (BOULEVARD),M,43.25467907796829,5.254628650218373
201800008783,NonLethal,2018-04-03,13:00:00,Daylight,130,55,Yes,T-type,Normal,2Vehicles-Side,Dames République,M,43.30222553636589,5.304706300962397
201800008784,NonLethal,2018-03-04,17:00:00,Daylight,130,55,Yes,NoIntersection,Normal,2Vehicles-Behind,CORPS EXPEDITIONNAIRE FR,M,43.278191703163095,5.2801091025132845
201800008786,NonLethal,2018-04-03,20:00:00,TwilightOrDawn,130,55,Yes,T-type,Normal,2Vehicles-Side,CHE DE LA COLLINE SAINT,M,43.249597784300605,5.2504149219966525
201800008787,NonLethal,2018-03-04,22:25:00,NightStreelightsOn,130,55,Yes,X-type,Normal,2Vehicles-Side,ROGER BRUN (RUE),M,43.28707826312916,5.285430544454945
201800008788,NonLethal,2018-03-04,21:15:00,NightStreelightsOn,130,55,Yes,NoIntersection,Normal,2Vehicles-Behind,PRADO (AVENUE DU),M,43.26722565618103,5.266991024345684
201800008790,NonLethal,2018-04-04,12:30:00,Daylight,130,55,Yes,X-type,Normal,2Vehicles-Side,JEAN MERMOZ (RUE),M,43.272159244226586,5.2707230466322255
201800008793,NonLethal,2018-04-04,14:00:00,Daylight,130,55,Yes,Roundabout,Normal,2Vehicles-Side,MARCEAU (PLACE),M,43.303822401300486,5.305649395498497
201800008794,NonLethal,2018-04-04,18:20:00,Daylight,130,55,Yes,Other,Normal,Other,ODDO (bd),M,43.327648535915934,5.328279902174734
201800008795,NonLethal,2018-04-05,08:25:00,Daylight,130,55,Yes,X-type,Normal,2Vehicles-Side,FELIBRES (AVENUE DES),M,43.312973793102586,5.311207575257075
201800008796,NonLethal,2018-04-05,17:50:00,Daylight,130,55,Yes,Y-type,Normal,2Vehicles-Side,Georges BRAQUE (avenue),M,43.33381051028076,5.334175165873553
201800008797,NonLethal,2018-05-04,21:30:00,NightStreelightsOn,130,55,Yes,NoIntersection,Normal,Other,66 Bd de St-Marcel,M,43.28849106209874,5.288818224308695
201800008799,NonLethal,2018-04-05,23:40:00,NightStreelightsOn,130,55,Yes,NoIntersection,Normal,2Vehicles-Behind,FRANOISE DUPARC (BOULEV,M,43.305810308854646,5.304909868441703
201800008801,NonLethal,2018-06-04,02:10:00,NightStreelightsOn,130,55,Yes,NoIntersection,Normal,2Vehicles-BehindVehicles-Frontal,39 Quai des Belges,M,43.29500400652078,5.294746458690509
201800008802,NonLethal,2018-04-06,01:30:00,NightStreelightsOn,130,55,Yes,NoIntersection,Normal,Other,62 Rue Roger Brun,M,43.28350655595409,5.285477920840055
201800008803,NonLethal,2018-04-06,07:40:00,Daylight,130,55,Yes,NoIntersection,Normal,2Vehicles-Side,OLIVES (AVENUE DES),M,43.325902357188106,5.326360612595458
201800008804,NonLethal,2018-06-04,08:10:00,Daylight,130,75,Yes,NoIntersection,Normal,2Vehicles-Behind,REPUBLIQUE (AVE DE LA),M,43.35003599699319,5.351291250008085
201800008805,NonLethal,2018-04-05,18:45:00,Daylight,130,55,Yes,NoIntersection,Normal,2Vehicles-Side,avenue Colgate,M,43.23269603699474,5.231301615724552
201800008806,NonLethal,2018-04-06,14:50:00,Daylight,130,55,Yes,X-type,Normal,2Vehicles-Side,JEAN MERMOZ (RUE),M,43.27537820205311,5.275603162155472
201800008807,NonLethal,2018-04-06,15:00:00,Daylight,130,55,Yes,NoIntersection,Normal,3+Vehicles-Chain,55 Bd du Cabot,M,43.25891617473873,5.259114780909073
201800008808,NonLethal,2018-04-05,19:30:00,Daylight,130,55,Yes,NoIntersection,Normal,Other,SAINTE MARGUERITE (BOULE,M,43.26287936159122,5.263307966925772
201800008809,NonLethal,2018-04-06,15:15:00,Daylight,130,55,Yes,NoIntersection,Normal,2Vehicles-BehindVehicles-Frontal,LE CHATELIER,M,43.34943562372226,5.348040722626826
201800008810,NonLethal,2018-04-06,13:00:00,Daylight,130,55,Yes,NoIntersection,Normal,Other,ALBERT EINSTEIN (RUE),M,43.33257337195678,5.333016279815679
201800008812,NonLethal,2018-04-06,15:40:00,Daylight,130,55,Yes,NoIntersection,Normal,Other,23 Av du Prado,M,43.28379344885423,5.286206231908332
201800008813,NonLethal,2018-04-06,16:50:00,Daylight,130,55,Yes,T-type,Normal,2Vehicles-Side,CHARLES LIVON (BOULEVARD,M,43.29090873128676,5.29151798480115
201800008814,NonLethal,2018-06-04,18:30:00,Daylight,130,55,Yes,NoIntersection,Normal,Other,41 Rue de la République,M,43.30076400377319,5.29951894869541
201800008815,NonLethal,2018-06-04,22:05:00,NightStreelightsOn,130,55,Yes,T-type,Normal,2Vehicles-Behind,ALEX. FLEMING (BOULEVARD,M,43.31709086133964,5.317211298070744
201800008818,NonLethal,2018-04-07,13:15:00,Daylight,130,55,Yes,NoIntersection,Normal,2Vehicles-Behind,ROMAIN ROLLAND (BOULEVAR,M,43.27659427033875,5.277497059603824
201800008819,NonLethal,2018-04-07,18:10:00,Daylight,130,55,Yes,NoIntersection,Normal,3+Vehicles-Chain,182 Bd Jean Moulin,M,43.28229275441898,5.284443420966427
201800008821,NonLethal,2018-04-07,23:00:00,NightStreelightsOn,130,55,Yes,X-type,Normal,Other,79 Cours Pierre Puget,M,43.29155475441687,5.288995862039792
201800008823,NonLethal,2018-03-29,06:45:00,Daylight,130,55,Yes,NoIntersection,Normal,Other,4 Bd Guillermin,M,43.33322316657433,5.33257373885039
201800008824,NonLethal,2018-08-04,12:55:00,Daylight,130,55,Yes,NoIntersection,Normal,2Vehicles-Side,SAINT PIERRE (RUE),M,43.290696675826666,5.289700287412932
201800008825,NonLethal,2018-08-04,20:56:00,TwilightOrDawn,130,55,Yes,T-type,Normal,2Vehicles-Side,47 Cours Julien,M,43.29428318562314,5.292951856006119
201800008826,NonLethal,2018-09-04,08:20:00,Daylight,130,55,Yes,NoIntersection,LightRain,2Vehicles-Side,Bd des Bassins de Radoub,M,43.32288465427368,5.322029819045992
201800008827,NonLethal,2018-04-09,12:50:00,Daylight,130,55,Yes,NoIntersection,Normal,Other,8 Allée Léon Gambetta,M,43.298926163386426,5.2985950144642455
201800008828,NonLethal,2018-09-04,17:30:00,Daylight,130,55,Yes,NoIntersection,Normal,2Vehicles-Behind,JOLIETTE (QUAI DE LA),M,43.30350246115663,5.305994580862166
201800008830,NonLethal,2018-10-04,06:10:00,NightStreelightsOn,130,55,Yes,NoIntersection,LightRain,Other,AVENUE DES AYGALADES,M,43.333999615679055,5.333553844076584
201800008831,NonLethal,2018-06-04,13:15:00,Daylight,130,55,Yes,X-type,Normal,2Vehicles-Side,Bd Françoise Duparc,M,43.30354819197725,5.303811352653866
201800008832,NonLethal,2018-10-04,12:15:00,Daylight,130,55,Yes,NoIntersection,Normal,2Vehicles-Behind,l6 Rue Sainte-Barbe,M,43.30026017795088,5.301790392535297
201800008833,NonLethal,2018-10-04,13:45:00,Daylight,130,55,Yes,X-type,Normal,2Vehicles-Side,ITALIE (RUE D'),M,43.28970700749655,5.289651588895032