AccidentId,Gravity,Date,Hour,Light,Department,Commune,InAgglomeration,IntersectionType,Weather,CollisionType,PostalAddress,GPSCode,Latitude,Longitude
201800008834,NonLethal,2018-04-10,12:45:00,Daylight,130,55,Yes,Y-type,Normal,2Vehicles-Side,SAINT MARCEL BOULEVARD,M,43.28759731049964,5.2892389743104005
201800008835,NonLethal,2018-10-04,13:55:00,Daylight,130,55,Yes,NoIntersection,Normal,3+Vehicles-Multiple,SAINT ANTOINE (AVENUE DE,M,43.37509092758903,5.374840475403943
201800008836,NonLethal,2018-04-10,13:20:00,Daylight,130,55,Yes,X-type,Normal,2Vehicles-Side,LOUIS REGIS (RUE),M,43.28879523804119,5.288750812801992
201800008838,NonLethal,2018-11-04,09:40:00,Daylight,130,55,Yes,T-type,LightRain,2Vehicles-BehindVehicles-Frontal,BENJAMIN DELESSERT (RUE),M,43.28520188373828,5.284681723366094
201800008839,NonLethal,2018-04-11,10:30:00,Daylight,130,55,Yes,NoIntersection,LightRain,2Vehicles-Behind,BONNEFOY (RUE),M,43.28003625331591,5.279819094258816
201800008840,NonLethal,2018-11-04,13:00:00,Daylight,130,55,Yes,Y-type,LightRain,2Vehicles-Side,LOUBIERE (RUE DE LA),M,43.29019906260024,5.292125630226249
201800008841,NonLethal,2018-04-11,15:05:00,Daylight,130,55,Yes,NoIntersection,HeavyRain,Other,ENDOUME (RUE D'),M,43.28502503155601,5.285101930474181
201800008842,NonLethal,2018-04-11,17:55:00,Daylight,130,55,Yes,Y-type,HeavyRain,2Vehicles-Side,VALLON DE TOULOUSE (RUE),M,43.26740747159291,5.268430460189213
201800008843,NonLethal,2018-11-04,17:30:00,Daylight,130,55,Yes,Square,HeavyRain,2Vehicles-Behind,DOCTEUR LON IMBERT (PLA,M,43.29349360026763,5.294693551238426
201800008844,NonLethal,2018-04-12,08:50:00,Daylight,130,55,Yes,NoIntersection,HeavyRain,2Vehicles-Behind,ROND-POINTALAIN SAVARY,M,43.24549995725884,5.246181668228327
201800008845,NonLethal,2018-12-04,08:25:00,Daylight,130,55,Yes,NoIntersection,HeavyRain,Other,MAZARGUES (AVENUE DE),M,43.26427209800389,5.264475179812006
201800008846,NonLethal,2018-04-12,13:50:00,Daylight,130,55,Yes,NoIntersection,Normal,2Vehicles-Behind,PARADIS (RUE),M,43.27241243630914,5.271585119673565
201800008847,NonLethal,2018-12-04,18:15:00,Daylight,130,55,Yes,NoIntersection,Normal,3+Vehicles-Chain,51 Rue Loubon,M,43.3136920213306,5.311760161513461
201800008848,NonLethal,2018-04-12,20:00:00,NightStreelightsOn,130,55,Yes,X-type,LightRain,2Vehicles-Side,ANDRE ZENATTI (AVENUE),M,43.24834499516077,5.245173754241974
201800008849,NonLethal,2018-04-13,10:50:00,Daylight,130,55,Yes,NoIntersection,Normal,2Vehicles-BehindVehicles-Frontal,188 Av de Toulon,M,43.28525377595978,5.285151956928874
201800008850,NonLethal,2018-04-13,12:15:00,Daylight,130,55,Yes,Y-type,Normal,2Vehicles-Side,REDON (BOULEVARD DU),M,43.2489942464514,5.247355776644522
201800008851,NonLethal,2018-04-13,18:00:00,Daylight,130,55,Yes,T-type,Normal,2Vehicles-Side,MADRAGUE VILLE (chemin d,M,43.332970258076,5.333689509133833
201800008852,NonLethal,2018-04-14,03:20:00,NightStreelightsOn,130,55,Yes,Roundabout,LightRain,NoCollision,Av; Peintres Roux,M,43.3049029984434,5.306265061139627
201800008853,NonLethal,2018-04-14,03:00:00,NightStreelightsOff,130,55,Yes,NoIntersection,Normal,2Vehicles-Behind,ODDO (bd),M,43.3271774528133,5.327554709914736
201800008854,NonLethal,2018-04-14,08:45:00,Daylight,130,55,Yes,NoIntersection,Normal,2Vehicles-Side,18 Av du Corps Expéditio,M,43.28173707728977,5.281043960423116
201800008856,NonLethal,2018-04-14,20:40:00,NightStreelightsOn,130,55,Yes,NoIntersection,Normal,2Vehicles-Side,VALBARELLE (BOULEVARD DE,M,43.28606161141165,5.286171532663281
201800008857,NonLethal,2018-04-15,00:40:00,NightStreelightsOn,130,55,Yes,X-type,Normal,2Vehicles-Side,BD MAURICE BOURDET,M,43.30308619518421,5.303678568198158
201800008858,NonLethal,2018-04-14,18:20:00,Daylight,130,55,Yes,NoIntersection,Overcast,2Vehicles-Behind,70 Bd de Paris,M,43.30851776487353,5.3072844354009066
201800008859,NonLethal,2018-04-15,19:15:00,Daylight,130,55,Yes,NoIntersection,Normal,Other,LA MARTINE (CHEMIN DU),M,43.37568750849973,5.375314062675207
201800008861,NonLethal,2018-04-15,19:45:00,TwilightOrDawn,130,55,Yes,X-type,Normal,Other,POMME (BOULEVARD DE LA ),M,43.29429596465471,5.295655419518638
201800008862,NonLethal,2018-04-16,01:03:00,NightStreelightsOn,130,55,Yes,X-type,Normal,2Vehicles-Side,ROBERT SCHUMANN (AVENUE),M,43.30442949679466,5.304842881211962
201800008863,NonLethal,2018-04-16,00:01:00,NightStreelightsOff,130,55,Yes,NoIntersection,Normal,2Vehicles-BehindVehicles-Frontal,chemin de la LA NERTHE,M,43.36495569986524,5.36380018593529
201800008864,NonLethal,2018-11-04,16:53:00,Daylight,130,55,Yes,X-type,HeavyRain,2Vehicles-Side,BD SAKAKINI,M,43.29789415464592,5.2972282937812025
201800008865,NonLethal,2018-04-16,15:00:00,Daylight,130,55,Yes,NoIntersection,Normal,2Vehicles-Behind,61 Rue Raymond Teisseire,M,43.27149827956021,5.271185449954184
201800008866,NonLethal,2018-04-16,18:20:00,Daylight,130,55,Yes,NoIntersection,VeryGood,2Vehicles-BehindVehicles-Frontal,ROY D'ESPAGNE (CHEMIN),M,43.24323477399651,5.243946821031332
201800008867,NonLethal,2018-04-16,19:20:00,Daylight,130,55,Yes,NoIntersection,Normal,2Vehicles-Behind,VERDILLON (RUE),M,43.275263403438,5.275109031921214
201800008868,NonLethal,2018-04-13,18:30:00,Daylight,130,55,Yes,X-type,LightRain,Other,BAILLE (BOULEVARD),M,43.290448899925245,5.289470937786457
201800008869,NonLethal,2018-04-17,09:54:00,Daylight,130,55,Yes,X-type,Normal,2Vehicles-Side,PARIS (BOULEVARD DE),M,43.30677167208693,5.307789930134737
201800008870,NonLethal,2018-04-17,10:55:00,Daylight,130,55,Yes,NoIntersection,Normal,2Vehicles-Side,8 Av. de St-Antoine,M,43.36506107286789,5.365975115746912
201800008872,NonLethal,2018-04-18,00:01:00,NightStreelightsOn,130,55,Yes,NoIntersection,Normal,Other,ROVE (ROUTE DU),M,43.36092324295089,5.359532971948443
201800008873,NonLethal,2018-04-17,15:11:00,Daylight,130,55,Yes,NoIntersection,Normal,2Vehicles-Side,SAINT ANTOINE (AVENUE DE,M,43.37511269326463,5.373862342657286
201800008876,NonLethal,2018-04-19,08:00:00,Daylight,130,55,Yes,NoIntersection,Normal,2Vehicles-Side,18 Bd des Bassins de Rad,M,43.320532662685295,5.3195217490722895
201800008877,NonLethal,2018-04-19,08:25:00,Daylight,130,55,Yes,NoIntersection,Normal,2Vehicles-Side,MIREILLE LAUZE (Bd),M,43.28695225022372,5.286945496373159
201800008878,NonLethal,2018-04-19,12:05:00,Daylight,130,55,Yes,Y-type,Normal,Other,194 Rue de Rome,M,43.28432859066374,5.284897921261276
201800008879,NonLethal,2018-04-19,08:10:00,Daylight,130,55,Yes,T-type,Normal,2Vehicles-Side,REDON (BOULEVARD DU),M,43.245977254698325,5.248338158603664
201800008880,NonLethal,2018-04-19,10:30:00,Daylight,130,55,Yes,NoIntersection,Normal,2Vehicles-Behind,95 Av Jean Lombard,M,43.29004463755247,5.288140542909441
201800008882,NonLethal,2018-04-20,05:45:00,NightStreelightsOn,130,55,Yes,NoIntersection,Normal,2Vehicles-Side,203 Av Pierre Mendès Fra,M,43.25166262781054,5.250245752206992
201800008883,NonLethal,2018-04-20,10:30:00,Daylight,130,55,Yes,NoIntersection,Normal,2Vehicles-Side,FRANOISE DUPARC (BOULEV,M,43.30207929287761,5.301431700577164
201800008884,NonLethal,2018-04-20,12:38:00,Daylight,130,55,Yes,Roundabout,Normal,2Vehicles-Behind,MILLIE MATHYS (AVENUE),M,43.36487164071073,5.364541425794863
201800008885,NonLethal,2018-04-20,18:45:00,Daylight,130,2,Yes,NoIntersection,Normal,Other,14 Av Jean Moulin,M,43.36035700340784,5.360840389996588
201800008886,NonLethal,2018-04-20,21:15:00,NightStreelightsOn,130,55,Yes,X-type,Normal,2Vehicles-Side,MARCHAL DE LATTRE (AVEN,M,43.25022616622877,5.251399799327701
201800008888,NonLethal,2018-04-21,17:30:00,Daylight,130,55,Yes,NoIntersection,Normal,Other,Corniche JFK,M,43.28014025129542,5.282569929750581
201800008889,NonLethal,2018-04-21,23:00:00,NightStreelightsOn,130,55,Yes,NoIntersection,Normal,2Vehicles-Side,141 Route Léon Lachamp,M,43.2487567471174,5.2505258733687885
201800008890,NonLethal,2018-04-17,19:22:00,Daylight,130,55,Yes,Other,Normal,2Vehicles-Side,SAINT JUST (AVENUE DE),M,,
201800008891,NonLethal,2018-04-22,06:15:00,TwilightOrDawn,130,55,Yes,X-type,Normal,2Vehicles-Side,ROGER SALENGRO (AVENUE),M,43.31659522418639,5.315712330444785
201800008892,NonLethal,2018-04-22,11:30:00,Daylight,130,55,Yes,NoIntersection,Normal,2Vehicles-Behind,53 Av. Clot Bey,M,43.260794474195386,5.260551446340486
201800008893,NonLethal,2018-04-22,08:10:00,Daylight,130,55,Yes,NoIntersection,Normal,2Vehicles-Side,PRADO (AVENUE DU),M,43.27019540285025,5.269248949874656
201800008895,NonLethal,2018-04-23,08:30:00,Daylight,130,55,Yes,Roundabout,Normal,2Vehicles-Side,PIERRE DOIZE  (RUE),M,43.278546675707325,5.2775926631549686
201800008896,NonLethal,2018-04-23,20:15:00,TwilightOrDawn,130,55,Yes,NoIntersection,Normal,2Vehicles-Side,Av; MENDES FRANCE,M,43.26017738842434,5.258528359142916
201800008897,NonLethal,2018-04-23,21:10:00,NightStreelightsOn,130,55,Yes,X-type,Normal,Other,FRANOISE DUPARC (BOULEV,M,43.3030619185192,5.304176101938106
201800008898,NonLethal,2018-04-23,23:50:00,NightStreelightsOn,130,55,Yes,NoIntersection,Normal,2Vehicles-Side,189 Corniche JFK,M,43.284150185750285,5.284313031738212
201800008899,NonLethal,2018-04-24,07:45:00,Daylight,130,55,Yes,T-type,Normal,2Vehicles-Side,1 Av Général Leclerc,M,43.30299323793388,5.304202375097279
201800008900,NonLethal,2018-04-24,09:10:00,Daylight,130,55,Yes,Other,Normal,2Vehicles-Behind,ROMAIN ROLLAND (BOULEVAR,M,43.27950991779873,5.279682353901407
201800008901,NonLethal,2018-04-23,18:40:00,Daylight,130,55,Yes,NoIntersection,Normal,2Vehicles-Behind,JEAN MOULIN (BOULEVARD),M,43.29320689507204,5.292240831527041
201800008903,NonLethal,2018-04-24,11:55:00,Daylight,130,55,Yes,NoIntersection,Normal,NoCollision,207 Route Léon Lachamp,M,43.24927121168121,5.248670988805301
201800008904,NonLethal,2018-04-24,15:15:00,Daylight,130,55,Yes,NoIntersection,Normal,2Vehicles-Behind,AVENUE DU PRADO,M,43.26274775665551,5.264783842710564
201800008905,NonLethal,2018-04-22,05:00:00,NightStreelightsOn,130,55,Yes,T-type,Normal,2Vehicles-Side,ROMAIN ROLLAND (BOULEVAR,M,43.2739579514044,5.2733042441723486
201800008906,NonLethal,2018-04-25,09:20:00,Daylight,130,55,Yes,T-type,Normal,Other,MERLAN (AVENUE),M,43.33610988155087,5.33853575629476
201800008907,NonLethal,2018-04-25,12:45:00,Daylight,130,55,Yes,NoIntersection,Normal,Other,Place Général de Gaulle,M,43.29407298110412,5.293424548873372
201800008911,NonLethal,2018-04-25,18:30:00,Daylight,130,55,Yes,NoIntersection,Normal,2Vehicles-Side,MICHELET (BOULEVARD),M,43.25326803063736,5.253728960009848
201800008913,NonLethal,2018-04-25,18:49:00,Daylight,130,55,Yes,NoIntersection,Normal,Other,141 Av de Toulon,M,43.2861913057319,5.283634442451727
201800008914,NonLethal,2018-04-25,21:15:00,NightStreelightsOn,130,55,Yes,NoIntersection,Normal,2Vehicles-BehindVehicles-Frontal,48 Rue Aviateur le Brix,M,43.25946245348916,5.261177504793141
201800008919,NonLethal,2018-04-26,08:45:00,Daylight,130,55,Yes,NoIntersection,Normal,2Vehicles-Behind,Corniche John Fitzgrald,M,43.27323975525111,5.273494886674831
201800008921,NonLethal,2018-04-27,00:01:00,NightStreelightsOn,130,55,Yes,NoIntersection,Normal,2Vehicles-Side,409 Bd Michelet,M,43.25217857974092,5.253618845392007
201800008922,NonLethal,2018-04-27,11:54:00,Daylight,130,55,Yes,NoIntersection,Normal,2Vehicles-Behind,Av Général Leclerc,M,43.3048023669822,5.305253046180771
201800008923,NonLethal,2018-04-27,16:10:00,Daylight,130,55,Yes,X-type,Normal,Other,BARRAL PROLONGE ( Bd),M,43.26206233184077,5.262780137533511
201800008924,NonLethal,2018-04-27,21:15:00,NightStreelightsOff,130,55,Yes,Other,Normal,Other,53 Allée des Tamaris,M,43.27070138994579,5.270052447247814
201800008925,NonLethal,2018-04-27,21:15:00,NightStreelightsOn,130,55,Yes,X-type,Normal,2Vehicles-BehindVehicles-Frontal,SAINT JEAN DU DESERT (CH,M,43.29463492983578,5.294043523124945
201800008927,NonLethal,2018-04-28,15:40:00,Daylight,130,55,Yes,Roundabout,Normal,2Vehicles-Side,LYON (RUE DE),M,,
201800008928,NonLethal,2018-04-28,18:35:00,Daylight,130,55,Yes,NoIntersection,Normal,Other,134 Av. du 24 Avril 1915,M,43.3089632923452,5.308382488888976
201800008929,NonLethal,2018-04-28,05:00:00,NightStreelightsOn,130,55,Yes,NoIntersection,Normal,Other,30 Rue de la Turbine,M,43.27623533209576,5.275586928769551
201800008930,NonLethal,2018-04-28,23:45:00,NightStreelightsOn,130,55,Yes,Other,Normal,2Vehicles-Side,LIEUTAUD (COURS),M,43.29259857714116,5.290132046792911
201800008931,NonLethal,2018-04-28,17:05:00,Daylight,130,55,Yes,X-type,Normal,2Vehicles-Side,MADON (RUE),M,43.29412534108334,5.294487468024913
201800008932,NonLethal,2018-04-29,12:10:00,Daylight,130,55,Yes,NoIntersection,Normal,2Vehicles-Side,10 Av A Ansaldi,M,43.33444497270793,5.333948709816682
201800008933,NonLethal,2018-04-29,09:50:00,Daylight,130,55,Yes,NoIntersection,Normal,2Vehicles-Side,75 corriche JFK,M,43.2810947729056,5.2786977551367285
201800008934,Lethal,2018-04-29,13:45:00,Daylight,130,55,Yes,NoIntersection,Overcast,2Vehicles-Side,724 Che.du Littoral,M,,
201800008935,NonLethal,2018-04-29,14:15:00,Daylight,130,55,Yes,NoIntersection,Normal,2Vehicles-Side,Bd Schloesing,M,,
201800008936,NonLethal,2018-04-29,17:42:00,Daylight,130,55,Yes,NoIntersection,LightRain,NoCollision,JEAN MOULIN (BOULEVARD),M,43.28272645355179,5.284318277402679
201800008938,NonLethal,2018-04-30,13:00:00,Daylight,130,55,Yes,NoIntersection,Normal,2Vehicles-Behind,10 Bd F Bonnefoy,M,43.27938664306167,5.279197660271573
201800008939,NonLethal,2018-04-30,17:30:00,Daylight,130,55,Yes,X-type,Normal,2Vehicles-BehindVehicles-Frontal,ALPES (BOULEVARD DES),M,43.30190481279178,5.3013248497097525
201800008940,NonLethal,2018-04-30,18:25:00,Daylight,130,55,Yes,NoIntersection,Normal,Other,6 Bd Sakakini,M,43.30022943753868,5.298581705674394
201800008941,NonLethal,2018-04-30,19:20:00,TwilightOrDawn,130,55,Yes,NoIntersection,LightRain,NoCollision,ENDOUME (RUE D'),M,43.28606367040004,5.28719997627823
201800008942,NonLethal,2018-01-05,16:00:00,Daylight,130,55,Yes,Other,Normal,2Vehicles-Side,SAKAKINI (BOULEVARD),M,43.2926029408337,5.29300779177243
201800008943,NonLethal,2018-01-05,14:20:00,Daylight,130,55,Yes,NoIntersection,Normal,Other,MARX DORMOY (RUE),M,43.30095967510966,5.302201563745054
201800008944,NonLethal,2018-01-05,23:05:00,NightStreelightsOn,130,55,Yes,NoIntersection,Normal,Other,Marcel SOULAT (allée),M,43.3251444023342,5.323621864047526
201800008945,NonLethal,2018-02-05,10:45:00,Daylight,130,55,Yes,NoIntersection,Normal,3+Vehicles-Multiple,ROMAIN ROLLAND (BOULEVAR,M,43.271014096606166,5.270492661547002
201800008946,NonLethal,2018-02-05,12:30:00,Daylight,130,55,Yes,NoIntersection,Normal,2Vehicles-Side,LA BONNAUDE (CHEMIN DE L,M,43.2561026854827,5.254006032252304
201800008947,NonLethal,2018-02-05,18:00:00,Daylight,130,55,Yes,NoIntersection,Normal,Other,MICHELET (BOULEVARD),M,43.25923322543065,5.258747142576845
201800008948,NonLethal,2018-03-05,10:00:00,Daylight,130,55,Yes,X-type,Normal,2Vehicles-Side,MARIO PAVRONE (RUE),M,43.32701726563037,5.326851004763616
201800008950,NonLethal,2018-03-05,17:20:00,Daylight,130,55,Yes,NoIntersection,Normal,Other,FRANCOISE DUPARC (BOULEV,M,43.30505476352837,5.304178887725381
201800008951,NonLethal,2018-05-03,17:10:00,Daylight,130,55,Yes,NoIntersection,Normal,2Vehicles-Side,VALBARELLE (BOULEVARD DE,M,43.28623572747015,5.287319513406289
201800008952,NonLethal,2018-05-04,11:30:00,Daylight,130,55,Yes,NoIntersection,Normal,Other,GEMY (BOULEVARD),M,43.32105462948315,5.320453293534028
201800008953,NonLethal,2018-05-04,09:30:00,Daylight,130,55,Yes,T-type,Normal,2Vehicles-BehindVehicles-Frontal,DANIEL CASANOVA (BOULEVA,M,43.324827037605104,5.324587723034499
201800008954,NonLethal,2018-05-04,12:00:00,Daylight,130,55,Yes,NoIntersection,Normal,NoCollision,CORPS EXPEDITIONNAIRE FR,M,43.27914698077901,5.280373722122738
201800008955,NonLethal,2018-05-04,12:15:00,Daylight,130,55,Yes,NoIntersection,Normal,NoCollision,MICHELET (BOULEVARD),M,43.2714751884168,5.269075056127337
201800008956,NonLethal,2018-04-05,13:20:00,Daylight,130,55,Yes,NoIntersection,Normal,Other,JARDIN ZOOLOGIQUE (Bd),M,43.30187559489524,5.301583143338664
201800008958,NonLethal,2018-05-05,01:44:00,NightStreelightsOn,130,55,Yes,X-type,Normal,2Vehicles-Side,FAUCHIER (RUE),M,43.30457046414152,5.303414698682762
201800008959,NonLethal,2018-05-05,10:50:00,Daylight,130,55,Yes,T-type,Normal,3+Vehicles-Multiple,DANIELLE CASANOVA PROLON,M,,
201800008960,NonLethal,2018-05-05,11:35:00,Daylight,130,55,Yes,NoIntersection,Normal,3+Vehicles-Multiple,LIEUTAUD (COURS)      2,M,43.29231486188272,5.294952494247167
201800008961,NonLethal,2018-05-05,16:30:00,Daylight,130,55,Yes,NoIntersection,Normal,Other,MIRABEAU (BOULEVARD),M,43.31553531437231,5.314732908204372
201800008963,NonLethal,2018-05-06,13:40:00,Daylight,130,55,Yes,NoIntersection,Normal,3+Vehicles-Multiple,CAPELETTE (AVENUE DE LA),M,43.28293822208681,5.28249040068526
201800008964,NonLethal,2018-06-05,20:00:00,Daylight,130,55,Yes,NoIntersection,Normal,2Vehicles-BehindVehicles-Frontal,AUPHAN (RUE),M,43.31730557855723,5.318180381331221
201800008965,NonLethal,2018-05-02,04:00:00,NightStreelightsOn,130,55,Yes,T-type,Normal,2Vehicles-Side,ITALIE (RUE D'),M,43.28887039113649,5.289609567734265
201800008966,NonLethal,2018-07-05,23:50:00,NightStreelightsOn,130,55,Yes,NoIntersection,Normal,Other,RABATAU (BOULEVARD),M,43.27991069759,5.280159384997068
201800008968,NonLethal,2018-05-09,11:25:00,Daylight,130,55,Yes,NoIntersection,Normal,Other,LYON (RUE de),M,43.3267439880593,5.329060430427163
201800008969,NonLethal,2018-05-09,12:45:00,Daylight,130,55,Yes,NoIntersection,Normal,2Vehicles-Side,MAZARGUES (AVENUE DE,M,43.26248785482148,5.261379927960109
201800008970,NonLethal,2018-09-05,17:00:00,Daylight,130,55,Yes,NoIntersection,Normal,2Vehicles-Side,DOMINIQUE (TRAVERSE DE L,M,43.291852256164944,5.291841647779627
201800008974,NonLethal,2018-09-05,20:12:00,NightStreelightsOn,130,55,Yes,Other,Normal,Other,MONT DE PIETE (Traverse),M,43.2985383873437,5.300333916016748
201800008975,NonLethal,2018-09-05,23:35:00,NightStreelightsOn,130,55,Yes,NoIntersection,LightRain,Other,MENDES FRANCE (AVENUE),M,43.25097520058209,5.2498364384722125
201800008976,NonLethal,2018-05-10,14:07:00,Daylight,130,55,Yes,T-type,Normal,2Vehicles-Side,HENRI BARNIER (BOULEVARD,M,43.35980409272177,5.359653530806239
201800008978,NonLethal,2018-10-05,16:35:00,Daylight,130,55,Yes,NoIntersection,Normal,2Vehicles-Behind,CAMILLE PELLETAN (AV),M,43.303932570334126,5.303424105972611
201800008979,NonLethal,2018-10-05,21:15:00,NightStreelightsOn,130,55,Yes,X-type,Normal,2Vehicles-Side,PLOMBIERES (BOULEVARD),M,43.31699235448159,5.314631738872707
201800008980,NonLethal,2018-05-10,21:15:00,NightStreelightsOff,130,55,Yes,NoIntersection,Normal,2Vehicles-Side,ANDRE BARDON (rue),M,43.28216340591373,5.283319199352784
201800008981,NonLethal,2018-04-18,17:00:00,Daylight,130,55,Yes,Other,Normal,2Vehicles-Behind,JEAN PAUL SARTRE (AVENUE,M,,
201800008982,NonLethal,2018-11-05,09:40:00,Daylight,130,75,Yes,T-type,Normal,2Vehicles-Side,ANDRE MALRAUX (BD),M,43.34698893120106,5.34623792923593
201800008983,NonLethal,2018-11-05,15:25:00,Daylight,130,55,Yes,X-type,Normal,2Vehicles-Side,CANEBIERE,M,43.29929950663827,5.299403522230109
201800008984,NonLethal,2018-05-11,04:30:00,NightStreelightsOn,130,55,Yes,NoIntersection,Normal,NoCollision,ODESSA (AVENUE),M,43.24240904919911,5.241461807250822
201800008985,NonLethal,2018-05-11,23:40:00,NightStreelightsOn,130,55,Yes,NoIntersection,Normal,2Vehicles-Side,PLOMBIERES (BOULEVARD DE,M,43.31799754747784,5.3162833701962375
201800008987,NonLethal,2018-05-12,13:00:00,Daylight,130,55,Yes,NoIntersection,Normal,2Vehicles-Side,JONQUILLES (CH. DES),M,43.32134799059536,5.319298802669075
201800008988,NonLethal,2018-12-05,18:50:00,Daylight,130,55,Yes,NoIntersection,Normal,2Vehicles-Behind,PRADO (AVENUE DU),M,43.28510173750853,5.28179985768876
201800008989,NonLethal,2018-05-12,21:10:00,NightStreelightsOn,130,55,Yes,NoIntersection,Normal,2Vehicles-Behind,MAZARGUES (AVENUE DE),M,43.25773607791749,5.259926598095715
201800008991,NonLethal,2018-05-13,18:40:00,TwilightOrDawn,130,55,Yes,NoIntersection,LightRain,3+Vehicles-Multiple,AVIATEUR LE BRIX (RUE),M,43.258473677075706,5.258219694277716
201800008992,NonLethal,2018-05-13,19:30:00,Daylight,130,55,Yes,NoIntersection,LightRain,2Vehicles-Behind,ROGER SALENGRO (AVENUE),M,43.31506248816029,5.3184784823506925
201800008993,NonLethal,2018-05-14,05:39:00,TwilightOrDawn,130,55,Yes,X-type,HeavyRain,2Vehicles-Side,JEANNE D'ARC (BOULEVARD),M,43.294226706660616,5.29473693597178
201800008994,NonLethal,2018-05-14,10:30:00,Daylight,130,55,Yes,NoIntersection,Normal,2Vehicles-Behind,WILLIAM BOOTH (AVENUE),M,43.2934397258656,5.2927788120169765
201800008995,NonLethal,2018-05-14,12:30:00,Daylight,130,55,Yes,T-type,Normal,3+Vehicles-Multiple,CAPELETTE (AVENUE DE LA),M,43.28055845629814,5.282127533541782
201800008996,NonLethal,2018-05-14,16:30:00,Daylight,130,55,Yes,NoIntersection,Normal,Other,ELLEON (AVENUE),M,43.28379773001456,5.282644888123129
201800008997,NonLethal,2018-05-15,05:50:00,TwilightOrDawn,130,55,Yes,X-type,LightRain,Other,SAKAKINI (BD),M,43.2946378975252,5.296084596735756
201800008998,NonLethal,2018-05-15,07:40:00,Daylight,130,55,Yes,NoIntersection,LightRain,2Vehicles-Side,VALLON DE TOULOUSE (RUE),M,43.26778419025302,5.2677434260277405
201800008999,NonLethal,2018-05-15,14:00:00,Daylight,130,55,Yes,NoIntersection,Normal,Other,LAZARET (QUAI du),M,43.30887009427898,5.309999333326676
201800009000,NonLethal,2018-05-15,15:26:00,Daylight,130,55,Yes,NoIntersection,Normal,Other,DANIEL CASANOVA (BOULEVA,M,43.32813225137885,5.329600450960897
201800009001,NonLethal,2018-05-15,21:30:00,NightStreelightsOn,130,55,Yes,NoIntersection,Normal,2Vehicles-BehindVehicles-Frontal,Corniche John Fitzgerald,M,43.27919985303524,5.278652821733807
201800009002,NonLethal,2018-05-16,00:10:00,NightStreelightsOn,130,55,Yes,NoIntersection,Normal,2Vehicles-Side,MARCHAL JUIN (BOULEVARD,M,43.31127561387992,5.3134649249975965
201800009003,NonLethal,2018-05-16,06:10:00,TwilightOrDawn,130,55,Yes,NoIntersection,Normal,Other,PLUMIERS (Rue),M,43.30390682715616,5.303899599259965
201800009004,NonLethal,2018-05-16,10:50:00,Daylight,130,55,Yes,NoIntersection,Normal,2Vehicles-Side,ROLAND DORGELES (Bd),M,43.3465436980628,5.346623135213263
201800009005,NonLethal,2018-05-16,13:00:00,Daylight,130,55,Yes,NoIntersection,Normal,2Vehicles-Side,BRETEUIL (Rue),M,43.29062710766748,5.289507291563349
201800009006,NonLethal,2018-05-16,16:30:00,Daylight,130,55,Yes,NoIntersection,Normal,2Vehicles-Side,avenue d' HAIFA,M,43.24943339983509,5.251248425774488
201800009008,NonLethal,2018-05-16,18:50:00,Daylight,130,55,Yes,NoIntersection,Normal,2Vehicles-BehindVehicles-Frontal,WILLIAM BOOTH (AVENUE),M,43.29524781008567,5.295179058177872
201800009009,NonLethal,2018-05-16,19:05:00,Daylight,130,55,Yes,NoIntersection,Normal,NoCollision,TOULON (AVENUE DE),M,43.28746224968273,5.286435545062462
201800009010,NonLethal,2018-05-16,22:50:00,NightStreelightsOn,130,55,Yes,NoIntersection,Normal,2Vehicles-Behind,MAZARGUES (AVENUE DE),M,43.26198062130791,5.260717213258645
201800009011,Lethal,2018-05-16,23:25:00,NightStreelightsOn,130,55,Yes,T-type,Normal,2Vehicles-Side,VISTE (AVENUE DE LA),M,43.36034156506517,5.3596577559450775
201800009012,NonLethal,2018-05-17,09:30:00,Daylight,130,55,Yes,T-type,Normal,Other,PARADIS (RUE),M,43.29433643709628,5.291864383835151
201800009013,NonLethal,2018-05-17,13:45:00,Daylight,130,55,Yes,Other,Overcast,2Vehicles-Side,MAZARGUES (AVENUE de),M,43.256083102879074,5.255759262844591
201800009014,NonLethal,2018-05-17,13:30:00,Daylight,130,55,Yes,NoIntersection,Normal,2Vehicles-Side,VALLETTE (TRAVERSE),M,43.23458536716045,5.2346522558550665
201800009015,NonLethal,2018-05-17,16:45:00,Daylight,130,55,Yes,NoIntersection,Normal,Other,DUMONT D'URVILLE (RUE),M,43.270273548184754,5.271021521364761
201800009016,NonLethal,2018-05-18,00:15:00,NightNoStreetLight,130,55,Yes,X-type,Normal,2Vehicles-Side,ALEX. FLEMING (BOULEVARD,M,43.31335976066896,5.3145752863017455
201800009017,NonLethal,2018-05-18,01:15:00,NightStreelightsOn,130,55,Yes,NoIntersection,Normal,Other,BOUYALA D'ARNAUD (BOULEV,M,43.29615268832392,5.296739859775741
201800009018,NonLethal,2018-05-18,09:50:00,Daylight,130,55,Yes,T-type,Normal,2Vehicles-Side,PEYSSONNEL (RUE),M,43.313187202982256,5.3117494847371525
201800009019,NonLethal,2018-05-18,15:30:00,Daylight,130,55,Yes,NoIntersection,Normal,Other,PARADIS (Rue),M,43.28345913352221,5.283664833706299
201800009020,NonLethal,2018-05-18,21:25:00,NightStreelightsOn,130,55,Yes,Other,Normal,2Vehicles-Side,SAINT ANTOINE à SAINT JO,M,43.35053535227282,5.348094999718619
201800009021,NonLethal,2018-05-19,10:00:00,Daylight,130,55,Yes,NoIntersection,Normal,3+Vehicles-Multiple,SALVADOR ALLENDE (RUE),M,42.32895363877528,5.330270128521036
201800009022,NonLethal,2018-05-19,11:00:00,Daylight,130,55,Yes,NoIntersection,Normal,2Vehicles-Behind,JOSEPH PETRONIO (RUE),M,43.265888534000105,5.265941178228252