AccidentId,Gravity,Date,Hour,Light,Department,Commune,InAgglomeration,IntersectionType,Weather,CollisionType,PostalAddress,GPSCode,Latitude,Longitude
201800009027,NonLethal,2018-05-20,14:25:00,Daylight,130,2,Yes,NoIntersection,Normal,Other,7 RMENT DE TIRAILLEURS A,M,43.33878981710804,5.338564368675232
201800009028,NonLethal,2018-05-20,19:00:00,Daylight,130,55,Yes,NoIntersection,Normal,2Vehicles-Side,SAINT BARNABE (AVENUE DE,M,,
201800009029,NonLethal,2018-05-20,19:50:00,Daylight,130,55,Yes,X-type,Normal,NoCollision,HENRI FABRE (RUE),M,43.31034606703353,5.313162315073019
201800009030,NonLethal,2018-05-20,21:27:00,NightStreelightsOn,130,55,Yes,NoIntersection,Normal,Other,Corniche John Fitzgérald,M,43.28711860471859,5.288968657452351
201800009032,NonLethal,2018-05-21,20:05:00,TwilightOrDawn,130,55,Yes,T-type,Normal,2Vehicles-Side,MAZARGUES (AVENUE DE),M,43.269335519476144,5.2696315293178415
201800009033,NonLethal,2018-05-22,09:05:00,Daylight,130,2,Yes,NoIntersection,LightRain,2Vehicles-Behind,JEAN GIONO (AVENUE),M,43.33263944332743,5.334176403234491
201800009034,NonLethal,2018-05-22,09:05:00,Daylight,130,55,Yes,NoIntersection,LightRain,2Vehicles-Side,CAILLOLS (AVENUE DES),M,43.30627295031,5.304445878417631
201800009035,NonLethal,2018-05-22,15:50:00,Daylight,130,55,Yes,NoIntersection,LightRain,2Vehicles-Side,PARADIS (RUE)       1 A,M,43.29666979913836,5.295951463957637
201800009037,NonLethal,2018-05-22,17:25:00,Daylight,130,55,Yes,NoIntersection,LightRain,2Vehicles-Behind,FRANOISE DUPARC (BOULEV,M,43.30094631813922,5.300778908025708
201800009040,NonLethal,2018-05-22,22:30:00,NightNoStreetLight,130,55,Yes,NoIntersection,HeavyRain,NoCollision,RTE D' ALLAUCH,M,43.30569559839369,5.307849726791321
201800009041,NonLethal,2018-05-23,01:45:00,NightStreelightsOn,130,55,Yes,NoIntersection,Normal,2Vehicles-Side,CHARLES LIVON (BD),M,43.29158372547426,5.290119563524445
201800009042,NonLethal,2018-05-23,10:00:00,Daylight,130,55,Yes,NoIntersection,Normal,Other,ALBERT EINSTEIN (RUE),M,43.341334417994666,5.3405019986763484
201800009044,NonLethal,2018-05-23,12:25:00,Daylight,130,55,Yes,NoIntersection,Normal,2Vehicles-Side,RABATAU (BOULEVARD),M,43.27499707117524,5.2753472458556105
201800009045,NonLethal,2018-05-23,11:00:00,Daylight,130,55,Yes,T-type,Normal,2Vehicles-Side,SAINT ANTOINE (AVENUE DE,M,43.3746701238762,5.375851736500196
201800009046,NonLethal,2018-05-23,14:15:00,Daylight,130,55,Yes,T-type,Normal,2Vehicles-Side,PIERRE DOIZE  (RUE),M,43.27792363726668,5.2777308673458325
201800009047,NonLethal,2018-05-23,16:30:00,Daylight,130,55,Yes,NoIntersection,Normal,2Vehicles-Side,MENDES FRANCE (AVENUE),M,43.25676332691033,5.25677294951146
201800009048,NonLethal,2018-05-23,19:35:00,Daylight,130,55,Yes,NoIntersection,Normal,NoCollision,JULES CANTINI AVENUE,M,43.281204063714,5.28032025035489
201800009049,NonLethal,2018-05-23,18:30:00,Daylight,130,55,Yes,NoIntersection,Normal,NoCollision,SALVADOR ALLENDE (RUE),M,43.32909939206793,5.329302140320104
201800009050,NonLethal,2018-05-23,19:45:00,Daylight,130,55,Yes,NoIntersection,Normal,NoCollision,BOURRELY (CHEMIN DES),M,,
201800009051,NonLethal,2018-05-24,02:35:00,NightStreelightsOn,130,55,Yes,NoIntersection,Normal,Other,SALVADOR ALLENDE (Rue),M,43.330519446211305,5.3299383986215
201800009052,NonLethal,2018-05-24,16:20:00,Daylight,130,55,Yes,X-type,Normal,2Vehicles-BehindVehicles-Frontal,MAURIAC (RUE),M,43.27667846222276,5.275478157980488
201800009053,NonLethal,2018-05-24,12:30:00,Daylight,130,55,Yes,NoIntersection,Normal,2Vehicles-Behind,ALEXANDRE DUMAS (RUE),M,43.26360240798624,5.263815339490255
201800009054,NonLethal,2018-05-24,23:45:00,NightStreelightsOn,130,55,Yes,Other,Normal,2Vehicles-Side,ARENC (QUAI D'),M,43.31597896703999,5.316683381972173
201800009055,NonLethal,2018-05-25,08:35:00,Daylight,130,55,Yes,X-type,Normal,2Vehicles-Side,TOULON (AVENUE DE),M,43.28502135490275,5.283202678852722
201800009056,NonLethal,2018-05-25,12:05:00,Daylight,130,55,Yes,NoIntersection,Normal,Other,DANIEL CASANOVA (Bd),M,43.32607254437937,5.326008305927525
201800009059,NonLethal,2018-05-26,00:20:00,NightStreelightsOn,130,55,Yes,Other,Other,Other,LAVOISIER (BOULEVARD),M,43.33967403304296,5.338733432377781
201800009061,NonLethal,2018-05-26,11:00:00,Daylight,130,55,Yes,NoIntersection,Overcast,Other,VISTE (AVENUE DE LA),M,43.35646715546023,5.355794755294956
201800009063,NonLethal,2018-05-27,06:10:00,TwilightOrDawn,130,55,Yes,NoIntersection,Overcast,Other,NOTRE DAME DE CONSOL,M,43.3374956516946,5.337133679338288
201800009064,NonLethal,2018-05-28,07:55:00,Daylight,130,55,Yes,NoIntersection,LightRain,2Vehicles-Side,MARTINE (TRAVERSE LA),M,43.30038413798096,5.298681504323744
201800009066,NonLethal,2018-05-28,11:30:00,Daylight,130,55,Yes,NoIntersection,Normal,NoCollision,SEIGNEURIE (TRAVERSE DE,M,43.24150243354997,5.243328529827537
201800009067,NonLethal,2018-05-28,18:05:00,Daylight,130,55,Yes,Other,Normal,2Vehicles-Side,CHARLES KADDOUZ (RUE),M,,
201800009068,NonLethal,2018-05-28,16:55:00,Daylight,130,55,Yes,NoIntersection,Normal,2Vehicles-Behind,MAZARGUES (AVENUE DE),M,43.2703167297723,5.268875813557722
201800009071,NonLethal,2018-05-29,01:35:00,NightStreelightsOn,130,55,Yes,Y-type,Normal,2Vehicles-Behind,COMMANDERIE (CHEMIN),M,43.34326796052655,5.3421170547725
201800009072,NonLethal,2018-05-28,14:45:00,Daylight,130,55,Yes,X-type,Normal,Other,BERNEX (Rue)    IMPAIRS,M,43.3021134609884,5.300727273470297
201800009073,NonLethal,2018-05-30,11:10:00,Daylight,130,55,Yes,NoIntersection,LightRain,2Vehicles-Side,PRADO (AVENUE DU),M,43.26746648354787,5.267362787917871
201800009074,NonLethal,2018-05-30,13:10:00,Daylight,130,55,Yes,NoIntersection,Normal,2Vehicles-Behind,L ARMEE D AFRIQUE (CHEMI,M,43.28611551026555,5.287668810940016
201800009075,NonLethal,2018-05-30,12:33:00,Daylight,130,55,Yes,NoIntersection,LightRain,NoCollision,PRADO (AVENUE du),M,43.277472511510496,5.27811831089405
201800009076,NonLethal,2018-04-30,18:15:00,Daylight,130,55,Yes,NoIntersection,Normal,NoCollision,PARANGON (TRAVERSE),M,43.239704704865375,5.239467781959156
201800009077,NonLethal,2018-05-30,21:35:00,NightStreelightsOn,130,55,Yes,NoIntersection,Normal,2Vehicles-BehindVehicles-Frontal,CH DU MERLAN à LA Rose,M,43.32954401670848,5.3316249026708
201800009078,NonLethal,2018-05-30,21:02:00,NightStreelightsOn,130,55,Yes,X-type,Normal,2Vehicles-Side,TOULON (AVENUE DE),M,43.28585971254704,5.285145039989
201800009080,NonLethal,2018-05-16,16:15:00,Daylight,130,55,Yes,NoIntersection,Normal,Other,LIBERTE (BOULEVARD DE LA,M,43.30178476692012,5.301389543366685
201800009081,NonLethal,2018-05-31,09:00:00,Daylight,130,55,Yes,T-type,LightRain,2Vehicles-Side,ENCO DE BOT (ROUTE),M,43.31372180980615,5.317404021360267
201800009082,NonLethal,2018-05-31,09:15:00,Daylight,130,55,Yes,Other,LightRain,2Vehicles-Side,SAINT PIERRE (RUE),M,43.291719162154735,5.29212879321882
201800009083,NonLethal,2018-05-31,06:50:00,Daylight,130,55,Yes,X-type,Overcast,3+Vehicles-Multiple,PLOMBIERES (BOULEVARD DE,M,43.3159642106096,5.3157719641772045
201800009084,NonLethal,2018-05-31,11:00:00,Daylight,130,55,Yes,NoIntersection,Normal,Other,MERIMEE,M,43.33229191769314,5.330008121830573
201800009085,NonLethal,2018-05-31,14:50:00,Daylight,130,55,Yes,NoIntersection,Normal,3+Vehicles-Chain,FRANOISE DUPARC (BOULEV,M,43.304426254974885,5.303848209354117
201800009087,NonLethal,2018-05-31,14:10:00,Daylight,130,55,Yes,NoIntersection,Normal,2Vehicles-BehindVehicles-Frontal,GOUFFE (COURS),M,43.28713220839774,5.285234189676598
201800009088,NonLethal,2018-05-31,16:15:00,Daylight,130,55,Yes,NoIntersection,Normal,2Vehicles-BehindVehicles-Frontal,LUCIEN ROLMER (RUE),M,43.30758492224907,5.304644125995683
201800009089,NonLethal,2018-05-31,16:10:00,Daylight,130,55,Yes,NoIntersection,Normal,Other,LeON LACHAMP (ROUTE),M,43.24963761033021,5.250136191447306
201800009090,NonLethal,2018-05-31,20:20:00,TwilightOrDawn,130,55,Yes,NoIntersection,Normal,2Vehicles-Side,MIREILLE LAUZE (BOULEVAR,M,43.28554111682426,5.284237911031288
201800009092,NonLethal,2018-01-06,08:00:00,Daylight,130,55,Yes,NoIntersection,Normal,2Vehicles-Side,Corniche John Fitzgrald,M,,
201800009094,NonLethal,2018-06-01,11:00:00,Daylight,130,55,Yes,Y-type,Normal,2Vehicles-Side,SAINT MENET (MONTEE),M,43.2939472986429,5.293346888309354
201800009095,NonLethal,2018-05-31,11:45:00,Daylight,130,55,Yes,Roundabout,Normal,2Vehicles-Behind,PEINTRES ROUX (avenue),M,43.29548318264261,5.294053264968227
201800009096,NonLethal,2018-01-06,17:00:00,Daylight,130,55,Yes,NoIntersection,Normal,2Vehicles-Behind,RIVE NEUVE (QUAI),M,43.290352706003446,5.293541278014667
201800009097,NonLethal,2018-06-01,18:50:00,Daylight,130,55,Yes,NoIntersection,Normal,Other,24 AVRIL 15 (AVENUE DU),M,43.30869188764508,5.30888523886787
201800009098,NonLethal,2018-06-01,16:00:00,Daylight,130,55,Yes,NoIntersection,Normal,Other,LOUBON (RUE),M,43.31284818083361,5.313880759357719
201800009099,NonLethal,2018-05-19,20:30:00,Daylight,130,55,Yes,NoIntersection,Normal,Other,MONTAIGNE (RUE),M,43.30489260905386,5.302954947939368
201800009100,NonLethal,2018-06-01,01:30:00,NightStreelightsOn,130,55,Yes,NoIntersection,Normal,Other,RUE MAURIAC *,M,43.27196562957634,5.272602620763062
201800009102,NonLethal,2018-06-02,02:35:00,NightStreelightsOn,130,55,Yes,NoIntersection,Normal,2Vehicles-BehindVehicles-Frontal,CHARLES KADDOUZ (RUE),M,43.31474842325847,5.31355668034783
201800009103,NonLethal,2018-02-06,11:45:00,Daylight,130,55,Yes,NoIntersection,Normal,2Vehicles-Side,CHATEAU GOMBERT CHEMIN,M,43.34532682578215,5.344270228139106
201800009105,NonLethal,2018-06-03,18:00:00,Daylight,130,55,Yes,NoIntersection,Normal,2Vehicles-Side,DAMES (BOULEVARD DES),M,43.30245467275366,5.301253129120274
201800009106,NonLethal,2018-06-03,19:20:00,Daylight,130,55,Yes,X-type,Normal,2Vehicles-Behind,DIEUDE (RUE),M,43.29315166240172,5.290422655555023
201800009107,NonLethal,2018-06-04,06:55:00,TwilightOrDawn,130,55,Yes,X-type,Normal,3+Vehicles-Multiple,CHEMIN DE CEZANNE,M,43.36937758493277,5.368690420040665
201800009108,NonLethal,2018-04-06,08:40:00,Daylight,130,55,Yes,NoIntersection,Normal,2Vehicles-Behind,GILLY (BOULEVARD),M,,
201800009109,NonLethal,2018-04-06,07:45:00,Daylight,130,55,Yes,T-type,Normal,2Vehicles-Side,MICHELET BLD,M,43.26992402374877,5.270116543294127
201800009111,NonLethal,2018-06-04,14:20:00,Daylight,130,55,Yes,NoIntersection,Normal,Other,BARASSE,M,43.27931317403189,5.278921674899677
201800009112,NonLethal,2018-04-06,14:30:00,Daylight,130,55,Yes,Other,Normal,Other,SAINTE ANNE (BOULEVARD),M,43.25859756730464,5.257229752640802
201800009113,Lethal,2018-06-04,14:55:00,Daylight,130,55,Yes,NoIntersection,Normal,Other,DE SAINT LOUIS AU ROVE (,M,43.353164837769455,5.356108431976308
201800009114,NonLethal,2018-06-04,16:10:00,Daylight,130,55,Yes,NoIntersection,Normal,Other,ROME (RUE DE),M,43.29109449987947,5.289593483195665
201800009115,Lethal,2018-04-06,15:13:00,Daylight,130,55,Yes,NoIntersection,Normal,2Vehicles-Side,PIERRE DOIZE  (RUE),M,43.26991753389348,5.270064200546343
201800009116,NonLethal,2018-06-04,17:50:00,Daylight,130,55,Yes,NoIntersection,Normal,2Vehicles-Side,BAILLE (BOULEVARD),M,43.286548316685206,5.287000501388588
201800009117,NonLethal,2018-04-06,23:55:00,NightStreelightsOn,130,55,Yes,NoIntersection,Normal,Other,MADRAGUE DE MONTREDON (A,M,43.23930346570024,5.23901867491737
201800009118,NonLethal,2018-05-06,00:04:00,NightStreelightsOn,130,55,Yes,NoIntersection,Normal,2Vehicles-Behind,FRANCOISE DUPARC (BOULEV,M,43.30248862483366,5.302403177827901
201800009120,NonLethal,2018-05-06,08:00:00,Daylight,130,55,Yes,X-type,Normal,2Vehicles-Behind,COMMANDEUR (TRAVERSE),M,43.3257202891034,5.324379213296423
201800009122,NonLethal,2018-05-06,13:30:00,Daylight,130,55,Yes,NoIntersection,Normal,2Vehicles-Behind,ROY D'ESPAGNE (CHEMIN),M,43.240015436469456,5.240301245579111
201800009123,NonLethal,2018-06-05,16:45:00,Daylight,130,55,Yes,NoIntersection,Normal,Other,SAINT LOUP (BOULEVARD DE,M,43.28279680026149,5.28494114402224
201800009124,NonLethal,2018-05-06,16:40:00,Daylight,130,55,Yes,T-type,Normal,2Vehicles-Side,FRANOIS MIGNET (AVENUE),M,43.3333035842461,5.329854302352006
201800009125,NonLethal,2018-05-06,19:10:00,Daylight,130,55,Yes,T-type,Normal,2Vehicles-Side,RAYMOND TEISSERE RUE,M,43.2709234378257,5.271175784782348
201800009126,NonLethal,2018-05-06,22:50:00,NightStreelightsOn,130,55,Yes,NoIntersection,Normal,2Vehicles-Behind,PLOMBIERES (BOULEVARD DE,M,43.32084125362636,5.320806931478195
201800009131,NonLethal,2018-06-06,15:15:00,Daylight,130,55,Yes,NoIntersection,Normal,Other,MADRAGUE DE MONTREDON (A,M,43.23522995232912,5.234801138751257
201800009132,NonLethal,2018-06-06,18:00:00,Daylight,130,55,Yes,NoIntersection,Normal,Other,AUGUSTIN AUBERT (RUE),M,43.26435392958685,5.265431574637047
201800009134,NonLethal,2018-06-06,22:30:00,NightStreelightsOn,130,55,Yes,T-type,Normal,2Vehicles-Side,GOUFFE (COURS),M,43.28437624318845,5.285982892215927
201800009136,NonLethal,2018-06-07,16:10:00,Daylight,130,55,Yes,NoIntersection,LightRain,2Vehicles-Behind,SAINTE MARGUERITE (BOULE,M,43.26521658634161,5.268680739033927
201800009137,NonLethal,2018-08-06,09:35:00,Daylight,130,55,Yes,NoIntersection,Normal,NoCollision,REDON (BOULEVARD DU),M,43.250259991845695,5.250068330502122
201800009138,NonLethal,2018-08-06,10:50:00,Daylight,130,55,Yes,Y-type,Normal,2Vehicles-Side,PRADO (AVENUE DU),M,43.26245810045646,5.262105002018371
201800009139,NonLethal,2018-06-08,15:55:00,Daylight,130,55,Yes,NoIntersection,Normal,2Vehicles-Behind,NATIONAL   1 A 51 (BOULE,M,43.30327575370573,5.303070596239281
201800009140,NonLethal,2018-06-08,17:55:00,Daylight,130,55,Yes,NoIntersection,Normal,2Vehicles-Behind,HAIFA (AVENUE),M,43.25195910897583,5.25255554303528
201800009141,NonLethal,2018-05-30,01:15:00,NightStreelightsOn,130,55,Yes,NoIntersection,LightRain,Other,Corniche John Fitzgerald,M,43.28519776759882,5.285628752680841
201800009143,NonLethal,2018-09-06,03:40:00,NightStreelightsOn,130,55,Yes,NoIntersection,Normal,2Vehicles-Behind,LIBERATION (BOULEVARD),M,43.30181692053011,5.303234258774743
201800009144,NonLethal,2018-06-09,05:45:00,TwilightOrDawn,130,55,Yes,Y-type,Normal,2Vehicles-BehindVehicles-Frontal,LEDRU ROLLI (BOULEVARD),M,43.34111086473777,5.3376974397956
201800009145,NonLethal,2018-06-09,06:40:00,TwilightOrDawn,130,55,Yes,Roundabout,Normal,2Vehicles-Behind,CHEMIN DU MERLAN A LA RO,M,43.33082865969909,5.329440079725142
201800009147,NonLethal,2018-09-06,14:30:00,Daylight,130,55,Yes,Other,Normal,Other,MILLIE MATHYS (AVENUE),M,43.36602386088181,5.36415810689663
201800009148,NonLethal,2018-09-06,21:05:00,TwilightOrDawn,130,55,Yes,T-type,Normal,Other,PORT (QUAI DU),M,43.29555374481054,5.29453737220094
201800009149,NonLethal,2018-06-09,03:30:00,NightStreelightsOn,130,55,Yes,NoIntersection,Normal,Other,POMPIDOU (PROMENADE),M,43.26612679644314,5.265369547529549
201800009151,NonLethal,2018-10-06,14:00:00,Daylight,130,55,No,NoIntersection,Normal,2Vehicles-Side,COL DE LA GINESTE D559,M,43.23674442864985,5.23764419214921
201800009152,NonLethal,2018-06-10,15:15:00,Daylight,130,55,Yes,NoIntersection,Normal,2Vehicles-Side,Av. la viste,M,43.36367667673278,5.362571721537198
201800009153,NonLethal,2018-06-10,18:30:00,Daylight,130,55,Yes,Other,Normal,2Vehicles-BehindVehicles-Frontal,BONNEFOY (RUE),M,43.28108199148328,5.279993886394715
201800009155,NonLethal,2018-08-06,12:40:00,Daylight,130,55,Yes,Y-type,Normal,2Vehicles-Behind,BLANCARDE (BOULEVARD),M,43.303272760261926,5.30375853508066
201800009156,NonLethal,2018-06-11,05:40:00,NightStreelightsOn,130,75,Yes,X-type,HeavyRain,2Vehicles-Side,FRéDéRIC CHEVILLON,M,43.34751816033523,5.346350537541823
201800009158,NonLethal,2018-11-06,16:15:00,Daylight,130,55,Yes,Other,Normal,2Vehicles-Behind,PEINTRES ROUX (AVENUE DE,M,43.31092273703021,5.31275389333607
201800009159,NonLethal,2018-11-06,16:10:00,Daylight,130,55,Yes,NoIntersection,Normal,Other,MONTGRAND (RUE),M,43.29178031886735,5.292743568580526
201800009160,NonLethal,2018-11-06,19:00:00,Daylight,130,55,Yes,X-type,Normal,2Vehicles-Side,MIRABEAU (BOULEVARD),M,43.31119228530643,5.3131660648225685
201800009161,NonLethal,2018-06-11,19:15:00,Daylight,130,55,Yes,Y-type,Normal,2Vehicles-Side,TROIS LUCS (AVENUE des),M,43.30960169416809,5.311322641721654
201800009162,NonLethal,2018-06-12,08:45:00,Daylight,130,55,Yes,NoIntersection,Normal,Other,CAPELETTE (AVENUE de la),M,43.28068186556205,5.280723953190661
201800009163,NonLethal,2018-12-06,09:10:00,Daylight,130,55,Yes,X-type,Normal,2Vehicles-Side,rue Palestro,M,43.3048821727624,5.304788338204758
201800009164,NonLethal,2018-12-06,11:40:00,Daylight,130,75,Yes,NoIntersection,Normal,2Vehicles-BehindVehicles-Frontal,LOUIS PASTEUR (AVE),M,43.3550846022824,5.354186013724717
201800009165,NonLethal,2018-06-12,08:45:00,Daylight,130,55,Yes,NoIntersection,Normal,Other,BARQUIERE (AVENUE DE LA),M,43.246135096993214,5.245271374176118
201800009166,NonLethal,2018-06-12,14:30:00,Daylight,130,55,Yes,Y-type,Normal,NoCollision,SAINT BARNABE (AVENUE DE,M,43.3026334824941,5.304312211170394
201800009167,NonLethal,2018-06-10,11:10:00,Daylight,130,55,Yes,X-type,Normal,2Vehicles-Side,PARADIS (RUE),M,43.28357771346305,5.283262158776652
201800009168,NonLethal,2018-06-13,13:30:00,Daylight,130,55,Yes,NoIntersection,Normal,Other,NATIONALE (RUE),M,43.30017018380049,5.299665709037763
201800009169,NonLethal,2018-06-13,17:30:00,Daylight,130,55,Yes,T-type,Normal,2Vehicles-Side,ALBERT MARQUET (RUE),M,43.330899351341,5.332394620037396
201800009172,NonLethal,2018-06-14,20:50:00,TwilightOrDawn,130,55,Yes,Roundabout,Normal,2Vehicles-Behind,PEINTRES ROUX AVE,M,43.30230951861934,5.304033215872638
201800009174,NonLethal,2018-06-15,01:10:00,NightStreelightsOn,130,55,Yes,NoIntersection,Normal,2Vehicles-Behind,SAKAKINI (BOULEVARD),M,43.29550158848597,5.2950780732354685
201800009175,NonLethal,2018-06-14,23:15:00,NightStreelightsOn,130,55,Yes,Other,Normal,2Vehicles-Behind,PRADO (AVENUE DU),M,43.28039963005137,5.278670592976054
201800009176,NonLethal,2018-06-15,10:30:00,Daylight,130,55,Yes,T-type,Normal,Other,GNRAL FERRIE (PLACE),M,43.27713326893484,5.276823116313403
201800009177,NonLethal,2018-06-15,11:10:00,Daylight,130,55,Yes,Roundabout,Normal,2Vehicles-Side,CAMOINS ((RUE LES),M,43.29997919343351,5.30071246185162
201800009178,NonLethal,2018-06-15,21:09:00,TwilightOrDawn,130,55,Yes,NoIntersection,Normal,Other,CHARTREUX (AVENUE Des),M,43.30345022915315,5.304275800729158
201800009180,NonLethal,2018-06-16,06:08:00,Daylight,130,55,Yes,NoIntersection,Normal,2Vehicles-Behind,SAINTE MARGUERITE (BOULE,M,43.26401477096637,5.261139162344411
201800009182,NonLethal,2018-06-16,15:00:00,Daylight,130,55,Yes,Y-type,Normal,2Vehicles-Side,ROUET (RUE DU),M,43.27901967166431,5.27530913963031
201800009183,NonLethal,2018-06-16,22:30:00,NightStreelightsOn,130,55,Yes,NoIntersection,Normal,Other,PRADO (AVENUE DU),M,43.265955380755855,5.268164223063297
201800009184,NonLethal,2018-06-17,12:00:00,Daylight,130,55,Yes,NoIntersection,Normal,2Vehicles-Behind,PRADO (AVENUE DU),M,43.26343592426192,5.264647529025927
201800009185,NonLethal,2018-06-17,20:00:00,Daylight,130,55,Yes,NoIntersection,Normal,NoCollision,LA FOURRAGERE (AVENUE),M,43.29900713905356,5.2961770673848045
201800009186,NonLethal,2018-06-17,23:45:00,NightStreelightsOn,130,55,Yes,NoIntersection,Normal,2Vehicles-Side,SCHLOESING (Boulevard),M,43.27041036561463,5.270948244321638
201800009188,NonLethal,2018-06-18,09:20:00,Daylight,130,55,Yes,NoIntersection,Normal,2Vehicles-Behind,MAZARGUES (AVENUE DE),M,43.262965972827125,5.263842399631414
201800009189,NonLethal,2018-06-18,12:20:00,Daylight,130,55,Yes,NoIntersection,Normal,2Vehicles-Behind,FLORIAN ( ROND POINT),M,43.284851433972015,5.28757135785811
201800009190,NonLethal,2018-06-18,15:45:00,Daylight,130,55,Yes,NoIntersection,Normal,NoCollision,CLOT BEY (AV),M,43.26126621409975,5.259854171462096
201800009191,NonLethal,2018-06-18,16:00:00,Daylight,130,55,Yes,NoIntersection,Normal,2Vehicles-BehindVehicles-Frontal,ALEX ANSALDI (RUE),M,43.33613420036477,5.335542797012418
201800009192,NonLethal,2018-06-18,22:15:00,NightStreelightsOn,130,55,Yes,NoIntersection,Normal,2Vehicles-Side,MENDES FRANCE (Avenue),M,43.25865146292608,5.257210458577783
201800009193,NonLethal,2018-06-19,08:07:00,Daylight,130,55,Yes,NoIntersection,VeryGood,Other,CORSE (AVENUE DE LA),M,43.28856093352342,5.28768498655457
201800009194,NonLethal,2018-06-19,07:35:00,Daylight,130,55,Yes,NoIntersection,VeryGood,Other,EMMANUEL ALLARD (RUE),M,43.28805698635041,5.291741158554514
201800009196,NonLethal,2018-06-19,16:00:00,Daylight,130,55,No,T-type,Normal,2Vehicles-Side,SORMIOU (CHEMIN DE),M,43.235849121577765,5.23377242905591
201800009197,NonLethal,2018-06-19,18:15:00,Daylight,130,55,Yes,NoIntersection,Normal,NoCollision,COMTESSE LILY PASTRE,M,43.28244178412514,5.283486474141586
201800009199,NonLethal,2018-06-20,04:45:00,NightStreelightsOn,130,55,Yes,Roundabout,Normal,NoCollision,HENRI FRENAY (ROND-POINT,M,43.25381531594488,5.254928047943742
201800009201,NonLethal,2018-06-20,08:30:00,Daylight,130,55,Yes,NoIntersection,Normal,2Vehicles-Side,SCHLOESING (Bd),M,43.27247958001854,5.272474023991212
201800009202,NonLethal,2018-06-19,14:30:00,Daylight,130,55,Yes,NoIntersection,Normal,2Vehicles-BehindVehicles-Frontal,SALVADOR ALLENDE (RUE),M,43.32811557784312,5.3278065900712255
201800009203,NonLethal,2018-06-20,10:00:00,Daylight,130,55,Yes,NoIntersection,Normal,3+Vehicles-Chain,ALEX. FLEMING (Bd),M,43.31484645555675,5.316078636233331
201800009204,NonLethal,2018-06-19,13:00:00,Daylight,130,55,Yes,NoIntersection,Normal,2Vehicles-Side,CASTELLANE (PLACE),M,43.28536873496153,5.286697564422507
201800009205,NonLethal,2018-06-20,17:45:00,Daylight,130,55,Yes,NoIntersection,Normal,3+Vehicles-Chain,POMME (BOULEVARD DE LA ),M,43.2913345429951,5.293537420473168
201800009206,NonLethal,2018-06-20,16:35:00,Daylight,130,55,Yes,X-type,Normal,2Vehicles-Side,BERCEAU (Rue),M,43.28801124279119,5.287670819069444
201800009208,NonLethal,2018-06-16,23:30:00,NightStreelightsOn,130,55,Yes,Other,Normal,3+Vehicles-Multiple,PRADO (AVENUE DU),M,43.2634986964092,5.264369958919409
201800009209,NonLethal,2018-06-21,05:10:00,TwilightOrDawn,130,55,Yes,NoIntersection,Normal,2Vehicles-Behind,LA CANEBIERE  30 A 68,M,43.29679523185742,5.296822037454281
201800009210,NonLethal,2018-06-21,08:15:00,Daylight,130,55,Yes,NoIntersection,Normal,3+Vehicles-Multiple,JEAN PAUL SARTRE (AVENUE,M,43.32726919410919,5.327172094781132
201800009211,NonLethal,2018-06-21,08:50:00,Daylight,130,55,Yes,T-type,Normal,2Vehicles-Behind,PINATEL (BOULEVARD),M,43.3164441748203,5.316141759040866
201800009212,NonLethal,2018-06-12,19:00:00,Daylight,130,55,Yes,NoIntersection,Normal,Other,CORINTHE (AVENUE DE),M,43.28305108539613,5.284934323723204
201800009213,NonLethal,2018-06-21,19:00:00,Daylight,130,55,Yes,NoIntersection,Normal,2Vehicles-Side,EDMOND ROSTAND,M,43.28427355240649,5.282690502407806
201800009214,Lethal,2018-06-21,23:25:00,NightStreelightsOn,130,55,Yes,Roundabout,Normal,Other,HENRI BARNIER (BOULEVARD,M,43.37171994809109,5.371236166553477
201800009215,NonLethal,2018-06-21,19:35:00,Daylight,130,55,Yes,Roundabout,Normal,2Vehicles-Behind,AUDIENCE (RUE DE L'),M,43.29578076602963,5.296355775419374
201800009217,NonLethal,2018-06-22,14:00:00,Daylight,130,55,Yes,NoIntersection,Normal,2Vehicles-BehindVehicles-Frontal,PAUL CLAUDEL (BOULEVARD),M,43.26859403825093,5.26911063196112
201800009218,NonLethal,2018-06-22,15:45:00,Daylight,130,55,Yes,NoIntersection,Normal,3+Vehicles-Chain,SAINT BARNABE (AVENUE de,M,43.30325112730456,5.3049183061096
201800009219,NonLethal,2018-06-23,17:30:00,Daylight,130,55,Yes,NoIntersection,Normal,2Vehicles-Behind,MARCHAL DE LATTRE (AVEN,M,43.24769265687798,5.245496669920222
201800009220,NonLethal,2018-06-23,17:00:00,Daylight,130,55,Yes,NoIntersection,Normal,2Vehicles-Behind,SAKAKINI (BOULEVARD),M,43.294539599835495,5.296696793226228
201800009221,NonLethal,2018-06-23,20:10:00,Daylight,130,55,Yes,T-type,Normal,2Vehicles-Behind,RAYMONDINO (RUE),M,43.3119971476965,5.312423356792371
201800009222,NonLethal,2018-06-23,20:15:00,TwilightOrDawn,130,55,Yes,NoIntersection,Normal,Other,EVECHE (RUE de L'),M,43.298549541610974,5.296835358696306
201800009223,NonLethal,2018-06-23,21:50:00,NightStreelightsOn,130,55,Yes,NoIntersection,Normal,2Vehicles-Behind,LOUIS SALVATOR (Bd),M,43.291795412280905,5.291384466811141
201800009224,NonLethal,2018-06-24,04:45:00,NightStreelightsOn,130,55,Yes,NoIntersection,Normal,Other,SAINT MENET (MONTEE),M,43.294735830780205,5.29566718982371
201800009225,NonLethal,2018-06-24,09:44:00,Daylight,130,55,Yes,X-type,Normal,2Vehicles-BehindVehicles-Frontal,ICARD (BOULEVARD),M,43.27381245097547,5.276832043422012
201800009226,NonLethal,2018-06-25,00:15:00,NightStreelightsOn,130,55,Yes,NoIntersection,Normal,2Vehicles-Side,MARTINE (TRAVERSE LA),M,43.30001975475856,5.298138138084501
201800009227,NonLethal,2018-06-25,09:00:00,Daylight,130,55,Yes,Other,Normal,2Vehicles-Side,PEYSONNEL (RUE),M,43.30996886275018,5.311638529827976