AccidentId,Gravity,Date,Hour,Light,Department,Commune,InAgglomeration,IntersectionType,Weather,CollisionType,PostalAddress,GPSCode,Latitude,Longitude
201800009228,NonLethal,2018-06-25,09:20:00,Daylight,130,55,Yes,NoIntersection,Normal,Other,JEANNE DE CHANTAL (Rue),M,43.30303484731434,5.301194583075876
201800009229,NonLethal,2018-06-25,12:10:00,Daylight,130,55,Yes,Roundabout,Normal,3+Vehicles-Chain,FLORIAN ( ROND POINT),M,43.28506495908968,5.284179025817221
201800009230,NonLethal,2018-06-25,11:40:00,Daylight,130,55,Yes,NoIntersection,Normal,2Vehicles-Behind,VALENTINE (ROUTE DE LA),M,43.29018729169943,5.288740735618309
201800009231,NonLethal,2018-06-25,16:40:00,Daylight,130,55,Yes,NoIntersection,Normal,2Vehicles-Side,PIERRE CHEVALIER (av),M,43.29332963318366,5.294497358314113
201800009232,NonLethal,2018-06-25,17:00:00,Daylight,130,55,Yes,NoIntersection,Normal,2Vehicles-Side,MICHELET (BOULEVARD),M,43.27080550669808,5.273676666525661
201800009233,NonLethal,2018-06-26,09:25:00,Daylight,130,55,Yes,NoIntersection,Normal,2Vehicles-Behind,ALPHONSE DAUDET (RUE),M,43.32206579212646,5.322296141426101
201800009234,NonLethal,2018-06-26,09:30:00,Daylight,130,55,Yes,NoIntersection,Normal,2Vehicles-Behind,Bd QUEIREL,M,43.2811885350654,5.282693388959888
201800009236,NonLethal,2018-06-25,19:10:00,Daylight,130,55,Yes,NoIntersection,Normal,2Vehicles-Side,BASILE BARRELIER (BOULEV,M,43.33914444508396,5.339387865311204
201800009237,NonLethal,2018-06-26,11:58:00,Daylight,130,55,Yes,X-type,Normal,2Vehicles-Side,VILLENEUVE (Rue),M,43.3028472792622,5.30027882055625
201800009238,NonLethal,2018-06-26,15:30:00,Daylight,130,55,Yes,T-type,Normal,2Vehicles-Side,REPUBLIQUE (RUE DE LA),M,43.29688214134334,5.2953809630102215
201800009240,NonLethal,2018-06-26,15:30:00,Daylight,130,55,Yes,Other,Normal,2Vehicles-Side,SAINT JUST (AVENUE DE),M,43.31330375469073,5.316001614893946
201800009241,NonLethal,2018-06-26,22:20:00,NightStreelightsOn,130,55,Yes,Other,Normal,2Vehicles-Side,MARECHAL JUIN (BOULEVARD,M,43.313863181491215,5.310658424971022
201800009242,NonLethal,2018-06-26,21:28:00,NightStreelightsOn,130,55,Yes,T-type,Normal,2Vehicles-Side,TOULON (AVENUE de),M,43.28624215379628,5.284580690150966
201800009244,NonLethal,2018-06-27,16:30:00,Daylight,130,55,Yes,NoIntersection,Normal,2Vehicles-Side,CLOT BEY (Avenue),M,43.25570784356345,5.2561177976816085
201800009245,NonLethal,2018-06-27,16:15:00,Daylight,130,55,Yes,NoIntersection,Normal,2Vehicles-Side,RAGUSE (CHEMIN DE),M,43.32017462347207,5.31790762863815
201800009246,NonLethal,2018-06-27,17:30:00,Daylight,130,55,Yes,NoIntersection,Normal,Other,REPUBLIQUE (RUE DE LA),M,43.298163018704265,5.299232274805615
201800009248,NonLethal,2018-06-28,09:05:00,Daylight,130,55,Yes,NoIntersection,Normal,Other,ALEX. FLEMING (Bd),M,43.31551490754832,5.314721259875649
201800009249,NonLethal,2018-06-28,11:00:00,Daylight,130,55,Yes,NoIntersection,Normal,3+Vehicles-Chain,GASTON RAMON (BOULEVARD),M,43.2666468387974,5.267524400362396
201800009250,NonLethal,2018-06-28,13:40:00,Daylight,130,55,Yes,NoIntersection,Normal,2Vehicles-BehindVehicles-Frontal,JONQUILLES (CHEMIN DES),M,43.3290000182394,5.32636409087883
201800009251,NonLethal,2018-06-28,12:30:00,Daylight,130,55,Yes,NoIntersection,LightRain,2Vehicles-Behind,ESCADRILLE NORMANDIE NIE,M,43.335481951282304,5.336007061707172
201800009253,NonLethal,2018-06-28,15:50:00,Daylight,130,55,Yes,NoIntersection,Normal,2Vehicles-Side,STRASBOURG (BOULEVARD),M,43.307087041731926,5.307328899721073
201800009254,NonLethal,2018-06-28,18:45:00,Daylight,130,55,Yes,NoIntersection,Normal,3+Vehicles-Chain,CHARLES LIVON (BD),M,43.29181355352716,5.294258654664274
201800009255,NonLethal,2018-06-28,20:05:00,Daylight,130,55,Yes,Y-type,Normal,2Vehicles-Side,ALEX ANSALDI (RUE),M,43.33511433719297,5.335639906596299
201800009256,NonLethal,2018-06-29,23:15:00,NightStreelightsOn,130,55,Yes,NoIntersection,Normal,Other,VINCENT DELPUECH (BOULEV,M,43.28456485503448,5.283207365294472
201800009257,NonLethal,2018-06-29,14:20:00,Daylight,130,55,Yes,NoIntersection,Normal,Other,ST JOSEPH A STE MARTHE (,M,43.34489365723936,5.3443804917182325
201800009258,NonLethal,2018-06-29,12:25:00,Daylight,130,55,Yes,T-type,Normal,3+Vehicles-Multiple,BAILLE (BOULEVARD),M,43.28518362805828,5.28631760492126
201800009260,NonLethal,2018-06-29,18:50:00,Daylight,130,55,Yes,T-type,Normal,Other,PARADIS (RUE)       1 A,M,43.29343337958711,5.292739259832888
201800009261,NonLethal,2018-06-29,16:00:00,Daylight,130,55,Yes,Other,Normal,2Vehicles-Side,AVIATEUR LE BRIX (rue),M,43.26475956537394,5.2649091660655225
201800009262,NonLethal,2018-06-29,18:00:00,Daylight,130,55,Yes,NoIntersection,Normal,2Vehicles-Behind,SAINT ANTOINE A SAINT JO,M,43.35014185162401,5.350085608381361
201800009263,NonLethal,2018-06-29,20:00:00,Daylight,130,55,Yes,NoIntersection,Normal,2Vehicles-Side,SCHLOESING (BOULEVARD),M,43.27495749449408,5.276294412390628
201800009265,NonLethal,2018-06-25,14:10:00,Daylight,130,55,Yes,Roundabout,Normal,2Vehicles-Side,MICHELET BLD,M,43.27133078762198,5.272119335341704
201800009266,NonLethal,2018-06-22,15:30:00,Daylight,130,55,Yes,NoIntersection,Normal,NoCollision,JEAN EUGENE CABASSUD (BO,M,43.28386716747776,5.28372386133507
201800009267,NonLethal,2018-06-30,11:55:00,Daylight,130,55,Yes,Other,Normal,2Vehicles-BehindVehicles-Frontal,DANIEL CASANOVA (BOULEVA,M,43.321738162136285,5.320664616666483
201800009269,NonLethal,2018-06-30,21:00:00,TwilightOrDawn,130,55,Yes,X-type,Normal,2Vehicles-Side,DEVILLIERS (RUE),M,43.29789251128175,5.298196330315454
201800009270,NonLethal,2018-01-07,02:30:00,NightStreelightsOff,130,55,Yes,NoIntersection,Normal,3+Vehicles-Multiple,SAKAKINI (BOULEVARD),M,43.29756196895573,5.299042034642613
201800009272,NonLethal,2018-02-07,03:25:00,NightStreelightsOn,130,55,Yes,NoIntersection,Normal,Other,JEAN MOULIN (BD),M,43.29135270239584,5.290672732913289
201800009273,NonLethal,2018-02-07,09:55:00,Daylight,130,55,Yes,NoIntersection,Normal,2Vehicles-Behind,LOUIS REGE (RUE),M,43.28222349481665,5.280908850946363
201800009274,NonLethal,2018-02-07,09:15:00,Daylight,130,55,Yes,NoIntersection,Normal,NoCollision,ROY D'ESPAGNE (Chemin),M,43.24237050449992,5.243051931590031
201800009275,NonLethal,2018-07-02,11:35:00,Daylight,130,55,Yes,T-type,Normal,Other,LIEUTAUD (COURS),M,43.28834765271217,5.288481646458171
201800009276,NonLethal,2018-07-02,08:30:00,Daylight,130,55,Yes,NoIntersection,Normal,2Vehicles-Side,NEUF (BD),M,43.33530217740741,5.3335457413482
201800009277,NonLethal,2018-07-02,12:45:00,Daylight,130,55,Yes,NoIntersection,Normal,2Vehicles-Behind,JOLIETTE (PLACE DE la),M,43.3048411623157,5.304751975166427
201800009278,NonLethal,2018-02-07,15:00:00,Daylight,130,55,Yes,Square,Normal,Other,ORANGE (rue d'),M,43.31266707483073,5.311545043606415
201800009281,NonLethal,2018-06-28,06:08:00,TwilightOrDawn,130,55,Yes,NoIntersection,Normal,Other,ALBERT EINSTEIN (RUE),M,43.33215774441185,5.333250426335861
201800009282,NonLethal,2018-07-02,18:03:00,Daylight,130,55,Yes,NoIntersection,Normal,Other,LYON (RUE DE),M,43.33930314566162,5.341975767844239
201800009283,NonLethal,2018-07-03,17:40:00,Daylight,130,55,Yes,NoIntersection,Normal,Other,NATIONAL (Boulevard),M,43.31097222542283,5.309788777458709
201800009284,NonLethal,2018-07-03,17:15:00,Daylight,130,55,Yes,NoIntersection,Normal,2Vehicles-Side,CHARTREUX (AVENUE des),M,43.302391799534,5.303355782685275
201800009285,NonLethal,2018-01-07,05:15:00,NightStreelightsOn,130,55,Yes,NoIntersection,Normal,2Vehicles-Side,ARGILE (CHEMIN DE L'),M,43.281414421429886,5.280745050188316
201800009286,NonLethal,2018-03-07,22:15:00,NightStreelightsOn,130,55,Yes,NoIntersection,Normal,Other,SAINT LOUP (BOULEVARD de,M,43.28213128186831,5.281940936101122
201800009287,NonLethal,2018-03-07,22:40:00,NightStreelightsOn,130,55,Yes,X-type,Normal,2Vehicles-Side,GRIGNAN (RUE)     12 A F,M,43.2907521318511,5.29041845333925
201800009289,NonLethal,2018-04-07,07:05:00,Daylight,130,55,Yes,NoIntersection,Normal,Other,JEAN MOULIN (BOULEVARD),M,43.2870223613889,5.286228183308271
201800009290,NonLethal,2018-04-07,07:30:00,Daylight,130,75,Yes,T-type,Normal,2Vehicles-Side,FREDERIC MISTRAL (AV),M,43.35035627469093,5.351184512496621
201800009291,NonLethal,2018-06-13,18:30:00,Daylight,130,55,Yes,NoIntersection,Normal,Other,STRASBOURG (PLACE),M,43.30680454445359,5.307335100869368
201800009292,NonLethal,2018-03-07,19:25:00,Daylight,130,55,Yes,Other,Normal,Other,MENDES FRANCE (AV),M,43.25028623253315,5.248509066840823
201800009293,NonLethal,2018-07-04,11:30:00,Daylight,130,55,Yes,NoIntersection,Normal,2Vehicles-Side,GAY LUSSAC (BOULEVARD),M,43.33542109887001,5.334879627012722
201800009295,NonLethal,2018-04-07,13:30:00,Daylight,130,55,Yes,X-type,Normal,2Vehicles-Side,ALEX ANSALDI RUE,M,43.329845035353024,5.330133348134028
201800009297,NonLethal,2018-04-07,22:00:00,NightStreelightsOn,130,55,Yes,NoIntersection,Normal,2Vehicles-Side,NOTRE DAME de CONSOLATIO,M,43.33925426271461,5.339534534058566
201800009298,NonLethal,2018-06-25,10:00:00,Daylight,130,55,Yes,NoIntersection,Normal,3+Vehicles-Chain,VIEUX MOULIN (TRAVERSE),M,43.3474432555927,5.347737631745206
201800009300,NonLethal,2018-07-05,08:00:00,Daylight,130,55,Yes,NoIntersection,Normal,2Vehicles-Side,JULES CANTINI (AVENUE),M,43.28036141372339,5.28179273923997
201800009301,NonLethal,2018-07-05,13:00:00,Daylight,130,55,Yes,NoIntersection,Normal,NoCollision,SORMIOU (CHEMIN de),M,43.22245227942199,5.219843149184115
201800009304,NonLethal,2018-05-07,03:40:00,NightStreelightsOn,130,55,Yes,NoIntersection,Normal,Other,Corniche John Fitzgerald,M,43.28418556574392,5.281796663314873
201800009305,NonLethal,2018-06-07,08:40:00,Daylight,130,55,Yes,NoIntersection,Other,2Vehicles-Side,GeNeRAL LECLERC (rue),M,43.30399827888563,5.304596079426399
201800009306,NonLethal,2018-06-07,08:30:00,Daylight,130,55,Yes,NoIntersection,Normal,2Vehicles-Behind,HAMBOURG (BOULEVARD),M,43.247852902972674,5.245983883800051
201800009307,NonLethal,2018-06-07,10:50:00,Daylight,130,55,Yes,T-type,Normal,Other,MARCEL ACHILLE (BOULEVAR,M,43.28081894691447,5.2791519747981095
201800009308,NonLethal,2018-06-07,12:40:00,Daylight,130,55,Yes,Roundabout,Normal,Other,ROME (RUE DE),M,43.28537105269667,5.285122711065148
201800009309,NonLethal,2018-06-07,12:00:00,Daylight,130,55,Yes,NoIntersection,Normal,2Vehicles-Behind,BUTRIS (TRAVERSE des),M,43.29956482406568,5.298980869570417
201800009310,NonLethal,2018-07-06,15:10:00,Daylight,130,55,Yes,NoIntersection,Normal,Other,SAINT FERREOL rue,M,43.29534442925463,5.29565357379206
201800009311,NonLethal,2018-06-07,15:25:00,Daylight,130,55,Yes,NoIntersection,Normal,2Vehicles-BehindVehicles-Frontal,CAPELETTE (AVENUE DE LA),M,43.28060788225335,5.281881804484308
201800009317,NonLethal,2018-07-07,13:15:00,Daylight,130,55,Yes,X-type,Normal,2Vehicles-Side,ESPERANDIEU (RUE),M,43.3037066306178,5.304707815199612
201800009319,NonLethal,2018-07-07,13:15:00,Daylight,130,55,Yes,NoIntersection,Normal,2Vehicles-Side,SAINT LOUP (BOULEVARD de,M,43.28174916978202,5.281620386910028
201800009320,NonLethal,2018-07-07,15:10:00,Daylight,130,55,Yes,NoIntersection,Normal,2Vehicles-BehindVehicles-Frontal,Frederic Joliot Curie (r,M,43.33991302563592,5.339353817661609
201800009321,NonLethal,2018-07-07,12:00:00,Daylight,130,55,Yes,NoIntersection,Normal,Other,MERIMEE,M,43.33011624003981,5.330974074188462
201800009322,NonLethal,2018-07-07,18:40:00,Daylight,130,55,Yes,NoIntersection,Normal,2Vehicles-Behind,PRADO (AVENUE DU),M,43.27453141609391,5.27517003377829
201800009323,NonLethal,2018-07-08,01:00:00,NightStreelightsOn,130,55,Yes,NoIntersection,Normal,2Vehicles-Side,CAPELETTE (AVENUE DE la),M,43.27803397977256,5.279908658853456
201800009324,NonLethal,2018-07-04,18:55:00,Daylight,130,55,Yes,Roundabout,Normal,Other,CHEMIN DU MERLAN A LA RO,M,43.33130854335308,5.330319147746996
201800009325,NonLethal,2018-07-08,06:30:00,Daylight,130,55,Yes,X-type,Normal,2Vehicles-Side,MORETTI (BOULEVARD),M,43.32585136639897,5.327735147386219
201800009326,NonLethal,2018-08-07,10:15:00,Daylight,130,55,Yes,NoIntersection,Normal,NoCollision,JEAN PAUL SARTRE (AVENUE,M,43.32231905757012,5.321942292080487
201800009327,NonLethal,2018-07-08,11:00:00,Daylight,130,55,Yes,NoIntersection,Normal,NoCollision,G. BEAUREGARD,M,43.36657804818093,5.367640158471716
201800009328,NonLethal,2018-07-08,19:40:00,Daylight,130,55,Yes,NoIntersection,Normal,NoCollision,REDON (BOULEVARD du),M,43.24574122622662,5.245850693759936
201800009329,NonLethal,2018-08-07,19:45:00,Daylight,130,55,Yes,X-type,Normal,2Vehicles-Side,MIREILLE LAUZE (BOULEVAR,M,43.28170554749641,5.283688427570441
201800009330,NonLethal,2018-07-08,20:26:00,Daylight,130,55,Yes,NoIntersection,Normal,2Vehicles-Behind,Corniche John Fitzgrald,M,43.26666281782012,5.2684601572847525
201800009332,NonLethal,2018-09-07,09:10:00,Daylight,130,55,Yes,Roundabout,Normal,2Vehicles-Side,MAZARGUES RP,M,43.25127859618312,5.251673650360187
201800009333,NonLethal,2018-07-09,19:10:00,Daylight,130,55,Yes,T-type,Normal,Other,SAINTE MARGUERITE (BOULE,M,43.26371516926526,5.266713507978548
201800009334,NonLethal,2018-10-07,01:03:00,NightStreelightsOn,130,55,Yes,NoIntersection,Normal,NoCollision,COLBERT (RUE)    2 A 24,M,43.17482639420176,5.173856222599608
201800009335,NonLethal,2018-10-07,10:38:00,Daylight,130,55,Yes,NoIntersection,Normal,2Vehicles-Side,TROIS LUCS A LA VALENTIN,M,43.30948343897211,5.31047847409077
201800009336,NonLethal,2018-07-10,11:45:00,Daylight,130,55,Yes,X-type,Normal,2Vehicles-Side,LYON (RUE DE),M,43.32808405279973,5.328089104324869
201800009337,NonLethal,2018-10-07,12:30:00,Daylight,130,55,Yes,NoIntersection,Normal,Other,MAHOUBI TIR,M,43.332501470146994,5.334134711121335
201800009338,NonLethal,2018-07-10,13:00:00,Daylight,130,55,Yes,NoIntersection,Normal,2Vehicles-Behind,SAINT PIERRE (RUE),M,43.29055693021167,5.291689232560517
201800009340,NonLethal,2018-07-10,22:45:00,NightStreelightsOn,130,55,Yes,X-type,Normal,2Vehicles-Side,RUFFI (RUE DE),M,43.31351246283938,5.3151146692867
201800009341,NonLethal,2018-11-07,01:35:00,NightStreelightsOn,130,55,Yes,NoIntersection,Normal,2Vehicles-Behind,SAINT PIERRE (RUE),M,43.29037819386,5.291251314480229
201800009342,NonLethal,2018-07-11,09:00:00,Daylight,130,55,Yes,NoIntersection,Normal,2Vehicles-Behind,ENCO DE BOTTE (RTE),M,43.31476140606336,5.314317628614069
201800009343,NonLethal,2018-07-11,11:50:00,Daylight,130,55,Yes,Roundabout,Normal,2Vehicles-Side,LOUIS BONNEFON (PLACE),M,43.25485800703082,5.253490624839938
201800009344,NonLethal,2018-11-07,13:30:00,Daylight,130,55,Yes,NoIntersection,Normal,NoCollision,MIREILLE LAUZE (Bd),M,43.28415827843693,5.282355132870229
201800009345,NonLethal,2018-11-07,15:50:00,Daylight,130,55,Yes,NoIntersection,Normal,2Vehicles-Behind,RAYMOND TEISSERE (RUE),M,43.27276519258441,5.27318196324196
201800009346,NonLethal,2018-07-11,15:30:00,Daylight,130,55,Yes,NoIntersection,Normal,2Vehicles-Side,NOTRE DAME DE CONSOLATIO,M,43.34114375466541,5.339071165246677
201800009347,NonLethal,2018-11-07,19:45:00,Daylight,130,55,Yes,NoIntersection,Normal,Other,PORTUGAL (RUE du),M,43.28062310862212,5.279991146647448
201800009348,NonLethal,2018-07-12,00:40:00,NightStreelightsOn,130,55,Yes,T-type,Normal,2Vehicles-Side,JULES CANTINI (AV),M,43.28159840183799,5.280937842106733
201800009349,NonLethal,2018-12-07,05:45:00,TwilightOrDawn,130,55,Yes,X-type,Normal,2Vehicles-Side,PASSET (CHEMIN DU),M,43.36082640096475,5.361755077177628
201800009350,NonLethal,2018-12-07,10:10:00,Daylight,130,55,Yes,NoIntersection,Normal,NoCollision,SAINT LOUIS (AVENUE DE),M,43.34822686491016,5.347976723859247
201800009351,NonLethal,2018-12-07,16:15:00,Daylight,130,75,Yes,NoIntersection,Normal,2Vehicles-BehindVehicles-Frontal,GRAVE (CHEMIN DE LA),M,43.35494651401551,5.354417827928188
201800009353,NonLethal,2018-12-07,19:00:00,Daylight,130,55,Yes,X-type,Normal,2Vehicles-Side,JEAN DUSSERT (rue),M,43.31670444067947,5.31450659102252
201800009356,NonLethal,2018-07-13,02:30:00,NightStreelightsOn,130,55,Yes,Roundabout,Normal,2Vehicles-Side,PRADO (AVENUE du),M,43.27148155542769,5.272815007612298
201800009357,NonLethal,2018-07-13,00:10:00,NightStreelightsOn,130,55,Yes,Roundabout,Normal,NoCollision,FRDRIC MISTRAL (AVENUE,M,43.32335697228654,5.324070799913743
201800009358,Lethal,2018-07-13,01:45:00,NightStreelightsOn,130,55,Yes,NoIntersection,Normal,2Vehicles-BehindVehicles-Frontal,JEAN MOULIN (BOULEVARD),M,43.28570754730625,5.285804991855544
201800009359,NonLethal,2018-07-13,06:10:00,TwilightOrDawn,130,55,Yes,T-type,Normal,2Vehicles-Side,SAINT ANTOINE A SAINT JO,M,43.34998029976066,5.350074422113492
201800009360,NonLethal,2018-07-13,07:30:00,Daylight,130,55,Yes,NoIntersection,Normal,2Vehicles-Side,FRANOISE DUPARC (Bd),M,43.30348773007199,5.305658691242933
201800009361,NonLethal,2018-07-13,09:45:00,Daylight,130,55,Yes,NoIntersection,Normal,2Vehicles-Behind,CARMAGNOLE (PASSAGE),M,43.26720614272829,5.267915628500225
201800009362,NonLethal,2018-07-13,14:00:00,Daylight,130,55,Yes,NoIntersection,Normal,NoCollision,ALEX FLEMING (BOULEVARD,M,43.31396419135728,5.315276510703337
201800009363,NonLethal,2018-07-13,16:20:00,Daylight,130,55,Yes,X-type,Normal,Other,ATHENES (BD D'),M,43.30000024885218,5.298649320535051
201800009364,NonLethal,2018-07-13,16:15:00,Daylight,130,55,Yes,NoIntersection,Normal,2Vehicles-Side,NOTRE DAME DE CONSOLATIO,M,43.34146098718891,5.34057519246268
201800009365,NonLethal,2018-07-13,17:30:00,Daylight,130,55,Yes,X-type,Normal,2Vehicles-Side,FRANOISE DUPARC (BOULEV,M,43.302551408546826,5.303616698769234
201800009366,NonLethal,2018-07-13,16:55:00,Daylight,130,55,Yes,NoIntersection,Normal,Other,ANDR ROUSSIN (AVENUE),M,43.35665294018693,5.356291253525973
201800009367,NonLethal,2018-07-13,20:00:00,TwilightOrDawn,130,55,Yes,NoIntersection,Normal,2Vehicles-Side,CROIX ROUGE (AV),M,43.33179141776099,5.330237564202919
201800009368,NonLethal,2018-07-13,21:45:00,TwilightOrDawn,130,55,Yes,NoIntersection,Normal,2Vehicles-Side,ROGER BRUN (RUE),M,43.28614920728727,5.286463963320094
201800009369,NonLethal,2018-07-13,23:15:00,NightStreelightsOn,130,75,Yes,NoIntersection,Normal,NoCollision,PAUL SIRVENT (AVE),M,43.34353818881513,5.342646033850127
201800009370,NonLethal,2018-07-14,01:30:00,NightNoStreetLight,130,55,Yes,NoIntersection,Normal,2Vehicles-Behind,SAINTE MARTHE (chemin),M,43.32382998506626,5.324113600406858
201800009371,NonLethal,2018-07-14,05:50:00,Daylight,130,55,Yes,NoIntersection,Normal,2Vehicles-Side,MARCHAL JUIN,M,43.31252418093143,5.313692929788759
201800009372,NonLethal,2018-07-14,07:30:00,Daylight,130,55,Yes,NoIntersection,Normal,Other,MAURIAC (RUE),M,43.271651747748216,5.270210241770558
201800009374,NonLethal,2018-07-14,17:00:00,Daylight,130,55,Yes,Other,Normal,3+Vehicles-Multiple,LYON (RUE DE),M,43.33346638268181,5.333183764836004
201800009375,NonLethal,2018-07-14,18:00:00,Daylight,130,55,Yes,NoIntersection,Normal,2Vehicles-Side,SCHLOESING (BOULEVARD),M,43.27301625819973,5.273468336486156
201800009376,NonLethal,2018-07-14,19:45:00,Daylight,130,55,Yes,NoIntersection,Normal,Other,GASTON FLOTTE (rue),M,43.29748542012439,5.2961359762631055
201800009379,NonLethal,2018-07-15,19:30:00,Daylight,130,55,Yes,NoIntersection,Normal,Other,DANIELLE CASANOVA,M,43.32483261084405,5.326483373057557
201800009380,NonLethal,2018-07-15,21:05:00,TwilightOrDawn,130,55,Yes,T-type,Normal,2Vehicles-Behind,PRADO (AVENUE du),M,43.26215377641974,5.265740449894446
201800009382,NonLethal,2018-07-16,12:30:00,Daylight,130,55,Yes,NoIntersection,HeavyRain,Other,BARASSE,M,43.2871874915758,5.284328552432547
201800009383,NonLethal,2018-07-16,14:20:00,Daylight,130,55,Yes,NoIntersection,HeavyRain,2Vehicles-Behind,CHARLES SUSINI (TRAVERSE,M,43.33706390237511,5.334750889893628
201800009384,NonLethal,2018-07-16,14:40:00,Daylight,130,55,Yes,Other,HeavyRain,Other,DUGOMMIER (BD),M,43.29825677479205,5.297743447276549
201800009386,NonLethal,2018-07-16,18:40:00,Daylight,130,55,Yes,NoIntersection,Normal,2Vehicles-Side,POLYTRES (RUE DES),M,43.332011228843314,5.333673002334495
201800009387,NonLethal,2018-07-17,09:20:00,Daylight,130,55,Yes,NoIntersection,Normal,3+Vehicles-Multiple,PADOUANE (BD DE LA ),M,43.35380988976481,5.353863925804094
201800009389,NonLethal,2018-07-17,14:10:00,Daylight,130,55,Yes,NoIntersection,Normal,Other,MARSEILLAISES (PLACE des,M,43.30306845541457,5.301460699125474
201800009390,NonLethal,2018-07-17,14:00:00,Daylight,130,55,Yes,NoIntersection,Normal,2Vehicles-Behind,MARCHAL JUIN (BD),M,43.30839386931673,5.310880385614451
201800009391,NonLethal,2018-07-17,17:35:00,Daylight,130,55,Yes,NoIntersection,Normal,Other,JOSEPH THIERRY (COURS),M,43.30116917600077,5.298065791640576
201800009393,NonLethal,2018-07-18,15:10:00,Daylight,130,55,Yes,NoIntersection,Normal,2Vehicles-Side,RIVE NEUVE (QUAI),M,43.29377134165588,5.292805079119822
201800009394,NonLethal,2018-07-18,16:10:00,Daylight,130,55,Yes,NoIntersection,Normal,2Vehicles-Side,COROT (AVENUE),M,43.32306282794981,5.323029272453022
201800009395,NonLethal,2018-07-18,17:00:00,Daylight,130,55,No,NoIntersection,Normal,Other,PRADO (AVENUE du),M,43.26755866545521,5.265928418953437
201800009396,NonLethal,2018-07-18,22:53:00,NightStreelightsOn,130,55,Yes,X-type,Normal,2Vehicles-Side,SAINTE CECILE (rue),M,43.285325766740655,5.288079760521728
201800009397,NonLethal,2018-07-18,22:30:00,NightStreelightsOn,130,55,Yes,NoIntersection,Normal,2Vehicles-Side,LIEUTAUD (COURS),M,43.29575387288063,5.29542971931719
201800009398,NonLethal,2018-07-19,01:50:00,NightStreelightsOn,130,55,Yes,NoIntersection,Normal,Other,SABLIERE (ROUTE DE LA),M,43.2946240282483,5.294253108733607
201800009400,NonLethal,2018-07-19,10:45:00,Daylight,130,55,Yes,NoIntersection,Normal,3+Vehicles-Multiple,SAINT MENET (AVENUE DE),M,43.289591787240994,5.289649826950231
201800009401,NonLethal,2018-07-19,16:25:00,Daylight,130,55,Yes,Square,Normal,Other,CAPITAINE GALINAT (RUE),M,43.28154493038784,5.283788202771889
201800009402,NonLethal,2018-07-19,23:45:00,NightStreelightsOn,130,55,Yes,NoIntersection,Normal,Other,ALEX. FLEMING (BOULEVARD,M,43.31733362156173,5.315065746821958
201800009403,NonLethal,2018-07-20,09:10:00,Daylight,130,55,Yes,NoIntersection,Normal,Other,CORINTHE (AVENUE de),M,43.283001407729785,5.281204118242868
201800009407,NonLethal,2018-07-21,01:45:00,NightStreelightsOn,130,55,Yes,NoIntersection,Normal,Other,CLOT BEY (AV),M,43.258420626300094,5.260180726180523
201800009408,NonLethal,2018-07-21,03:20:00,NightStreelightsOn,130,55,Yes,X-type,Normal,Other,FRANCIS DAVSO (RUE ),M,43.292588759097605,5.293519350968937
201800009410,NonLethal,2018-07-18,19:10:00,Daylight,130,55,Yes,NoIntersection,Normal,3+Vehicles-Chain,Corniche John Fitzgerald,M,43.27443708722325,5.275467279527675
201800009411,NonLethal,2018-07-21,14:30:00,Daylight,130,55,Yes,Other,Normal,Other,AMPHITRITE (BOULEVARD),M,43.238857946111146,5.239834391391013
201800009412,NonLethal,2018-07-21,18:05:00,Daylight,130,55,Yes,T-type,Normal,2Vehicles-Side,BOISERAIE (rue),M,43.29490383687585,5.295212819863047
201800009413,NonLethal,2018-07-22,01:20:00,NightStreelightsOn,130,2,Yes,NoIntersection,Normal,2Vehicles-Side,JEAN GIONO (AVENUE),M,43.33301147668232,5.334206293707445
201800009414,NonLethal,2018-07-22,02:50:00,NightStreelightsOn,130,55,Yes,NoIntersection,Normal,2Vehicles-Side,"15, SCHLOESING (BD)",M,43.27489884093062,5.2747167810214
201800009415,NonLethal,2018-07-22,13:20:00,Daylight,130,55,Yes,X-type,Normal,2Vehicles-Side,CORSE (AVENUE DE LA),M,43.289918158728405,5.287241395150743
201800009416,NonLethal,2018-07-22,23:00:00,NightStreelightsOn,130,55,Yes,NoIntersection,Normal,3+Vehicles-Multiple,CHARLES NEDELEC (BOULEVA,M,43.30389190976021,5.303115726052735
201800009417,NonLethal,2018-07-23,11:50:00,Daylight,130,55,Yes,NoIntersection,Normal,2Vehicles-Side,DUMONT D'URVILLE (rue),M,43.27247920832839,5.272189345644785
201800009419,NonLethal,2018-07-23,18:00:00,Daylight,130,55,Yes,NoIntersection,Normal,3+Vehicles-Multiple,PRADO (AVENUE du),M,43.27265434842473,5.274894860590663
201800009420,NonLethal,2018-07-24,13:30:00,Daylight,130,55,Yes,NoIntersection,Normal,2Vehicles-Behind,PRADO (contre allée),M,43.26595137156875,5.2664009119897655
201800009421,NonLethal,2018-07-24,16:30:00,Daylight,130,55,Yes,X-type,Normal,2Vehicles-Side,ALBENIZ (ALLEE),M,43.24055508782639,5.238696841564793
201800009423,Lethal,2018-07-24,22:05:00,NightNoStreetLight,130,55,No,NoIntersection,Normal,Other,Col DE LA GINESTE D559,M,43.24547416121161,5.247350202014891
201800009424,NonLethal,2018-07-24,23:20:00,NightStreelightsOn,130,55,Yes,NoIntersection,Normal,2Vehicles-Behind,JULES CANTINI (AVENUE),M,43.27916837972183,5.279043270479539
201800009425,NonLethal,2018-07-25,02:00:00,NightStreelightsOn,130,55,Yes,NoIntersection,Normal,2Vehicles-Side,MENDES FRANCE (AV),M,43.2522427266416,5.254979563287935
201800009426,NonLethal,2018-07-24,18:00:00,Daylight,130,55,Yes,NoIntersection,Normal,Other,MENDES FRANCE (AVENUE),M,43.25626977558489,5.25677919788039