AccidentId,Gravity,Date,Hour,Light,Department,Commune,InAgglomeration,IntersectionType,Weather,CollisionType,PostalAddress,GPSCode,Latitude,Longitude
201800009427,NonLethal,2018-07-25,17:20:00,Daylight,130,55,Yes,X-type,Normal,2Vehicles-Side,GRIGNAN (rue),M,43.29098926338976,5.29321758372493
201800009428,NonLethal,2018-07-25,17:10:00,Daylight,130,55,Yes,NoIntersection,Normal,2Vehicles-Behind,CAPELETTE (AVENUE DE LA),M,43.2791154494192,5.282592282431726
201800009429,NonLethal,2018-07-25,18:16:00,Daylight,130,55,Yes,NoIntersection,Normal,2Vehicles-Side,DELPHES (AVENUE DE),M,43.28492942631251,5.28414526065871
201800009430,NonLethal,2018-07-25,17:30:00,Daylight,130,55,Yes,NoIntersection,Normal,3+Vehicles-Multiple,MICHELET (BOULEVARD),M,43.2699501101706,5.270909054844779
201800009431,NonLethal,2018-07-25,20:30:00,Daylight,130,55,Yes,T-type,Normal,2Vehicles-Side,WILLIAM BOOTH (AVENUE,M,43.2967591605864,5.29563413529049
201800009433,NonLethal,2018-07-26,16:30:00,Daylight,130,55,Yes,NoIntersection,Normal,3+Vehicles-Chain,AUPHAN (Rue),M,43.31757550515282,5.315598796424426
201800009435,NonLethal,2018-07-26,20:55:00,Daylight,130,55,Yes,T-type,Normal,2Vehicles-Side,CHEMIN DU MERLAN A LA RO,M,43.33208032916568,5.330679173437297
201800009436,NonLethal,2018-07-26,10:50:00,Daylight,130,55,Yes,T-type,Normal,3+Vehicles-Multiple,LOUIS REGIS (RUE),M,43.288319380394825,5.2874407456840204
201800009437,NonLethal,2018-07-27,12:40:00,Daylight,130,55,Yes,NoIntersection,Normal,NoCollision,MICHELET (BOULEVARD),M,,
201800009438,NonLethal,2018-07-28,01:55:00,NightStreelightsOn,130,55,Yes,NoIntersection,Normal,2Vehicles-BehindVehicles-Frontal,CROIX ROUGE (AVENUE),M,43.334159356348586,5.333650355798016
201800009439,NonLethal,2018-07-28,02:55:00,NightStreelightsOn,130,55,Yes,NoIntersection,Normal,2Vehicles-Behind,Corniche John Fitzgrald,M,43.26994330695403,5.270141148562324
201800009441,NonLethal,2018-07-28,12:43:00,Daylight,130,55,Yes,NoIntersection,Normal,2Vehicles-Side,Corniche John Fitzgerald,M,43.287146182895455,5.285699283131776
201800009443,NonLethal,2018-07-29,06:20:00,TwilightOrDawn,130,55,Yes,X-type,Normal,2Vehicles-Side,BOUSQUETIER (BD),M,43.31843914264875,5.317940187701458
201800009444,NonLethal,2018-07-29,17:10:00,Daylight,130,55,Yes,T-type,Normal,2Vehicles-Side,COLGATE (Traverse),M,43.23386127024666,5.234082954453278
201800009445,NonLethal,2018-07-29,17:20:00,TwilightOrDawn,130,55,Yes,NoIntersection,Normal,2Vehicles-Side,MARCHAL DE LATTRE (AVEN,M,43.245588338848016,5.247021162208298
201800009446,NonLethal,2018-07-29,20:40:00,Daylight,130,55,Yes,T-type,Normal,2Vehicles-Behind,LYON (RUE DE),M,43.33682784524349,5.338262129046938
201800009448,NonLethal,2018-07-30,07:10:00,TwilightOrDawn,130,55,Yes,X-type,Normal,2Vehicles-Side,LIBERATION (BOULEVARD),M,43.300839890769815,5.300834545304602
201800009449,NonLethal,2018-07-30,09:45:00,Daylight,130,55,Yes,NoIntersection,Normal,2Vehicles-Side,ROSES (AVENUE DES),M,43.32793380565593,5.325493680353135
201800009450,NonLethal,2018-07-30,16:50:00,Daylight,130,55,Yes,T-type,Normal,2Vehicles-Behind,PIERRE DRAVET RUE,M,43.28849504414494,5.289237586943249
201800009453,NonLethal,2018-07-30,22:50:00,NightStreelightsOn,130,55,Yes,T-type,Normal,2Vehicles-Side,SAINT LOUP (BOULEVARD DE,M,43.28391624495771,5.28159846325826
201800009454,NonLethal,2018-07-31,00:18:00,NightStreelightsOn,130,55,Yes,NoIntersection,Normal,Other,CHEVALIER PAUL (RUE du),M,43.307808877865824,5.308469427155553
201800009455,NonLethal,2018-07-31,01:15:00,NightStreelightsOn,130,55,Yes,T-type,Normal,2Vehicles-Side,MICHELET (BOULEVARD),M,43.27153091552102,5.271617737053576
201800009456,NonLethal,2018-07-31,05:30:00,NightStreelightsOff,130,55,Yes,NoIntersection,Normal,Other,PRADO (AVENUE du),M,43.27663682279228,5.275379904813381
201800009457,NonLethal,2018-07-31,10:20:00,Daylight,130,55,Yes,NoIntersection,Normal,Other,PHOCEENS (RUE DES),M,43.30161174899517,5.301248049830378
201800009458,NonLethal,2018-07-31,09:30:00,Daylight,130,55,Yes,NoIntersection,Normal,2Vehicles-Behind,REDON (BOULEVARD du),M,43.25551261723907,5.25445512074792
201800009459,NonLethal,2018-07-31,15:45:00,Daylight,130,55,Yes,Other,Normal,2Vehicles-Side,LUDOVIC LEGRE AVENUE),M,43.25098519228311,5.2486173180136
201800009461,NonLethal,2018-07-31,16:10:00,Daylight,130,75,Yes,NoIntersection,Normal,Other,LOUIS PASTEUR (Av),M,43.351852931081005,5.352484558840095
201800009462,NonLethal,2018-07-31,21:50:00,TwilightOrDawn,130,55,Yes,NoIntersection,Normal,2Vehicles-Side,BLANCARDE (BOULEVARD),M,43.30273394398861,5.302571106490355
201800009465,NonLethal,2018-01-08,13:00:00,Daylight,130,55,Yes,NoIntersection,Normal,Other,SAINT MARCEL (BOULEVARD,M,43.290530134079496,5.288016110655889
201800009466,NonLethal,2018-01-08,14:15:00,Daylight,130,55,Yes,NoIntersection,Normal,Other,CRIMEE (RUE DE),M,43.31035597889606,5.310693952795737
201800009467,NonLethal,2018-01-08,19:35:00,Daylight,130,55,Yes,NoIntersection,Normal,Other,PORT (QUAI DU),M,43.29673747698555,5.296161245968155
201800009470,NonLethal,2018-02-08,10:00:00,Daylight,130,55,Yes,Other,Normal,2Vehicles-Behind,BUTRIS (TRAVERSE DES),M,43.299530718254914,5.298967575788337
201800009471,NonLethal,2018-02-08,08:15:00,Daylight,130,55,Yes,Other,Normal,2Vehicles-Side,SAINTE CECILE (Rue),M,43.287057448992456,5.287079325222574
201800009472,NonLethal,2018-02-08,12:00:00,Daylight,130,55,Yes,NoIntersection,Normal,2Vehicles-Behind,BLANCARDE (BOULEVARD),M,43.30306718149584,5.302872133502888
201800009473,NonLethal,2018-03-08,09:20:00,Daylight,130,55,Yes,T-type,Normal,2Vehicles-BehindVehicles-Frontal,CHANTE PERDRIX (tvse),M,43.2749237350543,5.274003746999084
201800009474,NonLethal,2018-03-08,08:50:00,Daylight,130,55,Yes,X-type,Normal,2Vehicles-Side,BUGEAUD (RUE),M,43.30574622079856,5.305472465324436
201800009476,NonLethal,2018-03-08,14:05:00,Daylight,130,55,Yes,NoIntersection,Normal,2Vehicles-Side,PRADO (AVENUE DU),M,43.26501913878199,5.264910703022963
201800009478,NonLethal,2018-03-08,18:15:00,Daylight,130,55,Yes,NoIntersection,Normal,Other,CANEBIERE     1 A 79,M,43.29866136687048,5.297290161474801
201800009479,NonLethal,2018-04-08,08:30:00,Daylight,130,55,Yes,NoIntersection,Normal,Other,JEAN MOULIN (BOULEVARD),M,43.2843635821768,5.287050007270885
201800009480,NonLethal,2018-08-04,10:00:00,Daylight,130,55,Yes,X-type,Normal,2Vehicles-Side,ARMENY (RUE D'),M,43.29047031805075,5.290274704700141
201800009482,NonLethal,2018-08-04,14:25:00,Daylight,130,55,Yes,T-type,Normal,2Vehicles-Side,DANIELLE CASANOVA PROLON,M,43.3235248260724,5.322801904206711
201800009483,NonLethal,2018-04-08,19:00:00,Daylight,130,55,Yes,NoIntersection,Normal,2Vehicles-BehindVehicles-Frontal,R-point PIERRE GUERRE,M,43.250448456766215,5.250776910048306
201800009484,NonLethal,2018-05-08,03:15:00,NightStreelightsOn,130,55,Yes,NoIntersection,Normal,2Vehicles-Behind,Corniche John Fitzgrald,M,,
201800009485,NonLethal,2018-05-08,19:30:00,Daylight,130,55,Yes,NoIntersection,Normal,NoCollision,MORETTI (BOULEVARD),M,43.32508766635632,5.324611111670476
201800009487,NonLethal,2018-08-06,09:45:00,Daylight,130,55,Yes,Other,Normal,2Vehicles-BehindVehicles-Frontal,ARENC (QUAI D'),M,43.31428784995953,5.316456773764926
201800009488,NonLethal,2018-07-08,07:20:00,Daylight,130,55,Yes,NoIntersection,Normal,NoCollision,CHARTREUX (AVENUE des),M,43.303650557141694,5.306090186936332
201800009489,NonLethal,2018-07-08,12:35:00,Daylight,130,55,Yes,Other,Normal,2Vehicles-Side,MAZARGUES (ROND-POINT),M,43.250110698131,5.250241037665306
201800009491,NonLethal,2018-07-08,19:30:00,Daylight,130,55,Yes,NoIntersection,Normal,2Vehicles-Behind,MENDES FRANCE (AVENUE),M,43.24954017933265,5.248352586584994
201800009492,NonLethal,2018-08-07,21:50:00,NightStreelightsOn,130,55,Yes,NoIntersection,Normal,2Vehicles-Side,ANDRE ZENATTI (AVENUE),M,43.247568842279584,5.247343916630987
201800009493,NonLethal,2018-08-07,20:50:00,NightStreelightsOn,130,55,Yes,NoIntersection,Normal,2Vehicles-Side,CANEBIERE     1 A 79,M,43.2957071931813,5.29522251614678
201800009494,NonLethal,2018-07-08,22:15:00,NightStreelightsOn,130,55,Yes,NoIntersection,Normal,Other,Corniche John Fitzgrald,M,43.27383266366291,5.271518992815102
201800009495,NonLethal,2018-08-07,22:00:00,NightStreelightsOn,130,55,Yes,T-type,Normal,2Vehicles-Side,MARCHAL DE LATTRE (AVEN,M,43.2496855438469,5.246838452398687
201800009496,NonLethal,2018-08-08,08:10:00,Daylight,130,55,Yes,NoIntersection,Normal,3+Vehicles-Chain,JEAN PAUL SARTRE (AVENUE,M,43.32697769778824,5.326215705739544
201800009497,NonLethal,2018-07-31,17:50:00,Daylight,130,55,Yes,NoIntersection,Normal,2Vehicles-Side,MONTREDON (AVENUE de),M,43.24444764277223,5.245672213623301
201800009499,NonLethal,2018-08-08,17:15:00,Daylight,130,55,Yes,T-type,Normal,2Vehicles-Side,JEAN LOMBARD (AVENUE),M,43.28998247496949,5.287854202057682
201800009500,NonLethal,2018-08-08,17:45:00,Daylight,130,55,Yes,NoIntersection,Normal,2Vehicles-Side,ROSE (AVENUE DE LA),M,43.32965449567764,5.328199476253432
201800009501,NonLethal,2018-08-08,19:30:00,Daylight,130,55,Yes,Other,Normal,Other,NATIONAL (BOULEVARD),M,43.30840832115794,5.308500720512355
201800009502,NonLethal,2018-08-08,19:15:00,Daylight,130,55,Yes,NoIntersection,Normal,2Vehicles-BehindVehicles-Frontal,AUGUSTIN ROUX (RUE),M,43.34839363965913,5.349174024867699
201800009503,NonLethal,2018-08-08,22:00:00,NightStreelightsOn,130,55,Yes,T-type,Normal,2Vehicles-Side,ROGER CHIEUSSE (BOULEVAR,M,43.362986103898926,5.363593926415143
201800009504,NonLethal,2018-09-08,10:15:00,Daylight,130,55,Yes,NoIntersection,HeavyRain,NoCollision,DE SAINT LOUIS AU ROVE,M,43.35441395574349,5.353085672320596
201800009505,NonLethal,2018-08-09,17:00:00,Daylight,130,55,Yes,T-type,Normal,2Vehicles-Side,ALEX ANSALDI RUE,M,43.33582290756249,5.334678416209488
201800009506,NonLethal,2018-09-08,18:00:00,Daylight,130,55,Yes,NoIntersection,LightRain,2Vehicles-Behind,CHAVE (BOULEVARD),M,43.29537077114587,5.294751204028294
201800009508,NonLethal,2018-08-09,10:45:00,Daylight,130,55,Yes,NoIntersection,Overcast,Other,"11, MENDES FRANCE (AV)",M,43.60376749923535,5.605206108341117
201800009509,NonLethal,2018-08-10,17:00:00,Daylight,130,55,Yes,T-type,Normal,2Vehicles-Side,CHANTE PERDRIX (tvse),M,43.273436452636,5.274456900803505
201800009510,NonLethal,2018-10-08,20:10:00,TwilightOrDawn,130,55,Yes,X-type,Normal,2Vehicles-Behind,FRANKLIN ROOSEVELT (COUR,M,43.2998173507597,5.298772493994168
201800009511,NonLethal,2018-11-08,00:01:00,NightStreelightsOn,130,55,Yes,NoIntersection,Normal,Other,MENDES FRANCE (AVENUE),M,43.25058572869792,5.252079357754911
201800009512,NonLethal,2018-08-10,23:00:00,NightStreelightsOn,130,55,Yes,T-type,Normal,2Vehicles-Side,ROMAIN ROLLAND (BOULEVAR,M,43.272205334860686,5.27151803820385
201800009513,NonLethal,2018-11-08,15:20:00,Daylight,130,55,Yes,NoIntersection,Normal,2Vehicles-Behind,SCHLOESING (BOULEVARD),M,43.272607639351385,5.27481411782088
201800009514,NonLethal,2018-08-11,19:45:00,Daylight,130,55,Yes,T-type,Normal,2Vehicles-BehindVehicles-Frontal,SAINT PIERRE (RUE),M,43.29168481937772,5.291094746547551
201800009515,NonLethal,2018-11-08,20:40:00,TwilightOrDawn,130,55,Yes,NoIntersection,Normal,Other,ROUCAS BLANC (CH),M,43.27549568240432,5.274021680643886
201800009516,NonLethal,2018-12-08,01:10:00,NightStreelightsOn,130,55,Yes,NoIntersection,Normal,2Vehicles-Side,SAINT LOUP (BOULEVARD DE,M,43.28405751195756,5.283131297979946
201800009517,NonLethal,2018-12-08,01:45:00,NightStreelightsOn,130,55,Yes,NoIntersection,Normal,Other,SAINT MENET (AVENUE DE),M,43.28937384529184,5.2897796374689365
201800009518,NonLethal,2018-08-12,02:10:00,NightStreelightsOn,130,55,Yes,T-type,Normal,2Vehicles-Side,ITALIE (RUE D'),M,43.290141869603865,5.288886070032957
201800009519,NonLethal,2018-08-12,05:10:00,NightStreelightsOn,130,55,Yes,Other,Normal,NoCollision,RABATAU (BOULEVARD),M,43.27687785416517,5.279369303827988
201800009520,NonLethal,2018-08-12,11:30:00,Daylight,130,55,Yes,NoIntersection,Normal,2Vehicles-Behind,Corniche John Fitzgrald,M,43.26915926667165,5.270597877775684
201800009522,NonLethal,2018-12-08,23:00:00,NightStreelightsOff,130,55,Yes,T-type,Normal,2Vehicles-Side,TIMONE (AVENUE DE LA),M,43.28576698972476,5.283800017332352
201800009523,NonLethal,2018-08-13,08:00:00,Daylight,130,55,Yes,NoIntersection,LightRain,NoCollision,PRADO (AVENUE DU),M,43.273820703766496,5.273808044360719
201800009524,NonLethal,2018-08-13,10:40:00,Daylight,130,55,Yes,X-type,Overcast,Other,GUIGOU (BOULEVARD),M,43.3175511799682,5.314686187969772
201800009526,NonLethal,2018-08-13,16:00:00,Daylight,130,55,Yes,Roundabout,Normal,NoCollision,LOUIS BONNEFON (PLACE),M,43.254797712414,5.25450875680404
201800009527,NonLethal,2018-08-13,17:00:00,Daylight,130,55,Yes,NoIntersection,Normal,2Vehicles-Side,PARETTE (PLACE DE LA),M,43.29247718443758,5.293768037637787
201800009528,NonLethal,2018-08-13,19:00:00,TwilightOrDawn,130,55,Yes,X-type,Normal,2Vehicles-Side,ROGER SALENGRO (AVENUE),M,43.32041853516591,5.318495742841741
201800009530,NonLethal,2018-08-14,04:30:00,NightStreelightsOn,130,55,Yes,NoIntersection,Normal,Other,SAINT PAUL (AVENUE),M,43.3275241772913,5.328955067506211
201800009531,NonLethal,2018-08-14,08:35:00,Daylight,130,55,Yes,NoIntersection,Normal,Other,MIREILLE JOURDAN-BARRY,M,43.245118430875344,5.247705892914791
201800009532,NonLethal,2018-08-14,14:00:00,Daylight,130,55,Yes,NoIntersection,Normal,NoCollision,MAZARGUES (AVENUE DE),M,43.26762256798676,5.26738716231033
201800009533,NonLethal,2018-08-14,20:45:00,TwilightOrDawn,130,55,Yes,NoIntersection,Normal,2Vehicles-Behind,GUEIDON (BOULEVARD),M,43.32296635671792,5.322253804810343
201800009534,NonLethal,2018-08-14,21:30:00,NightStreelightsOn,130,55,Yes,NoIntersection,Normal,NoCollision,EMMANUEL CHABRIER),M,43.2394691027698,5.239298050701155
201800009535,NonLethal,2018-08-15,01:20:00,NightStreelightsOn,130,55,Yes,Other,Normal,2Vehicles-Side,LIEUTAUD (COURS),M,43.28603872503693,5.287900461343244
201800009536,NonLethal,2018-08-14,11:25:00,Daylight,130,55,Yes,NoIntersection,Normal,Other,SAINT JEAN DU DESERT (ch,M,43.29691312852284,5.296702010302146
201800009538,NonLethal,2018-08-15,14:30:00,Daylight,130,55,Yes,NoIntersection,Normal,Other,POMPIDOU (PROMENADE),M,,
201800009540,NonLethal,2018-08-15,17:00:00,Daylight,130,55,Yes,NoIntersection,Normal,NoCollision,MONTREDON (AVENUE DE),M,43.245520040973325,5.243420014306373
201800009543,NonLethal,2018-08-16,18:30:00,Daylight,130,55,Yes,NoIntersection,Normal,Other,DUGOMMIER (BOULEVARD),M,43.29882430487208,5.299230568794209
201800009545,NonLethal,2018-08-17,14:45:00,Daylight,130,55,Yes,NoIntersection,Normal,2Vehicles-Side,SCHLOESING (BOULEVARD),M,43.27096067579595,5.270868611537229
201800009547,NonLethal,2018-02-08,21:00:00,TwilightOrDawn,130,55,Yes,NoIntersection,Normal,NoCollision,CHANTE PERDRIX (tvse),M,43.27206304293641,5.274399737872734
201800009548,NonLethal,2018-08-17,20:00:00,NightStreelightsOn,130,55,Yes,Roundabout,Normal,Other,OLIVES (AVENUE des),M,43.32151754373495,5.321436161321199
201800009549,NonLethal,2018-08-18,06:00:00,TwilightOrDawn,130,55,Yes,NoIntersection,Normal,Other,COL DE LA GINESTE D559,M,43.24624077419231,5.246559669403499
201800009550,NonLethal,2018-08-18,13:15:00,Daylight,130,55,Yes,NoIntersection,Normal,2Vehicles-Side,JEAN PAUL SARTRE (AVENUE,M,43.3250326904548,5.324381743793574
201800009551,NonLethal,2018-08-18,15:20:00,Daylight,130,55,Yes,Roundabout,Normal,NoCollision,TREILLE (ROUTE DE LA),M,43.29854303981524,5.300564145688138
201800009552,NonLethal,2018-08-18,19:00:00,Daylight,130,55,Yes,NoIntersection,Normal,Other,CAVAIGNAC (RUE),M,43.30899958179298,5.308204307523579
201800009553,NonLethal,2018-08-18,22:35:00,NightStreelightsOn,130,55,Yes,Roundabout,Normal,2Vehicles-Side,PRADO (AVENUE DU),M,43.27382358312032,5.272553788264086
201800009555,NonLethal,2018-08-19,04:15:00,NightStreelightsOn,130,55,Yes,NoIntersection,Normal,2Vehicles-Behind,CANEBIERE    30 A 68,M,43.29592665240386,5.2965771427096735
201800009556,NonLethal,2018-08-19,18:45:00,Daylight,130,55,Yes,NoIntersection,Normal,2Vehicles-Side,REDON (BOULEVARD DU),M,43.25349184602807,5.251322107627446
201800009557,NonLethal,2018-08-20,16:10:00,Daylight,130,55,Yes,X-type,Normal,2Vehicles-Side,CHANTIER (RUE),M,43.29269763239816,5.293870874114309
201800009558,NonLethal,2018-08-20,16:45:00,Daylight,130,55,Yes,NoIntersection,Normal,3+Vehicles-Multiple,BARASSE,M,43.285319815778,5.284682648811984
201800009559,NonLethal,2018-08-20,18:30:00,Daylight,130,55,No,NoIntersection,Normal,2Vehicles-Side,COL DE LA GINESTE D559,M,43.23812171399964,5.238173760530695
201800009560,NonLethal,2018-08-20,20:50:00,NightStreelightsOn,130,55,Yes,NoIntersection,Normal,2Vehicles-Behind,BASSINS DU RADOUB (QUAI,M,43.32535924455343,5.327217422838622
201800009561,NonLethal,2018-08-21,11:30:00,Daylight,130,55,Yes,NoIntersection,Normal,2Vehicles-Side,BD ALPHONSE*ALLAIS,M,43.34100820137007,5.341100593253903
201800009562,NonLethal,2018-08-21,15:40:00,Daylight,130,55,Yes,NoIntersection,Normal,2Vehicles-Side,MADRAGUE DE MONTREDON (A,M,43.23658896754139,5.237827119170572
201800009563,NonLethal,2018-08-21,16:15:00,Daylight,130,55,Yes,NoIntersection,Normal,2Vehicles-Behind,BLANCARDE (BOULEVARD),M,43.303663814181405,5.303337139100406
201800009564,NonLethal,2018-08-21,21:30:00,NightStreelightsOn,130,55,Yes,NoIntersection,Normal,2Vehicles-Side,STRASBOURG (BOULEVARD),M,43.30924803294816,5.309204796574184
201800009565,NonLethal,2018-08-18,19:15:00,Daylight,130,55,Yes,T-type,Normal,2Vehicles-BehindVehicles-Frontal,MONTOLIVET (AVENUE DE),M,43.308091965609975,5.309622248039126
201800009566,NonLethal,2018-04-07,20:30:00,Daylight,130,55,Yes,X-type,Normal,Other,MARCHAL FOCH (AVENUE),M,43.29929493471951,5.299805548610387
201800009567,Lethal,2018-06-08,23:37:00,NightStreelightsOn,130,55,Yes,X-type,Normal,NoCollision,PRADO (AVENUE DU),M,43.27787311777952,5.276877780773135
201800009568,NonLethal,2018-08-22,13:45:00,Daylight,130,55,Yes,NoIntersection,LightRain,Other,RUE DU BACHAS,M,43.32061740921696,5.318784828669081
201800009569,NonLethal,2018-08-22,13:25:00,Daylight,130,55,Yes,NoIntersection,Normal,Other,MENDES FRANCE (AVENUE),M,43.26077519122474,5.259525819988608
201800009570,NonLethal,2018-08-23,01:30:00,NightStreelightsOn,130,55,Yes,NoIntersection,Normal,Other,PLOMBIERES (BOULEVARD DE,M,43.32078746358531,5.31891148161881
201800009571,NonLethal,2018-08-23,06:45:00,Daylight,130,55,Yes,NoIntersection,Normal,2Vehicles-Side,MICHELET (BOULEVARD),M,43.25819277707379,5.256860002149387
201800009572,NonLethal,2018-08-23,08:50:00,Daylight,130,55,Yes,X-type,Normal,Other,MONTOLIVET (AVENUE DE),M,43.30649771938332,5.308730482213018
201800009573,NonLethal,2018-08-23,13:30:00,Daylight,130,55,Yes,NoIntersection,Normal,2Vehicles-Behind,GARIBALDI (BOULEVARD) Nø,M,43.29649532300684,5.295329327961976
201800009575,NonLethal,2018-08-23,17:10:00,Daylight,130,55,Yes,NoIntersection,Normal,Other,PRADO =AVENUE DU),M,43.280725719670976,5.279757169297601
201800009576,NonLethal,2018-08-23,17:10:00,Daylight,130,55,Yes,T-type,Normal,2Vehicles-Behind,CHATEAU GOMBERT CHEMIN,M,43.337184638897874,5.337377467482234
201800009577,NonLethal,2018-08-23,04:40:00,NightStreelightsOn,130,55,Yes,NoIntersection,Normal,2Vehicles-Side,RABATAU (BOULEVARD),M,43.276620326364544,5.27866632572933
201800009578,NonLethal,2018-08-24,01:35:00,NightStreelightsOn,130,208,Yes,NoIntersection,Normal,Other,MENDES FRANCE (AVENUE),M,43.25106516454203,5.252406111951401
201800009579,NonLethal,2018-08-24,12:30:00,Daylight,130,55,Yes,NoIntersection,Normal,3+Vehicles-Multiple,PARADIS (RUE),M,43.27718845931816,5.276258322959914
201800009580,NonLethal,2018-08-24,12:20:00,Daylight,130,55,Yes,NoIntersection,Normal,Other,RABATAU (BOULEVARD),M,43.27301228286067,5.27365599205507
201800009582,NonLethal,2018-08-25,08:30:00,Daylight,130,55,Yes,NoIntersection,Normal,Other,RABATAU (BOULEVARD),M,43.27380081629352,5.273152686883464
201800009583,NonLethal,2018-08-25,20:45:00,NightStreelightsOn,130,55,Yes,Other,Normal,2Vehicles-Side,PRADO (AVENUE DU),M,,
201800009584,NonLethal,2018-08-25,21:30:00,NightStreelightsOn,130,55,Yes,NoIntersection,Normal,3+Vehicles-Chain,RTE D' ALLAUCH,M,43.30657535588189,5.307661080485034
201800009586,NonLethal,2018-08-26,16:10:00,Daylight,130,55,Yes,NoIntersection,Normal,Other,LYON (RUE DE),M,43.33352171835839,5.332847245339599
201800009587,NonLethal,2018-08-26,17:35:00,Daylight,130,55,Yes,Other,Normal,2Vehicles-Side,CAP PINEDE (Avenue),M,43.32782894632052,5.328887028567374
201800009588,NonLethal,2018-08-26,20:45:00,NightStreelightsOn,130,55,Yes,NoIntersection,Normal,2Vehicles-Side,AVENUE DE MONTOLIVET,M,43.31623717563101,5.314338464794898
201800009590,NonLethal,2018-08-27,08:30:00,Daylight,130,55,Yes,NoIntersection,Normal,2Vehicles-Side,Bd FERDINAND DE LESSEPS,M,43.31864951921152,5.31760008659256
201800009591,NonLethal,2018-08-27,11:00:00,Daylight,130,55,Yes,X-type,Normal,Other,CORINTHE (AVENUE DE),M,43.28576317700688,5.286466714035926
201800009592,NonLethal,2018-08-27,10:30:00,Daylight,130,55,Yes,NoIntersection,Normal,2Vehicles-Behind,LON MEISSEREL (RUE),M,43.30489708607911,5.30700348500674
201800009593,NonLethal,2018-08-27,12:30:00,Daylight,130,55,Yes,T-type,Normal,2Vehicles-Side,SAINTE MARGUERITE (BOULE,M,43.266166773175655,5.265250331481458
201800009594,NonLethal,2018-08-27,15:05:00,Daylight,130,55,Yes,X-type,Normal,2Vehicles-BehindVehicles-Frontal,COLBERT (RUE),M,43.30087361635605,5.298912077658851
201800009595,NonLethal,2018-08-27,15:45:00,Daylight,130,55,Yes,X-type,Normal,2Vehicles-Side,PINATEL (BOULEVARD),M,43.31470747054691,5.31663710169721
201800009596,NonLethal,2018-08-27,15:00:00,Daylight,130,55,Yes,T-type,Normal,Other,SAINTE MARTHE (chemin),M,43.32369500376851,5.32233017997034
201800009597,NonLethal,2018-07-01,23:30:00,NightStreelightsOn,130,55,Yes,T-type,Normal,NoCollision,BAILLE (BD),M,43.28547749000055,5.285431667985652
201800009600,NonLethal,2018-08-28,10:00:00,Daylight,130,55,Yes,NoIntersection,Normal,Other,VALBARELLE (CHEMIN DE LA,M,43.28164787130659,5.280753138915175
201800009601,NonLethal,2018-08-28,10:00:00,Daylight,130,55,Yes,NoIntersection,Normal,Other,GAVOTTE (RUE DE LA),M,43.37187328701904,5.371679464512083
201800009603,NonLethal,2018-08-28,11:15:00,Daylight,130,55,Yes,NoIntersection,Normal,2Vehicles-Side,PLOMBIERES (BOULEVARD),M,43.31944237639436,5.318767388989938
201800009604,NonLethal,2018-08-28,15:30:00,Daylight,130,55,Yes,X-type,Normal,2Vehicles-Side,CRIMEE (RUE DE),M,43.30829627917706,5.308330255293423
201800009605,NonLethal,2018-08-28,21:50:00,NightStreelightsOn,130,55,Yes,T-type,Normal,2Vehicles-BehindVehicles-Frontal,MARCHAL DE LATTRE (AVEN,M,43.24634759950511,5.246163698703479
201800009606,NonLethal,2018-08-29,08:10:00,Daylight,130,55,Yes,NoIntersection,Normal,2Vehicles-Side,MIREILLE LAUZE (BOULEVAR,M,43.28166393002115,5.2831178519222
201800009608,NonLethal,2018-08-29,11:15:00,Daylight,130,55,Yes,NoIntersection,Normal,3+Vehicles-Chain,PIERRE DOIZE  (RUE),M,43.27165870424319,5.270453287982509
201800009609,NonLethal,2018-08-29,12:30:00,Daylight,130,55,Yes,NoIntersection,Normal,NoCollision,SAINT MARCEL (BOULEVARD,M,43.28619543293056,5.285241159343943
201800009610,NonLethal,2018-08-29,17:10:00,Daylight,130,55,Yes,NoIntersection,Normal,Other,GASTON FLOTTE (RUE),M,43.296957719180256,5.29504623754034
201800009611,NonLethal,2018-08-29,17:30:00,Daylight,130,55,Yes,X-type,Normal,2Vehicles-Side,JEANNE D'ARC (BOULEVARD),M,43.29477774377058,5.2957939963254175
201800009612,NonLethal,2018-08-29,21:23:00,NightStreelightsOn,130,55,Yes,T-type,Normal,Other,CANEBIERE     1 A 79,M,43.296540632516056,5.294498472895256
201800009613,NonLethal,2018-08-20,01:30:00,NightStreelightsOn,130,55,Yes,NoIntersection,Normal,Other,F ; MAURIAC (RUE),M,43.27073522996875,5.27239964066623
201800009614,NonLethal,2018-08-30,08:00:00,Daylight,130,55,Yes,Square,Normal,Other,CORDERIE (PLACE DE LA),M,43.29111876376129,5.291067858935285
201800009615,NonLethal,2018-08-30,08:00:00,Daylight,130,55,Yes,Other,Normal,3+Vehicles-Chain,NOTRE DAME (BD),M,43.28410820623776,5.28572130381552
201800009616,NonLethal,2018-08-30,11:00:00,Daylight,130,55,Yes,NoIntersection,Normal,Other,JEAN BOUIN (AVENUE),M,43.26815957554495,5.26759425499465
201800009617,NonLethal,2018-08-30,12:50:00,Daylight,130,55,Yes,NoIntersection,Normal,Other,SAINT PIERRE (RUE),M,43.28899680787493,5.289998771460109
201800009618,NonLethal,2018-08-30,08:25:00,Daylight,130,55,Yes,NoIntersection,Normal,Other,Corriche John Fitzgrald,M,43.277484661628506,5.27860401117111
201800009620,NonLethal,2018-08-30,03:45:00,NightStreelightsOn,130,55,Yes,X-type,Normal,2Vehicles-Side,SAINTE MARGUERITE (BOULE,M,43.26495439436015,5.264492366126931
201800009623,NonLethal,2018-08-31,09:00:00,Daylight,130,55,Yes,NoIntersection,Normal,NoCollision,ORANGE (RUE D'),M,43.31235114373481,5.312922898314808
201800009624,NonLethal,2018-08-31,14:15:00,Daylight,130,75,Yes,NoIntersection,Normal,3+Vehicles-Multiple,FRDRIC CHEVILLON (AVEN,M,43.34717580690268,5.346884224635248