AccidentId,Gravity,Date,Hour,Light,Department,Commune,InAgglomeration,IntersectionType,Weather,CollisionType,PostalAddress,GPSCode,Latitude,Longitude
201800009625,NonLethal,2018-08-31,15:15:00,Daylight,130,55,Yes,T-type,Normal,2Vehicles-Side,FLAMMARION (BOULEVARD),M,43.30342889492274,5.306055325717612
201800009626,NonLethal,2018-01-09,10:50:00,Daylight,130,55,Yes,T-type,Normal,2Vehicles-Side,SAINT JUST (AVENUE de),M,43.3148839751748,5.314193142092022
201800009627,NonLethal,2018-09-02,00:01:00,NightStreelightsOn,130,55,Yes,NoIntersection,Normal,2Vehicles-Side,TROLLAT (TRAVERSE),M,43.27099685204214,5.2730220729346495
201800009628,NonLethal,2018-02-09,05:05:00,NightStreelightsOn,130,55,Yes,Other,Normal,Other,JEAN BALLARD (Cours),M,43.293000850533126,5.292079037499458
201800009629,NonLethal,2018-09-02,12:45:00,Daylight,130,55,Yes,NoIntersection,Normal,Other,EMMANUEL CHABRIER),M,43.23879792360822,5.240723420410271
201800009630,NonLethal,2018-02-09,12:30:00,Daylight,130,55,Yes,NoIntersection,Normal,2Vehicles-Side,RIVE NEUVE (Quai),M,43.29342714387776,5.291079032089053
201800009631,NonLethal,2018-02-09,13:45:00,Daylight,130,55,Yes,NoIntersection,Normal,2Vehicles-Side,Av du Général Leclerc,M,43.304736425888976,5.302459805702372
201800009633,NonLethal,2018-02-09,18:50:00,Daylight,130,55,Yes,Roundabout,Normal,2Vehicles-Side,ALBIN MEYLAN (RUE),M,43.36491314820469,5.364029674696372
201800009634,NonLethal,2018-09-01,19:00:00,Daylight,130,55,Yes,NoIntersection,Normal,2Vehicles-Behind,AVENUE RAIMU,M,43.33113751540591,5.333299414692102
201800009636,NonLethal,2018-01-09,14:01:00,Daylight,130,55,Yes,T-type,Normal,2Vehicles-Side,CROIX ROUGE AVENUE,M,43.33469390611232,5.333796778754143
201800009637,NonLethal,2018-09-03,12:25:00,Daylight,130,55,Yes,NoIntersection,Normal,3+Vehicles-Chain,LITTORAL (CHEMIN DU),M,43.355001276027856,5.35288646880568
201800009638,NonLethal,2018-04-09,22:40:00,NightStreelightsOn,130,55,Yes,X-type,Normal,2Vehicles-BehindVehicles-Frontal,ROSE (AVENUE DE LA),M,43.32832521541637,5.32586915658583
201800009639,NonLethal,2018-09-04,07:15:00,Daylight,130,55,Yes,NoIntersection,Normal,2Vehicles-BehindVehicles-Frontal,CONCORDE (BOULEVARD DE L,M,43.24999077971363,5.248613587752399
201800009640,NonLethal,2018-04-09,07:15:00,TwilightOrDawn,130,55,Yes,X-type,Normal,2Vehicles-Side,FRANCOISE DUPARC (Bd),M,43.30058732419866,5.298713603973948
201800009641,NonLethal,2018-04-09,07:30:00,TwilightOrDawn,130,55,Yes,NoIntersection,Normal,Other,NOTRE DAME (BD),M,43.284181471934616,5.287968220231795
201800009642,NonLethal,2018-04-09,08:00:00,Daylight,130,55,Yes,NoIntersection,Normal,2Vehicles-Side,PRADO (AVENUE du),M,43.265655118790725,5.266573004790401
201800009643,NonLethal,2018-04-09,09:50:00,Daylight,130,55,Yes,Roundabout,Normal,2Vehicles-Side,SALVADOR ALLENDE (RUE),M,43.32694311279938,5.329824256641833
201800009644,NonLethal,2018-04-09,13:30:00,Daylight,130,55,Yes,NoIntersection,Normal,2Vehicles-Side,STRASBOURG (BOULEVARD),M,43.30735137179008,5.306316391877406
201800009645,NonLethal,2018-09-04,16:00:00,Daylight,130,55,Yes,NoIntersection,Normal,Other,MORETTI (BOULEVARD),M,43.32238173294864,5.324470058198046
201800009647,NonLethal,2018-05-09,08:00:00,Daylight,130,2,Yes,NoIntersection,Normal,3+Vehicles-Chain,MARCEL JULIEN (AVENUE),M,43.35521539518172,5.356442825220132
201800009648,NonLethal,2018-05-09,14:05:00,Daylight,130,55,Yes,Y-type,Normal,3+Vehicles-Chain,SAINT JEAN DU DESERT (ch,M,43.296830874486304,5.295949467042797
201800009650,NonLethal,2018-05-09,21:44:00,NightStreelightsOn,130,55,Yes,NoIntersection,Normal,2Vehicles-BehindVehicles-Frontal,MERLAN (AVENUE DU),M,43.33525912289605,5.335690787666044
201800009651,NonLethal,2018-09-06,08:45:00,Daylight,130,55,Yes,NoIntersection,Normal,3+Vehicles-Chain,GAROUTTE (BOULEVARD),M,43.30761124598037,5.307497082392252
201800009652,NonLethal,2018-06-09,09:45:00,Daylight,130,55,Yes,NoIntersection,Normal,2Vehicles-Side,RABATAU (BOULEVARD),M,43.27642746820531,5.278451376905238
201800009653,NonLethal,2018-09-05,19:00:00,Daylight,130,55,Yes,NoIntersection,Normal,3+Vehicles-Chain,PRADO (AVENUE du),M,43.27259511579136,5.274960541941911
201800009654,NonLethal,2018-09-05,14:00:00,Daylight,130,55,Yes,T-type,Normal,2Vehicles-Side,BERTHELOT (RUE),M,43.33911051656264,5.339483297430661
201800009656,NonLethal,2018-06-09,11:40:00,Daylight,130,55,Yes,NoIntersection,LightRain,Other,BARASSE,M,43.28482776723489,5.285180323679709
201800009657,NonLethal,2018-06-09,14:55:00,Daylight,130,55,Yes,NoIntersection,Normal,Other,MARCHAL DE LATTRE (AVEN,M,43.247767010730506,5.245751562981113
201800009658,NonLethal,2018-06-09,13:30:00,Daylight,130,55,Yes,NoIntersection,Normal,2Vehicles-Side,SAKAKINI (BD),M,43.29932757908564,5.298689922860851
201800009659,NonLethal,2018-09-06,17:45:00,Daylight,130,55,Yes,NoIntersection,Normal,2Vehicles-Behind,LA PUGETTE (BOULEVARD),M,43.26799534069427,5.266035794956468
201800009660,NonLethal,2018-09-06,19:00:00,Daylight,130,55,Yes,NoIntersection,Normal,2Vehicles-Behind,POILUS (AVENUE DES),M,43.31288774026039,5.314890858574347
201800009661,NonLethal,2018-09-06,20:45:00,NightStreelightsOn,130,55,Yes,NoIntersection,Normal,2Vehicles-Side,JEAN PAUL SARTRE (AVENUE,M,43.32749509837152,5.3281508787280965
201800009662,NonLethal,2018-09-06,19:30:00,TwilightOrDawn,130,55,Yes,NoIntersection,Normal,2Vehicles-Side,GIBBES (TRAVERSE),M,43.31640986950492,5.318765920115295
201800009663,NonLethal,2018-06-09,22:10:00,NightStreelightsOn,130,55,Yes,NoIntersection,Normal,2Vehicles-Side,Corniche John Fitzgrald,M,43.2761457265996,5.2757360251309935
201800009664,NonLethal,2018-09-06,21:45:00,NightStreelightsOn,130,2,Yes,NoIntersection,Normal,2Vehicles-BehindVehicles-Frontal,MILLE ECUS (TRAVERSE),M,43.33699274253819,5.337779571624687
201800009665,NonLethal,2018-09-06,21:05:00,NightStreelightsOn,130,55,Yes,NoIntersection,Normal,NoCollision,Bd Barry,M,43.316141892922445,5.315476647148865
201800009666,NonLethal,2018-09-07,08:40:00,Daylight,130,55,Yes,NoIntersection,Normal,NoCollision,REDON (BOULEVARD DU),M,43.252348172665066,5.250163208330713
201800009667,NonLethal,2018-09-07,13:00:00,Daylight,130,55,Yes,T-type,Normal,Other,SAINT PIERRE Rue,M,43.28996735972044,5.292158540562975
201800009668,Lethal,2018-07-09,14:44:00,Daylight,130,55,Yes,NoIntersection,Normal,2Vehicles-Side,PIERRE PUGET (cours),M,43.29031913116981,5.290483782759187
201800009669,NonLethal,2018-09-07,17:20:00,Daylight,130,55,Yes,X-type,Normal,2Vehicles-Side,KLEBER (RUE),M,43.30494650251864,5.308700660002383
201800009670,NonLethal,2018-08-09,06:00:00,NightStreelightsOn,130,55,Yes,Other,Normal,NoCollision,JULES CANTINI (AV),M,43.28429523849337,5.282538857710734
201800009672,NonLethal,2018-09-08,11:15:00,Daylight,130,55,Yes,X-type,Normal,2Vehicles-Side,PARADIS,M,43.28706124463146,5.28784448740975
201800009673,NonLethal,2018-08-09,16:15:00,Daylight,130,55,Yes,NoIntersection,Normal,2Vehicles-Side,GARIBALDI (BOULEVARD),M,43.297447403002025,5.296809401160334
201800009674,NonLethal,2018-09-08,16:50:00,Daylight,130,55,Yes,Other,Normal,Other,SABLIERE (ROUTE DE LA),M,43.29320554595935,5.293467582709272
201800009675,NonLethal,2018-08-09,17:40:00,Daylight,130,55,Yes,NoIntersection,Normal,2Vehicles-Side,SABLIERE (ROUTE DE LA),M,43.29122118034476,5.289045440988004
201800009676,NonLethal,2018-08-09,23:00:00,NightStreelightsOn,130,55,Yes,T-type,Normal,Other,MONTOLIVET (AVENUE DE),M,43.31679901018593,5.318315744575422
201800009677,NonLethal,2018-09-09,13:40:00,Daylight,130,55,Yes,X-type,Normal,2Vehicles-Side,FALQUE (RUE),M,43.284523064119135,5.285418268961297
201800009678,NonLethal,2018-09-09,14:00:00,Daylight,130,55,Yes,NoIntersection,Normal,2Vehicles-Side,ESTAQUE PLAGE,M,43.359699059086765,5.359991233005808
201800009679,NonLethal,2018-09-09,19:55:00,TwilightOrDawn,130,55,Yes,NoIntersection,Normal,2Vehicles-Side,ROUGUIERE (ALLE DE LA ),M,43.29593379547171,5.296049894884538
201800009681,NonLethal,2018-10-09,08:30:00,Daylight,130,55,Yes,NoIntersection,Normal,2Vehicles-Behind,SAINT LOUP (BOULEVARD DE,M,43.28343510005212,5.282473705833564
201800009683,NonLethal,2018-10-09,14:30:00,Daylight,130,55,Yes,Other,Normal,2Vehicles-BehindVehicles-Frontal,LAZER (BOULEVARD),M,43.279632587163775,5.27912025845852
201800009685,NonLethal,2018-09-10,17:00:00,Daylight,130,55,Yes,NoIntersection,Normal,Other,ALPHONSE DAUDET (RUE),M,43.32249787870904,5.323374742093375
201800009687,NonLethal,2018-11-09,09:50:00,Daylight,130,55,Yes,NoIntersection,Normal,2Vehicles-Side,AMPERE (BOULEVARD),M,43.337435692424485,5.33880866808006
201800009689,NonLethal,2018-09-05,18:45:00,Daylight,130,55,Yes,NoIntersection,Normal,Other,VISTE (AVENUE DE LA),M,43.35594273834074,5.355831960746867
201800009691,NonLethal,2018-11-09,12:30:00,Daylight,130,55,Yes,NoIntersection,Normal,2Vehicles-Side,PRADO (AVENUE DU),M,43.28279093523888,5.283031239249324
201800009692,NonLethal,2018-09-11,16:00:00,Daylight,130,55,Yes,NoIntersection,Normal,2Vehicles-Side,Corniche John Fitzgerald,M,43.27255919256751,5.27485667073556
201800009693,NonLethal,2018-09-11,16:50:00,Daylight,130,55,Yes,NoIntersection,Normal,Other,ROUGIER (BD),M,43.30481085739438,5.304886645081336
201800009698,NonLethal,2018-12-09,11:20:00,Daylight,130,75,Yes,NoIntersection,Normal,Other,GENERAL DE GAULLE (MAIL),M,43.34690073876742,5.346534119153026
201800009699,NonLethal,2018-12-09,06:00:00,NightStreelightsOn,130,55,Yes,NoIntersection,Normal,Other,REDON (BOULEVARD DU),M,43.249173257373485,5.248846834461015
201800009700,NonLethal,2018-12-09,13:00:00,Daylight,130,55,Yes,X-type,Normal,2Vehicles-Side,AMEDEE PALMIERI (RUE),M,43.316414136499006,5.316542938857799
201800009702,NonLethal,2018-09-12,13:55:00,Daylight,130,55,Yes,X-type,Normal,Other,BRIFFAUT (Rue),M,43.294841219386136,5.293960751785273
201800009703,NonLethal,2018-09-13,08:15:00,Daylight,130,55,Yes,NoIntersection,Normal,2Vehicles-Behind,ALEXANDRE DUMAS (RUE),M,43.26409792950189,5.262861102377814
201800009704,NonLethal,2018-09-13,17:00:00,Daylight,130,55,Yes,NoIntersection,Normal,2Vehicles-Behind,RABATAU (BD),M,43.27967888768348,5.279342301689046
201800009705,NonLethal,2018-09-13,17:30:00,Daylight,130,55,Yes,Other,Normal,2Vehicles-Side,SAINTE MARTHE (AVENUE DE,M,43.33018647853471,5.330137404021403
201800009706,NonLethal,2018-09-13,19:00:00,Daylight,130,55,Yes,Other,Normal,2Vehicles-Side,HENRI FRENAY (ROND-POINT,M,43.2552444551044,5.253575041462546
201800009707,NonLethal,2018-09-13,21:15:00,NightStreelightsOn,130,55,Yes,X-type,Normal,2Vehicles-Side,BROCHIER (RUE),M,43.29100134016692,5.292378883985824
201800009709,Lethal,2018-09-13,20:28:00,NightStreelightsOn,130,55,Yes,NoIntersection,Normal,Other,FRANOISE DUPARC (Bd),M,43.30883634152074,5.30810555569869
201800009711,NonLethal,2018-09-14,02:30:00,NightStreelightsOn,130,55,Yes,NoIntersection,Normal,Other,AMARYLLIS (CHEMIN Des),M,43.31595898889381,5.316553178601369
201800009713,NonLethal,2018-09-14,08:40:00,Daylight,130,55,Yes,NoIntersection,Normal,Other,BOMPARD (BOULEVARD),M,43.279881608845365,5.2809118595064914
201800009714,NonLethal,2018-09-14,09:30:00,Daylight,130,55,Yes,T-type,Normal,2Vehicles-Side,PONT DE VIVAUX (BOULEVAR,M,43.280583374930586,5.282436192653857
201800009715,NonLethal,2018-09-13,17:30:00,Daylight,130,55,Yes,NoIntersection,Normal,3+Vehicles-Chain,POILUS (AV des),M,43.31735858548168,5.317215158362963
201800009716,NonLethal,2018-09-14,17:00:00,Daylight,130,55,Yes,NoIntersection,Normal,3+Vehicles-Multiple,AUDIENCE (Rue DE L'),M,43.29525120044528,5.299771188748317
201800009717,NonLethal,2018-09-15,15:55:00,Daylight,130,75,Yes,NoIntersection,Normal,NoCollision,FREDERIC MISTRAL (AV),M,43.35133409391917,5.350718083532052
201800009718,NonLethal,2018-09-15,18:15:00,Daylight,130,55,Yes,X-type,Normal,2Vehicles-Side,SAINT LOUIS (AVENUE DE),M,43.34717961349392,5.34958319057227
201800009719,NonLethal,2018-09-16,01:06:00,NightStreelightsOn,130,55,Yes,X-type,Normal,Other,ROMAIN ROLLAND (Bd,M,43.27106268135674,5.271995386245981
201800009720,NonLethal,2018-09-16,05:40:00,NightStreelightsOn,130,55,Yes,NoIntersection,Normal,2Vehicles-Behind,BAILLE (BD),M,43.28709876061754,5.286159998835138
201800009722,NonLethal,2018-09-17,01:00:00,NightStreelightsOn,130,55,Yes,NoIntersection,Normal,2Vehicles-Side,VINCENT DELPUECH (BOULEV,M,43.28164578033585,5.282083839130671
201800009724,NonLethal,2018-09-17,14:45:00,Daylight,130,55,Yes,NoIntersection,Normal,Other,ROUET (RUE du),M,43.28075388546458,5.277788173897
201800009726,NonLethal,2018-09-17,18:15:00,Daylight,130,55,Yes,T-type,Normal,2Vehicles-Behind,SAINT MARCEL (BD),M,43.28993823139616,5.287456097735558
201800009727,NonLethal,2018-09-17,23:25:00,NightStreelightsOn,130,55,Yes,T-type,Normal,2Vehicles-Side,MAZARGUES (AVENUE de),M,43.26461834460227,5.267553064916768
201800009728,NonLethal,2018-09-18,08:00:00,Daylight,130,55,Yes,NoIntersection,Normal,2Vehicles-Side,RTE D' ALLAUCH,M,43.30996648377825,5.308619651149858
201800009729,NonLethal,2018-09-18,08:30:00,Daylight,130,55,Yes,NoIntersection,Normal,Other,SAINT MENET (AVENUE DE),M,43.28763723458448,5.288500909844631
201800009730,NonLethal,2018-09-18,12:05:00,Daylight,130,55,Yes,NoIntersection,Normal,2Vehicles-Side,MICHELET (BOULEVARD),M,43.26885499295672,5.270521530000723
201800009732,NonLethal,2018-09-18,22:20:00,NightStreelightsOn,130,55,Yes,NoIntersection,Normal,2Vehicles-Side,RABATAU (BOULEVARD),M,43.27792160605295,5.276176826645675
201800009733,NonLethal,2018-10-09,20:50:00,NightStreelightsOn,130,55,Yes,NoIntersection,Normal,2Vehicles-Side,FIFI TURIN (rue),M,43.281304735063394,5.28216856914792
201800009734,NonLethal,2018-09-19,08:30:00,Daylight,130,55,Yes,X-type,Normal,2Vehicles-Side,PARADIS (RUE),M,43.28853145786231,5.289150887381511
201800009735,NonLethal,2018-09-19,12:49:00,Daylight,130,55,Yes,T-type,Normal,2Vehicles-Side,CAPELETTE (AVENUE DE la),M,43.282121345791246,5.279695710650826
201800009737,NonLethal,2018-09-19,14:45:00,Daylight,130,55,Yes,NoIntersection,Normal,2Vehicles-Side,BONNEFOY (RUE),M,43.27970615725873,5.280983542205129
201800009738,NonLethal,2018-09-18,17:20:00,Daylight,130,55,Yes,NoIntersection,Normal,Other,DANIELLE CASANOVA,M,43.32745376538109,5.326287434457613
201800009739,NonLethal,2018-09-18,23:55:00,NightStreelightsOn,130,55,Yes,NoIntersection,Normal,Other,DE SAINT LOUIS AU ROVE (,M,43.34986679820387,5.349729664667009
201800009740,NonLethal,2018-09-16,19:35:00,TwilightOrDawn,130,55,Yes,NoIntersection,Normal,2Vehicles-Side,KRAEMER (BOULEVARD),M,43.32364955203245,5.321361600839732
201800009741,NonLethal,2018-09-20,09:30:00,Daylight,130,55,Yes,NoIntersection,Normal,2Vehicles-Side,SAINT JEAN (BD),M,43.281371323794566,5.279026896374307
201800009742,NonLethal,2018-09-20,09:23:00,Daylight,130,55,Yes,Y-type,Normal,Other,BESSONS (CHEMIN DES),M,43.34330855876979,5.341703281472433
201800009743,NonLethal,2018-09-20,10:45:00,Daylight,130,2,Yes,Roundabout,Normal,2Vehicles-Side,MOUREN PLACE,M,43.35641927059273,5.355858344698884
201800009744,NonLethal,2018-09-20,15:45:00,Daylight,130,55,Yes,X-type,Normal,2Vehicles-Side,BRETEUIL (rue),M,43.2900677000349,5.289446908120907
201800009745,NonLethal,2018-09-20,16:15:00,Daylight,130,55,Yes,T-type,Normal,Other,FLAMMARION (BD),M,43.30744480754368,5.30697589506056
201800009746,NonLethal,2018-09-20,18:00:00,Daylight,130,55,Yes,NoIntersection,Normal,2Vehicles-Side,OLIVES (AVENUE DES),M,43.32677906276671,5.326106879198798
201800009747,NonLethal,2018-09-20,18:30:00,Daylight,130,55,Yes,X-type,Normal,2Vehicles-Side,ROGER BRUN (rue),M,43.28674325200464,5.286863980041365
201800009748,NonLethal,2018-09-20,19:05:00,TwilightOrDawn,130,55,Yes,NoIntersection,Normal,2Vehicles-Behind,CAPITAINE GEZE (BOULEVAR,M,43.32950938586924,5.330084073622037
201800009749,NonLethal,2018-09-20,22:45:00,NightStreelightsOn,130,55,Yes,NoIntersection,Normal,2Vehicles-Side,GOUMIERS (AVENUE DES),M,43.24528745763679,5.248340715008253
201800009750,NonLethal,2018-09-21,02:30:00,NightStreelightsOn,130,55,Yes,NoIntersection,Normal,Other,ROUCAS BLAN (CHEMIN),M,43.27815272148172,5.2784527910559325
201800009751,NonLethal,2018-09-21,08:00:00,Daylight,130,55,Yes,NoIntersection,Normal,Other,GUADELOUPE (IMPASSE DE L,M,43.28038789489559,5.2805234888682495
201800009752,NonLethal,2018-09-21,07:55:00,Daylight,130,55,Yes,T-type,Normal,2Vehicles-Side,CAILLOLS (AVENUE DES),M,43.30364067001736,5.3026242552938845
201800009753,NonLethal,2018-09-21,12:00:00,Daylight,130,55,Yes,X-type,Normal,2Vehicles-Side,LeON GAMBETTA (Allée),M,43.29948379028964,5.300993494173634
201800009754,NonLethal,2018-09-21,07:50:00,Daylight,130,55,Yes,NoIntersection,Normal,2Vehicles-Side,SAINT MITRE A FOUR DE BU,M,43.34304908624863,5.343120789692324
201800009755,NonLethal,2018-09-21,09:25:00,Daylight,130,55,Yes,Y-type,Normal,2Vehicles-Side,ALEX ANSALDI (RUE),M,43.330309154456735,5.331035474865253
201800009756,NonLethal,2018-09-21,12:55:00,Daylight,130,55,Yes,T-type,Normal,2Vehicles-Side,OCTROI (BOULEVARD DE L'),M,43.28279085749262,5.280979444324878
201800009757,NonLethal,2018-09-21,15:30:00,Daylight,130,55,Yes,NoIntersection,Normal,Other,SAINT LOUIS (AVENUE DE),M,43.34386333307396,5.342781500098723
201800009758,NonLethal,2018-09-21,13:45:00,Daylight,130,55,Yes,NoIntersection,Normal,2Vehicles-Side,MILLIERE (BOULEVARD DE L,M,43.28368930197186,5.284356629422142
201800009759,NonLethal,2018-09-21,16:50:00,Daylight,130,55,Yes,NoIntersection,Normal,Other,Baumillons,M,43.38047955215101,5.381727228872853
201800009760,NonLethal,2018-09-21,16:40:00,Daylight,130,55,Yes,Other,Normal,Other,PARTY (CHEMIN DE),M,43.34915730212823,5.350240953419624
201800009761,NonLethal,2018-09-21,14:30:00,Daylight,130,55,Yes,NoIntersection,Normal,Other,NOTRE DAME DE CONSOLATIO,M,43.339723007035616,5.3400942979222
201800009762,NonLethal,2018-09-21,20:30:00,NightStreelightsOn,130,55,Yes,NoIntersection,Normal,2Vehicles-Behind,PONT DE VIVAUX (Bd),M,43.27998432629431,5.281376212603343
201800009763,NonLethal,2018-09-21,22:00:00,NightStreelightsOn,130,55,Yes,NoIntersection,Normal,Other,ROMAIN ROLLAND (BOULEVAR,M,43.27196690005653,5.272659587106119
201800009765,NonLethal,2018-09-22,11:45:00,Daylight,130,55,Yes,NoIntersection,Normal,2Vehicles-Behind,LON LACHAMP (ROUTE),M,43.24819719222623,5.249330488349032
201800009767,NonLethal,2018-09-22,19:10:00,TwilightOrDawn,130,55,Yes,NoIntersection,Normal,2Vehicles-Behind,MADRAGUE VILLE (chemin d,M,43.34972852085342,5.347480015235075
201800009768,NonLethal,2018-09-22,22:30:00,NightStreelightsOn,130,55,Yes,MoreThan4Branches,Normal,2Vehicles-Side,WRESINKI (rond point),M,43.3311620553248,5.3313439668864016
201800009769,NonLethal,2018-09-22,21:15:00,NightStreelightsOn,130,55,Yes,NoIntersection,Normal,2Vehicles-Side,RAYMOND TEISSERE (RUE),M,43.27191490361047,5.2728499910578615
201800009770,NonLethal,2018-09-22,21:53:00,NightNoStreetLight,130,55,Yes,NoIntersection,Normal,Other,DUGOMMIER (BD),M,43.30057953386682,5.29729159136172
201800009771,NonLethal,2018-09-23,01:50:00,NightStreelightsOn,130,2,Yes,NoIntersection,Normal,2Vehicles-Behind,PROVENCE (AVENUE DE),M,43.32529989506416,5.324564335467031
201800009772,NonLethal,2018-09-23,05:30:00,NightStreelightsOn,130,55,Yes,Other,Normal,2Vehicles-Side,SAINTE-CECILE (RUE),M,43.28899552163804,5.288457537476211
201800009773,NonLethal,2018-09-23,05:20:00,NightNoStreetLight,130,55,No,NoIntersection,Normal,Other,LITTORAL (CHEMIN DU),M,43.33673455833,5.3367522069897015
201800009774,NonLethal,2018-09-23,14:20:00,Daylight,130,55,Yes,Other,Normal,2Vehicles-Side,ARMENY (RUE D'),M,43.29090784222191,5.292074438481718
201800009775,NonLethal,2018-09-23,19:55:00,TwilightOrDawn,130,55,Yes,T-type,Normal,2Vehicles-Side,PRADO (contre alle),M,43.27196454884455,5.2728468430079865
201800009776,NonLethal,2018-09-24,12:00:00,Daylight,130,55,Yes,NoIntersection,Normal,Other,AVENUE DES AYGALADES,M,43.33225836609483,5.332222047313009
201800009777,NonLethal,2018-09-24,12:25:00,Daylight,130,55,Yes,X-type,Normal,2Vehicles-Side,MICHELET (BOULEVARD),M,43.25983193366682,5.257825815684304
201800009778,NonLethal,2018-09-15,16:00:00,Daylight,130,55,Yes,NoIntersection,Normal,2Vehicles-Behind,Corniche John Fitzgrald,M,43.26823136971908,5.269206491348649
201800009779,NonLethal,2018-09-24,15:10:00,Daylight,130,55,Yes,NoIntersection,Normal,Other,BERNARD CADENAT (PLACE),M,43.31155619391492,5.312335884116684
201800009781,NonLethal,2018-09-20,23:13:00,NightStreelightsOn,130,55,Yes,X-type,Normal,2Vehicles-BehindVehicles-Frontal,SAKAKINI (BOULEVARD),M,43.29723739408213,5.296559187124712
201800009782,NonLethal,2018-09-24,23:30:00,NightStreelightsOn,130,55,Yes,Roundabout,Normal,2Vehicles-Side,OLIVES AVENUE DES,M,43.32845743754405,5.325810877533883
201800009783,NonLethal,2018-09-25,04:20:00,NightStreelightsOn,130,75,Yes,NoIntersection,Normal,Other,L'ENJOLRAS (AVE DE),M,43.33694531948387,5.338710212690855
201800009784,NonLethal,2018-09-24,07:10:00,TwilightOrDawn,130,55,Yes,T-type,Normal,2Vehicles-Side,LE CHATELIER,M,43.3480470676425,5.34600455083
201800009785,NonLethal,2018-09-25,07:50:00,Daylight,130,55,Yes,Y-type,Normal,2Vehicles-Side,POMME (BOULEVARD DE LA ),M,43.29251842939684,5.295371959470908
201800009786,NonLethal,2018-09-25,08:00:00,Daylight,130,55,Yes,NoIntersection,Normal,2Vehicles-Behind,VITON (AVENUE),M,43.26115984440788,5.258196975010522
201800009787,NonLethal,2018-09-25,10:30:00,Daylight,130,55,Yes,NoIntersection,Normal,Other,JEAN COMPADIEU (AVENUE),M,43.32046473765239,5.319641174373169
201800009788,NonLethal,2018-09-24,16:37:00,Daylight,130,55,Yes,NoIntersection,Normal,Other,MERLAN (AVENUE),M,43.33912992248766,5.335537818612006
201800009789,NonLethal,2018-09-25,14:10:00,Daylight,130,55,Yes,NoIntersection,Normal,Other,MICHELET (BD),M,43.26753056402868,5.266702377746116
201800009790,NonLethal,2018-09-25,13:17:00,Daylight,130,55,Yes,X-type,Normal,Other,BAILLE (BD),M,43.2862340392637,5.286650048259652
201800009792,NonLethal,2018-09-25,16:05:00,Daylight,130,55,Yes,NoIntersection,Normal,2Vehicles-Behind,MONTRE (IMPASSE DE LA),M,43.29528963907105,5.294328444326194
201800009793,NonLethal,2018-09-25,18:00:00,Daylight,130,55,Yes,Other,Normal,2Vehicles-Side,CAMILLE PELLETAN (AVENUE,M,43.30838256672097,5.308919444301524
201800009794,NonLethal,2018-09-25,17:50:00,Daylight,130,55,Yes,T-type,Normal,Other,ROMAIN ROLLAND (BOULEVAR,M,43.27362292836221,5.2741259094003
201800009796,NonLethal,2018-09-21,00:01:00,NightStreelightsOn,130,55,Yes,NoIntersection,Normal,Other,RABATAU (BOULEVARD),M,43.27711333948826,5.277100932021022
201800009797,NonLethal,2018-09-26,02:26:00,NightStreelightsOn,130,55,Yes,NoIntersection,Normal,Other,JEAN MOULIN (BD),M,43.30709253624152,5.306018471592696
201800009798,NonLethal,2018-09-26,08:00:00,Daylight,130,55,Yes,T-type,Normal,2Vehicles-Side,SAINTE (Rue),M,49.28952414080416,5.289081333839557
201800009799,NonLethal,2018-09-26,09:30:00,Daylight,130,55,Yes,NoIntersection,Normal,Other,LITTORAL (CHEMIN DU),M,43.35743820982256,5.3586948951029685
201800009800,NonLethal,2018-09-26,09:30:00,Daylight,130,2,Yes,Roundabout,Normal,2Vehicles-Side,JEAN GIONO (AVENUE),M,43.32671771602433,5.325965904138387
201800009801,NonLethal,2018-09-25,16:50:00,Daylight,130,55,Yes,NoIntersection,Normal,Other,QUEIREL (Boulevard),M,43.28154657672591,5.280701387337954
201800009802,NonLethal,2018-09-26,13:50:00,Daylight,130,55,Yes,NoIntersection,Normal,2Vehicles-Side,STRASBOURG (BOULEVARD),M,43.3088943128822,5.310543681354485
201800009803,NonLethal,2018-09-26,14:02:00,Daylight,130,55,Yes,X-type,Normal,2Vehicles-Side,BAILLE (BOULEVARD),M,43.28554065487253,5.2875833540628845
201800009804,NonLethal,2018-09-26,15:35:00,Daylight,130,55,Yes,X-type,Normal,2Vehicles-Side,BAILLE (BOULEVARD),M,43.28862524312255,5.288271371200867
201800009806,NonLethal,2018-09-26,21:45:00,NightNoStreetLight,130,55,No,NoIntersection,Normal,NoCollision,COL DE LA GINESTE D559,M,43.239225561972766,5.242180070449198
201800009809,NonLethal,2018-09-27,16:30:00,Daylight,130,55,Yes,NoIntersection,Normal,NoCollision,SAINT ANTOINE A SAINT JO,M,43.357539862261206,5.358085178327424
201800009810,NonLethal,2018-09-27,16:25:00,Daylight,130,55,Yes,NoIntersection,Normal,Other,GARLABAN (AVENUE de),M,43.29984805609999,5.299990753087447
201800009811,NonLethal,2018-09-27,16:15:00,Daylight,130,55,Yes,NoIntersection,Normal,3+Vehicles-Chain,Route Léon Lachamp,M,43.24284242199812,5.243157289261176
201800009812,NonLethal,2018-09-27,20:15:00,NightStreelightsOn,130,55,Yes,NoIntersection,Normal,2Vehicles-BehindVehicles-Frontal,WILLIAM BOOTH AVENUE,M,43.29755461996215,5.297277620184032
201800009813,NonLethal,2018-09-26,12:20:00,Daylight,130,55,Yes,NoIntersection,Normal,2Vehicles-Behind,CRIMEE (RUE DE),M,43.30838425777694,5.308583025921132
201800009814,NonLethal,2018-09-17,17:15:00,Daylight,130,55,Yes,NoIntersection,Normal,2Vehicles-Side,SAINT MENET MONTEE,M,43.29212490980436,5.294048196266437
201800009815,NonLethal,2018-09-28,14:30:00,Daylight,130,55,Yes,NoIntersection,Normal,2Vehicles-Side,ALBERT COHEN (RUE),M,43.36140886358965,5.363964743698183