AccidentId,Gravity,Date,Hour,Light,Department,Commune,InAgglomeration,IntersectionType,Weather,CollisionType,PostalAddress,GPSCode,Latitude,Longitude
201800009816,Lethal,2018-09-29,02:30:00,NightStreelightsOn,130,55,Yes,NoIntersection,Normal,Other,Avenue Salvator Allende,M,43.32784319858252,5.330845512733876
201800009817,NonLethal,2018-09-29,11:20:00,Daylight,130,55,Yes,X-type,Normal,2Vehicles-Side,RUFFI (RUE DE),M,43.311733984672976,5.312300604411455
201800009818,NonLethal,2018-09-29,14:00:00,Daylight,130,55,Yes,T-type,Normal,Other,PERIER (BOULEVARD),M,43.27888865573618,5.279829416210242
201800009819,NonLethal,2018-09-28,19:30:00,TwilightOrDawn,130,55,Yes,X-type,Normal,2Vehicles-BehindVehicles-Frontal,BOIS SACRE (AVENUE du),M,43.27976803138058,5.280319658179413
201800009820,NonLethal,2018-09-29,03:45:00,NightStreelightsOn,130,55,Yes,Roundabout,Normal,Other,REDON (BOULEVARD du),M,43.25255869698261,5.251489278482115
201800009821,NonLethal,2018-09-29,20:00:00,NightStreelightsOn,130,55,Yes,T-type,Normal,2Vehicles-Side,SAINT MARCEL (Bd,M,43.28950441978609,5.288914861950444
201800009822,NonLethal,2018-09-29,22:00:00,NightStreelightsOn,130,55,Yes,NoIntersection,Normal,2Vehicles-Side,RAYMOND TEISSERE (RUE),M,43.2741694660872,5.273721450381119
201800009823,NonLethal,2018-09-30,09:50:00,Daylight,130,55,Yes,X-type,Normal,Other,ROMAIN ROLLAND (BOULEVAR,M,43.27556784302136,5.276720929539957
201800009824,NonLethal,2018-09-30,12:30:00,Daylight,130,55,Yes,NoIntersection,Normal,2Vehicles-Side,SAKAKINI (BOULEVARD),M,43.2947041664489,5.294116385549266
201800009825,NonLethal,2018-09-30,18:00:00,Daylight,130,55,Yes,NoIntersection,Normal,2Vehicles-Behind,VALBARELLE (CHEMIN DE LA,M,43.287455081983474,5.287518249338971
201800009826,NonLethal,2018-01-10,02:30:00,NightStreelightsOff,130,55,Yes,NoIntersection,Normal,Other,TUNNEL PRADO SUD,M,43.27343048764241,5.272528945562025
201800009827,NonLethal,2018-10-02,10:50:00,Daylight,130,55,Yes,X-type,Normal,Other,JEAN JAURES (PLACE),M,43.29435211306176,5.293957652395044
201800009828,NonLethal,2018-10-02,09:40:00,Daylight,130,55,Yes,NoIntersection,Normal,2Vehicles-Behind,BAILLE (BOULEVARD),M,43.2913799321337,5.290521244797202
201800009829,NonLethal,2018-10-02,07:35:00,Daylight,130,55,Yes,T-type,Normal,2Vehicles-Side,AYGALADES (AVENUE DES),M,43.3446439895766,5.3451974289177135
201800009832,NonLethal,2018-02-10,15:20:00,Daylight,130,55,Yes,Square,Normal,NoCollision,SADI CARNOT (PLACE),M,43.29804561983525,5.299715456001656
201800009833,NonLethal,2018-02-10,22:10:00,NightStreelightsOn,130,55,Yes,T-type,Normal,Other,MAZARGUES (AVENUE DE),M,43.25581100295109,5.255469030068137
201800009834,NonLethal,2018-03-10,08:20:00,Daylight,130,55,Yes,NoIntersection,Normal,2Vehicles-BehindVehicles-Frontal,EDMOND JALOUX (RUE),M,43.32791319540854,5.32979706564728
201800009835,NonLethal,2018-03-10,08:50:00,Daylight,130,55,Yes,NoIntersection,Normal,Other,DAMES (BOULEVARD DES),M,43.30274670749869,5.304185536619461
201800009836,NonLethal,2018-10-03,09:30:00,Daylight,130,55,Yes,NoIntersection,Normal,Other,SAKAKINI (BOULEVARD),M,43.298372314670566,5.297256329187759
201800009838,NonLethal,2018-03-10,10:00:00,Daylight,130,55,Yes,NoIntersection,Normal,2Vehicles-BehindVehicles-Frontal,POILUS (AVENUE DES),M,43.31405931193444,5.313325122367941
201800009839,NonLethal,2018-10-01,13:30:00,Daylight,130,55,Yes,Other,Normal,3+Vehicles-Multiple,AYGALADES (AVENUE DES),M,43.34397314902462,5.342286876893764
201800009840,NonLethal,2018-10-03,12:15:00,Daylight,130,55,Yes,X-type,Normal,3+Vehicles-Multiple,LE CHATELIER,M,43.34789737133023,5.347398358326524
201800009841,NonLethal,2018-03-10,19:00:00,Daylight,130,55,Yes,NoIntersection,Normal,2Vehicles-BehindVehicles-Frontal,BERNEX (CHEMIN DE),M,43.36704809012622,5.368321531088393
201800009842,NonLethal,2018-03-10,18:20:00,Daylight,130,55,Yes,Other,Normal,2Vehicles-Behind,CAP JANET (CHEMIN),M,43.33881814269253,5.340626441740049
201800009843,NonLethal,2018-03-10,20:30:00,NightStreelightsOn,130,55,Yes,NoIntersection,Normal,Other,PARADIS (RUE)       1 A,M,43.295130399190285,5.294503950726663
201800009844,NonLethal,2018-03-10,21:15:00,NightStreelightsOn,130,55,Yes,NoIntersection,Normal,Other,ALFRED BLACHERE (AVENUE),M,43.3202598937256,5.319370169088956
201800009845,NonLethal,2018-10-04,07:30:00,Daylight,130,55,Yes,NoIntersection,Normal,2Vehicles-Behind,PRUD'HOMMES (TVSE),M,43.27862958398637,5.276144124355655
201800009846,NonLethal,2018-10-04,07:50:00,Daylight,130,55,Yes,NoIntersection,Normal,Other,AUDIENCE (RUE DE L'),M,43.29552706028798,5.295007820138638
201800009847,NonLethal,2018-04-10,11:15:00,Daylight,130,55,Yes,NoIntersection,Normal,Other,ZEYTOUNTZIA (RUE),M,43.33326351209631,5.331769533031563
201800009848,NonLethal,2018-10-04,14:15:00,Daylight,130,55,Yes,Other,Normal,2Vehicles-Side,MAZARGUES (ROND-POINT),M,43.249333931988566,5.251074333266212
201800009851,NonLethal,2018-10-05,00:25:00,NightStreelightsOn,130,55,Yes,T-type,Normal,2Vehicles-Side,CHEMIN DU MERLAN A LA RO,M,43.33065451448459,5.329097808242674
201800009852,NonLethal,2018-10-05,07:50:00,Daylight,130,55,Yes,NoIntersection,Normal,2Vehicles-BehindVehicles-Frontal,chemin SAINTE MARTHE,M,43.31986186628526,5.319161544396402
201800009854,NonLethal,2018-10-05,10:15:00,Daylight,130,55,Yes,NoIntersection,Normal,3+Vehicles-Multiple,SAINT PIERRE (RUE),M,43.29217031656623,5.2917836014416935
201800009855,NonLethal,2018-10-05,11:30:00,Daylight,130,55,Yes,T-type,Normal,Other,ELLEON (AVENUE),M,43.285708252620815,5.286049479090633
201800009858,NonLethal,2018-05-10,15:05:00,Daylight,130,55,Yes,T-type,Normal,Other,SAINT PIERRE (RUE),M,43.29455870280388,5.293460820803815
201800009859,NonLethal,2018-10-05,16:40:00,Daylight,130,55,Yes,Y-type,Normal,2Vehicles-Side,BOIS LEMAITRE (AVENUE),M,43.318232599202695,5.316939818192077
201800009860,NonLethal,2018-10-06,01:22:00,NightStreelightsOn,130,55,Yes,NoIntersection,Normal,Other,Corniche*John Fitzgérald,M,43.273590559752144,5.271776369926718
201800009861,NonLethal,2018-10-06,04:15:00,NightStreelightsOn,130,55,Yes,Other,Normal,Other,CANEBIERE    81 A FIN,M,43.29707160400236,5.299040198423414
201800009862,NonLethal,2018-10-06,10:00:00,Daylight,130,55,Yes,Roundabout,Normal,2Vehicles-Side,MAZARGUES (ROND-POINT),M,43.250670581096834,5.2510698684839285
201800009863,NonLethal,2018-02-10,11:30:00,Daylight,130,55,Yes,Other,Normal,NoCollision,CAPELETTE (AVENUE DE LA),M,43.2832297824278,5.284196794501619
201800009864,NonLethal,2018-06-10,11:30:00,Daylight,130,55,Yes,X-type,Normal,2Vehicles-Side,BROCHIER (RUE),M,43.29100243100169,5.292483491791111
201800009865,NonLethal,2018-10-06,15:40:00,Daylight,130,55,Yes,NoIntersection,Normal,2Vehicles-Side,BONNEFOY (RUE),M,43.28053517737786,5.27832209012486
201800009866,Lethal,2018-06-10,19:45:00,NightStreelightsOn,130,55,Yes,Other,Normal,2Vehicles-Behind,SAINT SAVOURNIN (RUE),M,43.29657535687245,5.297212084944782
201800009867,NonLethal,2018-07-10,02:30:00,NightStreelightsOn,130,55,Yes,NoIntersection,Normal,2Vehicles-Side,LAZARET (QUAI DU),M,43.31256190076815,5.311175898851474
201800009868,NonLethal,2018-10-07,18:50:00,Daylight,130,55,Yes,NoIntersection,Normal,3+Vehicles-Chain,VALLON DE MONTEBELLO (RU,M,43.280215484930494,5.280833030209281
201800009869,NonLethal,2018-07-10,20:00:00,NightStreelightsOn,130,55,Yes,X-type,Normal,2Vehicles-Side,CAMILLE PELLETAN (AVENUE,M,43.30795299585164,5.3068281396184185
201800009871,NonLethal,2018-10-08,08:20:00,Daylight,130,55,Yes,NoIntersection,Normal,3+Vehicles-Multiple,SAINT MENET (AVENUE DE),M,43.28588427476262,5.288738379570582
201800009872,NonLethal,2018-10-08,12:45:00,Daylight,130,55,Yes,T-type,Normal,Other,BELGES (QUAI DES),M,43.29577939712544,5.293666849839233
201800009873,NonLethal,2018-08-10,18:15:00,TwilightOrDawn,130,55,Yes,NoIntersection,LightRain,2Vehicles-Side,SAINTE MARTHE (chemin),M,43.32471091728146,5.326535239926323
201800009874,NonLethal,2018-08-10,19:40:00,NightStreelightsOn,130,55,Yes,NoIntersection,Overcast,NoCollision,TOULON (AVENUE DE),M,43.28522587074418,5.28440396546369
201800009875,Lethal,2018-08-10,18:50:00,NightStreelightsOn,130,55,Yes,NoIntersection,LightRain,2Vehicles-Behind,SAKAKINI (BOULEVARD),M,43.29547246652991,5.29386050066271
201800009876,NonLethal,2018-10-08,21:00:00,NightStreelightsOn,130,55,Yes,NoIntersection,Normal,2Vehicles-Behind,SAINT ANTOINE (AVENUE DE,M,43.37633983537369,5.376343724244581
201800009877,NonLethal,2018-10-09,03:00:00,NightStreelightsOn,130,55,Yes,Other,Normal,NoCollision,BENEDIT (RUE,M,43.30713745416988,5.306844074374222
201800009879,NonLethal,2018-09-10,07:10:00,TwilightOrDawn,130,55,Yes,X-type,Normal,2Vehicles-Side,PLOMBIERES (BOULEVARD DE,M,43.314852369158494,5.316149096641098
201800009880,NonLethal,2018-09-10,14:00:00,Daylight,130,55,Yes,NoIntersection,Normal,2Vehicles-Side,RIVE NEUVE (QUAI),M,43.29325642437517,5.29498139420633
201800009881,NonLethal,2018-10-09,19:00:00,TwilightOrDawn,130,55,Yes,NoIntersection,Normal,2Vehicles-Side,BOULEVARD MORETTI,M,43.3253395288446,5.322665317065581
201800009882,NonLethal,2018-10-10,00:01:00,NightStreelightsOff,130,55,Yes,T-type,Normal,2Vehicles-Side,CHARLES LIVON (BOULEVARD,M,43.29326600082394,5.293949298389559
201800009883,NonLethal,2018-10-07,16:00:00,Daylight,130,55,Yes,T-type,Normal,2Vehicles-Side,AVENUE RAIMU,M,43.33515879430013,5.334157179371788
201800009884,NonLethal,2018-10-10,08:30:00,Daylight,130,55,Yes,NoIntersection,LightRain,Other,DOCTEUR ESCAT (RUE),M,43.28381741339972,5.28195764524758
201800009885,NonLethal,2018-10-09,18:30:00,TwilightOrDawn,130,55,Yes,NoIntersection,Normal,2Vehicles-Behind,PASSET (CHEMIN DU),M,43.35915320090955,5.3606519408636135
201800009887,NonLethal,2018-10-10,19:00:00,TwilightOrDawn,130,55,Yes,NoIntersection,Other,Other,RIVE NEUVE (QUAI),M,43.29063579829352,5.292869489976699
201800009889,NonLethal,2018-11-10,12:00:00,Daylight,130,55,Yes,NoIntersection,Normal,2Vehicles-Behind,SAINT LOUIS (AVENUE DE),M,43.34779331010498,5.347710882778196
201800009890,NonLethal,2018-11-10,14:15:00,Daylight,130,55,Yes,Roundabout,Normal,2Vehicles-BehindVehicles-Frontal,JOBIN (RUE),M,43.3102763524877,5.309751716857837
201800009892,NonLethal,2018-11-10,15:35:00,Daylight,130,55,Yes,T-type,Normal,Other,PIERRE PUGET (COURS),M,43.29022203258255,5.290360672382698
201800009895,NonLethal,2018-10-11,19:30:00,TwilightOrDawn,130,55,Yes,NoIntersection,Overcast,2Vehicles-Side,PONT DE VIVAUX (BOULEVAR,M,43.28191873935427,5.282816023521426
201800009896,NonLethal,2018-11-10,23:45:00,NightStreelightsOn,130,55,Yes,NoIntersection,Normal,2Vehicles-Behind,TOURETTE (QUAI DE LA),M,43.29782719253143,5.295050832420048
201800009897,NonLethal,2018-10-12,08:25:00,Daylight,130,55,Yes,T-type,Normal,2Vehicles-Side,ALEXANDRE DUMAS (RUE),M,43.26374429923659,5.265121523592146
201800009898,NonLethal,2018-12-10,08:53:00,Daylight,130,55,Yes,Roundabout,Normal,2Vehicles-Side,WRESINKI (rond point),M,43.33143418929133,5.330084686584025
201800009899,NonLethal,2018-12-10,11:30:00,Daylight,130,55,Yes,Square,Normal,2Vehicles-Behind,CORDERIE (PLACE DE LA),M,,
201800009900,NonLethal,2018-11-10,13:31:00,Daylight,130,55,Yes,NoIntersection,Normal,2Vehicles-Side,SAINT MARCEL (BOULEVARD,M,43.28958355805641,5.289123003953135
201800009901,NonLethal,2018-12-10,12:15:00,Daylight,130,55,Yes,NoIntersection,Normal,2Vehicles-Side,MICHELET (BOULEVARD),M,43.26741545758015,5.266322615984281
201800009902,NonLethal,2018-12-10,16:50:00,Daylight,130,55,Yes,NoIntersection,Normal,2Vehicles-Behind,BRIANCON (BOULEVARD),M,43.31836245742228,5.319365137543479
201800009903,NonLethal,2018-10-13,06:15:00,NightNoStreetLight,130,55,Yes,X-type,Normal,2Vehicles-Side,EUGENE PIERRE (BOULEVARD,M,43.29643872981462,5.295372602058901
201800009904,NonLethal,2018-10-13,16:30:00,Daylight,130,55,Yes,NoIntersection,Normal,2Vehicles-Side,LIEUTAUD (COURS)      2,M,43.29363293302876,5.295825736925377
201800009905,NonLethal,2018-10-13,15:15:00,Daylight,130,55,Yes,NoIntersection,Normal,2Vehicles-Behind,PLOMBIERES (BOULEVARD DE,M,43.31739288671928,5.317876588939348
201800009906,NonLethal,2018-10-14,11:30:00,Daylight,130,55,Yes,NoIntersection,Normal,2Vehicles-Behind,LACEPEDE (RUE),M,43.30486737197988,5.305162175224231
201800009907,NonLethal,2018-10-14,19:55:00,NightStreelightsOn,130,55,Yes,X-type,Normal,2Vehicles-Side,ROUBAIX (RUE DE),M,43.32258012829969,5.322148847601826
201800009908,NonLethal,2018-10-15,07:45:00,Daylight,130,55,Yes,NoIntersection,Normal,2Vehicles-Side,MAURIAC (RUE),M,43.26753441438027,5.267706789682728
201800009910,NonLethal,2018-10-15,13:00:00,Daylight,130,1,Yes,Other,LightRain,2Vehicles-Side,COSTE JEAN PAUL (AV ),M,43.51335713477722,5.513279211162491
201800009911,NonLethal,2018-10-15,16:35:00,Daylight,130,55,Yes,T-type,LightRain,2Vehicles-Side,SAINT JUST (AVENUE DE),M,43.31294639112674,5.313145713321164
201800009913,NonLethal,2018-10-15,17:30:00,Daylight,130,55,Yes,NoIntersection,HeavyRain,2Vehicles-Side,MICHELET (BOULEVARD),M,43.25472658866299,5.254136482262716
201800009915,NonLethal,2018-10-15,18:50:00,TwilightOrDawn,130,55,Yes,NoIntersection,Normal,2Vehicles-BehindVehicles-Frontal,REDON (BOULEVARD DU),M,43.25125807096464,5.250310407880515
201800009920,NonLethal,2018-10-16,17:05:00,Daylight,130,55,Yes,NoIntersection,Overcast,2Vehicles-Side,JEAN JAURES (PLACE,M,43.29251651453319,5.293057359110311
201800009921,NonLethal,2018-10-16,23:35:00,NightStreelightsOn,130,55,Yes,NoIntersection,LightRain,Other,MICHELET (BOULEVARD),M,43.26916527103311,5.269113083495677
201800009923,NonLethal,2018-10-16,00:40:00,NightStreelightsOn,130,55,Yes,NoIntersection,LightRain,2Vehicles-BehindVehicles-Frontal,CAMILLE PELLETAN (AVENUE,M,43.306788517870864,5.307299160772895
201800009924,NonLethal,2018-10-17,08:15:00,Daylight,130,55,Yes,NoIntersection,Overcast,Other,HENRI BARNIER (BOULEVARD,M,43.37073567676453,5.372533765472961
201800009925,Lethal,2018-10-17,11:45:00,Daylight,130,55,Yes,NoIntersection,Normal,2Vehicles-Side,VAUDOYER (AVENUE),M,43.29501533859764,5.294442129770724
201800009926,NonLethal,2018-10-17,16:00:00,Daylight,130,55,Yes,NoIntersection,Normal,2Vehicles-Side,JULES CANTINI (AVENUE),M,43.28305391983102,5.280820868329249
201800009927,NonLethal,2018-10-17,19:25:00,NightStreelightsOn,130,55,Yes,Other,HeavyRain,Other,GRAND VALLA (TRAVERSE),M,,
201800009928,NonLethal,2018-10-18,21:45:00,NightNoStreetLight,130,55,Yes,NoIntersection,LightRain,Other,AMARYLLIS (CHEMIN DES),M,43.317874120563424,5.314370790279155
201800009929,NonLethal,2018-10-18,00:25:00,NightStreelightsOn,130,55,Yes,X-type,LightRain,2Vehicles-Side,CORSE (AVENUE DE LA),M,43.288493430669895,5.289720802017003
201800009930,NonLethal,2018-10-18,08:05:00,Daylight,130,55,Yes,X-type,Normal,Other,GARIBALDI (BOULEVARD) Nø,M,43.29558642767645,5.294656180988078
201800009931,NonLethal,2018-10-18,08:28:00,Daylight,130,55,Yes,NoIntersection,Normal,NoCollision,TOUSSAINT (RUE),M,43.31318695428976,5.313485043604092
201800009932,NonLethal,2018-10-18,09:30:00,Daylight,130,2,Yes,T-type,Normal,2Vehicles-Side,GENERAL LECLERC (AVENUE,M,43.34227901267352,5.343940860126826
201800009933,NonLethal,2018-10-18,11:45:00,Daylight,130,55,Yes,X-type,Normal,Other,STRASBOURG (PLACE),M,43.30641827342847,5.307625054058737
201800009934,NonLethal,2018-10-18,16:00:00,Daylight,130,55,Yes,NoIntersection,Normal,2Vehicles-Behind,MICHELET (BOULEVARD),M,43.26375589029984,5.260558263140961
201800009935,NonLethal,2018-10-18,16:30:00,Daylight,130,55,Yes,T-type,Normal,2Vehicles-Side,REPUBLIQUE (RUE DE LA),M,43.29656212244271,5.296902530185967
201800009936,NonLethal,2018-10-18,17:00:00,Daylight,130,55,Yes,NoIntersection,Normal,2Vehicles-Behind,CABOT (BOULEVARD),M,43.26032726094167,5.2602536416423
201800009937,NonLethal,2018-10-18,17:30:00,Daylight,130,55,Yes,NoIntersection,Normal,2Vehicles-Side,LE MEE (TRAVERSE),M,43.24594869878671,5.244671204697132
201800009939,NonLethal,2018-10-19,10:20:00,Daylight,130,55,Yes,Other,Normal,2Vehicles-Behind,PRADO (AVENUE DU),M,43.28328796211731,5.28512043841546
201800009940,NonLethal,2018-10-19,09:30:00,Daylight,130,55,Yes,NoIntersection,Normal,2Vehicles-Behind,SAINT MENET (AVENUE DE),M,43.288336136904064,5.2901723600159
201800009941,NonLethal,2018-10-19,14:15:00,Daylight,130,55,Yes,NoIntersection,Normal,Other,MERIMEE,M,43.329177909277405,5.328519724720035
201800009942,NonLethal,2018-10-19,11:32:00,Daylight,130,55,Yes,Roundabout,Normal,3+Vehicles-Multiple,SABLIERE (traverse),M,43.29006100162778,5.2883924140164185
201800009943,NonLethal,2018-10-19,15:00:00,Daylight,130,55,Yes,Other,Normal,2Vehicles-Behind,MARCEAU (PLACE),M,43.30503950333777,5.305125848793319
201800009944,NonLethal,2018-10-19,16:00:00,Daylight,130,55,Yes,X-type,Normal,2Vehicles-Side,CANEBIERE    30 A 68,M,43.29742333067458,5.298077029974028
201800009945,NonLethal,2018-10-19,16:00:00,Daylight,130,55,Yes,NoIntersection,Normal,2Vehicles-Side,JEAN TCHORLOU (rd pt),M,43.295481732291975,5.294522637570944
201800009946,NonLethal,2018-10-19,17:30:00,Daylight,130,55,Yes,NoIntersection,Normal,Other,BOULEVARD JOURDAN,M,43.33396469281774,5.334286068100501
201800009947,NonLethal,2018-10-19,16:00:00,Daylight,130,55,Yes,NoIntersection,Normal,3+Vehicles-Chain,CROIX ROUGE (AVENUE),M,43.33388548971747,5.333969899870071
201800009948,NonLethal,2018-10-19,15:45:00,Daylight,130,55,Yes,NoIntersection,Normal,2Vehicles-Side,BOSQUET (RUE),M,43.29832152734718,5.300528685954191
201800009951,NonLethal,2018-10-20,10:50:00,Daylight,130,55,Yes,NoIntersection,Normal,Other,ESCADRILLE NORMANDIE NIE,M,43.34010238727179,5.3421817092838895
201800009952,NonLethal,2018-10-20,08:20:00,Daylight,130,55,Yes,MoreThan4Branches,Normal,Other,JEAN PAUL SARTRE (AVENUE,M,43.31369982875197,5.31382631386206
201800009953,NonLethal,2018-10-20,14:00:00,Daylight,130,55,Yes,NoIntersection,Normal,2Vehicles-Side,CABOT (BOULEVARD),M,43.259425736974826,5.257966234155909
201800009954,NonLethal,2018-07-10,18:00:00,Daylight,130,55,Yes,NoIntersection,Normal,3+Vehicles-Multiple,BOURRELY (CHEMIN DES),M,43.38247421361794,5.380731437693668
201800009955,NonLethal,2018-10-21,17:10:00,Daylight,130,55,Yes,NoIntersection,Normal,2Vehicles-Side,LYON (RUE DE),M,43.33165114267349,5.332715154255184
201800009956,NonLethal,2018-10-21,16:30:00,Daylight,130,55,Yes,Other,Normal,2Vehicles-Behind,MILLIERE (BOULEVARD DE L,M,43.28423414683866,5.284708161226807
201800009957,NonLethal,2018-10-21,17:30:00,NightStreelightsOn,130,55,Yes,Other,Normal,2Vehicles-BehindVehicles-Frontal,HENRI BARNIER (BOULEVARD,M,43.35982616516849,5.358793547754644
201800009958,NonLethal,2018-10-22,08:45:00,TwilightOrDawn,130,55,No,NoIntersection,Normal,Other,COL DE LA GINESTE D559,M,43.23833127415638,5.239306005908168
201800009959,NonLethal,2018-10-22,10:00:00,Daylight,130,55,Yes,Roundabout,Normal,Other,VINCENT DELPUECH (BOULEV,M,43.28240621772629,5.281774193294985
201800009960,NonLethal,2018-10-22,08:05:00,Daylight,130,55,Yes,NoIntersection,Normal,Other,FORGES (RUE DES),M,43.27989276183342,5.2791457279720815
201800009961,NonLethal,2018-10-22,12:12:00,Daylight,130,55,Yes,T-type,Normal,2Vehicles-BehindVehicles-Frontal,MADRAGUE VILLE (chemin d,M,43.33290419077604,5.332097796729672
201800009963,NonLethal,2018-10-22,18:00:00,Daylight,130,55,Yes,NoIntersection,Normal,Other,ADOLPHE THIERS (RUE),M,43.297426556312566,5.2972460672408985
201800009964,NonLethal,2018-10-22,16:45:00,Daylight,130,55,Yes,NoIntersection,Normal,2Vehicles-BehindVehicles-Frontal,ROUBAIX (RUE DE),M,43.32314213896957,5.3232801478874086
201800009965,NonLethal,2018-10-22,18:50:00,TwilightOrDawn,130,55,Yes,NoIntersection,Normal,NoCollision,RIVOIRE (RUE),M,43.31266869806119,5.313814715279109
201800009967,NonLethal,2018-10-22,20:30:00,NightStreelightsOn,130,55,Yes,NoIntersection,Normal,2Vehicles-Behind,RABATAU (BOULEVARD),M,43.27831880926884,5.2791218134373565
201800009968,NonLethal,2018-10-23,09:15:00,Daylight,130,55,Yes,NoIntersection,Normal,2Vehicles-Side,TOULON (AVENUE DE),M,43.285292219926646,5.2841836881968005
201800009969,NonLethal,2018-10-23,09:30:00,Daylight,130,55,Yes,NoIntersection,Normal,3+Vehicles-Multiple,chemin SAINTE MARTHE,M,43.32351114815224,5.325776260744496
201800009970,NonLethal,2018-10-23,08:05:00,Daylight,130,55,Yes,NoIntersection,Normal,2Vehicles-Behind,PRADO (AVENUE DU),M,43.2653951905445,5.265392485819585
201800009971,NonLethal,2018-10-23,10:00:00,Daylight,130,55,Yes,T-type,Normal,2Vehicles-Behind,LA MARTINE (TRAVERSE),M,43.30087519485336,5.300837694016832
201800009972,NonLethal,2018-10-23,10:00:00,Daylight,130,55,Yes,NoIntersection,Normal,Other,ROMAIN ROLLAND (BOULEVAR,M,43.27487872683222,5.27357996208438
201800009973,NonLethal,2018-10-23,08:55:00,Daylight,130,55,Yes,NoIntersection,Normal,2Vehicles-Side,MICHELET (BOULEVARD),M,43.27162167815855,5.272194195810618
201800009974,NonLethal,2018-10-23,15:00:00,Daylight,130,55,Yes,NoIntersection,Normal,Other,ROME (RUE DE),M,43.29112894826621,5.289495792185432
201800009975,NonLethal,2018-10-24,00:20:00,NightStreelightsOn,130,55,Yes,T-type,Normal,2Vehicles-Side,Corniche John Fitzgrald,M,43.28815665053381,5.287873790958673
201800009976,NonLethal,2018-10-24,13:00:00,Daylight,130,55,Yes,X-type,Normal,2Vehicles-Side,SAINT MARCEL (BOULEVARD,M,43.29132836170552,5.288900276770417
201800009979,NonLethal,2018-10-24,15:50:00,Daylight,130,55,Yes,NoIntersection,Normal,Other,SAINT ANTOINE (AVENUE DE,M,43.37418091152225,5.375356725136763
201800009980,NonLethal,2018-10-24,15:15:00,Daylight,130,55,Yes,NoIntersection,Normal,2Vehicles-Side,LANCIER (CHEMIN DU),M,43.24901787769544,5.247348624919014
201800009981,NonLethal,2018-10-24,18:00:00,TwilightOrDawn,130,55,Yes,NoIntersection,Normal,3+Vehicles-Chain,MARCHAL DE LATTRE (AVEN,M,43.24534852931821,5.244169661163356
201800009983,NonLethal,2018-10-25,09:38:00,Daylight,130,55,Yes,Other,Normal,Other,GASTON FLOTTE (RUE),M,43.29816556373061,5.298758302276637
201800009985,NonLethal,2018-10-25,13:50:00,Daylight,130,55,Yes,NoIntersection,Normal,2Vehicles-Side,MENDES FRANCE (AVENUE),M,43.25702066977423,5.254889565961136
201800009986,NonLethal,2018-10-25,22:20:00,NightStreelightsOn,130,55,Yes,NoIntersection,Normal,2Vehicles-Behind,CAPITAINE GEZE (BOULEVAR,M,43.33094062401661,5.329804700516537
201800009990,NonLethal,2018-10-27,14:30:00,Daylight,130,55,Yes,X-type,Normal,2Vehicles-Side,EDMOND ROSTAND (RUE),M,43.27984993067695,5.281862486555484
201800009991,NonLethal,2018-10-27,17:20:00,Daylight,130,55,Yes,X-type,LightRain,Other,MARCHAL JUIN (BOULEVARD,M,43.31005666511973,5.309859933352638
201800009992,NonLethal,2018-10-27,19:30:00,NightNoStreetLight,130,55,Yes,NoIntersection,LightRain,Other,OLIVES (AVENUE DES),M,43.32912390222223,5.328960655795767
201800009993,NonLethal,2018-10-27,20:35:00,NightStreelightsOn,130,55,Yes,T-type,LightRain,2Vehicles-BehindVehicles-Frontal,SAINT MARCEL (BOULEVARD,M,43.288207571489885,5.289426842051248
201800009994,NonLethal,2018-10-28,02:00:00,NightStreelightsOn,130,55,Yes,NoIntersection,LightRain,Other,Corniche John Fitzgrald,M,43.27013396673245,5.268513081380543
201800009996,NonLethal,2018-10-28,07:45:00,TwilightOrDawn,130,55,Yes,NoIntersection,Normal,2Vehicles-BehindVehicles-Frontal,SAINTE MARTHE (chemin),M,43.32027784637332,5.319031504889894
201800009997,NonLethal,2018-10-28,12:50:00,Daylight,130,55,Yes,NoIntersection,Normal,2Vehicles-Behind,ROY D'ESPAGNE (CHEMIN),M,43.23760370435962,5.23715330873955
201800009998,NonLethal,2018-10-28,19:00:00,TwilightOrDawn,130,55,Yes,NoIntersection,LightRain,NoCollision,SCHLOESING (BOULEVARD),M,43.27081331079297,5.274254797543277
201800009999,NonLethal,2018-10-27,14:16:00,Daylight,130,55,Yes,NoIntersection,LightRain,Other,ROSE (TRAVERSE DE LA),M,43.32600465150617,5.324239071201703
201800010000,NonLethal,2018-10-28,19:30:00,NightStreelightsOn,130,55,Yes,T-type,LightRain,2Vehicles-Side,VIENNE (AVENUE DE),M,43.28542680805143,5.285422791526384
201800010001,NonLethal,2018-10-28,21:45:00,NightStreelightsOn,130,55,Yes,NoIntersection,Normal,2Vehicles-BehindVehicles-Frontal,MAZARGUES (AVENUE de),M,43.26582225788557,5.26522718187549
201800010002,NonLethal,2018-10-28,22:15:00,NightStreelightsOn,130,55,Yes,NoIntersection,Normal,Other,SAINT ANTOINE (AVENUE DE,M,43.37458858560509,5.372168249927561
201800010003,NonLethal,2018-10-29,00:20:00,NightStreelightsOn,130,55,Yes,NoIntersection,Normal,2Vehicles-Behind,ALEX ANSALDI (RUE),M,43.331245134400646,5.332517022654883
201800010004,NonLethal,2018-10-28,23:40:00,NightStreelightsOn,130,55,Yes,X-type,Normal,2Vehicles-Side,ROME (RUE DE),M,43.29068008080798,5.291843918821659
201800010005,NonLethal,2018-10-28,23:55:00,NightStreelightsOn,130,55,Yes,NoIntersection,LightRain,Other,PASTEUR (AVENUE),M,43.29136404548864,5.291692098683864
201800010007,NonLethal,2018-10-11,18:40:00,Daylight,130,55,Yes,MoreThan4Branches,Normal,2Vehicles-Side,SAINTE MARGUERITE (BOULE,M,43.2716380860787,5.267383016921386