AccidentId,Gravity,Date,Hour,Light,Department,Commune,InAgglomeration,IntersectionType,Weather,CollisionType,PostalAddress,GPSCode,Latitude,Longitude
201800010008,NonLethal,2018-10-17,16:30:00,Daylight,130,55,Yes,NoIntersection,Normal,2Vehicles-Behind,BRETEUIL (RUE),M,43.29232899669742,5.292393932754471
201800010009,NonLethal,2018-10-29,20:30:00,NightStreelightsOn,130,55,Yes,NoIntersection,HeavyRain,2Vehicles-BehindVehicles-Frontal,CROIX ROUGE (AVENUE),M,43.33481426767055,5.3353839699050924
201800010010,NonLethal,2018-10-26,18:15:00,TwilightOrDawn,130,55,Yes,NoIntersection,Normal,2Vehicles-Side,GRANADOS ALLE (ALLEE),M,43.2387893092741,5.238382403427363
201800010011,NonLethal,2018-10-30,13:50:00,Daylight,130,55,Yes,NoIntersection,Normal,2Vehicles-Behind,GUEIDON (BOULEVARD),M,43.32225266403078,5.324197081491795
201800010012,NonLethal,2018-10-30,18:40:00,NightStreelightsOn,130,55,Yes,NoIntersection,Normal,Other,CAPELETTE (AVENUE DE LA),M,43.28099317478823,5.281241138241616
201800010013,NonLethal,2018-10-30,19:30:00,NightStreelightsOn,130,55,Yes,NoIntersection,Normal,2Vehicles-Side,PIERRE CHEVALIER (avenue,M,43.29368533939505,5.293139556218449
201800010015,NonLethal,2018-10-31,07:00:00,NightStreelightsOn,130,55,Yes,NoIntersection,LightRain,Other,SAINTE BARBE (RUE),M,43.299909437586216,5.29943271485689
201800010017,NonLethal,2018-01-11,11:40:00,Daylight,130,55,Yes,X-type,Overcast,2Vehicles-Side,PARIS (BOULEVARD DE),M,43.30609309878511,5.305766857061139
201800010018,NonLethal,2018-11-01,19:25:00,NightStreelightsOn,130,55,Yes,MoreThan4Branches,LightRain,2Vehicles-Side,RABATAU (BD),M,43.27698077917502,5.278207245848871
201800010019,NonLethal,2018-11-01,20:45:00,NightStreelightsOn,130,55,Yes,NoIntersection,Normal,2Vehicles-Side,LYON (RUE DE),M,43.32559108028351,5.3244339048517535
201800010021,NonLethal,2018-11-02,17:50:00,TwilightOrDawn,130,55,Yes,NoIntersection,Normal,2Vehicles-Behind,ROGER SALENGRO (AVENUE),M,43.31559058102381,5.31610419585241
201800010022,NonLethal,2018-03-11,06:15:00,TwilightOrDawn,130,55,Yes,NoIntersection,Normal,2Vehicles-Behind,QUAI DE RIVE NEUVE,M,43.29214513667417,5.294629664400029
201800010023,NonLethal,2018-03-11,10:50:00,Daylight,130,55,Yes,Other,Normal,Other,FALAISE (RUE DE LA),M,43.29073864398307,5.2937011557803455
201800010024,NonLethal,2018-03-11,14:30:00,Daylight,130,55,Yes,Y-type,Normal,2Vehicles-Side,CONDORCET (RUE),M,43.35596286687967,5.356385535282036
201800010025,NonLethal,2018-11-03,15:00:00,Daylight,130,55,Yes,NoIntersection,Normal,2Vehicles-Behind,FERRARI (RUE),M,43.29317672590175,5.291785932405107
201800010026,NonLethal,2018-11-03,15:25:00,Daylight,130,55,Yes,NoIntersection,Normal,NoCollision,ST JOSEPH A STE MARTHE (,M,43.34232236389383,5.343640655887512
201800010027,NonLethal,2018-04-11,12:40:00,Daylight,130,55,Yes,NoIntersection,Overcast,2Vehicles-Side,PLOMBIERES (BOULEVARD DE,M,,
201800010028,NonLethal,2018-11-04,13:00:00,Daylight,130,55,Yes,Y-type,Overcast,Other,AUPHAN (RUE),M,43.31721123566704,5.316556775238464
201800010029,NonLethal,2018-04-11,16:37:00,Daylight,130,55,Yes,NoIntersection,Normal,Other,ODDO (bd),M,43.3285802770963,5.328791670610203
201800010031,NonLethal,2018-11-04,17:50:00,NightNoStreetLight,130,55,Yes,NoIntersection,Normal,Other,GRANIERE (RUE DE LA),M,43.287899192561824,5.2878617011351885
201800010032,NonLethal,2018-11-04,21:30:00,NightStreelightsOn,130,55,Yes,T-type,Normal,2Vehicles-Side,FONDACLE (CHEMIN),M,43.31304566429222,5.316111789061037
201800010033,NonLethal,2018-11-04,19:30:00,NightNoStreetLight,130,55,No,NoIntersection,Normal,Other,COL DE LA GINESTE D559,M,43.23964368459662,5.240762357999521
201800010034,NonLethal,2018-04-11,23:30:00,NightStreelightsOn,130,55,Yes,NoIntersection,Normal,NoCollision,MERIMEE,M,43.32818709618819,5.328058422196036
201800010036,NonLethal,2018-11-05,09:15:00,Daylight,130,55,Yes,X-type,Normal,2Vehicles-Side,SCHLOESING (BOULEVARD),M,43.27259977327132,5.272312378390207
201800010037,NonLethal,2018-11-05,15:20:00,Daylight,130,55,Yes,NoIntersection,LightRain,2Vehicles-Behind,JEAN LOMBARD (AVENUE),M,43.28817351553256,5.289926166587774
201800010038,NonLethal,2018-11-06,15:00:00,Daylight,130,55,Yes,NoIntersection,LightRain,2Vehicles-Behind,Bd FRANOISE DUPARC,M,43.30646069432478,5.306581087478173
201800010039,NonLethal,2018-11-06,18:30:00,TwilightOrDawn,130,55,Yes,NoIntersection,Overcast,Other,ROUCAS BLAN (CHEMIN),M,43.275507282108535,5.275260157670132
201800010040,NonLethal,2018-06-11,18:40:00,NightStreelightsOn,130,55,Yes,NoIntersection,Normal,Other,RABATAU (BOULEVARD),M,43.27556066938188,5.2746661896220495
201800010041,NonLethal,2018-06-11,16:30:00,Daylight,130,55,Yes,NoIntersection,LightRain,Other,AVENUE RAIMU,M,43.33385329007258,5.332172820452176
201800010042,NonLethal,2018-07-11,18:40:00,NightStreelightsOn,130,55,Yes,NoIntersection,LightRain,2Vehicles-Behind,HAMBOURG (BOULEVARD),M,43.25467014907492,5.252206794972275
201800010043,NonLethal,2018-07-11,20:50:00,NightStreelightsOn,130,55,Yes,Other,LightRain,Other,SAKAKINI (BOULEVARD),M,43.2969749867092,5.295799871830225
201800010045,NonLethal,2018-11-08,09:45:00,Daylight,130,55,Yes,NoIntersection,Normal,2Vehicles-BehindVehicles-Frontal,GASTON FLOTTE (RUE),M,43.296606834950666,5.293391778963895
201800010047,NonLethal,2018-08-11,13:20:00,Daylight,130,55,Yes,T-type,Normal,2Vehicles-Side,BORDE (RUE),M,43.2796889220338,5.2793616772373095
201800010048,NonLethal,2018-11-08,19:00:00,NightStreelightsOn,130,55,Yes,T-type,Normal,2Vehicles-Behind,Bd. GEMY,M,43.32171886560895,5.321468606013878
201800010049,NonLethal,2018-11-09,05:00:00,NightStreelightsOn,130,55,Yes,NoIntersection,Normal,2Vehicles-BehindVehicles-Frontal,traverse du PRADEL,M,43.35796313086156,5.358493223942762
201800010051,NonLethal,2018-11-11,08:13:00,Daylight,130,55,Yes,NoIntersection,LightRain,2Vehicles-Behind,ADOLPHE THIERS (RUE),M,43.29769849812273,5.301250425865906
201800010052,NonLethal,2018-11-11,12:45:00,Daylight,130,55,Yes,NoIntersection,Normal,2Vehicles-Side,JULES CANTINI (AVENUE),M,43.277878620362834,5.278169428282567
201800010053,NonLethal,2018-11-11,16:25:00,Daylight,130,55,Yes,NoIntersection,Normal,3+Vehicles-Multiple,RAYMOND TEISSERE (RUE),M,43.27187085244488,5.272020075284128
201800010054,NonLethal,2018-11-11,17:45:00,Daylight,130,55,Yes,T-type,Normal,2Vehicles-Side,SAINTE MARTHE (chemin),M,43.32325247390764,5.321641850255738
201800010056,NonLethal,2018-11-12,08:00:00,Daylight,130,55,Yes,NoIntersection,Normal,2Vehicles-Side,REDON (BOULEVARD DU),M,43.25200631858852,5.250336923038487
201800010059,NonLethal,2018-11-13,18:10:00,NightStreelightsOn,130,55,Yes,T-type,Normal,2Vehicles-Side,SAINT JUST (AVENUE DE),M,43.31518778448344,5.314646168600239
201800010060,NonLethal,2018-11-13,19:00:00,NightStreelightsOn,130,55,Yes,X-type,Normal,2Vehicles-Side,JULIEN PIGNOL (BOULEVARD,M,43.35295214133162,5.35391112862849
201800010061,NonLethal,2018-11-14,10:15:00,Daylight,130,55,Yes,NoIntersection,Normal,2Vehicles-Side,LYON (RUE DE),M,43.33238917319532,5.33298892325794
201800010062,NonLethal,2018-11-14,15:15:00,Daylight,130,55,Yes,Square,Normal,Other,MIRELLE LAUZE (BOULEVARD,M,43.288108052683015,5.287911797485636
201800010063,NonLethal,2018-11-14,19:45:00,TwilightOrDawn,130,55,Yes,NoIntersection,Normal,3+Vehicles-Multiple,SCHLOESING (BOULEVARD),M,43.27322115748946,5.274313685768825
201800010064,NonLethal,2018-11-15,07:48:00,Daylight,130,75,Yes,T-type,Normal,2Vehicles-BehindVehicles-Frontal,L'ENJOLRAS (AVE DE),M,43.33899833274594,5.338734416608665
201800010065,NonLethal,2018-11-15,14:20:00,Daylight,130,55,Yes,NoIntersection,Normal,2Vehicles-Side,PRADO (AVENUE DU),M,43.27353798685317,5.272416788595766
201800010066,NonLethal,2018-12-11,23:45:00,NightStreelightsOn,130,55,Yes,X-type,Normal,2Vehicles-Side,NATIONAL (BOULEVARD),M,43.31143643277193,5.310682182151608
201800010067,NonLethal,2018-11-15,17:00:00,TwilightOrDawn,130,2,No,NoIntersection,Normal,Other,ETIENNE CUCCA-CD908 (AVE,M,43.37566281242577,5.375641663733121
201800010068,NonLethal,2018-11-15,21:45:00,NightStreelightsOn,130,55,Yes,NoIntersection,Normal,NoCollision,(RUE) BRETEUIL    2 A 18,M,43.29245905500612,5.293139524259118
201800010069,NonLethal,2018-11-15,18:30:00,TwilightOrDawn,130,55,Yes,X-type,Normal,Other,PRADO (AVENUE DU),M,43.28411177082587,5.284261411197513
201800010070,NonLethal,2018-11-16,07:45:00,TwilightOrDawn,130,55,Yes,T-type,Normal,Other,JEAN MOULIN (BOULEVARD),M,43.28932550962101,5.290110511480558
201800010073,NonLethal,2018-11-16,14:00:00,Daylight,130,55,Yes,NoIntersection,Normal,Other,SAINT ANTOINE (AVENUE DE,M,43.37389685176265,5.373649660889029
201800010074,NonLethal,2018-11-16,17:20:00,TwilightOrDawn,130,55,Yes,X-type,Normal,2Vehicles-Side,MARCHAL DE LATTRE (AVEN,M,43.249289875874446,5.2495887353988016
201800010077,NonLethal,2018-11-17,08:30:00,Daylight,130,55,Yes,NoIntersection,Normal,Other,ALPHONSE DAUDET (RUE),M,43.31853015185937,5.319565835969537
201800010078,NonLethal,2018-11-17,12:00:00,Daylight,130,55,Yes,Roundabout,Normal,Other,BAILLE (BOULEVARD),M,43.286222847944615,5.285870915218561
201800010079,NonLethal,2018-11-17,12:13:00,Daylight,130,55,Yes,Roundabout,Normal,Other,WILLIAM BOOTH (AVENUE),M,43.296017614758746,5.296071894112834
201800010081,NonLethal,2018-11-17,02:56:00,NightStreelightsOn,130,55,Yes,X-type,Normal,2Vehicles-Side,BRETEUIL (RUE),M,43.29043211720252,5.289445795853272
201800010082,NonLethal,2018-11-17,22:14:00,NightStreelightsOn,130,55,Yes,NoIntersection,Normal,2Vehicles-Side,ARNAVAUX (AVENUE DES),M,43.33157197125871,5.329576709394416
201800010083,NonLethal,2018-11-18,05:50:00,NightStreelightsOn,130,55,Yes,Square,Normal,Other,JEAN JAURES (PLACE),M,43.29625275957203,5.295647105128402
201800010084,NonLethal,2018-11-18,17:45:00,NightStreelightsOn,130,55,Yes,NoIntersection,Normal,2Vehicles-Behind,MICHELET (BOULEVARD),M,43.26733218945918,5.267811676759727
201800010085,NonLethal,2018-11-18,20:45:00,NightStreelightsOn,130,55,Yes,X-type,Normal,2Vehicles-Side,CHARLES KADDOUZ (RUE),M,43.30669205534298,5.308336729593979
201800010087,NonLethal,2018-11-19,09:31:00,Daylight,130,55,Yes,Other,Normal,Other,PLOMBIERES (BOULEVARD DE,M,43.31454811754528,5.31710647429936
201800010088,NonLethal,2018-11-19,07:50:00,Daylight,130,55,Yes,NoIntersection,Normal,Other,HUVEAUNE (BOULEVARD),M,43.270960486278696,5.271446567447178
201800010089,NonLethal,2018-11-19,13:40:00,Daylight,130,55,Yes,NoIntersection,Normal,2Vehicles-Side,ANDRE ZENATTI (AVENUE),M,43.245355546114,5.245667165685664
201800010091,NonLethal,2018-11-20,10:30:00,Daylight,130,55,Yes,NoIntersection,LightRain,Other,BOURRELY (CHEMIN DES),M,43.38141601698603,5.381159249718607
201800010092,NonLethal,2018-11-20,12:10:00,Daylight,130,55,Yes,NoIntersection,HeavyRain,2Vehicles-Side,MADRAGUE VILLE (chemin d,M,43.33756446028986,5.336879148210813
201800010094,NonLethal,2018-11-21,10:30:00,Daylight,130,55,Yes,NoIntersection,Normal,Other,MONTRE (TRAVERSE DE LA),M,43.294371149490985,5.295887035807993
201800010095,NonLethal,2018-11-21,14:20:00,Daylight,130,55,Yes,NoIntersection,LightRain,2Vehicles-Side,SAINT BARNABE (AVENUE DE,M,43.30308483384867,5.3052232559276895
201800010096,NonLethal,2018-11-21,18:45:00,NightStreelightsOn,130,55,Yes,NoIntersection,LightRain,2Vehicles-Side,PRADO (AVENUE DU),M,43.2685610965633,5.268004674138468
201800010097,NonLethal,2018-11-20,22:00:00,NightStreelightsOn,130,55,Yes,NoIntersection,LightRain,NoCollision,SADI CARNOT (PLACE),M,43.29835722247369,5.300975669857269
201800010098,NonLethal,2018-11-21,23:11:00,NightStreelightsOn,130,55,Yes,NoIntersection,Normal,2Vehicles-Side,RIVE NEUVE (QUAI),M,43.29218033752172,5.291904756549376
201800010099,NonLethal,2018-11-22,00:20:00,NightStreelightsOn,130,55,Yes,NoIntersection,Normal,Other,LON LACHAMP (ROUTE),M,43.24874634941497,5.248000100917079
201800010100,NonLethal,2018-11-22,03:00:00,NightStreelightsOn,130,55,Yes,T-type,Normal,NoCollision,BLANCARDE (BOULEVARD),M,43.30437006478576,5.304419291687252
201800010101,NonLethal,2018-11-22,08:20:00,Daylight,130,55,Yes,NoIntersection,Normal,Other,ESCADRILLE NORMANDIE NIE,M,43.34011374630782,5.339548404854183
201800010102,NonLethal,2018-11-22,09:23:00,Daylight,130,55,Yes,NoIntersection,Normal,2Vehicles-Side,CROIX ROUGE (AVENUE),M,43.33514233959719,5.3350486886128605
201800010104,NonLethal,2018-11-22,12:15:00,Daylight,130,55,Yes,NoIntersection,Normal,2Vehicles-Side,SAKAKINI (BOULEVARD),M,43.29758685997591,5.29762756214957
201800010105,NonLethal,2018-11-22,23:20:00,NightStreelightsOn,130,55,Yes,NoIntersection,LightRain,NoCollision,THODORE THURNER (BOULEV,M,43.29079780792024,5.293029109975968
201800010106,NonLethal,2018-11-23,08:30:00,Daylight,130,55,Yes,T-type,LightRain,Other,CHARLES NEDELEC (BOULEVA,M,43.30346558279925,5.303051155710948
201800010107,NonLethal,2018-11-23,16:00:00,Daylight,130,55,Yes,Other,LightRain,2Vehicles-Side,OLIVES (AVENUE DES),M,43.32409708009305,5.325337689596394
201800010108,NonLethal,2018-11-24,02:00:00,NightNoStreetLight,130,55,Yes,NoIntersection,LightRain,Other,ALEX. FLEMING (Bld),M,43.31304473339899,5.314345755198014
201800010111,NonLethal,2018-11-24,13:30:00,Daylight,130,55,Yes,NoIntersection,Normal,2Vehicles-Side,DOCTEUR BERTRAND (RUE),M,43.24712004769297,5.246168220327141
201800010112,NonLethal,2018-11-24,20:15:00,NightStreelightsOn,130,55,Yes,X-type,Normal,2Vehicles-Side,CAMILLE PELLETAN (AVENUE,M,43.30828011885733,5.3072603537429295
201800010113,NonLethal,2018-11-25,06:30:00,NightStreelightsOn,130,55,Yes,NoIntersection,Normal,2Vehicles-Behind,CROIX ROUGE (AVENUE),M,43.33253563888732,5.334837700756017
201800010114,NonLethal,2018-11-25,19:10:00,NightStreelightsOn,130,55,Yes,NoIntersection,Normal,2Vehicles-Behind,PAUL CLAUDEL (BOULEVARD,M,43.26677009840429,5.2665042098863
201800010115,NonLethal,2018-11-26,10:00:00,Daylight,130,2,Yes,NoIntersection,Normal,2Vehicles-Side,SALVATORE ALLENDE (BOULE,M,43.35371159444083,5.35336657008035
201800010116,NonLethal,2018-11-26,11:45:00,Daylight,130,55,Yes,Roundabout,Normal,2Vehicles-Side,LANCIER (CHEMIN DU),M,43.24899912296959,5.247472216138014
201800010117,NonLethal,2018-11-26,11:50:00,Daylight,130,55,Yes,NoIntersection,Normal,2Vehicles-Behind,PRADO (AVENUE DU),M,43.263014443262925,5.263769829612909
201800010118,NonLethal,2018-11-26,15:00:00,Daylight,130,55,Yes,NoIntersection,Normal,2Vehicles-Side,MARTINE (TRAVERSE LA),M,43.30089718138415,5.301424508735784
201800010120,NonLethal,2018-11-26,18:00:00,NightStreelightsOn,130,55,Yes,T-type,Normal,2Vehicles-Side,JOSEPH AIGUIER (CHEMIN),M,43.25462018849618,5.2541581790275815
201800010121,NonLethal,2018-11-27,16:50:00,TwilightOrDawn,130,55,Yes,X-type,Normal,2Vehicles-Side,AVENUE RAMPAL,M,43.31786474687157,5.3183708144989525
201800010123,NonLethal,2018-11-28,09:20:00,Daylight,130,55,Yes,NoIntersection,Normal,Other,FRANCOISE DUPARC (BOULEV,M,43.3013740583995,5.300314919596096
201800010124,NonLethal,2018-11-28,08:45:00,Daylight,130,55,Yes,X-type,Normal,2Vehicles-Side,ARNOULD (RUE),M,43.30311587589505,5.30418643390173
201800010126,NonLethal,2018-11-29,07:15:00,TwilightOrDawn,130,55,No,NoIntersection,Normal,2Vehicles-Side,COL DE LA GINESTE D559,M,43.23945650392666,5.24067214552929
201800010127,NonLethal,2018-11-29,08:30:00,Daylight,130,55,Yes,NoIntersection,Normal,2Vehicles-BehindVehicles-Frontal,GRAND PRE (AVENUE),M,43.26142294630736,5.261837303462534
201800010130,NonLethal,2018-11-30,11:15:00,Daylight,130,55,Yes,NoIntersection,LightRain,2Vehicles-Behind,ANATOLE DE LA FORGE (BOU,M,43.338017768399865,5.33746863720248
201800010131,NonLethal,2018-11-30,13:00:00,Daylight,130,55,Yes,T-type,HeavyRain,2Vehicles-Side,PARADIS (RUE),M,43.269168084169,5.269487385465462
201800010132,NonLethal,2018-12-01,05:45:00,NightStreelightsOn,130,55,Yes,NoIntersection,Normal,Other,LITTORAL (CHEMIN DU),M,43.35480257291089,5.353743783952103
201800010133,NonLethal,2018-12-01,16:50:00,Daylight,130,55,Yes,NoIntersection,Normal,3+Vehicles-Multiple,CHARLES KADDOUZ (RUE),M,43.312894424713626,5.314279929694728
201800010134,NonLethal,2018-01-12,18:20:00,NightStreelightsOn,130,55,Yes,NoIntersection,Normal,Other,Corniche John Fitzgrald,M,43.27603110868684,5.27526911039727
201800010136,NonLethal,2018-12-01,21:00:00,NightStreelightsOn,130,55,Yes,X-type,Normal,2Vehicles-Side,MARCHAL JUIN (BOULEVARD,M,43.31026091546106,5.309419028542764
201800010138,NonLethal,2018-12-03,08:00:00,Daylight,130,55,Yes,X-type,Normal,Other,BAILLE (BOULEVARD),M,43.28726400662975,5.286486570088769
201800010139,NonLethal,2018-12-03,16:50:00,Daylight,130,55,Yes,NoIntersection,Normal,2Vehicles-Behind,DSIR BIANCO (AVENUE),M,43.28876276347376,5.288756815324872
201800010140,NonLethal,2018-12-04,08:20:00,Daylight,130,55,Yes,NoIntersection,Normal,NoCollision,DOCTEUR HECKEL (RUE DU),M,43.28891945713386,5.290306346940329
201800010141,NonLethal,2018-12-04,12:30:00,Daylight,130,55,Yes,NoIntersection,Normal,2Vehicles-Side,PONT DE VIVAUX (BOULEVAR,M,43.28021344097675,5.280366543838581
201800010142,NonLethal,2018-04-12,17:45:00,NightStreelightsOn,130,55,Yes,T-type,Normal,2Vehicles-Side,MADRAGUE DE MONTREDON (A,M,43.2382163058685,5.235185079865735
201800010143,NonLethal,2018-12-04,19:00:00,NightStreelightsOn,130,55,Yes,NoIntersection,Normal,3+Vehicles-Multiple,SAINT JEAN DU DESERT (CH,M,,
201800010144,NonLethal,2018-05-12,08:30:00,Daylight,130,55,Yes,NoIntersection,Normal,Other,AVENUE DE MONTREDON,M,43.24634266311859,5.245595667349032
201800010145,NonLethal,2018-05-12,14:25:00,Daylight,130,55,Yes,Other,Normal,2Vehicles-Behind,JEANNE D'ARC (BOULEVARD),M,43.29319910958095,5.290805647202714
201800010146,NonLethal,2018-05-12,19:38:00,NightStreelightsOn,130,55,Yes,NoIntersection,Normal,Other,PRADO (AVENUE DU),M,43.27000629482505,5.272089170676812
201800010148,NonLethal,2018-05-12,21:35:00,NightStreelightsOn,130,55,Yes,X-type,Normal,2Vehicles-Side,PARADIS (RUE),M,43.2770630198022,5.277061376500146
201800010149,NonLethal,2018-04-12,17:40:00,TwilightOrDawn,130,55,Yes,NoIntersection,Normal,Other,PIERRE GUERRE (ROND-POIN,M,43.24914580414002,5.25058078722024
201800010150,NonLethal,2018-06-12,14:55:00,Daylight,130,55,Yes,Y-type,Normal,2Vehicles-Side,FRANKLIN ROOSEVELT (COUR,M,43.29944366142141,5.297450541346997
201800010151,NonLethal,2018-07-12,08:30:00,Daylight,130,55,Yes,NoIntersection,Normal,2Vehicles-Side,Franklin ROOSEVELT (COUR,M,43.297652789218304,5.300201361863772
201800010152,NonLethal,2018-12-07,08:30:00,Daylight,130,55,Yes,NoIntersection,Normal,3+Vehicles-Chain,RUE SAINT PIERRE,M,43.29258846333177,5.290762160510308
201800010153,NonLethal,2018-12-07,13:40:00,Daylight,130,55,Yes,NoIntersection,Normal,3+Vehicles-Multiple,CHARLES KADDOUZ (RUE),M,43.30909517410913,5.309885863194963
201800010155,NonLethal,2018-08-12,01:39:00,NightStreelightsOn,130,55,Yes,Y-type,Normal,Other,PERRIN (BOULEVARD),M,43.3190330537132,5.318666832991228
201800010156,Lethal,2018-12-08,02:17:00,NightStreelightsOn,130,55,Yes,NoIntersection,Other,NoCollision,Corniche John Fitzgrald,M,43.27276435739866,5.271002108330543
201800010157,NonLethal,2018-12-08,07:00:00,TwilightOrDawn,130,55,Yes,X-type,Normal,2Vehicles-Side,LIEUTAUD (COURS),M,43.28764557734499,5.287617657011509
201800010158,NonLethal,2018-08-12,03:30:00,NightStreelightsOn,130,55,Yes,NoIntersection,Normal,Other,...?,M,43.2936620407547,5.293416170006882
201800010159,NonLethal,2018-12-08,23:20:00,NightStreelightsOn,130,55,Yes,NoIntersection,Normal,2Vehicles-Behind,CLOT BEY (AVENUE),M,43.25768832684234,5.256838414933974
201800010160,NonLethal,2018-08-12,11:30:00,Daylight,130,55,Yes,NoIntersection,Normal,2Vehicles-Side,TRAVERSE PARANGON,M,43.24067057987267,5.240055540069903
201800010161,NonLethal,2018-12-09,10:50:00,Daylight,130,55,Yes,NoIntersection,Normal,2Vehicles-Behind,Corniche John F Kennedy,M,43.281237770500695,5.281963749582667
201800010162,NonLethal,2018-09-12,17:55:00,TwilightOrDawn,130,55,Yes,NoIntersection,Normal,2Vehicles-Behind,SAINT LOUP (BOULEVARD DE,M,43.28421158996285,5.286681820355069
201800010163,NonLethal,2018-12-09,18:45:00,NightStreelightsOff,130,55,Yes,NoIntersection,Normal,Other,SAINTE MARGUERITE (BOULE,M,43.268436075060215,5.269197257894392
201800010165,NonLethal,2018-12-10,13:00:00,Daylight,130,55,Yes,NoIntersection,Normal,2Vehicles-Side,SAINT JEROME (AVENUE DE),M,43.33145454648828,5.331655072925312
201800010166,NonLethal,2018-11-12,07:40:00,TwilightOrDawn,130,55,Yes,Other,Normal,2Vehicles-Side,TROIS LUCS A LA*VALENTIN,M,43.30907862329735,5.310403241554017
201800010168,NonLethal,2018-12-11,11:30:00,Daylight,130,55,Yes,NoIntersection,Normal,2Vehicles-Side,PONT DE VIVAUX (BOULEVAR,M,43.28186791154359,5.282262155437718
201800010170,NonLethal,2018-11-12,16:30:00,TwilightOrDawn,130,55,Yes,NoIntersection,Normal,2Vehicles-Behind,Bd MARECHAL JUIN,M,43.31293243449889,5.313321471510903
201800010171,NonLethal,2018-12-11,16:15:00,Daylight,130,55,Yes,NoIntersection,Normal,2Vehicles-Behind,SAINT PIERRE (RUE),M,43.29237401232819,5.291585511972174
201800010172,NonLethal,2018-09-12,03:40:00,NightStreelightsOn,130,55,Yes,NoIntersection,Normal,Other,HENRI BARNIER (BOULEVARD,M,43.36940579398134,5.369737343506163
201800010174,NonLethal,2018-12-11,21:25:00,NightStreelightsOn,130,55,Yes,NoIntersection,Normal,Other,MIRELLE LAUZE (BOULEVARD,M,43.28889976994368,5.287540042431089
201800010175,Lethal,2018-12-12,02:25:00,NightStreelightsOn,130,55,Yes,NoIntersection,Normal,NoCollision,JONCS (BOULEVARD DES),M,43.247768531320325,5.248100959699833
201800010176,NonLethal,2018-12-12,08:50:00,Daylight,130,55,Yes,NoIntersection,Normal,2Vehicles-Behind,JUNOT (RUE),M,43.30828012148546,5.309944728080156
201800010177,NonLethal,2018-12-12,08:50:00,Daylight,130,55,Yes,NoIntersection,Normal,Other,AVENUE WILLIAM BOOTH,M,43.29149778977461,5.291122851835652
201800010178,NonLethal,2018-11-12,11:10:00,Daylight,130,55,Yes,NoIntersection,Normal,2Vehicles-Behind,PADOUANE (BD DE LA ),M,43.35258900027965,5.3542935208665945
201800010179,NonLethal,2018-12-12,12:15:00,Daylight,130,55,Yes,NoIntersection,Normal,2Vehicles-Side,SCHLOESING (BOULEVARD),M,43.27222542920222,5.275809101391311
201800010180,NonLethal,2018-12-12,13:55:00,Daylight,130,55,Yes,NoIntersection,Normal,Other,CHARTREUX (AVENUE DES),M,43.30608306612914,5.3061259483537535
201800010182,NonLethal,2018-12-12,13:30:00,Daylight,130,55,Yes,T-type,Normal,2Vehicles-Behind,pointe rouge (ave),M,43.24739386226239,5.248268896038594
201800010183,NonLethal,2018-12-12,16:00:00,Daylight,130,55,Yes,T-type,Normal,2Vehicles-BehindVehicles-Frontal,SAINTE MARTHE (chemin),M,43.32268528484577,5.32219218532118
201800010184,NonLethal,2018-12-12,18:00:00,NightStreelightsOn,130,55,Yes,NoIntersection,Normal,2Vehicles-Behind,CAMAS (RUE DU),M,43.295745032931,5.296806755705891
201800010185,NonLethal,2018-12-13,08:45:00,Daylight,130,55,Yes,NoIntersection,Normal,2Vehicles-Side,BOULEVARD PAUL CLAUDEL,M,43.268036943729456,5.269672663100433
201800010186,NonLethal,2018-12-13,11:51:00,Daylight,130,55,Yes,NoIntersection,LightRain,2Vehicles-BehindVehicles-Frontal,LA STATION (CHEMIN DU),M,43.33277044998585,5.330135269124419
201800010187,NonLethal,2018-12-13,16:45:00,TwilightOrDawn,130,55,Yes,NoIntersection,LightRain,Other,VIAN (RUE),M,43.29304014528098,5.294336219902902
201800010188,NonLethal,2018-12-13,17:30:00,NightNoStreetLight,130,55,Yes,NoIntersection,LightRain,2Vehicles-BehindVehicles-Frontal,VALBARELLE (BOULEVARD DE,M,43.28734195975344,5.287769618771287
201800010189,NonLethal,2018-12-13,14:15:00,Daylight,130,55,Yes,Other,LightRain,2Vehicles-Side,GUIBAL (RUE),M,43.3053273816781,5.306740383631149
201800010190,NonLethal,2018-12-13,07:50:00,Daylight,130,55,No,Other,Overcast,2Vehicles-Side,LA NERTHE (CHEMIN DE LA),M,43.37751192030324,5.378524387723459
201800010191,NonLethal,2018-12-13,12:30:00,Daylight,130,55,Yes,T-type,Normal,Other,AYGALADES (AVENUE DES),M,43.3380849382217,5.337191655002142
201800010193,NonLethal,2018-12-14,11:35:00,Daylight,130,55,Yes,NoIntersection,Normal,2Vehicles-Behind,PIERRE ROUX (PLACE),M,43.28559335515784,5.286793066314147
201800010194,NonLethal,2018-12-14,13:35:00,Daylight,130,55,Yes,NoIntersection,Normal,Other,TOULON (AVENUE DE),M,43.283370170079365,5.282691268390955
201800010195,NonLethal,2018-12-14,15:30:00,Daylight,130,55,Yes,NoIntersection,Normal,2Vehicles-Behind,RABATAU (BOULEVARD),M,43.27796112675388,5.277313748428942
201800010196,NonLethal,2018-12-14,19:20:00,NightStreelightsOn,130,55,Yes,NoIntersection,Normal,NoCollision,CHARLES LIVON (BOULEVARD,M,43.29176358028055,5.292909990007586
201800010198,NonLethal,2018-12-15,01:00:00,NightStreelightsOn,130,55,Yes,Other,Normal,2Vehicles-Side,CHEMIN DU MERLAN A LA RO,M,43.3308917444698,5.33168090497765
201800010199,NonLethal,2018-12-15,21:15:00,NightStreelightsOn,130,55,Yes,NoIntersection,Normal,2Vehicles-Side,FONDERE (RUE),M,43.30172446515969,5.300886076947881
201800010201,NonLethal,2018-12-16,12:47:00,Daylight,130,55,Yes,NoIntersection,LightRain,2Vehicles-Side,SAINTE MARGUERITE (BOULE,M,43.26171892812781,5.260724793234592