AccidentId,Gravity,Date,Hour,Light,Department,Commune,InAgglomeration,IntersectionType,Weather,CollisionType,PostalAddress,GPSCode,Latitude,Longitude
201800010202,NonLethal,2018-12-16,21:15:00,NightStreelightsOn,130,55,Yes,NoIntersection,LightRain,2Vehicles-BehindVehicles-Frontal,BUREL (BOULEVARD),M,43.31761503059267,5.316486445799139
201800010203,NonLethal,2018-12-16,21:30:00,NightStreelightsOn,130,55,Yes,Roundabout,LightRain,2Vehicles-Behind,PRADO (AVENUE DU),M,43.27180006967551,5.273374999352559
201800010204,NonLethal,2018-12-17,06:00:00,NightStreelightsOn,130,55,Yes,X-type,Normal,NoCollision,ALEX. FLEMING (BD),M,43.31564081022186,5.316759252745237
201800010206,NonLethal,2018-12-17,16:35:00,Daylight,130,55,Yes,NoIntersection,Normal,Other,LOUIS ARMAND (BOULEVARD),M,43.29821878787566,5.296594541855386
201800010208,NonLethal,2018-12-18,01:05:00,NightStreelightsOn,130,55,Yes,NoIntersection,Normal,2Vehicles-BehindVehicles-Frontal,ERNEST DELIBES (PLACE),M,43.28059043957107,5.280418534489083
201800010209,NonLethal,2018-12-18,10:00:00,Daylight,130,55,Yes,X-type,Normal,2Vehicles-Side,AUGUSTIN AUBERT (RUE),M,43.26673034909474,5.266363582047371
201800010210,NonLethal,2018-12-18,13:10:00,Daylight,130,55,Yes,NoIntersection,Normal,Other,PAUL CLAUDEL (BOULEVARD),M,43.27093008028391,5.269431993333076
201800010211,NonLethal,2018-12-19,11:00:00,Daylight,130,55,Yes,NoIntersection,LightRain,Other,CANEBIERE    81 A FIN,M,43.29790628259056,5.29828674075821
201800010212,NonLethal,2018-12-19,09:00:00,Daylight,130,55,Yes,NoIntersection,LightRain,Other,SAINT MARCEL (BOULEVARD,M,43.28765057886355,5.2870526369103885
201800010213,NonLethal,2018-12-19,12:15:00,Daylight,130,55,Yes,NoIntersection,LightRain,2Vehicles-Behind,GILLIBERT (BOULEVARD),M,43.26475288055201,5.263291731064292
201800010214,NonLethal,2018-12-19,12:50:00,Daylight,130,55,Yes,NoIntersection,LightRain,2Vehicles-Side,PRADO*(AVENUE DU),M,43.26526026459267,5.263863846858788
201800010216,NonLethal,2018-12-19,16:20:00,TwilightOrDawn,130,55,Yes,NoIntersection,LightRain,Other,CAPELETTE (AVENUE DE LA),M,43.27965744875856,5.28076175117512
201800010217,NonLethal,2018-12-19,19:40:00,NightNoStreetLight,130,2,No,NoIntersection,LightRain,2Vehicles-BehindVehicles-Frontal,ETIENNE CUCCA-CD908 (AVE,M,43.37937902513986,5.379994910559626
201800010218,NonLethal,2018-12-19,22:30:00,NightStreelightsOn,130,55,Yes,Other,Normal,2Vehicles-Side,MAZARGUES (AVENUE DE),M,43.26331195028319,5.263362501324485
201800010219,NonLethal,2018-12-20,12:00:00,Daylight,130,55,Yes,NoIntersection,Normal,2Vehicles-Behind,L ARMEE D AFRIQUE (CHEMI,M,43.290913645437705,5.29052062855398
201800010220,NonLethal,2018-12-20,15:25:00,Daylight,130,55,Yes,NoIntersection,Normal,2Vehicles-BehindVehicles-Frontal,LIEUTAUD (COURS),M,43.29004400942479,5.289891931740114
201800010221,NonLethal,2018-12-21,03:25:00,NightStreelightsOn,130,55,Yes,NoIntersection,Normal,Other,CHARLES LIVON (BOULEVARD,M,43.292097608604,5.290323149902813
201800010223,NonLethal,2018-12-21,12:40:00,Daylight,130,55,Yes,NoIntersection,Normal,Other,L ARMEE D AFRIQUE (CHEMI,M,43.291219795208825,5.291772767435185
201800010224,NonLethal,2018-12-21,16:31:00,Daylight,130,55,Yes,NoIntersection,Normal,Other,CAMILLE PELLETAN (AVENUE,M,43.30323595618238,5.303289411605386
201800010225,NonLethal,2018-12-21,18:40:00,NightStreelightsOn,130,55,Yes,NoIntersection,Normal,2Vehicles-Side,POMME (BOULEVARD DE LA ),M,43.29208390594918,5.293807456085901
201800010226,NonLethal,2018-12-21,19:30:00,NightStreelightsOn,130,55,Yes,NoIntersection,Normal,2Vehicles-Behind,OLIVES (AVENUE DES),M,43.3268818447354,5.3272719027916855
201800010227,NonLethal,2018-12-22,15:00:00,Daylight,130,55,Yes,NoIntersection,Normal,2Vehicles-Behind,RUE PROF ROGER LUCCIONI,M,43.27309267079629,5.272028283734215
201800010229,NonLethal,2018-12-22,16:00:00,Daylight,130,55,Yes,NoIntersection,Normal,Other,PARADIS (RUE),M,43.27821444426184,5.27529777143332
201800010230,NonLethal,2018-12-23,03:30:00,NightStreelightsOn,130,55,Yes,NoIntersection,Normal,Other,AVENUE JEAN LOMBARD,M,43.2906422118848,5.290557174941845
201800010232,NonLethal,2018-12-23,19:30:00,NightStreelightsOn,130,55,Yes,NoIntersection,Normal,Other,MISTRAL (AVENUE),M,43.26949939379713,5.266751935675699
201800010233,NonLethal,2018-12-23,20:20:00,NightStreelightsOn,130,55,Yes,NoIntersection,Normal,2Vehicles-Side,CHARLES LIVON (BOULEVARD,M,43.291541002801694,5.291536080343727
201800010234,NonLethal,2018-12-24,00:35:00,NightStreelightsOn,130,55,Yes,Other,Normal,Other,JULES CANTINI (AVENUE),M,43.2844834105883,5.283525074575467
201800010235,NonLethal,2018-12-24,09:15:00,Daylight,130,55,Yes,NoIntersection,Normal,2Vehicles-Side,BLANCARDE (BD),M,43.30295510270606,5.302500078598205
201800010237,NonLethal,2018-12-24,10:35:00,Daylight,130,55,Yes,NoIntersection,Normal,2Vehicles-Behind,ROY D'ESPAGNE (CHEMIN),M,43.24350207274614,5.243417022446352
201800010238,NonLethal,2018-12-24,15:15:00,Daylight,130,55,Yes,T-type,Normal,2Vehicles-Behind,ENCO DE BOTTE (RTE),M,43.31390947509582,5.313985174021473
201800010239,NonLethal,2018-12-24,14:35:00,Daylight,130,55,Yes,NoIntersection,Normal,2Vehicles-Side,MIREILLE LAUZE (BOULEVAR,M,43.28368673469016,5.282388044727775
201800010244,NonLethal,2018-12-21,17:50:00,NightStreelightsOn,130,55,Yes,NoIntersection,Normal,NoCollision,TROIS LUCS A LA VALENTIN,M,43.31167833578348,5.311593316711311
201800010245,NonLethal,2018-12-26,13:15:00,Daylight,130,2,Yes,NoIntersection,Normal,2Vehicles-Side,SALVATORE ALLENDE (BOULE,M,43.35219121010052,5.354385820908284
201800010246,NonLethal,2018-12-26,11:30:00,Daylight,130,55,Yes,T-type,Normal,2Vehicles-Side,SAINT ANTOINE A SAINT JO,M,43.3553856131431,5.35425211516791
201800010247,NonLethal,2018-12-26,14:40:00,Daylight,130,55,Yes,Other,Normal,2Vehicles-Behind,BOULEVARD JEAN MOULIN,M,43.28838982020026,5.285707155559541
201800010248,NonLethal,2018-12-26,14:00:00,Daylight,130,55,No,NoIntersection,Normal,NoCollision,LA GINESTE RD 559,M,43.22501371392574,5.22508288327667
201800010249,NonLethal,2018-11-26,22:15:00,NightStreelightsOn,130,55,Yes,T-type,Normal,2Vehicles-Side,ARENC (QUAI D'),M,43.31349775621536,5.312921781075317
201800010250,NonLethal,2018-12-27,08:00:00,TwilightOrDawn,130,55,Yes,NoIntersection,Normal,NoCollision,CHARLES KADDOUZ (RUE),M,43.31991038266977,5.317938003292172
201800010251,NonLethal,2018-12-27,15:15:00,Daylight,130,55,Yes,X-type,Normal,2Vehicles-Side,JEAN MARTIN (RUE),M,43.29581645015515,5.296015916495606
201800010252,NonLethal,2018-12-27,16:40:00,Daylight,130,55,Yes,NoIntersection,Normal,2Vehicles-Side,SAINT ANTOINE A SAINT JO,M,43.36141745165826,5.365465433723841
201800010253,NonLethal,2018-12-27,19:00:00,NightStreelightsOn,130,55,Yes,NoIntersection,Normal,3+Vehicles-Chain,ALEX. FLEMING (BOULEVARD,M,43.31503705961927,5.312480300004328
201800010256,NonLethal,2018-12-28,17:50:00,NightStreelightsOn,130,55,Yes,NoIntersection,Normal,2Vehicles-Side,JEAN PAUL SARTRE (AVENUE,M,43.32684410186366,5.324654423811794
201800010257,NonLethal,2018-12-29,15:45:00,Daylight,130,55,Yes,NoIntersection,Normal,2Vehicles-Behind,L ARMEE D AFRIQUE (CHEMI,M,43.28634773056368,5.288245828769511
201800010258,Lethal,2018-12-29,14:20:00,Daylight,130,55,Yes,T-type,Normal,3+Vehicles-Multiple,BERNABO (Bd),M,43.33827989559677,5.338269639501764
201800010259,NonLethal,2018-12-30,18:45:00,NightNoStreetLight,130,55,Yes,T-type,Normal,2Vehicles-Side,ANDRE BARDON (rue),M,43.28415157369419,5.284365173375226
201800010260,NonLethal,2018-12-30,22:05:00,NightStreelightsOn,130,55,Yes,NoIntersection,Normal,NoCollision,VALBARELLE (BOULEVARD DE,M,43.28853944468098,5.288837111090891
201800010261,NonLethal,2018-12-31,11:00:00,Daylight,130,55,Yes,NoIntersection,Normal,NoCollision,GASTON FLOTTE (RUE),M,43.29660557110565,5.296620220106934
201800010262,NonLethal,2018-12-31,15:20:00,Daylight,130,55,Yes,T-type,Normal,2Vehicles-Side,MAZARGUES (AVENUE DE),M,43.26490283042379,5.261284847320336
201800010265,NonLethal,2018-10-31,15:50:00,Daylight,130,39,No,NoIntersection,LightRain,2Vehicles-Side,ROUTE NATIONALE 568,M,43.45640184467429,4.455408718990759
201800010266,NonLethal,2018-11-16,19:40:00,TwilightOrDawn,130,77,No,NoIntersection,Normal,Other,POURRA,M,43.43105216725139,5.432187846958689
201800010267,NonLethal,2018-10-23,20:05:00,NightStreelightsOn,130,56,Yes,T-type,Normal,2Vehicles-Side,DOUMER TRAVERSE PAUL,M,43.40706053637176,5.408948960629319
201800010268,NonLethal,2018-02-23,11:30:00,Daylight,130,26,Yes,NoIntersection,Normal,Other,7 Av de l'Homme À la Fen,M,43.39214784874347,5.392770550197494
201800010270,NonLethal,2018-06-03,14:20:00,Daylight,130,39,Yes,NoIntersection,Normal,2Vehicles-Side,JAURES JEAN (Avenue),M,43.43497910025612,4.435396539210801
201800010271,NonLethal,2018-10-03,11:10:00,Daylight,130,39,No,NoIntersection,Normal,2Vehicles-Behind,ROUTE NATIONALE 569,M,43.46936410741524,4.471488328374659
201800010272,NonLethal,2018-01-21,16:30:00,Daylight,130,77,No,NoIntersection,Normal,2Vehicles-BehindVehicles-Frontal,D 50,M,43.42699930798755,5.427654803140571
201800010273,NonLethal,2018-03-23,07:15:00,Daylight,130,39,No,Other,Normal,2Vehicles-Side,RN 545,M,43.43686227202099,4.436992049904502
201800010274,NonLethal,2018-02-21,10:55:00,Daylight,130,56,Yes,NoIntersection,Overcast,2Vehicles-BehindVehicles-Frontal,CD 5 (Route d'Istres),M,43.42728378333072,5.4278882075242585
201800010275,Lethal,2018-02-08,16:30:00,Daylight,130,39,No,Other,Normal,2Vehicles-Side,P 544,M,43.47630640304262,4.4776916161228
201800010276,Lethal,2018-12-02,05:34:00,NightNoStreetLight,130,39,No,NoIntersection,Normal,2Vehicles-BehindVehicles-Frontal,ROUTE NATIONALE 569,M,43.4683491322858,4.46767108915486
201800010278,NonLethal,2018-04-21,05:50:00,NightNoStreetLight,130,26,No,NoIntersection,Normal,3+Vehicles-Multiple,RN 568 CLM,M,43.39331795913535,5.39263119358618
201800010280,NonLethal,2018-08-01,13:25:00,Daylight,130,56,Yes,NoIntersection,Normal,3+Vehicles-Multiple,TURCAN FRANCIS,M,43.41187634389475,5.411522097034324
201800010281,NonLethal,2018-05-11,19:15:00,Daylight,130,56,Yes,NoIntersection,Normal,3+Vehicles-Multiple,TURCAN FRANCIS,M,43.416007165161865,5.415873506012815
201800010282,Lethal,2018-05-20,20:03:00,Daylight,130,39,No,NoIntersection,Normal,2Vehicles-Side,RD 268,M,43.46607989172645,4.465700596534537
201800010283,NonLethal,2018-05-22,18:46:00,Daylight,130,56,Yes,NoIntersection,Normal,Other,18 Quai Kléber,M,43.40662019436595,5.404459331376733
201800010284,NonLethal,2018-05-25,07:50:00,Daylight,130,39,No,NoIntersection,Normal,2Vehicles-Side,ROUTE NATIONALE 569,M,43.46925267346046,4.4674327532435445
201800010285,NonLethal,2018-12-06,16:15:00,Daylight,130,56,Yes,NoIntersection,Normal,Other,COLLINE ROUTE de la,M,43.42153657359941,5.420979171298386
201800010286,NonLethal,2018-06-12,12:05:00,Daylight,130,26,Yes,Other,Normal,2Vehicles-Side,FERRY (Rue Jules),M,43.38732920530687,5.386577080206294
201800010287,NonLethal,2018-06-21,17:15:00,Daylight,130,26,No,NoIntersection,Normal,2Vehicles-Side,LAURE (route de),M,43.3797341929901,5.379550877887248
201800010288,NonLethal,2018-06-22,20:10:00,Daylight,130,56,Yes,NoIntersection,Normal,2Vehicles-BehindVehicles-Frontal,KLEBER Quai JEAN BAPTIST,M,43.40481569692664,5.404707951749703
201800010289,NonLethal,2018-06-22,17:20:00,Daylight,130,56,Yes,NoIntersection,Normal,2Vehicles-Side,DUFY ALLEE RAOUL,M,43.4049445325492,5.406113945145962
201800010292,NonLethal,2018-06-29,07:00:00,Daylight,130,77,No,NoIntersection,Normal,3+Vehicles-Multiple,RN 568,M,43.412374546420985,4.412981017461347
201800010293,NonLethal,2018-07-04,15:40:00,Daylight,130,56,Yes,NoIntersection,Normal,Other,AIRES PLACE DES,M,43.4056375140285,5.407719134879362
201800010294,NonLethal,2018-06-25,13:51:00,Daylight,130,39,No,NoIntersection,Normal,2Vehicles-Behind,ROUTE NATIONALE 568,M,43.461895916839495,4.461043989017574
201800010295,NonLethal,2018-07-13,16:36:00,Daylight,130,104,No,NoIntersection,Normal,2Vehicles-BehindVehicles-Frontal,RD 49,M,43.34318034462614,5.34087660682262
201800010296,NonLethal,2018-07-25,06:50:00,Daylight,130,39,No,Roundabout,Normal,2Vehicles-Behind,RN 568,M,43.46343073607931,4.4620003989422194
201800010297,NonLethal,2018-07-26,15:45:00,Daylight,130,56,No,NoIntersection,Normal,2Vehicles-BehindVehicles-Frontal,RD 5,M,43.38092556131437,5.3839661691221785
201800010298,NonLethal,2018-08-06,18:45:00,Daylight,130,26,No,NoIntersection,Normal,2Vehicles-Side,RD 9,M,43.38277449454643,5.381701189884535
201800010300,NonLethal,2018-12-08,08:10:00,Daylight,130,56,No,NoIntersection,Normal,2Vehicles-Behind,ROUTE DE SAINT PIERRE,M,43.388902132129815,5.389439240250149
201800010301,NonLethal,2018-03-07,08:15:00,Daylight,130,26,No,NoIntersection,Normal,3+Vehicles-Multiple,CD 9,M,43.38538781181614,5.387173264483215
201800010302,NonLethal,2018-08-12,06:00:00,Daylight,130,39,No,NoIntersection,Normal,Other,ROUTE NATIONALE 568,M,43.435184644843474,4.4360569010323285
201800010303,NonLethal,2018-08-18,13:45:00,Daylight,130,26,No,NoIntersection,Normal,NoCollision,RD 568,M,43.38978103656824,5.390166715623331
201800010304,NonLethal,2018-10-08,20:45:00,Daylight,130,39,No,NoIntersection,Normal,2Vehicles-Side,RN 568,M,43.45816958479803,4.459633103759476
201800010305,NonLethal,2018-08-25,21:00:00,NightStreelightsOn,130,26,Yes,T-type,Normal,2Vehicles-Side,Bd Chateau Moustier,M,43.38584216614363,5.385198123615163
201800010306,NonLethal,2018-08-30,09:20:00,Daylight,130,56,Yes,Other,Normal,Other,LECLERC QUAI GENERAL CHA,M,43.404650077788446,5.404586678816048
201800010307,NonLethal,2018-09-13,18:00:00,Daylight,130,56,Yes,NoIntersection,Normal,Other,NOTRE DAME BOULEVARD,M,43.41355508365498,5.414610531837975
201800010310,NonLethal,2018-09-25,13:55:00,Daylight,130,26,Yes,Other,Normal,Other,AUDIBERT (bd Armand),M,43.38715786395959,5.387095159390477
201800010311,NonLethal,2018-09-18,07:30:00,Daylight,130,26,No,Other,Normal,2Vehicles-Side,RD 568 CLM,M,43.39295330613051,5.394285646973315
201800010313,NonLethal,2018-10-01,21:15:00,NightNoStreetLight,130,77,No,NoIntersection,Normal,Other,RN 568,M,43.41232713450958,5.413488672069459
201800010314,NonLethal,2018-09-10,15:59:00,Daylight,130,56,No,NoIntersection,Normal,2Vehicles-Behind,CD 49,M,43.33516883621835,5.336795218243957
201800010315,NonLethal,2018-12-10,21:00:00,NightStreelightsOn,130,39,No,NoIntersection,Normal,2Vehicles-Side,ROUTE NATIONALE 568,M,43.428484285015074,4.429718383649613
201800010316,NonLethal,2018-10-13,15:45:00,Daylight,130,56,Yes,NoIntersection,Normal,Other,ROUSSEAU JEAN JACQUES,M,43.40061989547622,5.400896293653221
201800010317,NonLethal,2018-10-31,17:20:00,NightNoStreetLight,130,39,Yes,NoIntersection,HeavyRain,Other,DE GAULLE GENERAL (Avenu,M,43.44071650410695,4.442478109902312
201800010318,NonLethal,2018-11-14,06:35:00,NightNoStreetLight,130,77,No,Other,Normal,2Vehicles-Side,D 50,M,43.42690880282576,5.428787909884299
201800010319,NonLethal,2018-11-16,00:10:00,NightStreelightsOn,130,39,No,NoIntersection,Normal,2Vehicles-Side,GUIGONNET (rond-point du,M,43.4509753898824,4.4505209531901375
201800010320,NonLethal,2018-11-16,08:40:00,Daylight,130,56,Yes,NoIntersection,Normal,Other,TURCAN FRANCIS,M,43.41295418541208,5.409989758959812
201800010321,NonLethal,2018-11-08,14:50:00,Daylight,130,77,Yes,Other,Normal,3+Vehicles-Chain,RN 568,M,43.42371602023014,4.421967094243197
201800010322,NonLethal,2018-04-12,11:15:00,Daylight,130,77,No,NoIntersection,Normal,2Vehicles-Side,RN 568,M,43.41464631303461,5.4126170756992895
201800010323,NonLethal,2018-08-10,18:30:00,NightNoStreetLight,130,39,No,NoIntersection,Normal,Other,ROUTE NATIONALE 568,M,43.47806399329696,4.478973373919176
201800010326,Lethal,2018-01-28,00:10:00,NightNoStreetLight,130,103,No,Roundabout,Normal,NoCollision,ROUTE D'ARLES-RN 113,M,43.64143625403874,5.639466778250984
201800010328,NonLethal,2018-03-03,13:37:00,Daylight,130,103,Yes,X-type,Normal,2Vehicles-BehindVehicles-Frontal,AVENUE BOREL -GEORGES,M,43.64121798099852,5.641979983513391
201800010329,Lethal,2018-12-04,15:00:00,Daylight,130,103,No,NoIntersection,HeavyRain,3+Vehicles-Chain,596 Ch Grand'carraire,M,43.643332006280126,5.646723002806101
201800010330,NonLethal,2018-04-24,23:25:00,NightNoStreetLight,130,103,Yes,NoIntersection,Normal,2Vehicles-BehindVehicles-Frontal,ROUTE D'ARLES-RD 113,M,43.63694962555017,5.636382831525039
201800010331,Lethal,2018-04-28,18:55:00,Daylight,130,103,No,NoIntersection,Normal,2Vehicles-Side,AVENUE DE  GUBBIO-RD 113,M,43.6253596757788,5.625793920655126
201800010332,NonLethal,2018-06-01,09:50:00,Daylight,130,103,Yes,Roundabout,Normal,Other,Bd CLEMENCEAU- GE,M,43.64042576384755,5.642068251663495
201800010334,NonLethal,2018-06-20,18:20:00,Daylight,130,103,No,NoIntersection,Normal,3+Vehicles-Multiple,ROUTE DE JEAN MOULIN-RD,M,43.66674345855287,5.665436591524815
201800010335,NonLethal,2018-06-29,07:57:00,Daylight,130,103,Yes,T-type,Normal,Other,ALLEE  de la LIBERTE,M,43.63706649860006,5.636909887844601
201800010336,Lethal,2018-09-17,08:45:00,Daylight,130,103,Yes,Roundabout,Normal,Other,AVENUE DE LA PATROUILLE,M,43.627921562761536,5.629247193135586
201800010337,NonLethal,2018-10-01,01:30:00,NightNoStreetLight,130,103,No,Roundabout,Normal,NoCollision,RD 113,M,43.639544817982525,5.640767004306893
201800010338,NonLethal,2018-10-13,19:40:00,NightStreelightsOn,130,103,Yes,NoIntersection,Normal,Other,RUE DES FILEUSES DE SOIE,M,43.639821868243615,5.641430532162687
201800010339,Lethal,2018-01-10,16:05:00,Daylight,130,103,No,NoIntersection,Normal,2Vehicles-Side,RD 113,M,43.59983049822846,5.599972036459825
201800010340,NonLethal,2018-06-12,07:15:00,NightStreelightsOn,130,103,Yes,NoIntersection,Normal,2Vehicles-Behind,AVENUE MICHELET,M,43.64045439664096,5.640548527529988
201800010341,NonLethal,2018-12-10,16:45:00,Daylight,130,103,No,NoIntersection,Normal,Other,RTE DE MARSEILLE-RD 538,M,43.62327010797553,5.622434547019368
201800010342,NonLethal,2018-12-14,16:15:00,Daylight,130,103,Yes,NoIntersection,Normal,2Vehicles-Side,AVENUE DE WERTHEIM,M,43.64637039186248,5.646907525745759
201800010343,NonLethal,2018-01-15,21:00:00,NightNoStreetLight,130,108,No,NoIntersection,Overcast,Other,ARLES (PETITE ROUTE D AR,M,43.76997574934528,4.770912498568153
201800010344,NonLethal,2018-01-24,20:40:00,NightNoStreetLight,130,108,No,NoIntersection,Normal,NoCollision,RD 970 ROUTE D'AVIGNON,M,43.827923210864,4.8279895923688105
201800010345,NonLethal,2018-02-19,09:21:00,Daylight,130,108,Yes,NoIntersection,Normal,Other,16 Bd Victor Hugo,M,43.80218687742026,4.803549159126564
201800010346,NonLethal,2018-03-06,13:10:00,Daylight,300,32,No,NoIntersection,Normal,NoCollision,"6000, FOURQUES ROUTE DE",M,43.79866830098806,4.79799655549519
201800010347,Lethal,2018-06-03,18:00:00,Daylight,130,108,No,NoIntersection,Normal,3+Vehicles-Multiple,Route de Vallabregues,M,43.81877966894507,4.8179233906164445
201800010348,NonLethal,2018-03-30,16:16:00,Daylight,300,32,Yes,T-type,Normal,Other,PIERRE MENDES FRANCE AVE,M,43.81385695483043,4.811692730988544
201800010349,NonLethal,2018-04-18,16:45:00,Daylight,130,108,No,NoIntersection,Normal,3+Vehicles-Multiple,RD 99 ROUTE DE SAINT REM,M,43.79513911411782,4.7952187739374486
201800010350,NonLethal,2018-06-24,22:30:00,NightStreelightsOff,300,32,Yes,NoIntersection,Normal,Other,PAIX QUAI DE LA,M,43.80344724388076,4.803343910251547
201800010351,NonLethal,2018-07-01,01:10:00,NightNoStreetLight,130,108,No,NoIntersection,Normal,3+Vehicles-Multiple,D 570 N Route D ARLES,M,43.75389907371456,4.752887366500211
201800010353,NonLethal,2018-07-24,15:15:00,Daylight,130,108,No,NoIntersection,Normal,2Vehicles-BehindVehicles-Frontal,VALLABREGUES ( RD 81 ROU,M,43.81758206930794,4.815541416726261
201800010354,NonLethal,2018-07-30,11:00:00,Daylight,130,108,Yes,X-type,Normal,2Vehicles-Side,GUYNEMER GEORGE (AVENUE),M,43.811528867579455,4.809774921217298
201800010355,NonLethal,2018-08-29,13:30:00,Daylight,130,108,No,NoIntersection,Normal,2Vehicles-Behind,CD 35 ROUTE DE BOULBON,M,43.84493378107351,4.845278122207002
201800010356,NonLethal,2018-09-22,03:30:00,NightNoStreetLight,130,108,No,NoIntersection,Normal,NoCollision,RD 970 ROUTE D'AVIGNON,M,43.81679643249824,4.8173451997571854
201800010357,NonLethal,2018-10-10,17:00:00,Daylight,300,32,Yes,T-type,Normal,3+Vehicles-Multiple,Route st gilles-Houblons,M,43.80308923635883,4.80069548082356
201800010358,NonLethal,2018-11-21,17:15:00,TwilightOrDawn,130,108,No,NoIntersection,Normal,2Vehicles-BehindVehicles-Frontal,D99B,M,43.47488034171634,4.476362417857687
201800010359,NonLethal,2018-11-29,13:55:00,Daylight,300,32,Yes,NoIntersection,Normal,Other,RUE DE LA REDOUTE,M,43.81156157129521,4.811662901965242
201800010360,NonLethal,2018-12-20,15:35:00,Daylight,130,108,Yes,NoIntersection,VeryGood,Other,REPUBLIQUE (AVENUE),M,43.80432521370913,4.805003870073084
201800010361,Lethal,2018-02-12,17:42:00,NightStreelightsOn,130,108,Yes,X-type,LightRain,Other,,M,43.80998359978147,4.807041760027095
201800010362,NonLethal,2018-01-01,19:00:00,NightStreelightsOn,130,117,Yes,X-type,Normal,3+Vehicles-Multiple,SALYENS ( AVENUE DES ),M,43.44209972147534,5.444282851461766
201800010363,NonLethal,2018-12-07,16:30:00,Daylight,130,54,Yes,NoIntersection,Normal,3+Vehicles-Chain,8 MAI 1945 (AV DU ),M,43.4203087262112,5.418248549121971
201800010365,Lethal,2018-10-01,05:55:00,NightStreelightsOn,130,117,Yes,Roundabout,Normal,NoCollision,BAOU (QUARTIER DU PONT D,M,43.4605607889868,5.458935942217118
201800010366,NonLethal,2018-01-19,21:15:00,NightStreelightsOn,130,54,Yes,NoIntersection,Normal,2Vehicles-BehindVehicles-Frontal,"35, FIGUERES (RUE DES )",M,43.41757298630298,5.420857436752291
201800010367,NonLethal,2018-01-22,16:30:00,Daylight,130,117,Yes,X-type,Normal,2Vehicles-Side,RUE DE FONTBLANCHE,M,43.42193199290596,5.421631890916077
201800010368,NonLethal,2018-01-19,19:10:00,NightStreelightsOn,130,54,Yes,NoIntersection,Normal,Other,8 MAI 1945 (AV DU ),M,43.41302485363188,5.415149615092346
201800010369,NonLethal,2018-02-01,21:00:00,NightStreelightsOn,130,54,Yes,X-type,Overcast,2Vehicles-Side,1 Rue de Figueres,M,43.414664973279095,5.415625165624654
201800010371,NonLethal,2018-04-02,04:05:00,NightStreelightsOn,130,43,Yes,T-type,Normal,Other,COTE BLEUE (AV DE LA ),M,43.38567619323897,5.385154614042182
201800010372,NonLethal,2018-02-05,18:30:00,NightNoStreetLight,130,117,Yes,NoIntersection,Normal,Other,Avenue Jean Monnet,M,,
201800010373,NonLethal,2018-02-10,15:00:00,Daylight,130,54,No,NoIntersection,Normal,Other,49 Route de la Plage,M,43.43181926796801,5.433215196819893
201800010374,NonLethal,2018-02-03,15:15:00,Daylight,130,117,Yes,NoIntersection,Normal,2Vehicles-Behind,MORFELDEN WALLDORF (AVEN,M,43.45738563355253,5.459722023545509
201800010375,NonLethal,2018-03-07,15:00:00,Daylight,130,117,Yes,T-type,Normal,Other,SALYENS ( AVENUE DES ),M,43.44162340932323,5.441309016324794
201800010376,NonLethal,2018-03-10,16:00:00,Daylight,130,117,Yes,X-type,Normal,2Vehicles-Side,LONDRES (Avenue de),M,43.42695363107556,5.427659522176332
201800010377,NonLethal,2018-04-17,08:30:00,Daylight,130,117,Yes,NoIntersection,Normal,2Vehicles-Side,ROME  (AVENUE DE),M,43.4384770185082,5.438870021963755
201800010378,NonLethal,2018-04-22,09:45:00,Daylight,130,117,Yes,X-type,Normal,2Vehicles-Side,DE LATTRE DE TASSIGNY (,M,43.42394046955242,5.42276070561966
201800010379,NonLethal,2018-04-24,16:55:00,Daylight,130,71,No,NoIntersection,Normal,3+Vehicles-Chain,629 Av. Plan de Campagne,M,43.41097261081568,5.411063004894874
201800010380,NonLethal,2018-04-24,18:45:00,Daylight,130,102,Yes,NoIntersection,Normal,2Vehicles-Behind,JEAN MOULIN (BD ),M,43.41246881752546,5.410882520057528
201800010381,NonLethal,2018-04-05,12:30:00,Daylight,130,117,No,NoIntersection,Normal,2Vehicles-Behind,ROUTE NATIONALE 113-L'AN,M,43.41899580925504,5.421763380313638
201800010382,NonLethal,2018-05-05,13:00:00,Daylight,130,54,Yes,NoIntersection,Normal,Other,6 Allée des Oliviers,M,43.40801308076738,5.407407016679619
201800010383,NonLethal,2018-06-05,20:50:00,TwilightOrDawn,130,117,Yes,NoIntersection,LightRain,2Vehicles-Side,PADOVANI ( AVE ),M,43.43316747050876,5.433067520571741
201800010384,NonLethal,2018-08-05,23:20:00,NightStreelightsOn,130,71,Yes,Other,Normal,Other,VIEILLE ROUTE DE LA GAVO,M,43.3789119540696,5.379306525709138
201800010385,NonLethal,2018-11-05,15:50:00,Daylight,130,19,Yes,NoIntersection,Normal,NoCollision,AVENUE DU PLAN DE CAMPAG,M,43.411762612503466,5.411723130846156
201800010387,NonLethal,2018-05-30,22:00:00,NightStreelightsOn,130,54,Yes,X-type,Normal,2Vehicles-Side,COMBATTANTS AFN 52 62 (A,M,43.4041873450858,5.405285146690265
201800010388,NonLethal,2018-06-02,16:30:00,Daylight,130,117,Yes,NoIntersection,Normal,Other,POILUS ( ALLEE des),M,43.42377588388305,5.42457391111178
201800010389,NonLethal,2018-04-06,07:30:00,Daylight,130,54,Yes,NoIntersection,Normal,2Vehicles-BehindVehicles-Frontal,RENE DUBOS (AV ),M,43.41818276468359,5.418766103747387
201800010390,NonLethal,2018-10-06,14:50:00,Daylight,130,117,No,NoIntersection,Normal,2Vehicles-Behind,EUROCOPTER CD 20,M,43.43845805849465,5.440064101348238