AccidentId,Gravity,Date,Hour,Light,Department,Commune,InAgglomeration,IntersectionType,Weather,CollisionType,PostalAddress,GPSCode,Latitude,Longitude
201800010391,NonLethal,2018-06-12,14:30:00,Daylight,130,117,Yes,X-type,Normal,2Vehicles-Side,LONDRES (AVENUE DE),M,43.426459374208434,5.427832070319715
201800010392,NonLethal,2018-06-20,07:00:00,Daylight,130,117,Yes,NoIntersection,Normal,2Vehicles-Side,ROUTE NATIONALE 113 - CA,M,43.475048147724365,5.475673703087991
201800010393,NonLethal,2018-06-23,13:05:00,Daylight,130,117,No,NoIntersection,Normal,2Vehicles-Behind,CD20 E,M,43.4261137882914,5.4253317075389695
201800010395,NonLethal,2018-06-30,15:10:00,Daylight,130,71,Yes,NoIntersection,Normal,2Vehicles-Side,FERME (CH de la),M,43.40916833636423,5.406981411575435
201800010396,NonLethal,2018-07-07,09:50:00,Daylight,130,43,Yes,NoIntersection,Normal,Other,REPUBLIQUE (Av DE LA ),M,43.394839486375865,5.395028872704045
201800010397,NonLethal,2018-07-08,17:00:00,Daylight,130,71,No,NoIntersection,Normal,2Vehicles-Side,A * 51,M,43.41559065239381,5.416851214860777
201800010398,NonLethal,2018-12-07,17:00:00,Daylight,130,117,Yes,NoIntersection,Normal,2Vehicles-BehindVehicles-Frontal,MARSEILLE ( AVENUE DE ),M,43.44689919693084,5.445636480110094
201800010399,NonLethal,2018-07-12,22:55:00,NightStreelightsOn,130,54,Yes,Other,Normal,2Vehicles-Side,LEGION D'HONNEUR (RPT DE,M,43.41137635007795,5.410877747791969
201800010400,NonLethal,2018-07-15,18:10:00,Daylight,130,54,Yes,NoIntersection,Normal,2Vehicles-Side,HENRI DUNANT (AV ),M,43.40248676417055,5.40274033473891
201800010401,NonLethal,2018-07-18,13:45:00,Daylight,130,54,Yes,NoIntersection,Normal,Other,RUE FRANCIS GARNIER,M,43.41140731371316,5.412773358809318
201800010402,NonLethal,2018-07-18,21:15:00,Daylight,130,71,Yes,NoIntersection,Normal,Other,MITTERRAND (AVENUE FRANC,M,43.38635746739975,5.386566150150299
201800010403,NonLethal,2018-07-20,01:20:00,NightStreelightsOn,130,54,Yes,X-type,Normal,Other,ROLAND CORRAO (AV ),M,43.421076865488615,5.42029889333884
201800010404,NonLethal,2018-07-24,19:30:00,Daylight,130,54,Yes,NoIntersection,Normal,2Vehicles-BehindVehicles-Frontal,RUE ROLAND GARROS,M,43.41766042716146,5.41617990920579
201800010405,NonLethal,2018-01-08,09:00:00,Daylight,130,54,Yes,X-type,Normal,2Vehicles-Side,STADE (RUE DU ),M,43.41712955262588,5.416796449503064
201800010406,NonLethal,2018-08-03,19:00:00,Daylight,130,117,Yes,X-type,Normal,2Vehicles-Side,( RUE DE LA ) GLACIERE,M,43.42354218667485,5.42078822803136
201800010409,NonLethal,2018-08-20,12:00:00,Daylight,130,54,Yes,Other,Normal,3+Vehicles-Chain,VICTOIRE DE LA MARNE (RU,M,43.40908342245312,5.409541291689253
201800010410,NonLethal,2018-08-17,11:00:00,Daylight,130,43,Yes,NoIntersection,Normal,2Vehicles-Side,N 368,M,43.395871240863386,5.396592654872468
201800010411,NonLethal,2018-08-27,01:00:00,NightNoStreetLight,130,43,No,NoIntersection,Normal,2Vehicles-Side,ROVE (AV DU ),M,43.38402697240512,5.38501358852452
201800010412,NonLethal,2018-08-30,01:35:00,NightStreelightsOn,130,117,Yes,NoIntersection,Normal,2Vehicles-Behind,ROUTE NATIONALE 113 - CA,M,43.47671442270945,5.476237651726371
201800010413,NonLethal,2018-09-05,21:00:00,NightStreelightsOn,130,117,Yes,NoIntersection,Normal,2Vehicles-Behind,COPENHAGUE (RUE DE),M,43.428444390595736,5.427066333295695
201800010415,Lethal,2018-09-19,04:31:00,NightNoStreetLight,130,117,No,NoIntersection,Normal,Other,RD 20,M,43.42510416242824,5.424750224250591
201800010416,NonLethal,2018-09-29,02:50:00,NightNoStreetLight,130,71,No,NoIntersection,Normal,NoCollision,ROUTE NATIONALE 113 - CA,M,43.41210276505628,5.411439700713937
201800010417,NonLethal,2018-09-29,19:40:00,TwilightOrDawn,130,106,Yes,NoIntersection,Normal,2Vehicles-BehindVehicles-Frontal,D'APT (route),M,43.40542216021052,5.406317231864486
201800010418,NonLethal,2018-03-10,10:00:00,Daylight,130,71,Yes,T-type,Normal,2Vehicles-Side,ROUTE NATIONALE 368 (VIL,M,43.40824430417996,5.406902203055478
201800010419,NonLethal,2018-06-10,04:15:00,NightNoStreetLight,130,117,No,Other,Normal,Other,ROUTE NATIONALE 113-L'AN,M,43.425365752785126,5.4267772245097685
201800010420,NonLethal,2018-11-10,09:00:00,Daylight,130,117,Yes,NoIntersection,Normal,2Vehicles-BehindVehicles-Frontal,BERNARDE (AUBERGE LA) RN,M,43.478660511994384,5.480368698149641
201800010421,NonLethal,2018-10-18,18:30:00,TwilightOrDawn,130,43,Yes,NoIntersection,Normal,2Vehicles-BehindVehicles-Frontal,Av. Lino Ventura,M,43.39356162283367,5.394245560137733
201800010422,NonLethal,2018-10-19,15:00:00,Daylight,130,117,No,NoIntersection,Normal,3+Vehicles-Multiple,STADIUM (CD9),M,43.455326626428665,5.454250853549446
201800010423,NonLethal,2018-10-23,09:25:00,Daylight,130,117,Yes,NoIntersection,Normal,2Vehicles-Behind,ROGNAC ( ROUTE DE ),M,43.47181990052728,5.472615013055055
201800010424,NonLethal,2018-10-13,18:15:00,Daylight,130,54,Yes,NoIntersection,Normal,2Vehicles-Side,OLIVIERS (ALL DES ),M,43.40867637608986,5.406952782785743
201800010426,NonLethal,2018-10-30,09:00:00,Daylight,130,19,No,T-type,Normal,2Vehicles-Side,CD6,M,43.4231529497405,5.424441517796947
201800010427,NonLethal,2018-05-11,09:00:00,Daylight,130,117,No,T-type,Normal,2Vehicles-Side,LONDRES (AVENUE DE),M,43.42847690364549,5.426818978863286
201800010428,NonLethal,2018-11-09,07:00:00,Daylight,130,117,Yes,NoIntersection,Overcast,2Vehicles-Behind,RD 113,M,43.42515818416332,5.423248753997795
201800010429,NonLethal,2018-12-11,17:50:00,NightNoStreetLight,130,71,No,NoIntersection,Normal,2Vehicles-Behind,ROUTE NATIONALE 368 (PLA,M,43.402090216532095,5.402249053152387
201800010430,NonLethal,2018-11-13,15:45:00,Daylight,130,71,Yes,Other,Normal,2Vehicles-Side,BEDOULE ( CHEMIN DE LA ),M,43.38826168124012,5.388122474135673
201800010432,NonLethal,2018-11-15,17:45:00,NightStreelightsOn,130,117,Yes,NoIntersection,Normal,Other,AVENUE DES SALYENS,M,43.44285127423213,5.442450619781893
201800010433,NonLethal,2018-11-17,14:15:00,Daylight,130,54,Yes,NoIntersection,Normal,Other,MAURICE NOGUES (BD ),M,43.419320376786125,5.41702343370655
201800010434,NonLethal,2018-11-23,22:30:00,NightStreelightsOn,130,71,No,Other,LightRain,2Vehicles-Side,RD 113,M,43.41868552338136,5.414817686505835
201800010436,NonLethal,2018-11-27,12:00:00,Daylight,130,54,Yes,NoIntersection,Normal,Other,CHE SAINT PIERRE,M,43.41125297056313,5.4120101381772505
201800010437,NonLethal,2018-11-30,13:00:00,Daylight,130,117,Yes,NoIntersection,LightRain,Other,RHIN DANUBE ( AVENUE ),M,43.42160653845874,5.421384851062541
201800010438,NonLethal,2018-11-12,15:20:00,Daylight,130,71,Yes,Roundabout,Normal,2Vehicles-Side,D 543,M,43.41860210514649,5.422142152290814
201800010439,NonLethal,2018-12-13,18:20:00,NightStreelightsOn,130,117,Yes,NoIntersection,LightRain,2Vehicles-BehindVehicles-Frontal,MARSEILLE ( AVENUE DE ),M,43.43379539634162,5.433191999348035
201800010441,NonLethal,2018-12-19,07:30:00,TwilightOrDawn,130,54,Yes,NoIntersection,HeavyRain,Other,route de Martigues RD9,M,43.40837394518535,5.407511269275478
201800010443,NonLethal,2018-09-16,02:15:00,NightStreelightsOn,210,412,Yes,NoIntersection,Normal,Other,l'hopital de Meursault,M,46.97171787284344,4.973461474387705
201800010444,NonLethal,2018-03-22,17:05:00,Daylight,560,75,Yes,NoIntersection,Normal,2Vehicles-Side,Rue Rencontre,M,47.90670167727277,-0.9066407939458804
201800010445,NonLethal,2018-02-25,18:45:00,NightNoStreetLight,680,146,No,NoIntersection,Normal,2Vehicles-Behind,Rte Nationale 83,M,48.12731435738049,7.128276557463579
201800010447,NonLethal,2018-03-23,07:40:00,Daylight,680,205,No,NoIntersection,Normal,Other,AUTOROUTE 35,M,47.91011144202702,7.9094285142829985
201800010448,NonLethal,2018-04-14,20:45:00,NightNoStreetLight,680,295,No,NoIntersection,Normal,2Vehicles-Behind,Autoroute 35,M,48.01334832225146,7.009610314261217
201800010449,NonLethal,2018-04-20,07:00:00,Daylight,680,82,No,NoIntersection,Normal,2Vehicles-Behind,Autoroute 35,M,47.847553571753046,7.84870214337101
201800010450,NonLethal,2018-06-14,15:50:00,Daylight,680,66,No,NoIntersection,Normal,2Vehicles-Behind,Autoroute 35,M,48.06021449828185,7.059334227470721
201800010451,NonLethal,2018-07-01,06:40:00,Daylight,680,66,No,NoIntersection,Normal,Other,Autoroute 35,M,48.04769129667676,7.047483163177982
201800010452,Lethal,2018-07-30,17:12:00,Daylight,680,228,No,NoIntersection,Normal,Other,Autoroute 35,M,47.92576977497357,7.925398600167094
201800010453,NonLethal,2018-08-03,15:10:00,Daylight,680,66,No,NoIntersection,Normal,Other,Autoroute 35,M,48.05844132638193,7.060427281782159
201800010456,NonLethal,2018-08-18,08:30:00,Daylight,680,113,No,Y-type,Normal,2Vehicles-Side,Rte nationale 83,M,48.18647287412867,7.187152177674063
201800010457,NonLethal,2018-08-27,12:30:00,Daylight,680,37,No,NoIntersection,Normal,2Vehicles-Behind,Autoroute 35,M,47.954785815639454,7.952500652884108
201800010458,Lethal,2018-11-09,15:08:00,Daylight,680,295,No,NoIntersection,VeryGood,2Vehicles-Behind,autoroute A35,M,48.01753829862159,7.019408257496472
201800010460,NonLethal,2018-01-10,17:50:00,Daylight,680,66,No,NoIntersection,Normal,3+Vehicles-Chain,A35,M,48.05701503406683,7.056512044629814
201800010462,NonLethal,2018-10-31,17:35:00,NightNoStreetLight,680,113,No,NoIntersection,Normal,3+Vehicles-Chain,Rte nationale 83,M,48.18627621592269,7.186090488031279
201800010463,NonLethal,2018-11-25,03:40:00,NightNoStreetLight,680,252,No,NoIntersection,Normal,NoCollision,ROUTE NATIONALE 83 PK61.,M,48.15381187128251,7.152584748669994
201800010464,NonLethal,2018-01-22,20:50:00,NightNoStreetLight,780,356,No,NoIntersection,Normal,2Vehicles-BehindVehicles-Frontal,RD195,M,48.74062853502544,2.7408233896784524
201800010465,NonLethal,2018-01-30,19:00:00,NightNoStreetLight,780,356,No,NoIntersection,LightRain,NoCollision,Route départementale 195,M,48.74272399191543,2.742080998948858
201800010466,NonLethal,2018-04-24,08:15:00,Daylight,780,356,Yes,T-type,Normal,2Vehicles-Side,RUE MATHILDE DE GARLANDE,M,48.74249962430503,2.742356457286932
201800010467,NonLethal,2018-05-13,17:00:00,Daylight,780,356,No,NoIntersection,Normal,2Vehicles-Side,D195,M,48.73935525133265,2.741051201865097
201800010468,NonLethal,2018-06-02,21:20:00,TwilightOrDawn,780,356,No,Roundabout,Normal,Other,RD36,M,48.74355182359486,2.7416392020932814
201800010469,NonLethal,2018-10-30,13:00:00,Daylight,780,620,No,NoIntersection,LightRain,NoCollision,D938,M,48.74080557827091,2.738821298934276
201800010470,NonLethal,2018-07-28,15:15:00,Daylight,330,88,No,NoIntersection,VeryGood,Other,A.89 - PK.047.800,M,45.00949175803899,-0.0077599799049506
201800010471,NonLethal,2018-10-17,10:55:00,Daylight,330,15,No,NoIntersection,Normal,Other,A89 - PR019.115,M,44.87302680030009,-0.8742372957841232
201800010472,NonLethal,2018-11-07,09:55:00,Daylight,330,302,No,NoIntersection,LightRain,Other,RD 121,M,44.93951325399237,-0.9379097975910268
201800010473,NonLethal,2018-03-29,19:52:00,Daylight,720,299,No,NoIntersection,Normal,2Vehicles-Behind,A28 PK 79+O5O sens LE MA,M,47.86849518546316,3.869523548186111
201800010474,NonLethal,2018-04-21,10:45:00,Daylight,720,124,No,NoIntersection,Normal,Other,PK 077+300,M,47.82627359758083,3.825019842623989
201800010475,NonLethal,2018-12-06,03:40:00,NightNoStreetLight,720,160,No,NoIntersection,Normal,Other,A 28 sens LE MANS TOURS,M,47.71587183677988,3.718873402327439
201800010476,NonLethal,2018-06-18,15:50:00,Daylight,720,300,No,NoIntersection,Normal,Other,a11,M,48.0541677220797,3.0539030719387537
201800010477,NonLethal,2018-06-25,17:53:00,Daylight,720,58,No,NoIntersection,Normal,NoCollision,Bretelle Péage d'Auvours,M,47.98945070615603,3.9897553998997086
201800010478,NonLethal,2018-08-07,17:45:00,Daylight,720,320,No,Other,Normal,Other,AUTOROUTE A11 PK 17O+OOO,M,48.05251769360236,1.0522491712555304
201800010479,NonLethal,2018-08-31,11:40:00,Daylight,720,124,No,NoIntersection,Normal,Other,PK 77+600,M,47.82576313864355,2.8261587407676614
201800010480,NonLethal,2018-09-10,12:45:00,Daylight,720,203,No,NoIntersection,Normal,Other,PK61+400,M,47.68295504040389,3.6831096644441743
201800010481,NonLethal,2018-05-29,11:15:00,Daylight,950,392,Yes,NoIntersection,LightRain,Other,ALLEE DE LA CLAIRIERE,M,49.07289058039345,2.07239835519052
201800010482,NonLethal,2018-07-26,17:50:00,Daylight,950,394,Yes,NoIntersection,Normal,2Vehicles-Side,RD 44,M,49.055868923348136,2.054499303622533
201800010484,NonLethal,2018-10-16,16:20:00,Daylight,950,392,Yes,NoIntersection,Normal,2Vehicles-Side,RUE DE VILLIERS ADAM,M,49.07277661782239,2.072609452817955
201800010485,NonLethal,2018-10-25,07:00:00,NightNoStreetLight,950,39,No,NoIntersection,Normal,Other,CHEMIN DE L'ISLE,M,49.08462466262091,2.084205063656288
201800010486,NonLethal,2018-01-06,12:40:00,Daylight,720,139,No,NoIntersection,Overcast,NoCollision,Autoroute A28,M,48.33247046156851,1.3299575989119992
201800010487,NonLethal,2018-01-15,12:40:00,Daylight,720,56,No,NoIntersection,HeavyRain,NoCollision,A28,M,48.3891924874193,1.3881861840438816
201800010489,NonLethal,2018-03-04,17:50:00,Daylight,720,120,No,NoIntersection,SnowOrHail,3+Vehicles-Chain,Autoroute A28 - PK 135+5,M,48.25299299656719,1.2521957379570952
201800010491,NonLethal,2018-08-15,18:35:00,Daylight,720,186,No,NoIntersection,Normal,Other,autoroute A28,M,48.20466720879323,1.2038103768770387
201800010492,NonLethal,2018-10-22,18:10:00,Daylight,610,497,No,NoIntersection,Normal,NoCollision,autoroute A.28 - PK = 16,M,48.45228797051035,1.451313231520244
201800010493,NonLethal,2018-01-02,08:50:00,Daylight,490,99,No,NoIntersection,Normal,Other,AUTOROUTE A87 - SORTIE 2,M,47.08728341352534,-0.0874932398530853
201800010494,NonLethal,2018-05-28,07:45:00,Daylight,490,301,No,T-type,Normal,3+Vehicles-Chain,Lieu-dit La Petite Hinch,M,47.04237854246173,-0.0394807796466787
201800010495,NonLethal,2018-07-11,15:14:00,Daylight,490,69,No,NoIntersection,Normal,2Vehicles-Side,route départementale 763,M,47.318889362057554,-0.3206402913434855
201800010496,Lethal,2018-10-09,12:20:00,Daylight,490,301,No,NoIntersection,Normal,2Vehicles-Side,RN 249 PK09+250,M,47.1149029292993,-0.1168980481216949
201800010498,Lethal,2018-06-12,12:50:00,Daylight,490,381,No,NoIntersection,Overcast,2Vehicles-BehindVehicles-Frontal,LIEU-DIT LE SOUCHEAU,M,47.03222867677805,-0.0335509425351659
201800010499,NonLethal,2018-07-02,15:45:00,Daylight,240,225,No,X-type,Normal,2Vehicles-Side,Route de Lamonzie,M,44.84599155987007,3.8461065507098815
201800010502,Lethal,2018-03-15,08:30:00,Daylight,240,274,No,NoIntersection,Overcast,2Vehicles-BehindVehicles-Frontal,Le Peyrat,M,44.79569436274499,4.794647985974561
201800010503,NonLethal,2018-04-18,13:45:00,Daylight,240,374,No,NoIntersection,Normal,NoCollision,D19,M,44.79810187437358,5.797808565987609
201800010505,Lethal,2018-06-17,11:00:00,Daylight,240,357,No,NoIntersection,Normal,2Vehicles-BehindVehicles-Frontal,L'Envège,M,44.77950012401942,4.7801286779081416
201800010506,NonLethal,2018-06-27,17:20:00,Daylight,240,212,Yes,NoIntersection,Normal,2Vehicles-Behind,"lieu-dit ""Grangette"" rou",M,44.72941065046605,6.728818778692205
201800010508,NonLethal,2018-11-20,18:50:00,NightNoStreetLight,240,225,No,X-type,Normal,2Vehicles-Side,chemin de la Nauve,M,44.84200904002936,3.839337031910505
201800010509,NonLethal,2018-01-19,14:00:00,Daylight,680,321,Yes,X-type,LightRain,2Vehicles-Side,6 Rue des mines,M,47.82669772420165,7.828005938931217
201800010510,NonLethal,2018-06-27,18:15:00,Daylight,680,375,Yes,NoIntersection,Normal,Other,10 R d'ensisheim,M,47.80927940934335,7.810733296465622
201800010511,NonLethal,2018-07-15,20:00:00,Daylight,680,375,Yes,NoIntersection,HeavyRain,Other,110 A R de Reiningue,M,47.79953475386633,7.797260053649227
201800010512,NonLethal,2018-09-25,20:18:00,NightNoStreetLight,680,375,No,NoIntersection,Normal,2Vehicles-Behind,Route départementale 2 B,M,47.81451554757157,7.812836634329277
201800010513,NonLethal,2018-10-27,21:45:00,NightStreelightsOn,680,375,Yes,X-type,LightRain,2Vehicles-Side,1 rue Jean Mermoz,M,47.795676563882886,7.796858543064499
201800010514,Lethal,2018-05-28,18:40:00,Daylight,190,143,No,T-type,Normal,2Vehicles-Side,"Lieu dit ""l'EPINA""",M,45.3593030785217,1.3587105370209742
201800010515,Lethal,2018-07-18,23:35:00,NightNoStreetLight,190,81,No,NoIntersection,Normal,Other,les champs de Brach,M,45.3368859584979,1.33484909425173
201800010517,NonLethal,2018-08-30,15:50:00,Daylight,190,227,No,NoIntersection,Normal,Other,A89 PK 206+750 - SENS 2,M,45.303048000536776,1.302002789381283
201800010518,Lethal,2018-09-15,18:00:00,Daylight,190,207,No,NoIntersection,Normal,Other,A89 Barrière de péage Sa,M,45.284050336513936,1.28281946987092
201800010519,NonLethal,2018-10-14,21:10:00,NightNoStreetLight,190,146,No,NoIntersection,LightRain,2Vehicles-BehindVehicles-Frontal,Après l'aire de péage de,M,45.32817975089402,1.3294831972079215
201800010520,NonLethal,2018-04-14,11:45:00,Daylight,670,123,No,Roundabout,Normal,NoCollision,,M,48.88163973919831,7.881858239515895
201800010522,NonLethal,2018-10-07,23:00:00,NightStreelightsOn,670,324,Yes,NoIntersection,Normal,Other,2 route de France,M,48.95138376105663,7.952285207221634
201800010523,NonLethal,2018-07-26,09:10:00,Daylight,670,176,Yes,T-type,Normal,Other,46 grand rue,M,48.90707331168235,7.908002462522115
201800010524,NonLethal,2018-07-09,10:30:00,Daylight,670,324,No,NoIntersection,LightRain,NoCollision,RD 1062,M,48.94991144158616,7.950743874246186
201800010525,Lethal,2018-12-14,13:50:00,Daylight,670,176,No,NoIntersection,Normal,2Vehicles-BehindVehicles-Frontal,CD 1062,M,48.91666157119608,7.919244893086529
201800010527,NonLethal,2018-01-18,08:11:00,NightStreelightsOn,140,437,Yes,NoIntersection,LightRain,Other,FRANCE (AVENUE PIERRE ME,M,49.17166745840125,-0.1700573000543506
201800010528,NonLethal,2018-07-03,17:45:00,Daylight,140,118,Yes,X-type,Normal,2Vehicles-Side,JUIN (BOULEVARD MARECHAL,M,49.208537578396,-0.2100150455940086
201800010529,NonLethal,2018-08-02,10:16:00,Daylight,140,118,Yes,T-type,Normal,Other,"1, ETAVAUX (RUE D')",M,49.158715317896366,-0.1604133093885967
201800010530,Lethal,2018-03-23,14:05:00,Daylight,140,118,Yes,X-type,Normal,2Vehicles-Side,JUIN (BOULEVARD MARECHAL,M,49.211484973054006,-0.2108614444280674
201800010531,NonLethal,2018-03-06,15:45:00,Daylight,140,271,Yes,NoIntersection,Normal,2Vehicles-Behind,HARCOURT (ROUTE D'),,,
201800010533,NonLethal,2018-12-04,17:00:00,Daylight,140,118,Yes,NoIntersection,Normal,Other,CHERON (AVENUE HENRI),M,49.17159919653729,-0.1713285965785486
201800010534,NonLethal,2018-05-15,18:33:00,Daylight,140,215,Yes,Other,Normal,2Vehicles-BehindVehicles-Frontal,CARRIERES (RUE DES ),M,49.18916468116964,-0.1881684604141442
201800010535,NonLethal,2018-11-05,13:00:00,Daylight,140,118,Yes,NoIntersection,Normal,2Vehicles-Side,CAPONIERE (RUE -109 IMPA,M,49.1789425438965,-0.1790046235109637
201800010537,NonLethal,2018-05-06,09:00:00,Daylight,140,341,Yes,NoIntersection,Normal,Other,MONNET (RUE JEAN),M,49.14241657638715,-0.1439561812723633
201800010538,NonLethal,2018-06-15,14:55:00,Daylight,140,437,Yes,X-type,Normal,2Vehicles-Side,MONTALIVET (COURS),M,49.180325969888926,-0.1815116244074555
201800010540,NonLethal,2018-06-25,18:30:00,Daylight,140,327,Yes,Other,Normal,Other,PERIPHERIQUE (BOULEVARD),M,49.19910265258034,-0.1995432313605437
201800010542,NonLethal,2018-06-29,14:12:00,Daylight,140,118,Yes,X-type,Normal,Other,JUILLET (QUAI DE),M,49.17647160289588,3.181399942056029
201800010543,NonLethal,2018-07-02,17:37:00,Daylight,140,118,Yes,NoIntersection,Normal,2Vehicles-BehindVehicles-Frontal,JUIN (BOULEVARD MARECHAL,M,49.197557802355256,-0.1953675204573369
201800010544,NonLethal,2018-07-07,12:50:00,Daylight,140,437,Yes,NoIntersection,Normal,3+Vehicles-Multiple,PERIPHERIQUE SUD (BOULEV,M,49.158814158369296,-0.1604962444100538
201800010546,NonLethal,2018-10-07,21:40:00,Daylight,140,167,No,NoIntersection,Normal,Other,ORNE (RUE DE L'),M,49.19419583178488,-0.194492577088378
201800010547,NonLethal,2018-07-14,16:17:00,Daylight,140,167,No,NoIntersection,Normal,3+Vehicles-Chain,BLUM (RUE LEON ),M,49.20481452555113,-0.2037249040698288
201800010548,NonLethal,2018-07-20,17:14:00,Daylight,140,181,Yes,NoIntersection,Normal,2Vehicles-Behind,ECHANGEUR Nø 15 ( VALLEE,M,49.15124896930024,-0.1505771253744517
201800010549,NonLethal,2018-07-24,16:00:00,Daylight,140,118,No,NoIntersection,Normal,2Vehicles-Behind,RN 814,M,49.09647327773786,1.0951221732135692
201800010550,NonLethal,2018-07-25,16:15:00,Daylight,140,437,Yes,T-type,VeryGood,2Vehicles-Side,CALMETTE (RUE),M,49.18068044534152,-0.1775141595947764
201800010551,NonLethal,2018-07-31,18:00:00,Daylight,140,327,Yes,NoIntersection,Normal,2Vehicles-BehindVehicles-Frontal,GRANDE DELLE (BOULEVARD,M,49.20865663635215,-0.207299859017183
201800010552,NonLethal,2018-05-08,06:18:00,TwilightOrDawn,140,118,Yes,NoIntersection,Normal,2Vehicles-Behind,DELIVRANDE (RUE DE LA),M,49.19510129878045,-0.1956696774999514
201800010553,NonLethal,2018-08-04,15:35:00,Daylight,140,101,Yes,NoIntersection,Normal,Other,WOODBURY (AVENUE DE ),M,49.16649404935328,-0.1668583195510332
201800010554,NonLethal,2018-08-09,15:45:00,Daylight,140,118,Yes,NoIntersection,Normal,2Vehicles-Behind,BARTHOU (BOULEVARD LOUIS,M,49.174403854995695,-0.1740902470555265
201800010555,NonLethal,2018-08-09,19:50:00,Daylight,140,118,Yes,X-type,Normal,2Vehicles-BehindVehicles-Frontal,ANCIENNE BOUCHERIE (PLAC,M,49.18083246410372,-0.1818778057074326
201800010556,NonLethal,2018-08-10,14:15:00,Daylight,140,118,Yes,Other,Normal,2Vehicles-Side,JUSTICE (PLACE DE LA),M,49.16305380668126,3.161841608983368
201800010558,NonLethal,2018-08-23,17:10:00,Daylight,140,118,Yes,Roundabout,Normal,Other,COTE DE NACRE(AVENUE),M,49.21140757177847,-0.2112672346004523
201800010559,NonLethal,2018-08-26,02:55:00,NightNoStreetLight,140,101,Yes,NoIntersection,Normal,Other,GRANDE PLAINE (AVENUE DE,M,49.18449555225518,-0.1832671865007163
201800010560,NonLethal,2018-02-09,20:00:00,Daylight,140,167,No,NoIntersection,Normal,Other,ARAGON (RUE LOUIS),M,49.19167572486393,-0.1914090136214008
201800010561,NonLethal,2018-06-09,13:30:00,Daylight,140,118,Yes,X-type,Normal,Other,LIBERTE (PLACE DE LA),M,49.16126608624327,-0.1610080484783974
201800010562,NonLethal,2018-06-09,21:50:00,TwilightOrDawn,140,118,Yes,X-type,Normal,2Vehicles-Side,CHERON (AVENUE HENRI),M,49.173254863615405,-0.1730214551259853
201800010563,NonLethal,2018-09-08,15:30:00,Daylight,140,118,Yes,Roundabout,Normal,2Vehicles-BehindVehicles-Frontal,DEBARQUEMENT (ROND POINT,M,49.20329606707795,-0.2000847487954401
201800010565,NonLethal,2018-09-13,17:40:00,Daylight,140,118,Yes,Roundabout,Normal,Other,COTE DE NACRE(AVENUE),M,49.20337914578787,-0.2044078597572222
201800010566,NonLethal,2018-09-20,17:30:00,Daylight,140,118,Yes,X-type,Normal,2Vehicles-Behind,LEROY (BOULEVARD),M,49.1728269195887,3.173565757712037
201800010567,NonLethal,2018-09-27,08:45:00,Daylight,140,437,Yes,X-type,Normal,2Vehicles-Side,MONTALIVET (COURS),M,49.18119582760032,-0.1797593902665554
201800010568,NonLethal,2018-01-10,16:25:00,Daylight,140,341,Yes,Roundabout,Normal,2Vehicles-Side,FALAISE (ROUTE DE),M,49.14808259986787,3.146752790408293
201800010569,NonLethal,2018-10-03,12:20:00,Daylight,140,118,Yes,NoIntersection,Normal,Other,MALON (RUE DE),M,49.12332765140573,2.124072812622624
201800010570,NonLethal,2018-03-10,16:45:00,Daylight,140,118,Yes,NoIntersection,Normal,Other,SIX JUIN (AVENUE DU - 11,M,49.17731358651801,-0.1777692816741105
201800010571,NonLethal,2018-10-05,08:30:00,Daylight,140,118,Yes,NoIntersection,Normal,2Vehicles-Behind,GUILLOU (BOULEVARD YVES),M,49.17282350174592,3.1740901677822237
201800010572,Lethal,2018-10-06,00:27:00,NightStreelightsOn,140,118,Yes,T-type,Normal,2Vehicles-Side,POMPIDOU (BOULEVARD GEOR,M,49.18144073635347,3.1828633426930457
201800010573,NonLethal,2018-10-14,20:13:00,TwilightOrDawn,140,101,Yes,X-type,Normal,2Vehicles-Side,BRETAGNE (ROUTE DE ),M,49.18509783788086,-0.1876923367684315
201800010574,NonLethal,2018-10-17,11:05:00,Daylight,140,181,Yes,NoIntersection,Normal,2Vehicles-BehindVehicles-Frontal,SOLIERS CD 229 (ROUTE DE,M,49.15104119622119,-0.1508133324562129
201800010575,NonLethal,2018-10-20,18:08:00,Daylight,140,118,Yes,X-type,Normal,2Vehicles-Side,JUIN (BOULEVARD MARECHAL,M,49.210476282762045,3.2072991002980724
201800010576,NonLethal,2018-10-25,17:23:00,TwilightOrDawn,140,118,No,NoIntersection,Normal,Other,CARNOT (RUE SADI),M,49.17843770475083,-0.1783815690936168
201800010577,NonLethal,2018-07-11,12:20:00,Daylight,140,118,Yes,Roundabout,Normal,2Vehicles-Side,DEBARQUEMENT (ROND POINT,M,49.12132649902879,2.121839711180708
201800010579,NonLethal,2018-11-13,12:55:00,Daylight,140,118,Yes,NoIntersection,VeryGood,Other,SAINT POL (RUE CHANOINE,M,49.18712679169639,-0.1856249000874757
201800010580,NonLethal,2018-11-19,17:45:00,TwilightOrDawn,140,167,Yes,NoIntersection,Normal,2Vehicles-Side,CD Nø  513,M,49.00130978110161,0.0001975850688474
201800010581,NonLethal,2018-11-11,21:30:00,NightStreelightsOn,140,118,Yes,NoIntersection,Normal,2Vehicles-Side,DELIVRANDE (RUE DE LA),M,,