AccidentId,Gravity,Date,Hour,Light,Department,Commune,InAgglomeration,IntersectionType,Weather,CollisionType,PostalAddress,GPSCode,Latitude,Longitude
201800010582,NonLethal,2018-11-24,17:40:00,NightStreelightsOn,140,437,Yes,NoIntersection,Normal,2Vehicles-Side,CABOURG (ROUTE DE),M,49.200209603391386,-0.2010808999684906
201800010583,NonLethal,2018-11-30,17:05:00,TwilightOrDawn,140,118,Yes,NoIntersection,Overcast,2Vehicles-BehindVehicles-Frontal,POMPIDOU (BOULEVARD GEOR,M,49.177892189810045,3.178550288654832
201800010584,NonLethal,2018-01-12,16:15:00,Daylight,140,118,No,Other,LightRain,Other,,M,49.1986517079221,-0.1965914267733573
201800010585,NonLethal,2018-05-12,17:10:00,TwilightOrDawn,140,118,Yes,X-type,Normal,2Vehicles-Side,DELIVRANDE (RUE DE LA),M,49.19409540580046,3.193234502857337
201800010586,NonLethal,2018-12-12,07:55:00,TwilightOrDawn,140,118,Yes,NoIntersection,Normal,Other,CHERON (AVENUE HENRI),M,49.17150891176753,-0.1712149535044257
201800010587,NonLethal,2018-12-12,16:17:00,Daylight,140,327,Yes,NoIntersection,LightRain,2Vehicles-Behind,VAL (BLD DU ),M,49.2083992922886,-0.2077715092501826
201800010589,NonLethal,2018-12-16,18:20:00,Daylight,140,437,No,NoIntersection,Other,2Vehicles-Side,RD Nø 513,M,49.18453012898916,3.185070514500423
201800010590,NonLethal,2018-12-18,05:45:00,NightStreelightsOn,140,327,Yes,NoIntersection,Overcast,Other,GRAND PARC (BOULEVARD DU,M,49.19998715280645,-0.1994322124968814
201800010591,NonLethal,2018-12-18,12:55:00,Daylight,140,327,Yes,Roundabout,Overcast,2Vehicles-Side,VALEUSE (AVENUE DE LA),M,49.20275735531494,-0.202293170208023
201800010592,NonLethal,2018-12-18,20:30:00,NightStreelightsOff,140,118,Yes,X-type,LightRain,2Vehicles-BehindVehicles-Frontal,SAINT JULIEN (RUE DES FO,M,49.18431427075458,-0.183391309272872
201800010595,NonLethal,2018-03-21,17:15:00,Daylight,140,117,Yes,X-type,Normal,2Vehicles-Side,"3, GENERAL LECLERC (AVEN",M,49.28477649804227,-0.2857479584331495
201800010597,Lethal,2018-04-23,07:37:00,Daylight,140,117,Yes,NoIntersection,Normal,Other,GUILLAUME LE CONQUERANT,M,49.28340074643966,-0.2838956846529982
201800010598,NonLethal,2018-08-29,09:07:00,Daylight,140,338,Yes,NoIntersection,LightRain,Other,BAINS (RUE DES),M,,
201800010599,Lethal,2018-09-29,19:20:00,Daylight,140,225,Yes,LevelCrossing,VeryGood,Other,PIERRE LOTI (RUE),M,49.29491062175372,-0.2942210614876909
201800010600,NonLethal,2018-01-19,07:15:00,NightNoStreetLight,880,327,No,NoIntersection,Overcast,Other,RD10 PK19+863,M,48.30811721581975,6.308733993095604
201800010602,NonLethal,2018-04-12,14:30:00,Daylight,880,465,Yes,Roundabout,Normal,2Vehicles-Side,Rue d'Alsace,M,48.24462217399536,6.245140478558455
201800010604,NonLethal,2018-07-28,21:45:00,NightNoStreetLight,880,465,Yes,NoIntersection,Normal,Other,Rue de l'Abée Vincent,M,48.26123409441469,6.261740542012496
201800010605,NonLethal,2018-06-08,09:00:00,Daylight,880,94,Yes,T-type,VeryGood,NoCollision,Rue aristide briand,M,48.315720479606064,6.313478632134628
201800010606,NonLethal,2018-08-18,15:35:00,Daylight,880,247,No,NoIntersection,Normal,NoCollision,chemin de la tuillerie,M,48.27727399596108,6.277171251377855
201800010607,NonLethal,2018-12-18,14:55:00,Daylight,880,465,Yes,NoIntersection,Normal,2Vehicles-BehindVehicles-Frontal,15 rue du général De Gau,M,48.25366984508471,6.25080910356222
201800010608,NonLethal,2018-12-28,10:04:00,Daylight,880,327,Yes,NoIntersection,Overcast,Other,44 rue de l'eglise,M,48.30876271698882,6.307065512088402
201800010610,NonLethal,2018-08-26,09:45:00,Daylight,880,108,No,X-type,Normal,2Vehicles-Side,D164 - les censeaux,M,47.9604356738885,6.9566002540674985
201800010611,NonLethal,2018-10-27,11:25:00,Daylight,880,530,No,NoIntersection,LightRain,2Vehicles-Side,D3 ROUTE DE PLOMBIÈRE,M,48.03373903642775,6.032624690267287
201800010612,NonLethal,2018-04-03,08:00:00,Daylight,880,124,No,NoIntersection,FogOrSmoke,Other,D460,M,48.05876812760935,6.059975020866466
201800010613,NonLethal,2018-03-05,15:40:00,Daylight,880,353,Yes,NoIntersection,Normal,NoCollision,Route départementale 3,M,48.1711503437357,6.170276451669896
201800010615,Lethal,2018-06-20,10:00:00,Daylight,880,123,No,NoIntersection,Normal,NoCollision,Départementale 21,M,48.09404236384992,5.095008879666718
201800010616,NonLethal,2018-06-27,13:45:00,Daylight,880,267,Yes,NoIntersection,Normal,2Vehicles-Side,8 rue du paquis,M,48.144180029159365,6.143152677905326
201800010617,NonLethal,2018-07-09,18:20:00,Daylight,880,105,No,NoIntersection,Normal,NoCollision,LA SYBILLE,M,48.02672505922039,6.025353263451379
201800010618,NonLethal,2018-07-16,22:45:00,NightNoStreetLight,880,123,No,NoIntersection,Normal,Other,RD21 PK4 + 60,M,48.09445278647206,5.094377696996137
201800010619,NonLethal,2018-08-18,12:00:00,Daylight,880,310,No,T-type,Normal,2Vehicles-Behind,Carrefour D460 D2,M,48.03036446112521,5.029031796260373
201800010621,NonLethal,2018-10-26,17:09:00,Daylight,880,377,No,NoIntersection,Normal,Other,RD2,M,48.00446128303583,5.004726653777882
201800010622,NonLethal,2018-11-24,15:55:00,Daylight,880,161,No,NoIntersection,Overcast,Other,RD 460,M,48.11121970578552,6.110979860502353
201800010623,NonLethal,2018-05-08,06:30:00,TwilightOrDawn,880,151,No,NoIntersection,Normal,2Vehicles-BehindVehicles-Frontal,RD165,M,48.21234405581036,6.212995395089555
201800010624,NonLethal,2018-05-28,10:45:00,Daylight,880,292,Yes,NoIntersection,Normal,NoCollision,"12, Rue du centre",M,48.28047220914872,6.280807481738457
201800010625,NonLethal,2018-07-01,11:19:00,Daylight,880,122,No,NoIntersection,Normal,NoCollision,RD6,M,48.20700457780195,6.206042174951441
201800010626,NonLethal,2018-07-25,17:45:00,Daylight,880,237,No,NoIntersection,Normal,2Vehicles-Side,RD166,M,48.217298045145824,6.219653916645371
201800010627,NonLethal,2018-11-03,09:45:00,Daylight,880,304,Yes,Roundabout,Normal,Other,quai François Clasquin,M,48.29852503267241,6.299672907189763
201800010628,NonLethal,2018-06-03,12:10:00,Daylight,880,516,Yes,NoIntersection,Normal,Other,D229,M,48.19754574096044,5.197771993036666
201800010630,NonLethal,2018-07-28,05:45:00,TwilightOrDawn,880,22,No,T-type,LightRain,2Vehicles-Side,Carrefour D14/D18,M,48.232969563888105,5.232766613210881
201800010631,NonLethal,2018-08-07,15:00:00,Daylight,880,140,No,NoIntersection,Normal,3+Vehicles-Multiple,RD 429,M,48.13493638944826,5.137023201528111
201800010632,NonLethal,2018-08-16,14:15:00,Daylight,880,114,No,NoIntersection,Normal,Other,lieu dit outrancourt,M,48.19328492055608,5.192214753809986
201800010633,NonLethal,2018-05-12,18:00:00,NightStreelightsOn,880,516,Yes,NoIntersection,Normal,2Vehicles-Side,rue division leclerc,M,48.198142710778704,5.199518789321853
201800010634,NonLethal,2018-02-22,16:00:00,Daylight,880,358,No,NoIntersection,Overcast,3+Vehicles-Multiple,RN 57 PK 046+900,M,48.096139391025325,6.09699625428242
201800010635,NonLethal,2018-05-12,11:51:00,Daylight,880,487,No,X-type,Normal,2Vehicles-BehindVehicles-Frontal,RD 157,M,47.949227789112,6.949862972325071
201800010636,NonLethal,2018-06-09,15:20:00,Daylight,880,205,Yes,NoIntersection,HeavyRain,NoCollision,11 Le Village,M,47.95452559893603,6.955026622667644
201800010638,NonLethal,2018-07-10,13:30:00,Daylight,880,48,No,NoIntersection,Normal,NoCollision,route du Blanc Murger,M,47.99855010830947,6.99883968850384
201800010639,NonLethal,2018-11-09,18:05:00,Daylight,880,158,Yes,T-type,VeryGood,2Vehicles-Side,19 rue de l'Eglise,M,48.08896321346169,6.09173555579877
201800010640,NonLethal,2018-10-04,13:45:00,Daylight,880,158,Yes,NoIntersection,Normal,Other,rue de l'école,M,48.09236808529309,6.0926989020236455
201800010642,NonLethal,2018-01-04,17:45:00,NightStreelightsOn,880,188,Yes,T-type,HeavyRain,Other,3 rue de lorraine,M,47.87424739422133,6.874119781161276
201800010643,Lethal,2018-01-13,09:20:00,Daylight,880,468,Yes,NoIntersection,VeryGood,Other,1 avenue de VERDUN,M,47.88357261295128,6.879783050182359
201800010644,NonLethal,2018-01-20,14:50:00,Daylight,880,302,No,NoIntersection,SnowOrHail,2Vehicles-Side,rue des fenesses,M,47.92115016259123,6.922944126871447
201800010646,NonLethal,2018-04-16,18:22:00,Daylight,880,302,No,NoIntersection,Normal,Other,02 grande rue,M,47.89623032347209,6.895848552625017
201800010648,NonLethal,2018-03-24,15:45:00,Daylight,880,75,No,NoIntersection,VeryGood,2Vehicles-BehindVehicles-Frontal,D34C 22 route du Chajoux,M,48.01490049175286,6.014481442494958
201800010650,NonLethal,2018-05-18,15:30:00,Daylight,880,442,No,NoIntersection,Normal,Other,route de l'Amelon,M,48.05499962034025,6.055302408930614
201800010651,NonLethal,2018-07-01,10:45:00,Daylight,880,500,No,NoIntersection,Normal,NoCollision,CD43,M,47.9416514419752,6.942669858345305
201800010652,Lethal,2018-08-15,14:20:00,Daylight,880,116,No,X-type,Normal,2Vehicles-Side,7 RTE DU MÉNIL,M,47.942940452939965,6.943508120819842
201800010653,NonLethal,2018-08-17,18:40:00,Daylight,880,447,Yes,NoIntersection,Normal,Other,23 avenue Raymond-Pointc,M,47.950052884209605,6.951715540323495
201800010654,NonLethal,2018-09-19,14:30:00,Daylight,880,391,No,NoIntersection,Normal,2Vehicles-BehindVehicles-Frontal,D23,M,48.03407222795323,6.0329758660422845
201800010655,NonLethal,2018-09-10,17:35:00,Daylight,880,442,No,NoIntersection,Normal,2Vehicles-BehindVehicles-Frontal,RD23G,M,48.0326522773944,6.031019013075833
201800010656,NonLethal,2018-09-10,13:45:00,Daylight,880,116,No,NoIntersection,Normal,2Vehicles-BehindVehicles-Frontal,RD486,M,47.99455558130232,6.993168763203701
201800010657,Lethal,2018-11-27,07:18:00,NightNoStreetLight,880,116,Yes,X-type,LightRain,Other,rue de la gare,M,47.95711948675677,6.953358118913361
201800010659,NonLethal,2018-05-19,10:49:00,Daylight,880,182,No,NoIntersection,Normal,Other,PK 58+500,M,48.28709477710816,7.285093950678096
201800010660,NonLethal,2018-09-09,18:36:00,Daylight,880,445,Yes,NoIntersection,Normal,2Vehicles-Side,RUE D'ALSACE,M,48.237405450791286,6.235853507376324
201800010662,NonLethal,2018-07-04,16:45:00,Daylight,880,346,Yes,NoIntersection,Normal,Other,rue de la déportation,M,48.40621089406431,6.405735582848029
201800010663,NonLethal,2018-04-27,11:00:00,Daylight,880,372,Yes,NoIntersection,Normal,2Vehicles-Behind,1 rue denfert rochereau,M,48.40639228006042,6.405922892344637
201800010664,NonLethal,2018-06-16,15:20:00,Daylight,880,372,Yes,T-type,Normal,2Vehicles-Side,rue du docteur clarté,M,48.40042815128519,6.400106858509599
201800010665,NonLethal,2018-06-15,19:00:00,Daylight,880,53,No,NoIntersection,Normal,NoCollision,RD 424,M,48.41052522693247,7.410047937105252
201800010666,NonLethal,2018-06-15,21:25:00,NightNoStreetLight,880,68,No,NoIntersection,Normal,NoCollision,D7,M,48.29976750116593,6.299374666705001
201800010667,NonLethal,2018-10-07,15:30:00,Daylight,880,372,Yes,NoIntersection,Normal,Other,23 avenue du 21eme BCP,M,48.40634675008232,6.405454319526274
201800010668,NonLethal,2018-09-04,10:00:00,Daylight,880,451,Yes,Other,VeryGood,Other,parc de stationnement de,M,48.39355289361696,6.395090951949985
201800010669,Lethal,2018-01-11,10:20:00,Daylight,80,248,No,NoIntersection,Normal,NoCollision,route départementale 35,M,49.65322257354672,4.651806570481765
201800010670,NonLethal,2018-01-23,19:35:00,NightNoStreetLight,80,419,Yes,NoIntersection,HeavyRain,Other,place Aristide Briand,M,49.69719004578064,4.698182593632108
201800010671,NonLethal,2018-05-02,21:00:00,NightNoStreetLight,80,212,No,NoIntersection,Normal,2Vehicles-BehindVehicles-Frontal,D22A,M,49.83681340496926,4.835019776189603
201800010672,NonLethal,2018-07-22,18:45:00,Daylight,80,248,Yes,NoIntersection,Normal,2Vehicles-BehindVehicles-Frontal,35 R des aisements,M,49.656158997727616,4.656117683793826
201800010673,NonLethal,2018-07-23,17:15:00,Daylight,80,408,Yes,NoIntersection,Normal,Other,5 R de calan,M,49.85207844051177,4.8509980325140925
201800010674,NonLethal,2018-08-31,16:40:00,Daylight,80,361,No,NoIntersection,Normal,NoCollision,D988,M,49.8253452089189,4.824688837616949
201800010676,NonLethal,2018-10-20,16:00:00,Daylight,80,137,No,Y-type,Normal,2Vehicles-Behind,RD 88/ RD 989,M,49.82119814124231,4.820125559292006
201800010677,Lethal,2018-11-25,06:00:00,NightNoStreetLight,80,236,No,NoIntersection,LightRain,2Vehicles-BehindVehicles-Frontal,RD 35,M,49.64956728116602,4.65049390737207
201800010678,NonLethal,2018-12-04,20:15:00,NightNoStreetLight,80,212,No,NoIntersection,Normal,NoCollision,Lieu dit Montlieu (RD22),M,49.84504093479868,4.84602184843629
201800010680,NonLethal,2018-02-20,07:20:00,TwilightOrDawn,80,107,Yes,T-type,Normal,2Vehicles-Side,"37, rue de la Sommevue",M,49.53101067575321,4.529076250255327
201800010681,NonLethal,2018-04-14,20:00:00,TwilightOrDawn,80,368,No,NoIntersection,LightRain,Other,rd 50,M,49.416019146586336,4.412633334380495
201800010683,NonLethal,2018-07-23,20:05:00,Daylight,80,38,No,X-type,Normal,2Vehicles-Side,RD18/CV,M,49.47998010564799,4.4804401496534565
201800010684,Lethal,2018-08-13,11:35:00,Daylight,80,473,No,NoIntersection,Normal,Other,Route Départementale 926,M,49.45101862651568,4.450510648989067
201800010685,NonLethal,2018-08-20,15:00:00,Daylight,80,150,No,NoIntersection,Normal,3+Vehicles-Chain,RD946,M,49.534777890892265,4.531605321227589
201800010686,NonLethal,2018-07-09,19:55:00,TwilightOrDawn,80,24,Yes,T-type,Normal,2Vehicles-Side,Rue Chanteraine,M,49.46310807261389,4.463485395152525
201800010687,NonLethal,2018-01-05,21:30:00,NightStreelightsOn,80,363,No,NoIntersection,Normal,2Vehicles-BehindVehicles-Frontal,Route du FUMAY,M,49.94419490635655,4.943402459432988
201800010690,NonLethal,2018-05-07,11:30:00,Daylight,80,185,Yes,T-type,Normal,3+Vehicles-Chain,149 avenue jean jaurès,M,49.99079870499092,4.993092327866739
201800010691,NonLethal,2018-12-05,15:45:00,Daylight,80,302,No,NoIntersection,VeryGood,Other,RD 989,M,49.92943701346296,4.930078934093568
201800010692,NonLethal,2018-11-09,22:15:00,NightNoStreetLight,80,222,Yes,NoIntersection,Normal,2Vehicles-BehindVehicles-Frontal,R. Saint Louis,M,49.9955440548497,4.995902800196701
201800010693,Lethal,2018-04-22,15:30:00,Daylight,80,214,No,NoIntersection,Normal,3+Vehicles-Multiple,D989,M,49.975789889635095,4.976188069223267
201800010695,NonLethal,2018-04-05,12:05:00,Daylight,80,190,Yes,X-type,Normal,Other,Quai André Bertrand - Ru,M,50.136731768985406,4.135358591842108
201800010696,NonLethal,2018-05-22,17:30:00,Daylight,80,190,Yes,Roundabout,VeryGood,2Vehicles-Side,"rond point , route de be",M,50.13523884151056,4.133016619006459
201800010697,NonLethal,2018-05-23,07:40:00,Daylight,80,190,Yes,Other,Normal,Other,Rue Flayelle,M,50.13711915920585,4.138680631344775
201800010698,NonLethal,2018-06-07,16:00:00,Daylight,80,487,Yes,NoIntersection,Normal,2Vehicles-BehindVehicles-Frontal,RUE DU RIDOUX,M,50.06948315604296,4.067993951320638
201800010699,NonLethal,2018-11-26,17:25:00,NightStreelightsOn,80,486,Yes,T-type,LightRain,2Vehicles-Side,60 AV POSTY,M,50.08265444739259,4.083889854413644
201800010700,NonLethal,2018-06-19,14:07:00,Daylight,80,355,No,NoIntersection,LightRain,Other,Route Départementale 22,M,49.9259156759499,4.924406565427253
201800010701,NonLethal,2018-09-16,18:59:00,Daylight,80,367,No,NoIntersection,Normal,Other,Le Grand Hongréaux,M,49.90907518840229,4.908300357500168
201800010702,NonLethal,2018-04-10,23:00:00,NightNoStreetLight,80,420,Yes,T-type,Normal,Other,R DUPIN / R DU CULOT,M,49.90302045874849,4.902571615748177
201800010703,NonLethal,2018-02-06,19:00:00,NightNoStreetLight,80,281,No,T-type,SnowOrHail,2Vehicles-Side,RD17B,M,49.65675316557807,5.656881050689678
201800010704,NonLethal,2018-08-14,15:10:00,Daylight,80,90,Yes,NoIntersection,Normal,Other,25 rue Maria VISSEAUX,M,49.63017736893293,5.630491018096643
201800010705,NonLethal,2018-08-18,00:30:00,NightNoStreetLight,80,466,No,NoIntersection,Normal,2Vehicles-BehindVehicles-Frontal,RD 19,M,49.60205030742967,5.602737888249704
201800010706,NonLethal,2018-02-09,21:15:00,NightNoStreetLight,80,375,No,NoIntersection,Normal,Other,RD 19,M,49.67232994168048,5.670984356991467
201800010707,NonLethal,2018-01-11,15:50:00,Daylight,80,173,Yes,MoreThan4Branches,LightRain,2Vehicles-Side,rue Paul Valant Couturie,M,49.70009333174456,4.699672247041276
201800010708,NonLethal,2018-03-08,05:40:00,NightNoStreetLight,80,142,No,NoIntersection,Other,Other,Départementale 764,M,49.693280510623055,4.692026708568406
201800010709,NonLethal,2018-01-04,06:00:00,NightNoStreetLight,80,481,No,NoIntersection,Overcast,Other,RD764,M,49.690371307657706,4.691516997097941
201800010710,NonLethal,2018-04-21,20:50:00,TwilightOrDawn,80,173,Yes,NoIntersection,Normal,2Vehicles-Side,rue de Mézières,M,49.69979838979637,4.700185408929283
201800010711,NonLethal,2018-04-29,13:25:00,Daylight,80,99,Yes,NoIntersection,Overcast,NoCollision,03 rue de la fontaine,M,49.70100304313501,4.701679631011904
201800010712,NonLethal,2018-03-06,16:59:00,Daylight,80,199,No,NoIntersection,Normal,2Vehicles-BehindVehicles-Frontal,RD979,M,49.799015196918205,4.798127279648767
201800010713,NonLethal,2018-06-27,06:58:00,Daylight,80,498,No,NoIntersection,Normal,2Vehicles-BehindVehicles-Frontal,D3,M,49.73197094093441,4.73240581865547
201800010715,NonLethal,2018-07-25,06:30:00,TwilightOrDawn,80,492,No,NoIntersection,Normal,NoCollision,rd 34,M,49.697240367531926,4.698724644835357
201800010716,NonLethal,2018-09-13,00:45:00,NightNoStreetLight,80,491,No,NoIntersection,Normal,Other,départementale 334,M,49.724609992331786,4.723507337344032
201800010717,NonLethal,2018-12-09,15:50:00,Daylight,80,96,No,NoIntersection,Normal,3+Vehicles-Multiple,RD764,M,49.70855572576774,4.707545113893344
201800010718,Lethal,2018-09-14,20:30:00,NightNoStreetLight,80,3,No,NoIntersection,Normal,Other,D58,M,49.76743687529007,4.768603788762778
201800010721,NonLethal,2018-07-04,22:45:00,NightNoStreetLight,80,490,No,NoIntersection,Normal,2Vehicles-BehindVehicles-Frontal,RD 946,M,49.395975674198766,4.395164344506534
201800010722,NonLethal,2018-04-20,17:50:00,Daylight,80,25,Yes,NoIntersection,Normal,2Vehicles-Side,rue Jean Noizet,M,49.47806641610386,4.480426761183223
201800010723,NonLethal,2018-02-06,19:00:00,Daylight,80,296,No,X-type,Normal,2Vehicles-Side,RD 6,M,49.28496685226098,4.28503276020228
201800010725,NonLethal,2018-07-17,11:10:00,Daylight,80,135,No,T-type,Normal,2Vehicles-Behind,D947,M,49.40602577682756,4.403570544006247
201800010726,NonLethal,2018-05-10,18:05:00,Daylight,80,25,Yes,T-type,Normal,2Vehicles-Side,36R pasteur,M,49.47568966782361,4.474418990708895
201800010727,NonLethal,2018-12-21,17:15:00,TwilightOrDawn,80,490,Yes,Y-type,Normal,Other,R AVETANT,M,49.39637187848356,4.396310125617337
201800010729,Lethal,2018-05-19,08:50:00,Daylight,80,116,No,NoIntersection,Normal,2Vehicles-BehindVehicles-Frontal,RD 25,M,49.50998555460879,4.508448723640633
201800010730,NonLethal,2018-02-07,14:35:00,Daylight,80,86,No,NoIntersection,Normal,Other,route forestière de TALM,M,49.38756368042986,4.386805179926918
201800010731,Lethal,2018-05-10,09:45:00,Daylight,80,89,Yes,NoIntersection,Normal,Other,7 R Charles COFFIN,M,49.42581018489587,4.42783939198451
201800010732,NonLethal,2018-01-14,16:45:00,TwilightOrDawn,520,243,No,NoIntersection,Overcast,Other,rd 74,M,48.15300990596841,5.152722846142765
201800010734,NonLethal,2018-05-13,18:30:00,Daylight,520,8,No,X-type,HeavyRain,2Vehicles-Side,intersection D674 - D137,M,48.20950450970777,5.208977228214648
201800010737,NonLethal,2018-04-06,18:30:00,Daylight,520,167,No,NoIntersection,LightRain,Other,CD 674,M,48.18136890512981,5.181105889991232
201800010738,NonLethal,2018-08-07,18:05:00,Daylight,520,286,No,NoIntersection,Normal,NoCollision,D 225,M,48.32637796048876,5.325073320932357
201800010739,Lethal,2018-12-01,16:16:00,TwilightOrDawn,520,342,No,NoIntersection,Normal,Other,D427,M,48.37642348013292,5.377318643069188
201800010741,NonLethal,2018-04-25,12:00:00,Daylight,520,524,No,NoIntersection,Normal,3+Vehicles-Multiple,RN 67 PK 52+300,M,48.27855922828537,5.280861952735519
201800010742,NonLethal,2018-07-17,17:15:00,Daylight,520,253,Yes,NoIntersection,Normal,Other,route d'andelot,M,48.18425924027324,4.18474505797866
201800010744,NonLethal,2018-08-23,06:20:00,TwilightOrDawn,520,548,No,NoIntersection,Normal,Other,RN 67,M,48.23974817410509,5.240044452768306
201800010745,NonLethal,2018-10-11,04:30:00,NightNoStreetLight,520,260,No,Roundabout,Normal,NoCollision,RN 67,M,48.210119444942336,5.213649712313361
201800010746,NonLethal,2018-10-20,17:45:00,Daylight,520,548,No,X-type,VeryGood,2Vehicles-Side,RN.67,M,48.229933974477895,5.23129404429393
201800010748,NonLethal,2018-04-20,18:00:00,Daylight,520,242,No,NoIntersection,Normal,NoCollision,D28O - TROISCHAMPS,M,47.8722285894808,5.870408057333736
201800010749,NonLethal,2018-05-18,18:30:00,Daylight,520,60,Yes,NoIntersection,Normal,Other,Rue Amiral Pierre,M,47.951577655671,5.951871311292742
201800010750,Lethal,2018-02-07,13:00:00,Daylight,520,242,Yes,T-type,Normal,Other,Intersection D26-D308B,M,47.83170282279231,5.829796290567435
201800010751,NonLethal,2018-07-14,21:00:00,Daylight,520,60,No,NoIntersection,Normal,Other,RD 460 - GENRUPT,M,47.919293279595614,5.922050289897342
201800010752,NonLethal,2018-03-10,16:25:00,Daylight,520,208,Yes,NoIntersection,LightRain,NoCollision,D417 - Route de Chatillo,M,47.9424624873168,5.9424662310994485
201800010754,Lethal,2018-02-11,14:30:00,Daylight,520,60,No,NoIntersection,Normal,2Vehicles-Behind,corrigé xy et sens,M,47.95539900118352,5.956790532846035
201800010755,NonLethal,2018-04-03,14:40:00,Daylight,520,93,No,NoIntersection,LightRain,Other,D 125C,M,47.78151590075488,5.781661480984201
201800010756,Lethal,2018-05-15,17:40:00,Daylight,520,493,No,NoIntersection,Normal,Other,D460,M,47.70075075330709,5.701886001167077
201800010757,NonLethal,2018-05-27,16:00:00,Daylight,520,388,No,Y-type,Normal,Other,RD460 PR19+700,M,47.813256758830605,5.81487163356057
201800010758,NonLethal,2018-05-31,20:20:00,Daylight,520,464,No,NoIntersection,Normal,NoCollision,D7,M,47.71185301090545,5.712887132797187
201800010759,NonLethal,2018-06-03,12:00:00,Daylight,520,93,Yes,NoIntersection,Normal,Other,62 rue de la république,M,47.80781852171877,5.805559444547281
201800010760,NonLethal,2018-06-24,03:50:00,NightStreelightsOff,520,83,Yes,NoIntersection,Normal,Other,25 rue du Baron de l'Hor,M,47.75052100756939,5.751689186009762
201800010761,NonLethal,2018-06-29,22:40:00,NightNoStreetLight,520,93,Yes,NoIntersection,Normal,2Vehicles-Side,rue marceau,M,47.80168606765258,5.802055842339003
201800010763,NonLethal,2018-02-14,20:00:00,NightNoStreetLight,140,304,No,NoIntersection,HeavyRain,Other,CD 579,M,49.37114496723042,2.370962414255547
201800010764,NonLethal,2018-02-27,10:00:00,Daylight,140,243,No,NoIntersection,VeryGood,Other,CD 579,M,49.40085968682881,2.4018516527656755
201800010766,NonLethal,2018-03-19,13:53:00,Daylight,140,333,Yes,NoIntersection,Normal,NoCollision,"55, REPUBLIQUE (RUE DE L",M,49.4171280849612,2.417192384579304
201800010767,NonLethal,2018-03-21,17:35:00,Daylight,140,333,Yes,NoIntersection,Normal,2Vehicles-Behind,LEPAULMIER (QUAI),M,49.41791497826518,2.420132435779013
201800010768,NonLethal,2018-03-31,18:23:00,Daylight,140,333,No,Y-type,LightRain,2Vehicles-Side,BOURDET (CH.DE LA CHARRI,M,49.403736047342015,2.405330546390233
201800010769,NonLethal,2018-05-07,22:30:00,NightStreelightsOn,140,333,No,NoIntersection,Normal,2Vehicles-Behind,JEAN DE VIENNE (COURS),M,49.41563053550686,2.41662333363034
201800010770,NonLethal,2018-05-09,18:40:00,Daylight,140,333,Yes,Other,Normal,2Vehicles-Behind,JEAN DE VIENNE (COURS),M,49.41656538849673,2.415882482495859
201800010772,NonLethal,2018-05-29,17:20:00,Daylight,140,243,No,Other,Overcast,NoCollision,CD 62,M,49.39668462989052,1.3952575550265078
201800010773,NonLethal,2018-06-19,23:10:00,NightStreelightsOn,140,333,Yes,NoIntersection,Normal,NoCollision,BUQUET (CHEMIN DU),M,49.40662147223488,2.4071562323163787
201800010774,NonLethal,2018-07-24,12:30:00,Daylight,140,333,Yes,Other,VeryGood,2Vehicles-Side,CARNOT (ROND POINT),M,49.41811976237041,2.419077785014711
201800010775,NonLethal,2018-07-29,16:59:00,Daylight,140,333,Yes,NoIntersection,Overcast,NoCollision,VASSALE (COTE),M,49.41878677026013,2.416407441697247
201800010776,NonLethal,2018-08-16,18:45:00,Daylight,140,1,No,NoIntersection,Normal,Other,CD 140,M,49.38777464090048,2.386028156497117
201800010777,NonLethal,2018-08-28,11:50:00,Daylight,140,333,Yes,Square,Normal,Other,HAUTE (RUE),M,49.4245075314864,2.425207266964554
201800010779,NonLethal,2018-09-13,18:00:00,Daylight,140,333,Yes,NoIntersection,Normal,Other,JEAN DE VIENNE (COURS),M,49.41307236330304,2.4127825302721004
201800010780,NonLethal,2018-10-19,16:56:00,Daylight,140,536,Yes,Roundabout,VeryGood,3+Vehicles-Chain,CD 580,M,49.41223378284082,2.41114790180467
201800010781,NonLethal,2018-11-15,15:25:00,Daylight,140,333,Yes,Y-type,Normal,2Vehicles-Side,PIRON (AVENUE DE LA BRIG,M,49.39976503428687,2.401537041587356
201800010782,Lethal,2018-06-24,17:41:00,Daylight,520,529,No,NoIntersection,Normal,2Vehicles-BehindVehicles-Frontal,D 128,M,47.73084789371232,5.72946697409254