AccidentId,Gravity,Date,Hour,Light,Department,Commune,InAgglomeration,IntersectionType,Weather,CollisionType,PostalAddress,GPSCode,Latitude,Longitude
201800010783,NonLethal,2018-07-21,08:45:00,Daylight,520,405,No,NoIntersection,Normal,2Vehicles-Behind,D300,M,47.67029808251316,5.669891641572526
201800010784,NonLethal,2018-07-23,19:15:00,Daylight,520,70,No,Other,Normal,2Vehicles-Behind,CD 428 PK 32+250,M,47.81248050760168,5.812081782179288
201800010785,NonLethal,2018-11-28,18:50:00,NightNoStreetLight,520,35,No,NoIntersection,FogOrSmoke,Other,D141,M,47.75336411203769,5.75208047856199
201800010786,Lethal,2018-03-14,12:00:00,Daylight,520,189,No,NoIntersection,,NoCollision,BAAC fait par  SC,M,,
201800010787,Lethal,2018-08-03,12:00:00,Daylight,520,529,No,NoIntersection,,NoCollision,BAAC fait par SC,M,,
201800010788,NonLethal,2018-04-01,14:40:00,Daylight,520,346,No,NoIntersection,LightRain,Other,RN 67,M,48.38340385694063,5.383456128757728
201800010790,NonLethal,2018-02-16,18:45:00,NightNoStreetLight,520,44,No,NoIntersection,Normal,2Vehicles-BehindVehicles-Frontal,D134 PR/PK 12.600,M,48.27423749553032,5.275887423387595
201800010791,NonLethal,2018-12-03,22:15:00,NightNoStreetLight,520,414,No,NoIntersection,Overcast,2Vehicles-Behind,RN 67 - PK 18+700,M,48.52658782981013,5.525902134589474
201800010792,NonLethal,2018-02-06,15:15:00,Daylight,520,265,No,Other,Normal,Other,Échangeur RN67 - RD335,M,48.53958854830184,5.540264834485009
201800010793,NonLethal,2018-07-08,18:35:00,Daylight,520,194,No,NoIntersection,Normal,Other,Départementale 8,M,48.56584022176777,5.566668408466282
201800010794,NonLethal,2018-07-17,13:15:00,Daylight,520,442,No,NoIntersection,Normal,NoCollision,D117,M,48.41907988076391,5.416807003570139
201800010795,Lethal,2018-10-13,00:20:00,NightNoStreetLight,520,429,No,NoIntersection,Normal,3+Vehicles-Chain,au téléphone sans le ten,M,48.60448010747015,5.603212966477718
201800010796,NonLethal,2018-11-17,15:00:00,Daylight,520,250,Yes,NoIntersection,Normal,NoCollision,Av. Irma Masson,M,48.434039543688165,5.4358305532907005
201800010797,NonLethal,2018-01-02,12:45:00,Daylight,520,497,No,NoIntersection,Overcast,2Vehicles-BehindVehicles-Frontal,D213 VILLIERS AUX BOIS,M,48.52208852080852,4.518700208931487
201800010798,NonLethal,2018-06-05,07:05:00,Daylight,520,550,Yes,NoIntersection,Normal,Other,rue de la digue,M,48.49264895107784,4.491823428454762
201800010799,NonLethal,2018-05-15,19:00:00,Daylight,520,198,No,NoIntersection,HeavyRain,2Vehicles-BehindVehicles-Frontal,RD 247 - PK 10+200,M,48.47787467567922,5.479607659770086
201800010800,NonLethal,2018-10-13,08:10:00,Daylight,520,550,No,NoIntersection,Normal,NoCollision,Départemental 4,M,48.493968907774914,4.493278555505657
201800010801,NonLethal,2018-10-13,09:05:00,Daylight,520,497,No,NoIntersection,Normal,Other,D2l3,M,48.53913139839067,4.538976661657955
201800010802,NonLethal,2018-05-16,13:55:00,Daylight,480,16,No,NoIntersection,Normal,NoCollision,RD986 PK 0l+900,M,44.458262124288346,3.4583252840775933
201800010803,NonLethal,2018-06-07,14:10:00,Daylight,480,37,No,NoIntersection,Normal,NoCollision,RD 901,M,44.51247369040887,3.5130171267447627
201800010805,NonLethal,2018-08-16,20:15:00,Daylight,480,157,No,NoIntersection,Normal,Other,RD 901 PR 49,M,44.518632666330255,3.5198920053405542
201800010806,NonLethal,2018-08-20,08:00:00,Daylight,480,189,No,X-type,Normal,2Vehicles-Side,Baraque de la Grange - I,M,44.61199915963883,3.613292151401184
201800010807,NonLethal,2018-08-10,00:50:00,NightNoStreetLight,480,127,No,NoIntersection,LightRain,NoCollision,Baraque du Gévaudan CD80,M,44.64121802626229,3.641166252079645
201800010808,NonLethal,2018-10-26,15:50:00,Daylight,480,147,No,NoIntersection,Normal,2Vehicles-BehindVehicles-Frontal,RD 25 PR 13+620,M,44.44268387091228,3.440539010232784
201800010809,NonLethal,2018-12-29,00:01:00,NightNoStreetLight,480,3,No,NoIntersection,Normal,NoCollision,D27,M,44.5400358388127,3.539411514887081
201800010810,NonLethal,2018-05-23,15:15:00,Daylight,480,86,No,NoIntersection,Normal,2Vehicles-Behind,Lieu- dit L'ESTEVENES D,M,44.68847285620479,3.68734527762623
201800010812,NonLethal,2018-06-11,16:30:00,Daylight,480,10,No,Y-type,LightRain,2Vehicles-Side,chemin croix d'herbouzac,M,44.761145131174445,3.760012843849473
201800010813,NonLethal,2018-06-15,08:35:00,Daylight,480,150,No,T-type,Normal,2Vehicles-Side,Intersection RN 88 et RD,M,44.68328630149584,3.683621804565625
201800010814,NonLethal,2018-07-06,13:10:00,Daylight,480,70,No,NoIntersection,Normal,NoCollision,D5,M,44.78518678751667,3.78568257041716
201800010815,NonLethal,2018-08-11,16:00:00,Daylight,480,82,Yes,Y-type,Normal,NoCollision,le hameau GOURGON,M,44.6011676848357,3.600482414681549
201800010817,NonLethal,2018-08-31,09:28:00,Daylight,480,45,No,NoIntersection,Normal,2Vehicles-BehindVehicles-Frontal,RN 88,M,44.65988319201377,3.657488876094378
201800010818,NonLethal,2018-09-05,09:30:00,Daylight,480,129,No,T-type,VeryGood,2Vehicles-Behind,RN 88 PK 08+600,M,44.70545051801102,3.702809768587625
201800010819,NonLethal,2018-09-08,16:00:00,Daylight,480,80,Yes,NoIntersection,VeryGood,Other,boulevard Charles de Gau,M,44.72555599034941,3.725241579874047
201800010820,NonLethal,2018-10-20,02:20:00,NightNoStreetLight,480,184,No,NoIntersection,FogOrSmoke,Other,Lieu dit Donaldes- RD 98,M,44.85020011866063,3.8503595052182766
201800010822,NonLethal,2018-12-15,10:15:00,Daylight,480,80,Yes,NoIntersection,Normal,2Vehicles-Side,Route de la tuilerie,M,44.72476214219673,3.7238066955239946
201800010823,NonLethal,2018-12-26,17:08:00,TwilightOrDawn,480,174,No,NoIntersection,Normal,NoCollision,Route départementale 5 P,M,44.80156963824834,3.802158147882309
201800010824,NonLethal,2018-02-25,15:45:00,Daylight,480,75,No,NoIntersection,Normal,3+Vehicles-Multiple,CD 907 bis,M,44.37224499348424,3.376597813069456
201800010825,NonLethal,2018-08-19,16:35:00,Daylight,480,166,No,T-type,Normal,2Vehicles-Side,"Croisement N106, la vale",M,44.68563005561211,3.685661896276176
201800010827,NonLethal,2018-12-10,13:15:00,Daylight,480,75,No,NoIntersection,LightRain,NoCollision,Les combettes,M,44.401861148344985,3.4047610767651437
201800010828,NonLethal,2018-11-13,13:30:00,Daylight,480,22,No,NoIntersection,Overcast,2Vehicles-BehindVehicles-Frontal,RD998,M,44.35506617475638,3.353192134375849
201800010829,NonLethal,2018-06-30,19:15:00,Daylight,480,19,Yes,Other,Normal,NoCollision,Grande rue,M,44.25096158491085,3.2492619983953563
201800010830,NonLethal,2018-02-07,15:30:00,Daylight,480,97,No,NoIntersection,Normal,NoCollision,CD 9,M,44.15746734635144,3.156749371269181
201800010831,NonLethal,2018-08-15,11:30:00,Daylight,480,178,No,NoIntersection,Normal,NoCollision,"N106, PR:013+400",M,44.2708907711158,3.2714309366692578
201800010832,NonLethal,2018-09-22,12:45:00,Daylight,480,97,No,NoIntersection,Normal,NoCollision,PK 22+300 - RD 9,M,44.15797748422252,3.1568447183068784
201800010833,NonLethal,2018-05-05,14:35:00,Daylight,480,96,No,NoIntersection,Normal,NoCollision,RD 57 LIEU DIT POURCARES,M,44.16518057883267,3.164911445451044
201800010834,NonLethal,2018-05-21,16:50:00,Daylight,480,122,No,NoIntersection,Normal,2Vehicles-BehindVehicles-Frontal,RD 9O7bis,M,44.35179700045636,3.349519491442884
201800010835,NonLethal,2018-06-30,19:00:00,Daylight,480,154,No,NoIntersection,VeryGood,NoCollision,les detroits,M,44.33515818430676,3.3356740410656034
201800010836,NonLethal,2018-07-08,12:30:00,Daylight,480,88,Yes,NoIntersection,Normal,2Vehicles-Behind,Malene le village,M,44.30048591809009,3.302671187177118
201800010837,NonLethal,2018-07-25,14:13:00,Daylight,480,96,No,NoIntersection,Normal,NoCollision,D986 pk 53+290,M,44.15626973451454,3.1582622387644546
201800010838,NonLethal,2018-08-08,16:40:00,Daylight,480,96,No,NoIntersection,Normal,NoCollision,D996,M,44.19811628447305,3.1981126739270542
201800010839,NonLethal,2018-08-20,16:15:00,Daylight,480,122,No,NoIntersection,Normal,NoCollision,RD907bis,M,44.35057208037189,3.350185249496301
201800010840,NonLethal,2018-08-22,18:30:00,Daylight,480,94,No,NoIntersection,Normal,Other,"CD 907 bis, Les vignes",M,44.27242463147411,3.2710664180824494
201800010841,NonLethal,2018-09-16,17:00:00,Daylight,480,69,No,NoIntersection,Normal,NoCollision,"RD 18; PK 14,100",M,44.21344735755457,3.212866747183527
201800010842,NonLethal,2018-10-28,16:00:00,Daylight,480,146,No,NoIntersection,Overcast,NoCollision,PK22+500m,M,44.38835313193032,3.388307753200336
201800010843,NonLethal,2018-11-07,19:10:00,NightNoStreetLight,480,154,No,NoIntersection,LightRain,Other,D32 Pk 18+190,M,44.35489763840219,3.3546179324081358
201800010844,NonLethal,2018-03-01,22:15:00,NightStreelightsOn,480,92,Yes,Roundabout,LightRain,Other,RdPt-Avenue Pierre Sémar,M,44.54663090878204,3.543556066081288
201800010845,NonLethal,2018-03-19,14:20:00,Daylight,480,56,Yes,NoIntersection,Normal,2Vehicles-Side,route du Fiou,M,44.48428597709657,3.484952491599196
201800010846,NonLethal,2018-10-06,05:45:00,Daylight,480,72,No,NoIntersection,Normal,NoCollision,RD 808,M,44.5111334880655,3.512869981046789
201800010847,NonLethal,2018-06-22,09:30:00,Daylight,480,165,No,NoIntersection,Normal,NoCollision,D900,M,44.61303259135245,3.6141752167677073
201800010848,NonLethal,2018-06-23,16:00:00,Daylight,480,34,No,NoIntersection,Normal,NoCollision,Lieu dit le pavillon,M,44.39082940214621,3.3898695347043803
201800010849,NonLethal,2018-08-06,20:30:00,Daylight,480,39,No,NoIntersection,Normal,2Vehicles-Side,Lieu-dit LE LIEURAN,M,44.46028346316908,3.4591533443972677
201800010851,Lethal,2018-09-22,22:15:00,NightNoStreetLight,480,92,Yes,NoIntersection,Normal,NoCollision,chemin de l'empery,M,44.55219817984983,3.5516588098852595
201800010852,NonLethal,2018-10-04,09:15:00,Daylight,480,39,No,T-type,Normal,2Vehicles-BehindVehicles-Frontal,intersection RN88 - RDl,M,44.47147070418668,3.472199402394209
201800010853,NonLethal,2018-11-19,17:50:00,NightNoStreetLight,480,32,No,X-type,LightRain,2Vehicles-Behind,D809,M,44.61945325178788,3.61928079377206
201800010854,NonLethal,2018-12-04,08:45:00,Daylight,480,156,No,NoIntersection,LightRain,2Vehicles-Side,Route départementale 52,M,44.46238801268001,3.4634612182002
201800010855,NonLethal,2018-04-02,20:00:00,NightNoStreetLight,480,123,No,NoIntersection,Normal,NoCollision,D 12,M,44.70080027812288,3.69989193832442
201800010856,NonLethal,2018-10-01,14:20:00,Daylight,480,190,No,NoIntersection,Normal,NoCollision,D989,M,44.81099206747326,3.8116591955017567
201800010857,NonLethal,2018-05-10,19:10:00,TwilightOrDawn,480,87,No,NoIntersection,Normal,NoCollision,RD 987,M,44.698339369250405,3.696095906371083
201800010858,NonLethal,2018-06-03,22:00:00,NightStreelightsOn,480,140,No,NoIntersection,Overcast,NoCollision,RD 75,M,44.810686640363656,3.813066221949077
201800010861,NonLethal,2018-10-20,03:30:00,NightStreelightsOn,480,140,Yes,NoIntersection,Normal,NoCollision,rue des Martyrs du Maqui,M,44.79382065759627,3.7907489527538063
201800010862,NonLethal,2018-10-27,23:00:00,NightNoStreetLight,480,89,No,NoIntersection,SnowOrHail,Other,Mialanes,M,44.86023402984857,3.8609260914232855
201800010863,NonLethal,2018-08-11,10:30:00,Daylight,480,140,Yes,NoIntersection,Normal,Other,Rue du donjon,M,44.80245322442046,3.802925957304085
201800010864,NonLethal,2018-09-01,03:30:00,NightNoStreetLight,300,224,No,NoIntersection,HeavyRain,NoCollision,déchetterie,M,43.92699760226464,4.924272863631724
201800010865,NonLethal,2018-01-14,00:25:00,NightNoStreetLight,300,241,No,NoIntersection,Normal,NoCollision,RD 114,M,43.967430849913406,4.967294839255319
201800010866,Lethal,2018-02-19,09:45:00,Daylight,300,182,No,T-type,Normal,2Vehicles-Side,croisement entre la D999,M,43.85480803342421,4.855939260457659
201800010867,NonLethal,2018-04-08,04:00:00,NightNoStreetLight,300,182,No,NoIntersection,Normal,Other,Route de Sauve,M,43.85922039733138,4.858535362212783
201800010868,NonLethal,2018-04-22,07:00:00,TwilightOrDawn,300,255,No,NoIntersection,Normal,NoCollision,mas de peras,M,43.95674496143405,4.9600677399318815
201800010869,Lethal,2018-01-06,12:39:00,Daylight,300,88,No,T-type,Normal,2Vehicles-Side,lieu dit la source,M,43.85888825970707,4.8580927300934045
201800010870,NonLethal,2018-10-06,14:45:00,Daylight,300,102,No,NoIntersection,Normal,3+Vehicles-Multiple,d225,M,43.90891432555084,4.908955318967086
201800010871,NonLethal,2018-06-18,19:55:00,Daylight,300,241,No,NoIntersection,Normal,2Vehicles-BehindVehicles-Frontal,départementale D114,M,43.96564684843958,4.96575189290659
201800010872,NonLethal,2018-06-23,10:30:00,Daylight,300,98,Yes,NoIntersection,Normal,Other,chemin de vielle,M,43.87980278278627,4.880500406955193
201800010873,NonLethal,2018-07-11,06:30:00,TwilightOrDawn,300,98,No,NoIntersection,Normal,Other,PK 14+200 RD6110,M,43.88171677796494,4.881139035830801
201800010874,NonLethal,2018-09-23,10:25:00,Daylight,300,102,No,NoIntersection,Normal,NoCollision,D22,M,43.93315253060037,4.932463757957784
201800010875,Lethal,2018-05-10,20:50:00,NightNoStreetLight,300,88,No,NoIntersection,Normal,Other,D764,M,43.85002465642356,4.848725940794994
201800010876,NonLethal,2018-11-28,14:35:00,Daylight,300,182,No,NoIntersection,Normal,Other,RD 22,M,43.838609646742384,4.839456251585162
201800010877,NonLethal,2018-04-16,06:50:00,TwilightOrDawn,300,27,No,NoIntersection,Normal,2Vehicles-BehindVehicles-Frontal,265l route d'alès,M,44.05886762124559,4.05902345077089
201800010878,NonLethal,2018-05-24,23:50:00,NightNoStreetLight,300,27,No,NoIntersection,Normal,Other,530 route d'anduze,M,44.07151199452812,4.067493230843363
201800010879,Lethal,2018-06-23,17:20:00,Daylight,300,329,No,NoIntersection,Normal,Other,d57,M,44.06083353357359,3.0596246990673284
201800010880,NonLethal,2018-10-07,21:30:00,NightNoStreetLight,300,330,No,NoIntersection,Normal,NoCollision,D907,M,44.03412337451205,4.034559741105241
201800010882,Lethal,2018-10-12,22:20:00,NightNoStreetLight,300,27,No,X-type,Normal,Other,2035 route de lézan,M,44.06328105837933,4.064899075294036
201800010883,NonLethal,2018-12-22,20:40:00,NightStreelightsOn,300,27,Yes,Other,Normal,2Vehicles-Side,D910 A,M,44.07509569962932,4.07675280813656
201800010885,NonLethal,2018-02-12,23:00:00,NightStreelightsOn,300,284,Yes,NoIntersection,Normal,Other,2O1 route de drulhes,M,44.16115913457401,4.160306612151881
201800010886,Lethal,2018-03-12,15:54:00,Daylight,300,284,Yes,NoIntersection,Normal,2Vehicles-BehindVehicles-Frontal,Rond point du pole mécan,M,44.14875433459819,4.14892907105009
201800010887,Lethal,2018-04-26,19:00:00,Daylight,300,284,Yes,NoIntersection,Normal,Other,1355 route de villefort,M,44.180126589484566,4.178764641614657
201800010888,NonLethal,2018-04-26,16:20:00,Daylight,300,305,Yes,X-type,Normal,Other,rue de cambis,M,44.16855301667064,4.166699138364447
201800010889,NonLethal,2018-09-06,17:30:00,Daylight,300,284,No,NoIntersection,Normal,2Vehicles-BehindVehicles-Frontal,CD60,M,44.15433010801302,4.153528713944433
201800010890,NonLethal,2018-08-16,11:53:00,Daylight,300,223,Yes,Other,Normal,2Vehicles-Side,Route de Saint Ambroix,M,44.19942029900924,4.199578644338388
201800010891,NonLethal,2018-10-16,17:00:00,Daylight,300,305,Yes,Y-type,LightRain,3+Vehicles-Multiple,RD 16 - montée du lauze,M,44.17767891780371,4.17741475088267
201800010892,NonLethal,2018-11-15,13:00:00,Daylight,300,223,Yes,NoIntersection,Normal,2Vehicles-Behind,pont d'avene,M,44.20615464796894,4.205453197109699
201800010893,Lethal,2018-11-24,17:20:00,TwilightOrDawn,300,223,No,NoIntersection,Normal,NoCollision,CD904,M,44.19607306872915,4.198526470932882
201800010894,NonLethal,2018-11-27,13:50:00,Daylight,300,284,No,NoIntersection,Normal,Other,Départementale 60,M,44.151024884006624,4.150840318893377
201800010896,NonLethal,2018-01-19,18:50:00,NightStreelightsOn,300,227,Yes,T-type,Normal,2Vehicles-Side,Route d'Uzès,M,44.25512750447268,4.253418214521939
201800010897,NonLethal,2018-02-03,23:15:00,NightStreelightsOn,300,37,Yes,X-type,Normal,2Vehicles-Side,76 rue de la république,M,44.291310102272455,4.291113255147776
201800010898,NonLethal,2018-04-09,16:00:00,Daylight,300,227,Yes,T-type,LightRain,2Vehicles-Behind,CHEMIN DE JUMAS,M,44.258739142734015,4.25753673163368
201800010899,Lethal,2018-04-18,18:25:00,Daylight,300,29,No,NoIntersection,Normal,Other,RD 176 PK 2+900,M,44.31413704714418,4.31263406830874
201800010900,NonLethal,2018-05-02,19:00:00,Daylight,300,237,No,Other,Normal,Other,D904 PK 3+800,M,44.283086110296274,4.285871867653925
201800010901,NonLethal,2018-06-19,18:40:00,Daylight,300,268,Yes,T-type,Normal,2Vehicles-BehindVehicles-Frontal,Rue Pierre Barberan,M,44.23384917797021,4.231254815092244
201800010903,NonLethal,2018-08-12,05:50:00,TwilightOrDawn,300,227,No,NoIntersection,Normal,Other,La vivaraise,M,44.256936032078805,4.2558842090937095
201800010904,NonLethal,2018-09-05,12:15:00,Daylight,300,237,No,NoIntersection,Normal,2Vehicles-BehindVehicles-Frontal,D904,M,44.28314643164784,4.283965567067782
201800010906,NonLethal,2018-12-21,17:45:00,NightNoStreetLight,300,152,No,T-type,LightRain,2Vehicles-Side,INTERSECTION D437/D904,M,44.23894430587938,4.240406284922027
201800010907,NonLethal,2018-03-27,16:50:00,Daylight,300,259,Yes,NoIntersection,Normal,Other,"2821, route de Nimes",M,44.08135990156182,4.082622993863518
201800010909,NonLethal,2018-06-13,12:45:00,Daylight,300,53,No,NoIntersection,Normal,3+Vehicles-Multiple,CD7,M,43.99648076551963,4.995605082531584
201800010910,NonLethal,2018-01-08,14:50:00,Daylight,300,146,No,NoIntersection,Normal,NoCollision,RD 6110,M,43.99897661155923,4.999900632331455
201800010911,NonLethal,2018-09-13,12:00:00,Daylight,300,147,No,NoIntersection,Normal,2Vehicles-BehindVehicles-Frontal,route départementale 982,M,44.00940759738752,4.009861144661714
201800010912,NonLethal,2018-09-23,18:00:00,Daylight,300,163,No,Other,Normal,NoCollision,route départementale 123,M,43.95518722336379,4.954808303181639
201800010913,Lethal,2018-10-13,18:30:00,TwilightOrDawn,300,72,No,NoIntersection,Overcast,Other,route de moussac,M,44.00652868105759,4.0052484954791385
201800010914,NonLethal,2018-10-26,16:50:00,Daylight,300,46,No,NoIntersection,Normal,2Vehicles-Behind,pk 21 RN 106,M,43.99368177672756,4.993149137591103
201800010915,NonLethal,2018-10-29,17:15:00,TwilightOrDawn,300,259,Yes,T-type,HeavyRain,2Vehicles-BehindVehicles-Frontal,route d'uzes,M,44.10560591256457,4.104842915550793
201800010916,NonLethal,2018-12-20,11:33:00,Daylight,300,68,No,NoIntersection,Normal,2Vehicles-BehindVehicles-Frontal,départementale 6110 - 40,M,44.0071119279658,4.007538330001777
201800010917,NonLethal,2018-01-16,07:00:00,NightNoStreetLight,300,89,No,T-type,LightRain,2Vehicles-BehindVehicles-Frontal,D986L - PK 12+100,M,43.842468134310494,4.842722831465431
201800010918,NonLethal,2018-03-13,08:50:00,Daylight,300,346,No,T-type,VeryGood,2Vehicles-Side,croisement D981 et D112,M,43.96566150586648,4.967004419096162
201800010919,NonLethal,2018-03-22,14:25:00,Daylight,300,89,No,NoIntersection,Normal,3+Vehicles-Multiple,rd986L,M,43.844398645900576,4.843806587150612
201800010920,Lethal,2018-04-12,10:38:00,Daylight,300,116,No,NoIntersection,LightRain,2Vehicles-BehindVehicles-Frontal,D19,M,43.9335715600745,4.9347533194068
201800010921,NonLethal,2018-04-14,14:30:00,Daylight,300,12,No,NoIntersection,Normal,Other,d126,M,43.90202603219869,4.902553518879622
201800010922,NonLethal,2018-04-28,15:00:00,Daylight,300,179,No,NoIntersection,Normal,Other,1077 route de beaucaire,M,43.86171806816135,4.86061867572182
201800010924,NonLethal,2018-05-16,14:10:00,Daylight,300,13,No,Roundabout,Normal,2Vehicles-BehindVehicles-Frontal,D981,M,43.97221615354895,4.971526328570076
201800010925,NonLethal,2018-06-20,21:45:00,NightStreelightsOn,300,89,Yes,NoIntersection,Normal,Other,RD 6086L,M,43.8486245102844,4.849530944690192
201800010926,NonLethal,2018-06-29,15:00:00,Daylight,300,85,No,NoIntersection,Normal,2Vehicles-BehindVehicles-Frontal,D3,M,43.95873674454226,4.958908388869494
201800010927,NonLethal,2018-06-29,17:50:00,Daylight,300,340,No,T-type,Normal,2Vehicles-Side,D4/D5O4,M,44.01602630014061,4.01784031720308
201800010929,NonLethal,2018-07-06,20:15:00,Daylight,300,346,No,NoIntersection,Normal,2Vehicles-BehindVehicles-Frontal,D981,M,43.95741632543763,4.957078839459363
201800010930,NonLethal,2018-07-09,14:50:00,Daylight,300,212,Yes,NoIntersection,Normal,3+Vehicles-Multiple,RD 981,M,43.95500794172825,4.954222311913212
201800010932,NonLethal,2018-07-17,07:40:00,Daylight,300,12,No,NoIntersection,Normal,2Vehicles-BehindVehicles-Frontal,départementale 2,M,43.90466800619323,4.905561878837294
201800010933,NonLethal,2018-07-26,08:30:00,Daylight,300,12,No,NoIntersection,VeryGood,NoCollision,route de la vernède - D2,M,43.91570794453812,4.915091463486334
201800010934,Lethal,2018-08-19,05:15:00,NightNoStreetLight,300,89,No,T-type,Normal,Other,Intersection D2 et D2B,M,43.841306528728666,4.842484894959559
201800010935,NonLethal,2018-09-21,15:55:00,Daylight,300,107,No,NoIntersection,Normal,2Vehicles-Side,N100,M,43.94329245489149,4.944886764898236
201800010936,NonLethal,2018-09-22,12:00:00,Daylight,300,336,No,T-type,Normal,2Vehicles-Side,D 2,M,43.857691365680346,4.859851210834601
201800010937,NonLethal,2018-09-28,15:30:00,Daylight,300,89,No,NoIntersection,Normal,Other,RD 986 L,M,43.84977813481855,4.84712018593503
201800010938,NonLethal,2018-10-20,17:30:00,Daylight,300,336,No,X-type,Normal,2Vehicles-Side,RD 126,M,43.85745572547626,4.856847986427502
201800010939,NonLethal,2018-10-23,05:00:00,NightNoStreetLight,300,212,No,NoIntersection,Normal,Other,RD 19,M,43.93763330627311,4.937320945711164
201800010940,NonLethal,2018-10-25,09:10:00,Daylight,300,12,No,T-type,Normal,2Vehicles-Side,D126,M,43.88017934500155,4.878692224735879
201800010941,NonLethal,2018-11-17,11:30:00,Daylight,300,166,No,NoIntersection,LightRain,2Vehicles-Side,RD986L,M,43.887162817550696,4.886899805154447
201800010943,NonLethal,2018-02-07,07:50:00,Daylight,300,350,Yes,NoIntersection,Normal,Other,Place de l'Hôtel de vill,M,43.99361650822439,3.9922765600043713
201800010944,NonLethal,2018-04-12,13:25:00,Daylight,300,325,No,NoIntersection,LightRain,3+Vehicles-Multiple,CD 999,M,43.991826877239006,3.991898163822493
201800010945,NonLethal,2018-05-31,09:15:00,Daylight,300,229,No,NoIntersection,Normal,NoCollision,lieu dit cluny,M,44.02322811417692,3.0221031263812628
201800010947,NonLethal,2018-06-17,19:15:00,Daylight,300,38,No,NoIntersection,Normal,NoCollision,DCFI S56,M,43.978602939775485,3.978430904720106
201800010948,NonLethal,2018-06-24,10:50:00,Daylight,300,339,No,NoIntersection,Normal,NoCollision,RD986 PK 26+300,M,44.08623676489405,3.0852939581583247
201800010949,NonLethal,2018-07-08,11:00:00,Daylight,300,339,No,NoIntersection,Normal,NoCollision,D 986,M,44.08641215249717,3.0885878635820645
201800010950,NonLethal,2018-08-19,17:15:00,Daylight,300,9,No,NoIntersection,Normal,2Vehicles-BehindVehicles-Frontal,D999,M,43.96578544071328,3.9675909713308455
201800010951,NonLethal,2018-07-29,11:30:00,Daylight,300,339,No,NoIntersection,Normal,3+Vehicles-Chain,D986,M,44.0902841165751,3.088346593350566
201800010953,Lethal,2018-10-21,15:30:00,Daylight,300,108,No,NoIntersection,Normal,NoCollision,Route Départementale 152,M,44.095675226276136,3.094491700915853
201800010954,Lethal,2018-08-15,10:45:00,Daylight,300,192,No,NoIntersection,Normal,Other,D999,M,43.88451858552381,4.885000338613146
201800010955,Lethal,2018-02-09,16:55:00,Daylight,300,349,No,NoIntersection,Normal,Other,CD999,M,43.87332649875058,4.873092052013363
201800010956,NonLethal,2018-09-19,18:45:00,Daylight,300,263,No,Y-type,Normal,2Vehicles-BehindVehicles-Frontal,"D999, PK 72+700",M,43.95472060602324,3.956150285662359
201800010958,NonLethal,2018-04-14,07:45:00,TwilightOrDawn,300,83,No,NoIntersection,LightRain,NoCollision,RN 113,M,43.72892891891514,4.729356493010527
201800010960,NonLethal,2018-05-11,15:30:00,Daylight,300,341,Yes,NoIntersection,Normal,2Vehicles-Side,56 Avenue Robert Gourdon,M,43.703848922759214,4.702585776882435
201800010961,NonLethal,2018-05-31,07:55:00,TwilightOrDawn,300,341,No,NoIntersection,LightRain,Other,ROUTE DEPARTEMENTALE 657,M,43.67092542521299,4.6702087052713965
201800010962,NonLethal,2018-04-30,09:45:00,Daylight,300,344,Yes,T-type,LightRain,Other,D139,M,43.74504911955076,4.742868806350179
201800010963,NonLethal,2018-06-13,12:00:00,Daylight,300,341,Yes,NoIntersection,Normal,2Vehicles-Behind,10 avenue Robert Gourdon,M,43.69692985571066,4.695634139889088
201800010964,NonLethal,2018-07-06,06:35:00,Daylight,300,341,No,NoIntersection,Normal,2Vehicles-BehindVehicles-Frontal,Départementale 6572,M,43.66848133135386,4.669010273718772
201800010965,NonLethal,2018-07-28,04:05:00,NightNoStreetLight,300,185,No,T-type,Normal,Other,Route nationale 113,M,43.72265831341742,4.7252982949180815
201800010967,NonLethal,2018-10-26,21:50:00,NightNoStreetLight,300,6,No,X-type,Normal,2Vehicles-Side,route de lunel,M,43.6861803078232,4.686559661478754