AccidentId,Gravity,Date,Hour,Light,Department,Commune,InAgglomeration,IntersectionType,Weather,CollisionType,PostalAddress,GPSCode,Latitude,Longitude
201800010968,NonLethal,2018-09-12,02:54:00,NightNoStreetLight,300,33,No,NoIntersection,Normal,2Vehicles-BehindVehicles-Frontal,Route de Beauvoisin,M,43.71574706222404,4.715052285855249
201800010969,NonLethal,2018-12-09,18:30:00,NightNoStreetLight,300,6,No,X-type,Normal,2Vehicles-Side,INTERSECTION RD265 ET RD,M,43.6860389063176,4.686956275850601
201800010970,NonLethal,2018-12-22,12:40:00,Daylight,300,83,Yes,X-type,Normal,2Vehicles-Side,Route nationale 113,M,43.728294877710944,4.728327247966721
201800010971,NonLethal,2018-02-25,01:00:00,NightNoStreetLight,300,114,No,NoIntersection,Normal,Other,D6110,M,43.8128191681907,4.815692898677953
201800010972,NonLethal,2018-03-04,16:30:00,Daylight,300,249,No,Other,Normal,2Vehicles-Side,RD40,M,43.80487086305594,4.805686722037915
201800010973,NonLethal,2018-04-12,18:00:00,Daylight,300,19,No,NoIntersection,LightRain,2Vehicles-BehindVehicles-Frontal,Départementale 12 ROUTE,M,43.74868429178209,4.749848205996871
201800010974,NonLethal,2018-04-16,13:45:00,Daylight,300,114,No,NoIntersection,Normal,2Vehicles-BehindVehicles-Frontal,RD1O7,M,43.82699184623064,4.827206043945501
201800010975,Lethal,2018-02-06,16:10:00,Daylight,300,324,No,NoIntersection,Normal,2Vehicles-BehindVehicles-Frontal,d22,M,43.83082692958835,4.829288012144841
201800010976,NonLethal,2018-09-06,16:29:00,Daylight,300,62,No,Roundabout,Normal,NoCollision,D1-D40,M,43.779021045338894,4.779023607500367
201800010979,NonLethal,2018-11-04,18:10:00,NightNoStreetLight,300,75,No,NoIntersection,Normal,3+Vehicles-Multiple,RD103,M,43.82977768264298,4.828481494495352
201800010980,NonLethal,2018-11-21,09:00:00,Daylight,300,82,Yes,NoIntersection,Overcast,2Vehicles-BehindVehicles-Frontal,D1,M,43.83697694008903,4.8344018768542325
201800010982,Lethal,2018-02-16,10:40:00,Daylight,300,133,Yes,X-type,Normal,Other,Quai Colbert,M,43.536954845382986,4.536216007707954
201800010983,NonLethal,2018-02-23,18:15:00,TwilightOrDawn,300,3,Yes,NoIntersection,Normal,3+Vehicles-Multiple,Rond point CD 48 et CD 5,M,43.54354720447891,4.542668639378874
201800010984,NonLethal,2018-03-18,02:50:00,NightNoStreetLight,300,3,No,NoIntersection,Normal,3+Vehicles-Multiple,CD n° 61 PK 12+940,M,43.54426944610832,4.542300188089151
201800010985,NonLethal,2018-03-28,13:30:00,Daylight,300,133,Yes,NoIntersection,Normal,2Vehicles-Behind,03 route des marines,M,43.51209302408766,4.51260399874421
201800010986,NonLethal,2018-03-30,21:10:00,NightNoStreetLight,300,3,Yes,NoIntersection,HeavyRain,Other,D979,M,43.56624245252997,4.561705507455163
201800010987,NonLethal,2018-01-05,07:30:00,Daylight,300,276,No,NoIntersection,LightRain,2Vehicles-Side,D46,M,43.63891694341732,4.640684476739752
201800010988,NonLethal,2018-05-18,09:50:00,Daylight,300,133,Yes,Roundabout,Normal,2Vehicles-Side,D62B - giratoire avenue,M,43.54073325048912,4.537347879515398
201800010989,NonLethal,2018-06-13,16:30:00,Daylight,300,3,No,NoIntersection,Normal,3+Vehicles-Multiple,D46,M,43.58005503542614,4.581350927256948
201800010990,NonLethal,2018-07-21,18:45:00,Daylight,300,133,Yes,NoIntersection,Normal,Other,avenue de Camargue,M,43.533338583099415,4.532952088707705
201800010992,NonLethal,2018-07-25,09:10:00,Daylight,300,3,Yes,NoIntersection,Normal,NoCollision,D979 - ROUTE DE NIMES -,M,43.569021238369714,4.567887325481447
201800010993,NonLethal,2018-08-08,15:00:00,Daylight,300,133,No,NoIntersection,Normal,2Vehicles-BehindVehicles-Frontal,D62B - ENTRE LE ROND-POI,M,43.48300423777586,4.481201386021329
201800010994,NonLethal,2018-08-04,12:00:00,Daylight,300,133,No,NoIntersection,Normal,2Vehicles-Side,D979 - ROUTE DES SALINS,M,43.544195662364885,4.543940753376219
201800010995,NonLethal,2018-06-09,09:45:00,Daylight,300,276,No,NoIntersection,LightRain,2Vehicles-Side,D46,M,43.63829286257338,4.6383049909177885
201800010996,NonLethal,2018-09-15,19:05:00,Daylight,300,133,Yes,NoIntersection,Normal,Other,RUE DU COMMANDANT MARCEA,M,43.54205511885597,4.538942070968866
201800010998,NonLethal,2018-04-12,16:15:00,Daylight,300,3,No,Other,Normal,2Vehicles-Behind,D979,M,43.56917873288589,4.56930184325404
201800010999,NonLethal,2018-01-06,07:50:00,NightStreelightsOn,370,50,Yes,X-type,Normal,2Vehicles-Side,AVENUE DU GRAND SUD,M,47.3511237994716,7.352433577685127
201800011000,NonLethal,2018-02-17,17:45:00,Daylight,370,18,No,NoIntersection,Normal,2Vehicles-BehindVehicles-Frontal,99 route des vallées,M,47.36592833738871,6.366036498347879
201800011001,NonLethal,2018-06-03,14:55:00,Daylight,370,99,No,NoIntersection,Normal,2Vehicles-Behind,RD 751,M,47.29579304422018,5.296085549722894
201800011002,NonLethal,2018-04-25,17:15:00,Daylight,370,50,Yes,Roundabout,Normal,2Vehicles-Side,RD 37,M,47.33319793810509,6.331923372280369
201800011003,NonLethal,2018-11-05,10:55:00,Daylight,370,50,Yes,X-type,Normal,2Vehicles-Side,avenue de la république,M,47.34625976623709,7.346110400743444
201800011004,NonLethal,2018-05-20,19:45:00,Daylight,370,50,Yes,Roundabout,Normal,Other,"48, rue charles coulomb",M,47.335096557231246,7.332529994948422
201800011005,NonLethal,2018-05-23,16:15:00,Daylight,370,50,Yes,T-type,Normal,2Vehicles-Side,rue des Buissons,M,47.343012986840776,7.343741634123908
201800011006,NonLethal,2018-05-06,16:10:00,Daylight,370,50,Yes,NoIntersection,Normal,Other,ave du général de Gaulle,M,47.342335861566575,6.342237531333088
201800011007,NonLethal,2018-10-06,19:10:00,Daylight,370,122,No,NoIntersection,Normal,NoCollision,D37 - PK 9+350,M,47.35308073815808,6.351742989442709
201800011008,NonLethal,2018-10-06,21:15:00,TwilightOrDawn,370,50,Yes,X-type,Normal,2Vehicles-Side,23 Avenue de la Républiq,M,47.31528499304209,7.314765936123906
201800011010,NonLethal,2018-08-08,19:40:00,Daylight,370,50,Yes,NoIntersection,Normal,2Vehicles-Side,Avenue Alexandre Minkows,M,47.33155293381896,6.330810853905271
201800011012,NonLethal,2018-02-08,14:15:00,Daylight,370,50,Yes,NoIntersection,Normal,Other,avenue de bordeaux,M,47.349710745132064,7.35210278022188
201800011013,NonLethal,2018-08-17,18:15:00,Daylight,370,50,Yes,Roundabout,Normal,2Vehicles-Side,avenue du grand sud,M,47.36254526152717,6.361433922275641
201800011014,NonLethal,2018-09-10,13:30:00,Daylight,370,50,Yes,Other,Normal,2Vehicles-Side,06 avenue de la républiq,M,47.34596258389418,7.344639774005576
201800011015,NonLethal,2018-10-14,11:40:00,Daylight,370,243,Yes,NoIntersection,Normal,2Vehicles-Side,Rue de la Bijonnerie,M,47.34688818395105,5.345684043293898
201800011017,NonLethal,2018-10-31,10:50:00,Daylight,370,50,No,Roundabout,Overcast,2Vehicles-Side,Route de LOCHES,M,47.33590949748958,7.335263192667442
201800011018,NonLethal,2018-11-15,14:00:00,Daylight,370,50,Yes,Other,Normal,2Vehicles-Side,avenue du grand sud,M,47.344575352122725,7.344489861647129
201800011019,NonLethal,2018-11-19,16:20:00,Daylight,370,18,Yes,NoIntersection,Normal,Other,Rue du général LECLERC,M,47.34225493843096,6.342024668062561
201800011020,Lethal,2018-11-23,17:20:00,TwilightOrDawn,370,18,No,NoIntersection,Normal,2Vehicles-Side,la maison blanche,M,47.32006257644529,5.32195441562515
201800011021,NonLethal,2018-01-18,07:25:00,NightStreelightsOn,370,151,Yes,Other,LightRain,Other,rd 959,M,47.44859310210955,6.445882254492167
201800011022,NonLethal,2018-01-22,14:15:00,Daylight,370,167,Yes,NoIntersection,Overcast,2Vehicles-Behind,avenue de la Libération,M,47.546923992025576,5.545973415301781
201800011023,Lethal,2018-01-25,14:56:00,Daylight,370,151,No,NoIntersection,LightRain,2Vehicles-BehindVehicles-Frontal,RD959,M,47.44553777770163,6.444907483298116
201800011024,NonLethal,2018-02-04,11:30:00,Daylight,370,54,No,NoIntersection,LightRain,NoCollision,D29 Chemin pierre couver,M,47.475265437048286,6.474724256160931
201800011025,NonLethal,2018-02-13,12:35:00,Daylight,370,59,No,NoIntersection,SnowOrHail,2Vehicles-Behind,D938 - la touche,M,47.463673686347335,6.465634545060615
201800011026,NonLethal,2018-02-23,08:20:00,Daylight,370,152,No,X-type,Normal,3+Vehicles-Multiple,La Buhardière,M,47.45452914836738,6.451760064022793
201800011028,NonLethal,2018-06-04,23:20:00,NightNoStreetLight,370,245,No,NoIntersection,Normal,2Vehicles-BehindVehicles-Frontal,RD 959 LE PILORI,M,47.47343729698967,5.474239634974951
201800011031,NonLethal,2018-06-07,16:20:00,Daylight,370,167,Yes,NoIntersection,Normal,2Vehicles-BehindVehicles-Frontal,avenue de la liberation,M,47.54752158834641,5.548131114940394
201800011032,NonLethal,2018-07-14,08:15:00,Daylight,370,152,No,NoIntersection,Normal,NoCollision,D2 - PK7+300,M,47.47004472978056,6.47125456994755
201800011035,NonLethal,2018-08-15,09:50:00,Daylight,370,167,No,NoIntersection,Overcast,NoCollision,La Brodinière,M,47.54472921513742,5.545911214457492
201800011036,NonLethal,2018-08-30,13:15:00,Daylight,370,249,No,NoIntersection,Normal,2Vehicles-BehindVehicles-Frontal,la signal,M,47.50078683526959,4.499893650535999
201800011037,NonLethal,2018-09-02,14:35:00,Daylight,370,204,No,NoIntersection,Normal,NoCollision,Croix Finet,M,47.50504925372014,6.502929207890473
201800011038,NonLethal,2018-06-09,17:30:00,Daylight,370,206,Yes,NoIntersection,Normal,NoCollision,rue de la poste,M,47.49914297262474,6.499270439107559
201800011039,NonLethal,2018-04-09,17:15:00,Daylight,370,206,No,NoIntersection,Normal,Other,la maillotiere,M,47.533023960115216,6.532575120216624
201800011040,NonLethal,2018-09-15,05:20:00,NightStreelightsOn,370,151,Yes,NoIntersection,Normal,Other,D959 direction Angers,M,47.44500751197437,6.446087533472913
201800011041,Lethal,2018-09-30,08:40:00,Daylight,370,167,No,NoIntersection,Normal,Other,Lieu-dit la Ferretrie,M,47.53164623775214,5.532778702413438
201800011042,NonLethal,2018-05-10,07:00:00,TwilightOrDawn,370,167,No,NoIntersection,Normal,Other,RD 938 - PK 15,M,47.52087467641918,5.520800602214807
201800011044,NonLethal,2018-11-24,14:00:00,Daylight,370,231,Yes,NoIntersection,Normal,Other,rue des écoles,M,47.597934722406585,4.598442000709611
201800011046,NonLethal,2018-12-19,15:25:00,Daylight,370,245,No,NoIntersection,Normal,2Vehicles-BehindVehicles-Frontal,D48,M,47.52691211515556,6.526792099717889
201800011047,NonLethal,2018-08-01,12:30:00,Daylight,370,251,No,NoIntersection,Normal,Other,RD 68 - PK 10+100,M,47.52777034719509,4.526904267458219
201800011050,NonLethal,2018-11-03,17:25:00,Daylight,370,139,Yes,Other,Normal,2Vehicles-BehindVehicles-Frontal,les Chenes Verts,M,47.38649638112864,5.386498998423159
201800011051,NonLethal,2018-04-15,09:50:00,Daylight,370,139,Yes,T-type,Normal,2Vehicles-BehindVehicles-Frontal,Lieu dit les Doguins,M,47.40100727885037,5.404033832395854
201800011052,NonLethal,2018-05-18,11:50:00,Daylight,370,109,No,NoIntersection,Normal,3+Vehicles-Multiple,Route départementale 952,M,47.38738473727727,6.388022025558045
201800011053,NonLethal,2018-05-23,07:30:00,Daylight,370,84,No,X-type,Normal,2Vehicles-Behind,la roche blanche,M,47.56729517880972,3.569317530182045
201800011054,NonLethal,2018-05-29,16:05:00,Daylight,370,139,Yes,NoIntersection,Normal,Other,32 Avenue Louis Charles,M,47.38900232986364,5.391445629200897
201800011055,NonLethal,2018-06-23,21:00:00,Daylight,370,223,No,T-type,Normal,2Vehicles-Side,Intersection RD749 et ro,M,47.524529992882414,2.5225685611229984
201800011056,Lethal,2018-07-11,10:45:00,Daylight,370,139,Yes,NoIntersection,Normal,Other,46 avenue Charles Albert,M,47.39093952182756,5.392806681028062
201800011058,NonLethal,2018-08-13,23:40:00,NightNoStreetLight,370,251,No,T-type,Normal,Other,la longueraie,M,47.51636586591391,4.5165171084718185
201800011059,NonLethal,2018-12-09,20:40:00,NightStreelightsOn,370,62,No,Roundabout,Normal,Other,"Rond point ""les enseigne",M,47.52760524927039,3.527877092419634
201800011060,NonLethal,2018-09-19,11:30:00,Daylight,370,146,Yes,T-type,Normal,Other,1 rue du Lude,M,47.55162314323231,2.5494586033052014
201800011061,NonLethal,2018-10-25,08:50:00,Daylight,370,109,No,X-type,Normal,2Vehicles-BehindVehicles-Frontal,rue de tréché,M,47.412055312028045,5.411265767070859
201800011064,Lethal,2018-12-01,15:00:00,Daylight,370,139,No,NoIntersection,LightRain,Other,malitoume,M,47.42461909858463,5.423987472588365
201800011065,NonLethal,2018-11-02,00:15:00,NightStreelightsOn,370,267,Yes,Other,LightRain,2Vehicles-BehindVehicles-Frontal,D976 - D85,M,47.35640597965004,8.356254903586038
201800011067,NonLethal,2018-04-29,12:30:00,Daylight,370,267,No,NoIntersection,Normal,Other,route du Placier,M,47.336999461331445,8.338899485247042
201800011069,NonLethal,2018-06-24,04:25:00,NightStreelightsOn,370,267,Yes,Other,Normal,Other,Route de Bléré - D976,M,47.35762128979216,8.358280465251019
201800011071,NonLethal,2018-07-27,10:15:00,Daylight,370,273,Yes,NoIntersection,Normal,Other,10 bis rue Ginette Neveu,M,47.38616651136279,7.387106381915739
201800011072,NonLethal,2018-09-22,13:20:00,Daylight,370,281,Yes,Other,Normal,2Vehicles-BehindVehicles-Frontal,RD 952,M,47.42354611949561,7.424833458804071
201800011073,NonLethal,2018-01-19,21:45:00,NightStreelightsOn,140,366,Yes,T-type,Normal,2Vehicles-Side,"32, FOURNET (RUE)",M,49.13819562361493,2.1384405661458508
201800011074,NonLethal,2018-01-03,04:35:00,NightStreelightsOn,140,366,Yes,Roundabout,LightRain,2Vehicles-Side,ESPERANCE (CARREFOUR DE,M,49.14424140376875,2.14579978212227
201800011075,NonLethal,2018-01-23,14:15:00,Daylight,140,366,Yes,NoIntersection,Normal,Other,"39, RUE D'ORIVAL",M,49.13252626248476,2.1335933043383646
201800011076,NonLethal,2018-01-26,18:40:00,NightStreelightsOn,140,366,Yes,NoIntersection,Normal,Other,"2, ALENCON (RUE D')",M,49.14296549685861,2.1424618877287127
201800011079,NonLethal,2018-04-27,15:10:00,Daylight,140,366,Yes,NoIntersection,Normal,2Vehicles-Behind,RD 406,M,49.16484340910991,2.1654995295494013
201800011080,NonLethal,2018-07-05,08:25:00,Daylight,140,366,Yes,X-type,Normal,2Vehicles-Side,CARNOT (BOULEVARD),M,49.14777805655658,2.1488585171830548
201800011081,NonLethal,2018-05-19,04:30:00,NightStreelightsOn,140,366,Yes,NoIntersection,Normal,Other,ORBEC (ROUTE D'),M,49.13981300081363,2.14144791219271
201800011082,NonLethal,2018-05-31,10:00:00,Daylight,140,574,No,NoIntersection,HeavyRain,2Vehicles-Behind,D.6l3 ( SAINT DESIR),M,49.12552403335192,2.12256945432728
201800011083,NonLethal,2018-03-06,17:45:00,Daylight,140,366,Yes,NoIntersection,Normal,2Vehicles-Side,GUIZOT (RUE),M,49.14699402075655,2.1465425965607308
201800011084,NonLethal,2018-07-24,18:00:00,Daylight,140,487,Yes,NoIntersection,Normal,NoCollision,PIQUENOTS (CHEMIN),M,49.17722625259197,2.177039661027277
201800011085,NonLethal,2018-07-31,09:20:00,Daylight,140,366,Yes,NoIntersection,Normal,NoCollision,FOURNET (RUE),M,49.13757815176549,2.1394868447487565
201800011086,NonLethal,2018-10-15,11:25:00,Daylight,140,366,Yes,NoIntersection,VeryGood,Other,HERBET FOURNET (BOULEVAR,M,49.15345095828922,2.1542149404641977
201800011087,NonLethal,2018-01-02,21:41:00,Daylight,370,202,No,Roundabout,LightRain,NoCollision,ROND POINT DES 4 SAISONS,M,47.15014746013387,1.1504396842314606
201800011088,NonLethal,2018-10-21,06:30:00,TwilightOrDawn,140,574,No,Other,Normal,NoCollision,D.613 ( SAINT DESIR),M,49.137312619223216,1.1363774489083192
201800011089,NonLethal,2018-10-26,16:25:00,Daylight,140,366,No,NoIntersection,LightRain,2Vehicles-Behind,D.613 ( LISIEUX),M,49.12785112155827,2.125950210834553
201800011090,NonLethal,2018-10-29,07:30:00,Daylight,140,366,Yes,T-type,Normal,2Vehicles-Side,FOURNET (RUE),M,49.13602663492023,2.1376009829545857
201800011091,NonLethal,2018-11-02,15:45:00,Daylight,140,366,Yes,NoIntersection,Normal,Other,LOUIS PASTEUR (BOULEVARD,M,49.14666224377703,2.146778529790161
201800011092,NonLethal,2018-11-07,20:30:00,NightStreelightsOn,140,366,Yes,NoIntersection,LightRain,Other,HENRY CHERON (RUE),M,49.1465397650583,2.145655166501676
201800011094,NonLethal,2018-11-20,09:00:00,Daylight,140,366,Yes,NoIntersection,LightRain,Other,JULES FERRY (BOULEVARD),M,49.146318853192334,2.147096388850845
201800011095,NonLethal,2018-11-26,04:35:00,NightNoStreetLight,140,487,No,NoIntersection,Normal,2Vehicles-Side,R.D 579,M,49.19219777985023,2.1917587697306766
201800011096,NonLethal,2018-11-30,11:25:00,Daylight,140,366,Yes,NoIntersection,Normal,Other,ONZE  NOVEMBRE (RUE DU),M,49.14512735519499,2.143422064419484
201800011099,NonLethal,2018-12-08,15:45:00,Daylight,140,366,Yes,Roundabout,LightRain,Other,HERBET FOURNET (BOULEVAR,M,49.16209078880975,2.161998473718307
201800011100,NonLethal,2018-07-03,15:35:00,Daylight,370,248,No,NoIntersection,Normal,Other,10 route de Chinon,M,47.13729002764283,1.1373855032202185
201800011101,NonLethal,2018-04-28,11:50:00,Daylight,370,24,No,X-type,Normal,2Vehicles-Side,"lieu-dit ""les Moriers""",M,47.29106529137439,2.291197731315069
201800011102,NonLethal,2018-05-22,12:15:00,Daylight,370,31,Yes,NoIntersection,Normal,Other,3 rue des averries,M,47.27707787952505,1.279470420108959
201800011103,NonLethal,2018-05-30,15:00:00,Daylight,370,58,No,NoIntersection,Normal,NoCollision,D952,M,47.25006017708715,2.248705889639073
201800011104,NonLethal,2018-05-16,08:15:00,Daylight,370,11,No,NoIntersection,Normal,Other,rue de la Perrée,M,47.22896412993266,2.229066823455991
201800011105,NonLethal,2018-06-05,13:45:00,Daylight,370,67,No,T-type,Normal,Other,D751,M,47.23785599626805,4.240291995349656
201800011106,NonLethal,2018-05-20,19:15:00,Daylight,370,227,No,NoIntersection,Normal,NoCollision,voie communale N14,M,47.3093767226165,3.308668425628013
201800011107,NonLethal,2018-06-10,11:30:00,Daylight,370,216,No,NoIntersection,Normal,Other,D8 PK17+8OO,M,47.17344677426193,5.171794436971693
201800011108,NonLethal,2018-11-18,01:15:00,NightNoStreetLight,370,271,Yes,NoIntersection,Normal,Other,40 rue des caves fortes,M,47.21419328267896,5.214376185145322
201800011109,NonLethal,2018-01-11,16:15:00,Daylight,370,142,No,Other,Normal,NoCollision,Lieu-dit Pessé,M,47.06499619859064,5.065548685158044
201800011110,Lethal,2018-02-01,14:05:00,Daylight,370,89,No,NoIntersection,Normal,2Vehicles-BehindVehicles-Frontal,Lieu-dit Le Puy - Départ,M,47.14140416191976,3.1435251565736646
201800011111,NonLethal,2018-02-24,10:40:00,Daylight,370,71,No,X-type,Normal,2Vehicles-Side,LA BERTHELOTIERE - Dépar,M,47.07365627736432,4.073403822377808
201800011112,Lethal,2018-03-15,20:10:00,NightNoStreetLight,370,188,No,NoIntersection,Normal,3+Vehicles-Multiple,RD 58,M,47.09277045429509,5.09162962778702
201800011113,NonLethal,2018-03-21,01:15:00,NightNoStreetLight,370,119,Yes,NoIntersection,Normal,Other,10-12 route de parcay,M,47.11562208339939,4.117262495545606
201800011115,Lethal,2018-03-05,17:30:00,Daylight,370,180,No,NoIntersection,Normal,2Vehicles-BehindVehicles-Frontal,La planche,M,47.11142130079913,4.109357296428671
201800011116,NonLethal,2018-04-05,10:30:00,Daylight,370,119,Yes,Other,Normal,2Vehicles-Side,rue de la fougetterie,M,47.12206812654196,4.122770081086913
201800011117,NonLethal,2018-05-26,01:35:00,NightStreelightsOff,370,244,Yes,NoIntersection,Normal,2Vehicles-BehindVehicles-Frontal,route de chinon D760,M,47.13095591982961,3.132002011207746
201800011118,NonLethal,2018-06-06,19:00:00,Daylight,370,89,Yes,Other,Normal,2Vehicles-Side,10 route de sonnay,M,47.1623081420753,3.1596393182177374
201800011119,NonLethal,2018-06-30,21:10:00,NightNoStreetLight,370,216,No,NoIntersection,Normal,NoCollision,lieu dit martinière,M,47.14281988996259,6.140686470894832
201800011120,NonLethal,2018-06-30,18:00:00,Daylight,370,51,No,NoIntersection,Normal,2Vehicles-Behind,Place du Château,M,47.06595009406145,3.0661087209951368
201800011121,NonLethal,2018-06-24,19:40:00,Daylight,370,216,No,NoIntersection,Normal,NoCollision,lieu dit Le Carroie,M,47.13865175969879,5.136911970919157
201800011122,NonLethal,2018-01-15,18:05:00,NightStreelightsOn,370,132,Yes,Other,HeavyRain,Other,14 avenue des Bas Clos,M,47.124564833029496,9.124297959664556
201800011123,Lethal,2018-02-17,15:30:00,Daylight,370,111,No,NoIntersection,Normal,2Vehicles-Side,départementale 764,M,47.16769092401389,1.1682882107398405
201800011124,NonLethal,2018-03-14,22:15:00,NightNoStreetLight,370,133,No,NoIntersection,LightRain,Other,D9,M,47.09106093870565,1.0927384471248685
201800011125,NonLethal,2018-05-26,18:00:00,Daylight,370,111,No,NoIntersection,HeavyRain,NoCollision,RD 10 - PK 14+800,M,47.17793877491206,1.1766915619391536
201800011127,NonLethal,2018-06-28,09:20:00,Daylight,370,49,No,Other,Normal,2Vehicles-Behind,D943 - Route de l'étang,M,47.1740587701882,9.175366369188083
201800011129,NonLethal,2018-07-15,13:45:00,Daylight,370,183,Yes,X-type,Normal,2Vehicles-BehindVehicles-Frontal,Intersection RD 943 et R,M,47.100687550564416,1.1005626902517058
201800011130,NonLethal,2018-08-01,18:15:00,Daylight,370,222,No,NoIntersection,Normal,NoCollision,D92,M,47.08991286372209,1.0893242787157515
201800011131,NonLethal,2018-08-31,02:18:00,NightStreelightsOn,370,132,Yes,NoIntersection,Normal,NoCollision,rue quintefol,M,47.12821691976806,9.12670304180111
201800011132,NonLethal,2018-09-30,21:15:00,NightNoStreetLight,370,238,No,NoIntersection,Normal,2Vehicles-Behind,RD93,M,47.05819830728655,9.057943831522984
201800011133,NonLethal,2018-10-11,10:00:00,Daylight,370,222,No,Other,Normal,2Vehicles-Behind,Les fourneaux,M,47.08791540276563,1.0854656257250486
201800011134,NonLethal,2018-10-16,18:00:00,Daylight,370,111,No,NoIntersection,Normal,2Vehicles-Side,Départementale 764,M,47.16443392712603,1.1646304243905263
201800011135,NonLethal,2018-10-12,09:00:00,Daylight,370,173,No,NoIntersection,Normal,3+Vehicles-Chain,RD 760,M,47.13413059488911,1.1330747540884547
201800011136,NonLethal,2018-12-13,17:30:00,NightNoStreetLight,370,133,No,NoIntersection,Normal,3+Vehicles-Multiple,RD 9,M,47.08462383228951,1.0823198264049658
201800011137,NonLethal,2018-12-14,16:30:00,Daylight,370,20,Yes,NoIntersection,Normal,Other,rue de la charbonnerie,M,47.128297127485766,1.1285508386753174
201800011138,NonLethal,2018-01-12,12:35:00,Daylight,370,145,No,NoIntersection,Normal,Other,lieu dit les jarreries,M,47.03176461581568,6.031379958164265
201800011139,NonLethal,2018-02-09,06:10:00,NightNoStreetLight,370,29,No,NoIntersection,Normal,Other,La fosse Berton,M,47.12957970492438,7.125324151831119
201800011141,NonLethal,2018-02-27,07:55:00,Daylight,370,98,No,NoIntersection,Normal,Other,RD 59 - croisement route,M,47.08645721634888,6.087588045345145
201800011142,NonLethal,2018-03-09,14:15:00,Daylight,370,134,No,X-type,Normal,2Vehicles-Side,Croisement RD 21 RD 83,M,47.17960344755086,7.18052103445407
201800011145,NonLethal,2018-07-28,06:35:00,TwilightOrDawn,370,1,No,NoIntersection,Normal,Other,"12 rue des Rives, lieu-d",M,46.9434529052613,7.9447854898205215
201800011146,NonLethal,2018-08-26,15:00:00,Daylight,370,115,No,NoIntersection,Normal,Other,la croix charlot,M,46.99224569683465,7.99203337518791
201800011147,Lethal,2018-10-10,17:15:00,Daylight,370,247,No,NoIntersection,Normal,2Vehicles-BehindVehicles-Frontal,Lieu-dit MONTIGNI,M,47.06052948799829,6.0582223627988725
201800011148,NonLethal,2018-10-10,15:30:00,Daylight,370,115,Yes,NoIntersection,LightRain,Other,rue du commerce,M,46.97251171176536,6.97271746060347
201800011149,NonLethal,2018-10-12,17:40:00,Daylight,370,130,No,NoIntersection,Normal,NoCollision,RD 390,M,47.04921178580983,8.048044288186276
201800011150,NonLethal,2018-10-18,17:45:00,TwilightOrDawn,370,130,No,X-type,VeryGood,2Vehicles-Side,RD 31,M,47.03956431684244,7.039591194361248
201800011152,NonLethal,2018-02-17,18:15:00,TwilightOrDawn,370,107,No,NoIntersection,Normal,NoCollision,La Grande Varenne,M,47.0049361498093,8.006405289085018
201800011153,Lethal,2018-05-20,19:30:00,Daylight,370,28,No,X-type,Normal,2Vehicles-Side,LIEU-DIT LES AUGERAUX,M,46.86309333122215,9.862782417832054
201800011155,NonLethal,2018-05-01,12:15:00,Daylight,370,159,Yes,Roundabout,Normal,2Vehicles-Side,RUE DE LA VASSELIERE,M,47.27756315817373,6.275988897301037
201800011156,Lethal,2018-01-19,17:45:00,NightNoStreetLight,370,83,No,NoIntersection,Normal,2Vehicles-Side,RD 17 Les Quarts,M,47.26660510601385,8.264277855414004
201800011157,NonLethal,2018-01-19,18:20:00,TwilightOrDawn,370,266,Yes,Other,Normal,2Vehicles-BehindVehicles-Frontal,intersection RD91O RD87,M,47.29628038847046,7.297814451520115
201800011158,NonLethal,2018-01-22,14:30:00,Daylight,370,159,No,Other,LightRain,Other,Rd 87 intersection Rue d,M,47.2959101901044,6.297963311210768
201800011159,Lethal,2018-02-05,09:47:00,Daylight,370,250,No,Other,Normal,NoCollision,RD 910 - PR 49+550,M,47.227659711617605,6.231040724422361
201800011160,NonLethal,2018-02-28,10:00:00,Daylight,370,263,Yes,NoIntersection,Normal,2Vehicles-BehindVehicles-Frontal,24 rue du champ chrétien,M,47.27149590739876,8.273008176096209
201800011161,NonLethal,2018-07-03,19:30:00,NightNoStreetLight,370,211,No,NoIntersection,Normal,2Vehicles-Behind,RD 50,M,47.22487406852248,7.22481386627323
201800011162,Lethal,2018-03-19,15:30:00,Daylight,370,159,No,NoIntersection,Normal,2Vehicles-Side,PK 26+450 D17,M,47.28064975888935,6.2802457907547256