AccidentId,Gravity,Date,Hour,Light,Department,Commune,InAgglomeration,IntersectionType,Weather,CollisionType,PostalAddress,GPSCode,Latitude,Longitude
201800011163,NonLethal,2018-04-16,07:10:00,Daylight,370,250,No,Roundabout,Normal,2Vehicles-Side,rond-point intersection,M,47.2542238923277,6.257850776954262
201800011164,NonLethal,2018-04-16,16:35:00,Daylight,370,154,Yes,NoIntersection,Normal,NoCollision,18 rue Renault,M,47.2881241397343,7.284877742189584
201800011165,NonLethal,2018-04-15,09:30:00,Daylight,370,266,Yes,Roundabout,Overcast,2Vehicles-Side,Avenue de COUZIERES,M,47.29378617364998,7.295651695174838
201800011167,NonLethal,2018-05-11,19:05:00,Daylight,370,266,Yes,NoIntersection,Normal,2Vehicles-BehindVehicles-Frontal,34 rue des giraudières,M,47.3097936127902,7.311389033979582
201800011168,NonLethal,2018-05-15,10:40:00,Daylight,370,83,Yes,Other,Normal,Other,13 rue nationale,M,47.267340820855786,8.270397220451406
201800011169,NonLethal,2018-05-19,13:40:00,Daylight,370,104,No,NoIntersection,Normal,Other,RD 943,M,47.31549066139039,7.316028581484083
201800011170,NonLethal,2018-06-01,23:00:00,NightStreelightsOn,370,211,Yes,NoIntersection,Normal,Other,"8, rue de la Poste",M,47.22462797226175,7.225835021377635
201800011171,NonLethal,2018-07-18,12:30:00,Daylight,370,211,No,NoIntersection,Normal,NoCollision,Départementale 50,M,47.22485884481976,7.224910895103898
201800011172,NonLethal,2018-09-08,20:55:00,NightStreelightsOn,370,266,Yes,T-type,Normal,2Vehicles-Side,avenue de couzière,M,47.29612208814351,7.29691884856881
201800011173,NonLethal,2018-10-10,17:20:00,Daylight,370,211,Yes,T-type,Normal,2Vehicles-Side,Avenue de la Foire,M,47.22666434583976,7.226394909413607
201800011174,NonLethal,2018-11-01,09:50:00,Daylight,370,211,No,X-type,HeavyRain,2Vehicles-Side,"Lieu dit ""L'Orset""",M,47.23783183228,7.240719842385433
201800011175,Lethal,2018-12-03,17:45:00,NightNoStreetLight,370,211,No,NoIntersection,Normal,2Vehicles-BehindVehicles-Frontal,"RD 84, PK 24+850",M,47.22341552717116,7.22165666005217
201800011176,NonLethal,2018-12-29,18:05:00,NightStreelightsOn,370,154,Yes,Other,Normal,2Vehicles-BehindVehicles-Frontal,D910 - D17,M,47.29079774268832,7.290394058141214
201800011177,Lethal,2018-07-08,20:00:00,TwilightOrDawn,870,153,No,NoIntersection,VeryGood,Other,CD13 PK 16+803,M,45.83875519758889,1.836799886755472
201800011178,Lethal,2018-07-17,21:00:00,Daylight,870,153,No,NoIntersection,Normal,NoCollision,CHATEIX,M,45.82290220480824,1.821056414174046
201800011180,NonLethal,2018-09-01,16:20:00,Daylight,870,117,No,Other,Normal,2Vehicles-Side,LES TREIZE VENTS,M,45.80852694698022,1.8098779827286535
201800011181,NonLethal,2018-04-09,16:50:00,Daylight,870,51,Yes,Other,Normal,2Vehicles-Side,BOURG,M,45.62858427215946,1.6295995448676857
201800011182,NonLethal,2018-09-22,08:05:00,TwilightOrDawn,870,64,No,NoIntersection,FogOrSmoke,Other,D992,M,45.736907065631165,1.7352309973423956
201800011183,NonLethal,2018-12-08,00:15:00,NightNoStreetLight,870,105,No,NoIntersection,Overcast,NoCollision,MOULIN NEUF,M,45.71921594384695,1.720780605856112
201800011184,NonLethal,2018-02-27,18:30:00,NightStreelightsOff,870,39,No,X-type,Normal,2Vehicles-Side,LE BOURNAZEAU,M,45.6159227933821,1.614144921048802
201800011185,NonLethal,2018-03-03,12:15:00,Daylight,870,19,No,NoIntersection,Normal,Other,LES BESSIÈRES,M,45.77518241951855,1.774047367993751
201800011186,Lethal,2018-04-07,11:20:00,Daylight,870,95,No,NoIntersection,Normal,Other,RD 07 BIS,M,45.56503568366626,1.563258757065198
201800011187,NonLethal,2018-05-28,17:15:00,Daylight,870,205,No,NoIntersection,HeavyRain,3+Vehicles-Multiple,RD 704,M,45.73015445943594,1.7313302348909934
201800011188,NonLethal,2018-06-29,14:00:00,Daylight,870,205,No,NoIntersection,Normal,NoCollision,D704,M,45.73389682508812,1.730135221842374
201800011189,NonLethal,2018-08-14,00:35:00,NightStreelightsOff,870,148,Yes,NoIntersection,Normal,Other,1 PLACE DE LA MAIRIE,M,45.71676451471174,1.7192158696119175
201800011190,NonLethal,2018-09-16,16:10:00,Daylight,870,205,No,Other,Normal,2Vehicles-Side,LES PALENNES,M,45.729251620773965,1.7292573578491208
201800011191,NonLethal,2018-09-19,12:50:00,Daylight,870,63,No,X-type,Normal,2Vehicles-Side,RD 98,M,45.7897252017886,1.7907494820779972
201800011192,NonLethal,2018-09-10,11:55:00,Daylight,870,88,Yes,NoIntersection,Normal,Other,CD 31 - LE PEYRONNET,M,45.6177539141469,1.6181675501662591
201800011193,NonLethal,2018-10-16,17:50:00,Daylight,870,174,No,NoIntersection,Normal,2Vehicles-Behind,RD 12,M,45.74028773734409,1.7396618522666976
201800011194,Lethal,2018-01-21,18:00:00,NightStreelightsOn,870,179,Yes,NoIntersection,LightRain,Other,INTERSECTION D26 - D49,M,46.18195382488452,9.18240957509138
201800011195,Lethal,2018-02-04,14:20:00,Daylight,870,116,No,NoIntersection,LightRain,Other,ROUTE DE SISSAC C2,M,46.13829860338772,1.137797830020943
201800011197,NonLethal,2018-05-12,05:00:00,NightNoStreetLight,870,26,No,NoIntersection,Normal,Other,LES MERGLERIES,M,46.05430439920281,8.051948843499899
201800011198,NonLethal,2018-08-31,22:20:00,NightNoStreetLight,870,55,No,NoIntersection,Normal,NoCollision,RD 942,M,46.23262956767059,9.233470973589355
201800011199,NonLethal,2018-07-09,18:10:00,Daylight,870,11,Yes,Roundabout,Normal,Other,AVENUE RENÉ COTY,M,46.130116714467846,1.1291064972442926
201800011200,NonLethal,2018-09-23,18:30:00,Daylight,870,12,No,NoIntersection,HeavyRain,Other,ROUTE NATIONAL 147 - PON,M,46.05643730999765,1.0558551767042923
201800011202,NonLethal,2018-10-21,17:50:00,Daylight,870,12,No,T-type,Normal,3+Vehicles-Multiple,LES SURCHAUDS,M,46.08777803487459,1.087352965972626
201800011203,NonLethal,2018-11-15,22:30:00,NightNoStreetLight,870,33,No,NoIntersection,FogOrSmoke,Other,LE QUEROIX,M,46.00597918302566,1.004338520445946
201800011204,NonLethal,2018-07-03,19:15:00,NightNoStreetLight,870,47,No,NoIntersection,LightRain,2Vehicles-BehindVehicles-Frontal,LES TROIS SAPINS,M,45.97689525035248,1.9761551253962768
201800011205,NonLethal,2018-04-17,16:35:00,Daylight,870,47,No,NoIntersection,VeryGood,2Vehicles-BehindVehicles-Frontal,LES TROIS SAPINS,M,45.97556802173026,1.974551486601277
201800011206,NonLethal,2018-05-10,17:30:00,Daylight,870,13,No,NoIntersection,Normal,2Vehicles-Side,RD 28,M,46.078850628111006,1.0779504147350574
201800011207,NonLethal,2018-07-08,14:35:00,Daylight,870,121,No,NoIntersection,VeryGood,2Vehicles-BehindVehicles-Frontal,"RD 1, LIEU-DIT LACLOTRE",M,46.1440303866578,1.1438487161702284
201800011208,NonLethal,2018-09-16,17:55:00,Daylight,870,68,No,NoIntersection,Normal,NoCollision,LE SAUZE,M,46.138124094428726,1.1363726424759013
201800011209,NonLethal,2018-10-13,11:30:00,Daylight,870,133,No,Other,Normal,2Vehicles-Side,"LIEU-DIT ""LA BUSSIÈRE RA",M,46.18176562767568,1.1841197861372643
201800011210,Lethal,2018-03-01,18:45:00,NightStreelightsOn,870,59,Yes,Other,HeavyRain,Other,42 BOULEVARD DU 8 MAI 45,M,46.21651615673207,1.21515150142454
201800011211,Lethal,2018-06-09,11:30:00,Daylight,870,57,No,NoIntersection,Normal,2Vehicles-BehindVehicles-Frontal,ROUTE NATIONALE 145 - PK,M,46.18403476424205,1.1838411724897024
201800011214,NonLethal,2018-01-17,20:15:00,NightStreelightsOn,870,131,Yes,NoIntersection,Overcast,NoCollision,RD 235,M,45.872632313060926,8.87364132465155
201800011215,NonLethal,2018-01-20,17:55:00,NightNoStreetLight,870,154,No,NoIntersection,LightRain,2Vehicles-Side,LES SÉGUINES,M,45.90498783116651,9.905224335253376
201800011216,NonLethal,2018-01-21,18:30:00,NightStreelightsOn,870,154,Yes,NoIntersection,HeavyRain,Other,BOULEVARD VICTOR HUGO,M,45.88878309245943,9.886990101895623
201800011217,NonLethal,2018-08-02,13:50:00,Daylight,870,154,No,NoIntersection,VeryGood,NoCollision,D675 - ROUTE DE ROCHECHO,M,45.86588852444309,8.865401338927969
201800011218,NonLethal,2018-05-30,13:45:00,Daylight,870,126,No,NoIntersection,HeavyRain,Other,CHEZ COMBARD,M,45.807765860529,8.809032384547608
201800011219,NonLethal,2018-02-06,10:15:00,Daylight,870,154,Yes,NoIntersection,Normal,Other,12 AVENUE HENRI BARBUSSE,M,45.8931227401253,9.8901170457308
201800011220,Lethal,2018-06-16,11:40:00,Daylight,870,78,No,X-type,Normal,2Vehicles-BehindVehicles-Frontal,LA TUILIÈRE,M,45.95794326804168,1.958256440316173
201800011221,NonLethal,2018-05-08,07:20:00,Daylight,870,164,No,NoIntersection,Normal,Other,LES VERGNOLLES,M,45.8523640638766,9.85139899480026
201800011222,Lethal,2018-11-08,20:45:00,TwilightOrDawn,870,78,No,NoIntersection,Normal,3+Vehicles-Multiple,LIEU DIT LASCAUX,M,45.94319137069262,9.94294168687302
201800011223,Lethal,2018-10-02,11:40:00,Daylight,870,111,No,NoIntersection,Other,2Vehicles-BehindVehicles-Frontal,"D901 - LIEU-DIT ""MANVIN""",M,45.75612997176725,8.755245703044151
201800011224,NonLethal,2018-03-04,17:30:00,Daylight,870,60,No,Other,Normal,Other,RD6BIS,M,45.628912575843536,9.63041622165414
201800011225,NonLethal,2018-04-25,15:30:00,Daylight,870,112,No,Other,Normal,2Vehicles-Side,LIEU DIT MAISON NEUVE,M,45.7150114197362,1.7140852354196978
201800011226,NonLethal,2018-02-06,13:05:00,Daylight,870,32,Yes,X-type,Normal,2Vehicles-Side,INTERSECTION RN 21 / CD,M,45.655586647292246,9.655778610874725
201800011227,Lethal,2018-06-24,23:15:00,NightNoStreetLight,870,34,No,NoIntersection,Normal,Other,RD.75,M,45.68611571654954,9.686441343398512
201800011228,NonLethal,2018-08-02,14:30:00,Daylight,870,73,No,NoIntersection,Normal,2Vehicles-BehindVehicles-Frontal,LIEU DIT CHEZ PANIER,M,45.751226593149006,1.7515652416163303
201800011229,NonLethal,2018-09-20,13:50:00,Daylight,870,73,No,NoIntersection,Normal,NoCollision,D 699 LA CHATONETTE,M,45.74149409574185,9.741656298951028
201800011230,NonLethal,2018-10-23,11:00:00,Daylight,870,91,No,X-type,Normal,2Vehicles-Side,INTERSECTION RD 699 ET R,M,45.71447854645339,6.7137015324370815
201800011231,Lethal,2018-11-23,13:30:00,Daylight,870,54,No,NoIntersection,Overcast,Other,LA MAZAURIE,M,45.685395299133965,8.685966471298173
201800011232,NonLethal,2018-03-24,20:50:00,NightNoStreetLight,870,71,No,NoIntersection,LightRain,2Vehicles-Behind,LA PETITE MAISON NEUVE D,M,45.47729171354207,1.477996955100637
201800011233,NonLethal,2018-04-27,17:05:00,Daylight,870,106,Yes,NoIntersection,Normal,Other,PLACE DE LA RÉPUBLIQUE,M,45.67971471709782,1.6778009633098538
201800011234,NonLethal,2018-04-05,15:00:00,Daylight,870,187,No,Other,VeryGood,2Vehicles-Side,LES KIOSQUES,M,45.51797751613733,1.516040832309925
201800011235,NonLethal,2018-05-07,06:45:00,Daylight,870,187,Yes,NoIntersection,Normal,2Vehicles-Side,RUE ANDRÉ DESMOULINS,M,45.49725829102424,1.4962877177814835
201800011236,NonLethal,2018-10-06,17:30:00,Daylight,870,187,Yes,NoIntersection,Normal,Other,AVENUE DU MARÉCHAL JUIN,M,45.51777528924006,1.51818949958533
201800011237,NonLethal,2018-10-07,23:30:00,NightStreelightsOn,870,187,Yes,NoIntersection,Normal,Other,IMPASSE MOULIN DES PRRTS,M,45.51498680740301,1.515889694110183
201800011238,NonLethal,2018-07-22,17:44:00,Daylight,870,187,Yes,Other,Normal,Other,AVENUE DE LA LOUE,M,45.51671142557542,1.5170333692797862
201800011239,NonLethal,2018-07-27,20:00:00,Daylight,870,106,No,NoIntersection,Normal,Other,D11 - LA FORET,M,45.65342769666415,1.6536901092518834
201800011240,NonLethal,2018-01-08,10:30:00,Daylight,870,96,No,NoIntersection,Normal,NoCollision,CHATEAU GAILLARD,M,45.59806763392358,1.5983082824875117
201800011241,NonLethal,2018-08-23,17:00:00,Daylight,870,176,No,NoIntersection,Normal,NoCollision,LE BOURG,M,45.64520798450474,1.6473020701985557
201800011242,NonLethal,2018-08-25,18:40:00,Daylight,870,94,No,NoIntersection,Normal,NoCollision,RUE JEAN FERRAT,M,45.72081938385836,1.719936384401914
201800011243,Lethal,2018-11-05,15:55:00,Daylight,870,187,No,NoIntersection,Normal,3+Vehicles-Multiple,ROUTE DÉPARTEMENTALE 901,M,45.54236062939973,1.5421022543210172
201800011244,Lethal,2018-11-07,06:40:00,NightNoStreetLight,870,150,No,NoIntersection,Overcast,Other,"LIEU-DIT ""LES MARTRES""",M,45.61142471160016,1.6129116538109127
201800011245,NonLethal,2018-12-30,19:15:00,NightNoStreetLight,870,187,No,NoIntersection,Normal,Other,DÉPARTEMENTALE 901 AU NI,M,45.53154584681849,1.5305862848978675
201800011246,NonLethal,2018-03-24,05:15:00,NightNoStreetLight,230,30,No,NoIntersection,LightRain,NoCollision,Les 13 vents,M,45.96279285527206,1.9627522604290744
201800011247,NonLethal,2018-07-04,19:25:00,Daylight,230,42,No,NoIntersection,Normal,2Vehicles-BehindVehicles-Frontal,RD50,M,46.067316727212855,1.0680865781208315
201800011248,NonLethal,2018-07-26,18:25:00,Daylight,230,237,No,NoIntersection,Normal,2Vehicles-BehindVehicles-Frontal,"lieu dit ""le treix""",M,45.89714903824938,1.8961059400648084
201800011249,Lethal,2018-10-11,15:50:00,Daylight,230,30,No,NoIntersection,LightRain,2Vehicles-BehindVehicles-Frontal,RIGOUR,M,45.95546211493312,1.9555223189611548
201800011250,NonLethal,2018-12-26,23:50:00,NightStreelightsOff,230,157,Yes,NoIntersection,Normal,NoCollision,D941,M,45.98111563448285,1.9778761888251604
201800011252,NonLethal,2018-02-10,18:35:00,NightStreelightsOn,230,31,Yes,NoIntersection,Overcast,NoCollision,10 rue martin nadaud,M,46.34720476563023,2.34807847946726
201800011253,Lethal,2018-05-24,17:30:00,Daylight,230,64,No,NoIntersection,LightRain,2Vehicles-BehindVehicles-Frontal,Bussiere,M,46.31921657492927,2.3173430930956056
201800011254,NonLethal,2018-02-07,19:15:00,Daylight,230,89,No,X-type,Normal,2Vehicles-Side,intersection Rd 990 / li,M,46.31889036519929,1.3194279998455127
201800011255,NonLethal,2018-07-19,18:10:00,Daylight,230,174,Yes,NoIntersection,Normal,Other,rue des acacias,M,46.30130264448538,2.3006770948441377
201800011256,NonLethal,2018-09-03,17:30:00,Daylight,230,49,No,Y-type,Normal,2Vehicles-Side,Lieu dit le peux,M,46.27934105223079,1.2799391593269698
201800011258,NonLethal,2018-10-19,11:00:00,Daylight,230,130,No,NoIntersection,Normal,Other,lieu dit les pierres bur,M,46.43141196646411,1.4314856179509834
201800011259,NonLethal,2018-10-30,17:00:00,TwilightOrDawn,230,240,No,NoIntersection,Normal,2Vehicles-BehindVehicles-Frontal,Les Forets,M,46.33861820341004,2.336186742198106
201800011260,NonLethal,2018-03-08,19:30:00,TwilightOrDawn,230,93,Yes,Roundabout,Normal,NoCollision,lieu dit bellevue,M,46.19729239356813,2.196381720739441
201800011261,NonLethal,2018-10-16,12:45:00,Daylight,230,234,No,NoIntersection,Normal,2Vehicles-BehindVehicles-Frontal,RD 24,M,46.08422830495351,2.0828192684976647
201800011262,NonLethal,2018-02-16,15:00:00,Daylight,230,228,No,NoIntersection,LightRain,NoCollision,C.D 941,M,45.947588889589625,2.9476451994938224
201800011264,NonLethal,2018-03-26,09:30:00,Daylight,230,187,No,NoIntersection,Normal,NoCollision,D990 pk 43.840,M,46.12546061584381,2.1270492708580324
201800011265,NonLethal,2018-06-28,13:20:00,Daylight,230,257,No,NoIntersection,Normal,NoCollision,RD7,M,45.90492778240287,2.903219327705276
201800011269,NonLethal,2018-08-29,12:40:00,Daylight,230,69,No,NoIntersection,Overcast,NoCollision,Lieu-dit Chez Pilat,M,45.87669748554685,2.874609586838878
201800011270,Lethal,2018-10-16,14:45:00,Daylight,230,184,No,NoIntersection,Normal,Other,Lieu-dit la maison rouge,M,45.90352631470185,2.903724295743163
201800011272,Lethal,2018-04-21,16:00:00,Daylight,170,303,No,NoIntersection,Normal,NoCollision,LIeu Dit La fosse aux Lo,M,46.32437825648467,-0.3246355138302301
201800011274,NonLethal,2018-08-18,09:30:00,Daylight,170,127,Yes,X-type,Normal,2Vehicles-Side,rue de marans,M,46.24703814846262,-0.2482568071800806
201800011275,NonLethal,2018-10-15,18:50:00,Daylight,170,349,No,X-type,Overcast,2Vehicles-Side,RD 115,M,46.251305084485296,-0.2503677236481908
201800011276,NonLethal,2018-04-11,11:15:00,Daylight,170,8,No,NoIntersection,Normal,2Vehicles-Side,PK 127 + 900 sur la RD 1,M,46.283025994185685,-0.2813148682688221
201800011277,NonLethal,2018-11-27,17:00:00,TwilightOrDawn,170,267,No,NoIntersection,Normal,Other,RN11,M,46.22784866316108,-0.2264294462484121
201800011278,Lethal,2018-12-04,08:30:00,Daylight,170,349,No,NoIntersection,FogOrSmoke,Other,CD 109,M,46.27371160942407,-0.2726053548820841
201800011279,NonLethal,2018-12-17,18:46:00,NightStreelightsOn,170,218,Yes,X-type,Normal,2Vehicles-BehindVehicles-Frontal,rue d'aligre,M,46.30591138113682,-0.3047801242708258
201800011280,NonLethal,2018-12-19,15:50:00,Daylight,170,91,No,X-type,Normal,3+Vehicles-Multiple,"CD9, PK17",M,46.29110292787961,-0.2908969833600222
201800011281,Lethal,2018-01-17,04:20:00,NightNoStreetLight,170,326,No,NoIntersection,LightRain,Other,route départementale 731,M,45.51911114576368,-0.5175182670246343
201800011282,Lethal,2018-04-17,11:10:00,Daylight,170,197,Yes,NoIntersection,Other,2Vehicles-BehindVehicles-Frontal,26 Avenue Monseigneur Ch,M,45.4521129541224,-0.451837591426255
201800011283,NonLethal,2018-10-14,20:15:00,NightNoStreetLight,170,403,No,NoIntersection,LightRain,2Vehicles-Side,Route départementale 19,M,45.406453914270486,-0.4054939623592447
201800011284,NonLethal,2018-12-02,11:33:00,Daylight,170,197,Yes,NoIntersection,HeavyRain,Other,Zone artisanale La Sourc,M,45.43852157248467,-0.4377562579189917
201800011285,NonLethal,2018-12-30,17:25:00,TwilightOrDawn,170,331,No,NoIntersection,Normal,2Vehicles-BehindVehicles-Frontal,4O route du maine,M,45.47816452279842,-0.4751440636488357
201800011286,NonLethal,2018-01-17,13:30:00,Daylight,170,236,No,NoIntersection,VeryGood,2Vehicles-Behind,D137 - Le Maine,M,45.33970809221546,-0.3406645914392732
201800011288,NonLethal,2018-09-01,22:02:00,NightNoStreetLight,170,328,No,NoIntersection,Normal,NoCollision,rue de camailleau,M,45.446594854846325,-0.4448811561928559
201800011289,NonLethal,2018-11-17,16:00:00,Daylight,170,50,Yes,NoIntersection,FogOrSmoke,Other,Route de St Antoine,M,45.4854114178744,-0.4864313010970808
201800011290,NonLethal,2018-12-30,22:15:00,NightNoStreetLight,170,328,No,NoIntersection,Normal,Other,95 rue de mortagne,M,45.46662598353085,-0.4645208001279496
201800011291,NonLethal,2018-12-01,21:25:00,NightNoStreetLight,170,110,No,NoIntersection,FogOrSmoke,Other,"Lieu dit Bézias, RD l45",M,45.14291484600084,-0.1404878511079817
201800011292,NonLethal,2018-06-07,10:47:00,Daylight,170,386,No,X-type,Normal,2Vehicles-Side,Intersection RD 261E2 -,M,45.14406601259935,-0.1437191623260649
201800011293,NonLethal,2018-08-05,11:55:00,Daylight,170,386,No,NoIntersection,Normal,2Vehicles-BehindVehicles-Frontal,Lieu dit Sureau,M,45.14373399961604,-0.1434546146993628
201800011294,NonLethal,2018-08-14,18:00:00,Daylight,170,365,No,NoIntersection,Normal,Other,12 rue de Clérac,M,45.21201733817573,-0.2114382440059871
201800011295,Lethal,2018-02-23,19:15:00,NightNoStreetLight,170,75,No,NoIntersection,Normal,2Vehicles-BehindVehicles-Frontal,D124,M,45.92422389973484,-0.926806472512688
201800011296,NonLethal,2018-02-25,17:35:00,Daylight,170,353,No,NoIntersection,Normal,NoCollision,route de l'océan,M,45.99259445526148,-0.9921021470979752
201800011297,Lethal,2018-03-10,05:45:00,NightNoStreetLight,170,253,No,NoIntersection,Normal,3+Vehicles-Multiple,D911,M,45.96857909137149,-0.9678118577578492
201800011298,NonLethal,2018-01-04,17:10:00,Daylight,170,463,No,T-type,Normal,2Vehicles-BehindVehicles-Frontal,CD 214,M,45.968421390076784,-0.9693025038308044
201800011299,NonLethal,2018-04-16,13:00:00,Daylight,170,65,Yes,T-type,Normal,2Vehicles-Side,rue des yvonnettes,M,45.981320559853366,-0.9828631966518272
201800011302,NonLethal,2018-07-08,00:05:00,NightNoStreetLight,170,483,No,NoIntersection,Normal,2Vehicles-Behind,RD l37,M,46.02305218863179,-0.0210760462041555
201800011304,NonLethal,2018-02-14,21:45:00,NightStreelightsOn,170,225,Yes,Roundabout,LightRain,2Vehicles-BehindVehicles-Frontal,rue du Clapet - rue Henr,M,45.71878108114755,-0.716832849517776
201800011305,Lethal,2018-03-11,14:22:00,Daylight,170,452,No,NoIntersection,Normal,2Vehicles-BehindVehicles-Frontal,rd25,M,45.72251441989274,-0.7197581967037504
201800011306,NonLethal,2018-03-25,13:45:00,Daylight,170,452,No,NoIntersection,Normal,Other,Départementale 25,M,45.77167874036854,-0.7715241147741186
201800011307,NonLethal,2018-04-09,20:50:00,NightStreelightsOn,170,452,Yes,NoIntersection,LightRain,Other,boulevard Pasteur,M,45.77421180674055,-0.7729375543320051
201800011308,NonLethal,2018-01-06,08:30:00,Daylight,170,409,No,NoIntersection,Normal,3+Vehicles-Chain,route départementale 733,M,45.67309806158602,-0.6746614201801575
201800011309,NonLethal,2018-08-06,18:20:00,Daylight,170,225,Yes,NoIntersection,Normal,NoCollision,12 avenue des Mathes,M,45.69239395644984,-0.6925962333495221
201800011310,NonLethal,2018-06-17,17:50:00,Daylight,170,452,No,NoIntersection,Normal,NoCollision,D25,M,45.78844561155432,-0.7877195420338325
201800011311,NonLethal,2018-06-28,21:40:00,Daylight,170,225,Yes,NoIntersection,Normal,NoCollision,18 Avenue des Mathes,M,45.69370372626435,-0.6952006828655348
201800011312,NonLethal,2018-06-30,11:10:00,Daylight,170,409,No,Y-type,Normal,2Vehicles-BehindVehicles-Frontal,RD 733 E,M,45.68073282164405,-0.6800587159758941
201800011313,NonLethal,2018-02-08,18:40:00,Daylight,170,64,No,NoIntersection,Normal,3+Vehicles-Multiple,d 14,M,45.68997145334715,-0.6895950466741266
201800011315,NonLethal,2018-10-13,17:05:00,Daylight,170,409,No,T-type,Normal,2Vehicles-Side,chemin de la messe,M,45.66095190229144,-0.6617504790631615
201800011316,NonLethal,2018-11-19,18:15:00,NightStreelightsOn,170,21,Yes,Y-type,Normal,2Vehicles-Side,Avenue de la Presqu'ile,M,45.74144193392116,-0.7427778913744775
201800011317,Lethal,2018-11-28,14:05:00,Daylight,170,452,Yes,T-type,Normal,2Vehicles-BehindVehicles-Frontal,30 B RUE MARCEL GAILLARD,M,45.777089172020254,-0.7779162298429635
201800011318,Lethal,2018-08-01,10:55:00,Daylight,170,93,No,NoIntersection,Overcast,3+Vehicles-Multiple,RD 26,M,45.86274165550868,-0.8626901448688019
201800011319,NonLethal,2018-02-07,08:15:00,Daylight,170,93,Yes,NoIntersection,Normal,Other,impasse de la chevalière,M,45.887688709214046,-0.8873984469085839
201800011320,NonLethal,2018-02-27,19:25:00,NightNoStreetLight,170,385,No,NoIntersection,Normal,2Vehicles-BehindVehicles-Frontal,RD734,M,45.9502095090091,-0.9512635705433196
201800011321,NonLethal,2018-04-20,16:25:00,Daylight,170,140,No,NoIntersection,Normal,2Vehicles-BehindVehicles-Frontal,D26,M,45.89795125062725,-0.8971126814756999
201800011322,NonLethal,2018-06-03,02:15:00,NightNoStreetLight,170,337,Yes,X-type,Normal,Other,RD734 - CHERAY,M,45.97286905201791,-0.9739094724356662
201800011323,NonLethal,2018-06-30,09:30:00,Daylight,170,411,Yes,NoIntersection,Normal,Other,46 avenue des Bouillats,M,45.85217763920506,-0.8509877457745246
201800011324,NonLethal,2018-02-08,18:50:00,Daylight,170,385,Yes,NoIntersection,VeryGood,2Vehicles-BehindVehicles-Frontal,37 Avenue de Bonnemie,M,45.94376937113344,-0.9442874672485329
201800011325,NonLethal,2018-08-03,22:30:00,NightNoStreetLight,170,93,Yes,NoIntersection,Normal,NoCollision,Rue Mendès France,M,45.88093527982445,-0.8832081640361645
201800011326,NonLethal,2018-08-13,20:00:00,Daylight,170,385,No,NoIntersection,LightRain,NoCollision,D 274 route de sauzelle,M,45.95167123579718,-0.9521571263837
201800011327,NonLethal,2018-08-31,20:00:00,Daylight,170,337,No,NoIntersection,Normal,Other,zone de loisirs les prés,M,45.97399733410489,-0.974120323667068
201800011328,NonLethal,2018-09-01,17:15:00,Daylight,170,140,No,NoIntersection,Normal,2Vehicles-Side,Route de Boyardville,M,45.913667148051815,-0.914284927273846
201800011329,NonLethal,2018-09-30,15:55:00,Daylight,170,411,Yes,NoIntersection,Normal,Other,12 avenue du Corps Franc,M,45.82261099507472,-0.8231448209688155
201800011330,Lethal,2018-10-06,00:20:00,NightStreelightsOff,170,140,Yes,Roundabout,FogOrSmoke,Other,755 route de St Pierre,M,45.91165408339797,-0.9106953569488594
201800011331,NonLethal,2018-12-15,22:25:00,NightNoStreetLight,170,140,No,NoIntersection,Normal,Other,42 chemin de Saint james,M,45.88660930432446,-0.8884017756672556
201800011333,Lethal,2018-03-02,20:15:00,NightNoStreetLight,170,57,No,NoIntersection,Normal,Other,D115,M,46.18056624642204,-0.1797791176804824
201800011334,NonLethal,2018-05-31,18:35:00,Daylight,170,221,Yes,NoIntersection,Normal,2Vehicles-Side,"les quatre maisons, rue",M,46.11976591818323,-0.123277771625493
201800011335,NonLethal,2018-07-20,10:40:00,Daylight,170,338,No,NoIntersection,Normal,2Vehicles-BehindVehicles-Frontal,d205,M,46.135825505465455,-0.1367761176099736
201800011336,NonLethal,2018-09-19,14:25:00,Daylight,170,482,No,X-type,Normal,2Vehicles-Side,D115,M,46.14883038997692,-0.1517085444532231
201800011337,NonLethal,2018-03-10,22:30:00,NightStreelightsOff,170,359,No,NoIntersection,Normal,Other,RD 939 - Pk 057.500,M,46.09213227349935,-0.0901445176252496
201800011339,NonLethal,2018-06-12,19:30:00,NightStreelightsOn,170,3,Yes,NoIntersection,Normal,Other,38 rue de l'Aunis,M,46.11450160034018,-0.112477027150992
201800011341,NonLethal,2018-12-27,18:00:00,NightStreelightsOn,170,359,No,X-type,Normal,2Vehicles-Side,intersection RD939/RD118,M,46.08754242291984,-0.0868808075446661
201800011342,Lethal,2018-10-03,05:20:00,TwilightOrDawn,170,271,No,NoIntersection,Normal,Other,route de compostelle - L,M,46.00127598308451,-0.0016292193696468