AccidentId,Gravity,Date,Hour,Light,Department,Commune,InAgglomeration,IntersectionType,Weather,CollisionType,PostalAddress,GPSCode,Latitude,Longitude
201800011344,NonLethal,2018-03-27,15:00:00,Daylight,170,397,No,X-type,HeavyRain,2Vehicles-Side,route des NOUILLERS RD11,M,45.889258942944174,-0.8889034754264561
201800011345,NonLethal,2018-04-03,07:14:00,NightNoStreetLight,170,202,No,NoIntersection,Normal,NoCollision,D 939,M,46.00019939012219,-1.0018311766665529
201800011346,NonLethal,2018-05-04,10:10:00,Daylight,170,277,No,NoIntersection,Normal,Other,RN 150 lieu-dit Bourgneu,M,46.002281362940906,-0.0012633501067401
201800011347,NonLethal,2018-04-14,11:20:00,Daylight,170,448,No,X-type,Normal,2Vehicles-Side,RD 739 / RD 114,M,45.97234773367472,-0.9737197794455644
201800011348,NonLethal,2018-05-05,14:50:00,Daylight,170,347,No,T-type,Normal,2Vehicles-BehindVehicles-Frontal,Route de Saintes,M,45.93513898727381,-0.9322125695514456
201800011350,Lethal,2018-07-07,06:45:00,Daylight,170,467,No,NoIntersection,Normal,Other,D950,M,45.96616873612548,-0.96581424299218
201800011351,NonLethal,2018-11-07,23:30:00,NightNoStreetLight,170,347,No,NoIntersection,Normal,Other,"D120, pont SNCF de Fosse",M,45.927380606153214,-0.92697805380509
201800011352,NonLethal,2018-07-20,00:42:00,NightNoStreetLight,170,17,No,NoIntersection,LightRain,Other,RD 122 route de BORDS,M,45.91346139710346,-0.9132366858672288
201800011353,NonLethal,2018-07-30,19:00:00,Daylight,170,397,No,NoIntersection,VeryGood,2Vehicles-BehindVehicles-Frontal,"2, lieu dit Burie. R.D.",M,45.88427298656768,-0.8855395175930434
201800011354,NonLethal,2018-08-27,12:30:00,Daylight,170,450,No,T-type,Normal,2Vehicles-Behind,le treuil,M,45.95770688538381,-0.9607455174225884
201800011355,NonLethal,2018-10-16,04:25:00,NightNoStreetLight,170,226,No,NoIntersection,FogOrSmoke,NoCollision,les champs bas,M,45.9103774969701,-0.91081973648676
201800011356,Lethal,2018-10-25,10:53:00,Daylight,170,436,Yes,LevelCrossing,Normal,2Vehicles-Side,rue Aliénor d'Aquitaine,M,45.835480748264814,-0.8339864781472928
201800011357,NonLethal,2018-09-11,17:30:00,Daylight,170,397,No,X-type,Normal,2Vehicles-BehindVehicles-Frontal,carrefour des carrières,M,45.89429809215382,-0.8933781850533004
201800011358,NonLethal,2018-09-11,09:40:00,Daylight,170,459,No,X-type,FogOrSmoke,3+Vehicles-Multiple,D939,M,45.91119104895609,-0.910211421338966
201800011359,NonLethal,2018-11-18,11:05:00,Daylight,170,344,No,NoIntersection,Normal,2Vehicles-BehindVehicles-Frontal,CD 731,M,45.8490507760738,-0.8494235426702195
201800011360,NonLethal,2018-02-22,19:45:00,NightNoStreetLight,170,49,No,NoIntersection,Normal,Other,RD 127,M,46.05447737875421,-0.0541243744288715
201800011362,NonLethal,2018-06-07,20:00:00,Daylight,170,211,Yes,X-type,Normal,2Vehicles-Side,rue de la gare,M,46.04480295869577,-0.043960503899124
201800011363,NonLethal,2018-07-14,06:00:00,TwilightOrDawn,170,177,No,NoIntersection,Normal,Other,RD 131 PK 71+700,M,45.936822551685474,-0.939100707909519
201800011364,NonLethal,2018-07-26,03:15:00,NightNoStreetLight,170,101,Yes,NoIntersection,Normal,Other,rue du grand puits,M,45.96249164574637,-0.9623479822209048
201800011365,NonLethal,2018-08-13,15:05:00,Daylight,170,177,No,NoIntersection,Normal,Other,RD 131,M,45.935759607693214,-0.9346395518078574
201800011366,NonLethal,2018-10-14,17:55:00,Daylight,170,43,No,NoIntersection,HeavyRain,Other,D120,M,46.05483381781055,-0.0553070513549433
201800011367,NonLethal,2018-10-15,17:00:00,Daylight,170,473,No,NoIntersection,LightRain,Other,RD 133,M,45.99954919857442,-0.0010315135054956
201800011368,NonLethal,2018-04-11,09:35:00,Daylight,170,101,No,NoIntersection,Normal,Other,PK 22+1OO,M,45.973528271986574,-0.9745815036708296
201800011369,NonLethal,2018-03-30,13:40:00,Daylight,170,235,No,NoIntersection,LightRain,2Vehicles-BehindVehicles-Frontal,RD 131,M,45.79203032393399,-0.7926485829879786
201800011370,NonLethal,2018-03-31,15:00:00,Daylight,170,224,No,X-type,LightRain,2Vehicles-Behind,CD 939 - carrefour chemi,M,45.87374030805343,-0.8757809011630522
201800011371,NonLethal,2018-03-30,09:25:00,Daylight,170,147,No,X-type,LightRain,2Vehicles-BehindVehicles-Frontal,RD 231 E1 / RD 129,M,45.79914233123163,-0.8007825303039106
201800011372,NonLethal,2018-06-09,17:15:00,Daylight,170,428,Yes,Y-type,Normal,Other,"CD 121E, route de brévil",M,45.81041168989699,-0.809838215309901
201800011374,Lethal,2018-07-27,12:00:00,Daylight,170,313,No,NoIntersection,Normal,NoCollision,rue des sablons,M,45.76225403283084,-0.7638739873830512
201800011375,NonLethal,2018-08-08,06:53:00,Daylight,170,26,No,NoIntersection,Normal,2Vehicles-BehindVehicles-Frontal,D120,M,45.85218443300466,-0.8548737923620214
201800011376,Lethal,2018-09-04,13:31:00,Daylight,170,25,No,NoIntersection,Normal,NoCollision,RD 124,M,45.879290485505045,-0.8788546464953294
201800011377,NonLethal,2018-10-31,12:30:00,Daylight,170,188,No,NoIntersection,LightRain,NoCollision,CD 939 - PR 13+200,M,45.86399354163894,-0.8630277678781036
201800011378,Lethal,2018-11-25,00:20:00,NightNoStreetLight,170,261,No,NoIntersection,Normal,Other,cd 939,M,45.81018652499396,-0.8099760218463863
201800011379,NonLethal,2018-01-23,21:20:00,NightNoStreetLight,280,386,No,NoIntersection,LightRain,NoCollision,RD23 Lieu dit LE PETIT H,M,48.55718339414932,1.5577270991675838
201800011380,NonLethal,2018-06-01,15:30:00,Daylight,280,53,No,NoIntersection,Normal,Other,D139- PK 6+900,M,48.62045737232267,1.6204353407523198
201800011382,NonLethal,2018-06-24,10:30:00,Daylight,280,350,No,NoIntersection,Normal,Other,RD 923,M,48.45129566326059,1.448192140333391
201800011383,NonLethal,2018-07-22,06:45:00,TwilightOrDawn,280,116,No,NoIntersection,FogOrSmoke,2Vehicles-BehindVehicles-Frontal,RD 923 PK 17+500,M,48.45421522669334,1.4559201868281837
201800011385,NonLethal,2018-12-01,14:50:00,Daylight,280,361,No,NoIntersection,Normal,Other,D 122 13,M,48.52708361363651,1.5258652709460243
201800011386,NonLethal,2018-12-01,19:20:00,NightNoStreetLight,280,317,No,X-type,Normal,Other,Croisement D130 et D 19,M,48.442905844015584,1.441427735388457
201800011387,NonLethal,2018-02-06,06:45:00,NightNoStreetLight,280,84,No,NoIntersection,SnowOrHail,3+Vehicles-Multiple,RD 906,M,48.54582858604545,1.5457352388396195
201800011388,Lethal,2018-06-02,10:20:00,Daylight,280,84,No,NoIntersection,SnowOrHail,Other,D906,M,48.55410629208696,1.5541962585197824
201800011389,NonLethal,2018-09-02,17:30:00,Daylight,280,317,No,X-type,SnowOrHail,2Vehicles-Behind,ROUTE DEPARTEMENTALE 19,M,48.44356944212174,1.4415995672391309
201800011390,NonLethal,2018-03-03,02:00:00,NightNoStreetLight,280,140,No,NoIntersection,Normal,NoCollision,D28,M,48.58259479779896,1.5827315638954464
201800011391,NonLethal,2018-05-04,16:20:00,Daylight,280,73,No,NoIntersection,VeryGood,Other,RD330,M,48.50830388118273,1.5067891134711575
201800011392,NonLethal,2018-06-25,08:00:00,Daylight,280,15,No,NoIntersection,Normal,2Vehicles-BehindVehicles-Frontal,RD18 - St Symphorien Le,M,48.510322081643295,1.5094152862333854
201800011393,NonLethal,2018-08-25,21:00:00,NightNoStreetLight,280,23,No,NoIntersection,Normal,NoCollision,RD 28,M,48.51258516345494,1.5132948633741248
201800011394,NonLethal,2018-10-10,13:00:00,Daylight,280,84,No,X-type,Normal,2Vehicles-Side,"croisement D6, D106.5",M,48.52828874066324,1.5261192027351478
201800011395,NonLethal,2018-10-15,18:30:00,Daylight,280,52,No,NoIntersection,VeryGood,2Vehicles-Behind,route départementale 26.,M,48.56374544849233,1.5644214176367606
201800011398,NonLethal,2018-11-21,07:50:00,Daylight,280,357,No,Other,FogOrSmoke,3+Vehicles-Multiple,RD 906,M,48.56293698857483,1.5638184621394264
201800011399,NonLethal,2018-11-23,00:20:00,NightStreelightsOn,280,188,Yes,NoIntersection,Normal,Other,18 rue de Paris,M,48.49998995961811,1.5001158598295974
201800011400,NonLethal,2018-12-27,11:20:00,Daylight,280,140,Yes,Y-type,Overcast,2Vehicles-Side,09 Rue du Malconseil,M,48.60980412374477,1.60944561404404
201800011402,NonLethal,2018-02-09,16:35:00,Daylight,280,422,Yes,NoIntersection,SnowOrHail,2Vehicles-BehindVehicles-Frontal,15 rue François Huet,M,48.27354969345348,1.273266701650321
201800011404,Lethal,2018-05-16,09:28:00,Daylight,280,311,No,Y-type,Normal,2Vehicles-Side,N254,M,48.20711363795992,1.204900759300018
201800011405,NonLethal,2018-06-27,17:50:00,Daylight,280,284,No,NoIntersection,Normal,2Vehicles-Side,D141,M,48.22374408225442,1.2247770534659876
201800011406,NonLethal,2018-07-25,13:29:00,Daylight,280,32,No,NoIntersection,Normal,2Vehicles-BehindVehicles-Frontal,ROUTE NATIONALE 154,M,48.30282049396268,1.3018548229240512
201800011407,NonLethal,2018-08-09,12:38:00,Daylight,280,184,No,NoIntersection,Overcast,NoCollision,D939,M,48.33880191648771,1.3370314518301731
201800011408,Lethal,2018-08-25,06:45:00,NightNoStreetLight,280,2,No,NoIntersection,Normal,2Vehicles-BehindVehicles-Frontal,RN 254,M,48.20803948386602,1.2090394177660493
201800011409,NonLethal,2018-08-25,13:10:00,Daylight,280,319,No,NoIntersection,Normal,NoCollision,RD 118.5,M,48.28444190731112,1.2844238992513244
201800011410,NonLethal,2018-08-15,21:57:00,NightNoStreetLight,280,284,No,NoIntersection,Normal,Other,départementale 141,M,48.24013381543976,1.2386657887169046
201800011411,NonLethal,2018-09-30,12:30:00,Daylight,280,183,No,X-type,Normal,2Vehicles-Side,Intersection D142 et D14,M,48.31416229473896,1.3146717157392862
201800011412,Lethal,2018-10-10,10:00:00,Daylight,280,199,Yes,NoIntersection,Normal,Other,Rue du Mail Colardeau,M,48.20163316769575,1.199433989034547
201800011413,NonLethal,2018-11-10,10:05:00,Daylight,280,391,Yes,NoIntersection,LightRain,Other,rampe du pont,M,48.19309467435573,1.193795651934426
201800011414,NonLethal,2018-12-12,15:45:00,Daylight,280,406,No,NoIntersection,VeryGood,2Vehicles-Behind,d 132 - lieu-di St Léona,M,48.179821087207,1.1794417612833925
201800011415,NonLethal,2018-01-09,07:10:00,NightNoStreetLight,280,283,Yes,NoIntersection,FogOrSmoke,2Vehicles-BehindVehicles-Frontal,Départementale 27 Lieu d,M,48.12523125952435,1.1260615435274333
201800011416,Lethal,2018-01-19,16:05:00,Daylight,280,51,Yes,NoIntersection,VeryGood,Other,rue de la résistance,M,48.180669009791146,1.1805801100242794
201800011418,NonLethal,2018-03-01,09:00:00,Daylight,280,121,No,NoIntersection,StrongWindOrStorm,Other,954,M,48.10080845632287,1.101325728817032
201800011419,NonLethal,2018-03-03,12:55:00,Daylight,280,121,No,NoIntersection,Normal,Other,D954 PK:3+700,M,48.11645949788328,1.1186329094542675
201800011420,NonLethal,2018-04-12,16:10:00,Daylight,280,176,Yes,X-type,LightRain,2Vehicles-Side,rue Charles Péguy,M,48.24379492762285,1.2428922686944857
201800011422,NonLethal,2018-06-17,18:30:00,Daylight,280,277,No,X-type,Normal,2Vehicles-Side,d935/d123.4,M,48.21629520787008,1.216807945680004
201800011424,NonLethal,2018-07-29,20:25:00,Daylight,280,419,No,NoIntersection,Normal,Other,Chemin en terre dans le,M,48.28337748878384,1.2833893309702942
201800011425,NonLethal,2018-09-13,19:40:00,Daylight,280,419,No,NoIntersection,Normal,2Vehicles-BehindVehicles-Frontal,10,M,48.27256381535668,1.2722755422448844
201800011427,NonLethal,2018-08-10,14:30:00,Daylight,280,287,No,X-type,Normal,2Vehicles-Side,RD 132-4/RD 153-4,M,48.15602961907951,1.154871308150334
201800011428,NonLethal,2018-12-20,07:15:00,NightNoStreetLight,280,176,No,NoIntersection,LightRain,NoCollision,D127 PK:24,M,48.22351630759924,1.2227163681545383
201800011429,NonLethal,2018-01-10,19:30:00,NightNoStreetLight,280,239,No,NoIntersection,Normal,NoCollision,D309.1,M,48.65692118368401,1.6569183330577626
201800011431,NonLethal,2018-03-16,17:40:00,Daylight,280,394,Yes,NoIntersection,Normal,3+Vehicles-Chain,D928,M,48.67553311172156,1.6774872031165893
201800011432,NonLethal,2018-03-30,21:25:00,NightNoStreetLight,280,98,No,NoIntersection,Normal,Other,Route Nationale 12,M,48.74962690385337,1.7519500050156782
201800011433,NonLethal,2018-05-04,17:55:00,Daylight,280,348,Yes,Other,Normal,Other,rue du clos d'amour,M,48.76771178154242,1.7668430630873468
201800011435,NonLethal,2018-05-27,17:25:00,Daylight,280,239,No,NoIntersection,VeryGood,2Vehicles-Side,D 854,M,48.66943308325929,1.6704648513859035
201800011438,NonLethal,2018-01-09,15:40:00,Daylight,280,359,No,NoIntersection,Normal,Other,Chemin communal,M,48.75526093671133,1.7549804666267768
201800011439,NonLethal,2018-03-11,23:30:00,NightStreelightsOn,280,82,No,NoIntersection,Normal,Other,route départementale 308,M,48.69515644638962,1.6974413113756146
201800011440,NonLethal,2018-12-10,11:20:00,Daylight,280,171,No,X-type,LightRain,2Vehicles-Side,D928,M,48.69975273291637,1.7010903440113905
201800011441,NonLethal,2018-12-10,18:40:00,NightNoStreetLight,280,405,No,NoIntersection,Overcast,2Vehicles-Behind,route nationale 12,M,48.74373805208534,1.7445701756643508
201800011442,NonLethal,2018-12-20,05:35:00,NightNoStreetLight,280,143,No,NoIntersection,LightRain,2Vehicles-BehindVehicles-Frontal,Route départementale 4,M,48.70724837496691,1.7073531693813886
201800011444,NonLethal,2018-04-17,15:35:00,Daylight,280,87,No,X-type,Normal,2Vehicles-BehindVehicles-Frontal,Intersection D104 D312,M,48.68535089132679,1.684304860923694
201800011445,NonLethal,2018-08-11,15:10:00,Daylight,280,348,No,T-type,Normal,NoCollision,D11.1/D313.5,M,48.74884781265952,1.7481816882584345
201800011446,NonLethal,2018-08-17,21:40:00,NightNoStreetLight,280,351,No,NoIntersection,Normal,NoCollision,D939,M,48.61303648217094,1.613417782565163
201800011447,NonLethal,2018-02-24,11:08:00,Daylight,280,236,No,NoIntersection,Normal,NoCollision,PK 48+200,M,48.33620831242947,8.339138217194181
201800011448,NonLethal,2018-04-19,15:45:00,Daylight,280,280,Yes,X-type,Normal,2Vehicles-Side,Avenue de la République,M,48.3182178621876,8.316643412986064
201800011449,Lethal,2018-05-18,15:18:00,Daylight,280,280,No,NoIntersection,Normal,NoCollision,D955,M,48.33424035531064,7.33148406572069
201800011450,NonLethal,2018-07-13,22:15:00,NightNoStreetLight,280,280,No,Other,Normal,Other,RD923,M,48.30719523553872,8.307982502544734
201800011451,NonLethal,2018-08-13,18:30:00,Daylight,280,236,No,NoIntersection,Normal,Other,RD 923,M,48.33640091152094,8.336530798708448
201800011452,NonLethal,2018-08-20,06:45:00,Daylight,280,327,No,NoIntersection,Normal,NoCollision,D338,M,48.186295891444,8.187040546615128
201800011453,NonLethal,2018-11-05,12:35:00,Daylight,280,395,No,NoIntersection,Normal,2Vehicles-Side,RD 112.1,M,48.30108589602887,8.302808632978616
201800011454,Lethal,2018-05-01,19:00:00,NightNoStreetLight,280,302,No,NoIntersection,LightRain,Other,La Goupillière,M,48.49414180028148,1.4946343380963505
201800011457,NonLethal,2018-06-03,13:00:00,Daylight,280,214,No,NoIntersection,VeryGood,NoCollision,rue de la grande fontain,M,48.47585294559976,1.475020033947757
201800011458,NonLethal,2018-07-29,08:40:00,Daylight,280,240,No,NoIntersection,Normal,3+Vehicles-Chain,D25,M,48.49236070672448,1.4940769802900034
201800011461,Lethal,2018-09-02,12:45:00,Daylight,270,406,No,NoIntersection,SnowOrHail,Other,route de Louye,M,48.77598587608107,1.7750922284472412
201800011462,NonLethal,2018-02-19,16:24:00,Daylight,270,376,No,NoIntersection,LightRain,Other,ROUTE DE SAINT GEORGES M,M,48.796583951954446,1.796231652041496
201800011463,NonLethal,2018-01-04,17:15:00,Daylight,270,17,Yes,T-type,Normal,2Vehicles-Side,rue de la ferme,M,48.99088195944976,1.989396947617163
201800011464,NonLethal,2018-07-12,01:05:00,NightStreelightsOff,270,390,Yes,NoIntersection,Normal,Other,11 rue des pinsons,M,48.83388257275159,1.8316075812214767
201800011465,NonLethal,2018-07-13,17:08:00,Daylight,270,44,No,NoIntersection,Normal,2Vehicles-BehindVehicles-Frontal,rd 51,M,48.94494551361446,1.9449100224446685
201800011466,NonLethal,2018-07-30,14:00:00,Daylight,270,416,No,X-type,Normal,2Vehicles-Side,rue des vanneaux,M,48.845726865731166,1.8460867381760688
201800011468,NonLethal,2018-11-25,12:40:00,Daylight,270,378,No,X-type,LightRain,2Vehicles-Side,D59,M,48.77888437574693,1.7779101073206636
201800011469,NonLethal,2018-03-02,23:45:00,NightNoStreetLight,270,643,No,NoIntersection,LightRain,Other,RN 12,M,48.74929318579667,1.7497624245129484
201800011470,NonLethal,2018-04-03,15:15:00,Daylight,270,685,No,NoIntersection,Normal,Other,RD 833,M,48.894334327098285,7.895135566918264
201800011473,Lethal,2018-05-06,05:20:00,TwilightOrDawn,270,457,No,NoIntersection,Overcast,NoCollision,RD 840,M,48.77581937862105,9.77728126769226
201800011474,Lethal,2018-06-06,10:10:00,Daylight,270,481,No,NoIntersection,Normal,Other,la Patinière,M,48.74186854958342,8.742698124522033
201800011475,NonLethal,2018-06-16,12:50:00,Daylight,270,112,No,X-type,Normal,2Vehicles-Behind,Rd840,M,48.85120757201841,9.854418673299165
201800011477,NonLethal,2018-07-13,12:50:00,Daylight,270,69,Yes,NoIntersection,Normal,NoCollision,rue de la coupe,M,48.81356569918517,7.812079484357013
201800011480,NonLethal,2018-09-07,16:30:00,Daylight,270,679,Yes,Roundabout,VeryGood,Other,boulevard Jean Bertin,M,48.741563812597335,9.743601901714296
201800011481,NonLethal,2018-06-10,07:30:00,Daylight,270,112,No,NoIntersection,Normal,Other,D833,M,48.84416399805602,8.843047705308365
201800011482,NonLethal,2018-08-10,09:20:00,TwilightOrDawn,270,54,No,T-type,VeryGood,2Vehicles-BehindVehicles-Frontal,route fleurie,M,48.8554499544645,8.855368960491617
201800011484,NonLethal,2018-12-16,10:45:00,Daylight,270,112,Yes,NoIntersection,Normal,Other,place pilon de buhorel,M,48.83502692465442,9.836395302613896
201800011486,NonLethal,2018-01-12,17:30:00,NightNoStreetLight,270,523,No,NoIntersection,Normal,2Vehicles-BehindVehicles-Frontal,Lieu dit La Bonne Mare,M,49.07530186681806,6.075090991503162
201800011487,NonLethal,2018-02-12,15:45:00,Daylight,270,56,No,Roundabout,Normal,2Vehicles-Behind,Z.A. Les Granges,M,49.1075613699575,5.10769451244505
201800011488,NonLethal,2018-04-18,16:40:00,Daylight,270,600,No,NoIntersection,Normal,Other,"dans un bois, 36 chemin",M,49.05031784501747,5.049463966759133
201800011491,NonLethal,2018-03-06,00:01:00,NightNoStreetLight,270,56,Yes,NoIntersection,Normal,Other,boulevard des monts,M,49.09329083415452,6.095585197955265
201800011493,NonLethal,2018-05-07,11:50:00,Daylight,270,680,No,NoIntersection,VeryGood,2Vehicles-BehindVehicles-Frontal,RD 438,M,48.91890074065041,4.920758152785883
201800011494,NonLethal,2018-10-07,16:30:00,Daylight,270,79,Yes,T-type,VeryGood,NoCollision,7 vierge de boissy,M,49.16414736894223,5.168173302912523
201800011495,NonLethal,2018-09-28,18:00:00,Daylight,270,463,No,NoIntersection,Normal,2Vehicles-Behind,rue du gruchet,M,49.13537345947727,6.135796071519148
201800011496,NonLethal,2018-10-03,08:45:00,Daylight,270,56,Yes,NoIntersection,Normal,Other,Rue maurice lemoing,M,49.08625966486693,5.087585942000794
201800011498,NonLethal,2018-10-21,17:30:00,Daylight,270,239,No,NoIntersection,Normal,NoCollision,départementale 34,M,49.0167248926113,5.019854880424747
201800011499,NonLethal,2018-12-01,17:30:00,TwilightOrDawn,270,660,Yes,NoIntersection,LightRain,NoCollision,Départementale 33,M,48.96757105883226,5.969556384103197
201800011500,NonLethal,2018-12-26,15:00:00,Daylight,270,207,No,NoIntersection,Normal,2Vehicles-Side,18 route d'orbec,M,49.10211639750912,4.103391383759419
201800011502,Lethal,2018-01-22,18:35:00,NightNoStreetLight,270,50,No,NoIntersection,Normal,2Vehicles-BehindVehicles-Frontal,RD 133 4 route de BERNAY,M,49.086785531400665,7.088607640693081
201800011503,NonLethal,2018-01-03,07:30:00,TwilightOrDawn,270,290,No,T-type,SnowOrHail,Other,RD 23,M,49.11612577461209,7.117776671523067
201800011504,NonLethal,2018-03-10,09:45:00,Daylight,270,51,Yes,NoIntersection,HeavyRain,Other,cote Saint-Aubin,M,49.0777963121384,7.07638784228678
201800011506,NonLethal,2018-11-04,18:45:00,Daylight,270,290,No,NoIntersection,Normal,NoCollision,RD25,M,49.136302335237446,7.135062989739042
201800011507,Lethal,2018-04-21,03:30:00,NightNoStreetLight,270,50,No,NoIntersection,Normal,Other,D25,M,49.08662760416604,7.086976274088595
201800011508,NonLethal,2018-05-23,13:30:00,Daylight,270,116,No,NoIntersection,Normal,3+Vehicles-Chain,RD 613 PK 59+600,M,49.15219829409632,7.1551440881627
201800011509,NonLethal,2018-05-07,20:40:00,TwilightOrDawn,270,50,No,NoIntersection,Normal,Other,D23,M,49.089776096347165,7.09009940547468
201800011510,NonLethal,2018-04-08,10:55:00,Daylight,270,50,No,X-type,Normal,3+Vehicles-Chain,Intersection RD133/C17,M,49.09497554781417,8.093153510162935
201800011511,NonLethal,2018-08-03,07:33:00,Daylight,270,253,No,NoIntersection,Normal,Other,Parking RD613,M,49.15097426836534,7.150332092311968
201800011512,NonLethal,2018-11-27,12:00:00,Daylight,270,513,No,X-type,LightRain,2Vehicles-Side,route de la haye plommée,M,49.0025650072903,6.002879995927204
201800011514,NonLethal,2018-04-21,15:30:00,Daylight,270,151,No,NoIntersection,Normal,Other,rue de la fontaine Bulan,M,49.38426117615315,1.3810594668225735
201800011515,NonLethal,2018-05-06,18:25:00,Daylight,270,274,No,NoIntersection,VeryGood,2Vehicles-BehindVehicles-Frontal,CD 6014,M,49.32568867490833,1.326714826362794
201800011517,NonLethal,2018-07-28,14:45:00,Daylight,270,470,Yes,NoIntersection,Normal,Other,58 grande rue,M,49.33199511235837,1.3319343214630843
201800011520,NonLethal,2018-09-07,16:35:00,Daylight,270,104,Yes,NoIntersection,Normal,2Vehicles-Behind,route de paris,M,49.38467982171936,1.3860590115488605
201800011521,NonLethal,2018-09-22,17:15:00,Daylight,270,493,Yes,X-type,LightRain,Other,rue aux ormes,M,49.33188279959192,1.330635238829291
201800011523,NonLethal,2018-11-10,14:30:00,Daylight,270,453,Yes,NoIntersection,Normal,2Vehicles-BehindVehicles-Frontal,24 rue de la valette,M,49.40711944912732,1.4056604748025672
201800011524,NonLethal,2018-10-01,12:00:00,Daylight,270,310,Yes,Other,Overcast,Other,ruelle du pressoir,M,49.28068612776654,1.2826190878281964
201800011525,NonLethal,2018-01-28,18:45:00,NightNoStreetLight,270,284,Yes,NoIntersection,Overcast,Other,rue de Paris,M,49.27792469375544,1.2797601985476552
201800011526,NonLethal,2018-02-01,18:55:00,NightNoStreetLight,270,26,No,NoIntersection,LightRain,3+Vehicles-Multiple,RD6014,M,49.22386535993277,1.2251542909524569
201800011527,NonLethal,2018-04-03,17:40:00,Daylight,270,284,Yes,T-type,Normal,2Vehicles-Side,Rue de la Reine blanche,M,49.27652052007444,1.2768981796913446
201800011528,NonLethal,2018-03-23,20:00:00,NightStreelightsOn,270,284,Yes,X-type,Overcast,2Vehicles-Side,Rue du bouloir,M,49.27768438556048,1.277449172899308
201800011529,Lethal,2018-01-04,06:25:00,NightStreelightsOn,270,226,Yes,NoIntersection,Normal,Other,85 rue saint maur,M,49.303200825358,1.3038431535055257
201800011531,NonLethal,2018-05-08,07:25:00,TwilightOrDawn,270,226,No,NoIntersection,VeryGood,NoCollision,Route départementale 118,M,49.29417483671615,1.2930979602875463
201800011532,NonLethal,2018-10-08,07:45:00,Daylight,270,26,No,NoIntersection,Normal,NoCollision,D 6014,M,49.22452144046339,1.2253729945066694
201800011533,NonLethal,2018-08-25,18:40:00,Daylight,270,420,Yes,Y-type,Normal,2Vehicles-Behind,ROUTE DE LES ANDELYS,M,49.2491317903144,1.247051575381127
201800011535,NonLethal,2018-10-07,13:30:00,Daylight,270,420,No,X-type,Overcast,2Vehicles-Side,Intersection D6O14 / D3,M,49.25659640869503,1.2554923529404705
201800011536,NonLethal,2018-09-11,16:20:00,Daylight,270,437,No,X-type,Normal,2Vehicles-Side,Route départementale 6,M,49.33349445462601,1.3332788383733265
201800011537,Lethal,2018-05-12,21:45:00,NightNoStreetLight,270,284,No,NoIntersection,LightRain,2Vehicles-Behind,D15bis,M,49.29002441305021,1.2906725687388034
201800011538,NonLethal,2018-12-18,11:20:00,Daylight,270,45,No,NoIntersection,Normal,2Vehicles-Behind,Rue du Beauregard - D14,M,49.3010301703215,1.3000909648702068
201800011539,NonLethal,2018-12-24,15:20:00,Daylight,270,67,No,NoIntersection,Normal,2Vehicles-Behind,Rd14bis,M,49.29381353697855,1.2934349832551877
201800011540,NonLethal,2018-05-01,18:25:00,NightNoStreetLight,270,187,Yes,X-type,Normal,2Vehicles-BehindVehicles-Frontal,2 route d'ecquetot,M,49.20112988051525,9.200124313132374
201800011541,NonLethal,2018-02-14,08:40:00,Daylight,270,698,Yes,NoIntersection,Other,2Vehicles-BehindVehicles-Frontal,D8O,M,49.16405977085145,9.161632531722102
201800011542,NonLethal,2018-03-12,19:10:00,TwilightOrDawn,270,698,No,Y-type,Normal,2Vehicles-Side,RD 80,M,49.16367280967974,9.163491039299013
201800011543,NonLethal,2018-02-05,18:05:00,Daylight,270,428,No,NoIntersection,LightRain,2Vehicles-Behind,route départementale 133,M,49.149680606208506,9.148103170735329
201800011544,NonLethal,2018-05-25,18:20:00,Daylight,270,595,Yes,NoIntersection,HeavyRain,Other,4 route de La Haye du Th,M,49.25752490543531,8.256783052550244
201800011545,NonLethal,2018-01-09,17:50:00,Daylight,270,55,No,X-type,Normal,2Vehicles-Side,Intersection D61 et D175,M,49.11486854854672,1.114911018130604
201800011546,NonLethal,2018-11-19,09:00:00,TwilightOrDawn,270,504,No,NoIntersection,Normal,Other,RUE DU MESNIL,M,49.07043697814456,1.0718263468307383