AccidentId,Gravity,Date,Hour,Light,Department,Commune,InAgglomeration,IntersectionType,Weather,CollisionType,PostalAddress,GPSCode,Latitude,Longitude
201800011547,NonLethal,2018-12-14,20:15:00,NightNoStreetLight,270,595,No,X-type,Overcast,2Vehicles-Side,Départementale 26,M,49.24124248054804,9.244618897186191
201800011548,Lethal,2018-03-23,17:20:00,Daylight,270,18,No,NoIntersection,Normal,NoCollision,route de Montfort,M,49.32112892541853,6.321972673779028
201800011549,NonLethal,2018-05-17,12:05:00,Daylight,270,655,No,NoIntersection,Normal,NoCollision,2350 route de Lisieux,M,49.32910170033146,4.327262882324924
201800011550,NonLethal,2018-06-07,17:30:00,Daylight,270,467,Yes,NoIntersection,Normal,2Vehicles-Side,avenue jean monnet,M,49.34941428224806,5.34744986625487
201800011551,NonLethal,2018-07-25,13:00:00,Daylight,270,65,No,NoIntersection,Normal,2Vehicles-BehindVehicles-Frontal,D 27,M,49.3283149026684,3.329388207991744
201800011552,NonLethal,2018-02-08,21:45:00,TwilightOrDawn,270,388,No,NoIntersection,Normal,Other,"N 182, gare de péage sen",M,49.46545488674947,4.4651544480777305
201800011553,NonLethal,2018-09-19,08:30:00,Daylight,270,467,Yes,Roundabout,Normal,2Vehicles-Side,D675,M,49.34991124105949,5.35020282123999
201800011554,NonLethal,2018-10-14,12:20:00,Daylight,270,518,No,NoIntersection,Normal,2Vehicles-Side,D89,M,49.4498723154021,5.448884645017252
201800011555,NonLethal,2018-11-29,17:15:00,Daylight,270,656,No,NoIntersection,Overcast,Other,57 route de la vallée de,M,49.35830119222471,4.359356472718123
201800011556,NonLethal,2018-12-22,12:45:00,Daylight,270,65,No,NoIntersection,Normal,Other,Départementale 27,M,49.34697284810343,3.345474741125919
201800011557,NonLethal,2018-02-16,18:50:00,NightNoStreetLight,270,317,No,NoIntersection,Other,Other,1715 route de bournevill,M,49.38057272868207,6.381486514414413
201800011558,NonLethal,2018-02-25,13:35:00,Daylight,270,93,No,NoIntersection,Normal,NoCollision,1090 route de Montfort,M,49.28165688520295,8.282542303715328
201800011559,NonLethal,2018-04-21,09:35:00,Daylight,270,582,Yes,T-type,Normal,Other,rue des canadiens,M,49.29536555347931,9.295698698547922
201800011560,NonLethal,2018-05-05,15:00:00,Daylight,270,62,No,NoIntersection,Normal,2Vehicles-Side,route des barrabas,M,49.30362286747416,8.302486606578949
201800011562,NonLethal,2018-02-06,17:15:00,Daylight,270,223,Yes,NoIntersection,Other,NoCollision,rue d'Epreville,M,49.3287788384749,7.331199190904129
201800011563,NonLethal,2018-07-06,17:00:00,Daylight,270,133,Yes,T-type,Normal,2Vehicles-Side,"Quai de Seine, intersect",M,49.38348099481414,9.384388610191982
201800011564,NonLethal,2018-01-07,11:30:00,Daylight,270,133,Yes,NoIntersection,Normal,2Vehicles-BehindVehicles-Frontal,"Quai de Seine, D93",M,49.358806226661805,9.35919425606676
201800011565,NonLethal,2018-10-31,07:45:00,Daylight,270,661,No,NoIntersection,Normal,2Vehicles-Side,rue caillemare,M,49.35607076282524,8.358766470479585
201800011566,NonLethal,2018-11-17,12:50:00,Daylight,270,340,No,NoIntersection,Normal,NoCollision,RD 313E,M,49.35829078321362,8.361457532430899
201800011568,NonLethal,2018-12-10,07:45:00,TwilightOrDawn,270,582,Yes,Roundabout,Normal,Other,28 rue des canadiens,M,49.292968305770096,9.294072389021714
201800011569,NonLethal,2018-12-21,20:15:00,NightNoStreetLight,270,90,No,X-type,LightRain,2Vehicles-Side,Route départementale 313,M,49.297194796555225,9.294738003703984
201800011570,NonLethal,2018-01-11,18:25:00,NightStreelightsOn,270,435,Yes,NoIntersection,FogOrSmoke,Other,CD810,M,49.26663760246,5.267048293357102
201800011571,Lethal,2018-03-31,10:15:00,Daylight,270,110,No,NoIntersection,Normal,Other,RD 47,M,49.331325088011454,6.330178724533765
201800011572,NonLethal,2018-04-17,06:20:00,TwilightOrDawn,270,591,No,NoIntersection,Normal,Other,route de Lisieux,M,49.23926051309669,3.238850198915292
201800011573,NonLethal,2018-05-07,10:00:00,Daylight,270,367,No,X-type,VeryGood,2Vehicles-BehindVehicles-Frontal,D27,M,49.22578939645481,4.227335156869552
201800011575,NonLethal,2018-10-10,18:24:00,Daylight,270,349,Yes,X-type,Normal,Other,route du val de risle,M,49.31551086227633,7.315282880284678
201800011576,NonLethal,2018-04-12,20:40:00,NightNoStreetLight,270,218,No,NoIntersection,Normal,3+Vehicles-Chain,CD139 - PK 007.100,M,49.287108155236446,4.288366768657007
201800011577,Lethal,2018-12-17,11:00:00,Daylight,270,349,No,X-type,VeryGood,3+Vehicles-Multiple,Intersection CD91/CD94,M,49.32138852614592,7.319817725688875
201800011578,NonLethal,2018-01-17,12:30:00,Daylight,850,213,No,NoIntersection,Normal,2Vehicles-BehindVehicles-Frontal,Saint-Eugène,M,46.60681612666755,-0.6071386324979898
201800011579,NonLethal,2018-02-17,20:00:00,NightNoStreetLight,850,46,No,NoIntersection,Normal,Other,RD948,M,46.66841178099928,-0.6690743022451899
201800011580,NonLethal,2018-03-19,03:20:00,NightNoStreetLight,850,213,No,NoIntersection,Normal,Other,ST JOSEPH,M,46.60687308470125,-0.6053582347251327
201800011581,NonLethal,2018-03-25,18:30:00,Daylight,850,61,No,NoIntersection,Normal,Other,Billy,M,46.55997187261119,-0.5615201372381825
201800011582,NonLethal,2018-04-07,13:30:00,Daylight,850,160,No,NoIntersection,LightRain,Other,LE CHAILLOT,M,46.59426924249611,-0.5936904136834706
201800011584,NonLethal,2018-06-16,01:20:00,NightNoStreetLight,850,8,No,NoIntersection,Normal,2Vehicles-Behind,,M,46.63271739108328,-0.6337918620604208
201800011585,Lethal,2018-06-24,07:30:00,Daylight,850,93,No,NoIntersection,Normal,2Vehicles-Side,lieu dit la menardière,M,46.67921142920823,-0.6817630945850675
201800011586,NonLethal,2018-07-13,07:00:00,TwilightOrDawn,850,213,No,NoIntersection,Normal,Other,LE PAVILLON,M,46.624666796775976,-0.6257555533407413
201800011587,NonLethal,2018-07-21,18:30:00,Daylight,850,69,No,NoIntersection,Normal,Other,RUE DU CALVAIRE/IMPASSE,M,46.6398168064271,-0.6385169779288703
201800011588,NonLethal,2018-08-17,18:00:00,Daylight,850,291,No,NoIntersection,Normal,Other,LA BOSSARDIERE,M,46.60727930197596,-0.6084537319392492
201800011590,NonLethal,2018-09-15,13:00:00,Daylight,850,135,No,NoIntersection,Normal,3+Vehicles-Multiple,,M,46.51838306021675,-0.517201233793487
201800011591,NonLethal,2018-09-16,20:30:00,TwilightOrDawn,850,73,No,NoIntersection,Normal,NoCollision,LA FRISE,M,46.49269861247615,-0.4920858107210665
201800011593,NonLethal,2018-10-25,13:15:00,Daylight,850,73,No,NoIntersection,Normal,NoCollision,,M,46.50763473134839,-0.5050375507579477
201800011594,NonLethal,2018-11-27,06:45:00,NightNoStreetLight,850,213,No,NoIntersection,Normal,NoCollision,L'ENARDIERE,M,46.59330854817352,-0.5932527634352962
201800011595,Lethal,2018-12-09,05:20:00,NightNoStreetLight,850,73,No,NoIntersection,LightRain,Other,,M,46.50359984852446,-0.503181385551544
201800011596,NonLethal,2018-01-20,16:55:00,Daylight,850,89,No,NoIntersection,LightRain,2Vehicles-Side,Départementale 160,M,46.69871755357218,-0.6988275866823247
201800011597,NonLethal,2018-01-28,06:15:00,NightNoStreetLight,850,282,No,NoIntersection,Normal,Other,la Landrelière,M,46.71459337707346,-0.7129853760526595
201800011599,NonLethal,2018-03-29,14:46:00,Daylight,850,212,No,NoIntersection,LightRain,2Vehicles-BehindVehicles-Frontal,ROUADAN,M,46.777246964458605,-0.7753759696450279
201800011600,NonLethal,2018-04-13,09:55:00,Daylight,850,84,Yes,NoIntersection,Normal,2Vehicles-BehindVehicles-Frontal,RUE DES SABLES,M,46.76806194024028,-0.7691777685659236
201800011601,NonLethal,2018-10-05,20:45:00,Daylight,850,51,Yes,NoIntersection,Normal,Other,47 rue des croisettes,M,46.685462645097246,-0.6858653266747817
201800011602,NonLethal,2018-05-17,19:30:00,Daylight,850,34,Yes,X-type,Normal,2Vehicles-Side,RUE DU CHÂTEAU,M,46.63806988962472,-0.637269976059977
201800011603,NonLethal,2018-10-06,07:00:00,TwilightOrDawn,850,89,No,NoIntersection,Normal,Other,Le Lardet,M,46.72018915018436,-0.7228021047502703
201800011604,NonLethal,2018-06-10,12:20:00,Daylight,850,51,No,NoIntersection,Normal,NoCollision,Le Fuiteau,M,46.64982503136959,-0.6469298980523627
201800011605,NonLethal,2018-06-18,12:15:00,Daylight,850,81,No,NoIntersection,Normal,Other,LES BRUYERES,M,46.75044798076961,-0.7539848237695603
201800011606,NonLethal,2018-06-18,10:15:00,Daylight,850,51,No,NoIntersection,Normal,Other,rue tiraqueau,M,46.65631394718449,-0.6556862502751822
201800011607,NonLethal,2018-04-07,10:15:00,Daylight,850,246,No,NoIntersection,Normal,Other,La Grande Goupillère,M,46.74696017711668,-0.7491389402734792
201800011608,NonLethal,2018-07-16,18:00:00,Daylight,850,246,No,NoIntersection,Normal,Other,La Roberterie,M,46.73261459137437,-0.7318959114443518
201800011609,NonLethal,2018-07-31,18:30:00,Daylight,850,202,No,X-type,Normal,2Vehicles-Side,LE BODIN,M,46.718759768941936,-0.7189344994238215
201800011610,NonLethal,2018-08-18,00:35:00,NightNoStreetLight,850,89,No,NoIntersection,Normal,Other,La Gilbretière,M,46.72126108268362,-0.7211374037928626
201800011611,NonLethal,2018-09-03,20:00:00,TwilightOrDawn,850,51,No,NoIntersection,Normal,NoCollision,,M,46.67278568074997,-0.6716319972214391
201800011612,Lethal,2018-05-10,11:20:00,Daylight,850,202,No,X-type,VeryGood,2Vehicles-Side,Le Bois Buzin,M,46.72747080462101,-0.7273829624651847
201800011613,NonLethal,2018-10-24,21:40:00,NightNoStreetLight,850,220,No,Roundabout,Normal,2Vehicles-BehindVehicles-Frontal,RD39,M,46.72377933759935,-0.7233520184243786
201800011615,NonLethal,2018-12-03,18:15:00,NightNoStreetLight,850,51,No,NoIntersection,Normal,2Vehicles-Side,Boulevard Thomas Voeckle,M,46.68962582194561,-0.6911928635930569
201800011616,Lethal,2018-12-21,00:05:00,NightNoStreetLight,850,51,No,NoIntersection,HeavyRain,Other,LE CHATAIGNIER,M,46.68508350995584,-0.6872825700317792
201800011617,NonLethal,2018-12-26,18:14:00,NightStreelightsOn,850,51,Yes,Other,Normal,2Vehicles-BehindVehicles-Frontal,La Chabote,M,46.67807019038258,-0.6793307418840745
201800011618,NonLethal,2018-12-26,10:45:00,Daylight,850,89,Yes,T-type,Normal,Other,82 rue nationale,M,46.71475006320238,-0.7141174210231924
201800011619,NonLethal,2018-12-27,20:14:00,NightNoStreetLight,850,266,No,NoIntersection,Normal,Other,Le Joblin,M,46.74143109501371,-0.7426018943833675
201800011620,NonLethal,2018-03-01,23:00:00,NightStreelightsOn,850,190,Yes,NoIntersection,LightRain,Other,Rue d'Anjou,M,46.940238617872616,-0.9402363691597778
201800011621,NonLethal,2018-03-01,19:15:00,NightNoStreetLight,850,217,No,NoIntersection,LightRain,Other,,M,46.95293670698487,-0.9535768421541144
201800011622,NonLethal,2018-12-01,20:10:00,NightNoStreetLight,850,76,No,NoIntersection,Normal,2Vehicles-BehindVehicles-Frontal,,M,47.05670466582741,-0.055458470037552
201800011623,NonLethal,2018-01-17,18:00:00,NightNoStreetLight,850,295,No,NoIntersection,LightRain,NoCollision,LE BOIS JOLI,M,46.99290629064284,-0.9939207343006768
201800011624,NonLethal,2018-01-29,07:25:00,TwilightOrDawn,850,262,No,NoIntersection,LightRain,NoCollision,LA NOUE MORIN,M,47.0087366499516,-0.0101052744742488
201800011625,NonLethal,2018-03-02,22:45:00,NightStreelightsOn,850,27,Yes,Roundabout,Overcast,NoCollision,Porte de boufféré,M,46.96941903216394,-0.9697761642764456
201800011627,NonLethal,2018-02-23,06:30:00,NightNoStreetLight,850,190,No,X-type,Normal,2Vehicles-Side,,M,46.92097167379977,-0.920237288726391
201800011629,NonLethal,2018-05-21,03:25:00,NightStreelightsOn,850,190,Yes,Roundabout,Normal,NoCollision,2 GRANDE RUE,M,46.93768709413524,-0.9372361001717748
201800011630,NonLethal,2018-05-22,19:05:00,Daylight,850,39,Yes,X-type,Normal,2Vehicles-BehindVehicles-Frontal,Rue de Nantes,M,47.01942895828745,-0.0193134073074905
201800011631,NonLethal,2018-03-06,11:30:00,Daylight,850,190,Yes,Roundabout,Normal,2Vehicles-Side,carrefour des 5 routes,M,46.92794099833056,-0.9257439839688794
201800011632,NonLethal,2018-06-23,14:35:00,Daylight,850,76,Yes,Roundabout,Normal,Other,Rue Antières,M,47.06429334856514,-0.065761173593413
201800011634,NonLethal,2018-07-10,04:20:00,NightStreelightsOn,850,39,Yes,NoIntersection,Normal,Other,35 RUE DE LA PENISSIERE,M,47.01643896049152,-0.012280002461384
201800011635,NonLethal,2018-07-25,11:45:00,Daylight,850,25,No,X-type,Normal,2Vehicles-Side,Le Bordage Maupas,M,46.965985160634034,-0.9650250296377032
201800011636,Lethal,2018-08-20,10:30:00,Daylight,850,217,No,NoIntersection,Normal,2Vehicles-BehindVehicles-Frontal,D1137,M,46.93646279396479,-0.933295407375947
201800011637,NonLethal,2018-09-15,11:00:00,Daylight,850,39,No,NoIntersection,Normal,2Vehicles-BehindVehicles-Frontal,RECREDY,M,47.016777261557,-0.0161979385006471
201800011638,NonLethal,2018-11-23,18:15:00,NightStreelightsOn,850,295,Yes,NoIntersection,HeavyRain,2Vehicles-BehindVehicles-Frontal,Rue Du Bois Joly,M,46.98917521468839,-0.989919468286404
201800011639,NonLethal,2018-07-12,19:00:00,NightNoStreetLight,850,224,No,NoIntersection,Normal,Other,LE BOIS PIN,M,46.99795447990777,-0.9971861638294234
201800011640,Lethal,2018-01-05,00:01:00,NightNoStreetLight,850,111,No,NoIntersection,Normal,NoCollision,La Victorine,M,46.322970604638655,-0.3223248490047311
201800011641,NonLethal,2018-01-13,07:45:00,TwilightOrDawn,850,1,Yes,Other,Normal,2Vehicles-Side,30 rue Pasteur,M,46.33293218932092,-0.3333993504687789
201800011643,NonLethal,2018-04-10,16:58:00,Daylight,850,128,Yes,NoIntersection,LightRain,Other,Place Edouard HERRIOT,M,46.45434206172859,-0.4536795059110724
201800011644,NonLethal,2018-04-28,16:45:00,Daylight,850,207,No,NoIntersection,Normal,3+Vehicles-Multiple,,M,46.421387110628864,-0.420537279557888
201800011645,Lethal,2018-06-13,06:05:00,TwilightOrDawn,850,111,No,NoIntersection,Normal,Other,SOULISSE,M,46.329575796316405,-0.3293392184018949
201800011646,NonLethal,2018-06-25,17:00:00,Daylight,850,297,No,NoIntersection,Normal,3+Vehicles-Multiple,LES FONTENELLES,M,46.4132229252753,-0.4136269699859355
201800011647,Lethal,2018-07-07,07:15:00,Daylight,850,267,No,NoIntersection,Normal,Other,,M,46.37971004140428,-0.3809847260508738
201800011648,NonLethal,2018-07-28,20:45:00,Daylight,850,49,Yes,NoIntersection,Normal,2Vehicles-Behind,Route de Triaize,M,46.38226159371585,-0.3833932623590791
201800011649,NonLethal,2018-08-21,12:05:00,Daylight,850,128,Yes,T-type,Normal,2Vehicles-Side,Rue de l'Hôpital,M,46.45274226532849,-0.4520832601034176
201800011650,NonLethal,2018-09-26,22:30:00,NightNoStreetLight,850,131,No,NoIntersection,Normal,Other,D44 - LES CHAUMES,M,46.48573840413989,-0.4867041484591795
201800011651,NonLethal,2018-10-15,18:30:00,TwilightOrDawn,850,255,Yes,Y-type,Normal,2Vehicles-Side,Rue du Crénon,M,46.34840425061839,-0.3500611535780053
201800011652,NonLethal,2018-10-26,16:15:00,Daylight,850,128,Yes,X-type,Normal,2Vehicles-Side,Bd Michel Phelippon,M,46.46194203848281,-0.4604462479364998
201800011653,NonLethal,2018-10-27,18:25:00,Daylight,850,128,Yes,Roundabout,Overcast,2Vehicles-Side,Avenue Michel RAMBAUD,M,46.46158280859071,-0.4622298963982716
201800011654,NonLethal,2018-03-15,07:42:00,TwilightOrDawn,850,227,No,NoIntersection,LightRain,Other,Garreau,M,46.46056809413503,-0.4600073061349347
201800011656,NonLethal,2018-04-14,09:50:00,Daylight,850,92,Yes,NoIntersection,LightRain,Other,Rue de la République,M,46.46124165879783,-0.4610397613862215
201800011657,NonLethal,2018-05-05,11:50:00,Daylight,850,28,No,NoIntersection,Normal,2Vehicles-Side,LE PETIT NAUVERT,M,46.377620938423625,-0.3771448298673834
201800011658,NonLethal,2018-05-05,14:50:00,Daylight,850,123,No,NoIntersection,Normal,NoCollision,Route de Chanceau,M,46.36727044468969,-0.3641520544329553
201800011660,NonLethal,2018-05-21,00:50:00,NightNoStreetLight,850,143,No,NoIntersection,Normal,Other,Chemin forestier du Port,M,46.52475632701965,-0.525613070370703
201800011663,NonLethal,2018-06-08,20:00:00,Daylight,850,143,Yes,NoIntersection,Normal,NoCollision,La Jamorière,M,46.537295210912674,-0.537605800768096
201800011665,NonLethal,2018-08-09,10:33:00,Daylight,850,227,Yes,NoIntersection,Normal,Other,04 Rue du Docteur Bon,M,46.47082406926989,-0.4711716520437396
201800011667,NonLethal,2018-12-20,16:30:00,Daylight,850,303,No,NoIntersection,LightRain,2Vehicles-BehindVehicles-Frontal,LA CHAIGNEE,M,46.37459851280418,-0.3750683429107155
201800011668,Lethal,2018-02-17,19:00:00,TwilightOrDawn,850,140,No,NoIntersection,Normal,NoCollision,RD 752,M,46.75424576203832,-0.7546013171380924
201800011669,NonLethal,2018-03-25,12:30:00,Daylight,850,264,No,NoIntersection,Normal,NoCollision,La Jaroussière,M,46.67748675691019,-0.6764186356375992
201800011670,NonLethal,2018-04-23,14:00:00,Daylight,850,37,No,NoIntersection,Normal,NoCollision,BEAUVOIR,M,46.66360153264628,-0.6642527527128728
201800011671,NonLethal,2018-06-28,10:40:00,Daylight,850,147,No,T-type,Normal,2Vehicles-Side,LES ANGLAIS,M,46.758448123660784,-0.7588636687695174
201800011673,NonLethal,2018-08-13,14:25:00,Daylight,850,182,No,X-type,Normal,2Vehicles-Side,La Grande Audérie,M,46.75699740970055,-0.7571593618635216
201800011674,NonLethal,2018-08-26,05:00:00,NightNoStreetLight,850,37,No,NoIntersection,Normal,Other,BEAUVOIR,M,46.66267782726977,-0.6651119538410096
201800011675,Lethal,2018-08-09,11:30:00,Daylight,850,287,No,T-type,Normal,2Vehicles-Side,,M,46.69324606659245,-0.6939274124971959
201800011676,NonLethal,2018-09-15,21:45:00,NightNoStreetLight,850,257,No,NoIntersection,Normal,2Vehicles-BehindVehicles-Frontal,,M,46.83944233476201,-0.8391175947086523
201800011677,NonLethal,2018-10-11,16:00:00,Daylight,850,292,No,X-type,Normal,NoCollision,Les Treilles,M,46.62935551644421,-0.6264099321425599
201800011678,NonLethal,2018-10-12,23:20:00,NightNoStreetLight,850,264,No,NoIntersection,Normal,NoCollision,Rue de la Pacaudière,M,46.697141122025855,-0.6974251166791762
201800011679,NonLethal,2018-11-22,16:30:00,TwilightOrDawn,850,5,No,NoIntersection,Normal,Other,Route De La Digrelière,M,46.61994168593784,-0.6225330119589504
201800011680,Lethal,2018-12-06,03:10:00,NightNoStreetLight,850,264,No,NoIntersection,Normal,NoCollision,,M,46.685355615741074,-0.6847750351747848
201800011681,NonLethal,2018-02-22,17:45:00,Daylight,850,47,Yes,NoIntersection,Normal,2Vehicles-BehindVehicles-Frontal,Boulevard A. SCHWEITZER,M,46.83997391124891,-0.8409055068570764
201800011682,Lethal,2018-03-01,15:40:00,Daylight,850,96,No,NoIntersection,Normal,Other,LA COUTELLERIE,M,46.91906188611658,-0.9213958893025198
201800011683,NonLethal,2018-03-31,23:20:00,NightNoStreetLight,850,130,No,NoIntersection,Normal,2Vehicles-BehindVehicles-Frontal,Le Fougerais,M,46.778103489287616,-0.7780162309641442
201800011684,NonLethal,2018-04-19,19:50:00,Daylight,850,210,No,X-type,Normal,2Vehicles-Side,La Grande Villeneuve,M,46.845758209617095,-0.8452540529693507
201800011685,NonLethal,2018-04-27,06:10:00,TwilightOrDawn,850,47,No,T-type,Normal,2Vehicles-Side,route de la Roche/Yon,M,46.840650320144455,-0.8402185746913452
201800011686,NonLethal,2018-05-10,12:00:00,Daylight,850,24,Yes,NoIntersection,Normal,Other,40 rue de la Gare,M,46.93761868818799,-0.9375216771560544
201800011687,NonLethal,2018-05-13,02:00:00,NightNoStreetLight,850,47,No,Roundabout,LightRain,Other,Les Borderies,M,46.83646327666723,-0.8341385373812582
201800011690,NonLethal,2018-07-24,13:40:00,Daylight,850,260,No,NoIntersection,Normal,NoCollision,,M,46.801283662739706,-0.8044046798816613
201800011691,Lethal,2018-05-08,11:45:00,Daylight,850,130,No,X-type,Normal,2Vehicles-BehindVehicles-Frontal,D948 - D94,M,46.79111727624999,-0.7888305506851014
201800011692,NonLethal,2018-09-08,18:50:00,Daylight,850,280,Yes,NoIntersection,Normal,2Vehicles-BehindVehicles-Frontal,8 Rue des Groies,M,46.85601013609873,-0.8587029124609801
201800011693,NonLethal,2018-11-17,18:00:00,NightNoStreetLight,850,47,Yes,NoIntersection,Normal,2Vehicles-Side,63 Chemin du Preneau,M,46.82664249679807,-0.8270135259713051
201800011694,Lethal,2018-11-18,18:20:00,NightNoStreetLight,850,86,No,NoIntersection,Normal,2Vehicles-BehindVehicles-Frontal,La Plumetière,M,46.8473934497958,-0.8464559087916463
201800011695,NonLethal,2018-12-14,16:30:00,Daylight,850,280,No,T-type,Normal,2Vehicles-Behind,Route des Morandières,M,46.88234045862221,-0.8801566854408112
201800011696,NonLethal,2018-06-02,21:30:00,NightNoStreetLight,850,103,No,NoIntersection,LightRain,Other,LA PREMAUDIERE,M,46.54103432224498,-0.5425139699652415
201800011697,NonLethal,2018-10-03,13:30:00,Daylight,850,114,No,X-type,Normal,2Vehicles-Behind,Chemin des Combes,M,46.43324954348216,-0.4341262499708609
201800011698,NonLethal,2018-03-15,00:35:00,NightNoStreetLight,850,278,Yes,NoIntersection,Overcast,NoCollision,,M,46.41950116772284,-0.4186273462485348
201800011699,NonLethal,2018-01-04,21:35:00,NightNoStreetLight,850,288,No,NoIntersection,Normal,Other,Rue du Moulin des Landes,M,46.491730464901,-0.4925640517851936
201800011700,NonLethal,2018-04-24,22:30:00,NightNoStreetLight,850,4,No,NoIntersection,Normal,Other,,M,46.38392955498708,-0.3810715440232508
201800011702,NonLethal,2018-05-20,10:30:00,Daylight,850,307,Yes,NoIntersection,Normal,Other,3 Avenue de la Plage,M,46.33172517435166,-0.334415957726453
201800011704,NonLethal,2018-06-19,10:50:00,Daylight,850,101,No,NoIntersection,Normal,2Vehicles-Side,,M,46.494263874640346,-0.4944762881370452
201800011705,NonLethal,2018-06-27,19:45:00,Daylight,850,127,No,NoIntersection,Normal,NoCollision,LE MOULIN DE TALMONT,M,46.42959511714797,-0.42906833065222
201800011706,Lethal,2018-06-29,14:00:00,Daylight,850,156,No,NoIntersection,Normal,2Vehicles-BehindVehicles-Frontal,,M,46.49681654653855,-0.4967263098569156
201800011707,NonLethal,2018-07-01,17:00:00,Daylight,850,288,Yes,NoIntersection,Normal,Other,,M,46.47004230852722,-0.4682569045788304
201800011708,NonLethal,2018-07-26,17:30:00,Daylight,850,278,Yes,NoIntersection,Normal,Other,RUE GEORGES CLEMENCEAU,M,46.412900807675136,-0.4120566528032297
201800011710,NonLethal,2018-09-25,12:30:00,Daylight,850,278,No,NoIntersection,Normal,Other,Les Longeais,M,46.43240010414127,-0.4300612196324476
201800011713,Lethal,2018-03-01,16:00:00,Daylight,850,221,No,NoIntersection,Normal,NoCollision,LA CLAIE,M,46.96295192896575,-0.965925395904238
201800011715,NonLethal,2018-05-15,10:40:00,Daylight,850,18,No,NoIntersection,Normal,2Vehicles-BehindVehicles-Frontal,LE PETIT BAULIN,M,46.90488658531784,-0.9015006747353412
201800011716,NonLethal,2018-05-26,13:20:00,Daylight,850,18,Yes,NoIntersection,Normal,NoCollision,62 rue de Nantes,M,46.92168414973434,-0.923962258516975
201800011718,Lethal,2018-06-30,19:28:00,Daylight,850,221,No,NoIntersection,Normal,Other,LA SALLE,M,46.90035515647687,-0.9007347339541706
201800011719,NonLethal,2018-07-16,15:50:00,Daylight,850,284,No,NoIntersection,StrongWindOrStorm,2Vehicles-Side,Route des Sables,M,46.79844502487222,-0.7981662423586148
201800011720,NonLethal,2018-07-22,14:30:00,Daylight,850,234,Yes,NoIntersection,Normal,2Vehicles-BehindVehicles-Frontal,1 Ter route de Beauvoir,M,46.79636473671841,-0.7976348368785426
201800011721,NonLethal,2018-07-22,12:45:00,Daylight,850,273,Yes,NoIntersection,Normal,NoCollision,Route de St Gervais,M,46.88035819107233,-0.8852181499100812
201800011722,NonLethal,2018-08-19,23:00:00,NightNoStreetLight,850,172,No,NoIntersection,Normal,Other,,M,46.81401323095065,-0.8172379235728653
201800011723,NonLethal,2018-09-29,00:48:00,NightStreelightsOn,850,29,Yes,Other,Normal,2Vehicles-BehindVehicles-Frontal,Rue du Pays de Monts,M,46.97216767501548,-0.971736729029657
201800011724,NonLethal,2018-12-12,16:35:00,Daylight,850,172,No,Roundabout,Normal,2Vehicles-Side,Rd-Pt du Grand Moulin,M,46.80363539625151,-0.8054675145665597
201800011725,NonLethal,2018-12-18,18:00:00,NightNoStreetLight,850,234,No,NoIntersection,LightRain,2Vehicles-BehindVehicles-Frontal,RUE DES SABLES,M,46.78142386469959,-0.779145722738818
201800011726,NonLethal,2018-02-03,17:00:00,Daylight,40,40,No,NoIntersection,Normal,Other,,M,44.1876991855834,6.190135146174612
201800011728,NonLethal,2018-04-23,14:10:00,Daylight,40,217,No,NoIntersection,Normal,2Vehicles-BehindVehicles-Frontal,,M,44.13574159239186,6.133681238261838
201800011729,NonLethal,2018-06-22,10:20:00,Daylight,40,167,No,NoIntersection,Normal,NoCollision,,M,44.19434173713925,6.194114399641898
201800011730,NonLethal,2018-06-23,11:15:00,Daylight,40,40,No,NoIntersection,Normal,Other,,M,44.1879577826485,6.190771854306306
201800011731,NonLethal,2018-07-15,18:35:00,Daylight,40,217,No,NoIntersection,Normal,Other,LES ESTERPADES,M,44.14430316976984,6.145710191939415
201800011732,NonLethal,2018-08-08,12:52:00,Daylight,40,46,No,T-type,Normal,2Vehicles-Side,,M,44.03808118325075,6.037184631358931
201800011734,Lethal,2018-08-19,05:20:00,NightNoStreetLight,40,122,No,NoIntersection,Normal,2Vehicles-BehindVehicles-Frontal,"LIEU DIT ""TARELLE""",M,44.03441316106249,6.033877953274607
201800011735,NonLethal,2018-08-31,19:20:00,Daylight,40,113,No,NoIntersection,Normal,2Vehicles-BehindVehicles-Frontal,,M,44.132488516441576,6.13275051124688
201800011736,NonLethal,2018-11-09,17:50:00,Daylight,40,1,No,NoIntersection,Normal,2Vehicles-Behind,,M,44.04978009577284,6.05139954511458