AccidentId,Gravity,Date,Hour,Light,Department,Commune,InAgglomeration,IntersectionType,Weather,CollisionType,PostalAddress,GPSCode,Latitude,Longitude
201800011737,NonLethal,2018-10-03,16:15:00,Daylight,40,24,No,NoIntersection,Normal,Other,,M,44.214665816173095,6.215845698378578
201800011738,NonLethal,2018-11-21,17:25:00,TwilightOrDawn,40,110,No,T-type,LightRain,2Vehicles-Side,,M,44.04696085370197,6.046736378659443
201800011739,NonLethal,2018-12-16,03:45:00,NightNoStreetLight,40,1,No,NoIntersection,LightRain,Other,,M,44.06640592666953,6.064496478314909
201800011740,NonLethal,2018-03-23,00:17:00,NightNoStreetLight,40,94,No,NoIntersection,Normal,Other,,M,43.80261601007759,5.802105182496472
201800011742,NonLethal,2018-04-24,18:10:00,Daylight,40,94,Yes,NoIntersection,Normal,Other,17 Av des Marronnier,M,43.758218917991584,5.757846938265928
201800011743,NonLethal,2018-05-29,20:20:00,Daylight,40,94,No,NoIntersection,Normal,3+Vehicles-Multiple,,M,43.74685792843547,5.74626847639453
201800011744,NonLethal,2018-07-06,22:30:00,NightNoStreetLight,40,94,No,NoIntersection,Normal,2Vehicles-BehindVehicles-Frontal,LIEU DIT LES 4 CHEMINS D,M,43.79947937123124,5.7988669017075445
201800011746,NonLethal,2018-07-31,14:00:00,Daylight,40,94,No,NoIntersection,Normal,Other,CD 952 LIEU DIT ST DONNA,M,43.75338590476282,5.753503492541784
201800011748,NonLethal,2018-08-20,23:35:00,NightNoStreetLight,40,189,No,NoIntersection,Normal,2Vehicles-Side,,M,43.77027527417072,5.769845238365474
201800011749,NonLethal,2018-08-24,08:30:00,Daylight,40,230,Yes,NoIntersection,Normal,NoCollision,,M,43.84623141708753,5.846229907021158
201800011751,NonLethal,2018-10-19,11:35:00,Daylight,40,94,No,NoIntersection,Normal,2Vehicles-BehindVehicles-Frontal,,M,43.77311926056026,5.772835072574163
201800011753,NonLethal,2018-01-10,15:45:00,Daylight,40,108,No,NoIntersection,HeavyRain,3+Vehicles-Multiple,,M,44.04394619260125,6.04590409931934
201800011755,NonLethal,2018-02-05,13:45:00,Daylight,40,49,Yes,NoIntersection,Normal,2Vehicles-Behind,RN 85,M,44.10236770781693,6.10061557841586
201800011756,NonLethal,2018-09-06,20:20:00,NightStreelightsOn,40,116,Yes,T-type,Normal,2Vehicles-Side,,M,44.03090027346171,5.030723234613028
201800011758,NonLethal,2018-07-15,08:25:00,Daylight,40,200,No,NoIntersection,LightRain,Other,,M,44.13479198112363,5.133437772255272
201800011759,NonLethal,2018-08-18,21:00:00,NightNoStreetLight,40,145,No,NoIntersection,Normal,Other,,M,44.13669493763925,5.134869841651856
201800011760,NonLethal,2018-01-09,12:00:00,Daylight,40,13,No,NoIntersection,Normal,2Vehicles-BehindVehicles-Frontal,,M,44.11835280194956,5.1199159558478256
201800011762,NonLethal,2018-09-17,10:10:00,Daylight,40,49,Yes,T-type,Normal,2Vehicles-Behind,,M,44.09341288255703,6.093707754796926
201800011763,NonLethal,2018-10-29,22:17:00,NightNoStreetLight,40,53,No,NoIntersection,SnowOrHail,Other,,M,44.10326925781406,5.102880791006579
201800011764,NonLethal,2018-11-07,11:25:00,Daylight,40,244,Yes,NoIntersection,Normal,Other,14 RUE VICTOR HERIÈS,M,44.110509828641646,6.109446488231262
201800011765,NonLethal,2018-11-08,12:45:00,Daylight,40,116,No,NoIntersection,Normal,2Vehicles-Side,LIEU DIT LA BASTIDE BLAN,M,43.98156142792293,5.979899677094624
201800011766,NonLethal,2018-11-28,15:40:00,Daylight,40,116,No,T-type,Normal,2Vehicles-Side,RD4 LA BASTIDE BLANCHE-,M,43.98563466697638,5.982761769370069
201800011767,NonLethal,2018-03-12,23:26:00,NightNoStreetLight,40,91,No,NoIntersection,LightRain,Other,,M,43.99886736527731,5.998763347950113
201800011769,NonLethal,2018-10-12,21:36:00,NightNoStreetLight,40,79,No,NoIntersection,Normal,NoCollision,,M,44.07394153622322,6.07471164339639
201800011770,Lethal,2018-12-14,18:30:00,NightStreelightsOn,40,116,Yes,NoIntersection,Normal,Other,,M,44.03333303809113,5.033940409500201
201800011771,NonLethal,2018-12-21,17:45:00,NightNoStreetLight,40,145,No,NoIntersection,Normal,2Vehicles-BehindVehicles-Frontal,,M,44.14524542083759,5.143632307297089
201800011772,NonLethal,2018-01-27,17:20:00,Daylight,40,22,Yes,NoIntersection,Normal,Other,,M,43.95719788390672,6.956806820156378
201800011773,NonLethal,2018-04-11,08:00:00,Daylight,40,55,No,NoIntersection,LightRain,2Vehicles-BehindVehicles-Frontal,,M,43.97865409062192,6.979383951539613
201800011774,NonLethal,2018-05-16,17:10:00,Daylight,40,121,No,NoIntersection,Normal,Other,,M,44.0236077493849,6.024230578735102
201800011775,NonLethal,2018-06-13,13:50:00,Daylight,40,121,No,NoIntersection,Normal,2Vehicles-Behind,,M,44.026703301354814,6.026043602952374
201800011776,NonLethal,2018-02-07,09:40:00,Daylight,40,121,No,NoIntersection,Normal,Other,,M,44.00853985738241,6.010153797648212
201800011777,NonLethal,2018-07-06,14:35:00,Daylight,40,182,No,NoIntersection,Normal,2Vehicles-Side,,M,43.912032516792365,6.912899821574693
201800011778,NonLethal,2018-07-16,07:50:00,Daylight,40,187,No,NoIntersection,Normal,NoCollision,,M,43.96820485276799,6.967437600681905
201800011780,NonLethal,2018-08-31,15:15:00,Daylight,40,31,No,NoIntersection,Normal,2Vehicles-Side,,M,43.90508961282078,6.905225948422518
201800011781,NonLethal,2018-03-09,10:30:00,Daylight,40,84,No,NoIntersection,Normal,2Vehicles-BehindVehicles-Frontal,,M,43.96152855178497,6.961392887241612
201800011782,NonLethal,2018-09-29,12:30:00,Daylight,40,31,No,NoIntersection,Normal,NoCollision,,M,43.90351380113239,6.901755316556675
201800011783,NonLethal,2018-10-12,14:20:00,Daylight,40,55,No,NoIntersection,Normal,Other,,M,43.96655273033656,6.969195403233557
201800011784,NonLethal,2018-10-28,09:40:00,Daylight,40,55,No,NoIntersection,Normal,Other,,M,43.96789072804515,6.968174145221934
201800011785,Lethal,2018-11-14,12:30:00,Daylight,40,31,No,NoIntersection,Normal,Other,,M,43.906492613095466,6.907848654910052
201800011788,NonLethal,2018-08-30,09:50:00,Daylight,40,76,No,NoIntersection,Normal,2Vehicles-Behind,,M,43.96322175605005,6.962094101294295
201800011789,NonLethal,2018-12-02,16:15:00,Daylight,40,8,Yes,NoIntersection,Normal,Other,COLLÈGE HONNORATY,M,43.968840790537165,6.969609869138363
201800011793,NonLethal,2018-08-04,14:00:00,Daylight,40,157,No,NoIntersection,Overcast,NoCollision,,M,43.86904814316498,6.868426864314467
201800011794,NonLethal,2018-05-20,00:25:00,NightNoStreetLight,40,166,No,NoIntersection,Normal,2Vehicles-BehindVehicles-Frontal,,M,43.82133642042373,6.820503556187883
201800011795,NonLethal,2018-06-13,10:20:00,Daylight,40,166,Yes,NoIntersection,Normal,Other,PARKING DU PRÉ DE FOIRE,M,43.81507365378234,6.815143493830301
201800011796,NonLethal,2018-06-12,10:10:00,Daylight,40,124,No,NoIntersection,Normal,Other,,M,43.73622383799984,6.736306744593302
201800011797,NonLethal,2018-06-30,09:30:00,Daylight,40,144,No,NoIntersection,Normal,2Vehicles-Side,,M,43.77188555496515,6.773114774674017
201800011798,NonLethal,2018-07-07,14:55:00,Daylight,40,135,No,NoIntersection,Normal,2Vehicles-Side,,M,43.830187526349896,6.83110555817143
201800011799,NonLethal,2018-07-21,16:00:00,Daylight,40,124,No,T-type,Normal,2Vehicles-Side,,M,43.7771973760137,6.776024115536508
201800011801,NonLethal,2018-08-18,18:45:00,Daylight,40,166,No,NoIntersection,Normal,Other,,M,43.83034854897653,6.830793115196036
201800011802,NonLethal,2018-10-09,16:00:00,Daylight,40,166,Yes,T-type,Normal,2Vehicles-BehindVehicles-Frontal,,M,43.81692961935599,6.817841534981784
201800011803,NonLethal,2018-09-30,14:45:00,Daylight,40,144,No,NoIntersection,Normal,NoCollision,,M,43.77191601170716,6.771804726367937
201800011804,NonLethal,2018-09-30,17:25:00,Daylight,40,144,No,NoIntersection,Normal,NoCollision,,M,43.77039701994362,6.77288004746422
201800011805,NonLethal,2018-12-15,15:55:00,Daylight,40,135,No,NoIntersection,Normal,NoCollision,LIEU-DIT NAVERRE,M,43.86968946629367,6.869743432945141
201800011806,NonLethal,2018-01-28,14:10:00,Daylight,40,88,Yes,NoIntersection,Normal,2Vehicles-Side,AV Claude Delorme,M,43.96274900104903,5.962833272832544
201800011807,Lethal,2018-02-16,09:30:00,Daylight,40,188,No,NoIntersection,Normal,Other,,M,43.8972382459898,5.898343758048714
201800011808,NonLethal,2018-02-23,16:10:00,Daylight,40,160,No,NoIntersection,Normal,Other,,M,43.86090519884181,5.859949130793881
201800011809,NonLethal,2018-03-20,18:00:00,TwilightOrDawn,40,160,No,NoIntersection,Normal,2Vehicles-BehindVehicles-Frontal,,M,43.85909846311354,5.857237390949922
201800011810,NonLethal,2018-03-23,20:50:00,NightNoStreetLight,40,45,No,NoIntersection,Normal,Other,,M,43.856901686742205,5.855774964125329
201800011813,NonLethal,2018-06-09,23:20:00,NightNoStreetLight,40,88,No,T-type,Other,2Vehicles-Behind,,M,43.95152081659066,5.95155362515654
201800011814,NonLethal,2018-06-18,16:40:00,Daylight,40,88,Yes,NoIntersection,Normal,Other,,M,43.95206923643666,5.952773352475757
201800011815,NonLethal,2018-11-07,18:05:00,Daylight,40,138,No,NoIntersection,Normal,2Vehicles-Side,CHEMIN DE NIOZELLES,M,43.93844933317117,5.940533207351585
201800011816,NonLethal,2018-07-20,07:54:00,Daylight,40,206,No,NoIntersection,Normal,2Vehicles-Side,,M,43.98788295192977,5.989788093483928
201800011817,NonLethal,2018-08-08,11:30:00,Daylight,40,88,Yes,NoIntersection,Normal,Other,REMPARTS BERLUC PERUSSIS,M,43.95978780462957,5.959236051483856
201800011818,NonLethal,2018-07-31,08:35:00,Daylight,40,45,Yes,NoIntersection,Normal,2Vehicles-Side,BD VICTOR HUGO,M,43.85890544127698,5.855008879291303
201800011819,NonLethal,2018-08-30,19:00:00,TwilightOrDawn,40,45,Yes,T-type,Normal,2Vehicles-BehindVehicles-Frontal,AV PLANTIERS AV CAMILLE,M,43.855410744138574,5.856929669096142
201800011820,NonLethal,2018-09-13,13:00:00,Daylight,40,192,No,NoIntersection,Normal,Other,,M,43.88929314225325,5.888302054605029
201800011821,NonLethal,2018-09-27,18:45:00,Daylight,40,88,Yes,Roundabout,Normal,Other,AV DE VERDUN,M,43.95804222070728,5.958031784818047
201800011822,Lethal,2018-10-30,05:00:00,NightNoStreetLight,40,104,No,NoIntersection,LightRain,NoCollision,BASTIDE DES PRÉS,M,43.96775301651607,5.9677124150939695
201800011823,NonLethal,2018-07-12,12:00:00,Daylight,40,111,No,T-type,Normal,2Vehicles-Side,LIEU DIT LE PRIEUR,M,43.9284072630544,5.929486495392374
201800011825,NonLethal,2018-03-23,14:35:00,Daylight,40,65,No,NoIntersection,Normal,Other,,M,44.06514905288853,5.06323462274232
201800011826,NonLethal,2018-04-22,18:20:00,Daylight,40,208,No,NoIntersection,Normal,NoCollision,,M,43.96276471037456,5.962502546012535
201800011827,Lethal,2018-05-23,13:00:00,Daylight,40,65,No,NoIntersection,LightRain,NoCollision,,M,44.11898996118567,5.118145504516195
201800011828,NonLethal,2018-06-09,20:45:00,Daylight,40,208,No,NoIntersection,Normal,Other,LIEU-DIT LE SIFFLEUR,M,43.96631270605993,5.965287819764983
201800011829,NonLethal,2018-11-07,03:00:00,NightStreelightsOn,40,18,Yes,NoIntersection,Normal,Other,,M,44.042324602065015,5.043854276165996
201800011830,NonLethal,2018-07-22,09:27:00,Daylight,40,208,No,NoIntersection,Normal,2Vehicles-Behind,,M,43.968621709861566,5.967202511532619
201800011831,Lethal,2018-08-16,15:45:00,Daylight,40,141,No,X-type,Normal,2Vehicles-Side,LIEU DIT LES VALETTES,M,44.01836197701236,5.019382745064929
201800011832,NonLethal,2018-10-05,08:25:00,Daylight,40,162,Yes,X-type,Normal,2Vehicles-Side,,M,43.97579193024623,5.973399780929543
201800011836,NonLethal,2018-05-07,09:53:00,Daylight,40,139,No,NoIntersection,Normal,3+Vehicles-Chain,,M,44.16811221718368,5.168442945613809
201800011838,NonLethal,2018-07-21,20:50:00,Daylight,40,123,Yes,NoIntersection,Normal,3+Vehicles-Multiple,,M,44.26631478216704,5.266060896674789
201800011840,NonLethal,2018-04-15,11:45:00,Daylight,40,231,No,NoIntersection,Normal,NoCollision,Lieu dit Valauri,M,44.25607529838089,5.258804097640133
201800011841,NonLethal,2018-07-31,01:00:00,NightNoStreetLight,40,137,No,NoIntersection,Normal,Other,,M,44.29636177401444,6.296177669288704
201800011842,NonLethal,2018-01-13,11:30:00,Daylight,240,166,No,NoIntersection,Overcast,2Vehicles-Side,la garde,M,45.16559914241562,8.165781723141915
201800011843,NonLethal,2018-02-06,13:00:00,Daylight,240,115,No,NoIntersection,Overcast,2Vehicles-BehindVehicles-Frontal,La monnerie,M,45.25784361788591,6.256329501807212
201800011844,NonLethal,2018-02-10,02:21:00,NightNoStreetLight,240,115,No,NoIntersection,Other,2Vehicles-BehindVehicles-Frontal,LE BOURG,M,45.24356059184024,6.244269205731675
201800011845,NonLethal,2018-02-25,16:00:00,Daylight,240,270,No,NoIntersection,Normal,NoCollision,CD 6089,M,45.12802525352074,9.126393960894031
201800011846,NonLethal,2018-03-21,13:26:00,Daylight,240,571,No,NoIntersection,Normal,NoCollision,Perlichat,M,45.03841351144575,7.038670533078418
201800011847,NonLethal,2018-04-19,17:15:00,Daylight,240,26,No,NoIntersection,Normal,2Vehicles-BehindVehicles-Frontal,D5,M,45.19226904359323,8.191518217598043
201800011848,NonLethal,2018-05-20,19:15:00,Daylight,240,571,Yes,NoIntersection,Normal,2Vehicles-BehindVehicles-Frontal,19 place de Périgueux,M,45.03175831782161,7.030493516647622
201800011849,NonLethal,2018-08-15,19:30:00,Daylight,240,94,No,NoIntersection,Normal,Other,Le Ménaudou,M,45.10657211396627,6.10432412914916
201800011850,NonLethal,2018-08-31,14:10:00,Daylight,240,312,No,Roundabout,Normal,Other,route de Vergt,M,45.134221796282176,7.1297995733673485
201800011851,NonLethal,2018-09-24,13:45:00,Daylight,240,26,No,NoIntersection,Normal,2Vehicles-Side,ROUTE DU CAMP MERCEDES,M,45.17276231765263,8.172933962823963
201800011852,NonLethal,2018-10-04,16:05:00,Daylight,240,312,Yes,NoIntersection,Normal,Other,11 route de pommier,M,45.17664458452991,7.175732191649503
201800011854,NonLethal,2018-11-15,01:30:00,NightNoStreetLight,240,208,No,NoIntersection,FogOrSmoke,Other,Bordas,M,45.05670105080808,6.056420452052918
201800011855,NonLethal,2018-12-08,19:30:00,NightNoStreetLight,240,459,No,NoIntersection,LightRain,Other,coutel,M,45.018485782783735,6.02012717475239
201800011857,Lethal,2018-06-04,16:50:00,Daylight,240,463,No,NoIntersection,HeavyRain,Other,La Tuilière,M,45.33409179581887,1.332288306267447
201800011858,NonLethal,2018-08-29,17:25:00,Daylight,240,448,No,X-type,Normal,2Vehicles-Side,CD705,M,45.33243614378837,1.3321825332293429
201800011859,Lethal,2018-09-28,22:25:00,NightStreelightsOff,240,555,No,NoIntersection,Normal,Other,Les tuillières,M,45.29069174111032,1.2907960794433797
201800011860,NonLethal,2018-09-30,17:40:00,Daylight,240,188,No,NoIntersection,Normal,NoCollision,AUX POUX,M,45.12670786598999,1.1266732243407425
201800011861,NonLethal,2018-11-28,16:55:00,Daylight,240,550,Yes,NoIntersection,Normal,Other,Place Michel MONTAIGNE,M,45.13538855680424,1.1374214833772935
201800011863,NonLethal,2018-12-11,07:45:00,TwilightOrDawn,240,120,No,NoIntersection,FogOrSmoke,NoCollision,Mongiaud,M,45.27439048545814,1.275808495340736
201800011864,NonLethal,2018-12-17,12:20:00,Daylight,240,11,No,NoIntersection,Overcast,NoCollision,les tavernes,M,45.24399189617766,7.242371189675085
201800011865,Lethal,2018-12-28,09:15:00,Daylight,240,147,Yes,X-type,Normal,2Vehicles-Side,RD5,M,45.22271024146821,9.223799896658196
201800011866,NonLethal,2018-02-04,23:30:00,NightStreelightsOn,240,182,Yes,X-type,Normal,2Vehicles-Side,route du mignon,M,44.87495288522244,2.8767597719671856
201800011867,NonLethal,2018-02-23,21:00:00,NightStreelightsOn,240,581,Yes,Square,Normal,Other,Place du 19 mars 1962,M,45.01968648296607,5.020691815616892
201800011868,NonLethal,2018-12-05,10:00:00,Daylight,240,77,No,T-type,LightRain,3+Vehicles-Chain,lacoste,M,44.9191947470895,5.91856200915967
201800011869,NonLethal,2018-06-28,15:15:00,Daylight,240,77,No,NoIntersection,Normal,2Vehicles-BehindVehicles-Frontal,le Touron,M,44.95832221468315,5.9571010217433065
201800011870,NonLethal,2018-07-08,15:24:00,Daylight,240,182,Yes,NoIntersection,Normal,3+Vehicles-Multiple,322 RUE HENRI DE NAVARRE,M,44.88034908733574,2.8816849806390072
201800011871,NonLethal,2018-07-16,00:40:00,NightNoStreetLight,240,426,No,NoIntersection,Normal,Other,RD39,M,45.02595806672055,5.0258677111261205
201800011872,Lethal,2018-05-08,11:20:00,Daylight,240,259,No,NoIntersection,Normal,2Vehicles-BehindVehicles-Frontal,Le grand Vignoble,M,44.93648271685385,5.935504927468601
201800011874,NonLethal,2018-08-27,16:15:00,Daylight,240,419,No,X-type,Normal,2Vehicles-Side,le port de mouleydier,M,44.85166619571617,5.851071785340589
201800011875,NonLethal,2018-08-27,09:50:00,Daylight,240,182,Yes,NoIntersection,Normal,Other,route la faurie,M,44.87749624845049,2.876140020753483
201800011876,NonLethal,2018-09-20,12:15:00,Daylight,240,413,No,NoIntersection,Normal,Other,Départementale 16,M,44.92972388203282,3.929763772926941
201800011877,NonLethal,2018-05-10,19:05:00,Daylight,240,285,No,NoIntersection,Normal,Other,les perrieres,M,44.98900421813335,5.98918755391727
201800011878,NonLethal,2018-08-10,17:30:00,Daylight,240,77,No,NoIntersection,Normal,3+Vehicles-Multiple,LE TOURON,M,44.96153641075568,5.961390192316396
201800011879,Lethal,2018-10-21,07:18:00,NightNoStreetLight,240,487,No,NoIntersection,FogOrSmoke,Other,Route du Fleix,M,44.86586725874165,2.8652181965264587
201800011880,NonLethal,2018-11-04,18:45:00,NightNoStreetLight,240,340,No,X-type,Normal,2Vehicles-Side,52-60 ROUTE DU STADE,M,44.86111381033029,3.861189526930026
201800011881,NonLethal,2018-12-06,03:30:00,NightNoStreetLight,240,237,No,NoIntersection,Normal,NoCollision,68 route de Périgueux,M,44.88370534567481,5.885275812121148
201800011882,NonLethal,2018-01-01,10:10:00,Daylight,240,311,No,NoIntersection,HeavyRain,Other,Pk 19 D675,M,45.55595389096348,6.555228369733756
201800011883,NonLethal,2018-04-21,12:45:00,Daylight,240,398,No,X-type,Normal,2Vehicles-Side,Maisonneuve,M,45.63752951948357,6.637811538916937
201800011884,NonLethal,2018-06-25,07:30:00,Daylight,240,451,No,NoIntersection,Normal,3+Vehicles-Multiple,Chez Yonnet,M,45.5033448057001,6.502276752563295
201800011885,NonLethal,2018-07-31,15:50:00,Daylight,240,498,No,NoIntersection,Normal,NoCollision,MONTAGNAC,M,45.52010209625028,8.518807663527035
201800011886,NonLethal,2018-07-08,05:30:00,NightNoStreetLight,240,381,No,NoIntersection,Normal,Other,village des gites Lapeyr,M,45.63823455601276,7.639629535425903
201800011887,NonLethal,2018-08-18,15:40:00,Daylight,240,498,No,NoIntersection,Normal,NoCollision,mazaubrun,M,45.54370719055064,8.542645871741247
201800011889,NonLethal,2018-11-09,10:25:00,Daylight,240,451,No,X-type,Normal,2Vehicles-Side,Route de Nontron,M,45.514662539484725,6.516238740244212
201800011890,NonLethal,2018-10-17,07:25:00,NightNoStreetLight,240,248,No,NoIntersection,Normal,Other,RD 708,M,45.49942121798605,5.501784136052248
201800011891,NonLethal,2018-05-12,17:30:00,NightNoStreetLight,240,565,No,NoIntersection,Normal,Other,Le gauty,M,45.62737050541144,5.624761673036284
201800011892,NonLethal,2018-12-20,16:15:00,Daylight,240,458,No,NoIntersection,LightRain,Other,Le four a chaux,M,45.54528073662392,6.54572002848554
201800011893,NonLethal,2018-01-15,12:15:00,Daylight,240,129,No,X-type,Normal,2Vehicles-BehindVehicles-Frontal,Valade,M,45.3654589385681,7.364908127662938
201800011895,Lethal,2018-09-05,23:30:00,NightNoStreetLight,240,579,No,NoIntersection,Normal,Other,Chez Noaillac,M,45.44116055508842,4.439152723818063
201800011896,NonLethal,2018-05-30,13:00:00,Daylight,240,579,No,NoIntersection,Normal,Other,RD 939,M,45.44857694005744,4.449684765555226
201800011897,NonLethal,2018-07-06,18:00:00,Daylight,240,64,No,NoIntersection,Normal,NoCollision,le moulin de grenier,M,45.35370023308974,6.353442501043572
201800011898,Lethal,2018-07-23,14:10:00,Daylight,240,474,No,Other,Normal,2Vehicles-Side,BELLEVUE,M,45.43434663140943,6.435764259638527
201800011899,NonLethal,2018-01-04,16:00:00,Daylight,240,218,No,NoIntersection,LightRain,2Vehicles-BehindVehicles-Frontal,la perdicie,M,45.49808672866068,1.496835865506209
201800011900,NonLethal,2018-02-15,11:30:00,Daylight,240,133,Yes,T-type,LightRain,2Vehicles-Side,avenue de Périgueux,M,45.538408376597125,9.535810622607636
201800011901,NonLethal,2018-02-21,09:15:00,Daylight,240,522,No,NoIntersection,Normal,2Vehicles-BehindVehicles-Frontal,le caillou blanc,M,45.43544212795626,1.436815491068865
201800011902,NonLethal,2018-04-27,08:05:00,TwilightOrDawn,240,218,Yes,T-type,VeryGood,Other,39 rue du stade,M,45.4948019555933,1.495427840576064
201800011903,NonLethal,2018-05-14,14:00:00,Daylight,240,505,No,NoIntersection,LightRain,2Vehicles-BehindVehicles-Frontal,le pic,M,45.37932134915901,1.3787907997660842
201800011904,NonLethal,2018-05-31,19:30:00,TwilightOrDawn,240,519,No,NoIntersection,LightRain,NoCollision,LA VEYSSIERE HAUTE,M,45.46356328786686,1.4639337265634471
201800011907,NonLethal,2018-11-23,15:25:00,Daylight,240,305,No,NoIntersection,LightRain,NoCollision,les longeix,M,45.39428129933316,9.392425053406123
201800011908,NonLethal,2018-11-30,18:10:00,NightNoStreetLight,240,133,Yes,NoIntersection,FogOrSmoke,Other,Rue Louis Pasteur,M,45.53660381448235,9.539420650170085
201800011909,NonLethal,2018-01-18,10:15:00,Daylight,240,154,No,Y-type,LightRain,2Vehicles-Side,plaisance,M,45.21306734888808,4.213470978784501
201800011910,NonLethal,2018-02-09,15:30:00,Daylight,240,7,No,NoIntersection,LightRain,2Vehicles-BehindVehicles-Frontal,le pontet,M,45.29338995384494,2.294468900508553
201800011911,Lethal,2018-03-29,16:40:00,Daylight,240,460,No,Y-type,Normal,2Vehicles-BehindVehicles-Frontal,les clauds,M,45.2556364870887,3.253105864906329
201800011912,NonLethal,2018-04-25,12:35:00,Daylight,240,352,No,NoIntersection,Normal,Other,les barnouilles,M,45.22300259892481,3.2238393703596038
201800011914,NonLethal,2018-08-24,09:45:00,Daylight,240,199,No,X-type,Normal,2Vehicles-BehindVehicles-Frontal,Beaubost,M,45.43678516262067,3.435645335622312
201800011915,Lethal,2018-10-21,20:00:00,NightNoStreetLight,240,144,No,NoIntersection,Normal,NoCollision,Le treuilh,M,45.31218430771417,5.311441740343443
201800011917,NonLethal,2018-12-26,13:40:00,Daylight,240,586,No,NoIntersection,Normal,2Vehicles-Behind,D99,M,45.26319277616031,3.263295798899526
201800011919,NonLethal,2018-02-11,19:00:00,NightNoStreetLight,240,354,No,NoIntersection,Normal,2Vehicles-BehindVehicles-Frontal,la croix grand-mère,M,45.12568864431935,-0.1243895011002638
201800011920,NonLethal,2018-03-14,19:40:00,NightNoStreetLight,240,252,No,NoIntersection,Normal,2Vehicles-Side,Prends toi garde,M,44.9299275406569,1.9309060607453483
201800011921,NonLethal,2018-05-20,16:15:00,Daylight,240,544,No,NoIntersection,VeryGood,NoCollision,Route de l'étang,M,44.96574249219593,1.9648322786505696
201800011922,NonLethal,2018-06-13,13:30:00,Daylight,240,520,Yes,Y-type,Normal,3+Vehicles-Multiple,Avenue de la Dordogne,M,44.872607746590525,1.8719667008480887
201800011924,NonLethal,2018-09-07,09:15:00,Daylight,240,412,Yes,X-type,Normal,2Vehicles-Side,Le bourg,M,44.99430009719092,1.993230247869736
201800011925,NonLethal,2018-08-07,16:30:00,Daylight,240,520,Yes,Other,Normal,2Vehicles-BehindVehicles-Frontal,avenue de la Dordogne,M,44.87336555570468,1.871025539911176
201800011926,NonLethal,2018-09-04,08:40:00,Daylight,240,520,Yes,NoIntersection,VeryGood,Other,boulevard Arlet,M,44.88964749820369,1.886980674260938
201800011927,NonLethal,2018-09-07,16:15:00,Daylight,240,366,No,NoIntersection,Normal,NoCollision,chemin de Fajolle,M,44.89489819016419,1.893851251538511
201800011928,NonLethal,2018-09-16,01:50:00,NightNoStreetLight,240,341,No,NoIntersection,Normal,Other,le Pech de la tour,M,44.94924208719765,1.9489345387389692
201800011929,NonLethal,2018-10-16,00:30:00,NightNoStreetLight,240,587,No,NoIntersection,FogOrSmoke,Other,La Fabrique,M,44.84460733015506,1.8460666472417464
201800011930,NonLethal,2018-11-03,00:05:00,NightStreelightsOn,240,587,Yes,NoIntersection,Normal,Other,le port,M,44.828281884712034,1.826733540026665
201800011931,Lethal,2018-11-07,14:50:00,Daylight,240,74,No,NoIntersection,LightRain,2Vehicles-BehindVehicles-Frontal,le port,M,44.85159742699881,1.851487368899437
201800011932,NonLethal,2018-12-23,16:05:00,Daylight,240,471,No,NoIntersection,Normal,3+Vehicles-Multiple,les tourelles,M,44.89372048098284,1.8963675992413929
201800011933,Lethal,2018-04-01,14:35:00,Daylight,240,76,Yes,NoIntersection,LightRain,Other,D35 - LE BOURG,M,44.90777239351998,9.908516675363806
201800011935,Lethal,2018-08-03,15:10:00,Daylight,240,404,No,NoIntersection,Normal,2Vehicles-BehindVehicles-Frontal,D710 PK49+450,M,45.0176366942633,8.018258018780003
201800011936,NonLethal,2018-05-26,18:05:00,Daylight,240,377,No,NoIntersection,Normal,2Vehicles-BehindVehicles-Frontal,Fontestévénie,M,44.92147875334292,8.920557473766168
201800011937,NonLethal,2018-06-02,17:45:00,Daylight,240,6,No,NoIntersection,Normal,Other,D 50,M,44.82517831438685,1.8238304325269912
201800011938,NonLethal,2018-06-07,20:15:00,Daylight,240,142,No,NoIntersection,Normal,NoCollision,Braguel,M,44.84246342852742,9.84165639800707
201800011939,NonLethal,2018-07-09,14:40:00,Daylight,240,172,No,NoIntersection,Normal,2Vehicles-BehindVehicles-Frontal,les combarelles,M,44.9449569654503,1.9448648762027507
201800011940,NonLethal,2018-01-09,22:20:00,NightNoStreetLight,240,67,No,NoIntersection,Normal,NoCollision,d703,M,44.9125050233629,9.91261472421048