AccidentId,Gravity,Date,Hour,Light,Department,Commune,InAgglomeration,IntersectionType,Weather,CollisionType,PostalAddress,GPSCode,Latitude,Longitude
201800011943,Lethal,2018-12-15,06:30:00,NightNoStreetLight,240,87,No,NoIntersection,Normal,NoCollision,RD 703,M,44.84611786567472,1.8484603862753783
201800011944,NonLethal,2018-01-30,15:50:00,Daylight,240,547,Yes,NoIntersection,Normal,Other,Place Marcel Paul,M,45.12970355237646,1.130522630181096
201800011945,NonLethal,2018-04-14,17:55:00,Daylight,240,547,Yes,NoIntersection,Normal,3+Vehicles-Multiple,rue victor hugo,M,45.12925011887989,1.1291480618339658
201800011946,NonLethal,2018-01-06,09:30:00,Daylight,240,291,Yes,Other,Normal,2Vehicles-Side,les rives,M,45.05785678156335,1.0574060134286123
201800011949,NonLethal,2018-12-07,18:25:00,Daylight,240,291,No,NoIntersection,Normal,2Vehicles-BehindVehicles-Frontal,Charmont,M,45.085301555619175,1.0863327734387274
201800011950,NonLethal,2018-07-24,12:00:00,Daylight,240,291,Yes,NoIntersection,Normal,2Vehicles-Side,D706,M,45.05238367112498,1.0522466115474614
201800011951,NonLethal,2018-07-27,17:40:00,Daylight,240,547,No,NoIntersection,Normal,2Vehicles-Side,TARNCHE,M,45.11695399876054,1.116427944001398
201800011952,NonLethal,2018-08-11,09:35:00,Daylight,240,179,No,NoIntersection,Normal,2Vehicles-BehindVehicles-Frontal,RD60,M,45.11682858071887,1.1167850446581138
201800011953,NonLethal,2018-02-09,21:30:00,NightStreelightsOn,240,547,Yes,NoIntersection,Normal,Other,place de la libération,M,45.12924610406747,1.130285240676167
201800011954,NonLethal,2018-02-09,13:50:00,Daylight,240,547,Yes,NoIntersection,Normal,Other,82 avenue Charles de GAU,M,45.12966955070455,1.127804077023116
201800011955,NonLethal,2018-09-24,07:30:00,Daylight,240,229,Yes,NoIntersection,Normal,Other,Avenue de BRIVE,M,45.129002863793374,1.1291893847908077
201800011956,Lethal,2018-04-10,09:01:00,Daylight,240,547,Yes,NoIntersection,Normal,Other,avenue de brive,M,45.12900774609325,1.1294810508588478
201800011958,Lethal,2018-12-16,11:00:00,Daylight,240,291,No,NoIntersection,FogOrSmoke,Other,rue de la liberté,M,45.06655024519343,1.0661348753605735
201800011959,NonLethal,2018-12-31,17:07:00,TwilightOrDawn,400,323,No,NoIntersection,Normal,Other,D626 - PK 47 + 700,M,44.117252264721344,-0.1155411933059075
201800011960,NonLethal,2018-03-03,16:40:00,Daylight,400,297,No,NoIntersection,Normal,Other,C1,M,44.11838420704976,-0.1183007062294106
201800011961,NonLethal,2018-05-14,12:45:00,Daylight,400,234,No,NoIntersection,LightRain,2Vehicles-Side,D 932 - PK 22+900,M,44.006486141357335,-0.0055258640810929
201800011962,NonLethal,2018-08-21,12:00:00,Daylight,400,274,Yes,T-type,Normal,2Vehicles-Side,route de mont de marsan,M,43.92742316354239,-0.9283946604311604
201800011963,NonLethal,2018-10-31,17:20:00,TwilightOrDawn,400,135,No,NoIntersection,LightRain,Other,D626,M,44.10234957096868,-0.1021092889480249
201800011964,NonLethal,2018-12-21,16:40:00,Daylight,400,262,No,NoIntersection,Normal,Other,D323,M,44.05405186811047,-0.0525280885303837
201800011966,Lethal,2018-04-24,08:40:00,Daylight,400,96,No,NoIntersection,Normal,Other,D.933 PK 17.261,M,44.02453262002911,-0.0250826422969663
201800011967,NonLethal,2018-05-09,15:30:00,Daylight,400,267,No,NoIntersection,Normal,2Vehicles-BehindVehicles-Frontal,Route départementale 933,M,43.9913205008182,-0.9916391555002104
201800011968,NonLethal,2018-08-09,06:00:00,TwilightOrDawn,400,267,No,NoIntersection,Normal,Other,D 626 - PR15,M,44.02999282770987,-0.0296142993413399
201800011971,NonLethal,2018-09-27,07:20:00,NightNoStreetLight,400,331,No,NoIntersection,Normal,Other,Avenue de l'armagnac,M,43.89368423837034,-0.8916293671001321
201800011972,Lethal,2018-03-12,14:18:00,Daylight,400,51,No,Other,LightRain,2Vehicles-Side,D1,M,43.88556476245324,-0.8852261464984496
201800011973,NonLethal,2018-11-09,12:40:00,Daylight,400,157,Yes,NoIntersection,Normal,Other,64 avenue du marensin,M,44.03113686858155,-0.03168769657397
201800011974,NonLethal,2018-04-04,13:55:00,Daylight,400,183,No,NoIntersection,Normal,Other,cd 947,M,43.67375303157159,-0.6767506198727712
201800011975,NonLethal,2018-04-20,13:50:00,Daylight,400,269,No,NoIntersection,Normal,2Vehicles-Side,RD 33,M,43.60496344167351,-0.6025734362844853
201800011976,NonLethal,2018-04-22,04:50:00,NightNoStreetLight,400,316,No,NoIntersection,Normal,Other,route d'orthez,M,43.57255241429405,-0.5730007526926545
201800011977,Lethal,2018-05-08,17:15:00,Daylight,400,233,No,NoIntersection,Normal,Other,1625 route de LABATUT,M,43.58420061991842,-0.5859247584744879
201800011978,Lethal,2018-08-04,05:00:00,NightNoStreetLight,400,212,No,NoIntersection,Normal,Other,RD 817 PK 20,M,43.56056386641465,-0.5602775565686066
201800011979,NonLethal,2018-10-09,08:45:00,Daylight,400,95,No,NoIntersection,Normal,2Vehicles-BehindVehicles-Frontal,88 route de pouillon,M,43.61111623116655,-0.6132360205608399
201800011980,NonLethal,2018-10-09,14:34:00,Daylight,400,183,No,NoIntersection,Normal,3+Vehicles-Multiple,ROUTE DE DAX CD 947,M,43.66111049602609,-0.6611499333067513
201800011981,NonLethal,2018-10-13,17:00:00,Daylight,400,269,Yes,NoIntersection,Normal,Other,5O1 route de PEYREHORADE,M,43.61239161791571,-0.609186155187903
201800011982,NonLethal,2018-11-15,16:45:00,Daylight,400,77,No,T-type,Normal,2Vehicles-Side,RD 817,M,43.5437832076606,-0.5453328679387396
201800011983,NonLethal,2018-02-19,11:40:00,Daylight,400,187,Yes,Other,LightRain,2Vehicles-Side,30 rue Saint Vincent de,M,43.85229070361694,-0.8501895657524778
201800011984,NonLethal,2018-04-18,08:04:00,Daylight,400,284,Yes,NoIntersection,Normal,Other,RD810,M,43.65953611634029,-0.6616667531101215
201800011985,NonLethal,2018-03-05,11:00:00,Daylight,400,310,Yes,NoIntersection,Normal,2Vehicles-BehindVehicles-Frontal,allée des palombières,M,43.749859609903815,-0.7499007825398116
201800011986,NonLethal,2018-07-05,18:15:00,Daylight,400,284,Yes,T-type,Normal,2Vehicles-Side,D810/Avenue du Maysouot,M,43.66247549676551,-0.666108016399232
201800011989,NonLethal,2018-02-08,19:00:00,Daylight,400,168,No,NoIntersection,Normal,3+Vehicles-Multiple,"Route départementale 16,",M,43.80471187669852,-0.802572197666066
201800011990,Lethal,2018-04-08,06:20:00,NightNoStreetLight,400,310,No,NoIntersection,Normal,Other,"RD 17 - Lieu dit ""Loppou",M,43.72670332784182,-0.728938151533897
201800011991,NonLethal,2018-08-17,09:30:00,Daylight,400,181,No,Other,Normal,2Vehicles-BehindVehicles-Frontal,D 50,M,43.79889987266686,-0.7985939823771264
201800011992,NonLethal,2018-03-09,18:30:00,Daylight,400,264,No,NoIntersection,Normal,2Vehicles-BehindVehicles-Frontal,D12,M,43.61449819179244,-0.6156909553100884
201800011993,NonLethal,2018-09-14,11:45:00,Daylight,400,284,No,NoIntersection,Normal,2Vehicles-Side,route de marron,M,43.65536019801507,-0.657615118704864
201800011995,NonLethal,2018-11-10,17:40:00,TwilightOrDawn,400,284,Yes,Roundabout,Normal,2Vehicles-Side,rue des compagnons et ru,M,43.66674989266993,-0.6677606047635475
201800011996,NonLethal,2018-03-17,17:00:00,Daylight,400,248,No,NoIntersection,Normal,2Vehicles-BehindVehicles-Frontal,route de St Martin de Se,M,43.555492155364185,-0.5545257298353449
201800011997,NonLethal,2018-01-05,22:40:00,NightNoStreetLight,400,312,No,NoIntersection,Normal,Other,rd810,M,43.51645574633768,-0.5187229938528573
201800011998,NonLethal,2018-06-08,17:00:00,Daylight,400,44,No,T-type,Normal,Other,D817/Allée de Preuilh,M,43.55333159330698,-0.5526719085435293
201800011999,Lethal,2018-08-05,22:45:00,NightNoStreetLight,400,272,No,NoIntersection,Normal,Other,D 12 route de Maremne,M,43.58449960111649,-0.5814942354678158
201800012000,NonLethal,2018-08-19,13:40:00,Daylight,400,42,Yes,NoIntersection,Normal,2Vehicles-Side,D8l7,M,43.55979038680519,-0.558809609703567
201800012003,NonLethal,2018-09-17,23:15:00,NightNoStreetLight,400,312,No,Roundabout,Overcast,NoCollision,rd85,M,43.53020386706624,-0.5306968718297327
201800012004,NonLethal,2018-11-16,17:25:00,Daylight,400,209,Yes,X-type,Normal,2Vehicles-Side,avenue du 11 novembre 19,M,43.56523130010293,-0.5677864751151289
201800012008,Lethal,2018-11-05,17:15:00,Daylight,400,332,No,NoIntersection,Normal,NoCollision,Route de la Bourruque,M,44.35663981692541,-0.3587022943650107
201800012009,NonLethal,2018-03-06,20:15:00,Daylight,400,46,Yes,NoIntersection,Normal,Other,429 rue de Caillaou,M,44.37752787224684,-0.3772761935628102
201800012010,NonLethal,2018-08-02,07:45:00,TwilightOrDawn,400,217,No,NoIntersection,Normal,2Vehicles-Behind,D652,M,44.44121944737463,-0.4409243702040773
201800012012,NonLethal,2018-08-19,05:30:00,NightNoStreetLight,400,46,No,NoIntersection,Normal,NoCollision,CDl46,M,44.4217268620754,-0.4216440788381779
201800012013,NonLethal,2018-07-10,04:00:00,NightStreelightsOn,400,46,Yes,NoIntersection,HeavyRain,Other,21 avenue de Caupos,M,44.399900266325744,-0.3993776386605051
201800012014,NonLethal,2018-10-17,19:45:00,TwilightOrDawn,400,217,No,NoIntersection,Normal,Other,Route du Mouliès,M,44.377394586825005,-0.3787191589669373
201800012015,Lethal,2018-10-03,15:25:00,Daylight,400,303,No,NoIntersection,Normal,Other,RD44 PR31+274,M,44.1483090479412,-0.147962914550944
201800012016,Lethal,2018-05-12,06:45:00,Daylight,400,333,No,NoIntersection,HeavyRain,Other,route de Geloux,M,43.98704835591214,-0.9869893792640336
201800012017,NonLethal,2018-06-26,10:30:00,Daylight,400,163,No,NoIntersection,Normal,Other,RD626,M,44.23655301488134,-0.2338935689752332
201800012018,NonLethal,2018-10-05,16:00:00,Daylight,400,333,No,NoIntersection,Normal,2Vehicles-Side,RD 38 -,M,43.993269434698846,-0.9935812784035188
201800012020,NonLethal,2018-03-26,07:30:00,TwilightOrDawn,400,128,No,NoIntersection,LightRain,3+Vehicles-Multiple,CD 933S,M,43.69090246758631,-0.6882824354881181
201800012021,NonLethal,2018-04-21,19:30:00,TwilightOrDawn,400,20,No,NoIntersection,Normal,Other,route de leyseres,M,43.81457260525521,-0.8130145046178574
201800012022,NonLethal,2018-04-27,13:45:00,Daylight,400,20,No,X-type,Normal,2Vehicles-Side,Carrefour D 924 - Route,M,43.780592958101614,-0.7813212439881803
201800012023,NonLethal,2018-08-08,22:35:00,NightStreelightsOn,400,282,Yes,T-type,LightRain,Other,rue Louis Sentex,M,43.75920506029955,-0.7603277344698646
201800012024,NonLethal,2018-09-30,19:30:00,TwilightOrDawn,400,119,Yes,NoIntersection,Normal,2Vehicles-BehindVehicles-Frontal,D933s,M,43.6589073792927,-0.6580312069955351
201800012025,NonLethal,2018-02-23,19:20:00,NightStreelightsOn,400,117,Yes,T-type,Normal,2Vehicles-Side,26 rue René Vielle,M,43.774303426498754,-0.7723288416833706
201800012026,Lethal,2018-10-05,08:25:00,Daylight,400,97,No,X-type,Overcast,2Vehicles-Side,RD11/route des baignauts,M,43.68708350939197,-0.6887165922735466
201800012027,NonLethal,2018-05-21,15:00:00,Daylight,400,55,No,NoIntersection,Normal,3+Vehicles-Multiple,départementale 824,M,43.85582645361845,-0.855334425226528
201800012029,NonLethal,2018-06-30,15:05:00,Daylight,400,1,Yes,NoIntersection,Normal,2Vehicles-BehindVehicles-Frontal,Avenue des Pyrénées,M,43.69884341633728,-0.7012339468398988
201800012030,Lethal,2018-08-14,04:10:00,NightNoStreetLight,400,1,No,NoIntersection,Normal,Other,"Départementale 2, PK 51,",M,43.68563932364126,-0.6862122176705325
201800012031,NonLethal,2018-10-22,09:25:00,Daylight,400,37,No,NoIntersection,Normal,2Vehicles-Behind,"route de Lalande, D321",M,43.84499190439226,-0.8442528979853369
201800012032,NonLethal,2018-11-01,06:30:00,NightNoStreetLight,400,1,No,NoIntersection,Normal,Other,route du Houga,M,43.73305069889143,-0.7341461913188531
201800012033,NonLethal,2018-11-04,10:40:00,Daylight,400,185,No,NoIntersection,VeryGood,2Vehicles-BehindVehicles-Frontal,"Départementale 11, Pk 60",M,43.596032482659695,-0.5937159197412132
201800012035,NonLethal,2018-03-04,17:20:00,Daylight,400,104,No,T-type,Normal,2Vehicles-Side,Route de la chalosse,M,43.72860877796694,-0.7272476040057602
201800012036,Lethal,2018-07-14,10:00:00,Daylight,400,216,No,NoIntersection,Normal,Other,D107,M,43.67398382317305,-0.671743829946873
201800012037,NonLethal,2018-08-26,20:10:00,TwilightOrDawn,400,228,Yes,T-type,Normal,2Vehicles-Side,Avenue de la course land,M,43.62773504084342,-0.6282048042998521
201800012038,NonLethal,2018-09-20,21:10:00,NightNoStreetLight,400,84,No,NoIntersection,Normal,2Vehicles-BehindVehicles-Frontal,CD 15,M,43.65167611506721,-0.6505083483117794
201800012039,NonLethal,2018-12-30,18:00:00,NightNoStreetLight,400,260,No,X-type,Normal,2Vehicles-Side,Carrefour des CD10 et 7,M,43.76048678334315,-0.7601170612895849
201800012040,NonLethal,2018-05-25,17:15:00,Daylight,400,309,No,NoIntersection,Normal,Other,D3,M,43.76387641337031,-0.762580720122456
201800012041,NonLethal,2018-07-19,17:20:00,Daylight,400,243,Yes,Y-type,Normal,NoCollision,Avenue du marensin,M,43.937712387024696,-0.9375756283978122
201800012042,NonLethal,2018-01-08,20:15:00,Daylight,400,151,No,NoIntersection,Normal,NoCollision,RD 425,M,43.85913899848031,-0.8580079132298616
201800012043,NonLethal,2018-09-02,12:00:00,Daylight,400,309,No,NoIntersection,Normal,2Vehicles-BehindVehicles-Frontal,1480 chemin du herrou,M,43.813199676485226,-0.814798823799204
201800012044,NonLethal,2018-09-13,19:00:00,Daylight,400,230,No,NoIntersection,Normal,NoCollision,avenue 124,M,43.82537376353061,-0.8241464173797702
201800012045,NonLethal,2018-10-19,18:30:00,TwilightOrDawn,400,324,No,NoIntersection,Normal,2Vehicles-BehindVehicles-Frontal,chemin les petits lacs,M,43.78331463200716,-0.7835688471543673
201800012046,NonLethal,2018-01-13,13:25:00,Daylight,210,190,No,NoIntersection,Normal,Other,rue des serves,M,46.9514429442113,4.950633005260585
201800012048,NonLethal,2018-05-24,08:25:00,Daylight,210,616,No,NoIntersection,Normal,NoCollision,RD18,M,46.96366451186513,4.962051579411951
201800012049,NonLethal,2018-03-06,18:45:00,Daylight,210,37,Yes,NoIntersection,Normal,Other,Rue du dessous,M,46.9871671001073,4.985175696764563
201800012050,NonLethal,2018-10-06,15:35:00,Daylight,210,99,No,NoIntersection,Normal,2Vehicles-BehindVehicles-Frontal,RD 970 - PK 54,M,47.07031340542835,4.0692056741958025
201800012053,NonLethal,2018-08-14,05:45:00,TwilightOrDawn,210,534,No,T-type,Normal,2Vehicles-Side,Rd973,M,47.01103138783258,4.010331008955675
201800012054,NonLethal,2018-08-26,17:11:00,Daylight,210,541,No,NoIntersection,Normal,NoCollision,RD 906,M,46.93898511166355,4.939435657154346
201800012055,NonLethal,2018-07-02,10:05:00,Daylight,210,274,No,NoIntersection,SnowOrHail,NoCollision,RD 17 LIEU DIT SASOGE,M,47.12239703381936,4.122735047672617
201800012056,NonLethal,2018-02-27,19:30:00,NightNoStreetLight,210,23,No,NoIntersection,Normal,Other,RD 906,M,47.12644453575842,4.128172158619126
201800012057,NonLethal,2018-03-31,13:40:00,Daylight,210,23,No,NoIntersection,Normal,NoCollision,RD l7 C,M,47.13911032188616,4.142186428109942
201800012058,NonLethal,2018-03-04,18:15:00,Daylight,210,566,No,X-type,Normal,2Vehicles-Side,D 104,M,47.04786169019913,4.048774110991004
201800012059,NonLethal,2018-07-19,21:15:00,NightNoStreetLight,210,210,No,NoIntersection,Normal,NoCollision,D16,M,47.2740351161974,4.274990264911809
201800012062,NonLethal,2018-08-26,11:40:00,Daylight,210,187,Yes,T-type,Normal,2Vehicles-Side,"HAMEAU DE SOLLE, interse",M,47.24806075476195,4.247774353480709
201800012063,NonLethal,2018-09-16,05:45:00,NightNoStreetLight,210,264,No,NoIntersection,Normal,Other,RN 981,M,47.17601723113425,4.176434940327214
201800012064,NonLethal,2018-09-21,01:00:00,NightNoStreetLight,210,715,No,NoIntersection,Normal,NoCollision,RD 981,M,47.0916648710077,4.090871081757252
201800012066,NonLethal,2018-09-27,19:30:00,TwilightOrDawn,210,567,No,X-type,Normal,2Vehicles-Side,D36,M,47.11227266767823,4.112586936545473
201800012067,NonLethal,2018-07-12,19:25:00,NightStreelightsOn,210,120,Yes,NoIntersection,LightRain,Other,RD 33,M,47.21555815429473,4.215744042800679
201800012068,NonLethal,2018-12-09,21:25:00,NightNoStreetLight,210,683,No,NoIntersection,LightRain,Other,D14,M,47.05140917432504,4.050868484813834
201800012069,NonLethal,2018-12-21,17:54:00,NightNoStreetLight,210,567,No,NoIntersection,LightRain,2Vehicles-Behind,"Départementale 906, hame",M,47.11579473783167,4.114321737680852
201800012070,Lethal,2018-01-14,09:30:00,Daylight,210,607,Yes,NoIntersection,Normal,NoCollision,19 quai du midi,M,46.99286728789611,5.99123569064287
201800012071,NonLethal,2018-03-23,19:50:00,NightNoStreetLight,210,607,No,X-type,Normal,2Vehicles-Behind,RD 976 PK 2+350,M,47.01283483998481,5.0136320956789096
201800012072,NonLethal,2018-10-13,10:40:00,Daylight,210,366,No,X-type,Normal,2Vehicles-Side,Départementale 34,M,47.1160850965154,5.115149340923601
201800012073,Lethal,2018-03-11,18:20:00,NightNoStreetLight,210,637,No,NoIntersection,Normal,Other,D35,M,47.01983572804521,5.019064740677464
201800012074,Lethal,2018-12-13,08:50:00,Daylight,210,366,No,X-type,Normal,2Vehicles-Side,D20G,M,47.113576239237474,5.113360258101009
201800012075,NonLethal,2018-01-10,17:25:00,TwilightOrDawn,210,383,Yes,NoIntersection,LightRain,2Vehicles-BehindVehicles-Frontal,avenue de la gare,M,47.52345910591948,5.5214786508799385
201800012076,NonLethal,2018-01-26,08:10:00,Daylight,210,599,Yes,NoIntersection,HeavyRain,2Vehicles-Side,rue de la patenée,M,47.59182985282118,5.589011541966746
201800012077,NonLethal,2018-11-02,15:45:00,Daylight,210,290,No,NoIntersection,Normal,2Vehicles-BehindVehicles-Frontal,D974 PK 69.800,M,47.46594756551023,5.46716604185165
201800012078,NonLethal,2018-05-03,06:00:00,NightStreelightsOn,210,208,Yes,NoIntersection,FogOrSmoke,2Vehicles-BehindVehicles-Frontal,Route de MOLOY,M,47.54160177724423,4.540559368331315
201800012080,NonLethal,2018-04-25,09:00:00,Daylight,210,385,No,X-type,Normal,2Vehicles-Side,RD 120D,M,47.57053911405435,5.572231144045643
201800012081,NonLethal,2018-06-30,18:05:00,Daylight,210,317,Yes,T-type,Normal,2Vehicles-BehindVehicles-Frontal,Avenue Carnot,M,47.520969716806185,5.521605512641784
201800012082,NonLethal,2018-07-24,17:50:00,Daylight,210,317,No,T-type,Normal,2Vehicles-Side,carrefour D3 - D959,M,47.54795314405606,5.547875350609639
201800012083,Lethal,2018-09-04,16:30:00,Daylight,210,127,No,X-type,Normal,3+Vehicles-Multiple,carrefour D9O3/D1O5,M,47.470921217689394,5.470719601331366
201800012085,NonLethal,2018-11-23,19:10:00,NightNoStreetLight,210,599,No,NoIntersection,HeavyRain,2Vehicles-BehindVehicles-Frontal,Ferme de Bel Air,M,47.61763659267496,5.619020923238089
201800012086,NonLethal,2018-03-02,16:00:00,Daylight,210,433,No,NoIntersection,FogOrSmoke,NoCollision,D960,M,47.57060672923792,5.57062703569058
201800012087,NonLethal,2018-03-16,10:58:00,Daylight,210,16,No,NoIntersection,Normal,NoCollision,RD34 PR 00+658,M,47.365919416075634,5.365065460893927
201800012088,NonLethal,2018-03-25,14:00:00,Daylight,210,281,Yes,T-type,Normal,2Vehicles-BehindVehicles-Frontal,rd 27,M,47.50366854125508,5.503160801883345
201800012089,NonLethal,2018-05-12,03:30:00,NightNoStreetLight,210,369,No,NoIntersection,Normal,Other,D 7O,M,47.38399154053832,5.382079735826916
201800012090,NonLethal,2018-05-26,10:25:00,Daylight,210,416,Yes,X-type,Normal,2Vehicles-Side,33 Route de Gray,M,47.398719188048105,5.400260856467419
201800012091,NonLethal,2018-05-31,16:00:00,Daylight,210,225,No,NoIntersection,Overcast,2Vehicles-BehindVehicles-Frontal,D27,M,47.47260531499636,5.470750098727949
201800012092,NonLethal,2018-06-13,08:15:00,Daylight,210,416,Yes,T-type,VeryGood,Other,19 Grand rue,M,47.39943745981778,5.400321774084714
201800012093,NonLethal,2018-06-27,15:25:00,Daylight,210,562,Yes,NoIntersection,Normal,2Vehicles-Behind,D27J,M,47.57789283297113,5.5782145135495504
201800012094,NonLethal,2018-09-14,19:00:00,TwilightOrDawn,210,76,No,NoIntersection,Normal,Other,Les boulois,M,47.32075305510962,5.318443739497605
201800012095,Lethal,2018-12-01,08:08:00,TwilightOrDawn,210,337,Yes,NoIntersection,Normal,Other,35 rue du Gal de Gaulle,M,47.26996584985695,5.270601120052524
201800012096,NonLethal,2018-03-01,16:20:00,Daylight,210,27,No,X-type,Overcast,2Vehicles-Side,D.903,M,47.39045731762625,5.390068080266239
201800012097,NonLethal,2018-01-29,17:15:00,Daylight,210,27,No,NoIntersection,Normal,2Vehicles-BehindVehicles-Frontal,RD974 - PK 55.600,M,47.37891359709119,5.378731926006566
201800012098,NonLethal,2018-05-14,20:10:00,Daylight,210,27,No,T-type,Overcast,2Vehicles-Side,RD 974,M,47.383248387309806,5.382816712497168
201800012099,NonLethal,2018-08-07,12:50:00,Daylight,210,27,No,NoIntersection,Normal,2Vehicles-BehindVehicles-Frontal,PR903 - PK 3+900,M,47.39767883212939,5.397092205278631
201800012100,NonLethal,2018-08-24,19:30:00,Daylight,210,591,No,NoIntersection,Normal,NoCollision,D16,M,47.42359728100803,5.423707557648697
201800012101,Lethal,2018-08-31,23:40:00,NightNoStreetLight,210,27,No,NoIntersection,Normal,Other,RD 974,M,47.38784045292985,5.386584169791057
201800012102,NonLethal,2018-10-03,04:00:00,NightNoStreetLight,210,284,No,NoIntersection,Normal,Other,D.1O3,M,47.45298749810642,4.451335070743459
201800012105,NonLethal,2018-12-26,19:00:00,NightNoStreetLight,210,27,No,NoIntersection,Normal,2Vehicles-Side,D 903,M,47.37529560423808,5.3752297777620734
201800012106,NonLethal,2018-02-20,10:20:00,Daylight,210,598,No,X-type,Normal,2Vehicles-Side,D905,M,47.567353208322885,4.565970341246914
201800012107,NonLethal,2018-05-31,21:00:00,Daylight,210,425,Yes,X-type,LightRain,2Vehicles-BehindVehicles-Frontal,rue Marceau,M,47.61818171606141,4.6188915267322095
201800012109,NonLethal,2018-09-09,10:52:00,Daylight,210,603,No,NoIntersection,Normal,Other,D954 PK 019+56,M,47.49317227549672,4.494049516232858
201800012110,NonLethal,2018-04-06,14:00:00,Daylight,210,346,No,NoIntersection,Normal,Other,RD 102H,M,47.82541272095371,4.82375403876051
201800012113,NonLethal,2018-07-27,07:30:00,Daylight,210,418,No,NoIntersection,Normal,Other,D954,M,47.675952738231054,4.673284874275328
201800012114,NonLethal,2018-07-30,21:30:00,NightNoStreetLight,210,250,No,NoIntersection,Normal,Other,D 996,M,47.77324432601631,4.772720267696156
201800012116,Lethal,2018-12-01,09:00:00,Daylight,210,154,No,NoIntersection,Overcast,Other,RD 928,M,47.85351729254694,4.854219873082558
201800012117,NonLethal,2018-01-25,19:40:00,NightNoStreetLight,210,393,No,T-type,HeavyRain,2Vehicles-Side,Route départementale 965,M,47.88888441742875,4.887118484379324
201800012118,NonLethal,2018-04-07,10:30:00,Daylight,210,350,No,NoIntersection,Normal,Other,RD22,M,47.89977081045616,4.899141292961989
201800012119,NonLethal,2018-09-05,00:15:00,NightNoStreetLight,210,455,Yes,Y-type,Normal,Other,route de la jonction,M,47.76878170211122,4.769154801201168
201800012120,NonLethal,2018-06-23,11:38:00,Daylight,210,154,No,NoIntersection,Normal,NoCollision,Départementale n° 16 H -,M,47.87193137640399,4.872051525894615
201800012121,NonLethal,2018-07-13,02:37:00,NightStreelightsOff,210,90,No,NoIntersection,Normal,Other,1 rue de la Corvée,M,47.93483698971061,4.936322946362725
201800012122,NonLethal,2018-01-08,21:00:00,TwilightOrDawn,210,154,Yes,T-type,Normal,Other,rue du maréchal Leclerc,M,47.8597304742416,4.858286597793848
201800012123,NonLethal,2018-09-22,12:05:00,Daylight,210,154,Yes,NoIntersection,Normal,Other,rue du Maréchal de Lattr,M,47.86019161325521,4.858781124887204
201800012124,NonLethal,2018-09-23,03:40:00,NightStreelightsOn,210,545,Yes,NoIntersection,Normal,Other,rue bas de la craie,M,47.86414373145514,4.864997396175096
201800012125,NonLethal,2018-09-28,22:30:00,NightNoStreetLight,210,252,No,NoIntersection,Normal,NoCollision,Chemin de TOUILLON,M,47.70890705530659,4.710729043557268
201800012126,NonLethal,2018-10-23,11:45:00,Daylight,210,154,Yes,NoIntersection,Normal,2Vehicles-BehindVehicles-Frontal,AVENUE EDOUARD HERRIOT,M,47.84997650867692,4.852133378911408
201800012127,Lethal,2018-03-12,14:10:00,Daylight,210,531,No,T-type,Normal,2Vehicles-Side,RD 906,M,47.43028164950097,4.431078091396422
201800012128,Lethal,2018-10-12,12:10:00,Daylight,210,139,No,NoIntersection,Normal,2Vehicles-BehindVehicles-Frontal,Etang de la cheteau,M,47.26938983524265,4.271540042040919
201800012129,Lethal,2018-10-19,22:40:00,NightNoStreetLight,210,629,No,NoIntersection,Normal,Other,Lieu-dit Le Bras de Fer,M,47.25424512809204,4.252770832016302
201800012130,NonLethal,2018-12-18,10:10:00,Daylight,210,380,No,NoIntersection,Overcast,Other,ROUTE DEPARTEMENTALE 70,M,47.39235443946056,4.394158409935407
201800012131,Lethal,2018-10-11,13:45:00,Daylight,210,627,No,NoIntersection,Normal,Other,Voie communale N° 07,M,47.48760455194174,4.48770312992776
201800012132,Lethal,2018-12-27,16:00:00,Daylight,210,271,No,NoIntersection,Normal,NoCollision,R.D. 905,M,47.5240092277074,4.527998620837337
201800012133,NonLethal,2018-04-30,22:30:00,NightNoStreetLight,530,25,No,NoIntersection,Normal,Other,la hobette,M,48.03149226424232,-0.030896045112027
201800012134,NonLethal,2018-08-23,05:45:00,NightNoStreetLight,530,49,No,NoIntersection,Normal,Other,Lieu-Dit La Piochère,M,48.153863168284346,-0.1532862503366671