AccidentId,Gravity,Date,Hour,Light,Department,Commune,InAgglomeration,IntersectionType,Weather,CollisionType,PostalAddress,GPSCode,Latitude,Longitude
201800012135,NonLethal,2018-10-06,08:45:00,Daylight,530,152,No,NoIntersection,Normal,Other,La doronnerie,M,47.932745612410606,-0.9331819042333168
201800012136,NonLethal,2018-09-24,00:15:00,NightNoStreetLight,530,140,No,NoIntersection,Normal,NoCollision,la ronceray,M,48.106604426385815,-0.1066333330290451
201800012138,NonLethal,2018-12-29,11:30:00,Daylight,530,264,No,NoIntersection,Normal,Other,la débaudière,M,48.00669491076131,-0.0070628342486469
201800012140,NonLethal,2018-01-11,12:10:00,Daylight,530,97,Yes,Roundabout,Normal,2Vehicles-Side,Rond point route de Vout,M,48.149651688110815,-0.1480096842026366
201800012142,NonLethal,2018-03-28,18:35:00,Daylight,530,163,Yes,NoIntersection,Normal,Other,Rue de Vionnay,M,48.154830223977,-0.1537726188943245
201800012143,NonLethal,2018-04-09,07:00:00,TwilightOrDawn,530,163,No,NoIntersection,Overcast,2Vehicles-BehindVehicles-Frontal,RD 32,M,48.15710546763594,-0.1570244785157053
201800012145,NonLethal,2018-07-16,07:00:00,Daylight,530,207,No,NoIntersection,VeryGood,2Vehicles-Behind,RD 20 PK 44+250 décroiss,M,48.129935866082526,-0.1281371882376594
201800012146,Lethal,2018-03-08,17:45:00,Daylight,530,265,No,NoIntersection,Normal,Other,RD 09 PK 29+325 croissan,M,48.10270521367513,-0.1025979298483753
201800012147,NonLethal,2018-09-22,20:30:00,NightNoStreetLight,530,265,No,NoIntersection,LightRain,Other,Ambriers,M,48.11019738756558,-0.111443131950646
201800012148,NonLethal,2018-03-30,12:00:00,Daylight,530,5,No,NoIntersection,LightRain,2Vehicles-Side,LA RIVIERE,M,48.16750809769782,-0.1652058051280264
201800012149,NonLethal,2018-04-05,15:15:00,Daylight,530,15,No,NoIntersection,Normal,2Vehicles-Behind,D123 PK15+500,M,48.16901355398703,-0.1667913567157031
201800012150,NonLethal,2018-07-05,18:15:00,Daylight,530,137,No,NoIntersection,Normal,2Vehicles-BehindVehicles-Frontal,la couvrie,M,48.07259468559725,-0.072520301133364
201800012151,NonLethal,2018-05-24,07:30:00,Daylight,530,137,No,NoIntersection,Normal,Other,D115 - LE VERGER,M,48.08296815061357,-0.0843391799098022
201800012152,NonLethal,2018-05-29,18:50:00,Daylight,530,137,Yes,X-type,Normal,2Vehicles-Side,rue du DR RAME,M,48.06419037757136,-0.0633889309893221
201800012153,NonLethal,2018-07-21,18:45:00,Daylight,530,15,No,T-type,Normal,2Vehicles-Side,Intersection VC LA JASLE,M,48.16872457381488,-0.168694663311931
201800012154,NonLethal,2018-08-19,05:25:00,NightNoStreetLight,530,182,Yes,NoIntersection,Normal,NoCollision,Chaussée de la Poulardiè,M,48.11018308476424,-0.1098611563134035
201800012156,NonLethal,2018-12-15,07:00:00,NightNoStreetLight,530,243,No,NoIntersection,LightRain,Other,RD 31,M,48.14884513562596,-0.1490776377408617
201800012157,NonLethal,2018-02-22,15:50:00,Daylight,530,110,No,NoIntersection,Normal,2Vehicles-Behind,rd28,M,47.87289706784152,-0.8731237249742986
201800012159,Lethal,2018-05-27,11:00:00,Daylight,530,78,No,NoIntersection,VeryGood,Other,Le Petit Soreau,M,47.78331974890463,-0.783977299012879
201800012160,NonLethal,2018-05-31,11:30:00,Daylight,530,62,Yes,NoIntersection,Normal,Other,25 Avenue GARNIER,M,47.8238365437446,-0.8221210563166513
201800012162,NonLethal,2018-07-25,18:30:00,Daylight,530,145,No,NoIntersection,Normal,2Vehicles-Side,rd 10 - pk7+700,M,47.85959312310551,-0.8575154458209301
201800012163,NonLethal,2018-12-08,20:00:00,Daylight,530,36,No,NoIntersection,Normal,2Vehicles-BehindVehicles-Frontal,Les gats,M,47.82651894897278,-0.8246408674418199
201800012164,NonLethal,2018-09-18,07:35:00,Daylight,530,14,No,T-type,Normal,3+Vehicles-Multiple,Carrefour CD 28 et CD 59,M,47.84116334049585,-0.8429886783944168
201800012165,NonLethal,2018-09-24,15:15:00,Daylight,530,273,No,Y-type,Normal,Other,LD La Pironnière - Voie,M,47.9340482318329,-0.9352272958735756
201800012166,Lethal,2018-09-28,19:30:00,TwilightOrDawn,530,62,No,T-type,VeryGood,Other,La Grande Tuilerie,M,47.81883396304955,-0.8193508992437714
201800012167,NonLethal,2018-04-10,18:45:00,Daylight,530,150,No,NoIntersection,Normal,NoCollision,RD 213,M,47.748443075488325,-0.7482166333393419
201800012168,NonLethal,2018-12-30,12:15:00,Daylight,530,62,Yes,X-type,Normal,2Vehicles-Side,Avenue de la Division Le,M,47.83174742012174,-0.832176953844881
201800012169,NonLethal,2018-08-01,16:45:00,Daylight,530,84,Yes,NoIntersection,Normal,Other,boulevard d'okéhampton,M,47.84469987332383,-0.8462997290887558
201800012170,NonLethal,2018-01-22,08:00:00,NightNoStreetLight,530,77,No,NoIntersection,HeavyRain,2Vehicles-BehindVehicles-Frontal,la haute,M,47.957401789756055,-0.9539945059608324
201800012171,NonLethal,2018-05-18,09:30:00,Daylight,530,180,No,NoIntersection,Normal,NoCollision,la petite orlizière,M,47.83044860068716,-0.8285185580922904
201800012172,NonLethal,2018-05-27,19:45:00,Daylight,530,258,No,T-type,VeryGood,NoCollision,RDlll - Le Plessis,M,47.85044384876763,-0.8506875575289188
201800012174,NonLethal,2018-07-22,08:30:00,Daylight,530,188,Yes,Roundabout,VeryGood,2Vehicles-Side,carrefour D77l et Dll0,M,47.795906511924365,-0.7960148062912806
201800012175,NonLethal,2018-08-09,10:20:00,Daylight,530,186,No,NoIntersection,Normal,2Vehicles-BehindVehicles-Frontal,la servenière,M,47.94453751330455,-0.9450547727553286
201800012176,NonLethal,2018-09-13,06:37:00,NightStreelightsOn,530,77,Yes,NoIntersection,LightRain,NoCollision,route de loiron,M,47.95022468555274,-0.9503103219285448
201800012177,NonLethal,2018-09-29,17:15:00,Daylight,530,188,Yes,NoIntersection,VeryGood,Other,rue de Pouancé,M,47.7921501883367,-0.7931919040287893
201800012178,NonLethal,2018-10-24,15:00:00,Daylight,530,260,No,Other,Normal,Other,LIEU-DIT LA FÉRONNIÈRE,M,47.87263149894893,-0.8753888843217281
201800012179,NonLethal,2018-11-23,17:00:00,NightNoStreetLight,530,77,Yes,Roundabout,HeavyRain,Other,rue de Nantes,M,47.93426020240165,-0.9358694128349114
201800012180,NonLethal,2018-08-12,19:10:00,NightNoStreetLight,530,73,No,T-type,LightRain,Other,LIEU DIT BEL AIR,M,47.80079966326189,-0.7999665071823129
201800012181,NonLethal,2018-12-25,11:45:00,Daylight,530,84,No,X-type,Normal,2Vehicles-Side,Boulevard d' Okehampton,M,47.84315201052949,-0.8439724451734698
201800012182,NonLethal,2018-02-01,10:15:00,Daylight,530,174,No,NoIntersection,LightRain,Other,CD l32,M,48.31646210716882,-0.3174380676036272
201800012183,NonLethal,2018-01-25,13:40:00,Daylight,530,146,No,NoIntersection,Normal,3+Vehicles-Multiple,RN 162,M,48.188774362603,-0.1891820334024437
201800012184,NonLethal,2018-02-28,16:30:00,Daylight,530,195,No,X-type,Normal,2Vehicles-Behind,N162,M,48.17740809451095,-0.1760261227787982
201800012185,Lethal,2018-08-04,19:15:00,TwilightOrDawn,530,72,No,NoIntersection,Overcast,3+Vehicles-Multiple,D24,M,48.22373630355148,-0.2221651517130211
201800012187,NonLethal,2018-07-02,11:35:00,Daylight,530,256,No,T-type,Normal,2Vehicles-Side,LE HAUT AUNAY,M,48.26344890097264,-0.2599883141291717
201800012188,Lethal,2018-07-06,11:45:00,Daylight,530,147,Yes,Roundabout,VeryGood,2Vehicles-Side,rue de la peyennière,M,48.2839448836483,-0.2853138789310507
201800012191,NonLethal,2018-07-31,17:25:00,Daylight,530,239,No,NoIntersection,Normal,NoCollision,D35 - PR 005.300,M,48.21438495464484,-0.2155129660174754
201800012192,NonLethal,2018-08-21,18:35:00,Daylight,530,146,No,Roundabout,Normal,NoCollision,Rd 12,M,48.19667967325787,-0.1979876420543909
201800012193,Lethal,2018-07-09,17:35:00,Daylight,530,113,No,T-type,Normal,2Vehicles-BehindVehicles-Frontal,RD241 - PK 02.500,M,48.255329007121794,-0.2584416999389844
201800012195,Lethal,2018-09-15,07:30:00,TwilightOrDawn,530,8,No,NoIntersection,FogOrSmoke,NoCollision,lieu dit cerisier,M,48.32130358537171,-0.3231763050419475
201800012196,Lethal,2018-09-29,15:30:00,Daylight,530,113,No,T-type,Normal,NoCollision,villoiseau,M,48.26486921449386,-0.2642300202756777
201800012197,NonLethal,2018-11-15,11:20:00,Daylight,530,147,Yes,NoIntersection,Normal,Other,22 boulevard Anatole Fra,M,48.29372828833864,-0.2967666817978819
201800012198,NonLethal,2018-12-15,08:05:00,TwilightOrDawn,530,162,No,NoIntersection,Other,3+Vehicles-Multiple,N 162,M,48.26628681906178,-0.2658270976912755
201800012199,NonLethal,2018-02-22,13:55:00,Daylight,530,107,Yes,Roundabout,Normal,2Vehicles-Side,Rue du Douanier ROUSSEAU,M,48.410023572441176,-0.4093966155819901
201800012201,NonLethal,2018-07-07,11:55:00,Daylight,530,96,Yes,NoIntersection,Normal,Other,Boulevard de l'Ernée,M,48.29940609239665,-0.2975620647535244
201800012202,Lethal,2018-07-27,21:45:00,TwilightOrDawn,530,64,No,NoIntersection,Normal,Other,RD 138 - Lieu dit la Rab,M,48.34083618371064,-0.3404773201522663
201800012203,NonLethal,2018-08-06,12:20:00,Daylight,530,93,No,NoIntersection,VeryGood,2Vehicles-BehindVehicles-Frontal,la mieltais,M,48.44419176177215,-0.4449962163481413
201800012205,NonLethal,2018-08-24,23:30:00,NightStreelightsOn,530,155,Yes,T-type,Normal,NoCollision,rue de la vigne,M,48.286913897598495,-0.2853750013547493
201800012206,NonLethal,2018-09-23,07:25:00,NightNoStreetLight,530,126,No,NoIntersection,Overcast,Other,D52l - Lieu dit Les Orci,M,48.3407033595178,-0.3400073735059723
201800012207,NonLethal,2018-07-11,16:30:00,Daylight,530,96,Yes,Other,Normal,Other,place renault morlière,M,48.295720138651234,-0.2967858992770752
201800012208,NonLethal,2018-08-01,07:05:00,NightStreelightsOn,530,111,Yes,NoIntersection,Normal,Other,29 rue de Normandie,M,48.37066309852605,-0.3691041255078091
201800012210,Lethal,2018-04-11,07:50:00,TwilightOrDawn,530,190,No,NoIntersection,Normal,Other,lieu dit le mérite,M,48.37785891154313,-0.3793222614475081
201800012211,Lethal,2018-09-07,16:45:00,Daylight,530,57,No,NoIntersection,Normal,2Vehicles-BehindVehicles-Frontal,"Lieu dit ""La Gare""",M,48.31216118063097,-0.3105997961023456
201800012212,NonLethal,2018-10-07,10:03:00,Daylight,530,111,No,NoIntersection,Normal,2Vehicles-BehindVehicles-Frontal,Lieu-dit Le Bas mortier,M,48.350883019406496,-0.3503438332586063
201800012214,NonLethal,2018-08-26,02:45:00,NightNoStreetLight,530,111,No,NoIntersection,Normal,Other,lieu dit la raverie - RD,M,48.35735357695447,-0.3589020500739314
201800012216,NonLethal,2018-09-02,12:05:00,Daylight,530,216,No,T-type,Normal,2Vehicles-Side,intersection rd 151 - rd,M,48.33282134356101,-0.3329485702143437
201800012217,NonLethal,2018-10-25,16:15:00,Daylight,530,112,No,Other,Normal,Other,Lieu dit La boucassière,M,48.36825535800348,-0.3708233901241696
201800012219,NonLethal,2018-11-25,17:48:00,NightNoStreetLight,530,170,No,NoIntersection,LightRain,Other,la baguelinière,M,48.40369070180819,-0.405195756101402
201800012220,NonLethal,2018-01-24,18:05:00,NightStreelightsOn,530,185,Yes,NoIntersection,LightRain,Other,RN 12 avenue de Bretagne,M,48.45886828193942,-0.4605068094039743
201800012221,NonLethal,2018-04-18,23:10:00,NightNoStreetLight,530,185,No,NoIntersection,Normal,NoCollision,La Sérardière,M,48.46584902527548,-0.4668227540088402
201800012222,NonLethal,2018-05-26,17:30:00,Daylight,530,185,No,NoIntersection,Normal,Other,Voie communale 3,M,48.44513173821659,-0.446042939474188
201800012223,NonLethal,2018-08-02,13:20:00,Daylight,530,246,No,NoIntersection,VeryGood,2Vehicles-BehindVehicles-Frontal,le champ coupé,M,48.40488017232695,-0.4058890115298794
201800012224,NonLethal,2018-08-28,15:15:00,Daylight,530,185,No,NoIntersection,Normal,Other,grange neuve,M,48.43716685251103,-0.435860256679673
201800012225,NonLethal,2018-11-09,16:10:00,Daylight,530,185,Yes,NoIntersection,Normal,Other,Place du monument,M,48.45739985718401,-0.4592863830824016
201800012227,NonLethal,2018-09-29,01:00:00,NightNoStreetLight,530,271,No,NoIntersection,Normal,Other,BELLE VUE,M,48.35070595544028,-0.352390106587748
201800012228,NonLethal,2018-10-11,17:35:00,NightNoStreetLight,530,133,No,NoIntersection,LightRain,Other,La belle étoile,M,48.51090137853612,-0.5120382121953818
201800012229,Lethal,2018-11-17,09:00:00,NightNoStreetLight,530,204,No,NoIntersection,Normal,NoCollision,D3,M,48.48757645716466,-0.4889151635214906
201800012230,NonLethal,2018-11-19,13:00:00,Daylight,530,185,No,T-type,VeryGood,2Vehicles-BehindVehicles-Frontal,"Lieu dit "" la pillière """,M,48.45599785719281,-0.4538681223359079
201800012231,NonLethal,2018-01-05,18:35:00,NightStreelightsOn,70,349,Yes,NoIntersection,Normal,Other,Avenue du 11 novembre -,M,44.80952668533891,4.811380675157339
201800012232,NonLethal,2018-01-18,13:15:00,Daylight,70,288,No,T-type,Normal,2Vehicles-Side,bas lignol,M,44.71953794255851,4.716842787818573
201800012233,NonLethal,2018-01-23,17:15:00,Daylight,70,240,Yes,NoIntersection,Normal,2Vehicles-Behind,Quartier Blod RD 86,M,44.85908172951367,4.856188461416877
201800012235,NonLethal,2018-12-04,08:45:00,Daylight,70,22,No,NoIntersection,LightRain,Other,route départementale 86,M,44.71344155603765,4.709952737615358
201800012237,NonLethal,2018-05-07,17:00:00,Daylight,70,27,No,NoIntersection,Normal,2Vehicles-BehindVehicles-Frontal,RD 86,M,44.82024731929364,4.818065573975009
201800012239,NonLethal,2018-06-02,20:18:00,Daylight,70,198,No,NoIntersection,Normal,NoCollision,RD 104 - LES FONTS DU PO,M,44.75974098343359,4.756600441183082
201800012240,NonLethal,2018-06-06,21:30:00,TwilightOrDawn,70,349,Yes,NoIntersection,Normal,2Vehicles-Behind,11 rue Louis Antériou,M,44.80232824637922,4.802978050575703
201800012241,NonLethal,2018-06-16,01:30:00,NightNoStreetLight,70,349,No,NoIntersection,Normal,2Vehicles-Behind,"6 Route de LIVRON, Quart",M,44.80061592392319,4.798820133364757
201800012242,NonLethal,2018-06-17,11:35:00,Daylight,70,349,Yes,NoIntersection,Normal,Other,24 rue de la blache,M,44.81056914260344,4.80876751972135
201800012243,NonLethal,2018-06-21,14:45:00,Daylight,70,167,No,Other,Normal,2Vehicles-Side,Départementale 120,M,44.80733278535848,4.809837463985818
201800012244,NonLethal,2018-07-18,18:50:00,Daylight,70,66,Yes,NoIntersection,Normal,2Vehicles-Side,Place du champ de mars,M,44.71082547082415,4.708722533084215
201800012245,NonLethal,2018-07-19,13:00:00,Daylight,70,255,No,NoIntersection,Normal,3+Vehicles-Chain,Route Départementale 104,M,44.7577574168964,4.757352069667515
201800012246,Lethal,2018-04-09,09:55:00,Daylight,70,349,Yes,NoIntersection,Normal,Other,AVENUE DU 11 NOVEMBRE,M,44.81209119009692,4.814436295796457
201800012247,NonLethal,2018-04-09,16:30:00,Daylight,70,181,No,NoIntersection,Normal,2Vehicles-Side,D104,M,44.75560716097862,4.75639434385696
201800012248,NonLethal,2018-09-09,05:20:00,NightStreelightsOn,70,349,Yes,NoIntersection,Normal,Other,RD86F route de livron su,M,44.79971522081557,4.7992620871351725
201800012249,NonLethal,2018-10-10,17:20:00,Daylight,70,181,No,NoIntersection,LightRain,2Vehicles-BehindVehicles-Frontal,RD104 - Route de PRIVAS,M,44.75709594089952,4.758817076727597
201800012250,NonLethal,2018-12-10,03:10:00,NightStreelightsOn,70,181,Yes,NoIntersection,Normal,NoCollision,d86,M,44.76038018541935,4.76079683566839
201800012251,NonLethal,2018-12-10,15:30:00,Daylight,70,198,Yes,Other,Normal,3+Vehicles-Chain,RD104 Les fonts du Pouzi,M,44.76031423535289,4.760999904390131
201800012252,NonLethal,2018-10-11,12:25:00,Daylight,70,349,Yes,NoIntersection,Normal,2Vehicles-Behind,34 avenue léon blum,M,44.80856096013601,4.806130446223114
201800012253,NonLethal,2018-11-23,12:10:00,Daylight,70,181,Yes,NoIntersection,LightRain,Other,RD 86,M,44.75101695249976,4.750064802297125
201800012254,NonLethal,2018-12-13,07:30:00,Daylight,70,55,No,Other,Other,2Vehicles-BehindVehicles-Frontal,départementale 11,M,44.867932123473736,4.867839039471044
201800012255,Lethal,2018-12-13,13:25:00,Daylight,70,261,Yes,NoIntersection,Normal,Other,295 Cours du temple,M,,
201800012256,NonLethal,2018-05-15,08:00:00,Daylight,70,319,No,NoIntersection,LightRain,3+Vehicles-Multiple,les combes,M,44.55882468042914,4.55765811960931
201800012257,NonLethal,2018-06-20,23:00:00,NightStreelightsOn,70,319,Yes,NoIntersection,Normal,Other,Rue de la RÉPUBLIQUE,M,44.55261910928613,4.5510887281659
201800012258,NonLethal,2018-07-25,16:45:00,Daylight,70,76,No,NoIntersection,Normal,2Vehicles-Behind,RD 86,M,44.6551969060374,4.657777461251805
201800012259,NonLethal,2018-07-27,04:30:00,NightStreelightsOn,70,76,No,NoIntersection,Normal,2Vehicles-Behind,rd 86,M,44.63457616698178,4.636085172718982
201800012261,Lethal,2018-09-29,16:30:00,Daylight,70,346,No,NoIntersection,Normal,2Vehicles-Behind,D86J,M,44.45221927138806,4.453480341065241
201800012263,NonLethal,2018-11-28,13:05:00,Daylight,70,346,No,NoIntersection,Normal,Other,RD 86,M,44.44863446919148,4.44755394280982
201800012264,NonLethal,2018-12-03,10:00:00,Daylight,70,300,Yes,Roundabout,LightRain,2Vehicles-BehindVehicles-Frontal,lieu dit les crottes,M,44.50407746197773,4.50453060644741
201800012266,NonLethal,2018-02-04,17:30:00,Daylight,70,30,No,NoIntersection,Normal,Other,RD 120 - Pont du Talaron,M,44.87737358881834,4.877790228803469
201800012267,NonLethal,2018-05-11,20:00:00,Daylight,70,295,No,NoIntersection,Normal,Other,Le garay,M,44.82878775809872,4.827996199075132
201800012268,NonLethal,2018-05-30,18:00:00,Daylight,70,237,No,NoIntersection,HeavyRain,NoCollision,RD 120 - LIEU DIT PRALY,M,44.8183301285011,4.816510973974867
201800012270,NonLethal,2018-08-10,14:30:00,Daylight,70,167,No,NoIntersection,Normal,Other,D120 - la pimpie,M,44.8139605954333,4.815529604899083
201800012271,NonLethal,2018-07-08,18:35:00,Daylight,70,96,No,NoIntersection,Normal,Other,d120,M,44.85295897844425,4.853350707003279
201800012272,NonLethal,2018-08-27,11:10:00,Daylight,70,96,No,NoIntersection,Normal,NoCollision,pont de moulinas,M,44.853484480791685,4.850627457216203
201800012273,NonLethal,2018-08-28,12:00:00,Daylight,70,184,No,NoIntersection,Normal,Other,RD 2,M,44.76684676881902,4.766726189423541
201800012274,NonLethal,2018-09-15,01:30:00,NightNoStreetLight,70,167,No,NoIntersection,Normal,Other,"RD120 PK 14,500",M,44.82106641990679,4.819048738514792
201800012275,NonLethal,2018-12-26,16:25:00,Daylight,70,199,No,Roundabout,VeryGood,2Vehicles-Behind,rond point de chapias,M,44.49276588261189,4.4932502571611685
201800012276,NonLethal,2018-06-04,16:30:00,Daylight,70,110,No,NoIntersection,Normal,NoCollision,D 104,M,44.47300751292558,4.475410288992387
201800012277,NonLethal,2018-04-28,23:30:00,NightStreelightsOn,70,199,Yes,NoIntersection,Normal,2Vehicles-BehindVehicles-Frontal,RD 104 Face Le Grillou,M,44.48230889179442,4.483177754533027
201800012278,NonLethal,2018-05-14,22:11:00,NightNoStreetLight,70,162,No,NoIntersection,Normal,NoCollision,RD 4,M,44.50047483110992,4.500996497152506
201800012279,NonLethal,2018-06-12,10:15:00,Daylight,70,327,No,NoIntersection,Normal,3+Vehicles-Chain,route d'ales,M,44.51946374692483,4.516616562810077
201800012280,NonLethal,2018-07-11,17:05:00,Daylight,70,134,No,NoIntersection,Normal,Other,D104,M,44.50182630380731,4.500526468440856
201800012281,NonLethal,2018-03-08,19:35:00,Daylight,70,132,No,NoIntersection,Normal,2Vehicles-BehindVehicles-Frontal,Départementale 5 Sens Uz,M,44.53490470786651,4.533159619756628
201800012282,NonLethal,2018-09-05,08:45:00,Daylight,70,110,No,Roundabout,VeryGood,Other,D104,M,44.47293421734154,4.473418627712299
201800012283,NonLethal,2018-10-21,17:00:00,Daylight,70,329,No,NoIntersection,Normal,NoCollision,RD24,M,44.59655320209703,4.595996930120185
201800012284,Lethal,2018-10-28,20:20:00,NightNoStreetLight,70,117,No,NoIntersection,Overcast,Other,chemin de brujas,M,44.47156555000792,4.470792316314843
201800012285,NonLethal,2018-11-20,18:40:00,NightNoStreetLight,70,110,No,NoIntersection,HeavyRain,NoCollision,RD203,M,44.48975386429843,4.487493576708861
201800012287,NonLethal,2018-02-14,08:30:00,Daylight,70,230,No,NoIntersection,Normal,Other,"cd 104, PK 27+950",M,44.714320798984566,4.710798570801865
201800012288,NonLethal,2018-04-08,18:30:00,Daylight,70,339,No,NoIntersection,Normal,2Vehicles-BehindVehicles-Frontal,Lieu dit Chauliac,M,44.66491940876449,4.665399125730138
201800012289,Lethal,2018-10-07,16:45:00,Daylight,70,296,No,NoIntersection,Normal,3+Vehicles-Multiple,PK48.6 CD104,M,44.57835856585411,4.577726292602166
201800012290,NonLethal,2018-07-16,08:05:00,Daylight,70,296,No,NoIntersection,Normal,3+Vehicles-Multiple,CD1O4,M,44.57666351212148,4.577248768898865
201800012291,NonLethal,2018-07-18,05:15:00,NightStreelightsOn,70,122,No,NoIntersection,Normal,Other,RD 104 B - Route de Lach,M,44.5635052956525,4.562470695223279
201800012293,NonLethal,2018-08-21,16:15:00,Daylight,70,158,No,NoIntersection,Normal,NoCollision,"D578, Le col",M,44.80993802116552,4.809006076437329
201800012294,NonLethal,2018-09-28,17:35:00,Daylight,70,122,Yes,NoIntersection,Normal,2Vehicles-Behind,Route de St Sernin,M,44.56221383225259,4.561051378309606
201800012295,NonLethal,2018-04-01,01:00:00,NightNoStreetLight,70,119,No,NoIntersection,Normal,NoCollision,D16,M,44.82156455710927,4.821815294665395
201800012296,NonLethal,2018-07-15,16:50:00,Daylight,70,153,No,NoIntersection,Normal,NoCollision,RN102,M,44.66872410190875,4.667279969050594
201800012297,NonLethal,2018-08-09,18:20:00,Daylight,70,232,No,NoIntersection,Normal,NoCollision,D239,M,44.64677724004102,4.645662909241711
201800012298,NonLethal,2018-03-08,08:00:00,Daylight,70,17,No,NoIntersection,Normal,NoCollision,fude,M,44.432369007104406,4.43294730740887
201800012299,NonLethal,2018-05-01,12:30:00,Daylight,70,17,No,NoIntersection,LightRain,NoCollision,D 104A,M,44.42496397161987,4.422740458997774
201800012300,Lethal,2018-08-06,18:00:00,Daylight,70,17,No,NoIntersection,LightRain,Other,cd104A,M,44.422755737275736,4.423235138068398
201800012301,NonLethal,2018-07-07,17:50:00,Daylight,70,334,Yes,NoIntersection,Normal,Other,Route du Vivarais - RD10,M,44.41207114113148,4.410811104380655
201800012302,NonLethal,2018-07-19,16:50:00,Daylight,70,334,No,NoIntersection,Normal,NoCollision,Chemin de l'Hermitage -,M,44.40139480420653,4.403019746412246
201800012303,NonLethal,2018-07-21,18:30:00,Daylight,70,211,No,NoIntersection,Normal,NoCollision,Chadouillet,M,44.319007754256965,4.321507213045476
201800012304,NonLethal,2018-08-22,15:55:00,Daylight,70,148,No,NoIntersection,Overcast,Other,"Lieu-dit Aubrias, Route",M,44.33757982172081,4.335706380506671
201800012305,NonLethal,2018-11-16,21:00:00,NightNoStreetLight,70,280,No,NoIntersection,Other,Other,Dl30 - PK l5+550 - Route,M,44.31949551812559,4.320025439256051
201800012306,NonLethal,2018-11-18,15:00:00,Daylight,70,280,No,NoIntersection,Normal,NoCollision,Route départementale 901,M,44.33483928176262,4.334363507883728
201800012307,Lethal,2018-12-13,16:10:00,Daylight,70,31,No,NoIntersection,LightRain,NoCollision,D104,M,44.37389423310453,4.374707610913935
201800012309,NonLethal,2018-12-04,21:00:00,NightNoStreetLight,70,207,No,NoIntersection,LightRain,Other,D208 - Le Sarte,M,44.42699748257252,4.426569413388107
201800012310,NonLethal,2018-04-27,19:30:00,Daylight,70,304,No,NoIntersection,Normal,3+Vehicles-Multiple,D579 face chemin de Cham,M,44.37492062473056,4.376960508088091
201800012311,NonLethal,2018-05-04,19:30:00,Daylight,70,101,No,NoIntersection,Normal,2Vehicles-BehindVehicles-Frontal,D111,M,44.405933833513465,4.405465744644884
201800012312,NonLethal,2018-05-26,12:45:00,Daylight,70,330,No,NoIntersection,Normal,Other,CD 579,M,44.43004442525942,4.428707911363806
201800012313,NonLethal,2018-07-02,16:45:00,Daylight,70,126,No,NoIntersection,Normal,NoCollision,D 4,M,44.4012689311762,4.4006272963149655
201800012314,NonLethal,2018-07-08,16:30:00,Daylight,70,330,No,NoIntersection,Normal,2Vehicles-BehindVehicles-Frontal,D290 - Pont de Tioure,M,44.38634100010871,4.384790819137249
201800012315,NonLethal,2018-10-07,14:00:00,Daylight,70,330,Yes,NoIntersection,Normal,2Vehicles-BehindVehicles-Frontal,Avenue Jean Jaures,M,44.40557386222431,4.406553216596725
201800012316,NonLethal,2018-08-14,16:50:00,Daylight,70,330,No,NoIntersection,VeryGood,2Vehicles-Side,CD4,M,44.4077097141388,4.4072797618475
201800012318,NonLethal,2018-10-14,10:15:00,Daylight,70,126,No,NoIntersection,Normal,2Vehicles-Side,Quartier L'Hardy,M,44.45203274520972,4.449876289422138
201800012319,NonLethal,2018-05-11,12:45:00,Daylight,70,207,Yes,NoIntersection,LightRain,2Vehicles-Side,Départementale 208 - Ave,M,44.43641602396257,4.435369486036285
201800012320,NonLethal,2018-01-28,00:58:00,NightNoStreetLight,70,143,Yes,NoIntersection,Normal,2Vehicles-Side,211 rue du 2 septembre,M,45.351732773862736,4.353166744010692
201800012321,NonLethal,2018-04-13,15:30:00,Daylight,70,78,Yes,Roundabout,Normal,Other,avenue de la république,M,45.25518139674576,4.255677736208503
201800012322,NonLethal,2018-04-30,07:20:00,TwilightOrDawn,70,10,Yes,Roundabout,Normal,Other,25 avenue Jean Joseph BE,M,45.24996078987853,4.250828333562119
201800012323,NonLethal,2018-05-31,15:45:00,Daylight,70,197,Yes,NoIntersection,Normal,2Vehicles-Side,RD 578,M,45.222095417827255,4.219714933287194
201800012324,NonLethal,2018-07-06,20:50:00,Daylight,70,10,Yes,NoIntersection,Normal,Other,15 avenue Rhin et Danube,M,,