AccidentId,Gravity,Date,Hour,Light,Department,Commune,InAgglomeration,IntersectionType,Weather,CollisionType,PostalAddress,GPSCode,Latitude,Longitude
201800012325,Lethal,2018-07-13,10:20:00,Daylight,70,197,No,NoIntersection,Normal,2Vehicles-BehindVehicles-Frontal,D578A,M,45.21100303390711,4.2110187443854485
201800012326,NonLethal,2018-07-13,18:10:00,Daylight,70,258,No,NoIntersection,Normal,NoCollision,D121,M,45.15544032622631,4.155267912466545
201800012327,NonLethal,2018-07-14,09:00:00,Daylight,70,143,No,LevelCrossing,Normal,2Vehicles-Side,rd86,M,45.349611031468825,4.350135006361849
201800012328,NonLethal,2018-07-28,14:25:00,Daylight,70,197,No,NoIntersection,Normal,NoCollision,D578A,M,45.22119618864728,4.22090927553969
201800012329,NonLethal,2018-07-27,10:35:00,Daylight,70,344,No,NoIntersection,Normal,Other,départementale 342,M,45.32277743144133,4.323589729095432
201800012330,NonLethal,2018-12-16,17:20:00,TwilightOrDawn,70,10,Yes,NoIntersection,LightRain,2Vehicles-BehindVehicles-Frontal,rue du quebec,M,45.24741637060863,4.247100971156619
201800012331,NonLethal,2018-01-26,12:25:00,Daylight,70,52,No,NoIntersection,SnowOrHail,2Vehicles-BehindVehicles-Frontal,D533 lieu dit le bâtimen,M,44.94079274126809,4.940810931756909
201800012333,NonLethal,2018-04-19,06:36:00,Daylight,70,129,No,NoIntersection,Normal,Other,RD 578,M,44.97928955477379,4.978205294524607
201800012334,NonLethal,2018-04-20,14:12:00,Daylight,70,338,No,NoIntersection,Normal,Other,D2,M,44.928532402060405,4.930229698321824
201800012335,NonLethal,2018-05-07,14:30:00,Daylight,70,338,No,NoIntersection,Normal,Other,d14,M,44.90590629291217,4.906956598394337
201800012337,NonLethal,2018-06-09,16:45:00,Daylight,70,129,No,NoIntersection,Normal,2Vehicles-BehindVehicles-Frontal,RD533 PK23+700 - les bru,M,44.986541977721096,4.986399630768343
201800012338,NonLethal,2018-07-07,11:16:00,Daylight,70,218,No,Other,VeryGood,2Vehicles-Behind,RD578,M,44.96392041334663,4.959248286954325
201800012339,NonLethal,2018-07-22,19:35:00,Daylight,70,7,No,Other,Normal,2Vehicles-Behind,RD 533,M,44.9280347691743,4.929832023146124
201800012340,NonLethal,2018-08-16,15:15:00,Daylight,70,129,Yes,NoIntersection,Normal,NoCollision,avenue victor descours,M,44.98670177074605,4.98831820560689
201800012341,NonLethal,2018-09-22,18:50:00,Daylight,70,73,No,NoIntersection,Normal,2Vehicles-Side,d 534,M,45.01211846485937,4.010355013931723
201800012342,NonLethal,2018-11-10,16:10:00,Daylight,70,52,No,NoIntersection,Normal,2Vehicles-Side,RD 533 col de leyrisse,M,44.93752664746192,4.938850743675221
201800012343,NonLethal,2018-10-13,23:15:00,NightNoStreetLight,70,129,No,NoIntersection,Normal,Other,D533,M,44.98277404629452,4.982659372379949
201800012344,NonLethal,2018-10-15,18:05:00,Daylight,70,338,No,NoIntersection,LightRain,2Vehicles-Behind,hameau de mirabelle,M,44.915688665098855,4.916672752731853
201800012345,NonLethal,2018-01-11,09:00:00,Daylight,70,52,No,NoIntersection,LightRain,NoCollision,Col de leyrisse,M,44.937395288279845,4.938885408941118
201800012346,NonLethal,2018-01-01,22:30:00,NightStreelightsOn,70,64,No,NoIntersection,LightRain,2Vehicles-Side,CD 578 - PR 63 + 32,M,44.90320612124533,4.902850440091043
201800012347,NonLethal,2018-10-01,07:55:00,TwilightOrDawn,70,108,No,NoIntersection,LightRain,NoCollision,Route départementale 12O,M,44.924606510948266,4.923964435677854
201800012349,NonLethal,2018-03-05,17:15:00,Daylight,70,108,No,NoIntersection,LightRain,NoCollision,D 120,M,44.924117164296085,4.92292628274484
201800012350,NonLethal,2018-10-03,16:00:00,Daylight,70,204,Yes,NoIntersection,LightRain,Other,RD 120A bis,M,45.010172476295885,4.009945128151563
201800012352,NonLethal,2018-04-27,17:50:00,Daylight,70,267,No,NoIntersection,Normal,Other,D 237 - PR 17+600,M,44.86058663768413,4.86126256088183
201800012353,NonLethal,2018-05-09,11:30:00,Daylight,70,64,No,Other,Normal,2Vehicles-BehindVehicles-Frontal,D578 lieu dit la couarde,M,44.91611788878461,4.917076530540493
201800012356,NonLethal,2018-06-23,11:50:00,Daylight,70,114,No,NoIntersection,Normal,NoCollision,Départementale 228,M,45.03238367309279,4.030573678432996
201800012357,NonLethal,2018-07-04,19:10:00,Daylight,70,82,No,NoIntersection,Normal,Other,Lieu-dit LA CHAISE,M,44.86083178600964,4.860607111519872
201800012358,NonLethal,2018-07-18,14:45:00,Daylight,70,204,Yes,NoIntersection,Normal,Other,Lichessol,M,44.98492178036967,4.986355831339947
201800012359,NonLethal,2018-07-19,15:30:00,Daylight,70,204,Yes,NoIntersection,Normal,2Vehicles-Behind,Lichessol,M,44.98443429861831,4.985421919964175
201800012360,NonLethal,2018-08-18,11:20:00,Daylight,70,64,No,NoIntersection,Normal,2Vehicles-BehindVehicles-Frontal,RD 120 - Z.I LA PALISSE,M,44.91365278740973,4.913474700562888
201800012361,NonLethal,2018-08-26,12:15:00,Daylight,70,204,No,NoIntersection,Normal,2Vehicles-Side,"Lieu dit ""Le pontet""",M,44.9911343354486,4.990912073510833
201800012362,NonLethal,2018-01-09,16:00:00,Daylight,70,215,Yes,NoIntersection,Normal,Other,Burianne,M,44.88980837869279,4.889276767661397
201800012364,NonLethal,2018-10-05,18:00:00,Daylight,70,82,No,NoIntersection,Normal,Other,Lieu Dit La Chaise - RD,M,44.863287237769214,4.862689993742874
201800012365,NonLethal,2018-10-31,19:55:00,NightStreelightsOn,70,222,Yes,NoIntersection,HeavyRain,Other,Le Village,M,44.9253401478735,4.925540979620879
201800012366,NonLethal,2018-12-17,18:45:00,NightNoStreetLight,70,54,No,NoIntersection,Normal,Other,D278 LE MOUNEYRON,M,44.94466692340599,4.941391296891785
201800012368,NonLethal,2018-05-01,22:30:00,NightNoStreetLight,70,309,No,NoIntersection,LightRain,NoCollision,perret,M,45.14328846355197,4.144337852400756
201800012369,NonLethal,2018-07-18,06:30:00,TwilightOrDawn,70,301,No,NoIntersection,Normal,Other,D 532 Lieu dit La Plaine,M,45.11362976253573,4.110651539886577
201800012370,NonLethal,2018-11-15,20:40:00,NightNoStreetLight,70,205,No,NoIntersection,Normal,Other,route du cabaret neuf D,M,45.18198876612252,4.179464446178226
201800012371,NonLethal,2018-09-02,15:25:00,Daylight,160,119,No,NoIntersection,Overcast,2Vehicles-Side,La Cote,M,45.548053605239325,2.545871178148539
201800012372,NonLethal,2018-02-16,06:15:00,NightNoStreetLight,160,263,No,NoIntersection,LightRain,Other,Le Champ des Murailles,M,45.52764576499376,1.5276929218989783
201800012374,NonLethal,2018-03-15,16:10:00,Daylight,160,101,No,NoIntersection,LightRain,Other,Chez Dorgnion,M,45.553651235849216,6.552317651564311
201800012375,NonLethal,2018-04-20,11:50:00,Daylight,160,287,Yes,NoIntersection,Normal,Other,Chez Thibaud,M,45.56030642811233,5.559847529182099
201800012376,NonLethal,2018-05-11,08:17:00,Daylight,160,198,No,Y-type,Normal,2Vehicles-Side,Pont Maubras,M,45.5167078088426,2.512981900926341
201800012377,NonLethal,2018-06-17,16:30:00,Daylight,160,47,No,T-type,Normal,NoCollision,"""le mas""",M,45.48644602498973,3.4855457159102974
201800012378,NonLethal,2018-06-19,20:40:00,TwilightOrDawn,160,143,No,NoIntersection,Normal,2Vehicles-Side,Le Bois du Roc,M,45.51038588949214,1.5100594212859344
201800012379,NonLethal,2018-01-07,10:15:00,Daylight,160,263,No,X-type,Normal,2Vehicles-Side,lieu dit la croix chamai,M,45.53007121189665,4.529740943028654
201800012380,NonLethal,2018-07-28,15:00:00,Daylight,160,21,No,NoIntersection,Normal,Other,Bel air,M,45.48550886764341,9.486220852793643
201800012381,NonLethal,2018-08-24,10:55:00,Daylight,160,418,Yes,NoIntersection,Normal,Other,29 rue de Montmoreau,M,45.58376385141621,1.5852566211684425
201800012383,NonLethal,2018-04-09,07:00:00,Daylight,160,47,No,NoIntersection,Normal,Other,,M,45.47781731024218,3.477171856897679
201800012384,NonLethal,2018-08-09,00:02:00,NightNoStreetLight,160,287,No,NoIntersection,Normal,NoCollision,LD La Font de Frêne,M,45.59908732250684,7.599221945071361
201800012385,NonLethal,2018-10-21,03:05:00,NightNoStreetLight,160,175,No,NoIntersection,Normal,2Vehicles-Behind,LD Le Plantis,M,45.531937807824846,-0.5306696464642019
201800012386,NonLethal,2018-10-29,18:35:00,NightStreelightsOn,160,101,No,X-type,Normal,2Vehicles-Side,Ld La Croix Debaud,M,45.53889365426407,3.537383965385665
201800012387,NonLethal,2018-10-30,10:20:00,Daylight,160,125,No,NoIntersection,Overcast,NoCollision,,M,45.48395732326467,3.485361756462368
201800012389,NonLethal,2018-01-26,22:00:00,NightNoStreetLight,160,180,No,NoIntersection,Normal,Other,D2 La Brandinière,M,45.26688074429669,1.2671372226089568
201800012390,NonLethal,2018-03-23,18:20:00,TwilightOrDawn,160,350,No,Y-type,LightRain,2Vehicles-BehindVehicles-Frontal,LA JARRIGE,M,45.325981750259416,2.3269471243450868
201800012392,NonLethal,2018-06-25,09:10:00,Daylight,160,73,No,T-type,VeryGood,2Vehicles-Side,,M,45.26243938074823,4.26202074782018
201800012393,NonLethal,2018-09-12,15:15:00,Daylight,160,49,No,NoIntersection,Normal,NoCollision,Ld Roumagou,M,45.24575862045513,1.2467833630709344
201800012394,Lethal,2018-12-01,00:45:00,NightNoStreetLight,160,4,No,NoIntersection,FogOrSmoke,Other,,M,45.43460716224181,1.435860621300382
201800012395,NonLethal,2018-01-25,18:15:00,NightNoStreetLight,160,280,Yes,X-type,LightRain,2Vehicles-Side,Chez Salot,M,45.751438850865846,3.7499136060071616
201800012396,NonLethal,2018-02-21,15:55:00,Daylight,160,379,No,Roundabout,Normal,2Vehicles-Behind,le lac des Chameaux,M,45.78651865716627,4.788299033217673
201800012397,NonLethal,2018-07-04,14:45:00,Daylight,160,422,No,NoIntersection,SnowOrHail,2Vehicles-Side,le bourg,M,45.607410098928185,3.6062223568269594
201800012398,NonLethal,2018-07-20,12:10:00,Daylight,160,344,No,NoIntersection,Normal,2Vehicles-Side,,M,45.73115032409348,3.728433978028051
201800012399,Lethal,2018-09-28,17:00:00,Daylight,160,67,No,NoIntersection,Normal,Other,Ld MONTGOUMARD,M,45.70087232990855,3.70284649230035
201800012400,NonLethal,2018-11-10,18:25:00,NightNoStreetLight,160,250,No,NoIntersection,HeavyRain,Other,lieu-dit PUYMIREAUX,M,45.69646866113912,4.694791602650381
201800012401,NonLethal,2018-11-18,14:45:00,Daylight,160,223,Yes,NoIntersection,Normal,2Vehicles-Side,Agglo de l'Arbre,M,45.7361756235346,5.738942731654002
201800012402,NonLethal,2018-12-13,20:25:00,NightStreelightsOn,160,93,Yes,Roundabout,Normal,2Vehicles-Side,Le bourg,M,45.64638321974633,3.648684683333122
201800012403,NonLethal,2018-12-19,14:00:00,Daylight,160,368,No,NoIntersection,Normal,Other,Le Bois e la Bergerie,M,45.59007245719692,3.588321309605132
201800012405,NonLethal,2018-08-31,16:55:00,Daylight,160,247,No,NoIntersection,Normal,2Vehicles-Behind,PK 75+400,M,45.52116090141289,-0.5215268772432659
201800012406,NonLethal,2018-10-17,19:00:00,NightNoStreetLight,160,360,No,X-type,Normal,2Vehicles-Side,le Maine a Joubert,M,45.453618679208326,-0.4522523600934541
201800012407,NonLethal,2018-11-20,20:15:00,NightNoStreetLight,160,177,No,NoIntersection,Normal,2Vehicles-Behind,LD Le Pontil,M,45.524614566487706,-0.5227137242587542
201800012409,NonLethal,2018-12-18,19:10:00,NightNoStreetLight,160,301,No,T-type,HeavyRain,2Vehicles-Side,,M,45.42629993920063,-0.4259684582505663
201800012411,NonLethal,2018-06-24,03:40:00,NightNoStreetLight,160,216,Yes,NoIntersection,Normal,Other,Traverse de Bourras,M,45.69123374753244,-0.693064488146912
201800012412,Lethal,2018-08-14,13:45:00,Daylight,160,167,Yes,NoIntersection,Normal,Other,avenue de l'Europe,M,45.68709082938624,-0.687021721052059
201800012413,NonLethal,2018-09-30,01:15:00,NightStreelightsOn,160,167,Yes,NoIntersection,Normal,Other,28 route de julienne,M,45.68169124562124,-0.6827499328944746
201800012414,Lethal,2018-10-23,16:58:00,Daylight,160,320,No,NoIntersection,Normal,2Vehicles-BehindVehicles-Frontal,Ld Les Coudrasses,M,45.75972030454037,-0.7605146958381426
201800012415,NonLethal,2018-10-25,21:10:00,NightNoStreetLight,160,216,No,NoIntersection,Normal,Other,Bourras,M,45.687804818926,-0.6899408489034773
201800012417,Lethal,2018-11-30,15:15:00,Daylight,160,286,Yes,Roundabout,Normal,Other,,M,45.77674304027352,-0.774265067436126
201800012418,NonLethal,2018-10-01,23:00:00,NightNoStreetLight,160,337,No,NoIntersection,Normal,NoCollision,le Bourgnaud,M,45.97051260349788,7.971340988852894
201800012419,NonLethal,2018-01-27,01:10:00,NightStreelightsOn,160,106,Yes,NoIntersection,Normal,Other,rue des butes,M,46.01277088556591,6.01360531226292
201800012420,NonLethal,2018-02-18,17:30:00,TwilightOrDawn,160,259,No,NoIntersection,Normal,2Vehicles-BehindVehicles-Frontal,le clos du rateau,M,45.87512869789308,6.87609324442489
201800012421,NonLethal,2018-02-26,16:30:00,Daylight,160,106,Yes,NoIntersection,Normal,Other,Rue ST Barthelemy,M,46.0179000354721,6.019240837022484
201800012422,NonLethal,2018-04-06,15:00:00,Daylight,160,337,No,NoIntersection,Normal,2Vehicles-Behind,la Courtaudie,M,45.97292480508253,6.972135647141492
201800012423,Lethal,2018-05-07,19:00:00,Daylight,160,181,No,NoIntersection,Normal,2Vehicles-BehindVehicles-Frontal,Le Pre Meunier,M,46.074997928579606,6.0730837423030914
201800012425,Lethal,2018-05-29,04:10:00,NightNoStreetLight,160,65,No,NoIntersection,Normal,Other,LD La Folie,M,46.0789876479402,7.079444089619649
201800012426,Lethal,2018-06-26,19:30:00,Daylight,160,1,No,NoIntersection,VeryGood,Other,La Cavaille,M,46.07161039722246,6.071802854705671
201800012428,NonLethal,2018-08-21,15:30:00,Daylight,160,106,No,NoIntersection,Normal,Other,Les Pres St Georges,M,46.022298337534814,6.023773746114836
201800012430,NonLethal,2018-11-07,12:45:00,Daylight,160,363,No,T-type,LightRain,2Vehicles-Side,LD Moulin de Tatevin,M,45.95993444083384,7.962063802026411
201800012431,NonLethal,2018-02-18,03:00:00,NightStreelightsOff,160,206,Yes,NoIntersection,FogOrSmoke,Other,rue des Bouviers,M,45.87832044043411,1.876630469939228
201800012432,NonLethal,2018-06-06,18:20:00,Daylight,160,393,Yes,T-type,Overcast,2Vehicles-Side,7 Rue principale,M,45.761359528026205,1.759176962653399
201800012433,NonLethal,2018-06-06,20:15:00,Daylight,160,392,No,X-type,Normal,2Vehicles-Side,les Mottes,M,45.897802366440914,3.897035335207484
201800012434,Lethal,2018-07-10,14:50:00,Daylight,160,191,No,NoIntersection,Normal,2Vehicles-Behind,Les Maisons Rouges,M,45.93794858170145,1.9411676208922903
201800012435,NonLethal,2018-07-29,07:15:00,Daylight,160,412,No,NoIntersection,Normal,Other,chemin de Puyperoux,M,45.797639472908486,1.7979773872569944
201800012437,NonLethal,2018-10-10,20:20:00,NightStreelightsOn,160,206,Yes,NoIntersection,HeavyRain,Other,Les Chenevieres,M,45.87689830812255,1.8764289234720808
201800012438,NonLethal,2018-11-10,10:55:00,Daylight,160,11,No,NoIntersection,HeavyRain,2Vehicles-Behind,,M,45.76062260855854,1.7609994343459867
201800012439,Lethal,2018-02-21,11:26:00,Daylight,160,85,No,NoIntersection,Normal,2Vehicles-BehindVehicles-Frontal,Ld Russas,M,45.79700652811288,4.79828595492106
201800012440,NonLethal,2018-02-21,13:20:00,Daylight,160,308,No,X-type,Normal,2Vehicles-Side,Maison Rouge,M,45.88306687722074,4.882208199968355
201800012442,NonLethal,2018-07-10,12:45:00,Daylight,160,336,No,NoIntersection,Normal,NoCollision,Les Chabrolles,M,45.82719643030741,4.830083055724373
201800012443,NonLethal,2018-08-02,18:15:00,Daylight,160,398,No,NoIntersection,Normal,Other,Les Terres de chez Ruban,M,45.78656912871526,6.787281742913562
201800012445,NonLethal,2018-04-10,17:50:00,Daylight,160,85,Yes,Square,Normal,Other,Place du champs de foire,M,45.82452550355974,4.824403057524948
201800012446,NonLethal,2018-11-28,15:25:00,Daylight,160,85,No,NoIntersection,Overcast,2Vehicles-Behind,LD Jardenat,M,45.82296687187733,4.824576119094172
201800012447,Lethal,2018-12-10,15:00:00,Daylight,160,85,No,NoIntersection,Normal,2Vehicles-Behind,RN 141 PK 34+376,M,45.82301052257901,4.823662541004719
201800012448,NonLethal,2018-12-17,09:00:00,Daylight,160,195,No,X-type,Normal,2Vehicles-Side,Ld La Taize,M,45.86600775069747,4.8667663854276055
201800012449,NonLethal,2018-12-01,17:00:00,Daylight,160,76,No,NoIntersection,Normal,Other,Ld Bellevue,M,45.98181337201284,4.979749083395517
201800012451,NonLethal,2018-06-14,18:30:00,Daylight,160,38,No,T-type,Normal,2Vehicles-Behind,,M,46.03542129128792,4.034800106130051
201800012452,NonLethal,2018-06-30,09:30:00,Daylight,160,2,No,NoIntersection,Normal,Other,,M,46.069568920636215,1.0705754228807378
201800012453,NonLethal,2018-09-21,07:55:00,TwilightOrDawn,160,292,No,T-type,Normal,2Vehicles-Side,route de Sauze Vaussée,M,46.034551049797074,1.033304703326188
201800012454,NonLethal,2018-09-28,16:10:00,Daylight,160,400,No,X-type,Normal,2Vehicles-Behind,D26,M,45.99384171152337,2.99379391953823
201800012455,NonLethal,2018-10-19,01:50:00,NightNoStreetLight,160,268,No,NoIntersection,Normal,NoCollision,LD Grand Moulin,M,45.968704786902464,2.970392485589376
201800012456,NonLethal,2018-11-16,16:45:00,TwilightOrDawn,160,292,Yes,NoIntersection,VeryGood,Other,47 Route d'Aigre,M,46.02293097130956,1.0210472053840072
201800012457,NonLethal,2018-12-24,13:40:00,Daylight,160,31,No,X-type,Overcast,2Vehicles-Side,Ld Les Cassettes,M,45.99740349980296,2.996825003410727
201800012458,NonLethal,2018-01-07,05:50:00,NightNoStreetLight,360,139,No,NoIntersection,LightRain,Other,,M,46.79177402996691,1.792432947357737
201800012459,NonLethal,2018-03-29,22:35:00,NightNoStreetLight,360,193,No,NoIntersection,Normal,Other,LIEU DIT OINCE,M,46.872336108491886,1.8717719687123384
201800012460,NonLethal,2018-04-03,10:00:00,Daylight,360,194,No,NoIntersection,Normal,2Vehicles-Side,LIEU DIT BRISE PAILLE,M,46.91231238732241,1.9140576223109784
201800012461,NonLethal,2018-07-12,05:15:00,TwilightOrDawn,360,55,No,NoIntersection,Normal,Other,LIEU DIT MAISON CARREAU,M,46.98387235705256,1.9841431855780884
201800012462,NonLethal,2018-08-30,14:05:00,Daylight,360,241,No,NoIntersection,Normal,2Vehicles-BehindVehicles-Frontal,,M,46.86494535364283,1.8645092900871063
201800012463,NonLethal,2018-06-09,15:50:00,Daylight,360,31,No,X-type,Normal,2Vehicles-Side,LD LE GRAND CHAVENTON,M,46.850997630900174,1.850260496498347
201800012464,NonLethal,2018-11-15,19:30:00,NightStreelightsOn,360,194,Yes,NoIntersection,Normal,2Vehicles-Side,Rue de Touraine,M,46.93046964883215,1.9296794418596357
201800012465,NonLethal,2018-05-25,12:35:00,Daylight,360,88,No,NoIntersection,Normal,Other,LD LES MAISONS NEUVES,M,46.93932380321988,2.940344769608836
201800012466,NonLethal,2018-12-07,13:01:00,Daylight,360,88,Yes,NoIntersection,Normal,2Vehicles-Side,RUE ROBERT MARECHAL,M,46.95901548619824,2.9574460326101164
201800012467,NonLethal,2018-06-08,13:45:00,Daylight,360,195,No,NoIntersection,Normal,2Vehicles-BehindVehicles-Frontal,,M,46.9856786823311,2.9838962007753227
201800012468,NonLethal,2018-12-09,12:10:00,Daylight,360,83,No,NoIntersection,Normal,NoCollision,LIEU DIT L'HERBAY,M,47.08370254275775,1.0831715095701693
201800012469,NonLethal,2018-11-21,08:35:00,Daylight,360,190,No,X-type,Other,2Vehicles-Behind,LIEU DIT ABLENAY,M,46.83069239170075,1.831449089783988
201800012471,NonLethal,2018-04-20,17:00:00,Daylight,360,236,No,T-type,Normal,2Vehicles-Side,RD 951B,M,46.63189828352973,2.632724971739086
201800012474,NonLethal,2018-08-24,11:15:00,Daylight,360,17,No,X-type,Normal,2Vehicles-Side,,M,46.73562491677616,2.7335373843322777
201800012475,Lethal,2018-10-11,10:40:00,Daylight,360,126,No,NoIntersection,VeryGood,Other,LIEU DIT LE POTAVET,M,46.466191309887904,1.46624132917381
201800012476,NonLethal,2018-11-05,14:30:00,Daylight,360,1,No,NoIntersection,Normal,Other,LIEU DIT LE VERRET,M,46.44065452339405,1.4394127645045407
201800012477,NonLethal,2018-12-17,18:45:00,NightNoStreetLight,360,146,No,NoIntersection,Normal,2Vehicles-BehindVehicles-Frontal,,M,46.523753201968496,1.5206928450126789
201800012478,NonLethal,2018-05-02,17:45:00,Daylight,360,112,No,X-type,Normal,2Vehicles-Side,,M,46.79791827159029,1.798058087641783
201800012479,NonLethal,2018-06-30,18:00:00,Daylight,360,5,Yes,NoIntersection,Normal,NoCollision,17 RUE GRANDS BUISSONS,M,46.73969895985239,1.738993424399148
201800012480,NonLethal,2018-07-24,19:20:00,Daylight,360,30,No,T-type,Normal,2Vehicles-BehindVehicles-Frontal,,M,46.61506118926868,1.6187501386017755
201800012481,NonLethal,2018-10-12,17:40:00,Daylight,360,78,Yes,NoIntersection,Normal,Other,,M,46.56073955583512,1.5632845903082966
201800012482,NonLethal,2018-10-28,17:38:00,TwilightOrDawn,360,30,No,Other,HeavyRain,2Vehicles-Side,RD990,M,46.63470251270717,1.6347203527468397
201800012483,NonLethal,2018-03-25,16:40:00,Daylight,360,18,Yes,NoIntersection,Normal,2Vehicles-Side,RUE AMIRAL BARJOT,M,46.62797470003152,1.627006411080982
201800012484,NonLethal,2018-07-31,01:00:00,NightNoStreetLight,360,18,No,NoIntersection,Normal,Other,RD27,M,46.65826829973048,1.658259415313707
201800012485,NonLethal,2018-11-05,17:11:00,Daylight,360,18,No,NoIntersection,LightRain,NoCollision,D10,M,46.620297321617336,1.6176924523678036
201800012486,Lethal,2018-10-11,12:00:00,Daylight,360,168,No,NoIntersection,LightRain,Other,LE MOULIN  DRAP,M,46.53711070088108,1.5371979280943855
201800012489,NonLethal,2018-06-28,09:25:00,Daylight,360,81,Yes,NoIntersection,Normal,Other,LE BOURG,M,46.51236217541831,1.5148296259894694
201800012490,NonLethal,2018-07-29,13:00:00,Daylight,360,12,Yes,NoIntersection,Normal,2Vehicles-Side,MONTCOCU 20 ROCHE DU RIS,M,46.47218074219793,1.473526164811575
201800012492,NonLethal,2018-08-18,10:30:00,Daylight,360,49,No,NoIntersection,VeryGood,NoCollision,LIEU DIT CHAMBORD,M,46.51155688860912,1.5112698768577812
201800012493,NonLethal,2018-09-01,02:00:00,NightNoStreetLight,360,154,No,NoIntersection,Normal,2Vehicles-BehindVehicles-Frontal,D927E,M,46.59230836599769,1.5903203357745592
201800012494,NonLethal,2018-02-09,09:00:00,Daylight,360,62,No,NoIntersection,Normal,2Vehicles-BehindVehicles-Frontal,,M,46.48058297291102,1.4795431995011512
201800012495,Lethal,2018-04-12,23:40:00,NightNoStreetLight,360,101,No,NoIntersection,LightRain,Other,,M,46.71260498941536,1.7111608458662415
201800012497,NonLethal,2018-03-02,02:35:00,NightNoStreetLight,100,278,No,NoIntersection,Normal,Other,D17 PR4+500,M,48.02024353203461,4.020805863588324
201800012498,NonLethal,2018-10-07,09:47:00,Daylight,100,140,No,NoIntersection,Normal,2Vehicles-Side,N77,M,48.09574276903973,3.0954073082028173
201800012500,NonLethal,2018-07-29,15:45:00,Daylight,100,98,Yes,NoIntersection,Normal,Other,"5 rue de la chapelle, ha",M,47.9789995084117,4.979605681609746
201800012501,NonLethal,2018-06-09,07:45:00,Daylight,100,80,No,NoIntersection,Normal,Other,RD 17,M,48.05629183638649,4.053900730364681
201800012502,NonLethal,2018-11-09,17:00:00,Daylight,100,198,No,NoIntersection,Normal,NoCollision,Dl88,M,48.15645915077647,4.157411725680011
201800012503,Lethal,2018-10-13,23:45:00,NightNoStreetLight,100,99,No,NoIntersection,Normal,Other,rue des lames - hameau m,M,48.01666949726409,3.0176943011647914
201800012505,NonLethal,2018-12-28,00:45:00,NightNoStreetLight,100,425,No,NoIntersection,FogOrSmoke,2Vehicles-BehindVehicles-Frontal,RN 77,M,48.1725547610741,4.173210030416129
201800012506,NonLethal,2018-05-20,23:15:00,NightNoStreetLight,100,287,No,NoIntersection,Normal,NoCollision,Départementale 960,M,48.35821280542732,4.358751928524901
201800012507,NonLethal,2018-06-20,23:30:00,NightNoStreetLight,100,162,No,NoIntersection,Normal,NoCollision,grande rue,M,48.211476841453646,4.21040245396892
201800012508,NonLethal,2018-06-23,20:25:00,Daylight,100,375,No,NoIntersection,Normal,2Vehicles-BehindVehicles-Frontal,Départementale 619,M,48.28739287618546,4.287447545145378
201800012509,NonLethal,2018-07-10,07:30:00,Daylight,100,249,No,X-type,Normal,2Vehicles-BehindVehicles-Frontal,Départementale 619,M,48.2387744315082,4.240003292214744
201800012510,NonLethal,2018-01-08,14:00:00,Daylight,100,332,No,NoIntersection,Normal,3+Vehicles-Multiple,Départementale 619,M,48.27987355821345,4.282016101111879
201800012511,NonLethal,2018-08-23,23:45:00,NightNoStreetLight,100,255,No,NoIntersection,Normal,Other,RD 143,M,48.21445129534212,4.216337559922908
201800012512,NonLethal,2018-03-01,04:43:00,NightNoStreetLight,100,126,No,NoIntersection,SnowOrHail,2Vehicles-BehindVehicles-Frontal,PK108+700,M,48.272957424165234,4.271260747514156
201800012513,NonLethal,2018-04-28,13:50:00,Daylight,100,113,No,NoIntersection,Normal,Other,D4,M,48.205782517187394,4.2076680687853765
201800012514,NonLethal,2018-01-06,19:20:00,Daylight,100,126,No,T-type,VeryGood,2Vehicles-Side,D 619,M,48.2685038153621,4.26460227296064
201800012515,NonLethal,2018-07-30,17:20:00,Daylight,100,401,Yes,Square,VeryGood,2Vehicles-Side,Place de la mairie,M,48.23756306862905,4.237933816737544
201800012516,Lethal,2018-09-08,16:35:00,Daylight,100,76,No,NoIntersection,Normal,Other,D 12,M,48.14003194357368,4.140344070448626
201800012517,NonLethal,2018-09-29,12:00:00,Daylight,100,33,No,NoIntersection,Normal,2Vehicles-Side,Chemin de Fontaine,M,48.21489757796191,4.215957006786448
201800012518,NonLethal,2018-10-22,13:45:00,Daylight,100,113,No,NoIntersection,Normal,NoCollision,D201,M,48.19697634283764,4.198979710069132
201800012519,Lethal,2018-10-31,11:09:00,Daylight,100,32,No,NoIntersection,Normal,2Vehicles-Side,RD 396,M,48.16751045754992,4.168565689316498