AccidentId,Gravity,Date,Hour,Light,Department,Commune,InAgglomeration,IntersectionType,Weather,CollisionType,PostalAddress,GPSCode,Latitude,Longitude
201800012520,NonLethal,2018-12-15,04:43:00,NightStreelightsOn,100,401,Yes,NoIntersection,Normal,NoCollision,5 avenue de l'armée Led,M,48.23763128147535,4.238301983880675
201800012521,NonLethal,2018-02-12,09:30:00,Daylight,100,170,Yes,X-type,Normal,2Vehicles-Side,route départementale 70,M,48.02848138104058,4.028879140201017
201800012522,NonLethal,2018-03-25,13:00:00,Daylight,100,358,Yes,T-type,Normal,3+Vehicles-Multiple,boulevard François Mothr,M,48.165686289518185,4.165994310426558
201800012523,NonLethal,2018-04-21,23:30:00,NightNoStreetLight,100,418,No,NoIntersection,Normal,NoCollision,Route départementale D44,M,48.08053078963615,4.0821603924787695
201800012524,NonLethal,2018-04-06,16:00:00,Daylight,100,119,No,NoIntersection,Normal,Other,route départementale 67,M,48.044620195911705,4.04663067769391
201800012525,NonLethal,2018-06-12,15:00:00,Daylight,100,199,No,NoIntersection,Normal,Other,chemin de gogo,M,48.062112145227495,4.061291241478062
201800012526,NonLethal,2018-06-30,19:05:00,Daylight,100,45,No,NoIntersection,Normal,NoCollision,RD 135,M,48.17750114196901,4.176152028908066
201800012527,NonLethal,2018-07-03,18:45:00,Daylight,100,55,Yes,NoIntersection,Normal,NoCollision,Rue du gravely,M,48.13115982124995,4.128320117240095
201800012528,NonLethal,2018-11-07,03:45:00,NightStreelightsOn,100,437,Yes,NoIntersection,Normal,Other,rue roger dossot,M,48.13249604309631,4.133221731161232
201800012529,NonLethal,2018-07-16,14:25:00,Daylight,100,34,Yes,NoIntersection,Normal,NoCollision,45 avenue Paul Portier,M,48.112292743593706,4.113967900806607
201800012530,Lethal,2018-07-21,16:29:00,Daylight,100,317,Yes,NoIntersection,Normal,Other,35 rue du général De Gau,M,47.99222559279443,4.991608629918188
201800012531,NonLethal,2018-07-29,02:30:00,NightNoStreetLight,100,34,No,NoIntersection,Normal,NoCollision,RD671,M,48.12454125409965,4.1243709311530266
201800012533,Lethal,2018-10-18,07:15:00,TwilightOrDawn,100,399,No,NoIntersection,FogOrSmoke,2Vehicles-BehindVehicles-Frontal,D671,M,48.17999371125365,4.178495235229619
201800012534,NonLethal,2018-10-25,06:50:00,NightStreelightsOn,100,399,Yes,X-type,Normal,2Vehicles-BehindVehicles-Frontal,route Départementale 185,M,48.17945574045982,4.178707583480336
201800012535,NonLethal,2018-11-06,20:30:00,NightStreelightsOn,100,432,Yes,NoIntersection,Normal,Other,11 grande rue,M,48.06387775194476,4.0617967069089085
201800012536,NonLethal,2018-11-19,11:50:00,Daylight,100,34,Yes,NoIntersection,Normal,3+Vehicles-Multiple,Faubourg de champagne,M,48.11426994400144,4.115075957379354
201800012538,NonLethal,2018-12-21,20:15:00,NightStreelightsOn,100,261,Yes,NoIntersection,HeavyRain,Other,RD 671,M,47.9840363245728,4.98315274211242
201800012539,NonLethal,2018-07-08,19:30:00,Daylight,100,193,Yes,NoIntersection,Normal,2Vehicles-BehindVehicles-Frontal,avenue Patton,M,48.42578650953725,4.426980112002312
201800012540,Lethal,2018-10-25,14:45:00,Daylight,100,345,No,T-type,Normal,2Vehicles-Side,RD 396/RD124,M,48.41246909051955,4.412490458100017
201800012541,NonLethal,2018-12-07,16:11:00,TwilightOrDawn,100,345,No,X-type,HeavyRain,2Vehicles-Side,D396 intersection D124,M,48.4135062618321,4.4119977291279495
201800012542,NonLethal,2018-03-06,19:00:00,TwilightOrDawn,100,370,Yes,NoIntersection,Normal,NoCollision,CD 52,M,48.39825148291234,3.3997726288825163
201800012543,NonLethal,2018-07-03,12:50:00,Daylight,100,231,No,X-type,LightRain,2Vehicles-Side,d619/d40,M,48.507434985997286,3.507464790621224
201800012544,Lethal,2018-12-03,22:05:00,NightNoStreetLight,100,106,No,NoIntersection,Normal,Other,RD951,M,48.46048387180183,3.459513795276436
201800012546,Lethal,2018-07-05,08:00:00,Daylight,100,231,No,NoIntersection,Normal,2Vehicles-BehindVehicles-Frontal,RD 619,M,48.50992240368147,3.50917731858316
201800012549,NonLethal,2018-06-23,18:50:00,Daylight,100,291,No,NoIntersection,Normal,2Vehicles-Side,RD 52,M,48.575301186121926,3.575960006475529
201800012550,NonLethal,2018-03-08,05:30:00,NightNoStreetLight,100,420,No,NoIntersection,Normal,Other,RD 95l,M,48.59419512713013,3.593593454737014
201800012551,NonLethal,2018-12-08,01:30:00,NightStreelightsOn,100,298,Yes,NoIntersection,Normal,Other,D619,M,48.509985670605815,3.5101359713483062
201800012554,NonLethal,2018-02-21,01:30:00,NightStreelightsOn,100,151,Yes,NoIntersection,Normal,Other,RD619,M,48.425149421262816,3.4239413307541886
201800012555,NonLethal,2018-03-11,19:30:00,NightNoStreetLight,100,323,Yes,Roundabout,Normal,Other,avenue philippe Seguin,M,48.51503037540374,3.5155222414509257
201800012556,Lethal,2018-03-13,12:45:00,Daylight,100,144,Yes,NoIntersection,Normal,NoCollision,RD 373,M,48.563154510925344,3.5623664649752707
201800012557,Lethal,2018-04-06,13:15:00,Daylight,100,75,No,NoIntersection,Normal,Other,D 98,M,48.62011142463911,4.619654362073494
201800012558,NonLethal,2018-06-04,21:10:00,TwilightOrDawn,100,52,No,NoIntersection,Normal,2Vehicles-Behind,d 134,M,48.595315747414695,3.593159685953436
201800012559,NonLethal,2018-04-18,23:25:00,NightStreelightsOn,100,341,Yes,T-type,Normal,Other,8 Route de paris,M,48.5150478246876,3.51633743557579
201800012560,NonLethal,2018-04-19,09:30:00,Daylight,100,323,Yes,X-type,VeryGood,2Vehicles-Side,rue pierre brossolette,M,48.510948983123335,3.51009241285938
201800012561,NonLethal,2018-05-15,16:55:00,Daylight,100,280,Yes,Y-type,Normal,2Vehicles-BehindVehicles-Frontal,42 Route nationale,M,48.48805906028183,3.487943506716202
201800012562,NonLethal,2018-05-25,15:45:00,Daylight,100,323,Yes,Other,Normal,2Vehicles-Behind,118 rue aristide briand,M,48.5116037769491,3.5105932453653645
201800012563,NonLethal,2018-06-06,22:50:00,NightNoStreetLight,100,271,No,NoIntersection,Overcast,Other,RD 96,M,48.46333992483803,3.462420451973989
201800012564,NonLethal,2018-07-08,19:10:00,Daylight,100,323,No,NoIntersection,Normal,2Vehicles-Side,D440,M,48.5109595022384,3.5100710418333905
201800012565,Lethal,2018-11-07,15:57:00,Daylight,100,368,Yes,LevelCrossing,Normal,2Vehicles-Side,D159,M,48.4068718667484,3.407400183204868
201800012566,NonLethal,2018-07-20,14:10:00,Daylight,100,323,Yes,NoIntersection,Normal,Other,214 rue Emile Zola,M,48.49842239883773,3.499292290404893
201800012567,NonLethal,2018-07-31,16:40:00,Daylight,100,351,No,Y-type,Normal,NoCollision,D 33,M,48.44785477160832,3.4491526766098657
201800012568,NonLethal,2018-11-23,19:50:00,TwilightOrDawn,100,233,No,NoIntersection,HeavyRain,Other,D7,M,48.51997612487376,3.520201028565737
201800012569,Lethal,2018-12-31,18:25:00,NightNoStreetLight,100,220,No,NoIntersection,Normal,Other,route départementale 619,M,48.500742559264495,3.500868823088361
201800012570,NonLethal,2018-03-12,15:25:00,Daylight,430,241,No,NoIntersection,Normal,Other,LE FANGEAS,M,44.96537991076505,3.966915060466608
201800012572,NonLethal,2018-04-22,17:50:00,Daylight,430,45,No,NoIntersection,Normal,Other,LIEU-DIT CLARY,M,45.03229679454783,3.029619096724664
201800012573,NonLethal,2018-04-24,23:00:00,NightStreelightsOn,430,77,Yes,NoIntersection,Normal,Other,,M,44.8891088841981,3.889670052069738
201800012574,NonLethal,2018-04-28,03:20:00,NightNoStreetLight,430,42,No,NoIntersection,Normal,NoCollision,LIEU-DIT LES PRADES,M,44.94869103627415,3.94869977895146
201800012575,NonLethal,2018-05-05,18:25:00,Daylight,430,154,No,NoIntersection,Normal,2Vehicles-BehindVehicles-Frontal,,M,44.77212664371137,3.774779315102251
201800012576,NonLethal,2018-05-11,16:30:00,Daylight,430,42,No,NoIntersection,Normal,2Vehicles-Side,LE BOURG,,,
201800012577,NonLethal,2018-08-15,10:45:00,Daylight,430,215,No,T-type,Normal,2Vehicles-Behind,,M,44.7872638526389,3.789127286618141
201800012578,NonLethal,2018-08-25,17:30:00,Daylight,430,176,No,NoIntersection,Normal,Other,,M,44.98190837350701,3.983822683074661
201800012579,NonLethal,2018-09-02,06:00:00,NightNoStreetLight,430,240,No,NoIntersection,Normal,Other,CHASSILHAC,M,44.95940557377576,3.956525501195753
201800012580,Lethal,2018-11-10,13:45:00,Daylight,430,39,Yes,NoIntersection,Normal,Other,LIEU DIT USSEL,M,44.88686294912907,3.8869112737069815
201800012581,NonLethal,2018-11-12,13:30:00,Daylight,430,5,Yes,NoIntersection,Normal,2Vehicles-Side,LIEU DIT GOURLONG,M,44.92272181939819,3.92339748374078
201800012582,NonLethal,2018-02-06,14:45:00,Daylight,430,150,Yes,NoIntersection,SnowOrHail,2Vehicles-Behind,,M,45.10024721861803,4.100228126116475
201800012583,Lethal,2018-10-03,06:00:00,NightNoStreetLight,430,194,No,NoIntersection,LightRain,Other,,M,45.08143696684565,4.08208911274108
201800012584,Lethal,2018-02-04,17:50:00,Daylight,430,210,No,NoIntersection,Normal,Other,LIEU-DIT LES SALLES,,,
201800012585,NonLethal,2018-04-27,16:15:00,Daylight,430,53,No,NoIntersection,Normal,Other,LIEU-DIT BOUSSOULET,,,
201800012586,NonLethal,2018-05-20,17:30:00,Daylight,430,91,No,NoIntersection,Normal,Other,LIEU-DIT LE THEUIL,M,44.9282891317919,4.926105209386294
201800012588,NonLethal,2018-01-07,15:00:00,Daylight,430,156,No,NoIntersection,Normal,Other,LE BOURG,M,44.89938040602483,4.900338178109554
201800012589,NonLethal,2018-07-25,11:25:00,Daylight,430,218,No,T-type,Normal,2Vehicles-Behind,,M,45.03653126362383,4.0369459745090746
201800012590,NonLethal,2018-08-10,09:40:00,Daylight,430,47,No,NoIntersection,FogOrSmoke,Other,,M,44.947677921439805,3.948061650129687
201800012591,NonLethal,2018-10-13,17:25:00,Daylight,430,190,Yes,NoIntersection,Normal,Other,RUE DE MONTFARON,,,
201800012592,NonLethal,2018-10-21,10:00:00,Daylight,430,190,No,NoIntersection,Normal,Other,ZI SAINT GERMAIN LAPRADE,,,
201800012593,NonLethal,2018-11-09,13:00:00,Daylight,430,10,No,NoIntersection,LightRain,Other,FAURE,M,45.00973064366511,3.0097067914278024
201800012594,NonLethal,2018-12-15,05:35:00,NightNoStreetLight,430,218,No,NoIntersection,Normal,2Vehicles-BehindVehicles-Frontal,LIEU DIT CELLIER,M,45.06574213717149,4.064771515094056
201800012595,NonLethal,2018-02-16,21:00:00,NightNoStreetLight,430,23,No,X-type,FogOrSmoke,2Vehicles-Side,LIEU-DIT LA TUILLERIE,M,45.28338100627924,3.2814796696895283
201800012596,NonLethal,2018-03-24,16:55:00,Daylight,430,26,No,NoIntersection,Normal,NoCollision,LIEU-DIT UFFOUR,M,45.19655236228432,3.1956928691223405
201800012597,NonLethal,2018-03-26,12:50:00,Daylight,430,152,No,NoIntersection,Normal,3+Vehicles-Multiple,VERS BEAUBAC,M,45.06948759176586,3.068594227337384
201800012598,NonLethal,2018-05-08,17:40:00,Daylight,430,165,No,NoIntersection,Normal,NoCollision,ROUTE DU PUY,M,45.12820263684569,3.129271071620954
201800012599,NonLethal,2018-05-09,18:10:00,Daylight,430,124,No,NoIntersection,Normal,Other,ROUTE DE VAURES,M,45.09042484958966,3.089970838958722
201800012600,NonLethal,2018-06-28,14:40:00,Daylight,430,165,No,NoIntersection,Normal,Other,LES ROUCHASSOUX - D7,M,45.14160990229062,4.1426731259131895
201800012601,NonLethal,2018-07-04,13:26:00,Daylight,430,152,No,NoIntersection,Normal,2Vehicles-BehindVehicles-Frontal,,M,45.0729084924896,3.0724954302282543
201800012602,NonLethal,2018-07-26,14:45:00,Daylight,430,119,No,NoIntersection,Normal,2Vehicles-Side,LES PRES D EMBLAVEZ,M,45.12291874065514,3.1194872546330297
201800012603,NonLethal,2018-08-01,12:45:00,Daylight,430,181,No,NoIntersection,Normal,2Vehicles-Side,LE COUDERT,M,45.08910142227055,4.0904232017894975
201800012604,NonLethal,2018-08-18,02:30:00,NightNoStreetLight,430,152,No,NoIntersection,Normal,Other,,M,45.0692288897925,3.0700649557845057
201800012606,NonLethal,2018-08-23,16:26:00,Daylight,430,26,No,NoIntersection,Normal,Other,LIEU-DIT LA MONGE,M,45.23180875866381,3.229128028721324
201800012607,Lethal,2018-09-23,05:55:00,TwilightOrDawn,430,152,Yes,NoIntersection,Normal,Other,LIEU DIT LES ESTREYS,M,45.06756015174686,3.0699638424732405
201800012608,NonLethal,2018-10-23,07:50:00,TwilightOrDawn,430,216,No,NoIntersection,Normal,2Vehicles-BehindVehicles-Frontal,LIEU DIT BOURBOUILLOUX,M,45.13228271589974,3.1315100805785248
201800012610,NonLethal,2018-01-20,19:30:00,NightNoStreetLight,430,112,No,NoIntersection,Normal,Other,AV DE L EUROPE,M,45.108884469823785,3.111125575229943
201800012611,NonLethal,2018-02-03,19:30:00,NightNoStreetLight,430,264,No,Y-type,Normal,2Vehicles-BehindVehicles-Frontal,LIEU-DIT GRAND CHAMP,M,45.23105240284114,3.2313976957888517
201800012612,Lethal,2018-04-18,15:30:00,Daylight,430,132,No,NoIntersection,Normal,Other,LIEU-DIT TRUCHON,M,45.134877212997054,3.134614471940778
201800012613,NonLethal,2018-05-18,09:45:00,Daylight,430,112,No,T-type,Normal,2Vehicles-Side,RUE DE LA MARGERIDE,M,45.08990827294115,3.0897504786680803
201800012615,NonLethal,2018-06-27,16:15:00,Daylight,430,60,No,NoIntersection,Normal,NoCollision,VERS LA PENIDE,M,45.03021109532839,3.0290909127324586
201800012616,NonLethal,2018-12-08,16:45:00,Daylight,430,112,No,NoIntersection,Normal,NoCollision,LIEU-DIT L ESTIVAL,M,45.071619335463154,3.071443927138157
201800012617,Lethal,2018-10-20,20:45:00,NightNoStreetLight,430,245,No,NoIntersection,Normal,2Vehicles-BehindVehicles-Frontal,,M,44.85737678314573,3.856769021862896
201800012619,NonLethal,2018-10-22,15:24:00,Daylight,430,132,No,T-type,Normal,2Vehicles-Side,LIEU DIT BOISSET,M,45.10460180683792,3.105600878233603
201800012620,NonLethal,2018-06-11,16:30:00,Daylight,430,132,No,NoIntersection,Normal,2Vehicles-BehindVehicles-Frontal,,M,45.12867690634275,3.128391749815367
201800012621,NonLethal,2018-08-12,19:15:00,NightNoStreetLight,430,132,No,NoIntersection,Normal,Other,LES CLASTRES,M,45.10629654195521,3.106066948875507
201800012622,NonLethal,2018-01-28,03:30:00,NightNoStreetLight,430,185,Yes,NoIntersection,Normal,Other,1 HLM LES SARALIERES,,,
201800012624,Lethal,2018-04-07,12:00:00,Daylight,430,185,No,NoIntersection,Normal,2Vehicles-BehindVehicles-Frontal,,,,
201800012625,NonLethal,2018-06-09,17:30:00,Daylight,430,185,No,NoIntersection,Normal,2Vehicles-BehindVehicles-Frontal,,M,45.41256342746779,3.411145984634782
201800012626,NonLethal,2018-10-17,18:20:00,Daylight,430,120,No,NoIntersection,Normal,3+Vehicles-Chain,,M,45.37218140963628,3.372050483192962
201800012627,Lethal,2018-11-13,07:25:00,NightNoStreetLight,430,38,Yes,NoIntersection,HeavyRain,Other,ARVANT,M,45.3639897297836,3.364446259126443
201800012628,NonLethal,2018-12-04,08:20:00,Daylight,430,261,No,NoIntersection,Normal,2Vehicles-BehindVehicles-Frontal,PONT DE LA CENTRALE,,,
201800012629,Lethal,2018-01-31,00:05:00,NightNoStreetLight,430,268,No,NoIntersection,Normal,2Vehicles-BehindVehicles-Frontal,VERS ECHANG VILLENEUVE,M,45.14861840428841,4.147090008225957
201800012630,Lethal,2018-11-03,11:25:00,Daylight,430,268,No,NoIntersection,Normal,2Vehicles-BehindVehicles-Frontal,LIEU-DIT LES GRANGES,M,45.130878249709255,4.130154705650108
201800012631,NonLethal,2018-11-05,20:00:00,TwilightOrDawn,430,162,Yes,NoIntersection,Normal,Other,PLACE DE LA REPUBLIQUE,,,
201800012632,NonLethal,2018-05-14,20:20:00,TwilightOrDawn,430,268,No,NoIntersection,LightRain,NoCollision,LES CHAMPS DES CAYRES,M,45.11874236676497,4.117849935577388
201800012633,NonLethal,2018-06-09,12:35:00,Daylight,430,162,Yes,NoIntersection,Normal,NoCollision,CHEMIN DU CAMPING,,,
201800012634,NonLethal,2018-07-01,11:45:00,Daylight,430,25,No,NoIntersection,Normal,2Vehicles-BehindVehicles-Frontal,LIEU-DIT PIROLLES,M,45.28211033504905,4.280292122267285
201800012635,NonLethal,2018-07-25,10:05:00,Daylight,430,268,No,NoIntersection,Normal,2Vehicles-BehindVehicles-Frontal,,M,45.15841700846633,4.159846823649382
201800012636,NonLethal,2018-09-11,12:20:00,Daylight,430,268,No,NoIntersection,Normal,2Vehicles-BehindVehicles-Frontal,MARHNAC BAS,M,45.1596901275655,4.157902316860394
201800012637,NonLethal,2018-10-09,16:55:00,Daylight,430,268,Yes,NoIntersection,Normal,Other,BD SAINT PIERRE,,,
201800012638,NonLethal,2018-10-29,14:45:00,Daylight,430,102,No,NoIntersection,SnowOrHail,2Vehicles-BehindVehicles-Frontal,,M,45.1693166278191,4.169193693892468
201800012639,Lethal,2018-01-18,05:47:00,NightNoStreetLight,430,137,No,NoIntersection,Normal,2Vehicles-BehindVehicles-Frontal,VERS ECHANG VILLENEUVE,M,45.30064906105333,4.301622429170888
201800012640,NonLethal,2018-02-18,06:30:00,NightNoStreetLight,430,212,No,NoIntersection,LightRain,Other,,M,45.37109260452548,3.369350147648101
201800012642,NonLethal,2018-12-05,11:35:00,Daylight,430,137,No,NoIntersection,Normal,Other,,M,45.27931285074272,4.279986637224209
201800012643,NonLethal,2018-07-15,20:00:00,TwilightOrDawn,430,20,Yes,Roundabout,Overcast,2Vehicles-Side,,M,45.30564177124253,4.30577010740389
201800012644,NonLethal,2018-07-26,08:45:00,Daylight,430,12,No,NoIntersection,Normal,2Vehicles-BehindVehicles-Frontal,LES SAIGNES,,,
201800012645,NonLethal,2018-09-23,18:45:00,Daylight,430,12,No,NoIntersection,Normal,2Vehicles-Behind,ROUTE DE FIRMINY,M,45.38049814778327,4.380765499268047
201800012647,NonLethal,2018-10-27,09:30:00,Daylight,430,137,Yes,NoIntersection,LightRain,Other,AVENUE DE LA LIBERATION,,,
201800012648,NonLethal,2018-12-19,19:15:00,NightStreelightsOn,430,12,Yes,NoIntersection,Normal,Other,15 route de saint paul,M,45.3769379773197,4.380350081448998
201800012649,Lethal,2018-03-03,16:10:00,Daylight,430,213,No,NoIntersection,Normal,Other,LIEU-DIT COLLANGE,,,
201800012650,NonLethal,2018-03-16,12:00:00,Daylight,430,184,No,NoIntersection,Normal,Other,665 RUE DE FIRMINY,,,
201800012651,NonLethal,2018-01-04,18:30:00,Daylight,430,205,No,NoIntersection,Normal,2Vehicles-BehindVehicles-Frontal,LIEU DIT LE PATRE,M,45.332007173192274,4.331113478378278
201800012652,NonLethal,2018-06-17,19:20:00,Daylight,430,184,No,NoIntersection,Normal,Other,VERS PONT DE ROCHAIN,M,45.34424899492896,4.34257987036436
201800012654,NonLethal,2018-05-07,11:45:00,Daylight,430,184,No,NoIntersection,Normal,2Vehicles-Behind,RN 88,M,45.36730347039579,4.3678976126051134
201800012655,NonLethal,2018-03-07,18:00:00,Daylight,430,227,No,NoIntersection,Normal,3+Vehicles-Multiple,,M,45.29139090447187,4.291728496410694
201800012656,Lethal,2018-07-22,03:10:00,NightNoStreetLight,430,213,No,NoIntersection,Normal,2Vehicles-BehindVehicles-Frontal,,M,45.2261995280319,4.224127304238567
201800012657,NonLethal,2018-09-11,19:30:00,NightStreelightsOff,430,224,No,NoIntersection,LightRain,Other,DESCENTE DE VAUBARLET,M,45.222310547498616,4.222078551934165
201800012658,NonLethal,2018-11-16,17:00:00,TwilightOrDawn,430,213,No,NoIntersection,Normal,Other,LIEU DIT LA ROCHE,,,
201800012659,Lethal,2018-12-01,05:15:00,NightNoStreetLight,430,236,No,T-type,FogOrSmoke,Other,CARREF DE LA PREVAUDIERE,M,45.28344280102176,4.28168057764111
201800012661,NonLethal,2018-04-21,17:30:00,Daylight,430,244,No,NoIntersection,Normal,NoCollision,LES PLAYNES,,,
201800012662,NonLethal,2018-05-22,07:50:00,Daylight,430,51,Yes,NoIntersection,Normal,Other,9 ROUTE DE TENCE,M,45.05972297526642,4.058360625966307
201800012663,Lethal,2018-06-07,17:00:00,Daylight,430,244,Yes,NoIntersection,LightRain,Other,RUE SAINT ETIENNE,M,45.11503256785584,4.118256046338575
201800012664,NonLethal,2018-07-06,12:20:00,Daylight,430,244,No,NoIntersection,Normal,2Vehicles-BehindVehicles-Frontal,LIEU-DIT GARDAILLAC,M,45.10649230015232,4.1079696431227255
201800012666,NonLethal,2018-08-17,15:40:00,Daylight,430,87,Yes,NoIntersection,Normal,Other,33 RUE DE LA CROIX,,,
201800012667,NonLethal,2018-08-09,14:20:00,Daylight,430,142,No,NoIntersection,Normal,2Vehicles-BehindVehicles-Frontal,LIEU DIT LA BETHE,M,45.16557469703943,4.163657109134938
201800012668,Lethal,2018-09-15,16:00:00,Daylight,430,114,No,NoIntersection,Normal,Other,LIEU DIT MAZALIBRAND,M,45.16841206542557,4.169957638725302
201800012669,NonLethal,2018-09-23,00:50:00,NightNoStreetLight,430,114,No,NoIntersection,Normal,Other,LIEU DIT MONTJUVIN,M,45.162719396496975,4.164887213735956
201800012670,Lethal,2018-10-28,14:30:00,Daylight,430,87,No,NoIntersection,FogOrSmoke,Other,LES CHANEAUX,M,45.21175586450219,4.209737484772855
201800012671,NonLethal,2018-01-01,12:35:00,Daylight,180,18,No,NoIntersection,HeavyRain,NoCollision,Lieu-dit Terrieux,M,47.03959430461757,2.0370496188569747
201800012673,NonLethal,2018-03-16,11:40:00,Daylight,180,286,No,NoIntersection,LightRain,2Vehicles-Behind,route de Baugy,M,47.07386143225438,2.074344750779706
201800012674,NonLethal,2018-06-05,00:50:00,NightStreelightsOff,180,184,Yes,NoIntersection,Normal,Other,Route de Jussy le Chaudr,M,47.10027474233559,2.101359861361039
201800012675,NonLethal,2018-05-17,18:45:00,Daylight,180,18,No,NoIntersection,Normal,2Vehicles-Side,RD976,M,47.03925625178137,2.039733938185262
201800012676,NonLethal,2018-08-09,15:50:00,Daylight,180,139,No,NoIntersection,Normal,2Vehicles-Behind,RD 920 - PR 37 + 500,M,47.06915018671695,2.0705221455537943
201800012677,Lethal,2018-09-10,20:05:00,NightNoStreetLight,180,215,No,NoIntersection,Normal,Other,RD 48 - PR 7 + 42,M,47.01568063234461,2.015968251417689
201800012679,NonLethal,2018-09-20,05:15:00,NightNoStreetLight,180,92,No,NoIntersection,Normal,NoCollision,Route de BRECY D157,M,47.085333113591325,2.084487341204767
201800012680,NonLethal,2018-10-26,17:10:00,Daylight,180,139,No,NoIntersection,Overcast,NoCollision,D45 pk 14,M,47.07810462531421,3.0796643720712398
201800012681,NonLethal,2018-03-11,16:50:00,Daylight,180,174,Yes,NoIntersection,Normal,Other,D46 - Lieu dit Beaujardi,M,47.069180098633495,2.070601842463581
201800012683,NonLethal,2018-12-18,08:00:00,Daylight,180,75,No,NoIntersection,Overcast,3+Vehicles-Multiple,LIEU DIT LES ROUESSES,M,47.01878160819589,3.019838812946276
201800012684,NonLethal,2018-03-01,11:00:00,Daylight,180,3,No,NoIntersection,StrongWindOrStorm,2Vehicles-Side,lieu dit les poirioux,M,47.179750913438255,2.180021470134849
201800012685,NonLethal,2018-01-27,18:10:00,NightStreelightsOn,180,109,Yes,X-type,Normal,2Vehicles-Side,RUE DE BOURGOGNE,M,47.30336395581793,2.303847357325395
201800012686,NonLethal,2018-01-26,18:35:00,TwilightOrDawn,180,206,No,NoIntersection,LightRain,Other,D68,M,47.17952864881624,2.179875238973449
201800012687,NonLethal,2018-02-27,13:45:00,Daylight,180,4,No,NoIntersection,Normal,Other,Lieu-dit Haute brune,M,47.21884503930231,2.2193833137318464
201800012688,NonLethal,2018-07-05,16:00:00,Daylight,180,3,No,NoIntersection,Normal,Other,COULANGES,M,47.20609956747547,2.203834623675048
201800012689,NonLethal,2018-05-17,16:45:00,Daylight,180,109,Yes,NoIntersection,Normal,2Vehicles-Side,Route de la Chapelotte,M,47.30546958120775,2.303735987187137
201800012690,Lethal,2018-05-31,11:15:00,Daylight,180,4,No,NoIntersection,Normal,Other,PK 46 +120 RD 944,M,47.2143707069299,2.2158811094705677
201800012691,NonLethal,2018-06-15,10:40:00,Daylight,180,206,No,T-type,LightRain,2Vehicles-Side,"Lieu dit ""Le Vernay""",M,47.14308104916604,2.143248172781591
201800012693,NonLethal,2018-06-28,13:45:00,Daylight,180,109,No,NoIntersection,Normal,2Vehicles-BehindVehicles-Frontal,RD 22 PR 20+750,M,47.29840156570504,2.2986141944786715
201800012694,NonLethal,2018-07-22,05:30:00,TwilightOrDawn,180,3,Yes,Y-type,Normal,Other,rue du quatre septembre,M,47.20060325423293,2.202485071855239
201800012695,NonLethal,2018-07-25,12:30:00,Daylight,180,151,Yes,NoIntersection,Normal,NoCollision,Route des Aix,M,47.23761439956331,2.235982031023673
201800012696,NonLethal,2018-10-08,22:00:00,NightNoStreetLight,180,4,No,NoIntersection,Normal,NoCollision,D56,M,47.22662618196991,2.2275782444074808
201800012697,NonLethal,2018-08-11,22:10:00,NightStreelightsOn,180,3,Yes,X-type,Normal,Other,24 rue des platanes,M,47.19423543452446,2.1939181815866173
201800012698,NonLethal,2018-09-14,05:45:00,NightNoStreetLight,180,202,Yes,NoIntersection,Normal,Other,RD 955 PK 32+750,M,47.220106256061904,2.216923254103477
201800012700,NonLethal,2018-01-12,10:45:00,Daylight,180,223,No,NoIntersection,LightRain,Other,D58 PR 14 lieu dit la pe,M,47.20653799957128,2.20570642267653
201800012701,NonLethal,2018-12-12,07:50:00,Daylight,180,97,Yes,NoIntersection,Normal,2Vehicles-Side,8 route de menetou salon,M,47.13862862018176,2.1387204531350994
201800012705,NonLethal,2018-05-03,08:00:00,Daylight,180,169,No,NoIntersection,LightRain,2Vehicles-Side,RD 925,M,46.726001836000414,2.725524256017858
201800012706,NonLethal,2018-04-06,08:50:00,Daylight,180,197,Yes,NoIntersection,Normal,NoCollision,24 Rue grenouillère,M,46.72117317103825,2.7209824036417096
201800012707,NonLethal,2018-06-23,19:30:00,TwilightOrDawn,180,197,Yes,NoIntersection,Normal,Other,"44, rue Jean Jaurès",M,46.72680772433633,2.7250913694286614
201800012708,NonLethal,2018-07-31,18:56:00,Daylight,180,276,No,X-type,Normal,2Vehicles-Side,lieu-dit les lombards,M,46.73943164970313,2.738853878410972
201800012709,NonLethal,2018-09-29,00:10:00,NightNoStreetLight,180,69,No,NoIntersection,Normal,Other,Route départementale 101,M,46.70051092158633,2.7003822410769
201800012710,NonLethal,2018-11-23,07:40:00,TwilightOrDawn,180,197,Yes,NoIntersection,FogOrSmoke,Other,26 avenue du Maréchal Fo,M,46.71442870638356,2.7167921201796257
201800012711,NonLethal,2018-02-11,08:30:00,NightNoStreetLight,180,83,No,NoIntersection,LightRain,Other,Lieu dit Mazeres,M,46.540344691771466,2.5369267543673297