AccidentId,Gravity,Date,Hour,Light,Department,Commune,InAgglomeration,IntersectionType,Weather,CollisionType,PostalAddress,GPSCode,Latitude,Longitude
201800012712,NonLethal,2018-04-15,11:45:00,Daylight,180,225,No,NoIntersection,Normal,Other,"""La gaieté""",M,46.57996250107826,2.578064224866217
201800012713,NonLethal,2018-05-19,16:00:00,Daylight,180,127,No,X-type,Normal,Other,Chassepain,M,46.75523597508711,2.753373409225414
201800012714,Lethal,2018-08-06,07:55:00,TwilightOrDawn,180,89,Yes,NoIntersection,Normal,NoCollision,rue du moulin,M,46.555320292158136,2.555965683213225
201800012715,NonLethal,2018-07-09,12:00:00,Daylight,180,57,No,X-type,Normal,3+Vehicles-Multiple,carrefour 70 - 943,M,46.55421747079224,2.555691345138066
201800012716,NonLethal,2018-08-15,10:10:00,Daylight,180,216,No,X-type,Normal,Other,"""les cotillons""",M,46.76900696480857,2.769518052396541
201800012717,NonLethal,2018-08-28,14:00:00,Daylight,180,57,No,NoIntersection,Normal,2Vehicles-Side,RD943 PK13+985,M,46.55785672377546,2.5577470303914347
201800012718,Lethal,2018-09-25,09:00:00,Daylight,180,83,No,NoIntersection,Normal,Other,lieu dit l'oiselière,M,46.56147948904535,2.5600730872852524
201800012719,NonLethal,2018-10-19,07:30:00,TwilightOrDawn,180,83,No,T-type,FogOrSmoke,2Vehicles-Side,Route de Montluçon,M,46.548186285846754,2.5474362819144933
201800012720,Lethal,2018-01-11,13:25:00,Daylight,180,73,No,NoIntersection,Normal,Other,"C2, route de Sainte Luna",M,46.90712215204943,2.9073136055082385
201800012721,Lethal,2018-02-08,23:20:00,NightNoStreetLight,180,218,No,NoIntersection,Overcast,2Vehicles-BehindVehicles-Frontal,Départementale 2076. PK,M,46.99359682093512,2.996167258847035
201800012722,Lethal,2018-02-19,16:20:00,Daylight,180,87,No,NoIntersection,Normal,3+Vehicles-Multiple,D953,M,46.90418531793312,2.9042379740527213
201800012723,NonLethal,2018-03-17,11:45:00,Daylight,180,87,Yes,Other,Normal,Other,l4 bis route de Bourges,M,46.89370690386581,2.8933827477301
201800012724,NonLethal,2018-05-07,11:30:00,Daylight,180,58,Yes,T-type,Normal,2Vehicles-Side,rue de la chaussée,M,46.85701075418761,2.8575114894679507
201800012726,NonLethal,2018-07-26,17:30:00,Daylight,180,40,No,NoIntersection,Normal,2Vehicles-Side,RD 2076,M,46.92626849066618,2.925092822774149
201800012727,NonLethal,2018-07-31,19:50:00,Daylight,180,87,Yes,NoIntersection,Normal,2Vehicles-Side,43 route de Chateauneuf,M,46.88055396803607,2.8794242049505363
201800012731,Lethal,2018-10-10,10:00:00,Daylight,180,218,No,NoIntersection,Normal,2Vehicles-BehindVehicles-Frontal,RD2076,M,46.997062368064846,2.997292932586628
201800012732,NonLethal,2018-09-10,11:45:00,Daylight,180,126,Yes,NoIntersection,Normal,2Vehicles-Behind,Rue de la Bardonnerie,M,46.92437581248556,2.926186192844341
201800012733,Lethal,2018-11-12,19:30:00,NightNoStreetLight,180,121,No,NoIntersection,LightRain,2Vehicles-BehindVehicles-Frontal,RD2076,M,46.9233658375261,2.9245440711529573
201800012734,NonLethal,2018-12-03,07:11:00,TwilightOrDawn,180,63,No,NoIntersection,LightRain,2Vehicles-BehindVehicles-Frontal,lieu dit coudron,M,46.85541995691448,2.8556953221286605
201800012735,Lethal,2018-03-24,01:05:00,NightStreelightsOn,180,155,Yes,NoIntersection,Normal,Other,La bruyère,M,46.81708810582171,3.818443336595269
201800012736,NonLethal,2018-06-27,11:50:00,Daylight,180,195,No,T-type,Normal,2Vehicles-Behind,la rencontre,M,46.844618571909066,2.8463122395864056
201800012737,NonLethal,2018-07-04,10:50:00,Daylight,180,242,Yes,NoIntersection,Normal,Other,rue du 8 mai 1945,M,46.82935262648444,2.8290615154686587
201800012739,NonLethal,2018-08-26,12:45:00,Daylight,180,164,No,NoIntersection,Normal,2Vehicles-Side,les usquenots,M,46.8472241337704,2.8445570940816776
201800012740,Lethal,2018-09-20,06:50:00,TwilightOrDawn,180,155,No,NoIntersection,Normal,2Vehicles-BehindVehicles-Frontal,D2O76,M,46.82073447019164,3.82333178910866
201800012741,NonLethal,2018-10-30,10:54:00,Daylight,180,31,No,T-type,Overcast,2Vehicles-Side,RD2076 - PK 24 - lieu-di,M,46.88247414514166,2.8823743871184946
201800012742,NonLethal,2018-12-14,12:00:00,Daylight,180,108,Yes,T-type,Normal,2Vehicles-Side,2 RUEGAMBETTA,M,46.95052934969373,2.9511744551910657
201800012743,Lethal,2018-12-24,11:50:00,Daylight,180,54,No,NoIntersection,Normal,NoCollision,Lieu dit Les Bardins,M,46.897313759670816,2.9003822749406942
201800012744,Lethal,2018-12-29,05:34:00,NightNoStreetLight,180,31,No,NoIntersection,Normal,Other,L'Echardois,M,46.9023305149538,2.903935675848416
201800012745,NonLethal,2018-04-17,11:05:00,Daylight,180,47,Yes,NoIntersection,VeryGood,Other,avenue Alain Fournier,M,47.3640176573714,2.3665476487305086
201800012746,NonLethal,2018-05-05,00:15:00,NightNoStreetLight,180,30,No,NoIntersection,Normal,Other,"D30, route d'Autry",M,47.562997259185146,2.5633492229164783
201800012747,Lethal,2018-05-27,15:00:00,Daylight,180,149,No,X-type,Normal,2Vehicles-Side,carrefour RD940/RD22,M,47.31575547691983,2.3160466038581493
201800012748,NonLethal,2018-06-21,10:15:00,Daylight,180,159,No,NoIntersection,Normal,NoCollision,RD 29 E,M,47.37340221892303,2.373292276477526
201800012749,NonLethal,2018-11-07,10:20:00,Daylight,180,284,No,NoIntersection,Normal,Other,rd 926,M,47.41090750216632,2.4116513274272653
201800012750,NonLethal,2018-12-07,19:08:00,Daylight,180,11,No,NoIntersection,Normal,Other,D8,M,47.55847198347238,2.560524019380332
201800012751,NonLethal,2018-07-22,05:30:00,TwilightOrDawn,180,170,No,NoIntersection,Normal,NoCollision,D21,M,47.49141230787796,2.490238085583155
201800012752,NonLethal,2018-09-30,06:00:00,NightNoStreetLight,180,11,No,NoIntersection,Normal,Other,route de coullons,M,47.57677860521,2.576452109864547
201800012753,NonLethal,2018-09-30,04:30:00,NightNoStreetLight,180,15,No,NoIntersection,Normal,Other,LIEU DIT LES POIGNONS,M,47.44076962831189,2.441009634938584
201800012755,NonLethal,2018-10-29,16:51:00,Daylight,180,15,No,NoIntersection,LightRain,2Vehicles-Behind,Lieu-dit Moulin Neuf,M,47.48259061590713,2.4831194116839206
201800012756,NonLethal,2018-05-07,15:00:00,Daylight,180,96,Yes,NoIntersection,Normal,2Vehicles-Side,Rue Jean moulin,M,47.17471029279287,2.1751784952349325
201800012757,NonLethal,2018-06-02,18:20:00,Daylight,180,5,No,NoIntersection,Normal,NoCollision,Chemin de randonnée 41,M,47.15457046936193,2.151527162881324
201800012758,NonLethal,2018-09-06,18:05:00,Daylight,180,237,No,NoIntersection,Normal,NoCollision,RD 35,M,47.10967319655013,2.108646522114318
201800012761,NonLethal,2018-09-15,17:20:00,Daylight,180,148,No,NoIntersection,Normal,NoCollision,lieu dit Lhommé,M,47.18956285577491,2.1904029187867926
201800012762,NonLethal,2018-10-12,16:50:00,Daylight,180,186,No,Roundabout,Normal,2Vehicles-Side,RD23,M,47.07772764074476,2.077935236691708
201800012763,NonLethal,2018-11-20,19:45:00,NightStreelightsOn,180,237,Yes,X-type,Normal,2Vehicles-Side,Départementale 35,M,47.078412646474746,2.078530585977131
201800012764,NonLethal,2018-09-01,16:10:00,Daylight,730,128,Yes,NoIntersection,Normal,Other,1494 ROUTE DES BAUGES,M,45.724323087529946,5.723755943983778
201800012765,NonLethal,2018-01-16,18:50:00,NightStreelightsOn,730,103,No,NoIntersection,HeavyRain,Other,"RD127, Route de l échang",M,45.65684779647097,5.658188105473208
201800012766,NonLethal,2018-01-03,19:10:00,NightStreelightsOn,730,10,Yes,NoIntersection,Overcast,Other,25 rue du 8 mai 1945,M,45.78850365979326,5.78663133833377
201800012767,NonLethal,2018-04-22,19:30:00,Daylight,730,300,Yes,Y-type,Normal,2Vehicles-Side,chemin de Belledonne,M,45.66478045200317,5.665042348517408
201800012769,NonLethal,2018-05-25,06:50:00,TwilightOrDawn,730,128,Yes,NoIntersection,Normal,Other,Rue boucher de la rupell,M,45.710975323962174,5.713848254913299
201800012770,NonLethal,2018-05-27,15:15:00,Daylight,730,59,No,NoIntersection,Normal,3+Vehicles-Multiple,route de Paris,M,45.74398850759955,5.742371685895424
201800012771,Lethal,2018-02-06,16:00:00,Daylight,730,164,No,NoIntersection,Normal,2Vehicles-BehindVehicles-Frontal,D913,M,45.70010523165755,6.7004397948206105
201800012773,NonLethal,2018-10-06,14:15:00,Daylight,730,10,No,NoIntersection,Normal,2Vehicles-Behind,RD 991,M,45.77147183395559,5.772157226627236
201800012774,NonLethal,2018-07-06,19:00:00,TwilightOrDawn,730,300,Yes,Roundabout,VeryGood,2Vehicles-Side,boulevard charcot,M,45.691976291911,5.6895378517385655
201800012775,NonLethal,2018-02-08,09:05:00,Daylight,730,62,No,NoIntersection,VeryGood,2Vehicles-Side,RD 54 PR 12.570,M,45.81543483303378,5.814855467602356
201800012776,NonLethal,2018-04-08,08:55:00,Daylight,730,128,No,MoreThan4Branches,Normal,2Vehicles-Side,rue de sarraz,M,45.72660767302832,5.727943985282117
201800012777,NonLethal,2018-08-19,12:15:00,Daylight,730,263,Yes,Y-type,Normal,2Vehicles-BehindVehicles-Frontal,les gonnards,M,45.725390253129966,6.727009190035187
201800012778,Lethal,2018-09-13,11:05:00,Daylight,730,59,No,NoIntersection,Normal,2Vehicles-BehindVehicles-Frontal,RD 991,M,45.76191723769764,5.759807102695825
201800012781,NonLethal,2018-12-05,20:05:00,NightStreelightsOn,730,10,No,NoIntersection,Normal,3+Vehicles-Chain,Rue du Mont-Blanc,M,45.78611507464497,5.788456234451748
201800012782,NonLethal,2018-10-03,21:35:00,NightNoStreetLight,730,58,Yes,NoIntersection,Normal,2Vehicles-BehindVehicles-Frontal,Route du Lac - D921E,M,45.5306805977609,5.530729269121675
201800012783,Lethal,2018-08-13,09:10:00,Daylight,730,254,No,NoIntersection,Overcast,NoCollision,90 chemin de Truison,M,45.5895319390355,5.58941988857989
201800012785,NonLethal,2018-03-27,19:45:00,NightNoStreetLight,730,84,Yes,NoIntersection,LightRain,Other,La Crouza,M,45.51765595519021,6.517769519793937
201800012786,NonLethal,2018-04-03,15:00:00,Daylight,730,183,No,X-type,Normal,2Vehicles-Side,414 routes des vignes,M,45.5099103713077,5.507292768692378
201800012787,NonLethal,2018-06-28,08:30:00,Daylight,730,171,Yes,NoIntersection,Normal,2Vehicles-Behind,Avenue GEORGES CLEMENCEA,M,45.50345041469133,6.500161139414896
201800012788,NonLethal,2018-07-10,16:30:00,Daylight,730,151,Yes,X-type,Normal,2Vehicles-Side,Route de chignin,M,45.50451070878324,6.50400886903704
201800012789,NonLethal,2018-07-28,21:00:00,TwilightOrDawn,730,270,No,Y-type,Normal,Other,Rd 9ll route du_ Col du,M,45.57964137952423,6.579710496259045
201800012790,NonLethal,2018-08-16,14:38:00,Daylight,730,82,Yes,NoIntersection,VeryGood,2Vehicles-BehindVehicles-Frontal,348 route de plan Champ,M,45.49537447551657,6.493036170853089
201800012791,NonLethal,2018-09-10,10:00:00,Daylight,730,84,No,T-type,VeryGood,2Vehicles-Side,Rd 1006,M,45.50979806060237,6.511348244307677
201800012792,NonLethal,2018-11-29,14:15:00,Daylight,730,240,No,X-type,Normal,2Vehicles-Side,Départementale 923,M,45.48024729090093,6.482031871235216
201800012794,NonLethal,2018-01-27,18:20:00,NightNoStreetLight,730,32,No,NoIntersection,Normal,2Vehicles-BehindVehicles-Frontal,RD99O,M,45.59989795782005,6.599537275045336
201800012795,NonLethal,2018-03-17,18:30:00,TwilightOrDawn,730,11,Yes,X-type,Normal,2Vehicles-Side,avenue du général de gau,M,45.66354421808966,6.663548876062278
201800012796,NonLethal,2018-04-19,10:00:00,Daylight,730,202,No,NoIntersection,Normal,Other,"RD 201C , route de tamié",M,45.67110018945052,6.670154409272147
201800012797,NonLethal,2018-04-25,20:40:00,TwilightOrDawn,730,241,No,NoIntersection,Normal,NoCollision,"RD 925 LIEU DIT ""LE VILL",M,45.60289953615892,6.603220107013837
201800012798,NonLethal,2018-04-30,19:25:00,Daylight,730,298,No,NoIntersection,Normal,3+Vehicles-Chain,PK 27+6OO,M,45.65471230345428,6.656551198570464
201800012799,NonLethal,2018-05-24,11:55:00,Daylight,730,130,Yes,NoIntersection,Normal,2Vehicles-Behind,536 RD925,M,45.65281322012823,6.654296340719682
201800012800,NonLethal,2018-05-19,12:15:00,Daylight,730,114,No,NoIntersection,Normal,NoCollision,D218c,M,45.817167663918646,6.817195752530869
201800012801,NonLethal,2018-05-22,13:45:00,Daylight,730,114,No,NoIntersection,HeavyRain,2Vehicles-BehindVehicles-Frontal,D218B,M,45.81835546430458,6.817736692971343
201800012802,NonLethal,2018-06-01,08:25:00,Daylight,730,32,Yes,T-type,Normal,2Vehicles-BehindVehicles-Frontal,rue Jean Moulin,M,45.62473210788506,6.625258894077183
201800012803,NonLethal,2018-06-13,19:30:00,Daylight,730,32,No,NoIntersection,Normal,2Vehicles-BehindVehicles-Frontal,D990,M,45.59949252194645,6.599171726742556
201800012804,NonLethal,2018-07-14,10:50:00,Daylight,730,123,No,NoIntersection,Normal,2Vehicles-BehindVehicles-Frontal,CD 909,M,45.87027472132704,6.871636450410698
201800012805,NonLethal,2018-07-25,17:00:00,Daylight,730,114,No,NoIntersection,Normal,2Vehicles-BehindVehicles-Frontal,RD 1212,M,45.82261248756247,6.822370275302251
201800012806,NonLethal,2018-08-03,19:25:00,Daylight,730,124,No,T-type,Normal,2Vehicles-Side,D990,M,45.64769335020089,6.646888616107643
201800012807,NonLethal,2018-08-12,09:30:00,Daylight,730,292,No,T-type,Normal,2Vehicles-Side,D63 / D129,M,45.71065287690875,6.71355976832536
201800012808,NonLethal,2018-08-26,02:20:00,NightNoStreetLight,730,63,No,NoIntersection,Normal,NoCollision,RN90,M,45.58221767320765,6.581160311868778
201800012809,NonLethal,2018-08-30,12:00:00,Daylight,730,124,No,NoIntersection,Normal,2Vehicles-Side,chemin de la digue,M,45.64917918561464,6.645841677288153
201800012810,NonLethal,2018-08-31,20:15:00,NightNoStreetLight,730,154,Yes,NoIntersection,LightRain,NoCollision,RD64,M,45.66830787460747,6.666029289247394
201800012811,Lethal,2018-06-10,16:10:00,Daylight,730,303,No,NoIntersection,Normal,Other,RD 1212,M,45.754026309255146,6.752113077187933
201800012812,NonLethal,2018-10-25,18:55:00,NightStreelightsOn,730,121,Yes,NoIntersection,Normal,2Vehicles-Side,23 rue Joseph PILLET,M,45.63561350274727,6.634645759079882
201800012813,NonLethal,2018-11-30,20:15:00,NightNoStreetLight,730,153,No,NoIntersection,Normal,2Vehicles-Behind,D1212,M,45.71806953997676,6.718623986086407
201800012814,NonLethal,2018-01-12,11:45:00,Daylight,730,303,No,NoIntersection,Normal,2Vehicles-BehindVehicles-Frontal,D109,M,45.756849769046255,6.753694008059107
201800012815,NonLethal,2018-04-02,19:30:00,NightStreelightsOn,730,235,Yes,NoIntersection,Normal,NoCollision,pl de la madeleine,M,45.41892577916251,6.4209039958135445
201800012816,NonLethal,2018-03-11,19:30:00,NightNoStreetLight,730,74,No,NoIntersection,Normal,Other,RD 1006,M,45.43839753037235,6.438510261396356
201800012817,Lethal,2018-04-10,18:30:00,Daylight,730,272,Yes,NoIntersection,Normal,Other,Le Lac des Hurtières,M,45.47600648790582,6.4756557743800975
201800012819,NonLethal,2018-04-21,15:30:00,Daylight,730,19,No,T-type,VeryGood,2Vehicles-Side,Dl006,M,45.51278616682106,6.512522396269335
201800012820,NonLethal,2018-04-23,16:20:00,Daylight,730,237,No,NoIntersection,Normal,2Vehicles-BehindVehicles-Frontal,RD 73,M,45.50897663098107,6.509841571653083
201800012821,NonLethal,2018-03-05,20:00:00,Daylight,730,7,No,NoIntersection,Normal,2Vehicles-BehindVehicles-Frontal,RD 1006,M,45.55789539100142,6.559055577128381
201800012822,NonLethal,2018-05-30,18:30:00,Daylight,730,255,Yes,Other,Normal,Other,Parking du magasin INTER,M,45.34687594102846,6.347592925824192
201800012823,NonLethal,2018-06-21,11:40:00,Daylight,730,231,No,NoIntersection,Normal,2Vehicles-BehindVehicles-Frontal,RD 927,M,45.33010382318195,6.329249464682186
201800012824,NonLethal,2018-11-09,16:40:00,Daylight,730,230,No,NoIntersection,Normal,Other,sous le col d'en haut,M,45.24450827859009,6.243919824463789
201800012825,NonLethal,2018-11-21,18:00:00,NightNoStreetLight,730,53,No,NoIntersection,Normal,2Vehicles-BehindVehicles-Frontal,RD 1006,M,45.55884706438862,6.559168865408514
201800012829,NonLethal,2018-02-28,07:15:00,TwilightOrDawn,640,142,No,NoIntersection,SnowOrHail,2Vehicles-BehindVehicles-Frontal,RD 945,M,43.38987484982728,-0.3904141348091167
201800012830,NonLethal,2018-09-03,18:30:00,TwilightOrDawn,640,448,Yes,T-type,HeavyRain,2Vehicles-Side,CHEMIN DU PONT LONG,M,43.354236426843386,-0.3531104814397302
201800012833,NonLethal,2018-04-24,17:50:00,Daylight,640,519,No,Other,Normal,Other,RD 706,M,43.370237097679365,-0.3696477990591615
201800012834,NonLethal,2018-05-28,16:10:00,Daylight,640,511,No,NoIntersection,LightRain,NoCollision,RD 40,M,43.40964035779229,-0.4078234291268905
201800012835,NonLethal,2018-07-21,21:25:00,TwilightOrDawn,640,549,Yes,T-type,Normal,NoCollision,CHEMIN MOURLANN?,M,43.40485764142139,-0.4036645014244295
201800012836,NonLethal,2018-07-30,10:45:00,Daylight,640,519,No,NoIntersection,Normal,Other,RD 834,M,43.3748728193301,-0.3748033935509135
201800012837,NonLethal,2018-02-09,21:30:00,NightStreelightsOn,640,519,Yes,X-type,Normal,2Vehicles-BehindVehicles-Frontal,RD 834,M,43.37695748898138,-0.37601833169373
201800012838,Lethal,2018-09-03,09:00:00,Daylight,640,60,Yes,NoIntersection,Normal,Other,RD 501,M,43.316489531301386,-0.3183776519406445
201800012839,NonLethal,2018-09-10,19:14:00,NightStreelightsOn,640,399,Yes,NoIntersection,Normal,NoCollision,28 CHEMIN LHEPT,M,43.3724588417787,-0.3752519959975975
201800012840,NonLethal,2018-10-23,17:45:00,Daylight,640,37,No,X-type,VeryGood,3+Vehicles-Multiple,RD 2,M,43.33828815315293,-0.3370831343775617
201800012842,NonLethal,2018-11-05,19:00:00,NightNoStreetLight,640,511,No,NoIntersection,HeavyRain,Other,RD 40,M,43.41288504210976,-0.4123576313251385
201800012843,NonLethal,2018-10-12,09:15:00,Daylight,640,511,Yes,NoIntersection,Normal,3+Vehicles-Multiple,ROUTE D'ARZACQ,M,43.40405532079889,-0.4033180655285237
201800012846,NonLethal,2018-10-02,09:44:00,Daylight,640,405,Yes,NoIntersection,Normal,2Vehicles-BehindVehicles-Frontal,AVENUE DE LA RÉSISTANCE,M,43.3378587615718,-0.335538604542393
201800012848,NonLethal,2018-04-20,08:20:00,Daylight,640,405,No,X-type,Normal,2Vehicles-Side,RD 943,M,43.34151757125955,-0.3419294083949288
201800012849,NonLethal,2018-04-22,09:30:00,Daylight,640,482,No,NoIntersection,Normal,Other,RD 7,M,43.359456664153896,-0.3587288318780083
201800012851,NonLethal,2018-03-07,13:15:00,Daylight,640,439,No,NoIntersection,Normal,2Vehicles-BehindVehicles-Frontal,17 ROUTE DE TARBES,M,43.28836873131625,-0.2887991524964839
201800012852,NonLethal,2018-07-13,11:00:00,Daylight,640,331,Yes,X-type,Normal,2Vehicles-Side,53 RUE JOSEPH PEYRE,M,43.454576087161314,-0.4532658412882592
201800012853,NonLethal,2018-07-30,15:53:00,Daylight,640,216,Yes,NoIntersection,Normal,Other,10 CHEMIN DE LA BAIE,M,43.248311525193984,-0.2486999078465471
201800012854,NonLethal,2018-03-08,10:50:00,Daylight,640,526,Yes,Roundabout,Normal,NoCollision,AVENUE LASBODES,M,43.26500661948968,-0.2642819979105045
201800012855,NonLethal,2018-05-09,11:45:00,Daylight,640,405,Yes,NoIntersection,Normal,Other,AVENUE DES CIMES,M,43.3385736499479,-0.3383724254866748
201800012856,NonLethal,2018-12-09,19:45:00,TwilightOrDawn,640,238,No,X-type,Normal,2Vehicles-Behind,RD 817,M,43.24654749743635,-0.2467345313907359
201800012857,NonLethal,2018-09-23,19:00:00,Daylight,640,405,No,NoIntersection,Normal,Other,RD 943,M,43.3512534482882,-0.3523961464157589
201800012859,NonLethal,2018-11-24,15:00:00,Daylight,640,352,Yes,T-type,Normal,2Vehicles-Behind,ROUTE DU CLARET,M,43.29040918107136,-0.2874405061805893
201800012860,NonLethal,2018-12-30,19:35:00,NightNoStreetLight,640,238,No,NoIntersection,FogOrSmoke,NoCollision,RD 817,M,43.24634311694432,-0.2469194133067029
201800012861,NonLethal,2018-12-19,18:05:00,NightStreelightsOn,640,417,Yes,NoIntersection,Normal,Other,AVENUE CHARLES DE GAULLE,M,43.18207522203822,-0.1815060690157658
201800012864,NonLethal,2018-03-14,16:45:00,Daylight,640,148,No,NoIntersection,Normal,2Vehicles-Side,14 ROUTE DE CAPBIS,M,43.11605196032196,-0.116622238307578
201800012865,NonLethal,2018-05-06,04:00:00,NightNoStreetLight,640,23,No,NoIntersection,Normal,NoCollision,RD 938,M,43.23531749489858,-0.2346362190554834
201800012866,NonLethal,2018-06-02,14:50:00,Daylight,640,526,Yes,Roundabout,Normal,2Vehicles-Side,"ROND-POINT DE LA POSTE,",M,43.269460446079634,-0.2694460350650454
201800012867,NonLethal,2018-08-23,01:00:00,NightStreelightsOff,640,119,Yes,NoIntersection,Normal,Other,PLACE DE LA MAIRIE,M,43.21816307764437,-0.219996523820627
201800012868,NonLethal,2018-09-15,14:00:00,Daylight,640,270,No,T-type,Normal,2Vehicles-Side,RD 35,M,43.14042070484619,-0.1404623991784663
201800012869,NonLethal,2018-09-19,15:16:00,Daylight,640,386,Yes,Roundabout,Normal,2Vehicles-Behind,ROUTE DE LOURDES,M,43.18250091314655,-0.1821058193233551
201800012870,NonLethal,2018-09-19,17:00:00,Daylight,640,417,Yes,T-type,Normal,2Vehicles-Side,RUE DE GAMBETTA,M,43.18062138661328,-0.181696648105079
201800012871,NonLethal,2018-09-26,21:30:00,NightStreelightsOff,640,138,Yes,NoIntersection,Normal,Other,5 RUE JOSEPH SZYDLOWSKI,M,43.23515691399523,-0.2358545464484644
201800012872,NonLethal,2018-10-20,10:30:00,Daylight,640,417,Yes,NoIntersection,Normal,Other,10 AV CHARLES DE GAULLE,M,43.179100200662255,-0.1819090725110562
201800012873,NonLethal,2018-12-20,12:20:00,Daylight,640,417,Yes,T-type,Normal,2Vehicles-Side,rue saint vincent,M,43.17912700324487,-0.1812096519717627
201800012874,NonLethal,2018-10-03,13:57:00,Daylight,640,457,No,X-type,HeavyRain,2Vehicles-Side,Lieu dit du silo Interse,M,43.546496288458734,-0.5466955650032778
201800012875,NonLethal,2018-03-05,18:40:00,Daylight,640,233,No,NoIntersection,LightRain,2Vehicles-BehindVehicles-Frontal,RD 834,M,43.57540710727666,-0.5764242938652747
201800012876,NonLethal,2018-06-17,09:25:00,Daylight,640,457,No,X-type,Normal,2Vehicles-Side,RD 946,M,43.54586243866499,-0.5463862317787771
201800012877,NonLethal,2018-08-11,13:45:00,Daylight,640,415,No,NoIntersection,Normal,2Vehicles-BehindVehicles-Frontal,RD 834,M,43.40944290655894,-0.4083432703711205
201800012878,NonLethal,2018-09-07,12:30:00,Daylight,640,70,No,T-type,Normal,2Vehicles-Side,RD 39,M,43.43126170351787,-0.4316652698059752
201800012879,NonLethal,2018-09-13,04:15:00,NightNoStreetLight,640,180,No,NoIntersection,Normal,Other,RD 16,M,43.56164747055573,-0.5604963703131209
201800012880,NonLethal,2018-10-23,19:50:00,NightNoStreetLight,640,203,No,NoIntersection,Normal,2Vehicles-BehindVehicles-Frontal,RD40,M,43.424791039464026,-0.4228156737850621
201800012881,NonLethal,2018-09-11,18:45:00,NightNoStreetLight,640,470,No,NoIntersection,Normal,Other,D206,M,43.394046604076365,-0.3963474479908382
201800012882,NonLethal,2018-07-12,06:55:00,NightNoStreetLight,640,234,No,NoIntersection,Normal,Other,RD 946,M,43.51848196992815,-0.5200690172893824
201800012883,NonLethal,2018-01-14,17:15:00,TwilightOrDawn,640,94,No,NoIntersection,LightRain,2Vehicles-BehindVehicles-Frontal,RD936 PR 108+0055,M,43.47073002748963,-0.4702368610448076
201800012885,NonLethal,2018-03-25,18:30:00,TwilightOrDawn,640,94,No,NoIntersection,HeavyRain,2Vehicles-BehindVehicles-Frontal,CD936,M,43.46922214981259,-0.4697596764625054
201800012886,NonLethal,2018-04-18,19:40:00,Daylight,640,147,No,T-type,Normal,2Vehicles-BehindVehicles-Frontal,ROUTE DE BARDOS,M,43.46486000105297,-0.4671361347613824
201800012887,NonLethal,2018-04-21,13:05:00,Daylight,640,94,No,NoIntersection,Normal,NoCollision,D936,M,43.46988707501225,-0.4667430132848537
201800012888,NonLethal,2018-07-22,08:45:00,Daylight,640,256,No,NoIntersection,Normal,2Vehicles-BehindVehicles-Frontal,RD 22,M,43.377399123222666,-0.3789508788716891
201800012889,NonLethal,2018-08-01,13:45:00,Daylight,640,476,No,NoIntersection,Normal,NoCollision,RD 14,M,43.34935075466156,-0.348915301033343
201800012890,NonLethal,2018-08-09,10:20:00,Daylight,640,94,Yes,Square,LightRain,Other,PLACE DE LA MAIRIE,M,43.47450250301421,-0.4736206757628576
201800012891,NonLethal,2018-09-20,14:40:00,Daylight,640,546,No,NoIntersection,Normal,2Vehicles-BehindVehicles-Frontal,CHEMIN DE LAROQUE,M,43.49376394822831,-0.4937360965495939
201800012892,NonLethal,2018-09-22,10:30:00,Daylight,640,256,Yes,NoIntersection,Normal,2Vehicles-Side,ROUTE D'ELIZABERRY,M,43.3921791971196,-0.391877395082479
201800012893,NonLethal,2018-08-10,05:20:00,TwilightOrDawn,640,256,No,NoIntersection,LightRain,2Vehicles-BehindVehicles-Frontal,RD 22,M,43.37406210006873,-0.375436460210052
201800012894,NonLethal,2018-12-21,18:50:00,NightStreelightsOn,640,256,Yes,NoIntersection,Normal,2Vehicles-Side,RUE JEAN LISSAR,M,43.38257084628829,-0.3831876066522333
201800012895,NonLethal,2018-04-24,18:30:00,Daylight,640,495,No,T-type,Normal,2Vehicles-Side,ROUTE D'AHETZE,M,43.37558612582634,-0.375656577520074
201800012898,NonLethal,2018-06-14,16:25:00,Daylight,640,504,No,NoIntersection,Normal,NoCollision,RD4,M,43.31834248486136,-0.3201210609593662
201800012899,NonLethal,2018-05-08,19:45:00,Daylight,640,65,Yes,NoIntersection,VeryGood,2Vehicles-BehindVehicles-Frontal,7OO ROUTE ERROTENEA,M,43.3510772032113,-0.3500580524769582
201800012902,NonLethal,2018-11-15,12:25:00,Daylight,640,65,No,NoIntersection,Normal,3+Vehicles-Multiple,ROUTE D?PARTEMENTALE 918,M,43.35942639873383,-0.358716626642668
201800012903,NonLethal,2018-01-15,07:50:00,Daylight,640,38,Yes,T-type,LightRain,2Vehicles-BehindVehicles-Frontal,RD254 QUARTIER LARREPU,M,43.45228125536643,-0.4508792051133245