AccidentId,Gravity,Date,Hour,Light,Department,Commune,InAgglomeration,IntersectionType,Weather,CollisionType,PostalAddress,GPSCode,Latitude,Longitude
201800012904,NonLethal,2018-01-16,12:30:00,Daylight,640,14,No,NoIntersection,LightRain,2Vehicles-BehindVehicles-Frontal,RD20,M,43.31626984445998,-0.3158936250335282
201800012905,Lethal,2018-01-30,21:13:00,NightStreelightsOn,640,547,Yes,NoIntersection,Normal,Other,ROUTE DE BELARITZA,M,43.39647642590001,-0.3958130204552572
201800012906,NonLethal,2018-03-03,14:00:00,Daylight,640,14,No,NoIntersection,Normal,2Vehicles-Side,RD 20-QUARTIER BOXATE,M,43.31441543822123,-0.3151806345846066
201800012907,NonLethal,2018-03-10,22:00:00,NightNoStreetLight,640,317,No,NoIntersection,Normal,Other,RD20 LIEU DIT OSPITLALIA,M,43.38245136342924,-0.3831036602184019
201800012909,NonLethal,2018-07-04,09:00:00,Daylight,640,35,Yes,Square,LightRain,Other,RD 255 LE BOURG,M,43.42152035410808,-0.4205284013814642
201800012910,NonLethal,2018-04-15,07:30:00,TwilightOrDawn,640,547,Yes,NoIntersection,Normal,Other,ROUTE D'ASTOBIZKAR,M,43.40831449935969,-0.4068528348972149
201800012911,NonLethal,2018-04-19,19:30:00,Daylight,640,279,No,NoIntersection,Normal,Other,RUE HAYDERRENACOMAHASTIA,M,43.345504339530144,-0.3450479009563999
201800012912,NonLethal,2018-05-02,14:15:00,Daylight,640,160,Yes,Other,Normal,2Vehicles-BehindVehicles-Frontal,RRUE DU PERE JAUREGUY,M,43.356253979342206,-0.3562128121794815
201800012915,NonLethal,2018-07-13,17:50:00,Daylight,640,279,No,NoIntersection,LightRain,2Vehicles-Side,D 918,M,43.32889133508191,-0.3279207905890001
201800012919,NonLethal,2018-09-23,15:00:00,Daylight,640,213,No,T-type,Normal,NoCollision,RD 918 - KANBOKO ERREBID,M,43.34965650366185,-0.3494030340157419
201800012920,NonLethal,2018-10-15,18:15:00,Daylight,640,547,No,NoIntersection,Normal,2Vehicles-BehindVehicles-Frontal,CD137,M,43.40766156786464,-0.4083564479166133
201800012921,Lethal,2018-10-27,11:40:00,Daylight,640,547,Yes,X-type,Overcast,2Vehicles-BehindVehicles-Frontal,"CD 350, CHEMIN D'ARRAUNT",M,43.41240963643294,-0.4100532682085025
201800012922,NonLethal,2018-11-03,15:20:00,Daylight,640,14,No,NoIntersection,Normal,2Vehicles-Side,RD20,M,43.31625930407319,-0.3155092411409792
201800012923,NonLethal,2018-11-08,08:15:00,Daylight,640,282,No,NoIntersection,Overcast,2Vehicles-Side,RD 250,M,43.38898821992109,-0.3891331174114692
201800012924,NonLethal,2018-01-28,17:00:00,Daylight,640,411,No,NoIntersection,Normal,NoCollision,D918,M,43.20269525756673,-0.2043450817495184
201800012925,Lethal,2018-01-29,17:11:00,Daylight,640,559,Yes,NoIntersection,Normal,Other,RDll2,M,43.24376527120794,-0.2414759935267718
201800012926,NonLethal,2018-09-03,22:45:00,NightNoStreetLight,640,404,No,NoIntersection,LightRain,Other,RD 9l8,M,43.09366388190868,-0.0946792210317704
201800012927,NonLethal,2018-03-29,12:30:00,Daylight,640,411,No,NoIntersection,Normal,Other,RD 918,M,43.20454297692259,-0.2039262122630338
201800012928,NonLethal,2018-08-04,12:05:00,Daylight,640,316,No,NoIntersection,Normal,2Vehicles-BehindVehicles-Frontal,RD 26,M,43.01402917523903,-0.0143021884890112
201800012930,Lethal,2018-11-17,15:00:00,Daylight,640,404,No,NoIntersection,Normal,NoCollision,CHEMIN ARGUIBELLE,M,43.08173166896928,-0.0824170788190434
201800012931,NonLethal,2018-12-17,17:30:00,TwilightOrDawn,640,371,Yes,Other,Overcast,2Vehicles-Side,3 RUE RAMUNTCHO,M,43.222048970005424,-0.221942299243154
201800012932,NonLethal,2018-03-28,05:00:00,NightNoStreetLight,640,124,No,NoIntersection,Normal,Other,RD 918 ROUTE DE BAYONNE,M,43.25993886661028,-0.2610208483272574
201800012936,NonLethal,2018-07-19,22:20:00,NightStreelightsOn,640,477,Yes,NoIntersection,Normal,2Vehicles-BehindVehicles-Frontal,RD 15,M,43.18362570458479,-0.1840954963742196
201800012937,NonLethal,2018-07-22,07:36:00,Daylight,640,490,No,NoIntersection,Normal,Other,RD 948,M,43.22292885227333,-0.2236770708264462
201800012938,NonLethal,2018-08-15,08:35:00,Daylight,640,274,No,T-type,Normal,2Vehicles-Side,RD 15,M,43.17358052073181,-0.175313118419738
201800012939,NonLethal,2018-08-15,19:29:00,Daylight,640,436,No,NoIntersection,Normal,NoCollision,D918,M,43.26712170542841,-0.2644765825029965
201800012940,NonLethal,2018-08-15,08:30:00,Daylight,640,484,No,NoIntersection,Normal,2Vehicles-Side,RD 933,M,43.173234274182654,-0.1717588921941855
201800012941,NonLethal,2018-08-21,16:30:00,Daylight,640,218,No,NoIntersection,Normal,NoCollision,BOIS D'ORION (D428),M,43.06159549097377,-0.0616627514145513
201800012942,NonLethal,2018-09-29,11:30:00,Daylight,640,379,No,NoIntersection,Normal,NoCollision,D18,M,43.08537689903845,-0.0852929364828531
201800012943,NonLethal,2018-10-29,16:10:00,Daylight,640,538,No,NoIntersection,HeavyRain,NoCollision,RD 933,M,43.14152641083417,-0.1412207526180153
201800012944,NonLethal,2018-10-31,14:55:00,Daylight,640,436,No,NoIntersection,LightRain,Other,RD 918,M,43.24283467098858,-0.244592361495689
201800012945,NonLethal,2018-12-22,07:49:00,NightNoStreetLight,640,13,No,NoIntersection,Normal,2Vehicles-BehindVehicles-Frontal,RD 422,M,43.21951410446662,-0.218444712022949
201800012946,NonLethal,2018-10-06,07:30:00,Daylight,640,202,No,NoIntersection,Normal,NoCollision,BORDACHARIA,M,43.31222405280341,-0.3124099573028424
201800012947,NonLethal,2018-03-08,14:20:00,Daylight,640,106,No,NoIntersection,Normal,2Vehicles-BehindVehicles-Frontal,RD 2933,M,43.32148683555371,-0.3206051580258107
201800012948,NonLethal,2018-08-14,16:15:00,Daylight,640,18,Yes,NoIntersection,Normal,Other,CHEMIN ETXETOA,M,43.33075936273245,-0.328515796280346
201800012949,NonLethal,2018-11-02,19:00:00,NightNoStreetLight,640,368,No,X-type,Other,2Vehicles-Side,ROUTE D?PARTEMENTALE 11,M,43.38873644480985,-0.3903926044003364
201800012950,NonLethal,2018-04-01,16:30:00,Daylight,640,64,No,NoIntersection,Normal,NoCollision,CD 918,M,43.10848413949904,-0.1082300271511382
201800012951,NonLethal,2018-05-20,16:20:00,Daylight,640,185,No,NoIntersection,Normal,NoCollision,RN134,M,42.93623989912896,-0.9356679642525426
201800012952,NonLethal,2018-05-25,16:45:00,Daylight,640,29,No,NoIntersection,Normal,NoCollision,CHEMIN SANS PAREIL,M,43.1295440322134,-0.1287427187724753
201800012953,NonLethal,2018-01-11,12:30:00,Daylight,640,104,Yes,NoIntersection,LightRain,Other,RD834,M,42.998606507911006,-0.9986133425268954
201800012954,NonLethal,2018-11-11,11:00:00,Daylight,640,542,No,NoIntersection,Normal,Other,RN134,M,42.83873167865241,-0.8404406593950825
201800012955,NonLethal,2018-03-12,17:15:00,TwilightOrDawn,640,136,No,NoIntersection,LightRain,2Vehicles-BehindVehicles-Frontal,ROUTE NATIONALE 134,M,42.890012262310655,-0.8902337805013721
201800012957,NonLethal,2018-08-19,12:10:00,Daylight,640,204,No,NoIntersection,Normal,2Vehicles-Side,"RD918, PK 157.500 SENS E",M,42.96793691811691,-0.967914586161178
201800012958,NonLethal,2018-08-20,23:25:00,NightNoStreetLight,640,463,No,NoIntersection,Normal,NoCollision,RD 934,M,43.14988069741807,-0.1478245850109586
201800012959,NonLethal,2018-10-03,11:30:00,Daylight,640,320,No,NoIntersection,Normal,2Vehicles-Side,CD934,M,42.82158589626123,-0.8199497891459671
201800012960,NonLethal,2018-10-21,21:00:00,NightStreelightsOn,640,463,Yes,NoIntersection,Normal,NoCollision,3 ROUTE DE BOSDARROS,M,43.16212181013552,-0.1595244395413171
201800012961,Lethal,2018-11-27,15:30:00,Daylight,640,175,No,NoIntersection,Normal,NoCollision,CHEMIN DU JAOUT - PORT D,M,43.06381162179264,-0.0623469019329966
201800012962,NonLethal,2018-07-28,10:50:00,Daylight,640,253,No,NoIntersection,Overcast,2Vehicles-Side,RD 936,M,43.28351754976262,-0.2834456676239975
201800012963,Lethal,2018-09-08,15:00:00,Daylight,640,458,No,NoIntersection,Normal,Other,RD 936,M,43.25870993774987,-0.2616615260085603
201800012964,NonLethal,2018-09-28,19:25:00,TwilightOrDawn,640,393,No,NoIntersection,Normal,Other,CHEMIN DE BOURRASSOT,M,43.26228963106227,-0.2628300134336724
201800012965,Lethal,2018-12-22,19:00:00,NightNoStreetLight,640,32,No,NoIntersection,Normal,Other,RD 936,M,43.36236368479558,-0.3616521091960585
201800012966,NonLethal,2018-02-05,20:00:00,NightNoStreetLight,640,96,No,Roundabout,LightRain,Other,RD 936,M,43.38695038113183,-0.3856762753070583
201800012967,NonLethal,2018-09-23,12:30:00,Daylight,640,499,No,NoIntersection,Normal,2Vehicles-BehindVehicles-Frontal,1131 QUARTIER DES ANTYS,M,43.45021154735915,-0.4482400599019885
201800012969,NonLethal,2018-11-29,16:45:00,Daylight,640,108,No,NoIntersection,Normal,Other,RD 330,M,43.50365076537953,-0.5025917194558109
201800012971,NonLethal,2018-01-12,12:15:00,Daylight,450,130,Yes,NoIntersection,Normal,NoCollision,506 rue Roger Ollivier,M,47.79978172380029,1.8021612081572769
201800012972,NonLethal,2018-02-18,01:30:00,NightNoStreetLight,450,196,Yes,NoIntersection,FogOrSmoke,Other,Face 86l rue de meung,M,47.853264543261496,1.8520363602608847
201800012973,Lethal,2018-03-30,08:40:00,Daylight,450,19,No,NoIntersection,Overcast,2Vehicles-BehindVehicles-Frontal,RD 104 - Villecéry,M,47.85269465296926,1.8531527661896612
201800012974,NonLethal,2018-04-23,08:15:00,Daylight,450,81,Yes,NoIntersection,Normal,Other,l5 rue de la libération,M,47.9253330122311,1.928935069993814
201800012975,NonLethal,2018-04-22,18:45:00,Daylight,450,167,Yes,NoIntersection,Normal,Other,1310 rue des caillots,M,47.89180794723724,1.891565277411817
201800012976,NonLethal,2018-05-03,19:20:00,TwilightOrDawn,450,282,No,NoIntersection,VeryGood,2Vehicles-BehindVehicles-Frontal,route de bellecourt,M,47.85077275402442,1.851665463399821
201800012977,NonLethal,2018-10-07,23:20:00,NightStreelightsOn,450,269,Yes,NoIntersection,Normal,2Vehicles-BehindVehicles-Frontal,D2152,M,47.86758673113231,1.867808833995191
201800012978,NonLethal,2018-09-29,18:10:00,Daylight,450,98,No,NoIntersection,Normal,Other,lieu dit les près LE BRU,M,47.82424996326352,1.8239501623912384
201800012979,Lethal,2018-12-21,02:20:00,NightStreelightsOn,450,130,No,Roundabout,HeavyRain,Other,D 951,M,47.79039003905318,1.789637228784308
201800012980,NonLethal,2018-02-01,09:00:00,Daylight,450,272,No,NoIntersection,Normal,3+Vehicles-Multiple,RD 126,M,47.86095471496942,1.86234505968314
201800012981,NonLethal,2018-01-13,13:00:00,Daylight,450,146,No,NoIntersection,Normal,Other,RD61 pk 03+600,M,47.72119463056884,1.721879474675581
201800012983,NonLethal,2018-12-01,16:05:00,Daylight,450,272,No,NoIntersection,LightRain,2Vehicles-BehindVehicles-Frontal,1O35 rue du par floral,M,47.85504734557826,1.854028469561427
201800012984,Lethal,2018-03-29,10:00:00,Daylight,450,146,No,NoIntersection,Normal,NoCollision,Rte de LAMOTTE BEUVRON,M,47.674181329449496,1.675007650954029
201800012985,NonLethal,2018-04-19,08:20:00,Daylight,450,193,No,T-type,VeryGood,2Vehicles-BehindVehicles-Frontal,carrefour RD 13 RD 14,M,47.804995839974495,2.806276236257625
201800012986,NonLethal,2018-05-22,16:45:00,Daylight,450,175,Yes,Roundabout,LightRain,NoCollision,Rond point D7 - D15,M,47.74975634475274,1.7496161842774167
201800012987,NonLethal,2018-05-31,17:35:00,Daylight,450,6,No,NoIntersection,Normal,2Vehicles-BehindVehicles-Frontal,ROUTE D'OLIVET,M,47.78920521395723,1.7912715770872432
201800012988,NonLethal,2018-06-27,17:45:00,Daylight,450,300,No,NoIntersection,Normal,NoCollision,D13,M,47.81619421533477,2.8153505465491877
201800012989,NonLethal,2018-06-25,06:50:00,Daylight,450,300,No,NoIntersection,Normal,NoCollision,D14,M,47.81260544093076,2.8143781351077437
201800012990,NonLethal,2018-07-16,04:45:00,TwilightOrDawn,450,309,No,NoIntersection,Normal,Other,D 17 PK 13+2OO,M,47.69990489211989,2.7009745420129017
201800012992,NonLethal,2018-09-12,04:51:00,NightNoStreetLight,450,272,No,X-type,Normal,2Vehicles-Side,"Lieu dit Le petit Ligny,",M,47.8427403620501,1.84399165091826
201800012993,NonLethal,2018-09-16,06:30:00,TwilightOrDawn,450,182,No,NoIntersection,Normal,Other,chemin de la Ferté Saint,M,47.68266297824587,1.6830489614274535
201800012994,NonLethal,2018-10-09,15:40:00,Daylight,450,182,No,NoIntersection,Normal,Other,Départementale D15,M,47.689164533014456,1.6894790202309438
201800012995,Lethal,2018-10-22,17:45:00,Daylight,450,300,Yes,NoIntersection,Normal,Other,Rue d'Allou,M,47.83904719025402,2.8389569427794386
201800012996,NonLethal,2018-10-27,21:30:00,NightNoStreetLight,450,175,No,NoIntersection,LightRain,Other,D18-PK 010+1,M,47.77777149278558,1.780125060807922
201800012997,NonLethal,2018-10-31,16:45:00,Daylight,450,175,No,NoIntersection,LightRain,NoCollision,Départementale D 15,M,47.74921255367019,1.7471274474874772
201800012998,NonLethal,2018-10-29,08:05:00,TwilightOrDawn,450,309,No,NoIntersection,LightRain,Other,D120- PK 17+120,M,47.69062427959175,2.6901000168036457
201800012999,Lethal,2018-11-05,08:25:00,Daylight,450,300,Yes,NoIntersection,Normal,NoCollision,1974 route d'orléans,M,47.852407805855954,2.852032854293462
201800013000,NonLethal,2018-11-12,17:20:00,NightStreelightsOn,450,146,Yes,NoIntersection,LightRain,2Vehicles-Behind,RUE DU GENERAL LECLERC,M,47.7249764610897,1.7252143249206937
201800013001,NonLethal,2018-11-23,10:10:00,Daylight,450,272,No,X-type,Normal,2Vehicles-Side,D7/RUE DE GAUTRAY,M,47.76518421360145,1.7655700611068477
201800013002,NonLethal,2018-11-24,03:55:00,NightNoStreetLight,450,300,No,NoIntersection,Normal,NoCollision,Route de Vannes,M,47.82194537764762,2.8226639486936653
201800013003,NonLethal,2018-01-23,09:21:00,Daylight,450,59,No,NoIntersection,Normal,2Vehicles-BehindVehicles-Frontal,D 2157,M,47.93290328846151,1.9314716699477843
201800013004,Lethal,2018-03-03,15:45:00,Daylight,450,337,No,NoIntersection,Normal,Other,ROUTE DE VILLAMBLAIN,M,48.001994277604126,1.003103098566163
201800013006,Lethal,2018-06-21,15:45:00,Daylight,450,93,No,NoIntersection,Normal,NoCollision,D6-RTE DE SOUGY,M,48.03918781766188,1.038652265271078
201800013007,Lethal,2018-09-30,15:00:00,Daylight,450,296,No,NoIntersection,Normal,2Vehicles-Behind,Rue de Chateaudun/D955,M,48.00167137352239,1.0005752166118391
201800013008,NonLethal,2018-04-12,07:59:00,TwilightOrDawn,450,313,Yes,NoIntersection,Normal,2Vehicles-Side,D6-pr6+400,M,48.05040867896705,1.0502381468313011
201800013009,NonLethal,2018-01-03,18:20:00,NightNoStreetLight,450,53,No,NoIntersection,LightRain,2Vehicles-BehindVehicles-Frontal,RD 952 - PR 003.400,M,47.64690413693432,2.6474686656593653
201800013010,NonLethal,2018-03-11,16:30:00,Daylight,450,53,No,NoIntersection,Normal,Other,Route d'Ousson,M,47.60297782603294,2.6029758482253293
201800013011,NonLethal,2018-06-04,05:30:00,NightNoStreetLight,450,276,No,NoIntersection,Normal,NoCollision,CD 951,M,47.62197350193122,2.622833471974741
201800013012,NonLethal,2018-08-04,00:30:00,NightNoStreetLight,450,245,No,NoIntersection,Normal,NoCollision,RD 45 PR 7+500,M,47.68863427732822,2.685754892930169
201800013013,Lethal,2018-05-18,06:45:00,Daylight,450,53,No,Other,Normal,NoCollision,RD2007,M,47.63799688657264,2.6376417881894167
201800013015,NonLethal,2018-06-19,07:20:00,Daylight,450,29,No,NoIntersection,Normal,2Vehicles-Side,D 951 PK 7+500,M,47.55054545731431,2.550381540101439
201800013016,NonLethal,2018-06-20,16:12:00,Daylight,450,40,No,X-type,Normal,2Vehicles-Side,D48,M,47.583791835082565,2.5851785870457253
201800013017,Lethal,2018-07-14,02:55:00,NightNoStreetLight,450,323,No,NoIntersection,Normal,2Vehicles-BehindVehicles-Frontal,RD 965,M,47.57538616259149,2.573275439325076
201800013018,NonLethal,2018-06-10,22:25:00,NightNoStreetLight,450,276,No,NoIntersection,Overcast,Other,RD951 - PR14+950,M,47.62797328241962,2.629969444514402
201800013019,NonLethal,2018-12-16,16:45:00,TwilightOrDawn,450,53,No,NoIntersection,LightRain,2Vehicles-BehindVehicles-Frontal,RD 2OO7 - PK 54+8OO,M,47.60651524403901,2.607190602028838
201800013021,Lethal,2018-02-03,03:00:00,NightNoStreetLight,450,115,No,NoIntersection,Other,Other,CD 162 - PK 16+930,M,47.9942351535214,3.996463799046078
201800013022,Lethal,2018-03-21,07:16:00,TwilightOrDawn,450,113,No,NoIntersection,Normal,2Vehicles-BehindVehicles-Frontal,Rd 2O6O PR 12+O32,M,48.02842646966447,2.025857819072685
201800013024,NonLethal,2018-06-24,18:30:00,Daylight,450,129,No,NoIntersection,Normal,2Vehicles-BehindVehicles-Frontal,RD 943-la brulerie,M,47.94467501543883,3.94530725686512
201800013026,NonLethal,2018-07-17,04:50:00,NightNoStreetLight,450,329,No,NoIntersection,Normal,NoCollision,Route de Triguères,M,47.95000363104492,2.9499894018424206
201800013027,NonLethal,2018-09-02,11:20:00,Daylight,450,165,No,X-type,Normal,2Vehicles-Side,Rte MONTBOUY/La GRANGE C,M,47.931101689224775,2.929517274112696
201800013028,NonLethal,2018-11-10,14:15:00,Daylight,450,265,No,NoIntersection,Normal,NoCollision,Route du Bignon-D34,M,48.13086971028854,2.127976966199974
201800013029,NonLethal,2018-02-12,04:00:00,NightStreelightsOn,450,115,Yes,Y-type,LightRain,Other,RUE DU PUITS LINON,M,48.0394359106479,3.0390940497663927
201800013030,NonLethal,2018-11-30,23:30:00,NightNoStreetLight,450,129,No,NoIntersection,LightRain,Other,Rte de Joigny,M,47.94460479173421,3.9471506040247273
201800013031,NonLethal,2018-02-12,20:00:00,NightNoStreetLight,450,165,No,NoIntersection,HeavyRain,Other,125 RUE DE CHATEAURENARD,M,47.94673851974739,2.9466076448747622
201800013032,Lethal,2018-03-31,16:15:00,Daylight,450,148,No,NoIntersection,Normal,2Vehicles-BehindVehicles-Frontal,D2OO7,M,48.11423357668292,2.11526981985038
201800013034,NonLethal,2018-08-02,10:30:00,Daylight,450,145,No,Y-type,Normal,2Vehicles-BehindVehicles-Frontal,RTE DE MIREBEAU,M,48.07955571437924,2.079489497975344
201800013035,NonLethal,2018-11-18,02:40:00,NightNoStreetLight,450,127,No,NoIntersection,Normal,NoCollision,R de la queue de l'étang,M,48.1563639164828,2.1587893247336
201800013037,Lethal,2018-02-22,18:55:00,NightNoStreetLight,450,233,No,NoIntersection,Normal,2Vehicles-Behind,D 26 - route de PUISEAUX,M,48.20261857743285,2.201927779463342
201800013038,NonLethal,2018-07-31,17:00:00,Daylight,450,30,Yes,NoIntersection,Overcast,Other,2 rue de boiscommun,M,48.06884313702249,2.0669494671763387
201800013039,NonLethal,2018-08-10,17:16:00,Daylight,450,30,Yes,T-type,Normal,2Vehicles-Side,D31 - 16 rue des roches,M,48.06814306765639,2.069530067693914
201800013040,Lethal,2018-12-02,20:00:00,NightNoStreetLight,450,21,No,NoIntersection,LightRain,Other,D950-PK13+1,M,48.10337247812213,2.102493138495476
201800013041,NonLethal,2018-09-03,20:55:00,NightNoStreetLight,450,93,No,NoIntersection,Normal,NoCollision,RD97 pk 13+350,M,48.0083236925944,1.0076768580502151
201800013043,NonLethal,2018-05-07,18:30:00,Daylight,450,80,No,T-type,Normal,2Vehicles-Side,Inter. Chm13 et Chm22,M,48.25571021145744,2.255564546580079
201800013044,NonLethal,2018-05-17,06:30:00,TwilightOrDawn,450,15,Yes,NoIntersection,Normal,Other,6 rue de la libération,M,48.27786673942305,2.277906447155156
201800013045,NonLethal,2018-06-20,18:35:00,Daylight,450,88,No,NoIntersection,Normal,NoCollision,RD 927,M,48.17097147512495,1.1734095188188431
201800013046,NonLethal,2018-07-13,21:30:00,NightNoStreetLight,450,347,No,NoIntersection,Normal,Other,Route des soldats - D144,M,48.08118649803409,2.0824409296024022
201800013047,NonLethal,2018-10-16,09:40:00,Daylight,450,95,No,T-type,Normal,3+Vehicles-Multiple,D5 - RTE DE GIVRY,M,48.06874331293005,2.071237668197528
201800013050,NonLethal,2018-01-27,07:50:00,TwilightOrDawn,600,103,No,NoIntersection,Normal,NoCollision,D34,M,49.42601832871815,2.426319587754901
201800013051,NonLethal,2018-01-25,08:30:00,TwilightOrDawn,600,103,No,NoIntersection,Overcast,2Vehicles-BehindVehicles-Frontal,chemin du fay saint quen,M,49.41783145619658,2.418709304144779
201800013052,NonLethal,2018-01-26,07:50:00,Daylight,600,480,No,NoIntersection,Normal,3+Vehicles-Chain,D1001,M,49.50106502285031,2.500563150420147
201800013053,Lethal,2018-02-17,03:00:00,NightStreelightsOn,600,609,Yes,NoIntersection,Normal,Other,rue de beauvais,M,49.46292025217232,1.4631704883250607
201800013054,NonLethal,2018-02-19,15:20:00,Daylight,600,9,Yes,Other,Normal,Other,Zone Commerciale Beauvai,M,49.407238695492175,2.408680882693388
201800013055,Lethal,2018-05-03,20:25:00,NightNoStreetLight,600,542,No,T-type,Normal,3+Vehicles-Multiple,Départementale  12,M,49.40812770537036,2.407456967608697
201800013056,NonLethal,2018-08-04,18:00:00,Daylight,600,41,Yes,X-type,Normal,2Vehicles-Side,D12,M,49.38197553484028,2.38333326939612
201800013057,NonLethal,2018-05-15,12:35:00,Daylight,600,668,No,NoIntersection,Normal,2Vehicles-Side,route de sauqueuse saint,M,49.50583574481352,2.5066428321524143
201800013058,NonLethal,2018-05-23,10:26:00,Daylight,600,277,No,T-type,Normal,NoCollision,hameau de l'italienne,M,49.42460621379525,2.4235449628777928
201800013059,NonLethal,2018-06-23,20:15:00,TwilightOrDawn,600,302,Yes,Y-type,Normal,Other,03 rue de l'église,M,49.488749874968406,2.4871086670143465
201800013061,NonLethal,2018-07-17,21:00:00,TwilightOrDawn,600,277,Yes,NoIntersection,Normal,Other,rue juliette Nevouet,M,49.43012948931604,2.4310699288463167
201800013062,NonLethal,2018-08-06,07:39:00,Daylight,600,542,Yes,NoIntersection,Normal,2Vehicles-Side,D12,M,49.40257669629635,2.4059219148725624
201800013064,NonLethal,2018-08-25,20:30:00,Daylight,600,243,No,NoIntersection,Normal,2Vehicles-Behind,rd l00l,M,49.49536751894686,2.495747232041594
201800013065,NonLethal,2018-09-16,14:10:00,Daylight,600,628,No,NoIntersection,Normal,NoCollision,rue de wagicourt,M,49.4195683459541,2.419865942438741
201800013066,NonLethal,2018-10-03,09:20:00,Daylight,600,9,No,Roundabout,Normal,2Vehicles-Side,RD 1001,M,49.39981280102295,2.401487925845363
201800013067,NonLethal,2018-10-12,14:30:00,Daylight,600,251,Yes,NoIntersection,Normal,NoCollision,Route départementale 34,M,49.45948699549819,2.4593872560271466
201800013068,NonLethal,2018-10-21,07:45:00,TwilightOrDawn,600,290,No,NoIntersection,FogOrSmoke,NoCollision,Rue de Rieux,M,49.47552537911341,2.4773508761945164
201800013069,NonLethal,2018-10-26,19:45:00,NightNoStreetLight,600,9,No,Roundabout,LightRain,2Vehicles-Side,Rond point D1001 - N31,M,49.399859665017175,2.4013577759048053
201800013070,NonLethal,2018-10-31,16:50:00,TwilightOrDawn,600,628,No,NoIntersection,LightRain,2Vehicles-Behind,RN31,M,49.42200020286612,2.422753485239894
201800013071,NonLethal,2018-11-12,18:15:00,NightNoStreetLight,600,668,No,NoIntersection,LightRain,NoCollision,rue du maréchal sauqueus,M,49.51481730610072,2.51673121346432
201800013073,NonLethal,2018-12-15,15:30:00,Daylight,600,9,No,NoIntersection,LightRain,Other,rue de therdonne - ville,M,49.41360721291649,2.4157072813739835
201800013074,NonLethal,2018-12-18,17:20:00,NightStreelightsOn,600,41,Yes,T-type,Normal,Other,D 12,M,49.38598095001272,2.386219674505195
201800013075,NonLethal,2018-12-22,16:45:00,NightStreelightsOn,600,639,Yes,Roundabout,Overcast,Other,Route Départementale 100,M,49.45360457131086,2.453207777945198
201800013076,NonLethal,2018-03-13,16:05:00,Daylight,600,344,Yes,X-type,Normal,2Vehicles-Side,RUE DE LA BONNIÈRE,M,49.39377554904818,1.393187692706212
201800013077,NonLethal,2018-05-05,18:15:00,Daylight,600,30,No,NoIntersection,VeryGood,Other,RD 927- hameau ST QUENTI,M,49.3646302146844,2.366830479397619
201800013078,NonLethal,2018-05-09,20:25:00,Daylight,600,583,No,Roundabout,Normal,NoCollision,D981,M,49.39518689072872,2.3953825566923324
201800013080,NonLethal,2018-07-07,15:15:00,Daylight,600,591,No,Y-type,Normal,Other,RD 931,M,49.41854285192796,2.418956953451466
201800013081,Lethal,2018-07-14,22:52:00,NightNoStreetLight,600,30,Yes,NoIntersection,Normal,2Vehicles-BehindVehicles-Frontal,D927,M,49.34804667721408,2.347236945864485
201800013082,NonLethal,2018-09-29,16:20:00,Daylight,600,54,No,NoIntersection,Normal,2Vehicles-BehindVehicles-Frontal,départemental 129 lieu d,M,49.344203972358486,1.34420140877608
201800013083,NonLethal,2018-03-10,13:30:00,Daylight,600,63,No,X-type,Normal,2Vehicles-Side,départementale 02,M,49.35357366019567,2.3539944689637187
201800013084,NonLethal,2018-10-19,19:30:00,NightStreelightsOn,600,477,Yes,T-type,Normal,Other,rue des Prés à chiens,M,49.41428761136957,1.4143178040594642
201800013085,NonLethal,2018-10-31,07:50:00,Daylight,600,73,Yes,Y-type,Normal,2Vehicles-BehindVehicles-Frontal,rue de montreuil,M,49.46437764013741,1.4641020148774122
201800013086,NonLethal,2018-11-01,05:40:00,NightNoStreetLight,600,583,No,NoIntersection,LightRain,2Vehicles-Side,RN 31 PR20+400,M,49.397177650406896,1.3960008525327685
201800013087,NonLethal,2018-06-12,15:45:00,Daylight,600,477,Yes,NoIntersection,Normal,2Vehicles-BehindVehicles-Frontal,RUE DU PONT QUI PENCHE,M,49.41746543757245,1.4194405094793765
201800013088,NonLethal,2018-09-12,01:30:00,NightNoStreetLight,600,30,No,NoIntersection,LightRain,3+Vehicles-Multiple,d927,M,49.35803143442481,2.3573175361312284
201800013089,Lethal,2018-12-15,16:30:00,TwilightOrDawn,600,652,No,NoIntersection,SnowOrHail,2Vehicles-BehindVehicles-Frontal,D115,M,49.30413698375511,2.304585760174258
201800013090,Lethal,2018-01-14,14:55:00,Daylight,600,288,No,X-type,Normal,2Vehicles-Side,Intersection D930 - D150,M,49.55694697345246,1.5572997176425518