AccidentId,Gravity,Date,Hour,Light,Department,Commune,InAgglomeration,IntersectionType,Weather,CollisionType,PostalAddress,GPSCode,Latitude,Longitude
201800013091,NonLethal,2018-01-15,12:19:00,Daylight,600,403,Yes,T-type,LightRain,2Vehicles-Behind,17-1 rue des étangs,M,49.495681797359154,1.4969610103348638
201800013092,NonLethal,2018-02-18,19:00:00,NightNoStreetLight,600,244,No,NoIntersection,LightRain,Other,D133,M,49.5704311828498,1.5696381036623237
201800013093,NonLethal,2018-03-03,14:20:00,Daylight,600,623,No,NoIntersection,Normal,NoCollision,RD 930,M,49.5479306671041,1.5502463252752303
201800013095,NonLethal,2018-05-18,15:40:00,Daylight,600,403,No,NoIntersection,Normal,3+Vehicles-Chain,D 133 PK 3+100,M,49.49831264033558,2.4954824522061485
201800013096,NonLethal,2018-05-21,19:00:00,Daylight,600,242,No,X-type,Normal,2Vehicles-Behind,D7,M,49.591793852519935,1.5915181471113349
201800013097,NonLethal,2018-03-07,21:08:00,Daylight,600,128,Yes,NoIntersection,Normal,Other,rue principale,M,49.60639743493156,1.6063852961697564
201800013098,NonLethal,2018-07-14,20:50:00,TwilightOrDawn,600,699,No,NoIntersection,Normal,NoCollision,Départementale 95,M,49.52123207824425,1.5232039740989
201800013101,Lethal,2018-11-03,08:45:00,TwilightOrDawn,600,51,No,NoIntersection,VeryGood,Other,D124,M,49.67432310835181,2.6751199549395217
201800013102,NonLethal,2018-11-15,14:26:00,Daylight,600,286,No,NoIntersection,FogOrSmoke,2Vehicles-Behind,D901,M,49.66843744112175,1.667083316403183
201800013103,NonLethal,2018-12-10,17:50:00,NightStreelightsOn,600,217,No,T-type,Normal,2Vehicles-Behind,Route Départementale 133,M,49.55187827040962,1.5498986166812718
201800013104,NonLethal,2018-03-03,17:19:00,Daylight,600,74,No,NoIntersection,LightRain,NoCollision,Rue de Beauvais,M,49.23098267190127,2.2318600948107434
201800013105,NonLethal,2018-03-04,17:40:00,Daylight,600,44,Yes,NoIntersection,Normal,2Vehicles-BehindVehicles-Frontal,rue du Général Leclerc,M,49.30069291801028,2.301759784041647
201800013106,NonLethal,2018-03-18,09:17:00,Daylight,600,513,Yes,NoIntersection,SnowOrHail,Other,Allée des cycomores,M,49.202458201289694,2.201885489937121
201800013107,NonLethal,2018-03-28,00:45:00,NightNoStreetLight,600,155,No,NoIntersection,Normal,NoCollision,Lieu dit la villeneuve -,M,49.24331812267586,2.243412551232247
201800013108,NonLethal,2018-04-21,19:25:00,TwilightOrDawn,600,686,No,X-type,Normal,2Vehicles-Side,D 92,M,49.20644859075564,2.206186239503192
201800013109,NonLethal,2018-04-25,09:35:00,Daylight,600,185,Yes,T-type,Normal,2Vehicles-Side,Rue de Précy,M,49.21003386981519,2.21153374366925
201800013110,NonLethal,2018-05-28,21:00:00,NightNoStreetLight,600,584,Yes,NoIntersection,HeavyRain,2Vehicles-BehindVehicles-Frontal,D92,M,49.2232334177386,2.2237866265308264
201800013111,NonLethal,2018-09-30,20:30:00,NightStreelightsOn,600,513,Yes,Roundabout,Normal,NoCollision,Départementale 92,M,49.20271242920306,2.202741282587211
201800013112,NonLethal,2018-10-16,07:15:00,NightNoStreetLight,600,155,Yes,T-type,Normal,Other,2 rue de la Station,M,49.27403541106537,2.2725986666190647
201800013113,NonLethal,2018-04-11,20:00:00,NightNoStreetLight,600,155,No,NoIntersection,Normal,2Vehicles-Behind,D929,M,49.262871680137714,2.262395199697843
201800013114,NonLethal,2018-01-02,19:45:00,NightStreelightsOn,600,104,Yes,T-type,Normal,Other,33 rue du général Lecler,M,49.637014468321766,2.635195322102891
201800013115,Lethal,2018-02-05,18:30:00,NightNoStreetLight,600,615,No,NoIntersection,Normal,2Vehicles-BehindVehicles-Frontal,D47,M,49.6381386354774,2.6363222227044045
201800013116,Lethal,2018-04-07,01:30:00,NightStreelightsOn,600,518,Yes,NoIntersection,Normal,Other,Rue Marcel Dassault,M,49.58308773632598,2.5811501635606486
201800013117,NonLethal,2018-08-06,23:15:00,NightNoStreetLight,600,146,No,NoIntersection,Normal,2Vehicles-BehindVehicles-Frontal,RD 90,M,49.60769883817186,2.608022870967304
201800013118,NonLethal,2018-07-15,18:55:00,Daylight,600,104,Yes,NoIntersection,Normal,Other,Rue de Beauvais,M,49.62614118869498,2.6246220557098736
201800013119,Lethal,2018-10-18,18:15:00,Daylight,600,253,No,X-type,Normal,2Vehicles-Behind,RD 151 - RD 11,M,49.58658665567595,2.587390041189354
201800013120,NonLethal,2018-10-30,18:30:00,TwilightOrDawn,600,573,No,NoIntersection,Normal,Other,D151,M,49.559395173563225,2.5588657907178107
201800013121,NonLethal,2018-12-22,03:40:00,NightStreelightsOn,600,104,Yes,NoIntersection,Normal,Other,28 rue d'Amiens,M,49.63474397728041,2.635558459851004
201800013122,NonLethal,2018-12-23,07:00:00,NightNoStreetLight,600,336,No,X-type,HeavyRain,2Vehicles-Side,chaussée brunehaut,M,49.57520130960602,2.575396509439546
201800013123,NonLethal,2018-01-10,19:10:00,NightNoStreetLight,600,268,No,NoIntersection,Normal,NoCollision,Route départementale 90,M,49.58349114184174,2.582872019210224
201800013124,NonLethal,2018-04-22,07:15:00,Daylight,600,498,Yes,NoIntersection,Normal,Other,D527,M,49.50389883695248,2.504865415156391
201800013126,Lethal,2018-05-22,21:35:00,TwilightOrDawn,600,581,Yes,NoIntersection,Normal,NoCollision,Rue Sarrail,M,49.49840459812247,2.5009937795305697
201800013128,NonLethal,2018-06-28,16:35:00,Daylight,600,133,No,NoIntersection,Normal,2Vehicles-Side,"rd 94, PK 019.600",M,49.54617709027348,2.546353072633262
201800013129,NonLethal,2018-03-07,14:50:00,Daylight,600,581,Yes,Other,Normal,Other,rue de beauvais,M,49.50436126756152,2.506546900389148
201800013131,Lethal,2018-09-09,13:40:00,Daylight,600,40,No,X-type,Normal,2Vehicles-Side,Intersection D101 / D152,M,49.413974436298176,2.4149655941155426
201800013132,NonLethal,2018-09-30,05:45:00,NightNoStreetLight,600,581,No,NoIntersection,Normal,Other,Route départementale 916,M,49.49611055576436,2.4942958474749184
201800013134,NonLethal,2018-10-12,14:45:00,Daylight,600,643,No,X-type,Normal,2Vehicles-Side,RD 587,M,49.56861593189911,2.5678619498343638
201800013135,NonLethal,2018-06-11,15:15:00,Daylight,600,495,No,NoIntersection,VeryGood,2Vehicles-Behind,route départementale 938,M,49.51971457625541,2.5183454070920197
201800013136,NonLethal,2018-11-20,19:26:00,NightStreelightsOn,600,581,Yes,NoIntersection,SnowOrHail,Other,D938 - RUE DE MONTDIDIER,M,49.50870444789195,2.5113023311487948
201800013137,NonLethal,2018-10-12,20:00:00,NightNoStreetLight,600,36,No,NoIntersection,LightRain,NoCollision,route départementale 75,M,49.44493514289364,2.4464860413294267
201800013138,NonLethal,2018-12-14,21:00:00,NightStreelightsOn,600,276,Yes,NoIntersection,Normal,Other,4 rue d'en haut,M,49.58449683239586,2.5841283982909355
201800013139,Lethal,2018-01-30,20:45:00,NightStreelightsOn,600,156,No,NoIntersection,LightRain,2Vehicles-BehindVehicles-Frontal,RN 1031,M,49.43938257804753,2.439252098593897
201800013141,NonLethal,2018-10-02,11:05:00,Daylight,600,188,Yes,NoIntersection,Normal,NoCollision,Rue Raoul Ducollet,M,49.40435175093617,3.4021536962191314
201800013143,NonLethal,2018-04-16,19:50:00,TwilightOrDawn,600,273,No,NoIntersection,Normal,Other,Dl032 PK 4 + 600,M,49.47418991602394,2.471207700004113
201800013144,NonLethal,2018-05-17,06:15:00,TwilightOrDawn,600,324,Yes,X-type,Normal,2Vehicles-BehindVehicles-Frontal,carrefour de la maison b,M,49.39834418949186,3.398438855195643
201800013145,NonLethal,2018-06-19,06:00:00,Daylight,600,324,Yes,NoIntersection,Normal,2Vehicles-Side,rue de SOISSONS - RN 31,M,49.3957690602282,3.396780846140295
201800013146,Lethal,2018-09-18,07:15:00,TwilightOrDawn,600,188,Yes,NoIntersection,Normal,2Vehicles-Side,Rue du docteur moussaud,M,49.40143022378481,3.4036712866769543
201800013147,Lethal,2018-12-10,10:00:00,Daylight,600,150,No,X-type,Normal,2Vehicles-Side,RD165 / RD 48,M,49.53059305063071,2.5311065325556448
201800013148,Lethal,2018-12-14,18:28:00,NightNoStreetLight,600,423,No,NoIntersection,Normal,2Vehicles-BehindVehicles-Frontal,Route départementale D66,M,49.49546081812002,2.4980571397336955
201800013149,NonLethal,2018-12-19,18:15:00,NightStreelightsOn,600,537,No,NoIntersection,LightRain,Other,D1032,M,49.51762052425099,2.5195234470751138
201800013150,NonLethal,2018-05-05,12:20:00,Daylight,600,506,Yes,NoIntersection,Normal,2Vehicles-Side,199 rue de la libération,M,49.57017169428044,2.5709898547720726
201800013151,NonLethal,2018-06-15,19:00:00,Daylight,600,348,Yes,T-type,Normal,Other,allée des acacias,M,49.57260677974914,2.5713121872899416
201800013154,NonLethal,2018-07-09,16:30:00,Daylight,600,431,No,NoIntersection,Normal,2Vehicles-Behind,RD 934,M,49.56723935703889,3.5658608328140056
201800013156,NonLethal,2018-10-15,12:15:00,Daylight,600,471,No,NoIntersection,Normal,2Vehicles-Behind,RD932,M,49.6039119090832,3.6050502134694833
201800013157,NonLethal,2018-10-18,17:54:00,Daylight,600,471,Yes,NoIntersection,Normal,2Vehicles-Behind,route de paris,M,49.56990400191902,2.5696807423426566
201800013158,NonLethal,2018-10-20,07:25:00,NightNoStreetLight,600,625,No,NoIntersection,FogOrSmoke,2Vehicles-BehindVehicles-Frontal,RD938,M,49.582305513090745,2.582902380549546
201800013159,NonLethal,2018-10-31,08:10:00,Daylight,600,124,No,X-type,Normal,2Vehicles-Side,D934,M,49.637222129257815,2.6379883697631934
201800013160,NonLethal,2018-04-11,18:00:00,NightStreelightsOn,600,340,Yes,NoIntersection,Normal,2Vehicles-Side,FACE AU 743 RUE PRINCIPA,M,49.61130412685796,2.6100589911233034
201800013161,NonLethal,2018-11-20,18:50:00,NightStreelightsOn,600,471,Yes,Roundabout,LightRain,Other,rond point de l'Europe,M,49.57811833780102,3.577245616690375
201800013162,NonLethal,2018-11-22,17:45:00,NightStreelightsOn,600,471,Yes,Other,Overcast,2Vehicles-BehindVehicles-Frontal,Rue du 7ème Régiment de,M,49.57335018984634,2.574054582320325
201800013163,NonLethal,2018-11-26,10:15:00,Daylight,600,348,No,NoIntersection,LightRain,2Vehicles-BehindVehicles-Frontal,D82,M,49.57093944891266,2.570806037570695
201800013164,NonLethal,2018-12-27,13:15:00,Daylight,600,617,No,NoIntersection,FogOrSmoke,NoCollision,Rue des genêts,M,49.6256345241262,2.625252051693174
201800013165,NonLethal,2018-01-14,16:20:00,Daylight,600,24,No,X-type,Normal,2Vehicles-Side,Intersection RN31 / D60,M,49.40354164573744,2.40338612857796
201800013167,NonLethal,2018-06-22,08:40:00,Daylight,600,284,No,Roundabout,Normal,2Vehicles-Side,Rond point D 155 / D 10,M,49.37641519078529,2.379230104334536
201800013168,Lethal,2018-07-13,00:28:00,NightStreelightsOff,600,531,Yes,NoIntersection,Normal,Other,rue du stade,M,49.43470159709933,2.435609745246037
201800013170,NonLethal,2018-04-24,20:35:00,Daylight,600,509,Yes,T-type,Normal,2Vehicles-Side,rue Léon Bourgeois,M,49.30886312449873,2.309230386572749
201800013171,Lethal,2018-04-05,11:15:00,Daylight,600,509,Yes,NoIntersection,Normal,Other,avenue Jean Jaurès,M,49.2971566038617,2.294562931851304
201800013172,NonLethal,2018-05-26,12:25:00,Daylight,600,670,No,NoIntersection,Normal,Other,poteau du bâtis - foret,M,49.27359281751675,2.2736905762984727
201800013175,NonLethal,2018-09-15,14:50:00,Daylight,600,670,Yes,T-type,Normal,2Vehicles-Side,chemin de Liancourt,M,49.273107158782906,2.274872909748477
201800013178,NonLethal,2018-12-06,19:00:00,NightStreelightsOn,600,509,Yes,NoIntersection,Normal,Other,rue théophile richard,M,49.302189818591856,2.30127357602464
201800013179,NonLethal,2018-06-16,15:30:00,Daylight,90,4,No,NoIntersection,Normal,3+Vehicles-Multiple,PK 65+300 - RN20,M,42.77787399115984,1.776993018770065
201800013180,NonLethal,2018-07-13,16:40:00,Daylight,90,296,Yes,NoIntersection,Normal,Other,RN20,M,42.79850897593764,1.799734387097765
201800013181,NonLethal,2018-07-27,15:15:00,Daylight,90,189,No,NoIntersection,VeryGood,2Vehicles-BehindVehicles-Frontal,RN20,M,42.61562288716857,1.6164307707099104
201800013182,NonLethal,2018-10-21,13:30:00,Daylight,90,189,No,NoIntersection,Normal,2Vehicles-BehindVehicles-Frontal,RN20 - PK 85+050,M,42.68282341909463,1.682157557101715
201800013183,NonLethal,2018-10-21,12:10:00,Daylight,90,189,No,NoIntersection,Normal,NoCollision,PK 94+500,M,42.61036638598068,1.6105189005211555
201800013184,NonLethal,2018-09-01,18:45:00,NightNoStreetLight,90,312,No,NoIntersection,Normal,2Vehicles-Side,d119,M,43.09319808540702,1.095739210389005
201800013186,NonLethal,2018-06-02,17:40:00,Daylight,90,332,No,NoIntersection,Normal,2Vehicles-BehindVehicles-Frontal,CD 12,M,43.08725193178218,1.0857864549679668
201800013187,NonLethal,2018-03-01,19:20:00,NightStreelightsOn,90,265,Yes,NoIntersection,Normal,Other,chemin de la voie,M,43.08798246360996,1.0869526519713302
201800013188,NonLethal,2018-04-07,19:40:00,Daylight,90,264,Yes,NoIntersection,Normal,2Vehicles-Side,lieu dit patau,M,43.032556315562246,1.0331026185763934
201800013190,NonLethal,2018-12-08,17:30:00,Daylight,90,173,Yes,NoIntersection,Normal,2Vehicles-BehindVehicles-Frontal,lieu dit patau,M,43.037211623776734,1.0393592861491892
201800013192,NonLethal,2018-09-23,14:45:00,Daylight,90,284,No,NoIntersection,Normal,NoCollision,Labarrière,M,43.038207449609,1.0378497088273593
201800013194,NonLethal,2018-11-29,16:05:00,Daylight,90,324,No,NoIntersection,Normal,Other,RD 624,M,43.0594494535492,1.0612390630343256
201800013195,NonLethal,2018-12-16,22:00:00,NightNoStreetLight,90,312,No,NoIntersection,HeavyRain,2Vehicles-BehindVehicles-Frontal,RD 119,M,43.1024318866658,1.1010866718061127
201800013196,NonLethal,2018-01-11,10:00:00,Daylight,90,182,No,NoIntersection,LightRain,2Vehicles-BehindVehicles-Frontal,D318,M,42.891333456632,1.8899787662202845
201800013197,Lethal,2018-08-04,02:30:00,NightNoStreetLight,90,235,No,NoIntersection,Normal,Other,lieu dit le pitarlet,M,43.03717342432963,1.0375764083843089
201800013198,NonLethal,2018-01-01,15:20:00,Daylight,830,25,No,NoIntersection,Normal,2Vehicles-BehindVehicles-Frontal,RD 34 route de bras,M,43.51366959488813,5.513459844773851
201800013199,NonLethal,2018-01-25,19:00:00,NightStreelightsOn,830,32,Yes,NoIntersection,LightRain,2Vehicles-BehindVehicles-Frontal,RD 562,M,43.47188263102436,6.471423007075749
201800013200,NonLethal,2018-03-05,12:25:00,Daylight,830,12,No,NoIntersection,LightRain,NoCollision,route de MARSEILLE,M,43.55107420929641,6.550935027007365
201800013201,NonLethal,2018-03-17,13:00:00,Daylight,830,84,No,NoIntersection,Normal,3+Vehicles-Chain,RD30 - PR 13+300,M,43.648426890172686,6.645626945687774
201800013202,NonLethal,2018-03-29,11:15:00,Daylight,830,25,No,NoIntersection,LightRain,2Vehicles-BehindVehicles-Frontal,RD 560 - PK 33 + 400,M,43.526545991629575,5.526541989373792
201800013203,Lethal,2018-02-04,16:30:00,Daylight,830,135,No,NoIntersection,Normal,Other,D71 - PK 4+200,M,43.6022641047239,6.603715792338607
201800013205,NonLethal,2018-05-27,18:05:00,Daylight,830,83,No,NoIntersection,Normal,2Vehicles-Side,ROUTE DÉPARTEMENTALE 22,M,43.46951149925086,6.471139314713795
201800013207,Lethal,2018-08-14,14:35:00,Daylight,830,135,No,NoIntersection,Normal,Other,D554,M,43.59336001310937,6.593534355191343
201800013209,NonLethal,2018-09-07,18:30:00,Daylight,830,95,No,NoIntersection,Normal,2Vehicles-Side,D560,M,43.556989308103546,6.555373107912164
201800013211,NonLethal,2018-09-21,06:30:00,TwilightOrDawn,830,32,No,NoIntersection,Normal,2Vehicles-Side,RD562,M,43.46913490682605,6.469319467594981
201800013212,NonLethal,2018-10-18,15:50:00,Daylight,830,83,No,T-type,Normal,3+Vehicles-Multiple,ROUTE DEPARTEMENTALE 22,M,43.480286279881824,6.480734293666399
201800013213,Lethal,2018-10-31,18:30:00,NightNoStreetLight,830,72,No,NoIntersection,HeavyRain,NoCollision,hameau les miquelets,M,43.49214876949101,6.491065218567795
201800013214,NonLethal,2018-12-11,11:20:00,Daylight,830,32,No,NoIntersection,LightRain,3+Vehicles-Chain,RD222,M,43.480468570124,6.480505942830557
201800013216,NonLethal,2018-02-06,21:30:00,NightNoStreetLight,830,78,No,NoIntersection,Normal,Other,D9 PK 7 +300,M,43.65422616793094,6.654898311782387
201800013217,NonLethal,2018-06-20,12:30:00,Daylight,830,122,No,NoIntersection,Normal,NoCollision,RD 957,M,43.74461992566534,6.7437213568715375
201800013218,NonLethal,2018-08-16,16:50:00,Daylight,830,122,No,NoIntersection,VeryGood,2Vehicles-Side,Intersection RD 957 et R,M,43.77355353320824,6.775452282851006
201800013219,Lethal,2018-01-23,10:55:00,Daylight,830,28,Yes,NoIntersection,Normal,Other,RD 25,M,43.56370842563542,6.564665999776775
201800013220,NonLethal,2018-02-16,16:36:00,Daylight,830,56,No,T-type,Normal,2Vehicles-Side,D54,M,43.57976769460392,6.5772416625539245
201800013221,NonLethal,2018-01-04,16:20:00,Daylight,830,11,No,NoIntersection,Normal,2Vehicles-BehindVehicles-Frontal,RD25,M,43.630328481057326,6.630565963334251
201800013222,NonLethal,2018-12-05,10:40:00,Daylight,830,56,No,NoIntersection,Normal,NoCollision,Départementale 54,M,43.55587666526583,6.556962113091345
201800013223,NonLethal,2018-05-31,16:55:00,Daylight,830,28,No,NoIntersection,Normal,Other,RD25 - Gorges de Pennafo,M,43.54298738238241,6.542462559216275
201800013224,Lethal,2018-03-06,10:10:00,Daylight,830,82,No,NoIntersection,Normal,2Vehicles-BehindVehicles-Frontal,"D955, PK 24+600",M,43.647155746268574,6.648285660710342
201800013225,NonLethal,2018-07-02,19:05:00,Daylight,830,56,No,NoIntersection,Normal,3+Vehicles-Multiple,RD54 - PK 5 + 950m,M,43.5673721867942,6.567724567609964
201800013226,NonLethal,2018-09-14,20:40:00,NightNoStreetLight,830,41,No,NoIntersection,Normal,2Vehicles-BehindVehicles-Frontal,D425,M,43.59961434285783,6.599524170830777
201800013227,NonLethal,2018-09-24,14:10:00,Daylight,830,28,No,NoIntersection,Normal,2Vehicles-Side,RD 562,M,43.57099120080868,6.573102881053788
201800013228,NonLethal,2018-03-24,12:50:00,Daylight,900,37,No,NoIntersection,Normal,Other,RD7 - PK 1+700,M,47.68062218228744,6.6809624084113866
201800013229,NonLethal,2018-05-28,08:20:00,Daylight,900,7,No,NoIntersection,Normal,2Vehicles-Side,RN1019,M,47.59263737558726,6.595916184976204
201800013230,NonLethal,2018-09-18,07:20:00,TwilightOrDawn,900,7,No,NoIntersection,VeryGood,2Vehicles-BehindVehicles-Frontal,RD 83,M,47.59297772119881,6.592883294506192
201800013231,Lethal,2018-12-17,09:07:00,Daylight,900,7,No,Other,LightRain,2Vehicles-BehindVehicles-Frontal,RN 1019,M,47.59431752726261,6.594528806265397
201800013232,NonLethal,2018-02-17,20:30:00,NightNoStreetLight,900,28,No,NoIntersection,SnowOrHail,Other,rd 463,M,47.51659577051114,7.517099037960604
201800013233,NonLethal,2018-04-15,05:30:00,NightNoStreetLight,900,45,No,NoIntersection,Normal,Other,D36,M,47.50725023356653,6.504455946103901
201800013234,NonLethal,2018-04-21,14:40:00,Daylight,900,105,No,NoIntersection,Normal,NoCollision,Route départementale 50,M,47.44986420742546,6.451973785027619
201800013235,NonLethal,2018-06-28,11:30:00,Daylight,900,33,No,NoIntersection,Normal,Other,boulevard de la liberté,M,47.506646307468976,6.507222314583889
201800013236,Lethal,2018-07-18,07:30:00,Daylight,900,46,No,NoIntersection,Normal,Other,D26,M,47.54246288940831,7.543785876062921
201800013237,NonLethal,2018-04-14,18:00:00,Daylight,900,89,No,NoIntersection,Normal,NoCollision,Départementale 2,M,47.71947767856587,6.718352926285121
201800013239,NonLethal,2018-07-05,18:55:00,Daylight,900,65,No,NoIntersection,Normal,Other,RD 465 montée du ballon,M,47.8017355143244,6.801395546764998
201800013240,NonLethal,2018-06-03,12:25:00,Daylight,900,62,No,NoIntersection,Normal,NoCollision,RD60,M,47.66909106515542,6.6704740434836
201800013241,NonLethal,2018-03-06,13:15:00,Daylight,900,65,No,NoIntersection,Normal,NoCollision,D465,M,47.798667541576506,6.799486158061009
201800013242,NonLethal,2018-06-26,11:45:00,Daylight,900,54,No,NoIntersection,Normal,NoCollision,Rue des étangs,M,47.72109742123897,6.7220664156504695
201800013243,NonLethal,2018-07-14,16:40:00,Daylight,900,65,No,NoIntersection,Normal,2Vehicles-Behind,Départementale 465,M,47.80316824388854,6.802059900841334
201800013244,NonLethal,2018-08-14,19:10:00,Daylight,900,16,Yes,T-type,Normal,3+Vehicles-Multiple,route départementale 27,M,47.701118250796696,6.701707472364022
201800013245,NonLethal,2018-08-29,09:20:00,Daylight,900,3,Yes,NoIntersection,Normal,NoCollision,rue des Errues,M,47.701866709416535,6.700039222390104
201800013246,NonLethal,2018-10-10,16:15:00,Daylight,900,65,No,NoIntersection,Normal,NoCollision,RD 465 PK 4+100,M,47.80250235133223,6.801953682845384
201800013247,NonLethal,2018-11-03,12:45:00,Daylight,900,65,No,Other,Normal,NoCollision,d465,M,47.79674752032617,6.798841238325026
201800013249,NonLethal,2018-06-30,22:45:00,NightStreelightsOn,900,45,Yes,NoIntersection,Normal,2Vehicles-Side,D36,M,47.50875799079642,6.504788863727555
201800013250,NonLethal,2018-10-02,08:45:00,Daylight,900,17,No,NoIntersection,Normal,Other,RN 19 - PK 10,M,47.56739980387135,6.564776411170241
201800013251,NonLethal,2018-01-11,16:40:00,Daylight,500,110,Yes,NoIntersection,Normal,NoCollision,10 place de la poste,M,49.19450317278788,-0.1924886963847535
201800013252,NonLethal,2018-01-17,22:00:00,NightNoStreetLight,500,538,No,NoIntersection,HeavyRain,Other,le calvaire - CD 972,M,49.130215515317865,-0.1308434406913251
201800013254,NonLethal,2018-02-17,08:55:00,Daylight,500,239,No,NoIntersection,Normal,Other,RN 174 PK31+150,M,49.11649319357956,-0.1159147213488932
201800013255,NonLethal,2018-03-09,20:00:00,NightNoStreetLight,500,302,No,NoIntersection,Overcast,2Vehicles-Side,la saulnerie,M,49.0980715734384,-0.097241248018149
201800013256,NonLethal,2018-03-16,15:15:00,Daylight,500,239,Yes,NoIntersection,Normal,2Vehicles-BehindVehicles-Frontal,rue des Magnolias,M,49.12791789677659,-0.1270637720453798
201800013257,NonLethal,2018-04-16,14:05:00,Daylight,500,468,No,Roundabout,Normal,2Vehicles-Side,l'arbre sec,M,49.21935401842296,-0.2181339501465568
201800013258,NonLethal,2018-06-15,17:25:00,Daylight,500,216,Yes,NoIntersection,Normal,2Vehicles-Side,12 rue des cigognes,M,49.236964316171466,-0.2384305838966857
201800013259,NonLethal,2018-07-01,13:00:00,Daylight,500,216,No,NoIntersection,Normal,NoCollision,rue du marais du milieu,M,49.23729497894986,-0.2384992475907396
201800013260,NonLethal,2018-07-13,10:00:00,Daylight,500,239,No,NoIntersection,Normal,Other,1 rue de bohon,M,49.15498793958178,-0.1552476918839284
201800013261,NonLethal,2018-10-30,10:30:00,Daylight,500,356,Yes,NoIntersection,Normal,Other,4 rue croix de moon,M,49.2110571632902,-0.2090567983274244
201800013262,NonLethal,2018-11-18,18:15:00,NightNoStreetLight,500,239,No,X-type,Normal,3+Vehicles-Multiple,hotel calin _,M,49.14802832414295,-0.1480033071389375
201800013263,NonLethal,2018-11-21,13:10:00,Daylight,500,216,No,T-type,Normal,2Vehicles-Side,lieu dit la brianderie,M,49.24907639458586,-0.2494328721810059
201800013265,NonLethal,2018-01-29,21:10:00,NightNoStreetLight,500,144,No,NoIntersection,FogOrSmoke,NoCollision,D33E2,M,48.77364718668616,-0.7730122867027824
201800013266,NonLethal,2018-02-19,11:35:00,Daylight,500,628,No,X-type,LightRain,2Vehicles-Side,,M,48.71836111325073,-0.7180990549270836
201800013267,NonLethal,2018-11-03,11:04:00,Daylight,500,453,No,X-type,Normal,2Vehicles-BehindVehicles-Frontal,rue des Rosiers,M,48.845472153697344,-0.8456938569262638
201800013268,NonLethal,2018-03-23,16:45:00,Daylight,500,453,No,X-type,LightRain,NoCollision,Intersection D999 - D33,M,48.817753004164544,-0.8172726418894392
201800013269,NonLethal,2018-03-30,13:35:00,Daylight,500,275,No,NoIntersection,LightRain,NoCollision,D239,M,48.756757099105975,-0.7555519347431344
201800013270,NonLethal,2018-05-05,11:35:00,Daylight,500,185,Yes,X-type,Normal,2Vehicles-Side,route de GRANVILLE - le,M,48.84580781390035,-0.8451610612595
201800013272,NonLethal,2018-06-26,12:00:00,Daylight,500,639,Yes,NoIntersection,Normal,Other,10 rue du Général de Gau,M,48.83727571712743,-0.8366238142097487
201800013273,NonLethal,2018-08-17,14:20:00,Daylight,500,639,Yes,NoIntersection,Normal,Other,17 Rue du Général de Gau,M,48.83677564695404,-0.8363355632262361
201800013274,NonLethal,2018-09-16,17:30:00,Daylight,500,597,No,T-type,VeryGood,3+Vehicles-Multiple,la lande,M,48.713419298757294,-0.7137562267935059
201800013278,NonLethal,2018-10-16,14:50:00,Daylight,500,453,No,X-type,Normal,2Vehicles-Side,Rue des rosiers,M,48.84674494346008,-0.848035014957836
201800013280,Lethal,2018-12-11,16:00:00,Daylight,500,453,No,X-type,Normal,2Vehicles-BehindVehicles-Frontal,rue prosper nove,M,48.815787627862754,-0.817830533836614
201800013281,NonLethal,2018-12-16,21:05:00,NightNoStreetLight,500,271,No,NoIntersection,HeavyRain,Other,RD33,M,48.73158617703465,-0.730339669047915
201800013282,NonLethal,2018-12-29,07:00:00,NightStreelightsOn,500,453,Yes,NoIntersection,Normal,Other,rue Emile lecharpentier_,M,48.83434337648048,-0.8371733702669476
201800013284,NonLethal,2018-04-17,16:30:00,Daylight,500,56,No,X-type,Normal,2Vehicles-Side,CLAIRET,M,48.63807399187351,-0.636468805686567
201800013285,NonLethal,2018-09-29,11:45:00,Daylight,500,359,Yes,NoIntersection,Normal,Other,15 grande rue,M,48.64704845216709,-0.6481289727702492
201800013286,NonLethal,2018-02-17,08:15:00,Daylight,500,410,No,NoIntersection,Normal,Other,curey - RN 175,M,48.57103666767972,-0.5719976719421227