AccidentId,Gravity,Date,Hour,Light,Department,Commune,InAgglomeration,IntersectionType,Weather,CollisionType,PostalAddress,GPSCode,Latitude,Longitude
201800013287,NonLethal,2018-02-28,18:15:00,TwilightOrDawn,500,132,No,NoIntersection,Normal,NoCollision,D48,M,48.6391726076829,-0.6375937927850764
201800013289,NonLethal,2018-03-27,11:15:00,Daylight,500,168,Yes,NoIntersection,Normal,Other,rue du Génie,M,48.61707541312463,-0.6161418944607645
201800013290,NonLethal,2018-07-13,06:40:00,TwilightOrDawn,500,640,No,T-type,Normal,2Vehicles-BehindVehicles-Frontal,D 230,M,48.52858398224319,-0.5300884314657158
201800013292,NonLethal,2018-03-08,18:45:00,Daylight,500,410,No,NoIntersection,Normal,2Vehicles-BehindVehicles-Frontal,RN 176,M,48.56196633802862,-0.5611911920149759
201800013293,NonLethal,2018-09-08,09:15:00,Daylight,500,168,Yes,NoIntersection,Normal,Other,RUE DU GÉNIE,M,48.6192572469178,-0.6193850527468272
201800013294,NonLethal,2018-09-14,02:00:00,NightNoStreetLight,500,337,Yes,Y-type,Normal,Other,rue du hamel,M,48.50156110837137,-0.5005691725042306
201800013297,NonLethal,2018-11-01,00:30:00,NightNoStreetLight,500,168,No,NoIntersection,Normal,Other,Lieu dit La Roche qui Bo,M,48.60237742129885,-0.6031914608163105
201800013299,Lethal,2018-11-11,17:40:00,NightNoStreetLight,500,574,No,NoIntersection,Overcast,Other,,M,48.5995752457386,-0.6011179129045503
201800013300,NonLethal,2018-11-16,09:20:00,Daylight,500,410,Yes,NoIntersection,Normal,Other,rue couesnon,M,48.553883679538814,-0.552149461810395
201800013301,NonLethal,2018-12-15,19:30:00,NightNoStreetLight,500,487,No,NoIntersection,LightRain,2Vehicles-Behind,route départementale 998,M,48.53447583587094,-0.5344017086685583
201800013303,NonLethal,2018-02-22,12:00:00,Daylight,500,591,No,NoIntersection,Normal,NoCollision,DEPARTEMENTALE 5,M,48.50518236106112,-0.5049049601534958
201800013304,NonLethal,2018-04-27,17:25:00,Daylight,500,256,No,X-type,LightRain,2Vehicles-Side,CARREFOUR DE LA SALETTE,M,48.61330083978939,-0.612895220299826
201800013306,NonLethal,2018-05-27,18:45:00,Daylight,500,644,No,T-type,Normal,2Vehicles-BehindVehicles-Frontal,"12 route de l'Yvrande, V",M,48.58186670129064,-0.583803261680114
201800013307,NonLethal,2018-02-06,16:05:00,Daylight,500,274,Yes,T-type,Normal,2Vehicles-Behind,RD 977,M,48.53982219197262,-0.5403829291314107
201800013309,NonLethal,2018-07-16,14:00:00,Daylight,500,256,No,Other,Normal,3+Vehicles-Chain,RD 976 Mesnil Thebault,M,48.5967909908148,-0.5968444211854722
201800013310,NonLethal,2018-08-12,19:30:00,Daylight,500,263,Yes,Other,LightRain,NoCollision,D 174,M,48.577981548786646,-0.5760109820667828
201800013311,NonLethal,2018-09-20,08:15:00,Daylight,500,256,No,NoIntersection,Normal,2Vehicles-BehindVehicles-Frontal,Les petites longues raie,M,48.64544360070381,-0.6471750268328816
201800013312,NonLethal,2018-10-10,12:00:00,Daylight,500,484,Yes,NoIntersection,Normal,Other,110 Rue de Paris,M,48.576982508598896,-0.5757955406136941
201800013314,Lethal,2018-11-18,18:45:00,NightNoStreetLight,500,274,No,NoIntersection,Normal,Other,route de Fougères,M,48.5256724769781,-0.5246933082044571
201800013316,NonLethal,2018-12-18,08:15:00,TwilightOrDawn,500,293,No,NoIntersection,Normal,Other,la bouverie,M,48.614895879541045,-0.6149786516097008
201800013317,NonLethal,2018-01-02,08:50:00,Daylight,500,539,Yes,NoIntersection,Normal,Other,place de l'abbé saint pi,M,49.66740167928976,-0.669187710370947
201800013318,NonLethal,2018-02-02,15:30:00,Daylight,500,615,Yes,NoIntersection,Normal,Other,Bd de la division Lecler,M,49.50986900148142,-0.5098667519236108
201800013319,NonLethal,2018-02-09,19:45:00,NightNoStreetLight,500,395,No,NoIntersection,Normal,2Vehicles-BehindVehicles-Frontal,Départementale 26,M,49.60659650695037,-0.607619990650563
201800013320,NonLethal,2018-02-25,11:00:00,Daylight,500,30,Yes,NoIntersection,Normal,2Vehicles-Behind,AXE RD.1 - RUE DE REVILL,M,49.66512177211175,-0.6670198209900989
201800013321,NonLethal,2018-03-31,11:00:00,Daylight,500,562,Yes,Roundabout,Normal,NoCollision,quai vauban,M,49.58743952306772,-0.587290862621264
201800013322,NonLethal,2018-04-21,18:15:00,Daylight,500,648,No,NoIntersection,HeavyRain,2Vehicles-BehindVehicles-Frontal,"Lieu dit "" Le Tapotin""",M,49.4994657862037,-0.5009604419337291
201800013323,NonLethal,2018-06-05,09:15:00,Daylight,500,305,No,NoIntersection,FogOrSmoke,2Vehicles-BehindVehicles-Frontal,Lieu dit la vierge DROUE,M,49.61583668506934,-0.6174155698368102
201800013324,NonLethal,2018-06-24,14:10:00,Daylight,500,615,Yes,NoIntersection,Normal,NoCollision,D974 - voie de la libert,M,49.50169546004008,-0.5026288351741288
201800013325,NonLethal,2018-06-25,17:45:00,Daylight,500,335,No,X-type,Normal,2Vehicles-Side,hameau dubost,M,49.57856837610311,-0.5786812744037634
201800013328,NonLethal,2018-09-08,18:42:00,Daylight,500,567,Yes,T-type,VeryGood,2Vehicles-Side,L'entreprise,M,49.57205994001953,-0.5720738461432251
201800013329,NonLethal,2018-09-02,18:52:00,Daylight,500,87,No,T-type,Normal,2Vehicles-Side,lieu dit delasse,M,49.56476626846271,-0.5636408652498294
201800013330,NonLethal,2018-04-09,20:30:00,TwilightOrDawn,500,417,Yes,NoIntersection,Normal,2Vehicles-Side,RUE DE GAUL,M,49.59599005261139,-0.5959458378892558
201800013331,NonLethal,2018-09-07,13:00:00,Daylight,500,342,No,NoIntersection,VeryGood,Other,,M,49.6562317461506,-0.6549297085131403
201800013332,NonLethal,2018-05-10,08:20:00,TwilightOrDawn,500,539,Yes,NoIntersection,Normal,2Vehicles-Side,96 RUE GÉNÉRAL DE GAULLE,M,49.66695375671241,-0.6674313943403114
201800013333,NonLethal,2018-11-17,12:00:00,Daylight,500,615,Yes,NoIntersection,Normal,NoCollision,route de Montebourg,M,49.50018087752102,-0.5002065460705535
201800013334,NonLethal,2018-11-19,20:15:00,NightNoStreetLight,500,648,No,NoIntersection,HeavyRain,2Vehicles-Side,Route de Bricquebec,M,49.5006375684521,-0.5023379547663487
201800013335,NonLethal,2018-11-20,17:40:00,TwilightOrDawn,500,196,No,NoIntersection,LightRain,2Vehicles-Behind,Rue Alexis de TOCQUEVILL,M,49.67003111553407,-0.6696192254852065
201800013336,Lethal,2018-07-12,17:05:00,TwilightOrDawn,500,209,No,NoIntersection,LightRain,2Vehicles-BehindVehicles-Frontal,901,M,49.64312667056056,-0.6437416995652506
201800013337,NonLethal,2018-12-12,18:45:00,NightNoStreetLight,500,87,No,NoIntersection,Normal,2Vehicles-BehindVehicles-Frontal,D56 - Route du Mont Fanu,M,49.5626130408366,-0.5619296365368721
201800013339,Lethal,2018-01-31,14:00:00,Daylight,500,82,No,T-type,Normal,2Vehicles-Side,,M,49.48972692784362,-0.4903436875542445
201800013340,NonLethal,2018-02-18,01:45:00,NightNoStreetLight,500,402,No,Other,Normal,Other,grandes rues,M,49.50929015004402,-0.5108599206571246
201800013341,Lethal,2018-03-19,00:30:00,NightStreelightsOn,500,412,Yes,NoIntersection,SnowOrHail,Other,rue hellouin,M,49.33557765503301,-0.3354325219878543
201800013343,NonLethal,2018-10-05,21:40:00,NightStreelightsOn,500,31,Yes,NoIntersection,Normal,Other,23 rue de l'étoile,M,49.36422884945009,-0.3638486727157938
201800013344,NonLethal,2018-11-05,16:10:00,Daylight,500,435,No,NoIntersection,Normal,Other,Le grand Hameau,M,49.49851309140095,-0.4994780466523428
201800013345,NonLethal,2018-06-07,14:50:00,Daylight,500,31,Yes,T-type,Normal,3+Vehicles-Multiple,rue hauvet,M,49.37841032035412,-0.3809342509114408
201800013347,NonLethal,2018-06-15,09:30:00,Daylight,500,604,No,NoIntersection,Normal,2Vehicles-Behind,le pont chauvin,M,49.52656837423382,-0.525859788796457
201800013348,NonLethal,2018-06-30,16:10:00,Daylight,500,503,Yes,NoIntersection,Normal,NoCollision,D15,M,49.33745928726314,-0.333687141592812
201800013349,NonLethal,2018-10-08,00:01:00,NightStreelightsOn,500,412,Yes,T-type,Normal,Other,Rue Lechevalier,M,49.33644871697148,-0.3357251121517725
201800013350,NonLethal,2018-10-08,15:47:00,Daylight,500,31,Yes,T-type,Normal,Other,3 av de la République,M,49.38069477300513,-0.3821373974940137
201800013351,NonLethal,2018-08-24,10:50:00,Daylight,500,184,No,NoIntersection,Normal,NoCollision,Route de la Mine,M,49.54377281057389,-0.544087464190802
201800013352,Lethal,2018-09-09,02:30:00,NightNoStreetLight,500,585,No,NoIntersection,Normal,Other,route des mielles,M,49.45742875110942,-0.4584785193701489
201800013353,NonLethal,2018-09-18,17:45:00,Daylight,500,490,No,X-type,Normal,2Vehicles-Side,Chemin de Coutances,M,49.3618003465936,-0.3586806289695913
201800013354,NonLethal,2018-10-10,05:40:00,NightNoStreetLight,500,222,No,NoIntersection,Normal,NoCollision,Hameau Commenchail,M,49.50061463419366,-0.500041401317254
201800013355,NonLethal,2018-10-17,23:15:00,NightStreelightsOn,500,402,Yes,NoIntersection,Normal,Other,58 rue Centrale,M,49.51490756735117,-0.5145433426554764
201800013356,NonLethal,2018-10-22,17:25:00,Daylight,500,45,No,NoIntersection,VeryGood,2Vehicles-Behind,10 la Croix Georges,M,49.52477941599005,-0.5237418847511847
201800013357,NonLethal,2018-11-02,17:15:00,Daylight,500,82,Yes,X-type,Normal,2Vehicles-Side,,M,49.47536111960661,-0.4757554554647782
201800013359,NonLethal,2018-12-25,10:40:00,Daylight,500,580,No,NoIntersection,Overcast,2Vehicles-BehindVehicles-Frontal,la grande Malbrè,M,49.528709480796735,-0.5299733505619622
201800013361,NonLethal,2018-11-02,17:15:00,Daylight,500,52,No,NoIntersection,Normal,2Vehicles-BehindVehicles-Frontal,D 67,M,49.35537366397737,-0.3571938402756837
201800013362,NonLethal,2018-02-14,18:45:00,NightStreelightsOn,500,400,Yes,NoIntersection,LightRain,Other,44 Rue de periers,M,49.37480034521064,-0.3722953786372941
201800013363,NonLethal,2018-05-05,14:20:00,Daylight,500,341,No,T-type,Normal,2Vehicles-Behind,,M,,
201800013365,NonLethal,2018-05-07,10:30:00,Daylight,500,55,No,X-type,VeryGood,2Vehicles-Side,Intersection RDl26 - RD2,M,49.43797831464538,-0.4372697889207855
201800013367,NonLethal,2018-05-22,18:00:00,Daylight,500,49,No,NoIntersection,Normal,Other,route de st sauveur le v,M,49.37085548662562,-0.3702752200314191
201800013368,NonLethal,2018-03-06,13:15:00,Daylight,500,523,No,NoIntersection,Normal,2Vehicles-Side,rue de fauville,M,49.39589672694887,-0.3979782798962999
201800013369,NonLethal,2018-06-08,20:30:00,Daylight,500,49,No,NoIntersection,Normal,Other,RD 15,M,49.377038692161904,-0.3771389232394661
201800013370,NonLethal,2018-10-06,18:10:00,Daylight,500,551,No,NoIntersection,Normal,Other,05 route du défant,M,49.377421854702334,-0.3769196927684832
201800013371,NonLethal,2018-06-17,19:30:00,Daylight,500,370,No,X-type,LightRain,Other,LES FORGES DE VARDON_,M,49.41629067211177,-0.4148739368932004
201800013372,NonLethal,2018-07-22,10:50:00,Daylight,500,551,Yes,T-type,Normal,NoCollision,rue des lices,M,49.386906234912445,-0.386417948826538
201800013373,NonLethal,2018-07-25,16:30:00,Daylight,500,467,No,NoIntersection,Normal,Other,route de vaudiville,M,49.48152119537737,-0.4808930449594729
201800013374,NonLethal,2018-08-05,19:40:00,Daylight,500,341,Yes,X-type,Normal,2Vehicles-Side,,M,49.48725580304761,-0.4862284184853801
201800013375,NonLethal,2018-08-17,09:50:00,Daylight,500,517,No,X-type,Normal,2Vehicles-Side,D14/D423,M,49.426205647570896,-0.4278118018386155
201800013377,NonLethal,2018-08-31,16:15:00,Daylight,500,103,Yes,Y-type,Normal,2Vehicles-Side,rue de l'Église_,M,49.37207350487458,-0.3702527116673776
201800013378,NonLethal,2018-09-14,18:00:00,Daylight,500,642,No,NoIntersection,Normal,NoCollision,rue des margueries,M,49.37932990941515,-0.3811514541795889
201800013379,NonLethal,2018-09-18,12:00:00,Daylight,500,427,No,NoIntersection,Normal,Other,les brocs,M,49.44168957860135,-0.4419135644506998
201800013380,NonLethal,2018-04-10,14:20:00,Daylight,500,387,No,T-type,Normal,2Vehicles-Behind,,M,49.42314372262306,-0.4212602110192564
201800013381,Lethal,2018-11-25,02:00:00,NightNoStreetLight,500,227,Yes,NoIntersection,FogOrSmoke,2Vehicles-BehindVehicles-Frontal,63 rue saint pierre,M,49.45409872764252,-0.4549950215276323
201800013383,NonLethal,2018-01-05,15:40:00,Daylight,500,354,No,Roundabout,VeryGood,2Vehicles-Side,les douetils,M,49.12413517087521,-0.1240181646615095
201800013384,NonLethal,2018-01-20,12:00:00,Daylight,500,44,No,NoIntersection,StrongWindOrStorm,Other,lieu dit Le Pissot,M,49.07365200252933,-0.0726313100298357
201800013385,NonLethal,2018-03-22,12:15:00,Daylight,500,389,No,X-type,Normal,2Vehicles-Side,Lieu dit la blanche roqu,M,49.00897248604164,-0.0118731019858755
201800013386,Lethal,2018-03-27,07:50:00,TwilightOrDawn,500,145,No,NoIntersection,LightRain,3+Vehicles-Chain,le ridel,M,49.06585871842199,-0.0670750060079038
201800013387,NonLethal,2018-09-04,12:30:00,Daylight,500,3,Yes,NoIntersection,Normal,2Vehicles-Behind,rue Amiral Tourville,M,49.05036136010496,-0.048666399585474
201800013388,NonLethal,2018-04-28,02:30:00,NightNoStreetLight,500,219,No,Roundabout,Normal,Other,le gros Fresnes,M,49.07167649436305,-0.070696733704288
201800013389,NonLethal,2018-05-20,23:20:00,NightNoStreetLight,500,58,No,X-type,Normal,2Vehicles-Side,Intersection D244 et D34,M,49.07102609663567,-0.0699876905324675
201800013390,NonLethal,2018-03-06,18:43:00,Daylight,500,3,Yes,X-type,Normal,2Vehicles-Side,charrière du commerce,M,49.033621274135776,-0.035131468130477
201800013391,NonLethal,2018-06-22,07:45:00,Daylight,500,279,No,T-type,VeryGood,3+Vehicles-Chain,lieu dit la montagne,M,49.08011432662853,-0.0819036930019881
201800013393,NonLethal,2018-01-07,23:30:00,NightNoStreetLight,500,345,No,NoIntersection,Normal,Other,Le Champaux,M,49.07771543780774,-0.0745581836088117
201800013394,NonLethal,2018-07-27,15:40:00,Daylight,500,464,No,NoIntersection,Normal,2Vehicles-Behind,la vaudeniere,M,48.9787173446152,-0.9801152215339436
201800013396,NonLethal,2018-09-21,18:50:00,Daylight,500,350,No,X-type,Normal,2Vehicles-Side,Le zercis,M,48.99719286570527,-0.996788288746588
201800013397,NonLethal,2018-10-03,13:39:00,Daylight,500,464,No,NoIntersection,Normal,NoCollision,"lieu dit ""La Hersière""",M,49.00889803300579,-0.0089518806751453
201800013398,NonLethal,2018-11-10,07:45:00,Daylight,500,145,No,T-type,Normal,2Vehicles-Side,la hastonnière,M,49.06556468121859,-0.0675744763069313
201800013401,NonLethal,2018-11-10,15:05:00,Daylight,500,3,Yes,NoIntersection,Normal,Other,40 rue leverrier,M,49.050058132745065,-0.0512325981800745
201800013402,NonLethal,2018-02-20,15:10:00,Daylight,500,85,No,X-type,Normal,Other,route de la blanche mais,M,48.9187388515621,-0.9179850788754246
201800013403,NonLethal,2018-04-01,20:00:00,TwilightOrDawn,500,419,No,NoIntersection,LightRain,2Vehicles-BehindVehicles-Frontal,rue du général de gaulle,M,48.97972145769522,-0.979040112756404
201800013404,NonLethal,2018-04-13,21:05:00,NightNoStreetLight,500,549,No,T-type,Normal,Other,"Route de la bougonnière,",M,48.84520844435327,-0.8458156181004751
201800013405,NonLethal,2018-04-18,11:35:00,Daylight,500,272,No,T-type,Normal,2Vehicles-BehindVehicles-Frontal,,M,48.93957486877735,-0.9397083410625252
201800013406,NonLethal,2018-05-18,13:45:00,Daylight,500,197,No,X-type,VeryGood,2Vehicles-BehindVehicles-Frontal,"Croisement D 98 - D 238,",M,48.9017374570858,-0.9027733673228954
201800013407,NonLethal,2018-07-03,15:52:00,Daylight,500,252,No,NoIntersection,Normal,2Vehicles-BehindVehicles-Frontal,RD592 lieu les janets,M,48.88489636797616,-0.8841888296406517
201800013408,NonLethal,2018-12-07,14:00:00,Daylight,500,76,Yes,NoIntersection,Normal,NoCollision,Zone industrielle La Mar,M,48.90087531897389,-0.8997862666782117
201800013409,NonLethal,2018-08-25,14:40:00,Daylight,500,365,No,T-type,Normal,2Vehicles-Behind,D 971 - La Blanche Maiso,M,48.92149617517368,-0.9224708091541224
201800013410,Lethal,2018-09-18,08:10:00,Daylight,500,349,Yes,NoIntersection,VeryGood,Other,rue de la foire,M,48.98814273160357,-0.9882970315266136
201800013411,NonLethal,2018-10-03,16:20:00,Daylight,500,143,No,NoIntersection,Normal,2Vehicles-Side,D114,M,48.85191368964096,-0.8528982116255794
201800013412,NonLethal,2018-03-10,21:30:00,NightNoStreetLight,500,278,No,T-type,Normal,2Vehicles-Side,rue de la liberté,M,48.86664108083546,-0.866626653078647
201800013413,NonLethal,2018-09-10,18:00:00,Daylight,500,231,Yes,X-type,Normal,2Vehicles-Side,intersection avenue des,M,48.97383694413392,-0.9737292246469006
201800013414,Lethal,2018-10-24,16:38:00,Daylight,500,429,No,Y-type,Normal,Other,les longs champs,M,49.00307298638822,-0.0018142652331551
201800013415,NonLethal,2018-10-25,16:20:00,Daylight,500,277,Yes,NoIntersection,VeryGood,Other,rue des écoliers,M,48.85235594210388,-0.8542040413506683
201800013417,NonLethal,2018-12-15,15:15:00,Daylight,500,85,No,NoIntersection,HeavyRain,3+Vehicles-Multiple,route de Bréhal - CD 20,M,48.91179190234884,-0.9100844273580954
201800013419,NonLethal,2018-01-28,17:10:00,NightNoStreetLight,500,204,No,X-type,LightRain,2Vehicles-Side,RD 650,M,49.24828048970467,-0.2482218641167588
201800013420,NonLethal,2018-02-03,04:20:00,NightNoStreetLight,500,481,No,Roundabout,Normal,Other,,M,49.237599981458175,-0.237456584637917
201800013422,NonLethal,2018-06-23,16:25:00,Daylight,500,136,No,X-type,Normal,2Vehicles-BehindVehicles-Frontal,RD 223,M,49.32553227478555,-0.3252745464007029
201800013423,NonLethal,2018-01-07,03:00:00,NightNoStreetLight,500,510,No,X-type,Normal,2Vehicles-Side,,M,49.17010659745648,-0.1711380529586092
201800013424,Lethal,2018-07-04,17:40:00,Daylight,500,267,No,T-type,Normal,3+Vehicles-Multiple,D2,M,49.19975334661778,-0.1951903576234971
201800013425,NonLethal,2018-09-07,18:25:00,Daylight,500,364,No,X-type,VeryGood,2Vehicles-Side,,M,49.137879165765,-0.1384302001936403
201800013426,NonLethal,2018-07-12,18:00:00,Daylight,500,481,No,X-type,Normal,2Vehicles-Side,RD 650,M,49.23898149688008,-0.2384410442678154
201800013428,NonLethal,2018-08-01,08:10:00,Daylight,500,198,No,NoIntersection,Normal,2Vehicles-Side,les landes,M,49.129479741347325,-0.1293457766737336
201800013430,NonLethal,2018-08-27,15:45:00,Daylight,500,403,No,NoIntersection,Normal,2Vehicles-BehindVehicles-Frontal,,M,49.15169359888497,-0.1523565572638095
201800013431,NonLethal,2018-08-29,16:45:00,Daylight,500,364,No,NoIntersection,Normal,3+Vehicles-Multiple,D2,M,49.13665208472539,-0.1342173139776888
201800013432,NonLethal,2018-09-17,07:16:00,TwilightOrDawn,500,181,Yes,NoIntersection,Normal,Other,3 Le Bourg,M,49.15206873310069,-0.1504052251734547
201800013433,NonLethal,2018-10-19,10:35:00,Daylight,500,403,No,Roundabout,Normal,3+Vehicles-Chain,route départementale D65,M,49.16930154794692,-0.1687989659707596
201800013434,Lethal,2018-10-21,14:10:00,Daylight,500,236,Yes,NoIntersection,Normal,Other,Place du Général de Gaul,M,49.29017170125015,-0.2896869117971237
201800013435,NonLethal,2018-12-31,16:50:00,TwilightOrDawn,500,160,No,NoIntersection,Normal,NoCollision,D903,M,49.32473658415763,-0.3226662208197096
201800013436,NonLethal,2018-11-07,13:56:00,Daylight,500,166,No,X-type,Normal,2Vehicles-Side,,M,49.338077582774325,-0.3382117465313832
201800013437,NonLethal,2018-05-19,05:15:00,TwilightOrDawn,50,59,No,NoIntersection,Normal,Other,"Lieu-dit ""la selle""",M,44.54893993513375,6.551722733704269
201800013438,NonLethal,2018-05-25,17:45:00,Daylight,50,37,No,NoIntersection,Normal,2Vehicles-Side,D45 lieu-dit Fifre,M,44.481327502013976,6.4789111540938364
201800013440,NonLethal,2018-08-14,09:45:00,Daylight,50,59,No,X-type,Normal,2Vehicles-Side,237 la basse Freissinous,M,44.52782084440485,6.526251972129804
201800013441,NonLethal,2018-10-10,12:00:00,Daylight,50,22,No,NoIntersection,Normal,NoCollision,"Pk 2+800, Départementale",M,44.44055623193577,6.440197779217382
201800013442,NonLethal,2018-10-10,13:50:00,Daylight,50,184,No,X-type,LightRain,2Vehicles-BehindVehicles-Frontal,RD20 La pièce,M,44.40579986137929,5.407659253214175
201800013443,NonLethal,2018-02-28,16:20:00,Daylight,50,9,No,NoIntersection,SnowOrHail,Other,"RAMPE DU MOTTY, LE MOTTY",M,44.798448105597664,5.798208833764887
201800013445,NonLethal,2018-05-05,16:00:00,Daylight,50,56,No,NoIntersection,Normal,Other,Lieu-dit MANSE - RD 13,M,44.61799844381375,6.617692557100361
201800013446,Lethal,2018-05-26,23:05:00,NightNoStreetLight,50,142,No,NoIntersection,LightRain,Other,RN85 Hameau La Trinité,M,44.77958214270674,5.779607702383328
201800013447,NonLethal,2018-05-29,16:47:00,Daylight,50,9,No,NoIntersection,LightRain,Other,RN85,M,44.79447667502821,5.795864121871463
201800013448,NonLethal,2018-07-01,17:25:00,Daylight,50,72,No,NoIntersection,Normal,3+Vehicles-Multiple,RN 85,M,44.62889010566972,6.6274487381106
201800013449,NonLethal,2018-07-14,22:21:00,NightNoStreetLight,50,132,No,NoIntersection,Normal,NoCollision,Route des Combes,M,44.68342111679716,6.683127323845424
201800013450,NonLethal,2018-07-22,04:45:00,NightStreelightsOn,50,153,Yes,T-type,Normal,Other,la villette,M,44.67557698810987,6.675974534771664
201800013451,NonLethal,2018-08-25,10:20:00,Daylight,50,142,No,NoIntersection,Normal,Other,LE MOTTY,M,44.80633665881947,5.805335326029284
201800013452,NonLethal,2018-08-31,12:00:00,Daylight,50,149,No,NoIntersection,Normal,NoCollision,PK 13 D13,M,44.64954936784072,6.647558764084372
201800013453,NonLethal,2018-09-21,17:50:00,Daylight,50,132,No,NoIntersection,Normal,Other,Les Alliberts,M,44.68898591383631,6.686202082345606
201800013454,NonLethal,2018-11-11,17:45:00,NightNoStreetLight,50,39,No,NoIntersection,Normal,Other,lieu dit les herbeys,M,44.76640853865867,6.766174120765701
201800013455,NonLethal,2018-11-17,16:45:00,Daylight,50,54,No,NoIntersection,Overcast,NoCollision,D17A,M,44.6643799969149,6.664092473392072
201800013456,NonLethal,2018-12-16,09:15:00,Daylight,50,25,Yes,NoIntersection,Overcast,Other,lieu-dit les Meuniers -,M,44.65199831008044,6.650076859250926
201800013457,NonLethal,2018-12-29,18:50:00,NightNoStreetLight,50,147,No,NoIntersection,Normal,Other,D945,M,44.66260981099761,6.662978683718023
201800013458,Lethal,2018-01-11,07:45:00,TwilightOrDawn,50,99,No,NoIntersection,FogOrSmoke,NoCollision,d994,M,44.51377664778606,5.515028514196068
201800013459,NonLethal,2018-02-28,13:50:00,Daylight,50,123,No,T-type,SnowOrHail,2Vehicles-BehindVehicles-Frontal,RD994,M,44.562087995823,5.562524748993309
201800013460,NonLethal,2018-04-14,16:40:00,Daylight,50,28,No,NoIntersection,Normal,Other,D48- lieu dit AURILLAC,M,44.47707157667499,5.476703023221393
201800013461,NonLethal,2018-05-25,18:00:00,Daylight,50,123,No,X-type,Normal,Other,La Plaine,M,44.56273459119842,5.560254719112601
201800013462,NonLethal,2018-03-07,08:30:00,Daylight,50,179,Yes,X-type,Normal,2Vehicles-Side,AVENUE COMMANDANT DUMONT,M,44.532646133404384,5.532992664533066
201800013463,NonLethal,2018-07-15,12:00:00,Daylight,50,146,No,T-type,Normal,2Vehicles-Side,D1075,M,44.61812674948783,5.618560779949447
201800013464,NonLethal,2018-07-21,21:30:00,NightNoStreetLight,50,55,No,NoIntersection,Normal,2Vehicles-BehindVehicles-Frontal,Chemin de la Longeagne,M,44.54503915109472,5.54575536769007
201800013465,NonLethal,2018-07-30,18:00:00,Daylight,50,139,Yes,NoIntersection,Normal,Other,RD 17,M,44.59972192716477,5.599704320162859
201800013466,NonLethal,2018-09-07,13:55:00,Daylight,50,87,No,NoIntersection,Normal,3+Vehicles-Chain,RD994,M,44.562136792783576,5.56049971828155
201800013467,NonLethal,2018-09-26,17:50:00,Daylight,50,179,Yes,Y-type,Normal,2Vehicles-Side,avenue cdt dumont,M,44.53415693027761,5.535503758989137
201800013468,NonLethal,2018-11-03,05:30:00,TwilightOrDawn,50,179,Yes,Y-type,Normal,Other,avenue du commandant Dum,M,44.53318344488813,5.533790849299392
201800013469,NonLethal,2018-11-12,20:00:00,NightNoStreetLight,50,179,No,NoIntersection,Normal,Other,route départementale 994,M,44.52191865754433,5.521810132411456
201800013470,NonLethal,2018-12-22,17:10:00,TwilightOrDawn,50,55,No,NoIntersection,Normal,2Vehicles-BehindVehicles-Frontal,D1075,M,44.5681016500838,5.56712818875927
201800013471,Lethal,2018-09-02,22:45:00,NightNoStreetLight,50,11,No,NoIntersection,Normal,Other,"rd942, la plaine, PK052.",M,44.547822873597326,6.549192340943883
201800013473,NonLethal,2018-04-26,15:50:00,Daylight,50,11,No,NoIntersection,Normal,NoCollision,D942,M,44.54055269360997,6.540545383594368
201800013474,NonLethal,2018-05-20,14:00:00,Daylight,50,40,No,NoIntersection,LightRain,2Vehicles-Behind,"RN94, pk 088.091",M,44.541838830799605,6.5399440681877845
201800013475,NonLethal,2018-05-30,17:55:00,Daylight,50,84,No,X-type,Overcast,2Vehicles-Side,La Montgardine,M,44.55685269817911,6.558024622505562
201800013476,NonLethal,2018-06-25,11:30:00,Daylight,50,140,No,NoIntersection,Normal,3+Vehicles-Multiple,RD 942,M,44.50497782789932,6.504551389464918
201800013477,Lethal,2018-06-30,17:30:00,Daylight,50,17,No,T-type,Normal,3+Vehicles-Multiple,"RN94, PK 8l+280",M,44.560244571189024,6.560861023944384
201800013479,Lethal,2018-07-14,10:50:00,Daylight,50,40,No,NoIntersection,Normal,3+Vehicles-Multiple,RN 94 PK 85+735,M,44.55143195485892,6.550116094695426
201800013480,NonLethal,2018-08-16,08:10:00,Daylight,50,124,No,NoIntersection,Normal,NoCollision,Lieu dit les Guerins,M,44.59600913032714,6.597012364056018
201800013481,NonLethal,2018-09-08,20:10:00,NightNoStreetLight,50,17,No,T-type,Normal,2Vehicles-Side,N94,M,44.562301830191245,6.562542862064441