AccidentId,Gravity,Date,Hour,Light,Department,Commune,InAgglomeration,IntersectionType,Weather,CollisionType,PostalAddress,GPSCode,Latitude,Longitude
201800013482,NonLethal,2018-09-22,14:30:00,Daylight,50,17,Yes,T-type,Normal,2Vehicles-Side,intersection rue de l'ay,M,44.56475589248404,6.56605686596874
201800013483,NonLethal,2018-10-07,14:20:00,Daylight,50,40,No,NoIntersection,Normal,Other,Aire de repos d'aiguebel,M,44.5379553642973,6.539461164107844
201800013484,NonLethal,2018-10-13,09:20:00,Daylight,50,40,Yes,Roundabout,Normal,Other,avenue des martyrs,M,44.54719117092925,6.545037691541629
201800013485,NonLethal,2018-12-16,09:15:00,Daylight,50,40,No,NoIntersection,SnowOrHail,2Vehicles-BehindVehicles-Frontal,za la grande ile N94,M,44.55030497817921,6.550142820101111
201800013486,Lethal,2018-01-01,14:20:00,Daylight,50,46,No,NoIntersection,Normal,2Vehicles-BehindVehicles-Frontal,route nationale 94,M,44.55427529027374,6.551919032897599
201800013487,NonLethal,2018-02-05,09:15:00,Daylight,50,36,No,NoIntersection,Overcast,NoCollision,RN 94,M,44.62611833756055,6.62458962576027
201800013488,NonLethal,2018-03-12,14:35:00,Daylight,50,36,No,NoIntersection,LightRain,Other,PR 122 +0391 RN94,M,44.63250196403034,6.632042189037731
201800013490,NonLethal,2018-05-10,11:45:00,Daylight,50,164,No,NoIntersection,Normal,2Vehicles-Side,RN 94,M,44.526322019523896,6.525383958152053
201800013491,NonLethal,2018-05-20,02:50:00,NightNoStreetLight,50,46,No,NoIntersection,Normal,NoCollision,route de vachère - torre,M,44.5514733998039,6.551817230980381
201800013492,NonLethal,2018-03-07,17:15:00,Daylight,50,46,Yes,NoIntersection,Normal,Other,D994H,M,44.56084354344157,6.561361287947735
201800013493,NonLethal,2018-07-29,22:25:00,NightStreelightsOn,50,46,Yes,NoIntersection,Normal,2Vehicles-Side,boulevard Pasteur,M,44.56451651411202,6.565077779437177
201800013494,NonLethal,2018-08-03,16:54:00,Daylight,50,98,Yes,NoIntersection,Normal,Other,Chemin piéton au niveau,M,44.49384405244259,6.494163638374451
201800013495,NonLethal,2018-08-16,14:15:00,Daylight,50,108,No,NoIntersection,Normal,NoCollision,RD 641,M,44.54571143153225,6.546036499596153
201800013496,NonLethal,2018-08-23,09:00:00,Daylight,50,46,No,NoIntersection,Normal,Other,RD 994,M,44.58107690513902,6.579717350823512
201800013497,NonLethal,2018-08-24,16:55:00,Daylight,50,45,No,NoIntersection,Normal,2Vehicles-Behind,"RN 94, Plage les Eaux Do",M,44.52915881426154,6.531299397553664
201800013498,NonLethal,2018-09-18,08:30:00,Daylight,50,46,Yes,NoIntersection,VeryGood,3+Vehicles-Multiple,avenue Justin Gras,M,44.56001680132999,6.562506378131764
201800013500,NonLethal,2018-04-17,19:00:00,Daylight,140,34,Yes,X-type,Normal,2Vehicles-Side,RD 36,M,49.10032627154378,-0.1007515691622439
201800013501,NonLethal,2018-05-09,16:10:00,Daylight,140,157,No,NoIntersection,Normal,2Vehicles-Side,ROUTE DEPARTEMENTALE 9,M,49.17637729218265,-0.176115332632336
201800013503,Lethal,2018-11-12,19:00:00,NightNoStreetLight,140,747,No,X-type,Normal,2Vehicles-Side,intersection RD36/RD89,M,49.10945993912758,-0.108802802114833
201800013504,NonLethal,2018-01-27,21:10:00,NightNoStreetLight,140,711,No,NoIntersection,LightRain,NoCollision,CD 30,M,49.31685174918173,-0.3147133864411047
201800013505,NonLethal,2018-02-24,16:00:00,Daylight,140,209,No,NoIntersection,Normal,Other,LIEU-DIT LE MONT FLAMBÉ,M,49.27025035280068,-0.2703324194813474
201800013508,NonLethal,2018-03-04,08:30:00,Daylight,140,711,No,NoIntersection,Normal,2Vehicles-BehindVehicles-Frontal,rue de la Barre - CD 30,M,49.31726382206124,-0.318858313061494
201800013509,NonLethal,2018-07-05,17:50:00,Daylight,140,35,Yes,Other,Normal,2Vehicles-BehindVehicles-Frontal,129 Rue des Forges,M,49.18461969518183,-0.1857577383238023
201800013510,NonLethal,2018-06-07,16:20:00,Daylight,140,342,Yes,NoIntersection,LightRain,Other,06 rue de Littry,M,49.3142423633045,-0.3139099980971287
201800013511,NonLethal,2018-11-06,18:07:00,Daylight,140,716,No,X-type,Normal,2Vehicles-Side,CD 13 LA BELLE  EPINE,M,49.18156089843839,-0.1816816623253315
201800013512,NonLethal,2018-06-24,02:50:00,NightNoStreetLight,140,745,Yes,NoIntersection,Normal,Other,05 route de port,M,49.36545657586085,-0.3659232261144494
201800013513,NonLethal,2018-06-23,19:45:00,Daylight,140,705,No,NoIntersection,Normal,NoCollision,Le picard,M,49.23125212226837,-0.2317587030879041
201800013514,NonLethal,2018-06-24,22:10:00,TwilightOrDawn,140,480,No,NoIntersection,Normal,NoCollision,LES HAUTS VENTS,M,49.335079638475456,-0.3348659552522316
201800013516,NonLethal,2018-07-05,01:00:00,NightStreelightsOff,140,714,No,NoIntersection,Normal,2Vehicles-Behind,RD 572,M,49.21572242900552,-0.2144019949852112
201800013517,NonLethal,2018-07-09,11:10:00,Daylight,140,605,Yes,NoIntersection,Normal,2Vehicles-BehindVehicles-Frontal,17 RUE DE LA LIBERATION,M,49.36793577684988,-0.3672572323880838
201800013518,NonLethal,2018-07-09,22:30:00,NightNoStreetLight,140,204,No,NoIntersection,Normal,NoCollision,7 la pointe du hoc,M,49.39187615996539,-0.3915882820780414
201800013519,Lethal,2018-08-19,04:05:00,NightStreelightsOn,140,342,Yes,NoIntersection,Normal,Other,36 rue de littry,M,49.31325953631473,-0.3150718280988873
201800013521,NonLethal,2018-09-13,17:00:00,Daylight,140,256,Yes,NoIntersection,Normal,Other,le hameau becquet,M,49.31990501618723,-0.3192530619141224
201800013522,NonLethal,2018-10-13,12:30:00,Daylight,140,763,No,Y-type,Normal,Other,Dll D5,M,49.29539418829192,-0.2947896922431463
201800013523,NonLethal,2018-10-23,14:30:00,Daylight,140,705,Yes,NoIntersection,Normal,2Vehicles-BehindVehicles-Frontal,CD15,M,49.23295065519409,-0.2314994998418353
201800013524,NonLethal,2018-10-27,10:15:00,Daylight,140,397,No,NoIntersection,Normal,Other,CD29 - DOUVILLE,M,49.30831147756451,-0.3089197671492572
201800013526,NonLethal,2018-04-12,19:35:00,NightNoStreetLight,140,445,No,NoIntersection,LightRain,Other,D13,M,49.18614582621226,-0.1841866037598932
201800013527,NonLethal,2018-12-16,09:30:00,Daylight,140,342,Yes,X-type,Normal,Other,rue lazare carnot,M,49.31980461289443,-0.319708958846776
201800013528,NonLethal,2018-02-19,14:20:00,Daylight,140,515,Yes,NoIntersection,Overcast,Other,RUE DE BAYEUX,M,49.34480199574824,-0.3437954731092655
201800013529,NonLethal,2018-01-04,11:00:00,Daylight,140,676,Yes,NoIntersection,Normal,Other,Rue des alliés,M,49.29278497178525,-0.2930149660549671
201800013531,NonLethal,2018-06-04,21:00:00,NightNoStreetLight,140,200,No,NoIntersection,Normal,NoCollision,lieu dit le creullet,M,49.29089602694299,-0.2908465715387549
201800013532,NonLethal,2018-04-14,17:15:00,Daylight,140,191,Yes,NoIntersection,HeavyRain,NoCollision,Route Anglaise,M,49.32232074650171,-0.3234940622158594
201800013533,NonLethal,2018-05-15,11:05:00,Daylight,140,49,No,X-type,Normal,2Vehicles-Side,Carrefour  D112 / D87,M,49.30296229345717,-0.3037369677981276
201800013534,NonLethal,2018-08-06,16:45:00,Daylight,140,200,No,X-type,Normal,2Vehicles-Side,CARREFOUR    D93/D35,M,49.280080159827264,-0.2807134426209754
201800013535,Lethal,2018-07-09,18:20:00,TwilightOrDawn,140,62,No,NoIntersection,VeryGood,Other,D141,M,49.27191083353839,-0.273590731174297
201800013536,NonLethal,2018-07-23,17:00:00,Daylight,140,565,Yes,Y-type,Normal,2Vehicles-Side,rue du flouet,M,49.33887062871226,-0.3392710488307503
201800013537,NonLethal,2018-09-29,15:30:00,Daylight,140,577,No,X-type,Normal,2Vehicles-Side,D82,M,49.26731845096388,-0.2688863138593494
201800013538,NonLethal,2018-10-25,21:10:00,NightNoStreetLight,140,355,No,NoIntersection,Normal,NoCollision,Lieu-dit Pierrepont,M,49.27331327427453,-0.2735152874869841
201800013539,Lethal,2018-10-26,14:45:00,Daylight,140,196,No,NoIntersection,LightRain,2Vehicles-Behind,D65,M,49.311641218191255,-0.3093584181156374
201800013542,NonLethal,2018-12-15,09:00:00,Daylight,140,21,Yes,NoIntersection,HeavyRain,Other,route de ryes,M,49.33624457895839,-0.3373324499361605
201800013544,NonLethal,2018-01-04,17:50:00,NightStreelightsOn,140,752,Yes,NoIntersection,LightRain,Other,RUE D'AUNAY,M,49.07971769748674,-0.0796789041530019
201800013545,NonLethal,2018-01-31,17:25:00,TwilightOrDawn,140,282,No,X-type,LightRain,2Vehicles-Side,LA CARBONNIERE,M,49.14096380246005,-0.1392786555614049
201800013546,NonLethal,2018-03-11,17:25:00,TwilightOrDawn,140,143,Yes,NoIntersection,VeryGood,2Vehicles-Behind,ROUTE DE TORIGNI,M,49.09081010911327,-0.0865643812498538
201800013547,NonLethal,2018-03-30,16:25:00,Daylight,140,449,No,NoIntersection,Normal,Other,LIEU DIT ESTIMANVILLE,M,49.11675342722912,-0.1149423409342122
201800013548,NonLethal,2018-04-17,07:20:00,Daylight,140,353,No,NoIntersection,Normal,Other,RD 8,M,49.08035735729101,-0.080547924982578
201800013549,NonLethal,2018-05-14,08:35:00,Daylight,140,702,No,NoIntersection,Normal,2Vehicles-BehindVehicles-Frontal,Voie communale n° 7,M,49.10372556408468,-0.1046598718227221
201800013550,NonLethal,2018-06-20,16:10:00,Daylight,140,111,No,NoIntersection,Normal,2Vehicles-Side,le haut but,M,49.18422050960902,-0.1823883090426266
201800013551,NonLethal,2018-07-04,11:05:00,Daylight,140,278,No,NoIntersection,Normal,2Vehicles-Side,D217,M,49.17588123057826,-0.1739325227995068
201800013552,NonLethal,2018-08-07,19:00:00,Daylight,140,695,No,NoIntersection,Normal,NoCollision,D9,M,49.13230185588862,-0.1332199309794926
201800013553,NonLethal,2018-07-19,21:00:00,Daylight,140,702,No,NoIntersection,Normal,NoCollision,D83,M,49.1006147596633,-0.1004416979187854
201800013554,NonLethal,2018-08-16,15:55:00,Daylight,140,752,Yes,NoIntersection,Normal,Other,ROUTE D'AUNAY RD6,M,49.07416406509899,-0.0780586632506065
201800013555,NonLethal,2018-08-21,19:15:00,Daylight,140,364,No,X-type,Normal,2Vehicles-Side,D13,M,49.176773265015896,-0.1773492247318344
201800013556,NonLethal,2018-09-09,00:01:00,NightNoStreetLight,140,353,No,NoIntersection,Normal,Other,D8,M,49.072924789327566,-0.0721234720185169
201800013557,NonLethal,2018-11-09,17:15:00,Daylight,140,7,Yes,NoIntersection,Normal,NoCollision,lieu dit saint germain,M,49.07875787282083,-0.0826569103341767
201800013558,NonLethal,2018-09-28,18:00:00,Daylight,140,596,Yes,T-type,Normal,2Vehicles-Side,LE  BOURG,M,49.04474516219818,-0.0447610827737666
201800013559,NonLethal,2018-09-30,02:45:00,NightNoStreetLight,140,278,No,NoIntersection,Normal,Other,Route de Caen,M,49.17172505897461,-0.1712582961572588
201800013560,NonLethal,2018-10-01,16:50:00,Daylight,140,692,Yes,NoIntersection,Normal,2Vehicles-Side,rue du 18 juin 1944,M,49.17209614162668,-0.1735080297762141
201800013561,NonLethal,2018-11-15,16:10:00,Daylight,140,475,Yes,T-type,Normal,2Vehicles-Side,D 675  Route de Bretagne,M,49.119154370007166,-0.1189513964083322
201800013562,NonLethal,2018-12-26,14:30:00,Daylight,140,11,No,NoIntersection,Normal,2Vehicles-Side,D9,M,49.10846385905462,-0.108216269427391
201800013563,NonLethal,2018-01-14,11:00:00,Daylight,140,514,Yes,NoIntersection,Normal,Other,RUE SAINT MÉLAINE,,,
201800013564,NonLethal,2018-04-04,16:56:00,Daylight,140,578,No,NoIntersection,Normal,3+Vehicles-Multiple,CD579 LE LIEU CHENARD,M,49.36868522474147,2.3687949252291287
201800013565,NonLethal,2018-05-19,17:50:00,Daylight,140,578,No,X-type,Normal,NoCollision,Carrefour de la Vierge,M,49.356215603516965,1.3570664168344673
201800013566,NonLethal,2018-07-06,22:15:00,TwilightOrDawn,140,514,Yes,NoIntersection,Normal,Other,Rue Saint-Michel,M,49.28652830133242,1.2838159218443923
201800013567,NonLethal,2018-06-13,17:15:00,Daylight,140,534,No,NoIntersection,Normal,2Vehicles-Side,Route Départementale 675,M,49.276340005398254,1.2733589611063358
201800013568,NonLethal,2018-06-13,19:15:00,Daylight,140,534,No,NoIntersection,Normal,Other,d675,M,49.26629973852084,1.2639752922984244
201800013569,NonLethal,2018-06-23,01:30:00,NightNoStreetLight,140,500,Yes,NoIntersection,Normal,Other,RD 280 A,M,49.255350647146976,2.2568206597558094
201800013570,Lethal,2018-07-29,01:25:00,NightNoStreetLight,140,620,No,NoIntersection,Overcast,Other,RD 58,M,49.30580074263149,1.3066348106410135
201800013571,NonLethal,2018-07-31,00:05:00,NightNoStreetLight,140,86,No,NoIntersection,Normal,Other,route de honfleur RD 288,M,49.34000283553606,1.33784739052278
201800013572,NonLethal,2018-08-13,19:30:00,Daylight,140,85,No,NoIntersection,Normal,Other,CD 68 route de Beuzevill,M,49.27433250415324,3.274903527615197
201800013574,NonLethal,2018-03-10,16:40:00,Daylight,140,578,No,X-type,Normal,2Vehicles-Side,RD  74,M,49.35661978988602,1.355450627828674
201800013575,NonLethal,2018-12-16,01:00:00,NightNoStreetLight,140,86,Yes,NoIntersection,Normal,2Vehicles-BehindVehicles-Frontal,CD 677,M,49.3261290006753,1.3251732961742062
201800013576,Lethal,2018-12-19,04:40:00,NightNoStreetLight,140,578,No,NoIntersection,LightRain,Other,D17,M,49.33184122878995,2.332126322773858
201800013577,NonLethal,2018-01-01,11:00:00,Daylight,140,494,No,NoIntersection,Overcast,Other,CD49,M,49.25999067364887,-0.2611413490987946
201800013579,NonLethal,2018-04-03,07:45:00,TwilightOrDawn,140,335,No,NoIntersection,Overcast,2Vehicles-BehindVehicles-Frontal,D 78,M,49.17951327131804,-0.1781177749868593
201800013582,NonLethal,2018-04-20,16:55:00,Daylight,140,494,Yes,NoIntersection,VeryGood,NoCollision,CD27,M,49.25721453801107,-0.2548349029679586
201800013583,NonLethal,2018-05-21,17:20:00,Daylight,140,126,No,T-type,Normal,2Vehicles-Behind,intersection D613 - D 2,M,49.12318512281633,6.11968326386523
201800013584,NonLethal,2018-05-24,16:30:00,Daylight,140,754,Yes,NoIntersection,Normal,2Vehicles-BehindVehicles-Frontal,avenue jean moulin,M,49.324810015162925,1.3220726437892043
201800013585,NonLethal,2018-05-27,19:40:00,Daylight,140,280,No,NoIntersection,Normal,NoCollision,D45,M,49.21626075750093,1.217924515803344
201800013586,NonLethal,2018-06-22,16:45:00,Daylight,140,231,No,Y-type,Normal,2Vehicles-Side,RD276-Chemin de la Vall,M,49.21071752425617,3.209481051710532
201800013587,NonLethal,2018-06-27,18:10:00,Daylight,140,316,No,NoIntersection,Normal,Other,RD 142,M,49.260645117088295,-0.2602006413507929
201800013588,Lethal,2018-12-07,19:20:00,Daylight,140,743,No,T-type,Normal,2Vehicles-Behind,Intersection D16  Rue P,M,49.16514503623672,1.1650714782273184
201800013589,NonLethal,2018-07-15,10:45:00,Daylight,140,398,No,NoIntersection,Normal,2Vehicles-Side,RD 45,M,49.20719650368121,1.208508440734713
201800013590,NonLethal,2018-07-19,17:20:00,Daylight,140,203,No,T-type,Normal,2Vehicles-Side,Intersection D400/ Entr,M,49.2299154977356,-0.2304419737864917
201800013591,NonLethal,2018-07-23,05:30:00,NightNoStreetLight,140,110,No,NoIntersection,Normal,2Vehicles-BehindVehicles-Frontal,D 400,M,49.24631321360005,-0.2458701276113709
201800013592,NonLethal,2018-07-30,12:05:00,Daylight,140,70,No,NoIntersection,Normal,2Vehicles-BehindVehicles-Frontal,rd 49,M,49.19591367124715,-0.1951406628607794
201800013593,NonLethal,2018-01-08,23:30:00,NightNoStreetLight,140,398,No,NoIntersection,Normal,NoCollision,CD 59,M,49.1669631871082,9.17007392244913
201800013594,NonLethal,2018-09-08,15:15:00,Daylight,140,316,No,NoIntersection,Normal,Other,route départementale 142,M,49.26208826826148,-0.2621806688995464
201800013596,NonLethal,2018-08-18,16:05:00,Daylight,140,541,No,NoIntersection,Normal,Other,route départementale 59,M,49.17698072333815,8.17414432041152
201800013597,NonLethal,2018-09-25,08:50:00,Daylight,140,316,No,X-type,Normal,2Vehicles-BehindVehicles-Frontal,D 45,M,49.27217091530288,-0.2735283002900884
201800013598,NonLethal,2018-09-26,17:15:00,Daylight,140,754,Yes,X-type,Normal,2Vehicles-Side,rue du lieutenant Fernan,M,49.321338410861166,-0.3225211731617824
201800013599,Lethal,2018-11-10,21:35:00,NightNoStreetLight,140,448,No,Y-type,Normal,Other,RD 85,M,49.171777464544455,4.17324533069048
201800013600,NonLethal,2018-10-25,19:18:00,NightStreelightsOn,140,754,Yes,NoIntersection,Normal,2Vehicles-Side,140 avenue de la Républi,M,49.33216615451425,1.3316817209519791
201800013601,NonLethal,2018-11-14,18:15:00,NightNoStreetLight,140,398,No,NoIntersection,Normal,Other,d59 - PK 4+900,M,49.16614808259537,9.16514324093736
201800013602,NonLethal,2018-01-01,04:45:00,NightNoStreetLight,140,287,No,NoIntersection,LightRain,Other,D613,M,49.13961345971438,-0.140349784043341
201800013603,NonLethal,2018-01-19,08:20:00,TwilightOrDawn,140,57,Yes,NoIntersection,LightRain,2Vehicles-Behind,"RD 613, 53 BIS ROUTE DE",,,
201800013604,NonLethal,2018-01-26,16:15:00,Daylight,140,349,No,NoIntersection,Normal,Other,RD 562 A,M,49.08461695881706,-0.0860051759149187
201800013605,NonLethal,2018-02-17,11:08:00,Daylight,140,556,Yes,NoIntersection,Normal,Other,RUE DES CANADIENS,M,49.117925408044805,-0.1159187625322897
201800013606,NonLethal,2018-02-20,18:15:00,Daylight,140,309,No,NoIntersection,Overcast,NoCollision,RD 132 - PK 008.850,,,
201800013607,NonLethal,2018-03-02,07:35:00,TwilightOrDawn,140,408,Yes,NoIntersection,Other,NoCollision,RUE PAUL SAMSON,M,49.09570060817138,-0.096849273439341
201800013608,NonLethal,2018-04-19,11:15:00,Daylight,140,5,No,NoIntersection,Normal,NoCollision,Route Départementale 47,M,49.09705045485881,-0.0976522507652493
201800013610,NonLethal,2018-04-05,17:40:00,Daylight,140,516,Yes,Other,Normal,Other,rue des capucines,M,48.97106362064163,-0.970366261116019
201800013613,Lethal,2018-06-15,21:25:00,Daylight,140,761,Yes,T-type,Normal,2Vehicles-Side,RD 613 - route  de Paris,M,49.12267827470551,-0.1216704156772944
201800013614,NonLethal,2018-06-17,00:01:00,NightStreelightsOn,140,90,Yes,NoIntersection,Normal,NoCollision,D238 - Rue de la républi,M,49.05293043610842,-0.0531830030576791
201800013615,NonLethal,2018-04-08,14:45:00,Daylight,140,456,Yes,NoIntersection,Normal,Other,Route départementale 80,M,49.11602860147006,-0.1159700336186747
201800013616,NonLethal,2018-08-19,18:30:00,Daylight,140,516,Yes,X-type,Normal,Other,RUE LOUIS LEFEVRE,M,48.970320785605175,-0.9701385155432108
201800013617,NonLethal,2018-10-16,21:15:00,NightNoStreetLight,140,5,No,NoIntersection,Normal,Other,RD40,M,49.086315118292696,-0.0883832823085556
201800013618,NonLethal,2018-10-19,17:55:00,Daylight,140,516,Yes,T-type,Normal,Other,Rue Louis Lefèvre,M,48.96935153988567,-0.970473831564861
201800013619,Lethal,2018-10-25,18:25:00,Daylight,140,39,No,NoIntersection,Normal,2Vehicles-Behind,RD 23 PR O6 + 45O,M,49.01495236336866,-0.0152813182859556
201800013620,NonLethal,2018-10-27,23:45:00,NightStreelightsOn,140,456,Yes,NoIntersection,LightRain,Other,la tringale,M,49.10095646628928,-0.1022190853400078
201800013621,NonLethal,2018-11-23,20:45:00,NightNoStreetLight,140,20,No,NoIntersection,LightRain,2Vehicles-Side,RD 613,M,49.1194043283527,-0.1195944178052168
201800013622,NonLethal,2018-11-24,09:20:00,Daylight,140,556,Yes,X-type,Normal,2Vehicles-Side,Rue des canadiens,M,49.11569286687392,-0.1172201146988937
201800013623,NonLethal,2018-02-01,15:30:00,Daylight,140,414,No,NoIntersection,LightRain,2Vehicles-BehindVehicles-Frontal,RD 38,M,49.00039160242282,1.9986456160508812
201800013624,NonLethal,2018-01-19,14:00:00,Daylight,140,478,No,T-type,Normal,2Vehicles-Side,RD 519,,,
201800013625,NonLethal,2018-01-19,07:15:00,NightNoStreetLight,140,403,No,NoIntersection,HeavyRain,2Vehicles-Side,CARREFOUR DU MAY,M,49.14426384683378,3.14272200846437
201800013626,NonLethal,2018-02-02,11:15:00,Daylight,140,371,Yes,NoIntersection,LightRain,Other,A HAUTEUR DU 3 RUE MARCE,M,49.00532593674909,1.0035766661021812
201800013627,NonLethal,2018-03-12,17:45:00,Daylight,140,270,No,NoIntersection,Normal,3+Vehicles-Multiple,RD613,M,49.14318391702247,3.144111678740133
201800013628,NonLethal,2018-03-12,19:30:00,NightNoStreetLight,140,478,No,NoIntersection,Normal,Other,,M,49.03137378653682,3.030652898328281
201800013629,NonLethal,2018-03-31,13:30:00,Daylight,140,414,No,T-type,Normal,3+Vehicles-Multiple,INTERSECTION D4/D38,,,
201800013632,NonLethal,2018-07-07,11:30:00,Daylight,140,371,No,X-type,Normal,2Vehicles-Side,RD  579,M,49.04373387864078,1.0425865893192423
201800013633,NonLethal,2018-08-18,18:35:00,Daylight,140,371,Yes,X-type,Normal,2Vehicles-Behind,carrefour de la D579,M,49.00556229097926,1.0071798645761825
201800013634,NonLethal,2018-09-06,06:11:00,NightNoStreetLight,140,625,No,NoIntersection,Normal,Other,Route de Fervaques,M,49.10121770571381,2.100810004991598
201800013635,NonLethal,2018-09-07,17:15:00,Daylight,140,570,No,X-type,Normal,2Vehicles-Behind,D519,M,49.07356522865661,3.073713204395275
201800013636,NonLethal,2018-11-10,07:55:00,TwilightOrDawn,140,303,Yes,T-type,Normal,2Vehicles-BehindVehicles-Frontal,RD  519,M,49.12434487192129,2.1273706083245054
201800013638,NonLethal,2018-01-04,19:45:00,NightNoStreetLight,140,600,No,NoIntersection,Overcast,2Vehicles-BehindVehicles-Frontal,D-511,,,
201800013639,NonLethal,2018-01-08,08:25:00,TwilightOrDawn,140,345,No,NoIntersection,Normal,3+Vehicles-Multiple,CD 511 - JORT,M,48.97728093455102,-0.9774505952645404
201800013640,NonLethal,2018-02-02,01:30:00,NightNoStreetLight,140,99,No,NoIntersection,Normal,Other,,M,49.04264537368299,-0.0431062954828586
201800013641,NonLethal,2018-02-16,17:20:00,Daylight,140,654,Yes,X-type,Normal,NoCollision,RUE CHARLES DE GAULLE,,,
201800013642,NonLethal,2018-04-03,10:00:00,Daylight,140,527,No,NoIntersection,LightRain,NoCollision,D72 - Route de trouville,M,49.11538775897224,-0.1128467320602564
201800013643,Lethal,2018-04-27,17:15:00,Daylight,140,527,No,NoIntersection,Normal,2Vehicles-BehindVehicles-Frontal,D 101,M,49.10220406523264,-0.1015409477579675
201800013644,NonLethal,2018-05-18,14:15:00,Daylight,140,520,No,NoIntersection,Normal,NoCollision,RD 151 route de Lisieux,M,49.159661490850304,1.1598003736054958
201800013645,NonLethal,2018-06-12,16:00:00,Daylight,140,81,No,NoIntersection,Normal,Other,"Lieu dit ""les vallées """,M,49.020871564114174,6.019477918013388
201800013647,NonLethal,2018-07-16,18:00:00,Daylight,140,345,No,X-type,Normal,2Vehicles-Behind,d 511,M,48.98586201577466,-0.9887444668830114
201800013648,NonLethal,2018-07-26,20:15:00,Daylight,140,735,No,NoIntersection,Normal,NoCollision,D250,M,48.992842357768126,-0.9918098843732992
201800013649,NonLethal,2018-08-25,11:50:00,Daylight,140,431,Yes,NoIntersection,Normal,2Vehicles-Side,135 avenue Jean-Jaurès,M,49.07266114017323,-0.0731441465218317
201800013651,NonLethal,2018-09-28,00:45:00,NightStreelightsOn,140,493,Yes,NoIntersection,Normal,Other,42 grande rue,M,49.05639158636264,-0.056932273134124
201800013652,NonLethal,2018-09-28,20:10:00,TwilightOrDawn,140,81,No,NoIntersection,Normal,2Vehicles-Side,D4,M,49.01982072148764,5.018442360848672
201800013653,NonLethal,2018-10-27,11:35:00,Daylight,140,337,No,NoIntersection,HeavyRain,2Vehicles-Side,RD 613,M,49.12780682440873,1.1292155095945489
201800013654,Lethal,2018-10-29,20:20:00,NightNoStreetLight,140,331,No,NoIntersection,HeavyRain,NoCollision,"Lieu dit les perrelles,",M,49.01593194162985,9.014109118527616
201800013655,NonLethal,2018-10-29,17:10:00,Daylight,140,431,Yes,Roundabout,Normal,2Vehicles-Behind,place Charles De Gaulle,M,49.07345278120258,-0.0736145378018659
201800013656,NonLethal,2018-10-31,11:17:00,Daylight,140,654,Yes,T-type,VeryGood,Other,Rue de falaise,M,49.0140001824121,-0.0152253113455312
201800013657,NonLethal,2018-11-04,12:10:00,Daylight,140,386,No,X-type,Normal,2Vehicles-Side,LES BARBITOTS RD 40,M,49.04911559108392,-0.0502888039460518
201800013660,NonLethal,2018-07-14,12:15:00,Daylight,140,357,No,X-type,Normal,2Vehicles-Side,La Caverie - LASSY,M,48.92456602111497,-0.92124691623917
201800013663,NonLethal,2018-08-12,02:15:00,NightStreelightsOn,140,174,Yes,X-type,LightRain,2Vehicles-Side,Intersection rue de la C,M,48.84625375180814,-0.8488377244858991
201800013665,NonLethal,2018-02-10,15:10:00,Daylight,60,138,No,NoIntersection,Normal,2Vehicles-BehindVehicles-Frontal,D6098 PK 01 - Avenue de,M,43.49307781245433,6.493460056388365
201800013666,NonLethal,2018-03-15,15:35:00,Daylight,60,138,No,NoIntersection,LightRain,2Vehicles-BehindVehicles-Frontal,RD 6098 PK3+500,M,43.48500247396225,6.487233541284117
201800013667,NonLethal,2018-03-16,22:05:00,NightNoStreetLight,60,79,Yes,NoIntersection,Normal,2Vehicles-Side,Avenue du Maréchal Lyaut,M,43.55564442637292,6.5553454069131964
201800013668,NonLethal,2018-03-18,05:10:00,TwilightOrDawn,60,108,Yes,NoIntersection,LightRain,3+Vehicles-Multiple,1080 chemin de la levade,M,43.57503561868736,6.5765037130578
201800013669,NonLethal,2018-04-22,09:15:00,Daylight,60,90,No,Roundabout,Normal,2Vehicles-Side,rond point D1009 entre c,M,43.58655740539951,6.586207289673382
201800013670,NonLethal,2018-05-08,15:00:00,Daylight,60,108,No,NoIntersection,Normal,NoCollision,1366 bd du 8 mai,M,43.593551522230776,6.592992866718029
201800013671,NonLethal,2018-05-24,10:10:00,Daylight,60,79,No,NoIntersection,Normal,Other,D6098 en direction de TH,M,43.52201022833116,6.521471584440255
201800013673,NonLethal,2018-06-27,10:20:00,Daylight,60,79,Yes,NoIntersection,Normal,Other,avenue maréchal juin,M,43.53528695391768,6.538495155121407