AccidentId,Gravity,Date,Hour,Light,Department,Commune,InAgglomeration,IntersectionType,Weather,CollisionType,PostalAddress,GPSCode,Latitude,Longitude
201800013674,NonLethal,2018-06-29,11:45:00,Daylight,60,79,Yes,NoIntersection,Normal,Other,place jeanne d'arc,M,43.55545879278888,6.555423656440936
201800013675,NonLethal,2018-06-29,14:08:00,Daylight,60,79,Yes,NoIntersection,Normal,2Vehicles-BehindVehicles-Frontal,gaston de fontmichel,M,43.547221621559885,6.545707791624801
201800013676,NonLethal,2018-07-02,12:00:00,Daylight,60,79,No,NoIntersection,Normal,Other,avenue de Frejus,M,43.5252501085332,6.527491133453774
201800013677,NonLethal,2018-03-07,17:55:00,Daylight,60,79,Yes,NoIntersection,Normal,2Vehicles-Side,Avenue du Général de Gau,M,43.532659272922174,6.533067603328124
201800013678,NonLethal,2018-04-07,08:05:00,Daylight,60,90,Yes,T-type,Normal,2Vehicles-Side,Route de la Fènerie,M,43.57944507198023,6.580419959339759
201800013679,NonLethal,2018-07-05,13:49:00,Daylight,60,138,Yes,Other,Normal,Other,Esplanade général DEGAUL,M,43.50424000567104,6.50822436339433
201800013680,Lethal,2018-08-07,02:25:00,NightStreelightsOn,60,79,Yes,NoIntersection,Normal,2Vehicles-BehindVehicles-Frontal,avenue De Saint Exupéry,M,43.55931520109252,6.556647810854685
201800013681,NonLethal,2018-08-07,15:30:00,Daylight,60,79,Yes,NoIntersection,Normal,2Vehicles-Side,bd du bon puits,M,43.52759999023905,6.524770549458244
201800013682,NonLethal,2018-07-12,17:45:00,Daylight,60,79,Yes,T-type,Normal,2Vehicles-Behind,rond point des Vanniers,M,43.556150938915685,6.555942751757545
201800013684,NonLethal,2018-07-15,21:35:00,TwilightOrDawn,60,79,Yes,NoIntersection,Normal,3+Vehicles-Chain,avenue du général de gau,M,43.53361510094461,6.533157386452337
201800013685,NonLethal,2018-07-21,13:25:00,Daylight,60,108,Yes,NoIntersection,VeryGood,2Vehicles-Side,26 Avenue de la Républiq,M,43.58248947349574,6.581084353641751
201800013686,NonLethal,2018-08-14,16:45:00,Daylight,60,79,No,NoIntersection,Normal,2Vehicles-BehindVehicles-Frontal,Rue Jean Monnet,M,43.54234173723372,6.541638368156006
201800013687,NonLethal,2018-08-17,07:50:00,Daylight,60,79,Yes,T-type,Normal,2Vehicles-Side,avenue général de Gaulle,M,43.533092322865535,6.533474481829256
201800013688,Lethal,2018-08-26,20:35:00,NightStreelightsOn,60,90,Yes,NoIntersection,Normal,2Vehicles-Side,RD 109,M,43.58969348444921,6.591465245359398
201800013689,NonLethal,2018-08-31,17:30:00,Daylight,60,79,No,NoIntersection,Normal,2Vehicles-Side,Boulevard du BON PUITS,M,43.53005932642043,6.527283793502517
201800013690,NonLethal,2018-07-09,11:50:00,Daylight,60,79,Yes,NoIntersection,Normal,Other,725 av de cannes,M,43.54534093097848,6.546646313232496
201800013691,NonLethal,2018-07-09,20:40:00,NightStreelightsOn,60,108,Yes,NoIntersection,Normal,2Vehicles-BehindVehicles-Frontal,1082 chemin de la Levade,M,43.57169983435725,6.572596548873671
201800013692,NonLethal,2018-02-10,16:25:00,Daylight,60,90,Yes,Square,Normal,Other,100 place du logis,M,43.59169970316652,6.591215724523456
201800013693,NonLethal,2018-10-23,19:20:00,NightStreelightsOn,60,90,Yes,NoIntersection,Normal,2Vehicles-Side,75 boulevard de la Moura,M,43.59566138550064,6.59797672828185
201800013694,NonLethal,2018-10-26,08:40:00,Daylight,60,138,Yes,T-type,Normal,2Vehicles-Side,avenue de la cote d'azur,M,43.49283708667133,6.49339263735632
201800013695,NonLethal,2018-11-18,11:35:00,Daylight,60,79,Yes,T-type,Normal,3+Vehicles-Multiple,2425 avenue de Fréjus,M,43.52539590221264,6.524814514952277
201800013696,NonLethal,2018-11-26,18:30:00,NightStreelightsOn,60,79,Yes,T-type,Normal,2Vehicles-BehindVehicles-Frontal,avenue de cannes,M,43.54130503082369,6.542888366247361
201800013697,NonLethal,2018-08-12,16:25:00,Daylight,60,138,No,NoIntersection,Normal,NoCollision,avenue de la cotes d'azu,M,43.493348451816,6.493475201116507
201800013698,NonLethal,2018-12-18,07:35:00,TwilightOrDawn,60,108,Yes,NoIntersection,Normal,Other,1100 boulevard du 8 mai,M,43.59581861815981,6.593513251969993
201800013700,NonLethal,2018-12-25,15:20:00,Daylight,60,138,No,NoIntersection,Normal,2Vehicles-Side,15 Avenue de la Cote d'A,M,43.49587558794162,6.494217023583692
201800013701,NonLethal,2018-12-27,13:45:00,Daylight,60,79,No,Roundabout,Normal,2Vehicles-Behind,Avenue du Maréchal Lyaut,M,43.55494747757289,6.554189831592181
201800013703,NonLethal,2018-04-16,13:20:00,Daylight,60,112,Yes,X-type,Normal,2Vehicles-Side,6l route de nice,M,43.67480008567029,7.675538911909561
201800013704,NonLethal,2018-04-18,12:05:00,Daylight,60,89,Yes,X-type,Normal,2Vehicles-Side,chemin de san peyre,M,43.666266999023165,6.665420116997402
201800013705,NonLethal,2018-04-20,12:00:00,Daylight,60,112,Yes,NoIntersection,Normal,Other,Route départementale 208,M,43.674520913861706,7.672825039570714
201800013707,NonLethal,2018-12-05,11:45:00,Daylight,60,148,No,NoIntersection,Normal,2Vehicles-Behind,601 route de vence,M,43.71884914463696,7.718749018674577
201800013708,NonLethal,2018-05-18,14:05:00,Daylight,60,68,No,NoIntersection,Normal,NoCollision,D3,M,43.74616293890698,6.746858097162231
201800013710,NonLethal,2018-02-07,08:50:00,Daylight,60,105,No,NoIntersection,Normal,2Vehicles-BehindVehicles-Frontal,3179 route de la colle s,M,43.68772177898978,7.687469334054169
201800013711,NonLethal,2018-02-07,12:30:00,Daylight,60,105,Yes,NoIntersection,Normal,2Vehicles-Behind,rd 2085,M,43.66463467153404,7.662728395714091
201800013712,NonLethal,2018-07-21,16:10:00,Daylight,60,68,No,NoIntersection,Normal,Other,Route départementale 12,M,43.72309698322911,6.7233315015916055
201800013713,Lethal,2018-08-10,17:30:00,Daylight,60,105,No,NoIntersection,Normal,2Vehicles-Side,RD 2085,M,43.67126820674881,7.670054189582389
201800013714,NonLethal,2018-08-13,17:10:00,Daylight,60,89,Yes,NoIntersection,Normal,2Vehicles-BehindVehicles-Frontal,15 route de cannes,M,43.66056926844542,6.660410303815458
201800013715,Lethal,2018-08-22,08:15:00,Daylight,60,38,Yes,NoIntersection,Normal,2Vehicles-BehindVehicles-Frontal,1850 route de Nice,M,43.674253552255806,6.672427034863009
201800013716,NonLethal,2018-08-17,15:17:00,Daylight,60,49,No,NoIntersection,Normal,Other,D6,M,43.736667475070064,6.73625739865875
201800013717,NonLethal,2018-09-15,18:40:00,Daylight,60,10,No,NoIntersection,Normal,Other,93 route de Gourdon,M,43.720834327431945,6.7223924959291015
201800013719,NonLethal,2018-09-17,19:30:00,NightStreelightsOn,60,38,Yes,NoIntersection,Normal,2Vehicles-BehindVehicles-Frontal,185 RD4 ou route de Valb,M,43.64279809447636,6.640595791436834
201800013721,Lethal,2018-04-12,19:30:00,NightStreelightsOn,60,148,No,NoIntersection,Normal,2Vehicles-BehindVehicles-Frontal,3836 RD 2210,M,43.704108276458506,7.705741583315073
201800013722,NonLethal,2018-12-13,16:00:00,Daylight,60,148,No,T-type,Normal,Other,545 Route de Provence,M,43.71585557164621,7.714820887952812
201800013723,Lethal,2018-04-01,18:30:00,Daylight,60,83,No,NoIntersection,Normal,Other,CD2566A,M,43.7986599104008,7.799768656147572
201800013724,Lethal,2018-05-04,06:45:00,Daylight,60,136,Yes,NoIntersection,Normal,Other,avenue des arcs sur arge,M,43.879643343556445,7.877672421192412
201800013725,NonLethal,2018-05-18,10:00:00,Daylight,60,163,Yes,NoIntersection,Normal,NoCollision,12 avenue jean médecin,M,44.05585459162718,7.055258262372875
201800013726,NonLethal,2018-05-22,10:20:00,Daylight,60,62,No,NoIntersection,LightRain,Other,route départementale 620,M,44.02914514219049,7.028983526499696
201800013727,NonLethal,2018-12-07,07:30:00,Daylight,60,23,No,NoIntersection,Normal,Other,Route de Vintimille,M,43.92832059097645,7.928366148622656
201800013728,Lethal,2018-07-27,15:15:00,Daylight,60,163,No,NoIntersection,Normal,2Vehicles-BehindVehicles-Frontal,RD 6204 PK 30+800,M,44.101337487033234,7.100587022484159
201800013729,NonLethal,2018-08-06,12:40:00,Daylight,60,23,No,NoIntersection,Normal,NoCollision,chemin de veil,M,43.96052839946027,7.963030864157073
201800013730,NonLethal,2018-12-08,03:45:00,NightNoStreetLight,60,162,No,NoIntersection,Normal,Other,D43,M,44.06346882970061,7.066184514127095
201800013731,Lethal,2018-09-30,17:30:00,Daylight,60,23,No,NoIntersection,Normal,3+Vehicles-Multiple,RD 6204 PK 6+500,M,43.9276394265048,7.928440837470458
201800013732,NonLethal,2018-10-06,12:00:00,Daylight,60,162,No,NoIntersection,Normal,NoCollision,PISTE DU PIREE,M,44.05828304754172,7.060932166906296
201800013733,NonLethal,2018-09-01,21:15:00,NightStreelightsOn,60,32,Yes,NoIntersection,LightRain,2Vehicles-BehindVehicles-Frontal,avenue du Général de Gau,M,43.72362459809048,7.725035891566759
201800013734,NonLethal,2018-01-18,18:02:00,NightStreelightsOn,60,150,Yes,NoIntersection,Normal,2Vehicles-Side,D6007,M,43.73338851217812,7.733639079277401
201800013735,NonLethal,2018-01-16,16:55:00,TwilightOrDawn,60,150,Yes,NoIntersection,StrongWindOrStorm,NoCollision,866 route de Beausoleil,M,43.74840643736138,7.748331580393407
201800013736,NonLethal,2018-02-01,07:00:00,TwilightOrDawn,60,32,No,NoIntersection,Normal,Other,route de la turbie,M,43.72926233984767,7.72741058546718
201800013737,NonLethal,2018-02-23,00:21:00,NightStreelightsOn,60,32,Yes,NoIntersection,Normal,2Vehicles-BehindVehicles-Frontal,liaison marquet,M,43.7275631029785,7.726504547028272
201800013738,Lethal,2018-06-03,11:45:00,Daylight,60,32,Yes,NoIntersection,Normal,3+Vehicles-Multiple,60 avenue du 3 septembre,M,43.72124576883767,7.722775466032917
201800013739,NonLethal,2018-03-16,17:37:00,Daylight,60,150,Yes,T-type,Normal,2Vehicles-Side,route de beausoleil,M,43.74922589832811,7.749213290894178
201800013740,NonLethal,2018-04-07,00:40:00,NightStreelightsOn,60,32,Yes,T-type,Normal,2Vehicles-Side,Avenue du port,M,43.72738222587878,7.727609318717852
201800013741,NonLethal,2018-04-19,16:05:00,Daylight,60,59,No,Y-type,Normal,2Vehicles-Behind,avenue des Diables bleus,M,43.739379968530095,7.737935032796908
201800013742,NonLethal,2018-02-05,10:53:00,Daylight,60,59,No,NoIntersection,Normal,2Vehicles-Behind,D6007 route de la moyenn,M,43.72724375225143,7.729348478300552
201800013743,NonLethal,2018-06-08,14:58:00,Daylight,60,32,Yes,NoIntersection,Normal,2Vehicles-Side,D6007,M,43.72600067237792,7.727161249316824
201800013744,NonLethal,2018-06-16,11:10:00,Daylight,60,150,Yes,Other,Normal,2Vehicles-Behind,3012 Chemin des revoires,M,43.73269713433636,7.73154653440412
201800013745,NonLethal,2018-07-09,15:30:00,Daylight,60,150,Yes,NoIntersection,Normal,NoCollision,23 avenue de la victoire,M,43.74441274412334,7.746151950331895
201800013746,Lethal,2018-07-11,13:30:00,Daylight,60,150,No,NoIntersection,Normal,2Vehicles-BehindVehicles-Frontal,D2564 route de la grande,M,43.74705454652442,7.74721021054947
201800013747,NonLethal,2018-07-14,10:00:00,Daylight,60,150,Yes,NoIntersection,Normal,Other,40 route de menton,M,43.74917405067192,7.753407194850405
201800013748,NonLethal,2018-07-19,21:50:00,Daylight,60,32,Yes,X-type,Normal,2Vehicles-Side,avenue Prince Rainier II,M,43.72663265743396,7.724817667702963
201800013749,NonLethal,2018-08-17,00:05:00,NightStreelightsOn,60,11,Yes,NoIntersection,Normal,2Vehicles-Side,9 boulevard d'Alsace Lor,M,43.714848959051714,7.714347489695847
201800013750,NonLethal,2018-09-05,18:30:00,Daylight,60,59,Yes,T-type,Normal,2Vehicles-Side,2 avenue de Verdun,M,43.72999346213621,7.729301332711782
201800013751,NonLethal,2018-09-06,08:05:00,TwilightOrDawn,60,59,No,NoIntersection,Normal,NoCollision,1O85 moyenne corriche,M,43.72643955840489,7.728411494703673
201800013752,NonLethal,2018-09-19,19:40:00,Daylight,60,150,Yes,NoIntersection,Normal,2Vehicles-BehindVehicles-Frontal,RD6007,M,43.733734705468414,7.733718225245883
201800013754,NonLethal,2018-09-10,18:16:00,Daylight,60,150,Yes,NoIntersection,Normal,Other,RD2564,M,43.74642990162468,7.748496642533245
201800013755,NonLethal,2018-10-15,20:45:00,NightStreelightsOn,60,32,Yes,NoIntersection,Normal,NoCollision,D6098,M,43.72412867944064,7.722561623665947
201800013756,NonLethal,2018-10-17,17:45:00,Daylight,60,32,Yes,NoIntersection,LightRain,2Vehicles-Behind,avenue du 03 septembre,M,43.721982632506965,7.725051754567689
201800013757,NonLethal,2018-10-22,09:25:00,Daylight,60,150,Yes,NoIntersection,Normal,NoCollision,1741 route de Beausoleil,M,43.749282417389786,7.748055671493755
201800013758,NonLethal,2018-10-31,17:35:00,TwilightOrDawn,60,150,Yes,NoIntersection,Overcast,2Vehicles-Side,463 chemin romain,M,43.74985249821575,7.749261812862341
201800013760,NonLethal,2018-12-05,09:20:00,Daylight,60,32,Yes,T-type,Normal,Other,AVENUE PRINCE RAINIER II,M,43.730280570136,7.730018153521705
201800013761,NonLethal,2018-02-02,21:10:00,NightNoStreetLight,60,71,No,NoIntersection,Normal,NoCollision,RD28,M,44.08454535766837,6.083897138725996
201800013762,NonLethal,2018-08-10,17:50:00,Daylight,60,71,No,NoIntersection,Normal,Other,D 28,M,44.0807271145632,6.080878298477879
201800013764,NonLethal,2018-08-28,06:30:00,TwilightOrDawn,60,16,Yes,NoIntersection,Normal,Other,Avenue du comté de BEUIL,M,44.09483055432939,6.096030654171844
201800013765,NonLethal,2018-09-09,15:45:00,Daylight,60,71,No,NoIntersection,Normal,Other,D2202 - PK 38+800,M,44.05110890371525,6.048369545682093
201800013766,NonLethal,2018-09-09,16:45:00,Daylight,60,56,No,NoIntersection,Normal,Other,D22O2,M,44.218884256741575,6.218821591604227
201800013767,NonLethal,2018-09-16,18:10:00,Daylight,60,160,No,NoIntersection,Normal,Other,RD 22O2 - PK 26 + 7OO,M,44.12038699697165,6.120634825436793
201800013768,NonLethal,2018-01-25,17:15:00,Daylight,60,129,Yes,NoIntersection,Overcast,Other,avenue des Blavets,M,44.08173001217624,7.082656640676055
201800013769,NonLethal,2018-02-27,12:00:00,Daylight,60,73,Yes,NoIntersection,SnowOrHail,Other,Route du Chastillon - IS,M,44.18541630197138,7.186223758148938
201800013770,NonLethal,2018-03-24,09:40:00,Daylight,60,73,No,NoIntersection,Normal,2Vehicles-Side,RM 2205,M,44.13908415378447,7.137010186810722
201800013772,Lethal,2018-06-10,11:30:00,Daylight,60,73,No,NoIntersection,Normal,Other,Rm 97,M,44.20268372412154,7.199423679804956
201800013773,NonLethal,2018-10-06,18:00:00,Daylight,60,111,No,NoIntersection,Normal,Other,Pk 2+600 RD30,M,44.08463755620196,7.083723854448855
201800013774,NonLethal,2018-07-21,15:15:00,Daylight,60,129,No,NoIntersection,Normal,Other,RM2205 - PK22+100,M,44.068649296041045,7.066186108310792
201800013775,NonLethal,2018-07-30,11:00:00,Daylight,60,102,No,NoIntersection,Normal,2Vehicles-BehindVehicles-Frontal,RM2205 pk 19+195,M,44.04884040976612,7.048302137620446
201800013777,NonLethal,2018-05-10,16:15:00,Daylight,60,73,No,NoIntersection,Normal,NoCollision,"RM 97; PK 05+080, altitu",M,44.20207104085578,7.202415435665092
201800013778,NonLethal,2018-06-10,20:15:00,TwilightOrDawn,60,103,Yes,NoIntersection,Normal,2Vehicles-Side,Quartier la Valentine,M,44.010266342826384,7.009111303754344
201800013779,NonLethal,2018-04-07,14:35:00,Daylight,60,151,No,NoIntersection,Normal,2Vehicles-BehindVehicles-Frontal,Entre tunnel de la Mescl,M,43.87759943838403,7.877586496774763
201800013780,NonLethal,2018-08-20,06:30:00,Daylight,60,151,No,NoIntersection,Normal,2Vehicles-BehindVehicles-Frontal,M2565 SAINT JEAN LA RIVI,M,43.92033604367894,7.92074435320579
201800013781,NonLethal,2018-10-11,14:13:00,Daylight,60,127,Yes,NoIntersection,LightRain,Other,AVENUE CHARLES DE CAQUER,M,44.069719977919625,7.070625228338964
201800013782,NonLethal,2018-09-11,16:30:00,TwilightOrDawn,60,74,No,NoIntersection,Normal,Other,Lieu-dit Le Suquet,M,43.94299005148883,7.943296354589214
201800013783,NonLethal,2018-11-17,16:19:00,Daylight,60,103,No,NoIntersection,Normal,2Vehicles-Side,quartier le beri,M,44.0383168348695,7.039624119390414
201800013784,NonLethal,2018-12-29,23:00:00,NightStreelightsOn,60,103,Yes,NoIntersection,Normal,2Vehicles-Side,M71,M,44.019734684449055,7.0189130456339175
201800013785,NonLethal,2018-02-10,14:05:00,Daylight,720,253,No,NoIntersection,Normal,NoCollision,route de la suze,M,47.89410624363958,5.891696555776137
201800013786,NonLethal,2018-02-03,10:37:00,Daylight,720,344,No,NoIntersection,Normal,2Vehicles-BehindVehicles-Frontal,CD 326,M,47.94064534048096,1.941778235719823
201800013787,NonLethal,2018-03-25,15:10:00,Daylight,720,75,Yes,NoIntersection,Normal,NoCollision,17 rue du renom,M,47.92851584640737,-0.9288828830298144
201800013788,NonLethal,2018-03-04,18:05:00,Daylight,720,107,No,NoIntersection,Normal,2Vehicles-BehindVehicles-Frontal,la jolifière,M,47.97369416850691,-0.9759520143845588
201800013789,NonLethal,2018-04-05,15:20:00,Daylight,720,169,No,NoIntersection,Normal,Other,La lande,M,47.93192867335196,3.9318742856897217
201800013790,NonLethal,2018-04-17,14:30:00,Daylight,720,257,No,NoIntersection,Normal,Other,le grand pavillon,M,47.99555326377519,1.9964241052769731
201800013791,Lethal,2018-06-05,09:30:00,Daylight,720,230,No,NoIntersection,Normal,2Vehicles-Side,D213,M,47.853566497999175,1.8528553589561856
201800013792,NonLethal,2018-03-06,19:30:00,Daylight,720,166,No,NoIntersection,Normal,Other,CD 357,M,48.01974709839455,-0.020918186762875
201800013793,NonLethal,2018-06-06,16:20:00,Daylight,720,344,No,NoIntersection,Normal,3+Vehicles-Multiple,D326,M,47.93848312465432,1.939656398553421
201800013794,NonLethal,2018-06-13,16:05:00,Daylight,720,169,No,NoIntersection,Normal,3+Vehicles-Multiple,le point du jour,M,47.94550958773677,8.94514046971202
201800013795,NonLethal,2018-07-07,10:45:00,Daylight,720,247,No,NoIntersection,Normal,2Vehicles-Side,le petit bignon,M,47.98023042736816,1.981444831048551
201800013796,Lethal,2018-08-07,17:35:00,Daylight,720,75,No,NoIntersection,Normal,Other,l'hommeau,M,47.9312244423792,-0.9271378537557884
201800013797,NonLethal,2018-07-18,07:40:00,Daylight,720,73,No,NoIntersection,Normal,2Vehicles-Behind,les mortrais,M,48.02582499583674,6.025826447869339
201800013799,NonLethal,2018-10-08,06:30:00,Daylight,720,344,No,NoIntersection,Normal,Other,D326,M,47.93909117950864,1.9425281852112373
201800013800,NonLethal,2018-09-11,08:05:00,Daylight,720,247,No,NoIntersection,VeryGood,3+Vehicles-Multiple,D50,M,47.990436136204536,1.9900046846438144
201800013801,NonLethal,2018-09-18,18:00:00,TwilightOrDawn,720,169,No,NoIntersection,Normal,2Vehicles-BehindVehicles-Frontal,Lieu dit le petit jandie,M,47.93690103641126,1.9390998904200716
201800013802,NonLethal,2018-09-28,15:15:00,Daylight,720,133,No,NoIntersection,Normal,2Vehicles-BehindVehicles-Frontal,D51 - le gros chesnay,M,47.89989474940973,1.8988441687720747
201800013804,Lethal,2018-10-04,16:25:00,Daylight,720,146,No,NoIntersection,Normal,NoCollision,lieu dit MONDAN,M,47.87465825082339,1.8749263059638817
201800013805,NonLethal,2018-11-05,15:20:00,Daylight,720,253,No,NoIntersection,Normal,2Vehicles-BehindVehicles-Frontal,les huaudièeres,M,47.90872446649996,3.911083062998556
201800013806,NonLethal,2018-07-11,11:00:00,Daylight,720,257,No,NoIntersection,LightRain,NoCollision,lieu dit la Noé,M,48.005180434539135,1.0036898133312806
201800013807,NonLethal,2018-11-05,08:30:00,Daylight,720,381,No,NoIntersection,Normal,2Vehicles-Behind,D23,M,47.92110688574771,9.919496726741034
201800013808,NonLethal,2018-11-23,13:15:00,Daylight,720,381,No,NoIntersection,Normal,2Vehicles-BehindVehicles-Frontal,lieu dit le cormier,M,47.93764587846526,1.9358189637004088
201800013809,NonLethal,2018-04-12,00:30:00,NightStreelightsOn,720,4,Yes,NoIntersection,LightRain,NoCollision,5 route de St JULIEN,M,48.04280571901866,-0.0408576768792871
201800013810,NonLethal,2018-09-12,01:00:00,NightNoStreetLight,720,74,No,NoIntersection,HeavyRain,Other,Le vieux logis,M,48.0551167544158,-0.0551465139408218
201800013811,NonLethal,2018-10-12,10:35:00,Daylight,720,344,No,NoIntersection,Normal,3+Vehicles-Multiple,voie de la liberté,M,47.92363427134368,1.9237136732168407
201800013812,NonLethal,2018-12-17,10:20:00,Daylight,720,247,No,X-type,Overcast,2Vehicles-Side,route de Rouillon,M,47.99884086009645,1.997366344529944
201800013813,NonLethal,2018-12-17,17:15:00,NightNoStreetLight,720,73,No,NoIntersection,Normal,2Vehicles-Side,D357,M,48.02410783700194,6.024719117494044
201800013814,NonLethal,2018-01-14,19:00:00,NightNoStreetLight,720,290,No,Other,FogOrSmoke,2Vehicles-BehindVehicles-Frontal,la paille,M,48.16741897635276,1.1679489367254023
201800013815,NonLethal,2018-01-24,17:35:00,Daylight,720,329,No,NoIntersection,Normal,3+Vehicles-Multiple,D 20 BIS,M,48.062612381755045,2.0622416585968164
201800013816,NonLethal,2018-02-14,13:45:00,Daylight,720,329,No,NoIntersection,LightRain,3+Vehicles-Multiple,D 301,M,48.07016409046396,2.06846745701127
201800013819,NonLethal,2018-09-20,17:15:00,Daylight,720,217,No,NoIntersection,Normal,3+Vehicles-Chain,intersection C7 C11,M,48.09821548806229,1.098962448040132
201800013821,NonLethal,2018-10-03,06:30:00,NightStreelightsOn,720,23,Yes,NoIntersection,Normal,Other,38 rue carnot,M,48.17483823843359,2.173366749429037
201800013822,NonLethal,2018-09-27,16:00:00,Daylight,720,275,Yes,NoIntersection,Normal,Other,14 grande rue,M,48.06712374098935,3.0678678482931523
201800013823,NonLethal,2018-10-10,22:57:00,NightNoStreetLight,720,329,No,NoIntersection,Overcast,2Vehicles-BehindVehicles-Frontal,l'épi fleuri,M,48.053256198148,2.0544949387572027
201800013824,Lethal,2018-10-17,21:08:00,NightNoStreetLight,720,359,No,NoIntersection,Normal,2Vehicles-BehindVehicles-Frontal,lieu dit le cormier,M,48.125838864627816,3.123928001810726
201800013825,NonLethal,2018-11-23,09:55:00,Daylight,720,101,No,NoIntersection,Normal,2Vehicles-Side,route du garnier,M,48.15682351711453,3.155774142667344
201800013826,NonLethal,2018-12-12,18:20:00,NightNoStreetLight,720,275,No,NoIntersection,Normal,2Vehicles-Side,l'espérance,M,48.07399447559912,3.073812887587664
201800013827,NonLethal,2018-12-29,04:10:00,NightNoStreetLight,720,23,No,NoIntersection,Normal,NoCollision,la guinebaudiere,M,48.16241834024424,2.161115327486968
201800013828,NonLethal,2018-03-22,02:30:00,NightNoStreetLight,720,42,No,NoIntersection,Normal,Other,lieu dit l'aubé,M,47.97016430392741,4.9696656341216485
201800013829,Lethal,2018-04-19,06:50:00,TwilightOrDawn,720,125,No,NoIntersection,Normal,2Vehicles-Side,D357,M,47.955660320636255,6.954745648521503
201800013830,NonLethal,2018-12-05,09:55:00,Daylight,720,42,Yes,NoIntersection,Normal,Other,RUE NATIONALE,M,47.970798480912585,5.9741539136440105
201800013831,NonLethal,2018-05-16,18:00:00,Daylight,720,382,No,NoIntersection,Normal,2Vehicles-BehindVehicles-Frontal,champ de la croix - RD 3,M,47.96136558401372,4.960366682767996
201800013832,NonLethal,2018-05-20,19:55:00,Daylight,720,373,No,NoIntersection,Normal,Other,départementale 1,M,48.0482005195834,7.047775397097928
201800013833,NonLethal,2018-06-30,10:15:00,Daylight,720,382,No,NoIntersection,VeryGood,Other,LD MONTLOGIS,M,47.955271319659296,4.955140022291515
201800013834,NonLethal,2018-01-07,22:40:00,NightNoStreetLight,720,269,Yes,NoIntersection,HeavyRain,Other,02 rue du lac,M,47.924234332012446,7.925074020555718
201800013835,NonLethal,2018-07-08,10:40:00,Daylight,720,158,No,NoIntersection,Normal,Other,ROUTE DÉPARTEMENTALE 302,M,48.05060834928248,6.051894113269599
201800013837,NonLethal,2018-07-14,12:00:00,Daylight,720,35,Yes,NoIntersection,Normal,Other,Rue de la pléiade,M,47.83265043390607,7.834059795810057
201800013838,NonLethal,2018-10-11,19:40:00,NightStreelightsOn,720,269,Yes,NoIntersection,LightRain,Other,Rue de la Pocherie,M,47.92422551494145,7.922649098537194
201800013839,NonLethal,2018-11-24,11:10:00,Daylight,720,269,Yes,NoIntersection,Normal,2Vehicles-BehindVehicles-Frontal,rue gigon,M,47.925396009958455,7.924469922571118
201800013840,NonLethal,2018-12-05,17:45:00,NightNoStreetLight,720,373,No,NoIntersection,LightRain,Other,D302,M,48.05747400752614,7.058052829776278
201800013841,NonLethal,2018-12-05,21:30:00,NightStreelightsOn,720,269,Yes,NoIntersection,LightRain,NoCollision,5 rue du docteur baudril,M,47.92058680623204,7.921006908367026
201800013842,NonLethal,2018-12-09,19:48:00,NightNoStreetLight,720,269,No,Roundabout,Normal,2Vehicles-Behind,RD357,M,47.92978244557027,7.929329133377645
201800013843,NonLethal,2018-12-30,02:38:00,NightNoStreetLight,720,42,No,NoIntersection,FogOrSmoke,Other,lieu dit la martinière,M,47.95505535804757,5.953308254695648
201800013844,NonLethal,2018-08-01,10:30:00,Daylight,720,241,Yes,NoIntersection,Normal,Other,7 bis route de Lombron,M,48.05134838319755,4.051650720230246
201800013846,NonLethal,2018-02-23,08:05:00,Daylight,720,241,Yes,NoIntersection,Normal,2Vehicles-Side,route de sainte corneill,M,48.05861179158689,4.058749009737989
201800013847,NonLethal,2018-03-15,11:45:00,Daylight,720,122,No,NoIntersection,Normal,3+Vehicles-Multiple,D323,M,48.06833546065242,5.0688369659116175
201800013848,NonLethal,2018-03-17,15:05:00,Daylight,720,386,Yes,Roundabout,Normal,NoCollision,Boulevard Pasteur,M,48.0150252415057,2.0124082103598986
201800013849,NonLethal,2018-03-21,07:58:00,Daylight,720,46,Yes,Roundabout,Normal,2Vehicles-Side,rue de pescheray,M,48.00577944257783,4.003792193569884
201800013850,NonLethal,2018-12-05,07:20:00,Daylight,720,300,No,NoIntersection,Normal,2Vehicles-Side,route de l'huisne,M,48.0363527497164,3.0377978450493397