AccidentId,Gravity,Date,Hour,Light,Department,Commune,InAgglomeration,IntersectionType,Weather,CollisionType,PostalAddress,GPSCode,Latitude,Longitude
201800013851,NonLethal,2018-05-18,12:30:00,Daylight,720,7,No,T-type,Normal,2Vehicles-Side,D 357,M,48.001783148261445,4.002542000152108
201800013852,NonLethal,2018-02-07,07:45:00,Daylight,720,54,No,NoIntersection,LightRain,2Vehicles-Side,RD 357 - L'arpent blanc,M,48.00706797764985,3.011063546516105
201800013853,NonLethal,2018-07-11,05:00:00,NightNoStreetLight,720,31,No,NoIntersection,Normal,Other,RD 33 - LE BIAN MARCE,M,48.06676978258108,4.066631920756037
201800013854,NonLethal,2018-08-23,14:15:00,Daylight,720,90,Yes,NoIntersection,Normal,2Vehicles-BehindVehicles-Frontal,intersection Rue de la J,M,48.05688329163701,4.056721905025198
201800013855,NonLethal,2018-08-30,15:45:00,Daylight,720,358,Yes,NoIntersection,Normal,2Vehicles-Side,Rue saint michel,M,48.03978452280775,5.0406513883206
201800013856,NonLethal,2018-03-09,14:50:00,Daylight,720,241,Yes,NoIntersection,Normal,2Vehicles-Side,rue des violettes,M,48.04736578462267,4.0477102096553335
201800013858,NonLethal,2018-09-19,12:40:00,Daylight,720,54,Yes,NoIntersection,Normal,Other,rue léopold gouloumès,M,48.0199737543961,3.0185106510565145
201800013859,NonLethal,2018-09-20,13:30:00,Daylight,720,90,No,NoIntersection,Normal,NoCollision,R41 Chemin de Huche Corn,M,48.03894806642982,4.0406959985765845
201800013860,Lethal,2018-09-21,20:00:00,TwilightOrDawn,720,386,No,NoIntersection,Normal,2Vehicles-BehindVehicles-Frontal,D91 route de parence,M,48.0242266583189,2.024488446126851
201800013861,Lethal,2018-09-23,10:20:00,Daylight,720,358,No,NoIntersection,LightRain,Other,la gare saint michel,M,48.01809511159609,5.015956897990254
201800013862,NonLethal,2018-09-25,17:25:00,Daylight,720,129,No,NoIntersection,Normal,2Vehicles-Side,D91,M,48.04472321176445,3.0431423793042134
201800013865,NonLethal,2018-08-12,17:10:00,TwilightOrDawn,720,241,No,NoIntersection,LightRain,Other,60 route de Connerré,M,48.05277964905986,4.051203367271037
201800013868,NonLethal,2018-05-10,10:55:00,Daylight,720,198,No,NoIntersection,Normal,2Vehicles-Behind,D197,M,48.07000832176907,1.0694624938813424
201800013869,NonLethal,2018-05-06,08:15:00,Daylight,720,351,No,NoIntersection,Overcast,2Vehicles-BehindVehicles-Frontal,RD 45 PK 10 + 200,M,48.099452107124335,-0.0986023544996225
201800013870,Lethal,2018-11-10,22:00:00,NightNoStreetLight,720,320,No,NoIntersection,Overcast,3+Vehicles-Multiple,RD338,M,48.06026714270552,1.0606356705067317
201800013871,NonLethal,2018-11-29,14:15:00,Daylight,720,320,Yes,NoIntersection,Normal,Other,Boulevard de Maule,M,48.0633205562903,1.064536475698276
201800013875,NonLethal,2018-03-18,16:00:00,Daylight,720,71,Yes,NoIntersection,Normal,Other,rue aristide briand,M,47.69289356400983,4.694534547467892
201800013876,NonLethal,2018-04-02,11:30:00,Daylight,720,153,Yes,NoIntersection,Normal,Other,rue du 8 mai,M,47.79205765359468,4.793580052896624
201800013877,NonLethal,2018-06-05,20:50:00,TwilightOrDawn,720,173,Yes,NoIntersection,Normal,2Vehicles-BehindVehicles-Frontal,ZI du puit,M,47.71927210650684,4.72027748265732
201800013878,NonLethal,2018-05-25,05:30:00,TwilightOrDawn,720,143,Yes,NoIntersection,Normal,2Vehicles-Side,Le pavillon,M,47.86908812799433,4.869775760017046
201800013879,NonLethal,2018-05-29,14:45:00,Daylight,720,376,No,NoIntersection,Normal,2Vehicles-Side,le petit bois,M,47.86894573778007,4.868513750590347
201800013880,Lethal,2018-07-06,16:00:00,Daylight,720,173,No,NoIntersection,Normal,2Vehicles-BehindVehicles-Frontal,RD338 - PK11,M,47.72053988885956,3.722323294071829
201800013881,NonLethal,2018-09-08,12:45:00,Daylight,720,183,Yes,NoIntersection,Normal,2Vehicles-Behind,"lieu dit crousilles, cro",M,47.71251528920289,5.711566638737169
201800013882,NonLethal,2018-10-23,08:25:00,Daylight,720,71,Yes,Roundabout,Normal,Other,57 Avenue Aristide Brian,M,47.694206055695695,4.695384491874526
201800013883,NonLethal,2018-12-01,08:10:00,Daylight,720,262,Yes,NoIntersection,Overcast,2Vehicles-Side,D305 le gué,M,47.74632133580833,6.74651160173248
201800013884,NonLethal,2018-12-03,18:55:00,NightNoStreetLight,720,262,No,NoIntersection,Overcast,Other,RD 228 PK 000.800,M,47.7573586839826,6.757989163987215
201800013886,NonLethal,2018-05-06,01:28:00,NightNoStreetLight,720,195,No,NoIntersection,Normal,Other,la buraisière,M,47.80395369324538,-0.8020003574875318
201800013887,NonLethal,2018-05-08,15:28:00,Daylight,720,179,No,NoIntersection,Normal,NoCollision,LIEU DIT LE PETIT CHAMP,M,47.82545545575237,-0.8263950667011135
201800013888,NonLethal,2018-10-05,18:30:00,Daylight,720,50,Yes,NoIntersection,Normal,2Vehicles-Side,route de sille,M,47.97930872898118,-0.975928242360216
201800013889,NonLethal,2018-05-15,14:10:00,Daylight,720,223,Yes,NoIntersection,Normal,Other,Rue GARREAU AUBRY,M,47.87075201322445,-0.8706178336810799
201800013891,NonLethal,2018-06-07,07:50:00,Daylight,720,50,Yes,NoIntersection,LightRain,2Vehicles-BehindVehicles-Frontal,Route de SILLE,M,47.96903108192107,-0.9689152878657976
201800013892,NonLethal,2018-05-07,09:00:00,Daylight,720,59,No,NoIntersection,Normal,Other,LIEU DIT LE PLESSIS,M,47.9185138892852,-0.9192404713124884
201800013893,NonLethal,2018-07-21,11:35:00,Daylight,720,136,No,NoIntersection,Normal,NoCollision,Lieu dit les BOUVETS,M,47.90211288113789,-0.902873792855894
201800013895,NonLethal,2018-08-04,05:00:00,NightNoStreetLight,720,293,No,NoIntersection,Normal,Other,D23,M,47.85941081878154,-0.8583195942182124
201800013896,NonLethal,2018-09-21,15:45:00,Daylight,720,59,No,NoIntersection,Normal,Other,LD VOISIN,M,47.91286659658186,-0.9126077567738508
201800013897,NonLethal,2018-06-10,17:00:00,Daylight,720,22,No,NoIntersection,HeavyRain,Other,Lieu-dit Radeu,M,47.74397417825183,-0.7445733997129005
201800013899,NonLethal,2018-11-01,11:28:00,Daylight,720,179,Yes,NoIntersection,Normal,Other,10 RUE BERNARD PALISSY,M,47.81465055591368,-0.8128591154781896
201800013900,NonLethal,2018-07-11,09:20:00,Daylight,720,163,Yes,NoIntersection,Normal,Other,rue TRICARD François,M,47.770530023625966,9.76789606779175
201800013901,NonLethal,2018-11-13,09:50:00,Daylight,720,228,No,NoIntersection,Normal,2Vehicles-Side,PANRUE,M,47.80869233181944,-0.8094847127712542
201800013902,NonLethal,2018-11-18,06:07:00,NightNoStreetLight,720,22,No,NoIntersection,Normal,Other,D306,M,47.75593458968258,-0.7558225118536489
201800013903,NonLethal,2018-12-22,14:55:00,Daylight,720,83,No,NoIntersection,Normal,Other,LIEU DIT BELLEBAT,M,47.94126518808341,-0.9413389902944712
201800013904,Lethal,2018-02-22,18:45:00,TwilightOrDawn,720,291,No,NoIntersection,Normal,NoCollision,Route des avenages,M,47.76625453299968,3.7651939585602583
201800013905,NonLethal,2018-04-03,17:40:00,Daylight,720,176,Yes,NoIntersection,Normal,2Vehicles-Behind,47 route de Saumur,M,47.63154074142816,1.633354550898889
201800013906,Lethal,2018-12-04,18:55:00,Daylight,720,252,No,NoIntersection,HeavyRain,3+Vehicles-Multiple,lieu dit l'arcif,M,47.78361424058456,1.7845567436159648
201800013907,NonLethal,2018-07-15,21:40:00,Daylight,720,176,Yes,NoIntersection,Normal,Other,01 rue de Touraine,M,47.64087989436817,1.6409536486167673
201800013908,NonLethal,2018-03-08,21:30:00,NightNoStreetLight,720,49,No,NoIntersection,Normal,NoCollision,LA PIESSE,M,47.64548164800991,3.6459557245327594
201800013909,NonLethal,2018-09-23,08:30:00,Daylight,720,243,No,Other,LightRain,Other,RD 307,M,47.79469657028434,1.792801555702344
201800013910,Lethal,2018-12-23,10:47:00,Daylight,720,77,No,NoIntersection,LightRain,Other,les quantières,M,47.6213204276238,3.623943623195353
201800013911,NonLethal,2018-02-01,01:40:00,NightNoStreetLight,720,238,No,NoIntersection,Normal,Other,la basse saulais,M,48.32330597007749,3.321784414351742
201800013913,NonLethal,2018-01-20,17:50:00,TwilightOrDawn,720,180,No,NoIntersection,LightRain,2Vehicles-BehindVehicles-Frontal,Boulevard de l'europe,M,48.35936904255734,3.358543820531317
201800013914,NonLethal,2018-01-29,10:30:00,Daylight,720,180,No,NoIntersection,LightRain,2Vehicles-Side,lieu dit la grille,M,48.36463618425329,3.3629337667034016
201800013916,NonLethal,2018-02-07,16:30:00,Daylight,720,180,Yes,NoIntersection,Normal,Other,rue vallée pommier,M,48.35410293388815,3.356937078265904
201800013917,NonLethal,2018-02-26,16:48:00,Daylight,720,295,No,NoIntersection,Normal,2Vehicles-Behind,D311,M,48.34858429390349,3.352494307986056
201800013918,NonLethal,2018-03-13,10:30:00,Daylight,720,276,Yes,NoIntersection,Normal,Other,66 rue nationale,M,48.27391704295206,4.272284225867806
201800013919,Lethal,2018-04-02,15:00:00,Daylight,720,202,No,NoIntersection,LightRain,Other,le grand manone,M,48.28764602570056,3.287175994226492
201800013920,NonLethal,2018-05-24,11:45:00,Daylight,720,180,Yes,X-type,Normal,2Vehicles-Side,D267 - Les Nos,M,48.34867202784107,3.346023009061789
201800013922,NonLethal,2018-02-06,17:00:00,Daylight,720,222,No,NoIntersection,Normal,Other,D27,M,48.23897518744016,2.240342892512652
201800013923,NonLethal,2018-07-21,18:10:00,Daylight,720,233,No,NoIntersection,Normal,Other,la courbe,M,48.25174311381098,3.2503945292696343
201800013924,NonLethal,2018-07-29,12:30:00,Daylight,720,196,No,NoIntersection,Overcast,Other,la maison,M,48.1818424817622,3.181959090902132
201800013925,NonLethal,2018-08-12,16:30:00,Daylight,720,276,Yes,NoIntersection,Normal,Other,avenue Veron de Forbonai,M,48.27386291858766,4.275320077515938
201800013926,NonLethal,2018-08-28,22:00:00,NightNoStreetLight,720,88,No,NoIntersection,Normal,Other,lieu dit le coq fresne,M,48.21013801771763,2.211085903598581
201800013927,NonLethal,2018-09-30,03:00:00,NightNoStreetLight,720,112,No,NoIntersection,Normal,Other,Intersection D27 et D300,M,48.25025332099432,2.24820093946641
201800013929,NonLethal,2018-11-14,09:10:00,Daylight,720,39,No,NoIntersection,Normal,Other,lieu dit cherre - D60,M,48.197775209253415,4.199397571254439
201800013930,NonLethal,2018-11-27,09:15:00,Daylight,720,48,No,X-type,LightRain,2Vehicles-Side,Carrrefour D143/D6,M,48.18017768919294,3.182057670251414
201800013931,NonLethal,2018-12-04,13:50:00,Daylight,720,39,No,NoIntersection,Normal,2Vehicles-Behind,La croix,M,48.17468484312931,4.174706849389506
201800013932,NonLethal,2018-05-12,15:30:00,Daylight,720,180,Yes,NoIntersection,Normal,Other,l rue du Dr Godart,M,48.35254581523058,3.353396715854766
201800013933,NonLethal,2018-09-12,15:25:00,Daylight,720,112,No,NoIntersection,LightRain,NoCollision,"CD 300, PK 19",M,48.234231753614665,2.233456257713791
201800013934,NonLethal,2018-12-09,19:10:00,NightNoStreetLight,720,354,Yes,NoIntersection,Normal,Other,22 rue saint martin,M,48.29029608981866,2.2885929605988826
201800013935,NonLethal,2018-01-16,00:20:00,NightNoStreetLight,720,105,No,NoIntersection,LightRain,Other,Départementale 7,M,48.15931113243997,7.161783155747186
201800013936,NonLethal,2018-02-08,02:30:00,NightStreelightsOn,720,132,Yes,NoIntersection,Normal,Other,1 avenue du général de g,M,48.183608432268976,6.184531587414268
201800013937,NonLethal,2018-04-04,08:30:00,Daylight,720,144,No,NoIntersection,Normal,Other,d 14,M,48.12121531370056,7.121044583279605
201800013938,Lethal,2018-08-04,04:10:00,NightNoStreetLight,720,57,No,NoIntersection,LightRain,Other,"lieu-dit ""Ponteau""",M,48.07323602805709,7.07566275444057
201800013939,Lethal,2018-05-11,19:10:00,Daylight,720,80,No,NoIntersection,Normal,Other,le buron,M,48.13787175236228,6.139477465205951
201800013940,Lethal,2018-08-07,01:00:00,NightNoStreetLight,720,38,No,NoIntersection,Normal,Other,LA FONTAINE,M,48.13453267358967,5.136400682481368
201800013941,NonLethal,2018-08-16,18:00:00,Daylight,720,296,No,NoIntersection,Normal,2Vehicles-BehindVehicles-Frontal,C 11 lieu-dit la Béduhau,M,48.11757217768356,6.117162236966792
201800013943,NonLethal,2018-01-14,15:15:00,Daylight,720,37,Yes,NoIntersection,Normal,Other,45 rue du maine,M,48.45999103303374,3.461069045052576
201800013944,NonLethal,2018-01-30,17:15:00,Daylight,720,305,No,NoIntersection,Normal,2Vehicles-BehindVehicles-Frontal,l'étang,M,48.29451556019261,3.295932556574167
201800013945,NonLethal,2018-06-03,17:00:00,Daylight,720,199,No,NoIntersection,LightRain,Other,la bruyere,M,48.24911512588003,8.249246587409697
201800013946,NonLethal,2018-05-14,08:30:00,Daylight,720,282,No,NoIntersection,Normal,2Vehicles-BehindVehicles-Frontal,"Dl20- kilomètre l4,5",M,48.29926757178206,-0.2974650423077439
201800013948,Lethal,2018-08-06,11:20:00,Daylight,720,6,No,NoIntersection,Normal,Other,LA PETITE OUCHETTE,M,48.39633015719618,7.397572902046968
201800013949,NonLethal,2018-09-28,11:30:00,Daylight,720,225,Yes,X-type,Normal,2Vehicles-Side,1 route du mans,M,48.3434839139998,9.342649099832684
201800013950,NonLethal,2018-10-24,07:00:00,NightNoStreetLight,720,11,No,NoIntersection,Normal,NoCollision,La Thébaudière,M,48.34538744386902,7.345055121005796
201800013951,Lethal,2018-04-11,17:10:00,Daylight,720,199,No,NoIntersection,Normal,Other,Route de combre,M,48.25813516674042,7.257889611220226
201800013953,NonLethal,2018-12-22,07:30:00,NightNoStreetLight,720,11,No,NoIntersection,Normal,Other,Les grandes fontenelles,M,48.34624067537356,9.34660278620412
201800013954,NonLethal,2018-06-14,15:25:00,Daylight,540,27,No,NoIntersection,Normal,NoCollision,bois de la fourasse,M,48.893598677922405,6.894375165408907
201800013955,NonLethal,2018-10-07,09:30:00,Daylight,540,72,No,X-type,Normal,2Vehicles-Side,RD 4O PK 17.22O,M,48.84954657705877,6.850281214433084
201800013956,NonLethal,2018-11-10,16:35:00,Daylight,540,157,Yes,NoIntersection,VeryGood,Other,3 rue Joliot curie,M,48.84101377177339,6.840863275226459
201800013958,NonLethal,2018-03-11,17:10:00,TwilightOrDawn,540,315,No,X-type,Normal,2Vehicles-Side,RD 913,M,48.80515947827159,6.805327816934576
201800013959,Lethal,2018-12-08,20:58:00,NightNoStreetLight,540,589,No,NoIntersection,StrongWindOrStorm,Other,D657,M,48.96605447446502,6.966777721011326
201800013960,NonLethal,2018-07-02,17:15:00,Daylight,540,425,Yes,Roundabout,Normal,Other,rue de Verdun,M,49.31076874803629,5.309053763852658
201800013961,NonLethal,2018-08-12,17:55:00,Daylight,540,425,Yes,T-type,Normal,2Vehicles-BehindVehicles-Frontal,rue du Luxembourg,M,49.30182937106996,5.302622026298773
201800013962,Lethal,2018-09-22,17:00:00,Daylight,540,4,No,NoIntersection,Normal,Other,INCONNU,M,49.26443570395111,5.264697552072124
201800013963,Lethal,2018-10-28,18:45:00,NightStreelightsOn,540,425,Yes,NoIntersection,Normal,Other,53 rue Michel RONDET,M,49.30259585532679,5.301097232537176
201800013964,NonLethal,2018-01-11,05:20:00,NightNoStreetLight,540,69,No,T-type,Normal,2Vehicles-Side,RD 106,M,49.401555675459946,5.400890370285815
201800013966,NonLethal,2018-09-02,10:30:00,Daylight,540,152,Yes,X-type,Normal,2Vehicles-Side,Intersection RD1 ET R110,M,48.5571043526112,6.555421617990559
201800013968,NonLethal,2018-05-21,17:45:00,Daylight,540,561,No,NoIntersection,Normal,NoCollision,Départementale 22,M,48.44059878710463,6.44376000270999
201800013970,NonLethal,2018-07-01,04:30:00,TwilightOrDawn,540,455,No,NoIntersection,Normal,2Vehicles-Side,chemin communal,M,48.45972369697255,6.461122321748432
201800013971,NonLethal,2018-07-13,14:15:00,Daylight,540,449,No,Y-type,VeryGood,Other,RN4 - Lieu dit Chaufont,M,48.57478256095853,6.574537752625309
201800013972,NonLethal,2018-02-08,16:30:00,Daylight,540,595,No,NoIntersection,Normal,Other,ROUTE DEPARTEMENTALE 914,M,48.54102165576847,6.539305747818967
201800013973,NonLethal,2018-07-08,11:00:00,Daylight,540,222,Yes,NoIntersection,Normal,2Vehicles-BehindVehicles-Frontal,rue carnot,M,48.49626727994748,6.497264666849078
201800013974,NonLethal,2018-08-10,18:50:00,Daylight,540,467,Yes,Y-type,Normal,Other,Grande rue,M,48.45104045233105,6.451350586767385
201800013975,Lethal,2018-09-03,14:15:00,Daylight,540,449,No,NoIntersection,Normal,Other,RD 914 - ROUTES DES VOSG,M,48.56967085235876,6.568805895044352
201800013976,NonLethal,2018-09-24,15:25:00,Daylight,540,449,No,Y-type,Normal,Other,lieu dit chaufontaine,M,48.5756729631607,6.575701568073945
201800013979,Lethal,2018-09-06,14:55:00,Daylight,540,40,No,NoIntersection,HeavyRain,NoCollision,D992,M,48.49800102806186,6.498503256300655
201800013980,NonLethal,2018-01-18,17:20:00,TwilightOrDawn,540,135,Yes,NoIntersection,HeavyRain,Other,30 rue carnot,M,48.52589283603945,5.526344837494769
201800013982,Lethal,2018-03-29,05:45:00,NightNoStreetLight,540,135,No,NoIntersection,Normal,Other,départementale D674,M,48.536567190467466,5.535530773848161
201800013983,NonLethal,2018-04-08,17:00:00,Daylight,540,80,No,NoIntersection,Normal,NoCollision,D 960 pk 13+100,M,48.60467259646581,5.604478251178625
201800013985,NonLethal,2018-05-18,17:25:00,Daylight,540,135,No,NoIntersection,VeryGood,3+Vehicles-Chain,"rue de moncel, départeme",M,48.529618980745305,5.529208727373873
201800013986,Lethal,2018-07-08,02:30:00,NightNoStreetLight,540,102,No,NoIntersection,Normal,Other,départementale 118 a,M,48.71024863399255,5.711544352720852
201800013987,NonLethal,2018-07-15,10:10:00,Daylight,540,496,No,T-type,Normal,2Vehicles-Side,intersection D177 / D4,M,48.53702218343064,5.5371739066267045
201800013988,NonLethal,2018-07-30,12:15:00,Daylight,540,135,No,NoIntersection,Normal,Other,RD4 - PK8,M,48.51575818200804,5.512819303124772
201800013989,NonLethal,2018-10-06,16:40:00,Daylight,540,232,Yes,NoIntersection,Normal,Other,37 rue de l'Église,M,48.69248824844546,5.692265960231873
201800013990,NonLethal,2018-06-11,07:55:00,TwilightOrDawn,540,80,No,NoIntersection,FogOrSmoke,Other,RD11,M,48.60252004427838,5.603653322209078
201800013991,NonLethal,2018-11-23,16:00:00,Daylight,540,523,No,NoIntersection,Overcast,Other,RD 974,M,48.565756808227306,5.568380658880983
201800013992,NonLethal,2018-12-21,16:05:00,Daylight,540,205,No,T-type,LightRain,2Vehicles-Side,D11,M,48.67232102462851,5.670240772061988
201800013993,NonLethal,2018-01-19,22:10:00,NightNoStreetLight,540,182,No,NoIntersection,LightRain,Other,D904,M,48.9112836562694,5.911205086988238
201800013994,NonLethal,2018-01-24,10:00:00,Daylight,540,182,No,NoIntersection,Normal,Other,D904 PR4+400,M,48.91094487175009,5.910373933766467
201800013995,NonLethal,2018-03-31,16:45:00,Daylight,540,87,No,NoIntersection,Normal,NoCollision,D28,M,48.93851272272799,5.939650955932629
201800013996,NonLethal,2018-05-26,11:30:00,Daylight,540,470,No,NoIntersection,Normal,NoCollision,D 28A,M,48.88058159726148,5.880974045758442
201800013998,Lethal,2018-08-20,09:07:00,Daylight,540,415,Yes,NoIntersection,Normal,Other,Rue de Serre,M,48.9830593371795,6.981860268575536
201800014000,NonLethal,2018-09-29,14:00:00,Daylight,540,182,No,Other,Normal,NoCollision,D28,M,48.92512743993901,5.9240362517338045
201800014003,NonLethal,2018-11-25,02:00:00,NightNoStreetLight,540,435,No,NoIntersection,Normal,NoCollision,Chemin communal 1,M,48.96066479924948,5.96144367520539
201800014004,NonLethal,2018-12-04,14:05:00,Daylight,540,415,Yes,X-type,Normal,2Vehicles-Side,2 rue des Aulnois,M,48.9836114153163,6.985390326071598
201800014005,NonLethal,2018-12-13,18:14:00,NightNoStreetLight,540,415,No,NoIntersection,Normal,2Vehicles-BehindVehicles-Frontal,D952,M,48.99489859444044,6.994853260878311
201800014006,NonLethal,2018-12-15,05:00:00,NightStreelightsOn,540,415,Yes,T-type,Normal,Other,15 B Rue de la victoire,M,48.98467655906372,6.984417235616648
201800014008,NonLethal,2018-05-03,12:00:00,Daylight,660,9,Yes,NoIntersection,Normal,2Vehicles-BehindVehicles-Frontal,Avenue de l'Alzine Redon,M,,
201800014011,NonLethal,2018-07-15,09:50:00,Daylight,660,150,No,NoIntersection,Normal,NoCollision,D115,M,42.38254595536952,2.3840285874482223
201800014012,NonLethal,2018-07-15,19:10:00,Daylight,660,150,No,NoIntersection,Normal,Other,D 115,M,42.3887835756761,2.3898343459099696
201800014013,NonLethal,2018-10-23,19:30:00,NightNoStreetLight,660,3,No,NoIntersection,Normal,Other,Chemin de Rive Mal,M,42.47290779708791,2.474230820383217
201800014015,NonLethal,2018-01-08,14:28:00,Daylight,140,79,Yes,NoIntersection,Normal,Other,MICHEL D'ORNANO (AVENUE),M,49.3393214086728,2.33959132474386
201800014016,NonLethal,2018-01-09,19:15:00,NightStreelightsOn,140,699,Yes,T-type,Normal,2Vehicles-BehindVehicles-Frontal,ROY (CHEMIN DU),M,49.34625254088776,9.346054779492883
201800014017,Lethal,2018-01-21,16:03:00,Daylight,140,557,Yes,LevelCrossing,LightRain,2Vehicles-Side,OX AND BUCKS (AVENUE),M,49.33963995868026,1.3399599970991654
201800014018,NonLethal,2018-06-02,20:20:00,NightStreelightsOn,140,699,Yes,X-type,Normal,2Vehicles-Side,"4, DOCTEUR LAINE (RUE DU",M,49.35411296716028,9.35382047664608
201800014019,NonLethal,2018-02-17,15:00:00,Daylight,140,715,Yes,NoIntersection,Normal,3+Vehicles-Chain,"21, AGUESSEAU (RUE D')",M,49.36080388376628,8.359782762403231
201800014020,NonLethal,2018-02-18,23:50:00,NightNoStreetLight,140,699,No,Y-type,LightRain,Other,HONFLEUR (ROUTE D'HONFLE,M,49.35068746589433,1.350228734450266
201800014021,NonLethal,2018-02-17,17:40:00,Daylight,140,79,No,X-type,Normal,2Vehicles-Side,C D 27,M,49.30803217729425,4.306198686387405
201800014022,NonLethal,2018-02-21,19:25:00,NightStreelightsOff,140,699,Yes,NoIntersection,Normal,2Vehicles-Behind,CD 677,M,49.34386618003181,9.34457622890872
201800014024,NonLethal,2018-03-10,13:14:00,Daylight,140,715,No,NoIntersection,Normal,Other,"0, AGUESSEAU (ROUTE D')",M,49.36534479721868,1.3645765162954098
201800014025,NonLethal,2018-03-14,02:54:00,NightNoStreetLight,140,79,No,NoIntersection,Normal,Other,TOURGEVILLE (ROUTE DE),M,49.32468511618861,2.3241665477448747
201800014026,NonLethal,2018-04-25,13:24:00,Daylight,140,701,No,NoIntersection,Normal,NoCollision,CD 275,M,49.3025948919561,8.302177420505343
201800014027,NonLethal,2018-04-23,19:50:00,Daylight,140,220,Yes,X-type,Normal,2Vehicles-Side,REPUBLIQUE (AVENUE DE LA,M,49.35785204462691,7.357417317791222
201800014028,NonLethal,2018-04-27,10:00:00,Daylight,140,557,Yes,NoIntersection,Normal,2Vehicles-Behind,BRIQUETTERIE (CHEMIN DE,M,49.33949712329898,9.337383892414204
201800014029,NonLethal,2018-04-21,01:20:00,NightStreelightsOn,140,715,Yes,NoIntersection,Normal,Other,CHANCELIER (RUE DU),M,49.36819249966685,8.369450418308372
201800014031,NonLethal,2018-05-09,01:25:00,NightStreelightsOn,140,220,Yes,X-type,Normal,2Vehicles-Side,REPUBLIQUE (AVENUE DE LA,M,49.35738542178906,7.357035209225361
201800014032,NonLethal,2018-05-15,04:50:00,NightStreelightsOn,140,59,Yes,X-type,Normal,Other,LITTORAL (AVENUE DU),M,49.34987261256885,5.349198472041447
201800014033,NonLethal,2018-06-03,14:35:00,Daylight,140,715,Yes,NoIntersection,Normal,Other,MARECHAL FOCH (PLACE),M,49.36562747911035,7.366755111864919
201800014034,NonLethal,2018-06-23,12:50:00,Daylight,140,701,No,NoIntersection,Normal,2Vehicles-Side,CD 278,M,49.32096070963335,9.321834643271163
201800014035,NonLethal,2018-07-16,12:00:00,Daylight,140,699,Yes,NoIntersection,Normal,Other,VALLEE D'AUGE (RUE DE LA,M,49.34600160973282,9.345583133684285
201800014036,NonLethal,2018-07-16,12:50:00,Daylight,140,557,No,T-type,Normal,2Vehicles-BehindVehicles-Frontal,L'ORGUEIL  (CHEMIN DE),M,49.31763969576971,9.317845410841626
201800014037,NonLethal,2018-09-07,15:59:00,Daylight,140,220,Yes,Roundabout,Normal,2Vehicles-Side,REPUBLIQUE (AVENUE DE LA,M,49.361134927146125,8.35861331649724
201800014038,NonLethal,2018-09-09,15:20:00,Daylight,140,715,Yes,NoIntersection,Normal,Other,HAUTPOUL (BOULEVARD),M,49.36563015680046,8.365366127003837
201800014039,NonLethal,2018-10-09,18:10:00,Daylight,140,715,Yes,NoIntersection,Normal,Other,PONT DES BELGES,M,49.36067222596706,8.361767904088175
201800014040,NonLethal,2018-02-10,17:10:00,Daylight,140,699,No,NoIntersection,Overcast,NoCollision,HONFLEUR (ROUTE D'HONFLE,M,49.36770969610311,1.36867484494353
201800014041,NonLethal,2018-09-10,18:15:00,Daylight,140,220,Yes,X-type,VeryGood,Other,REPUBLIQUE (AVENUE DE LA,M,49.35983822658289,7.358331873492934
201800014042,NonLethal,2018-10-29,07:20:00,TwilightOrDawn,140,220,Yes,T-type,Normal,2Vehicles-Side,BRIQUETTERIE (CHEMIN DE,M,49.35113779221916,8.351081844820085
201800014043,NonLethal,2018-10-28,02:10:00,NightStreelightsOn,140,220,Yes,Roundabout,Normal,Other,EUGENE-COLAS (RUE),M,49.358874099259566,7.358526353223644
201800014044,NonLethal,2018-07-11,11:05:00,Daylight,140,220,Yes,NoIntersection,Normal,Other,REPUBLIQUE (AVENUE DE LA,M,49.35828451528372,7.358890826199092
201800014046,NonLethal,2018-08-11,16:15:00,Daylight,140,557,Yes,NoIntersection,VeryGood,2Vehicles-BehindVehicles-Frontal,MARE (VOIE COMMUNALE DE,M,49.337181572360514,8.33774394442053
201800014047,NonLethal,2018-11-30,11:00:00,Daylight,140,701,Yes,Other,Normal,2Vehicles-Side,REPUBLIQUE (AVENUE DE LA,M,49.35151319485973,6.353069878756622
201800014048,NonLethal,2018-12-02,17:30:00,NightStreelightsOn,140,715,Yes,Y-type,LightRain,Other,HAUTPOUL (BOULEVARD),M,49.369864987123655,8.36933863337191
201800014049,NonLethal,2018-06-12,16:50:00,Daylight,140,220,Yes,NoIntersection,Normal,2Vehicles-Side,REPUBLIQUE (AVENUE DE LA,M,49.360564890189465,8.359112654325399