AccidentId,Gravity,Date,Hour,Light,Department,Commune,InAgglomeration,IntersectionType,Weather,CollisionType,PostalAddress,GPSCode,Latitude,Longitude
201800014052,NonLethal,2018-12-26,19:40:00,NightStreelightsOn,140,220,Yes,Other,Normal,Other,CORNUCHE (BOULEVARD),M,49.35962144457297,6.358527646346353
201800014053,NonLethal,2018-08-03,05:30:00,NightNoStreetLight,660,214,No,LevelCrossing,Normal,2Vehicles-Side,lieu dit d'en moussour p,M,42.54249971328315,2.540607001217244
201800014054,NonLethal,2018-02-04,07:50:00,TwilightOrDawn,660,15,No,NoIntersection,Normal,2Vehicles-Side,D40,M,42.56329961889665,2.563945732895953
201800014056,NonLethal,2018-07-05,17:35:00,Daylight,660,115,No,NoIntersection,Normal,Other,Avenue de la Mer,M,42.54054179922673,2.5418852216311323
201800014057,NonLethal,2018-05-08,16:50:00,Daylight,660,178,Yes,NoIntersection,Normal,2Vehicles-BehindVehicles-Frontal,traverse mas d'alquier,M,42.50506408119095,2.506051295842017
201800014058,NonLethal,2018-05-12,21:30:00,NightNoStreetLight,660,175,No,NoIntersection,HeavyRain,Other,D618,M,,
201800014059,NonLethal,2018-05-29,16:15:00,Daylight,660,24,Yes,NoIntersection,Overcast,Other,avenue léon Jean grégory,M,42.527442291557726,2.527459669737945
201800014060,NonLethal,2018-05-30,14:35:00,Daylight,660,15,No,Y-type,HeavyRain,Other,d900,M,42.5535776668609,2.554617379154148
201800014061,NonLethal,2018-08-01,19:05:00,Daylight,660,15,No,NoIntersection,Normal,2Vehicles-Behind,D900,M,,
201800014063,NonLethal,2018-09-16,09:30:00,Daylight,660,24,No,NoIntersection,Normal,2Vehicles-Behind,D 900,M,,
201800014064,NonLethal,2018-09-24,07:30:00,TwilightOrDawn,660,178,Yes,T-type,Normal,2Vehicles-Side,avenue des Albères,M,42.51314402199064,2.5106235590090216
201800014065,NonLethal,2018-01-11,05:30:00,NightNoStreetLight,660,175,No,NoIntersection,Overcast,Other,Ancienne RD 618,M,42.54320879651222,2.543483782805041
201800014067,NonLethal,2018-06-12,08:35:00,Daylight,660,106,No,T-type,Normal,2Vehicles-Side,D900 carrefour de l'aube,M,42.499393575288245,2.4990568245616736
201800014068,NonLethal,2018-05-20,09:25:00,Daylight,660,48,No,NoIntersection,Normal,2Vehicles-Side,D914,M,,
201800014069,NonLethal,2018-06-24,01:50:00,NightStreelightsOn,660,16,Yes,NoIntersection,Normal,NoCollision,avenue général de gaulle,M,,
201800014071,NonLethal,2018-06-01,19:00:00,NightStreelightsOn,660,149,Yes,Other,LightRain,2Vehicles-BehindVehicles-Frontal,D35,M,42.62278523425534,2.6247661122118893
201800014072,NonLethal,2018-07-07,14:20:00,Daylight,660,149,No,NoIntersection,Normal,2Vehicles-BehindVehicles-Frontal,route nationale 116 PK 4,M,42.61467569335866,2.615940349840276
201800014073,NonLethal,2018-07-12,18:35:00,Daylight,660,57,No,NoIntersection,Normal,3+Vehicles-Multiple,RN116 - PR 47+700,M,42.59092062391368,2.591804441286567
201800014074,NonLethal,2018-08-23,10:30:00,Daylight,660,57,No,T-type,Normal,3+Vehicles-Multiple,D116,M,42.58364222453733,2.5825061053722806
201800014075,NonLethal,2018-09-30,19:15:00,TwilightOrDawn,660,90,No,NoIntersection,Normal,2Vehicles-BehindVehicles-Frontal,RN116,M,42.56168757039663,2.5620200647667755
201800014076,NonLethal,2018-03-13,03:10:00,NightNoStreetLight,660,72,Yes,NoIntersection,Normal,Other,route de font romeu,M,,
201800014078,NonLethal,2018-05-01,07:30:00,TwilightOrDawn,660,124,No,NoIntersection,FogOrSmoke,2Vehicles-Side,RN 116  PONT DE BAU,M,42.48551635999623,2.4857295114048785
201800014079,NonLethal,2018-01-23,09:50:00,Daylight,660,98,No,T-type,Normal,2Vehicles-Side,Station de ski LA QUILLA,M,42.542809453227925,2.5444901084011566
201800014080,NonLethal,2018-09-06,14:40:00,Daylight,660,154,No,NoIntersection,Normal,2Vehicles-Side,départementale 32,M,,
201800014081,NonLethal,2018-06-24,10:06:00,Daylight,660,192,No,NoIntersection,Normal,2Vehicles-BehindVehicles-Frontal,RN 116,M,,
201800014082,NonLethal,2018-06-25,22:10:00,NightNoStreetLight,660,124,No,NoIntersection,Normal,NoCollision,ROUTE DES AIRELLES,M,42.52175658848523,2.5178535877177257
201800014083,NonLethal,2018-07-13,16:45:00,Daylight,660,192,No,NoIntersection,Normal,2Vehicles-Side,PK 75+700,M,42.516237783606414,2.515174930006379
201800014084,NonLethal,2018-08-03,01:25:00,NightNoStreetLight,660,4,No,NoIntersection,Normal,Other,DEPARTEMENTALE 32,M,,
201800014085,NonLethal,2018-08-05,14:30:00,Daylight,660,124,No,NoIntersection,Normal,2Vehicles-BehindVehicles-Frontal,Route Départementale 29,M,42.486685303494994,2.486546335468302
201800014086,NonLethal,2018-08-12,05:00:00,NightNoStreetLight,660,154,No,NoIntersection,Normal,Other,D32 au niveau de la carr,M,42.65849142072655,2.6599107731757243
201800014087,NonLethal,2018-09-09,13:10:00,Daylight,660,202,No,NoIntersection,Normal,Other,D618 - route de l'Andorr,M,42.49609347968559,1.4974275687261382
201800014088,NonLethal,2018-03-10,18:25:00,TwilightOrDawn,660,143,No,NoIntersection,Normal,2Vehicles-BehindVehicles-Frontal,D 9,M,,
201800014089,NonLethal,2018-05-24,15:40:00,Daylight,660,107,No,NoIntersection,Normal,Other,CD117,M,,
201800014090,NonLethal,2018-02-06,11:20:00,Daylight,660,107,No,NoIntersection,Normal,2Vehicles-Side,D117,M,,
201800014091,NonLethal,2018-10-24,07:25:00,NightNoStreetLight,660,187,No,NoIntersection,Normal,NoCollision,RD 117 PK 33+400,M,,
201800014092,NonLethal,2018-11-30,13:15:00,Daylight,660,187,No,NoIntersection,Normal,2Vehicles-BehindVehicles-Frontal,RD 117,M,,
201800014094,NonLethal,2018-01-31,16:25:00,Daylight,580,95,Yes,NoIntersection,LightRain,Other,Pont de la Vieille Loire,M,46.83059283298649,3.828238019292484
201800014095,NonLethal,2018-02-08,13:10:00,Daylight,580,105,No,NoIntersection,Normal,3+Vehicles-Multiple,dardault,M,46.85651441322618,3.855884367060588
201800014098,Lethal,2018-03-31,16:45:00,Daylight,580,20,No,NoIntersection,LightRain,2Vehicles-BehindVehicles-Frontal,D116 - PR 09+300,M,46.81802955572535,3.815953946710515
201800014099,Lethal,2018-04-14,10:15:00,Daylight,580,151,Yes,NoIntersection,Normal,Other,13 avenue de la républiq,M,46.88869682380666,3.889205938697398
201800014100,NonLethal,2018-05-05,14:08:00,Daylight,580,151,No,NoIntersection,Normal,3+Vehicles-Multiple,rd34,M,46.87978450236765,3.881304296189101
201800014101,NonLethal,2018-04-26,11:15:00,Daylight,580,95,No,NoIntersection,Normal,2Vehicles-BehindVehicles-Frontal,Route de Moulins,M,46.821730323914224,3.822370240757144
201800014102,NonLethal,2018-11-07,17:15:00,Daylight,580,95,Yes,NoIntersection,Normal,2Vehicles-Side,D978A,M,46.806008146078334,3.80942847074873
201800014103,NonLethal,2018-07-13,10:50:00,Daylight,580,95,Yes,NoIntersection,Normal,Other,rue des 4 vents,M,46.82508856082432,3.8225273425642015
201800014106,NonLethal,2018-08-18,13:45:00,Daylight,580,245,No,NoIntersection,Normal,NoCollision,RD10,M,46.81483659961704,3.814661892563682
201800014107,NonLethal,2018-08-25,12:00:00,Daylight,580,20,No,NoIntersection,Overcast,NoCollision,RD116,M,46.82147082179209,3.821070100795272
201800014108,NonLethal,2018-08-31,10:20:00,Daylight,580,280,No,NoIntersection,Normal,3+Vehicles-Multiple,RD981,M,46.84697119884513,3.8466890475106976
201800014109,Lethal,2018-09-14,21:10:00,NightNoStreetLight,580,306,No,NoIntersection,Normal,3+Vehicles-Multiple,D981,M,46.84714559821101,3.848248307102673
201800014111,NonLethal,2018-10-10,09:00:00,Daylight,580,95,No,NoIntersection,FogOrSmoke,2Vehicles-Side,Route de Moulins,M,46.81049556798346,3.81283605157952
201800014113,NonLethal,2018-10-29,18:50:00,NightStreelightsOn,580,95,Yes,NoIntersection,HeavyRain,Other,quartier saint thibault,M,46.835040775573866,3.836457378650356
201800014114,NonLethal,2018-11-11,00:01:00,NightNoStreetLight,580,250,Yes,NoIntersection,HeavyRain,Other,6 route Nationale,M,46.83668353325236,3.838023612971612
201800014115,NonLethal,2018-11-15,17:05:00,Daylight,580,115,No,NoIntersection,Normal,2Vehicles-Side,D116,M,46.83285972910956,3.830908138891041
201800014116,NonLethal,2018-02-12,17:45:00,NightNoStreetLight,580,60,No,NoIntersection,LightRain,Other,route D979 stade de foot,M,46.79380872229567,3.7962742088662633
201800014117,NonLethal,2018-12-21,17:15:00,TwilightOrDawn,580,95,Yes,NoIntersection,LightRain,2Vehicles-BehindVehicles-Frontal,121 avenue de Verdun,M,46.82761846270389,3.8285149704393295
201800014118,NonLethal,2018-12-30,19:25:00,NightStreelightsOn,580,137,No,T-type,Normal,2Vehicles-Side,Départementale 116,M,46.760945634685385,3.7638923446898622
201800014119,NonLethal,2018-01-22,18:30:00,NightNoStreetLight,580,264,No,NoIntersection,LightRain,2Vehicles-Behind,RD 2076,M,46.80220677677883,3.801315725579098
201800014120,NonLethal,2018-02-01,06:10:00,NightNoStreetLight,580,152,No,NoIntersection,Overcast,NoCollision,D 200 - PK 9+900,M,46.886607110600046,3.8880927097403606
201800014121,Lethal,2018-12-02,10:50:00,Daylight,580,296,No,NoIntersection,Normal,2Vehicles-Side,RN7 - LES GRIOTTIERS - P,M,46.69395498761604,3.6902061908487
201800014122,NonLethal,2018-03-19,17:25:00,Daylight,580,57,No,NoIntersection,Normal,2Vehicles-BehindVehicles-Frontal,RN7 - saint imbert,M,46.72702325417602,3.726061765427812
201800014123,Lethal,2018-03-29,18:35:00,Daylight,580,57,No,NoIntersection,Normal,2Vehicles-Side,"RN7, PK 102+400",M,46.74101437670951,3.7399697002056422
201800014124,NonLethal,2018-04-29,12:00:00,Daylight,580,146,Yes,NoIntersection,Normal,2Vehicles-Side,RD 29 - PK 10 +200,M,46.6963059753589,3.698994990456249
201800014125,NonLethal,2018-10-06,23:45:00,NightNoStreetLight,580,260,No,NoIntersection,Normal,Other,Route de ST PARIZE LE CH,M,46.85112439551565,3.852002523889505
201800014126,Lethal,2018-06-23,19:05:00,Daylight,580,264,No,X-type,Normal,2Vehicles-Side,intersection D108 et D20,M,46.80065595739794,3.8030795602899863
201800014127,NonLethal,2018-09-07,12:40:00,Daylight,580,146,No,Other,Normal,NoCollision,Route départementale 29,M,46.70290681759632,3.7055387929846
201800014128,Lethal,2018-07-13,17:30:00,Daylight,580,104,No,NoIntersection,Normal,2Vehicles-BehindVehicles-Frontal,"CV26- lieu dit ""Les glot",M,46.702519615224,3.701843947640963
201800014130,NonLethal,2018-12-21,08:00:00,NightStreelightsOff,580,104,Yes,NoIntersection,Overcast,Other,53 place de la mairie,M,46.71544165535172,3.716147957088844
201800014131,NonLethal,2018-12-31,18:15:00,NightNoStreetLight,580,254,No,NoIntersection,LightRain,2Vehicles-BehindVehicles-Frontal,Lieu-dit le champ du cha,M,47.032748626039776,3.0352043213607383
201800014132,Lethal,2018-02-19,05:15:00,NightNoStreetLight,580,300,No,NoIntersection,Other,2Vehicles-Side,RD977,M,47.05487826132869,3.0542697337743863
201800014133,NonLethal,2018-05-08,11:00:00,Daylight,580,22,No,NoIntersection,Normal,2Vehicles-BehindVehicles-Frontal,D26 - lieu dit foret ron,M,47.0748030577218,3.074562656690408
201800014134,NonLethal,2018-05-25,18:30:00,Daylight,580,88,Yes,NoIntersection,LightRain,2Vehicles-Side,rue de volleron,M,47.01048951902013,3.009025485023506
201800014135,NonLethal,2018-05-26,19:20:00,Daylight,580,204,Yes,NoIntersection,Normal,Other,Lieu dit Haute Court,M,47.05736622757806,3.055891357878867
201800014136,NonLethal,2018-06-15,12:05:00,Daylight,580,303,Yes,NoIntersection,Normal,2Vehicles-Side,7 boulevard camille dago,M,47.00835374981585,3.009416853414508
201800014137,NonLethal,2018-08-27,12:37:00,Daylight,580,303,Yes,NoIntersection,Normal,NoCollision,12 boulevard camille dag,M,47.00777907404673,3.0080275601222763
201800014138,NonLethal,2018-08-09,18:40:00,Daylight,580,303,No,NoIntersection,Normal,NoCollision,rue de Vernuche,M,47.02869663267191,3.027617303935197
201800014139,NonLethal,2018-09-09,17:30:00,Daylight,580,88,Yes,NoIntersection,Normal,2Vehicles-Side,RUE DU PONTY,M,47.01071247656713,3.009582568171619
201800014140,NonLethal,2018-12-16,20:00:00,NightStreelightsOn,580,303,Yes,Roundabout,FogOrSmoke,Other,rue voltaire,M,47.03483945824772,3.0353073341319345
201800014141,Lethal,2018-12-21,07:30:00,NightNoStreetLight,580,303,No,NoIntersection,HeavyRain,Other,route de vernuche,M,47.02784910978757,3.027989139303221
201800014142,NonLethal,2018-10-05,22:45:00,NightNoStreetLight,580,258,Yes,T-type,Normal,2Vehicles-Side,Rue de l'étang,M,46.899255626638606,3.8995448909104375
201800014144,NonLethal,2018-06-16,19:30:00,Daylight,580,72,No,NoIntersection,Normal,NoCollision,D 13 PR 8,M,46.93166607047584,3.9308790617700655
201800014145,Lethal,2018-06-07,18:15:00,Daylight,580,232,No,Roundabout,Normal,Other,La maison blanche,M,47.00667279968154,3.0044998568828305
201800014146,NonLethal,2018-06-09,01:40:00,NightNoStreetLight,580,273,No,NoIntersection,Normal,Other,"D209, point routier 02+4",M,46.97069564417647,3.971912068397102
201800014147,Lethal,2018-09-07,04:42:00,NightNoStreetLight,580,31,No,NoIntersection,Normal,Other,"RD 978 , point routier 2",M,47.0125031399663,3.014367977780046
201800014148,NonLethal,2018-10-12,14:50:00,Daylight,580,278,Yes,NoIntersection,Normal,2Vehicles-Side,84 route de Lyon,M,46.97206116256896,3.971467206877147
201800014150,NonLethal,2018-01-14,07:20:00,TwilightOrDawn,580,99,No,NoIntersection,Normal,Other,ROUTE DEPARTEMENTALE 978,M,47.07061674602157,3.0726057835356646
201800014151,NonLethal,2018-04-22,19:50:00,Daylight,580,139,No,NoIntersection,Normal,NoCollision,les gouttes larges,M,46.79266863213591,3.7919795573246633
201800014152,NonLethal,2018-05-14,16:40:00,Daylight,580,168,No,NoIntersection,LightRain,NoCollision,lieu dit la vallée,M,46.85051197503032,3.8511617083654177
201800014153,Lethal,2018-05-26,16:13:00,Daylight,580,10,No,NoIntersection,Normal,2Vehicles-Side,Les pasquelins,M,47.0454864137058,4.045485865456546
201800014154,NonLethal,2018-01-06,17:40:00,Daylight,580,277,No,NoIntersection,Normal,Other,D37,M,47.01770429588844,3.0186906650891734
201800014155,Lethal,2018-06-19,09:09:00,Daylight,580,173,No,NoIntersection,Normal,2Vehicles-BehindVehicles-Frontal,Lieu-dit DRAZILLY,M,46.894580537623256,3.895106725574466
201800014156,NonLethal,2018-04-07,20:00:00,Daylight,580,139,No,NoIntersection,HeavyRain,Other,lieu-dit Le Charnay,M,46.80451489154643,3.804208625310699
201800014157,NonLethal,2018-07-07,14:50:00,Daylight,580,19,No,NoIntersection,Normal,NoCollision,Lieu-dit Les Caqueriaux,M,46.81203785309541,3.814534159826069
201800014158,NonLethal,2018-07-29,19:30:00,Daylight,580,246,No,NoIntersection,Normal,NoCollision,D985,M,46.89799632039119,3.8985143361562375
201800014160,Lethal,2018-07-09,08:20:00,Daylight,580,111,No,NoIntersection,Normal,Other,"Lieu dit ""La COMME""",M,47.01286378409072,3.0109950431002086
201800014161,NonLethal,2018-09-28,08:00:00,TwilightOrDawn,580,179,No,NoIntersection,Normal,2Vehicles-BehindVehicles-Frontal,D126,M,47.18175453345592,3.1822459313546703
201800014162,NonLethal,2018-12-23,19:30:00,NightNoStreetLight,580,277,No,NoIntersection,Normal,2Vehicles-BehindVehicles-Frontal,CD 37,M,47.01485220814471,3.014482941327013
201800014163,NonLethal,2018-04-15,10:30:00,Daylight,580,80,No,NoIntersection,Normal,Other,RD 958,M,47.17161804303618,3.1725792031708435
201800014167,NonLethal,2018-09-06,10:40:00,Daylight,580,305,No,NoIntersection,Normal,NoCollision,RD 944,M,47.23581945939393,3.2352109745287696
201800014168,NonLethal,2018-08-14,13:00:00,Daylight,580,23,No,NoIntersection,Normal,Other,RD 958,M,47.38237990513748,3.3823737107196603
201800014169,NonLethal,2018-09-15,08:49:00,Daylight,580,180,No,NoIntersection,Normal,2Vehicles-BehindVehicles-Frontal,lieu dit Les GADREYS che,M,47.202265821218674,4.199662276850541
201800014170,NonLethal,2018-09-16,15:30:00,Daylight,580,3,No,NoIntersection,Normal,2Vehicles-Behind,LIEU DIT LA BALANCE,M,47.21297155822304,4.213055194673401
201800014171,NonLethal,2018-03-11,16:50:00,TwilightOrDawn,580,255,No,NoIntersection,Normal,2Vehicles-BehindVehicles-Frontal,Lieu-dit Les Granges,M,47.32288284651833,3.322568672620428
201800014172,NonLethal,2018-01-18,11:15:00,Daylight,580,17,No,NoIntersection,HeavyRain,Other,RD945 PR 19+72,M,47.12279214237071,3.1236592061302444
201800014173,NonLethal,2018-02-08,14:45:00,Daylight,580,35,No,NoIntersection,Normal,NoCollision,lieu dit aglan,M,47.06795865585397,3.0692950465839086
201800014174,Lethal,2018-07-08,10:00:00,Daylight,580,65,No,NoIntersection,VeryGood,2Vehicles-BehindVehicles-Frontal,DEPARTEMENTALE 978 - PK,M,47.05182399065737,3.0509188421754607
201800014176,NonLethal,2018-11-26,16:45:00,NightNoStreetLight,580,65,No,NoIntersection,HeavyRain,NoCollision,RD 945,M,47.05219702676776,3.0518481507889184
201800014177,NonLethal,2018-06-12,20:00:00,NightNoStreetLight,580,313,No,NoIntersection,LightRain,Other,RD 181 PK24+700,M,47.18925319359444,3.1892588580439627
201800014179,NonLethal,2018-06-24,17:20:00,Daylight,580,279,No,NoIntersection,Normal,2Vehicles-BehindVehicles-Frontal,"LIEU DIT ""LES MONTOIS"" P",M,47.152963611432426,3.1528043937625103
201800014180,NonLethal,2018-04-07,08:30:00,Daylight,580,228,No,NoIntersection,Normal,2Vehicles-BehindVehicles-Frontal,"D 503 ""Les Fouinelles""",M,47.30014447774131,2.3009975995326526
201800014182,Lethal,2018-11-08,21:45:00,NightNoStreetLight,580,189,No,NoIntersection,Normal,Other,LIEU DIT LA BERNOTTERIE,M,47.22643848945061,3.2267623985194147
201800014183,NonLethal,2018-08-14,14:51:00,Daylight,580,155,No,NoIntersection,Normal,2Vehicles-Behind,D907,M,47.15387967283696,3.155496076288343
201800014184,NonLethal,2018-11-10,14:15:00,Daylight,580,218,No,NoIntersection,Normal,NoCollision,D38,M,47.16764110141185,3.1686106270307146
201800014185,NonLethal,2018-10-14,09:15:00,Daylight,580,281,Yes,NoIntersection,VeryGood,Other,54 rue de saint symphori,M,47.33543789092323,3.336646787867007
201800014186,NonLethal,2018-10-12,00:01:00,NightNoStreetLight,580,295,Yes,NoIntersection,LightRain,Other,Rue du buisson sourd Lie,M,47.33960614850403,2.3422696495339013
201800014187,NonLethal,2018-05-05,15:30:00,Daylight,580,197,No,NoIntersection,Normal,NoCollision,RD ll9,M,47.3929391788567,3.394488774421049
201800014189,NonLethal,2018-05-11,16:15:00,Daylight,580,109,No,T-type,Normal,2Vehicles-Side,D 957 PK 37+400,M,47.46912446587947,3.466801325460936
201800014190,NonLethal,2018-07-30,11:15:00,Daylight,580,198,Yes,NoIntersection,Normal,Other,Rue de Charmois,M,47.47859380237243,3.478192256186413
201800014191,NonLethal,2018-12-08,23:20:00,NightNoStreetLight,580,79,No,NoIntersection,LightRain,Other,D951 Pk 0+900,M,47.47407875112804,3.4764700616306627
201800014192,NonLethal,2018-02-02,16:15:00,Daylight,260,124,Yes,NoIntersection,Normal,2Vehicles-Side,D247,M,,
201800014193,NonLethal,2018-02-11,07:00:00,NightNoStreetLight,260,6,No,T-type,Normal,Other,D125,M,44.761522949165936,4.762138100210678
201800014194,NonLethal,2018-09-03,19:50:00,NightNoStreetLight,260,165,No,NoIntersection,LightRain,3+Vehicles-Multiple,PONT DE LA VOULTE,M,,
201800014195,NonLethal,2018-03-13,18:00:00,Daylight,260,166,No,NoIntersection,Normal,2Vehicles-Behind,RN 7,M,,
201800014197,NonLethal,2018-03-28,09:36:00,Daylight,260,124,No,NoIntersection,Normal,NoCollision,PONT DU LAUD,M,,
201800014198,NonLethal,2018-03-04,09:45:00,Daylight,260,166,No,NoIntersection,Normal,Other,RD 104 N,M,,
201800014199,NonLethal,2018-03-30,08:41:00,Daylight,260,165,No,NoIntersection,LightRain,2Vehicles-Side,CHEMIN DE GRAND GRANGES,M,44.79310513702052,4.794571180830326
201800014200,NonLethal,2018-04-13,14:45:00,Daylight,260,166,No,NoIntersection,Normal,2Vehicles-BehindVehicles-Frontal,CHEMIN SAINT MARTIN,M,44.75378510781581,4.754827491472642
201800014201,NonLethal,2018-04-30,16:40:00,Daylight,260,165,Yes,NoIntersection,Normal,2Vehicles-Side,AVENUE DES CEVENNES,M,44.77075843489813,4.77138390153419
201800014202,NonLethal,2018-05-09,11:45:00,Daylight,260,165,Yes,NoIntersection,Normal,Other,76 AV JOSPEH COMBIER,M,,
201800014203,NonLethal,2018-06-21,07:49:00,Daylight,260,166,No,NoIntersection,Normal,3+Vehicles-Chain,RD l04,M,,
201800014204,NonLethal,2018-06-21,07:44:00,Daylight,260,124,Yes,X-type,Normal,2Vehicles-Side,ROUTE DE MARMANS,M,,
201800014205,NonLethal,2018-06-21,18:22:00,Daylight,260,6,No,NoIntersection,Normal,2Vehicles-BehindVehicles-Frontal,ROUTE DE CREST,M,44.76208172263463,4.761054463124993
201800014206,NonLethal,2018-06-24,14:05:00,Daylight,260,166,No,NoIntersection,Normal,2Vehicles-BehindVehicles-Frontal,RD 104,M,,
201800014207,NonLethal,2018-06-29,12:05:00,Daylight,260,124,No,NoIntersection,Normal,2Vehicles-BehindVehicles-Frontal,D111,M,,
201800014209,Lethal,2018-07-07,01:00:00,NightNoStreetLight,260,337,Yes,NoIntersection,Normal,Other,AV DE PROVENCE,M,,
201800014210,NonLethal,2018-07-25,18:15:00,Daylight,260,124,Yes,NoIntersection,Normal,2Vehicles-Side,RUE DE LA RAYE,M,44.850695783165776,4.850200356362131
201800014211,NonLethal,2018-08-13,23:58:00,NightNoStreetLight,260,124,No,NoIntersection,Normal,NoCollision,RN 7,M,,
201800014212,NonLethal,2018-09-16,20:40:00,NightNoStreetLight,260,124,No,NoIntersection,Normal,3+Vehicles-Multiple,RN7 les iles du chez,M,44.86580821249191,4.865141744625475
201800014213,NonLethal,2018-09-11,17:50:00,Daylight,260,166,No,NoIntersection,Normal,3+Vehicles-Chain,D104N,M,44.754452663696526,4.75628408017383
201800014214,NonLethal,2018-10-20,17:25:00,Daylight,260,337,No,T-type,Normal,2Vehicles-BehindVehicles-Frontal,LE PAVE,M,44.681800861149846,4.681045156314278
201800014215,NonLethal,2018-10-27,20:15:00,NightStreelightsOn,260,124,No,NoIntersection,LightRain,2Vehicles-Behind,RD 111,M,44.83478249500765,4.8351747314648446
201800014216,NonLethal,2018-09-11,08:35:00,Daylight,260,166,Yes,Y-type,Normal,2Vehicles-Side,LES BLACHES,M,44.73187803681376,4.73333683516959
201800014217,NonLethal,2018-11-14,10:40:00,Daylight,260,165,Yes,NoIntersection,Normal,Other,rue du parc,M,44.77045598397759,4.769585082752877
201800014219,Lethal,2018-11-18,08:00:00,NightNoStreetLight,260,124,No,NoIntersection,Normal,Other,D247,M,44.82891724523643,4.826455682553225
201800014220,NonLethal,2018-05-04,17:00:00,Daylight,260,108,Yes,X-type,Normal,2Vehicles-BehindVehicles-Frontal,RUE SADI CARNOT,M,44.7308157380455,5.731255327665243
201800014221,Lethal,2018-05-25,15:30:00,Daylight,260,365,No,NoIntersection,Normal,2Vehicles-BehindVehicles-Frontal,QUARTIER FESTEILLE,M,,
201800014222,Lethal,2018-06-02,20:00:00,Daylight,260,195,No,NoIntersection,Normal,2Vehicles-BehindVehicles-Frontal,RD 70,M,,
201800014224,NonLethal,2018-08-17,18:05:00,Daylight,260,108,No,Y-type,Overcast,2Vehicles-Side,RD 538,M,,
201800014227,Lethal,2018-01-20,17:30:00,NightNoStreetLight,260,113,No,NoIntersection,SnowOrHail,2Vehicles-BehindVehicles-Frontal,RUINEL ET ONGLANE,M,,
201800014228,NonLethal,2018-02-01,10:19:00,Daylight,260,40,No,NoIntersection,SnowOrHail,NoCollision,RD 93,M,,
201800014229,NonLethal,2018-04-12,12:15:00,Daylight,260,113,No,NoIntersection,Normal,2Vehicles-Side,RD 543,M,44.77342489654902,5.774871914435472
201800014230,NonLethal,2018-07-20,15:00:00,Daylight,260,113,Yes,NoIntersection,Normal,Other,BD MARECHAL LECLERC,M,,
201800014231,NonLethal,2018-07-21,19:00:00,Daylight,260,248,Yes,NoIntersection,Normal,NoCollision,R D 93,M,,
201800014232,NonLethal,2018-09-04,14:45:00,Daylight,260,167,No,NoIntersection,Normal,2Vehicles-BehindVehicles-Frontal,PK3+500,M,44.61343573825255,5.61255144272574
201800014233,NonLethal,2018-04-09,20:45:00,NightNoStreetLight,260,86,No,NoIntersection,Normal,Other,RD539,M,44.69139432573328,5.691553468169874
201800014234,NonLethal,2018-09-10,14:00:00,Daylight,260,69,No,NoIntersection,Normal,Other,ROUTE DU COL DE ROUSSET,M,44.80922762840067,5.808956283596128
201800014236,NonLethal,2018-12-27,19:15:00,NightNoStreetLight,260,246,No,NoIntersection,Normal,2Vehicles-BehindVehicles-Frontal,Route départementale 93.,M,44.77760537506136,5.778817459694913
201800014237,NonLethal,2018-01-03,12:00:00,Daylight,260,95,No,NoIntersection,LightRain,2Vehicles-BehindVehicles-Frontal,LES BLACHES,M,,
201800014238,NonLethal,2018-03-15,16:06:00,Daylight,260,176,No,X-type,Normal,2Vehicles-Side,LES BERRYS,M,,
201800014240,NonLethal,2018-08-01,08:10:00,Daylight,260,176,No,NoIntersection,Normal,NoCollision,LES BASTETS,M,,
201800014241,NonLethal,2018-08-20,18:45:00,Daylight,260,45,No,NoIntersection,VeryGood,2Vehicles-Side,route de SAINT PAULET,M,44.553300846600656,4.551986655090721
201800014242,Lethal,2018-09-16,16:50:00,Daylight,260,5,No,NoIntersection,Normal,Other,CD 169 le sastre,M,44.52375318650551,4.526271313743341
201800014243,NonLethal,2018-09-21,20:20:00,TwilightOrDawn,260,344,No,NoIntersection,Normal,NoCollision,RD 538 Quartier LAMOTTE,M,44.63152729426692,5.630091619017951
201800014244,Lethal,2018-09-29,09:15:00,Daylight,260,52,No,NoIntersection,Normal,Other,D128 PK 08+700,M,44.58644146334212,4.584322407111059
201800014245,NonLethal,2018-01-21,06:30:00,NightNoStreetLight,260,114,No,NoIntersection,LightRain,Other,D540,M,,
201800014246,Lethal,2018-11-17,19:00:00,NightNoStreetLight,260,241,No,NoIntersection,FogOrSmoke,NoCollision,RD233,M,44.59819353637722,5.597894410516632
201800014247,NonLethal,2018-01-17,08:45:00,Daylight,260,324,Yes,NoIntersection,Normal,2Vehicles-Behind,AVENUE DES COTEAUX,M,,
201800014248,NonLethal,2018-04-25,19:55:00,Daylight,260,357,No,NoIntersection,Normal,Other,RTE DE BOUCHET,M,,