AccidentId,Gravity,Date,Hour,Light,Department,Commune,InAgglomeration,IntersectionType,Weather,CollisionType,PostalAddress,GPSCode,Latitude,Longitude
201800014249,NonLethal,2018-05-25,12:15:00,Daylight,260,345,No,NoIntersection,Normal,Other,RD 59,M,,
201800014251,NonLethal,2018-08-14,12:40:00,Daylight,260,345,No,NoIntersection,Normal,2Vehicles-Behind,RD 59,M,,
201800014252,NonLethal,2018-07-05,18:15:00,Daylight,260,376,No,NoIntersection,VeryGood,Other,RD 94,M,,
201800014253,NonLethal,2018-08-12,10:00:00,Daylight,260,363,No,NoIntersection,Normal,NoCollision,RD 130,M,,
201800014254,NonLethal,2018-08-07,15:05:00,Daylight,260,239,No,NoIntersection,Normal,Other,RD 72,M,,
201800014255,NonLethal,2018-03-09,13:50:00,Daylight,260,263,No,NoIntersection,Normal,2Vehicles-BehindVehicles-Frontal,Hameau de Briancon,M,44.18212851603556,5.18352827454028
201800014256,Lethal,2018-11-26,13:35:00,Daylight,260,63,No,NoIntersection,Normal,2Vehicles-BehindVehicles-Frontal,PK 02 - ROUTE DEPARTEMEN,M,44.25876832835287,5.2605449105861615
201800014257,NonLethal,2018-01-14,17:40:00,NightNoStreetLight,260,172,No,NoIntersection,Normal,Other,RD 121,M,,
201800014259,Lethal,2018-01-06,22:30:00,NightNoStreetLight,260,148,No,NoIntersection,Normal,NoCollision,1000 ROUTE DU  LARIS,M,,
201800014260,NonLethal,2018-08-06,17:30:00,Daylight,260,330,No,Other,Normal,2Vehicles-BehindVehicles-Frontal,RD 139,M,,
201800014261,NonLethal,2018-11-29,08:10:00,Daylight,260,162,No,NoIntersection,Normal,Other,Route de MANTHES (D137),M,45.30098133979704,5.302979486990083
201800014263,Lethal,2018-03-28,13:50:00,Daylight,700,163,No,NoIntersection,LightRain,2Vehicles-BehindVehicles-Frontal,nationale 57,M,47.65242281910853,6.651408857811761
201800014264,NonLethal,2018-04-30,19:50:00,Daylight,700,390,Yes,NoIntersection,Normal,Other,25 RUE BASSE,M,47.61355712752984,6.61416322084007
201800014265,Lethal,2018-09-07,07:55:00,Daylight,700,522,No,NoIntersection,Normal,2Vehicles-BehindVehicles-Frontal,D113,M,47.71486985501413,6.716558964530505
201800014266,NonLethal,2018-07-22,18:05:00,Daylight,700,433,No,NoIntersection,Normal,3+Vehicles-Multiple,D9,M,47.58411518724395,6.586664971825026
201800014267,Lethal,2018-08-31,22:05:00,NightNoStreetLight,700,136,No,NoIntersection,Normal,2Vehicles-Behind,RN 19,M,47.66188274474745,6.658507840232772
201800014268,NonLethal,2018-09-04,19:30:00,Daylight,700,40,No,NoIntersection,Normal,NoCollision,CD81,M,47.61699748099792,6.6172250122004215
201800014270,NonLethal,2018-01-29,14:15:00,Daylight,700,228,No,NoIntersection,LightRain,Other,PK 13.7 RD 434,M,47.769794043097406,6.770709047626088
201800014272,NonLethal,2018-06-04,20:15:00,NightNoStreetLight,700,415,No,NoIntersection,HeavyRain,NoCollision,route départementale 434,M,47.84541212639055,6.846586541510123
201800014273,NonLethal,2018-06-18,13:30:00,Daylight,700,373,No,NoIntersection,Normal,NoCollision,RD1 PK 12 - 500,M,47.68539797267589,5.684950315287916
201800014274,NonLethal,2018-06-29,18:45:00,Daylight,700,430,No,NoIntersection,Normal,NoCollision,Route Nationale 19,M,47.76606526565484,5.768071216556153
201800014276,NonLethal,2018-11-02,05:40:00,NightNoStreetLight,700,421,No,NoIntersection,Normal,Other,RD 155,M,47.6765278232345,6.6762436263768
201800014277,Lethal,2018-03-30,15:20:00,Daylight,700,324,No,NoIntersection,LightRain,Other,Départementale 474 PK 44,M,47.551322956142734,6.551139109012996
201800014280,NonLethal,2018-06-01,17:20:00,Daylight,700,426,Yes,NoIntersection,Normal,2Vehicles-Side,61 grande rue,M,47.72037825767238,6.720715689121199
201800014281,NonLethal,2018-06-16,03:30:00,NightNoStreetLight,700,421,No,NoIntersection,Normal,2Vehicles-BehindVehicles-Frontal,lieu-dit Maupatet,M,47.68989565577168,6.690012794816994
201800014282,NonLethal,2018-07-04,16:05:00,Daylight,700,384,No,T-type,Normal,2Vehicles-Side,intersection de D3 et CD,M,47.521987940178605,5.52290020432392
201800014283,NonLethal,2018-07-16,00:10:00,NightStreelightsOn,700,272,Yes,NoIntersection,Normal,Other,2 rue du chanois,M,47.719821953203045,5.717755554805258
201800014285,NonLethal,2018-11-05,15:30:00,Daylight,700,441,No,X-type,Normal,2Vehicles-Side,"RD 5, PR 16+ 67",M,47.45841968908727,5.457985194704927
201800014288,NonLethal,2018-07-09,18:00:00,Daylight,700,309,No,NoIntersection,Normal,2Vehicles-Side,"RD l5, PR 3 + 230",M,47.45234555683356,6.454274548487122
201800014289,NonLethal,2018-07-27,11:45:00,Daylight,700,560,No,NoIntersection,Normal,2Vehicles-Side,"D5, PR 20",M,47.43944291047223,5.439129642079779
201800014290,NonLethal,2018-09-08,09:15:00,Daylight,700,575,Yes,NoIntersection,Normal,2Vehicles-Behind,41 Grande Rue,M,47.3398179627145,6.340144060145946
201800014292,NonLethal,2018-11-07,18:20:00,NightNoStreetLight,700,493,No,NoIntersection,LightRain,3+Vehicles-Multiple,RN 57,M,47.39439972694932,6.392283023256877
201800014293,Lethal,2018-10-11,05:45:00,NightStreelightsOff,700,383,No,NoIntersection,Normal,2Vehicles-BehindVehicles-Frontal,RN 57 - PK 71+473,M,47.41141660610629,6.412732542796559
201800014294,NonLethal,2018-01-18,18:35:00,NightNoStreetLight,700,122,No,NoIntersection,HeavyRain,Other,D222 PK 001.500 sens Mon,M,47.62737073392711,5.626400939896633
201800014295,NonLethal,2018-03-04,11:39:00,Daylight,700,299,Yes,T-type,Normal,2Vehicles-Side,20 rue de l'Europe,M,47.62219532874512,5.6237658883169
201800014297,NonLethal,2018-05-10,19:50:00,NightNoStreetLight,700,122,No,NoIntersection,Normal,2Vehicles-BehindVehicles-Frontal,RD 460 PR 13+500,M,47.69274878391272,5.693071706478027
201800014298,NonLethal,2018-10-28,14:00:00,Daylight,700,122,Yes,Roundabout,StrongWindOrStorm,Other,Rond point de Langres,M,47.62088589099766,5.622756514292836
201800014299,NonLethal,2018-12-16,08:45:00,Daylight,700,122,No,NoIntersection,SnowOrHail,NoCollision,lieu dit les BARRAGAS,M,47.60239588684837,5.605187049954004
201800014300,Lethal,2018-12-18,11:50:00,Daylight,700,58,No,NoIntersection,FogOrSmoke,NoCollision,D 2 PR 20+300,M,47.50071493284173,5.500387472657025
201800014301,Lethal,2018-03-13,05:45:00,NightNoStreetLight,700,104,No,NoIntersection,LightRain,2Vehicles-Behind,route de vesoul,M,47.424109962037065,5.4270134964768095
201800014302,NonLethal,2018-04-28,07:15:00,Daylight,700,408,No,NoIntersection,Normal,3+Vehicles-Multiple,D12 - PK 3.900,M,47.29135388097212,5.289476147563229
201800014305,NonLethal,2018-01-22,17:30:00,TwilightOrDawn,700,215,No,NoIntersection,HeavyRain,Other,D219,M,47.683492490640425,6.685468775646456
201800014306,Lethal,2018-04-01,18:15:00,Daylight,700,413,No,NoIntersection,Normal,Other,Lieu dit le Pré Bresson,M,47.70132084636386,6.699930047288154
201800014307,NonLethal,2018-06-28,14:50:00,Daylight,700,451,No,NoIntersection,Normal,2Vehicles-Side,RD619 pk 80,M,47.69604687181869,6.69424475007226
201800014308,NonLethal,2018-10-07,17:00:00,Daylight,700,328,No,NoIntersection,Normal,Other,RUE DU CIMETIÈRE,M,47.71436851304008,6.713953987345857
201800014309,NonLethal,2018-09-08,17:00:00,Daylight,700,248,No,NoIntersection,Normal,Other,D16,M,47.6786803981306,6.681002171678538
201800014310,Lethal,2018-07-10,11:00:00,Daylight,700,283,Yes,Y-type,Normal,Other,26 rue de la Vierge - ru,M,47.84222423684572,6.84430016156961
201800014311,Lethal,2018-10-02,05:55:00,NightNoStreetLight,700,311,No,Other,LightRain,2Vehicles-Side,RD6,M,47.80610347260434,6.806168856354467
201800014313,NonLethal,2018-04-30,11:30:00,Daylight,700,258,Yes,X-type,Normal,2Vehicles-Side,rue du souverir,M,47.8174929211303,6.817081689615929
201800014315,NonLethal,2018-07-31,11:57:00,Daylight,700,216,Yes,NoIntersection,Normal,2Vehicles-Side,Route Départementale 370,M,47.80997360887617,6.808519149198525
201800014316,NonLethal,2018-09-18,17:45:00,Daylight,700,473,Yes,Other,Normal,2Vehicles-Side,rue Aristide Briand,M,47.79329144732397,6.794078806428238
201800014317,NonLethal,2018-09-20,21:10:00,NightNoStreetLight,700,141,No,NoIntersection,Normal,NoCollision,chemin goudronné,M,47.68796879377432,6.686933903599828
201800014318,NonLethal,2018-10-10,05:10:00,NightStreelightsOn,700,311,Yes,NoIntersection,Normal,Other,27 rue Aristide Briand,M,47.81357770249444,6.813960628592515
201800014319,NonLethal,2018-10-26,18:05:00,TwilightOrDawn,700,473,No,NoIntersection,Normal,3+Vehicles-Chain,RD64,M,47.78690093249688,6.787129778614532
201800014320,NonLethal,2018-11-23,07:20:00,TwilightOrDawn,700,258,Yes,Y-type,Normal,2Vehicles-Side,rue du souvenir,M,47.81741050774779,6.816491269434168
201800014323,NonLethal,2018-06-27,07:55:00,Daylight,700,526,No,NoIntersection,VeryGood,2Vehicles-BehindVehicles-Frontal,route départementale 147,M,47.91696314265686,6.917804200986714
201800014324,NonLethal,2018-07-15,23:30:00,NightNoStreetLight,700,87,No,NoIntersection,Normal,NoCollision,D 28 PK 15.400,M,47.80164459760038,6.799452310511711
201800014325,NonLethal,2018-07-16,00:45:00,NightNoStreetLight,700,245,No,NoIntersection,Normal,NoCollision,D64 PK 0l5.l00,M,47.86831403113557,6.865837408588551
201800014326,NonLethal,2018-08-20,18:00:00,Daylight,700,245,No,NoIntersection,Normal,2Vehicles-Behind,RD 83,M,47.89161077564307,6.889867260009524
201800014328,NonLethal,2018-10-22,14:50:00,Daylight,700,315,No,Roundabout,Normal,2Vehicles-Side,Rond point de Magnoncour,M,47.899196989966384,6.901446726406996
201800014329,NonLethal,2018-05-03,18:00:00,Daylight,700,116,No,NoIntersection,Normal,NoCollision,RD16,M,47.60556873547597,6.60394235240551
201800014330,NonLethal,2018-04-08,13:58:00,Daylight,700,317,No,NoIntersection,Normal,NoCollision,D486,M,47.53095651752849,6.533302528042423
201800014331,NonLethal,2018-04-23,14:45:00,Daylight,700,42,No,NoIntersection,HeavyRain,NoCollision,D9,M,47.53733716066229,6.536648454403704
201800014332,Lethal,2018-05-09,15:45:00,Daylight,700,317,No,X-type,LightRain,2Vehicles-Side,D486,M,47.53425572040677,6.5326959654813725
201800014333,NonLethal,2018-06-21,21:00:00,Daylight,700,117,Yes,Y-type,Normal,2Vehicles-BehindVehicles-Frontal,03 rue de chenebier,M,47.63981057756974,6.6396723467973295
201800014334,NonLethal,2018-07-15,20:15:00,Daylight,700,117,No,NoIntersection,Normal,Other,D218,M,47.62638406710224,6.625717162517635
201800014335,NonLethal,2018-08-18,04:40:00,NightStreelightsOn,700,117,Yes,T-type,Normal,2Vehicles-Side,RN 619,M,47.64246476042404,6.643054256446949
201800014336,NonLethal,2018-12-09,13:38:00,Daylight,700,317,No,Y-type,Normal,NoCollision,intersection d9- d486,M,47.534871606584495,6.53328716790706
201800014337,NonLethal,2018-11-30,06:30:00,NightNoStreetLight,700,349,No,NoIntersection,LightRain,2Vehicles-BehindVehicles-Frontal,Néant,M,47.553879901497965,6.554119196376221
201800014339,NonLethal,2018-01-11,08:02:00,NightNoStreetLight,850,144,No,NoIntersection,Normal,3+Vehicles-Multiple,,M,46.839182759776406,-0.8393351306402128
201800014340,NonLethal,2018-03-16,14:30:00,Daylight,850,151,No,NoIntersection,Normal,2Vehicles-Behind,,M,46.99286466142407,-0.9919997923907452
201800014341,NonLethal,2018-10-04,15:10:00,Daylight,850,302,No,NoIntersection,Normal,2Vehicles-BehindVehicles-Frontal,,M,46.94102861407232,-0.9434645317352194
201800014342,NonLethal,2018-04-19,15:29:00,Daylight,850,257,No,T-type,Normal,2Vehicles-Behind,LA BAIRE,M,46.83629218080452,-0.836987819497289
201800014343,NonLethal,2018-05-16,09:39:00,Daylight,850,84,No,NoIntersection,Normal,2Vehicles-Side,LA MERLATIERE,M,46.772117798467576,-0.771621884096185
201800014345,NonLethal,2018-06-25,09:25:00,Daylight,850,84,No,NoIntersection,Normal,3+Vehicles-Chain,,M,46.76380989398256,-0.7650648304627334
201800014347,NonLethal,2018-07-04,15:55:00,Daylight,850,65,No,NoIntersection,Normal,NoCollision,,M,46.872077259983534,-0.8721719675952838
201800014348,NonLethal,2018-04-07,13:00:00,Daylight,850,202,No,NoIntersection,Normal,Other,La Raudière,M,46.756081708684704,-0.7545478131350405
201800014349,NonLethal,2018-08-03,22:31:00,NightNoStreetLight,850,34,No,Roundabout,Normal,2Vehicles-Side,,M,46.62704211095235,-0.6275185982529354
201800014350,NonLethal,2018-09-08,17:30:00,Daylight,850,196,No,NoIntersection,Normal,Other,,M,46.83131148613246,-0.8324903843170299
201800014351,NonLethal,2018-08-10,11:25:00,Daylight,850,151,No,NoIntersection,Normal,NoCollision,,M,46.989527047210615,-0.9902466172381078
201800014352,NonLethal,2018-07-09,19:19:00,Daylight,850,296,No,NoIntersection,Normal,2Vehicles-BehindVehicles-Frontal,,M,46.91575223584,-0.9155385834072464
201800014353,NonLethal,2018-11-30,23:45:00,NightNoStreetLight,850,300,No,NoIntersection,Overcast,Other,Bretelle entrée A87 N°33,M,46.64281065656968,-0.6432568216778619
201800014354,NonLethal,2018-01-05,12:45:00,Daylight,10,245,No,NoIntersection,Normal,NoCollision,départementale 42,M,46.128126455113744,5.126589400116909
201800014355,Lethal,2018-01-20,18:45:00,NightStreelightsOn,10,254,No,NoIntersection,LightRain,2Vehicles-BehindVehicles-Frontal,CD 1075,M,46.16479400702031,5.165722546117155
201800014357,NonLethal,2018-05-24,15:28:00,Daylight,10,408,No,NoIntersection,Normal,2Vehicles-Side,Lieu dit Marcou,M,46.24717363808655,5.247257034929864
201800014358,Lethal,2018-01-06,19:40:00,Daylight,10,350,No,NoIntersection,Normal,2Vehicles-Side,1175 route de BOURG,M,46.26448845528762,5.26504744111762
201800014359,Lethal,2018-06-17,11:15:00,Daylight,10,106,No,NoIntersection,Normal,NoCollision,route départementale 98,M,46.20808477417727,5.208764258315626
201800014361,Lethal,2018-10-07,17:50:00,Daylight,10,95,No,NoIntersection,Normal,NoCollision,RD 42,M,46.28728418158413,5.287139036301888
201800014363,NonLethal,2018-08-31,01:00:00,NightStreelightsOff,10,184,Yes,NoIntersection,Normal,NoCollision,839 route de neuville,M,46.15602771851336,5.154628147197269
201800014366,NonLethal,2018-09-09,18:30:00,Daylight,10,184,No,NoIntersection,Normal,2Vehicles-Side,D979,M,46.15852533784097,5.15647147886491
201800014368,NonLethal,2018-09-28,15:14:00,Daylight,10,408,No,Y-type,Normal,2Vehicles-Side,chemin de la bouverie,M,46.23019105911748,5.229282382879454
201800014369,NonLethal,2018-10-27,12:50:00,Daylight,10,72,No,NoIntersection,LightRain,3+Vehicles-Chain,Départementale 979,M,46.179739110239616,5.180667286156309
201800014370,NonLethal,2018-11-21,16:50:00,NightNoStreetLight,10,426,Yes,NoIntersection,FogOrSmoke,Other,1 rue principal - cuisia,M,46.29655248895148,5.296257618884702
201800014371,NonLethal,2018-04-06,17:15:00,Daylight,10,1,No,NoIntersection,Normal,3+Vehicles-Chain,D7 - clemenciat PK 25,M,46.1334006506662,4.134942438219233
201800014372,NonLethal,2018-04-19,15:30:00,Daylight,10,85,No,X-type,Normal,2Vehicles-BehindVehicles-Frontal,D7,M,46.083577176781446,5.085643954007681
201800014373,NonLethal,2018-04-23,09:45:00,Daylight,10,93,Yes,NoIntersection,Normal,Other,Avenue Clément Desormes,M,46.11997665713088,4.11985951422174
201800014374,NonLethal,2018-05-06,10:15:00,Daylight,10,96,Yes,NoIntersection,Normal,2Vehicles-Side,lieu dit les preux,M,46.19428296233343,5.193259423186604
201800014375,NonLethal,2018-05-07,17:10:00,Daylight,10,457,Yes,X-type,Normal,2Vehicles-Side,rue MALADIERE,M,46.215737505384574,4.216747574020669
201800014376,NonLethal,2018-05-15,17:59:00,Daylight,10,412,No,X-type,Normal,2Vehicles-Side,D2,M,46.16678248198139,4.164800804021229
201800014377,Lethal,2018-05-25,18:30:00,Daylight,10,146,No,NoIntersection,Normal,Other,d 66,M,46.14141671274909,4.140976999569378
201800014378,NonLethal,2018-01-06,22:58:00,NightNoStreetLight,10,246,Yes,NoIntersection,Normal,Other,D26B,M,46.23343778904108,5.233777938300404
201800014379,NonLethal,2018-06-25,14:30:00,Daylight,10,412,No,X-type,Normal,2Vehicles-Side,route de chatillon,M,46.16618492027124,4.166219952429934
201800014380,NonLethal,2018-06-24,10:15:00,Daylight,10,272,No,NoIntersection,Normal,2Vehicles-Side,Route de Thoissey,M,46.16176097123336,4.162782783323407
201800014381,NonLethal,2018-06-24,13:20:00,Daylight,10,412,No,X-type,VeryGood,2Vehicles-Side,Carrefour D2/D64,M,46.16601447514125,4.165918409812223
201800014383,NonLethal,2018-07-23,15:15:00,Daylight,10,412,Yes,NoIntersection,Normal,2Vehicles-Behind,Départementale 2,M,46.17538117110075,4.176406362884019
201800014384,NonLethal,2018-07-25,17:30:00,Daylight,10,46,No,X-type,Normal,3+Vehicles-Chain,les rutets - RD2,M,46.29724054583368,5.293630925438173
201800014385,NonLethal,2018-08-05,13:45:00,Daylight,10,389,No,NoIntersection,Normal,NoCollision,CD 936,M,46.10105432905753,4.101694280513357
201800014386,NonLethal,2018-08-26,02:30:00,NightNoStreetLight,10,457,No,NoIntersection,LightRain,Other,1921 ROUTE DE NEUVILLE L,M,46.20018704598787,4.200155318379868
201800014387,NonLethal,2018-02-09,00:40:00,NightStreelightsOn,10,457,Yes,NoIntersection,Normal,2Vehicles-BehindVehicles-Frontal,CD 80 - LIEU DIT CHASSIN,M,46.19973907644803,4.19999932514862
201800014388,NonLethal,2018-02-09,04:20:00,NightNoStreetLight,10,93,No,NoIntersection,Normal,NoCollision,cd 7,M,46.10713056194778,4.10805173621435
201800014389,NonLethal,2018-10-14,15:05:00,Daylight,10,319,No,NoIntersection,Normal,NoCollision,D936,M,46.103485960911925,4.103993256625259
201800014390,NonLethal,2018-10-10,16:40:00,Daylight,10,412,No,X-type,Normal,2Vehicles-Side,Croisement axes D64 / D2,M,46.16651227302148,4.166650886852258
201800014391,NonLethal,2018-01-11,13:40:00,Daylight,10,356,No,NoIntersection,LightRain,NoCollision,CD 80,M,46.09684568190015,5.097792545680351
201800014392,NonLethal,2018-12-11,17:45:00,NightNoStreetLight,10,93,No,NoIntersection,Normal,3+Vehicles-Multiple,RD 936 - lieu dit les ri,M,46.13112029902916,4.132576931918323
201800014393,NonLethal,2018-10-17,19:50:00,NightStreelightsOn,10,93,Yes,T-type,Normal,2Vehicles-Side,ROUTE DE ROMANS,M,46.12008995697291,4.119130467806283
201800014394,NonLethal,2018-05-12,20:45:00,NightNoStreetLight,10,93,No,NoIntersection,Normal,2Vehicles-BehindVehicles-Frontal,D2,M,46.13924123628168,4.140308116848095
201800014395,NonLethal,2018-12-20,11:30:00,Daylight,10,246,No,X-type,Normal,2Vehicles-Side,CD 26 C INTERSECTION ROU,M,46.24028233498843,5.240998934374309
201800014396,NonLethal,2018-01-07,15:50:00,Daylight,10,115,No,Other,Normal,Other,route du logis neuf,M,46.2564494239211,5.257647135491506
201800014397,NonLethal,2018-01-29,17:45:00,TwilightOrDawn,10,367,No,NoIntersection,LightRain,Other,RD975,M,46.39717857142253,5.398288544357351
201800014398,NonLethal,2018-01-02,14:40:00,Daylight,10,108,No,X-type,Normal,2Vehicles-Side,RD 52 Direction BEAUPONT,M,46.39067698432463,5.388394799496286
201800014399,NonLethal,2018-03-14,16:45:00,Daylight,10,24,Yes,NoIntersection,Normal,NoCollision,Rue de l'église,M,46.29054161763999,5.29207293402989
201800014400,NonLethal,2018-03-16,20:00:00,NightStreelightsOn,10,380,Yes,T-type,LightRain,Other,route de Curciat,M,46.46142040597869,5.460935654879783
201800014404,NonLethal,2018-03-28,19:45:00,TwilightOrDawn,10,232,No,NoIntersection,HeavyRain,Other,D996,M,46.31560556681272,5.316317153274732
201800014405,NonLethal,2018-03-26,18:00:00,Daylight,10,24,No,NoIntersection,Normal,3+Vehicles-Chain,Route de BOURG,M,46.28963743690845,5.287385705181294
201800014406,NonLethal,2018-04-13,20:15:00,NightStreelightsOn,10,266,Yes,NoIntersection,Normal,2Vehicles-Behind,Grande rue,M,46.337755846090296,5.338050870434643
201800014407,NonLethal,2018-04-19,07:30:00,Daylight,10,445,No,X-type,Normal,2Vehicles-Side,chemin de la teppe des o,M,46.3528477151754,5.352246737834927
201800014408,NonLethal,2018-04-18,18:20:00,Daylight,10,229,No,NoIntersection,Normal,Other,95 chemin des tronches,M,46.33113793373239,5.329822196084705
201800014409,NonLethal,2018-05-07,14:00:00,Daylight,10,266,Yes,X-type,Normal,2Vehicles-BehindVehicles-Frontal,Rue des serves,M,46.33300563429344,5.333234881285594
201800014410,NonLethal,2018-05-08,12:50:00,Daylight,10,163,Yes,NoIntersection,Normal,Other,150 rue du stade,M,46.37665139799004,5.379568931178773
201800014411,NonLethal,2018-05-24,14:10:00,Daylight,10,24,No,NoIntersection,Normal,3+Vehicles-Multiple,Route de Bourg,M,46.29624904785744,5.295241582514723
201800014412,NonLethal,2018-05-29,15:00:00,Daylight,10,115,No,NoIntersection,Normal,3+Vehicles-Multiple,L'effondras - RDl079,M,46.26084067085778,5.257175921100378
201800014413,NonLethal,2018-12-06,16:16:00,Daylight,10,266,Yes,Square,Normal,Other,place du Général DE GAUL,M,46.33710586053136,5.336188792451843
201800014414,Lethal,2018-06-17,13:20:00,Daylight,10,445,No,NoIntersection,Normal,2Vehicles-BehindVehicles-Frontal,Lieu dit Moulin des pont,M,46.32638523595976,5.327840948657677
201800014416,NonLethal,2018-06-25,16:00:00,Daylight,10,163,No,NoIntersection,Normal,Other,route d'Etrez,M,46.35485219645153,5.352589048333052
201800014417,NonLethal,2018-06-28,20:55:00,Daylight,10,140,No,NoIntersection,Normal,2Vehicles-Side,"Dl079, 2 route de Bourg",M,46.25164962800201,5.251074442219237
201800014418,NonLethal,2018-07-20,08:35:00,Daylight,10,364,No,NoIntersection,Normal,2Vehicles-BehindVehicles-Frontal,D80 A,M,46.36666082315326,5.3669538138914765
201800014419,NonLethal,2018-08-02,11:55:00,Daylight,10,40,No,T-type,Normal,2Vehicles-Behind,d26,M,46.37111968509841,5.369765019078905
201800014420,NonLethal,2018-08-03,05:30:00,TwilightOrDawn,10,24,Yes,NoIntersection,Normal,Other,246 Grande Rue,M,46.29156307675652,5.289973824762181
201800014421,NonLethal,2018-12-08,08:11:00,Daylight,10,391,No,NoIntersection,Normal,NoCollision,D 1083,M,46.367072077125215,5.3663010576159
201800014422,NonLethal,2018-08-30,13:40:00,Daylight,10,232,No,NoIntersection,Normal,Other,Lieu-dit les Devins,M,46.35518250374035,5.357995887816524
201800014424,Lethal,2018-09-20,18:15:00,Daylight,10,375,No,NoIntersection,Normal,NoCollision,RD 67,M,46.286839130076245,5.286243487782802
201800014425,NonLethal,2018-10-08,13:00:00,Daylight,10,130,No,NoIntersection,Normal,Other,Les Puthods,M,46.30280919373283,5.302752756921071
201800014427,NonLethal,2018-10-19,18:35:00,Daylight,10,108,Yes,Y-type,Normal,2Vehicles-BehindVehicles-Frontal,RD 86,M,46.37969240627533,5.380862631012579
201800014428,NonLethal,2018-10-27,04:30:00,NightNoStreetLight,10,236,No,T-type,LightRain,Other,route de saint didier,M,46.32527027329983,5.323472009909072
201800014429,NonLethal,2018-12-02,08:35:00,Daylight,10,346,No,NoIntersection,HeavyRain,Other,RD26,M,46.317219611135386,5.316389788930717
201800014430,NonLethal,2018-06-12,12:00:00,Daylight,10,24,No,X-type,LightRain,Other,ROUTE DE VIRIAT,M,46.28859506265463,5.290287335282002
201800014431,NonLethal,2018-12-08,16:20:00,Daylight,10,232,No,NoIntersection,LightRain,2Vehicles-BehindVehicles-Frontal,RD 996,M,46.33370304308709,5.334010430100051
201800014432,NonLethal,2018-12-21,19:00:00,NightNoStreetLight,10,232,No,NoIntersection,LightRain,NoCollision,RD86,M,46.35044992560924,5.350338398173327
201800014433,NonLethal,2018-09-03,11:11:00,Daylight,10,134,No,T-type,Normal,2Vehicles-Side,495 route de la madelein,M,46.27228466164553,4.272202814327089
201800014434,NonLethal,2018-03-23,06:00:00,TwilightOrDawn,10,305,Yes,X-type,Normal,2Vehicles-Side,39 rue de l'hôpital,M,46.434298024698776,4.437171749885486
201800014435,NonLethal,2018-04-22,18:35:00,Daylight,10,231,Yes,NoIntersection,Normal,Other,"D933, 970 grande route",M,46.35709533700001,4.356646027734485
201800014436,NonLethal,2018-05-15,19:40:00,Daylight,10,231,Yes,T-type,Normal,2Vehicles-Behind,grand' route,M,46.36290998847134,4.362499781399498
201800014437,NonLethal,2018-12-05,13:00:00,Daylight,10,305,Yes,Square,Normal,Other,rue du moulin,M,46.43164296048303,4.432129045933984
201800014438,NonLethal,2018-05-24,18:00:00,Daylight,10,134,No,Roundabout,Normal,Other,"D1079, rond point de l'a",M,46.29261356462334,4.295427341656739
201800014439,Lethal,2018-06-17,12:30:00,Daylight,10,179,No,Y-type,Normal,2Vehicles-BehindVehicles-Frontal,D51,M,46.26490001386155,4.265984482597264
201800014440,NonLethal,2018-01-07,08:00:00,Daylight,10,144,No,NoIntersection,Normal,2Vehicles-Behind,RD28,M,46.32105603561989,5.321253261862897
201800014441,NonLethal,2018-07-25,11:30:00,Daylight,10,134,No,NoIntersection,Normal,2Vehicles-Side,D933,M,46.279541102733,4.279566587153758
201800014443,NonLethal,2018-09-02,17:55:00,Daylight,10,305,No,NoIntersection,Normal,2Vehicles-Side,RD 933-A,M,46.448007581108186,4.446959839313689
201800014444,NonLethal,2018-04-12,10:55:00,Daylight,10,16,No,NoIntersection,Overcast,Other,le moulin du bief,M,46.47936726682418,4.477612636767431
201800014445,NonLethal,2018-12-08,17:45:00,NightNoStreetLight,10,25,No,NoIntersection,LightRain,2Vehicles-BehindVehicles-Frontal,lieu-dit Longecour,M,46.33099068733433,4.3288940987890765
201800014446,Lethal,2018-10-02,14:35:00,Daylight,10,316,No,NoIntersection,Normal,2Vehicles-BehindVehicles-Frontal,RD 1504,M,45.81942865473549,5.81986941508053
201800014448,NonLethal,2018-03-26,11:40:00,Daylight,10,338,No,T-type,Normal,2Vehicles-Behind,D19,M,45.67821330781041,5.675947000346716
201800014451,NonLethal,2018-07-24,14:30:00,Daylight,10,268,No,Y-type,Normal,2Vehicles-Behind,DÉPARTENTAL 992 - PK 7+5,M,45.64408835700774,5.644092921638536
201800014452,NonLethal,2018-08-01,17:45:00,Daylight,10,239,No,NoIntersection,Normal,2Vehicles-BehindVehicles-Frontal,route de parves,M,45.74935373662612,5.749137137909421