AccidentId,Gravity,Date,Hour,Light,Department,Commune,InAgglomeration,IntersectionType,Weather,CollisionType,PostalAddress,GPSCode,Latitude,Longitude
201800014453,NonLethal,2018-08-03,10:40:00,Daylight,10,98,Yes,NoIntersection,Normal,2Vehicles-Side,RD l504,M,45.80047433272177,5.800460266258591
201800014454,NonLethal,2018-08-11,17:50:00,NightStreelightsOn,10,294,No,X-type,Overcast,3+Vehicles-Chain,RD 992,M,45.68918781514181,5.6912474447427766
201800014456,NonLethal,2018-01-14,16:30:00,Daylight,10,118,No,NoIntersection,Normal,Other,RD 992 à hauteur du lieu,M,45.94204327912991,5.944470782349199
201800014457,NonLethal,2018-01-25,07:55:00,Daylight,10,133,No,NoIntersection,Normal,2Vehicles-BehindVehicles-Frontal,D 992,M,45.77689243965277,5.773769983495276
201800014458,NonLethal,2018-02-20,17:30:00,Daylight,10,10,No,NoIntersection,Normal,2Vehicles-BehindVehicles-Frontal,route départementale 992,M,45.924087798276,5.923453044269968
201800014460,NonLethal,2018-12-04,19:30:00,TwilightOrDawn,10,36,No,NoIntersection,Normal,NoCollision,route départementale 69,M,45.87593892424128,5.87604877866342
201800014461,NonLethal,2018-04-17,18:00:00,Daylight,10,22,Yes,T-type,Normal,Other,rue de lyon,M,45.86452302372547,5.863515008161296
201800014462,Lethal,2018-04-21,18:20:00,Daylight,10,415,No,NoIntersection,Normal,Other,Route départementale 904,M,45.8603829116667,5.861269302655746
201800014463,NonLethal,2018-04-29,01:20:00,NightStreelightsOn,10,22,Yes,NoIntersection,Normal,Other,rue de la Vellaz,M,45.87025959941745,5.871120166037738
201800014464,NonLethal,2018-05-21,17:30:00,Daylight,10,73,Yes,NoIntersection,Normal,Other,Lieu dit Le Catton,M,45.83348539798059,5.83382718057639
201800014465,NonLethal,2018-02-06,12:15:00,Daylight,10,10,Yes,T-type,Normal,Other,rue du Four,M,45.91091248273271,5.910446420949248
201800014466,NonLethal,2018-06-21,16:15:00,Daylight,10,138,Yes,NoIntersection,Normal,2Vehicles-Side,RD 37E,M,45.84354389977491,5.843600952379181
201800014467,NonLethal,2018-06-28,14:00:00,Daylight,10,82,No,NoIntersection,Normal,2Vehicles-BehindVehicles-Frontal,RD991,M,45.99745813560229,5.994952413338835
201800014468,Lethal,2018-07-15,09:30:00,Daylight,10,79,Yes,NoIntersection,Normal,NoCollision,route du château d'eau H,M,45.93218213451723,5.932145871716924
201800014469,NonLethal,2018-08-19,18:20:00,Daylight,10,138,No,NoIntersection,Normal,2Vehicles-Side,CD 992,M,45.83071065450781,5.8299227978837775
201800014470,NonLethal,2018-09-16,12:00:00,Daylight,10,414,No,NoIntersection,Normal,2Vehicles-BehindVehicles-Frontal,D 8 - Route du col de la,M,45.90944657580008,5.906865885145944
201800014471,NonLethal,2018-09-26,16:54:00,Daylight,10,10,No,NoIntersection,VeryGood,NoCollision,RD 120 Col du Grand Colo,M,45.90473044606293,5.903559332844524
201800014472,NonLethal,2018-09-28,07:55:00,TwilightOrDawn,10,118,No,X-type,Normal,2Vehicles-BehindVehicles-Frontal,456 Gde Route - D991A,M,45.94716492683981,5.947713773440443
201800014473,NonLethal,2018-11-24,21:30:00,NightStreelightsOn,10,442,Yes,NoIntersection,Normal,Other,109 route du valromey -d,M,45.88253812186325,5.883385490695269
201800014474,NonLethal,2018-03-05,09:55:00,Daylight,10,392,No,NoIntersection,Normal,NoCollision,lieu dit moulin du pont,M,46.26066938294163,5.260026729828363
201800014475,NonLethal,2018-02-08,20:20:00,NightNoStreetLight,10,181,Yes,T-type,Normal,2Vehicles-Behind,D111 - P.K. 1+000,M,46.22914079903821,5.230311037300175
201800014476,NonLethal,2018-03-23,13:18:00,Daylight,10,228,No,T-type,Normal,2Vehicles-Side,route de condamine,M,46.11987428353692,5.1202563566052985
201800014479,NonLethal,2018-04-26,17:45:00,Daylight,10,265,Yes,NoIntersection,Normal,2Vehicles-BehindVehicles-Frontal,9 rue de croze,M,46.18805497126104,5.187428193487272
201800014480,Lethal,2018-06-06,10:40:00,Daylight,10,265,Yes,NoIntersection,Normal,Other,51 Rue du landeyron,M,46.18176869870221,5.180868199092169
201800014482,Lethal,2018-07-24,13:45:00,Daylight,10,269,Yes,NoIntersection,Normal,Other,Rue Saint-Michel,M,46.156466873213006,5.158144127433588
201800014483,NonLethal,2018-08-28,14:40:00,Daylight,10,265,Yes,NoIntersection,Normal,Other,Avenue de Bresse,M,46.170770695897126,5.17233177785896
201800014484,NonLethal,2018-12-11,18:15:00,NightNoStreetLight,10,265,Yes,Roundabout,Normal,Other,Place Jean Coupat,M,46.18475596412568,5.186663628355212
201800014485,NonLethal,2018-01-29,17:00:00,TwilightOrDawn,10,200,No,NoIntersection,LightRain,NoCollision,pk56 D1084,M,46.09674481144114,5.098350835550819
201800014486,NonLethal,2018-04-16,16:45:00,Daylight,10,56,No,NoIntersection,Normal,NoCollision,D12,M,46.048408087258906,5.0490710649505965
201800014488,NonLethal,2018-04-05,17:13:00,Daylight,10,56,No,NoIntersection,Normal,NoCollision,RD 12,M,46.037748077321694,5.037461132297322
201800014489,NonLethal,2018-05-31,16:50:00,Daylight,10,273,Yes,NoIntersection,Normal,NoCollision,rue pierre goujon,M,46.07920443652001,5.0785803731639225
201800014490,NonLethal,2018-06-26,15:00:00,Daylight,10,273,No,T-type,Normal,2Vehicles-BehindVehicles-Frontal,RD 1084,M,46.07966189189417,5.07820952413126
201800014491,Lethal,2018-06-30,04:25:00,NightNoStreetLight,10,374,No,NoIntersection,Normal,Other,D1075,M,46.10039492249988,5.100832598144744
201800014492,NonLethal,2018-07-13,16:50:00,Daylight,10,363,Yes,NoIntersection,Normal,2Vehicles-Behind,RD 12 - route de Hautevi,M,46.034286973087504,5.033027059977977
201800014494,NonLethal,2018-05-08,09:55:00,Daylight,10,56,No,NoIntersection,Normal,NoCollision,D12 - chatillon de come,M,46.043831518854994,5.043248579540622
201800014497,NonLethal,2018-09-17,14:25:00,Daylight,10,363,Yes,T-type,Normal,NoCollision,Route de Genève,M,46.02890042234823,5.029001078997119
201800014498,NonLethal,2018-10-01,23:30:00,NightNoStreetLight,10,69,No,NoIntersection,Normal,Other,RD64,M,46.12597430971636,5.122580194944897
201800014499,NonLethal,2018-10-14,11:37:00,Daylight,10,68,No,NoIntersection,Normal,2Vehicles-BehindVehicles-Frontal,Route D1084,M,46.07827198399259,5.076113418273531
201800014501,Lethal,2018-11-10,17:15:00,NightStreelightsOn,10,273,Yes,NoIntersection,LightRain,Other,rue Pierre Goujon,M,46.07766191438961,5.080571606388233
201800014502,NonLethal,2018-11-15,18:25:00,NightStreelightsOn,10,363,Yes,Other,Normal,2Vehicles-Behind,route de Genève,M,46.03422069724402,5.034434343801386
201800014503,NonLethal,2018-11-19,13:10:00,Daylight,10,304,Yes,NoIntersection,Overcast,2Vehicles-Behind,21 rue Gabriel Vicaire,M,46.04177318914984,5.04168437216735
201800014504,NonLethal,2018-11-18,14:30:00,Daylight,10,430,Yes,NoIntersection,Overcast,Other,D984,M,46.04317293553713,5.043266936755905
201800014505,NonLethal,2018-12-05,07:00:00,TwilightOrDawn,10,304,Yes,NoIntersection,Normal,2Vehicles-Behind,Route de Bourg,M,46.0612166338248,5.060005966007128
201800014506,Lethal,2018-12-17,22:00:00,NightNoStreetLight,10,273,No,NoIntersection,Normal,Other,RD 1084 route de genève,M,46.0822735241768,5.080379490004804
201800014507,NonLethal,2018-02-28,15:50:00,Daylight,10,348,Yes,T-type,Overcast,2Vehicles-Side,535 Route de Bourg,M,46.17387780229058,4.176942844793352
201800014508,Lethal,2018-03-29,16:40:00,Daylight,10,83,No,NoIntersection,Normal,2Vehicles-BehindVehicles-Frontal,RD17,M,46.097232648487584,4.0958649656688655
201800014509,NonLethal,2018-04-09,18:30:00,Daylight,10,389,No,NoIntersection,Overcast,2Vehicles-BehindVehicles-Frontal,CD 27 - PK 12.640,M,46.06276900616388,4.063453891960083
201800014510,NonLethal,2018-04-11,19:30:00,NightNoStreetLight,10,389,No,NoIntersection,Normal,Other,lieu-dit Grand Champ,M,46.09708063987284,4.097144825195636
201800014513,NonLethal,2018-08-12,01:00:00,NightNoStreetLight,10,252,No,NoIntersection,Normal,NoCollision,D933,M,46.15977964995395,4.160212447436664
201800014514,NonLethal,2018-09-29,06:20:00,NightNoStreetLight,10,167,No,NoIntersection,Normal,2Vehicles-BehindVehicles-Frontal,Départementale 933,M,46.20271251441342,4.204143078518693
201800014516,NonLethal,2018-10-20,09:10:00,Daylight,10,83,No,NoIntersection,Normal,NoCollision,route de cesseins,M,46.07809688053245,4.078165326544571
201800014517,Lethal,2018-11-01,15:40:00,Daylight,10,389,No,NoIntersection,LightRain,NoCollision,D66,M,46.08840816220095,4.089226323452126
201800014518,NonLethal,2018-10-31,18:15:00,NightNoStreetLight,10,243,Yes,NoIntersection,Normal,3+Vehicles-Chain,D933,M,46.044875113283744,4.046286825612685
201800014520,NonLethal,2018-12-18,13:35:00,Daylight,10,348,Yes,T-type,Normal,2Vehicles-Side,D933,M,46.17272490332283,4.174469122420716
201800014523,NonLethal,2018-11-03,12:20:00,Daylight,150,83,Yes,Roundabout,Normal,2Vehicles-BehindVehicles-Frontal,Avenue du Pont d'Authre,M,44.99275213341066,2.9929849853509696
201800014524,NonLethal,2018-03-22,20:15:00,NightNoStreetLight,150,267,No,NoIntersection,Normal,Other,pont du bex RD45,M,44.91278516228026,2.916994248777529
201800014526,NonLethal,2018-06-04,08:30:00,Daylight,150,267,Yes,NoIntersection,Normal,Other,Rue du plomb du Cantal,M,44.90949909013068,2.9097605702923084
201800014527,NonLethal,2018-04-20,17:00:00,Daylight,150,267,No,NoIntersection,Normal,NoCollision,D18,M,44.90437732222088,2.9066472649198
201800014528,NonLethal,2018-04-24,17:33:00,Daylight,150,267,No,NoIntersection,VeryGood,2Vehicles-BehindVehicles-Frontal,8 Avenue de l'Égalité,M,44.913795880005615,2.919210400291381
201800014529,NonLethal,2018-12-06,14:00:00,Daylight,150,211,No,NoIntersection,Normal,2Vehicles-BehindVehicles-Frontal,RD 43,M,45.0167817412994,2.0180864660396
201800014531,NonLethal,2018-07-28,09:40:00,Daylight,150,233,Yes,NoIntersection,Overcast,NoCollision,Le bourg,M,44.97356717527243,2.973495129052645
201800014532,NonLethal,2018-09-14,15:40:00,Daylight,150,267,No,NoIntersection,Normal,2Vehicles-BehindVehicles-Frontal,Carrefour D18 D53,M,44.90716629067382,2.905568493320063
201800014533,NonLethal,2018-10-14,14:17:00,Daylight,150,175,No,NoIntersection,StrongWindOrStorm,2Vehicles-BehindVehicles-Frontal,ROUTE DEPARTEMENTALE 160,M,45.04920786526316,2.0482949369395502
201800014535,NonLethal,2018-10-21,08:05:00,Daylight,150,267,No,NoIntersection,Normal,Other,RD18 PK 2 +100,M,44.91643670260932,2.915789529060929
201800014536,NonLethal,2018-10-31,15:50:00,Daylight,150,221,No,NoIntersection,LightRain,Other,RD 922,M,44.89016856851367,2.8893973956350085
201800014537,Lethal,2018-11-27,17:40:00,TwilightOrDawn,150,267,No,NoIntersection,Normal,Other,D145,M,44.893431411507805,2.892470236287258
201800014538,NonLethal,2018-03-14,11:50:00,Daylight,150,147,No,NoIntersection,Normal,2Vehicles-Side,lieu dit soulaques,M,44.84410213226424,2.8451403724432938
201800014539,NonLethal,2018-03-17,13:50:00,Daylight,150,157,No,NoIntersection,SnowOrHail,3+Vehicles-Multiple,RN122 PK 11+900,M,44.76164314800096,2.762679847040056
201800014540,NonLethal,2018-05-06,19:04:00,TwilightOrDawn,150,184,Yes,NoIntersection,LightRain,2Vehicles-Side,D519,M,44.71720265329714,2.716553566577217
201800014541,NonLethal,2018-07-08,15:00:00,Daylight,150,21,No,NoIntersection,Normal,2Vehicles-BehindVehicles-Frontal,D51,M,44.78727804316763,2.785853628976454
201800014543,NonLethal,2018-10-19,17:55:00,TwilightOrDawn,150,196,No,NoIntersection,Normal,2Vehicles-Side,RN 122 - PK 33+200,M,44.86962806345647,2.870478920404586
201800014544,NonLethal,2018-07-18,15:50:00,Daylight,150,234,No,NoIntersection,Normal,NoCollision,Grignac - D32,M,44.8300629727158,2.8300564946295497
201800014545,NonLethal,2018-08-16,04:05:00,NightStreelightsOn,150,134,Yes,NoIntersection,Normal,Other,13 avenue lucie Colomb,M,44.70270208767598,2.705396656100315
201800014547,NonLethal,2018-05-21,18:35:00,Daylight,150,236,No,NoIntersection,Normal,Other,Départementale 359,M,45.00017753492492,2.0005160961031376
201800014550,NonLethal,2018-08-08,19:20:00,Daylight,150,81,No,NoIntersection,Normal,NoCollision,"Lieu-dit ""Monjou""",M,44.93995011267271,2.9416369319643407
201800014551,NonLethal,2018-08-11,15:35:00,Daylight,150,236,No,NoIntersection,Normal,2Vehicles-Side,ROUTE NATIONALE 122,M,45.02031373172097,2.01977832296062
201800014552,NonLethal,2018-01-02,10:15:00,Daylight,150,153,Yes,NoIntersection,HeavyRain,Other,D6 rue d'entassit,M,45.13616833764368,2.1351686128420613
201800014553,NonLethal,2018-04-08,15:06:00,Daylight,150,10,No,NoIntersection,Normal,NoCollision,le moulin de vézac,M,45.27646482648301,2.2765770502522464
201800014554,NonLethal,2018-08-24,21:00:00,TwilightOrDawn,150,63,No,NoIntersection,Normal,2Vehicles-BehindVehicles-Frontal,D922 PK 36,M,45.15735911143899,2.1609651904985805
201800014556,Lethal,2018-12-28,20:40:00,NightNoStreetLight,150,79,No,NoIntersection,FogOrSmoke,NoCollision,lavaurs,M,45.25795412969936,2.2579361654877808
201800014558,Lethal,2018-07-26,09:50:00,Daylight,150,124,No,NoIntersection,Normal,2Vehicles-BehindVehicles-Frontal,D36,M,45.30055882198879,2.30056531709465
201800014560,NonLethal,2018-02-18,18:00:00,Daylight,150,174,No,NoIntersection,Normal,Other,RD 22,M,45.15996488919378,2.1612464733085326
201800014561,NonLethal,2018-03-07,14:45:00,Daylight,150,202,No,NoIntersection,SnowOrHail,2Vehicles-BehindVehicles-Frontal,CD 922 - PK 30+800,M,45.12085855968038,2.121983568367468
201800014562,NonLethal,2018-04-22,10:15:00,Daylight,150,70,No,NoIntersection,Normal,NoCollision,Route de St Chamant RD 1,M,45.10769140971175,2.1086786138347144
201800014563,NonLethal,2018-09-06,20:34:00,Daylight,150,6,Yes,NoIntersection,Normal,NoCollision,le bourg,M,45.2028784402408,2.206282971439524
201800014565,NonLethal,2018-04-08,15:00:00,Daylight,150,176,No,NoIntersection,Normal,Other,Auzeral,M,45.09937977304126,2.099530229264312
201800014566,NonLethal,2018-12-18,16:25:00,Daylight,150,202,No,NoIntersection,Normal,2Vehicles-Side,quatre routes de salers,M,45.13095794312928,2.1296146357143537
201800014567,NonLethal,2018-01-01,07:00:00,NightNoStreetLight,150,111,No,NoIntersection,LightRain,NoCollision,bois de la barrade,M,45.36887595212286,2.3663217488287565
201800014568,NonLethal,2018-02-16,09:05:00,Daylight,150,250,No,NoIntersection,LightRain,Other,Départementale 3,M,45.35672445353744,2.3565973948523022
201800014569,NonLethal,2018-05-03,06:30:00,NightNoStreetLight,150,169,Yes,NoIntersection,Other,NoCollision,rue de l'Hotel de ville,M,45.33822116482718,2.337912428306816
201800014570,NonLethal,2018-07-07,20:50:00,Daylight,150,38,No,NoIntersection,Normal,2Vehicles-Side,Larmance,M,45.39590760962226,2.395698972336173
201800014571,NonLethal,2018-09-08,07:30:00,TwilightOrDawn,150,19,No,NoIntersection,Overcast,Other,Vendes,M,45.29677571974312,2.295319748646473
201800014572,NonLethal,2018-08-09,13:15:00,Daylight,150,92,Yes,NoIntersection,LightRain,Other,route de morange,M,45.43329917084815,2.431789362217992
201800014574,NonLethal,2018-12-17,11:15:00,Daylight,190,28,No,NoIntersection,LightRain,Other,D 430,M,45.37698786006332,2.3775506428050592
201800014575,NonLethal,2018-03-13,17:10:00,Daylight,150,187,Yes,NoIntersection,VeryGood,2Vehicles-Behind,37 avenue de la Républiq,M,45.03303599538782,3.033232079555362
201800014576,NonLethal,2018-05-07,12:03:00,Daylight,150,187,Yes,T-type,Normal,2Vehicles-BehindVehicles-Frontal,Avenue de Verdun,M,45.03260452585144,3.0310228483271904
201800014577,NonLethal,2018-05-18,16:35:00,Daylight,150,4,No,NoIntersection,Normal,2Vehicles-Behind,Sebeuge,M,45.06816226637032,3.0686570657098198
201800014578,NonLethal,2018-07-31,19:30:00,Daylight,150,51,No,NoIntersection,Normal,NoCollision,Chirol,M,44.975292688041456,3.976418868039348
201800014579,NonLethal,2018-11-24,11:40:00,Daylight,150,187,Yes,NoIntersection,Overcast,Other,rue du 11 novembre,M,45.03319476205436,3.031394628548424
201800014581,NonLethal,2018-04-14,03:00:00,NightNoStreetLight,150,7,No,NoIntersection,Normal,Other,RD 989,M,44.82279231968496,3.8246220606851584
201800014583,NonLethal,2018-06-07,07:55:00,Daylight,150,148,No,NoIntersection,Normal,2Vehicles-BehindVehicles-Frontal,LIEU-DIT LA SALESSE,M,45.00293972301375,2.0011143076374247
201800014584,NonLethal,2018-06-30,10:15:00,Daylight,150,7,No,T-type,Normal,2Vehicles-Side,LIEU DIT LACOMBE,M,44.84119046422425,3.841179709719919
201800014585,NonLethal,2018-07-05,19:00:00,Daylight,150,33,No,NoIntersection,Normal,Other,D65,M,45.005377985122976,2.0046628437570293
201800014587,NonLethal,2018-08-11,19:30:00,Daylight,150,139,No,NoIntersection,Normal,NoCollision,Rd 990 - Pont de la Viei,M,44.93079269032879,2.931405126619868
201800014588,NonLethal,2018-08-26,17:00:00,Daylight,150,142,No,NoIntersection,Normal,2Vehicles-Behind,carrefour D921/D48,M,44.92538143939744,3.9247307245860896
201800014589,NonLethal,2018-12-28,15:00:00,Daylight,150,142,No,NoIntersection,Overcast,2Vehicles-BehindVehicles-Frontal,D921,M,44.98495044000455,3.9849392886819808
201800014590,Lethal,2018-05-08,12:45:00,Daylight,150,203,No,NoIntersection,HeavyRain,NoCollision,"CD 909, PR 12 + 013",M,45.174211453803565,3.175445428304648
201800014591,NonLethal,2018-05-24,11:50:00,Daylight,150,203,No,NoIntersection,Normal,NoCollision,Anval,M,45.17776608788729,3.1779356933762077
201800014592,Lethal,2018-06-11,18:00:00,Daylight,150,31,No,NoIntersection,Normal,Other,D34 (DEPARTEMENTALE),M,45.101793789353785,2.101797410078591
201800014593,NonLethal,2018-04-09,22:20:00,NightStreelightsOn,150,119,Yes,NoIntersection,Normal,NoCollision,91B avenue du Général DE,M,45.25919791877436,3.260056314944322
201800014594,NonLethal,2018-09-09,12:00:00,Daylight,150,127,No,Other,Normal,NoCollision,CD 344,M,45.2302708055686,3.229170984013654
201800014596,NonLethal,2018-11-16,17:50:00,NightNoStreetLight,150,119,Yes,NoIntersection,Normal,Other,53 Avenue du Général de,M,45.2537490684697,3.2541450663750187
201800014597,NonLethal,2018-10-12,10:00:00,Daylight,150,203,No,NoIntersection,LightRain,Other,Croisement D410 / Voie c,M,45.18302941241852,3.181155511262705
201800014599,NonLethal,2018-04-02,07:00:00,NightNoStreetLight,150,1,No,NoIntersection,Normal,NoCollision,bois de maillargues D39,M,45.19762078725022,2.1940321266545117
201800014600,NonLethal,2018-12-02,17:33:00,Daylight,150,244,No,NoIntersection,Normal,3+Vehicles-Multiple,Luc d'ussel,M,45.06586337209415,2.065422276043956
201800014601,Lethal,2018-07-04,16:45:00,Daylight,150,101,No,NoIntersection,Normal,2Vehicles-BehindVehicles-Frontal,Lieu dit FRAISSE-BAS,M,45.11376186331288,2.1148302379779484
201800014602,NonLethal,2018-06-09,00:20:00,NightStreelightsOn,150,138,Yes,NoIntersection,Other,Other,"D926, PR +450, rue du Fa",M,45.10854007095268,2.1084925570999027
201800014603,NonLethal,2018-11-23,02:50:00,NightNoStreetLight,150,101,No,NoIntersection,Other,2Vehicles-Side,nationale 122,M,45.0870052020491,2.089645954771528
201800014604,NonLethal,2018-12-29,14:30:00,Daylight,150,41,No,NoIntersection,Normal,2Vehicles-Side,RN 122,M,45.111053610461305,2.114549800530756
201800014605,NonLethal,2018-05-15,05:00:00,NightNoStreetLight,30,312,No,NoIntersection,FogOrSmoke,Other,RD 11,M,46.48710804059605,2.4877780993342573
201800014606,NonLethal,2018-08-24,17:45:00,Daylight,30,36,Yes,T-type,Normal,2Vehicles-Side,rue des thermes,M,46.58445538905921,3.583594511653064
201800014608,NonLethal,2018-04-08,10:15:00,Daylight,30,124,Yes,NoIntersection,Normal,Other,3 route de Saint-Voir,M,46.410853956665136,3.4108855936080538
201800014609,NonLethal,2018-05-18,11:45:00,Daylight,30,180,No,NoIntersection,Normal,3+Vehicles-Multiple,RD 12,M,46.5285678785173,3.528613172627418
201800014610,NonLethal,2018-07-14,05:35:00,TwilightOrDawn,30,25,No,NoIntersection,Normal,Other,RN7 lieu dit L'ouche Tir,M,46.46632852906343,3.4670167656357687
201800014611,NonLethal,2018-07-23,04:45:00,NightNoStreetLight,30,180,No,NoIntersection,Normal,Other,RD12,M,46.528856230206365,3.530345253763598
201800014612,NonLethal,2018-07-26,05:00:00,TwilightOrDawn,30,180,No,NoIntersection,Normal,3+Vehicles-Multiple,"RN 79, PK 41+500",M,46.509633110628734,3.50845529534356
201800014613,NonLethal,2018-08-26,18:25:00,Daylight,30,25,Yes,NoIntersection,VeryGood,NoCollision,rue René Fallet,M,46.43997300961517,3.439149898489166
201800014614,NonLethal,2018-01-28,11:30:00,Daylight,30,26,No,NoIntersection,Normal,2Vehicles-Side,Les pierroux,M,46.45770855980318,3.4573447326544446
201800014615,NonLethal,2018-01-21,14:30:00,Daylight,30,292,Yes,X-type,LightRain,2Vehicles-Side,rue de la gare,M,46.42118667404263,3.4214515619896404
201800014616,NonLethal,2018-04-11,17:45:00,Daylight,30,2,No,X-type,Normal,NoCollision,RD 54,M,46.60316948833557,3.6013044895339146
201800014617,NonLethal,2018-05-14,16:45:00,Daylight,30,214,No,NoIntersection,LightRain,Other,RD 22 PK 24.000,M,46.43365247095886,3.431524848226182
201800014618,Lethal,2018-01-06,17:00:00,Daylight,30,92,No,NoIntersection,Normal,NoCollision,couture,M,46.453376349154105,3.451919291467607
201800014619,NonLethal,2018-07-03,15:30:00,Daylight,30,247,No,NoIntersection,Normal,NoCollision,RD 953,M,46.59193878360325,3.59287300036217
201800014620,NonLethal,2018-09-08,13:15:00,Daylight,30,275,No,NoIntersection,Normal,NoCollision,RD 73 PK 8,M,46.53223655240732,3.5312560550628724
201800014621,NonLethal,2018-08-25,18:20:00,Daylight,30,2,No,NoIntersection,Normal,NoCollision,intersection RD 13 RD 58,M,46.640558447623874,3.63995417031029
201800014622,NonLethal,2018-10-20,12:45:00,Daylight,30,275,Yes,T-type,Normal,2Vehicles-Side,20 Route de Moulins,M,46.53734311819758,3.537399858641925
201800014623,NonLethal,2018-12-18,08:45:00,Daylight,30,2,No,NoIntersection,Other,NoCollision,RD 133,M,46.63917160436807,3.6398072956097858
201800014624,NonLethal,2018-02-02,15:50:00,Daylight,30,259,No,NoIntersection,Normal,2Vehicles-BehindVehicles-Frontal,La Vierne,M,46.384898836446496,2.3831150539138872
201800014625,NonLethal,2018-02-07,08:15:00,TwilightOrDawn,30,217,No,NoIntersection,SnowOrHail,3+Vehicles-Multiple,RD 39,M,46.35978818529325,2.3611340554240727
201800014627,NonLethal,2018-04-02,13:28:00,Daylight,30,136,No,NoIntersection,Normal,Other,RN 145,M,46.30511207674319,2.3069850682877866
201800014628,NonLethal,2018-05-20,14:00:00,Daylight,30,301,No,NoIntersection,Normal,NoCollision,CD 114 PK 9+100,M,46.40899710883775,2.408356096673589
201800014629,Lethal,2018-06-20,14:40:00,Daylight,30,305,No,NoIntersection,Normal,2Vehicles-BehindVehicles-Frontal,Route départementale 302,M,46.39886536754688,2.397612544813273
201800014630,NonLethal,2018-06-28,08:45:00,Daylight,30,195,Yes,Roundabout,VeryGood,2Vehicles-Side,Rond Point des Arènes,M,46.28810153924117,2.289704061755613
201800014631,NonLethal,2018-07-20,00:10:00,NightNoStreetLight,30,195,No,Y-type,Normal,Other,Meneveaux,M,46.28499788689707,2.285509953478438
201800014632,NonLethal,2018-02-08,23:30:00,NightNoStreetLight,30,279,Yes,NoIntersection,Normal,NoCollision,12 grande rue,M,46.26995221912417,2.2694178708634354
201800014633,NonLethal,2018-09-27,16:00:00,Daylight,30,195,No,X-type,Normal,3+Vehicles-Multiple,Les Cotes Rousses,M,46.29056086720962,2.29102476681522
201800014634,NonLethal,2018-10-25,10:30:00,Daylight,30,195,Yes,NoIntersection,Normal,Other,RD 2144,M,46.28794376753775,2.2896017559180764
201800014635,NonLethal,2018-10-25,20:30:00,NightNoStreetLight,30,195,No,NoIntersection,FogOrSmoke,NoCollision,RD 2144,M,46.27591529084598,2.2767085296474163
201800014636,NonLethal,2018-10-12,07:40:00,NightNoStreetLight,30,217,Yes,NoIntersection,LightRain,NoCollision,rue roc du saint,M,46.34204642746902,2.3416264169791
201800014638,NonLethal,2018-09-10,18:45:00,Daylight,30,158,No,NoIntersection,Normal,Other,Le Petit Mazeau,M,46.439054972428536,2.438807416308105
201800014639,NonLethal,2018-10-20,15:40:00,Daylight,30,37,No,NoIntersection,Normal,NoCollision,LE PATOUILLARD,M,46.66193089232158,2.6610295067533847
201800014642,NonLethal,2018-01-24,11:20:00,Daylight,30,82,Yes,NoIntersection,Normal,NoCollision,15 rue du docteur Fabre,M,46.29239792550279,2.293178420238342
201800014643,NonLethal,2018-02-16,09:52:00,Daylight,30,82,Yes,NoIntersection,Normal,Other,04 rue Jean Jaures,M,46.2888969963678,2.2896892191246634
201800014644,NonLethal,2018-03-07,09:55:00,Daylight,30,82,Yes,NoIntersection,Normal,2Vehicles-BehindVehicles-Frontal,rue du vieux bourg,M,46.2884536187432,2.2909468906035864
201800014645,NonLethal,2018-04-26,16:35:00,Daylight,30,159,No,Roundabout,Normal,2Vehicles-Side,La Brande,M,46.30416991505134,2.304950347824942
201800014646,NonLethal,2018-07-11,14:00:00,Daylight,30,106,No,NoIntersection,Normal,Other,RD 1089,M,46.24223528230005,2.239970010179796
201800014648,NonLethal,2018-08-03,08:35:00,Daylight,30,52,No,NoIntersection,Normal,2Vehicles-Side,lieu-dit Belle Chassagne,M,46.336479221077205,2.335520097333883
201800014649,NonLethal,2018-09-02,17:30:00,Daylight,30,106,No,NoIntersection,Normal,2Vehicles-BehindVehicles-Frontal,les chiez,M,46.26155620183352,2.2609380314565186
201800014650,NonLethal,2018-09-04,15:05:00,Daylight,30,82,Yes,NoIntersection,Normal,Other,"49, Rue des Ecoles",M,46.27397896646031,2.2732298591310807
201800014651,NonLethal,2018-10-16,20:45:00,NightNoStreetLight,30,161,No,NoIntersection,Normal,Other,Les ribieres basses,M,46.188698099178886,2.1889364855423925