AccidentId,Gravity,Date,Hour,Light,Department,Commune,InAgglomeration,IntersectionType,Weather,CollisionType,PostalAddress,GPSCode,Latitude,Longitude
201800014652,NonLethal,2018-11-30,15:35:00,Daylight,30,82,Yes,NoIntersection,LightRain,Other,rue geneviève vincent,M,46.29175163198379,2.2922765396934626
201800014653,NonLethal,2018-12-10,16:00:00,Daylight,30,129,No,NoIntersection,Normal,NoCollision,RD 108 route de la gare,M,46.28023258515651,2.2772695069187447
201800014654,NonLethal,2018-12-25,20:45:00,NightNoStreetLight,30,231,No,NoIntersection,Normal,Other,le bourg,M,46.145962876811794,2.146085910856226
201800014655,Lethal,2018-12-30,06:00:00,NightNoStreetLight,30,52,No,NoIntersection,Normal,Other,CHEMIN DU BOIS DE LA MOT,M,46.33362565387439,2.336845822762648
201800014656,NonLethal,2018-02-23,18:30:00,NightNoStreetLight,30,258,No,NoIntersection,Normal,NoCollision,9 rue des bats,M,46.18321868305253,3.184786550226272
201800014657,NonLethal,2018-03-31,11:45:00,Daylight,30,126,No,NoIntersection,Normal,2Vehicles-Side,D906,M,46.07605372903664,3.077511372274349
201800014658,NonLethal,2018-08-04,13:25:00,Daylight,30,44,No,NoIntersection,LightRain,2Vehicles-BehindVehicles-Frontal,Les Varennes,M,46.08057317757071,3.07969841291783
201800014659,NonLethal,2018-05-02,23:30:00,NightNoStreetLight,30,304,Yes,NoIntersection,Normal,Other,40 rue de St Rémy,M,46.1704851792212,3.171021446112988
201800014661,NonLethal,2018-10-06,19:18:00,Daylight,30,29,Yes,NoIntersection,LightRain,2Vehicles-Side,route de varennes -N209,M,46.23178296969763,3.231214066777373
201800014662,NonLethal,2018-06-23,16:00:00,Daylight,30,258,No,NoIntersection,Normal,2Vehicles-Side,départementale 67,M,46.17619170051297,3.178431518953739
201800014663,NonLethal,2018-07-22,17:35:00,Daylight,30,258,Yes,NoIntersection,Normal,2Vehicles-BehindVehicles-Frontal,rd 67,M,46.19295871169873,3.192583727772276
201800014664,NonLethal,2018-08-14,17:40:00,Daylight,30,60,Yes,X-type,Normal,Other,6 rte de saint Pourçain,M,46.15148956383775,3.1529783287969835
201800014666,Lethal,2018-03-05,19:00:00,TwilightOrDawn,30,118,No,NoIntersection,Normal,2Vehicles-Side,RD 327,M,46.11265999890077,3.1095096004217524
201800014667,NonLethal,2018-03-09,20:41:00,NightNoStreetLight,30,107,No,NoIntersection,Normal,Other,route de chouvigny,M,46.11095418872215,3.1110325628854896
201800014668,NonLethal,2018-11-04,23:45:00,NightNoStreetLight,30,107,No,NoIntersection,Normal,NoCollision,lieu dit les devots,M,46.1132839953973,3.1135611669926195
201800014670,NonLethal,2018-12-05,11:48:00,Daylight,30,118,Yes,NoIntersection,Normal,2Vehicles-BehindVehicles-Frontal,46 avenue saint james,M,46.09463840813589,3.0945023721936216
201800014671,NonLethal,2018-05-13,17:50:00,Daylight,30,118,Yes,NoIntersection,Overcast,2Vehicles-BehindVehicles-Frontal,avenue Jean Jaurès,M,46.0973042606373,3.0972627010800107
201800014672,NonLethal,2018-05-26,05:40:00,TwilightOrDawn,30,109,No,NoIntersection,Normal,Other,RD 36,M,46.15410381088304,3.155742827536828
201800014673,NonLethal,2018-06-19,05:30:00,TwilightOrDawn,30,118,Yes,NoIntersection,Normal,Other,65 avenue Saint James,M,46.09546190954208,3.0954163445702894
201800014675,NonLethal,2018-03-07,12:40:00,Daylight,30,30,No,NoIntersection,VeryGood,NoCollision,RD 119,M,46.075919056054985,3.0747768522772545
201800014676,NonLethal,2018-04-08,16:50:00,Daylight,30,107,Yes,X-type,VeryGood,2Vehicles-Side,route de chouvigny,M,46.11592883189362,3.114597523606757
201800014677,NonLethal,2018-08-16,15:45:00,Daylight,30,43,No,NoIntersection,Normal,2Vehicles-BehindVehicles-Frontal,RD 2009,M,46.20207907838861,3.202730509860526
201800014678,NonLethal,2018-09-20,18:20:00,Daylight,30,164,No,T-type,VeryGood,2Vehicles-Side,RD 2009,M,46.17799461187019,3.180178474926278
201800014679,NonLethal,2018-03-10,12:25:00,Daylight,30,164,No,X-type,LightRain,NoCollision,rd 215,M,46.163037012441,3.1635055299680093
201800014680,NonLethal,2018-10-22,13:48:00,Daylight,30,109,Yes,NoIntersection,Normal,2Vehicles-BehindVehicles-Frontal,Rue du Grand domaine,M,46.14574438307305,3.148293943315687
201800014681,NonLethal,2018-10-27,09:45:00,Daylight,30,43,No,NoIntersection,LightRain,2Vehicles-BehindVehicles-Frontal,les dacs,M,46.19449030543348,3.194260517885225
201800014682,NonLethal,2018-11-11,12:30:00,Daylight,30,133,Yes,NoIntersection,Normal,2Vehicles-BehindVehicles-Frontal,21 route de Mazerier,M,46.15525972427322,3.153910137859729
201800014683,NonLethal,2018-12-19,14:30:00,Daylight,30,268,Yes,T-type,Overcast,2Vehicles-Side,rue des bernards,M,46.13361685716387,3.134682570363586
201800014684,Lethal,2018-12-22,22:05:00,NightNoStreetLight,30,30,No,NoIntersection,Normal,2Vehicles-BehindVehicles-Frontal,RD 984,M,46.07092459391362,3.0716843389647117
201800014685,NonLethal,2018-02-01,14:45:00,Daylight,30,103,No,NoIntersection,LightRain,NoCollision,rue de l'épine,M,46.35161931306951,3.352071531653364
201800014686,NonLethal,2018-01-15,16:00:00,Daylight,30,103,Yes,Other,Normal,NoCollision,Avenue Honoré Preveraud,M,46.34890587639594,3.3519864268168256
201800014688,Lethal,2018-07-03,18:10:00,Daylight,30,138,No,NoIntersection,Normal,2Vehicles-BehindVehicles-Frontal,RD 907,M,46.23883394985789,3.237042211270894
201800014689,NonLethal,2018-03-17,17:00:00,Daylight,30,257,No,NoIntersection,Normal,2Vehicles-BehindVehicles-Frontal,D7,M,46.20866042389624,3.2081819662106787
201800014690,NonLethal,2018-04-09,23:00:00,NightNoStreetLight,30,138,No,NoIntersection,Normal,Other,N 7,M,46.24619056729879,3.248129013124608
201800014691,NonLethal,2018-04-11,15:15:00,Daylight,30,230,No,X-type,Normal,2Vehicles-Side,les landes,M,46.19312033955301,3.192938240530707
201800014692,NonLethal,2018-05-06,15:00:00,Daylight,30,154,No,Other,Normal,2Vehicles-BehindVehicles-Frontal,les près,M,46.36527917538893,3.365530149192804
201800014693,NonLethal,2018-05-08,19:45:00,TwilightOrDawn,30,138,No,NoIntersection,Normal,NoCollision,chez mafoy,M,46.28307837611405,3.2809549894747096
201800014694,NonLethal,2018-05-20,11:30:00,Daylight,30,289,No,NoIntersection,Normal,2Vehicles-Behind,RD 480,M,46.36604670656322,3.3678300506880694
201800014695,Lethal,2018-02-06,12:20:00,Daylight,30,272,No,NoIntersection,Normal,NoCollision,Chez Salot,M,46.28287413449622,3.281710913273067
201800014696,NonLethal,2018-04-07,16:15:00,Daylight,30,272,No,T-type,Normal,2Vehicles-BehindVehicles-Frontal,les giraudes,M,46.285316517775485,3.2843124715629117
201800014697,NonLethal,2018-07-05,12:05:00,Daylight,30,239,No,NoIntersection,LightRain,NoCollision,LA CROIX DES TOURNUS,M,46.396298285323255,3.3976034320553854
201800014698,NonLethal,2018-07-13,20:20:00,Daylight,30,103,Yes,NoIntersection,Normal,NoCollision,l Rue Robert Ganteret,M,46.3532116335094,3.3524947635735707
201800014699,NonLethal,2018-07-13,15:35:00,Daylight,30,240,No,NoIntersection,Normal,NoCollision,l'Haut,M,46.43180096787645,3.429577459843132
201800014701,NonLethal,2018-07-25,18:00:00,Daylight,30,138,Yes,X-type,Normal,2Vehicles-BehindVehicles-Frontal,rue jean macé,M,46.24972548178307,3.2503996182481893
201800014703,NonLethal,2018-10-22,17:20:00,Daylight,30,208,No,NoIntersection,Normal,Other,LIEU-DIT LA MAISON BRULE,M,46.41754767942421,3.418384422611091
201800014704,NonLethal,2018-10-31,10:15:00,Daylight,30,208,No,NoIntersection,Normal,2Vehicles-BehindVehicles-Frontal,lieu-dit La barrièr,M,46.426755967555245,3.4280760448797216
201800014706,NonLethal,2018-11-23,10:45:00,Daylight,30,138,No,T-type,Normal,2Vehicles-Side,maison rouge,M,46.24180389652538,3.2403695405291844
201800014708,NonLethal,2018-02-15,14:15:00,Daylight,30,254,Yes,X-type,Normal,2Vehicles-Side,Boulevard Ledru Rollin,M,46.30901208185288,3.3089289732088645
201800014709,NonLethal,2018-07-15,14:30:00,Daylight,30,254,Yes,NoIntersection,Normal,NoCollision,RUE DE L ACIER,M,46.31623275535252,3.316581128644775
201800014710,NonLethal,2018-07-19,12:15:00,Daylight,30,18,No,NoIntersection,VeryGood,NoCollision,"Lieu dit ""Les bouillots""",M,46.26511765009039,3.2651463141792347
201800014711,NonLethal,2018-07-29,09:55:00,Daylight,30,175,No,NoIntersection,Normal,Other,RD 22,M,46.28250118702623,3.282417115821888
201800014712,NonLethal,2018-08-10,21:40:00,TwilightOrDawn,30,176,No,NoIntersection,Normal,2Vehicles-BehindVehicles-Frontal,la cote de l'auge,M,46.37508436479122,3.377873685381198
201800014713,Lethal,2018-08-24,06:54:00,NightNoStreetLight,30,227,No,NoIntersection,Overcast,Other,D130,M,46.24934974859562,3.2473823963989195
201800014714,NonLethal,2018-09-07,23:55:00,NightNoStreetLight,30,267,No,NoIntersection,Normal,NoCollision,D115 rue des allées,M,46.333160334745045,3.332456025524507
201800014715,NonLethal,2018-10-22,08:22:00,TwilightOrDawn,30,254,Yes,Roundabout,Normal,NoCollision,faubourg paluet,M,46.3055935515258,3.3061532947119874
201800014716,NonLethal,2018-10-23,17:50:00,Daylight,30,18,No,NoIntersection,Normal,NoCollision,RD 2009,M,46.27714921906362,3.2785869851956666
201800014717,NonLethal,2018-11-11,13:45:00,Daylight,30,204,No,X-type,Normal,2Vehicles-BehindVehicles-Frontal,RD46,M,46.31965562831953,3.3211273022294856
201800014718,NonLethal,2018-11-14,12:30:00,Daylight,30,254,Yes,NoIntersection,Normal,Other,route de Montmarault,M,46.31130129969849,3.311948300901168
201800014719,NonLethal,2018-01-28,14:25:00,Daylight,840,23,No,T-type,Normal,2Vehicles-Side,RD 943,M,43.82353495625538,5.825848456481559
201800014720,NonLethal,2018-05-04,18:15:00,Daylight,840,51,No,NoIntersection,Normal,2Vehicles-Side,"D104A, Quartier les Comb",M,43.87882006337024,5.879969474843699
201800014721,NonLethal,2018-02-05,01:30:00,NightNoStreetLight,840,50,No,NoIntersection,Normal,Other,CD 2 quartier BEAUVALLON,M,43.897558550992265,5.898439839332426
201800014722,NonLethal,2018-08-06,08:35:00,Daylight,840,102,No,NoIntersection,Normal,Other,RD 2,M,43.90091902870172,5.9023954097318665
201800014723,NonLethal,2018-06-17,06:30:00,TwilightOrDawn,840,20,No,X-type,Normal,2Vehicles-BehindVehicles-Frontal,Départementale 36,M,43.845872677259,5.845674815694706
201800014724,NonLethal,2018-06-23,09:55:00,Daylight,840,50,Yes,NoIntersection,Normal,Other,D15,M,43.91029163241537,5.911485091873248
201800014725,NonLethal,2018-06-30,15:30:00,Daylight,840,102,No,NoIntersection,Normal,2Vehicles-Behind,quartier peyroarde,M,43.86276791300767,5.8644137329073605
201800014726,NonLethal,2018-01-24,07:50:00,Daylight,840,10,No,NoIntersection,Normal,2Vehicles-BehindVehicles-Frontal,D973,M,43.69847822282655,5.6978940547131405
201800014727,Lethal,2018-06-02,21:00:00,NightNoStreetLight,840,89,Yes,NoIntersection,LightRain,Other,voie communale saint roc,M,43.68616540550519,5.687345119810187
201800014728,NonLethal,2018-02-19,21:00:00,NightNoStreetLight,840,133,No,NoIntersection,Normal,NoCollision,RD 91,M,43.73072098010597,5.728587973894772
201800014729,NonLethal,2018-03-07,14:45:00,Daylight,840,76,No,NoIntersection,Normal,2Vehicles-Side,D996,M,43.70106013085618,5.699867840020783
201800014730,NonLethal,2018-03-15,16:20:00,TwilightOrDawn,840,14,No,NoIntersection,LightRain,2Vehicles-BehindVehicles-Frontal,D996,M,43.71734182468075,5.718534392461248
201800014731,NonLethal,2018-04-17,15:45:00,Daylight,840,10,No,NoIntersection,Normal,Other,chemin de galance,M,43.69036382107526,5.689683843638807
201800014732,NonLethal,2018-04-20,23:55:00,NightNoStreetLight,840,76,No,NoIntersection,Normal,Other,D996,M,43.700667829711136,5.700797325554573
201800014733,NonLethal,2018-05-18,15:50:00,Daylight,840,9,No,T-type,Normal,Other,Voie communale de Chanca,M,43.80260534226693,5.801709998408401
201800014734,NonLethal,2018-05-29,22:55:00,NightNoStreetLight,840,89,Yes,NoIntersection,Normal,Other,1055 Quartier Vidalet,M,43.69003554084968,5.689795320750673
201800014736,NonLethal,2018-06-20,10:40:00,Daylight,840,89,Yes,NoIntersection,Normal,Other,275 boulevard Jean Guigu,M,43.69669960017747,5.698632229050562
201800014737,NonLethal,2018-07-15,20:00:00,Daylight,840,89,Yes,Y-type,Normal,Other,rue chanoine trouillet,M,43.69592345659175,5.695796425457487
201800014738,NonLethal,2018-07-27,18:00:00,Daylight,840,76,No,NoIntersection,Normal,Other,D996,M,43.69949979582696,5.7005753868465
201800014739,Lethal,2018-07-31,05:35:00,TwilightOrDawn,840,14,No,NoIntersection,Normal,NoCollision,D996,M,43.7174630521538,5.717931398774155
201800014740,NonLethal,2018-07-08,08:55:00,Daylight,840,133,Yes,NoIntersection,Normal,Other,rue du stade,M,43.72619441587658,5.727100992837505
201800014741,NonLethal,2018-08-27,12:05:00,Daylight,840,89,No,NoIntersection,Normal,2Vehicles-Side,d956 route de la tour d',M,43.70760288423127,5.706382630818558
201800014742,NonLethal,2018-08-28,15:36:00,Daylight,840,133,Yes,T-type,Normal,Other,rue Antoine de Trets,M,43.72549339900291,5.7251410708541774
201800014743,NonLethal,2018-09-23,09:30:00,Daylight,840,89,Yes,Roundabout,VeryGood,2Vehicles-Behind,boulevard jean guigues,M,43.69908944650462,5.69786630110139
201800014744,NonLethal,2018-10-05,08:45:00,Daylight,840,89,Yes,NoIntersection,Normal,Other,boulevard jean guigues,M,43.69970073615687,5.700074869952541
201800014745,NonLethal,2018-11-12,17:00:00,TwilightOrDawn,840,2,No,NoIntersection,Normal,2Vehicles-BehindVehicles-Frontal,D9 / D135,M,43.7371668695284,5.736934556430935
201800014746,NonLethal,2018-12-14,14:45:00,Daylight,840,89,No,NoIntersection,Normal,Other,chemin de l'eze,M,43.68529660157478,5.686394279149587
201800014747,NonLethal,2018-12-14,18:00:00,NightNoStreetLight,840,2,No,NoIntersection,Normal,NoCollision,D9 PK 3,M,43.73009732539952,5.732319942330006
201800014749,NonLethal,2018-01-30,18:30:00,NightNoStreetLight,840,72,No,NoIntersection,Normal,NoCollision,route de SAINT PIERRE DE,M,44.07852117514066,5.078030915615092
201800014751,NonLethal,2018-04-24,22:30:00,NightNoStreetLight,840,123,No,NoIntersection,Normal,NoCollision,D30,M,44.08091415052401,5.081040811509274
201800014752,Lethal,2018-11-05,11:30:00,Daylight,840,123,No,NoIntersection,Normal,Other,CD 30 le ravin de baltha,M,44.07449353128912,5.072972887105485
201800014753,NonLethal,2018-05-15,17:10:00,Daylight,840,77,No,T-type,Normal,2Vehicles-Behind,carrefour CD84 et CD974,M,44.08788257932388,5.087667051697433
201800014755,Lethal,2018-06-28,18:15:00,Daylight,840,79,No,NoIntersection,Normal,2Vehicles-BehindVehicles-Frontal,CD 1,M,44.07336858824222,5.0718244530442425
201800014756,NonLethal,2018-07-23,15:30:00,Daylight,840,120,No,NoIntersection,Normal,NoCollision,"cd 95, route de St Chris",M,44.08470191907587,5.087111316638924
201800014758,NonLethal,2018-10-15,13:45:00,Daylight,840,82,No,NoIntersection,Normal,Other,Cd 942,M,44.05886541924866,5.058052546369872
201800014759,Lethal,2018-01-30,08:04:00,Daylight,20,88,No,NoIntersection,FogOrSmoke,2Vehicles-BehindVehicles-Frontal,D 88,M,49.48912019824928,3.489659636372587
201800014761,NonLethal,2018-04-22,14:00:00,Daylight,20,27,No,NoIntersection,Normal,NoCollision,Départementale 351,M,49.69881734038534,3.69875066602122
201800014763,NonLethal,2018-06-30,13:45:00,Daylight,20,827,No,NoIntersection,Normal,NoCollision,RN 2,M,49.74306176688634,3.744994546439359
201800014765,NonLethal,2018-09-27,11:50:00,Daylight,20,128,No,NoIntersection,Normal,Other,D516,M,49.54855251929688,3.5461655225870428
201800014766,NonLethal,2018-10-30,16:45:00,Daylight,20,513,No,NoIntersection,HeavyRain,2Vehicles-BehindVehicles-Frontal,départementale 25,M,49.69904016803019,3.698640900952226
201800014768,NonLethal,2018-07-01,11:45:00,Daylight,20,431,No,NoIntersection,StrongWindOrStorm,NoCollision,cd1 pk13+600,M,49.6924203720472,3.695139506655445
201800014769,NonLethal,2018-01-12,18:00:00,TwilightOrDawn,20,746,Yes,NoIntersection,Normal,2Vehicles-Behind,D1044 Pk 39+160,M,49.68856146926182,3.687601537541583
201800014770,NonLethal,2018-01-13,17:15:00,TwilightOrDawn,20,173,No,Roundabout,Normal,2Vehicles-Side,intersecti D1032 et D937,M,49.630071641771686,3.631298950954322
201800014771,NonLethal,2018-01-20,19:05:00,NightNoStreetLight,20,820,No,NoIntersection,LightRain,3+Vehicles-Multiple,D1,M,49.61315239181005,3.614316406486399
201800014773,NonLethal,2018-03-17,20:00:00,NightNoStreetLight,20,74,No,NoIntersection,LightRain,2Vehicles-BehindVehicles-Frontal,Départementale D55,M,49.63616632916129,3.637740584420745
201800014774,NonLethal,2018-06-24,02:30:00,NightNoStreetLight,20,173,Yes,X-type,Normal,2Vehicles-Side,rue de la paix,M,49.61798080143146,3.614866696204873
201800014775,NonLethal,2018-07-28,20:00:00,Daylight,20,820,No,NoIntersection,Normal,Other,RD 338,M,49.64006925603297,3.640283368897108
201800014776,Lethal,2018-04-09,19:30:00,TwilightOrDawn,20,746,No,NoIntersection,HeavyRain,NoCollision,CD1044 PK 38+500,M,49.68686890687788,3.686123342714758
201800014777,Lethal,2018-09-14,09:05:00,Daylight,20,719,No,NoIntersection,Normal,2Vehicles-BehindVehicles-Frontal,Départementale 1,M,49.59149998821567,3.5917460687542992
201800014778,NonLethal,2018-11-04,03:05:00,NightStreelightsOn,20,719,Yes,NoIntersection,Normal,Other,Rue Arthur Lacroix,M,49.598678236965526,3.594767815084471
201800014779,Lethal,2018-11-24,23:00:00,NightStreelightsOn,20,173,Yes,T-type,LightRain,Other,boulevard du 8 mai 45,M,49.625321112886304,3.625781261093704
201800014780,NonLethal,2018-01-09,17:15:00,TwilightOrDawn,20,602,No,NoIntersection,Overcast,Other,D 26,M,49.47745963137978,3.4770944492080176
201800014781,NonLethal,2018-05-02,17:30:00,TwilightOrDawn,20,159,No,NoIntersection,Normal,3+Vehicles-Multiple,D1,M,49.5486751718729,3.548726175319124
201800014782,NonLethal,2018-03-15,17:00:00,Daylight,20,707,No,NoIntersection,Normal,Other,CD14,M,49.56455665920502,3.5648560425680644
201800014783,NonLethal,2018-03-26,14:45:00,Daylight,20,217,No,NoIntersection,Normal,2Vehicles-Behind,CD1,M,49.50070921812095,3.4997074960888543
201800014784,NonLethal,2018-04-05,15:40:00,Daylight,20,93,Yes,NoIntersection,Normal,2Vehicles-BehindVehicles-Frontal,28 avenue pasteur,M,49.51462761787404,3.5129635808471096
201800014785,Lethal,2018-11-04,11:15:00,Daylight,20,159,No,NoIntersection,Normal,2Vehicles-BehindVehicles-Frontal,CD1,M,49.55334819974841,3.552183027897597
201800014786,NonLethal,2018-04-24,21:00:00,TwilightOrDawn,20,661,No,NoIntersection,Normal,2Vehicles-Side,CD5,M,49.51071896927066,3.509469452935639
201800014787,NonLethal,2018-05-22,18:50:00,Daylight,20,217,No,X-type,Normal,2Vehicles-Side,Départementale 1,M,49.51422777206676,3.512730397271964
201800014788,Lethal,2018-03-12,16:40:00,Daylight,20,49,No,NoIntersection,LightRain,2Vehicles-Side,Route départementale 7 P,M,49.60608772579335,3.604645596704208
201800014789,NonLethal,2018-12-21,16:10:00,TwilightOrDawn,20,602,Yes,NoIntersection,Overcast,NoCollision,9/10 rue du 7eme BCA,M,49.49473584516912,3.495368182766734
201800014790,NonLethal,2018-12-21,21:45:00,NightNoStreetLight,20,750,Yes,NoIntersection,Normal,2Vehicles-BehindVehicles-Frontal,32 ROUTE DE COUCY LE CHÂ,M,49.51742475792925,3.5183899477546663
201800014791,NonLethal,2018-01-05,21:50:00,NightNoStreetLight,20,453,No,NoIntersection,Normal,Other,D 22,M,49.38113846228072,3.3784630982038664
201800014793,NonLethal,2018-03-15,15:15:00,Daylight,20,158,No,NoIntersection,Normal,NoCollision,CD19,M,49.47348908683376,3.47428607967788
201800014794,NonLethal,2018-05-05,12:15:00,Daylight,20,72,Yes,NoIntersection,Normal,Other,01 rue du teignons,M,49.48642276015058,3.4874445153464984
201800014795,NonLethal,2018-05-05,19:30:00,Daylight,20,751,Yes,Other,Normal,Other,13 rue georges posset,M,49.47142009086553,3.4716768482520908
201800014796,NonLethal,2018-05-20,16:10:00,Daylight,20,5,Yes,NoIntersection,Normal,Other,"PK 005.600, D62, rue Mar",M,49.4076518273613,3.406088592761996
201800014797,Lethal,2018-06-07,17:45:00,Daylight,20,215,No,NoIntersection,Normal,2Vehicles-BehindVehicles-Frontal,rd1044,M,49.45743940783544,3.4589755410581486
201800014798,NonLethal,2018-06-10,18:30:00,Daylight,20,475,Yes,NoIntersection,Normal,2Vehicles-Side,rue des chenevrières,M,49.421136424956686,4.421529948048622
201800014799,NonLethal,2018-10-10,20:40:00,NightNoStreetLight,20,572,No,NoIntersection,Normal,NoCollision,D 62,M,49.384278959865895,4.383503319883869
201800014800,NonLethal,2018-10-13,03:30:00,NightStreelightsOff,20,73,No,Roundabout,Normal,NoCollision,D1044,M,49.40977676662877,3.412990990010676
201800014801,NonLethal,2018-11-06,18:35:00,NightNoStreetLight,20,399,No,T-type,Normal,2Vehicles-Behind,sortie de l'autoroute A2,M,49.423928207371375,3.423220116034099
201800014802,NonLethal,2018-11-07,10:50:00,Daylight,20,541,Yes,NoIntersection,LightRain,2Vehicles-Side,rue de Menneville,M,49.42805396120844,4.428973996356207
201800014804,NonLethal,2018-01-02,11:45:00,Daylight,20,748,No,NoIntersection,LightRain,2Vehicles-Behind,départementale 6,M,49.0932300133674,3.093213004378135
201800014805,NonLethal,2018-04-15,11:30:00,Daylight,20,292,Yes,NoIntersection,Normal,Other,21 rue Pierre Sémard,M,49.036221372101465,3.035183302485995
201800014806,NonLethal,2018-02-12,14:00:00,Daylight,20,458,No,X-type,VeryGood,2Vehicles-Side,INTERSECTION RD1/RD 933,M,48.89216704366339,3.891098647590607
201800014807,NonLethal,2018-04-27,20:15:00,NightNoStreetLight,20,328,No,NoIntersection,StrongWindOrStorm,NoCollision,RD1003,M,49.04931812904604,3.0517361446526405
201800014808,NonLethal,2018-06-05,16:30:00,Daylight,20,228,No,NoIntersection,VeryGood,Other,RD 1003,M,49.06800844490209,3.0689646012164538
201800014809,NonLethal,2018-06-17,07:15:00,TwilightOrDawn,20,279,No,NoIntersection,Normal,NoCollision,cd 87,M,49.09930981679924,3.099440949356317
201800014810,NonLethal,2018-09-24,16:00:00,Daylight,20,748,No,NoIntersection,VeryGood,NoCollision,CD 320,M,49.07395230590433,3.0739158931747745
201800014811,NonLethal,2018-10-15,16:54:00,TwilightOrDawn,20,42,No,NoIntersection,Normal,2Vehicles-Side,Route départementale D 9,M,49.00393575962509,3.002230292951484
201800014812,NonLethal,2018-10-19,17:10:00,Daylight,20,187,Yes,NoIntersection,Normal,2Vehicles-BehindVehicles-Frontal,Départementale 1003,M,49.0421215090307,3.0399320554067435
201800014813,NonLethal,2018-10-29,09:22:00,Daylight,20,114,No,NoIntersection,Overcast,2Vehicles-Behind,D967,M,49.06038500531796,3.060481654762912
201800014814,NonLethal,2018-11-23,22:35:00,NightNoStreetLight,20,554,No,NoIntersection,LightRain,Other,D15,M,49.01920227350272,3.019677835955326
201800014815,NonLethal,2018-05-02,07:36:00,TwilightOrDawn,20,693,No,NoIntersection,Other,2Vehicles-BehindVehicles-Frontal,PR31,M,49.2298978271688,3.2299349562088637
201800014816,NonLethal,2018-03-29,09:45:00,Daylight,20,305,Yes,NoIntersection,Normal,Other,3 rue des marchands,M,49.20063434807805,3.200006066282392
201800014817,NonLethal,2018-04-07,16:45:00,Daylight,20,438,No,X-type,Normal,2Vehicles-Side,hameau de beau repère,M,49.29804569182615,3.298514868838412
201800014818,NonLethal,2018-04-20,08:10:00,Daylight,20,585,No,NoIntersection,Normal,NoCollision,RD 1 PK66+300,M,49.27387561164644,3.2745694483479224
201800014819,NonLethal,2018-09-02,20:30:00,TwilightOrDawn,20,816,No,NoIntersection,Normal,NoCollision,route departementale 6,M,49.18197207574197,3.1830881550305445
201800014820,NonLethal,2018-09-23,09:43:00,Daylight,20,799,No,NoIntersection,LightRain,2Vehicles-BehindVehicles-Frontal,RD172,M,49.27595954313324,3.27579852175647
201800014821,NonLethal,2018-09-29,16:19:00,Daylight,20,806,No,NoIntersection,Normal,3+Vehicles-Chain,D 310 PK 3+400,M,49.18760953163299,3.1880292151243124
201800014822,NonLethal,2018-11-07,12:20:00,Daylight,20,82,No,NoIntersection,LightRain,2Vehicles-BehindVehicles-Frontal,ROUTE DEPARTEMENTALE 2,M,49.232195456014765,3.2322811700193768
201800014823,NonLethal,2018-04-17,16:15:00,Daylight,20,397,No,NoIntersection,Normal,Other,rue de l'emonteau,M,49.71174922436138,3.7115727193956913
201800014824,NonLethal,2018-06-01,10:10:00,Daylight,20,371,No,NoIntersection,Normal,2Vehicles-Behind,départementale D1029,M,49.84205092152331,3.8413260936741382
201800014825,NonLethal,2018-06-04,08:45:00,Daylight,20,570,No,NoIntersection,VeryGood,2Vehicles-Behind,CD 438,M,49.73621988144363,3.736474203691681
201800014826,NonLethal,2018-06-15,04:30:00,TwilightOrDawn,20,382,No,NoIntersection,Normal,NoCollision,Route départementale 102,M,49.86675133817736,3.8671602153118263
201800014827,NonLethal,2018-07-08,08:30:00,Daylight,20,315,Yes,T-type,VeryGood,2Vehicles-BehindVehicles-Frontal,D937 D810,M,49.712814759949474,3.712742620377453
201800014828,NonLethal,2018-08-09,18:45:00,Daylight,20,785,No,NoIntersection,Normal,2Vehicles-Behind,Route départementale D10,M,49.87307294222241,3.874059626493686
201800014829,Lethal,2018-09-24,18:45:00,Daylight,20,303,No,NoIntersection,Normal,2Vehicles-Behind,RD 1029,M,49.85717221570912,3.85618590902671
201800014830,NonLethal,2018-10-03,15:15:00,Daylight,20,785,No,X-type,Normal,2Vehicles-Side,cd1029,M,49.88021223402404,3.8793256808855303
201800014831,NonLethal,2018-11-11,11:30:00,Daylight,20,32,Yes,NoIntersection,LightRain,Other,10 rue saint nicolas,M,49.77468546756132,3.776186718751665