AccidentId,Gravity,Date,Hour,Light,Department,Commune,InAgglomeration,IntersectionType,Weather,CollisionType,PostalAddress,GPSCode,Latitude,Longitude
201800014832,NonLethal,2018-11-17,17:26:00,NightNoStreetLight,20,214,No,NoIntersection,Normal,2Vehicles-BehindVehicles-Frontal,D321,M,49.78700876250465,3.789184253125531
201800014834,NonLethal,2018-11-02,11:30:00,Daylight,20,57,Yes,NoIntersection,Normal,Other,rue de l'industrie,M,49.99771018193324,3.9976049689293705
201800014835,NonLethal,2018-03-02,15:30:00,Daylight,20,100,No,NoIntersection,LightRain,2Vehicles-BehindVehicles-Frontal,RD.1044 - PK 4.950,M,49.98838422656237,3.986404198683615
201800014836,NonLethal,2018-04-28,06:45:00,Daylight,20,323,No,NoIntersection,Normal,NoCollision,DEPARTEMENTALE 8 PK 28+2,M,49.931417524839055,3.9321666329040488
201800014837,NonLethal,2018-09-05,13:30:00,Daylight,20,352,No,NoIntersection,Normal,Other,D28,M,50.0027994730551,3.0014166041568977
201800014838,NonLethal,2018-07-07,09:30:00,Daylight,20,95,Yes,NoIntersection,Normal,3+Vehicles-Multiple,RUE FAGARD,M,49.98713653630824,3.987094818639269
201800014839,NonLethal,2018-07-26,19:00:00,Daylight,20,293,No,NoIntersection,Normal,NoCollision,DEPARTEMENTALE l3 PK 5+2,M,49.94203314039255,3.9416775704780975
201800014840,NonLethal,2018-08-13,14:00:00,Daylight,20,95,Yes,Y-type,Normal,2Vehicles-Side,"Rue Gérard Parent, Dépar",M,49.99481800720225,3.993747504187712
201800014841,NonLethal,2018-12-09,09:15:00,Daylight,20,374,No,NoIntersection,FogOrSmoke,NoCollision,Départementale 93,M,49.90778756258589,3.906094336031861
201800014842,NonLethal,2018-09-26,18:00:00,Daylight,20,95,Yes,Other,Normal,Other,41 rue jacquard,M,49.98446942351833,3.98470127568713
201800014843,NonLethal,2018-07-10,08:20:00,Daylight,20,65,No,NoIntersection,Normal,NoCollision,D 932 PK : 15 + 054,M,49.94165310247064,3.943460680174818
201800014844,NonLethal,2018-12-17,11:30:00,Daylight,20,95,No,NoIntersection,Normal,2Vehicles-BehindVehicles-Frontal,Route de Vaux,M,50.008740671598304,3.008008027844227
201800014845,Lethal,2018-12-27,18:40:00,NightNoStreetLight,20,709,No,NoIntersection,Normal,NoCollision,D932,M,50.02799132324508,3.031284813162181
201800014847,NonLethal,2018-05-09,10:50:00,Daylight,20,361,Yes,NoIntersection,Overcast,Other,380 rue des docteurs dev,M,49.90038936324688,3.902205554306036
201800014848,NonLethal,2018-01-10,17:50:00,NightNoStreetLight,20,639,No,NoIntersection,Normal,2Vehicles-Behind,Route Départementale 1,M,49.7232600728365,3.723388842667541
201800014849,Lethal,2018-01-26,00:01:00,NightNoStreetLight,20,124,No,NoIntersection,Normal,NoCollision,Départementale 13,M,49.735939411296975,3.7341243343665207
201800014850,NonLethal,2018-03-03,06:15:00,NightNoStreetLight,20,149,No,NoIntersection,Other,2Vehicles-Behind,CD 1044 PK 30,M,49.77080331227759,3.768635003601152
201800014851,NonLethal,2018-03-30,17:38:00,Daylight,20,503,Yes,NoIntersection,Normal,Other,"54, rue des aubépines",M,49.83998319739356,3.840946175676212
201800014853,NonLethal,2018-04-15,16:40:00,Daylight,20,75,No,NoIntersection,Normal,2Vehicles-Side,D34,M,49.775254621698366,3.774110313018951
201800014854,NonLethal,2018-06-10,04:15:00,TwilightOrDawn,20,532,No,X-type,Normal,3+Vehicles-Chain,lieu dit la guinguette,M,49.75979476693122,3.759130430668318
201800014855,NonLethal,2018-06-15,21:20:00,TwilightOrDawn,20,648,No,NoIntersection,Normal,2Vehicles-Side,D58,M,49.79615655353828,3.7983876148092177
201800014856,Lethal,2018-10-27,07:15:00,NightNoStreetLight,20,775,No,NoIntersection,Normal,Other,RD 1044,M,49.71467416099998,3.7177418549542542
201800014857,NonLethal,2018-01-07,01:30:00,NightNoStreetLight,20,131,No,NoIntersection,LightRain,2Vehicles-BehindVehicles-Frontal,Route nationale 2,M,49.38928902028902,3.389180229471831
201800014859,NonLethal,2018-05-30,13:50:00,Daylight,20,528,No,NoIntersection,Normal,Other,Départementale 81,M,49.33484001386245,3.334104218148916
201800014860,NonLethal,2018-03-06,16:45:00,Daylight,20,528,No,NoIntersection,Normal,Other,D94,M,49.32895670769396,3.330520124524557
201800014862,NonLethal,2018-08-08,17:15:00,Daylight,20,687,No,NoIntersection,Normal,Other,RD 17 - Point kilométriq,M,49.319486577660754,3.3213220671977086
201800014864,Lethal,2018-09-20,15:30:00,Daylight,20,131,Yes,T-type,Normal,NoCollision,2 rue de BROYON,M,49.38801913462497,3.3896388326617
201800014865,NonLethal,2018-09-24,20:20:00,NightNoStreetLight,20,226,Yes,NoIntersection,Normal,Other,route du vauxbuin,M,49.34776627658337,3.348081891080346
201800014867,NonLethal,2018-11-16,02:50:00,NightNoStreetLight,20,400,No,NoIntersection,FogOrSmoke,Other,RN2,M,49.43723681153305,3.438724285028476
201800014868,NonLethal,2018-11-17,14:10:00,Daylight,20,71,Yes,NoIntersection,VeryGood,2Vehicles-Side,rue de l'église,M,49.41367469330348,3.408637695925988
201800014869,NonLethal,2018-12-03,00:30:00,NightStreelightsOff,20,245,Yes,NoIntersection,LightRain,NoCollision,rue du belvédère,M,49.39728434375106,3.3983625382788696
201800014870,NonLethal,2018-12-06,12:20:00,Daylight,20,770,No,X-type,Normal,2Vehicles-BehindVehicles-Frontal,n2,M,49.35086157416538,3.3532842291498857
201800014871,NonLethal,2018-12-26,11:30:00,Daylight,20,11,No,NoIntersection,FogOrSmoke,NoCollision,D943,M,49.38530225575934,3.3852968182823777
201800014872,NonLethal,2018-01-13,18:05:00,NightStreelightsOn,20,167,Yes,NoIntersection,Normal,2Vehicles-Side,route de Braine D14,M,49.37915336094275,3.378845270320881
201800014873,NonLethal,2018-01-18,05:30:00,NightNoStreetLight,20,174,No,NoIntersection,Normal,2Vehicles-Behind,ROUTE NATIONALE 2,M,49.477907435534256,3.477795281681479
201800014874,NonLethal,2018-05-30,19:35:00,Daylight,20,646,Yes,NoIntersection,Normal,Other,8 route de maizy,M,49.36889539686974,3.3694429700531203
201800014875,NonLethal,2018-08-06,08:25:00,TwilightOrDawn,20,589,No,Other,FogOrSmoke,2Vehicles-BehindVehicles-Frontal,RD 18 PK 3,M,49.45383513929612,3.4532173206403387
201800014876,NonLethal,2018-07-19,08:24:00,Daylight,20,174,No,NoIntersection,Normal,2Vehicles-Behind,Route nationale 2 --- PK,M,49.45839875120736,3.456672280320486
201800014877,NonLethal,2018-08-19,16:23:00,Daylight,20,167,No,NoIntersection,Normal,NoCollision,"D14 PK 27,500",M,49.37107373258177,3.3727470996020874
201800014878,NonLethal,2018-03-09,18:15:00,Daylight,20,148,Yes,NoIntersection,Normal,Other,35 route de vouziers,M,49.40216802567886,3.401213443725355
201800014879,NonLethal,2018-12-13,11:40:00,Daylight,20,36,No,NoIntersection,Normal,3+Vehicles-Multiple,"RN31, PK 32+900",M,49.34891845299477,3.348605263331649
201800014880,NonLethal,2018-12-18,12:38:00,Daylight,20,439,No,X-type,Normal,2Vehicles-Side,RD 481,M,49.34076586949435,3.340273411194791
201800014885,NonLethal,2018-05-02,07:45:00,TwilightOrDawn,20,734,No,NoIntersection,SnowOrHail,2Vehicles-Behind,D973,M,49.30640259644776,3.306642289385598
201800014886,NonLethal,2018-02-24,16:20:00,Daylight,20,543,No,NoIntersection,VeryGood,Other,D973,M,49.166567539524806,3.1658886463796803
201800014887,NonLethal,2018-04-14,11:44:00,Daylight,20,810,No,NoIntersection,Normal,2Vehicles-BehindVehicles-Frontal,D23l,M,49.25694840387728,3.254167201479224
201800014888,NonLethal,2018-04-15,12:30:00,Daylight,20,644,Yes,Y-type,Normal,2Vehicles-BehindVehicles-Frontal,RUE DE L'EGLISE,M,49.32299934720152,3.3225674247484127
201800014890,NonLethal,2018-05-20,19:50:00,Daylight,20,543,No,NoIntersection,Normal,Other,D 79,M,49.18462730889495,3.1829406208352005
201800014891,NonLethal,2018-05-26,12:40:00,Daylight,20,734,No,NoIntersection,Normal,NoCollision,D 973,M,49.304731874330365,3.30442009052676
201800014892,NonLethal,2018-06-04,13:10:00,Daylight,20,232,No,NoIntersection,Normal,2Vehicles-BehindVehicles-Frontal,RN2,M,49.23542592656458,2.2350774692637705
201800014893,Lethal,2018-07-24,16:10:00,Daylight,20,810,No,NoIntersection,Normal,3+Vehicles-Chain,RN2,M,49.267888811292494,3.2654397342844854
201800014894,NonLethal,2018-08-04,17:35:00,Daylight,20,679,No,X-type,Normal,2Vehicles-Side,Carrefour D11 et D841,M,49.10189120306131,3.101019382807145
201800014895,NonLethal,2018-01-09,04:15:00,NightNoStreetLight,20,302,Yes,NoIntersection,Normal,Other,D17,M,49.2005768609888,3.2034870014576367
201800014896,NonLethal,2018-02-26,16:55:00,Daylight,20,369,No,NoIntersection,Normal,NoCollision,PR31 RD37,M,49.79746153867062,3.7985666809963834
201800014898,NonLethal,2018-07-08,14:15:00,Daylight,20,491,No,NoIntersection,Normal,NoCollision,RD967,M,49.782859670966594,3.782841918608327
201800014899,NonLethal,2018-08-07,13:10:00,Daylight,20,801,No,NoIntersection,Normal,NoCollision,d966,M,49.74178446709504,3.739700110193724
201800014901,NonLethal,2018-12-04,17:45:00,NightStreelightsOn,20,789,Yes,NoIntersection,Normal,Other,Avenue Paul Doumer,M,49.83485100320925,3.834432109314981
201800014904,NonLethal,2018-07-16,20:45:00,Daylight,20,141,Yes,X-type,Normal,2Vehicles-BehindVehicles-Frontal,D1043 route d'Hirson,M,49.97087171753714,3.971390355146781
201800014905,Lethal,2018-10-26,20:45:00,NightNoStreetLight,20,445,No,NoIntersection,Other,Other,CD31,M,49.93029305040776,3.929965624476592
201800014906,NonLethal,2018-01-01,07:50:00,TwilightOrDawn,130,36,No,NoIntersection,Normal,2Vehicles-BehindVehicles-Frontal,Route de Châteaurenard,M,43.85288584341532,4.850914492421472
201800014907,NonLethal,2018-01-31,17:25:00,Daylight,130,45,No,T-type,Overcast,2Vehicles-BehindVehicles-Frontal,Intersection D28 - Boule,M,43.84884384563936,4.849939270147496
201800014908,NonLethal,2018-02-17,23:58:00,NightNoStreetLight,130,10,No,NoIntersection,Normal,Other,route de la gare,M,43.898991064586646,4.898998424670293
201800014909,NonLethal,2018-02-18,05:15:00,NightStreelightsOn,130,10,Yes,Roundabout,Normal,2Vehicles-BehindVehicles-Frontal,rond point saint joseph,M,43.90254976005129,4.903584859550777
201800014910,NonLethal,2018-03-26,16:57:00,Daylight,130,10,Yes,Y-type,Normal,2Vehicles-Behind,Route de la gare RD34,M,43.89933529030139,4.8976403012961365
201800014911,NonLethal,2018-06-25,07:30:00,Daylight,130,45,No,T-type,Normal,2Vehicles-Side,route de avignon RD570N,M,43.85469904325728,4.853312682741463
201800014913,NonLethal,2018-09-28,08:15:00,Daylight,130,83,Yes,Roundabout,VeryGood,2Vehicles-Behind,chemin saint jean,M,43.90287045167487,4.902527037772795
201800014915,Lethal,2018-11-09,19:20:00,NightNoStreetLight,130,45,No,NoIntersection,LightRain,NoCollision,RD570N,M,43.85188134040809,4.852863642935611
201800014916,NonLethal,2018-11-18,16:00:00,Daylight,130,83,No,NoIntersection,Normal,Other,D570N,M,43.89783961265388,4.898455883389825
201800014918,NonLethal,2018-01-27,10:30:00,Daylight,380,413,No,NoIntersection,VeryGood,2Vehicles-Side,RN 85 Lieudit Le Charlai,M,44.89539232723318,5.895362473712074
201800014919,NonLethal,2018-02-25,16:35:00,Daylight,380,313,No,NoIntersection,Normal,2Vehicles-BehindVehicles-Frontal,D526,M,44.88753684276556,5.887985012392352
201800014920,Lethal,2018-04-03,09:10:00,Daylight,380,269,Yes,NoIntersection,VeryGood,Other,Rue du breuil,M,44.905701931855575,5.908172662135327
201800014921,NonLethal,2018-10-04,13:15:00,Daylight,380,269,No,NoIntersection,Normal,2Vehicles-BehindVehicles-Frontal,RN85,M,44.900444975839605,5.899503606302583
201800014922,Lethal,2018-05-05,15:50:00,Daylight,380,128,No,NoIntersection,Normal,2Vehicles-BehindVehicles-Frontal,RN85 Route de Grenoble,M,44.822117455404126,5.825173306338805
201800014923,NonLethal,2018-05-31,14:00:00,Daylight,380,304,No,Y-type,LightRain,2Vehicles-Side,D115D,M,44.9489312223879,5.950505873821016
201800014924,NonLethal,2018-03-06,12:30:00,Daylight,380,497,No,NoIntersection,Normal,NoCollision,route nationale 85,M,44.90012782435679,5.898723424231967
201800014925,NonLethal,2018-06-16,20:55:00,TwilightOrDawn,380,269,Yes,NoIntersection,Normal,2Vehicles-Behind,22 avenue des plantation,M,44.8977653333036,5.896871353416651
201800014926,NonLethal,2018-06-22,13:35:00,Daylight,380,313,No,NoIntersection,Normal,NoCollision,D526 - Le Pont de Fer,M,44.88954414800377,5.890336700950192
201800014927,NonLethal,2018-06-26,18:45:00,TwilightOrDawn,380,304,Yes,NoIntersection,Normal,2Vehicles-BehindVehicles-Frontal,3 Rte de Feyteny,M,44.95493590937794,5.958053803403485
201800014928,NonLethal,2018-06-27,19:35:00,Daylight,380,128,No,NoIntersection,Normal,Other,N 85,M,44.80618358751632,5.807386481467314
201800014929,NonLethal,2018-07-07,20:55:00,Daylight,380,470,No,NoIntersection,Normal,2Vehicles-BehindVehicles-Frontal,N85 lieu dit Les Marcoux,M,44.851795464642045,5.852375912051579
201800014930,NonLethal,2018-01-08,17:45:00,Daylight,380,265,Yes,NoIntersection,Normal,Other,D116,M,44.95622657526896,5.9591564518215385
201800014931,NonLethal,2018-08-15,12:00:00,Daylight,380,518,Yes,Square,Normal,Other,D526A - Parking,M,44.8924032542623,5.892877131318372
201800014932,NonLethal,2018-08-26,14:00:00,Daylight,380,269,No,NoIntersection,Normal,2Vehicles-BehindVehicles-Frontal,N85,M,44.89966990816574,5.901119172015641
201800014933,NonLethal,2018-01-09,14:15:00,Daylight,380,329,No,NoIntersection,Normal,2Vehicles-Side,N 85,M,44.84491343324342,5.844210178490646
201800014934,NonLethal,2018-09-13,15:40:00,Daylight,380,413,No,Y-type,Normal,2Vehicles-Side,Les Egats,M,44.87823564758267,5.878309407741233
201800014937,NonLethal,2018-09-23,17:00:00,Daylight,380,413,Yes,NoIntersection,Normal,Other,Les Egats,M,44.87076781085597,5.87250918970192
201800014938,NonLethal,2018-10-04,13:47:00,Daylight,380,269,Yes,NoIntersection,Normal,2Vehicles-BehindVehicles-Frontal,Rue du Pt Maladière,M,44.91348390283991,5.914357694242137
201800014939,NonLethal,2018-12-22,10:15:00,Daylight,380,489,No,NoIntersection,FogOrSmoke,Other,D26,M,44.91066701770251,5.9121193873899855
201800014940,NonLethal,2018-05-20,14:50:00,Daylight,380,292,No,Roundabout,Normal,2Vehicles-Side,intersection D17-D50,M,45.44889329179145,5.4479888966421495
201800014941,NonLethal,2018-12-08,13:00:00,Daylight,380,13,Yes,NoIntersection,Normal,Other,310 ROUTE DE CHARAVINES,M,45.37417989938114,5.374667772434873
201800014942,NonLethal,2018-06-11,20:35:00,NightNoStreetLight,380,296,Yes,NoIntersection,FogOrSmoke,Other,Chemin du Tramoley,M,45.53339979876012,5.532006807448642
201800014943,NonLethal,2018-12-15,16:20:00,TwilightOrDawn,380,296,Yes,NoIntersection,LightRain,2Vehicles-Behind,D73K,M,45.53372189782974,5.532792532319539
201800014944,NonLethal,2018-12-28,05:30:00,NightNoStreetLight,380,13,No,NoIntersection,Normal,Other,Rue de la Contamine,M,45.39355816427065,5.3950246549001
201800014946,NonLethal,2018-06-04,11:15:00,Daylight,380,315,Yes,NoIntersection,Normal,Other,RUE ALEXANDRE DUMAS,M,45.535951068932654,5.537585207831762
201800014947,NonLethal,2018-04-13,14:45:00,Daylight,380,1,Yes,T-type,Normal,2Vehicles-Side,"D1075, rue Aristide BRIA",M,45.54104476330635,5.5416654549019375
201800014948,NonLethal,2018-05-05,20:50:00,TwilightOrDawn,380,372,Yes,MoreThan4Branches,Normal,NoCollision,Intersection D82 et D49C,M,45.481030658236,5.480532907559498
201800014949,NonLethal,2018-06-24,05:40:00,NightNoStreetLight,380,357,No,NoIntersection,Normal,Other,rue Michelet,M,45.54589590516215,5.548757384376061
201800014950,NonLethal,2018-07-27,19:56:00,Daylight,380,386,Yes,NoIntersection,Normal,2Vehicles-BehindVehicles-Frontal,D28,M,45.45538539135367,5.455096809472479
201800014951,Lethal,2018-12-08,09:00:00,Daylight,380,104,No,X-type,Normal,2Vehicles-Side,Dl5l6 Route Belmont,M,45.583219999079446,5.582083048060277
201800014952,NonLethal,2018-08-16,17:15:00,Daylight,380,343,No,NoIntersection,Normal,2Vehicles-BehindVehicles-Frontal,D82,M,45.57339001789815,5.575265124052442
201800014953,NonLethal,2018-08-17,15:50:00,Daylight,380,357,Yes,X-type,Normal,2Vehicles-Side,Rue Paul Langevin,M,45.54343029962016,5.542045340576152
201800014954,NonLethal,2018-09-20,20:50:00,NightStreelightsOn,380,315,Yes,NoIntersection,Normal,2Vehicles-BehindVehicles-Frontal,D1006,M,45.53576456481876,5.534569167703478
201800014955,Lethal,2018-03-24,00:50:00,NightNoStreetLight,380,483,No,NoIntersection,Normal,Other,"D244A, route de passins",M,45.67783526704432,5.677113920780579
201800014956,Lethal,2018-04-01,16:30:00,Daylight,380,297,Yes,Roundabout,Normal,Other,D517 Route de Lyon,M,45.68047169260375,5.680143182098538
201800014957,NonLethal,2018-06-04,01:15:00,NightStreelightsOn,380,12,Yes,NoIntersection,Normal,Other,D 592 route de BELLEY,M,45.59125572546779,5.59192994597655
201800014958,NonLethal,2018-04-24,18:15:00,Daylight,380,22,No,T-type,Normal,2Vehicles-Side,D 1075,M,45.63411154699915,5.635767728733315
201800014959,NonLethal,2018-08-29,07:50:00,TwilightOrDawn,380,261,Yes,NoIntersection,Normal,Other,D60A,M,45.67724800555641,5.677295327783204
201800014960,NonLethal,2018-07-25,15:40:00,Daylight,380,543,No,X-type,Normal,3+Vehicles-Multiple,D1075,M,45.67000409507345,5.668890286938929
201800014961,NonLethal,2018-07-24,16:30:00,Daylight,380,543,No,X-type,VeryGood,3+Vehicles-Multiple,Carrefour D19B - D19C,M,45.6593333154572,5.659324751851319
201800014962,NonLethal,2018-09-08,11:45:00,Daylight,380,22,Yes,NoIntersection,Normal,3+Vehicles-Multiple,D40 route des Avenières,M,45.62503173935081,5.627110177680942
201800014966,NonLethal,2018-02-11,08:25:00,TwilightOrDawn,380,546,No,NoIntersection,Overcast,2Vehicles-BehindVehicles-Frontal,D143 - Route des balmes,M,45.61629773038848,5.616852125346092
201800014968,NonLethal,2018-11-20,14:10:00,Daylight,380,297,No,NoIntersection,LightRain,2Vehicles-Behind,D517 route de lyon,M,45.68337025889416,5.684611865495731
201800014969,NonLethal,2018-04-12,08:55:00,Daylight,380,22,Yes,NoIntersection,LightRain,Other,route de jalérieu,M,45.62973319809903,5.630342887132571
201800014970,NonLethal,2018-12-09,20:45:00,NightStreelightsOn,380,543,Yes,NoIntersection,HeavyRain,Other,D19,M,45.65111493292516,5.650746200216786
201800014971,NonLethal,2018-01-12,22:30:00,NightStreelightsOn,380,126,Yes,Y-type,Normal,2Vehicles-BehindVehicles-Frontal,chemin de  pajot,M,45.218690806454944,5.215669263804626
201800014974,NonLethal,2018-02-27,11:02:00,Daylight,380,397,No,NoIntersection,Normal,3+Vehicles-Multiple,Route Départementale 30,M,45.24953586715514,5.24794803297201
201800014975,NonLethal,2018-03-08,20:55:00,NightStreelightsOn,380,140,Yes,NoIntersection,Normal,2Vehicles-BehindVehicles-Frontal,Rue Léo Lagrange,M,45.28054615284638,5.279816258038773
201800014976,NonLethal,2018-03-27,10:10:00,Daylight,380,229,Yes,NoIntersection,Normal,Other,rue des aiguinards,M,45.20559486028722,5.207515494427327
201800014978,NonLethal,2018-04-09,23:30:00,NightStreelightsOn,380,229,Yes,NoIntersection,Normal,2Vehicles-Side,"41, Avenue Plaine fleuri",M,45.20370817961864,5.202762008791477
201800014979,NonLethal,2018-04-25,17:35:00,Daylight,380,140,Yes,T-type,Normal,Other,avenue Ambroize Croizat,M,45.2732901410604,5.272700696776439
201800014980,NonLethal,2018-04-28,11:40:00,Daylight,380,397,Yes,NoIntersection,Normal,NoCollision,D1090 route de Chambéry,M,45.24390745533707,5.242012094711575
201800014981,NonLethal,2018-05-18,17:06:00,Daylight,380,140,No,NoIntersection,Normal,2Vehicles-Side,Rue des Îles,M,45.2782084136607,5.278518161166181
201800014982,NonLethal,2018-09-20,20:10:00,NightStreelightsOn,380,249,Yes,NoIntersection,Normal,NoCollision,RUE GENERAL DE GAULLE,M,45.22666516893981,5.225412934400444
201800014983,NonLethal,2018-09-15,12:45:00,Daylight,380,397,No,NoIntersection,Normal,2Vehicles-Side,D30,M,45.24236123487161,5.239850016807397
201800014984,NonLethal,2018-09-18,06:30:00,TwilightOrDawn,380,229,Yes,NoIntersection,Normal,2Vehicles-BehindVehicles-Frontal,Avenue de Verdun,M,45.20339592818728,5.204845061976207
201800014985,NonLethal,2018-12-10,19:35:00,NightStreelightsOn,380,229,Yes,Other,Normal,NoCollision,avenue de verdun,M,45.21406709612485,5.213695923876116
201800014987,NonLethal,2018-10-19,16:43:00,Daylight,380,140,Yes,NoIntersection,Normal,2Vehicles-Side,rue de belledonne,M,45.27099769455306,5.2702412744610525
201800014988,NonLethal,2018-11-04,20:50:00,NightStreelightsOn,380,397,Yes,X-type,Other,2Vehicles-BehindVehicles-Frontal,D1090,M,45.242578626633154,5.243234398400583
201800014989,Lethal,2018-01-23,13:50:00,Daylight,380,175,Yes,Roundabout,Normal,Other,boulevard Paul Langevin,M,45.26419107016431,5.265696833335717
201800014990,NonLethal,2018-02-24,16:45:00,Daylight,380,150,Yes,NoIntersection,Normal,Other,3 Rue du GRESIVAUDAN,M,45.20622046191593,5.206126951983585
201800014991,NonLethal,2018-02-03,09:55:00,Daylight,380,206,No,NoIntersection,SnowOrHail,2Vehicles-BehindVehicles-Frontal,D528,M,45.252683895599866,5.2521948274019605
201800014992,NonLethal,2018-03-24,17:15:00,Daylight,380,422,No,NoIntersection,Normal,NoCollision,Dll Route de Chamrousse,M,45.154493831137366,5.153979916101022
201800014993,NonLethal,2018-04-10,12:28:00,Daylight,380,538,Yes,Other,Normal,2Vehicles-Side,Avenue Pasteur,M,45.21688599942154,5.21704663788192
201800014994,NonLethal,2018-04-13,23:15:00,NightStreelightsOn,380,547,Yes,NoIntersection,Normal,Other,D523,M,45.25695772024444,5.257831568074052
201800014995,NonLethal,2018-06-23,18:20:00,Daylight,380,334,No,T-type,Normal,NoCollision,lieu dit Les Faures,M,45.18144642402061,5.18186501472747
201800014996,NonLethal,2018-07-08,11:00:00,Daylight,380,422,Yes,NoIntersection,Normal,NoCollision,D524 - Route de Gières,M,45.15657988292433,5.156206126804954
201800014997,NonLethal,2018-06-08,17:30:00,Daylight,380,547,Yes,NoIntersection,Normal,NoCollision,D523,M,45.25157995461591,5.249763588624541
201800014998,NonLethal,2018-08-25,14:45:00,Daylight,380,422,No,NoIntersection,Overcast,Other,Route du Replat,M,45.160035098992125,5.157712165923845
201800015000,NonLethal,2018-10-12,15:20:00,Daylight,380,175,Yes,NoIntersection,Normal,2Vehicles-Side,rue du stade,M,45.27072205775477,5.272392202529115
201800015001,NonLethal,2018-10-12,22:50:00,NightNoStreetLight,380,271,No,Other,Normal,NoCollision,CHEMIN DE CHANTE GRENOUI,M,45.19158940047871,5.192501151455386
201800015002,NonLethal,2018-12-10,21:10:00,NightStreelightsOff,380,422,Yes,NoIntersection,Normal,Other,route d'uriage,M,45.15443711397656,5.1535439159895775
201800015004,NonLethal,2018-11-21,16:45:00,TwilightOrDawn,380,538,Yes,NoIntersection,Overcast,Other,D523,M,45.21709357417688,5.216293706672063
201800015006,NonLethal,2018-01-20,19:50:00,NightStreelightsOn,380,466,Yes,X-type,HeavyRain,2Vehicles-Side,647 Rue du MONTALIEU,M,45.38613096598088,5.384520335990317
201800015007,NonLethal,2018-01-24,06:54:00,NightNoStreetLight,380,511,No,NoIntersection,Normal,2Vehicles-BehindVehicles-Frontal,D1090,M,45.35038997364909,5.349665485078527
201800015008,NonLethal,2018-05-19,10:00:00,Daylight,380,214,Yes,NoIntersection,Normal,Other,296 route nationale,M,45.304881227069465,5.306153314640738
201800015009,NonLethal,2018-06-05,07:00:00,Daylight,380,504,Yes,NoIntersection,Normal,NoCollision,Chapotan,M,45.312691240935706,6.31300096210417
201800015010,NonLethal,2018-06-22,08:30:00,Daylight,380,2,Yes,Y-type,Normal,2Vehicles-Side,Lieu-dit VILLARD BERNARD,M,45.27184705032815,5.27551153848365
201800015011,NonLethal,2018-06-29,10:20:00,Daylight,380,511,No,NoIntersection,Normal,2Vehicles-Side,D1090,M,45.36347879082301,5.362787649939549
201800015012,NonLethal,2018-09-09,14:45:00,Daylight,380,503,No,X-type,Normal,2Vehicles-Side,D1090,M,45.32437334613555,5.322900621071707
201800015013,NonLethal,2018-01-02,17:50:00,NightStreelightsOn,380,314,Yes,NoIntersection,Normal,2Vehicles-Side,avenue de la gare,M,45.43439968367476,6.433584831795323
201800015014,NonLethal,2018-04-27,14:45:00,Daylight,380,314,Yes,Square,Normal,NoCollision,Place du Terrail,M,45.43386371703542,6.433157969956623
201800015015,NonLethal,2018-04-30,19:50:00,TwilightOrDawn,380,27,No,NoIntersection,Normal,NoCollision,Route de Barraux,M,45.4344068559944,5.43355581985616
201800015018,NonLethal,2018-07-09,18:45:00,Daylight,380,78,Yes,NoIntersection,Normal,Other,D209,M,45.423227248568985,6.424674490948633
201800015019,NonLethal,2018-10-20,20:00:00,NightNoStreetLight,380,27,No,NoIntersection,Normal,2Vehicles-BehindVehicles-Frontal,D1090,M,45.44739057009378,5.44681887549361
201800015020,NonLethal,2018-11-15,08:00:00,Daylight,380,314,Yes,Roundabout,Normal,2Vehicles-Side,D523A,M,45.43426267967172,6.4344361948114255
201800015022,NonLethal,2018-12-08,14:00:00,Daylight,380,75,Yes,NoIntersection,LightRain,Other,D590A Rue de l'Epinette,M,45.4667141470682,5.4679823093009965
201800015023,NonLethal,2018-09-12,16:50:00,TwilightOrDawn,380,75,Yes,NoIntersection,LightRain,2Vehicles-Side,164 rue du puits,M,45.47035614650208,5.472210458492996
201800015024,NonLethal,2018-12-21,21:30:00,NightStreelightsOn,380,439,Yes,X-type,HeavyRain,2Vehicles-BehindVehicles-Frontal,RD 525,M,,
201800015026,NonLethal,2018-06-16,12:10:00,Daylight,380,410,No,Roundabout,Normal,2Vehicles-Side,Giratoire D1092 et D69,M,45.078581643608224,5.076009239885494
201800015027,Lethal,2018-07-07,04:30:00,TwilightOrDawn,380,394,No,NoIntersection,Normal,Other,D1092,M,45.10212770872131,5.102401015620016
201800015028,Lethal,2018-09-28,15:40:00,Daylight,380,463,No,NoIntersection,Normal,2Vehicles-BehindVehicles-Frontal,D518,M,45.19419165301162,5.195279693828579