AccidentId,Gravity,Date,Hour,Light,Department,Commune,InAgglomeration,IntersectionType,Weather,CollisionType,PostalAddress,GPSCode,Latitude,Longitude
201800015029,NonLethal,2018-10-17,14:45:00,Daylight,380,36,No,X-type,Normal,2Vehicles-Side,D1532,M,45.1253409927866,5.12600965895817
201800015031,NonLethal,2018-10-28,11:30:00,Daylight,380,409,No,NoIntersection,Normal,2Vehicles-BehindVehicles-Frontal,DEPARTEMENTALE 1532,M,45.06257468558422,5.061823638164095
201800015032,NonLethal,2018-11-04,18:20:00,NightNoStreetLight,380,394,No,NoIntersection,Normal,3+Vehicles-Multiple,D1092,M,45.10920378723474,5.110549381158084
201800015034,NonLethal,2018-05-16,20:30:00,TwilightOrDawn,380,457,Yes,NoIntersection,Normal,Other,RUE DE CHAMPLAINE,M,45.3364217270297,5.338702936604682
201800015035,NonLethal,2018-06-28,17:35:00,Daylight,380,561,No,T-type,Normal,2Vehicles-Side,D130 - Chemin Novelay,M,45.32411738418016,5.323899200312631
201800015037,NonLethal,2018-07-14,12:10:00,Daylight,380,473,No,NoIntersection,Normal,2Vehicles-BehindVehicles-Frontal,D519,M,45.34517955723304,5.347488051833333
201800015038,NonLethal,2018-07-19,09:25:00,Daylight,380,457,No,NoIntersection,Normal,Other,D71,M,45.31509923859912,5.314459610603725
201800015041,Lethal,2018-09-09,04:00:00,NightNoStreetLight,380,561,No,NoIntersection,Normal,NoCollision,D156D - Rte Montfalcon,M,45.30682254369548,5.308200993166043
201800015043,NonLethal,2018-12-14,12:30:00,Daylight,380,384,No,NoIntersection,Normal,2Vehicles-BehindVehicles-Frontal,Départementale 518,M,45.33491570133086,5.333279349809459
201800015044,NonLethal,2018-02-16,21:55:00,NightStreelightsOn,380,517,Yes,NoIntersection,Normal,Other,Av. de la gare - D1092,M,45.30281788082294,5.301221340085225
201800015045,NonLethal,2018-02-17,23:30:00,NightStreelightsOn,380,517,Yes,NoIntersection,Normal,2Vehicles-Side,1 bis rue hector BERLIOZ,M,45.30828210027301,5.308300681213455
201800015047,NonLethal,2018-05-15,06:50:00,TwilightOrDawn,380,517,Yes,NoIntersection,LightRain,Other,9 chemin du Salamot,M,45.300995950254205,5.301705457411064
201800015048,NonLethal,2018-05-27,17:30:00,Daylight,380,500,No,NoIntersection,LightRain,Other,RD 1092,M,45.17900150977843,5.178318084542353
201800015049,NonLethal,2018-06-27,22:20:00,NightNoStreetLight,380,310,No,NoIntersection,Normal,Other,Avenue du Vercors,M,45.270909682428425,5.270305305522357
201800015050,NonLethal,2018-07-06,16:30:00,Daylight,380,517,Yes,T-type,Normal,NoCollision,Rue du Thenevet,M,45.304832982402885,5.30590698873194
201800015051,NonLethal,2018-10-11,13:00:00,Daylight,380,517,No,NoIntersection,Normal,2Vehicles-Side,Route de POLIENAS,M,45.27501973207435,5.274223201230768
201800015053,NonLethal,2018-07-01,11:40:00,Daylight,380,473,No,NoIntersection,Normal,NoCollision,route de Châtenay,M,45.34489316045433,5.344370953072982
201800015054,NonLethal,2018-01-30,19:30:00,NightNoStreetLight,380,134,No,NoIntersection,LightRain,2Vehicles-Side,892 route de vienne,M,45.4454188371856,4.445806811835704
201800015055,NonLethal,2018-02-27,15:45:00,Daylight,380,16,No,NoIntersection,Normal,Other,route de beaurepaire,M,45.42302373729289,5.421076936241433
201800015056,NonLethal,2018-03-02,09:00:00,Daylight,380,130,No,T-type,LightRain,2Vehicles-BehindVehicles-Frontal,D518A,M,45.37981073769197,5.378595718728086
201800015057,NonLethal,2018-09-03,14:25:00,Daylight,380,121,No,NoIntersection,Normal,NoCollision,D518,M,45.413173943308216,5.412456658087534
201800015058,NonLethal,2018-03-10,19:00:00,NightStreelightsOn,380,130,Yes,NoIntersection,Normal,Other,avenue camille rocher,M,45.39321568842439,5.393174295527227
201800015059,NonLethal,2018-03-24,15:30:00,Daylight,380,130,Yes,NoIntersection,Normal,2Vehicles-Behind,1 avenue camille rocher,M,45.39515232788612,5.394604507586521
201800015060,NonLethal,2018-04-21,16:45:00,Daylight,380,393,Yes,T-type,Normal,2Vehicles-Side,1455 route des Alpes,M,45.38871829091143,5.390191035226304
201800015061,NonLethal,2018-04-26,13:15:00,Daylight,380,130,No,X-type,Normal,2Vehicles-Side,D518,M,45.380584245001,5.379965926594702
201800015062,NonLethal,2018-04-28,15:45:00,Daylight,380,291,No,X-type,Normal,2Vehicles-Side,chemin du Chaffaud,M,45.36315506125492,5.364096949407988
201800015063,NonLethal,2018-04-28,19:00:00,Daylight,380,284,Yes,NoIntersection,Normal,Other,25 chemin de bellevue,M,45.39759414658449,5.3968804726685
201800015064,NonLethal,2018-04-29,06:40:00,TwilightOrDawn,380,69,Yes,NoIntersection,Normal,Other,Routes des Alpes,M,45.44492988554149,5.445234550496738
201800015065,NonLethal,2018-01-06,08:15:00,Daylight,380,130,No,X-type,Normal,2Vehicles-Side,chemin de passe farine,M,45.37900697107877,5.37857963049019
201800015066,NonLethal,2018-04-06,08:35:00,Daylight,380,274,No,X-type,Normal,2Vehicles-BehindVehicles-Frontal,D71,M,45.43180494354148,5.434738321072623
201800015067,NonLethal,2018-06-15,12:50:00,Daylight,380,267,No,X-type,Normal,2Vehicles-BehindVehicles-Frontal,route de NAPOLEON RD 108,M,45.42810538650313,5.426795623646348
201800015069,NonLethal,2018-06-21,16:10:00,Daylight,380,130,Yes,Roundabout,Normal,Other,Rue des Cordiers,M,45.39323098441526,5.39368627479513
201800015070,NonLethal,2018-06-23,09:40:00,Daylight,380,34,No,T-type,Normal,2Vehicles-BehindVehicles-Frontal,Inter D519D / D519,M,45.3321906668435,5.329789483227968
201800015071,NonLethal,2018-06-30,19:40:00,Daylight,380,37,No,X-type,Normal,2Vehicles-Side,Inter D5lC et D46,M,45.35772706136361,4.357761817838841
201800015073,NonLethal,2018-12-07,20:00:00,Daylight,380,311,No,X-type,Normal,2Vehicles-Side,Lieu dit CHARDON,M,45.40467966774619,5.402087723984256
201800015074,NonLethal,2018-11-07,21:35:00,TwilightOrDawn,380,473,No,NoIntersection,Normal,Other,Chemin de Poinponnier,M,45.36540067784789,5.364496925877571
201800015075,NonLethal,2018-07-15,12:30:00,Daylight,380,69,No,Y-type,Normal,NoCollision,D1085,M,45.435447261760686,5.436187893322561
201800015076,NonLethal,2018-04-08,20:10:00,Daylight,380,49,No,T-type,Normal,2Vehicles-Side,Chemin de Chassagne,M,45.406108093890495,5.404684946251439
201800015077,NonLethal,2018-12-08,17:30:00,Daylight,380,161,Yes,NoIntersection,Normal,2Vehicles-BehindVehicles-Frontal,Chemin de la Croze,M,45.39234369386464,5.3915060080909765
201800015078,Lethal,2018-09-30,10:30:00,Daylight,380,69,No,NoIntersection,Normal,2Vehicles-BehindVehicles-Frontal,D51,M,45.43365555246851,5.434848670945185
201800015079,NonLethal,2018-10-26,02:50:00,NightNoStreetLight,380,284,No,NoIntersection,LightRain,NoCollision,route d'arzay,M,45.39901571076896,5.403040021018301
201800015080,NonLethal,2018-10-29,11:50:00,Daylight,380,37,No,X-type,HeavyRain,2Vehicles-Side,Inter D51C et D46,M,45.35647338658316,4.355927536404104
201800015081,NonLethal,2018-11-08,08:10:00,Daylight,380,274,No,NoIntersection,Normal,3+Vehicles-Chain,D51,M,45.43412711471367,5.433767332315675
201800015083,NonLethal,2018-12-11,14:20:00,Daylight,380,300,No,NoIntersection,Normal,2Vehicles-Side,D157,M,45.36523321791094,5.364270546889638
201800015084,NonLethal,2018-12-16,14:15:00,Daylight,380,130,No,NoIntersection,Normal,2Vehicles-BehindVehicles-Frontal,D119 AXE DE BIÈVRE,M,45.35184030742348,5.351052384772322
201800015085,NonLethal,2018-02-01,13:10:00,Daylight,380,288,No,NoIntersection,Normal,Other,D75,M,45.57202360443711,5.571799265481363
201800015086,NonLethal,2018-01-20,20:20:00,NightNoStreetLight,380,408,No,NoIntersection,HeavyRain,Other,D36A,M,45.611953870502205,5.612213334034967
201800015087,NonLethal,2018-02-12,16:50:00,Daylight,380,351,No,NoIntersection,Normal,2Vehicles-BehindVehicles-Frontal,lieu dit le moule,M,45.54833275743481,5.547951293226612
201800015089,NonLethal,2018-11-03,13:45:00,Daylight,380,389,No,NoIntersection,Normal,2Vehicles-BehindVehicles-Frontal,D75,M,45.5862235814422,5.587599512686757
201800015090,NonLethal,2018-03-22,16:00:00,Daylight,380,389,Yes,NoIntersection,Normal,Other,6 chemin du sautaret,M,45.553216164120464,5.555976064294584
201800015091,Lethal,2018-03-04,07:35:00,Daylight,380,346,No,X-type,Normal,2Vehicles-Side,D 502 - Ch des Glissiere,M,45.50051588246315,5.501401421036423
201800015092,NonLethal,2018-07-04,13:30:00,Daylight,380,389,No,X-type,Normal,2Vehicles-Side,Intersection CD518 et Ch,M,45.55582895139349,5.556986816408207
201800015093,NonLethal,2018-05-04,09:45:00,Daylight,380,144,No,NoIntersection,Normal,3+Vehicles-Multiple,D75,M,45.59190788288341,5.594146762857926
201800015094,NonLethal,2018-04-16,15:10:00,Daylight,380,408,Yes,NoIntersection,Normal,Other,Route du Stade,M,45.577375421634585,5.578963593053463
201800015095,NonLethal,2018-04-19,09:50:00,Daylight,380,15,Yes,NoIntersection,Normal,NoCollision,Rue des guinières,M,45.535942711962285,5.538119464687572
201800015097,NonLethal,2018-05-05,08:50:00,Daylight,380,399,Yes,Roundabout,Normal,2Vehicles-Side,D518,M,45.495970790209,5.495986942226882
201800015098,Lethal,2018-05-16,09:30:00,Daylight,380,399,Yes,NoIntersection,Normal,NoCollision,chemin des Embouffus,M,45.49849871349499,5.500223984373863
201800015099,NonLethal,2018-05-18,07:00:00,Daylight,380,476,No,NoIntersection,Normal,Other,RD 502,M,45.49681910989713,5.496810843938142
201800015100,NonLethal,2018-05-18,17:00:00,Daylight,380,399,Yes,T-type,Normal,2Vehicles-BehindVehicles-Frontal,rue de la barre,M,45.50248273297874,5.5024179431159554
201800015101,NonLethal,2018-05-20,10:15:00,Daylight,380,15,No,T-type,Normal,2Vehicles-BehindVehicles-Frontal,Chemin de la verne,M,45.541177078816006,5.540863666239255
201800015102,NonLethal,2018-05-21,00:45:00,NightNoStreetLight,380,476,No,NoIntersection,Normal,NoCollision,D502,M,45.494734056248994,5.49632236616438
201800015103,NonLethal,2018-10-06,11:30:00,Daylight,380,389,No,X-type,Normal,2Vehicles-Side,Intersection Route de la,M,45.552259889190175,5.551203224264063
201800015104,NonLethal,2018-06-28,08:00:00,Daylight,380,35,Yes,NoIntersection,VeryGood,Other,D518,M,45.5227789982258,5.522332923646733
201800015106,NonLethal,2018-07-04,14:00:00,Daylight,380,189,Yes,X-type,Normal,2Vehicles-Side,D53A,M,45.63703296318014,5.637152093666214
201800015110,NonLethal,2018-07-27,10:20:00,Daylight,380,189,Yes,Other,Normal,2Vehicles-Side,Avenue du 19 mars 1962,M,45.63760598200407,5.639378992537587
201800015111,NonLethal,2018-08-10,15:35:00,Daylight,380,346,Yes,NoIntersection,Normal,NoCollision,lieu dit Laval,M,45.50309447049478,5.506781196201519
201800015112,NonLethal,2018-08-19,20:00:00,TwilightOrDawn,380,94,No,NoIntersection,Normal,2Vehicles-BehindVehicles-Frontal,route des étangs,M,45.47776233287853,5.476845814630454
201800015113,Lethal,2018-05-09,06:45:00,Daylight,380,211,No,T-type,Normal,2Vehicles-Side,D518,M,45.45038886677776,5.45001030490366
201800015114,NonLethal,2018-08-09,02:40:00,NightNoStreetLight,380,389,No,NoIntersection,Normal,Other,Chemin du Revoireau,M,45.54531856632055,5.54590114622391
201800015115,NonLethal,2018-10-30,09:45:00,Daylight,380,399,Yes,NoIntersection,LightRain,Other,D518 - Route de Lyon,M,45.49710567565495,5.4961251891466665
201800015116,NonLethal,2018-11-17,14:00:00,Daylight,380,399,Yes,Roundabout,Normal,Other,GIRATOIRE D518 ET D502,M,45.49722093638815,5.498067468572409
201800015117,NonLethal,2018-11-19,17:40:00,NightNoStreetLight,380,144,No,NoIntersection,SnowOrHail,2Vehicles-Side,D75,M,45.60726075518597,5.607641051338038
201800015120,NonLethal,2018-04-13,10:20:00,Daylight,310,205,Yes,NoIntersection,Normal,2Vehicles-Side,"lieu-dit ""lespagnoulet""",M,43.70763881702794,1.7053147465376677
201800015121,Lethal,2018-05-06,22:40:00,NightNoStreetLight,310,182,No,NoIntersection,Normal,2Vehicles-Side,route départementale 820,M,43.68459406344128,1.6852395347330125
201800015122,NonLethal,2018-06-29,17:30:00,Daylight,310,252,Yes,NoIntersection,VeryGood,2Vehicles-Side,route de montberon,M,43.72909083952276,1.7316665846813486
201800015123,NonLethal,2018-07-08,15:55:00,Daylight,310,490,No,NoIntersection,VeryGood,2Vehicles-BehindVehicles-Frontal,D20,M,43.75217603554098,1.7532006432175582
201800015124,NonLethal,2018-07-30,14:25:00,Daylight,310,490,No,NoIntersection,Normal,2Vehicles-BehindVehicles-Frontal,74RD820,M,43.740105912210936,1.7408984840356163
201800015125,NonLethal,2018-08-01,16:15:00,Daylight,310,182,No,Other,Normal,2Vehicles-Side,RD 820 face au 163 ROUTE,M,43.6980768287692,1.6967012890701614
201800015126,NonLethal,2018-08-03,17:00:00,Daylight,310,205,No,NoIntersection,Normal,3+Vehicles-Chain,"D63, route de Seilh",M,43.70116717777687,1.7007224992716938
201800015127,NonLethal,2018-08-26,23:30:00,NightStreelightsOn,310,182,No,NoIntersection,Normal,2Vehicles-Behind,Route départementale 820,M,43.68804210519262,1.6872114916306402
201800015129,NonLethal,2018-09-12,07:45:00,Daylight,310,293,No,NoIntersection,Normal,2Vehicles-Side,RD63G,M,43.71912408483701,1.7210343432650508
201800015130,NonLethal,2018-04-10,11:00:00,Daylight,310,490,Yes,T-type,VeryGood,2Vehicles-Side,intersection route de Sa,M,43.74285439555462,1.742818466005467
201800015132,NonLethal,2018-11-17,15:40:00,Daylight,310,293,No,NoIntersection,Normal,2Vehicles-Side,Route de la Plage,M,43.70832197162959,1.7101453453526352
201800015137,NonLethal,2018-11-01,07:45:00,NightStreelightsOff,310,202,Yes,NoIntersection,Normal,Other,Avenue de Villaudric,M,43.83426275206169,1.8356299437021
201800015138,NonLethal,2018-02-25,07:00:00,TwilightOrDawn,310,515,No,NoIntersection,Normal,2Vehicles-Side,D 820,M,43.806279613525085,1.805367821718472
201800015139,Lethal,2018-04-20,22:00:00,NightNoStreetLight,310,73,No,NoIntersection,Normal,2Vehicles-BehindVehicles-Frontal,Route de montvalen,M,43.84312682836068,1.8441098108824487
201800015140,NonLethal,2018-04-21,18:19:00,Daylight,310,118,No,Other,Normal,2Vehicles-BehindVehicles-Frontal,CHEMIN DE FLOTIS,M,43.79881214444061,1.7996153273400828
201800015141,NonLethal,2018-05-15,15:35:00,Daylight,310,584,No,NoIntersection,LightRain,2Vehicles-BehindVehicles-Frontal,Route de Bondigoux,M,43.8635016958263,1.863450694924832
201800015142,NonLethal,2018-09-18,07:00:00,NightNoStreetLight,310,79,Yes,X-type,Normal,2Vehicles-Side,Rue Jean Jaurès,M,43.780973709006815,1.780146926902289
201800015143,NonLethal,2018-10-16,07:30:00,NightNoStreetLight,310,79,No,NoIntersection,LightRain,2Vehicles-BehindVehicles-Frontal,route de Fronton,M,43.77233562315145,1.7730009503162392
201800015144,NonLethal,2018-10-25,18:30:00,Daylight,310,118,No,NoIntersection,Normal,2Vehicles-BehindVehicles-Frontal,Route de Fronton,M,43.80469986102998,1.8065604438993623
201800015145,NonLethal,2018-08-11,17:40:00,TwilightOrDawn,310,202,No,NoIntersection,Normal,Other,ROUTE DE GRISOLLES,M,43.84139521644675,1.840676965036579
201800015147,NonLethal,2018-11-15,09:00:00,TwilightOrDawn,310,118,Yes,NoIntersection,Normal,Other,avenue de montauban,M,43.7862765559204,1.7857877251105247
201800015148,NonLethal,2018-01-02,12:20:00,Daylight,310,117,No,NoIntersection,LightRain,2Vehicles-Side,RD 888,M,43.68823280056024,1.6885319042061924
201800015149,NonLethal,2018-01-18,10:48:00,Daylight,310,383,No,NoIntersection,Normal,NoCollision,"PK 6l, Dl5 , RTE BESSIER",M,43.770424182705526,1.7710944650674008
201800015150,NonLethal,2018-02-16,12:15:00,Daylight,310,561,Yes,T-type,Normal,2Vehicles-Side,route de BESSIERES,M,43.65062970118816,1.652105000485398
201800015151,NonLethal,2018-05-23,07:10:00,Daylight,310,561,Yes,Roundabout,Normal,2Vehicles-Side,50 route de Bessières,M,43.656166692290704,1.6566095203564182
201800015152,NonLethal,2018-09-07,02:45:00,NightNoStreetLight,310,358,No,NoIntersection,HeavyRain,Other,chemin des Brantes,M,43.713067518192354,1.7145295077900584
201800015153,Lethal,2018-10-21,06:42:00,NightNoStreetLight,310,94,No,NoIntersection,FogOrSmoke,Other,3410 route départemental,M,43.7528787593426,1.7529053421692609
201800015155,NonLethal,2018-03-02,17:30:00,Daylight,310,341,No,NoIntersection,Normal,2Vehicles-BehindVehicles-Frontal,route des platanes,M,43.71732126452503,1.7189418338748546
201800015156,NonLethal,2018-04-24,12:00:00,Daylight,310,553,No,X-type,Normal,2Vehicles-Side,CD1 route de cadours,M,43.71333931104592,1.715812553360414
201800015157,Lethal,2018-05-13,02:40:00,NightNoStreetLight,310,281,No,NoIntersection,Normal,Other,D29,M,43.74425030386904,1.7431006094407226
201800015158,NonLethal,2018-06-19,12:35:00,Daylight,310,160,No,NoIntersection,Normal,Other,départementale l7,M,43.6889176436647,1.690073352588001
201800015159,Lethal,2018-07-01,08:30:00,Daylight,310,93,No,NoIntersection,Normal,2Vehicles-BehindVehicles-Frontal,RD 30 - Route de Belless,M,43.79066653789878,1.7908281282443643
201800015161,Lethal,2018-09-28,20:40:00,NightNoStreetLight,310,341,No,NoIntersection,Normal,Other,Départementale 17,M,43.72250916298376,1.721431595463637
201800015162,NonLethal,2018-11-25,04:00:00,NightNoStreetLight,310,90,No,NoIntersection,Normal,NoCollision,D41 C,M,43.75487559900725,9.755883912922144
201800015165,NonLethal,2018-02-25,18:50:00,NightNoStreetLight,310,145,No,NoIntersection,Normal,2Vehicles-Side,intersection D820-D25M,M,43.29802164178178,1.2974266768869942
201800015166,NonLethal,2018-02-27,20:20:00,NightStreelightsOn,310,33,Yes,NoIntersection,Normal,2Vehicles-Side,"49, Avenue Etienne Billi",M,43.35429040085445,1.3538061373773895
201800015167,NonLethal,2018-03-21,22:30:00,NightNoStreetLight,310,33,No,NoIntersection,Normal,Other,LIEU-DIT SAVY,M,43.36484062461894,1.3661563358806137
201800015168,NonLethal,2018-04-03,16:40:00,Daylight,310,574,No,NoIntersection,Normal,NoCollision,chemin sans nom,M,43.43283346877904,1.4329202532728709
201800015169,NonLethal,2018-07-04,06:00:00,NightNoStreetLight,310,33,No,NoIntersection,Normal,2Vehicles-BehindVehicles-Frontal,D820,M,43.35742745194687,1.3579889197449355
201800015170,NonLethal,2018-05-06,12:50:00,Daylight,310,33,No,NoIntersection,Normal,3+Vehicles-Multiple,"RD622 - ""LA GOREILLE""",M,43.36054275251404,1.3597713989914126
201800015171,NonLethal,2018-05-27,08:45:00,Daylight,310,33,No,NoIntersection,Normal,Other,D622,M,43.34780156257358,1.3479970252576914
201800015172,NonLethal,2018-09-06,06:30:00,Daylight,310,33,Yes,X-type,Normal,2Vehicles-Side,Rue Jean JAURÈS,M,43.34919272686148,1.3482099059699184
201800015173,NonLethal,2018-07-08,08:15:00,Daylight,310,206,No,NoIntersection,Normal,Other,D25 - Lieu-dit Bastisse,M,43.25695905590474,1.257634835942929
201800015174,NonLethal,2018-07-14,23:50:00,NightNoStreetLight,310,33,No,NoIntersection,Normal,2Vehicles-BehindVehicles-Frontal,D820,M,43.33633767124672,1.336565232075541
201800015175,NonLethal,2018-07-15,15:37:00,Daylight,310,33,No,NoIntersection,Normal,NoCollision,99 route de grépiac,M,43.381998061532784,1.3800989011154134
201800015176,NonLethal,2018-08-15,11:30:00,Daylight,310,345,Yes,NoIntersection,Normal,NoCollision,route de beaumont,M,43.375171655254746,1.3731491988639246
201800015177,NonLethal,2018-08-16,18:35:00,Daylight,310,33,No,NoIntersection,Normal,Other,route de grepiac,M,43.37009187192883,1.370530415514659
201800015178,NonLethal,2018-08-23,21:10:00,NightStreelightsOn,310,33,Yes,NoIntersection,Normal,Other,D820,M,43.3611487304854,1.3613362799184383
201800015179,NonLethal,2018-08-26,19:30:00,Daylight,310,128,Yes,NoIntersection,Normal,Other,RD12D - 345 route d'Aute,M,43.304974589972495,1.3036366393529009
201800015180,NonLethal,2018-09-27,11:05:00,Daylight,310,33,Yes,NoIntersection,Normal,2Vehicles-BehindVehicles-Frontal,20 route de Cintegabelle,M,43.34730137801496,1.3450597890806195
201800015181,NonLethal,2018-10-14,16:20:00,Daylight,310,145,No,NoIntersection,Normal,NoCollision,D820,M,43.27274895007155,1.2733391588724
201800015182,NonLethal,2018-10-21,22:10:00,NightNoStreetLight,310,206,No,NoIntersection,Normal,NoCollision,CD 25,M,43.25629033028972,1.254710189563882
201800015183,NonLethal,2018-11-17,15:15:00,Daylight,310,33,No,T-type,Normal,2Vehicles-Side,Chemin des BRUZES,M,43.38024197437292,1.3823375272357576
201800015184,NonLethal,2018-01-01,17:15:00,TwilightOrDawn,310,375,No,NoIntersection,HeavyRain,Other,CD627,M,43.1573472842708,1.1577201903649164
201800015185,NonLethal,2018-02-03,20:50:00,NightNoStreetLight,310,361,No,NoIntersection,LightRain,2Vehicles-Side,RD622,M,43.33583698296511,1.3365672031856608
201800015186,Lethal,2018-02-11,13:50:00,Daylight,310,52,Yes,NoIntersection,Overcast,NoCollision,85 Chemin du Buherle,M,43.37860559645504,1.3777477013627657
201800015187,NonLethal,2018-02-18,12:15:00,Daylight,310,455,Yes,NoIntersection,Normal,NoCollision,route de latrape,M,43.26516672306436,1.265781968472944
201800015188,NonLethal,2018-07-03,14:20:00,Daylight,310,107,No,NoIntersection,VeryGood,2Vehicles-BehindVehicles-Frontal,Départementale 627 C,M,43.32014937058845,1.3212868110123532
201800015189,NonLethal,2018-04-11,17:30:00,Daylight,310,280,No,NoIntersection,Normal,2Vehicles-Side,Lieu-dit La Pierre,M,43.24501948223362,1.24462312411351
201800015191,NonLethal,2018-06-05,10:30:00,Daylight,310,107,No,NoIntersection,Normal,Other,D10,M,43.280884621656135,1.281765588625101
201800015193,NonLethal,2018-06-24,18:25:00,Daylight,310,320,No,NoIntersection,Normal,2Vehicles-BehindVehicles-Frontal,LD MOULIS,M,43.30211122694995,1.3031178578708156
201800015194,NonLethal,2018-07-22,07:00:00,TwilightOrDawn,310,303,No,NoIntersection,Normal,Other,22 chemin du bois de la,M,43.36103709525717,1.3606110101158837
201800015195,Lethal,2018-07-13,06:30:00,Daylight,310,399,No,T-type,Normal,2Vehicles-Side,"CD 10 ""les Clauzoles""",M,43.3642682532174,1.3630303844828098
201800015196,NonLethal,2018-07-27,23:50:00,NightNoStreetLight,310,455,No,NoIntersection,Normal,2Vehicles-Behind,D25,M,43.25768062968284,1.2587244280829
201800015197,NonLethal,2018-11-25,06:15:00,TwilightOrDawn,310,286,No,NoIntersection,LightRain,Other,772 chemin des entrepren,M,43.25628248259731,1.2546145570238456
201800015198,NonLethal,2018-09-12,18:20:00,Daylight,310,107,Yes,NoIntersection,Normal,2Vehicles-Side,route de l'arize,M,43.299247069245,1.300665280554394
201800015201,NonLethal,2018-11-21,22:45:00,NightNoStreetLight,310,258,No,NoIntersection,Normal,NoCollision,D626 B - PK 0 + 100,M,43.27974780848272,1.280615584008759
201800015202,NonLethal,2018-12-05,13:10:00,Daylight,310,399,No,NoIntersection,Normal,Other,D617,M,43.35791331232434,1.3557111111920668
201800015203,NonLethal,2018-01-13,10:45:00,Daylight,310,135,No,NoIntersection,Normal,NoCollision,CD 36,M,43.21479949279562,1.2147242192831758
201800015205,NonLethal,2018-03-06,15:30:00,Daylight,310,135,No,X-type,LightRain,2Vehicles-Side,CD36/ CHEMIN DE RASSAC,M,43.22035348409503,1.2196503455351162
201800015206,NonLethal,2018-04-20,15:14:00,Daylight,310,406,No,NoIntersection,Normal,NoCollision,avenue de martres,M,43.19727641598101,1.198892413425629
201800015207,NonLethal,2018-04-26,12:05:00,Daylight,310,261,No,NoIntersection,Normal,2Vehicles-BehindVehicles-Frontal,"D626, Route de Carbonne",M,43.30075908678464,1.301523699619766
201800015208,NonLethal,2018-04-29,10:50:00,Daylight,310,196,No,NoIntersection,HeavyRain,NoCollision,D8,M,43.26035003924295,9.262499725189958
201800015209,NonLethal,2018-06-13,10:46:00,Daylight,310,327,No,NoIntersection,Normal,Other,Route de mauran,M,43.18583898641731,1.183721471489651
201800015210,NonLethal,2018-07-26,19:50:00,Daylight,310,425,No,NoIntersection,Normal,NoCollision,route de cazeres,M,43.16892485095661,1.1688549817948457
201800015211,Lethal,2018-08-29,21:20:00,NightStreelightsOff,310,530,No,NoIntersection,Overcast,Other,Départementale 10,M,43.221780667290425,1.2231505569120136
201800015212,Lethal,2018-12-24,19:30:00,NightNoStreetLight,310,317,No,Other,LightRain,Other,Lieu dit Le Moulin,M,43.301400120779135,1.3037716224557547
201800015213,NonLethal,2018-03-01,22:40:00,NightStreelightsOn,310,187,Yes,Roundabout,Overcast,NoCollision,D632,M,43.535488910360456,1.536881260133048
201800015214,NonLethal,2018-03-21,10:35:00,Daylight,310,499,Yes,T-type,Normal,2Vehicles-Side,Rue du 19 Mars 1962,M,43.507413030712655,1.509244502875359
201800015215,NonLethal,2018-03-05,14:00:00,Daylight,310,424,No,NoIntersection,Normal,Other,route de Lamasquère,M,43.53776757858856,1.5398117801478872
201800015216,NonLethal,2018-12-06,16:00:00,Daylight,310,424,No,NoIntersection,Normal,Other,boulevard pierre et mari,M,43.59644718793581,1.5958092740336094
201800015217,NonLethal,2018-11-07,10:29:00,Daylight,310,424,Yes,NoIntersection,Normal,Other,Avenue de Lingfield,M,43.563908362081214,1.5631906821016344
201800015218,NonLethal,2018-07-12,16:35:00,Daylight,310,187,Yes,X-type,Normal,2Vehicles-Side,D 68 - Route de seysses,M,43.52553916140546,1.5254425548737418
201800015219,NonLethal,2018-07-19,10:15:00,Daylight,310,187,Yes,NoIntersection,Normal,2Vehicles-Side,2134 route de Tarbes,M,43.53598806043771,1.5354676978969533
201800015220,NonLethal,2018-10-08,07:30:00,TwilightOrDawn,310,424,No,NoIntersection,Normal,2Vehicles-Side,RD 82 - au niveau du N°2,M,43.55650598196298,1.5577776099285303
201800015221,NonLethal,2018-10-26,12:35:00,Daylight,310,75,No,NoIntersection,FogOrSmoke,Other,D12,M,43.54781402908854,1.548239227038661