AccidentId,Gravity,Date,Hour,Light,Department,Commune,InAgglomeration,IntersectionType,Weather,CollisionType,PostalAddress,GPSCode,Latitude,Longitude
201800015222,NonLethal,2018-11-16,09:08:00,Daylight,310,499,No,T-type,Normal,2Vehicles-Side,route de fonterilles,M,43.52781608657452,1.527216662556513
201800015223,NonLethal,2018-12-20,16:10:00,Daylight,310,424,No,NoIntersection,Normal,2Vehicles-BehindVehicles-Frontal,Rue des Landes,M,43.55224482460834,1.553091443180772
201800015224,Lethal,2018-02-13,01:00:00,NightStreelightsOn,310,427,Yes,NoIntersection,Other,Other,Route départementale 21,M,43.08382485904085,7.086145955160361
201800015225,NonLethal,2018-03-03,09:45:00,Daylight,310,255,No,NoIntersection,Normal,NoCollision,Chemin de Seinges,M,43.03815161394319,5.040804453610362
201800015227,Lethal,2018-05-05,07:45:00,Daylight,310,536,No,NoIntersection,Normal,Other,rd 5,M,43.16413297572287,7.1624303653917805
201800015228,NonLethal,2018-07-30,18:55:00,Daylight,310,390,Yes,NoIntersection,VeryGood,Other,avenue Salvador Allende,M,43.08324452080824,5.081179495434155
201800015230,NonLethal,2018-10-09,15:25:00,Daylight,310,147,No,NoIntersection,Normal,2Vehicles-Side,route départementale 817,M,43.10455262036132,6.105796852040986
201800015232,NonLethal,2018-01-27,19:15:00,NightNoStreetLight,310,85,Yes,NoIntersection,Normal,Other,D 44,M,42.920197017593374,7.91865209774812
201800015233,NonLethal,2018-08-13,15:30:00,Daylight,310,471,No,NoIntersection,Normal,2Vehicles-Side,RD 44,M,42.90486553404891,6.904736419890885
201800015234,NonLethal,2018-08-25,12:45:00,Daylight,310,42,Yes,NoIntersection,Normal,Other,Boulevard Charles de Gau,M,42.792319062497285,5.792027744240269
201800015235,NonLethal,2018-08-09,13:30:00,Daylight,310,432,No,NoIntersection,Normal,2Vehicles-Behind,RD618,M,42.803384789358326,4.8063649399147925
201800015236,NonLethal,2018-01-10,23:45:00,NightNoStreetLight,310,28,No,NoIntersection,LightRain,Other,D8,M,43.20950250999938,8.210387470682413
201800015238,NonLethal,2018-05-15,17:30:00,Daylight,310,412,No,NoIntersection,Normal,2Vehicles-BehindVehicles-Frontal,RD41B,M,43.32338516621844,6.320899637437448
201800015239,Lethal,2018-05-20,00:30:00,NightNoStreetLight,310,494,No,NoIntersection,LightRain,Other,RD 17,M,43.31769859583295,7.3166737967466755
201800015241,NonLethal,2018-07-07,17:45:00,Daylight,310,482,No,NoIntersection,Normal,NoCollision,Départementale 3 - PK 14,M,43.33107858738952,8.330791480213621
201800015242,NonLethal,2018-08-02,02:15:00,NightNoStreetLight,310,477,No,NoIntersection,Normal,Other,D8D,M,43.19683904254017,8.199294369318462
201800015243,NonLethal,2018-10-25,09:40:00,Daylight,310,70,Yes,X-type,Normal,Other,D633 route de Boulogne s,M,43.258092417253145,6.259347270982717
201800015244,Lethal,2018-11-21,18:40:00,NightNoStreetLight,310,70,No,NoIntersection,Normal,Other,D633,M,43.25473424064546,6.2528367626814205
201800015245,NonLethal,2018-05-12,06:30:00,NightNoStreetLight,310,493,No,NoIntersection,Normal,Other,RD 5,M,43.22362411721833,7.223274513087742
201800015246,NonLethal,2018-12-01,15:27:00,Daylight,310,183,No,NoIntersection,Normal,Other,D26,M,43.08870802673106,9.086657125509326
201800015247,NonLethal,2018-01-27,11:50:00,Daylight,310,550,No,NoIntersection,Normal,Other,Lieu-dit Lucas,M,43.066101503696935,7.064886734968394
201800015248,NonLethal,2018-05-07,07:15:00,Daylight,310,183,No,NoIntersection,Normal,Other,Lieu dit les moureres,M,43.0907188985109,9.09109339607242
201800015249,NonLethal,2018-09-06,14:40:00,Daylight,310,523,Yes,NoIntersection,Normal,Other,14 avenue du sel,M,43.10152146754868,9.100420943072551
201800015252,NonLethal,2018-09-11,11:40:00,Daylight,310,336,No,NoIntersection,Normal,Other,Chemin des Quouarts,M,43.13016221627136,9.131222863873424
201800015253,NonLethal,2018-09-15,16:15:00,Daylight,310,503,No,NoIntersection,Normal,Other,lieu-dit l'Escalère,M,43.140071257231625,9.14074168678705
201800015254,Lethal,2018-10-03,14:30:00,Daylight,310,237,No,NoIntersection,Normal,Other,D 117,M,43.0674488531561,9.070677831971658
201800015255,NonLethal,2018-10-20,18:20:00,Daylight,310,191,No,NoIntersection,Normal,NoCollision,Chemin du relais de Mont,M,42.97941665058698,9.979378480503978
201800015257,NonLethal,2018-01-06,21:20:00,NightNoStreetLight,310,374,No,NoIntersection,HeavyRain,Other,lieu dit mestres frances,M,43.423573076850495,1.4239634676361264
201800015258,NonLethal,2018-02-03,03:00:00,NightNoStreetLight,310,589,No,NoIntersection,LightRain,NoCollision,RD813,M,43.43236094495954,1.432042867068339
201800015259,NonLethal,2018-07-02,06:58:00,TwilightOrDawn,310,100,No,NoIntersection,Normal,2Vehicles-Side,lieu dit CHOYNE,M,43.30163245217484,1.3027065808579612
201800015260,NonLethal,2018-02-17,12:25:00,Daylight,310,210,No,NoIntersection,Normal,2Vehicles-BehindVehicles-Frontal,D622,M,43.37630581051854,1.3775598837341614
201800015261,NonLethal,2018-04-01,12:05:00,Daylight,310,396,No,NoIntersection,Normal,Other,D19,M,43.37935234867584,1.3799139995171708
201800015262,NonLethal,2018-07-05,09:00:00,Daylight,310,582,Yes,NoIntersection,Normal,Other,112 RUE DE LA REPUBLIQUE,M,43.39827701472882,1.3991622375077937
201800015263,NonLethal,2018-05-19,11:45:00,Daylight,310,37,No,T-type,Normal,2Vehicles-BehindVehicles-Frontal,"RD 43, à proximité du ca",M,43.35604919901616,1.357121571267954
201800015264,NonLethal,2018-05-07,21:30:00,TwilightOrDawn,310,210,No,NoIntersection,Overcast,2Vehicles-BehindVehicles-Frontal,"Route de Mirepoix, RD625",M,43.38626582442066,1.386446834757103
201800015265,NonLethal,2018-11-07,11:30:00,Daylight,310,374,No,NoIntersection,Normal,NoCollision,Chemin de Goudet,M,43.40847925961318,1.406835359100492
201800015266,Lethal,2018-07-22,20:15:00,Daylight,310,374,No,X-type,Normal,2Vehicles-Side,carrefour D11 - D16,M,43.41723983241149,1.418241787919557
201800015267,NonLethal,2018-08-23,22:30:00,NightNoStreetLight,310,100,No,NoIntersection,LightRain,Other,lieu dit coupe,M,43.3169654050058,1.3151646512208397
201800015268,NonLethal,2018-03-09,16:40:00,Daylight,310,589,No,NoIntersection,Normal,2Vehicles-BehindVehicles-Frontal,DR813 LD Les Mathieux,M,43.431102975798666,1.4322501875888451
201800015269,Lethal,2018-10-04,11:55:00,Daylight,310,210,No,X-type,Normal,2Vehicles-Side,D97 - Hameau de Laval,M,43.40030391505801,1.399218826642921
201800015270,NonLethal,2018-07-11,10:00:00,Daylight,310,210,No,NoIntersection,Normal,2Vehicles-BehindVehicles-Frontal,HAMEAU DE LAVAL,M,43.397367985412544,1.3978595033693288
201800015271,Lethal,2018-11-24,00:22:00,NightNoStreetLight,310,374,No,NoIntersection,Normal,Other,CD16,M,43.42009750089319,1.4192607045527772
201800015272,NonLethal,2018-02-03,04:40:00,NightNoStreetLight,310,534,No,NoIntersection,SnowOrHail,Other,RD 826,M,43.59055695179901,1.591101132673349
201800015273,NonLethal,2018-05-02,02:30:00,NightNoStreetLight,310,534,No,NoIntersection,HeavyRain,Other,D826,M,43.59129985705188,1.5914725053771053
201800015274,NonLethal,2018-05-21,17:05:00,Daylight,310,325,No,NoIntersection,Normal,Other,D.11,M,43.55919235020857,1.5598119192844209
201800015276,Lethal,2018-08-13,18:40:00,Daylight,310,558,No,X-type,Normal,2Vehicles-Side,D25,M,43.47557042902936,1.4757619913121205
201800015277,NonLethal,2018-08-19,09:10:00,Daylight,310,451,Yes,Roundabout,Normal,Other,rond point des trois Grâ,M,43.46088958418278,2.459920034173575
201800015281,NonLethal,2018-04-11,18:20:00,Daylight,290,108,No,NoIntersection,Normal,2Vehicles-BehindVehicles-Frontal,Guilguiffin,M,47.99914759451621,-0.9995486284006508
201800015282,Lethal,2018-04-05,16:50:00,Daylight,290,216,No,X-type,Normal,2Vehicles-Side,D56,M,47.98976622182397,-0.985797078888524
201800015283,NonLethal,2018-05-15,14:40:00,Daylight,290,216,No,NoIntersection,Normal,2Vehicles-Side,D785,M,47.95863000838001,-0.9583226376669364
201800015284,NonLethal,2018-05-19,15:00:00,Daylight,290,225,Yes,NoIntersection,Normal,Other,D40 - Penhors,M,47.939172512494885,-0.9367197978969596
201800015285,NonLethal,2018-02-06,18:10:00,Daylight,290,216,No,Y-type,Normal,3+Vehicles-Multiple,chemin de pen allé kerin,M,47.9793062449516,-0.9787086867664518
201800015286,NonLethal,2018-06-22,16:25:00,Daylight,290,197,Yes,NoIntersection,Normal,Other,rue saint-winoc,M,48.01591869844999,-0.013695550335112
201800015289,Lethal,2018-07-24,15:00:00,Daylight,290,3,Yes,NoIntersection,Other,Other,rue Pierre Brossolette,M,48.029550556238334,-0.0289577699884869
201800015290,Lethal,2018-08-13,18:30:00,Daylight,290,215,Yes,NoIntersection,Normal,2Vehicles-Side,gorréquer,M,47.96837166687873,-0.9684876493073612
201800015291,NonLethal,2018-08-16,16:50:00,Daylight,290,3,Yes,NoIntersection,Normal,Other,rue lamartine,M,48.02846134546592,-0.0277480420838449
201800015292,NonLethal,2018-08-22,18:05:00,Daylight,290,3,Yes,X-type,Normal,2Vehicles-Side,kerivoas,M,48.02896312380426,-0.0294081449101956
201800015293,NonLethal,2018-09-21,17:45:00,Daylight,290,3,Yes,NoIntersection,Normal,Other,Quai Jean Jaurès,M,48.021001492135646,-0.0210740209249993
201800015296,NonLethal,2018-11-24,11:30:00,Daylight,290,215,No,T-type,Normal,2Vehicles-Side,route d'Audierne,M,47.99455521289541,-0.9956760982719646
201800015299,NonLethal,2018-03-30,17:15:00,Daylight,290,135,No,NoIntersection,Normal,2Vehicles-BehindVehicles-Frontal,Route de Plorivel,M,47.83128187808433,-0.8298117094496147
201800015300,NonLethal,2018-04-18,17:10:00,Daylight,290,220,Yes,NoIntersection,Normal,Other,rue du Sequer,M,47.85703840598257,-0.8567578618757181
201800015301,Lethal,2018-04-19,15:30:00,Daylight,290,171,No,NoIntersection,Normal,Other,langougou,M,47.83853367983502,-0.8391304070479065
201800015302,NonLethal,2018-05-24,19:15:00,Daylight,290,216,No,NoIntersection,Normal,2Vehicles-BehindVehicles-Frontal,Lieu-dit Ar Voutik,M,47.94808927040325,-0.9473961156783264
201800015303,NonLethal,2018-06-22,18:10:00,Daylight,290,170,No,NoIntersection,Normal,2Vehicles-BehindVehicles-Frontal,KERUHEL,M,47.958414986268,-0.9588074935470812
201800015304,NonLethal,2018-06-21,09:00:00,Daylight,290,220,Yes,Square,Normal,Other,place gambetta,M,47.86432499466152,-0.8645015107417706
201800015305,NonLethal,2018-06-07,17:30:00,Daylight,290,220,No,NoIntersection,Normal,2Vehicles-BehindVehicles-Frontal,"lieu dit kerguevelen, ro",M,47.87875682706543,-0.8760389462056241
201800015306,NonLethal,2018-07-15,05:45:00,TwilightOrDawn,290,174,No,NoIntersection,Normal,Other,Villoury Caoudal,M,47.93568419216002,-0.9346841676528496
201800015307,NonLethal,2018-07-14,12:15:00,Daylight,290,220,Yes,NoIntersection,Normal,Other,Parking intermarché - ru,M,47.86275198706005,-0.8635701437589892
201800015308,NonLethal,2018-08-07,13:00:00,Daylight,290,165,No,T-type,Normal,NoCollision,Pont Plat,M,47.82121135721926,-0.8209624103730776
201800015309,Lethal,2018-07-30,21:45:00,NightStreelightsOn,290,171,Yes,NoIntersection,Normal,Other,kersivy,M,47.81987542234137,-0.8211917441394481
201800015310,NonLethal,2018-02-08,08:50:00,Daylight,290,174,Yes,NoIntersection,Normal,Other,rue de la République,M,47.90406966165392,-0.9040486883519976
201800015311,Lethal,2018-08-02,14:20:00,Daylight,290,174,No,NoIntersection,Normal,3+Vehicles-Multiple,Départementale 2 lieu di,M,47.90943278214623,-0.909997239698079
201800015312,NonLethal,2018-08-12,16:20:00,Daylight,290,171,No,T-type,Overcast,2Vehicles-Behind,TREMILLEC,M,47.83053717555389,-0.830193872452606
201800015313,NonLethal,2018-09-13,15:25:00,Daylight,290,174,No,NoIntersection,Normal,2Vehicles-BehindVehicles-Frontal,Départementale D785,M,47.86744117075698,-0.8683217464304916
201800015314,NonLethal,2018-09-14,15:45:00,Daylight,290,171,No,NoIntersection,Normal,2Vehicles-BehindVehicles-Frontal,lieu dit PORS DIBORD,M,47.82531727396864,-0.826938260007966
201800015315,NonLethal,2018-04-12,08:30:00,TwilightOrDawn,290,284,Yes,NoIntersection,LightRain,Other,Hent Korniguelou,M,47.88669601614168,-0.8865251570118229
201800015316,NonLethal,2018-12-24,04:15:00,NightNoStreetLight,290,284,No,NoIntersection,Normal,Other,Barrière rouge,M,47.80528921590573,-0.8043899955672414
201800015318,NonLethal,2018-03-01,18:45:00,NightStreelightsOn,290,235,Yes,NoIntersection,HeavyRain,Other,rue Danton,M,48.40871913407501,-0.4089630437695689
201800015319,Lethal,2018-01-15,08:30:00,TwilightOrDawn,290,75,No,NoIntersection,HeavyRain,2Vehicles-BehindVehicles-Frontal,VOIE COMMUNALE 5,M,48.42039201076762,-0.4212461937833282
201800015320,NonLethal,2018-01-17,08:55:00,Daylight,290,75,Yes,NoIntersection,Normal,2Vehicles-Behind,rue Anne de Bretagne,M,48.43750949256832,-0.4377381164319776
201800015321,NonLethal,2018-01-11,18:35:00,NightStreelightsOn,290,75,Yes,Roundabout,Normal,2Vehicles-Side,rond point de la vallée,M,48.431118863202805,-0.4295169070202335
201800015322,NonLethal,2018-01-19,07:20:00,NightStreelightsOn,290,235,Yes,NoIntersection,FogOrSmoke,Other,15 rue de Keriguel,M,48.4026915405166,-0.4042021035396467
201800015323,NonLethal,2018-02-03,14:00:00,Daylight,290,75,Yes,Roundabout,LightRain,2Vehicles-Behind,167 chemin de Kernoas,M,48.442316482499855,-0.4428388618004649
201800015324,NonLethal,2018-04-04,17:25:00,Daylight,290,235,No,Other,Overcast,3+Vehicles-Chain,D165,M,48.3982501546195,-0.3990756795332367
201800015325,NonLethal,2018-03-28,07:15:00,NightNoStreetLight,290,75,Yes,Roundabout,HeavyRain,Other,rond point de Palaren,M,48.39745352412957,-0.3972695654105092
201800015327,Lethal,2018-06-16,17:50:00,Daylight,290,61,No,Roundabout,Normal,Other,rond point du dorguen,M,48.448678145795256,-0.4487240109926668
201800015328,NonLethal,2018-06-25,15:00:00,Daylight,290,235,Yes,NoIntersection,Normal,Other,boulevard Gambetta,M,48.40332268534512,-0.4031252159814998
201800015329,NonLethal,2018-08-02,19:00:00,Daylight,290,75,No,NoIntersection,Normal,Other,Le Cloastre,M,48.41955944072404,-0.4184389454037734
201800015330,Lethal,2018-09-10,09:50:00,Daylight,290,235,Yes,NoIntersection,Normal,NoCollision,rue Danton,M,48.40978906211848,-0.4092441595976816
201800015331,NonLethal,2018-10-18,18:15:00,TwilightOrDawn,290,235,Yes,X-type,VeryGood,2Vehicles-Side,Boulevard Charles de Gau,M,48.399857839753416,-0.4015543805672177
201800015332,NonLethal,2018-10-22,14:00:00,Daylight,290,75,No,NoIntersection,Normal,2Vehicles-BehindVehicles-Frontal,Moulin du Pont,M,48.4286874028455,-0.4299213270493092
201800015333,NonLethal,2018-10-24,12:00:00,Daylight,290,235,Yes,NoIntersection,Normal,Other,rue de Strasbourg,M,48.40351932288621,-0.4050820361351989
201800015334,NonLethal,2018-10-30,17:30:00,TwilightOrDawn,290,75,Yes,Other,Normal,2Vehicles-Side,NISSAN rue Augustin Fres,M,48.42766917440968,-0.4292319842881598
201800015335,NonLethal,2018-10-17,13:10:00,Daylight,290,235,Yes,NoIntersection,LightRain,NoCollision,ROND POINT DU COSTOUR,M,48.40009289588836,-0.3999509231503867
201800015336,NonLethal,2018-11-17,15:00:00,Daylight,290,75,No,NoIntersection,Normal,Other,D205,M,48.418769865863794,-0.4206309336714305
201800015338,NonLethal,2018-12-21,15:40:00,Daylight,290,56,No,Y-type,LightRain,Other,Lieu-dit la grande palud,M,48.445790291250034,-0.4447988450662545
201800015339,Lethal,2018-01-01,02:40:00,NightNoStreetLight,290,101,Yes,NoIntersection,LightRain,Other,lieu dit saint Antoine,M,48.59236531531228,-0.5934261030831399
201800015340,NonLethal,2018-03-15,20:55:00,NightNoStreetLight,290,149,No,NoIntersection,Normal,2Vehicles-Behind,KERVERN,M,48.46374004289817,-0.4637415944341839
201800015341,NonLethal,2018-03-25,15:40:00,Daylight,290,290,Yes,NoIntersection,Normal,Other,Rue des Fontaines,M,48.553083430532304,-0.5513862429853539
201800015342,Lethal,2018-04-27,22:00:00,NightNoStreetLight,290,195,No,NoIntersection,Normal,Other,Ravanion,M,48.61233411427634,-0.6114742516866889
201800015343,Lethal,2018-05-19,21:30:00,TwilightOrDawn,290,101,No,NoIntersection,Normal,Other,Croas Aotred,M,48.58574008578885,-0.5849283996166519
201800015345,NonLethal,2018-07-14,21:55:00,Daylight,290,195,No,NoIntersection,Normal,2Vehicles-Side,départementale 71,M,48.59899506456589,-0.6006237737691514
201800015346,NonLethal,2018-07-24,18:00:00,Daylight,290,15,No,NoIntersection,Normal,3+Vehicles-Chain,Menez Bihan,M,48.51709452434549,-0.5185204803621315
201800015347,NonLethal,2018-08-18,19:45:00,TwilightOrDawn,290,195,No,X-type,Normal,2Vehicles-BehindVehicles-Frontal,leuré,M,48.61582463045962,-0.6147013141619291
201800015348,NonLethal,2018-09-05,09:50:00,Daylight,290,117,No,Roundabout,Normal,2Vehicles-Side,rue du docteur MORVAN,M,48.56966476441784,-0.5704292717881739
201800015349,NonLethal,2018-09-21,08:40:00,Daylight,290,15,No,T-type,Normal,2Vehicles-Side,D 13,M,48.48071579383848,-0.4832245228716348
201800015350,NonLethal,2018-10-10,08:00:00,NightNoStreetLight,290,93,No,X-type,Normal,2Vehicles-Side,lieu dit BOTEDEN,M,48.56898206653115,-0.571069459600963
201800015351,NonLethal,2018-02-23,13:30:00,Daylight,290,40,Yes,X-type,Normal,2Vehicles-Side,route de brest,M,48.36019573783041,-0.3579003181244621
201800015352,NonLethal,2018-04-16,16:30:00,Daylight,290,155,Yes,NoIntersection,Normal,Other,frugullou,M,48.46553140186684,-0.4664741344685316
201800015353,NonLethal,2018-04-18,12:00:00,Daylight,290,130,No,X-type,Other,2Vehicles-Side,Croaz Ar Go,M,48.39099634512883,-0.3897806922010933
201800015354,NonLethal,2018-04-30,18:15:00,Daylight,290,212,No,X-type,Normal,2Vehicles-Side,route du trenen,M,48.380304935171104,-0.3812617475130325
201800015355,NonLethal,2018-05-29,15:25:00,Daylight,290,11,No,X-type,Normal,2Vehicles-Side,D5 avenue Victor Le Gorg,M,48.41025747790179,-0.4093148935184507
201800015356,NonLethal,2018-06-12,17:15:00,Daylight,290,190,No,NoIntersection,Normal,2Vehicles-Side,Lieu dit Goasmeur RD 789,M,48.36385698372048,-0.3637229049140759
201800015357,NonLethal,2018-06-15,14:30:00,Daylight,290,212,No,T-type,Normal,2Vehicles-Behind,Route du Conquet,M,48.36646141338208,-0.3643404055642034
201800015358,Lethal,2018-06-28,03:45:00,NightNoStreetLight,290,201,No,NoIntersection,Normal,Other,Kergounan,M,48.37546208692032,-0.3769547782332168
201800015359,NonLethal,2018-01-07,13:46:00,Daylight,290,190,No,Y-type,Normal,2Vehicles-Side,Route de SAINT RENAN,M,48.36588199067542,-0.3661490637300464
201800015362,NonLethal,2018-07-30,19:30:00,Daylight,290,190,Yes,NoIntersection,Normal,Other,Rue du Lannou,M,48.34858010748988,-0.3490404571340968
201800015363,NonLethal,2018-08-15,19:05:00,Daylight,290,190,Yes,X-type,Normal,2Vehicles-Side,Rue St Mathieu,M,48.33850033931091,-0.3393472548796186
201800015366,NonLethal,2018-09-08,15:45:00,Daylight,290,40,No,NoIntersection,Normal,NoCollision,LIEU DIT ST MATHIEU,M,48.33606139154147,-0.3349591531115208
201800015367,NonLethal,2018-10-25,07:50:00,NightStreelightsOn,290,11,Yes,Roundabout,Normal,Other,rue François DROGOU,M,48.41992483946587,-0.4174629230942756
201800015368,NonLethal,2018-05-11,17:40:00,TwilightOrDawn,290,69,No,NoIntersection,LightRain,2Vehicles-BehindVehicles-Frontal,route de saint pierre,M,48.411063181621856,-0.4112488987868485
201800015369,NonLethal,2018-11-11,15:45:00,Daylight,290,201,No,NoIntersection,Normal,3+Vehicles-Chain,MEN AR YAR,M,48.4178796807174,-0.4176643675994301
201800015370,NonLethal,2018-12-04,08:40:00,TwilightOrDawn,290,69,Yes,Roundabout,Normal,2Vehicles-Side,rond point de Kermengleu,M,48.4247654422641,-0.4263797644326119
201800015371,NonLethal,2018-08-12,08:30:00,TwilightOrDawn,290,212,No,Roundabout,LightRain,Other,kerourin,M,48.36300312582358,-0.3631705689464397
201800015372,NonLethal,2018-12-08,14:45:00,Daylight,290,212,Yes,NoIntersection,LightRain,NoCollision,rue KROAZ TEO,M,48.37861458526098,-0.3785509916765556
201800015373,NonLethal,2018-01-01,16:19:00,Daylight,290,177,No,NoIntersection,Normal,2Vehicles-BehindVehicles-Frontal,"CD 5 -  PK 16,050",M,48.43236965432994,-0.433473859173927
201800015374,NonLethal,2018-01-28,13:25:00,Daylight,290,149,No,NoIntersection,LightRain,2Vehicles-Side,bel air,M,48.459450574881934,-0.4608437974882938
201800015375,NonLethal,2018-03-02,06:45:00,NightNoStreetLight,290,149,No,NoIntersection,HeavyRain,Other,kergaouren,M,48.47479595326443,-0.4760310668744182
201800015376,NonLethal,2018-03-29,16:50:00,Daylight,290,208,No,NoIntersection,Normal,Other,Kérounaval,M,48.49434754152191,-0.4958939977067331
201800015377,NonLethal,2018-06-04,11:45:00,Daylight,290,208,No,T-type,Normal,2Vehicles-Side,keryar - CD 28,M,48.49616157266765,-0.4981077196705318
201800015378,NonLethal,2018-04-18,13:55:00,Daylight,290,119,No,T-type,Normal,3+Vehicles-Chain,KERINIZAN NEVEZ,M,48.48411730540866,-0.4831352241606966
201800015379,NonLethal,2018-05-08,11:50:00,Daylight,290,149,No,T-type,Normal,2Vehicles-Behind,keroudy,M,48.43810262814018,-0.4400514056123862
201800015380,NonLethal,2018-05-13,15:30:00,Daylight,290,260,No,NoIntersection,VeryGood,2Vehicles-BehindVehicles-Frontal,LIEU DIT PETIT PARIS,M,48.42006795849426,-0.4197409958209961
201800015381,NonLethal,2018-05-25,20:30:00,TwilightOrDawn,290,98,Yes,T-type,Normal,2Vehicles-Side,rue de Molène,M,48.44759227234147,-0.4484094873968093
201800015382,NonLethal,2018-06-14,12:00:00,Daylight,290,208,No,Roundabout,Overcast,2Vehicles-Side,Lieu-dit Keryard,M,48.49654926195431,-0.4973884956988537
201800015383,NonLethal,2018-07-22,18:50:00,Daylight,290,260,No,NoIntersection,VeryGood,2Vehicles-BehindVehicles-Frontal,route de l'aber,M,48.43948919478181,-0.4391129983946057
201800015384,NonLethal,2018-08-23,18:45:00,Daylight,290,177,No,X-type,Normal,2Vehicles-Side,"lieu dit craos audren, r",M,48.44158820819041,-0.4400019705578186
201800015385,NonLethal,2018-09-02,15:20:00,Daylight,290,178,Yes,NoIntersection,Normal,Other,avenue de portsall,M,48.54553933712339,-0.547418798158038
201800015387,NonLethal,2018-10-19,16:45:00,Daylight,290,260,Yes,NoIntersection,Normal,Other,rue racine,M,48.42646627090824,-0.4263548391771675
201800015389,NonLethal,2018-11-24,18:50:00,NightStreelightsOn,290,260,Yes,NoIntersection,Overcast,NoCollision,rue Commandant Thuilliez,M,48.43488765689661,-0.4363330250460902
201800015391,NonLethal,2018-09-23,16:40:00,Daylight,290,25,No,NoIntersection,Normal,2Vehicles-BehindVehicles-Frontal,Corn ar c'hoat,M,48.17781369077594,-0.1755728872906547
201800015393,NonLethal,2018-12-27,22:30:00,NightNoStreetLight,290,263,No,T-type,FogOrSmoke,Other,D770,M,48.22794683151742,-0.225905352283878
201800015394,NonLethal,2018-04-02,02:15:00,NightNoStreetLight,290,275,No,NoIntersection,LightRain,Other,Lieu-dit le Rest,M,48.421180173643805,-0.4206284167139572
201800015395,NonLethal,2018-04-24,12:30:00,Daylight,290,24,Yes,T-type,Normal,2Vehicles-Side,Avenue de waldkappel,M,48.27707349622344,-0.2785111133538741
201800015396,NonLethal,2018-06-05,06:50:00,TwilightOrDawn,290,152,No,NoIntersection,Normal,Other,le moulin neuf,M,48.202619675600026,-0.2020797861554071
201800015397,NonLethal,2018-05-06,14:25:00,Daylight,290,152,No,T-type,Normal,2Vehicles-Side,GLAZENNOU,M,48.23800550289296,-0.2352664866577153
201800015398,NonLethal,2018-07-27,20:10:00,Daylight,290,24,No,Roundabout,VeryGood,2Vehicles-BehindVehicles-Frontal,kergorvo,M,48.27108149919484,-0.2714020464121159
201800015399,NonLethal,2018-08-17,16:40:00,Daylight,290,278,No,NoIntersection,Normal,NoCollision,lieu dit kerfranc,M,48.17891840569219,-0.1803337305905781
201800015401,NonLethal,2018-10-24,11:15:00,Daylight,290,89,No,Y-type,FogOrSmoke,Other,D48,M,48.26840165112881,-0.2666367984593959
201800015402,Lethal,2018-11-07,18:00:00,TwilightOrDawn,290,250,No,NoIntersection,LightRain,Other,RD 769 lieu dit goaranve,M,48.21792105330209,-0.217355488640227
201800015403,NonLethal,2018-12-08,01:30:00,NightNoStreetLight,290,81,No,NoIntersection,Overcast,Other,D769A PK 1+800,M,48.36445508809844,-0.3639239470619306
201800015404,NonLethal,2018-07-12,08:00:00,NightStreelightsOn,290,24,Yes,NoIntersection,HeavyRain,Other,avenue Waldkappel,M,48.2772725181956,-0.2782697089758782
201800015405,NonLethal,2018-01-31,09:07:00,Daylight,290,27,No,X-type,LightRain,2Vehicles-Side,Trémélé,M,48.20698967868181,-0.2054151055342978
201800015406,NonLethal,2018-02-21,17:30:00,Daylight,290,48,No,X-type,VeryGood,2Vehicles-Side,Poulzaff D785,M,48.11723891162261,-0.1177099744058491
201800015407,NonLethal,2018-02-25,17:50:00,Daylight,290,107,No,NoIntersection,VeryGood,Other,Trévidec,M,48.05198751371298,-0.0511340124354096
201800015408,NonLethal,2018-04-17,06:30:00,TwilightOrDawn,290,102,No,NoIntersection,Normal,NoCollision,pont triffin,M,48.21835877607083,-0.2186295579612702
201800015409,NonLethal,2018-04-29,07:15:00,TwilightOrDawn,290,27,No,NoIntersection,Normal,Other,Lieu dit TREMELE,M,48.2264267603052,-0.2265103203077238
201800015410,NonLethal,2018-03-06,16:45:00,Daylight,290,36,No,NoIntersection,HeavyRain,Other,restidonval,M,48.29120932030967,-0.2927933003818884
201800015411,NonLethal,2018-07-02,07:20:00,Daylight,290,20,Yes,NoIntersection,LightRain,2Vehicles-Side,KERLEZ,M,48.10020271536368,-0.0992718863913226
201800015412,NonLethal,2018-07-09,18:30:00,Daylight,290,125,No,T-type,Normal,Other,Menez Braz,M,48.08866041213302,-0.0860064770969636
201800015413,NonLethal,2018-07-20,12:36:00,Daylight,290,27,No,NoIntersection,Normal,3+Vehicles-Multiple,lieu dit saint André,M,48.209111780583584,-0.2090886340244324