AccidentId,Gravity,Date,Hour,Light,Department,Commune,InAgglomeration,IntersectionType,Weather,CollisionType,PostalAddress,GPSCode,Latitude,Longitude
201800015414,NonLethal,2018-07-19,10:00:00,Daylight,290,27,Yes,NoIntersection,Normal,Other,Rue du général DE GAULLE,M,48.19223240613495,-0.1947386300518389
201800015415,NonLethal,2018-08-04,06:18:00,TwilightOrDawn,290,162,Yes,NoIntersection,Normal,Other,Rue de la gare,M,48.23123647445453,-0.2333451812034882
201800015416,NonLethal,2018-10-08,22:55:00,NightNoStreetLight,290,48,No,X-type,Normal,2Vehicles-Side,LIEU-DIT KERIGOU,M,48.114672931888,-0.1175110510175321
201800015417,NonLethal,2018-08-15,02:45:00,NightNoStreetLight,290,123,No,NoIntersection,Normal,Other,C8 Nenvez,M,48.22926551764223,-0.2294327900878998
201800015418,NonLethal,2018-08-16,11:15:00,Daylight,290,162,Yes,T-type,LightRain,2Vehicles-Side,Rue de la gare,M,48.233320407762704,-0.2314831519565254
201800015419,NonLethal,2018-09-08,18:25:00,Daylight,290,20,Yes,NoIntersection,Normal,Other,Rte de Landrévarzec,M,48.1001758132164,-0.0996863266089249
201800015420,NonLethal,2018-09-10,07:50:00,Daylight,290,125,No,T-type,Normal,2Vehicles-Side,LIEU-DIT CROAS AR BEC,M,48.0992972632592,-0.0993366267194941
201800015422,NonLethal,2018-12-12,19:45:00,NightStreelightsOn,290,48,No,Roundabout,LightRain,2Vehicles-Behind,Langelin,M,48.10145389060203,-0.1007616025110433
201800015423,NonLethal,2018-12-21,17:45:00,NightStreelightsOff,290,41,Yes,NoIntersection,Normal,Other,rue Pen PAVÉ,M,48.05613774769461,-0.0588464218123801
201800015424,NonLethal,2018-12-28,22:45:00,NightNoStreetLight,290,175,No,NoIntersection,Normal,Other,lieu dit Kerdiane,M,48.21691572797865,-0.2184298286277652
201800015425,NonLethal,2018-06-05,21:30:00,NightNoStreetLight,290,186,No,NoIntersection,Normal,Other,Toul ar groaz bihan - CD,M,48.63178321507368,-0.6306435466209228
201800015426,Lethal,2018-06-15,10:15:00,Daylight,290,188,Yes,NoIntersection,Normal,2Vehicles-Side,route de Lanmeur,M,48.68885585793683,-0.6892241993497619
201800015427,NonLethal,2018-07-05,20:00:00,Daylight,290,199,Yes,NoIntersection,Normal,2Vehicles-Side,ZA de KERVANON,M,48.57268674085128,-0.5724261548209956
201800015428,NonLethal,2018-07-15,21:15:00,Daylight,290,73,No,NoIntersection,Normal,Other,pen ar guer,M,48.66362488589958,-0.6651294385867491
201800015429,NonLethal,2018-07-21,22:00:00,TwilightOrDawn,290,207,No,NoIntersection,Normal,2Vehicles-BehindVehicles-Frontal,Cosquer vihan - D109,M,48.54580978722125,-0.5449553744117392
201800015430,NonLethal,2018-10-25,13:20:00,Daylight,290,207,No,MoreThan4Branches,Overcast,2Vehicles-Side,Le Fume,M,48.52461136844156,-0.5253203141495244
201800015432,NonLethal,2018-11-25,00:05:00,NightNoStreetLight,290,113,No,NoIntersection,Normal,Other,lieu dit hopital bell,M,48.64251253265224,-0.6434503085968449
201800015433,NonLethal,2018-11-24,11:40:00,Daylight,290,113,Yes,NoIntersection,VeryGood,Other,Place Tanguy Prigent,M,48.64731877220694,-0.6464237199365408
201800015435,NonLethal,2018-12-15,12:20:00,Daylight,290,133,Yes,NoIntersection,HeavyRain,2Vehicles-BehindVehicles-Frontal,route de keraloas,M,48.67696560352274,-0.6782057963405369
201800015436,Lethal,2018-02-28,12:15:00,Daylight,290,105,Yes,NoIntersection,Normal,Other,Rue du manoir,M,48.51152209863466,-0.5118979385962594
201800015437,NonLethal,2018-04-12,13:20:00,Daylight,290,97,Yes,T-type,Normal,2Vehicles-Side,rue de Landivisiau,M,48.49260093124684,-0.4926079463178575
201800015439,Lethal,2018-04-05,16:04:00,Daylight,290,163,No,NoIntersection,Normal,Other,La Justice,M,48.51674784271591,-0.520657110258078
201800015440,NonLethal,2018-05-31,10:03:00,Daylight,290,277,No,Roundabout,LightRain,2Vehicles-Side,D764,M,48.41097944375179,-0.4109114246765757
201800015441,NonLethal,2018-06-12,08:03:00,Daylight,290,131,No,NoIntersection,Normal,2Vehicles-Side,Dirizinet,M,48.448197241891535,-0.4492850842127251
201800015442,NonLethal,2018-06-24,01:53:00,NightStreelightsOn,290,105,Yes,NoIntersection,Normal,Other,rue bellevue,M,48.49920448445354,-0.4992307037624337
201800015443,NonLethal,2018-07-15,18:50:00,Daylight,290,97,No,NoIntersection,Normal,Other,Kerbrat,M,48.49607888121083,-0.4955539665485768
201800015446,NonLethal,2018-08-24,18:00:00,Daylight,290,10,No,T-type,Normal,2Vehicles-Behind,Kervennou Bihan,M,48.51216727176519,-0.5130148984764454
201800015447,NonLethal,2018-08-20,08:00:00,Daylight,290,10,No,NoIntersection,LightRain,Other,RD 712,M,48.4919233016598,-0.490827572142297
201800015448,NonLethal,2018-09-27,08:30:00,Daylight,290,265,No,NoIntersection,VeryGood,2Vehicles-BehindVehicles-Frontal,D19,M,48.579443584124974,-0.5775163087999619
201800015449,Lethal,2018-10-05,07:20:00,NightNoStreetLight,290,266,No,X-type,Normal,Other,lieu dit CROAS CREIS,M,48.501800549944605,-0.5000996894700603
201800015450,NonLethal,2018-10-24,15:07:00,Daylight,290,38,No,NoIntersection,Normal,NoCollision,Goarem Poteau,M,48.39011424246402,-0.3908774863706516
201800015451,Lethal,2018-11-01,16:00:00,Daylight,290,131,No,NoIntersection,LightRain,3+Vehicles-Multiple,D3O MOULIN DE BOSCOURNOU,M,48.45291002735007,-0.4496281417470221
201800015452,Lethal,2018-12-11,18:00:00,NightNoStreetLight,290,277,No,NoIntersection,Normal,NoCollision,Croas cabellec,M,48.421126524798936,-0.421676719540951
201800015454,NonLethal,2018-12-18,08:00:00,NightNoStreetLight,290,204,No,NoIntersection,LightRain,Other,kerlan,M,48.52752684044768,-0.5268844224290662
201800015455,NonLethal,2018-01-07,17:45:00,NightStreelightsOn,290,259,No,NoIntersection,StrongWindOrStorm,3+Vehicles-Chain,Rue des forces française,M,48.68208959533162,-0.6843369473810506
201800015456,NonLethal,2018-08-01,19:00:00,NightNoStreetLight,290,210,No,T-type,Normal,2Vehicles-Behind,D19 Carrefour Locquevry,M,48.57926420631627,-0.5781952836594666
201800015457,NonLethal,2018-01-31,08:15:00,NightNoStreetLight,290,276,Yes,NoIntersection,LightRain,Other,Poul Ar Streat,M,48.68737784193701,-0.6860042008706403
201800015458,NonLethal,2018-01-30,13:50:00,Daylight,290,82,Yes,NoIntersection,Normal,Other,l'embarcadère,M,48.74118484525788,-0.7415910564903457
201800015461,Lethal,2018-02-25,08:40:00,TwilightOrDawn,290,279,No,NoIntersection,Normal,Other,RD58,M,48.624370199187936,-0.6240700381770048
201800015462,NonLethal,2018-03-19,14:35:00,Daylight,290,271,No,X-type,SnowOrHail,2Vehicles-Side,Lieu-dit Bellevue,M,48.56751623753974,-0.5661663248275023
201800015463,NonLethal,2018-03-22,06:30:00,TwilightOrDawn,290,148,No,NoIntersection,Normal,2Vehicles-BehindVehicles-Frontal,D69,M,48.60947297967912,-0.6110568223690833
201800015464,NonLethal,2018-04-30,18:00:00,Daylight,290,192,No,NoIntersection,Normal,Other,Kerguiduff,M,48.62245339659472,-0.6219897675448748
201800015465,NonLethal,2018-01-05,11:45:00,Daylight,290,259,No,NoIntersection,Normal,2Vehicles-Behind,Kerlevic,M,48.656319036616686,-0.6549010231941449
201800015466,NonLethal,2018-06-05,15:35:00,Daylight,290,271,No,NoIntersection,Normal,Other,D 229 - Lieu-dit Lilloue,M,48.56952778089624,-0.5707717973232268
201800015467,NonLethal,2018-05-06,11:50:00,Daylight,290,271,No,X-type,Normal,3+Vehicles-Multiple,mengleuz carrefour d30-d,M,48.60293793486328,-0.6045295468924619
201800015468,NonLethal,2018-08-05,23:30:00,NightNoStreetLight,290,271,No,NoIntersection,Normal,Other,D30,M,48.59580724768776,-0.5942654314678444
201800015469,NonLethal,2018-05-26,15:40:00,Daylight,290,213,Yes,NoIntersection,HeavyRain,2Vehicles-BehindVehicles-Frontal,rue de brest,M,48.60740190241815,-0.606023192163099
201800015470,NonLethal,2018-07-06,18:45:00,Daylight,290,287,No,X-type,Normal,2Vehicles-Behind,kerveltoc,M,48.61161545867533,-0.6114258948390532
201800015471,NonLethal,2018-06-21,15:15:00,Daylight,290,30,Yes,X-type,Normal,3+Vehicles-Chain,rue de saint pol de léon,M,48.66154212874237,-0.6636286926152593
201800015472,NonLethal,2018-07-09,18:10:00,Daylight,290,259,No,NoIntersection,Normal,2Vehicles-BehindVehicles-Frontal,Lieu-dit Vilin Vraz,M,48.67544433074823,-0.6768432262094353
201800015473,NonLethal,2018-07-29,18:10:00,Daylight,290,192,No,NoIntersection,LightRain,2Vehicles-Side,Lieu-dit Stang,M,48.66117438357057,-0.6620324648815863
201800015474,NonLethal,2018-08-04,05:45:00,TwilightOrDawn,290,259,No,Y-type,FogOrSmoke,3+Vehicles-Chain,Ldt Poteau bleu,M,48.659526344076205,-0.6604588615160938
201800015475,NonLethal,2018-08-15,10:55:00,Daylight,290,239,Yes,NoIntersection,Normal,2Vehicles-Side,38 rue laennec,M,48.71940261330912,-0.7196069863921597
201800015476,NonLethal,2018-08-17,18:30:00,Daylight,290,192,Yes,X-type,Normal,2Vehicles-Side,Lieu dit Croaz Hent,M,48.673730192558565,-0.6729437903486531
201800015477,NonLethal,2018-09-28,18:35:00,Daylight,290,184,Yes,T-type,VeryGood,2Vehicles-BehindVehicles-Frontal,Kerlaudy,M,48.63939539714173,-0.6385525856921489
201800015478,NonLethal,2018-09-29,16:00:00,Daylight,290,259,Yes,Roundabout,Normal,2Vehicles-Side,Rond point de Kerjean,M,48.68843236271873,-0.6872553452533794
201800015481,NonLethal,2018-11-20,07:30:00,TwilightOrDawn,290,206,Yes,X-type,LightRain,2Vehicles-Side,streat ar vran,M,48.61730654040443,-0.6160185740018296
201800015482,Lethal,2018-12-20,16:30:00,TwilightOrDawn,290,185,Yes,X-type,LightRain,2Vehicles-Side,carrefour D 10 - D 30,M,48.65158194417637,-0.6522301302263729
201800015484,NonLethal,2018-12-21,17:35:00,NightNoStreetLight,290,184,No,X-type,LightRain,2Vehicles-Side,D75,M,48.62141653035064,-0.622504565033608
201800015485,NonLethal,2018-05-01,20:40:00,NightStreelightsOn,290,233,Yes,NoIntersection,HeavyRain,Other,65 Rue de Pont Aven,M,47.87326595848408,-0.8727245074698824
201800015486,NonLethal,2018-03-22,15:50:00,Daylight,290,233,No,NoIntersection,Normal,Other,Pont Douar,M,47.83599173060296,-0.8369515214345691
201800015488,NonLethal,2018-05-23,11:15:00,Daylight,290,233,Yes,NoIntersection,Normal,Other,67 rue de pont aven,M,47.87212851798793,-0.8722557063566986
201800015489,NonLethal,2018-05-02,14:45:00,Daylight,290,293,Yes,NoIntersection,Normal,Other,Rte de la Corniche,M,47.79342401089162,-0.7911956687756883
201800015490,NonLethal,2018-04-03,16:10:00,Daylight,290,150,No,NoIntersection,Normal,2Vehicles-Behind,petite lande,M,47.8074947281173,-0.8066607208052132
201800015491,Lethal,2018-04-28,20:45:00,Daylight,290,31,Yes,Square,Normal,NoCollision,Quai Kernabat,M,47.77194547900184,-0.7728053764517898
201800015492,Lethal,2018-07-05,18:50:00,Daylight,290,236,No,NoIntersection,Normal,2Vehicles-BehindVehicles-Frontal,kervidéo,M,47.850437303666965,-0.8509128066295819
201800015493,NonLethal,2018-05-15,06:30:00,Daylight,290,293,No,NoIntersection,Normal,Other,Kersalaun,M,47.83858189775612,-0.8377711934440105
201800015494,NonLethal,2018-10-07,22:20:00,NightStreelightsOn,290,236,Yes,T-type,Normal,2Vehicles-Side,RUE ALAIN BERTHOU,M,47.84535916591602,-0.8426828986829632
201800015495,NonLethal,2018-08-08,14:25:00,Daylight,290,150,Yes,NoIntersection,Normal,NoCollision,Lieu dit Lanriot,M,47.80637463931535,-0.8087462527758155
201800015496,NonLethal,2018-08-14,16:00:00,Daylight,290,217,Yes,NoIntersection,Normal,Other,rue de la villemarque,M,47.85741654441349,-0.8581602189318818
201800015497,NonLethal,2018-02-09,11:35:00,Daylight,290,150,Yes,T-type,Normal,2Vehicles-Side,Kermeuzach,M,47.783397791046085,-0.7813100231905984
201800015499,NonLethal,2018-05-10,11:40:00,Daylight,290,293,No,NoIntersection,Normal,2Vehicles-Behind,keriquel vihan,M,47.812569698109584,-0.8127161829894758
201800015500,NonLethal,2018-01-11,08:40:00,Daylight,290,150,No,NoIntersection,Normal,Other,route de QUIMPERLE,M,47.81798892901464,-0.8182888773288376
201800015501,NonLethal,2018-01-18,15:39:00,Daylight,290,241,Yes,T-type,Normal,2Vehicles-Side,Rue Ernest Renan,M,47.9609937321699,-0.963270990485345
201800015502,NonLethal,2018-02-25,15:03:00,Daylight,290,4,No,NoIntersection,Normal,2Vehicles-Side,Lieu-dit KERLUC,M,47.92120129687547,-0.9194141898765208
201800015505,NonLethal,2018-03-27,17:40:00,Daylight,290,4,Yes,NoIntersection,Normal,Other,86 rue de Saint-Thurien,M,47.94048421323888,-0.9396186030953864
201800015507,NonLethal,2018-04-11,12:20:00,Daylight,290,241,Yes,T-type,Normal,Other,rue auguste richard,M,47.95964099923248,-0.9597461705066131
201800015508,NonLethal,2018-04-21,10:48:00,Daylight,290,269,No,NoIntersection,Normal,NoCollision,départementale 6,M,47.95606085433359,-0.9577255313354484
201800015510,NonLethal,2018-05-18,14:35:00,Daylight,290,241,Yes,Other,Normal,2Vehicles-Side,rue de scaer,M,47.961926975449735,-0.9627049028014042
201800015511,NonLethal,2018-07-06,11:30:00,Daylight,290,241,Yes,NoIntersection,Normal,Other,8 rue de la résistance,M,47.95448153415674,-0.9548448353711686
201800015512,NonLethal,2018-06-08,18:00:00,Daylight,290,146,No,NoIntersection,Normal,Other,Luzuen,M,47.88952997540972,-0.8900249685595263
201800015513,NonLethal,2018-04-10,14:30:00,Daylight,290,4,No,T-type,Normal,2Vehicles-Side,LIEU-DIT PONT TROMELIN,M,47.93240357322843,-0.9332927099461926
201800015514,NonLethal,2018-10-26,21:06:00,NightStreelightsOn,290,241,Yes,NoIntersection,Normal,2Vehicles-Side,Pont Biais Ex 765B,M,47.96251347315503,-0.9607494344959188
201800015515,NonLethal,2018-03-11,07:50:00,TwilightOrDawn,290,274,No,NoIntersection,Normal,Other,Mesnoter,M,48.02865196750733,-0.0305243844117132
201800015516,NonLethal,2018-11-09,16:10:00,Daylight,290,241,No,NoIntersection,StrongWindOrStorm,2Vehicles-BehindVehicles-Frontal,ROUTE DEPARTEMENTALE 36,M,47.98253941820036,-0.9818366686217052
201800015517,NonLethal,2018-12-12,17:50:00,NightNoStreetLight,290,241,No,NoIntersection,LightRain,Other,Rocade SudOuest,M,47.95466774958541,-0.9537720740277766
201800015520,NonLethal,2018-12-22,14:45:00,Daylight,290,4,No,NoIntersection,Normal,2Vehicles-Behind,locmarzin,M,47.921458767569625,-0.922223330025244
201800015522,NonLethal,2018-01-01,14:00:00,Daylight,340,192,No,NoIntersection,Normal,Other,D62 E2,M,43.54592210979556,3.5446756060394287
201800015523,Lethal,2018-06-08,15:45:00,Daylight,340,154,No,NoIntersection,Normal,Other,D62,M,43.553587809912,4.552343800695466
201800015524,NonLethal,2018-07-14,16:30:00,Daylight,340,154,Yes,MoreThan4Branches,VeryGood,2Vehicles-BehindVehicles-Frontal,avenue compte de Melguei,M,43.547952264833,3.5482032279376505
201800015525,NonLethal,2018-08-07,20:10:00,Daylight,340,154,Yes,Other,Normal,2Vehicles-Side,Avenue des comtes de Mel,M,43.55097136001062,3.548196946731704
201800015526,NonLethal,2018-10-08,20:30:00,Daylight,340,192,No,NoIntersection,Normal,Other,D986,M,43.5352748891279,3.5353170867668084
201800015527,NonLethal,2018-09-28,19:05:00,Daylight,340,192,Yes,Roundabout,Normal,2Vehicles-Side,RD 62 E2,M,43.53559059766418,3.533947619577842
201800015528,NonLethal,2018-12-31,14:30:00,Daylight,340,154,Yes,Other,Normal,2Vehicles-Side,RD 62 E 2,M,43.54838560046071,3.548468022233568
201800015529,NonLethal,2018-01-18,19:05:00,NightStreelightsOn,350,184,Yes,T-type,Normal,Other,Rue Saint Éloi,M,48.199553686218856,-0.1986399887445915
201800015532,NonLethal,2018-08-15,18:20:00,Daylight,350,117,No,NoIntersection,Normal,2Vehicles-Side,LE PONT PERRIN,M,48.12862949506104,-0.1271079808041146
201800015533,Lethal,2018-09-03,14:45:00,Daylight,350,117,No,T-type,Normal,2Vehicles-Side,LIEU-DIT LE PONT PERRIN,M,48.12722245877859,-0.1244650778223317
201800015534,NonLethal,2018-09-07,23:10:00,NightStreelightsOn,350,184,No,NoIntersection,Normal,Other,ROUTE DE ST MEEN,M,48.19189207734785,-0.1936207521054809
201800015535,Lethal,2018-09-18,19:10:00,Daylight,350,184,No,NoIntersection,Normal,Other,National 12,M,48.2075206230447,-0.2046410088227053
201800015536,NonLethal,2018-12-10,17:50:00,Daylight,350,60,No,X-type,Normal,2Vehicles-BehindVehicles-Frontal,Lieu-dit le Bignonet,M,48.206558278249005,-0.2055252819136338
201800015537,NonLethal,2018-10-25,15:20:00,Daylight,350,184,No,NoIntersection,Normal,2Vehicles-Side,lieu dit la hucherais,M,48.19011253021452,-0.1902797071482625
201800015538,Lethal,2018-11-17,22:30:00,NightNoStreetLight,350,60,No,T-type,Normal,Other,Les quatre route,M,48.20098775595828,-0.2002639612842228
201800015539,NonLethal,2018-12-28,14:45:00,Daylight,350,234,No,NoIntersection,Normal,NoCollision,margarou,M,48.22486108804368,-0.2254940295498034
201800015540,NonLethal,2018-01-20,13:45:00,Daylight,350,133,No,X-type,Normal,2Vehicles-Side,Bruchet - D125,M,48.15518820050535,-0.1560092532804306
201800015541,NonLethal,2018-01-30,08:15:00,TwilightOrDawn,350,227,Yes,Roundabout,LightRain,2Vehicles-Behind,rue marie CURIE,M,48.17994119690402,-0.17897146994221
201800015543,Lethal,2018-07-04,22:55:00,NightNoStreetLight,350,23,No,NoIntersection,HeavyRain,2Vehicles-BehindVehicles-Frontal,Le Patis du Pont,M,48.162086123730575,-0.1633580389434541
201800015544,NonLethal,2018-05-05,21:20:00,NightNoStreetLight,350,331,No,NoIntersection,Normal,NoCollision,lieu dit la saudrette,M,48.09100620473455,-0.0905398325665423
201800015545,NonLethal,2018-01-07,17:20:00,Daylight,350,133,No,NoIntersection,Normal,2Vehicles-BehindVehicles-Frontal,D 31- La Roncelinais,M,48.170053787325045,-0.1690734947532281
201800015546,NonLethal,2018-07-11,07:20:00,Daylight,350,203,Yes,NoIntersection,VeryGood,2Vehicles-Behind,Fontainbrun,M,48.16176571327232,-0.1617848956146891
201800015547,NonLethal,2018-08-14,00:15:00,NightStreelightsOff,350,227,Yes,NoIntersection,Normal,Other,Départementale 72,M,48.17824878520329,-0.1767801405377764
201800015548,NonLethal,2018-08-15,19:15:00,Daylight,350,133,No,NoIntersection,Normal,Other,La ville sorier,M,48.14260063439404,-0.1412852003328971
201800015549,NonLethal,2018-10-09,14:50:00,Daylight,350,351,No,NoIntersection,Normal,Other,CD 240,M,48.067058758505205,-0.0657985123151543
201800015550,NonLethal,2018-06-10,06:45:00,NightNoStreetLight,350,305,No,NoIntersection,Normal,2Vehicles-BehindVehicles-Frontal,la martinais,M,48.0489880156683,-0.0490580323337793
201800015552,NonLethal,2018-10-27,23:10:00,NightStreelightsOff,350,211,Yes,NoIntersection,Normal,Other,"16, avenue du Chevalier",M,48.01532227903357,-0.0171468290920642
201800015553,NonLethal,2018-05-11,17:30:00,Daylight,350,112,No,X-type,Normal,2Vehicles-Side,le bas monbrault,M,48.35081262830053,-0.3504417002447839
201800015554,NonLethal,2018-06-17,16:50:00,Daylight,350,62,No,NoIntersection,Normal,Other,La petite angevinière,M,48.32448680985424,-0.3264499746612223
201800015555,NonLethal,2018-06-21,15:10:00,Daylight,350,230,No,NoIntersection,Normal,Other,D798,M,48.47188513882812,-0.4733587816328004
201800015556,NonLethal,2018-07-12,18:00:00,Daylight,350,111,No,X-type,Normal,2Vehicles-Side,RD 798 PK/PR : 33,M,48.47640085269522,-0.4757066061108336
201800015557,NonLethal,2018-09-01,14:35:00,Daylight,350,243,No,Roundabout,Normal,2Vehicles-Side,Giratoire RN12 et RD18,M,48.34237094449763,-0.3425817675849656
201800015558,NonLethal,2018-06-10,21:45:00,NightNoStreetLight,350,243,No,Roundabout,HeavyRain,Other,intersection RN12 D 18,M,48.34355556905151,-0.3458989948900233
201800015559,NonLethal,2018-01-10,11:50:00,Daylight,350,137,No,T-type,Normal,2Vehicles-BehindVehicles-Frontal,D179,M,48.31549847952331,-0.3175165804668365
201800015560,NonLethal,2018-11-14,17:57:00,NightNoStreetLight,350,137,No,X-type,Normal,2Vehicles-Side,rue du stade,M,48.31023787299052,-0.3140468556891265
201800015561,NonLethal,2018-12-14,16:00:00,Daylight,350,157,No,NoIntersection,VeryGood,2Vehicles-Side,D806,M,48.385533969244,-0.3862782673106016
201800015562,NonLethal,2018-01-10,14:15:00,Daylight,350,164,No,T-type,Normal,2Vehicles-BehindVehicles-Frontal,Le petit Plessis,M,48.39123102405157,-0.3900666310285716
201800015563,NonLethal,2018-01-13,23:50:00,NightNoStreetLight,350,341,No,NoIntersection,Normal,Other,Le Chobetterie,M,48.41816024461541,-0.4188731856386357
201800015564,NonLethal,2018-01-17,20:15:00,NightNoStreetLight,350,303,No,NoIntersection,LightRain,Other,Route départementale 296,M,48.45728841419314,-0.4565234576887442
201800015565,NonLethal,2018-01-26,10:50:00,Daylight,350,257,Yes,Roundabout,VeryGood,Other,10 Rue Joseph Tronchot,M,48.41041836739937,-0.4096317697298103
201800015566,NonLethal,2018-11-03,11:45:00,Daylight,350,257,No,NoIntersection,Normal,Other,Route départementale 211,M,48.40812578728412,-0.4093687210623333
201800015567,NonLethal,2018-04-03,11:50:00,Daylight,350,4,Yes,NoIntersection,Normal,Other,16 avenue Kléber,M,48.46069372964902,-0.4597767255961508
201800015568,NonLethal,2018-04-20,20:20:00,Daylight,350,244,No,NoIntersection,Normal,Other,La fichepalais,M,48.37058495688631,-0.3679544189726557
201800015569,NonLethal,2018-05-15,17:39:00,Daylight,350,267,No,T-type,Normal,NoCollision,la crosnais,M,48.37137764941659,-0.3716915826252923
201800015570,NonLethal,2018-05-18,07:20:00,Daylight,350,11,No,X-type,Normal,2Vehicles-Side,La Croix des 5 chemins,M,48.377233771296886,-0.3781294607061375
201800015571,NonLethal,2018-05-28,16:20:00,Daylight,350,4,No,Other,HeavyRain,Other,"Lieu-dit ""le tronçon""",M,48.47566041935855,-0.4794301836819408
201800015572,NonLethal,2018-01-14,12:20:00,Daylight,350,343,No,NoIntersection,LightRain,NoCollision,La Moncelière,M,47.880971871403226,-0.8822571768299853
201800015574,NonLethal,2018-04-03,13:37:00,Daylight,350,12,Yes,NoIntersection,Normal,Other,28 rue de Sabin,M,47.846041892509504,-0.8471464090778391
201800015576,NonLethal,2018-06-29,18:00:00,Daylight,350,12,Yes,NoIntersection,Normal,2Vehicles-Behind,rue de la guedelais,M,47.85054541961497,-0.8512871277352266
201800015577,NonLethal,2018-08-07,19:10:00,Daylight,350,332,No,NoIntersection,Normal,2Vehicles-Behind,foret de teillay D 772,M,47.79938200206526,-0.7976136665715037
201800015578,NonLethal,2018-07-27,13:40:00,Daylight,350,12,No,T-type,Normal,2Vehicles-Side,LE PONT CATEL,M,47.85277850026432,-0.8509906776532242
201800015579,NonLethal,2018-09-16,13:15:00,Daylight,350,343,No,NoIntersection,Normal,Other,D293,M,47.892685927782544,-0.8917763723933071
201800015580,NonLethal,2018-12-27,19:33:00,NightNoStreetLight,350,343,No,NoIntersection,FogOrSmoke,Other,LE BAS PUSSAC,M,47.84347444500451,-0.8464573175692953
201800015581,NonLethal,2018-01-05,14:15:00,Daylight,350,299,No,X-type,VeryGood,2Vehicles-Side,intersection D 76 face a,M,48.6330843599419,-0.6325037369903806
201800015582,NonLethal,2018-01-23,05:30:00,NightNoStreetLight,350,362,No,NoIntersection,LightRain,2Vehicles-BehindVehicles-Frontal,Le Haut Mesnil,M,48.49521463543852,-0.4976067868939468
201800015583,NonLethal,2018-01-23,17:20:00,TwilightOrDawn,350,362,No,X-type,Normal,2Vehicles-Side,lieu dit villegate,M,48.49509121811989,-0.4961161440254127
201800015584,NonLethal,2018-01-28,19:40:00,NightNoStreetLight,350,299,No,NoIntersection,LightRain,2Vehicles-Side,Les Bougras,M,48.65482837449049,-0.6539825307053424
201800015585,NonLethal,2018-03-26,02:20:00,NightStreelightsOn,350,284,No,NoIntersection,Normal,Other,Avenue Atalante,M,48.61500542259437,-0.6124691197061901
201800015586,NonLethal,2018-04-22,16:50:00,Daylight,350,49,Yes,T-type,Normal,Other,avenue de scissy,M,48.678969312219394,-0.6795987171234965
201800015587,NonLethal,2018-04-22,14:50:00,Daylight,350,299,No,NoIntersection,Normal,3+Vehicles-Multiple,"RD 74, PK 6 + 700",M,48.63253668010466,-0.6345872480780996
201800015588,NonLethal,2018-05-25,16:10:00,Daylight,350,299,No,X-type,Normal,2Vehicles-Side,La Touesse,M,48.65586819186955,-0.65222911214826
201800015589,NonLethal,2018-08-07,07:15:00,TwilightOrDawn,350,263,No,NoIntersection,Normal,Other,la gatinais,M,48.67201782967297,-0.6735531257266616
201800015590,NonLethal,2018-07-15,15:00:00,Daylight,350,306,No,NoIntersection,Normal,2Vehicles-Behind,"RD 137, PK 106, SENS ST",M,48.57518638776644,-0.5732223087244672
201800015591,Lethal,2018-07-19,00:01:00,NightNoStreetLight,350,306,No,NoIntersection,Normal,2Vehicles-Behind,"RD 137, PK 106+450",M,48.57671155318818,-0.5766557494023878
201800015592,NonLethal,2018-07-20,21:40:00,TwilightOrDawn,350,224,No,NoIntersection,Normal,Other,"RN l76, PK 26+500",M,48.543974305673,-0.5427116128443472
201800015593,NonLethal,2018-05-08,11:15:00,Daylight,350,179,No,NoIntersection,Normal,NoCollision,RN l76 PK 29.200 sens Do,M,48.54203599389584,-0.544252086048621
201800015594,NonLethal,2018-08-14,17:55:00,Daylight,350,49,Yes,NoIntersection,Normal,NoCollision,quai duguay trouin,M,48.6702788989549,-0.6701932820971465
201800015595,NonLethal,2018-08-17,06:25:00,Daylight,350,255,No,NoIntersection,Normal,Other,CHEMIN DES DIS,M,48.61700364817078,-0.618195200382662
201800015596,NonLethal,2018-08-19,19:20:00,Daylight,350,299,No,Y-type,Normal,2Vehicles-Side,Le mur Blanc,M,48.65262919754826,-0.6529021952553434
201800015597,NonLethal,2018-08-31,12:00:00,Daylight,350,263,Yes,NoIntersection,Normal,Other,"19, rue de Saint Malo",M,48.67413112770486,-0.6764597822732352
201800015600,Lethal,2018-11-09,06:27:00,NightNoStreetLight,350,362,No,NoIntersection,Normal,Other,"D.9, lieu dit le Pertuis",M,48.48545639201192,-0.4865855458766523
201800015601,NonLethal,2018-11-09,08:25:00,Daylight,350,49,No,NoIntersection,Normal,2Vehicles-BehindVehicles-Frontal,d76 avenue olivier biard,M,48.67286229205524,-0.6699845995232965