AccidentId,Gravity,Date,Hour,Light,Department,Commune,InAgglomeration,IntersectionType,Weather,CollisionType,PostalAddress,GPSCode,Latitude,Longitude
201800015602,NonLethal,2018-12-04,12:15:00,Daylight,350,179,No,X-type,Normal,Other,LA BARRE,M,48.51347339714127,-0.5139147707634648
201800015603,NonLethal,2018-12-12,16:50:00,TwilightOrDawn,350,306,Yes,X-type,Normal,2Vehicles-Side,D5,M,48.57953614548967,-0.5803442025749415
201800015605,NonLethal,2018-02-16,16:30:00,Daylight,350,248,No,X-type,Normal,2Vehicles-Side,voie de la Liberté,M,48.549876393224565,-0.5488373427597446
201800015606,Lethal,2018-03-20,19:50:00,NightNoStreetLight,350,186,No,T-type,Overcast,Other,le bief de cardequin,M,48.5645156082314,-0.5634858965379974
201800015607,NonLethal,2018-06-04,13:25:00,Daylight,350,10,No,T-type,Normal,2Vehicles-Side,zone artisanale les rola,M,48.554824797256,-0.5540729781433873
201800015609,NonLethal,2018-05-19,05:50:00,TwilightOrDawn,350,10,No,NoIntersection,Normal,2Vehicles-Behind,lieu dit le domaine,M,48.53926034913543,-0.5390006090260684
201800015610,NonLethal,2018-06-04,13:45:00,Daylight,350,186,No,NoIntersection,Normal,NoCollision,le puy,M,48.56245141394632,-0.5644142063227042
201800015611,NonLethal,2018-06-29,13:30:00,Daylight,350,186,No,Y-type,Normal,2Vehicles-Side,le petit pont,M,48.58224735358275,-0.5826418876788154
201800015612,NonLethal,2018-07-06,05:20:00,NightNoStreetLight,350,222,No,NoIntersection,Normal,Other,RD4,M,48.52009434883932,-0.521621430762778
201800015614,NonLethal,2018-08-03,17:50:00,Daylight,350,95,Yes,NoIntersection,Normal,2Vehicles-BehindVehicles-Frontal,Foirail,M,48.54840826888123,-0.546559809823825
201800015616,Lethal,2018-01-11,10:00:00,Daylight,350,10,No,NoIntersection,VeryGood,2Vehicles-Behind,lieu dit le champ briand,M,48.53716190094032,-0.538306943310448
201800015617,NonLethal,2018-01-16,07:15:00,TwilightOrDawn,350,360,Yes,Roundabout,Normal,2Vehicles-Side,boulevard helmestedt,M,48.113189645863,-0.1123970604051029
201800015619,NonLethal,2018-02-18,17:40:00,TwilightOrDawn,350,109,No,X-type,LightRain,2Vehicles-Side,LIEU-DIT LA LOGE,M,48.08452721128239,-0.0854575025142895
201800015620,NonLethal,2018-02-28,13:58:00,Daylight,350,360,Yes,Other,Normal,Other,Rue du Mée,M,48.116065321127145,-0.1150160737946181
201800015621,NonLethal,2018-07-03,18:42:00,Daylight,350,360,Yes,Roundabout,Normal,Other,Boulevard des Rochers,M,48.11241976674293,-0.112305141581474
201800015623,Lethal,2018-04-06,20:45:00,TwilightOrDawn,350,350,No,NoIntersection,Normal,NoCollision,D110 - lieu dit la métri,M,48.05052113442659,-0.0499769253048104
201800015624,NonLethal,2018-05-18,04:45:00,NightStreelightsOff,350,360,Yes,T-type,Normal,2Vehicles-Side,Allée Pierre de Gennes,M,48.11223255092479,-0.1125904717246526
201800015625,NonLethal,2018-06-07,11:16:00,Daylight,350,109,No,NoIntersection,VeryGood,2Vehicles-Behind,N 157,M,48.07414158214073,-0.0740100463778839
201800015626,NonLethal,2018-07-16,18:30:00,Daylight,350,360,No,NoIntersection,Normal,2Vehicles-Behind,RD857,M,48.1249731729974,-0.1246516862535925
201800015627,NonLethal,2018-08-29,02:30:00,NightNoStreetLight,350,360,No,Other,Normal,2Vehicles-Side,les boufforts,M,48.101662817609565,-0.1027961548174161
201800015628,NonLethal,2018-06-09,16:00:00,Daylight,350,272,No,NoIntersection,Normal,3+Vehicles-Multiple,RD 178,M,48.0068040471052,-0.0061406433791131
201800015629,NonLethal,2018-12-10,15:30:00,Daylight,350,194,No,NoIntersection,Normal,2Vehicles-BehindVehicles-Frontal,Hourdin,M,48.15386736107588,-0.1557610836530849
201800015630,NonLethal,2018-11-21,18:50:00,NightStreelightsOn,350,360,Yes,T-type,Normal,2Vehicles-Side,promenade st yves,M,48.1209778391708,-0.1230661053199055
201800015631,Lethal,2018-12-18,19:20:00,NightStreelightsOn,350,252,No,LevelCrossing,HeavyRain,2Vehicles-BehindVehicles-Frontal,Les Lacs,M,48.10811077558018,-0.1084645874712892
201800015632,Lethal,2018-12-23,20:30:00,NightNoStreetLight,350,360,Yes,NoIntersection,Normal,Other,les ormeaux,M,48.13486046237303,-0.1360413603100314
201800015635,NonLethal,2018-08-04,15:40:00,Daylight,350,209,No,X-type,LightRain,2Vehicles-Side,D34,M,48.0591150759949,-0.0603196764343109
201800015636,NonLethal,2018-04-11,18:00:00,Daylight,350,69,No,T-type,Normal,2Vehicles-Side,Les Courtrais,M,48.029067659476816,-0.0289259506188126
201800015637,NonLethal,2018-06-20,04:40:00,NightNoStreetLight,350,327,No,NoIntersection,Normal,Other,la pie morais,M,48.12517134013437,-0.1239441706546418
201800015638,NonLethal,2018-06-24,13:00:00,Daylight,350,327,No,NoIntersection,Normal,Other,RN 157 PK 33,M,48.10414696516549,-0.1040112905187368
201800015639,NonLethal,2018-06-29,09:00:00,Daylight,350,204,No,T-type,Normal,2Vehicles-Side,la maison neuve,M,48.04407985126139,-0.0441489722350544
201800015640,NonLethal,2018-05-07,15:15:00,Daylight,350,69,No,Other,Normal,2Vehicles-Behind,Intersection D463 et D32,M,48.03784782557357,-0.036760389413465
201800015642,NonLethal,2018-09-11,14:30:00,Daylight,350,68,Yes,X-type,Normal,2Vehicles-Side,Route Départementale 33,M,48.10198317429051,-0.1016638566902602
201800015643,NonLethal,2018-10-22,21:25:00,NightNoStreetLight,350,204,No,X-type,Normal,2Vehicles-Side,lieu dit l'éclosel,M,48.04494458247965,-0.0442811159902675
201800015644,NonLethal,2018-11-19,09:15:00,Daylight,350,207,No,NoIntersection,Normal,3+Vehicles-Chain,RN 157 - PK 37+710,M,48.10805775244837,-0.1086167259995495
201800015645,NonLethal,2018-12-18,17:15:00,NightStreelightsOn,350,68,Yes,NoIntersection,HeavyRain,Other,3 rue de bel air,M,48.10776917221752,-0.108370926309187
201800015647,Lethal,2018-01-13,18:20:00,NightNoStreetLight,440,45,No,NoIntersection,Normal,2Vehicles-BehindVehicles-Frontal,la croix de bauche,M,47.2977386670208,-0.2985282915657692
201800015648,NonLethal,2018-01-27,01:30:00,NightStreelightsOn,440,158,Yes,NoIntersection,Other,NoCollision,route du temple,M,47.28251962128163,-0.2816858809060524
201800015649,NonLethal,2018-01-27,14:15:00,Daylight,440,158,No,T-type,Normal,2Vehicles-Side,la soudenais,M,47.29257919368744,-0.2920443948742565
201800015650,NonLethal,2018-03-26,13:45:00,Daylight,440,158,No,NoIntersection,Normal,2Vehicles-Side,le Bois Alix,M,47.28270688806503,-0.2835380493524215
201800015651,NonLethal,2018-03-27,07:45:00,Daylight,440,217,No,X-type,LightRain,2Vehicles-Side,la haymionnière,M,47.322237120622695,-0.3229763921439526
201800015652,NonLethal,2018-09-07,07:20:00,TwilightOrDawn,440,45,No,NoIntersection,Normal,Other,bel air,M,47.3169327601757,-0.3176042797695445
201800015654,Lethal,2018-01-17,18:15:00,NightNoStreetLight,440,17,No,NoIntersection,Normal,2Vehicles-BehindVehicles-Frontal,La Fontaine Marie,M,47.52270011867886,-0.5236472409851184
201800015656,Lethal,2018-01-26,07:20:00,NightNoStreetLight,440,213,No,NoIntersection,Normal,Other,RD 752,M,47.37671232329939,-0.3769818287539834
201800015657,NonLethal,2018-03-17,16:15:00,Daylight,440,3,No,NoIntersection,LightRain,2Vehicles-Side,Le Moulin de la Guère,M,47.39102594712994,-0.3895647270407665
201800015658,NonLethal,2018-04-04,19:39:00,Daylight,440,4,No,T-type,Normal,2Vehicles-BehindVehicles-Frontal,La Barbinière,M,47.38434427202982,-0.383272953463055
201800015660,NonLethal,2018-04-19,04:40:00,NightNoStreetLight,440,191,No,NoIntersection,Normal,Other,lieu dit La Bohinière,M,47.55290407328469,-0.5538356270021675
201800015661,NonLethal,2018-05-18,17:30:00,Daylight,440,180,Yes,NoIntersection,Normal,Other,avenue alexandre BRAUD,M,47.522215325716175,-0.5232566009999399
201800015662,NonLethal,2018-01-09,21:45:00,NightStreelightsOn,440,163,Yes,Other,Normal,2Vehicles-Side,rue de versailles,M,47.39962085028635,-0.3994669173845433
201800015663,NonLethal,2018-09-29,16:20:00,Daylight,440,96,No,NoIntersection,Normal,2Vehicles-BehindVehicles-Frontal,les lionnais,M,47.418180109513145,-0.418108989959064
201800015664,NonLethal,2018-11-04,02:30:00,NightNoStreetLight,440,11,No,T-type,Normal,2Vehicles-Side,beau soleil,M,47.47877294374411,-0.4781321511554903
201800015665,NonLethal,2018-11-30,16:50:00,Daylight,440,3,No,Roundabout,LightRain,2Vehicles-Behind,rond point Pierre George,M,47.408582658448,-0.4107288707945735
201800015667,NonLethal,2018-12-19,19:30:00,NightNoStreetLight,440,96,No,NoIntersection,LightRain,2Vehicles-Behind,Lieu dit les Grands Mont,M,47.40581312429647,-0.408217565090457
201800015669,NonLethal,2018-03-25,17:30:00,Daylight,440,28,No,NoIntersection,Normal,2Vehicles-BehindVehicles-Frontal,lieu dit la Robinière,M,47.33411046579286,-0.3355165212044627
201800015671,NonLethal,2018-04-24,15:30:00,Daylight,440,82,No,NoIntersection,Normal,2Vehicles-BehindVehicles-Frontal,route départementale 9,M,47.39023971055365,-0.390721005074407
201800015672,Lethal,2018-06-23,22:55:00,NightNoStreetLight,440,115,No,NoIntersection,Normal,2Vehicles-Side,Lieu-dit croix rouge,M,47.35228273849657,-0.3519743383899483
201800015673,NonLethal,2018-08-19,11:25:00,Daylight,440,144,Yes,Roundabout,Normal,2Vehicles-Side,rue de bretagne,M,47.51973025026208,-0.5194991018946779
201800015674,NonLethal,2018-09-13,18:00:00,Daylight,440,82,Yes,NoIntersection,Normal,Other,Avenue des Frênes,M,47.41139137348157,-0.4126174170936972
201800015676,NonLethal,2018-09-30,07:40:00,TwilightOrDawn,440,77,No,NoIntersection,Normal,NoCollision,la roche,M,47.5192707505251,-0.517191261577749
201800015677,NonLethal,2018-12-06,08:00:00,NightStreelightsOn,440,28,No,Roundabout,LightRain,Other,La Joie,M,47.33889604939445,-0.3407318049591204
201800015678,NonLethal,2018-07-04,19:05:00,TwilightOrDawn,440,170,No,Other,HeavyRain,NoCollision,fresnais,M,47.64465957939192,-0.6448956130755888
201800015679,NonLethal,2018-05-19,01:30:00,NightNoStreetLight,440,99,No,X-type,Normal,2Vehicles-Side,INTERSECTION CD 40- CD 1,M,47.66824361518712,-0.669072683112117
201800015680,NonLethal,2018-06-12,04:45:00,NightNoStreetLight,440,85,No,NoIntersection,Normal,2Vehicles-BehindVehicles-Frontal,LA TRESLAIS,M,47.68505389627762,-0.6835154686631995
201800015681,NonLethal,2018-07-01,18:50:00,Daylight,440,112,Yes,Square,Normal,NoCollision,Place des marronniers,M,47.77518115600397,-0.7755145332918703
201800015682,Lethal,2018-09-22,06:15:00,NightNoStreetLight,440,153,No,NoIntersection,Normal,Other,Le Val Marie - RD 771,M,47.69755014179779,-0.6939171830231479
201800015683,NonLethal,2018-09-29,20:45:00,NightNoStreetLight,440,112,No,NoIntersection,Normal,Other,Le Grand Sauzay,M,47.770060217073365,-0.7706030274688918
201800015684,Lethal,2018-01-12,00:45:00,NightNoStreetLight,440,54,No,NoIntersection,Normal,Other,Le Hadet,M,47.66488490531843,-0.6649502724520668
201800015685,NonLethal,2018-11-22,21:00:00,NightNoStreetLight,440,153,No,X-type,LightRain,2Vehicles-Side,"Lieu-dit ""La Chapelle""",M,47.69144004879311,-0.6900615900545108
201800015686,NonLethal,2018-01-04,07:50:00,NightNoStreetLight,440,62,No,NoIntersection,LightRain,2Vehicles-Behind,D15 - foret du GAVRE,M,47.5186758940628,-0.5182075958691494
201800015687,Lethal,2018-03-31,21:30:00,NightStreelightsOn,440,185,Yes,NoIntersection,Overcast,Other,AVENUE JEAN BUREL,M,47.64681167057939,-0.6490906015013707
201800015688,NonLethal,2018-12-04,08:15:00,Daylight,440,23,No,NoIntersection,Normal,NoCollision,Lieu-dit malabry,M,47.43840538147197,-0.4394182563239001
201800015689,Lethal,2018-03-05,18:15:00,Daylight,440,44,No,X-type,Normal,2Vehicles-Side,La butte des Fougères,M,47.663976145924025,-0.6647797909707425
201800015690,Lethal,2018-05-05,23:00:00,NightNoStreetLight,440,56,No,NoIntersection,Normal,Other,LA RIDELAIS,M,47.41515713141155,-0.4153016350110186
201800015691,Lethal,2018-05-06,15:50:00,Daylight,440,56,No,NoIntersection,Normal,Other,le gué géraud,M,47.41054375938658,-0.4110491766403699
201800015692,NonLethal,2018-06-07,19:20:00,Daylight,440,57,No,Square,Normal,Other,étang aumée,M,47.60187630883484,-0.601851210767571
201800015694,Lethal,2018-08-15,19:15:00,Daylight,440,67,No,NoIntersection,VeryGood,2Vehicles-BehindVehicles-Frontal,TREFOUX,M,47.61617383240013,-0.6137586634538202
201800015697,Lethal,2018-03-22,21:00:00,NightNoStreetLight,440,131,No,NoIntersection,Normal,2Vehicles-Side,RD 751 Lieu dit La Noé d,M,47.1129447831124,-0.1120083277134647
201800015698,NonLethal,2018-05-06,03:10:00,NightNoStreetLight,440,131,No,NoIntersection,FogOrSmoke,2Vehicles-BehindVehicles-Frontal,Lieudit marais mainguy,M,47.11154408616501,-0.1126641629858802
201800015699,NonLethal,2018-06-19,19:00:00,Daylight,440,131,Yes,X-type,Normal,2Vehicles-Side,31 rue de la bernerie,M,47.11038962748904,-0.1128012804486793
201800015700,NonLethal,2018-07-08,11:30:00,Daylight,440,131,Yes,NoIntersection,Normal,Other,corniche du porteau,M,47.113456118489815,-0.1122834701148139
201800015701,NonLethal,2018-09-29,18:45:00,Daylight,440,131,Yes,NoIntersection,Normal,2Vehicles-BehindVehicles-Frontal,6 LIEU-DIT LA HOURSERIE,M,47.13197509892608,-0.1307563355204088
201800015702,NonLethal,2018-09-30,14:40:00,Daylight,440,21,No,NoIntersection,Normal,Other,Lieudit La Croix Blanche,M,47.06839441730274,-0.0688684859332405
201800015703,NonLethal,2018-10-31,18:45:00,NightNoStreetLight,440,21,No,NoIntersection,Normal,2Vehicles-BehindVehicles-Frontal,RD13,M,47.01947855081759,-0.0212459431312879
201800015704,NonLethal,2018-11-03,15:50:00,Daylight,440,131,Yes,T-type,Normal,2Vehicles-Side,Rue de la fontaines aux,M,47.10468046673617,-0.1051629078891431
201800015705,NonLethal,2018-10-01,08:55:00,Daylight,440,87,Yes,Roundabout,LightRain,2Vehicles-Side,bd Gabriel RELIQUET,M,46.9957696060794,-0.9962075911812333
201800015706,Lethal,2018-03-14,09:30:00,Daylight,440,119,Yes,NoIntersection,Normal,Other,Rue de la Motte Noire,M,46.963323237362665,-0.9615116403186788
201800015707,NonLethal,2018-03-23,09:00:00,Daylight,440,87,Yes,Roundabout,LightRain,2Vehicles-Side,Boulevard des Prises,M,46.99704169340451,-0.9972173526592524
201800015708,NonLethal,2018-03-30,14:50:00,Daylight,440,220,No,T-type,Normal,2Vehicles-Behind,le pigeonrier,M,47.19979722552176,-0.2014415626651089
201800015709,NonLethal,2018-11-05,12:15:00,Daylight,440,119,No,NoIntersection,Normal,2Vehicles-Side,lieudit Thibaudière,M,46.931554460570254,-0.9349344952454772
201800015710,NonLethal,2018-05-19,12:25:00,Daylight,440,119,No,T-type,Normal,2Vehicles-Side,D117,M,46.9934312987943,-0.9934468086457868
201800015711,Lethal,2018-06-26,08:30:00,Daylight,440,119,No,T-type,VeryGood,2Vehicles-BehindVehicles-Frontal,lieu-dit beauséjour,M,46.99462189411918,-0.9926139503459486
201800015713,NonLethal,2018-06-25,18:15:00,Daylight,440,220,No,NoIntersection,Normal,3+Vehicles-Multiple,D 723 - tartifume,M,47.20079814035388,-0.2012662151343189
201800015714,NonLethal,2018-10-07,10:30:00,Daylight,440,186,No,NoIntersection,Normal,2Vehicles-BehindVehicles-Frontal,Lieu Dit la Crois Morton,M,47.083015816804725,-0.0822343226618222
201800015715,NonLethal,2018-07-04,16:40:00,Daylight,440,220,No,NoIntersection,Normal,2Vehicles-Side,la morissais,M,47.20445260992044,-0.2052317283363602
201800015716,NonLethal,2018-07-13,17:55:00,Daylight,440,186,Yes,NoIntersection,Normal,2Vehicles-Behind,Rue de l'Hotel de ville,M,47.1044967788186,-0.1063850313378891
201800015717,NonLethal,2018-08-01,18:20:00,Daylight,440,133,No,NoIntersection,Normal,2Vehicles-BehindVehicles-Frontal,D64 la jutière,M,47.13936158527833,-0.1381147298836726
201800015718,NonLethal,2018-07-09,19:35:00,TwilightOrDawn,440,186,Yes,T-type,VeryGood,2Vehicles-Side,RUE DE L'AUDITOIRE,M,47.10366419489593,-0.1031108319948278
201800015719,NonLethal,2018-09-09,18:15:00,Daylight,440,145,No,NoIntersection,Normal,3+Vehicles-Chain,RD 723,M,47.17784049824327,-0.1780171663123975
201800015721,NonLethal,2018-09-25,19:00:00,Daylight,440,87,No,NoIntersection,Normal,3+Vehicles-Multiple,le chene semé,M,47.042545208273694,-0.0413603313373198
201800015722,NonLethal,2018-12-23,08:00:00,NightNoStreetLight,440,133,No,NoIntersection,Overcast,2Vehicles-Behind,D758 PK 2+800,M,47.11167763558069,-0.1118335702992589
201800015723,NonLethal,2018-01-31,11:45:00,Daylight,440,154,Yes,Roundabout,LightRain,2Vehicles-Side,rond point de santomera,M,47.239204443264505,-0.2384811482063202
201800015724,NonLethal,2018-02-23,16:30:00,Daylight,440,154,Yes,Roundabout,Normal,2Vehicles-Side,rue du fief,M,47.233310531637336,-0.2355119596549123
201800015725,NonLethal,2018-03-17,20:05:00,NightStreelightsOn,440,154,Yes,Other,Normal,2Vehicles-Side,rue des etangs,M,47.22742236507493,-0.2266819243386458
201800015726,NonLethal,2018-03-31,17:10:00,Daylight,440,46,No,T-type,Normal,2Vehicles-Side,rue du chatelais,M,47.24627782074834,-0.2452930597473203
201800015727,NonLethal,2018-06-05,05:05:00,NightNoStreetLight,440,46,No,Y-type,FogOrSmoke,2Vehicles-Side,le fossiais,M,47.26664838520271,-0.266404811497875
201800015728,NonLethal,2018-06-26,16:38:00,Daylight,440,116,Yes,NoIntersection,Normal,NoCollision,Rue de Bel Air,M,47.28743483615175,-0.2849832396179886
201800015729,NonLethal,2018-07-23,06:50:00,Daylight,440,38,No,T-type,Normal,Other,RD 97 - L'AIGUILLON,M,47.18135066767635,-0.1831045502036251
201800015730,Lethal,2018-09-06,09:00:00,Daylight,440,46,No,NoIntersection,Overcast,2Vehicles-BehindVehicles-Frontal,D77 lieu dit les moisans,M,47.27358351814795,-0.2739397559800592
201800015731,NonLethal,2018-09-09,17:30:00,Daylight,440,182,Yes,NoIntersection,Normal,Other,Avenue Ernest Chevrier,M,47.165882978033565,-0.1648965758040951
201800015732,NonLethal,2018-11-13,07:52:00,NightStreelightsOff,440,182,Yes,NoIntersection,Normal,Other,route de la plaine,M,47.16679284503789,-0.1656830935111587
201800015733,NonLethal,2018-11-29,15:40:00,Daylight,440,182,Yes,Roundabout,Normal,Other,rd pt ROUTE DE LA PLAINE,M,47.17025053157251,-0.1691893274440865
201800015734,Lethal,2018-01-27,18:20:00,TwilightOrDawn,440,165,No,NoIntersection,Normal,NoCollision,D 58,M,47.06730133967061,-0.0649776834619442
201800015735,NonLethal,2018-02-02,16:00:00,Daylight,440,14,No,X-type,HeavyRain,2Vehicles-Side,LES TROIS HERMINES,M,47.10991725056242,-0.1099702233534245
201800015736,NonLethal,2018-12-04,09:00:00,Daylight,440,127,No,X-type,Normal,2Vehicles-Side,carrefour D 257 - D 56,M,47.01726128332064,-0.0157134827256179
201800015738,NonLethal,2018-06-20,11:15:00,Daylight,440,216,Yes,NoIntersection,Normal,Other,rue d'aigrefeuille sur m,M,46.972998233608735,-0.973322999092352
201800015739,NonLethal,2018-01-07,19:10:00,Daylight,440,88,No,NoIntersection,Normal,2Vehicles-Behind,La grenouillère,M,47.11837192528188,-0.1171962508735206
201800015740,Lethal,2018-07-17,20:05:00,Daylight,440,22,No,NoIntersection,Normal,Other,lieu dit la peltière,M,47.04871790505832,-0.0487385673643225
201800015741,NonLethal,2018-07-19,23:15:00,NightStreelightsOn,440,223,Yes,NoIntersection,LightRain,Other,23 avenue de la vendée,M,47.0507726604153,-0.0499692966836781
201800015742,NonLethal,2018-07-20,09:13:00,Daylight,440,43,Yes,NoIntersection,Normal,Other,Route de St Lumine,M,47.090225997132826,-0.0902548298782401
201800015743,NonLethal,2018-07-20,19:20:00,Daylight,440,223,No,X-type,Normal,Other,rue de la grange à l'abb,M,47.04675109421377,-0.0470163510616612
201800015744,Lethal,2018-09-09,20:25:00,Daylight,440,2,Yes,Roundabout,Normal,2Vehicles-Side,Avenue de Nantes,M,47.07975850339521,-0.0814985992790702
201800015746,NonLethal,2018-09-15,22:10:00,NightStreelightsOn,440,223,Yes,X-type,Normal,2Vehicles-Side,place george gaudet,M,47.05460249924121,-0.05657954827922
201800015747,NonLethal,2018-09-22,18:50:00,Daylight,440,223,No,NoIntersection,LightRain,2Vehicles-BehindVehicles-Frontal,Lieudit la Noé Grivaud,M,47.05693639673311,-0.0570056079125406
201800015748,NonLethal,2018-09-24,18:45:00,Daylight,440,43,Yes,NoIntersection,Normal,2Vehicles-Side,pont de nid d'oie,M,47.08962338240528,-0.0915315077829257
201800015749,NonLethal,2018-09-28,18:00:00,Daylight,440,43,Yes,X-type,Normal,2Vehicles-Side,rue angevine,M,47.107950593891424,-0.1080375075411936
201800015750,NonLethal,2018-01-10,07:10:00,NightNoStreetLight,440,64,No,Y-type,Normal,2Vehicles-Side,Intersection RD 763 - RD,M,47.10741502303944,-0.1088822286268896
201800015752,NonLethal,2018-10-17,08:25:00,Daylight,440,2,No,T-type,FogOrSmoke,2Vehicles-Side,la basse chaise,M,47.06637179567792,-0.0661959053916122
201800015753,NonLethal,2018-11-16,10:46:00,Daylight,440,43,Yes,NoIntersection,Normal,Other,Avenue du général lecler,M,47.08515920100209,-0.0856641252068535
201800015755,NonLethal,2018-11-29,03:30:00,NightNoStreetLight,440,64,No,NoIntersection,LightRain,Other,7 Lieu dit La Poiteviniè,M,47.11871758194116,-0.1186256730111127
201800015756,Lethal,2018-03-22,01:45:00,NightNoStreetLight,440,70,No,NoIntersection,Normal,Other,RN 249,M,47.16209149774336,-0.1628692174263615
201800015757,NonLethal,2018-03-31,19:20:00,Daylight,440,117,No,NoIntersection,Normal,Other,ZI Les Petits Primeaux,M,47.15175819284101,-0.1514935566152542
201800015758,NonLethal,2018-04-01,09:45:00,Daylight,440,79,No,NoIntersection,Normal,2Vehicles-Behind,route des moulins - D307,M,47.20780130089684,-0.2088261770472053
201800015759,NonLethal,2018-01-07,22:08:00,TwilightOrDawn,440,169,No,NoIntersection,Normal,NoCollision,le pré chauveau - D 37,M,47.24622120932468,-0.2451081635004952
201800015761,NonLethal,2018-12-21,08:45:00,TwilightOrDawn,440,108,No,NoIntersection,HeavyRain,2Vehicles-Side,ZI les quatre chemins,M,47.12609643985518,-0.1243823683955148
201800015762,NonLethal,2018-02-03,01:15:00,NightNoStreetLight,440,130,No,NoIntersection,Normal,2Vehicles-BehindVehicles-Frontal,rue des 3 moulins,M,47.15098155088891,-0.1522381936932882
201800015763,Lethal,2018-03-18,18:55:00,Daylight,440,166,No,NoIntersection,Normal,NoCollision,rue de la Prinze,M,47.191324810163486,-0.1893319619858295
201800015764,Lethal,2018-09-04,14:00:00,Daylight,440,171,No,NoIntersection,Normal,2Vehicles-BehindVehicles-Frontal,La haute galerie,M,47.13768753699264,-0.1370634932446335
201800015765,NonLethal,2018-04-12,12:00:00,Daylight,440,171,No,NoIntersection,Normal,2Vehicles-Behind,Lieudit la haute galerie,M,47.13904510715157,-0.1374889036925951
201800015766,NonLethal,2018-05-09,01:12:00,NightNoStreetLight,440,150,Yes,NoIntersection,Normal,Other,12 route de la paillerie,M,47.13945564636711,-0.1412281168310262
201800015767,NonLethal,2018-07-13,17:47:00,Daylight,440,24,No,NoIntersection,VeryGood,Other,rue du petit pesle,M,47.159896380183525,-0.1602360729741087
201800015768,NonLethal,2018-07-31,08:30:00,Daylight,440,120,Yes,T-type,Normal,2Vehicles-Side,Quai des coteaux,M,47.20628175856153,-0.2049225145141283
201800015769,NonLethal,2018-09-22,15:45:00,Daylight,440,130,No,NoIntersection,LightRain,Other,rd 178,M,47.10652072532775,-0.1074875047999477
201800015770,NonLethal,2018-09-22,15:30:00,Daylight,440,130,Yes,NoIntersection,LightRain,NoCollision,D11 - rue du vignoble,M,47.119895828585335,-0.1201948625845402
201800015771,NonLethal,2018-10-21,03:00:00,NightNoStreetLight,440,101,Yes,NoIntersection,Normal,Other,rue de la haie d'anchete,M,47.17706843143365,-0.1783710002397048
201800015773,NonLethal,2018-11-08,21:30:00,NightNoStreetLight,440,130,No,NoIntersection,Normal,Other,rue du pays de retz,M,47.12653572988432,-0.1246478245324351
201800015775,NonLethal,2018-11-30,16:40:00,Daylight,440,130,No,NoIntersection,Normal,2Vehicles-Side,lieu dit la rairie,M,47.13325975006293,-0.1348366831661154
201800015776,Lethal,2018-01-21,02:15:00,NightNoStreetLight,440,69,No,NoIntersection,Normal,Other,route de St-Lyphard - D4,M,47.34327134241935,-0.3410154657215785
201800015777,NonLethal,2018-02-21,10:00:00,Daylight,440,69,Yes,NoIntersection,Normal,Other,RUE DES PEUPLIERS,M,47.32818204139598,-0.3282106213194486
201800015778,Lethal,2018-09-03,17:38:00,Daylight,440,69,No,NoIntersection,Normal,2Vehicles-BehindVehicles-Frontal,PETIT POISSEVIN,M,47.350886700396295,-0.351682743066543
201800015779,NonLethal,2018-04-15,23:15:00,NightNoStreetLight,440,72,No,NoIntersection,Normal,Other,D51 lieu-dit hoscas,M,47.42116034952687,-0.421941666497079
201800015780,NonLethal,2018-04-10,10:00:00,Daylight,440,69,Yes,Roundabout,HeavyRain,2Vehicles-Side,boulevard du 19Mars 1962,M,47.33911584390753,-0.341341509331195
201800015781,NonLethal,2018-05-05,02:05:00,NightStreelightsOn,440,69,Yes,NoIntersection,Normal,Other,Rue des Guérets,M,47.323053020806725,-0.3250429664256394
201800015782,Lethal,2018-05-08,04:00:00,NightNoStreetLight,440,69,No,NoIntersection,Normal,Other,D774,M,47.318424682946464,-0.3174895721604713
201800015783,Lethal,2018-11-06,20:30:00,Daylight,440,125,Yes,NoIntersection,HeavyRain,Other,port au loup,M,47.38117060790326,-0.3825294673911672
201800015784,NonLethal,2018-06-09,09:40:00,Daylight,440,211,Yes,NoIntersection,Normal,NoCollision,Boulevard de l'Europe,M,47.352991359439,-0.3500829138446542
201800015785,NonLethal,2018-06-22,18:15:00,Daylight,440,183,No,NoIntersection,Normal,3+Vehicles-Chain,RD48,M,47.37476062697738,-0.3740903321785457
201800015786,NonLethal,2018-07-07,18:35:00,Daylight,440,183,No,NoIntersection,Normal,2Vehicles-BehindVehicles-Frontal,Le Pont Clin,M,47.383722993229696,-0.381606481966235