AccidentId,Gravity,Date,Hour,Light,Department,Commune,InAgglomeration,IntersectionType,Weather,CollisionType,PostalAddress,GPSCode,Latitude,Longitude
201800015787,NonLethal,2018-07-15,19:30:00,Daylight,440,175,No,NoIntersection,Normal,2Vehicles-Behind,D51,M,47.38809308681871,-0.3902102259807964
201800015788,NonLethal,2018-03-08,18:50:00,Daylight,440,69,No,NoIntersection,Normal,2Vehicles-Behind,D 247 route de saint and,M,47.3235814802159,-0.3256575381316463
201800015789,NonLethal,2018-05-08,14:35:00,Daylight,440,151,No,NoIntersection,Normal,2Vehicles-BehindVehicles-Frontal,D47 lieu dit le gros Che,M,47.336363188102105,-0.3339462236412129
201800015790,NonLethal,2018-08-10,11:40:00,Daylight,440,211,Yes,NoIntersection,Normal,NoCollision,D333,M,47.35173552558472,-0.3519275888833442
201800015791,NonLethal,2018-08-15,10:50:00,Daylight,440,6,No,NoIntersection,Normal,NoCollision,12 rue barzin,M,47.42011384623085,-0.4187490066639422
201800015793,NonLethal,2018-09-13,03:00:00,NightNoStreetLight,440,49,Yes,NoIntersection,Normal,Other,Quai Lénigo,M,47.29827095435734,-0.2981360006893235
201800015794,NonLethal,2018-10-10,15:15:00,Daylight,440,69,No,NoIntersection,LightRain,2Vehicles-Side,D247,M,47.324824456364816,-0.3245948915198345
201800015795,NonLethal,2018-10-16,09:45:00,Daylight,440,69,No,NoIntersection,Normal,Other,Route de Saint Molf - D2,M,47.34643330378871,-0.3460484645103069
201800015796,NonLethal,2018-03-11,10:35:00,Daylight,440,69,Yes,Roundabout,Normal,2Vehicles-Side,place du 11 novembre,M,47.33088139877613,-0.331525082069465
201800015797,NonLethal,2018-04-11,07:50:00,Daylight,440,72,No,NoIntersection,Normal,NoCollision,"D51 - Lieu dit ""KEROUGAS",M,47.424105149902665,-0.4238929805804753
201800015799,NonLethal,2018-11-26,16:25:00,Daylight,440,69,Yes,Roundabout,VeryGood,Other,avenue Anne de Bretagne,M,47.32900649436846,-0.3270593951415471
201800015800,NonLethal,2018-12-12,16:05:00,Daylight,440,49,Yes,NoIntersection,Overcast,NoCollision,Avenue de Port Val,M,47.29882411184409,-0.2997909144654596
201800015801,NonLethal,2018-06-05,08:10:00,Daylight,440,13,Yes,NoIntersection,Normal,2Vehicles-BehindVehicles-Frontal,12 rue du pt de l'angle,M,47.39361534739952,-0.3925218152930907
201800015802,Lethal,2018-05-25,15:10:00,Daylight,440,98,No,NoIntersection,LightRain,Other,Lieu dit Coetquen,M,47.483241988986656,-0.4786451968971078
201800015803,NonLethal,2018-06-21,12:15:00,Daylight,440,129,No,X-type,Normal,2Vehicles-Side,la foret,M,47.43233191854993,-0.4326890374128284
201800015804,NonLethal,2018-02-07,16:30:00,Daylight,440,196,No,NoIntersection,Normal,Other,rue de la station,M,47.55019198134709,-0.5512812344713033
201800015806,NonLethal,2018-10-06,18:50:00,TwilightOrDawn,440,152,No,NoIntersection,LightRain,2Vehicles-BehindVehicles-Frontal,lieu dit St Lomer,M,47.445386922730194,-0.44457639561958
201800015807,Lethal,2018-10-20,14:45:00,Daylight,440,13,Yes,Roundabout,Normal,Other,rue du Clos de Launain,M,47.40053547969378,-0.3988040908722283
201800015808,NonLethal,2018-11-05,09:10:00,Daylight,440,139,No,NoIntersection,Normal,2Vehicles-BehindVehicles-Frontal,Départementale 3,M,47.44562149872714,-0.4463456759930502
201800015809,Lethal,2018-01-25,14:50:00,Daylight,250,245,No,X-type,Normal,2Vehicles-Side,Intersection CD111 / CD,M,47.19733717381973,6.194469781911269
201800015810,NonLethal,2018-02-16,06:00:00,NightStreelightsOff,250,58,Yes,NoIntersection,Normal,2Vehicles-Side,route de lyon,M,47.20399329142017,5.204320178188777
201800015811,NonLethal,2018-05-21,18:55:00,Daylight,250,36,No,NoIntersection,LightRain,2Vehicles-Side,route nationale RN 83,M,47.18982867566741,5.188817558820332
201800015813,Lethal,2018-07-07,16:00:00,Daylight,250,328,No,NoIntersection,Normal,2Vehicles-BehindVehicles-Frontal,Route départementale 9,M,47.17221671273593,5.171542753042642
201800015814,NonLethal,2018-12-07,17:00:00,Daylight,250,58,Yes,NoIntersection,Normal,2Vehicles-Side,23 route de Lyon,M,47.2060257006616,5.208087134333388
201800015818,NonLethal,2018-09-21,18:00:00,Daylight,250,410,No,MoreThan4Branches,HeavyRain,2Vehicles-Side,N57,M,47.22315860034556,6.223115984997476
201800015819,NonLethal,2018-07-12,23:43:00,NightNoStreetLight,250,410,No,NoIntersection,LightRain,2Vehicles-BehindVehicles-Frontal,RD 571,M,47.21507307492735,6.217066003096181
201800015820,NonLethal,2018-11-12,16:30:00,TwilightOrDawn,250,437,No,NoIntersection,VeryGood,2Vehicles-Behind,D112 PR 14+300,M,47.26740852332918,6.2690013183433
201800015821,NonLethal,2018-12-20,01:50:00,NightNoStreetLight,250,395,No,NoIntersection,Overcast,NoCollision,chemin de Chevriot Desso,M,47.23495019842338,6.23443677089162
201800015822,NonLethal,2018-12-21,16:45:00,TwilightOrDawn,250,36,No,NoIntersection,LightRain,3+Vehicles-Multiple,RN 83,M,47.19870989161996,5.196807873536112
201800015824,NonLethal,2018-01-16,08:15:00,Daylight,250,455,No,NoIntersection,LightRain,3+Vehicles-Multiple,RD 67 PR 7+300,M,47.266763410484856,5.265155853998322
201800015825,NonLethal,2018-03-06,02:45:00,NightNoStreetLight,250,326,No,NoIntersection,Normal,Other,départementale 415,M,47.22548680538295,5.22487524848873
201800015826,NonLethal,2018-03-06,15:50:00,Daylight,250,225,No,NoIntersection,LightRain,Other,route départementale 415,M,47.22227432945937,5.223414509440818
201800015827,NonLethal,2018-03-11,22:15:00,NightNoStreetLight,250,217,No,NoIntersection,LightRain,Other,route départementale 8 P,M,47.30205035951103,5.303675797097194
201800015828,NonLethal,2018-04-06,16:30:00,Daylight,250,56,No,NoIntersection,Normal,3+Vehicles-Chain,RN57 PK 8.600,M,47.2702713568078,5.268758580453751
201800015829,NonLethal,2018-09-05,15:50:00,Daylight,250,186,Yes,T-type,Normal,3+Vehicles-Multiple,rue de Besancon,M,47.3363801980479,5.336714189229936
201800015830,NonLethal,2018-06-08,22:10:00,NightNoStreetLight,250,455,No,X-type,LightRain,2Vehicles-Side,RD 67,M,47.26520036850658,5.266633430044432
201800015831,NonLethal,2018-07-29,17:50:00,Daylight,250,265,No,X-type,Normal,2Vehicles-Side,D1,M,47.317307013223626,5.317835764074135
201800015832,Lethal,2018-08-08,11:22:00,Daylight,250,482,Yes,T-type,Normal,2Vehicles-Side,Grande rue,M,47.271779527864034,5.271636601809658
201800015834,NonLethal,2018-08-19,01:30:00,NightNoStreetLight,250,186,No,NoIntersection,Normal,Other,RD14,M,47.31369805916778,5.313738328439733
201800015835,NonLethal,2018-08-23,12:45:00,Daylight,250,265,No,NoIntersection,Normal,2Vehicles-Side,chemin des papetiers,M,47.33195719044301,5.334452019564374
201800015836,NonLethal,2018-10-04,14:55:00,Daylight,250,542,No,NoIntersection,Normal,Other,"route départementale 75,",M,47.24005895360233,5.241421055723879
201800015837,Lethal,2018-11-13,19:20:00,NightStreelightsOn,250,212,Yes,Other,Normal,2Vehicles-BehindVehicles-Frontal,rue de Chatillon,M,47.28033069742413,5.279326329841783
201800015839,NonLethal,2018-12-19,06:45:00,NightNoStreetLight,250,510,No,X-type,LightRain,3+Vehicles-Multiple,RD 67 PK 00+200,M,47.28023933955006,5.282666639826144
201800015840,NonLethal,2018-03-25,16:30:00,Daylight,250,199,No,X-type,Normal,2Vehicles-Side,D9,M,47.01253756384431,6.0124528435546924
201800015841,NonLethal,2018-06-24,14:30:00,Daylight,250,434,No,NoIntersection,Normal,NoCollision,D 67,M,47.10678504376192,6.105958238142777
201800015842,NonLethal,2018-07-26,20:00:00,Daylight,250,236,Yes,NoIntersection,Normal,2Vehicles-BehindVehicles-Frontal,rue du repos D132,M,47.05374068887729,6.053702686485664
201800015843,NonLethal,2018-11-08,19:35:00,Daylight,250,537,No,NoIntersection,Normal,2Vehicles-Side,Le puit noir CD 67,M,47.12556445193344,6.125363254267978
201800015844,NonLethal,2018-07-10,17:00:00,Daylight,250,537,No,NoIntersection,Normal,Other,cd 67,M,47.09945309383969,6.099653595354894
201800015845,NonLethal,2018-10-23,07:45:00,TwilightOrDawn,250,537,No,NoIntersection,Overcast,Other,RD9 PK14+350,M,47.09064973790694,6.091056571490832
201800015846,NonLethal,2018-11-05,21:00:00,NightNoStreetLight,250,155,No,NoIntersection,Normal,Other,d 103,M,47.08196620717524,6.080934827303725
201800015847,NonLethal,2018-06-11,11:15:00,Daylight,250,339,Yes,NoIntersection,Normal,NoCollision,CD 67,M,47.046184094918935,6.045824063327978
201800015848,NonLethal,2018-01-13,15:50:00,Daylight,250,560,No,NoIntersection,Normal,2Vehicles-Side,CD 683,M,47.26929806381719,6.269594844928353
201800015849,Lethal,2018-02-28,20:00:00,NightNoStreetLight,250,132,No,NoIntersection,Normal,NoCollision,carrefour D372 - D 30,M,47.33306094437562,6.333750473268984
201800015851,Lethal,2018-04-02,08:00:00,Daylight,250,560,No,NoIntersection,Normal,2Vehicles-Behind,RD 683,M,47.26896933928752,6.269607847675597
201800015852,NonLethal,2018-08-20,05:30:00,TwilightOrDawn,250,163,No,NoIntersection,Normal,Other,PK 14.600 - RD486,M,47.36338218159689,6.360848071233705
201800015854,NonLethal,2018-10-20,16:20:00,Daylight,250,111,Yes,NoIntersection,Normal,2Vehicles-Side,rue de Besançon,M,47.26797342140885,6.269020138163013
201800015856,NonLethal,2018-11-11,19:30:00,NightNoStreetLight,250,598,No,NoIntersection,Normal,NoCollision,RD138,M,47.34059095206856,6.339510897330347
201800015857,NonLethal,2018-01-24,06:57:00,TwilightOrDawn,250,287,No,Other,Normal,3+Vehicles-Multiple,RD 673,M,47.20376752904353,5.204284963204919
201800015859,NonLethal,2018-02-24,18:15:00,NightNoStreetLight,250,147,No,NoIntersection,Normal,Other,RD216,M,47.21827533160187,5.219581670926555
201800015860,NonLethal,2018-05-01,05:35:00,NightNoStreetLight,250,109,No,NoIntersection,Normal,Other,RD110 A lieu dit les gra,M,47.12908165333119,5.126640024951954
201800015861,NonLethal,2018-05-26,19:20:00,Daylight,250,527,Yes,X-type,Normal,Other,RUE DES GRANDS VAUBRENOT,M,47.18890368949064,5.188189584874411
201800015862,NonLethal,2018-06-08,01:40:00,NightNoStreetLight,250,195,No,NoIntersection,Normal,2Vehicles-BehindVehicles-Frontal,RD673,M,47.19798512705528,5.199390532624268
201800015863,NonLethal,2018-12-06,17:25:00,Daylight,250,103,No,NoIntersection,Normal,Other,Le Comice,M,47.166798720079015,5.166636989230917
201800015864,NonLethal,2018-06-28,12:10:00,Daylight,250,21,Yes,T-type,Normal,2Vehicles-Behind,Dl7E/avenue de la saline,M,47.02475604818297,5.02463479785422
201800015865,NonLethal,2018-11-07,11:00:00,Daylight,250,336,No,NoIntersection,Normal,2Vehicles-BehindVehicles-Frontal,RD 17,M,47.04655847979285,5.047356950609219
201800015866,NonLethal,2018-07-22,20:45:00,TwilightOrDawn,250,149,No,NoIntersection,Normal,NoCollision,chemin du chalet d'argue,M,47.14440134733325,5.1448323074556175
201800015867,NonLethal,2018-07-24,09:55:00,Daylight,250,220,No,NoIntersection,Normal,2Vehicles-BehindVehicles-Frontal,RD9,M,47.11187921158707,6.110769506592602
201800015868,NonLethal,2018-05-09,20:55:00,NightNoStreetLight,250,397,No,NoIntersection,Normal,Other,D 105 - PK 01+050,M,47.203906705608446,5.202774264726266
201800015869,NonLethal,2018-02-10,15:45:00,Daylight,250,147,Yes,X-type,Normal,2Vehicles-Side,route de besançon,M,47.22723685702356,5.22664582846374
201800015870,NonLethal,2018-04-22,09:45:00,Daylight,250,22,No,NoIntersection,Normal,NoCollision,RD 683,M,47.51991453145588,6.516881938516135
201800015871,NonLethal,2018-04-26,22:00:00,NightNoStreetLight,250,18,No,NoIntersection,Normal,Other,D73 PK3+280,M,47.388155007595415,6.390849354524251
201800015872,NonLethal,2018-05-06,19:30:00,Daylight,250,529,No,NoIntersection,Normal,NoCollision,D464,M,47.30382111495267,6.302742011647601
201800015873,NonLethal,2018-07-04,22:51:00,NightNoStreetLight,250,595,No,NoIntersection,Normal,NoCollision,D31,M,47.35265696047761,6.351826789650028
201800015874,NonLethal,2018-09-18,15:45:00,Daylight,250,431,No,NoIntersection,Normal,2Vehicles-BehindVehicles-Frontal,D455,M,47.49521484051457,6.494769568341233
201800015875,NonLethal,2018-01-31,16:35:00,Daylight,250,218,No,NoIntersection,Normal,2Vehicles-BehindVehicles-Frontal,départemental 30,M,47.20880819353399,6.206882617424032
201800015876,NonLethal,2018-06-23,16:00:00,Daylight,250,453,No,NoIntersection,Normal,2Vehicles-BehindVehicles-Frontal,D20,M,47.19958559951704,6.199755017423633
201800015877,NonLethal,2018-08-15,01:40:00,NightStreelightsOn,250,453,Yes,T-type,Normal,2Vehicles-Side,GRANDE RUE,M,47.214674394077335,6.214004747403187
201800015878,NonLethal,2018-10-31,08:55:00,Daylight,250,222,Yes,T-type,Normal,Other,grande rue,M,47.146164731311245,6.14815619437617
201800015879,NonLethal,2018-01-01,17:45:00,TwilightOrDawn,250,71,Yes,NoIntersection,LightRain,2Vehicles-BehindVehicles-Frontal,27 GRANDE RUE,M,47.44582679105065,6.44230165831246
201800015880,NonLethal,2018-01-03,05:45:00,NightStreelightsOn,250,367,Yes,NoIntersection,StrongWindOrStorm,2Vehicles-BehindVehicles-Frontal,98 RUE DU 17 NOVEMBRE,M,47.44465695721204,6.445752613424407
201800015882,NonLethal,2018-04-22,16:25:00,Daylight,250,367,Yes,NoIntersection,Normal,2Vehicles-Side,30 rue de beaulieu,M,47.44799982997275,6.44856784330594
201800015883,Lethal,2018-10-06,02:30:00,NightStreelightsOn,250,367,Yes,NoIntersection,Normal,Other,rue de beaulieu,M,47.44601211796641,6.443869155081169
201800015884,NonLethal,2018-10-10,18:40:00,TwilightOrDawn,250,228,Yes,Roundabout,Normal,2Vehicles-Side,rue du breuil,M,47.51572050691505,6.513111252759547
201800015885,NonLethal,2018-11-21,19:30:00,NightNoStreetLight,250,196,No,NoIntersection,LightRain,Other,Route d'Étupes,M,47.48606855083784,6.486666477304958
201800015886,NonLethal,2018-06-12,15:40:00,Daylight,250,196,No,NoIntersection,LightRain,Other,D480,M,47.48262784773607,6.484497397398109
201800015887,NonLethal,2018-02-06,09:30:00,Daylight,250,193,Yes,NoIntersection,Normal,2Vehicles-Side,20 rue du général de gau,M,47.24882173458188,6.248007088221255
201800015888,Lethal,2018-06-20,16:45:00,Daylight,250,366,No,Y-type,Normal,2Vehicles-Side,CD 464 - PK O67+1OO,M,47.2506446359145,6.253935015383486
201800015889,NonLethal,2018-06-23,04:45:00,TwilightOrDawn,250,356,Yes,NoIntersection,Normal,2Vehicles-BehindVehicles-Frontal,O2 AVENUE DU MARECHAL LE,M,47.24709766843874,6.248134162977089
201800015890,NonLethal,2018-08-22,20:45:00,TwilightOrDawn,250,193,Yes,NoIntersection,Normal,Other,13 ter rue du prélot,M,47.23958925085282,6.237257834031246
201800015891,NonLethal,2018-01-12,15:55:00,Daylight,250,519,No,NoIntersection,Normal,Other,CD 121,M,47.32848912971768,6.329594295301714
201800015892,Lethal,2018-04-22,11:00:00,Daylight,250,187,No,T-type,Normal,2Vehicles-Side,D73 - PK 18,M,47.37819966014021,6.380396813709448
201800015893,NonLethal,2018-07-15,19:00:00,Daylight,250,281,Yes,NoIntersection,Normal,NoCollision,3 rue des acacias,M,47.39655841785686,6.396257005697959
201800015894,NonLethal,2018-08-05,21:10:00,NightStreelightsOn,250,63,No,T-type,Normal,NoCollision,Rue du lomont,M,47.385027586807865,6.385034790821464
201800015895,NonLethal,2018-10-23,05:30:00,NightNoStreetLight,250,519,No,NoIntersection,Normal,2Vehicles-BehindVehicles-Frontal,RD437,M,47.29614583971309,6.294470193344365
201800015896,NonLethal,2018-11-11,13:15:00,Daylight,250,370,No,Y-type,Normal,2Vehicles-BehindVehicles-Frontal,chemin de la prusse,M,47.45612282698947,6.459181990585386
201800015897,NonLethal,2018-08-01,14:15:00,Daylight,250,634,No,NoIntersection,Normal,2Vehicles-Side,Lieu-dit saint lazare,M,46.95264724166099,6.951836103747566
201800015899,NonLethal,2018-06-04,13:35:00,Daylight,250,493,No,NoIntersection,Normal,2Vehicles-Side,RD 47 A PK 0.800,M,46.873210587307724,6.874972907500784
201800015900,NonLethal,2018-07-04,17:56:00,Daylight,250,29,No,NoIntersection,Normal,2Vehicles-BehindVehicles-Frontal,"Lieu dit "" LA CREUSE"" D6",M,47.02480344820924,6.024970468938412
201800015901,Lethal,2018-04-21,22:00:00,NightNoStreetLight,250,110,No,T-type,Normal,Other,RD 72,M,46.9143160358324,6.916980864169969
201800015902,NonLethal,2018-04-21,09:55:00,Daylight,250,110,No,NoIntersection,Normal,2Vehicles-Side,D72 - ENTRE LE PK24 ET L,M,46.9115943765318,6.911329913720516
201800015903,NonLethal,2018-04-22,21:40:00,NightNoStreetLight,250,176,No,NoIntersection,Normal,Other,Départementale D9,M,46.88422392496688,6.88443325453101
201800015904,NonLethal,2018-04-24,21:30:00,NightNoStreetLight,250,254,No,NoIntersection,Normal,NoCollision,D6,M,46.85709730728767,6.857074356167808
201800015906,NonLethal,2018-06-14,18:05:00,Daylight,250,122,No,NoIntersection,Normal,Other,D72,M,46.944064768565646,6.943474038874151
201800015907,NonLethal,2018-06-18,08:00:00,Daylight,250,627,Yes,X-type,Normal,2Vehicles-Side,GRANDE RUE,M,46.90381807785481,6.904115359916667
201800015908,NonLethal,2018-01-07,14:45:00,Daylight,250,634,No,NoIntersection,Normal,2Vehicles-BehindVehicles-Frontal,RN 57,M,46.95298786182536,6.95306111387957
201800015909,NonLethal,2018-07-12,00:05:00,NightNoStreetLight,250,282,No,NoIntersection,Normal,Other,RD 48,M,46.97364068269375,6.972905430889631
201800015910,NonLethal,2018-06-22,07:55:00,Daylight,250,282,Yes,NoIntersection,Normal,2Vehicles-Side,4 rue de l'église,M,46.97234636848891,6.969549879688594
201800015911,Lethal,2018-08-17,15:00:00,Daylight,250,517,No,NoIntersection,Normal,2Vehicles-BehindVehicles-Frontal,RN 57,M,47.01879304586516,6.0197525658291005
201800015913,Lethal,2018-08-22,17:10:00,Daylight,250,549,No,NoIntersection,LightRain,Other,d48,M,46.938651726346926,6.940358265690159
201800015914,NonLethal,2018-09-24,13:40:00,Daylight,250,157,Yes,NoIntersection,Normal,NoCollision,43 la gauffre,M,46.85564252272254,6.856949143877011
201800015915,Lethal,2018-12-10,15:10:00,Daylight,250,517,No,NoIntersection,Normal,2Vehicles-BehindVehicles-Frontal,RN57,M,47.01822604902532,6.019279515692276
201800015916,Lethal,2018-10-21,17:25:00,TwilightOrDawn,250,25,No,NoIntersection,VeryGood,Other,le cré moniot,M,47.05310328831364,6.053152674814141
201800015917,NonLethal,2018-05-01,07:45:00,Daylight,250,405,No,NoIntersection,LightRain,Other,RD 437 lieu-dit Chaon,M,46.83501363549543,6.834197241530374
201800015918,NonLethal,2018-05-05,16:15:00,Daylight,250,525,No,NoIntersection,Normal,NoCollision,CD 129,M,46.80687441204846,6.80851651873372
201800015919,NonLethal,2018-06-15,19:30:00,TwilightOrDawn,250,348,Yes,NoIntersection,Normal,Other,12 rue du levant,M,46.75310831226147,6.754520956001855
201800015920,NonLethal,2018-07-14,09:15:00,Daylight,250,320,No,NoIntersection,Normal,NoCollision,RD 9 PK 70+500,M,46.77999407855432,6.778442665699245
201800015921,NonLethal,2018-08-16,18:40:00,Daylight,250,318,No,T-type,Normal,2Vehicles-BehindVehicles-Frontal,route nationale 57,M,46.7452602151573,6.747318651047
201800015922,NonLethal,2018-09-19,11:00:00,Daylight,250,413,No,NoIntersection,Normal,2Vehicles-BehindVehicles-Frontal,route départementale 389,M,46.68897162591892,6.691407866688016
201800015923,NonLethal,2018-11-25,08:30:00,Daylight,250,514,No,NoIntersection,Normal,Other,Départementale 9,M,46.77636821125656,6.776419519061209
201800015924,NonLethal,2018-01-08,14:30:00,Daylight,250,512,Yes,NoIntersection,Normal,2Vehicles-Behind,Avenue Delattre de Tassi,M,47.166026912757296,6.166482819070379
201800015925,Lethal,2018-01-27,18:00:00,NightNoStreetLight,250,95,No,NoIntersection,Normal,Other,D125,M,47.2137405595764,6.212399452437383
201800015926,NonLethal,2018-03-02,12:25:00,Daylight,250,42,No,NoIntersection,Normal,3+Vehicles-Chain,D 398,M,47.1178014593232,6.117789682202984
201800015927,NonLethal,2018-05-15,21:10:00,NightStreelightsOn,250,411,Yes,Y-type,Overcast,Other,64 rue de la cote,M,47.05807325160279,6.058960298311628
201800015928,NonLethal,2018-06-07,07:40:00,Daylight,250,403,Yes,NoIntersection,Normal,Other,2 rue de Neuchatel,M,47.03931608215403,6.040446818186789
201800015929,NonLethal,2018-08-06,23:40:00,NightNoStreetLight,250,347,No,NoIntersection,FogOrSmoke,Other,lieu dit bassignet,M,47.01686688511688,6.016930531111871
201800015930,NonLethal,2018-06-15,17:35:00,Daylight,250,240,No,Y-type,Normal,2Vehicles-Side,"D461, carrefour des lavo",M,47.091459027838944,6.092916261169852
201800015931,NonLethal,2018-06-27,18:45:00,Daylight,250,620,No,NoIntersection,Normal,Other,route des jarrons,M,47.00788168744189,6.0063259842083685
201800015932,NonLethal,2018-07-27,11:00:00,Daylight,250,329,No,NoIntersection,Normal,2Vehicles-Side,RD 39 - Lieu dit l'engou,M,47.17591577624752,6.175646196427224
201800015933,Lethal,2018-07-29,19:45:00,Daylight,250,411,No,NoIntersection,Normal,Other,CD 437,M,47.06266359638973,6.062871058782063
201800015934,NonLethal,2018-09-09,19:00:00,Daylight,250,403,No,NoIntersection,Normal,NoCollision,D48,M,47.0463087849786,6.046592893321728
201800015935,NonLethal,2018-09-15,14:45:00,Daylight,250,160,No,NoIntersection,Normal,NoCollision,RD 437,M,47.02909587906282,6.027549898395147
201800015936,Lethal,2018-09-16,03:00:00,NightNoStreetLight,250,285,No,NoIntersection,Normal,Other,D 47,M,47.01428867500376,6.013459097181765
201800015938,NonLethal,2018-04-11,17:50:00,TwilightOrDawn,250,321,No,NoIntersection,Normal,NoCollision,D215,M,47.0688370460853,6.069348057568915
201800015940,NonLethal,2018-06-06,19:50:00,Daylight,390,326,No,NoIntersection,Normal,2Vehicles-BehindVehicles-Frontal,,M,46.59935596478135,5.5986825630360535
201800015941,NonLethal,2018-06-25,12:25:00,Daylight,390,169,Yes,X-type,Normal,2Vehicles-Side,,M,46.65542854528071,5.653429200576367
201800015942,NonLethal,2018-12-01,18:20:00,NightStreelightsOn,390,537,Yes,T-type,Normal,2Vehicles-Side,R Ste Agnès/R. Grd Four,M,46.641717002735895,5.640048439636404
201800015943,NonLethal,2018-07-06,10:40:00,Daylight,390,397,Yes,X-type,Normal,2Vehicles-Side,,M,46.52185161062396,5.522751261598701
201800015945,NonLethal,2018-08-06,15:00:00,Daylight,390,244,No,NoIntersection,Normal,2Vehicles-BehindVehicles-Frontal,,M,46.78593894161448,5.787325899511442
201800015946,NonLethal,2018-06-26,08:15:00,Daylight,390,582,Yes,NoIntersection,Normal,2Vehicles-BehindVehicles-Frontal,,M,46.75656381441552,5.755194927870376
201800015948,Lethal,2018-08-02,08:55:00,Daylight,390,199,No,NoIntersection,Normal,NoCollision,,M,46.76456597659017,5.763064676432139
201800015949,NonLethal,2018-01-17,17:00:00,Daylight,390,295,No,NoIntersection,Normal,2Vehicles-Behind,,M,46.47782839194185,5.478368496883307
201800015950,NonLethal,2018-02-23,13:15:00,Daylight,390,474,No,NoIntersection,Normal,2Vehicles-Behind,,M,46.61790155171556,5.61844659892262
201800015951,NonLethal,2018-09-23,16:50:00,Daylight,390,467,No,NoIntersection,Normal,Other,,M,46.58164647715196,5.5828312347436
201800015952,Lethal,2018-11-29,19:20:00,NightStreelightsOn,390,474,No,NoIntersection,Normal,Other,,M,46.6109143575634,5.610346608695091
201800015953,NonLethal,2018-12-05,18:20:00,TwilightOrDawn,390,27,No,NoIntersection,Normal,2Vehicles-BehindVehicles-Frontal,,M,46.56075744366444,5.55949615784765
201800015954,NonLethal,2018-05-05,17:03:00,Daylight,390,227,No,NoIntersection,Normal,2Vehicles-BehindVehicles-Frontal,,M,46.62664977068996,6.629293396366755
201800015955,NonLethal,2018-05-06,10:25:00,Daylight,390,221,No,NoIntersection,Normal,2Vehicles-BehindVehicles-Frontal,Chemin rural de la vie,M,46.7480683818022,6.74873121672112
201800015956,NonLethal,2018-07-20,16:55:00,Daylight,390,381,No,NoIntersection,Normal,NoCollision,,M,46.772877633386805,5.772410985667113
201800015957,NonLethal,2018-09-26,15:55:00,Daylight,390,208,No,NoIntersection,Normal,2Vehicles-BehindVehicles-Frontal,,M,46.63626503676844,5.637085734997028
201800015958,NonLethal,2018-11-10,03:45:00,NightStreelightsOn,390,228,Yes,NoIntersection,LightRain,Other,,M,46.65850325852596,6.656857362868879
201800015959,NonLethal,2018-11-19,17:10:00,TwilightOrDawn,390,214,No,T-type,SnowOrHail,2Vehicles-BehindVehicles-Frontal,,M,46.81467628125643,6.816002397786164
201800015960,NonLethal,2018-12-25,17:30:00,NightNoStreetLight,390,129,No,NoIntersection,Normal,2Vehicles-BehindVehicles-Frontal,,M,46.65779637949081,5.656915055551143
201800015961,NonLethal,2018-04-14,17:45:00,Daylight,390,49,No,X-type,Normal,2Vehicles-Side,,M,46.858184003903744,5.859360505703821
201800015962,NonLethal,2018-04-15,11:20:00,Daylight,390,13,No,NoIntersection,Normal,2Vehicles-Behind,,M,46.88575037536922,5.887616492993959
201800015963,NonLethal,2018-02-06,14:30:00,Daylight,390,13,No,T-type,Normal,2Vehicles-Side,,M,46.917023045894034,5.917044829217798
201800015964,Lethal,2018-06-20,14:00:00,Daylight,390,81,No,NoIntersection,Normal,2Vehicles-BehindVehicles-Frontal,,M,46.86466698783168,5.864175279943705
201800015965,NonLethal,2018-08-31,05:45:00,TwilightOrDawn,390,13,No,T-type,Normal,2Vehicles-Side,RN83/VC En Grillard,M,46.895731198673744,5.893421601490516
201800015966,NonLethal,2018-10-22,09:30:00,Daylight,390,94,Yes,NoIntersection,VeryGood,Other,,M,46.83700796333007,5.837760316018311
201800015967,NonLethal,2018-02-16,10:42:00,Daylight,390,103,No,NoIntersection,Overcast,NoCollision,,M,46.97413616742068,5.9739332374090255
201800015968,NonLethal,2018-04-23,17:35:00,Daylight,390,439,No,T-type,Normal,2Vehicles-Side,,M,46.987017225662,5.985987862608617
201800015969,NonLethal,2018-02-06,17:45:00,Daylight,390,103,No,NoIntersection,Normal,NoCollision,,M,46.985980638750895,5.986373036388866