AccidentId,Gravity,Date,Hour,Light,Department,Commune,InAgglomeration,IntersectionType,Weather,CollisionType,PostalAddress,GPSCode,Latitude,Longitude
201800015970,NonLethal,2018-10-06,17:15:00,Daylight,390,500,No,NoIntersection,Normal,2Vehicles-Behind,,M,46.95881247149428,5.9588872655336464
201800015971,NonLethal,2018-06-16,15:00:00,Daylight,390,72,No,NoIntersection,Normal,2Vehicles-BehindVehicles-Frontal,,M,46.92334830936676,5.923877147789027
201800015973,NonLethal,2018-12-13,08:53:00,Daylight,390,500,No,NoIntersection,Other,2Vehicles-BehindVehicles-Frontal,,M,46.95190936988342,5.951772262365074
201800015974,NonLethal,2018-01-27,11:45:00,Daylight,390,526,Yes,T-type,Normal,2Vehicles-Side,Av.Kennedy/Av.Republique,M,47.0419010140574,5.0418700586845295
201800015975,NonLethal,2018-06-26,20:20:00,Daylight,390,526,Yes,NoIntersection,Normal,2Vehicles-BehindVehicles-Frontal,163 Av. de la République,M,47.04602266269583,5.044874804093759
201800015976,NonLethal,2018-07-07,15:00:00,Daylight,390,462,No,NoIntersection,VeryGood,2Vehicles-Behind,,M,47.12316165201269,5.125721727310501
201800015977,NonLethal,2018-08-25,00:30:00,NightNoStreetLight,390,405,No,NoIntersection,Normal,NoCollision,,M,47.02565447573369,5.027960125644162
201800015978,NonLethal,2018-01-02,18:15:00,NightNoStreetLight,390,365,No,NoIntersection,Normal,2Vehicles-BehindVehicles-Frontal,,M,46.97973671746336,5.978019186489472
201800015980,NonLethal,2018-02-05,15:45:00,Daylight,390,525,Yes,T-type,Normal,2Vehicles-Side,,M,46.921021601708674,5.920894702583967
201800015981,Lethal,2018-05-26,19:50:00,Daylight,390,77,No,Y-type,Overcast,2Vehicles-Side,,M,46.91911502313505,5.917696123023272
201800015982,NonLethal,2018-06-08,13:10:00,Daylight,390,477,No,T-type,Normal,2Vehicles-BehindVehicles-Frontal,RD46/Rue des Forges,M,46.98207782971395,5.9839280754499455
201800015983,NonLethal,2018-09-14,17:45:00,Daylight,390,365,Yes,X-type,Normal,2Vehicles-Side,,M,46.980281322688654,5.978809258033021
201800015985,Lethal,2018-05-19,17:30:00,Daylight,390,398,No,NoIntersection,Normal,2Vehicles-BehindVehicles-Frontal,,M,47.244471655186665,5.243488102057718
201800015986,NonLethal,2018-05-08,11:55:00,Daylight,390,527,No,NoIntersection,Normal,Other,,M,47.215167790878894,5.216311990941728
201800015987,Lethal,2018-11-11,15:30:00,Daylight,390,498,Yes,NoIntersection,Normal,2Vehicles-BehindVehicles-Frontal,9 Rue de Roset,M,47.16703191545586,5.167827796756656
201800015988,NonLethal,2018-11-15,21:00:00,NightStreelightsOn,390,335,No,NoIntersection,FogOrSmoke,Other,,M,47.1922864876671,5.191765773177166
201800015989,NonLethal,2018-12-31,16:15:00,Daylight,390,341,No,NoIntersection,Normal,NoCollision,RD 292E1,M,46.34149596947437,5.340848100210397
201800015990,NonLethal,2018-01-24,13:00:00,Daylight,390,478,Yes,NoIntersection,Normal,2Vehicles-Behind,bd de la République,M,46.388699607691166,5.391571933701731
201800015991,NonLethal,2018-01-28,14:55:00,Daylight,390,333,Yes,Y-type,Normal,2Vehicles-BehindVehicles-Frontal,5 rue des sports,M,46.43578368231623,5.433937077297214
201800015992,NonLethal,2018-02-04,17:00:00,Daylight,390,118,No,NoIntersection,Normal,Other,,M,46.535494070585806,5.534728725209851
201800015993,NonLethal,2018-03-04,13:25:00,Daylight,390,478,No,T-type,Normal,2Vehicles-Side,Carr. D69/Rte Vaucluse,M,46.405823668582514,5.404909538173993
201800015994,Lethal,2018-04-13,22:05:00,NightNoStreetLight,390,562,No,NoIntersection,Normal,Other,,M,46.48434126150797,5.486399797706824
201800015995,NonLethal,2018-04-28,16:45:00,Daylight,390,68,No,NoIntersection,Normal,2Vehicles-Behind,carrefour de Désertin,M,46.28247109115993,5.283453948250038
201800015996,NonLethal,2018-05-19,18:00:00,Daylight,390,286,Yes,NoIntersection,Normal,Other,21 rue du Caton,M,46.38992442085024,5.387391783860387
201800015997,NonLethal,2018-05-30,17:46:00,Daylight,390,286,No,NoIntersection,Normal,2Vehicles-Behind,,M,46.3769835838394,5.376180794343584
201800015998,NonLethal,2018-03-06,07:30:00,Daylight,390,510,No,NoIntersection,Normal,Other,,M,46.36109979801449,5.363052434927213
201800015999,NonLethal,2018-09-06,20:55:00,NightNoStreetLight,390,478,No,NoIntersection,Normal,Other,,M,46.43661718449674,5.434670846565996
201800016000,NonLethal,2018-06-14,07:06:00,Daylight,390,561,No,NoIntersection,FogOrSmoke,2Vehicles-BehindVehicles-Frontal,,M,46.40306283533334,5.399827287493675
201800016002,NonLethal,2018-06-21,14:00:00,Daylight,390,440,No,T-type,Normal,2Vehicles-Side,,M,46.3762588309471,5.377281957629819
201800016004,NonLethal,2018-07-13,18:20:00,Daylight,390,413,No,NoIntersection,Normal,3+Vehicles-Multiple,,M,46.30018163195627,5.300925298900001
201800016006,NonLethal,2018-11-09,05:20:00,NightNoStreetLight,390,328,No,NoIntersection,Normal,2Vehicles-BehindVehicles-Frontal,,M,46.49556605529344,5.4958245336299045
201800016007,NonLethal,2018-10-21,07:00:00,NightStreelightsOn,390,491,Yes,NoIntersection,Normal,Other,8 place de l'église,M,46.40135604784109,5.401417200482903
201800016008,NonLethal,2018-11-17,01:00:00,NightNoStreetLight,390,333,No,NoIntersection,LightRain,Other,,M,46.45872555044227,5.455837570793795
201800016009,NonLethal,2018-01-12,11:40:00,Daylight,390,413,No,NoIntersection,LightRain,2Vehicles-BehindVehicles-Frontal,,M,46.26665727103275,5.2670464005147
201800016010,NonLethal,2018-12-24,18:00:00,NightStreelightsOn,390,491,Yes,NoIntersection,Overcast,Other,9 Route de Sainte,M,46.4079154989811,5.409311175656778
201800016011,NonLethal,2018-03-14,00:45:00,NightNoStreetLight,390,470,No,NoIntersection,LightRain,Other,,M,46.4819020161736,6.483513931778854
201800016012,NonLethal,2018-04-22,17:50:00,Daylight,390,470,No,NoIntersection,Normal,Other,,M,46.50177646807697,6.503002416925285
201800016013,NonLethal,2018-05-05,18:25:00,Daylight,390,47,No,NoIntersection,LightRain,2Vehicles-BehindVehicles-Frontal,,M,46.56305550301757,6.56388406016603
201800016014,NonLethal,2018-06-22,15:10:00,Daylight,390,131,No,NoIntersection,Normal,2Vehicles-BehindVehicles-Frontal,,M,46.601845251072135,5.602993782556421
201800016015,NonLethal,2018-05-07,15:00:00,Daylight,390,131,No,NoIntersection,Overcast,2Vehicles-BehindVehicles-Frontal,,M,46.59724645181926,5.597799875089058
201800016017,NonLethal,2018-07-29,16:45:00,Daylight,390,367,No,NoIntersection,Normal,Other,,M,46.549809965633,6.546709858304192
201800016018,NonLethal,2018-08-17,19:30:00,Daylight,390,232,No,NoIntersection,Normal,2Vehicles-BehindVehicles-Frontal,,M,46.62434564714545,5.625600506999976
201800016019,NonLethal,2018-09-09,12:05:00,Daylight,390,367,Yes,NoIntersection,VeryGood,2Vehicles-BehindVehicles-Frontal,,M,46.53641133125261,6.534654372389604
201800016020,NonLethal,2018-09-15,18:35:00,Daylight,390,368,Yes,NoIntersection,Normal,Other,,M,46.51156511190653,6.513485164835097
201800016021,NonLethal,2018-10-23,16:35:00,Daylight,390,470,No,T-type,Normal,2Vehicles-Side,,M,46.50921362038815,6.50972290693085
201800016022,NonLethal,2018-10-28,09:15:00,Daylight,390,487,No,NoIntersection,LightRain,2Vehicles-BehindVehicles-Frontal,,M,46.57401924706439,5.575070292088976
201800016023,NonLethal,2018-10-12,07:50:00,TwilightOrDawn,390,470,No,NoIntersection,SnowOrHail,2Vehicles-BehindVehicles-Frontal,,M,46.494780748354586,6.49236438717575
201800016024,NonLethal,2018-12-25,18:40:00,NightNoStreetLight,390,470,No,NoIntersection,Normal,2Vehicles-BehindVehicles-Frontal,,M,46.46723956219538,6.469056973059172
201800016025,NonLethal,2018-01-12,12:50:00,Daylight,220,55,No,NoIntersection,Normal,2Vehicles-Behind,RD 786,M,48.63806451789236,-0.63948104433876
201800016026,NonLethal,2018-04-21,11:20:00,Daylight,220,232,Yes,T-type,Normal,2Vehicles-Side,Rue du parc,M,48.63114255045679,-0.6304098649529449
201800016027,NonLethal,2018-04-25,14:55:00,Daylight,220,222,Yes,NoIntersection,Normal,Other,29 rue Charles le Goffic,M,48.66709505962861,-0.669023378530739
201800016028,NonLethal,2018-05-09,15:30:00,Daylight,220,232,No,NoIntersection,Normal,2Vehicles-Behind,02 rue de la Ville Helli,M,48.640424075155785,-0.6397010135082181
201800016029,NonLethal,2018-05-22,19:55:00,TwilightOrDawn,220,7,No,NoIntersection,Normal,2Vehicles-BehindVehicles-Frontal,Route Départementale 786,M,48.60351124430119,-0.6049333064161929
201800016030,NonLethal,2018-05-07,14:40:00,Daylight,220,325,Yes,NoIntersection,Normal,2Vehicles-BehindVehicles-Frontal,rue des merles,M,48.64669030549264,-0.6498374899749157
201800016033,NonLethal,2018-08-28,17:45:00,Daylight,220,222,No,NoIntersection,Normal,2Vehicles-BehindVehicles-Frontal,kersalic,M,48.69689159825548,-0.6975107160971615
201800016034,Lethal,2018-12-09,14:50:00,Daylight,220,222,No,NoIntersection,LightRain,NoCollision,cd 21,M,48.686065721737634,-0.6847418192818091
201800016036,NonLethal,2018-09-30,10:35:00,Daylight,220,251,No,NoIntersection,VeryGood,Other,Rue de Vaudic,M,48.581250071038816,-0.5812065849921806
201800016037,NonLethal,2018-10-05,10:00:00,Daylight,220,251,No,NoIntersection,VeryGood,Other,rue de vaudic,M,48.5833270263553,-0.5826908901385943
201800016038,NonLethal,2018-10-27,04:30:00,NightNoStreetLight,220,55,No,NoIntersection,HeavyRain,Other,RD 786,M,48.62278938399064,-0.6250628004462705
201800016039,NonLethal,2018-11-22,18:00:00,NightNoStreetLight,220,251,Yes,NoIntersection,Normal,NoCollision,rue de la croix rouge,M,48.57568338403125,-0.5778669551271707
201800016043,NonLethal,2018-01-28,09:30:00,Daylight,220,297,No,NoIntersection,Overcast,2Vehicles-Behind,lieu dit kerrouet,M,48.2623329328044,-0.2600884382830227
201800016044,NonLethal,2018-11-05,19:00:00,Daylight,220,46,Yes,Square,Normal,Other,place de la cohue,M,48.30239755801811,-0.3016022723008073
201800016045,NonLethal,2018-05-24,12:15:00,Daylight,220,147,No,NoIntersection,Normal,2Vehicles-BehindVehicles-Frontal,Lieu-dit Le Grand Quémél,M,48.165566150434046,-0.1651844602040326
201800016047,NonLethal,2018-09-14,23:30:00,NightNoStreetLight,220,184,No,NoIntersection,Normal,NoCollision,Lieu-dit la brehaudière,M,48.32185468443647,-0.3207915489135494
201800016048,NonLethal,2018-11-10,17:45:00,Daylight,220,27,No,NoIntersection,Normal,NoCollision,lieu-dit GASTRY,M,48.07296736913715,-0.0723188297510811
201800016049,NonLethal,2018-03-12,12:00:00,Daylight,220,46,No,Other,Overcast,2Vehicles-BehindVehicles-Frontal,la hautière,M,48.2369903547351,-0.2368877134134947
201800016050,NonLethal,2018-12-22,10:15:00,Daylight,220,241,No,Y-type,Normal,Other,lieu-dit la hèche,M,48.12106856055817,-0.1229186304138869
201800016051,NonLethal,2018-03-07,18:40:00,TwilightOrDawn,220,100,Yes,Y-type,LightRain,2Vehicles-BehindVehicles-Frontal,rue du capitaine de vais,M,48.27938239498175,-0.2799116747260599
201800016052,Lethal,2018-04-22,08:30:00,Daylight,220,15,No,NoIntersection,Normal,NoCollision,LA VIGNE,M,48.41028003136387,-0.4108606025232486
201800016053,NonLethal,2018-06-06,12:12:00,Daylight,220,258,No,NoIntersection,LightRain,Other,3 lieu dit la tenue chan,M,48.4289568641842,-0.4304179780469227
201800016054,NonLethal,2018-07-17,21:15:00,TwilightOrDawn,220,79,Yes,NoIntersection,VeryGood,Other,place saint pierre,M,48.386189966311335,-0.3845020707319019
201800016055,NonLethal,2018-07-22,15:35:00,Daylight,220,79,No,NoIntersection,Normal,2Vehicles-Side,Lieu dit Le Colombier,M,48.39943735435217,-0.3999493847316041
201800016056,NonLethal,2018-07-20,14:45:00,Daylight,220,15,No,NoIntersection,Normal,NoCollision,la mi-voie,M,48.4124605583368,-0.4117102089695605
201800016057,NonLethal,2018-08-04,19:05:00,Daylight,220,60,No,NoIntersection,Normal,NoCollision,bossiguel,M,48.27645806282531,-0.2762302860530795
201800016058,NonLethal,2018-10-18,03:30:00,NightNoStreetLight,220,203,No,NoIntersection,LightRain,Other,ROUTE ADAM,M,48.35835083701467,-0.3578810492400898
201800016060,NonLethal,2018-06-10,19:15:00,Daylight,220,358,No,LevelCrossing,Overcast,2Vehicles-Side,kerdern,M,48.617705420251205,-0.616401455885416
201800016061,NonLethal,2018-06-16,19:05:00,Daylight,220,4,Yes,Roundabout,Normal,2Vehicles-Side,rond point de la barrièr,M,48.62521259021841,-0.6253528698061787
201800016062,NonLethal,2018-06-21,13:45:00,Daylight,220,250,Yes,Y-type,Normal,2Vehicles-BehindVehicles-Frontal,RUE DE L'ÉPERONNERIE,M,48.69525367508224,-0.6959962900641126
201800016064,NonLethal,2018-07-27,15:35:00,Daylight,220,164,No,T-type,Normal,2Vehicles-Side,kernevez jaudy,M,48.58563925015424,-0.5855600208081917
201800016066,NonLethal,2018-03-11,15:30:00,Daylight,220,4,Yes,T-type,Normal,2Vehicles-Side,rue saint bernard,M,48.6336203181174,-0.6315136756602054
201800016067,NonLethal,2018-12-20,07:50:00,NightNoStreetLight,220,248,No,NoIntersection,LightRain,NoCollision,Départementale 787,M,48.62937121842349,-0.6275417090467165
201800016068,NonLethal,2018-12-30,16:40:00,Daylight,220,18,No,NoIntersection,Normal,NoCollision,CROAZ NAVADEN,M,48.65754868815368,-0.662819559809173
201800016069,NonLethal,2018-02-27,17:00:00,Daylight,220,216,No,T-type,Normal,2Vehicles-Side,LA GARE,M,48.45878065105712,-0.4580372606049929
201800016070,NonLethal,2018-03-02,17:15:00,Daylight,220,88,No,NoIntersection,LightRain,2Vehicles-BehindVehicles-Frontal,D8 lieu dit botgué,M,48.39954565222506,-0.3984089513491679
201800016071,Lethal,2018-04-16,23:10:00,NightNoStreetLight,220,31,No,NoIntersection,Normal,2Vehicles-BehindVehicles-Frontal,lieu-dit Kerrunet,M,48.34776212259061,-0.3474534773419736
201800016073,NonLethal,2018-07-16,08:30:00,Daylight,220,135,No,NoIntersection,Normal,2Vehicles-Behind,bel air,M,48.55843700913138,-0.5580789623092761
201800016075,NonLethal,2018-04-13,08:40:00,Daylight,220,47,Yes,T-type,FogOrSmoke,Other,2 rue de plussulien,M,48.31619991098637,-0.3174395101350608
201800016076,NonLethal,2018-04-15,03:05:00,NightNoStreetLight,220,158,No,NoIntersection,Normal,Other,potinel,M,48.20111576254354,-0.1989935043190197
201800016077,NonLethal,2018-04-27,09:30:00,Daylight,220,158,No,NoIntersection,LightRain,2Vehicles-BehindVehicles-Frontal,N164,M,48.21496780053919,-0.2138915976888331
201800016078,NonLethal,2018-05-01,11:45:00,Daylight,220,290,No,NoIntersection,Normal,Other,Bon repos,M,48.21680828729078,-0.2150845665013476
201800016081,NonLethal,2018-10-04,13:30:00,Daylight,220,229,Yes,T-type,Normal,2Vehicles-Side,rue Kreizker,M,48.29052104449392,-0.2892615365071314
201800016082,NonLethal,2018-04-16,20:10:00,Daylight,220,220,No,NoIntersection,Normal,Other,Poull'N Ebeul,M,48.20871903064963,-0.2106675118128789
201800016083,NonLethal,2018-04-26,17:25:00,Daylight,220,220,No,NoIntersection,Normal,2Vehicles-Side,N164,M,48.24403043626707,-0.2455317426956252
201800016084,NonLethal,2018-05-31,15:05:00,Daylight,220,202,No,NoIntersection,Normal,Other,D83,M,48.24967757045076,-0.2512390806013775
201800016087,Lethal,2018-06-17,11:30:00,Daylight,220,220,No,NoIntersection,Normal,NoCollision,Toul An Dol,M,48.23940632430778,-0.2404586725797887
201800016088,NonLethal,2018-06-21,14:55:00,Daylight,220,266,Yes,NoIntersection,Normal,Other,rue henri rivoal,M,48.23877956785741,-0.2393767355723572
201800016089,Lethal,2018-07-17,06:56:00,Daylight,220,229,No,NoIntersection,Normal,2Vehicles-BehindVehicles-Frontal,Ty Lan,M,48.29294860848785,-0.2945070601920365
201800016090,NonLethal,2018-07-25,04:00:00,NightNoStreetLight,220,202,No,NoIntersection,Normal,Other,loch coucou,M,48.20077226437501,-0.1989351015856954
201800016091,Lethal,2018-10-09,12:10:00,Daylight,220,266,No,X-type,Normal,2Vehicles-Side,kerbanel,M,48.23999558021476,-0.2373141697459751
201800016092,NonLethal,2018-10-07,10:00:00,Daylight,220,220,No,NoIntersection,VeryGood,2Vehicles-Behind,Route de Rostrenen,M,48.24139073235549,-0.2403732650465532
201800016093,NonLethal,2018-01-11,06:00:00,NightNoStreetLight,220,229,No,NoIntersection,Overcast,NoCollision,lieu dit l orée du bois,M,48.28846530656235,-0.286163136781124
201800016095,NonLethal,2018-12-01,19:15:00,NightStreelightsOn,220,226,No,T-type,Normal,2Vehicles-Behind,D786,M,48.69769305486359,-0.6969180071651355
201800016096,NonLethal,2018-01-28,14:00:00,Daylight,220,211,No,NoIntersection,Overcast,NoCollision,kerauzern,M,48.65358260197267,-0.6544297702528075
201800016097,NonLethal,2018-03-31,22:00:00,NightNoStreetLight,220,226,No,NoIntersection,Normal,2Vehicles-BehindVehicles-Frontal,kerprigent,M,48.68189280378999,-0.6803038249314088
201800016098,NonLethal,2018-03-31,11:45:00,Daylight,220,211,No,T-type,HeavyRain,2Vehicles-Side,La Maison Blanche,M,48.68688450893928,-0.6866533002146152
201800016099,NonLethal,2018-04-01,08:45:00,Daylight,220,211,No,NoIntersection,Normal,NoCollision,rudunes,M,48.662328508568514,-0.661460822367075
201800016100,NonLethal,2018-05-23,18:30:00,Daylight,220,194,Yes,NoIntersection,Normal,2Vehicles-Behind,SAINT EFFLAM,M,48.66974159145619,-0.6691249587096318
201800016101,NonLethal,2018-06-12,17:45:00,Daylight,220,131,No,NoIntersection,Normal,2Vehicles-BehindVehicles-Frontal,porz ar had,M,48.50464048766654,-0.5042760609084692
201800016102,NonLethal,2018-06-14,23:00:00,NightNoStreetLight,220,211,Yes,Roundabout,Normal,NoCollision,rue paul salaun,M,48.70768717588968,-0.7104192312205976
201800016103,NonLethal,2018-08-03,17:20:00,Daylight,220,194,No,T-type,Normal,2Vehicles-Side,D786,M,48.66962839510284,-0.6709311472020858
201800016104,NonLethal,2018-08-05,05:50:00,TwilightOrDawn,220,265,No,NoIntersection,FogOrSmoke,2Vehicles-Side,kergoz,M,48.74401710809836,-0.7432546235378131
201800016105,NonLethal,2018-08-22,12:45:00,Daylight,220,226,No,NoIntersection,Normal,2Vehicles-Side,la croix rouge,M,48.70111247806435,-0.7023096112156956
201800016106,NonLethal,2018-11-09,10:50:00,Daylight,220,194,Yes,NoIntersection,Normal,2Vehicles-Behind,D 786 - route de Morlaix,M,48.65351085637123,-0.6545956289031744
201800016108,NonLethal,2018-11-14,08:20:00,Daylight,220,119,No,NoIntersection,Normal,Other,convenant ar dech,M,48.59310773259968,-0.5922427977621852
201800016109,NonLethal,2018-12-20,15:30:00,Daylight,220,207,No,NoIntersection,Normal,2Vehicles-BehindVehicles-Frontal,LA GARENNE,M,48.59430817277016,-0.5967247903385864
201800016111,NonLethal,2018-01-06,16:40:00,Daylight,220,218,No,NoIntersection,HeavyRain,2Vehicles-BehindVehicles-Frontal,PARK NEVEZ,M,48.82059083957677,-0.8213326998173693
201800016112,NonLethal,2018-01-27,10:00:00,Daylight,220,254,No,X-type,Normal,2Vehicles-Side,Convenant Romp intersect,M,48.68795171297816,-0.6882301113917717
201800016113,Lethal,2018-02-02,15:15:00,Daylight,220,42,No,T-type,LightRain,Other,convenant person,M,48.76749041630009,-0.7704999605801885
201800016114,NonLethal,2018-02-20,17:15:00,Daylight,220,221,Yes,NoIntersection,Other,Other,rue des troènes,M,48.79518014690765,-0.793126261183314
201800016115,NonLethal,2018-05-03,14:00:00,Daylight,220,362,Yes,T-type,Normal,NoCollision,rue marcelin berthelot,M,48.78555305924433,-0.7866934532041114
201800016117,NonLethal,2018-04-06,14:30:00,Daylight,220,141,No,X-type,HeavyRain,2Vehicles-Side,Les Quatre Vents,M,48.71627319606674,-0.7137361268525879
201800016118,NonLethal,2018-09-05,11:31:00,Daylight,220,347,Yes,NoIntersection,Normal,2Vehicles-Side,Rue de Goges,M,48.79043589666118,-0.7891542743534381
201800016119,NonLethal,2018-06-26,19:20:00,Daylight,220,85,No,X-type,VeryGood,2Vehicles-Side,poul Foen,M,48.82319000038649,-0.8238874169662087
201800016120,NonLethal,2018-08-08,18:50:00,Daylight,220,199,No,NoIntersection,Normal,3+Vehicles-Multiple,Route de KERBORS,M,48.80604536954901,-0.8047829032527372
201800016121,NonLethal,2018-11-04,09:40:00,Daylight,220,362,Yes,X-type,LightRain,3+Vehicles-Multiple,Boulevard Jean Guehenno,M,48.78102920889236,-0.7806550573566721
201800016122,NonLethal,2018-11-29,16:30:00,Daylight,220,381,No,X-type,Overcast,2Vehicles-Side,Lieu dit KERAMBLOU'CH,M,48.75021316051021,-0.7498446951566626
201800016123,NonLethal,2018-12-01,12:30:00,Daylight,220,264,No,NoIntersection,Normal,2Vehicles-Side,CD 6,M,48.74745274157969,-0.747392268580454
201800016124,NonLethal,2018-02-01,13:30:00,Daylight,680,365,No,NoIntersection,Normal,2Vehicles-Side,route de Rouffach,M,48.04985147786227,7.050641478962024
201800016125,NonLethal,2018-01-13,16:00:00,Daylight,680,134,No,Y-type,Normal,2Vehicles-Side,"route du vignoble, chemi",M,48.02356574070046,7.0210076831061015
201800016126,NonLethal,2018-01-16,18:25:00,NightStreelightsOn,680,155,Yes,NoIntersection,HeavyRain,Other,10A place du Général DE,M,48.092826120047775,7.093688952685711
201800016128,Lethal,2018-02-09,05:40:00,NightNoStreetLight,680,374,No,NoIntersection,Normal,Other,route départementale 417,M,48.06573912068258,7.0655006217216645
201800016129,NonLethal,2018-02-03,17:40:00,Daylight,680,374,No,X-type,SnowOrHail,2Vehicles-Behind,Rte départementale 83,M,48.06296594558244,7.0610988103163095
201800016130,NonLethal,2018-04-07,16:50:00,Daylight,680,338,No,NoIntersection,Normal,NoCollision,Rte départementale 11,M,48.09242077315356,7.094119737513043
201800016131,NonLethal,2018-04-06,15:20:00,Daylight,680,155,No,NoIntersection,Normal,2Vehicles-Side,Rte de BENNWIHR,M,48.11217299131502,7.110143794965746
201800016132,NonLethal,2018-05-08,15:00:00,Daylight,680,155,Yes,Roundabout,Normal,2Vehicles-Side,"Piste cyclable, passage",M,48.09164040646527,7.089438190215296
201800016133,NonLethal,2018-11-05,17:00:00,Daylight,680,338,No,NoIntersection,Normal,NoCollision,Rte départementale 11,M,48.09709969047605,7.096845297638717
201800016134,NonLethal,2018-06-14,02:25:00,NightNoStreetLight,680,155,No,Roundabout,Normal,Other,RdPt du Florimont,M,48.10474270088095,7.103356427896174
201800016135,NonLethal,2018-06-21,17:15:00,Daylight,680,338,No,Y-type,Normal,2Vehicles-Side,Rte départementale 417,M,48.075119702239,7.075559197182534
201800016136,NonLethal,2018-06-21,15:15:00,Daylight,680,338,No,NoIntersection,Normal,Other,Rte départementale 11,M,48.09383852821716,7.093736565572393
201800016137,Lethal,2018-06-20,13:50:00,Daylight,680,134,No,NoIntersection,Normal,Other,Rte départementale 83,M,48.02794669722244,7.028758816752442
201800016138,NonLethal,2018-07-06,14:40:00,Daylight,680,134,No,T-type,Normal,2Vehicles-Side,Rte de Hattstatt,M,48.0145410791742,7.014342393488174
201800016139,NonLethal,2018-07-15,11:40:00,Daylight,680,365,No,NoIntersection,Normal,2Vehicles-BehindVehicles-Frontal,Chm du Mattenweg,M,48.04598018927155,7.047819975871924
201800016140,NonLethal,2018-08-05,12:35:00,Daylight,680,338,Yes,X-type,Normal,2Vehicles-Side,Rte départementale 10,M,48.08532094469409,7.086944824184987
201800016141,NonLethal,2018-08-14,09:10:00,Daylight,680,374,Yes,X-type,Normal,2Vehicles-Side,44 route de COLMAR,M,48.06865768808208,7.069854157854254
201800016142,NonLethal,2018-08-30,20:50:00,NightNoStreetLight,680,374,No,NoIntersection,Normal,Other,Rte départementale 417,M,48.07680594725932,7.0764642920212815
201800016143,NonLethal,2018-09-20,07:30:00,Daylight,680,155,No,Roundabout,Normal,2Vehicles-Behind,Rte départementale 1 bis,M,48.09976767419867,7.099895378570525
201800016144,NonLethal,2018-09-24,18:45:00,TwilightOrDawn,680,155,Yes,X-type,Normal,2Vehicles-Side,Rte départementale 11.2,M,48.09562246033832,7.097189134205502
201800016147,NonLethal,2018-10-13,05:00:00,NightNoStreetLight,680,365,No,Roundabout,Normal,NoCollision,D83/ D1 bis,M,48.05508268116574,7.054348578075635
201800016148,NonLethal,2018-11-27,07:20:00,TwilightOrDawn,680,374,Yes,NoIntersection,LightRain,2Vehicles-Side,132 ROUTE E COLMAR,M,48.090287657683525,7.0872795072259445
201800016149,NonLethal,2018-12-10,00:15:00,NightNoStreetLight,680,365,Yes,NoIntersection,LightRain,Other,route de Rouffach,M,48.0487593713268,7.052596974748583
201800016150,NonLethal,2018-12-18,09:25:00,Daylight,680,237,No,T-type,Other,Other,D11.2 lieu-dit Hunabuhl,M,48.095367465625365,7.096688792303854
201800016151,NonLethal,2018-01-13,15:54:00,Daylight,680,138,No,NoIntersection,Normal,2Vehicles-Side,5A rue du roggenberg,M,47.59271075031314,7.592835555493427
201800016152,NonLethal,2018-01-16,07:50:00,TwilightOrDawn,680,4,Yes,NoIntersection,LightRain,2Vehicles-BehindVehicles-Frontal,33 rue des vallons,M,47.61995654033616,7.619760167453163
201800016153,NonLethal,2018-01-24,10:45:00,Daylight,680,187,No,X-type,Normal,Other,Route départementale 21,M,47.52266235420322,7.523180283516056
201800016154,NonLethal,2018-01-27,04:20:00,NightStreelightsOn,680,62,No,Y-type,Normal,2Vehicles-Behind,route départementale 419,M,47.62956121498353,7.626931435977423
201800016155,NonLethal,2018-02-16,06:24:00,NightNoStreetLight,680,158,No,NoIntersection,LightRain,3+Vehicles-Chain,RTE DÉPARTEMENTALE 419,M,47.5933859888554,7.592725666965197
201800016156,NonLethal,2018-03-01,05:44:00,NightNoStreetLight,680,96,No,NoIntersection,SnowOrHail,2Vehicles-BehindVehicles-Frontal,RTE départementale 419,M,47.61148072536125,7.611811792722982
201800016157,NonLethal,2018-03-18,17:30:00,Daylight,680,96,No,T-type,Overcast,3+Vehicles-Multiple,RD419,M,47.6057565208883,7.608381666181408
201800016158,NonLethal,2018-03-30,16:15:00,Daylight,680,96,No,NoIntersection,HeavyRain,Other,Rte départementale 16.1,M,47.57676026736764,7.574891184174282
201800016159,NonLethal,2018-05-19,22:15:00,NightStreelightsOn,680,75,Yes,NoIntersection,Normal,Other,l0 R de Ferrette,M,47.52610520943946,7.525734758576423