AccidentId,Gravity,Date,Hour,Light,Department,Commune,InAgglomeration,IntersectionType,Weather,CollisionType,PostalAddress,GPSCode,Latitude,Longitude
201800016160,NonLethal,2018-09-06,00:01:00,NightNoStreetLight,680,333,No,NoIntersection,Overcast,Other,Rte départementale l9 bi,M,47.6223670126338,7.623771291724258
201800016161,NonLethal,2018-06-15,21:15:00,TwilightOrDawn,680,138,No,T-type,Normal,2Vehicles-Side,Rte départementale 432,M,47.59693823827719,7.597174069200667
201800016162,NonLethal,2018-07-25,11:35:00,Daylight,680,4,Yes,NoIntersection,Normal,2Vehicles-Behind,1 R de l'Ill,M,47.62538818576473,7.626983481940641
201800016166,NonLethal,2018-10-13,17:34:00,Daylight,680,4,Yes,Roundabout,VeryGood,NoCollision,route de Mulhouse,M,47.62966519479416,7.629959041962967
201800016168,NonLethal,2018-11-13,17:45:00,TwilightOrDawn,680,138,Yes,X-type,Normal,2Vehicles-BehindVehicles-Frontal,Rte départementale 432,M,47.58816368296428,7.587938020727464
201800016169,NonLethal,2018-11-17,06:00:00,NightNoStreetLight,680,371,No,NoIntersection,Overcast,Other,D16i,M,47.57541476157023,7.574489312407483
201800016170,NonLethal,2018-11-30,14:05:00,Daylight,680,62,No,NoIntersection,LightRain,Other,D25 PK12,M,47.638184399045656,7.636220164645777
201800016171,NonLethal,2018-06-12,19:00:00,NightStreelightsOn,680,355,Yes,NoIntersection,Normal,Other,62 rue du l9 novembre,M,47.54801392642514,7.547794067936753
201800016173,NonLethal,2018-01-15,16:05:00,Daylight,680,152,Yes,NoIntersection,Overcast,Other,Route départementale 432,M,47.66493743452904,7.665462843820183
201800016178,NonLethal,2018-05-27,15:55:00,Daylight,680,337,Yes,NoIntersection,Normal,NoCollision,20 R des sources,M,47.6647739850824,7.666257118331583
201800016179,NonLethal,2018-03-06,14:20:00,Daylight,680,52,No,NoIntersection,Normal,Other,Rte départementale 483,M,47.71688146683288,7.714898875236221
201800016180,NonLethal,2018-06-04,14:10:00,Daylight,680,152,Yes,T-type,Normal,2Vehicles-Side,1 Rte de mulhouse,M,47.67086936779921,7.670029883840678
201800016181,NonLethal,2018-06-14,22:00:00,NightNoStreetLight,680,52,No,NoIntersection,Normal,Other,Rte départementale 483,M,47.71196485151978,7.710816545812691
201800016182,NonLethal,2018-07-05,08:40:00,Daylight,680,152,Yes,T-type,Overcast,2Vehicles-Side,16 R de spechbach,M,47.67338346886351,7.674544359632264
201800016183,NonLethal,2018-07-09,10:35:00,Daylight,680,200,No,NoIntersection,Normal,NoCollision,RTE DÉPARTEMENTALE 7 BIS,M,47.61382175931601,7.611347147468902
201800016184,Lethal,2018-07-18,11:20:00,Daylight,680,52,No,X-type,Normal,2Vehicles-Side,Rte départementale l4 bi,M,47.6960220533928,7.697448518215452
201800016185,NonLethal,2018-09-08,20:15:00,NightNoStreetLight,680,337,Yes,NoIntersection,Normal,Other,R des Sources,M,47.66490959209113,7.665765281302243
201800016186,NonLethal,2018-09-20,12:15:00,Daylight,680,200,Yes,NoIntersection,VeryGood,2Vehicles-Behind,8 rue de L'église,M,47.61978089532472,7.618993788941566
201800016187,NonLethal,2018-09-29,12:55:00,Daylight,680,68,Yes,T-type,Normal,2Vehicles-Side,42 rue de Belfort,M,47.6307673926237,7.629691422007093
201800016189,NonLethal,2018-10-14,11:30:00,Daylight,680,378,Yes,T-type,Normal,2Vehicles-Behind,rue principale,M,47.63753550687682,7.636699148669416
201800016190,NonLethal,2018-10-21,16:30:00,Daylight,680,337,Yes,NoIntersection,Normal,NoCollision,6 rue principale,M,47.66924190381874,7.66722129882021
201800016191,NonLethal,2018-11-07,09:00:00,Daylight,680,282,No,NoIntersection,Normal,Other,d103,M,47.60936846102908,7.61054412102039
201800016192,NonLethal,2018-11-06,19:10:00,NightNoStreetLight,680,282,No,NoIntersection,Normal,Other,D 32 1,M,47.6049757679246,7.605966148336559
201800016195,NonLethal,2018-04-17,16:00:00,Daylight,680,194,No,NoIntersection,Normal,NoCollision,Rte du Blochmont,M,47.453851833017104,7.453147097652295
201800016196,NonLethal,2018-04-20,22:20:00,NightNoStreetLight,680,240,No,NoIntersection,Normal,Other,Rte départementale 463,M,47.54839362634716,7.54662355352982
201800016197,NonLethal,2018-04-30,20:45:00,TwilightOrDawn,680,25,No,NoIntersection,Normal,Other,RTE départementale 42.2,M,47.484310463541696,7.485558638386005
201800016198,NonLethal,2018-06-06,12:50:00,Daylight,680,90,Yes,X-type,Normal,2Vehicles-Side,4 R des Habsbourg,M,47.49951918785457,7.497599635097656
201800016199,NonLethal,2018-09-06,17:15:00,Daylight,680,259,No,NoIntersection,Normal,2Vehicles-BehindVehicles-Frontal,départementale 21 bis PK,M,47.470364090130566,7.472008033297078
201800016200,NonLethal,2018-10-09,08:10:00,Daylight,680,90,Yes,NoIntersection,Normal,Other,19 R de la 1ere armée,M,47.498629945984206,7.500264859449667
201800016201,NonLethal,2018-09-14,16:15:00,Daylight,680,67,No,NoIntersection,Normal,Other,Rte départementale 473,M,47.46789614900991,7.468673869752014
201800016202,NonLethal,2018-11-11,14:55:00,Daylight,680,373,No,NoIntersection,Normal,NoCollision,D432,M,47.46830686970742,7.466358960519672
201800016203,NonLethal,2018-01-01,00:50:00,NightNoStreetLight,680,195,No,NoIntersection,HeavyRain,2Vehicles-Side,ROUTE NATIONALE 66,M,47.76845589578544,7.769207731454196
201800016204,NonLethal,2018-02-02,06:20:00,NightNoStreetLight,680,195,No,NoIntersection,SnowOrHail,Other,RN66,M,47.76472868539785,7.765944580648064
201800016206,NonLethal,2018-05-29,17:10:00,Daylight,680,195,Yes,Roundabout,Normal,2Vehicles-BehindVehicles-Frontal,28 Av du 20 janvier,M,47.759719078012985,7.758015226006791
201800016207,NonLethal,2018-06-10,18:10:00,Daylight,680,129,Yes,T-type,Normal,2Vehicles-Side,R de Belfort,M,47.72544914825527,7.726460399675568
201800016208,NonLethal,2018-06-14,17:34:00,Daylight,680,195,Yes,NoIntersection,Normal,Other,2 R de la foret,M,47.764172368881766,7.7628823740387025
201800016210,NonLethal,2018-07-23,11:00:00,Daylight,680,195,Yes,NoIntersection,VeryGood,2Vehicles-BehindVehicles-Frontal,1 R de Pfastatt,M,47.75884872405592,7.759413158254265
201800016211,NonLethal,2018-08-17,22:35:00,NightNoStreetLight,680,101,No,NoIntersection,Normal,Other,Rte départementale 18.2,M,47.70589269635286,7.705470618032515
201800016212,NonLethal,2018-09-12,02:15:00,NightStreelightsOn,680,195,Yes,X-type,Normal,Other,R de Thann,M,47.75998980174713,7.760220008798549
201800016213,NonLethal,2018-09-12,13:20:00,Daylight,680,55,Yes,X-type,Normal,2Vehicles-Side,55 r principale,M,47.69765985802238,7.69804946900121
201800016215,NonLethal,2018-10-14,15:00:00,Daylight,680,384,Yes,T-type,Normal,NoCollision,2 faubourg de Mulhouse,M,47.69025205647928,7.690981366173826
201800016216,NonLethal,2018-11-08,14:50:00,Daylight,680,384,Yes,T-type,Normal,2Vehicles-Side,faubourg de mulhouse,M,47.69459209731822,7.694969954706896
201800016217,NonLethal,2018-01-10,13:55:00,Daylight,680,135,Yes,NoIntersection,LightRain,Other,15 rue de Saint Louis,M,47.575402873218174,7.574968836125514
201800016218,NonLethal,2018-01-18,16:40:00,TwilightOrDawn,680,182,Yes,T-type,StrongWindOrStorm,2Vehicles-Side,1 rue principale,M,47.4966279031552,7.496546339669758
201800016219,NonLethal,2018-01-26,17:55:00,NightNoStreetLight,680,135,No,Y-type,HeavyRain,2Vehicles-BehindVehicles-Frontal,route départementale 105,M,47.58794504495565,7.588219642268845
201800016220,NonLethal,2018-09-04,15:00:00,Daylight,680,264,No,X-type,Overcast,Other,Rte départementale 21,M,47.57660073907507,7.575264475255608
201800016221,Lethal,2018-04-24,13:10:00,Daylight,680,135,No,T-type,Normal,3+Vehicles-Multiple,Rte départementale 473,M,47.565192370764585,7.566492734305713
201800016222,NonLethal,2018-05-05,11:50:00,Daylight,680,135,No,T-type,Normal,3+Vehicles-Multiple,Rte départementale 105,M,47.580988645097165,7.581585323631598
201800016223,NonLethal,2018-05-11,15:45:00,Daylight,680,135,Yes,X-type,Normal,Other,34 R du Général de Gaull,M,47.57665676312392,7.575246554622929
201800016224,NonLethal,2018-05-27,21:15:00,TwilightOrDawn,680,183,No,NoIntersection,Normal,Other,Rte départementale 9 bis,M,47.50227766125061,7.501825963814277
201800016225,NonLethal,2018-05-30,13:30:00,Daylight,680,126,Yes,NoIntersection,Normal,2Vehicles-BehindVehicles-Frontal,08 R du stade,M,47.565148989349865,7.566057000695618
201800016226,NonLethal,2018-05-06,05:40:00,Daylight,680,135,No,Roundabout,Normal,NoCollision,Rte départementale 419,M,47.57199148790423,7.572836639688568
201800016227,NonLethal,2018-07-18,15:50:00,Daylight,680,42,No,NoIntersection,Normal,Other,Rte départementale 201,M,47.616973907681285,7.616406347492124
201800016228,NonLethal,2018-07-27,18:45:00,Daylight,680,120,Yes,NoIntersection,Normal,2Vehicles-Behind,21 R de leymen,M,47.51902701623382,7.519646351834708
201800016229,NonLethal,2018-09-24,16:30:00,Daylight,680,349,Yes,NoIntersection,Normal,Other,"75, Rue de Michelfelden",M,47.59584022635186,7.595919215613698
201800016230,NonLethal,2018-10-10,13:05:00,Daylight,680,135,No,Other,Normal,2Vehicles-Side,"D105, échangeur n°37 de",M,47.588695561861975,7.588211116252858
201800016231,NonLethal,2018-10-13,10:00:00,Daylight,680,42,Yes,NoIntersection,Normal,2Vehicles-BehindVehicles-Frontal,D201,M,47.61145443920693,7.611752082155398
201800016232,NonLethal,2018-10-17,10:05:00,Daylight,680,349,Yes,NoIntersection,Normal,2Vehicles-Behind,CD 105,M,47.60155929042517,7.601798503615098
201800016233,NonLethal,2018-10-17,14:50:00,Daylight,680,42,Yes,Y-type,Normal,2Vehicles-Side,rue du 19 Novembre,M,47.60878300651896,7.608188259279539
201800016234,NonLethal,2018-11-30,15:45:00,Daylight,680,264,No,Y-type,LightRain,2Vehicles-Side,CD 21,M,47.57185643676074,7.571204004454563
201800016237,NonLethal,2018-03-19,10:35:00,Daylight,680,91,No,NoIntersection,SnowOrHail,2Vehicles-Behind,3 rue de l'Europe,M,47.91794102282277,7.916265464378292
201800016239,NonLethal,2018-04-20,02:20:00,NightNoStreetLight,680,82,No,NoIntersection,Normal,2Vehicles-Behind,Rte départementale 20,M,47.84821722135372,7.849414480111716
201800016240,NonLethal,2018-04-20,15:41:00,Daylight,680,258,Yes,NoIntersection,Normal,Other,5 All du Limousin,M,47.84075644706443,7.839794400692367
201800016241,NonLethal,2018-05-07,18:40:00,Daylight,680,82,Yes,T-type,Normal,2Vehicles-Behind,15 R de Pulversheim,M,47.85982822892458,7.860458239295746
201800016242,Lethal,2018-11-05,13:50:00,Daylight,680,41,No,NoIntersection,Normal,2Vehicles-BehindVehicles-Frontal,Rte départementale 52,M,47.87323566014555,7.873573878578604
201800016243,NonLethal,2018-06-10,15:40:00,Daylight,680,37,No,NoIntersection,Normal,2Vehicles-Behind,Chm Hardtweg,M,47.94407180459033,7.945552404977051
201800016244,NonLethal,2018-09-07,11:10:00,Daylight,680,234,No,NoIntersection,Normal,Other,Rte départementale 18 bi,M,47.952140395373846,7.952412362860741
201800016245,NonLethal,2018-07-26,07:55:00,Daylight,680,235,No,Roundabout,Normal,2Vehicles-Behind,Rte départementale 1 bis,M,47.99174465018906,7.992005931865178
201800016246,NonLethal,2018-08-08,15:11:00,Daylight,680,258,No,NoIntersection,Normal,2Vehicles-BehindVehicles-Frontal,chemin du cimetière,M,47.83976218686393,7.842071542047614
201800016247,NonLethal,2018-08-30,20:55:00,NightNoStreetLight,680,258,No,NoIntersection,Normal,Other,piste cyclable,M,47.84814529101848,7.848390667005966
201800016248,Lethal,2018-09-26,17:40:00,Daylight,680,205,Yes,Roundabout,VeryGood,2Vehicles-Behind,D3 bis,M,47.9103982567125,7.911771136678297
201800016249,NonLethal,2018-10-23,10:10:00,Daylight,680,266,No,NoIntersection,Normal,2Vehicles-Side,Route départementale 2,M,47.87595903978315,7.876626938457601
201800016250,NonLethal,2018-10-24,19:20:00,NightNoStreetLight,680,235,No,NoIntersection,Normal,2Vehicles-Behind,RD1bis,M,48.00093974119887,6.999290019986484
201800016251,NonLethal,2018-03-11,09:00:00,Daylight,680,258,No,X-type,Normal,2Vehicles-BehindVehicles-Frontal,D429,M,47.84413759621761,7.844418153726749
201800016252,Lethal,2018-04-12,19:05:00,NightNoStreetLight,680,234,No,NoIntersection,LightRain,Other,D 18 Bis,M,47.95285844860638,7.951774490659917
201800016253,NonLethal,2018-12-06,04:30:00,NightStreelightsOn,680,82,Yes,NoIntersection,Normal,Other,1 rue des mirabelliers,M,47.86946260380663,7.86928301013233
201800016255,NonLethal,2018-12-23,04:20:00,NightNoStreetLight,680,242,No,NoIntersection,Overcast,Other,Départemental 8,M,47.96409895462801,7.963963050261612
201800016256,Lethal,2018-01-01,16:50:00,TwilightOrDawn,680,201,Yes,NoIntersection,LightRain,2Vehicles-BehindVehicles-Frontal,rue du Général de GAULLE,M,47.77025407761945,7.770484493196742
201800016257,Lethal,2018-02-19,17:50:00,TwilightOrDawn,680,239,Yes,NoIntersection,Normal,Other,39 RUE PRINCIPALE,M,47.80928811155648,6.808927638179056
201800016258,NonLethal,2018-04-04,16:30:00,Daylight,680,313,No,NoIntersection,Normal,Other,Rte départementale 483,M,47.71670066673149,7.717252368891921
201800016259,NonLethal,2018-04-21,12:30:00,Daylight,680,201,Yes,NoIntersection,Normal,Other,27 R de Niederbruck,M,47.7737036212108,6.775432548348559
201800016260,NonLethal,2018-02-06,14:45:00,Daylight,680,60,No,Roundabout,Normal,2Vehicles-Behind,Rte de Guewenheim,M,47.73981220453205,7.739400289020022
201800016261,NonLethal,2018-06-13,12:30:00,Daylight,680,11,Yes,NoIntersection,Normal,2Vehicles-Side,20 R de thann,M,47.767811201674725,7.766085063443693
201800016263,NonLethal,2018-07-08,10:48:00,Daylight,680,201,Yes,NoIntersection,VeryGood,2Vehicles-Behind,13 R Joseph VOGT,M,47.7860701331069,6.785292420343414
201800016264,NonLethal,2018-10-05,13:55:00,Daylight,680,307,No,NoIntersection,Normal,Other,Rte départementale 466,M,47.817158446031904,6.817236957457207
201800016266,NonLethal,2018-10-20,08:30:00,TwilightOrDawn,680,59,Yes,T-type,FogOrSmoke,Other,D26,M,47.71189323638284,7.711107191997619
201800016267,NonLethal,2018-10-27,21:15:00,NightNoStreetLight,680,313,Yes,NoIntersection,LightRain,Other,1 rue de Diefmatten,M,47.71791421735386,7.716325125761896
201800016268,NonLethal,2018-04-01,16:15:00,Daylight,340,144,No,NoIntersection,StrongWindOrStorm,3+Vehicles-Multiple,D35,M,43.714308616031545,3.7139420172808095
201800016269,Lethal,2018-01-17,22:25:00,NightNoStreetLight,340,312,No,NoIntersection,Normal,Other,CD 35 PK 26+900,M,43.64121665620261,3.639553728762927
201800016270,NonLethal,2018-01-25,14:45:00,Daylight,340,96,No,NoIntersection,LightRain,Other,Route départementale 13,M,43.55287654494754,3.5523542542810547
201800016271,NonLethal,2018-04-28,05:00:00,NightNoStreetLight,340,119,No,NoIntersection,Normal,Other,RD 909,M,43.57971098630989,3.579364469246828
201800016273,NonLethal,2018-05-31,21:00:00,NightNoStreetLight,340,126,No,NoIntersection,Other,Other,D908,M,43.58767562726049,3.5882371019004644
201800016277,Lethal,2018-08-22,12:00:00,Daylight,340,308,No,NoIntersection,Normal,Other,LES QUINTES,M,43.63214418945413,3.632469895083802
201800016278,NonLethal,2018-08-09,18:00:00,Daylight,340,200,No,T-type,Normal,2Vehicles-Side,D908,M,43.61890473818515,3.619773718912038
201800016279,Lethal,2018-09-09,03:30:00,NightNoStreetLight,340,260,No,NoIntersection,Normal,Other,rd 922,M,43.66147457001621,3.661138309016029
201800016280,NonLethal,2018-09-12,12:10:00,Daylight,340,144,No,NoIntersection,Normal,Other,D35,M,43.71327948352499,3.713620995998213
201800016281,NonLethal,2018-09-15,17:30:00,Daylight,340,28,Yes,Y-type,Normal,Other,Causse de Boussagues,M,43.63372334208409,3.6327701683698064
201800016282,NonLethal,2018-09-27,14:10:00,Daylight,340,235,No,NoIntersection,Normal,2Vehicles-Side,D 922 - PK l2+700,M,43.66798233286728,3.667278553958808
201800016283,NonLethal,2018-02-10,06:10:00,NightStreelightsOn,340,126,Yes,X-type,Normal,2Vehicles-Side,rue paul cere,M,43.59487023806249,3.596060268219766
201800016284,NonLethal,2018-06-10,15:30:00,Daylight,340,19,No,NoIntersection,Normal,NoCollision,rd 8,M,43.7678208194362,3.7693683506354985
201800016286,NonLethal,2018-12-16,17:15:00,TwilightOrDawn,340,144,No,NoIntersection,HeavyRain,Other,départementale 35,M,43.71467746141783,3.714865689629845
201800016287,NonLethal,2018-01-19,14:50:00,Daylight,340,218,No,NoIntersection,Normal,2Vehicles-Side,D177,M,43.46256741543745,2.464572393654657
201800016288,NonLethal,2018-03-15,08:20:00,Daylight,340,74,No,NoIntersection,LightRain,NoCollision,RD20,M,43.44772292226744,3.4477574155550013
201800016289,NonLethal,2018-04-15,07:15:00,TwilightOrDawn,340,178,No,Other,LightRain,Other,D36. lieu dit de réals,M,43.43559749375716,3.437261368462156
201800016290,NonLethal,2018-05-21,00:01:00,NightNoStreetLight,340,201,No,NoIntersection,Normal,NoCollision,RD 20,M,43.43690459537901,2.4368612345814378
201800016291,Lethal,2018-07-22,00:20:00,NightNoStreetLight,340,74,No,NoIntersection,Normal,NoCollision,RD 36 La moulinette,M,43.43258807441792,3.4337790269901736
201800016292,NonLethal,2018-08-18,03:40:00,NightNoStreetLight,340,130,No,NoIntersection,Normal,Other,RD136,M,43.51994123535579,3.519622963902836
201800016293,NonLethal,2018-08-18,11:00:00,Daylight,340,70,Yes,NoIntersection,Normal,2Vehicles-BehindVehicles-Frontal,rd612,M,43.40684068918018,2.4044153297865978
201800016294,NonLethal,2018-09-20,11:30:00,Daylight,340,44,No,NoIntersection,Normal,NoCollision,D136 hameau de Lenthéric,M,43.52340094994964,3.522097692288338
201800016295,Lethal,2018-09-25,17:40:00,Daylight,340,130,No,NoIntersection,Normal,2Vehicles-BehindVehicles-Frontal,"Départementale 909, PK 1",M,43.50645567938559,3.5066604000408046
201800016297,Lethal,2018-11-24,17:35:00,NightNoStreetLight,340,74,No,Y-type,Normal,Other,RD 36,M,43.43759317216822,3.4359284546751154
201800016300,NonLethal,2018-03-13,07:00:00,Daylight,340,214,No,X-type,Normal,2Vehicles-Side,D146 / D15,M,43.488178651059584,3.4909082148073405
201800016302,NonLethal,2018-02-05,17:44:00,Daylight,340,214,No,NoIntersection,Normal,NoCollision,D15,M,43.49160997120216,3.491213676519047
201800016303,NonLethal,2018-05-21,13:30:00,Daylight,340,237,No,NoIntersection,Normal,2Vehicles-BehindVehicles-Frontal,RDl3,M,43.50488633220067,3.504006740540117
201800016304,Lethal,2018-01-06,20:50:00,TwilightOrDawn,340,139,Yes,NoIntersection,Normal,Other,route de roujan,M,43.42223422386895,3.420583495107307
201800016305,NonLethal,2018-06-17,00:01:00,NightNoStreetLight,340,139,No,NoIntersection,Normal,Other,rd 15,M,43.405160879076746,3.404033627586366
201800016306,Lethal,2018-02-07,17:15:00,Daylight,340,300,Yes,NoIntersection,Normal,Other,Avenue Mas Viel,M,43.42231618942623,3.41942801771294
201800016307,NonLethal,2018-09-24,16:30:00,Daylight,340,85,No,NoIntersection,Normal,Other,D15,M,43.45438448484767,3.454087464492082
201800016309,NonLethal,2018-12-03,16:35:00,Daylight,340,181,No,T-type,Normal,2Vehicles-Side,RD15,M,43.53248484825099,3.532678125461577
201800016310,NonLethal,2018-03-21,10:00:00,Daylight,340,250,No,NoIntersection,Normal,NoCollision,la salce,M,43.54908148790756,2.549634045660436
201800016311,NonLethal,2018-09-02,18:00:00,Daylight,340,80,Yes,NoIntersection,Normal,Other,23 avenue marcel raynal,M,43.57982560366626,3.58163899421638
201800016312,NonLethal,2018-09-15,08:35:00,Daylight,340,284,Yes,NoIntersection,Normal,Other,grand rue,M,43.49038995687183,2.4913504548277614
201800016313,NonLethal,2018-10-25,18:05:00,Daylight,340,187,Yes,NoIntersection,Normal,NoCollision,D9O8,M,43.558179509088696,2.558933791472611
201800016314,NonLethal,2018-01-11,15:30:00,Daylight,340,293,No,NoIntersection,Normal,Other,D150,M,43.567016072367146,2.5651486331203106
201800016315,NonLethal,2018-12-31,23:30:00,NightNoStreetLight,340,283,No,NoIntersection,Normal,Other,"D25, route de saint etie",M,43.785729063459954,3.784551868827073
201800016316,NonLethal,2018-01-07,14:20:00,Daylight,340,142,No,NoIntersection,LightRain,Other,Route de Montpellier - R,M,43.71851510693187,3.7205981712216833
201800016317,NonLethal,2018-03-04,13:30:00,Daylight,340,36,No,NoIntersection,HeavyRain,NoCollision,Route de Saint Martin,M,43.69751503144755,3.699205234243383
201800016318,NonLethal,2018-04-04,09:55:00,Daylight,340,306,No,NoIntersection,LightRain,NoCollision,D153,M,43.73537299260693,3.7383502132819206
201800016319,NonLethal,2018-05-11,17:10:00,Daylight,340,142,No,NoIntersection,Normal,NoCollision,D35,M,43.72306084775414,3.722579916781768
201800016320,NonLethal,2018-05-17,02:15:00,NightStreelightsOn,340,304,Yes,NoIntersection,Normal,Other,quartier du pont,M,43.76413010612068,3.7677111828067815
201800016321,NonLethal,2018-06-19,09:50:00,Daylight,340,36,No,NoIntersection,Normal,2Vehicles-Side,RD 144E2,M,43.69394238324512,3.693303814597063
201800016322,NonLethal,2018-01-07,11:45:00,Daylight,340,36,Yes,Other,Normal,NoCollision,zone les vignes rouges,M,43.695915926344696,3.6962803375917
201800016323,NonLethal,2018-12-07,18:00:00,Daylight,340,142,No,NoIntersection,Normal,NoCollision,D35 E2,M,43.73355791091812,3.7338050885543823
201800016324,NonLethal,2018-12-27,14:00:00,Daylight,340,142,Yes,T-type,Normal,2Vehicles-Behind,bd général de gaulle,M,43.72848897312026,3.7263170264089016
201800016325,NonLethal,2018-01-15,17:40:00,NightNoStreetLight,340,180,No,NoIntersection,Normal,2Vehicles-BehindVehicles-Frontal,D128,M,43.58955055170922,3.589858018937566
201800016326,Lethal,2018-02-02,21:45:00,NightNoStreetLight,340,13,No,NoIntersection,Normal,2Vehicles-Behind,D609,M,43.582340462849096,3.5811346592633795
201800016327,Lethal,2018-03-20,10:30:00,Daylight,340,194,Yes,NoIntersection,Normal,Other,2 rue du docteur Cambon,M,43.53928590074995,3.539203500272626
201800016328,NonLethal,2018-01-04,17:45:00,Daylight,340,210,No,T-type,Normal,2Vehicles-Side,Carrefour D32 / D139,M,43.59662780023758,3.5990116599887707
201800016329,NonLethal,2018-04-29,17:10:00,Daylight,340,323,No,NoIntersection,HeavyRain,NoCollision,RD 908,M,43.61007440228223,3.610722847230376
201800016330,NonLethal,2018-05-03,19:30:00,Daylight,340,79,No,T-type,Normal,2Vehicles-Side,D 609 - route de Nébian,M,43.61250922638726,3.613771658775475
201800016332,NonLethal,2018-07-14,12:05:00,Daylight,340,79,No,T-type,Normal,2Vehicles-BehindVehicles-Frontal,"Route de Nebian, D609",M,43.61322822925363,3.6119312287877694
201800016333,NonLethal,2018-09-09,17:45:00,Daylight,340,47,Yes,Other,Normal,2Vehicles-Behind,"avenue de St Pargoire, D",M,43.53150171842498,3.535324843121677
201800016334,NonLethal,2018-10-19,14:50:00,Daylight,340,41,No,NoIntersection,Normal,Other,Départementale 2,M,43.60796820466106,3.608698124980208
201800016335,NonLethal,2018-11-30,20:25:00,NightNoStreetLight,340,79,No,NoIntersection,Normal,3+Vehicles-Chain,Route de Canet,M,43.61378661765336,3.61249549310396
201800016336,NonLethal,2018-12-11,20:30:00,NightNoStreetLight,340,79,No,NoIntersection,Normal,Other,route de Brignac,M,43.62772826233499,3.6277436944346086
201800016337,NonLethal,2018-04-17,17:05:00,Daylight,340,122,No,NoIntersection,Normal,2Vehicles-BehindVehicles-Frontal,Route de SAINT SATURNIN,M,43.682685041531286,3.68252016737477
201800016339,NonLethal,2018-06-03,10:40:00,Daylight,340,221,No,NoIntersection,Normal,NoCollision,D 32 PK 12+500,M,43.729328108321376,3.72962817407946
201800016340,NonLethal,2018-08-14,19:30:00,TwilightOrDawn,340,239,No,NoIntersection,Normal,NoCollision,route des Bages,M,43.635506411741424,3.6356576127002977
201800016341,NonLethal,2018-09-27,15:19:00,Daylight,340,239,No,NoIntersection,Normal,Other,route de lodève,M,43.6513448377346,3.65069793994208
201800016342,NonLethal,2018-11-15,18:08:00,NightStreelightsOn,340,239,Yes,T-type,Normal,Other,avenue de Clermont l'Hér,M,43.644787990919504,3.648017864989269
201800016347,NonLethal,2018-02-12,09:55:00,Daylight,150,12,No,NoIntersection,Normal,Other,RN 122 ( LA SABLIERE),M,,
201800016348,NonLethal,2018-03-03,13:20:00,Daylight,150,14,Yes,NoIntersection,Normal,Other,"15, SQUARE (PLACE DU)",M,44.92757396355703,2.929014229157672
201800016351,NonLethal,2018-05-29,18:00:00,Daylight,150,14,Yes,NoIntersection,Normal,2Vehicles-BehindVehicles-Frontal,REPUBLIQUE (AVENUE DE LA,M,44.927098328188535,2.9273168431053995
201800016353,NonLethal,2018-06-16,17:50:00,Daylight,150,14,Yes,NoIntersection,Normal,3+Vehicles-Multiple,DAUZIER (BOULEVARD LOUIS,M,44.92759768582668,2.927394019217796
201800016354,NonLethal,2018-06-29,12:00:00,Daylight,150,14,Yes,NoIntersection,Normal,2Vehicles-Side,PASCAL (RUE BLAISE),M,44.90189679679228,2.900164799195584
201800016356,NonLethal,2018-10-25,16:05:00,Daylight,150,14,No,NoIntersection,Normal,Other,DOCTEUR CHANAL (RUE DU),M,44.93863410268993,2.9381082501270046
201800016357,NonLethal,2018-11-16,08:35:00,TwilightOrDawn,150,14,Yes,NoIntersection,Normal,Other,LIBERTE (AVENUE DE LA),M,44.920173773636215,2.9220869298143883
201800016358,NonLethal,2018-12-09,03:40:00,NightStreelightsOn,150,14,Yes,NoIntersection,LightRain,Other,BOUSQUET (CHEMIN DU),M,44.90037657802456,2.9005545406163527
201800016359,NonLethal,2018-12-26,08:20:00,TwilightOrDawn,150,14,Yes,NoIntersection,Normal,Other,DOUMER (AVENUE PAUL),M,44.92305340045621,2.9210512977210685
201800016360,NonLethal,2018-01-22,13:15:00,Daylight,340,31,Yes,NoIntersection,Normal,Other,RUE DU VENT GREC,M,43.37214014116878,3.3702044956455834