AccidentId,Gravity,Date,Hour,Light,Department,Commune,InAgglomeration,IntersectionType,Weather,CollisionType,PostalAddress,GPSCode,Latitude,Longitude
201800016362,Lethal,2018-02-09,20:00:00,NightStreelightsOn,340,150,Yes,NoIntersection,LightRain,Other,86 avenue de SETE,M,43.32089559084028,3.3213901347286026
201800016363,NonLethal,2018-06-01,20:45:00,Daylight,340,332,Yes,Roundabout,Normal,NoCollision,AVENUE DE LA MEDITERRANÉ,M,43.30218548766535,3.303199564384578
201800016364,NonLethal,2018-07-05,09:45:00,Daylight,340,203,No,NoIntersection,Normal,2Vehicles-Side,route de MEZE rd51,M,43.40920364068512,3.408425469271461
201800016365,NonLethal,2018-07-09,11:00:00,Daylight,340,101,No,NoIntersection,Normal,2Vehicles-BehindVehicles-Frontal,PK 60+500 - Route départ,M,43.37464045071341,3.3739704037623093
201800016366,Lethal,2018-07-10,00:15:00,NightNoStreetLight,340,31,No,NoIntersection,Normal,Other,D28 - Route de BEZIERS,M,43.36369413941327,3.3634903397146387
201800016367,NonLethal,2018-07-28,11:50:00,Daylight,340,332,No,NoIntersection,Normal,3+Vehicles-Multiple,D6l2A -,M,43.318765302051766,3.3167903487889894
201800016368,NonLethal,2018-08-11,18:50:00,Daylight,340,207,Yes,NoIntersection,Normal,Other,13 avenue de Florensac,M,43.39191072074618,3.39305117289039
201800016371,NonLethal,2018-09-23,01:00:00,NightNoStreetLight,340,332,No,NoIntersection,Normal,2Vehicles-BehindVehicles-Frontal,D612,M,43.31422456048297,3.3143405598579294
201800016372,NonLethal,2018-04-10,01:45:00,NightNoStreetLight,340,31,Yes,NoIntersection,Normal,Other,Chemin de l'Allée,M,43.35588400426482,3.3556953649064
201800016374,NonLethal,2018-03-23,11:30:00,Daylight,860,284,No,NoIntersection,Normal,Other,roc  fer,M,46.44728327977482,4.448503025414277
201800016375,NonLethal,2018-07-20,18:15:00,Daylight,860,178,No,NoIntersection,Normal,2Vehicles-BehindVehicles-Frontal,Route nationale 147,M,46.51778694833649,4.518532710888052
201800016376,NonLethal,2018-08-12,10:25:00,Daylight,860,97,No,NoIntersection,Normal,Other,D29 lieu dit LEPAPAUD,M,46.31499671561959,4.314075162882622
201800016377,Lethal,2018-12-09,07:25:00,TwilightOrDawn,860,180,No,T-type,Normal,2Vehicles-Side,Départementale   12,M,46.53554731242334,3.5332439227990595
201800016378,NonLethal,2018-09-25,08:30:00,Daylight,860,290,No,NoIntersection,Normal,2Vehicles-Side,RN 741,M,46.46324797723861,3.462364762549346
201800016379,NonLethal,2018-11-03,06:00:00,NightNoStreetLight,860,180,No,T-type,Normal,Other,DÉPARTEMENTALE l,M,46.53571083734632,3.53347352026039
201800016382,NonLethal,2018-01-19,19:30:00,NightNoStreetLight,860,113,No,NoIntersection,Normal,2Vehicles-BehindVehicles-Frontal,RD 4  PK26+98,M,46.497778376491695,3.497645687844512
201800016383,NonLethal,2018-02-18,11:15:00,Daylight,860,139,No,NoIntersection,LightRain,2Vehicles-BehindVehicles-Frontal,RD 150 - Les Mériotières,M,46.42095950685455,1.422749955065402
201800016384,Lethal,2018-02-25,06:30:00,NightNoStreetLight,860,68,No,NoIntersection,Normal,Other,"PK 0+170 de  la D35, axe",M,46.221885695260326,1.2218708573385606
201800016385,NonLethal,2018-07-15,06:10:00,TwilightOrDawn,860,39,No,NoIntersection,Normal,2Vehicles-Behind,RN10,M,46.25828428954789,1.2599815063295998
201800016386,NonLethal,2018-09-28,09:20:00,Daylight,860,139,Yes,NoIntersection,Normal,2Vehicles-Side,rue  d'Anjou,M,46.43790452182908,1.4380844779243884
201800016388,NonLethal,2018-12-05,07:45:00,NightStreelightsOn,860,293,Yes,NoIntersection,Normal,2Vehicles-Side,D4,M,46.40960100707074,2.409283198851352
201800016389,NonLethal,2018-12-19,12:10:00,Daylight,860,113,No,NoIntersection,LightRain,Other,Route départementale 4C,M,46.497583558738654,3.497775300038883
201800016390,NonLethal,2018-04-25,09:00:00,Daylight,860,76,Yes,NoIntersection,LightRain,NoCollision,36 route de  Poitiers,M,46.64139993064233,2.643482077195292
201800016391,NonLethal,2018-04-28,13:10:00,Daylight,860,53,Yes,NoIntersection,Normal,2Vehicles-Side,36 rue de  l'épinellerie,M,46.71082671817339,1.7094625253517377
201800016393,NonLethal,2018-05-28,20:45:00,TwilightOrDawn,860,30,No,NoIntersection,Overcast,Other,"RD 347 PK11+6,5 sens NEU",M,46.729581772903785,2.729147390163404
201800016394,NonLethal,2018-08-09,04:15:00,NightNoStreetLight,860,160,No,NoIntersection,Normal,Other,4 petite rue du verger g,M,46.80241946897134,2.8024864604300794
201800016395,NonLethal,2018-09-01,05:45:00,NightNoStreetLight,860,76,No,NoIntersection,Normal,Other,RD 149 PK9,M,46.63367782744803,2.6338758401646998
201800016396,NonLethal,2018-10-30,17:00:00,Daylight,860,177,Yes,NoIntersection,Normal,2Vehicles-Side,rue de la croix Berthon,M,46.68399310894096,2.683314008941275
201800016397,Lethal,2018-10-31,18:30:00,NightStreelightsOn,860,160,Yes,NoIntersection,HeavyRain,Other,40 boulevard Foulques Ne,M,46.78876524615679,1.7865392394300756
201800016399,NonLethal,2018-11-03,19:50:00,NightNoStreetLight,860,271,No,NoIntersection,Normal,Other,La Santerre,M,46.77974818327929,3.781056306556409
201800016401,NonLethal,2018-06-13,14:40:00,Daylight,860,14,No,NoIntersection,Normal,2Vehicles-Side,Rue  des  varennes,M,46.76085432680421,5.762148156350346
201800016402,NonLethal,2018-12-04,08:20:00,TwilightOrDawn,860,14,No,NoIntersection,Normal,3+Vehicles-Multiple,PK 23 +700,M,46.74556519505458,5.745612911803081
201800016403,NonLethal,2018-03-17,06:00:00,TwilightOrDawn,860,225,No,NoIntersection,Normal,NoCollision,Rd 15 PR 009+000,M,46.85585027452629,9.85510769232008
201800016404,NonLethal,2018-05-22,06:30:00,TwilightOrDawn,860,154,No,X-type,Normal,2Vehicles-Side,les fossés  de bellien,M,46.80220026610038,8.800223606657822
201800016405,NonLethal,2018-12-06,16:30:00,Daylight,860,93,No,X-type,Normal,2Vehicles-Side,Départementale 14,M,46.93830943540539,2.939248776957623
201800016406,NonLethal,2018-08-21,08:50:00,Daylight,860,93,No,X-type,Normal,2Vehicles-Side,départementale  66,M,46.95280632052455,2.9514385525901528
201800016407,NonLethal,2018-01-04,10:35:00,Daylight,290,189,Yes,NoIntersection,HeavyRain,Other,10 rue de la poste,M,48.37382486244232,-0.3735393751427701
201800016408,NonLethal,2018-01-29,08:15:00,NightStreelightsOn,290,43,Yes,NoIntersection,LightRain,Other,27 route de Brest,M,48.36568972383208,-0.3657285482690769
201800016410,NonLethal,2018-09-05,17:00:00,Daylight,290,137,No,NoIntersection,Normal,Other,route de logonna-daoulas,M,48.32318349029951,-0.3242342024252072
201800016411,NonLethal,2018-06-14,15:00:00,Daylight,290,43,No,NoIntersection,Normal,NoCollision,D 770,M,48.369729147473706,-0.3697968232046048
201800016413,NonLethal,2018-09-15,19:35:00,TwilightOrDawn,290,45,No,Y-type,Normal,2Vehicles-Side,coat mez,M,48.371848184186334,-0.3716032943964268
201800016414,NonLethal,2018-09-30,11:34:00,Daylight,290,189,Yes,Roundabout,Normal,2Vehicles-Behind,RP Toull Ar Raning,M,48.36594505507853,-0.368443654447462
201800016415,NonLethal,2018-11-05,18:30:00,NightStreelightsOn,290,189,Yes,Roundabout,LightRain,Other,ROND-POINT DE ROCH-KEREZ,M,48.38388861490876,-0.3824584761289647
201800016416,NonLethal,2018-08-11,17:25:00,Daylight,290,45,No,X-type,Normal,2Vehicles-Side,Lieu-dit Mondragon,M,48.42694100769838,-0.4242657900858654
201800016417,NonLethal,2018-12-18,07:30:00,NightNoStreetLight,290,45,No,NoIntersection,LightRain,2Vehicles-BehindVehicles-Frontal,KERLAOUENAN,M,48.39262669945848,-0.3932198912005973
201800016418,Lethal,2018-12-18,20:00:00,NightNoStreetLight,290,45,No,NoIntersection,HeavyRain,3+Vehicles-Multiple,Lieu-dit Kerverot,M,48.38794673186119,-0.387220551565874
201800016419,NonLethal,2018-01-12,16:45:00,Daylight,410,280,Yes,NoIntersection,Normal,Other,"8, avenue du Val de Cher",M,47.293738064846,1.2926204873272946
201800016423,NonLethal,2018-07-21,17:20:00,Daylight,410,280,Yes,NoIntersection,Normal,2Vehicles-BehindVehicles-Frontal,25 rue de la commanderie,M,47.30352568015367,1.3064465264770744
201800016425,NonLethal,2018-09-18,09:55:00,Daylight,410,280,Yes,NoIntersection,Normal,Other,avenue aristide briand,M,47.29409525265896,1.2928844180608206
201800016428,Lethal,2018-02-01,18:00:00,NightNoStreetLight,410,51,No,NoIntersection,LightRain,2Vehicles-BehindVehicles-Frontal,D176,M,47.33484501305123,1.3376286455250197
201800016430,NonLethal,2018-01-27,11:45:00,Daylight,410,233,No,NoIntersection,FogOrSmoke,3+Vehicles-Chain,D764,M,47.42981134753765,1.430056316474368
201800016432,NonLethal,2018-04-24,13:10:00,Daylight,410,59,No,Other,Normal,Other,la fosse des roches,M,47.42915368878603,1.426052503102017
201800016433,NonLethal,2018-07-03,19:25:00,Daylight,410,146,No,NoIntersection,Normal,NoCollision,route de montrichard,M,47.34187350781213,1.341547977005374
201800016434,NonLethal,2018-09-08,15:00:00,Daylight,410,229,No,NoIntersection,Normal,2Vehicles-BehindVehicles-Frontal,Foret de GROS BOIS RD 67,M,47.30085993777743,1.301704735193027
201800016436,NonLethal,2018-09-29,10:40:00,Daylight,410,51,No,NoIntersection,Normal,2Vehicles-Behind,"""La Vaudonnerie"" PK 16 s",M,47.35155110239951,1.3552418690977874
201800016437,NonLethal,2018-01-10,16:15:00,Daylight,410,164,Yes,NoIntersection,Normal,2Vehicles-Behind,rue paul boncour,M,47.27231264000801,1.2729849884653974
201800016438,NonLethal,2018-10-13,19:10:00,TwilightOrDawn,410,59,No,X-type,Normal,2Vehicles-BehindVehicles-Frontal,D30,M,47.40868032826092,1.40818629653471
201800016439,NonLethal,2018-10-21,18:50:00,TwilightOrDawn,410,59,No,NoIntersection,Normal,2Vehicles-Side,Devant le 24 Route de Bl,M,47.43245022939473,1.4349609120865363
201800016440,NonLethal,2018-10-21,22:00:00,NightNoStreetLight,410,82,No,NoIntersection,Normal,Other,21 rue de Cornilly,M,47.434998930378136,1.4371629897043077
201800016441,NonLethal,2018-03-11,16:20:00,Daylight,410,151,Yes,NoIntersection,Normal,2Vehicles-BehindVehicles-Frontal,quai du cher,M,47.34197771031153,1.340885198930566
201800016442,NonLethal,2018-11-10,17:45:00,NightNoStreetLight,410,59,No,NoIntersection,Normal,Other,"Départementale 122, lieu",M,47.42242664527037,1.4231678656766744
201800016443,NonLethal,2018-12-02,19:36:00,NightStreelightsOn,410,59,Yes,NoIntersection,Normal,Other,avenue de la paix,M,47.41977829133604,1.420825515251493
201800016444,NonLethal,2018-12-14,16:00:00,Daylight,410,126,Yes,NoIntersection,Normal,NoCollision,Rue departementale,M,47.2989116844479,1.2957413797876234
201800016445,NonLethal,2018-12-28,12:00:00,Daylight,410,54,No,NoIntersection,Other,Other,24 route de sologne,M,47.37588471980622,1.376929195045046
201800016446,NonLethal,2018-01-23,19:30:00,NightNoStreetLight,410,232,No,NoIntersection,LightRain,Other,RD l2l,M,47.44539037586789,1.445737858054441
201800016447,NonLethal,2018-01-02,07:40:00,Daylight,410,241,No,NoIntersection,Other,Other,rd724,M,47.38483900179671,1.3834450779273184
201800016448,NonLethal,2018-10-04,12:15:00,Daylight,410,251,No,NoIntersection,Normal,2Vehicles-Side,Les Gâts,M,47.63816678921172,2.6371843892059297
201800016449,NonLethal,2018-12-05,19:40:00,Daylight,410,159,Yes,NoIntersection,LightRain,Other,46 rue Henry de Geoffre,M,47.5351522730101,1.5343816502492011
201800016450,Lethal,2018-06-15,15:00:00,Daylight,410,46,No,NoIntersection,Normal,Other,"RD 923, PK 45+950",M,47.57426003198236,1.5769943135319893
201800016451,NonLethal,2018-06-30,21:15:00,TwilightOrDawn,410,232,No,NoIntersection,Normal,Other,d724 pk 20+500,M,47.404530965528345,1.4051604736526238
201800016452,NonLethal,2018-06-30,14:40:00,Daylight,410,296,No,NoIntersection,Normal,Other,d101,M,47.642651305783374,2.645162934085789
201800016454,NonLethal,2018-07-15,19:15:00,Daylight,410,106,Yes,NoIntersection,Normal,NoCollision,14 avenue Emile MORIN,M,47.60409917069502,2.6029572887250194
201800016455,NonLethal,2018-08-03,16:38:00,Daylight,410,176,No,NoIntersection,VeryGood,Other,RD 126 PR 10,M,47.5350082183942,2.5341353247416545
201800016456,Lethal,2018-08-13,14:00:00,Daylight,410,231,No,NoIntersection,LightRain,Other,RD 923,M,47.5586922199927,1.5596631633495712
201800016457,NonLethal,2018-08-19,19:00:00,Daylight,410,296,No,NoIntersection,Normal,Other,D125,M,47.6632326740298,2.6619136072031178
201800016458,NonLethal,2018-08-20,12:50:00,Daylight,410,232,Yes,NoIntersection,Normal,2Vehicles-Side,rue du 8 mai 1945,M,47.42552736784459,2.42541385149587
201800016459,NonLethal,2018-05-09,06:20:00,NightNoStreetLight,410,296,No,NoIntersection,FogOrSmoke,NoCollision,RD 153,M,47.645524668596046,2.645309682579971
201800016460,Lethal,2018-09-09,18:25:00,Daylight,410,74,Yes,NoIntersection,Normal,NoCollision,rue de la gare,M,47.58391295398035,1.5864923039489198
201800016461,NonLethal,2018-08-10,04:17:00,NightNoStreetLight,410,241,Yes,NoIntersection,Normal,Other,112 RUE DE L'AULNE,M,47.38376202523914,1.383894129383486
201800016462,NonLethal,2018-11-26,17:20:00,NightNoStreetLight,410,161,No,NoIntersection,Normal,3+Vehicles-Multiple,Route départementale 923,M,47.58310969302576,1.5829527367547942
201800016463,NonLethal,2018-12-17,06:50:00,NightStreelightsOn,410,106,Yes,NoIntersection,Normal,Other,9 avenue Emile Morin,M,47.60418387839136,2.6062525651178405
201800016464,NonLethal,2018-02-17,13:30:00,Daylight,410,186,No,NoIntersection,Normal,NoCollision,"lieu dit ""le Ripier""",M,47.859748197704704,1.8578943084162136
201800016465,Lethal,2018-06-27,06:30:00,Daylight,410,95,No,NoIntersection,Normal,2Vehicles-BehindVehicles-Frontal,RN10,M,47.90384101894283,1.9006752747681568
201800016466,NonLethal,2018-07-16,00:50:00,NightNoStreetLight,410,196,No,NoIntersection,Normal,Other,Départementale 23,M,48.01580124383811,1.0145687797198362
201800016467,NonLethal,2018-08-11,12:45:00,Daylight,410,275,No,NoIntersection,Normal,NoCollision,Route départementale 24,M,47.96131546144497,1.9616649084581943
201800016469,NonLethal,2018-11-01,03:58:00,NightNoStreetLight,410,248,No,NoIntersection,Normal,Other,pk 6+56 Dll7,M,48.03434989414847,8.031960636461271
201800016471,NonLethal,2018-11-30,07:45:00,Daylight,410,235,No,NoIntersection,Normal,NoCollision,Route de RAHAY,M,47.92600805065353,8.929240324316137
201800016472,NonLethal,2018-12-14,14:30:00,Daylight,410,89,No,NoIntersection,Normal,NoCollision,La grande triboulardière,M,48.048646974272046,1.0484795975920094
201800016473,Lethal,2018-02-09,20:10:00,NightStreelightsOff,470,4,Yes,T-type,LightRain,2Vehicles-Side,SAINTE RADEGONDE,M,44.31792852618882,3.3172310216755805
201800016474,NonLethal,2018-03-03,16:00:00,Daylight,470,4,Yes,X-type,Normal,2Vehicles-Side,D813 / D666,M,44.30573354555097,3.304023267929057
201800016475,Lethal,2018-06-12,23:10:00,NightNoStreetLight,470,4,No,NoIntersection,Normal,Other,VINZELLES,M,44.305144959951065,3.3043066751743213
201800016476,NonLethal,2018-06-13,16:53:00,Daylight,470,210,No,X-type,Normal,2Vehicles-Side,LDT PONCHUT,M,44.24991735052165,3.2499729267585478
201800016477,NonLethal,2018-06-20,13:30:00,Daylight,470,210,No,NoIntersection,VeryGood,Other,RD 813,M,44.2497810162586,4.25053819040229
201800016478,NonLethal,2018-08-15,06:30:00,TwilightOrDawn,470,196,No,NoIntersection,Normal,2Vehicles-Side,D813,M,44.33091069973455,3.3318875112145365
201800016479,NonLethal,2018-08-31,11:00:00,Daylight,470,4,No,NoIntersection,Normal,Other,LIEU DIT POUCHON,M,44.288790022606456,3.289377362221158
201800016480,Lethal,2018-09-27,15:00:00,Daylight,470,125,No,X-type,Normal,2Vehicles-Side,D146 / D298,M,44.31122204817987,5.309742731362169
201800016481,NonLethal,2018-09-27,10:15:00,Daylight,470,4,No,T-type,Normal,2Vehicles-Side,D8 / D642,M,44.2909784359941,3.288804208184678
201800016482,NonLethal,2018-11-14,09:40:00,TwilightOrDawn,470,4,No,NoIntersection,FogOrSmoke,3+Vehicles-Multiple,Lieu dit Pinard,M,44.27908352739477,3.278342087615435
201800016483,NonLethal,2018-12-14,13:10:00,Daylight,470,66,No,NoIntersection,Normal,3+Vehicles-Multiple,la mourasse,M,44.24150883027723,4.239442670634654
201800016484,NonLethal,2018-01-21,20:50:00,NightNoStreetLight,470,274,No,NoIntersection,LightRain,2Vehicles-BehindVehicles-Frontal,LASPEYRES - D813,M,44.14322483335185,7.1440013811275005
201800016485,NonLethal,2018-02-11,11:30:00,Daylight,470,138,No,NoIntersection,Normal,Other,LIEU DIT BARBUT,M,44.26058355255485,7.259372841546382
201800016486,Lethal,2018-04-16,16:00:00,Daylight,470,228,No,NoIntersection,Normal,Other,RD821 (4.300) EX RN21,M,44.3469827365769,7.344030299929461
201800016487,NonLethal,2018-04-21,16:15:00,Daylight,470,51,Yes,NoIntersection,Normal,2Vehicles-Side,1800 ROUTE DE TOULOUSE,M,44.174111201255776,6.174755003488319
201800016488,Lethal,2018-06-22,07:50:00,Daylight,470,128,No,T-type,Normal,2Vehicles-Side,DÉPARTEMENTALE 813,M,44.16313723046356,7.1628167726157175
201800016489,Lethal,2018-06-23,01:10:00,NightNoStreetLight,470,274,No,NoIntersection,Normal,3+Vehicles-Chain,RD 813 - PR 2.050,M,44.14719089990644,7.145849129999013
201800016490,Lethal,2018-07-22,18:15:00,Daylight,470,217,No,NoIntersection,Normal,Other,D16,M,44.189305992808976,7.189886441004099
201800016491,NonLethal,2018-09-09,07:30:00,TwilightOrDawn,470,75,No,NoIntersection,Normal,2Vehicles-BehindVehicles-Frontal,RN 21,M,44.29349315817996,6.294316093230102
201800016492,Lethal,2018-09-09,15:40:00,Daylight,470,75,No,NoIntersection,Normal,Other,RN21 FACE AU NUMÉRO 709,M,44.28122346766513,6.281712472479618
201800016493,NonLethal,2018-06-10,00:18:00,NightStreelightsOn,470,51,Yes,NoIntersection,Normal,2Vehicles-BehindVehicles-Frontal,Lieu-dit Siailles,M,44.17977321112078,6.177905808433269
201800016494,NonLethal,2018-06-10,07:30:00,TwilightOrDawn,470,228,Yes,NoIntersection,Normal,Other,route de Penne,M,44.3349714216697,7.333362038676862
201800016495,NonLethal,2018-07-12,06:00:00,NightNoStreetLight,470,171,No,NoIntersection,FogOrSmoke,2Vehicles-BehindVehicles-Frontal,RN 21 Lieu dit Larrichar,M,44.314447345888325,7.313856436094666
201800016496,NonLethal,2018-12-29,08:00:00,TwilightOrDawn,470,228,No,Roundabout,FogOrSmoke,Other,RN 21 lieu dit Caminol,M,44.33697666127628,7.336778182769886
201800016497,NonLethal,2018-01-12,11:00:00,Daylight,470,86,No,T-type,Normal,2Vehicles-Side,LIEU DIT LE BOSQUET,M,44.6774456237525,1.6762969007584738
201800016498,NonLethal,2018-03-25,21:40:00,NightNoStreetLight,470,301,No,NoIntersection,Normal,2Vehicles-BehindVehicles-Frontal,D933,M,44.54693010889975,3.548048350264999
201800016499,NonLethal,2018-10-03,00:40:00,NightNoStreetLight,470,3,No,NoIntersection,LightRain,Other,VC1,M,44.63871934113726,3.638834672363695
201800016500,NonLethal,2018-04-08,09:02:00,TwilightOrDawn,470,218,No,NoIntersection,Normal,Other,LIEU DIT AU MONDI,M,44.58239014558879,3.580396616823516
201800016501,NonLethal,2018-04-07,09:00:00,Daylight,470,88,No,NoIntersection,Normal,2Vehicles-Side,RD 132,M,44.549435997186976,2.548744807695071
201800016502,Lethal,2018-05-22,09:45:00,Daylight,470,187,No,X-type,Normal,2Vehicles-Side,BORIE NEUVE,M,44.632499060509154,2.6309433843594427
201800016503,NonLethal,2018-03-08,17:45:00,Daylight,470,14,No,NoIntersection,Normal,Other,LIEUDIT GALAND,M,44.55026015377514,3.5504557506718144
201800016504,NonLethal,2018-08-13,19:15:00,Daylight,470,147,No,NoIntersection,Normal,Other,RD 708 PK 19,M,44.610774285456685,1.6108159229583976
201800016505,NonLethal,2018-10-06,12:00:00,Daylight,470,3,No,NoIntersection,Normal,Other,ld petit lieu,M,44.65183812169371,3.6524985740202034
201800016506,Lethal,2018-10-10,20:30:00,NightNoStreetLight,470,264,Yes,NoIntersection,Normal,Other,Avenue de Paris D933,M,44.612306042861405,3.6115172663615054
201800016507,NonLethal,2018-04-12,16:55:00,Daylight,470,216,No,T-type,Normal,2Vehicles-Side,intersection RD 641 / RD,M,44.52891021821468,3.5294074987937387
201800016509,NonLethal,2018-01-25,18:20:00,NightStreelightsOn,470,310,Yes,NoIntersection,LightRain,Other,46 RUE COLISSON,M,44.39430354618231,3.39540951340442
201800016510,NonLethal,2018-04-25,12:30:00,Daylight,470,110,No,NoIntersection,Normal,Other,LIEU-DIT BAQUEY - D299,M,44.46045083840881,2.4594617134639165
201800016511,Lethal,2018-05-25,16:40:00,Daylight,470,310,No,NoIntersection,Normal,2Vehicles-BehindVehicles-Frontal,DÉPARTEMENTALE 813,M,44.36556790830334,3.365704663726199
201800016512,NonLethal,2018-05-07,15:45:00,Daylight,470,285,No,T-type,Normal,2Vehicles-BehindVehicles-Frontal,CROISEMENT CD 2 - CD 7,M,44.440520914319485,9.43979351304723
201800016513,NonLethal,2018-07-22,11:00:00,Daylight,470,110,No,NoIntersection,VeryGood,2Vehicles-Side,RD 299,M,44.45691518330759,2.458431437718761
201800016514,NonLethal,2018-11-09,13:45:00,Daylight,470,253,No,NoIntersection,Normal,2Vehicles-Behind,LIEU DIT CAILLAOUERE,M,44.44182907195052,1.441003029284344
201800016519,NonLethal,2018-10-20,23:00:00,NightNoStreetLight,470,317,No,NoIntersection,Normal,NoCollision,Maraud,M,44.48075145073072,4.482041379752902
201800016520,NonLethal,2018-11-22,10:55:00,Daylight,470,285,No,NoIntersection,Normal,3+Vehicles-Chain,D933,M,44.43505313875319,1.432283640197444
201800016521,NonLethal,2018-12-17,10:20:00,Daylight,470,310,Yes,Roundabout,Normal,2Vehicles-Side,RD 813,M,44.3822487418776,3.384116357030097
201800016523,Lethal,2018-01-07,07:40:00,TwilightOrDawn,470,167,No,NoIntersection,LightRain,Other,LDT REFFY,M,44.073635652150166,2.0722390825363
201800016524,NonLethal,2018-02-17,17:45:00,Daylight,470,134,No,NoIntersection,Normal,Other,HILLET,M,44.01094255839164,3.011221866141081
201800016525,NonLethal,2018-02-28,13:00:00,Daylight,470,180,No,NoIntersection,SnowOrHail,Other,D 656,M,44.1377780451188,4.138767701074137
201800016526,NonLethal,2018-04-04,15:00:00,Daylight,470,98,No,X-type,Normal,2Vehicles-Side,INTERSECTION D137 / D131,M,44.09983677615591,4.099905982588863
201800016527,NonLethal,2018-03-06,19:28:00,Daylight,470,221,No,NoIntersection,Normal,2Vehicles-BehindVehicles-Frontal,LIEU DIT MONPLAISIR,M,44.05910773446418,2.0603151274043205
201800016528,Lethal,2018-06-09,00:25:00,NightNoStreetLight,470,195,No,NoIntersection,Normal,Other,LIEU DIT HOUNSEGUE,M,44.1390481892836,3.139704189370384
201800016531,NonLethal,2018-09-18,04:15:00,NightStreelightsOn,470,97,Yes,Roundabout,Normal,Other,RUE DU 1ER FÉVRIER 1944,M,44.22254214714272,3.2210541008596625
201800016532,NonLethal,2018-09-21,20:45:00,NightNoStreetLight,470,172,No,NoIntersection,Normal,Other,3370 VOIE ROMAINE,M,44.14754953591461,5.147345667030843
201800016533,NonLethal,2018-10-02,08:20:00,TwilightOrDawn,470,143,Yes,NoIntersection,Normal,Other,rue des cerisiers,M,44.17854119213276,3.1774507955325677
201800016534,NonLethal,2018-10-26,17:00:00,Daylight,470,97,No,NoIntersection,Normal,2Vehicles-BehindVehicles-Frontal,lieu-dit La Dagues,M,44.221678921470186,3.222204662377405
201800016535,NonLethal,2018-06-21,15:00:00,Daylight,470,222,No,X-type,Normal,2Vehicles-Side,CD655 PK14+730,M,44.27828864317906,1.2793303914118763
201800016536,NonLethal,2018-06-29,10:00:00,Daylight,470,52,No,X-type,Normal,2Vehicles-Side,LE LANIN D11,M,44.29771745432768,1.2985451107514852
201800016537,NonLethal,2018-07-11,13:45:00,Daylight,470,52,Yes,NoIntersection,Normal,2Vehicles-Behind,AVENUE JOSEPH TURROQUES,M,44.30318563261177,7.303824651691648
201800016538,Lethal,2018-09-03,11:10:00,Daylight,470,12,No,NoIntersection,Normal,2Vehicles-BehindVehicles-Frontal,LIEU DIT CARRASSET,M,44.274366341488765,1.2730254064897015
201800016539,NonLethal,2018-03-10,09:00:00,Daylight,470,52,Yes,NoIntersection,Normal,Other,Boulevard Victor Hugo,M,44.31290903608405,8.31386938596211
201800016540,NonLethal,2018-01-12,18:25:00,NightStreelightsOn,470,179,Yes,NoIntersection,Normal,2Vehicles-Side,39 AVENUE DE LA GARE,M,44.48554343066317,9.484768842470016
201800016541,NonLethal,2018-01-23,18:50:00,NightStreelightsOn,470,283,Yes,X-type,Normal,2Vehicles-Side,LDT LIBOUSSOU,M,44.47937164014429,9.47999501286657
201800016542,NonLethal,2018-02-08,13:45:00,Daylight,470,328,No,NoIntersection,Normal,2Vehicles-BehindVehicles-Frontal,LA PRONQUIERE,M,44.44732698031051,9.446792345656691
201800016543,Lethal,2018-05-09,19:00:00,Daylight,470,185,No,NoIntersection,Normal,Other,ZA LES PORTES DU QUERCY,M,44.48171160612411,9.48398174300772
201800016544,NonLethal,2018-05-30,10:10:00,Daylight,470,106,Yes,Other,LightRain,2Vehicles-Side,AVENUE CHARLES DE GAULLE,M,44.497715518527386,9.495090644623556
201800016545,NonLethal,2018-07-05,17:35:00,Daylight,470,117,No,NoIntersection,Normal,2Vehicles-BehindVehicles-Frontal,RD 103,M,44.333101161038286,7.336128336639678
201800016546,NonLethal,2018-07-08,15:28:00,Daylight,470,312,No,NoIntersection,Normal,Other,RD 18,M,44.3784245956081,1.3786750049743728
201800016547,NonLethal,2018-11-08,20:25:00,Daylight,470,307,No,NoIntersection,Normal,2Vehicles-BehindVehicles-Frontal,ROUTE DE FUMEL,M,44.43499301745631,1.4350589450787616
201800016548,NonLethal,2018-08-14,16:30:00,Daylight,470,283,Yes,T-type,Normal,2Vehicles-Side,24 RUE DU PONT,M,44.4805144341631,9.478359410398005
201800016549,NonLethal,2018-08-14,16:20:00,Daylight,470,283,Yes,X-type,Normal,2Vehicles-Side,1 RUE DU PONT,M,44.47902244521859,9.47825894690912
201800016550,NonLethal,2018-09-25,09:50:00,Daylight,470,70,No,NoIntersection,Normal,2Vehicles-Side,LIEU-DIT CIPIÈRES,M,44.47139744275371,9.473115439441791
201800016551,NonLethal,2018-09-27,19:50:00,NightStreelightsOn,470,106,Yes,T-type,Normal,2Vehicles-Side,19 AVENUE EMILE ZOLA,M,44.48711169981914,9.486610710584095