AccidentId,Gravity,Date,Hour,Light,Department,Commune,InAgglomeration,IntersectionType,Weather,CollisionType,PostalAddress,GPSCode,Latitude,Longitude
201800016552,NonLethal,2018-09-30,23:14:00,NightNoStreetLight,470,328,No,NoIntersection,Normal,Other,LA PRONQUIÈRE,M,44.44972896391151,9.450229581823582
201800016553,NonLethal,2018-10-19,07:14:00,NightNoStreetLight,470,203,No,T-type,FogOrSmoke,Other,escoute,M,44.3980720863288,8.400554458425669
201800016555,NonLethal,2018-03-16,16:10:00,Daylight,470,6,No,NoIntersection,HeavyRain,3+Vehicles-Multiple,LIEU-DIT MONPLAISIR,M,44.40026552568204,6.4013922212944365
201800016556,NonLethal,2018-03-22,08:00:00,Daylight,470,252,Yes,NoIntersection,Normal,Other,AVENUE RENÉ CASSIN,M,44.40176357992139,5.400490627561841
201800016557,NonLethal,2018-05-22,16:39:00,Daylight,470,49,Yes,T-type,Normal,2Vehicles-BehindVehicles-Frontal,QUAI DES GABARRES,M,44.44507561516072,6.443649590890513
201800016558,NonLethal,2018-06-06,17:50:00,Daylight,470,206,No,NoIntersection,Normal,Other,CD152,M,44.459984318886704,5.462534229384664
201800016559,NonLethal,2018-07-23,16:37:00,Daylight,470,252,Yes,Roundabout,Normal,2Vehicles-Side,AVENUE BAGNARIA ARSA,M,44.40146735990434,5.40068606371581
201800016560,NonLethal,2018-11-14,08:50:00,Daylight,470,252,No,X-type,Normal,NoCollision,route départementale 911,M,44.407006172968295,6.406957704077191
201800016561,NonLethal,2018-12-22,11:50:00,Daylight,470,81,No,X-type,LightRain,2Vehicles-Side,Lieu-dit Roussous,M,44.3416827067182,6.341991593380288
201800016562,NonLethal,2018-12-30,23:50:00,NightNoStreetLight,470,265,No,NoIntersection,Normal,Other,lieu-dit Arade,M,44.47930846340103,6.478355905879168
201800016563,NonLethal,2018-01-07,20:40:00,NightNoStreetLight,460,322,No,NoIntersection,LightRain,Other,route de rassiels,M,44.42994212622553,1.4324293873563625
201800016564,NonLethal,2018-03-31,04:00:00,NightNoStreetLight,460,33,No,NoIntersection,LightRain,Other,CD28 PK028+350,M,44.43499035507038,1.4385280787675838
201800016565,NonLethal,2018-04-26,19:57:00,TwilightOrDawn,460,335,No,T-type,Normal,2Vehicles-Side,intersection D27-D67,M,44.40461857282652,1.4039311410786366
201800016566,Lethal,2018-05-07,18:20:00,Daylight,460,80,No,NoIntersection,Normal,2Vehicles-BehindVehicles-Frontal,D06 PK23+500,M,44.517548301869766,1.5159652138519304
201800016567,NonLethal,2018-08-23,10:55:00,Daylight,460,61,No,NoIntersection,Normal,NoCollision,D 673,M,44.5712823631744,1.5712649070464066
201800016568,NonLethal,2018-11-23,09:00:00,Daylight,460,231,No,NoIntersection,Normal,NoCollision,RD 811 PK 32+800,M,44.51022723212972,1.5119427689687883
201800016569,NonLethal,2018-05-17,12:00:00,Daylight,460,167,No,NoIntersection,Normal,Other,D653 PR72+800,M,44.56189818499406,1.563619740099367
201800016571,NonLethal,2018-08-24,10:50:00,Daylight,460,82,No,NoIntersection,LightRain,NoCollision,les fournets,M,44.408384641003,1.408641694526673
201800016572,NonLethal,2018-01-14,12:30:00,Daylight,460,21,No,NoIntersection,LightRain,Other,sabin,M,44.56366321064927,1.560902016952703
201800016573,NonLethal,2018-04-05,20:00:00,Daylight,460,4,No,NoIntersection,VeryGood,Other,d15,M,44.737543569616655,1.7360417898661955
201800016574,NonLethal,2018-04-22,00:50:00,NightNoStreetLight,460,45,Yes,NoIntersection,Normal,Other,Route départementale D66,M,44.48445276377544,1.4835313942404131
201800016575,NonLethal,2018-05-19,12:55:00,Daylight,460,235,No,NoIntersection,Normal,Other,Lieu-dit Goudelan,M,44.70199912385032,1.7018248954310329
201800016576,NonLethal,2018-05-30,12:00:00,Daylight,460,45,Yes,NoIntersection,Normal,Other,98 Boulevard du tour de,M,44.48480158215217,1.485958815336099
201800016577,Lethal,2018-06-19,17:45:00,Daylight,460,39,No,NoIntersection,Normal,2Vehicles-BehindVehicles-Frontal,lieu-dit Caudenat,M,44.56871408697673,1.5680384645907308
201800016578,NonLethal,2018-06-27,08:35:00,Daylight,460,143,Yes,NoIntersection,Normal,Other,Route départementale 940,M,44.7281209204099,1.7271264252851568
201800016579,NonLethal,2018-07-28,16:30:00,Daylight,460,34,No,NoIntersection,Normal,Other,RD 840,M,44.70404854259565,1.7061181402076002
201800016580,Lethal,2018-10-28,07:00:00,TwilightOrDawn,460,75,No,NoIntersection,LightRain,NoCollision,RD 41 moulin de cavarrot,M,44.60520872476785,1.6070341189203636
201800016581,Lethal,2018-01-18,12:00:00,Daylight,460,251,No,NoIntersection,LightRain,Other,D30,M,44.8550218616246,1.8553434233191288
201800016582,NonLethal,2018-05-06,16:00:00,Daylight,460,251,Yes,NoIntersection,Normal,NoCollision,quai auguste salesses,M,44.85608375114272,1.8579130612807797
201800016583,NonLethal,2018-07-17,17:10:00,Daylight,460,29,Yes,X-type,Normal,2Vehicles-Side,"Avenue de la République,",M,44.92771111255936,1.9252346422785536
201800016584,NonLethal,2018-07-27,15:20:00,Daylight,460,159,No,T-type,Normal,2Vehicles-BehindVehicles-Frontal,Le bourg,M,44.852977005515,1.8509989543182432
201800016585,NonLethal,2018-08-13,13:30:00,Daylight,460,311,No,X-type,Overcast,2Vehicles-Side,D653,M,44.86895886121426,2.868604340800516
201800016586,NonLethal,2018-10-11,09:00:00,TwilightOrDawn,460,122,No,NoIntersection,LightRain,Other,D30,M,44.89580256984411,1.8960462457927445
201800016588,NonLethal,2018-10-12,17:25:00,Daylight,460,127,No,NoIntersection,VeryGood,2Vehicles-Side,RD801,M,44.74097944479396,1.7394961478488211
201800016589,NonLethal,2018-05-05,23:14:00,NightNoStreetLight,460,240,No,NoIntersection,Normal,Other,"D247 lieu dit ""La Borie",M,44.81103067196899,1.812240425076928
201800016590,Lethal,2018-06-05,11:13:00,Daylight,460,128,No,T-type,Normal,3+Vehicles-Chain,route département 840,M,44.79479278221046,1.7938212407299623
201800016591,NonLethal,2018-07-11,09:40:00,Daylight,460,128,Yes,NoIntersection,Normal,Other,355 Avenue François Soul,M,44.78358827432285,1.7817239728655283
201800016592,NonLethal,2018-07-09,07:50:00,Daylight,460,181,No,T-type,VeryGood,2Vehicles-Side,route départementale 802,M,44.67326366587512,1.6723050052154838
201800016593,NonLethal,2018-08-21,18:10:00,Daylight,460,128,Yes,NoIntersection,Normal,2Vehicles-Side,D840 PK 50+150,M,44.77566457541719,1.7749480887983438
201800016594,NonLethal,2018-08-07,18:00:00,Daylight,460,128,Yes,X-type,Normal,2Vehicles-Side,av georges clemenceau,M,44.77373282201457,1.774356009347564
201800016596,NonLethal,2018-04-05,00:01:00,NightNoStreetLight,460,193,No,NoIntersection,Normal,Other,RD 20 - PK 19 + 45,M,44.857684881699264,1.8580632514205275
201800016597,NonLethal,2018-05-06,11:30:00,Daylight,460,153,No,T-type,Normal,2Vehicles-Side,Lieu dit grézelade,M,44.85541922645324,1.8546341997939797
201800016598,NonLethal,2018-06-08,11:00:00,Daylight,460,185,No,NoIntersection,Normal,NoCollision,RD96,M,44.96220707170172,1.9635387056838356
201800016599,NonLethal,2018-07-26,19:10:00,Daylight,460,185,Yes,T-type,Normal,2Vehicles-Side,RD 840 face au garage CH,M,44.93775186072006,1.937694995579044
201800016600,NonLethal,2018-06-08,10:50:00,Daylight,460,185,No,NoIntersection,Normal,2Vehicles-BehindVehicles-Frontal,COMBE ROUSSE,M,44.94270092273688,1.9419013368659603
201800016601,NonLethal,2018-10-24,19:45:00,NightStreelightsOn,460,309,Yes,Other,Normal,Other,AVENUE DE SARLAT,M,44.892136373949576,1.8926713065169176
201800016602,NonLethal,2018-01-01,19:15:00,NightNoStreetLight,420,23,No,NoIntersection,LightRain,2Vehicles-Behind,Route départementale 108,M,45.29965841566251,4.298971574193591
201800016603,NonLethal,2018-08-03,08:15:00,Daylight,420,23,Yes,NoIntersection,VeryGood,Other,19 rue Cardinal Donnet,M,45.29734968139652,4.295036196425552
201800016604,NonLethal,2018-06-21,14:00:00,Daylight,420,224,Yes,NoIntersection,Normal,NoCollision,2 route de la pierre lég,M,45.34145838622655,4.340231887303378
201800016605,NonLethal,2018-06-21,16:38:00,Daylight,420,101,No,NoIntersection,Normal,Other,D8,M,45.35118586287236,4.352627452509913
201800016606,NonLethal,2018-08-20,17:20:00,Daylight,420,23,No,NoIntersection,Normal,3+Vehicles-Multiple,D1082,M,45.30019193098216,4.297714708219638
201800016607,NonLethal,2018-09-08,16:50:00,Daylight,420,23,No,NoIntersection,Normal,NoCollision,Lieu dit les chaberts,M,45.30686777054686,4.305759249269934
201800016608,NonLethal,2018-12-15,10:15:00,Daylight,420,329,No,NoIntersection,Normal,3+Vehicles-Multiple,"Lieu dit ""Le Verniol""",M,45.32119458431408,4.320398471947773
201800016609,NonLethal,2018-12-30,07:30:00,TwilightOrDawn,420,224,No,NoIntersection,FogOrSmoke,Other,Col de la République,M,45.35328608793333,4.352555646775367
201800016610,NonLethal,2018-05-25,16:30:00,Daylight,420,208,No,NoIntersection,Normal,NoCollision,Lieu dit CHOCHOLON,M,45.52149991136251,4.524348243705427
201800016611,NonLethal,2018-06-16,12:30:00,Daylight,420,302,Yes,T-type,Normal,2Vehicles-Side,44 rue de l'onzon,M,45.49859379840023,4.498664365111627
201800016612,NonLethal,2018-06-29,12:30:00,Daylight,420,302,Yes,Other,Normal,2Vehicles-BehindVehicles-Frontal,route de saint Chamond,M,45.480381657914094,4.480183334524766
201800016614,NonLethal,2018-08-07,11:00:00,Daylight,420,311,Yes,Y-type,VeryGood,2Vehicles-BehindVehicles-Frontal,RD 1498,M,45.47954068573818,4.4792103943109725
201800016615,NonLethal,2018-08-16,09:30:00,Daylight,420,302,Yes,NoIntersection,Normal,NoCollision,l0 rue de la vaure,M,45.48314917324797,4.482739222863344
201800016616,NonLethal,2018-09-02,09:00:00,Daylight,420,97,Yes,NoIntersection,Normal,2Vehicles-BehindVehicles-Frontal,60 rue de la libération,M,45.50007912854842,4.499302008424098
201800016617,NonLethal,2018-09-28,07:50:00,Daylight,420,302,No,T-type,Normal,3+Vehicles-Multiple,d1498,M,45.48048537062128,4.48019347065991
201800016619,NonLethal,2018-01-01,07:45:00,TwilightOrDawn,420,195,No,NoIntersection,Normal,Other,1 chemin du praval,M,45.73265837903515,3.7299584571174096
201800016620,NonLethal,2018-04-01,19:07:00,NightNoStreetLight,420,134,No,NoIntersection,LightRain,Other,Lieu-dit Lugnieux,M,45.697528752464,4.696739423835703
201800016621,NonLethal,2018-09-02,02:55:00,NightNoStreetLight,420,134,No,NoIntersection,Normal,NoCollision,RD8,M,45.706373924360754,4.705439340794171
201800016622,NonLethal,2018-02-18,00:50:00,NightNoStreetLight,420,291,No,NoIntersection,LightRain,NoCollision,RD l089,M,45.8109290426927,3.813591310341377
201800016623,NonLethal,2018-03-19,18:45:00,TwilightOrDawn,420,238,No,NoIntersection,Normal,2Vehicles-BehindVehicles-Frontal,lieux dit le faux,M,45.78712726759512,3.7861109203011623
201800016624,NonLethal,2018-05-20,12:05:00,Daylight,420,159,No,NoIntersection,Normal,NoCollision,d53,M,45.80026132261255,3.800597204105818
201800016625,NonLethal,2018-05-23,20:10:00,TwilightOrDawn,420,19,Yes,Y-type,Normal,Other,Rue Clermont,M,45.74650041177868,4.745507866950838
201800016627,NonLethal,2018-07-05,23:36:00,NightNoStreetLight,420,205,No,NoIntersection,LightRain,Other,Les combes,M,45.660522790041696,3.6606281914901535
201800016628,NonLethal,2018-07-21,18:50:00,Daylight,420,219,Yes,T-type,Normal,2Vehicles-BehindVehicles-Frontal,"33, route de la chanal",M,45.73131002199645,4.73153887579321
201800016629,NonLethal,2018-06-08,10:15:00,Daylight,420,313,No,X-type,Normal,2Vehicles-Side,Assieux,M,45.72514679152405,4.727607635146399
201800016630,NonLethal,2018-08-20,15:15:00,Daylight,420,245,No,NoIntersection,Normal,Other,les ruines - passafol,M,45.82362124364028,3.8233379070663567
201800016631,NonLethal,2018-08-21,12:00:00,Daylight,420,150,No,NoIntersection,Normal,Other,Lieu-dit Meximieux,M,45.72474129007016,4.726413638457812
201800016632,NonLethal,2018-10-01,11:45:00,Daylight,420,252,No,NoIntersection,LightRain,Other,D 1089,M,45.78849766643298,3.789545137397037
201800016633,NonLethal,2018-10-19,17:10:00,Daylight,420,19,Yes,NoIntersection,Normal,Other,15 Rue des Lauriers,M,45.75764559257843,4.758574419363541
201800016634,NonLethal,2018-08-11,11:00:00,Daylight,420,19,Yes,NoIntersection,Normal,Other,place de l'hôtel de vill,M,45.74548527062012,4.746975634619463
201800016635,NonLethal,2018-11-16,19:30:00,NightStreelightsOn,420,159,Yes,T-type,FogOrSmoke,2Vehicles-BehindVehicles-Frontal,montée du Sorbiers,M,45.81668264084484,3.8176962312682585
201800016636,NonLethal,2018-11-25,07:20:00,TwilightOrDawn,420,219,Yes,NoIntersection,Normal,Other,Place du Charon - D5,M,45.73485133838486,4.73550275148813
201800016637,Lethal,2018-12-19,07:45:00,Daylight,420,39,No,NoIntersection,LightRain,Other,Route départementale 101,M,45.691603649057605,3.689232113770073
201800016638,NonLethal,2018-03-28,13:00:00,Daylight,420,6,Yes,Y-type,Normal,2Vehicles-BehindVehicles-Frontal,Route de Usson,M,45.38026815855618,3.3801299247472896
201800016639,NonLethal,2018-04-11,23:15:00,NightStreelightsOn,420,6,Yes,T-type,LightRain,Other,le  bourg,M,45.38698260028292,4.386911880962277
201800016640,NonLethal,2018-04-16,18:45:00,Daylight,420,192,No,NoIntersection,Normal,Other,LIEU DIT RULLY,M,45.36628018626055,4.367326848185859
201800016641,NonLethal,2018-04-21,16:30:00,Daylight,420,107,No,NoIntersection,Normal,2Vehicles-Side,Dl02,M,45.53613862265332,3.5353231823348445
201800016642,NonLethal,2018-04-27,12:00:00,Daylight,420,240,No,NoIntersection,Normal,Other,LIEU-DIT THINEREILLES,M,45.50167061399187,4.49996182911953
201800016643,NonLethal,2018-06-27,16:25:00,Daylight,420,91,No,NoIntersection,VeryGood,2Vehicles-Side,D498,M,45.41670864506248,4.4175605815648415
201800016644,NonLethal,2018-06-30,12:10:00,Daylight,420,204,Yes,T-type,VeryGood,2Vehicles-Side,Avenue de ST ETIENNE,M,45.4309673181326,4.429051360130032
201800016646,NonLethal,2018-08-27,16:15:00,Daylight,420,318,No,NoIntersection,Normal,Other,Route départementale D49,M,45.36180402303194,3.3644875628521724
201800016647,NonLethal,2018-03-10,11:00:00,Daylight,420,1,No,NoIntersection,LightRain,Other,D3,M,45.40991131846828,4.410891057771553
201800016648,NonLethal,2018-10-07,12:00:00,Daylight,420,262,No,NoIntersection,Normal,Other,D3,M,45.39685461832127,4.39669353067571
201800016651,NonLethal,2018-10-21,16:00:00,Daylight,420,1,No,NoIntersection,Normal,Other,route de Périgneux,M,45.41701901479295,4.415555546985885
201800016652,NonLethal,2018-10-23,09:10:00,Daylight,420,318,No,NoIntersection,Normal,Other,FRAISSE LA COTE EST,M,45.34961338645302,3.3484418086402736
201800016653,NonLethal,2018-10-26,18:00:00,TwilightOrDawn,420,192,No,NoIntersection,Normal,NoCollision,chemin rural numéro 1O,M,45.36491610445982,4.366555734841232
201800016654,NonLethal,2018-11-19,15:30:00,Daylight,420,91,No,NoIntersection,FogOrSmoke,2Vehicles-BehindVehicles-Frontal,D 498,M,45.42059875476772,4.420968897671197
201800016655,NonLethal,2018-12-25,18:00:00,NightNoStreetLight,420,262,No,NoIntersection,FogOrSmoke,Other,RD104 - PK 28 800,M,45.39493619414169,4.395102750368332
201800016656,NonLethal,2018-12-27,13:30:00,Daylight,420,318,Yes,Y-type,Normal,Other,11 route de Viverols,M,45.39192956459034,3.390937794593955
201800016657,NonLethal,2018-11-01,22:40:00,NightStreelightsOn,420,323,No,T-type,LightRain,2Vehicles-BehindVehicles-Frontal,INTERSECTION RUE VOLTAIR,M,45.56247799682441,4.563337558898057
201800016658,Lethal,2018-01-13,18:45:00,NightNoStreetLight,420,13,No,NoIntersection,Normal,2Vehicles-Side,lieu dit le bois minjard,M,45.64577426018429,4.644109496826585
201800016659,NonLethal,2018-03-04,04:10:00,NightStreelightsOn,420,149,Yes,T-type,Normal,2Vehicles-BehindVehicles-Frontal,D1082,M,45.6416244126709,4.642044919918675
201800016660,NonLethal,2018-04-14,16:00:00,Daylight,420,138,No,NoIntersection,Normal,Other,lieu dit les pierres bla,M,45.64614207029448,4.646400144214209
201800016661,NonLethal,2018-05-16,21:45:00,NightNoStreetLight,420,206,Yes,NoIntersection,LightRain,NoCollision,Route Neuve,M,45.54268302300719,4.541442217062103
201800016662,Lethal,2018-06-16,13:10:00,Daylight,420,323,Yes,Y-type,Normal,2Vehicles-Side,Avenue Henri Planchet,M,45.564100854622446,4.566636235345498
201800016663,NonLethal,2018-06-22,13:30:00,Daylight,420,149,Yes,Roundabout,Normal,2Vehicles-Side,82 rue Francis laur,M,45.63720312343395,4.638696470113838
201800016664,NonLethal,2018-06-07,20:00:00,TwilightOrDawn,420,323,Yes,NoIntersection,Normal,NoCollision,avenue de la libération,M,45.57192236259925,4.570700223712296
201800016665,NonLethal,2018-02-08,20:15:00,Daylight,420,62,No,NoIntersection,Normal,2Vehicles-BehindVehicles-Frontal,"lieu-dit ""le vert""",M,45.59177920759347,4.594465134581088
201800016666,NonLethal,2018-08-31,01:00:00,NightNoStreetLight,420,222,Yes,NoIntersection,Normal,NoCollision,4 chemin de la ronce,M,45.60192527180131,4.602864524187401
201800016667,NonLethal,2018-09-14,08:50:00,Daylight,420,135,No,T-type,Normal,2Vehicles-Side,Le Chatelard,M,45.6682968257923,4.667484104546152
201800016668,NonLethal,2018-09-23,01:20:00,NightNoStreetLight,420,336,No,NoIntersection,Normal,Other,lieu dit l'hopital,M,45.6881018251508,4.687982884610769
201800016669,NonLethal,2018-12-07,11:35:00,Daylight,420,138,No,NoIntersection,Normal,2Vehicles-Side,RD1089,M,45.64875864776685,4.648714066180273
201800016670,NonLethal,2018-02-18,03:20:00,NightStreelightsOn,420,334,Yes,Roundabout,Normal,Other,Place chaverot,M,45.85150843143326,4.853207892965789
201800016672,NonLethal,2018-03-13,16:15:00,Daylight,420,11,Yes,T-type,Normal,3+Vehicles-Multiple,RUE DE ROANNE,M,45.823709020455645,4.824264421947929
201800016673,Lethal,2018-04-15,19:15:00,Daylight,420,334,No,NoIntersection,Normal,Other,D 49,M,45.85186053061557,4.850219962510296
201800016675,NonLethal,2018-10-08,14:30:00,Daylight,420,181,No,NoIntersection,Normal,2Vehicles-BehindVehicles-Frontal,rd27- lieu dit le Pendan,M,45.98941578122843,4.989390420115403
201800016676,NonLethal,2018-09-06,13:00:00,Daylight,420,11,No,NoIntersection,Normal,NoCollision,lieu dit le mont - dépar,M,45.814110705307655,4.814903391665974
201800016677,Lethal,2018-04-10,17:38:00,Daylight,420,11,Yes,X-type,Normal,Other,RD 10,M,45.81527473584696,4.815158030113091
201800016678,NonLethal,2018-10-22,11:40:00,Daylight,420,241,No,NoIntersection,Normal,2Vehicles-Behind,RD56,M,45.88605954727283,4.884972017468432
201800016679,NonLethal,2018-07-11,13:30:00,Daylight,420,178,No,NoIntersection,LightRain,Other,route de roanne - rd27,M,46.00326549187065,4.002500849320939
201800016680,Lethal,2018-10-11,20:04:00,NightNoStreetLight,420,249,No,NoIntersection,Normal,2Vehicles-BehindVehicles-Frontal,D103,M,45.90539650835073,4.905605888350424
201800016681,NonLethal,2018-11-18,07:50:00,Daylight,420,153,No,NoIntersection,Normal,2Vehicles-Side,route nationale 7,M,45.96643445941011,4.968514974178481
201800016682,NonLethal,2018-04-12,15:30:00,Daylight,420,334,No,NoIntersection,Normal,Other,route du Signy,M,45.85033580364228,4.850355456254519
201800016683,NonLethal,2018-01-17,10:00:00,Daylight,420,52,Yes,NoIntersection,Overcast,NoCollision,rue jean jaurès,M,46.1610950531752,4.16193163107963
201800016684,NonLethal,2018-04-02,18:45:00,NightStreelightsOn,420,52,Yes,T-type,Normal,2Vehicles-Side,D 3487,M,46.16351454951182,4.161755506852195
201800016685,NonLethal,2018-02-23,16:25:00,Daylight,420,177,Yes,NoIntersection,Overcast,Other,280 RUE DE LA RÉPUBLIQUE,M,46.143458108170265,4.140993441113044
201800016686,NonLethal,2018-03-21,18:00:00,Daylight,420,267,No,T-type,Normal,2Vehicles-Side,route de pouilly,M,46.15212318880493,4.150775455318641
201800016687,NonLethal,2018-04-06,18:10:00,Daylight,420,215,No,X-type,Normal,2Vehicles-Side,route de la clayette,M,46.1803723819106,4.177812517840805
201800016688,NonLethal,2018-04-23,13:20:00,Daylight,420,16,No,NoIntersection,LightRain,2Vehicles-BehindVehicles-Frontal,D4,M,46.15158898846703,4.153309047843167
201800016689,Lethal,2018-05-20,23:10:00,NightNoStreetLight,420,177,No,NoIntersection,Normal,2Vehicles-Behind,RD 487,M,46.14593012619829,4.147152566100475
201800016690,NonLethal,2018-11-06,15:25:00,Daylight,420,26,Yes,NoIntersection,Overcast,2Vehicles-BehindVehicles-Frontal,Route de Melay,M,46.15009993731375,4.151460968148118
201800016691,NonLethal,2018-07-18,19:20:00,Daylight,420,141,No,X-type,Normal,2Vehicles-BehindVehicles-Frontal,Départementale 70,M,46.14523112361609,4.147278705237766
201800016692,NonLethal,2018-09-29,11:50:00,Daylight,420,79,No,NoIntersection,Normal,Other,Le Mont Rolland,M,46.11518621365917,4.114873635027459
201800016693,NonLethal,2018-11-21,11:30:00,Daylight,420,86,No,X-type,Normal,2Vehicles-BehindVehicles-Frontal,"lieu dit ""la quichère""",M,46.14681536456809,4.146424348594008
201800016694,NonLethal,2018-12-10,15:20:00,Daylight,420,273,No,X-type,Normal,2Vehicles-Side,CD4 route de fleury - ro,M,46.182624330292064,4.181862042230816
201800016696,NonLethal,2018-06-12,13:40:00,Daylight,420,331,No,Other,Normal,2Vehicles-BehindVehicles-Frontal,proche lieu dit les galo,M,45.96902808226344,3.967146837174319
201800016697,NonLethal,2018-10-07,18:20:00,Daylight,420,230,Yes,NoIntersection,Normal,NoCollision,rue de baffy,M,45.83273641986699,4.832427027027467
201800016698,NonLethal,2018-09-29,16:40:00,Daylight,420,282,No,T-type,Normal,2Vehicles-Side,le machabré,M,45.86989991926213,3.870797306347743
201800016699,NonLethal,2018-01-22,11:47:00,Daylight,10,12,No,NoIntersection,LightRain,2Vehicles-Side,D8 PR 3+935,M,46.00549690273962,5.005454779240489
201800016700,NonLethal,2018-04-07,14:38:00,Daylight,10,36,No,T-type,Normal,2Vehicles-Side,Carrefour RD54D /RD8,M,45.90345210194528,5.904523393960308
201800016701,NonLethal,2018-06-09,16:27:00,Daylight,10,454,No,NoIntersection,Normal,2Vehicles-Side,D1504,M,45.72548290497368,5.726745836537406
201800016702,NonLethal,2018-02-23,18:50:00,NightNoStreetLight,120,1,No,NoIntersection,Normal,3+Vehicles-Multiple,Route Départementale 29,M,44.35094973938547,2.3525369341702294
201800016703,NonLethal,2018-04-06,12:20:00,Daylight,120,56,No,NoIntersection,Normal,2Vehicles-Side,les silos,M,44.27016892793471,2.2709491857328894
201800016705,Lethal,2018-04-20,16:15:00,Daylight,120,90,No,T-type,Normal,2Vehicles-Side,d994,M,44.36884510957265,2.368171542639975
201800016707,NonLethal,2018-06-15,17:00:00,Daylight,120,283,No,NoIntersection,Normal,3+Vehicles-Multiple,"RD 642 - ""La Besse""",M,44.22806441554274,2.2266494620158537
201800016709,NonLethal,2018-07-01,11:20:00,Daylight,120,185,No,NoIntersection,Normal,NoCollision,Espinassettes,M,44.24886044655324,2.2469981199378006
201800016710,NonLethal,2018-07-25,11:15:00,Daylight,120,56,Yes,Other,Normal,2Vehicles-Side,21 avenue de Rodez,M,44.275982078310825,2.2763302324742414
201800016711,NonLethal,2018-07-25,16:20:00,Daylight,120,90,No,NoIntersection,Normal,NoCollision,Départementale 994,M,44.37012022404542,2.3708438755662766
201800016712,NonLethal,2018-07-26,14:40:00,Daylight,120,56,Yes,NoIntersection,Normal,3+Vehicles-Multiple,RN 88 - Le Lac,M,44.28608899257695,2.286656998105891
201800016713,NonLethal,2018-08-19,07:10:00,Daylight,120,90,No,NoIntersection,Normal,2Vehicles-BehindVehicles-Frontal,route de l'hospitalet,M,44.379492346153,2.3792779137239366
201800016714,NonLethal,2018-08-19,07:00:00,TwilightOrDawn,120,185,No,NoIntersection,Normal,2Vehicles-BehindVehicles-Frontal,RD911 - PR 47+600 - Viad,M,44.28469836938576,2.2822573328753677
201800016715,Lethal,2018-08-21,10:34:00,Daylight,120,56,Yes,NoIntersection,Normal,Other,avenue du centre,M,44.27457217458745,2.2768461555173247
201800016716,NonLethal,2018-03-09,18:30:00,Daylight,120,264,No,X-type,Normal,2Vehicles-Side,croisement chemin de mez,M,44.417226228023495,2.420511176427204
201800016717,NonLethal,2018-05-10,18:45:00,Daylight,120,185,No,NoIntersection,Normal,2Vehicles-BehindVehicles-Frontal,D911,M,44.28350537377059,2.2824252932998665
201800016718,NonLethal,2018-10-29,17:40:00,NightStreelightsOn,120,133,Yes,NoIntersection,SnowOrHail,Other,9 avenue de Toulouse,M,44.29327740748796,2.292753591396871
201800016719,Lethal,2018-12-17,08:30:00,TwilightOrDawn,120,133,No,NoIntersection,LightRain,2Vehicles-BehindVehicles-Frontal,D888 PK 58+5OO,M,44.284389101296135,2.284570316037005
201800016720,NonLethal,2018-03-19,07:05:00,TwilightOrDawn,120,254,No,NoIntersection,Normal,2Vehicles-BehindVehicles-Frontal,rd 901,M,44.42499402701778,2.424841668850656
201800016721,NonLethal,2018-03-23,08:10:00,Daylight,120,254,No,NoIntersection,Normal,2Vehicles-Side,lieu-dit la Vayssière,M,44.45876793719768,2.458705980586811
201800016722,Lethal,2018-04-17,13:40:00,Daylight,120,8,No,NoIntersection,Normal,3+Vehicles-Multiple,Montplaisir,M,44.41742622163376,2.417249407887499
201800016723,NonLethal,2018-04-21,16:55:00,Daylight,120,215,No,NoIntersection,Normal,3+Vehicles-Chain,RD 11 - Rte de Cransac,M,44.46200498605924,2.461956714940679
201800016725,NonLethal,2018-06-05,13:35:00,Daylight,120,24,No,NoIntersection,Normal,2Vehicles-BehindVehicles-Frontal,RD997,M,44.38139362676476,2.382067187953774
201800016726,NonLethal,2018-06-22,08:58:00,Daylight,120,16,No,NoIntersection,Normal,2Vehicles-Side,D840 - PR 27+0846,M,44.51141918963385,2.512278802709953
201800016728,NonLethal,2018-07-25,14:20:00,Daylight,120,24,No,T-type,VeryGood,2Vehicles-Behind,RD994 PK 38+700,M,44.40086877305185,2.4023802560253955