AccidentId,Gravity,Date,Hour,Light,Department,Commune,InAgglomeration,IntersectionType,Weather,CollisionType,PostalAddress,GPSCode,Latitude,Longitude
201800016729,NonLethal,2018-01-08,14:00:00,Daylight,120,254,No,X-type,Normal,2Vehicles-Side,La vayssière,M,44.45860471508656,2.4595076758108485
201800016730,NonLethal,2018-04-08,07:00:00,TwilightOrDawn,120,254,No,Y-type,Normal,Other,lieu dit Alseroques,M,44.45404613844103,2.453051894839507
201800016731,NonLethal,2018-07-09,18:00:00,Daylight,120,288,Yes,NoIntersection,Normal,2Vehicles-Behind,route de Marcillac à Nuc,M,44.44524912773921,2.446836140837564
201800016732,NonLethal,2018-11-25,03:15:00,NightNoStreetLight,120,199,No,Roundabout,Normal,NoCollision,Giratoire RIGNAC-Centre,M,44.39961240824853,2.3979380254706197
201800016733,Lethal,2018-11-29,18:35:00,NightNoStreetLight,120,254,No,NoIntersection,Normal,Other,RD 840,M,44.42468333569632,2.425497006881901
201800016734,NonLethal,2018-09-12,17:45:00,NightNoStreetLight,120,171,No,NoIntersection,LightRain,Other,D901 - La salete,M,44.49060654308189,2.493512758043938
201800016735,Lethal,2018-03-10,19:40:00,NightNoStreetLight,120,88,No,NoIntersection,Normal,Other,RD 921 PK 19+500,M,44.65004851880352,2.650446455046349
201800016736,NonLethal,2018-06-27,18:00:00,Daylight,120,156,No,NoIntersection,Normal,NoCollision,"VC 11 - ""Le bousquet""",M,44.65721531832962,2.6548213333695894
201800016738,NonLethal,2018-05-21,17:00:00,Daylight,120,94,No,NoIntersection,Normal,Other,Lagarrigue,M,44.65698384620259,2.6557824384225928
201800016740,Lethal,2018-02-08,17:45:00,Daylight,120,93,No,NoIntersection,Normal,2Vehicles-Side,Lieu dit Malrieu,M,44.64133929187671,2.6441344246149785
201800016741,NonLethal,2018-08-29,11:00:00,Daylight,120,164,No,NoIntersection,Normal,3+Vehicles-Multiple,non loin du lieu dit Bro,M,44.85638436407742,2.856063807513532
201800016742,NonLethal,2018-12-30,08:57:00,TwilightOrDawn,120,93,No,NoIntersection,FogOrSmoke,Other,D920,M,44.678496368933615,2.678555732070103
201800016744,Lethal,2018-02-15,14:45:00,Daylight,120,26,No,NoIntersection,Normal,Other,N88,M,44.39536876267417,2.3974577678708093
201800016745,NonLethal,2018-10-29,22:00:00,NightNoStreetLight,120,120,No,NoIntersection,Overcast,Other,RN88,M,44.3852601489526,2.3854950595154585
201800016747,NonLethal,2018-06-15,19:00:00,Daylight,120,77,No,NoIntersection,Normal,Other,lieu-dit CAUSSENUÉJOULS,M,43.93689663333664,3.936825936868408
201800016748,NonLethal,2018-06-26,07:15:00,Daylight,120,220,No,NoIntersection,Normal,Other,RD 277,M,43.98252715758695,3.983034104225729
201800016749,NonLethal,2018-09-21,17:55:00,Daylight,120,63,Yes,Y-type,Normal,2Vehicles-Side,Avenue du 122e RI,M,44.008662514112864,3.0071997688908736
201800016750,NonLethal,2018-11-21,17:34:00,NightNoStreetLight,120,70,No,NoIntersection,Normal,NoCollision,Lieu dit Cabrières,M,44.181534800092514,3.181057434136817
201800016752,NonLethal,2018-12-22,17:45:00,NightNoStreetLight,120,155,No,NoIntersection,LightRain,NoCollision,D93 - PR 20+0986,M,43.853212857671984,3.856192618637644
201800016753,NonLethal,2018-02-25,17:10:00,Daylight,120,294,No,T-type,Normal,2Vehicles-Side,Intersection RD 911 et R,M,44.24074649440819,2.2424513898621696
201800016754,NonLethal,2018-03-01,10:45:00,Daylight,120,294,No,X-type,Normal,2Vehicles-Side,RD 29 - PR 34+0970,M,44.25025147154532,2.250106201076079
201800016756,NonLethal,2018-04-30,18:00:00,Daylight,120,294,No,NoIntersection,Normal,Other,Départementale 911 - pk,M,44.2392439200123,2.238144012310333
201800016757,NonLethal,2018-05-26,10:45:00,Daylight,120,253,Yes,NoIntersection,Normal,Other,avenue de Pareloup,M,44.18168756000858,2.182204757045381
201800016758,NonLethal,2018-07-18,15:00:00,Daylight,120,253,No,NoIntersection,Normal,NoCollision,Route Départementale 993,M,44.162264467209866,2.1635276244259214
201800016759,NonLethal,2018-07-17,18:35:00,Daylight,120,266,No,NoIntersection,Normal,NoCollision,Départementale 29,M,44.26547026622831,2.26361967328272
201800016760,NonLethal,2018-07-21,15:00:00,Daylight,120,253,No,NoIntersection,Normal,NoCollision,RD 993,M,44.14223172289165,2.143608363332904
201800016762,NonLethal,2018-07-30,12:10:00,Daylight,120,299,No,NoIntersection,Normal,Other,lieu dit saint Étienne R,M,44.10396240773014,2.1058086516066545
201800016763,Lethal,2018-10-29,11:20:00,Daylight,120,266,No,NoIntersection,SnowOrHail,3+Vehicles-Multiple,RD 911,M,44.24340349072418,2.2423483076567114
201800016764,Lethal,2018-04-17,18:55:00,Daylight,120,237,Yes,NoIntersection,Normal,NoCollision,Rue de la Gare,M,44.4414777035842,3.443778266073078
201800016765,NonLethal,2018-04-19,17:30:00,Daylight,120,196,No,NoIntersection,Normal,2Vehicles-Side,RN88 - ld St Amans de Va,M,44.34950188194311,2.348791993642362
201800016767,NonLethal,2018-10-10,09:15:00,Daylight,120,237,No,Y-type,LightRain,2Vehicles-Side,lieu dit la RESSE,M,44.435681812782114,3.4364187756452957
201800016768,NonLethal,2018-01-29,11:20:00,Daylight,120,22,No,NoIntersection,FogOrSmoke,2Vehicles-Behind,RD999,M,44.01599559384137,3.0154470595412164
201800016769,NonLethal,2018-03-19,15:35:00,Daylight,120,222,No,NoIntersection,Normal,NoCollision,D540,M,43.85422880714499,2.852993939537273
201800016770,NonLethal,2018-04-15,16:46:00,Daylight,120,244,No,NoIntersection,Normal,NoCollision,RD 993 - PR 36+0400,M,44.0656833948355,2.0610060244796133
201800016772,NonLethal,2018-05-27,15:45:00,Daylight,120,286,No,NoIntersection,Normal,2Vehicles-BehindVehicles-Frontal,D999 - PK 69+100,M,43.92917257991597,2.930286212082976
201800016773,NonLethal,2018-04-07,14:00:00,Daylight,120,208,No,NoIntersection,Normal,NoCollision,D999 PK 57+700,M,43.95308892595254,2.954052570364204
201800016774,NonLethal,2018-08-13,10:30:00,Daylight,120,37,No,NoIntersection,Normal,NoCollision,chemin communal de CUSSA,M,44.03818779617641,2.037593071678345
201800016775,NonLethal,2018-08-17,12:08:00,Daylight,120,208,No,T-type,LightRain,2Vehicles-BehindVehicles-Frontal,TIERGUES,M,43.99001525371363,2.988938066036805
201800016776,NonLethal,2018-02-09,17:50:00,Daylight,120,208,Yes,NoIntersection,Normal,Other,109 avenue Lucien galtie,M,43.96017064570782,2.9582274235948733
201800016777,NonLethal,2018-09-13,19:10:00,Daylight,120,208,Yes,NoIntersection,Normal,Other,rue lamartine,M,43.95343233129358,2.955967961272946
201800016778,Lethal,2018-09-19,21:20:00,NightNoStreetLight,120,208,Yes,NoIntersection,Normal,2Vehicles-Side,720 avenue Lucien Galtie,M,43.95442385058563,2.953069186380678
201800016780,NonLethal,2018-11-12,13:15:00,Daylight,120,208,No,NoIntersection,Normal,Other,RD999,M,43.95531773654519,2.9555104846571005
201800016781,Lethal,2018-11-28,15:25:00,Daylight,120,292,No,NoIntersection,Normal,2Vehicles-BehindVehicles-Frontal,D7,M,43.90643215371653,2.906752977873263
201800016783,NonLethal,2018-05-05,00:15:00,NightNoStreetLight,120,192,No,NoIntersection,Normal,NoCollision,lieu dit rouzet,M,43.81933115333872,2.818830801877462
201800016784,NonLethal,2018-06-09,17:15:00,Daylight,120,183,Yes,NoIntersection,Normal,2Vehicles-Side,avenue de curvalle,M,43.92532117838198,2.9260830948141665
201800016785,NonLethal,2018-07-25,10:45:00,Daylight,120,147,Yes,T-type,Normal,3+Vehicles-Chain,Cénomes,M,43.81110927991084,3.810200675860013
201800016786,NonLethal,2018-02-08,16:30:00,Daylight,120,186,No,NoIntersection,Normal,NoCollision,RD 33,M,43.87771952701694,2.877777886652038
201800016787,NonLethal,2018-08-18,08:20:00,Daylight,120,99,No,NoIntersection,Normal,NoCollision,RD 902 - PK 98,M,43.803525436579065,2.8024225630972266
201800016788,NonLethal,2018-09-19,13:45:00,Daylight,120,23,No,NoIntersection,Normal,2Vehicles-BehindVehicles-Frontal,la vernière,M,43.943518398542665,2.942895608834708
201800016789,NonLethal,2018-09-26,21:00:00,NightStreelightsOn,120,25,Yes,NoIntersection,Normal,NoCollision,le bourg,M,43.81757384936365,2.817474182372779
201800016790,Lethal,2018-05-19,17:30:00,Daylight,120,148,Yes,NoIntersection,Normal,Other,Chemin de la Roque,M,44.47992273272315,2.481019953775995
201800016792,NonLethal,2018-10-28,19:30:00,NightNoStreetLight,120,257,No,NoIntersection,Overcast,2Vehicles-BehindVehicles-Frontal,route départementale 922,M,44.55158008896231,2.5500396606514206
201800016793,NonLethal,2018-11-23,20:30:00,NightNoStreetLight,120,272,No,NoIntersection,FogOrSmoke,Other,La Diège,M,44.53788003356069,2.537094923762031
201800016794,NonLethal,2018-12-10,08:21:00,Daylight,120,198,Yes,NoIntersection,Overcast,NoCollision,ROUTE DÉPARTEMENTALE RD,M,44.30525906283118,2.303054306870747
201800016795,NonLethal,2018-03-01,12:30:00,Daylight,120,21,No,NoIntersection,StrongWindOrStorm,Other,RD-911 - PK 96+0900,M,44.33222247826603,2.333973525572233
201800016796,NonLethal,2018-01-29,11:50:00,Daylight,490,50,No,X-type,Normal,2Vehicles-Side,D123 - route de CHARCÉ,M,47.35036313899709,-0.3526796669842064
201800016797,NonLethal,2018-04-20,22:45:00,NightNoStreetLight,490,133,No,Y-type,Normal,NoCollision,La chesnaye,M,47.24587463596916,-0.2456621007658574
201800016798,NonLethal,2018-01-05,15:25:00,Daylight,490,338,No,NoIntersection,Normal,NoCollision,D120,M,47.36637294132526,-0.365771058124099
201800016799,NonLethal,2018-05-15,11:45:00,Daylight,490,292,No,X-type,Normal,2Vehicles-Side,MAISON NEUVE,M,47.305902865922775,-0.3073544238813838
201800016800,NonLethal,2018-05-18,08:35:00,Daylight,490,167,No,NoIntersection,Normal,2Vehicles-BehindVehicles-Frontal,chemin de la barre - Jui,M,47.38839057967496,-0.3875365316624863
201800016801,NonLethal,2018-06-26,16:45:00,Daylight,490,338,No,X-type,Normal,Other,clos des verdelines,M,47.38029270554886,-0.381572473682703
201800016802,NonLethal,2018-07-30,18:45:00,Daylight,490,345,Yes,X-type,Normal,2Vehicles-Side,RUE DU GUÉ DU BERGE,M,47.26584907859156,-0.2647617082162129
201800016803,NonLethal,2018-08-03,12:15:00,Daylight,490,345,No,NoIntersection,Normal,2Vehicles-Side,Les chasnières du milieu,M,47.27412582077782,-0.2717475130970965
201800016804,NonLethal,2018-09-10,18:00:00,Daylight,490,167,No,NoIntersection,Normal,2Vehicles-BehindVehicles-Frontal,Rd 751 - Route des Cotea,M,47.405537172554816,-0.4039707248298527
201800016805,NonLethal,2018-09-15,14:20:00,Daylight,490,256,No,NoIntersection,Normal,NoCollision,La Girardière,M,47.28336793687245,-0.2864253403040347
201800016806,NonLethal,2018-09-10,12:30:00,Daylight,490,345,Yes,NoIntersection,Normal,2Vehicles-Side,boulevard de la républiq,M,47.26726278348286,-0.2675222147231159
201800016807,NonLethal,2018-12-10,07:05:00,NightNoStreetLight,490,292,No,X-type,Normal,2Vehicles-Side,landreau,M,47.28565595018573,-0.28590781843124
201800016808,NonLethal,2018-09-29,08:15:00,TwilightOrDawn,490,78,No,NoIntersection,Normal,2Vehicles-BehindVehicles-Frontal,D761- LA PICHONNIÈRE,M,47.33415496201201,-0.3311445780733327
201800016809,NonLethal,2018-10-24,08:20:00,TwilightOrDawn,490,50,No,NoIntersection,FogOrSmoke,Other,D123 - Brissac-Quincé,M,47.35263017461515,-0.3521182123962535
201800016811,NonLethal,2018-01-20,12:20:00,Daylight,490,117,No,NoIntersection,LightRain,NoCollision,D952,M,47.42326527388483,-0.4232074029627748
201800016812,NonLethal,2018-03-02,11:35:00,Daylight,490,4,No,Other,Normal,Other,Départementale 347,M,47.46821651590973,-0.4667264946290131
201800016813,NonLethal,2018-04-04,09:45:00,Daylight,490,307,No,NoIntersection,Normal,2Vehicles-BehindVehicles-Frontal,rue de la marsaulaye,M,47.42635229089527,-0.4249198852366243
201800016814,NonLethal,2018-05-06,18:10:00,Daylight,490,307,No,NoIntersection,Normal,Other,levée jeanne de laval,M,47.406837541906015,-0.4073057668562863
201800016815,NonLethal,2018-05-27,11:55:00,Daylight,490,307,No,NoIntersection,Normal,2Vehicles-Side,Route de Bauné - Bauné,M,47.49199034506092,-0.4898455084212333
201800016816,NonLethal,2018-08-20,17:50:00,Daylight,490,307,No,NoIntersection,Normal,2Vehicles-BehindVehicles-Frontal,levée du roi rené,M,47.41400545321042,-0.4134820734079832
201800016817,NonLethal,2018-10-10,13:30:00,Daylight,490,42,No,Roundabout,Normal,2Vehicles-Side,Carrefour les trois soeu,M,47.46455062362531,-0.4667537670414919
201800016818,NonLethal,2018-11-13,18:15:00,NightStreelightsOn,490,42,No,Roundabout,Normal,3+Vehicles-Chain,rond-point des trois soe,M,47.46254551688172,-0.4639654503854424
201800016819,NonLethal,2018-11-16,07:30:00,NightStreelightsOn,490,377,Yes,NoIntersection,Normal,2Vehicles-BehindVehicles-Frontal,rue Jean de Rely,M,47.55287846595271,-0.5521669887387229
201800016820,NonLethal,2018-12-14,21:25:00,NightStreelightsOn,490,323,Yes,NoIntersection,Normal,Other,21 avenue du fonds léger,M,47.5161902832706,-0.5184128857496116
201800016822,NonLethal,2018-05-02,16:00:00,Daylight,490,68,Yes,X-type,LightRain,Other,Rue Gilles  de Ray,M,47.4113856829217,-0.4098733645571431
201800016825,NonLethal,2018-08-17,17:25:00,Daylight,490,329,No,NoIntersection,Normal,2Vehicles-Behind,RD106 - Pont du bras de,M,47.375557564157006,-0.3767988875403592
201800016826,NonLethal,2018-07-09,19:10:00,Daylight,490,247,Yes,T-type,VeryGood,2Vehicles-BehindVehicles-Frontal,carrefour D111 D210 33 r,M,47.37201178306335,-0.3720971853635658
201800016827,Lethal,2018-10-04,12:30:00,Daylight,490,26,No,NoIntersection,Normal,2Vehicles-BehindVehicles-Frontal,le Haut Gaucron,M,47.48399180643342,-0.481259224436426
201800016828,NonLethal,2018-11-02,12:00:00,Daylight,490,68,Yes,NoIntersection,Normal,2Vehicles-Side,ROUTE DE SAINT SIGISMOND,M,47.42738815476636,-0.4292862387574113
201800016829,Lethal,2018-11-24,18:30:00,NightNoStreetLight,490,283,No,NoIntersection,Normal,2Vehicles-Behind,lieu-dit serrant,M,47.41497856145322,-0.4127071556698637
201800016830,NonLethal,2018-12-03,06:30:00,NightNoStreetLight,490,283,No,X-type,LightRain,2Vehicles-Side,Le Port Girault,M,47.37301317729978,-0.3752399401520789
201800016831,NonLethal,2018-12-21,18:45:00,NightStreelightsOn,490,283,Yes,NoIntersection,LightRain,Other,"13, Rue de Chalonnes",M,47.40775658648881,-0.4080589708858345
201800016832,NonLethal,2018-01-05,14:45:00,Daylight,490,314,No,NoIntersection,Normal,Other,Lieu-Dit La Blouère,M,47.27340429892392,-0.2744917240549829
201800016833,NonLethal,2018-03-02,20:10:00,NightNoStreetLight,490,296,No,NoIntersection,Normal,3+Vehicles-Multiple,lieu-dit la Clergerie,M,47.29929256500756,-0.2983884063869338
201800016834,NonLethal,2018-02-23,09:50:00,Daylight,490,137,No,NoIntersection,Normal,Other,La vignardière,M,47.22256849592868,-0.2219243536230876
201800016835,NonLethal,2018-12-05,04:11:00,NightNoStreetLight,490,218,No,NoIntersection,Normal,Other,Lieu-dit Les Challonges,M,47.2697473964647,-0.2705633895861104
201800016836,NonLethal,2018-12-07,15:35:00,Daylight,490,218,No,T-type,Normal,2Vehicles-Side,Intersection D17 et doma,M,47.277493980803214,-0.2776091302351939
201800016837,NonLethal,2018-09-25,08:55:00,Daylight,490,69,No,NoIntersection,VeryGood,2Vehicles-Side,D67,M,47.30111377533541,-0.3005341635335771
201800016838,NonLethal,2018-10-10,11:45:00,Daylight,490,218,Yes,NoIntersection,Overcast,Other,2 bis avenue du Petit Mo,M,47.26793907124512,-0.2653276750890705
201800016839,NonLethal,2018-11-10,04:35:00,NightNoStreetLight,490,296,No,NoIntersection,Normal,2Vehicles-BehindVehicles-Frontal,RD 763 - PK 9+000 - SAIN,M,47.29412743192666,-0.2937625969757522
201800016840,NonLethal,2018-09-01,15:30:00,Daylight,490,315,Yes,X-type,Other,2Vehicles-Side,Rue de la fontaine D138,M,47.62758424829783,-0.6295584375444847
201800016841,Lethal,2018-03-23,14:25:00,Daylight,490,221,No,NoIntersection,LightRain,NoCollision,RD 279 - LA POMASSERIE,M,47.4686366189649,2.4680075590442394
201800016843,NonLethal,2018-06-23,21:30:00,Daylight,490,368,No,NoIntersection,Normal,NoCollision,Au lieu-dit ''Le Houx'',M,47.41236425782137,6.411943935116012
201800016844,NonLethal,2018-07-01,18:40:00,Daylight,490,221,No,NoIntersection,Normal,NoCollision,LIEU-DIT L'OISELLERIE,M,47.4558890704824,1.4547827831133964
201800016845,NonLethal,2018-08-23,11:45:00,Daylight,490,18,No,NoIntersection,Normal,2Vehicles-BehindVehicles-Frontal,D 141 sur la commune de,M,47.54655285529795,-0.5466491997338044
201800016846,NonLethal,2018-08-25,10:15:00,Daylight,490,18,Yes,Other,Normal,2Vehicles-Side,Avenue le Goulze de la B,M,47.5375389593794,-0.5386263120968452
201800016847,NonLethal,2018-09-08,10:00:00,Daylight,490,122,No,NoIntersection,Normal,2Vehicles-Behind,la boissière - RD767,M,47.55178612325674,1.5509074187274812
201800016850,NonLethal,2018-01-15,09:10:00,Daylight,490,227,No,NoIntersection,Normal,Other,rd 127,M,47.32318040383391,-0.3223770370700304
201800016851,NonLethal,2018-01-27,01:30:00,NightNoStreetLight,490,125,No,NoIntersection,Normal,2Vehicles-BehindVehicles-Frontal,rd 96O,M,47.18315932227568,-0.1863769084885049
201800016852,NonLethal,2018-03-18,14:55:00,Daylight,490,191,No,NoIntersection,Normal,NoCollision,rd 748 pk 21-300,M,47.25031170499263,-0.2507592846876616
201800016853,NonLethal,2018-03-31,20:20:00,TwilightOrDawn,490,125,No,NoIntersection,Normal,NoCollision,rue de la rohe,M,47.20748741786781,-0.2084644097555316
201800016854,NonLethal,2018-04-19,05:30:00,NightStreelightsOn,490,373,Yes,X-type,Normal,2Vehicles-BehindVehicles-Frontal,RUE WHALLEY,M,47.13973860103054,-0.1422395197900467
201800016856,NonLethal,2018-05-27,11:50:00,Daylight,490,125,Yes,T-type,Normal,2Vehicles-Side,Rue de la saulaie,M,47.18442624442842,-0.1848647225099605
201800016857,Lethal,2018-07-06,23:00:00,NightNoStreetLight,490,125,No,NoIntersection,Normal,NoCollision,"D214, MEIGNÉ",M,47.25057004791048,-0.2492694758597139
201800016858,NonLethal,2018-07-17,20:30:00,TwilightOrDawn,490,86,No,NoIntersection,Normal,2Vehicles-BehindVehicles-Frontal,"rue st arnoul, sousigne",M,47.2616931767632,-0.2611077841840576
201800016859,Lethal,2018-01-09,09:20:00,Daylight,490,109,No,NoIntersection,Normal,Other,la pierre pointue,M,47.14235999228337,-0.1435373742710292
201800016860,NonLethal,2018-10-19,07:30:00,TwilightOrDawn,490,121,No,X-type,Normal,2Vehicles-Side,INTERSECTION RD 69 - RD,M,47.24155686553096,-0.2423485889720207
201800016861,NonLethal,2018-08-23,14:45:00,Daylight,490,125,Yes,Roundabout,Normal,2Vehicles-Side,place de gennes,M,47.19857888793395,-0.197892221075349
201800016863,NonLethal,2018-12-01,09:00:00,Daylight,490,3,No,NoIntersection,LightRain,Other,D761 - AMBILLOU CHATEAU,M,47.250315290588105,-0.2505273565554674
201800016864,NonLethal,2018-01-14,18:20:00,NightStreelightsOff,490,261,No,NoIntersection,Normal,2Vehicles-Side,La guignerie,M,47.369834586608974,-0.3680259980497171
201800016866,NonLethal,2018-01-30,20:00:00,NightNoStreetLight,490,374,Yes,NoIntersection,Normal,Other,D952 sortie 49400 VILLEB,M,47.25392726629104,-0.2544392136472742
201800016867,NonLethal,2018-10-06,20:20:00,Daylight,490,30,No,NoIntersection,Normal,Other,le perray,M,47.378048412585706,-0.3795488035021073
201800016868,NonLethal,2018-06-24,11:55:00,Daylight,490,30,No,NoIntersection,Normal,2Vehicles-BehindVehicles-Frontal,lieu dit la huppelaye,M,47.35927267915539,-0.3600108649417274
201800016869,NonLethal,2018-07-09,15:20:00,Daylight,490,361,No,T-type,Normal,Other,D952,M,47.22827925778985,7.227245061515203
201800016870,NonLethal,2018-07-09,17:50:00,Daylight,490,378,No,NoIntersection,Normal,Other,RD 347,M,47.32100859468771,-0.3195955881626387
201800016871,NonLethal,2018-11-07,00:28:00,NightNoStreetLight,490,2,No,Roundabout,Normal,Other,Route départementale 10,M,47.29082669091806,3.2894271084724345
201800016872,NonLethal,2018-07-21,17:10:00,Daylight,490,149,Yes,X-type,Normal,2Vehicles-Side,D751,M,47.33995873899878,-0.3406797483878211
201800016873,NonLethal,2018-08-25,18:00:00,Daylight,490,311,No,X-type,Normal,2Vehicles-Side,RD53,M,47.38665118594751,-0.3851525439202347
201800016874,Lethal,2018-08-09,16:35:00,Daylight,490,361,No,NoIntersection,Normal,Other,rue des hauts chemins,M,47.254858462161245,6.256697644402889
201800016875,NonLethal,2018-09-25,16:40:00,Daylight,490,180,Yes,T-type,Normal,2Vehicles-Side,place notre dame de la l,M,47.37874759423645,-0.379300289648439
201800016876,NonLethal,2018-10-11,17:35:00,Daylight,490,261,No,NoIntersection,Overcast,NoCollision,Lieu dit ST AMBROISE,M,47.39445797124778,-0.3936507875864026
201800016877,NonLethal,2018-10-16,08:50:00,Daylight,490,41,No,X-type,FogOrSmoke,2Vehicles-Side,1 route d'allonnes,M,47.29204237476928,2.291506618822772
201800016878,NonLethal,2018-10-19,07:40:00,TwilightOrDawn,490,374,No,NoIntersection,Normal,3+Vehicles-Multiple,Départementale 952 PK 10,M,47.23860510867298,1.2410814878058103
201800016879,NonLethal,2018-10-30,09:45:00,Daylight,490,149,Yes,NoIntersection,Normal,Other,"88, bord de la Loire - C",M,47.30557155298443,-0.3060004916418771
201800016880,Lethal,2018-02-22,23:00:00,NightNoStreetLight,490,123,No,NoIntersection,Normal,2Vehicles-BehindVehicles-Frontal,Départementale 347,M,47.23050015669074,-0.2301502691237971
201800016881,NonLethal,2018-02-23,22:30:00,NightNoStreetLight,490,364,No,NoIntersection,Normal,NoCollision,929 rue du puy,M,47.14069724044688,-0.1405022622432407
201800016882,NonLethal,2018-02-24,08:36:00,TwilightOrDawn,490,46,No,NoIntersection,Normal,Other,D93,M,47.17343081540369,-0.1695247026198356
201800016883,NonLethal,2018-06-03,16:45:00,Daylight,490,112,Yes,T-type,Normal,2Vehicles-Side,Rue du puits venier,M,47.19421637022647,-0.1928195799682825
201800016885,NonLethal,2018-06-24,08:20:00,Daylight,490,53,No,NoIntersection,Normal,3+Vehicles-Multiple,RD 761,M,47.16711776520635,-0.1668308671349236
201800016886,NonLethal,2018-08-08,09:42:00,Daylight,490,113,No,NoIntersection,Normal,Other,Lieu-dit la Pierre couve,M,47.20861458399909,-0.2085059761774091
201800016889,Lethal,2018-01-26,19:30:00,NightNoStreetLight,490,10,No,NoIntersection,Normal,3+Vehicles-Chain,CD 775 - PK 51+930,M,47.73135165512282,-0.7335469129976285
201800016892,NonLethal,2018-03-20,16:20:00,Daylight,490,103,No,Roundabout,Normal,Other,RD 281,M,47.71613821172818,-0.7154905618097369
201800016893,NonLethal,2018-04-20,07:30:00,Daylight,490,331,Yes,X-type,Normal,2Vehicles-Side,route d'aviré,M,47.69194840805032,-0.6916357184761088
201800016894,NonLethal,2018-12-05,05:30:00,TwilightOrDawn,490,54,Yes,X-type,Normal,2Vehicles-Side,rue Charles de Gaulle,M,47.55968852879991,-0.5613161307917454
201800016896,NonLethal,2018-06-10,19:00:00,Daylight,490,208,No,NoIntersection,HeavyRain,Other,D189 - LA CLOPIÈRE,M,47.73870528859436,-0.7379763998345111
201800016897,NonLethal,2018-06-27,09:23:00,Daylight,490,331,Yes,NoIntersection,VeryGood,2Vehicles-BehindVehicles-Frontal,Rue David d'Angers,M,47.68435966605025,-0.6859904898519797
201800016899,NonLethal,2018-07-22,13:22:00,Daylight,490,233,No,T-type,VeryGood,2Vehicles-Side,D27l,M,47.72389380647864,-0.723296285795639
201800016900,NonLethal,2018-08-29,12:25:00,Daylight,490,277,No,NoIntersection,Normal,2Vehicles-Side,La Velinaie,M,47.6602239853312,-0.6606343695943538
201800016901,NonLethal,2018-09-09,17:20:00,Daylight,490,331,No,NoIntersection,Normal,NoCollision,rd775,M,47.696078147081565,-0.6968664488806813
201800016902,NonLethal,2018-09-14,15:30:00,Daylight,490,10,No,NoIntersection,Normal,NoCollision,Dl82,M,47.728111185889865,-0.7250731599219806
201800016903,NonLethal,2018-09-20,12:00:00,Daylight,490,233,No,Roundabout,Normal,2Vehicles-Side,Bois II - RD775,M,47.70138112309811,-0.7010455509748541
201800016904,NonLethal,2018-09-22,15:59:00,Daylight,490,331,No,NoIntersection,Normal,Other,D775 viaduc de l'oudon,M,47.69661835993622,-0.6937053309178415
201800016905,NonLethal,2018-09-26,07:30:00,TwilightOrDawn,490,331,No,T-type,Normal,Other,"La réauté, Ste gemmes",M,47.65003477534085,-0.6518704221848468
201800016906,NonLethal,2018-10-06,00:02:00,NightNoStreetLight,490,103,No,NoIntersection,Normal,Other,D775 Pk42,M,47.707495828950286,-0.7063745314407961
201800016907,NonLethal,2018-10-05,17:20:00,Daylight,490,331,No,NoIntersection,Normal,2Vehicles-Behind,la louke,M,47.69913856765152,-0.6991302723885846
201800016908,NonLethal,2018-11-19,09:45:00,Daylight,490,277,Yes,NoIntersection,VeryGood,2Vehicles-Side,route de pouance,M,47.68716606979567,-0.6858162956454514
201800016909,Lethal,2018-11-30,18:05:00,NightNoStreetLight,490,61,No,T-type,Normal,2Vehicles-BehindVehicles-Frontal,LD le haut mesnil,M,47.62841925486106,-0.626883320382403
201800016911,NonLethal,2018-08-03,19:00:00,TwilightOrDawn,490,196,No,NoIntersection,Normal,2Vehicles-BehindVehicles-Frontal,644 chemin de l'Oirie,M,47.516322240180514,-0.5156919017995736
201800016912,NonLethal,2018-03-20,17:32:00,Daylight,490,155,No,NoIntersection,Normal,2Vehicles-Side,RUE DE LA FONTAINE,M,47.59632908421119,-0.5971636941446565
201800016913,Lethal,2018-04-21,09:35:00,Daylight,490,43,Yes,X-type,VeryGood,2Vehicles-Side,D73,M,47.57541777544268,-0.5733729240010351
201800016914,Lethal,2018-04-30,18:20:00,Daylight,490,55,No,NoIntersection,Normal,Other,"rd 107, pk 3+955",M,47.51542378551603,-0.5145275897046422
201800016915,Lethal,2018-07-07,06:30:00,TwilightOrDawn,490,55,No,NoIntersection,Normal,NoCollision,CD 107,M,47.52011664077264,-0.520784368885741