AccidentId,Gravity,Date,Hour,Light,Department,Commune,InAgglomeration,IntersectionType,Weather,CollisionType,PostalAddress,GPSCode,Latitude,Longitude
201800016916,Lethal,2018-12-07,17:55:00,Daylight,490,55,No,X-type,VeryGood,2Vehicles-Side,D1O7 Pont de Mayenne,M,47.52283769157325,-0.5240684700162866
201800016917,NonLethal,2018-07-26,10:55:00,Daylight,490,200,No,NoIntersection,Normal,Other,rd 775- la membrolle sur,M,47.542219934482326,-0.5408525437805353
201800016918,NonLethal,2018-08-28,15:45:00,Daylight,490,330,No,X-type,Normal,2Vehicles-Side,Carrefour D291 - D391,M,47.61952183157364,-0.6174134220589439
201800016919,NonLethal,2018-09-30,16:00:00,Daylight,490,55,No,NoIntersection,Normal,NoCollision,La Cartraie,M,47.52886798282469,-0.5271222517288494
201800016920,NonLethal,2018-05-10,10:05:00,Daylight,490,176,No,X-type,VeryGood,2Vehicles-BehindVehicles-Frontal,route de St Clément,M,47.61360477086737,-0.6134594238191282
201800016921,NonLethal,2018-10-14,16:20:00,Daylight,490,155,No,NoIntersection,Normal,NoCollision,Route d'Angers,M,47.61304223088143,-0.6135387159252433
201800016922,NonLethal,2018-10-21,15:15:00,Daylight,490,214,Yes,Roundabout,Normal,Other,place de la République,M,47.53031830902442,-0.528216383845719
201800016923,NonLethal,2018-10-21,17:25:00,Daylight,490,176,No,NoIntersection,Normal,Other,Lieu-dit La Brisaie,M,47.6153409273818,-0.6148645980874365
201800016924,NonLethal,2018-11-03,14:29:00,Daylight,490,200,No,Roundabout,Normal,NoCollision,D775 - La membrolle sur,M,47.568592304952695,-0.5663635379258578
201800016925,NonLethal,2018-12-18,07:20:00,NightStreelightsOn,490,214,Yes,Other,Overcast,Other,RUE GEORGES CLEMENCEAU,M,47.52939980864021,-0.5273562507423962
201800016926,NonLethal,2018-12-21,17:45:00,NightNoStreetLight,490,155,No,NoIntersection,LightRain,2Vehicles-BehindVehicles-Frontal,RD73,M,47.56621601756848,-0.5667906178102999
201800016927,Lethal,2018-01-06,20:00:00,NightNoStreetLight,490,65,Yes,NoIntersection,Normal,Other,Rue du stade - CD768,M,47.66049924991847,-0.6612440452580818
201800016929,NonLethal,2018-01-13,18:30:00,NightNoStreetLight,490,347,No,NoIntersection,Normal,2Vehicles-Side,D74,M,47.62091608548558,-0.62135466302463
201800016931,NonLethal,2018-03-19,08:05:00,Daylight,490,65,No,NoIntersection,Overcast,3+Vehicles-Multiple,route départementale 768,M,47.678670431786486,-0.6781635102164033
201800016932,NonLethal,2018-04-24,17:30:00,Daylight,490,337,No,T-type,Normal,2Vehicles-Side,rue de l'étang,M,47.57298425308608,-0.5740859497633344
201800016933,NonLethal,2018-04-06,17:30:00,Daylight,490,80,Yes,Other,Normal,2Vehicles-Side,5 route de Champigné,M,47.67927205786933,-0.6797654105312575
201800016934,NonLethal,2018-08-30,15:30:00,Daylight,490,347,No,T-type,Normal,2Vehicles-Side,chemin des cuetteries,M,47.61833039456092,-0.6192388711097127
201800016935,NonLethal,2018-10-14,11:15:00,Daylight,490,96,No,Roundabout,Normal,Other,Rd 768 carrefour de la s,M,47.698035243833935,-0.7002833721367274
201800016936,Lethal,2018-10-18,02:30:00,NightNoStreetLight,490,216,No,NoIntersection,Normal,Other,RD 313,M,47.60173124037111,-0.6014663876195097
201800016937,Lethal,2018-01-06,23:30:00,NightStreelightsOn,550,291,Yes,Roundabout,LightRain,Other,Allée des Tourterelles,M,48.684740409859984,5.683527206654361
201800016938,NonLethal,2018-03-04,12:45:00,Daylight,550,373,No,Other,Other,2Vehicles-BehindVehicles-Frontal,RD169,M,48.68435007670985,5.682018554074948
201800016939,NonLethal,2018-04-12,19:10:00,Daylight,550,10,Yes,NoIntersection,VeryGood,2Vehicles-Side,24 rue Paul et Nicolas P,M,48.63239776536965,5.631397293449638
201800016940,NonLethal,2018-05-30,11:50:00,Daylight,550,291,Yes,NoIntersection,Normal,Other,22 rue du Général de GAU,M,48.680705600642895,5.679749159086102
201800016941,NonLethal,2018-06-29,11:20:00,Daylight,550,291,Yes,NoIntersection,Normal,Other,170 rue Leroux,M,48.69459945143084,5.694160854981988
201800016942,NonLethal,2018-07-04,19:55:00,Daylight,550,214,No,NoIntersection,VeryGood,2Vehicles-BehindVehicles-Frontal,Route Départementale 156,M,48.64964032741604,5.651759019710185
201800016943,NonLethal,2018-07-05,18:00:00,Daylight,550,374,No,NoIntersection,Normal,Other,RN4,M,48.653550579471656,5.654095497387375
201800016944,Lethal,2018-07-09,09:05:00,Daylight,550,291,Yes,Roundabout,Normal,Other,125 rue leroux,M,48.69025858911285,5.691998639364754
201800016946,NonLethal,2018-09-02,19:40:00,Daylight,550,10,Yes,NoIntersection,Normal,2Vehicles-BehindVehicles-Frontal,76 rue Nicolas et Paul P,M,48.63400248122495,5.633797238418621
201800016947,Lethal,2018-09-22,05:55:00,NightNoStreetLight,550,452,No,NoIntersection,Normal,Other,RD 966 PK 10,M,48.6218559187765,5.621121179574729
201800016949,NonLethal,2018-02-20,17:00:00,Daylight,550,463,Yes,NoIntersection,Normal,Other,Rue Pont Patton,M,48.89437877402767,5.894053456506097
201800016950,NonLethal,2018-05-18,18:00:00,Daylight,550,463,Yes,NoIntersection,Normal,Other,rue basse des fosses,M,48.88990741091979,5.891112522282283
201800016951,NonLethal,2018-06-14,14:00:00,Daylight,550,159,No,Other,Normal,Other,"RD 34, borne kilométriqu",M,48.92695536267343,5.92596809053304
201800016952,NonLethal,2018-06-23,22:45:00,NightStreelightsOn,550,64,Yes,NoIntersection,Normal,2Vehicles-Side,rue de l'abreuvoir,M,48.990502963501605,5.989979788430994
201800016953,NonLethal,2018-06-25,15:30:00,Daylight,550,386,Yes,NoIntersection,Normal,Other,1 route de lamarche,M,48.93012570227014,5.933055761518278
201800016954,NonLethal,2018-07-19,15:40:00,Daylight,550,463,Yes,T-type,VeryGood,2Vehicles-Side,rue Carnot,M,48.88928984164736,5.890069318870916
201800016955,NonLethal,2018-11-22,17:00:00,TwilightOrDawn,550,85,No,NoIntersection,Normal,Other,RD 147,M,48.8172089213927,5.814124268659901
201800016956,NonLethal,2018-12-18,07:25:00,TwilightOrDawn,550,290,No,NoIntersection,FogOrSmoke,NoCollision,Carrefour RD11 et RD 139,M,48.81304660186795,5.811973335182338
201800016957,Lethal,2018-12-29,17:35:00,NightStreelightsOn,550,463,Yes,NoIntersection,Overcast,Other,2 Avenue de la libératio,M,48.89498879444152,5.896206132325661
201800016958,NonLethal,2018-03-04,11:00:00,Daylight,550,334,No,NoIntersection,LightRain,Other,D168,M,48.71664832163474,5.717118945762927
201800016959,NonLethal,2018-03-29,16:45:00,Daylight,550,520,No,NoIntersection,Normal,Other,RN 4 - Pk 56+500,M,48.69967491890729,5.701123543438909
201800016960,Lethal,2018-06-15,20:30:00,Daylight,550,573,No,NoIntersection,Normal,Other,Route nationale 4,M,48.68865988816956,5.690419982985403
201800016961,NonLethal,2018-07-27,20:00:00,Daylight,550,456,No,NoIntersection,Normal,Other,RD 36,M,48.6481895095461,5.647078350020174
201800016962,NonLethal,2018-08-10,19:00:00,TwilightOrDawn,550,496,No,NoIntersection,Normal,2Vehicles-Behind,Route départementale 10,M,48.71079004649,5.712764541034007
201800016963,NonLethal,2018-10-30,11:20:00,Daylight,550,248,No,NoIntersection,LightRain,Other,rd 960,M,48.54424497755913,5.544671590171834
201800016964,NonLethal,2018-05-12,18:00:00,NightNoStreetLight,550,533,No,NoIntersection,Normal,2Vehicles-Behind,RD 964 - PK 15+360,M,48.61584244577617,5.616355143728165
201800016965,NonLethal,2018-03-25,16:15:00,Daylight,550,39,No,NoIntersection,Normal,NoCollision,RD905 PK4+300,M,49.27119636397573,5.269222344627136
201800016966,NonLethal,2018-04-08,06:10:00,NightNoStreetLight,550,385,No,NoIntersection,Normal,Other,PK 063.700,M,49.102915943573926,5.104164479807214
201800016967,NonLethal,2018-06-23,16:30:00,Daylight,550,276,No,NoIntersection,Normal,2Vehicles-Side,D163,M,49.10063416021194,5.100847416841094
201800016968,Lethal,2018-07-06,18:50:00,Daylight,550,241,No,NoIntersection,Normal,2Vehicles-BehindVehicles-Frontal,RD 1916 - PK 051.100,M,48.999604683018696,5.998552484538647
201800016969,Lethal,2018-05-08,08:40:00,Daylight,550,492,No,NoIntersection,Normal,Other,D159,M,49.09655808718099,5.097468478462664
201800016970,NonLethal,2018-08-06,18:30:00,Daylight,550,39,No,NoIntersection,Normal,NoCollision,D905,M,49.25070041153237,5.251192077537065
201800016971,NonLethal,2018-10-03,18:10:00,Daylight,550,498,Yes,NoIntersection,Normal,2Vehicles-Side,9 rue de la voie sacrée,M,49.03945555589024,5.037883238455452
201800016972,NonLethal,2018-11-13,21:15:00,NightNoStreetLight,550,385,No,NoIntersection,Normal,2Vehicles-BehindVehicles-Frontal,D603,M,49.11492407402001,5.113762754447517
201800016973,NonLethal,2018-12-23,11:45:00,Daylight,550,73,No,NoIntersection,LightRain,Other,"PK 7+500, RD 913",M,49.20973296966633,5.208525555331772
201800016974,Lethal,2018-02-14,10:30:00,Daylight,550,103,No,NoIntersection,Normal,Other,CD946,M,49.25059157803983,5.249548299764448
201800016975,NonLethal,2018-10-29,15:10:00,Daylight,550,582,No,NoIntersection,Normal,NoCollision,RD 30 PK 6 + 800,M,49.460917234263576,5.460317694985254
201800016976,NonLethal,2018-03-11,10:45:00,Daylight,550,500,No,NoIntersection,LightRain,Other,D618,M,49.33822421169928,5.335879752780443
201800016977,NonLethal,2018-05-27,05:00:00,TwilightOrDawn,550,8,No,NoIntersection,Normal,Other,D14,M,49.26934826690163,5.26931300473159
201800016979,NonLethal,2018-06-17,15:10:00,Daylight,550,228,Yes,T-type,Normal,2Vehicles-Side,intersection rue de la p,M,49.03844316492118,5.038716608615378
201800016983,Lethal,2018-11-09,18:00:00,Daylight,550,191,No,NoIntersection,Normal,NoCollision,Chemin communal dit rout,M,49.236272021116775,5.238404120645121
201800016984,NonLethal,2018-09-13,15:30:00,Daylight,550,405,No,NoIntersection,Normal,Other,Ferme de HANDEVILLE,M,49.36765341105821,5.368612754715773
201800016985,NonLethal,2018-10-13,17:35:00,Daylight,550,181,Yes,NoIntersection,Normal,Other,3 rue paul valéry,M,49.209204669656,5.208617960260726
201800016986,Lethal,2018-02-28,06:20:00,NightNoStreetLight,610,499,No,NoIntersection,Normal,Other,D42,M,48.52778999398645,2.527305309773116
201800016987,NonLethal,2018-03-10,09:10:00,Daylight,610,464,No,NoIntersection,LightRain,Other,"""le poteau""",M,48.61276032745122,2.612391868303092
201800016988,NonLethal,2018-04-14,18:30:00,Daylight,610,82,No,NoIntersection,Normal,2Vehicles-Behind,La Moguiniere,M,48.599701392177565,3.599434984427957
201800016989,Lethal,2018-04-21,14:00:00,Daylight,610,464,No,NoIntersection,Normal,2Vehicles-BehindVehicles-Frontal,"CD 958, PK 3+500, lieu d",M,48.627392166949406,1.625041942639205
201800016991,NonLethal,2018-04-22,19:45:00,Daylight,610,464,Yes,T-type,Normal,Other,boulevard du 8 mai 1945,M,48.59072384990801,1.5910322437510738
201800016993,NonLethal,2018-06-07,13:15:00,Daylight,610,81,No,NoIntersection,Normal,Other,Route départementale 737,M,48.677233297497054,1.6751103892223431
201800016995,NonLethal,2018-07-27,10:15:00,Daylight,610,164,No,NoIntersection,Normal,NoCollision,Le Chêne Bossu,M,48.571247141940894,6.5698888510446425
201800016996,NonLethal,2018-08-07,18:00:00,Daylight,610,412,Yes,X-type,Normal,2Vehicles-Side,rd7,M,48.51061941512633,3.5100853709637634
201800016997,NonLethal,2018-08-16,16:15:00,Daylight,610,253,No,X-type,Normal,2Vehicles-Side,départementale 438,M,48.671741406986605,2.672865416133318
201800016998,NonLethal,2018-08-28,09:15:00,Daylight,610,68,No,T-type,Normal,2Vehicles-Side,D31,M,48.53025423755167,2.5286729581778924
201800016999,NonLethal,2018-08-11,22:00:00,NightNoStreetLight,610,464,No,NoIntersection,LightRain,NoCollision,LA PARFAITERIE,M,48.57864532567853,1.5801423522237266
201800017000,NonLethal,2018-11-18,05:30:00,NightNoStreetLight,610,464,No,NoIntersection,Normal,Other,D958,M,48.610609822945655,1.6144794249572505
201800017001,NonLethal,2018-01-30,17:00:00,Daylight,610,339,Yes,NoIntersection,Overcast,2Vehicles-Behind,5 rue aristide briand,M,48.764001251994245,-0.7642429346548602
201800017002,NonLethal,2018-02-22,14:45:00,Daylight,610,153,Yes,T-type,VeryGood,2Vehicles-Side,rue des trois frères ter,M,48.71753401110215,-0.7143678432895685
201800017003,NonLethal,2018-04-25,18:45:00,Daylight,610,283,No,X-type,VeryGood,2Vehicles-Behind,RD 958,M,48.8028004216743,-0.8034224445104032
201800017006,NonLethal,2018-11-29,18:30:00,NightNoStreetLight,610,84,No,X-type,Normal,3+Vehicles-Multiple,D909,M,48.78974057475868,-0.7892381138339454
201800017007,NonLethal,2018-06-12,16:00:00,Daylight,610,173,No,NoIntersection,Overcast,Other,D 924,M,48.71763862820004,-0.7198748057745509
201800017008,NonLethal,2018-05-05,12:40:00,Daylight,610,72,No,NoIntersection,Normal,Other,lieu dit la haute folie,M,48.95884517421448,2.9594665533750923
201800017009,NonLethal,2018-05-22,18:30:00,Daylight,610,389,Yes,NoIntersection,Normal,2Vehicles-BehindVehicles-Frontal,15 cité du Pays d'Auge,M,48.71537261727169,4.715642458302984
201800017010,Lethal,2018-06-23,04:00:00,NightNoStreetLight,610,150,No,NoIntersection,Normal,Other,D932 les bruyères,M,48.72522437929399,4.72431533888598
201800017011,NonLethal,2018-10-07,13:20:00,Daylight,610,268,No,NoIntersection,Normal,Other,La Garenne,M,48.78804182049851,2.788628125586601
201800017012,NonLethal,2018-02-08,15:03:00,Daylight,610,150,No,NoIntersection,Normal,NoCollision,FUMECON,M,48.72693076362872,4.727358363973853
201800017013,NonLethal,2018-07-09,17:35:00,Daylight,610,493,No,X-type,Normal,2Vehicles-Side,La butte,M,48.79667319064549,3.796561108102235
201800017014,NonLethal,2018-09-14,13:45:00,Daylight,610,108,No,NoIntersection,Normal,Other,D13,M,48.79569933235919,3.795900195140631
201800017015,NonLethal,2018-10-17,12:45:00,Daylight,610,508,No,NoIntersection,Normal,Other,"cutesson, D979",M,48.92259943633237,2.9259804495932493
201800017016,Lethal,2018-11-20,12:30:00,Daylight,610,181,No,NoIntersection,Overcast,2Vehicles-BehindVehicles-Frontal,RD 13 - PK 23+500,M,48.800880955817306,3.800038752379248
201800017017,NonLethal,2018-04-02,14:30:00,Daylight,610,145,Yes,NoIntersection,Normal,Other,rue du mont saint michel,M,48.591442227622885,-0.59075765607173
201800017019,NonLethal,2018-02-16,14:10:00,Daylight,610,145,Yes,X-type,Normal,Other,rue du Pressoir,M,48.58562628074303,-0.584860690494923
201800017020,Lethal,2018-11-04,12:40:00,Daylight,610,201,No,NoIntersection,Normal,Other,La mangeantière,M,48.61623606110774,-0.6172324478048249
201800017021,NonLethal,2018-04-16,18:15:00,Daylight,610,145,Yes,NoIntersection,Normal,NoCollision,2b rue notre dame,M,48.59204404882276,-0.5931945603054872
201800017022,NonLethal,2018-04-29,16:00:00,Daylight,610,91,No,NoIntersection,LightRain,Other,la maufaire,M,48.61216391380287,-0.6129573895978213
201800017023,Lethal,2018-05-28,13:50:00,Daylight,610,91,No,NoIntersection,Normal,Other,La Butte,M,48.60059187421646,-0.6011073243032394
201800017026,NonLethal,2018-10-07,15:15:00,Daylight,610,487,No,NoIntersection,Normal,Other,lieu dit LA FOUTAIE,M,48.54061606837477,-0.5412906950357793
201800017027,NonLethal,2018-07-24,14:50:00,Daylight,610,145,No,NoIntersection,Normal,2Vehicles-BehindVehicles-Frontal,Lieu dit La croix de la,M,48.568846899218094,-0.5689881169410103
201800017028,NonLethal,2018-07-28,21:00:00,TwilightOrDawn,610,91,No,NoIntersection,Normal,Other,D908,M,48.5880661366179,-0.5895892033807115
201800017029,NonLethal,2018-08-24,12:30:00,Daylight,610,369,No,Y-type,Normal,2Vehicles-Side,les vallées le coq - -RD,M,48.620169611356296,-0.6180864667829344
201800017030,NonLethal,2018-08-23,13:30:00,Daylight,610,163,Yes,T-type,Normal,2Vehicles-BehindVehicles-Frontal,La friponnerie,M,48.65949511485126,-0.6582338795916585
201800017031,Lethal,2018-09-02,12:00:00,Daylight,610,163,No,NoIntersection,Normal,3+Vehicles-Multiple,PK 13,M,48.656574409150586,-0.6568141390936393
201800017033,NonLethal,2018-11-27,07:40:00,NightNoStreetLight,610,421,No,X-type,LightRain,2Vehicles-Side,RD21,M,48.55109302494855,-0.5503894566284183
201800017034,NonLethal,2018-12-14,19:20:00,NightStreelightsOff,610,146,No,NoIntersection,Normal,2Vehicles-Behind,"Lieu dit ""La butte rouge",M,48.60484665668105,-0.6043986918450562
201800017035,NonLethal,2018-04-23,16:45:00,Daylight,610,377,No,NoIntersection,Normal,2Vehicles-BehindVehicles-Frontal,La chesneliere,M,48.713124506049176,-0.714029709164755
201800017036,NonLethal,2018-04-23,06:00:00,TwilightOrDawn,610,287,No,NoIntersection,Normal,Other,la jouvinière,M,48.81103404374704,-0.8104212393537628
201800017037,NonLethal,2018-04-28,14:45:00,Daylight,610,486,Yes,Y-type,Normal,2Vehicles-Side,33 grande rue,M,48.61350889067392,-0.6132900193663609
201800017039,NonLethal,2018-06-23,10:20:00,Daylight,610,353,No,NoIntersection,Normal,NoCollision,La royauté,M,48.78579878614369,-0.7836252353475032
201800017040,NonLethal,2018-06-28,20:00:00,Daylight,610,443,No,T-type,Normal,2Vehicles-Side,les monts,M,48.73894030346473,-0.7375301618475868
201800017041,NonLethal,2018-07-19,20:30:00,Daylight,610,222,No,NoIntersection,Normal,Other,lieu-dit la prairie,M,48.750330812905865,-0.7508971833482518
201800017042,NonLethal,2018-08-20,10:30:00,Daylight,610,445,No,NoIntersection,Normal,Other,le couhan,M,48.82331116555711,-0.8267778665960256
201800017043,Lethal,2018-08-24,09:45:00,Daylight,610,443,No,NoIntersection,Normal,NoCollision,le Val Saunier,M,48.75010962490966,-0.747252050912069
201800017044,NonLethal,2018-02-09,05:30:00,NightNoStreetLight,610,447,No,NoIntersection,Normal,Other,le clos des canges,M,48.84648860080081,-0.8475733222108004
201800017045,NonLethal,2018-09-25,14:20:00,Daylight,610,30,No,NoIntersection,Normal,2Vehicles-Behind,la fouillée,M,48.77368525372636,-0.7742076448116558
201800017046,NonLethal,2018-10-16,14:15:00,Daylight,610,148,No,X-type,Normal,2Vehicles-Side,Le domaine,M,48.75047611426619,-0.7490305691651241
201800017049,NonLethal,2018-02-06,05:15:00,NightNoStreetLight,610,463,No,NoIntersection,Other,Other,Le champ du bas,M,48.62736883895229,-0.6267951601692553
201800017050,NonLethal,2018-02-26,10:55:00,Daylight,610,463,No,NoIntersection,Normal,Other,D53 - LA HÉRONNIÈRE,M,48.619297403221005,-0.617312288231787
201800017051,NonLethal,2018-03-25,14:45:00,Daylight,610,243,No,NoIntersection,Normal,Other,la forge de cossé,M,48.53579910660194,-0.537634980196883
201800017053,NonLethal,2018-04-17,08:00:00,Daylight,610,168,Yes,NoIntersection,Normal,Other,rue Pierre NEVEU,M,48.59009640386379,-0.5906048500732696
201800017054,NonLethal,2018-03-06,18:20:00,Daylight,610,195,Yes,T-type,Normal,2Vehicles-BehindVehicles-Frontal,CD 19 / CD 856,M,48.6379198237726,-0.6381038522240222
201800017055,NonLethal,2018-06-27,21:00:00,TwilightOrDawn,610,211,No,NoIntersection,VeryGood,3+Vehicles-Chain,RD 976,M,48.5522085081839,-0.5515505161531103
201800017056,NonLethal,2018-07-15,18:50:00,Daylight,610,260,No,NoIntersection,Normal,NoCollision,Le Chesnet,M,48.67051751478741,-0.6718408291524849
201800017057,NonLethal,2018-08-16,12:00:00,Daylight,610,295,Yes,NoIntersection,VeryGood,2Vehicles-BehindVehicles-Frontal,le bourg,M,48.56700412926022,-0.567119554434508
201800017058,NonLethal,2018-09-01,18:10:00,Daylight,610,63,Yes,X-type,Normal,2Vehicles-Side,RUE DE LA FERTÉ MACÉ,M,48.69692625063684,-0.6981056424780517
201800017059,NonLethal,2018-10-09,16:30:00,Daylight,610,463,Yes,T-type,Normal,Other,le bourg,M,48.62218424867719,-0.6214213869057642
201800017061,NonLethal,2018-10-03,15:30:00,Daylight,610,186,No,NoIntersection,Normal,Other,D976,M,48.52354520316452,-0.5242362326106965
201800017062,NonLethal,2018-10-12,18:45:00,TwilightOrDawn,610,96,Yes,NoIntersection,Normal,NoCollision,Rue des Camélias,M,48.53624887760864,-0.5374169127384095
201800017063,NonLethal,2018-10-25,16:45:00,Daylight,610,483,Yes,Other,Normal,NoCollision,d53,M,48.57621967042222,-0.5771331264789442
201800017064,Lethal,2018-10-31,17:00:00,Daylight,610,257,Yes,NoIntersection,LightRain,Other,RD 976,M,48.504468205103954,-0.5028642509762318
201800017065,NonLethal,2018-12-02,17:20:00,NightStreelightsOn,610,483,Yes,NoIntersection,LightRain,Other,9 avenue robert cousin,M,48.55826761784105,-0.5588195015693639
201800017067,NonLethal,2018-01-30,07:10:00,NightNoStreetLight,610,507,No,NoIntersection,FogOrSmoke,2Vehicles-BehindVehicles-Frontal,Nl2,M,48.55263626369207,5.553418132254099
201800017069,Lethal,2018-03-02,06:25:00,NightNoStreetLight,610,29,No,NoIntersection,Overcast,Other,LE VAUROGER,M,48.53722761106754,4.536742662749056
201800017070,NonLethal,2018-03-21,13:00:00,Daylight,610,48,No,NoIntersection,Normal,2Vehicles-Side,N12,M,48.51817168576768,4.517009688680117
201800017071,NonLethal,2018-03-28,07:20:00,TwilightOrDawn,610,66,No,NoIntersection,LightRain,Other,D912,M,48.50767930150664,4.510224627602539
201800017072,NonLethal,2018-05-06,12:15:00,Daylight,610,414,Yes,X-type,Normal,2Vehicles-Side,rue du bourg,M,48.51360457333916,5.513514073792408
201800017073,NonLethal,2018-07-17,15:15:00,Daylight,610,129,No,NoIntersection,Normal,Other,DEPARTEMENTALE 10,M,48.47966461775389,6.478778540067002
201800017074,Lethal,2018-08-06,06:25:00,TwilightOrDawn,610,411,Yes,X-type,Normal,2Vehicles-Side,la Gravelle,M,48.43876568606205,4.439901687271382
201800017075,NonLethal,2018-08-22,21:15:00,TwilightOrDawn,610,476,No,NoIntersection,Normal,Other,RD 931,M,48.38948526131892,4.388627065535408
201800017077,NonLethal,2018-11-25,18:30:00,NightNoStreetLight,610,322,No,NoIntersection,Normal,NoCollision,D931,M,48.47996536443859,5.480912772171923
201800017078,NonLethal,2018-12-17,18:40:00,NightNoStreetLight,610,507,No,Roundabout,LightRain,Other,"Lieu-dit ""la Jarretière""",M,48.54605901397442,5.547692139039143
201800017079,Lethal,2018-12-21,18:50:00,NightNoStreetLight,610,348,No,NoIntersection,Overcast,3+Vehicles-Multiple,D938,M,48.4818210248194,5.483209524269449
201800017080,NonLethal,2018-01-10,20:55:00,NightNoStreetLight,610,140,No,NoIntersection,FogOrSmoke,2Vehicles-BehindVehicles-Frontal,LES CLOS,M,48.68694982784434,6.68662521677532
201800017082,NonLethal,2018-02-03,22:00:00,NightNoStreetLight,610,140,No,T-type,Normal,Other,Croisement entre la D918,M,48.70219517896788,6.70199171844977
201800017084,NonLethal,2018-07-04,15:20:00,Daylight,610,187,No,NoIntersection,Normal,2Vehicles-Behind,D930,M,48.65971374643478,5.663270603320166
201800017085,NonLethal,2018-08-15,01:00:00,NightNoStreetLight,610,8,No,NoIntersection,Normal,Other,"D278, zone artisanale La",M,48.73005024907782,5.729468203261301
201800017086,NonLethal,2018-08-19,05:40:00,NightNoStreetLight,610,440,Yes,NoIntersection,Normal,Other,RUE DU CHEMIN DE FER,M,48.7354127161821,6.736833680734381
201800017088,NonLethal,2018-09-21,11:49:00,Daylight,610,92,No,NoIntersection,Normal,2Vehicles-Behind,120 route de Paris,M,48.75654355265135,7.755147427452236
201800017089,Lethal,2018-05-10,07:56:00,TwilightOrDawn,610,432,No,X-type,VeryGood,2Vehicles-Side,les Courreux - RD 926,M,48.75854502712425,6.757317270254225
201800017090,Lethal,2018-10-22,15:30:00,Daylight,610,214,Yes,T-type,Normal,Other,rue du docteur rouyer,M,48.762252059285565,6.764321754849159
201800017092,NonLethal,2018-10-31,07:30:00,Daylight,610,342,No,NoIntersection,Normal,Other,ROUTE DÉPARTEMENTALE 220,M,48.74989290968896,5.750661823118692
201800017093,NonLethal,2018-12-03,10:50:00,Daylight,610,386,No,NoIntersection,LightRain,Other,"Départementale 13, Lieu-",M,48.79475374537863,4.796931056220022
201800017094,NonLethal,2018-11-12,13:40:00,Daylight,610,214,Yes,NoIntersection,VeryGood,Other,51 avenue du perche,M,48.75287100877397,6.750987263804896
201800017097,Lethal,2018-02-16,12:00:00,Daylight,610,79,No,T-type,Normal,2Vehicles-Side,RD 923 - PR 15+050,M,48.2457146060374,6.247035231513903
201800017098,NonLethal,2018-05-08,17:10:00,Daylight,610,426,No,NoIntersection,Normal,2Vehicles-BehindVehicles-Frontal,"PK 20+300, D955",M,48.37437470833356,5.373638582569696
201800017099,NonLethal,2018-05-16,14:40:00,Daylight,610,319,No,NoIntersection,Normal,2Vehicles-BehindVehicles-Frontal,D276,M,48.34291495414848,4.341222400913291
201800017100,NonLethal,2018-05-14,09:30:00,Daylight,610,394,Yes,NoIntersection,Normal,Other,9 rue Germaine de Courso,M,48.2791683939188,6.279014643821333
201800017101,NonLethal,2018-07-23,13:34:00,Daylight,610,246,No,NoIntersection,Normal,Other,RD 923 - PK 10+600 - MAL,M,48.261711655093706,7.261282455540316
201800017102,NonLethal,2018-08-01,15:30:00,Daylight,610,79,Yes,NoIntersection,VeryGood,Other,RD 136,M,48.2306960561143,7.229634849768249
201800017103,NonLethal,2018-02-09,18:30:00,Daylight,610,437,No,NoIntersection,Normal,Other,Lieu-dit la Brosse,M,48.39962680417584,5.401457237504119
201800017104,NonLethal,2018-12-07,15:50:00,Daylight,610,38,Yes,Other,LightRain,2Vehicles-Side,Route de Mamers,M,48.37692859147592,5.376119679500055
201800017105,NonLethal,2018-02-02,11:35:00,Daylight,610,242,No,NoIntersection,Normal,2Vehicles-BehindVehicles-Frontal,"Lieu-dit ""La Tuilerie de",M,48.52122088178708,8.51722780985238
201800017106,NonLethal,2018-10-02,14:10:00,Daylight,610,250,No,NoIntersection,SnowOrHail,Other,LE MOULIN DU GUÉ HERSANT,M,48.576450859851725,8.577684781930301
201800017107,NonLethal,2018-03-17,03:15:00,NightNoStreetLight,610,429,No,NoIntersection,Normal,Other,lieu dit champthierry,M,48.6292137059316,7.628532250909753
201800017108,Lethal,2018-05-06,13:15:00,Daylight,610,345,Yes,NoIntersection,VeryGood,Other,La Noué,M,48.41806760972074,7.417857560199498