AccidentId,Gravity,Date,Hour,Light,Department,Commune,InAgglomeration,IntersectionType,Weather,CollisionType,PostalAddress,GPSCode,Latitude,Longitude
201800017109,Lethal,2018-05-20,22:30:00,NightNoStreetLight,610,116,No,NoIntersection,Normal,Other,Route Départementale 203,M,48.36358785669708,8.365211707405486
201800017110,NonLethal,2018-08-06,14:35:00,Daylight,610,125,No,T-type,Normal,2Vehicles-Side,RD923,M,48.376474550919966,8.378166413938564
201800017111,NonLethal,2018-07-01,08:55:00,Daylight,610,395,No,NoIntersection,Normal,NoCollision,RD 622 - PK 05+500,M,48.39583560139587,8.396127724932944
201800017112,NonLethal,2018-07-22,16:45:00,Daylight,610,296,No,NoIntersection,Normal,NoCollision,LD MOULIN DES BRUYÈRES,M,48.55209091163034,7.552079382130031
201800017113,NonLethal,2018-02-09,15:50:00,Daylight,610,296,No,NoIntersection,Normal,NoCollision,"RD 289, PK 5.5 sens croi",M,48.56767343316072,7.567804383980207
201800017114,NonLethal,2018-04-09,16:45:00,Daylight,610,429,No,X-type,Overcast,2Vehicles-Side,Route Nationale 12,M,48.62269551952672,7.623332970854729
201800017115,NonLethal,2018-09-11,19:30:00,TwilightOrDawn,610,116,No,NoIntersection,Normal,Other,"Lieu-dit ""Rivray"" - Cond",M,48.3950290403897,8.396001582548667
201800017117,Lethal,2018-09-24,12:15:00,Daylight,610,242,No,Y-type,Normal,NoCollision,RD8 PK45,M,48.52583133819426,8.526509818451173
201800017118,NonLethal,2018-11-05,17:50:00,TwilightOrDawn,610,45,No,NoIntersection,Normal,3+Vehicles-Multiple,LE COUDRAY,M,48.56491500745032,6.563811387763566
201800017119,NonLethal,2018-08-11,11:10:00,Daylight,610,42,No,NoIntersection,Normal,2Vehicles-BehindVehicles-Frontal,bel air,M,48.40896206277382,6.411319365530863
201800017120,NonLethal,2018-11-20,12:45:00,Daylight,610,116,No,NoIntersection,LightRain,Other,la fourche - coulonges l,M,48.38668478615314,9.384425574342377
201800017121,Lethal,2018-11-27,06:00:00,NightStreelightsOn,610,345,Yes,NoIntersection,FogOrSmoke,Other,25 AVENUE ALBERT DE MUN,M,48.43315050204347,7.434567551815315
201800017123,NonLethal,2018-12-08,21:00:00,NightNoStreetLight,610,299,No,NoIntersection,HeavyRain,NoCollision,RN 12 - PK 0+ 250,M,48.67512430306305,7.674206476609759
201800017124,NonLethal,2018-05-01,19:00:00,TwilightOrDawn,760,255,Yes,T-type,Normal,Other,chaussée de Picardie,M,50.05356722510368,1.0520607214550746
201800017126,NonLethal,2018-07-02,17:45:00,Daylight,760,422,Yes,NoIntersection,Normal,3+Vehicles-Multiple,Rue des tilleuls,M,49.95863792489098,1.9579424276575488
201800017127,NonLethal,2018-03-14,15:30:00,Daylight,760,255,No,NoIntersection,Normal,NoCollision,ROUTE D ABBEVILLE,M,50.0688542478395,1.067545069091293
201800017128,NonLethal,2018-04-28,16:55:00,Daylight,760,374,No,NoIntersection,Normal,Other,rue pasteur,M,50.00945720818378,1.0094252243351776
201800017130,Lethal,2018-06-06,12:25:00,Daylight,760,618,No,NoIntersection,Normal,Other,rue du chasse marée hare,M,49.96354476272477,1.9657494219509244
201800017131,NonLethal,2018-09-06,11:42:00,Daylight,760,711,Yes,NoIntersection,Normal,Other,quai françois 1er,M,50.05920669021372,1.061436945822739
201800017132,NonLethal,2018-07-04,21:00:00,Daylight,800,533,No,NoIntersection,Normal,NoCollision,D925,M,50.05949660098011,1.0586430205325468
201800017135,NonLethal,2018-09-25,11:20:00,Daylight,760,255,Yes,NoIntersection,VeryGood,Other,boulevard Gambetta 925C,M,50.050255319531686,1.0485596730265554
201800017136,NonLethal,2018-10-05,17:00:00,Daylight,760,255,Yes,NoIntersection,VeryGood,2Vehicles-Side,Boulevard Victor Hugo,M,50.04522587572775,1.0479015513040462
201800017137,NonLethal,2018-11-20,07:30:00,NightStreelightsOn,800,533,Yes,NoIntersection,Normal,Other,R DES CANADIENS,M,50.06521223325628,1.065176248787883
201800017138,NonLethal,2018-11-23,16:10:00,TwilightOrDawn,800,533,Yes,NoIntersection,FogOrSmoke,2Vehicles-Behind,AV MARIE ET PIERRE CURIE,M,50.06607012627958,1.0633575339528345
201800017139,NonLethal,2018-12-06,19:50:00,NightNoStreetLight,760,438,Yes,NoIntersection,LightRain,Other,rue des canadiens,M,49.9678548600758,1.9672501123098995
201800017140,NonLethal,2018-12-14,17:15:00,NightStreelightsOn,760,618,No,X-type,Normal,2Vehicles-Side,CD 925 - ST MARTIN EN CA,M,49.96109919126102,1.9625639293848327
201800017141,NonLethal,2018-12-20,18:30:00,NightStreelightsOn,800,533,Yes,NoIntersection,Normal,2Vehicles-BehindVehicles-Frontal,AV MARIE ET PIERRE CURIE,M,50.06383222410533,1.0644818482881813
201800017142,NonLethal,2018-01-19,18:00:00,TwilightOrDawn,630,453,Yes,NoIntersection,Normal,Other,Jacques DUCLOS,M,45.785925088882486,3.784421485412741
201800017143,NonLethal,2018-03-08,08:00:00,TwilightOrDawn,630,334,No,NoIntersection,Other,Other,D 997 - LIEU DIT PUYCUBE,M,45.66418678694437,3.6655314871831
201800017144,NonLethal,2018-04-23,08:20:00,Daylight,630,453,No,NoIntersection,LightRain,3+Vehicles-Chain,RD 997,M,45.767647456503965,3.768655336565205
201800017145,Lethal,2018-03-05,10:15:00,Daylight,630,334,No,NoIntersection,Normal,Other,Planavel - D 997 - PK 24,M,45.68085299835516,3.682202488803505
201800017148,Lethal,2018-06-24,08:30:00,Daylight,630,239,No,NoIntersection,Normal,Other,Route de la beauté,M,45.6823494104492,3.6853077008321455
201800017149,NonLethal,2018-09-24,17:00:00,Daylight,630,106,No,NoIntersection,Normal,NoCollision,D4,M,45.72752664366422,3.7268208452844074
201800017153,NonLethal,2018-01-08,17:15:00,TwilightOrDawn,630,262,No,Roundabout,Normal,2Vehicles-Side,D979,M,45.71187795777025,3.711701857827921
201800017154,NonLethal,2018-01-11,18:00:00,TwilightOrDawn,630,350,No,X-type,LightRain,2Vehicles-Side,D212,M,45.72711123109452,3.724092889594473
201800017155,NonLethal,2018-01-28,14:00:00,Daylight,630,413,No,NoIntersection,Normal,2Vehicles-BehindVehicles-Frontal,CD 792,M,45.62941415853818,3.629682083921289
201800017156,NonLethal,2018-04-06,16:35:00,Daylight,630,214,Yes,NoIntersection,Normal,Other,rue jean zay,M,45.69362488282544,3.6933397200291
201800017157,NonLethal,2018-04-23,18:30:00,Daylight,630,413,No,NoIntersection,Normal,2Vehicles-Side,RD 978 PK 11+800,M,45.65228482844252,3.6497915326268098
201800017160,NonLethal,2018-09-05,21:00:00,NightNoStreetLight,630,227,No,NoIntersection,LightRain,2Vehicles-BehindVehicles-Frontal,D1,M,,
201800017161,NonLethal,2018-09-14,14:00:00,Daylight,630,227,Yes,NoIntersection,Normal,2Vehicles-BehindVehicles-Frontal,AVENUE DE L'ALLIER,M,45.69191100704344,3.690641713665664
201800017163,Lethal,2018-05-11,20:05:00,NightNoStreetLight,630,306,No,T-type,Normal,2Vehicles-Behind,intersection D118/D1 che,M,45.7125055877578,3.713359222060888
201800017164,NonLethal,2018-01-23,18:10:00,NightStreelightsOn,630,3,Yes,NoIntersection,Normal,Other,48 boulevard Henri IV,M,45.54831373012697,3.548342563634566
201800017165,NonLethal,2018-01-29,19:30:00,NightStreelightsOn,630,3,Yes,Other,Normal,Other,45 bd henri 4,M,45.549844030725126,3.549632200113846
201800017166,NonLethal,2018-03-15,13:15:00,Daylight,630,341,No,NoIntersection,LightRain,2Vehicles-BehindVehicles-Frontal,la roche,M,45.55395612824712,3.5533417224856585
201800017167,NonLethal,2018-03-17,11:45:00,Daylight,630,341,No,NoIntersection,Normal,NoCollision,charbaud,M,,
201800017168,Lethal,2018-02-04,12:50:00,Daylight,630,394,No,NoIntersection,Normal,NoCollision,Lieu dit raffiny,M,45.48670824147855,3.489367624852294
201800017170,NonLethal,2018-04-20,21:15:00,NightStreelightsOff,630,341,Yes,NoIntersection,Normal,2Vehicles-BehindVehicles-Frontal,Aubignat RD 56,M,,
201800017171,NonLethal,2018-05-05,11:15:00,Daylight,630,179,No,NoIntersection,Normal,2Vehicles-Side,La chaux,M,,
201800017172,NonLethal,2018-05-05,09:45:00,Daylight,630,3,No,Roundabout,Normal,NoCollision,lieu-dit le soldat,M,45.57452128907127,3.5741652318334904
201800017173,NonLethal,2018-10-05,16:00:00,Daylight,630,221,No,T-type,Normal,2Vehicles-Side,RD251 PK 10 + 900,M,45.42197193096663,3.4202971779793785
201800017174,Lethal,2018-03-06,16:10:00,Daylight,630,10,No,NoIntersection,Normal,NoCollision,"PK 19+400, Rd 300",M,45.40725911776106,3.4055484404066045
201800017175,NonLethal,2018-06-08,12:55:00,Daylight,630,3,No,NoIntersection,Normal,NoCollision,LIEU DIT BOISSEYRE,M,45.5434208646951,3.541697268068318
201800017176,NonLethal,2018-06-23,13:40:00,Daylight,630,374,No,NoIntersection,VeryGood,2Vehicles-Side,Route de Grandrif,M,45.52457126995282,3.525877073628952
201800017177,NonLethal,2018-11-07,16:40:00,Daylight,630,10,Yes,NoIntersection,Normal,Other,8 place charles DE GAULL,M,45.415125695369575,3.4133813347140527
201800017178,NonLethal,2018-07-14,23:30:00,NightNoStreetLight,630,398,No,NoIntersection,Normal,Other,RD 265 - PK2,M,45.39923454964168,3.3996253977911004
201800017179,NonLethal,2018-07-19,08:00:00,Daylight,630,3,Yes,T-type,Normal,2Vehicles-Behind,rue du docteur Chassaing,M,45.5448222013803,3.5452398787609534
201800017182,NonLethal,2018-10-21,17:45:00,TwilightOrDawn,630,412,No,NoIntersection,Normal,NoCollision,D 251 - pK 18 + 500,M,,
201800017183,NonLethal,2018-12-02,18:19:00,NightNoStreetLight,630,341,No,Roundabout,HeavyRain,2Vehicles-BehindVehicles-Frontal,1er ac avec le cond A,M,45.53362432282234,3.532001647171536
201800017185,NonLethal,2018-12-07,20:25:00,NightNoStreetLight,630,211,No,NoIntersection,Normal,2Vehicles-Side,CD 906 PK/PR 16+910,M,45.49184763125439,3.492652123746628
201800017186,NonLethal,2018-12-29,11:15:00,Daylight,630,465,Yes,Other,Normal,2Vehicles-BehindVehicles-Frontal,9 route d'Églisolles,M,45.43519166033761,3.436748131783512
201800017188,NonLethal,2018-06-28,15:30:00,Daylight,630,162,No,NoIntersection,Normal,Other,D 37 - PK 006.500 - Lieu,M,45.50115287905287,3.500299653020874
201800017189,NonLethal,2018-07-12,14:00:00,Daylight,630,337,No,NoIntersection,Normal,2Vehicles-Side,D39,M,45.56208960064519,3.5621807873900946
201800017190,Lethal,2018-07-30,15:56:00,Daylight,630,162,No,NoIntersection,Normal,2Vehicles-BehindVehicles-Frontal,"départementale 37, lieu-",M,45.50374204090954,3.5047162067384767
201800017191,NonLethal,2018-04-01,16:35:00,Daylight,630,178,Yes,T-type,Normal,2Vehicles-Side,intersection rue des fou,M,45.54299931196879,3.541064489486224
201800017193,NonLethal,2018-06-13,08:20:00,Daylight,630,178,Yes,NoIntersection,Normal,Other,68 route de perrier,M,45.54359456546962,3.543524716398568
201800017194,NonLethal,2018-06-27,19:00:00,Daylight,630,178,Yes,NoIntersection,Normal,2Vehicles-Behind,boulevard JF KENNEDY,M,45.54769373780744,3.54695200366976
201800017195,NonLethal,2018-06-29,23:45:00,NightStreelightsOn,630,178,Yes,Roundabout,Normal,2Vehicles-Side,Carrefour Marius Courtia,M,45.54478282099479,3.545593521081647
201800017196,NonLethal,2018-07-16,09:55:00,Daylight,630,80,No,NoIntersection,Normal,Other,D 978,M,45.59020483950112,3.5914006939427967
201800017197,NonLethal,2018-08-04,11:00:00,Daylight,630,54,No,NoIntersection,Normal,2Vehicles-BehindVehicles-Frontal,D718,M,,
201800017198,NonLethal,2018-08-21,17:55:00,Daylight,630,109,No,T-type,Normal,Other,Intersec CD26 et CD23,M,45.55014691054916,3.549670264867246
201800017199,NonLethal,2018-04-10,07:55:00,Daylight,630,178,Yes,NoIntersection,Normal,2Vehicles-Side,Rue du 14 juillet,M,45.54956934185791,3.547658124650471
201800017200,NonLethal,2018-10-28,17:45:00,NightNoStreetLight,630,178,No,Other,HeavyRain,2Vehicles-BehindVehicles-Frontal,D996 - route de Parentig,M,45.544863730438486,3.544200482230671
201800017201,NonLethal,2018-12-26,11:30:00,Daylight,630,178,Yes,X-type,Normal,Other,boulevard Jules Cibrand,M,45.54451389678993,3.544799957693804
201800017202,NonLethal,2018-02-10,17:00:00,Daylight,630,375,No,NoIntersection,Normal,Other,D24,M,45.49077730441672,3.491448128609854
201800017204,NonLethal,2018-06-30,15:45:00,Daylight,630,448,No,T-type,Normal,Other,D999 - PK 24+500,M,45.46803282294149,3.469383476914845
201800017205,NonLethal,2018-10-27,01:40:00,NightStreelightsOn,630,182,Yes,Y-type,Normal,Other,rue du pont d'allier,M,45.430057805709566,3.428074772014993
201800017206,Lethal,2018-03-11,06:20:00,NightStreelightsOn,630,366,No,X-type,Normal,Other,lieu dit ventalon RD214,M,45.51170907419188,3.5134218654623703
201800017207,Lethal,2018-11-24,10:15:00,Daylight,630,444,No,NoIntersection,Normal,Other,RD 996 - PK 70,M,,
201800017208,NonLethal,2018-06-04,18:40:00,Daylight,630,114,No,X-type,Normal,2Vehicles-Behind,RD 214,M,45.43914083928052,3.4380254758899014
201800017209,NonLethal,2018-07-17,19:15:00,Daylight,630,7,No,NoIntersection,Normal,2Vehicles-BehindVehicles-Frontal,RD28,M,,
201800017210,Lethal,2018-05-08,00:40:00,NightNoStreetLight,630,352,No,NoIntersection,Normal,2Vehicles-BehindVehicles-Frontal,PK 7+200,M,45.47138484293795,3.468224885649832
201800017211,NonLethal,2018-08-20,14:00:00,Daylight,630,9,No,NoIntersection,Normal,NoCollision,D 28,M,,
201800017212,Lethal,2018-11-03,00:01:00,NightNoStreetLight,630,299,No,NoIntersection,Other,NoCollision,CD 142 PK 7+600,M,45.42825437977356,3.4293328341409093
201800017214,NonLethal,2018-06-22,17:45:00,Daylight,630,397,No,NoIntersection,Normal,Other,D996 - pk 002+700,M,45.600688671320256,2.6022943672996908
201800017215,NonLethal,2018-06-23,18:55:00,Daylight,630,236,No,NoIntersection,Normal,Other,rd 36 PK 53+900 croissan,M,,
201800017216,NonLethal,2018-08-09,09:30:00,Daylight,630,397,No,NoIntersection,Overcast,2Vehicles-BehindVehicles-Frontal,"cd 996, pk2",M,45.599565982692425,2.599184080568613
201800017217,NonLethal,2018-08-11,11:15:00,Daylight,630,426,No,T-type,Normal,3+Vehicles-Multiple,RD 922,M,45.55367695931788,2.5522355014077798
201800017218,NonLethal,2018-11-09,13:30:00,Daylight,630,236,Yes,Y-type,Normal,2Vehicles-Side,rue de la saigne,M,45.566897059765424,2.567923666453906
201800017219,NonLethal,2018-12-29,02:45:00,NightNoStreetLight,630,192,Yes,NoIntersection,Normal,Other,rue de la pavade,M,45.53369180121519,2.5324911841673328
201800017220,NonLethal,2018-11-02,17:30:00,Daylight,630,332,No,NoIntersection,Overcast,2Vehicles-BehindVehicles-Frontal,route du puy de dôme,M,,
201800017222,NonLethal,2018-04-19,18:40:00,Daylight,630,148,Yes,X-type,Normal,2Vehicles-Side,route de Clermont,M,45.89474710491857,3.8936828961580856
201800017223,NonLethal,2018-04-27,15:05:00,Daylight,630,295,Yes,X-type,Normal,2Vehicles-Side,19 rue commerce/rue Riom,M,46.01354761448627,3.013756927755981
201800017224,Lethal,2018-04-05,20:50:00,NightNoStreetLight,630,372,No,NoIntersection,Normal,NoCollision,CD 224 PK l8+47,M,,
201800017226,NonLethal,2018-10-27,22:45:00,NightStreelightsOn,630,332,Yes,NoIntersection,Normal,Other,6ter & 8 ter rue du puy,M,45.99521774013832,3.994845149332275
201800017227,NonLethal,2018-12-17,13:55:00,Daylight,630,362,No,X-type,Normal,2Vehicles-BehindVehicles-Frontal,CD210,M,45.91778645127851,3.916683186887417
201800017229,NonLethal,2018-12-31,18:15:00,NightNoStreetLight,630,424,No,NoIntersection,Normal,Other,D91,M,45.94234979426993,3.9388726757118016
201800017230,NonLethal,2018-01-16,18:15:00,NightStreelightsOn,630,55,Yes,T-type,HeavyRain,Other,av des combrailles/Forge,M,45.839196736711216,2.837990641212499
201800017231,NonLethal,2018-02-17,12:00:00,Daylight,630,85,No,NoIntersection,LightRain,NoCollision,Départementale 62,M,45.885933533856765,2.886460513249509
201800017233,NonLethal,2018-06-10,15:50:00,Daylight,630,170,No,NoIntersection,HeavyRain,2Vehicles-BehindVehicles-Frontal,RD 941,M,45.84356329530084,2.843837957407909
201800017236,Lethal,2018-04-08,15:20:00,Daylight,630,85,No,NoIntersection,Normal,2Vehicles-BehindVehicles-Frontal,Rd 62,M,,
201800017237,NonLethal,2018-05-08,11:00:00,Daylight,630,283,No,NoIntersection,Normal,Other,lieu dit montglandier,M,,
201800017238,NonLethal,2018-08-07,12:20:00,Daylight,630,290,No,X-type,Normal,2Vehicles-Side,CD 90 - PK 35 +100,M,45.90002524008168,2.901047100753112
201800017239,NonLethal,2018-10-07,09:15:00,Daylight,630,170,No,NoIntersection,LightRain,Other,D941,M,45.83535654001591,2.8365722046969
201800017240,NonLethal,2018-10-12,17:30:00,Daylight,630,385,Yes,NoIntersection,Normal,NoCollision,lieu dit BONNABEAU,M,45.7876153265122,2.7869062922566115
201800017241,NonLethal,2018-10-28,13:00:00,Daylight,630,228,No,NoIntersection,LightRain,Other,Lieu-dit Grégotier,M,45.90950832168501,2.9080939763308207
201800017242,NonLethal,2018-01-11,17:15:00,TwilightOrDawn,630,118,Yes,X-type,Normal,NoCollision,Le bourg,M,45.85281094179096,2.852657409398287
201800017243,Lethal,2018-01-03,07:50:00,TwilightOrDawn,630,281,No,NoIntersection,Overcast,Other,rd 1089,M,46.127028243801576,2.124805401857229
201800017244,NonLethal,2018-06-30,12:10:00,Daylight,630,67,No,NoIntersection,Normal,NoCollision,"RD 227, lieu dit le fas",M,,
201800017245,NonLethal,2018-01-08,19:55:00,Daylight,630,391,Yes,NoIntersection,Normal,NoCollision,le bourg,M,,
201800017246,NonLethal,2018-08-12,18:00:00,Daylight,630,391,No,NoIntersection,Normal,NoCollision,RD 109 PK 07+100,M,,
201800017247,NonLethal,2018-08-24,14:15:00,Daylight,630,338,No,NoIntersection,LightRain,Other,Le sucharet,M,46.1459305833954,2.1469537493959896
201800017248,NonLethal,2018-08-24,12:50:00,Daylight,630,391,No,NoIntersection,LightRain,Other,RD16,M,46.06819124684183,2.067071785872868
201800017249,NonLethal,2018-09-15,17:55:00,Daylight,630,344,No,NoIntersection,Normal,Other,Route départementale 16,M,46.10270897292336,2.102039198062149
201800017251,NonLethal,2018-12-27,20:30:00,NightNoStreetLight,630,338,Yes,NoIntersection,Normal,Other,rue des brandes,M,46.16160494116611,2.161294500757088
201800017252,NonLethal,2018-05-01,17:20:00,NightStreelightsOn,630,430,Yes,NoIntersection,HeavyRain,Other,22 avenue du général DE,M,45.84346875174143,3.842702945166225
201800017253,NonLethal,2018-11-02,10:45:00,Daylight,630,276,No,NoIntersection,LightRain,2Vehicles-BehindVehicles-Frontal,Lieu dit Vernières,M,45.83322441848641,3.832529063794205
201800017254,NonLethal,2018-03-10,06:15:00,NightNoStreetLight,630,138,No,NoIntersection,HeavyRain,Other,Lieu-dit MAILLET,M,45.89419842784093,3.895415704250015
201800017255,NonLethal,2018-04-24,07:40:00,Daylight,630,430,Yes,NoIntersection,FogOrSmoke,Other,rue torpilleur sirrocco,M,45.84007360578894,3.838473969300094
201800017256,Lethal,2018-04-26,07:00:00,Daylight,630,276,No,X-type,Normal,2Vehicles-Side,croisement D335 et D906,M,45.83170145523827,3.833169193230729
201800017257,Lethal,2018-05-27,16:20:00,Daylight,630,430,No,Y-type,HeavyRain,2Vehicles-Side,D44,M,45.86391889489039,3.863985904953607
201800017258,NonLethal,2018-06-02,12:50:00,Daylight,630,267,No,NoIntersection,Normal,2Vehicles-BehindVehicles-Frontal,Les Pins des Sarraix,M,45.89745892080567,3.898599996173606
201800017259,NonLethal,2018-06-17,08:20:00,Daylight,630,72,No,NoIntersection,Normal,NoCollision,la goutte du mouchon,M,45.877584213806685,3.880234374391797
201800017260,NonLethal,2018-06-29,08:30:00,Daylight,630,430,No,X-type,Normal,2Vehicles-Side,iloa,M,45.87359378497359,3.873257420450736
201800017261,NonLethal,2018-07-30,18:00:00,Daylight,630,276,Yes,NoIntersection,Normal,NoCollision,44 route de billom,M,45.8271047057514,3.828553626119217
201800017262,NonLethal,2018-08-13,13:15:00,Daylight,630,276,No,NoIntersection,Normal,2Vehicles-BehindVehicles-Frontal,Lieu dit Verrières,M,,
201800017263,NonLethal,2018-08-13,14:40:00,Daylight,630,430,No,Other,Normal,NoCollision,membrun,M,46.50921220914923,2.5106130747659545
201800017264,NonLethal,2018-01-09,10:00:00,Daylight,630,463,No,NoIntersection,Normal,Other,Lieu dit Fontbonne,M,45.81976844289063,3.819887620903021
201800017265,NonLethal,2018-09-30,13:20:00,Daylight,630,430,Yes,NoIntersection,Normal,NoCollision,Avenue Joseph Claussat,M,45.85434090700494,3.854576609221018
201800017266,NonLethal,2018-08-11,17:45:00,NightStreelightsOn,630,430,Yes,T-type,Normal,2Vehicles-Side,avenue Léo Lagrange,M,45.847878120872416,3.849195195369703
201800017267,NonLethal,2018-11-26,17:30:00,NightStreelightsOn,630,72,Yes,NoIntersection,LightRain,Other,rue de Clermont,M,45.88003161800795,3.8779207152121407
201800017269,NonLethal,2018-02-15,15:00:00,Daylight,630,265,No,T-type,Overcast,2Vehicles-BehindVehicles-Frontal,rd 224,M,45.88292720058945,3.884993913743444
201800017270,NonLethal,2018-05-18,16:10:00,Daylight,630,195,Yes,Other,Normal,Other,Rue des augustins,M,45.82722714319306,3.827477296214758
201800017273,NonLethal,2018-07-12,19:10:00,Daylight,630,195,No,NoIntersection,Normal,2Vehicles-BehindVehicles-Frontal,D2089 - PK34,M,45.82153740221088,3.823004678334312
201800017274,NonLethal,2018-07-10,13:00:00,Daylight,630,125,Yes,NoIntersection,Normal,Other,14 rue de Lagat,M,45.76336294811768,3.7626569804563
201800017276,NonLethal,2018-06-09,12:20:00,Daylight,630,125,No,NoIntersection,LightRain,NoCollision,D 223,M,45.77046775410001,3.768913165607701
201800017277,NonLethal,2018-09-30,11:45:00,Daylight,630,195,No,Y-type,Normal,2Vehicles-Side,INTERSECTION Dll5 ET D22,M,45.80420632888119,3.804153961741507
201800017278,Lethal,2018-12-13,21:15:00,NightNoStreetLight,630,15,No,NoIntersection,FogOrSmoke,Other,Lieu dit la croix neuve,M,45.75587281185507,3.756487383802489
201800017280,NonLethal,2018-01-27,05:43:00,NightNoStreetLight,630,210,No,NoIntersection,Normal,Other,D 223,M,45.91788316447398,3.9170061441503865
201800017281,NonLethal,2018-03-12,17:30:00,Daylight,630,180,No,NoIntersection,LightRain,Other,"D 327, lieu dit Medagues",M,,
201800017282,NonLethal,2018-04-20,16:25:00,Daylight,630,180,No,NoIntersection,Normal,2Vehicles-BehindVehicles-Frontal,ROUTE DE LEMPTY,M,45.85044703670333,3.8503190312034974
201800017283,NonLethal,2018-08-15,14:45:00,Daylight,630,271,Yes,Y-type,Normal,Other,La chauprillade,M,45.90123751904275,3.900799437829904
201800017284,NonLethal,2018-08-29,15:14:00,Daylight,630,271,Yes,T-type,Normal,2Vehicles-Side,D906 PK 83+400,M,45.92514602556655,3.9258033740598752
201800017285,NonLethal,2018-01-09,13:45:00,Daylight,630,271,No,NoIntersection,Normal,Other,"1O6 route de Thiers, lie",M,45.91242884855349,3.910338726033231
201800017286,NonLethal,2018-10-28,18:15:00,NightNoStreetLight,630,128,No,NoIntersection,LightRain,NoCollision,RD 224 - PK 12+400,M,45.905830910891176,3.903822145689475
201800017287,NonLethal,2018-01-03,07:20:00,TwilightOrDawn,890,478,No,NoIntersection,SnowOrHail,3+Vehicles-Chain,D 606,M,47.69081085632506,3.6909471930349858
201800017289,NonLethal,2018-04-25,21:30:00,NightNoStreetLight,890,256,No,NoIntersection,Other,Other,Route de Courson,M,47.668706547153896,3.6701010254011193
201800017290,NonLethal,2018-05-14,07:00:00,TwilightOrDawn,890,237,Yes,X-type,HeavyRain,2Vehicles-Side,CD 95O - AVIGNY,M,47.58916127747117,3.586350142853578
201800017291,Lethal,2018-05-17,22:40:00,NightNoStreetLight,890,125,No,NoIntersection,Normal,2Vehicles-BehindVehicles-Frontal,RN 151,M,47.60633764595606,3.602954850696009
201800017292,Lethal,2018-05-31,06:55:00,TwilightOrDawn,890,155,No,NoIntersection,Normal,2Vehicles-BehindVehicles-Frontal,D606 PK97+680,M,47.71991771553773,3.717224658577482
201800017293,Lethal,2018-07-05,15:00:00,Daylight,890,233,Yes,NoIntersection,LightRain,2Vehicles-Behind,D606,M,47.62959153793372,3.629120248964458
201800017294,Lethal,2018-07-23,00:45:00,NightNoStreetLight,890,30,No,NoIntersection,Normal,Other,chemin vicinal,M,47.64208329401825,3.64428379507004
201800017295,NonLethal,2018-10-11,01:30:00,NightNoStreetLight,890,478,No,NoIntersection,Normal,Other,D100,M,47.677589153554045,3.678550230262232
201800017297,NonLethal,2018-10-02,05:20:00,NightStreelightsOff,890,382,Yes,T-type,Normal,2Vehicles-Side,avenue Colbert,M,47.90613392011651,3.907392509542547
201800017298,NonLethal,2018-02-20,19:20:00,NightNoStreetLight,890,198,No,NoIntersection,Normal,NoCollision,D48,M,47.87886456408084,3.881139016859892
201800017299,NonLethal,2018-03-14,13:45:00,Daylight,890,68,Yes,X-type,Normal,2Vehicles-Side,rue du pressoir,M,47.81593951744793,3.817543394531969
201800017300,NonLethal,2018-04-25,15:30:00,Daylight,890,68,Yes,X-type,Normal,NoCollision,RD 62,M,47.81163819463448,3.81285912085841
201800017301,Lethal,2018-05-18,17:30:00,Daylight,890,382,Yes,T-type,Normal,2Vehicles-Side,RD84,M,47.89974541650052,3.90081188993163
201800017302,NonLethal,2018-05-19,15:30:00,Daylight,890,307,No,MoreThan4Branches,Normal,2Vehicles-Side,INTERSECTION N77/D8,M,47.88956851153731,3.8904950525428266
201800017303,NonLethal,2018-05-24,20:30:00,Daylight,890,31,No,NoIntersection,Normal,NoCollision,D80 PK 6,M,47.91292025855099,3.9135289130050737
201800017305,NonLethal,2018-07-02,17:15:00,Daylight,890,200,No,NoIntersection,Normal,2Vehicles-BehindVehicles-Frontal,D91,M,47.93212595213323,3.9333384558108606
201800017306,NonLethal,2018-07-02,10:00:00,Daylight,890,382,Yes,X-type,Normal,2Vehicles-Side,Départementale 84,M,47.90754491729943,3.910249370988158
201800017307,NonLethal,2018-07-09,14:30:00,Daylight,890,34,No,NoIntersection,Normal,Other,D965,M,47.8132235705607,3.8144473352220953
201800017308,NonLethal,2018-07-13,13:00:00,Daylight,890,13,No,NoIntersection,Normal,2Vehicles-BehindVehicles-Frontal,Nationale 6,M,47.84872727770433,3.848089408247164
201800017309,NonLethal,2018-08-01,11:45:00,Daylight,890,263,No,NoIntersection,Normal,Other,Avenue de paris,M,47.84788337359124,3.8467552609884574