AccidentId,Gravity,Date,Hour,Light,Department,Commune,InAgglomeration,IntersectionType,Weather,CollisionType,PostalAddress,GPSCode,Latitude,Longitude
201800017310,Lethal,2018-08-14,19:00:00,Daylight,890,34,No,NoIntersection,Normal,NoCollision,D524,M,47.818372883817375,3.8199153835307262
201800017311,Lethal,2018-08-18,05:30:00,TwilightOrDawn,890,226,No,NoIntersection,Normal,Other,N77,M,47.88556899885934,3.885530764087173
201800017312,NonLethal,2018-09-01,13:50:00,Daylight,890,263,Yes,NoIntersection,Normal,Other,3 rue des marronniers -,M,47.85834310477947,3.858697157680048
201800017313,Lethal,2018-09-13,18:15:00,TwilightOrDawn,890,198,No,NoIntersection,Normal,2Vehicles-BehindVehicles-Frontal,Route d'Auxerre,M,47.87220604089725,3.8731763943348256
201800017314,NonLethal,2018-09-19,14:55:00,Daylight,890,201,No,NoIntersection,Normal,2Vehicles-BehindVehicles-Frontal,RD91,M,47.92817191831876,3.927915028235996
201800017315,Lethal,2018-11-01,19:00:00,NightNoStreetLight,890,263,No,NoIntersection,Normal,Other,N6,M,47.84346871706954,3.842999455020451
201800017316,NonLethal,2018-12-11,21:25:00,NightStreelightsOn,890,263,Yes,NoIntersection,Normal,Other,1 bis rue de SEIGNELAY,M,47.84945939474845,3.851442459668044
201800017317,NonLethal,2018-01-15,07:00:00,NightNoStreetLight,890,345,Yes,NoIntersection,Normal,Other,Avenue du 08 mai 1945,M,47.99920661088619,3.001302587197446
201800017319,NonLethal,2018-05-21,18:57:00,Daylight,890,276,Yes,NoIntersection,Normal,2Vehicles-BehindVehicles-Frontal,Départemental 112 Lieu-d,M,48.0523056200335,3.053776406633714
201800017320,NonLethal,2018-06-04,14:50:00,Daylight,890,276,No,NoIntersection,Normal,Other,N 77 Courcelle pk 35,M,48.03051092110281,3.031625515568394
201800017321,NonLethal,2018-06-08,13:15:00,Daylight,890,425,No,X-type,Normal,2Vehicles-Side,D 220,M,48.05836018582834,3.058394783081371
201800017322,NonLethal,2018-09-01,20:00:00,TwilightOrDawn,890,436,Yes,NoIntersection,Normal,Other,18 RUE DES ROCHES,M,48.01875763929296,3.019687744819725
201800017323,NonLethal,2018-09-18,08:45:00,Daylight,890,436,Yes,NoIntersection,Normal,Other,2 impasse des Parisiens,M,48.03701898015071,3.037172811908176
201800017324,NonLethal,2018-11-07,17:45:00,NightStreelightsOn,890,345,Yes,T-type,LightRain,2Vehicles-Side,Place dilo,M,48.003190729609344,3.002912641287333
201800017326,Lethal,2018-01-12,16:20:00,Daylight,890,345,No,NoIntersection,Overcast,Other,avenue de Genève,M,47.99776588212647,3.996035426289098
201800017327,NonLethal,2018-11-12,11:25:00,Daylight,890,345,No,NoIntersection,Normal,NoCollision,RN 77,M,48.00589271133081,3.0056245817031333
201800017328,Lethal,2018-11-12,16:10:00,Daylight,890,398,Yes,NoIntersection,Normal,Other,rue guillot,M,48.09013606872556,3.0890708511835707
201800017329,NonLethal,2018-12-12,14:40:00,Daylight,890,219,No,NoIntersection,VeryGood,3+Vehicles-Multiple,RN77,M,48.06549758836385,3.066427039884952
201800017330,NonLethal,2018-12-01,23:00:00,NightNoStreetLight,890,221,No,NoIntersection,FogOrSmoke,NoCollision,D4,M,47.69507020497933,3.695159222367285
201800017331,NonLethal,2018-08-04,15:20:00,Daylight,890,368,Yes,NoIntersection,Normal,2Vehicles-Side,ROUTE DES JANETS,M,47.61599323558387,3.613856691229592
201800017332,NonLethal,2018-12-05,11:00:00,Daylight,890,419,No,NoIntersection,Normal,Other,les crançons,M,47.71978407573298,3.719827257460185
201800017333,NonLethal,2018-06-17,15:30:00,Daylight,890,254,No,NoIntersection,Normal,2Vehicles-BehindVehicles-Frontal,RD 965,M,47.696637970536045,3.6962400961664086
201800017334,NonLethal,2018-06-20,16:30:00,Daylight,890,221,No,NoIntersection,Normal,Other,départementale 1,M,47.69707122646066,3.695942459375049
201800017335,NonLethal,2018-07-22,11:50:00,Daylight,890,273,No,T-type,Normal,2Vehicles-Side,carrefour chemin communa,M,47.60476920717162,3.6037462817214574
201800017336,NonLethal,2018-08-31,20:15:00,NightStreelightsOn,890,324,No,NoIntersection,Normal,2Vehicles-BehindVehicles-Frontal,rue andré henriat,M,47.73633898258632,2.7365240477528765
201800017337,Lethal,2018-09-14,17:30:00,Daylight,890,419,Yes,NoIntersection,Normal,Other,8 rue du patis,M,47.73414405212652,3.734120289238912
201800017338,NonLethal,2018-10-11,10:10:00,Daylight,890,352,No,NoIntersection,Normal,NoCollision,d90,M,47.67743200906535,3.6770683826012167
201800017339,NonLethal,2018-12-10,09:00:00,Daylight,890,420,No,NoIntersection,Normal,Other,lieu-dit les carrières -,M,47.58993169891383,3.5876157438311056
201800017340,NonLethal,2018-10-27,08:30:00,TwilightOrDawn,890,365,No,NoIntersection,FogOrSmoke,NoCollision,D52,M,47.7004936226503,3.699515292385012
201800017341,NonLethal,2018-01-12,21:30:00,NightNoStreetLight,890,254,No,NoIntersection,LightRain,Other,Route départementale 7,M,47.68916719847354,3.6878290782913927
201800017342,NonLethal,2018-03-12,00:15:00,NightNoStreetLight,890,420,No,NoIntersection,LightRain,Other,rue de la maison blanche,M,47.54564152997589,3.5448029098488583
201800017343,NonLethal,2018-04-22,19:00:00,Daylight,890,25,No,NoIntersection,Normal,NoCollision,PK 2+200,M,47.45931197555124,3.460631270860469
201800017345,NonLethal,2018-09-05,21:00:00,Daylight,890,349,No,NoIntersection,Normal,NoCollision,Lieu dit Moulin SIMMONNE,M,47.38087674968986,4.381087155510546
201800017346,NonLethal,2018-06-22,16:15:00,Daylight,890,306,Yes,X-type,Normal,2Vehicles-Side,chemin du foulon,M,47.490577721461314,3.491106284589817
201800017347,NonLethal,2018-05-07,09:55:00,Daylight,890,203,No,NoIntersection,LightRain,2Vehicles-BehindVehicles-Frontal,route départementale 957,M,47.47484503124264,3.4740206432012983
201800017349,NonLethal,2018-07-21,18:00:00,Daylight,890,364,No,NoIntersection,Normal,2Vehicles-BehindVehicles-Frontal,D 957,M,47.463024265658746,3.4650189303248524
201800017350,NonLethal,2018-07-21,16:00:00,Daylight,890,159,No,X-type,Normal,2Vehicles-Side,champs ravier,M,47.51810897156562,3.5155319793144497
201800017351,NonLethal,2018-07-24,03:45:00,NightNoStreetLight,890,159,No,NoIntersection,Normal,2Vehicles-Behind,"D944, PR 49+270",M,47.519572339473385,3.5194314190281677
201800017352,NonLethal,2018-07-27,08:50:00,Daylight,890,25,Yes,NoIntersection,Normal,2Vehicles-Behind,face au 47 route de lorm,M,47.48561523600303,3.485589374494719
201800017353,NonLethal,2018-07-31,16:40:00,Daylight,890,485,No,NoIntersection,Normal,2Vehicles-BehindVehicles-Frontal,D 950 PK 79+500,M,47.55677495394407,3.5578983492777736
201800017355,NonLethal,2018-09-29,12:00:00,Daylight,890,25,Yes,NoIntersection,Normal,2Vehicles-Side,avenue de la morlande,M,47.491347151438255,3.4924660112094053
201800017357,NonLethal,2018-07-01,14:00:00,Daylight,890,246,No,NoIntersection,Normal,NoCollision,départemental 86,M,47.64437643578606,3.6462586305667695
201800017358,NonLethal,2018-07-19,11:15:00,Daylight,890,351,No,T-type,Normal,2Vehicles-Side,Route communale,M,47.45403464994605,4.453547911761376
201800017359,NonLethal,2018-11-11,15:55:00,Daylight,890,379,Yes,NoIntersection,Normal,Other,rue François Magdelaine,M,47.49353522870001,4.49638856100083
201800017361,NonLethal,2018-01-18,12:00:00,Daylight,890,5,Yes,NoIntersection,LightRain,2Vehicles-BehindVehicles-Frontal,rue de l'église,M,47.77438809658244,4.775916748690738
201800017362,Lethal,2018-02-02,13:35:00,Daylight,890,418,No,X-type,Normal,2Vehicles-Side,D 965 PK 28+195,M,47.84169724454272,3.843866046432192
201800017363,NonLethal,2018-05-18,08:20:00,Daylight,890,168,No,NoIntersection,Normal,Other,D 965 - PR 34+590,M,47.8132546724027,3.8126970798205537
201800017365,NonLethal,2018-06-07,16:20:00,Daylight,890,418,No,NoIntersection,Normal,Other,route de Paris à Genève,M,47.8622786811605,3.863503170383058
201800017366,NonLethal,2018-07-24,14:55:00,Daylight,890,418,Yes,Roundabout,Normal,2Vehicles-Side,rond point des ovis,M,47.8502369509827,3.852353877377693
201800017368,NonLethal,2018-10-15,00:30:00,NightNoStreetLight,890,418,No,NoIntersection,Normal,NoCollision,D43 - PR43+300,M,47.862849931315694,3.8653532304175298
201800017370,Lethal,2018-01-30,09:00:00,Daylight,890,88,No,X-type,Normal,2Vehicles-Side,RD57,M,47.850804524644616,3.853198771286999
201800017371,NonLethal,2018-07-06,12:30:00,Daylight,890,86,No,NoIntersection,Normal,2Vehicles-BehindVehicles-Frontal,Lieu-dit Les girandes,M,47.85099300636032,3.850826913482629
201800017372,NonLethal,2018-06-23,11:50:00,Daylight,890,86,No,NoIntersection,Normal,Other,D 950 - GRANDCHAMP,M,47.78704310109464,3.788527506631976
201800017374,NonLethal,2018-06-25,15:00:00,Daylight,890,86,Yes,NoIntersection,Normal,Other,route de Saint-Martin,M,47.87840777424844,3.877215886731969
201800017375,NonLethal,2018-05-07,17:55:00,Daylight,890,86,No,NoIntersection,Normal,Other,"CD18, VILLEFRANCHE",M,47.959353787936784,3.961212648521296
201800017376,NonLethal,2018-07-23,16:45:00,Daylight,890,360,No,NoIntersection,VeryGood,2Vehicles-BehindVehicles-Frontal,RD4,M,47.81579298182353,3.8171744528823366
201800017377,Lethal,2018-12-09,17:40:00,Daylight,890,103,No,NoIntersection,Normal,2Vehicles-BehindVehicles-Frontal,RD 16 à CHEVILLON PK 15,M,47.91831251775863,3.919512651499514
201800017378,NonLethal,2018-03-11,20:50:00,NightStreelightsOff,890,281,Yes,NoIntersection,FogOrSmoke,NoCollision,24 RUE DU COUVENT,M,47.85216595139901,3.850506022513831
201800017380,NonLethal,2018-01-14,22:26:00,NightNoStreetLight,890,460,No,NoIntersection,LightRain,Other,RD 606,M,48.33998424750087,3.3393721963424894
201800017381,NonLethal,2018-01-28,18:45:00,NightNoStreetLight,890,255,No,X-type,LightRain,NoCollision,carrefour D23/D222,M,48.31424956125251,3.315625326377646
201800017382,NonLethal,2018-04-15,11:40:00,Daylight,890,391,No,X-type,Normal,2Vehicles-Side,intersection D976 - D470,M,48.34521720662774,3.346231108681826
201800017383,NonLethal,2018-04-15,20:00:00,TwilightOrDawn,890,309,Yes,NoIntersection,Normal,2Vehicles-BehindVehicles-Frontal,quai des buttes,M,48.290529666410215,3.289414933704404
201800017384,NonLethal,2018-04-27,04:26:00,NightStreelightsOff,890,309,Yes,Other,Normal,Other,37 avenue du général Lec,M,48.28109395595787,3.282254204396119
201800017385,NonLethal,2018-04-29,23:45:00,NightNoStreetLight,890,391,Yes,NoIntersection,HeavyRain,Other,4 rue Geoffroy de Sargin,M,48.34284713355977,3.3417100348062405
201800017386,NonLethal,2018-05-01,20:25:00,Daylight,890,369,Yes,X-type,Normal,2Vehicles-Side,D82,M,48.24811003496965,3.24775926166203
201800017387,NonLethal,2018-05-16,17:50:00,Daylight,890,309,Yes,NoIntersection,Normal,2Vehicles-Behind,29 avenue du Général Lec,M,48.28399435094281,3.283601564649409
201800017388,NonLethal,2018-06-24,13:25:00,Daylight,890,449,Yes,X-type,Normal,2Vehicles-Side,Carrefour RD 606 - RD 33,M,48.33176144625292,3.334303617109696
201800017389,Lethal,2018-07-07,23:00:00,NightNoStreetLight,890,189,Yes,NoIntersection,Normal,Other,D25,M,48.28284358771845,3.283419838149248
201800017390,NonLethal,2018-07-15,05:00:00,TwilightOrDawn,890,469,Yes,NoIntersection,Normal,Other,"1 rue des chênes ""grange",M,48.32769451828346,3.3271790084983395
201800017391,NonLethal,2018-07-21,15:05:00,Daylight,890,255,No,NoIntersection,Normal,3+Vehicles-Multiple,D976,M,48.3085776001977,3.309421615257236
201800017393,Lethal,2018-08-22,13:48:00,Daylight,890,255,No,NoIntersection,Normal,2Vehicles-BehindVehicles-Frontal,D23,M,48.298245484020605,3.296897140001862
201800017395,NonLethal,2018-11-08,06:45:00,NightNoStreetLight,890,136,No,NoIntersection,FogOrSmoke,Other,D 606 PR 18+500,M,48.25838550607271,3.2581366911270555
201800017396,NonLethal,2018-11-14,18:00:00,NightNoStreetLight,890,391,No,X-type,Normal,Other,D976,M,48.34650622628488,3.348249994363944
201800017397,NonLethal,2018-12-13,17:00:00,TwilightOrDawn,890,460,Yes,NoIntersection,Normal,Other,27 route de misy,M,48.348662565735246,3.3467791167042904
201800017398,NonLethal,2018-01-25,09:10:00,Daylight,890,467,No,NoIntersection,LightRain,Other,CD103 PK29+500,M,48.285605361698586,3.2827431705202885
201800017399,NonLethal,2018-07-24,16:00:00,Daylight,890,380,No,T-type,Normal,2Vehicles-Side,D103,M,48.07755266760107,3.07834512631578
201800017400,NonLethal,2018-11-08,06:30:00,TwilightOrDawn,890,459,No,NoIntersection,Normal,Other,Route départementale 63,M,48.13471291716032,3.1338528203256346
201800017401,NonLethal,2018-08-13,12:30:00,Daylight,890,180,No,T-type,Normal,2Vehicles-Side,CD 370 ldt les frelins,M,48.19077923967958,3.1914347381892125
201800017402,NonLethal,2018-02-03,17:40:00,TwilightOrDawn,890,142,Yes,X-type,LightRain,2Vehicles-Side,rue Saint Gervais,M,48.08185018727899,3.0835990168613563
201800017403,NonLethal,2018-03-12,10:00:00,Daylight,890,350,No,NoIntersection,LightRain,NoCollision,"Lieu dit ""la petite jard",M,47.99703536800631,3.996984204165426
201800017404,NonLethal,2018-02-05,15:50:00,Daylight,890,388,No,Other,Normal,2Vehicles-Side,CD 943,M,47.93963110198493,3.9390525820396327
201800017405,NonLethal,2018-05-10,20:22:00,TwilightOrDawn,890,464,No,Other,Normal,2Vehicles-Side,D 15,M,48.0984669130858,3.095907715731808
201800017406,NonLethal,2018-05-11,08:05:00,Daylight,890,60,No,NoIntersection,Normal,2Vehicles-Side,Lieu dit le Chateau,M,48.058581027905184,3.059284945248397
201800017407,NonLethal,2018-10-28,21:20:00,NightNoStreetLight,890,388,No,NoIntersection,LightRain,NoCollision,D3,M,47.95829161569183,3.957327387073232
201800017408,NonLethal,2018-12-10,13:15:00,Daylight,890,63,No,NoIntersection,Normal,2Vehicles-BehindVehicles-Frontal,DÉPARTEMENTALE 3,M,47.98547850706208,3.984518816527281
201800017409,NonLethal,2018-02-02,16:45:00,Daylight,710,290,Yes,X-type,Normal,2Vehicles-Side,l'épine,M,46.39092994158632,4.391207748071973
201800017410,NonLethal,2018-03-24,10:50:00,Daylight,710,397,No,NoIntersection,Normal,2Vehicles-BehindVehicles-Frontal,D22,M,46.39638522298194,4.395551591882128
201800017411,NonLethal,2018-03-30,14:50:00,Daylight,710,289,No,NoIntersection,Normal,NoCollision,PR 26+900,M,46.30362159660662,4.302477462051226
201800017412,NonLethal,2018-04-20,18:00:00,TwilightOrDawn,710,137,Yes,X-type,Normal,2Vehicles-Side,rd 981,M,46.44302676111386,4.443569532857689
201800017413,NonLethal,2018-05-13,16:50:00,Daylight,710,289,No,NoIntersection,HeavyRain,Other,présentin,M,46.31862226827947,4.319272803705345
201800017414,NonLethal,2018-05-14,00:40:00,NightNoStreetLight,710,470,No,NoIntersection,LightRain,Other,Lieu dit Joux,M,46.34358313300852,4.343334675048993
201800017416,NonLethal,2018-08-14,14:14:00,Daylight,710,55,No,Other,Normal,2Vehicles-Side,ROUTE NATIONALE 79,M,46.363601329563565,4.364597109938152
201800017417,NonLethal,2018-02-02,21:00:00,NightStreelightsOn,710,135,Yes,NoIntersection,Normal,Other,route de quintaine,M,46.43088208595053,4.431582298929467
201800017418,NonLethal,2018-05-06,15:30:00,Daylight,710,416,Yes,NoIntersection,Normal,Other,1015 route d'AZE,M,46.46106938538135,4.46116336433644
201800017419,NonLethal,2018-12-05,10:39:00,Daylight,710,156,No,T-type,Normal,2Vehicles-Behind,d161,M,46.50228584887507,4.502434544121404
201800017421,NonLethal,2018-06-25,16:55:00,Daylight,710,584,Yes,T-type,Normal,2Vehicles-Side,Rue du 19 mars 1962,M,46.44787676531035,4.446991072256306
201800017422,NonLethal,2018-06-27,15:00:00,Daylight,710,543,Yes,T-type,Normal,2Vehicles-Side,Avenue des alpes,M,46.56405010816189,4.563561306294761
201800017423,NonLethal,2018-06-30,15:35:00,Daylight,710,550,No,T-type,Normal,2Vehicles-Side,Départementale 906,M,46.49209568642934,4.492648870710399
201800017424,NonLethal,2018-08-09,17:30:00,Daylight,710,305,No,X-type,Overcast,2Vehicles-BehindVehicles-Frontal,Route champ à bois D15,M,46.470044723448666,4.470469890527514
201800017425,NonLethal,2018-08-11,15:30:00,Daylight,710,305,No,NoIntersection,Normal,2Vehicles-Behind,RD933A,M,46.449567731309415,4.447748426048967
201800017426,NonLethal,2018-02-09,18:05:00,Daylight,710,543,Yes,NoIntersection,Normal,3+Vehicles-Multiple,avenue des Alpes,M,46.56221323291994,4.561820989620695
201800017427,NonLethal,2018-09-05,18:45:00,Daylight,710,267,Yes,NoIntersection,Normal,2Vehicles-BehindVehicles-Frontal,rue du 19 mars 1962,M,46.47057179704886,4.470033032003871
201800017428,NonLethal,2018-12-10,20:35:00,NightStreelightsOn,710,267,Yes,NoIntersection,Normal,Other,Rue du 19 mars 1962,M,46.46748576972449,4.469225429623906
201800017429,NonLethal,2018-10-31,17:45:00,NightStreelightsOn,710,543,Yes,NoIntersection,Normal,Other,748 route de plottes,M,46.54828038484078,4.5455030012601485
201800017430,NonLethal,2018-11-21,08:45:00,Daylight,710,543,Yes,NoIntersection,Overcast,2Vehicles-Behind,"RD56, PK 13 + 500 décroi",M,46.55659475701784,4.557702020981367
201800017431,NonLethal,2018-12-19,16:20:00,TwilightOrDawn,710,14,Yes,X-type,Normal,Other,16 avenue Charles DE GAU,M,46.95259570707038,4.9526189062907084
201800017432,NonLethal,2018-01-13,11:25:00,Daylight,710,14,Yes,NoIntersection,Normal,Other,"Parking Intermarché, Lie",M,46.94543099465086,4.947247605991347
201800017433,NonLethal,2018-01-29,03:15:00,NightNoStreetLight,710,313,No,NoIntersection,Normal,NoCollision,Lieu-dit Les Branges - R,M,46.952647314259565,4.954014936989435
201800017434,NonLethal,2018-02-20,15:30:00,Daylight,710,266,No,T-type,VeryGood,2Vehicles-Side,usseau,M,47.0649400027958,4.06638293574622
201800017435,NonLethal,2018-04-03,07:20:00,TwilightOrDawn,710,14,No,NoIntersection,Overcast,NoCollision,PK 4+900 - RD 120,M,46.897701862735005,4.894839347989184
201800017436,NonLethal,2018-03-24,19:15:00,TwilightOrDawn,710,14,Yes,NoIntersection,Normal,NoCollision,"4, chemin des Ragots",M,46.94944059368706,4.947665057302566
201800017437,NonLethal,2018-04-02,15:10:00,Daylight,710,493,No,NoIntersection,Normal,NoCollision,"RD 973, PK 72",M,46.96184134991907,4.961595749996499
201800017438,NonLethal,2018-04-04,17:40:00,Daylight,710,14,Yes,X-type,LightRain,Other,17 rue de  Paris,M,46.95623580257773,4.956595734883532
201800017440,NonLethal,2018-05-03,12:00:00,Daylight,710,376,No,T-type,Normal,2Vehicles-Side,croisement D277 - D978,M,47.0211519874168,4.021636367608186
201800017441,NonLethal,2018-05-09,21:05:00,TwilightOrDawn,710,190,Yes,X-type,Normal,2Vehicles-Side,15 rue de l'Ile-de-Franc,M,46.98706672655735,4.987380744183614
201800017442,NonLethal,2018-05-25,21:30:00,NightStreelightsOn,710,14,Yes,NoIntersection,Normal,NoCollision,rue niecephore niepce,M,46.97230280837213,4.971014946575464
201800017444,NonLethal,2018-06-26,09:10:00,Daylight,710,144,No,NoIntersection,Normal,2Vehicles-Behind,RD 68l,M,47.04098195704662,4.041177019204103
201800017445,NonLethal,2018-03-07,17:45:00,Daylight,710,14,Yes,Other,Normal,2Vehicles-Side,avenue de la république,M,46.95880556947927,4.960262840476879
201800017446,NonLethal,2018-07-07,09:20:00,Daylight,710,14,Yes,Y-type,Normal,Other,rue de l'arbalète,M,46.950498083450654,4.949508383849615
201800017448,NonLethal,2018-12-07,13:35:00,Daylight,710,14,Yes,NoIntersection,Normal,NoCollision,05 rue de la Garenne Bre,M,,
201800017449,Lethal,2018-07-13,16:20:00,Daylight,710,14,No,NoIntersection,Normal,2Vehicles-BehindVehicles-Frontal,RD 681 - lieu dit la gui,M,46.94727225082845,4.947622421733067
201800017450,NonLethal,2018-07-19,10:20:00,Daylight,710,14,Yes,X-type,VeryGood,Other,avenue Charles de GAULLE,M,46.95414645301486,4.954959882101202
201800017451,NonLethal,2018-07-26,08:15:00,Daylight,710,162,Yes,NoIntersection,VeryGood,3+Vehicles-Chain,rue du vieux Saint Denis,M,46.97464714962644,4.976199316254942
201800017452,NonLethal,2018-08-15,15:25:00,Daylight,710,14,Yes,Square,Normal,2Vehicles-BehindVehicles-Frontal,Place du Carrouge,M,46.94858929144699,4.950534768391095
201800017454,NonLethal,2018-08-25,11:50:00,Daylight,710,266,Yes,NoIntersection,Overcast,Other,"Départementale 88, Hamea",M,47.08974583327579,4.0881202937523495
201800017455,NonLethal,2018-04-09,12:20:00,Daylight,710,535,No,NoIntersection,Normal,2Vehicles-BehindVehicles-Frontal,RD 978 - ROUTE DE CHATEA,M,46.98768625547049,4.988724301098589
201800017456,Lethal,2018-09-19,02:20:00,NightNoStreetLight,710,162,No,NoIntersection,Normal,NoCollision,D 973 PK 55+460 décroiss,M,46.98419458793735,4.983056961968076
201800017458,NonLethal,2018-04-10,11:30:00,Daylight,710,14,Yes,NoIntersection,Normal,Other,27 rue de Parpas,M,46.94935547635124,4.949715676378036
201800017459,NonLethal,2018-10-06,18:20:00,Daylight,710,14,Yes,NoIntersection,Normal,Other,Avenue du 2ème Dragons,M,46.95044167287912,4.950047547181279
201800017460,Lethal,2018-09-10,15:00:00,Daylight,710,14,No,NoIntersection,VeryGood,Other,Route de BEAUNE,M,46.95877103141259,4.959297270631372
201800017461,NonLethal,2018-11-09,18:25:00,NightStreelightsOn,710,14,Yes,X-type,Normal,Other,Rue pernette,M,46.95064270379698,4.949723984975701
201800017462,NonLethal,2018-11-18,17:15:00,TwilightOrDawn,710,162,Yes,NoIntersection,Normal,Other,route de Dracy,M,46.984895597347055,4.986595147704068
201800017463,NonLethal,2018-11-23,17:35:00,NightNoStreetLight,710,530,No,NoIntersection,HeavyRain,2Vehicles-BehindVehicles-Frontal,RD 973- lieu dit veuvrot,M,46.98254786996111,4.979493343976652
201800017464,NonLethal,2018-12-05,14:15:00,Daylight,710,14,Yes,NoIntersection,Normal,2Vehicles-BehindVehicles-Frontal,Route d'Arnay,M,46.95904652017702,4.958751337426066
201800017465,NonLethal,2018-01-05,07:55:00,NightNoStreetLight,710,149,No,NoIntersection,LightRain,2Vehicles-BehindVehicles-Frontal,D978,M,46.86221014340699,4.863406904017409
201800017466,NonLethal,2018-03-24,13:50:00,Daylight,710,409,Yes,X-type,Normal,2Vehicles-Side,le  bourg,M,46.89628894804965,4.8951386556979415
201800017469,NonLethal,2018-04-28,07:00:00,Daylight,710,170,No,NoIntersection,Normal,2Vehicles-Side,Départementale 19 - PK 1,M,46.915149955518,4.913761075262111
201800017470,NonLethal,2018-07-29,12:15:00,Daylight,710,369,No,NoIntersection,Normal,2Vehicles-BehindVehicles-Frontal,Voie verte,M,46.9039540863942,4.9078524604636105
201800017472,NonLethal,2018-09-08,09:20:00,Daylight,710,73,Yes,NoIntersection,VeryGood,NoCollision,Rocade des Chaumottes,M,46.90182387556979,4.90142287570516
201800017473,NonLethal,2018-09-10,12:20:00,Daylight,710,378,Yes,NoIntersection,Normal,NoCollision,chemin de la plaine,M,46.880300797815686,4.880572104190614
201800017474,NonLethal,2018-11-09,06:20:00,NightStreelightsOn,710,73,Yes,NoIntersection,LightRain,Other,Avenue du Général De Gau,M,46.91054617039408,4.909037090778763
201800017475,NonLethal,2018-01-14,10:40:00,Daylight,710,70,No,NoIntersection,Normal,Other,D977 Lieu-dit les Grands,M,46.71197440187076,4.712221453513153
201800017476,NonLethal,2018-03-24,14:25:00,Daylight,710,277,No,Other,Normal,NoCollision,RCEA - PK 34+100,M,46.7379566165415,4.73877778273639
201800017477,NonLethal,2018-06-09,17:00:00,Daylight,710,247,No,X-type,Normal,2Vehicles-Side,RD 18,M,46.70620590757584,4.704700896270369
201800017478,NonLethal,2018-07-16,06:50:00,TwilightOrDawn,710,296,No,NoIntersection,Normal,NoCollision,RUE DE LA RIEPE,M,46.64782579668198,4.648076886988526
201800017479,NonLethal,2018-02-10,08:30:00,Daylight,710,70,Yes,T-type,Normal,2Vehicles-Side,intersection CD981 ET CD,M,46.70856305314279,4.707847973719101
201800017480,NonLethal,2018-04-10,15:25:00,Daylight,710,221,No,NoIntersection,Normal,NoCollision,D1O4 Route de Granges,M,46.759187021330845,4.759946715601894
201800017482,NonLethal,2018-10-21,20:30:00,NightStreelightsOn,710,102,No,NoIntersection,Normal,Other,1 route du bas de sienne,M,46.73011715151616,4.730831734550911
201800017485,NonLethal,2018-12-02,19:40:00,NightStreelightsOn,710,310,Yes,NoIntersection,Overcast,2Vehicles-BehindVehicles-Frontal,avenue de la libération,M,46.74965345818724,4.748095192583453
201800017486,NonLethal,2018-05-23,13:45:00,Daylight,710,187,No,NoIntersection,Normal,2Vehicles-Behind,RN 70 PK 41+870,M,46.7134580300496,4.715175587913646
201800017487,NonLethal,2018-08-06,01:05:00,NightStreelightsOn,710,413,No,NoIntersection,Normal,Other,LIEU DIT LES CHEVREAUX,M,46.8305385692199,4.829588955265215
201800017489,NonLethal,2018-06-29,00:50:00,NightStreelightsOff,710,310,No,Other,Normal,Other,RN 70 - RCEA,M,46.72963344846784,4.731041814511126
201800017490,NonLethal,2018-09-17,17:15:00,Daylight,710,38,No,NoIntersection,Normal,2Vehicles-BehindVehicles-Frontal,CD 102,M,46.75173402524173,4.753608706430667
201800017491,NonLethal,2018-09-20,13:00:00,Daylight,710,282,Yes,NoIntersection,Normal,2Vehicles-BehindVehicles-Frontal,Route du Bois Ruault - R,M,46.826079836768486,4.8245176324920855
201800017492,NonLethal,2018-10-31,15:40:00,Daylight,710,282,No,NoIntersection,Overcast,2Vehicles-BehindVehicles-Frontal,Route départementale 680,M,46.85862948511674,4.856654416305779
201800017493,NonLethal,2018-02-03,19:45:00,NightNoStreetLight,710,428,No,X-type,Normal,2Vehicles-Side,La bergerolle,M,46.19529293981676,4.195167458267253
201800017494,NonLethal,2018-06-11,18:45:00,Daylight,710,133,No,NoIntersection,Normal,NoCollision,en gothard,M,46.28467507574232,4.283131246905485
201800017495,NonLethal,2018-06-23,18:30:00,Daylight,710,120,No,X-type,VeryGood,2Vehicles-Side,Le Verdier,M,46.19457387385736,4.1944949777524165