AccidentId,Gravity,Date,Hour,Light,Department,Commune,InAgglomeration,IntersectionType,Weather,CollisionType,PostalAddress,GPSCode,Latitude,Longitude
201800017496,NonLethal,2018-01-07,09:30:00,Daylight,710,133,Yes,NoIntersection,Normal,2Vehicles-Side,Rue de la promenade (D98,M,46.29045411008415,4.288283453311047
201800017497,NonLethal,2018-07-28,12:45:00,Daylight,710,133,No,NoIntersection,LightRain,NoCollision,RD 985,M,46.28316943532127,4.283650448497061
201800017498,NonLethal,2018-10-26,15:45:00,Daylight,710,133,No,NoIntersection,Normal,2Vehicles-Behind,route de Curbigny,M,46.2953081407742,4.29612419239467
201800017499,Lethal,2018-03-18,06:55:00,TwilightOrDawn,710,230,Yes,NoIntersection,Normal,Other,rue Roger Couderc,M,46.59586144305343,4.594279140083221
201800017500,NonLethal,2018-04-21,17:45:00,Daylight,710,552,No,T-type,Normal,2Vehicles-Side,Lieu-dit CHEZ LE QUATRE,M,46.658867449125246,4.659194466493002
201800017501,NonLethal,2018-04-24,22:30:00,NightNoStreetLight,710,132,No,Other,Normal,2Vehicles-Side,Route Nationale 70,M,46.59688944483925,4.5968271458800745
201800017502,Lethal,2018-05-02,20:00:00,Daylight,710,565,No,NoIntersection,Normal,Other,beaudésir,M,46.62372561570199,4.625410368655025
201800017503,NonLethal,2018-05-05,15:25:00,Daylight,710,111,Yes,NoIntersection,Normal,NoCollision,Lieu-dit Le bois de l'Ag,M,46.60027802927608,4.601450111276898
201800017504,NonLethal,2018-05-14,22:30:00,NightStreelightsOn,710,176,Yes,NoIntersection,LightRain,Other,Avenue des platanes,M,46.482945944339136,3.4831174826737814
201800017505,NonLethal,2018-05-28,19:40:00,Daylight,710,230,Yes,NoIntersection,LightRain,Other,Route du bois du Comte,M,46.58517918454341,4.584648904292713
201800017506,Lethal,2018-07-31,15:55:00,Daylight,710,230,No,NoIntersection,Normal,2Vehicles-Behind,d994,M,46.57826715876078,4.578336386931296
201800017507,Lethal,2018-08-14,11:20:00,Daylight,710,230,Yes,T-type,Normal,2Vehicles-Side,rue de la convention - C,M,46.59744693116376,4.596720253727747
201800017508,NonLethal,2018-08-19,17:45:00,Daylight,710,132,No,NoIntersection,Normal,NoCollision,les terres rouges,M,46.60225755210916,4.602941101755746
201800017509,NonLethal,2018-04-09,12:00:00,Daylight,710,88,No,X-type,Normal,2Vehicles-BehindVehicles-Frontal,lieu dit le vernet,M,46.6174424712357,3.616359560402795
201800017510,NonLethal,2018-09-09,04:00:00,NightNoStreetLight,710,340,No,NoIntersection,Normal,Other,Lieu dit LE MONTET,M,46.56560765203627,4.566227243995327
201800017511,NonLethal,2018-06-01,11:00:00,Daylight,710,528,No,NoIntersection,Normal,2Vehicles-BehindVehicles-Frontal,Route de Lusigny,M,46.62611983409372,5.623876497879519
201800017512,NonLethal,2018-01-13,21:20:00,NightStreelightsOn,710,379,No,NoIntersection,Normal,Other,RD 972 - PK 5+850,M,46.563046568525806,5.563229063835259
201800017513,Lethal,2018-01-18,09:05:00,Daylight,710,263,No,NoIntersection,LightRain,2Vehicles-Side,Dl3,M,46.64993844110341,5.651021572960004
201800017514,NonLethal,2018-02-19,06:10:00,NightStreelightsOn,710,379,Yes,NoIntersection,FogOrSmoke,Other,route du bourg (face au,M,46.59520960347006,5.592898504518633
201800017515,NonLethal,2018-02-28,18:30:00,TwilightOrDawn,710,558,Yes,NoIntersection,Normal,NoCollision,2123 route de sebots,M,46.51446283603344,5.513971679345566
201800017516,NonLethal,2018-02-03,20:35:00,NightNoStreetLight,710,157,No,NoIntersection,Normal,Other,D11,M,46.50140915985298,5.501824440620737
201800017517,NonLethal,2018-04-23,18:00:00,Daylight,710,92,No,NoIntersection,Normal,2Vehicles-BehindVehicles-Frontal,route de sane,M,46.59471824815849,5.5934634043009925
201800017518,NonLethal,2018-05-30,07:50:00,Daylight,710,558,Yes,Other,Normal,Other,186 promenade des amoure,M,46.48226886463598,5.4822169639297
201800017520,NonLethal,2018-05-07,18:20:00,Daylight,710,56,No,NoIntersection,LightRain,2Vehicles-BehindVehicles-Frontal,rue de galbrand,M,46.65775870564351,5.659040061717768
201800017521,NonLethal,2018-07-06,17:20:00,Daylight,710,157,Yes,NoIntersection,Normal,2Vehicles-BehindVehicles-Frontal,Rue des écoles,M,46.49643389651149,5.497692428242925
201800017522,NonLethal,2018-09-03,17:10:00,Daylight,710,263,Yes,T-type,Normal,Other,Place de la Charité,M,46.62787904908196,5.627314479252737
201800017523,Lethal,2018-09-18,15:02:00,Daylight,710,528,No,X-type,Normal,2Vehicles-Side,route de Branges interse,M,46.630061179455616,5.632774773664674
201800017524,NonLethal,2018-06-10,16:40:00,Daylight,710,528,No,NoIntersection,Normal,NoCollision,route du petit Redy,M,46.62536312112571,5.627611502330741
201800017525,NonLethal,2018-10-17,10:20:00,Daylight,710,528,No,NoIntersection,Normal,Other,707 route de lusigny,M,46.625190505737855,5.626498082742391
201800017526,NonLethal,2018-10-20,18:25:00,Daylight,710,263,Yes,NoIntersection,Normal,2Vehicles-Behind,route de bram,M,46.628953390450576,5.629437372112212
201800017527,NonLethal,2018-11-03,11:45:00,Daylight,710,484,Yes,NoIntersection,Normal,Other,le petit Fleury,M,46.68937057483272,5.689320420037735
201800017528,NonLethal,2018-11-11,09:45:00,Daylight,710,196,No,NoIntersection,LightRain,NoCollision,D678,M,46.65614620881929,5.655502661703779
201800017529,NonLethal,2018-11-15,18:00:00,NightNoStreetLight,710,454,No,NoIntersection,FogOrSmoke,NoCollision,rue de la tournelle,M,46.61589143654175,5.615926379800155
201800017530,NonLethal,2018-11-16,22:15:00,NightNoStreetLight,710,143,No,NoIntersection,LightRain,NoCollision,Route de Varennes Saint,M,46.46363606179667,5.4634830866472575
201800017531,NonLethal,2018-11-23,14:30:00,Daylight,710,300,No,NoIntersection,HeavyRain,2Vehicles-BehindVehicles-Frontal,D972,M,46.537002840750695,5.534844285369188
201800017532,NonLethal,2018-11-27,09:30:00,Daylight,710,484,No,NoIntersection,Overcast,2Vehicles-BehindVehicles-Frontal,Route du pierry,M,46.70922941753205,5.70731827186543
201800017536,NonLethal,2018-05-17,14:45:00,Daylight,710,158,No,NoIntersection,Normal,2Vehicles-BehindVehicles-Frontal,D975 route de Torunus,M,46.55797473016934,4.558323043637158
201800017537,NonLethal,2018-05-18,13:10:00,Daylight,710,244,Yes,NoIntersection,Normal,2Vehicles-Side,RD 971,M,46.573689218194986,5.574389628384406
201800017538,NonLethal,2018-07-21,16:00:00,Daylight,710,410,No,NoIntersection,Normal,NoCollision,lieu-dit Le Saugy,M,46.70421318482662,5.703820306966008
201800017539,NonLethal,2018-05-08,18:20:00,Daylight,710,92,No,X-type,Normal,2Vehicles-Side,RD 12,M,46.58529564021023,5.587773598935359
201800017540,NonLethal,2018-08-06,16:00:00,Daylight,710,401,No,NoIntersection,Normal,NoCollision,Route de Louhans,M,46.55930059236288,5.559468170234934
201800017541,NonLethal,2018-08-12,18:00:00,Daylight,710,1,Yes,X-type,Normal,2Vehicles-BehindVehicles-Frontal,Route de Loisy,M,46.5690153643282,4.56874938937281
201800017544,Lethal,2018-10-24,04:10:00,NightNoStreetLight,710,373,No,NoIntersection,Normal,2Vehicles-Behind,RD 975,M,46.48978732998385,5.488330510796899
201800017545,NonLethal,2018-10-26,17:50:00,Daylight,710,244,No,T-type,Normal,2Vehicles-Side,route de Louhans,M,46.569398375401626,5.571638720326651
201800017546,NonLethal,2018-12-13,17:30:00,NightNoStreetLight,710,318,No,NoIntersection,Normal,3+Vehicles-Multiple,"RD 39, LIEU DIT LA CHEVR",M,46.52610284239212,5.524632676531936
201800017547,NonLethal,2018-03-29,12:00:00,Daylight,710,326,Yes,NoIntersection,Normal,NoCollision,Rue des vizerons,M,46.87333409277745,5.873056705343109
201800017549,Lethal,2018-04-08,18:30:00,Daylight,710,351,Yes,NoIntersection,Normal,Other,rue du château,M,46.88389737151795,5.8824574510924
201800017550,NonLethal,2018-10-05,15:25:00,Daylight,710,295,No,NoIntersection,Overcast,Other,64 route de Chalon,M,46.80546993090217,5.808969380362356
201800017551,NonLethal,2018-05-15,13:10:00,Daylight,710,121,No,X-type,Normal,2Vehicles-Side,D13,M,46.828942394084514,5.830651246182496
201800017552,NonLethal,2018-06-17,18:45:00,Daylight,710,28,Yes,NoIntersection,Normal,2Vehicles-Behind,route du marechal ferran,M,46.84010562705704,5.840692667347128
201800017554,NonLethal,2018-08-18,12:36:00,Daylight,710,519,No,NoIntersection,Normal,Other,route de Chalon,M,46.813242361016655,5.810149981125784
201800017556,NonLethal,2018-12-14,10:00:00,Daylight,710,207,No,X-type,Normal,2Vehicles-BehindVehicles-Frontal,D29,M,46.909223756083406,5.909458187419303
201800017557,NonLethal,2018-02-17,07:20:00,TwilightOrDawn,110,410,No,NoIntersection,LightRain,2Vehicles-BehindVehicles-Frontal,D 620 - PR 33+800,M,43.25133655238107,2.250949961072386
201800017558,NonLethal,2018-04-21,15:45:00,Daylight,110,115,No,Y-type,Normal,2Vehicles-BehindVehicles-Frontal,cd 118 PK 12+300,M,43.36913815257029,2.3703218780237165
201800017559,NonLethal,2018-07-21,14:40:00,Daylight,110,428,No,NoIntersection,Normal,NoCollision,D34,M,43.36104099083104,2.3623848047834124
201800017561,NonLethal,2018-08-15,05:40:00,NightNoStreetLight,110,413,No,NoIntersection,Normal,NoCollision,route départementale 111,M,43.33369445900583,2.33427467616242
201800017563,NonLethal,2018-09-02,12:35:00,Daylight,110,429,No,X-type,Normal,2Vehicles-Behind,D118,M,43.250451430671,2.250477677426731
201800017564,NonLethal,2018-11-27,08:40:00,Daylight,110,215,No,NoIntersection,Normal,NoCollision,lieu dit la clamoux - D3,M,43.25430246428471,2.2525177925251345
201800017565,NonLethal,2018-02-18,11:35:00,Daylight,110,378,No,NoIntersection,Normal,NoCollision,D 114,M,43.0996617340132,2.0989697107146217
201800017567,NonLethal,2018-07-21,17:00:00,Daylight,110,16,No,NoIntersection,Normal,2Vehicles-Side,Bordenval,M,43.12121438337248,2.119588023057776
201800017568,NonLethal,2018-08-31,19:00:00,Daylight,110,44,No,NoIntersection,Normal,Other,D70,M,42.98043062193213,2.98055526452751
201800017569,NonLethal,2018-04-09,11:22:00,Daylight,110,363,No,NoIntersection,Normal,Other,Fordones,M,43.060557289789045,2.0615647689780467
201800017570,Lethal,2018-01-26,07:45:00,TwilightOrDawn,110,261,No,Other,LightRain,2Vehicles-BehindVehicles-Frontal,CD 6ll3,M,43.18601025209119,2.187003837906802
201800017571,NonLethal,2018-01-28,14:30:00,Daylight,110,151,No,NoIntersection,Normal,Other,D3,M,43.172740932235776,2.1733765454368434
201800017573,Lethal,2018-02-09,09:45:00,Daylight,110,261,No,NoIntersection,Normal,2Vehicles-BehindVehicles-Frontal,D6113,M,43.18575014023542,2.1863632609028185
201800017574,Lethal,2018-09-20,09:05:00,Daylight,110,68,Yes,NoIntersection,VeryGood,Other,rue du Cers,M,43.187067176044046,2.184643576008629
201800017575,NonLethal,2018-11-20,18:20:00,NightStreelightsOn,110,397,Yes,NoIntersection,LightRain,Other,avenue des capucins,M,43.20581211156968,2.2070881281526904
201800017576,NonLethal,2018-02-28,17:30:00,TwilightOrDawn,110,437,Yes,X-type,StrongWindOrStorm,2Vehicles-Side,Carrefour D 33/D 138,M,43.24023971247918,2.240678880501984
201800017577,NonLethal,2018-03-16,18:45:00,TwilightOrDawn,110,437,Yes,NoIntersection,Normal,2Vehicles-Side,cd 33,M,43.23140580513059,2.232346092971253
201800017578,NonLethal,2018-05-24,17:50:00,Daylight,110,434,Yes,NoIntersection,Normal,2Vehicles-Side,CD6113,M,43.28095219135381,2.2780968070355256
201800017579,NonLethal,2018-05-26,06:00:00,TwilightOrDawn,110,254,No,NoIntersection,Normal,NoCollision,RD63,M,43.2223628074803,2.222772960471447
201800017581,Lethal,2018-07-07,14:56:00,Daylight,110,136,No,NoIntersection,Normal,NoCollision,D119,M,43.18284042199975,2.1805533136013024
201800017582,NonLethal,2018-07-07,08:30:00,Daylight,110,434,No,Other,Normal,Other,RD 6113 - PK79+200,M,43.27901385880256,2.279456933503564
201800017584,Lethal,2018-04-08,06:30:00,TwilightOrDawn,110,18,No,NoIntersection,Normal,Other,le pas de corneille,M,43.20980756642227,2.210138536441793
201800017585,NonLethal,2018-09-22,13:15:00,Daylight,110,87,No,NoIntersection,Normal,NoCollision,d102,M,43.18589250764639,1.18791198295008
201800017586,Lethal,2018-11-30,16:00:00,Daylight,110,72,No,NoIntersection,HeavyRain,2Vehicles-Side,D102,M,43.18593015325527,1.1846700463305897
201800017587,NonLethal,2018-12-15,06:50:00,TwilightOrDawn,110,236,No,NoIntersection,FogOrSmoke,Other,Lieu-dit La Joncasse - C,M,43.25010705984972,1.2491097214289986
201800017588,NonLethal,2018-09-03,03:45:00,NightNoStreetLight,110,85,No,NoIntersection,Normal,Other,D l04,M,43.17853233686768,2.176116483990333
201800017589,Lethal,2018-08-27,10:54:00,Daylight,110,206,Yes,Other,Normal,Other,Centre Commercial LECLER,M,43.07553283618042,2.0755935744150804
201800017590,NonLethal,2018-09-17,14:26:00,Daylight,110,120,No,NoIntersection,Normal,2Vehicles-BehindVehicles-Frontal,D 30,M,43.04872048944388,2.0476696021352887
201800017591,NonLethal,2018-07-10,23:50:00,NightNoStreetLight,110,119,No,NoIntersection,LightRain,NoCollision,D30,M,43.04215498376808,2.040626412917965
201800017592,NonLethal,2018-10-21,06:10:00,NightNoStreetLight,110,299,No,NoIntersection,Normal,2Vehicles-BehindVehicles-Frontal,RD 118,M,43.136137060705245,2.135221580457437
201800017593,NonLethal,2018-02-12,05:10:00,NightNoStreetLight,110,102,No,NoIntersection,LightRain,Other,RD 118,M,43.17040303954992,2.168609171212236
201800017594,Lethal,2018-12-14,16:50:00,TwilightOrDawn,110,102,No,NoIntersection,LightRain,2Vehicles-Side,"lieu dit Madame, CD 118",M,43.173400090047565,2.172413330282556
201800017595,NonLethal,2018-12-29,07:00:00,NightNoStreetLight,110,206,No,NoIntersection,Normal,2Vehicles-BehindVehicles-Frontal,D102,M,43.05883415816241,2.058108251431492
201800017596,NonLethal,2018-09-03,10:45:00,Daylight,110,358,No,NoIntersection,Normal,2Vehicles-Behind,"D117, PR12+800",M,42.821045656274286,2.823245504408831
201800017598,NonLethal,2018-04-25,14:00:00,Daylight,110,35,No,NoIntersection,Normal,Other,D117 gorges de la pierre,M,42.8450484616582,2.8443267968421773
201800017599,Lethal,2018-07-05,23:30:00,NightNoStreetLight,110,103,No,Other,Normal,Other,Départementale 613 - PK,M,42.94098848986289,2.942471815195689
201800017600,NonLethal,2018-08-07,19:45:00,Daylight,110,101,No,NoIntersection,HeavyRain,Other,PR 83.400,M,42.86329184275394,2.862660760891534
201800017601,NonLethal,2018-08-09,16:10:00,Daylight,110,209,No,NoIntersection,Normal,2Vehicles-BehindVehicles-Frontal,D118,M,42.95712831441659,2.95600793750365
201800017602,NonLethal,2018-09-24,12:10:00,Daylight,110,358,No,NoIntersection,LightRain,NoCollision,Départementale 117,M,42.8227796222024,2.823874297713062
201800017603,NonLethal,2018-01-09,10:00:00,Daylight,110,106,Yes,Roundabout,Normal,2Vehicles-Side,chemin des seignes,M,43.230585614401086,3.2303110934351653
201800017604,NonLethal,2018-03-28,16:10:00,Daylight,110,40,No,NoIntersection,Normal,2Vehicles-Behind,D224 - PK 6+720,M,43.163074130324325,2.162549068286515
201800017605,NonLethal,2018-04-27,04:20:00,NightNoStreetLight,110,255,No,NoIntersection,Normal,Other,1 route nationale 113,M,43.190795470115205,2.1901852069356145
201800017607,NonLethal,2018-04-12,08:00:00,Daylight,110,264,No,NoIntersection,HeavyRain,2Vehicles-Side,D6113,M,43.20455878947405,2.205844155052148
201800017609,NonLethal,2018-05-30,11:40:00,Daylight,110,170,No,Roundabout,Normal,2Vehicles-Behind,Rond point de Falines,M,43.11770530212932,3.116753558721954
201800017610,NonLethal,2018-06-02,10:30:00,Daylight,110,145,Yes,NoIntersection,Normal,2Vehicles-Behind,42 avenue Pierre Brossel,M,43.17277579570337,3.173306969544526
201800017612,NonLethal,2018-05-07,09:45:00,Daylight,110,262,Yes,NoIntersection,Normal,Other,avenue de la méditerrané,M,43.15885815168144,3.159766013193779
201800017614,NonLethal,2018-07-25,08:15:00,Daylight,110,170,Yes,NoIntersection,Normal,2Vehicles-BehindVehicles-Frontal,square de planasse,M,43.11147641182252,3.111421511227908
201800017615,Lethal,2018-08-12,20:45:00,TwilightOrDawn,110,145,No,X-type,Normal,2Vehicles-Side,D.718,M,43.233259472085,3.2344655053975337
201800017616,NonLethal,2018-08-29,17:10:00,Daylight,110,258,No,NoIntersection,Normal,2Vehicles-BehindVehicles-Frontal,D 469 route de Marcorign,M,43.23664217727712,2.235564248760089
201800017617,NonLethal,2018-02-09,12:55:00,Daylight,110,145,No,NoIntersection,Normal,NoCollision,Chemin communal de la Dr,M,43.1926350357604,3.190989576324248
201800017618,NonLethal,2018-04-09,08:20:00,TwilightOrDawn,110,14,No,NoIntersection,Normal,2Vehicles-BehindVehicles-Frontal,D31,M,43.18908145282186,3.1886971753165514
201800017619,NonLethal,2018-10-09,17:00:00,Daylight,110,262,Yes,NoIntersection,Normal,2Vehicles-BehindVehicles-Frontal,CD 6009 ---PK6.5,M,43.20954168236641,3.210054908332278
201800017620,NonLethal,2018-10-18,19:40:00,NightNoStreetLight,110,145,No,NoIntersection,Normal,Other,RD 1118,M,43.21756525235784,3.218631792091033
201800017621,NonLethal,2018-10-24,08:00:00,Daylight,110,106,Yes,NoIntersection,Normal,Other,avenue de l'Hérault,M,43.2379939727072,3.2375967644125283
201800017622,Lethal,2018-10-25,22:00:00,NightNoStreetLight,110,262,No,NoIntersection,Normal,NoCollision,RD.613,M,43.146797238317085,2.147703500746046
201800017623,NonLethal,2018-11-04,17:50:00,NightStreelightsOn,110,217,Yes,NoIntersection,Normal,Other,D.607,M,43.22776137046818,2.225237328506533
201800017624,NonLethal,2018-11-11,18:30:00,NightNoStreetLight,110,40,No,NoIntersection,Normal,Other,RD423,M,43.14638324292694,2.1441922051615845
201800017625,NonLethal,2018-11-08,18:50:00,NightStreelightsOn,110,106,Yes,NoIntersection,Normal,Other,39 avenue de Toulouse,M,43.229351570872105,3.229914860498067
201800017626,Lethal,2018-12-20,20:10:00,NightNoStreetLight,110,262,No,NoIntersection,Normal,2Vehicles-BehindVehicles-Frontal,D6113,M,43.180117360001546,2.180591346354802
201800017627,NonLethal,2018-02-25,17:10:00,Daylight,110,326,No,NoIntersection,Normal,2Vehicles-BehindVehicles-Frontal,RD 804,M,42.88043368008295,2.878507971568254
201800017628,NonLethal,2018-03-21,00:25:00,NightNoStreetLight,110,256,No,NoIntersection,Normal,Other,RD613,M,43.11846164435882,2.117453796901785
201800017629,NonLethal,2018-04-20,21:55:00,NightStreelightsOn,110,351,Yes,T-type,Normal,2Vehicles-Side,39 avenue de narbonne,M,43.08606419313063,2.0846284859153883
201800017631,NonLethal,2018-06-21,19:30:00,Daylight,110,390,No,NoIntersection,VeryGood,Other,RD611,M,43.09017658223256,2.0919021792251598
201800017632,NonLethal,2018-07-01,14:50:00,Daylight,110,390,No,Y-type,Normal,2Vehicles-Side,RD 611 PK 27+100,M,43.1100153664072,2.1111215068134497
201800017633,NonLethal,2018-11-18,11:15:00,Daylight,110,345,Yes,NoIntersection,LightRain,Other,avenue de Narbonne,M,42.96232438817066,2.9610215810802663
201800017635,NonLethal,2018-06-24,16:15:00,Daylight,710,154,Yes,NoIntersection,Normal,NoCollision,44 rue Paul Sabatier,M,46.8297859710708,4.829576114109152
201800017636,NonLethal,2018-07-07,14:45:00,Daylight,710,194,No,T-type,Normal,2Vehicles-BehindVehicles-Frontal,Le gauchard - RD 906,M,46.84146191518225,4.842102178864267
201800017637,NonLethal,2018-09-11,18:30:00,NightNoStreetLight,710,182,No,NoIntersection,Normal,Other,"D978, PK 65+400, route d",M,46.80727874276815,4.806372677119331
201800017638,NonLethal,2018-11-01,00:30:00,NightStreelightsOn,320,147,Yes,NoIntersection,LightRain,2Vehicles-Side,"49, BOULEVARD DU NORD",M,43.626677503448384,8.62676199211843
201800017639,NonLethal,2018-01-10,19:00:00,NightNoStreetLight,320,249,No,NoIntersection,Normal,2Vehicles-BehindVehicles-Frontal,"MONTOULIEU, RD928, PK 10",M,43.7506659688625,8.75036952283914
201800017640,NonLethal,2018-04-03,16:30:00,Daylight,320,147,No,NoIntersection,Normal,3+Vehicles-Multiple,PK 26+840,M,43.61884519658742,9.61872042684272
201800017641,NonLethal,2018-03-14,13:45:00,Daylight,320,249,Yes,NoIntersection,Normal,Other,LIEU DIT LASSALE PARKING,M,43.72429634967461,8.723017583066019
201800017642,NonLethal,2018-03-24,11:50:00,Daylight,320,249,Yes,NoIntersection,LightRain,2Vehicles-Behind,RUE DU LEVANT,M,43.730219255811065,8.729561797246985
201800017643,Lethal,2018-04-01,19:35:00,Daylight,320,268,No,NoIntersection,Normal,2Vehicles-BehindVehicles-Frontal,RN 124 PK 21+300,M,43.60340067947459,1.6024078663993189
201800017644,NonLethal,2018-05-03,16:45:00,Daylight,320,148,No,NoIntersection,Normal,2Vehicles-BehindVehicles-Frontal,N124 PK O25 + 25O,M,43.61603263050196,9.614696256840665
201800017645,Lethal,2018-05-23,17:45:00,Daylight,320,148,No,NoIntersection,Overcast,2Vehicles-BehindVehicles-Frontal,"RN124, PK25+100",M,43.61460650427497,9.615193173544784
201800017647,NonLethal,2018-08-16,03:30:00,NightNoStreetLight,320,147,No,NoIntersection,Normal,Other,"N124, PK 33+100",M,43.63500300916288,8.635005724696816
201800017648,NonLethal,2018-08-29,14:30:00,Daylight,320,268,No,NoIntersection,Normal,3+Vehicles-Multiple,N124 PK O22 + 2OO,M,43.6073109328139,9.607135456838408
201800017649,NonLethal,2018-09-16,11:45:00,Daylight,320,147,Yes,X-type,Normal,2Vehicles-Side,3 BOULEVARD DU NORD,M,43.628228910877056,8.629036083161754
201800017651,Lethal,2018-11-19,13:45:00,Daylight,320,249,No,NoIntersection,Normal,2Vehicles-BehindVehicles-Frontal,PK 13+808 RD 928,M,43.72028079233141,8.721483821166215
201800017652,NonLethal,2018-11-26,01:20:00,NightStreelightsOn,320,147,Yes,NoIntersection,Normal,Other,15 rue de la Combe du Mi,M,43.62807565645144,8.626628126552193
201800017653,NonLethal,2018-11-30,18:20:00,NightNoStreetLight,320,406,No,NoIntersection,LightRain,3+Vehicles-Multiple,"D 928, ROUTE DE MAUVEZIN",M,43.69258216579876,8.691988429589536
201800017654,NonLethal,2018-01-21,19:15:00,NightNoStreetLight,320,160,No,NoIntersection,LightRain,3+Vehicles-Multiple,RN 124,M,43.59126915937997,1.5910214680129666
201800017655,NonLethal,2018-01-28,09:10:00,TwilightOrDawn,320,160,No,NoIntersection,FogOrSmoke,3+Vehicles-Multiple,RN 124 PK 9+967,M,43.60148827399803,1.603817373704867
201800017656,NonLethal,2018-04-26,20:30:00,Daylight,320,120,No,NoIntersection,Normal,2Vehicles-BehindVehicles-Frontal,D39/D116,M,43.6914481783992,1.6911742997304735
201800017659,NonLethal,2018-10-11,16:05:00,Daylight,320,121,No,NoIntersection,Normal,Other,1200 ROUTE DE PÉRIGUÉ,M,43.54323224323605,1.5408948433602407
201800017661,NonLethal,2018-12-02,08:40:00,Daylight,320,121,No,NoIntersection,Normal,2Vehicles-BehindVehicles-Frontal,RD 634,M,43.56810745084057,1.566738600337072
201800017662,NonLethal,2018-01-04,05:45:00,NightNoStreetLight,320,297,No,NoIntersection,Normal,Other,ROUTE DE CAZAUX SAVES -,M,43.51813660841739,9.518433201823608
201800017663,NonLethal,2018-07-15,17:50:00,Daylight,320,387,Yes,NoIntersection,Normal,Other,LE VILLAGE,M,43.43637067150028,9.436744172251656
201800017666,NonLethal,2018-08-02,20:15:00,NightNoStreetLight,320,301,No,NoIntersection,Overcast,2Vehicles-BehindVehicles-Frontal,RN 124 - PR 62+550,M,43.670333561447855,5.669760147936072
201800017668,NonLethal,2018-03-12,07:30:00,TwilightOrDawn,320,65,No,NoIntersection,Normal,3+Vehicles-Multiple,D 939,M,43.66399708887849,3.6625117231830377
201800017669,NonLethal,2018-02-05,11:05:00,Daylight,320,231,No,NoIntersection,Normal,Other,"LIEU-DIT ""TIRET"", PARKIN",M,43.76795555442302,3.767833285640772
201800017670,NonLethal,2018-05-12,01:05:00,NightNoStreetLight,320,54,No,NoIntersection,Normal,Other,RD 939 - 22+370,M,43.698185334565466,3.696543488476268
201800017671,NonLethal,2018-05-21,18:05:00,Daylight,320,54,No,NoIntersection,Normal,2Vehicles-BehindVehicles-Frontal,"LIEU-DIT ""LE BOUPAT"", RO",M,43.7056975975482,4.7059956053018
201800017672,NonLethal,2018-11-06,17:05:00,Daylight,320,462,Yes,NoIntersection,Normal,2Vehicles-Side,10 CHEMIN DE RONDE,M,43.75785569387524,3.7614379437488186
201800017673,NonLethal,2018-05-30,12:40:00,Daylight,320,231,Yes,NoIntersection,Normal,2Vehicles-BehindVehicles-Frontal,CHEMIN DE MOUSSEIGNE,M,43.777172883767285,3.777689066926423
201800017675,NonLethal,2018-08-18,15:00:00,Daylight,320,301,No,NoIntersection,Normal,NoCollision,PR 66+500 RN 124,M,43.68655934925967,4.688697834283995
201800017676,NonLethal,2018-04-12,08:25:00,Daylight,320,301,No,NoIntersection,Overcast,NoCollision,ROUTE DU BOIS D' AUCH /,M,43.66543931395681,4.666920337416145
201800017677,NonLethal,2018-04-28,17:45:00,Daylight,320,194,No,NoIntersection,Normal,Other,LIEU DIT COUCHET,M,43.93489542983215,3.9370393758575344
201800017678,Lethal,2018-04-10,03:00:00,NightStreelightsOn,320,24,Yes,NoIntersection,Normal,NoCollision,AU VILLAGE,M,43.83173832584343,4.831423880235038
201800017679,NonLethal,2018-10-11,12:10:00,Daylight,320,404,Yes,NoIntersection,Normal,Other,BOULEVARD DE LA PORTE BA,M,43.87644111360399,4.875969675048476
201800017681,NonLethal,2018-07-07,05:30:00,NightNoStreetLight,320,211,No,Y-type,Normal,Other,INTERSECTION D 30 ET D 3,M,43.86645406277472,-0.8639702248978217
201800017682,NonLethal,2018-07-22,19:00:00,Daylight,320,73,No,NoIntersection,Normal,Other,RD 30 PK 5+500,M,43.862480561087935,-0.8629305535961466
201800017683,NonLethal,2018-07-20,18:00:00,Daylight,320,115,Yes,NoIntersection,Normal,2Vehicles-BehindVehicles-Frontal,RN 124,M,43.76357725922335,1.7629451857339722
201800017685,NonLethal,2018-06-11,07:50:00,Daylight,320,119,Yes,T-type,Normal,Other,BOULEVARD SAINT-BLANCAT,M,43.859680658722,1.8587778873590544