AccidentId,Gravity,Date,Hour,Light,Department,Commune,InAgglomeration,IntersectionType,Weather,CollisionType,PostalAddress,GPSCode,Latitude,Longitude
201800017686,NonLethal,2018-12-06,07:15:00,NightStreelightsOn,320,96,Yes,T-type,Normal,3+Vehicles-Multiple,BOULEVARD DES PYRÉNÉES,M,43.9350319810282,-0.9358440636925416
201800017687,Lethal,2018-07-23,04:15:00,NightNoStreetLight,320,68,No,NoIntersection,Normal,NoCollision,VC 5 PK 0+350,M,43.82801063788445,7.82878046845442
201800017688,NonLethal,2018-08-07,13:30:00,Daylight,320,314,No,NoIntersection,Normal,2Vehicles-BehindVehicles-Frontal,RD40 LES CLOUTETS,M,43.99168490462616,8.992284735008655
201800017691,NonLethal,2018-09-20,09:30:00,Daylight,320,457,No,NoIntersection,Normal,2Vehicles-Side,LIEU DIT LA FERRETTE,M,43.86256283263952,7.861652374429838
201800017692,NonLethal,2018-10-21,18:10:00,Daylight,320,452,No,NoIntersection,Normal,Other,7,M,43.868747660109335,7.86760895168061
201800017693,NonLethal,2018-01-11,14:15:00,Daylight,320,405,No,NoIntersection,Normal,Other,D123,M,43.83999049816853,5.840571299719478
201800017694,NonLethal,2018-12-10,11:20:00,Daylight,320,442,No,NoIntersection,Normal,NoCollision,LIEU DIT BORDE DE TUCO,M,43.91655644211751,5.917756284092901
201800017695,NonLethal,2018-12-23,10:10:00,Daylight,320,457,No,NoIntersection,LightRain,Other,D953,M,43.86221108080371,6.861417774595714
201800017696,NonLethal,2018-12-24,12:45:00,Daylight,320,208,No,Y-type,LightRain,2Vehicles-BehindVehicles-Frontal,INTERSECTION D248 ET VC,M,43.98204324965214,6.981027618747811
201800017697,NonLethal,2018-01-28,06:55:00,NightNoStreetLight,320,254,No,X-type,FogOrSmoke,2Vehicles-Side,LES TROUETTES,M,43.54120685036126,4.53910681087985
201800017700,NonLethal,2018-03-27,20:00:00,TwilightOrDawn,320,267,No,NoIntersection,LightRain,Other,LIEU DIT LIARES,M,43.47475900869112,6.475775150256596
201800017701,NonLethal,2018-03-27,16:15:00,Daylight,320,104,No,NoIntersection,Normal,Other,CD 150,M,43.48729839853053,5.48660951223964
201800017702,NonLethal,2018-02-04,18:40:00,Daylight,320,397,Yes,Y-type,Normal,2Vehicles-Side,CD 939,M,43.43159454839381,4.431226655332519
201800017703,NonLethal,2018-05-18,07:00:00,TwilightOrDawn,320,355,No,NoIntersection,FogOrSmoke,NoCollision,CHEMIN DE LESPIAU,M,43.40004888855314,3.4009500059251145
201800017706,NonLethal,2018-06-27,08:30:00,Daylight,320,272,No,T-type,Normal,3+Vehicles-Chain,PEY CRABÉ,M,43.35708892381327,5.356566582617033
201800017707,NonLethal,2018-08-03,14:15:00,Daylight,320,242,No,X-type,Normal,2Vehicles-Behind,LIEU DIT LE PARQUET CD 9,M,43.418177664424725,5.4183680053781
201800017708,NonLethal,2018-08-11,23:15:00,NightNoStreetLight,320,250,No,NoIntersection,Normal,Other,RD 27,M,43.424668408787575,6.42339588255131
201800017709,NonLethal,2018-08-24,15:50:00,Daylight,320,172,No,NoIntersection,Normal,2Vehicles-Side,NATIONALE 21 PK 62+160,M,43.58276471775133,5.582295502564659
201800017710,NonLethal,2018-09-15,10:15:00,Daylight,320,397,No,NoIntersection,Normal,Other,D237,M,43.432129118920095,3.430893684348528
201800017711,NonLethal,2018-09-27,09:30:00,Daylight,320,256,Yes,Y-type,Normal,2Vehicles-Side,AVENUE DE CHANZY,M,43.51274556932478,4.512594629247163
201800017712,Lethal,2018-07-10,07:00:00,NightNoStreetLight,320,242,Yes,NoIntersection,LightRain,Other,"CD 929, LIEU DIT RIBÈRE",M,43.44144427437898,5.444064735577123
201800017713,NonLethal,2018-10-13,23:30:00,NightNoStreetLight,320,281,Yes,T-type,Normal,2Vehicles-Side,AU VILLAGE,M,43.38516766935718,3.380949529144861
201800017715,NonLethal,2018-11-21,17:45:00,TwilightOrDawn,320,169,No,NoIntersection,Normal,2Vehicles-BehindVehicles-Frontal,CD 929,M,43.47576415474255,5.477010085638617
201800017716,NonLethal,2018-12-23,17:50:00,NightNoStreetLight,320,41,No,NoIntersection,FogOrSmoke,Other,ROUTE DÉPARTEMENTALE N°2,M,43.4200678796854,6.418602364558217
201800017717,NonLethal,2018-06-21,16:30:00,Daylight,320,440,No,X-type,Normal,3+Vehicles-Multiple,LIEU DIT VERDUN,M,43.640859628299424,2.643597427473848
201800017719,NonLethal,2018-12-29,16:30:00,Daylight,320,109,No,NoIntersection,Normal,2Vehicles-BehindVehicles-Frontal,RD 37,M,43.61804249249497,1.6199632697100737
201800017720,Lethal,2018-03-16,18:05:00,Daylight,320,49,No,NoIntersection,Normal,Other,D111,M,43.70977133095698,2.710464658621876
201800017721,NonLethal,2018-03-30,18:55:00,Daylight,320,296,Yes,NoIntersection,Normal,NoCollision,D 147 AVENUE DE L'AUTODR,M,43.76081534146994,-0.761736771473523
201800017723,NonLethal,2018-06-20,07:30:00,Daylight,320,296,Yes,NoIntersection,Normal,Other,20 AVENUE DES SPORTS,M,43.76367941506824,-0.7656318007153281
201800017725,NonLethal,2018-09-30,01:00:00,NightNoStreetLight,320,170,No,NoIntersection,Normal,Other,RD 262,M,43.63851532904462,-0.638258043245291
201800017726,NonLethal,2018-10-31,15:30:00,Daylight,320,5,No,NoIntersection,Normal,2Vehicles-BehindVehicles-Frontal,D25 PK 5 + 530,M,43.72306450854673,-0.7224450364871391
201800017727,Lethal,2018-12-03,06:35:00,NightStreelightsOn,320,378,Yes,NoIntersection,LightRain,Other,AU VILLAGE,M,43.68157287666151,-0.6791434836771407
201800017728,NonLethal,2018-02-06,20:55:00,NightNoStreetLight,810,186,No,NoIntersection,LightRain,Other,RN 88 - 2x2 voies -,M,44.07813209366031,2.081119505871433
201800017729,NonLethal,2018-05-20,19:50:00,Daylight,810,259,No,NoIntersection,Normal,Other,la besse,M,44.01210451095745,2.011976020756566
201800017730,NonLethal,2018-10-13,16:45:00,Daylight,810,230,No,Other,Normal,Other,Echangeur de Rosières n°,M,44.03978240721811,2.04228269549992
201800017731,NonLethal,2018-06-02,12:45:00,Daylight,810,103,No,NoIntersection,HeavyRain,NoCollision,RD 81 - PK 65+900,M,43.71122442477389,2.713053057325922
201800017733,NonLethal,2018-04-28,17:45:00,Daylight,810,182,No,NoIntersection,Normal,NoCollision,La Vitarelle,M,43.713546428720576,2.715236290142188
201800017735,Lethal,2018-07-29,01:00:00,NightNoStreetLight,810,182,No,NoIntersection,Normal,Other,Route départementale D89,M,43.71339601494206,2.714611006165508
201800017736,NonLethal,2018-11-08,11:00:00,Daylight,810,305,Yes,T-type,Normal,2Vehicles-Side,intersection Route du si,M,43.690703797504256,2.690257336878941
201800017737,NonLethal,2018-09-14,17:15:00,Daylight,810,128,Yes,Other,Normal,2Vehicles-BehindVehicles-Frontal,45 rue du Sidobre,M,43.663215453093805,2.6630841637454448
201800017739,NonLethal,2018-05-01,14:15:00,Daylight,810,45,Yes,NoIntersection,Normal,2Vehicles-Behind,l4 promenade de l'Autan,M,44.067304070657976,1.0660268849670849
201800017740,NonLethal,2018-01-18,18:40:00,NightNoStreetLight,810,64,No,NoIntersection,LightRain,NoCollision,D 964,M,43.958990863846495,1.9566519514774083
201800017741,Lethal,2018-03-11,15:50:00,Daylight,810,206,No,NoIntersection,Normal,Other,"Lieu dit ""Courgnac""",M,44.10403955571971,1.1039939692275105
201800017742,NonLethal,2018-07-11,14:40:00,Daylight,810,263,No,NoIntersection,Normal,NoCollision,RD.922,M,44.1228743275852,1.1228492938735994
201800017743,NonLethal,2018-04-04,20:00:00,Daylight,810,145,Yes,Square,Normal,2Vehicles-BehindVehicles-Frontal,place Paul Saissac,M,43.85271669690256,1.8540986487864497
201800017744,NonLethal,2018-06-20,07:40:00,TwilightOrDawn,810,220,No,NoIntersection,VeryGood,2Vehicles-Behind,route de condel,M,43.81782359161601,1.817750114745262
201800017745,NonLethal,2018-07-29,08:30:00,Daylight,810,171,No,NoIntersection,Normal,Other,la borie neuve,M,43.86221628404379,1.8629307199060696
201800017746,NonLethal,2018-09-09,11:45:00,Daylight,810,171,No,NoIntersection,Normal,3+Vehicles-Multiple,RD 10 PK 11+500,M,43.84725482424527,1.8486801497704728
201800017747,NonLethal,2018-10-26,13:30:00,Daylight,810,171,No,NoIntersection,Normal,Other,"VC 12 - ""Balsegure""",M,43.862332463727306,1.862616787534875
201800017748,NonLethal,2018-11-20,09:40:00,Daylight,810,171,No,NoIntersection,Normal,Other,A68 PK46+800,M,43.86353790538456,1.8626143143753968
201800017749,Lethal,2018-12-06,13:55:00,Daylight,810,145,No,Other,LightRain,Other,Lastour,M,43.87731252801509,1.8759959125644912
201800017750,NonLethal,2018-01-16,15:35:00,Daylight,810,289,Yes,NoIntersection,LightRain,Other,chemin de soulet,M,43.55995998967602,2.5600405491714358
201800017751,NonLethal,2018-02-08,07:20:00,NightNoStreetLight,810,204,No,NoIntersection,SnowOrHail,2Vehicles-BehindVehicles-Frontal,N 112 PR 52+500,M,43.55867740501528,2.561486413014938
201800017752,NonLethal,2018-11-02,19:15:00,NightStreelightsOn,810,130,Yes,NoIntersection,LightRain,Other,Avenue de MAZAMET,M,43.58319530241008,2.580723440356536
201800017753,NonLethal,2018-04-12,17:15:00,Daylight,810,289,No,NoIntersection,Normal,Other,route de Dourgne,M,43.54183884072651,2.542427053346434
201800017754,NonLethal,2018-04-14,22:25:00,NightNoStreetLight,810,288,No,NoIntersection,Normal,3+Vehicles-Multiple,Lieu Dit LATOUR,M,43.46624945075507,2.467766589290595
201800017757,NonLethal,2018-08-06,12:45:00,Daylight,810,289,No,NoIntersection,Normal,2Vehicles-BehindVehicles-Frontal,D926,M,43.55561399320976,2.557459672491729
201800017758,NonLethal,2018-08-27,15:15:00,Daylight,810,204,No,NoIntersection,Normal,Other,RD612 PK30,M,43.54610020336066,2.545878122469474
201800017759,NonLethal,2018-09-15,10:50:00,Daylight,810,312,No,T-type,Normal,2Vehicles-Behind,RD85 PK 14+900,M,43.50479488872392,2.50567578057757
201800017760,NonLethal,2018-11-23,20:00:00,NightNoStreetLight,810,120,No,NoIntersection,Normal,2Vehicles-BehindVehicles-Frontal,D60,M,43.55349440219393,2.5545495260372437
201800017761,NonLethal,2018-01-11,13:25:00,Daylight,690,88,Yes,NoIntersection,Normal,2Vehicles-Side,quai lamartine,M,45.83394388618638,4.834485384615209
201800017762,NonLethal,2018-01-20,12:50:00,Daylight,690,292,No,NoIntersection,LightRain,2Vehicles-Side,Montée du Village,M,45.82690152384463,4.82818977652892
201800017763,NonLethal,2018-04-03,11:10:00,Daylight,690,292,Yes,NoIntersection,Normal,Other,Boulevard de l'Ouest,M,45.82490024719109,4.824690996696606
201800017765,NonLethal,2018-05-05,17:15:00,Daylight,690,292,Yes,Other,Normal,Other,06 avenue du val de saon,M,45.82876393869861,4.826400004325331
201800017766,NonLethal,2018-05-27,16:30:00,Daylight,690,168,Yes,NoIntersection,Normal,Other,565 chemin de la plage,M,45.8365578098139,4.836893078274828
201800017767,NonLethal,2018-05-31,07:40:00,Daylight,690,63,Yes,NoIntersection,LightRain,Other,Rue Pierre Pays,M,45.828251963638806,4.829399899881168
201800017768,NonLethal,2018-06-16,07:30:00,Daylight,690,88,Yes,NoIntersection,Normal,Other,Avenue des Marronniers,M,45.81833146566009,4.817146423675827
201800017769,NonLethal,2018-07-07,10:40:00,Daylight,690,168,Yes,Roundabout,Normal,2Vehicles-Side,63 chemin des Lones,M,45.83584078082127,4.836762761690154
201800017770,NonLethal,2018-09-19,10:35:00,Daylight,690,63,No,Roundabout,Normal,2Vehicles-Side,d51,M,45.81454297418348,4.815123920731129
201800017771,NonLethal,2018-09-27,19:00:00,Daylight,690,63,Yes,Other,Normal,2Vehicles-BehindVehicles-Frontal,quai d'illhaeusem,M,45.831055099881176,4.8309531166287565
201800017772,NonLethal,2018-10-11,10:25:00,Daylight,690,292,Yes,X-type,VeryGood,Other,14 av Félix Faure,M,45.8240437686662,4.825631443197932
201800017773,NonLethal,2018-12-09,23:45:00,NightNoStreetLight,690,63,No,NoIntersection,LightRain,Other,quai d'illaheusern,M,45.82951196278452,4.830749497064485
201800017774,NonLethal,2018-12-12,17:35:00,NightStreelightsOn,690,292,Yes,Roundabout,Normal,Other,13 allée carnot,M,45.81826701441271,4.817781379551773
201800017775,NonLethal,2018-12-20,17:10:00,TwilightOrDawn,690,63,Yes,Roundabout,Normal,2Vehicles-Side,Quai Illhaeusern,M,45.81579902376867,4.81516113637885
201800017777,NonLethal,2018-02-18,04:10:00,NightNoStreetLight,690,109,No,NoIntersection,Normal,Other,Route départementale D78,M,46.14498805589476,4.1483240275239845
201800017778,NonLethal,2018-04-03,16:30:00,Daylight,690,103,No,Roundabout,LightRain,2Vehicles-BehindVehicles-Frontal,Rond point des tournets,M,46.227936616944405,4.229394606482617
201800017779,NonLethal,2018-04-15,11:00:00,Daylight,690,58,No,NoIntersection,Normal,2Vehicles-Behind,lieu-dit ''les terrasses,M,46.18684167182592,4.187022318213277
201800017780,NonLethal,2018-04-18,09:00:00,Daylight,690,18,Yes,Square,Normal,Other,Place de l'hôtel de vill,M,46.155713540341125,4.156534560127839
201800017781,NonLethal,2018-05-18,18:20:00,Daylight,690,109,Yes,NoIntersection,Normal,2Vehicles-BehindVehicles-Frontal,Chemin des mûriers,M,46.15459477530132,4.154448803181162
201800017782,NonLethal,2018-07-18,16:15:00,Daylight,690,209,No,NoIntersection,Normal,NoCollision,D10,M,46.23259535052653,4.232472506237451
201800017783,Lethal,2018-08-26,11:15:00,Daylight,690,12,No,NoIntersection,Normal,3+Vehicles-Multiple,D337 - PK 22+O38,M,46.178816830859766,4.177667100014753
201800017784,NonLethal,2018-09-27,15:50:00,Daylight,690,150,Yes,Y-type,VeryGood,2Vehicles-BehindVehicles-Frontal,D 32,M,46.22960175351579,4.230392915103611
201800017786,NonLethal,2018-10-19,15:40:00,Daylight,690,108,No,T-type,Normal,2Vehicles-BehindVehicles-Frontal,D306,M,46.17226702402375,4.172191637917228
201800017787,NonLethal,2018-10-27,11:30:00,Daylight,690,84,No,NoIntersection,LightRain,2Vehicles-BehindVehicles-Frontal,D32,M,46.19690067364901,4.200206025880789
201800017788,Lethal,2018-12-06,17:30:00,NightNoStreetLight,690,162,No,NoIntersection,Normal,3+Vehicles-Chain,D337,M,46.13177428523836,4.130781170904739
201800017789,NonLethal,2018-12-28,00:40:00,NightStreelightsOn,690,162,No,Roundabout,FogOrSmoke,Other,rond point des samsons,M,46.11433062412618,4.113939690526089
201800017790,NonLethal,2018-01-23,15:00:00,Daylight,690,214,No,NoIntersection,Normal,2Vehicles-Side,Lieu dit le bancillon,M,46.005496965718805,4.007075136923612
201800017793,Lethal,2018-09-04,17:40:00,Daylight,690,6,Yes,NoIntersection,Normal,Other,16 Avenue Jean Moos,M,45.985783279179785,4.985574906740389
201800017794,NonLethal,2018-04-18,17:00:00,Daylight,690,70,Yes,NoIntersection,Normal,2Vehicles-Behind,3 route de Cublize,M,45.981850441521,4.982534733076695
201800017795,NonLethal,2018-04-20,15:10:00,Daylight,690,66,Yes,NoIntersection,Normal,2Vehicles-Side,45 rue Georges Clémencea,M,46.10029814148644,4.101597601320559
201800017796,NonLethal,2018-07-26,18:40:00,Daylight,690,6,Yes,Other,VeryGood,2Vehicles-Side,3 route de cublize,M,45.98073712431609,4.982119157779116
201800017797,NonLethal,2018-09-12,16:30:00,Daylight,690,214,Yes,NoIntersection,Normal,3+Vehicles-Multiple,RD 308,M,45.99828584485811,4.999411127397098
201800017798,Lethal,2018-10-09,09:50:00,Daylight,690,248,No,X-type,FogOrSmoke,Other,RD 504,M,46.03519275567681,4.035077495680913
201800017799,NonLethal,2018-10-31,19:00:00,NightStreelightsOn,690,214,Yes,NoIntersection,Normal,Other,avenue victor hugo,M,46.00415781272026,4.003640527058113
201800017800,NonLethal,2018-12-11,17:00:00,NightStreelightsOn,690,248,Yes,NoIntersection,LightRain,Other,rue du moulin dezalaire,M,46.03608748433118,4.039137437997987
201800017801,NonLethal,2018-12-08,03:00:00,NightNoStreetLight,690,248,No,NoIntersection,Normal,Other,RD9,M,46.022559845331386,4.022469440490517
201800017802,NonLethal,2018-12-22,16:00:00,Daylight,690,248,Yes,NoIntersection,Normal,Other,13 rue Jean Jaurès,M,46.031779574933225,4.031863175372276
201800017803,Lethal,2018-01-25,06:45:00,NightNoStreetLight,330,363,No,NoIntersection,Normal,3+Vehicles-Multiple,"D 14, PK 7+800.",M,44.767244182438006,-0.7670836131953996
201800017804,NonLethal,2018-07-25,18:35:00,Daylight,330,83,No,NoIntersection,Normal,2Vehicles-BehindVehicles-Frontal,route de Créon,M,44.81653423475658,-0.8173014786947208
201800017805,NonLethal,2018-12-31,16:25:00,Daylight,330,431,No,X-type,Normal,2Vehicles-Behind,route de Blésignac,M,44.77499591544245,-0.7748561055446787
201800017806,NonLethal,2018-01-23,17:20:00,Daylight,330,11,Yes,NoIntersection,Overcast,2Vehicles-BehindVehicles-Frontal,RD3 PR79+470 réel,M,44.76184829153154,-0.7621031893882678
201800017807,NonLethal,2018-02-02,15:00:00,Daylight,330,236,Yes,X-type,Normal,2Vehicles-Behind,D106/All Grd Piquey.,M,44.71452635126193,-0.7173490001920995
201800017808,NonLethal,2018-04-15,14:10:00,Daylight,330,236,No,NoIntersection,Normal,2Vehicles-Side,Route Forestière du Truc,M,44.70584909130139,-0.7070168526928635
201800017809,NonLethal,2018-06-08,21:00:00,TwilightOrDawn,330,236,Yes,NoIntersection,Normal,Other,RD106E5 PR1+738 réel,M,44.79020514833606,-0.7896774974545893
201800017811,NonLethal,2018-08-24,18:15:00,Daylight,330,236,Yes,X-type,Normal,2Vehicles-Side,Av Océan/Av Mon Salliens,M,44.65672458888867,-0.6554223051333322
201800017812,Lethal,2018-10-11,16:25:00,Daylight,330,236,Yes,NoIntersection,LightRain,Other,205 route du Cap Ferret.,M,44.69567022931738,-0.6969082446850291
201800017813,NonLethal,2018-11-12,11:25:00,Daylight,330,11,Yes,NoIntersection,Normal,Other,20 avenue de la libérati,M,44.766096146865166,-0.7663870942820098
201800017814,NonLethal,2018-01-25,18:00:00,NightNoStreetLight,330,382,No,NoIntersection,LightRain,Other,RD250 PR11+065 réel.,M,45.11945905841803,-0.1205288770671959
201800017815,NonLethal,2018-08-02,18:15:00,TwilightOrDawn,330,473,Yes,T-type,Normal,2Vehicles-Side,Petit Terrier/La Chaise,M,45.142403104498406,-0.1412873475320181
201800017816,NonLethal,2018-03-22,17:00:00,Daylight,330,114,Yes,NoIntersection,Normal,Other,886 rue de papon,M,45.10354183244662,-0.1021615908627613
201800017817,NonLethal,2018-10-05,17:35:00,Daylight,330,233,Yes,NoIntersection,Normal,Other,D22 PR22+043 réel,M,45.10771191042441,-0.1086724281730736
201800017818,Lethal,2018-06-23,14:20:00,Daylight,330,233,No,X-type,Normal,2Vehicles-Side,D22PR2l+2l6/VCMaillerie,M,45.114126994172565,-0.113862923664575
201800017819,NonLethal,2018-06-30,23:30:00,NightNoStreetLight,330,272,Yes,NoIntersection,Normal,2Vehicles-BehindVehicles-Frontal,D142 PR11+458 réel,M,45.067897213413225,-0.0677215399757279
201800017820,NonLethal,2018-09-27,11:50:00,Daylight,330,272,No,NoIntersection,Normal,2Vehicles-Side,RNl0 PKl3,M,45.05969683544525,-0.0596461811288845
201800017821,NonLethal,2018-12-10,21:30:00,NightNoStreetLight,330,142,No,Y-type,FogOrSmoke,Other,ruisseau saint martial,M,45.06273263041944,-0.0625834299319104
201800017822,NonLethal,2018-12-29,01:45:00,NightStreelightsOn,330,126,Yes,NoIntersection,Normal,Other,39 Le Bourg,M,45.11279436427887,-0.1115282302402067
201800017823,NonLethal,2018-01-20,14:30:00,Daylight,330,195,No,NoIntersection,HeavyRain,Other,D655 E5,M,44.398249317637465,-0.3974238744730115
201800017824,NonLethal,2018-11-03,07:30:00,TwilightOrDawn,330,144,No,NoIntersection,Normal,Other,paysan de la jus,M,44.40390216878676,-0.402541708075007
201800017825,NonLethal,2018-01-04,17:05:00,Daylight,330,36,Yes,X-type,Normal,Other,RD3/Allée de juillet,M,44.4311847768657,-0.4336137040433712
201800017827,Lethal,2018-08-06,21:00:00,TwilightOrDawn,330,36,No,Roundabout,Normal,Other,RN524/RD3.,M,44.443968461822216,-0.4436711524414423
201800017829,NonLethal,2018-02-21,21:40:00,NightNoStreetLight,330,516,No,NoIntersection,Normal,Other,D672 PR27+862 réel,M,44.73050328972567,-0.7335912081463426
201800017830,NonLethal,2018-06-14,11:30:00,Daylight,330,150,No,Other,Normal,Other,D15E5 PR1+215 REEL,M,44.66495555289267,9.666208618883635
201800017832,NonLethal,2018-03-08,14:00:00,Daylight,330,316,No,T-type,Normal,2Vehicles-Side,RD672/VC La Borne Sud,M,44.75768623277058,1.7557086680601337
201800017833,NonLethal,2018-08-25,19:00:00,Daylight,330,277,No,NoIntersection,Normal,Other,D128E7 0+960 REEL,M,44.760611075214825,8.76048436664987
201800017836,NonLethal,2018-12-24,09:45:00,Daylight,330,289,No,NoIntersection,LightRain,Other,lieu dit tastet,M,44.63537067639111,8.633976708053616
201800017838,NonLethal,2018-05-31,10:48:00,Daylight,330,57,No,NoIntersection,Normal,2Vehicles-BehindVehicles-Frontal,RD17 PR44+470 réel.,M,44.76147442666894,-0.7612137009996317
201800017839,NonLethal,2018-06-10,23:30:00,NightNoStreetLight,330,464,No,NoIntersection,HeavyRain,2Vehicles-BehindVehicles-Frontal,4 Lieu dit Rouquey,M,44.67586692159054,-0.6749111085947374
201800017840,NonLethal,2018-10-20,14:20:00,Daylight,330,361,No,X-type,Normal,2Vehicles-Side,D232 5+O25 / D126 7+765.,M,44.7820413752815,-0.7823507950352726
201800017841,NonLethal,2018-04-03,02:15:00,NightNoStreetLight,330,251,No,NoIntersection,LightRain,Other,RD 219- PR 24 réel.,M,44.53876798059069,-0.539845793201005
201800017843,NonLethal,2018-07-26,09:15:00,Daylight,330,307,Yes,X-type,VeryGood,2Vehicles-Behind,route du Rèche,M,44.4783848517827,-0.4781054088639701
201800017844,NonLethal,2018-01-03,09:45:00,Daylight,330,314,Yes,NoIntersection,Normal,2Vehicles-Side,rue du marechal juin.,M,45.19789929799399,-0.1969110137392581
201800017845,NonLethal,2018-02-03,16:10:00,Daylight,330,125,Yes,NoIntersection,Normal,2Vehicles-Behind,D104 PR2+160réel,M,45.226562253147726,-0.2273285734544202
201800017846,NonLethal,2018-10-04,16:30:00,Daylight,330,412,No,T-type,HeavyRain,2Vehicles-Side,D1215/VC5 PR54+690 réel,M,45.24291895604466,-0.2452287957047843
201800017849,Lethal,2018-03-06,13:15:00,Daylight,330,423,No,NoIntersection,Normal,Other,D101E10 PR1+164 REEL,M,45.158058229461794,-0.1580809254251848
201800017850,NonLethal,2018-07-27,00:30:00,NightNoStreetLight,330,395,Yes,NoIntersection,Normal,Other,RD2 LD COS 40+284,M,45.22993707040924,-0.230204960366695
201800017851,NonLethal,2018-11-08,20:00:00,Daylight,330,314,Yes,NoIntersection,Normal,2Vehicles-BehindVehicles-Frontal,RD2 PR41+760 réel,M,45.217321473693886,-0.2180757704452453
201800017853,NonLethal,2018-12-26,20:25:00,NightNoStreetLight,330,125,No,Roundabout,Normal,Other,rond point la Cardine,M,45.2175732071212,-0.214900478883168
201800017854,NonLethal,2018-01-17,09:39:00,Daylight,330,514,Yes,NoIntersection,Overcast,Other,D101 PR4+85 réel,M,45.48075757634767,-0.4789742228161252
201800017856,NonLethal,2018-06-23,16:45:00,Daylight,330,490,No,NoIntersection,VeryGood,Other,D2 PR2+130 réel,M,45.438824728168086,-0.4403226965966124
201800017858,Lethal,2018-07-06,11:34:00,Daylight,330,348,No,X-type,Normal,2Vehicles-BehindVehicles-Frontal,R Casteret/Ch Forestier.,M,45.34687577120766,-0.3466464287078656
201800017859,NonLethal,2018-07-17,13:30:00,Daylight,330,544,Yes,NoIntersection,Normal,Other,15 rue edouard costes,M,45.54465709641956,-0.5445971656439458
201800017861,NonLethal,2018-08-29,18:40:00,Daylight,330,514,Yes,NoIntersection,Normal,2Vehicles-BehindVehicles-Frontal,RD10 PR1+512 REEL,M,45.50118794159876,-0.5007356266760495
201800017862,Lethal,2018-10-05,07:00:00,NightNoStreetLight,330,348,No,NoIntersection,Normal,Other,VC Chemin du moulin,M,45.3593191354618,-0.3587692649474386
201800017863,NonLethal,2018-10-25,17:15:00,Daylight,330,540,Yes,Roundabout,Normal,Other,Rue de la Mairie,M,45.35488128650003,-0.3560976265589733
201800017865,NonLethal,2018-02-25,17:00:00,Daylight,330,421,No,NoIntersection,Normal,Other,RD670 PR37+700 réel,M,44.806039693774856,-0.8067094100783168
201800017866,NonLethal,2018-03-21,01:00:00,NightNoStreetLight,330,296,No,NoIntersection,Normal,Other,VC route de boursol,M,44.827257247982985,-0.8248280445965572
201800017867,NonLethal,2018-06-08,19:40:00,Daylight,330,185,Yes,X-type,Normal,2Vehicles-Side,D18PR59+975/VC Machinot.,M,44.86046593255339,-0.8614346752845997
201800017871,NonLethal,2018-11-11,11:55:00,Daylight,330,194,No,NoIntersection,Normal,2Vehicles-BehindVehicles-Frontal,pey du prat,M,44.82845179741778,-0.8279654113320367
201800017873,Lethal,2018-01-20,14:45:00,Daylight,330,261,No,T-type,HeavyRain,2Vehicles-BehindVehicles-Frontal,lieu dit le cros.,M,44.96348220803765,-0.9626445220823936
201800017874,NonLethal,2018-02-23,17:50:00,Daylight,330,394,No,T-type,Normal,2Vehicles-BehindVehicles-Frontal,D243E1/VC Trotte-Vieille,M,44.89564931172775,-0.8956560166456108
201800017876,NonLethal,2018-03-24,05:40:00,TwilightOrDawn,330,108,Yes,X-type,LightRain,2Vehicles-Side,8 avenue Camille Maumey,M,44.85389788173886,-0.854593279090952
201800017877,NonLethal,2018-05-25,08:30:00,Daylight,330,394,Yes,NoIntersection,Normal,2Vehicles-BehindVehicles-Frontal,D122 Ld gaffelière,M,44.88553555310199,-0.8868199266355907
201800017878,NonLethal,2018-05-31,20:00:00,Daylight,330,394,No,NoIntersection,Normal,Other,lieu dit FAURIE,M,44.91230491731879,-0.913218059162318
201800017879,NonLethal,2018-08-19,00:10:00,NightStreelightsOn,330,394,No,NoIntersection,Normal,2Vehicles-BehindVehicles-Frontal,D243 5+305 la Grâce Dieu,M,44.90639900129401,-0.9055964201810296
201800017880,Lethal,2018-09-26,10:30:00,Daylight,330,394,No,NoIntersection,Normal,2Vehicles-Side,lieu dit la Grâce Dieu,M,44.90808222504187,-0.906735480130672
201800017881,NonLethal,2018-10-23,17:30:00,Daylight,330,459,Yes,NoIntersection,Normal,Other,D936 PR39+400,M,44.85522234813801,-0.8535137116150849
201800017882,NonLethal,2018-11-15,16:15:00,Daylight,330,290,No,NoIntersection,VeryGood,Other,lieu dit Baudron,M,44.94273106945137,-0.9408903902179532
201800017883,NonLethal,2018-01-04,08:00:00,Daylight,650,10,No,X-type,Normal,2Vehicles-Side,D817 - D305,M,43.19640000927439,1.1963304719533867