AccidentId,Gravity,Date,Hour,Light,Department,Commune,InAgglomeration,IntersectionType,Weather,CollisionType,PostalAddress,GPSCode,Latitude,Longitude
201800017884,NonLethal,2018-09-01,09:45:00,Daylight,650,366,Yes,Y-type,Normal,2Vehicles-BehindVehicles-Frontal,Route de LOURDES,M,43.115018728641694,-0.1122555736976574
201800017885,NonLethal,2018-03-05,08:45:00,Daylight,650,340,No,X-type,LightRain,2Vehicles-Side,Route Nationale 21,M,43.28705754571222,1.2881471945065148
201800017886,NonLethal,2018-05-05,15:30:00,Daylight,650,83,No,NoIntersection,Normal,NoCollision,D8 / PK 19+500,M,43.17052873694405,1.1699879345927504
201800017887,NonLethal,2018-07-14,05:10:00,NightStreelightsOff,650,221,No,NoIntersection,Normal,2Vehicles-BehindVehicles-Frontal,RD935,M,43.13819578540687,9.13565351535525
201800017888,Lethal,2018-07-25,12:00:00,Daylight,650,223,No,NoIntersection,VeryGood,2Vehicles-Side,O3 route du pic du midi,M,43.19817606249072,7.19749789564795
201800017889,NonLethal,2018-08-11,13:00:00,Daylight,650,19,Yes,NoIntersection,Normal,2Vehicles-BehindVehicles-Frontal,470 chemin du hameau,M,43.14741670535873,8.14915101837239
201800017890,NonLethal,2018-08-22,16:50:00,Daylight,650,340,No,X-type,Normal,2Vehicles-Side,rn 21 pk 15+180,M,43.27784950130597,1.2785895227672888
201800017893,NonLethal,2018-08-18,12:00:00,Daylight,650,442,No,X-type,Normal,2Vehicles-Side,D632,M,43.29506597250631,6.293185968084663
201800017894,Lethal,2018-07-15,17:15:00,Daylight,650,472,No,NoIntersection,Normal,NoCollision,D935,M,43.50658083756087,-0.5076815416680612
201800017895,NonLethal,2018-09-14,17:30:00,Daylight,650,304,Yes,NoIntersection,Normal,2Vehicles-Side,allée larbanes,M,43.46615426806175,3.4667520275602297
201800017896,NonLethal,2018-10-04,07:11:00,NightNoStreetLight,650,296,No,NoIntersection,Normal,2Vehicles-BehindVehicles-Frontal,D48 PK 14 + 500,M,43.532135370364166,-0.5309302265530867
201800017897,NonLethal,2018-10-09,07:45:00,TwilightOrDawn,650,460,Yes,Roundabout,Normal,2Vehicles-Side,D935 / D934,M,43.386094089996256,6.387652625791479
201800017898,NonLethal,2018-10-24,17:50:00,Daylight,650,304,Yes,T-type,Normal,2Vehicles-Side,179 AVENUE DE BORDEAUX,M,43.47096528458783,2.467434697275801
201800017899,NonLethal,2018-12-28,21:10:00,NightStreelightsOn,650,304,Yes,NoIntersection,Normal,Other,08 avenue maréchal foch,M,43.46532318703248,3.465948051111253
201800017900,NonLethal,2018-02-23,02:40:00,NightStreelightsOn,650,25,Yes,NoIntersection,Normal,Other,RUE DE NÉOUVIELLE,M,43.00325314779633,-0.0015875201139179
201800017901,NonLethal,2018-04-24,19:00:00,Daylight,650,360,No,NoIntersection,LightRain,Other,D937,M,43.10261354624503,-0.1035488839849692
201800017902,NonLethal,2018-05-10,15:50:00,Daylight,650,176,No,NoIntersection,Normal,NoCollision,RD 126 - PK 4+400,M,43.00935250357932,-0.008942464091051
201800017903,NonLethal,2018-05-19,16:15:00,Daylight,650,473,No,NoIntersection,Normal,Other,Route de LUZ - RD921,M,42.93958316738668,-0.9399542216247332
201800017904,NonLethal,2018-06-18,18:25:00,Daylight,650,4,No,NoIntersection,Normal,2Vehicles-Behind,"D 821, sens LOURDES/ARGE",M,43.02705819434011,-0.0280195719834882
201800017905,NonLethal,2018-08-16,15:10:00,Daylight,650,164,No,NoIntersection,Normal,Other,D937,M,43.10225188319853,2.100701039447072
201800017906,NonLethal,2018-08-16,17:15:00,Daylight,650,55,Yes,NoIntersection,Normal,NoCollision,D1OO,M,43.00322366142164,-0.0029286201934168
201800017907,NonLethal,2018-12-09,06:00:00,NightNoStreetLight,650,271,Yes,T-type,Normal,Other,RUE DE LA FONTAINE,M,43.10134188645711,-0.099065972889295
201800017908,NonLethal,2018-12-19,18:19:00,NightNoStreetLight,650,29,No,NoIntersection,Normal,Other,RD 918,M,42.99898176625558,-0.0003105266733997
201800017909,Lethal,2018-02-28,19:45:00,NightNoStreetLight,650,455,No,NoIntersection,Normal,2Vehicles-BehindVehicles-Frontal,RD 938,M,43.07093771040924,4.072361941725797
201800017910,NonLethal,2018-06-18,17:00:00,Daylight,650,258,Yes,T-type,Normal,2Vehicles-Side,Rue Georges Clemenceau,M,43.12296924309495,3.1214529589422564
201800017911,NonLethal,2018-07-26,14:50:00,Daylight,650,258,Yes,X-type,Normal,3+Vehicles-Multiple,rue du tir,M,43.11926504901231,3.119564606752823
201800017912,Lethal,2018-08-09,14:45:00,Daylight,650,363,Yes,NoIntersection,Normal,Other,Rd 817 - face au n° 01,M,43.11691043778206,4.116821040933227
201800017913,NonLethal,2018-08-17,10:30:00,Daylight,650,363,No,T-type,Normal,2Vehicles-BehindVehicles-Frontal,Rd 817,M,43.11179578972072,4.111100720815639
201800017914,Lethal,2018-08-19,18:45:00,Daylight,650,363,No,X-type,Normal,2Vehicles-Side,RD 817,M,43.10869869885168,4.110050139082357
201800017915,NonLethal,2018-08-29,17:25:00,Daylight,650,258,Yes,NoIntersection,Normal,2Vehicles-BehindVehicles-Frontal,rue Georges Clémenceau,M,43.121119966831245,3.123054054500677
201800017916,Lethal,2018-02-21,10:00:00,Daylight,650,31,No,NoIntersection,SnowOrHail,2Vehicles-Side,RD 929,M,42.9191981478905,3.920618174700415
201800017917,NonLethal,2018-03-13,19:24:00,TwilightOrDawn,650,171,Yes,NoIntersection,Normal,Other,D25,M,42.81907112176621,4.821940830284017
201800017918,NonLethal,2018-04-16,10:00:00,Daylight,410,132,No,Other,Normal,Other,autoroute A.85,M,47.31966113211456,1.3189610988136753
201800017919,NonLethal,2018-07-08,12:25:00,Daylight,410,185,No,NoIntersection,Normal,2Vehicles-Behind,"PK O175.95O A85, Voie d'",M,47.338228941687824,1.3365469454726135
201800017920,NonLethal,2018-01-11,18:45:00,NightNoStreetLight,820,195,Yes,NoIntersection,LightRain,NoCollision,Chemin de  Lestang,M,44.07545682959795,1.0738948246388464
201800017921,NonLethal,2018-02-23,05:30:00,NightNoStreetLight,820,148,No,NoIntersection,Normal,Other,RD 17,M,44.25220152813968,1.251402429087225
201800017922,NonLethal,2018-03-12,11:00:00,Daylight,820,37,Yes,Other,LightRain,Other,place du général de GAUL,M,44.16244734599273,1.161972606334425
201800017923,NonLethal,2018-03-25,00:05:00,NightNoStreetLight,820,87,No,NoIntersection,Normal,Other,"RD 20 - Lieu dit ""Prats""",M,44.137320514348325,1.1371166992162671
201800017924,NonLethal,2018-04-19,15:20:00,Daylight,820,113,Yes,Other,Normal,2Vehicles-Behind,SAINT ARTHÉMIE,M,44.17645753447003,1.1781635279751073
201800017925,NonLethal,2018-04-20,10:25:00,Daylight,820,37,No,NoIntersection,Normal,Other,route de saint vincent,M,44.15956479130614,1.158496374410516
201800017926,NonLethal,2018-11-05,08:05:00,Daylight,820,87,No,Roundabout,Normal,NoCollision,Camparnaud,M,44.13327832595781,1.1345168163830963
201800017927,NonLethal,2018-05-21,17:00:00,Daylight,820,195,No,NoIntersection,Normal,NoCollision,chemin de nauze-longue,M,44.07201320951404,1.072953161239205
201800017928,NonLethal,2018-05-31,09:30:00,Daylight,820,159,No,X-type,LightRain,3+Vehicles-Chain,RD964 intersection RD95,M,44.1235715896248,1.1248535255914156
201800017929,NonLethal,2018-06-16,23:22:00,NightNoStreetLight,820,113,No,NoIntersection,Normal,Other,lieu-dit Le plo,M,44.1832555331957,1.1850124622418103
201800017930,NonLethal,2018-06-21,17:15:00,Daylight,820,87,No,NoIntersection,Normal,Other,D.2,M,44.142923831503694,1.142545487572587
201800017932,NonLethal,2018-09-07,17:38:00,Daylight,820,162,No,NoIntersection,Normal,Other,lieu-dit Bourries,M,44.1999687182837,1.1995002661762313
201800017933,NonLethal,2018-07-15,21:00:00,Daylight,820,87,No,NoIntersection,Normal,2Vehicles-BehindVehicles-Frontal,départementale 20,M,44.14238921486556,1.142556232370938
201800017934,NonLethal,2018-07-21,18:12:00,Daylight,820,126,No,NoIntersection,Normal,2Vehicles-Behind,Rd926,M,44.16664703945071,1.1648711725766123
201800017935,NonLethal,2018-07-21,17:30:00,Daylight,820,131,No,NoIntersection,Normal,NoCollision,D69,M,44.21292400855513,1.2112985213613006
201800017936,Lethal,2018-07-26,17:18:00,Daylight,820,159,No,X-type,Normal,2Vehicles-Side,D964,M,44.123587127058855,1.1224619809819407
201800017937,NonLethal,2018-07-29,17:55:00,Daylight,820,76,No,NoIntersection,Normal,NoCollision,RD959,M,44.12674411502717,1.1267911665207684
201800017938,NonLethal,2018-09-01,18:13:00,Daylight,820,87,No,NoIntersection,Normal,2Vehicles-BehindVehicles-Frontal,D 927,M,44.13656012136138,1.1335804333596309
201800017939,NonLethal,2018-09-09,14:10:00,Daylight,820,87,No,NoIntersection,Normal,2Vehicles-Side,D 927,M,44.12441464820847,1.1247041774565254
201800017941,Lethal,2018-11-13,13:00:00,Daylight,820,159,No,X-type,Normal,2Vehicles-Side,D964,M,44.12422336891983,1.1217830902179702
201800017943,NonLethal,2018-10-12,00:30:00,NightNoStreetLight,820,179,No,NoIntersection,LightRain,Other,route du causse,M,44.17043552310749,1.1696517027039977
201800017944,NonLethal,2018-12-29,05:00:00,NightNoStreetLight,820,87,No,NoIntersection,Normal,Other,D927 LE SAULA,M,44.095097239992064,1.0929253047519876
201800017945,NonLethal,2018-03-02,21:00:00,NightNoStreetLight,820,44,No,NoIntersection,Normal,Other,1612 route de Reyries,M,43.9314730367357,1.9330858454629385
201800017946,NonLethal,2018-02-16,19:45:00,NightStreelightsOn,820,142,Yes,NoIntersection,Normal,Other,125 route de Montauban,M,43.81803703266733,1.8205762801207728
201800017947,NonLethal,2018-03-24,17:00:00,Daylight,820,17,No,NoIntersection,Overcast,Other,chemin des placettes,M,43.88864490801352,1.889294857276545
201800017948,NonLethal,2018-10-05,17:20:00,Daylight,820,188,No,NoIntersection,Normal,2Vehicles-BehindVehicles-Frontal,RD999,M,43.93233955769019,1.933511326958811
201800017949,NonLethal,2018-05-16,20:35:00,Daylight,820,79,Yes,NoIntersection,Normal,Other,"Lieu dit ""Lespinet""",M,43.91273757107004,1.9119707413229985
201800017950,NonLethal,2018-03-07,05:00:00,NightNoStreetLight,820,75,Yes,Y-type,Normal,Other,D94 bis,M,43.84162422523021,1.8394554696701464
201800017951,NonLethal,2018-07-19,14:00:00,Daylight,820,167,No,NoIntersection,Normal,Other,RD999- route d'Albi,M,43.95893807671523,1.958206784470448
201800017952,NonLethal,2018-01-09,16:00:00,Daylight,820,17,No,NoIntersection,Normal,Other,Chemin des acacias,M,43.8993833229031,1.8975115958434132
201800017953,NonLethal,2018-09-16,02:30:00,NightNoStreetLight,820,27,No,NoIntersection,Normal,Other,D6,M,43.897758331276826,1.8978466230239737
201800017954,Lethal,2018-10-28,20:10:00,NightNoStreetLight,820,79,No,NoIntersection,Normal,2Vehicles-BehindVehicles-Frontal,"RD 930, route de Montaub",M,43.94231141175045,1.9413152527602109
201800017956,NonLethal,2018-06-02,14:00:00,Daylight,820,23,No,NoIntersection,Normal,NoCollision,D 26,M,43.96160278704388,1.9607692580209923
201800017957,NonLethal,2018-02-19,18:26:00,NightNoStreetLight,820,171,No,NoIntersection,LightRain,2Vehicles-Side,D14,M,44.01183575584904,1.0162978159613885
201800017958,NonLethal,2018-09-04,00:40:00,NightNoStreetLight,820,125,No,NoIntersection,LightRain,Other,D928,M,43.95395192241169,1.9545623207225744
201800017959,Lethal,2018-06-17,02:25:00,NightNoStreetLight,820,124,No,NoIntersection,Normal,NoCollision,RD42 Bois de la Barraque,M,44.015597934453154,1.017270998977433
201800017960,NonLethal,2018-08-21,17:00:00,Daylight,820,125,Yes,NoIntersection,Normal,2Vehicles-Behind,d928,M,43.9558109847978,1.956075452173452
201800017961,NonLethal,2018-05-10,19:40:00,NightNoStreetLight,820,178,No,X-type,Normal,2Vehicles-Side,Intersection D100/C7,M,43.83855158387553,1.837648059250122
201800017962,NonLethal,2018-10-27,15:30:00,Daylight,820,124,No,NoIntersection,Normal,2Vehicles-Behind,Lieu dit Meauzaguelles,M,44.02401583213202,1.0244306394358973
201800017963,NonLethal,2018-10-11,19:30:00,NightNoStreetLight,820,190,No,NoIntersection,LightRain,Other,route d'Aucamville,M,43.83668376919904,1.8378788699774151
201800017964,NonLethal,2018-12-02,08:10:00,Daylight,820,18,No,NoIntersection,Normal,Other,lieu dit la tanguine,M,44.11506699115274,1.116568325397679
201800017966,Lethal,2018-03-18,19:50:00,NightNoStreetLight,820,2,No,NoIntersection,Normal,2Vehicles-Side,D.820,M,44.07991285422055,1.079407861122724
201800017967,Lethal,2018-04-29,05:40:00,NightNoStreetLight,820,161,No,NoIntersection,Overcast,Other,1394 route de la Brive,M,44.048804858418926,1.0502670918949932
201800017968,NonLethal,2018-07-18,21:30:00,NightNoStreetLight,820,39,No,Roundabout,Normal,Other,D820,M,44.09357814394014,1.0939964088104694
201800017969,Lethal,2018-08-11,06:20:00,TwilightOrDawn,820,26,No,Roundabout,Normal,Other,rond point du bugarel,M,44.072293167821925,1.0719606191817015
201800017970,NonLethal,2018-08-22,11:50:00,Daylight,820,161,No,NoIntersection,Normal,2Vehicles-Behind,Chemin des Mourets,M,44.03573293238661,1.033034695590089
201800017971,NonLethal,2018-08-26,16:45:00,Daylight,820,134,No,NoIntersection,Normal,NoCollision,1557 route de albias,M,44.087752229473296,1.0860745403196272
201800017972,Lethal,2018-02-10,10:57:00,Daylight,820,134,No,X-type,Normal,2Vehicles-Side,Lieu dit La Vergne,M,44.08132598691829,1.078952549351663
201800017973,NonLethal,2018-10-23,16:35:00,Daylight,820,66,No,NoIntersection,Normal,2Vehicles-Behind,Les Penards,M,44.00489488481233,1.0057758649149775
201800017974,NonLethal,2018-11-17,03:40:00,NightNoStreetLight,820,2,No,NoIntersection,Normal,Other,D820,M,44.082635969340174,1.0815304930595144
201800017975,Lethal,2018-01-14,00:05:00,NightNoStreetLight,820,38,No,NoIntersection,Normal,Other,RD 19,M,44.24711303869672,1.246335729910661
201800017976,Lethal,2018-01-19,09:00:00,Daylight,820,38,No,NoIntersection,LightRain,2Vehicles-BehindVehicles-Frontal,D 84,M,44.24510652036841,1.2438541543640875
201800017977,Lethal,2018-05-11,06:15:00,TwilightOrDawn,820,56,No,NoIntersection,Normal,Other,d 75,M,44.19201867886687,1.1936254295734974
201800017978,NonLethal,2018-01-07,15:20:00,Daylight,820,155,No,NoIntersection,Normal,Other,RD115,M,44.14804952685768,1.145540033565429
201800017979,NonLethal,2018-01-08,12:20:00,Daylight,820,155,No,NoIntersection,Normal,Other,D926 - avant le croiseme,M,44.19991932765209,1.1971786232853123
201800017981,NonLethal,2018-10-11,16:00:00,Daylight,820,147,No,NoIntersection,Normal,2Vehicles-BehindVehicles-Frontal,D926,M,44.29287901213252,1.2935635711829834
201800017982,NonLethal,2018-12-22,12:50:00,Daylight,820,82,No,NoIntersection,LightRain,2Vehicles-BehindVehicles-Frontal,RD926,M,44.26070311345625,1.2628059701900984
201800017983,NonLethal,2018-03-13,07:30:00,TwilightOrDawn,820,13,No,NoIntersection,Normal,NoCollision,RD 3,M,43.88008100339879,1.8786177070141583
201800017985,NonLethal,2018-04-22,19:30:00,Daylight,820,103,No,NoIntersection,Normal,Other,route d'auch,M,43.84507252370442,9.844613414071183
201800017986,NonLethal,2018-05-06,15:20:00,Daylight,820,36,No,NoIntersection,Normal,Other,RD18,M,43.80153981090519,9.803908273071954
201800017987,NonLethal,2018-05-28,17:05:00,Daylight,820,13,Yes,NoIntersection,Normal,Other,34 boulevard ouest,M,43.88278878744568,9.884419244843595
201800017988,NonLethal,2018-08-07,16:35:00,Daylight,820,97,Yes,X-type,Normal,2Vehicles-Side,Carrefour RD15 - VC.6 ou,M,43.960914352065856,9.960475148042354
201800017989,NonLethal,2018-10-02,17:04:00,Daylight,820,97,No,NoIntersection,Normal,NoCollision,D3,M,43.91922982235329,9.922242762989011
201800017990,NonLethal,2018-11-16,16:55:00,Daylight,820,97,No,NoIntersection,Normal,2Vehicles-Side,la bordette,M,43.973844642726434,9.973506968665848
201800017991,NonLethal,2018-05-12,14:15:00,Daylight,820,13,Yes,NoIntersection,Normal,Other,56 boulevard général Foc,M,43.88285467919826,9.884846810004936
201800017992,NonLethal,2018-02-15,11:30:00,Daylight,820,42,No,NoIntersection,Normal,2Vehicles-BehindVehicles-Frontal,RD34,M,44.21144585720704,1.211925394607244
201800017993,NonLethal,2018-03-02,20:50:00,NightNoStreetLight,820,94,No,NoIntersection,Normal,Other,"Lieu-dit ""Vignals""",M,44.26629830438619,1.2664248680803345
201800017994,NonLethal,2018-04-01,15:55:00,Daylight,820,117,No,NoIntersection,Normal,Other,Fillol,M,44.33175085040665,1.3305512747297112
201800017995,NonLethal,2018-04-09,15:55:00,Daylight,820,22,No,NoIntersection,Normal,Other,Bouyssounet,M,44.2629440591078,9.265026986641557
201800017996,NonLethal,2018-05-30,12:30:00,Daylight,820,111,No,X-type,Normal,2Vehicles-Side,Miral,M,44.20699586974344,1.206336124506221
201800017997,NonLethal,2018-10-08,09:10:00,Daylight,820,51,No,NoIntersection,Normal,Other,RD2,M,44.18797625551299,1.1876065042349948
201800017998,NonLethal,2018-08-21,11:30:00,Daylight,820,111,No,NoIntersection,Normal,Other,Miral,M,44.2151939002674,1.2154370526243432
201800017999,NonLethal,2018-09-17,16:45:00,Daylight,820,127,No,NoIntersection,Normal,Other,RD 16,M,44.16811065777014,1.1714735096381672
201800018000,NonLethal,2018-10-05,18:45:00,TwilightOrDawn,820,151,No,NoIntersection,VeryGood,Other,Les Alignès,M,44.327239770752456,9.32720047663615
201800018001,NonLethal,2018-10-18,03:10:00,NightNoStreetLight,820,51,No,NoIntersection,Normal,Other,"""les bouzigues""",M,44.15518650498829,1.156887038579519
201800018002,NonLethal,2018-11-18,14:50:00,Daylight,820,151,No,NoIntersection,Normal,Other,Route de Roquecor - RD 7,M,44.31587980586583,9.318600998933922
201800018003,NonLethal,2018-01-28,16:50:00,Daylight,820,112,No,T-type,Normal,2Vehicles-Side,lieu dit  la megere,M,44.12367687804241,1.1221681645193968
201800018004,Lethal,2018-03-30,20:10:00,Daylight,820,12,No,NoIntersection,Normal,2Vehicles-Behind,491 route de CASTELSARRA,M,44.07653411756212,1.077577199682095
201800018005,NonLethal,2018-05-25,18:43:00,Daylight,820,31,No,NoIntersection,Normal,2Vehicles-BehindVehicles-Frontal,D26,M,44.04723557003001,1.0459865199595255
201800018006,NonLethal,2018-07-19,12:45:00,Daylight,820,112,No,X-type,Normal,2Vehicles-Side,D813 VC 113,M,44.08974626040879,1.090532694693398
201800018007,NonLethal,2018-07-21,16:35:00,Daylight,820,152,No,NoIntersection,Normal,Other,371 route d'ANGEVILLE,M,44.01479287321799,1.0160399958824875
201800018008,NonLethal,2018-10-09,16:25:00,Daylight,820,112,Yes,NoIntersection,Normal,2Vehicles-Behind,avenue du Chasselas,M,44.10870261335739,1.1095515441318826
201800018009,NonLethal,2018-09-22,11:35:00,Daylight,820,112,Yes,Square,Normal,Other,place des récollets,M,44.10249405624036,1.1037407976773244
201800018010,NonLethal,2018-09-28,11:45:00,Daylight,820,112,No,NoIntersection,Normal,Other,RD927,M,44.115729740254366,1.1165721109164224
201800018012,NonLethal,2018-11-27,17:45:00,NightNoStreetLight,820,112,No,X-type,Normal,2Vehicles-BehindVehicles-Frontal,"Lieu dit Roussel, chemin",M,44.14558536452282,1.145187255010712
201800018013,NonLethal,2018-02-12,09:15:00,Daylight,820,72,Yes,NoIntersection,VeryGood,Other,"5,  place du Padouen",M,44.112564205359625,8.113862553083653
201800018014,NonLethal,2018-03-17,16:40:00,Daylight,820,89,Yes,NoIntersection,Normal,Other,29 avenue St Michel,M,44.12240902859013,8.124019329541754
201800018015,NonLethal,2018-06-27,09:40:00,Daylight,820,72,Yes,NoIntersection,Normal,2Vehicles-Side,l3 impasse des Chardonne,M,44.11856267371706,8.12015822274855
201800018016,Lethal,2018-02-13,19:20:00,TwilightOrDawn,800,463,No,NoIntersection,LightRain,3+Vehicles-Multiple,D1029,M,49.870052178708136,2.868494433837544
201800018017,NonLethal,2018-12-16,19:30:00,NightNoStreetLight,800,463,No,T-type,FogOrSmoke,3+Vehicles-Multiple,D42,M,49.86301060634858,2.8614904734439333
201800018020,NonLethal,2018-04-22,16:30:00,Daylight,800,592,Yes,NoIntersection,Normal,2Vehicles-Side,RTE DE SAINT AUBIN,M,49.853493149534906,1.85355217083268
201800018021,NonLethal,2018-09-15,18:00:00,Daylight,800,655,No,NoIntersection,Normal,NoCollision,D70,M,49.95079430288066,1.9515690915229704
201800018022,NonLethal,2018-09-27,18:05:00,Daylight,800,699,No,X-type,Normal,2Vehicles-Side,D211,M,49.87136104912169,1.8739499862356364
201800018023,NonLethal,2018-12-24,19:30:00,NightStreelightsOn,800,655,No,X-type,Normal,2Vehicles-BehindVehicles-Frontal,D936,M,49.96006386373855,1.959781303984074
201800018024,NonLethal,2018-01-15,08:20:00,Daylight,800,791,Yes,NoIntersection,Normal,2Vehicles-BehindVehicles-Frontal,4 ROUTE DE BACOUEL,M,49.83853784962878,2.8389943101555657
201800018025,NonLethal,2018-01-24,14:15:00,Daylight,800,761,No,NoIntersection,StrongWindOrStorm,NoCollision,,M,49.759305543934246,2.756798263569696
201800018026,Lethal,2018-02-23,12:00:00,Daylight,800,317,No,NoIntersection,Normal,Other,D100,M,49.731214163664006,2.7323476644897045
201800018027,NonLethal,2018-04-05,21:40:00,TwilightOrDawn,800,424,No,NoIntersection,Normal,NoCollision,D1001,M,49.8240767502782,2.823357131031911
201800018028,NonLethal,2018-05-08,01:30:00,NightStreelightsOn,800,630,Yes,Y-type,Normal,2Vehicles-BehindVehicles-Frontal,AV DU GENERAL LECLERC,M,49.774044981034464,1.7763308651500556
201800018029,NonLethal,2018-05-14,09:05:00,Daylight,800,424,No,NoIntersection,Normal,2Vehicles-Side,D1001,M,49.81519709318213,2.816235950994416
201800018030,NonLethal,2018-04-06,21:30:00,TwilightOrDawn,800,352,No,X-type,Normal,Other,D138 / D38,M,49.78712188653022,2.789616480718049
201800018031,NonLethal,2018-06-04,15:10:00,Daylight,800,352,No,X-type,Normal,2Vehicles-Side,D138 / D38,M,49.78906110795972,2.790108400433966
201800018033,NonLethal,2018-07-24,08:00:00,Daylight,800,273,No,NoIntersection,Normal,2Vehicles-BehindVehicles-Frontal,chemin d Eplessier,M,49.78788468397549,1.7846711885348798
201800018034,Lethal,2018-07-29,19:20:00,Daylight,800,227,No,NoIntersection,Normal,Other,D901,M,49.78340895964568,1.7829170900005706
201800018035,NonLethal,2018-01-08,16:35:00,Daylight,800,791,No,NoIntersection,Normal,3+Vehicles-Multiple,D210,M,49.83426240621019,2.835327562398593
201800018037,NonLethal,2018-04-11,22:30:00,NightNoStreetLight,800,582,No,NoIntersection,LightRain,Other,D38,M,49.79298905113926,2.79113820666915
201800018038,NonLethal,2018-11-21,17:30:00,TwilightOrDawn,800,627,No,T-type,Normal,2Vehicles-BehindVehicles-Frontal,D8,M,49.80970807476104,2.8082433613675137
201800018039,NonLethal,2018-12-10,12:45:00,Daylight,800,211,No,X-type,HeavyRain,2Vehicles-Side,D920 / D210,M,49.73866541251935,2.739867566634777
201800018040,NonLethal,2018-12-30,22:15:00,NightNoStreetLight,800,455,No,NoIntersection,LightRain,Other,D919,M,49.772091808672336,1.7708901096265537
201800018041,NonLethal,2018-12-31,18:55:00,NightStreelightsOn,800,656,Yes,NoIntersection,Overcast,Other,"35, CHS THIERS",M,49.82315974805013,2.8232340103655797
201800018042,NonLethal,2018-01-08,19:20:00,NightNoStreetLight,800,639,No,NoIntersection,Overcast,NoCollision,chemin de Longpré,M,49.93987169408225,2.9406559628021776
201800018043,NonLethal,2018-11-02,22:15:00,NightNoStreetLight,800,650,No,NoIntersection,SnowOrHail,2Vehicles-BehindVehicles-Frontal,D929,M,49.93094605539171,2.928711643925736
201800018044,NonLethal,2018-02-21,20:55:00,NightNoStreetLight,800,202,No,X-type,Normal,2Vehicles-Side,D11,M,49.95565640971771,2.9553474503396067
201800018046,NonLethal,2018-03-16,16:20:00,Daylight,800,661,Yes,NoIntersection,Normal,2Vehicles-BehindVehicles-Frontal,RTE D'AMIENS,M,49.971508642937685,2.971430659218577
201800018047,NonLethal,2018-03-18,12:20:00,Daylight,800,622,No,NoIntersection,Normal,2Vehicles-BehindVehicles-Frontal,D141,M,49.93426156008002,2.9334294866019124
201800018048,Lethal,2018-04-22,16:30:00,Daylight,800,82,No,NoIntersection,Normal,3+Vehicles-Multiple,D1001,M,49.97748054620689,2.9788408660862298
201800018049,NonLethal,2018-04-21,13:00:00,Daylight,800,187,No,NoIntersection,Normal,3+Vehicles-Chain,D1OO1,M,49.962380136756266,2.9656268341818266
201800018050,Lethal,2018-04-05,20:00:00,TwilightOrDawn,800,704,No,X-type,Normal,2Vehicles-Side,D919,M,49.97131130829425,2.970375694298952
201800018051,Lethal,2018-05-30,18:15:00,Daylight,800,137,No,NoIntersection,Normal,2Vehicles-BehindVehicles-Frontal,D1235,M,49.93732991179356,2.9373149699528187
201800018052,NonLethal,2018-06-14,09:30:00,Daylight,800,639,Yes,Roundabout,Normal,NoCollision,N25,M,49.94435056690461,2.943875579050277
201800018053,NonLethal,2018-01-09,06:00:00,TwilightOrDawn,800,24,No,Roundabout,FogOrSmoke,Other,Dl00l,M,49.93650928008618,2.935900815241276
201800018054,NonLethal,2018-07-09,21:30:00,NightNoStreetLight,800,639,No,NoIntersection,Normal,2Vehicles-Behind,N25,M,49.9788610615446,2.97849813472852
201800018056,NonLethal,2018-09-28,22:23:00,NightStreelightsOn,800,11,Yes,NoIntersection,Normal,Other,D1235,M,49.92175704976564,2.920275851645948
201800018057,NonLethal,2018-01-26,19:30:00,NightNoStreetLight,800,78,No,X-type,Normal,Other,Intersection D183 - D100,M,50.085093826494266,1.0829981259886132
201800018058,NonLethal,2018-03-04,06:00:00,TwilightOrDawn,800,328,No,NoIntersection,Normal,2Vehicles-BehindVehicles-Frontal,D3,M,50.02283564435865,1.0238416422636756
201800018059,NonLethal,2018-03-31,14:30:00,Daylight,800,830,No,NoIntersection,Normal,NoCollision,D153,M,50.10901269047074,1.106833984530981
201800018060,NonLethal,2018-04-15,18:45:00,Daylight,800,716,No,NoIntersection,Normal,2Vehicles-Side,D12,M,50.13318581026476,1.1331462946927258
201800018061,Lethal,2018-04-17,18:57:00,Daylight,800,19,No,X-type,Normal,2Vehicles-Side,D936,M,49.95959287343052,1.9573097898648368
201800018062,Lethal,2018-03-05,22:55:00,NightNoStreetLight,800,779,No,NoIntersection,Normal,Other,D1001,M,50.08997154220637,1.0902692177999342