AccidentId,Gravity,Date,Hour,Light,Department,Commune,InAgglomeration,IntersectionType,Weather,CollisionType,PostalAddress,GPSCode,Latitude,Longitude
201800018063,NonLethal,2018-07-05,18:45:00,Daylight,800,446,Yes,NoIntersection,Normal,Other,D25,M,50.021119041705546,1.019791466250337
201800018064,NonLethal,2018-05-20,23:25:00,NightNoStreetLight,800,282,No,NoIntersection,Normal,Other,D13,M,50.03523164655762,1.0368641322829544
201800018065,NonLethal,2018-06-15,03:00:00,NightNoStreetLight,800,488,Yes,NoIntersection,Normal,NoCollision,"40, R DE LA REPUBLIQUE",M,50.01013862852175,1.0111899111514542
201800018066,Lethal,2018-06-17,12:15:00,Daylight,800,779,No,NoIntersection,Normal,NoCollision,D153,M,50.10713760057492,1.1052067383557782
201800018067,NonLethal,2018-02-07,17:35:00,Daylight,800,78,No,NoIntersection,Normal,2Vehicles-Side,D1001,M,50.08006263630307,1.0811876045225872
201800018068,NonLethal,2018-12-07,08:25:00,Daylight,800,260,No,NoIntersection,Normal,3+Vehicles-Multiple,RUE DU BOIS BOULLON,M,50.13622563961641,1.133215496440713
201800018070,NonLethal,2018-08-13,15:15:00,Daylight,800,262,No,NoIntersection,Normal,Other,D90l,M,50.06043128968297,1.059265736105422
201800018071,NonLethal,2018-08-29,13:15:00,Daylight,800,163,No,NoIntersection,HeavyRain,3+Vehicles-Multiple,D925,M,50.10557591497567,1.1060971436777325
201800018072,NonLethal,2018-09-15,17:45:00,Daylight,800,78,No,X-type,Normal,2Vehicles-Side,D1001 / D183,M,50.08459000077898,1.0833849153064274
201800018074,NonLethal,2018-09-30,08:00:00,Daylight,800,446,No,NoIntersection,Normal,Other,ROUTE DE TRINQUIES,M,50.03759210132695,1.03486655019746
201800018075,NonLethal,2018-10-27,11:20:00,Daylight,800,446,Yes,NoIntersection,Normal,2Vehicles-Side,D13,M,50.02380540677625,1.023380154648385
201800018076,NonLethal,2018-12-13,12:30:00,Daylight,800,446,Yes,NoIntersection,Normal,Other,"21, R DE L'EGLISE",M,50.0253604313112,1.025026034946183
201800018077,Lethal,2018-12-15,19:15:00,NightNoStreetLight,800,78,No,X-type,HeavyRain,2Vehicles-Side,D1001 / D183,M,50.08347084281847,1.0853104213868372
201800018078,NonLethal,2018-01-26,16:30:00,Daylight,800,183,Yes,NoIntersection,VeryGood,Other,13 rue d'Arleux,M,49.9802223032976,1.9823917828006845
201800018079,NonLethal,2018-04-14,18:00:00,Daylight,800,714,Yes,NoIntersection,Normal,2Vehicles-Side,"141, R DU TRINVIL",M,50.07227952586198,1.0740383211543432
201800018080,NonLethal,2018-04-18,10:55:00,Daylight,800,63,Yes,NoIntersection,Normal,Other,"11, GRANDE RUE",M,50.01594559634576,1.0157443634360253
201800018081,NonLethal,2018-05-13,04:45:00,NightNoStreetLight,800,8,Yes,NoIntersection,Normal,Other,R DE VISSE,M,50.02966765161654,1.0290022118271165
201800018082,NonLethal,2018-06-20,20:00:00,Daylight,800,760,Yes,NoIntersection,Normal,2Vehicles-Side,"8, R DE L'EGLISE",M,49.9973814569843,1.998628100227724
201800018083,NonLethal,2018-06-07,15:50:00,Daylight,800,373,Yes,NoIntersection,Normal,2Vehicles-Side,"112, R CHARLES DE GAULLE",M,49.98918822539515,1.98713173418984
201800018084,NonLethal,2018-09-07,22:30:00,TwilightOrDawn,800,827,Yes,NoIntersection,Normal,2Vehicles-Side,R JEAN JAURES,M,50.06428142863384,1.064405811048467
201800018085,NonLethal,2018-07-21,16:55:00,Daylight,800,368,No,NoIntersection,Normal,Other,D925,M,50.07307712078486,1.0719941308878465
201800018086,NonLethal,2018-08-22,21:40:00,NightStreelightsOn,800,368,Yes,NoIntersection,Normal,Other,R JULES VALLES,M,50.09155423299968,1.0898246724927712
201800018090,NonLethal,2018-04-03,09:30:00,Daylight,800,633,No,NoIntersection,LightRain,2Vehicles-Side,D940,M,50.20787311413039,1.2073133949935313
201800018091,NonLethal,2018-05-20,22:30:00,NightNoStreetLight,800,250,No,NoIntersection,Normal,Other,D928,M,50.21553891850661,1.215254455027644
201800018093,NonLethal,2018-07-12,09:35:00,Daylight,800,248,Yes,NoIntersection,Normal,Other,R CRECY GRANGE,M,50.26665523412217,1.265790021197978
201800018094,NonLethal,2018-08-25,21:55:00,NightStreelightsOn,800,713,No,NoIntersection,Normal,Other,RTE DE FOREST-MONTIERS,M,50.27124447630937,1.2707568183313849
201800018095,NonLethal,2018-01-11,15:10:00,Daylight,800,303,No,NoIntersection,Normal,2Vehicles-BehindVehicles-Frontal,D940,M,50.23628501331867,1.234840352611413
201800018096,NonLethal,2018-01-04,12:40:00,Daylight,800,122,Yes,NoIntersection,Normal,NoCollision,"77, RTE DE SAINT POL",M,50.22377564365216,2.225107891738058
201800018097,NonLethal,2018-02-28,16:50:00,Daylight,800,253,No,NoIntersection,Normal,2Vehicles-BehindVehicles-Frontal,RN25,M,50.14817018630704,2.144716922664325
201800018098,NonLethal,2018-04-15,11:15:00,Daylight,800,253,Yes,NoIntersection,Normal,2Vehicles-Side,R JEAN MOULIN,M,50.15934473646135,2.1587903108552124
201800018099,NonLethal,2018-05-02,07:25:00,Daylight,800,498,No,NoIntersection,Normal,Other,D919,M,50.07284360141772,2.0745832380790907
201800018100,NonLethal,2018-06-27,16:15:00,Daylight,800,733,No,T-type,Normal,NoCollision,CH COMMUNAL / RUE NEUVE,M,50.02936116993602,2.0295207473284957
201800018102,NonLethal,2018-08-19,12:50:00,Daylight,800,431,No,X-type,Normal,2Vehicles-Side,D60 / D11,M,50.030275452086734,2.03071884268814
201800018103,NonLethal,2018-08-22,00:05:00,NightStreelightsOn,800,253,Yes,NoIntersection,Normal,Other,"28, R DU COLLEGE",M,50.16024274379761,2.1615786039779343
201800018104,NonLethal,2018-02-17,17:00:00,Daylight,800,86,Yes,Other,Normal,Other,R DE LA VACQUERIE,M,50.12295997351557,2.123166589123784
201800018106,NonLethal,2018-03-24,17:35:00,Daylight,800,318,Yes,NoIntersection,Normal,3+Vehicles-Multiple,RTE DE BOURDON,M,50.00409357636652,2.0034918410765417
201800018107,NonLethal,2018-05-26,16:05:00,Daylight,800,466,Yes,NoIntersection,Normal,Other,RTE DE DOMART,M,50.08834157194067,2.087827121893084
201800018108,NonLethal,2018-06-24,18:28:00,Daylight,800,566,Yes,T-type,Normal,2Vehicles-Side,"12, R DE CANDAS",M,50.08786882486024,2.088021545378335
201800018109,NonLethal,2018-07-13,11:22:00,Daylight,800,711,Yes,T-type,Overcast,2Vehicles-Side,"67, R AMBROISE CROIZAT",M,50.037876631491336,2.0389806400748327
201800018110,NonLethal,2018-07-14,23:00:00,NightStreelightsOn,800,296,Yes,NoIntersection,Normal,Other,"44, R JULES VERNE",M,50.023140996851765,2.022217750213082
201800018111,NonLethal,2018-07-27,15:50:00,Daylight,800,86,No,NoIntersection,Normal,2Vehicles-Side,D933,M,50.13180553518208,2.1316504366136577
201800018112,NonLethal,2018-09-14,08:25:00,TwilightOrDawn,800,835,No,NoIntersection,FogOrSmoke,NoCollision,D81,M,49.98643698200314,2.9850529767559637
201800018113,NonLethal,2018-01-16,04:50:00,NightNoStreetLight,800,230,No,NoIntersection,HeavyRain,Other,RTE DE NESLE,M,49.77719888008165,2.774934918293773
201800018115,NonLethal,2018-03-20,10:15:00,Daylight,800,224,No,NoIntersection,Normal,2Vehicles-BehindVehicles-Frontal,D15,M,49.72702019530218,2.727755328785677
201800018116,NonLethal,2018-04-20,17:30:00,Daylight,800,393,No,NoIntersection,VeryGood,2Vehicles-BehindVehicles-Frontal,D1017,M,49.72673642217804,2.727206973505772
201800018117,NonLethal,2018-04-21,11:20:00,Daylight,800,541,No,Other,Normal,2Vehicles-BehindVehicles-Frontal,D26,M,49.64686813085561,2.647086237409392
201800018118,NonLethal,2018-11-05,04:00:00,NightNoStreetLight,800,232,No,NoIntersection,Normal,Other,D934,M,49.71916671064273,2.7170488716432786
201800018119,NonLethal,2018-05-21,00:01:00,NightNoStreetLight,800,326,No,NoIntersection,Normal,NoCollision,D155,M,49.66576592900564,2.6655623439081
201800018122,NonLethal,2018-05-30,10:30:00,Daylight,800,395,No,NoIntersection,Normal,NoCollision,D329,M,49.695395122007,2.69514282190806
201800018124,NonLethal,2018-08-13,01:50:00,NightNoStreetLight,800,395,Yes,NoIntersection,LightRain,Other,RTE D'ANDECHY,M,49.70324636252647,2.703487044999311
201800018125,NonLethal,2018-08-19,17:00:00,Daylight,800,279,Yes,NoIntersection,Normal,Other,R DU MARTROY,M,49.70371452654479,2.7055012614927256
201800018126,NonLethal,2018-08-26,08:00:00,TwilightOrDawn,800,383,No,NoIntersection,Normal,NoCollision,D934,M,49.71219780596447,2.7133941299564674
201800018127,NonLethal,2018-03-09,16:58:00,Daylight,800,421,No,T-type,Normal,NoCollision,Dl6l,M,49.76782712841431,2.766923931558684
201800018128,NonLethal,2018-09-27,09:39:00,Daylight,800,279,Yes,NoIntersection,VeryGood,2Vehicles-Side,"14, R DE MARTROY",M,49.7027131982592,2.703164316881138
201800018130,NonLethal,2018-10-16,12:30:00,Daylight,800,395,Yes,NoIntersection,Normal,2Vehicles-BehindVehicles-Frontal,D329,M,49.70397870185437,2.7058286530246525
201800018131,NonLethal,2018-10-18,12:14:00,Daylight,800,685,No,X-type,Normal,2Vehicles-Behind,D1017,M,49.69784347252798,2.695779085247908
201800018133,NonLethal,2018-10-25,20:30:00,NightNoStreetLight,800,676,No,NoIntersection,Normal,3+Vehicles-Multiple,D934,M,49.680487603422215,2.678402508036545
201800018134,NonLethal,2018-10-26,22:50:00,NightNoStreetLight,800,386,No,NoIntersection,Normal,NoCollision,D935,M,49.68055764174419,2.682983047028934
201800018135,NonLethal,2018-10-30,19:55:00,NightNoStreetLight,800,293,No,NoIntersection,Normal,Other,D329,M,49.658836520902376,2.6591810026301657
201800018136,NonLethal,2018-11-09,07:50:00,Daylight,800,685,No,NoIntersection,Normal,2Vehicles-BehindVehicles-Frontal,LAUCOURT,M,49.67964550138345,2.679334272023323
201800018137,NonLethal,2018-11-16,04:40:00,NightNoStreetLight,800,685,No,X-type,FogOrSmoke,2Vehicles-Side,Dl0l7 / D22l,M,49.68688347264987,2.683624700078977
201800018138,NonLethal,2018-11-30,17:20:00,NightStreelightsOn,800,685,No,Roundabout,LightRain,2Vehicles-Side,D934 / D34,M,49.70849622846847,2.708089151523704
201800018139,NonLethal,2018-02-15,17:05:00,Daylight,800,752,No,X-type,Normal,2Vehicles-Side,D935,M,49.81664550517101,2.817007929356615
201800018140,NonLethal,2018-03-17,05:00:00,NightNoStreetLight,800,10,No,NoIntersection,Normal,NoCollision,D920,M,49.757784324918205,2.75899043532344
201800018141,NonLethal,2018-04-09,16:50:00,Daylight,800,545,No,X-type,LightRain,2Vehicles-Side,D934/D28,M,49.7903023793662,2.78762284322595
201800018143,NonLethal,2018-04-11,21:50:00,NightStreelightsOn,800,570,Yes,NoIntersection,Normal,Other,R DU 8 AOUT 1918,M,49.77240666390526,2.7736060864420584
201800018145,NonLethal,2018-10-08,18:55:00,Daylight,800,10,No,NoIntersection,Normal,NoCollision,D116,M,49.77303974616125,2.7708404591402664
201800018146,NonLethal,2018-08-12,18:25:00,Daylight,800,213,No,NoIntersection,Overcast,NoCollision,D75,M,49.80528740826599,2.806555931888992
201800018147,NonLethal,2018-09-07,16:45:00,Daylight,800,545,No,X-type,Normal,2Vehicles-Side,D934 / D137,M,49.79534098089732,2.792676253286758
201800018148,NonLethal,2018-09-24,11:15:00,Daylight,800,242,No,NoIntersection,VeryGood,2Vehicles-Behind,D934,M,49.81489072582935,2.813433938120208
201800018149,NonLethal,2018-09-24,20:45:00,NightNoStreetLight,800,452,No,NoIntersection,Normal,NoCollision,D162,M,49.76049745581045,2.7604824614581416
201800018151,NonLethal,2018-10-11,07:45:00,Daylight,800,246,No,NoIntersection,LightRain,NoCollision,D90,M,49.79999818373085,2.80175360363112
201800018152,NonLethal,2018-12-20,08:00:00,TwilightOrDawn,800,570,Yes,NoIntersection,Normal,Other,D920,M,49.77245268449519,2.7713853388468515
201800018153,NonLethal,2018-12-20,18:30:00,NightStreelightsOn,800,570,Yes,NoIntersection,Normal,Other,"87, R DE LA REPUBLIQUE",M,49.77109255685329,2.770813302356534
201800018154,NonLethal,2018-01-17,20:45:00,NightStreelightsOn,800,204,Yes,X-type,LightRain,2Vehicles-Side,R DE LA MONTAGNE,M,50.00765214465178,2.0081580316883256
201800018155,NonLethal,2018-01-28,14:30:00,Daylight,800,801,No,NoIntersection,Normal,Other,D35,M,49.8661467122822,2.866764507318304
201800018156,NonLethal,2018-10-02,17:45:00,TwilightOrDawn,800,150,No,NoIntersection,Normal,2Vehicles-Side,D6,M,49.93821717016888,3.937191234402229
201800018157,NonLethal,2018-03-05,05:30:00,TwilightOrDawn,800,801,No,NoIntersection,Overcast,2Vehicles-Side,D1029,M,49.875713722187335,2.8749980712672816
201800018158,NonLethal,2018-03-17,09:35:00,Daylight,800,812,No,NoIntersection,SnowOrHail,2Vehicles-Side,D1029,M,49.87754207173289,3.878954746885815
201800018159,NonLethal,2018-04-23,13:50:00,Daylight,800,434,Yes,NoIntersection,Normal,Other,R DE ROISEL,M,49.937274247246975,3.936890793535313
201800018160,Lethal,2018-05-21,19:55:00,Daylight,800,801,No,NoIntersection,Normal,Other,D1017,M,49.86556614256661,2.8644827811663967
201800018161,Lethal,2018-07-08,18:00:00,Daylight,800,490,No,NoIntersection,Normal,NoCollision,D20,M,50.02919694890832,2.028598625132725
201800018163,NonLethal,2018-08-26,21:00:00,NightStreelightsOn,800,620,Yes,NoIntersection,LightRain,Other,"39, FAUBOURG DE PARIS",M,49.92010845399368,2.9185285928338107
201800018165,NonLethal,2018-10-18,22:30:00,NightNoStreetLight,800,271,No,NoIntersection,Normal,2Vehicles-BehindVehicles-Frontal,D24,M,50.01172175055415,3.011376846668555
201800018166,NonLethal,2018-11-08,13:15:00,Daylight,800,557,Yes,NoIntersection,Normal,3+Vehicles-Chain,D1029,M,49.87748577388056,3.878163656432877
201800018167,NonLethal,2018-12-19,18:20:00,NightNoStreetLight,800,557,No,NoIntersection,Normal,2Vehicles-Behind,D44,M,49.88739905863792,3.886548273315615
201800018168,Lethal,2018-12-22,18:35:00,NightNoStreetLight,800,404,No,X-type,LightRain,2Vehicles-Side,D72,M,49.98812655569285,3.9891485001027607
201800018169,NonLethal,2018-01-19,15:15:00,Daylight,800,823,Yes,X-type,Normal,2Vehicles-Side,Rue de Folies,M,49.776619664925896,2.7746930594980306
201800018170,NonLethal,2018-03-16,15:35:00,Daylight,800,353,Yes,T-type,Normal,2Vehicles-Behind,D1017,M,49.84981137779685,2.8519895489588647
201800018171,NonLethal,2018-03-17,21:00:00,NightNoStreetLight,800,136,No,NoIntersection,Normal,NoCollision,D329,M,49.95141010265689,2.9512538452704384
201800018172,NonLethal,2018-04-18,02:00:00,NightNoStreetLight,800,192,No,NoIntersection,Normal,Other,D1,M,49.93537537481616,2.9337951413878938
201800018173,NonLethal,2018-04-24,10:25:00,Daylight,800,644,No,X-type,Normal,2Vehicles-BehindVehicles-Frontal,LA RAPERIE,M,49.87343452801512,2.8733396005474265
201800018174,NonLethal,2018-11-05,08:50:00,Daylight,800,781,No,NoIntersection,Normal,2Vehicles-BehindVehicles-Frontal,D337,M,49.84394611390852,2.844127072219335
201800018175,NonLethal,2018-05-25,12:00:00,Daylight,800,116,No,X-type,VeryGood,2Vehicles-Side,D329 / D934,M,49.74395162816484,2.7453625693989587
201800018176,NonLethal,2018-05-06,11:12:00,Daylight,800,572,No,X-type,Overcast,2Vehicles-Side,Dl / D42,M,49.93467160668784,2.9350384422209537
201800018178,NonLethal,2018-07-08,03:52:00,NightStreelightsOn,800,186,Yes,NoIntersection,Normal,Other,"ROUTE D'HALLU, GARE",M,49.807580619041936,2.806868388264504
201800018179,NonLethal,2018-04-09,09:15:00,Daylight,800,680,Yes,NoIntersection,LightRain,Other,R JEAN JAURES,M,49.81501978667876,2.812794499632956
201800018180,NonLethal,2018-12-11,12:05:00,Daylight,800,136,Yes,NoIntersection,LightRain,Other,"11, AV GEORGES DUHAMEL",M,49.94511736023876,2.945422744539633
201800018182,NonLethal,2018-11-28,06:50:00,NightStreelightsOn,800,186,Yes,NoIntersection,HeavyRain,Other,"73, AV ARISTIDE BRIAND",M,49.81118298510812,2.810648077600675
201800018184,NonLethal,2018-03-12,17:15:00,Daylight,800,410,Yes,NoIntersection,LightRain,NoCollision,AV JEAN MOULIN,M,49.74868676508439,3.7505558800194185
201800018185,NonLethal,2018-03-13,22:15:00,NightNoStreetLight,800,585,No,NoIntersection,Normal,Other,D930,M,49.75070508812213,2.75187998289999
201800018186,Lethal,2018-04-19,11:50:00,Daylight,800,410,Yes,NoIntersection,Normal,3+Vehicles-Chain,R SALVADOR ALLENDE,M,49.75187245494821,3.749837259918395
201800018187,NonLethal,2018-12-05,16:00:00,Daylight,800,579,Yes,NoIntersection,Normal,2Vehicles-Side,"21, RTE DE PARIS",M,49.73772213098975,3.735903444798541
201800018189,NonLethal,2018-06-08,10:30:00,Daylight,800,519,Yes,T-type,Normal,2Vehicles-Side,"2, R D'OFFOY",M,49.79185343196454,3.792168984900648
201800018190,NonLethal,2018-06-25,22:45:00,NightNoStreetLight,800,252,No,NoIntersection,Normal,NoCollision,D145,M,49.782689383013405,3.783296205526036
201800018191,NonLethal,2018-06-27,13:55:00,Daylight,800,585,Yes,NoIntersection,Normal,Other,"42, RTE DE CHAULNES",M,49.76227068599599,2.762165399829282
201800018193,NonLethal,2018-07-22,18:05:00,Daylight,800,274,Yes,T-type,Normal,Other,R DE LA PAIX,M,49.73829805742646,3.7393176701744952
201800018195,NonLethal,2018-09-07,11:50:00,Daylight,800,410,Yes,X-type,Normal,Other,R DE PERONNE,M,49.7528045064767,3.753027922287247
201800018196,NonLethal,2018-09-19,15:05:00,Daylight,800,410,Yes,NoIntersection,Normal,Other,"8, R DE VERDUN",M,49.7415731743084,3.741045647040104
201800018197,NonLethal,2018-02-11,19:15:00,NightNoStreetLight,800,410,Yes,NoIntersection,Normal,2Vehicles-Side,RTE DE CHAUNY,M,49.7389620199805,3.740987904045524
201800018199,NonLethal,2018-12-20,16:00:00,Daylight,800,410,Yes,NoIntersection,Normal,Other,R DU GENERAL LECLERC,M,49.74664516312768,3.744337932805645
201800018200,NonLethal,2018-12-22,18:40:00,NightStreelightsOn,800,579,Yes,NoIntersection,LightRain,2Vehicles-BehindVehicles-Frontal,RTE DE PARIS,M,49.73279552917244,3.733966653996703
201800018201,NonLethal,2018-04-04,07:20:00,Daylight,600,539,No,NoIntersection,LightRain,2Vehicles-Side,D200,M,49.29553389449414,2.2962722254586128
201800018202,NonLethal,2018-01-05,14:45:00,Daylight,600,36,No,NoIntersection,Normal,2Vehicles-Side,D75,M,49.38664916478498,2.386150290942848
201800018203,Lethal,2018-06-19,16:14:00,Daylight,600,36,No,NoIntersection,Normal,2Vehicles-BehindVehicles-Frontal,RN31,M,49.39263235641448,2.392204649908908
201800018205,NonLethal,2018-10-01,18:25:00,Daylight,600,78,No,NoIntersection,Normal,NoCollision,Rue de Grandfresnoy,M,49.381514477359566,2.3806619682352075
201800018206,NonLethal,2018-12-11,07:25:00,NightNoStreetLight,600,102,No,NoIntersection,LightRain,Other,D29,M,49.308250720828376,2.308833304009048
201800018207,NonLethal,2018-09-12,03:35:00,NightNoStreetLight,600,539,No,NoIntersection,HeavyRain,NoCollision,Départementale 200,M,49.29668807433463,2.2965186038184693
201800018208,NonLethal,2018-12-18,15:00:00,Daylight,600,587,Yes,Square,Normal,Other,rue de paris,M,49.34234854404628,2.3432832355715125
201800018209,NonLethal,2018-12-18,16:15:00,Daylight,600,102,No,X-type,Overcast,3+Vehicles-Multiple,D 29,M,49.3085923944721,2.306136324277048
201800018210,NonLethal,2018-07-23,09:54:00,TwilightOrDawn,240,166,No,NoIntersection,Normal,NoCollision,A89,M,45.15590439063258,8.159294180712566
201800018211,NonLethal,2018-03-28,07:40:00,Daylight,202,305,Yes,NoIntersection,Normal,Other,"D80, 10 route du cap, pi",M,42.72011036545972,9.719941828555346
201800018212,Lethal,2018-04-07,10:00:00,Daylight,202,152,No,NoIntersection,Normal,Other,RD 80 - Santa Severa,M,42.88692187236349,9.88647754806499
201800018213,NonLethal,2018-11-05,17:45:00,Daylight,202,281,No,NoIntersection,Normal,NoCollision,RD 80,M,42.817063310971456,9.818175260511891
201800018214,NonLethal,2018-05-18,13:50:00,Daylight,202,152,No,NoIntersection,Normal,2Vehicles-Side,U Poghju,M,42.89973677022874,9.89782457453998
201800018215,NonLethal,2018-06-25,11:50:00,Daylight,202,261,No,NoIntersection,Normal,NoCollision,RD80,M,42.96065527136132,9.961857390782647
201800018217,NonLethal,2018-07-16,03:00:00,NightNoStreetLight,202,327,No,NoIntersection,Normal,Other,RD 80,M,42.94398910589555,9.94377317259218
201800018218,NonLethal,2018-07-23,19:45:00,Daylight,202,281,No,NoIntersection,Normal,Other,RD 80 - Cap Sagro,M,42.79501288914073,9.798155279251583
201800018219,NonLethal,2018-05-08,07:10:00,Daylight,202,224,No,NoIntersection,Normal,2Vehicles-Side,d 8O,M,42.83049535232738,9.831940854284277
201800018220,NonLethal,2018-08-26,00:15:00,NightNoStreetLight,202,224,No,NoIntersection,StrongWindOrStorm,Other,D80,M,42.84331069264229,9.8425612915553
201800018221,NonLethal,2018-09-06,14:15:00,Daylight,202,30,No,NoIntersection,Normal,Other,Marine de Giotanni,M,42.86781293947604,9.867727558478412
201800018222,NonLethal,2018-09-12,12:56:00,Daylight,202,309,No,NoIntersection,Normal,2Vehicles-BehindVehicles-Frontal,route de la mer,M,42.74068850769363,9.740453184133631
201800018224,Lethal,2018-03-14,13:00:00,Daylight,202,242,No,NoIntersection,Normal,2Vehicles-BehindVehicles-Frontal,RT 10 - Figaretto,M,42.411123699192416,9.41280123616844
201800018225,NonLethal,2018-03-14,08:15:00,Daylight,202,77,No,NoIntersection,Normal,2Vehicles-BehindVehicles-Frontal,D1O6,M,42.46894631663148,9.466699565357478
201800018226,NonLethal,2018-03-23,20:35:00,NightNoStreetLight,202,77,No,NoIntersection,Normal,2Vehicles-Behind,route territoriale 1O,M,42.47615362921613,9.473931616716158
201800018227,NonLethal,2018-04-18,09:20:00,Daylight,202,318,No,NoIntersection,Normal,3+Vehicles-Chain,Rt10,M,42.439282511899165,9.439299598196262
201800018229,NonLethal,2018-04-05,13:15:00,Daylight,202,318,No,NoIntersection,LightRain,2Vehicles-BehindVehicles-Frontal,RT 10 sortie sud de FOLE,M,42.44007519128257,9.441567955552475
201800018230,NonLethal,2018-05-22,10:15:00,Daylight,202,207,Yes,NoIntersection,Normal,Other,RT 10 Folelli,M,42.444246447993656,9.446904880378897
201800018231,NonLethal,2018-07-19,14:23:00,Daylight,202,207,No,NoIntersection,Normal,Other,10,M,42.46466490015862,9.462472628160004
201800018232,NonLethal,2018-07-19,15:45:00,Daylight,202,145,No,NoIntersection,Normal,NoCollision,D6,M,42.47500580514008,9.477733915867107
201800018233,NonLethal,2018-07-23,08:15:00,Daylight,202,77,No,X-type,Normal,2Vehicles-Side,Croisement Saint Pancras,M,42.47062864361142,9.471037482139517
201800018235,NonLethal,2018-08-07,03:00:00,NightNoStreetLight,202,77,No,NoIntersection,Normal,2Vehicles-Side,Lieu Dit Corso,M,42.46432682870696,9.465111558483205
201800018238,NonLethal,2018-08-15,15:40:00,Daylight,202,280,No,NoIntersection,Normal,2Vehicles-Side,CD 237,M,42.45783452092189,9.4564075624878
201800018239,NonLethal,2018-08-19,20:00:00,TwilightOrDawn,202,77,No,NoIntersection,Normal,3+Vehicles-Multiple,CD 106,M,42.47385993053411,9.474627098257214
201800018240,NonLethal,2018-09-10,15:10:00,Daylight,202,346,Yes,NoIntersection,Normal,2Vehicles-Behind,Lieu-dit AREANA,M,42.498775203245735,9.499333371010705
201800018241,Lethal,2018-09-25,12:10:00,Daylight,202,72,No,NoIntersection,Normal,Other,RD 306,M,42.43995668099556,9.442027504247678
201800018243,NonLethal,2018-02-11,14:20:00,Daylight,202,252,No,NoIntersection,LightRain,2Vehicles-BehindVehicles-Frontal,lieu dit Campu Pianu,M,42.4439364720456,9.444868612053542
201800018244,NonLethal,2018-11-07,11:40:00,Daylight,202,77,No,NoIntersection,Normal,2Vehicles-Behind,RT 10,M,42.46450485458671,9.46656815832137
201800018245,NonLethal,2018-11-10,09:20:00,Daylight,202,210,Yes,NoIntersection,Normal,Other,Village,M,42.41484339287759,9.41668575289374
201800018246,NonLethal,2018-11-29,21:00:00,NightNoStreetLight,202,207,No,NoIntersection,Normal,Other,D 506 route de san Pelle,M,42.44734962465233,9.449800647684969
201800018247,NonLethal,2018-12-22,20:09:00,NightStreelightsOn,202,286,Yes,NoIntersection,Normal,Other,RT 10 - Querciolo,M,42.48698952823933,9.487396046338546
201800018250,NonLethal,2018-06-05,12:30:00,Daylight,202,50,Yes,NoIntersection,LightRain,NoCollision,Rue LORETTO,M,42.56917114749844,8.569137818901808
201800018251,NonLethal,2018-10-05,17:00:00,Daylight,202,121,Yes,NoIntersection,Normal,Other,route de PORTO,M,42.43236789572432,8.434029413307421
201800018252,NonLethal,2018-11-05,16:09:00,Daylight,202,49,No,NoIntersection,Normal,NoCollision,D81,M,42.4805519934198,8.478579491776982
201800018253,NonLethal,2018-06-15,09:30:00,Daylight,202,165,No,NoIntersection,Normal,2Vehicles-Side,RD 51,M,42.49158475004979,8.490270963206711
201800018254,NonLethal,2018-06-21,17:15:00,Daylight,202,50,Yes,NoIntersection,Normal,Other,Avenue Christophe Colomb,M,42.56211654712224,8.563887654851309
201800018255,NonLethal,2018-06-07,05:45:00,TwilightOrDawn,202,121,No,NoIntersection,Normal,Other,RT81,M,42.421816946540886,8.420273766500188
201800018256,NonLethal,2018-07-09,07:30:00,Daylight,202,50,Yes,T-type,Normal,2Vehicles-Side,route du stade,M,42.56186231030018,8.56347010630115
201800018257,NonLethal,2018-10-13,14:40:00,Daylight,202,50,Yes,T-type,Normal,2Vehicles-Side,AVENUE CHRISTOPHE COLOMB,M,42.55150173498957,8.55224036586853
201800018259,NonLethal,2018-11-22,13:30:00,Daylight,202,361,No,NoIntersection,Normal,2Vehicles-BehindVehicles-Frontal,RD151,M,42.52526740367517,8.524662817603177
201800018261,Lethal,2018-01-09,07:00:00,NightStreelightsOn,202,96,Yes,Other,Normal,Other,20 rue du 09 septembre,M,42.30257536290131,9.301706429312135
201800018262,NonLethal,2018-01-12,18:50:00,NightNoStreetLight,202,238,No,NoIntersection,Normal,Other,RT 50,M,42.27256782033419,9.273004872662153
201800018263,NonLethal,2018-01-30,12:30:00,Daylight,202,341,No,NoIntersection,Normal,NoCollision,RT20,M,42.24379042318768,9.242678943442126
201800018264,NonLethal,2018-04-18,08:05:00,Daylight,202,354,No,NoIntersection,Normal,2Vehicles-BehindVehicles-Frontal,RT20,M,42.16967586686215,9.171874087051778