AccidentId,Gravity,Date,Hour,Light,Department,Commune,InAgglomeration,IntersectionType,Weather,CollisionType,PostalAddress,GPSCode,Latitude,Longitude
201800018265,NonLethal,2018-05-13,15:00:00,Daylight,202,354,No,NoIntersection,Normal,2Vehicles-BehindVehicles-Frontal,route territoriale 20,M,42.17146733445068,9.169193133262556
201800018267,NonLethal,2018-06-22,07:30:00,Daylight,202,260,No,NoIntersection,Normal,NoCollision,route territoriale 20,M,42.24611251911991,9.246434001461852
201800018268,NonLethal,2018-06-28,18:30:00,Daylight,202,126,No,NoIntersection,LightRain,Other,Lieu dit COSTADI,M,42.19122245326746,9.191798196666989
201800018269,NonLethal,2018-07-07,10:18:00,Daylight,202,96,No,NoIntersection,Normal,2Vehicles-Behind,RT 20,M,42.31575321130696,9.315786491157777
201800018270,NonLethal,2018-07-24,13:08:00,Daylight,202,354,No,NoIntersection,Normal,2Vehicles-BehindVehicles-Frontal,RT 20,M,42.13241638451331,9.130418382826646
201800018271,NonLethal,2018-07-26,17:55:00,Daylight,202,96,No,Other,Other,Other,rt20,M,42.26934625861689,9.269333236642746
201800018272,NonLethal,2018-07-27,15:30:00,Daylight,202,96,Yes,NoIntersection,HeavyRain,Other,22 cours Paoli,M,42.30736466793888,9.30566098278578
201800018273,NonLethal,2018-11-09,15:15:00,Daylight,202,329,No,Other,Normal,NoCollision,CD41,M,42.34042408138865,9.339910558054878
201800018274,NonLethal,2018-11-09,20:15:00,NightNoStreetLight,202,260,No,NoIntersection,Normal,Other,D40,M,42.25112547087663,9.250348883954112
201800018275,NonLethal,2018-09-14,12:00:00,Daylight,202,96,No,NoIntersection,Normal,Other,rt 20,M,42.26946090902974,9.270094243901932
201800018276,NonLethal,2018-10-30,10:01:00,Daylight,202,96,Yes,NoIntersection,Normal,Other,rue Xavier Lucciani,M,42.3044809238792,9.307365703287369
201800018277,Lethal,2018-11-23,17:00:00,TwilightOrDawn,202,226,Yes,NoIntersection,Normal,Other,D14,M,42.23950414989487,9.23810401582413
201800018279,NonLethal,2018-06-12,01:50:00,NightStreelightsOn,202,96,Yes,NoIntersection,Normal,Other,3 cours Paoli,M,42.3100711385199,9.307460899642232
201800018281,NonLethal,2018-12-16,08:10:00,Daylight,202,354,No,NoIntersection,Normal,Other,T20 - route de vizzavone,M,42.13353064824767,9.132046083209206
201800018282,NonLethal,2018-12-20,16:30:00,Daylight,202,341,No,NoIntersection,Normal,Other,route territoriale 20,M,42.20143704298916,9.201209410998027
201800018283,NonLethal,2018-03-16,12:40:00,Daylight,202,123,No,NoIntersection,Normal,2Vehicles-Side,Lieu-dit Vadina,M,42.069243419130565,9.069541505597504
201800018285,NonLethal,2018-05-09,16:00:00,Daylight,202,251,Yes,NoIntersection,LightRain,2Vehicles-Side,Zone commerciale de MIGL,M,42.00129736752517,9.001669884556943
201800018287,NonLethal,2018-08-09,05:00:00,NightStreelightsOn,202,123,Yes,NoIntersection,Normal,2Vehicles-BehindVehicles-Frontal,1680 avenue du 9 septemb,M,42.02348910125463,9.023293477811208
201800018288,NonLethal,2018-12-08,14:45:00,Daylight,202,342,No,NoIntersection,Normal,Other,CD 45,M,41.94575729405713,9.944821506608765
201800018289,NonLethal,2018-08-26,06:15:00,NightNoStreetLight,202,123,No,NoIntersection,Normal,Other,RT 10 - LIEU-DIT ARISTON,M,42.06404448205622,9.062780412294977
201800018291,NonLethal,2018-09-27,12:30:00,Daylight,202,342,Yes,T-type,Normal,2Vehicles-Side,rt l0,M,41.915852438884585,9.915174901249546
201800018292,NonLethal,2018-11-25,15:45:00,Daylight,202,283,No,NoIntersection,Normal,2Vehicles-BehindVehicles-Frontal,RT 10 - Scaffa Rossa,M,41.88078085639053,9.879285288192309
201800018293,NonLethal,2018-12-27,11:35:00,Daylight,202,251,Yes,Other,Normal,2Vehicles-Side,Parking supermarché CASI,M,42.00134907250117,9.00133903676438
201800018294,NonLethal,2018-02-02,14:30:00,Daylight,310,150,No,NoIntersection,Normal,2Vehicles-BehindVehicles-Frontal,route de AUSSONNE,M,43.65901547245876,1.6601761777694282
201800018295,NonLethal,2018-04-13,16:20:00,Daylight,310,56,No,NoIntersection,Normal,2Vehicles-Side,RD9O2,M,43.66879108281631,1.6661753813119404
201800018296,NonLethal,2018-01-11,09:15:00,Daylight,310,150,No,NoIntersection,Overcast,2Vehicles-Side,RN 224,M,43.66165430346148,1.660640202772503
201800018297,NonLethal,2018-02-17,13:40:00,Daylight,201,6,No,NoIntersection,Normal,2Vehicles-Side,"RD81, 240 mètres avant l",M,41.97813685194664,8.977980576329287
201800018298,Lethal,2018-02-22,11:10:00,Daylight,201,209,No,T-type,Normal,2Vehicles-Side,RT 20,M,41.99364404385206,8.994197460272149
201800018299,Lethal,2018-08-04,08:50:00,Daylight,201,271,No,NoIntersection,Normal,Other,RD01 lieu dit Ribarotti,M,42.006302001359614,8.005979534784707
201800018300,NonLethal,2018-04-19,07:45:00,Daylight,201,271,No,Roundabout,Normal,2Vehicles-Behind,Zone de Baléone - Rond p,M,41.9567032108722,8.955633264068645
201800018301,NonLethal,2018-04-22,18:30:00,Daylight,201,17,No,NoIntersection,Normal,2Vehicles-Side,D81 col san bastiano,M,42.00590030575799,8.007318636545502
201800018303,NonLethal,2018-03-05,18:20:00,Daylight,201,6,No,NoIntersection,Normal,2Vehicles-BehindVehicles-Frontal,RD 81,M,41.97198442108019,8.973587434826394
201800018304,NonLethal,2018-05-09,17:15:00,Daylight,201,40,No,NoIntersection,Overcast,NoCollision,RT20 - Col de Vizzavona,M,42.094488533681655,9.093013591526976
201800018305,NonLethal,2018-05-30,11:15:00,Daylight,201,351,No,Roundabout,Normal,Other,Lieu dit Costi di Villan,M,41.96632204408792,8.96400656316239
201800018306,NonLethal,2018-05-17,18:30:00,Daylight,201,323,No,T-type,Normal,2Vehicles-BehindVehicles-Frontal,RT 20,M,42.02383491904799,8.024230357137698
201800018307,NonLethal,2018-06-23,13:30:00,Daylight,201,271,No,NoIntersection,Normal,2Vehicles-Side,"Route territoriale 22, a",M,41.968229633637264,8.967567012260337
201800018308,NonLethal,2018-07-19,07:28:00,Daylight,201,6,No,NoIntersection,Normal,2Vehicles-Behind,Route départementale 81,M,41.96844640299058,8.968220137273065
201800018310,NonLethal,2018-09-08,14:20:00,Daylight,201,271,No,X-type,Normal,2Vehicles-Side,RT 2O,M,42.01079576671796,8.01055945673542
201800018311,NonLethal,2018-09-29,01:45:00,NightNoStreetLight,201,6,No,Roundabout,Normal,Other,"Rond point de Trova, RD8",M,41.96995726778826,8.97154613698299
201800018312,NonLethal,2018-10-10,07:10:00,TwilightOrDawn,201,6,No,NoIntersection,Normal,2Vehicles-Side,Boca di Pruna - D 61,M,41.96506970043148,8.96546053297975
201800018313,Lethal,2018-10-13,15:30:00,Daylight,201,40,No,NoIntersection,Normal,2Vehicles-BehindVehicles-Frontal,RT 20 - hauteur du champ,M,42.08635716798605,9.086557737637465
201800018314,NonLethal,2018-10-17,16:00:00,Daylight,201,103,No,T-type,Overcast,2Vehicles-Side,"Dicepu supranu, RD701",M,41.97685655729282,8.975172524372653
201800018316,NonLethal,2018-11-29,17:30:00,NightNoStreetLight,201,271,No,T-type,Normal,2Vehicles-Side,RT 2O - Embranchement ro,M,41.9475123575278,8.94912360872421
201800018318,NonLethal,2018-03-19,07:25:00,Daylight,201,130,Yes,NoIntersection,Normal,2Vehicles-BehindVehicles-Frontal,D55 À PORTICCIO,M,41.90178076269223,8.900318354724686
201800018319,NonLethal,2018-06-04,20:30:00,NightNoStreetLight,201,181,No,NoIntersection,Normal,2Vehicles-Side,lieu-dit Arghiaccia,M,41.931368732935226,8.932187741038387
201800018320,NonLethal,2018-10-05,18:15:00,Daylight,201,85,Yes,NoIntersection,Normal,2Vehicles-Behind,Village,M,41.91600536205449,8.917471518841243
201800018321,NonLethal,2018-05-16,12:45:00,Daylight,201,130,Yes,NoIntersection,Normal,NoCollision,route du collège,M,41.88786861644864,8.888017770787028
201800018322,NonLethal,2018-06-08,16:30:00,Daylight,201,130,No,NoIntersection,Normal,Other,RT 40,M,41.885292166634734,8.885886368536555
201800018323,NonLethal,2018-09-07,19:00:00,Daylight,201,130,Yes,NoIntersection,Normal,NoCollision,438 bld Marie J. Bozzi,M,41.89896637663901,8.897402454386077
201800018324,NonLethal,2018-10-07,18:45:00,Daylight,201,130,No,NoIntersection,Normal,Other,Rocade D555 - Porticcio,M,41.88830420264971,8.889521023069667
201800018325,NonLethal,2018-07-15,15:00:00,Daylight,201,98,No,NoIntersection,Normal,Other,acqua doria,M,41.77017775846815,8.76729746760762
201800018326,NonLethal,2018-07-18,20:30:00,TwilightOrDawn,201,130,Yes,NoIntersection,Normal,NoCollision,départementale 555 rocad,M,41.88593158594266,8.885003584767516
201800018327,NonLethal,2018-08-06,00:43:00,NightStreelightsOff,201,104,No,NoIntersection,Normal,2Vehicles-Side,RT 40,M,41.91541842163728,8.916975620048325
201800018328,NonLethal,2018-08-18,06:30:00,TwilightOrDawn,201,85,No,T-type,Normal,2Vehicles-Side,st jean,M,41.91007310578024,8.910635741673163
201800018329,NonLethal,2018-09-10,11:55:00,Daylight,201,130,Yes,NoIntersection,Normal,2Vehicles-BehindVehicles-Frontal,RD55 BLd BOZZI Hameau de,M,41.89693556691293,8.89878088139176
201800018330,NonLethal,2018-09-13,17:50:00,Daylight,201,85,No,NoIntersection,Normal,2Vehicles-Side,RT 40,M,41.91487396032952,8.912454972494585
201800018331,NonLethal,2018-09-18,07:55:00,Daylight,201,104,No,T-type,VeryGood,2Vehicles-Side,Bartulettu,M,41.91366644319142,8.913940410664965
201800018333,NonLethal,2018-10-16,09:30:00,Daylight,201,130,No,NoIntersection,HeavyRain,Other,rt40,M,41.86672462556661,8.866034925200369
201800018334,NonLethal,2018-01-06,15:30:00,Daylight,201,139,Yes,NoIntersection,Normal,2Vehicles-BehindVehicles-Frontal,route de Toraccia sens d,M,41.680113346245285,9.67978883822923
201800018335,NonLethal,2018-05-13,17:00:00,Daylight,201,269,No,NoIntersection,Normal,NoCollision,RT 10,M,41.82044977877421,9.823228552099184
201800018336,Lethal,2018-06-18,11:50:00,Daylight,201,269,No,NoIntersection,Normal,Other,route de bavella - D268,M,41.84936620098658,9.848996107311727
201800018337,NonLethal,2018-07-04,12:45:00,Daylight,201,139,No,NoIntersection,Normal,2Vehicles-BehindVehicles-Frontal,D 668,M,41.656894787948495,9.65647106357641
201800018339,NonLethal,2018-07-10,04:35:00,NightStreelightsOn,201,362,No,NoIntersection,Normal,Other,LIEU DIT PINARELLO,M,41.68474219140164,9.683830735250467
201800018340,NonLethal,2018-08-16,11:45:00,Daylight,201,362,No,NoIntersection,Normal,2Vehicles-Side,RT10,M,41.69350630606956,9.694318736260024
201800018341,Lethal,2018-09-20,02:00:00,NightNoStreetLight,201,92,Yes,NoIntersection,Normal,Other,lieu dit TARCO RT 10,M,41.749301310664364,9.750298129732062
201800018342,NonLethal,2018-01-13,18:09:00,TwilightOrDawn,790,66,Yes,NoIntersection,Normal,Other,4 ROUTE DE MAZIERE,M,46.48808208884904,-0.4871867436397966
201800018343,NonLethal,2018-11-02,16:15:00,Daylight,790,101,No,Y-type,Normal,NoCollision,RUE GEDEON OUVRARD,M,46.46726875550106,-0.4670450359831273
201800018344,NonLethal,2018-04-07,12:00:00,Daylight,790,101,No,T-type,LightRain,2Vehicles-Side,"LD ""CHAUVIN""",M,46.48002335704575,-0.4804666288335896
201800018345,NonLethal,2018-04-13,17:50:00,Daylight,790,12,No,NoIntersection,Normal,Other,,M,46.45159483616174,-0.4529522530106885
201800018346,NonLethal,2018-04-16,12:45:00,Daylight,790,284,No,NoIntersection,Normal,Other,"LD ""LA MOURANDIERE""",M,46.42558436464918,-0.4271006873661688
201800018347,NonLethal,2018-04-21,08:45:00,Daylight,790,309,No,NoIntersection,Normal,2Vehicles-BehindVehicles-Frontal,,M,46.59579981423604,-0.5957287887468143
201800018348,NonLethal,2018-06-05,17:20:00,Daylight,790,12,No,X-type,Normal,2Vehicles-Side,LE CHAILLOT,M,46.5171769537831,-0.5176950719048973
201800018349,NonLethal,2018-06-15,09:30:00,Daylight,790,101,No,NoIntersection,LightRain,2Vehicles-BehindVehicles-Frontal,ROUTE DE SAINT-POMPAIN,M,46.4789238741156,-0.4780704213591945
201800018350,NonLethal,2018-06-15,20:00:00,Daylight,790,66,No,NoIntersection,Normal,Other,,M,46.48650871305368,-0.484301501115365
201800018351,NonLethal,2018-06-28,07:30:00,Daylight,790,263,No,T-type,Normal,2Vehicles-Side,"LD ""LA MORISSETTERIE""",M,46.51613746878947,-0.5172313299024481
201800018354,NonLethal,2018-07-02,11:10:00,Daylight,790,12,No,NoIntersection,Overcast,Other,,M,46.46828108270719,-0.4680915711445241
201800018355,NonLethal,2018-05-07,09:00:00,Daylight,790,249,No,X-type,Normal,2Vehicles-Side,ROUTE DE NIORT,M,46.36462140453573,-0.3640859971618497
201800018356,NonLethal,2018-06-12,18:30:00,Daylight,790,241,No,NoIntersection,Normal,2Vehicles-Behind,,M,46.45974943100273,-0.4602947822266478
201800018357,Lethal,2018-07-17,16:41:00,Daylight,790,12,No,NoIntersection,Normal,Other,,M,46.46794256099032,-0.4673801001576299
201800018358,NonLethal,2018-07-26,19:00:00,Daylight,790,200,No,NoIntersection,Normal,Other,,M,46.52650371876624,-0.5267107034885652
201800018359,Lethal,2018-08-18,14:30:00,Daylight,790,109,No,MoreThan4Branches,Normal,3+Vehicles-Multiple,"LD ""CROIX DE L'ORATOIRE""",M,46.37890089268586,-0.376522779393606
201800018360,NonLethal,2018-08-19,19:12:00,Daylight,790,86,No,NoIntersection,Normal,NoCollision,"LD "" LA GRANGE-NEUVE""",M,46.43069315899279,-0.4293985432897096
201800018362,NonLethal,2018-09-21,18:40:00,Daylight,790,101,No,T-type,Normal,Other,,M,46.49350413959029,-0.4940607586316982
201800018363,NonLethal,2018-09-22,15:15:00,Daylight,790,66,No,X-type,Normal,2Vehicles-BehindVehicles-Frontal,,M,46.485787085681,-0.4860754662327108
201800018364,NonLethal,2018-03-31,16:35:00,Daylight,790,130,No,NoIntersection,HeavyRain,2Vehicles-Side,,M,46.243978980586384,-0.2435359799725998
201800018367,NonLethal,2018-07-20,18:00:00,Daylight,790,219,Yes,NoIntersection,Normal,2Vehicles-BehindVehicles-Frontal,4 RUE DES CORMIERS,M,46.14137533501206,-0.1419347327228201
201800018368,NonLethal,2018-09-01,04:30:00,NightNoStreetLight,790,3,Yes,NoIntersection,Normal,Other,267 RUE FIEF CHEVALIER,M,46.29620172278438,-0.2972395111108824
201800018369,NonLethal,2018-06-09,09:40:00,Daylight,790,100,No,NoIntersection,LightRain,3+Vehicles-Chain,,M,46.34870516619932,-0.3478043561439513
201800018370,NonLethal,2018-09-12,14:50:00,Daylight,790,298,No,NoIntersection,Normal,NoCollision,"LD ""PIED-BLANC""",M,46.270712293445584,-0.2700455111964234
201800018373,NonLethal,2018-05-03,18:00:00,Daylight,790,174,Yes,NoIntersection,Normal,2Vehicles-Side,16 RUE DE LA FOUCAUDERIE,M,46.22898284045715,-0.2280908660960745
201800018374,NonLethal,2018-03-11,02:30:00,NightStreelightsOff,790,57,Yes,T-type,Normal,2Vehicles-Behind,1 ROUTE DE COULONGES,M,46.14617801170489,-0.1470522407401676
201800018376,NonLethal,2018-06-25,18:45:00,Daylight,790,217,No,NoIntersection,Normal,NoCollision,"LD ""LA BROUSSE""",M,46.30484158674712,-0.3055584493823359
201800018377,NonLethal,2018-08-28,18:00:00,Daylight,790,61,Yes,T-type,Normal,2Vehicles-Side,AVENUE DE LIMOGES,M,46.26104666714284,-0.2598617386106411
201800018378,NonLethal,2018-08-30,20:30:00,Daylight,790,61,Yes,NoIntersection,LightRain,NoCollision,28 RUE LOUIS MAGNERON,M,46.25680608376408,-0.2578234520126381
201800018379,NonLethal,2018-09-26,19:15:00,TwilightOrDawn,790,4,No,T-type,Normal,2Vehicles-Side,,M,46.331279622460535,-0.333857217308658
201800018380,NonLethal,2018-10-18,13:45:00,Daylight,790,352,No,NoIntersection,Normal,Other,,M,46.10372547627167,-0.1030065856307417
201800018381,NonLethal,2018-02-28,21:45:00,NightNoStreetLight,790,195,No,NoIntersection,SnowOrHail,NoCollision,D35 - PK8,M,46.92163911812426,-0.921301907720016
201800018382,NonLethal,2018-03-17,20:00:00,NightNoStreetLight,790,195,No,NoIntersection,SnowOrHail,NoCollision,,M,46.91470960009797,-0.9123725235213344
201800018384,NonLethal,2018-04-06,18:30:00,Daylight,790,123,No,NoIntersection,Normal,Other,"LD ""LA MAISON NEUVE""",M,46.80139352517952,-0.8024675982981684
201800018385,NonLethal,2018-04-08,14:55:00,Daylight,790,195,No,X-type,Normal,2Vehicles-Side,,M,46.92714109257416,-0.9283300810486448
201800018386,NonLethal,2018-08-24,15:50:00,Daylight,790,79,No,NoIntersection,Normal,Other,,M,46.9824104964514,-0.9832445104661977
201800018387,NonLethal,2018-09-21,07:45:00,Daylight,790,195,No,T-type,LightRain,2Vehicles-Side,"LD ""LA VACHERASSE""",M,46.95125496326707,-0.9518361760933086
201800018388,NonLethal,2018-09-26,14:45:00,Daylight,790,103,No,NoIntersection,Normal,2Vehicles-Side,,M,46.76327232723984,-0.7611288328567105
201800018390,NonLethal,2018-10-07,16:15:00,Daylight,790,195,Yes,T-type,Normal,2Vehicles-Side,39 AVENUE SAINT-HUBERT,M,46.95082990710991,-0.9528286187775054
201800018391,NonLethal,2018-08-10,23:00:00,NightNoStreetLight,790,210,No,NoIntersection,Normal,Other,"LD ""LE ROSIER""",M,46.8569058006706,-0.853918711587587
201800018393,NonLethal,2018-01-31,17:15:00,TwilightOrDawn,790,292,Yes,T-type,HeavyRain,NoCollision,83 ROUTE DE THOUARS,M,46.98770125111897,-0.9891394957000288
201800018395,Lethal,2018-04-12,16:50:00,Daylight,790,265,No,X-type,HeavyRain,2Vehicles-Side,"LD ""ORBE""",M,46.96842294254196,-0.9707025974567172
201800018396,NonLethal,2018-08-05,18:45:00,Daylight,790,44,No,X-type,Normal,2Vehicles-Side,,M,47.05516966272278,-0.0537726303179573
201800018397,Lethal,2018-07-13,12:45:00,Daylight,790,265,No,NoIntersection,Normal,Other,,M,46.978572314417605,-0.9774053875323584
201800018399,NonLethal,2018-09-28,07:55:00,TwilightOrDawn,790,196,No,X-type,Normal,2Vehicles-Side,,M,46.928285473522486,-0.9272170900618733
201800018401,NonLethal,2018-01-16,16:30:00,Daylight,790,202,Yes,NoIntersection,Normal,2Vehicles-Side,PLACE DU DRAPEAU,M,46.64780762559515,-0.6475120847288245
201800018402,NonLethal,2018-02-03,17:30:00,TwilightOrDawn,790,339,Yes,NoIntersection,LightRain,Other,33 RUE DU VIEUX CHATEAU,M,46.58209928699965,-0.5817666101044163
201800018403,Lethal,2018-04-22,12:07:00,Daylight,790,285,No,NoIntersection,Normal,2Vehicles-BehindVehicles-Frontal,"LD ""LES BORDES""",M,46.586349049147394,-0.5879020052699042
201800018404,NonLethal,2018-04-19,15:20:00,Daylight,790,202,Yes,NoIntersection,Normal,2Vehicles-Side,1 AVENUE F. MITTERAND,M,46.64470368337308,-0.644350346201186
201800018405,NonLethal,2018-06-16,21:12:00,Daylight,790,145,No,NoIntersection,Normal,2Vehicles-BehindVehicles-Frontal,,M,46.73520314026662,-0.7355520906606248
201800018406,NonLethal,2018-06-18,00:40:00,NightNoStreetLight,790,285,No,NoIntersection,Normal,NoCollision,,M,46.57084443130722,-0.5691095987625137
201800018407,NonLethal,2018-07-25,22:30:00,TwilightOrDawn,790,339,Yes,NoIntersection,Normal,Other,,M,46.5733053846858,-0.5746814450057524
201800018408,NonLethal,2018-10-08,12:15:00,Daylight,790,80,Yes,Roundabout,Normal,2Vehicles-Side,AVENUE DE MORINIERE,M,46.655777316262416,-0.6546730174004609
201800018409,NonLethal,2018-08-13,10:25:00,Daylight,790,202,Yes,NoIntersection,Normal,Other,19 AV DU 114e RGT D'INF.,M,46.64637347533976,-0.6427611277862364
201800018410,NonLethal,2018-08-25,21:32:00,NightNoStreetLight,790,213,No,NoIntersection,Normal,2Vehicles-BehindVehicles-Frontal,"LD ""LA CENDRINIERE""",M,46.62632473306356,-0.6254921734002619
201800018411,Lethal,2018-09-14,23:20:00,NightNoStreetLight,790,8,No,NoIntersection,Normal,2Vehicles-BehindVehicles-Frontal,"LD ""JUSSAY""",M,46.722655342861536,-0.7215146145441307
201800018412,NonLethal,2018-10-10,14:45:00,Daylight,790,121,No,NoIntersection,LightRain,Other,,M,46.48098434185221,-0.4836414715688415
201800018413,NonLethal,2018-10-15,18:58:00,TwilightOrDawn,790,322,No,NoIntersection,Normal,Other,,M,46.62322956289608,-0.6251734375942881
201800018414,NonLethal,2018-01-12,11:30:00,Daylight,790,202,Yes,NoIntersection,LightRain,Other,14 RUE JEAN MACE,M,46.64615131804912,-0.6460141335419823
201800018415,NonLethal,2018-05-09,14:50:00,Daylight,790,5,Yes,NoIntersection,Normal,NoCollision,2 RUE LA CROIX BARBOUINE,M,46.81956667617262,-0.8214995602713365
201800018416,NonLethal,2018-09-17,18:10:00,Daylight,790,5,No,X-type,VeryGood,2Vehicles-Side,,M,46.84109039484701,-0.8406171854517887
201800018417,NonLethal,2018-12-22,06:30:00,NightNoStreetLight,790,120,No,NoIntersection,Overcast,2Vehicles-BehindVehicles-Frontal,,M,46.65571451133575,-0.6569923111353122
201800018418,Lethal,2018-02-14,14:15:00,Daylight,790,311,No,NoIntersection,LightRain,2Vehicles-Side,,M,46.59749786357488,-0.5987802093425638
201800018419,NonLethal,2018-04-05,11:30:00,Daylight,790,222,No,NoIntersection,Normal,Other,"LD ""LA COULAISIERE""",M,46.73444708916354,-0.7346241271438291
201800018421,NonLethal,2018-11-09,12:45:00,Daylight,790,179,Yes,NoIntersection,Normal,2Vehicles-BehindVehicles-Frontal,RUE CAMILLE GOURDON,M,46.720962665096486,-0.7204529276253006
201800018422,NonLethal,2018-09-29,19:05:00,Daylight,790,311,No,NoIntersection,Normal,2Vehicles-Side,,M,46.6132811298368,-0.6118043546645051
201800018423,NonLethal,2018-09-10,17:00:00,Daylight,790,147,No,NoIntersection,Normal,Other,,M,46.67067284011311,-0.6712149440609166
201800018424,NonLethal,2018-10-15,19:50:00,NightNoStreetLight,790,147,Yes,NoIntersection,Normal,NoCollision,3 RUE DU GYMNASE,M,46.69356563337469,-0.6913641372491101
201800018425,NonLethal,2018-10-28,03:30:00,NightStreelightsOn,790,179,Yes,NoIntersection,FogOrSmoke,Other,23 AVENUE DE PARIS,M,46.73051633308845,-0.7282973870502631
201800018426,NonLethal,2018-11-13,07:00:00,NightNoStreetLight,790,311,No,NoIntersection,FogOrSmoke,2Vehicles-BehindVehicles-Frontal,"LD ""LE PETIT PALAIS""",M,46.620075392111694,-0.6208707899052899
201800018427,NonLethal,2018-12-03,16:00:00,Daylight,760,517,No,NoIntersection,LightRain,2Vehicles-BehindVehicles-Frontal,90 route de Neuchatel,M,49.50574854408812,1.5069348146685515
201800018429,NonLethal,2018-10-05,15:00:00,Daylight,760,517,No,NoIntersection,Normal,Other,RD 61,M,49.49977532205232,1.4986595756215983
201800018430,NonLethal,2018-07-13,07:00:00,TwilightOrDawn,760,443,No,NoIntersection,Normal,Other,D3,M,49.571640049854444,1.5710054727465874
201800018431,Lethal,2018-08-09,13:45:00,Daylight,760,245,No,NoIntersection,Normal,2Vehicles-Behind,route de pavilly,M,49.55352961529234,1.5548060998833677
201800018432,NonLethal,2018-10-12,16:30:00,Daylight,760,555,No,NoIntersection,Normal,NoCollision,RD 87 A,M,49.53509182614166,1.535192049218589
201800018434,NonLethal,2018-01-23,08:00:00,NightStreelightsOff,760,100,Yes,NoIntersection,LightRain,Other,route de buchy,M,49.504772947510666,1.50436631175799
201800018436,Lethal,2018-10-04,12:45:00,Daylight,760,617,Yes,Square,Normal,Other,246 place de la Cour sou,M,49.471591327851314,1.4702835405681571
201800018437,NonLethal,2018-06-20,21:10:00,Daylight,760,248,No,NoIntersection,Normal,2Vehicles-BehindVehicles-Frontal,devant le 396 route de R,M,49.58522179714837,1.5861284810914211
201800018439,NonLethal,2018-08-11,18:26:00,Daylight,760,248,No,NoIntersection,Normal,Other,Départementale 928,M,49.579243698520806,1.5789052769762588
201800018440,NonLethal,2018-12-10,13:50:00,Daylight,760,591,Yes,Other,Normal,2Vehicles-BehindVehicles-Frontal,"rd 91 , lieu dit de QUIE",M,49.4455100266198,1.44581580746062
201800018441,NonLethal,2018-02-11,14:55:00,Daylight,760,591,No,T-type,Normal,3+Vehicles-Multiple,intersection rue de la b,M,49.44608405757173,1.4466301503369663
201800018442,NonLethal,2018-11-30,10:30:00,Daylight,760,740,No,NoIntersection,Normal,Other,rue de la cazerie,M,49.51552339044655,1.5151588887373286
201800018443,Lethal,2018-12-02,14:26:00,Daylight,760,111,No,NoIntersection,LightRain,NoCollision,D 43,M,49.44156348972244,1.4398253985428826
201800018444,NonLethal,2018-01-16,18:00:00,NightNoStreetLight,760,482,No,NoIntersection,LightRain,2Vehicles-BehindVehicles-Frontal,Route départementale 55,M,49.88118336550779,1.8827273768002375
201800018445,NonLethal,2018-01-17,13:30:00,Daylight,760,334,No,T-type,Normal,2Vehicles-Side,intersection RD27 et rue,M,49.83617503995492,9.834527215298229
201800018446,NonLethal,2018-02-04,19:40:00,NightNoStreetLight,760,482,No,NoIntersection,Normal,NoCollision,route départementale 70,M,49.851801633701605,1.850736247750867
201800018447,Lethal,2018-01-03,18:55:00,NightNoStreetLight,760,85,No,NoIntersection,LightRain,Other,Route départementale 308,M,49.82035265580521,1.8211977971366728
201800018448,Lethal,2018-05-04,15:30:00,Daylight,760,85,No,NoIntersection,Normal,2Vehicles-Side,route de bertreville,M,49.81502524011828,1.815879533545456
201800018449,NonLethal,2018-07-03,15:20:00,Daylight,760,356,No,NoIntersection,Normal,2Vehicles-Side,D123,M,49.818905343087685,9.820031282865418
201800018450,NonLethal,2018-07-07,04:10:00,NightNoStreetLight,760,720,Yes,NoIntersection,Normal,Other,RD75 - Pk 58+320,M,49.903665109212845,9.903311148526267
201800018451,NonLethal,2018-07-14,00:30:00,NightNoStreetLight,760,36,No,NoIntersection,Normal,NoCollision,rd 55,M,49.84251298793251,1.8437309991148805
201800018452,NonLethal,2018-10-10,18:15:00,Daylight,760,570,No,NoIntersection,Normal,Other,D149,M,49.78169624517552,1.7837599877605208
201800018453,NonLethal,2018-01-14,16:45:00,TwilightOrDawn,760,18,No,NoIntersection,Normal,NoCollision,route de saint sulpice,M,49.68414174768896,9.68646716773787
201800018455,NonLethal,2018-03-25,04:15:00,NightNoStreetLight,760,126,No,NoIntersection,Normal,NoCollision,RD 118,M,49.66394746502418,1.6632407982133552
201800018457,NonLethal,2018-06-25,07:50:00,Daylight,760,72,Yes,T-type,VeryGood,2Vehicles-Side,route de st vaast du val,M,49.69995973237433,9.698127226745546
201800018459,NonLethal,2018-09-29,11:45:00,Daylight,760,125,Yes,X-type,Normal,2Vehicles-Side,allée des fleurs,M,49.62922599891604,1.630617879322225