AccidentId,Gravity,Date,Hour,Light,Department,Commune,InAgglomeration,IntersectionType,Weather,CollisionType,PostalAddress,GPSCode,Latitude,Longitude
201800018460,Lethal,2018-12-29,14:43:00,Daylight,760,18,No,NoIntersection,Normal,Other,D2,M,49.69855586969685,9.69948194425086
201800018461,NonLethal,2018-12-30,12:50:00,Daylight,760,648,No,NoIntersection,LightRain,2Vehicles-BehindVehicles-Frontal,D929,M,49.67130513168736,1.6683024949486338
201800018463,NonLethal,2018-01-20,14:03:00,Daylight,760,421,No,NoIntersection,Normal,3+Vehicles-Chain,RD 6015 - PR 74 + 709,M,49.55402105946415,4.556419296825935
201800018464,NonLethal,2018-02-24,15:15:00,Daylight,760,421,No,NoIntersection,Normal,2Vehicles-BehindVehicles-Frontal,"lieu-dit ""Le Château""",M,49.55446736631764,4.551779778239143
201800018465,NonLethal,2018-04-18,19:10:00,Daylight,760,90,Yes,X-type,Normal,2Vehicles-Side,route de saint jean,M,49.592210986748846,4.595624198806847
201800018466,NonLethal,2018-04-25,17:55:00,Daylight,760,622,No,Y-type,Normal,2Vehicles-BehindVehicles-Frontal,D81,M,49.47809344888812,6.477213874382356
201800018468,Lethal,2018-05-17,15:50:00,Daylight,760,592,No,NoIntersection,Normal,2Vehicles-BehindVehicles-Frontal,route zone industrielle,M,49.49587548121002,4.494542775472093
201800018469,NonLethal,2018-05-19,08:30:00,Daylight,760,80,No,X-type,Normal,2Vehicles-Side,D240,M,49.6446728345855,6.643313038825413
201800018470,NonLethal,2018-05-28,11:10:00,Daylight,760,593,Yes,NoIntersection,Normal,2Vehicles-BehindVehicles-Frontal,route de saint jean- ham,M,49.57720152673482,4.577787030306906
201800018471,NonLethal,2018-06-03,22:40:00,NightNoStreetLight,760,80,No,X-type,Normal,2Vehicles-Side,Croisement D29-RD 926,M,49.642075984041405,6.641764026165634
201800018472,NonLethal,2018-01-07,15:00:00,Daylight,760,2,Yes,X-type,Normal,2Vehicles-Side,route de la chapelle,M,49.6176381297001,6.617204772512977
201800018473,NonLethal,2018-08-07,02:00:00,NightNoStreetLight,760,499,Yes,NoIntersection,Normal,NoCollision,"D281, grand rue",M,49.46420766521482,5.463734988728653
201800018475,NonLethal,2018-09-27,17:00:00,Daylight,760,518,No,NoIntersection,Normal,2Vehicles-BehindVehicles-Frontal,D30,M,49.58921796294384,5.591074796576136
201800018476,NonLethal,2018-10-06,16:57:00,Daylight,760,2,Yes,T-type,Normal,2Vehicles-BehindVehicles-Frontal,cd 60l5,M,49.60495779352685,6.604690057760312
201800018477,NonLethal,2018-08-01,17:55:00,NightNoStreetLight,760,527,No,X-type,Normal,2Vehicles-Side,départementale 920,M,49.82157005957803,1.8202289454927505
201800018478,NonLethal,2018-01-27,20:50:00,NightNoStreetLight,760,233,No,NoIntersection,LightRain,2Vehicles-Side,CD 49 - lieu dit Val à l,M,49.799910390906646,1.8005653902813408
201800018480,NonLethal,2018-09-16,00:01:00,NightNoStreetLight,760,363,Yes,NoIntersection,Normal,Other,4 rue de la gare - hamea,M,49.88136126323859,1.881827239493468
201800018481,NonLethal,2018-10-26,17:29:00,Daylight,760,101,Yes,Roundabout,LightRain,Other,Rue des étangs,M,49.93038760125148,1.928742758142666
201800018482,NonLethal,2018-11-24,17:45:00,NightStreelightsOn,760,520,Yes,NoIntersection,Overcast,2Vehicles-Side,15 grande rue,M,49.85591422390463,1.8518783771401088
201800018483,NonLethal,2018-12-04,09:40:00,Daylight,760,441,No,T-type,Normal,3+Vehicles-Multiple,Intersection RD49 et RD4,M,49.93622640624977,1.937796097477264
201800018484,Lethal,2018-02-06,15:50:00,Daylight,760,312,Yes,Y-type,Normal,Other,boulevard montmorency,M,49.4851022087332,1.4826843824107696
201800018485,NonLethal,2018-03-27,21:30:00,NightStreelightsOn,760,260,Yes,Roundabout,Normal,2Vehicles-BehindVehicles-Frontal,RN 31,M,49.48140669295793,1.4823705230860869
201800018486,Lethal,2018-06-16,18:10:00,Daylight,760,209,No,NoIntersection,Normal,2Vehicles-Side,D915,M,49.51734473216625,1.518128647353427
201800018487,NonLethal,2018-08-19,13:20:00,Daylight,760,208,No,NoIntersection,Normal,2Vehicles-Side,D915,M,49.50224191752385,1.5025605071398245
201800018489,NonLethal,2018-11-09,16:00:00,Daylight,760,260,No,NoIntersection,Normal,Other,D930,M,49.49331929936292,1.49120911592454
201800018490,NonLethal,2018-03-19,13:00:00,Daylight,760,709,Yes,NoIntersection,Normal,Other,Rue maréchal Foch,M,49.47993577347725,8.4808737882935
201800018491,NonLethal,2018-03-21,10:45:00,Daylight,760,728,No,NoIntersection,Normal,2Vehicles-Side,CD 1043,M,49.47397679050177,1.4723375828991423
201800018492,NonLethal,2018-03-22,16:00:00,Daylight,760,378,No,NoIntersection,Normal,Other,route du conihout,M,49.4275269434226,8.425737366392823
201800018493,NonLethal,2018-05-26,14:00:00,Daylight,760,634,Yes,Roundabout,Normal,2Vehicles-Side,57 route de sahurs,M,49.384167617305096,9.382513811473212
201800018494,NonLethal,2018-05-27,03:30:00,NightNoStreetLight,760,354,No,NoIntersection,Normal,Other,CD982,M,49.47383517398699,9.473833552936386
201800018495,NonLethal,2018-05-31,12:30:00,Daylight,760,354,No,NoIntersection,Normal,2Vehicles-Side,230 route de Dudair,M,49.46648816715864,9.465134616595634
201800018497,NonLethal,2018-08-03,19:05:00,Daylight,760,541,No,T-type,Normal,2Vehicles-Side,CD43 - CD47,M,49.497248254523655,9.49928417985284
201800018498,Lethal,2018-08-04,16:25:00,Daylight,760,541,No,NoIntersection,Normal,Other,chemin du grand melmont,M,49.4921177776572,9.493219003131957
201800018499,NonLethal,2018-11-20,12:10:00,Daylight,760,594,No,NoIntersection,LightRain,3+Vehicles-Chain,route du havre CD 6015,M,49.50337599243253,1.5044023794514985
201800018500,NonLethal,2018-12-08,05:50:00,NightStreelightsOn,760,709,Yes,NoIntersection,HeavyRain,2Vehicles-BehindVehicles-Frontal,RUE CLÉMENCEAU,M,49.490171975614174,8.489481266343407
201800018502,NonLethal,2018-01-17,15:30:00,Daylight,760,752,Yes,NoIntersection,Normal,2Vehicles-Side,avenue Charles de Gaulle,M,49.66354264320213,8.664032305549707
201800018504,NonLethal,2018-05-11,19:00:00,Daylight,760,692,No,X-type,Normal,2Vehicles-Side,Intersection RD5 avec RD,M,49.69392862352564,6.69320457743369
201800018505,Lethal,2018-06-04,17:25:00,Daylight,760,161,No,NoIntersection,Normal,2Vehicles-BehindVehicles-Frontal,cd 149,M,49.70961998056736,7.709754061124989
201800018506,Lethal,2018-07-08,19:15:00,Daylight,760,346,No,X-type,Normal,3+Vehicles-Multiple,Départementale 20,M,49.76545333494103,7.76414778812898
201800018508,NonLethal,2018-04-09,15:50:00,Daylight,760,752,Yes,NoIntersection,LightRain,2Vehicles-Behind,route de tôtes D929,M,49.67102996314364,9.670466518190336
201800018509,Lethal,2018-09-13,01:00:00,NightNoStreetLight,760,219,No,NoIntersection,Normal,NoCollision,CD 20,M,49.70984680739051,8.70761773994025
201800018510,NonLethal,2018-12-09,16:45:00,Daylight,760,346,No,X-type,Normal,2Vehicles-Side,D 20,M,49.76144937644517,7.76327747802994
201800018511,NonLethal,2018-10-10,17:35:00,Daylight,760,10,No,X-type,Normal,2Vehicles-Side,D103,M,49.6528270947437,9.653651743517385
201800018513,NonLethal,2018-12-20,21:15:00,NightStreelightsOn,760,752,Yes,MoreThan4Branches,Normal,2Vehicles-Side,D929,M,49.66818468535434,8.667718318752778
201800018514,NonLethal,2018-02-17,19:10:00,NightNoStreetLight,760,68,No,T-type,Normal,2Vehicles-Side,INTERSECTION D926 RUE DE,M,49.71613391968111,4.714520463348991
201800018515,Lethal,2018-11-04,15:40:00,Daylight,760,615,No,Y-type,Normal,2Vehicles-Side,RD32,M,49.60753130914453,2.6079355566770634
201800018516,NonLethal,2018-11-04,08:40:00,Daylight,760,196,Yes,T-type,Normal,Other,rue d'Hareauville,M,49.646671719724814,2.646874548571577
201800018517,NonLethal,2018-06-23,12:46:00,Daylight,760,595,No,NoIntersection,Normal,NoCollision,Cote Cap d'Antifer,M,49.65109059164349,1.6497094419724794
201800018518,NonLethal,2018-02-07,17:10:00,Daylight,760,33,No,NoIntersection,Normal,2Vehicles-Behind,cd 925,M,49.682601944695946,3.681345542016768
201800018519,NonLethal,2018-07-15,23:50:00,NightNoStreetLight,760,508,No,X-type,Normal,2Vehicles-Behind,Route du HAVRE,M,49.6702625456474,1.6713490478974669
201800018520,NonLethal,2018-08-14,08:20:00,Daylight,760,695,Yes,X-type,Normal,2Vehicles-Side,Route de la Flamme Olymp,M,49.66702449576861,4.666232706104558
201800018521,NonLethal,2018-08-20,09:40:00,Daylight,760,693,Yes,Y-type,Normal,2Vehicles-Side,route du HAVRE,M,49.68278015695815,2.6836258071389905
201800018523,NonLethal,2018-09-04,10:05:00,Daylight,760,734,No,Other,Overcast,2Vehicles-Side,d925,M,49.59548327524097,2.593412930091362
201800018524,Lethal,2018-10-11,12:35:00,Daylight,760,595,No,NoIntersection,Normal,Other,1 chemin des échos,M,49.65224429013113,1.6541985959942236
201800018525,NonLethal,2018-10-26,21:30:00,NightNoStreetLight,760,734,No,NoIntersection,Normal,2Vehicles-BehindVehicles-Frontal,route de Blesimare,M,49.59629171420841,2.5963226522991967
201800018526,NonLethal,2018-03-11,15:10:00,Daylight,760,508,No,X-type,VeryGood,2Vehicles-BehindVehicles-Frontal,RD 940 - RD32,M,49.666246367648014,1.6664013762675929
201800018527,NonLethal,2018-11-26,08:00:00,TwilightOrDawn,760,307,Yes,X-type,Normal,2Vehicles-Side,1 rue Léon delaquerrière,M,49.63653971325169,2.637169348366313
201800018528,NonLethal,2018-10-12,17:50:00,NightNoStreetLight,760,595,No,NoIntersection,Normal,2Vehicles-Behind,RD 940,M,49.64516621416587,1.6449573122956176
201800018530,NonLethal,2018-12-18,09:30:00,Daylight,760,33,No,NoIntersection,Normal,2Vehicles-Side,Cd 925,M,49.67954128766357,3.680111678407097
201800018531,NonLethal,2018-12-26,11:10:00,Daylight,760,143,No,NoIntersection,Normal,2Vehicles-BehindVehicles-Frontal,CD 925,M,49.67050891330603,3.67011255655725
201800018532,NonLethal,2018-04-01,18:00:00,NightStreelightsOn,760,655,Yes,X-type,Normal,2Vehicles-Side,av de la 51eme highl,M,49.861894015312274,7.864346239738128
201800018533,NonLethal,2018-06-05,16:30:00,Daylight,760,683,No,Y-type,Normal,3+Vehicles-Multiple,d68,M,49.87987128501116,8.878613660587094
201800018534,NonLethal,2018-08-06,07:50:00,Daylight,760,241,Yes,X-type,FogOrSmoke,2Vehicles-Side,Route du calvaire (D37),M,49.79847042489185,7.797620323541557
201800018535,NonLethal,2018-07-14,00:25:00,NightNoStreetLight,760,488,No,X-type,Normal,2Vehicles-Side,D 925,M,49.78158694359753,5.782317279260232
201800018536,NonLethal,2018-08-14,19:30:00,Daylight,760,504,No,X-type,Normal,2Vehicles-Side,Intersection de la D20 e,M,49.80835569490798,7.807097982903555
201800018537,NonLethal,2018-08-25,15:15:00,Daylight,760,569,No,NoIntersection,Normal,2Vehicles-BehindVehicles-Frontal,CD20,M,49.7947526801415,7.796014643838458
201800018538,NonLethal,2018-01-09,03:15:00,NightNoStreetLight,760,159,Yes,NoIntersection,Normal,2Vehicles-BehindVehicles-Frontal,D88,M,49.77534019102328,6.776402730562733
201800018539,NonLethal,2018-09-16,03:30:00,NightStreelightsOn,760,655,Yes,NoIntersection,Normal,NoCollision,avenue d'écosse,M,49.8610056301931,7.858936249091982
201800018540,NonLethal,2018-10-14,17:00:00,Daylight,760,159,Yes,NoIntersection,Overcast,Other,route de fécamp,M,49.7855617856264,6.784787169376706
201800018541,NonLethal,2018-11-04,02:30:00,NightStreelightsOn,760,353,Yes,X-type,Normal,2Vehicles-BehindVehicles-Frontal,rue de l'église,M,49.77912423195841,8.77604685708316
201800018542,NonLethal,2018-11-19,17:30:00,TwilightOrDawn,760,655,No,NoIntersection,Normal,2Vehicles-BehindVehicles-Frontal,D925,M,49.86395800660612,7.862183294403153
201800018543,NonLethal,2018-05-05,15:15:00,Daylight,760,529,No,X-type,Normal,3+Vehicles-Multiple,CD 150,M,49.72986817324783,5.729625976096603
201800018544,NonLethal,2018-07-15,20:40:00,Daylight,760,670,Yes,NoIntersection,Normal,NoCollision,route de Cany CD925,M,49.76702367627768,4.767776077547663
201800018546,NonLethal,2018-10-27,09:35:00,TwilightOrDawn,760,708,Yes,NoIntersection,LightRain,NoCollision,route de rouen,M,49.73951590513038,4.738844743066044
201800018547,NonLethal,2018-02-04,17:00:00,TwilightOrDawn,670,436,No,NoIntersection,SnowOrHail,Other,route du Hantz - RD 424,M,48.39993813301828,7.401293240424504
201800018548,Lethal,2018-02-03,16:08:00,Daylight,670,377,No,NoIntersection,SnowOrHail,2Vehicles-BehindVehicles-Frontal,D1420 - PR13+800,M,48.42838244178408,7.429392678759476
201800018549,NonLethal,2018-06-16,15:15:00,Daylight,670,26,No,NoIntersection,Normal,Other,RD 214 - PR 20 + 367,M,48.398302906555664,7.39924952814625
201800018550,NonLethal,2018-06-17,10:20:00,Daylight,670,325,No,NoIntersection,Normal,2Vehicles-Side,,M,48.536360412318864,7.5362173765975395
201800018551,NonLethal,2018-08-15,16:00:00,Daylight,670,314,No,NoIntersection,Normal,NoCollision,RD130 PR 11+200,M,48.447686279020935,7.447986905321794
201800018553,NonLethal,2018-10-20,12:20:00,Daylight,670,384,No,NoIntersection,Normal,2Vehicles-BehindVehicles-Frontal,D 214,M,48.36857157660955,7.368732308939311
201800018554,Lethal,2018-04-27,15:35:00,Daylight,670,234,No,Other,Normal,2Vehicles-Side,RD1061,M,48.95907620123982,7.95849965071267
201800018555,NonLethal,2018-05-05,12:35:00,Daylight,670,2,No,T-type,VeryGood,2Vehicles-BehindVehicles-Frontal,intersection D9 et D182,M,48.90800321906591,7.906148027870366
201800018556,NonLethal,2018-06-08,11:45:00,Daylight,670,105,No,Y-type,VeryGood,NoCollision,bretelle d'accès Nord de,M,48.86398039974669,7.861748165073684
201800018557,NonLethal,2018-06-08,16:34:00,Daylight,670,434,Yes,T-type,Normal,2Vehicles-BehindVehicles-Frontal,ROUTE DE SARREBOURG,M,48.93464320618905,7.934260564037239
201800018558,NonLethal,2018-08-06,21:51:00,TwilightOrDawn,670,134,No,NoIntersection,VeryGood,Other,RD655,M,48.85399098322594,7.855543884138453
201800018560,NonLethal,2018-06-19,19:11:00,Daylight,670,105,Yes,T-type,Other,2Vehicles-Side,"8 Allée des Hêtres, Chem",M,48.87078095557844,7.870534404848485
201800018561,Lethal,2018-07-03,21:00:00,Daylight,670,234,No,NoIntersection,Normal,2Vehicles-BehindVehicles-Frontal,rue de la Libération,M,48.98330804290695,7.98695326499679
201800018562,NonLethal,2018-08-14,14:00:00,Daylight,670,95,Yes,NoIntersection,Normal,Other,60 Grand rue,M,48.940754979414216,7.93951400537849
201800018563,NonLethal,2018-09-15,18:30:00,TwilightOrDawn,670,234,Yes,T-type,Normal,2Vehicles-Side,118 RUE DE LIBERATION,M,48.976321412367,7.977086602232761
201800018564,Lethal,2018-09-26,07:27:00,Daylight,670,434,No,NoIntersection,Normal,NoCollision,D638,M,48.94671574079829,7.947994147723258
201800018565,NonLethal,2018-10-16,18:35:00,TwilightOrDawn,670,99,No,NoIntersection,Normal,2Vehicles-Side,D8,M,48.94994811391316,7.949365411261094
201800018566,NonLethal,2018-10-20,14:45:00,Daylight,670,355,No,NoIntersection,VeryGood,Other,route de kalhausen,M,49.00227392155907,7.003560930720239
201800018567,NonLethal,2018-12-11,17:00:00,TwilightOrDawn,670,528,No,T-type,Normal,2Vehicles-Behind,D 40,M,48.85339760144799,7.85408374069075
201800018568,NonLethal,2018-12-02,18:00:00,NightNoStreetLight,670,70,No,NoIntersection,HeavyRain,Other,chemin communale goudron,M,48.91383377234144,7.914377857973503
201800018569,NonLethal,2018-10-12,15:36:00,Daylight,670,274,No,NoIntersection,LightRain,NoCollision,D8,M,48.95925694073196,7.960669686706737
201800018570,NonLethal,2018-02-14,17:00:00,Daylight,670,281,Yes,Roundabout,Normal,2Vehicles-Side,rue de la chapelle,M,48.1605555283156,7.159920730517256
201800018572,NonLethal,2018-09-04,16:45:00,Daylight,670,196,No,NoIntersection,Normal,Other,,M,48.30203475174222,7.302708428186205
201800018573,NonLethal,2018-06-03,16:06:00,Daylight,670,547,Yes,NoIntersection,Normal,2Vehicles-BehindVehicles-Frontal,rue de Muttersholtz,M,48.26573728448784,7.263053340601905
201800018574,NonLethal,2018-07-24,05:22:00,TwilightOrDawn,670,19,Yes,Y-type,Normal,Other,33 rue de Sélestat,M,48.24014883233728,7.240187663227983
201800018575,NonLethal,2018-08-09,17:15:00,Daylight,670,398,No,NoIntersection,Normal,2Vehicles-Side,D468,M,48.2273373698356,7.226752928825073
201800018578,NonLethal,2018-08-10,17:55:00,Daylight,670,486,Yes,NoIntersection,Normal,Other,rue du maire gruber,M,48.25134192143679,7.251011949900521
201800018579,NonLethal,2018-11-13,18:30:00,NightNoStreetLight,670,277,No,NoIntersection,Normal,3+Vehicles-Chain,CD 424 - PK 44 + 650,M,48.18032675592063,7.180676725625313
201800018581,NonLethal,2018-01-18,18:15:00,NightNoStreetLight,670,315,No,NoIntersection,LightRain,Other,D248,M,48.94426371588215,8.943321497844344
201800018582,NonLethal,2018-10-04,11:30:00,Daylight,670,261,Yes,NoIntersection,Normal,2Vehicles-Side,26 rue du général Mittel,M,48.975305351017965,8.974732969481604
201800018583,NonLethal,2018-07-14,16:30:00,Daylight,670,308,No,NoIntersection,Normal,NoCollision,Chemin Digue,M,48.92065475837208,8.920580779118996
201800018585,NonLethal,2018-10-23,07:00:00,TwilightOrDawn,670,305,No,NoIntersection,Normal,3+Vehicles-Multiple,D 248 - PK 07 + 400,M,48.940718958997024,8.93973630074352
201800018586,NonLethal,2018-11-30,09:35:00,Daylight,670,409,Yes,Roundabout,LightRain,NoCollision,,M,48.83964676618395,8.838292849794582
201800018587,NonLethal,2018-05-01,22:40:00,NightStreelightsOn,780,291,No,NoIntersection,Normal,2Vehicles-BehindVehicles-Frontal,rd 113,M,48.9533947964341,1.9527686163097444
201800018590,NonLethal,2018-06-26,16:45:00,Daylight,780,281,No,NoIntersection,Normal,2Vehicles-BehindVehicles-Frontal,RD 158,M,48.92878560022852,1.927975447032453
201800018593,NonLethal,2018-12-03,11:25:00,Daylight,770,66,No,NoIntersection,Normal,3+Vehicles-Multiple,N4,M,48.68988955185443,3.68945637838343
201800018595,NonLethal,2018-03-24,14:20:00,Daylight,770,134,Yes,X-type,Normal,2Vehicles-Side,D204 X D12,M,48.63539494775896,3.633736457868894
201800018596,NonLethal,2018-01-04,09:45:00,Daylight,770,246,No,NoIntersection,Normal,Other,Route départementale 74,M,48.55590887090834,3.555480919084945
201800018597,NonLethal,2018-11-05,18:30:00,Daylight,770,32,No,Y-type,Normal,2Vehicles-BehindVehicles-Frontal,intersection D55 et D75,M,48.68789656180952,3.688818866898524
201800018599,NonLethal,2018-08-05,22:45:00,NightNoStreetLight,770,66,No,NoIntersection,Normal,2Vehicles-BehindVehicles-Frontal,RN 4,M,48.69327726944281,3.689653412983664
201800018601,NonLethal,2018-09-15,12:15:00,Daylight,770,246,No,X-type,Normal,2Vehicles-Side,Intersection RD78 - RD 2,M,48.57900940299932,3.578439248550356
201800018602,NonLethal,2018-09-23,11:50:00,Daylight,770,32,No,NoIntersection,LightRain,2Vehicles-BehindVehicles-Frontal,D55,M,48.7139781620168,3.7144722332131295
201800018603,NonLethal,2018-09-25,15:50:00,Daylight,770,416,No,X-type,Normal,2Vehicles-BehindVehicles-Frontal,D209 X D12,M,48.59877939803884,3.598706220245861
201800018604,NonLethal,2018-03-02,15:30:00,Daylight,770,289,No,NoIntersection,Normal,Other,D619,M,48.52872359552328,3.528500632089296
201800018606,NonLethal,2018-01-05,15:15:00,Daylight,770,159,No,NoIntersection,Normal,Other,D403,M,48.47288384707835,3.4721659343761018
201800018608,NonLethal,2018-06-24,17:00:00,Daylight,770,355,No,NoIntersection,Normal,2Vehicles-Side,D403,M,48.482242723723445,3.48207359298298
201800018609,NonLethal,2018-06-28,17:25:00,Daylight,770,524,No,X-type,Normal,2Vehicles-Side,Carrefour D18- D213,M,48.450424232042046,3.449467102132288
201800018610,NonLethal,2018-08-01,12:45:00,Daylight,770,289,No,X-type,Normal,2Vehicles-Side,Intersection D18 - D18A,M,48.49551509526938,3.4979089116479414
201800018611,NonLethal,2018-01-09,11:19:00,Daylight,770,524,No,X-type,Normal,2Vehicles-Side,D213/D18,M,48.45122346748352,3.450603321159716
201800018612,Lethal,2018-10-18,13:20:00,Daylight,770,467,No,NoIntersection,Normal,2Vehicles-BehindVehicles-Frontal,RD411,M,48.38649290308119,3.3877726902033456
201800018613,NonLethal,2018-10-20,15:50:00,Daylight,770,355,No,NoIntersection,Normal,NoCollision,D403,M,48.48277920278993,3.4828632788636127
201800018615,NonLethal,2018-12-14,00:01:00,NightNoStreetLight,770,311,No,NoIntersection,Normal,Other,"RD 4O3, PKO59.OOO",M,48.45463024343282,3.4537923116746088
201800018616,NonLethal,2018-12-30,08:08:00,TwilightOrDawn,770,509,No,Roundabout,FogOrSmoke,Other,D201 X D213,M,48.48702959579977,3.484609779365014
201800018617,Lethal,2018-01-13,16:30:00,Daylight,740,245,No,NoIntersection,Normal,3+Vehicles-Multiple,,M,45.97613445385418,6.977097470145464
201800018618,Lethal,2018-01-16,20:30:00,NightStreelightsOn,740,11,Yes,NoIntersection,HeavyRain,2Vehicles-BehindVehicles-Frontal,24 route de thones,M,45.923715443900825,6.92422488245435
201800018619,NonLethal,2018-02-15,07:50:00,TwilightOrDawn,740,137,No,NoIntersection,SnowOrHail,2Vehicles-BehindVehicles-Frontal,RD 02 - Route de la cail,M,46.00477780036518,6.005363884131649
201800018620,NonLethal,2018-02-04,01:00:00,NightNoStreetLight,740,299,Yes,NoIntersection,Normal,NoCollision,28 Route d'ANNECY,M,45.89262035426608,6.8907312237100085
201800018621,NonLethal,2018-04-14,02:45:00,NightNoStreetLight,740,120,No,NoIntersection,Normal,Other,104 route des sapins sur,M,46.02287308896189,6.024664788336301
201800018622,NonLethal,2018-04-18,19:45:00,Daylight,740,299,Yes,X-type,Normal,2Vehicles-Side,RD 909A,M,45.878988954826255,6.878712589780575
201800018624,NonLethal,2018-07-20,16:30:00,Daylight,740,120,No,T-type,Normal,2Vehicles-Side,RD 102,M,46.04870529174447,6.049762438619095
201800018625,Lethal,2018-07-29,19:49:00,Daylight,740,307,Yes,NoIntersection,Normal,Other,D2,M,45.999962127691305,6.998612946578581
201800018626,NonLethal,2018-11-14,15:00:00,Daylight,740,11,Yes,NoIntersection,Normal,Other,rue du lachat,M,45.92139257628165,6.92053762556104
201800018627,NonLethal,2018-11-18,12:20:00,Daylight,740,303,No,NoIntersection,Normal,NoCollision,1648 route de la filière,M,45.95663134180919,6.956550916189872
201800018628,NonLethal,2018-11-19,20:15:00,NightStreelightsOn,740,11,Yes,T-type,Normal,2Vehicles-Side,rue des mouettes,M,45.908121367084725,6.907230018130246
201800018629,Lethal,2018-11-30,16:30:00,TwilightOrDawn,740,299,Yes,NoIntersection,LightRain,Other,chemin des guerres,M,45.87656379450817,6.875712882186469
201800018630,NonLethal,2018-06-04,14:00:00,Daylight,740,270,No,X-type,VeryGood,2Vehicles-Side,RD 12 route du col de Ta,M,45.70556260998076,6.70657413447853
201800018631,NonLethal,2018-04-14,11:15:00,Daylight,740,123,Yes,NoIntersection,Normal,Other,route d'annecy,M,45.75386236823967,6.753063236459114
201800018632,NonLethal,2018-04-19,16:30:00,Daylight,740,108,No,NoIntersection,Normal,2Vehicles-Side,RD 1508 ROUTE D'ANNECY,M,45.84169414984116,6.84194594889197
201800018633,NonLethal,2018-04-21,18:45:00,Daylight,740,104,No,NoIntersection,Normal,2Vehicles-Side,RD1508,M,45.7767392920098,6.7751448087908095
201800018634,NonLethal,2018-05-19,12:35:00,Daylight,740,187,No,NoIntersection,Normal,2Vehicles-BehindVehicles-Frontal,D42,M,45.7984567048455,6.796762296054433
201800018635,NonLethal,2018-05-25,12:25:00,Daylight,740,275,Yes,NoIntersection,Normal,2Vehicles-Behind,RD 909A,M,45.9181785036065,6.918571156728143
201800018637,NonLethal,2018-02-06,12:45:00,Daylight,740,104,No,NoIntersection,Normal,2Vehicles-Side,D909 A ROUTE DE TALLOIRE,M,45.79522467382079,6.795193230656707
201800018638,NonLethal,2018-06-22,20:10:00,Daylight,740,242,No,NoIntersection,Normal,Other,route d'entrodozon,M,45.820974028853385,6.8217294187881485
201800018640,NonLethal,2018-09-07,13:45:00,Daylight,740,123,No,NoIntersection,Normal,NoCollision,rd 1508,M,45.75401023475373,6.754921816388465
201800018641,NonLethal,2018-07-24,00:20:00,NightNoStreetLight,740,104,Yes,NoIntersection,Normal,2Vehicles-BehindVehicles-Frontal,"D909A, Glière",M,45.79941260454503,6.799710174832599
201800018642,NonLethal,2018-07-26,10:30:00,Daylight,740,275,No,NoIntersection,Normal,2Vehicles-Side,RD 42 - MONTMIN,M,45.79570937407589,6.798358891872714
201800018643,NonLethal,2018-08-12,08:40:00,Daylight,740,123,No,NoIntersection,Normal,Other,RD1508,M,45.75688129569743,6.75675539668759
201800018644,NonLethal,2018-08-17,13:00:00,Daylight,740,123,Yes,X-type,HeavyRain,2Vehicles-Side,rue des épinettes,M,45.75332226756469,6.752079133429868
201800018645,NonLethal,2018-09-07,08:15:00,Daylight,740,275,No,T-type,Normal,2Vehicles-Side,RD1508,M,45.835065248407126,6.835374216448357
201800018646,NonLethal,2018-09-07,19:00:00,Daylight,740,104,Yes,T-type,Normal,2Vehicles-Side,route de la poste,M,45.77512903085713,6.774849547840275
201800018647,Lethal,2018-08-09,02:30:00,NightStreelightsOn,740,267,Yes,NoIntersection,Normal,Other,route d'albertville,M,45.84322818425492,6.8438351564245865
201800018648,NonLethal,2018-09-26,12:30:00,Daylight,740,242,No,T-type,Normal,2Vehicles-BehindVehicles-Frontal,1426 route de la cote,M,45.83036680481016,6.8289676261897885
201800018649,NonLethal,2018-11-08,08:15:00,Daylight,740,242,Yes,X-type,LightRain,2Vehicles-Side,route d'alberville,M,45.83129514693397,6.83328270463153
201800018650,NonLethal,2018-02-19,12:00:00,Daylight,740,233,Yes,Other,Normal,2Vehicles-Side,route d'Aix Les Bains,M,45.79553761690869,5.795965189985864
201800018651,NonLethal,2018-05-02,17:45:00,Daylight,740,225,Yes,X-type,Normal,Other,Boulevard louis dagand,M,45.86692721275143,5.869116535827128
201800018652,NonLethal,2018-05-05,13:08:00,Daylight,740,2,No,NoIntersection,Normal,2Vehicles-Behind,RD 1201,M,45.819134692951465,6.818393948970314