AccidentId,Gravity,Date,Hour,Light,Department,Commune,InAgglomeration,IntersectionType,Weather,CollisionType,PostalAddress,GPSCode,Latitude,Longitude
201800018653,NonLethal,2018-05-06,21:50:00,NightNoStreetLight,740,274,Yes,NoIntersection,Normal,Other,Route du Mont des Prince,M,45.93146809802875,5.930267728162101
201800018654,NonLethal,2018-05-13,07:14:00,TwilightOrDawn,740,142,No,NoIntersection,LightRain,Other,2O5O route des bauges,M,45.79060653107059,6.791615542815382
201800018656,NonLethal,2018-12-07,10:15:00,Daylight,740,194,Yes,NoIntersection,Normal,Other,route d'alby,M,45.80612270002055,6.806186266146429
201800018657,Lethal,2018-07-08,18:20:00,Daylight,740,161,No,NoIntersection,Normal,Other,ROUTE D'ANNECY D16,M,45.87315446257861,6.872062664428625
201800018658,NonLethal,2018-09-23,01:00:00,NightStreelightsOn,740,274,Yes,NoIntersection,Normal,2Vehicles-BehindVehicles-Frontal,route du val,M,45.92154688960911,5.92274128968007
201800018659,NonLethal,2018-10-03,19:15:00,NightStreelightsOn,740,225,Yes,Y-type,Normal,3+Vehicles-Multiple,9O route d'aix les bains,M,45.84846767931218,5.848536928896499
201800018660,NonLethal,2018-10-08,12:00:00,Daylight,740,165,Yes,X-type,Normal,2Vehicles-Side,D53,M,45.83882303038199,5.838322073408843
201800018662,NonLethal,2018-11-23,17:10:00,NightStreelightsOn,740,225,Yes,NoIntersection,HeavyRain,Other,Rue de la foret,M,45.86829513669259,5.866886797667926
201800018663,NonLethal,2018-12-13,18:55:00,NightNoStreetLight,740,255,No,NoIntersection,Normal,2Vehicles-BehindVehicles-Frontal,d16,M,45.87817745968632,5.878891828650297
201800018664,NonLethal,2018-12-04,19:10:00,Daylight,740,164,Yes,NoIntersection,Normal,2Vehicles-BehindVehicles-Frontal,avenue de l'industrie,M,46.07765249791832,6.077962748916716
201800018665,NonLethal,2018-04-27,09:15:00,Daylight,740,312,Yes,NoIntersection,Normal,2Vehicles-Side,901 route de geneve,M,46.06808431809175,6.067961737339103
201800018666,NonLethal,2018-06-22,23:50:00,NightNoStreetLight,740,311,No,NoIntersection,Normal,2Vehicles-BehindVehicles-Frontal,route du fer à cheval,M,46.14274902092605,6.141241147371159
201800018668,NonLethal,2018-06-08,18:00:00,Daylight,740,164,Yes,NoIntersection,Normal,Other,rue du pont neuf,M,46.09045180152812,6.088018675332412
201800018669,NonLethal,2018-10-09,06:00:00,NightNoStreetLight,740,164,No,NoIntersection,Normal,Other,route du coteau,M,46.10215380850997,6.1021939727781165
201800018670,NonLethal,2018-10-13,05:45:00,NightNoStreetLight,740,241,No,NoIntersection,Normal,2Vehicles-BehindVehicles-Frontal,D26,M,46.12869556757372,6.12838931560745
201800018671,NonLethal,2018-11-03,23:00:00,NightNoStreetLight,740,240,No,Y-type,Normal,2Vehicles-BehindVehicles-Frontal,chez pierruz,M,46.117002979017045,6.118475618805991
201800018672,NonLethal,2018-11-25,10:45:00,Daylight,740,312,Yes,T-type,Normal,2Vehicles-BehindVehicles-Frontal,rue de la fruitière,M,46.06705259658723,6.065633984515613
201800018673,NonLethal,2018-12-20,11:25:00,Daylight,740,164,Yes,T-type,Overcast,2Vehicles-Side,avenue d'anterne,M,46.07428181610591,6.074650389608404
201800018674,NonLethal,2018-02-05,19:00:00,NightStreelightsOn,740,276,Yes,NoIntersection,Normal,Other,Route d'Annemasse (RD907,M,46.10851927178221,6.106679409985564
201800018675,NonLethal,2018-02-10,10:48:00,Daylight,740,190,Yes,NoIntersection,Normal,Other,"Le Bosson, route du chat",M,46.08183924398814,6.080733831818359
201800018676,NonLethal,2018-02-25,13:00:00,Daylight,740,183,No,NoIntersection,Normal,2Vehicles-BehindVehicles-Frontal,"""Messy""",M,46.14528866465144,6.147419110092676
201800018677,NonLethal,2018-03-26,18:10:00,Daylight,740,183,No,NoIntersection,Normal,2Vehicles-BehindVehicles-Frontal,"Lieu dit les vagnys, D90",M,46.11951522374534,6.118708460222191
201800018678,NonLethal,2018-04-27,17:20:00,Daylight,740,273,Yes,NoIntersection,Normal,2Vehicles-Side,Place de la gare,M,46.05546545248384,6.054264365559967
201800018679,NonLethal,2018-06-14,18:20:00,Daylight,740,183,No,NoIntersection,Normal,2Vehicles-BehindVehicles-Frontal,le pont du diable,M,46.13004721565768,6.129486155210464
201800018680,NonLethal,2018-06-17,11:50:00,Daylight,740,223,No,NoIntersection,Normal,NoCollision,"Lieu-dit Arsonnex, Route",M,46.09561861832789,6.094635624151665
201800018681,NonLethal,2018-06-30,10:30:00,Daylight,740,183,No,T-type,Normal,2Vehicles-Side,carrefour D907/D226,M,46.12841732282355,6.129752272731596
201800018682,NonLethal,2018-07-21,15:50:00,Daylight,740,183,No,T-type,Normal,2Vehicles-Behind,Route de l'étroit denté,M,46.11531370203294,6.111429837553576
201800018683,NonLethal,2018-07-08,12:15:00,Daylight,740,183,Yes,T-type,Normal,2Vehicles-Side,route de sommand,M,46.13556725435944,6.135030583399509
201800018687,NonLethal,2018-12-26,11:15:00,Daylight,740,134,Yes,NoIntersection,Normal,2Vehicles-Behind,Route des chavannes,M,46.16279948231532,6.160745771097481
201800018688,NonLethal,2018-03-15,07:25:00,Daylight,740,52,No,NoIntersection,LightRain,2Vehicles-BehindVehicles-Frontal,route de la croix biche,M,46.07826230774674,6.078191727256519
201800018689,Lethal,2018-10-04,00:45:00,NightNoStreetLight,740,309,No,NoIntersection,Normal,Other,D1206,M,46.12591671293257,6.124667269238172
201800018690,NonLethal,2018-10-06,12:00:00,Daylight,740,296,No,NoIntersection,Normal,NoCollision,route de la Croix biche,M,46.08413111668396,6.085296481287415
201800018691,NonLethal,2018-09-06,10:45:00,Daylight,740,314,Yes,T-type,Normal,2Vehicles-Side,ZAC des Grands Chavanoux,M,46.1031792495546,5.106982489685908
201800018693,NonLethal,2018-10-07,18:15:00,Daylight,740,309,No,NoIntersection,Normal,2Vehicles-BehindVehicles-Frontal,chemin de la perrière,M,46.13475785698349,6.134667962151161
201800018694,NonLethal,2018-07-22,15:45:00,Daylight,740,96,No,NoIntersection,Normal,2Vehicles-Side,D27,M,46.03981406569126,6.040387338297308
201800018696,NonLethal,2018-09-13,17:45:00,Daylight,740,314,Yes,NoIntersection,Normal,Other,421 route de faramaz,M,46.10276249152371,5.101411726617916
201800018697,NonLethal,2018-09-26,22:50:00,NightNoStreetLight,740,216,No,NoIntersection,Normal,Other,Dl20l,M,46.07800904061832,6.078355669134693
201800018698,NonLethal,2018-02-10,17:55:00,Daylight,740,101,No,X-type,Normal,2Vehicles-Side,D7/ route de conchy,M,46.088105728817226,5.089147506563329
201800018699,NonLethal,2018-10-04,18:00:00,Daylight,740,96,Yes,Other,Normal,2Vehicles-Side,D1201 route de geneve,M,46.03448076863833,6.034132210515253
201800018700,Lethal,2018-10-05,17:35:00,Daylight,740,288,Yes,NoIntersection,Normal,Other,638 ROUTE DE BELLEGARDE,M,46.10559273450415,5.103219100504662
201800018701,NonLethal,2018-10-11,11:15:00,Daylight,740,88,Yes,X-type,Normal,2Vehicles-Side,Lieu dit Malbuisson - RD,M,46.05122039652675,6.054972136525947
201800018703,Lethal,2018-08-11,09:14:00,Daylight,740,306,No,NoIntersection,Overcast,3+Vehicles-Multiple,D27,M,46.05359275683857,6.054060104463422
201800018705,NonLethal,2018-11-30,18:30:00,NightStreelightsOn,740,288,Yes,NoIntersection,LightRain,Other,3 route de bellegarde,M,46.1058476639721,5.108410534906673
201800018706,NonLethal,2018-11-01,18:30:00,NightNoStreetLight,740,168,No,NoIntersection,Normal,NoCollision,route des usses,M,46.015932209617375,6.015728009893139
201800018707,NonLethal,2018-03-02,07:50:00,TwilightOrDawn,740,130,No,NoIntersection,SnowOrHail,NoCollision,D14,M,46.03920433555152,5.042132570429968
201800018709,NonLethal,2018-04-04,13:10:00,Daylight,740,75,No,NoIntersection,HeavyRain,2Vehicles-BehindVehicles-Frontal,RD 910,M,45.99734156842442,5.995944201399272
201800018710,NonLethal,2018-08-04,11:28:00,Daylight,740,168,No,Y-type,Normal,2Vehicles-Side,D2,M,46.01170339074568,5.013726904882425
201800018712,NonLethal,2018-04-18,11:36:00,Daylight,740,178,No,NoIntersection,Normal,2Vehicles-Side,D910,M,45.949920898984885,5.949951743734684
201800018713,NonLethal,2018-04-25,17:49:00,Daylight,740,109,No,T-type,Normal,2Vehicles-Side,6000 Route d'Annecy - D1,M,46.10295373843631,5.101904862787105
201800018714,NonLethal,2018-04-30,14:13:00,Daylight,740,269,Yes,NoIntersection,LightRain,Other,RD 991,M,45.95035899438113,5.950377823125954
201800018715,NonLethal,2018-07-05,15:49:00,Daylight,740,65,No,NoIntersection,Normal,2Vehicles-Side,D992 - LE MALPAS,M,46.02977197601329,5.029662643241046
201800018716,Lethal,2018-05-21,16:40:00,Daylight,740,291,No,NoIntersection,Normal,3+Vehicles-Multiple,D1508,M,46.030163692565,5.030632252150542
201800018717,Lethal,2018-05-24,08:45:00,Daylight,740,100,No,NoIntersection,Normal,Other,D992,M,46.0035981770212,5.004773240565049
201800018718,NonLethal,2018-06-27,13:06:00,Daylight,740,86,No,Other,Normal,2Vehicles-Side,D1508,M,46.00813946878384,5.006945467846199
201800018720,NonLethal,2018-07-29,14:10:00,Daylight,740,291,Yes,NoIntersection,Normal,2Vehicles-BehindVehicles-Frontal,RD1508,M,46.03990107501482,5.039380950118236
201800018721,NonLethal,2018-08-16,17:30:00,Daylight,740,131,Yes,T-type,Normal,2Vehicles-Behind,189 route du Grand pont,M,46.01989519380803,5.018632673322302
201800018722,NonLethal,2018-10-10,13:28:00,Daylight,740,178,Yes,NoIntersection,Normal,Other,route de foraz,M,45.95968780883348,5.95995061005792
201800018723,Lethal,2018-11-02,06:30:00,TwilightOrDawn,740,55,No,T-type,LightRain,Other,RD 14 CHALLONGES,M,46.022527237165725,5.022869004286013
201800018724,NonLethal,2018-11-13,17:05:00,TwilightOrDawn,740,195,No,NoIntersection,LightRain,2Vehicles-BehindVehicles-Frontal,D1508,M,46.011561776172826,5.011510839118488
201800018725,NonLethal,2018-11-19,20:50:00,NightStreelightsOn,740,131,Yes,NoIntersection,LightRain,Other,350 route d'annecy,M,46.01668437035052,5.019324637760558
201800018726,Lethal,2018-01-12,06:00:00,TwilightOrDawn,740,109,No,T-type,Normal,Other,Route départementale 150,M,46.0651978288502,5.0642687258440935
201800018728,NonLethal,2018-12-22,01:35:00,NightNoStreetLight,740,195,Yes,NoIntersection,FogOrSmoke,2Vehicles-BehindVehicles-Frontal,"Lieu-dit Serrasson, RD 1",M,46.005434974890136,5.005037286170448
201800018729,NonLethal,2018-04-09,17:11:00,Daylight,740,85,Yes,NoIntersection,Normal,Other,20l0 route du plan mouli,M,45.83255256552452,6.832462975539374
201800018730,NonLethal,2018-07-19,07:20:00,TwilightOrDawn,740,99,Yes,NoIntersection,Normal,2Vehicles-BehindVehicles-Frontal,149 route de Sallanches,M,45.86979739453797,6.870191460191925
201800018731,NonLethal,2018-08-28,18:43:00,Daylight,740,85,Yes,NoIntersection,Normal,2Vehicles-Behind,903 route de Saint Gerva,M,45.83757919024188,6.8343331514394645
201800018732,NonLethal,2018-12-18,10:15:00,Daylight,740,236,Yes,NoIntersection,Normal,Other,391 Avenue de Miage,M,45.886387140792856,6.88930833382627
201800018733,NonLethal,2018-01-14,14:38:00,Daylight,740,256,No,NoIntersection,Normal,2Vehicles-BehindVehicles-Frontal,route de Megève,M,45.90292279227003,6.904446019879953
201800018734,NonLethal,2018-05-04,16:40:00,Daylight,740,256,No,Roundabout,Normal,2Vehicles-Side,RD1205 - avenue de Genèv,M,45.96675154033858,6.965426094583678
201800018736,NonLethal,2018-05-05,19:10:00,Daylight,740,256,Yes,NoIntersection,Normal,2Vehicles-BehindVehicles-Frontal,Route du Fayet,M,45.932007143026574,6.930735430174753
201800018737,NonLethal,2018-06-07,18:40:00,Daylight,740,256,Yes,T-type,Normal,2Vehicles-Side,Rue de l'hôpital,M,45.93639921987384,6.936593614163362
201800018739,NonLethal,2018-06-28,14:20:00,Daylight,740,256,No,NoIntersection,Normal,Other,route de cordon,M,45.931056167132176,6.934262004190567
201800018740,NonLethal,2018-07-13,14:30:00,Daylight,740,208,Yes,NoIntersection,Normal,2Vehicles-BehindVehicles-Frontal,rue du plateau Passy,M,45.92775860220992,6.928413803214972
201800018741,NonLethal,2018-08-06,18:05:00,Daylight,740,256,Yes,X-type,LightRain,2Vehicles-Side,Rue du Docteur Laffin,M,45.94328217124637,6.9437426149984045
201800018742,NonLethal,2018-09-05,18:15:00,Daylight,740,256,Yes,NoIntersection,Normal,Other,ancienne route de Comblo,M,45.92328657367234,6.923274158229533
201800018743,NonLethal,2018-08-09,18:25:00,Daylight,740,256,Yes,NoIntersection,Normal,2Vehicles-BehindVehicles-Frontal,avenue de Geneve,M,45.95202423678884,6.9512975479036445
201800018744,NonLethal,2018-09-23,12:00:00,Daylight,740,208,Yes,T-type,Normal,2Vehicles-BehindVehicles-Frontal,avenue de Saint martin,M,45.91766759137728,6.91960706125161
201800018745,NonLethal,2018-09-10,17:40:00,Daylight,740,256,No,T-type,Normal,2Vehicles-Side,Route de Megève,M,45.912469002940185,6.914131249533052
201800018746,NonLethal,2018-10-10,13:30:00,Daylight,740,256,No,NoIntersection,Normal,Other,D1212,M,45.913904447299,6.91538551403733
201800018747,NonLethal,2018-11-01,01:30:00,NightNoStreetLight,740,89,No,NoIntersection,Normal,3+Vehicles-Multiple,route de cordon,M,45.91870104651746,6.918787779927677
201800018748,NonLethal,2018-05-12,10:05:00,Daylight,740,208,No,NoIntersection,Normal,2Vehicles-BehindVehicles-Frontal,Avenue de Saint Martin,M,45.91812856875055,6.91694530378176
201800018749,NonLethal,2018-01-25,17:20:00,Daylight,590,94,No,NoIntersection,Normal,2Vehicles-BehindVehicles-Frontal,route de Saint Nicolas,M,50.92939633905784,2.930194349390864
201800018750,NonLethal,2018-04-18,16:45:00,Daylight,590,94,Yes,NoIntersection,Normal,Other,rue paul machy,M,50.94349421190568,2.945435837887588
201800018751,NonLethal,2018-09-29,15:30:00,Daylight,590,130,No,NoIntersection,Normal,2Vehicles-BehindVehicles-Frontal,D3,M,50.88963741512225,2.889661163533052
201800018752,NonLethal,2018-10-04,21:00:00,NightNoStreetLight,590,94,No,NoIntersection,Normal,Other,CD 2 ROUTE DE COPPENAXFO,M,50.95072540381229,2.954858828248587
201800018753,NonLethal,2018-10-27,03:40:00,NightStreelightsOn,590,94,Yes,NoIntersection,Normal,NoCollision,route de loon-plage,M,50.95188770060032,2.953294376085293
201800018754,Lethal,2018-11-16,17:25:00,TwilightOrDawn,590,539,Yes,NoIntersection,Overcast,NoCollision,505 RUE DE L'AA,M,50.8892663904952,2.888690902372048
201800018755,NonLethal,2018-11-28,18:20:00,NightStreelightsOn,590,94,Yes,NoIntersection,LightRain,Other,82 avenue Anthony Caro,M,50.95027579526501,2.9510360581537047
201800018756,NonLethal,2018-12-29,12:00:00,Daylight,590,94,Yes,Other,Normal,Other,Rue Paul Machy,M,50.94531192673587,2.9460770673229613
201800018757,NonLethal,2018-02-12,09:30:00,Daylight,590,89,No,NoIntersection,VeryGood,Other,CD928 ROUTE DE SAINT OME,M,50.86200339353879,2.860567331742374
201800018758,NonLethal,2018-03-27,17:00:00,Daylight,590,663,Yes,NoIntersection,Overcast,NoCollision,"12, rue d'esquelbec",M,50.880838117683325,2.883231426110271
201800018760,NonLethal,2018-08-07,18:15:00,Daylight,590,628,No,NoIntersection,Normal,NoCollision,Route de Bollezeele,M,50.84065742112413,2.838694429984703
201800018761,Lethal,2018-07-28,10:25:00,Daylight,590,663,Yes,NoIntersection,Normal,2Vehicles-Behind,363 route d'herzeele,M,50.88054840690142,2.882447011169333
201800018762,Lethal,2018-09-14,08:10:00,Daylight,590,210,Yes,NoIntersection,Normal,2Vehicles-Behind,RUE DE LA GARE,M,50.89012540001214,2.8895635178044548
201800018763,NonLethal,2018-09-17,04:00:00,NightNoStreetLight,590,478,No,NoIntersection,Normal,2Vehicles-BehindVehicles-Frontal,CD 916,M,50.92898375959993,2.9313483149955286
201800018764,NonLethal,2018-09-19,08:30:00,Daylight,590,666,No,T-type,Normal,2Vehicles-Side,CD52,M,50.899781431365255,2.8986777028296045
201800018765,NonLethal,2018-09-11,11:10:00,Daylight,590,663,No,NoIntersection,StrongWindOrStorm,Other,cd 18,M,50.87765821406148,2.8771485340573864
201800018766,Lethal,2018-01-02,10:10:00,Daylight,590,135,No,X-type,Normal,2Vehicles-Side,route départementale 916,M,50.80984123514511,2.8089046142271084
201800018767,NonLethal,2018-03-16,13:00:00,Daylight,590,587,No,NoIntersection,Normal,NoCollision,Route d'Eecke,M,50.794062056780334,2.7926283284742164
201800018768,NonLethal,2018-08-04,15:00:00,Daylight,590,135,No,NoIntersection,Normal,NoCollision,1938 Route de Lille,M,50.79526691129028,2.796660789002783
201800018769,NonLethal,2018-04-18,15:30:00,Daylight,590,453,No,NoIntersection,Normal,NoCollision,route de wormhout,M,50.824047280271536,2.8236725560502483
201800018770,NonLethal,2018-05-31,11:00:00,Daylight,590,262,Yes,Other,Normal,2Vehicles-Side,rue LAFERE,M,50.7955065499272,2.7970613356650547
201800018771,NonLethal,2018-11-07,12:05:00,Daylight,590,282,No,NoIntersection,Normal,Other,RD 916,M,50.81251168138893,2.8138157748503865
201800018772,NonLethal,2018-07-17,17:30:00,Daylight,590,516,Yes,Y-type,Normal,2Vehicles-Side,route du calvaire,M,50.83744940401387,2.8368486759591827
201800018773,NonLethal,2018-07-20,19:45:00,Daylight,590,318,No,NoIntersection,Normal,NoCollision,D947,M,50.89603507670361,2.896020046483407
201800018774,Lethal,2018-09-01,15:50:00,Daylight,590,587,No,X-type,Normal,2Vehicles-BehindVehicles-Frontal,route départementale 37,M,50.79185964923426,2.791717883241048
201800018775,NonLethal,2018-09-14,09:30:00,Daylight,590,546,Yes,NoIntersection,Normal,2Vehicles-Side,CD933,M,50.77210456169711,2.7721016969190004
201800018777,NonLethal,2018-10-05,19:30:00,NightNoStreetLight,590,580,No,NoIntersection,Normal,NoCollision,Route d'Hondschoote,M,50.82047230200972,2.820565343765492
201800018778,NonLethal,2018-10-09,08:30:00,Daylight,590,54,Yes,T-type,Normal,NoCollision,RD 933,M,50.78323971919412,2.784113085533306
201800018779,NonLethal,2018-06-11,11:15:00,Daylight,590,580,Yes,NoIntersection,Normal,Other,Rue GOETGHELUCK,M,50.81564536942996,2.814949859931208
201800018780,NonLethal,2018-11-28,20:57:00,NightNoStreetLight,590,587,No,NoIntersection,Normal,Other,rue mahieux,M,50.80480079002723,2.8025828796307533
201800018781,NonLethal,2018-12-11,14:30:00,Daylight,590,587,No,NoIntersection,Normal,2Vehicles-BehindVehicles-Frontal,D37,M,50.7989429868482,2.7980160542118604
201800018782,NonLethal,2018-12-25,12:45:00,Daylight,590,536,No,NoIntersection,Normal,2Vehicles-Behind,D 916,M,50.78691299660955,2.786725627591572
201800018783,NonLethal,2018-02-20,08:00:00,Daylight,560,164,Yes,NoIntersection,Normal,2Vehicles-Side,Rue du Guernehue,M,47.657614089929815,-0.6567822769530197
201800018784,NonLethal,2018-03-01,10:20:00,Daylight,560,3,No,NoIntersection,SnowOrHail,2Vehicles-Side,D101 - Le moustoir,M,47.63141700702729,-0.6309919256947809
201800018785,NonLethal,2018-03-16,17:15:00,Daylight,560,157,No,Other,Normal,Other,Lieu dit LE CLOTTE,M,47.78800911432295,-0.7894230828403587
201800018787,NonLethal,2018-07-13,18:15:00,Daylight,560,3,No,Y-type,Normal,2Vehicles-Side,D101,M,47.62781188615031,-0.6274333666954106
201800018788,NonLethal,2018-07-15,10:15:00,Daylight,560,22,No,T-type,Normal,Other,Kerdroguen - RD 779,M,47.7952900880307,-0.7974499050431998
201800018789,NonLethal,2018-07-26,13:25:00,Daylight,560,67,Yes,NoIntersection,Normal,2Vehicles-Side,Route de Baud,M,47.76140978770003,-0.7590563562559411
201800018790,NonLethal,2018-07-28,16:35:00,Daylight,560,158,No,T-type,Normal,2Vehicles-Behind,Le Visclen - D779,M,47.711317732799394,-0.7134284219870993
201800018791,NonLethal,2018-08-30,10:50:00,Daylight,560,157,No,X-type,Normal,2Vehicles-Side,lieu-dit KERHORNO,M,47.79892787372684,-0.798189972020567
201800018792,NonLethal,2018-09-16,20:55:00,NightNoStreetLight,560,120,No,NoIntersection,Normal,2Vehicles-BehindVehicles-Frontal,Le Rest,M,47.75659595476044,-0.7555563006306919
201800018793,NonLethal,2018-09-29,15:30:00,Daylight,560,42,No,NoIntersection,Normal,2Vehicles-BehindVehicles-Frontal,La Croix de Bois,M,47.81635405918328,-0.8139528861522326
201800018794,NonLethal,2018-12-10,20:45:00,NightNoStreetLight,560,8,No,X-type,Normal,2Vehicles-Side,RD 101,M,47.63100145349542,-0.6295961478943697
201800018795,NonLethal,2018-11-23,19:30:00,NightNoStreetLight,560,158,No,T-type,LightRain,Other,Route du Grand Moustoir,M,47.68463877819307,-0.6867095737624017
201800018797,NonLethal,2018-12-20,08:10:00,NightNoStreetLight,560,22,No,NoIntersection,LightRain,NoCollision,la Barrière,M,47.80734554318238,-0.8084890893640891
201800018798,NonLethal,2018-02-16,13:00:00,Daylight,560,171,No,NoIntersection,Normal,Other,kerpena,M,47.679597541457554,-0.6790529761779472
201800018799,NonLethal,2018-02-16,12:40:00,Daylight,560,221,No,X-type,Normal,2Vehicles-Side,La Marre,M,47.6544014264454,-0.6544969931189205
201800018800,NonLethal,2018-04-21,18:50:00,Daylight,560,1,Yes,NoIntersection,Normal,NoCollision,rue de la châtaigneraie,M,47.64056446213248,-0.6394596427252586
201800018801,NonLethal,2018-04-05,16:30:00,Daylight,560,154,No,NoIntersection,Normal,2Vehicles-Side,Goul d'oie,M,47.70417337034434,-0.7043726720921619
201800018802,NonLethal,2018-06-02,18:50:00,Daylight,560,154,No,NoIntersection,Normal,Other,le petit moulin,M,47.72214120841856,-0.722217881652369
201800018803,NonLethal,2018-04-07,12:45:00,Daylight,560,194,No,T-type,Normal,2Vehicles-Side,ch. du Val de la Lande,M,47.60969767389668,-0.610929768306417
201800018804,NonLethal,2018-07-07,10:30:00,Daylight,560,232,No,T-type,VeryGood,Other,RD 153 Clos Mort,M,47.68095659340048,-0.6815006124750663
201800018805,NonLethal,2018-02-09,13:05:00,Daylight,560,11,No,Y-type,Normal,Other,lieu dit La Renaudière,M,47.59329444596443,-0.595034014495005
201800018806,NonLethal,2018-09-10,02:00:00,NightNoStreetLight,560,11,No,NoIntersection,Normal,Other,La Saudraie,M,47.60836098407688,-0.6059142700434949
201800018807,NonLethal,2018-11-09,09:30:00,Daylight,560,171,No,X-type,Normal,2Vehicles-Behind,La pierre longue,M,47.72769612847977,-0.728820293696812
201800018808,NonLethal,2018-09-23,12:00:00,Daylight,560,28,No,Y-type,LightRain,2Vehicles-BehindVehicles-Frontal,Le Valauga,M,47.62329151963984,-0.6233772945097098
201800018809,NonLethal,2018-10-18,18:50:00,TwilightOrDawn,560,11,No,NoIntersection,VeryGood,2Vehicles-BehindVehicles-Frontal,la ville au vent,M,47.61159661056552,-0.6106062413407825
201800018810,Lethal,2018-10-23,14:55:00,Daylight,560,184,No,T-type,Normal,3+Vehicles-Multiple,La ville Aubert,M,47.67557206922808,-0.6761318715796293
201800018812,NonLethal,2018-04-11,02:30:00,NightNoStreetLight,560,123,No,Other,Normal,Other,le moulin neuf,M,47.687614345947566,-0.6883235157727975
201800018813,NonLethal,2018-12-22,12:05:00,Daylight,560,194,No,Y-type,Normal,2Vehicles-Behind,Route de Redon RD 114,M,47.60148508909668,-0.6007366548017974
201800018814,NonLethal,2018-01-01,22:25:00,NightNoStreetLight,560,2,No,NoIntersection,LightRain,Other,RN l65,M,47.57663183131557,-0.5755329354478292
201800018815,NonLethal,2018-02-23,11:20:00,Daylight,560,126,No,X-type,Normal,2Vehicles-Side,Poteau de Kergentil,M,47.57257470684363,-0.573426392282861
201800018816,Lethal,2018-07-04,17:15:00,Daylight,560,155,No,NoIntersection,LightRain,Other,allée de la Lande,M,47.47625793672645,-0.475421561807459
201800018817,NonLethal,2018-04-14,23:30:00,NightStreelightsOn,560,153,Yes,NoIntersection,Normal,Other,3 rue du gal de Gaulle,M,47.58089609947249,-0.5801280581776538
201800018818,NonLethal,2018-04-26,17:45:00,Daylight,560,126,No,T-type,Normal,2Vehicles-BehindVehicles-Frontal,lieu dit kerjoseph,M,47.53558280741632,-0.536215280077625
201800018819,NonLethal,2018-06-05,17:30:00,Daylight,560,4,No,NoIntersection,VeryGood,2Vehicles-Side,Quellec,M,47.51064596781386,-0.5100641597410195
201800018820,NonLethal,2018-06-22,19:10:00,Daylight,560,153,No,X-type,Normal,2Vehicles-Side,La VILLENEUVE,M,47.573778333189416,-0.5727366290354742
201800018821,NonLethal,2018-10-07,18:45:00,Daylight,560,149,No,NoIntersection,Normal,2Vehicles-Side,LE GRAND BEAUFORT,M,47.59612416309361,-0.596327238796467
201800018822,NonLethal,2018-09-09,11:53:00,Daylight,560,4,No,X-type,Normal,2Vehicles-BehindVehicles-Frontal,RD139A KERISAN,M,47.59517664296333,-0.5936202219120198
201800018823,NonLethal,2018-10-11,12:30:00,Daylight,560,77,No,X-type,Normal,2Vehicles-Side,Le Poteau de Kergentil,M,47.571838654673904,-0.5721387329021429
201800018824,NonLethal,2018-12-08,19:40:00,NightNoStreetLight,560,126,No,NoIntersection,Normal,2Vehicles-BehindVehicles-Frontal,lieu dit Craslon,M,47.54959864128241,-0.5463768605803774
201800018825,NonLethal,2018-05-06,10:30:00,Daylight,560,137,No,T-type,Normal,2Vehicles-BehindVehicles-Frontal,Lieu-dit Kermouel,M,47.73812778420134,-0.7389386363150288
201800018826,NonLethal,2018-07-23,21:30:00,Daylight,560,184,No,NoIntersection,Normal,NoCollision,Lieu-dit Kérisel,M,47.685367302870425,-0.6863061702755365
201800018828,NonLethal,2018-08-28,19:30:00,TwilightOrDawn,560,184,No,NoIntersection,Normal,2Vehicles-BehindVehicles-Frontal,RD 5 Le Herbon,M,47.65280664516349,-0.6557362539700914
201800018829,NonLethal,2018-10-21,21:00:00,NightStreelightsOn,560,184,Yes,NoIntersection,Normal,NoCollision,allée Eric Tabarly,M,47.66462236623347,-0.6654252584603436
201800018830,NonLethal,2018-10-01,10:40:00,Daylight,560,243,Yes,NoIntersection,LightRain,Other,avenue de penhoët,M,47.61794988069767,-0.6177491542012244
201800018831,NonLethal,2018-01-13,23:00:00,NightNoStreetLight,560,251,No,NoIntersection,Normal,NoCollision,"LD KERAVELO , LE GORVELL",M,47.6378028250319,-0.6374589775713727