AccidentId,Gravity,Date,Hour,Light,Department,Commune,InAgglomeration,IntersectionType,Weather,CollisionType,PostalAddress,GPSCode,Latitude,Longitude
201800018833,NonLethal,2018-03-07,16:20:00,Daylight,560,248,Yes,Other,Normal,Other,11 rue de l'ile Radenec,M,47.580696275755,-0.5828972033589822
201800018834,NonLethal,2018-03-14,14:45:00,Daylight,560,240,No,NoIntersection,Normal,2Vehicles-Behind,D780 Coët Y Huël,M,47.52925989133711,-0.530138556228129
201800018835,NonLethal,2018-03-23,22:00:00,NightStreelightsOn,560,214,Yes,NoIntersection,LightRain,Other,Place Monseigneur Ropert,M,47.49991807465183,-0.5014913744699049
201800018836,NonLethal,2018-03-31,22:10:00,NightNoStreetLight,560,251,No,NoIntersection,Normal,Other,Le Petit Tréfel,M,47.64787137250961,-0.6472925663107991
201800018837,Lethal,2018-04-06,15:10:00,Daylight,560,248,No,NoIntersection,Normal,Other,RN165 PR28+900,M,47.597704632750094,-0.5969658852526618
201800018838,Lethal,2018-04-24,15:30:00,Daylight,560,240,Yes,NoIntersection,Normal,Other,50 rue clos er bert,M,47.49621444216019,-0.4973945577102675
201800018839,NonLethal,2018-04-25,13:10:00,Daylight,560,251,No,NoIntersection,Normal,Other,Lieu dit LE GRAVE,M,47.64144333136744,-0.6428704718060365
201800018840,NonLethal,2018-05-06,19:20:00,Daylight,560,205,No,T-type,Normal,2Vehicles-Side,RD780,M,47.562382132585405,-0.5609829250272256
201800018841,Lethal,2018-08-05,12:15:00,Daylight,560,214,No,T-type,Normal,2Vehicles-Side,RD 198,M,47.5061165298328,-0.504919915713769
201800018844,Lethal,2018-07-30,10:10:00,Daylight,560,240,No,T-type,Normal,2Vehicles-BehindVehicles-Frontal,la croix de suscinio,M,47.518100912051,-0.516669116111631
201800018845,NonLethal,2018-02-08,20:00:00,Daylight,560,240,No,NoIntersection,Normal,2Vehicles-BehindVehicles-Frontal,lieu dit le duer,M,47.539675540506295,-0.5395308829980279
201800018846,Lethal,2018-08-15,02:15:00,NightStreelightsOn,560,240,Yes,Other,Normal,Other,rue Pratel Vihan,M,47.48835336825445,-0.4898315757564396
201800018847,NonLethal,2018-08-27,17:45:00,Daylight,560,214,No,NoIntersection,Normal,2Vehicles-Behind,"D780, Larguéven",M,47.53186847550378,-0.5311816284009244
201800018850,NonLethal,2018-10-18,16:45:00,Daylight,560,251,No,Roundabout,Normal,2Vehicles-Side,RP la Croix de la Lande,M,47.61400763276532,-0.6119170178369302
201800018851,Lethal,2018-10-23,08:30:00,TwilightOrDawn,560,243,Yes,NoIntersection,Normal,2Vehicles-Behind,rue Cousteau,M,47.648348727115774,-0.6501087704466747
201800018852,NonLethal,2018-10-29,11:05:00,Daylight,560,251,No,NoIntersection,Normal,2Vehicles-Side,Lieu-dit Le poteau Rouge,M,47.64055225981405,-0.6428292066967183
201800018853,Lethal,2018-03-12,10:15:00,Daylight,560,243,No,NoIntersection,HeavyRain,2Vehicles-BehindVehicles-Frontal,RD 779 Bis,M,47.64936380339224,-0.6493713705228616
201800018854,NonLethal,2018-12-17,10:30:00,Daylight,560,243,Yes,NoIntersection,Normal,Other,14 route de Nantes,M,47.65372959186952,-0.653042919172062
201800018855,NonLethal,2018-02-23,14:55:00,Daylight,560,116,Yes,NoIntersection,Normal,Other,Place du Gal de Gaulle,M,47.56958591262536,-0.569576164928507
201800018856,NonLethal,2018-05-26,00:45:00,NightNoStreetLight,560,34,No,NoIntersection,Normal,Other,PK 04+200- le nignol,M,47.60686168472739,-0.608205807075559
201800018859,NonLethal,2018-07-08,11:30:00,Daylight,560,34,Yes,NoIntersection,Normal,2Vehicles-Side,108 avenue des druides,M,47.574672329144974,-0.5729026754803116
201800018860,Lethal,2018-01-08,14:53:00,Daylight,560,168,No,NoIntersection,Normal,2Vehicles-BehindVehicles-Frontal,D 768 - Les sables blanc,M,47.56522554235573,-0.5625923878446942
201800018861,NonLethal,2018-08-20,12:15:00,Daylight,560,34,No,NoIntersection,Normal,2Vehicles-BehindVehicles-Frontal,Kerbois,M,47.6360927173339,-0.6358171966630326
201800018862,NonLethal,2018-11-04,08:30:00,Daylight,560,234,No,NoIntersection,Normal,Other,1 Avenue de St Malo,M,47.549316408066446,-0.5518794908611994
201800018863,NonLethal,2018-11-01,16:55:00,Daylight,560,101,No,NoIntersection,Normal,Other,mane kervrehan,M,47.82262926484844,-0.8213965430435733
201800018865,NonLethal,2018-01-19,21:30:00,NightNoStreetLight,560,101,No,NoIntersection,FogOrSmoke,Other,RN24 PK90,M,47.81599952097714,-0.8187161005473609
201800018866,Lethal,2018-01-28,15:40:00,Daylight,560,97,No,NoIntersection,Normal,NoCollision,lieu-dit kerhelo - D765,M,47.75635702360015,-0.7555106970842052
201800018867,NonLethal,2018-09-02,19:30:00,NightStreelightsOn,560,94,No,X-type,Normal,2Vehicles-BehindVehicles-Frontal,D 194,M,47.76324359221412,-0.7634242231461389
201800018869,NonLethal,2018-03-17,12:40:00,Daylight,560,97,Yes,NoIntersection,Normal,2Vehicles-Behind,rue d'auray,M,47.763582694821885,-0.761902690856124
201800018870,Lethal,2018-03-17,20:30:00,NightNoStreetLight,560,175,No,NoIntersection,Normal,Other,Locmaria,M,47.71924375285347,-0.7217321714760243
201800018871,NonLethal,2018-11-05,17:30:00,Daylight,560,94,No,NoIntersection,LightRain,Other,"Lieu-dit LOCADOUR, Dl70",M,47.750489952338256,-0.7490549761225489
201800018872,NonLethal,2018-05-18,20:30:00,TwilightOrDawn,560,31,No,NoIntersection,Normal,Other,le Golut,M,47.81597353566004,-0.8172236195893672
201800018874,NonLethal,2018-07-06,17:45:00,Daylight,560,94,No,Roundabout,Normal,NoCollision,D194 Giratoire de Kergo,M,47.7595306380049,-0.7626649819566809
201800018877,NonLethal,2018-07-30,18:35:00,Daylight,560,175,No,NoIntersection,Normal,2Vehicles-BehindVehicles-Frontal,RD102 - 6 Le Nines,M,47.71430861042763,-0.7136178213202719
201800018878,NonLethal,2018-12-08,04:40:00,NightNoStreetLight,560,31,No,NoIntersection,Normal,Other,"Lieu-dit ""Le petit bois""",M,47.84695932042281,-0.8466142126632709
201800018880,NonLethal,2018-08-27,11:50:00,Daylight,560,94,No,X-type,Normal,2Vehicles-BehindVehicles-Frontal,RD 9 - avenue des Plages,M,47.76227088028763,-0.762423054003172
201800018881,NonLethal,2018-09-13,16:45:00,Daylight,560,96,No,NoIntersection,Normal,Other,KERBASCO,M,47.74323700144913,-0.7430449689672802
201800018883,NonLethal,2018-10-30,13:50:00,Daylight,560,94,No,NoIntersection,Normal,NoCollision,RN 165 Lorient-Vannes,M,47.78976957705309,-0.7889946077121075
201800018884,NonLethal,2018-07-11,18:00:00,NightNoStreetLight,560,175,No,NoIntersection,LightRain,3+Vehicles-Multiple,Lieu dit LE CLUD,M,47.73143259729364,-0.7347254656181995
201800018885,NonLethal,2018-11-07,07:40:00,TwilightOrDawn,560,94,No,NoIntersection,StrongWindOrStorm,3+Vehicles-Multiple,RN 165,M,47.78845659280518,-0.7871408784199383
201800018886,Lethal,2018-12-25,09:28:00,Daylight,560,94,No,NoIntersection,Overcast,Other,Malpignon,M,47.79586405350726,-0.7956951689049795
201800018888,NonLethal,2018-02-17,18:30:00,Daylight,560,36,Yes,NoIntersection,Normal,Other,lieu dit kervoter,M,47.79392490587853,-0.7930310632192443
201800018889,NonLethal,2018-03-12,13:40:00,Daylight,560,36,No,NoIntersection,HeavyRain,Other,"RD 26, lieu-dit Kermain",M,47.83393573523474,-0.8349471589939439
201800018890,NonLethal,2018-01-04,06:35:00,NightNoStreetLight,560,166,No,NoIntersection,Normal,Other,"D178, lieu-dit Le Lézot",M,47.926296172466046,-0.9268009927443684
201800018891,NonLethal,2018-04-06,17:15:00,Daylight,560,36,No,NoIntersection,Normal,2Vehicles-Behind,N 165,M,47.79292362513459,-0.7905434698422091
201800018892,NonLethal,2018-04-18,07:00:00,Daylight,560,185,No,X-type,Normal,Other,D765 rue Col J. Muller,M,47.77290130722725,-0.7709269701261761
201800018893,NonLethal,2018-05-18,22:15:00,NightStreelightsOn,560,78,Yes,NoIntersection,Normal,NoCollision,rue Febvrier Despointes,M,47.79177649807247,-0.79124639562781
201800018894,NonLethal,2018-05-29,12:45:00,Daylight,560,185,No,NoIntersection,Other,Other,Route de Kerdual,M,47.77637259661355,-0.7761490733103217
201800018895,NonLethal,2018-06-02,18:30:00,Daylight,560,78,No,NoIntersection,Normal,Other,Locmiquel Méné,M,47.747035193099215,-0.748128836078222
201800018896,NonLethal,2018-03-06,20:45:00,Daylight,560,166,No,NoIntersection,Normal,NoCollision,D769,M,47.884164891177136,-0.8847663104854078
201800018897,NonLethal,2018-08-06,06:45:00,Daylight,560,179,No,NoIntersection,Normal,Other,lieu dit LE LONGE,M,47.8439755467322,-0.8413304616954898
201800018898,NonLethal,2018-06-28,08:25:00,Daylight,560,185,No,NoIntersection,Normal,NoCollision,RN 165 le Mourillon,M,47.781696318898135,-0.7801721147931725
201800018899,NonLethal,2018-06-29,17:45:00,Daylight,560,185,No,NoIntersection,Normal,Other,RN 165 PR 99,M,47.77261937884676,-0.7734158645473141
201800018900,NonLethal,2018-07-15,23:50:00,NightStreelightsOn,560,185,Yes,NoIntersection,Normal,Other,rue Jean Jaurès,M,47.78682719455477,-0.7886348685862055
201800018901,NonLethal,2018-01-08,09:30:00,Daylight,560,36,Yes,T-type,Normal,2Vehicles-Behind,Rue du Maneguen,M,47.78837751011147,-0.7896842143541567
201800018902,NonLethal,2018-08-05,17:45:00,Daylight,560,185,No,NoIntersection,Normal,Other,rue du SCORFF,M,47.77237621619553,-0.7710927373988956
201800018905,NonLethal,2018-09-15,17:45:00,Daylight,560,40,No,NoIntersection,Normal,2Vehicles-BehindVehicles-Frontal,Kerchopine,M,47.88620428608349,-0.887012195508559
201800018906,NonLethal,2018-09-22,01:40:00,NightNoStreetLight,560,185,No,NoIntersection,Normal,2Vehicles-Behind,RN165 - PR 100+870,M,47.77814129933686,-0.7784696799974573
201800018907,Lethal,2018-09-29,16:30:00,Daylight,560,36,Yes,NoIntersection,Normal,Other,kerbeban,M,47.797586553301706,-0.7979803529447069
201800018908,NonLethal,2018-10-06,21:40:00,NightNoStreetLight,560,185,No,NoIntersection,Overcast,Other,St Nicodème,M,47.77764105401432,-0.7776351227375343
201800018909,NonLethal,2018-10-22,14:40:00,Daylight,560,36,Yes,Other,Normal,2Vehicles-Side,280 Rue Pierre Landais,M,47.786200842540296,-0.7861079842585033
201800018910,NonLethal,2018-11-18,10:40:00,Daylight,560,63,Yes,NoIntersection,Normal,NoCollision,rue des plages,M,47.80446994039778,-0.8018112158579942
201800018911,NonLethal,2018-11-23,20:40:00,NightStreelightsOn,560,166,No,NoIntersection,LightRain,NoCollision,lieu-dit restavy,M,47.91413757499259,-0.9130223826144354
201800018913,Lethal,2018-12-18,11:50:00,Daylight,560,179,No,NoIntersection,HeavyRain,Other,RD 6,M,47.84450856491741,-0.8424029583023906
201800018914,Lethal,2018-02-26,17:30:00,Daylight,560,193,No,NoIntersection,Normal,3+Vehicles-Chain,départementale 781,M,47.7396299619956,-0.7398707738345672
201800018916,NonLethal,2018-05-05,17:50:00,Daylight,560,54,No,X-type,Normal,2Vehicles-Side,Kerfelicité,M,47.62661581927885,-0.6291890806495977
201800018917,NonLethal,2018-08-05,16:10:00,Daylight,560,161,No,NoIntersection,Normal,2Vehicles-Side,Kerjégo,M,47.66537910757838,-0.6645306788943068
201800018918,NonLethal,2018-05-06,23:00:00,NightNoStreetLight,560,119,Yes,NoIntersection,Normal,Other,rue Poul Prio,M,47.70805821004001,-0.7100384013653575
201800018919,NonLethal,2018-06-21,13:45:00,Daylight,560,161,No,T-type,Normal,2Vehicles-BehindVehicles-Frontal,Pen Er Pont,M,47.66529277650696,-0.667332168375448
201800018920,NonLethal,2018-07-04,02:15:00,NightStreelightsOn,560,169,Yes,Roundabout,Normal,NoCollision,la Croix Audran,M,47.69758824518173,-0.6968040758249655
201800018921,NonLethal,2018-09-07,18:50:00,Daylight,560,161,No,NoIntersection,Normal,NoCollision,La grille de Kervernic,M,47.66534726604515,-0.6645695987751603
201800018922,NonLethal,2018-11-07,12:50:00,Daylight,560,130,No,NoIntersection,Normal,Other,RD170 - St Efflam,M,47.743085145171285,-0.7414228784120174
201800018923,Lethal,2018-08-24,17:10:00,Daylight,560,193,No,X-type,Normal,2Vehicles-Behind,RD781-Mané Branroc'h,M,47.7404470236339,-0.7392037490848994
201800018924,Lethal,2018-09-03,12:00:00,Daylight,560,161,No,NoIntersection,Normal,3+Vehicles-Chain,"Lieu Dit ""Mont Salut""",M,47.64336069960533,-0.6453620318627925
201800018925,NonLethal,2018-09-15,21:50:00,NightNoStreetLight,560,119,Yes,NoIntersection,Normal,Other,lieu dit Kerio,M,47.70390578692527,-0.7031807267087026
201800018926,NonLethal,2018-09-16,21:05:00,NightNoStreetLight,560,169,No,NoIntersection,Normal,NoCollision,lieu-dit Kerzine,M,47.691127668389015,-0.6908896128178719
201800018927,NonLethal,2018-09-19,19:00:00,Daylight,560,130,No,Roundabout,Normal,2Vehicles-Side,RP de la Madeleine,M,47.74023468083176,-0.7393538850590337
201800018928,NonLethal,2018-12-12,19:15:00,NightNoStreetLight,560,193,No,NoIntersection,Normal,2Vehicles-BehindVehicles-Frontal,route d'Hennebont,M,47.72953453826701,-0.7308157859049996
201800018929,NonLethal,2018-12-24,18:00:00,NightStreelightsOn,560,119,Yes,NoIntersection,Normal,Other,Route de l'Océan,M,47.71077265275745,-0.7111452537844938
201800018930,NonLethal,2018-01-05,23:38:00,NightNoStreetLight,560,145,No,NoIntersection,Normal,2Vehicles-BehindVehicles-Frontal,D766,M,48.04037062886603,-0.043504467896447
201800018931,Lethal,2018-03-11,19:40:00,NightNoStreetLight,560,249,No,NoIntersection,HeavyRain,2Vehicles-BehindVehicles-Frontal,D.8 PK 14.25O,M,47.95345518182821,-0.9518879038911828
201800018932,NonLethal,2018-07-04,10:30:00,Daylight,560,127,Yes,NoIntersection,Normal,NoCollision,Le bois de la roche,M,48.04195769445728,-0.0431005774802109
201800018933,NonLethal,2018-06-03,01:30:00,NightStreelightsOn,560,165,Yes,NoIntersection,Normal,2Vehicles-Behind,rue Saint Michel,M,47.923070467937485,-0.923812208230961
201800018934,NonLethal,2018-06-27,16:50:00,Daylight,560,208,No,NoIntersection,Normal,Other,la petite rochette,M,48.08305123211037,-0.0856142517572632
201800018935,Lethal,2018-07-17,17:50:00,Daylight,560,32,No,NoIntersection,Normal,Other,LA VILLE ANDRE,M,47.97324298143143,-0.9743702155652796
201800018936,NonLethal,2018-07-26,09:05:00,Daylight,560,32,No,NoIntersection,Normal,NoCollision,RD 141 St Laurent,M,47.96409414397514,-0.9625296676992628
201800018937,NonLethal,2018-08-31,19:35:00,Daylight,560,122,No,Roundabout,Normal,Other,lieu dit Saint Malo,M,47.97568282327126,-0.9783473194171464
201800018941,NonLethal,2018-01-07,03:00:00,NightNoStreetLight,560,244,No,NoIntersection,Normal,NoCollision,LE GROS CHENE,M,47.82052907653594,-0.8206637351923257
201800018942,NonLethal,2018-03-07,18:40:00,TwilightOrDawn,560,244,No,NoIntersection,Normal,NoCollision,lieu-dit Pinieux,M,47.81192959025088,-0.8118052900516527
201800018943,NonLethal,2018-03-13,15:25:00,Daylight,560,33,No,NoIntersection,Normal,Other,Les landes menues,M,47.82299117152444,-0.823633706051096
201800018944,Lethal,2018-03-20,22:30:00,NightNoStreetLight,560,159,No,NoIntersection,Normal,NoCollision,lieu dit ''la crolaie'',M,47.748887916640136,-0.7499509130522038
201800018945,NonLethal,2018-04-25,11:50:00,Daylight,560,33,No,T-type,Normal,2Vehicles-BehindVehicles-Frontal,LA GUICHARDAIE,M,47.82323282062074,-0.8224501790200157
201800018946,NonLethal,2018-05-20,13:45:00,Daylight,560,61,No,NoIntersection,Normal,Other,L'Abbaye aux Saloux,M,47.78137706551388,-0.7833641062384287
201800018947,NonLethal,2018-05-23,21:30:00,Daylight,560,244,No,NoIntersection,Normal,NoCollision,TREFIGUET,M,47.79786253388346,-0.7962288444332686
201800018949,NonLethal,2018-06-17,00:20:00,NightNoStreetLight,560,33,Yes,NoIntersection,Normal,Other,la Métairie de Bas,M,47.82483004501331,-0.8257336871909966
201800018950,NonLethal,2018-06-26,22:50:00,NightNoStreetLight,560,75,Yes,NoIntersection,Normal,Other,44 rue de St Cyr,M,47.93800794245652,-0.9388377668616305
201800018951,NonLethal,2018-02-07,14:00:00,Daylight,560,124,Yes,NoIntersection,Overcast,Other,Faubourg la Madeleine,M,47.80846433476092,-0.8105567600131686
201800018953,NonLethal,2018-07-15,16:30:00,Daylight,560,244,No,T-type,Normal,2Vehicles-Side,LIEU-DIT RIDOLET,M,47.81186411912335,-0.8128000920131792
201800018954,NonLethal,2018-12-07,10:00:00,Daylight,560,124,Yes,NoIntersection,Normal,Other,Faubourg Saint Michel,M,47.81215539657075,-0.8103037711855798
201800018955,NonLethal,2018-08-01,12:00:00,Daylight,560,136,No,NoIntersection,Normal,Other,lieu-dit Bécihan,M,47.86925759715479,-0.8694579808091599
201800018956,NonLethal,2018-08-15,16:30:00,Daylight,560,38,Yes,NoIntersection,Normal,Other,Rte de la Gacilly,M,47.78510683488284,-0.7835499032991693
201800018960,NonLethal,2018-10-18,13:15:00,Daylight,560,228,Yes,Roundabout,Normal,2Vehicles-BehindVehicles-Frontal,la Paviotaie,M,47.80353704210412,-0.8069740585055964
201800018962,Lethal,2018-11-02,08:50:00,TwilightOrDawn,560,59,No,NoIntersection,Normal,Other,d 793,M,48.030986861716215,-0.034364460361005
201800018963,Lethal,2018-02-26,00:30:00,NightNoStreetLight,560,51,No,NoIntersection,Normal,Other,la Ville Auray,M,47.90449464061971,-0.9043765677768014
201800018964,NonLethal,2018-02-26,20:40:00,NightNoStreetLight,560,51,No,NoIntersection,Normal,Other,La ville au Lau,M,47.882576498579375,-0.8802676626749439
201800018965,NonLethal,2018-02-28,10:55:00,Daylight,560,91,Yes,NoIntersection,Normal,2Vehicles-BehindVehicles-Frontal,rue Théodore Botrel,M,47.96138231034767,-0.9607737637357134
201800018966,NonLethal,2018-11-03,05:00:00,NightNoStreetLight,560,172,No,NoIntersection,Normal,Other,cadoudal,M,47.82088140083797,-0.8219529300958629
201800018967,NonLethal,2018-04-28,03:10:00,NightNoStreetLight,560,79,No,NoIntersection,Normal,Other,L'Abbaye aux oies,M,47.93848819162808,-0.9389256273146728
201800018968,NonLethal,2018-07-26,20:05:00,Daylight,560,102,No,NoIntersection,Normal,2Vehicles-Side,lieu dit Les Croix,M,47.990841306698485,-0.9916671746398116
201800018969,NonLethal,2018-04-29,22:40:00,NightNoStreetLight,560,79,No,NoIntersection,HeavyRain,NoCollision,RN24-sens RENNES/LORIENT,M,47.93932390411285,-0.9404664384743048
201800018970,NonLethal,2018-05-22,17:10:00,Daylight,560,59,No,NoIntersection,Normal,Other,le haut bodinais,M,48.03060216925013,-0.0303756529903794
201800018971,NonLethal,2018-09-06,21:30:00,TwilightOrDawn,560,91,No,NoIntersection,Normal,NoCollision,rue de la Tannerie,M,47.9598002296053,-0.9593179230111408
201800018972,Lethal,2018-06-19,14:30:00,Daylight,560,24,No,X-type,Normal,2Vehicles-Side,Le Guétavet,M,48.09072758131792,-0.0903214881304953
201800018973,Lethal,2018-06-25,14:30:00,Daylight,560,19,No,NoIntersection,Normal,NoCollision,Kerivaux,M,47.87702078742739,-0.8772342080133949
201800018974,NonLethal,2018-07-10,10:40:00,Daylight,560,172,No,T-type,Normal,2Vehicles-Side,LIEU-DIT LE CLAIRIO,M,47.83166705756567,-0.8342033618680518
201800018975,Lethal,2018-08-23,18:00:00,Daylight,560,172,No,Y-type,Normal,Other,D126,M,47.83088690094007,-0.8306827693273857
201800018976,NonLethal,2018-09-29,14:56:00,Daylight,560,24,Yes,T-type,Normal,2Vehicles-BehindVehicles-Frontal,22 rue de Chateaubriant,M,48.06054483200161,-0.0588981045561222
201800018977,Lethal,2018-09-29,17:40:00,Daylight,560,17,No,NoIntersection,Normal,3+Vehicles-Multiple,Kersalouz,M,47.883648232101656,-0.8847443607163398
201800018978,NonLethal,2018-10-03,06:30:00,TwilightOrDawn,560,102,No,NoIntersection,Overcast,Other,lieu-dit la ville aubert,M,47.97266150456917,-0.974102303866226
201800018979,NonLethal,2018-12-29,16:30:00,Daylight,560,79,No,NoIntersection,Normal,2Vehicles-Behind,RN 24 PR 28+655,M,47.940625991076125,-0.940068445224745
201800018982,NonLethal,2018-03-20,19:00:00,Daylight,560,246,No,NoIntersection,Normal,Other,Lieu-dit Le Coledo,M,48.04919761204649,-0.050984892174568
201800018983,NonLethal,2018-06-04,22:30:00,NightStreelightsOn,560,178,Yes,Other,Normal,Other,RUE NATIONALE,M,48.06187789860496,-0.0626357513522763
201800018984,NonLethal,2018-06-22,15:40:00,Daylight,560,151,No,X-type,Normal,2Vehicles-Side,La Ville Neuve Tranle,M,48.02947394352616,-0.0287631167092563
201800018985,NonLethal,2018-09-08,16:20:00,Daylight,560,178,Yes,T-type,Normal,2Vehicles-Side,41 rue du Gal de Gaulle,M,48.0734531386123,-0.0721031408336903
201800018986,Lethal,2018-07-10,03:00:00,NightNoStreetLight,560,73,No,T-type,Overcast,Other,RD 1,M,48.07213506017281,-0.071940282481905
201800018987,Lethal,2018-10-22,04:00:00,NightNoStreetLight,560,76,No,Y-type,Normal,Other,lieu-dit LANN ER FROSTE,M,48.02762318851144,-0.0289050341374036
201800018988,NonLethal,2018-12-07,11:20:00,Daylight,560,178,Yes,NoIntersection,Normal,Other,Rue Francois Mitterand,M,48.064637215534574,-0.0645312741253419
201800018990,NonLethal,2018-12-29,20:00:00,NightNoStreetLight,560,242,No,NoIntersection,Normal,Other,Lieu-dit Locmaria,M,48.11354553179504,-0.115264243526426
201800018991,Lethal,2018-01-14,19:00:00,NightNoStreetLight,560,128,No,NoIntersection,Normal,2Vehicles-BehindVehicles-Frontal,Kergoste,M,48.00255426767118,-0.004173133061722
201800018993,Lethal,2018-03-25,05:15:00,NightNoStreetLight,560,174,No,NoIntersection,LightRain,Other,Breneuh,M,47.86897405317653,-0.8703614566361353
201800018995,NonLethal,2018-04-28,15:30:00,Daylight,560,117,Yes,NoIntersection,Normal,Other,rue Duguesdin,M,47.88963795405376,-0.8870030374800586
201800018996,NonLethal,2018-05-14,08:15:00,Daylight,560,174,No,T-type,Normal,2Vehicles-Behind,Zone de Kerichelard,M,47.89187636901076,-0.8916131793460679
201800018997,NonLethal,2018-05-21,12:43:00,Daylight,560,10,Yes,Roundabout,Normal,2Vehicles-Side,25 Rue des Fontaines,M,47.87428138888047,-0.8756479203525497
201800018998,NonLethal,2018-07-02,15:10:00,Daylight,560,117,Yes,NoIntersection,LightRain,2Vehicles-BehindVehicles-Frontal,R D117,M,47.88324504655697,-0.8842410942203678
201800018999,NonLethal,2018-03-07,08:45:00,Daylight,560,174,No,T-type,LightRain,2Vehicles-Side,Kerbasque,M,47.86973813587228,-0.8695209189128373
201800019000,NonLethal,2018-08-14,16:55:00,Daylight,560,141,No,NoIntersection,Normal,2Vehicles-BehindVehicles-Frontal,le Moulin du resto,M,47.848300710055526,-0.8489015801520159
201800019001,NonLethal,2018-10-28,09:00:00,Daylight,560,74,No,T-type,LightRain,2Vehicles-Side,Koh Koed,M,47.89466913422401,-0.898229369742035
201800019002,NonLethal,2018-12-26,22:20:00,NightNoStreetLight,560,140,No,T-type,Normal,2Vehicles-Behind,LIEU DIT KERBOLOT,M,47.90472118684506,-0.9060997941755852
201800019004,NonLethal,2018-02-24,17:30:00,Daylight,560,57,Yes,T-type,Normal,2Vehicles-BehindVehicles-Frontal,rue du Poher,M,48.03222677902391,-0.0305107485535904
201800019005,NonLethal,2018-03-25,15:32:00,Daylight,560,131,No,NoIntersection,Normal,2Vehicles-BehindVehicles-Frontal,le moustoir,M,48.01339296246258,-0.0130064395490694
201800019006,NonLethal,2018-05-06,13:40:00,Daylight,560,14,No,T-type,Normal,2Vehicles-Side,Poulhibet,M,47.9560689114324,-0.9558936471631826
201800019007,NonLethal,2018-05-27,10:15:00,Daylight,560,170,No,X-type,Normal,2Vehicles-BehindVehicles-Frontal,KERGUZUL,M,48.13269652006927,-0.1331665028505421
201800019008,NonLethal,2018-08-15,10:15:00,Daylight,560,182,No,NoIntersection,LightRain,Other,Moulin de la Garenne,M,48.09270218167611,-0.0910548831009647
201800019009,NonLethal,2018-08-26,16:00:00,Daylight,560,100,No,X-type,LightRain,2Vehicles-Side,CROAS LOAZ,M,48.14526036927045,-0.1450697969448123
201800019010,NonLethal,2018-10-11,14:06:00,Daylight,560,66,Yes,Y-type,LightRain,2Vehicles-Behind,23 rue de Cornouaille,M,48.140414978464754,-0.1428750795264486
201800019011,NonLethal,2018-12-08,14:15:00,Daylight,560,66,No,Other,LightRain,Other,penhoat bever,M,48.13612666533351,-0.1357075351940067
201800019013,NonLethal,2018-06-20,22:10:00,Daylight,950,612,Yes,NoIntersection,Normal,Other,RUE MAURICE BERTEAUX,M,49.00318420700464,2.0014555900307447
201800019014,NonLethal,2018-10-11,14:30:00,Daylight,950,527,No,NoIntersection,Normal,3+Vehicles-Chain,RD 317,M,49.02138114614296,2.022177748726962
201800019015,NonLethal,2018-10-26,14:45:00,Daylight,950,527,Yes,NoIntersection,Normal,2Vehicles-BehindVehicles-Frontal,RUE DE LA BELLE ETOILE,M,48.97815201619517,2.979680152959406
201800019016,NonLethal,2018-11-07,19:00:00,NightNoStreetLight,950,527,No,Roundabout,Normal,2Vehicles-Side,ROND POINT DU TERROIR,M,48.99599470923963,2.995985778111204
201800019020,NonLethal,2018-09-01,14:40:00,Daylight,190,181,No,NoIntersection,Normal,Other,la tourrondel,M,45.423331646244,1.4245283290211996
201800019021,NonLethal,2018-08-10,16:50:00,Daylight,190,145,No,NoIntersection,Normal,2Vehicles-Side,LES FARGES,M,45.37513851193583,2.372329458154665
201800019022,NonLethal,2018-06-21,05:00:00,TwilightOrDawn,190,225,No,NoIntersection,Normal,Other,route départementale 978,M,45.26705131997832,2.2682112814670963
201800019023,NonLethal,2018-03-18,19:50:00,NightNoStreetLight,190,60,No,NoIntersection,HeavyRain,Other,lieu dit La Jonchère - P,M,45.47832285397404,1.4759906040741742
201800019024,NonLethal,2018-05-20,11:00:00,Daylight,190,248,No,NoIntersection,Normal,2Vehicles-BehindVehicles-Frontal,"Lieu dit ""La Brugère""",M,45.43372234778691,1.4314766085665542
201800019026,NonLethal,2018-06-08,03:45:00,NightNoStreetLight,190,255,No,NoIntersection,Normal,Other,Le Puy Pinson,M,45.35461334981641,1.3552493318318397
201800019027,NonLethal,2018-10-14,17:05:00,Daylight,190,131,No,NoIntersection,Normal,Other,bissol,M,45.54056794517657,1.5404105745876002
201800019028,NonLethal,2018-03-25,17:15:00,Daylight,190,43,No,NoIntersection,Normal,2Vehicles-BehindVehicles-Frontal,le pré lafon,M,45.14419091604524,1.143051551347606