AccidentId,Gravity,Date,Hour,Light,Department,Commune,InAgglomeration,IntersectionType,Weather,CollisionType,PostalAddress,GPSCode,Latitude,Longitude
201800019029,NonLethal,2018-04-11,18:30:00,Daylight,190,66,Yes,NoIntersection,Normal,Other,face au 33 rue Pierre Gu,M,45.14053614505585,1.1400646877256144
201800019030,NonLethal,2018-11-05,11:15:00,Daylight,190,93,No,NoIntersection,VeryGood,2Vehicles-Side,Rote départementale 08 -,M,45.09391880423057,1.0927984025939217
201800019031,NonLethal,2018-06-20,15:25:00,Daylight,190,123,Yes,Roundabout,Normal,2Vehicles-Side,Giratoire Rhin et Danube,M,45.1625714095506,1.161350915451385
201800019033,NonLethal,2018-08-07,18:00:00,Daylight,190,147,No,NoIntersection,Normal,2Vehicles-BehindVehicles-Frontal,Reyjade,M,45.0439915606846,1.044440621823381
201800019034,NonLethal,2018-07-10,18:30:00,Daylight,190,66,No,Y-type,VeryGood,2Vehicles-Side,LE PONTOUR,M,45.13952051607341,1.1396007234699597
201800019036,NonLethal,2018-08-23,12:20:00,Daylight,190,123,No,NoIntersection,Normal,2Vehicles-Side,AVENUE DU CAPITAINE FERN,M,45.17806272036166,1.1777806345766728
201800019038,NonLethal,2018-03-24,10:40:00,Daylight,190,19,Yes,NoIntersection,LightRain,NoCollision,"37, AVENUE DU GÉNÉRAL DE",M,44.97865381684539,1.9788760952172924
201800019039,Lethal,2018-04-05,08:05:00,Daylight,190,13,No,NoIntersection,Overcast,3+Vehicles-Multiple,Lieu-dit La Courtade,M,45.19610116896944,1.194147657935252
201800019040,Lethal,2018-09-15,13:15:00,Daylight,190,273,Yes,NoIntersection,VeryGood,Other,Le Bourg - RD8,M,45.0539043329412,1.0534145814055107
201800019041,NonLethal,2018-08-10,05:50:00,NightNoStreetLight,190,163,No,NoIntersection,Normal,Other,LDT ROC DE MAILLE,M,45.09300379218595,1.0940406314376985
201800019042,NonLethal,2018-01-11,06:15:00,NightNoStreetLight,190,163,No,NoIntersection,LightRain,Other,le bosplos,M,45.06225188918454,1.0624943821266837
201800019043,NonLethal,2018-05-17,15:00:00,Daylight,190,278,No,NoIntersection,Overcast,Other,LE BOS PLAT,M,45.211285460483765,1.2120626546564932
201800019044,NonLethal,2018-05-26,17:30:00,Daylight,190,5,No,Other,Normal,2Vehicles-Side,Les Rivières,M,45.25201918798428,1.2529081023199804
201800019046,NonLethal,2018-11-02,19:10:00,NightStreelightsOn,190,274,No,Roundabout,Normal,2Vehicles-Side,Giratoire à La Croix de,M,45.193091409507566,1.18995988923655
201800019047,NonLethal,2018-10-11,12:15:00,Daylight,190,72,No,NoIntersection,HeavyRain,NoCollision,D25,M,45.23061773789003,1.231068822927505
201800019048,NonLethal,2018-06-23,12:30:00,Daylight,190,154,No,NoIntersection,VeryGood,2Vehicles-Side,Lieu-dit ''le péage'',M,45.330603763629234,1.3292740910850185
201800019050,NonLethal,2018-08-19,17:00:00,Daylight,190,25,No,NoIntersection,Normal,2Vehicles-BehindVehicles-Frontal,La Plaisance,M,45.40258542813133,1.4027134785562023
201800019051,NonLethal,2018-08-28,07:25:00,TwilightOrDawn,190,254,No,T-type,Normal,2Vehicles-BehindVehicles-Frontal,D7,M,45.41010882146474,1.4132798285300805
201800019052,NonLethal,2018-04-18,16:00:00,Daylight,190,153,Yes,NoIntersection,Normal,Other,01 avenue georges clemen,M,45.26316600041231,1.2640711749134237
201800019053,Lethal,2018-09-06,14:30:00,Daylight,190,94,No,NoIntersection,LightRain,2Vehicles-BehindVehicles-Frontal,Les Prades,M,45.33400811277052,1.337225508918111
201800019054,NonLethal,2018-11-03,19:30:00,NightStreelightsOn,190,15,Yes,NoIntersection,Normal,Other,"D39, avenue du burg de v",M,45.25600963530742,1.257928962913213
201800019055,Lethal,2018-08-10,13:00:00,Daylight,190,180,No,NoIntersection,Normal,Other,Lieu dit Cussac,M,45.47860252972933,2.477945319065689
201800019057,NonLethal,2018-08-14,19:15:00,Daylight,190,28,No,NoIntersection,Normal,Other,route du barrage,M,45.40750126883999,2.409251976178138
201800019058,NonLethal,2018-12-02,10:30:00,Daylight,190,136,No,NoIntersection,Normal,2Vehicles-Side,La Feuillade,M,45.55627499430528,2.5573273153374125
201800019059,NonLethal,2018-06-05,09:00:00,Daylight,190,58,No,NoIntersection,Normal,NoCollision,LIEU DIT LE NAUDEIX,M,45.49598064145539,2.495903317901942
201800019060,NonLethal,2018-05-20,08:15:00,Daylight,190,241,No,NoIntersection,Normal,2Vehicles-BehindVehicles-Frontal,Lieu-dit CHASSELINE,M,45.67579773196201,2.6758541913961764
201800019061,NonLethal,2018-08-15,12:00:00,Daylight,190,74,No,NoIntersection,Normal,2Vehicles-BehindVehicles-Frontal,LIEU DIT LA BARGE,M,45.64782761128106,1.6485990473939958
201800019062,NonLethal,2018-01-10,11:45:00,Daylight,190,241,Yes,NoIntersection,LightRain,2Vehicles-Behind,le bourg,M,45.695119789658655,2.695347740309047
201800019066,NonLethal,2018-11-07,17:27:00,Daylight,590,503,No,T-type,Normal,2Vehicles-Side,CD 934,M,50.14449030042217,3.1455101369580265
201800019067,NonLethal,2018-09-25,16:45:00,Daylight,590,353,No,MoreThan4Branches,Normal,2Vehicles-Side,RD33,M,50.21632992854214,3.213837402729297
201800019068,Lethal,2018-06-10,16:25:00,Daylight,590,353,No,NoIntersection,Normal,2Vehicles-BehindVehicles-Frontal,CD 951,M,50.23105156125665,3.228226556797388
201800019069,NonLethal,2018-10-10,16:00:00,Daylight,590,331,Yes,NoIntersection,Normal,3+Vehicles-Multiple,16 avenue villars,M,50.12274293375482,3.122603298706385
201800019070,NonLethal,2018-10-17,16:50:00,Daylight,590,549,No,NoIntersection,Normal,NoCollision,Route départementale 86,M,50.20770147594107,3.2091828667189706
201800019071,Lethal,2018-11-24,08:00:00,TwilightOrDawn,590,464,No,NoIntersection,LightRain,Other,Chaussée Brunehaut,M,50.17954331109215,3.179136357876959
201800019072,Lethal,2018-04-04,15:35:00,Daylight,590,601,No,NoIntersection,StrongWindOrStorm,2Vehicles-BehindVehicles-Frontal,route départementale 951,M,50.057803056726335,4.055371604477313
201800019073,NonLethal,2018-09-09,07:25:00,TwilightOrDawn,590,347,No,NoIntersection,Normal,Other,D963,M,50.10985889759626,4.110812366985578
201800019075,NonLethal,2018-01-24,12:30:00,Daylight,590,533,Yes,NoIntersection,Normal,Other,62 rue Henri Barbusse,M,50.17923579444396,3.1784965260282485
201800019076,NonLethal,2018-03-17,08:30:00,Daylight,590,432,No,Other,Overcast,NoCollision,D76,M,50.14274280079819,3.143433368768416
201800019077,NonLethal,2018-04-08,03:20:00,NightStreelightsOn,590,502,Yes,NoIntersection,Normal,NoCollision,Rue Joseph DOLLET,M,50.2095520718792,3.2080017769315257
201800019079,NonLethal,2018-07-20,14:15:00,Daylight,590,39,Yes,NoIntersection,LightRain,NoCollision,28 rue Pasteur,M,50.15496179957393,3.153042292518093
201800019080,NonLethal,2018-11-30,23:00:00,NightNoStreetLight,590,121,No,NoIntersection,Normal,2Vehicles-BehindVehicles-Frontal,Départementale 942,M,50.18670775011447,3.187104075060996
201800019083,NonLethal,2018-05-22,16:30:00,Daylight,590,545,Yes,T-type,Normal,2Vehicles-BehindVehicles-Frontal,rue de la fabrique,M,50.049289362208825,3.050942398955603
201800019084,NonLethal,2018-10-07,18:20:00,Daylight,590,382,Yes,NoIntersection,Normal,2Vehicles-BehindVehicles-Frontal,rue du général Leclerc,M,50.04296776971995,3.043141857891277
201800019085,NonLethal,2018-07-15,19:00:00,Daylight,590,118,Yes,NoIntersection,Normal,NoCollision,rue des frères desjardin,M,50.03638586809777,3.0374598698017503
201800019087,NonLethal,2018-07-18,07:15:00,Daylight,590,118,No,NoIntersection,Normal,NoCollision,cd 98C,M,50.04628875918559,3.047084596187324
201800019088,NonLethal,2018-08-04,02:47:00,NightNoStreetLight,590,74,Yes,NoIntersection,Normal,Other,82 rue jules guesde,M,50.09417551884965,3.095637402604729
201800019089,NonLethal,2018-03-09,09:20:00,Daylight,590,624,Yes,NoIntersection,Normal,2Vehicles-Side,105 rue Gambetta,M,50.02990414019944,3.029204650813083
201800019090,NonLethal,2018-01-28,18:20:00,NightNoStreetLight,590,555,No,NoIntersection,LightRain,NoCollision,départementale 962,M,50.1682337855561,4.167018257307669
201800019091,NonLethal,2018-02-04,18:20:00,NightStreelightsOn,590,187,No,NoIntersection,Normal,Other,RN2 - Lieu dit ROBINSON,M,50.19573419534024,3.195673669269225
201800019092,NonLethal,2018-02-21,18:45:00,NightNoStreetLight,590,151,No,NoIntersection,Normal,Other,RD 963,M,50.26662337784936,4.26863915841783
201800019093,NonLethal,2018-03-02,18:45:00,NightNoStreetLight,590,151,No,NoIntersection,Other,2Vehicles-BehindVehicles-Frontal,rue de la gare,M,50.25065758008591,4.248034085712191
201800019094,NonLethal,2018-03-08,00:01:00,NightNoStreetLight,590,151,No,NoIntersection,Normal,Other,Cd 936,M,50.260484167022895,4.259617041214642
201800019095,NonLethal,2018-04-24,17:05:00,Daylight,590,58,No,NoIntersection,Normal,2Vehicles-Behind,départementale 602,M,50.236169224282456,3.235006830055018
201800019096,NonLethal,2018-02-05,15:00:00,Daylight,590,58,No,NoIntersection,Normal,3+Vehicles-Multiple,RN2,M,50.21028660358573,3.21181243247128
201800019097,NonLethal,2018-06-07,13:55:00,Daylight,590,58,No,NoIntersection,Normal,Other,route nationale 2,M,50.21960139836985,3.2198089869966657
201800019098,NonLethal,2018-07-11,16:50:00,Daylight,590,148,No,NoIntersection,Normal,NoCollision,D1O4,M,50.15912611733239,4.159995849859125
201800019100,NonLethal,2018-08-02,21:20:00,TwilightOrDawn,590,3,Yes,Y-type,Normal,2Vehicles-Side,Rue de Quiévelon,M,50.2374509884426,4.235373114364887
201800019101,NonLethal,2018-09-03,18:36:00,Daylight,590,572,No,NoIntersection,Normal,NoCollision,rue léo lagrange,M,50.238724301073546,4.2404052499269085
201800019103,NonLethal,2018-11-13,17:45:00,NightNoStreetLight,590,169,No,NoIntersection,Normal,Other,D27,M,50.22076965721167,4.222220966572637
201800019104,NonLethal,2018-06-02,18:50:00,NightStreelightsOn,510,193,Yes,NoIntersection,SnowOrHail,Other,12 RUE MASSEZ,M,48.987274978480215,4.98779671803332
201800019105,Lethal,2018-04-21,01:10:00,NightStreelightsOn,510,146,Yes,T-type,Normal,Other,RUE PRINCIPALE,M,48.886913469713896,4.884662694160103
201800019106,NonLethal,2018-11-05,00:40:00,NightNoStreetLight,510,482,No,Roundabout,Normal,NoCollision,N44,M,48.88796747921969,4.890812110288169
201800019107,NonLethal,2018-05-25,17:30:00,Daylight,510,548,No,NoIntersection,Normal,Other,D994,M,48.99943920589081,4.998502989752022
201800019108,NonLethal,2018-01-06,17:00:00,Daylight,510,146,Yes,T-type,Normal,2Vehicles-BehindVehicles-Frontal,RUE PRINCIPALE,M,48.88503687432702,4.884748840700275
201800019109,NonLethal,2018-06-25,19:00:00,Daylight,510,617,No,NoIntersection,Normal,NoCollision,N44,M,49.02720276415186,4.0280174333698495
201800019110,NonLethal,2018-06-29,15:05:00,Daylight,510,409,No,NoIntersection,Normal,2Vehicles-Side,D977,M,48.87397754888683,4.872386100466121
201800019113,NonLethal,2018-11-09,05:45:00,NightStreelightsOn,510,193,Yes,NoIntersection,Normal,Other,61 RUE SAINT MARTIN,M,48.9868098377855,4.985956368762256
201800019114,NonLethal,2018-11-23,13:20:00,Daylight,510,538,No,X-type,Normal,2Vehicles-Side,RUE D'ECURY,M,48.89498591735788,4.896098030781384
201800019115,NonLethal,2018-01-12,16:30:00,TwilightOrDawn,510,538,No,NoIntersection,LightRain,NoCollision,D2,M,48.89343414737374,4.895186837424818
201800019116,Lethal,2018-12-16,02:00:00,NightNoStreetLight,510,278,No,NoIntersection,SnowOrHail,3+Vehicles-Multiple,D944,M,49.07279617378666,4.072710374955482
201800019117,NonLethal,2018-12-28,05:35:00,NightNoStreetLight,510,548,No,NoIntersection,FogOrSmoke,NoCollision,D65,M,48.98125232680632,4.981134247417869
201800019119,NonLethal,2018-01-04,11:00:00,Daylight,510,281,No,NoIntersection,LightRain,NoCollision,D240,M,48.98851679957926,3.9890851307607456
201800019120,NonLethal,2018-04-08,18:01:00,Daylight,510,413,No,T-type,Normal,2Vehicles-Side,D9,M,49.01204192123728,4.012758641991249
201800019121,NonLethal,2018-05-15,14:50:00,Daylight,510,367,No,NoIntersection,Normal,2Vehicles-Side,D38,M,48.94795573798618,3.9471728621447935
201800019122,NonLethal,2018-06-02,18:50:00,Daylight,510,158,No,NoIntersection,Normal,2Vehicles-Side,D40,M,48.84259429440715,3.8436771357148034
201800019123,NonLethal,2018-06-28,09:50:00,Daylight,510,154,Yes,X-type,Normal,2Vehicles-Side,D83,M,48.82919875483299,4.827729195245452
201800019124,NonLethal,2018-07-27,08:30:00,Daylight,510,49,No,NoIntersection,Normal,Other,D9,M,48.87091215378952,3.8722052517937553
201800019125,NonLethal,2018-08-16,18:00:00,Daylight,510,93,No,NoIntersection,Normal,Other,D36,M,48.99412231412831,3.992888552083292
201800019126,NonLethal,2018-09-13,15:26:00,Daylight,510,93,No,NoIntersection,Normal,NoCollision,D36,M,48.98845460034792,3.987536967521301
201800019127,Lethal,2018-09-28,02:13:00,NightNoStreetLight,510,638,No,NoIntersection,Normal,2Vehicles-BehindVehicles-Frontal,D5,M,48.84128490441075,4.839956245938918
201800019128,NonLethal,2018-10-13,10:52:00,Daylight,510,411,No,NoIntersection,VeryGood,3+Vehicles-Chain,D240,M,48.95672572471516,3.956534902127268
201800019129,Lethal,2018-03-16,11:58:00,Daylight,510,563,No,NoIntersection,Normal,3+Vehicles-Multiple,D951,M,48.8261659850282,3.82498812694984
201800019130,Lethal,2018-04-14,04:50:00,NightNoStreetLight,510,170,No,NoIntersection,Normal,2Vehicles-Behind,D44,M,48.83046529698925,3.8300386576805887
201800019131,NonLethal,2018-08-16,10:15:00,Daylight,510,416,Yes,NoIntersection,Normal,Other,2 RUE DU PARC,M,48.95310373869668,3.9534996972412304
201800019132,Lethal,2018-04-09,13:20:00,Daylight,510,380,No,NoIntersection,Normal,2Vehicles-BehindVehicles-Frontal,D373,M,48.86022738334584,3.8599738492883366
201800019133,NonLethal,2018-10-01,09:45:00,Daylight,510,185,No,NoIntersection,LightRain,Other,N4,M,48.717159755152615,3.7171657120682178
201800019134,Lethal,2018-02-10,18:50:00,NightNoStreetLight,510,514,No,NoIntersection,Normal,2Vehicles-BehindVehicles-Frontal,N4,M,48.72037500737566,3.721523422439896
201800019135,NonLethal,2018-02-25,11:05:00,Daylight,510,535,No,NoIntersection,Normal,Other,D951,M,48.73105703678251,3.731879630135704
201800019136,NonLethal,2018-02-25,10:30:00,Daylight,510,360,No,NoIntersection,Normal,Other,D239,M,48.70697955231521,3.707165063563396
201800019137,NonLethal,2018-02-03,08:40:00,Daylight,510,254,No,NoIntersection,LightRain,Other,D951,M,48.633251016541166,3.630648940738
201800019138,NonLethal,2018-04-25,18:30:00,Daylight,510,92,Yes,NoIntersection,Normal,2Vehicles-BehindVehicles-Frontal,D39,M,48.757566923723424,3.757275244378916
201800019140,NonLethal,2018-05-23,11:45:00,Daylight,510,514,No,X-type,Normal,2Vehicles-Side,D53/D53E,M,48.698906001288734,3.699652781800252
201800019141,Lethal,2018-06-15,23:00:00,NightNoStreetLight,510,155,No,NoIntersection,Normal,Other,D352,M,48.52758875362289,3.5283278501769177
201800019143,NonLethal,2018-07-21,20:15:00,TwilightOrDawn,510,56,No,X-type,Normal,2Vehicles-Side,D951/D48,M,48.61648650599996,3.615358776146451
201800019144,NonLethal,2018-07-27,23:40:00,NightStreelightsOn,510,237,Yes,NoIntersection,LightRain,NoCollision,RUE DU DOCTEUR CARRERE,M,48.7329422188047,3.730502402382594
201800019145,NonLethal,2018-09-13,09:10:00,Daylight,510,343,No,NoIntersection,Normal,2Vehicles-Side,D50,M,48.54993997908865,3.5499045306695955
201800019146,NonLethal,2018-09-24,12:20:00,Daylight,510,535,Yes,T-type,Normal,2Vehicles-Side,MAIL DE MARSEILLE,M,48.72313012606074,3.721403521913161
201800019147,NonLethal,2018-01-10,10:10:00,Daylight,510,92,Yes,NoIntersection,Normal,Other,RD39,M,48.76191512616133,3.7617976714142527
201800019148,NonLethal,2018-11-04,15:15:00,Daylight,510,185,Yes,X-type,Normal,2Vehicles-Behind,AVENUE DE L'EUROPE,M,48.71272260192071,3.714523454155116
201800019150,NonLethal,2018-10-02,13:30:00,Daylight,510,2,Yes,NoIntersection,Normal,NoCollision,RUE DU MOULIN BLEU,M,49.01467809583897,3.015063801483437
201800019151,NonLethal,2018-02-22,11:40:00,Daylight,510,119,No,Other,VeryGood,2Vehicles-Side,D951,M,49.09193047850791,3.0910313808628054
201800019153,NonLethal,2018-04-22,03:30:00,NightNoStreetLight,510,153,No,NoIntersection,Normal,Other,D3,M,49.02953075963083,4.031397413700578
201800019154,NonLethal,2018-05-12,22:00:00,NightNoStreetLight,510,347,No,NoIntersection,Overcast,Other,D1,M,49.04765740330325,4.050437006273772
201800019155,NonLethal,2018-05-19,21:25:00,TwilightOrDawn,510,576,No,NoIntersection,Normal,NoCollision,D1,M,49.049417838205336,4.04962020527271
201800019156,Lethal,2018-05-21,04:30:00,NightStreelightsOff,510,28,Yes,NoIntersection,Normal,Other,11 RUE DE CHANZY,M,49.07017504675244,4.071232268443615
201800019157,NonLethal,2018-06-07,18:25:00,Daylight,510,204,No,NoIntersection,VeryGood,Other,D1,M,49.069676562572766,3.070996941557132
201800019158,NonLethal,2018-01-11,06:30:00,NightNoStreetLight,510,576,No,NoIntersection,LightRain,Other,D1,M,49.0503437682974,4.051293551994356
201800019159,NonLethal,2018-12-14,18:15:00,NightStreelightsOn,510,393,No,X-type,Normal,Other,D22,M,49.152685537119545,3.1514777016320275
201800019160,NonLethal,2018-01-17,19:30:00,NightNoStreetLight,510,109,No,NoIntersection,LightRain,2Vehicles-BehindVehicles-Frontal,D26,M,49.29096185151935,3.291926849325548
201800019161,NonLethal,2018-03-24,16:15:00,Daylight,510,532,No,NoIntersection,Normal,NoCollision,D26,M,49.15685696659213,3.156554239600498
201800019162,NonLethal,2018-04-27,21:45:00,NightStreelightsOn,510,569,Yes,X-type,Normal,2Vehicles-Side,RUE D'ORMES,M,49.253091165768815,3.2553701183949237
201800019163,NonLethal,2018-05-25,18:50:00,Daylight,510,183,No,T-type,Normal,2Vehicles-Side,RD944,M,49.31039090225386,3.310616317177528
201800019164,Lethal,2018-06-15,14:50:00,Daylight,510,291,No,NoIntersection,Normal,2Vehicles-BehindVehicles-Frontal,D30,M,49.33025981000187,3.3285230681246087
201800019165,NonLethal,2018-06-27,14:00:00,Daylight,510,282,No,NoIntersection,Normal,NoCollision,D227,M,49.24434413354726,3.2439475593868377
201800019166,Lethal,2018-07-03,13:45:00,Daylight,510,69,No,NoIntersection,Normal,2Vehicles-BehindVehicles-Frontal,D980,M,49.202267474738825,3.200056932760188
201800019167,Lethal,2018-07-27,07:45:00,Daylight,510,362,No,NoIntersection,Normal,2Vehicles-BehindVehicles-Frontal,D475,M,49.28986507834952,3.289514700135462
201800019168,NonLethal,2018-08-30,18:15:00,Daylight,510,282,Yes,X-type,Normal,2Vehicles-Side,RUE DES SABLONS,M,49.25159876751421,3.250611888583818
201800019169,NonLethal,2018-09-02,20:10:00,Daylight,510,418,Yes,Other,Normal,2Vehicles-Side,RUE DES BLANCS FOSSES,M,49.24466685722618,3.2454988347994447
201800019170,Lethal,2018-09-06,07:00:00,Daylight,510,183,No,NoIntersection,Normal,2Vehicles-BehindVehicles-Frontal,D944,M,49.3044593248565,3.302082257224923
201800019171,NonLethal,2018-09-15,16:30:00,Daylight,510,291,Yes,X-type,Normal,2Vehicles-Side,PLACE DE LA MAIRIE,M,49.33621618481485,3.335509240585266
201800019172,NonLethal,2018-12-19,18:00:00,NightNoStreetLight,510,111,No,NoIntersection,Overcast,2Vehicles-Side,D980,M,49.18878711323225,3.18807846331506
201800019173,NonLethal,2018-01-19,08:25:00,Daylight,510,614,No,NoIntersection,Normal,Other,D34,M,49.1283916044324,4.128307774802933
201800019174,NonLethal,2018-02-19,19:55:00,NightNoStreetLight,510,584,No,NoIntersection,LightRain,2Vehicles-BehindVehicles-Frontal,D409,M,49.20121432745472,4.200999465357003
201800019175,NonLethal,2018-03-08,07:30:00,Daylight,510,44,No,NoIntersection,Overcast,2Vehicles-Side,D7,M,49.1841093030639,4.182497403436647
201800019178,NonLethal,2018-01-10,07:35:00,TwilightOrDawn,510,629,No,NoIntersection,Normal,NoCollision,D951,M,49.15347339475127,4.1530971797186975
201800019179,NonLethal,2018-12-09,01:30:00,NightNoStreetLight,510,493,No,Roundabout,LightRain,NoCollision,D944,M,49.23079823314339,4.230967712116807
201800019180,NonLethal,2018-12-28,08:00:00,TwilightOrDawn,510,613,No,NoIntersection,FogOrSmoke,3+Vehicles-Multiple,D944,M,49.18431736605487,4.186747782197759
201800019181,NonLethal,2018-02-17,18:45:00,TwilightOrDawn,510,299,No,T-type,Normal,2Vehicles-Side,D20,M,49.35364192692995,4.355366048830881
201800019182,NonLethal,2018-05-04,14:50:00,Daylight,510,88,No,Roundabout,Normal,2Vehicles-Side,D30/D966,M,49.34567042085232,4.346596276532271
201800019183,NonLethal,2018-04-18,19:20:00,Daylight,510,662,No,NoIntersection,Normal,2Vehicles-Behind,D151,M,49.27389180896104,4.2756352286695645
201800019184,NonLethal,2018-07-21,04:15:00,NightNoStreetLight,510,54,No,NoIntersection,Normal,Other,D98O,M,49.29559175743773,4.297810135011875
201800019185,NonLethal,2018-09-30,10:40:00,Daylight,510,105,No,NoIntersection,Normal,NoCollision,A34,M,49.25699082300356,4.256859893530119
201800019186,Lethal,2018-01-10,15:10:00,Daylight,510,660,No,NoIntersection,LightRain,Other,D20,M,49.3342401950101,4.331941390005919
201800019187,NonLethal,2018-10-28,19:15:00,NightNoStreetLight,510,46,No,NoIntersection,Normal,2Vehicles-Side,D33,M,49.26772216385249,4.268020164095103
201800019188,NonLethal,2018-04-02,18:05:00,NightNoStreetLight,510,90,No,T-type,Normal,2Vehicles-BehindVehicles-Frontal,D39,M,48.788898250413126,3.7874392860943056
201800019189,Lethal,2018-11-04,14:15:00,Daylight,510,90,No,X-type,VeryGood,3+Vehicles-Chain,D39/D44,M,48.78526861144257,3.7844359816614914
201800019190,NonLethal,2018-05-19,15:20:00,Daylight,510,545,No,NoIntersection,Normal,2Vehicles-BehindVehicles-Frontal,D977,M,48.72209277982154,4.722362480946021
201800019191,NonLethal,2018-07-22,13:54:00,Daylight,510,165,No,NoIntersection,VeryGood,2Vehicles-Behind,N4,M,48.72895200097472,3.726418839033856
201800019192,NonLethal,2018-02-10,13:45:00,Daylight,510,164,No,NoIntersection,LightRain,2Vehicles-BehindVehicles-Frontal,N4,M,48.74917614681011,4.74675279391935
201800019193,NonLethal,2018-11-02,05:30:00,NightNoStreetLight,620,777,No,NoIntersection,LightRain,Other,CD 929,M,50.06929927721489,2.067923718324683
201800019194,NonLethal,2018-04-27,16:20:00,Daylight,620,387,No,T-type,Normal,2Vehicles-BehindVehicles-Frontal,D29,M,50.10869559422337,2.109050528228656
201800019195,NonLethal,2018-07-27,20:00:00,Daylight,620,410,No,NoIntersection,LightRain,Other,ROUTE DEPARTEMENTALE 20,M,50.09323268701514,2.093659113554814
201800019196,NonLethal,2018-04-08,14:10:00,Daylight,620,572,Yes,NoIntersection,Normal,2Vehicles-Side,"9 bis, rue d'elboise",M,50.06974372276241,3.0680811196656514
201800019197,NonLethal,2018-08-18,12:00:00,Daylight,620,591,No,X-type,Normal,2Vehicles-Side,Route départementale 930,M,50.123990198828494,2.12389037938998
201800019199,NonLethal,2018-01-17,09:00:00,Daylight,620,653,No,NoIntersection,StrongWindOrStorm,Other,D232,M,50.74596017691309,1.746652124002528
201800019201,NonLethal,2018-04-15,15:35:00,Daylight,620,448,No,T-type,Normal,2Vehicles-Behind,intersection D901/ rue d,M,50.66567119585725,1.6649107451263685
201800019202,NonLethal,2018-04-14,18:30:00,TwilightOrDawn,620,255,No,NoIntersection,HeavyRain,Other,CD254,M,50.69767201826355,1.6981583178614406
201800019203,NonLethal,2018-05-09,12:30:00,Daylight,620,773,No,NoIntersection,Normal,2Vehicles-BehindVehicles-Frontal,RD 52,M,50.6369871756272,1.638013783982721
201800019205,NonLethal,2018-09-11,11:35:00,Daylight,620,599,No,X-type,Normal,2Vehicles-BehindVehicles-Frontal,RN 42,M,50.74353634504557,1.742175674164591
201800019206,NonLethal,2018-10-19,07:15:00,TwilightOrDawn,620,773,No,NoIntersection,Normal,2Vehicles-BehindVehicles-Frontal,D 52 - route de desvres,M,50.64001437416078,1.6394410109823825
201800019207,Lethal,2018-09-12,19:00:00,NightNoStreetLight,620,102,No,NoIntersection,Normal,Other,RD 341,M,50.65126296923496,1.6494282051270384
201800019208,Lethal,2018-01-27,06:00:00,NightNoStreetLight,510,27,No,NoIntersection,FogOrSmoke,Other,D67,M,49.05275387124325,4.052010338175343
201800019209,Lethal,2018-05-30,20:35:00,Daylight,510,397,No,NoIntersection,HeavyRain,2Vehicles-BehindVehicles-Frontal,D982,M,48.96314655734302,4.9631613795679765
201800019210,NonLethal,2018-06-25,18:30:00,Daylight,510,166,No,NoIntersection,Normal,NoCollision,D994,M,48.91974967059344,4.919067594531747
201800019213,NonLethal,2018-12-07,14:30:00,Daylight,510,507,Yes,X-type,LightRain,2Vehicles-Side,ROUTE DE CHALONS,M,49.08648306660889,4.089541030433093
201800019214,NonLethal,2018-03-23,08:15:00,Daylight,910,600,Yes,NoIntersection,Normal,2Vehicles-Behind,Avenue de la libération,M,48.65250021584388,2.6508764755317853
201800019215,NonLethal,2018-04-08,01:45:00,NightNoStreetLight,910,617,No,NoIntersection,Normal,2Vehicles-Behind,RN 6,M,48.65342570197606,2.653097804821187
201800019216,NonLethal,2018-11-07,09:45:00,Daylight,910,577,Yes,NoIntersection,Normal,2Vehicles-BehindVehicles-Frontal,25 rue du Général Lecler,M,48.59103131933762,2.589723008773116
201800019217,NonLethal,2018-10-02,07:55:00,Daylight,910,573,Yes,NoIntersection,Normal,Other,avenue de la Tour MAury,M,48.62275902494292,2.621901549595772
201800019219,NonLethal,2018-11-02,10:35:00,Daylight,910,573,No,NoIntersection,Normal,2Vehicles-Side,RD446,M,48.59200258852402,2.592834407319927
201800019223,NonLethal,2018-04-17,12:00:00,Daylight,910,635,Yes,NoIntersection,Normal,2Vehicles-BehindVehicles-Frontal,Rue du 08 mai 1945,M,48.73486517193569,2.733058982886849
201800019226,NonLethal,2018-05-16,16:40:00,Daylight,910,679,No,NoIntersection,Normal,2Vehicles-Behind,RD36,M,48.73013837874192,2.7330517222664805
201800019227,NonLethal,2018-06-21,05:30:00,TwilightOrDawn,910,534,No,NoIntersection,Normal,2Vehicles-BehindVehicles-Frontal,RD36,M,48.72777612185568,2.7300327464133707