AccidentId,Gravity,Date,Hour,Light,Department,Commune,InAgglomeration,IntersectionType,Weather,CollisionType,PostalAddress,GPSCode,Latitude,Longitude
201800019229,NonLethal,2018-07-08,10:55:00,Daylight,910,272,Yes,T-type,Normal,2Vehicles-Side,Rue Gustave Vatonne / Ru,M,48.70302970250664,2.7020001328510146
201800019230,NonLethal,2018-02-08,18:24:00,Daylight,910,274,No,NoIntersection,Normal,2Vehicles-Behind,RD988,M,48.66895815575279,2.668209346032906
201800019231,NonLethal,2018-10-31,00:01:00,NightNoStreetLight,910,679,No,NoIntersection,Normal,Other,RD36,M,48.72800735744185,2.731137708121223
201800019232,NonLethal,2018-11-09,17:10:00,TwilightOrDawn,910,534,Yes,NoIntersection,Overcast,Other,23 rue de paris,M,48.7337613312618,2.7322310892737445
201800019233,NonLethal,2018-02-16,07:10:00,NightNoStreetLight,950,26,Yes,T-type,Normal,2Vehicles-Side,RD 909,M,49.14225957657396,2.1404929615415287
201800019234,NonLethal,2018-02-23,16:45:00,Daylight,950,652,Yes,Roundabout,Normal,2Vehicles-Behind,RD 922,M,49.13819675295863,2.138985210747901
201800019235,NonLethal,2018-09-05,22:35:00,NightNoStreetLight,950,352,No,NoIntersection,Normal,Other,RD 316,M,49.1344294505199,2.135627008998349
201800019236,NonLethal,2018-06-10,16:25:00,Daylight,950,352,No,NoIntersection,Normal,2Vehicles-Behind,RD 922 Z,M,49.11670664687508,2.11606551199535
201800019237,Lethal,2018-07-16,16:30:00,Daylight,950,352,No,NoIntersection,Normal,2Vehicles-BehindVehicles-Frontal,RD 922,M,49.11984413579733,2.120597221964827
201800019238,NonLethal,2018-07-28,17:45:00,Daylight,950,144,Yes,NoIntersection,Normal,NoCollision,RUE HONORE DE MIRABEAU,M,49.06517234494904,2.065378620869889
201800019239,NonLethal,2018-06-10,12:20:00,Daylight,950,26,Yes,NoIntersection,Normal,NoCollision,RUE DE TOUTEVILLE,M,49.12952603510407,2.1315451277924224
201800019240,NonLethal,2018-08-12,10:50:00,Daylight,950,660,Yes,NoIntersection,Normal,2Vehicles-BehindVehicles-Frontal,RD 909,M,49.0739851982233,2.073051282324096
201800019241,NonLethal,2018-12-25,19:20:00,NightNoStreetLight,950,365,No,NoIntersection,Normal,2Vehicles-Behind,RD 316,M,49.06576453013162,2.063697448564713
201800019243,NonLethal,2018-06-02,18:20:00,NightStreelightsOn,890,411,Yes,NoIntersection,SnowOrHail,2Vehicles-Side,5 route du Miroir,M,48.16701332568043,3.1670312932750764
201800019244,Lethal,2018-02-10,20:30:00,NightNoStreetLight,890,399,No,NoIntersection,Overcast,Other,RD 939,M,48.24232701970991,3.2391707382381405
201800019245,NonLethal,2018-05-31,11:35:00,Daylight,890,239,No,X-type,Normal,3+Vehicles-Chain,d660,M,48.17998505487522,3.1800681339319428
201800019246,Lethal,2018-06-03,18:00:00,Daylight,890,160,Yes,Other,Normal,2Vehicles-BehindVehicles-Frontal,Grande rue,M,48.14131934101565,3.1423019493191613
201800019248,NonLethal,2018-09-18,16:40:00,Daylight,890,111,No,NoIntersection,Normal,NoCollision,RD 225,M,48.22179547073507,3.221257158269272
201800019249,NonLethal,2018-10-19,18:00:00,Daylight,890,461,Yes,X-type,Normal,2Vehicles-Side,35 rue Danton,M,48.23460188070714,3.233673066527503
201800019250,NonLethal,2018-10-23,02:00:00,NightNoStreetLight,890,291,No,NoIntersection,FogOrSmoke,NoCollision,D606,M,48.11499822441013,3.114187042613815
201800019251,NonLethal,2018-02-11,12:35:00,Daylight,890,76,No,Other,LightRain,Other,Cd 905,M,48.06480527825389,3.0651310848854547
201800019252,NonLethal,2018-12-11,11:35:00,Daylight,890,471,No,NoIntersection,Normal,NoCollision,,M,48.17595247903343,3.177349891488435
201800019253,NonLethal,2018-12-16,13:10:00,Daylight,890,411,Yes,NoIntersection,Normal,2Vehicles-Behind,ROUTE DU MIROIR,M,48.16964020376717,3.170646301587897
201800019254,NonLethal,2018-02-12,12:25:00,Daylight,40,205,No,NoIntersection,Other,NoCollision,,M,44.35496488892424,6.354860416652951
201800019255,Lethal,2018-03-25,17:37:00,Daylight,40,33,No,NoIntersection,Normal,3+Vehicles-Multiple,,M,44.45474151748736,6.457423872271646
201800019256,NonLethal,2018-04-13,17:15:00,Daylight,40,102,No,NoIntersection,Normal,NoCollision,,M,44.43877784936161,6.440052339856417
201800019257,NonLethal,2018-06-24,10:30:00,Daylight,40,33,No,NoIntersection,Normal,2Vehicles-Behind,,M,44.45956893545967,6.45843940171915
201800019258,NonLethal,2018-06-28,20:05:00,Daylight,40,198,No,NoIntersection,Normal,NoCollision,,M,44.43300667788562,6.432451356377766
201800019259,NonLethal,2018-07-07,16:35:00,Daylight,40,33,No,NoIntersection,Normal,2Vehicles-Behind,,M,44.46257363420013,6.462289709724684
201800019260,NonLethal,2018-07-13,16:10:00,Daylight,40,33,No,NoIntersection,Normal,NoCollision,,M,44.45036067746079,6.450775493674851
201800019261,NonLethal,2018-07-17,19:25:00,Daylight,40,198,No,NoIntersection,Normal,2Vehicles-BehindVehicles-Frontal,,M,44.45529973258415,6.4540671562177065
201800019263,Lethal,2018-11-08,15:35:00,Daylight,40,161,No,NoIntersection,Normal,NoCollision,,M,44.39784094779763,6.395634835583331
201800019264,NonLethal,2018-08-18,20:05:00,TwilightOrDawn,40,33,No,T-type,Normal,2Vehicles-Behind,,M,44.45897915333698,6.460042127338234
201800019265,NonLethal,2018-08-27,17:00:00,Daylight,40,161,No,NoIntersection,Normal,2Vehicles-BehindVehicles-Frontal,,M,44.401814578811205,6.401118937015592
201800019266,Lethal,2018-10-06,12:30:00,Daylight,40,237,Yes,NoIntersection,Normal,Other,,M,44.28217607221831,6.281258252757038
201800019267,NonLethal,2018-01-13,12:20:00,Daylight,570,116,No,NoIntersection,Normal,2Vehicles-BehindVehicles-Frontal,D955,M,48.986302668308205,6.982620799985515
201800019268,Lethal,2018-01-14,11:50:00,Daylight,570,653,No,NoIntersection,Normal,3+Vehicles-Multiple,Route départementale 955,M,48.99531129446545,6.993864974396169
201800019270,NonLethal,2018-05-08,19:30:00,Daylight,570,676,No,NoIntersection,Normal,NoCollision,rue des roses,M,48.9665442609155,6.964745266586974
201800019271,Lethal,2018-08-25,05:09:00,NightNoStreetLight,570,552,No,NoIntersection,LightRain,NoCollision,RD 913,M,49.05532084269071,6.055210288013052
201800019273,Lethal,2018-04-18,16:00:00,Daylight,570,432,No,NoIntersection,Normal,3+Vehicles-Multiple,D603 - PK 29+600,M,49.11728448611234,6.115094857647876
201800019274,NonLethal,2018-05-27,19:54:00,Daylight,570,145,No,NoIntersection,Normal,NoCollision,D4,M,49.10843545131075,6.106832430565087
201800019275,NonLethal,2018-07-19,14:00:00,Daylight,570,575,No,X-type,Normal,2Vehicles-Side,D603 -,M,49.11847471445937,6.117655854203017
201800019276,Lethal,2018-07-20,07:40:00,Daylight,570,155,No,X-type,Normal,2Vehicles-BehindVehicles-Frontal,D603,M,49.10975257880121,6.110326125584834
201800019277,Lethal,2018-08-18,19:45:00,Daylight,570,145,No,NoIntersection,Normal,2Vehicles-BehindVehicles-Frontal,RD 603,M,49.1051944596301,6.106008736545465
201800019278,NonLethal,2018-09-21,07:00:00,TwilightOrDawn,570,482,No,NoIntersection,Normal,2Vehicles-BehindVehicles-Frontal,D603 PK26+420,M,49.11398964024216,6.113666726633568
201800019279,NonLethal,2018-10-17,17:00:00,Daylight,570,193,Yes,NoIntersection,Normal,Other,11 rue du presbytère,M,49.22641202053464,6.225506874283268
201800019280,NonLethal,2018-10-01,04:40:00,NightNoStreetLight,570,97,No,NoIntersection,LightRain,NoCollision,D954,M,49.18715898810051,6.187227482999128
201800019281,NonLethal,2018-01-23,09:30:00,Daylight,570,471,No,NoIntersection,Normal,2Vehicles-BehindVehicles-Frontal,D 25,M,49.17100759683549,6.173534986769017
201800019282,NonLethal,2018-01-23,18:30:00,NightNoStreetLight,570,610,No,NoIntersection,Normal,2Vehicles-BehindVehicles-Frontal,"D63 PK 7,4",M,49.35747404395276,6.356748967746032
201800019283,NonLethal,2018-01-30,17:45:00,NightNoStreetLight,570,97,No,NoIntersection,Normal,2Vehicles-Side,RD 954,M,49.19688544001059,6.197426724777298
201800019284,NonLethal,2018-12-05,09:30:00,Daylight,570,186,Yes,NoIntersection,LightRain,2Vehicles-BehindVehicles-Frontal,Rue de la gare,M,49.2734118317424,6.2753350166172055
201800019285,NonLethal,2018-05-21,15:45:00,Daylight,570,235,Yes,NoIntersection,Normal,2Vehicles-BehindVehicles-Frontal,35 Rue Notre Dame,M,49.28754892205973,6.288089337753587
201800019286,NonLethal,2018-11-06,12:05:00,Daylight,570,730,Yes,NoIntersection,Normal,Other,rue principale,M,49.16850171303647,6.168760439833264
201800019287,NonLethal,2018-06-19,08:15:00,Daylight,570,700,No,NoIntersection,Normal,2Vehicles-Side,Départementale n°3,M,49.27904116674674,6.276055833639179
201800019288,NonLethal,2018-05-07,06:50:00,Daylight,570,235,No,NoIntersection,Normal,2Vehicles-BehindVehicles-Frontal,intersection D918- D118,M,49.2917239454946,6.291097366303539
201800019289,NonLethal,2018-09-30,08:15:00,Daylight,570,167,Yes,NoIntersection,Normal,Other,33 rue principale,M,49.3068271741001,6.306597157594423
201800019290,NonLethal,2018-10-13,08:16:00,Daylight,570,106,No,T-type,Normal,2Vehicles-BehindVehicles-Frontal,D918,M,49.2955362085028,6.2944982136118
201800019291,NonLethal,2018-04-12,11:30:00,Daylight,570,235,No,NoIntersection,Normal,2Vehicles-BehindVehicles-Frontal,D3,M,49.27584092030455,6.279544627136544
201800019292,NonLethal,2018-02-13,08:50:00,Daylight,570,754,No,X-type,Normal,3+Vehicles-Multiple,D955,M,48.76140815879341,6.760849998389188
201800019293,NonLethal,2018-03-21,17:55:00,TwilightOrDawn,570,59,No,X-type,VeryGood,2Vehicles-Side,D674,M,48.90849804838302,6.906284008475773
201800019294,Lethal,2018-05-04,14:00:00,Daylight,570,692,No,NoIntersection,Normal,Other,D674,M,48.775291545656536,6.7730986605189125
201800019295,NonLethal,2018-05-05,13:25:00,Daylight,570,126,Yes,NoIntersection,Normal,NoCollision,rue principale,M,48.78932706146703,6.788559601159265
201800019296,NonLethal,2018-07-15,20:13:00,Daylight,570,171,Yes,NoIntersection,LightRain,2Vehicles-Side,44 rue Raymond Poincaré,M,48.88997277436212,6.8882410543796935
201800019297,NonLethal,2018-10-07,00:50:00,NightNoStreetLight,570,99,No,NoIntersection,Normal,Other,D 955,M,48.72070393259635,6.720409294200027
201800019298,Lethal,2018-12-15,04:30:00,NightNoStreetLight,570,141,No,NoIntersection,Normal,NoCollision,RD20,M,48.91047898940086,6.910644235423581
201800019299,NonLethal,2018-12-22,21:25:00,NightStreelightsOn,570,490,Yes,NoIntersection,Normal,2Vehicles-BehindVehicles-Frontal,Rue de METZ,M,48.778174335349085,6.778707566298148
201800019300,NonLethal,2018-02-17,12:19:00,Daylight,570,560,No,NoIntersection,LightRain,Other,RD27,M,48.92726695536437,6.929702098589979
201800019301,NonLethal,2018-05-21,15:21:00,Daylight,570,389,Yes,NoIntersection,Normal,Other,D24,M,49.03778233002095,6.038502604232165
201800019302,Lethal,2018-06-08,15:00:00,Daylight,570,311,No,NoIntersection,Normal,2Vehicles-BehindVehicles-Frontal,D674 PK40+950,M,48.99677933071592,6.9953912338414455
201800019305,NonLethal,2018-10-01,17:55:00,Daylight,570,189,No,NoIntersection,Normal,Other,D20 PK 22+400,M,48.98583593493071,6.984004813766948
201800019306,Lethal,2018-11-02,01:20:00,NightNoStreetLight,570,414,No,NoIntersection,Normal,Other,RD 44bis PR1,M,48.66936688309423,7.668678427459357
201800019308,NonLethal,2018-07-27,19:00:00,Daylight,570,321,No,NoIntersection,Normal,2Vehicles-Side,RD 42,M,48.69342595640111,7.695062356727228
201800019310,NonLethal,2018-10-13,20:20:00,NightStreelightsOn,570,734,Yes,NoIntersection,Normal,NoCollision,"30, Rue de la Libération",M,48.65056322067301,7.653178339419936
201800019311,NonLethal,2018-05-12,12:15:00,Daylight,570,113,Yes,NoIntersection,Overcast,2Vehicles-BehindVehicles-Frontal,17 rue des Vosges,M,48.69736742337589,7.695718646020502
201800019312,Lethal,2018-12-22,08:00:00,Daylight,570,544,No,NoIntersection,LightRain,Other,"RD 45, pk 9+900 - lieu-d",M,48.68889314683022,7.690211380864855
201800019314,NonLethal,2018-03-03,11:50:00,Daylight,570,468,Yes,NoIntersection,Overcast,Other,15 route de Sarrebourg,M,48.7697780684892,7.767257815789342
201800019316,NonLethal,2018-05-05,16:05:00,Daylight,570,244,No,NoIntersection,Normal,2Vehicles-Side,rd 98,M,48.71797053359514,7.72158180025735
201800019317,NonLethal,2018-05-26,23:00:00,NightNoStreetLight,570,761,No,NoIntersection,Normal,Other,rue des marronniers,M,48.78413965575027,7.784233077547743
201800019318,NonLethal,2018-07-10,14:30:00,Daylight,570,315,No,LevelCrossing,Normal,2Vehicles-BehindVehicles-Frontal,RD 104F,M,48.73083743856834,7.733257892397924
201800019319,NonLethal,2018-08-04,11:12:00,Daylight,570,298,No,NoIntersection,Normal,NoCollision,RD 97,M,48.655763813639936,7.658413854013939
201800019321,NonLethal,2018-08-19,05:40:00,NightNoStreetLight,570,540,Yes,NoIntersection,Normal,Other,rue erckmann,M,48.768966582146376,7.76767792467911
201800019322,NonLethal,2018-09-29,09:40:00,Daylight,570,168,Yes,NoIntersection,Normal,3+Vehicles-Chain,60 grand rue,M,48.76706161503061,7.765254347981529
201800019323,NonLethal,2018-12-15,13:15:00,Daylight,570,540,Yes,NoIntersection,Normal,2Vehicles-Side,route de Sarrebourg,M,48.769137598398565,7.769275121174444
201800019324,NonLethal,2018-12-28,15:15:00,Daylight,570,407,No,NoIntersection,Normal,2Vehicles-BehindVehicles-Frontal,Départementale 46,M,48.78077368295013,7.780793786951055
201800019325,NonLethal,2018-06-01,17:40:00,NightStreelightsOn,570,598,Yes,NoIntersection,HeavyRain,Other,avenue pasteur,M,49.14009081673719,7.141722899470201
201800019326,NonLethal,2018-12-03,15:49:00,Daylight,570,584,No,NoIntersection,LightRain,3+Vehicles-Multiple,RD620,M,49.09448127309936,7.095681479869978
201800019327,NonLethal,2018-04-23,15:20:00,Daylight,570,748,Yes,NoIntersection,Overcast,Other,2 rue du Val de Sarre,M,49.05613227391731,7.054775513583588
201800019329,Lethal,2018-09-16,18:10:00,Daylight,570,750,No,NoIntersection,Normal,2Vehicles-BehindVehicles-Frontal,PK 43 +162 RD 662,M,49.087738330232014,7.086936881846807
201800019330,NonLethal,2018-07-10,03:30:00,NightStreelightsOn,570,348,Yes,NoIntersection,Normal,NoCollision,rue de METZ,M,49.10678157138187,7.104603506641626
201800019332,NonLethal,2018-11-25,04:00:00,NightNoStreetLight,570,6,No,NoIntersection,LightRain,Other,RD 84,M,49.04840454098418,7.048058266051425
201800019333,Lethal,2018-12-30,11:00:00,Daylight,570,355,No,NoIntersection,LightRain,NoCollision,RD 33,M,49.03905955656938,7.035597922351135
201800019334,Lethal,2018-02-24,19:20:00,NightStreelightsOff,570,577,Yes,NoIntersection,Normal,Other,28 rue principale,M,49.03959367554879,7.038059280806381
201800019336,NonLethal,2018-06-24,10:45:00,Daylight,570,477,Yes,Other,Normal,NoCollision,2 place du Géneral de Ga,M,48.994600259853065,7.992979221019834
201800019337,NonLethal,2018-07-14,15:15:00,Daylight,570,89,Yes,NoIntersection,Normal,Other,Rue Colonel Teyssier,M,49.05268106708001,7.053752791962738
201800019338,NonLethal,2018-08-12,13:30:00,Daylight,570,89,Yes,NoIntersection,Normal,2Vehicles-Side,INTERSECTION RUE DE LA P,M,49.049584702776926,7.050198552466374
201800019339,NonLethal,2018-08-16,09:30:00,Daylight,570,89,Yes,Other,Normal,Other,2 rue de la paix,M,49.04942284716618,7.0491161956520205
201800019340,NonLethal,2018-09-15,00:30:00,NightNoStreetLight,570,195,No,NoIntersection,Normal,Other,RD 620 PK l5+l00,M,49.10599181787603,7.106404368499407
201800019341,NonLethal,2018-10-30,10:30:00,Daylight,570,192,No,NoIntersection,LightRain,Other,D36 PK 2+200,M,49.02239853978535,7.022113214904176
201800019342,NonLethal,2018-08-11,17:05:00,NightStreelightsOn,570,390,Yes,NoIntersection,Normal,Other,rue de sarreguemines,M,48.99722102227706,7.997903946709101
201800019344,NonLethal,2018-05-12,18:25:00,NightStreelightsOn,570,89,Yes,NoIntersection,Overcast,2Vehicles-Side,54 rue des Tilleuls,M,49.05179208575559,7.052486067374198
201800019347,NonLethal,2018-04-05,16:30:00,Daylight,570,325,No,NoIntersection,Normal,2Vehicles-Side,route de petit tenquin,M,49.00060465799324,6.001128165413644
201800019348,NonLethal,2018-08-31,22:50:00,NightStreelightsOn,570,330,Yes,NoIntersection,Normal,Other,O8 rue de l'Etang,M,49.01473213282679,6.01293441627487
201800019349,Lethal,2018-04-22,05:45:00,TwilightOrDawn,570,305,No,Roundabout,Normal,Other,rond point de havange,M,49.38739000778294,6.388911882418776
201800019350,Lethal,2018-05-14,09:55:00,Daylight,570,731,No,NoIntersection,Other,2Vehicles-BehindVehicles-Frontal,RD15,M,49.4384374825315,6.440857210952508
201800019351,NonLethal,2018-05-26,16:34:00,Daylight,570,22,Yes,NoIntersection,Normal,2Vehicles-Side,Rue de Rochonvillers,M,49.3885042509848,6.3887759301133205
201800019352,NonLethal,2018-06-22,17:20:00,Daylight,570,678,Yes,NoIntersection,Normal,Other,R de la liberté,M,49.40409958149269,5.404186522924645
201800019353,NonLethal,2018-06-23,14:45:00,Daylight,570,529,Yes,X-type,Normal,Other,02 rue des jardins,M,49.44121320979836,6.44386841149453
201800019355,NonLethal,2018-08-16,17:10:00,Daylight,570,226,No,NoIntersection,Normal,Other,RD58,M,49.37193696550786,6.3725528837977405
201800019356,Lethal,2018-08-20,04:35:00,NightStreelightsOn,570,41,Yes,T-type,Normal,2Vehicles-Side,rue du maréchal FOCH,M,49.41570262809709,5.415007158669766
201800019357,NonLethal,2018-11-10,07:10:00,TwilightOrDawn,570,529,Yes,NoIntersection,Normal,Other,RUE PRINCIPALE,M,49.44333499149208,6.441712688182735
201800019358,NonLethal,2018-10-24,20:15:00,NightNoStreetLight,570,199,No,NoIntersection,LightRain,2Vehicles-BehindVehicles-Frontal,RD 58,M,49.41752056581671,6.418060841160722
201800019359,NonLethal,2018-11-16,19:50:00,NightStreelightsOn,570,41,No,Other,Overcast,2Vehicles-BehindVehicles-Frontal,D906,M,49.40493666898399,5.404479019468395
201800019360,NonLethal,2018-12-08,21:50:00,NightNoStreetLight,570,678,No,NoIntersection,HeavyRain,2Vehicles-BehindVehicles-Frontal,Route de boulange - CD59,M,49.39797179630843,5.396579111375583
201800019361,Lethal,2018-04-15,17:20:00,Daylight,570,287,No,X-type,Normal,2Vehicles-Side,croisement D56 - D654,M,49.38493943334176,6.383275257031736
201800019362,NonLethal,2018-04-17,18:00:00,Daylight,570,465,No,T-type,Normal,2Vehicles-Side,intersection RD 60/RD 91,M,49.31562290856363,6.316076385049911
201800019363,NonLethal,2018-04-29,14:04:00,Daylight,570,269,No,NoIntersection,Normal,2Vehicles-BehindVehicles-Frontal,Départementale 6O,M,49.30092839664305,6.301933993289114
201800019364,NonLethal,2018-05-09,17:00:00,Daylight,570,269,Yes,NoIntersection,Normal,Other,boulevard sous les vigne,M,49.30284141415259,6.302475206948028
201800019365,NonLethal,2018-05-18,18:40:00,Daylight,570,287,No,NoIntersection,Normal,NoCollision,D56,M,49.37439847447197,6.377042520213472
201800019366,NonLethal,2018-07-17,20:30:00,Daylight,350,24,No,T-type,Normal,Other,lieu dit la victoire,M,48.16224809209686,-0.1605331104301017
201800019368,NonLethal,2018-10-05,18:55:00,TwilightOrDawn,350,296,No,T-type,Normal,2Vehicles-Side,Lieu-Dit Darancel,M,48.27944939893368,-0.277130407684553
201800019369,NonLethal,2018-11-10,12:30:00,Daylight,350,173,Yes,NoIntersection,Normal,Other,rue de rennes,M,48.21531383773735,-0.2158142645924863
201800019370,Lethal,2018-06-12,19:45:00,NightNoStreetLight,350,251,No,NoIntersection,Normal,2Vehicles-BehindVehicles-Frontal,CD 175 - PK 28+9O5,M,48.267478508428255,-0.267074310439945
201800019371,NonLethal,2018-03-21,19:20:00,NightStreelightsOn,310,588,Yes,NoIntersection,Normal,2Vehicles-BehindVehicles-Frontal,route de Roques,M,43.51756490406427,1.5177543906621571
201800019372,NonLethal,2018-06-14,18:00:00,Daylight,310,588,Yes,Roundabout,Normal,2Vehicles-Side,BOULEVARD DES ÉCOLES,M,43.52591994309324,1.525706312917541
201800019373,NonLethal,2018-06-30,11:45:00,Daylight,310,203,Yes,T-type,Normal,2Vehicles-Side,11 avenue des Pyrénées,M,43.51295337665198,1.5129219221695964
201800019374,NonLethal,2018-10-10,18:35:00,TwilightOrDawn,310,157,Yes,Roundabout,Normal,Other,avenue du 11 novembre,M,43.5443820253316,1.5465099347898184
201800019375,NonLethal,2018-10-31,17:20:00,Daylight,310,157,Yes,NoIntersection,Normal,2Vehicles-Side,18 rue du comminges,M,43.5319704627856,1.5283489530991463
201800019376,NonLethal,2018-10-31,17:19:00,Daylight,310,203,Yes,T-type,Normal,3+Vehicles-Multiple,avenue des pyrénées,M,43.51530384609072,1.515642535179682
201800019377,NonLethal,2018-01-11,18:55:00,NightNoStreetLight,440,9,No,Roundabout,Normal,2Vehicles-Behind,boulevard de la loire,M,47.2233018299241,-0.2215402666518547
201800019378,NonLethal,2018-05-20,00:15:00,NightStreelightsOn,440,71,No,Roundabout,Normal,NoCollision,rd pt de la louée,M,47.18517746669804,-0.1849152203804807
201800019379,NonLethal,2018-05-29,17:25:00,Daylight,440,70,No,NoIntersection,Normal,3+Vehicles-Chain,"RD 249, PK 11,700, sens",M,47.169567285174345,-0.1681855363010549
201800019380,NonLethal,2018-09-29,20:58:00,NightNoStreetLight,440,71,No,NoIntersection,Normal,Other,RN 249 - PK 5.600,M,47.19522501573056,-0.1990840499359761
201800019381,NonLethal,2018-02-13,20:30:00,NightStreelightsOn,30,247,Yes,NoIntersection,SnowOrHail,2Vehicles-BehindVehicles-Frontal,RD 953,M,46.58958063567326,3.5886207086895827
201800019382,Lethal,2018-06-07,16:50:00,Daylight,30,207,No,NoIntersection,Normal,3+Vehicles-Multiple,rn 79,M,46.49572808838501,3.495622659420755
201800019384,NonLethal,2018-01-24,12:30:00,Daylight,330,321,No,NoIntersection,Normal,Other,D115 PR29+490 reel.,M,45.062053765650205,-0.0620912722217006
201800019385,NonLethal,2018-02-03,17:00:00,Daylight,300,34,No,NoIntersection,Normal,2Vehicles-Behind,D6113,M,43.76055579464377,4.758476694885253
201800019386,NonLethal,2018-02-17,09:30:00,Daylight,300,47,No,NoIntersection,LightRain,2Vehicles-BehindVehicles-Frontal,Chemin du pont des iles,M,43.8091501614923,4.809633346467786
201800019389,NonLethal,2018-05-04,20:55:00,NightNoStreetLight,300,34,No,NoIntersection,Normal,NoCollision,RD163 - Route de Bellega,M,43.75699691927056,4.756738739308791
201800019390,NonLethal,2018-05-17,03:30:00,NightNoStreetLight,300,117,Yes,NoIntersection,Normal,Other,40 avenue de beaucaire,M,43.70261970656093,4.700001908629009
201800019391,NonLethal,2018-06-04,17:50:00,Daylight,300,60,Yes,X-type,Normal,2Vehicles-Side,CD135,M,43.79343051875969,4.792144902167267
201800019392,Lethal,2018-06-22,14:10:00,Daylight,300,135,No,NoIntersection,VeryGood,2Vehicles-BehindVehicles-Frontal,D 999,M,43.82661311867454,4.825962104452746
201800019393,NonLethal,2018-07-11,08:05:00,Daylight,300,60,Yes,NoIntersection,VeryGood,Other,avenue de la laune,M,43.791169283892,4.794026753514235
201800019394,NonLethal,2018-08-26,23:30:00,NightNoStreetLight,300,135,No,NoIntersection,Normal,2Vehicles-BehindVehicles-Frontal,RD 999 SORTIE JONQUIERES,M,43.83213000886048,4.832505924597685
201800019395,NonLethal,2018-12-10,08:30:00,Daylight,300,34,Yes,NoIntersection,Overcast,Other,place carnot,M,43.754622257616674,4.754170428888587
201800019396,NonLethal,2018-10-17,16:50:00,Daylight,300,60,No,Y-type,Normal,2Vehicles-Side,D42  PK 7+5OO,M,43.78722543731543,4.786621909602285
201800019397,NonLethal,2018-11-19,12:15:00,Daylight,300,117,No,NoIntersection,Normal,2Vehicles-Side,D6113,M,43.705268759623806,4.703468045982404
201800019398,NonLethal,2018-11-21,17:30:00,NightNoStreetLight,300,60,No,NoIntersection,Normal,2Vehicles-Behind,D42,M,43.80262453137438,4.8020648081220365
201800019399,NonLethal,2018-11-29,07:45:00,TwilightOrDawn,300,34,No,Roundabout,Normal,Other,rond point de la Sita Dé,M,43.75768086643864,4.755471428786488
201800019401,NonLethal,2018-03-12,17:50:00,NightNoStreetLight,300,117,No,NoIntersection,Normal,2Vehicles-Behind,Route Départementale 611,M,43.69329540225742,4.6921781761215415
201800019402,Lethal,2018-12-22,01:40:00,NightNoStreetLight,300,34,No,NoIntersection,LightRain,Other,cd6113,M,43.757866665307205,4.758754729626068
201800019403,Lethal,2018-01-26,11:55:00,Daylight,620,772,No,X-type,Normal,2Vehicles-BehindVehicles-Frontal,Intersection RD 943,M,50.766300662499454,2.7668052065387125
201800019404,NonLethal,2018-02-21,16:40:00,Daylight,620,297,No,NoIntersection,Overcast,Other,rue de la gare,M,50.82373161312737,2.8252599580928246
201800019405,NonLethal,2018-09-25,07:45:00,Daylight,620,792,No,X-type,Normal,2Vehicles-Side,rd943,M,50.78335722557357,2.7831377037979874
201800019406,NonLethal,2018-12-21,00:45:00,NightNoStreetLight,620,792,No,NoIntersection,Normal,Other,Départementale 943,M,50.78361909049723,2.7834150638062662
201800019407,NonLethal,2018-01-27,16:30:00,Daylight,830,120,Yes,NoIntersection,Normal,2Vehicles-Side,Avenue Gaston de Saporta,M,43.37937590617391,5.380917817546344
201800019408,NonLethal,2018-02-20,13:00:00,Daylight,830,116,No,NoIntersection,Normal,2Vehicles-BehindVehicles-Frontal,route nationale 7,M,43.42917312744303,5.429628201440476
201800019409,NonLethal,2018-03-20,11:30:00,Daylight,830,116,Yes,NoIntersection,Normal,2Vehicles-Behind,Route de marseille,M,43.437102692184816,5.433451984635981
201800019410,NonLethal,2018-03-22,19:31:00,NightStreelightsOn,830,87,Yes,NoIntersection,Normal,2Vehicles-Side,D280,M,43.37026099452587,5.370842280547262
201800019411,NonLethal,2018-04-28,05:00:00,NightNoStreetLight,830,87,No,Roundabout,Normal,NoCollision,D560 - D1,M,43.391157500781816,5.394690204559778
201800019412,NonLethal,2018-04-27,23:30:00,NightNoStreetLight,830,125,No,NoIntersection,Normal,Other,D560,M,43.50315221973075,5.501860963352914