AccidentId,Gravity,Date,Hour,Light,Department,Commune,InAgglomeration,IntersectionType,Weather,CollisionType,PostalAddress,GPSCode,Latitude,Longitude
201800019413,NonLethal,2018-05-05,12:30:00,Daylight,830,21,Yes,Other,Normal,Other,parking de l'école prima,M,43.46882119008518,5.470844090494084
201800019415,NonLethal,2018-07-06,14:05:00,Daylight,830,116,Yes,Other,LightRain,Other,boulevard jean jaurès,M,43.45321475572252,5.451527814816405
201800019417,NonLethal,2018-03-07,08:55:00,Daylight,830,87,No,NoIntersection,Normal,2Vehicles-BehindVehicles-Frontal,RD 560,M,43.385892324391335,5.384393680300303
201800019418,NonLethal,2018-11-07,21:15:00,NightNoStreetLight,830,96,No,NoIntersection,Normal,2Vehicles-BehindVehicles-Frontal,DN7,M,43.46801611167916,5.465833849106067
201800019419,NonLethal,2018-07-16,14:00:00,Daylight,830,116,No,NoIntersection,Overcast,2Vehicles-BehindVehicles-Frontal,DN 7,M,43.45496323734253,5.456034370660047
201800019420,Lethal,2018-07-22,07:03:00,TwilightOrDawn,830,140,No,NoIntersection,VeryGood,2Vehicles-BehindVehicles-Frontal,DN7,M,43.40645832366496,5.407536858909732
201800019421,NonLethal,2018-08-29,19:55:00,TwilightOrDawn,830,116,Yes,NoIntersection,Normal,2Vehicles-Side,RD 560 A,M,43.43856685610161,5.439642927563179
201800019423,NonLethal,2018-10-07,06:00:00,NightNoStreetLight,830,140,No,NoIntersection,LightRain,NoCollision,DN7,M,43.40849669715909,5.409098699648448
201800019424,NonLethal,2018-10-19,16:45:00,Daylight,830,120,Yes,NoIntersection,Normal,Other,Rue Jean-Moulin,M,43.38172232078979,5.3817750964077415
201800019425,NonLethal,2018-10-26,00:20:00,NightNoStreetLight,830,110,No,NoIntersection,Normal,Other,RD1,M,43.39525450438775,5.394903555268931
201800019426,NonLethal,2018-10-31,19:00:00,NightNoStreetLight,830,96,No,NoIntersection,HeavyRain,3+Vehicles-Chain,DN07,M,43.46652592710402,5.468662560496805
201800019430,NonLethal,2018-02-01,12:45:00,Daylight,830,73,Yes,NoIntersection,Normal,3+Vehicles-Chain,15 boulevard Charles GAU,M,43.39366920321355,6.392424795209006
201800019431,NonLethal,2018-03-16,07:45:00,Daylight,830,31,No,NoIntersection,Normal,3+Vehicles-Chain,RD17 - Route du Thoronet,M,43.4034385434401,6.401992516897811
201800019433,NonLethal,2018-05-27,11:30:00,Daylight,830,31,No,NoIntersection,Normal,2Vehicles-Side,RD 558,M,43.386359544204495,6.385672457202725
201800019436,Lethal,2018-06-14,13:20:00,Daylight,830,73,No,NoIntersection,Normal,Other,les Destres Nord,M,43.39486860007732,6.393066171167801
201800019437,NonLethal,2018-07-31,06:35:00,Daylight,830,18,No,NoIntersection,Normal,2Vehicles-BehindVehicles-Frontal,Départementale 13,M,43.3426279751899,6.341970902052192
201800019439,NonLethal,2018-08-23,07:50:00,Daylight,830,75,No,NoIntersection,Normal,2Vehicles-BehindVehicles-Frontal,D75,M,43.31908845862489,6.316713700479108
201800019440,Lethal,2018-02-09,18:45:00,Daylight,830,57,No,Roundabout,Normal,Other,DN7,M,43.369031034555086,6.368674804254338
201800019441,NonLethal,2018-09-26,07:30:00,Daylight,830,31,No,NoIntersection,Normal,3+Vehicles-Multiple,D558 - PK 9+300,M,43.35040042543502,6.348415375924592
201800019442,NonLethal,2018-10-05,13:00:00,Daylight,830,57,No,NoIntersection,Normal,2Vehicles-BehindVehicles-Frontal,rd l3,M,43.35842349341462,6.357003167940479
201800019443,NonLethal,2018-12-10,15:30:00,Daylight,830,31,No,NoIntersection,Normal,2Vehicles-BehindVehicles-Frontal,D17 route du Thoronet,M,43.402984189344906,6.402140908299221
201800019446,NonLethal,2018-10-29,14:15:00,Daylight,830,18,No,NoIntersection,HeavyRain,NoCollision,D13,M,43.34538003017815,6.347076754961991
201800019447,NonLethal,2018-11-14,05:10:00,NightNoStreetLight,830,73,No,NoIntersection,Normal,2Vehicles-Behind,D33,M,43.368433640375976,6.370422010851156
201800019448,NonLethal,2018-12-17,03:30:00,NightNoStreetLight,830,18,No,NoIntersection,Overcast,Other,D13,M,43.327573793126085,6.328862532743836
201800019450,NonLethal,2018-12-24,09:45:00,Daylight,830,73,Yes,Other,Normal,Other,avenue pablo picasso,M,43.39762883615556,6.397478026444147
201800019452,NonLethal,2018-02-20,00:45:00,NightNoStreetLight,740,20,No,NoIntersection,Normal,Other,CD 26,M,46.35349783743136,6.354570693815795
201800019453,Lethal,2018-03-25,03:00:00,NightStreelightsOn,740,180,Yes,NoIntersection,Normal,Other,56 route des repingons,M,46.34553140544791,6.345153341680181
201800019454,NonLethal,2018-04-26,07:00:00,Daylight,740,293,Yes,NoIntersection,Normal,2Vehicles-Side,Route départementale 100,M,46.27590577756226,6.274879610827739
201800019455,NonLethal,2018-04-29,16:50:00,Daylight,740,180,Yes,NoIntersection,Normal,2Vehicles-BehindVehicles-Frontal,route de la pointe,M,46.34955120242703,6.351024137376292
201800019456,NonLethal,2018-04-17,17:30:00,Daylight,740,263,Yes,NoIntersection,Normal,2Vehicles-Side,CHEMIN DES VOIES,M,46.32705135776921,6.326107187019142
201800019457,NonLethal,2018-05-18,16:30:00,Daylight,740,105,Yes,NoIntersection,Normal,2Vehicles-Side,39 avenue de GENEVE,M,46.30329908704793,6.30364614894924
201800019458,NonLethal,2018-05-28,17:20:00,Daylight,740,5,No,NoIntersection,Normal,2Vehicles-BehindVehicles-Frontal,D12 route du Noyer,M,46.34898474209961,6.349189425744644
201800019461,Lethal,2018-07-23,17:15:00,Daylight,740,157,No,NoIntersection,Normal,2Vehicles-BehindVehicles-Frontal,Route de bellevaux,M,46.34141470216852,6.340659879419714
201800019463,NonLethal,2018-08-25,18:40:00,Daylight,740,263,No,NoIntersection,Normal,NoCollision,RD25,M,46.32065897604377,6.320278349227393
201800019464,NonLethal,2018-08-26,09:00:00,Daylight,740,150,Yes,Roundabout,VeryGood,2Vehicles-Side,D1206,M,46.280812801370224,6.280757703376154
201800019465,NonLethal,2018-09-18,18:14:00,Daylight,740,105,Yes,NoIntersection,Normal,Other,45 rue du centre,M,46.30723180050201,6.305783836006339
201800019467,NonLethal,2018-10-07,17:12:00,Daylight,740,171,No,NoIntersection,Normal,2Vehicles-BehindVehicles-Frontal,Départementale 1005,M,46.32050100660987,6.321366920537891
201800019468,NonLethal,2018-11-16,16:50:00,Daylight,740,43,No,NoIntersection,LightRain,3+Vehicles-Multiple,RD 903 - Avenue du salèv,M,46.26074376568383,6.260547303429256
201800019469,NonLethal,2018-11-23,22:45:00,NightStreelightsOn,740,105,Yes,NoIntersection,HeavyRain,2Vehicles-BehindVehicles-Frontal,Avenue de Thonon - D1005,M,46.30817643419644,6.3108401076318525
201800019470,NonLethal,2018-11-28,18:35:00,NightStreelightsOn,740,106,No,X-type,Normal,2Vehicles-Side,Carrefour D12/D35,M,46.30670501931687,6.306232979106324
201800019471,NonLethal,2018-12-25,00:50:00,NightStreelightsOn,740,150,Yes,Y-type,Normal,NoCollision,455 grande rue,M,46.29373062493482,6.2908313408576655
201800019472,NonLethal,2018-12-28,04:00:00,NightNoStreetLight,740,150,No,NoIntersection,Normal,Other,route des penets,M,46.2810971348606,6.28065467785206
201800019473,Lethal,2018-01-30,15:06:00,Daylight,240,234,No,NoIntersection,Normal,2Vehicles-BehindVehicles-Frontal,D709,M,45.00246235138606,3.0034060250397845
201800019474,Lethal,2018-03-17,15:20:00,Daylight,240,442,No,NoIntersection,SnowOrHail,3+Vehicles-Multiple,A89 - pk 100.650,M,45.12410814169354,5.125188546602008
201800019475,NonLethal,2018-11-30,09:00:00,Daylight,240,312,No,NoIntersection,LightRain,3+Vehicles-Chain,A89,M,45.14142898136522,7.142124786567637
201800019476,NonLethal,2018-02-20,11:57:00,Daylight,340,169,No,Roundabout,Normal,NoCollision,chemin des sarments,M,43.68004113613781,3.67735730492545
201800019477,NonLethal,2018-02-26,15:08:00,Daylight,340,14,No,NoIntersection,Normal,NoCollision,départementale 68,M,43.72417211255034,3.723673782192253
201800019478,NonLethal,2018-04-18,08:40:00,Daylight,340,309,Yes,NoIntersection,Normal,3+Vehicles-Chain,RD21,M,43.674559228161655,3.674320405323074
201800019480,NonLethal,2018-04-26,17:05:00,Daylight,340,118,No,NoIntersection,Normal,2Vehicles-Side,route de Saint Mathieu C,M,43.73815376152246,3.738531974402688
201800019481,NonLethal,2018-05-24,12:00:00,Daylight,340,14,Yes,T-type,Normal,2Vehicles-BehindVehicles-Frontal,RD 109,M,43.70089934029484,3.700182072523074
201800019484,NonLethal,2018-06-26,12:00:00,Daylight,340,77,No,NoIntersection,Normal,NoCollision,cd 17,M,43.66004286809773,3.660068919800424
201800019487,NonLethal,2018-09-13,13:35:00,Daylight,340,309,No,Roundabout,Normal,2Vehicles-Behind,D109,M,43.67688511574703,3.677898679989364
201800019488,NonLethal,2018-09-14,18:30:00,Daylight,340,120,Yes,NoIntersection,Normal,2Vehicles-Side,rue Fernand Soubeyran,M,43.65881556929152,3.659949134203604
201800019489,NonLethal,2018-10-10,11:45:00,Daylight,340,309,Yes,NoIntersection,HeavyRain,2Vehicles-BehindVehicles-Frontal,DEPARMENTALE 21,M,43.693779611868976,3.693586942069433
201800019490,NonLethal,2018-10-16,16:00:00,Daylight,340,118,No,NoIntersection,Normal,NoCollision,D26,M,43.731684433164496,3.7296548869604216
201800019492,NonLethal,2018-12-08,13:30:00,Daylight,340,309,Yes,X-type,Normal,2Vehicles-Side,Avenue de Montaud,M,43.6892355496381,3.687309861350294
201800019493,NonLethal,2018-01-24,21:00:00,NightStreelightsOn,160,154,Yes,T-type,Normal,2Vehicles-BehindVehicles-Frontal,,M,45.67293777786024,1.6731486203931671
201800019495,NonLethal,2018-01-26,13:00:00,Daylight,160,15,Yes,NoIntersection,Normal,Other,,M,45.64810124860219,1.6454092839768006
201800019496,NonLethal,2018-01-21,18:45:00,NightStreelightsOn,160,15,Yes,T-type,LightRain,2Vehicles-BehindVehicles-Frontal,,M,45.650875795259175,1.6497630162072694
201800019497,NonLethal,2018-03-31,22:20:00,NightStreelightsOn,160,154,Yes,NoIntersection,Normal,Other,50 route de VArs,M,45.66209068054752,1.663288302623965
201800019498,NonLethal,2018-04-06,19:40:00,Daylight,160,15,Yes,NoIntersection,Normal,Other,,M,45.65836306077886,1.6588564848894845
201800019499,NonLethal,2018-04-20,17:10:00,Daylight,160,113,No,Other,Normal,Other,Deviation la Couronne,M,45.61910159505485,1.6191415714311808
201800019501,NonLethal,2018-04-06,04:30:00,NightNoStreetLight,160,15,No,NoIntersection,Normal,Other,VOIE DE L'EUROPE,M,45.64313104892967,1.6432434734822357
201800019502,NonLethal,2018-06-02,09:45:00,Daylight,160,15,Yes,Other,Normal,Other,Intermarché,M,45.66227626709938,1.6600975901332478
201800019504,NonLethal,2018-07-22,07:45:00,TwilightOrDawn,160,15,No,NoIntersection,Normal,2Vehicles-BehindVehicles-Frontal,rue de BASSEAU,M,45.65324506406653,1.6544293638710383
201800019506,NonLethal,2018-07-09,16:20:00,Daylight,160,15,No,NoIntersection,Normal,2Vehicles-Side,BOULEVARD DE BIGORRE,M,45.62808138878052,1.6282348593132263
201800019507,NonLethal,2018-07-09,18:00:00,Daylight,160,374,Yes,Roundabout,Normal,2Vehicles-Behind,Giratoie des Effamiers,M,45.63405651747276,2.633663916268544
201800019509,NonLethal,2018-11-09,13:10:00,Daylight,160,374,Yes,NoIntersection,Normal,2Vehicles-BehindVehicles-Frontal,ROUTE DE SAINT-MARC,M,45.635298777828,1.6366729397699151
201800019510,NonLethal,2018-09-14,09:33:00,Daylight,160,15,Yes,NoIntersection,Normal,Other,Place Victor Hugo,M,45.648655539476245,1.649066867737694
201800019511,NonLethal,2018-09-27,09:10:00,Daylight,160,358,Yes,T-type,Normal,2Vehicles-Side,rue de ROYAN,M,45.66413699214187,1.66410761961068
201800019513,NonLethal,2018-10-12,11:55:00,Daylight,160,374,Yes,NoIntersection,Normal,2Vehicles-Behind,AVENUE DU GAL DE GAULLE,M,45.64051393875246,1.642002013609292
201800019514,Lethal,2018-10-24,16:00:00,Daylight,160,154,Yes,NoIntersection,Normal,Other,RUE DE PARIS,M,45.66714600000528,1.6659767184435783
201800019515,NonLethal,2018-05-11,12:15:00,Daylight,160,374,Yes,T-type,Normal,2Vehicles-Behind,AVENUE DU Gal DE GAULLE,M,45.64178340624135,1.6413415967426088
201800019516,NonLethal,2018-12-02,08:25:00,Daylight,160,89,Yes,Roundabout,Normal,NoCollision,Le Fief du Roy,M,45.67359117281701,-0.676009269050815
201800019517,NonLethal,2018-04-03,06:30:00,NightStreelightsOn,160,102,Yes,X-type,LightRain,Other,23 BOULEVARD CHATENAY,M,45.69732752604694,-0.6958842359861203
201800019518,NonLethal,2018-09-03,14:15:00,Daylight,160,102,Yes,X-type,Normal,2Vehicles-Side,Boulevard de PARIS,M,45.68895973685502,-0.6892613242149952
201800019519,NonLethal,2018-03-17,19:10:00,Daylight,160,89,Yes,NoIntersection,Normal,Other,,M,45.68083225192467,-0.6801966226496751
201800019520,NonLethal,2018-04-14,01:40:00,NightStreelightsOn,160,102,Yes,X-type,Normal,2Vehicles-Side,HUGO (AVENUE VICTOR),M,45.69030097320301,-0.6918780636229105
201800019521,NonLethal,2018-04-26,19:29:00,Daylight,160,102,Yes,Roundabout,Normal,2Vehicles-Side,PLACE SAINT-JACQUES,M,45.701820659520685,-0.6990946356258404
201800019522,NonLethal,2018-05-09,23:10:00,NightStreelightsOn,160,89,Yes,Roundabout,Normal,Other,RUE DU COMMERCE,M,45.68336374476559,-0.6834672341597621
201800019523,NonLethal,2018-06-25,07:40:00,Daylight,160,102,Yes,X-type,Normal,Other,boulevard de PARIS,M,45.688908782842105,-0.6889855294764561
201800019524,NonLethal,2018-07-07,13:50:00,Daylight,160,102,Yes,X-type,Normal,2Vehicles-Side,BOULEVARD DE CHATENAY,M,45.69593231898436,-0.6971799959352312
201800019525,NonLethal,2018-05-08,15:00:00,Daylight,160,102,Yes,NoIntersection,Normal,2Vehicles-Side,Bd DENFERT ROCHEREAU,M,45.69675607953503,-0.6971754155174434
201800019526,NonLethal,2018-08-03,12:05:00,Daylight,160,89,No,Roundabout,Normal,2Vehicles-Behind,Giratoire de la Trâche,M,45.68063148431834,-0.6806460371545675
201800019527,NonLethal,2018-08-15,11:20:00,Daylight,160,102,Yes,T-type,Normal,2Vehicles-BehindVehicles-Frontal,RUE DES MINOTIERS,M,45.69993628523179,-0.7011066296292319
201800019528,NonLethal,2018-08-30,13:55:00,Daylight,160,102,Yes,NoIntersection,Normal,Other,boulevard de PARIS,M,45.68507207606429,-0.6864300109491419
201800019529,NonLethal,2018-08-31,22:00:00,NightStreelightsOn,160,102,Yes,T-type,Normal,2Vehicles-Side,rue TURNER,M,45.68913495877663,-0.691319699595519
201800019530,NonLethal,2018-09-25,07:00:00,NightStreelightsOn,160,89,Yes,NoIntersection,Normal,NoCollision,GIRATOIRE DE LATRACHE,M,45.68401381710815,-0.6808588001446173
201800019531,NonLethal,2018-10-01,16:40:00,Daylight,160,102,Yes,X-type,Normal,2Vehicles-Side,,M,45.69895279025437,-0.70005165150188
201800019532,NonLethal,2018-10-13,20:30:00,NightStreelightsOn,160,89,Yes,Roundabout,Normal,2Vehicles-Side,ZI Le Fief du Roy,M,45.68365494998132,-0.6832684188930815
201800019535,NonLethal,2018-10-27,18:35:00,TwilightOrDawn,160,102,Yes,NoIntersection,Normal,3+Vehicles-Chain,,M,45.69850608824914,-0.6988998869880326
201800019536,NonLethal,2018-06-11,17:10:00,Daylight,160,102,Yes,NoIntersection,LightRain,Other,AVENUE VICTOR HUGO,M,45.688182931308674,-0.6898858130999026
201800019537,NonLethal,2018-11-14,17:10:00,Daylight,160,102,Yes,T-type,Normal,3+Vehicles-Multiple,AVENUE DE ROYAN,M,45.68354441667772,-0.6857204994146378
201800019538,NonLethal,2018-11-27,15:30:00,Daylight,160,89,Yes,X-type,Normal,2Vehicles-Side,LD Beauregard,M,45.673178207884895,-0.6730540040858639
201800019539,NonLethal,2018-12-03,20:50:00,NightStreelightsOn,160,102,Yes,NoIntersection,LightRain,Other,BOULEVARD DE CHATENAY,M,45.69605971052974,-0.6935808129803199
201800019540,NonLethal,2018-07-12,00:20:00,NightStreelightsOn,160,102,Yes,T-type,LightRain,2Vehicles-Behind,AVENUE VICTOR HUGO,M,45.68840312808244,-0.689309641770179
201800019541,NonLethal,2018-12-26,16:15:00,Daylight,160,102,Yes,T-type,Normal,2Vehicles-Side,RUE DE PONS,M,45.6885289215857,-0.6879902680908367
201800019542,NonLethal,2018-12-30,20:30:00,NightStreelightsOn,160,102,Yes,X-type,Normal,2Vehicles-BehindVehicles-Frontal,BD DENFERT ROCHEREAU,M,45.69309482560152,-0.6963380122118542
201800019543,NonLethal,2018-11-09,17:45:00,Daylight,770,185,Yes,NoIntersection,Normal,NoCollision,Rue Passeroux,M,48.44674389346503,2.4458074371953824
201800019544,NonLethal,2018-10-14,08:40:00,TwilightOrDawn,770,185,No,NoIntersection,Normal,NoCollision,lieu dit chalmont,M,48.43443109748812,2.43339906850494
201800019545,NonLethal,2018-11-01,13:45:00,Daylight,770,6,No,NoIntersection,LightRain,Other,départementale 409 PK 5,M,48.41473718541732,2.4139093773036464
201800019546,Lethal,2018-11-06,11:15:00,Daylight,770,185,Yes,NoIntersection,Normal,2Vehicles-BehindVehicles-Frontal,50 rue des meuniers,M,48.45506210650734,2.456473074294548
201800019547,NonLethal,2018-11-08,07:40:00,Daylight,770,425,Yes,X-type,Normal,2Vehicles-Side,D50 X RUE F. BOURGEOIS,M,48.43664491635482,2.4366927270807013
201800019548,NonLethal,2018-03-01,17:30:00,NightStreelightsOn,690,100,Yes,NoIntersection,LightRain,Other,rue Baudrand,M,45.67468773450036,4.674025212297389
201800019549,NonLethal,2018-09-03,17:30:00,Daylight,690,133,Yes,NoIntersection,Normal,2Vehicles-BehindVehicles-Frontal,intersection rue des gel,M,45.637790857564966,4.636173715285048
201800019550,NonLethal,2018-05-03,10:30:00,Daylight,690,133,Yes,Square,LightRain,Other,place du BOUTON,M,45.6274985420718,4.627687149265155
201800019551,NonLethal,2018-05-06,14:15:00,Daylight,690,260,Yes,NoIntersection,Normal,2Vehicles-Side,chemin des gaupières,M,45.65075265690067,4.651004457614286
201800019552,NonLethal,2018-10-06,00:45:00,NightStreelightsOn,690,46,Yes,T-type,Normal,2Vehicles-Side,intersection rue de la f,M,45.65106327900006,4.651345989854674
201800019554,NonLethal,2018-02-10,17:10:00,Daylight,690,46,No,NoIntersection,Normal,2Vehicles-BehindVehicles-Frontal,1545 chemin du bas priva,M,45.648512170945466,4.650290336783321
201800019555,NonLethal,2018-07-11,07:50:00,Daylight,690,260,Yes,NoIntersection,Normal,2Vehicles-BehindVehicles-Frontal,rue de la fée des eaux,M,45.65290806208598,4.6529111216288985
201800019556,NonLethal,2018-11-28,07:15:00,TwilightOrDawn,690,46,Yes,T-type,Normal,2Vehicles-Side,angle rue du malpas - ch,M,45.65325739730875,4.6506592762908765
201800019557,Lethal,2018-06-04,22:25:00,NightStreelightsOn,590,335,Yes,T-type,Normal,Other,1958 route de Tournai,M,50.47411386007352,3.473713881342801
201800019559,NonLethal,2018-05-25,14:47:00,Daylight,590,114,Yes,NoIntersection,Normal,Other,60 rue henri durre,M,50.4527231435163,3.452641145864707
201800019560,NonLethal,2018-01-23,18:25:00,NightStreelightsOn,660,28,Yes,NoIntersection,Normal,Other,avenue du 19 mars 1962,M,42.67961864935565,2.6800285513078124
201800019561,NonLethal,2018-06-28,07:50:00,Daylight,660,28,No,X-type,VeryGood,2Vehicles-Side,Ancien chemin de Villene,M,42.66897850748632,2.6694130557219355
201800019562,NonLethal,2018-10-16,07:00:00,TwilightOrDawn,660,28,Yes,NoIntersection,Overcast,2Vehicles-Side,avenue Camille Claudel,M,42.68967198239237,2.688961749430794
201800019563,Lethal,2018-01-19,15:20:00,Daylight,170,299,Yes,NoIntersection,Normal,NoCollision,"., MOUILLEPIED RUE DE",M,45.95459527117366,-0.9533994903720492
201800019565,NonLethal,2018-05-25,13:40:00,Daylight,170,299,Yes,NoIntersection,LightRain,2Vehicles-BehindVehicles-Frontal,TORRELAVEGA AVENUE DE,M,45.92982969053488,-0.928212685844081
201800019566,NonLethal,2018-06-03,18:00:00,Daylight,170,299,Yes,NoIntersection,Normal,Other,THIERS RUE,M,45.935329676315526,-0.933626758850668
201800019567,NonLethal,2018-06-07,14:35:00,Daylight,170,299,Yes,NoIntersection,Normal,2Vehicles-BehindVehicles-Frontal,BIGNON BOULEVARD ET ROND,M,45.93826717723042,-0.938085508552224
201800019568,NonLethal,2018-03-07,19:00:00,Daylight,170,449,Yes,T-type,Normal,2Vehicles-Side,BRAILLE RUE LOUIS,M,45.95455073788692,-0.9537257649511997
201800019569,NonLethal,2018-05-08,22:15:00,NightStreelightsOn,170,299,Yes,NoIntersection,Normal,NoCollision,TORRELAVEGA AVENUE DE,M,45.92840361828807,-0.927469854265038
201800019570,NonLethal,2018-12-09,09:50:00,Daylight,170,299,No,NoIntersection,Normal,Other,R.D.733BIS,M,45.924590967661686,-0.924724211646351
201800019571,NonLethal,2018-09-25,18:40:00,Daylight,170,299,Yes,NoIntersection,Normal,Other,SADI CARNOT AVENUE,M,45.93835065862755,-0.9372238203409458
201800019572,NonLethal,2018-10-02,09:55:00,Daylight,170,449,Yes,NoIntersection,Normal,NoCollision,PONT ROUGE AVENUE DU,M,45.9500089034342,-0.950753381513736
201800019573,NonLethal,2018-10-06,22:20:00,NightStreelightsOn,170,299,No,NoIntersection,LightRain,Other,TORRELAVEGA AVENUE DE,M,45.92884156211031,-0.9305608780830114
201800019574,NonLethal,2018-10-31,19:10:00,NightStreelightsOn,170,449,Yes,NoIntersection,LightRain,NoCollision,AUNIS AVENUE D',M,45.95106988390844,-0.9507961991761692
201800019576,NonLethal,2018-11-13,07:15:00,NightNoStreetLight,170,299,Yes,NoIntersection,LightRain,NoCollision,DEPORTES ET FUSILLES AVE,M,45.93075125231294,-0.9327980456160816
201800019577,NonLethal,2018-11-15,14:48:00,Daylight,170,299,No,NoIntersection,Normal,2Vehicles-Behind,BIGNON BOULEVARD ET ROND,M,45.94599811442174,-0.9475047305648168
201800019578,NonLethal,2018-07-12,08:15:00,NightStreelightsOn,170,299,Yes,Roundabout,LightRain,2Vehicles-Side,BONNET RUE DU DOCTEUR,M,45.9453233207152,-0.9451849481229024
201800019579,NonLethal,2018-12-20,17:55:00,NightNoStreetLight,170,299,No,Roundabout,LightRain,2Vehicles-Side,BRILLOUET ROND POINT,M,45.95744479385031,-0.9572498694736088
201800019580,NonLethal,2018-01-02,17:30:00,NightNoStreetLight,170,300,Yes,NoIntersection,LightRain,2Vehicles-BehindVehicles-Frontal,"1, QUATORZE JUILLET   AV",M,46.1559687304089,-0.1527517724702342
201800019581,NonLethal,2018-01-03,00:05:00,NightStreelightsOn,170,300,Yes,NoIntersection,LightRain,2Vehicles-Side,SAUTEL  BOULEVARD ANDRE,M,46.17062237866194,-0.169274998336693
201800019582,NonLethal,2018-03-01,18:05:00,NightStreelightsOn,170,300,Yes,NoIntersection,HeavyRain,Other,"0, JOFFRE   BOULEVARD (2",M,46.16163399008176,-0.1620712754447885
201800019585,NonLethal,2018-12-01,07:30:00,NightStreelightsOn,170,28,Yes,NoIntersection,Normal,Other,"09, EINSTEIN   RUE",M,46.12755990854178,-0.1273499707082712
201800019586,NonLethal,2018-12-01,19:35:00,NightStreelightsOn,170,291,Yes,NoIntersection,Normal,2Vehicles-BehindVehicles-Frontal,"0, MARE   RUE DU FIEF DE",M,46.18252764063965,-0.1832426454159808
201800019587,NonLethal,2018-01-15,13:45:00,Daylight,170,291,Yes,NoIntersection,LightRain,Other,"0, QUATORZE JUILLET   RU",M,46.17378904459956,-0.1752739198857727
201800019588,NonLethal,2018-01-16,18:30:00,NightStreelightsOn,170,300,Yes,NoIntersection,LightRain,Other,"160, GUITON   AVENUE JEA",M,46.16113983603868,-0.1593081091066421
201800019592,NonLethal,2018-01-24,06:46:00,NightNoStreetLight,170,200,Yes,Roundabout,Normal,2Vehicles-Side,"0, RAYON D'OR   RUE DU",M,46.18999951280539,-0.1907976085339462
201800019593,NonLethal,2018-01-26,12:20:00,Daylight,170,300,Yes,NoIntersection,Normal,2Vehicles-Behind,"55, JOFFRE   BOULEVARD (",M,46.158956377058495,-0.1568377311158691
201800019594,NonLethal,2018-01-26,13:20:00,Daylight,170,274,Yes,Roundabout,Normal,2Vehicles-Behind,REPUBLIQUE   ROND-POINT,M,46.15254189576415,1.153232387778777
201800019595,NonLethal,2018-01-27,15:10:00,Daylight,170,300,No,NoIntersection,VeryGood,2Vehicles-Behind,117 PK RN137 JUSTICE ROC,M,46.16237729468233,-0.1635882904834709
201800019596,NonLethal,2018-01-29,18:40:00,NightNoStreetLight,170,291,No,NoIntersection,Normal,NoCollision,"l, LOGIS   RUE DU",M,46.190157399796014,-0.1872724118728318
201800019597,NonLethal,2018-01-30,18:00:00,TwilightOrDawn,170,274,No,NoIntersection,Normal,2Vehicles-BehindVehicles-Frontal,"01, Route de Belle Croix",M,46.1661183368819,-0.1676279406974001
201800019598,NonLethal,2018-01-31,07:30:00,NightStreelightsOn,170,300,Yes,T-type,LightRain,2Vehicles-Side,"12, LECLERC   AVENUE DU",M,46.16516699702248,-0.1620951139438683
201800019599,NonLethal,2018-02-01,15:45:00,Daylight,170,300,Yes,NoIntersection,Normal,Other,"1, FOLLETIER  RUE FRANO",M,46.14077074804958,-0.1408714691675577
201800019600,NonLethal,2018-02-02,15:20:00,Daylight,170,300,Yes,NoIntersection,Normal,2Vehicles-Side,SARTRE   AVENUE JEAN-PAU,M,46.15557489128434,-0.1538222722103132
201800019601,NonLethal,2018-02-02,17:40:00,TwilightOrDawn,170,300,Yes,NoIntersection,Normal,2Vehicles-Behind,"00, SAUTEL  BOULEVARD AN",M,46.1723049953026,-0.170883280019865
201800019602,NonLethal,2018-02-04,12:00:00,Daylight,170,300,Yes,NoIntersection,Normal,Other,THIERS   RUE,M,46.1601067723869,-0.1595165131497229
201800019603,NonLethal,2018-02-13,19:05:00,NightStreelightsOn,170,274,Yes,NoIntersection,Normal,2Vehicles-Behind,"24, GRANDE RUE   RUE",M,46.1532766074497,-0.1538901704032609
201800019605,NonLethal,2018-02-14,19:10:00,NightStreelightsOn,170,300,Yes,NoIntersection,HeavyRain,2Vehicles-Side,"1.000, CENT-VINGT-TROISI",M,46.15213209229981,-0.1515052978284262
201800019606,NonLethal,2018-02-16,10:30:00,Daylight,170,274,Yes,NoIntersection,Normal,2Vehicles-Behind,", POTEAU   RUE DU",M,46.16555991424564,-0.1651251422330237
201800019607,NonLethal,2018-02-19,19:15:00,NightStreelightsOn,170,300,Yes,Roundabout,LightRain,2Vehicles-Side,SARTRE   AVENUE JEAN-PAU,M,46.1526140763104,1.152419336955116
201800019608,NonLethal,2018-02-22,17:15:00,Daylight,170,291,No,NoIntersection,Normal,3+Vehicles-Chain,35 PK RN11 ROCADE NANTES,M,46.17327552309074,-0.1708418659353281
201800019609,NonLethal,2018-02-23,17:45:00,Daylight,170,300,Yes,T-type,Normal,2Vehicles-Side,CIMETIERE   AVENUE DU,M,46.16603107294902,-0.1654453722805119