AccidentId,Gravity,Date,Hour,Light,Department,Commune,InAgglomeration,IntersectionType,Weather,CollisionType,PostalAddress,GPSCode,Latitude,Longitude
201800019611,NonLethal,2018-02-24,15:21:00,Daylight,170,291,No,NoIntersection,Normal,2Vehicles-Behind,33 PK RN11 ROCADE NANTES,M,46.1799162501143,-0.1809717922932012
201800019612,NonLethal,2018-02-25,12:30:00,Daylight,170,300,Yes,T-type,Normal,2Vehicles-Side,CORDELIERS  AVENUE DES,M,46.16648554518782,-0.1666050905953816
201800019614,NonLethal,2018-09-03,08:58:00,Daylight,170,300,Yes,NoIntersection,Normal,2Vehicles-Behind,DURAND  QUAI LOUIS,M,46.15712139123044,-0.1582165198733291
201800019615,NonLethal,2018-03-09,14:30:00,Daylight,170,300,Yes,T-type,Normal,2Vehicles-Side,"1, EINSTEIN   AVENUE ALB",M,46.1473418336988,-0.1482799945553066
201800019616,NonLethal,2018-03-13,18:09:00,Daylight,170,300,Yes,NoIntersection,Normal,2Vehicles-Side,"., CHURCHILL   BOULEVARD",M,46.15527251688776,-0.1527024666385707
201800019617,NonLethal,2018-03-14,20:15:00,NightStreelightsOn,170,300,No,NoIntersection,LightRain,Other,KENNEDY   AVENUE DU PRES,M,46.16675218215788,-0.1668219022099097
201800019618,NonLethal,2018-03-15,03:00:00,NightNoStreetLight,170,28,No,NoIntersection,Overcast,NoCollision,Chemin Gigas,M,46.12622690804379,-0.1263227188607786
201800019619,NonLethal,2018-03-15,17:00:00,Daylight,170,300,Yes,X-type,HeavyRain,2Vehicles-Side,"91, GRASSET   AVENUE EDM",M,46.163261758142,-0.1627428794943538
201800019620,NonLethal,2018-03-17,01:15:00,NightNoStreetLight,170,28,No,NoIntersection,LightRain,Other,114 PK RN137 JUSTICE ROC,M,46.136268364759445,-0.1327590074980452
201800019621,NonLethal,2018-03-17,14:20:00,Daylight,170,300,Yes,NoIntersection,Normal,2Vehicles-Side,"1, CREPEAU   AVENUE MICH",M,46.15256294479724,-0.153320934581255
201800019622,NonLethal,2018-03-24,17:47:00,Daylight,170,200,Yes,NoIntersection,LightRain,2Vehicles-Behind,"0, 04 PK RN237 RE MOULIN",M,46.17513887406177,-0.1752436784126366
201800019623,NonLethal,2018-03-24,22:05:00,NightStreelightsOn,170,300,Yes,T-type,Normal,2Vehicles-Side,LECLERC   AVENUE DU GENE,M,46.16525289938045,-0.1619678974120356
201800019624,NonLethal,2018-03-29,12:05:00,Daylight,170,291,Yes,Roundabout,Normal,2Vehicles-Side,EUROPE  ROND POINT DE,M,46.176665599782254,-0.1767648946385439
201800019625,NonLethal,2018-04-04,18:03:00,Daylight,170,300,Yes,NoIntersection,Normal,Other,DAUPHINE  AVENUE DE LA P,M,46.168091306570375,-0.1676291563579988
201800019626,NonLethal,2018-04-06,16:00:00,Daylight,170,300,Yes,T-type,Normal,2Vehicles-Side,BAZOGES   RUE,M,46.16169203085337,-0.1597991969262863
201800019627,NonLethal,2018-04-06,23:30:00,NightStreelightsOn,170,300,Yes,NoIntersection,Normal,2Vehicles-Side,ECOLES   RUE DES,M,46.16229928690007,-0.1636964900455773
201800019628,NonLethal,2018-04-07,10:50:00,Daylight,170,300,No,Other,Normal,2Vehicles-Behind,112 PK RN137 JUSTICE ROC,M,46.172667697353575,-0.1731635438965119
201800019629,NonLethal,2018-04-07,15:10:00,Daylight,170,300,Yes,NoIntersection,HeavyRain,Other,MONNET   AVENUE JEAN,M,46.14457005925526,-0.1445713060507704
201800019630,NonLethal,2018-04-13,14:23:00,Daylight,170,28,Yes,NoIntersection,Normal,2Vehicles-Side,GRASSET   AVENUE EDMOND,M,46.13144595663256,-0.1321109038557595
201800019631,NonLethal,2018-04-13,17:20:00,Daylight,170,300,Yes,NoIntersection,Normal,3+Vehicles-Chain,SAUTEL  BOULEVARD ANDRE,M,46.16934745689889,-0.1714559019328683
201800019632,NonLethal,2018-04-16,16:25:00,Daylight,170,300,Yes,NoIntersection,Normal,Other,MAIL   ALLEE DU,M,46.15613178630071,-0.1566067640868303
201800019633,NonLethal,2018-04-16,18:45:00,Daylight,170,28,Yes,NoIntersection,Normal,2Vehicles-Behind,GRASSET   AVENUE EDMOND,M,46.13010665302576,-0.1311552844878989
201800019635,NonLethal,2018-04-19,16:00:00,Daylight,170,200,Yes,NoIntersection,Normal,Other,OISEAUX DE MER   AVENUE,M,46.1824541682049,-0.1836594115337538
201800019636,NonLethal,2018-04-20,14:45:00,Daylight,170,300,Yes,NoIntersection,Normal,3+Vehicles-Chain,LECLERC   AVENUE DU GENE,M,46.16288622759435,-0.1631777971290533
201800019637,NonLethal,2018-04-20,16:35:00,Daylight,170,28,Yes,T-type,Normal,2Vehicles-Behind,GRASSET   AVENUE EDMOND,M,46.13146556527568,-0.1307849459130466
201800019638,NonLethal,2018-04-25,22:10:00,NightStreelightsOn,170,300,Yes,X-type,Normal,2Vehicles-Side,SAINT-YON   RUE,M,46.16037631113699,-0.1590399720629112
201800019639,NonLethal,2018-04-26,07:57:00,Daylight,170,300,Yes,NoIntersection,Normal,2Vehicles-Side,FETILLY   AVENUE DE,M,46.17310630587695,-0.172566353078419
201800019640,NonLethal,2018-04-27,16:20:00,Daylight,170,300,Yes,NoIntersection,Normal,Other,ALBERT IER   RUE,M,46.16398160288658,-0.1625524465036905
201800019641,NonLethal,2018-02-05,14:10:00,Daylight,170,300,Yes,NoIntersection,Overcast,Other,VILLENEUVE   RUE,M,46.16013945663792,-0.1596696138157397
201800019642,NonLethal,2018-02-05,17:45:00,Daylight,170,273,Yes,NoIntersection,LightRain,2Vehicles-Behind,112 PK RN137 ROCHEFORT J,M,46.14931698431308,-0.1509483226889757
201800019643,NonLethal,2018-05-09,18:20:00,Daylight,170,300,Yes,T-type,Normal,2Vehicles-Side,BALANDE   RUE GASTON,M,46.170978551021534,-0.1700064811401098
201800019644,NonLethal,2018-05-09,20:00:00,Daylight,170,300,Yes,T-type,Normal,2Vehicles-Side,POINCARE   AVENUE RAYMON,M,46.16863588924999,-0.1687518396973076
201800019645,NonLethal,2018-05-14,00:30:00,NightStreelightsOn,170,300,Yes,NoIntersection,Normal,NoCollision,LOTI   AVENUE PIERRE,M,46.1641612431687,-0.1634468842601687
201800019646,NonLethal,2018-05-15,18:52:00,Daylight,170,300,Yes,T-type,VeryGood,2Vehicles-Side,MARILLAC   AVENUE,M,46.14151498448719,-0.1415604242585904
201800019647,NonLethal,2018-05-16,08:50:00,Daylight,170,28,Yes,T-type,Normal,3+Vehicles-Chain,GAULLE   AVENUE DU GENER,M,46.13206145667165,-0.1331528242454226
201800019649,NonLethal,2018-05-16,15:35:00,Daylight,170,200,No,NoIntersection,Normal,Other,ROSE AVENUE DU FIEF,M,46.17510524246212,-0.1734242935056092
201800019650,NonLethal,2018-05-16,17:45:00,Daylight,170,291,Yes,NoIntersection,Normal,2Vehicles-Behind,0 PK RN237 RE MOULIN DE,M,46.17284428227818,-0.1742184762685159
201800019652,NonLethal,2018-05-19,23:35:00,NightStreelightsOn,170,300,Yes,NoIntersection,Normal,2Vehicles-Side,JERICHO   RUE DE,M,46.16470591086721,-0.168860045699366
201800019653,NonLethal,2018-05-20,11:07:00,Daylight,170,300,No,NoIntersection,Normal,3+Vehicles-Multiple,06 PK RN237 MOULIN JUSTI,M,46.17299924057735,-0.1723429177562893
201800019654,NonLethal,2018-05-25,08:03:00,Daylight,170,200,Yes,Roundabout,LightRain,2Vehicles-Side,LAGORD VENDOME   AVENUE,M,46.1726194780061,-0.1736184673414144
201800019655,NonLethal,2018-05-26,18:02:00,Daylight,170,200,Yes,NoIntersection,Normal,Other,MOISY   AVENUE DU RECTEU,M,46.17493544868094,-0.1742095714096721
201800019656,NonLethal,2018-05-27,20:55:00,Daylight,170,28,Yes,X-type,Normal,2Vehicles-Side,GAULLE   AVENUE DU GENER,M,46.13039639771869,-0.128987126715007
201800019657,NonLethal,2018-05-28,16:05:00,Daylight,170,28,Yes,NoIntersection,Normal,2Vehicles-Behind,VERRIER   RUE LE,M,46.13082616230543,-0.1292464917476158
201800019658,NonLethal,2018-05-29,12:30:00,Daylight,170,300,Yes,T-type,LightRain,2Vehicles-Side,CHURCHILL   BOULEVARD WI,M,46.15355890862801,-0.1539770938336266
201800019659,NonLethal,2018-05-29,17:20:00,Daylight,170,300,Yes,T-type,LightRain,2Vehicles-Side,LECLERC   AVENUE DU GENE,M,46.164804502573645,-0.161878446757506
201800019660,NonLethal,2018-05-31,15:20:00,Daylight,170,300,Yes,NoIntersection,Normal,Other,CORDELIERS  AVENUE DES,M,46.16582794142178,-0.166596042950614
201800019661,NonLethal,2018-01-06,14:20:00,Daylight,170,300,Yes,NoIntersection,Normal,2Vehicles-Behind,SCHUMANN   AVENUE ROBERT,M,46.165699366903446,-0.1672825170138353
201800019663,NonLethal,2018-06-17,00:50:00,NightStreelightsOn,170,300,Yes,NoIntersection,Normal,Other,ROUX   RUE DE,M,46.1461181881961,-0.1477461825916497
201800019664,NonLethal,2018-06-18,17:15:00,Daylight,170,300,Yes,NoIntersection,Normal,2Vehicles-Behind,SARTRE   AVENUE JEAN-PAU,M,46.156007724930895,-0.1571257545131007
201800019665,NonLethal,2018-06-18,18:15:00,Daylight,170,300,Yes,NoIntersection,Normal,Other,VOILIERS   RUE DES,M,46.16597716386147,-0.1659599203497023
201800019667,NonLethal,2018-06-20,20:00:00,Daylight,170,291,No,NoIntersection,Normal,2Vehicles-Side,34 PK RN11 ROCADE NANTES,M,46.17216503582028,-0.1714984253799329
201800019668,NonLethal,2018-06-21,12:20:00,Daylight,170,274,Yes,T-type,Normal,2Vehicles-Side,PASCAL   RUE BLAISE,M,46.158047375182605,-0.1575298803546028
201800019669,NonLethal,2018-06-24,11:20:00,Daylight,170,28,Yes,NoIntersection,Normal,2Vehicles-Side,SALENGRO   AVENUE ROGER,M,46.141251163217696,-0.1420728958137566
201800019670,NonLethal,2018-06-26,19:40:00,Daylight,170,28,Yes,NoIntersection,Normal,Other,GRASSET   AVENUE EDMOND,M,46.13258335666469,-0.1319445449907621
201800019671,NonLethal,2018-06-28,13:52:00,Daylight,170,300,Yes,T-type,Normal,2Vehicles-Side,DENFERT-ROCHEREAU   AVEN,M,46.164263056646256,-0.1652089494415131
201800019672,NonLethal,2018-06-28,15:50:00,Daylight,170,300,Yes,NoIntersection,Normal,2Vehicles-Behind,SARTRE   AVENUE JEAN-PAU,M,46.153965515440326,-0.1545397041216236
201800019674,NonLethal,2018-07-07,08:00:00,Daylight,170,300,No,NoIntersection,Normal,Other,SALINES   RUE DU PONT DE,M,46.15701233221672,-0.1550427388260445
201800019675,NonLethal,2018-07-07,10:05:00,Daylight,170,300,Yes,NoIntersection,Normal,NoCollision,DUPATY   RUE,M,46.16047994874321,-0.1594318458114574
201800019676,NonLethal,2018-09-07,00:35:00,NightNoStreetLight,170,28,Yes,NoIntersection,Normal,Other,GAULLE   AVENUE DU GENER,M,46.12533717534158,-0.1263707462542872
201800019677,NonLethal,2018-07-10,13:08:00,Daylight,170,300,Yes,NoIntersection,Normal,Other,NORVEGE   RUE DE,M,46.15908029934628,-0.1597611617238914
201800019678,NonLethal,2018-07-10,22:30:00,NightStreelightsOn,170,300,No,NoIntersection,Normal,Other,SARTRE   AVENUE JEAN-PAU,M,46.15598675587939,-0.1564096832045854
201800019679,NonLethal,2018-07-11,00:45:00,NightStreelightsOn,170,300,Yes,NoIntersection,Normal,Other,SAUTEL  BOULEVARD ANDRE,M,46.16830421406245,-0.1668112122660721
201800019680,NonLethal,2018-07-11,20:23:00,TwilightOrDawn,170,28,Yes,X-type,Normal,2Vehicles-Side,PASCAL   RUE,M,46.13113267905376,-0.1300735256093137
201800019681,NonLethal,2018-07-14,20:10:00,Daylight,170,300,Yes,NoIntersection,Normal,2Vehicles-Side,REPUBLIQUE   BOULEVARD D,M,46.13990627552669,-0.1414689274113229
201800019682,NonLethal,2018-07-15,20:10:00,Daylight,170,300,Yes,NoIntersection,Normal,Other,REMPARTS   CHEMIN DES,M,46.16517568090904,-0.1655375413330341
201800019683,NonLethal,2018-07-17,17:30:00,Daylight,170,300,Yes,NoIntersection,Normal,2Vehicles-Side,LAZARET   QUAI DU,M,46.14389613795728,-0.1428102482466078
201800019684,NonLethal,2018-07-19,20:50:00,Daylight,170,300,Yes,NoIntersection,HeavyRain,Other,06 PK RN237 RE MOULIN JU,M,46.17177766853805,-0.1718039008729586
201800019685,NonLethal,2018-07-22,17:00:00,Daylight,170,300,Yes,NoIntersection,Normal,2Vehicles-Side,JOFFRE   BOULEVARD (1-25,M,46.15424135094581,-0.1526377933498863
201800019686,NonLethal,2018-07-26,10:20:00,Daylight,170,300,Yes,NoIntersection,Normal,Other,SCHOELCHER   AVENUE VICT,M,46.15341537327929,-0.1534769755049245
201800019687,NonLethal,2018-07-26,18:35:00,Daylight,170,300,Yes,NoIntersection,Normal,NoCollision,JOURDAN   RUE,M,46.16209313251269,-0.1621251433838804
201800019688,NonLethal,2018-07-26,19:10:00,Daylight,170,291,Yes,NoIntersection,Normal,3+Vehicles-Chain,34 PK RN11 NANTES ROCADE,M,46.17208743804357,-0.1721080539959508
201800019690,NonLethal,2018-08-01,01:35:00,NightStreelightsOn,170,300,Yes,NoIntersection,Normal,Other,CORNES   RUE DE L'OUVRAG,M,46.15631957469537,-0.155232992526334
201800019692,NonLethal,2018-03-08,19:15:00,Daylight,170,291,Yes,NoIntersection,Normal,Other,01 PK RN237 RE MOULIN JU,M,46.174351016008224,-0.1747038814367461
201800019694,NonLethal,2018-05-08,16:15:00,Daylight,170,291,No,NoIntersection,Normal,3+Vehicles-Chain,33 PK RN11 ROCADE NANTES,M,46.172536276362045,-0.1750827591165691
201800019695,NonLethal,2018-08-07,11:10:00,Daylight,170,291,Yes,NoIntersection,Normal,3+Vehicles-Chain,JUIN 18  RUE,M,46.17639879391315,-0.1757483127334325
201800019696,NonLethal,2018-08-07,23:50:00,NightStreelightsOn,170,300,Yes,NoIntersection,Normal,NoCollision,DELMAS   AVENUE MAURICE,M,46.15948065902532,-0.1596485977271265
201800019697,NonLethal,2018-08-08,18:50:00,Daylight,170,300,Yes,NoIntersection,VeryGood,2Vehicles-Side,CHAMP DE MARS   AVENUE D,M,46.168614213103545,-0.1708623759587375
201800019698,NonLethal,2018-09-08,18:13:00,Daylight,170,300,Yes,NoIntersection,Normal,Other,DUPERRE   QUAI,M,46.15793114532116,-0.1574215969960499
201800019701,NonLethal,2018-08-09,10:52:00,Daylight,170,28,Yes,NoIntersection,Normal,NoCollision,112 PK RN137 JUSTICE ROC,M,46.11894039148529,-0.1210460696957647
201800019702,NonLethal,2018-08-13,23:40:00,NightStreelightsOn,170,300,Yes,NoIntersection,Normal,Other,VINCENT   RUE PHILIPPE,M,46.1560410117116,-0.1527035841103015
201800019703,NonLethal,2018-08-16,12:35:00,Daylight,170,300,Yes,NoIntersection,Normal,2Vehicles-Behind,CARNOT   AVENUE,M,46.16647613403538,-0.1634302787823478
201800019704,NonLethal,2018-08-16,18:10:00,Daylight,170,300,No,NoIntersection,Normal,2Vehicles-Behind,115 PK RN137 ROCHEFORT J,M,46.147857514049626,-0.1484187171451998
201800019706,NonLethal,2018-08-18,21:25:00,NightStreelightsOn,170,200,Yes,NoIntersection,Normal,2Vehicles-Side,ERMITAGE   RUE DE L',M,46.18335880617428,-0.183042517472297
201800019707,NonLethal,2018-08-19,05:00:00,NightStreelightsOn,170,300,Yes,X-type,Normal,2Vehicles-Side,VILLENEUVE   RUE,M,46.16182370078241,-0.1621481267374711
201800019708,NonLethal,2018-08-19,05:15:00,NightStreelightsOn,170,300,Yes,X-type,Normal,2Vehicles-Side,GAMBETTA   AVENUE,M,46.16313530184329,-0.1623099840718588
201800019709,NonLethal,2018-08-19,14:27:00,Daylight,170,300,Yes,T-type,Normal,NoCollision,DELMAS   AVENUE MAURICE,M,46.162380791731366,-0.1638462031360165
201800019711,NonLethal,2018-08-20,09:16:00,Daylight,170,300,Yes,X-type,Normal,2Vehicles-Behind,LECLERC   AVENUE DU GENE,M,46.16280222355212,-0.1612809791416883
201800019712,NonLethal,2018-08-20,12:00:00,Daylight,170,300,Yes,X-type,Normal,2Vehicles-Side,ONZE NOVEMBRE 1918   AVE,M,46.17242026554128,-0.1738251215934768
201800019713,NonLethal,2018-08-20,13:28:00,Daylight,170,300,Yes,NoIntersection,Normal,Other,GUYNEMER   RUE,M,46.14896382988546,-0.1474583821742583
201800019714,NonLethal,2018-08-20,19:00:00,Daylight,170,300,Yes,NoIntersection,Normal,2Vehicles-Side,NOUE   RUE DE LA,M,46.16174238786779,-0.1616247328531416
201800019716,NonLethal,2018-08-24,16:50:00,Daylight,170,300,Yes,NoIntersection,Normal,NoCollision,REMPARTS   CHEMIN DES,M,46.16230599014787,-0.1648215924823595
201800019717,NonLethal,2018-08-28,08:47:00,Daylight,170,274,No,NoIntersection,Normal,2Vehicles-Behind,D108,M,46.16285703070005,-0.1620831446015649
201800019718,NonLethal,2018-08-28,19:10:00,Daylight,170,300,Yes,X-type,Normal,2Vehicles-Side,GUITON   AVENUE JEAN (1-,M,46.159416298397325,-0.1592460043544208
201800019719,NonLethal,2018-08-31,09:07:00,Daylight,170,300,Yes,NoIntersection,Normal,2Vehicles-Side,COGNEHORS   BOULEVARD DE,M,46.17073344745629,-0.1688587272987588
201800019720,NonLethal,2018-09-01,04:10:00,NightStreelightsOn,170,300,Yes,NoIntersection,Normal,3+Vehicles-Chain,REAUMUR   RUE,M,46.16066925899607,-0.1610000557812427
201800019721,NonLethal,2018-02-09,11:55:00,Daylight,170,300,Yes,X-type,Normal,2Vehicles-Side,THIERS   RUE,M,46.16118340231248,-0.1601481567368234
201800019722,NonLethal,2018-09-03,17:40:00,Daylight,170,300,Yes,T-type,Normal,2Vehicles-Side,MARILLAC   AVENUE,M,46.141452513656965,-0.1407127599386755
201800019723,NonLethal,2018-04-09,07:38:00,Daylight,170,274,Yes,Roundabout,Normal,2Vehicles-Side,JOLIOT-CURIE   AVENUE,M,46.15511756439632,-0.1583487906487353
201800019724,NonLethal,2018-04-09,10:55:00,Daylight,170,28,Yes,NoIntersection,Normal,2Vehicles-Behind,LYSIACK   AVENUE DU COMM,M,46.13801757981247,-0.1351906871414598
201800019726,NonLethal,2018-07-09,09:07:00,Daylight,170,300,Yes,T-type,Normal,2Vehicles-Side,SARTRE   AVENUE JEAN-PAU,M,46.157274247472095,-0.157583996983451
201800019727,NonLethal,2018-09-07,14:55:00,Daylight,170,300,Yes,NoIntersection,Normal,2Vehicles-Behind,SARTRE   AVENUE JEAN-PAU,M,46.157748730470594,-0.1556301972348105
201800019728,NonLethal,2018-09-09,03:15:00,NightStreelightsOn,170,300,Yes,Roundabout,Normal,Other,GUITON   AVENUE JEAN (16,M,46.16001014783101,-0.1601615184740292
201800019729,NonLethal,2018-09-10,09:07:00,Daylight,170,300,Yes,X-type,Normal,2Vehicles-Side,GUITON   AVENUE JEAN (l6,M,46.158370429713806,-0.1595970674158232
201800019730,NonLethal,2018-09-13,09:55:00,Daylight,170,300,Yes,T-type,Normal,2Vehicles-Side,ROMPSAY   AVENUE DE,M,46.16352943873359,-0.1605879097057826
201800019731,NonLethal,2018-09-13,17:05:00,Daylight,170,300,Yes,X-type,Normal,2Vehicles-Side,FERRY   RUE JULES,M,46.160941205493074,-0.1614387756893553
201800019732,NonLethal,2018-09-13,17:35:00,Daylight,170,300,Yes,X-type,Normal,2Vehicles-Side,DUPLEIX   RUE,M,46.16997597140366,-0.1689468769112233
201800019734,NonLethal,2018-09-14,21:05:00,NightNoStreetLight,170,28,No,NoIntersection,Normal,Other,114 PK RN137 JUSTICE ROC,M,46.13777974871314,-0.1366394124937797
201800019736,NonLethal,2018-09-22,05:40:00,NightStreelightsOn,170,300,Yes,X-type,Normal,2Vehicles-Side,REAUMUR   RUE,M,46.15887231910271,-0.1593504602111489
201800019737,NonLethal,2018-09-22,11:53:00,Daylight,170,300,Yes,NoIntersection,Normal,NoCollision,09 PK RN237 RE MOULIN JU,M,46.17712474709965,-0.1754461096538929
201800019738,NonLethal,2018-09-24,17:38:00,Daylight,170,300,Yes,NoIntersection,Normal,2Vehicles-BehindVehicles-Frontal,FOLLETIER  RUE FRANOIS,M,46.14174110248845,-0.1433516868649056
201800019739,NonLethal,2018-09-25,19:50:00,Daylight,170,300,Yes,NoIntersection,Normal,Other,VIENNE   AVENUE DE,M,46.16986039148746,-0.1689655763384383
201800019740,NonLethal,2018-09-26,16:20:00,Daylight,170,300,Yes,NoIntersection,Normal,2Vehicles-Behind,SARTRE   AVENUE JEAN-PAU,M,46.1517550192474,-0.1524416122502055
201800019743,NonLethal,2018-09-30,02:30:00,NightStreelightsOn,170,28,Yes,T-type,Normal,NoCollision,GRASSET   AVENUE EDMOND,M,46.134330930440974,-0.1330016067310057
201800019744,NonLethal,2018-09-30,05:10:00,NightStreelightsOn,170,300,Yes,NoIntersection,Normal,Other,MAUBEC   QUAI,M,46.15789958097044,-0.1582588217048474
201800019745,NonLethal,2018-01-10,09:45:00,Daylight,170,300,Yes,T-type,Normal,Other,CENT-VINGT-TROISIEME REG,M,46.15357047840532,-0.1540947435422699
201800019746,NonLethal,2018-01-10,09:30:00,Daylight,170,300,No,NoIntersection,Normal,2Vehicles-Side,34 PK RN11 ROCADE NANTES,M,46.17393072869665,-0.1716599790717875
201800019748,NonLethal,2018-10-01,16:05:00,Daylight,170,300,Yes,NoIntersection,Normal,2Vehicles-Side,OCEAN  ALLEES DE L',M,46.14766962087324,-0.1451243111463163
201800019749,NonLethal,2018-10-01,17:00:00,Daylight,170,300,Yes,X-type,Normal,2Vehicles-Side,SAUTEL  BOULEVARD ANDRE,M,46.17105477589313,-0.1710816455117739
201800019750,NonLethal,2018-10-03,08:50:00,Daylight,170,200,Yes,T-type,Normal,2Vehicles-Side,LAGORD   AVENUE DE,M,46.18450756128201,-0.1827909237949061
201800019751,NonLethal,2018-10-05,15:55:00,Daylight,170,300,Yes,NoIntersection,Normal,NoCollision,VERDIER   BOULEVARD ARTH,M,46.16341777707357,-0.1592417165963853
201800019752,NonLethal,2018-06-10,21:40:00,NightStreelightsOn,170,300,Yes,NoIntersection,LightRain,NoCollision,DELMAS   AVENUE MAURICE,M,46.15829305924847,-0.1580604419578133
201800019753,NonLethal,2018-10-10,16:30:00,Daylight,170,300,Yes,NoIntersection,Normal,Other,ROMPSAY   AVENUE DE,M,46.16142654715348,-0.1603510228279501
201800019755,NonLethal,2018-11-10,13:55:00,Daylight,170,274,No,NoIntersection,Normal,3+Vehicles-Chain,113 PK RN137 ROCHEFORT J,M,46.1548032301976,-0.1566573790110997
201800019756,NonLethal,2018-10-11,15:55:00,Daylight,170,300,Yes,NoIntersection,Normal,2Vehicles-Behind,SAUTEL  BOULEVARD ANDRE,M,46.170590148174114,-0.1694104300755813
201800019757,NonLethal,2018-11-10,17:02:00,Daylight,170,300,Yes,T-type,Normal,2Vehicles-Side,GRASSET   AVENUE EDMOND,M,46.16565067298762,-0.1635004462403719
201800019758,NonLethal,2018-12-10,10:20:00,Daylight,170,300,Yes,Roundabout,Normal,2Vehicles-Side,MULHOUSE  AVENUE DE,M,46.15359764051112,-0.1549043066982379
201800019759,NonLethal,2018-09-24,17:48:00,Daylight,170,300,Yes,NoIntersection,Normal,Other,COUNEAU   RUE EMILE,M,46.14854857386765,-0.1500932793676896
201800019761,NonLethal,2018-10-13,12:00:00,Daylight,170,300,Yes,Other,Normal,2Vehicles-Behind,LECLERC   AVENUE DU GENE,M,46.16280394157605,-0.1633208185428198
201800019762,NonLethal,2018-10-13,23:05:00,NightStreelightsOn,170,300,Yes,NoIntersection,Normal,2Vehicles-Side,VIELJEUX   RUE LEONCE,M,46.15821249674017,-0.1561659374186234
201800019763,NonLethal,2018-10-15,13:55:00,Daylight,170,300,Yes,NoIntersection,LightRain,2Vehicles-BehindVehicles-Frontal,REMPARTS   CHEMIN DES,M,46.16880688191014,-0.1672332302972175
201800019764,NonLethal,2018-10-18,19:33:00,TwilightOrDawn,170,291,Yes,NoIntersection,Normal,Other,LIBERATION   RUE DE LA,M,46.17718481477064,-0.1783751855773368
201800019765,NonLethal,2018-10-19,15:40:00,Daylight,170,28,Yes,Roundabout,Normal,NoCollision,LYSIACK   AVENUE DU COMM,M,46.1364403295593,-0.135309841626057
201800019766,NonLethal,2018-10-21,18:45:00,Daylight,170,274,Yes,NoIntersection,Normal,2Vehicles-Behind,FONTAINE   RUE JEAN DE L,M,46.17134192191444,-0.1698202905578539
201800019767,NonLethal,2018-10-22,08:14:00,Daylight,170,200,Yes,NoIntersection,Normal,Other,BOIS D'HURE   RUE DU,M,46.19154559572494,-0.1905012392840295
201800019768,NonLethal,2018-10-23,08:12:00,Daylight,170,200,Yes,NoIntersection,Normal,Other,VERGER   RUE DU,M,46.18278876116585,-0.1838654570492954
201800019769,NonLethal,2018-10-23,19:20:00,TwilightOrDawn,170,300,Yes,X-type,Normal,2Vehicles-Side,SAUTEL  BOULEVARD ANDRE,M,46.17002816868712,-0.1709768894633052
201800019770,NonLethal,2018-10-24,18:20:00,Daylight,170,300,Yes,X-type,Normal,3+Vehicles-Multiple,DOUMER   AVENUE PAUL,M,46.16861923263485,-0.166630802718577
201800019771,NonLethal,2018-10-25,11:05:00,Daylight,170,291,Yes,NoIntersection,Normal,Other,ROCHELLE   ROUTE DE LA,M,46.18610290563154,-0.1862457270782536
201800019772,NonLethal,2018-10-25,17:20:00,Daylight,170,200,No,Roundabout,Normal,2Vehicles-Behind,Route de Nieul,M,46.19197086067028,-0.1907569160103235
201800019774,NonLethal,2018-10-28,17:30:00,TwilightOrDawn,170,291,No,NoIntersection,LightRain,NoCollision,HIRONDELLES  RUE DES,M,46.18529155755499,-0.1858162674183199
201800019775,NonLethal,2018-10-30,01:25:00,NightNoStreetLight,170,300,Yes,NoIntersection,Normal,Other,BALANDE   RUE GASTON,M,46.17022000882239,-0.1700404364151329
201800019776,NonLethal,2018-10-31,16:36:00,Daylight,170,300,Yes,NoIntersection,LightRain,2Vehicles-Side,Rue du Moulin des Justic,M,46.16960869965174,-0.1691841777234284
201800019777,NonLethal,2018-10-31,22:40:00,NightStreelightsOn,170,300,Yes,T-type,LightRain,Other,NORMANDIN   RUE EMILE,M,46.14922062782502,-0.1503945001360762
201800019778,NonLethal,2018-03-11,18:00:00,TwilightOrDawn,170,300,Yes,NoIntersection,Normal,2Vehicles-Side,GUITON   AVENUE JEAN (16,M,46.15969008922281,-0.1608981053144026
201800019779,NonLethal,2018-04-11,13:20:00,Daylight,170,300,Yes,T-type,Normal,2Vehicles-BehindVehicles-Frontal,QUEBEC   RUE DE,M,46.15447556777017,-0.153061652609302
201800019780,NonLethal,2018-11-05,16:40:00,Daylight,170,300,Yes,T-type,Normal,Other,SAUTEL  BOULEVARD ANDRE,M,46.17080281059884,-0.1715151701201125
201800019781,NonLethal,2018-06-11,20:35:00,NightNoStreetLight,170,200,No,NoIntersection,LightRain,2Vehicles-Behind,03 PK RN237 RE MOULIN JU,M,46.17693096261488,-0.1782423018326359
201800019782,NonLethal,2018-06-11,20:35:00,NightNoStreetLight,170,200,No,NoIntersection,LightRain,2Vehicles-Behind,03 PK RN237 MOULIN JUSTI,M,46.17655010719504,-0.1780723383989578
201800019783,NonLethal,2018-08-11,08:04:00,Daylight,170,300,Yes,Roundabout,Normal,2Vehicles-Side,SCIERIE   RUE DE LA,M,46.14795952868604,-0.1472248505093002
201800019784,NonLethal,2018-08-11,18:25:00,NightStreelightsOn,170,300,Yes,NoIntersection,Normal,NoCollision,MONTCALM   RUE,M,46.1612720583697,-0.1631579178304781
201800019786,NonLethal,2018-10-11,16:45:00,Daylight,170,300,Yes,NoIntersection,Normal,Other,Rond Point Lgion d'Honn,M,46.16917934731988,-0.1710597626238182
201800019787,NonLethal,2018-10-11,17:35:00,TwilightOrDawn,170,291,No,NoIntersection,Overcast,2Vehicles-Behind,34 PK RN11 NANTES ROCADE,M,46.17351990393886,-0.1738982313097969
201800019788,NonLethal,2018-11-11,11:45:00,Daylight,170,300,Yes,X-type,Overcast,2Vehicles-Side,JUIN   AVENUE DU MARECHA,M,46.15602168620495,-0.1579018850879208