AccidentId,Gravity,Date,Hour,Light,Department,Commune,InAgglomeration,IntersectionType,Weather,CollisionType,PostalAddress,GPSCode,Latitude,Longitude
201800019789,NonLethal,2018-11-11,20:25:00,NightStreelightsOn,170,300,Yes,Roundabout,LightRain,Other,MONNET   AVENUE JEAN,M,46.14322466505884,-0.1426653238751971
201800019790,NonLethal,2018-11-15,15:25:00,Daylight,170,300,Yes,NoIntersection,Normal,2Vehicles-Side,MESCHINET DE RICHEMOND,M,46.164625669178925,-0.1624219291312954
201800019791,NonLethal,2018-11-15,15:13:00,Daylight,170,300,Yes,NoIntersection,Normal,2Vehicles-Behind,LACROIX   RUE MARIUS,M,46.17779643529328,-0.1771012920654731
201800019793,NonLethal,2018-11-16,08:55:00,Daylight,170,291,No,NoIntersection,Normal,3+Vehicles-Chain,33 PK RN11 NANTES ROCADE,M,46.17785216840439,-0.1794223983262221
201800019795,NonLethal,2018-11-16,22:15:00,NightNoStreetLight,170,274,No,NoIntersection,FogOrSmoke,Other,D108,M,46.15992278836165,-0.1602130853245044
201800019796,NonLethal,2018-11-17,03:35:00,NightNoStreetLight,170,291,Yes,Roundabout,FogOrSmoke,Other,EUROPE  ROND POINT DE,M,46.17748019922988,-0.1779874889652406
201800019797,NonLethal,2018-11-18,15:45:00,Daylight,170,200,Yes,NoIntersection,Normal,2Vehicles-Behind,VERGER   RUE DU,M,46.18421623853603,-0.1842690441845624
201800019798,NonLethal,2018-11-20,17:35:00,TwilightOrDawn,170,291,Yes,X-type,Normal,2Vehicles-Side,BELGIQUE  RUE,M,46.178281386920325,-0.1766553336846855
201800019799,NonLethal,2018-11-20,18:00:00,TwilightOrDawn,170,300,Yes,NoIntersection,Normal,2Vehicles-Side,DENFERT-ROCHEREAU   AVEN,M,46.1638198644373,-0.1636290524458471
201800019800,NonLethal,2018-11-20,21:15:00,NightNoStreetLight,170,200,Yes,NoIntersection,Normal,2Vehicles-Behind,04 PK RN237 MOULIN JUSTI,M,46.1757630144155,-0.1759980792187883
201800019801,NonLethal,2018-11-21,10:20:00,Daylight,170,28,Yes,NoIntersection,Normal,Other,MER   BOULEVARD DE LA,M,46.1280736129114,-0.1286074882465236
201800019802,NonLethal,2018-11-21,11:40:00,Daylight,170,300,Yes,NoIntersection,Normal,Other,ARTILLERIE   RUE DE L',M,46.1722335134016,-0.1724065051102253
201800019803,NonLethal,2018-11-21,18:40:00,NightStreelightsOn,170,300,No,NoIntersection,Normal,2Vehicles-Behind,35 PK RN11 ROCADE NANTES,M,46.17465117009159,-0.1756289749268635
201800019804,NonLethal,2018-11-23,12:30:00,Daylight,170,200,No,NoIntersection,LightRain,3+Vehicles-Chain,02 PK RN237 MOULIN JUSTI,M,46.18102233585055,-0.1812743626000735
201800019805,NonLethal,2018-11-23,13:05:00,Daylight,170,300,Yes,X-type,HeavyRain,3+Vehicles-Multiple,BECQUEREL   AVENUE HENRI,M,46.14663980137796,-0.1478779816236923
201800019806,NonLethal,2018-11-27,18:00:00,NightNoStreetLight,170,300,Yes,NoIntersection,Normal,3+Vehicles-Chain,05 PK RN237 RE MOULIN JU,M,46.18079269839593,-0.1802032222527023
201800019810,NonLethal,2018-04-12,17:15:00,Daylight,170,300,Yes,NoIntersection,Normal,NoCollision,MONTCALM   RUE,M,46.167835566768886,-0.1686892873504797
201800019811,NonLethal,2018-06-12,23:25:00,NightStreelightsOn,170,300,Yes,NoIntersection,Overcast,Other,ROMPSAY   AVENUE DE,M,46.16349932679461,-0.1619847888713989
201800019812,NonLethal,2018-07-12,07:40:00,TwilightOrDawn,170,300,Yes,X-type,LightRain,2Vehicles-Side,VILLENEUVE   RUE,M,46.16266989176511,-0.1621268017903897
201800019813,NonLethal,2018-07-12,09:30:00,Daylight,170,300,Yes,NoIntersection,LightRain,Other,PERRIER   RUE GASTON,M,46.16214376590157,-0.1634235585915893
201800019814,NonLethal,2018-07-12,18:50:00,NightNoStreetLight,170,300,Yes,Other,Normal,2Vehicles-Side,06 PK RN237 RE MOULIN JU,M,46.17835611061931,-0.1755984993408933
201800019815,NonLethal,2018-07-12,20:19:00,NightStreelightsOn,170,300,Yes,Roundabout,Normal,Other,COGNEHORS   BOULEVARD DE,M,46.16859163229948,-0.168668814677411
201800019816,NonLethal,2018-10-12,08:25:00,Daylight,170,300,Yes,NoIntersection,Normal,Other,THIERS   RUE,M,46.16219108117578,-0.1615414456778121
201800019817,NonLethal,2018-10-12,09:37:00,Daylight,170,300,Yes,X-type,Normal,2Vehicles-Side,VILLENEUVE   RUE,M,46.16180691359676,-0.1620780595863466
201800019819,NonLethal,2018-12-14,14:35:00,Daylight,170,300,No,NoIntersection,Normal,2Vehicles-Behind,35 PK RN11 ROCADE NANTES,M,46.17350394280137,-0.1719849295533551
201800019821,NonLethal,2018-12-17,07:00:00,NightStreelightsOn,170,300,Yes,Roundabout,LightRain,2Vehicles-Side,SARTRE   AVENUE JEAN-PAU,M,46.15364558524413,-0.1533186666600877
201800019822,NonLethal,2018-12-12,10:20:00,Daylight,170,300,Yes,NoIntersection,LightRain,Other,SAUTEL  BOULEVARD ANDRE,M,46.1707620962012,-0.1696733067626473
201800019823,NonLethal,2018-12-21,15:56:00,Daylight,170,300,Yes,Roundabout,HeavyRain,2Vehicles-Side,CARNOT   AVENUE,M,46.16449025706093,-0.1638757798633106
201800019824,NonLethal,2018-12-21,17:48:00,NightStreelightsOn,170,300,Yes,NoIntersection,LightRain,2Vehicles-Behind,CHAUDRIER   RUE,M,46.16055940285969,-0.1628804342981279
201800019825,NonLethal,2018-12-22,15:15:00,Daylight,170,300,No,NoIntersection,Normal,Other,115 PK RN137 JUSTICE ROC,M,46.16817987449074,-0.1673968767820225
201800019826,NonLethal,2018-12-26,18:14:00,NightStreelightsOn,170,300,Yes,Roundabout,Normal,2Vehicles-Behind,REPUBLIQUE   BOULEVARD D,M,46.13894866435522,-0.1387425671828739
201800019828,NonLethal,2018-12-31,18:15:00,NightStreelightsOn,170,300,Yes,T-type,Normal,Other,BOUCHE   RUE JEAN,M,46.15021157467193,-0.1500856001090341
201800019829,NonLethal,2018-12-31,18:20:00,NightStreelightsOn,170,300,Yes,NoIntersection,Normal,2Vehicles-Behind,DANTON   AVENUE,M,46.15256773599175,-0.1516958555014616
201800019830,NonLethal,2018-01-01,18:22:00,NightStreelightsOff,170,306,Yes,NoIntersection,LightRain,Other,"80, LAMY (BD FRANCK)",M,45.62616134026818,-0.6277449788012794
201800019831,NonLethal,2018-01-08,11:30:00,Daylight,170,306,Yes,NoIntersection,LightRain,Other,FRESNEL AUGUSTIN,M,45.63311390332402,-0.6307951568544753
201800019832,NonLethal,2018-12-01,17:45:00,TwilightOrDawn,170,306,Yes,NoIntersection,Normal,Other,"67, REPUBLIQUE (DE LA) (",M,45.62521285476576,-0.624420416752599
201800019834,NonLethal,2018-01-23,21:30:00,NightStreelightsOn,170,306,Yes,NoIntersection,Normal,2Vehicles-Side,"21, DUNANT HENRY",M,45.61984208451779,-0.6187262295088192
201800019835,NonLethal,2018-01-26,09:25:00,Daylight,170,333,Yes,NoIntersection,Normal,Other,"45, CURIE (PIERRE ET MAR",M,45.60481799856005,-0.6044206363067647
201800019836,NonLethal,2018-08-02,15:46:00,Daylight,170,306,Yes,NoIntersection,Normal,3+Vehicles-Chain,HEDDE (AVENUE DANIEL),M,45.63211046653798,-0.6314635736937805
201800019837,NonLethal,2018-02-13,16:25:00,Daylight,170,306,Yes,NoIntersection,Normal,2Vehicles-Behind,"79, HEDDE (AVENUE DANIEL",M,45.63823817565651,-0.6384738174153577
201800019838,NonLethal,2018-02-16,12:20:00,Daylight,170,306,Yes,NoIntersection,Normal,Other,"46, GRANDE CONCHE (DE LA",M,45.62514172168442,-0.6219168469554869
201800019839,Lethal,2018-02-19,08:00:00,Daylight,170,306,No,NoIntersection,HeavyRain,2Vehicles-BehindVehicles-Frontal,EXPRESS (voie),M,45.619417313599335,-0.6217675938297496
201800019841,NonLethal,2018-03-15,08:35:00,TwilightOrDawn,170,461,Yes,NoIntersection,Normal,2Vehicles-BehindVehicles-Frontal,DEVAUX LUCIEN,M,45.6584992653629,-0.658538051699674
201800019842,NonLethal,2018-03-25,12:05:00,Daylight,170,306,Yes,NoIntersection,Normal,Other,EUROPE (COURS DE L'),M,45.62443315207051,-0.627721817971018
201800019843,NonLethal,2018-03-29,15:16:00,Daylight,170,306,No,NoIntersection,Normal,2Vehicles-BehindVehicles-Frontal,EXPRESS (VOIE),M,45.644324918327946,-0.6454339724260911
201800019844,NonLethal,2018-04-21,14:47:00,Daylight,170,306,Yes,NoIntersection,Normal,2Vehicles-Side,REPUBLIQUE (DE LA) (BD),M,45.62620593697402,-0.6253091529165073
201800019845,NonLethal,2018-04-24,18:35:00,Daylight,170,306,Yes,NoIntersection,Normal,Other,FRONT DE MER (PROMENADE,M,45.623734938808,-0.6238492475236228
201800019846,NonLethal,2018-04-24,18:20:00,Daylight,170,333,No,NoIntersection,Normal,2Vehicles-BehindVehicles-Frontal,MEDIS  (DE),M,45.61381906386587,-0.6110739726015235
201800019847,NonLethal,2018-06-05,14:30:00,Daylight,170,333,Yes,T-type,Normal,2Vehicles-Side,DE LATTRE DE TASSIGNY (B,M,45.60965214886927,-0.6115833686022482
201800019848,NonLethal,2018-11-05,11:05:00,Daylight,170,306,Yes,X-type,Normal,2Vehicles-BehindVehicles-Frontal,4E ZOUAVE (DU) (AVENUE),M,45.62975994085823,-0.630235396056165
201800019849,NonLethal,2018-05-15,23:35:00,NightStreelightsOn,170,461,Yes,Roundabout,Normal,Other,TREMBLADE ( ROUTE DE LA),M,45.66097669391174,-0.6620971956090291
201800019851,NonLethal,2018-05-26,18:15:00,Daylight,170,380,Yes,Roundabout,Normal,2Vehicles-Side,GANIPOTE (AVENUE DE LA),M,45.64994162654122,-0.6532069556173263
201800019852,Lethal,2018-05-28,15:45:00,Daylight,170,306,Yes,NoIntersection,Normal,Other,ROCHEFORT (DE)  (AVENUE),M,45.65252515902946,-0.6537967586424858
201800019853,NonLethal,2018-06-09,14:30:00,Daylight,170,306,Yes,T-type,Normal,2Vehicles-Behind,BASTIE MARYSE,M,45.624243909352224,-0.6246397872351185
201800019855,NonLethal,2018-06-25,19:14:00,Daylight,170,306,Yes,NoIntersection,Normal,Other,AMANDIERS (DES),M,45.6475130512554,-0.6479486480661738
201800019856,NonLethal,2018-06-30,02:20:00,NightStreelightsOn,170,306,Yes,NoIntersection,Normal,Other,REUTIN (BD FELIX),M,45.63630696655708,-0.6364828994772984
201800019857,NonLethal,2018-07-13,10:18:00,Daylight,170,306,Yes,Other,Normal,2Vehicles-Side,ROCHEFORT (ALLEE),M,45.64267433562087,-0.6434545347153843
201800019858,NonLethal,2018-07-23,19:20:00,Daylight,170,461,Yes,Roundabout,Normal,2Vehicles-Side,GARNIER (AVENUE  FREDERI,M,45.63725115397943,-0.6352248118960601
201800019859,NonLethal,2018-07-29,12:25:00,Daylight,170,306,Yes,NoIntersection,Normal,2Vehicles-Side,REPUBLIQUE (DE LA) (BD),M,45.62267926284681,-0.6238200670569137
201800019860,NonLethal,2018-07-30,09:20:00,Daylight,170,306,Yes,NoIntersection,Normal,Other,HEDDE (AVENUE DANIEL),M,45.63438562033105,-0.6371210845429663
201800019861,NonLethal,2018-06-28,16:53:00,Daylight,170,306,Yes,X-type,Normal,2Vehicles-BehindVehicles-Frontal,AQUITAINE (ALIENOR D') (,M,45.61912940544648,-0.6189882685161484
201800019862,NonLethal,2018-07-25,11:00:00,Daylight,170,306,Yes,NoIntersection,Normal,3+Vehicles-Multiple,ROCHEFORT (DE)  (AVENUE),M,45.639760006085744,-0.6409794165248495
201800019863,NonLethal,2018-08-10,09:25:00,Daylight,170,306,Yes,NoIntersection,Normal,Other,DOUMER PAUL (PARKING),M,45.6254991323472,-0.6252325552366151
201800019864,NonLethal,2018-08-14,11:00:00,Daylight,170,306,Yes,T-type,Normal,2Vehicles-Side,ARAGO FRANCOIS,M,45.63158112959795,-0.6335610701998748
201800019865,Lethal,2018-10-08,22:35:00,NightNoStreetLight,170,380,No,NoIntersection,Normal,2Vehicles-BehindVehicles-Frontal,PALMYRE (AVENUE DE LA),M,45.65451193342765,-0.6536784225047435
201800019866,NonLethal,2018-08-18,17:45:00,Daylight,170,306,Yes,NoIntersection,Normal,2Vehicles-Behind,EXPRESS (VOIE),M,45.644306329117214,-0.6444416754308321
201800019867,Lethal,2018-09-11,13:50:00,Daylight,170,380,No,Other,Normal,2Vehicles-Side,EXPRESS (VOIE),M,45.66665300273661,-0.6654838533973652
201800019868,NonLethal,2018-09-13,18:25:00,Daylight,170,306,Yes,Y-type,Normal,NoCollision,ROND POINT (DU) (AVENUE),M,45.62217155654886,-0.6233972002816334
201800019869,NonLethal,2018-09-18,13:55:00,Daylight,170,306,Yes,Roundabout,Normal,Other,DE LATTRE DE TASSIGNY (B,M,45.62559415420077,-0.6249131712805022
201800019870,NonLethal,2018-09-29,21:40:00,NightStreelightsOn,170,461,Yes,T-type,Normal,2Vehicles-Side,PASTEUR (AVENUE),M,45.63295698280201,-0.6333931158870828
201800019871,NonLethal,2018-06-10,16:20:00,Daylight,170,306,Yes,NoIntersection,Normal,2Vehicles-Behind,ROCHEFORT (DE)  (AVENUE),M,45.64571243125263,-0.6428881269077366
201800019872,NonLethal,2018-01-11,05:05:00,NightStreelightsOn,170,306,Yes,NoIntersection,LightRain,Other,LOUISE (AVENUE),M,45.6298189415066,-0.6294657945407682
201800019873,NonLethal,2018-05-11,13:50:00,Daylight,170,306,Yes,Other,Normal,Other,THIERS  (BD),M,45.61980933750764,-0.6177178901056187
201800019874,NonLethal,2018-11-15,18:39:00,NightStreelightsOn,170,306,Yes,Y-type,Normal,2Vehicles-Side,GAMBETTA,M,45.620971377592895,-0.6226241095395844
201800019875,NonLethal,2018-08-11,12:05:00,Daylight,170,306,Yes,NoIntersection,Normal,2Vehicles-Side,BOUCHET LOUIS (AVENUE),M,45.62697374789071,-0.6260730100696148
201800019876,NonLethal,2018-11-21,16:30:00,Daylight,170,306,Yes,T-type,Normal,2Vehicles-Side,AMPERE,M,45.633077925689065,-0.6301901067351092
201800019877,NonLethal,2018-06-12,18:41:00,NightNoStreetLight,170,461,No,NoIntersection,LightRain,NoCollision,TOURNESOLS (CHEMIN DES),M,45.65415416164424,-0.6538713929664164
201800019878,Lethal,2018-10-12,20:35:00,NightStreelightsOn,170,306,Yes,NoIntersection,Normal,Other,BAILLET (BD COLONEL ROBE,M,45.629851014948606,-0.6297229162032563
201800019879,NonLethal,2018-12-18,15:50:00,Daylight,170,306,Yes,NoIntersection,Normal,Other,5 JANVIER 1945 (DU) (BD),M,45.623086494569655,-0.6243109153564583
201800019880,NonLethal,2018-12-19,16:40:00,Daylight,170,306,Yes,NoIntersection,Overcast,Other,DE LATTRE DE TASSIGNY (B,M,45.62853296678607,-0.6261995569221253
201800019881,NonLethal,2018-12-21,12:45:00,Daylight,170,306,No,Other,HeavyRain,Other,FRESNEL AUGUSTIN,M,45.63215425066893,-0.6308979166016329
201800019883,NonLethal,2018-07-01,08:20:00,TwilightOrDawn,270,125,No,NoIntersection,Normal,NoCollision,autoroute A28 PK 263.700,M,49.18622501261213,7.18604250066206
201800019884,NonLethal,2018-01-16,22:40:00,NightNoStreetLight,270,680,No,NoIntersection,SnowOrHail,NoCollision,"A28, PK 218.000 Sens Ale",M,48.91319241903827,4.9128413545515714
201800019885,NonLethal,2018-01-22,09:50:00,Daylight,270,637,No,NoIntersection,HeavyRain,NoCollision,Autoroute A28 PK 279.500,M,49.31135575156429,8.309662743796617
201800019886,NonLethal,2018-02-05,08:35:00,Daylight,270,637,No,NoIntersection,Overcast,NoCollision,"A 28 , PK 279+600",M,49.31023471857295,8.312306074208768
201800019887,NonLethal,2018-04-15,14:20:00,Daylight,270,130,No,NoIntersection,Normal,NoCollision,Autoroute A28 - PK 235+2,M,49.057539095571705,4.057612206375938
201800019889,NonLethal,2018-08-06,14:30:00,Daylight,270,654,No,NoIntersection,Normal,2Vehicles-Side,"RD 80, PK 005.500",M,49.20659360254871,8.207038623068982
201800019891,NonLethal,2018-09-12,21:00:00,NightNoStreetLight,270,131,No,NoIntersection,Normal,2Vehicles-Behind,D613,M,49.15348087099936,6.154485410789813
201800019893,NonLethal,2018-11-17,08:00:00,NightNoStreetLight,270,252,No,X-type,FogOrSmoke,Other,intersection D22/D36,M,49.17026191454288,4.171217504029127
201800019894,Lethal,2018-01-19,19:00:00,NightNoStreetLight,400,319,No,NoIntersection,LightRain,2Vehicles-BehindVehicles-Frontal,D 834,M,44.22713444962627,-0.2301162015156872
201800019895,Lethal,2018-01-20,20:45:00,NightNoStreetLight,400,60,No,NoIntersection,LightRain,Other,Lieu-dit ROBERT SUD,M,44.304153935387966,-0.3054053037124748
201800019896,NonLethal,2018-05-09,16:52:00,Daylight,400,246,No,NoIntersection,Normal,NoCollision,Lieu-dit Le Lanne,M,44.14773989548763,-0.1518022243969976
201800019897,NonLethal,2018-11-05,16:05:00,Daylight,400,200,No,T-type,Normal,2Vehicles-Behind,RD120 PK2+022,M,44.372040436096135,-0.3728309202976244
201800019898,NonLethal,2018-06-28,17:30:00,Daylight,400,319,No,NoIntersection,Normal,Other,RD45,M,44.22495690548667,-0.2229367071536103
201800019900,NonLethal,2018-07-08,22:40:00,NightNoStreetLight,400,85,No,NoIntersection,Normal,Other,RD 626-PK 67,M,44.21199234927692,-0.2116001856563052
201800019901,NonLethal,2018-10-12,13:37:00,Daylight,400,165,No,NoIntersection,Normal,2Vehicles-BehindVehicles-Frontal,"Route de sabres, lieu di",M,44.099016590824405,-0.098895797778497
201800019902,Lethal,2018-12-14,14:30:00,Daylight,400,167,No,NoIntersection,Normal,Other,lieu dit Pince -RD 651,M,44.27007323530738,-0.2673789307145154
201800019903,NonLethal,2018-02-01,20:20:00,NightNoStreetLight,610,122,No,NoIntersection,LightRain,2Vehicles-Behind,A28 PK 201+200,M,48.774807372426,3.7715589460178935
201800019904,NonLethal,2018-02-01,10:10:00,Daylight,610,103,No,NoIntersection,LightRain,NoCollision,A 28 PK 2O7+8OO,M,48.82763949863197,3.8282916812260575
201800019905,NonLethal,2018-04-07,13:20:00,Daylight,610,464,No,NoIntersection,Normal,Other,"A 28, Pr 181+600",M,48.627063989220105,1.6267703959022513
201800019906,NonLethal,2018-04-07,15:15:00,Daylight,610,385,No,NoIntersection,Overcast,Other,autoroute A28 - PK 206.0,M,48.81137334027248,3.811834859650229
201800019907,NonLethal,2018-08-03,15:10:00,Daylight,610,282,No,NoIntersection,VeryGood,Other,autoroute A28 - PK 213+5,M,48.87603035846488,3.87674830324399
201800019908,NonLethal,2018-09-26,08:50:00,Daylight,610,301,No,NoIntersection,Normal,2Vehicles-Side,autoroute A 28 PK 171+10,M,48.53947405730758,1.5408934762702982
201800019910,NonLethal,2018-10-01,12:40:00,Daylight,170,415,Yes,NoIntersection,Normal,Other,"1, COTE DE BEAUTE RUE DE",M,45.74658902755219,-0.747634164592521
201800019911,NonLethal,2018-02-28,09:52:00,Daylight,170,415,Yes,NoIntersection,Normal,Other,"10, GLYCINES RUE DES",M,45.73881665776254,-0.7375730864962382
201800019912,NonLethal,2018-02-21,16:30:00,Daylight,170,415,No,NoIntersection,Normal,2Vehicles-BehindVehicles-Frontal,"1, ROCADE OUEST",M,45.74208742894542,-0.7419232042153193
201800019913,Lethal,2018-04-21,19:30:00,Daylight,170,415,No,NoIntersection,Normal,2Vehicles-Side,Route Nationale 150,M,45.74004226391721,-0.7394932738598872
201800019915,NonLethal,2018-01-06,15:35:00,Daylight,170,415,Yes,NoIntersection,Normal,Other,ARC DE TRIOMPHE,M,45.74561422224544,-0.7460239507422584
201800019916,NonLethal,2018-06-01,17:20:00,Daylight,170,415,Yes,NoIntersection,Normal,2Vehicles-BehindVehicles-Frontal,TAILLEBOURG RUE DE,M,45.75717897591952,-0.7576848994496184
201800019917,NonLethal,2018-08-04,20:20:00,Daylight,170,415,Yes,NoIntersection,Normal,Other,GAUTIER RUE,M,45.743415775534096,-0.7410218663931901
201800019918,Lethal,2018-08-14,22:30:00,NightNoStreetLight,170,415,No,NoIntersection,Normal,3+Vehicles-Multiple,Route Dpartementale 728,M,45.74667048250086,-0.7446598739581373
201800019919,NonLethal,2018-09-23,18:50:00,Daylight,170,415,No,NoIntersection,Normal,2Vehicles-BehindVehicles-Frontal,ROCADE SUD,M,45.72589243973313,-0.7240621495532455
201800019920,NonLethal,2018-10-19,15:39:00,Daylight,170,415,Yes,Roundabout,Normal,Other,DOUMER ROCADE COTE BEAUT,M,45.74609371568084,-0.7439377244618653
201800019921,NonLethal,2018-11-04,13:45:00,Daylight,170,415,No,NoIntersection,Normal,2Vehicles-BehindVehicles-Frontal,route nationale 141,M,45.72731896140655,-0.7280632949010553
201800019922,NonLethal,2018-02-12,19:20:00,NightStreelightsOn,170,415,No,NoIntersection,LightRain,2Vehicles-Behind,Dpartementale  137,M,45.75547918386305,-0.7544942492125093
201800019923,NonLethal,2018-12-18,08:10:00,Daylight,170,415,Yes,X-type,Overcast,2Vehicles-Side,MARTEL RUE GEOFFROY,M,45.74258393353824,-0.7431846595668279
201800019924,NonLethal,2018-02-21,23:00:00,NightNoStreetLight,370,166,No,NoIntersection,Normal,Other,A10 PK 184+500 vers PARI,M,47.518300555156586,9.518450478978302
201800019925,NonLethal,2018-03-08,16:05:00,Daylight,370,10,No,NoIntersection,Normal,2Vehicles-Behind,"A 10, PK 181+900, sens P",M,47.52430860150914,9.52412291330223
201800019929,NonLethal,2018-08-24,07:30:00,Daylight,370,160,No,NoIntersection,Normal,2Vehicles-Side,A10 - PK175 sens TOURS/P,M,47.55443259031333,1.555072312938894
201800019930,NonLethal,2018-09-04,17:35:00,Daylight,370,194,No,NoIntersection,Normal,2Vehicles-Behind,"Autoroute A10, Point kil",M,47.50060607438708,8.499678891871945
201800019931,NonLethal,2018-09-05,06:25:00,NightNoStreetLight,370,47,No,NoIntersection,Normal,Other,"Autoroute A28, Point kil",M,47.492242670322725,6.489862143284221
201800019932,NonLethal,2018-12-17,17:50:00,NightNoStreetLight,370,10,No,NoIntersection,Normal,2Vehicles-Behind,"Autoroute A10, Point kil",M,47.53334437717513,9.53354961869052
201800019933,NonLethal,2018-12-21,10:45:00,Daylight,370,194,No,NoIntersection,HeavyRain,2Vehicles-Behind,"A 10 sens PARIS / TOURS,",M,47.50135358211493,8.501185230852267
201800019934,Lethal,2018-01-25,04:05:00,NightNoStreetLight,340,95,No,NoIntersection,LightRain,Other,RD.613 lieu dit les troi,M,43.56027360778416,3.561878850981141
201800019935,NonLethal,2018-01-25,19:05:00,NightStreelightsOn,340,270,No,NoIntersection,LightRain,2Vehicles-Side,route de sète,M,43.56826198448001,3.5692002526654414
201800019936,NonLethal,2018-02-24,15:00:00,Daylight,340,270,No,NoIntersection,LightRain,2Vehicles-Side,D132,M,43.59674553676376,3.59827764409815
201800019937,NonLethal,2018-04-07,15:15:00,Daylight,340,88,No,NoIntersection,Normal,NoCollision,Rue des devèzes D102,M,43.56893016762045,3.5681112533125843
201800019938,NonLethal,2018-04-22,10:30:00,Daylight,340,95,No,NoIntersection,Normal,2Vehicles-BehindVehicles-Frontal,départementale 613,M,43.541242287855496,3.5401257218450666
201800019939,NonLethal,2018-11-05,14:00:00,Daylight,340,95,No,NoIntersection,Normal,3+Vehicles-Multiple,D114,M,43.53186514075017,3.5311311665743133
201800019940,NonLethal,2018-09-06,08:40:00,Daylight,340,95,Yes,NoIntersection,Normal,Other,avenue Georges Clémencea,M,43.54338514407568,3.543326486770161
201800019941,NonLethal,2018-06-23,16:25:00,Daylight,340,95,No,T-type,Normal,2Vehicles-Side,RD.114,M,43.53438441087859,3.5346533248958387
201800019942,NonLethal,2018-07-19,15:34:00,Daylight,340,95,No,NoIntersection,Normal,3+Vehicles-Multiple,ROUTE DE BÉSIERS-RD613,M,43.55947909987703,3.557385193732508
201800019943,NonLethal,2018-07-27,09:10:00,Daylight,340,270,No,NoIntersection,Normal,2Vehicles-Side,ROUTE DE SÈTE,M,43.5673673119787,3.5691825159023227
201800019946,NonLethal,2018-09-12,20:15:00,NightNoStreetLight,340,88,No,NoIntersection,Normal,2Vehicles-BehindVehicles-Frontal,RD185,M,43.56673334929451,3.566967411203807
201800019948,NonLethal,2018-09-04,13:00:00,Daylight,340,88,No,NoIntersection,Normal,Other,CD 114,M,43.57107804200483,3.5718097129091277
201800019949,NonLethal,2018-01-22,18:40:00,NightStreelightsOn,660,141,Yes,T-type,Normal,2Vehicles-Side,2 chemin de la poudrière,M,42.738055296249634,2.7384841630367003
201800019950,NonLethal,2018-08-18,23:30:00,NightNoStreetLight,660,21,No,NoIntersection,Normal,2Vehicles-Side,route de CLAIRA - Départ,M,42.73694752501781,2.736455044542442
201800019953,NonLethal,2018-10-11,14:50:00,Daylight,660,141,No,NoIntersection,Normal,2Vehicles-Behind,RD900,M,,
201800019954,NonLethal,2018-03-14,12:00:00,Daylight,300,225,No,NoIntersection,Normal,Other,CD 6 - route d'ALES,M,44.163450348493065,4.163593921159103
201800019955,NonLethal,2018-06-04,21:45:00,NightNoStreetLight,300,141,No,Roundabout,Normal,Other,CD9,M,44.10039246098473,4.1004923399895326
201800019956,NonLethal,2018-04-17,17:45:00,Daylight,300,141,No,NoIntersection,Normal,2Vehicles-Side,RN 580,M,44.10302737174727,4.102245763775086
201800019957,NonLethal,2018-05-15,16:30:00,Daylight,300,141,Yes,T-type,Normal,2Vehicles-BehindVehicles-Frontal,Carrefour route d'Alès e,M,44.10087080614622,4.1011035293486895
201800019958,NonLethal,2018-05-25,05:50:00,TwilightOrDawn,300,191,No,X-type,Normal,2Vehicles-Side,RN 580,M,44.14325902007277,4.145884481134044
201800019959,NonLethal,2018-06-13,05:00:00,NightNoStreetLight,300,225,No,NoIntersection,HeavyRain,Other,Route départementale 6,M,44.15262541601094,4.1516184256056885
201800019960,NonLethal,2018-06-29,17:10:00,Daylight,300,141,No,NoIntersection,Normal,Other,Route départementale 608,M,44.10780736026476,4.109111368103636
201800019961,NonLethal,2018-07-06,06:45:00,Daylight,300,81,No,NoIntersection,Normal,Other,cd138A,M,44.150446404050406,4.150605861337464
201800019962,NonLethal,2018-01-10,16:15:00,Daylight,300,127,No,X-type,Normal,2Vehicles-Side,CD 6086,M,44.07724185354576,4.077507893991452
201800019963,NonLethal,2018-04-10,16:45:00,Daylight,300,331,No,NoIntersection,Normal,2Vehicles-BehindVehicles-Frontal,Départementale 6086,M,44.112319535517976,4.112583405302854
201800019965,NonLethal,2018-01-12,20:25:00,NightNoStreetLight,410,294,Yes,NoIntersection,Normal,2Vehicles-Behind,Avenue des Rondaizes,M,47.80162665379938,9.802190829348913
201800019966,NonLethal,2018-10-03,18:35:00,TwilightOrDawn,410,287,No,T-type,Normal,2Vehicles-Side,rn l0 pk 3l.800,M,47.740229376261546,1.7401190896788183
201800019968,NonLethal,2018-04-20,04:50:00,NightNoStreetLight,410,287,No,NoIntersection,Normal,2Vehicles-BehindVehicles-Frontal,Roule nationale 10,M,47.75641023956511,1.7567348294330771
201800019969,Lethal,2018-05-05,12:45:00,Daylight,410,278,No,NoIntersection,Normal,2Vehicles-BehindVehicles-Frontal,ROUTE NATIONALE 10,M,47.65145066283191,9.650660748242483
201800019970,NonLethal,2018-05-18,13:45:00,Daylight,410,287,No,NoIntersection,Normal,3+Vehicles-Multiple,RN 10- PK 27+530,M,47.774379383830514,1.7738852879282332
201800019971,NonLethal,2018-05-30,15:45:00,Daylight,410,7,No,NoIntersection,Normal,2Vehicles-Side,Route Départementale 9,M,47.62315955871009,9.621459669511758