AccidentId,Gravity,Date,Hour,Light,Department,Commune,InAgglomeration,IntersectionType,Weather,CollisionType,PostalAddress,GPSCode,Latitude,Longitude
201800019972,NonLethal,2018-06-28,19:40:00,Daylight,410,103,No,T-type,Normal,2Vehicles-Side,RN 10,M,47.72722305041766,1.7268613576290224
201800019973,NonLethal,2018-06-20,19:15:00,Daylight,410,294,Yes,NoIntersection,VeryGood,Other,Route Départementale 67,M,47.80338270795573,9.805828018241815
201800019975,NonLethal,2018-07-29,00:25:00,NightNoStreetLight,410,225,No,NoIntersection,Normal,NoCollision,Le Ranay,M,47.7600652572975,8.761071100317917
201800019976,Lethal,2018-10-26,14:20:00,Daylight,410,265,No,NoIntersection,Normal,2Vehicles-BehindVehicles-Frontal,Les buissons - Route Dép,M,47.80131585113529,7.802006822834988
201800019977,NonLethal,2018-11-10,18:50:00,NightStreelightsOn,410,149,Yes,NoIntersection,HeavyRain,3+Vehicles-Chain,18 Avenue de la Paix,M,47.76008629968251,8.757360911261715
201800019978,NonLethal,2018-11-22,18:45:00,NightNoStreetLight,410,70,No,NoIntersection,FogOrSmoke,Other,Le Baumat,M,47.75622217963602,6.758325013957694
201800019980,Lethal,2018-12-24,19:55:00,NightStreelightsOn,410,184,Yes,NoIntersection,Normal,Other,03 rue des quatre vents,M,47.69410631843412,9.694641934298271
201800019981,NonLethal,2018-02-16,11:00:00,Daylight,770,162,No,NoIntersection,Normal,2Vehicles-BehindVehicles-Frontal,D19,M,48.86934779094957,3.870008294618787
201800019983,NonLethal,2018-07-05,15:50:00,Daylight,770,240,No,NoIntersection,VeryGood,2Vehicles-BehindVehicles-Frontal,rue de la ferté gaucher,M,48.79257350676183,3.791664707677088
201800019984,NonLethal,2018-05-14,07:50:00,TwilightOrDawn,770,421,No,NoIntersection,HeavyRain,2Vehicles-BehindVehicles-Frontal,départementale 204,M,48.74301471709666,3.7421306245417942
201800019985,NonLethal,2018-07-06,11:15:00,Daylight,770,385,Yes,T-type,Normal,2Vehicles-Side,Intersection rue St Nico,M,48.84943547020424,3.848481729194927
201800019987,NonLethal,2018-08-13,18:55:00,Daylight,770,423,Yes,NoIntersection,Normal,2Vehicles-BehindVehicles-Frontal,1-5 rue de Guillard,M,48.77676812083171,3.7781243057415232
201800019988,Lethal,2018-09-23,01:50:00,NightNoStreetLight,770,405,No,NoIntersection,LightRain,Other,D31,M,48.90452629628504,3.9052945505035743
201800019989,NonLethal,2018-09-29,18:38:00,Daylight,770,423,No,T-type,Normal,2Vehicles-BehindVehicles-Frontal,D934 X RUE DE GUILLARD,M,48.77323470665655,3.7717243520999753
201800019990,NonLethal,2018-09-29,13:13:00,Daylight,770,345,Yes,Y-type,Normal,2Vehicles-Side,D31 -R. DES GRANDS PRES,M,48.90442553232896,3.905284089242045
201800019992,NonLethal,2018-11-18,18:00:00,NightStreelightsOn,770,423,Yes,NoIntersection,Normal,2Vehicles-BehindVehicles-Frontal,DEPARTEMENTALE l4,M,48.77946244276182,3.779503030219351
201800019993,Lethal,2018-11-03,09:00:00,Daylight,620,424,No,NoIntersection,Normal,2Vehicles-Behind,D956,M,50.212475476126336,2.212151952564453
201800019994,NonLethal,2018-04-23,19:30:00,Daylight,620,568,No,NoIntersection,Normal,Other,d 917,M,50.23581856141918,2.2379479460065976
201800019995,NonLethal,2018-07-05,11:45:00,Daylight,620,428,Yes,X-type,VeryGood,2Vehicles-Side,rue René Edouard,M,50.2266474314471,2.227473574091312
201800019996,NonLethal,2018-08-12,18:05:00,Daylight,620,582,No,T-type,Normal,2Vehicles-Side,d 939,M,50.25971112321291,2.2636734014424733
201800019998,NonLethal,2018-09-19,15:44:00,Daylight,620,384,No,X-type,VeryGood,2Vehicles-Side,D930,M,50.14949914919038,3.149429958688551
201800019999,NonLethal,2018-09-20,16:30:00,Daylight,620,864,No,NoIntersection,Normal,NoCollision,RD 939,M,50.25317950633928,2.252765018636664
201800020000,NonLethal,2018-07-10,00:10:00,NightNoStreetLight,620,839,No,NoIntersection,LightRain,NoCollision,D956,M,50.148197359752174,2.1494016092595394
201800020001,NonLethal,2018-10-08,08:50:00,Daylight,620,873,No,NoIntersection,Normal,2Vehicles-Side,CD34,M,50.24945911374937,2.2503565581732548
201800020002,NonLethal,2018-10-11,22:00:00,NightStreelightsOn,620,873,No,T-type,Normal,2Vehicles-Side,allée de BELGIQUE,M,50.25960607405287,2.259280608594004
201800020003,Lethal,2018-10-27,01:30:00,NightNoStreetLight,620,469,No,NoIntersection,Normal,Other,RD 19,M,50.20457043620054,3.205561380900982
201800020004,Lethal,2018-12-27,17:10:00,NightNoStreetLight,620,864,No,NoIntersection,Other,3+Vehicles-Multiple,D 939,M,50.25001979885948,2.2509561799592728
201800020005,NonLethal,2018-01-18,14:45:00,Daylight,620,378,No,NoIntersection,StrongWindOrStorm,NoCollision,D339 -,M,50.30649978110467,2.306038093384132
201800020006,NonLethal,2018-04-14,05:10:00,NightNoStreetLight,620,279,No,NoIntersection,FogOrSmoke,Other,RD 939,M,50.30225429281737,2.3026699468606098
201800020007,NonLethal,2018-04-22,13:55:00,Daylight,620,97,Yes,NoIntersection,VeryGood,2Vehicles-BehindVehicles-Frontal,Rue nationale,M,50.24355539913808,2.2405625187476312
201800020009,NonLethal,2018-05-06,09:55:00,Daylight,620,378,No,NoIntersection,VeryGood,2Vehicles-Behind,RD 56,M,50.30333887391219,2.3030526215805884
201800020010,NonLethal,2018-10-05,18:35:00,Daylight,620,869,Yes,NoIntersection,Normal,Other,Rue des anciens combatta,M,50.24508846693259,2.243772885984768
201800020011,NonLethal,2018-07-02,11:40:00,Daylight,620,672,No,NoIntersection,VeryGood,NoCollision,RD919 SERRE LES PUISIEUX,M,50.0988596773965,2.0977022109790555
201800020012,NonLethal,2018-07-04,17:25:00,Daylight,620,422,Yes,T-type,Normal,2Vehicles-BehindVehicles-Frontal,14 rue de sailly,M,50.12494611926303,2.1239938777541454
201800020013,NonLethal,2018-05-09,17:55:00,Daylight,620,689,Yes,X-type,LightRain,2Vehicles-Side,Route de Monchy,M,50.20698367464085,2.2084315160406938
201800020014,NonLethal,2018-10-15,16:30:00,Daylight,620,272,Yes,NoIntersection,Normal,Other,3 rue des processions,M,50.17502137954332,2.175033342965176
201800020015,NonLethal,2018-10-26,14:30:00,Daylight,620,97,Yes,Roundabout,Normal,2Vehicles-Side,intersection D7/D30,M,50.24190787531069,2.243388962057566
201800020016,NonLethal,2018-11-30,09:00:00,Daylight,620,465,No,X-type,LightRain,2Vehicles-BehindVehicles-Frontal,D1,M,50.19225220087207,2.1910285976081725
201800020018,NonLethal,2018-07-12,20:00:00,NightNoStreetLight,620,147,No,T-type,LightRain,2Vehicles-BehindVehicles-Frontal,RD919,M,50.21089266954213,2.211402299883892
201800020020,NonLethal,2018-06-27,16:50:00,Daylight,620,713,No,X-type,Normal,2Vehicles-Side,D94,M,50.59543507059965,2.5950500672917163
201800020021,NonLethal,2018-07-01,13:00:00,Daylight,620,190,Yes,NoIntersection,Normal,2Vehicles-BehindVehicles-Frontal,1242 rue de St VENANT,M,50.59723400442956,2.598634972094201
201800020022,NonLethal,2018-03-07,07:40:00,Daylight,620,195,Yes,NoIntersection,Normal,2Vehicles-Side,111 rue de la gare,M,50.62359595769351,2.6246186292168043
201800020023,Lethal,2018-10-30,19:15:00,NightNoStreetLight,620,516,No,NoIntersection,LightRain,2Vehicles-BehindVehicles-Frontal,Route Départementale 188,M,50.58436021056392,2.5843217595962638
201800020024,NonLethal,2018-02-11,08:15:00,TwilightOrDawn,620,162,No,NoIntersection,Normal,2Vehicles-BehindVehicles-Frontal,D188,M,50.57702115475044,2.57593737482724
201800020025,NonLethal,2018-11-13,11:50:00,Daylight,620,162,No,NoIntersection,Normal,2Vehicles-Side,RD 943,M,50.57332024408306,2.5740787053780765
201800020026,NonLethal,2018-11-19,12:15:00,Daylight,620,770,No,NoIntersection,Overcast,2Vehicles-Behind,rue de Robecq,M,50.61555805319797,2.6137589529113745
201800020027,NonLethal,2018-12-14,16:45:00,TwilightOrDawn,620,500,Yes,NoIntersection,Normal,Other,22 rue de lillers,M,50.55118115863244,2.55246071228593
201800020029,NonLethal,2018-02-18,10:45:00,Daylight,620,886,Yes,NoIntersection,Normal,3+Vehicles-Chain,15 rue du catelet,M,50.58012593840003,1.578630902607842
201800020030,Lethal,2018-04-14,18:00:00,Daylight,620,886,No,NoIntersection,Normal,NoCollision,Cd 148,M,50.57298283895695,1.5747420396673537
201800020031,Lethal,2018-04-15,02:45:00,NightNoStreetLight,620,312,No,NoIntersection,Normal,NoCollision,D 149,M,50.491885361667535,1.490517365847757
201800020032,NonLethal,2018-04-25,12:15:00,Daylight,620,554,Yes,NoIntersection,Normal,Other,7 rue de la dordogne,M,50.53075125819353,1.529028521808533
201800020033,NonLethal,2018-05-08,16:30:00,Daylight,620,499,No,T-type,Normal,2Vehicles-Behind,D901,M,50.38663580068957,1.3854883411118053
201800020034,NonLethal,2018-05-12,19:45:00,Daylight,620,44,Yes,NoIntersection,Overcast,NoCollision,32 rue de la Vendée,M,50.48360334286206,1.4830918186149404
201800020035,NonLethal,2018-06-24,10:30:00,Daylight,620,670,No,NoIntersection,Normal,NoCollision,Cd 150,M,50.57458346630165,1.573472779919896
201800020036,NonLethal,2018-07-06,21:00:00,Daylight,620,844,Yes,NoIntersection,Normal,NoCollision,D 126 GOURNAY,M,50.555253779331466,2.5543495245109544
201800020037,NonLethal,2018-07-12,17:15:00,Daylight,620,602,Yes,NoIntersection,Normal,2Vehicles-BehindVehicles-Frontal,37 rue Nationale,M,50.36554603411121,1.3667223147373986
201800020040,NonLethal,2018-09-09,06:10:00,NightNoStreetLight,620,602,Yes,X-type,Normal,2Vehicles-Side,ROUTE NATIONALE,M,50.35890301659008,1.3557428328588983
201800020041,NonLethal,2018-05-11,16:05:00,Daylight,620,207,No,T-type,Normal,2Vehicles-Side,RUE DU MOULIN,M,50.4518053553833,1.452215946479577
201800020042,NonLethal,2018-01-10,16:10:00,Daylight,620,767,Yes,T-type,Normal,2Vehicles-Side,intersection rd 94l /rd,M,50.39005818667358,2.386720006207606
201800020043,NonLethal,2018-05-02,18:35:00,NightNoStreetLight,620,58,No,NoIntersection,Normal,Other,D90,M,50.49937153197362,2.500434862466254
201800020044,NonLethal,2018-03-25,06:00:00,NightNoStreetLight,620,344,Yes,NoIntersection,Normal,Other,26 rue de Hurtebise,M,50.5268379559264,2.524815837838414
201800020045,NonLethal,2018-03-24,18:20:00,Daylight,620,668,Yes,NoIntersection,Normal,2Vehicles-BehindVehicles-Frontal,9 rue d'Heuchin,M,50.49941731848275,2.4991483971737467
201800020046,NonLethal,2018-03-28,16:15:00,Daylight,620,749,Yes,X-type,Normal,2Vehicles-Side,rue de Watelet,M,50.35696726413858,2.356757533940016
201800020047,NonLethal,2018-07-05,12:00:00,Daylight,620,180,No,NoIntersection,VeryGood,2Vehicles-Behind,cd941,M,50.411636168576834,2.413592763210642
201800020048,NonLethal,2018-05-10,08:10:00,Daylight,620,180,No,T-type,Overcast,2Vehicles-Side,départementale 941,M,50.41861774394841,2.418278939713032
201800020049,NonLethal,2018-05-27,13:05:00,Daylight,620,36,No,NoIntersection,Normal,Other,Départementale D343,M,50.451311928039466,2.451495044501045
201800020050,NonLethal,2018-08-07,05:00:00,TwilightOrDawn,620,740,No,NoIntersection,Normal,Other,CD 70,M,50.47900740500882,2.479820698979541
201800020051,NonLethal,2018-07-25,16:30:00,Daylight,620,468,No,NoIntersection,Normal,2Vehicles-BehindVehicles-Frontal,cd 939,M,50.38294871868902,2.384170029098628
201800020052,NonLethal,2018-10-28,11:40:00,Daylight,620,686,No,NoIntersection,Normal,2Vehicles-BehindVehicles-Frontal,D102,M,50.36421079371454,2.364678229265184
201800020053,NonLethal,2018-12-13,13:30:00,Daylight,620,647,No,T-type,VeryGood,2Vehicles-Side,rue du bas parcq,M,50.38411069895007,2.383870306556459
201800020054,NonLethal,2018-01-09,11:00:00,Daylight,620,198,No,X-type,Normal,3+Vehicles-Multiple,carrefour des quatre ven,M,50.38832902418774,2.389712117953907
201800020055,NonLethal,2018-01-17,16:32:00,TwilightOrDawn,620,86,No,NoIntersection,StrongWindOrStorm,3+Vehicles-Multiple,"RN 25, PR 13+500",M,50.22163052780154,2.2190635456858034
201800020056,NonLethal,2018-01-29,18:45:00,NightNoStreetLight,620,113,No,X-type,LightRain,2Vehicles-BehindVehicles-Frontal,RD 939,M,50.35245233281695,2.352398834995596
201800020057,NonLethal,2018-02-12,16:00:00,Daylight,620,63,Yes,Other,Normal,2Vehicles-Side,Rue de St Pol,M,50.27841092183516,2.2799837358940014
201800020058,NonLethal,2018-05-03,05:45:00,NightNoStreetLight,620,477,No,NoIntersection,Other,2Vehicles-BehindVehicles-Frontal,D54,M,50.316106099660594,2.316260449584179
201800020059,NonLethal,2018-05-03,06:30:00,NightNoStreetLight,620,630,No,NoIntersection,Other,NoCollision,D339,M,50.2870832292167,2.288034637227547
201800020060,NonLethal,2018-03-13,08:20:00,Daylight,620,198,No,NoIntersection,Normal,Other,RD 75,M,50.38677650064157,2.387252870013953
201800020061,NonLethal,2018-03-20,16:55:00,Daylight,620,45,No,Roundabout,VeryGood,2Vehicles-Side,D939,M,50.342560902406994,2.342173271335454
201800020062,NonLethal,2018-03-30,21:55:00,NightNoStreetLight,620,399,No,NoIntersection,Normal,2Vehicles-Behind,D61,M,50.31526212447687,2.316789879678479
201800020063,Lethal,2018-10-04,08:00:00,Daylight,620,477,No,NoIntersection,Normal,2Vehicles-BehindVehicles-Frontal,CD 75 E1,M,50.32551491035085,2.3278962880153427
201800020064,NonLethal,2018-04-21,11:00:00,Daylight,620,113,No,NoIntersection,Normal,2Vehicles-Behind,RD 939,M,50.34968640511906,2.3488251390974253
201800020065,NonLethal,2018-06-08,10:50:00,Daylight,620,63,Yes,NoIntersection,Normal,Other,Grand rue,M,50.27806304451822,2.2773154190040903
201800020066,NonLethal,2018-07-05,17:45:00,Daylight,620,860,Yes,X-type,Normal,3+Vehicles-Multiple,Route départementale 77,M,50.316268181499,2.317321505670284
201800020067,Lethal,2018-07-07,00:20:00,NightNoStreetLight,620,784,No,NoIntersection,Normal,Other,route nationale 25,M,50.211498790956085,2.211812121392283
201800020068,NonLethal,2018-07-14,10:55:00,Daylight,620,820,No,T-type,Normal,3+Vehicles-Chain,Route départementale 939,M,50.35672645975466,2.3559788665391808
201800020069,Lethal,2018-07-30,10:15:00,Daylight,620,86,No,NoIntersection,Normal,Other,RN 25,M,50.22262545999118,2.2228155720683422
201800020070,NonLethal,2018-09-08,14:30:00,Daylight,620,804,No,X-type,HeavyRain,2Vehicles-Side,CD 75,M,50.23857593496784,2.2408921513788367
201800020071,NonLethal,2018-07-09,16:20:00,Daylight,620,778,No,X-type,Normal,2Vehicles-Side,CD 79E1/CD 54,M,50.30740466373982,2.3087890857883617
201800020072,NonLethal,2018-08-09,09:30:00,Daylight,620,63,Yes,NoIntersection,Normal,NoCollision,rue d'hauteville,M,50.27584979483602,2.2745489448217158
201800020073,Lethal,2018-09-25,19:50:00,TwilightOrDawn,620,84,No,NoIntersection,Normal,Other,D59,M,50.25021468791659,2.250025881216603
201800020074,NonLethal,2018-01-26,23:45:00,NightStreelightsOff,620,631,Yes,NoIntersection,Normal,2Vehicles-Side,18 ROUTE NATIONALE,M,50.305461227832055,2.303899358343545
201800020075,NonLethal,2018-02-08,21:30:00,NightNoStreetLight,620,182,No,NoIntersection,Normal,Other,D102,M,50.26836839474664,2.2680751675314927
201800020076,Lethal,2018-04-29,10:50:00,Daylight,620,631,No,X-type,LightRain,2Vehicles-Side,D111,M,50.29925391524404,2.301490999835342
201800020077,Lethal,2018-06-09,19:39:00,Daylight,620,859,No,NoIntersection,Normal,NoCollision,D114,M,50.2290668284971,2.228113977782924
201800020078,NonLethal,2018-09-16,16:10:00,Daylight,620,337,No,NoIntersection,Normal,2Vehicles-Side,rue de St pol,M,50.32949698999225,2.3294690133829663
201800020079,NonLethal,2018-11-08,06:30:00,NightNoStreetLight,620,345,No,NoIntersection,Other,Other,D124,M,50.29399643180313,2.295882329903596
201800020080,Lethal,2018-12-05,17:46:00,NightStreelightsOn,620,361,Yes,NoIntersection,LightRain,Other,rue de Doullens,M,50.27631939136237,2.2756583618975035
201800020081,NonLethal,2018-06-01,16:10:00,Daylight,440,182,Yes,X-type,Normal,2Vehicles-Side,Avenue du cormier,M,47.16002624238676,-0.1587897682779024
201800020082,NonLethal,2018-11-14,08:35:00,Daylight,440,192,No,NoIntersection,Normal,2Vehicles-BehindVehicles-Frontal,RD 86 PR003+3ll,M,47.250212173500216,-0.2491969022782265
201800020084,NonLethal,2018-06-15,13:20:00,Daylight,370,208,No,NoIntersection,Normal,2Vehicles-Side,A10,M,47.3605371086347,7.360638776784272
201800020086,NonLethal,2018-10-07,20:35:00,Daylight,370,99,No,Other,Normal,Other,Autoroute A85,M,47.302296251023535,5.302768607329018
201800020087,NonLethal,2018-08-11,09:20:00,Daylight,370,141,No,NoIntersection,Normal,Other,autoroute A85,M,47.28517918812573,1.2851936316733024
201800020088,NonLethal,2018-12-08,21:30:00,NightNoStreetLight,370,99,No,NoIntersection,Normal,NoCollision,A85,M,47.303084628154814,5.3012811304231
201800020089,NonLethal,2018-07-19,15:30:00,Daylight,370,100,No,NoIntersection,Normal,NoCollision,A85,M,47.292307338594114,1.2954200011917676
201800020090,NonLethal,2018-09-11,10:33:00,Daylight,370,142,No,NoIntersection,Normal,2Vehicles-Behind,A10,M,47.04843814510734,5.0506589744677655
201800020091,Lethal,2018-12-21,06:30:00,NightStreelightsOn,370,261,No,NoIntersection,LightRain,Other,A10 pk 207+900,M,47.38833687621117,7.387517267580622
201800020092,NonLethal,2018-02-04,16:30:00,Daylight,210,559,No,NoIntersection,Normal,NoCollision,D35,M,47.29582600357746,4.296514881131366
201800020093,NonLethal,2018-06-09,00:55:00,NightNoStreetLight,210,478,No,NoIntersection,Normal,NoCollision,D10,M,47.368080264904165,4.367931281659363
201800020094,NonLethal,2018-01-17,20:30:00,NightNoStreetLight,830,130,No,NoIntersection,StrongWindOrStorm,NoCollision,4280 Chemin de Sauvebonn,M,43.168837903880735,6.16648458265427
201800020095,NonLethal,2018-04-02,15:30:00,Daylight,830,17,No,NoIntersection,Normal,NoCollision,RD 554,M,43.24184074900701,5.23910678801894
201800020096,NonLethal,2018-02-07,18:45:00,NightStreelightsOn,830,54,No,NoIntersection,Normal,2Vehicles-Side,635 chemin Alphonse Lava,M,43.157568890020194,6.156901904388138
201800020097,NonLethal,2018-03-08,15:45:00,Daylight,830,54,No,NoIntersection,Normal,2Vehicles-Side,637 CHEMIN Alphonse LAVA,M,43.15689471356478,6.154476659859367
201800020098,NonLethal,2018-03-23,11:30:00,Daylight,830,130,Yes,NoIntersection,Normal,2Vehicles-BehindVehicles-Frontal,D554,M,43.19779934878883,6.196354371979648
201800020099,NonLethal,2018-04-19,20:55:00,NightStreelightsOn,830,131,Yes,Other,Normal,Other,avenue Casabianca,M,43.2095367502643,6.20939687379327
201800020100,NonLethal,2018-04-22,14:00:00,Daylight,830,54,No,NoIntersection,Normal,2Vehicles-Side,D554 - Route de la Crau,M,43.159030269047584,6.160007357698086
201800020101,NonLethal,2018-06-15,21:55:00,NightStreelightsOn,830,54,No,NoIntersection,Normal,2Vehicles-Side,Chemin Alphonse Lavallée,M,43.15659595065859,6.155597071791473
201800020102,NonLethal,2018-06-27,18:45:00,Daylight,830,130,Yes,Roundabout,VeryGood,Other,rond point Antoine PINAY,M,43.18054582843922,6.180501944890328
201800020103,NonLethal,2018-07-25,13:50:00,Daylight,830,54,Yes,Other,Normal,2Vehicles-Side,rd 96,M,43.16167182903059,6.162366345878414
201800020104,NonLethal,2018-08-19,19:30:00,Daylight,830,130,No,NoIntersection,Normal,2Vehicles-BehindVehicles-Frontal,chemin de sauvebonne,M,43.17409742124765,6.1738174458415065
201800020105,Lethal,2018-10-03,07:00:00,NightStreelightsOn,830,17,Yes,NoIntersection,Normal,Other,Rue de la République,M,43.24484988237317,6.244384433015173
201800020106,NonLethal,2018-10-06,11:49:00,Daylight,830,17,Yes,Other,Normal,NoCollision,CD554,M,43.24670116444302,5.247040603100586
201800020107,NonLethal,2018-12-09,06:10:00,NightStreelightsOn,830,132,Yes,NoIntersection,StrongWindOrStorm,2Vehicles-Behind,983 le logis neuf,M,43.18052173604004,6.181553459635681
201800020108,NonLethal,2018-02-13,14:20:00,Daylight,870,107,No,NoIntersection,SnowOrHail,2Vehicles-BehindVehicles-Frontal,RN147 LIEU-DIT LA CURE,M,45.922236651711806,1.922805712766997
201800020109,NonLethal,2018-01-04,11:50:00,Daylight,870,177,Yes,NoIntersection,Normal,2Vehicles-BehindVehicles-Frontal,GRAND'RUE DES BOUCHATS,M,45.81111553837182,1.8140907081727864
201800020110,NonLethal,2018-05-16,16:45:00,Daylight,870,152,No,NoIntersection,Normal,NoCollision,D28,M,45.9525405070811,1.9545035937545336
201800020111,NonLethal,2018-07-14,15:45:00,Daylight,870,185,No,NoIntersection,Normal,Other,LA MALAISE,M,45.90302433164301,1.9020820165425012
201800020112,NonLethal,2018-09-16,16:20:00,Daylight,870,1,No,Roundabout,VeryGood,NoCollision,ROND-POINT D2000-D10,M,45.79930021617388,1.799712302295887
201800020113,Lethal,2018-09-20,22:10:00,NightNoStreetLight,870,202,No,NoIntersection,Normal,Other,ROUTE DÉPARTEMENTALE 9 -,M,45.90365383879448,1.9029499438099449
201800020114,Lethal,2018-03-11,18:25:00,NightNoStreetLight,870,191,No,NoIntersection,Normal,Other,CLOS BARRIANT,M,45.7374238456088,1.7394097362064391
201800020115,NonLethal,2018-12-24,10:00:00,Daylight,870,202,No,NoIntersection,Normal,3+Vehicles-Multiple,RD 101 LE MAS DE GLANE,M,45.94121932250306,1.9422427823758293
201800020116,NonLethal,2018-02-03,20:00:00,NightNoStreetLight,202,9,No,NoIntersection,Normal,NoCollision,route du roi Théodore,M,42.11488046522868,9.113102307278462
201800020117,NonLethal,2018-05-22,12:15:00,Daylight,202,9,No,NoIntersection,Normal,2Vehicles-Side,RT 10,M,42.12848685001543,9.130297133579448
201800020118,NonLethal,2018-06-11,20:00:00,Daylight,202,143,No,NoIntersection,Normal,Other,RT 10 - Bravone,M,42.226884407422354,9.228053177001266
201800020119,Lethal,2018-07-01,18:15:00,Daylight,202,320,No,NoIntersection,Normal,Other,Canicioletto,M,42.15824548842878,9.158901711077837
201800020120,Lethal,2018-07-24,22:00:00,NightNoStreetLight,202,9,No,NoIntersection,Normal,2Vehicles-Side,RT10 - lieudit Arboratel,M,42.09976221213913,9.096583778886032
201800020122,NonLethal,2018-08-26,18:00:00,Daylight,202,143,Yes,T-type,Normal,2Vehicles-Behind,Bravone,M,42.20280737816594,9.203323427960724
201800020123,NonLethal,2018-08-29,12:34:00,Daylight,202,9,Yes,NoIntersection,Normal,Other,Lieu-dit Catteragio,M,42.1153564070884,9.115846519290637
201800020124,NonLethal,2018-10-07,18:30:00,NightStreelightsOn,202,9,Yes,NoIntersection,LightRain,Other,route de Bonifacio,M,42.11107299034504,9.11196175717555
201800020125,Lethal,2018-12-14,00:20:00,NightNoStreetLight,202,9,No,NoIntersection,HeavyRain,Other,RT 10 - PK 95+000,M,42.09116090283861,9.090124891131431
201800020126,NonLethal,2018-02-22,05:50:00,NightNoStreetLight,470,34,No,NoIntersection,Normal,2Vehicles-Behind,LIEU DIT LA GRELE,M,44.40496266843984,1.4044161106361894
201800020127,NonLethal,2018-03-02,22:30:00,NightNoStreetLight,470,165,No,NoIntersection,Normal,Other,LIEU DIT BOUZON,M,44.52713213504006,1.5262641545943445
201800020128,NonLethal,2018-10-04,02:30:00,NightNoStreetLight,470,165,No,NoIntersection,LightRain,Other,CAP DE BOSC,M,44.51497236154089,2.5144310078331893
201800020129,NonLethal,2018-04-27,16:05:00,Daylight,470,156,No,NoIntersection,Normal,Other,LIEU-DIT LES BERNÈS,M,44.49408175232105,7.492309778715279
201800020130,NonLethal,2018-11-25,11:35:00,Daylight,470,233,No,X-type,Normal,2Vehicles-Side,Carrefour RD 239 / VC15,M,44.54173211366721,9.544142698884995
201800020131,NonLethal,2018-05-12,10:35:00,Daylight,470,233,No,T-type,Normal,3+Vehicles-Chain,Bordeneuve,M,44.54064546488363,8.541574805065569
201800020132,NonLethal,2018-11-12,07:50:00,TwilightOrDawn,470,165,Yes,X-type,FogOrSmoke,Other,Avenue de la fontaine d',M,44.522130493473696,3.5222664176434444
201800020134,NonLethal,2018-12-17,11:25:00,Daylight,470,245,No,NoIntersection,VeryGood,2Vehicles-BehindVehicles-Frontal,la boissière,M,44.61302261657641,1.614113827824053
201800020135,NonLethal,2018-05-04,16:40:00,Daylight,230,90,No,NoIntersection,Normal,Other,,M,45.78629653143573,2.784240054043983
201800020137,NonLethal,2018-06-28,06:50:00,Daylight,230,232,No,NoIntersection,Normal,Other,"LE COMPEIX, RD08",M,45.90631273430763,1.9069673604803408
201800020138,NonLethal,2018-06-30,19:45:00,Daylight,230,227,No,Other,VeryGood,2Vehicles-BehindVehicles-Frontal,RD 13 aux abords de l'in,M,45.89484803278973,1.894351048637042
201800020139,NonLethal,2018-08-06,05:45:00,TwilightOrDawn,230,134,No,NoIntersection,Normal,Other,Lieu-dit Rigole du Diabl,M,45.87446376034272,1.874774754140792
201800020142,NonLethal,2018-08-08,17:55:00,Daylight,230,219,No,NoIntersection,Normal,Other,RN145 PK+R3,M,46.218888073031664,1.2168069919331508
201800020143,NonLethal,2018-08-26,18:15:00,Daylight,230,47,No,Other,Normal,NoCollision,D4 - route de Fursac,M,46.15953737054203,1.1587928060216224
201800020145,NonLethal,2018-10-28,15:50:00,Daylight,230,207,Yes,NoIntersection,LightRain,Other,Le Bourg D951,M,46.28274526308169,1.2815842581719517
201800020146,NonLethal,2018-10-31,18:15:00,NightStreelightsOff,230,176,Yes,NoIntersection,LightRain,Other,Route de Dun Le Palestel,M,46.23987451394556,1.2357382809383957
201800020147,NonLethal,2018-11-16,18:15:00,NightStreelightsOn,230,75,No,X-type,Normal,2Vehicles-Side,Le Puy Brevier,M,46.28749269392448,1.287592583651501
201800020148,Lethal,2018-12-01,00:30:00,NightNoStreetLight,230,65,No,NoIntersection,LightRain,Other,Route de La Souterraine,M,46.29624197577917,1.2974816620677472
201800020149,NonLethal,2018-02-17,19:55:00,NightStreelightsOn,500,439,Yes,NoIntersection,Normal,Other,RD 21,,,
201800020150,NonLethal,2018-02-17,23:55:00,NightNoStreetLight,500,592,No,NoIntersection,Normal,Other,,M,48.98124044899449,-0.9834185729184012
201800020151,NonLethal,2018-03-16,12:10:00,Daylight,500,393,Yes,NoIntersection,Overcast,Other,avenue du Général Bradle,M,48.91882186663808,-0.9170126156036889