AccidentId,Gravity,Date,Hour,Light,Department,Commune,InAgglomeration,IntersectionType,Weather,CollisionType,PostalAddress,GPSCode,Latitude,Longitude
201800020153,NonLethal,2018-04-06,09:53:00,Daylight,500,214,No,NoIntersection,LightRain,2Vehicles-BehindVehicles-Frontal,D975,M,48.92619282386643,-0.925659073853383
201800020155,Lethal,2018-04-09,16:15:00,Daylight,500,137,No,NoIntersection,Normal,2Vehicles-BehindVehicles-Frontal,LE BIGNON,M,48.872778176149,-0.8717250034422267
201800020156,NonLethal,2018-09-14,23:20:00,NightNoStreetLight,500,592,No,NoIntersection,Normal,2Vehicles-BehindVehicles-Frontal,Le Nid de Loup,M,48.97423626306256,-0.9742534411797814
201800020157,NonLethal,2018-05-11,20:20:00,NightNoStreetLight,500,592,Yes,NoIntersection,Normal,Other,rue des anciennes halles,M,48.97396863239346,-0.9736308516362449
201800020158,NonLethal,2018-09-11,18:50:00,NightNoStreetLight,500,363,No,T-type,StrongWindOrStorm,2Vehicles-BehindVehicles-Frontal,la vallequerie,M,48.996534320233394,-0.9974390160939
201800020159,NonLethal,2018-12-11,18:15:00,NightNoStreetLight,500,465,No,NoIntersection,Normal,2Vehicles-BehindVehicles-Frontal,rue du bas chemin,M,49.07234984216089,-0.0734763350700882
201800020161,Lethal,2018-01-29,09:45:00,Daylight,220,305,No,NoIntersection,Normal,Other,La Ville Es Michel,M,48.25886125262229,-0.2593129748786843
201800020162,NonLethal,2018-06-01,16:00:00,Daylight,220,20,No,T-type,Normal,2Vehicles-Side,La ville Trema,M,48.29672878400021,-0.2982989021178018
201800020163,NonLethal,2018-07-13,16:20:00,Daylight,220,239,No,NoIntersection,Normal,2Vehicles-BehindVehicles-Frontal,rue de Dinan - RD 64,M,48.36136146778895,-0.3603033884958577
201800020164,NonLethal,2018-07-21,00:15:00,NightNoStreetLight,220,84,No,Y-type,Normal,2Vehicles-Side,la croix guillaume,M,48.42647845576767,-0.4246014912022345
201800020165,NonLethal,2018-09-08,14:20:00,Daylight,220,32,No,T-type,Normal,2Vehicles-Side,LA BARRE rd 766,M,48.30855183539083,-0.3071086289893826
201800020166,NonLethal,2018-09-09,16:15:00,Daylight,220,341,No,X-type,Normal,2Vehicles-Side,RD 44 - la lande du moul,M,48.39955505840842,-0.3989224622150928
201800020167,NonLethal,2018-10-20,15:45:00,Daylight,220,84,Yes,X-type,Normal,2Vehicles-Side,D 106 - Bourg de LESCOUE,M,48.41179113577304,-0.413092911516179
201800020168,NonLethal,2018-11-05,13:30:00,Daylight,220,337,No,X-type,Normal,2Vehicles-Side,lieu dit la croix verte,M,48.35805243350829,-0.3591382286234955
201800020169,NonLethal,2018-11-27,15:50:00,Daylight,220,185,No,T-type,HeavyRain,Other,Lieu dit Le cloitre,M,48.34571987269632,-0.3451550498365618
201800020170,Lethal,2018-11-28,08:30:00,TwilightOrDawn,220,84,No,Y-type,Overcast,Other,LA TOURELLE,M,48.41671724265912,-0.416465926342539
201800020171,NonLethal,2018-03-26,14:45:00,Daylight,300,67,No,NoIntersection,Normal,3+Vehicles-Multiple,D982,M,44.03944535988785,4.036794953683067
201800020172,NonLethal,2018-04-13,03:00:00,NightNoStreetLight,300,262,No,NoIntersection,LightRain,Other,D982,M,44.03156605112988,4.03064645333606
201800020173,NonLethal,2018-04-27,15:20:00,Daylight,300,334,Yes,Y-type,Normal,2Vehicles-BehindVehicles-Frontal,Rue Paul Cezanne,M,44.02744375732397,4.026636699127608
201800020174,NonLethal,2018-05-29,17:55:00,Daylight,300,334,No,NoIntersection,Normal,2Vehicles-BehindVehicles-Frontal,D 981 route de Nimes,M,44.32727834108199,4.327186693866808
201800020175,NonLethal,2018-06-01,22:45:00,NightNoStreetLight,300,299,No,NoIntersection,Normal,Other,D979,M,44.02062412803265,4.021729011676213
201800020176,NonLethal,2018-06-23,18:10:00,Daylight,300,334,No,NoIntersection,Normal,2Vehicles-Side,avenue Maxime Pascal,M,44.018309152599294,4.017869029571759
201800020177,NonLethal,2018-06-29,18:00:00,Daylight,300,14,No,NoIntersection,VeryGood,NoCollision,route départementale 120,M,43.99852509922036,5.000391595891592
201800020178,Lethal,2018-07-07,10:00:00,Daylight,300,338,Yes,NoIntersection,VeryGood,Other,départementale 6,M,44.13087002621359,4.130942558464044
201800020179,Lethal,2018-10-07,02:50:00,NightNoStreetLight,300,151,No,NoIntersection,Normal,Other,"D6, PK 25+700",M,44.13409766330505,4.132747470042916
201800020180,NonLethal,2018-11-07,07:30:00,Daylight,300,30,No,NoIntersection,Normal,NoCollision,D981 lieu-dit fontcouver,M,44.05566276298811,4.055218867454802
201800020181,NonLethal,2018-07-21,01:25:00,NightNoStreetLight,300,14,Yes,NoIntersection,LightRain,Other,D 982,M,43.999837686424144,3.9996420781753352
201800020182,NonLethal,2018-07-20,12:43:00,Daylight,300,334,Yes,NoIntersection,Normal,Other,D981,M,44.00634969985756,4.004145770122596
201800020183,NonLethal,2018-08-13,08:45:00,Daylight,300,113,No,X-type,VeryGood,2Vehicles-Side,D37 - D687,M,44.16848855872696,4.16852293545029
201800020184,NonLethal,2018-08-23,17:40:00,Daylight,300,174,No,NoIntersection,Normal,2Vehicles-Side,"D979, montée de l'arnac",M,44.06485035995175,4.064174078756763
201800020185,NonLethal,2018-09-19,18:40:00,Daylight,300,334,Yes,NoIntersection,Normal,Other,avenue de la libération,M,44.00982419292593,4.01201848602062
201800020186,NonLethal,2018-09-21,10:35:00,Daylight,300,41,No,NoIntersection,Normal,2Vehicles-Side,D979,M,43.97016098038619,4.96999838389422
201800020187,NonLethal,2018-09-28,12:30:00,Daylight,300,14,No,NoIntersection,Normal,3+Vehicles-Multiple,D982 pk 45,M,44.00001243847182,4.001492633389471
201800020188,NonLethal,2018-09-11,07:00:00,TwilightOrDawn,300,308,No,NoIntersection,HeavyRain,Other,CD 112,M,43.95687036440782,4.957735503056459
201800020189,NonLethal,2018-09-11,17:00:00,TwilightOrDawn,300,282,No,NoIntersection,LightRain,2Vehicles-BehindVehicles-Frontal,D6,M,44.148433671906986,4.1504658270227255
201800020190,NonLethal,2018-11-27,15:00:00,Daylight,300,343,No,NoIntersection,Normal,2Vehicles-BehindVehicles-Frontal,Départementale 23,M,44.187379273220856,4.189245924766245
201800020191,NonLethal,2018-12-16,15:20:00,Daylight,300,174,No,NoIntersection,LightRain,Other,d981,M,44.03231256490186,4.033824836565375
201800020192,NonLethal,2018-12-31,16:15:00,Daylight,300,295,Yes,NoIntersection,Normal,Other,352 chemin du mas d'Aura,M,44.04342474620071,4.043538018152229
201800020193,NonLethal,2018-02-19,15:10:00,Daylight,300,202,Yes,T-type,Normal,2Vehicles-Side,2 avenue Gaston Doumergu,M,44.25410970807222,4.253841198635775
201800020194,NonLethal,2018-03-17,00:45:00,NightNoStreetLight,300,304,No,Other,Normal,Other,D141,M,44.25701462984494,4.25792560980101
201800020197,NonLethal,2018-06-20,11:25:00,Daylight,300,202,Yes,X-type,Normal,2Vehicles-BehindVehicles-Frontal,11 Boulevard Gambetta,M,44.255742730681625,4.256857971520602
201800020198,NonLethal,2018-07-14,18:12:00,Daylight,300,288,No,NoIntersection,Normal,2Vehicles-BehindVehicles-Frontal,RN86,M,44.2127144944252,4.213239548307818
201800020199,NonLethal,2018-07-16,16:30:00,Daylight,300,226,No,NoIntersection,VeryGood,2Vehicles-BehindVehicles-Frontal,Départementale 6086,M,44.22648804303258,4.225863122487163
201800020200,NonLethal,2018-07-22,01:00:00,NightNoStreetLight,300,290,No,T-type,Normal,2Vehicles-BehindVehicles-Frontal,route de barjac,M,44.27468302712259,4.27396834106039
201800020201,NonLethal,2018-09-21,15:20:00,Daylight,300,222,No,NoIntersection,Normal,Other,D166 Route de St Laurent,M,44.2034851762246,4.202471842539276
201800020203,Lethal,2018-12-01,06:15:00,NightNoStreetLight,300,256,No,NoIntersection,Normal,Other,RD 980 PK15+900,M,44.18942816042566,4.188406766837457
201800020204,NonLethal,2018-01-22,15:45:00,Daylight,300,221,No,Other,Normal,2Vehicles-Behind,N 6580,M,44.04133623558769,4.039256395154437
201800020205,NonLethal,2018-01-31,12:20:00,Daylight,300,217,Yes,Other,Normal,2Vehicles-Behind,ROUTE D'ORANGE,M,43.982440796039846,4.983794952550364
201800020206,NonLethal,2018-04-01,08:50:00,Daylight,300,209,No,NoIntersection,Normal,2Vehicles-Side,Route départementale 658,M,43.99417220346761,4.992619444033162
201800020208,NonLethal,2018-07-07,18:55:00,Daylight,300,315,No,NoIntersection,VeryGood,2Vehicles-BehindVehicles-Frontal,RN 100,M,43.94398439501017,4.944813472913626
201800020209,NonLethal,2018-07-13,18:20:00,Daylight,300,278,No,X-type,Normal,2Vehicles-Side,ROUTE NATIONALE 580,M,44.05422525395187,4.05265711722277
201800020210,NonLethal,2018-07-13,19:55:00,Daylight,300,221,Yes,T-type,Normal,2Vehicles-Side,avenue de la gare,M,44.04811258849529,4.051412603932364
201800020211,NonLethal,2018-05-08,16:00:00,Daylight,300,278,No,NoIntersection,Normal,NoCollision,Départementale 580,M,44.05204900054256,4.053754465612375
201800020214,NonLethal,2018-11-13,18:00:00,NightNoStreetLight,300,221,No,T-type,Normal,2Vehicles-Side,D6580,M,44.029564471430646,4.029517105459485
201800020215,Lethal,2018-03-23,16:20:00,Daylight,380,429,No,Y-type,Normal,Other,Dl075 et D8A,M,44.86872459698716,5.865242744035889
201800020216,NonLethal,2018-05-05,12:30:00,Daylight,380,456,No,NoIntersection,Normal,NoCollision,Route,M,44.8381921430574,5.838854985416319
201800020217,NonLethal,2018-05-14,12:20:00,Daylight,380,208,Yes,NoIntersection,Normal,NoCollision,chemin communal la Chaux,M,44.852124209089936,5.8537578332138125
201800020219,NonLethal,2018-10-06,15:22:00,Daylight,380,204,No,NoIntersection,Normal,NoCollision,RD 1075 PK153,M,44.738035350225246,5.738490491187463
201800020220,NonLethal,2018-07-29,14:20:00,Daylight,380,429,No,NoIntersection,Normal,Other,D8A,M,44.86971198692034,5.868519956683349
201800020222,NonLethal,2018-08-09,17:40:00,Daylight,380,419,No,NoIntersection,LightRain,NoCollision,D1075,M,44.84115111296021,5.840060412061628
201800020223,NonLethal,2018-09-08,18:50:00,Daylight,380,342,No,NoIntersection,Normal,2Vehicles-Side,D34,M,44.87366834822552,5.873722520325411
201800020224,Lethal,2018-05-10,20:39:00,NightNoStreetLight,380,127,Yes,NoIntersection,Normal,Other,le hameau Villard Julien,M,44.85080224418248,5.8483193715042265
201800020225,NonLethal,2018-06-10,14:30:00,Daylight,380,204,No,NoIntersection,Normal,Other,D1075,M,44.73396541887721,5.734208492911421
201800020226,NonLethal,2018-09-10,20:50:00,NightNoStreetLight,380,342,No,Roundabout,Normal,Other,RDl075,M,44.90716035673437,5.908200100741271
201800020227,NonLethal,2018-04-11,15:10:00,Daylight,380,204,No,NoIntersection,Overcast,NoCollision,D1075,M,44.74469629651402,5.748742642125602
201800020228,NonLethal,2018-12-31,15:59:00,Daylight,180,33,Yes,NoIntersection,LightRain,Other,REPUBLIQUE (BOULEVARD DE,M,47.090160766719045,2.089726743553554
201800020230,NonLethal,2018-02-12,11:30:00,Daylight,180,33,Yes,X-type,Normal,Other,RIMBAULT (RUE JACQUES),M,,
201800020232,NonLethal,2018-04-06,18:30:00,Daylight,180,33,Yes,Roundabout,Normal,Other,MALRAUX (PLACE ANDRE),M,47.0789825980893,2.081046037400152
201800020233,NonLethal,2018-04-16,13:55:00,Daylight,180,205,Yes,NoIntersection,Normal,Other,PRES LE ROI (AVENUE DES),M,47.0888563905381,2.090128996632287
201800020234,NonLethal,2018-04-18,13:46:00,Daylight,180,33,Yes,T-type,Normal,2Vehicles-Side,ORLEANS (AVENUE D'),M,47.08917857844341,2.090297927323859
201800020235,NonLethal,2018-04-27,16:30:00,Daylight,180,33,Yes,Other,Normal,2Vehicles-Side,BARBES (RUE),M,47.075415184377626,2.0765624285307944
201800020236,NonLethal,2018-04-26,09:30:00,Daylight,180,33,Yes,T-type,Normal,2Vehicles-Side,PORTE JAUNE (RUE DE LA),M,,
201800020237,NonLethal,2018-05-02,14:20:00,Daylight,180,33,Yes,NoIntersection,Normal,2Vehicles-BehindVehicles-Frontal,JAURES (AVENUE JEAN),M,47.087767373600016,2.0890640988636475
201800020239,NonLethal,2018-05-13,01:00:00,NightStreelightsOn,180,33,Yes,NoIntersection,LightRain,2Vehicles-Behind,DE GAULLE (AV DU GENERAL,M,47.1038190650462,2.106387098343657
201800020240,NonLethal,2018-05-31,03:00:00,NightStreelightsOn,180,33,Yes,NoIntersection,Normal,Other,AUTVAL (RUE ADELAIDE),M,47.1013271231248,2.1010039589153515
201800020241,NonLethal,2018-01-06,22:25:00,NightStreelightsOn,180,33,Yes,T-type,Normal,2Vehicles-Behind,SERAUCOURT (RUE DE),M,47.07765095945232,2.079398893987802
201800020242,NonLethal,2018-06-01,16:55:00,Daylight,180,205,Yes,T-type,Normal,2Vehicles-Side,BERRY-BOUY (ROUTE DE),M,47.09582862317755,2.093466730995656
201800020244,NonLethal,2018-06-14,11:55:00,Daylight,180,33,Yes,Other,Normal,Other,ROUSSEAU (RUE JEAN-JACQU,M,47.07988050647333,2.080068481944385
201800020245,NonLethal,2018-06-25,09:30:00,Daylight,180,33,Yes,NoIntersection,Normal,Other,RENAN (AVENUE ERNEST),M,47.07986661273628,2.080967324448575
201800020246,NonLethal,2018-07-07,19:00:00,Daylight,180,205,Yes,NoIntersection,Normal,2Vehicles-BehindVehicles-Frontal,BERRY-BOUY (ROUTE DE),M,47.09239211008285,2.093846372680773
201800020247,NonLethal,2018-07-14,15:25:00,Daylight,180,213,No,NoIntersection,Normal,Other,SAINTE-SOLANGE (ROUTE DE,M,47.11517522923367,2.1142130245073454
201800020248,NonLethal,2018-07-18,19:10:00,Daylight,180,205,Yes,NoIntersection,Normal,2Vehicles-Behind,GAULLE (AVENUE DU GENERA,M,47.09738403958959,2.0958300665078213
201800020250,NonLethal,2018-07-22,14:10:00,Daylight,180,33,Yes,NoIntersection,Normal,Other,LATTRE DE TASSIGNY (AVEN,M,47.10250505734644,2.1007705032491923
201800020254,NonLethal,2018-08-21,00:09:00,NightStreelightsOn,180,205,Yes,NoIntersection,Normal,Other,REPUBLIQUE (AVENUE DE LA,M,47.097911180040775,2.1004797876627634
201800020255,NonLethal,2018-08-31,17:05:00,Daylight,180,33,Yes,T-type,Normal,3+Vehicles-Multiple,ROBINSON (AVENUE DE),M,47.07334696123589,2.070882912554486
201800020257,NonLethal,2018-09-16,01:05:00,NightStreelightsOn,180,33,Yes,X-type,Normal,2Vehicles-Side,PAIX (RUE DE LA),M,47.05592605203705,2.056486844701383
201800020258,NonLethal,2018-03-09,16:48:00,Daylight,180,33,Yes,NoIntersection,Normal,2Vehicles-Side,INDUSTRIE (BOULEVARD DE,M,47.07315467232721,2.0705604015133523
201800020259,NonLethal,2018-09-19,18:40:00,Daylight,180,213,Yes,T-type,Normal,2Vehicles-Side,GENERAL DE GAULLE (AVENU,M,47.08880165732501,2.0893409783875514
201800020260,NonLethal,2018-09-25,18:00:00,Daylight,180,33,Yes,NoIntersection,Normal,2Vehicles-BehindVehicles-Frontal,LOUPS (RUE DE LA SENTE A,M,47.100608876434514,2.1023734618937637
201800020262,NonLethal,2018-11-01,03:10:00,NightStreelightsOn,180,33,Yes,NoIntersection,Overcast,3+Vehicles-Chain,DUN-SUR-AURON (AV DE),M,47.06981624651749,2.070859406488666
201800020263,NonLethal,2018-11-02,13:30:00,Daylight,180,33,Yes,T-type,Normal,Other,PRES-LE-ROI (AVENUE DES),M,47.094822496723374,2.0964788126155365
201800020264,NonLethal,2018-11-02,16:40:00,Daylight,180,213,Yes,NoIntersection,Normal,Other,CHARITE (ROUTE DE LA),M,47.95135125615418,2.953199317667703
201800020265,NonLethal,2018-11-22,14:00:00,Daylight,180,33,Yes,T-type,Overcast,2Vehicles-Side,BERANGER (RUE),M,47.07933828485835,2.0814037531913057
201800020266,NonLethal,2018-05-10,12:10:00,Daylight,180,33,Yes,NoIntersection,Normal,3+Vehicles-Chain,RENAN (AVENUE ERNEST),M,47.08280721401476,2.085236397105092
201800020267,NonLethal,2018-12-05,18:28:00,NightStreelightsOn,180,33,No,NoIntersection,Normal,2Vehicles-Side,BILLANT (RUE LOUIS),M,47.05736076123146,2.055493442095113
201800020268,NonLethal,2018-11-12,01:55:00,NightStreelightsOn,180,33,No,NoIntersection,FogOrSmoke,3+Vehicles-Chain,DUN-SUR-AURON (AVENUE DE,M,47.05249527155573,2.0494775104748246
201800020269,NonLethal,2018-12-23,22:09:00,NightStreelightsOn,180,33,Yes,T-type,Normal,2Vehicles-BehindVehicles-Frontal,MERY-ES-BOIS (ROUTE DE),M,47.11550426352748,2.1179316313886494
201800020270,Lethal,2018-04-27,06:40:00,NightNoStreetLight,410,270,No,NoIntersection,Normal,Other,lieu dit MONCHAUX,M,47.95323018422562,1.953759491246302
201800020271,NonLethal,2018-05-22,09:00:00,Daylight,410,105,No,NoIntersection,Normal,2Vehicles-BehindVehicles-Frontal,RD 917,M,47.79118315829983,1.791315798171362
201800020272,NonLethal,2018-05-25,23:20:00,NightStreelightsOff,410,123,Yes,NoIntersection,Overcast,NoCollision,route de beaugency,M,47.81996864826929,1.8208342569376128
201800020273,NonLethal,2018-06-18,15:10:00,Daylight,410,221,No,NoIntersection,Normal,NoCollision,intersection D11O/D156,M,47.81616140412905,1.8165005665756715
201800020274,NonLethal,2018-09-16,20:00:00,NightNoStreetLight,410,273,No,NoIntersection,Normal,Other,RD924,M,47.85933368329204,1.8583804678415032
201800020275,NonLethal,2018-09-14,18:30:00,TwilightOrDawn,410,289,No,NoIntersection,Normal,2Vehicles-Side,D25,M,47.88536105883466,1.885417156442724
201800020277,NonLethal,2018-05-20,17:00:00,Daylight,120,291,No,NoIntersection,HeavyRain,Other,A75 - PR 204.700,M,44.21545603434619,3.215471853616912
201800020278,NonLethal,2018-11-08,06:55:00,Daylight,120,77,No,NoIntersection,Normal,2Vehicles-Behind,A75,M,43.92703471484521,3.927833944003466
201800020279,NonLethal,2018-08-14,08:30:00,Daylight,120,47,No,NoIntersection,Normal,2Vehicles-Side,A 75 pk 185+291,M,44.36053809173819,3.358640829238102
201800020280,NonLethal,2018-08-21,08:40:00,Daylight,120,291,No,NoIntersection,Normal,NoCollision,AUTOROUTE A 75 - PK 203.,M,44.35846390570384,3.355983476575545
201800020282,NonLethal,2018-08-26,08:10:00,Daylight,120,291,No,NoIntersection,Normal,NoCollision,A75 PK 202+500 dans le s,M,44.234197790273946,3.2326261072681524
201800020283,NonLethal,2018-08-28,17:25:00,Daylight,120,291,No,NoIntersection,Normal,NoCollision,A75 PR 208+300 sens N/S,M,44.187210373685616,3.1850693027693184
201800020284,NonLethal,2018-03-09,14:45:00,Daylight,120,238,No,NoIntersection,Normal,3+Vehicles-Multiple,D911 PR 19+0240,M,44.22547533261575,2.2286002340405178
201800020285,NonLethal,2018-09-18,00:55:00,NightNoStreetLight,120,270,No,NoIntersection,Normal,Other,A75 PR 192+645 Sud-Nord,M,44.31869506262551,3.3147412644445247
201800020286,NonLethal,2018-11-14,16:15:00,Daylight,120,270,No,NoIntersection,Normal,2Vehicles-Behind,autoroute A 75,M,44.34238369584393,3.342493786672237
201800020288,Lethal,2018-05-26,04:00:00,NightNoStreetLight,580,300,No,NoIntersection,Normal,2Vehicles-Behind,A77 - PK 152+728,M,47.022219323967775,3.0223285684028145
201800020289,NonLethal,2018-04-07,17:00:00,Daylight,580,238,No,NoIntersection,Normal,NoCollision,A77 PK 158.100,M,46.988928411550745,3.989395817199549
201800020290,NonLethal,2018-08-12,10:43:00,Daylight,580,67,No,NoIntersection,Normal,NoCollision,A 77,M,47.10622703431129,3.106927756803469
201800020292,NonLethal,2018-04-09,16:20:00,Daylight,580,295,No,NoIntersection,Normal,2Vehicles-Side,A77 PK 111+500,M,47.31857288797951,2.321510382589641
201800020293,NonLethal,2018-11-09,15:05:00,Daylight,580,164,No,Other,Normal,2Vehicles-BehindVehicles-Frontal,A77,M,47.2351515980517,2.2343730900474674
201800020294,Lethal,2018-09-18,09:15:00,Daylight,580,86,No,NoIntersection,Normal,2Vehicles-Behind,A 77 PK 108+892 sens Nev,M,47.34958300444066,2.350858318039248
201800020295,NonLethal,2018-10-31,19:15:00,NightNoStreetLight,580,207,No,NoIntersection,StrongWindOrStorm,3+Vehicles-Chain,A77 pr 143+550 sens PARI,M,47.08087634350228,3.0778182279172586
201800020297,NonLethal,2018-06-01,13:25:00,Daylight,710,456,Yes,NoIntersection,Normal,NoCollision,5 route de Chalon -Perri,M,46.8139866783157,5.81268603176722
201800020298,NonLethal,2018-02-25,05:40:00,NightNoStreetLight,710,566,Yes,NoIntersection,Normal,Other,avenue du président borg,M,46.889301243465766,5.888505163609553
201800020299,NonLethal,2018-05-16,14:00:00,Daylight,710,2,No,NoIntersection,LightRain,2Vehicles-BehindVehicles-Frontal,"lieu-dit ""Villargeau""",M,46.74858553146321,5.748950621175377
201800020300,NonLethal,2018-05-21,15:00:00,Daylight,710,189,No,NoIntersection,Normal,NoCollision,RD 978 Route de Louhans,M,46.73477358122339,4.736133764178878
201800020301,NonLethal,2018-06-15,15:10:00,Daylight,710,189,Yes,T-type,Normal,2Vehicles-BehindVehicles-Frontal,Route de chalon,M,46.743207396416366,4.743978068305736
201800020302,NonLethal,2018-06-30,17:25:00,Daylight,710,2,Yes,X-type,Normal,2Vehicles-Side,Route de St germain,M,46.75184740189572,5.749324720381833
201800020303,Lethal,2018-08-14,16:00:00,Daylight,710,578,No,NoIntersection,Normal,NoCollision,rd673,M,46.96233438806646,5.962417672981099
201800020305,Lethal,2018-06-10,05:15:00,NightNoStreetLight,710,167,No,NoIntersection,Normal,2Vehicles-Side,RD673 - PK12+124,M,46.830680298324936,4.83171098414706
201800020306,NonLethal,2018-10-15,07:35:00,Daylight,710,189,Yes,Y-type,Normal,2Vehicles-Side,Rue du bourg,M,46.75229136917574,4.750989383261384
201800020307,NonLethal,2018-10-30,08:40:00,Daylight,710,578,No,NoIntersection,LightRain,2Vehicles-BehindVehicles-Frontal,D673,M,46.95826424533984,5.958016620353156
201800020308,Lethal,2018-10-31,21:00:00,NightNoStreetLight,710,570,No,NoIntersection,Overcast,NoCollision,RD 439,M,46.87945778868984,4.878323881207181
201800020309,NonLethal,2018-02-12,18:30:00,NightNoStreetLight,710,333,No,NoIntersection,LightRain,2Vehicles-BehindVehicles-Frontal,PR 2+700,M,46.77376907788148,4.774771355805091
201800020310,NonLethal,2018-12-27,23:05:00,NightStreelightsOn,710,566,Yes,NoIntersection,Normal,Other,AVENUE VALÉRY GISCARD D',M,46.89232736462809,5.892431776056501
201800020311,NonLethal,2018-02-23,22:50:00,NightNoStreetLight,360,239,No,NoIntersection,Normal,2Vehicles-Behind,,M,46.465991016922246,1.465460728347463
201800020312,NonLethal,2018-08-16,19:00:00,Daylight,360,101,No,NoIntersection,Normal,2Vehicles-Behind,A20,M,46.713720417889874,1.712455155304451
201800020313,NonLethal,2018-09-28,18:50:00,Daylight,360,219,No,NoIntersection,Normal,2Vehicles-Behind,,M,46.64726481997998,1.6479059343072084
201800020314,NonLethal,2018-10-18,14:30:00,Daylight,360,231,No,NoIntersection,Normal,3+Vehicles-Chain,A20,M,46.722449655241824,1.72341883994196
201800020315,NonLethal,2018-10-18,14:45:00,Daylight,360,231,No,NoIntersection,Normal,2Vehicles-Behind,,M,46.72748855406291,1.7259511718683624
201800020316,NonLethal,2018-10-18,14:00:00,Daylight,360,231,No,NoIntersection,Normal,2Vehicles-Behind,,M,46.72504543758805,1.7275416783719426
201800020317,NonLethal,2018-11-11,02:50:00,NightNoStreetLight,360,33,No,NoIntersection,Normal,2Vehicles-Side,,M,46.527198575831086,1.5263593344754
201800020318,NonLethal,2018-11-27,22:30:00,NightNoStreetLight,360,6,No,NoIntersection,LightRain,2Vehicles-BehindVehicles-Frontal,,M,46.57242235985301,1.5699854653276866
201800020319,Lethal,2018-05-12,15:30:00,Daylight,360,101,No,NoIntersection,Normal,Other,,M,46.69516677795494,1.6957040036914104
201800020320,NonLethal,2018-12-20,15:50:00,Daylight,360,150,No,NoIntersection,Normal,Other,,M,46.45621859198584,1.4567298764236851
201800020321,Lethal,2018-03-24,12:00:00,Daylight,430,191,No,NoIntersection,Normal,2Vehicles-Behind,,M,45.35793229484897,3.358081452562376
201800020322,NonLethal,2018-03-31,04:05:00,NightNoStreetLight,150,207,No,Other,Normal,Other,A75 PK 080.800,M,45.14596097227683,3.1456942281408096
201800020324,Lethal,2018-05-04,12:50:00,Daylight,430,123,No,NoIntersection,Normal,2Vehicles-Behind,,M,45.32129802155132,3.3209996444226
201800020325,NonLethal,2018-08-19,15:24:00,Daylight,480,2,No,NoIntersection,Normal,Other,A 75 sens Nord/sud PK 11,M,44.8879824686586,3.886844769461999
201800020326,NonLethal,2018-01-01,03:32:00,NightNoStreetLight,630,54,No,NoIntersection,LightRain,Other,autoroute A75 sens n/s P,M,45.50784134782064,3.5076273965405
201800020327,NonLethal,2018-05-03,15:40:00,Daylight,630,352,No,NoIntersection,Normal,NoCollision,A75,M,45.47039717659165,3.469475759226325
201800020328,NonLethal,2018-03-16,06:20:00,TwilightOrDawn,630,121,No,NoIntersection,Normal,2Vehicles-Behind,A 75 - PK 19+500 - Sens,M,,
201800020329,Lethal,2018-04-14,09:55:00,Daylight,630,352,No,NoIntersection,Overcast,Other,Autoroute A75 - sens Nor,M,45.46029595616975,3.457988738712728
201800020330,NonLethal,2018-04-21,16:30:00,Daylight,630,411,No,NoIntersection,Normal,NoCollision,"autoroute A75, PK22+500",M,45.600299672401576,3.6006019568427163
201800020331,NonLethal,2018-04-25,17:30:00,Daylight,630,54,No,NoIntersection,Normal,Other,Autoroute A 75 - 36-600,M,45.4919484261444,3.490346689266897
201800020332,NonLethal,2018-08-01,19:00:00,Daylight,630,121,No,NoIntersection,Normal,2Vehicles-Behind,A75 - PK 020+800 sens No,M,45.61061386323272,3.61300630177693
201800020333,NonLethal,2018-08-25,09:45:00,Daylight,630,54,No,NoIntersection,Normal,3+Vehicles-Chain,Autoroute A75 - PK 038.0,M,45.485808083670975,3.486180887561845
201800020335,NonLethal,2018-12-21,16:35:00,Daylight,630,91,No,NoIntersection,Normal,Other,A75 - PK 045+100 - Sens,M,45.427901248517,3.428091638320485
201800020336,NonLethal,2018-12-21,19:00:00,NightNoStreetLight,630,52,No,NoIntersection,LightRain,2Vehicles-Behind,A75 - PK042+000 - Sens N,M,45.456219309066064,3.454524731539246
201800020337,NonLethal,2018-10-26,12:50:00,Daylight,870,14,No,NoIntersection,Normal,2Vehicles-Behind,A2O,M,46.06391645078773,1.0655541518378149
201800020338,NonLethal,2018-01-01,15:55:00,Daylight,340,114,No,NoIntersection,LightRain,Other,A 750  OPK 26+500,M,43.63146149813491,3.630342727019624
201800020339,NonLethal,2018-01-07,18:43:00,NightNoStreetLight,340,64,No,NoIntersection,LightRain,Other,A75,M,43.87020709374276,3.869861517051688