AccidentId,Gravity,Date,Hour,Light,Department,Commune,InAgglomeration,IntersectionType,Weather,CollisionType,PostalAddress,GPSCode,Latitude,Longitude
201800020340,NonLethal,2018-01-02,19:30:00,NightNoStreetLight,340,142,No,NoIntersection,LightRain,Other,A75,M,43.75439968109294,3.753667237985265
201800020342,NonLethal,2018-04-02,12:10:00,Daylight,340,114,No,NoIntersection,Normal,Other,Autoroute A750 PK 24+050,M,43.629551685787725,3.630878655396668
201800020343,NonLethal,2018-02-21,16:30:00,Daylight,340,254,No,NoIntersection,Normal,Other,autoroute A750 - PK35+84,M,43.65819442889254,3.65875203653312
201800020344,NonLethal,2018-02-15,02:20:00,NightNoStreetLight,340,163,No,NoIntersection,LightRain,3+Vehicles-Multiple,"A750, PK 13+100, sens Mo",M,43.63286575648174,3.633737114050021
201800020345,NonLethal,2018-03-24,03:35:00,NightNoStreetLight,340,163,No,NoIntersection,Normal,2Vehicles-Behind,A750 PK13,M,43.6312473196329,3.629658875184472
201800020346,NonLethal,2018-09-04,18:05:00,Daylight,340,123,No,NoIntersection,Normal,2Vehicles-Behind,RN109,M,43.61613609296129,3.616848622941217
201800020347,NonLethal,2018-04-29,14:30:00,Daylight,340,282,No,NoIntersection,HeavyRain,2Vehicles-Side,Autoroute A750,M,43.63275555753728,3.633402309762418
201800020348,NonLethal,2018-11-07,09:40:00,Daylight,340,180,No,NoIntersection,Normal,Other,Autoroute A75,M,43.60064026339507,3.59962510499464
201800020349,NonLethal,2018-07-20,20:45:00,TwilightOrDawn,340,114,No,NoIntersection,LightRain,Other,PK 3O.5OO A75O,M,43.63904556714234,3.638057390799529
201800020350,NonLethal,2018-05-08,21:45:00,NightNoStreetLight,340,36,No,Other,Normal,Other,A75 PK 285+100 (Bretelle,M,43.67783682577615,3.67848147485108
201800020351,NonLethal,2018-08-06,14:30:00,Daylight,340,199,No,NoIntersection,Normal,Other,AUTOROUTE A75 PK 314+060,M,43.45683696258806,3.456359144725872
201800020352,Lethal,2018-08-13,20:30:00,NightNoStreetLight,340,325,No,NoIntersection,Normal,3+Vehicles-Multiple,A75 PK 320+835,M,43.41356051616737,3.4126291002468405
201800020354,NonLethal,2018-08-31,10:00:00,Daylight,340,76,No,NoIntersection,Normal,Other,A75,M,43.657997670305065,3.656176425245854
201800020355,NonLethal,2018-06-09,08:30:00,Daylight,340,253,No,NoIntersection,Normal,Other,autoroute A75 - PK 260 +,M,43.83925760280811,3.8370731853440847
201800020356,NonLethal,2018-09-09,00:30:00,NightNoStreetLight,340,282,No,NoIntersection,Normal,Other,"A750, PK 17+500, vers Mi",M,43.62493014283432,3.6262657101827167
201800020357,NonLethal,2018-10-05,11:40:00,Daylight,340,163,No,NoIntersection,Normal,Other,a750 pk 13+800,M,43.63009821797842,3.630774509911992
201800020359,NonLethal,2018-08-11,09:55:00,Daylight,340,142,No,NoIntersection,Normal,Other,A75,M,43.708416886215296,3.707204756340569
201800020360,NonLethal,2018-11-09,14:50:00,Daylight,340,114,No,NoIntersection,LightRain,Other,A750 PK 30+570 sens 1,M,43.637680046724135,3.640445368561209
201800020361,NonLethal,2018-11-25,04:00:00,NightNoStreetLight,340,163,No,NoIntersection,Normal,Other,A750,M,43.62965150755071,3.632346561396484
201800020363,NonLethal,2018-11-26,20:10:00,NightNoStreetLight,340,123,No,NoIntersection,Normal,3+Vehicles-Multiple,RN 109 PR 08.800,M,43.62939672061644,3.6278104792639088
201800020366,Lethal,2018-12-16,07:30:00,NightNoStreetLight,340,35,No,NoIntersection,LightRain,Other,"A750, PK 21+592, sens MO",M,43.6233241423618,3.622847648794609
201800020368,NonLethal,2018-03-07,11:55:00,Daylight,480,9,No,NoIntersection,Normal,2Vehicles-Behind,A75 CHAZE DE PEYRE,M,44.72232222482574,3.7228917820341714
201800020369,NonLethal,2018-07-18,06:25:00,Daylight,480,5,No,NoIntersection,Normal,NoCollision,A75 PK153+779,M,44.57435421475164,3.5764391605125
201800020370,NonLethal,2018-05-08,10:45:00,Daylight,480,9,No,NoIntersection,Normal,Other,A75 aire de l'Aubrac,M,44.74671949958919,3.744721980637993
201800020371,NonLethal,2018-01-16,09:00:00,Daylight,80,395,No,NoIntersection,SnowOrHail,Other,A34,M,49.70342225333189,4.702820751907103
201800020372,NonLethal,2018-05-14,22:30:00,NightNoStreetLight,80,503,No,NoIntersection,LightRain,2Vehicles-Behind,A34,M,49.67681197987104,4.677916595675139
201800020373,NonLethal,2018-08-07,00:06:00,NightNoStreetLight,80,402,No,NoIntersection,Normal,3+Vehicles-Multiple,Autoroute A34,M,49.59392693023099,4.5929296395884815
201800020374,NonLethal,2018-05-05,14:45:00,Daylight,670,418,No,NoIntersection,Normal,NoCollision,rue de Leutenheim,M,48.82639810692696,8.824255989363431
201800020375,Lethal,2018-05-26,02:00:00,NightNoStreetLight,670,407,No,NoIntersection,Normal,2Vehicles-BehindVehicles-Frontal,RD 29,M,48.74902135556477,7.7481363985549745
201800020376,NonLethal,2018-06-28,15:00:00,Daylight,670,472,No,Roundabout,Normal,NoCollision,Giratoire D 37 / D 1063,M,48.821743808678086,7.818759714878893
201800020378,NonLethal,2018-09-18,12:20:00,Daylight,670,106,Yes,T-type,Normal,2Vehicles-BehindVehicles-Frontal,105 rue du Général de G,M,48.76092626655901,7.760628848876815
201800020379,NonLethal,2018-09-26,15:20:00,Daylight,670,106,Yes,NoIntersection,Normal,Other,RUE DU GÉNÉRAL DE GAULLE,M,48.761222166629096,7.760801134753366
201800020380,NonLethal,2018-10-09,13:45:00,Daylight,670,472,No,NoIntersection,Normal,2Vehicles-Behind,RD37,M,48.83322033977889,7.8323279416392815
201800020381,NonLethal,2018-07-11,06:45:00,TwilightOrDawn,670,405,Yes,X-type,Normal,2Vehicles-BehindVehicles-Frontal,17 rue principale,M,48.82670128301638,8.826953424524975
201800020382,NonLethal,2018-11-27,10:00:00,Daylight,670,106,Yes,X-type,Normal,NoCollision,rue beethoven,M,48.76249194710195,7.761912079807669
201800020383,NonLethal,2018-02-12,17:30:00,NightStreelightsOn,670,472,Yes,NoIntersection,LightRain,Other,GRAND RUE,M,48.827654934687054,7.829206665481885
201800020385,Lethal,2018-03-15,14:05:00,Daylight,440,23,No,NoIntersection,HeavyRain,2Vehicles-Side,Calan,M,47.411807239732894,-0.4116895499604951
201800020387,NonLethal,2018-11-05,19:30:00,Daylight,440,113,No,Other,Normal,Other,Bretelle RN.137 sortie R,M,47.57702155459312,-0.5780554896028133
201800020388,NonLethal,2018-05-27,02:30:00,NightNoStreetLight,440,209,No,NoIntersection,Normal,NoCollision,rn 137,M,47.33022082869511,-0.3314622269823192
201800020389,NonLethal,2018-10-22,02:25:00,NightNoStreetLight,440,149,No,NoIntersection,Normal,NoCollision,RN 137 PR053.000,M,47.49208350943659,-0.4924120522944389
201800020390,NonLethal,2018-10-22,09:43:00,Daylight,440,15,No,NoIntersection,Normal,2Vehicles-BehindVehicles-Frontal,Lieu dit LA RABATELAIS,M,47.46162396922105,-0.4630385410749221
201800020391,NonLethal,2018-04-22,10:20:00,Daylight,440,89,No,NoIntersection,Normal,NoCollision,La grande noë,M,47.34141141205264,-0.3429617610938708
201800020392,NonLethal,2018-05-14,15:10:00,Daylight,440,129,No,NoIntersection,Normal,NoCollision,RN 165 PK 50+500,M,47.44093003138191,-0.4433453554648466
201800020393,NonLethal,2018-05-27,03:25:00,NightNoStreetLight,440,195,No,NoIntersection,Normal,2Vehicles-Behind,"RN 171, P.R 67+292",M,47.3695632240216,-0.3694368250593598
201800020394,NonLethal,2018-06-07,21:30:00,TwilightOrDawn,440,194,No,NoIntersection,Normal,3+Vehicles-Chain,"N 165, PR 11+900, sens N",M,47.25943953268065,-0.2602975583313102
201800020395,NonLethal,2018-06-08,18:45:00,Daylight,440,152,No,NoIntersection,Overcast,3+Vehicles-Multiple,RN 165 - PR 47+600,M,47.437955349907696,-0.4373067982804601
201800020396,NonLethal,2018-06-17,14:15:00,Daylight,440,33,No,NoIntersection,Normal,2Vehicles-Behind,"N171, PR 68+200, sens NA",M,47.36232803771276,-0.3632298019057684
201800020397,NonLethal,2018-06-20,12:20:00,Daylight,440,89,No,NoIntersection,Normal,2Vehicles-Behind,"RN 165, PR 25+800",M,47.34541349314912,-0.3438771884903291
201800020398,NonLethal,2018-08-07,20:20:00,Daylight,440,89,No,NoIntersection,Normal,3+Vehicles-Chain,RN 165 PR 29+200,M,47.34958076974994,-0.3495630268274369
201800020399,NonLethal,2018-07-23,11:10:00,Daylight,440,52,No,NoIntersection,Normal,2Vehicles-BehindVehicles-Frontal,RD 773- Lieu dit Hélé,M,47.37576350559746,-0.3755869868327542
201800020401,NonLethal,2018-08-30,19:10:00,Daylight,440,196,No,NoIntersection,Normal,2Vehicles-BehindVehicles-Frontal,RD 773,M,47.54792423057761,-0.5456057829108049
201800020402,NonLethal,2018-09-14,15:20:00,Daylight,440,217,No,NoIntersection,Normal,2Vehicles-Side,Nl65 PK l6+l00,M,47.30175378023496,-0.3033428199496383
201800020403,NonLethal,2018-12-10,18:50:00,Daylight,440,137,Yes,X-type,Normal,2Vehicles-BehindVehicles-Frontal,rue de la croix blanche,M,47.36318881647567,-0.3636927011474028
201800020405,NonLethal,2018-10-19,17:45:00,Daylight,440,189,No,NoIntersection,Normal,Other,"N 165, PR 53+240, sens V",M,47.451784253783785,-0.4529866906040408
201800020406,NonLethal,2018-11-24,02:50:00,NightNoStreetLight,440,89,No,NoIntersection,LightRain,Other,Route nationale 165,M,47.34709407812072,-0.3480906935763193
201800020407,NonLethal,2018-11-24,10:20:00,Daylight,440,52,No,NoIntersection,Other,2Vehicles-Behind,RN 171,M,47.34113164999314,-0.3396748519168012
201800020408,NonLethal,2018-11-30,12:05:00,Daylight,440,217,No,Other,Normal,3+Vehicles-Chain,"N 165, PR 18+100,",M,47.30137647401256,-0.2993493049156258
201800020409,NonLethal,2018-11-30,20:06:00,NightNoStreetLight,440,210,No,NoIntersection,Normal,2Vehicles-Behind,RN l7l,M,47.32321866882703,-0.3196039487450399
201800020410,NonLethal,2018-03-24,19:50:00,NightNoStreetLight,850,144,No,NoIntersection,Normal,2Vehicles-BehindVehicles-Frontal,La Maison neuve,M,46.86526199209086,-0.8637647830444647
201800020411,NonLethal,2018-06-04,15:30:00,Daylight,850,215,Yes,NoIntersection,Normal,2Vehicles-Behind,Rue des Mauges,M,46.85664853544764,-0.8548374117067744
201800020412,NonLethal,2018-04-17,18:30:00,Daylight,850,153,No,X-type,Normal,2Vehicles-Side,Le Deffend,M,46.772706857858985,-0.7714740650782261
201800020413,NonLethal,2018-06-25,08:35:00,Daylight,850,153,No,NoIntersection,Normal,2Vehicles-BehindVehicles-Frontal,Gravereau,M,46.75393509675455,-0.7535648559881322
201800020415,NonLethal,2018-03-07,07:55:00,Daylight,850,65,No,NoIntersection,Normal,2Vehicles-BehindVehicles-Frontal,,M,46.90365790976924,-0.9061521593783656
201800020416,NonLethal,2018-07-22,19:30:00,Daylight,850,65,No,X-type,VeryGood,2Vehicles-Side,Carrefour D137 - D6,M,46.90097683593982,-0.901588291238812
201800020417,NonLethal,2018-08-04,00:53:00,NightNoStreetLight,850,153,No,NoIntersection,Normal,2Vehicles-BehindVehicles-Frontal,,M,46.79509887084235,-0.7952928297756675
201800020418,Lethal,2018-10-08,20:15:00,Daylight,850,109,No,NoIntersection,Normal,3+Vehicles-Multiple,,M,46.84541475446519,-0.8479455405468612
201800020419,NonLethal,2018-08-19,23:30:00,NightNoStreetLight,850,65,No,NoIntersection,Normal,Other,LA PROMENADE,M,46.91589688191424,-0.9144198705422872
201800020420,NonLethal,2018-09-05,04:45:00,NightNoStreetLight,850,65,No,NoIntersection,Normal,Other,,M,46.90583377491241,-0.904840116258558
201800020421,NonLethal,2018-09-21,08:45:00,Daylight,850,109,Yes,T-type,Overcast,2Vehicles-Side,Rue de Clisson,M,46.8723062573677,-0.8740954185975471
201800020422,NonLethal,2018-09-30,10:45:00,Daylight,850,82,Yes,NoIntersection,Normal,Other,RUE DES EGLISES,M,46.88300726947805,-0.8830775764523812
201800020423,NonLethal,2018-11-11,12:00:00,Daylight,850,64,No,NoIntersection,LightRain,NoCollision,Villeneuve,M,46.83120116046496,-0.8303541049879171
201800020424,NonLethal,2018-11-20,18:40:00,NightStreelightsOn,850,109,Yes,NoIntersection,Normal,Other,Avenue des Sables,M,46.8669530472113,-0.8683290706408928
201800020425,Lethal,2018-11-22,20:35:00,NightStreelightsOn,850,82,Yes,NoIntersection,Normal,Other,14 rue Pierre de Coubert,M,46.882229902222754,-0.8803989818260168
201800020426,NonLethal,2018-08-02,22:20:00,NightNoStreetLight,140,475,No,NoIntersection,Normal,2Vehicles-Behind,A84,M,49.11591310260729,-0.1130546165401082
201800020427,NonLethal,2018-03-24,17:05:00,Daylight,140,188,No,NoIntersection,Normal,Other,"A84, PR237.300",M,49.04871493425944,-0.0512491265001687
201800020428,NonLethal,2018-07-17,16:10:00,Daylight,140,449,No,NoIntersection,Normal,3+Vehicles-Chain,Autoroute A 84 PK 248.00,M,49.10840079968967,-0.1066644540068261
201800020430,NonLethal,2018-10-12,12:55:00,Daylight,140,738,No,NoIntersection,Normal,2Vehicles-Behind,A84,M,49.16159489091462,-0.1619153056474765
201800020431,Lethal,2018-12-15,08:10:00,TwilightOrDawn,140,752,No,NoIntersection,Other,Other,A84 - PR244.670,M,49.07996530925303,-0.0772599864072128
201800020432,NonLethal,2018-10-02,06:20:00,NightNoStreetLight,500,112,No,NoIntersection,Normal,Other,"A84, PR 180+700",M,48.76169451775007,-0.7652169199957796
201800020433,NonLethal,2018-04-23,10:30:00,Daylight,500,185,No,NoIntersection,Normal,2Vehicles-Side,"A84, sens CAEN-RENNES, P",M,48.85063620922173,-0.8511402740324522
201800020435,NonLethal,2018-05-06,15:00:00,Daylight,500,25,No,NoIntersection,Normal,Other,"PR 042+400, RN 175",M,48.68901922190708,-0.6883890407739235
201800020439,Lethal,2018-12-21,23:50:00,NightNoStreetLight,500,407,No,NoIntersection,Normal,2Vehicles-Behind,autoroute A84,M,48.62847632920813,-0.6281691034550843
201800020441,NonLethal,2018-02-08,11:10:00,Daylight,500,458,No,NoIntersection,Normal,Other,N13,M,49.33724402310912,-0.3379600020080047
201800020442,NonLethal,2018-08-02,17:13:00,Daylight,500,498,No,Y-type,Normal,2Vehicles-Behind,N13,M,49.53166329895169,-0.5296220328375505
201800020443,NonLethal,2018-02-15,09:30:00,Daylight,500,631,No,NoIntersection,Normal,2Vehicles-Behind,Route Nationale 13,M,49.30459971784917,-0.3041352237528746
201800020445,NonLethal,2018-04-28,13:25:00,Daylight,500,615,No,NoIntersection,LightRain,2Vehicles-Side,RN 13 PK 39+800 SENS CHE,M,49.51389948950884,-0.5147804108660483
201800020446,Lethal,2018-05-09,19:05:00,Daylight,500,99,No,NoIntersection,Normal,2Vehicles-Behind,nl3,M,49.3472377947344,-0.3454700969424598
201800020447,NonLethal,2018-05-17,10:22:00,Daylight,500,498,Yes,Y-type,Normal,Other,D974- LE BOURG,M,49.53332634573457,-0.5353868480131175
201800020448,NonLethal,2018-06-09,01:50:00,NightNoStreetLight,500,59,No,NoIntersection,Normal,NoCollision,RN l3 Pk l6+500 sens Che,M,49.36964422908679,-0.3708662172363028
201800020449,NonLethal,2018-07-17,07:30:00,Daylight,500,341,No,NoIntersection,Normal,Other,RN 13 Pk 31.5 Sens Cherb,M,49.48348447828624,-0.4826766925969086
201800020450,NonLethal,2018-03-09,08:25:00,Daylight,500,172,No,NoIntersection,Normal,Other,"RN 13, PR28+700",M,49.46397335145299,-0.4650394716816451
201800020452,NonLethal,2018-10-10,16:40:00,Daylight,500,373,No,Other,Normal,Other,,M,49.42792949744669,-0.4259395348426194
201800020453,NonLethal,2018-02-11,14:45:00,Daylight,500,461,No,Other,Normal,2Vehicles-Behind,Route Nationale 13 PR 33,M,49.4932534399651,-0.4928988867091174
201800020454,NonLethal,2018-03-11,18:00:00,NightNoStreetLight,500,59,No,NoIntersection,Normal,Other,SENS CHERBOURG CAEN,M,49.3707945423089,-0.3727086306364703
201800020456,NonLethal,2018-02-23,17:10:00,Daylight,180,279,Yes,X-type,Overcast,2Vehicles-Side,CD 926,M,47.244599873055165,2.2432807611976324
201800020457,NonLethal,2018-03-18,01:05:00,NightStreelightsOn,180,279,Yes,NoIntersection,Normal,Other,"13, LABOURBE (AVANT RTE",M,47.23132726513627,2.2308764444956046
201800020458,NonLethal,2018-03-27,17:40:00,Daylight,180,279,Yes,T-type,LightRain,2Vehicles-Side,"138, VAILLANT (AVENUE ED",M,47.2397721846452,2.240432286712517
201800020459,NonLethal,2018-04-27,14:00:00,Daylight,180,279,Yes,T-type,Normal,2Vehicles-Side,HUIT MAI 1945 (RUE DU (J,M,47.22691183359864,2.227700994857713
201800020460,NonLethal,2018-04-29,13:35:00,Daylight,180,279,Yes,Y-type,LightRain,2Vehicles-BehindVehicles-Frontal,MITTERRAND ( RUE FRANCOI,M,47.22376597526226,2.223197110425767
201800020461,NonLethal,2018-05-22,22:50:00,NightStreelightsOn,180,279,Yes,NoIntersection,Normal,2Vehicles-Behind,PYAT (RUE .F) (AVANT CAR,M,47.22803336931976,2.2286600198207847
201800020462,NonLethal,2018-07-06,13:40:00,Daylight,180,279,Yes,X-type,Normal,2Vehicles-Side,MOUTON (RUE DU ),M,47.23128460670164,2.2308518446993206
201800020463,NonLethal,2018-06-14,13:30:00,Daylight,180,279,Yes,NoIntersection,Normal,NoCollision,VAILLANT (AVENUE EDOUARD,M,47.23084156783065,2.2325155113380823
201800020464,NonLethal,2018-06-27,12:05:00,Daylight,180,279,Yes,T-type,Normal,3+Vehicles-Chain,JUILLET (AVENUE DU 14),M,47.21593829872194,2.2138401268003607
201800020466,NonLethal,2018-04-08,20:24:00,Daylight,180,279,Yes,NoIntersection,Normal,Other,VOLTAIRE ( RUE ),M,47.22221088834444,2.220857819759386
201800020467,Lethal,2018-08-21,09:30:00,Daylight,180,279,Yes,NoIntersection,Normal,Other,DE LATTRE DE TASSIGNY (A,M,,
201800020468,NonLethal,2018-08-15,20:15:00,Daylight,180,279,Yes,NoIntersection,VeryGood,2Vehicles-Side,BELLON (ROUTE DE) JUSQU',M,47.21555006014356,2.2157451141715256
201800020469,NonLethal,2018-08-28,17:10:00,Daylight,180,279,No,NoIntersection,Normal,NoCollision,FORET DE VIERZON ROUTE D,M,,
201800020470,NonLethal,2018-12-09,19:35:00,Daylight,180,279,Yes,Y-type,Normal,2Vehicles-Side,POTTIER ( RUE EUGENE ),M,47.21831197851309,2.219159918298849
201800020471,NonLethal,2018-09-10,16:20:00,Daylight,180,279,Yes,Roundabout,Normal,2Vehicles-Side,MITTERRAND ( RUE FRANCOI,M,47.21978947215597,2.219124684492816
201800020472,NonLethal,2018-09-11,11:45:00,Daylight,180,279,Yes,T-type,Normal,2Vehicles-BehindVehicles-Frontal,RATEAU (ROUTE DU PETIT),M,47.23424629710519,2.234971479402654
201800020473,NonLethal,2018-11-18,14:29:00,Daylight,180,279,Yes,Roundabout,Normal,Other,RN 76 (ROUTE DE BOURGES),M,47.21717798034911,2.214751046723876
201800020474,NonLethal,2018-11-28,19:00:00,TwilightOrDawn,180,279,Yes,NoIntersection,Normal,2Vehicles-BehindVehicles-Frontal,VIEUX DOMAINE (ROUTE DU),M,47.21140826944287,2.2096294262342893
201800020476,NonLethal,2018-12-19,18:10:00,NightStreelightsOn,180,279,Yes,NoIntersection,Normal,Other,RIPARIA ( RUE ),M,47.2141861456014,2.213706303690892
201800020477,NonLethal,2018-01-26,18:00:00,NightNoStreetLight,440,113,No,NoIntersection,Normal,2Vehicles-BehindVehicles-Frontal,lieu dit l'avenir,M,47.58924294460452,-0.5871608457456693
201800020478,NonLethal,2018-03-17,08:40:00,Daylight,440,214,No,NoIntersection,LightRain,NoCollision,lieu-dit la rivière,M,47.51316237713987,-0.5135500534037664
201800020479,Lethal,2018-04-06,14:35:00,Daylight,440,138,No,NoIntersection,Normal,Other,LE BOUILLON JAUNE,M,47.516471570232326,-0.5173160121855859
201800020480,NonLethal,2018-04-25,21:40:00,NightNoStreetLight,440,214,No,NoIntersection,Normal,Other,BOURRUEN,M,47.54729818068153,-0.5474462347795178
201800020481,NonLethal,2018-08-06,18:00:00,Daylight,440,138,No,Y-type,Normal,2Vehicles-Behind,le moulin à vent Rd 121,M,47.52930614093228,-0.5294661220777079
201800020483,NonLethal,2018-10-12,12:20:00,Daylight,440,214,No,NoIntersection,Normal,2Vehicles-BehindVehicles-Frontal,D2 Km39,M,47.55448796859511,-0.5548610147874872
201800020484,Lethal,2018-10-25,00:20:00,NightNoStreetLight,440,113,Yes,NoIntersection,FogOrSmoke,2Vehicles-BehindVehicles-Frontal,La Chenuhétière,M,47.5754068217096,-0.5763659601858059
201800020485,NonLethal,2018-12-08,08:30:00,TwilightOrDawn,440,113,Yes,T-type,LightRain,2Vehicles-Side,boulevard de la pré Robe,M,47.56772034730627,-0.5655641979566429
201800020486,NonLethal,2018-08-01,18:20:00,NightNoStreetLight,720,58,Yes,NoIntersection,Normal,2Vehicles-Side,23 route de l'Epau,M,47.99121449937012,2.989999182530892
201800020487,NonLethal,2018-09-02,19:25:00,NightNoStreetLight,720,58,No,NoIntersection,Normal,2Vehicles-Side,lieu dit la croix des fe,M,47.972028286782326,2.970775062579502
201800020488,Lethal,2018-03-27,07:00:00,TwilightOrDawn,720,58,No,NoIntersection,Other,Other,LE CLOS DU JARRIER,M,47.967169068841926,2.966793633382622
201800020490,NonLethal,2018-07-04,14:20:00,Daylight,720,58,No,Other,LightRain,2Vehicles-BehindVehicles-Frontal,Route des Aulnaies,M,47.99867679621248,3.997846309192206
201800020491,NonLethal,2018-04-10,18:18:00,Daylight,720,200,No,NoIntersection,Normal,2Vehicles-BehindVehicles-Frontal,Le Champ de la Lande,M,47.90772511323656,1.908353597496739
201800020492,NonLethal,2018-11-04,16:43:00,Daylight,720,58,Yes,NoIntersection,Normal,Other,Les épinettes,M,47.96346303609411,2.9626946696296126
201800020493,NonLethal,2018-04-24,19:45:00,Daylight,720,200,No,NoIntersection,Normal,2Vehicles-Side,rue du belinois,M,47.89337994864612,2.893392638138189
201800020494,NonLethal,2018-04-26,09:00:00,Daylight,720,287,No,Other,Normal,2Vehicles-BehindVehicles-Frontal,Route du Lude - D307,M,47.864982770532265,1.865767752576194
201800020495,NonLethal,2018-04-28,12:09:00,Daylight,720,124,Yes,NoIntersection,Normal,2Vehicles-Side,3 route de Saint Biez,M,47.82268750258917,2.82385158328792
201800020502,NonLethal,2018-05-20,23:20:00,NightNoStreetLight,720,231,No,NoIntersection,Normal,Other,lieu dit la houssaie,M,47.91807557687226,3.9173315808864912
201800020503,NonLethal,2018-06-15,11:10:00,Daylight,720,58,Yes,Roundabout,Normal,2Vehicles-Behind,rue du grand pins,M,47.981700185754384,2.979944849380568
201800020504,NonLethal,2018-07-07,21:45:00,Daylight,720,350,No,NoIntersection,Normal,NoCollision,lieu-dit la fuie poupée,M,47.88311489697682,2.8829853943521404
201800020505,Lethal,2018-07-22,06:06:00,TwilightOrDawn,720,124,No,NoIntersection,Normal,Other,le neuvilette,M,47.805053065425945,3.803487040114694
201800020506,NonLethal,2018-07-23,14:30:00,Daylight,720,231,No,NoIntersection,Normal,2Vehicles-BehindVehicles-Frontal,lieu dit la planchette,M,47.94527104273045,3.943387222355914
201800020507,NonLethal,2018-07-25,15:25:00,Daylight,720,213,Yes,NoIntersection,VeryGood,3+Vehicles-Multiple,72 bis avenue François M,M,47.90719040583632,2.906063235574603
201800020508,NonLethal,2018-08-21,18:15:00,Daylight,720,124,Yes,NoIntersection,Normal,Other,19 rue de tours,M,47.82720162016362,2.826595092740035
201800020509,NonLethal,2018-08-24,10:20:00,Daylight,720,287,No,NoIntersection,Normal,2Vehicles-Behind,rd 307,M,47.88037027462719,1.8790299812744768
201800020510,NonLethal,2018-09-07,11:55:00,Daylight,720,47,No,NoIntersection,Normal,2Vehicles-Side,maugerie,M,47.90313668958629,3.903231428176941
201800020511,NonLethal,2018-09-27,21:00:00,NightNoStreetLight,720,124,No,NoIntersection,Normal,2Vehicles-Side,lieu dit le bordage,M,47.85189421726143,2.8508346672435008
201800020512,NonLethal,2018-09-29,01:00:00,NightNoStreetLight,720,187,No,NoIntersection,Normal,Other,D14O,M,47.83598750656646,3.834343491309112
201800020513,NonLethal,2018-08-11,13:30:00,Daylight,720,299,Yes,NoIntersection,Normal,2Vehicles-BehindVehicles-Frontal,rue fierbois,M,47.87073836027815,3.8712808734162847
201800020514,NonLethal,2018-11-29,20:00:00,NightStreelightsOn,720,8,Yes,NoIntersection,LightRain,2Vehicles-BehindVehicles-Frontal,Route du Chene,M,47.94320148034547,1.945647063582396
201800020515,NonLethal,2018-11-29,11:45:00,Daylight,720,299,No,NoIntersection,Normal,Other,Bois de Vaugottier,M,47.89443072234821,3.8952297171471058
201800020516,NonLethal,2018-12-04,09:30:00,Daylight,720,231,No,NoIntersection,Normal,3+Vehicles-Multiple,CD 304,M,47.95001784972134,3.949829645342356
201800020517,Lethal,2018-12-06,16:00:00,Daylight,720,124,No,NoIntersection,Normal,2Vehicles-BehindVehicles-Frontal,lieu dit le pissot RD 32,M,47.84783921934837,2.847745714844158
201800020518,NonLethal,2018-12-06,18:40:00,NightStreelightsOn,720,213,Yes,Roundabout,LightRain,2Vehicles-Behind,route des hunaudières,M,47.91233789188231,2.9130305581589755
201800020519,NonLethal,2018-12-15,08:15:00,Daylight,720,124,Yes,NoIntersection,LightRain,2Vehicles-Side,ROUTE DES GUÉRINIÈRES,M,47.811238045381394,2.8110343226821644
201800020520,NonLethal,2018-12-27,16:27:00,TwilightOrDawn,720,231,No,NoIntersection,FogOrSmoke,Other,La croix aux Guettes,M,47.94824552571849,3.947021871102087
201800020521,NonLethal,2018-12-28,19:30:00,NightNoStreetLight,720,47,No,NoIntersection,Normal,Other,la brebionnière,M,47.92444055815963,3.925998537075287
201800020522,NonLethal,2018-12-29,10:54:00,Daylight,720,8,Yes,NoIntersection,Normal,Other,41 Avenue Nationale,M,47.93295340871301,1.9322606476382715
201800020523,NonLethal,2018-03-30,13:30:00,Daylight,650,332,No,NoIntersection,Normal,NoCollision,C2,M,43.2729805464587,1.2705813398495212
201800020524,NonLethal,2018-04-18,14:30:00,Daylight,650,375,No,X-type,Normal,2Vehicles-Side,intersection D5 - D6,M,43.37249674739877,1.3733671501775224
201800020525,NonLethal,2018-06-27,15:40:00,Daylight,650,409,No,NoIntersection,Normal,Other,route départementale 934,M,43.38435674602648,1.385029811852746
201800020526,NonLethal,2018-03-07,10:00:00,Daylight,650,375,No,X-type,Normal,2Vehicles-Side,INTERSECTION D5-D206,M,43.37349386497589,1.3736351685448231
201800020527,Lethal,2018-07-04,12:15:00,Daylight,650,369,No,X-type,Normal,2Vehicles-Side,D 5 - D 632,M,43.275673370934655,1.276417293938304
201800020529,NonLethal,2018-12-14,18:10:00,NightNoStreetLight,650,161,No,NoIntersection,Normal,2Vehicles-BehindVehicles-Frontal,RN21 - PK7 +30m,M,43.3461207016498,1.3473217532102932