AccidentId,Gravity,Date,Hour,Light,Department,Commune,InAgglomeration,IntersectionType,Weather,CollisionType,PostalAddress,GPSCode,Latitude,Longitude
201800020530,NonLethal,2018-03-29,18:10:00,Daylight,830,19,Yes,Roundabout,Normal,2Vehicles-Side,rond point de la baou,M,43.13923497601624,6.139383576537318
201800020531,NonLethal,2018-04-26,15:45:00,Daylight,830,19,Yes,Roundabout,Normal,2Vehicles-Side,rond point de la baou,M,43.13858849014725,6.139469968866514
201800020533,NonLethal,2018-09-06,13:50:00,Daylight,830,70,Yes,NoIntersection,Normal,Other,5O3 avenue du général bo,M,43.131882300634814,6.133042319206138
201800020534,NonLethal,2018-07-07,22:40:00,NightStreelightsOn,830,19,Yes,NoIntersection,Normal,Other,1565 rte des lavandières,M,43.14299214935488,6.142923182509135
201800020535,NonLethal,2018-07-21,14:20:00,Daylight,830,19,Yes,NoIntersection,Normal,NoCollision,1319 boulevard du soleil,M,43.14974925017707,6.1476806483361415
201800020536,NonLethal,2018-07-26,08:45:00,Daylight,830,70,Yes,NoIntersection,Normal,Other,36 boulevard du levant,M,43.14430501379319,6.144914557457656
201800020537,NonLethal,2018-07-28,12:20:00,Daylight,830,19,Yes,NoIntersection,Normal,Other,bld du front de mer,M,43.1234317795737,6.123639735819054
201800020538,Lethal,2018-07-24,16:00:00,Daylight,830,19,No,NoIntersection,Normal,NoCollision,RD 98,M,43.14599710544386,6.145793877051362
201800020539,NonLethal,2018-08-07,16:15:00,Daylight,830,19,No,NoIntersection,Normal,3+Vehicles-Multiple,4OOO avenue lou mistraou,M,43.14990266372494,6.149849503007391
201800020540,NonLethal,2018-02-08,11:50:00,Daylight,830,19,No,NoIntersection,Normal,3+Vehicles-Multiple,RD 98,M,43.14693647992251,6.146083104749218
201800020541,NonLethal,2018-08-12,16:30:00,Daylight,830,70,Yes,NoIntersection,Normal,Other,avenue andré gide,M,43.138336154914896,6.137367734135429
201800020542,NonLethal,2018-08-16,22:16:00,NightStreelightsOn,830,70,No,NoIntersection,Normal,3+Vehicles-Multiple,avenue du professeur Pau,M,43.14942436654759,6.15060281436891
201800020543,NonLethal,2018-08-19,17:10:00,Daylight,830,19,Yes,Roundabout,Normal,2Vehicles-Side,avenue Lou Mistraou,M,43.13949541971936,6.137973444921216
201800020544,NonLethal,2018-08-20,13:00:00,Daylight,830,19,No,NoIntersection,Normal,2Vehicles-BehindVehicles-Frontal,RD98 foret du DOM,M,43.18238124310619,6.179878864175318
201800020545,Lethal,2018-08-25,18:50:00,Daylight,830,19,No,NoIntersection,Normal,2Vehicles-Side,RD 98 Route de la Foret,M,43.14827226654058,6.146699582153248
201800020546,Lethal,2018-12-09,12:55:00,Daylight,830,19,No,NoIntersection,Normal,Other,937 route du dom,M,43.17612783280803,6.176717633019655
201800020547,NonLethal,2018-10-06,10:10:00,Daylight,830,70,No,NoIntersection,Normal,2Vehicles-Side,avenue de la 1 ere DFL,M,43.14540523531927,6.146127535750314
201800020548,NonLethal,2018-10-26,19:25:00,NightStreelightsOn,830,19,Yes,NoIntersection,Normal,NoCollision,boulevard du soleil,M,43.148860896896,6.148142068813613
201800020549,NonLethal,2018-09-12,11:30:00,Daylight,830,19,No,NoIntersection,Normal,NoCollision,"RD 98, foret du Dom",M,43.15884745680843,6.160223589475721
201800020550,NonLethal,2018-07-26,17:55:00,Daylight,600,479,No,NoIntersection,Normal,Other,départementale 136,M,49.19652858915104,2.1978034913424573
201800020551,Lethal,2018-09-24,15:15:00,Daylight,600,203,No,T-type,Normal,2Vehicles-Side,D 1324,M,49.23687497895415,2.2353745620896284
201800020552,NonLethal,2018-10-17,05:20:00,NightNoStreetLight,600,176,No,NoIntersection,Normal,2Vehicles-BehindVehicles-Frontal,D1324,M,49.23481479598328,2.2344528209822645
201800020553,NonLethal,2018-11-26,18:30:00,NightStreelightsOn,600,430,Yes,NoIntersection,LightRain,Other,ROUTE DE PIERREFONDS,M,49.29899863565795,2.2995419031571003
201800020554,NonLethal,2018-12-21,07:40:00,NightStreelightsOn,600,380,Yes,NoIntersection,LightRain,Other,Rue de Meaux,M,49.13354228966083,3.132717910338209
201800020556,NonLethal,2018-07-01,02:35:00,NightStreelightsOff,190,31,Yes,T-type,Normal,NoCollision,"50, COURTELINE (RUE)",M,45.155049647176455,1.1554841905711983
201800020557,NonLethal,2018-09-01,09:30:00,Daylight,190,31,Yes,Roundabout,Normal,2Vehicles-Behind,"0, MAILLARD (AVENUE)",M,45.16648415539103,1.1661850464672567
201800020558,NonLethal,2018-01-13,17:15:00,Daylight,190,31,Yes,T-type,Normal,2Vehicles-Side,"4, RIVET (AVENUE JEAN CH",M,45.15103526924248,1.1530518221580002
201800020559,NonLethal,2018-01-17,12:30:00,Daylight,190,31,Yes,NoIntersection,Normal,2Vehicles-Behind,"02, PASCAL (RUE)",M,45.15913111023939,1.1594006249976392
201800020560,NonLethal,2018-01-17,18:35:00,TwilightOrDawn,190,31,Yes,NoIntersection,Normal,Other,"0, TEINCHURIER (AVENUE D",M,45.14893216475123,1.1495065783457334
201800020561,Lethal,2018-01-17,19:35:00,NightNoStreetLight,190,31,No,NoIntersection,Normal,Other,"0, LISSAC (ROUTE DE)",M,45.13495654505228,1.1349846596143354
201800020562,NonLethal,2018-01-25,12:00:00,Daylight,190,31,Yes,X-type,Normal,Other,"0, ROOSEVELT (AVENUE DU",M,45.1591836328256,1.156063715924534
201800020563,NonLethal,2018-01-30,17:50:00,TwilightOrDawn,190,31,Yes,T-type,Normal,2Vehicles-Side,"0, MAILLARD (AVENUE)",M,45.165331107541846,1.1662287231210215
201800020564,NonLethal,2018-08-02,16:20:00,Daylight,190,31,Yes,NoIntersection,Normal,Other,"12, LACHAUD (RUE LEOPOLD",M,45.15130251151906,1.1530799339631257
201800020566,NonLethal,2018-03-02,14:00:00,Daylight,190,31,Yes,NoIntersection,Normal,2Vehicles-Behind,"6l, ALSACE LORRAINE (AVE",M,45.153839025464414,1.1520979188276683
201800020567,NonLethal,2018-03-02,19:20:00,NightNoStreetLight,190,31,Yes,X-type,Normal,2Vehicles-Side,"0, VOLTAIRE (BOULEVARD)",M,45.16041543517776,1.1611661040611572
201800020568,NonLethal,2018-03-08,03:15:00,NightStreelightsOn,190,31,Yes,NoIntersection,Normal,Other,"78, ILE DU ROI (RUE DE L",M,45.16095889297316,1.1616125411041265
201800020569,NonLethal,2018-10-03,14:30:00,Daylight,190,31,Yes,T-type,Normal,2Vehicles-Side,"1, TEINCHURIER (IMPASSE",M,45.1492163170244,1.1507956078295427
201800020570,NonLethal,2018-10-03,15:10:00,Daylight,190,31,Yes,NoIntersection,LightRain,Other,"7, LACHAUD (BOULEVARD ED",M,45.1555327812658,1.1551651390541913
201800020573,NonLethal,2018-03-28,10:45:00,Daylight,190,31,Yes,Roundabout,LightRain,2Vehicles-Side,"00, VEZERE (ROND POINT D",M,45.15980426677356,1.1596757336366816
201800020574,NonLethal,2018-03-31,17:45:00,Daylight,190,31,Yes,NoIntersection,LightRain,Other,"159, POMPIDOU (AVENUE GE",M,45.157870934868924,1.1577771498625005
201800020575,NonLethal,2018-04-01,20:15:00,TwilightOrDawn,190,31,Yes,Y-type,Normal,2Vehicles-Behind,PARIS (AVENUE DE),M,45.16227745272794,1.1618676511305974
201800020576,NonLethal,2018-08-04,21:45:00,NightStreelightsOn,190,31,Yes,T-type,LightRain,2Vehicles-Side,FOCH (AVENUE MARECHAL),M,45.16254214250713,1.1615337561578791
201800020577,NonLethal,2018-09-04,09:50:00,Daylight,190,31,Yes,NoIntersection,Normal,2Vehicles-Behind,SEMARD (AVENUE PIERRE) J,M,45.15500848506462,1.1546965137044158
201800020578,NonLethal,2018-12-04,14:30:00,Daylight,190,31,Yes,NoIntersection,Normal,2Vehicles-Behind,ROCHE (RUE MARCELIN),M,45.16318225349537,1.1638341190207406
201800020581,NonLethal,2018-04-22,06:20:00,NightStreelightsOn,190,31,Yes,NoIntersection,Normal,Other,DE JOUVENEL (BOULEVARD H,M,45.1596562225313,1.1613329307243856
201800020582,NonLethal,2018-04-21,12:05:00,Daylight,190,31,Yes,Roundabout,Normal,2Vehicles-Side,CHAUMEIL (RUE PIERRE),M,45.15511628746325,1.156366455126345
201800020583,NonLethal,2018-04-23,10:40:00,Daylight,190,31,Yes,Roundabout,Normal,Other,ALVITRE (AVENUE ABBE),M,45.15339026316277,1.1527574017240492
201800020584,NonLethal,2018-04-23,17:30:00,Daylight,190,31,Yes,NoIntersection,Normal,2Vehicles-Side,BRUNE (BOULEVARD),M,45.15394175391389,1.1539009965303488
201800020585,NonLethal,2018-04-24,18:35:00,Daylight,190,31,Yes,T-type,Normal,2Vehicles-Behind,POMPIDOU (AVENUE GEORGES,M,45.157517639336746,1.1569194718294495
201800020586,NonLethal,2018-04-25,12:30:00,Daylight,190,31,Yes,T-type,Normal,2Vehicles-Side,NEWTON (RUE),M,45.16067159108563,1.1602845539693285
201800020587,NonLethal,2018-05-01,09:45:00,Daylight,190,31,Yes,T-type,Normal,2Vehicles-Behind,GUYNEMER (AVENUE),M,45.15209041343662,1.1526563118286248
201800020589,NonLethal,2018-05-05,21:10:00,TwilightOrDawn,190,31,Yes,X-type,Normal,2Vehicles-Side,EMERY (AVENUE ANDRE),M,45.15944532150351,1.1606950895909205
201800020591,NonLethal,2018-12-05,12:20:00,Daylight,190,31,Yes,NoIntersection,Normal,2Vehicles-Side,KOENIG (BOULEVARD GENERA,M,45.15892829186672,1.15857298791511
201800020592,NonLethal,2018-05-14,18:00:00,Daylight,190,31,Yes,NoIntersection,LightRain,3+Vehicles-Multiple,ALVITRE (AVENUE ABBE),M,45.15326120995591,1.1526260324981232
201800020593,NonLethal,2018-05-17,17:10:00,Daylight,190,31,Yes,NoIntersection,Normal,Other,RIVET (AVENUE JEAN CHARL,M,45.147115172366206,1.146930566642306
201800020594,NonLethal,2018-05-18,11:00:00,Daylight,190,31,Yes,T-type,Normal,2Vehicles-Side,POMPIDOU (AVENUE GEORGES,M,45.1559758437789,1.1582841429041264
201800020595,NonLethal,2018-05-19,08:50:00,Daylight,190,31,Yes,NoIntersection,Normal,2Vehicles-Side,HUIT MAI 1945 (AVENUE DU,M,45.16268299869664,1.1609538246709246
201800020596,NonLethal,2018-05-20,11:20:00,Daylight,190,31,Yes,X-type,Normal,2Vehicles-Side,DE JOUVENEL (BOULEVARD H,M,45.15716838396179,1.1550929153832965
201800020597,NonLethal,2018-05-29,17:45:00,Daylight,190,31,Yes,T-type,Normal,2Vehicles-Side,"""MOULIN (BOULEVARD JEAN)",M,45.16055625812268,1.1604220689787892
201800020598,NonLethal,2018-06-06,16:25:00,Daylight,190,31,Yes,NoIntersection,Normal,Other,ALVITRE (AVENUE ABBE),M,45.154029188743735,1.1537111529528932
201800020599,NonLethal,2018-08-06,16:25:00,Daylight,190,31,Yes,T-type,Normal,2Vehicles-Side,POMPIDOU (AVENUE GEORGES,M,45.15815085383295,1.1584548248566555
201800020600,NonLethal,2018-06-15,15:15:00,Daylight,190,31,Yes,NoIntersection,Normal,3+Vehicles-Chain,ALVITRE (AVENUE ABBE),M,45.15365437028203,1.1513275351004206
201800020602,NonLethal,2018-06-20,14:25:00,Daylight,190,31,Yes,X-type,Normal,Other,HUIT MAI 1945 (AVENUE DU,M,45.16290583060471,1.1619474293256602
201800020604,NonLethal,2018-06-26,17:10:00,Daylight,190,31,Yes,NoIntersection,Normal,2Vehicles-Behind,FERRY (BOULEVARD JULES),M,45.15604682654811,1.156321326613141
201800020605,NonLethal,2018-06-29,22:30:00,NightStreelightsOn,190,31,Yes,NoIntersection,Normal,NoCollision,DELON (RUE ANDRE),M,45.162046670920326,1.164322854575318
201800020606,NonLethal,2018-06-30,09:35:00,Daylight,190,31,Yes,NoIntersection,Normal,2Vehicles-BehindVehicles-Frontal,MARBEAU (BOULEVARD DU DO,M,45.153719314824926,1.153438151337968
201800020607,NonLethal,2018-07-03,19:30:00,Daylight,190,31,Yes,T-type,Normal,2Vehicles-Side,DEVAUD (RUE ANDRE),M,45.15589379769279,1.1564329906671476
201800020608,NonLethal,2018-07-08,21:50:00,TwilightOrDawn,190,31,Yes,X-type,Normal,2Vehicles-Side,DE JOUVENEL (BOULEVARD H,M,45.15950235380752,1.1594502699557725
201800020609,NonLethal,2018-07-22,00:45:00,NightStreelightsOn,190,31,Yes,T-type,Normal,2Vehicles-Side,TURGOT (AVENUE),M,45.164610388755165,1.1671092184439038
201800020610,NonLethal,2018-07-23,17:50:00,Daylight,190,31,Yes,T-type,Normal,2Vehicles-Side,LECAT (RUE),M,45.13837453878108,1.1402062326584852
201800020611,NonLethal,2018-07-31,11:40:00,Daylight,190,31,Yes,NoIntersection,Normal,Other,TEYSSIER (RUE CHARLES),M,45.16031895424782,1.160369072662174
201800020612,NonLethal,2018-03-08,08:55:00,Daylight,190,31,Yes,T-type,Normal,2Vehicles-Side,SEMARD (AVENUE PIERRE) J,M,45.157026996936615,1.1586517258734297
201800020613,NonLethal,2018-08-03,12:30:00,Daylight,190,31,Yes,Other,Normal,2Vehicles-Side,TEINCHURIER (AVENUE DU),M,45.14741334309949,1.147694057507704
201800020615,NonLethal,2018-09-15,12:55:00,Daylight,190,31,Yes,NoIntersection,Normal,2Vehicles-BehindVehicles-Frontal,TONDERIES (CHEMIN DES),M,45.18137188890177,1.1813313621539296
201800020616,NonLethal,2018-09-15,16:55:00,Daylight,190,31,Yes,NoIntersection,Normal,2Vehicles-Behind,MICHELET (BOULEVARD),M,45.16525009416509,1.1656744434098707
201800020617,NonLethal,2018-09-16,09:10:00,Daylight,190,31,Yes,NoIntersection,Normal,Other,PEGUY (RUE CHARLES),M,45.17136579769547,1.1692561563487212
201800020618,NonLethal,2018-09-17,18:10:00,Daylight,190,31,Yes,NoIntersection,Normal,3+Vehicles-Multiple,POMPIDOU (AVENUE GEORGES,M,45.1563143182085,1.159531161361136
201800020619,NonLethal,2018-09-20,12:35:00,Daylight,190,31,Yes,X-type,Normal,2Vehicles-Behind,COURTELINE (RUE),M,45.15333168917339,1.154647683218036
201800020620,NonLethal,2018-09-20,19:00:00,Daylight,190,31,Yes,T-type,Normal,2Vehicles-Side,POMPIDOU (AVENUE GEORGES,M,45.15770652500217,1.158656205371582
201800020621,NonLethal,2018-09-21,06:40:00,TwilightOrDawn,190,31,Yes,Roundabout,Normal,2Vehicles-Side,CARIVEN (CARREFOUR),M,45.16400194565245,1.1653881811329376
201800020622,NonLethal,2018-09-27,13:10:00,Daylight,190,31,Yes,T-type,Normal,2Vehicles-Side,DE JOUVENEL (BOULEVARD H,M,45.160773456050975,1.159323487431857
201800020623,NonLethal,2018-10-02,15:30:00,Daylight,190,31,Yes,NoIntersection,Normal,Other,LAGRANGE (AVENUE LEO),M,45.159904356538505,1.1609403364595552
201800020625,NonLethal,2018-05-10,17:25:00,Daylight,190,31,Yes,NoIntersection,Normal,3+Vehicles-Chain,RIVET (AVENUE JEAN CHARL,M,45.14666328754905,1.146479703372898
201800020626,NonLethal,2018-10-05,20:05:00,TwilightOrDawn,190,31,Yes,NoIntersection,Normal,Other,LAGRANGE (AVENUE LEO),M,45.16171939695425,1.1590326776021955
201800020627,NonLethal,2018-06-10,17:40:00,Daylight,190,31,Yes,NoIntersection,Normal,Other,MARSALES (RUE JEAN),M,45.153377631873184,1.1525631303205122
201800020628,NonLethal,2018-10-14,18:10:00,Daylight,190,31,Yes,NoIntersection,Normal,2Vehicles-Behind,KENNEDY (AVENUE JOHN),M,45.166795603349314,1.1682983501504485
201800020629,NonLethal,2018-10-18,12:05:00,Daylight,190,31,Yes,X-type,Normal,2Vehicles-Side,SEMARD (AVENUE PIERRE) A,M,45.15183197105664,1.1552857365459497
201800020630,NonLethal,2018-10-19,16:00:00,Daylight,190,31,Yes,T-type,Normal,3+Vehicles-Chain,COMTE (RUE ERNEST),M,45.155917166230736,1.1547666492685749
201800020631,NonLethal,2018-10-30,16:25:00,Daylight,190,31,Yes,NoIntersection,Normal,2Vehicles-Side,DE JOUVENEL (BOULEVARD H,M,45.16170727158567,1.1602539872797364
201800020632,NonLethal,2018-11-14,09:55:00,Daylight,190,31,Yes,NoIntersection,Normal,Other,BRIGOULEIX (RUE MARTIAL),M,45.168693561200406,1.1674674954554054
201800020633,NonLethal,2018-11-17,14:20:00,Daylight,190,31,Yes,X-type,Normal,2Vehicles-Side,BRUNE (RUE DU MARECHAL),M,45.16210176504496,1.1611861792244689
201800020634,NonLethal,2018-11-19,19:05:00,NightStreelightsOn,190,31,Yes,NoIntersection,Normal,3+Vehicles-Chain,BRUNE (BOULEVARD),M,45.15341600349738,1.152439427440279
201800020635,NonLethal,2018-11-20,18:25:00,TwilightOrDawn,190,31,Yes,NoIntersection,Normal,2Vehicles-Behind,RIVET (AVENUE JEAN CHARL,M,45.14681675551838,1.149494972755491
201800020637,NonLethal,2018-11-22,16:10:00,Daylight,190,31,Yes,NoIntersection,Normal,2Vehicles-BehindVehicles-Frontal,CHAUMEIL (RUE PIERRE),M,45.15765047245934,1.1568371084538422
201800020638,NonLethal,2018-11-25,18:20:00,Daylight,190,31,Yes,NoIntersection,Normal,Other,PARIS (AVENUE DE),M,45.1630883894644,1.1629868078830212
201800020639,NonLethal,2018-03-12,13:40:00,Daylight,190,31,Yes,T-type,HeavyRain,Other,DE JOUVENEL (BOULEVARD H,M,45.15809738684323,1.158332385343822
201800020640,NonLethal,2018-03-12,19:00:00,NightStreelightsOn,190,31,Yes,X-type,LightRain,2Vehicles-Behind,BRUNE (BOULEVARD),M,45.15325414745526,1.1520264321892972
201800020641,NonLethal,2018-12-07,14:10:00,Daylight,190,31,Yes,T-type,Normal,2Vehicles-Side,ADER (RUE CLEMENT),M,45.15908282554386,1.158200249569734
201800020642,NonLethal,2018-12-13,20:25:00,NightStreelightsOn,190,31,Yes,Roundabout,Normal,2Vehicles-BehindVehicles-Frontal,DELESSERT (RUE BENJAMIN),M,45.1621780711174,1.161700974866028
201800020643,NonLethal,2018-12-20,14:05:00,Daylight,190,31,Yes,T-type,LightRain,2Vehicles-Side,"""MOULIN (BOULEVARD JEAN)",M,45.16054966109785,1.1608650138048706
201800020644,NonLethal,2018-12-21,08:50:00,Daylight,190,31,Yes,X-type,HeavyRain,2Vehicles-BehindVehicles-Frontal,DUBOIS (BOULEVARD CARDIN,M,45.163698637462765,1.163765623232947
201800020645,NonLethal,2018-02-18,10:30:00,Daylight,590,641,No,NoIntersection,VeryGood,2Vehicles-Side,Mille Brugghe Straete,M,50.97621760806702,2.977339952474985
201800020646,NonLethal,2018-04-18,14:45:00,Daylight,590,668,No,Other,Normal,2Vehicles-Behind,Route de furnes,M,51.05651620085597,2.057701544043093
201800020647,NonLethal,2018-07-26,20:20:00,Daylight,590,260,No,X-type,Normal,2Vehicles-BehindVehicles-Frontal,rue Saint Antoine,M,51.02222689072391,2.020899382867719
201800020648,NonLethal,2018-08-25,18:50:00,Daylight,590,668,Yes,NoIntersection,Normal,NoCollision,rue de la résistance,M,,
201800020649,NonLethal,2018-09-17,10:24:00,Daylight,590,260,No,NoIntersection,Normal,NoCollision,947,M,51.00284562077843,2.0026250249377786
201800020650,NonLethal,2018-10-10,07:39:00,TwilightOrDawn,590,668,No,X-type,Normal,2Vehicles-Side,D60l,M,51.05772629040847,2.0587087829391013
201800020651,NonLethal,2018-10-10,12:07:00,Daylight,590,107,Yes,X-type,Normal,2Vehicles-Side,Rue Pierre Decock,M,51.0684910821671,2.0666343533263847
201800020652,Lethal,2018-01-22,16:15:00,Daylight,190,272,Yes,NoIntersection,LightRain,NoCollision,"0, Dr Valette (Rue)",M,45.25314588933346,1.2524527810176342
201800020653,NonLethal,2018-01-30,12:50:00,Daylight,190,272,No,NoIntersection,Overcast,Other,RD89,M,45.28838203942164,1.2888863828170627
201800020654,NonLethal,2018-03-05,14:00:00,Daylight,190,272,Yes,NoIntersection,Normal,2Vehicles-Behind,"30, Rigny (Quai)",M,45.26488236386616,1.263858857582134
201800020655,NonLethal,2018-04-21,01:55:00,NightStreelightsOn,190,272,Yes,NoIntersection,Normal,Other,4 septembre(Rue du),M,45.25610246143981,1.2579252300664068
201800020656,NonLethal,2018-04-23,07:40:00,Daylight,190,272,Yes,NoIntersection,Normal,Other,Winston Churchill (Av),M,45.25894863174139,1.2581976920900422
201800020657,NonLethal,2018-06-17,06:42:00,TwilightOrDawn,190,272,No,NoIntersection,Normal,NoCollision,RD89,M,45.283884318313454,1.2838348409440452
201800020659,NonLethal,2018-09-18,20:45:00,NightStreelightsOn,190,272,Yes,NoIntersection,Normal,Other,Aristide Briand (Quai),M,45.27132768123452,1.2712066080497058
201800020660,NonLethal,2018-09-29,14:35:00,Daylight,190,272,Yes,NoIntersection,Normal,2Vehicles-BehindVehicles-Frontal,Bastille (Av),M,45.27086704590371,1.2690186037983988
201800020661,NonLethal,2018-11-16,15:00:00,Daylight,190,272,Yes,Y-type,Normal,2Vehicles-BehindVehicles-Frontal,Colonel Monteil (Av),M,45.26260251907489,1.265847075560456
201800020662,NonLethal,2018-12-21,17:40:00,NightStreelightsOn,190,272,Yes,NoIntersection,LightRain,Other,Dr Valette (Rue),M,45.25836955039783,1.2582846400481706
201800020663,Lethal,2018-11-07,12:15:00,Daylight,190,272,No,NoIntersection,LightRain,Other,"Lieu dit ""MATERRE""",M,45.260589350935234,1.26154972103707
201800020664,NonLethal,2018-02-01,10:39:00,Daylight,190,275,Yes,T-type,HeavyRain,Other,GAMBETTA (AVENUE),M,45.54388366733493,2.546042159393564
201800020665,NonLethal,2018-01-31,06:42:00,Daylight,190,275,Yes,NoIntersection,LightRain,2Vehicles-BehindVehicles-Frontal,"08, TURGOT (AVENUE) Nø P",M,45.546886857260894,2.5445535633410272
201800020666,NonLethal,2018-07-03,16:00:00,Daylight,190,275,No,NoIntersection,HeavyRain,2Vehicles-Behind,PONT TABOURG (LE),M,45.51737250048568,2.5190163882967926
201800020667,NonLethal,2018-03-08,17:15:00,Daylight,190,275,Yes,NoIntersection,Overcast,Other,"8, GAULLE (RUE DU GENERA",M,45.547616564899535,2.5487259332735843
201800020668,NonLethal,2018-04-05,07:40:00,Daylight,190,275,Yes,T-type,LightRain,Other,TURGOT (AVENUE) Nø PAIRS,M,45.54393907863692,2.5438591736645813
201800020670,NonLethal,2018-04-27,15:40:00,Daylight,190,275,Yes,NoIntersection,Normal,Other,TURGOT (AVENUE) Nø PAIRS,M,45.54401730763,2.543961341971839
201800020672,Lethal,2018-06-15,13:30:00,Daylight,190,275,Yes,NoIntersection,Normal,NoCollision,SARSONNE (BOULEVARD DE L,M,45.55416784018344,2.553026921202381
201800020673,NonLethal,2018-06-16,11:35:00,Daylight,190,275,Yes,Other,Normal,Other,TURGOT (AVENUE) Nø PAIRS,M,45.54272300960276,2.544071752516621
201800020674,NonLethal,2018-06-23,13:35:00,Daylight,190,275,Yes,T-type,Normal,2Vehicles-Side,LIBERTE (RUE DE LA)L,M,45.54654087933039,2.545980494732946
201800020675,NonLethal,2018-06-28,14:25:00,Daylight,190,275,Yes,NoIntersection,Normal,2Vehicles-Side,PONTY (ROUTE DE),M,45.54277667687888,2.5408791866437856
201800020676,Lethal,2018-10-16,10:17:00,Daylight,190,275,Yes,NoIntersection,VeryGood,Other,TURGOT (AVENUE) Nø PAIRS,M,45.54112045121734,2.541381359774694
201800020678,NonLethal,2018-12-12,18:00:00,NightStreelightsOn,190,275,Yes,X-type,LightRain,3+Vehicles-Multiple,BLUM (BOULEVARD LEON),M,45.55023457571996,2.5508171618204414
201800020679,NonLethal,2018-12-22,04:25:00,NightStreelightsOn,190,275,No,NoIntersection,LightRain,Other,R.D. 982 NORD,M,45.56858886012371,2.567141620236648
201800020680,NonLethal,2018-04-01,17:55:00,NightStreelightsOn,210,54,Yes,X-type,LightRain,2Vehicles-Side,REON (RUE DE),M,47.06759071148315,4.066818966420793
201800020681,NonLethal,2018-01-20,19:25:00,NightStreelightsOn,210,54,Yes,NoIntersection,HeavyRain,2Vehicles-Behind,"80, SAINT-NICOLAS (RUE D",M,47.031648522759184,4.0335573231384165
201800020682,NonLethal,2018-01-25,08:00:00,TwilightOrDawn,210,54,Yes,NoIntersection,Normal,Other,"3, LYONNAIS (AVENUE DES)",M,47.02291995394577,4.022841099404836
201800020684,NonLethal,2018-08-04,21:10:00,NightStreelightsOn,210,54,Yes,Other,Normal,NoCollision,MONTEE ROUGE (CHEMIN DE,M,47.02976519410515,4.027102027765614
201800020685,NonLethal,2018-09-06,08:30:00,Daylight,210,54,Yes,T-type,Normal,2Vehicles-Side,PERPREUIL (RUE DU FAUBOU,M,47.02092553835244,4.019476726965036
201800020686,NonLethal,2018-11-06,14:05:00,Daylight,210,54,Yes,NoIntersection,Normal,2Vehicles-Side,NAIGEONS (RUE DES),M,47.02079632468967,4.022658976122212
201800020687,NonLethal,2018-06-19,10:50:00,Daylight,210,54,Yes,NoIntersection,Normal,Other,POMMARD (ROUTE DE),M,47.01923029532016,4.017247946656221
201800020689,NonLethal,2018-07-21,15:35:00,Daylight,210,54,Yes,T-type,Normal,2Vehicles-Side,SEURRE (ROUTE DE),M,47.01994314736928,4.017480832360114
201800020690,NonLethal,2018-09-21,08:00:00,Daylight,210,54,Yes,Other,Normal,3+Vehicles-Chain,DIJON (ROUTE DE),M,47.03852766425612,4.038983413858483
201800020691,NonLethal,2018-10-30,16:30:00,Daylight,210,54,Yes,T-type,Overcast,2Vehicles-Side,SEURRE (ROUTE DE),M,47.017944513770566,4.019604320896806
201800020692,NonLethal,2018-09-11,15:00:00,Daylight,210,54,Yes,NoIntersection,Normal,Other,SEURRE (ROUTE DE),M,47.01124837507764,4.008619302376884
201800020694,NonLethal,2018-06-01,14:27:00,Daylight,210,231,Yes,T-type,Normal,2Vehicles-Side,CHAMPOLLION (AVENUE),M,47.20912653466678,5.206468661810643
201800020695,NonLethal,2018-01-09,07:10:00,NightStreelightsOn,210,231,Yes,NoIntersection,Normal,Other,"76, LONGVIC (DE) (RUE)",M,47.18323793957259,5.183381019400343
201800020696,NonLethal,2018-10-01,07:40:00,NightStreelightsOn,210,231,Yes,T-type,Overcast,2Vehicles-Side,"., CHARLES BRIFFAUT (RUE",M,47.19010979502857,5.192236937935224
201800020698,NonLethal,2018-01-12,18:25:00,NightStreelightsOn,210,231,Yes,T-type,Normal,Other,GUSTAVE EIFFEL (AVENU,M,47.311713362801946,5.309918193778944
201800020699,NonLethal,2018-01-13,15:30:00,Daylight,210,231,Yes,Y-type,Normal,2Vehicles-Side,"., REAUMUR (RUE)",M,47.19490339425558,5.194308758778545
201800020700,NonLethal,2018-01-24,07:50:00,NightStreelightsOn,210,231,Yes,NoIntersection,Normal,2Vehicles-Side,WILSON (PLACE),M,47.31542649175691,5.315440831783049
201800020701,NonLethal,2018-01-25,15:14:00,Daylight,210,617,Yes,NoIntersection,Normal,2Vehicles-Behind,TROYES (DE) (BOULEVARD),M,47.2029030540756,5.202511087384719
201800020702,NonLethal,2018-02-19,13:20:00,Daylight,210,231,Yes,X-type,Normal,2Vehicles-Side,"., TABOUROT DES ACCORDS",M,47.19027856968943,5.190289089434426
201800020703,NonLethal,2018-02-26,08:40:00,Daylight,210,231,Yes,X-type,VeryGood,2Vehicles-Side,MANSART (BOULEVARD),M,47.184938077222185,5.182675420069132
201800020704,NonLethal,2018-02-27,11:25:00,Daylight,210,231,Yes,X-type,VeryGood,Other,MARTYRS DE LA RESISTANCE,M,47.191921856975554,5.1965421771010085
201800020705,NonLethal,2018-02-27,17:25:00,Daylight,210,231,Yes,T-type,Normal,Other,"36, 11 NOVEMBRE (RUE)",M,47.199739798453095,5.200527928381066
201800020706,NonLethal,2018-03-01,11:44:00,Daylight,210,231,Yes,X-type,SnowOrHail,2Vehicles-Side,"., MARECHAL LYAUTEY (AVE",M,47.19419028402506,5.192744820412997
201800020707,NonLethal,2018-03-10,11:10:00,Daylight,210,231,Yes,T-type,LightRain,2Vehicles-Side,"., DRAPEAU (DU) (AVENUE)",M,47.20285727527885,5.203714673562