AccidentId,Gravity,Date,Hour,Light,Department,Commune,InAgglomeration,IntersectionType,Weather,CollisionType,PostalAddress,GPSCode,Latitude,Longitude
201800020708,Lethal,2018-12-03,08:15:00,Daylight,210,231,Yes,X-type,Normal,Other,DRAPEAU (DU) (AVENUE),M,47.20184178847303,5.200448400193817
201800020709,NonLethal,2018-03-16,19:45:00,NightStreelightsOn,210,231,Yes,Square,LightRain,Other,"4, ROGER SALENGRO (PLACE",M,47.183977939117725,5.183648729619498
201800020710,NonLethal,2018-03-22,06:00:00,NightStreelightsOn,210,278,Yes,X-type,Normal,2Vehicles-Side,"., COMBOTTES (DES) (RUE)",M,47.34068800718957,5.340175168503366
201800020711,NonLethal,2018-03-24,14:45:00,Daylight,210,231,Yes,X-type,Normal,Other,DARCY (PLACE),M,47.19236453536826,5.193172578697972
201800020712,NonLethal,2018-03-31,19:06:00,Daylight,210,231,Yes,X-type,Normal,Other,"4, JEANNE D'ARC (BOULEVA",M,47.19500006794463,5.193304699265909
201800020713,NonLethal,2018-05-04,09:10:00,Daylight,210,355,No,Roundabout,Overcast,2Vehicles-Side,A311,M,47.162847595720265,5.16354245725049
201800020714,NonLethal,2018-04-12,05:15:00,NightNoStreetLight,210,231,No,NoIntersection,Normal,2Vehicles-Behind,MONT BLANC (DU) (AVENUE),M,47.1755000844592,5.175396247341994
201800020718,NonLethal,2018-03-05,13:25:00,Daylight,210,231,Yes,NoIntersection,Normal,Other,ANDRE MALRAUX (RUE),M,47.32793309642738,5.328063099310542
201800020720,NonLethal,2018-05-15,18:20:00,Daylight,210,231,Yes,NoIntersection,Normal,Other,COMMANDANT ABRIOUX (DU),M,47.30163579750212,5.301628759371773
201800020721,NonLethal,2018-05-24,17:00:00,Daylight,210,231,Yes,NoIntersection,Normal,Other,GENERAL TOUZET DU VIGIER,M,47.3527251343674,5.350506747557128
201800020722,NonLethal,2018-05-25,07:40:00,Daylight,210,231,Yes,T-type,Normal,2Vehicles-Side,STRASBOURG (DE) (BOULEVA,M,47.32186872281545,5.321249201509285
201800020723,NonLethal,2018-05-06,14:49:00,Daylight,210,231,Yes,X-type,Normal,2Vehicles-Side,LORRAINE (DE) (RUE),M,47.32727234363484,5.3264696054590095
201800020724,NonLethal,2018-06-12,09:40:00,Daylight,210,231,Yes,Square,Normal,Other,GRANGIER (PLACE),M,47.32307255153113,5.323468015930207
201800020725,Lethal,2018-06-13,22:30:00,NightStreelightsOn,210,617,Yes,NoIntersection,Normal,Other,CHARLES DULLIN (RUE),M,47.33958529768524,4.337505379693405
201800020729,NonLethal,2018-07-16,07:25:00,Daylight,210,231,Yes,T-type,VeryGood,Other,GUSTAVE EIFFEL (AVENUE),M,47.31591082572173,5.314270982642358
201800020730,NonLethal,2018-08-17,16:00:00,Daylight,210,231,Yes,NoIntersection,Normal,Other,DARCY (PLACE),M,47.32407394981569,5.32514027973877
201800020731,NonLethal,2018-08-19,19:00:00,Daylight,210,617,Yes,X-type,Normal,2Vehicles-Side,TROYES (DE) (BOULEVARD),M,47.33572635209233,5.334058227659791
201800020732,NonLethal,2018-08-21,18:45:00,Daylight,210,231,Yes,Roundabout,Normal,Other,FRANCOISE GIROUD (AVENUE,M,47.36661356793664,5.366281400898968
201800020733,NonLethal,2018-07-09,19:50:00,TwilightOrDawn,210,231,Yes,MoreThan4Branches,Normal,Other,ARISTIDE BRIAND (AVENUE),M,47.3366821638801,5.336638270675913
201800020734,NonLethal,2018-10-09,07:30:00,Daylight,210,231,Yes,NoIntersection,Normal,Other,DOCTEUR ALBERT REMY (RUE,M,47.3241172049419,5.322123361054365
201800020735,NonLethal,2018-11-09,15:30:00,Daylight,210,231,Yes,T-type,Normal,Other,ALBERT PREMIER (AVENUE),M,47.322751471738975,5.323461044022805
201800020737,NonLethal,2018-09-17,18:50:00,Daylight,210,231,Yes,NoIntersection,Normal,Other,CARNOT (BOULEVARD),M,47.32149864984388,5.318961791521946
201800020739,NonLethal,2018-09-21,01:25:00,NightStreelightsOn,210,231,Yes,X-type,Normal,2Vehicles-Side,KENNEDY (JOHN) (BOULEVAR,M,47.30950366055562,5.309753353969875
201800020740,NonLethal,2018-09-22,02:10:00,NightStreelightsOn,210,231,Yes,Other,Normal,Other,MARTYRS DE LA RESISTANCE,M,47.33656436163575,5.337459996924016
201800020741,NonLethal,2018-10-08,19:10:00,NightStreelightsOn,210,231,Yes,T-type,Normal,2Vehicles-Side,CHENOVE (DE) (RUE),M,47.30463003890245,5.303586409478296
201800020742,NonLethal,2018-10-15,15:55:00,Daylight,210,231,Yes,X-type,Normal,2Vehicles-Side,SULLY  (RUE),M,47.317268673573565,5.315431704157406
201800020744,NonLethal,2018-09-11,12:50:00,Daylight,210,231,Yes,T-type,Normal,Other,GABRIEL (BOULEVARD),M,47.31645874840145,5.314709457866293
201800020745,NonLethal,2018-11-27,16:50:00,TwilightOrDawn,210,231,No,NoIntersection,Normal,2Vehicles-Behind,GEORGES POMPIDOU (VOIE),M,47.30345089076044,5.304898303107196
201800020746,NonLethal,2018-11-30,07:50:00,NightNoStreetLight,210,231,Yes,NoIntersection,HeavyRain,2Vehicles-Side,AHUY (D') (ROUTE),M,47.3479598789359,5.3475963472494925
201800020747,NonLethal,2018-05-12,11:50:00,Daylight,210,355,Yes,T-type,Normal,Other,DIJON (DE) (ROUTE),M,47.17040440211561,5.171019152843006
201800020749,NonLethal,2018-12-22,09:45:00,Daylight,210,231,Yes,NoIntersection,Normal,2Vehicles-Side,CHENOVE (DE) (RUE),M,47.307056793699175,5.30788453430764
201800020750,Lethal,2018-12-22,18:20:00,TwilightOrDawn,210,617,Yes,NoIntersection,Normal,Other,TROYES (DE) (BOULEVARD),M,47.34242636701768,5.342575218789121
201800020751,NonLethal,2018-01-06,16:15:00,Daylight,420,210,No,NoIntersection,Normal,NoCollision,Le Garrat,M,45.461302581955294,4.4610215763139305
201800020752,NonLethal,2018-05-20,15:45:00,Daylight,420,308,No,NoIntersection,Normal,2Vehicles-BehindVehicles-Frontal,D7,M,45.46281555415538,4.464085743012424
201800020753,NonLethal,2018-01-07,08:25:00,Daylight,420,32,Yes,NoIntersection,Normal,Other,D37,M,45.51821181652452,4.518382916076519
201800020754,NonLethal,2018-07-18,17:20:00,Daylight,420,32,No,NoIntersection,VeryGood,2Vehicles-Behind,route de cellieu D37,M,45.50579253779991,4.504818788862772
201800020755,NonLethal,2018-09-23,12:15:00,Daylight,420,242,Yes,NoIntersection,Normal,2Vehicles-BehindVehicles-Frontal,RD30 - LIEU DIT BISSIEUX,M,45.56867366972415,4.569385065906044
201800020757,NonLethal,2018-01-16,08:45:00,TwilightOrDawn,220,113,Yes,NoIntersection,Overcast,NoCollision,NOGUES (RUE GABRIEL),M,48.72533315415229,-0.7264542997998569
201800020759,NonLethal,2018-07-03,14:35:00,Daylight,220,113,Yes,NoIntersection,Normal,2Vehicles-Side,RUE saint marc,M,48.733867450155465,-0.7329419026201291
201800020760,NonLethal,2018-02-16,15:45:00,Daylight,220,113,Yes,Other,Normal,2Vehicles-Side,ROSAMPONT (RUE DE),M,48.72932455688789,-0.7297370076183046
201800020761,NonLethal,2018-03-18,21:55:00,NightStreelightsOn,220,113,Yes,NoIntersection,Normal,2Vehicles-Side,"17, PLOUBEZRE (ROUTE DE)",M,48.725386413950055,-0.7272943307879265
201800020763,NonLethal,2018-04-21,16:50:00,Daylight,220,113,Yes,T-type,Overcast,2Vehicles-Side,TREGASTEL (ROUTE DE),M,48.76097044545943,-0.7612669891509836
201800020764,NonLethal,2018-07-05,12:10:00,Daylight,220,113,Yes,Roundabout,Normal,2Vehicles-Side,ARMOR (BOULEVARD D'),M,48.74613914503996,-0.7488994094956215
201800020765,NonLethal,2018-05-14,20:00:00,Daylight,220,113,Yes,NoIntersection,Normal,Other,SAVIDAN (RUE JEAN),M,48.730493639572366,-0.7308908727537783
201800020766,NonLethal,2018-05-29,20:45:00,TwilightOrDawn,220,113,No,NoIntersection,Normal,NoCollision,GUINGAMP (ROUTE DE),M,48.722045312842,-0.7203974175633001
201800020768,NonLethal,2018-07-16,16:49:00,Daylight,220,113,Yes,Roundabout,Normal,2Vehicles-Side,PARK NEVEZ (AVENUE DE),M,48.72992971923176,-0.7297107825484722
201800020769,NonLethal,2018-07-23,08:45:00,Daylight,220,113,Yes,NoIntersection,Normal,Other,SAVIDAN (RUE JEAN),M,48.731544411549216,-0.730458097999622
201800020770,NonLethal,2018-07-26,20:50:00,Daylight,220,113,No,NoIntersection,Normal,2Vehicles-BehindVehicles-Frontal,KER AN FAOUT (CHEMIN DE),M,48.76299316096297,-0.7637782606537775
201800020771,Lethal,2018-09-08,17:39:00,Daylight,220,113,No,NoIntersection,Normal,2Vehicles-Side,TREBEURDEN (ROUTE DE),M,48.75157776864732,-0.7515035342559607
201800020772,NonLethal,2018-08-23,20:50:00,Daylight,220,113,Yes,NoIntersection,Normal,NoCollision,AUDUBON (RUE JEAN-JACQUE,M,48.75208177475719,-0.7507672782093447
201800020773,NonLethal,2018-09-13,21:45:00,NightStreelightsOn,220,113,No,NoIntersection,Normal,NoCollision,COAT QUILLIN (ROUTE DE),M,48.74353000855756,-0.7422016924322058
201800020774,NonLethal,2018-09-14,22:30:00,NightStreelightsOn,220,113,Yes,NoIntersection,Normal,Other,RESISTANCE (AVENUE DE LA,M,48.7442528984329,-0.7452606190991707
201800020775,NonLethal,2018-10-10,01:05:00,NightStreelightsOn,220,113,Yes,Roundabout,FogOrSmoke,Other,MORLAIX (ROUTE DE),M,48.72177896288576,-0.7217511173618826
201800020776,NonLethal,2018-10-13,16:33:00,Daylight,220,113,Yes,X-type,Normal,2Vehicles-Side,AUDUBON (RUE JEAN-JACQUE,M,48.75020187862141,-0.7500597395140989
201800020779,NonLethal,2018-11-16,16:55:00,Daylight,220,113,Yes,T-type,Normal,2Vehicles-BehindVehicles-Frontal,SAINT PIERRE (RUE),M,48.75225174491624,-0.7528206901856668
201800020780,NonLethal,2018-11-21,11:55:00,Daylight,220,113,No,X-type,LightRain,2Vehicles-Side,KERMARIA SULARD (ROUTE D,M,48.750751460336005,-0.7504389695152004
201800020781,NonLethal,2018-04-12,08:15:00,TwilightOrDawn,220,113,Yes,Other,Normal,2Vehicles-Side,GUILLOUX (BOULEVARD LOUI,M,48.727033044355984,-0.7277617665798685
201800020782,NonLethal,2018-12-04,08:10:00,TwilightOrDawn,220,113,No,NoIntersection,LightRain,Other,RESISTANCE (AVENUE DE LA,M,48.75804983446497,-0.7580223294336356
201800020783,NonLethal,2018-12-24,21:20:00,NightNoStreetLight,220,278,Yes,NoIntersection,Normal,Other,CHARNER (BD),M,48.50752828488265,-0.5090488719068903
201800020786,NonLethal,2018-01-19,09:35:00,Daylight,220,360,Yes,NoIntersection,LightRain,2Vehicles-Side,"14, SEGUIN (RUE MARC)",M,48.49217195772189,-0.491977678695397
201800020787,NonLethal,2018-01-20,06:15:00,NightStreelightsOff,220,278,Yes,NoIntersection,LightRain,3+Vehicles-Multiple,"41, TREGUEUX (DE)",M,48.50226171455811,-0.5009831841144099
201800020788,NonLethal,2018-01-21,02:40:00,NightNoStreetLight,220,215,No,NoIntersection,Normal,NoCollision,"0, PONT DES ILES (RUE DU",M,48.52548440561621,-0.5254432647824505
201800020789,NonLethal,2018-01-14,11:45:00,Daylight,220,106,Yes,NoIntersection,Normal,Other,"2, BREST (RUE DE)",M,48.495484048213946,-0.4949729330103542
201800020790,NonLethal,2018-01-24,18:30:00,NightNoStreetLight,220,215,No,NoIntersection,HeavyRain,2Vehicles-BehindVehicles-Frontal,RUE DU PONT NOIR,M,48.48993669259771,-0.4877505055770292
201800020791,NonLethal,2018-02-01,19:30:00,NightNoStreetLight,220,187,No,NoIntersection,LightRain,3+Vehicles-Multiple,"0, RN12",M,48.54543242441222,-0.5456746436721925
201800020792,NonLethal,2018-01-24,09:00:00,Daylight,220,278,Yes,NoIntersection,Normal,Other,"2B, CLEMENCEAU (BD)",M,48.51153063992307,-0.5101764100206968
201800020793,NonLethal,2018-05-02,15:30:00,Daylight,220,278,Yes,NoIntersection,Normal,2Vehicles-Behind,ARMOR (AV. D') COTE PAIR,M,48.51112754681522,-0.5122709335114366
201800020794,NonLethal,2018-01-31,11:20:00,Daylight,220,278,Yes,Roundabout,Normal,2Vehicles-Behind,MAZIER (ANTOINE),M,48.51456072261603,-0.5132945540639284
201800020797,NonLethal,2018-01-22,12:50:00,Daylight,220,215,Yes,NoIntersection,Normal,Other,"0, BOIS JOLI (RUE DU)",M,48.46139992190115,-0.4612894460021539
201800020798,NonLethal,2018-01-13,17:35:00,TwilightOrDawn,220,215,No,NoIntersection,Normal,NoCollision,MAUPASSANT (Rue Guy de),M,48.49728164480204,-0.495205065385811
201800020799,NonLethal,2018-02-17,20:40:00,NightStreelightsOn,220,360,No,NoIntersection,Normal,3+Vehicles-Chain,"0, RD700",M,48.491412706302754,-0.4924432018378525
201800020800,Lethal,2018-11-02,10:35:00,Daylight,220,278,Yes,NoIntersection,Normal,Other,"17, LESAGE",M,48.519769441630295,-0.5202537166108768
201800020802,NonLethal,2018-02-17,19:05:00,TwilightOrDawn,220,360,Yes,NoIntersection,Normal,2Vehicles-Side,"3, SEGUIN (RUE MARC)",M,48.49232593154438,-0.493311930813582
201800020803,NonLethal,2018-02-09,21:05:00,NightStreelightsOff,220,278,No,Roundabout,Other,NoCollision,"0, CHAPTAL",M,48.50777886117012,-0.506806985317957
201800020804,NonLethal,2018-11-03,18:30:00,TwilightOrDawn,220,278,Yes,NoIntersection,HeavyRain,2Vehicles-Behind,BECQUEREL (HENRI),M,48.499446255034485,-0.5011803254728973
201800020806,NonLethal,2018-09-03,21:15:00,NightNoStreetLight,220,278,Yes,NoIntersection,Normal,2Vehicles-BehindVehicles-Frontal,"48, TREGUEUX (DE)",M,48.50269435573996,-0.5006476526088574
201800020807,NonLethal,2018-02-28,11:30:00,Daylight,220,215,Yes,NoIntersection,Normal,2Vehicles-Behind,"0, VILLES MOISAN (RUE DE",M,48.497443106943926,-0.4946624329531118
201800020809,NonLethal,2018-03-13,08:25:00,Daylight,220,215,Yes,Roundabout,Other,2Vehicles-Side,"0, MAIRIE (RUE DE LA)",M,48.48910838036518,-0.4884702532399735
201800020810,Lethal,2018-01-26,22:25:00,NightStreelightsOff,220,187,No,NoIntersection,Normal,Other,"20, RUE DES COTES DE VIO",M,48.53095456865171,-0.5307739025196372
201800020811,NonLethal,2018-02-28,19:20:00,NightStreelightsOn,220,215,Yes,T-type,Normal,3+Vehicles-Multiple,"21, CROIX (RUE DES)",M,48.48495161279381,-0.4869371783139637
201800020812,NonLethal,2018-03-18,14:10:00,Daylight,220,278,Yes,NoIntersection,Normal,Other,"11, COURTELINE",M,48.51379561939673,-0.5131357060530919
201800020813,NonLethal,2018-02-13,07:56:00,NightStreelightsOn,220,278,Yes,Roundabout,HeavyRain,Other,"0, BLANQUI (AUGUSTE)",M,48.50030980575502,-0.4981538319411585
201800020814,NonLethal,2018-03-11,12:45:00,Daylight,220,278,Yes,NoIntersection,LightRain,2Vehicles-BehindVehicles-Frontal,"0, FONTAINE-SAINT-BRIEUC",M,48.5168933029529,-0.5184755707138868
201800020817,NonLethal,2018-03-22,16:20:00,Daylight,220,278,Yes,NoIntersection,Normal,2Vehicles-Behind,"0, VILLE-HELLIO (DE LA)",M,48.5127220063416,-0.5125730004393387
201800020818,NonLethal,2018-03-31,10:10:00,Daylight,220,278,Yes,Roundabout,Normal,Other,"0, CLEMENCEAU (BD)",M,48.51183759423126,-0.5099792006036197
201800020819,NonLethal,2018-03-24,21:35:00,NightStreelightsOff,220,278,Yes,X-type,LightRain,2Vehicles-BehindVehicles-Frontal,"136, BERT (PAUL)",M,48.50313569036122,-0.5025296733245638
201800020820,NonLethal,2018-04-06,18:10:00,Daylight,220,278,Yes,NoIntersection,Normal,3+Vehicles-Chain,RN12,M,48.50310547167563,-0.5018895244026421
201800020821,NonLethal,2018-05-03,11:30:00,Daylight,220,278,Yes,NoIntersection,Normal,2Vehicles-Behind,"0, FERRY (JULES)",M,48.49744708636746,-0.4983117242000555
201800020823,NonLethal,2018-01-22,11:48:00,Daylight,220,278,Yes,NoIntersection,Normal,2Vehicles-Behind,AMPERE,M,48.50629430560264,-0.5040066325075048
201800020824,NonLethal,2018-04-20,12:15:00,Daylight,220,106,No,NoIntersection,Normal,3+Vehicles-Chain,RN12,M,48.482274429522974,-0.4822309268676646
201800020826,NonLethal,2018-04-24,08:35:00,Daylight,220,187,No,NoIntersection,Normal,NoCollision,VIADUC (RUE DU),M,48.527410486536446,-0.528994262233116
201800020827,NonLethal,2018-04-25,07:45:00,Daylight,220,278,Yes,X-type,Normal,2Vehicles-Side,COURTELINE,M,48.514198103049,-0.514330217316496
201800020828,NonLethal,2018-02-05,09:55:00,Daylight,220,278,No,NoIntersection,LightRain,NoCollision,FRANCE (AV. DE),M,48.5100367123606,-0.5107587526922408
201800020830,NonLethal,2018-05-05,14:00:00,Daylight,220,278,Yes,NoIntersection,Normal,Other,CHARNER (BD),M,48.50672188836533,-0.5073899743408674
201800020831,NonLethal,2018-05-04,18:55:00,Daylight,220,278,Yes,X-type,Normal,2Vehicles-Side,PRADAL (CHARLES),M,48.50236377275118,-0.4984778440656818
201800020832,NonLethal,2018-05-13,18:50:00,Daylight,220,187,No,NoIntersection,Normal,2Vehicles-BehindVehicles-Frontal,rue de la ville DONO,M,48.55777018748844,-0.5575814723973792
201800020833,NonLethal,2018-05-16,11:45:00,Daylight,220,278,Yes,Roundabout,Normal,2Vehicles-Side,MERIMEE (PROSPER),M,48.49364512889165,-0.4927160415176375
201800020834,NonLethal,2018-05-17,05:30:00,NightNoStreetLight,220,106,Yes,NoIntersection,Normal,NoCollision,17 RENNES (RUE DE),M,48.29485157070974,-0.2949659085711504
201800020835,NonLethal,2018-05-22,17:05:00,Daylight,220,278,Yes,NoIntersection,Normal,Other,VILLE JOUHA (BD DE LA),M,48.50598649434306,-0.5084057636682937
201800020836,NonLethal,2018-03-16,07:15:00,TwilightOrDawn,220,187,Yes,NoIntersection,Normal,Other,"5, Chnes (Rue des)",M,48.53643983692249,-0.5351752745039313
201800020837,NonLethal,2018-05-28,13:20:00,Daylight,220,278,Yes,NoIntersection,Normal,2Vehicles-Side,BALZAC,M,48.51278860251841,-0.514483981493389
201800020838,NonLethal,2018-02-06,14:00:00,Daylight,220,215,Yes,X-type,Normal,2Vehicles-Side,RD 790,M,48.458889092975134,-0.4625655967144262
201800020839,NonLethal,2018-06-07,16:15:00,Daylight,220,106,Yes,NoIntersection,LightRain,2Vehicles-Behind,GREVES (Rue des),M,48.49755693909528,-0.4949112616985509
201800020840,NonLethal,2018-06-15,09:00:00,Daylight,220,187,No,NoIntersection,Normal,2Vehicles-Behind,RD786,M,48.5478203448313,-0.5485312497256108
201800020841,NonLethal,2018-06-18,03:25:00,NightNoStreetLight,220,360,Yes,Roundabout,Normal,NoCollision,ARMOR (RUE D'),M,48.4846790506023,-0.4858848242540616
201800020842,NonLethal,2018-06-15,19:50:00,Daylight,220,187,Yes,T-type,Normal,2Vehicles-Side,stade (rue du),M,48.53837131783005,-0.5396626983741815
201800020843,NonLethal,2018-06-15,15:06:00,Daylight,220,106,Yes,T-type,Normal,2Vehicles-Side,EIFFEL (RUE GUSTAVE),M,48.50306056899728,-0.5018155195241436
201800020844,NonLethal,2018-06-18,07:40:00,Daylight,220,360,No,NoIntersection,Normal,NoCollision,Valles (rue des ),M,48.48298817181412,-0.4831981279476991
201800020845,NonLethal,2018-06-20,16:00:00,Daylight,220,278,No,NoIntersection,Normal,2Vehicles-Behind,RN12,M,48.50953330269082,-0.5091391526020387
201800020846,NonLethal,2018-06-25,16:55:00,Daylight,220,187,No,NoIntersection,Normal,2Vehicles-Behind,RN12,M,48.54613592504778,-0.5448830328613186
201800020847,NonLethal,2018-06-26,09:50:00,Daylight,220,278,No,NoIntersection,Normal,3+Vehicles-Chain,PROUST (MARCEL),M,48.49733228139774,-0.4941999114156428
201800020848,NonLethal,2018-01-07,06:40:00,Daylight,220,215,No,NoIntersection,Normal,NoCollision,RD 222,M,48.47643189240388,-0.4753516745009052
201800020849,NonLethal,2018-07-02,15:22:00,Daylight,220,278,Yes,NoIntersection,Normal,Other,WALDECK-ROUSSEAU (BD ET,M,48.51208290658606,-0.5128647465986721
201800020850,NonLethal,2018-07-03,01:10:00,NightNoStreetLight,220,278,Yes,NoIntersection,Normal,Other,LA FAYETTE,M,48.51356312150847,-0.5129835782383614
201800020852,NonLethal,2018-10-07,12:42:00,Daylight,220,278,Yes,Roundabout,Normal,NoCollision,8 MAI 1945 (PL DU),M,48.51243399117422,-0.5117992575734096
201800020853,NonLethal,2018-11-07,10:20:00,Daylight,220,215,Yes,NoIntersection,Normal,2Vehicles-Behind,CARPONT (LE),M,48.500416406698456,-0.4992455877286701
201800020854,NonLethal,2018-07-10,19:55:00,Daylight,220,278,Yes,NoIntersection,Normal,Other,CORNEILLE COTE PAIR,M,48.30499442231758,-0.3056203771700749
201800020855,NonLethal,2018-07-20,20:40:00,Daylight,220,215,Yes,NoIntersection,Normal,Other,DOUETS (RUE DES),M,48.510678391419255,-0.5071550824344285
201800020856,NonLethal,2018-07-20,16:30:00,Daylight,220,187,No,NoIntersection,Normal,Other,BEAUREGARD (RUE DE),M,48.528378195482,-0.5237570006852643
201800020857,NonLethal,2018-07-23,21:00:00,Daylight,220,215,Yes,Y-type,Normal,2Vehicles-Side,BEL AIR ( rue de ),M,48.499618459008815,-0.5001646147699932
201800020858,NonLethal,2018-07-24,08:15:00,Daylight,220,187,No,NoIntersection,Normal,Other,ville neuve (rue de la ),M,48.53695922840492,-0.5351985861946249
201800020859,NonLethal,2018-07-31,18:30:00,Daylight,220,187,Yes,NoIntersection,Normal,2Vehicles-Behind,PORT (rue du ),M,48.52877018432566,-0.5276486155700417
201800020860,NonLethal,2018-08-01,13:25:00,Daylight,220,106,No,Roundabout,Normal,2Vehicles-Behind,BREST (RUE DE),M,48.50003016642164,-0.4991911933556621
201800020861,NonLethal,2018-05-08,09:00:00,Daylight,220,106,Yes,T-type,Normal,2Vehicles-Side,LAMARTINE (RUE),M,48.49544944700098,-0.4947137396148631
201800020862,NonLethal,2018-06-08,18:35:00,Daylight,220,215,No,NoIntersection,Normal,3+Vehicles-Multiple,BOURGNEUF (RUE DU),M,48.4666711306539,-0.4673661431112971
201800020863,NonLethal,2018-08-08,12:00:00,Daylight,220,278,Yes,Roundabout,Normal,2Vehicles-Side,ABERYSTWYTH (RD-PT),M,48.497644385905765,-0.4980648915086181
201800020864,Lethal,2018-08-16,07:13:00,Daylight,220,187,Yes,NoIntersection,Normal,Other,SURCOUF (RUE),M,48.54096999133973,-0.538496567428863
201800020866,NonLethal,2018-08-20,21:00:00,Daylight,220,278,Yes,NoIntersection,Normal,2Vehicles-Behind,BALZAC,M,48.51561437789572,-0.5133585968153842
201800020868,NonLethal,2018-08-27,18:15:00,Daylight,220,278,Yes,T-type,Normal,2Vehicles-Side,ATLANTIQUE (BD) Nø1 A 56,M,48.520228208918965,-0.5188839552552605
201800020870,NonLethal,2018-06-09,15:00:00,Daylight,220,278,Yes,NoIntersection,Normal,2Vehicles-Behind,FONTAINE-SAINT-BRIEUC (D,M,48.51655388688089,-0.5198905043787371
201800020872,NonLethal,2018-06-09,13:20:00,Daylight,220,215,No,Roundabout,Normal,NoCollision,LOGE (RUE DE LA),M,48.46905946419992,-0.4715648344041277
201800020873,NonLethal,2018-09-14,09:50:00,Daylight,220,278,Yes,T-type,VeryGood,Other,BECQUEREL (HENRI),M,48.49957027120447,-0.500345780274605
201800020874,NonLethal,2018-09-18,18:05:00,Daylight,220,278,Yes,T-type,Normal,2Vehicles-Side,LUZEL,M,48.507350783829104,-0.5080979997599583
201800020875,NonLethal,2018-09-18,10:35:00,Daylight,220,278,Yes,NoIntersection,Normal,2Vehicles-Side,SEVIGNE (BD),M,48.51815913334552,-0.5160301410756405
201800020876,NonLethal,2018-09-20,15:30:00,Daylight,220,278,No,Roundabout,Normal,2Vehicles-Side,VILLE JOUHA (BD DE LA),M,48.50635872972354,-0.5065089617076756
201800020877,NonLethal,2018-09-22,08:25:00,Daylight,220,215,No,NoIntersection,Normal,NoCollision,RD 222,M,48.47920111517213,-0.4763521524619417
201800020878,NonLethal,2018-09-19,17:47:00,Daylight,220,215,Yes,Roundabout,Normal,2Vehicles-Side,CARPONT (LE),M,48.49919613759084,-0.502786541631102
201800020879,NonLethal,2018-09-25,11:15:00,Daylight,220,215,Yes,X-type,Normal,2Vehicles-Side,CROIX FICHET (RUE DE LA),M,48.49299443745105,-0.4919386541413728
201800020880,NonLethal,2018-09-22,17:04:00,Daylight,220,187,Yes,NoIntersection,Normal,2Vehicles-BehindVehicles-Frontal,VIEUX MOULIN (RUE DU),M,48.52514713715569,-0.5236595772026315
201800020881,NonLethal,2018-09-25,18:45:00,Daylight,220,278,Yes,NoIntersection,Normal,Other,PROUST (MARCEL),M,48.494028052005454,-0.4932964021768122
201800020882,NonLethal,2018-09-30,09:00:00,Daylight,220,278,Yes,X-type,Normal,2Vehicles-Side,PORT (DU),M,48.51933955569646,-0.5198681066732425
201800020884,NonLethal,2018-10-05,08:30:00,Daylight,220,278,Yes,NoIntersection,Normal,Other,SAINT-FRANCOIS,M,48.51132787786152,-0.5110403780470326
201800020885,NonLethal,2018-10-09,09:00:00,Daylight,220,360,Yes,Roundabout,Normal,2Vehicles-Side,EPINE BLANCHE (RUE DE L',M,48.49264483219122,-0.4925350395886938
201800020886,NonLethal,2018-09-10,08:45:00,Daylight,220,278,No,Roundabout,Normal,2Vehicles-Side,FERRY (JULES),M,48.49895437024283,-0.4986216653590242
201800020888,NonLethal,2018-10-13,18:40:00,Daylight,220,187,No,Other,Normal,2Vehicles-BehindVehicles-Frontal,Martin Plage (rue de ),M,48.55717616284093,-0.5568519608655214
201800020889,NonLethal,2018-10-05,08:30:00,Daylight,220,215,No,NoIntersection,Normal,NoCollision,rue de Coëtquen,M,48.46959905463629,-0.4671170991353028
201800020890,NonLethal,2018-10-17,09:00:00,Daylight,220,278,Yes,NoIntersection,Normal,2Vehicles-Side,GARNIER (ABBE),M,48.50570052747552,-0.5052513361254187
201800020891,NonLethal,2018-10-18,20:20:00,NightStreelightsOn,220,360,No,X-type,Normal,Other,Rue Jane Dieulafoy,M,48.46629294109939,-0.466277668470812
201800020892,NonLethal,2018-10-20,17:45:00,Daylight,220,106,Yes,T-type,Normal,2Vehicles-Behind,VERNE (RUE JULES),M,48.49676303569169,-0.4981990295356081
201800020893,NonLethal,2018-10-20,19:55:00,TwilightOrDawn,220,187,Yes,NoIntersection,Normal,3+Vehicles-Multiple,VIADUC (RUE DU),M,48.52691429347389,-0.5277536636459971
201800020894,NonLethal,2018-10-23,14:30:00,Daylight,220,278,Yes,Roundabout,Normal,2Vehicles-Behind,RPOINT ABERYTWYTH,M,48.49703055777401,-0.4972030668072339
201800020895,NonLethal,2018-10-27,21:25:00,NightStreelightsOn,220,278,Yes,NoIntersection,HeavyRain,Other,GARNIER (ABBE),M,48.50667520836297,-0.5066963102769697
201800020896,NonLethal,2018-10-26,19:15:00,Daylight,220,278,Yes,NoIntersection,Normal,Other,GARNIER (ABBE),M,48.50636385145396,-0.5039170940709801
201800020897,NonLethal,2018-10-31,15:05:00,Daylight,220,215,Yes,T-type,Normal,2Vehicles-BehindVehicles-Frontal,GRANDE METAIRIE (RUE DE,M,48.49025813635576,-0.4923660032362225
201800020900,NonLethal,2018-03-11,17:00:00,Daylight,220,187,Yes,NoIntersection,Normal,Other,RUE DE LA CADOIRE,M,48.5284158682968,-0.5282747883773036
201800020901,NonLethal,2018-11-10,18:30:00,NightStreelightsOn,220,278,Yes,NoIntersection,Normal,2Vehicles-Side,GOUEDIC (DE),M,48.50881923560812,-0.5080976395125875
201800020903,NonLethal,2018-11-19,16:25:00,Daylight,220,278,No,NoIntersection,Normal,Other,MAROT (CLEMENT),M,48.50935889519386,-0.5091627901184791