AccidentId,Gravity,Date,Hour,Light,Department,Commune,InAgglomeration,IntersectionType,Weather,CollisionType,PostalAddress,GPSCode,Latitude,Longitude
201800020904,NonLethal,2018-11-21,17:45:00,TwilightOrDawn,220,215,No,NoIntersection,Normal,2Vehicles-BehindVehicles-Frontal,PONT NOIR (RUE DU),M,48.48695086361404,-0.487105255066568
201800020905,NonLethal,2018-11-22,12:55:00,Daylight,220,278,Yes,X-type,Normal,Other,BALZAC,M,48.51290133204423,-0.511603898306439
201800020906,NonLethal,2018-11-23,17:45:00,NightStreelightsOff,220,278,Yes,Roundabout,LightRain,Other,ROSTAND (EDMOND),M,48.511995281437216,-0.5116000307577543
201800020907,NonLethal,2018-11-26,18:30:00,TwilightOrDawn,220,215,No,Roundabout,Normal,2Vehicles-Behind,MAUPASSANT (Rue Guy de),M,48.4942558019761,-0.4938930757636823
201800020908,NonLethal,2018-11-30,12:15:00,Daylight,220,278,Yes,Y-type,Normal,2Vehicles-Side,LEGUE (DU),M,48.523188402565374,-0.5238484322228462
201800020909,NonLethal,2018-05-12,17:14:00,TwilightOrDawn,220,278,Yes,NoIntersection,Normal,2Vehicles-Side,LAENNEC (BD),M,48.51009920925019,-0.5098507987867646
201800020910,NonLethal,2018-10-12,08:00:00,NightNoStreetLight,220,215,Yes,NoIntersection,Normal,Other,CROIX FICHET (RUE DE LA),M,48.29530203843066,-0.2935568764757892
201800020911,NonLethal,2018-12-14,20:00:00,NightStreelightsOn,220,278,Yes,NoIntersection,Normal,Other,RIBOT (THEODULE),M,48.5185682382897,-0.5181053790111669
201800020912,NonLethal,2018-12-13,18:30:00,NightNoStreetLight,220,187,Yes,T-type,Normal,2Vehicles-Side,VERDUN (rue de ),M,48.54382633640972,-0.544901475259134
201800020913,NonLethal,2018-12-20,21:30:00,NightNoStreetLight,220,187,Yes,NoIntersection,Normal,Other,CROIX (RUE DE LA ),M,48.52942030823503,-0.5314377250063828
201800020914,NonLethal,2018-11-12,17:30:00,TwilightOrDawn,220,278,No,Roundabout,Normal,2Vehicles-Side,FERRY (JULES),M,48.498809214801696,-0.4993957321427582
201800020915,NonLethal,2018-12-21,18:45:00,NightStreelightsOn,220,215,No,X-type,Normal,2Vehicles-Side,CROIX FICHET (RUE DE LA),M,48.49405663846591,-0.494964707262599
201800020917,NonLethal,2018-03-14,11:20:00,Daylight,230,96,Yes,NoIntersection,VeryGood,Other,"8, MANOUVRIER (AVENUE)",M,46.16905197433056,1.1675521528237218
201800020918,NonLethal,2018-12-06,09:50:00,Daylight,230,96,Yes,NoIntersection,Normal,Other,VERDUN (RUE DE ),M,46.16903665879706,1.1689957226412413
201800020919,NonLethal,2018-08-08,02:00:00,NightStreelightsOn,230,96,Yes,NoIntersection,Normal,NoCollision,BERRY (AVENUE DU),M,46.17450941883426,1.175003028260369
201800020922,NonLethal,2018-12-20,19:20:00,NightNoStreetLight,230,96,Yes,NoIntersection,LightRain,Other,DE PIERREBOURG  (RUE OLI,M,46.17853911559622,1.1760673376007948
201800020923,NonLethal,2018-01-24,19:50:00,NightStreelightsOn,240,37,Yes,NoIntersection,Normal,Other,RUE DE LA BOETIE,M,44.85891278219477,4.858002504139902
201800020924,NonLethal,2018-02-02,19:03:00,NightStreelightsOn,240,37,Yes,NoIntersection,Normal,2Vehicles-Side,ALLEE DES GRANDS DUCS,M,44.84836017727967,5.848367996732657
201800020925,NonLethal,2018-04-18,20:00:00,Daylight,240,37,Yes,T-type,Normal,2Vehicles-Side,RUE FRANCOIS COUPERIN,M,44.864365412727125,4.866251356558545
201800020926,NonLethal,2018-06-01,12:40:00,Daylight,240,37,Yes,Square,Normal,Other,MALBEC (PLACE),M,44.85009539472422,4.852084847412041
201800020927,NonLethal,2018-07-06,23:30:00,NightStreelightsOn,240,37,Yes,X-type,Normal,2Vehicles-Side,AVENUE PAUL DOUMER,M,44.834734539907416,4.835597498624079
201800020928,NonLethal,2018-06-13,11:05:00,Daylight,240,37,Yes,X-type,Normal,2Vehicles-Side,RUE LOUIS BELIN,M,44.8573924994058,4.855732163065907
201800020929,NonLethal,2018-01-19,12:02:00,Daylight,240,322,Yes,NoIntersection,Normal,Other,"12, COURS MONTAIGNE",M,45.1831422599,7.183845877671945
201800020930,Lethal,2018-03-03,11:09:00,Daylight,240,256,Yes,NoIntersection,Normal,Other,ROUTE de RIBERAC,M,45.20071082377878,6.200076026393247
201800020931,NonLethal,2018-03-26,07:15:00,NightNoStreetLight,240,557,No,NoIntersection,Normal,2Vehicles-Side,AVENUE DE L'AUTOMOBILE,M,45.20639347049197,8.205397672532946
201800020932,NonLethal,2018-02-06,00:10:00,NightStreelightsOn,240,322,Yes,T-type,Normal,2Vehicles-Side,RUE VICTOR HUGO,M,45.18946877013658,7.188443371847939
201800020933,NonLethal,2018-09-06,16:20:00,Daylight,240,322,Yes,NoIntersection,Normal,Other,PLACE FRANCHEVILLE,M,45.18264008373122,7.181745442871806
201800020934,NonLethal,2018-06-29,06:30:00,TwilightOrDawn,240,322,Yes,NoIntersection,Normal,Other,TOUTE D'ANGOULEME,M,45.1987036618079,6.199469802063439
201800020935,NonLethal,2018-07-07,21:45:00,Daylight,240,322,Yes,NoIntersection,Normal,NoCollision,VOIE DES STADES,M,45.20088902221483,6.199672719932214
201800020936,NonLethal,2018-07-27,09:20:00,Daylight,240,312,Yes,NoIntersection,Normal,Other,ROUTE DE BERGERAC,M,45.17831699939458,7.177210988444609
201800020937,NonLethal,2018-07-31,09:30:00,Daylight,240,322,Yes,Roundabout,Normal,2Vehicles-Side,PLACE YVES GUENA,M,45.18593884291904,7.18645726270989
201800020938,NonLethal,2018-08-16,12:20:00,Daylight,240,138,Yes,X-type,Normal,3+Vehicles-Chain,AVENUE DU GEN. de GAULLE,M,45.191505018429616,6.188430882333908
201800020939,NonLethal,2018-09-13,15:45:00,Daylight,240,256,No,NoIntersection,Normal,2Vehicles-Side,ROUTE DE BORDEAUX,M,45.19085125230597,6.189898722360606
201800020940,NonLethal,2018-09-11,16:17:00,Daylight,240,322,Yes,NoIntersection,Normal,2Vehicles-Side,COURS SAINT GEORGES,M,45.17755571814033,7.17793124978119
201800020941,NonLethal,2018-09-17,10:05:00,Daylight,240,322,Yes,NoIntersection,Normal,Other,PLACE FRANCHEVILLE,M,45.18256247627682,7.182067699714165
201800020942,NonLethal,2018-10-10,07:53:00,TwilightOrDawn,240,322,Yes,NoIntersection,Normal,Other,AVENUE GEORGES POMPIDOU,M,45.19555948564971,7.193947266819068
201800020943,NonLethal,2018-10-23,15:10:00,Daylight,240,53,Yes,NoIntersection,Normal,2Vehicles-Side,ROUTE DE LYON,M,45.17817061488518,7.178207492490085
201800020944,NonLethal,2018-07-11,18:15:00,NightNoStreetLight,240,557,Yes,NoIntersection,Normal,Other,RUE DES DIGITALES,M,45.192792164353,7.194126600209417
201800020945,NonLethal,2018-11-15,18:15:00,TwilightOrDawn,240,138,Yes,T-type,Normal,2Vehicles-Side,RUE EDOUARD MICHEL,M,45.176191070746576,6.175117559247338
201800020946,NonLethal,2018-11-26,18:35:00,NightStreelightsOn,240,322,Yes,X-type,LightRain,Other,RUE LAGRANGE CHANCEL,M,45.19394912603463,7.193755000110575
201800020947,NonLethal,2018-01-06,09:48:00,Daylight,250,56,Yes,NoIntersection,LightRain,Other,"38, BELFORT RUE DE <144",M,47.24697097689976,6.248150226117365
201800020948,NonLethal,2018-01-18,13:04:00,Daylight,250,56,Yes,Roundabout,Normal,2Vehicles-Side,"sans, VIGNY  RUE ALFRED",M,47.21627910642756,5.217924117784269
201800020949,NonLethal,2018-01-20,00:18:00,NightStreelightsOn,250,56,Yes,NoIntersection,LightRain,Other,RN 1057 (ROUTE DE GRAY-C,M,47.26204076198601,6.262392645146515
201800020952,NonLethal,2018-01-27,23:43:00,NightStreelightsOn,250,56,Yes,NoIntersection,Normal,Other,"33, VESOUL RUE DE < 52",M,42.25016848324704,6.25036053544394
201800020953,NonLethal,2018-01-28,07:50:00,TwilightOrDawn,250,56,Yes,X-type,Normal,2Vehicles-Side,"SANS, BLUM BOULEVARD LEO",M,47.255646693791554,6.255848531936519
201800020954,NonLethal,2018-02-03,00:40:00,NightStreelightsOn,250,56,Yes,NoIntersection,LightRain,Other,"SANS, FOCH AVENUE MARECH",M,47.2432691559417,6.243022007421866
201800020955,NonLethal,2018-02-08,15:32:00,Daylight,250,56,Yes,NoIntersection,Other,2Vehicles-Behind,DOLE RUE DE >82 & <185,M,47.23768590918724,6.235802914761847
201800020956,NonLethal,2018-02-13,20:48:00,NightStreelightsOn,250,56,Yes,X-type,Normal,2Vehicles-Side,"SANS, ARMEE FRANCAISE PL",M,47.24200383014855,6.241818179662841
201800020957,NonLethal,2018-02-21,19:13:00,NightNoStreetLight,250,56,Yes,NoIntersection,Normal,NoCollision,"11, LUXEMBOURG RUE DU",M,47.22394406132513,5.223445036050726
201800020958,NonLethal,2018-02-25,03:58:00,NightStreelightsOn,250,56,Yes,NoIntersection,Normal,Other,"4, GALILEE RUE",M,47.24775212703438,5.24727183079865
201800020959,NonLethal,2018-02-27,22:56:00,NightNoStreetLight,250,56,Yes,NoIntersection,Normal,NoCollision,"75, BELFORT RUE DE <144",M,47.24905263210253,6.250125155284589
201800020961,NonLethal,2018-03-13,19:53:00,NightStreelightsOn,250,56,Yes,T-type,Normal,Other,"SANS, STRASBOURG QUAI DE",M,47.24229228186596,6.242620730175462
201800020962,NonLethal,2018-03-21,17:16:00,Daylight,250,56,Yes,Roundabout,Normal,2Vehicles-Behind,"SANS, MITTERAND AVENUE F",M,47.22206051633261,5.221089170926264
201800020963,NonLethal,2018-03-29,12:02:00,Daylight,250,56,Yes,NoIntersection,Normal,Other,"SANS, OBSERVATOIRE AVENU",M,47.24804556913029,5.247602951511869
201800020965,NonLethal,2018-03-30,14:55:00,Daylight,250,56,Yes,NoIntersection,Normal,Other,"SANS, BLUM  BOULEVARD LE",M,47.26343430429905,6.262838570972915
201800020966,NonLethal,2018-03-30,21:46:00,NightStreelightsOn,250,56,Yes,T-type,Normal,Other,"SANS, ALLENDE  BOULEVARD",M,47.21934602676729,5.220293867264362
201800020968,NonLethal,2018-07-04,16:47:00,Daylight,250,56,Yes,NoIntersection,Normal,NoCollision,JOUCHOUX RUE AUGUSTE,M,47.23953377338874,5.239748699151209
201800020969,NonLethal,2018-04-09,17:52:00,Daylight,250,56,Yes,Other,LightRain,Other,BLUM  BOULEVARD LEON (in,M,47.2537124264103,6.2560049735181
201800020971,NonLethal,2018-04-09,19:16:00,Daylight,250,56,Yes,MoreThan4Branches,LightRain,2Vehicles-Behind,DOLE RUE DE (entre 185 e,M,47.22465500129428,5.226253650096403
201800020973,NonLethal,2018-04-12,15:00:00,Daylight,250,56,Yes,T-type,Normal,2Vehicles-Side,FORT DES MONTBOUC. CH. D,M,47.25753259973399,5.258046499244961
201800020974,NonLethal,2018-12-04,20:30:00,TwilightOrDawn,250,56,Yes,X-type,Normal,2Vehicles-Side,ARMEE FRANCAISE PL. DE L,M,47.242640478187184,6.242193896937193
201800020976,NonLethal,2018-04-15,04:54:00,NightStreelightsOn,250,56,Yes,NoIntersection,Normal,Other,DOLE RUE DE (entre 82 et,M,47.22960598290972,5.228164857564411
201800020977,NonLethal,2018-04-17,18:18:00,Daylight,250,56,Yes,NoIntersection,Normal,Other,GAULARD AVENUE (inf 14),M,47.23470754624719,6.237020696128657
201800020978,NonLethal,2018-04-18,14:30:00,Daylight,250,56,Yes,NoIntersection,VeryGood,2Vehicles-Side,DOLE RUE DE (sup 200),M,47.221280451579055,5.222719299549939
201800020980,NonLethal,2018-04-24,12:15:00,Daylight,250,56,Yes,NoIntersection,Normal,3+Vehicles-Chain,EDISON RUE THOMAS,M,47.235651314267045,5.233923272226451
201800020981,NonLethal,2018-04-26,16:10:00,Daylight,250,56,Yes,NoIntersection,Normal,2Vehicles-Behind,GARE D'EAU AV.  DE LA (i,M,47.23118366560021,6.2314755323583055
201800020982,NonLethal,2018-04-26,23:14:00,NightStreelightsOn,250,56,Yes,T-type,Normal,2Vehicles-Behind,SIFFERT  AVENUE CHARLES,M,47.24111906546665,6.242285437324151
201800020983,NonLethal,2018-04-30,13:30:00,Daylight,250,56,Yes,NoIntersection,Normal,Other,BLUM  BOULEVARD LEON (in,M,47.26004414463532,6.261643204938751
201800020984,NonLethal,2018-06-05,15:30:00,Daylight,250,56,Yes,NoIntersection,Normal,2Vehicles-BehindVehicles-Frontal,CASSIN PLACE RENE,M,47.22028728023881,5.218160796241118
201800020985,NonLethal,2018-05-06,05:10:00,NightStreelightsOn,250,56,Yes,Y-type,Normal,2Vehicles-Side,LAGRANGE  AVENUE LEO,M,47.244550180387954,6.245304434587023
201800020988,NonLethal,2018-05-14,23:25:00,NightStreelightsOn,250,56,Yes,Roundabout,HeavyRain,2Vehicles-Side,RIVOTTE  FAUBOURG,M,47.233283410421045,6.232829690223138
201800020989,NonLethal,2018-05-16,18:23:00,Daylight,250,56,Yes,Other,Normal,2Vehicles-Side,DOLE RUE DE (entre 82 et,M,47.22605997029898,5.226229370442178
201800020990,NonLethal,2018-05-17,11:50:00,Daylight,250,56,Yes,NoIntersection,Normal,2Vehicles-Side,MONTJOUX  AVENUE DE,M,47.2484885932688,6.248507906561166
201800020991,NonLethal,2018-05-19,23:25:00,NightStreelightsOn,250,56,Yes,X-type,Normal,2Vehicles-Side,MONTRAPON AVENUE DE,M,47.24213757171444,6.243548035658294
201800020992,NonLethal,2018-05-21,09:15:00,Daylight,250,56,Yes,T-type,Normal,2Vehicles-Side,CUSENIER AVENUE ELISEE,M,47.24137251734303,6.240192959460267
201800020994,NonLethal,2018-05-21,13:45:00,Daylight,250,56,Yes,NoIntersection,Normal,2Vehicles-Side,CASAMENE  CH. DE HALAGE,M,47.21826829316739,6.215829662499864
201800020995,NonLethal,2018-05-24,10:57:00,Daylight,250,56,Yes,NoIntersection,Normal,2Vehicles-Behind,JANVIER RUE ANTIDE,M,47.23584421398528,6.236447601647511
201800020996,NonLethal,2018-05-25,08:39:00,Daylight,250,56,Yes,NoIntersection,Normal,2Vehicles-Behind,VESOUL RUE DE (inf 52),M,47.25307404236749,6.2530526501387
201800020997,NonLethal,2018-08-06,16:55:00,Daylight,250,56,Yes,NoIntersection,Normal,2Vehicles-Side,GAUGUIN RUE PAUL,M,47.21678011026452,5.217262459681642
201800020998,NonLethal,2018-06-08,16:05:00,Daylight,250,56,Yes,Roundabout,Normal,2Vehicles-Side,MONTBOUCONS CHEMIN DES,M,47.25393187352861,5.256575822937543
201800020999,NonLethal,2018-06-10,15:23:00,Daylight,250,56,Yes,NoIntersection,Normal,NoCollision,BRABANT RUE DE,M,47.224557889920085,5.224374575629608
201800021001,NonLethal,2018-06-11,20:40:00,Daylight,250,56,Yes,NoIntersection,LightRain,2Vehicles-Behind,KENNEDY  BOULEVARD J.F.,M,47.23318203929653,5.234274856809425
201800021002,NonLethal,2018-06-15,08:10:00,Daylight,250,56,No,NoIntersection,Normal,2Vehicles-Side,HUIT MAI 1945 AVENUE DU,M,47.2353050780078,6.234918311702341
201800021003,NonLethal,2018-06-16,15:50:00,Daylight,250,56,Yes,NoIntersection,Normal,Other,RELANCONS CHEMIN DES,M,47.27422526521383,6.272108472318266
201800021004,NonLethal,2018-06-16,11:02:00,Daylight,250,56,Yes,Other,Normal,3+Vehicles-Chain,CASSIN PLACE RENE,M,47.22054656331007,5.218726420984452
201800021005,NonLethal,2018-06-16,20:10:00,Daylight,250,56,Yes,NoIntersection,Normal,Other,rue d'artois,M,47.22287724775138,5.221982727621748
201800021006,NonLethal,2018-06-18,10:45:00,Daylight,250,56,Yes,NoIntersection,Normal,2Vehicles-Side,HUIT MAI 1945 AVENUE DU,M,47.23553026667687,6.233946898816026
201800021007,NonLethal,2018-06-19,08:30:00,Daylight,250,56,Yes,T-type,Normal,2Vehicles-Side,VESOUL RUE DE (inf 52),M,47.24935106431085,6.250355278838726
201800021008,NonLethal,2018-06-20,07:45:00,Daylight,250,56,Yes,NoIntersection,Normal,2Vehicles-Side,MICHEL  AVENUE LOUISE,M,47.23693591007647,6.235516117442887
201800021009,NonLethal,2018-06-21,16:05:00,Daylight,250,56,Yes,NoIntersection,Normal,Other,VESOUL RUE DE (inf 52),M,47.25220365395948,6.253643040232258
201800021010,NonLethal,2018-06-22,11:30:00,Daylight,250,56,Yes,Other,Normal,Other,CHAR  RUE RENE,M,47.21732065201935,5.2176324999778565
201800021011,NonLethal,2018-06-26,10:13:00,Daylight,250,56,Yes,NoIntersection,Normal,2Vehicles-Side,DOLE RUE DE (inf 82),M,47.231542870942704,5.231376190879217
201800021012,NonLethal,2018-06-29,19:45:00,Daylight,250,56,Yes,Y-type,Normal,Other,BRABANT RUE DE,M,47.22295539669933,5.221818058956594
201800021013,NonLethal,2018-06-30,08:45:00,Daylight,250,56,Yes,NoIntersection,Normal,Other,BELFORT RUE DE (inf144),M,47.25879426261196,6.257973611192115
201800021014,NonLethal,2018-07-02,13:50:00,Daylight,250,56,Yes,NoIntersection,Normal,2Vehicles-Side,HUIT MAI 1945 AVENUE DU,M,47.23416868252367,6.233275146462107
201800021016,NonLethal,2018-10-07,09:55:00,Daylight,250,56,Yes,NoIntersection,Normal,2Vehicles-Side,FLEMING BOULEVARD,M,47.22546738927075,5.227804272869244
201800021017,NonLethal,2018-07-10,16:30:00,Daylight,250,56,Yes,Roundabout,Normal,2Vehicles-Behind,SOIXANTIEME R.I. AVENUE,M,47.24312853663753,6.242198223390066
201800021018,NonLethal,2018-07-13,22:05:00,NightStreelightsOn,250,56,Yes,NoIntersection,Normal,2Vehicles-BehindVehicles-Frontal,JARDINS RUE DES,M,47.25031324901553,6.251465939838915
201800021019,NonLethal,2018-07-17,16:00:00,Daylight,250,56,Yes,NoIntersection,Normal,Other,DOLE RUE DE (sup 200),M,47.22661631492138,5.224624851716686
201800021020,NonLethal,2018-07-18,10:50:00,Daylight,250,56,Yes,NoIntersection,Normal,Other,ALLENDE  BOULEVARD SALVA,M,47.22012834271408,5.218167674553334
201800021021,NonLethal,2018-07-18,17:10:00,Daylight,250,56,Yes,NoIntersection,Normal,2Vehicles-Side,KENNEDY  BOULEVARD J.F.,M,47.24149755329292,5.241364151234946
201800021022,NonLethal,2018-07-19,14:20:00,Daylight,250,56,Yes,NoIntersection,Normal,2Vehicles-Behind,GRAY ROUTE DE,M,47.24522355487293,5.243521055408901
201800021023,NonLethal,2018-07-26,22:20:00,NightStreelightsOff,250,56,Yes,NoIntersection,Normal,2Vehicles-Behind,BLUM BOULEVARD LEON (ent,M,47.26139757269317,6.261729245198105
201800021026,NonLethal,2018-07-30,21:55:00,TwilightOrDawn,250,56,No,NoIntersection,Normal,2Vehicles-Side,MARCHAUX ROUTE DE,M,47.283383365818494,6.285532602595312
201800021027,NonLethal,2018-08-04,20:38:00,Daylight,250,56,Yes,NoIntersection,Normal,2Vehicles-Side,CARNOT AVENUE,M,47.24579749443763,6.244192585409844
201800021028,NonLethal,2018-08-16,03:45:00,NightStreelightsOn,250,56,Yes,NoIntersection,Normal,Other,OUEST BOULEVARD,M,47.21908638991814,5.216672993743512
201800021030,NonLethal,2018-08-17,03:55:00,NightNoStreetLight,250,56,Yes,NoIntersection,Normal,NoCollision,OUEST BOULEVARD,M,47.25561039311237,5.255767293000721
201800021031,NonLethal,2018-08-25,16:41:00,Daylight,250,56,Yes,Roundabout,LightRain,2Vehicles-Side,CLERC RUE FRANCIS (inf 2,M,47.25583080569598,6.255061117142089
201800021032,NonLethal,2018-08-25,17:27:00,Daylight,250,56,Yes,NoIntersection,LightRain,2Vehicles-Side,BELFORT RUE DE BELFORT (,M,47.26015350842703,6.26029341228999
201800021033,NonLethal,2018-08-28,07:15:00,Daylight,250,56,Yes,T-type,Normal,Other,FEBVRE RUE LUCIEN,M,47.24764037343864,6.246639513815707
201800021034,NonLethal,2018-08-30,17:55:00,Daylight,250,56,Yes,Other,Normal,3+Vehicles-Chain,RN 1057 (BD CHURCHIL-ROU,M,47.2362921427538,5.238109564505055
201800021035,NonLethal,2018-08-31,14:50:00,Daylight,250,56,No,NoIntersection,Normal,Other,RN 1057 (CH. EPITAPHE-CH,M,47.25185292133988,5.252929298755049
201800021036,NonLethal,2018-09-02,22:45:00,NightStreelightsOn,250,56,Yes,T-type,Normal,2Vehicles-Side,MAROT RUE CLEMENT,M,47.219307633128935,5.218662704114268
201800021037,NonLethal,2018-09-05,12:10:00,Daylight,250,56,Yes,NoIntersection,Normal,2Vehicles-Side,WYRSCH RUE JEAN,M,47.25796482433462,6.257586372972378
201800021038,NonLethal,2018-09-07,07:24:00,Daylight,250,56,Yes,NoIntersection,Overcast,Other,DOLE RUE DE (inf 82),M,47.23097801695391,6.232795701733573
201800021039,NonLethal,2018-09-19,19:25:00,Daylight,250,56,Yes,T-type,Normal,2Vehicles-Side,LAGRANGE  AVENUE LEO,M,47.24335163072996,6.244144781369796
201800021041,NonLethal,2018-09-25,18:30:00,Daylight,250,56,Yes,T-type,Normal,3+Vehicles-Multiple,GAULARD AVENUE (sup 14),M,47.23511613963771,6.233603924448654
201800021042,NonLethal,2018-04-10,18:00:00,Daylight,250,56,Yes,Other,Normal,2Vehicles-Side,PAIX  AVENUE DE LA,M,47.247239040042494,6.246663343623509
201800021043,NonLethal,2018-10-10,12:04:00,Daylight,250,56,No,Other,Normal,Other,KENNEDY  BOULEVARD J.F.,M,47.2320994026235,5.230245029036742
201800021044,NonLethal,2018-08-10,17:44:00,Daylight,250,56,Yes,X-type,Normal,3+Vehicles-Multiple,GRAY ROUTE DE,M,47.245324033630176,5.243999889452021
201800021048,NonLethal,2018-10-18,14:15:00,Daylight,250,56,Yes,X-type,Normal,2Vehicles-Side,GARE D'EAU AV.  DE LA (i,M,47.232855768504926,6.232212166917123
201800021049,NonLethal,2018-10-29,22:33:00,NightStreelightsOn,250,56,Yes,NoIntersection,LightRain,2Vehicles-Behind,BRULARD  RUE GENERAL,M,47.22656780983812,6.228302370167223
201800021050,NonLethal,2018-10-30,18:45:00,TwilightOrDawn,250,56,No,NoIntersection,Normal,2Vehicles-Behind,RN 1057 (ROUTE DE GRAY-C,M,47.26481071317726,6.265836608693994
201800021051,NonLethal,2018-10-31,18:25:00,NightNoStreetLight,250,56,Yes,NoIntersection,Normal,3+Vehicles-Chain,RN 1057 (CH. EPITAPHE-CH,M,47.262767398498525,6.263009888474802
201800021052,NonLethal,2018-11-08,14:15:00,Daylight,250,56,Yes,Other,Normal,2Vehicles-Side,PAIX  AVENUE DE LA,M,47.2455540106568,6.24588452158027
201800021054,NonLethal,2018-11-17,09:10:00,Daylight,250,56,No,NoIntersection,Normal,3+Vehicles-Chain,RN 1057 (CH. EPITAPHE-CH,M,47.26994148515285,5.269390939263913
201800021055,NonLethal,2018-11-23,12:25:00,Daylight,250,56,Yes,NoIntersection,Normal,Other,BERT RUE PAUL,M,47.25429557421592,6.252167727027805
201800021057,NonLethal,2018-11-30,07:55:00,Daylight,250,56,Yes,NoIntersection,LightRain,2Vehicles-Side,DOLE RUE DE (entre 185 e,M,47.216995115206,5.218432028210395
201800021058,NonLethal,2018-05-12,06:25:00,NightStreelightsOn,250,56,Yes,Roundabout,LightRain,2Vehicles-BehindVehicles-Frontal,VIGNY  RUE ALFRED,M,47.21808659788611,5.216609853577986
201800021059,NonLethal,2018-12-06,11:41:00,Daylight,250,56,No,NoIntersection,LightRain,2Vehicles-Side,DOLE RUE DE (sup 200),M,47.21602736696978,5.216587677169721
201800021060,NonLethal,2018-10-12,17:21:00,NightStreelightsOn,250,56,Yes,T-type,LightRain,2Vehicles-Side,FRANCHE COMTE RUE DE,M,47.222794305112366,5.223329743039067
201800021061,NonLethal,2018-12-18,15:58:00,Daylight,250,56,Yes,Roundabout,Normal,Other,BELFORT RUE DE BELFORT (,M,47.2544803684145,6.257277041668613
201800021062,NonLethal,2018-12-19,12:17:00,Daylight,250,56,No,NoIntersection,Overcast,Other,RN 1057 (CH. EPITAPHE-CH,M,47.2521702229012,5.252418056399179
201800021063,NonLethal,2018-12-21,07:20:00,NightStreelightsOn,250,56,Yes,NoIntersection,HeavyRain,Other,FOUNOTTES CHEMIN DES,M,47.25718069973936,6.258930239008395
201800021064,NonLethal,2018-12-21,21:30:00,NightStreelightsOn,250,56,Yes,NoIntersection,LightRain,2Vehicles-Behind,VESOUL RUE DE (inf 52),M,47.248070355055575,6.245362171582824
201800021065,NonLethal,2018-12-28,19:35:00,NightStreelightsOn,250,56,Yes,NoIntersection,Normal,2Vehicles-Behind,JOUCHOUX RUE AUGUSTE,M,47.24042003946531,5.2433598074956125
201800021066,NonLethal,2018-12-29,01:40:00,NightNoStreetLight,250,56,No,NoIntersection,Normal,Other,RN 57,M,47.2623396346335,6.2612208196767005
201800021067,NonLethal,2018-01-31,13:45:00,Daylight,250,388,Yes,X-type,Overcast,2Vehicles-Side,PRAIRIE (RUE DE LA),M,47.51513116470208,6.517448252695342
201800021068,NonLethal,2018-02-06,00:01:00,NightNoStreetLight,700,285,No,NoIntersection,Normal,2Vehicles-Side,D438 H,M,47.56092410297104,6.561311606288233
201800021069,NonLethal,2018-02-23,14:45:00,Daylight,250,580,Yes,X-type,Overcast,2Vehicles-Side,OEHMICHEN (RUE),M,47.46350180575579,6.460791077926008
201800021070,NonLethal,2018-11-03,16:30:00,Daylight,250,388,Yes,Y-type,Normal,Other,"11, JUIN (RUE DU MARECHA",M,47.523131266319176,6.521494638258995
201800021071,NonLethal,2018-03-15,05:30:00,NightStreelightsOn,250,580,Yes,NoIntersection,Normal,Other,AUDINCOURT-R.N.437 (ROUT,M,47.46265566369626,6.462561181941155
201800021072,NonLethal,2018-10-03,14:20:00,Daylight,700,285,Yes,NoIntersection,Normal,Other,GUSTAVE COURBET(RUE),M,47.58222099199936,6.581422355214607
201800021074,NonLethal,2018-03-22,13:35:00,Daylight,250,388,Yes,Square,SnowOrHail,Other,CHAMP DE FOIRE (RUE DU),M,47.50803479165071,6.506349338807789
201800021076,NonLethal,2018-12-04,19:15:00,Daylight,250,388,Yes,Other,Normal,Other,ROSES (RUE DE),M,47.5104083819377,6.511188358352318
201800021077,NonLethal,2018-04-14,12:15:00,Daylight,250,31,Yes,NoIntersection,Normal,Other,MONTBELIARD (RUE DE),M,47.49349879595859,6.492078806270443
201800021078,NonLethal,2018-04-26,08:40:00,Daylight,250,230,Yes,NoIntersection,Normal,Other,GRANDE RUE,M,47.50362053030036,6.501959350836545
201800021079,NonLethal,2018-04-23,13:56:00,Daylight,250,388,Yes,Other,Normal,Other,ARMEE (RUE DE LA 1IERE),M,47.51735553596586,6.515992974091642
201800021080,NonLethal,2018-05-22,12:05:00,Daylight,250,547,Yes,NoIntersection,Normal,Other,PONTARLIER (RUE DE),M,47.51557057425384,6.514616987274711
201800021082,NonLethal,2018-06-28,21:30:00,Daylight,250,539,Yes,T-type,Normal,2Vehicles-Side,AUDINCOURT (RUE D'),M,47.46943212285845,6.466947586852946
201800021083,Lethal,2018-07-22,16:55:00,Daylight,250,388,Yes,T-type,Normal,2Vehicles-Side,CHENOIS (RUE DU PETIT),M,47.50013959263352,6.501631911134576
201800021084,NonLethal,2018-08-24,21:18:00,NightStreelightsOn,250,388,Yes,X-type,Normal,Other,D 438,M,47.51148294276064,6.5105852214969655
201800021086,NonLethal,2018-10-11,07:40:00,Daylight,700,285,No,NoIntersection,Normal,2Vehicles-BehindVehicles-Frontal,D483,M,47.57958601498319,6.5812195272775496
201800021087,NonLethal,2018-10-15,16:38:00,Daylight,250,388,Yes,Other,Normal,Other,DEBUSSY (RUE CLAUDE),M,47.49996388182807,6.498583883592195
201800021088,NonLethal,2018-12-20,13:25:00,Daylight,250,539,Yes,NoIntersection,LightRain,Other,LECLERC (AVENUE DU GENER,M,47.45844596930091,6.459828467600956
201800021089,NonLethal,2018-01-12,11:10:00,Daylight,250,462,Yes,X-type,Overcast,2Vehicles-Side,"12, DENIS PAPIN",M,46.91373637140384,6.91376999811939
201800021090,NonLethal,2018-01-20,23:50:00,NightStreelightsOn,250,462,Yes,T-type,HeavyRain,2Vehicles-Side,"7O, BESANCON (DU 72TER A",M,46.9137625910772,6.9140292407398505