AccidentId,Gravity,Date,Hour,Light,Department,Commune,InAgglomeration,IntersectionType,Weather,CollisionType,PostalAddress,GPSCode,Latitude,Longitude
201800021092,NonLethal,2018-02-03,12:45:00,Daylight,250,462,Yes,NoIntersection,SnowOrHail,Other,"5, REPUBLIQUE DE LA",M,46.901808330755806,6.90358125228569
201800021093,NonLethal,2018-03-16,23:40:00,NightStreelightsOn,250,462,Yes,NoIntersection,LightRain,Other,"face 22, STAND",M,46.899136776050206,6.899280549918573
201800021094,NonLethal,2018-04-05,20:30:00,NightStreelightsOn,250,462,Yes,T-type,Normal,Other,BESANCON (DU 72TER A LA,M,46.91633729374486,6.918372086534984
201800021095,NonLethal,2018-04-06,19:55:00,TwilightOrDawn,250,462,Yes,Roundabout,Normal,2Vehicles-Side,LAVAUX DES (DU 0 AU 25),M,46.90447044875732,6.906440194194223
201800021096,NonLethal,2018-08-04,12:15:00,Daylight,250,462,Yes,X-type,Normal,Other,GARE (DE LA),M,46.90188658375506,6.901105951682503
201800021098,NonLethal,2018-04-21,15:35:00,Daylight,250,462,Yes,T-type,Normal,2Vehicles-Side,SALINS DE (DU 16 AU 63),M,46.90559836732725,6.907753616395557
201800021099,NonLethal,2018-03-05,20:50:00,NightStreelightsOn,250,462,Yes,NoIntersection,Normal,2Vehicles-Side,REPUBLIQUE DE LA,M,46.90360913229876,6.903811998351243
201800021100,NonLethal,2018-05-29,18:05:00,Daylight,250,462,Yes,X-type,Normal,Other,ROCADE G.POMPIDOU (DU 7,M,46.9011300642434,6.902907812499581
201800021101,NonLethal,2018-05-30,14:25:00,Daylight,250,204,No,Roundabout,Normal,2Vehicles-Behind,R-N 57.,M,46.921746151384696,6.923030771407529
201800021102,Lethal,2018-06-02,16:35:00,Daylight,250,462,Yes,NoIntersection,Normal,Other,BESANCON (DU 72TER A LA,M,46.913705645990575,6.912287974196464
201800021103,NonLethal,2018-06-25,14:15:00,Daylight,250,204,No,NoIntersection,Normal,Other,Route Dpartementale 437,M,46.9363317965806,6.938531461114571
201800021104,NonLethal,2018-06-29,11:30:00,Daylight,250,462,Yes,X-type,VeryGood,2Vehicles-Side,DROZ EUGENE,M,46.9090814956496,6.908593499042354
201800021105,NonLethal,2018-01-07,00:40:00,NightStreelightsOn,250,462,Yes,T-type,Normal,2Vehicles-Side,BESANCON (DU 72TER A LA,M,46.91611518595093,6.916448956607993
201800021106,NonLethal,2018-01-07,11:22:00,Daylight,250,204,No,Roundabout,Normal,2Vehicles-Side,R-N 57.,M,46.92363570627422,6.924645873665849
201800021107,NonLethal,2018-12-07,18:45:00,Daylight,250,462,Yes,Roundabout,Normal,2Vehicles-Side,LAVAUX DES (DU 0 AU 25),M,46.90585189247759,6.905130313085145
201800021108,NonLethal,2018-07-16,18:45:00,Daylight,250,462,Yes,Roundabout,Normal,2Vehicles-Behind,SALINS DE (DU 64 A LA FI,M,46.90863392474577,6.909289655169376
201800021109,NonLethal,2018-07-20,15:10:00,Daylight,250,462,No,Roundabout,HeavyRain,2Vehicles-Side,ROCADE G.POMPIDOU ( DE O,M,46.90001968257426,6.899500622251009
201800021111,NonLethal,2018-08-19,18:45:00,Daylight,250,462,Yes,NoIntersection,Normal,2Vehicles-Behind,ARMEE DE L'EST (AVENUE D,M,46.89088028294012,6.892236927561156
201800021112,NonLethal,2018-09-16,14:35:00,Daylight,250,204,No,NoIntersection,Normal,2Vehicles-BehindVehicles-Frontal,Route Dpartementale 437,M,46.936311750442,6.938111860333754
201800021113,NonLethal,2018-09-30,09:15:00,Daylight,250,462,No,NoIntersection,Normal,NoCollision,ROCADE G.POMPIDOU (DU 25,M,46.90004134341921,6.900896910729659
201800021114,NonLethal,2018-10-03,10:40:00,Daylight,250,204,Yes,Other,Normal,Other,Chausse   (de la),M,46.92519576302864,6.9258768816112095
201800021115,NonLethal,2018-06-10,17:35:00,Daylight,250,462,Yes,Square,Normal,Other,LARMONT (CHEMIN DU),M,46.89536913549948,6.89388396196392
201800021116,NonLethal,2018-10-11,12:17:00,Daylight,250,462,Yes,T-type,Normal,2Vehicles-Side,MOULIN PARNET DU,M,46.90575533108074,6.906370014748643
201800021117,NonLethal,2018-10-12,15:55:00,Daylight,250,462,Yes,Roundabout,VeryGood,2Vehicles-Side,MORTEAU DE (DU 0 AU 30),M,46.90634309820988,6.9082938754761
201800021118,NonLethal,2018-10-14,10:20:00,Daylight,250,204,Yes,Roundabout,Normal,2Vehicles-Side,Besanon  de,M,46.921616528548974,6.92322805074974
201800021119,NonLethal,2018-10-19,14:00:00,Daylight,250,462,No,NoIntersection,Normal,2Vehicles-Behind,SALINS DE (DU 64 A LA FI,M,46.91112443785802,6.9113466264827474
201800021120,NonLethal,2018-10-25,13:27:00,Daylight,250,462,Yes,Other,Normal,2Vehicles-Behind,SALINS DE (DU 16 AU 63),M,46.908093941544486,6.908256013583643
201800021122,NonLethal,2018-12-11,08:40:00,Daylight,250,462,Yes,NoIntersection,Normal,Other,LAITHIER MARIUS,M,46.91290574640245,6.912484841354016
201800021123,NonLethal,2018-11-23,07:00:00,NightStreelightsOn,250,462,Yes,X-type,Normal,2Vehicles-Side,ROCADE G.POMPIDOU (DU 7,M,46.90087296463184,6.898488162812076
201800021124,NonLethal,2018-11-26,18:15:00,NightStreelightsOn,250,462,Yes,NoIntersection,LightRain,Other,BESANCON (RUE DE),M,46.90941826783218,6.911526555511651
201800021125,NonLethal,2018-11-28,18:00:00,NightStreelightsOn,250,462,Yes,X-type,Normal,2Vehicles-Side,PAIX DE LA,M,46.91048380205208,6.9103047329435645
201800021126,NonLethal,2018-11-30,14:55:00,Daylight,250,462,Yes,NoIntersection,LightRain,Other,BESANCON (DU 26 AU 72),M,46.91457172656313,6.911463640878169
201800021127,NonLethal,2018-12-03,17:40:00,NightStreelightsOn,250,462,Yes,NoIntersection,HeavyRain,Other,GRENIER DOCTEUR,M,46.903976747452425,6.902531482383576
201800021128,NonLethal,2018-06-01,23:20:00,NightNoStreetLight,260,10,Yes,NoIntersection,Normal,2Vehicles-Side,RUE EUROPE,M,45.271228085610986,4.273805312579983
201800021129,NonLethal,2018-01-23,13:15:00,Daylight,260,10,No,T-type,Normal,2Vehicles-Side,RD 1,M,,
201800021130,NonLethal,2018-04-06,11:45:00,Daylight,260,2,No,T-type,Normal,2Vehicles-BehindVehicles-Frontal,RD 122,M,45.24616369110901,4.2458374603630125
201800021131,NonLethal,2018-04-08,22:00:00,NightNoStreetLight,260,10,No,X-type,Normal,2Vehicles-Side,RUE GAMBETTA,M,,
201800021132,NonLethal,2018-05-24,20:00:00,Daylight,260,325,Yes,NoIntersection,Normal,NoCollision,CHEMIN ROMANAIS,M,45.29437945447031,4.294480946291371
201800021137,NonLethal,2018-11-30,08:50:00,Daylight,260,332,Yes,NoIntersection,LightRain,Other,Rue de la poste,M,45.1844563233652,4.185570686120599
201800021138,NonLethal,2018-12-18,17:45:00,NightNoStreetLight,260,94,No,NoIntersection,Normal,2Vehicles-BehindVehicles-Frontal,RD 109,M,45.19520820721088,4.194059126028422
201800021140,NonLethal,2018-03-13,13:30:00,Daylight,840,99,No,X-type,Normal,2Vehicles-Side,chemin de la tour de Sab,M,43.86686204439082,5.870140534775088
201800021141,NonLethal,2018-03-28,12:55:00,Daylight,840,99,No,X-type,Normal,2Vehicles-Side,chemin de la tour de sab,M,43.857188181914246,5.85872172697392
201800021142,NonLethal,2018-04-14,22:15:00,NightNoStreetLight,840,99,No,NoIntersection,Normal,2Vehicles-BehindVehicles-Frontal,RD 900,M,43.85302719376021,5.851357690418015
201800021143,NonLethal,2018-09-12,21:05:00,NightNoStreetLight,840,86,No,NoIntersection,LightRain,Other,route de la sénancole,M,43.85927065946529,5.858654276598999
201800021144,Lethal,2018-09-30,00:30:00,NightNoStreetLight,840,25,No,NoIntersection,Normal,2Vehicles-BehindVehicles-Frontal,Ancienne route de Gordes,M,43.87975908064821,5.87818127370112
201800021146,NonLethal,2018-06-07,14:25:00,Daylight,590,162,No,NoIntersection,Normal,3+Vehicles-Multiple,rue paradis Straete,M,50.91594645952054,2.9149771554876738
201800021147,NonLethal,2018-07-20,17:15:00,Daylight,590,478,No,NoIntersection,LightRain,NoCollision,CD 916,M,50.94393209964313,2.9425897536244663
201800021149,NonLethal,2018-09-28,12:10:00,Daylight,590,67,Yes,NoIntersection,LightRain,2Vehicles-Behind,rue Lamartine,M,50.96702885734352,2.968079141807137
201800021150,NonLethal,2018-10-12,16:00:00,Daylight,590,478,Yes,Other,Normal,Other,D 916,M,50.95821733110063,2.958251781188315
201800021151,NonLethal,2018-10-20,20:40:00,NightStreelightsOn,590,478,Yes,T-type,Normal,2Vehicles-Side,RD 916 - Faubourg de Cas,M,50.96393042223175,2.96168949019775
201800021152,NonLethal,2018-12-16,20:30:00,NightNoStreetLight,590,83,No,NoIntersection,Normal,Other,CD 928 route de Saint Om,M,50.922531545899496,2.92453978478543
201800021153,NonLethal,2018-01-21,15:30:00,Daylight,790,163,Yes,NoIntersection,LightRain,Other,6 RUE DU MOULIN A VENT,M,46.15567123992904,7.155263777429975
201800021154,NonLethal,2018-02-17,15:30:00,Daylight,790,136,No,NoIntersection,Normal,Other,,M,46.14445616347252,-0.1432852369132691
201800021157,NonLethal,2018-05-16,18:20:00,Daylight,790,140,No,T-type,Normal,2Vehicles-Side,,M,46.06820211961561,1.0676181139321566
201800021158,Lethal,2018-06-05,13:15:00,Daylight,790,307,No,Other,Normal,2Vehicles-BehindVehicles-Frontal,D948,M,46.13461144792954,1.136738365603058
201800021159,Lethal,2018-06-24,15:30:00,Daylight,790,140,No,X-type,Normal,2Vehicles-Side,,M,46.11738775106515,3.117748680112616
201800021160,Lethal,2018-08-31,12:50:00,Daylight,790,150,No,NoIntersection,Normal,Other,,M,46.13542898285698,1.1346924254795718
201800021161,NonLethal,2018-11-09,19:40:00,Daylight,790,136,Yes,NoIntersection,Normal,Other,"LD ""LA BOURIE""",M,46.16323615061015,-0.1644195723431373
201800021162,NonLethal,2018-09-12,01:30:00,NightNoStreetLight,790,83,No,NoIntersection,Normal,Other,,M,46.13510717490758,-0.1359035132289791
201800021163,NonLethal,2018-12-16,15:30:00,Daylight,790,83,Yes,Roundabout,Normal,Other,2 BIS RUE DE LA LAITERIE,M,46.105240242396064,-0.1052988426527978
201800021165,NonLethal,2018-03-03,05:30:00,NightNoStreetLight,620,16,No,NoIntersection,Other,NoCollision,RD 917,M,50.4310495668122,1.4281907360257624
201800021166,Lethal,2018-05-03,05:45:00,NightNoStreetLight,620,752,Yes,NoIntersection,Other,Other,63 route de Merlimont,M,50.462087935649,1.4642873728326786
201800021167,NonLethal,2018-04-14,15:25:00,Daylight,620,752,No,NoIntersection,Normal,2Vehicles-Behind,RD139,M,50.480971046294286,1.4785450286097717
201800021168,NonLethal,2018-04-15,16:45:00,Daylight,620,390,Yes,X-type,VeryGood,2Vehicles-Side,Carrefour chemin de la f,M,50.3914941128474,1.39197596202914
201800021169,NonLethal,2018-05-28,21:00:00,Daylight,620,15,No,X-type,Normal,2Vehicles-Side,CD 317,M,50.422834810112604,1.4239071227961682
201800021170,NonLethal,2018-06-26,19:05:00,Daylight,620,16,No,X-type,Normal,2Vehicles-Side,CD 317 - CD 143 E3,M,50.42689247015267,1.4283572119617032
201800021171,NonLethal,2018-07-08,14:43:00,Daylight,620,16,No,NoIntersection,Normal,Other,D 3917,M,50.42344873210822,1.4236394146762097
201800021172,NonLethal,2018-07-27,06:00:00,TwilightOrDawn,620,571,Yes,NoIntersection,Normal,Other,Face au 66 rue Joseph Da,M,50.46039779852951,1.4598991906297774
201800021173,NonLethal,2018-08-12,00:01:00,NightNoStreetLight,620,752,Yes,NoIntersection,Normal,NoCollision,rue du moulinel,M,50.47252792702264,1.4721356599412112
201800021174,NonLethal,2018-09-22,20:30:00,NightNoStreetLight,620,15,Yes,NoIntersection,LightRain,2Vehicles-BehindVehicles-Frontal,cd 143,M,50.43658464612864,1.43678804582596
201800021176,NonLethal,2018-10-13,18:30:00,Daylight,620,849,Yes,Roundabout,Normal,2Vehicles-Side,D 303 / 143,M,50.41092553407045,1.4073694174157958
201800021177,NonLethal,2018-01-11,11:20:00,Daylight,620,261,Yes,NoIntersection,Normal,Other,avenue d'Etaples ( face,M,50.50985265993685,1.5071204152277276
201800021178,NonLethal,2018-12-03,20:20:00,NightStreelightsOn,620,261,Yes,NoIntersection,LightRain,2Vehicles-Side,route d'etaples,M,50.50710089643266,1.5078186420917978
201800021179,NonLethal,2018-12-11,07:57:00,NightNoStreetLight,620,752,No,NoIntersection,Normal,Other,D143,M,50.47721078178266,1.4768736449212514
201800021180,NonLethal,2018-11-12,16:15:00,Daylight,620,233,Yes,T-type,Normal,2Vehicles-BehindVehicles-Frontal,"34, Rue de Berck",M,50.37333701649769,1.371438774082085
201800021181,NonLethal,2018-12-28,14:45:00,Daylight,620,849,No,X-type,Normal,Other,rue d'Ebruyère,M,50.39651220035926,1.39438929992172
201800021182,NonLethal,2018-07-02,16:35:00,Daylight,590,487,Yes,Other,Normal,NoCollision,rue ponchel boutry,M,50.62572634965471,2.6266179744557983
201800021183,NonLethal,2018-08-03,22:00:00,NightNoStreetLight,590,653,No,NoIntersection,Other,2Vehicles-Side,chemin de la justice,M,50.56513732789419,2.566652120841483
201800021184,NonLethal,2018-06-04,10:10:00,Daylight,590,278,Yes,Other,Normal,Other,rue Emile ZOLA,M,50.61742620087991,2.617316960429328
201800021185,NonLethal,2018-04-13,23:20:00,NightStreelightsOn,590,278,No,Roundabout,Normal,Other,intersection D207-RN41,M,50.61247744838395,2.6106361399561315
201800021186,NonLethal,2018-06-22,08:00:00,Daylight,590,278,No,NoIntersection,Normal,2Vehicles-Side,ROUTE NATIONALE 4l,M,50.61526199573403,2.612933356582392
201800021187,NonLethal,2018-07-11,18:30:00,Daylight,590,487,No,X-type,Normal,2Vehicles-Side,103 rue du bas,M,50.63331428675232,2.630792477963812
201800021188,Lethal,2018-10-04,13:53:00,Daylight,590,653,Yes,LevelCrossing,Normal,3+Vehicles-Chain,Rue de Lille,M,50.57230757577956,2.575060634163104
201800021189,NonLethal,2018-10-27,12:50:00,Daylight,590,278,Yes,NoIntersection,HeavyRain,2Vehicles-BehindVehicles-Frontal,57 rue du général de Gau,M,50.60810986523503,2.607701378746406
201800021190,NonLethal,2018-12-03,17:30:00,NightStreelightsOn,590,653,Yes,NoIntersection,HeavyRain,2Vehicles-BehindVehicles-Frontal,RUE ROGER SALENGRO,M,50.57029460867877,2.5705460326704936
201800021191,NonLethal,2018-04-12,17:40:00,NightNoStreetLight,590,553,No,NoIntersection,Normal,Other,CD 341,M,50.59921561017213,2.6009726529842685
201800021192,NonLethal,2018-01-12,13:30:00,Daylight,10,33,Yes,X-type,Normal,Other,rue racine,M,46.11458290673242,5.111543892952146
201800021193,NonLethal,2018-06-15,18:45:00,TwilightOrDawn,10,33,Yes,NoIntersection,Normal,NoCollision,Rue Pingon,M,46.10804612330883,5.107223461678243
201800021195,NonLethal,2018-06-21,22:15:00,NightStreelightsOn,10,33,Yes,Square,Normal,Other,17 rue Lamartine,M,46.10898409264704,5.106958409888426
201800021196,NonLethal,2018-09-20,16:30:00,Daylight,10,33,Yes,Other,Normal,Other,rue Paul Painlevé,M,46.10938971554405,5.11036052034414
201800021197,NonLethal,2018-10-17,12:00:00,Daylight,10,33,Yes,NoIntersection,Normal,Other,avenue de saint-exupery,M,46.11385216186635,5.114668027524927
201800021198,NonLethal,2018-10-29,15:25:00,Daylight,10,91,No,NoIntersection,LightRain,2Vehicles-BehindVehicles-Frontal,RD 1084,M,46.11705379300954,5.118834926674105
201800021199,NonLethal,2018-08-11,08:15:00,TwilightOrDawn,10,33,No,NoIntersection,LightRain,2Vehicles-BehindVehicles-Frontal,RD 1206,M,46.09867298582213,5.0995412509734
201800021201,NonLethal,2018-06-09,05:15:00,NightNoStreetLight,10,91,No,NoIntersection,HeavyRain,2Vehicles-Side,d1084,M,46.15093414651184,5.149161329175546
201800021202,NonLethal,2018-06-01,17:30:00,Daylight,830,49,Yes,NoIntersection,Normal,2Vehicles-BehindVehicles-Frontal,CHEMIN RURAL DES VEYS,M,43.24780152898877,6.247578369508085
201800021205,NonLethal,2018-03-15,17:30:00,Daylight,830,91,No,NoIntersection,Normal,NoCollision,piste forestière du cham,M,43.21152827118961,6.212257724825191
201800021206,NonLethal,2018-03-23,16:00:00,Daylight,830,49,No,NoIntersection,Normal,2Vehicles-BehindVehicles-Frontal,route de pierrefeu,M,43.23343237482394,6.231621694333933
201800021207,NonLethal,2018-07-04,10:15:00,Daylight,830,33,No,NoIntersection,Normal,2Vehicles-BehindVehicles-Frontal,RD 97 - PR 34+300,M,43.299389868563765,6.299776271548611
201800021208,NonLethal,2018-05-19,09:32:00,Daylight,830,49,No,NoIntersection,Normal,Other,CD97,M,43.24216521518497,6.241804224654914
201800021209,NonLethal,2018-06-13,10:50:00,Daylight,830,49,Yes,NoIntersection,Normal,Other,4 rue panisson,M,43.2357382126988,6.238359009132716
201800021211,NonLethal,2018-06-21,18:50:00,Daylight,830,91,Yes,NoIntersection,Normal,Other,Avenue Frédéric Mistral,M,43.21936827584579,6.21924244574113
201800021213,NonLethal,2018-07-31,23:20:00,NightNoStreetLight,830,49,No,NoIntersection,Normal,Other,CD 97 plan de Loube,M,43.24972553787655,6.250645469427121
201800021216,NonLethal,2018-03-12,11:45:00,Daylight,830,49,No,NoIntersection,Normal,NoCollision,quartier des défends,M,43.24370401087811,6.245760222597969
201800021217,NonLethal,2018-12-06,08:20:00,Daylight,830,33,No,T-type,Normal,2Vehicles-Side,D97 PK34+200,M,43.30088279495713,6.300779680081726
201800021218,NonLethal,2018-03-25,17:45:00,Daylight,540,198,No,T-type,Normal,NoCollision,D15 PK0,M,49.25379404300389,5.251767737766563
201800021220,NonLethal,2018-06-09,15:05:00,Daylight,540,353,No,NoIntersection,Normal,Other,Route Départementale 952,M,49.09946298618178,5.097836441144149
201800021221,Lethal,2018-10-09,10:55:00,Daylight,540,283,No,NoIntersection,Normal,NoCollision,RD 13,M,49.15836659249284,5.158459545329503
201800021224,NonLethal,2018-01-26,16:10:00,Daylight,260,198,Yes,NoIntersection,LightRain,3+Vehicles-Chain,RTE DU TEIL,M,44.55565244985595,4.556356585020445
201800021225,NonLethal,2018-10-24,09:00:00,Daylight,260,198,Yes,T-type,Normal,Other,KENNEDY Avenue John F,M,44.55185796013588,4.553383315663436
201800021226,NonLethal,2018-02-02,10:25:00,Daylight,260,198,No,NoIntersection,Normal,2Vehicles-BehindVehicles-Frontal,ROUTE DU TEIL,M,44.552982338033374,4.554749022457285
201800021227,NonLethal,2018-02-03,16:25:00,Daylight,260,198,Yes,NoIntersection,Normal,2Vehicles-Side,ROUTE DU TEIL,M,44.55709120537885,4.556254461694654
201800021228,NonLethal,2018-12-02,21:15:00,NightStreelightsOn,260,198,Yes,NoIntersection,Normal,Other,7 BD MEYNOT,M,44.556192504552776,4.556614301399062
201800021229,NonLethal,2018-07-02,09:30:00,Daylight,260,198,Yes,T-type,Normal,2Vehicles-Side,ROUTE DU TEIL,M,44.55630131746215,4.5587072786731575
201800021230,NonLethal,2018-02-19,15:13:00,Daylight,260,198,Yes,NoIntersection,Normal,NoCollision,2 BD EUROPE,M,44.55273357481804,4.5537344205469
201800021231,NonLethal,2018-06-03,06:40:00,NightStreelightsOn,260,198,Yes,NoIntersection,Normal,Other,ROUTE DU TEIL,M,44.55737727883235,4.5579494719518445
201800021232,NonLethal,2018-03-09,20:50:00,NightStreelightsOn,260,198,Yes,NoIntersection,Normal,Other,BOULEVARD DU FUST,M,44.55622178792542,4.555469536365041
201800021234,Lethal,2018-03-29,13:35:00,Daylight,260,198,Yes,X-type,Normal,2Vehicles-Side,RN 7,M,44.55990067850534,4.559996840635185
201800021235,NonLethal,2018-03-30,15:40:00,Daylight,260,198,Yes,NoIntersection,LightRain,Other,83 AVENUE DU TEIL,M,44.55587252337616,4.556815354324703
201800021237,NonLethal,2018-05-16,11:45:00,Daylight,260,198,No,NoIntersection,Normal,NoCollision,ESPRATS (Chemin des),M,44.580209674797246,4.581480923446368
201800021238,NonLethal,2018-10-06,05:30:00,TwilightOrDawn,260,198,Yes,NoIntersection,Normal,Other,RTE DE VALENCE,M,44.58804921781644,4.585530249244314
201800021239,NonLethal,2018-07-18,15:15:00,Daylight,260,198,Yes,T-type,Normal,2Vehicles-Side,ESPOULETTE (Avenue d'),M,44.557030795992,4.554009339333185
201800021241,NonLethal,2018-12-09,05:10:00,NightStreelightsOn,260,198,Yes,T-type,Normal,2Vehicles-Side,AVENUE DE GOURNIER,M,,
201800021242,NonLethal,2018-10-06,04:20:00,NightNoStreetLight,260,198,No,NoIntersection,Normal,NoCollision,BRES (Rue Marceau),M,44.54322128362088,4.545631848290771
201800021243,NonLethal,2018-11-11,11:08:00,Daylight,260,198,Yes,NoIntersection,Normal,2Vehicles-Side,TEIL (Route du),M,44.55472614346159,4.5566224336039625
201800021244,NonLethal,2018-11-19,18:03:00,NightStreelightsOn,260,198,Yes,NoIntersection,LightRain,Other,FOURCHES CHEMIN DES,M,44.54428367211006,4.545635444897948
201800021245,NonLethal,2018-11-01,15:19:00,Daylight,260,281,Yes,X-type,Normal,2Vehicles-Side,RTE DE SAINT BARDOUX,M,45.05663576922123,5.057029035372825
201800021246,NonLethal,2018-12-01,08:15:00,Daylight,260,281,Yes,Roundabout,Normal,2Vehicles-Side,BD JEAN ETIENNE LAPASSAT,M,45.05627725808738,5.057158695096367
201800021248,NonLethal,2018-03-25,13:45:00,Daylight,260,281,Yes,X-type,LightRain,2Vehicles-Side,PLACE JEAN JAURES,M,45.046251524583305,5.044161738191578
201800021249,NonLethal,2018-04-27,08:15:00,Daylight,260,281,Yes,NoIntersection,Normal,Other,AVENUE DU 8 MAI,M,45.04638808306715,5.0470001794258765
201800021250,NonLethal,2018-04-27,12:25:00,Daylight,260,57,No,NoIntersection,Normal,2Vehicles-Side,AVENUE KENNEDY,M,45.03342354863069,5.031989171256858
201800021251,NonLethal,2018-10-05,20:10:00,TwilightOrDawn,260,281,Yes,NoIntersection,Normal,2Vehicles-BehindVehicles-Frontal,BOULEVARD VOLTAIRE,M,45.045179387362815,5.044345380662105
201800021252,NonLethal,2018-01-06,08:30:00,Daylight,260,281,Yes,T-type,Normal,2Vehicles-Side,BERTHELOT (AVENUE),M,45.04364699216518,5.044485881087148
201800021253,NonLethal,2018-06-25,20:20:00,TwilightOrDawn,260,281,Yes,Roundabout,Normal,2Vehicles-Side,ROND POINT DEVAL,M,45.04572530114017,5.046029716515686
201800021254,NonLethal,2018-06-26,17:45:00,Daylight,260,281,Yes,NoIntersection,Normal,2Vehicles-BehindVehicles-Frontal,RTE DE SAINT BARDOUX,M,45.05406447329032,5.054403062570266
201800021255,NonLethal,2018-06-29,18:25:00,Daylight,260,281,No,X-type,VeryGood,2Vehicles-Side,RTE DE SAINT BARDOUX,M,,
201800021256,NonLethal,2018-07-03,10:00:00,Daylight,260,281,Yes,Other,VeryGood,Other,GAMBETTA (AVENUE),M,45.0459172996176,5.046708154009648
201800021257,NonLethal,2018-07-05,11:23:00,Daylight,260,57,Yes,T-type,Normal,2Vehicles-Behind,RUE ANTONIN VALLON,M,45.04090023551599,5.039508042535562
201800021260,NonLethal,2018-07-11,19:05:00,Daylight,260,281,No,T-type,Normal,2Vehicles-Side,RD 532,M,45.05337258393216,4.053495067468948
201800021261,NonLethal,2018-07-16,14:55:00,Daylight,260,281,Yes,NoIntersection,Normal,2Vehicles-Behind,JAURES JEAN (PLACE),M,45.045865587343066,5.045539148431798
201800021263,NonLethal,2018-07-18,12:55:00,Daylight,260,281,Yes,NoIntersection,Normal,2Vehicles-Side,AVENUE EMILE ZOLA,M,45.051179364674574,5.050221471600857
201800021264,NonLethal,2018-07-20,22:30:00,TwilightOrDawn,260,281,Yes,NoIntersection,Normal,2Vehicles-BehindVehicles-Frontal,BOULEVARD VOLTAIRE,M,45.04395977883022,5.043886389354921
201800021265,NonLethal,2018-10-03,14:30:00,Daylight,260,281,Yes,NoIntersection,Normal,Other,PRESLE PLACE DE LA,M,45.04270345385366,5.04316305572757
201800021266,NonLethal,2018-10-31,17:55:00,NightStreelightsOn,260,281,Yes,Other,LightRain,Other,VERCORS (AVENUE DU),M,45.04550384053251,5.043435250976627
201800021267,NonLethal,2018-12-09,18:00:00,NightStreelightsOn,260,281,Yes,NoIntersection,Normal,Other,MASSES (COTE DES),M,45.044140678122446,5.044900785998666
201800021268,NonLethal,2018-12-13,07:35:00,TwilightOrDawn,260,281,Yes,NoIntersection,Normal,2Vehicles-Side,TAIN ROUTE DE,M,45.04317183562969,5.044236667917226
201800021269,NonLethal,2018-01-11,14:40:00,Daylight,260,362,Yes,NoIntersection,Normal,Other,RUE CHEVANDIER,M,44.92777257719929,4.930186879226074
201800021270,NonLethal,2018-01-24,07:50:00,Daylight,260,58,No,NoIntersection,Normal,2Vehicles-Side,ROUTE DE PONT  ISERE,M,,
201800021271,NonLethal,2018-01-30,13:20:00,Daylight,260,362,Yes,X-type,Normal,2Vehicles-Side,AV SALVATOR  ALLENDE,M,,
201800021272,NonLethal,2018-02-02,20:50:00,NightStreelightsOn,260,362,Yes,X-type,Normal,2Vehicles-Side,RUE DE FAVENTINES,M,44.926370821549526,4.927004473687058
201800021273,NonLethal,2018-02-09,19:50:00,NightNoStreetLight,260,362,No,NoIntersection,Normal,2Vehicles-Side,L A C R A RN7,M,,
201800021274,NonLethal,2018-02-09,19:35:00,NightNoStreetLight,260,362,Yes,NoIntersection,Normal,Other,ROUTE DE ROMANS,M,44.952743722139815,4.949677509265323
201800021275,NonLethal,2018-02-25,14:50:00,Daylight,260,362,Yes,NoIntersection,Normal,NoCollision,25 RUE CHARLES GOUNOD,M,44.930704423560826,4.929032972860196
201800021276,NonLethal,2018-12-24,10:30:00,Daylight,260,362,Yes,T-type,Normal,2Vehicles-Side,CHURCHILL BOULEVARD WINS,M,44.93288222289964,4.933216187104016
201800021279,NonLethal,2018-03-30,01:00:00,NightStreelightsOn,260,362,Yes,T-type,Normal,Other,RUE FAVENTINES,M,44.92958821109032,4.928901136888374
201800021280,NonLethal,2018-06-04,08:30:00,Daylight,260,362,No,NoIntersection,Normal,2Vehicles-Side,ROUTE DE CREST,M,44.90718413817893,4.906873762008044
201800021281,NonLethal,2018-08-04,01:25:00,NightNoStreetLight,260,252,No,NoIntersection,Normal,NoCollision,ROUTE DE BEAUVALLON,M,44.88411009496868,4.880298328703466
201800021282,NonLethal,2018-04-13,14:50:00,Daylight,260,362,Yes,NoIntersection,Overcast,Other,AVENUE GAMBETTA,M,44.931449511265946,4.931689229406283
201800021283,NonLethal,2018-04-19,08:50:00,Daylight,260,58,No,T-type,Normal,Other,RTE COMBEAUX  CHANALETS,M,44.97216725907493,4.9730825502974
201800021284,NonLethal,2018-04-18,17:00:00,Daylight,260,362,No,NoIntersection,Normal,2Vehicles-Side,L A C R A R N 7,M,44.94120830953203,4.9403036212960805
201800021285,NonLethal,2018-04-21,16:36:00,Daylight,260,362,No,NoIntersection,Normal,2Vehicles-Side,RN7 DEV PLV,M,44.89726394445824,4.895675474162749
201800021286,NonLethal,2018-04-18,19:00:00,Daylight,260,362,Yes,NoIntersection,Normal,Other,RUE DE GRANDS HORIZONS,M,44.90792148026483,4.907483078449031
201800021288,NonLethal,2018-04-26,09:15:00,Daylight,260,362,Yes,NoIntersection,Normal,Other,BOULEVARD  BANCEL,M,44.92981974088077,4.929862575445422