AccidentId,Gravity,Date,Hour,Light,Department,Commune,InAgglomeration,IntersectionType,Weather,CollisionType,PostalAddress,GPSCode,Latitude,Longitude
201800021289,NonLethal,2018-05-13,22:00:00,NightStreelightsOn,260,58,Yes,NoIntersection,LightRain,2Vehicles-Side,AVENUE DE LYON,M,44.95595552247484,4.955472935458039
201800021290,NonLethal,2018-05-19,15:10:00,Daylight,260,58,Yes,T-type,Normal,2Vehicles-Side,LONG MONTEE DU,M,44.964398859161065,4.965008405642947
201800021291,NonLethal,2018-05-21,13:35:00,Daylight,260,362,Yes,NoIntersection,Normal,2Vehicles-BehindVehicles-Frontal,JUIN BOULEVARD MARECHAL,M,44.91326666504545,4.9132300875527815
201800021293,NonLethal,2018-03-04,06:06:00,NightStreelightsOn,260,362,Yes,NoIntersection,Normal,2Vehicles-BehindVehicles-Frontal,AVENUE GAMBETTA,M,44.9296281554093,4.933815105433044
201800021294,NonLethal,2018-06-19,08:30:00,Daylight,260,362,Yes,T-type,Normal,Other,CANTARELLES ALLEE DES,M,44.00127228191609,4.00036530525451
201800021295,NonLethal,2018-06-22,17:05:00,Daylight,260,362,No,T-type,Normal,2Vehicles-Side,ROMANS ROUTE DE,M,44.95660308908021,4.955976189330323
201800021296,Lethal,2018-07-12,21:05:00,Daylight,260,252,No,T-type,Normal,2Vehicles-Side,RN 7,M,44.87864133156,4.876738869025627
201800021298,NonLethal,2018-07-19,19:45:00,Daylight,260,362,No,T-type,Normal,2Vehicles-Behind,PROVENCE AVENUE DE,M,44.91130554181773,4.913252113621244
201800021300,Lethal,2018-08-17,01:25:00,NightNoStreetLight,260,362,No,NoIntersection,Normal,Other,L A C R A R N 532,M,,
201800021301,NonLethal,2018-01-09,22:45:00,NightStreelightsOn,260,362,Yes,X-type,Normal,2Vehicles-Side,AVENUE DE CHABEUIL,M,44.9297924491522,4.9298951286103145
201800021302,NonLethal,2018-08-23,15:10:00,Daylight,260,362,No,Roundabout,Normal,2Vehicles-Side,ROUTE DE MONTELEGER,M,44.89569093849606,4.8962425817067565
201800021304,NonLethal,2018-09-24,08:00:00,Daylight,260,362,Yes,NoIntersection,Normal,2Vehicles-BehindVehicles-Frontal,RUE CLAUDE BERNARD,M,44.94408235219321,4.945522184266103
201800021305,NonLethal,2018-10-17,16:20:00,Daylight,260,362,Yes,NoIntersection,Normal,2Vehicles-BehindVehicles-Frontal,TOSCANINI RUE ARTURO,M,44.93533560895269,4.934983296630552
201800021307,Lethal,2018-10-25,07:00:00,NightNoStreetLight,260,58,No,NoIntersection,Normal,Other,RD2OO7N,M,44.95737492787309,4.960688875203234
201800021308,NonLethal,2018-08-11,20:30:00,NightStreelightsOn,260,362,Yes,NoIntersection,LightRain,Other,CIRE BOULEVARD DU,M,44.93741103032657,4.9364984565702725
201800021309,Lethal,2018-11-19,07:25:00,TwilightOrDawn,260,252,No,NoIntersection,Normal,Other,RN7 DEV PLV,M,44.85054566102104,4.850113673257147
201800021310,NonLethal,2018-04-12,19:40:00,NightStreelightsOn,260,252,Yes,X-type,Normal,2Vehicles-Side,DE GAULLE AVENUE CHARLES,M,44.8648829712108,4.867935775647187
201800021311,NonLethal,2018-12-01,16:30:00,Daylight,260,362,No,NoIntersection,Normal,2Vehicles-Behind,L.A.C.R.A  RN 7 (1O1),M,44.949968563405456,4.949963483464587
201800021313,NonLethal,2018-04-23,08:30:00,Daylight,840,56,Yes,X-type,Normal,Other,42 avenue de la Libérati,M,44.11640870883984,4.114114040577413
201800021314,NonLethal,2018-06-02,21:30:00,NightNoStreetLight,840,39,No,X-type,Normal,2Vehicles-Side,chemin des mulets,M,44.08399382490231,4.083404163113292
201800021315,NonLethal,2018-08-17,10:25:00,Daylight,840,39,No,NoIntersection,Normal,NoCollision,738 chemin de saint laur,M,44.08148571488736,4.081326445482781
201800021316,NonLethal,2018-10-20,08:30:00,Daylight,840,37,No,NoIntersection,Normal,NoCollision,D?partementale 68,M,44.07627032013568,4.078207943966113
201800021317,NonLethal,2018-01-05,15:15:00,Daylight,60,33,No,X-type,VeryGood,2Vehicles-Side,l045 route Lieu-dit LA G,M,43.779203039442834,7.777813314428893
201800021318,NonLethal,2018-02-07,14:15:00,Daylight,60,33,Yes,NoIntersection,Normal,Other,rue des bosquets,M,43.775655920678055,7.776414129952315
201800021319,NonLethal,2018-04-15,13:30:00,Daylight,60,33,No,NoIntersection,Overcast,2Vehicles-Side,M1,M,43.78360678450394,7.783939509856335
201800021320,NonLethal,2018-05-31,07:55:00,Daylight,60,46,No,T-type,Normal,2Vehicles-Side,"route de la manda, RM414",M,43.76178365030356,7.761900304535602
201800021321,NonLethal,2018-06-05,12:20:00,Daylight,60,6,No,NoIntersection,Normal,Other,route métropolitaine N°,M,43.79182352531275,7.788368256492323
201800021323,NonLethal,2018-06-25,07:15:00,Daylight,60,33,No,T-type,VeryGood,2Vehicles-BehindVehicles-Frontal,"2 Avenue, Route de la ZA",M,43.773227348960425,7.77254526791636
201800021324,NonLethal,2018-07-05,18:00:00,Daylight,60,33,No,NoIntersection,Normal,2Vehicles-BehindVehicles-Frontal,Route départementale 1,M,43.79958055563012,7.799856679477752
201800021325,NonLethal,2018-07-11,14:40:00,Daylight,60,34,Yes,NoIntersection,Normal,2Vehicles-BehindVehicles-Frontal,Route de Castagniers - Q,M,43.790470159535154,7.791901236135993
201800021326,Lethal,2018-07-21,04:15:00,NightStreelightsOn,60,6,No,NoIntersection,Normal,Other,4611 route de Nice,M,43.75302903265596,7.752014850448724
201800021327,NonLethal,2018-07-28,19:00:00,Daylight,60,22,No,NoIntersection,Normal,NoCollision,ROUTE DE NICE,M,43.81500582569054,7.81742672848299
201800021329,NonLethal,2018-08-09,12:00:00,Daylight,60,46,No,Other,Normal,2Vehicles-Side,"Lieu dit Le Golfan, RD 4",M,43.75860928887737,7.75840876731528
201800021330,NonLethal,2018-08-09,18:30:00,Daylight,60,46,Yes,NoIntersection,Normal,Other,94 route de rice,M,43.75679601726817,7.753824224926513
201800021331,NonLethal,2018-09-29,10:20:00,Daylight,60,66,Yes,T-type,Normal,2Vehicles-Side,RM 17,M,43.84322254407508,7.842243958399329
201800021332,NonLethal,2018-05-10,13:10:00,Daylight,60,64,Yes,NoIntersection,Normal,2Vehicles-BehindVehicles-Frontal,1100 ROUTE DE SAINT LAUR,M,43.750875694589325,7.754053554843592
201800021333,NonLethal,2018-11-16,18:35:00,NightStreelightsOn,60,64,No,NoIntersection,Normal,2Vehicles-BehindVehicles-Frontal,955 route de la baronne,M,43.75954685222739,7.758611705272239
201800021334,NonLethal,2018-11-27,06:30:00,TwilightOrDawn,60,126,No,T-type,Normal,2Vehicles-Side,Aire de Lubac/ Route de,M,43.82435713001048,7.8235399950369935
201800021335,NonLethal,2018-12-10,08:05:00,Daylight,60,34,Yes,Other,Normal,NoCollision,4461 chemin du nougairet,M,43.80425397679422,7.806786174812701
201800021337,Lethal,2018-12-02,07:50:00,Daylight,380,30,Yes,NoIntersection,Normal,Other,chemin des Michonnes,M,45.35025931671476,5.350792050695467
201800021338,NonLethal,2018-02-16,08:00:00,Daylight,380,373,Yes,NoIntersection,LightRain,2Vehicles-BehindVehicles-Frontal,Chemin des Croix,M,45.35344872602884,5.3504646647030745
201800021340,NonLethal,2018-03-22,19:00:00,NightNoStreetLight,380,383,No,NoIntersection,Normal,NoCollision,D49 -LIEU DIT GATTELIÈRE,M,45.39152527698312,5.390363554666887
201800021341,NonLethal,2018-04-14,16:00:00,Daylight,380,383,No,NoIntersection,Normal,Other,route de la chartreuse,M,45.37539381776246,5.376580436863666
201800021342,NonLethal,2018-05-20,04:00:00,NightNoStreetLight,380,105,No,NoIntersection,Normal,Other,Dl075 route du Marais,M,45.42537120494306,5.4256450958539455
201800021344,NonLethal,2018-09-06,14:30:00,Daylight,380,30,Yes,NoIntersection,Normal,2Vehicles-Behind,805 RD 1085,M,45.34795385707912,5.346999518158835
201800021345,NonLethal,2018-06-30,10:20:00,Daylight,380,383,No,NoIntersection,Normal,2Vehicles-Behind,Route de Voiron - D520,M,45.36792083563511,5.36995337244839
201800021347,NonLethal,2018-05-10,17:45:00,Daylight,380,239,Yes,NoIntersection,Normal,NoCollision,Avenue louis moyroud,M,45.32587722030549,5.326137806013454
201800021348,NonLethal,2018-10-07,01:50:00,NightNoStreetLight,380,105,No,NoIntersection,Normal,Other,le cras,M,45.44054469794804,5.437967904375825
201800021349,NonLethal,2018-07-11,06:35:00,NightNoStreetLight,380,383,No,NoIntersection,LightRain,NoCollision,Chemin de la Burletière,M,45.38623508607972,5.387548476063559
201800021351,NonLethal,2018-02-04,07:50:00,TwilightOrDawn,620,487,No,NoIntersection,SnowOrHail,Other,D 250,M,50.861006611458656,1.8605612484885068
201800021352,NonLethal,2018-04-18,16:45:00,Daylight,620,455,No,X-type,VeryGood,2Vehicles-BehindVehicles-Frontal,D 215,M,50.76789204327189,1.767654841406445
201800021354,NonLethal,2018-05-26,16:55:00,Daylight,620,307,No,NoIntersection,VeryGood,Other,CD 940,M,50.91968322701042,1.918234738697828
201800021355,NonLethal,2018-05-28,09:40:00,Daylight,620,397,Yes,T-type,Normal,2Vehicles-Side,19 rue du camp du drap d,M,50.864961881538086,1.8638172927532537
201800021356,NonLethal,2018-07-16,14:30:00,Daylight,620,334,Yes,NoIntersection,Normal,2Vehicles-Side,D127,M,50.82511405401066,1.8265596286707773
201800021358,NonLethal,2018-01-11,07:53:00,NightStreelightsOn,580,86,Yes,NoIntersection,Other,2Vehicles-BehindVehicles-Frontal,route de donzy,M,47.40695467191316,2.406882865136519
201800021359,NonLethal,2018-01-22,18:50:00,NightNoStreetLight,580,227,No,NoIntersection,LightRain,NoCollision,D2,M,47.549117011090445,3.548605553011793
201800021360,NonLethal,2018-03-12,15:00:00,Daylight,580,64,No,NoIntersection,HeavyRain,NoCollision,"Bellevue, N151",M,47.28129045471911,3.2813161120658414
201800021361,NonLethal,2018-04-30,11:10:00,Daylight,580,86,Yes,NoIntersection,LightRain,Other,avenue du 85ème de ligne,M,47.38948079076879,2.38951719360284
201800021362,Lethal,2018-06-01,12:50:00,Daylight,580,44,No,NoIntersection,Normal,2Vehicles-Side,D 907,M,47.48355882806888,2.4847186661006413
201800021363,NonLethal,2018-06-16,14:25:00,Daylight,580,261,No,NoIntersection,Normal,NoCollision,rue du croquant,M,47.40880900108184,2.409698457149063
201800021364,NonLethal,2018-09-07,11:50:00,Daylight,580,193,Yes,NoIntersection,Normal,Other,rue du port au bois,M,47.52279313915311,2.520723987472452
201800021365,NonLethal,2018-07-30,18:30:00,Daylight,580,33,No,NoIntersection,Normal,Other,la cannerie,M,47.50486113839847,3.504344050373169
201800021366,NonLethal,2018-08-03,13:45:00,Daylight,580,44,No,NoIntersection,Normal,2Vehicles-Side,CD907,M,47.48068153029531,2.480918045700764
201800021367,NonLethal,2018-08-24,16:20:00,Daylight,580,270,No,NoIntersection,Normal,Other,"RD 955, Lieu-dit ""le Jou",M,47.48540367417304,2.4850369131400187
201800021368,NonLethal,2018-08-24,17:05:00,Daylight,580,193,No,NoIntersection,Normal,2Vehicles-BehindVehicles-Frontal,pont de belleville sur l,M,47.53164528542248,2.533202168132467
201800021369,NonLethal,2018-09-14,13:30:00,Daylight,580,86,Yes,NoIntersection,Normal,2Vehicles-Behind,boulevard pierre de coub,M,47.39555368936127,2.3961073926144567
201800021370,NonLethal,2018-10-19,19:05:00,NightStreelightsOn,580,86,Yes,NoIntersection,Normal,2Vehicles-Side,rue saint lazare,M,47.423354090959286,2.423111558745356
201800021371,NonLethal,2018-11-30,16:30:00,TwilightOrDawn,580,187,No,NoIntersection,Normal,2Vehicles-BehindVehicles-Frontal,d955,M,47.45515265533975,2.453381691524702
201800021372,NonLethal,2018-04-14,12:38:00,Daylight,410,206,No,NoIntersection,Normal,2Vehicles-Behind,PK 146+900,M,47.64330452080805,1.640512889994055
201800021373,Lethal,2018-04-20,09:30:00,Daylight,410,245,No,NoIntersection,Normal,NoCollision,A10 pk 128.470 sens prov,M,47.748827479619486,1.7494155020872622
201800021374,NonLethal,2018-04-30,02:00:00,NightNoStreetLight,410,223,No,NoIntersection,HeavyRain,Other,A10,M,47.61835139292081,1.6182273966595866
201800021375,NonLethal,2018-05-21,03:15:00,NightNoStreetLight,410,114,No,NoIntersection,Normal,Other,"A10, PK 128.000, sens PR",M,47.751532125855874,1.749805514689875
201800021376,Lethal,2018-05-29,10:30:00,Daylight,410,234,No,Other,Normal,NoCollision,Autoroute A10 Aquitaine,M,47.5900680621092,1.589448912501216
201800021377,NonLethal,2018-06-19,15:20:00,Daylight,410,136,No,NoIntersection,Normal,Other,Autoroute A10 - PK 134+9,M,47.72434250470034,1.724674154410116
201800021378,NonLethal,2018-06-24,17:30:00,Daylight,410,252,No,NoIntersection,Normal,Other,A10 PK:136.000 sens Prov,M,47.709799332740175,1.707389270672514
201800021379,NonLethal,2018-07-07,08:50:00,Daylight,410,93,No,NoIntersection,Normal,Other,"PK 166+1OO, sens 1",M,47.60639890179855,1.6073052055798234
201800021380,NonLethal,2018-09-03,12:25:00,Daylight,410,288,No,NoIntersection,Normal,Other,autoroute A10 - pk 144.8,M,47.65299928206477,1.6519204905937686
201800021381,NonLethal,2018-10-01,21:30:00,NightNoStreetLight,410,93,No,NoIntersection,Normal,3+Vehicles-Chain,A10,M,47.6048401654446,1.603713678533819
201800021383,NonLethal,2018-12-27,10:30:00,Daylight,410,101,No,NoIntersection,FogOrSmoke,2Vehicles-Behind,autoroute a.10,M,47.614298029226,1.6132621598242365
201800021384,NonLethal,2018-01-06,05:05:00,NightStreelightsOn,270,229,Yes,T-type,Normal,2Vehicles-BehindVehicles-Frontal,"0, VERNON (RUE DE)",M,49.031588359407415,1.0323495069009765
201800021385,NonLethal,2018-01-08,07:45:00,NightStreelightsOn,270,229,Yes,NoIntersection,Normal,2Vehicles-Behind,"0, CITES UNIES (BOULEVAR",M,49.017235453271546,1.0178642594826968
201800021386,NonLethal,2018-01-29,13:50:00,Daylight,270,229,Yes,NoIntersection,LightRain,2Vehicles-Side,"977, COCHEREL (RUE DE)",M,49.017904984356846,1.017689830970539
201800021387,NonLethal,2018-01-31,18:40:00,NightNoStreetLight,270,229,Yes,NoIntersection,LightRain,Other,"24, PASTEUR (BOULEVARD)",M,49.025515423853896,1.0264821378478084
201800021388,NonLethal,2018-04-02,12:25:00,Daylight,270,229,Yes,NoIntersection,Normal,Other,"16, SAINT ANDRE (ROUTE D",M,49.01203747287661,1.0127308363759564
201800021389,NonLethal,2018-02-05,16:45:00,Daylight,270,229,Yes,T-type,SnowOrHail,2Vehicles-Side,"0, EIFFEL (PONT)",M,49.01883654146044,1.0179655250409725
201800021390,NonLethal,2018-02-13,08:05:00,Daylight,270,229,Yes,T-type,Normal,2Vehicles-Side,"0, JACQUARD (RUE)",M,49.00243133286013,1.0019776898047654
201800021391,NonLethal,2018-09-02,18:35:00,NightStreelightsOn,270,229,Yes,NoIntersection,LightRain,Other,"58, PASTEUR (BOULEVARD)",M,49.02895150579391,1.028703930461058
201800021392,NonLethal,2018-02-15,19:56:00,NightStreelightsOn,270,229,Yes,NoIntersection,Normal,2Vehicles-Side,"12, LAVOISIER (RUE)",M,49.00011439042672,1.000294030200786
201800021393,NonLethal,2018-02-18,06:25:00,NightStreelightsOn,270,229,Yes,NoIntersection,Normal,2Vehicles-Side,"01, CONCHES (ROUTE DE)",M,49.02353015141396,1.0251576001742118
201800021394,NonLethal,2018-02-19,10:25:00,Daylight,270,229,Yes,NoIntersection,LightRain,2Vehicles-Behind,"0, GAMBETTA (BOULEVARD)",M,49.01898558688854,1.0198742303090902
201800021395,NonLethal,2018-02-22,19:00:00,NightStreelightsOn,270,229,Yes,NoIntersection,Normal,Other,"0., FUSILLES (RUE DES)",M,49.01819202849986,1.0179925341585752
201800021396,NonLethal,2018-03-04,12:10:00,Daylight,270,299,No,NoIntersection,HeavyRain,2Vehicles-Behind,RN 154,M,49.05253988989625,1.0516933095078536
201800021397,NonLethal,2018-12-03,18:40:00,TwilightOrDawn,270,229,Yes,NoIntersection,LightRain,2Vehicles-Side,"1, MONOD (RUE JACQUES)",M,49.028509993523286,1.027546500607209
201800021399,NonLethal,2018-03-22,12:00:00,Daylight,270,229,Yes,NoIntersection,Normal,2Vehicles-Behind,"64, CONCHES (ROUTE DE)",M,49.01733218400724,1.0174459458784493
201800021400,NonLethal,2018-03-26,07:40:00,Daylight,270,20,Yes,T-type,Normal,2Vehicles-Side,,M,49.00504728416453,1.0029562891412531
201800021401,NonLethal,2018-03-26,17:15:00,Daylight,270,229,Yes,T-type,Normal,2Vehicles-Side,FOCH (AVENUE DU MARECHAL,M,49.02274419702488,1.0243381411934254
201800021402,NonLethal,2018-07-04,22:00:00,NightStreelightsOn,270,229,Yes,NoIntersection,Overcast,2Vehicles-BehindVehicles-Frontal,GIRAUDOUX (RUE JEAN),M,49.01241943532903,1.0115555911782428
201800021405,NonLethal,2018-04-19,15:30:00,Daylight,270,229,Yes,Other,Normal,2Vehicles-Side,PASTEUR (BOULEVARD),M,49.02713402837539,1.0271872127863777
201800021406,NonLethal,2018-04-19,16:45:00,Daylight,270,229,Yes,Other,Normal,2Vehicles-Side,SAINT ANDRE (ROUTE DE),M,49.00911863531093,1.0096079437186092
201800021407,NonLethal,2018-04-22,12:10:00,Daylight,270,229,Yes,NoIntersection,VeryGood,2Vehicles-Side,MONDUIT (RUE HENRI),M,49.02917282913424,1.028388957169049
201800021408,NonLethal,2018-04-27,15:15:00,Daylight,270,299,Yes,Other,Normal,2Vehicles-Side,BRIAND (AVENUE ARISTIDE),M,49.047517518513466,1.0484370723542602
201800021409,NonLethal,2018-02-05,08:30:00,Daylight,270,229,Yes,NoIntersection,Normal,2Vehicles-Side,COLBERT (RUE),M,49.0104296259032,1.0118810843468842
201800021410,NonLethal,2018-05-02,19:30:00,Daylight,270,229,Yes,NoIntersection,LightRain,Other,FOCH (AVENUE DU MARECHAL,M,49.02261597096109,1.0260915544041775
201800021411,Lethal,2018-03-05,13:15:00,Daylight,270,229,Yes,Roundabout,Normal,2Vehicles-Side,BROSSOLETTE (RUE PIERRE),M,49.02204920055941,1.0219134156663332
201800021412,NonLethal,2018-03-05,17:20:00,Daylight,270,229,Yes,NoIntersection,Normal,Other,POLITZER (RUE GEORGES),M,49.00752588998759,1.0072914889313471
201800021414,NonLethal,2018-05-25,20:10:00,Daylight,270,229,Yes,T-type,Normal,2Vehicles-Side,LEPOUZE (RUE),M,49.02862089339057,1.0288352227320408
201800021415,NonLethal,2018-05-26,15:40:00,Daylight,270,229,Yes,NoIntersection,Normal,3+Vehicles-Chain,QUATORZE JUILLET (BOULEV,M,49.00577416555696,1.005087387976505
201800021416,NonLethal,2018-05-29,12:10:00,Daylight,270,229,Yes,NoIntersection,Normal,3+Vehicles-Chain,VERNON (RUE DE),M,49.03232623954034,1.0320435985779348
201800021417,NonLethal,2018-06-03,18:00:00,Daylight,270,229,Yes,NoIntersection,Normal,Other,PASTEUR (BOULEVARD),M,49.03007343517699,1.0283091167461007
201800021418,NonLethal,2018-07-06,18:10:00,Daylight,270,229,Yes,NoIntersection,Normal,Other,BRIAND (AVENUE ARISTIDE),M,49.02346977625223,1.0205301704875405
201800021420,NonLethal,2018-06-11,09:35:00,Daylight,270,229,Yes,NoIntersection,LightRain,3+Vehicles-Multiple,COCHEREL (RUE DE),M,49.02212382640951,1.0218471967648604
201800021421,NonLethal,2018-12-06,13:40:00,Daylight,270,229,Yes,NoIntersection,LightRain,3+Vehicles-Chain,BRIAND (AVENUE ARISTIDE),M,49.01859497872955,1.018714457891696
201800021422,NonLethal,2018-06-13,15:55:00,Daylight,270,229,Yes,Other,Normal,3+Vehicles-Chain,DUGUESCLIN (RUE),M,49.01717027679061,1.0188934664649565
201800021423,NonLethal,2018-06-15,14:35:00,Daylight,270,229,Yes,NoIntersection,VeryGood,2Vehicles-Behind,CORBEAU (RUE CHARLES),M,49.02374738392156,1.023865042697562
201800021425,NonLethal,2018-06-23,16:30:00,Daylight,270,229,Yes,Other,Normal,2Vehicles-Side,HORLOGE (RUE DE L'),M,49.02711210717795,1.026745940340554
201800021426,NonLethal,2018-07-04,16:50:00,Daylight,270,229,Yes,Other,Normal,2Vehicles-Behind,RESISTANCE (RUE DE LA),M,49.01971997497553,1.0194480561714
201800021427,NonLethal,2018-04-07,19:40:00,Daylight,270,229,Yes,Other,Normal,2Vehicles-Side,SAINT ANDRE (ROUTE DE),M,49.01634160493352,1.0161021335590854
201800021428,NonLethal,2018-07-12,22:30:00,NightStreelightsOn,270,229,Yes,X-type,Normal,2Vehicles-Side,NORMANDIE (BOULEVARD DE),M,49.019917276084975,1.0222082912981412
201800021429,NonLethal,2018-07-18,22:30:00,NightStreelightsOn,270,229,Yes,X-type,Normal,2Vehicles-Side,BUZOT (RUE),M,49.02906053987022,1.0290110360437934
201800021432,NonLethal,2018-08-17,18:10:00,Daylight,270,229,Yes,Roundabout,Normal,2Vehicles-Side,QUATORZE JUILLET (BOULEV,M,49.00244261629496,1.0022558797285788
201800021433,NonLethal,2018-08-23,20:15:00,TwilightOrDawn,270,229,Yes,NoIntersection,Normal,Other,VOLTAIRE (RUE),M,49.00733115369646,1.0091026925435351
201800021434,NonLethal,2018-08-24,14:25:00,Daylight,270,229,Yes,NoIntersection,Normal,2Vehicles-Behind,CITES UNIES (BOULEVARD D,M,49.01558610534907,1.0150685113390097
201800021435,NonLethal,2018-09-03,10:15:00,Daylight,270,229,Yes,NoIntersection,Normal,2Vehicles-Behind,SAINT LEGER (RUE DU FAUB,M,49.034925874430606,1.0352769888977018
201800021436,NonLethal,2018-11-09,15:00:00,Daylight,270,229,Yes,Roundabout,Normal,2Vehicles-Side,SACQUENVILLE (RUE DE),M,49.03470067596592,1.0336550213679396
201800021438,NonLethal,2018-09-24,17:10:00,Daylight,270,229,Yes,NoIntersection,Normal,2Vehicles-Behind,SEMARD (RUE PIERRE),M,49.01695770964535,1.0202012637065558
201800021439,NonLethal,2018-01-10,10:00:00,Daylight,270,229,Yes,Roundabout,Normal,2Vehicles-Side,JOFFRE (AVENUE DU MARECH,M,49.03338684435761,1.034266259256223
201800021441,NonLethal,2018-10-04,15:35:00,Daylight,270,299,Yes,Other,Normal,2Vehicles-Side,BRIAND (AVENUE ARISTIDE),M,49.058732560470766,1.059240363204481
201800021442,NonLethal,2018-10-05,10:15:00,Daylight,270,229,Yes,NoIntersection,Normal,2Vehicles-Behind,CONCHES (ROUTE DE),M,49.01824016453922,1.0175224939971126
201800021445,NonLethal,2018-09-10,20:20:00,NightStreelightsOn,270,299,Yes,NoIntersection,Normal,2Vehicles-Behind,BRIAND (AVENUE ARISTIDE),M,49.037967156834746,1.038188405438682
201800021446,NonLethal,2018-10-16,13:05:00,Daylight,270,229,Yes,NoIntersection,Normal,Other,PASTEUR (BOULEVARD),M,49.02914718791608,1.0283521540901503
201800021447,NonLethal,2018-10-24,15:00:00,Daylight,270,229,Yes,NoIntersection,Overcast,3+Vehicles-Chain,ORLEANS (RUE D'),M,48.99998466376165,0.9991259359814748
201800021448,NonLethal,2018-10-26,13:00:00,Daylight,270,299,Yes,NoIntersection,Normal,3+Vehicles-Chain,BRIAND (AVENUE ARISTIDE),M,49.046907047232985,1.045349563591342
201800021449,NonLethal,2018-10-27,17:50:00,Daylight,270,229,Yes,NoIntersection,Normal,2Vehicles-Side,SAINT ANDRE (ROUTE DE),M,49.00808321429507,1.006075544487862
201800021451,NonLethal,2018-10-31,09:00:00,Daylight,270,229,Yes,NoIntersection,Normal,2Vehicles-Behind,MONOD (RUE JACQUES),M,49.026738961286455,1.0262805610572876
201800021452,NonLethal,2018-11-01,06:05:00,NightStreelightsOn,270,229,Yes,NoIntersection,Normal,Other,ALLENDE (BOULEVARD DU PR,M,49.0038051412611,1.0042250144113614
201800021453,NonLethal,2018-01-11,12:55:00,Daylight,270,229,Yes,X-type,LightRain,2Vehicles-Side,JUSTICE (RUE DE LA),M,49.02157752959722,1.0235210601833142
201800021454,NonLethal,2018-11-05,09:35:00,Daylight,270,229,Yes,NoIntersection,Normal,Other,QUATORZE JUILLET (BOULEV,M,49.00446206345341,1.0034986300606443
201800021455,NonLethal,2018-07-11,16:30:00,Daylight,270,229,Yes,NoIntersection,Normal,3+Vehicles-Chain,NORMANDIE (BOULEVARD DE),M,49.021068416171616,1.0193971596917093
201800021456,NonLethal,2018-08-11,05:10:00,NightNoStreetLight,270,306,No,NoIntersection,Normal,2Vehicles-Behind,NATIONALE 1013 (ROUTE),M,48.99926352024288,1.001914320948711
201800021457,NonLethal,2018-09-11,09:30:00,Daylight,270,229,Yes,NoIntersection,Normal,2Vehicles-Side,CHAUVIN (BOULEVARD GEORG,M,49.02484056627079,1.0252814294886998
201800021459,NonLethal,2018-11-18,11:15:00,Daylight,270,299,Yes,NoIntersection,Normal,2Vehicles-BehindVehicles-Frontal,NETREVILLE (RUE DE),M,49.03780031623801,1.0376213646861077
201800021460,NonLethal,2018-11-17,15:15:00,Daylight,270,229,Yes,NoIntersection,Normal,Other,QUATORZE JUILLET (BOULEV,M,49.00796033834438,1.0094393783322608
201800021461,NonLethal,2018-11-21,18:00:00,NightStreelightsOn,270,229,Yes,T-type,Normal,2Vehicles-Side,SAINT LEGER (RUE DU FAUB,M,49.03839042159535,1.03799483831415
201800021462,NonLethal,2018-12-02,19:10:00,NightStreelightsOn,270,229,Yes,NoIntersection,Normal,Other,GAMBETTA (BOULEVARD),M,49.01911901588088,1.0179335394069997
201800021463,NonLethal,2018-04-12,16:30:00,Daylight,270,299,Yes,NoIntersection,Normal,2Vehicles-Side,BRIAND (AVENUE ARISTIDE),M,49.04179783413223,1.0401487113159364
201800021464,NonLethal,2018-12-06,13:50:00,Daylight,270,306,Yes,NoIntersection,Overcast,2Vehicles-Behind,SAINT ANDRE (ROUTE DE),M,49.00391457141998,1.0055136295974216
201800021465,NonLethal,2018-12-12,07:45:00,NightStreelightsOff,270,306,No,NoIntersection,Normal,2Vehicles-BehindVehicles-Frontal,SAINT ANDRE (ROUTE DE),M,49.006835600462274,1.0075519585109256
201800021466,NonLethal,2018-12-14,17:55:00,NightStreelightsOn,270,229,Yes,NoIntersection,Other,Other,GAMBETTA (BOULEVARD),M,49.01826673550796,1.0195348353175098
201800021467,NonLethal,2018-12-31,18:20:00,NightStreelightsOn,270,229,Yes,Other,Other,2Vehicles-Side,CARNOT (RUE),M,49.02833614782132,1.0298963056999355
201800021469,NonLethal,2018-04-21,18:00:00,Daylight,510,486,No,NoIntersection,Normal,Other,D931,M,49.18684316697016,4.185785005272639
201800021471,Lethal,2018-05-25,20:30:00,Daylight,510,389,No,T-type,Normal,2Vehicles-Side,D19/D35,M,49.13349560542485,4.134724211270924
201800021472,NonLethal,2018-08-13,23:15:00,NightNoStreetLight,510,97,No,NoIntersection,Normal,Other,D66,M,49.060470556539045,4.062787593749897
201800021473,NonLethal,2018-09-09,16:30:00,Daylight,510,78,No,Other,Normal,NoCollision,D21,M,49.08071092061963,4.079418267151564
201800021477,NonLethal,2018-01-05,11:20:00,Daylight,270,701,No,X-type,Normal,2Vehicles-Side,ANDELLE (CHAUSSEE D'),M,49.279619646449056,1.2816410348365568
201800021478,NonLethal,2018-02-01,06:00:00,NightNoStreetLight,270,375,No,NoIntersection,StrongWindOrStorm,Other,VACHERIE (ROUTE DE LA),M,49.20844496814737,1.2076293271750418
201800021479,NonLethal,2018-01-28,01:30:00,NightStreelightsOn,270,528,Yes,NoIntersection,LightRain,Other,"59, DE LA HAYE (AVENUE M",M,49.257010474732446,1.2569676312797633