AccidentId,Gravity,Date,Hour,Light,Department,Commune,InAgglomeration,IntersectionType,Weather,CollisionType,PostalAddress,GPSCode,Latitude,Longitude
201800021480,NonLethal,2018-01-30,18:25:00,NightStreelightsOn,270,701,Yes,X-type,LightRain,2Vehicles-Side,Rue du Triangle,M,49.26617237906176,1.267989450041423
201800021481,NonLethal,2018-02-03,16:55:00,Daylight,270,375,Yes,NoIntersection,Normal,Other,"6, VEDRINE (ALLEE JULES)",M,49.20574276378788,1.2050523283236052
201800021482,NonLethal,2018-02-13,20:10:00,NightStreelightsOn,270,375,Yes,NoIntersection,LightRain,Other,GRIL (RUE DU),M,49.211703349883855,1.2087345820588853
201800021484,NonLethal,2018-02-23,14:05:00,Daylight,270,456,Yes,Roundabout,Normal,2Vehicles-Side,SCHWEITZER (RUE DU DOCTE,M,49.19267580197943,1.1924840102650067
201800021485,NonLethal,2018-03-27,07:35:00,TwilightOrDawn,270,701,No,NoIntersection,HeavyRain,Other,ORMET (VOIE DE L'),M,49.24469759379552,1.2443833900478751
201800021486,NonLethal,2018-03-30,19:50:00,Daylight,270,375,Yes,Other,Normal,2Vehicles-Side,"face 12B, LINANT (RUE)",M,49.20792861322488,1.207703896777104
201800021488,NonLethal,2018-04-05,09:50:00,Daylight,270,375,Yes,NoIntersection,Overcast,2Vehicles-Side,FERRY (BOULEVARD JULES),M,49.21399029603629,1.2129987373571065
201800021489,NonLethal,2018-03-31,17:00:00,Daylight,270,701,Yes,NoIntersection,Normal,Other,DIX MAI l98l (VOIE DU),M,49.26994645784989,1.2703462176332865
201800021490,NonLethal,2018-04-21,04:30:00,NightStreelightsOn,270,375,Yes,NoIntersection,Normal,Other,DUNANT (AVENUE HENRI),M,49.20663988233175,1.205969301161976
201800021491,NonLethal,2018-10-05,23:25:00,NightStreelightsOn,270,375,Yes,X-type,Normal,2Vehicles-Side,SALENGRO (RUE ROGER),M,49.22263433618623,1.2234358870368125
201800021492,NonLethal,2018-12-05,21:45:00,NightStreelightsOn,270,375,Yes,X-type,Normal,2Vehicles-Side,SALENGRO (RUE ROGER),M,49.22184456843629,1.2210643562726982
201800021493,NonLethal,2018-05-27,23:10:00,NightStreelightsOn,270,375,Yes,X-type,Normal,2Vehicles-Side,DUPONT DE L'EURE (UE),M,49.21114136118388,1.2115830603441822
201800021494,NonLethal,2018-05-30,15:20:00,Daylight,270,375,Yes,NoIntersection,Normal,Other,TABARLY (VOIE ERIC),M,49.209964156077085,1.2105837409298126
201800021495,NonLethal,2018-05-06,15:30:00,Daylight,270,375,Yes,Other,Overcast,3+Vehicles-Chain,LAITERIE (RUE DE LA),M,49.21125761931192,1.2121858889473311
201800021497,NonLethal,2018-09-06,05:30:00,TwilightOrDawn,270,701,Yes,NoIntersection,Normal,Other,LOUVIERS (ROUTE DE) RITT,M,49.27187280913772,1.2712639700504973
201800021498,NonLethal,2018-06-11,16:25:00,Daylight,270,375,Yes,Other,LightRain,Other,CHURCHILL (AVENUE WINSTO,M,49.21903936026495,1.2199069320807678
201800021499,NonLethal,2018-12-06,19:35:00,Daylight,270,375,Yes,X-type,Normal,2Vehicles-Side,DE GAULLE (RUE DU GENERA,M,49.21049422289741,1.210039112235035
201800021500,NonLethal,2018-06-23,21:10:00,Daylight,270,701,Yes,NoIntersection,Normal,3+Vehicles-Chain,OMBELLES (CLOS DES),M,49.27260539102316,1.2739635856529286
201800021501,NonLethal,2018-06-24,13:20:00,Daylight,270,351,Yes,NoIntersection,Normal,2Vehicles-BehindVehicles-Frontal,DELAMARE (RUE ABBE),M,49.236177069724974,1.2352914056175404
201800021502,NonLethal,2018-06-26,09:00:00,Daylight,270,701,No,X-type,Normal,2Vehicles-Behind,CHAUSSE DU VEXIN,M,49.25742076945448,1.2560602756116457
201800021505,NonLethal,2018-07-13,20:25:00,Daylight,270,375,Yes,X-type,Normal,2Vehicles-Side,SALENGRO (RUE ROGER),M,49.22281478425236,1.2233512544815153
201800021506,NonLethal,2018-07-29,12:25:00,Daylight,270,375,No,NoIntersection,Normal,Other,RD313,M,49.23198430440699,1.2338099103808151
201800021507,NonLethal,2018-08-01,19:52:00,Daylight,270,375,Yes,X-type,Normal,2Vehicles-Side,BAL CHAMPETRE (RUE DU),M,49.21165403631038,1.2107513392179363
201800021508,NonLethal,2018-02-08,23:00:00,NightStreelightsOn,270,375,Yes,X-type,Normal,2Vehicles-Side,JOFFRE (BOULEVARD DU ML),M,49.21508709962561,1.213788096243849
201800021509,NonLethal,2018-08-03,21:50:00,NightStreelightsOn,270,375,Yes,NoIntersection,Normal,NoCollision,TRINITE (RUE),M,49.21362139666278,1.2139828879428218
201800021511,NonLethal,2018-07-08,11:20:00,Daylight,270,375,Yes,Roundabout,Normal,Other,CHAMP DE VILLE (PLACE DU,M,49.21171495930617,1.2104784443756311
201800021513,NonLethal,2018-09-26,17:55:00,Daylight,270,375,Yes,T-type,Normal,3+Vehicles-Multiple,CHURCHILL (AVENUE WINSTO,M,49.230642522142354,1.229721977652319
201800021514,NonLethal,2018-10-09,07:35:00,TwilightOrDawn,270,375,Yes,NoIntersection,Normal,3+Vehicles-Chain,CHURCHILL (AVENUE WINSTO,M,49.22245562687041,1.2230091707470774
201800021515,NonLethal,2018-10-17,13:00:00,Daylight,270,528,Yes,Roundabout,Normal,2Vehicles-Side,BOUT DES JARDINS (RUE DU,M,49.25942828862446,1.258547618046837
201800021517,NonLethal,2018-09-11,12:25:00,Daylight,270,701,Yes,NoIntersection,Normal,2Vehicles-Behind,RD 6015,M,49.24064468908504,1.2414114177942863
201800021518,Lethal,2018-11-30,19:50:00,NightNoStreetLight,270,701,No,NoIntersection,Overcast,Other,ANDELLE (CHAUSSEE D'),M,49.27262247206935,1.2742143976989015
201800021521,NonLethal,2018-01-31,07:15:00,NightNoStreetLight,380,304,No,Roundabout,FogOrSmoke,NoCollision,N85,M,44.9595095672774,5.959724631969912
201800021522,NonLethal,2018-11-30,13:58:00,Daylight,380,158,Yes,Roundabout,HeavyRain,Other,D5,M,45.14471711689684,5.146814904174125
201800021523,NonLethal,2018-01-20,09:40:00,Daylight,140,132,No,NoIntersection,LightRain,Other,RN 13 PK 115+400,M,49.34135533864339,-0.3398129558193499
201800021524,NonLethal,2018-02-04,20:30:00,NightNoStreetLight,140,214,No,NoIntersection,SnowOrHail,3+Vehicles-Chain,RN 13 - PR 97+800,M,49.2862222694624,-0.2867280156568655
201800021525,NonLethal,2018-01-03,21:20:00,NightNoStreetLight,140,342,No,NoIntersection,Normal,2Vehicles-Behind,,M,49.30912381755125,-0.3087306528439807
201800021526,Lethal,2018-03-11,07:45:00,Daylight,140,681,No,NoIntersection,VeryGood,Other,RN 13 - PR 106+100,M,49.32589725459398,-0.3254480088124599
201800021527,NonLethal,2018-05-08,06:40:00,TwilightOrDawn,140,681,No,NoIntersection,Normal,Other,RN 13 PK 104,M,49.32149927531012,-0.3213611186160137
201800021528,NonLethal,2018-02-13,18:20:00,NightStreelightsOn,60,140,Yes,Roundabout,Normal,Other,ROUTE DE DRAGUIGNAN,M,43.6358155974344,6.636609256478574
201800021529,NonLethal,2018-04-22,05:20:00,NightNoStreetLight,60,118,No,NoIntersection,Normal,Other,D1O1,M,43.65936405316793,6.658497958103987
201800021530,NonLethal,2018-05-17,07:05:00,Daylight,60,140,Yes,NoIntersection,Normal,Other,2572 route de DRAGUIGNAN,M,43.62845479050648,6.626657753679372
201800021531,NonLethal,2018-06-30,15:00:00,Daylight,60,130,No,NoIntersection,Normal,2Vehicles-Side,rd 6085,M,43.70657787215072,6.705774625360429
201800021532,Lethal,2018-07-09,20:55:00,TwilightOrDawn,60,26,No,NoIntersection,Normal,2Vehicles-BehindVehicles-Frontal,477 boulevard des 5 comm,M,43.64767888188272,6.649907787659166
201800021533,NonLethal,2018-08-19,14:55:00,Daylight,60,130,No,NoIntersection,Normal,NoCollision,d6085 - PK 36 + 550,M,43.69561667646047,6.693399275052897
201800021534,NonLethal,2018-08-24,19:00:00,Daylight,60,95,Yes,NoIntersection,Normal,2Vehicles-Behind,86 avenue de boutiny,M,43.64375189215678,6.642871364705941
201800021535,NonLethal,2018-11-09,09:23:00,Daylight,60,95,Yes,T-type,Normal,2Vehicles-Side,D2562,M,43.63990678874344,6.640166901121684
201800021536,NonLethal,2018-09-15,12:22:00,Daylight,60,37,No,NoIntersection,Normal,2Vehicles-BehindVehicles-Frontal,Route départementale n°5,M,43.740486261052446,6.740205327056426
201800021537,NonLethal,2018-11-12,17:25:00,TwilightOrDawn,60,95,Yes,X-type,Normal,2Vehicles-Side,route de draguignan,M,43.641393544778296,6.639317078959691
201800021538,NonLethal,2018-01-20,22:45:00,NightStreelightsOn,270,681,Yes,NoIntersection,Normal,2Vehicles-Side,DEVOS (BOULEVARD JULIEN),M,49.087714849843714,1.0871468996368094
201800021539,NonLethal,2018-10-01,10:30:00,Daylight,270,681,Yes,T-type,Normal,Other,DEVOS (BOULEVARD JULIEN),M,49.08556117969666,1.0885195198309117
201800021540,NonLethal,2018-01-18,19:55:00,NightStreelightsOn,270,681,Yes,NoIntersection,Normal,2Vehicles-BehindVehicles-Frontal,AYLMER (BOULEVARD D'),M,49.07726053200639,1.0781845359616178
201800021541,NonLethal,2018-08-02,10:05:00,Daylight,270,681,Yes,NoIntersection,Normal,Other,"8, THIBOUT (RUE DU CAPIT",M,49.10014788391622,1.1019428545420316
201800021542,NonLethal,2018-02-19,10:15:00,Daylight,270,681,Yes,Y-type,LightRain,Other,"03, GAMILLY (RUE DE)",M,49.08748644367381,1.0882053389737616
201800021546,NonLethal,2018-04-17,13:20:00,Daylight,270,681,Yes,Other,Normal,2Vehicles-Side,IVRY (ROUTE D'),M,49.07934198802072,1.0807727255304815
201800021547,NonLethal,2018-04-21,14:40:00,Daylight,270,681,No,NoIntersection,Normal,NoCollision,DE LATTRE DE TASSIGNY (A,M,49.07693932476591,1.077151542175553
201800021548,NonLethal,2018-05-06,10:50:00,Daylight,270,554,Yes,Roundabout,Normal,NoCollision,ROUEN (AVENUE DE),M,49.11267712872908,1.1119588076289968
201800021549,NonLethal,2018-06-05,11:05:00,Daylight,270,681,No,Y-type,Normal,2Vehicles-Side,DE LATTRE DE TASSIGNY (A,M,49.07739647777952,1.0774457395240922
201800021551,NonLethal,2018-06-07,16:25:00,Daylight,270,681,No,NoIntersection,Normal,Other,DE LATTRE DE TASSIGNY (A,M,49.07725283339623,1.0783362811637207
201800021552,NonLethal,2018-06-16,02:40:00,NightStreelightsOff,270,554,Yes,Other,Normal,Other,HARELLE (RUE DE LA),M,49.10502885972343,1.104592407032279
201800021553,NonLethal,2018-06-22,00:01:00,NightStreelightsOn,270,681,Yes,X-type,Normal,2Vehicles-Side,MONET (RUE CLAUDE),M,49.08528935692279,1.083925333508668
201800021554,NonLethal,2018-04-07,16:55:00,Daylight,270,681,Yes,NoIntersection,Normal,2Vehicles-Behind,DE LATTRE DE TASSIGNY (A,M,49.082828642274336,1.082696384800924
201800021556,NonLethal,2018-07-15,21:00:00,Daylight,270,681,Yes,Square,VeryGood,Other,EVREUX (PLACE D'),M,49.09224048272697,1.0916872608441863
201800021557,NonLethal,2018-07-18,20:05:00,Daylight,270,681,No,NoIntersection,Normal,Other,GISORS (ROUTE DE),M,49.11766062202465,1.1177893014297589
201800021558,NonLethal,2018-07-19,21:35:00,TwilightOrDawn,270,681,Yes,NoIntersection,Normal,Other,CHAMPOURGS (RUE DES),M,49.08990056964728,1.0914999595071382
201800021561,NonLethal,2018-09-09,11:05:00,Daylight,270,681,Yes,Other,Normal,Other,SORET (RUE JULES),M,49.09706749933336,1.098348367959043
201800021562,NonLethal,2018-12-09,12:40:00,Daylight,270,681,Yes,Other,Normal,3+Vehicles-Multiple,IVRY (ROUTE D'),M,49.080384663478696,1.0799376889257972
201800021564,NonLethal,2018-10-05,14:55:00,Daylight,270,562,Yes,T-type,Normal,2Vehicles-Side,PRES (RUE DES),M,49.10225705189364,1.1000528355617862
201800021566,NonLethal,2018-10-13,11:40:00,Daylight,270,681,Yes,NoIntersection,Normal,Other,JAURES (BOULEVARD JAURES,M,49.09403702794671,1.09514897686275
201800021567,NonLethal,2018-10-26,08:05:00,TwilightOrDawn,270,681,Yes,T-type,Normal,2Vehicles-Side,DE LATTRE DE TASSIGNY (A,M,49.086368518202285,1.0857702099318238
201800021569,NonLethal,2018-11-14,17:50:00,NightStreelightsOn,270,681,Yes,Other,Normal,2Vehicles-BehindVehicles-Frontal,JAURES (BOULEVARD JAURES,M,49.09323222140259,1.0936180039573282
201800021570,NonLethal,2018-11-21,15:35:00,Daylight,270,681,Yes,Other,Normal,Other,EVREUX (PLACE D'),M,49.09218773159786,1.0907208965872284
201800021571,NonLethal,2018-11-30,15:50:00,Daylight,270,681,Yes,Other,Normal,Other,ISAMBARD (BOULEVARD),M,49.091535739408194,1.0904744568633988
201800021572,NonLethal,2018-12-16,21:45:00,NightNoStreetLight,270,562,No,NoIntersection,HeavyRain,Other,MONT VERNON (ROND POINT),M,49.09339077154936,1.0932764423754586
201800021573,NonLethal,2018-12-18,06:30:00,NightStreelightsOn,270,681,Yes,Roundabout,Normal,2Vehicles-Side,JAURES (BOULEVARD JAURES,M,49.09468378557774,1.092884039948251
201800021574,NonLethal,2018-12-23,17:55:00,NightStreelightsOn,270,681,Yes,NoIntersection,Overcast,Other,FOCH (AVENUE DU MARECHAL,M,49.09247930702148,1.0959586422836332
201800021575,NonLethal,2018-02-24,18:15:00,Daylight,170,264,Yes,X-type,Normal,2Vehicles-Side,rue Clément Marot,M,46.20192992586227,-0.2021025060689721
201800021576,NonLethal,2018-03-18,11:35:00,Daylight,170,407,Yes,X-type,Normal,3+Vehicles-Multiple,rue de La Rochelle - La,M,46.1730594415086,-0.1744931278036313
201800021577,NonLethal,2018-07-17,21:40:00,Daylight,170,472,No,NoIntersection,Normal,NoCollision,RD 9,M,46.23683101916853,-0.2342964981533534
201800021578,Lethal,2018-10-08,16:15:00,Daylight,170,153,No,X-type,Normal,2Vehicles-Side,RD 10 / RD 106 E2,M,46.2412405429468,-0.2410411005914627
201800021579,NonLethal,2018-10-05,20:50:00,NightStreelightsOn,170,190,Yes,NoIntersection,Normal,2Vehicles-BehindVehicles-Frontal,73 rue de la République,M,46.18947435216828,-0.1878610453513937
201800021581,Lethal,2018-02-11,20:35:00,NightNoStreetLight,170,142,No,NoIntersection,Normal,2Vehicles-BehindVehicles-Frontal,ROUTE NATIONALE 11,M,46.18432314080911,-0.182530686429805
201800021582,NonLethal,2018-12-09,09:05:00,Daylight,170,407,Yes,NoIntersection,Overcast,Other,29 rue de Chavagne,M,46.19423449449085,-0.1929545314136939
201800021583,NonLethal,2018-12-12,18:10:00,NightStreelightsOn,170,142,Yes,Roundabout,Normal,Other,Rue de Lieutenant BOTTON,M,46.18469626510825,-0.1846119258138139
201800021585,NonLethal,2018-05-30,16:33:00,Daylight,250,388,No,NoIntersection,Normal,3+Vehicles-Multiple,A 36 - Pk 51+500,M,47.49381757338602,6.4933971930578585
201800021586,Lethal,2018-04-06,09:40:00,Daylight,250,632,No,NoIntersection,Normal,2Vehicles-BehindVehicles-Frontal,A36,M,47.46921221553573,6.46959184628564
201800021587,Lethal,2018-06-10,01:36:00,NightNoStreetLight,250,127,No,NoIntersection,Normal,2Vehicles-BehindVehicles-Frontal,Rd 2O1,M,47.21505688337072,6.213144346056415
201800021588,Lethal,2018-06-18,13:45:00,Daylight,250,370,No,NoIntersection,Normal,2Vehicles-Side,RD 437 PK 126.450,M,47.42658123212176,6.425318614185762
201800021589,NonLethal,2018-06-26,14:45:00,Daylight,250,388,No,NoIntersection,Normal,Other,A 36 sens MULHOUSE BEAUN,M,47.500298494598304,6.499142488743602
201800021590,Lethal,2018-06-29,10:05:00,Daylight,250,97,No,NoIntersection,Normal,NoCollision,A36,M,47.513531299799446,6.514338338844316
201800021591,Lethal,2018-07-13,15:00:00,Daylight,250,629,No,Other,Normal,3+Vehicles-Multiple,A36 - PK 088.100,M,47.382782015525486,6.3825167608090725
201800021592,NonLethal,2018-10-04,22:35:00,NightNoStreetLight,250,67,No,NoIntersection,Normal,Other,"A36, PR 70+900 sens 01",M,47.41647969809551,6.417300496363409
201800021594,NonLethal,2018-01-27,18:30:00,NightStreelightsOn,910,666,No,NoIntersection,Normal,Other,RD118,M,48.683175275420766,2.683317378099977
201800021596,NonLethal,2018-02-05,12:30:00,Daylight,910,458,Yes,NoIntersection,Normal,Other,rue du bois clair,M,48.66185680578045,2.660216747972164
201800021597,NonLethal,2018-05-18,18:40:00,Daylight,910,363,No,T-type,Normal,NoCollision,Route de Beauvert,M,48.645486414014655,2.6468895744433394
201800021598,NonLethal,2018-05-22,18:11:00,Daylight,910,363,Yes,NoIntersection,HeavyRain,2Vehicles-Side,D35 ROUTE DE MONTLHÉRY,M,48.66829157159104,2.665608772139389
201800021599,NonLethal,2018-06-30,21:55:00,TwilightOrDawn,910,363,No,NoIntersection,Normal,2Vehicles-BehindVehicles-Frontal,RD 3,M,48.64417696056432,2.645612417316866
201800021600,NonLethal,2018-07-28,20:35:00,TwilightOrDawn,910,665,Yes,NoIntersection,Normal,NoCollision,29 rue du gaizon,M,48.65999726190781,2.6589952959021166
201800021602,NonLethal,2018-09-29,10:40:00,Daylight,910,363,No,NoIntersection,Normal,2Vehicles-Behind,RD35,M,48.66243131006033,2.662760609204727
201800021603,NonLethal,2018-10-16,17:00:00,Daylight,910,665,Yes,NoIntersection,Normal,2Vehicles-Side,allée Saint Fiacre,M,48.64956722842625,2.650242122992419
201800021604,NonLethal,2018-11-01,07:15:00,TwilightOrDawn,910,665,Yes,NoIntersection,Normal,3+Vehicles-Chain,55 rue division leclerc,M,48.66101951638501,2.6591437591658407
201800021605,NonLethal,2018-02-11,12:45:00,Daylight,910,363,Yes,NoIntersection,Normal,2Vehicles-Side,"30, boulevard nelaton",M,48.64245741844225,2.6419330530542617
201800021606,NonLethal,2018-11-17,17:30:00,NightNoStreetLight,910,363,No,NoIntersection,Normal,2Vehicles-BehindVehicles-Frontal,chemin du buisson gayet,M,48.65521846223558,2.655118083782278
201800021607,NonLethal,2018-03-09,20:30:00,NightNoStreetLight,760,122,No,NoIntersection,Normal,Other,autoroute A28 pk 43.000,M,49.81990051505775,1.8189070798971985
201800021608,Lethal,2018-03-27,10:00:00,Daylight,760,126,No,NoIntersection,HeavyRain,Other,A 28 - PK 070.680,M,49.67018887763514,1.669063897120256
201800021609,NonLethal,2018-06-28,06:30:00,TwilightOrDawn,760,257,No,NoIntersection,Normal,Other,Autoroute A28 Point kilo,M,49.86248140503528,1.8639247097630485
201800021611,NonLethal,2018-11-10,13:14:00,Daylight,760,516,No,NoIntersection,LightRain,NoCollision,A28 vers ABBEVILLE pk061,M,49.72016869239527,1.720554109201907
201800021612,NonLethal,2018-07-01,18:54:00,NightNoStreetLight,870,119,No,NoIntersection,Normal,3+Vehicles-Chain,PK 202.800,M,45.68817800754947,1.6896008091476309
201800021613,NonLethal,2018-04-29,00:45:00,NightNoStreetLight,870,19,No,NoIntersection,HeavyRain,NoCollision,AUTOROUTE A20 PK 196.500,M,45.76137771158654,1.7616491202759983
201800021615,NonLethal,2018-06-26,03:01:00,NightNoStreetLight,870,119,No,NoIntersection,Normal,Other,"A20, PK 201.000",M,45.69209466398655,1.6900137662653425
201800021616,NonLethal,2018-08-27,11:17:00,Daylight,870,88,No,NoIntersection,Other,2Vehicles-BehindVehicles-Frontal,"AUTOROUTE A20, PK 212 ,",M,45.60989437357807,1.611404983103099
201800021617,NonLethal,2018-10-16,09:10:00,Daylight,870,19,No,NoIntersection,Normal,2Vehicles-Behind,"A20 , PK 195.200",M,45.74297496435165,1.7434246204365125
201800021618,Lethal,2018-10-24,16:40:00,Daylight,870,105,No,NoIntersection,Normal,2Vehicles-BehindVehicles-Frontal,D 979 PK 030.000,M,45.74991441620454,1.7470076493260802
201800021619,Lethal,2018-12-10,15:13:00,Daylight,870,203,No,NoIntersection,Normal,NoCollision,"A 20, PK 207.010",M,45.660310766942615,1.6580584059894563
201800021620,Lethal,2018-08-02,08:30:00,Daylight,190,72,No,NoIntersection,Normal,2Vehicles-BehindVehicles-Frontal,RD 25 Le Gaucher,M,45.23921178738197,1.240175142296022
201800021621,NonLethal,2018-01-03,22:30:00,NightNoStreetLight,190,250,No,NoIntersection,Normal,Other,A20 - PR 232+200,M,45.47052237456601,1.4727889062995658
201800021622,NonLethal,2018-03-07,16:20:00,Daylight,190,178,No,NoIntersection,Normal,2Vehicles-Behind,A20 - PK 256+970,M,45.28094944131762,1.2800022093610195
201800021623,NonLethal,2018-03-18,01:35:00,NightNoStreetLight,190,72,No,NoIntersection,LightRain,Other,Autoroute A20 - PR 266+4,M,45.213295949939535,1.2139778599922395
201800021624,Lethal,2018-04-28,14:48:00,Daylight,190,72,No,Other,Normal,2Vehicles-Behind,A.20 PK 263.925,M,45.23480099990629,1.233198986089953
201800021625,Lethal,2018-05-25,16:15:00,Daylight,190,151,No,NoIntersection,Normal,3+Vehicles-Multiple,Autoroute 20 - pk 280+03,M,45.10845791229897,1.1074890270420756
201800021626,NonLethal,2018-06-17,17:00:00,Daylight,190,72,No,Other,Normal,2Vehicles-BehindVehicles-Frontal,AUTOROUTE A 20,M,45.22729761068032,1.2269889790293833
201800021628,NonLethal,2018-12-12,11:00:00,Daylight,190,72,No,NoIntersection,Normal,2Vehicles-Behind,A20 PK 261+970,M,45.23037271002951,1.232080039055201
201800021630,NonLethal,2018-06-25,15:20:00,Daylight,590,22,Yes,X-type,Normal,2Vehicles-Side,D8,M,50.51961226182257,3.518050594692547
201800021631,NonLethal,2018-02-02,10:00:00,Daylight,280,85,Yes,T-type,Normal,Other,SAINT BRICE (RUE),M,48.43469006775061,1.4367363486184417
201800021632,NonLethal,2018-12-26,17:55:00,NightNoStreetLight,280,209,Yes,Other,Normal,Other,ORMETEAU (rue),M,48.48800447395709,1.4900587915056196
201800021633,NonLethal,2018-02-16,09:20:00,Daylight,280,218,Yes,NoIntersection,Normal,Other,"96, REPUBLIQUE (RUE DE L",M,48.43907560874919,1.4410480095075513
201800021634,NonLethal,2018-02-14,15:40:00,Daylight,280,229,Yes,NoIntersection,LightRain,2Vehicles-Side,PHILIPPE (AVENUE GERARD),M,48.451545563677335,1.4528746569569948
201800021636,NonLethal,2018-03-21,19:40:00,NightStreelightsOn,280,220,Yes,NoIntersection,Normal,2Vehicles-Side,"37, MAUNOURY (MAURICE)",M,48.43604479981543,1.435929526431402
201800021637,NonLethal,2018-04-09,16:50:00,Daylight,280,70,Yes,T-type,LightRain,2Vehicles-Side,GRANDE (RUE),M,48.46892349777521,1.4683872996516785
201800021638,NonLethal,2018-05-08,21:00:00,Daylight,280,229,Yes,T-type,Normal,2Vehicles-Behind,COUBERTIN (RUE PIERRE DE,M,48.44601562885576,1.4466582860703303
201800021639,NonLethal,2018-05-15,13:40:00,Daylight,280,218,Yes,Other,Normal,Other,MATTEI (RUE FRANCOS),M,48.43799628752147,1.439467854138858
201800021640,NonLethal,2018-05-18,17:00:00,Daylight,280,220,Yes,NoIntersection,Normal,2Vehicles-Behind,MARCEAU (RUE),M,48.425521034918624,1.4244904918741068
201800021641,NonLethal,2018-04-20,16:35:00,Daylight,280,218,Yes,X-type,Normal,2Vehicles-BehindVehicles-Frontal,REPUBLIQUE (RUE DE LA),M,48.44059451851112,1.4380924745300034
201800021643,Lethal,2018-07-03,14:00:00,Daylight,280,85,Yes,Square,Normal,2Vehicles-Side,POILLOT (RUE EDMOND),M,48.439407566942975,1.4384938620342722
201800021644,NonLethal,2018-06-07,07:40:00,Daylight,280,229,Yes,Other,Normal,2Vehicles-Side,ROSTAND (RUE JEAN),M,48.44704377932945,1.4477175826729547
201800021645,NonLethal,2018-07-26,10:30:00,Daylight,280,229,No,NoIntersection,Normal,NoCollision,D105,M,48.45819074187463,1.4571096506089645
201800021646,NonLethal,2018-08-30,07:15:00,NightStreelightsOn,280,85,Yes,NoIntersection,Normal,2Vehicles-Side,NEIGRE (AVENUE),M,48.44882068385356,1.4498927086504094
201800021647,NonLethal,2018-02-09,18:00:00,Daylight,280,70,Yes,NoIntersection,Normal,2Vehicles-Side,SAINT PERE EN VALLEE (Ru,M,48.46623029360624,1.4655637238485733
201800021648,NonLethal,2018-09-08,21:30:00,NightStreelightsOn,280,85,Yes,X-type,Normal,2Vehicles-BehindVehicles-Frontal,SAINT THOMAS (RUE),M,48.43962444858734,1.4390945231640275
201800021649,NonLethal,2018-09-21,07:40:00,TwilightOrDawn,280,70,No,NoIntersection,LightRain,2Vehicles-BehindVehicles-Frontal,D823,M,48.46885860877733,1.4691796550190568
201800021650,NonLethal,2018-09-26,09:10:00,TwilightOrDawn,280,218,Yes,X-type,Normal,2Vehicles-Side,KENNEDY (RUE JOHN),M,48.43095531896455,1.42901028105135
201800021651,NonLethal,2018-03-10,13:03:00,Daylight,280,218,Yes,NoIntersection,Normal,Other,CAMUS (RUE ALBERT),M,48.43114258171249,1.4308946136723038
201800021652,NonLethal,2018-10-17,12:55:00,Daylight,280,85,No,NoIntersection,Normal,Other,HUGO (AVENUE VICTOR),M,48.44618762588927,1.4451864573552609
201800021653,NonLethal,2018-04-10,18:45:00,Daylight,280,209,Yes,NoIntersection,VeryGood,2Vehicles-Behind,RD 1154,M,48.46960504483529,1.4666401775458282
201800021654,NonLethal,2018-10-15,17:20:00,Daylight,280,85,Yes,NoIntersection,Normal,Other,MAUNOURY (RUE DU DOCTEUR,M,48.44449272539667,1.444680113397547
201800021656,NonLethal,2018-11-14,21:10:00,NightStreelightsOn,280,85,Yes,Square,Overcast,Other,SAINT JEAN,M,48.44079994722349,1.4400198067330643
201800021657,NonLethal,2018-11-30,08:30:00,TwilightOrDawn,280,85,Yes,X-type,Normal,Other,PAIX (RUE DE LA),M,48.4563752877466,1.4556203605440177
201800021658,NonLethal,2018-12-26,06:40:00,NightStreelightsOn,280,220,Yes,X-type,FogOrSmoke,2Vehicles-Side,KENNEDY (John Fitzerald),M,48.4294406503166,1.4304973402804122
201800021659,NonLethal,2018-09-03,19:45:00,NightNoStreetLight,420,231,No,NoIntersection,Normal,Other,RN7 - Les Oddins,M,46.10257919400095,3.1015675988158637
201800021660,NonLethal,2018-06-03,11:10:00,Daylight,420,231,Yes,X-type,Normal,2Vehicles-Side,chemin mechin,M,46.10171124536516,3.102705060005212
201800021661,Lethal,2018-07-13,14:38:00,Daylight,420,317,No,NoIntersection,Normal,Other,lieu dit LE ROYET,M,46.258433235400936,3.257305651088498
201800021662,NonLethal,2018-09-25,11:35:00,Daylight,420,182,No,Other,VeryGood,2Vehicles-Side,route de renaison,M,46.05241784361475,3.052607891573921
201800021663,NonLethal,2018-10-29,07:30:00,TwilightOrDawn,420,232,No,NoIntersection,LightRain,Other,1378 route de RENAISON,M,46.06554684355972,3.064629993602776
201800021664,NonLethal,2018-11-18,05:30:00,NightStreelightsOn,420,49,Yes,NoIntersection,FogOrSmoke,Other,75 route de la cote roan,M,46.14144643221286,3.140850772930801
201800021665,NonLethal,2018-11-30,14:05:00,Daylight,420,198,No,Y-type,LightRain,2Vehicles-BehindVehicles-Frontal,Intersection D8.3 /D31,M,46.00656500499162,3.0084362489672456
201800021666,NonLethal,2018-12-11,18:20:00,NightStreelightsOn,420,163,Yes,T-type,Normal,2Vehicles-BehindVehicles-Frontal,1000 route de Paris,M,46.18254465569639,3.1839059340337177
201800021667,Lethal,2018-10-01,19:10:00,NightNoStreetLight,280,404,No,NoIntersection,LightRain,Other,RN 154,M,48.7077600336535,1.7085561072963429