AccidentId,Gravity,Date,Hour,Light,Department,Commune,InAgglomeration,IntersectionType,Weather,CollisionType,PostalAddress,GPSCode,Latitude,Longitude
201800021668,NonLethal,2018-12-27,03:45:00,NightNoStreetLight,280,404,No,NoIntersection,LightRain,2Vehicles-BehindVehicles-Frontal,RN 154,M,48.705579202399456,1.7044532853652203
201800021669,NonLethal,2018-12-02,07:55:00,TwilightOrDawn,280,134,Yes,Other,SnowOrHail,Other,ROCHELLES (RUE DES),M,48.728778234653184,1.7299956336370543
201800021670,NonLethal,2018-04-18,10:30:00,Daylight,280,134,Yes,Other,Normal,Other,CHAMPS DE FOIRE (PLACE D,M,48.73339281595337,1.7295394849767989
201800021671,NonLethal,2018-05-16,19:15:00,Daylight,280,134,Yes,NoIntersection,Normal,2Vehicles-BehindVehicles-Frontal,FENOTS (AVENUE DES),M,48.74182033472986,1.740891210520679
201800021673,NonLethal,2018-09-16,20:45:00,NightNoStreetLight,280,134,No,NoIntersection,Normal,3+Vehicles-Multiple,RN 12 (DESCENTE ET PONT,M,48.74730055298565,1.746257325359832
201800021674,NonLethal,2018-10-21,07:25:00,NightNoStreetLight,280,223,No,Other,Normal,2Vehicles-Side,N 154 (ROCADE),M,48.71687039825711,1.7175893746621014
201800021675,NonLethal,2018-02-11,16:20:00,Daylight,280,404,Yes,NoIntersection,Normal,2Vehicles-Behind,ROCADE SUD,M,48.71276067786912,1.7134368146434529
201800021676,NonLethal,2018-12-22,14:40:00,Daylight,280,134,Yes,Y-type,Overcast,Other,MARCHE COUVERT (PLACE DU,M,48.73476528078905,1.7343224165436213
201800021677,NonLethal,2018-12-27,18:05:00,NightStreelightsOn,280,134,Yes,Other,FogOrSmoke,Other,KENNEDY (AVENUE DU PRESI,M,48.72925400016036,1.7274720090797866
201800021678,NonLethal,2018-03-30,06:15:00,NightNoStreetLight,710,265,No,NoIntersection,Normal,NoCollision,A6,M,46.84168278911382,4.839313321329136
201800021679,NonLethal,2018-05-05,10:50:00,Daylight,710,265,No,NoIntersection,Normal,2Vehicles-Behind,Autoroute A6 PK 324.100,M,46.85400929092885,4.852481733991596
201800021680,NonLethal,2018-05-05,06:20:00,TwilightOrDawn,710,26,No,NoIntersection,Normal,NoCollision,Autoroute A6 - sens Pari,M,46.66709130224195,4.669741816900141
201800021681,NonLethal,2018-05-12,03:45:00,NightNoStreetLight,710,118,No,NoIntersection,Normal,NoCollision,Autoroute A6 - Sens PARI,M,46.78999557664665,4.786543230482752
201800021682,NonLethal,2018-05-14,12:48:00,Daylight,710,269,No,NoIntersection,Overcast,Other,A 6 PK 335+100,M,46.749205699138734,4.750020604536452
201800021683,NonLethal,2018-06-06,15:55:00,Daylight,710,475,No,NoIntersection,Normal,2Vehicles-Behind,A6,M,46.77480666556594,4.776604663004098
201800021684,Lethal,2018-01-08,01:50:00,NightNoStreetLight,710,170,No,NoIntersection,Normal,Other,"Autoroute A6, PK 318, se",M,46.914625645643085,4.914711299188832
201800021685,NonLethal,2018-08-07,06:00:00,TwilightOrDawn,710,170,No,NoIntersection,Normal,Other,"autoroute A6 PK 318+515,",M,46.91192352229298,4.9143392929567735
201800021686,NonLethal,2018-09-19,07:10:00,Daylight,710,384,No,NoIntersection,Normal,Other,A6,M,46.68902041040376,4.689673672603967
201800021687,NonLethal,2018-09-21,17:30:00,Daylight,710,149,No,NoIntersection,Overcast,2Vehicles-BehindVehicles-Frontal,Dl,M,46.86279486869498,4.863887331750619
201800021688,NonLethal,2018-09-23,09:25:00,Daylight,710,520,No,NoIntersection,Overcast,2Vehicles-Side,autoroute A6 pk 326+100,M,46.73395748278079,4.735393865495577
201800021690,NonLethal,2018-12-14,23:30:00,NightNoStreetLight,710,520,No,NoIntersection,Normal,2Vehicles-Behind,Autoroute A6 PK 336+l00,M,46.73405918831372,4.7338066589085415
201800021691,NonLethal,2018-04-05,18:05:00,Daylight,740,213,Yes,Roundabout,Normal,2Vehicles-Side,Rond point de l'EHPAD de,M,45.91885800989375,6.918170039174434
201800021692,NonLethal,2018-05-07,08:20:00,Daylight,740,272,No,NoIntersection,Normal,2Vehicles-BehindVehicles-Frontal,Route de CLERMONT D17,M,45.947302554486086,6.945213613818849
201800021693,NonLethal,2018-11-05,13:00:00,Daylight,740,272,Yes,Roundabout,Normal,2Vehicles-Side,Route de Clermont,M,45.95316417670893,6.950685682048927
201800021694,NonLethal,2018-10-07,12:05:00,Daylight,740,272,No,Other,Normal,2Vehicles-Behind,RD1508,M,45.94617783084476,6.948546930820491
201800021695,NonLethal,2018-11-07,04:45:00,NightNoStreetLight,740,217,No,NoIntersection,Normal,2Vehicles-BehindVehicles-Frontal,RD 1201,M,45.95798248738544,6.958228922198219
201800021696,NonLethal,2018-09-04,20:00:00,Daylight,740,217,Yes,NoIntersection,Normal,2Vehicles-Behind,ROUTE DE GENÈVE,M,45.94379103302943,6.942820991052731
201800021699,NonLethal,2018-10-25,01:15:00,NightNoStreetLight,740,19,No,NoIntersection,Normal,NoCollision,avenue marcel dassault,M,45.9365109794323,6.934593288326664
201800021701,NonLethal,2018-11-17,12:30:00,Daylight,740,112,No,NoIntersection,Normal,2Vehicles-BehindVehicles-Frontal,D3508,M,45.93198950277066,6.93173092689027
201800021702,NonLethal,2018-11-18,11:00:00,Daylight,740,182,Yes,NoIntersection,Normal,Other,27 chemin de la fruitièr,M,45.92031444702164,6.920825771399754
201800021703,NonLethal,2018-05-12,08:20:00,Daylight,740,182,Yes,Roundabout,Normal,2Vehicles-BehindVehicles-Frontal,Rue de l'aérodrome,M,45.92292287267132,6.922094438830956
201800021704,NonLethal,2018-12-13,07:15:00,NightNoStreetLight,740,283,No,NoIntersection,Normal,Other,4040 route de la combe,M,45.95394706151976,5.954038836902288
201800021705,Lethal,2018-12-16,01:10:00,NightStreelightsOff,740,213,No,NoIntersection,HeavyRain,2Vehicles-BehindVehicles-Frontal,D3508,M,45.90816806245376,6.909159565088458
201800021706,Lethal,2018-12-21,14:35:00,Daylight,740,182,Yes,Roundabout,LightRain,Other,Route de Frangy,M,45.91810925578693,6.918328561828013
201800021707,NonLethal,2018-12-21,19:30:00,NightStreelightsOn,740,272,Yes,NoIntersection,HeavyRain,3+Vehicles-Multiple,route départementale 150,M,45.94237101250293,6.943026355547394
201800021711,NonLethal,2018-04-23,09:45:00,Daylight,140,61,No,X-type,Normal,2Vehicles-Side,D 577 - La Ferronnière,M,48.92980641864341,-0.9308434996735792
201800021712,NonLethal,2018-11-05,08:30:00,Daylight,140,61,No,NoIntersection,Normal,NoCollision,RD 185 - ST MARTIN DES B,M,48.987291390017305,-0.9872812308249036
201800021714,NonLethal,2018-08-23,13:00:00,Daylight,140,379,No,NoIntersection,Normal,Other,CD06 - cote de Belissent,M,49.04443913379394,-0.0475430804883587
201800021715,NonLethal,2018-08-31,17:15:00,Daylight,140,37,No,NoIntersection,Normal,Other,"''mont mort"" - saint aig",M,49.02793429735929,-0.0275329567511888
201800021717,NonLethal,2018-10-06,13:15:00,Daylight,140,61,No,NoIntersection,Normal,Other,Lieu dit le moulin - MAL,M,48.94026481979767,-0.940200875094646
201800021718,NonLethal,2018-10-10,11:30:00,Daylight,140,27,Yes,Other,Normal,Other,Rue de villers,M,49.02128683470971,-0.0212713595883505
201800021720,NonLethal,2018-03-01,09:40:00,Daylight,220,4,No,NoIntersection,LightRain,Other,rd 767,M,48.643996564641895,-0.644828155883091
201800021721,NonLethal,2018-06-01,16:30:00,Daylight,220,354,No,NoIntersection,Overcast,2Vehicles-Behind,"RN12, PR94+5OO, sens BRE",M,48.565350544119205,-0.5661925164270221
201800021722,NonLethal,2018-02-03,19:40:00,NightNoStreetLight,220,227,No,NoIntersection,SnowOrHail,NoCollision,route nationale 12 - PR,M,48.56522218452273,-0.5636046844141063
201800021723,NonLethal,2018-11-02,18:30:00,NightNoStreetLight,220,225,No,NoIntersection,SnowOrHail,Other,RN 12 PR 085+000,M,48.5482556621439,-0.5462237178782634
201800021724,NonLethal,2018-02-12,13:15:00,Daylight,220,4,No,NoIntersection,Normal,Other,rd 767 PR 038 +900,M,48.630940918221135,-0.630119773154294
201800021725,NonLethal,2018-03-13,07:50:00,Daylight,220,223,No,NoIntersection,Normal,Other,Route nationale 12 PR 09,M,48.5633420767031,-0.5650133283805888
201800021726,NonLethal,2018-07-29,05:50:00,NightNoStreetLight,220,4,No,NoIntersection,Normal,Other,RD767 - PR 034+0190,M,48.60752671594823,-0.6085261665473063
201800021727,NonLethal,2018-08-22,12:05:00,Daylight,220,372,No,NoIntersection,Normal,2Vehicles-Behind,Lieu dit Le Plessix N12,M,48.53326900835904,-0.5322580653452139
201800021728,NonLethal,2018-09-02,05:15:00,NightNoStreetLight,220,372,No,NoIntersection,Normal,Other,N 12,M,48.528946111179984,-0.5283584346168774
201800021730,NonLethal,2018-10-05,10:45:00,Daylight,220,4,No,NoIntersection,Normal,NoCollision,D767,M,48.61923788506229,-0.6213491178971717
201800021731,NonLethal,2018-10-18,11:00:00,Daylight,220,182,No,Y-type,Normal,2Vehicles-Behind,"Route nationale 12, sens",M,48.53263196200648,-0.5308760254916465
201800021732,NonLethal,2018-10-29,19:50:00,NightNoStreetLight,220,304,No,NoIntersection,LightRain,NoCollision,RN 12 PR 81+250G,M,48.53482597067042,-0.5347011806209213
201800021733,NonLethal,2018-11-19,13:30:00,Daylight,220,225,No,NoIntersection,Normal,2Vehicles-Behind,"RN12, PR84+650, sens REN",M,48.545069816048205,-0.5447520871859197
201800021734,NonLethal,2018-07-01,14:45:00,Daylight,220,81,No,NoIntersection,Normal,Other,bretelle d'accès RN.12 -,M,48.480949163557085,-0.4813350292617976
201800021735,NonLethal,2018-02-10,21:30:00,NightNoStreetLight,220,93,No,NoIntersection,Normal,Other,RN 12. PR 037+200. Lieu,M,48.45767712910793,-0.4550273761799067
201800021736,NonLethal,2018-02-19,08:45:00,Daylight,220,246,No,NoIntersection,LightRain,3+Vehicles-Chain,RN 12 PR 44 +780,M,48.47781638829966,-0.4756850720158838
201800021737,NonLethal,2018-02-27,07:00:00,TwilightOrDawn,220,339,No,NoIntersection,Normal,Other,RN 176 PR 07 +400,M,48.5033756254177,-0.5022742597075376
201800021738,NonLethal,2018-06-15,18:45:00,Daylight,220,213,No,NoIntersection,Normal,3+Vehicles-Chain,RN 176 PR 01+600,M,48.53872612856211,-0.5379107416586206
201800021740,NonLethal,2018-07-08,03:15:00,NightNoStreetLight,220,193,No,NoIntersection,Normal,NoCollision,RN12 - PR033.700 - Vers,M,48.439442685313615,-0.4397274384820537
201800021741,NonLethal,2018-07-16,17:10:00,Daylight,220,369,No,NoIntersection,Normal,Other,RN.12 PR.014+100 - VERS,M,48.33793838054477,-0.3403291809202453
201800021742,NonLethal,2018-07-29,17:00:00,Daylight,220,84,No,Other,Normal,NoCollision,"Echangeur des 4 routes,",M,48.40782739183347,-0.4073032602285792
201800021743,Lethal,2018-08-18,09:20:00,Daylight,220,81,No,NoIntersection,Normal,2Vehicles-Side,"RN 12, PR 46 + 700",M,48.4811889693886,-0.4793490926417474
201800021744,NonLethal,2018-08-24,11:20:00,Daylight,220,213,No,NoIntersection,Normal,2Vehicles-Behind,N176 PR001+500,M,48.53653256493038,-0.5362220440945142
201800021745,NonLethal,2018-08-31,23:50:00,NightNoStreetLight,220,93,No,NoIntersection,Normal,2Vehicles-Behind,RN.12 - PR.037+450,M,48.45881062897074,-0.458338775472142
201800021746,NonLethal,2018-09-22,16:10:00,Daylight,220,389,No,NoIntersection,Normal,3+Vehicles-Chain,RN.12 - PR.048+750,M,48.47834940399559,-0.4816086373308826
201800021747,NonLethal,2018-09-27,00:35:00,NightNoStreetLight,220,20,No,Other,Normal,2Vehicles-Behind,RN12 - PR 10+800,M,48.31556896488815,-0.3207752850037643
201800021748,NonLethal,2018-09-30,18:30:00,Daylight,220,369,No,NoIntersection,Normal,3+Vehicles-Multiple,NATIONALE 12 PR 018+020,M,48.35448380460927,-0.3538456218933888
201800021749,NonLethal,2018-12-10,07:00:00,TwilightOrDawn,220,185,No,NoIntersection,Normal,2Vehicles-Behind,RN 12 - PR 19+300,M,48.362967135555024,-0.3623835288170187
201800021750,NonLethal,2018-11-10,18:00:00,Daylight,220,389,No,NoIntersection,Normal,Other,RN 12 - PR 49+25O,M,48.47743067352857,-0.479630045779497
201800021751,NonLethal,2018-10-17,10:29:00,Daylight,220,160,No,NoIntersection,Normal,2Vehicles-Behind,RN12 PR34+700,M,48.448321057451366,-0.4484991771364386
201800021752,NonLethal,2018-10-18,08:30:00,Daylight,220,93,No,NoIntersection,Normal,3+Vehicles-Multiple,RN 12 PR 38+200,M,48.45813749750727,-0.4576555693592358
201800021753,NonLethal,2018-10-21,16:42:00,Daylight,220,193,No,NoIntersection,Normal,Other,RN 176 PR 37+280,M,48.41307710541626,-0.4133863236736655
201800021754,NonLethal,2018-12-10,18:00:00,Daylight,220,389,No,NoIntersection,Normal,3+Vehicles-Chain,Route Nationale 12,M,48.48201584206438,-0.4834342555908394
201800021755,NonLethal,2018-11-25,19:30:00,NightNoStreetLight,220,389,No,NoIntersection,Normal,3+Vehicles-Chain,Route nationale 12,M,48.48137604192527,-0.4797864371402958
201800021756,NonLethal,2018-11-30,15:06:00,Daylight,220,259,No,NoIntersection,Overcast,2Vehicles-Side,route nationale 176,M,48.45478894226343,-0.4551849517793036
201800021757,NonLethal,2018-12-03,19:40:00,NightNoStreetLight,220,185,No,NoIntersection,Normal,Other,route national 12,M,48.38215693082564,-0.3827095889819461
201800021758,NonLethal,2018-02-24,22:30:00,NightNoStreetLight,290,75,No,NoIntersection,Normal,Other,N12,M,48.442376579079934,-0.4428069557606184
201800021760,NonLethal,2018-06-21,08:00:00,Daylight,290,95,No,NoIntersection,Normal,3+Vehicles-Chain,nationale 12,M,48.45717084214456,-0.4565767705377342
201800021761,NonLethal,2018-08-17,10:20:00,Daylight,290,181,No,NoIntersection,Normal,Other,N12,M,48.49184477871699,-0.4908040196268207
201800021763,NonLethal,2018-09-28,02:50:00,NightNoStreetLight,290,181,No,NoIntersection,Normal,Other,RN 12,M,48.48779948130531,-0.4891220450401567
201800021764,NonLethal,2018-12-19,20:50:00,NightNoStreetLight,290,181,No,NoIntersection,HeavyRain,2Vehicles-Side,N12,M,48.48804085205461,-0.4894311572983676
201800021765,NonLethal,2018-08-03,06:40:00,NightNoStreetLight,290,20,No,NoIntersection,LightRain,Other,RN 165,M,48.08644394754933,-0.085636159074472
201800021766,NonLethal,2018-07-01,02:30:00,NightNoStreetLight,290,80,No,NoIntersection,LightRain,NoCollision,RN165 PR97+800,M,48.32721905535973,-0.3281790687525371
201800021768,NonLethal,2018-05-23,12:10:00,Daylight,350,363,No,NoIntersection,Normal,2Vehicles-Behind,Route Nationale l37 Poin,M,48.00980078807242,-0.0071243303867737
201800021769,Lethal,2018-06-10,10:30:00,Daylight,350,89,No,NoIntersection,Normal,Other,La Tremblais,M,47.90390629550926,-0.9031751674109668
201800021770,NonLethal,2018-06-25,19:10:00,Daylight,350,221,No,NoIntersection,Normal,2Vehicles-Behind,"Route nationale 137, poi",M,47.86269565934201,-0.8632659314306037
201800021771,NonLethal,2018-07-15,09:28:00,Daylight,350,12,No,NoIntersection,Normal,Other,RN 137,M,47.841024544939984,-0.8382407496745358
201800021772,NonLethal,2018-08-15,19:00:00,Daylight,350,124,No,NoIntersection,Normal,2Vehicles-Behind,N137,M,47.7592644521152,-0.7581798960608968
201800021773,NonLethal,2018-09-11,06:10:00,NightNoStreetLight,350,90,No,NoIntersection,FogOrSmoke,Other,RN 137 PK 26 + 200,M,47.93150906007137,-0.9320149022746133
201800021774,NonLethal,2018-09-17,08:00:00,Daylight,350,206,No,NoIntersection,Normal,2Vehicles-Side,route nationale 137 pk 0,M,48.04273899015721,-0.04114166455001
201800021775,NonLethal,2018-10-19,17:30:00,Daylight,350,231,No,NoIntersection,Normal,Other,route nationale 137 pk 2,M,47.89674897581512,-0.8950232978739339
201800021776,NonLethal,2018-11-10,19:45:00,NightNoStreetLight,350,90,No,NoIntersection,LightRain,Other,route nationale 137,M,47.928490057477696,-0.9289899935150786
201800021777,NonLethal,2018-02-12,19:50:00,NightNoStreetLight,350,12,No,NoIntersection,LightRain,2Vehicles-Side,RN 137 PK 10 + 600,M,47.79837596939969,-0.799008106333625
201800021778,NonLethal,2018-12-28,19:45:00,NightNoStreetLight,350,66,No,Other,FogOrSmoke,2Vehicles-Behind,route nationale 137 poin,M,48.04532150172257,-0.0461943499027749
201800021779,NonLethal,2018-12-21,20:30:00,NightNoStreetLight,350,139,No,NoIntersection,Normal,2Vehicles-Side,Route Nationale 137 pk 2,M,47.971010099642655,-0.970511157592324
201800021780,NonLethal,2018-12-30,14:45:00,Daylight,350,363,No,NoIntersection,Overcast,2Vehicles-Behind,Route Nationale 137 - Po,M,48.01117166381697,-0.0108024336208215
201800021781,NonLethal,2018-02-16,06:32:00,NightNoStreetLight,350,152,No,NoIntersection,Overcast,Other,A84,M,48.18905277902496,-0.1882740925955923
201800021782,NonLethal,2018-04-26,17:30:00,Daylight,350,152,No,NoIntersection,Normal,2Vehicles-Behind,"Autoroute A.84, point ki",M,48.19315500965898,-0.1935304115515015
201800021783,NonLethal,2018-07-30,07:15:00,Daylight,350,152,No,NoIntersection,LightRain,Other,"PK 101+500, A84",M,48.17801125215748,-0.1793653939433806
201800021784,NonLethal,2018-08-05,19:35:00,Daylight,350,152,No,NoIntersection,Normal,NoCollision,A 84 PK 105.700,M,48.20785595197507,-0.2080211621268076
201800021785,Lethal,2018-10-04,11:50:00,Daylight,350,152,No,NoIntersection,Normal,Other,A 84 PK 105+400,M,48.20640128177088,-0.2056224791397312
201800021786,Lethal,2018-10-01,17:20:00,NightNoStreetLight,10,209,No,NoIntersection,LightRain,2Vehicles-Side,rd 1206,M,46.10617589954736,5.106263696775721
201800021787,NonLethal,2018-01-23,13:00:00,Daylight,10,419,Yes,NoIntersection,VeryGood,2Vehicles-BehindVehicles-Frontal,Rue des hauts de thoiry,M,46.241058164703,5.240146802094158
201800021788,NonLethal,2018-11-02,19:42:00,NightNoStreetLight,10,209,No,NoIntersection,LightRain,2Vehicles-BehindVehicles-Frontal,D1206,M,46.10752230823852,5.1054928951946925
201800021789,Lethal,2018-02-27,14:00:00,Daylight,10,109,No,Y-type,Normal,NoCollision,CD984,M,46.14093376438309,5.1434521384534575
201800021790,NonLethal,2018-03-27,16:00:00,Daylight,10,354,No,NoIntersection,Normal,2Vehicles-Behind,Rd 35,M,46.25236269293223,6.2491042767140135
201800021791,NonLethal,2018-04-18,15:15:00,Daylight,10,354,Yes,Roundabout,Normal,2Vehicles-Side,rue de Lyon,M,46.24487485638297,6.245318225761976
201800021792,NonLethal,2018-04-26,16:45:00,Daylight,10,354,Yes,NoIntersection,Normal,NoCollision,rue de la petite vie,M,46.24668308798305,6.245853144230344
201800021793,NonLethal,2018-07-05,17:15:00,Daylight,10,308,Yes,Y-type,LightRain,NoCollision,route de la gare,M,46.14050294082208,5.140100447552766
201800021796,NonLethal,2018-08-14,19:35:00,Daylight,10,360,No,NoIntersection,Normal,Other,GRAND ROUTE,M,46.20929483345128,5.210234345225143
201800021797,NonLethal,2018-06-09,21:15:00,NightNoStreetLight,10,401,No,NoIntersection,LightRain,2Vehicles-Side,route de crozet,M,46.26007061043703,5.260517356608373
201800021798,NonLethal,2018-08-30,18:00:00,Daylight,10,158,No,NoIntersection,Normal,Other,Chemin de Monthey,M,46.16592264973745,5.164631089850729
201800021800,NonLethal,2018-11-03,20:05:00,NightNoStreetLight,10,354,No,Roundabout,Normal,2Vehicles-Behind,Intersection RD35 - RD35,M,46.25132570389364,6.252442249695659
201800021801,NonLethal,2018-11-18,18:35:00,NightStreelightsOn,10,78,Yes,NoIntersection,Normal,Other,route de mucelle,M,46.17965428581292,5.178169242687408
201800021802,NonLethal,2018-12-23,11:20:00,Daylight,10,209,No,NoIntersection,LightRain,3+Vehicles-Multiple,RD l206,M,46.10387833358964,5.103034570679873
201800021803,NonLethal,2018-08-05,13:05:00,Daylight,540,385,No,NoIntersection,VeryGood,NoCollision,RD125,M,49.44513189942273,5.445117614955319
201800021804,NonLethal,2018-03-08,14:55:00,Daylight,540,476,No,NoIntersection,Normal,NoCollision,D643,M,49.456525937381016,5.457194731559005
201800021805,NonLethal,2018-08-13,13:45:00,Daylight,540,322,Yes,NoIntersection,Normal,2Vehicles-Side,Avenue de la Libération,M,49.43449286182222,5.433504568827583
201800021806,NonLethal,2018-10-22,02:15:00,NightStreelightsOn,540,138,No,Roundabout,Normal,NoCollision,RD 618,M,49.52908747527509,5.528866706089829
201800021807,NonLethal,2018-10-29,17:30:00,TwilightOrDawn,540,314,No,Other,Normal,Other,Zone des Maragolles,M,49.50357209210736,5.504098062050024
201800021808,NonLethal,2018-11-01,02:30:00,NightNoStreetLight,540,322,No,NoIntersection,Normal,Other,RD618,M,49.45253177482088,5.452745128454303
201800021809,NonLethal,2018-11-05,06:00:00,NightNoStreetLight,540,574,No,NoIntersection,Normal,2Vehicles-Behind,RN18,M,49.50507741672001,5.504955050942064
201800021810,NonLethal,2018-11-06,13:50:00,Daylight,540,322,No,NoIntersection,Overcast,NoCollision,RD 643,M,49.44724929360877,5.446781668861566
201800021811,NonLethal,2018-12-15,01:30:00,NightNoStreetLight,540,234,Yes,NoIntersection,Normal,Other,rue des usines,M,49.53192096903516,5.533208376808629
201800021812,NonLethal,2018-12-21,07:05:00,NightStreelightsOff,540,151,No,NoIntersection,HeavyRain,2Vehicles-BehindVehicles-Frontal,D18,M,49.48099441206938,5.481861200486468
201800021813,NonLethal,2018-04-12,17:00:00,NightNoStreetLight,540,314,No,NoIntersection,LightRain,2Vehicles-Behind,rue de longwy,M,49.50340860639375,5.505752112585528
201800021814,NonLethal,2018-12-26,15:20:00,Daylight,540,138,No,NoIntersection,Normal,2Vehicles-BehindVehicles-Frontal,N18 sens COSNES ET ROMAI,M,49.52679771860757,5.529113238715696
201800021815,NonLethal,2018-12-27,14:00:00,Daylight,540,314,Yes,NoIntersection,Normal,Other,ROUTE DE LONGWY,M,49.514035665829454,5.512740592102388
201800021816,NonLethal,2018-08-02,07:40:00,Daylight,670,437,Yes,X-type,Normal,2Vehicles-Side,rue du Maréchal  Joffre,M,48.73975910735922,7.740853264165291
201800021817,NonLethal,2018-03-14,19:30:00,NightNoStreetLight,670,229,No,NoIntersection,Normal,2Vehicles-BehindVehicles-Frontal,RD 1004,M,48.66227411299709,7.661585343456418
201800021819,NonLethal,2018-04-08,12:10:00,Daylight,670,478,No,NoIntersection,Normal,NoCollision,,M,48.77488352564953,7.774575535377099
201800021820,NonLethal,2018-06-09,19:40:00,Daylight,670,459,Yes,NoIntersection,Normal,Other,rue principale,M,48.710531468992,7.712260793600858
201800021821,NonLethal,2018-09-22,19:35:00,NightStreelightsOn,670,367,Yes,NoIntersection,LightRain,3+Vehicles-Chain,D1004,M,48.72410293723442,7.723774623250141
201800021822,Lethal,2018-10-24,08:50:00,Daylight,670,302,No,NoIntersection,Normal,2Vehicles-BehindVehicles-Frontal,RD 421,M,48.74319680531107,7.742188880923202
201800021823,NonLethal,2018-10-29,07:20:00,TwilightOrDawn,670,478,No,NoIntersection,Overcast,Other,RD 421,M,48.74641639992921,7.748203917421717
201800021824,NonLethal,2018-01-30,12:05:00,Daylight,830,48,Yes,NoIntersection,Overcast,2Vehicles-Side,"rd 559, route de St Raph",M,43.18459540679483,6.186634648521199
201800021825,NonLethal,2018-06-13,08:55:00,Daylight,830,48,No,NoIntersection,Normal,2Vehicles-Side,Route départementale 559,M,43.189907528722735,6.191602419824048
201800021826,NonLethal,2018-06-19,15:40:00,Daylight,830,48,Yes,Roundabout,Normal,NoCollision,rond point du débarqueme,M,43.19179628521211,6.191955892304089
201800021827,Lethal,2018-08-10,00:30:00,NightStreelightsOn,830,36,No,NoIntersection,Normal,Other,Boulevard Saint-Raphaël,M,43.18332035074344,6.183653208831103
201800021828,NonLethal,2018-08-16,14:30:00,Daylight,830,48,Yes,NoIntersection,Normal,2Vehicles-Side,Boulevard du Littoral,M,43.18737742213549,6.190641712638148
201800021829,NonLethal,2018-08-18,21:20:00,NightStreelightsOn,830,48,No,NoIntersection,Normal,2Vehicles-BehindVehicles-Frontal,1559 boulevard saint rap,M,43.19978556853884,6.200197201667671
201800021830,NonLethal,2018-08-19,09:00:00,Daylight,830,36,Yes,NoIntersection,Normal,Other,promenade de la mer,M,43.17682141854381,6.174949775574989
201800021831,NonLethal,2018-09-25,17:30:00,Daylight,830,36,Yes,NoIntersection,Normal,Other,promenade de la mer,M,43.17761627185689,6.176519642578511
201800021832,NonLethal,2018-04-18,14:50:00,Daylight,670,532,Yes,NoIntersection,Normal,NoCollision,CD 41,M,48.67332699767363,7.674995776025382
201800021833,NonLethal,2018-04-18,23:25:00,NightNoStreetLight,670,485,No,NoIntersection,Normal,Other,ROUTE DE SAVERNE RD 41,M,48.6197925816457,7.620806906205599
201800021834,NonLethal,2018-05-14,08:55:00,Daylight,670,485,No,NoIntersection,Normal,2Vehicles-Side,Route Départementale 4l,M,48.6252789661807,7.626204863791124
201800021837,NonLethal,2018-09-06,20:30:00,Daylight,670,138,No,T-type,Normal,2Vehicles-Side,D  228,M,48.63333059230817,7.634320317742971
201800021838,NonLethal,2018-08-12,01:00:00,NightNoStreetLight,670,363,No,NoIntersection,Normal,2Vehicles-BehindVehicles-Frontal,RD7l8,M,48.59320974807984,7.593640178017829
201800021839,NonLethal,2018-08-01,13:55:00,Daylight,350,45,No,X-type,Normal,2Vehicles-Side,LIEU-DIT BELLEVUE,M,47.796007851836826,-0.7951367286061738
201800021840,NonLethal,2018-01-30,20:18:00,NightNoStreetLight,350,168,No,NoIntersection,Overcast,Other,RD 61 Lieu-dit Le bois a,M,47.89878295556309,-0.9019850907842212
201800021841,NonLethal,2018-12-02,11:20:00,Daylight,350,219,No,T-type,Normal,2Vehicles-Side,la ville rolland,M,47.78856499573116,-0.789380251513558
201800021842,NonLethal,2018-03-13,17:00:00,Daylight,350,57,No,X-type,Normal,2Vehicles-Side,bel air,M,47.93847660612576,-0.9392475830146104
201800021843,Lethal,2018-03-26,05:47:00,NightNoStreetLight,350,176,No,NoIntersection,Normal,Other,lieu-dit maupertuis,M,47.861324545600205,-0.8632549220077067
201800021844,NonLethal,2018-04-05,22:15:00,NightNoStreetLight,350,219,No,NoIntersection,Normal,Other,LA BLONNAIS,M,47.82068898990992,-0.8197262968912753
201800021845,NonLethal,2018-04-03,15:30:00,Daylight,350,219,No,T-type,Normal,2Vehicles-Side,Le Breil aux oyons,M,47.80440597556868,-0.804749650439451
201800021846,NonLethal,2018-04-13,11:15:00,Daylight,350,328,No,X-type,Normal,2Vehicles-Side,Le Pigeon Blanc,M,47.75747968672311,-0.7574065143715315