AccidentId,Gravity,Date,Hour,Light,Department,Commune,InAgglomeration,IntersectionType,Weather,CollisionType,PostalAddress,GPSCode,Latitude,Longitude
201800021847,NonLethal,2018-05-22,08:25:00,Daylight,350,168,Yes,NoIntersection,Normal,Other,44 rue de guer,M,47.89349697983967,-0.892964276874572
201800021849,NonLethal,2018-07-08,22:30:00,TwilightOrDawn,350,176,No,NoIntersection,Normal,Other,Lieu-dit La Pirronaie,M,47.848418720473816,-0.8497601727027507
201800021850,Lethal,2018-08-15,18:10:00,Daylight,350,168,No,X-type,Normal,2Vehicles-Side,La Bessonais,M,47.87464767369913,-0.8746175406348351
201800021851,NonLethal,2018-08-23,21:40:00,NightNoStreetLight,350,219,No,NoIntersection,Normal,2Vehicles-Behind,RD 59,M,47.77264726163966,-0.7734894320260409
201800021852,NonLethal,2018-11-13,09:40:00,Daylight,350,219,No,NoIntersection,Normal,Other,la hautiere,M,47.82653086985854,-0.8275721462261079
201800021853,NonLethal,2018-01-15,03:00:00,NightNoStreetLight,350,359,No,NoIntersection,Normal,Other,Route de Marcillé-Robert,M,47.9541498530055,-0.9538554872236794
201800021854,NonLethal,2018-04-28,19:30:00,Daylight,350,239,No,NoIntersection,Normal,NoCollision,le haut bouillon,M,47.92807541703054,-0.92650773991836
201800021855,NonLethal,2018-05-13,17:40:00,Daylight,350,77,No,NoIntersection,Normal,3+Vehicles-Chain,D178 - PK 52+077,M,47.86783591691302,-0.8680489008907085
201800021858,Lethal,2018-09-07,19:30:00,Daylight,350,167,No,X-type,Normal,2Vehicles-BehindVehicles-Frontal,La sauvallerie,M,47.85523745998663,-0.854917330720893
201800021860,NonLethal,2018-09-28,09:40:00,Daylight,350,235,No,X-type,VeryGood,2Vehicles-Side,Lieu-dit La Maison Neuve,M,47.91524657247032,-0.9156346822501952
201800021861,NonLethal,2018-10-28,16:00:00,Daylight,350,167,No,NoIntersection,Normal,Other,Lieu dit l'Orière,M,47.84218284014202,-0.8402297235258968
201800021862,NonLethal,2018-12-13,18:10:00,NightStreelightsOn,350,125,Yes,NoIntersection,Normal,Other,rue de rennes,M,47.94169764486942,-0.9436482477478452
201800021865,Lethal,2018-11-07,21:20:00,Daylight,860,7,No,NoIntersection,Normal,2Vehicles-BehindVehicles-Frontal,Lieu dit la Gerbaudière,M,46.86014588903756,4.860396292490348
201800021866,NonLethal,2018-09-24,08:15:00,Daylight,860,68,No,NoIntersection,Normal,2Vehicles-BehindVehicles-Frontal,Route Départementale 35,M,46.21970318417693,1.2185400238208737
201800021868,NonLethal,2018-01-17,11:45:00,Daylight,620,491,No,X-type,Normal,2Vehicles-Side,Rue du bois,M,50.60275735152909,2.600758395586639
201800021869,NonLethal,2018-01-30,09:20:00,Daylight,620,491,Yes,X-type,VeryGood,2Vehicles-Side,rue du vieux moulin,M,50.610902262463405,2.6136289791336766
201800021871,NonLethal,2018-05-22,16:25:00,Daylight,620,606,Yes,NoIntersection,Normal,2Vehicles-BehindVehicles-Frontal,rue du grand chemin,M,50.57514348586143,2.5752745042879885
201800021872,NonLethal,2018-04-07,16:15:00,Daylight,620,338,Yes,X-type,Normal,2Vehicles-Side,rue Louis Bouquet,M,50.63848883027619,2.6392429186026924
201800021873,NonLethal,2018-10-08,02:00:00,NightNoStreetLight,620,706,Yes,T-type,Normal,Other,203 rue des Charbonniers,M,50.57555955330529,2.57400404438843
201800021874,NonLethal,2018-10-20,13:15:00,Daylight,620,252,Yes,T-type,Normal,2Vehicles-Side,1101 rue de lobiau,M,50.573264323992696,2.574804879160993
201800021875,NonLethal,2018-12-31,19:15:00,NightNoStreetLight,620,491,No,NoIntersection,Other,2Vehicles-BehindVehicles-Frontal,rue de la Vangerie,M,50.616040202749865,2.615005439628244
201800021876,NonLethal,2018-02-01,21:05:00,NightNoStreetLight,210,2,No,NoIntersection,Other,NoCollision,A38,M,47.30217193877902,4.303339804693781
201800021877,NonLethal,2018-02-27,08:10:00,Daylight,210,681,No,NoIntersection,Normal,2Vehicles-Behind,autoroute A6- PK 221+600,M,47.48886799432974,4.488425467513939
201800021878,Lethal,2018-04-01,16:45:00,Daylight,210,642,No,NoIntersection,Normal,Other,Autoroute A6- PK 220+720,M,47.48888909377551,4.4888457759005504
201800021879,NonLethal,2018-04-11,14:15:00,Daylight,210,273,No,Other,Normal,Other,Autoroute A.38 Point kil,M,47.3059491636568,4.304375354924513
201800021880,NonLethal,2018-04-27,20:15:00,Daylight,210,282,No,NoIntersection,Normal,2Vehicles-Behind,Autoroute A6- PK 225+150,M,47.47686056819797,4.476109908141589
201800021881,NonLethal,2018-05-28,09:55:00,Daylight,210,634,No,NoIntersection,Overcast,Other,Autoroute A6 - PK 281+60,M,47.147183265453776,4.147718575306139
201800021882,NonLethal,2018-05-29,17:45:00,Daylight,210,559,No,NoIntersection,Normal,2Vehicles-Behind,A38 échangeur de PONT DE,M,47.29739273177207,4.298840967324856
201800021883,NonLethal,2018-01-06,18:12:00,Daylight,210,559,No,NoIntersection,Normal,2Vehicles-Side,A38,M,47.299900715951054,4.299683536154965
201800021884,NonLethal,2018-06-11,15:58:00,Daylight,210,634,No,NoIntersection,Normal,2Vehicles-Behind,A6 SENS LYON - PARIS,M,47.14842263643548,4.148586593091874
201800021885,NonLethal,2018-07-02,08:25:00,Daylight,210,449,No,NoIntersection,Normal,2Vehicles-Behind,AUTOROUTE A.6 PK 239+700,M,47.39111624815919,4.392159622687334
201800021886,Lethal,2018-07-07,07:14:00,Daylight,210,214,No,NoIntersection,Normal,Other,A6 PK277.550 en directio,M,47.17779522649919,4.175779680396865
201800021887,NonLethal,2018-07-15,17:00:00,Daylight,210,485,No,NoIntersection,Normal,NoCollision,Autoroute A38 PK 31+000,M,47.33417624739611,4.336179221114612
201800021888,NonLethal,2018-08-03,07:20:00,Daylight,210,282,No,NoIntersection,Normal,2Vehicles-Behind,"a6 , pk 227+350",M,47.47105966386712,4.470555796655666
201800021890,NonLethal,2018-08-19,18:05:00,Daylight,210,501,No,NoIntersection,Normal,NoCollision,autoroute A6 Pk 265+100,M,47.25291782555894,4.251793628097547
201800021891,NonLethal,2018-08-20,21:40:00,NightNoStreetLight,210,247,No,NoIntersection,Normal,2Vehicles-Behind,Autoroute A6 - PK 224+43,M,47.48370576208195,4.482494115124821
201800021892,NonLethal,2018-05-09,11:10:00,Daylight,210,298,No,NoIntersection,Normal,NoCollision,A6 PK 253+180 sens LYON,M,47.32021610576301,4.318999632313472
201800021893,NonLethal,2018-05-01,19:15:00,NightNoStreetLight,860,31,No,NoIntersection,LightRain,2Vehicles-BehindVehicles-Frontal,RD749 - PK 35+900,M,46.63439215834931,5.635653170146943
201800021896,NonLethal,2018-11-09,11:00:00,Daylight,860,226,No,NoIntersection,Normal,Other,RD 1 pk 47+000,M,46.55516251893594,5.555606893613854
201800021897,NonLethal,2018-11-16,05:00:00,NightNoStreetLight,860,256,No,NoIntersection,Normal,Other,D1 - PK 54,M,46.51883821151962,4.520283067650853
201800021899,NonLethal,2018-02-02,16:50:00,Daylight,860,25,No,NoIntersection,Normal,Other,D 32,M,46.55882767100493,9.55813885233201
201800021900,NonLethal,2018-02-14,06:15:00,NightNoStreetLight,860,191,No,NoIntersection,Other,Other,RD54 - lieu dit Bellevue,M,46.44912991774029,8.44766925699563
201800021901,NonLethal,2018-02-28,18:39:00,TwilightOrDawn,860,170,No,NoIntersection,SnowOrHail,2Vehicles-Side,Route  Nationale  147,M,46.32427129199345,8.327085390615025
201800021904,NonLethal,2018-10-04,08:00:00,TwilightOrDawn,860,170,No,NoIntersection,FogOrSmoke,Other,RN 147 PK10,M,46.3407988165407,8.339478395009396
201800021905,NonLethal,2018-11-22,17:40:00,NightNoStreetLight,860,120,No,NoIntersection,Normal,NoCollision,Dl0,M,46.36865838059308,9.370907474595064
201800021906,NonLethal,2018-02-12,15:25:00,Daylight,860,37,No,T-type,LightRain,2Vehicles-Side,Lieu-dit La Grand  Motte,M,46.37860200000646,1.3776526909477276
201800021907,NonLethal,2018-02-12,18:00:00,NightNoStreetLight,860,117,No,NoIntersection,LightRain,2Vehicles-Side,RD5,M,46.51467966984789,8.514987453758037
201800021909,NonLethal,2018-01-18,19:00:00,NightStreelightsOn,10,173,Yes,NoIntersection,LightRain,Other,avenue Francis Blanchard,M,46.325375373069626,6.325945067701711
201800021910,NonLethal,2018-05-07,11:45:00,Daylight,10,173,Yes,Other,Normal,Other,"233, Rue de l'Oudar",M,46.33861901114502,6.338071100941357
201800021911,NonLethal,2018-05-31,12:45:00,Daylight,10,143,No,NoIntersection,Normal,Other,Route département 1005 -,M,46.4139815395248,6.413159309967545
201800021912,NonLethal,2018-10-13,09:20:00,Daylight,10,71,No,T-type,Normal,2Vehicles-Side,Route de la Plaine,M,46.3090108043107,6.308590630106526
201800021913,NonLethal,2018-10-25,23:45:00,NightStreelightsOn,10,173,Yes,Roundabout,Normal,Other,rue de l'aiglette nord,M,46.33693699986687,6.336260854282477
201800021915,NonLethal,2018-01-29,09:00:00,Daylight,120,131,No,NoIntersection,FogOrSmoke,2Vehicles-BehindVehicles-Frontal,RN 88 - PK 38+700,M,44.38462944207557,2.3836716802047087
201800021917,NonLethal,2018-05-16,15:10:00,Daylight,120,131,No,NoIntersection,Normal,3+Vehicles-Multiple,RN 88,M,44.392215532494255,2.389649214368277
201800021918,NonLethal,2018-06-15,17:45:00,Daylight,120,96,No,NoIntersection,Normal,Other,RD 921 - Route de Laguio,M,44.52918133939976,2.528944362038969
201800021919,NonLethal,2018-07-14,16:15:00,Daylight,120,64,No,NoIntersection,Normal,2Vehicles-BehindVehicles-Frontal,ROUTE DÉPARTEMENTALE 921,M,44.55768558774447,2.557141650098334
201800021920,Lethal,2018-08-05,06:20:00,NightNoStreetLight,120,96,No,NoIntersection,Normal,3+Vehicles-Multiple,Picard,M,44.51511799905639,2.513840586854214
201800021921,NonLethal,2018-04-08,22:30:00,NightNoStreetLight,120,131,No,NoIntersection,Normal,2Vehicles-BehindVehicles-Frontal,LIOUJAS,M,44.40179470183504,2.403685886860973
201800021922,Lethal,2018-12-08,16:30:00,Daylight,120,157,No,NoIntersection,Normal,2Vehicles-BehindVehicles-Frontal,RN 88 - PR 32+700,M,44.40208254899107,2.4028058459257804
201800021923,NonLethal,2018-08-23,22:30:00,NightNoStreetLight,120,96,No,NoIntersection,Normal,NoCollision,lieu-dit Matelines,M,44.50876470105475,2.509015930509819
201800021924,NonLethal,2018-10-05,08:05:00,Daylight,120,264,No,NoIntersection,Normal,2Vehicles-BehindVehicles-Frontal,"D 27, PR 23 + 000",M,44.44728393931143,2.4456445968837435
201800021925,NonLethal,2018-10-14,17:40:00,Daylight,120,216,No,NoIntersection,StrongWindOrStorm,2Vehicles-Side,D987,M,44.51444165383958,2.515760198648048
201800021926,NonLethal,2018-10-13,16:25:00,Daylight,120,96,Yes,NoIntersection,VeryGood,Other,10 boulevard de Guizard,M,44.52330011797937,2.5250858592804604
201800021927,NonLethal,2018-10-16,07:45:00,TwilightOrDawn,120,157,Yes,NoIntersection,Normal,Other,RN 88 - Gages le Bas,M,44.39504697975328,2.393123122063128
201800021928,NonLethal,2018-11-11,00:50:00,NightNoStreetLight,120,33,No,NoIntersection,LightRain,NoCollision,D988 pont d'alenq,M,44.448342107199885,2.4499268114360344
201800021930,NonLethal,2018-06-13,12:15:00,Daylight,120,207,No,T-type,Normal,2Vehicles-Side,intersection D63 / chemi,M,44.13915002771793,2.138757338844324
201800021931,NonLethal,2018-05-10,19:15:00,TwilightOrDawn,120,197,No,NoIntersection,Normal,2Vehicles-BehindVehicles-Frontal,La Rivaldie,M,43.9875598062695,2.988534520877225
201800021932,NonLethal,2018-01-19,18:15:00,NightNoStreetLight,640,396,No,NoIntersection,HeavyRain,Other,RD 31,M,43.43982662308348,-0.4374107453108147
201800021933,NonLethal,2018-03-11,15:25:00,Daylight,640,556,No,Y-type,Normal,2Vehicles-BehindVehicles-Frontal,RD 111,M,43.35063426056119,-0.3502606204283757
201800021934,NonLethal,2018-05-18,20:00:00,Daylight,640,410,Yes,T-type,Normal,2Vehicles-Side,AVENUE DU BOURG,M,43.38066987376957,-0.378294365234902
201800021935,Lethal,2018-07-25,12:45:00,Daylight,640,396,No,NoIntersection,Normal,Other,18 RD 817,M,43.43565175173266,-0.4372227045116876
201800021936,NonLethal,2018-08-01,09:30:00,Daylight,640,61,Yes,Roundabout,Normal,Other,RD 32,M,43.39876129083254,-0.3994435645046736
201800021937,NonLethal,2018-08-17,07:50:00,Daylight,640,144,No,NoIntersection,HeavyRain,NoCollision,CHEMIN DE BERDOLOU,M,43.4451522176374,-0.446363910387454
201800021938,NonLethal,2018-10-10,11:15:00,Daylight,640,410,No,LevelCrossing,Normal,NoCollision,AVENUE DU LAC - D281,M,43.38030960933928,-0.3816039562128542
201800021939,NonLethal,2018-12-10,14:15:00,Daylight,640,396,No,Other,LightRain,Other,CHEMIN DE L'ECRETEUR,M,43.43821531945054,-0.4404480875910219
201800021940,NonLethal,2018-10-30,16:45:00,Daylight,640,61,Yes,Y-type,Normal,2Vehicles-Side,ROUTE DE CESCAU,M,43.39964326618097,-0.3990354554513992
201800021944,NonLethal,2018-05-21,11:00:00,Daylight,680,20,Yes,NoIntersection,Normal,2Vehicles-Side,70 R de Bale,M,47.810403978415465,7.811911318805081
201800021945,NonLethal,2018-05-23,13:44:00,Daylight,680,64,No,T-type,Normal,2Vehicles-Behind,Rte départementale 52,M,47.84750039477078,7.847991633209926
201800021946,NonLethal,2018-06-11,15:35:00,Daylight,680,15,No,NoIntersection,LightRain,2Vehicles-BehindVehicles-Frontal,Rte départementale 8.2,M,47.794503797274736,7.791397944020093
201800021947,NonLethal,2018-07-27,19:38:00,Daylight,680,289,Yes,NoIntersection,VeryGood,Other,Rte de Colmar,M,47.83229653010838,7.830753865493837
201800021948,NonLethal,2018-07-29,12:08:00,Daylight,680,300,Yes,NoIntersection,Normal,Other,40 R de Mulhouse,M,47.78279467072254,7.781600907621936
201800021949,NonLethal,2018-09-09,09:28:00,Daylight,680,300,Yes,Roundabout,Normal,Other,Rte départementale 38,M,47.77936799160525,7.779101468128913
201800021950,NonLethal,2018-10-19,23:50:00,NightNoStreetLight,680,300,No,NoIntersection,Normal,2Vehicles-Behind,route de Chalampé,M,47.79276648545199,7.7920089311779135
201800021951,NonLethal,2018-10-20,13:00:00,Daylight,680,22,No,NoIntersection,Normal,2Vehicles-Side,D8 II - PK4 + 900,M,47.81172282042901,7.813054319274956
201800021952,NonLethal,2018-10-31,18:50:00,NightStreelightsOn,680,254,Yes,X-type,Normal,2Vehicles-BehindVehicles-Frontal,2 rue des alpes,M,47.729365360911146,7.730822449643939
201800021953,NonLethal,2018-11-25,01:45:00,NightNoStreetLight,680,300,No,Other,FogOrSmoke,NoCollision,jonction CD39 et CD54,M,47.773710726343694,7.773510411702927
201800021954,NonLethal,2018-11-19,11:50:00,Daylight,680,300,No,Y-type,Normal,2Vehicles-Behind,Rte départementale 55,M,47.79268875613028,7.793806649855556
201800021955,NonLethal,2018-01-07,02:20:00,NightStreelightsOn,10,166,Yes,NoIntersection,FogOrSmoke,Other,RD 904 PK 1+232,M,45.59269951731038,4.59006670744827
201800021956,NonLethal,2018-01-25,21:00:00,NightNoStreetLight,10,166,No,NoIntersection,Normal,2Vehicles-BehindVehicles-Frontal,avenue de la dombe - D90,M,45.98551850183689,4.985063097604534
201800021958,NonLethal,2018-03-16,13:50:00,Daylight,10,75,No,NoIntersection,HeavyRain,2Vehicles-BehindVehicles-Frontal,RD28,M,46.03832137915433,4.039147700692082
201800021959,NonLethal,2018-03-21,16:00:00,Daylight,10,446,No,X-type,Normal,2Vehicles-Side,D66,M,46.02533038984704,4.027296427866306
201800021960,NonLethal,2018-05-14,08:50:00,Daylight,10,398,Yes,T-type,LightRain,2Vehicles-Side,route de la dombes,M,46.00200825828022,3.999340546349532
201800021961,NonLethal,2018-05-23,14:30:00,Daylight,10,322,Yes,NoIntersection,Normal,2Vehicles-BehindVehicles-Frontal,chemin du bret,M,45.93075087285714,4.930034977989587
201800021962,Lethal,2018-06-16,17:20:00,Daylight,10,157,No,T-type,VeryGood,Other,"RD 933 lieu-dit ""Les Nue",M,46.01565631683223,4.017500364657649
201800021963,NonLethal,2018-06-17,12:10:00,Daylight,10,427,Yes,Y-type,Normal,3+Vehicles-Multiple,19 grande rue,M,45.93872676494846,4.94163596137508
201800021964,NonLethal,2018-06-25,19:00:00,Daylight,10,75,Yes,NoIntersection,Normal,2Vehicles-BehindVehicles-Frontal,77 chemin de Chavaleins,M,46.03319015438444,4.030822779034364
201800021965,NonLethal,2018-08-11,16:38:00,Daylight,10,194,No,NoIntersection,Normal,NoCollision,303 Route des CHAMPS RIO,M,45.968405250190976,4.967135556704549
201800021966,NonLethal,2018-10-20,12:00:00,Daylight,10,194,Yes,NoIntersection,Normal,NoCollision,458 rue notre dame des c,M,45.9951992941683,4.995176857994608
201800021967,NonLethal,2018-10-19,21:30:00,NightStreelightsOn,10,166,Yes,NoIntersection,Normal,2Vehicles-BehindVehicles-Frontal,RD 904,M,45.98696647952328,4.983511414340331
201800021969,NonLethal,2018-12-11,14:00:00,Daylight,10,194,Yes,T-type,Normal,2Vehicles-Side,rue des sports,M,45.9839798312081,4.983282393193532
201800021970,NonLethal,2018-12-08,17:40:00,NightNoStreetLight,10,322,Yes,NoIntersection,LightRain,2Vehicles-BehindVehicles-Frontal,1016 route de veissieux,M,45.92367587664855,4.924278166639748
201800021971,Lethal,2018-11-01,17:15:00,TwilightOrDawn,280,337,Yes,NoIntersection,Normal,NoCollision,rue Edouard Branly,M,48.42487578129244,1.424598621961564
201800021972,NonLethal,2018-02-22,21:05:00,NightNoStreetLight,280,35,No,NoIntersection,Normal,NoCollision,D29 - PR7-500,M,48.35665940784435,1.3571098550659786
201800021973,NonLethal,2018-05-13,17:00:00,Daylight,280,358,No,T-type,Normal,2Vehicles-Behind,intersection D327-3 et D,M,48.50799669537439,1.5079343165587382
201800021975,NonLethal,2018-06-28,17:00:00,Daylight,280,177,No,X-type,Normal,2Vehicles-Side,intersection D29-D150-3,M,48.40037219629822,1.3990201232226804
201800021976,NonLethal,2018-07-15,16:15:00,Daylight,280,358,No,X-type,Normal,2Vehicles-Side,Croisement de la D906 et,M,48.50763626195171,1.5066834704446967
201800021977,NonLethal,2018-08-27,09:55:00,Daylight,280,337,No,NoIntersection,LightRain,2Vehicles-Behind,D6.10 PK31,M,48.43238181987037,1.4303525945514968
201800021978,NonLethal,2018-08-25,11:00:00,Daylight,280,158,No,NoIntersection,Normal,2Vehicles-BehindVehicles-Frontal,D 92l,M,48.4100433146147,1.408674552729913
201800021979,Lethal,2018-09-05,11:58:00,Daylight,280,278,No,NoIntersection,Normal,3+Vehicles-Multiple,Départementale 910,M,48.45955484140924,1.4607810639365102
201800021980,NonLethal,2018-10-24,19:30:00,NightNoStreetLight,280,309,No,X-type,Normal,2Vehicles-Side,D130,M,48.363023808790366,1.36161286166579
201800021981,NonLethal,2018-10-24,16:15:00,Daylight,280,281,No,NoIntersection,Normal,3+Vehicles-Multiple,D921,M,48.3846042934921,1.381103410045169
201800021984,NonLethal,2018-11-19,18:45:00,NightNoStreetLight,280,24,Yes,T-type,Normal,2Vehicles-Side,RD 127,M,48.40807309367266,1.407423477851533
201800021985,Lethal,2018-11-30,07:45:00,NightNoStreetLight,280,100,No,NoIntersection,Normal,3+Vehicles-Multiple,D923,M,48.43787745727507,1.437810705586149
201800021986,NonLethal,2018-03-01,15:07:00,Daylight,290,19,Yes,Roundabout,Normal,2Vehicles-Behind,"114, HUIT MAI 1945 (DE 4",M,48.41140805817321,-0.4112223821393897
201800021987,NonLethal,2018-01-10,12:11:00,Daylight,290,19,Yes,NoIntersection,Normal,Other,PROVENCE (AVENUE de),M,48.40709312210787,-0.4063902837227249
201800021988,NonLethal,2018-11-01,08:16:00,NightStreelightsOn,290,19,Yes,NoIntersection,LightRain,2Vehicles-Behind,"14, LYON (DE 1 A 33 ET 2",M,48.38665242902253,-0.3867932445072566
201800021989,NonLethal,2018-11-01,07:15:00,NightStreelightsOn,290,19,Yes,X-type,Normal,Other,"., CORNICHE (DE 1 A 39 E",M,48.38381043133944,-0.3828921012149086
201800021991,NonLethal,2018-11-01,17:00:00,Daylight,290,19,Yes,NoIntersection,Normal,Other,BOURGELAT CLAUDE,M,48.40631830223119,-0.4046944461210151
201800021992,NonLethal,2018-01-14,16:15:00,Daylight,290,19,Yes,NoIntersection,Normal,2Vehicles-BehindVehicles-Frontal,"34, LOSCOAT",M,48.42342533775493,-0.4219934745724607
201800021993,NonLethal,2018-01-17,11:50:00,Daylight,290,19,Yes,NoIntersection,Normal,Other,LE GORGEU (Nø29 (TOTAL)+,M,48.39936412795807,-0.3999297361610947
201800021994,NonLethal,2018-01-09,20:15:00,NightStreelightsOn,290,19,Yes,NoIntersection,LightRain,Other,"., PREMIERE DFL (AVENUE)",M,48.37541166223573,-0.3778697570490154
201800021995,NonLethal,2018-01-15,07:50:00,NightStreelightsOn,290,19,Yes,NoIntersection,HeavyRain,Other,Rue de QUIMPER,M,48.40080036234476,-0.4020252613686808
201800021996,NonLethal,2018-01-19,17:07:00,Daylight,290,19,Yes,T-type,Normal,2Vehicles-Side,LE PRAT CLAUDE,M,48.41423241960611,-0.4131617736916311
201800021997,NonLethal,2018-01-12,19:40:00,NightStreelightsOn,290,19,Yes,T-type,Normal,2Vehicles-Side,EUSEN VICTOR,M,48.3815707263652,-0.3796509892976502
201800021998,NonLethal,2018-12-01,08:30:00,TwilightOrDawn,290,19,Yes,NoIntersection,Normal,Other,"., GLASGOW (DE l A 9 ET",M,48.396307057508885,-0.3970088258168552
201800022000,NonLethal,2018-01-31,07:59:00,NightStreelightsOn,290,19,Yes,NoIntersection,HeavyRain,Other,"5, LE GORGEU",M,48.40807973843387,-0.407742514685254
201800022001,NonLethal,2018-01-25,07:52:00,NightStreelightsOn,290,19,Yes,Roundabout,Normal,Other,"127, ECOLE NAVALE (DE 86",M,48.38024393799003,-0.3804567804505632
201800022003,NonLethal,2018-01-18,16:30:00,Daylight,290,19,Yes,NoIntersection,Normal,NoCollision,"., FRANCE ANATOLE (DE l",M,48.38266352099923,-0.3843932139662785
201800022004,NonLethal,2018-01-18,13:55:00,Daylight,290,19,Yes,X-type,Normal,Other,SAINT MARC (DE 1 A 59 ET,M,48.39202921470631,-0.3914115320898088
201800022006,NonLethal,2018-02-13,14:02:00,Daylight,290,19,Yes,NoIntersection,Normal,2Vehicles-Behind,FOCH MARECHAL,M,48.39427885828565,-0.3926785121489566
201800022007,NonLethal,2018-06-01,11:20:00,Daylight,290,19,Yes,T-type,Normal,2Vehicles-Side,RUE GAL PAULET,M,48.41783975261613,-0.4178431385857142
201800022008,NonLethal,2018-02-19,06:39:00,NightStreelightsOn,290,19,Yes,T-type,Normal,2Vehicles-Side,LECONTE ALDERIC,M,48.37973045823628,-0.3804373145908992
201800022009,NonLethal,2018-02-17,12:55:00,Daylight,290,19,Yes,T-type,Normal,2Vehicles-Behind,"54, QUIMPER (DE 1 A 103",M,48.40248449779896,4.402372324517335
201800022010,NonLethal,2018-02-22,15:01:00,Daylight,290,19,Yes,T-type,Normal,2Vehicles-Side,DOURJACQ,M,48.4076956579113,-0.4068382121269016
201800022011,NonLethal,2018-02-12,06:27:00,NightStreelightsOn,290,19,Yes,NoIntersection,SnowOrHail,Other,"., LE GORGEU (SANS Nø EN",M,48.41054605855936,-0.4103035345506213
201800022012,NonLethal,2018-02-16,08:42:00,Daylight,290,19,Yes,T-type,Normal,Other,MASSON PAUL (DE 11 A,M,48.39714759303186,-0.3978039928134783
201800022013,NonLethal,2018-02-24,17:55:00,Daylight,290,19,Yes,NoIntersection,Normal,Other,"., PARIS (DE 1 A 31 ET 2",M,48.4042820056556,-0.4049959803146323
201800022014,NonLethal,2018-11-02,19:20:00,NightStreelightsOn,290,19,Yes,X-type,Normal,Other,EUROPE (DE 201 A 215),M,48.40879683900622,-0.4083530360550958
201800022015,NonLethal,2018-07-03,20:30:00,NightStreelightsOn,290,19,Yes,X-type,Normal,2Vehicles-Side,"65, JAURES JEAN (DE 44 A",M,48.39366879300063,-0.3927572428052935
201800022016,NonLethal,2018-03-05,17:45:00,Daylight,290,19,Yes,Roundabout,Normal,Other,"96, MONTAIGNE (DE 39 A 1",M,48.40456064271451,-0.4054781851519172
201800022017,NonLethal,2018-02-28,12:05:00,Daylight,290,19,Yes,NoIntersection,Normal,2Vehicles-Behind,"., PAULET GENERAL (173 E",M,48.42297502276327,-0.4221182336088189
201800022018,NonLethal,2018-02-14,05:25:00,NightStreelightsOn,290,19,Yes,NoIntersection,LightRain,2Vehicles-Behind,ROND POINT DE KERESSEIS,M,48.39564380745367,-0.3956248688672832
201800022019,NonLethal,2018-03-13,09:00:00,Daylight,290,19,Yes,T-type,Normal,Other,COLIN ANDRE,M,48.42828553937342,-0.4248814989778778
201800022020,NonLethal,2018-03-15,13:48:00,Daylight,290,19,Yes,NoIntersection,Normal,Other,"2;, DUC D'AUMALE",M,48.40120997321006,-0.400629683812235
201800022022,NonLethal,2018-03-28,20:45:00,NightStreelightsOn,290,19,Yes,NoIntersection,Normal,2Vehicles-Behind,"., AUDEMAR PIERRE",M,48.39866514540847,-0.4000359958069536
201800022023,NonLethal,2018-03-21,12:00:00,Daylight,290,19,Yes,X-type,Normal,2Vehicles-Side,"., BLUM LEON",M,48.40801399296772,-0.4071285451102377
201800022024,NonLethal,2018-03-09,00:25:00,NightStreelightsOn,290,19,Yes,NoIntersection,Overcast,Other,65 FRANCE ANATOLE,M,48.38145503550823,-0.3812575257418261
201800022025,NonLethal,2018-03-11,04:50:00,NightStreelightsOn,290,19,Yes,NoIntersection,Normal,Other,"., LESVEN JULES (DE 1 A",M,48.40686410918175,-0.407126206130551
201800022026,NonLethal,2018-03-21,23:30:00,NightStreelightsOn,290,19,Yes,T-type,Normal,Other,"., LE FRAPPER JOSEPH",M,48.40590525835095,-0.4063398887230766
201800022027,NonLethal,2018-01-03,14:00:00,Daylight,290,19,Yes,T-type,SnowOrHail,2Vehicles-Behind,Rte de  BOHARS,M,48.41915069402473,-0.4188796834449454
201800022028,NonLethal,2018-03-13,10:15:00,Daylight,290,19,Yes,X-type,Normal,2Vehicles-Side,"., WATTEAU",M,48.41418325279536,-0.4146366213501836
201800022029,NonLethal,2018-06-02,20:00:00,NightStreelightsOn,290,19,Yes,NoIntersection,Normal,Other,DROGOU COMMANDANT (DE,M,48.40413907190147,-0.4033891751522256
201800022030,NonLethal,2018-02-11,13:00:00,Daylight,290,19,Yes,T-type,Normal,2Vehicles-Side,"., CLEMENCEAU GEORGES (D",M,48.38950098408461,-0.3885264889206543
201800022031,NonLethal,2018-05-15,16:17:00,Daylight,290,19,Yes,NoIntersection,Normal,Other,GLASGOW (DE 1 A 9 ET 2 A,M,48.39444398597802,-0.3963368450130438
201800022032,NonLethal,2018-04-04,07:50:00,NightStreelightsOn,290,19,Yes,X-type,LightRain,2Vehicles-Behind,PORTZMOGUER,M,48.39528697476287,-0.3960509161622915
201800022033,NonLethal,2018-04-06,07:47:00,Daylight,290,19,Yes,X-type,Normal,2Vehicles-Side,DIX HUIT JUIN 1940,M,48.38559889444344,-0.3861530112257462