AccidentId,Gravity,Date,Hour,Light,Department,Commune,InAgglomeration,IntersectionType,Weather,CollisionType,PostalAddress,GPSCode,Latitude,Longitude
201800022034,NonLethal,2018-07-04,10:45:00,Daylight,290,19,Yes,X-type,Normal,2Vehicles-Side,BOURGELAT CLAUDE,M,48.40414577014906,-0.4042029624478769
201800022035,NonLethal,2018-03-30,04:25:00,NightStreelightsOff,290,19,Yes,Roundabout,LightRain,Other,ROND POINT DE KERESSEIS,M,48.39627054675592,-0.396039894005467
201800022037,NonLethal,2018-04-13,17:55:00,Daylight,290,19,Yes,NoIntersection,Normal,2Vehicles-Side,TARENTE,M,48.40400334048773,-0.4051964238325987
201800022039,NonLethal,2018-04-18,07:40:00,Daylight,290,19,Yes,X-type,Normal,2Vehicles-Side,GARY ROMAIN,M,48.37793152672295,-0.3780175720346382
201800022040,NonLethal,2018-04-17,21:35:00,NightStreelightsOn,290,19,Yes,NoIntersection,Normal,2Vehicles-Side,MAISSIN,M,48.39246842198696,-0.391683157683811
201800022041,NonLethal,2018-04-22,17:50:00,Daylight,290,19,Yes,NoIntersection,Normal,Other,DOUANE (QUAI DE LA),M,48.383579770130446,-0.3814878288523731
201800022043,NonLethal,2018-04-22,04:15:00,NightStreelightsOn,290,19,Yes,NoIntersection,Normal,Other,NIEPCE NICEPHORE,M,48.42574710733604,-0.4264778736582449
201800022044,NonLethal,2018-04-27,09:10:00,Daylight,290,19,Yes,X-type,Overcast,2Vehicles-Side,JAURES JEAN (DE 44 A 108,M,48.39367354221744,-0.3938982307295944
201800022045,NonLethal,2018-04-26,16:12:00,Daylight,290,19,Yes,Roundabout,Normal,2Vehicles-Side,ALBERT 1ER,M,48.398885211201375,-0.3949745199970697
201800022046,NonLethal,2018-04-28,12:18:00,Daylight,290,19,Yes,X-type,Normal,2Vehicles-Side,GOUESNOU (DE 1 A 29 ET 2,M,48.40802260394028,-0.4074613971073352
201800022049,NonLethal,2018-05-03,14:25:00,Daylight,290,19,Yes,T-type,Normal,2Vehicles-Side,KERANFURUST,M,48.412283815152826,-0.411494512279795
201800022050,NonLethal,2018-05-12,09:30:00,Daylight,290,19,Yes,Roundabout,Normal,2Vehicles-Side,RUE GUSTAVE ZEDE,M,48.41909035629819,-0.419226084593367
201800022052,NonLethal,2018-05-22,08:25:00,Daylight,290,19,Yes,Roundabout,Normal,2Vehicles-Side,VALY HIR (DE 21 A 57 ET,M,48.38484327090758,-0.3863492911329276
201800022053,NonLethal,2018-05-22,23:28:00,NightStreelightsOn,290,19,Yes,NoIntersection,Normal,Other,CHABRIER EMMANUEL,M,48.41153599546796,-0.4117944715584812
201800022054,NonLethal,2018-05-24,05:50:00,NightStreelightsOn,290,19,Yes,NoIntersection,Normal,Other,FRANCE ANATOLE (DE 55 A,M,48.38381268361785,-0.3830789228079709
201800022055,NonLethal,2018-05-24,18:30:00,Daylight,290,19,Yes,NoIntersection,Normal,Other,PERDRIEL VAISSIERE,M,48.41724523455022,-0.4162313795230945
201800022056,NonLethal,2018-05-25,09:10:00,Daylight,290,19,Yes,T-type,Normal,2Vehicles-Side,ROBESPIERRE (DE 1 A 31 E,M,48.41341631385773,-0.4152423891081083
201800022057,NonLethal,2018-05-25,17:45:00,Daylight,290,19,Yes,NoIntersection,Normal,2Vehicles-Behind,PREMIERE DFL (AVENUE),M,48.37833272231598,4.376250183341623
201800022058,NonLethal,2018-05-25,17:50:00,Daylight,290,19,Yes,NoIntersection,Normal,3+Vehicles-Chain,MONTAIGNE (DE 39 A 111 E,M,48.40072223630677,-0.4012828646754555
201800022059,NonLethal,2018-05-26,05:10:00,NightNoStreetLight,290,19,Yes,X-type,Normal,2Vehicles-Side,COMMANDANT GROIX,M,48.40504744662331,-0.4066216902418828
201800022060,NonLethal,2018-05-30,09:10:00,Daylight,290,19,No,Roundabout,Normal,2Vehicles-Behind,PEN AR CH'LEUZ,M,48.41847639833124,-0.4169501124764916
201800022063,NonLethal,2018-03-06,20:28:00,Daylight,290,19,Yes,Roundabout,LightRain,2Vehicles-Side,VALY HIR (DE 1 A 19 ET 2,M,48.386322214766736,-0.3851558420997722
201800022064,NonLethal,2018-04-06,11:00:00,Daylight,290,19,Yes,NoIntersection,LightRain,2Vehicles-Behind,rue de KERVAO,M,48.42150500816142,-0.4217590472373654
201800022065,NonLethal,2018-06-07,16:30:00,Daylight,290,19,Yes,NoIntersection,Normal,Other,Rue ILE DE SEIN,M,48.402896260779066,-0.4027474996950643
201800022066,NonLethal,2018-10-06,18:00:00,Daylight,290,19,Yes,NoIntersection,Normal,Other,MOUCHOTTE (DE 23 ET 36 A,M,48.38878011506775,4.387280454351718
201800022067,NonLethal,2018-09-06,14:18:00,Daylight,290,19,Yes,NoIntersection,Normal,2Vehicles-Behind,PEN AR CH'LEUZ (ROND POI,M,48.41332356066316,-0.4136454565621112
201800022068,NonLethal,2018-06-13,16:35:00,Daylight,290,19,Yes,NoIntersection,Normal,2Vehicles-Side,MOZART,M,48.397002033305895,-0.3952922671251955
201800022069,NonLethal,2018-06-16,08:29:00,Daylight,290,19,Yes,X-type,LightRain,2Vehicles-Side,VAUBAN (DE 1 A 23 ET 2 A,M,48.38624143399456,4.385631582008886
201800022070,NonLethal,2018-06-18,17:59:00,Daylight,290,19,Yes,NoIntersection,Normal,3+Vehicles-Chain,MONTAIGNE (DE 39 A 111 E,M,48.40236475023292,-0.4038297599116963
201800022071,NonLethal,2018-06-20,19:40:00,Daylight,290,19,Yes,NoIntersection,Normal,2Vehicles-Behind,DESMOULINS CAMILLE,M,48.39859991661936,-0.3970500421859079
201800022072,NonLethal,2018-06-23,12:22:00,Daylight,290,19,Yes,Roundabout,Normal,2Vehicles-Side,MELVILLE HERMAN (ROND PO,M,48.3866844801126,-0.3850848025688239
201800022073,NonLethal,2018-01-06,20:30:00,Daylight,290,19,Yes,NoIntersection,Normal,2Vehicles-Behind,JAURES JEAN (DE 1 A 41 E,M,48.40018925234968,-0.4006161178529105
201800022074,NonLethal,2018-06-21,03:42:00,NightStreelightsOn,290,19,Yes,NoIntersection,Normal,Other,Edwige FEUILLERE,M,48.3923023242241,-0.3917252559069441
201800022075,NonLethal,2018-06-27,15:30:00,Daylight,290,19,Yes,NoIntersection,Normal,Other,PREMIERE DFL (AVENUE),M,48.37576406739991,-0.3742094376875357
201800022076,NonLethal,2018-06-21,16:39:00,Daylight,290,19,Yes,Y-type,Normal,3+Vehicles-Chain,LE GORGEU (Nø29 (TOTAL)-,M,48.410404770997296,-0.4099834740323764
201800022077,NonLethal,2018-06-29,14:11:00,Daylight,290,19,Yes,NoIntersection,Normal,Other,GILLET MAURICE,M,48.39384415362818,-0.3950361280322809
201800022078,NonLethal,2018-03-07,10:27:00,Daylight,290,19,Yes,Roundabout,Normal,2Vehicles-Side,LOUPPE ALBERT (DE 1 A 69,M,48.40515052581602,-0.4030918546249759
201800022080,NonLethal,2018-04-07,16:25:00,Daylight,290,19,Yes,NoIntersection,Normal,2Vehicles-Behind,EUSEN VICTOR,M,48.37969367672869,-0.3799015094346749
201800022081,NonLethal,2018-07-10,18:50:00,Daylight,290,19,Yes,NoIntersection,Normal,2Vehicles-Behind,BROSSOLETTE PIERRE,M,48.3838092556977,-0.3820194256036788
201800022082,NonLethal,2018-10-07,22:39:00,NightStreelightsOn,290,19,Yes,NoIntersection,Normal,Other,DOUANE (QUAI DE LA),M,48.38436741508979,-0.3824451089515709
201800022083,NonLethal,2018-07-13,12:40:00,Daylight,290,19,No,T-type,Normal,2Vehicles-BehindVehicles-Frontal,ROCH GLAS (ROUTE ET CHEM,M,48.43389856285699,-0.4334245959266335
201800022084,NonLethal,2018-07-12,19:35:00,Daylight,290,19,Yes,X-type,Normal,2Vehicles-Side,ALSACE LORAINE,M,48.38161107289872,-0.3796810621175805
201800022085,Lethal,2018-06-29,21:13:00,Daylight,290,19,Yes,NoIntersection,Normal,2Vehicles-BehindVehicles-Frontal,VILLENEUVE (PONT),M,48.40481510835855,-0.4027729378397673
201800022086,NonLethal,2018-07-20,16:40:00,Daylight,290,19,Yes,T-type,Normal,Other,FOULON CHARLES,M,48.4268855514907,-0.427251556334238
201800022087,NonLethal,2018-07-21,10:15:00,Daylight,290,19,Yes,NoIntersection,Normal,Other,FRANCE ANATOLE (DE 55 A,M,48.382897394603376,-0.3826463235590759
201800022090,NonLethal,2018-08-03,11:18:00,Daylight,290,19,Yes,NoIntersection,Normal,Other,PICARDIE,M,48.40328720494222,-0.4032661230961086
201800022092,NonLethal,2018-08-07,20:16:00,TwilightOrDawn,290,19,Yes,Roundabout,Normal,2Vehicles-Side,ROUSSE EMILE,M,48.38461689601422,-0.3851747745145074
201800022094,NonLethal,2018-08-10,11:20:00,Daylight,290,19,Yes,NoIntersection,Normal,2Vehicles-Behind,DUVAL MARCELLIN (DE 1 A,M,48.413869119618624,-0.414453787249062
201800022095,NonLethal,2018-11-08,20:00:00,Daylight,290,19,Yes,Roundabout,Normal,2Vehicles-Behind,Pen Ar Ch'leuz,M,48.41498255900218,-0.4146912238146497
201800022096,NonLethal,2018-08-13,20:20:00,Daylight,290,19,Yes,NoIntersection,Normal,2Vehicles-Side,KERMENGUY,M,48.4050237670411,-0.4028175652686698
201800022098,NonLethal,2018-08-14,09:50:00,Daylight,290,19,Yes,X-type,LightRain,2Vehicles-Side,KERVAO,M,48.42244317695005,-0.4208646788020124
201800022099,NonLethal,2018-08-18,02:10:00,NightStreelightsOn,290,19,Yes,NoIntersection,Normal,Other,MOULIN A POUDRE (DE 1 A,M,48.39763128755638,-0.3974559432628562
201800022100,NonLethal,2018-08-21,18:13:00,Daylight,290,19,Yes,NoIntersection,Normal,2Vehicles-Behind,MONTAIGNE (DE 39 A 111 E,M,48.4069185994833,-0.4078101567488741
201800022101,NonLethal,2018-08-29,17:45:00,Daylight,290,19,Yes,NoIntersection,Normal,3+Vehicles-Multiple,FRANCE ANATOLE (DE 55 A,M,48.38341883400047,-0.3849760582472791
201800022102,NonLethal,2018-08-30,13:45:00,Daylight,290,19,Yes,Roundabout,Normal,2Vehicles-Side,ALBERT 1ER,M,48.39836766535115,-0.3978112042201524
201800022103,NonLethal,2018-08-09,14:40:00,Daylight,290,19,Yes,NoIntersection,Normal,3+Vehicles-Chain,QUIMPER (DE 1 A 103 ET 2,M,48.40231821129487,-0.4036246551910286
201800022104,NonLethal,2018-10-09,13:10:00,Daylight,290,19,Yes,NoIntersection,Normal,2Vehicles-Behind,ROUSSE EMILE,M,48.38509746442674,-0.3841387387859917
201800022105,NonLethal,2018-09-13,16:19:00,Daylight,290,19,Yes,Roundabout,Normal,2Vehicles-Behind,ROND POINT DE KERESSEIS,M,48.39461700842837,-0.3949029906755025
201800022107,NonLethal,2018-09-24,17:46:00,Daylight,290,19,Yes,Roundabout,Normal,Other,ROUSSE EMILE,M,48.38617770751036,-0.3846499129022821
201800022109,NonLethal,2018-10-16,08:00:00,TwilightOrDawn,290,19,Yes,NoIntersection,Normal,2Vehicles-Behind,SAINT MARC ROUTE DU VIEU,M,48.393399972771824,-0.3933488438204048
201800022110,NonLethal,2018-09-29,17:35:00,Daylight,290,19,Yes,NoIntersection,Normal,2Vehicles-Side,SEMARD PIERRE,M,48.39085808283608,-0.3922466909004423
201800022111,NonLethal,2018-09-30,13:00:00,Daylight,290,19,Yes,NoIntersection,LightRain,Other,SALAUN PENQUER,M,48.384658713970296,-0.3838886297101548
201800022112,NonLethal,2018-09-27,15:53:00,Daylight,290,19,Yes,T-type,Normal,2Vehicles-Behind,VALMY,M,48.399246213006734,-0.3981847581378877
201800022113,NonLethal,2018-10-02,07:35:00,TwilightOrDawn,290,19,Yes,NoIntersection,Normal,Other,LESVEN JULES (DE 26 A 58,M,48.41083396857271,-0.4106124437342494
201800022114,NonLethal,2018-10-04,07:35:00,Daylight,290,19,Yes,NoIntersection,Normal,2Vehicles-Side,GREBES (ROND POINT),M,48.388869865873616,-0.3883907910588601
201800022115,NonLethal,2018-10-05,13:33:00,Daylight,290,19,Yes,T-type,Normal,2Vehicles-Side,DONNART MATHIEU (DE 1 A,M,48.39991460645327,-0.4002971971940664
201800022116,NonLethal,2018-10-18,13:23:00,Daylight,290,19,Yes,NoIntersection,Normal,2Vehicles-Side,GOUESNOU (DE 43 A 219 ET,M,48.41232119174538,-0.4115692809198757
201800022117,NonLethal,2018-10-07,00:20:00,NightStreelightsOn,290,19,Yes,NoIntersection,Normal,2Vehicles-Behind,COLBERT,M,48.38735641694811,-0.3873312615323258
201800022118,NonLethal,2018-10-08,14:00:00,Daylight,290,19,Yes,Other,Normal,2Vehicles-Behind,PAULET GENERAL (173 ET 2,M,48.4211200630502,-0.4235486752385677
201800022119,NonLethal,2018-05-10,08:51:00,TwilightOrDawn,290,19,Yes,NoIntersection,Normal,Other,LE GUEN LOUIS,M,48.39247614982551,-0.3918433565792346
201800022120,NonLethal,2018-10-09,08:45:00,Daylight,290,19,Yes,NoIntersection,Normal,2Vehicles-Side,RUE PAUL DOUMER,M,48.40160555145149,-0.4006629731230348
201800022121,NonLethal,2018-10-09,12:20:00,Daylight,290,19,Yes,NoIntersection,Normal,2Vehicles-BehindVehicles-Frontal,GALLIENI GENERAL (DE 1 A,M,48.39250665014336,-0.3921385834841651
201800022122,NonLethal,2018-10-08,21:58:00,NightStreelightsOff,290,19,Yes,NoIntersection,Normal,Other,JAURES JEAN (DE 105 A 23,M,48.39472966901198,-0.3970677300588054
201800022123,NonLethal,2018-10-09,18:00:00,Daylight,290,19,Yes,X-type,Normal,Other,DAUPHINE,M,48.40650105288635,-0.4060250622786882
201800022124,NonLethal,2018-09-10,19:10:00,Daylight,290,19,Yes,Roundabout,Normal,2Vehicles-Side,KERVAO,M,48.42430511440286,-0.4219918887266228
201800022125,NonLethal,2018-10-11,10:15:00,Daylight,290,19,Yes,NoIntersection,Normal,NoCollision,RUE LEOPOLD SEDAR SENGHO,M,48.41919000797702,-0.4203889468106821
201800022126,NonLethal,2018-12-10,11:30:00,Daylight,290,19,Yes,NoIntersection,Normal,2Vehicles-BehindVehicles-Frontal,CHEVREUL,M,48.4074044353392,-0.4053306504675144
201800022127,NonLethal,2018-10-14,06:45:00,TwilightOrDawn,290,19,Yes,NoIntersection,LightRain,Other,SALAUN PENQUER,M,48.3839638789268,-0.3856343951614084
201800022128,NonLethal,2018-10-14,18:00:00,Daylight,290,19,Yes,NoIntersection,LightRain,Other,DE LATTRE DE TASSIGNY MA,M,48.38663609936573,-0.3866871704581583
201800022129,NonLethal,2018-10-15,09:45:00,Daylight,290,19,Yes,NoIntersection,Normal,2Vehicles-Side,DESFOSSES ROMAIN (AMIRAL,M,48.424017892596375,-0.4279619033770568
201800022130,NonLethal,2018-10-20,16:40:00,Daylight,290,19,Yes,X-type,Normal,2Vehicles-Side,MUSSET ALFRED DE,M,48.38807019569639,-0.3879504306339923
201800022131,NonLethal,2018-10-17,08:40:00,Daylight,290,19,Yes,X-type,LightRain,2Vehicles-Side,CASABIANCA,M,48.37389251309079,-0.3736307533555089
201800022132,NonLethal,2018-10-18,18:15:00,Daylight,290,19,Yes,X-type,Normal,2Vehicles-Side,GOUESNOU (DE 221 ET 214,M,48.42385413885251,-0.4234627282053209
201800022133,NonLethal,2018-10-22,06:50:00,TwilightOrDawn,290,19,Yes,Roundabout,LightRain,2Vehicles-Side,DUQUESNE (DE 8 ET 13 A 2,M,48.392106543603546,-0.3909394522338669
201800022134,NonLethal,2018-10-24,08:23:00,Daylight,290,19,Yes,Roundabout,Normal,2Vehicles-Side,LE BRIS JEAN MARIE,M,48.38550689089058,-0.3824642632474936
201800022135,NonLethal,2018-10-20,16:40:00,Daylight,290,19,Yes,T-type,Normal,2Vehicles-Side,DUPUY DE LOME (DE 1 A 33,M,48.39095378172643,-0.3899461565573997
201800022136,NonLethal,2018-10-23,17:45:00,Daylight,290,19,Yes,Other,Normal,3+Vehicles-Chain,DUPUY DE LOME (DE 34 ET,M,48.38681320478105,-0.38806013075578
201800022137,NonLethal,2018-10-29,18:41:00,TwilightOrDawn,290,19,Yes,X-type,Normal,2Vehicles-Behind,EUROPE (DE 201 A 215),M,48.4130959024957,-0.4123686031375717
201800022139,NonLethal,2018-01-11,01:30:00,NightStreelightsOn,290,19,Yes,T-type,Normal,Other,Rue de SIAM,M,48.384326004561686,-0.3852381935654111
201800022140,NonLethal,2018-11-04,18:06:00,TwilightOrDawn,290,19,No,Roundabout,LightRain,3+Vehicles-Chain,RN 12 (PEN AR CH'LEUZ A,M,48.41574907806591,-0.4155889924503757
201800022141,NonLethal,2018-11-06,08:55:00,Daylight,290,19,Yes,NoIntersection,Normal,3+Vehicles-Multiple,PRIGENT TANGUY (DE MESNO,M,48.39730502885144,-0.3974320555997555
201800022144,NonLethal,2018-11-13,07:25:00,NightStreelightsOn,290,19,Yes,NoIntersection,Normal,Other,LE GORGEU (SANS Nø ENTRE,M,48.405431532509766,-0.4074813658278515
201800022145,NonLethal,2018-11-20,18:50:00,NightStreelightsOn,290,19,Yes,Roundabout,LightRain,2Vehicles-Side,FOCH MARECHAL,M,48.3912419826969,-0.3927258401695626
201800022146,NonLethal,2018-11-23,06:10:00,NightStreelightsOn,290,19,Yes,MoreThan4Branches,Normal,2Vehicles-Side,PLYMOUTH (Nø 63),M,48.38693518277915,-0.3871245117589732
201800022147,NonLethal,2018-11-24,12:30:00,Daylight,290,19,Yes,NoIntersection,Normal,NoCollision,ROND POINT DU GENERAL KO,M,48.37700594098888,-0.37792513984521
201800022148,NonLethal,2018-11-25,13:50:00,Daylight,290,19,Yes,NoIntersection,Normal,2Vehicles-Behind,SAINT MARC ROUTE DU VIEU,M,48.39387748820414,-0.3922987179636393
201800022149,NonLethal,2018-11-25,17:50:00,NightStreelightsOn,290,19,Yes,X-type,Normal,2Vehicles-Side,DONNART MATHIEU (DE 1 A,M,48.39961276546003,-0.4013350629556826
201800022150,NonLethal,2018-11-22,08:30:00,Daylight,290,19,Yes,Other,Normal,2Vehicles-Side,ROCH GLAS (ROUTE ET CHEM,M,48.43535436218807,-0.4346747714554708
201800022151,NonLethal,2018-11-27,17:00:00,Daylight,290,19,No,NoIntersection,LightRain,3+Vehicles-Chain,RN 12,M,48.42743447281375,-0.4291620325832799
201800022152,NonLethal,2018-11-29,16:40:00,Daylight,290,19,Yes,NoIntersection,LightRain,2Vehicles-Behind,EUROPE (DE 161 A 199),M,48.41316530764807,-0.4142266191083137
201800022154,NonLethal,2018-02-12,18:20:00,NightStreelightsOff,290,19,Yes,NoIntersection,LightRain,2Vehicles-Behind,ECOLE NAVALE  (DE 1 A 10,M,48.38044684665765,-0.3816191070693143
201800022155,NonLethal,2018-12-05,20:15:00,NightStreelightsOn,290,19,Yes,NoIntersection,LightRain,Other,D'ESTIENNE D'ORVES,M,48.39142068586687,-0.3902780122395233
201800022156,NonLethal,2018-12-08,18:03:00,TwilightOrDawn,290,19,Yes,Roundabout,Normal,2Vehicles-Side,GLASGOW (DE 1 A 9 ET 2 A,M,48.3920033618568,-0.3950372014232495
201800022159,NonLethal,2018-12-10,17:00:00,Daylight,290,19,Yes,Roundabout,Normal,2Vehicles-Side,LESVEN JULES (DE 26 A 58,M,48.40785548149096,-0.4090575921982169
201800022160,NonLethal,2018-12-11,18:00:00,NightStreelightsOff,290,19,Yes,NoIntersection,Normal,Other,MOZART,M,48.39493932268152,-0.3966660797384989
201800022162,NonLethal,2018-12-07,09:00:00,TwilightOrDawn,290,19,Yes,NoIntersection,HeavyRain,Other,SEBASTOPOL,M,48.39789364186901,-0.3993282977653787
201800022163,NonLethal,2018-12-13,18:32:00,NightStreelightsOn,290,19,Yes,NoIntersection,LightRain,Other,EUROPE (DE 58 A l66 ET 9,M,48.41429244460424,-0.4163557267833446
201800022164,NonLethal,2018-12-16,05:04:00,NightStreelightsOn,290,19,Yes,NoIntersection,LightRain,Other,SALAUN PENQUER,M,48.38550829725825,-0.3838279015523178
201800022165,NonLethal,2018-12-14,21:06:00,NightStreelightsOn,290,19,Yes,NoIntersection,Normal,Other,SAINT MARC (DE 64 A 112,M,48.39785912023367,-0.3987129085700729
201800022167,NonLethal,2018-12-19,18:15:00,NightStreelightsOn,290,19,Yes,T-type,Normal,2Vehicles-Side,CASANOVA DANIELE,M,48.405330180295806,-0.4037182336499035
201800022168,NonLethal,2018-11-13,21:07:00,NightStreelightsOn,290,19,Yes,T-type,LightRain,2Vehicles-Side,ROBESPIERRE (DE 1 A 31 E,M,48.41060529611271,-0.4098844604268527
201800022169,NonLethal,2018-12-06,19:25:00,NightStreelightsOn,290,19,Yes,T-type,LightRain,2Vehicles-Side,PEN AR HOAT (IMPASSE ET,M,48.39540509956903,-0.3964944620845338
201800022170,NonLethal,2018-12-20,17:30:00,NightStreelightsOn,290,19,Yes,T-type,LightRain,3+Vehicles-Multiple,ROBESPIERRE (DE 1 A 31 E,M,48.41558989458832,-0.4152219617013075
201800022171,NonLethal,2018-12-27,11:08:00,Daylight,290,19,Yes,X-type,Normal,2Vehicles-Side,EUROPE (DE 58 A 166 ET 9,M,48.4165668528734,-0.4150624021130231
201800022172,NonLethal,2018-12-28,08:55:00,Daylight,290,19,Yes,X-type,Normal,2Vehicles-Side,SAINT MARC (DE 64 A 112,M,48.41562042173143,-0.4170287547426644
201800022173,NonLethal,2018-12-28,12:45:00,Daylight,290,19,Yes,NoIntersection,Normal,2Vehicles-Side,SEBASTOPOL,M,48.40060681030855,-0.3999747908664517
201800022174,NonLethal,2018-01-01,09:00:00,Daylight,400,164,No,NoIntersection,Overcast,Other,autoroute 65 - PK 44.300,M,44.12180527078876,-0.1228981692904195
201800022175,NonLethal,2018-06-05,10:00:00,Daylight,400,164,No,NoIntersection,HeavyRain,NoCollision,"A65, PK 048+000",M,44.1318798874422,-0.1346380342796664
201800022179,NonLethal,2018-12-21,22:45:00,NightNoStreetLight,400,164,No,NoIntersection,LightRain,Other,PK 041.800,M,44.12793531320618,-0.1291837200427452
201800022181,NonLethal,2018-01-15,20:15:00,NightNoStreetLight,290,39,No,NoIntersection,LightRain,Other,RN165 (VE),M,47.92810414843694,-0.9261685788716228
201800022183,NonLethal,2018-01-29,13:07:00,Daylight,290,39,Yes,NoIntersection,Normal,NoCollision,JOSEPH BIGOT,M,47.88516640542047,-0.8849784355055309
201800022184,NonLethal,2018-02-06,20:27:00,NightNoStreetLight,290,39,No,NoIntersection,SnowOrHail,2Vehicles-BehindVehicles-Frontal,RD 70 (route dpartement,M,47.91105380540662,-0.9103281532738852
201800022185,Lethal,2018-02-21,03:45:00,NightStreelightsOn,290,39,Yes,T-type,Normal,NoCollision,MOROS (  QUAI RIVE DROIT,M,47.87573835490221,-0.8753405451965605
201800022186,NonLethal,2018-03-04,19:05:00,NightStreelightsOn,290,39,Yes,Y-type,Normal,NoCollision,"5, GARE (AVENUE DE LA)",M,47.8733855743111,-0.8737379099528514
201800022187,NonLethal,2018-09-03,17:45:00,Daylight,290,39,No,NoIntersection,Overcast,Other,RD 70 (route dpartement,M,47.92000777611252,-0.9185559197306884
201800022188,NonLethal,2018-03-23,15:45:00,Daylight,290,39,No,NoIntersection,Overcast,NoCollision,RD 44,M,47.92194586430425,-0.9211236003083688
201800022189,NonLethal,2018-03-24,19:05:00,TwilightOrDawn,290,39,Yes,NoIntersection,Overcast,2Vehicles-Side,STANG AR LIN ( RUE DE),M,47.883071243934594,-0.88457740129227
201800022191,NonLethal,2018-04-27,13:30:00,Daylight,290,39,Yes,X-type,LightRain,2Vehicles-Behind,RD 783,M,47.87981150834562,-0.8820632734287499
201800022192,NonLethal,2018-05-13,08:10:00,Daylight,290,39,Yes,NoIntersection,Normal,Other,JAN (RUE ROBERT),M,47.88170701324524,-0.8827145796885764
201800022193,Lethal,2018-05-15,17:05:00,Daylight,290,39,Yes,NoIntersection,Normal,Other,QUIMPER ( RUE DE),M,47.88882829269993,-0.8885974698445822
201800022194,NonLethal,2018-05-22,04:00:00,NightNoStreetLight,290,39,Yes,NoIntersection,Normal,Other,COLGUEN ( RUE DE),M,47.904470882128415,-0.9040833610866864
201800022195,NonLethal,2018-05-29,14:25:00,Daylight,290,39,No,NoIntersection,LightRain,NoCollision,TRICHARD (RUE YVES),M,47.875827974353534,-0.8771760181828548
201800022196,NonLethal,2018-06-12,17:20:00,Daylight,290,39,Yes,Roundabout,Normal,2Vehicles-Behind,VILLENEUVE ( RUE DE LA),M,47.89443689848811,-0.8956560087769707
201800022197,NonLethal,2018-06-14,12:15:00,Daylight,290,39,Yes,NoIntersection,LightRain,NoCollision,VILLENEUVE ( RUE DE LA),M,47.89733060848511,-0.896871585397017
201800022198,NonLethal,2018-06-16,14:20:00,Daylight,290,39,No,NoIntersection,LightRain,2Vehicles-Behind,VILLENEUVE ( RUE DE LA),M,47.89590203184624,-0.8955600283261307
201800022201,NonLethal,2018-06-26,15:45:00,Daylight,290,39,No,NoIntersection,Normal,Other,RN165 (VE),M,47.93662784535571,-0.9359522749725752
201800022202,NonLethal,2018-07-07,01:45:00,NightNoStreetLight,290,39,No,NoIntersection,Normal,NoCollision,KERGUERES (Route de),M,47.89686425040925,-0.8983659280180204
201800022203,NonLethal,2018-09-07,20:48:00,Daylight,290,39,No,X-type,Normal,2Vehicles-Side,RD 783,M,47.87463622785777,-0.874710403739304
201800022204,NonLethal,2018-07-19,12:20:00,Daylight,290,39,No,NoIntersection,Normal,NoCollision,beg menez,M,47.894254130796114,-0.8953597367551727
201800022205,NonLethal,2018-07-27,15:20:00,Daylight,290,39,Yes,Other,LightRain,2Vehicles-Side,KERIOLET ( RUE DE ),M,47.88877556577442,-0.8875512765110012
201800022206,NonLethal,2018-07-31,11:10:00,Daylight,290,39,No,NoIntersection,Normal,3+Vehicles-Multiple,TREGUNC (ROUTE DE),M,47.86936766657148,-0.8699341599646717
201800022207,NonLethal,2018-08-10,11:35:00,Daylight,290,39,Yes,NoIntersection,Normal,2Vehicles-BehindVehicles-Frontal,BONNIER ( RUE GASTON),M,47.871631020412366,-0.8687851566094448
201800022208,NonLethal,2018-11-08,01:40:00,NightStreelightsOn,290,39,Yes,T-type,Normal,2Vehicles-BehindVehicles-Frontal,MOROS ( QUAI RIVE GAUCHE,M,47.87501984990623,-0.8771313668797548
201800022209,NonLethal,2018-08-22,17:10:00,Daylight,290,39,No,NoIntersection,Normal,NoCollision,RD 783,M,47.880441088019246,-0.8827158544423226
201800022210,NonLethal,2018-08-25,17:40:00,Daylight,290,39,Yes,Roundabout,Normal,2Vehicles-Side,maison blanche (rond poi,M,47.88837784984176,-0.890526119282207
201800022211,NonLethal,2018-09-07,12:00:00,Daylight,290,39,Yes,NoIntersection,Normal,2Vehicles-Behind,RD 783 BEUZEC,M,47.87927416319868,-0.8784063228615563
201800022212,NonLethal,2018-09-14,08:00:00,Daylight,290,39,No,NoIntersection,Normal,NoCollision,KERSIMONOU ( CHEMIN DE ),M,47.93746220035739,-0.9363568466966068
201800022213,NonLethal,2018-09-19,05:54:00,NightStreelightsOn,290,39,Yes,NoIntersection,Normal,Other,VILLENEUVE ( RUE DE LA),M,47.89949344120576,-0.8989192349271193
201800022215,NonLethal,2018-10-25,10:40:00,Daylight,290,39,Yes,Roundabout,Normal,2Vehicles-Side,QUIMPER ( RUE DE),M,47.88373574445773,-0.8823633988890724
201800022217,NonLethal,2018-11-15,08:15:00,TwilightOrDawn,290,39,Yes,NoIntersection,LightRain,NoCollision,DOLTO Francoise (RUE),M,47.89061139494617,-0.8916862673968071
201800022218,NonLethal,2018-11-20,07:40:00,NightNoStreetLight,290,39,No,NoIntersection,Normal,2Vehicles-Behind,RN165 (VE),M,47.94035148881888,-0.9417467145498384
201800022220,NonLethal,2018-11-30,16:45:00,Daylight,290,39,Yes,NoIntersection,Normal,NoCollision,CARNOT ( QUAI),M,47.87502750493788,-0.8753051337242002
201800022221,NonLethal,2018-12-13,19:10:00,NightNoStreetLight,290,39,No,NoIntersection,Overcast,Other,RD 122,M,47.879685020772,-0.8770486695362276
201800022222,NonLethal,2018-12-27,15:20:00,Daylight,290,39,Yes,NoIntersection,Normal,Other,KERVINIOU ( RUE DE ),M,47.862607532167175,-0.8618657757069365
201800022223,NonLethal,2018-12-31,19:25:00,NightNoStreetLight,290,39,No,NoIntersection,Normal,Other,RD 783,M,47.88760242979982,-0.8845119747708732
201800022224,NonLethal,2018-03-02,23:19:00,NightNoStreetLight,290,151,No,NoIntersection,LightRain,2Vehicles-Behind,RNl2,M,48.59483470035482,-0.595960604112622