AccidentId,Gravity,Date,Hour,Light,Department,Commune,InAgglomeration,IntersectionType,Weather,CollisionType,PostalAddress,GPSCode,Latitude,Longitude
201800022225,NonLethal,2018-02-16,17:25:00,Daylight,290,151,Yes,NoIntersection,Normal,Other,"3, LEON (QUAI DE)",M,48.58375656124376,-0.580968818634749
201800022226,NonLethal,2018-05-15,16:35:00,Daylight,290,151,No,Other,Normal,Other,EXPRESS RN 12 (VOIE),M,48.59481112979708,-0.5939545221388265
201800022227,NonLethal,2018-06-27,17:15:00,Daylight,290,151,No,NoIntersection,Normal,NoCollision,BAS DE LA RIVIERE (ROUTE,M,48.62660991232781,-0.6238022028820704
201800022229,NonLethal,2018-08-23,10:15:00,Daylight,290,151,Yes,NoIntersection,Normal,Other,COURBET (RUE GUSTAVE),M,48.59062651365054,-0.5890974282398312
201800022231,NonLethal,2018-08-25,16:12:00,Daylight,290,151,Yes,NoIntersection,Normal,NoCollision,JAURES (RUE JEAN),M,48.57574331448661,-0.5759583014021317
201800022232,NonLethal,2018-08-10,12:30:00,Daylight,290,151,No,NoIntersection,Normal,2Vehicles-Behind,AERODROME (RUE DE L'),M,48.60544695619488,-0.6035886539974469
201800022235,NonLethal,2018-11-18,13:30:00,Daylight,290,151,Yes,Roundabout,Normal,2Vehicles-Behind,KERFRAVAL (RUE DE),M,48.58825567732727,-0.5873962127862848
201800022236,NonLethal,2018-11-29,18:15:00,TwilightOrDawn,290,254,Yes,NoIntersection,Normal,2Vehicles-Behind,PLOUVORN (ROUTE DE),M,48.57528351874127,-0.5728104170659061
201800022237,NonLethal,2018-02-03,09:40:00,Daylight,520,332,No,NoIntersection,Normal,2Vehicles-Behind,A31 PK 143+100 sens NANC,M,48.0190945133267,5.020191593664132
201800022238,NonLethal,2018-03-15,07:40:00,Daylight,520,14,No,NoIntersection,HeavyRain,NoCollision,"A3l, pk 97+900",M,47.77022073808474,5.77230024330692
201800022239,NonLethal,2018-04-05,15:05:00,Daylight,520,14,Yes,NoIntersection,Normal,3+Vehicles-Chain,A31 PK 95+200 sens DIJON,M,47.75571967304746,5.756057562008321
201800022242,NonLethal,2018-09-05,20:20:00,TwilightOrDawn,520,519,No,NoIntersection,HeavyRain,Other,A31 PK 88+900,M,47.698804124178935,5.69865763153901
201800022243,NonLethal,2018-06-20,19:30:00,Daylight,520,384,No,NoIntersection,Normal,2Vehicles-Behind,autoroute a31,M,47.80967943798083,5.808861146371085
201800022244,NonLethal,2018-07-08,10:20:00,Daylight,520,114,No,Roundabout,Normal,Other,aire de service de CHATE,M,48.05523580966647,4.057655690237354
201800022245,NonLethal,2018-07-30,05:40:00,TwilightOrDawn,520,189,No,NoIntersection,Normal,2Vehicles-Behind,"A31 - PK 90,300 - sens N",M,47.68130996484789,5.68120868887127
201800022246,NonLethal,2018-09-04,15:00:00,Daylight,520,312,No,NoIntersection,Normal,2Vehicles-Behind,A31 PK 110+300,M,47.88611518961824,5.885039132929065
201800022247,NonLethal,2018-01-14,07:45:00,Daylight,570,373,No,NoIntersection,Normal,NoCollision,route départementale 22,M,49.079207495944274,6.07999550033944
201800022248,NonLethal,2018-01-17,15:00:00,Daylight,570,224,Yes,X-type,Overcast,2Vehicles-Side,29 rue principale,M,49.06955767312665,6.068876634793341
201800022249,NonLethal,2018-01-22,13:55:00,Daylight,570,224,No,NoIntersection,HeavyRain,Other,route départementale 20,M,49.06425867058203,6.063198119814366
201800022250,NonLethal,2018-06-04,10:00:00,Daylight,570,690,Yes,NoIntersection,Normal,NoCollision,Grand rue,M,49.0896216056339,6.086381257320853
201800022251,NonLethal,2018-04-16,07:40:00,Daylight,570,224,Yes,NoIntersection,VeryGood,Other,44 rue calmette,M,49.07850982477479,6.078452684144104
201800022252,NonLethal,2018-02-07,15:45:00,Daylight,570,15,No,NoIntersection,Normal,2Vehicles-BehindVehicles-Frontal,D22,M,49.06489476634728,6.064496533556676
201800022253,NonLethal,2018-09-20,15:40:00,Daylight,570,690,No,NoIntersection,Normal,2Vehicles-BehindVehicles-Frontal,D 910 a,M,49.07242448949153,6.073218153805549
201800022254,NonLethal,2018-10-07,13:00:00,Daylight,570,690,Yes,NoIntersection,Normal,Other,2 Rue du Wenheck,M,49.093714411927856,6.094838415154124
201800022255,NonLethal,2018-03-02,08:10:00,Daylight,760,238,Yes,NoIntersection,LightRain,NoCollision,rue de la Lézarde,M,49.562717037337066,2.56549895973823
201800022256,NonLethal,2018-02-11,15:20:00,Daylight,760,534,No,NoIntersection,Normal,2Vehicles-BehindVehicles-Frontal,Rue René Coty - Départem,M,49.57532766891661,2.576109672704652
201800022257,Lethal,2018-01-29,12:30:00,Daylight,410,46,No,NoIntersection,Normal,3+Vehicles-Multiple,A71 PK 134+600 SENS 1,M,47.640000742059534,1.6368854566985422
201800022258,NonLethal,2018-02-20,17:45:00,TwilightOrDawn,410,106,No,NoIntersection,LightRain,3+Vehicles-Multiple,A71 - PK 137+300,M,47.595747472096654,1.593193479699263
201800022259,NonLethal,2018-02-28,23:10:00,NightNoStreetLight,410,256,No,NoIntersection,SnowOrHail,NoCollision,PK 167+300,M,47.32003142974299,2.318456109726712
201800022260,NonLethal,2018-12-05,07:00:00,TwilightOrDawn,410,161,No,NoIntersection,Normal,NoCollision,"A71, PK 137+600",M,47.60057904002847,1.6018968031539622
201800022261,NonLethal,2018-09-07,11:50:00,Daylight,410,232,No,NoIntersection,Normal,NoCollision,PK 159.000 sens 2,M,47.4007115514643,2.400326561233694
201800022262,NonLethal,2018-07-17,13:01:00,Daylight,410,161,No,NoIntersection,Normal,2Vehicles-Behind,A71 - PK 144 - sens 2,M,47.53059241127377,2.530160904724101
201800022263,NonLethal,2018-07-25,11:50:00,Daylight,410,46,No,NoIntersection,VeryGood,NoCollision,autoroute A71,M,47.66113720779218,1.6604560486428448
201800022264,NonLethal,2018-09-02,15:10:00,Daylight,410,46,No,NoIntersection,Normal,NoCollision,A71,M,47.62642811595961,1.628011204389043
201800022265,NonLethal,2018-01-03,19:36:00,NightStreelightsOn,290,232,Yes,Roundabout,LightRain,2Vehicles-Side,GIRONDINS AVENUE DES,M,47.9878667285398,-0.9897072741758284
201800022266,NonLethal,2018-04-01,16:20:00,Daylight,290,232,No,NoIntersection,LightRain,2Vehicles-Behind,"., MORBIHAN AVENUE DU",M,47.98040193721572,-0.9784739291328548
201800022267,NonLethal,2018-06-01,20:30:00,NightStreelightsOn,290,232,Yes,NoIntersection,Normal,2Vehicles-Side,"42, LIBERATION AVENUE DE",M,47.99188940826613,-0.993402127472101
201800022268,NonLethal,2018-09-01,16:30:00,Daylight,290,232,Yes,NoIntersection,HeavyRain,2Vehicles-BehindVehicles-Frontal,"., TY BOS AVENUE DE",M,47.97372756023644,-0.9746325886505928
201800022269,NonLethal,2018-01-11,09:30:00,Daylight,290,232,Yes,NoIntersection,Normal,Other,"18, PARC RUE DU",M,47.99464889788152,-0.994958149645053
201800022270,NonLethal,2018-01-17,20:00:00,NightNoStreetLight,290,232,No,NoIntersection,Normal,Other,ERGUE ARMEL BOULEVARD D',M,47.98914872271147,-0.9886331142434266
201800022271,NonLethal,2018-01-18,08:20:00,NightNoStreetLight,290,232,Yes,NoIntersection,LightRain,Other,"ll BIS, PIVERTS RUE DES",M,47.98786185622557,-0.989664561040193
201800022273,NonLethal,2018-01-19,09:15:00,Daylight,290,232,Yes,NoIntersection,Normal,Other,"9, KEROMNES RUE DE",M,47.98285049731935,-0.9847388864226956
201800022274,NonLethal,2018-01-23,07:20:00,NightStreelightsOff,290,232,Yes,NoIntersection,Normal,Other,"9 bis, HIPPODROME RUE DE",M,47.99693447947711,-0.9981631132763084
201800022275,NonLethal,2018-01-22,14:25:00,Daylight,290,232,No,NoIntersection,LightRain,Other,"51, KERVRAHU ROUTE DE",M,48.006786947117,-0.0066717795618006
201800022276,NonLethal,2018-01-24,17:50:00,TwilightOrDawn,290,232,Yes,NoIntersection,LightRain,2Vehicles-Behind,"., PRESIDENT ALLENDE BOU",M,47.99239290855287,-0.9943886926155564
201800022277,NonLethal,2018-01-25,08:10:00,TwilightOrDawn,290,232,No,NoIntersection,LightRain,2Vehicles-Behind,"., PLUGUFFAN ROUTE DE",M,47.97841626013329,-0.9788893348180951
201800022278,NonLethal,2018-01-06,19:15:00,NightStreelightsOn,290,232,Yes,NoIntersection,Normal,NoCollision,"., BRETAGNE BOULEVARD DE",M,47.98461692361298,-0.9841078034475672
201800022279,NonLethal,2018-01-20,17:20:00,Daylight,290,232,Yes,NoIntersection,LightRain,NoCollision,"., POULGUINAN BOULEVARD",M,47.98393248394608,-0.9835260995035492
201800022280,NonLethal,2018-02-01,12:00:00,Daylight,290,232,Yes,NoIntersection,Normal,2Vehicles-Behind,FRANCE LIBRE  AVENUE DE,M,48.00533253564395,-0.0064202189164132
201800022281,NonLethal,2018-02-01,12:20:00,Daylight,290,232,Yes,NoIntersection,Normal,NoCollision,19 mars 1962,M,47.98774832685087,-0.9893556319332472
201800022282,NonLethal,2018-01-02,15:30:00,Daylight,290,232,Yes,Roundabout,Normal,2Vehicles-Behind,PRESIDENT ALLENDE BOULEV,M,47.99042041761967,-0.9900031588473714
201800022283,NonLethal,2018-02-03,17:40:00,TwilightOrDawn,290,232,Yes,NoIntersection,LightRain,Other,"25, COSQUER RUE DU",M,48.00086298890608,-0.0025135671312523
201800022284,NonLethal,2018-01-21,16:11:00,Daylight,290,232,Yes,NoIntersection,HeavyRain,2Vehicles-Side,"., LOUIS LE GUENNEC",M,47.9775935591811,-0.9787404395984296
201800022285,NonLethal,2018-04-02,15:20:00,Daylight,290,232,Yes,NoIntersection,LightRain,NoCollision,GOUNOD CHARLES RUE,M,47.9988428029018,-0.99858293355495
201800022286,NonLethal,2018-08-02,20:50:00,NightStreelightsOn,290,51,No,NoIntersection,Normal,2Vehicles-Side,"., CORAY ROUTE DE",M,48.00206764987547,7.625717159550661e-05
201800022287,NonLethal,2018-07-02,11:35:00,Daylight,290,232,Yes,T-type,Normal,2Vehicles-Side,"27, BAUDELAIRE CHARLES R",M,48.00305594855202,-0.0048631263623997
201800022288,NonLethal,2018-08-02,15:15:00,Daylight,290,51,No,Y-type,Normal,NoCollision,Kersaux Chemin de,M,48.02776741561592,-0.0290479437080258
201800022289,NonLethal,2018-02-09,13:50:00,Daylight,290,232,Yes,Other,Normal,2Vehicles-Behind,"., LE GUENNEC LOUIS BOUL",M,47.979770104397126,-0.9799788090922994
201800022290,NonLethal,2018-02-16,09:15:00,Daylight,290,232,Yes,T-type,Normal,2Vehicles-Side,"57, BLUM  LEON RUE",M,47.98674706360729,-0.9859592466531734
201800022291,NonLethal,2018-02-24,19:45:00,TwilightOrDawn,290,51,No,NoIntersection,Normal,Other,"., RN 165",M,48.00056394132182,-0.0024863197028461
201800022292,NonLethal,2018-03-01,14:45:00,Daylight,290,232,Yes,NoIntersection,SnowOrHail,NoCollision,"07, PROVENCE BOULEVARD D",M,47.98400810996305,-0.986643489336319
201800022293,NonLethal,2018-01-01,08:15:00,NightStreelightsOn,290,232,Yes,NoIntersection,HeavyRain,2Vehicles-Side,"., POHER RUE DU",M,47.98303263111691,-0.9813236878692267
201800022295,NonLethal,2018-06-03,11:15:00,Daylight,290,232,Yes,NoIntersection,LightRain,2Vehicles-Side,"., THEPOT YVES AVENUE",M,47.98977497183034,-0.9880258191243488
201800022297,NonLethal,2018-08-03,17:16:00,Daylight,290,232,No,NoIntersection,Normal,NoCollision,RN 165,M,48.03277902620457,-0.0352206899629923
201800022298,NonLethal,2018-03-09,15:22:00,Daylight,290,232,Yes,Roundabout,Overcast,2Vehicles-Behind,"., LEBON PHILIPPE  ROND",M,47.99513088142545,-0.9976634757115068
201800022299,NonLethal,2018-03-11,08:45:00,Daylight,290,232,No,NoIntersection,LightRain,Other,"., TY BOS AVENUE DE",M,47.9733490612278,-0.9729936163969084
201800022300,NonLethal,2018-03-09,16:25:00,Daylight,290,232,Yes,NoIntersection,LightRain,NoCollision,"61, BENODET rue de",M,47.98542503193051,-0.9862752393071376
201800022301,NonLethal,2018-03-19,21:25:00,NightStreelightsOff,290,232,Yes,NoIntersection,LightRain,NoCollision,BRIAND  ARISTIDE RUE,M,47.99504175126378,-0.9969399211839334
201800022302,NonLethal,2018-02-10,21:00:00,NightStreelightsOn,290,232,Yes,NoIntersection,Normal,NoCollision,"., BARBUSSE HENRI RUE",M,47.9894089280676,-0.990315589005619
201800022303,NonLethal,2018-03-21,23:18:00,NightStreelightsOn,290,232,Yes,NoIntersection,Normal,Other,"1BIS, RUE LE DANTEC",M,47.97812341342484,-0.977768287845922
201800022304,NonLethal,2018-03-23,07:45:00,TwilightOrDawn,290,232,Yes,Roundabout,Normal,NoCollision,MASSE  ALEXANDRE PLACE,M,47.99728559096927,-0.9951977160679591
201800022305,NonLethal,2018-03-23,08:00:00,Daylight,290,232,No,NoIntersection,Normal,2Vehicles-Behind,FLANDRES DUNKERQUE 1940,M,47.979816088962856,-0.9786953592814532
201800022306,NonLethal,2018-03-22,15:42:00,Daylight,290,232,Yes,Other,Overcast,Other,TOURBIE PLACE DE LA,M,47.99882599256818,-1.0006900367615177
201800022308,NonLethal,2018-03-29,13:30:00,Daylight,290,232,Yes,NoIntersection,Normal,3+Vehicles-Chain,"49, PROVIDENCE RUE DE LA",M,47.99998749898831,-0.9988870072912516
201800022309,NonLethal,2018-03-29,12:05:00,Daylight,290,232,Yes,NoIntersection,Normal,Other,"55, AMIRAL DE KERGUELEN",M,47.59459512841573,-0.5945779868910366
201800022310,NonLethal,2018-03-30,15:50:00,Daylight,290,232,Yes,NoIntersection,Normal,2Vehicles-Side,"11, POHER RUE DU",M,47.983292573141405,-0.9841431944823428
201800022311,NonLethal,2018-03-31,15:10:00,Daylight,290,232,Yes,NoIntersection,Normal,2Vehicles-Behind,"37, AMIRAL DE KERGUELEN",M,47.99531447322107,-0.9956808905324318
201800022312,NonLethal,2018-03-17,11:05:00,Daylight,290,232,No,NoIntersection,Normal,NoCollision,Rte de Kerledan,M,48.03845371865484,-0.0374623723494244
201800022314,NonLethal,2018-06-04,09:00:00,Daylight,290,232,No,NoIntersection,Normal,2Vehicles-Side,ROSPORDEN ROUTE DE,M,47.97902243964656,-0.9804105777160416
201800022315,NonLethal,2018-03-04,12:35:00,Daylight,290,232,Yes,NoIntersection,Normal,Other,"., KERIVOAL RUE",M,48.00689800726093,-0.0064082996727579
201800022316,NonLethal,2018-04-03,11:52:00,Daylight,290,232,Yes,Roundabout,Normal,2Vehicles-Behind,LIBERATION AVENUE DE LA,M,47.99152050832641,-0.9914350960900878
201800022317,NonLethal,2018-11-04,12:25:00,Daylight,290,232,Yes,NoIntersection,Normal,2Vehicles-Behind,PRESIDENT ALLENDE BOULEV,M,47.99424135014264,-0.9943596203648428
201800022319,NonLethal,2018-04-12,12:05:00,Daylight,290,232,Yes,NoIntersection,Normal,2Vehicles-Behind,PONTIGOU RUE DU,M,48.00031764466975,-0.0019130545809566
201800022320,NonLethal,2018-04-15,01:55:00,NightNoStreetLight,290,232,No,NoIntersection,Normal,2Vehicles-Side,VOIE EXPRESS QUIMPER - B,M,48.04859711538426,-0.0469423707065649
201800022322,NonLethal,2018-04-19,17:25:00,Daylight,290,232,Yes,Other,Normal,2Vehicles-Side,LE GUENNEC LOUIS BOULEVA,M,47.98504900615315,-0.9816085495360845
201800022323,NonLethal,2018-04-23,12:00:00,Daylight,290,232,Yes,NoIntersection,Normal,Other,KERFEUNTEUN RUE DE,M,48.000246021420935,-0.9987764276939796
201800022324,NonLethal,2018-04-26,14:10:00,Daylight,290,232,Yes,NoIntersection,Normal,2Vehicles-Side,GUTENBERG BOULEVARD,M,47.58759644861485,4.587099405141145
201800022326,NonLethal,2018-04-28,21:00:00,TwilightOrDawn,290,51,No,NoIntersection,Normal,NoCollision,CORAY ROUTE DE,M,48.01127499161176,-0.0103188097097873
201800022327,NonLethal,2018-03-05,09:30:00,Daylight,290,232,Yes,NoIntersection,Normal,2Vehicles-Side,164 BREST ROUTE DE,M,48.01676575740556,-0.0145736721689837
201800022328,NonLethal,2018-07-05,14:45:00,Daylight,290,232,No,NoIntersection,VeryGood,Other,MORBIHAN AVENUE DU,M,47.97792153869502,-0.9774095470930998
201800022329,NonLethal,2018-08-05,21:20:00,Daylight,290,232,Yes,NoIntersection,Normal,2Vehicles-Side,GUTENBERG BOULEVARD,M,47.98000458064255,-0.97977316673588
201800022330,NonLethal,2018-10-05,22:31:00,NightNoStreetLight,290,232,No,NoIntersection,Normal,Other,RN 165,M,48.0146517430684,-0.0152296735313114
201800022331,NonLethal,2018-05-13,08:55:00,Daylight,290,232,Yes,Roundabout,Normal,2Vehicles-Side,EAU BLANCHE ROND POINT D,M,47.9901725812682,-0.9881844951404996
201800022332,NonLethal,2018-05-11,11:15:00,Daylight,290,232,Yes,NoIntersection,Normal,2Vehicles-Behind,ROSPORDEN VIEILLE ROUTE,M,47.986093575402826,-0.984500052786422
201800022333,NonLethal,2018-05-15,15:17:00,Daylight,290,232,Yes,NoIntersection,Normal,2Vehicles-Side,PONT L'ABBE ROUTE DE,M,47.982476971824845,-0.9827992403202248
201800022334,NonLethal,2018-05-15,13:45:00,Daylight,290,232,Yes,Roundabout,Normal,3+Vehicles-Chain,CROIX DES GARDIENS  ROND,M,48.01047897637329,-0.0098371814791129
201800022335,NonLethal,2018-05-16,14:40:00,Daylight,290,232,No,NoIntersection,Normal,Other,LENDU ROUTE DU,M,47.95252734326292,-0.9518579916094824
201800022336,NonLethal,2018-05-18,07:30:00,Daylight,290,51,Yes,X-type,Normal,2Vehicles-Side,ROUILLEN AVENUE,M,48.00004568747307,-0.9986694519453831
201800022337,NonLethal,2018-05-23,07:45:00,Daylight,290,232,Yes,Roundabout,Normal,Other,PRESIDENT ALLENDE BOULEV,M,48.00330699227775,-0.0022761345943967
201800022338,NonLethal,2018-05-22,12:20:00,Daylight,290,51,Yes,T-type,Normal,2Vehicles-Side,ROUILLEN AVENUE,M,47.99495369111824,-0.9953810699698176
201800022339,NonLethal,2018-05-25,19:53:00,Daylight,290,232,Yes,NoIntersection,HeavyRain,Other,PLUGUFFAN ROUTE DE,M,47.98003275673272,-0.9796667265632176
201800022340,NonLethal,2018-05-27,19:30:00,Daylight,290,232,Yes,T-type,Normal,2Vehicles-Behind,GLAIEULS IMPASSE DES,M,47.9993591956313,-1.0004540332448348
201800022341,NonLethal,2018-05-29,11:05:00,Daylight,290,232,Yes,NoIntersection,LightRain,Other,STANG AR C'HOAT RUE,M,47.99964723249976,-0.998591314971042
201800022342,NonLethal,2018-05-29,15:21:00,Daylight,290,232,No,NoIntersection,HeavyRain,2Vehicles-Side,FLANDRES DUNKERQUE 1940,M,47.978715386524186,-0.9793606977596352
201800022344,NonLethal,2018-04-06,18:30:00,Daylight,290,232,Yes,Roundabout,LightRain,NoCollision,EAU BLANCHE  ROND POINT,M,47.98951564183275,-0.989178364964518
201800022345,Lethal,2018-06-06,03:07:00,NightNoStreetLight,290,232,No,NoIntersection,Normal,Other,BENODET ROUTE DE,M,47.566477183747175,4.56562918526573
201800022347,NonLethal,2018-10-06,17:25:00,Daylight,290,232,No,NoIntersection,Overcast,Other,POULGUINAN BOULEVARD DE,M,47.97938155657912,-0.9774288048011998
201800022348,NonLethal,2018-06-13,18:05:00,Daylight,290,232,Yes,NoIntersection,Normal,2Vehicles-Side,LUDUGRIS  ROND POINT DE,M,47.97864856311227,-0.978954251662123
201800022349,NonLethal,2018-06-15,17:41:00,Daylight,290,232,Yes,NoIntersection,Normal,2Vehicles-Behind,LIBERATION AVENUE DE LA,M,47.99275309522636,-0.9933706336499156
201800022350,NonLethal,2018-06-17,08:46:00,Daylight,290,232,Yes,Other,Normal,2Vehicles-Side,BRIAND  ARISTIDE RUE,M,47.99524069096734,-0.9931455064494128
201800022351,NonLethal,2018-06-17,23:50:00,NightStreelightsOn,290,232,No,Roundabout,LightRain,Other,BENODET ROUTE DE,M,47.96357359275058,-0.9646409070587796
201800022352,NonLethal,2018-06-18,04:30:00,NightNoStreetLight,290,232,No,NoIntersection,LightRain,NoCollision,VOIE EXPRESS QUIMPER - B,M,48.008749240039705,-0.0083000177113142
201800022354,NonLethal,2018-06-19,19:00:00,Daylight,290,232,Yes,T-type,Normal,2Vehicles-Side,DEESSE RUE DE LA,M,47.99367034325643,-0.992726744060362
201800022355,NonLethal,2018-06-20,16:55:00,Daylight,290,232,Yes,NoIntersection,Normal,3+Vehicles-Chain,BLUM  LEON RUE,M,47.98691561180897,-0.9863591116627006
201800022356,NonLethal,2018-06-24,10:40:00,Daylight,290,232,No,X-type,Normal,2Vehicles-Behind,PLOGONNEC ROUTE DE,M,48.0376750980854,-0.0362208967220134
201800022357,NonLethal,2018-06-19,20:07:00,Daylight,290,51,Yes,X-type,Normal,2Vehicles-Side,rue Per Jakes helias,M,47.997144207867656,-0.9975679119927364
201800022358,NonLethal,2018-06-25,12:10:00,Daylight,290,232,Yes,Other,Normal,2Vehicles-Side,56 AV DE KERADENNEC,M,47.97698642799897,-0.9750887442709124
201800022359,NonLethal,2018-06-27,10:00:00,Daylight,290,232,Yes,NoIntersection,Normal,Other,DUNANT HENRI RUE,M,48.00483393170656,-0.0036265331040105
201800022360,NonLethal,2018-06-28,07:33:00,Daylight,290,232,Yes,NoIntersection,Normal,Other,PLUGUFFAN ROUTE DE,M,47.978643648859226,-0.9795339532930316
201800022361,NonLethal,2018-06-13,19:00:00,Daylight,290,232,No,NoIntersection,VeryGood,2Vehicles-Behind,PLOGONNEC ROUTE DE,M,48.06027256885079,-0.058060966409809
201800022362,NonLethal,2018-06-28,19:00:00,Daylight,290,232,Yes,NoIntersection,Normal,2Vehicles-Behind,PONT L'ABBE ROUTE DE,M,47.986592598941314,-0.9840639624204678
201800022363,NonLethal,2018-01-07,19:15:00,Daylight,290,232,Yes,NoIntersection,Normal,NoCollision,ILE D' HOEDIC RUE DE L',M,47.9864500410166,-0.9849528315734828
201800022364,NonLethal,2018-07-10,11:15:00,Daylight,290,232,Yes,X-type,Normal,Other,AMIRAL RONARC'H RUE,M,47.99558073646357,-0.9963853739444932
201800022366,NonLethal,2018-11-07,07:36:00,Daylight,290,232,Yes,NoIntersection,Normal,NoCollision,LE GUENNEC LOUIS BOULEVA,M,47.98648071965803,-0.9855291862706116
201800022367,NonLethal,2018-12-07,14:50:00,Daylight,290,232,Yes,NoIntersection,Normal,2Vehicles-Behind,118 EME R.I PLACE DU,M,47.995122261736384,-0.994843258279894
201800022369,NonLethal,2018-07-15,02:05:00,NightStreelightsOn,290,232,Yes,Roundabout,Normal,NoCollision,ROUILLEN   ROND POINT DE,M,47.99533467726469,-0.9930208813519852
201800022370,NonLethal,2018-07-18,15:30:00,Daylight,290,232,Yes,NoIntersection,Normal,2Vehicles-Behind,ZOLA EMILE RUE,M,47.98739347506098,-0.9867374696172866
201800022371,NonLethal,2018-07-20,11:45:00,Daylight,290,232,Yes,NoIntersection,Normal,Other,GARE AVENUE DE LA,M,47.99592569982016,-0.9944100781321092
201800022372,NonLethal,2018-07-21,15:40:00,Daylight,290,232,Yes,Roundabout,Normal,NoCollision,ERGUE ARMEL BOULEVARD D',M,47.99088846929524,-0.9898909426910386
201800022373,NonLethal,2018-07-24,19:39:00,Daylight,290,232,Yes,NoIntersection,Normal,2Vehicles-Side,LE DEAN AIME JEAN RUE,M,47.99341737734781,-0.9922362660328962
201800022374,NonLethal,2018-07-25,13:40:00,Daylight,290,232,Yes,NoIntersection,Normal,Other,FRANCE BOULEVARD DE,M,47.98347839317275,-0.9832340560354343
201800022375,NonLethal,2018-07-27,12:00:00,Daylight,290,51,No,T-type,Normal,NoCollision,CORAY ROUTE DE,M,48.02936271287571,-0.027911361741882
201800022376,NonLethal,2018-07-29,12:40:00,Daylight,290,232,Yes,NoIntersection,HeavyRain,Other,ERGUE ARMEL BOULEVARD D',M,47.9908925155402,-0.9900301362627594
201800022378,NonLethal,2018-07-31,08:40:00,Daylight,290,232,Yes,T-type,Overcast,2Vehicles-Behind,ROSPORDEN ROUTE DE,M,47.98310353564825,-0.9830263159502745
201800022379,NonLethal,2018-07-31,19:35:00,Daylight,290,232,Yes,NoIntersection,Normal,Other,VERGER (ALLEE DU),M,48.00006364329222,-0.9993573476312232
201800022380,NonLethal,2018-08-02,16:15:00,Daylight,290,232,Yes,Other,Normal,Other,PONT L'ABBE ROUTE DE,M,47.97921832571392,-0.9820341335672964
201800022381,NonLethal,2018-08-02,18:19:00,Daylight,290,232,Yes,NoIntersection,Normal,2Vehicles-Side,KERUSTUM  ROND POINT DE,M,47.979551229165054,-0.9797026561464204
201800022382,NonLethal,2018-03-08,00:43:00,NightStreelightsOff,290,232,Yes,Roundabout,Normal,Other,LUDUGRIS  ROND POINT DE,M,47.979925327146056,-0.9800110958651514
201800022383,NonLethal,2018-08-12,14:10:00,Daylight,290,232,Yes,Roundabout,Normal,2Vehicles-Side,KERUSTUM  ROND POINT DE,M,47.98050185713783,-0.9776615344827532
201800022384,NonLethal,2018-08-20,16:04:00,Daylight,290,232,No,NoIntersection,VeryGood,Other,CNO,M,48.00676608613154,-0.0045957664113511
201800022385,NonLethal,2018-08-21,19:34:00,Daylight,290,232,Yes,T-type,Normal,Other,PARC RUE DU,M,47.99394766730182,-0.9936793268796752
201800022386,NonLethal,2018-01-09,15:55:00,Daylight,290,232,Yes,X-type,Normal,2Vehicles-Side,PARK MENEZ RUE DE,M,48.00444440196853,-0.0052554558516841
201800022388,NonLethal,2018-05-09,02:35:00,NightNoStreetLight,290,232,No,NoIntersection,Normal,NoCollision,BENODET ROUTE DE,M,47.93591400258568,-0.9356022797009372
201800022389,NonLethal,2018-09-07,21:55:00,NightStreelightsOn,290,232,Yes,NoIntersection,Normal,NoCollision,LE GOFFIC CHARLES RUE,M,47.98193159499142,-0.9831255917097638
201800022390,NonLethal,2018-09-05,20:10:00,Daylight,290,232,Yes,NoIntersection,Normal,3+Vehicles-Multiple,PONT L'ABBE ROUTE DE,M,47.98937274075196,4.987262332476795
201800022391,NonLethal,2018-11-09,10:25:00,Daylight,290,232,Yes,NoIntersection,Normal,NoCollision,FRANCE BOULEVARD DE,M,47.98998190896047,-0.9926950745576284
201800022392,NonLethal,2018-09-12,15:00:00,Daylight,290,51,No,NoIntersection,LightRain,NoCollision,CORAY ROUTE DE,M,48.004410063384405,-0.0052462562654553
201800022393,NonLethal,2018-09-14,07:45:00,TwilightOrDawn,290,232,Yes,NoIntersection,Normal,NoCollision,BENODET ROUTE DE,M,47.9756067539648,-0.9745058098148064
201800022394,NonLethal,2018-09-14,09:00:00,Daylight,290,232,Yes,Roundabout,VeryGood,Other,SEMINAIRE  ROND POINT DU,M,47.99151580168506,-0.9900709582434538
201800022395,NonLethal,2018-09-14,17:58:00,Daylight,290,232,Yes,NoIntersection,Normal,2Vehicles-Side,REMSCHEID AVENUE DE,M,47.98148766933636,-0.982814286992436
201800022396,NonLethal,2018-09-15,10:50:00,Daylight,290,232,Yes,Square,Normal,Other,TOURBIE PLACE DE LA,M,47.998916043787176,-0.998142876594952
201800022398,NonLethal,2018-09-18,16:22:00,Daylight,290,232,Yes,NoIntersection,Normal,Other,LUZEL RUE,M,47.99615904696722,-0.9973346185208524
201800022400,NonLethal,2018-09-21,12:50:00,Daylight,290,232,No,NoIntersection,Normal,2Vehicles-Behind,DOUARNENEZ ROUTE DE,M,47.99925718124991,-0.998033368900198
201800022401,NonLethal,2018-09-22,06:32:00,NightStreelightsOn,290,232,Yes,NoIntersection,Normal,Other,DE GAULLE  CHARLES PLACE,M,48.00290901455036,-0.00471421797263
201800022402,NonLethal,2018-09-23,05:30:00,NightStreelightsOn,290,232,Yes,Other,LightRain,Other,KERUSTUM  ROND POINT DE,M,47.97798395521258,-0.9799474295297886