AccidentId,Gravity,Date,Hour,Light,Department,Commune,InAgglomeration,IntersectionType,Weather,CollisionType,PostalAddress,GPSCode,Latitude,Longitude
201800022403,NonLethal,2018-09-23,12:05:00,Daylight,290,232,Yes,NoIntersection,LightRain,NoCollision,MORBIHAN AVENUE DU,M,47.98032355525571,-0.9796064689947604
201800022404,NonLethal,2018-09-29,18:45:00,Daylight,290,232,Yes,X-type,Normal,2Vehicles-Side,STANG AR C'HOAT RUE,M,47.99858478788303,-0.9998834536676589
201800022405,NonLethal,2018-09-30,06:25:00,NightNoStreetLight,290,232,No,NoIntersection,Normal,Other,BENODET ROUTE DE,M,47.95156060599838,-0.9518190649765368
201800022406,NonLethal,2018-03-10,16:45:00,Daylight,290,232,Yes,NoIntersection,Normal,Other,POHER RUE DU,M,47.98201885218889,-0.9859518848288636
201800022407,NonLethal,2018-10-05,14:15:00,Daylight,290,232,Yes,NoIntersection,Normal,Other,FALKIRK RUE DE,M,47.9958538514966,-0.9955091080995448
201800022408,NonLethal,2018-10-20,09:45:00,Daylight,290,232,Yes,Roundabout,VeryGood,Other,149 tte de BREST,M,48.0133945918801,-0.0140435921965814
201800022410,NonLethal,2018-10-24,11:05:00,Daylight,290,232,Yes,NoIntersection,Normal,2Vehicles-Behind,BREST ROUTE DE,M,48.018142916004194,-0.0170740310934104
201800022411,NonLethal,2018-10-24,16:26:00,Daylight,290,51,No,NoIntersection,Normal,3+Vehicles-Multiple,CORAY ROUTE DE,M,48.00865697109012,-0.0082384252480974
201800022414,NonLethal,2018-10-30,11:25:00,Daylight,290,232,Yes,NoIntersection,VeryGood,2Vehicles-Behind,UNIVERSITE RUE DE L',M,47.97946979389874,-0.979758032774272
201800022415,NonLethal,2018-02-11,04:51:00,NightStreelightsOn,290,232,Yes,NoIntersection,Overcast,Other,POULGUINAN PONT DE,M,47.98391273666029,-0.9837889795647228
201800022416,NonLethal,2018-11-02,16:10:00,Daylight,290,232,Yes,NoIntersection,Normal,2Vehicles-Side,TREQUEFFELEC  ROND POINT,M,48.00292593723979,-0.0046762381740417
201800022417,NonLethal,2018-09-11,08:23:00,Daylight,290,232,No,Roundabout,Normal,NoCollision,PRESIDENT ALLENDE BOULEV,M,48.00178968378427,-0.0026481766947828
201800022418,NonLethal,2018-11-13,13:25:00,Daylight,290,232,Yes,T-type,Normal,Other,Rue de Creac'h Al Lan,M,47.99994691357091,0.0025079749515383
201800022419,NonLethal,2018-12-11,14:10:00,Daylight,290,232,Yes,NoIntersection,Normal,Other,DOUARNENEZ RUE DE,M,47.99708026737832,-0.9963746931317252
201800022421,NonLethal,2018-11-20,21:10:00,NightNoStreetLight,290,232,No,Roundabout,Normal,3+Vehicles-Chain,MORBIHAN AVENUE DU,M,47.97692665323648,-0.9784725572918176
201800022422,NonLethal,2018-01-12,21:45:00,NightStreelightsOn,290,232,Yes,Square,LightRain,NoCollision,TOURBIE PLACE DE LA,M,47.99915330958087,-0.998564860700458
201800022423,NonLethal,2018-03-12,13:35:00,Daylight,290,232,Yes,NoIntersection,LightRain,Other,POULGUINAN BOULEVARD DE,M,47.97809920784426,-0.980978375686297
201800022424,NonLethal,2018-12-04,19:52:00,NightStreelightsOn,290,232,Yes,T-type,LightRain,Other,JAURES JEAN  RUE,M,47.99499233505653,-0.9939247709344726
201800022425,NonLethal,2018-12-06,18:35:00,NightStreelightsOn,290,232,Yes,Roundabout,LightRain,2Vehicles-Side,DE BOURNAZEL HENRI RUE,M,48.002119258706784,-0.0010911294315908
201800022426,NonLethal,2018-11-12,07:45:00,NightNoStreetLight,290,51,No,Other,Overcast,3+Vehicles-Multiple,ROUTE d'ELLIANT,M,47.98839386262335,-0.9889412734686412
201800022427,NonLethal,2018-12-11,18:28:00,NightStreelightsOn,290,232,Yes,NoIntersection,Normal,Other,BLUM  LEON RUE,M,47.98615305282237,-0.9875246751023328
201800022428,NonLethal,2018-12-12,01:19:00,NightStreelightsOn,290,232,Yes,NoIntersection,LightRain,NoCollision,19 MARS 1962 RUE DU,M,47.9887717193787,-0.988090496639602
201800022429,NonLethal,2018-12-17,08:55:00,NightStreelightsOn,290,232,Yes,NoIntersection,Overcast,3+Vehicles-Chain,GIRONDINS AVENUE DES,M,48.00015843982269,-0.999892864939017
201800022430,NonLethal,2018-12-19,16:20:00,Daylight,290,232,Yes,NoIntersection,Normal,Other,SAINTE CATHERINE PONT,M,47.99607143246015,-0.9934242225120632
201800022431,NonLethal,2018-12-19,20:40:00,NightStreelightsOn,290,232,Yes,NoIntersection,Normal,Other,THEPOT YVES AVENUE,M,47.98015078126241,4.9796811053572165
201800022432,NonLethal,2018-12-20,21:00:00,NightStreelightsOn,290,232,Yes,NoIntersection,LightRain,Other,BENODET ROUTE DE,M,47.97331813428904,-0.9753174402846154
201800022433,NonLethal,2018-12-22,14:15:00,Daylight,290,232,Yes,NoIntersection,Normal,Other,FRANCE LIBRE  AVENUE DE,M,48.00483318202137,-0.0061268492654489
201800022434,NonLethal,2018-12-21,23:49:00,NightNoStreetLight,290,232,No,Roundabout,Normal,NoCollision,Park Poullig rond point,M,48.02962140073682,-0.0282983956456985
201800022436,NonLethal,2018-12-19,11:40:00,Daylight,290,232,Yes,Other,LightRain,Other,LE GUENNEC LOUIS BOULEVA,M,47.97997941806065,-0.9798320071123612
201800022437,NonLethal,2018-01-08,04:30:00,NightNoStreetLight,460,201,No,NoIntersection,LightRain,Other,lieu-dit LEBREIL,M,44.32556915553209,1.3244247731730523
201800022438,NonLethal,2018-12-03,06:59:00,TwilightOrDawn,460,197,No,NoIntersection,Overcast,Other,rd820,M,44.36411408131616,1.3612091284629138
201800022439,NonLethal,2018-04-14,16:00:00,Daylight,460,23,Yes,T-type,Normal,2Vehicles-BehindVehicles-Frontal,D 47 le bourg,M,44.26674638627356,1.26653786379581
201800022440,NonLethal,2018-03-08,10:30:00,Daylight,460,148,No,T-type,Normal,2Vehicles-Side,Lieu dit Pélissié,M,44.32658152586307,1.3254713512206115
201800022441,NonLethal,2018-08-04,12:00:00,Daylight,460,63,No,X-type,Normal,2Vehicles-Side,rd4 / rd104,M,44.28237879594375,1.2816619583580702
201800022442,NonLethal,2018-04-09,22:15:00,NightNoStreetLight,460,109,No,NoIntersection,Normal,Other,RD 19 PK 102+300,M,44.32365999920103,1.324656196324561
201800022443,NonLethal,2018-09-14,16:50:00,Daylight,460,140,No,NoIntersection,Normal,NoCollision,lieu dit le pech,M,44.382535362674986,1.379159742324663
201800022444,NonLethal,2018-04-10,20:05:00,NightStreelightsOff,460,109,No,NoIntersection,Overcast,2Vehicles-BehindVehicles-Frontal,1611 route de Lalbenque,M,44.324126462489936,1.3218568184670998
201800022445,NonLethal,2018-06-11,22:00:00,NightNoStreetLight,460,197,No,NoIntersection,Normal,Other,route départementale 820,M,44.36005394225744,1.360264664770314
201800022446,NonLethal,2018-04-01,17:50:00,NightStreelightsOn,880,218,Yes,NoIntersection,HeavyRain,Other,21 rue de lattre de tass,M,48.14481384799103,6.141614996265528
201800022448,NonLethal,2018-09-05,17:00:00,Daylight,880,218,No,NoIntersection,Normal,NoCollision,route de Bruyeres,M,48.17638259014757,6.177093255827091
201800022449,NonLethal,2018-03-06,17:45:00,Daylight,880,218,No,NoIntersection,Normal,Other,320 route de Jussarupt,M,48.16619193041544,6.168123363915862
201800022450,Lethal,2018-12-08,17:45:00,Daylight,880,14,No,NoIntersection,Normal,NoCollision,les grandes fouyes,M,48.13345183698351,6.130845001865742
201800022451,NonLethal,2018-10-27,13:30:00,Daylight,880,218,No,NoIntersection,LightRain,Other,route de Bruyeres,M,48.17331740152945,6.173076788062498
201800022452,NonLethal,2018-05-05,14:15:00,Daylight,570,645,No,NoIntersection,Normal,2Vehicles-Behind,Autoroute A4 - PK 313+14,M,49.20078604819013,6.199792923509192
201800022453,Lethal,2018-07-29,12:40:00,Daylight,550,400,No,NoIntersection,Normal,3+Vehicles-Multiple,Autoroute A4 - PK 279,M,49.14952574608615,5.150384170829695
201800022454,NonLethal,2018-05-10,22:30:00,NightNoStreetLight,540,408,No,Other,Normal,Other,A4 pr 283+400,M,49.174067693989,5.172566617515511
201800022455,NonLethal,2018-11-01,09:45:00,Daylight,540,253,No,NoIntersection,Normal,Other,Autoroute A4 PR 293.250,M,49.19754309552277,5.197446582474612
201800022456,Lethal,2018-01-11,13:10:00,Daylight,600,570,No,NoIntersection,Normal,2Vehicles-Side,D923 haillancourt,M,49.25113925158054,2.2498825932845574
201800022459,NonLethal,2018-06-17,13:40:00,Daylight,600,678,Yes,NoIntersection,Normal,Other,D5O7,M,49.23905242732421,2.2339705045935867
201800022460,NonLethal,2018-05-07,18:00:00,Daylight,600,395,No,X-type,Normal,2Vehicles-BehindVehicles-Frontal,D927,M,49.25637323728948,2.2543156910283244
201800022461,NonLethal,2018-07-31,15:00:00,Daylight,600,256,Yes,Other,Normal,2Vehicles-Side,rue de la montagne,M,49.28080693882074,2.2820630121551275
201800022463,NonLethal,2018-10-29,15:55:00,Daylight,600,10,No,Roundabout,Overcast,NoCollision,D2O5,M,49.22430393069573,2.2222043424177653
201800022464,NonLethal,2018-12-11,15:25:00,Daylight,600,395,Yes,NoIntersection,Normal,Other,,M,49.23503870403154,2.234893369873244
201800022465,NonLethal,2018-11-28,11:30:00,Daylight,600,162,No,X-type,LightRain,2Vehicles-Side,RD927,M,49.2785860456312,2.2800893848082744
201800022466,NonLethal,2018-12-30,06:05:00,NightStreelightsOn,600,88,Yes,NoIntersection,LightRain,Other,48 rue Deschaintes,M,49.19875946598274,2.1971900916417413
201800022467,NonLethal,2018-02-01,17:20:00,TwilightOrDawn,300,7,Yes,Y-type,Normal,3+Vehicles-Multiple,ANDUZE (AVE),M,44.11051475515806,4.110623097350748
201800022468,Lethal,2018-03-02,20:00:00,NightNoStreetLight,300,243,Yes,Roundabout,Normal,Other,HUIT MAI 1945 (RD-PT DU),M,44.08317410129575,4.083582445076909
201800022469,NonLethal,2018-01-03,15:25:00,Daylight,300,7,Yes,Roundabout,Normal,2Vehicles-Side,CARNOT (AVE),M,44.12116200640402,4.121797199686709
201800022470,NonLethal,2018-03-01,18:15:00,NightNoStreetLight,300,243,Yes,NoIntersection,Normal,Other,"372, CAMPELLO (AVENUE DE",M,44.080598946591614,4.083124147624697
201800022471,NonLethal,2018-04-01,17:10:00,TwilightOrDawn,300,7,Yes,T-type,Normal,2Vehicles-BehindVehicles-Frontal,"39 bis, FAUBOURG DE ROCH",M,44.124385074409695,4.127808614123425
201800022473,NonLethal,2018-11-01,17:50:00,TwilightOrDawn,300,243,Yes,X-type,Normal,2Vehicles-Side,CAMPELLO (AVENUE DE),M,44.08136086260084,4.081573332568709
201800022474,NonLethal,2018-01-14,12:35:00,Daylight,300,7,No,NoIntersection,LightRain,2Vehicles-Side,CASSIN (RUE RENE),M,44.11516231952152,4.11435359337449
201800022476,NonLethal,2018-03-14,19:00:00,NightStreelightsOn,300,7,Yes,Roundabout,Normal,2Vehicles-Side,MONGE (AVENUE),M,44.14512127896146,4.146228263590197
201800022477,NonLethal,2018-01-20,16:40:00,Daylight,300,7,Yes,NoIntersection,LightRain,2Vehicles-Behind,BARBUSSE (PLACE HENRI),M,44.12363173138254,4.127202389505793
201800022478,NonLethal,2018-01-25,13:45:00,Daylight,300,7,Yes,Roundabout,LightRain,Other,MONGE (AVENUE),M,44.14550666525509,4.1440206300815
201800022479,NonLethal,2018-01-28,15:20:00,Daylight,300,7,Yes,NoIntersection,Normal,2Vehicles-Side,BOISSIER DE SAUVAGE (qua,M,44.12473506004174,4.125517165793263
201800022480,NonLethal,2018-01-28,08:50:00,Daylight,300,7,Yes,T-type,Normal,2Vehicles-BehindVehicles-Frontal,LADRECHT (AVE DE),M,44.145201263446,4.146292848938419
201800022481,NonLethal,2018-02-19,15:20:00,Daylight,300,7,Yes,NoIntersection,Normal,2Vehicles-Behind,BLANC (BD LOUIS),M,44.12728366470574,4.125530094808739
201800022482,NonLethal,2018-02-04,20:45:00,NightStreelightsOn,300,7,Yes,T-type,Normal,Other,PAUL (RUE MARCEL),M,44.12730130810609,4.127518007678116
201800022483,NonLethal,2018-03-04,21:50:00,NightStreelightsOn,300,7,Yes,T-type,LightRain,2Vehicles-Side,ANDUZE (AVE),M,44.107995919771845,4.108238181301646
201800022484,NonLethal,2018-03-22,07:50:00,Daylight,300,7,Yes,NoIntersection,Normal,2Vehicles-BehindVehicles-Frontal,HUIT MAI 1945 (QUAI DU),M,44.13855508262839,4.138412908865966
201800022485,NonLethal,2018-07-04,08:55:00,Daylight,300,7,No,NoIntersection,Normal,2Vehicles-Behind,CROUPILLAC (AVE DE),M,44.13179103530664,4.133820488774709
201800022486,NonLethal,2018-04-13,22:00:00,NightStreelightsOn,300,7,No,NoIntersection,Normal,Other,MONGE (AVENUE),M,44.14806941916479,4.145533269142477
201800022487,NonLethal,2018-04-29,05:55:00,TwilightOrDawn,300,7,Yes,X-type,Normal,2Vehicles-Side,MONGE (AVENUE),M,44.14127878965435,4.143105474010177
201800022488,NonLethal,2018-05-02,19:25:00,TwilightOrDawn,300,7,Yes,Other,Normal,Other,CLARIS (RUE),M,44.12817090693233,4.128734643218425
201800022489,NonLethal,2018-04-05,21:15:00,NightStreelightsOn,300,7,Yes,NoIntersection,Normal,Other,PAUL (RUE MARCEL),M,44.13922452037145,4.137370442655131
201800022490,NonLethal,2018-04-15,05:45:00,NightStreelightsOn,300,7,Yes,Other,Normal,Other,MONGE (AVENUE),M,44.14147942906218,4.142261784344825
201800022491,NonLethal,2018-05-20,14:45:00,Daylight,300,7,Yes,NoIntersection,Normal,2Vehicles-Behind,JAURES (QUAI JEAN),M,44.12244115655475,4.123623587862196
201800022492,NonLethal,2018-05-16,16:20:00,Daylight,300,7,Yes,NoIntersection,Normal,NoCollision,GAMBETTA (BOULEVARD),M,44.12364338674491,4.122182802985219
201800022498,NonLethal,2018-07-28,22:20:00,NightStreelightsOn,300,7,Yes,NoIntersection,Normal,2Vehicles-Side,STALINGRAD (AVENUE DE),M,44.12604689183413,4.123957000199186
201800022500,NonLethal,2018-08-19,12:30:00,Daylight,300,7,Yes,Roundabout,Normal,2Vehicles-Side,DE GAULLE (AVE DU GENERA,M,44.12664082630063,4.126810588422709
201800022502,NonLethal,2018-07-09,19:05:00,Daylight,300,7,Yes,T-type,Normal,Other,DE GAULLE (AVE DU GENERA,M,44.12610583709437,4.127541508963864
201800022503,NonLethal,2018-09-15,05:10:00,NightNoStreetLight,300,243,No,NoIntersection,Normal,NoCollision,MOULIN (AVENUE J.),M,44.05624334919332,4.054744758749777
201800022504,NonLethal,2018-09-23,08:45:00,TwilightOrDawn,300,7,Yes,NoIntersection,Normal,Other,RIBOT (AVE GASTON),M,44.13328924996837,4.134860485900664
201800022505,NonLethal,2018-09-23,20:00:00,NightStreelightsOn,300,7,No,Roundabout,Normal,2Vehicles-Side,CROUPILLAC (AVE DE),M,44.12699652613976,4.130126767619361
201800022506,NonLethal,2018-09-30,04:10:00,NightStreelightsOn,300,7,Yes,X-type,Normal,2Vehicles-BehindVehicles-Frontal,PERI (PLACE GABRIEL),M,44.12081294658378,4.121883412925214
201800022507,NonLethal,2018-02-10,14:15:00,Daylight,300,7,Yes,Roundabout,Normal,Other,ALEP (AVE DES PINS D'),M,44.115744942430986,4.117110403804387
201800022508,NonLethal,2018-10-18,19:05:00,Daylight,300,7,Yes,NoIntersection,Normal,Other,MICHELET (RUE),M,44.12488094190471,4.125582689463883
201800022509,NonLethal,2018-11-01,19:00:00,NightStreelightsOn,300,7,Yes,NoIntersection,Normal,2Vehicles-Behind,GUESDE (AVE JULES),M,44.12066013716968,4.119418650037266
201800022510,NonLethal,2018-06-11,11:50:00,Daylight,300,7,No,Roundabout,Normal,2Vehicles-Side,CROUPILLAC (AVE DE),M,44.13018028782387,4.128584327018879
201800022511,NonLethal,2018-08-11,16:30:00,Daylight,300,7,Yes,T-type,Normal,2Vehicles-Side,JOLIOT-CURIE (AVE IRENE,M,44.13002747643841,4.128189477969983
201800022514,NonLethal,2018-11-19,06:20:00,NightStreelightsOn,300,7,Yes,NoIntersection,Normal,Other,ALSACE (ROUTE D'),M,44.137731752399006,4.138896781407028
201800022516,NonLethal,2018-11-25,15:50:00,Daylight,300,7,No,NoIntersection,Normal,Other,CASSIN (RUE RENE),M,44.10850435134483,4.107641893606198
201800022517,NonLethal,2018-11-28,00:30:00,NightStreelightsOn,300,7,Yes,NoIntersection,Normal,Other,BEAUTEVILLE (RUE DE),M,44.12163016371623,4.120969383242284
201800022518,NonLethal,2018-11-30,20:15:00,NightStreelightsOn,300,7,Yes,NoIntersection,Normal,2Vehicles-Side,BRIGADE DU LANGUEDOC (QU,M,44.107519708254046,4.1070414432320215
201800022519,NonLethal,2018-12-05,21:30:00,NightStreelightsOn,300,7,Yes,NoIntersection,Normal,2Vehicles-BehindVehicles-Frontal,RIBOT (AVE GASTON),M,44.137115991264565,4.138018688931527
201800022521,NonLethal,2018-12-21,11:30:00,Daylight,300,7,No,NoIntersection,Normal,Other,JUIN (AVE DU MARECHAL),M,44.12919278512316,4.128366987306959
201800022522,NonLethal,2018-12-26,16:00:00,Daylight,300,7,Yes,NoIntersection,Normal,Other,GUESDE (AVE JULES),M,44.119808467908086,4.1195459819791225
201800022523,NonLethal,2018-12-03,16:40:00,Daylight,300,28,Yes,NoIntersection,Normal,2Vehicles-Behind,MAYRE (AVENUE DE LA),M,44.15956449401976,4.157507434273572
201800022524,NonLethal,2018-05-26,21:30:00,NightStreelightsOn,300,28,Yes,X-type,Normal,2Vehicles-Side,ANCYSE (AVENUE DEL'),M,44.15881825197,4.162655723891098
201800022525,NonLethal,2018-05-22,10:45:00,Daylight,300,28,Yes,Other,Normal,Other,COMMANDO VIGAN BRAQUET (,M,44.1650173434769,4.1651159321342
201800022526,NonLethal,2018-07-26,11:40:00,Daylight,300,28,Yes,NoIntersection,Normal,Other,PAUL LANGEVIN (AVENUE),M,44.16588688372647,4.165821517654921
201800022527,Lethal,2018-07-09,09:20:00,Daylight,300,28,Yes,NoIntersection,Normal,NoCollision,AVIGNON (ROUTE D'),M,44.96074374048485,4.962738838259958
201800022528,NonLethal,2018-12-20,08:50:00,Daylight,300,28,Yes,NoIntersection,Normal,Other,JEAN PERRIN (AVENUE),M,44.16279452564205,4.161632402305594
201800022529,NonLethal,2018-01-12,19:40:00,NightStreelightsOn,300,189,Yes,T-type,Normal,2Vehicles-BehindVehicles-Frontal,DAYAN GEORGES (AVENUE),M,43.82171576308623,4.820215742544217
201800022530,NonLethal,2018-01-13,10:50:00,Daylight,300,189,Yes,X-type,Normal,2Vehicles-Side,SAINT GILLES (ROUTE),M,43.814114906896,4.814120549729783
201800022535,Lethal,2018-01-26,17:10:00,TwilightOrDawn,300,189,No,NoIntersection,HeavyRain,2Vehicles-BehindVehicles-Frontal,ALES (ROUTE),M,43.88342133259054,4.884704200337458
201800022536,NonLethal,2018-01-27,17:05:00,Daylight,300,189,Yes,Roundabout,Normal,Other,BEAUCAIRE (ROUTE),M,43.8357788592875,4.8367588160238375
201800022537,NonLethal,2018-01-14,18:55:00,NightStreelightsOn,300,189,Yes,NoIntersection,Normal,Other,FAITA VINCENT (RUE),M,43.84733600237309,4.846935001441828
201800022538,NonLethal,2018-01-23,20:05:00,NightStreelightsOn,300,189,Yes,T-type,Normal,2Vehicles-Side,GAMEL PIERRE (AVENUE),M,43.824907458422,4.825605031400703
201800022539,NonLethal,2018-02-15,13:45:00,Daylight,300,189,Yes,T-type,Overcast,2Vehicles-Side,FAITA VINCENT (RUE),M,43.84570154446829,4.845418092463576
201800022540,NonLethal,2018-02-17,05:45:00,NightStreelightsOn,300,189,Yes,T-type,LightRain,2Vehicles-Side,TALABOT (BOULEVARD),M,43.83237941166545,4.833183585214414
201800022543,NonLethal,2018-02-24,21:20:00,NightNoStreetLight,300,189,Yes,NoIntersection,Overcast,3+Vehicles-Chain,SAINT GILLES (ROUTE),M,43.81743463908653,4.81948086259728
201800022544,Lethal,2018-02-22,20:25:00,NightNoStreetLight,300,189,No,NoIntersection,Normal,2Vehicles-BehindVehicles-Frontal,SAUVE (ROUTE),M,43.84598782629286,4.847382639015528
201800022545,NonLethal,2018-11-09,10:42:00,Daylight,300,189,Yes,Other,Normal,Other,ALES (ROUTE),M,43.83975169435995,4.839138906814175
201800022546,Lethal,2018-02-23,08:55:00,Daylight,300,189,No,NoIntersection,Normal,NoCollision,MAS D'ESTAGEL (CHEMIN),M,43.76621628663096,4.76543276236165
201800022547,NonLethal,2018-01-23,18:00:00,NightStreelightsOn,300,189,Yes,T-type,Normal,Other,"14, TALABOT (BOULEVARD)",M,43.83483920484064,4.833596969064777
201800022548,NonLethal,2018-01-13,20:00:00,NightStreelightsOn,300,189,Yes,NoIntersection,Normal,Other,baillet claude,M,43.81015461247434,4.8112624570455065
201800022549,NonLethal,2018-09-03,19:20:00,NightStreelightsOn,300,189,Yes,NoIntersection,Overcast,Other,MOUSQUETAIRES (RUE),M,43.85632416077726,4.856379242535968
201800022551,NonLethal,2018-03-20,16:45:00,Daylight,300,189,Yes,T-type,Normal,2Vehicles-Side,", FONTAINE (QUAI)",M,43.83853568605652,4.840107473927415
201800022552,NonLethal,2018-03-28,17:45:00,Daylight,300,189,Yes,NoIntersection,Normal,2Vehicles-Side,FRANCAIS LIBRES (BD),M,43.8296112032752,4.828038233241329
201800022553,NonLethal,2018-03-28,00:39:00,NightStreelightsOn,300,189,Yes,X-type,Normal,2Vehicles-Side,HAUTS DE NIMES (Chemin d,M,43.86659928352809,4.866985593610772
201800022554,NonLethal,2018-03-31,10:35:00,Daylight,300,189,Yes,NoIntersection,Normal,Other,"5, POMPIDOU GEORGES (AVE",M,43.83321737886188,4.833727608827751
201800022555,NonLethal,2018-03-31,12:47:00,Daylight,300,189,Yes,Roundabout,Normal,2Vehicles-Side,ALLENDE SALVADOR (RUE),M,43.82325203939109,4.823998723244828
201800022556,NonLethal,2018-04-03,18:25:00,Daylight,300,189,Yes,X-type,Overcast,2Vehicles-Side,BRICONNET (RUE),M,43.83109675274396,4.833509502493328
201800022557,NonLethal,2018-04-04,07:45:00,Daylight,300,189,Yes,X-type,Normal,3+Vehicles-Multiple,TALABOT (BOULEVARD),M,43.83771524283561,4.837566863910349
201800022558,NonLethal,2018-04-19,10:00:00,Daylight,300,189,Yes,NoIntersection,Normal,Other,SIMON ANDRE (RUE),M,43.82620532515918,4.824953454396522
201800022559,NonLethal,2018-04-23,20:00:00,TwilightOrDawn,300,189,Yes,NoIntersection,Normal,2Vehicles-Side,BOUVINE (AVENUE),M,43.8186030894623,4.819080466520506
201800022560,NonLethal,2018-01-05,11:45:00,Daylight,300,189,Yes,NoIntersection,LightRain,2Vehicles-BehindVehicles-Frontal,SAUVE (ROUTE),M,43.84304626294532,4.84351007265972
201800022562,Lethal,2018-11-05,21:20:00,NightStreelightsOn,300,189,Yes,NoIntersection,Normal,Other,ALLENDE SALVADOR (RUE),M,43.84451760975116,4.844727605672063
201800022563,NonLethal,2018-12-05,12:00:00,Daylight,300,189,Yes,Roundabout,Normal,2Vehicles-Behind,BEAUCAIRE (ROUTE),M,43.83703959941605,4.83841125307108
201800022564,NonLethal,2018-05-16,15:25:00,Daylight,300,189,No,Other,Normal,2Vehicles-Side,MAS DE CHEYLON,M,43.7951057949881,4.793833330653103
201800022565,NonLethal,2018-05-18,07:20:00,Daylight,300,189,Yes,NoIntersection,Normal,3+Vehicles-Chain,ANCIENS COMBATTANTS D IN,M,43.84027909422397,4.838211839528239
201800022566,Lethal,2018-05-25,00:10:00,NightStreelightsOn,300,189,Yes,Roundabout,Normal,NoCollision,LIBERTE (AVENUE),M,43.81782111731134,4.816981733244028
201800022567,NonLethal,2018-05-31,23:31:00,NightStreelightsOn,300,189,Yes,NoIntersection,Normal,2Vehicles-BehindVehicles-Frontal,ARCHIMEDE (RUE OU IMPASS,M,43.83269274579912,4.833143914493015
201800022568,NonLethal,2018-02-06,18:00:00,Daylight,300,189,Yes,Roundabout,Normal,2Vehicles-Side,ROND POINT DE L'EOLE,M,43.8604162891772,4.861892455004241
201800022569,NonLethal,2018-06-05,09:00:00,Daylight,300,189,Yes,X-type,Normal,2Vehicles-Side,REPUBLIQUE (RUE),M,43.8316689979957,4.830721352658925
201800022571,NonLethal,2018-09-06,21:15:00,TwilightOrDawn,300,189,Yes,NoIntersection,Normal,2Vehicles-Side,UZES (ROUTE D'),M,43.86964281888861,4.868429174397718
201800022572,NonLethal,2018-12-06,19:25:00,Daylight,300,189,Yes,NoIntersection,Normal,Other,LYCEE PHILIPPE L'AMOUR,M,43.8325005248954,4.834387557745027
201800022573,NonLethal,2018-06-14,16:55:00,Daylight,300,189,Yes,X-type,Normal,2Vehicles-Side,CLERISSEAU (RUE),M,43.840487687015454,4.839164370751871
201800022574,NonLethal,2018-06-15,06:15:00,Daylight,300,189,Yes,X-type,Overcast,2Vehicles-Side,MARTEL CHARLES (RUE),M,43.82945019302012,4.827795291014672
201800022575,NonLethal,2018-06-16,03:50:00,NightStreelightsOn,300,189,Yes,NoIntersection,Normal,Other,HUGO VICTOR (BOULEVARD),M,43.83605389459015,4.837019313847036
201800022576,NonLethal,2018-06-18,21:55:00,NightStreelightsOn,300,189,Yes,NoIntersection,Normal,2Vehicles-Behind,TRIAIRE SERGENT (BOULEVA,M,43.8287112291134,4.827887797675398
201800022577,NonLethal,2018-06-20,20:30:00,Daylight,300,189,No,NoIntersection,Normal,2Vehicles-BehindVehicles-Frontal,SAUVE (ROUTE),M,43.84687030749041,4.848088451644493
201800022578,NonLethal,2018-06-22,08:40:00,Daylight,300,189,Yes,Other,Normal,2Vehicles-Side,CIGALE (CHEMIN),M,43.84261421036416,4.840879991982384
201800022580,NonLethal,2018-06-27,16:05:00,Daylight,300,189,No,NoIntersection,Normal,2Vehicles-Behind,D 135,M,43.83615297320118,4.838000723499211
201800022581,NonLethal,2018-06-26,11:25:00,Daylight,300,189,Yes,NoIntersection,Normal,Other,MARECHAL JUIN (BOULEVARD,M,43.82455451530131,4.823860196870071
201800022582,NonLethal,2018-04-22,20:10:00,Daylight,300,189,Yes,T-type,Normal,2Vehicles-Side,MONNET JEAN (COURS),M,43.816591889426114,4.816567408671036
201800022583,NonLethal,2018-06-15,15:20:00,Daylight,300,189,Yes,NoIntersection,Normal,2Vehicles-Side,ALLENDE SALVADOR (RUE),M,43.836651142315056,4.834040541154323
201800022585,NonLethal,2018-12-07,12:00:00,Daylight,300,189,Yes,X-type,Normal,3+Vehicles-Multiple,MONTPELLIER (ROUTE DE),M,43.81122051753096,4.811582986491173
201800022586,NonLethal,2018-07-13,12:45:00,Daylight,300,189,Yes,X-type,Normal,2Vehicles-Side,DOCTEUR CALMETTE  (RUE O,M,43.82962009443545,4.830851007950481
201800022587,NonLethal,2018-07-17,21:35:00,NightStreelightsOn,300,189,Yes,Other,Normal,Other,SAINT ANDRE DE CODOLS (R,M,43.82966612173222,4.831752016964431
201800022588,NonLethal,2018-07-18,23:00:00,NightStreelightsOn,300,189,Yes,T-type,Normal,2Vehicles-BehindVehicles-Frontal,DAYAN GEORGES (AVENUE),M,43.8137962761442,4.815013890344294
201800022589,NonLethal,2018-07-19,23:40:00,NightStreelightsOn,300,189,Yes,X-type,Normal,Other,COURONNE (RUE OU SQUARE),M,43.83643322320454,4.835609104446094
201800022592,NonLethal,2018-07-18,12:10:00,Daylight,300,189,Yes,NoIntersection,Normal,2Vehicles-Side,MAS DE CHEYLON,M,43.81138821261754,4.812508633686319
201800022594,NonLethal,2018-06-08,23:00:00,NightStreelightsOn,300,189,Yes,X-type,Normal,2Vehicles-BehindVehicles-Frontal,KENNEDY (AVENUE),M,,
201800022595,NonLethal,2018-08-10,15:00:00,Daylight,300,189,Yes,NoIntersection,Normal,2Vehicles-BehindVehicles-Frontal,ANCIENS COMBATTANTS D IN,M,43.839422699512006,4.841761601274055