AccidentId,Gravity,Date,Hour,Light,Department,Commune,InAgglomeration,IntersectionType,Weather,CollisionType,PostalAddress,GPSCode,Latitude,Longitude
201800022596,NonLethal,2018-08-14,18:01:00,Daylight,300,189,No,NoIntersection,Normal,3+Vehicles-Chain,Route Dpartementale 135,M,43.77552597173787,4.7765136492635145
201800022597,NonLethal,2018-08-14,23:30:00,NightStreelightsOn,300,189,Yes,NoIntersection,Normal,2Vehicles-BehindVehicles-Frontal,FONTAINE (QUAI),M,43.83886215038768,4.838443795284454
201800022598,NonLethal,2018-08-17,12:50:00,Daylight,300,189,Yes,X-type,Normal,2Vehicles-Side,BOIS DE MITTAU (IMPASSE,M,43.85011507196039,4.851477955572466
201800022599,NonLethal,2018-08-28,07:35:00,Daylight,300,189,Yes,T-type,Normal,2Vehicles-Side,PUECH DU TEIL (RUE OU IM,M,43.82457164021608,4.826001199441103
201800022601,NonLethal,2018-09-03,22:05:00,NightStreelightsOn,300,189,Yes,NoIntersection,Normal,Other,ARNAVIEILLE (RUE),M,43.823853328821656,4.82429425963264
201800022602,NonLethal,2018-06-09,00:20:00,NightStreelightsOn,300,189,Yes,X-type,Normal,2Vehicles-Side,ALLIER EMILE (RUE),M,43.82534760330272,4.827301185861284
201800022603,NonLethal,2018-09-06,07:51:00,Daylight,300,189,Yes,NoIntersection,Normal,2Vehicles-Behind,GAMBETTA (BD),M,43.84180512977322,4.840138515477557
201800022604,NonLethal,2018-09-03,10:45:00,Daylight,300,189,Yes,T-type,Normal,Other,MONSEIGNEUR CLAVERIE,M,43.85482098208493,4.85493748752168
201800022605,NonLethal,2018-09-10,16:45:00,Daylight,300,189,Yes,NoIntersection,Normal,Other,ALLENDE SALVADOR (RUE),M,43.82371520755477,4.824402986413879
201800022606,NonLethal,2018-10-09,20:20:00,NightStreelightsOn,300,189,Yes,T-type,Normal,2Vehicles-BehindVehicles-Frontal,MENDES FRANCE PIERRE (AV,M,43.82879750692377,4.826847182243712
201800022607,Lethal,2018-09-15,16:50:00,Daylight,300,189,Yes,T-type,Normal,2Vehicles-Side,AVIGNON (ROUTE),M,43.84943107419273,4.848240181430438
201800022608,NonLethal,2018-09-13,12:40:00,Daylight,300,189,Yes,NoIntersection,Normal,2Vehicles-BehindVehicles-Frontal,MONTPELLIER (ROUTE DE),M,43.810779995743765,4.812737843644824
201800022609,NonLethal,2018-09-18,12:15:00,Daylight,300,189,Yes,X-type,Normal,Other,MONTPELLIER (ROUTE DE),M,43.805872954609455,4.807674175042542
201800022610,NonLethal,2018-09-20,19:20:00,Daylight,300,189,Yes,NoIntersection,Normal,Other,REINACH SALOMON (RUE),M,43.833697981888186,4.832266752417634
201800022611,NonLethal,2018-09-21,14:14:00,Daylight,300,189,Yes,X-type,Overcast,2Vehicles-Behind,REPUBLIQUE (RUE),M,43.82891398223941,4.82882111408957
201800022612,Lethal,2018-09-21,20:55:00,NightStreelightsOn,300,189,Yes,X-type,Normal,2Vehicles-Side,TALABOT (BOULEVARD),M,43.83641363291648,4.836030754775032
201800022613,NonLethal,2018-09-21,22:20:00,NightStreelightsOn,300,189,Yes,X-type,Normal,2Vehicles-Behind,MONTPELLIER (ROUTE DE),M,43.81029372209979,4.813082141117145
201800022614,NonLethal,2018-09-24,06:55:00,NightNoStreetLight,300,189,No,NoIntersection,Normal,Other,ANCIENS COMBATTANTS D IN,M,43.84316094939412,4.845326707118414
201800022615,NonLethal,2018-09-29,16:50:00,Daylight,300,189,Yes,T-type,Normal,Other,MENDES FRANCE PIERRE (AV,M,43.82457212234818,4.825408987791146
201800022616,NonLethal,2018-01-10,07:00:00,TwilightOrDawn,300,189,Yes,NoIntersection,Normal,2Vehicles-Side,PAVLOV (AVENUE),M,43.81286298593955,4.811333977054146
201800022617,NonLethal,2018-01-10,10:16:00,Daylight,300,189,Yes,NoIntersection,Normal,Other,SULLY (RUE),M,43.841709950219,4.841184321386496
201800022618,NonLethal,2018-10-01,23:00:00,NightStreelightsOn,300,189,Yes,NoIntersection,Normal,NoCollision,MARECHAL JUIN (BOULEVARD,M,43.81809690603964,4.819261600503442
201800022619,NonLethal,2018-03-10,07:51:00,Daylight,300,189,Yes,NoIntersection,Normal,Other,LECLERC GENERAL (AVENUE),M,43.83166628288034,4.832977384185113
201800022620,NonLethal,2018-10-09,10:00:00,Daylight,300,189,Yes,NoIntersection,Normal,Other,GAMBETTA (BD),M,43.839561255862655,4.839197647454328
201800022621,NonLethal,2018-10-10,17:10:00,Daylight,300,189,Yes,NoIntersection,LightRain,Other,TALABOT (BOULEVARD),M,43.8370520691555,4.837849980430447
201800022622,NonLethal,2018-10-13,10:40:00,Daylight,300,189,Yes,X-type,Normal,2Vehicles-Side,KENNEDY (AVENUE),M,43.82656755324081,4.827025525915233
201800022623,Lethal,2018-10-16,09:05:00,Daylight,300,189,Yes,X-type,Overcast,Other,POETES (AVENUE),M,43.818871791110055,4.819646397978598
201800022624,NonLethal,2018-10-15,17:00:00,Daylight,300,189,No,NoIntersection,LightRain,2Vehicles-BehindVehicles-Frontal,ANCIENS COMBATTANTS D IN,M,43.84750913983168,4.845558406339803
201800022625,NonLethal,2018-11-02,14:55:00,Daylight,300,189,Yes,Other,Normal,2Vehicles-BehindVehicles-Frontal,BIR HAKEIM (AVENUE),M,43.84221260148044,4.84258673116897
201800022626,NonLethal,2018-11-07,17:45:00,NightStreelightsOn,300,189,Yes,NoIntersection,LightRain,Other,TRIAIRE SERGENT (BOULEVA,M,45.49017917675496,4.488485600936569
201800022627,NonLethal,2018-08-11,13:02:00,Daylight,300,189,Yes,X-type,Normal,2Vehicles-Side,DHUODA (RUE),M,43.82858751150482,4.827434772966399
201800022628,NonLethal,2018-11-13,11:45:00,Daylight,300,189,Yes,NoIntersection,Normal,2Vehicles-Behind,ALLENDE SALVADOR (RUE),M,43.82349006136525,4.825614176335707
201800022629,NonLethal,2018-11-15,07:35:00,Daylight,300,189,Yes,X-type,Normal,Other,MONSEIGNEUR CLAVERIE,M,43.854900255067605,4.85431326884227
201800022631,NonLethal,2018-11-17,13:20:00,Daylight,300,189,Yes,NoIntersection,Normal,NoCollision,DAYAN GEORGES (AVENUE),M,43.82174710248268,4.823411186816082
201800022633,NonLethal,2018-11-18,17:15:00,TwilightOrDawn,300,189,Yes,Roundabout,Normal,Other,PROUVE JEAN (AVENUE),M,43.81382018837688,4.814579096608145
201800022634,NonLethal,2018-11-28,12:49:00,Daylight,300,189,No,NoIntersection,Normal,2Vehicles-Side,ALES (ROUTE),M,43.892625402469065,4.890199839165995
201800022635,NonLethal,2018-02-12,03:00:00,NightStreelightsOn,300,189,Yes,NoIntersection,Normal,Other,ALLENDE SALVADOR (RUE),M,43.82850077116951,4.827361983324876
201800022636,NonLethal,2018-12-03,16:50:00,NightNoStreetLight,300,189,No,NoIntersection,Normal,Other,ANCIENS COMBATTANTS D IN,M,43.894397487640816,4.893964430522231
201800022637,NonLethal,2018-12-05,18:45:00,NightNoStreetLight,300,189,No,NoIntersection,Normal,2Vehicles-Side,MAS DE CHEYLON,M,43.79847804786904,4.796059005544665
201800022638,NonLethal,2018-12-12,18:46:00,NightStreelightsOn,300,189,Yes,NoIntersection,Overcast,2Vehicles-Behind,JEAN YVES COUSTEAU ROND,M,43.824256219256455,4.825154394717083
201800022639,NonLethal,2018-12-19,21:55:00,NightStreelightsOn,300,189,Yes,T-type,Normal,2Vehicles-Side,DELON SOUBEYRAN (RUE),M,43.83489995573087,4.835385542956498
201800022641,Lethal,2018-12-26,05:25:00,NightStreelightsOn,300,189,Yes,Roundabout,Normal,Other,PROUVE JEAN (AVENUE),M,43.81502474851697,4.812270289713296
201800022642,NonLethal,2018-12-27,10:40:00,Daylight,300,189,Yes,NoIntersection,Normal,Other,SULLY (RUE),M,43.844319227033445,4.843247666692418
201800022643,NonLethal,2018-12-21,16:50:00,TwilightOrDawn,300,189,No,Other,Normal,3+Vehicles-Multiple,BRETELLE SORTIE RN 106,M,43.85813492861529,4.85837896701513
201800022644,NonLethal,2018-02-13,13:19:00,Daylight,630,358,No,NoIntersection,Normal,Other,RD 2144 Pk 17+800,M,46.04346433473466,3.0435005157940567
201800022645,NonLethal,2018-02-22,08:55:00,Daylight,630,473,No,X-type,Normal,2Vehicles-Side,Intersection D404 et D15,M,45.9364262809733,3.938057685969111
201800022646,NonLethal,2018-05-13,07:00:00,TwilightOrDawn,630,1,No,NoIntersection,LightRain,2Vehicles-BehindVehicles-Frontal,RD 984 route d'EFFIAT,M,46.02396178070397,3.0242028042500144
201800022647,NonLethal,2018-05-24,17:30:00,Daylight,630,135,Yes,NoIntersection,Normal,2Vehicles-Behind,17 rue grand rue,M,45.94545700873323,3.947551083156777
201800022648,NonLethal,2018-06-01,22:00:00,NightNoStreetLight,630,347,No,NoIntersection,Normal,NoCollision,RD 438 route de fusse,M,46.06307710435036,3.062429539220649
201800022652,NonLethal,2018-10-08,18:30:00,Daylight,630,1,Yes,NoIntersection,Normal,2Vehicles-Behind,264 grande rue,M,46.02961767348585,3.0294088546640547
201800022653,NonLethal,2018-10-15,18:10:00,Daylight,630,108,No,NoIntersection,LightRain,2Vehicles-BehindVehicles-Frontal,PK12+100,M,,
201800022654,NonLethal,2018-10-17,07:30:00,TwilightOrDawn,630,143,No,T-type,FogOrSmoke,2Vehicles-Side,D984,M,46.027827595465794,3.029750973609455
201800022655,NonLethal,2018-10-27,05:10:00,NightNoStreetLight,630,379,No,NoIntersection,LightRain,NoCollision,RD 223,M,,
201800022656,NonLethal,2018-11-03,07:55:00,Daylight,630,446,No,NoIntersection,Normal,Other,D 93,M,46.05030746863674,3.0510827309612085
201800022657,NonLethal,2018-11-18,03:45:00,NightNoStreetLight,630,35,No,Y-type,Normal,Other,d 2144 pk 7,M,45.96319638509309,3.964691653039418
201800022658,NonLethal,2018-11-28,12:25:00,Daylight,630,327,No,NoIntersection,Normal,2Vehicles-BehindVehicles-Frontal,Axe D2l44 PR 2+500,M,45.92540354588829,3.921876410202345
201800022659,NonLethal,2018-01-21,18:30:00,NightStreelightsOn,630,85,Yes,T-type,LightRain,Other,lieu dit les les arbres,M,45.905627450463065,2.904814834505531
201800022660,NonLethal,2018-02-19,16:30:00,Daylight,630,388,No,NoIntersection,Normal,2Vehicles-BehindVehicles-Frontal,CD 987,M,46.000065187658485,3.0001272386766225
201800022661,NonLethal,2018-02-19,12:00:00,Daylight,630,354,No,NoIntersection,Normal,Other,RD 987,M,,
201800022662,NonLethal,2018-11-03,13:45:00,Daylight,630,349,Yes,NoIntersection,SnowOrHail,2Vehicles-BehindVehicles-Frontal,route de la chaine des p,M,,
201800022663,NonLethal,2018-03-23,14:40:00,Daylight,630,206,No,T-type,Normal,2Vehicles-Side,La roche carrefour CD227,M,45.95058460924909,2.951950486160092
201800022664,NonLethal,2018-04-16,22:45:00,NightNoStreetLight,630,349,No,NoIntersection,Normal,Other,"CD 19, le Moulin de la B",M,45.96298353117886,2.9630810131091856
201800022665,NonLethal,2018-05-03,12:20:00,Daylight,630,206,No,Y-type,Normal,2Vehicles-BehindVehicles-Frontal,pont de la ganne,M,45.9609521052169,2.9615295530486705
201800022668,NonLethal,2018-07-09,12:00:00,Daylight,630,94,No,NoIntersection,Normal,2Vehicles-Side,CD 13,M,,
201800022669,NonLethal,2018-05-12,09:00:00,Daylight,630,93,No,NoIntersection,Normal,2Vehicles-Behind,D16 PK 14 + 800,M,45.9592629819247,3.959622432717959
201800022670,NonLethal,2018-02-08,16:25:00,Daylight,630,71,No,NoIntersection,SnowOrHail,NoCollision,D52,M,45.758302220893775,2.7590568007232177
201800022671,NonLethal,2018-10-06,13:00:00,Daylight,630,264,No,NoIntersection,Overcast,NoCollision,"D983, PK 12+200",M,45.643437647425536,2.6411344185831145
201800022672,Lethal,2018-06-27,17:10:00,Daylight,630,189,No,X-type,Normal,2Vehicles-Side,CD922 - PK32,M,45.65644856159206,2.656065353090802
201800022673,NonLethal,2018-07-13,16:30:00,Daylight,630,189,No,T-type,Normal,3+Vehicles-Multiple,Carrefour RD 922 / RD 98,M,45.641054297594046,2.6402474376009755
201800022674,NonLethal,2018-09-15,22:35:00,NightNoStreetLight,630,257,No,X-type,Normal,2Vehicles-BehindVehicles-Frontal,Intersection lieu-dit Mo,M,45.73008786545876,2.730327010937778
201800022675,Lethal,2018-10-28,15:20:00,Daylight,630,20,No,NoIntersection,Overcast,2Vehicles-BehindVehicles-Frontal,Randanne,M,45.68571150997557,2.686457157248313
201800022677,NonLethal,2018-12-21,18:38:00,NightNoStreetLight,630,189,No,NoIntersection,HeavyRain,3+Vehicles-Multiple,RD 922,M,45.64735697004656,2.6467124378801614
201800022678,NonLethal,2018-01-14,14:05:00,Daylight,230,169,No,NoIntersection,Normal,2Vehicles-BehindVehicles-Frontal,D942 PK 28+200,M,46.13329903703594,1.1340729648350003
201800022679,NonLethal,2018-01-17,12:00:00,Daylight,230,154,No,NoIntersection,Normal,2Vehicles-Side,RN 145 PR 58+250,M,46.17120908682308,2.169446982720237
201800022680,NonLethal,2018-02-08,10:30:00,Daylight,230,101,No,NoIntersection,SnowOrHail,Other,Le Breuil,M,46.28912208823442,1.288555897334141
201800022681,NonLethal,2018-02-27,13:00:00,Daylight,230,193,No,NoIntersection,Normal,2Vehicles-BehindVehicles-Frontal,lieu dit lavaud,M,46.14755788494492,1.1491889721845696
201800022683,NonLethal,2018-05-30,20:00:00,Daylight,230,138,No,NoIntersection,Normal,Other,RD 13,M,46.09795089835404,2.0978845561941117
201800022685,NonLethal,2018-08-05,00:53:00,NightNoStreetLight,230,4,No,NoIntersection,Normal,NoCollision,chignaroche,M,46.24472448917096,1.2434565608366144
201800022686,NonLethal,2018-08-12,09:20:00,Daylight,230,193,Yes,NoIntersection,VeryGood,Other,RD 942,M,46.13926543115704,1.138489365596553
201800022687,NonLethal,2018-08-17,11:43:00,Daylight,230,247,No,NoIntersection,Normal,NoCollision,Bretelle de sortie RN145,M,46.200497487434056,1.1969766441210743
201800022688,NonLethal,2018-08-27,19:45:00,Daylight,230,245,Yes,T-type,Normal,2Vehicles-BehindVehicles-Frontal,Claverolles,M,46.21592460802661,1.2129108531700874
201800022690,NonLethal,2018-09-19,17:30:00,Daylight,230,247,No,T-type,Normal,2Vehicles-BehindVehicles-Frontal,Les vergnolles,M,46.20743775633672,1.207755041480442
201800022691,NonLethal,2018-03-10,16:45:00,Daylight,230,33,No,NoIntersection,Normal,2Vehicles-BehindVehicles-Frontal,RD 76,M,46.165326341219846,1.1645404870262317
201800022693,NonLethal,2018-12-20,17:20:00,NightNoStreetLight,230,245,No,NoIntersection,LightRain,Other,D942,M,46.17959375405476,1.180905817860309
201800022694,NonLethal,2018-01-21,13:05:00,Daylight,260,166,No,NoIntersection,Normal,Other,A7,M,,
201800022695,NonLethal,2018-01-25,10:00:00,Daylight,260,166,No,NoIntersection,Normal,2Vehicles-Behind,Autoroute A7 (PK 93+700),M,44.74787258673647,4.747550503799403
201800022696,Lethal,2018-02-02,12:45:00,Daylight,260,85,No,NoIntersection,Normal,2Vehicles-BehindVehicles-Frontal,RN 7,M,,
201800022697,NonLethal,2018-04-22,16:40:00,Daylight,260,339,No,NoIntersection,Normal,Other,A 7,M,,
201800022698,NonLethal,2018-04-22,17:50:00,Daylight,260,312,No,NoIntersection,Normal,2Vehicles-Side,A 7,M,,
201800022699,NonLethal,2018-05-17,10:30:00,Daylight,260,338,No,NoIntersection,Normal,3+Vehicles-Chain,A 7,M,,
201800022700,NonLethal,2018-05-20,15:45:00,Daylight,260,85,No,NoIntersection,Normal,2Vehicles-Behind,A 7,M,,
201800022701,Lethal,2018-07-08,03:00:00,NightNoStreetLight,260,138,No,NoIntersection,Normal,Other,A 7,M,,
201800022702,Lethal,2018-11-07,18:20:00,Daylight,260,339,No,NoIntersection,Normal,2Vehicles-Behind,A 7,M,,
201800022703,NonLethal,2018-02-09,07:05:00,Daylight,260,169,No,NoIntersection,Normal,NoCollision,"A7, PK123.800, SENS S/N",M,44.46881052694573,4.467531300383907
201800022704,NonLethal,2018-09-21,14:00:00,Daylight,260,85,No,NoIntersection,Normal,Other,Autoroute 7,M,44.50540543863387,4.506814956536799
201800022705,NonLethal,2018-10-11,19:01:00,NightNoStreetLight,260,106,No,NoIntersection,LightRain,Other,A7 - PK 104+000 - sens S,M,44.65067957669452,4.64837103833861
201800022706,Lethal,2018-01-01,04:40:00,NightNoStreetLight,840,28,No,NoIntersection,Normal,Other,route de rasteau,M,44.22568400550475,4.22668714166689
201800022707,NonLethal,2018-01-19,22:45:00,NightNoStreetLight,840,134,No,NoIntersection,Overcast,NoCollision,RD 93 limite vitesse aut,M,44.199849835104864,4.197889910515118
201800022708,Lethal,2018-05-04,01:00:00,NightStreelightsOn,840,106,Yes,NoIntersection,Normal,Other,32 route de bollene,M,44.249120275914166,4.24814149463247
201800022710,NonLethal,2018-08-06,20:00:00,Daylight,840,135,Yes,X-type,Normal,NoCollision,Route d'ORANGE,M,44.20943358208763,4.209939819220683
201800022712,NonLethal,2018-11-21,12:05:00,Daylight,840,135,No,NoIntersection,Overcast,3+Vehicles-Multiple,2465 route d'orange,M,44.20900110318543,4.208826835887745
201800022713,NonLethal,2018-01-09,15:15:00,Daylight,110,67,No,T-type,Normal,2Vehicles-Side,D6113 - D 26,M,43.21312703810582,2.211562249139118
201800022714,NonLethal,2018-08-02,07:30:00,NightNoStreetLight,110,203,Yes,NoIntersection,Normal,2Vehicles-Behind,Avenue des Corbières,M,43.194506191752254,2.1917024176108058
201800022717,Lethal,2018-04-11,12:50:00,Daylight,110,369,Yes,NoIntersection,HeavyRain,Other,Quai de lorraine,M,43.2569086425762,2.260255438462398
201800022718,NonLethal,2018-05-05,17:39:00,Daylight,110,203,Yes,NoIntersection,Normal,Other,boulevard Léon CASTEL,M,43.20118957582193,2.1993484913121044
201800022720,NonLethal,2018-06-15,18:20:00,Daylight,110,64,No,NoIntersection,Normal,2Vehicles-Side,RD114,M,43.12668363604473,2.126499690530982
201800022721,NonLethal,2018-06-19,11:30:00,Daylight,110,41,No,Y-type,Normal,2Vehicles-BehindVehicles-Frontal,intersection D128 et D26,M,43.347457246705055,2.3500492145413068
201800022722,NonLethal,2018-07-09,09:00:00,Daylight,110,164,No,NoIntersection,Normal,Other,CD 607,M,43.26787901959621,2.268394139531073
201800022723,NonLethal,2018-07-18,08:30:00,Daylight,110,296,No,NoIntersection,Normal,2Vehicles-BehindVehicles-Frontal,D5 PK+2.100,M,43.28228305345053,2.2820497868645586
201800022724,NonLethal,2018-07-21,16:45:00,Daylight,110,148,No,T-type,Normal,2Vehicles-Side,"RD6113, PK27.900",M,43.17988767023968,2.1794692991093023
201800022725,NonLethal,2018-08-31,17:02:00,Daylight,110,353,Yes,NoIntersection,Normal,2Vehicles-Behind,Avenue de Saint Pons,M,43.25443236425679,2.253194446654297
201800022728,NonLethal,2018-10-19,13:45:00,Daylight,110,172,No,T-type,Normal,Other,RD 610 PK 27.000 / RD 61,M,43.26648873893566,2.2687721651935875
201800022729,NonLethal,2018-10-27,12:00:00,Daylight,110,164,Yes,NoIntersection,LightRain,Other,"D26 - PR 8,500",M,43.276101474637976,2.275891431043929
201800022730,NonLethal,2018-11-03,14:00:00,Daylight,110,132,No,NoIntersection,Normal,Other,"RD 106, Villerouge la cr",M,43.11883569924122,2.1182571909487984
201800022731,NonLethal,2018-11-18,16:59:00,Daylight,110,369,Yes,Other,Normal,NoCollision,avenue de Gaillousty,M,43.25197484427894,2.252889096844787
201800022732,NonLethal,2018-03-01,18:25:00,NightNoStreetLight,350,225,No,NoIntersection,LightRain,2Vehicles-BehindVehicles-Frontal,Pilleverte D794,M,48.431508757972566,-0.4318988525814707
201800022733,NonLethal,2018-04-30,15:30:00,Daylight,350,172,No,X-type,Normal,2Vehicles-Side,Le Plessis Margat,M,48.43460925554166,-0.4349286859114672
201800022734,NonLethal,2018-05-22,08:30:00,Daylight,350,337,Yes,NoIntersection,Normal,Other,14 rue de la libération,M,48.33013909196643,-0.3296858742331959
201800022736,NonLethal,2018-02-06,09:25:00,Daylight,350,265,No,NoIntersection,Normal,2Vehicles-BehindVehicles-Frontal,LIEU DIT LA BOUHOURDAIS,M,48.34866441460067,-0.3484937130338686
201800022737,NonLethal,2018-06-06,14:58:00,Daylight,350,337,No,NoIntersection,LightRain,2Vehicles-Behind,RD 137 PK72+250 Sens Ren,M,48.29744330815708,-0.2983648816851947
201800022738,NonLethal,2018-07-08,20:15:00,Daylight,350,85,No,NoIntersection,Normal,Other,PK1 RD81,M,48.45366350432264,-0.4546266168182095
201800022739,NonLethal,2018-08-26,10:30:00,Daylight,350,29,No,NoIntersection,VeryGood,2Vehicles-Behind,Ronces Rousses,M,48.46259288693885,-0.4642047765794846
201800022740,Lethal,2018-04-09,09:02:00,Daylight,350,29,No,X-type,Normal,Other,lieu dit la croix blanch,M,48.46284023330284,-0.462035864214206
201800022741,NonLethal,2018-11-10,02:45:00,NightNoStreetLight,350,29,No,T-type,LightRain,Other,le pont melin,M,48.487909826347895,-0.4888313836248468
201800022742,Lethal,2018-12-18,18:51:00,NightNoStreetLight,350,104,No,NoIntersection,LightRain,3+Vehicles-Multiple,lieu dit la bigotière,M,48.52351782507432,-0.5224166058201895
201800022743,NonLethal,2018-04-09,11:30:00,Daylight,270,421,No,T-type,Normal,2Vehicles-Side,cd 833,M,48.90857673491707,1.908810734872382
201800022744,Lethal,2018-04-24,18:10:00,Daylight,270,193,No,T-type,Normal,2Vehicles-Behind,rue d'ezy,M,48.85365828034144,1.8560042493286764
201800022745,NonLethal,2018-05-24,07:50:00,Daylight,270,278,No,X-type,FogOrSmoke,2Vehicles-Side,,M,48.917644981390026,1.9185930908408089
201800022746,NonLethal,2018-05-25,20:00:00,Daylight,270,278,No,X-type,LightRain,2Vehicles-Side,Intersection D163 et rue,M,48.90853820078676,1.9091465714421885
201800022747,NonLethal,2018-06-17,20:00:00,Daylight,270,478,Yes,NoIntersection,Normal,NoCollision,29 rue Charles de Gaulle,M,48.96051513127166,1.9613291928319057
201800022748,NonLethal,2018-07-05,12:35:00,Daylight,270,355,Yes,Other,Normal,NoCollision,D833,M,48.88883545273896,1.88831955356462
201800022749,NonLethal,2018-02-08,14:30:00,Daylight,270,301,No,NoIntersection,Normal,Other,DÉPARTEMENTALE 547,M,48.94910537900696,1.950088132483044
201800022750,NonLethal,2018-08-20,19:40:00,Daylight,270,360,Yes,NoIntersection,Normal,3+Vehicles-Multiple,route de saint andré,M,48.91232203194908,1.91238140125858
201800022751,NonLethal,2018-08-26,13:10:00,Daylight,270,154,No,X-type,Normal,2Vehicles-Side,D833,M,48.88977895256105,1.891105085830446
201800022752,NonLethal,2018-09-07,18:35:00,Daylight,270,278,Yes,NoIntersection,Normal,2Vehicles-BehindVehicles-Frontal,12 rue docteur Roux,M,48.90950217358215,1.9114491192775784
201800022753,NonLethal,2018-09-26,19:25:00,TwilightOrDawn,270,355,Yes,T-type,Normal,2Vehicles-Side,43 RUE D'ÉZY,M,48.88245960011803,1.881409804809732
201800022755,NonLethal,2018-08-12,12:30:00,Daylight,270,183,No,T-type,StrongWindOrStorm,2Vehicles-BehindVehicles-Frontal,D833,M,48.89462005478624,1.8946232645866763
201800022756,NonLethal,2018-04-11,08:15:00,Daylight,620,57,No,NoIntersection,Normal,2Vehicles-BehindVehicles-Frontal,C 219,M,50.88685965932991,2.885724474279128
201800022757,NonLethal,2018-05-05,07:40:00,Daylight,620,621,Yes,NoIntersection,Normal,2Vehicles-Behind,37 route d'audruicq,M,50.8771627825552,2.877226023339739
201800022758,NonLethal,2018-07-07,14:40:00,Daylight,620,748,Yes,NoIntersection,Normal,2Vehicles-Behind,140 rue clairmarais,M,50.97863593340976,2.9789537500227703
201800022760,NonLethal,2018-08-19,14:20:00,Daylight,620,730,Yes,X-type,Normal,2Vehicles-Side,rue Basse du Marais,M,50.8561819051842,2.857175595979735
201800022761,NonLethal,2018-09-14,18:10:00,Daylight,620,634,Yes,NoIntersection,Normal,Other,16 RUE DU VILLAGE,M,50.94289671334116,2.9443066466533363
201800022762,Lethal,2018-10-28,06:00:00,NightNoStreetLight,620,38,Yes,NoIntersection,Normal,NoCollision,rue de la rivière 1777,M,50.89008533794701,1.8907100706354392
201800022763,NonLethal,2018-10-01,11:30:00,Daylight,830,86,Yes,NoIntersection,Normal,3+Vehicles-Multiple,dn7,M,43.47105471302957,6.46986590173694
201800022764,NonLethal,2018-02-07,19:30:00,NightStreelightsOn,830,4,Yes,NoIntersection,Normal,2Vehicles-BehindVehicles-Frontal,Avenue des treize lorgua,M,43.45429510234084,6.453403934702707
201800022765,NonLethal,2018-02-09,05:40:00,NightNoStreetLight,830,86,No,NoIntersection,Normal,2Vehicles-Side,RD1555,M,43.47418798044298,6.472644269040266
201800022766,NonLethal,2018-02-15,18:00:00,TwilightOrDawn,830,4,No,NoIntersection,Normal,2Vehicles-Side,route de Lorgues D10,M,43.457761300593305,6.4607316339843806
201800022767,NonLethal,2018-05-12,23:45:00,NightNoStreetLight,830,85,No,NoIntersection,Normal,Other,route du plateau,M,43.52565340003354,6.524757530761581
201800022768,NonLethal,2018-05-26,21:15:00,TwilightOrDawn,830,86,Yes,NoIntersection,Normal,Other,Intersection Boulevard d,M,43.47335554152245,6.473640799399626
201800022769,NonLethal,2018-07-25,11:40:00,Daylight,830,148,No,NoIntersection,VeryGood,2Vehicles-BehindVehicles-Frontal,rte de la garde freinet,M,43.378604476999016,6.37831556305748
201800022770,NonLethal,2018-08-14,16:07:00,Daylight,830,4,Yes,Other,Normal,Other,DN7,M,43.44793868189198,6.449552475443018
201800022771,NonLethal,2018-08-24,08:50:00,Daylight,830,85,No,NoIntersection,Normal,2Vehicles-Behind,Route départementale 155,M,43.479869530261496,6.480003735387063
201800022772,NonLethal,2018-08-30,19:30:00,Daylight,830,86,No,NoIntersection,Normal,2Vehicles-Side,DN7,M,43.46356612313507,6.4617981859067966
201800022774,NonLethal,2018-12-09,19:30:00,TwilightOrDawn,830,115,No,NoIntersection,Normal,2Vehicles-BehindVehicles-Frontal,PK 50.600,M,43.40515037717857,6.406448518654159
201800022775,NonLethal,2018-09-18,05:50:00,NightNoStreetLight,830,4,No,NoIntersection,Normal,2Vehicles-BehindVehicles-Frontal,RDN7 - chateau du thouar,M,43.439512071257205,6.442709799242446
201800022777,NonLethal,2018-04-10,20:45:00,NightNoStreetLight,830,86,No,NoIntersection,Normal,2Vehicles-Behind,D1555,M,43.47473994452093,6.4730938357668935
201800022778,Lethal,2018-10-31,07:50:00,Daylight,830,86,No,NoIntersection,HeavyRain,NoCollision,Route Départementale 25,M,43.40700720183885,6.4046386002156215
201800022779,Lethal,2018-12-11,18:30:00,NightNoStreetLight,830,85,No,NoIntersection,Normal,Other,D54,M,43.518326739519615,6.5192133378223165
201800022780,NonLethal,2018-11-12,03:30:00,NightStreelightsOn,830,86,Yes,NoIntersection,HeavyRain,Other,Avenue de la Libération,M,43.46937582898927,6.471663024893855
201800022781,NonLethal,2018-03-12,09:45:00,Daylight,830,85,Yes,NoIntersection,Normal,Other,Avenue Achille Rouvier,M,43.49167760020366,6.490841410033306
201800022782,Lethal,2018-12-22,02:50:00,NightNoStreetLight,830,4,No,NoIntersection,Normal,2Vehicles-BehindVehicles-Frontal,RDN7,M,43.44062742585811,6.442052756085103