AccidentId,Gravity,Date,Hour,Light,Department,Commune,InAgglomeration,IntersectionType,Weather,CollisionType,PostalAddress,GPSCode,Latitude,Longitude
201800022783,NonLethal,2018-12-27,21:45:00,NightNoStreetLight,830,4,No,NoIntersection,Normal,3+Vehicles-Multiple,RD555,M,43.46620725445661,6.467635167737134
201800022785,Lethal,2018-02-02,13:40:00,Daylight,510,410,No,NoIntersection,Normal,2Vehicles-BehindVehicles-Frontal,D36,M,49.05970588767979,3.057538065464168
201800022786,NonLethal,2018-05-15,22:15:00,NightNoStreetLight,510,410,No,NoIntersection,Normal,2Vehicles-Behind,D3,M,49.075670646867074,3.0760110757301646
201800022788,NonLethal,2018-04-06,14:45:00,Daylight,50,161,Yes,Square,LightRain,2Vehicles-Behind,cd1091 - villeneuve la s,M,44.93999410719528,6.938047761248916
201800022789,NonLethal,2018-06-07,19:15:00,Daylight,50,133,Yes,X-type,Overcast,2Vehicles-Side,route de Grenoble,M,44.93542274840665,6.935715555027638
201800022790,NonLethal,2018-06-08,10:30:00,Daylight,50,85,No,NoIntersection,Normal,NoCollision,RN 94,M,44.92753381072544,6.926925633143175
201800022791,NonLethal,2018-07-04,17:15:00,Daylight,50,79,No,Y-type,Normal,2Vehicles-Side,accès sud du hameau des,M,44.96642439646626,6.966543084586815
201800022793,NonLethal,2018-09-07,15:10:00,Daylight,50,161,No,NoIntersection,Normal,2Vehicles-Side,RD1091,M,44.93751132974244,6.935989388691084
201800022795,NonLethal,2018-02-10,13:35:00,Daylight,670,445,No,NoIntersection,Normal,Other,route des romains,M,48.30003354043031,7.30044456048448
201800022797,NonLethal,2018-06-15,15:30:00,Daylight,670,115,Yes,T-type,Normal,2Vehicles-BehindVehicles-Frontal,06 rue du Buhl,M,48.30552413426139,7.305768928431771
201800022798,NonLethal,2018-06-21,17:50:00,Daylight,670,362,No,NoIntersection,Normal,NoCollision,RD 1083,M,48.22710010803676,7.226461833910634
201800022799,NonLethal,2018-03-07,13:25:00,Daylight,670,73,No,NoIntersection,Normal,NoCollision,CD35,M,48.28421367206367,7.282648080501838
201800022801,NonLethal,2018-07-27,08:30:00,Daylight,670,115,Yes,Roundabout,Normal,2Vehicles-Side,40 route nationale,M,48.30660979424208,7.306803582262668
201800022802,Lethal,2018-07-31,15:00:00,Daylight,670,115,No,T-type,Normal,2Vehicles-BehindVehicles-Frontal,CD 210 PR5,M,48.30275670992475,7.302264672223834
201800022804,NonLethal,2018-09-30,21:50:00,NightNoStreetLight,670,477,No,NoIntersection,Normal,2Vehicles-BehindVehicles-Frontal,,M,48.36480823439057,7.364573877944465
201800022805,NonLethal,2018-10-16,13:40:00,Daylight,670,317,Yes,NoIntersection,Normal,2Vehicles-BehindVehicles-Frontal,7 rue de l'église,M,48.30702007549812,7.305513120705823
201800022806,NonLethal,2018-09-01,08:40:00,Daylight,310,483,Yes,Roundabout,FogOrSmoke,3+Vehicles-Chain,RD921,M,43.09718373992519,7.0942346119294655
201800022807,NonLethal,2018-01-22,07:45:00,NightStreelightsOn,310,483,No,Roundabout,Overcast,Other,SARAGAT (BD DU PRESIDENT,M,43.094339234035246,7.0961902532408825
201800022808,NonLethal,2018-01-25,08:00:00,Daylight,310,483,Yes,Roundabout,FogOrSmoke,2Vehicles-Side,"O, CASTEX (PLACE DE L'AM",M,43.11122140133489,7.110702746583074
201800022810,NonLethal,2018-03-06,11:20:00,Daylight,310,483,Yes,T-type,Normal,2Vehicles-Side,"69, LANDORTHE (ROUTE)",M,43.11570615345986,7.115342942199902
201800022811,NonLethal,2018-03-14,12:25:00,Daylight,310,483,Yes,NoIntersection,Normal,2Vehicles-Behind,"l, KENNEDY (AVENUE)",M,43.10464643961606,7.10385311071501
201800022812,NonLethal,2018-03-26,16:50:00,Daylight,310,344,No,NoIntersection,HeavyRain,NoCollision,POINTIS INARD (ROUTE DE),M,43.09706305472366,7.096997217308993
201800022814,NonLethal,2018-04-18,16:20:00,Daylight,310,483,Yes,Other,Normal,2Vehicles-Side,FRANCOIS MITTERAND ( AVE,M,43.11138234274751,7.112212683976566
201800022815,NonLethal,2018-04-20,18:45:00,Daylight,310,344,No,NoIntersection,Normal,NoCollision,POINTIS INARD (ROUTE DE),M,43.09671111907717,7.096248257748131
201800022816,NonLethal,2018-04-16,20:00:00,Daylight,310,483,Yes,X-type,Normal,2Vehicles-Side,POMPIDOU GEORGES ( RUE ),M,43.11350760072564,7.113752258060738
201800022818,NonLethal,2018-04-28,21:15:00,NightStreelightsOn,310,483,Yes,NoIntersection,LightRain,2Vehicles-Side,HUGO VICTOR (RUE),M,43.10613176019805,7.106322217058728
201800022819,NonLethal,2018-09-05,16:50:00,Daylight,310,483,Yes,Roundabout,Normal,2Vehicles-Side,ISLE (AVENUE DE L'),M,43.11283422796992,7.112095091775871
201800022821,NonLethal,2018-06-02,12:20:00,Daylight,310,483,Yes,X-type,Normal,2Vehicles-Side,BOUERY ANDRE (AVENUE),M,43.09321301477838,7.093556671267118
201800022822,NonLethal,2018-03-06,19:28:00,Daylight,310,483,No,T-type,Normal,2Vehicles-Side,CAZAUX (ROUTE DE LA SERR,M,43.12857838655055,7.128902544155262
201800022824,NonLethal,2018-06-19,08:00:00,Daylight,310,483,Yes,Other,Normal,3+Vehicles-Chain,ROUTE DE LA SERRE DE CAZ,M,43.120863893320895,7.121797836982254
201800022825,NonLethal,2018-03-08,15:40:00,Daylight,310,483,Yes,NoIntersection,Normal,2Vehicles-Side,FRANCOIS MITTERAND ( AVE,M,43.11028496796197,7.109236757711735
201800022826,NonLethal,2018-08-17,19:55:00,TwilightOrDawn,310,483,No,NoIntersection,LightRain,2Vehicles-BehindVehicles-Frontal,CAZAUX (ROUTE DE LA SERR,M,43.13631300687951,7.134111725660797
201800022827,NonLethal,2018-08-23,19:30:00,Daylight,310,344,No,Other,Normal,3+Vehicles-Multiple,VERDUN (RUE DE),M,43.09266408942602,7.0927256096021205
201800022828,NonLethal,2018-08-09,13:30:00,Daylight,310,565,Yes,T-type,LightRain,Other,BIELLE (RUE DE LA),M,43.09055804345572,7.090931058229859
201800022829,NonLethal,2018-09-14,16:03:00,Daylight,310,344,No,NoIntersection,Normal,NoCollision,POINTIS INARD (ROUTE DE),M,43.09731307573337,7.096505646568248
201800022830,Lethal,2018-09-20,00:55:00,NightNoStreetLight,310,483,No,NoIntersection,Normal,NoCollision,D8,M,43.14875671010322,7.151042626878631
201800022831,NonLethal,2018-12-10,09:45:00,Daylight,310,483,No,T-type,Normal,2Vehicles-Side,D 8,M,43.09430588564163,6.094741871583475
201800022832,NonLethal,2018-10-13,11:35:00,Daylight,310,483,Yes,NoIntersection,Normal,2Vehicles-BehindVehicles-Frontal,SOMMER RAYMOND (BOULEVAR,M,43.10235138892875,7.103346402880827
201800022833,NonLethal,2018-10-13,14:20:00,Daylight,310,483,Yes,NoIntersection,Normal,2Vehicles-Behind,GAULLE (BOULEVARD CHARLE,M,43.108441576833165,7.109255030915876
201800022834,NonLethal,2018-10-23,10:00:00,Daylight,310,483,Yes,X-type,Normal,Other,PAPE CLEMENT V (RUE),M,43.1117201110436,7.107290002046183
201800022835,NonLethal,2018-10-19,09:15:00,Daylight,310,483,Yes,NoIntersection,Normal,NoCollision,ARRIEU ANSELME (AVENUE),M,43.11405936425124,7.111916380772883
201800022837,NonLethal,2018-12-09,07:00:00,NightNoStreetLight,310,483,Yes,NoIntersection,LightRain,NoCollision,D921,M,43.09571476243492,7.097601031276092
201800022838,Lethal,2018-12-20,18:50:00,NightStreelightsOn,310,483,Yes,NoIntersection,Normal,Other,SARAGAT (BD DU PRESIDENT,M,43.0992734210469,7.10167106854331
201800022839,NonLethal,2018-02-13,09:30:00,Daylight,690,277,Yes,Other,Normal,2Vehicles-Side,rue Jean Bornicat,M,45.72174827570014,5.721183954374456
201800022840,NonLethal,2018-04-08,16:20:00,Daylight,690,285,Yes,NoIntersection,Normal,2Vehicles-BehindVehicles-Frontal,42 rue de l'égalité,M,45.75463767466701,5.753831863044937
201800022841,NonLethal,2018-04-21,08:30:00,Daylight,690,279,Yes,NoIntersection,VeryGood,2Vehicles-BehindVehicles-Frontal,ROUTE NATIONALE,M,45.79611638714336,5.795625901408714
201800022842,NonLethal,2018-04-21,16:30:00,Daylight,690,285,Yes,NoIntersection,Normal,NoCollision,Rue du Repos,M,45.747659203247984,5.746825582425943
201800022843,NonLethal,2018-04-29,10:15:00,Daylight,690,277,Yes,X-type,Normal,2Vehicles-Side,rue pierre dupont,M,45.72541433945749,5.72489407009284
201800022845,NonLethal,2018-06-14,16:15:00,Daylight,690,279,Yes,NoIntersection,Normal,2Vehicles-Behind,72 RUE NATIONALE,M,45.80192917701482,5.802224385750772
201800022846,NonLethal,2018-11-07,17:00:00,Daylight,690,277,Yes,Roundabout,Normal,2Vehicles-Side,route de lyon,M,45.73198580861892,4.733593289670005
201800022848,Lethal,2018-09-20,02:45:00,NightNoStreetLight,690,277,No,NoIntersection,Normal,2Vehicles-Behind,RD 147,M,45.72843825155291,5.729852906788787
201800022849,NonLethal,2018-09-19,08:15:00,Daylight,690,277,Yes,Roundabout,Normal,2Vehicles-Side,rue roger salengro,M,45.73004593756244,4.72930078262976
201800022851,NonLethal,2018-06-03,12:15:00,Daylight,850,159,Yes,Square,HeavyRain,Other,PLACE MENDES FRANCE,M,46.471676982582274,-0.4703530113237368
201800022852,NonLethal,2018-06-25,07:30:00,Daylight,850,223,No,NoIntersection,VeryGood,3+Vehicles-Multiple,Gâte-Pic,M,46.57089974973471,-0.5733229177306396
201800022853,NonLethal,2018-01-09,18:20:00,Daylight,850,223,Yes,Roundabout,Normal,2Vehicles-Side,ROUTE DE NANTES,M,46.562125509397305,-0.5624239008757013
201800022854,NonLethal,2018-09-15,01:00:00,NightNoStreetLight,850,158,Yes,NoIntersection,Normal,Other,LE VIGNEAU,M,46.46552719219952,-0.464860378792179
201800022855,NonLethal,2018-10-16,08:53:00,Daylight,850,174,No,NoIntersection,FogOrSmoke,3+Vehicles-Chain,LES CORMIERS,M,46.49103966803082,-0.4914424408155829
201800022857,NonLethal,2018-12-30,06:45:00,NightStreelightsOn,310,555,No,NoIntersection,Normal,NoCollision,R-PT DU GENERAL EISENHOW,M,43.55019241316939,1.549462559347696
201800022858,NonLethal,2018-02-01,09:30:00,Daylight,310,555,Yes,NoIntersection,LightRain,2Vehicles-Side,"999, RUE DU FAUBOURG BON",M,43.61819882886379,1.6152807318920976
201800022859,NonLethal,2018-12-31,12:00:00,Daylight,310,555,Yes,NoIntersection,Normal,2Vehicles-Side,BD DE STRASBOURG,M,43.60808433486244,1.6058327651980069
201800022860,NonLethal,2018-01-05,18:30:00,NightStreelightsOn,310,555,Yes,NoIntersection,Normal,2Vehicles-Side,"51, ESPAGNE (RTE D) DU 2",M,43.57525592224158,1.576797638777845
201800022861,NonLethal,2018-12-31,17:40:00,NightStreelightsOn,310,555,Yes,NoIntersection,Normal,2Vehicles-Side,CHE DE TUCAUT,M,43.5492561168151,1.547368629411782
201800022862,NonLethal,2018-06-01,11:55:00,Daylight,310,555,Yes,X-type,LightRain,2Vehicles-Side,"999, CHE DE FENOUILLET",M,43.642118667453225,1.642078780769362
201800022864,NonLethal,2018-06-01,12:55:00,Daylight,310,555,No,NoIntersection,Normal,3+Vehicles-Multiple,", VA007553 A61",M,43.60336459265496,1.6020639657634432
201800022865,NonLethal,2018-01-07,19:10:00,NightNoStreetLight,310,555,No,NoIntersection,HeavyRain,2Vehicles-Behind,"999, RD9l6",M,43.55298226227047,1.5526272674834258
201800022866,NonLethal,2018-01-08,09:30:00,Daylight,310,555,No,NoIntersection,Normal,Other,"999, 21 DEMOISELLES  (PE",M,43.57460643119047,1.5732552313787953
201800022867,NonLethal,2018-01-08,07:40:00,TwilightOrDawn,310,555,No,NoIntersection,Overcast,3+Vehicles-Chain,"999, D980",M,43.60510927510006,1.6063007890168826
201800022868,NonLethal,2018-08-01,17:00:00,NightStreelightsOn,310,555,Yes,NoIntersection,Normal,Other,"6, RUE LOUIS PLANA",M,43.6076338462288,1.6076704667806916
201800022869,NonLethal,2018-01-09,09:55:00,Daylight,310,555,Yes,NoIntersection,Normal,2Vehicles-Behind,"999, ZAY (AV JEAN) DU 11",M,43.6494007967461,1.651082531020908
201800022870,NonLethal,2018-01-09,19:30:00,NightStreelightsOn,310,555,Yes,NoIntersection,Normal,2Vehicles-Side,"45, AV DE LOMBEZ",M,43.59574114588284,1.5946469961340568
201800022871,NonLethal,2018-10-01,08:50:00,Daylight,310,555,Yes,X-type,LightRain,3+Vehicles-Multiple,"999, AV DE GRANDE BRETAG",M,43.60763419866123,1.6042792424753034
201800022872,NonLethal,2018-10-01,10:05:00,Daylight,310,555,Yes,NoIntersection,LightRain,NoCollision,"50, RUE MATHALY",M,43.62803983455724,1.6267122576596988
201800022874,NonLethal,2018-01-10,12:30:00,Daylight,310,555,Yes,NoIntersection,Normal,Other,"999, BD DE LA GARE",M,43.61056106366061,1.6091572765099007
201800022875,NonLethal,2018-01-10,13:05:00,Daylight,310,555,Yes,NoIntersection,Normal,Other,"20, SAINT SAUVEUR (PORT)",M,43.59518242613227,1.5949127095731437
201800022876,NonLethal,2018-11-01,17:50:00,TwilightOrDawn,310,555,Yes,T-type,Normal,NoCollision,"160, FAUBOURG BONNEFOY (",M,43.62469922279562,1.6271204285946128
201800022878,NonLethal,2018-01-12,03:50:00,NightStreelightsOn,310,555,Yes,NoIntersection,Normal,2Vehicles-Behind,"999, PONT RIQUET",M,43.60887546318489,1.6086817316388335
201800022879,NonLethal,2018-01-12,07:25:00,NightStreelightsOn,310,555,Yes,NoIntersection,Normal,Other,"6, RUE ALAIN FOURNIER",M,43.6083581864312,1.6073725372279597
201800022880,NonLethal,2018-11-01,16:10:00,Daylight,310,149,Yes,NoIntersection,Normal,Other,"10, PYRENEES (ALLEE DES)",M,43.61168763307414,1.6125672678392269
201800022881,NonLethal,2018-01-13,11:15:00,Daylight,310,555,Yes,NoIntersection,Normal,Other,"48, BD DES MINIMES",M,43.61564389940476,1.617157830915286
201800022882,NonLethal,2018-01-13,01:30:00,NightStreelightsOn,310,557,Yes,NoIntersection,Overcast,2Vehicles-BehindVehicles-Frontal,"3, AV JEAN JAURES",M,43.58843493544168,1.589078454173007
201800022884,NonLethal,2018-01-16,09:35:00,Daylight,310,555,Yes,NoIntersection,Normal,Other,"53, AV HONORE SERRES",M,43.61349078152944,1.614429596981492
201800022885,NonLethal,2018-01-16,20:55:00,NightStreelightsOn,310,555,Yes,NoIntersection,LightRain,2Vehicles-Side,"999, AV DE FRONTON",M,43.63494403575661,1.6344949820214263
201800022886,NonLethal,2018-01-17,18:50:00,NightStreelightsOn,310,555,Yes,NoIntersection,LightRain,Other,"166, BAYONNE (ROUTE DE )",M,43.60825362129053,1.6085258798596536
201800022887,NonLethal,2018-01-18,14:30:00,Daylight,310,555,Yes,NoIntersection,Normal,Other,"25, RUE DES PARADOUX",M,43.59886445785285,1.599497228740968
201800022888,NonLethal,2018-01-18,22:40:00,NightStreelightsOff,310,555,No,NoIntersection,Normal,2Vehicles-Behind,VA007331 A620,M,43.58415038312332,1.5828016792276571
201800022889,NonLethal,2018-01-19,18:30:00,NightStreelightsOn,310,69,No,NoIntersection,LightRain,3+Vehicles-Chain,A621,M,43.62208399935042,1.622238908255762
201800022890,NonLethal,2018-01-19,17:15:00,Daylight,310,69,Yes,T-type,Normal,2Vehicles-BehindVehicles-Frontal,"999, GARROS (RUE ROLAND)",M,43.641439278080014,1.64225978130319
201800022891,NonLethal,2018-01-20,00:05:00,NightStreelightsOn,310,555,No,NoIntersection,Normal,2Vehicles-Behind,VA007306 A64,M,43.56162860450175,1.5627559103806044
201800022892,NonLethal,2018-01-20,00:15:00,NightStreelightsOn,310,555,Yes,NoIntersection,LightRain,2Vehicles-BehindVehicles-Frontal,"999, BOULINGRIN (ROND PO",M,,
201800022893,NonLethal,2018-01-20,12:35:00,Daylight,310,555,No,NoIntersection,Normal,2Vehicles-Behind,"37B, VA007306 A64",M,43.537343007551165,1.540326134649272
201800022894,NonLethal,2018-01-22,11:30:00,Daylight,310,555,Yes,NoIntersection,Normal,2Vehicles-Behind,"999, ELCHE (AVENUE D')",M,43.62346544144329,1.621932959774539
201800022895,NonLethal,2018-01-22,20:00:00,NightStreelightsOn,310,149,Yes,NoIntersection,LightRain,2Vehicles-Side,"999, BRUNAUD (AVENUE YVE",M,43.61385817192472,1.6161515871147758
201800022896,NonLethal,2018-01-22,21:00:00,NightStreelightsOn,310,149,Yes,NoIntersection,LightRain,2Vehicles-Side,"999, SELERY (BOULEVARD D",M,43.61907479435976,1.6182286619424888
201800022897,NonLethal,2018-01-24,01:50:00,NightStreelightsOn,310,555,No,NoIntersection,Normal,NoCollision,VA007553 A61,M,43.55996609859208,1.55946475578304
201800022898,NonLethal,2018-01-24,09:25:00,Daylight,310,555,Yes,NoIntersection,Normal,Other,"23, AV DE GRANDE BRETAGN",M,43.59751491149381,1.596933819958778
201800022899,NonLethal,2018-01-24,18:45:00,NightStreelightsOn,310,555,No,NoIntersection,Normal,3+Vehicles-Chain,"999, VA008482 A624",M,43.609549393072925,1.6083250251898369
201800022900,NonLethal,2018-01-24,19:45:00,NightStreelightsOn,310,555,No,NoIntersection,Normal,2Vehicles-Behind,VA007331 A620,M,43.60945517145692,1.6092157563465517
201800022902,NonLethal,2018-01-25,08:40:00,Daylight,310,555,No,NoIntersection,Normal,2Vehicles-Behind,VA007473 A62,M,43.64623289430455,1.6468937861009438
201800022905,NonLethal,2018-01-26,14:10:00,Daylight,310,149,Yes,NoIntersection,Normal,2Vehicles-Behind,"999, MONNET (AVENUE JEAN",M,43.62427396249394,1.6228173989533123
201800022906,NonLethal,2018-01-27,21:10:00,NightNoStreetLight,310,555,Yes,NoIntersection,Normal,2Vehicles-Side,"163, RTE DE SEYSSES",M,43.56515053767298,1.5657641949087382
201800022908,NonLethal,2018-01-29,07:45:00,TwilightOrDawn,310,557,Yes,NoIntersection,Normal,Other,"999, TARBES (ROUTE DE)",M,43.5765170363261,1.5751082544984285
201800022909,NonLethal,2018-01-30,07:40:00,NightStreelightsOn,310,555,Yes,NoIntersection,LightRain,Other,"1, AV JOLIOT CURIE",M,43.55510853527299,1.5536739660778571
201800022911,NonLethal,2018-01-30,15:55:00,Daylight,310,555,Yes,NoIntersection,Normal,Other,"34, AV HONORE SERRES",M,43.61531093084674,1.6130116380663937
201800022912,NonLethal,2018-02-01,22:40:00,NightStreelightsOff,310,555,No,NoIntersection,Normal,Other,"999, AV DU GENERAL EISEN",M,43.567933860286,1.5676061126989802
201800022913,NonLethal,2018-02-02,03:15:00,NightStreelightsOn,310,555,Yes,NoIntersection,Normal,NoCollision,"6, BD DE BONREPOS",M,43.61117956765011,1.6091265873664475
201800022915,NonLethal,2018-02-02,17:25:00,Daylight,310,555,Yes,NoIntersection,Normal,2Vehicles-Side,"999, ROND POINT DREYFUS",M,43.6149583080901,1.616181773452454
201800022916,Lethal,2018-02-03,03:20:00,NightNoStreetLight,310,555,Yes,NoIntersection,HeavyRain,Other,"999, AV PIERRE G LATECOE",M,43.55550037775309,1.5560083391117874
201800022917,NonLethal,2018-04-02,07:30:00,NightNoStreetLight,310,149,No,NoIntersection,Normal,3+Vehicles-Chain,"999, RN124",M,43.605244267655934,1.6051749886819264
201800022918,NonLethal,2018-05-02,17:40:00,NightStreelightsOn,310,555,Yes,NoIntersection,Normal,2Vehicles-Behind,"48, RUE LOUIS PLANA",M,43.6103158558286,1.609524908561951
201800022919,NonLethal,2018-05-02,11:10:00,Daylight,310,555,Yes,NoIntersection,LightRain,Other,"999, AV LOUIS BAZERQUE",M,43.57829417817194,1.5797728620848055
201800022920,NonLethal,2018-02-08,00:20:00,NightStreelightsOn,310,555,No,NoIntersection,Normal,2Vehicles-Behind,"999, VA007331 A620",M,43.61768700528182,1.6172067792114744
201800022921,NonLethal,2018-09-02,04:35:00,NightStreelightsOff,310,555,No,NoIntersection,Normal,2Vehicles-Behind,VA008482 A624,M,43.60509905111535,1.603757595208111
201800022922,NonLethal,2018-09-02,15:27:00,Daylight,310,555,Yes,NoIntersection,Overcast,Other,"113, JULIEN (AV JULES) D",M,43.57807965566148,1.5769393451104452
201800022923,NonLethal,2018-02-09,11:40:00,Daylight,310,555,Yes,NoIntersection,Normal,2Vehicles-Side,"84, RTE D AGDE",M,43.628922335580455,1.6247372698280198
201800022926,NonLethal,2018-11-02,13:30:00,Daylight,310,555,Yes,NoIntersection,LightRain,NoCollision,"3, RUE ELLA MAILLART",M,43.59644154636913,1.594570552351004
201800022928,NonLethal,2018-12-02,07:48:00,Daylight,310,555,Yes,NoIntersection,Normal,3+Vehicles-Chain,VA007473 A62,M,43.6475094862916,1.6456650917967333
201800022929,NonLethal,2018-12-02,11:25:00,Daylight,310,555,Yes,NoIntersection,Normal,Other,"19, PL ETIENNE ESQUIROL",M,43.59839146820867,1.6000758049245145
201800022930,NonLethal,2018-12-02,19:40:00,NightNoStreetLight,310,555,Yes,NoIntersection,Normal,2Vehicles-Side,RUE DE NEGOGOUSSES,M,43.594569866371074,1.5930401659458464
201800022931,NonLethal,2018-02-13,13:20:00,Daylight,310,555,Yes,T-type,Normal,2Vehicles-Side,"37, SAINTE FAMILLE (RUE",M,43.61891664430431,1.6179045224964297
201800022932,NonLethal,2018-02-13,15:25:00,Daylight,310,557,Yes,NoIntersection,HeavyRain,Other,"22, AURIOL (BD VINCENT)",M,43.58147649858963,1.5820469479433756
201800022933,NonLethal,2018-02-13,19:40:00,NightStreelightsOn,310,555,Yes,NoIntersection,LightRain,Other,"44, RUE DU FAUBOURG BONN",M,43.62221704090862,1.6219989060590465
201800022934,NonLethal,2018-02-14,07:45:00,TwilightOrDawn,310,555,No,NoIntersection,Normal,2Vehicles-Behind,VA007331 A620,M,43.59920959915195,1.6006100293859038
201800022936,NonLethal,2018-02-15,11:30:00,Daylight,310,555,Yes,NoIntersection,Normal,2Vehicles-BehindVehicles-Frontal,"23, BD DE STRASBOURG",M,43.608481049831695,1.6075591298922078
201800022937,NonLethal,2018-02-16,17:45:00,Daylight,310,555,Yes,T-type,Normal,2Vehicles-Side,"999, RUE ANDRE VASSEUR",M,43.63834637890496,1.6383910309467586
201800022938,NonLethal,2018-02-19,14:22:00,Daylight,310,555,Yes,NoIntersection,Normal,Other,"176, AV JEAN CHAUBET",M,43.607231735042014,1.6056433151913505
201800022940,NonLethal,2018-02-25,00:30:00,NightStreelightsOn,310,555,Yes,T-type,Normal,2Vehicles-Side,"999, RUE CROIX BARAGNON",M,43.59913690385041,1.6008068913613835
201800022941,NonLethal,2018-02-26,15:45:00,Daylight,310,69,Yes,Roundabout,Normal,3+Vehicles-Multiple,"999, COMPANS (AV DU GENE",M,43.6252082624526,1.6263292315888926
201800022942,NonLethal,2018-02-27,00:01:00,NightNoStreetLight,310,555,No,NoIntersection,Other,Other,"999, VA007604 DEMOISELLE",M,43.57430064880468,1.5748576971326589
201800022943,Lethal,2018-02-27,16:30:00,Daylight,310,555,Yes,NoIntersection,Normal,Other,"3, CHE DE GABARDIE",M,43.63152778796185,1.6296578368674266
201800022944,NonLethal,2018-01-03,07:50:00,Daylight,310,557,Yes,T-type,Normal,2Vehicles-Side,"999, LARDENNE (AV DE)",M,43.5920460517019,1.5901153053533683
201800022945,NonLethal,2018-01-03,17:35:00,Daylight,310,555,Yes,NoIntersection,StrongWindOrStorm,2Vehicles-BehindVehicles-Frontal,"60, RUE DE NEGRENEYS",M,43.61825302227249,1.6189104180632394
201800022946,NonLethal,2018-02-03,00:01:00,NightStreelightsOff,310,555,Yes,NoIntersection,Normal,2Vehicles-Side,"293, AV JEAN RIEUX",M,43.58263315414761,1.580788703805098
201800022948,Lethal,2018-02-03,23:30:00,NightStreelightsOn,310,555,Yes,NoIntersection,Normal,NoCollision,"999, RTE D ESPAGNE",M,43.55617955198062,1.555099893084105
201800022949,NonLethal,2018-03-03,18:00:00,Daylight,310,555,Yes,NoIntersection,Normal,Other,"999, RUE D AURIOL",M,43.57459656145657,1.5780159914090754
201800022950,NonLethal,2018-01-03,03:10:00,NightNoStreetLight,310,69,No,NoIntersection,StrongWindOrStorm,NoCollision,FIL D'ARIANE,M,43.65504743816484,1.6533060709717793
201800022952,NonLethal,2018-03-05,12:40:00,Daylight,310,555,Yes,NoIntersection,Normal,2Vehicles-Side,"55, RTE DE BLAGNAC",M,43.613706625971176,1.6147625548348803
201800022953,NonLethal,2018-05-03,21:12:00,NightNoStreetLight,310,555,No,NoIntersection,Normal,3+Vehicles-Multiple,VA007331 A620,M,43.63222098799571,1.6319252196148408
201800022954,NonLethal,2018-03-06,12:50:00,Daylight,310,555,Yes,Roundabout,VeryGood,3+Vehicles-Multiple,"999, CHE D AUDIBERT",M,43.63700936737776,1.6372482253508869
201800022957,NonLethal,2018-03-07,21:00:00,NightNoStreetLight,310,555,Yes,NoIntersection,Normal,2Vehicles-Side,"327, AV DES ETATS UNIS",M,43.65335089075526,1.6545809623734726
201800022960,NonLethal,2018-03-08,21:45:00,NightStreelightsOn,310,555,Yes,NoIntersection,Normal,2Vehicles-Side,"999, NETWILLER (BOULEVAR",M,43.641703802058274,1.642345081860123
201800022961,NonLethal,2018-03-09,01:20:00,NightStreelightsOn,310,555,Yes,NoIntersection,Normal,2Vehicles-Side,"999, AV LOUIS BAZERQUE",M,43.573897911566775,1.576612684770731
201800022962,NonLethal,2018-03-10,18:45:00,TwilightOrDawn,310,149,Yes,Roundabout,Normal,2Vehicles-Side,"999, COLOMBE (Rd Point)",M,43.617690749453,1.6172412328353216
201800022963,NonLethal,2018-03-11,05:55:00,NightStreelightsOff,310,555,No,NoIntersection,Normal,Other,VA007331 A620,M,43.572601347858594,1.574686619171924
201800022964,NonLethal,2018-03-11,15:30:00,Daylight,310,555,Yes,X-type,Normal,2Vehicles-Side,"163, RUE DE NEGRENEYS",M,43.62740908727102,1.6276076282435212
201800022966,NonLethal,2018-12-03,04:25:00,NightStreelightsOff,310,555,No,NoIntersection,Normal,2Vehicles-BehindVehicles-Frontal,VA007495 A62,M,43.6547619164292,1.653839990923019
201800022967,NonLethal,2018-03-08,18:30:00,TwilightOrDawn,310,555,Yes,Roundabout,Normal,NoCollision,"999, RUE DES COSMONAUTES",M,43.55817228135,1.5579854282700123
201800022968,NonLethal,2018-03-12,10:36:00,Daylight,310,555,Yes,NoIntersection,Normal,Other,"147, AV DES ARENES ROMAI",M,43.61994383623091,1.6207822280028314
201800022969,Lethal,2018-03-13,07:35:00,TwilightOrDawn,310,557,No,NoIntersection,Normal,Other,D980,M,43.568958190660055,1.56987345627047
201800022970,NonLethal,2018-03-13,12:35:00,Daylight,310,555,Yes,NoIntersection,Normal,2Vehicles-Behind,"10, RUE JOSEPH JACQUARD",M,43.62218573749313,1.6216405206708608
201800022971,NonLethal,2018-03-13,08:20:00,Daylight,310,69,Yes,NoIntersection,Normal,Other,"999, L'EUROPE (BD)",M,43.653002371452025,1.6538790362347011
201800022973,NonLethal,2018-03-13,22:30:00,NightStreelightsOn,310,555,Yes,NoIntersection,Normal,2Vehicles-Side,"8, RUE DU FAUBOURG BONNE",M,43.61783022396387,1.6176307649051205
201800022974,NonLethal,2018-03-13,16:40:00,Daylight,310,555,Yes,T-type,Normal,2Vehicles-Side,"999, CHE DE LA SALADE PO",M,43.56195899843793,1.5622298526425895
201800022975,NonLethal,2018-03-14,11:30:00,Daylight,310,555,Yes,NoIntersection,Normal,2Vehicles-Side,"999, AV MAURICE HAURIOU",M,43.59332273261424,1.5919522526447083