AccidentId,Gravity,Date,Hour,Light,Department,Commune,InAgglomeration,IntersectionType,Weather,CollisionType,PostalAddress,GPSCode,Latitude,Longitude
201800022976,NonLethal,2018-03-14,13:05:00,Daylight,310,555,Yes,NoIntersection,Normal,Other,"36, RUE DE METZ",M,43.59925219687853,1.5985630064217715
201800022977,NonLethal,2018-03-15,08:20:00,Daylight,310,555,Yes,NoIntersection,Normal,Other,"999, RUE DE LA DALBADE",M,43.59691880891933,1.5984499534544
201800022979,NonLethal,2018-03-15,20:00:00,NightStreelightsOn,310,555,Yes,NoIntersection,Normal,2Vehicles-BehindVehicles-Frontal,"29, GRANDE BRETAGNE (AV",M,49.59885068944705,1.5980050638399643
201800022980,NonLethal,2018-03-15,17:15:00,Daylight,310,555,No,NoIntersection,Normal,3+Vehicles-Chain,"999, VA008482 A624",M,43.60869717183438,1.6100721172518753
201800022981,NonLethal,2018-03-15,19:57:00,NightStreelightsOff,310,555,No,NoIntersection,Normal,3+Vehicles-Multiple,VA007331 A620,M,43.614543949374784,1.6150303430795032
201800022982,NonLethal,2018-03-16,16:20:00,Daylight,310,555,Yes,X-type,Normal,2Vehicles-Side,"l58, AV JEAN CHAUBET",M,43.60840614712257,1.605449086121088
201800022983,NonLethal,2018-03-17,15:15:00,Daylight,310,555,Yes,NoIntersection,Normal,2Vehicles-BehindVehicles-Frontal,AV YVES BRUNAUD,M,43.619616534672815,1.619204192107513
201800022984,NonLethal,2018-03-18,07:03:00,TwilightOrDawn,310,557,Yes,NoIntersection,LightRain,Other,DOUMERGUE (RUE GASTON),M,45.58946098768342,1.5897593246267017
201800022985,NonLethal,2018-03-19,06:35:00,TwilightOrDawn,310,555,Yes,NoIntersection,Normal,2Vehicles-Side,"63, BD SILVIO TRENTIN",M,43.62682818864137,1.6239423243199256
201800022986,NonLethal,2018-03-19,19:45:00,NightStreelightsOn,310,555,Yes,NoIntersection,LightRain,3+Vehicles-Chain,"13, CURIE (BD PIERRE) DU",M,43.62639766432539,1.6239679056998988
201800022988,NonLethal,2018-03-19,19:00:00,NightStreelightsOn,310,557,Yes,NoIntersection,LightRain,2Vehicles-Side,PLATANES (ALL DES),M,45.58165369688401,1.5804850730362534
201800022990,NonLethal,2018-03-21,02:00:00,NightStreelightsOn,310,555,Yes,NoIntersection,Normal,Other,BD DES CRETES,M,43.61206881968236,1.6102525687398677
201800022991,NonLethal,2018-03-21,12:45:00,Daylight,310,149,Yes,NoIntersection,Normal,Other,NAUROUZE (ALLEE DE),M,43.60749147648058,1.610432100430358
201800022992,NonLethal,2018-03-22,08:15:00,Daylight,310,555,No,NoIntersection,Normal,3+Vehicles-Chain,VA007331 A620,M,43.58327347982125,1.5836316678390496
201800022993,NonLethal,2018-03-23,07:45:00,Daylight,310,555,Yes,NoIntersection,VeryGood,Other,"12Bis, CHE DE RISPET",M,43.64882597268498,1.647093823040206
201800022994,NonLethal,2018-03-23,13:10:00,Daylight,310,555,Yes,NoIntersection,Normal,2Vehicles-BehindVehicles-Frontal,"22, MESANGES (RUE DES)",M,43.66198569449983,1.6610956043491618
201800022995,NonLethal,2018-03-23,16:30:00,Daylight,310,555,Yes,NoIntersection,VeryGood,Other,"9, RUE ALAIN FOURNIER",M,43.60714429136448,1.6056572296923168
201800022996,NonLethal,2018-03-24,11:33:00,Daylight,310,557,Yes,NoIntersection,LightRain,2Vehicles-Behind,"face au 8, TARBES (ROUTE",M,43.58546733639366,1.5841184637913428
201800022997,NonLethal,2018-03-18,08:20:00,Daylight,310,555,Yes,NoIntersection,Normal,Other,BD DE LA MEDITERRANEE,M,43.58716339921714,1.588435133621949
201800022999,NonLethal,2018-03-28,15:25:00,Daylight,310,555,Yes,NoIntersection,Normal,Other,BD DE STRASBOURG,M,43.60999570422234,1.6102005608704917
201800023000,NonLethal,2018-03-27,17:50:00,Daylight,310,149,Yes,NoIntersection,Normal,2Vehicles-Behind,"999, MITTERAND (ESPLANAD",M,43.60715235751386,1.60721962640773
201800023001,NonLethal,2018-03-29,18:15:00,Daylight,310,555,No,NoIntersection,Normal,Other,A624 (PURPAN),M,43.60846708065614,1.6090210038145587
201800023002,NonLethal,2018-03-29,10:47:00,Daylight,310,555,Yes,NoIntersection,Normal,2Vehicles-Side,"999, BD LASCROSSES",M,43.61145351285565,1.6121148414516862
201800023003,NonLethal,2018-03-29,14:27:00,Daylight,310,555,Yes,T-type,Normal,2Vehicles-Side,"999, AV DE FRONTON",M,43.64660053195821,1.646296826695832
201800023004,NonLethal,2018-03-30,04:49:00,NightStreelightsOn,310,555,Yes,NoIntersection,Normal,Other,"999, VA008482 A624",M,43.60598244640515,1.6067251979139467
201800023005,NonLethal,2018-03-30,16:00:00,Daylight,310,557,Yes,T-type,Normal,Other,FOURNOLIS (CH DE),M,43.58891598168019,1.5904350768253352
201800023006,NonLethal,2018-03-30,11:40:00,Daylight,310,555,Yes,NoIntersection,Normal,2Vehicles-Side,SAINT MICHEL (GRANDE RUE,M,43.58752974886542,1.58886692745712
201800023007,NonLethal,2018-03-31,07:05:00,NightStreelightsOn,310,555,Yes,NoIntersection,Normal,2Vehicles-Behind,"23, RUE DE BAYARD",M,43.60994789495897,1.6087499295686527
201800023008,NonLethal,2018-01-04,13:50:00,Daylight,310,555,Yes,NoIntersection,Normal,Other,AV DU GENERAL EISENHOWER,M,43.56427858608239,1.5630478678856146
201800023009,NonLethal,2018-04-01,15:30:00,Daylight,310,555,No,NoIntersection,Normal,2Vehicles-Behind,VA007440 LES MINIMES A62,M,43.62055576554742,1.6214897625515377
201800023011,NonLethal,2018-02-04,11:55:00,Daylight,310,555,Yes,NoIntersection,Normal,Other,ALL DE BARCELONE,M,43.607670486907246,1.6080235543407706
201800023013,NonLethal,2018-04-02,19:25:00,Daylight,310,555,Yes,NoIntersection,Normal,2Vehicles-Side,AV DE GRANDE BRETAGNE,M,43.606441633674734,1.6052386682594366
201800023014,NonLethal,2018-04-03,14:15:00,Daylight,310,555,No,NoIntersection,Normal,2Vehicles-Behind,VA007306 A64,M,43.56600091664151,1.5628930288469298
201800023015,NonLethal,2018-04-04,08:01:00,Daylight,310,555,Yes,NoIntersection,Normal,Other,RUE DES COSMONAUTES,M,43.5590179677456,1.5609166758194473
201800023016,NonLethal,2018-04-04,09:00:00,Daylight,310,555,Yes,NoIntersection,Normal,Other,RTE DE SAINT SIMON,M,43.58739056554375,1.5851106872591745
201800023017,NonLethal,2018-04-04,11:10:00,Daylight,310,555,Yes,NoIntersection,Normal,2Vehicles-Side,CHE CASSAING,M,43.61757471714275,1.617082254200564
201800023018,NonLethal,2018-04-05,08:35:00,Daylight,310,557,Yes,NoIntersection,Normal,Other,TOUCH (CH DU),M,43.590771900997545,1.5907174680328655
201800023019,NonLethal,2018-04-05,08:25:00,Daylight,310,555,No,NoIntersection,Normal,3+Vehicles-Chain,VA007331 A620,M,43.582381570421845,1.5842524005946816
201800023020,NonLethal,2018-06-04,18:15:00,Daylight,310,555,No,NoIntersection,Normal,2Vehicles-Side,VA007553 A61,M,43.60478653150575,1.6038295131741076
201800023021,NonLethal,2018-04-06,16:30:00,Daylight,310,149,Yes,NoIntersection,Normal,3+Vehicles-Multiple,PIBRAC (ROUTE DE),M,43.6139778797613,1.6141888499187012
201800023022,NonLethal,2018-08-04,21:10:00,NightStreelightsOn,310,555,Yes,NoIntersection,LightRain,Other,Alle Serge RAVANEL,M,43.5952823352016,1.5928202783779997
201800023023,NonLethal,2018-04-09,08:00:00,Daylight,310,555,Yes,NoIntersection,Normal,2Vehicles-Behind,AV DE REYNERIE,M,43.5678121668717,1.5679234333766352
201800023024,NonLethal,2018-04-01,06:15:00,NightStreelightsOn,310,555,No,NoIntersection,Normal,Other,VA007331 A620,M,43.57329848664882,1.573858108470166
201800023025,NonLethal,2018-04-10,12:15:00,Daylight,310,555,Yes,NoIntersection,Normal,3+Vehicles-Chain,AV DU GENERAL EISENHOWER,M,43.563181375337344,1.5629449375319862
201800023027,NonLethal,2018-11-04,22:50:00,NightStreelightsOn,310,555,No,NoIntersection,Normal,2Vehicles-Side,VA007342 LA CEPIERE  A62,M,43.58658150649815,1.5865157067573707
201800023028,NonLethal,2018-04-13,14:00:00,Daylight,310,555,No,NoIntersection,Normal,2Vehicles-Behind,VA007355 PURPAN A620 Sor,M,43.60259242294345,1.6025871264054117
201800023029,NonLethal,2018-04-13,06:15:00,NightNoStreetLight,310,555,No,NoIntersection,Normal,3+Vehicles-Multiple,VA007331 A620,M,43.578018159708776,1.5756045992462526
201800023032,NonLethal,2018-04-17,17:40:00,Daylight,310,555,No,NoIntersection,Normal,3+Vehicles-Multiple,VA007342 LA CEPIERE  A62,M,43.58180898852321,1.5843356869894554
201800023033,NonLethal,2018-04-17,19:16:00,Daylight,310,555,No,NoIntersection,Normal,3+Vehicles-Multiple,VA008482 A624,M,43.604761461910506,1.6044022071358883
201800023034,NonLethal,2018-04-18,18:10:00,Daylight,310,555,Yes,NoIntersection,Normal,3+Vehicles-Multiple,BOULINGRIN (ROND POINT D,M,43.59567852892338,1.5955063714437734
201800023035,NonLethal,2018-04-19,18:10:00,Daylight,310,555,Yes,NoIntersection,Normal,2Vehicles-Behind,AV LOUIS BAZERQUE,M,43.58023558185661,1.579701985254111
201800023036,NonLethal,2018-04-20,11:20:00,Daylight,310,555,Yes,NoIntersection,Normal,2Vehicles-Side,BD DE STRASBOURG,M,43.60897657050093,1.610665020733436
201800023037,NonLethal,2018-04-21,06:45:00,Daylight,310,555,Yes,NoIntersection,Normal,Other,BRIENNE (ALL DE) DU 1AU,M,43.61173875545602,1.607423241582692
201800023038,NonLethal,2018-04-23,19:20:00,Daylight,310,555,Yes,NoIntersection,Normal,2Vehicles-Side,AV CRAMPEL,M,43.58700591291242,1.5870913033079237
201800023039,NonLethal,2018-04-26,06:15:00,TwilightOrDawn,310,555,Yes,Roundabout,Normal,2Vehicles-Side,CHE D AUDIBERT,M,43.6373039350473,1.637350939982635
201800023041,NonLethal,2018-04-26,10:10:00,Daylight,310,555,Yes,NoIntersection,Normal,3+Vehicles-Multiple,AV DE FRONTON,M,43.64594748603154,1.647181999549358
201800023042,NonLethal,2018-04-26,15:41:00,Daylight,310,69,Yes,NoIntersection,Normal,Other,FIL D'ARIANE (RD902),M,43.64563964561861,1.6451711440190788
201800023043,NonLethal,2018-04-26,17:10:00,Daylight,310,555,Yes,NoIntersection,Normal,3+Vehicles-Chain,CHE DE LESTANG,M,43.564360390846616,1.5630494704481683
201800023044,NonLethal,2018-04-26,18:40:00,Daylight,310,149,Yes,NoIntersection,Normal,2Vehicles-Side,SELERY (CHEMIN DE),M,43.62182628076608,1.6215990895011714
201800023045,NonLethal,2018-04-27,04:50:00,NightStreelightsOn,310,555,Yes,NoIntersection,Normal,2Vehicles-Side,AV CAMILLE PUJOL,M,43.60397318313307,1.5995154150479816
201800023047,NonLethal,2018-04-27,09:45:00,Daylight,310,555,Yes,Other,Normal,Other,STRASBOURG (BD DE) DU 2A,M,43.6104678337125,1.608787617938662
201800023048,NonLethal,2018-04-27,12:00:00,Daylight,310,555,Yes,NoIntersection,Normal,Other,RUE ALAIN FOURNIER,M,43.60665942548547,1.6056403747245431
201800023049,NonLethal,2018-04-28,16:25:00,Daylight,310,555,Yes,NoIntersection,Normal,2Vehicles-Side,AV D ELCHE,M,43.62329537376168,1.6227914827694707
201800023050,NonLethal,2018-04-29,16:30:00,Daylight,310,555,No,NoIntersection,HeavyRain,2Vehicles-Side,VA007331 A620,M,43.56661822224004,1.5682936931333038
201800023051,NonLethal,2018-04-30,10:40:00,Daylight,310,69,Yes,NoIntersection,Normal,Other,GUIMBAUD (RUE DU DOCTEUR,M,43.63264451669969,1.6305354973648247
201800023052,NonLethal,2018-01-05,16:30:00,Daylight,310,555,Yes,NoIntersection,Normal,Other,ALL JULES GUESDE,M,43.59331539746008,1.5954306203483055
201800023053,NonLethal,2018-02-05,09:10:00,Daylight,310,555,No,NoIntersection,Normal,2Vehicles-Side,VA007473 A62,M,43.650923331122605,1.651113190964169
201800023054,NonLethal,2018-04-05,12:05:00,Daylight,310,555,No,NoIntersection,Normal,2Vehicles-Behind,VA007331 A620,M,43.58100577980618,1.582401797966856
201800023055,NonLethal,2018-04-05,12:20:00,Daylight,310,555,Yes,NoIntersection,Normal,2Vehicles-BehindVehicles-Frontal,CHE DE RIVALSUPERVIC,M,43.54693339431537,1.5476227127735536
201800023056,NonLethal,2018-05-05,20:15:00,Daylight,310,555,Yes,NoIntersection,Normal,3+Vehicles-Multiple,MINIMES (AV DES) DU 1AU,M,43.62178035112292,1.622588083590425
201800023057,Lethal,2018-05-07,16:20:00,Daylight,310,555,Yes,NoIntersection,Normal,Other,AV DE FRONTON,M,43.62871018284705,1.6287735090283806
201800023058,NonLethal,2018-08-05,00:30:00,NightStreelightsOn,310,555,Yes,NoIntersection,LightRain,2Vehicles-Behind,AV DES ETATS UNIS,M,43.63805343664023,1.6352470381226107
201800023059,NonLethal,2018-08-05,07:25:00,Daylight,310,149,Yes,NoIntersection,Normal,Other,PIBRAC (ROUTE DE),M,43.61335850878879,1.609963372881859
201800023061,NonLethal,2018-05-08,17:20:00,Daylight,310,555,Yes,NoIntersection,Normal,Other,AV DIDIER DAURAT,M,43.57364738951742,1.5737799391183342
201800023062,NonLethal,2018-09-05,15:00:00,Daylight,310,555,Yes,NoIntersection,Normal,Other,RTE D ESPAGNE,M,43.5473647384153,1.5474084515821855
201800023063,NonLethal,2018-11-05,12:10:00,Daylight,310,555,Yes,NoIntersection,Normal,2Vehicles-Side,AV DE FRONTON,M,43.63682630761196,1.6372453877241189
201800023064,NonLethal,2018-05-12,11:10:00,Daylight,310,555,Yes,NoIntersection,Normal,Other,ALL DU PRESIDENT ROOSEVE,M,43.60370829412473,1.607690925107073
201800023065,NonLethal,2018-05-12,13:30:00,Daylight,310,555,Yes,NoIntersection,Normal,Other,BD LAZARE CARNOT,M,43.604338279457416,1.6053681642443005
201800023066,NonLethal,2018-05-13,22:35:00,NightStreelightsOn,310,555,Yes,T-type,HeavyRain,2Vehicles-Side,RUE ROLAND GARROS,M,43.61302250580565,1.6128662933202311
201800023067,NonLethal,2018-05-13,15:40:00,Daylight,310,555,Yes,NoIntersection,Normal,Other,IMP VITRY,M,43.63354437217069,1.6334889234066157
201800023068,NonLethal,2018-05-14,17:30:00,Daylight,310,555,No,NoIntersection,LightRain,2Vehicles-Behind,VA007331 A620,M,43.59070502392181,1.5909929060970294
201800023070,NonLethal,2018-05-15,10:15:00,Daylight,310,555,Yes,NoIntersection,Normal,Other,BD DE STRASBOURG,M,43.60705205024295,1.609787492243623
201800023071,NonLethal,2018-05-15,17:35:00,Daylight,310,149,Yes,T-type,LightRain,2Vehicles-Side,Maurice Grynfogel (Bd),M,43.618405890312914,1.6186014619215945
201800023072,NonLethal,2018-05-15,17:30:00,Daylight,310,555,Yes,NoIntersection,LightRain,3+Vehicles-Chain,AV DE CASTRES,M,43.60119195668168,1.5998743231024837
201800023073,NonLethal,2018-05-17,10:30:00,Daylight,310,555,Yes,T-type,Normal,2Vehicles-Side,BD RICHARD WAGNER,M,43.60294695157896,1.6049212196948823
201800023074,NonLethal,2018-05-17,15:35:00,Daylight,310,555,Yes,NoIntersection,Normal,3+Vehicles-Chain,RTE DE SAINT SIMON,M,43.58766001511113,1.5868678697507617
201800023075,NonLethal,2018-05-17,19:45:00,NightNoStreetLight,310,555,Yes,X-type,Normal,2Vehicles-Side,PL ARMAND LEYGUE,M,43.59314975656664,1.593661913433062
201800023076,Lethal,2018-05-18,07:20:00,Daylight,310,555,Yes,NoIntersection,Normal,2Vehicles-Side,BD DE LA MEDITERRANEE,M,43.583742883704986,1.58597184661563
201800023077,NonLethal,2018-05-18,06:00:00,NightStreelightsOn,310,555,Yes,NoIntersection,Normal,Other,BD GRIFFOUL DORVAL,M,43.59026274724846,1.5909692107431423
201800023078,NonLethal,2018-05-18,17:30:00,Daylight,310,555,No,NoIntersection,Normal,3+Vehicles-Chain,D980,M,43.598508968900205,1.5993403709257352
201800023079,NonLethal,2018-05-18,17:40:00,Daylight,310,555,Yes,NoIntersection,Normal,2Vehicles-Side,RUE DE BIGORRE,M,43.57559053788677,1.5749330652605409
201800023080,NonLethal,2018-05-18,18:50:00,Daylight,310,69,Yes,NoIntersection,Normal,2Vehicles-Side,RAYMONDIS (RUE LEON),M,43.6224948705607,1.6222933373671111
201800023081,NonLethal,2018-05-20,02:40:00,NightStreelightsOn,310,555,Yes,NoIntersection,Normal,NoCollision,RTE DE REVEL,M,43.57586848928797,1.5718331357200177
201800023082,NonLethal,2018-05-20,15:30:00,Daylight,310,555,No,NoIntersection,Normal,3+Vehicles-Multiple,VA007553 A61,M,43.59122149937902,1.5908685021122864
201800023084,NonLethal,2018-05-22,14:45:00,Daylight,310,557,Yes,NoIntersection,Normal,2Vehicles-Behind,MONTJOIE (RUE DE LA),M,43.588138379213504,1.5900709179270525
201800023085,NonLethal,2018-05-23,08:55:00,Daylight,310,555,Yes,T-type,Normal,2Vehicles-Side,RTE DE NARBONNE,M,43.55790816382526,1.5572546136309908
201800023086,NonLethal,2018-05-23,16:35:00,Daylight,310,555,Yes,NoIntersection,Normal,2Vehicles-Behind,AV HONORE SERRES,M,43.61552684168974,1.6149678968669463
201800023087,NonLethal,2018-05-24,08:15:00,Daylight,310,555,Yes,NoIntersection,Normal,Other,PONT DU HALAGE DE TOUNIS,M,43.59462072015885,1.5928417432563733
201800023088,NonLethal,2018-05-24,10:00:00,Daylight,310,555,Yes,Roundabout,Normal,2Vehicles-Side,RD PT GRIFFON,M,43.55925676623059,1.5589615491241755
201800023089,NonLethal,2018-05-24,15:35:00,Daylight,310,555,Yes,NoIntersection,Normal,2Vehicles-Behind,RUE LOUIS PLANA,M,43.60813477535492,1.6094698575936202
201800023090,NonLethal,2018-05-25,14:49:00,Daylight,310,555,Yes,NoIntersection,Normal,2Vehicles-Behind,RTE DE SEYSSES,M,43.56902863692952,1.569061566478952
201800023091,NonLethal,2018-05-26,12:00:00,Daylight,310,557,No,NoIntersection,Normal,2Vehicles-Behind,D980,M,43.58957724732728,1.5883184878286716
201800023092,NonLethal,2018-05-27,16:40:00,Daylight,310,149,Yes,NoIntersection,Normal,Other,BD DU 14 EME REGIMENT IN,M,43.61554251678342,1.6141890062986668
201800023093,Lethal,2018-05-28,19:00:00,Daylight,310,555,Yes,NoIntersection,Normal,Other,BD DE LA MARQUETTE,M,43.61546644734333,1.6138177739908726
201800023094,NonLethal,2018-05-28,18:40:00,Daylight,310,149,Yes,NoIntersection,Normal,2Vehicles-Side,Maurice Grynfogel (Bd),M,43.61908377418526,1.6172698135038222
201800023095,NonLethal,2018-05-29,16:30:00,Daylight,310,555,Yes,NoIntersection,Normal,Other,AV JEAN RIEUX,M,43.58848604215396,1.58962747816139
201800023096,NonLethal,2018-05-30,02:30:00,NightStreelightsOff,310,555,Yes,NoIntersection,Normal,Other,RUE VESTREPAIN,M,43.58690229544973,1.5865797345773387
201800023097,NonLethal,2018-06-02,00:10:00,NightStreelightsOff,310,555,No,NoIntersection,Normal,3+Vehicles-Multiple,VA007553 A61,M,43.6112654503349,1.611366290011612
201800023098,NonLethal,2018-06-02,08:22:00,Daylight,310,557,Yes,NoIntersection,Normal,2Vehicles-BehindVehicles-Frontal,CHEMIN DES PAHINS,M,43.59108627514068,1.591931977276273
201800023100,NonLethal,2018-03-06,17:52:00,Daylight,310,555,Yes,NoIntersection,Normal,2Vehicles-Side,RUE DE METZ,M,43.60025019247707,1.600153781659882
201800023102,NonLethal,2018-06-04,16:30:00,Daylight,310,555,Yes,NoIntersection,Normal,Other,ALL CHARLES DE FITTE,M,43.60014385375631,1.6016337303427204
201800023103,NonLethal,2018-05-06,13:30:00,Daylight,310,555,Yes,Other,Normal,2Vehicles-Side,ECHANGEUR PALAYS,M,43.55751321235967,1.5588531300710735
201800023104,NonLethal,2018-05-06,17:00:00,Daylight,310,555,Yes,NoIntersection,HeavyRain,Other,RTE D AGDE,M,43.62804932357161,1.6293794040487026
201800023105,NonLethal,2018-06-06,18:15:00,Daylight,310,555,No,NoIntersection,Normal,3+Vehicles-Chain,VA007331 A620,M,43.56075201463534,1.5619955615453172
201800023106,NonLethal,2018-06-06,20:00:00,Daylight,310,555,Yes,NoIntersection,Normal,2Vehicles-Side,RTE DE SEYSSES,M,43.56681160566825,1.565851323774946
201800023108,NonLethal,2018-06-07,08:05:00,Daylight,310,555,Yes,NoIntersection,Normal,2Vehicles-Behind,RUE LOUIS PLANA,M,43.61052875825354,1.608529866750381
201800023109,NonLethal,2018-06-08,17:08:00,Daylight,310,555,Yes,NoIntersection,Normal,Other,RUE JOACHIM DU BELLAY,M,43.58236717798181,1.5827594080432368
201800023110,NonLethal,2018-06-08,19:15:00,Daylight,310,555,Yes,NoIntersection,Normal,2Vehicles-Side,CHE DE PAPUS,M,43.570850102173765,1.5724970188324272
201800023111,NonLethal,2018-08-06,19:45:00,Daylight,310,555,No,NoIntersection,Normal,2Vehicles-Side,VA008482 A624,M,43.61136826056648,1.6074286766665045
201800023113,NonLethal,2018-06-13,13:20:00,Daylight,310,555,Yes,NoIntersection,Normal,2Vehicles-Side,RUE DU FAUBOURG BONNEFOY,M,43.61424710883332,1.6159886848456175
201800023114,NonLethal,2018-06-14,11:00:00,Daylight,310,149,Yes,NoIntersection,Normal,Other,CORREZE (ALLEE DE LA),M,43.60822166150519,1.6079542480884388
201800023115,NonLethal,2018-06-15,02:10:00,NightNoStreetLight,310,69,No,NoIntersection,Normal,Other,FIL D'ARIANE,M,43.651688996995766,1.6536687822644105
201800023116,NonLethal,2018-06-15,04:10:00,NightStreelightsOn,310,555,Yes,NoIntersection,Normal,NoCollision,DIEBOLD (Place),M,43.59855988515467,1.5968313049856129
201800023117,Lethal,2018-06-13,01:10:00,NightStreelightsOn,310,555,Yes,NoIntersection,Normal,Other,AV D ELCHE,M,43.62188596236057,1.6231801615984671
201800023118,NonLethal,2018-06-15,10:25:00,Daylight,310,555,Yes,NoIntersection,Normal,Other,SAINT EXUPERY (AV ANTOIN,M,43.5880863276703,1.5876808482933222
201800023119,NonLethal,2018-06-15,16:50:00,Daylight,310,555,Yes,NoIntersection,Normal,Other,CHE DE FENOUILLET,M,43.65777980349539,1.6608698344151578
201800023120,NonLethal,2018-06-15,20:30:00,TwilightOrDawn,310,555,No,NoIntersection,Normal,2Vehicles-Behind,VA007553 A61,M,43.544806852427264,1.5458483182464962
201800023121,NonLethal,2018-06-17,21:15:00,TwilightOrDawn,310,555,Yes,X-type,Normal,2Vehicles-Side,BD SILVIO TRENTIN,M,43.623621809979255,1.6242580251781558
201800023122,NonLethal,2018-06-15,11:20:00,Daylight,310,555,Yes,NoIntersection,Normal,2Vehicles-Behind,RUE ALBERT CAROVIS,M,43.54919762988062,1.549756406189131
201800023123,NonLethal,2018-06-18,08:15:00,Daylight,310,555,Yes,NoIntersection,Normal,3+Vehicles-Multiple,QU DE TOUNIS,M,43.59802306007406,1.5995743593204208
201800023124,NonLethal,2018-06-19,19:00:00,Daylight,310,555,Yes,NoIntersection,Normal,Other,AV JEAN CHAUBET,M,43.60426085775332,1.6075564999872634
201800023125,NonLethal,2018-06-20,17:30:00,Daylight,310,149,Yes,Roundabout,Normal,2Vehicles-Side,RD POINT GASCOGNE,M,43.6093099842112,1.6078954367989555
201800023127,NonLethal,2018-06-22,07:55:00,Daylight,310,555,Yes,NoIntersection,Normal,Other,CHE DE POUVOURVILLE,M,43.554485942218506,1.5556091876052014
201800023128,NonLethal,2018-06-22,16:00:00,Daylight,310,149,No,NoIntersection,Normal,3+Vehicles-Chain,RN124,M,43.6072207098167,1.607358090431299
201800023129,NonLethal,2018-06-23,18:20:00,Daylight,310,149,Yes,NoIntersection,Normal,Other,MONTS DORE (PLACE DES),M,43.61033450872669,1.61057378592156
201800023130,NonLethal,2018-06-24,19:40:00,Daylight,310,555,Yes,NoIntersection,Normal,2Vehicles-Side,CHE DU RAMELET MOUNDI,M,43.58111876300002,1.5840739911246813
201800023131,NonLethal,2018-06-25,15:05:00,Daylight,310,555,Yes,NoIntersection,Normal,Other,PL JACQUES SAUVEGRAIN,M,43.587967767581375,1.590561139641631
201800023132,NonLethal,2018-06-25,16:00:00,Daylight,310,555,Yes,NoIntersection,Normal,Other,BOURBAKI (RUE DU GENERAL,M,43.61907191264181,1.620043575205345
201800023133,NonLethal,2018-06-26,17:20:00,Daylight,310,555,Yes,NoIntersection,Normal,2Vehicles-Side,BD DES RECOLLETS,M,43.58239587950124,1.5868666031547771
201800023134,NonLethal,2018-06-27,10:10:00,Daylight,310,555,Yes,NoIntersection,Normal,2Vehicles-Behind,RUE DE KIEV,M,43.57099130688024,1.5727979858825862
201800023135,NonLethal,2018-06-27,11:20:00,Daylight,310,555,Yes,NoIntersection,Normal,Other,RUE CARAMAN,M,43.60311207884739,1.6011485302034982
201800023136,NonLethal,2018-06-28,09:05:00,Daylight,310,149,Yes,NoIntersection,Normal,2Vehicles-Side,BD DEODAT DE SEVERAC,M,43.59870229886022,1.5989814849284367
201800023139,NonLethal,2018-01-07,03:45:00,NightNoStreetLight,310,555,Yes,NoIntersection,Normal,Other,RUE DENFERT ROCHEREAU,M,43.60673744077549,1.6062778607053805
201800023140,Lethal,2018-02-07,09:30:00,Daylight,310,555,Yes,NoIntersection,Normal,2Vehicles-BehindVehicles-Frontal,ETROITS (CHE DES) DU 1AU,M,43.55289402430264,1.5538538429563478
201800023141,NonLethal,2018-02-07,18:45:00,Daylight,310,555,Yes,X-type,Normal,2Vehicles-Side,CHE MICHOUN,M,43.62889586405348,1.628105540747322
201800023142,NonLethal,2018-07-04,08:00:00,Daylight,310,555,No,T-type,Normal,2Vehicles-BehindVehicles-Frontal,CHE DE COLASSON,M,43.566064219722215,1.567113456231441
201800023143,NonLethal,2018-04-07,20:10:00,NightStreelightsOn,310,555,Yes,NoIntersection,HeavyRain,Other,SAINT SIMON (RTE DE) DU,M,43.59053978843389,1.5904712647579005
201800023144,NonLethal,2018-04-07,20:15:00,Daylight,310,555,Yes,NoIntersection,HeavyRain,Other,RUE DE LA REPUBLIQUE,M,43.59785126537204,1.5982505369093003
201800023145,NonLethal,2018-07-05,07:50:00,Daylight,310,555,No,NoIntersection,Normal,2Vehicles-Side,VA007306 A64,M,43.559855069839045,1.560444906335496
201800023148,NonLethal,2018-06-07,15:55:00,Daylight,310,557,Yes,NoIntersection,Normal,Other,TARBES (ROUTE DE),M,43.5796195306896,1.577169930546118
201800023149,NonLethal,2018-07-07,17:20:00,Daylight,310,555,Yes,NoIntersection,Normal,Other,CHE DES IZARDS,M,43.65907346387928,1.6593843535171815
201800023150,NonLethal,2018-09-07,23:00:00,NightStreelightsOn,310,555,Yes,NoIntersection,Normal,2Vehicles-Side,BD DE SUISSE,M,43.62048534057796,1.6209518443504614
201800023151,NonLethal,2018-07-12,17:21:00,Daylight,310,555,Yes,T-type,Normal,2Vehicles-Side,CHE DE FENOUILLET,M,43.653986344887656,1.65458977403967
201800023154,NonLethal,2018-07-16,00:05:00,NightStreelightsOff,310,555,Yes,NoIntersection,Normal,Other,AV DE LATTRE DE TASSIGNY,M,43.57699235351437,1.577480538267783
201800023155,NonLethal,2018-07-17,14:45:00,Daylight,310,149,No,NoIntersection,Normal,2Vehicles-Behind,RN124,M,43.60600165859172,1.6053452494171785
201800023156,NonLethal,2018-07-18,17:15:00,Daylight,310,555,No,NoIntersection,LightRain,2Vehicles-Side,VA007331 A620,M,43.60785652905127,1.61017156820372
201800023157,NonLethal,2018-07-16,16:10:00,Daylight,310,555,No,NoIntersection,LightRain,2Vehicles-Side,RD901,M,43.61801471693377,1.6172141998575742