AccidentId,Gravity,Date,Hour,Light,Department,Commune,InAgglomeration,IntersectionType,Weather,CollisionType,PostalAddress,GPSCode,Latitude,Longitude
201800023160,NonLethal,2018-07-22,13:20:00,Daylight,310,555,Yes,MoreThan4Branches,Normal,2Vehicles-Side,RUE STALINGRAD,M,43.6081402892915,1.6097571490027442
201800023161,NonLethal,2018-07-20,14:00:00,Daylight,310,149,No,NoIntersection,Normal,2Vehicles-Side,RN124,M,43.60465778018989,1.6050194460061655
201800023162,NonLethal,2018-07-23,23:10:00,NightNoStreetLight,310,555,Yes,NoIntersection,Normal,2Vehicles-Side,RUE DE METZ,M,43.60037262569821,1.6023236933849268
201800023163,NonLethal,2018-07-24,08:50:00,Daylight,310,555,Yes,NoIntersection,Normal,2Vehicles-Side,ALL JULES GUESDE,M,43.5938341537095,1.5940114600590432
201800023164,NonLethal,2018-07-24,09:10:00,Daylight,310,555,Yes,NoIntersection,Normal,Other,RUE HENRI DESBALS,M,43.59380792724586,1.591939887820408
201800023165,NonLethal,2018-07-24,17:55:00,Daylight,310,555,Yes,T-type,Normal,2Vehicles-Side,AV D ELCHE,M,43.62228253592141,1.622438613138159
201800023166,NonLethal,2018-07-25,17:00:00,Daylight,310,555,Yes,NoIntersection,Normal,2Vehicles-Behind,RUE ANDRE VILLET,M,43.56475183266595,1.5631781012692776
201800023167,NonLethal,2018-07-26,08:05:00,Daylight,310,69,Yes,NoIntersection,Normal,2Vehicles-Side,PARC (AV DU),M,43.62906181648862,1.6262733358762689
201800023168,NonLethal,2018-07-26,12:15:00,Daylight,310,555,Yes,X-type,Normal,2Vehicles-Side,CHE DE HEREDIA,M,43.61293469051439,1.6121809105927316
201800023169,NonLethal,2018-07-26,10:20:00,Daylight,310,69,Yes,Roundabout,Normal,2Vehicles-Side,MAGA (RD-PT JEAN),M,43.61972764016208,1.6212459676573672
201800023170,NonLethal,2018-07-27,18:15:00,Daylight,310,555,Yes,NoIntersection,Normal,2Vehicles-Side,AV FRANCOIS COLLIGNON,M,43.61612558391923,1.6157454603579091
201800023171,NonLethal,2018-07-28,22:45:00,NightStreelightsOn,310,555,Yes,NoIntersection,Normal,2Vehicles-Side,BD D ARCOLE,M,43.61122564531349,1.6111749900052166
201800023172,NonLethal,2018-07-30,04:00:00,NightStreelightsOn,310,555,Yes,Roundabout,Normal,2Vehicles-Side,CEPIERE (ROND POINT DE L,M,43.58366612726656,1.5823735576137865
201800023173,NonLethal,2018-07-29,10:35:00,Daylight,310,555,Yes,NoIntersection,Normal,2Vehicles-Behind,BD MATABIAU,M,43.6133890284696,1.6146469509207044
201800023174,NonLethal,2018-07-31,12:20:00,Daylight,310,555,Yes,X-type,Normal,2Vehicles-Side,RUE DUBEZY,M,43.61956391310654,1.6190705367468188
201800023175,NonLethal,2018-08-01,15:15:00,Daylight,310,555,Yes,NoIntersection,Normal,Other,BD DES COURTIES,M,43.53706775216409,1.5392524853093286
201800023177,NonLethal,2018-08-03,00:01:00,NightStreelightsOff,310,555,No,NoIntersection,Normal,2Vehicles-Behind,VA007331 A620,M,43.592300246007085,1.5914386915893035
201800023178,NonLethal,2018-04-08,19:00:00,Daylight,310,555,No,NoIntersection,Normal,2Vehicles-Side,VA007333 LA FAOURETTE A6,M,43.57581510237858,1.5761118593750305
201800023179,NonLethal,2018-05-08,17:35:00,Daylight,310,555,Yes,NoIntersection,Normal,Other,BD DE LA MARQUETTE,M,43.6132008638835,1.611864413514361
201800023180,NonLethal,2018-08-05,12:10:00,Daylight,310,555,Yes,T-type,Normal,2Vehicles-Side,RTE D AGDE,M,43.62747773000797,1.627301950587864
201800023182,NonLethal,2018-08-07,19:20:00,Daylight,310,555,Yes,NoIntersection,Normal,Other,BD SILVIO TRENTIN,M,43.62346501431946,1.6233283214133698
201800023183,NonLethal,2018-08-08,15:45:00,Daylight,310,555,Yes,NoIntersection,Normal,2Vehicles-Behind,RTE DE SAINT SIMON,M,43.55929470211236,1.5592203911988196
201800023184,NonLethal,2018-10-08,22:10:00,NightStreelightsOn,310,555,No,NoIntersection,Normal,2Vehicles-Side,Rd Pt Leon Schwartzenber,M,43.585661856718,1.5843678140183213
201800023185,NonLethal,2018-11-08,01:25:00,NightStreelightsOn,310,555,No,NoIntersection,Normal,2Vehicles-Side,VA007539 LA ROSERAIE A61,M,43.62386292706223,1.6223721522389272
201800023186,NonLethal,2018-08-16,06:18:00,TwilightOrDawn,310,149,Yes,Roundabout,Normal,2Vehicles-Side,FONTAINE LUMINEUSE (Rd P,M,43.60883932160855,1.6091544204567625
201800023188,NonLethal,2018-08-16,15:50:00,Daylight,310,555,Yes,X-type,Normal,2Vehicles-Side,RTE DE REVEL,M,43.56978510490944,1.571735311119783
201800023189,NonLethal,2018-08-12,17:05:00,Daylight,310,555,Yes,NoIntersection,Normal,2Vehicles-Side,BD DE STRASBOURG,M,43.60592572921259,1.6065370290171732
201800023190,NonLethal,2018-08-17,23:30:00,NightStreelightsOn,310,555,Yes,NoIntersection,Normal,2Vehicles-Behind,ROSTAND (RUE EDMOND) DU,M,43.64455999672845,1.6460570074165717
201800023191,NonLethal,2018-08-18,14:50:00,Daylight,310,557,Yes,NoIntersection,Normal,Other,MONTAGNE (RUE MICHEL),M,43.58619103435285,1.5838318715664617
201800023192,NonLethal,2018-08-18,15:25:00,Daylight,310,555,Yes,NoIntersection,Normal,2Vehicles-Side,BD GRIFFOUL DORVAL,M,43.591980080182616,1.593522593508525
201800023193,NonLethal,2018-08-18,21:00:00,NightStreelightsOn,310,555,No,NoIntersection,Normal,2Vehicles-Side,BD FLORENCE ARTHAUD,M,43.64506726923711,1.6466411222201291
201800023195,NonLethal,2018-08-21,16:30:00,Daylight,310,555,Yes,NoIntersection,Normal,2Vehicles-Behind,RPT DU DR MAURICE CAHUZA,M,43.56699223467901,1.565993366867674
201800023196,NonLethal,2018-08-21,19:43:00,Daylight,310,555,Yes,NoIntersection,Normal,2Vehicles-Side,BD DE LA MEDITERRANEE,M,43.58560176593678,1.5846578283574395
201800023197,NonLethal,2018-08-23,07:15:00,Daylight,310,555,Yes,X-type,Normal,2Vehicles-Side,PL SAINT PIERRE,M,43.60438871029417,1.6030519187030996
201800023198,NonLethal,2018-08-23,14:15:00,Daylight,310,555,Yes,NoIntersection,Normal,2Vehicles-Side,BD D ARCOLE,M,43.61149685213875,1.6097362643001731
201800023199,NonLethal,2018-08-24,09:15:00,Daylight,310,555,Yes,X-type,Normal,2Vehicles-Side,ALL JULES GUESDE,M,43.59303365401664,1.5924558281149823
201800023201,NonLethal,2018-08-24,17:55:00,Daylight,310,555,No,NoIntersection,Normal,2Vehicles-Behind,VA001490 A621,M,43.620778969971965,1.6208257448978425
201800023202,NonLethal,2018-08-25,11:30:00,Daylight,310,557,No,NoIntersection,Normal,2Vehicles-Behind,D980,M,43.577072957964525,1.5780674249081326
201800023203,NonLethal,2018-08-27,09:00:00,Daylight,310,555,No,NoIntersection,Normal,2Vehicles-Side,VA008482 A624,M,43.60948328487365,1.608917145224809
201800023205,NonLethal,2018-08-28,13:00:00,Daylight,310,555,No,NoIntersection,Normal,2Vehicles-Side,Rond Point Cazaux henri,M,43.624361517115936,1.6251579671583385
201800023206,NonLethal,2018-08-30,11:30:00,Daylight,310,555,Yes,X-type,Normal,2Vehicles-Side,ALL CHARLES DE FITTE,M,43.59597408559812,1.599210347687593
201800023207,NonLethal,2018-08-31,06:05:00,NightNoStreetLight,310,555,No,NoIntersection,Normal,3+Vehicles-Chain,VA007331 A620,M,43.64671573508474,1.646925215594802
201800023208,NonLethal,2018-08-31,15:00:00,Daylight,310,555,Yes,T-type,Normal,2Vehicles-Side,RUE ANTOINE PUGET,M,43.62162361696858,1.6235159075897234
201800023209,NonLethal,2018-08-31,15:00:00,Daylight,310,555,Yes,T-type,Normal,2Vehicles-Side,AV CAMILLE PUJOL,M,43.60159308691247,1.6013351188066074
201800023210,NonLethal,2018-09-01,08:55:00,Daylight,310,555,Yes,NoIntersection,Normal,Other,BRUNAUD (AVENUE YVES),M,43.6175107066808,1.6197122395254966
201800023211,NonLethal,2018-09-01,16:20:00,Daylight,310,555,Yes,NoIntersection,Normal,3+Vehicles-Chain,AV JEAN ZAY,M,43.64776308288806,1.6471004029087195
201800023212,NonLethal,2018-09-01,21:45:00,NightStreelightsOn,310,555,No,NoIntersection,Normal,2Vehicles-Side,VA007473 A62,M,43.64287617332492,1.6404512360222696
201800023213,NonLethal,2018-02-09,09:15:00,Daylight,310,555,Yes,T-type,Normal,2Vehicles-Side,AV JEAN CHAUBET,M,43.60564941641496,1.607450935133068
201800023215,NonLethal,2018-09-04,11:45:00,Daylight,310,555,Yes,NoIntersection,Normal,2Vehicles-Behind,RUE MARIE LAURENCIN,M,43.63371214924533,1.631131063346631
201800023216,NonLethal,2018-04-09,12:30:00,Daylight,310,555,Yes,NoIntersection,Normal,2Vehicles-Side,RTE DE NARBONNE,M,43.56945884048112,1.5689890169408085
201800023217,NonLethal,2018-09-04,23:45:00,NightStreelightsOn,310,555,No,T-type,Normal,2Vehicles-BehindVehicles-Frontal,TOEC (VOIE DU) DU 58 AU,M,43.59747461625931,1.59698036452077
201800023218,NonLethal,2018-05-09,15:45:00,Daylight,310,555,Yes,NoIntersection,Normal,Other,RUE CORNEILLE,M,43.59043999739805,1.5894212489524555
201800023219,NonLethal,2018-09-07,08:05:00,Daylight,310,555,No,NoIntersection,LightRain,2Vehicles-Behind,VA007306 A64,M,43.54037197369967,1.5416025831706317
201800023220,NonLethal,2018-07-09,19:00:00,Daylight,310,555,No,NoIntersection,Normal,2Vehicles-Side,VA007331 A620,M,43.59033898213116,1.5919846357268697
201800023221,Lethal,2018-07-09,17:20:00,Daylight,310,555,No,NoIntersection,Normal,3+Vehicles-Multiple,VA007313 LE CHAPITRE A64,M,43.550311955422536,1.5493674675643827
201800023222,NonLethal,2018-09-08,01:45:00,NightStreelightsOff,310,555,Yes,NoIntersection,Normal,NoCollision,RUE DU FERETRA,M,43.58019256639902,1.57831407948868
201800023223,NonLethal,2018-10-09,13:35:00,Daylight,310,555,Yes,NoIntersection,Normal,2Vehicles-Side,BD LASCROSSES,M,43.60953552023947,1.610021474894023
201800023224,NonLethal,2018-10-09,18:30:00,Daylight,310,555,No,NoIntersection,Normal,3+Vehicles-Multiple,VA00733l A620,M,43.6100477881681,1.6098078159555276
201800023225,NonLethal,2018-11-09,08:55:00,Daylight,310,555,Yes,Roundabout,Normal,2Vehicles-BehindVehicles-Frontal,AV DES ETATS UNIS,M,43.64245240883781,1.642773638128248
201800023226,NonLethal,2018-11-09,09:00:00,Daylight,310,555,Yes,X-type,Normal,2Vehicles-BehindVehicles-Frontal,RUE DE LA SOURCE,M,43.60656505802348,1.6078678519294438
201800023227,NonLethal,2018-12-09,17:15:00,Daylight,310,69,Yes,X-type,Normal,2Vehicles-BehindVehicles-Frontal,BD DE L'EUROPE,M,43.65297502152379,1.6542539607715396
201800023228,NonLethal,2018-09-13,15:50:00,Daylight,310,555,Yes,X-type,Normal,2Vehicles-Side,RUE DE METZ,M,43.60106447190512,1.600590885283421
201800023229,NonLethal,2018-09-13,16:00:00,Daylight,310,555,Yes,NoIntersection,Normal,2Vehicles-Behind,AV DE GRANDE BRETAGNE,M,43.60087095936447,1.599801433775006
201800023230,NonLethal,2018-09-14,07:50:00,Daylight,310,557,Yes,NoIntersection,Normal,2Vehicles-Side,MARQUISAT (AV DU),M,43.571687647931846,1.5714797125544857
201800023231,NonLethal,2018-09-14,10:05:00,Daylight,310,555,Yes,NoIntersection,Normal,2Vehicles-Side,AV DE LYON,M,43.613424150493934,1.6160164684662923
201800023232,NonLethal,2018-09-14,11:30:00,Daylight,310,555,Yes,NoIntersection,Normal,2Vehicles-BehindVehicles-Frontal,RTE D ALBI,M,43.643433973995215,1.6428885347708122
201800023233,NonLethal,2018-09-14,08:00:00,TwilightOrDawn,310,555,Yes,NoIntersection,Normal,Other,RTE DE NARBONNE,M,43.56553121579065,1.5656106732415658
201800023234,NonLethal,2018-09-14,12:02:00,Daylight,310,557,Yes,NoIntersection,Normal,3+Vehicles-Chain,BD VINCENT AURIOL,M,43.58695806743189,1.585889147062121
201800023235,NonLethal,2018-09-16,22:30:00,NightStreelightsOff,310,555,No,NoIntersection,Normal,Other,AV DE LATTRE DE TASSIGNY,M,43.57604711867842,1.5779839294840012
201800023236,NonLethal,2018-09-17,07:55:00,Daylight,310,555,Yes,NoIntersection,Normal,2Vehicles-Side,CHE DU CHEVREFEUILLE,M,43.61189615918455,1.61162093208235
201800023237,NonLethal,2018-09-17,08:35:00,Daylight,310,555,No,NoIntersection,Normal,3+Vehicles-Multiple,VA007331 A620,M,43.5665710428291,1.5635595623504492
201800023238,NonLethal,2018-09-17,18:00:00,Daylight,310,555,No,NoIntersection,Normal,2Vehicles-Behind,VA007473 A62,M,45.64588052137898,1.646336110871523
201800023239,NonLethal,2018-09-18,21:25:00,NightStreelightsOn,310,555,Yes,X-type,Normal,2Vehicles-Side,RUE DU FAUBOURG BONNEFOY,M,43.62009242762728,1.621559248095201
201800023241,NonLethal,2018-09-19,20:05:00,NightStreelightsOn,310,555,Yes,NoIntersection,Normal,Other,BD DE LA MARQUETTE,M,43.6125571512015,1.6116382714229156
201800023243,NonLethal,2018-09-20,09:10:00,Daylight,310,555,No,NoIntersection,Normal,2Vehicles-Side,VA007331 A620,M,43.56620099027187,1.5660733191605547
201800023244,NonLethal,2018-09-20,17:15:00,Daylight,310,555,Yes,NoIntersection,Normal,2Vehicles-Side,DESBALS (RUE HENRI),M,43.585402695324966,1.5841889747129834
201800023245,NonLethal,2018-09-21,11:25:00,Daylight,310,555,Yes,NoIntersection,Normal,Other,RUE DU REMPART MATABIAU,M,43.60956157401138,1.6078921182311554
201800023246,NonLethal,2018-09-21,15:08:00,Daylight,310,555,Yes,NoIntersection,Normal,2Vehicles-Side,AV DES ETATS UNIS,M,43.63473045233333,1.6340874963373646
201800023247,NonLethal,2018-09-21,18:30:00,Daylight,310,555,No,NoIntersection,Normal,2Vehicles-BehindVehicles-Frontal,CHE DE LA SAUDRUNE,M,43.54244672814168,1.5411805420736882
201800023248,NonLethal,2018-09-23,04:20:00,NightStreelightsOn,310,555,Yes,NoIntersection,Normal,Other,RUE DE BAYARD,M,43.6073348023061,1.608391782873018
201800023249,NonLethal,2018-09-23,06:50:00,NightStreelightsOn,310,555,Yes,NoIntersection,Normal,Other,BD MATABIAU,M,43.61457136735996,1.613196466229836
201800023250,NonLethal,2018-09-23,12:14:00,Daylight,310,149,Yes,NoIntersection,Normal,2Vehicles-Side,RD POINT DE LA MEDITERRA,M,43.614295166016845,1.6135873728941508
201800023251,NonLethal,2018-09-23,13:40:00,Daylight,310,555,Yes,NoIntersection,Normal,2Vehicles-Behind,RUE DU LOT,M,43.58034676339919,1.5802211919429392
201800023252,NonLethal,2018-09-22,20:30:00,NightNoStreetLight,310,555,Yes,NoIntersection,Normal,Other,CHE DU CHAPITRE,M,43.559359277706335,1.5608175901942765
201800023253,NonLethal,2018-09-24,07:45:00,Daylight,310,555,No,NoIntersection,LightRain,2Vehicles-Behind,VA007553 A61,M,43.63093366059751,1.630160711927581
201800023254,NonLethal,2018-09-24,16:15:00,Daylight,310,149,Yes,NoIntersection,Normal,Other,TOURNEFEUILLE (AVENUE DE,M,43.6020699247194,1.6028160949701464
201800023255,NonLethal,2018-09-24,20:15:00,TwilightOrDawn,310,149,Yes,NoIntersection,Normal,2Vehicles-Side,AV JEAN MONNET,M,43.62008250733888,1.620228848972314
201800023256,NonLethal,2018-09-25,15:00:00,Daylight,310,555,No,NoIntersection,Normal,2Vehicles-Side,33 B SESQUIERES  (PERIPH,M,43.64741631455375,1.6438155806689576
201800023257,NonLethal,2018-09-25,15:50:00,Daylight,310,149,Yes,NoIntersection,Normal,Other,ORMEAU (CHEMIN DE L'),M,43.613753988304936,1.614388160027468
201800023258,NonLethal,2018-09-25,09:45:00,Daylight,310,555,No,NoIntersection,Normal,3+Vehicles-Chain,RN 124,M,43.60623193062508,1.605445636014623
201800023259,NonLethal,2018-09-25,09:30:00,Daylight,310,555,No,NoIntersection,Normal,Other,BD LASCROSSES,M,43.61159911332935,1.612761713271737
201800023260,NonLethal,2018-09-26,14:00:00,Daylight,310,555,Yes,NoIntersection,Normal,2Vehicles-Side,ALL HENRI SELLIER,M,43.57757950037685,1.5765948699755457
201800023261,NonLethal,2018-09-26,20:00:00,NightStreelightsOn,310,555,No,NoIntersection,Normal,2Vehicles-Side,VA007331 A620,M,43.646474670495024,1.6468748753611877
201800023262,NonLethal,2018-09-26,22:12:00,NightStreelightsOn,310,555,Yes,NoIntersection,Normal,Other,BD LAZARE CARNOT,M,43.60557559366376,1.6044633240126884
201800023263,NonLethal,2018-09-26,05:15:00,NightNoStreetLight,310,555,Yes,NoIntersection,Normal,2Vehicles-Side,RTE D ALBI,M,43.64333453855585,1.645357508325498
201800023264,NonLethal,2018-09-26,12:25:00,Daylight,310,555,Yes,NoIntersection,Normal,3+Vehicles-Chain,BD DES COURTIES,M,43.54094704380608,1.5390420791286332
201800023265,NonLethal,2018-09-27,08:10:00,Daylight,310,149,Yes,T-type,Normal,2Vehicles-Side,COLLONGUES (RUE ETIENNE),M,43.60004300741444,1.5969325702929595
201800023266,NonLethal,2018-09-27,15:35:00,Daylight,310,555,No,NoIntersection,Normal,2Vehicles-BehindVehicles-Frontal,21 DEMOISELLES  (PERIPH,M,43.57229862939578,1.571509800521552
201800023267,NonLethal,2018-09-28,18:20:00,Daylight,310,555,Yes,T-type,Normal,2Vehicles-Side,BD PIERRE ET MARIE CURIE,M,43.623407683252594,1.6238512305729953
201800023268,NonLethal,2018-10-01,08:25:00,Daylight,310,149,No,NoIntersection,Normal,Other,RN124,M,43.60535305819189,1.6058501141492028
201800023269,NonLethal,2018-01-10,12:50:00,Daylight,310,555,Yes,NoIntersection,Normal,2Vehicles-Behind,AV DE LYON,M,43.61506329102525,1.6156840199911957
201800023270,NonLethal,2018-02-10,18:15:00,Daylight,310,149,Yes,NoIntersection,Normal,2Vehicles-Side,Av Edouard Serres,M,43.61327682744778,1.6107493110390156
201800023271,NonLethal,2018-02-10,18:20:00,Daylight,310,555,Yes,X-type,Normal,Other,ROUTE DE REVEL,M,43.57368333255279,1.5749023582689106
201800023273,NonLethal,2018-10-03,19:05:00,Daylight,310,555,Yes,Other,Normal,Other,AV DE REYNERIE,M,43.57590006088599,1.5747975932552112
201800023274,NonLethal,2018-10-03,15:35:00,Daylight,310,69,Yes,NoIntersection,Normal,2Vehicles-Behind,DEWOITINE (RD-PT EMILE),M,43.6240110771694,1.625323571558437
201800023275,NonLethal,2018-04-10,07:10:00,Daylight,310,69,Yes,NoIntersection,Normal,Other,VELASQUEZ (RUE),M,43.62016035573037,1.621800299436437
201800023276,NonLethal,2018-10-04,17:35:00,Daylight,310,555,Yes,NoIntersection,Normal,2Vehicles-Side,NARBONNE (ROUTE DE),M,43.5627308147371,1.562880641017157
201800023277,NonLethal,2018-04-10,20:55:00,NightStreelightsOn,310,555,Yes,NoIntersection,Normal,2Vehicles-Behind,URSS (AV DE L) DU 1AU 73,M,43.57959659715674,1.580907537114189
201800023278,NonLethal,2018-10-05,07:50:00,TwilightOrDawn,310,555,Yes,NoIntersection,Normal,2Vehicles-Side,BD LAZARE CARNOT,M,43.60211616353157,1.601771500796968
201800023279,NonLethal,2018-10-05,07:50:00,Daylight,310,557,Yes,T-type,Normal,2Vehicles-Side,BELBEZE (RUE DE),M,43.58124645263765,1.581350139240674
201800023280,NonLethal,2018-05-10,05:20:00,NightStreelightsOn,310,555,Yes,NoIntersection,Normal,Other,RTE DE SAINT SIMON,M,43.586910259330935,1.5857414563583216
201800023281,NonLethal,2018-05-10,11:10:00,Daylight,310,555,Yes,NoIntersection,Normal,2Vehicles-Side,BD DELACOURTIE,M,43.585924715431005,1.5828166662423389
201800023282,NonLethal,2018-10-07,16:45:00,Daylight,310,555,Yes,NoIntersection,Normal,Other,RUE DE LA REPUBLIQUE,M,43.59736870646584,1.5987624798495432
201800023283,NonLethal,2018-10-07,17:05:00,Daylight,310,555,Yes,NoIntersection,Normal,2Vehicles-Behind,SAINT SIMON (RTE DE) DU,M,43.58900211129809,1.5878671435635694
201800023284,NonLethal,2018-10-08,13:35:00,Daylight,310,555,Yes,NoIntersection,Normal,2Vehicles-Side,RUE JOACHIM DU BELLAY,M,43.58680696606033,1.585030591614923
201800023285,NonLethal,2018-10-09,07:05:00,NightStreelightsOn,310,149,Yes,Roundabout,Normal,2Vehicles-Side,RD POINT GASCOGNE,M,43.607961904017,1.60879899614377
201800023287,NonLethal,2018-10-10,08:25:00,TwilightOrDawn,310,555,Yes,NoIntersection,Normal,Other,BD DE STRASBOURG,M,43.6079344668244,1.607104231601351
201800023290,NonLethal,2018-12-10,17:30:00,Daylight,310,69,No,NoIntersection,Normal,3+Vehicles-Chain,A621,M,43.62346676837586,1.6249478327543778
201800023291,NonLethal,2018-10-13,05:20:00,NightStreelightsOff,310,555,No,NoIntersection,Normal,NoCollision,RD901,M,43.61565401803623,1.6172961462857405
201800023292,NonLethal,2018-10-14,08:45:00,Daylight,310,555,Yes,NoIntersection,Normal,2Vehicles-Side,AV DES ETATS UNIS,M,43.62936250423536,1.629394730518496
201800023293,NonLethal,2018-10-16,08:43:00,Daylight,310,555,No,NoIntersection,Normal,2Vehicles-Behind,VA008493 LA CRABE A624 S,M,43.60965721635508,1.607598930067873
201800023295,NonLethal,2018-10-17,16:55:00,Daylight,310,555,Yes,NoIntersection,Normal,2Vehicles-Behind,AV DE GRANDE BRETAGNE,M,43.60778862981696,1.605936026465207
201800023297,NonLethal,2018-10-18,07:15:00,TwilightOrDawn,310,555,Yes,NoIntersection,LightRain,2Vehicles-Side,AV ETIENNE BILLIERES,M,43.59877539242299,1.5962518675284283
201800023298,Lethal,2018-10-17,23:12:00,NightStreelightsOn,310,555,Yes,NoIntersection,Normal,Other,RUE FEDERICO GARCIA LORC,M,43.63655294028367,1.6345563065843962
201800023299,NonLethal,2018-10-19,07:55:00,Daylight,310,149,Yes,T-type,FogOrSmoke,2Vehicles-Side,OUEST (BOULEVARD DE L'),M,43.611513274793005,1.6117470847448745
201800023300,NonLethal,2018-10-19,17:00:00,Daylight,310,149,Yes,NoIntersection,Normal,2Vehicles-Side,SALVETAT (CHEMIN DE LA),M,43.598453347211134,1.600745217446711
201800023302,NonLethal,2018-10-21,07:29:00,Daylight,310,555,Yes,NoIntersection,LightRain,2Vehicles-Behind,RTE D AGDE,M,43.629716176556535,1.6279675669532352
201800023304,NonLethal,2018-10-22,07:55:00,Daylight,310,555,Yes,T-type,Normal,Other,RTE DE SAINT SIMON,M,43.590796808114334,1.5888212215945343
201800023305,NonLethal,2018-10-22,16:50:00,Daylight,310,557,Yes,NoIntersection,Normal,2Vehicles-Side,DOUMERGUE (RUE GASTON),M,43.58557363802862,1.5834954830663093
201800023307,NonLethal,2018-10-23,12:15:00,Daylight,310,555,Yes,NoIntersection,Normal,Other,AV DE L URSS,M,43.57971670574887,1.5811631838190867
201800023308,NonLethal,2018-10-24,18:00:00,Daylight,310,555,No,NoIntersection,Normal,2Vehicles-Behind,VA007331 A620,M,43.57817883149341,1.5774315645586074
201800023309,NonLethal,2018-10-24,18:00:00,Daylight,310,555,Yes,NoIntersection,Normal,Other,CHE DE BOUDOU,M,43.648088745972544,1.6475341470346785
201800023311,NonLethal,2018-10-25,12:15:00,Daylight,310,555,Yes,NoIntersection,Normal,Other,RUE SAINTE ANNE,M,43.59840287674444,1.5975427604898689
201800023312,NonLethal,2018-10-26,08:20:00,Daylight,310,555,Yes,NoIntersection,Normal,Other,RUE LOUIS VITET,M,43.59433290337434,1.596173133739183
201800023313,NonLethal,2018-10-26,14:45:00,Daylight,310,555,Yes,T-type,Normal,2Vehicles-Side,SAINT PIERRE (QU) DU 4AU,M,43.60259635842819,1.604270512157633
201800023314,NonLethal,2018-10-26,18:59:00,TwilightOrDawn,310,555,Yes,NoIntersection,Normal,2Vehicles-Behind,ALL FREDERIC MISTRAL,M,43.59170207357396,1.5914635417762362
201800023315,NonLethal,2018-10-27,04:45:00,NightStreelightsOn,310,555,Yes,NoIntersection,LightRain,Other,BD LAZARE CARNOT,M,43.60165349210123,1.6047446278171666
201800023316,NonLethal,2018-10-27,11:45:00,Daylight,310,555,Yes,NoIntersection,Normal,Other,IMP LOUIS PLANA,M,43.62026317175967,1.6202537969602815
201800023318,NonLethal,2018-10-25,11:25:00,Daylight,310,555,Yes,NoIntersection,Normal,2Vehicles-Behind,BD FLORENCE ARTHAUD,M,43.6490183603924,1.6476900057374622
201800023319,NonLethal,2018-10-30,14:32:00,Daylight,310,555,No,NoIntersection,Normal,2Vehicles-Behind,VA007553 A61,M,43.64547337276871,1.6449302602819726
201800023321,NonLethal,2018-10-30,19:07:00,NightStreelightsOn,310,555,Yes,NoIntersection,Normal,2Vehicles-Behind,AV DE GRANDE BRETAGNE,M,43.60789667309192,1.6076078742971829
201800023322,NonLethal,2018-10-30,21:45:00,NightNoStreetLight,310,557,Yes,X-type,Normal,2Vehicles-Side,AV JEAN JAURES,M,43.59058880434169,1.587786161847388
201800023323,NonLethal,2018-10-25,18:30:00,NightStreelightsOff,310,555,Yes,NoIntersection,Normal,Other,RUE DU FAUBOURG BONNEFOY,M,43.61648399204231,1.6161565273477465
201800023324,NonLethal,2018-01-11,03:00:00,NightStreelightsOn,310,555,Yes,NoIntersection,Normal,2Vehicles-Side,AV PAUL SEJOURNE,M,43.60696639534695,1.6048048125307175
201800023325,NonLethal,2018-02-11,16:35:00,Daylight,310,555,No,NoIntersection,Normal,3+Vehicles-Chain,VA007331 A620,M,43.58634958910552,1.5878809386524086
201800023326,NonLethal,2018-11-02,19:30:00,NightNoStreetLight,310,555,Yes,NoIntersection,Normal,2Vehicles-Side,RUE JEAN MERMOZ,M,43.58479312655654,1.5814231561097618
201800023328,NonLethal,2018-04-11,18:52:00,NightStreelightsOn,310,555,Yes,NoIntersection,Normal,2Vehicles-Side,AV DE GRANDE BRETAGNE,M,43.596556435891806,1.5967397039845703
201800023329,NonLethal,2018-05-11,08:08:00,Daylight,310,555,Yes,Other,Normal,2Vehicles-Side,AV RAYMOND BADIOU,M,43.59792789594346,1.5980884212398083
201800023330,NonLethal,2018-11-06,11:50:00,Daylight,310,555,Yes,NoIntersection,Normal,Other,RUE MALBEC,M,43.60368835654776,1.602237152199379
201800023331,NonLethal,2018-11-07,17:20:00,TwilightOrDawn,310,149,Yes,NoIntersection,LightRain,2Vehicles-BehindVehicles-Frontal,Bd VICTOR HUGO,M,43.61669726931623,1.616843078772638
201800023332,NonLethal,2018-11-08,09:05:00,Daylight,310,555,Yes,T-type,Normal,2Vehicles-Side,RTE D ALBI,M,43.63741119246623,1.6398058721598228
201800023333,NonLethal,2018-08-11,12:45:00,Daylight,310,555,Yes,NoIntersection,Normal,Other,AV DES MINIMES,M,43.627287482915285,1.625744391618719
201800023336,NonLethal,2018-11-09,07:30:00,NightStreelightsOff,310,555,Yes,NoIntersection,HeavyRain,2Vehicles-Side,CHE DE L ESPEISSIERE,M,43.609444264671055,1.6093677150838968
201800023337,NonLethal,2018-09-11,13:30:00,Daylight,310,555,Yes,NoIntersection,LightRain,Other,AV DE LYON,M,43.61710395032968,1.6158347048180337
201800023338,NonLethal,2018-09-11,20:30:00,NightStreelightsOn,310,555,Yes,NoIntersection,Normal,2Vehicles-Behind,AV DE LARDENNE,M,43.59462491488277,1.593591597148621
201800023339,NonLethal,2018-11-10,09:25:00,Daylight,310,555,No,NoIntersection,Normal,3+Vehicles-Multiple,12 LES IZARDS (PERIPH ES,M,43.64864010979375,1.6473255380894292
201800023342,NonLethal,2018-09-11,11:15:00,Daylight,310,555,Yes,NoIntersection,Normal,3+Vehicles-Chain,AV CRAMPEL,M,43.58693108095818,1.584925808081697