AccidentId,Gravity,Date,Hour,Light,Department,Commune,InAgglomeration,IntersectionType,Weather,CollisionType,PostalAddress,GPSCode,Latitude,Longitude
201800023343,NonLethal,2018-12-11,15:15:00,Daylight,310,149,Yes,NoIntersection,Normal,3+Vehicles-Chain,Bd VICTOR HUGO,M,43.61675908007996,1.61949818165269
201800023344,NonLethal,2018-12-11,14:05:00,Daylight,310,555,Yes,NoIntersection,Normal,Other,RUE DES COSMONAUTES,M,43.56386466527794,1.563513160597573
201800023346,Lethal,2018-11-13,14:05:00,Daylight,310,555,Yes,X-type,Normal,2Vehicles-Side,SAINT MICHEL (GRANDE RUE,M,43.59268557129983,1.5934345329677315
201800023347,NonLethal,2018-11-13,17:44:00,TwilightOrDawn,310,557,Yes,NoIntersection,Normal,2Vehicles-Behind,AURIOL (BD VINCENT),M,43.58821425602984,1.5871221826061392
201800023348,NonLethal,2018-11-14,13:35:00,Daylight,310,69,Yes,NoIntersection,Normal,2Vehicles-Side,COMPANS (AV DU GENERAL),M,43.62921598414762,1.6296361396311103
201800023350,NonLethal,2018-11-15,12:45:00,Daylight,310,555,Yes,Roundabout,Normal,2Vehicles-Side,CHE FERRO LEBRES,M,43.58992432332281,1.5893551242222994
201800023352,NonLethal,2018-11-16,10:45:00,Daylight,310,555,Yes,NoIntersection,Normal,NoCollision,RUE MICHEL ANGE,M,43.62374527368272,1.6210964243405943
201800023354,NonLethal,2018-11-17,09:00:00,Daylight,310,555,Yes,NoIntersection,Normal,3+Vehicles-Chain,RUE DU FAUBOURG BONNEFOY,M,43.62149227160384,1.6221795807264376
201800023355,NonLethal,2018-11-17,09:30:00,Daylight,310,555,No,NoIntersection,Normal,3+Vehicles-Multiple,VA007553 A61,M,43.56318072897133,1.562613860062102
201800023356,NonLethal,2018-11-18,21:40:00,NightStreelightsOff,310,555,No,NoIntersection,Normal,NoCollision,VA007331 A620,M,43.56881191939312,1.5698328111459126
201800023357,NonLethal,2018-06-11,09:50:00,Daylight,310,555,Yes,NoIntersection,Normal,3+Vehicles-Chain,BD RICHARD WAGNER,M,43.60241881768253,1.6024092337392974
201800023359,NonLethal,2018-11-19,17:40:00,NightStreelightsOn,310,555,No,NoIntersection,Normal,3+Vehicles-Multiple,VA007473 A62,M,43.64381096442192,1.6461230738732455
201800023360,NonLethal,2018-11-20,08:45:00,Daylight,310,555,Yes,NoIntersection,Normal,2Vehicles-Side,AV DU DR MAURICE GRYNFOG,M,43.57811437839443,1.5777779545994737
201800023361,NonLethal,2018-11-20,09:40:00,Daylight,310,555,Yes,NoIntersection,Normal,2Vehicles-Behind,AV DE MURET,M,43.58647180000497,1.586487837000344
201800023362,NonLethal,2018-11-22,21:30:00,NightStreelightsOn,310,555,Yes,T-type,Normal,2Vehicles-Side,RTE D ALBI,M,43.64472045640252,1.6447014145782322
201800023363,NonLethal,2018-11-20,08:40:00,Daylight,310,555,Yes,T-type,Normal,2Vehicles-Side,RUE DE CUGNAUX,M,43.59410306193914,1.5936710654327837
201800023364,NonLethal,2018-11-23,08:05:00,TwilightOrDawn,310,555,Yes,T-type,Normal,2Vehicles-Side,RTE DE REVEL,M,43.568482783883205,1.567191192303548
201800023365,NonLethal,2018-11-26,17:00:00,TwilightOrDawn,310,555,Yes,NoIntersection,Normal,2Vehicles-Side,AV EDOUARD BELIN,M,43.56672043694977,1.5649402029597408
201800023366,NonLethal,2018-11-27,09:15:00,Daylight,310,555,Yes,NoIntersection,Normal,2Vehicles-Behind,AV DE GRANDE BRETAGNE,M,43.60416677912395,1.6043345352549152
201800023368,NonLethal,2018-11-27,15:15:00,Daylight,310,555,Yes,T-type,Normal,2Vehicles-Side,AV DE L URSS,M,43.5838607009626,1.5831718601803837
201800023369,NonLethal,2018-11-27,18:30:00,NightStreelightsOn,310,555,Yes,T-type,Normal,Other,AV DE LA GLOIRE,M,43.60617840982625,1.606590181812886
201800023370,NonLethal,2018-11-28,08:50:00,Daylight,310,555,Yes,NoIntersection,Normal,Other,AV DES MINIMES,M,43.6178856969121,1.6177390333582302
201800023371,NonLethal,2018-11-28,17:29:00,TwilightOrDawn,310,555,Yes,NoIntersection,Normal,2Vehicles-BehindVehicles-Frontal,AV DE MURET,M,43.5860357958741,1.5856754499946697
201800023372,NonLethal,2018-11-29,17:45:00,TwilightOrDawn,310,555,No,NoIntersection,Normal,3+Vehicles-Chain,VA007553 A61,M,43.56013923357642,1.5607835999714708
201800023374,NonLethal,2018-11-29,21:30:00,NightStreelightsOn,310,555,Yes,NoIntersection,Normal,Other,CHE DE FENOUILLET,M,43.6474579965579,1.6460817153949194
201800023376,NonLethal,2018-11-29,22:30:00,NightStreelightsOff,310,555,No,NoIntersection,Normal,Other,VA007553 A61,M,43.57675255746184,1.5746628215659433
201800023377,NonLethal,2018-11-30,07:30:00,NightNoStreetLight,310,555,Yes,T-type,LightRain,2Vehicles-Side,RUE PAUL MERLIN,M,43.602651633947005,1.6025357788058112
201800023378,NonLethal,2018-11-30,08:35:00,TwilightOrDawn,310,555,Yes,NoIntersection,LightRain,2Vehicles-Side,AV ETIENNE BILLIERES,M,43.59647744242757,1.597152483675399
201800023380,NonLethal,2018-11-30,19:40:00,NightStreelightsOn,310,555,No,NoIntersection,Normal,2Vehicles-Behind,VA007495 A62,M,43.6234318647241,1.6228080403579186
201800023382,NonLethal,2018-06-12,11:35:00,Daylight,310,555,Yes,NoIntersection,Normal,Other,AV DE MURET,M,43.591157218271405,1.590038526377425
201800023383,NonLethal,2018-06-12,12:15:00,Daylight,310,555,No,NoIntersection,Normal,3+Vehicles-Multiple,VA007331 A620,M,43.60946288402519,1.609964570545111
201800023384,NonLethal,2018-06-12,16:40:00,TwilightOrDawn,310,69,Yes,Roundabout,LightRain,2Vehicles-Side,VIEUX CHEMIN DE GRENADE,M,43.65148246275537,1.650968466820104
201800023385,NonLethal,2018-06-12,17:45:00,NightStreelightsOn,310,149,Yes,NoIntersection,LightRain,2Vehicles-BehindVehicles-Frontal,AV JEAN MONNET,M,43.62034480160155,1.6208524788580432
201800023386,NonLethal,2018-12-06,20:35:00,NightStreelightsOn,310,555,Yes,NoIntersection,Normal,Other,BD D ARCOLE,M,43.61038286611373,1.6122298213760402
201800023387,NonLethal,2018-12-06,12:15:00,Daylight,310,555,Yes,NoIntersection,Normal,Other,CHE DE LA CEPIERE,M,43.58619063530621,1.5843424856225257
201800023388,NonLethal,2018-07-12,07:55:00,TwilightOrDawn,310,555,No,NoIntersection,Normal,2Vehicles-Side,VA007342 LA CEPIERE  A62,M,43.582229312864456,1.5835565969991077
201800023389,NonLethal,2018-12-07,13:45:00,Daylight,310,557,Yes,NoIntersection,Normal,Other,SPORTS (ALL DES),M,43.579852317518,1.5786792697769632
201800023391,NonLethal,2018-12-07,06:35:00,NightStreelightsOn,310,555,No,NoIntersection,Normal,2Vehicles-Side,AV DES ETATS UNIS,M,43.65932553631928,1.65848377050728
201800023392,NonLethal,2018-08-12,14:30:00,Daylight,310,555,No,NoIntersection,Normal,Other,VA007331 A620,M,43.62631725112343,1.6260860498784284
201800023393,NonLethal,2018-12-10,15:55:00,Daylight,310,69,Yes,Roundabout,Normal,2Vehicles-Side,MAGA (RD-PT JEAN),M,43.623810162427205,1.6216241877387845
201800023394,NonLethal,2018-10-12,17:45:00,NightStreelightsOn,310,555,Yes,NoIntersection,Normal,2Vehicles-Side,AV DES MINIMES,M,43.62560484504094,1.6245071808154006
201800023395,NonLethal,2018-11-12,07:07:00,Daylight,310,555,Yes,NoIntersection,FogOrSmoke,Other,AV DES MINIMES,M,43.62034634498982,1.6212393680366846
201800023396,NonLethal,2018-11-12,08:00:00,Daylight,310,557,Yes,T-type,Normal,2Vehicles-Side,RAMELET MOUNDI (CH DE),M,43.57903938807845,1.5774133365867258
201800023397,NonLethal,2018-12-11,18:00:00,NightStreelightsOn,310,555,Yes,NoIntersection,Normal,Other,ALL HENRI SELLIER,M,43.57762334421814,1.577861238639174
201800023398,NonLethal,2018-12-12,08:30:00,Daylight,310,555,No,NoIntersection,LightRain,2Vehicles-Side,RD901,M,43.61373405415743,1.6117913935259538
201800023399,NonLethal,2018-12-12,18:30:00,NightStreelightsOn,310,555,Yes,Roundabout,LightRain,2Vehicles-Side,Rd Pt des Epoux Mongelar,M,43.58873536507576,1.5900228663811466
201800023400,NonLethal,2018-12-12,13:30:00,Daylight,310,69,No,NoIntersection,LightRain,2Vehicles-Side,FLAUBERT (RUE GUSTAVE),M,43.64904453484066,1.6473204042730365
201800023402,NonLethal,2018-12-13,18:03:00,NightNoStreetLight,310,149,Yes,NoIntersection,LightRain,Other,BD DE L'EUROPE,M,43.60219781172015,1.6024515168566889
201800023404,NonLethal,2018-12-17,07:39:00,NightStreelightsOn,310,555,No,NoIntersection,LightRain,3+Vehicles-Chain,VA008482 A624,M,43.60912795106709,1.607741844630925
201800023406,NonLethal,2018-12-18,19:37:00,NightNoStreetLight,310,555,Yes,NoIntersection,Normal,2Vehicles-BehindVehicles-Frontal,BD ANDRE NETWILLER,M,43.64183407306013,1.6417150741060376
201800023408,NonLethal,2018-12-19,13:32:00,Daylight,310,555,Yes,T-type,Normal,2Vehicles-Side,BD D ARCOLE,M,43.61153774671805,1.6093531472918428
201800023409,NonLethal,2018-12-19,18:35:00,NightStreelightsOn,310,555,Yes,NoIntersection,Normal,Other,BOULINGRIN (ROND POINT D,M,43.59593211946021,1.5970462589940349
201800023410,NonLethal,2018-12-19,20:20:00,NightStreelightsOn,310,555,Yes,NoIntersection,Normal,NoCollision,BAYONNE (ROUTE DE ),M,43.60728098016951,1.6079732571651475
201800023411,NonLethal,2018-12-21,07:35:00,TwilightOrDawn,310,555,Yes,NoIntersection,Normal,Other,LATTRE DE TASSIGNY (AV D,M,43.57823246414175,1.5781522793016505
201800023412,NonLethal,2018-12-21,15:45:00,Daylight,310,555,Yes,NoIntersection,Normal,Other,RUE DE LIMAYRAC,M,43.593394286744896,1.5946068829634066
201800023413,NonLethal,2018-12-22,01:30:00,NightNoStreetLight,310,69,No,NoIntersection,Normal,2Vehicles-Side,A621,M,43.622311060098696,1.6225233041643772
201800023414,NonLethal,2018-12-25,14:33:00,Daylight,310,555,Yes,T-type,Normal,2Vehicles-Side,BD DE STRASBOURG,M,43.60993459254407,1.6090302872948163
201800023416,NonLethal,2018-12-29,15:35:00,Daylight,310,69,Yes,NoIntersection,Normal,2Vehicles-Side,FLAUBERT (RUE GUSTAVE),M,43.64730558840537,1.6455813443649208
201800023417,NonLethal,2018-12-28,18:00:00,NightStreelightsOn,310,555,Yes,NoIntersection,Normal,Other,CHE DES IZARDS,M,43.63886348749684,1.6375653387529931
201800023418,NonLethal,2018-01-03,05:45:00,NightStreelightsOn,280,88,Yes,NoIntersection,StrongWindOrStorm,Other,Rue du Griffon,M,48.06880828609148,1.0681406999658083
201800023420,NonLethal,2018-01-24,18:25:00,NightNoStreetLight,280,204,No,NoIntersection,Normal,3+Vehicles-Chain,PK 78.116,M,48.04756984086515,1.0479606650055473
201800023421,NonLethal,2018-03-01,05:00:00,NightStreelightsOn,280,103,Yes,NoIntersection,SnowOrHail,Other,Route de Droué,M,47.99434870379947,1.9955555566929892
201800023423,Lethal,2018-10-04,14:40:00,Daylight,280,334,Yes,NoIntersection,Normal,Other,ROUTE DU MANS,M,48.06692056485761,1.065668105318938
201800023424,NonLethal,2018-05-10,14:00:00,Daylight,280,12,No,NoIntersection,Normal,NoCollision,921,M,48.15331971051948,1.1524040205152866
201800023425,NonLethal,2018-05-15,14:00:00,Daylight,280,106,Yes,T-type,Normal,Other,31 rue de la sanglerie,M,48.1117390170447,1.112094904893939
201800023426,Lethal,2018-05-17,12:55:00,Daylight,280,75,No,NoIntersection,Normal,2Vehicles-BehindVehicles-Frontal,RN 10,M,48.043723149408486,1.04279364043517
201800023427,NonLethal,2018-05-25,13:45:00,Daylight,280,88,No,T-type,Normal,2Vehicles-Side,D 955 - d 111-3,M,48.0952727583588,1.093942009624698
201800023428,NonLethal,2018-05-28,10:00:00,Daylight,280,88,Yes,NoIntersection,Normal,Other,place du 18 octobre,M,48.072720639440064,1.071141523596367
201800023429,NonLethal,2018-05-30,17:55:00,Daylight,280,334,No,NoIntersection,Normal,NoCollision,route départementale 111,M,48.05336731463013,1.0518200031026788
201800023430,NonLethal,2018-06-07,18:00:00,Daylight,280,88,Yes,NoIntersection,Normal,NoCollision,route de blois,M,48.05838647272549,1.05783695752369
201800023431,NonLethal,2018-07-15,01:00:00,NightStreelightsOn,280,88,Yes,Y-type,Normal,Other,1 rue Cavée de la reine,M,48.06777303532119,1.06740283077816
201800023432,NonLethal,2018-08-19,18:30:00,Daylight,280,88,No,NoIntersection,Normal,NoCollision,rd 111.5,M,48.08780867851378,1.0855321896478918
201800023433,NonLethal,2018-08-31,19:00:00,Daylight,280,103,Yes,T-type,Normal,2Vehicles-Side,Rue ST SEVERIN - D8,M,47.99116055288007,1.989194885924478
201800023434,NonLethal,2018-02-09,09:30:00,Daylight,280,132,No,NoIntersection,Normal,NoCollision,Rd111,M,48.09698720853152,1.096782838739471
201800023435,NonLethal,2018-09-09,13:30:00,Daylight,280,205,No,T-type,Normal,2Vehicles-Side,Croisement D 927 et D 12,M,48.07067956544896,1.069330813106678
201800023436,Lethal,2018-07-11,17:30:00,TwilightOrDawn,280,334,No,X-type,Normal,3+Vehicles-Multiple,RD 927,M,48.06598616141052,1.0663836738843016
201800023437,NonLethal,2018-11-27,17:35:00,NightStreelightsOn,280,88,Yes,X-type,HeavyRain,2Vehicles-BehindVehicles-Frontal,boulevard toutain,M,48.07228001184632,1.072432037675446
201800023438,Lethal,2018-12-12,17:50:00,NightNoStreetLight,280,198,No,NoIntersection,Overcast,2Vehicles-BehindVehicles-Frontal,D955,M,48.06420334732044,1.0622820763853071
201800023439,NonLethal,2018-02-14,18:45:00,NightNoStreetLight,280,61,No,Other,HeavyRain,2Vehicles-Behind,RD 955,M,48.21705606178503,1.2165102060204342
201800023440,NonLethal,2018-02-16,07:45:00,TwilightOrDawn,280,409,Yes,NoIntersection,Other,Other,D921 PK29+900,M,48.25440552138415,1.256448029009794
201800023441,NonLethal,2018-04-15,05:00:00,NightStreelightsOn,280,61,Yes,NoIntersection,Normal,Other,Rue de Robinson,M,48.21003483418712,1.2107110616323111
201800023443,NonLethal,2018-06-29,17:30:00,Daylight,280,61,No,NoIntersection,Normal,2Vehicles-BehindVehicles-Frontal,"RD 921, PK 30+000",M,48.215938356904914,1.2167492372098505
201800023444,NonLethal,2018-07-11,14:15:00,Daylight,280,182,No,X-type,Normal,2Vehicles-Side,Les crances,M,48.1597403740437,1.1586578296736012
201800023447,Lethal,2018-01-10,00:45:00,NightStreelightsOn,100,30,No,NoIntersection,LightRain,Other,D610,M,48.32505957084496,4.3262479339503015
201800023448,NonLethal,2018-02-05,19:20:00,NightStreelightsOff,100,67,No,NoIntersection,Overcast,2Vehicles-BehindVehicles-Frontal,Route départementale D67,M,48.22703765415376,4.228951003270494
201800023449,NonLethal,2018-02-05,07:53:00,TwilightOrDawn,100,100,Yes,NoIntersection,LightRain,2Vehicles-Side,"28, rue de la Vallée",M,48.205488012909136,4.203883996497546
201800023450,NonLethal,2018-02-15,09:00:00,Daylight,100,363,No,NoIntersection,Normal,2Vehicles-BehindVehicles-Frontal,CDl,M,48.18126022199902,4.18061038019418
201800023451,Lethal,2018-02-20,09:30:00,Daylight,100,30,Yes,NoIntersection,Normal,Other,D619,M,48.33229491983047,4.333556282049042
201800023452,NonLethal,2018-03-26,15:00:00,Daylight,100,115,No,NoIntersection,Normal,Other,rocade,M,48.32977784945069,4.329035566911642
201800023453,NonLethal,2018-09-04,00:30:00,NightStreelightsOn,100,115,No,NoIntersection,Normal,Other,D960,M,48.32943918936992,4.3282728803290444
201800023454,NonLethal,2018-04-19,11:50:00,Daylight,100,211,No,NoIntersection,Normal,NoCollision,D 60,M,48.32186672366434,3.324820410927206
201800023455,NonLethal,2018-06-05,17:30:00,Daylight,100,344,No,NoIntersection,Normal,NoCollision,D 72,M,48.247154324120864,4.24707461206158
201800023456,NonLethal,2018-06-18,12:15:00,Daylight,100,67,Yes,X-type,Normal,2Vehicles-BehindVehicles-Frontal,50 Avenue des Martyrs,M,48.24833971297749,4.24659226270632
201800023457,NonLethal,2018-12-08,23:35:00,NightNoStreetLight,100,67,No,NoIntersection,Normal,Other,route de Verrières,M,48.23024050896362,4.232132554187515
201800023458,NonLethal,2018-08-26,18:30:00,Daylight,100,340,No,NoIntersection,Normal,NoCollision,CD 141,M,48.26240870350212,4.259605367944106
201800023460,NonLethal,2018-09-16,16:30:00,Daylight,100,67,No,NoIntersection,Normal,Other,rue de la foret,M,48.23705134520796,4.235908839274445
201800023461,NonLethal,2018-09-24,13:30:00,Daylight,100,340,Yes,Roundabout,Normal,NoCollision,N77,M,48.261852671788944,4.262200209210001
201800023462,NonLethal,2018-02-10,16:30:00,Daylight,100,81,No,NoIntersection,Normal,2Vehicles-Behind,D610,M,48.32003941855676,4.322893375848983
201800023463,NonLethal,2018-03-10,12:05:00,Daylight,100,191,No,NoIntersection,Normal,NoCollision,D610,M,48.33353332308665,4.33191028594722
201800023464,NonLethal,2018-12-14,17:48:00,NightStreelightsOn,100,340,Yes,X-type,Normal,2Vehicles-BehindVehicles-Frontal,l39 route de TROYES,M,48.26266160832163,4.2607832440662525
201800023465,NonLethal,2018-12-19,19:15:00,NightStreelightsOff,100,30,Yes,NoIntersection,Normal,Other,route de troyes,M,48.33239439228112,4.331472531105056
201800023466,NonLethal,2018-02-24,17:00:00,Daylight,100,350,Yes,NoIntersection,Normal,Other,rue de la croix -RD374,M,48.17417574211796,3.1710043594662047
201800023467,NonLethal,2018-11-04,06:45:00,TwilightOrDawn,100,142,Yes,Other,Normal,Other,rue de république,M,48.27443962839826,3.274517077207019
201800023468,NonLethal,2018-08-24,22:30:00,NightNoStreetLight,100,3,No,NoIntersection,Normal,NoCollision,D154,M,48.29127524560208,3.292245938211384
201800023469,NonLethal,2018-01-04,17:05:00,NightStreelightsOn,680,145,Yes,T-type,LightRain,Other,"73B, Grand'rue",M,48.07997281316758,7.0788491787721455
201800023470,NonLethal,2018-11-02,01:15:00,NightNoStreetLight,680,295,No,NoIntersection,Normal,NoCollision,route de Colmar,M,48.02195611115809,7.023976302542942
201800023471,NonLethal,2018-02-24,15:30:00,Daylight,680,146,Yes,NoIntersection,Normal,NoCollision,1 rue du parc,M,48.12885076669623,7.127497660430615
201800023472,NonLethal,2018-07-03,07:45:00,Daylight,680,295,No,Y-type,Normal,2Vehicles-Side,route départementale 201,M,47.99555071477717,7.995521726349961
201800023473,NonLethal,2018-04-22,18:40:00,Daylight,680,110,Yes,T-type,Normal,2Vehicles-Side,30 route de colmar,M,48.14220646890753,7.142060594624489
201800023474,NonLethal,2018-06-03,17:20:00,Daylight,680,66,Yes,Roundabout,Normal,Other,138 Rte de Neuf-Brisach,M,48.07985983240644,7.080125531920305
201800023475,Lethal,2018-08-12,16:40:00,Daylight,680,295,No,NoIntersection,Normal,3+Vehicles-Multiple,RTE DEPARTEMENTALE 1,M,48.01594728189647,7.015609096305442
201800023476,NonLethal,2018-08-20,16:25:00,Daylight,680,145,Yes,NoIntersection,Normal,3+Vehicles-Chain,42 grand rue,M,48.07947890878001,7.080568834605512
201800023478,NonLethal,2018-12-17,20:15:00,NightStreelightsOn,680,145,Yes,T-type,LightRain,2Vehicles-Side,1 rue de mulhouse,M,48.076112078673845,7.07420931383534
201800023479,NonLethal,2018-04-14,10:20:00,Daylight,680,249,No,Y-type,Normal,NoCollision,Rte départementale 48.2,M,48.11497011179926,7.117259287503291
201800023481,NonLethal,2018-04-20,07:40:00,Daylight,680,175,No,NoIntersection,Normal,2Vehicles-Side,Rte départementale 48,M,48.143065050607,7.143316830748373
201800023482,NonLethal,2018-04-27,15:30:00,Daylight,680,44,No,Y-type,Normal,Other,Lieu-dit la maze,M,48.13417150900613,7.134222382441748
201800023483,NonLethal,2018-06-05,15:08:00,Daylight,680,249,Yes,Y-type,Normal,Other,21 R Charles de Gaulle,M,48.12587784907294,7.126232412916605
201800023484,NonLethal,2018-06-01,11:30:00,Daylight,680,298,No,NoIntersection,Normal,Other,Rte départementale 148,M,48.19700335510133,7.196592507815005
201800023485,NonLethal,2018-06-18,20:45:00,Daylight,680,44,Yes,NoIntersection,Normal,2Vehicles-BehindVehicles-Frontal,"23, rue du 3eme spahis a",M,48.16917011502064,7.168411358095712
201800023486,NonLethal,2018-06-28,09:35:00,Daylight,680,249,Yes,NoIntersection,Normal,NoCollision,52 R Charles De Gaulle,M,48.12662565278996,7.12634931192437
201800023487,NonLethal,2018-06-28,20:27:00,Daylight,680,175,Yes,NoIntersection,Normal,2Vehicles-BehindVehicles-Frontal,24 la goutte,M,48.14158078553804,7.1404842304959
201800023488,NonLethal,2018-07-15,16:40:00,Daylight,680,5,No,NoIntersection,LightRain,NoCollision,Rte départementale 11.1,M,48.116616916906175,7.1172208576575455
201800023489,NonLethal,2018-07-18,11:15:00,Daylight,680,162,No,NoIntersection,Normal,Other,Rte Départementale lBIS,M,48.13709690739845,7.136875803157047
201800023490,NonLethal,2018-07-27,23:25:00,NightStreelightsOn,680,175,Yes,Y-type,Normal,Other,R du Général Dufieux,M,48.16256797537057,7.161370271351533
201800023491,NonLethal,2018-02-08,05:20:00,NightNoStreetLight,680,162,No,NoIntersection,Normal,Other,Rte départementale 415,M,48.15258800193611,7.151627477297839
201800023492,NonLethal,2018-08-15,16:50:00,Daylight,680,173,No,NoIntersection,Normal,NoCollision,Rte départementale 11.6,M,48.09310884647181,7.093623025458252
201800023493,NonLethal,2018-09-02,15:20:00,Daylight,680,162,Yes,NoIntersection,Normal,Other,61 Rte de Lapoutroie,M,48.14807512699543,7.149544498504868
201800023494,NonLethal,2018-09-16,00:05:00,NightNoStreetLight,680,173,No,NoIntersection,Normal,Other,Rte départementale 11.6,M,48.0803070265456,7.08096320257571
201800023495,NonLethal,2018-09-21,15:20:00,Daylight,680,162,Yes,X-type,Normal,2Vehicles-Side,R de l'Ancienne gare,M,48.13841760154588,7.135546237254041
201800023496,NonLethal,2018-09-28,18:44:00,TwilightOrDawn,680,175,No,NoIntersection,Overcast,2Vehicles-Behind,D415,M,48.1686669963029,7.1676017054915455
201800023497,NonLethal,2018-09-29,14:50:00,Daylight,680,175,Yes,NoIntersection,Normal,Other,Rue de la Bohle,M,48.15342938644566,7.153764256660367
201800023498,NonLethal,2018-10-13,15:15:00,Daylight,680,173,No,Y-type,VeryGood,2Vehicles-Side,CD 11 / CD 11 VI,M,48.09512779272144,7.094821407486711
201800023500,NonLethal,2018-10-22,11:10:00,Daylight,680,162,No,T-type,Normal,3+Vehicles-Chain,D10,M,48.12319035589967,7.122909213864876
201800023501,NonLethal,2018-10-28,11:30:00,Daylight,680,374,Yes,X-type,LightRain,2Vehicles-Side,57 Route de COLMAR,M,48.06825124898428,7.0676514604581095
201800023502,Lethal,2018-10-30,13:00:00,Daylight,680,5,No,NoIntersection,LightRain,NoCollision,R.D. 11 VIII,M,48.10529449197606,7.107128244509181
201800023503,NonLethal,2018-01-12,09:12:00,Daylight,680,173,No,NoIntersection,Normal,2Vehicles-Side,DEPARTEMENTALE 11 PK16+9,M,48.09490747074819,7.095300913104686
201800023504,NonLethal,2018-12-04,14:50:00,Daylight,680,249,No,NoIntersection,LightRain,Other,Départementale 48.2,M,48.110832912920735,7.11002003232622
201800023505,NonLethal,2018-12-08,14:00:00,Daylight,680,249,No,NoIntersection,HeavyRain,Other,242 Les Près du Bois,M,48.10573050968031,7.106941970435785
201800023506,NonLethal,2018-12-16,17:00:00,TwilightOrDawn,680,162,No,NoIntersection,Normal,Other,route départementale 415,M,48.13488289414376,7.135574497782002
201800023508,NonLethal,2018-02-01,13:00:00,Daylight,710,305,No,NoIntersection,Normal,2Vehicles-Side,autoroute A6 pk 370+100,M,46.47629466576376,4.475503533438621
201800023509,NonLethal,2018-02-17,15:00:00,Daylight,710,150,No,NoIntersection,Normal,Other,autoroute A.6 sens Paris,M,46.240601662892615,4.238034595397901
201800023510,NonLethal,2018-03-15,10:00:00,Daylight,710,543,No,NoIntersection,HeavyRain,2Vehicles-Behind,Autoroute A6 - PK355+300,M,46.58657968069305,4.58307396625747
201800023511,Lethal,2018-03-18,00:20:00,NightNoStreetLight,710,150,No,NoIntersection,Normal,2Vehicles-BehindVehicles-Frontal,A6 PK 397.000 sens LYON/,M,46.235283554215926,4.235046180334454
201800023512,NonLethal,2018-05-22,16:10:00,Daylight,710,543,No,NoIntersection,Normal,NoCollision,autoroute A6 PK 358+500,M,46.55152770022663,4.551946241262093
201800023514,NonLethal,2018-06-19,07:45:00,Daylight,710,90,No,NoIntersection,Normal,2Vehicles-Behind,"Autoroute A.6, sens LYON",M,46.21679575810582,4.218028223320629
201800023515,NonLethal,2018-06-24,23:57:00,NightNoStreetLight,710,105,No,NoIntersection,Normal,2Vehicles-Behind,A6 PK 386+900 sens LYON/,M,46.30584867978699,4.303855738948416
201800023517,NonLethal,2018-07-04,08:29:00,Daylight,710,543,No,NoIntersection,VeryGood,3+Vehicles-Chain,Autoroute A6 Pk 356+8OO,M,46.563247425043954,4.564421875508199
201800023520,NonLethal,2018-07-25,18:02:00,Daylight,710,150,No,NoIntersection,Normal,Other,A6 PK397.685 sens paris/,M,46.23149442240395,4.231170231719332
201800023521,NonLethal,2018-08-08,02:30:00,NightNoStreetLight,710,494,No,NoIntersection,HeavyRain,Other,autoroute A6 pk 376+400,M,46.41179823805627,4.409870150906396
201800023522,NonLethal,2018-09-11,17:15:00,Daylight,710,105,No,NoIntersection,Normal,3+Vehicles-Chain,Autoroute A6 sens PARIS/,M,46.30591670899176,4.304618958259463
201800023523,NonLethal,2018-10-06,17:34:00,Daylight,710,543,No,NoIntersection,Normal,2Vehicles-Behind,A6 PK 358+800 sens Paris,M,46.56362617414322,4.562065894619704
201800023524,NonLethal,2018-10-14,01:00:00,NightNoStreetLight,710,550,No,NoIntersection,Normal,2Vehicles-BehindVehicles-Frontal,Autoroute A6 PK 365+270,M,46.49604803721622,4.496145166000762
201800023525,NonLethal,2018-06-12,21:56:00,NightNoStreetLight,710,105,No,NoIntersection,Normal,NoCollision,"Autoroute A6, sens Paris",M,46.30371313847503,4.306134710775609
201800023526,NonLethal,2018-01-11,15:50:00,Daylight,830,67,No,NoIntersection,Normal,2Vehicles-Behind,autoroute A57,M,43.32697258180727,6.324143397496939
201800023527,NonLethal,2018-01-23,08:00:00,Daylight,830,62,No,NoIntersection,Normal,2Vehicles-Side,A57,M,43.14638396689734,6.147346677698391
201800023528,NonLethal,2018-01-28,09:30:00,Daylight,830,130,No,NoIntersection,Normal,Other,A57,M,43.19878228186886,6.19741516040826
201800023529,NonLethal,2018-12-02,07:15:00,Daylight,830,100,No,NoIntersection,Normal,NoCollision,A57 - PK 021.000,M,43.26737623972728,6.265289179628005
201800023531,NonLethal,2018-05-31,17:41:00,Daylight,830,26,No,NoIntersection,LightRain,NoCollision,A8 PK 088.800,M,43.40174425946864,6.400482269729944