AccidentId,Gravity,Date,Hour,Light,Department,Commune,InAgglomeration,IntersectionType,Weather,CollisionType,PostalAddress,GPSCode,Latitude,Longitude
201800023532,NonLethal,2018-06-15,18:30:00,Daylight,830,54,No,NoIntersection,Normal,3+Vehicles-Chain,A57 PK 008.900,M,43.15985718461653,6.159528470163118
201800023533,NonLethal,2018-06-21,00:02:00,NightNoStreetLight,830,49,No,NoIntersection,Normal,2Vehicles-BehindVehicles-Frontal,A57 PK 017.500,M,43.23350363818034,6.23323996673736
201800023534,NonLethal,2018-06-17,12:15:00,Daylight,830,49,No,NoIntersection,Normal,NoCollision,Autoroute A57,M,43.2307386826722,6.233681744519535
201800023536,NonLethal,2018-07-23,00:45:00,NightNoStreetLight,830,107,No,NoIntersection,Normal,NoCollision,A8,M,43.46416905835282,6.4638782468938185
201800023537,Lethal,2018-07-25,04:20:00,NightNoStreetLight,830,73,No,NoIntersection,Normal,2Vehicles-Behind,Autoroute A8,M,43.40575169338244,6.403968476425283
201800023538,NonLethal,2018-07-28,15:00:00,Daylight,830,23,No,NoIntersection,Normal,2Vehicles-Behind,autoroute A8,M,43.41879923316049,6.419679219888557
201800023539,NonLethal,2018-08-02,07:10:00,Daylight,830,23,No,NoIntersection,Normal,2Vehicles-Side,A8 PK 074.580,M,43.42280208200663,6.420978551491771
201800023541,Lethal,2018-09-18,16:18:00,Daylight,830,107,No,NoIntersection,Normal,2Vehicles-Behind,A8 PK 121.600,M,43.46405249400704,6.4645157921616345
201800023542,Lethal,2018-10-10,07:00:00,TwilightOrDawn,830,107,No,NoIntersection,Normal,3+Vehicles-Multiple,Autoroute A8,M,43.46430339547499,6.464363412145036
201800023543,NonLethal,2018-10-13,07:15:00,TwilightOrDawn,830,23,No,NoIntersection,Normal,Other,A8. PK 078.100,M,43.41960181668902,6.418173210816802
201800023544,NonLethal,2018-10-24,07:25:00,TwilightOrDawn,830,23,No,NoIntersection,Normal,2Vehicles-Behind,AUTOROUTE A8 - 079.540,M,43.42149692424756,6.42025703923829
201800023545,NonLethal,2018-01-11,06:20:00,NightNoStreetLight,830,107,No,NoIntersection,HeavyRain,Other,AUTOROUTE A8 PK 126 + 12,M,43.46503454078439,6.464095653499456
201800023546,NonLethal,2018-12-11,07:00:00,TwilightOrDawn,830,130,No,NoIntersection,LightRain,3+Vehicles-Chain,Autoroute A57,M,43.19586927493712,6.197190067362181
201800023547,NonLethal,2018-11-14,17:15:00,TwilightOrDawn,830,140,No,NoIntersection,Normal,Other,Autoroute A8,M,43.43016871346739,5.42952178608371
201800023548,NonLethal,2018-04-01,12:15:00,Daylight,280,425,No,NoIntersection,Normal,2Vehicles-Behind,AUTOROUTE A11   PK 40,M,48.50794184405061,1.5071989732645523
201800023549,NonLethal,2018-01-25,03:44:00,NightNoStreetLight,280,161,No,NoIntersection,HeavyRain,2Vehicles-Behind,A11 PK 93+000 sens Paris,M,48.26772765187178,1.2667560979006864
201800023550,NonLethal,2018-04-02,08:47:00,Daylight,280,141,No,NoIntersection,LightRain,NoCollision,A11 - PK 72+200 - sens P,M,48.33902616018692,1.339044043219316
201800023551,NonLethal,2018-11-02,08:30:00,Daylight,280,273,No,NoIntersection,Normal,Other,A11 109+200,M,48.2166477089454,9.21557991050523
201800023552,NonLethal,2018-05-03,07:59:00,Daylight,280,269,No,NoIntersection,Normal,2Vehicles-Side,All - Pk 6l+800 - sens P,M,48.40446946098775,1.4036648406545713
201800023554,NonLethal,2018-04-21,06:20:00,TwilightOrDawn,280,273,No,NoIntersection,Normal,Other,A11 Pk 109+150 Sens Pari,M,48.21775164339815,9.21649243823244
201800023555,NonLethal,2018-04-28,16:00:00,Daylight,280,104,No,NoIntersection,Normal,Other,AUTOROUTE A11,M,48.4730768079146,1.471905234180007
201800023556,NonLethal,2018-05-30,14:25:00,Daylight,280,388,No,NoIntersection,Normal,Other,Autoroute A11 pk67+950,M,48.365054134542376,1.3640378303066216
201800023558,NonLethal,2018-06-26,09:10:00,Daylight,280,253,No,NoIntersection,Normal,NoCollision,A11 - PK 70.07,M,48.35142664131837,1.3539241501574053
201800023559,NonLethal,2018-09-07,14:35:00,Daylight,280,252,No,NoIntersection,Normal,NoCollision,Autoroute A11 - Pk 105+8,M,48.226351231243726,9.226211934218092
201800023560,NonLethal,2018-04-08,15:20:00,Daylight,280,327,No,NoIntersection,Normal,Other,A11 - PK 119+050,M,48.19214519544623,8.19205908333404
201800023561,NonLethal,2018-08-14,02:50:00,NightNoStreetLight,280,278,No,Y-type,Normal,2Vehicles-BehindVehicles-Frontal,Autoroute A11 -PK055.000,M,48.45860330350767,1.4560634200283742
201800023562,NonLethal,2018-08-20,07:40:00,Daylight,280,219,No,NoIntersection,Normal,Other,Autoroute A11 - PK 103.0,M,48.23063440469456,1.2313670106817745
201800023563,NonLethal,2018-08-25,17:23:00,Daylight,280,80,No,NoIntersection,Normal,2Vehicles-Behind,autoroute A.11 PK 111+80,M,48.20543848599174,9.204640645290509
201800023564,NonLethal,2018-09-16,17:30:00,Daylight,280,18,No,NoIntersection,Normal,NoCollision,A11,M,48.20521384167782,9.204826358625292
201800023565,NonLethal,2018-10-03,03:00:00,NightNoStreetLight,280,219,No,NoIntersection,Normal,2Vehicles-Behind,autoroute A11 - Pk 104+8,M,48.228684893495696,1.2298396509274394
201800023566,NonLethal,2018-03-10,15:30:00,Daylight,280,327,No,NoIntersection,Normal,NoCollision,autoroute A11,M,48.19399487008643,8.191337444166463
201800023567,NonLethal,2018-11-16,14:34:00,Daylight,280,219,No,NoIntersection,FogOrSmoke,Other,autoroute A11 pk103,M,48.23342329758878,1.2317082900140135
201800023568,NonLethal,2018-07-13,10:38:00,Daylight,450,176,No,NoIntersection,Normal,Other,A19 PK079.000,M,48.08357758859959,2.0846648326253185
201800023570,NonLethal,2018-04-18,02:25:00,NightNoStreetLight,440,155,No,T-type,FogOrSmoke,2Vehicles-Side,RDl78,M,47.04876354498159,-0.0516763046292326
201800023571,Lethal,2018-05-18,08:30:00,Daylight,440,120,Yes,NoIntersection,Normal,2Vehicles-Side,rue de la jouardais,M,47.19998517573565,-0.1974236589316476
201800023572,NonLethal,2018-05-31,08:13:00,Daylight,440,41,No,T-type,LightRain,2Vehicles-Side,RD 262,M,47.078540540373226,-0.0782393422416591
201800023573,NonLethal,2018-05-06,07:51:00,Daylight,440,81,No,NoIntersection,Normal,2Vehicles-BehindVehicles-Frontal,D753 PR09.870,M,46.910170859603184,-0.9116151971024676
201800023574,Lethal,2018-08-24,10:25:00,Daylight,440,212,No,NoIntersection,Normal,2Vehicles-BehindVehicles-Frontal,"D116, PK 11.573",M,47.14567693526302,-0.1450353900075137
201800023575,Lethal,2018-11-11,06:15:00,NightNoStreetLight,440,142,No,NoIntersection,HeavyRain,NoCollision,AUTOROUTE A83 PK 15+500,M,47.01672680675257,-0.0196640927076394
201800023576,NonLethal,2018-02-12,15:55:00,Daylight,130,78,No,NoIntersection,Normal,2Vehicles-Side,RD 268,M,43.443745784318814,4.444333593597047
201800023577,NonLethal,2018-05-18,19:15:00,Daylight,130,78,Yes,X-type,Normal,Other,Avenue du Port,M,43.39099488394192,4.391847411678827
201800023579,NonLethal,2018-02-23,14:00:00,Daylight,770,505,No,NoIntersection,Normal,2Vehicles-Behind,Autoroute A4,M,48.92163417806979,3.9226792136596167
201800023580,NonLethal,2018-05-11,13:00:00,Daylight,770,49,No,NoIntersection,Normal,3+Vehicles-Multiple,Autoroute A4 PK 46+400 s,M,48.91214243688262,2.910171208307514
201800023581,NonLethal,2018-05-14,12:00:00,Daylight,770,49,No,NoIntersection,LightRain,2Vehicles-Behind,A4 - PARIS PROVINCE,M,48.898415049728285,2.900341590949292
201800023582,NonLethal,2018-06-19,07:30:00,Daylight,770,141,No,NoIntersection,Normal,NoCollision,A4,M,48.87146060209117,2.8716083661562983
201800023583,NonLethal,2018-02-08,14:15:00,Daylight,770,478,No,NoIntersection,Normal,NoCollision,A4 - PARIS PROVINCE,M,48.97679433193234,3.97655462162622
201800023585,Lethal,2018-09-09,02:10:00,NightNoStreetLight,770,382,No,NoIntersection,Normal,Other,Autoroute A140,M,48.88429931179984,2.88453723916294
201800023586,NonLethal,2018-10-18,15:15:00,Daylight,770,382,No,Other,Normal,2Vehicles-Side,autoroute A4 pk 40+300,M,48.884963114062,2.882283311820891
201800023587,NonLethal,2018-10-19,08:30:00,Daylight,770,235,No,NoIntersection,Normal,NoCollision,A4 - PROVINCE PARIS,M,48.99085246004239,3.9894328183808256
201800023590,NonLethal,2018-08-31,15:10:00,Daylight,810,147,No,NoIntersection,Normal,2Vehicles-Behind,D612,M,43.80384256916408,2.8036302403825157
201800023591,NonLethal,2018-09-04,14:20:00,Daylight,810,88,No,X-type,Normal,2Vehicles-Side,D41,M,43.82809775821249,2.82786405539145
201800023594,NonLethal,2018-09-26,21:20:00,NightNoStreetLight,810,260,No,NoIntersection,Normal,Other,RD86,M,43.78303718503598,2.7831076966489428
201800023595,NonLethal,2018-10-15,08:10:00,TwilightOrDawn,810,284,No,NoIntersection,HeavyRain,3+Vehicles-Chain,RN88,M,43.918057041335565,2.9168816791388283
201800023596,Lethal,2018-01-19,16:45:00,TwilightOrDawn,810,10,No,NoIntersection,LightRain,Other,Lieu dit Poun,M,43.94251122861506,2.940648591113238
201800023597,NonLethal,2018-02-04,19:00:00,NightNoStreetLight,810,295,No,NoIntersection,Overcast,Other,RD 81 -,M,43.8213822363192,2.821483613391176
201800023598,Lethal,2018-02-18,20:50:00,NightNoStreetLight,810,10,No,NoIntersection,Normal,NoCollision,RD 172,M,43.93598767143053,2.9351683117282854
201800023599,NonLethal,2018-02-04,15:20:00,Daylight,810,10,No,NoIntersection,Normal,Other,lieu dit les estrets,M,43.9516106362393,2.950126272657952
201800023600,NonLethal,2018-04-08,00:20:00,NightNoStreetLight,810,190,No,NoIntersection,Normal,NoCollision,D74 - PK 16,M,43.867951531557104,2.868004374131824
201800023601,NonLethal,2018-06-10,11:00:00,Daylight,810,97,Yes,NoIntersection,Normal,2Vehicles-Side,RD 81,M,43.8838716244796,2.88399312764875
201800023602,NonLethal,2018-09-29,08:45:00,Daylight,810,3,No,NoIntersection,Normal,Other,Chemin de Serre - GR 32,M,43.89775684263242,2.899948324582103
201800023603,NonLethal,2018-01-03,15:30:00,Daylight,810,78,No,NoIntersection,StrongWindOrStorm,Other,D84,M,43.6741017992847,1.6743286920923226
201800023605,NonLethal,2018-06-27,21:45:00,TwilightOrDawn,810,258,No,NoIntersection,Normal,NoCollision,lieu dit foulquier,M,43.74227940700175,2.7422027292551943
201800023606,NonLethal,2018-08-15,21:55:00,NightNoStreetLight,810,311,No,NoIntersection,Normal,2Vehicles-Side,La Sagne,M,43.73867086469104,2.741361855325893
201800023607,Lethal,2018-08-22,18:48:00,Daylight,810,78,No,NoIntersection,Normal,Other,en causse - CD 84,M,43.677326943353286,1.6776719137009846
201800023608,NonLethal,2018-08-30,07:15:00,TwilightOrDawn,810,311,No,NoIntersection,Normal,Other,Départementale 92 / PK37,M,43.736000242536015,2.737862396932601
201800023609,NonLethal,2018-09-25,08:30:00,TwilightOrDawn,810,78,No,X-type,Normal,Other,intersection D84-D49,M,43.66276421296493,1.661302219892339
201800023610,NonLethal,2018-10-11,07:00:00,Daylight,810,258,No,NoIntersection,Other,NoCollision,Lieu-dit ''La Revelle'',M,43.75356712972075,2.7537409547980345
201800023611,NonLethal,2018-11-14,18:20:00,NightNoStreetLight,810,109,No,T-type,Normal,Other,RD83,M,43.66823602717416,2.668220890213493
201800023612,NonLethal,2018-11-24,13:00:00,Daylight,810,40,Yes,NoIntersection,Normal,2Vehicles-BehindVehicles-Frontal,GRAND RUE,M,43.71818078801391,2.720017992656256
201800023613,Lethal,2018-02-18,20:40:00,NightNoStreetLight,810,239,No,NoIntersection,LightRain,Other,lieu-dit Le Colombier,M,43.490648413352574,2.488250650308438
201800023614,NonLethal,2018-08-15,12:30:00,Daylight,810,238,Yes,NoIntersection,Normal,2Vehicles-BehindVehicles-Frontal,27 avenue de la méditerr,M,43.478755577779296,2.4777766849360794
201800023615,NonLethal,2018-12-29,00:20:00,NightNoStreetLight,810,36,No,NoIntersection,Normal,2Vehicles-Behind,RD 612 - lieu-dit trackt,M,43.49415741698858,2.493507399976655
201800023617,NonLethal,2018-01-22,12:19:00,Daylight,320,13,Yes,NoIntersection,Overcast,2Vehicles-Behind,"ll5, VICTOR HUGO (RUE)",M,43.651187889691926,5.650563520213207
201800023619,NonLethal,2018-02-02,18:12:00,TwilightOrDawn,320,13,Yes,NoIntersection,Normal,NoCollision,PAUL VALERY,M,43.66412512252265,5.6645813967002665
201800023621,NonLethal,2018-04-02,18:50:00,NightStreelightsOn,320,13,Yes,MoreThan4Branches,Normal,3+Vehicles-Multiple,CORPS FRANC POMMIES (AVE,M,43.633929312319445,5.632539598567721
201800023622,NonLethal,2018-02-13,01:20:00,NightStreelightsOn,320,13,Yes,NoIntersection,Normal,NoCollision,"73, SADI-CARNOT (BOULEVA",M,43.64540148242797,5.644177166707501
201800023623,NonLethal,2018-02-14,16:40:00,Daylight,320,13,Yes,T-type,LightRain,2Vehicles-Side,MONTAIGNE,M,43.6365164227038,5.636305946669622
201800023625,NonLethal,2018-12-04,08:40:00,Daylight,320,13,Yes,NoIntersection,Normal,Other,VICTOR HUGO (RUE),M,43.65008500021216,5.64923777950151
201800023626,NonLethal,2018-04-17,20:20:00,Daylight,320,13,Yes,NoIntersection,Normal,Other,SAMBRE ET MEUSE (AVENUE),M,43.64189421918535,5.640543557896326
201800023627,NonLethal,2018-04-28,14:25:00,Daylight,320,13,Yes,NoIntersection,Normal,2Vehicles-BehindVehicles-Frontal,ROQUELAURE (CHEMIN DE),M,43.66467690588102,5.665376168976663
201800023628,NonLethal,2018-05-02,22:30:00,NightStreelightsOn,320,13,Yes,NoIntersection,LightRain,2Vehicles-BehindVehicles-Frontal,AMIRAL BUGARD (RUE),M,43.637611803545504,5.63846683184135
201800023629,NonLethal,2018-03-05,16:40:00,Daylight,320,13,Yes,Square,LightRain,2Vehicles-Side,LIBERATION (PLACE DE LA),M,43.646592372133206,5.645305430817099
201800023632,NonLethal,2018-06-11,18:13:00,Daylight,320,13,Yes,NoIntersection,Overcast,2Vehicles-BehindVehicles-Frontal,JEANNE D'ALBRET,M,43.63370526331887,5.635667018680131
201800023633,NonLethal,2018-06-18,15:26:00,Daylight,320,13,No,NoIntersection,Normal,Other,AGEN (ROUTE D'),M,43.689465105348425,6.687618716586897
201800023634,NonLethal,2018-06-20,18:10:00,Daylight,320,13,Yes,NoIntersection,Normal,2Vehicles-BehindVehicles-Frontal,GENERAL DE GAULLE,M,43.647247969035504,5.647041827329163
201800023635,NonLethal,2018-06-24,20:32:00,Daylight,320,13,No,NoIntersection,Normal,NoCollision,TOUGEY (CHEMIN DE),M,43.64677623732025,5.64596156600448
201800023636,NonLethal,2018-06-29,16:18:00,Daylight,320,13,Yes,NoIntersection,Normal,NoCollision,HENRI IV,M,43.63730154507033,5.638534214786906
201800023637,NonLethal,2018-07-02,11:50:00,Daylight,320,13,Yes,NoIntersection,Overcast,2Vehicles-Side,LAGARRASIC (PONT),M,43.64434890261672,5.643585307923206
201800023639,NonLethal,2018-07-08,19:39:00,Daylight,320,13,Yes,T-type,Normal,2Vehicles-Side,QUATORZE JUILLET (PLACE,M,43.644618996135215,5.645208612645309
201800023640,NonLethal,2018-07-11,08:05:00,Daylight,320,13,Yes,NoIntersection,Normal,2Vehicles-Side,FEDERICO GARCIA LORCA,M,43.67156314241003,5.672239101217062
201800023641,NonLethal,2018-07-26,19:00:00,Daylight,320,13,Yes,NoIntersection,Normal,2Vehicles-Side,CORPS FRANC POMMIES (AVE,M,43.631413042028,5.631616201075506
201800023642,NonLethal,2018-08-10,11:15:00,Daylight,320,13,Yes,NoIntersection,Normal,NoCollision,PIERRE DE MONTESQUIOU (A,M,43.63590925434805,5.637021418942387
201800023643,NonLethal,2018-08-12,16:40:00,Daylight,320,13,No,NoIntersection,Normal,NoCollision,DURAN (ROUTE DE),M,43.65697343488622,5.657916543608141
201800023644,NonLethal,2018-08-15,18:50:00,Daylight,320,13,No,NoIntersection,Normal,NoCollision,TOULOUSE (ROUTE DE),M,43.65323080975529,6.652218361622941
201800023645,NonLethal,2018-08-19,12:19:00,Daylight,320,13,No,NoIntersection,Normal,NoCollision,PESSAN (ROUTE DE),M,43.63939753924997,5.641646122314715
201800023646,NonLethal,2018-01-09,18:10:00,Daylight,320,13,Yes,NoIntersection,Normal,Other,JEAN JAURES (AVENUE),M,43.66540542015014,5.664238558695735
201800023647,NonLethal,2018-12-09,19:25:00,Daylight,320,13,Yes,NoIntersection,Normal,2Vehicles-Side,ALSACE (AVENUE),M,43.64667618367255,5.647446344485126
201800023648,NonLethal,2018-09-24,15:30:00,Daylight,320,13,Yes,NoIntersection,Normal,2Vehicles-BehindVehicles-Frontal,ALLE DES ARTS,M,43.65086492070427,5.651530208902154
201800023649,NonLethal,2018-01-10,17:00:00,Daylight,320,13,Yes,NoIntersection,Normal,Other,JEAN DAVID (PLACE),M,43.65011284411994,5.646833302192469
201800023650,Lethal,2018-04-10,08:45:00,TwilightOrDawn,320,13,Yes,NoIntersection,Normal,Other,RIBERE (CHEMIN DE LA),M,43.628449685548574,5.628309092342932
201800023651,NonLethal,2018-10-10,10:05:00,Daylight,320,13,Yes,NoIntersection,Normal,2Vehicles-Side,ROUGET DE LISLE,M,43.645782485516136,5.646227591952658
201800023652,NonLethal,2018-06-11,20:10:00,NightStreelightsOn,320,13,Yes,T-type,LightRain,2Vehicles-Side,PREMIERE ARMEE FRANCAISE,M,43.649818554361225,5.650250994465909
201800023653,NonLethal,2018-11-16,14:32:00,Daylight,320,13,Yes,NoIntersection,Normal,2Vehicles-Behind,AGEN (ROUTE D'),M,43.66037632562235,5.664268820084014
201800023654,NonLethal,2018-11-24,17:20:00,TwilightOrDawn,320,13,Yes,T-type,Normal,Other,POUY,M,43.64729642297181,5.648376999984567
201800023656,NonLethal,2018-11-28,06:00:00,NightNoStreetLight,320,13,No,NoIntersection,Normal,Other,RN 21,M,43.62571254936816,5.625515713215447
201800023657,NonLethal,2018-11-28,10:30:00,Daylight,320,13,Yes,X-type,Normal,Other,CHATEAUDUN,M,43.65024038936208,5.650829888316556
201800023659,NonLethal,2018-01-12,21:44:00,NightStreelightsOn,320,13,Yes,NoIntersection,LightRain,NoCollision,ONZE NOVEMBRE,M,43.64123564870612,5.641649996678653
201800023661,NonLethal,2018-03-12,17:08:00,TwilightOrDawn,320,13,Yes,T-type,Normal,2Vehicles-Side,ONZE NOVEMBRE,M,43.641711684967,5.641733885739176
201800023662,NonLethal,2018-07-12,10:45:00,Daylight,320,13,Yes,NoIntersection,Normal,Other,YSER (AVENUE DE L'),M,43.64872358744272,5.650334587993751
201800023663,NonLethal,2018-12-13,17:49:00,NightStreelightsOn,320,13,Yes,X-type,LightRain,Other,PIERRE DE MONTESQUIOU (A,M,43.63709460800622,5.636766858446701
201800023664,NonLethal,2018-12-28,16:35:00,Daylight,320,13,Yes,T-type,Normal,2Vehicles-Side,PYRENEES (AVENUE DES),M,43.64589068411364,5.646310315761078
201800023665,NonLethal,2018-12-30,05:55:00,NightNoStreetLight,320,13,No,NoIntersection,Normal,NoCollision,GAOUERE (CHEMIN DE),M,43.62317869164048,5.622042379107954
201800023666,NonLethal,2018-06-01,17:30:00,NightStreelightsOn,570,177,Yes,NoIntersection,LightRain,Other,avenue du Général De Gau,M,48.81165319334095,6.812179115648773
201800023667,Lethal,2018-01-16,13:30:00,Daylight,570,177,Yes,NoIntersection,Overcast,Other,Rue de la 1ere division,M,48.81403346631088,6.814107247797012
201800023668,NonLethal,2018-01-29,18:09:00,NightNoStreetLight,570,11,No,NoIntersection,LightRain,Other,23 lieu dit cote des vig,M,48.94471032814588,6.945669720609558
201800023669,NonLethal,2018-02-13,06:17:00,TwilightOrDawn,570,255,No,NoIntersection,Normal,Other,Rue de GOSSELMING,M,48.78755263253752,7.786286768533926
201800023670,NonLethal,2018-02-15,11:41:00,Daylight,570,232,No,NoIntersection,LightRain,2Vehicles-BehindVehicles-Frontal,RD 22,M,48.96207940997714,6.962788494566981
201800023671,NonLethal,2018-02-17,20:30:00,NightNoStreetLight,570,394,No,NoIntersection,Other,2Vehicles-BehindVehicles-Frontal,RD 39,M,48.958820621195855,6.957905954070613
201800023672,NonLethal,2018-02-24,04:40:00,NightNoStreetLight,570,496,No,NoIntersection,Normal,Other,RD 28 - PK 28 + 700,M,48.91245242260968,6.910083827032327
201800023673,NonLethal,2018-03-02,16:20:00,Daylight,570,246,Yes,NoIntersection,SnowOrHail,2Vehicles-BehindVehicles-Frontal,60 rue de dieuze,M,48.76680232282731,6.764190434623083
201800023674,NonLethal,2018-12-04,20:30:00,TwilightOrDawn,570,60,No,NoIntersection,Normal,Other,RD27 - PK10+500,M,48.90751147277782,6.908938123649324
201800023675,NonLethal,2018-05-26,10:30:00,Daylight,570,177,Yes,NoIntersection,Normal,2Vehicles-Side,Promenade du canal,M,48.815180892249074,6.814844167286164
201800023676,NonLethal,2018-07-06,23:36:00,NightNoStreetLight,570,11,No,NoIntersection,Normal,Other,RD 39,M,48.92823153238574,6.926812323321913
201800023677,NonLethal,2018-09-06,18:00:00,Daylight,570,469,No,NoIntersection,Normal,NoCollision,RD 38,M,48.85589732422689,6.856953072750471
201800023678,NonLethal,2018-06-30,04:37:00,TwilightOrDawn,570,711,Yes,NoIntersection,Normal,Other,9 R DE LA FERME SAINTE,M,48.93397504539896,6.9359458572461685
201800023679,NonLethal,2018-07-17,17:27:00,Daylight,570,161,No,X-type,VeryGood,2Vehicles-Side,D38/D27,M,48.841630670733416,6.839761795937372
201800023681,NonLethal,2018-08-12,21:32:00,NightNoStreetLight,570,434,No,NoIntersection,Normal,3+Vehicles-Multiple,RD 955 PK 69+690,M,48.70692256972106,6.708091947637321
201800023682,NonLethal,2018-08-21,13:48:00,Daylight,570,177,No,NoIntersection,Normal,2Vehicles-Behind,D 38,M,48.833068603877024,6.832692007214978
201800023683,NonLethal,2018-12-18,20:30:00,NightNoStreetLight,570,418,No,NoIntersection,Normal,NoCollision,RD92 PK3+350,M,48.87092303874817,6.870864207460849
201800023684,Lethal,2018-01-04,03:06:00,NightNoStreetLight,210,638,No,NoIntersection,LightRain,2Vehicles-Behind,Autoroute A 31 PK 71+300,M,47.51652088364615,5.515704670018288
201800023685,NonLethal,2018-05-02,07:49:00,Daylight,210,609,No,Other,Normal,2Vehicles-Behind,A 39 - PK 21+200,M,47.21114298334881,5.210761407146693
201800023686,NonLethal,2018-06-24,05:00:00,TwilightOrDawn,210,21,No,NoIntersection,Normal,2Vehicles-Side,A31,M,47.3347362611912,5.336165396799131
201800023689,NonLethal,2018-11-30,17:30:00,NightNoStreetLight,210,105,No,NoIntersection,Normal,3+Vehicles-Multiple,A31,M,47.31063675314705,5.307740537366911
201800023690,NonLethal,2018-12-14,23:33:00,NightNoStreetLight,210,599,No,NoIntersection,Normal,3+Vehicles-Chain,A31,M,47.60550669916517,5.605955388469994
201800023691,NonLethal,2018-05-18,13:20:00,Daylight,760,541,No,NoIntersection,Normal,Other,A150,M,49.51962837751877,9.520351344322275
201800023694,NonLethal,2018-03-22,11:00:00,Daylight,310,44,Yes,Roundabout,Normal,2Vehicles-Side,RN126 route de Castres,M,43.59223351361227,1.591956584025679
201800023695,Lethal,2018-04-02,22:25:00,NightNoStreetLight,310,445,Yes,NoIntersection,Normal,Other,RD 18,M,43.573827382509,1.5752287706432475
201800023696,NonLethal,2018-03-04,09:15:00,Daylight,310,44,Yes,T-type,Normal,2Vehicles-Side,Avenue Georges Pompidou,M,43.62640014239893,1.6276601094753091
201800023697,NonLethal,2018-04-06,18:05:00,Daylight,310,44,Yes,Roundabout,Normal,NoCollision,rond point de Lagarde,M,43.6048656608469,1.6047293267839715
201800023698,NonLethal,2018-06-04,11:55:00,Daylight,310,44,Yes,Other,VeryGood,2Vehicles-Side,74 route de castres,M,43.60385463830626,1.6050341759016549
201800023701,NonLethal,2018-07-23,08:45:00,Daylight,310,44,Yes,Roundabout,VeryGood,NoCollision,Rond point des aérostier,M,43.607461329234894,1.6086256839224609
201800023702,NonLethal,2018-07-25,13:45:00,Daylight,310,573,No,NoIntersection,Normal,Other,D112,M,43.66368665889577,1.6642201062814015
201800023703,NonLethal,2018-09-27,03:55:00,NightStreelightsOn,310,512,Yes,NoIntersection,Normal,Other,24 AVENUE de Toulouse,M,43.56902972198568,1.5707811749546894
201800023704,NonLethal,2018-11-10,07:00:00,NightStreelightsOff,310,445,Yes,NoIntersection,Normal,2Vehicles-BehindVehicles-Frontal,13 rue des tournesols,M,43.58228086511184,1.5842221530567249
201800023705,NonLethal,2018-11-22,08:00:00,TwilightOrDawn,310,184,No,NoIntersection,VeryGood,2Vehicles-BehindVehicles-Frontal,chemin de lancefoc,M,43.61166446646916,1.6100856998943291
201800023706,NonLethal,2018-03-16,00:25:00,NightNoStreetLight,310,547,No,NoIntersection,Normal,NoCollision,710 chemin de Vallesvill,M,43.49890281521004,1.4995847297992284
201800023708,NonLethal,2018-06-03,06:20:00,NightStreelightsOff,310,454,No,NoIntersection,Normal,NoCollision,D83,M,43.3861494515193,1.387874528983095
201800023709,NonLethal,2018-04-18,16:45:00,Daylight,310,547,No,NoIntersection,Normal,2Vehicles-Side,1690 route de saint-lys,M,43.50103680707841,1.5010428443692216
201800023711,Lethal,2018-09-30,17:25:00,Daylight,310,423,No,NoIntersection,Normal,2Vehicles-BehindVehicles-Frontal,D3,M,43.40237075182755,1.4029694419196077
201800023712,NonLethal,2018-10-25,17:25:00,Daylight,310,435,No,NoIntersection,Normal,2Vehicles-Side,D3,M,43.43336332704343,1.4315434705614152
201800023713,NonLethal,2018-11-10,08:30:00,Daylight,310,547,Yes,Roundabout,Normal,2Vehicles-Side,route de Muret,M,43.48959685891945,1.4878842946120714
201800023714,NonLethal,2018-11-19,10:20:00,Daylight,310,454,Yes,NoIntersection,Normal,2Vehicles-Side,route de Poucharramet -,M,43.4119105210505,1.4118229320671505
201800023715,NonLethal,2018-02-19,19:55:00,NightNoStreetLight,310,25,No,NoIntersection,LightRain,Other,D 35,M,43.47229206502115,1.4731785219010125
201800023716,NonLethal,2018-06-23,16:00:00,Daylight,310,446,Yes,NoIntersection,Normal,2Vehicles-Side,AVENUE DE SUISSE,M,43.53061175421679,1.5312478760272257
201800023717,NonLethal,2018-08-20,19:00:00,TwilightOrDawn,310,446,Yes,NoIntersection,Normal,2Vehicles-Side,D813 face à l'éthique ve,M,43.54615357218449,1.5465343193994403
201800023718,NonLethal,2018-07-10,13:10:00,Daylight,310,446,Yes,NoIntersection,LightRain,Other,avenue de suisse,M,43.53625917108793,1.5373445315213503
201800023719,NonLethal,2018-01-13,12:15:00,Daylight,420,69,Yes,NoIntersection,Normal,2Vehicles-BehindVehicles-Frontal,449 rue du 11 Novembre,M,46.004740530249,4.003032068408165