AccidentId,Gravity,Date,Hour,Light,Department,Commune,InAgglomeration,IntersectionType,Weather,CollisionType,PostalAddress,GPSCode,Latitude,Longitude
201800023720,NonLethal,2018-01-26,17:30:00,NightNoStreetLight,420,331,No,NoIntersection,LightRain,2Vehicles-Side,LE BOUCHET,M,45.96115521989302,3.961729013536576
201800023721,NonLethal,2018-02-15,17:15:00,Daylight,420,74,No,NoIntersection,LightRain,NoCollision,RD 57,M,46.07903029636591,4.081403309807355
201800023722,NonLethal,2018-03-15,08:45:00,Daylight,420,120,Yes,NoIntersection,HeavyRain,NoCollision,lieu dit LE PONT - D53,M,45.98368889818244,3.984583535590944
201800023723,NonLethal,2018-03-21,18:00:00,Daylight,420,120,No,X-type,Normal,3+Vehicles-Multiple,les Olmes,M,45.99113512667085,3.992209499683704
201800023724,NonLethal,2018-04-24,13:50:00,Daylight,420,162,Yes,NoIntersection,Normal,3+Vehicles-Multiple,Route de Lentigny,M,46.01526993941368,3.0130875775508863
201800023725,NonLethal,2018-11-05,15:30:00,Daylight,420,332,Yes,NoIntersection,Normal,2Vehicles-BehindVehicles-Frontal,919 rue Jean Moulin,M,45.99356234517006,4.993539517045194
201800023727,NonLethal,2018-05-20,16:00:00,Daylight,420,166,No,NoIntersection,Normal,NoCollision,rue de la maladière,M,46.00139508963821,4.001761769349147
201800023728,NonLethal,2018-07-10,17:50:00,Daylight,420,331,No,NoIntersection,Normal,2Vehicles-BehindVehicles-Frontal,RD 53,M,45.96577791987997,3.964789699160138
201800023729,NonLethal,2018-08-21,20:00:00,TwilightOrDawn,420,68,No,X-type,Normal,2Vehicles-BehindVehicles-Frontal,RD504,M,46.0324690674777,4.032752889023877
201800023730,NonLethal,2018-10-09,17:15:00,Daylight,420,332,No,NoIntersection,VeryGood,2Vehicles-Side,2646 route de villemonta,M,46.00909638201816,4.009112227410164
201800023732,NonLethal,2018-10-17,16:50:00,Daylight,420,338,No,X-type,Normal,2Vehicles-BehindVehicles-Frontal,lieu dit bas Jarret,M,46.07370535019939,4.073206513834846
201800023733,NonLethal,2018-11-15,23:30:00,NightNoStreetLight,420,338,No,NoIntersection,FogOrSmoke,Other,Rue de Perreux,M,46.09260443925866,4.092939067416564
201800023734,Lethal,2018-12-06,19:45:00,NightNoStreetLight,420,166,No,NoIntersection,Normal,2Vehicles-Behind,D207,M,45.99885246239722,4.99604790709096
201800023735,NonLethal,2018-02-14,17:00:00,Daylight,840,137,Yes,X-type,Normal,NoCollision,avenue Saint Quenin,M,44.245572113552086,5.242949500614537
201800023736,NonLethal,2018-02-24,00:55:00,NightNoStreetLight,840,69,No,NoIntersection,Normal,Other,Route départementale 938,M,44.18615079146168,5.185655951810972
201800023737,NonLethal,2018-04-19,18:45:00,Daylight,840,69,Yes,Y-type,Normal,Other,quartier lacanaud,M,44.186013296549525,5.187139026776591
201800023738,NonLethal,2018-04-30,17:51:00,Daylight,840,8,No,NoIntersection,Normal,2Vehicles-Behind,D 90,M,44.17821693075451,5.177498060308141
201800023740,Lethal,2018-05-31,16:00:00,Daylight,840,8,No,NoIntersection,Normal,NoCollision,D19,M,44.14716848635703,5.14623831814754
201800023742,NonLethal,2018-06-14,14:10:00,Daylight,840,15,No,NoIntersection,Normal,2Vehicles-BehindVehicles-Frontal,D974 - PK 49+500,M,44.17164067761018,5.173342037424272
201800023743,NonLethal,2018-07-26,10:30:00,Daylight,840,116,No,Other,Normal,2Vehicles-Side,rd 938,M,44.25912934269699,5.256870784814665
201800023745,NonLethal,2018-12-31,15:00:00,Daylight,310,282,Yes,NoIntersection,Normal,Other,l03 route de Fonbeauzard,M,43.68416185102615,1.6856701478913747
201800023746,NonLethal,2018-01-20,18:40:00,NightStreelightsOn,310,467,Yes,NoIntersection,LightRain,2Vehicles-Side,Route de VILLEMUR,M,43.69012918781103,1.691852861944505
201800023747,NonLethal,2018-01-25,00:01:00,NightStreelightsOn,310,22,Yes,T-type,Normal,2Vehicles-Side,chemin de lespinasse,M,43.677051138262016,1.675624877224833
201800023748,NonLethal,2018-03-08,18:04:00,TwilightOrDawn,310,467,Yes,Roundabout,VeryGood,2Vehicles-Side,intersection D904B et Av,M,43.716518321108445,1.7166306279695722
201800023749,NonLethal,2018-04-24,17:00:00,Daylight,310,467,Yes,Y-type,Normal,2Vehicles-Side,rue Bernard Amiel,M,43.69299199821264,1.6915563452692954
201800023750,NonLethal,2018-11-05,07:00:00,Daylight,310,116,Yes,Roundabout,VeryGood,2Vehicles-Behind,67 route de bessieres,M,43.69410434709668,1.694548641543708
201800023751,NonLethal,2018-12-05,10:10:00,Daylight,310,116,Yes,Roundabout,Normal,Other,Rue Malconseil,M,43.69655995185605,1.6921309625664651
201800023752,NonLethal,2018-06-25,13:00:00,Daylight,310,116,Yes,NoIntersection,Normal,2Vehicles-Behind,rue bordettes,M,43.69644238063356,1.6952764802349227
201800023753,NonLethal,2018-02-07,11:45:00,Daylight,310,116,Yes,NoIntersection,Normal,Other,56 chemin de buffebiau,M,43.68851727058864,1.687353721482176
201800023754,NonLethal,2018-07-13,07:15:00,Daylight,310,186,Yes,Roundabout,Normal,NoCollision,route de bessieres,M,,
201800023755,NonLethal,2018-07-29,17:30:00,Daylight,310,22,Yes,NoIntersection,Normal,3+Vehicles-Multiple,54 route de Fronton,M,43.66959239716473,1.6689970685866504
201800023756,NonLethal,2018-09-27,12:45:00,Daylight,310,467,Yes,NoIntersection,Normal,Other,32 avenue de Villemur,M,43.688510791551394,1.6896255940015468
201800023757,NonLethal,2018-05-10,08:00:00,TwilightOrDawn,310,282,Yes,NoIntersection,Normal,2Vehicles-BehindVehicles-Frontal,chemin de la palanque,M,43.66384202137642,1.6647831158328807
201800023758,NonLethal,2018-04-10,20:52:00,NightStreelightsOff,310,484,No,NoIntersection,Normal,2Vehicles-BehindVehicles-Frontal,D61,M,43.68256698324057,1.6822506557258023
201800023759,NonLethal,2018-10-19,21:15:00,NightStreelightsOn,310,22,Yes,NoIntersection,Normal,2Vehicles-BehindVehicles-Frontal,27 CHEMIN DES BOURDETTES,M,43.67196976267141,1.6695308813525342
201800023761,NonLethal,2018-11-13,07:10:00,NightNoStreetLight,310,467,Yes,NoIntersection,Normal,2Vehicles-Behind,rue du terroir,M,43.700534392382686,1.699970885579584
201800023763,NonLethal,2018-01-27,01:40:00,NightNoStreetLight,760,54,No,NoIntersection,Normal,NoCollision,d 149,M,49.91228107002368,1.910040008894364
201800023764,Lethal,2018-03-13,12:20:00,Daylight,760,392,Yes,Y-type,Normal,Other,rue des canadiens,M,49.82799537279143,1.828203015513266
201800023765,NonLethal,2018-06-06,15:15:00,Daylight,760,624,Yes,T-type,Normal,2Vehicles-Side,rue édouard canevel,M,49.881664616849775,1.8820322370559035
201800023766,NonLethal,2018-06-29,17:30:00,Daylight,760,392,Yes,NoIntersection,Normal,Other,rue du Général Leclerc,M,49.832692815931,1.833240007021904
201800023767,NonLethal,2018-09-21,17:30:00,Daylight,760,54,No,NoIntersection,Normal,NoCollision,Route départementale 149,M,49.90959755190601,1.909017583160605
201800023768,NonLethal,2018-11-23,07:45:00,NightStreelightsOn,760,235,Yes,T-type,FogOrSmoke,Other,RUE DES CANADIENS,M,49.89717915882435,1.8965312708290765
201800023769,NonLethal,2018-08-12,17:00:00,NightNoStreetLight,760,677,No,NoIntersection,HeavyRain,2Vehicles-BehindVehicles-Frontal,ROUTE DE DIEPPE - D920,M,49.83548112600946,1.835058247882878
201800023770,NonLethal,2018-01-08,18:45:00,NightNoStreetLight,410,276,No,NoIntersection,Normal,Other,route de chauteaudun,M,47.63230561397755,1.631871930574855
201800023771,NonLethal,2018-04-20,17:40:00,Daylight,410,276,Yes,NoIntersection,Normal,2Vehicles-Side,rue maurice pasquier,M,47.62236258713749,1.6221004527901046
201800023772,NonLethal,2018-06-28,20:30:00,Daylight,410,40,No,NoIntersection,Normal,2Vehicles-Side,D957,M,47.6658968847677,1.6661824759610842
201800023773,NonLethal,2018-07-08,17:40:00,Daylight,410,33,No,NoIntersection,Normal,2Vehicles-Behind,Route départementale n°4,M,47.55989819581845,1.5595168569703206
201800023774,Lethal,2018-07-13,17:30:00,Daylight,410,128,No,NoIntersection,Normal,3+Vehicles-Multiple,RD 924,M,47.65678459343352,1.658563901536578
201800023775,NonLethal,2018-07-20,00:20:00,NightNoStreetLight,410,128,No,NoIntersection,HeavyRain,Other,Lieu-dit Villemalard,M,47.63381112431472,1.6342349032141543
201800023777,NonLethal,2018-08-09,17:15:00,Daylight,410,55,Yes,NoIntersection,Normal,NoCollision,Les sables,M,47.52484408633945,1.5245622722766847
201800023778,NonLethal,2018-08-28,18:05:00,Daylight,410,55,No,NoIntersection,VeryGood,2Vehicles-Side,Allée de coulanges,M,47.55343329522544,1.5516248676096218
201800023779,NonLethal,2018-10-09,16:50:00,Daylight,410,189,No,NoIntersection,Normal,NoCollision,D751 PR54+635,M,47.46791099498697,1.467702020874638
201800023780,NonLethal,2018-09-07,15:45:00,Daylight,410,167,Yes,NoIntersection,Normal,2Vehicles-BehindVehicles-Frontal,rue de l'écrevissière,M,47.462674061571626,1.4629822912734365
201800023781,NonLethal,2018-06-10,10:45:00,Daylight,410,101,Yes,Roundabout,Normal,2Vehicles-Side,Rond-point de la Valstiè,M,47.60701532153221,1.6070753713076276
201800023782,NonLethal,2018-06-10,20:00:00,NightNoStreetLight,410,9,No,NoIntersection,LightRain,2Vehicles-Behind,route de Chateaudun,M,47.68629568779796,1.6872838682414957
201800023783,NonLethal,2018-10-10,07:45:00,TwilightOrDawn,410,234,No,NoIntersection,Normal,Other,D155,M,47.56400583846485,1.5627071232455052
201800023784,NonLethal,2018-12-13,12:30:00,Daylight,410,167,No,NoIntersection,Normal,NoCollision,Route départemental 952,M,47.48485850587434,1.4871192963933575
201800023786,NonLethal,2018-02-26,07:40:00,TwilightOrDawn,360,228,No,NoIntersection,Normal,Other,,M,47.17746347991847,1.177844019158535
201800023787,NonLethal,2018-12-03,13:15:00,Daylight,360,228,Yes,NoIntersection,Normal,2Vehicles-BehindVehicles-Frontal,12 ROUTE DE CHATEAUROUX,M,47.14486722275721,1.1444094994936325
201800023788,Lethal,2018-04-15,10:00:00,Daylight,360,191,No,NoIntersection,Normal,2Vehicles-BehindVehicles-Frontal,LIEU-DIT LE BUISSON,M,47.097879414262486,1.0974576740010749
201800023789,NonLethal,2018-10-25,07:50:00,NightNoStreetLight,360,79,No,X-type,Normal,2Vehicles-Side,,M,46.95091373002363,1.951620857523927
201800023790,Lethal,2018-02-11,15:15:00,Daylight,360,230,Yes,NoIntersection,Normal,2Vehicles-Behind,RUE DE LA REPUBLIQUE,M,47.07006051801695,1.0679010814139192
201800023791,NonLethal,2018-12-09,10:00:00,Daylight,360,34,Yes,NoIntersection,Normal,Other,5 place de l'église,M,47.256349005921855,1.2542610500048774
201800023793,NonLethal,2018-01-10,18:15:00,NightStreelightsOn,330,529,Yes,T-type,Normal,2Vehicles-Side,AV EUROPE/R. CURIE,M,44.61698966300454,-0.6168162382851131
201800023794,NonLethal,2018-09-01,17:25:00,TwilightOrDawn,330,529,Yes,X-type,Normal,Other,R. 14 juillet/R. DIGNAC,M,44.63251198312257,-0.6328172411201984
201800023795,NonLethal,2018-04-22,15:30:00,Daylight,330,529,Yes,NoIntersection,Normal,2Vehicles-BehindVehicles-Frontal,rue Lagrua,M,44.6439348553736,-0.6426379410064711
201800023796,Lethal,2018-05-11,15:15:00,Daylight,330,529,No,Other,Normal,2Vehicles-Side,RD1250 PR45+742réel.,M,44.634819753718354,-0.633475343593877
201800023797,NonLethal,2018-06-13,15:20:00,Daylight,330,529,Yes,Other,Normal,Other,rue Lagrua.,M,44.63783852241521,-0.638498067190847
201800023799,NonLethal,2018-06-26,16:55:00,Daylight,330,529,No,T-type,Normal,2Vehicles-Side,RD218/ACCES PLAGE LAGUNE,M,44.54816094127869,-0.5479496483221795
201800023800,NonLethal,2018-07-21,14:00:00,Daylight,330,9,Yes,X-type,Normal,2Vehicles-Side,R.DOUSSY / R.LIBERATION.,M,44.6534810631032,-0.6506280626320157
201800023801,Lethal,2018-02-08,22:50:00,NightNoStreetLight,330,529,No,NoIntersection,Normal,Other,D218 PR 12+585,M,44.57088613479817,-0.5721580885807911
201800023802,NonLethal,2018-08-03,20:10:00,Daylight,330,529,No,NoIntersection,Normal,2Vehicles-Side,D217,M,44.63413914604194,-0.6328034112507707
201800023803,NonLethal,2018-08-05,11:45:00,Daylight,330,9,Yes,Y-type,Normal,2Vehicles-Side,D218/All des TILLEULS,M,44.64590345315948,-0.6449891048396407
201800023804,Lethal,2018-08-25,06:35:00,NightStreelightsOn,330,529,Yes,NoIntersection,Normal,Other,PYLA (BD DU) 3+035 réel,M,44.63151379078416,-0.6355256019110288
201800023805,NonLethal,2018-02-09,20:05:00,Daylight,330,529,Yes,T-type,Normal,2Vehicles-Side,PRES SALES (RUE DES),M,44.63634807272833,-0.6381265956754334
201800023806,NonLethal,2018-12-09,20:05:00,TwilightOrDawn,330,529,Yes,X-type,Normal,Other,BRAOUET (RUE DE),M,44.62778665055449,-0.6287679401326577
201800023807,NonLethal,2018-09-24,09:40:00,Daylight,330,9,Yes,T-type,VeryGood,Other,DESBIEY/TASSIGNY,M,44.66026485542419,-0.6608865222955611
201800023808,NonLethal,2018-09-11,11:50:00,Daylight,330,529,No,T-type,Normal,2Vehicles-Behind,D112 / Piste 214  bis,M,44.58856721195122,-0.5879480086356744
201800023809,NonLethal,2018-11-30,06:50:00,NightNoStreetLight,330,529,No,NoIntersection,Normal,2Vehicles-BehindVehicles-Frontal,D1250 (Camicas-Dune),M,44.64390926386581,-0.6447964650871737
201800023810,NonLethal,2018-08-01,07:50:00,TwilightOrDawn,740,191,Yes,NoIntersection,Normal,NoCollision,1440 RTE GRANDES ALPES,M,46.19289157083522,6.193625073959684
201800023811,NonLethal,2018-01-17,14:00:00,Daylight,740,191,Yes,NoIntersection,SnowOrHail,Other,Taille de mas du pleney,M,46.17990474268056,6.180282851753264
201800023812,NonLethal,2018-01-23,18:00:00,NightStreelightsOn,740,191,Yes,Other,Normal,Other,Joux/Taille mas Verjus,M,46.18014945356062,6.180771232612637
201800023813,NonLethal,2018-01-28,02:15:00,NightStreelightsOn,740,34,Yes,NoIntersection,Normal,Other,"route du chef lieu, D32",M,46.27260029700757,6.2744579078476175
201800023814,Lethal,2018-02-21,20:00:00,NightStreelightsOn,740,191,Yes,NoIntersection,Normal,Other,575 A route de la plagne,M,46.18882926036532,6.187274670005618
201800023815,NonLethal,2018-10-03,10:45:00,Daylight,740,191,No,NoIntersection,HeavyRain,3+Vehicles-Chain,route des grandes alpes,M,46.19065155693715,6.188968648578673
201800023817,NonLethal,2018-04-20,17:55:00,Daylight,740,188,No,NoIntersection,VeryGood,Other,D 228,M,46.20963651326797,6.211039489471157
201800023818,NonLethal,2018-04-30,23:10:00,NightNoStreetLight,740,191,Yes,NoIntersection,HeavyRain,NoCollision,route d'avoriaz,M,46.18553858875099,6.185745825413804
201800023819,NonLethal,2018-06-02,12:45:00,Daylight,740,295,No,T-type,Normal,Other,D 902,M,46.31643878575307,6.31600948198542
201800023820,NonLethal,2018-06-10,11:30:00,Daylight,740,34,No,NoIntersection,Normal,NoCollision,D902,M,46.2560639657777,6.258076847843206
201800023822,NonLethal,2018-08-16,11:20:00,Daylight,740,188,No,NoIntersection,Normal,NoCollision,D228,M,46.212575532881054,6.21175081654355
201800023824,NonLethal,2018-10-20,13:50:00,Daylight,740,238,No,NoIntersection,Normal,NoCollision,D 902,M,46.22757407209328,6.229318662044605
201800023825,NonLethal,2018-10-25,19:30:00,NightNoStreetLight,740,191,No,NoIntersection,Normal,Other,d338 - route d'avoriaz,M,46.189754435587794,6.189221142821872
201800023827,NonLethal,2018-01-05,17:00:00,NightNoStreetLight,330,63,Yes,X-type,Normal,Other,VL:CHEVERUS>PEYBERLAND,M,44.837959159340286,-0.8389729701173746
201800023828,NonLethal,2018-12-27,15:50:00,Daylight,330,318,Yes,NoIntersection,Normal,2Vehicles-BehindVehicles-Frontal,AVE ANTOINE BECQUEREL,M,44.7867952413054,-0.7887875256581118
201800023829,NonLethal,2018-05-01,13:45:00,Daylight,330,63,Yes,X-type,LightRain,2Vehicles-Side,VL>SEGUEY/MOTO>LONCHAMPS,M,44.85242253967471,-0.8533427534446967
201800023830,NonLethal,2018-01-08,16:35:00,Daylight,330,63,Yes,T-type,Normal,Other,VL>BXCTRE/PIET>N°PAIRS,M,44.86179713940484,-0.8630427594484188
201800023831,NonLethal,2018-01-01,03:45:00,NightStreelightsOff,330,200,Yes,NoIntersection,Normal,Other,VL>STMEDRD/PIET>N°IMPAIR,M,44.87181866995931,-0.8703158708111272
201800023832,NonLethal,2018-09-01,11:30:00,Daylight,330,63,Yes,X-type,Normal,2Vehicles-Side,2RM>MARNE/VL>BIGOT,M,44.8315243875876,-0.8313710485865875
201800023833,NonLethal,2018-01-10,13:20:00,Daylight,330,281,Yes,NoIntersection,Normal,2Vehicles-BehindVehicles-Frontal,AVE PRESIDENT J.F. KENNE,M,44.83575105799795,-0.8355072244523091
201800023834,NonLethal,2018-12-22,01:20:00,NightStreelightsOn,330,13,Yes,X-type,LightRain,2Vehicles-Behind,N89/ N230 éch26 bret ext,M,44.86874156349494,-0.8690630688400088
201800023835,NonLethal,2018-01-14,02:55:00,NightStreelightsOn,330,63,Yes,Roundabout,LightRain,Other,VL:RDPTPEUGUE>BOULEVARDS,M,44.82924103860148,-0.8285038416843982
201800023836,NonLethal,2018-01-15,16:50:00,Daylight,330,63,Yes,X-type,LightRain,2Vehicles-BehindVehicles-Frontal,RUE CARLE VERNET,M,44.82077212649994,-0.8199553514231299
201800023837,NonLethal,2018-01-18,18:30:00,NightStreelightsOn,330,522,Yes,X-type,LightRain,2Vehicles-Side,VLAFAURE>RONSARD/VLB>BDS,M,44.79539863307493,-0.7982119108827148
201800023838,NonLethal,2018-01-12,17:00:00,Daylight,330,39,Yes,T-type,Normal,Other,RUE LEON GAMBETTA,M,44.80849543750743,-0.8065281492879666
201800023839,NonLethal,2018-01-20,05:15:00,NightStreelightsOn,330,63,Yes,NoIntersection,LightRain,Other,QUAI LOUIS XVIII,M,44.84820269569129,-0.8468678480638928
201800023840,NonLethal,2018-09-13,03:15:00,NightStreelightsOn,330,63,Yes,T-type,Normal,2Vehicles-Side,CRS DE L'ARGONNE,M,44.826230065899246,-0.8252249340905232
201800023841,NonLethal,2018-01-19,16:35:00,Daylight,330,63,Yes,Roundabout,LightRain,2Vehicles-Side,2RM>TALENCE/VL>PESSAC,M,44.82000541185749,-0.8170326456346375
201800023842,NonLethal,2018-01-22,07:50:00,NightStreelightsOn,330,63,Yes,NoIntersection,Normal,2Vehicles-Behind,face 175 Av.Gal Leclerc,M,44.85513002520943,-0.8545476217790617
201800023843,NonLethal,2018-01-23,07:45:00,NightStreelightsOn,330,63,Yes,T-type,LightRain,Other,VLA:GODARD>EUROPE,M,44.8576472288489,-0.8576379486056522
201800023844,NonLethal,2018-01-23,09:30:00,Daylight,330,162,Yes,X-type,Normal,2Vehicles-Side,AVE DU MEDOC,M,44.88117685610614,-0.8836910695196594
201800023845,NonLethal,2018-01-26,14:00:00,Daylight,330,63,Yes,X-type,Normal,Other,BERLAND (PCE PEY),M,44.83666427189692,-0.83698540287189
201800023846,NonLethal,2018-02-01,12:55:00,Daylight,330,318,Yes,NoIntersection,Normal,2Vehicles-BehindVehicles-Frontal,AVE DU GENERAL LECLERC,M,44.79037448970729,-0.7896667777924322
201800023847,NonLethal,2018-02-06,07:37:00,TwilightOrDawn,330,39,Yes,X-type,Normal,2Vehicles-Side,TRAM>BDJJBOSC/VL>TILLEUL,M,44.8131177277746,-0.8130366590902833
201800023848,NonLethal,2018-03-02,19:45:00,NightStreelightsOn,330,63,Yes,X-type,LightRain,Other,VL>DORMOY/PIET>LAFONTAIN,M,44.82851470510002,-0.8286908759597519
201800023849,NonLethal,2018-02-06,10:40:00,Daylight,330,63,Yes,NoIntersection,Normal,2Vehicles-Side,VL&MOTO>CRS A.BRIAND,M,44.83263171495215,-0.8331460625081275
201800023850,NonLethal,2018-02-04,07:25:00,NightStreelightsOff,330,63,Yes,NoIntersection,Normal,2Vehicles-Behind,2VL:CENON>LORMONT,M,44.857943805443206,-0.8559913913861195
201800023851,NonLethal,2018-02-01,08:45:00,Daylight,330,63,Yes,Roundabout,Normal,Other,BB DANEY/R BOUGAINVILLE,M,44.87162720490087,-0.8716023079904825
201800023853,NonLethal,2018-01-02,17:30:00,TwilightOrDawn,330,192,Yes,Roundabout,LightRain,2Vehicles-Side,RTE CANEJAN/AVE POTERIE.,M,44.76931271178508,-0.7705056111923738
201800023854,NonLethal,2018-02-04,12:40:00,Daylight,330,281,Yes,Roundabout,Normal,2Vehicles-Behind,"47, AVE DE L'YSER",M,44.84092855218724,-0.8400610572571394
201800023855,NonLethal,2018-07-02,07:25:00,NightStreelightsOn,330,281,Yes,NoIntersection,Normal,Other,VL:LAURENTIDES>ROCADE,M,44.82464062664771,-0.8265328401906878
201800023856,NonLethal,2018-09-02,16:45:00,Daylight,330,192,Yes,T-type,Normal,Other,VL>LEOGNAN/PIET>N°PAIRS.,M,44.77902240380516,-0.7777203721759474
201800023857,Lethal,2018-12-02,17:10:00,Daylight,330,167,Yes,T-type,Normal,Other,20AVFRANCOIS MITTERRAND,M,44.82987758988646,-0.8311023962808559
201800023858,NonLethal,2018-02-13,11:40:00,Daylight,330,63,Yes,NoIntersection,LightRain,2Vehicles-Behind,QUAI DES QUEYRIES,M,44.85025326519852,-0.8497656265983222
201800023859,NonLethal,2018-02-14,12:45:00,Daylight,330,63,Yes,NoIntersection,HeavyRain,2Vehicles-Side,VLA>TOURNY/VLB>GAMBETTA,M,44.84533780912664,-0.8433777800885948
201800023860,NonLethal,2018-02-18,14:20:00,Daylight,330,63,Yes,T-type,LightRain,Other,"366, AVE THIERS",M,44.85229237382694,-0.8507076455047443
201800023861,NonLethal,2018-12-02,11:50:00,Daylight,330,249,Yes,NoIntersection,Normal,Other,MOTOCROSSPIWI>FRRABELAIS,M,44.869224140187086,-0.8725750497898759
201800023863,NonLethal,2018-02-22,06:25:00,NightStreelightsOn,330,63,Yes,X-type,Normal,2Vehicles-BehindVehicles-Frontal,"1, QUAI DE PALUDATE",M,44.833763449714986,-0.830523594613624
201800023864,NonLethal,2018-02-21,15:00:00,Daylight,330,63,Yes,X-type,Normal,2Vehicles-Side,MOTO>POMPIDOU/VL>RAVEZIE,M,44.83318804712655,-0.8326980159171208
201800023865,NonLethal,2018-02-23,01:56:00,NightStreelightsOn,330,119,Yes,X-type,Normal,2Vehicles-Behind,2VL=>LIBOURNE,M,44.868746818671866,-0.8664937585622393
201800023866,NonLethal,2018-02-13,23:50:00,NightStreelightsOn,330,63,Yes,T-type,Overcast,Other,VL:PNTPIERRE>BOULIAC,M,44.83225589205192,-0.8297724860400177
201800023867,NonLethal,2018-02-25,18:00:00,TwilightOrDawn,330,192,Yes,T-type,Normal,Other,VL>CANEJAN/PIET>N°IMPAIR,M,44.783799914959566,-0.7887978799081407
201800023868,NonLethal,2018-02-26,08:40:00,Daylight,330,63,Yes,Y-type,VeryGood,Other,VLA>VICTOIRE/PIET>N°98,M,44.83002687508225,-0.8296684588082478
201800023870,NonLethal,2018-03-04,08:30:00,Daylight,330,63,Yes,NoIntersection,LightRain,2Vehicles-BehindVehicles-Frontal,AVE DE NONTRASTE.,M,44.87674169548952,-0.8762939559691666
201800023871,NonLethal,2018-03-03,23:40:00,NightStreelightsOn,330,63,Yes,NoIntersection,LightRain,Other,VL>BEGLES/PIET:BERGES>CE,M,44.828878178926985,-0.8275741566000107
201800023872,NonLethal,2018-02-26,12:10:00,Daylight,330,75,Yes,T-type,Normal,2Vehicles-BehindVehicles-Frontal,AQUITAINE (AVE D),M,44.881260733018586,-0.8813356172449265
201800023875,NonLethal,2018-04-03,21:35:00,NightStreelightsOn,330,63,Yes,T-type,Normal,Other,2RM>BRASCA/PIETPAIR>TRAM,M,44.81829100399765,-0.8193934272240974
201800023876,NonLethal,2018-03-04,16:30:00,Daylight,330,63,Yes,T-type,Normal,Other,VLA>CBONNIER/PIET>CITE,M,44.83767839573838,-0.8399380923081354
201800023877,NonLethal,2018-03-08,08:32:00,Daylight,330,522,Yes,T-type,VeryGood,Other,VL>LIBERA°/PIET>N°IMPAIR,M,44.80349274036782,-0.8068258131075053
201800023878,NonLethal,2018-03-15,17:20:00,Daylight,330,63,Yes,X-type,Normal,2Vehicles-Side,RUE RAYMOND POINCARE,M,44.84182319291361,-0.8449760320552351
201800023879,NonLethal,2018-03-16,10:45:00,Daylight,330,167,Yes,NoIntersection,Normal,Other,"9, RUE RAYMOND LAVIGNE",M,44.83935772249829,-0.8370808033512708
201800023880,NonLethal,2018-03-20,19:15:00,NightStreelightsOn,330,63,Yes,T-type,Normal,2Vehicles-Side,RUE JOSEPH BRUNET.,M,44.87798430242712,-0.8767762814163779
201800023881,NonLethal,2018-03-14,07:40:00,Daylight,330,550,Yes,NoIntersection,Normal,2Vehicles-BehindVehicles-Frontal,MOTO>RTLEOGNAN/VL>FSOORS,M,44.76750450680687,-0.7648961491664256
201800023883,NonLethal,2018-03-24,12:15:00,Daylight,330,63,Yes,X-type,Normal,2Vehicles-Side,REPUBLIQUE (PCE DE LA),M,44.83656662907751,-0.8333207281546993
201800023884,NonLethal,2018-03-25,17:22:00,Daylight,330,63,Yes,X-type,LightRain,2Vehicles-Side,TRAM>GARE/VL>QUAIS,M,44.831353318988064,-0.8254777821109156
201800023885,NonLethal,2018-03-25,07:03:00,NightStreelightsOn,330,249,Yes,Roundabout,LightRain,Other,Av.LIBERATION/Rte.Bordea,M,44.86959119349033,-0.8680765584352023
201800023886,NonLethal,2018-03-25,06:30:00,NightStreelightsOn,330,63,Yes,NoIntersection,LightRain,2Vehicles-BehindVehicles-Frontal,VLA>MAROC/VLB>BLANQUI,M,44.8644935588712,-0.8651302575699933
201800023887,NonLethal,2018-03-30,05:50:00,TwilightOrDawn,330,63,Yes,NoIntersection,LightRain,2Vehicles-BehindVehicles-Frontal,VLA>QUAIS/VLB>ARICARD,M,44.85995264178011,-0.8598069782893752
201800023889,NonLethal,2018-04-04,19:45:00,NightStreelightsOff,330,63,Yes,NoIntersection,Normal,Other,RUE PEYRONNET,M,44.82894499718778,-0.8311743318642265
201800023890,NonLethal,2018-06-04,17:30:00,Daylight,330,63,Yes,T-type,Normal,2Vehicles-Side,R CAUMONT/AL BOUTAUT,M,44.874589893340655,-0.8746194839665608
201800023891,NonLethal,2018-03-30,14:00:00,Daylight,330,69,Yes,T-type,Normal,2Vehicles-Side,2RM>TIVOLI/VL>BRUGES,M,44.85683266481161,-0.8584440451688938
201800023892,NonLethal,2018-04-15,02:00:00,NightStreelightsOn,330,63,Yes,NoIntersection,Normal,2Vehicles-Behind,PONT DE PIERRE,M,44.83798682595332,-0.8358242824168987
201800023894,NonLethal,2018-01-07,18:35:00,Daylight,330,63,Yes,T-type,Normal,2Vehicles-BehindVehicles-Frontal,Quai BACALAN/Crs VAILLAN,M,44.858727163602175,-0.8581951312062253
201800023895,NonLethal,2018-12-04,20:50:00,TwilightOrDawn,330,550,Yes,T-type,Normal,Other,CHEM DE CAMPARIAN,M,44.77388600436088,-0.7739999319609173
201800023896,NonLethal,2018-04-19,18:30:00,Daylight,330,63,Yes,X-type,Normal,Other,RUE GENERAL DE LARMINAT,M,44.83603596295422,-0.8337235079304521
201800023897,NonLethal,2018-04-14,18:15:00,Daylight,330,192,Yes,NoIntersection,Normal,2Vehicles-Side,MOTO>ROCADE-AV FAVARD,M,44.78592121730458,-0.7864519130877339
201800023898,NonLethal,2018-04-21,17:20:00,Daylight,330,63,Yes,NoIntersection,Normal,Other,BD ALFRED DANEY.,M,44.867357359238845,-0.8668173195943004