AccidentId,Gravity,Date,Hour,Light,Department,Commune,InAgglomeration,IntersectionType,Weather,CollisionType,PostalAddress,GPSCode,Latitude,Longitude
201800023899,NonLethal,2018-04-17,19:09:00,Daylight,330,63,Yes,Y-type,Normal,Other,A et B > Bvd Nontraste,M,44.87768220625696,-0.8754239740867918
201800023900,Lethal,2018-04-24,13:52:00,Daylight,330,281,No,NoIntersection,Normal,Other,AV DASSAULT (exD213).,M,44.84190578456335,-0.8434485724833889
201800023902,NonLethal,2018-04-17,17:40:00,Daylight,330,249,Yes,Roundabout,Normal,Other,AVE DE LA LIBERATION,M,44.8685686564707,-0.8690929659903838
201800023903,NonLethal,2018-04-26,19:35:00,Daylight,330,63,Yes,X-type,Normal,Other,CRS DE LA MARNE,M,44.82756181126398,-0.8295616646878298
201800023904,NonLethal,2018-04-27,06:50:00,TwilightOrDawn,330,63,Yes,T-type,Other,2Vehicles-Behind,PONTJCHABANDELMAS>BRAZZA,M,44.85753933704456,-0.8569595102414194
201800023905,NonLethal,2018-04-26,09:05:00,Daylight,330,192,Yes,X-type,Normal,Other,RUE DU MARAIS,M,44.77356554860887,-0.7737694504542195
201800023906,NonLethal,2018-05-01,20:45:00,TwilightOrDawn,330,281,Yes,NoIntersection,Normal,2Vehicles-Behind,2VL>AEROPORT,M,44.83612802516837,-0.8352619181888475
201800023907,NonLethal,2018-05-09,13:50:00,Daylight,330,63,Yes,NoIntersection,Normal,Other,AVE DE MERIGNAC CAUD,M,44.838028206974585,-0.8399232687446849
201800023908,NonLethal,2018-05-13,13:05:00,Daylight,330,63,Yes,NoIntersection,Normal,Other,BD GODARD,M,44.86550844038846,-0.8633118352624131
201800023909,NonLethal,2018-05-09,09:00:00,Daylight,330,39,Yes,X-type,Normal,Other,Rue Robert SCHUMAN,M,44.80941365735168,-0.8115367895122342
201800023910,NonLethal,2018-05-11,18:00:00,Daylight,330,63,Yes,T-type,Normal,2Vehicles-Side,Vélo De Gaulle > Bocage,M,44.85058622911589,-0.850336230535229
201800023911,NonLethal,2018-12-05,19:50:00,Daylight,330,318,Yes,Roundabout,Normal,2Vehicles-Side,AV.DE SAIGE/R.HERRIOT.,M,44.78843635738211,-0.7912221882400559
201800023912,NonLethal,2018-05-19,04:37:00,NightStreelightsOn,330,63,Yes,X-type,Normal,2Vehicles-Side,ROQUEFEUIL/SOURDIS,M,44.835727384103606,-0.8366369796781201
201800023914,NonLethal,2018-04-05,20:15:00,TwilightOrDawn,330,63,Yes,NoIntersection,Normal,2Vehicles-Side,BDGODARD>PLR.MARAN,M,44.86782023014784,-0.8670085222594982
201800023915,NonLethal,2018-05-05,06:50:00,Daylight,330,63,Yes,X-type,Normal,3+Vehicles-Chain,RUE LUCIEN FAURE,M,44.861345677497695,-0.8608982700995208
201800023916,NonLethal,2018-05-24,17:50:00,Daylight,330,63,Yes,NoIntersection,Normal,Other,83-85 QUAI DES CHARTRONS,M,44.85439505415337,-0.8533268438505334
201800023917,NonLethal,2018-05-24,18:30:00,Daylight,330,550,Yes,NoIntersection,Normal,2Vehicles-Side,VL:PTMAYE>STADE/2RM>MAYE,M,44.7777395267781,-0.7777162368943337
201800023920,NonLethal,2018-05-31,15:27:00,Daylight,330,63,Yes,X-type,Normal,2Vehicles-Side,AV LAROQUE/AL DE BOUTAUT,M,44.874469681707545,-0.8752704235592909
201800023921,Lethal,2018-06-03,03:50:00,NightStreelightsOn,330,63,Yes,T-type,Normal,Other,R. DE TAMATAVE/R. MAHELA,M,44.8215696141746,-0.8219993370848165
201800023922,NonLethal,2018-06-02,20:45:00,Daylight,330,63,Yes,Y-type,Normal,2Vehicles-Behind,R BONNAC/R LACANAU,M,44.83699531536203,-0.8369425904168684
201800023923,NonLethal,2018-05-30,10:40:00,Daylight,330,63,Yes,NoIntersection,Normal,Other,TRAM>BACALAN/PIET>N°138,M,44.85634326559338,-0.8576112355316801
201800023925,NonLethal,2018-05-31,14:00:00,Daylight,330,522,Yes,NoIntersection,Normal,Other,AV DE THOUARS,M,44.78673573317164,-0.7882438543630704
201800023926,NonLethal,2018-06-06,19:30:00,Daylight,330,318,Yes,NoIntersection,Normal,Other,ALL PISSARO,M,44.80161758808218,-0.8017446530757053
201800023927,NonLethal,2018-06-05,08:10:00,Daylight,330,65,Yes,T-type,Normal,Other,PCE HOSTEIN/R BROCHARD,M,44.81376386817007,-0.8131597688042509
201800023928,NonLethal,2018-09-06,04:00:00,NightStreelightsOn,330,63,Yes,X-type,Normal,Other,R LEBLANC/R HERON,M,44.83199570198609,-0.8338227916546126
201800023929,NonLethal,2018-10-06,17:55:00,Daylight,330,63,Yes,NoIntersection,Normal,NoCollision,QUAI RICHELIEU.,M,44.83806096194159,-0.8363877853990838
201800023930,NonLethal,2018-08-06,23:30:00,NightStreelightsOn,330,63,Yes,T-type,Normal,Other,AV CARNOT/AV FAURE,M,44.85125384042367,-0.8514953110322732
201800023931,NonLethal,2018-06-13,14:00:00,Daylight,330,550,Yes,X-type,Normal,2Vehicles-Side,R DORMOY/R CHARCOT,M,44.78048531550402,-0.7797048338165136
201800023932,Lethal,2018-06-18,19:19:00,Daylight,330,249,Yes,T-type,Normal,Other,AV LIBERATION/R J MOULIN,M,44.87227228560809,-0.8726732839085319
201800023933,NonLethal,2018-06-16,19:10:00,Daylight,330,281,Yes,NoIntersection,Normal,Other,8 RUE ALFRED DE VIGNY,M,44.83297678850629,-0.8349222614864386
201800023934,NonLethal,2018-06-19,15:10:00,Daylight,330,63,Yes,T-type,Normal,2Vehicles-Side,A TASSIGNY/AV GRIMAL,M,44.85855168914292,-0.8608507505844036
201800023936,NonLethal,2018-06-17,07:00:00,Daylight,330,522,Yes,X-type,Normal,2Vehicles-Side,R TREMEUGE/R MARGUERITTE,M,44.80251517882369,-0.801887306897463
201800023937,Lethal,2018-06-27,09:22:00,Daylight,330,63,Yes,X-type,Normal,2Vehicles-Side,BD WILSON/RUE JUDAIQUE,M,44.840133590026426,-0.8420088241216174
201800023938,Lethal,2018-06-24,19:00:00,Daylight,330,63,Yes,NoIntersection,Normal,3+Vehicles-Multiple,BD DES FRERES MOGA,M,44.82187596150704,-0.8229147960450042
201800023939,Lethal,2018-07-02,15:37:00,Daylight,330,63,Yes,X-type,Normal,Other,R RICHELIEU/R PASTEUR,M,44.846923103341936,-0.8457015680709863
201800023940,NonLethal,2018-07-04,00:01:00,NightStreelightsOff,330,550,Yes,X-type,Normal,2Vehicles-Side,RTE LEOGNAN/AV CARNOT,M,44.75791807445307,-0.7591834856088261
201800023941,NonLethal,2018-07-02,07:40:00,Daylight,330,281,Yes,Roundabout,Normal,2Vehicles-Side,AV PYTHAGORE/R ARCHIMEDE,M,44.83146815872374,-0.8320454055310292
201800023942,NonLethal,2018-07-16,05:10:00,NightStreelightsOn,330,63,Yes,X-type,Normal,2Vehicles-Side,CRS SOMME/R ST NICOLAS,M,44.82602417196604,-0.8270781105116961
201800023943,NonLethal,2018-07-13,12:00:00,Daylight,330,63,Yes,NoIntersection,Normal,2Vehicles-Side,RUE DE LEYBARDIE,M,44.86352242682049,-0.8609698501122142
201800023944,NonLethal,2018-06-23,00:10:00,NightStreelightsOn,330,63,Yes,NoIntersection,Normal,Other,QUAI DE PALUDATE,M,44.827542030760746,-0.82870079682398
201800023945,NonLethal,2018-06-23,20:15:00,Daylight,330,75,Yes,NoIntersection,Normal,2Vehicles-BehindVehicles-Frontal,RUE FRAGONARD,M,44.87719839853622,-0.8778424090401948
201800023946,NonLethal,2018-06-25,15:50:00,Daylight,330,63,Yes,T-type,Normal,2Vehicles-Side,2VEHS>PONT DE PIERRE,M,44.854158098003126,-0.8556329741398425
201800023947,NonLethal,2018-06-27,22:10:00,Daylight,330,63,Yes,X-type,Normal,2Vehicles-Behind,VLA.B:QUAIS>ABADIE,M,44.84155600064894,-0.8423740436866642
201800023948,NonLethal,2018-07-09,11:30:00,Daylight,330,281,Yes,X-type,Normal,3+Vehicles-Chain,AV BON AIR/AV BRIAND,M,44.8250578811362,-0.8245027789712209
201800023949,NonLethal,2018-02-07,15:40:00,Daylight,330,119,Yes,Roundabout,Normal,2Vehicles-Side,AV JEAN ZAY/AV CASSAGNE,M,44.85316289264056,-0.8563630068416397
201800023950,NonLethal,2018-06-22,17:20:00,Daylight,330,281,Yes,T-type,Normal,2Vehicles-Side,AV LECLERC/R VICTO LOUIS,M,44.83406101862123,-0.8357269110579773
201800023951,NonLethal,2018-07-18,14:35:00,Daylight,330,63,Yes,X-type,Normal,Other,R CURSOL/R BURGUET,M,44.83494149117173,-0.8356488486895811
201800023953,NonLethal,2018-07-24,20:35:00,Daylight,330,318,Yes,T-type,Normal,2Vehicles-Side,AVE PASTEUR/R DEFOE,M,44.800310153775946,-0.7998833344672064
201800023954,NonLethal,2018-07-24,09:50:00,Daylight,330,318,Yes,T-type,Normal,Other,AVE PASTEUR/R ST JACQUES,M,44.80501719101956,-0.8062474814342995
201800023955,NonLethal,2018-07-29,20:50:00,Daylight,330,63,Yes,X-type,Normal,2Vehicles-Behind,CRS YSER/R VIDEAU,M,44.83055583091541,-0.8262008901699217
201800023956,NonLethal,2018-07-26,17:15:00,Daylight,330,63,Yes,X-type,Normal,2Vehicles-Side,AV DASSAULT/PISTE CYCLAB,M,44.87925422172232,-0.8762466416189186
201800023957,NonLethal,2018-07-23,17:00:00,Daylight,330,162,Yes,T-type,Normal,2Vehicles-Side,AV TAILLAN-MEDOC/C MOTTE,M,44.87645448389414,-0.876237419975249
201800023958,NonLethal,2018-07-26,19:05:00,Daylight,330,522,Yes,NoIntersection,Normal,Other,VL>ROCADE/PIETENTRE2BUS,M,44.80045806836395,-0.7974382805616699
201800023959,NonLethal,2018-07-26,09:35:00,Daylight,330,318,Yes,Y-type,Normal,Other,AV LECLERC/AV MEYRAUD,M,44.79635361095371,-0.7970584791373715
201800023960,NonLethal,2018-06-07,15:30:00,Daylight,330,63,Yes,Y-type,Normal,2Vehicles-Side,R VINCENT/IMP VINCENT,M,44.87740744181082,-0.8775640644014241
201800023961,NonLethal,2018-07-23,15:10:00,Daylight,330,192,Yes,NoIntersection,Normal,2Vehicles-Side,R FONTAINES DE MONJOUS,M,44.77586175411846,-0.7759724808884862
201800023962,NonLethal,2018-07-17,20:00:00,Daylight,330,63,Yes,T-type,Normal,Other,AV DE GAULLE/R MAURIAC,M,44.84914228241024,-0.8508585630904375
201800023964,NonLethal,2018-08-09,11:02:00,Daylight,330,318,Yes,T-type,Normal,Other,AV.CHAUMET/R.WIEHN,M,44.803308010533335,-0.8058233141529041
201800023967,NonLethal,2018-09-08,20:20:00,NightStreelightsOff,330,281,Yes,X-type,Normal,2Vehicles-Side,RUE DES JACINTHES,M,44.83778181111921,-0.8376432022462321
201800023968,NonLethal,2018-11-08,07:20:00,Daylight,330,63,Yes,NoIntersection,Normal,2Vehicles-BehindVehicles-Frontal,A:DOMERCQ>TBORDES,M,44.82958739200716,-0.8286674415895845
201800023969,NonLethal,2018-12-08,22:15:00,NightStreelightsOn,330,39,Yes,NoIntersection,Normal,2Vehicles-Side,RTE DE TOULOUSE,M,44.80063425212696,-0.7991034363773092
201800023970,NonLethal,2018-08-10,08:30:00,Daylight,330,200,Yes,X-type,Normal,2Vehicles-Side,AVE DE L'AIGLON,M,44.86635675140275,-0.8664478867763609
201800023971,NonLethal,2018-12-08,03:20:00,NightStreelightsOn,330,63,Yes,NoIntersection,Normal,Other,BACALAN (QUAI DE),M,44.86054753258143,-0.8620046711555021
201800023972,NonLethal,2018-08-17,14:35:00,Daylight,330,63,Yes,NoIntersection,Normal,Other,PAUL (RUE SAINT VINCENT,M,44.82604905367343,-0.8282567386666176
201800023973,NonLethal,2018-08-21,17:57:00,Daylight,330,281,Yes,T-type,Normal,2Vehicles-Behind,AVE DE VERDUN,M,44.84038070237404,-0.8401202245646016
201800023974,NonLethal,2018-08-26,19:00:00,Daylight,330,63,Yes,X-type,Normal,2Vehicles-Side,PELLEPORT (RUE ),M,44.81824661221115,-0.8217380506221638
201800023977,NonLethal,2018-08-27,21:35:00,NightStreelightsOn,330,318,Yes,T-type,Normal,2Vehicles-Side,LEVEQUE (AVE DU HAUT),M,44.79240168192492,-0.7931104114995036
201800023978,NonLethal,2018-08-24,23:40:00,NightStreelightsOn,330,281,Yes,T-type,Normal,3+Vehicles-Multiple,AVE DE LA MARNE,M,44.835370697522265,-0.8362410025519159
201800023979,Lethal,2018-09-02,07:05:00,TwilightOrDawn,330,63,Yes,Other,Normal,3+Vehicles-Multiple,BD DU PDT FRANKLIN ROOS.,M,44.81889053392391,-0.8203273886987382
201800023980,NonLethal,2018-08-28,05:42:00,NightStreelightsOn,330,63,Yes,X-type,Normal,2Vehicles-Side,RUE SAUTEYRON,M,44.831820405607374,-0.8285427343290515
201800023981,Lethal,2018-03-09,15:30:00,Daylight,330,550,Yes,Other,Normal,Other,Parking.R.VAN GOGH,M,44.78508038046286,-0.7852185853383009
201800023982,NonLethal,2018-08-31,10:40:00,Daylight,330,63,Yes,X-type,Normal,2Vehicles-Side,AVE THIERS,M,44.842196068210505,-0.843173402678638
201800023983,NonLethal,2018-07-16,00:40:00,NightStreelightsOn,330,63,Yes,T-type,Normal,NoCollision,Q GRAVE/R ALLAMANDIERS.,M,44.83495791350491,-0.8327055375784712
201800023984,NonLethal,2018-09-04,11:25:00,Daylight,330,522,Yes,Roundabout,Normal,2Vehicles-Side,AV ROUL/AV UNIVERSITE,M,44.80479459713506,-0.8071420825098489
201800023985,NonLethal,2018-09-08,12:10:00,Daylight,330,63,Yes,X-type,Normal,2Vehicles-Side,BD LECLERC/R DANDICOLLE,M,44.82872040905791,-0.828452081352404
201800023986,NonLethal,2018-09-07,08:50:00,Daylight,330,63,Yes,X-type,Normal,3+Vehicles-Multiple,R MANDRON/R COURSE,M,44.85146681909692,-0.8507723698344409
201800023987,NonLethal,2018-06-09,19:06:00,Daylight,330,63,Yes,X-type,Normal,3+Vehicles-Multiple,BD MARECHAL LECLERC,M,44.82820608667432,-0.826524109229057
201800023988,NonLethal,2018-09-04,08:30:00,Daylight,330,75,Yes,X-type,Normal,2Vehicles-Side,AVE PERIER/PISTE CYCLABL,M,44.874997795558365,-0.8751460822681841
201800023990,NonLethal,2018-09-09,18:00:00,Daylight,330,281,Yes,NoIntersection,Normal,2Vehicles-BehindVehicles-Frontal,AVE DE L'ARGONNE,M,44.82501818920675,-0.8249785566613896
201800023991,NonLethal,2018-12-09,11:45:00,Daylight,330,522,Yes,X-type,Normal,2Vehicles-Side,Avvieille tour/R Diderot,M,44.81576615817815,-0.8150465947405652
201800023992,NonLethal,2018-10-09,14:15:00,Daylight,330,63,Yes,X-type,Normal,2Vehicles-Side,A:AQUITAIN>FAURE/B>MARAN,M,44.86925986222898,-0.870602789052624
201800023994,NonLethal,2018-09-13,16:50:00,Daylight,330,63,Yes,X-type,Normal,Other,AV D'EYSINES/R BOCAGE,M,44.85618241172174,-0.8541604504773439
201800023996,NonLethal,2018-09-19,06:50:00,NightStreelightsOn,330,63,Yes,X-type,Normal,2Vehicles-Side,R DESCAS/R PEYRONNET.,M,44.83046121714844,-0.8286428420134037
201800023997,Lethal,2018-09-16,14:30:00,Daylight,330,39,Yes,NoIntersection,Normal,Other,Rue Robert SCHUMAN,M,44.81194765725105,-0.8115226640571821
201800023998,NonLethal,2018-09-14,07:45:00,Daylight,330,63,Yes,T-type,Normal,2Vehicles-Side,QUAI LOUIS XVIII,M,44.84278553032448,-0.8423138679677437
201800024000,NonLethal,2018-09-07,08:40:00,Daylight,330,550,Yes,T-type,Normal,2Vehicles-Side,AV LABARRE/R DESTRIBATS,M,44.7806847803618,-0.7804970618649616
201800024001,NonLethal,2018-09-21,02:00:00,NightStreelightsOff,330,162,Yes,NoIntersection,Normal,2Vehicles-Behind,AVE DE SAINT-MEDARD,M,44.86482324763471,-0.8648203259603678
201800024002,NonLethal,2018-09-29,18:00:00,Daylight,330,63,Yes,T-type,Normal,2Vehicles-Behind,DIRECTION BORDEAUX,M,44.833683346543786,-0.8362995515292396
201800024003,NonLethal,2018-09-14,02:00:00,NightStreelightsOn,330,63,Yes,NoIntersection,Normal,Other,CRS DE L'INTENDANCE,M,44.841843031496,-0.8421964876846529
201800024004,NonLethal,2018-09-14,20:00:00,Daylight,330,550,Yes,NoIntersection,Normal,Other,Parking rés eau Bourde.,M,44.78590653595296,-0.785945389537825
201800024005,NonLethal,2018-09-17,19:00:00,Daylight,330,167,Yes,NoIntersection,Normal,Other,RUE DE LA FRATERNITE,M,44.83707733620109,-0.8365409919987812
201800024006,NonLethal,2018-09-22,19:30:00,Daylight,330,63,Yes,Roundabout,Normal,2Vehicles-Side,PCE RENE MARAN,M,44.874235906149565,-0.8744144413639406
201800024007,NonLethal,2018-09-23,16:20:00,Daylight,330,63,Yes,X-type,Normal,2Vehicles-Behind,BD DU PRESIDENT WILSON,M,44.843273855595946,-0.8413038474178737
201800024008,NonLethal,2018-09-23,02:30:00,NightStreelightsOn,330,63,Yes,NoIntersection,Normal,Other,QUAI RICHELIEU,M,44.83854164508117,-0.8387077945512224
201800024009,Lethal,2018-09-27,07:50:00,Daylight,330,63,Yes,NoIntersection,Normal,2Vehicles-Side,2VEHS>RUEARSENAL,M,44.8549098454338,-0.8548343544543181
201800024010,NonLethal,2018-09-27,22:00:00,NightStreelightsOn,330,63,Yes,X-type,Normal,2Vehicles-Side,BD DU PRESIDENT WILSON,M,44.83517304256215,-0.8367626187489249
201800024012,NonLethal,2018-09-30,03:10:00,NightStreelightsOn,330,63,Yes,X-type,Normal,Other,BD ALBERT 1ER,M,44.81463509212665,-0.8138854750007376
201800024014,NonLethal,2018-02-10,16:30:00,Daylight,330,63,Yes,X-type,Normal,2Vehicles-BehindVehicles-Frontal,CRS SAINT LOUIS,M,44.85661401261214,-0.8562489445089584
201800024015,NonLethal,2018-10-10,19:00:00,Daylight,330,63,Yes,Roundabout,Normal,Other,PL:BRICAUD>BLANQUEFORT,M,44.88741531715609,-0.8880337807071943
201800024016,NonLethal,2018-01-10,08:50:00,Daylight,330,162,Yes,T-type,VeryGood,Other,RUE GABRIEL MOUSSA,M,44.88445757307859,-0.8843428444465626
201800024017,NonLethal,2018-10-07,02:55:00,NightStreelightsOn,330,63,Yes,T-type,Normal,Other,VL:QUAIS,M,44.87430061265408,-0.8743207301084299
201800024018,NonLethal,2018-09-10,15:55:00,Daylight,330,63,Yes,NoIntersection,Normal,2Vehicles-Behind,2VEH>BX-VUFREINEPASSPIET,M,44.85638328839801,-0.856883072389909
201800024019,NonLethal,2018-10-13,22:40:00,NightStreelightsOn,330,63,Yes,T-type,Overcast,2Vehicles-Side,CYCLISTEPORTEECOUTEURS,M,44.83133867549661,-0.8306172730147817
201800024020,NonLethal,2018-10-09,07:00:00,NightNoStreetLight,330,13,No,NoIntersection,FogOrSmoke,3+Vehicles-Chain,RN 89,M,44.86754964007195,-0.8671223574922095
201800024021,NonLethal,2018-10-21,08:00:00,Daylight,330,63,Yes,NoIntersection,Normal,2Vehicles-BehindVehicles-Frontal,BD DES FRERES MOGA,M,44.82174218026669,-0.8229790397984548
201800024022,NonLethal,2018-10-17,10:30:00,Daylight,330,63,Yes,X-type,Normal,Other,CRS ARISTIDE BRIAND,M,44.833040057782895,-0.831179970120444
201800024023,NonLethal,2018-10-20,19:00:00,TwilightOrDawn,330,63,Yes,T-type,Normal,2Vehicles-Side,CRS HENRI BRUNET,M,44.868517880375535,-0.8695195167036884
201800024024,NonLethal,2018-10-24,19:15:00,Daylight,330,63,Yes,T-type,Normal,Other,CRS DE LA SOMME,M,44.82742269385012,-0.8292380509231103
201800024026,NonLethal,2018-10-23,10:30:00,Daylight,330,63,Yes,X-type,Normal,2Vehicles-Side,RUE ROCHAMBEAU,M,44.84931298097674,-0.8511464326598592
201800024027,NonLethal,2018-10-20,23:50:00,NightStreelightsOn,330,63,Yes,NoIntersection,Normal,2Vehicles-Side,CRS D'ALBRET,M,44.83775164868961,-0.838078306401064
201800024028,NonLethal,2018-10-26,19:40:00,NightStreelightsOn,330,318,Yes,T-type,Normal,2Vehicles-Side,AVE JEAN JAURES,M,44.81730039353459,-0.8162511359697119
201800024029,NonLethal,2018-10-21,20:00:00,NightStreelightsOn,330,318,Yes,X-type,Normal,3+Vehicles-Multiple,AVE DU HAUT LEVEQUE,M,44.78984209046224,-0.7912353348003962
201800024030,NonLethal,2018-10-23,18:35:00,Daylight,330,63,Yes,X-type,Normal,2Vehicles-Side,VELO:FONDAUDEGE>LAGRANGE,M,44.84923008536045,-0.8500677015787277
201800024031,NonLethal,2018-10-28,20:50:00,NightStreelightsOn,330,167,Yes,T-type,LightRain,Other,PENETRANTE EST exD936,M,44.84577582607308,-0.8431869234869046
201800024032,NonLethal,2018-11-01,20:05:00,NightStreelightsOn,330,63,Yes,X-type,LightRain,2Vehicles-Side,BD DU PRESIDENT WILSON,M,44.84621455187469,-0.8471963088138981
201800024033,NonLethal,2018-10-24,18:15:00,Daylight,330,281,No,Roundabout,VeryGood,2Vehicles-Behind,AVE FRANCOIS MITTERRAND,M,44.81789414534898,-0.8180704035010349
201800024034,NonLethal,2018-11-09,00:25:00,NightStreelightsOn,330,63,Yes,T-type,Normal,2Vehicles-BehindVehicles-Frontal,QUAI DE LA MONNAIE,M,44.832774045460006,-0.833133483796884
201800024035,NonLethal,2018-11-09,22:30:00,NightStreelightsOn,330,63,Yes,X-type,LightRain,2Vehicles-Behind,VL>PONT/VELO>CHARTRONS,M,44.86046958101399,-0.8608480444342659
201800024036,Lethal,2018-10-16,15:50:00,Daylight,330,39,Yes,X-type,Normal,NoCollision,CYCLO:V.HUGO>LDL,M,44.80469201601153,-0.8040254878563408
201800024037,NonLethal,2018-09-11,01:10:00,NightStreelightsOn,330,63,Yes,T-type,Normal,Other,CRS DE LA MARNE,M,44.82809299296757,-0.8284455762165901
201800024040,NonLethal,2018-11-12,18:20:00,NightStreelightsOn,330,63,Yes,T-type,LightRain,Other,R G FERRIE/R GALIN,M,44.84651549345956,-0.8449193222564421
201800024041,NonLethal,2018-11-13,16:12:00,Daylight,330,281,Yes,NoIntersection,Normal,Other,VL>MERIGNAC/PIET:49>431,M,44.84599641284522,-0.84627098653295
201800024042,NonLethal,2018-10-17,14:50:00,Daylight,330,63,Yes,X-type,Normal,2Vehicles-Side,CHANTECRIT (CITE ),M,44.86140037964556,-0.8618775308215001
201800024043,NonLethal,2018-11-21,15:00:00,Daylight,330,63,Yes,T-type,Normal,Other,CRS BALGUERIE STUTTENBER,M,44.85727520661647,-0.8549730843010374
201800024044,NonLethal,2018-12-11,17:50:00,NightStreelightsOn,330,318,Yes,Y-type,HeavyRain,2Vehicles-Side,AVE DE BARDANAC,M,44.7942491461284,-0.7954964764464828
201800024045,NonLethal,2018-11-19,18:11:00,NightStreelightsOn,330,318,Yes,T-type,Normal,Other,AV DOCTEUR  SCHWEITZER,M,44.79897172422776,-0.7983363230217808
201800024046,NonLethal,2018-11-19,16:05:00,Daylight,330,249,Yes,Roundabout,Normal,2Vehicles-Side,2VEHS>RESISTANCE,M,44.87916821570538,-0.8779183789398872
201800024047,NonLethal,2018-11-20,15:45:00,Daylight,330,63,Yes,T-type,Normal,2Vehicles-Behind,QUAI DE PALUDATE,M,44.82722302791267,-0.8272014418685133
201800024048,NonLethal,2018-11-23,17:40:00,TwilightOrDawn,330,63,Yes,T-type,LightRain,3+Vehicles-Multiple,CRS DU MEDOC,M,44.85944201766922,-0.8598763950082342
201800024049,NonLethal,2018-11-19,17:00:00,Daylight,330,318,Yes,NoIntersection,Normal,Other,VL>CHATAIGNER-BUSARRETE,M,44.80306154639487,-0.8037952196297882
201800024050,NonLethal,2018-11-21,08:42:00,TwilightOrDawn,330,522,Yes,T-type,Normal,Other,RUE CLEMENT THOMAS,M,44.80391573409884,-0.8043618495101312
201800024051,NonLethal,2018-11-22,18:55:00,NightStreelightsOff,330,69,Yes,Y-type,Normal,Other,AV PRES ROBERT SCHUMAN,M,44.86295005745586,-0.8637538208008946
201800024052,NonLethal,2018-11-24,04:00:00,NightStreelightsOff,330,281,Yes,NoIntersection,LightRain,2Vehicles-BehindVehicles-Frontal,VLA>AEROPORT/VLB>BX,M,44.83357947507619,-0.8322868767756323
201800024053,NonLethal,2018-05-12,14:00:00,Daylight,330,63,Yes,MoreThan4Branches,Normal,Other,Rue de Belfort,M,44.83175384067261,-0.8323415893232433
201800024054,NonLethal,2018-12-03,18:15:00,NightStreelightsOn,330,90,Yes,T-type,LightRain,2Vehicles-Side,AVE DU HAUT LEVEQUE,M,44.77926765638054,-0.7786720370646758
201800024055,NonLethal,2018-12-03,19:00:00,NightStreelightsOn,330,63,Yes,Y-type,LightRain,2Vehicles-Behind,BAR.MEDOC>BAR.STMEDARD,M,44.852176257536094,-0.8528593608396848
201800024056,NonLethal,2018-12-03,11:25:00,Daylight,330,318,Yes,X-type,LightRain,Other,AVE MAL DE LATTRE DE TAS,M,44.78266216269972,-0.7814256949294388
201800024057,NonLethal,2018-12-03,13:30:00,Daylight,330,192,Yes,Roundabout,Normal,2Vehicles-Side,RUE DU BOURDILLAT,M,44.77983289935718,-0.7794095875195456
201800024058,NonLethal,2018-12-09,15:00:00,Daylight,330,281,Yes,T-type,Normal,2Vehicles-Side,AVE DE VERDUN,M,44.84009551943274,-0.8386773028314852
201800024060,NonLethal,2018-10-12,09:55:00,Daylight,330,63,Yes,Y-type,Normal,Other,CRS DE LA SOMME,M,44.819214444264425,-0.8216226717972865
201800024061,NonLethal,2018-12-21,01:10:00,NightStreelightsOn,330,63,Yes,X-type,Normal,2Vehicles-Behind,VL-VELO>NANSOUTY,M,44.82607220524941,-0.8285772982155813
201800024062,NonLethal,2018-12-23,09:00:00,Daylight,330,63,Yes,T-type,Normal,Other,BD DES FRERES MOGA,M,44.82735253921197,-0.8253835080579147
201800024063,NonLethal,2018-12-21,19:40:00,NightStreelightsOn,330,63,Yes,X-type,LightRain,2Vehicles-Side,VELO>VICTOIRE/VL>PLLANDE,M,44.83144336374606,-0.8335183756025748
201800024064,NonLethal,2018-12-15,21:40:00,NightStreelightsOn,330,63,Yes,NoIntersection,LightRain,Other,CRS DE LA MARNE,M,44.828368597869215,-0.8309555782867541
201800024065,NonLethal,2018-12-14,22:30:00,NightStreelightsOn,330,65,Yes,NoIntersection,Normal,2Vehicles-Behind,RTE DE LATRESNE,M,44.81444376242781,-0.813236070983121
201800024067,NonLethal,2018-12-19,17:50:00,NightStreelightsOn,330,75,No,T-type,HeavyRain,2Vehicles-BehindVehicles-Frontal,AVE DE LA JALLE NOIRE,M,44.89257166975189,-0.8911453588997614
201800024068,NonLethal,2018-12-18,14:40:00,Daylight,330,63,Yes,T-type,Normal,Other,COURS DE VERDUN,M,44.847825888453656,-0.8477396262621456
201800024069,NonLethal,2018-12-19,12:30:00,Daylight,330,192,Yes,X-type,LightRain,2Vehicles-Behind,VL>LIBERAT°/CYCLO>CESTAS,M,44.77156613925177,-0.7694188431136558
201800024071,NonLethal,2018-12-22,04:00:00,NightStreelightsOn,330,63,Yes,NoIntersection,HeavyRain,2Vehicles-Side,CYCLO>BDS/VELOS/PPP,M,44.83327318538173,-0.8342832843356034
201800024072,NonLethal,2018-12-23,05:30:00,NightStreelightsOn,330,63,Yes,X-type,LightRain,Other,CRS DE LA MARNE,M,44.82971081142482,-0.8296365879487655
201800024073,NonLethal,2018-12-25,03:05:00,NightStreelightsOn,330,63,Yes,T-type,Normal,Other,BD JOLIOT-CURIE,M,44.84157737779217,-0.8427765440448177
201800024074,NonLethal,2018-12-13,12:00:00,Daylight,330,318,Yes,X-type,LightRain,3+Vehicles-Multiple,AVE JEAN CORDIER,M,44.81434412568954,-0.8123283283715695
201800024075,NonLethal,2018-12-22,20:30:00,NightStreelightsOn,330,318,Yes,X-type,LightRain,2Vehicles-BehindVehicles-Frontal,AVE JEAN JAURES,M,44.80668058624098,-0.8076762119688341
201800024076,NonLethal,2018-01-01,05:00:00,NightStreelightsOn,330,522,Yes,T-type,Normal,2Vehicles-BehindVehicles-Frontal,R.ALDONA/R.LAFFITE,M,44.79883089837329,-0.7977803320031063
201800024078,NonLethal,2018-01-19,16:30:00,Daylight,330,63,Yes,T-type,Normal,Other,PL.GRHOMMES/R.MONTESQIEU,M,44.841868646569125,-0.8416249750262348
201800024079,NonLethal,2018-01-23,12:50:00,Daylight,330,63,Yes,T-type,Normal,3+Vehicles-Multiple,BD FRANK. ROOSE/ R.REGIS,M,44.81801564980632,-0.8189184402644738
201800024081,NonLethal,2018-01-02,12:45:00,Daylight,330,63,Yes,T-type,Normal,Other,QU.DES CHAMPS/R.BENAUGE,M,44.83786220858792,-0.8401932211474309
201800024082,NonLethal,2018-02-05,18:55:00,TwilightOrDawn,330,63,Yes,X-type,Normal,2Vehicles-Behind,AV REPUBLIQUE/AV BEL AIR,M,44.83983502711002,-0.8394163634061163