AccidentId,Gravity,Date,Hour,Light,Department,Commune,InAgglomeration,IntersectionType,Weather,CollisionType,PostalAddress,GPSCode,Latitude,Longitude
201800024083,NonLethal,2018-11-02,07:00:00,NightStreelightsOn,330,63,Yes,X-type,Normal,2Vehicles-BehindVehicles-Frontal,QU.PALUDATE/TERRE BORDE,M,44.82836417464101,-0.8294945726562146
201800024084,NonLethal,2018-02-12,12:10:00,Daylight,330,63,Yes,X-type,Normal,Other,40 JOURNAUX/CRS QUEBEC,M,44.88483330735125,-0.8822215533905086
201800024086,NonLethal,2018-02-23,12:15:00,Daylight,330,63,Yes,NoIntersection,Normal,2Vehicles-Side,PONT ST JEAN RIVE GAUCHE,M,44.83241446268577,-0.8310463095276139
201800024087,NonLethal,2018-03-03,22:15:00,NightStreelightsOff,330,63,Yes,X-type,Normal,2Vehicles-Side,CRS VERDUN/RUE D'ENGHIEN,M,44.84561671727924,-0.8462538704058867
201800024088,NonLethal,2018-02-28,14:10:00,Daylight,330,63,Yes,NoIntersection,Normal,2Vehicles-Side,380 BD PRESIDENT WILSON,M,44.85386747720516,-0.8535491988595036
201800024089,NonLethal,2018-03-04,17:15:00,Daylight,330,63,Yes,T-type,Normal,2Vehicles-Side,R.PEYRONNET/R.Dome Devi,M,44.83060616410982,-0.8285967944903968
201800024090,NonLethal,2018-02-13,07:50:00,TwilightOrDawn,330,39,Yes,T-type,Normal,Other,AV. LENINE/RUE JEAN MACE,M,44.79725261805394,-0.7981279770937963
201800024091,NonLethal,2018-02-14,07:50:00,NightStreelightsOn,330,63,Yes,Y-type,LightRain,Other,AV GAL DE GAUL/R.GRAND L,M,44.85101844622167,-0.8485339575878219
201800024092,NonLethal,2018-12-03,11:47:00,Daylight,330,281,No,NoIntersection,LightRain,Other,AEROPORT DE MERIGNAC,M,44.83042235596832,-0.8313461156260602
201800024093,NonLethal,2018-08-03,13:00:00,Daylight,330,63,Yes,NoIntersection,Normal,Other,9 RUE ERIK SATIE,M,44.84456990410937,-0.8420328278303089
201800024094,NonLethal,2018-12-03,14:00:00,Daylight,330,63,Yes,NoIntersection,Normal,2Vehicles-Side,68 RUE CROIX BLANCHE,M,44.84367627467866,-0.8448638414114263
201800024095,NonLethal,2018-03-15,20:00:00,NightStreelightsOn,330,63,Yes,X-type,Normal,2Vehicles-Side,R BARRAUD / R TURENNE,M,44.84718182578841,-0.8463920635734905
201800024097,NonLethal,2018-03-20,10:20:00,Daylight,330,63,Yes,NoIntersection,Normal,2Vehicles-Side,96 BD GEORGES V,M,44.823986196932864,-0.8257263801725102
201800024100,NonLethal,2018-04-03,21:30:00,NightStreelightsOn,330,63,Yes,X-type,Normal,Other,51 R.STE CATHERINE,M,44.83914246012223,-0.8409543629794287
201800024101,NonLethal,2018-04-09,06:10:00,NightStreelightsOn,330,119,Yes,T-type,Normal,2Vehicles-Behind,C.VERDUN/AV.JEAN JAURES,M,44.85233803028667,-0.853684422127717
201800024103,NonLethal,2018-04-20,11:00:00,Daylight,330,63,Yes,NoIntersection,Normal,2Vehicles-Side,34 rue d'Audenge,M,44.82826385080342,-0.8268378857340407
201800024105,NonLethal,2018-11-04,23:40:00,NightStreelightsOn,330,63,Yes,X-type,Normal,2Vehicles-Side,BD GAUTHIER/R.LARMINAT,M,44.83355189148512,-0.8324603334256063
201800024108,NonLethal,2018-03-31,08:25:00,Daylight,330,63,Yes,X-type,HeavyRain,2Vehicles-Side,C.MEDOC/R.JARDIN PUBLIQU,M,44.86095151360412,-0.8617901552412621
201800024109,NonLethal,2018-06-05,20:30:00,Daylight,330,63,Yes,X-type,Normal,2Vehicles-Behind,Bd Pierre 1er / C.Somme.,M,44.81336947220474,-0.8155668457476614
201800024110,NonLethal,2018-06-27,11:20:00,Daylight,330,63,Yes,MoreThan4Branches,Normal,2Vehicles-Side,Al.Aquitaine vers Rocade,M,44.8705140020119,-0.869337765977983
201800024111,NonLethal,2018-07-14,06:30:00,TwilightOrDawn,330,63,Yes,X-type,Normal,2Vehicles-Behind,143 R.Judaique /Nauville,M,44.84031791139369,-0.8407141641918208
201800024112,NonLethal,2018-07-15,23:00:00,NightStreelightsOn,330,63,Yes,MoreThan4Branches,Normal,2Vehicles-Side,place victoire / Argonn,M,44.82929349352133,-0.8310305601396535
201800024113,NonLethal,2018-07-15,21:25:00,NightStreelightsOn,330,63,Yes,NoIntersection,Normal,Other,C.de la MARNE,M,44.830496489090365,-0.832549250550004
201800024114,NonLethal,2018-07-19,17:50:00,Daylight,330,522,Yes,T-type,Normal,2Vehicles-Side,AV.P.PROUDON/R.S.ALLENDE,M,44.789874487684045,-0.7881594377540998
201800024115,NonLethal,2018-09-03,07:30:00,TwilightOrDawn,330,63,Yes,X-type,Normal,2Vehicles-Side,R. JULES FERRY/R.LIBERTE,M,44.84170812150784,-0.8414098122537478
201800024116,NonLethal,2018-09-03,16:40:00,Daylight,330,63,Yes,X-type,Normal,2Vehicles-Side,CRS LA MARNE/YSER,M,44.82896603552536,-0.829854851324755
201800024117,NonLethal,2018-10-08,21:30:00,NightStreelightsOn,330,529,Yes,NoIntersection,Normal,2Vehicles-Side,D125O,M,44.649526067136,-0.6479390065048578
201800024118,NonLethal,2018-12-09,19:50:00,Daylight,330,63,Yes,X-type,Normal,2Vehicles-Side,R.BUHAN/R. STE COLOMBE,M,44.83796661752853,-0.8389049759918474
201800024119,NonLethal,2018-08-24,07:45:00,Daylight,330,63,Yes,NoIntersection,Normal,Other,QUAI M. LYAUTEY,M,44.84374086280685,-0.8457655475860049
201800024120,NonLethal,2018-09-19,18:25:00,Daylight,330,13,Yes,Roundabout,Normal,2Vehicles-Behind,Av.Ile de France/Bd.Feyd,M,44.84992786068751,-0.8499038118193437
201800024121,NonLethal,2018-09-19,07:05:00,TwilightOrDawn,330,63,Yes,T-type,Normal,Other,Cours de la Marne,M,44.830762717082905,-0.8301973382583633
201800024122,NonLethal,2018-09-26,13:40:00,Daylight,330,63,Yes,NoIntersection,Normal,Other,Piéton descend du bus 9,M,44.84867053769278,-0.8495199798657014
201800024123,NonLethal,2018-06-10,20:30:00,NightStreelightsOn,330,63,Yes,NoIntersection,LightRain,2Vehicles-Behind,Rue Fondaudege.,M,44.847549056912825,-0.8447956529930355
201800024124,NonLethal,2018-10-15,20:45:00,NightStreelightsOn,330,75,Yes,X-type,Normal,2Vehicles-Side,R.de DAUGERE/Av.du LAC.,M,44.88497692807493,-0.8844536002630713
201800024125,NonLethal,2018-10-22,12:30:00,Daylight,330,281,Yes,T-type,Normal,Other,Av.CARNOT passage piéton,M,44.8149498747588,-0.8149573962522255
201800024126,NonLethal,2018-10-27,19:30:00,NightStreelightsOn,330,63,Yes,NoIntersection,Overcast,NoCollision,194 Bd Pres.F.Roosevelt,M,44.81615713225546,-0.81765921226906
201800024127,NonLethal,2018-01-17,16:13:00,Daylight,490,192,No,X-type,Normal,2Vehicles-BehindVehicles-Frontal,rue du champ fleury,M,47.03761830492398,-0.0386908377957659
201800024128,NonLethal,2018-02-01,18:15:00,NightNoStreetLight,490,371,No,NoIntersection,SnowOrHail,2Vehicles-Side,la maillarderie,M,47.10759234966174,-0.105144320408675
201800024129,NonLethal,2018-04-20,21:15:00,TwilightOrDawn,490,111,No,NoIntersection,Normal,Other,lieu dit LA BILANGE,M,47.18317391220224,-0.1841104721914496
201800024130,NonLethal,2018-04-21,03:39:00,NightNoStreetLight,490,192,No,NoIntersection,Normal,NoCollision,Les jahandières,M,47.03738270479068,-0.0373693256831787
201800024131,NonLethal,2018-04-26,20:20:00,TwilightOrDawn,490,352,No,NoIntersection,Normal,NoCollision,RD148,M,47.06154737118375,-0.0597759212011633
201800024132,NonLethal,2018-05-06,11:10:00,Daylight,490,192,Yes,NoIntersection,Normal,Other,RUE DU COMMERCE,M,47.00836058448985,-0.0082188872174235
201800024133,NonLethal,2018-08-06,11:45:00,Daylight,490,343,No,X-type,Normal,2Vehicles-Side,RD 200,M,47.011623155770295,-0.011415874741783
201800024134,NonLethal,2018-07-26,18:45:00,Daylight,490,381,No,NoIntersection,Normal,2Vehicles-Side,la grande roche,M,47.000712026007406,-0.0014185253119784
201800024136,NonLethal,2018-08-10,08:45:00,Daylight,490,92,No,X-type,Normal,2Vehicles-Side,Carrefour des quatre rou,M,47.31281992060866,-0.3108720104731137
201800024137,NonLethal,2018-08-14,16:00:00,Daylight,490,92,No,T-type,Normal,2Vehicles-Side,Route de saint-lézin,M,47.22360544553275,-0.2224357279035241
201800024138,NonLethal,2018-08-31,19:10:00,Daylight,490,371,Yes,T-type,Normal,2Vehicles-Side,Rue nationale,M,47.121046558739074,-0.1214744014015768
201800024139,NonLethal,2018-10-21,14:55:00,Daylight,490,343,No,X-type,Normal,2Vehicles-Side,LE PALNAY,M,46.99867061230864,-0.997198916237238
201800024140,NonLethal,2018-11-21,18:30:00,NightStreelightsOn,490,92,Yes,NoIntersection,Normal,Other,62 avenue du Général de,M,47.21163990477097,-0.2111361535106122
201800024143,NonLethal,2018-03-18,05:10:00,NightNoStreetLight,180,20,Yes,NoIntersection,Normal,Other,D955,M,47.39166394766392,2.391507614551455
201800024145,NonLethal,2018-07-21,13:00:00,Daylight,180,264,No,NoIntersection,Normal,NoCollision,CD 923,M,47.41645038497238,2.4164063383550785
201800024146,NonLethal,2018-07-21,17:44:00,Daylight,180,256,No,NoIntersection,Normal,2Vehicles-Side,D55 PK 29,M,47.39972637462838,2.399451651383637
201800024147,NonLethal,2018-07-31,20:30:00,TwilightOrDawn,180,272,No,Y-type,VeryGood,2Vehicles-Side,Intersection D49 / VC la,M,47.26268215968369,2.265464802440484
201800024148,NonLethal,2018-02-08,13:19:00,Daylight,180,22,No,NoIntersection,Normal,2Vehicles-BehindVehicles-Frontal,"Lieu-Dit ""La Renarderie""",M,47.48741455140967,2.4898067333238365
201800024149,NonLethal,2018-07-25,06:15:00,TwilightOrDawn,180,32,No,Roundabout,Normal,2Vehicles-Side,les fouchards,M,47.41095040848885,2.4109332566094204
201800024150,NonLethal,2018-12-16,18:30:00,NightNoStreetLight,180,259,No,NoIntersection,LightRain,2Vehicles-BehindVehicles-Frontal,Route départementale 926,M,47.47645569084048,2.4771088860657446
201800024151,NonLethal,2018-01-22,18:20:00,NightStreelightsOn,60,44,Yes,NoIntersection,Normal,Other,1278 route de cagnes,M,43.676740729642,7.678667084282303
201800024152,NonLethal,2018-10-02,10:47:00,Daylight,60,161,Yes,X-type,Normal,2Vehicles-Side,Intersection RD6007 et A,M,43.635728465815184,7.636765068774066
201800024153,NonLethal,2018-03-31,15:15:00,Daylight,60,161,Yes,Other,Normal,2Vehicles-Side,route nationale 6007,M,43.64401964769059,7.64353812690625
201800024154,NonLethal,2018-04-18,16:40:00,Daylight,60,44,Yes,T-type,Normal,2Vehicles-Side,Route de Cagnes,M,43.68307085794815,7.68281873133973
201800024155,NonLethal,2018-05-06,16:45:00,Daylight,60,161,Yes,NoIntersection,Normal,2Vehicles-Behind,D6098,M,43.622680581737015,7.622403609992937
201800024156,NonLethal,2018-05-30,17:23:00,Daylight,60,161,Yes,NoIntersection,Normal,2Vehicles-BehindVehicles-Frontal,RD6007,M,43.62486209661888,7.626235800393599
201800024157,NonLethal,2018-06-16,14:45:00,Daylight,60,161,No,NoIntersection,Normal,3+Vehicles-Chain,D2085,M,43.65774243632086,7.65558415307719
201800024159,NonLethal,2018-11-07,14:45:00,Daylight,60,161,Yes,Other,Normal,2Vehicles-Side,Boulevard des Italiens,M,43.62947265889137,7.629410682375442
201800024161,NonLethal,2018-10-08,21:40:00,NightStreelightsOn,60,161,Yes,NoIntersection,Normal,2Vehicles-BehindVehicles-Frontal,RD6007,M,43.64500017093529,7.645114067280449
201800024163,NonLethal,2018-12-10,16:30:00,Daylight,60,161,Yes,NoIntersection,Normal,2Vehicles-Side,1280 route de nice,M,43.63201488765512,7.630503048419685
201800024166,NonLethal,2018-10-25,11:15:00,Daylight,60,161,Yes,NoIntersection,Normal,2Vehicles-Behind,2507 route nationale 7,M,43.64188422638317,7.643633720823777
201800024167,NonLethal,2018-12-05,11:20:00,Daylight,60,161,Yes,X-type,VeryGood,2Vehicles-Side,1545 route départemental,M,43.64265311128901,7.643898972188278
201800024169,NonLethal,2018-04-26,10:15:00,Daylight,340,3,Yes,T-type,Normal,2Vehicles-Side,DE GAULLE (El4 A Fl5,M,43.3115676142362,3.313096884312948
201800024170,NonLethal,2018-02-05,12:15:00,Daylight,340,3,Yes,NoIntersection,Normal,Other,MONNET (K17 A K18,M,43.30032536645221,3.3001289028044782
201800024171,Lethal,2018-07-24,07:40:00,TwilightOrDawn,340,3,Yes,NoIntersection,VeryGood,Other,MITTERRAND (K19 A O24,M,43.302716729552216,3.3030280074870304
201800024172,NonLethal,2018-07-24,21:00:00,Daylight,340,3,No,NoIntersection,Normal,2Vehicles-Side,RD612,M,43.30527777556995,3.3050897386308
201800024173,NonLethal,2018-07-30,09:20:00,Daylight,340,3,No,NoIntersection,Normal,Other,NEUF AGDE-LA TAMARISSIER,M,43.30087733121816,3.300025272988792
201800024174,NonLethal,2018-07-30,14:35:00,Daylight,340,3,No,NoIntersection,Normal,3+Vehicles-Multiple,RD612,M,43.29541540255254,3.292760132275905
201800024175,NonLethal,2018-09-08,12:50:00,Daylight,340,3,Yes,T-type,Normal,2Vehicles-Side,SAINT VINCENT (T5 A W9 E,M,43.2881635633302,3.286264420922969
201800024176,NonLethal,2018-08-15,15:35:00,Daylight,340,3,Yes,NoIntersection,Normal,2Vehicles-BehindVehicles-Frontal,SETE ( ROUTE),M,43.3065851006543,3.3076746474204914
201800024177,NonLethal,2018-08-22,13:55:00,Daylight,340,3,Yes,NoIntersection,Normal,Other,SETE ( ROUTE),M,43.30789479928925,3.31046127105808
201800024178,NonLethal,2018-08-22,12:20:00,Daylight,340,3,Yes,NoIntersection,Normal,2Vehicles-Side,SAINT CHRIST (M7 A H11,M,43.29835455872899,3.2991020686398795
201800024179,NonLethal,2018-09-16,19:35:00,TwilightOrDawn,340,3,No,NoIntersection,Normal,2Vehicles-Side,RD612,M,43.29740558208907,3.2969387395491814
201800024180,NonLethal,2018-05-10,08:40:00,Daylight,340,3,Yes,NoIntersection,VeryGood,Other,ROCHELONGUE (G14 A O16 E,M,43.29717879755993,3.298805436699571
201800024181,NonLethal,2018-10-20,00:55:00,NightStreelightsOn,340,3,Yes,NoIntersection,Normal,2Vehicles-Side,BAGNAS (E19 A F20,M,43.297395732810536,3.296627528253658
201800024182,NonLethal,2018-11-15,07:05:00,TwilightOrDawn,340,3,Yes,NoIntersection,Overcast,Other,PANTELLERIA ( Boulevard),M,43.30306215330225,3.3056212076255203
201800024183,NonLethal,2018-11-23,18:55:00,NightStreelightsOn,340,3,Yes,NoIntersection,Normal,Other,ROCHELONGUE (G14 A O16,M,43.2990115047952,3.2986079375731925
201800024184,NonLethal,2018-03-12,10:35:00,Daylight,340,3,Yes,NoIntersection,Normal,Other,CASSIN (J18 A I20,M,43.30533152731556,3.304478201616218
201800024185,NonLethal,2018-11-30,16:00:00,Daylight,340,3,Yes,X-type,Normal,2Vehicles-Side,POMPIDOU (Hl2 A l4,M,43.30842534428266,3.309680372313372
201800024186,NonLethal,2018-01-01,17:50:00,TwilightOrDawn,340,32,Yes,NoIntersection,HeavyRain,2Vehicles-Side,"23, VERDUN (BD DE)",M,43.3360808649396,3.3367379751507475
201800024187,NonLethal,2018-01-04,15:45:00,Daylight,340,32,Yes,NoIntersection,Normal,NoCollision,LESSEPS FERDINAND DE (RU,M,43.35130412732446,3.35307412623344
201800024188,NonLethal,2018-08-01,22:20:00,NightStreelightsOn,340,32,Yes,T-type,Other,2Vehicles-Side,VILLON PIERRE (RUE),M,43.3423665334401,3.344012182132955
201800024189,NonLethal,2018-08-01,17:20:00,TwilightOrDawn,340,32,Yes,NoIntersection,LightRain,Other,"129, CLEMENCEAU GEORGES",M,43.34955195545472,3.350230724629379
201800024190,NonLethal,2018-01-09,15:20:00,Daylight,340,32,Yes,NoIntersection,Other,NoCollision,"21, FONT-NEUVE (AV DE LA",M,43.35002113921628,3.3518521221539475
201800024192,NonLethal,2018-01-17,17:20:00,Daylight,340,32,Yes,NoIntersection,Normal,NoCollision,"126, HEMINGWAY ERNEST (B",M,43.35995639453573,3.360119301673504
201800024194,NonLethal,2018-02-07,16:10:00,Daylight,340,32,Yes,NoIntersection,Normal,NoCollision,"87, LIBERTE (BD DE LA)",M,43.33861955214817,3.339269095460697
201800024195,Lethal,2018-10-03,23:00:00,NightNoStreetLight,340,32,No,NoIntersection,Normal,2Vehicles-BehindVehicles-Frontal,ROUTE DEPARTEMENTALE 612,M,43.3383858892731,3.3400464888926886
201800024197,NonLethal,2018-02-14,15:05:00,Daylight,340,32,Yes,NoIntersection,Normal,2Vehicles-Behind,"sans, WILSON PRESIDENT (",M,43.33506776995097,3.333786890148696
201800024201,NonLethal,2018-05-11,16:20:00,Daylight,340,32,Yes,NoIntersection,Normal,Other,HAUY VALENTIN (RUE),M,43.34076567646541,3.33865614476099
201800024202,NonLethal,2018-05-18,18:15:00,Daylight,340,32,Yes,Other,Other,2Vehicles-Side,AVE RHIN ET DANUBE,M,43.356251654768585,3.355285861498725
201800024203,NonLethal,2018-06-21,20:50:00,Daylight,340,32,Yes,Other,Normal,Other,WILSON PRESIDENT (AV DU),M,43.33338150263892,3.335950935307733
201800024204,NonLethal,2018-06-28,08:05:00,Daylight,340,32,Yes,NoIntersection,Normal,2Vehicles-Behind,WILSON PRESIDENT (AV DU),M,43.33553756955205,3.334807240599885
201800024205,NonLethal,2018-07-12,18:10:00,Daylight,340,32,Yes,Other,Normal,2Vehicles-BehindVehicles-Frontal,CLEMENCEAU GEORGES (AVEN,M,43.3475999267915,3.3454383179571834
201800024206,NonLethal,2018-07-14,13:50:00,Daylight,340,32,No,NoIntersection,Normal,Other,ROUTE DE MURVIEL (RD.19),M,43.36690288912862,3.365338089471763
201800024207,NonLethal,2018-07-28,20:00:00,Daylight,340,32,Yes,X-type,Normal,Other,TASTE VIN (RUE DU),M,43.33710783069984,3.333595160981276
201800024208,NonLethal,2018-07-30,08:20:00,Daylight,340,32,Yes,NoIntersection,Normal,Other,SAINT SAENS CAMILLE (AV),M,43.3455080575779,3.342853064356928
201800024210,NonLethal,2018-08-14,17:00:00,Daylight,340,32,Yes,NoIntersection,Normal,Other,VERDI GIUSEPPE (RUE),M,43.34273818211966,3.343655641089523
201800024212,NonLethal,2018-08-20,19:00:00,Daylight,340,32,Yes,NoIntersection,Normal,2Vehicles-Side,PONT NEUF (RUE DU),M,43.33789607221596,3.3372930215025853
201800024213,NonLethal,2018-08-23,22:45:00,NightStreelightsOn,340,32,Yes,NoIntersection,Normal,Other,CORNEILHAN (ROUTE DE),M,43.35495797570956,3.353201051640617
201800024214,NonLethal,2018-08-25,11:30:00,Daylight,340,32,Yes,Other,Normal,2Vehicles-Side,MOULIN JEAN (AV),M,43.34548513712125,3.346919841256084
201800024215,NonLethal,2018-09-21,22:00:00,NightNoStreetLight,340,32,No,NoIntersection,Normal,NoCollision,ROUTE DE MURVIEL (RD.19,M,43.35669427056585,3.3571668830479857
201800024216,NonLethal,2018-09-21,09:15:00,Daylight,340,32,Yes,X-type,Normal,Other,MOULIN JEAN (AV),M,43.35147384374417,3.353846920076031
201800024217,NonLethal,2018-09-25,15:30:00,Daylight,340,32,Yes,NoIntersection,Normal,Other,FOCH MARECHAL FERDINAND,M,43.34647033369968,3.3462355497631595
201800024218,NonLethal,2018-01-10,07:45:00,Daylight,340,32,Yes,T-type,Normal,2Vehicles-Side,AUBER ESPRIT (RUE),M,43.33872584312068,3.339286094233461
201800024219,NonLethal,2018-03-10,16:40:00,Daylight,340,32,Yes,Other,Other,2Vehicles-Behind,NARBONNE (ROUTE DE),M,43.33743310216438,3.3387151213033475
201800024221,NonLethal,2018-11-07,20:00:00,NightNoStreetLight,340,336,No,NoIntersection,LightRain,2Vehicles-Side,RD 37,M,43.30025373364328,3.3020347697600654
201800024222,NonLethal,2018-11-16,16:15:00,Daylight,340,32,Yes,NoIntersection,Normal,Other,JUIN MARECHAL (RUE DU),M,43.34505068547417,3.343182928046238
201800024224,NonLethal,2018-11-30,22:00:00,NightStreelightsOn,340,32,Yes,NoIntersection,Normal,Other,CLAPAREDE EMILE (AVENUE),M,43.343178917671416,3.341805685852187
201800024225,Lethal,2018-05-12,17:10:00,Daylight,340,32,Yes,NoIntersection,Normal,2Vehicles-Behind,ROUTE DEPARTEMENTALE 612,M,43.34421156090736,3.3437348110259424
201800024226,NonLethal,2018-06-12,01:20:00,NightNoStreetLight,340,336,Yes,Roundabout,Other,NoCollision,MERIDIENNE (ROND POINT D,M,43.33704010482139,3.336329454024546
201800024227,NonLethal,2018-08-12,13:35:00,Daylight,340,32,No,NoIntersection,Normal,2Vehicles-BehindVehicles-Frontal,AGDE (AVENUE),M,43.32543758432492,3.324383918172344
201800024228,NonLethal,2018-01-03,11:30:00,Daylight,340,172,Yes,NoIntersection,Normal,2Vehicles-Behind,NIMES (AVENUE DE),M,43.63000708604464,3.629645852104869
201800024229,NonLethal,2018-01-03,21:05:00,NightStreelightsOn,340,172,Yes,NoIntersection,Normal,Other,"374, MENDE (ROUTE DE)",M,43.62505998269865,3.625965192149432
201800024230,NonLethal,2018-05-01,09:10:00,Daylight,340,198,Yes,T-type,Normal,2Vehicles-Behind,D172,M,43.57810591997135,3.5785012771885385
201800024231,NonLethal,2018-05-01,12:30:00,Daylight,340,172,Yes,NoIntersection,Normal,2Vehicles-Side,"518, MENDE (ROUTE DE)",M,43.627883102218085,3.6274491996884057
201800024232,NonLethal,2018-01-05,16:10:00,Daylight,340,172,Yes,NoIntersection,Normal,2Vehicles-Behind,PAVELET (AVENUE DU COLON,M,43.5808277913022,3.582201416719869
201800024233,NonLethal,2018-01-06,12:40:00,Daylight,340,172,Yes,NoIntersection,Normal,2Vehicles-Side,"486, ROQUETURIERE (RUE D",M,43.63138004276596,3.631307240329851
201800024235,NonLethal,2018-08-01,18:10:00,NightStreelightsOn,340,172,Yes,NoIntersection,HeavyRain,2Vehicles-Behind,LODEVE (AVENUE DE,M,43.61556358186823,3.6131787279934793
201800024236,NonLethal,2018-11-01,17:50:00,TwilightOrDawn,340,172,Yes,T-type,Normal,2Vehicles-Side,"sans, NOBEL (RUE ALFRED)",M,43.61547903250976,3.6141891920565694
201800024237,NonLethal,2018-11-01,19:30:00,NightStreelightsOn,340,172,Yes,NoIntersection,Normal,2Vehicles-Side,"35, ASSAS (AVENUE D')",M,43.61327773923562,3.6164943463182784
201800024238,NonLethal,2018-01-12,16:00:00,Daylight,340,172,Yes,NoIntersection,Normal,Other,PEDRO DE LUNA (BOULEVARD,M,43.59420254581883,3.594846477389169
201800024239,NonLethal,2018-01-17,14:30:00,Daylight,340,172,Yes,NoIntersection,Normal,2Vehicles-Side,LAVERUNE (ROUTE DE,M,43.60327857029798,3.6040317816233065
201800024240,NonLethal,2018-01-18,15:05:00,Daylight,340,172,Yes,NoIntersection,Normal,Other,"78, FIGUEROLLES FAUBOURG",M,43.60698464105244,3.6072347913241143
201800024241,NonLethal,2018-01-18,18:30:00,NightNoStreetLight,340,172,Yes,NoIntersection,Normal,Other,CARTIER (AVENUE JACQUES),M,43.60673532582744,3.606007669295405
201800024242,NonLethal,2018-01-21,01:53:00,NightStreelightsOn,340,172,Yes,NoIntersection,Overcast,Other,YERSIN (ROND-POINT ALEXA,M,43.604676657967325,3.604026169827998
201800024243,NonLethal,2018-01-22,12:35:00,Daylight,340,172,Yes,T-type,Normal,Other,GRASSET AVENUE DU PRO,M,43.62123971100449,3.6202848912616834
201800024244,NonLethal,2018-01-24,17:55:00,Daylight,340,172,Yes,NoIntersection,Normal,NoCollision,"03, RENOUVIER (BOULEVARD",M,43.60652585966486,3.605117021432604
201800024245,NonLethal,2018-01-24,21:12:00,NightStreelightsOn,340,172,Yes,NoIntersection,Normal,3+Vehicles-Multiple,"119, MENDE (ROUTE DE)",M,43.62585920829814,3.623708534396721
201800024246,NonLethal,2018-01-13,07:55:00,TwilightOrDawn,340,172,Yes,NoIntersection,Normal,NoCollision,ALCO (ROND POINT D'),M,43.62600337167401,3.624730868906017
201800024247,NonLethal,2018-01-26,17:05:00,Daylight,340,129,Yes,NoIntersection,LightRain,Other,"620, MONTPELLIER (AVENUE",M,43.56738473458302,3.569107580581253
201800024248,NonLethal,2018-01-27,01:25:00,NightStreelightsOn,340,172,Yes,Square,LightRain,Other,RONDELET (PLACE),M,43.60395952042887,3.6025056764297383
201800024249,NonLethal,2018-01-27,10:15:00,Daylight,340,172,Yes,NoIntersection,Normal,2Vehicles-Behind,"02, LODEVE (ROUTE DE)",M,43.61062208642313,3.610846439840438
201800024250,NonLethal,2018-01-28,23:30:00,NightStreelightsOn,340,172,Yes,NoIntersection,Normal,NoCollision,CHAULIAC (PONT RAYMOND),M,43.608944317699056,3.6112968679292
201800024251,NonLethal,2018-01-29,16:47:00,Daylight,340,172,Yes,NoIntersection,Normal,NoCollision,"40, FLAHAULT (AVENUE CHA",M,43.62346327488942,3.621952077028016
201800024253,NonLethal,2018-01-30,13:10:00,Daylight,340,172,Yes,T-type,Normal,2Vehicles-Side,PARADISIERS (RUE DES),M,43.61826625211844,3.6182175730636192
201800024255,NonLethal,2018-01-27,20:50:00,NightStreelightsOff,340,172,Yes,T-type,Normal,Other,"0, TOULOUSE (AVENUE DE",M,43.58731819840875,3.5864155295788054
201800024256,Lethal,2018-02-01,04:55:00,NightStreelightsOn,340,172,Yes,NoIntersection,LightRain,NoCollision,GIRAUD (AVENUE DU DOYEN,M,43.63502345614677,3.634249831441625
201800024257,NonLethal,2018-04-02,18:05:00,NightStreelightsOn,340,172,Yes,NoIntersection,Normal,Other,"sans, VALLOIS (RUE PROFE",M,43.614180394595664,3.614192314923863
201800024258,NonLethal,2018-08-02,05:25:00,NightNoStreetLight,340,129,Yes,NoIntersection,Normal,Other,D116,M,43.55966953859972,3.561541033356786
201800024260,NonLethal,2018-10-02,19:45:00,Daylight,340,172,Yes,X-type,Normal,2Vehicles-Side,REINE HELENE D'ITALIE (A,M,43.6244551969889,3.625393890802082
201800024261,NonLethal,2018-02-15,08:30:00,Daylight,340,172,Yes,NoIntersection,Normal,Other,FLAHAULT (AVENUE CHARLES,M,43.61719611671441,3.6174340904309377
201800024262,NonLethal,2018-02-15,11:05:00,Daylight,340,172,Yes,T-type,Overcast,2Vehicles-Side,"sans, CARTIER (AVENUE JA",M,43.60493783341159,3.6050931029855984
201800024263,NonLethal,2018-02-16,13:00:00,Daylight,340,172,Yes,NoIntersection,Normal,Other,FAUBOURG FIGUEROLLES (RU,M,43.60857942376146,3.606471204903752
201800024264,NonLethal,2018-02-17,17:50:00,Daylight,340,172,Yes,NoIntersection,Normal,Other,CONSULS MER (BOULEVARD D,M,43.60379022647478,3.6051297336900014
201800024265,NonLethal,2018-02-15,19:25:00,NightStreelightsOn,340,172,Yes,NoIntersection,Normal,Other,"0, PONT DE LAVERUNE (RUE",M,43.60767333631589,3.6066419854234426
201800024266,NonLethal,2018-04-03,13:10:00,Daylight,340,172,Yes,T-type,Overcast,2Vehicles-BehindVehicles-Frontal,"0, PAVELET (AVENUE DU CO",M,43.5885108076003,3.589526027907228
201800024267,NonLethal,2018-05-03,09:20:00,Daylight,340,172,Yes,NoIntersection,LightRain,Other,"24, ABRIVADO (RUE DE L')",M,43.59105235086682,3.589616014374485
201800024269,NonLethal,2018-03-06,09:00:00,Daylight,340,172,Yes,NoIntersection,Normal,Other,CARDONILLE (RUE DE LA),M,43.63495384887126,3.6371504602291966
201800024270,NonLethal,2018-03-05,10:20:00,Daylight,340,129,Yes,X-type,Normal,2Vehicles-Behind,EUROPE (AVENUE DE L'),M,43.571272204377415,3.5709261018147025
201800024271,NonLethal,2018-02-25,19:10:00,NightStreelightsOn,340,172,Yes,NoIntersection,Normal,Other,GARRATS (AVENUE DES),M,43.6113819695157,3.61159304118443