AccidentId,Gravity,Date,Hour,Light,Department,Commune,InAgglomeration,IntersectionType,Weather,CollisionType,PostalAddress,GPSCode,Latitude,Longitude
201800024272,NonLethal,2018-03-08,14:30:00,Daylight,340,172,Yes,X-type,Normal,2Vehicles-Side,JUSTICE DE CASTELNAU (AV,M,43.62648648752129,3.6264047025013393
201800024273,NonLethal,2018-10-03,06:25:00,NightStreelightsOn,340,172,Yes,NoIntersection,LightRain,2Vehicles-Side,"116, TOULOUSE (AVENUE DE",M,43.59469289822376,3.5932546558185847
201800024275,NonLethal,2018-03-14,23:32:00,NightStreelightsOn,340,172,Yes,X-type,Normal,2Vehicles-Side,LIBERTE (AVENUE DE LA,M,43.61104980562664,3.609975168081732
201800024276,NonLethal,2018-03-17,00:08:00,NightStreelightsOn,340,172,Yes,Roundabout,LightRain,2Vehicles-Side,PRES D'ARENES (ROND-POIN,M,43.59077458476104,3.589126653756192
201800024277,NonLethal,2018-03-18,06:15:00,NightStreelightsOn,340,129,No,Other,Normal,2Vehicles-Behind,PALAVAS D986 (ROUTE DE),M,43.58363430884783,3.581168613484597
201800024278,NonLethal,2018-03-18,08:45:00,Daylight,340,198,Yes,X-type,Normal,2Vehicles-Side,D21  ROUTE DE CARNON,M,43.57747648278546,3.578395166626293
201800024279,NonLethal,2018-03-18,15:35:00,Daylight,340,172,Yes,T-type,Normal,2Vehicles-Side,MONDIAL 98 (AVENUE DU),M,43.60661715581725,3.607008559756703
201800024280,NonLethal,2018-03-18,14:15:00,Daylight,340,172,Yes,NoIntersection,Normal,Other,"sans, SAXIFRAGE (RUE DU)",M,43.61613901740278,3.6160035385816887
201800024281,NonLethal,2018-03-20,07:32:00,Daylight,340,129,Yes,X-type,Normal,2Vehicles-Side,RD21 (ROUTE DE CARNON),M,43.58408277773106,3.58265189212249
201800024282,NonLethal,2018-03-20,19:45:00,NightStreelightsOn,340,172,Yes,X-type,Normal,3+Vehicles-Multiple,ASSAS (AVENUE D'),M,43.61684616770708,3.616800583883269
201800024283,NonLethal,2018-03-22,09:00:00,Daylight,340,129,Yes,NoIntersection,Normal,2Vehicles-Side,D132,M,43.56991704674006,3.571853947441216
201800024284,NonLethal,2018-03-21,23:10:00,NightStreelightsOn,340,172,Yes,Roundabout,Normal,NoCollision,"0, FAJON (ROND-POINT PAU",M,43.59591131508813,3.595137361827229
201800024285,NonLethal,2018-03-24,06:40:00,TwilightOrDawn,340,172,Yes,NoIntersection,Overcast,2Vehicles-BehindVehicles-Frontal,CITADELLE (ALLEE DE LA),M,43.60878749625324,3.609418280027507
201800024286,NonLethal,2018-03-24,13:07:00,Daylight,340,172,Yes,T-type,Normal,2Vehicles-Side,FLAHAULT (AVENUE CHARLES,M,43.62331280573551,3.623646048452892
201800024287,NonLethal,2018-03-24,19:35:00,NightStreelightsOn,340,172,Yes,NoIntersection,Normal,NoCollision,HEIDELBERG (AVENUE DE),M,43.62393058574131,3.621863887070423
201800024288,NonLethal,2018-03-29,23:25:00,NightStreelightsOn,340,172,Yes,NoIntersection,Normal,Other,MOULINS (AVENUE DES,M,43.636710745008486,3.6375506016038095
201800024289,NonLethal,2018-03-31,04:45:00,NightStreelightsOn,340,172,Yes,NoIntersection,Normal,Other,"1, RICARD (RUE HILAIRE)",M,43.61257681488544,3.6097577210144633
201800024290,NonLethal,2018-03-31,14:05:00,Daylight,340,172,Yes,NoIntersection,Normal,2Vehicles-Side,ALCO (ROND POINT D'),M,43.6236096639079,3.6225738268869465
201800024291,NonLethal,2018-01-04,05:05:00,NightStreelightsOn,340,172,Yes,X-type,Normal,2Vehicles-Behind,PONT JUVENAL (AVENUE DU),M,43.60470308305827,3.604682588027391
201800024292,NonLethal,2018-04-03,21:00:00,NightNoStreetLight,340,198,Yes,NoIntersection,Normal,Other,D21  ROUTE DE CARNON,M,43.55760332336455,3.558613862937763
201800024294,NonLethal,2018-04-03,16:55:00,Daylight,340,172,Yes,NoIntersection,Normal,Other,COURREAU FAUBOURG DU,M,43.60843569425031,3.608929725968931
201800024296,NonLethal,2018-04-06,18:30:00,Daylight,340,172,Yes,NoIntersection,Normal,Other,MERLE MAS DE,M,43.60693078925385,3.604485417812463
201800024297,NonLethal,2018-07-04,15:55:00,Daylight,340,172,Yes,Y-type,Normal,Other,PRES D'ARENES (AVENUE DE,M,43.59030324545746,3.5916509889419355
201800024298,NonLethal,2018-11-04,14:45:00,Daylight,340,172,Yes,NoIntersection,HeavyRain,3+Vehicles-Chain,RIMBAUD (RUE PAUL),M,43.61949359466846,3.621512130157079
201800024299,Lethal,2018-04-12,09:15:00,Daylight,340,172,Yes,NoIntersection,LightRain,Other,MAURIN (AVENUE DE,M,43.59132017955544,3.5929326841520024
201800024301,NonLethal,2018-04-14,22:30:00,NightStreelightsOn,340,172,Yes,NoIntersection,Normal,Other,PENELOPE (BOULEVARD),M,43.60297294898098,3.601777608417128
201800024302,NonLethal,2018-04-14,21:35:00,NightStreelightsOn,340,172,Yes,Other,Overcast,2Vehicles-Side,EUROPE (AVENUE DE L'),M,43.62340214811903,3.6233238057742
201800024303,Lethal,2018-04-15,16:25:00,Daylight,340,172,Yes,NoIntersection,Normal,Other,TOULOUSE (AVENUE DE,M,43.58598257563615,3.5888681098289474
201800024304,NonLethal,2018-04-17,15:20:00,Daylight,340,172,Yes,NoIntersection,Normal,Other,PALAVAS (AVENUE DE),M,43.59075747281737,3.5915189431134977
201800024307,NonLethal,2018-04-18,11:20:00,Daylight,340,129,Yes,T-type,Normal,Other,LE BERNIN (AVENUE),M,43.578478177390735,3.5790854444143694
201800024308,NonLethal,2018-04-18,08:57:00,Daylight,340,172,Yes,NoIntersection,Normal,2Vehicles-Side,NOBEL (RUE ALFRED),M,43.60976102106102,3.61115339167075
201800024310,NonLethal,2018-04-24,17:53:00,Daylight,340,172,Yes,NoIntersection,Normal,2Vehicles-Side,SOULAS (AVENUE DU PERE,M,43.63052370350181,3.628705306460431
201800024311,NonLethal,2018-04-24,17:00:00,Daylight,340,172,Yes,NoIntersection,Normal,2Vehicles-Side,MONDIAL 98 (AVENUE DU),M,43.602412587350784,3.603346143441629
201800024312,NonLethal,2018-04-24,20:15:00,TwilightOrDawn,340,172,Yes,NoIntersection,Normal,2Vehicles-Side,ACCONIERS (RUE DES),M,43.59629043952301,3.594519139619586
201800024314,NonLethal,2018-04-21,20:55:00,TwilightOrDawn,340,172,Yes,T-type,Normal,2Vehicles-Side,VIEILLE POSTE (RUE DE LA,M,43.61175285331771,3.6119160064887104
201800024316,NonLethal,2018-02-05,10:55:00,Daylight,340,129,Yes,NoIntersection,Normal,Other,MONTPELLIER (AVENUE DE),M,43.56803082445384,3.5688157255403263
201800024317,NonLethal,2018-05-04,15:55:00,Daylight,340,172,Yes,NoIntersection,Normal,Other,MONTPELLIER (AVENUE MARI,M,43.601413087231776,3.6010234991787886
201800024318,NonLethal,2018-04-05,21:40:00,NightStreelightsOn,340,172,Yes,NoIntersection,Normal,2Vehicles-Behind,DUBOUT (AVENUE ALBERT),M,43.59782434373717,3.5969372602958423
201800024320,NonLethal,2018-05-05,17:15:00,Daylight,340,129,Yes,NoIntersection,Normal,3+Vehicles-Multiple,FIGUIERES (AVENUE DE),M,43.58423892952051,3.584306584347124
201800024321,NonLethal,2018-05-05,17:20:00,Daylight,340,172,Yes,NoIntersection,Normal,2Vehicles-BehindVehicles-Frontal,PARGUEL (AVENUE ABBE PAU,M,43.63323175678156,3.632804877162319
201800024323,NonLethal,2018-05-17,16:20:00,Daylight,340,172,Yes,NoIntersection,Normal,2Vehicles-Side,MONTELS-EGLISE (RUE DE),M,43.57899498791545,3.578632320283169
201800024324,NonLethal,2018-05-19,00:38:00,NightStreelightsOn,340,172,Yes,X-type,Normal,2Vehicles-Side,LAVERUNE (ROUTE DE,M,43.60409122967843,3.6031511807044354
201800024325,NonLethal,2018-05-23,08:40:00,Daylight,340,172,Yes,Other,Normal,Other,PRES D'ARENES (AVENUE DE,M,43.59157603611417,3.5910370449223943
201800024326,NonLethal,2018-05-23,19:05:00,Daylight,340,172,Yes,X-type,Normal,2Vehicles-Side,MOULARES (CHEMIN DE,M,43.59938774134765,3.600651552426187
201800024328,NonLethal,2018-05-26,23:30:00,NightStreelightsOn,340,172,Yes,NoIntersection,Normal,NoCollision,LIBERTE (AVENUE DE LA,M,43.61104300173877,3.610158445599124
201800024329,NonLethal,2018-09-05,19:50:00,Daylight,340,172,Yes,Y-type,Normal,Other,CLARET (RUE DE),M,43.60550830175845,3.6028274396536144
201800024330,NonLethal,2018-05-25,08:55:00,Daylight,340,172,Yes,NoIntersection,Normal,Other,BOULLOCHE (RUE ANDRE),M,43.641450622782365,3.641695410546773
201800024332,NonLethal,2018-05-29,17:30:00,Daylight,340,172,Yes,NoIntersection,Normal,2Vehicles-Side,NOBEL (RUE ALFRED),M,43.6115675359876,3.610340039706172
201800024334,NonLethal,2018-06-04,11:40:00,Daylight,340,129,Yes,T-type,Normal,2Vehicles-BehindVehicles-Frontal,VINCI (AVENUE LEONARD DE,M,43.57416049067098,3.571974312449206
201800024335,NonLethal,2018-04-06,18:05:00,Daylight,340,172,Yes,NoIntersection,Normal,2Vehicles-Behind,VANIERES (AVENUE DE),M,43.59441686620459,3.597621726850232
201800024336,NonLethal,2018-04-06,23:15:00,NightStreelightsOn,340,172,Yes,NoIntersection,Normal,Other,POUTINGON (CHEMIN DE),M,43.58758848863752,3.5875916766658915
201800024337,NonLethal,2018-05-06,18:14:00,Daylight,340,172,Yes,NoIntersection,Normal,2Vehicles-BehindVehicles-Frontal,DUBOUT (AVENUE ALBERT),M,43.594127718398845,3.595971921521016
201800024338,NonLethal,2018-06-06,06:55:00,Daylight,340,172,Yes,NoIntersection,Normal,2Vehicles-BehindVehicles-Frontal,SOULAS (AVENUE DU PERE,M,43.62122125749192,3.620507654824301
201800024339,NonLethal,2018-10-06,23:02:00,NightStreelightsOn,340,172,Yes,NoIntersection,Normal,2Vehicles-Side,PAS DU LOUP (RUE DU,M,43.59751120243378,3.5973620881873627
201800024340,NonLethal,2018-08-06,15:35:00,Daylight,340,172,Yes,X-type,Normal,2Vehicles-BehindVehicles-Frontal,DEZEUZE (RUE FRANCOIS),M,43.61023362306726,3.609063867959736
201800024342,NonLethal,2018-06-16,16:50:00,Daylight,340,172,Yes,T-type,Normal,2Vehicles-Behind,PAS DU LOUP (RUE DU,M,43.59995674773175,3.5990956248837005
201800024343,NonLethal,2018-06-17,03:10:00,NightStreelightsOn,340,172,Yes,NoIntersection,Normal,Other,FIGAIRASSE (RUE DE LA),M,43.60621263778919,3.6074012381591536
201800024344,Lethal,2018-06-17,07:10:00,Daylight,340,129,Yes,Other,Normal,Other,PALAVAS D986 (ROUTE DE),M,43.56821942400927,3.567521066961441
201800024346,NonLethal,2018-06-22,04:20:00,NightStreelightsOn,340,172,Yes,Other,Normal,2Vehicles-Side,ARCEAUX (BOULEVARD DES),M,43.61470419415872,3.6124940560330905
201800024347,NonLethal,2018-06-22,04:10:00,NightStreelightsOn,340,129,Yes,NoIntersection,Normal,2Vehicles-Behind,PALAVAS D986 (ROUTE DE),M,43.58747131475064,3.5874785452247213
201800024348,NonLethal,2018-06-22,17:15:00,Daylight,340,172,Yes,NoIntersection,Normal,2Vehicles-Side,SAINT LAZARE (AVENUE DE),M,43.623788840388,3.624135315057043
201800024349,NonLethal,2018-06-22,17:00:00,Daylight,340,172,Yes,NoIntersection,Normal,Other,COMTE DE NICE (AVENUE DU,M,43.64212929919091,3.641766590850699
201800024351,NonLethal,2018-06-26,08:37:00,Daylight,340,172,Yes,NoIntersection,Normal,NoCollision,PEYRE (RUE ARNAULT),M,43.64108920277606,3.6389252746308256
201800024352,NonLethal,2018-06-24,10:45:00,Daylight,340,172,Yes,X-type,Normal,NoCollision,STRASBOURG (BOULEVARD DE,M,43.60479853180271,3.6035421941930297
201800024353,NonLethal,2018-06-27,08:50:00,Daylight,340,172,Yes,T-type,Normal,3+Vehicles-Multiple,NOBEL (RUE ALFRED),M,43.61222219835488,3.611137761534483
201800024354,NonLethal,2018-06-27,16:35:00,Daylight,340,172,Yes,X-type,Normal,2Vehicles-Side,FLAHAULT (AVENUE CHARLES,M,43.62479009083126,3.623053129433821
201800024355,NonLethal,2018-06-28,10:30:00,Daylight,340,172,Yes,NoIntersection,Normal,2Vehicles-Side,FIGUEROLLES FAUBOURG,M,43.60767762909413,3.60751441563392
201800024356,NonLethal,2018-06-28,16:40:00,Daylight,340,172,Yes,NoIntersection,Normal,2Vehicles-Side,MONTELS-EGLISE (RUE DE),M,43.58182756196197,3.580445262283518
201800024357,NonLethal,2018-06-29,02:45:00,NightStreelightsOn,340,172,Yes,X-type,Normal,2Vehicles-Side,MOULARES (CHEMIN DE,M,43.60066719909853,3.599858351010252
201800024358,NonLethal,2018-01-07,01:15:00,NightStreelightsOn,340,172,Yes,X-type,Normal,2Vehicles-BehindVehicles-Frontal,VILLENEUVE-ANGOULEME (AV,M,43.59908348383559,3.597843367800681
201800024360,NonLethal,2018-06-24,20:52:00,TwilightOrDawn,340,129,No,Other,VeryGood,Other,PALAVAS D986 (ROUTE DE),M,43.55466756306478,3.553919436390823
201800024361,NonLethal,2018-07-05,21:55:00,NightStreelightsOn,340,172,Yes,NoIntersection,Normal,Other,SALENGRO (PLACE ROGER),M,43.60668177331045,3.607122607560955
201800024362,NonLethal,2018-07-07,03:50:00,NightStreelightsOn,340,172,Yes,X-type,Normal,2Vehicles-Side,STRASBOURG (BOULEVARD DE,M,43.60392612599963,3.602988998639333
201800024363,NonLethal,2018-07-08,10:45:00,Daylight,340,198,No,NoIntersection,Normal,2Vehicles-Side,D66  VOIE RAPIDE,M,43.57199975681771,3.570512133502197
201800024364,NonLethal,2018-09-07,07:40:00,Daylight,340,172,Yes,NoIntersection,Normal,3+Vehicles-Multiple,LIBERTE (AVENUE DE LA,M,43.60518218840048,3.605421144011285
201800024366,NonLethal,2018-10-07,14:30:00,Daylight,340,172,Yes,NoIntersection,Normal,3+Vehicles-Multiple,LIBERTE (AVENUE DE LA,M,43.6088683513296,3.612924416718929
201800024367,NonLethal,2018-07-10,17:20:00,Daylight,340,172,Yes,NoIntersection,Normal,3+Vehicles-Multiple,TAILLADE (RUE DE LA),M,43.608676492903456,3.6089234043037286
201800024369,NonLethal,2018-12-07,18:20:00,Daylight,340,129,No,NoIntersection,Normal,Other,Dll6,M,43.56296648026437,3.560922223179576
201800024370,NonLethal,2018-07-19,06:25:00,Daylight,340,172,Yes,NoIntersection,Normal,3+Vehicles-Chain,LAVERUNE (ROUTE DE,M,43.60292023591549,3.6027166299518254
201800024371,NonLethal,2018-07-19,14:00:00,Daylight,340,172,Yes,NoIntersection,Normal,Other,NERUDA (AVENUE PABLO),M,43.61743759128981,3.61582159701227
201800024372,NonLethal,2018-05-25,16:50:00,Daylight,340,172,Yes,NoIntersection,Normal,2Vehicles-Side,ALCO (RUE D',M,43.61700907370612,3.618958084465897
201800024374,NonLethal,2018-07-26,12:30:00,Daylight,340,172,Yes,NoIntersection,Normal,3+Vehicles-Multiple,ALCO (ROND-POINT D'),M,43.62428311304695,3.622538881278553
201800024376,NonLethal,2018-07-26,12:20:00,Daylight,340,172,Yes,NoIntersection,Normal,Other,GRANIER (ROND POINT ERNE,M,43.602921489410974,3.6034632537073215
201800024377,NonLethal,2018-07-27,19:00:00,Daylight,340,172,Yes,NoIntersection,Normal,3+Vehicles-Chain,MENDES FRANCE (AVENUE PR,M,43.60965382073559,3.6087345352535873
201800024380,NonLethal,2018-08-08,07:35:00,Daylight,340,172,Yes,NoIntersection,Normal,2Vehicles-BehindVehicles-Frontal,NERUDA (AVENUE PABLO),M,43.6126033392376,3.612843562136693
201800024381,NonLethal,2018-08-08,11:09:00,Daylight,340,172,Yes,NoIntersection,Normal,Other,DUBOUT (AVENUE ALBERT),M,43.59566430522444,3.5956520561497785
201800024382,NonLethal,2018-08-09,16:00:00,Daylight,340,172,Yes,X-type,LightRain,2Vehicles-Side,FLAHAULT (AVENUE CHARLES,M,43.62339726401237,3.623220258515093
201800024383,NonLethal,2018-08-11,02:49:00,NightStreelightsOn,340,172,Yes,T-type,Normal,Other,ETATS DU LANGUEDOC (AVEN,M,43.60815679623912,3.60575215042746
201800024384,NonLethal,2018-08-07,17:51:00,Daylight,340,129,Yes,X-type,Normal,2Vehicles-Side,RD21 (ROUTE DE CARNON),M,43.582640041456926,3.58266659193069
201800024385,NonLethal,2018-08-13,16:20:00,Daylight,340,172,Yes,X-type,Normal,Other,Ernest Hmingway (avenue,M,43.633593764874185,3.635022411413922
201800024387,NonLethal,2018-08-14,22:10:00,NightStreelightsOn,340,172,No,NoIntersection,Normal,2Vehicles-Behind,MERMOZ (AVENUE JEAN),M,43.60862762921251,3.608597792760434
201800024388,Lethal,2018-08-16,22:20:00,NightStreelightsOn,340,172,Yes,NoIntersection,Normal,Other,JUSTICE DE CASTELNAU (AV,M,43.62608259240812,3.625771965857535
201800024389,NonLethal,2018-08-21,14:00:00,Daylight,340,172,Yes,NoIntersection,Normal,2Vehicles-Behind,TOULOUSE (AVENUE DE,M,43.59077326670736,3.5912504773953104
201800024390,NonLethal,2018-08-22,14:44:00,Daylight,340,198,Yes,X-type,Normal,3+Vehicles-Multiple,D172,M,43.578037267961165,3.5781197229535606
201800024391,NonLethal,2018-08-19,20:10:00,Daylight,340,172,Yes,T-type,Normal,2Vehicles-BehindVehicles-Frontal,TOULOUSE (AVENUE DE,M,43.60163203003212,3.599010926143408
201800024392,NonLethal,2018-08-24,17:35:00,Daylight,340,172,Yes,T-type,Normal,2Vehicles-Side,FIGUEROLLES FAUBOURG,M,43.60709020415098,3.606266778271539
201800024394,NonLethal,2018-08-27,16:55:00,Daylight,340,172,Yes,NoIntersection,Normal,2Vehicles-Behind,LIBERTE (AVENUE DE LA,M,43.60865648502138,3.609245295877416
201800024395,NonLethal,2018-08-29,12:25:00,Daylight,340,172,Yes,NoIntersection,Normal,2Vehicles-Behind,LIBERTE (AVENUE DE LA,M,43.60996821513889,3.610481738669863
201800024396,NonLethal,2018-08-31,16:45:00,Daylight,340,172,Yes,T-type,Normal,2Vehicles-Side,PEDRO DE LUNA (BOULEVARD,M,43.59482050427018,3.5951551322172253
201800024397,NonLethal,2018-09-01,09:40:00,Daylight,340,172,Yes,NoIntersection,Normal,Other,RIEGES (RUE DES),M,43.61956435120506,3.620129807243855
201800024398,NonLethal,2018-02-09,04:50:00,NightStreelightsOn,340,172,Yes,NoIntersection,Normal,Other,LIBERTE (AVENUE DE LA,M,43.60829236675054,3.607780293060508
201800024399,NonLethal,2018-09-04,17:40:00,Daylight,340,172,Yes,NoIntersection,Normal,Other,POSEIDON (RUE),M,43.60838786210925,3.607450841698244
201800024400,NonLethal,2018-09-05,20:00:00,Daylight,340,172,Yes,X-type,Normal,2Vehicles-Side,DUNANT (RUE HENRI),M,43.62578647833831,3.627387971069725
201800024401,NonLethal,2018-09-07,00:30:00,NightStreelightsOn,340,172,Yes,X-type,Normal,2Vehicles-Side,TOULOUSE (AVENUE DE,M,43.599916362556606,3.5988544212290283
201800024402,NonLethal,2018-09-10,08:40:00,Daylight,340,172,Yes,NoIntersection,Normal,2Vehicles-Behind,PALAVAS (AVENUE DE),M,43.59698897335717,3.597223193576378
201800024403,NonLethal,2018-09-12,15:05:00,Daylight,340,172,Yes,X-type,Normal,2Vehicles-Side,LODEVE (AVENUE DE,M,43.61356606621966,3.615185897991056
201800024404,NonLethal,2018-12-09,21:10:00,NightStreelightsOn,340,172,Yes,X-type,Normal,2Vehicles-Side,SUBSTANTION (RUE DE),M,43.61722005932384,3.616647375886157
201800024405,NonLethal,2018-09-13,08:50:00,Daylight,340,172,Yes,NoIntersection,Normal,2Vehicles-Side,MAURIN (AVENUE DE,M,43.594892188736026,3.5949067374791053
201800024406,NonLethal,2018-09-13,16:15:00,Daylight,340,172,Yes,NoIntersection,Normal,2Vehicles-Behind,CITADELLE (ALLEE DE LA),M,43.6101497547677,3.608441876246218
201800024407,NonLethal,2018-09-14,03:30:00,NightStreelightsOn,340,172,Yes,NoIntersection,Normal,2Vehicles-Side,DUBOUT (AVENUE ALBERT),M,43.59566673606039,3.5960070018011763
201800024408,NonLethal,2018-09-14,07:25:00,TwilightOrDawn,340,172,Yes,NoIntersection,Normal,3+Vehicles-Multiple,LIBERTE (AVENUE DE LA,M,43.608175054906056,3.6098108658811023
201800024409,NonLethal,2018-09-14,14:45:00,Daylight,340,172,Yes,T-type,Normal,2Vehicles-Side,CARRIEU (RUE MARIUS),M,43.61868526291454,3.619081880458854
201800024410,NonLethal,2018-09-14,18:50:00,Daylight,340,172,Yes,X-type,Normal,2Vehicles-Side,CHOLET (RUE DE),M,43.58153989323841,3.582206212987621
201800024413,NonLethal,2018-09-17,16:40:00,Daylight,340,172,Yes,NoIntersection,Normal,2Vehicles-Behind,POUTINGON (CHEMIN DE),M,43.58698228948761,3.586247416906725
201800024414,NonLethal,2018-09-17,19:20:00,TwilightOrDawn,340,172,Yes,Other,Normal,2Vehicles-Behind,GRANIER (ROND POINT ERNE,M,43.60391077995483,3.6026826425780505
201800024417,NonLethal,2018-09-20,22:15:00,NightStreelightsOn,340,172,Yes,Other,Normal,NoCollision,SAINT HILAIRE (RUE DE),M,43.59098824131464,3.5911628420854456
201800024418,NonLethal,2018-09-21,02:20:00,NightStreelightsOn,340,172,Yes,X-type,Normal,Other,SAINT LOUIS (RUE),M,43.611990777621614,3.609356204558506
201800024419,NonLethal,2018-09-21,12:00:00,Daylight,340,172,Yes,NoIntersection,Normal,Other,BOUISSON-BERTRAND (AVENU,M,43.61690344380057,3.61691180578952
201800024420,NonLethal,2018-09-22,10:25:00,Daylight,340,172,Yes,NoIntersection,Normal,Other,JANVIER (RUE GUILLAUME),M,43.59571931041065,3.5958009180730954
201800024421,NonLethal,2018-09-22,14:33:00,Daylight,340,172,Yes,NoIntersection,Normal,Other,TOULOUSE (AVENUE DE,M,43.59037669153394,3.5925858401402087
201800024424,NonLethal,2018-09-24,21:50:00,NightStreelightsOn,340,172,Yes,X-type,Normal,2Vehicles-Side,MOULINS (AVENUE DES,M,43.633366275854165,3.634122045950493
201800024425,NonLethal,2018-09-24,12:30:00,Daylight,340,172,Yes,NoIntersection,Normal,Other,AEROPORT INTERNATIONAL (,M,43.60967263044104,3.60803362831598
201800024426,NonLethal,2018-09-25,11:10:00,Daylight,340,172,Yes,NoIntersection,Normal,2Vehicles-Behind,JOUHAUX (AVENUE LEON),M,43.59449219427049,3.594257233065589
201800024428,NonLethal,2018-09-26,12:35:00,Daylight,340,172,Yes,NoIntersection,Normal,Other,BROUSSE MAS DE,M,43.598730346285976,3.601419155365804
201800024429,NonLethal,2018-09-27,09:09:00,Daylight,340,172,Yes,NoIntersection,Normal,2Vehicles-Side,BERTHELOT (BOULEVARD),M,43.599138641931205,3.599686201778263
201800024430,NonLethal,2018-09-27,13:40:00,Daylight,340,172,Yes,NoIntersection,Normal,2Vehicles-Side,VALLOIS (RUE PROFESSEUR,M,43.61569096669758,3.614427121034302
201800024431,NonLethal,2018-09-27,16:25:00,Daylight,340,172,Yes,NoIntersection,Normal,2Vehicles-Side,FAUBOURG SAINT JAUMES (R,M,43.61529742484235,3.6180457285163934
201800024432,NonLethal,2018-09-28,23:45:00,NightStreelightsOn,340,198,Yes,NoIntersection,Normal,2Vehicles-BehindVehicles-Frontal,PAGNOL (AVENUE MARCEL),M,43.553960270037365,3.555277779514208
201800024433,NonLethal,2018-10-01,08:30:00,Daylight,340,172,Yes,Other,Normal,2Vehicles-Side,FAJON (ROND-POINT PAUL),M,43.596966941317866,3.595989512786641
201800024434,NonLethal,2018-09-30,05:07:00,NightStreelightsOn,340,129,Yes,NoIntersection,Normal,NoCollision,MAUGUIO (ROUTE DE),M,43.5737406586707,3.5734013255434016
201800024436,NonLethal,2018-10-02,12:00:00,Daylight,340,172,Yes,NoIntersection,Normal,Other,CLEMENCEAU (AVENUE GEORG,M,43.605147037604105,3.6048273057838616
201800024437,NonLethal,2018-03-10,08:55:00,Daylight,340,172,Yes,NoIntersection,Normal,2Vehicles-Side,RUE MAURICE BEJART,M,43.61929575279942,3.620283981347606
201800024438,NonLethal,2018-02-10,20:00:00,NightStreelightsOn,340,172,Yes,NoIntersection,Normal,2Vehicles-Side,GANGES (ROUTE DE,M,43.63609795349322,3.6338601480470905
201800024439,NonLethal,2018-01-10,18:15:00,Daylight,340,172,Yes,NoIntersection,Normal,Other,PONT JUVENAL (AVENUE DU),M,43.607064362696015,3.606312107213562
201800024440,NonLethal,2018-10-01,18:50:00,Daylight,340,172,Yes,X-type,Normal,2Vehicles-Side,AEROPORT INTERNATIONAL (,M,43.6084458056666,3.609317118370664
201800024441,NonLethal,2018-10-04,11:35:00,Daylight,340,172,Yes,NoIntersection,Normal,2Vehicles-Behind,CHATEAU D'O (ROND-POINT,M,43.6319772094512,3.631935061995504
201800024442,NonLethal,2018-10-04,15:30:00,Daylight,340,172,Yes,NoIntersection,Normal,Other,MARES (AVENUE HENRI),M,43.61902339976535,3.620617153952128
201800024443,NonLethal,2018-10-04,17:20:00,Daylight,340,172,Yes,NoIntersection,Normal,Other,VIEILLE POSTE (RUE DE LA,M,43.61454035636612,3.613480110491076
201800024444,NonLethal,2018-10-04,18:30:00,Daylight,340,172,Yes,NoIntersection,Normal,2Vehicles-Side,GUIRAUD (RUE LOUISE),M,43.60529665120372,3.603606077284153
201800024445,NonLethal,2018-10-05,08:30:00,Daylight,340,172,Yes,NoIntersection,Normal,Other,GARRATS (AVENUE DES),M,43.61291389041422,3.611978438494308
201800024448,NonLethal,2018-05-10,17:20:00,Daylight,340,172,Yes,NoIntersection,Normal,Other,LAVERUNE (ROUTE DE,M,43.60226079103014,3.601662513636919
201800024449,NonLethal,2018-10-05,11:50:00,Daylight,340,172,Yes,NoIntersection,Normal,2Vehicles-Behind,LODEVE (AVENUE DE,M,43.612700357600666,3.613948642723332
201800024451,NonLethal,2018-10-08,10:00:00,Daylight,340,172,Yes,NoIntersection,Normal,Other,RIMBAUD (RUE PAUL),M,43.61877207780932,3.618689510101713
201800024452,NonLethal,2018-10-08,10:40:00,Daylight,340,172,Yes,NoIntersection,Overcast,2Vehicles-Side,GANGES (ROUTE DE,M,43.627750374737104,3.629041986899244
201800024453,NonLethal,2018-09-10,09:33:00,Daylight,340,172,Yes,NoIntersection,Normal,Other,EUROPE (AVENUE DE L'),M,43.63697597875807,3.637450070259361
201800024454,NonLethal,2018-10-02,17:30:00,Daylight,340,129,Yes,T-type,Normal,2Vehicles-Side,PITTOSPORES (RUE DES),M,43.56826814407382,3.5679687025080224
201800024455,NonLethal,2018-10-10,17:10:00,Daylight,340,198,Yes,NoIntersection,HeavyRain,2Vehicles-Behind,PAGNOL (AVENUE MARCEL),M,43.554264367352246,3.553324473341419
201800024456,NonLethal,2018-10-10,18:15:00,TwilightOrDawn,340,172,Yes,NoIntersection,HeavyRain,Other,JANVIER (RUE GUILLAUME),M,43.59793551942228,3.597625306107064
201800024457,NonLethal,2018-10-10,19:00:00,NightStreelightsOff,340,172,Yes,T-type,LightRain,2Vehicles-Behind,CHOLET (RUE DE),M,43.582318980161546,3.585897531448909
201800024458,NonLethal,2018-10-10,12:40:00,Daylight,340,172,Yes,NoIntersection,Normal,2Vehicles-Side,FLANDRES-DUNKERQUE (PLAC,M,43.59096058435537,3.589933422766153
201800024459,NonLethal,2018-10-11,16:30:00,Daylight,340,172,Yes,NoIntersection,Overcast,2Vehicles-Side,LIBERTE (AVENUE DE LA,M,43.61100041098421,3.611085033024296
201800024460,NonLethal,2018-10-11,20:10:00,NightStreelightsOn,340,172,Yes,NoIntersection,Overcast,2Vehicles-Side,JUSTICE DE CASTELNAU (AV,M,43.62822268106984,3.626527499182306
201800024461,NonLethal,2018-10-13,13:30:00,Daylight,340,172,Yes,NoIntersection,Normal,2Vehicles-Behind,NERUDA (AVENUE PABLO),M,43.61464087256199,3.614889409472477
201800024462,NonLethal,2018-10-13,20:05:00,NightStreelightsOn,340,172,Yes,NoIntersection,Normal,2Vehicles-Side,ARCEAUX (BOULEVARD DES),M,43.61150205685465,3.611811476794895