AccidentId,Gravity,Date,Hour,Light,Department,Commune,InAgglomeration,IntersectionType,Weather,CollisionType,PostalAddress,GPSCode,Latitude,Longitude
201800024463,NonLethal,2018-10-16,17:30:00,Daylight,340,172,Yes,NoIntersection,Overcast,Other,FERMAUD ENCLOS,M,43.60265467794223,3.6024977690191307
201800024464,NonLethal,2018-10-17,00:02:00,NightStreelightsOn,340,172,Yes,NoIntersection,Normal,2Vehicles-Behind,LODEVE (AVENUE DE,M,43.60977547110991,3.606937647345252
201800024467,NonLethal,2018-10-17,12:15:00,Daylight,340,172,Yes,NoIntersection,Normal,2Vehicles-Side,ROC DE PEZENAS (RUE DU),M,43.601919341089335,3.602592007744687
201800024468,NonLethal,2018-10-18,15:55:00,Daylight,340,129,Yes,NoIntersection,Normal,3+Vehicles-Multiple,CLAIR (RUE RENE),M,43.58330176736084,3.5826087030372937
201800024469,NonLethal,2018-10-18,20:30:00,NightStreelightsOn,340,172,Yes,NoIntersection,Normal,NoCollision,JANVIER (RUE GUILLAUME),M,43.59667021893189,3.595584540032348
201800024470,NonLethal,2018-10-19,18:00:00,Daylight,340,172,Yes,NoIntersection,Normal,2Vehicles-Side,FLAHAULT (AVENUE CHARLES,M,43.62003999470801,3.621031441665063
201800024471,NonLethal,2018-10-20,21:27:00,NightStreelightsOn,340,172,Yes,NoIntersection,Normal,2Vehicles-Side,TOULOUSE (AVENUE DE,M,43.60127636450529,3.600370695811536
201800024472,NonLethal,2018-10-22,16:30:00,Daylight,340,172,Yes,NoIntersection,Normal,Other,RENOUVIER (BOULEVARD),M,43.60316883278187,3.603203368251511
201800024474,NonLethal,2018-10-23,11:55:00,Daylight,340,172,Yes,NoIntersection,Normal,Other,LAURAGAIS (AVENUE DU),M,43.6303385074534,3.63194044395382
201800024476,NonLethal,2018-10-23,15:55:00,Daylight,340,172,Yes,T-type,Normal,2Vehicles-Side,PONT JUVENAL (AVENUE DU),M,43.60556123320229,3.6061822967933024
201800024477,NonLethal,2018-10-23,18:00:00,Daylight,340,129,Yes,X-type,Normal,Other,D2l El,M,43.58983528659306,3.5908128250062807
201800024478,NonLethal,2018-10-23,19:05:00,TwilightOrDawn,340,172,Yes,NoIntersection,Normal,2Vehicles-Behind,LIBERTE (AVENUE DE LA,M,43.60820257273648,3.609764986925253
201800024479,NonLethal,2018-10-24,09:30:00,Daylight,340,172,Yes,NoIntersection,Normal,Other,CATALPAS (RUE DES),M,43.59249351868496,3.5906281695898428
201800024480,NonLethal,2018-10-26,10:10:00,Daylight,340,172,Yes,T-type,VeryGood,3+Vehicles-Multiple,LODEVE (AVENUE DE,M,43.612031531227565,3.612959510465098
201800024481,NonLethal,2018-10-26,18:40:00,NightStreelightsOn,340,129,Yes,NoIntersection,Normal,Other,CARNON (ROUTE DE  D21),M,43.58185424805294,3.5815466323025023
201800024482,NonLethal,2018-10-25,20:15:00,NightStreelightsOn,340,172,Yes,NoIntersection,Normal,Other,MONTPELLIER (AVENUE MARI,M,43.60191837858231,3.6022662734296227
201800024483,NonLethal,2018-10-29,14:45:00,Daylight,340,172,Yes,NoIntersection,LightRain,Other,LEVAT (RUE),M,43.60494832016175,3.604349369108356
201800024484,NonLethal,2018-10-29,17:00:00,NightStreelightsOn,340,172,Yes,NoIntersection,LightRain,Other,TOULOUSE (AVENUE DE,M,43.59830503673002,3.596645119777212
201800024485,NonLethal,2018-10-29,06:40:00,TwilightOrDawn,340,172,Yes,NoIntersection,LightRain,2Vehicles-Side,SOULAS (AVENUE DU PERE,M,43.62801800185468,3.62824033448228
201800024486,NonLethal,2018-10-30,13:50:00,Daylight,340,172,Yes,NoIntersection,Normal,NoCollision,TANNEURS (QUAI DES),M,43.6164004179294,3.615482281334797
201800024487,NonLethal,2018-10-30,18:25:00,NightNoStreetLight,340,172,No,NoIntersection,Normal,2Vehicles-Side,LAVERUNE (ROUTE DE,M,43.59253451578761,3.593009619611853
201800024488,NonLethal,2018-02-11,09:10:00,Daylight,340,172,Yes,Roundabout,Normal,2Vehicles-Side,CHATEAU D'O (ROND-POINT,M,43.62988561616302,3.63022505630294
201800024489,NonLethal,2018-11-03,06:30:00,NightStreelightsOn,340,172,Yes,NoIntersection,Normal,NoCollision,VANIERES (AVENUE DE),M,43.59671388993389,3.5961018674660403
201800024490,NonLethal,2018-11-03,06:50:00,TwilightOrDawn,340,172,Yes,X-type,Normal,2Vehicles-Side,GRAND SAINT JEAN (RUE DU,M,43.602490681816256,3.605722228948881
201800024491,NonLethal,2018-04-11,06:30:00,NightStreelightsOn,340,172,Yes,NoIntersection,Normal,NoCollision,DUBOUT (AVENUE ALBERT),M,43.59737213313274,3.5960411682066167
201800024492,NonLethal,2018-11-05,14:00:00,Daylight,340,172,Yes,NoIntersection,Overcast,2Vehicles-Behind,BADIE (PONT VINCENT),M,43.62966615053585,3.629528567721705
201800024494,NonLethal,2018-11-06,09:30:00,Daylight,340,172,Yes,T-type,Normal,2Vehicles-Side,RIMBAUD (RUE PAUL),M,43.61847672315479,3.617391395839062
201800024495,NonLethal,2018-11-06,23:40:00,NightStreelightsOn,340,172,Yes,NoIntersection,Normal,NoCollision,RAYMOND DUGRAND (AVENUE),M,43.59559419276279,3.5960558955233703
201800024496,NonLethal,2018-07-11,12:00:00,Daylight,340,172,Yes,NoIntersection,Overcast,2Vehicles-Side,PALAVAS (AVENUE DE),M,43.59964518072937,3.5995598850042296
201800024497,NonLethal,2018-07-11,22:40:00,NightStreelightsOn,340,172,Yes,X-type,LightRain,2Vehicles-Side,DUBOUT (AVENUE ALBERT),M,43.59692509456514,3.596623286845278
201800024498,NonLethal,2018-11-09,16:30:00,Daylight,340,172,Yes,NoIntersection,LightRain,2Vehicles-BehindVehicles-Frontal,ARCEAUX (BOULEVARD DES),M,43.6129274624338,3.6144969527976207
201800024499,NonLethal,2018-11-09,20:35:00,NightStreelightsOn,340,172,Yes,NoIntersection,Normal,2Vehicles-Behind,LIBERTE (AVENUE DE LA,M,43.60640072773584,3.60822992228408
201800024500,NonLethal,2018-10-11,07:15:00,Daylight,340,172,Yes,NoIntersection,Normal,2Vehicles-Side,PORTALIERE DES MASQUES (,M,43.61413189980878,3.6156123115733374
201800024501,NonLethal,2018-11-10,17:45:00,NightStreelightsOn,340,172,Yes,X-type,LightRain,2Vehicles-Side,TOULOUSE (AVENUE DE,M,43.598207404180926,3.59809675566688
201800024502,NonLethal,2018-11-13,15:08:00,Daylight,340,129,No,X-type,Normal,2Vehicles-Side,CARNON (ROUTE DE  D21),M,43.58711268409081,3.586436700318332
201800024503,NonLethal,2018-11-14,12:15:00,Daylight,340,172,Yes,Roundabout,Overcast,2Vehicles-Side,FRANKLIN (ROND POINT BEN,M,43.618202260480345,3.61924438712446
201800024504,NonLethal,2018-11-15,17:50:00,NightNoStreetLight,340,129,Yes,NoIntersection,Normal,2Vehicles-Behind,EUROPE (AVENUE DE L'),M,43.57169427865337,3.570660879506724
201800024506,NonLethal,2018-11-15,11:30:00,Daylight,340,172,Yes,T-type,Normal,2Vehicles-Side,DOMITIENNE (VOIE),M,43.626813303213794,3.622460864654196
201800024507,NonLethal,2018-11-16,09:35:00,Daylight,340,172,Yes,NoIntersection,Normal,NoCollision,NOUVEAU MONDE (ALLEE DU),M,43.60686534737457,3.607309884863449
201800024508,NonLethal,2018-11-18,03:08:00,NightNoStreetLight,340,129,No,NoIntersection,Normal,Other,PALAVAS D986 (ROUTE DE),M,43.57693956467441,3.5782352060293583
201800024510,NonLethal,2018-11-21,06:05:00,NightNoStreetLight,340,172,Yes,NoIntersection,Overcast,NoCollision,RIEUCOULON (ROND-POINT D,M,43.58198622582122,3.58165603201856
201800024511,NonLethal,2018-11-21,09:35:00,Daylight,340,172,Yes,NoIntersection,Normal,2Vehicles-Side,NERUDA (AVENUE PABLO),M,43.61337226743554,3.61278321401408
201800024513,NonLethal,2018-11-23,16:55:00,TwilightOrDawn,340,172,Yes,NoIntersection,LightRain,2Vehicles-Side,LECLERC (AVENUE DU MAREC,M,43.59499269361702,3.594468081189739
201800024514,NonLethal,2018-11-24,15:25:00,Daylight,340,172,Yes,T-type,Normal,Other,HIRONDELLE (RUE DE L'),M,43.62507145645824,3.627008809055344
201800024515,NonLethal,2018-11-24,22:40:00,NightStreelightsOn,340,172,Yes,X-type,Normal,Other,BRINGUIER (AVENUE PAUL),M,43.61617342065876,3.614804563379814
201800024516,NonLethal,2018-11-25,18:00:00,NightStreelightsOn,340,172,Yes,NoIntersection,LightRain,Other,EUROPE (AVENUE DE L'),M,43.63958079276291,3.6405424201635914
201800024518,NonLethal,2018-11-26,12:05:00,Daylight,340,172,Yes,NoIntersection,Normal,2Vehicles-Side,MARES (AVENUE HENRI),M,43.62065873245262,3.6217632626054
201800024519,NonLethal,2018-11-28,10:20:00,Daylight,340,172,Yes,NoIntersection,Normal,Other,GARRATS (AVENUE DES),M,43.61145226127344,3.6118145097789145
201800024520,NonLethal,2018-11-30,03:13:00,NightStreelightsOn,340,172,Yes,NoIntersection,LightRain,Other,MONTASINOS (RUE DE,M,43.62294075344644,3.622343189768619
201800024521,NonLethal,2018-11-28,10:10:00,Daylight,340,129,Yes,NoIntersection,Normal,Other,PONT DE GUERRE,M,43.57490703252585,3.574135087646553
201800024522,NonLethal,2018-12-02,20:50:00,NightStreelightsOn,340,172,Yes,NoIntersection,Normal,Other,TRIOLET (RUE DU),M,43.62470787310305,3.6228945580071295
201800024523,NonLethal,2018-03-12,04:00:00,NightStreelightsOn,340,172,Yes,NoIntersection,Normal,Other,BRAILLE (RUE LOUIS),M,43.6084179225241,3.6079989545923903
201800024524,NonLethal,2018-04-12,22:00:00,NightStreelightsOn,340,172,Yes,T-type,Normal,2Vehicles-Side,DOMITIENNE (VOIE),M,43.62352779819787,3.624483349674753
201800024525,NonLethal,2018-11-30,20:10:00,NightStreelightsOn,340,172,Yes,X-type,Normal,2Vehicles-Side,LODEVE (AVENUE DE,M,43.61391189360001,3.61569173885308
201800024527,NonLethal,2018-06-12,18:10:00,NightStreelightsOn,340,172,Yes,X-type,Normal,2Vehicles-Side,JUSTICE DE CASTELNAU (AV,M,43.6271265546389,3.62524870723784
201800024528,NonLethal,2018-12-07,16:50:00,TwilightOrDawn,340,172,Yes,NoIntersection,Normal,Other,MIQUEL (ALLEE JEAN),M,43.59962065680462,3.598786682502096
201800024529,NonLethal,2018-08-12,19:20:00,NightStreelightsOn,340,172,Yes,NoIntersection,Normal,3+Vehicles-Chain,DUBOUT (AVENUE ALBERT),M,43.60034010479411,3.5996094146830795
201800024530,NonLethal,2018-12-09,02:55:00,NightStreelightsOn,340,172,Yes,X-type,Normal,Other,ZAMENHOF (RUE LEJZER),M,43.615277807739375,3.6154803300608873
201800024531,NonLethal,2018-06-12,16:10:00,Daylight,340,172,Yes,NoIntersection,VeryGood,Other,CLEMENCEAU (AVENUE GEORG,M,43.60055982094647,3.602693552922408
201800024533,NonLethal,2018-12-09,17:05:00,TwilightOrDawn,340,172,Yes,NoIntersection,Normal,Other,LIBERTE (AVENUE DE LA,M,43.60845030669469,3.6101894199564777
201800024534,NonLethal,2018-10-12,15:20:00,Daylight,340,172,Yes,NoIntersection,Normal,Other,PALAVAS (AVENUE DE),M,43.597194315177,3.595509360936779
201800024536,NonLethal,2018-12-12,15:20:00,Daylight,340,172,Yes,X-type,Overcast,Other,MAS DE MERLE (RUE DU),M,43.60489965316161,3.6051569059797375
201800024537,NonLethal,2018-12-16,05:52:00,NightStreelightsOn,340,172,Yes,T-type,Other,Other,FRANQUE (RUE FRANCOIS),M,43.61089735516155,3.611562937152248
201800024538,NonLethal,2018-12-16,06:00:00,NightStreelightsOn,340,172,Yes,X-type,LightRain,2Vehicles-Side,TOULOUSE (AVENUE DE,M,43.59698778856228,3.597848620669557
201800024539,NonLethal,2018-12-18,05:00:00,NightStreelightsOn,340,172,Yes,NoIntersection,Normal,2Vehicles-BehindVehicles-Frontal,LIBERTE (AVENUE DE LA,M,43.59964371043098,3.5997306038111363
201800024541,NonLethal,2018-12-16,18:50:00,NightStreelightsOn,340,129,Yes,NoIntersection,LightRain,2Vehicles-BehindVehicles-Frontal,D172,M,43.5744828758456,3.571322222201645
201800024542,NonLethal,2018-12-17,17:40:00,NightStreelightsOn,340,172,Yes,NoIntersection,Normal,Other,MAURIN (AVENUE DE,M,43.59774164153568,3.5976777791143086
201800024543,Lethal,2018-12-22,17:10:00,TwilightOrDawn,340,172,Yes,NoIntersection,Normal,Other,LAVERUNE (ROUTE DE,M,43.60145270743568,3.601720113301258
201800024544,NonLethal,2018-12-23,16:00:00,Daylight,340,172,Yes,NoIntersection,Normal,Other,SCHUMAN (PLACE ROBERT),M,43.61890220112571,3.618263827894081
201800024545,NonLethal,2018-12-24,23:40:00,NightStreelightsOn,340,172,Yes,T-type,Normal,2Vehicles-Side,LAVERUNE (ROUTE DE,M,43.60060461605641,3.600734130786487
201800024546,NonLethal,2018-12-26,13:20:00,Daylight,340,172,Yes,NoIntersection,Normal,2Vehicles-Behind,SAINT LAZARE (AVENUE DE),M,43.61868300514153,3.618682750738042
201800024548,NonLethal,2018-12-26,16:57:00,TwilightOrDawn,340,172,Yes,Other,Normal,2Vehicles-Side,LAVERUNE (ROUTE DE,M,43.60214415640682,3.602720594577832
201800024549,NonLethal,2018-12-27,17:20:00,NightStreelightsOn,340,172,Yes,NoIntersection,Normal,2Vehicles-Behind,JEUNE PARQUE (RUE DE LA),M,43.5823590829655,3.582461802358121
201800024550,NonLethal,2018-12-31,15:50:00,Daylight,340,172,Yes,NoIntersection,Normal,2Vehicles-Side,CROIX DE FIGUEROLLES (RU,M,43.60383113485136,3.605176077612005
201800024551,NonLethal,2018-07-10,21:20:00,NightNoStreetLight,340,108,No,NoIntersection,Normal,2Vehicles-BehindVehicles-Frontal,RD 600,M,43.4437386088357,3.4439906828093485
201800024553,NonLethal,2018-05-02,18:30:00,NightStreelightsOff,340,301,Yes,NoIntersection,HeavyRain,NoCollision,"50, BOSC (QUAI DE)",M,43.4086072290207,3.4089334446490227
201800024554,NonLethal,2018-02-06,21:25:00,NightNoStreetLight,340,108,No,NoIntersection,LightRain,2Vehicles-BehindVehicles-Frontal,RD 612,M,43.42623850938227,3.4274739453507514
201800024555,NonLethal,2018-03-23,16:20:00,Daylight,340,108,No,NoIntersection,VeryGood,Other,RD 612,M,43.4232400599961,3.421947117645796
201800024556,NonLethal,2018-03-26,19:35:00,Daylight,340,301,No,NoIntersection,VeryGood,Other,RD 612,M,43.37842602893573,3.378897045637373
201800024557,NonLethal,2018-04-01,18:18:00,Daylight,340,301,Yes,Y-type,Normal,3+Vehicles-Multiple,CORMORANS (RUE DES),M,43.42100886942325,3.420459702099652
201800024558,NonLethal,2018-04-13,08:00:00,Daylight,340,301,Yes,Other,Normal,2Vehicles-BehindVehicles-Frontal,PIERRES BLANCHES (MONTEE,M,43.40057555675469,3.4001099534939248
201800024560,NonLethal,2018-07-05,20:25:00,TwilightOrDawn,340,301,Yes,T-type,Normal,2Vehicles-Side,BLANC CAMILLE (BOULEVARD,M,43.4073069935642,3.4085832595603334
201800024562,NonLethal,2018-06-06,19:45:00,Daylight,340,108,Yes,Y-type,Normal,2Vehicles-BehindVehicles-Frontal,BALARUC (ROUTE DE),M,43.44297883516715,3.4427824370233875
201800024563,NonLethal,2018-06-21,11:00:00,Daylight,340,301,Yes,NoIntersection,Normal,2Vehicles-Side,RD2E2 Route de Balaruc,M,43.41371722672536,3.4161727709541845
201800024564,NonLethal,2018-04-07,09:21:00,Daylight,340,108,No,NoIntersection,Normal,3+Vehicles-Multiple,RD 600,M,43.42827453789143,3.4320888883455534
201800024565,NonLethal,2018-07-29,14:05:00,Daylight,340,301,Yes,X-type,Normal,2Vehicles-BehindVehicles-Frontal,CURIE (BOULEVARD JOLIOT),M,43.39646919744673,3.3973082565967982
201800024567,Lethal,2018-08-24,11:05:00,Daylight,340,301,No,NoIntersection,Normal,3+Vehicles-Multiple,RD2 Route de Balaruc,M,43.41414932445653,3.413676851429909
201800024569,NonLethal,2018-10-05,21:05:00,NightNoStreetLight,340,108,No,NoIntersection,Normal,2Vehicles-Behind,RD 600,M,43.43199802596081,3.4293352832945154
201800024570,NonLethal,2018-11-01,12:15:00,Daylight,340,301,No,NoIntersection,Normal,3+Vehicles-Multiple,AGDE (ROUTE DE),M,43.34281423763281,3.342606057937528
201800024571,NonLethal,2018-11-13,19:40:00,NightNoStreetLight,340,108,No,T-type,Normal,2Vehicles-Side,SETE (ROUTE DE),M,43.43377945025836,3.4319848048440447
201800024572,NonLethal,2018-10-05,12:40:00,Daylight,340,301,Yes,Roundabout,Normal,2Vehicles-Side,LECLERC PHILIPPE MARECHA,M,43.39373858648436,3.394699104989945
201800024573,NonLethal,2018-01-05,13:55:00,Daylight,350,115,Yes,X-type,Normal,2Vehicles-BehindVehicles-Frontal,"21, ROUERIE (RUE DE LA)",M,48.20301972131368,-0.2051155350765787
201800024574,NonLethal,2018-09-01,17:10:00,TwilightOrDawn,350,115,Yes,X-type,LightRain,Other,"74, ROUSSIN (BOULEVARD E",M,48.34485531358497,-0.3444185735992136
201800024575,NonLethal,2018-02-02,12:15:00,Daylight,350,115,Yes,NoIntersection,HeavyRain,Other,"8, LECLERC (Bd Maréchal)",M,48.35307910402115,-0.3553829378366041
201800024576,Lethal,2018-02-11,18:45:00,NightStreelightsOn,350,115,Yes,NoIntersection,Overcast,Other,JEANNE D'ARC (RUE),M,48.35394201017582,-0.3552946083923329
201800024577,NonLethal,2018-05-05,10:45:00,Daylight,350,115,Yes,NoIntersection,Normal,2Vehicles-Behind,GORRON (ROUTE DE),M,48.36495907272079,-0.3654434053764261
201800024578,NonLethal,2018-06-01,16:40:00,Daylight,350,115,Yes,X-type,Normal,2Vehicles-Side,ROUSSIN (BOULEVARD EDMON,M,48.34370065829644,-0.3454489280974239
201800024579,NonLethal,2018-06-21,09:20:00,Daylight,350,115,Yes,NoIntersection,Normal,2Vehicles-BehindVehicles-Frontal,GUE MAHEU (PROMENADE DU),M,48.33912497606342,-0.3369915750960397
201800024580,NonLethal,2018-07-20,17:10:00,Daylight,350,115,Yes,Other,Normal,Other,FRANCAIS LIBRES (RUE DES,M,48.34759454399208,-0.3466117915421641
201800024582,NonLethal,2018-08-30,07:50:00,Daylight,350,115,Yes,Roundabout,Normal,2Vehicles-Side,GROSLAY (BD DE JUSQU'AU,M,48.34954530446456,-0.3513302105958258
201800024583,NonLethal,2018-04-10,19:28:00,TwilightOrDawn,350,115,Yes,NoIntersection,Normal,Other,FORET (RUE DE LA),M,48.35624423767003,-0.3572713264904495
201800024584,NonLethal,2018-10-24,07:40:00,NightNoStreetLight,350,150,No,NoIntersection,Normal,Other,MONET (BD JEAN DE LA),M,48.36964032983981,-0.3702651288790379
201800024586,NonLethal,2018-02-01,18:48:00,NightStreelightsOn,350,238,Yes,NoIntersection,LightRain,Other,"41, JANVIER (AVENUE JEAN",M,48.10625851795051,-0.104820479124207
201800024588,NonLethal,2018-01-03,15:32:00,Daylight,350,238,Yes,NoIntersection,Normal,Other,"15, LAMARTINE (QUAI)",M,48.10971387989994,-0.1116503459871313
201800024589,NonLethal,2018-01-04,19:15:00,NightStreelightsOn,350,238,No,NoIntersection,Normal,2Vehicles-Behind,ROCADE 15-16,M,48.11839395069772,-0.119349612296511
201800024591,NonLethal,2018-10-01,12:19:00,Daylight,350,281,Yes,NoIntersection,Normal,2Vehicles-Side,BENOIT (RUE FREDERIC),M,48.08588361095856,-0.0876062746967329
201800024592,NonLethal,2018-05-01,17:05:00,Daylight,350,238,Yes,NoIntersection,Normal,Other,"01, SAXE (CARRE DE)",M,48.08941898404552,-0.0901246924103645
201800024593,NonLethal,2018-01-06,16:45:00,Daylight,350,238,Yes,X-type,Normal,2Vehicles-Side,"03, MOUNIER (BD EMMANUEL",M,48.12367651038269,-0.1268100986467927
201800024594,NonLethal,2018-07-01,09:00:00,NightStreelightsOff,350,238,Yes,X-type,LightRain,2Vehicles-Side,"01, LAMENNAIS (QUAI)",M,48.110348051127616,-0.1091707495270294
201800024595,NonLethal,2018-07-01,19:55:00,NightNoStreetLight,350,278,No,NoIntersection,Normal,3+Vehicles-Chain,RD 137,M,48.1728130488078,-0.1735431409805772
201800024596,NonLethal,2018-01-08,10:30:00,Daylight,350,238,Yes,NoIntersection,Overcast,Other,"4, CANADA (AVENUE DU)",M,48.08838796510791,-0.0886365218015097
201800024597,NonLethal,2018-01-09,09:26:00,Daylight,350,238,Yes,NoIntersection,Normal,Other,"4, LEFAS (ALEXANDRE)",M,48.12983904148311,-0.1307750533295119
201800024598,NonLethal,2018-10-01,13:30:00,Daylight,350,238,Yes,X-type,VeryGood,NoCollision,"7O, BERNARD (CLAUDE)",M,48.09916338395388,-0.0995150285733609
201800024599,NonLethal,2018-01-07,19:55:00,NightNoStreetLight,350,278,No,NoIntersection,Normal,NoCollision,RD 137,M,48.17373829205579,-0.17388544468702
201800024600,NonLethal,2018-11-01,12:24:00,Daylight,350,238,Yes,X-type,Normal,2Vehicles-Side,"00, LEROUX (BD OSCAR)",M,48.0911254440965,-0.0890783344176022
201800024601,NonLethal,2018-01-12,08:30:00,NightStreelightsOn,350,238,Yes,X-type,Normal,2Vehicles-Side,"00, GROS MALHON (AVENUE)",M,48.12748417388512,-0.129534263282284
201800024602,NonLethal,2018-12-01,18:20:00,NightNoStreetLight,350,51,No,NoIntersection,Normal,3+Vehicles-Chain,RN157,M,48.113233929183984,-0.1138963956112718
201800024603,NonLethal,2018-01-12,18:30:00,NightStreelightsOn,350,238,Yes,X-type,Normal,3+Vehicles-Chain,"00, BRETAGNE (PLACE DE)",M,48.110822155518825,-0.1094594163388009
201800024604,NonLethal,2018-01-12,20:45:00,NightNoStreetLight,350,278,No,NoIntersection,Normal,2Vehicles-Behind,RN136,M,48.13860107690151,-0.13832072865068
201800024605,NonLethal,2018-01-14,18:20:00,NightStreelightsOn,350,238,Yes,Roundabout,Normal,NoCollision,"1, ROBERT MERLE (MAIL)",M,48.08461927809396,-0.0842154345260547
201800024606,NonLethal,2018-01-15,07:50:00,NightStreelightsOn,350,238,Yes,X-type,LightRain,2Vehicles-Side,"1, AMYS (PIERRE)",M,48.11037192784362,-0.1103889214784156
201800024607,NonLethal,2018-01-16,12:00:00,Daylight,350,238,No,NoIntersection,Normal,2Vehicles-Behind,RN136,M,48.13212306947983,-0.1305703607519681
201800024608,NonLethal,2018-01-17,15:35:00,Daylight,350,238,Yes,NoIntersection,Normal,2Vehicles-Behind,"243, CHATEAUGIRON (DE)",M,48.0933191779689,-0.0939739240097654
201800024610,NonLethal,2018-01-18,12:55:00,Daylight,350,51,No,Roundabout,LightRain,2Vehicles-Behind,BEAULIEU (PORTE DE),M,48.103092842116176,-0.1040320747021186
201800024611,NonLethal,2018-01-18,20:00:00,NightStreelightsOn,350,238,Yes,X-type,Normal,Other,"00, POINCARE (BD RAYMOND",M,48.12504084994929,-0.1266618063187446
201800024612,NonLethal,2018-01-18,10:40:00,Daylight,350,238,Yes,T-type,LightRain,Other,"00, COLOMBIER (BD DU)",M,48.10302773843701,-0.1023424506481049
201800024613,NonLethal,2018-01-20,16:00:00,Daylight,350,206,Yes,NoIntersection,LightRain,2Vehicles-Behind,RN136,M,48.07894637489829,-0.0808722544847422
201800024614,NonLethal,2018-01-20,21:00:00,NightStreelightsOn,350,238,Yes,X-type,LightRain,2Vehicles-Side,"327, PATTON (AVENUE DU G",M,48.1384099122704,-0.1387216408690577
201800024617,NonLethal,2018-01-24,18:42:00,NightStreelightsOn,350,238,Yes,NoIntersection,LightRain,Other,"118, ALMA (DE L')",M,48.0966095731992,-0.0959831450933819
201800024619,NonLethal,2018-01-23,18:40:00,NightNoStreetLight,350,238,Yes,T-type,Normal,2Vehicles-Side,"00, GAMBETTA",M,48.10985607703635,-0.1112750823846416
201800024620,NonLethal,2018-01-25,06:50:00,NightStreelightsOn,350,51,Yes,Roundabout,Normal,2Vehicles-Side,"00, ALLIES (BOULEVARD DE",M,48.11518426365824,-0.1118690036196735
201800024621,NonLethal,2018-01-25,08:20:00,NightStreelightsOn,350,238,Yes,NoIntersection,LightRain,2Vehicles-Side,"256, SAINT-MALO (RUE DE)",M,48.125874464019866,-0.1258122071887492
201800024623,NonLethal,2018-01-26,21:15:00,NightStreelightsOn,350,238,Yes,X-type,Normal,2Vehicles-Side,"63, MITTERAND (MAIL FRAN",M,48.10991660182942,-0.1091627385461802
201800024624,NonLethal,2018-01-28,14:00:00,Daylight,350,238,Yes,NoIntersection,Normal,Other,"30, TREMBLAIE (DE LA)",M,48.10028177667694,-0.1004471530667136
201800024625,NonLethal,2018-01-29,16:35:00,Daylight,350,51,Yes,NoIntersection,Normal,2Vehicles-Side,"15, BRAY (RUE DE)",M,48.10587611061523,-0.1057909229022549
201800024626,NonLethal,2018-01-30,07:30:00,NightNoStreetLight,350,51,No,NoIntersection,LightRain,Other,RN157,M,48.119226838896815,-0.1178361106277613
201800024627,NonLethal,2018-01-31,14:05:00,Daylight,350,238,Yes,X-type,LightRain,2Vehicles-Side,"3, GAYEULLES (AVENUE DES",M,48.12838189989302,-0.1275226466469136
201800024628,NonLethal,2018-01-31,16:45:00,Daylight,350,238,No,NoIntersection,Overcast,3+Vehicles-Chain,RN 136,M,48.10824082084726,-0.1103941372225559
201800024630,NonLethal,2018-01-31,22:10:00,NightNoStreetLight,350,238,No,NoIntersection,LightRain,2Vehicles-Behind,RN136,M,48.11466232292086,-0.1153095022939014
201800024631,NonLethal,2018-01-02,08:40:00,TwilightOrDawn,350,238,Yes,T-type,LightRain,Other,"32, ALBERT 1ER (BD)",M,48.088148759014416,-0.0899144754827206
201800024632,NonLethal,2018-02-02,11:20:00,Daylight,350,278,No,NoIntersection,Normal,2Vehicles-Behind,RD 137,M,48.15640976549251,-0.1567055652048728
201800024633,NonLethal,2018-02-02,14:05:00,Daylight,350,238,Yes,Roundabout,Normal,Other,"356, NANTES (DE)",M,48.08381273782201,-0.0823874104725465
201800024634,NonLethal,2018-02-02,21:08:00,NightStreelightsOn,350,238,Yes,T-type,LightRain,2Vehicles-Side,"47, CAPITAINE MAIGNANT (",M,48.104466037762,-0.1044282902940185
201800024635,NonLethal,2018-02-04,18:30:00,NightNoStreetLight,350,278,No,NoIntersection,Normal,2Vehicles-BehindVehicles-Frontal,RD 29,M,48.15884315975613,-0.1585402509944367
201800024636,NonLethal,2018-05-02,11:45:00,Daylight,350,51,No,NoIntersection,Normal,3+Vehicles-Chain,RN157,M,48.11473697043953,-0.1149840732719409
201800024637,NonLethal,2018-02-05,17:05:00,Daylight,350,238,Yes,NoIntersection,Normal,Other,"2, TARRIERE (JACQUES)",M,48.0919849529266,-0.0927289661645795
201800024638,NonLethal,2018-02-05,18:00:00,TwilightOrDawn,350,238,Yes,NoIntersection,Normal,Other,"24, SAINT-HELIER",M,48.10802002869843,-0.1079189046013556
201800024639,NonLethal,2018-02-06,14:55:00,Daylight,350,238,Yes,NoIntersection,Normal,2Vehicles-Behind,MONTS D'ARREE (AVENUE DE,M,48.13755728488339,-0.1341383042535319
201800024640,NonLethal,2018-02-07,20:30:00,NightStreelightsOn,350,238,Yes,NoIntersection,Normal,2Vehicles-Side,"259, CHATEAUGIRON (DE)",M,48.09298319475394,-0.0940417605292593
201800024641,NonLethal,2018-08-02,11:24:00,Daylight,350,238,Yes,NoIntersection,VeryGood,NoCollision,"00, VERN (DE)",M,48.0876633423335,-0.0872437437043732
201800024642,NonLethal,2018-09-02,19:14:00,NightStreelightsOn,350,238,Yes,NoIntersection,LightRain,Other,"12, ESPAGNE (D')",M,48.086409442888936,-0.0859503435738558
201800024643,NonLethal,2018-02-10,11:04:00,Daylight,350,238,Yes,NoIntersection,Normal,2Vehicles-BehindVehicles-Frontal,"00, ROPARTZ (GUY)",M,48.13090751194074,-0.1290557407468366
201800024644,NonLethal,2018-10-02,20:38:00,NightStreelightsOn,350,238,Yes,X-type,Overcast,2Vehicles-Side,"83, DE LATTRE DE TASSIGN",M,48.11770257943936,-0.1171409194318078