AccidentId,Gravity,Date,Hour,Light,Department,Commune,InAgglomeration,IntersectionType,Weather,CollisionType,PostalAddress,GPSCode,Latitude,Longitude
201800024646,NonLethal,2018-02-12,12:01:00,Daylight,350,238,Yes,NoIntersection,Normal,2Vehicles-Behind,BREST (DE),M,48.11218259258668,-0.1119193506471345
201800024647,NonLethal,2018-02-13,14:10:00,Daylight,350,238,No,NoIntersection,LightRain,2Vehicles-Behind,PORTE ALMA,M,48.080123965353366,-0.0800075302994507
201800024648,Lethal,2018-02-13,19:32:00,NightStreelightsOn,350,281,Yes,NoIntersection,Normal,Other,DODIN (AVENUE ROGER),M,48.07921653997511,-0.0800432120838971
201800024650,NonLethal,2018-02-14,20:55:00,NightStreelightsOn,350,238,Yes,NoIntersection,LightRain,2Vehicles-BehindVehicles-Frontal,"00, UKRAINE (ALLEE D')",M,48.08066570747903,-0.0807318402073565
201800024651,NonLethal,2018-02-15,01:30:00,NightStreelightsOn,350,238,Yes,X-type,LightRain,NoCollision,PAPU,M,48.11071572093802,-0.1112795179555898
201800024654,NonLethal,2018-02-17,15:56:00,Daylight,350,238,Yes,T-type,Normal,2Vehicles-Side,"2, CHURCHILL (AVENUE SIR",M,48.1167347426525,-0.1167868832320184
201800024656,NonLethal,2018-02-19,07:45:00,TwilightOrDawn,350,238,Yes,NoIntersection,Normal,2Vehicles-Side,"9BIS, VOLNEY (BD)",M,48.12350150341308,-0.1239636490888405
201800024658,NonLethal,2018-02-19,22:40:00,NightStreelightsOn,350,238,Yes,NoIntersection,Overcast,NoCollision,"2, JANVIER (AVENUE JEAN)",M,48.10728318745291,-0.1086313388544295
201800024659,NonLethal,2018-02-20,03:25:00,NightStreelightsOn,350,238,Yes,X-type,Normal,2Vehicles-Side,", DUJARDIN (QUAI)",M,48.1086895131903,-0.1104850038358858
201800024660,NonLethal,2018-02-20,14:15:00,Daylight,350,238,Yes,T-type,Overcast,2Vehicles-Side,"216, LORIENT (DE)",M,48.10700233962702,-0.1082362653068479
201800024661,NonLethal,2018-02-21,14:06:00,Daylight,350,238,No,NoIntersection,Normal,3+Vehicles-Chain,PORTE DE CLEUNAY,M,48.10652934178082,-0.1081483814367034
201800024662,NonLethal,2018-02-25,13:13:00,Daylight,350,51,Yes,Roundabout,Normal,NoCollision,ALLIES (BOULEVARD DES),M,48.11298762809795,-0.1120954525830131
201800024663,NonLethal,2018-02-21,14:30:00,Daylight,350,238,Yes,X-type,Normal,2Vehicles-Side,"00, FREVILLE (AVENUE HEN",M,48.084293713486005,-0.08653501409626
201800024664,NonLethal,2018-02-21,13:10:00,Daylight,350,238,Yes,T-type,Normal,Other,"222, LORIENT (DE)",M,48.10573407985908,-0.1053224271730578
201800024665,NonLethal,2018-02-22,12:28:00,Daylight,350,238,Yes,T-type,Normal,2Vehicles-Side,"99, ANTRAIN (D') DE 43 E",M,48.12047401417382,-0.1224897822010115
201800024666,NonLethal,2018-02-22,10:08:00,Daylight,350,206,Yes,Y-type,Normal,2Vehicles-Behind,PORTE ALMA,M,48.081765060478936,-0.0799893613202795
201800024667,NonLethal,2018-02-23,10:47:00,Daylight,350,238,No,NoIntersection,Normal,2Vehicles-Behind,ROCADE 13-14,M,48.09924009204808,-0.1003228416164229
201800024668,NonLethal,2018-02-23,14:08:00,Daylight,350,238,Yes,NoIntersection,Normal,3+Vehicles-Chain,"1, AVENUE DES PREALES",M,48.11284967408467,-0.1153321545470827
201800024670,NonLethal,2018-02-26,13:43:00,Daylight,350,238,Yes,T-type,Normal,2Vehicles-BehindVehicles-Frontal,"26, LORIENT (DE)",M,48.10803373813039,-0.1088195762416691
201800024671,NonLethal,2018-02-27,11:22:00,Daylight,350,278,Yes,NoIntersection,Normal,Other,"00, CHATEAUBRIAND (RUE)",M,48.154757116464346,-0.1545773466358084
201800024672,NonLethal,2018-02-22,14:30:00,Daylight,350,278,No,NoIntersection,Normal,2Vehicles-Behind,RD 137,M,48.15761303264702,-0.159495017149246
201800024673,NonLethal,2018-02-28,07:30:00,Daylight,350,238,Yes,Roundabout,Normal,Other,"00, GERARD (MICHEL)",M,48.093447626765865,-0.0933373648172362
201800024674,NonLethal,2018-02-28,08:50:00,Daylight,350,238,Yes,NoIntersection,VeryGood,Other,"59-56, SAINT-HELIER",M,48.10721631716048,-0.106774484942945
201800024675,NonLethal,2018-02-28,12:47:00,Daylight,350,238,No,NoIntersection,Normal,Other,"00, PREVALAYE (CHEMIN DE",M,48.0871236317237,-0.0862527385208642
201800024676,NonLethal,2018-02-28,19:19:00,NightNoStreetLight,350,51,Yes,NoIntersection,Normal,Other,"12, PARIS (RUE DE)",M,48.112816584024486,-0.1150503440803037
201800024677,NonLethal,2018-03-01,13:34:00,Daylight,350,278,No,NoIntersection,LightRain,NoCollision,RD 91,M,48.16420952768053,-0.163094647110202
201800024678,NonLethal,2018-03-04,17:49:00,Daylight,350,238,Yes,NoIntersection,Normal,2Vehicles-Behind,"79, BRIAND (AVENUE ARIST",M,48.10998121017103,-0.110295321933456
201800024679,NonLethal,2018-05-03,17:12:00,Daylight,350,238,Yes,NoIntersection,LightRain,Other,"00, BERNANOS (PLACE GEOR",M,48.123595062688025,-0.1228332509419415
201800024681,NonLethal,2018-07-03,17:48:00,Daylight,350,51,No,NoIntersection,LightRain,3+Vehicles-Chain,EST (ROCADE),M,48.11265754181681,-0.1116581865322783
201800024682,NonLethal,2018-09-03,18:15:00,Daylight,350,238,Yes,T-type,Normal,3+Vehicles-Chain,"31, PAVIE (AUGUSTE)",M,48.10348252465372,-0.1043229742759236
201800024683,NonLethal,2018-10-03,16:00:00,Daylight,350,51,No,Other,Normal,NoCollision,A84,M,48.14847119786772,-0.1479019345118061
201800024684,NonLethal,2018-03-18,02:00:00,NightStreelightsOn,350,238,Yes,T-type,Overcast,2Vehicles-Behind,", AVENUE DES PREALES",M,48.11372330504873,-0.1129934934856054
201800024686,NonLethal,2018-11-15,15:00:00,Daylight,350,238,Yes,NoIntersection,Normal,Other,POLOGNE (AVENUE DE),M,48.0891553828171,-0.0903553236420476
201800024687,NonLethal,2018-03-12,09:49:00,Daylight,350,238,Yes,NoIntersection,Normal,2Vehicles-Behind,"1O, KENNEDY (COURS JOHN-",M,48.12103615572676,-0.1208955039787164
201800024688,NonLethal,2018-07-25,15:00:00,Daylight,350,238,Yes,NoIntersection,LightRain,Other,LECLERC (AVENUE DU GENER,M,48.11434123147888,-0.115292045511334
201800024689,NonLethal,2018-12-03,19:53:00,NightStreelightsOn,350,238,Yes,X-type,LightRain,2Vehicles-Side,"00, LORIENT (DE)",M,48.107955580647214,-0.1072873797790733
201800024691,NonLethal,2018-03-13,12:59:00,Daylight,350,238,Yes,NoIntersection,Normal,Other,"00, LORIENT (DE)",M,48.10669233670536,-0.1077689889285323
201800024692,NonLethal,2018-03-14,08:35:00,Daylight,350,278,No,NoIntersection,Normal,2Vehicles-Behind,RD 137,M,48.13984448446848,-0.1401477236626668
201800024693,NonLethal,2018-03-15,21:09:00,NightStreelightsOn,350,238,Yes,T-type,Overcast,2Vehicles-Side,"17, VERN (DE)",M,48.10030007975641,-0.10090266768785
201800024695,NonLethal,2018-03-16,12:17:00,Daylight,350,206,No,NoIntersection,LightRain,2Vehicles-Behind,PORTE ALMA,M,48.0813795911983,-0.0812298724829721
201800024696,NonLethal,2018-03-16,14:20:00,Daylight,350,238,Yes,NoIntersection,HeavyRain,NoCollision,"86, SAINT-HELIER",M,48.10494879876344,-0.1073085296259881
201800024697,NonLethal,2018-03-16,15:06:00,Daylight,350,238,Yes,T-type,Normal,2Vehicles-Side,"00, HENRY (RECTEUR PAUL)",M,48.12370281257605,-0.1258139830929298
201800024698,NonLethal,2018-03-16,15:44:00,Daylight,350,238,Yes,NoIntersection,Normal,2Vehicles-Behind,"19, BOURGEOIS (BOULEVARD",M,48.09918026170498,-0.0961693062423882
201800024699,NonLethal,2018-03-16,16:30:00,Daylight,350,238,Yes,NoIntersection,Normal,Other,"13, TREGAIN (DE)",M,48.12500197101389,-0.1268371747382978
201800024700,NonLethal,2018-03-18,13:20:00,Daylight,350,278,No,NoIntersection,Normal,NoCollision,PORTE DE ST MALO,M,48.139151573911626,-0.141282227814508
201800024701,NonLethal,2018-03-19,20:58:00,NightStreelightsOn,350,238,Yes,X-type,Normal,2Vehicles-Side,"00, FREVILLE (AVENUE HEN",M,48.093049288824645,-0.0930475418976746
201800024702,NonLethal,2018-03-20,08:41:00,Daylight,350,238,Yes,X-type,VeryGood,2Vehicles-Side,SEVIGNE (BD DE),M,48.11731107882796,-0.1168374224881479
201800024703,NonLethal,2018-03-23,06:15:00,NightStreelightsOn,350,278,Yes,Roundabout,LightRain,NoCollision,"00, MELESSE (ROND POINT",M,48.161779334861,-0.1623800693582781
201800024704,NonLethal,2018-03-23,08:50:00,Daylight,350,238,Yes,X-type,Normal,2Vehicles-Side,", MONNAIE ( DE LA)",M,48.10856552269519,-0.1102936403294089
201800024705,NonLethal,2018-03-24,17:04:00,Daylight,350,278,No,NoIntersection,Normal,NoCollision,"00, RD 91",M,48.16630398550147,-0.1667921668411728
201800024706,NonLethal,2018-03-25,13:03:00,Daylight,350,238,No,NoIntersection,Normal,NoCollision,"00, PORTE DE VILLEJEAN",M,48.1258816821873,-0.1255413683561355
201800024707,NonLethal,2018-03-28,08:01:00,Daylight,350,281,Yes,T-type,LightRain,Other,rue du Patis des Couasne,M,48.07556305430537,-0.0731400710790287
201800024708,NonLethal,2018-03-28,18:30:00,Daylight,350,238,Yes,NoIntersection,Normal,Other,", YOUGOSLAVIE (BD DE)",M,48.08745590716972,-0.0879480747511922
201800024710,NonLethal,2018-03-29,08:57:00,Daylight,350,238,No,X-type,LightRain,2Vehicles-Side,"00, PREVALAYE (CHEMIN DE",M,48.09705835600392,-0.0979792519904762
201800024711,NonLethal,2018-03-29,12:00:00,Daylight,350,238,Yes,T-type,HeavyRain,Other,"00, BELLEVILLE (DE)",M,48.10229430248026,-0.1009409151001163
201800024712,NonLethal,2018-03-31,00:10:00,NightStreelightsOn,350,238,Yes,NoIntersection,Normal,Other,"41, JANVIER (AVENUE JEAN",M,48.10574405142731,-0.1052008462982351
201800024713,NonLethal,2018-02-04,16:10:00,Daylight,350,238,Yes,NoIntersection,LightRain,Other,SEPT (7ø) D'ARTILLERIE (,M,48.10259087284594,-0.1036818297506835
201800024714,NonLethal,2018-10-04,20:56:00,NightStreelightsOn,350,238,Yes,X-type,Normal,2Vehicles-Side,CHATEAUGIRON (DE),M,48.096963793861306,-0.0948480854690709
201800024715,NonLethal,2018-12-04,16:40:00,Daylight,350,238,No,NoIntersection,Normal,2Vehicles-Behind,ROCADE 13-14,M,48.12284419761911,-0.122497599825444
201800024716,NonLethal,2018-04-14,13:24:00,Daylight,350,238,Yes,NoIntersection,Normal,Other,MOINE (LOUIS ET RENE),M,48.09166912788173,-0.0935358342253377
201800024717,NonLethal,2018-04-19,09:00:00,Daylight,350,51,No,NoIntersection,Normal,2Vehicles-Behind,LONGCHAMPS (PORTE DES),M,48.14839908224416,-0.1479638754149051
201800024718,NonLethal,2018-04-19,17:40:00,Daylight,350,238,Yes,NoIntersection,Normal,Other,BRIAND (AVENUE ARISTIDE),M,48.11117166801292,-0.1105274521012455
201800024719,NonLethal,2018-04-19,22:20:00,NightNoStreetLight,350,278,No,Other,Normal,NoCollision,RD 137,M,48.14641850710638,-0.1442267265240877
201800024720,NonLethal,2018-04-23,19:30:00,Daylight,350,238,Yes,Roundabout,Normal,2Vehicles-Behind,FREVILLE (AVENUE HENRI),M,48.08004559932672,-0.0812799349274661
201800024722,NonLethal,2018-03-25,07:39:00,NightStreelightsOn,350,238,Yes,T-type,LightRain,2Vehicles-Side,"00, POMPIDOU ( BD GEORGE",M,48.09657132269024,-0.09696366678776
201800024723,NonLethal,2018-04-24,12:55:00,Daylight,350,238,Yes,NoIntersection,Normal,Other,GUILLAUDOT ( DU GENERAL,M,48.11599798634043,-0.1153375867191527
201800024724,NonLethal,2018-04-04,11:51:00,Daylight,350,238,Yes,X-type,LightRain,2Vehicles-Side,BERNARD (CLAUDE),M,48.10284858926179,-0.1051126336977975
201800024725,NonLethal,2018-06-04,15:05:00,Daylight,350,238,Yes,NoIntersection,Normal,2Vehicles-Behind,DUCHESSE ANNE (BLD DE LA,M,48.11942990530207,-0.1176466392392803
201800024727,NonLethal,2018-07-04,20:13:00,TwilightOrDawn,350,238,Yes,X-type,HeavyRain,NoCollision,CHATEAU (AVENUE FRANCOIS,M,48.10908271116615,-0.1086256633097414
201800024729,NonLethal,2018-04-07,21:05:00,NightStreelightsOn,350,238,Yes,X-type,LightRain,2Vehicles-Side,AUBRY (ALBERT),M,48.10577386236486,-0.1067700279909933
201800024730,NonLethal,2018-08-04,18:14:00,TwilightOrDawn,350,238,Yes,X-type,LightRain,2Vehicles-Side,VANEAU,M,48.10816929769076,-0.1090142605803556
201800024731,NonLethal,2018-10-04,08:19:00,Daylight,350,55,No,NoIntersection,LightRain,2Vehicles-Side,RD 463,M,48.10185343321417,-0.0984843207934438
201800024733,NonLethal,2018-10-04,20:38:00,TwilightOrDawn,350,238,Yes,X-type,Normal,2Vehicles-Side,MOTTE BRULON (DE LA),M,48.12427419557137,-0.1248519559379658
201800024735,NonLethal,2018-04-29,22:00:00,NightStreelightsOn,350,238,Yes,NoIntersection,LightRain,Other,GUILLOUX (LOUIS),M,48.10940756049826,-0.1107317936104263
201800024736,NonLethal,2018-12-04,18:40:00,Daylight,350,238,Yes,NoIntersection,Normal,2Vehicles-Side,TILLON (AVENUE CHARLES),M,48.124501667009405,-0.1250595375638661
201800024738,NonLethal,2018-04-30,13:45:00,Daylight,350,238,Yes,T-type,Overcast,2Vehicles-Side,STRASBOURG (BOULEVARD DE,M,48.111084657880994,-0.1130761048517355
201800024739,NonLethal,2018-04-17,13:43:00,Daylight,350,238,Yes,NoIntersection,Normal,Other,BEAUMONT (BD DE),M,48.10226902612482,-0.1043260339314922
201800024741,NonLethal,2018-04-17,18:55:00,Daylight,350,238,No,NoIntersection,Normal,3+Vehicles-Chain,ROCADE 13-14,M,48.091879370387176,-0.0898265026154871
201800024742,NonLethal,2018-04-19,23:25:00,NightNoStreetLight,350,51,No,NoIntersection,Normal,NoCollision,EST (ROCADE),M,48.12721209060594,-0.1264272033251137
201800024744,NonLethal,2018-04-20,18:12:00,TwilightOrDawn,350,281,Yes,NoIntersection,Normal,Other,RABLAIS (RUE DE LA),M,48.08499891627554,-0.0850086717693363
201800024745,NonLethal,2018-04-23,14:30:00,Daylight,350,238,Yes,NoIntersection,Normal,NoCollision,VOLTAIRE (BD),M,48.104153950823545,-0.1035437238892619
201800024746,NonLethal,2018-04-23,17:48:00,Daylight,350,206,No,NoIntersection,Normal,3+Vehicles-Chain,PORTE ALMA,M,48.07975769440256,-0.0809753653242848
201800024747,NonLethal,2018-04-25,10:05:00,Daylight,350,55,No,NoIntersection,Normal,2Vehicles-Side,MOULIN (RUE DU),M,48.09040396520723,-0.0896547943935438
201800024748,NonLethal,2018-04-25,18:00:00,Daylight,350,238,Yes,NoIntersection,Normal,Other,MAGENTA (BD),M,48.10439041858795,-0.1034327762773247
201800024749,NonLethal,2018-05-02,14:20:00,Daylight,350,238,Yes,NoIntersection,LightRain,2Vehicles-Behind,PORTE DE CLEUNAY,M,48.10399138542785,-0.1034574410575354
201800024750,NonLethal,2018-05-04,11:39:00,Daylight,350,238,Yes,NoIntersection,Normal,Other,BOURGEOIS (BOULEVARD LEO,M,48.09774277476595,-0.0989578579650087
201800024751,NonLethal,2018-05-04,12:32:00,Daylight,350,238,No,NoIntersection,Normal,2Vehicles-Behind,ROCADE 10-11,M,48.08537426889346,-0.0851326416137755
201800024752,NonLethal,2018-05-05,05:25:00,NightStreelightsOn,350,238,Yes,NoIntersection,Normal,NoCollision,SUEDE (DE),M,48.08685792786144,-0.0872599222851236
201800024753,NonLethal,2018-05-05,19:53:00,TwilightOrDawn,350,278,No,NoIntersection,Normal,2Vehicles-Behind,PORTE DE ST MALO,M,48.13863391922295,-0.1414340088267528
201800024754,NonLethal,2018-06-05,18:53:00,Daylight,350,238,Yes,NoIntersection,Normal,2Vehicles-Behind,MITTERAND (MAIL FRANCOIS,M,48.10896298783793,-0.1070068876887309
201800024755,NonLethal,2018-05-06,16:59:00,Daylight,350,238,Yes,NoIntersection,Normal,2Vehicles-Side,MALAKOFF,M,48.10566618183517,-0.1066576752113208
201800024757,NonLethal,2018-07-05,13:05:00,Daylight,350,51,Yes,NoIntersection,Normal,Other,PARIS (RUE DE),M,48.115711033286566,-0.1141754355811723
201800024758,NonLethal,2018-05-10,23:40:00,NightStreelightsOn,350,238,Yes,X-type,Normal,2Vehicles-Side,MITTERAND (MAIL FRANCOIS,M,48.10964879959582,-0.1102957560124393
201800024759,NonLethal,2018-11-05,13:41:00,Daylight,350,238,Yes,T-type,Normal,2Vehicles-Side,DUVAL (ALEXANDRE),M,48.10440909323765,-0.1056810438511304
201800024760,NonLethal,2018-05-11,23:05:00,NightStreelightsOn,350,238,Yes,NoIntersection,Normal,Other,SEVIGNE (BD DE),M,48.11537768270014,-0.1167373372651066
201800024761,NonLethal,2018-05-13,20:20:00,Daylight,350,238,Yes,NoIntersection,Normal,Other,SAINT-BRIEUC (DE),M,48.11223360347598,-0.1106910178245794
201800024763,NonLethal,2018-05-09,09:28:00,Daylight,350,238,Yes,X-type,Normal,2Vehicles-Side,FREVILLE (AVENUE HENRI),M,48.08380329153665,-0.085194189571548
201800024766,NonLethal,2018-05-14,16:40:00,Daylight,350,238,Yes,NoIntersection,Normal,2Vehicles-Side,ROPARTZ (GUY),M,48.13355394576401,-0.1301122644509946
201800024767,NonLethal,2018-05-14,17:12:00,Daylight,350,238,Yes,T-type,Normal,2Vehicles-Behind,LORIENT (DE),M,48.10846141680207,-0.105985663039182
201800024768,NonLethal,2018-05-15,19:15:00,Daylight,350,55,No,NoIntersection,Normal,NoCollision,HALLERAIS (ROND-POINT),M,48.0783662051948,-0.0781630902896995
201800024769,NonLethal,2018-05-16,17:55:00,Daylight,350,55,No,Other,Normal,2Vehicles-Behind,RD 463,M,48.076758330634135,-0.0790335227676602
201800024770,NonLethal,2018-05-16,23:02:00,NightStreelightsOn,350,238,Yes,NoIntersection,Normal,Other,TOUR D'AUVERGNE (BD DE L,M,48.10124573551431,-0.1013681599096309
201800024771,NonLethal,2018-05-17,16:00:00,Daylight,350,238,Yes,NoIntersection,Normal,2Vehicles-Side,CHEZY (BD DE),M,48.11502981537358,-0.1150836927408036
201800024772,NonLethal,2018-05-18,08:50:00,Daylight,350,238,No,Roundabout,Normal,2Vehicles-Side,PORTE DE NANTES,M,48.0812021284736,-0.0823938178925858
201800024773,NonLethal,2018-05-23,07:20:00,Daylight,350,281,Yes,Other,Normal,Other,GAITE (ROND-POINT),M,48.086579926523896,-0.0862962959980472
201800024774,NonLethal,2018-05-23,12:25:00,Daylight,350,238,Yes,NoIntersection,Normal,Other,VERN (DE),M,48.08803684721599,-0.0874721248627747
201800024775,Lethal,2018-05-24,03:20:00,NightNoStreetLight,350,51,No,NoIntersection,Normal,2Vehicles-Behind,BEAULIEU (PORTE DE),M,48.101354897853184,-0.1015460381036206
201800024777,NonLethal,2018-05-28,23:40:00,NightStreelightsOn,350,281,Yes,Roundabout,Normal,NoCollision,DODIN (AVENUE ROGER),M,48.08298112837359,-0.081505799116115
201800024778,NonLethal,2018-05-29,09:04:00,Daylight,350,238,Yes,Roundabout,Normal,2Vehicles-Side,BERGER (AVENUE GASTON),M,48.11921001716938,-0.1169251849750342
201800024780,NonLethal,2018-05-27,08:12:00,Daylight,350,238,Yes,Other,Normal,2Vehicles-Side,CLEMENCEAU (BD GEORGES),M,48.09472882793272,-0.0958794847406498
201800024781,NonLethal,2018-05-30,16:50:00,Daylight,350,238,Yes,Roundabout,Normal,2Vehicles-Side,GAYEULLES (ROND POINT),M,48.1274026603412,-0.1269536728512574
201800024782,NonLethal,2018-05-31,07:40:00,Daylight,350,278,Yes,Roundabout,Normal,2Vehicles-Side,MELESSE (ROND POINT DE),M,48.16002835502158,-0.1637893559748001
201800024783,NonLethal,2018-05-31,14:05:00,Daylight,350,51,Yes,T-type,LightRain,2Vehicles-Side,FOUGERES (ROUTE DE),M,48.13517703824312,-0.133249708229512
201800024786,NonLethal,2018-05-06,11:10:00,Daylight,350,238,Yes,Roundabout,LightRain,2Vehicles-Behind,FREVILLE (AVENUE HENRI),M,48.08153680971011,-0.0823750792835879
201800024787,NonLethal,2018-05-06,15:20:00,Daylight,350,238,Yes,Other,Normal,2Vehicles-Behind,SUISSE (DE),M,48.08695960571544,-0.0850011301396239
201800024788,NonLethal,2018-06-05,18:30:00,Daylight,350,238,Yes,Roundabout,Normal,2Vehicles-Side,ROCADE 4-5,M,48.085539167257295,-0.082973061947327
201800024789,NonLethal,2018-05-06,21:55:00,TwilightOrDawn,350,238,Yes,T-type,Normal,2Vehicles-Side,PAYS-BAS (AVENUE DES),M,48.085229246737526,-0.0874490419574285
201800024790,NonLethal,2018-06-06,18:45:00,Daylight,350,238,Yes,X-type,LightRain,2Vehicles-Side,VERN (DE),M,48.09748738832434,-0.0965815155508855
201800024791,NonLethal,2018-06-06,22:30:00,NightStreelightsOn,350,281,Yes,Roundabout,LightRain,NoCollision,DODIN (AVENUE ROGER),M,48.08237623645446,-0.0819113748539625
201800024792,NonLethal,2018-07-06,09:33:00,Daylight,350,238,Yes,T-type,Normal,2Vehicles-Side,ROUTE DE ST MALO,M,48.12726117534328,-0.1274873650394734
201800024793,NonLethal,2018-07-06,12:35:00,Daylight,350,238,Yes,NoIntersection,Normal,2Vehicles-Side,VANEAU,M,48.11191043792917,-0.1102528251835042
201800024794,NonLethal,2018-07-06,22:10:00,NightStreelightsOn,350,238,Yes,NoIntersection,Normal,Other,LIBERTE (BD DE LA),M,48.10905806780672,-0.1058505611459226
201800024795,NonLethal,2018-08-06,08:30:00,Daylight,350,238,Yes,X-type,Normal,2Vehicles-Side,CHATILLON (DE),M,48.088726498340144,-0.0890485101637383
201800024796,NonLethal,2018-06-10,05:15:00,NightStreelightsOn,350,238,Yes,T-type,FogOrSmoke,2Vehicles-Behind,SAINT-HELIER,M,48.10238965470586,-0.1002434715952016
201800024797,NonLethal,2018-06-10,20:00:00,Daylight,350,238,Yes,T-type,Normal,2Vehicles-Side,BULGARIE (BD DE),M,48.084606666158734,-0.0849400974222373
201800024798,NonLethal,2018-06-13,12:10:00,Daylight,350,238,Yes,NoIntersection,Normal,Other,REPUBLIQUE (PLACE DE LA),M,48.10853407453733,-0.1096288095633199
201800024799,NonLethal,2018-06-13,20:55:00,Daylight,350,238,No,NoIntersection,Normal,Other,FOULON (AVENUE PROFESSEU,M,48.12197892436668,-0.1243178085057107
201800024800,NonLethal,2018-06-13,22:15:00,Daylight,350,238,Yes,Roundabout,Normal,2Vehicles-Side,POLOGNE (AVENUE DE),M,48.085881047595926,-0.0891508041498302
201800024801,NonLethal,2018-06-15,14:07:00,Daylight,350,238,Yes,T-type,Normal,2Vehicles-Side,LERAY (ADOLPHE),M,48.104293417847465,-0.1027469077835096
201800024803,NonLethal,2018-06-19,00:25:00,NightStreelightsOn,350,51,Yes,NoIntersection,Normal,2Vehicles-BehindVehicles-Frontal,ALLIES (BOULEVARD DES),M,48.11112638678252,-0.1131786106585073
201800024806,NonLethal,2018-06-21,13:55:00,Daylight,350,238,No,NoIntersection,Normal,2Vehicles-Behind,ROCADE 15-16,M,48.11577262368072,-0.1151819415209501
201800024807,NonLethal,2018-06-21,16:00:00,Daylight,350,238,Yes,NoIntersection,Normal,Other,BREST (DE),M,48.11238775624323,-0.1121441165348013
201800024808,NonLethal,2018-06-23,21:50:00,Daylight,350,238,Yes,NoIntersection,Normal,Other,GACET (ALLEE DU),M,48.08688549075497,-0.0863906836474857
201800024810,NonLethal,2018-06-27,16:10:00,Daylight,350,238,Yes,NoIntersection,Normal,3+Vehicles-Chain,TOUR D'AUVERGNE (BD DE L,M,48.1052589416288,-0.1073979694666055
201800024811,NonLethal,2018-06-28,20:25:00,Daylight,350,281,Yes,NoIntersection,VeryGood,Other,BENOIT (RUE FREDERIC),M,48.08685841025492,-0.0873677281605103
201800024812,NonLethal,2018-06-28,22:39:00,Daylight,350,238,Yes,NoIntersection,Normal,Other,GUILLAUDOT ( DU GENERAL,M,48.11576729205597,-0.1150250785283095
201800024813,NonLethal,2018-06-29,19:00:00,Daylight,350,238,Yes,X-type,Normal,Other,TOUR D'AUVERGNE (BD DE L,M,48.105246647723554,-0.1070171166125801
201800024814,NonLethal,2018-07-02,07:50:00,Daylight,350,281,Yes,X-type,LightRain,2Vehicles-Side,MERMOZ (BOULEVARD JEAN),M,48.09901040560752,-0.0970021248945894
201800024815,NonLethal,2018-07-02,12:45:00,Daylight,350,238,Yes,NoIntersection,LightRain,Other,JUGAN (JEANNE),M,48.11533956870055,-0.1164524437406069
201800024816,NonLethal,2018-07-02,22:00:00,TwilightOrDawn,350,238,Yes,X-type,LightRain,2Vehicles-BehindVehicles-Frontal,CARTIER (BD JACQUES),M,48.0970591208508,-0.097610023824209
201800024817,NonLethal,2018-07-03,10:00:00,Daylight,350,51,Yes,NoIntersection,Normal,Other,CLOS COURTEL (DU),M,48.130673492259895,-0.131939641333681
201800024818,NonLethal,2018-06-03,18:50:00,Daylight,350,238,Yes,T-type,Normal,2Vehicles-Behind,MAINE (DU),M,48.12181171555631,-0.122970788307049
201800024819,NonLethal,2018-07-03,15:05:00,Daylight,350,238,Yes,NoIntersection,Normal,Other,BRETAGNE (PLACE DE),M,48.10836848652298,-0.1095647457208386
201800024820,NonLethal,2018-07-06,22:45:00,NightStreelightsOn,350,238,Yes,X-type,LightRain,Other,KERVILER,M,48.11084065289874,-0.1088610011633802
201800024821,NonLethal,2018-07-07,11:00:00,Daylight,350,206,No,NoIntersection,Normal,3+Vehicles-Chain,RN136,M,48.07893609132926,-0.0786664336762347
201800024822,NonLethal,2018-09-07,07:45:00,Daylight,350,238,Yes,X-type,Normal,2Vehicles-Behind,SAINT-HELIER,M,48.10340650571431,-0.1017929473023475
201800024824,NonLethal,2018-07-09,23:50:00,NightStreelightsOn,350,278,Yes,NoIntersection,Normal,2Vehicles-Side,LIBERATION (AVENUE DE LA,M,48.14774983875868,-0.1477887949419264
201800024825,NonLethal,2018-01-31,18:10:00,NightStreelightsOn,350,238,Yes,T-type,Normal,2Vehicles-Side,rue de Fougères,M,48.127689437083085,-0.1256683690012012
201800024827,NonLethal,2018-07-11,10:50:00,Daylight,350,51,Yes,NoIntersection,Normal,2Vehicles-BehindVehicles-Frontal,BOULAIS (AVENUE DE LA),M,48.1203225829469,-0.1200991356615522
201800024828,NonLethal,2018-11-07,13:25:00,Daylight,350,55,Yes,X-type,Normal,2Vehicles-Side,LOGES (RUE DES),M,48.07704133461667,-0.0788904637074898
201800024829,NonLethal,2018-05-31,18:40:00,Daylight,350,51,No,NoIntersection,LightRain,2Vehicles-Behind,PORTE DE LA RIGOURDIERE,M,48.115837054162846,-0.114595282759072
201800024830,NonLethal,2018-07-14,00:10:00,NightStreelightsOn,350,238,Yes,Y-type,Normal,2Vehicles-Behind,ALMA (DE L'),M,48.103340589429735,-0.1058459273747777
201800024831,NonLethal,2018-07-14,09:55:00,Daylight,350,238,Yes,NoIntersection,VeryGood,Other,SEVIGNE (BD DE),M,48.11701500016136,-0.1157545011478867
201800024832,NonLethal,2018-05-18,09:30:00,Daylight,350,238,Yes,T-type,Normal,NoCollision,BOIS LABBE (AVENUE DU),M,48.12669603038284,-0.1260708566590535
201800024833,NonLethal,2018-07-18,09:23:00,Daylight,350,238,Yes,MoreThan4Branches,Normal,Other,BRETAGNE (PLACE DE),M,48.10813925911542,-0.1099195930630284
201800024834,NonLethal,2018-06-17,07:20:00,Daylight,350,238,Yes,X-type,Normal,2Vehicles-Side,VERN (DE),M,48.0978125504549,-0.0979288617376569
201800024835,NonLethal,2018-05-23,17:23:00,Daylight,350,238,Yes,T-type,Normal,3+Vehicles-Chain,VOLCLAIR (BD LOUIS),M,48.0900997201898,-0.089011233433095