AccidentId,Gravity,Date,Hour,Light,Department,Commune,InAgglomeration,IntersectionType,Weather,CollisionType,PostalAddress,GPSCode,Latitude,Longitude
201800024836,NonLethal,2018-07-19,17:30:00,Daylight,350,281,No,X-type,Normal,2Vehicles-Behind,RD 837,M,48.06952997653556,-0.0700715507595752
201800024837,NonLethal,2018-05-20,11:51:00,Daylight,350,278,No,NoIntersection,Normal,2Vehicles-Behind,RD 137,M,48.1839376159042,-0.1841712881202247
201800024838,NonLethal,2018-07-19,20:15:00,TwilightOrDawn,350,238,Yes,X-type,Normal,2Vehicles-Side,MENDES FRANCE (BD PIERRE,M,48.09857968727815,-0.0984714678072029
201800024839,NonLethal,2018-05-28,12:08:00,Daylight,350,238,Yes,X-type,Normal,2Vehicles-Side,PATTON (AVENUE DU GENERA,M,48.1227661789143,-0.1250984384074431
201800024840,NonLethal,2018-07-20,17:00:00,Daylight,350,238,Yes,T-type,Normal,2Vehicles-Side,LORIENT (DE),M,48.10824169172102,-0.1054566388763659
201800024841,NonLethal,2018-07-21,16:55:00,Daylight,350,238,Yes,X-type,Normal,2Vehicles-Side,PORTUGAL (BD DU),M,48.08429527176751,-0.0848671725166987
201800024842,NonLethal,2018-07-21,18:55:00,Daylight,350,238,Yes,Roundabout,Normal,2Vehicles-Side,VALLES (JULES),M,48.10236959273438,-0.1030377759657648
201800024843,NonLethal,2018-07-22,16:40:00,Daylight,350,238,Yes,X-type,Normal,2Vehicles-Side,CHATEAUGIRON (DE),M,48.10019997770219,-0.1019374804720857
201800024844,NonLethal,2018-07-23,11:30:00,Daylight,350,238,Yes,NoIntersection,Normal,Other,LE GUILLOUX (HENRI),M,48.12243377498915,-0.1201720510736015
201800024845,NonLethal,2018-07-24,13:30:00,Daylight,350,238,Yes,NoIntersection,Normal,2Vehicles-Side,VERDUN (BD DE),M,48.1196929352529,-0.1199799790671301
201800024846,NonLethal,2018-07-24,19:20:00,Daylight,350,278,No,Roundabout,Normal,2Vehicles-Side,D 175,M,48.15379219551079,-0.1540821603421953
201800024847,NonLethal,2018-07-24,22:45:00,NightStreelightsOn,350,238,Yes,X-type,Normal,2Vehicles-Side,JANVIER (AVENUE JEAN),M,48.10995083347186,-0.1077897542161539
201800024849,NonLethal,2018-06-21,17:45:00,Daylight,350,51,Yes,X-type,Normal,2Vehicles-Side,LAURIERS (RUE DES),M,48.116689026685805,-0.1175120300189172
201800024850,NonLethal,2018-07-25,21:30:00,Daylight,350,238,Yes,Roundabout,Normal,2Vehicles-Side,VALLES (JULES),M,48.10477486652035,-0.1052162799355159
201800024851,NonLethal,2018-07-27,17:00:00,Daylight,350,238,Yes,NoIntersection,Normal,2Vehicles-Behind,LORIENT (DE),M,48.10975695286644,-0.1101588924975545
201800024852,NonLethal,2018-07-30,10:50:00,Daylight,350,238,Yes,NoIntersection,Normal,2Vehicles-Behind,SAINT-BRIEUC (DE),M,48.11624208156872,-0.1167045939276535
201800024853,NonLethal,2018-07-30,19:05:00,Daylight,350,55,No,NoIntersection,Normal,2Vehicles-Side,LOGETTES (RUE DES),M,48.08467483915192,1.0829579635860431
201800024854,NonLethal,2018-07-31,18:10:00,Daylight,350,238,Yes,X-type,Normal,2Vehicles-Side,TOUR D'AUVERGNE (BD DE L,M,48.10563163967606,-0.1066863905162347
201800024855,Lethal,2018-08-02,18:10:00,Daylight,350,238,No,NoIntersection,Normal,3+Vehicles-Chain,RN136,M,48.14294188708103,-0.1417964664013082
201800024858,NonLethal,2018-03-08,11:30:00,Daylight,350,238,Yes,X-type,Normal,2Vehicles-Side,FREVILLE (AVENUE HENRI),M,48.0833332897046,-0.0846885688624096
201800024859,NonLethal,2018-04-08,07:45:00,Daylight,350,238,Yes,Roundabout,Normal,2Vehicles-Side,PAYS-BAS (AVENUE DES),M,48.09014847271138,-0.0884496422009467
201800024860,NonLethal,2018-08-04,14:50:00,Daylight,350,238,Yes,T-type,Normal,2Vehicles-Side,PAYS-BAS (AVENUE DES),M,48.08539418132119,-0.0844531779655248
201800024861,NonLethal,2018-05-08,01:24:00,NightStreelightsOn,350,238,Yes,T-type,Normal,2Vehicles-Side,TOUR D'AUVERGNE (BD DE L,M,48.103629673025935,-0.1055575961333292
201800024862,NonLethal,2018-08-08,09:36:00,Daylight,350,238,Yes,X-type,Normal,2Vehicles-Side,SAINT-BRIEUC (DE),M,48.116712751074814,-0.1163195233056087
201800024863,NonLethal,2018-08-08,18:55:00,Daylight,350,238,Yes,Roundabout,Normal,2Vehicles-Side,BIGNON (DU),M,48.09637627241597,-0.0965503527504232
201800024864,NonLethal,2018-08-10,01:20:00,NightNoStreetLight,350,238,Yes,NoIntersection,Normal,NoCollision,PORTE D'ANGERS,M,48.082962081147606,-0.0828622175121488
201800024866,NonLethal,2018-08-11,23:35:00,NightNoStreetLight,350,278,No,NoIntersection,Normal,NoCollision,COUESNON (AVENUE DU),M,48.14244613043048,-0.1418499852646657
201800024867,NonLethal,2018-08-13,17:30:00,Daylight,350,238,Yes,X-type,Normal,2Vehicles-Side,KERAUTRET BOTMEL (LOUIS),M,48.09360140646325,-0.0925474669224533
201800024868,NonLethal,2018-08-13,21:20:00,TwilightOrDawn,350,238,Yes,NoIntersection,Normal,Other,CHATEAUGIRON (DE),M,48.09999077183877,-0.0993219515395714
201800024869,Lethal,2018-08-14,18:21:00,Daylight,350,238,Yes,X-type,Normal,2Vehicles-Side,GROS MALHON (AVENUE),M,48.128669893682606,-0.1270448475042868
201800024870,NonLethal,2018-08-16,18:20:00,Daylight,350,206,No,Other,LightRain,3+Vehicles-Chain,RN136,M,48.07977803108396,-0.0784363675135593
201800024871,NonLethal,2018-08-16,18:10:00,Daylight,350,238,Yes,NoIntersection,LightRain,2Vehicles-Side,FREVILLE (AVENUE HENRI),M,48.09146349793546,-0.0912906092655548
201800024872,NonLethal,2018-08-17,16:15:00,Daylight,350,238,Yes,X-type,Normal,2Vehicles-BehindVehicles-Frontal,FREVILLE (AVENUE HENRI),M,48.082556995819225,-0.0846125340025997
201800024873,NonLethal,2018-08-18,19:54:00,Daylight,350,238,Yes,Roundabout,Normal,2Vehicles-Side,ROUAULT (ANDRE),M,48.09118243815727,-0.0933532165445654
201800024874,NonLethal,2018-05-25,19:00:00,Daylight,350,353,No,NoIntersection,HeavyRain,NoCollision,RN 12,M,48.12357770065711,-0.1209905601772212
201800024875,NonLethal,2018-05-19,12:30:00,Daylight,350,238,Yes,X-type,Normal,2Vehicles-Side,MITTERAND (MAIL FRANCOIS,M,48.11004896087942,-0.109476413664485
201800024877,NonLethal,2018-08-25,18:20:00,Daylight,350,238,Yes,T-type,Normal,2Vehicles-Side,SAINT-MALO (RUE DE),M,48.123375624803295,-0.120052374991328
201800024878,NonLethal,2018-08-27,17:25:00,Daylight,350,238,Yes,NoIntersection,Normal,2Vehicles-Behind,ROBINOT DE ST-CYR (QUAI),M,48.1036434730592,-0.103547730343856
201800024879,NonLethal,2018-08-28,18:35:00,Daylight,350,238,Yes,NoIntersection,Normal,Other,ARMORIQUE (BD D'),M,48.12978954399067,-0.1297835642261305
201800024880,NonLethal,2018-08-30,16:00:00,Daylight,350,238,No,NoIntersection,Normal,2Vehicles-BehindVehicles-Frontal,PREVALAYE (CHEMIN DE LA),M,48.095423232498,-0.0989559953220734
201800024881,NonLethal,2018-08-31,07:50:00,Daylight,350,51,Yes,NoIntersection,Normal,2Vehicles-Side,FOUGERES (ROUTE DE),M,48.14663580812859,-0.146794341409002
201800024882,NonLethal,2018-08-31,17:25:00,Daylight,350,238,Yes,X-type,Normal,2Vehicles-BehindVehicles-Frontal,MARGUERITTE (GAL),M,48.1185926849216,-0.117014062846495
201800024883,NonLethal,2018-08-31,21:10:00,NightStreelightsOn,350,238,Yes,Square,Normal,Other,SAINTE-ANNE (PLACE),M,48.11281117277242,-0.1138005582499576
201800024884,NonLethal,2018-03-09,15:20:00,Daylight,350,281,No,NoIntersection,VeryGood,3+Vehicles-Chain,RD 177,M,48.07336041855095,-0.0720550848303589
201800024886,NonLethal,2018-09-05,19:30:00,Daylight,350,238,Yes,NoIntersection,Normal,NoCollision,GUERINAIS (BD DE LA),M,48.09908186366369,-0.0972240838034645
201800024887,NonLethal,2018-09-06,20:45:00,NightStreelightsOn,350,238,Yes,NoIntersection,Normal,2Vehicles-Behind,ROBERDIERE (DE LA),M,48.10386695814521,-0.1034719348074726
201800024888,NonLethal,2018-09-07,01:20:00,NightStreelightsOn,350,238,Yes,NoIntersection,Normal,Other,BAS DES LICES (PLACE DU),M,48.114687647787925,-0.1131137390918477
201800024889,NonLethal,2018-09-07,19:05:00,Daylight,350,238,Yes,NoIntersection,Normal,Other,LAMENNAIS (QUAI),M,48.11019607401976,-0.108427431283206
201800024891,NonLethal,2018-03-09,09:04:00,Daylight,350,238,Yes,Roundabout,Normal,NoCollision,POLOGNE (AVENUE DE),M,48.088556242469735,-0.0863003234782373
201800024893,NonLethal,2018-12-09,09:25:00,Daylight,350,238,Yes,T-type,Normal,2Vehicles-Side,PAPIN (DENIS),M,48.10562001369949,-0.1054595663624085
201800024894,NonLethal,2018-12-09,09:15:00,Daylight,350,238,Yes,NoIntersection,Normal,Other,VERN (DE),M,48.09547871291883,-0.0948647505079996
201800024895,NonLethal,2018-12-09,10:50:00,Daylight,350,281,No,NoIntersection,Normal,2Vehicles-Behind,DODIN (AVENUE ROGER),M,48.09062525369664,-0.0897471361078073
201800024896,NonLethal,2018-09-13,08:15:00,Daylight,350,238,Yes,X-type,Overcast,2Vehicles-Side,METZ (BD DE),M,48.11578936342541,-0.1163949518891495
201800024897,NonLethal,2018-09-13,09:38:00,Daylight,350,281,No,NoIntersection,Normal,2Vehicles-Side,HAIE-DES-COGNETS (BOUL D,M,48.06711868993767,-0.0659353473370254
201800024898,NonLethal,2018-09-13,17:34:00,Daylight,350,238,Yes,Other,VeryGood,Other,CLOS COURTEL (DU),M,48.12470798271479,-0.1264405674350039
201800024899,NonLethal,2018-09-14,09:21:00,TwilightOrDawn,350,281,No,Other,Normal,2Vehicles-Side,BELLEVUE (AVENUE DE),M,48.07829016998775,-0.0788673675260654
201800024900,NonLethal,2018-09-14,15:55:00,Daylight,350,238,Yes,NoIntersection,Normal,2Vehicles-Behind,TILLON (AVENUE CHARLES),M,48.12381471961723,-0.1238165098820806
201800024902,NonLethal,2018-09-15,12:25:00,Daylight,350,238,Yes,NoIntersection,Normal,2Vehicles-Behind,PORTE DE LORIENT,M,48.11089224612375,-0.1098108901007896
201800024903,NonLethal,2018-09-15,21:35:00,NightStreelightsOn,350,238,Yes,X-type,Normal,2Vehicles-Side,FREVILLE (AVENUE HENRI),M,48.08455803710116,-0.0853662516304086
201800024904,NonLethal,2018-09-16,18:40:00,Daylight,350,238,No,NoIntersection,Normal,3+Vehicles-Chain,,M,48.1203665266886,-0.1200961277080895
201800024905,NonLethal,2018-09-17,14:10:00,Daylight,350,51,Yes,NoIntersection,Normal,NoCollision,BRAY (RUE DE),M,48.10853546724376,-0.1060728836974372
201800024909,NonLethal,2018-09-17,17:15:00,Daylight,350,238,Yes,NoIntersection,Normal,Other,BERNARD (CLAUDE),M,48.1024916553556,-0.1031484518542554
201800024910,NonLethal,2018-09-18,08:23:00,Daylight,350,238,Yes,NoIntersection,Normal,2Vehicles-Behind,VITRE (BLD DE),M,48.1196077720569,-0.1208691634413544
201800024911,NonLethal,2018-09-18,10:57:00,Daylight,350,238,Yes,NoIntersection,Normal,Other,MABILAIS (DE LA),M,48.10674235626504,-0.105829880682001
201800024912,NonLethal,2018-09-19,12:30:00,Daylight,350,238,Yes,Other,Normal,Other,MALMOE (ALLEE DE),M,48.08649041341573,-0.0860315025025127
201800024914,NonLethal,2018-09-20,12:52:00,Daylight,350,238,Yes,Other,Normal,2Vehicles-Side,SAINT-HELIER,M,48.10774689292976,-0.1044356474562036
201800024915,NonLethal,2018-09-21,03:00:00,NightStreelightsOn,350,238,Yes,X-type,HeavyRain,2Vehicles-Side,MITTERAND (MAIL FRANCOIS,M,48.10942174349094,-0.107499591724459
201800024917,NonLethal,2018-09-21,07:55:00,Daylight,350,238,Yes,NoIntersection,Normal,2Vehicles-Side,GUERINAIS (BD DE LA),M,48.098182420222734,-0.0997191403181332
201800024918,NonLethal,2018-09-21,08:40:00,Daylight,350,238,No,NoIntersection,Normal,2Vehicles-Behind,RN136,M,48.085151969398254,-0.0835851159863016
201800024919,NonLethal,2018-09-22,12:30:00,Daylight,350,238,Yes,NoIntersection,Normal,2Vehicles-Behind,BRIAND (AVENUE ARISTIDE),M,48.11015152077666,-0.1105547220041874
201800024920,NonLethal,2018-09-23,12:23:00,Daylight,350,238,Yes,NoIntersection,Normal,2Vehicles-Behind,PORTUGAL (BD DU),M,48.08356619714338,-0.0826470827948822
201800024921,NonLethal,2018-09-23,18:15:00,Daylight,350,238,Yes,NoIntersection,Normal,Other,CANADA (AVENUE DU),M,48.08933214069817,-0.0871827112353606
201800024922,NonLethal,2018-09-23,20:50:00,NightStreelightsOn,350,238,Yes,T-type,Overcast,2Vehicles-Behind,CHURCHILL (AVENUE SIR WI,M,48.12414100689902,-0.1238837328950531
201800024923,NonLethal,2018-09-24,08:00:00,Daylight,350,238,Yes,NoIntersection,Normal,Other,PAINLEVE (BD PAUL),M,48.121973070366174,-0.1216038555352804
201800024925,NonLethal,2018-09-24,19:37:00,Daylight,350,278,Yes,Other,Normal,2Vehicles-Side,ROUTE DE SAINT-MALO,M,48.13724431315853,-0.1382225583501698
201800024926,NonLethal,2018-09-25,10:22:00,Daylight,350,281,Yes,T-type,Normal,2Vehicles-Side,LE CORFEC (RUE LT),M,48.08882714235223,-0.0891549856820624
201800024928,NonLethal,2018-09-25,15:30:00,Daylight,350,281,Yes,NoIntersection,Normal,2Vehicles-Side,NANTES (RUE DE),M,48.0884232804852,-0.088096932283574
201800024929,NonLethal,2018-09-26,14:00:00,Daylight,350,238,Yes,NoIntersection,Normal,Other,TRONJOLLY PLELO,M,48.10566907179909,-0.1050858522740897
201800024930,NonLethal,2018-09-27,09:10:00,Daylight,350,278,No,NoIntersection,Normal,3+Vehicles-Chain,ROCADE,M,48.14239704691508,-0.141652398256543
201800024931,NonLethal,2018-01-10,08:05:00,Daylight,350,238,No,NoIntersection,Normal,2Vehicles-Behind,RN136,M,48.08454939415329,-0.0854322429874215
201800024933,NonLethal,2018-01-10,16:40:00,Daylight,350,238,Yes,NoIntersection,Normal,2Vehicles-Side,ANTRAIN (D') DE 43 ET 80,M,48.11984234892866,-0.1217942978969831
201800024934,NonLethal,2018-10-01,20:48:00,NightStreelightsOn,350,238,Yes,T-type,Normal,NoCollision,BERNARD (CLAUDE),M,48.10553310727423,-0.1048615404090807
201800024935,NonLethal,2018-10-02,11:40:00,Daylight,350,238,Yes,NoIntersection,Normal,Other,PATTON (AVENUE DU GENERA,M,48.12542897149734,-0.1253822307293354
201800024936,NonLethal,2018-10-03,17:38:00,Daylight,350,238,Yes,NoIntersection,Normal,Other,MOUNIER (BD EMMANUEL),M,48.12496459955798,-0.1252674315309707
201800024937,NonLethal,2018-03-10,18:00:00,Daylight,350,238,Yes,Other,Normal,Other,FOULON (AVENUE PROFESSEU,M,48.11989751398917,-0.12017493774735
201800024938,NonLethal,2018-10-04,08:10:00,Daylight,350,238,Yes,Roundabout,Normal,2Vehicles-Side,ALBERT 1ER (BD),M,48.09036496448587,-0.0895548322489347
201800024939,NonLethal,2018-10-04,15:20:00,Daylight,350,238,Yes,T-type,Normal,2Vehicles-Side,PATTON (AVENUE DU GENERA,M,48.12427920603511,-0.1274683049617943
201800024940,NonLethal,2018-10-05,08:10:00,Daylight,350,238,Yes,Other,Normal,2Vehicles-Behind,BIGNON (DU),M,48.096622741507545,-0.0962520631564694
201800024941,NonLethal,2018-10-05,18:05:00,Daylight,350,238,No,NoIntersection,Normal,3+Vehicles-Multiple,RN136,M,48.085059084922186,-0.0852373265873215
201800024942,NonLethal,2018-10-06,04:15:00,NightStreelightsOn,350,238,Yes,NoIntersection,Normal,Other,CHATEAUDUN (DE),M,48.11106332792836,-0.1102776234483412
201800024943,NonLethal,2018-10-06,12:45:00,Daylight,350,238,Yes,T-type,Normal,2Vehicles-Behind,POLOGNE (AVENUE DE),M,48.083839064690665,-0.0841626275797222
201800024945,NonLethal,2018-10-06,18:00:00,Daylight,350,281,Yes,Other,LightRain,Other,PERI (RUE ET RESIDENCE G,M,48.09258155612217,-0.0926470168052153
201800024946,NonLethal,2018-07-10,05:06:00,NightNoStreetLight,350,278,No,NoIntersection,HeavyRain,2Vehicles-Behind,RD 137,M,48.16573222995552,-0.1646885151097198
201800024947,NonLethal,2018-10-07,22:10:00,NightNoStreetLight,350,281,No,NoIntersection,Normal,NoCollision,ROCADE,M,48.08851232211928,-0.0897970495411554
201800024948,NonLethal,2018-09-28,11:44:00,Daylight,350,238,Yes,X-type,Normal,Other,RENAULT (RUE CHATEAU),M,48.11237872169099,-0.1129241957346229
201800024949,NonLethal,2018-08-10,07:00:00,NightStreelightsOn,350,238,Yes,X-type,Normal,2Vehicles-Side,CHATEAUGIRON (DE),M,48.10150188346103,-0.1029003968058619
201800024950,NonLethal,2018-10-08,09:15:00,Daylight,350,238,Yes,Roundabout,Normal,2Vehicles-Side,LANGEVIN (PAUL),M,48.09158216317263,-0.0908613887520148
201800024951,NonLethal,2018-10-08,11:45:00,Daylight,350,278,Yes,Y-type,VeryGood,Other,FILAUX (RUE ABBE),M,48.15228763872093,-0.1528706416237973
201800024952,NonLethal,2018-10-09,07:50:00,TwilightOrDawn,350,238,Yes,X-type,Normal,Other,NANTES (DE),M,48.092814864376535,-0.0953105905117485
201800024953,NonLethal,2018-03-10,18:15:00,Daylight,350,238,Yes,T-type,Normal,2Vehicles-Side,ANTRAIN (D') DE 43 ET 80,M,48.12051237901617,-0.1212303483822799
201800024954,NonLethal,2018-10-10,12:50:00,Daylight,350,278,Yes,Roundabout,Normal,2Vehicles-Side,ROBIQUETTE (ROND POINT D,M,48.13601829322371,-0.136194717599058
201800024956,NonLethal,2018-10-11,19:30:00,NightNoStreetLight,350,238,Yes,NoIntersection,LightRain,2Vehicles-Behind,RN136,M,48.08156211543669,-0.0822939867245672
201800024958,NonLethal,2018-10-12,09:13:00,Daylight,350,238,Yes,NoIntersection,Normal,2Vehicles-Behind,JUILLET ( DE),M,48.11237913359259,-0.1137595912127329
201800024959,NonLethal,2018-12-10,14:00:00,Daylight,350,238,Yes,X-type,Normal,2Vehicles-Side,VANEAU,M,48.10779116782729,-0.1084192977834914
201800024960,NonLethal,2018-10-13,00:30:00,NightStreelightsOn,350,238,Yes,X-type,Normal,2Vehicles-Side,MOTTE BRULON (DE LA),M,48.12222160512616,-0.1239841506518895
201800024961,NonLethal,2018-10-13,07:30:00,NightStreelightsOn,350,238,Yes,NoIntersection,Normal,2Vehicles-Side,PORTE DE LORIENT,M,48.1085345291789,-0.1087193090231271
201800024962,NonLethal,2018-10-13,21:30:00,NightStreelightsOn,350,238,Yes,X-type,Normal,2Vehicles-Side,LAENNEC (BD RENE),M,48.11009397772921,-0.1089112966490652
201800024963,NonLethal,2018-10-14,11:24:00,Daylight,350,238,Yes,X-type,LightRain,2Vehicles-Side,LANGUEDOC (AVENUE DU),M,48.115752802562426,-0.1176038601823521
201800024964,NonLethal,2018-10-15,07:40:00,TwilightOrDawn,350,238,No,T-type,LightRain,NoCollision,CHAMPS ROTIS (LIEU-DIT L,M,48.13790322752542,-0.1392293634761403
201800024965,NonLethal,2018-10-15,15:05:00,Daylight,350,278,Yes,Roundabout,Normal,Other,CHESNAIS BEAUREGARD (RUE,M,48.13492753430548,-0.1362963143788038
201800024966,NonLethal,2018-10-13,08:00:00,TwilightOrDawn,350,238,No,NoIntersection,Normal,Other,PORTE ALMA,M,48.07970511683229,-0.0791621621072631
201800024967,NonLethal,2018-10-16,08:30:00,Daylight,350,55,Yes,NoIntersection,Normal,2Vehicles-Side,LOGETTES (RUE DES),M,48.08457846073524,-0.0849142315290716
201800024968,NonLethal,2018-10-15,13:58:00,Daylight,350,238,Yes,NoIntersection,Normal,NoCollision,VILLEBOIS MAREUIL (BD),M,48.10287663826323,-0.1000511313731429
201800024969,NonLethal,2018-10-16,20:20:00,NightStreelightsOn,350,238,Yes,NoIntersection,Normal,2Vehicles-Behind,LIBERTE (BD DE LA),M,48.1072678585685,-0.1076910161949276
201800024970,NonLethal,2018-10-17,09:40:00,Daylight,350,238,Yes,NoIntersection,Normal,Other,VILLEBOIS MAREUIL (BD),M,48.106627441554906,-0.1080179377321823
201800024971,NonLethal,2018-10-17,10:05:00,Daylight,350,238,No,NoIntersection,FogOrSmoke,NoCollision,PREVALAYE (CHEMIN DE LA),M,48.09137605312607,-0.0921886027817746
201800024972,NonLethal,2018-10-17,17:00:00,Daylight,350,51,Yes,NoIntersection,Normal,2Vehicles-Side,BRAY (RUE DE),M,48.106590883346826,-0.1043721537934326
201800024973,NonLethal,2018-10-17,18:50:00,TwilightOrDawn,350,238,Yes,NoIntersection,Normal,2Vehicles-Side,MAILLARD DE LA GOURNERIE,M,48.115744438712426,-0.1151190098999935
201800024974,NonLethal,2018-10-18,08:00:00,Daylight,350,238,No,NoIntersection,Normal,2Vehicles-Behind,PORTE DU BLOSNE,M,48.07916043067373,-0.0820033377474133
201800024975,NonLethal,2018-10-19,08:20:00,Daylight,350,238,Yes,X-type,Normal,Other,METZ (BD DE),M,48.11546071618003,-0.1162280892353885
201800024976,NonLethal,2018-10-19,15:20:00,Daylight,350,238,Yes,X-type,Normal,Other,JOFFRE ( DU MARECHAL),M,48.11006638293472,-0.1082936748908786
201800024977,NonLethal,2018-10-19,17:30:00,Daylight,350,238,No,NoIntersection,Normal,2Vehicles-Behind,RN136,M,48.099034936742,-0.0992696131060591
201800024978,NonLethal,2018-10-20,13:00:00,Daylight,350,278,Yes,Roundabout,Normal,2Vehicles-Behind,GROS MALHON (AVENUE),M,48.13928891215318,-0.1410477438340011
201800024979,NonLethal,2018-10-22,18:50:00,Daylight,350,238,Yes,NoIntersection,Normal,2Vehicles-Behind,NANTES (DE),M,48.101846415243855,-0.1008192955070619
201800024980,NonLethal,2018-10-23,20:45:00,NightStreelightsOn,350,238,Yes,X-type,Normal,2Vehicles-Side,FOSSES (DES),M,48.11397601496331,-0.1132664971488145
201800024981,NonLethal,2018-10-25,11:25:00,Daylight,350,238,Yes,NoIntersection,Normal,Other,LE GUILLOUX (HENRI),M,48.121988423558335,-0.1186489796448327
201800024982,NonLethal,2018-10-25,17:10:00,Daylight,350,238,No,NoIntersection,Normal,Other,PETIT BLOSNE (LIEU-DIT L,M,48.09374297475532,-0.09414697446572
201800024984,NonLethal,2018-10-26,08:25:00,TwilightOrDawn,350,278,No,NoIntersection,Normal,2Vehicles-Behind,RD 137,M,48.16144881217164,-0.1592493035073404
201800024985,NonLethal,2018-10-27,10:15:00,Daylight,350,238,Yes,T-type,Overcast,2Vehicles-Side,LEROUX (BD OSCAR),M,48.09163396096866,-0.0925401743394015
201800024988,NonLethal,2018-10-30,10:35:00,Daylight,350,278,No,NoIntersection,Normal,Other,RD 137,M,48.14949425132069,-0.14754248683406
201800024989,NonLethal,2018-10-30,17:45:00,TwilightOrDawn,350,278,Yes,NoIntersection,Normal,3+Vehicles-Chain,AUGE DE PIERRE (ROND POI,M,48.1369248436338,-0.1364224850622977
201800024991,NonLethal,2018-10-31,14:25:00,Daylight,350,238,No,NoIntersection,Normal,3+Vehicles-Chain,RN136,M,48.10095285220067,-0.1012508200688139
201800024993,NonLethal,2018-11-01,01:20:00,NightStreelightsOn,350,238,Yes,X-type,Normal,2Vehicles-Side,VERN (DE),M,48.09877266692969,-0.0965759612553771
201800024996,NonLethal,2018-11-04,06:40:00,NightStreelightsOff,350,238,Yes,X-type,Normal,2Vehicles-Side,MARBEUF (BLD),M,48.11446973127968,-0.1142551932072756
201800024997,NonLethal,2018-08-30,17:58:00,Daylight,350,278,No,T-type,Overcast,2Vehicles-Side,ECUELLE  (LIEU DIT LA BE,M,48.1771757717415,-0.1756386221772485
201800024998,NonLethal,2018-11-05,19:40:00,NightStreelightsOn,350,238,Yes,NoIntersection,Normal,2Vehicles-Behind,VEZIN (ROUTE DE),M,48.11610668836647,-0.1171371088164232
201800024999,NonLethal,2018-06-11,20:10:00,NightStreelightsOn,350,238,Yes,X-type,LightRain,2Vehicles-Side,CHURCHILL (AVENUE SIR WI,M,48.12379313316179,-0.123061070329733
201800025000,NonLethal,2018-11-07,08:05:00,Daylight,350,238,Yes,NoIntersection,Overcast,2Vehicles-BehindVehicles-Frontal,LE MOINE (BD PIERRE),M,48.09152555620986,-0.0895727587548759
201800025002,NonLethal,2018-11-07,21:00:00,NightStreelightsOn,350,51,Yes,T-type,Normal,2Vehicles-Behind,ALLIES (BOULEVARD DES),M,48.1127045046803,-0.1137250371428774
201800025003,NonLethal,2018-11-08,09:23:00,Daylight,350,238,Yes,X-type,Normal,3+Vehicles-Multiple,SAINT-HELIER,M,48.10348656060034,-0.1038103721925351
201800025004,NonLethal,2018-11-08,14:00:00,Daylight,350,238,No,NoIntersection,Normal,2Vehicles-Behind,RN136,M,48.1055434443781,-0.1052359311487421
201800025005,NonLethal,2018-11-08,18:35:00,NightStreelightsOn,350,238,Yes,X-type,Normal,2Vehicles-Behind,LIBERTE (BD DE LA),M,48.10670362321309,-0.1085280169020651
201800025006,NonLethal,2018-09-11,06:07:00,NightNoStreetLight,350,238,No,NoIntersection,Normal,2Vehicles-Side,ROCADE 7-8,M,48.08342597040268,-0.0824527783527366
201800025007,NonLethal,2018-08-11,19:58:00,NightStreelightsOn,350,238,Yes,NoIntersection,Normal,Other,FOUGERES (RUE DE),M,48.12360145295374,-0.1223847180095493
201800025008,NonLethal,2018-09-11,18:25:00,NightStreelightsOn,350,238,Yes,Y-type,LightRain,2Vehicles-Behind,VOLNEY (BD),M,48.12219713302528,-0.1226404985051244
201800025009,NonLethal,2018-10-11,17:30:00,Daylight,350,51,No,NoIntersection,LightRain,Other,EST (ROCADE),M,48.14658030175643,-0.1479552317144327
201800025010,NonLethal,2018-11-11,03:20:00,NightStreelightsOn,350,238,Yes,Other,LightRain,Other,MITTERAND (MAIL FRANCOIS,M,48.10999564734484,-0.1098227219648928
201800025011,NonLethal,2018-11-12,08:00:00,TwilightOrDawn,350,51,No,NoIntersection,Normal,NoCollision,SAINT-SULPICE LA FORET (,M,48.154604319058585,-0.1544192750880001
201800025012,NonLethal,2018-11-15,08:52:00,Daylight,350,238,Yes,NoIntersection,Normal,Other,VILLEBOIS MAREUIL (BD),M,48.1101053000544,-0.1096496465299252
201800025013,NonLethal,2018-11-12,11:18:00,Daylight,350,238,Yes,Other,Normal,2Vehicles-Side,KLEBER,M,48.11088958985138,-0.1108184670983443
201800025014,NonLethal,2018-11-15,18:48:00,NightStreelightsOn,350,238,Yes,Roundabout,Normal,2Vehicles-Behind,CLOS COURTEL (DU),M,48.127077247872585,-0.1274739867809105
201800025015,NonLethal,2018-11-15,22:20:00,NightStreelightsOn,350,238,Yes,T-type,LightRain,2Vehicles-Side,LAENNEC (BD RENE),M,48.10667175726562,-0.1073955406559387
201800025016,NonLethal,2018-11-16,22:00:00,NightStreelightsOn,350,238,Yes,T-type,LightRain,2Vehicles-Side,PATTON (AVENUE DU GENERA,M,48.12620006133478,-0.1259014588315378
201800025018,NonLethal,2018-11-18,12:45:00,Daylight,350,238,Yes,X-type,Normal,2Vehicles-Side,STRASBOURG (BOULEVARD DE,M,48.10995918368516,-0.1116205137170338
201800025020,NonLethal,2018-11-19,08:00:00,Daylight,350,238,Yes,X-type,Normal,Other,SAINT-MARTIN,M,48.11968579204957,-0.1237730825003859
201800025021,NonLethal,2018-11-19,08:00:00,Daylight,350,281,No,NoIntersection,Normal,2Vehicles-Behind,RD 177,M,48.06938216188296,-0.0707914404546481
201800025023,NonLethal,2018-11-20,21:24:00,NightStreelightsOn,350,238,Yes,T-type,Normal,2Vehicles-BehindVehicles-Frontal,JANVIER (AVENUE JEAN),M,48.10813390392674,-0.1093642303799326
201800025026,NonLethal,2018-11-21,18:05:00,NightStreelightsOn,350,51,Yes,T-type,Normal,2Vehicles-BehindVehicles-Frontal,ALLIES (BOULEVARD DES),M,48.1308592504203,-0.1319093381206182