AccidentId,Gravity,Date,Hour,Light,Department,Commune,InAgglomeration,IntersectionType,Weather,CollisionType,PostalAddress,GPSCode,Latitude,Longitude
201800025027,NonLethal,2018-11-22,13:35:00,Daylight,350,238,Yes,NoIntersection,FogOrSmoke,2Vehicles-Behind,LORIENT (DE),M,48.1067621473295,-0.1084167577759512
201800025028,NonLethal,2018-11-22,14:35:00,Daylight,350,238,No,NoIntersection,LightRain,Other,PORTE ALMA,M,48.08050567590357,-0.0804513578776894
201800025029,NonLethal,2018-11-23,14:45:00,Daylight,350,238,Yes,Roundabout,HeavyRain,3+Vehicles-Chain,SAINT-BRIEUC (DE),M,48.11687528775496,-0.1179220428599993
201800025030,NonLethal,2018-11-23,19:40:00,NightStreelightsOn,350,238,Yes,Roundabout,LightRain,NoCollision,NANTES (DE),M,48.0829701519283,-0.0816285146378867
201800025032,NonLethal,2018-11-25,08:40:00,Daylight,350,238,Yes,Other,HeavyRain,2Vehicles-Side,LORIENT (DE),M,48.10764912826203,-0.1063249966926582
201800025033,NonLethal,2018-11-26,10:35:00,Daylight,350,51,Yes,T-type,Normal,2Vehicles-Side,ALLIES (BOULEVARD DES),M,48.13091299671144,-0.1297175603573064
201800025034,NonLethal,2018-11-26,13:00:00,Daylight,350,238,Yes,X-type,Normal,2Vehicles-Side,ANTRAIN (D') DE 0 A 43 E,M,48.11841903513108,-0.1170173643233378
201800025035,NonLethal,2018-11-27,07:30:00,NightStreelightsOn,350,51,Yes,Roundabout,Normal,2Vehicles-Side,ALLIES (BOULEVARD DES),M,48.11320444534179,-0.1139502758276516
201800025036,NonLethal,2018-11-27,16:15:00,Daylight,350,238,Yes,NoIntersection,LightRain,NoCollision,ROCADE 5-6,M,48.08079610292501,-0.0797704273498893
201800025037,NonLethal,2018-11-27,17:50:00,NightStreelightsOn,350,238,Yes,X-type,HeavyRain,Other,GUILLOUX (LOUIS),M,48.112293255556295,-0.1114608975535123
201800025038,NonLethal,2018-11-27,12:45:00,Daylight,350,238,Yes,Roundabout,LightRain,NoCollision,PAYS-BAS (AVENUE DES),M,48.08543582181149,-0.0869884161552932
201800025039,NonLethal,2018-11-28,08:50:00,Daylight,350,278,Yes,Other,LightRain,Other,EGLISE (RUE DE L'),M,48.15294078175877,-0.1530684080859543
201800025040,NonLethal,2018-11-20,07:59:00,Daylight,350,238,Yes,Roundabout,Normal,3+Vehicles-Chain,BIGNON (DU),M,48.09709577321215,-0.0957579288409112
201800025041,NonLethal,2018-11-29,01:50:00,NightStreelightsOn,350,238,Yes,X-type,LightRain,2Vehicles-Side,DUPONT DES LOGES,M,48.1098482582748,-0.110355831456208
201800025042,NonLethal,2018-11-28,11:00:00,Daylight,350,238,No,NoIntersection,LightRain,NoCollision,MOULIN D'APIGNE (LIEU-DI,M,48.0911694465134,-0.0921891137040507
201800025045,NonLethal,2018-11-30,08:20:00,TwilightOrDawn,350,238,Yes,NoIntersection,Normal,Other,LICES (PLACE DES),M,48.11262300368203,-0.1149960292410997
201800025046,NonLethal,2018-11-30,08:30:00,Daylight,350,238,Yes,NoIntersection,Normal,Other,SAINT-HELIER,M,48.10737174124161,-0.1064892461442303
201800025048,NonLethal,2018-11-30,15:15:00,Daylight,350,238,Yes,NoIntersection,Normal,2Vehicles-Side,41øREGIMENT D'INFANTERIE,M,48.11813415145414,-0.1173726964921758
201800025050,NonLethal,2018-11-30,19:40:00,NightStreelightsOn,350,238,Yes,Other,Normal,2Vehicles-Side,BOSPHORE (DU),M,48.08311394694396,-0.0834453470556995
201800025051,NonLethal,2018-01-12,11:40:00,Daylight,350,238,No,NoIntersection,LightRain,NoCollision,RN136,M,48.08446018797476,-0.0843935653055206
201800025052,NonLethal,2018-02-12,06:30:00,NightStreelightsOn,350,238,Yes,NoIntersection,Normal,Other,TILLON (AVENUE CHARLES),M,48.1268962682425,-0.1263982293445354
201800025053,NonLethal,2018-12-03,07:15:00,TwilightOrDawn,350,238,Yes,NoIntersection,LightRain,Other,ROBIDOU (BERTRAND),M,48.11108054958053,-0.1078649605169003
201800025054,NonLethal,2018-12-03,08:00:00,NightStreelightsOn,350,238,Yes,Roundabout,HeavyRain,2Vehicles-Side,ARBRISSEL (ROBERT D'),M,48.126917120282776,-0.1274024354029517
201800025055,NonLethal,2018-03-12,19:30:00,NightStreelightsOn,350,281,Yes,T-type,Overcast,Other,MERMOZ (BOULEVARD JEAN),M,48.09610802031958,-0.094914343712168
201800025056,NonLethal,2018-12-05,15:52:00,Daylight,350,281,Yes,NoIntersection,LightRain,2Vehicles-Behind,NANTES (RUE DE),M,48.09544654943568,-0.0974798673893799
201800025057,NonLethal,2018-05-12,18:25:00,TwilightOrDawn,350,278,No,Roundabout,HeavyRain,Other,AUGE DE PIERRE (ROND POI,M,48.13692582292957,-0.137002372853801
201800025059,NonLethal,2018-07-12,16:04:00,Daylight,350,51,Yes,T-type,Overcast,2Vehicles-Side,ALLIES (BOULEVARD DES),M,48.13192053130465,-0.13104060325034
201800025060,NonLethal,2018-12-07,17:45:00,NightNoStreetLight,350,278,Yes,NoIntersection,Overcast,Other,DE GAULLE (AVENUE GENERA,M,48.1461672970086,-0.1459009424133045
201800025061,NonLethal,2018-12-08,21:00:00,NightStreelightsOn,350,238,Yes,X-type,Overcast,2Vehicles-Side,PATTON (AVENUE DU GENERA,M,48.12564078466613,-0.1251809613781351
201800025062,NonLethal,2018-09-12,13:25:00,Daylight,350,238,Yes,X-type,Normal,2Vehicles-Side,FREVILLE (AVENUE HENRI),M,48.08305316398958,-0.083688665720891
201800025063,NonLethal,2018-10-12,11:58:00,Daylight,350,281,Yes,T-type,Normal,2Vehicles-Side,BUHOTIERE (RUE DE LA),M,48.08054939770305,-0.0793013804325659
201800025064,NonLethal,2018-10-12,20:05:00,NightStreelightsOn,350,238,Yes,X-type,Normal,2Vehicles-Side,FOUGERES (RUE DE),M,48.13179599293438,-0.1310070169254326
201800025065,NonLethal,2018-12-11,08:00:00,NightStreelightsOn,350,51,Yes,X-type,FogOrSmoke,2Vehicles-Side,FOUGERES (RUE DE),M,48.13398642609326,-0.1337223920763041
201800025066,NonLethal,2018-11-12,08:25:00,NightStreelightsOn,350,206,No,Other,FogOrSmoke,2Vehicles-Side,RN136,M,48.080823667869424,-0.0784714716589443
201800025067,NonLethal,2018-12-12,17:45:00,NightStreelightsOn,350,238,Yes,NoIntersection,Normal,Other,JANVIER (AVENUE JEAN),M,48.108971965650014,-0.1050527679302266
201800025069,NonLethal,2018-12-12,18:23:00,NightNoStreetLight,350,278,No,NoIntersection,Normal,NoCollision,BOIS PARIS  (LIEU DIT),M,48.18235167841656,-0.1821567327169537
201800025070,NonLethal,2018-12-13,07:26:00,NightStreelightsOn,350,238,Yes,Roundabout,Normal,Other,VITRE (BLD DE),M,48.12396406483898,-0.1214674784057421
201800025071,NonLethal,2018-12-14,04:20:00,NightStreelightsOn,350,238,Yes,Other,Normal,Other,GAYEULLES (AVENUE DES),M,48.12910563249538,-0.1299496129720469
201800025072,Lethal,2018-12-14,08:10:00,Daylight,350,51,Yes,Other,Normal,Other,BOURGCHEVREUIL (MAIL DE),M,48.11767705713448,-0.1193044633610596
201800025073,NonLethal,2018-12-14,19:50:00,NightStreelightsOn,350,238,Yes,Other,Normal,NoCollision,REDON (DE),M,48.10623073829711,-0.1057959818578135
201800025075,NonLethal,2018-12-15,08:30:00,NightStreelightsOn,350,278,Yes,NoIntersection,LightRain,Other,DE GAULLE (AVENUE GENERA,M,48.15229592251982,-0.1533762215071125
201800025076,NonLethal,2018-12-15,19:50:00,NightStreelightsOn,350,238,Yes,X-type,LightRain,2Vehicles-Side,ALBERT 1ER (BD),M,48.0911700751812,-0.0888504968505823
201800025077,NonLethal,2018-12-17,08:50:00,Daylight,350,278,Yes,NoIntersection,Other,2Vehicles-BehindVehicles-Frontal,FILAUX (RUE ABBE),M,48.15188065905205,-0.1531985920327852
201800025079,NonLethal,2018-12-17,16:15:00,Daylight,350,238,Yes,Other,Normal,2Vehicles-Side,PATIS TATELIN (LIEU-DIT,M,48.13633259296443,-0.1390071469952797
201800025080,NonLethal,2018-12-18,08:00:00,TwilightOrDawn,350,281,Yes,Roundabout,Normal,Other,TEMPLE-DE-BLOSN (RUE DU),M,48.08591875746531,-0.0865599576692463
201800025081,NonLethal,2018-12-18,15:00:00,Daylight,350,238,Yes,NoIntersection,LightRain,2Vehicles-Behind,CHATEAUGIRON (DE),M,48.09787294311652,-0.0991520196943622
201800025082,NonLethal,2018-12-19,09:00:00,Daylight,350,278,Yes,Roundabout,Normal,2Vehicles-Side,ROBIQUETTE ( BOULEVARD D,M,48.13267755426548,-0.134932679670487
201800025083,NonLethal,2018-12-19,16:30:00,Daylight,350,55,No,NoIntersection,Normal,2Vehicles-Behind,PORTE DES LOGES,M,48.09467672278305,-0.0933018573771482
201800025084,NonLethal,2018-12-20,07:40:00,TwilightOrDawn,350,238,No,NoIntersection,Normal,3+Vehicles-Multiple,RNl36,M,48.12038830660499,-0.1209514506331257
201800025085,NonLethal,2018-12-20,19:41:00,NightStreelightsOn,350,238,Yes,X-type,LightRain,Other,ESPAGNE (D'),M,48.08591532831225,-0.0879972852181096
201800025086,NonLethal,2018-12-20,23:30:00,NightStreelightsOn,350,238,Yes,X-type,Normal,2Vehicles-Side,BERNARD (CLAUDE),M,48.10446136515523,-0.1033862420860775
201800025088,NonLethal,2018-12-21,16:30:00,TwilightOrDawn,350,238,No,NoIntersection,LightRain,2Vehicles-Behind,RN136,M,48.08193300077086,-0.0819508446574135
201800025090,NonLethal,2018-12-22,04:45:00,NightStreelightsOn,350,238,Yes,NoIntersection,Overcast,NoCollision,PARIS (RUE DE),M,48.11451247028366,-0.114719909395169
201800025091,NonLethal,2018-12-23,00:40:00,NightStreelightsOn,350,238,Yes,NoIntersection,Normal,2Vehicles-Side,REPUBLIQUE (PLACE DE LA),M,48.11063454393229,-0.1096214796184598
201800025092,NonLethal,2018-12-21,13:41:00,Daylight,350,238,Yes,X-type,Normal,2Vehicles-Side,STRASBOURG (BOULEVARD DE,M,48.109808502817486,-0.1108271594367089
201800025093,NonLethal,2018-12-25,16:45:00,TwilightOrDawn,350,238,Yes,NoIntersection,Normal,2Vehicles-Side,LORIENT (DE),M,48.111076879176615,-0.1082603538852895
201800025094,NonLethal,2018-12-26,09:00:00,Daylight,350,238,Yes,X-type,Normal,2Vehicles-Side,FOUGERES (RUE DE),M,48.130937623586654,-0.1320308798531194
201800025095,NonLethal,2018-12-30,19:25:00,NightStreelightsOn,350,238,Yes,X-type,Normal,2Vehicles-Side,VILLEBOIS MAREUIL (BD),M,48.105880489987534,-0.1045198563204369
201800025096,NonLethal,2018-12-31,19:00:00,NightNoStreetLight,350,238,Yes,NoIntersection,Normal,3+Vehicles-Chain,ROCADE 14-15,M,48.13161861759233,-0.1312710397478947
201800025098,NonLethal,2018-10-03,16:00:00,Daylight,350,288,Yes,T-type,Normal,2Vehicles-Side,ESPERANCE (BOULEVARD DE,M,48.64898707512582,-0.6481139626621718
201800025100,NonLethal,2018-12-31,23:00:00,NightStreelightsOn,350,288,Yes,NoIntersection,Normal,Other,SABLONS (DES BAS) DIGUE,M,48.636655193654136,-0.6347837437610353
201800025101,Lethal,2018-04-15,22:50:00,NightStreelightsOn,350,93,Yes,NoIntersection,Normal,Other,PRIEURE (RUE DU),M,48.62638786780678,-0.6263692120674884
201800025102,NonLethal,2018-03-30,08:30:00,Daylight,350,288,Yes,NoIntersection,HeavyRain,Other,"53, CITE (RUE DE LA)",M,48.63642150657507,-0.6359543389544877
201800025103,NonLethal,2018-06-05,18:15:00,Daylight,350,288,Yes,T-type,Normal,Other,BRIAND  ARISTIDE (AVENUE,M,48.649018625982336,-0.6490842338643624
201800025104,NonLethal,2018-06-25,00:25:00,NightStreelightsOn,350,288,Yes,NoIntersection,Normal,Other,JUIN MARECHAL  (AVENUE),M,48.649004696708126,-0.6504977528243474
201800025105,NonLethal,2018-02-08,10:39:00,Daylight,350,288,Yes,Roundabout,Normal,Other,TALARDS (BOULEVARD DES),M,48.64090792367686,-0.6390589548549168
201800025106,NonLethal,2018-09-13,16:54:00,Daylight,350,288,Yes,X-type,Normal,2Vehicles-Side,DE GAULLE GENERAL (AVENU,M,48.64621260931626,-0.6467213244498429
201800025107,NonLethal,2018-09-28,11:27:00,Daylight,350,288,Yes,X-type,Normal,2Vehicles-Side,UMBRICHT (REVEREND PERE),M,48.65822312795893,-0.658447676170716
201800025108,NonLethal,2018-10-23,12:20:00,Daylight,350,288,Yes,NoIntersection,Normal,Other,MAISON NEUVE (RUE DE LA),M,48.622747443490894,-0.6237317915075512
201800025109,NonLethal,2018-10-29,18:10:00,TwilightOrDawn,350,288,Yes,T-type,Normal,2Vehicles-Side,DOUTRELEAU (RUE),M,48.62534123451606,-0.6253656733915628
201800025111,NonLethal,2018-08-02,21:15:00,TwilightOrDawn,350,93,Yes,Other,Normal,2Vehicles-BehindVehicles-Frontal,FEART (BOULEVARD),M,48.63138157848688,-0.6315082585717389
201800025112,NonLethal,2018-02-11,16:30:00,Daylight,350,288,Yes,Y-type,Normal,2Vehicles-Behind,HOCHELAGA (RUE),M,48.64099774045765,-0.6393289358678887
201800025113,NonLethal,2018-10-23,20:30:00,NightNoStreetLight,350,241,No,NoIntersection,Normal,2Vehicles-BehindVehicles-Frontal,D168,M,48.61302865147134,-0.6137382570951777
201800025115,NonLethal,2018-06-12,15:45:00,Daylight,350,288,Yes,NoIntersection,Normal,Other,FERRY JULES (RUE),M,48.65165061149218,-0.6500447377373834
201800025116,NonLethal,2018-09-18,18:10:00,Daylight,350,93,Yes,X-type,Normal,2Vehicles-Side,EDOUARD VII - Nø1A 64-(,M,48.6337530588053,-0.6328994199040892
201800025118,NonLethal,2018-11-02,18:25:00,NightStreelightsOn,350,93,Yes,T-type,Normal,2Vehicles-BehindVehicles-Frontal,MINEES (RUE DES ),M,48.63163210126838,-0.6317992231009887
201800025119,NonLethal,2018-01-20,20:10:00,NightStreelightsOn,360,44,Yes,Roundabout,Normal,2Vehicles-Side,PLACE ST CHRISTOPHE,M,46.81765610477272,1.8164978441028885
201800025120,NonLethal,2018-12-06,04:50:00,NightStreelightsOn,360,44,Yes,X-type,Normal,2Vehicles-Side,AV LA CHATRE/AVCOUBERTIN,M,46.802559255440045,1.8028567484119389
201800025121,NonLethal,2018-01-17,18:21:00,NightStreelightsOn,360,63,No,Roundabout,Normal,2Vehicles-Behind,RP FREESBEE/HENNEQUIN,M,46.850862676384,1.85199951575824
201800025122,NonLethal,2018-02-03,12:18:00,Daylight,360,159,Yes,NoIntersection,Normal,NoCollision,ALLEE DU FORUM,M,46.794109233419945,1.7944015284545438
201800025123,NonLethal,2018-05-02,18:37:00,NightStreelightsOn,360,44,Yes,NoIntersection,Normal,NoCollision,AVENUE MARCEL LEMOINE,M,46.81998813483282,1.819544873450562
201800025124,NonLethal,2018-06-12,04:56:00,NightStreelightsOn,360,44,Yes,X-type,Normal,2Vehicles-Side,AV LA CHATRE/AV COUBERTI,M,46.80370283459816,1.8052271824031945
201800025125,NonLethal,2018-03-28,12:14:00,Daylight,360,44,Yes,NoIntersection,Normal,Other,164 AVENUE JOHN KENNEDY,M,46.79614506587059,1.7976680699455885
201800025126,NonLethal,2018-02-18,10:27:00,Daylight,360,44,Yes,X-type,Normal,2Vehicles-Side,BD C NORMAND RUE RASPAIL,M,46.804622190458005,1.804652433979799
201800025127,NonLethal,2018-02-24,10:10:00,Daylight,360,63,Yes,NoIntersection,Normal,Other,47 AVENUE DE GAULLE,M,46.82430859209276,1.828387103930724
201800025128,NonLethal,2018-08-03,21:00:00,NightNoStreetLight,360,202,Yes,NoIntersection,LightRain,Other,ANCIENNE ROUTE DE TOURS,M,46.81916046221037,1.820346627476639
201800025129,NonLethal,2018-03-12,09:04:00,Daylight,360,44,Yes,X-type,Normal,2Vehicles-Side,RUE LA VRILLE/RDE L'ISLE,M,46.80726128423902,1.8078332032607312
201800025130,NonLethal,2018-03-14,10:54:00,Daylight,360,202,Yes,NoIntersection,Normal,Other,2 RUE DES CLES MOREAU,M,46.80135479136037,1.8014666993392348
201800025131,NonLethal,2018-01-31,19:55:00,NightStreelightsOn,360,44,Yes,NoIntersection,HeavyRain,Other,12 RUE SAINT LUC,M,46.811878344392326,1.812043176506406
201800025132,NonLethal,2018-03-28,12:57:00,Daylight,360,44,Yes,X-type,Normal,2Vehicles-Side,BD CHARMILLES/LA BOETIE,M,46.80078544225504,1.8003592525541168
201800025135,NonLethal,2018-03-30,07:51:00,NightStreelightsOn,360,44,Yes,NoIntersection,Normal,NoCollision,30 BD BLAISE PASCAL,M,46.79565284540951,1.7962973003896947
201800025136,NonLethal,2018-04-02,16:53:00,Daylight,360,44,Yes,X-type,Normal,2Vehicles-Side,RU RASPAIL/BD CR NORMAND,M,46.80601794837593,1.804920179898349
201800025137,NonLethal,2018-04-10,12:27:00,Daylight,360,159,No,NoIntersection,Normal,3+Vehicles-Chain,18 AVENUE DE LA FORET,M,46.76217174371237,1.764302958125481
201800025138,NonLethal,2018-03-04,18:57:00,TwilightOrDawn,360,44,Yes,NoIntersection,Normal,2Vehicles-BehindVehicles-Frontal,AVENUE DU GENERAL RUBY,M,46.80731463058614,1.806429952136743
201800025139,NonLethal,2018-04-27,05:40:00,NightStreelightsOn,360,44,Yes,NoIntersection,Normal,2Vehicles-Behind,73 AVENUE MARCEL LEMOINE,M,46.821750129406205,1.8221533292052716
201800025140,NonLethal,2018-04-10,14:05:00,Daylight,360,44,Yes,NoIntersection,Normal,2Vehicles-Behind,4 AV MITTERRAND,M,46.81117997661451,1.811117080703635
201800025141,NonLethal,2018-12-04,21:23:00,NightStreelightsOn,360,44,Yes,NoIntersection,Normal,2Vehicles-Side,77 AVENUE D'ARGENTON,M,46.80369631633433,1.805811632172457
201800025143,NonLethal,2018-05-25,15:01:00,Daylight,360,202,No,Roundabout,Normal,2Vehicles-Side,AVENUE D'OCCITANIE,M,46.77510818774447,1.7773824083377996
201800025144,NonLethal,2018-05-25,19:21:00,Daylight,360,44,Yes,NoIntersection,Normal,Other,106 RUE F ST GERMAIN,M,46.81960781187419,1.8191123786840695
201800025145,NonLethal,2018-06-03,17:31:00,Daylight,360,44,Yes,NoIntersection,Normal,Other,115 AVENUE LEMOINE,M,46.82335515865429,1.822483348957929
201800025146,Lethal,2018-06-17,19:17:00,Daylight,360,63,No,NoIntersection,Normal,NoCollision,,M,46.82071776843608,1.820886915602449
201800025147,NonLethal,2018-06-16,20:50:00,Daylight,360,159,No,Roundabout,Normal,Other,ROUTE DE LA CHENAIE,M,46.762390987516255,1.7613866397543492
201800025148,NonLethal,2018-06-27,10:13:00,Daylight,360,202,Yes,NoIntersection,VeryGood,3+Vehicles-Chain,AVENUE DE LA FORET,M,46.7729764868823,1.7727654516306344
201800025149,NonLethal,2018-07-04,18:45:00,Daylight,360,63,No,Roundabout,LightRain,Other,RD PT GRAND VERGER,M,46.84677472359467,1.845025758416996
201800025150,NonLethal,2018-05-07,21:20:00,Daylight,360,44,Yes,NoIntersection,Normal,Other,AVENUE DE GAULLE,M,46.804801204059615,1.8067066325331604
201800025151,NonLethal,2018-12-08,07:58:00,Daylight,360,44,Yes,NoIntersection,Normal,NoCollision,4 RUE DES MADRONS,M,46.80093048443397,1.80418222369386
201800025153,NonLethal,2018-03-26,17:25:00,Daylight,360,44,Yes,T-type,Normal,2Vehicles-Side,AV 6 JUIN 44/RUE C RAOUL,M,46.81270645983619,1.8125314260889225
201800025154,NonLethal,2018-09-02,09:05:00,Daylight,360,44,Yes,NoIntersection,Normal,2Vehicles-Side,206 AVENUE JOHN KENNEDY,M,46.78967084928231,1.78987990571331
201800025155,NonLethal,2018-09-01,06:30:00,TwilightOrDawn,360,44,Yes,NoIntersection,Normal,Other,ROUTE DEPARTEMENTALE 920,M,46.7884654362957,1.7893752501559743
201800025156,Lethal,2018-09-18,15:36:00,Daylight,360,159,No,NoIntersection,Normal,Other,ROUTE DE VELLES,M,46.74758334389186,1.7469931034528792
201800025157,NonLethal,2018-09-03,06:15:00,NightNoStreetLight,360,159,No,NoIntersection,Normal,NoCollision,ALLEE DE LA VERRERIE,M,46.71678130848099,1.715920211133542
201800025158,NonLethal,2018-03-20,16:00:00,Daylight,360,44,Yes,Roundabout,Normal,2Vehicles-Side,PLACE ST CHRISTOPHE,M,46.8171627635791,1.8152986294308568
201800025159,NonLethal,2018-09-11,08:50:00,Daylight,360,44,Yes,NoIntersection,Normal,Other,ROGER CAZALA,M,46.810720375645744,1.8119650199493464
201800025160,NonLethal,2018-09-14,13:50:00,Daylight,360,44,Yes,X-type,Normal,2Vehicles-Side,H DE BALZAC-P ET M CURIE,M,46.81074603311794,1.811777121168466
201800025161,NonLethal,2018-09-15,10:42:00,Daylight,360,63,No,Roundabout,Normal,2Vehicles-Behind,RD 920,M,46.82162506810926,1.8210585715656296
201800025162,NonLethal,2018-09-28,07:26:00,NightStreelightsOn,360,44,Yes,T-type,Normal,2Vehicles-Side,RUE VERNUSSE/BOURGOGNE,M,46.80465488254417,1.8039306029216715
201800025163,Lethal,2018-10-17,11:45:00,Daylight,360,159,Yes,Roundabout,VeryGood,2Vehicles-Side,AVENUE DE LA FORET,M,46.75985072018031,1.7589298128286202
201800025164,NonLethal,2018-10-05,21:44:00,NightNoStreetLight,360,44,Yes,NoIntersection,Normal,2Vehicles-Side,208 AVENUE DE TOURS,M,46.81833173591992,1.8195222323192464
201800025165,NonLethal,2018-02-11,05:07:00,NightStreelightsOn,360,159,Yes,Roundabout,Normal,Other,21 ROUTE DE MONTLUCON,M,46.787731674086416,1.7858139778089157
201800025166,NonLethal,2018-02-11,19:28:00,NightStreelightsOn,360,44,Yes,NoIntersection,Normal,Other,83 RUE DE NOTZ,M,46.801583619490096,1.8021742839960404
201800025167,NonLethal,2018-11-09,07:41:00,TwilightOrDawn,360,44,Yes,NoIntersection,Normal,Other,AV PIERRE DE COUBERTIN,M,46.8019207656016,1.80241340500402
201800025168,NonLethal,2018-11-29,06:04:00,NightStreelightsOn,360,44,Yes,NoIntersection,Normal,Other,GUY VANHOR,M,46.79593705326853,1.7975019267125496
201800025169,NonLethal,2018-11-29,17:43:00,NightStreelightsOn,360,44,Yes,X-type,Normal,2Vehicles-Side,RUE VERLAINE/BD PASCAL,M,46.79786373560884,1.7997917341021363
201800025170,NonLethal,2018-05-12,01:19:00,NightStreelightsOff,360,44,Yes,NoIntersection,Normal,Other,186 AVENUE DE VERDUN,M,46.800969117569934,1.7994444849753706
201800025172,NonLethal,2018-12-15,12:47:00,Daylight,360,44,Yes,NoIntersection,Normal,Other,1 TER BD DES MARINS,M,46.805702150853854,1.8054966974570372
201800025174,NonLethal,2018-12-26,14:58:00,Daylight,360,44,Yes,NoIntersection,Normal,Other,RUE DE L'INDRE,M,46.81434364791015,1.8131077640042428
201800025175,NonLethal,2018-11-17,09:15:00,Daylight,360,63,No,Roundabout,Normal,Other,RD PT GRAND VERGER,M,46.84748937735285,1.844643118565816
201800025176,NonLethal,2018-02-01,19:35:00,NightNoStreetLight,370,122,Yes,NoIntersection,LightRain,2Vehicles-Behind,RD 37,M,47.36699994456024,6.367361207630204
201800025177,NonLethal,2018-02-01,19:35:00,NightNoStreetLight,370,122,No,NoIntersection,LightRain,3+Vehicles-Chain,RD 37,M,47.36755316542133,6.366704772627331
201800025178,NonLethal,2018-04-01,16:05:00,Daylight,370,122,Yes,Other,HeavyRain,Other,RUE GUTENBERG,M,47.348598116951344,6.3455271647684
201800025179,NonLethal,2018-05-01,07:50:00,Daylight,370,122,Yes,X-type,Normal,2Vehicles-Side,"1, DES LANDES DE CHARLEM",M,47.33070018504055,6.330748585484895
201800025180,NonLethal,2018-01-05,16:35:00,Daylight,370,261,Yes,Roundabout,Normal,2Vehicles-Side,RUE GEORGES MELIES,M,47.42614066587183,7.426905677828294
201800025181,NonLethal,2018-05-01,18:30:00,NightStreelightsOn,370,261,Yes,NoIntersection,Normal,Other,"8, PLACE DE CATHEDRALE",M,47.3981973341826,6.394889100743312
201800025182,NonLethal,2018-06-01,00:05:00,NightStreelightsOn,370,214,Yes,Roundabout,Normal,NoCollision,BD  CHARLES DE GAULLE,M,47.417500152667166,6.419820226359498
201800025184,NonLethal,2018-01-09,18:35:00,NightStreelightsOn,370,261,Yes,NoIntersection,LightRain,2Vehicles-Behind,AVENUE STENDHAL,M,47.36686137627954,7.369182282600883
201800025185,NonLethal,2018-01-10,16:30:00,Daylight,370,261,Yes,X-type,Normal,2Vehicles-Side,BD HEURTELOUP,M,47.3907716134332,7.392101969481453
201800025186,NonLethal,2018-01-11,00:01:00,NightNoStreetLight,370,261,Yes,NoIntersection,Normal,Other,RD 37,M,47.36939902024817,6.369069638933491
201800025187,NonLethal,2018-01-11,08:30:00,Daylight,370,261,Yes,T-type,Normal,2Vehicles-Side,"211, RUE JOLIVET",M,47.38698026098158,7.38390932520566
201800025190,NonLethal,2018-01-13,13:27:00,Daylight,370,261,Yes,NoIntersection,Normal,2Vehicles-Side,"l48, AVE DE LA TRANCHEE",M,47.40739653587026,6.407705438994899
201800025191,NonLethal,2018-01-13,15:10:00,Daylight,370,122,Yes,T-type,Normal,3+Vehicles-Chain,"67, RUE DE VERDUN",M,47.34253189987782,6.341389114929652
201800025192,NonLethal,2018-01-15,07:45:00,NightStreelightsOn,370,261,Yes,NoIntersection,Normal,NoCollision,"11, RUE DELAROCHE",M,47.41951294621182,6.4182681936079495
201800025194,NonLethal,2018-01-18,21:05:00,NightStreelightsOn,370,195,Yes,NoIntersection,LightRain,2Vehicles-Side,73 bis SAINT FRANCOIS,M,47.38687221268039,6.385461107476607
201800025196,NonLethal,2018-01-19,11:55:00,Daylight,370,214,Yes,NoIntersection,Normal,2Vehicles-Side,"14, RUE MAURICE GENEVOIX",M,47.41986719392366,6.420506168534088
201800025197,NonLethal,2018-01-19,22:45:00,NightStreelightsOn,370,261,Yes,NoIntersection,Normal,2Vehicles-BehindVehicles-Frontal,77 AVE ANDRE MAGINOT,M,47.412804987500365,6.41434678592779
201800025198,NonLethal,2018-01-20,05:35:00,NightStreelightsOn,370,214,Yes,X-type,LightRain,2Vehicles-Behind,BD CHARLES DE GAULLE,M,47.41210504344766,6.411850606242856
201800025199,NonLethal,2018-01-20,13:50:00,Daylight,370,233,Yes,NoIntersection,LightRain,NoCollision,RUE DE SAINT GOBAIN,M,47.38158781108464,7.382226582373766
201800025200,NonLethal,2018-01-20,20:00:00,NightNoStreetLight,370,122,Yes,NoIntersection,LightRain,3+Vehicles-Chain,BD BRETONNIERES,M,47.344662873690176,6.344656601780938
201800025203,NonLethal,2018-01-21,20:55:00,NightStreelightsOn,370,261,Yes,NoIntersection,Normal,Other,BD JEAN MONNET,M,47.37874411081586,6.378510844784638
201800025204,NonLethal,2018-01-22,09:00:00,Daylight,370,261,Yes,NoIntersection,LightRain,Other,RUE EDOUARD VAILLANT,M,47.39143190014104,6.390371193421173
201800025205,NonLethal,2018-01-22,09:05:00,Daylight,370,261,Yes,NoIntersection,HeavyRain,2Vehicles-Side,241 RUE DES BORDIERS,M,47.42939663704168,6.431914679281268
201800025206,NonLethal,2018-01-20,10:55:00,Daylight,370,233,Yes,NoIntersection,LightRain,NoCollision,RUE DE ROCHEPINARD,M,47.38269681807833,7.379411583824832
201800025208,NonLethal,2018-01-22,20:00:00,NightStreelightsOn,370,261,Yes,X-type,Normal,2Vehicles-Side,RUE MIRABEAU,M,47.39626602277808,6.398028202461146
201800025209,NonLethal,2018-01-24,12:15:00,Daylight,370,261,Yes,NoIntersection,Normal,Other,PLACE DU PRESIDENT COTY,M,47.41095241882266,6.40827430686603
201800025210,NonLethal,2018-01-24,14:50:00,Daylight,370,261,Yes,NoIntersection,Normal,NoCollision,"90, AVE DE GRAMMONT",M,47.38288662114392,6.382547249112044
201800025213,NonLethal,2018-01-26,08:30:00,Daylight,370,261,Yes,NoIntersection,Normal,2Vehicles-Side,59 AVE DE LA REPUBLIQUE,M,47.41229246456605,6.411565592906372
201800025214,NonLethal,2018-01-26,08:00:00,Daylight,370,261,Yes,X-type,Normal,2Vehicles-Side,RUE DE CALAIS,M,47.42130944206046,6.422889372104133