AccidentId,Gravity,Date,Hour,Light,Department,Commune,InAgglomeration,IntersectionType,Weather,CollisionType,PostalAddress,GPSCode,Latitude,Longitude
201800025215,NonLethal,2018-01-26,20:40:00,NightNoStreetLight,370,122,Yes,NoIntersection,Normal,NoCollision,RD 37,M,47.35446862826541,6.354379898913985
201800025216,NonLethal,2018-01-27,05:55:00,NightStreelightsOn,370,261,Yes,NoIntersection,Normal,Other,RN 76 - Route de St Aver,M,47.364725462120695,7.365686064219925
201800025217,NonLethal,2018-01-26,12:25:00,Daylight,370,261,Yes,NoIntersection,Normal,NoCollision,"l4, RUE CHARLES GILLES",M,47.388099473674025,6.386936197946432
201800025218,NonLethal,2018-01-27,12:55:00,Daylight,370,233,Yes,NoIntersection,Overcast,2Vehicles-Side,RUE GABRIEL PERI,M,47.38995007798749,7.388314727233579
201800025219,NonLethal,2018-01-29,08:30:00,Daylight,370,122,Yes,NoIntersection,Normal,Other,PL FRANCOIS MITTERRAND,M,,
201800025221,NonLethal,2018-01-31,14:00:00,Daylight,370,261,Yes,NoIntersection,LightRain,2Vehicles-Side,47 DU GENERAL DE GAULLE,M,47.37995055679195,7.381602881050659
201800025222,NonLethal,2018-01-02,06:40:00,NightStreelightsOff,370,261,Yes,T-type,Normal,2Vehicles-BehindVehicles-Frontal,"1, RUE DE MONTSOUDUN",M,47.4096714727288,7.408346621028359
201800025223,NonLethal,2018-01-29,15:30:00,Daylight,370,233,Yes,NoIntersection,LightRain,NoCollision,43 RUE DE LA  RABATERIE,M,47.3929564294525,7.392348721755398
201800025224,NonLethal,2018-02-01,18:30:00,NightStreelightsOn,370,261,Yes,NoIntersection,Normal,Other,RUE GIRAUDEAU,M,47.38041732644162,6.37984182202105
201800025225,NonLethal,2018-02-05,11:50:00,Daylight,370,261,Yes,T-type,Normal,2Vehicles-Behind,BD RICHARD WAGNER,M,47.34158743964416,7.341742803454832
201800025226,NonLethal,2018-02-08,08:15:00,Daylight,370,261,Yes,Other,Normal,2Vehicles-Behind,RD 37,M,47.36763810954936,6.3684158876608
201800025228,NonLethal,2018-02-09,13:00:00,Daylight,370,122,Yes,NoIntersection,SnowOrHail,Other,"54, CHATEAU DU GENET",M,47.3389613115731,6.337969664235351
201800025230,NonLethal,2018-10-02,15:55:00,Daylight,370,233,Yes,NoIntersection,Normal,2Vehicles-Side,AVE JACQUES DUCLOS,M,47.38010236204967,7.37919776306845
201800025231,NonLethal,2018-12-02,08:00:00,Daylight,370,261,Yes,NoIntersection,Normal,Other,"8, RUE DU DOC LEDOUBLE",M,47.37732990436568,6.377233635286542
201800025232,NonLethal,2018-02-13,08:45:00,Daylight,370,195,Yes,NoIntersection,Normal,3+Vehicles-Chain,AVENUE DU PRIEURE,M,47.38031404411961,6.380547581827893
201800025233,NonLethal,2018-02-13,13:45:00,Daylight,370,122,No,NoIntersection,SnowOrHail,NoCollision,RD 127,M,47.37147436932796,6.372347512237317
201800025234,NonLethal,2018-02-14,08:10:00,Daylight,370,261,Yes,X-type,Other,NoCollision,RUE JEHAN FOUQUET,M,47.38350832645387,6.386055562647097
201800025235,NonLethal,2018-02-15,08:20:00,Daylight,370,261,Yes,NoIntersection,LightRain,NoCollision,BD ABEL GANCE,M,47.40705223453335,7.404089716108152
201800025236,NonLethal,2018-02-16,09:50:00,Daylight,370,261,Yes,NoIntersection,Normal,2Vehicles-Side,"106, BD BERANGER",M,47.38904096340522,6.3897830827650735
201800025238,NonLethal,2018-02-18,20:25:00,NightStreelightsOn,370,261,Yes,NoIntersection,Normal,2Vehicles-BehindVehicles-Frontal,"53, AVE ANDRE MAGINOT",M,47.41172227607513,6.412041440799792
201800025239,NonLethal,2018-02-20,16:00:00,Daylight,370,122,No,NoIntersection,LightRain,2Vehicles-Side,RD 37,M,47.344277729000574,6.344769074275137
201800025240,NonLethal,2018-02-22,15:45:00,Daylight,370,214,Yes,NoIntersection,Normal,2Vehicles-Behind,BD CHARLES DE GAULLE,M,47.41053167160927,6.410208840590138
201800025242,NonLethal,2018-02-24,23:10:00,NightStreelightsOn,370,261,Yes,NoIntersection,Normal,NoCollision,"43, QUAI ANDRE MALRAUX",M,47.39625404254801,6.39913097313802
201800025243,NonLethal,2018-02-28,15:00:00,Daylight,370,261,Yes,X-type,Normal,2Vehicles-Side,RUE DES BORDIERS,M,47.42747307035087,6.429377616355732
201800025244,NonLethal,2018-02-21,12:35:00,Daylight,370,261,Yes,NoIntersection,Normal,NoCollision,"27, RUE BERNARD PALISSY",M,,
201800025245,NonLethal,2018-03-03,14:20:00,Daylight,370,233,Yes,X-type,LightRain,2Vehicles-Behind,10 RUE DES ATELIERS,M,47.3848850633372,7.385446833041231
201800025246,NonLethal,2018-03-03,18:00:00,Daylight,370,208,Yes,X-type,LightRain,2Vehicles-Side,152 RUE DE GRANDMONT,M,47.36619076351189,7.365416718040655
201800025248,NonLethal,2018-03-05,15:50:00,Daylight,370,261,Yes,NoIntersection,Normal,Other,PLACE JEAN JAURES,M,47.38866773259527,6.390538587986613
201800025249,NonLethal,2018-03-07,08:00:00,Daylight,370,195,Yes,NoIntersection,Normal,NoCollision,COUVENT DES MINIMES,M,47.37799221367965,6.377305255393621
201800025250,NonLethal,2018-08-03,08:40:00,Daylight,370,214,Yes,NoIntersection,Normal,Other,BD ANDRE VOISIN,M,47.43059429263973,6.43028541972158
201800025253,NonLethal,2018-03-10,14:20:00,Daylight,370,261,Yes,NoIntersection,Normal,2Vehicles-Behind,CARREFOUR DE VERDUN,M,47.373427657815576,6.374194277880087
201800025255,NonLethal,2018-03-06,18:25:00,Daylight,370,261,Yes,NoIntersection,Normal,Other,RUE BLAISE PASCAL,M,47.38891916462683,6.387722844787845
201800025256,NonLethal,2018-03-13,12:00:00,Daylight,370,261,Yes,NoIntersection,Normal,Other,PLACE DE LA VICTOIRE,M,47.39159459065315,6.393603444908185
201800025257,NonLethal,2018-03-14,10:00:00,Daylight,370,122,Yes,Roundabout,Normal,2Vehicles-Side,ROUTE DE SAVONNIERES,M,47.36720565754016,6.365925619924801
201800025258,NonLethal,2018-03-15,21:00:00,NightStreelightsOn,370,261,Yes,Roundabout,LightRain,Other,01 BOULEVARD LOUIS XI,M,47.37536739070845,6.374883027327304
201800025259,NonLethal,2018-03-16,07:45:00,Daylight,370,233,Yes,Roundabout,Normal,2Vehicles-Side,AVENUE STALINGRAD,M,47.38795393335171,7.388192252095775
201800025260,NonLethal,2018-04-03,20:45:00,NightNoStreetLight,370,261,Yes,NoIntersection,Normal,Other,AVENUE MARCE MERIEUX,M,47.36434146806121,6.366048023774487
201800025261,NonLethal,2018-03-17,13:55:00,Daylight,370,214,Yes,NoIntersection,Normal,2Vehicles-Side,RUE BRETONNEAU,M,47.39597998238806,6.3964117435257055
201800025262,NonLethal,2018-03-17,17:05:00,Daylight,370,261,Yes,NoIntersection,Normal,2Vehicles-Side,QUAI ANDRE MALRAUX,M,47.39942147895156,9.39830248871416
201800025263,NonLethal,2018-03-18,08:00:00,Daylight,370,122,Yes,NoIntersection,Normal,2Vehicles-Side,1O BOULEVARD DE CHINON,M,47.35595195451794,6.354903242993212
201800025264,NonLethal,2018-03-18,22:45:00,NightStreelightsOn,370,261,Yes,NoIntersection,Normal,NoCollision,41 PLACE GASTON PAILHOU,M,47.39191911493658,6.390596414544044
201800025265,NonLethal,2018-03-19,08:30:00,Daylight,370,195,Yes,NoIntersection,Normal,NoCollision,"15, RUE DU GRAND CARROI",M,47.38423989861967,6.385266439746451
201800025266,NonLethal,2018-03-18,11:25:00,Daylight,370,214,Yes,NoIntersection,Normal,NoCollision,BOULEVARD ANDRE VOISIN,M,47.42765643736664,6.427331654304113
201800025267,NonLethal,2018-03-20,14:50:00,Daylight,370,195,Yes,NoIntersection,Normal,NoCollision,RUE DU PONT LIBERT,M,47.378781669628246,6.378438822945749
201800025268,NonLethal,2018-03-20,18:20:00,Daylight,370,122,Yes,NoIntersection,VeryGood,2Vehicles-Behind,"31, JEAN JAURES",M,47.34892858647133,6.351727730662804
201800025270,NonLethal,2018-03-21,14:35:00,Daylight,370,261,Yes,NoIntersection,Normal,2Vehicles-Side,BD RICHARD WAGNER,M,47.37442027566348,7.375354285356
201800025271,NonLethal,2018-03-23,20:10:00,NightStreelightsOn,370,122,Yes,NoIntersection,LightRain,2Vehicles-Behind,"80, BD JEAN JAURES",M,47.34982607638954,6.3494152649318245
201800025272,NonLethal,2018-03-27,08:30:00,Daylight,370,122,No,NoIntersection,HeavyRain,Other,RD 37,M,47.338724570917954,6.338064720452837
201800025273,NonLethal,2018-03-28,07:25:00,TwilightOrDawn,370,122,Yes,NoIntersection,LightRain,NoCollision,RD 37,M,47.31206893793659,6.309829179526168
201800025274,NonLethal,2018-03-28,12:05:00,Daylight,370,122,Yes,T-type,LightRain,2Vehicles-Side,RUE DE VERDUN,M,47.344708325338665,6.341531249665686
201800025275,NonLethal,2018-03-28,13:45:00,Daylight,370,261,Yes,X-type,Normal,2Vehicles-Side,"28, RUE CHARLES MARTEL",M,47.37330607157963,6.3742104240312
201800025276,NonLethal,2018-03-29,12:30:00,Daylight,370,214,Yes,NoIntersection,Normal,2Vehicles-Behind,11 QUAI MAISONS BLANCHES,M,47.3952776873034,6.395512969480774
201800025277,NonLethal,2018-03-29,12:15:00,Daylight,370,261,Yes,NoIntersection,Normal,Other,"60, DANIEL MAYER",M,47.85648799204152,6.853736044790661
201800025278,NonLethal,2018-03-31,12:25:00,Daylight,370,233,Yes,Square,Normal,Other,RUE DE LA RABATERIE,M,47.39308765034839,7.392643174815842
201800025279,NonLethal,2018-03-31,18:45:00,Daylight,370,233,Yes,NoIntersection,Normal,Other,"37, RUE BLANQUI",M,47.3960616886776,7.394042143226162
201800025280,NonLethal,2018-03-31,04:00:00,NightNoStreetLight,370,122,Yes,NoIntersection,LightRain,Other,BOULEVARD JEAN JAURES,M,47.3488349863076,6.348982579825204
201800025281,NonLethal,2018-04-01,17:45:00,Daylight,370,261,Yes,NoIntersection,Normal,Other,rue Edith CAVELL,M,47.38018877865821,6.380635336386329
201800025282,NonLethal,2018-04-03,02:40:00,NightStreelightsOn,370,261,Yes,X-type,Normal,Other,rue d'ENTRAIGUES,M,47.38530685693268,6.38547709400833
201800025283,NonLethal,2018-04-03,08:10:00,Daylight,370,208,Yes,NoIntersection,Normal,3+Vehicles-Chain,avenue BEAUGAILLARD,M,47.36543898877809,7.362500419946084
201800025284,NonLethal,2018-03-04,17:35:00,Daylight,370,208,Yes,NoIntersection,Overcast,NoCollision,rue de l'ORMEAU,M,47.358048449297314,7.35882714913396
201800025288,NonLethal,2018-04-07,17:00:00,Daylight,370,261,Yes,NoIntersection,Normal,Other,LESSEPS (ALLEE FERDINAND,M,47.36876792782282,6.366108027904185
201800025290,NonLethal,2018-11-04,17:50:00,Daylight,370,261,Yes,NoIntersection,Normal,2Vehicles-BehindVehicles-Frontal,avenue de PONT CHER,M,47.36392253386603,6.362321333703402
201800025291,NonLethal,2018-12-04,10:00:00,Daylight,370,261,Yes,Roundabout,Normal,2Vehicles-Behind,rond point la ROTONDE,M,47.38275245592037,7.380360016200348
201800025292,NonLethal,2018-04-13,17:00:00,Daylight,370,208,Yes,NoIntersection,Normal,Other,avenu général DE GAULLE,M,47.357344434307606,7.360197120764753
201800025294,NonLethal,2018-04-13,20:05:00,Daylight,370,261,No,NoIntersection,Normal,NoCollision,RD 37,M,47.37238070430247,6.372728656712554
201800025295,NonLethal,2018-04-16,14:30:00,Daylight,370,261,Yes,NoIntersection,Normal,Other,TONNELLE (BOULEVARD),M,47.38025427583674,6.382415262350606
201800025297,NonLethal,2018-03-18,12:20:00,Daylight,370,261,Yes,NoIntersection,LightRain,NoCollision,ROND POINT SAINT-SAUVEUR,M,47.374301342257134,6.373667508735775
201800025298,NonLethal,2018-04-17,11:10:00,Daylight,370,261,Yes,NoIntersection,Normal,Other,Place Jean JAURES,M,47.38739057540701,6.389691389505178
201800025299,NonLethal,2018-04-16,18:45:00,Daylight,370,261,Yes,T-type,Normal,2Vehicles-Behind,avenue de ALOUETTE,M,47.36489269288082,7.364870267692488
201800025300,NonLethal,2018-04-18,07:45:00,Daylight,370,195,Yes,Other,Normal,NoCollision,route de SAINT-GENOUPH,M,47.38358784967008,6.384215001930192
201800025301,NonLethal,2018-04-18,23:45:00,NightStreelightsOn,370,261,Yes,NoIntersection,Normal,NoCollision,Avenue PROUDHON,M,47.39394359689009,6.392901533098415
201800025302,NonLethal,2018-04-19,08:23:00,Daylight,370,122,Yes,NoIntersection,Normal,2Vehicles-BehindVehicles-Frontal,rue MANSART,M,47.34264443519599,6.342437574097914
201800025303,NonLethal,2018-04-19,09:00:00,Daylight,370,122,No,NoIntersection,Normal,3+Vehicles-Chain,RD 37,M,47.33764392902516,6.339785056255319
201800025306,NonLethal,2018-04-20,08:45:00,Daylight,370,261,Yes,NoIntersection,Normal,Other,rue CHOPIN,M,47.413049527322784,7.414086332162376
201800025308,Lethal,2018-04-20,15:00:00,Daylight,370,261,Yes,Other,Normal,Other,allée du PLESSIS,M,47.38427306661639,6.384304680669406
201800025309,NonLethal,2018-04-22,20:00:00,Daylight,370,261,Yes,T-type,Normal,2Vehicles-Side,rue Teophane VENIEN,M,47.38094631463073,6.381391976768885
201800025310,NonLethal,2018-04-23,08:00:00,Daylight,370,261,Yes,NoIntersection,Normal,Other,quai de MARMOUTIER,M,47.40035238353855,7.402294775693747
201800025311,NonLethal,2018-04-24,16:25:00,Daylight,370,208,Yes,X-type,Normal,2Vehicles-BehindVehicles-Frontal,ave du Général DE GAULLE,M,47.354032523596615,7.356188466770122
201800025312,NonLethal,2018-04-25,12:25:00,Daylight,370,261,Yes,NoIntersection,LightRain,2Vehicles-BehindVehicles-Frontal,place François SICARD,M,47.39389996173807,6.3939841529973895
201800025313,NonLethal,2018-03-30,19:10:00,Daylight,370,261,Yes,NoIntersection,Normal,2Vehicles-Side,"19, RUE CALAIS",M,47.42049576748723,6.420484726149254
201800025314,NonLethal,2018-04-28,13:50:00,Daylight,370,261,Yes,NoIntersection,Normal,Other,avenue de FLORENCE,M,47.37466756910951,7.373898491903453
201800025315,NonLethal,2018-04-29,14:00:00,Daylight,370,261,Yes,NoIntersection,Normal,NoCollision,rue du MORTIER,M,47.421997872928166,6.424401121628473
201800025316,NonLethal,2018-05-01,00:35:00,NightNoStreetLight,370,195,Yes,Y-type,Normal,NoCollision,rue des PAVILLONS,M,47.37947220898134,6.380009872203367
201800025317,NonLethal,2018-05-01,19:25:00,Daylight,370,261,Yes,NoIntersection,Normal,Other,avenue de GRAMMONT,M,47.37598618336977,6.377421844786026
201800025318,NonLethal,2018-05-02,10:39:00,Daylight,370,122,Yes,Roundabout,Normal,Other,boulevard BRETONNIERES,M,47.345354809004405,6.346739542858976
201800025319,NonLethal,2018-05-04,14:15:00,Daylight,370,122,Yes,T-type,Normal,2Vehicles-Behind,avenue de BORDEAUX,M,47.35877365593181,6.360502973997416
201800025320,NonLethal,2018-04-05,17:35:00,Daylight,370,261,Yes,T-type,Normal,Other,avenue Gustave EIFFEL,M,47.425804086399246,6.4251103129045
201800025321,NonLethal,2018-05-05,23:25:00,NightStreelightsOn,370,261,Yes,X-type,Normal,2Vehicles-Side,ru Jean Baptiste MARCET,M,47.43667515924241,6.43495566130261
201800025322,NonLethal,2018-06-05,17:55:00,Daylight,370,233,Yes,X-type,Normal,2Vehicles-Side,rue Marcel CACHIN,M,47.39839597909075,7.395243832007335
201800025324,NonLethal,2018-05-07,17:40:00,Daylight,370,122,Yes,NoIntersection,Normal,2Vehicles-Side,ROUTE DE SAVONNIERES,M,47.36765875082779,6.367812597510268
201800025325,NonLethal,2018-08-05,01:25:00,NightStreelightsOn,370,122,Yes,NoIntersection,Normal,2Vehicles-BehindVehicles-Frontal,rue de la ROTIERE,M,47.347230700365685,6.3480432195553576
201800025326,NonLethal,2018-05-08,13:15:00,Daylight,370,261,Yes,X-type,Normal,2Vehicles-Side,rue Léon BOYER,M,47.39129397350408,6.392119469461585
201800025328,NonLethal,2018-05-10,20:40:00,Daylight,370,233,Yes,NoIntersection,Normal,NoCollision,avenue Jacques DUCLOS,M,47.3795863766889,7.381050101680866
201800025329,NonLethal,2018-05-12,05:15:00,NightNoStreetLight,370,195,Yes,NoIntersection,Normal,NoCollision,Levée du CHER,M,47.37301463519206,6.375528074649764
201800025330,NonLethal,2018-05-12,07:50:00,Daylight,370,261,Yes,Roundabout,Overcast,2Vehicles-Side,boulevard HEURTELOUP,M,47.39575328387863,7.39408498628055
201800025332,NonLethal,2018-05-13,14:30:00,Daylight,370,261,Yes,NoIntersection,Normal,2Vehicles-Behind,Bd Richard WAGNER,M,47.37679326489096,7.377064493160332
201800025333,NonLethal,2018-05-14,19:45:00,Daylight,370,261,Yes,X-type,Normal,2Vehicles-Side,rue Ernest HUARD,M,,
201800025334,NonLethal,2018-05-14,23:10:00,NightStreelightsOn,370,122,Yes,Y-type,Normal,Other,Bd des BRETONNIERES,M,47.34577818873544,6.344379579001927
201800025336,NonLethal,2018-05-17,08:55:00,Daylight,370,233,Yes,NoIntersection,Normal,Other,rue Marcel CACHIN,M,47.3969710789103,7.396156015513449
201800025337,NonLethal,2018-05-17,20:40:00,Daylight,370,122,Yes,T-type,Normal,Other,rue Jules GREVY,M,47.35448294915156,6.356868817461653
201800025339,NonLethal,2018-05-18,16:15:00,Daylight,370,261,Yes,NoIntersection,Normal,Other,DE LATTRE DE TASSIGNY,M,47.38105136934652,6.381675817160945
201800025342,NonLethal,2018-05-19,19:55:00,Daylight,370,122,Yes,NoIntersection,Normal,NoCollision,rue du PONT VOLANT,M,47.362231485995615,6.362494293612351
201800025343,NonLethal,2018-05-20,04:50:00,NightStreelightsOn,370,261,Yes,NoIntersection,Normal,Other,rue Auguste CHEVALLIER,M,47.3796295655987,6.379181562086963
201800025344,NonLethal,2018-05-22,15:00:00,Daylight,370,122,Yes,NoIntersection,LightRain,2Vehicles-BehindVehicles-Frontal,RD 86 DE MONTS  TOURS,M,47.33117400167089,6.332000860740819
201800025345,NonLethal,2018-05-22,17:50:00,Daylight,370,261,Yes,NoIntersection,Normal,NoCollision,quai de PORTILLON,M,47.400963531474254,6.40169991846354
201800025346,NonLethal,2018-05-22,15:46:00,Daylight,370,122,Yes,NoIntersection,LightRain,2Vehicles-Behind,Bd de CHINON,M,47.35238090260438,6.354349608668923
201800025347,NonLethal,2018-05-23,16:10:00,Daylight,370,261,Yes,Roundabout,Normal,2Vehicles-Behind,ave Georges POMPIDOU,M,47.3784337593269,7.378351522614145
201800025348,NonLethal,2018-05-25,12:46:00,Daylight,370,214,Yes,NoIntersection,Normal,NoCollision,LANDE (RUE DE LA),M,47.41853750807308,6.41739715859515
201800025349,NonLethal,2018-05-25,15:55:00,Daylight,370,233,Yes,NoIntersection,LightRain,Other,rue Romain ROLLAND,M,47.398512431442526,7.400790881956406
201800025350,NonLethal,2018-05-26,10:40:00,Daylight,370,261,Yes,NoIntersection,Normal,Other,boulevard BERANGER,M,47.38852431470637,6.390839748665639
201800025351,NonLethal,2018-05-26,13:00:00,Daylight,370,261,Yes,NoIntersection,Normal,2Vehicles-Behind,rue Edouard VAILLANT,M,47.3894684959628,6.389290762745036
201800025352,NonLethal,2018-05-27,03:48:00,NightStreelightsOn,370,261,Yes,T-type,Normal,3+Vehicles-Multiple,place RABELAIS,M,47.382776708313045,6.384172634963148
201800025353,NonLethal,2018-05-28,18:20:00,Daylight,370,122,Yes,NoIntersection,LightRain,Other,Ave de la REPUBLIQUE,M,47.355343195965226,6.355069530211675
201800025354,Lethal,2018-05-28,17:00:00,Daylight,370,261,Yes,NoIntersection,Normal,Other,rue de la BERGEONNERIE,M,47.35916791988152,6.360052318956363
201800025356,NonLethal,2018-05-29,17:50:00,Daylight,370,261,Yes,T-type,Normal,Other,avenue de FLORENCE,M,47.37640783467895,7.374980894270716
201800025357,NonLethal,2018-05-29,20:36:00,Daylight,370,233,Yes,Y-type,Normal,2Vehicles-Side,pont JEAN MOULIN,M,47.38649427878523,7.387151039936816
201800025358,NonLethal,2018-05-31,07:59:00,Daylight,370,261,Yes,NoIntersection,Normal,2Vehicles-BehindVehicles-Frontal,quai andré MALRAUX,M,47.39611920827191,6.397199607998422
201800025359,NonLethal,2018-05-31,09:54:00,Daylight,370,261,Yes,T-type,Normal,2Vehicles-Side,ave du Général ESTIENNE,M,47.41190192948799,6.410730728016405
201800025360,NonLethal,2018-05-31,17:45:00,Daylight,370,122,Yes,NoIntersection,Normal,NoCollision,rue de la BERGEONNERIE,M,47.3601657381429,6.3595382766353366
201800025361,NonLethal,2018-06-01,16:30:00,Daylight,370,261,Yes,NoIntersection,Normal,3+Vehicles-Chain,quai de PORTILLON,M,47.39976247231292,6.400186714290862
201800025362,NonLethal,2018-06-04,12:20:00,Daylight,370,261,Yes,NoIntersection,Normal,2Vehicles-Behind,Ave Gustave EIFFEL,M,47.43810782051725,6.437561794456224
201800025363,NonLethal,2018-04-06,14:20:00,Daylight,370,261,Yes,T-type,Normal,Other,BERANGER (BOULEVARD),M,47.38808125501431,6.390525949301098
201800025364,NonLethal,2018-04-06,17:50:00,Daylight,370,261,Yes,T-type,Normal,NoCollision,ave Charles BEDAUX,M,47.373209985806405,6.374480072850611
201800025365,NonLethal,2018-05-06,18:20:00,Daylight,370,261,Yes,NoIntersection,Normal,Other,Bd PREUILLY,M,47.390360691319295,6.39207454439652
201800025366,NonLethal,2018-05-06,04:25:00,NightStreelightsOn,370,261,Yes,NoIntersection,Normal,NoCollision,ave de la TRANCHEE,M,47.40597367056018,6.405598980963847
201800025367,NonLethal,2018-06-06,06:35:00,Daylight,370,261,Yes,NoIntersection,Normal,Other,Bd TONNELLE,M,47.38208222011391,6.382906291338219
201800025368,NonLethal,2018-06-06,12:00:00,Daylight,370,261,Yes,T-type,LightRain,2Vehicles-Behind,Bd Richard WAGNER,M,47.375206517168166,7.376451050896327
201800025369,NonLethal,2018-06-06,15:20:00,Daylight,370,233,Yes,NoIntersection,LightRain,NoCollision,ave Jacques DUCLOS,M,47.38072762091186,7.37735161936224
201800025370,NonLethal,2018-06-06,20:35:00,Daylight,370,261,Yes,NoIntersection,Normal,NoCollision,ave André MAGINOT,M,47.41278404316904,6.413195249272519
201800025371,NonLethal,2018-06-08,15:00:00,Daylight,370,233,Yes,NoIntersection,Normal,NoCollision,Bd Paul LANGEVIN,M,47.39197242195021,7.390464618560278
201800025372,NonLethal,2018-06-09,19:15:00,Daylight,370,214,Yes,NoIntersection,Overcast,Other,rue des BORDIERS,M,47.41858392374695,6.4180868342771165
201800025373,NonLethal,2018-10-06,11:00:00,Daylight,370,261,Yes,NoIntersection,Normal,Other,Bd Richard WAGNER,M,47.3758262989012,7.373285036120028
201800025374,NonLethal,2018-06-09,19:45:00,Daylight,370,261,Yes,NoIntersection,LightRain,NoCollision,Bd BERANGER,M,47.39129839256115,6.390623575638292
201800025375,NonLethal,2018-10-06,20:10:00,Daylight,370,261,Yes,NoIntersection,Overcast,NoCollision,Bd HEURTELOUP,M,47.39448591418252,7.392083580188317
201800025376,NonLethal,2018-11-06,07:00:00,Daylight,370,261,Yes,T-type,HeavyRain,Other,rue FEBVOTTE,M,47.380262586906895,6.377676009160021
201800025377,NonLethal,2018-06-11,19:25:00,Daylight,370,122,Yes,NoIntersection,Normal,2Vehicles-BehindVehicles-Frontal,rue des MARTYRS,M,47.35427450020748,6.353055107155919
201800025379,NonLethal,2018-12-06,16:30:00,Daylight,370,261,Yes,NoIntersection,Normal,2Vehicles-Side,ave Georges POMPIDOU,M,47.39725158833889,7.39646187897339
201800025380,NonLethal,2018-06-13,08:40:00,Daylight,370,261,Yes,NoIntersection,Normal,2Vehicles-Behind,Bd MARCHANT DU PLESSIS,M,47.377967307302846,6.379826905276489
201800025381,NonLethal,2018-06-14,07:50:00,Daylight,370,261,Yes,T-type,Normal,2Vehicles-Side,rue de JEMMAPES,M,47.420605984435376,6.419984780230639
201800025382,NonLethal,2018-06-14,08:50:00,Daylight,370,261,Yes,Y-type,Normal,2Vehicles-Side,rue de SUEDE,M,47.43399270946339,6.4368496122120655
201800025383,NonLethal,2018-12-06,18:40:00,Daylight,370,122,Yes,NoIntersection,Normal,2Vehicles-Behind,Bd Jean JAURES,M,47.34850338500473,6.348482042735941
201800025384,NonLethal,2018-06-15,08:22:00,Daylight,370,261,Yes,T-type,LightRain,2Vehicles-Side,rue du Sergent LECLERC,M,47.37640877033255,6.37677412804566
201800025385,NonLethal,2018-06-15,12:00:00,Daylight,370,208,Yes,NoIntersection,Normal,NoCollision,rue de CORMERY,M,47.33887606061826,7.338071046927365
201800025386,NonLethal,2018-06-15,16:00:00,Daylight,370,214,Yes,X-type,Normal,2Vehicles-Side,rue Roland ENGERAND,M,47.40909823276085,6.411514150328577
201800025390,NonLethal,2018-06-18,21:05:00,Daylight,370,261,Yes,X-type,Normal,2Vehicles-Side,ORIGET (RUE),M,47.38679788712895,6.386263279630654
201800025391,NonLethal,2018-06-19,11:50:00,Daylight,370,261,Yes,NoIntersection,Normal,Other,rue COLBERT,M,47.39702078521588,6.397192328374639
201800025392,NonLethal,2018-06-20,09:05:00,Daylight,370,233,Yes,NoIntersection,Normal,2Vehicles-Side,rue Fabienne LANDY,M,47.38493755794462,7.388584644263068
201800025393,NonLethal,2018-06-20,22:30:00,NightStreelightsOn,370,233,Yes,T-type,Normal,2Vehicles-Side,Levée de la LOIRE,M,47.39682253333496,7.396987647861249
201800025394,NonLethal,2018-06-21,08:08:00,Daylight,370,261,Yes,NoIntersection,Normal,2Vehicles-Behind,Bd MARECHAL JUIN,M,47.420264406892464,7.418890600397431
201800025395,NonLethal,2018-06-21,09:10:00,Daylight,370,122,Yes,NoIntersection,Normal,2Vehicles-BehindVehicles-Frontal,rue du CLOS NEUF,M,47.3584664888064,6.356667913126143
201800025396,NonLethal,2018-06-21,16:39:00,Daylight,370,261,Yes,T-type,Normal,Other,rue Jacques BREL,M,47.43378043249671,7.433777491499077
201800025398,NonLethal,2018-06-21,21:45:00,TwilightOrDawn,370,122,Yes,X-type,Normal,2Vehicles-Side,JAURES (BOULEVARD JEAN),M,47.348751871547584,6.349853892107824
201800025399,NonLethal,2018-06-22,05:40:00,Daylight,370,261,Yes,NoIntersection,Normal,3+Vehicles-Chain,avenue PROUDHON,M,47.38814856830863,6.386924699033266
201800025400,NonLethal,2018-06-23,06:25:00,TwilightOrDawn,370,122,Yes,NoIntersection,Normal,NoCollision,allée MALRAUX,M,42.352373424010445,6.350577009087812
201800025402,NonLethal,2018-06-25,07:30:00,Daylight,370,122,Yes,NoIntersection,Normal,2Vehicles-BehindVehicles-Frontal,rue de la MARBELLIERE,M,47.35839745405588,6.35924662277736
201800025404,NonLethal,2018-06-27,08:10:00,Daylight,370,233,Yes,NoIntersection,Normal,2Vehicles-Side,rue du COLOMBIER,M,47.3796323232569,7.378579246565906
201800025405,NonLethal,2018-06-27,08:40:00,Daylight,370,261,Yes,NoIntersection,Normal,2Vehicles-Side,rue DESAIX,M,47.3790627826545,6.379646507564454
201800025406,NonLethal,2018-06-27,20:40:00,Daylight,370,261,Yes,NoIntersection,Normal,Other,place de la LIBERTE,M,47.37978340204338,6.378184401942918
201800025407,NonLethal,2018-06-29,18:00:00,Daylight,370,261,Yes,NoIntersection,Normal,2Vehicles-Behind,avenue de la TRANCHEE,M,47.40047921598882,6.400149133262813