AccidentId,Gravity,Date,Hour,Light,Department,Commune,InAgglomeration,IntersectionType,Weather,CollisionType,PostalAddress,GPSCode,Latitude,Longitude
201800025408,NonLethal,2018-06-29,18:30:00,Daylight,370,261,Yes,NoIntersection,Normal,2Vehicles-Behind,quai Paul BERT,M,47.401166390562935,7.399936699237238
201800025409,NonLethal,2018-06-29,12:20:00,Daylight,370,214,Yes,NoIntersection,Normal,2Vehicles-Side,bd Charles DE GAULLE,M,47.41232345045788,6.412206847584447
201800025410,NonLethal,2018-07-04,15:20:00,Daylight,370,122,Yes,NoIntersection,Normal,Other,rue des MARTYRS,M,47.35167408497279,6.35179517188118
201800025411,NonLethal,2018-04-07,17:00:00,Daylight,370,261,Yes,NoIntersection,Normal,2Vehicles-BehindVehicles-Frontal,quai Paul BERT,M,47.40153043819978,6.402853219456864
201800025412,NonLethal,2018-07-05,16:45:00,Daylight,370,261,Yes,NoIntersection,Normal,Other,allée des AULNES,M,47.37543567078716,6.375218759847719
201800025413,NonLethal,2018-07-05,17:25:00,Daylight,370,261,Yes,NoIntersection,Normal,Other,rue Michel BAUGE,M,47.38007098547602,6.3816591885564895
201800025414,NonLethal,2018-06-07,14:45:00,Daylight,370,261,Yes,NoIntersection,Normal,3+Vehicles-Chain,Bd Richard WAGNER,M,47.37442945592586,6.3744827240052935
201800025417,NonLethal,2018-07-08,00:50:00,NightStreelightsOn,370,233,Yes,Roundabout,Normal,2Vehicles-Behind,rue Jean JAURES,M,47.39198616186618,7.3914078263464305
201800025418,NonLethal,2018-07-08,04:39:00,NightStreelightsOn,370,122,Yes,NoIntersection,Normal,NoCollision,rue des MARTYRS,M,47.355148050503786,6.354546993918761
201800025419,NonLethal,2018-09-07,08:10:00,Daylight,370,122,Yes,NoIntersection,Normal,Other,JEAN JAURES,M,47.34966625516272,6.349100002768759
201800025420,NonLethal,2018-09-07,19:10:00,Daylight,370,122,Yes,NoIntersection,Normal,3+Vehicles-Chain,Bd de CHINON,M,47.35547719781696,6.354388831669833
201800025421,NonLethal,2018-07-10,09:30:00,Daylight,370,261,Yes,NoIntersection,Normal,2Vehicles-Behind,rue Léon BOYER,M,47.39325580695655,6.391932949251951
201800025422,NonLethal,2018-10-07,11:45:00,Daylight,370,261,Yes,NoIntersection,Normal,2Vehicles-Side,avenue de ALOUETTE,M,47.36263958997669,6.362939040695101
201800025423,NonLethal,2018-10-07,13:40:00,Daylight,370,233,Yes,NoIntersection,Normal,Other,ave Georges POMPIDOU,M,47.38026582311965,7.377981941483026
201800025424,NonLethal,2018-11-07,15:00:00,Daylight,370,261,Yes,NoIntersection,Normal,2Vehicles-Behind,rue MARCEAU,M,47.38872995046577,6.390401580383607
201800025426,NonLethal,2018-12-07,18:30:00,Daylight,370,261,Yes,NoIntersection,Normal,2Vehicles-Behind,Bd Richard WAGNER,M,47.374652204479816,7.373589685409769
201800025428,NonLethal,2018-07-14,17:34:00,Daylight,370,214,Yes,NoIntersection,Normal,2Vehicles-Side,Bd Charles DE GAULLE,M,47.41789104371082,6.414585690408149
201800025429,NonLethal,2018-07-15,11:30:00,Daylight,370,122,Yes,NoIntersection,Normal,2Vehicles-Side,ave de la REPUBLIQUE,M,47.351582364486944,6.3505549648428055
201800025430,NonLethal,2018-07-15,19:40:00,Daylight,370,261,Yes,NoIntersection,Normal,2Vehicles-Behind,rue Auguste CHEVALLIER,M,47.37693707131465,6.374370741373829
201800025431,NonLethal,2018-07-16,18:00:00,Daylight,370,261,Yes,T-type,Normal,2Vehicles-Side,ave André MAGINOT,M,47.41200486101104,6.412400593896076
201800025432,NonLethal,2018-07-15,23:15:00,NightStreelightsOn,370,261,Yes,T-type,Normal,2Vehicles-Side,quai André MALRAUX,M,47.39704866943533,6.39809243506105
201800025433,NonLethal,2018-07-17,06:40:00,Daylight,370,233,Yes,NoIntersection,Normal,NoCollision,rue Danielle CASANOVA,M,47.39513340115375,7.393470165471006
201800025434,NonLethal,2018-07-17,10:03:00,Daylight,370,233,Yes,NoIntersection,Normal,2Vehicles-Behind,ave Georges POMPIDOU,M,47.39516881096455,7.397039753756053
201800025435,NonLethal,2018-07-18,09:32:00,Daylight,370,261,Yes,Roundabout,Normal,2Vehicles-Side,rue CLOS SAINT LIBERT,M,47.41017158225789,7.409299493444733
201800025436,NonLethal,2018-07-19,15:43:00,Daylight,370,214,Yes,NoIntersection,Normal,2Vehicles-Side,Bd Charles DE GAULLE,M,47.41476749047872,6.412737822824072
201800025437,NonLethal,2018-07-19,12:20:00,Daylight,370,261,Yes,X-type,Normal,2Vehicles-Side,NOIRMANT (RUE JEAN-JACQU,M,47.38709728755375,7.388694318013916
201800025438,NonLethal,2018-07-20,06:25:00,Daylight,370,122,Yes,NoIntersection,Normal,NoCollision,Bd de CHINON,M,47.35057261707815,6.350603847307307
201800025439,NonLethal,2018-07-20,18:05:00,Daylight,370,261,Yes,NoIntersection,Normal,Other,place de la LIBERTE,M,47.37935383888586,6.381232889605144
201800025441,NonLethal,2018-07-20,20:30:00,Daylight,370,261,Yes,NoIntersection,Normal,2Vehicles-Side,DANIEL MAYER,M,47.41860549009808,6.418315235224769
201800025444,NonLethal,2018-07-29,13:35:00,Daylight,370,122,Yes,X-type,Normal,2Vehicles-Side,rue de la BRUERE,M,47.347438605944745,6.347842496789069
201800025445,NonLethal,2018-02-08,05:55:00,Daylight,370,261,Yes,NoIntersection,Normal,2Vehicles-Side,WAGNER (BOULEVARD RICHAR,M,47.37689723873621,7.377050573487277
201800025446,NonLethal,2018-08-03,21:50:00,TwilightOrDawn,370,195,Yes,NoIntersection,Normal,2Vehicles-Side,PERIPHERIQUE OUEST,M,47.37551500770882,6.376503482277239
201800025447,NonLethal,2018-08-04,01:20:00,NightNoStreetLight,370,195,Yes,T-type,Normal,2Vehicles-Side,CHER (LEVEE DU),M,47.37668406481987,6.376282081716979
201800025448,NonLethal,2018-05-08,07:56:00,Daylight,370,261,Yes,NoIntersection,Normal,2Vehicles-Side,ROYER (BD JEAN),M,47.38373728829422,6.382865304443793
201800025449,NonLethal,2018-08-06,08:45:00,Daylight,370,214,Yes,NoIntersection,Normal,2Vehicles-Behind,VOISIN (BOULEVARD ANDRE-,M,47.43201098685595,6.430523781001143
201800025450,NonLethal,2018-06-08,14:10:00,Daylight,370,208,Yes,NoIntersection,Normal,NoCollision,rue Jules ROMAINS,M,47.35191192314193,7.353160617775371
201800025452,NonLethal,2018-08-07,08:25:00,Daylight,370,214,Yes,NoIntersection,Normal,Other,FLEURIE (RUE),M,47.404366868313694,6.405463824580962
201800025455,NonLethal,2018-08-10,17:00:00,Daylight,370,261,Yes,NoIntersection,Normal,3+Vehicles-Chain,VAILLANT (RUE EDOUARD),M,47.37435391639234,7.376668456778126
201800025456,NonLethal,2018-08-13,18:59:00,Daylight,370,122,Yes,NoIntersection,Normal,NoCollision,BORDEAUX (AVENUE DE),M,47.35655096187197,6.360079608747225
201800025457,NonLethal,2018-08-15,19:20:00,Daylight,370,261,Yes,T-type,Normal,2Vehicles-Side,rue du COMMERCE,M,47.39535115454317,6.395607344159775
201800025458,NonLethal,2018-08-16,08:45:00,Daylight,370,122,Yes,NoIntersection,Normal,NoCollision,LAC (AVENUE DU),M,47.347654482970455,6.3483674533373735
201800025459,NonLethal,2018-08-16,21:25:00,NightStreelightsOn,370,261,Yes,T-type,Overcast,2Vehicles-Behind,BERT (QUAI PAUL),M,47.40085559702577,6.402933539200497
201800025460,NonLethal,2018-08-17,12:13:00,Daylight,370,208,Yes,NoIntersection,Normal,2Vehicles-Behind,POMPIDOU (AVENUE GEORGES,M,47.36604576943581,7.367421021236431
201800025461,NonLethal,2018-08-17,17:10:00,Daylight,370,261,Yes,NoIntersection,Normal,Other,DASSAULT (ROND-POINT MAR,M,47.366529310842985,6.364278358647084
201800025462,NonLethal,2018-08-18,10:35:00,Daylight,370,261,Yes,T-type,Normal,2Vehicles-Side,DANIEL MAYER,M,47.418879947921525,6.41764717051456
201800025463,NonLethal,2018-08-18,11:35:00,Daylight,370,261,Yes,NoIntersection,Normal,Other,NAPOLEON (PONT),M,47.399889251768336,6.399932797802235
201800025464,NonLethal,2018-08-20,15:50:00,Daylight,370,261,Yes,Other,Normal,2Vehicles-Side,CARMET (RUE JEAN),M,47.36507468664304,6.364709177274538
201800025465,NonLethal,2018-08-22,14:00:00,Daylight,370,233,Yes,NoIntersection,Normal,2Vehicles-BehindVehicles-Frontal,BALZAC (RUE HONORE DE),M,47.38768268048092,7.387877999045122
201800025466,NonLethal,2018-08-22,21:00:00,NightStreelightsOn,370,261,Yes,Roundabout,Normal,2Vehicles-Side,AUBERDIERE (RUE DE L'),M,47.36720956147004,6.3652048394466725
201800025467,NonLethal,2018-08-21,12:25:00,Daylight,370,261,Yes,NoIntersection,Normal,2Vehicles-Side,MAGINOT (AV. ANDRE),M,47.41212566568464,6.409034328018012
201800025468,NonLethal,2018-08-24,17:17:00,Daylight,370,261,Yes,NoIntersection,Normal,NoCollision,VAILLANT (RUE EDOUARD),M,47.37999571026983,7.380818503135522
201800025469,NonLethal,2018-08-24,18:50:00,Daylight,370,122,Yes,T-type,Normal,2Vehicles-Side,BEAULIEU (RUE DE),M,47.361535371510094,6.364179989703154
201800025470,NonLethal,2018-08-24,10:35:00,Daylight,370,195,Yes,NoIntersection,Normal,2Vehicles-Side,PONT LIBERT (RUE DU),M,47.37935050489602,6.37841433562459
201800025471,NonLethal,2018-08-29,14:25:00,Daylight,370,261,Yes,NoIntersection,Normal,Other,PAILHOU (PLACE GASTON),M,47.38926592480969,6.390074276337562
201800025472,NonLethal,2018-08-30,10:30:00,Daylight,370,122,Yes,NoIntersection,Normal,Other,LAC (AVENUE DU),M,47.35034172681446,6.348753958118122
201800025473,NonLethal,2018-08-31,17:36:00,Daylight,370,261,Yes,Other,Normal,2Vehicles-Side,PAS NOTRE-DAME (RUE DU),M,47.41557073050066,6.416600608042096
201800025474,NonLethal,2018-08-31,22:20:00,NightStreelightsOn,370,261,Yes,NoIntersection,Normal,2Vehicles-BehindVehicles-Frontal,CHEVALERIE (RUE DE LA),M,47.41646288558898,6.4158131351219545
201800025477,NonLethal,2018-09-05,14:43:00,Daylight,370,233,Yes,NoIntersection,Normal,Other,SAINT GOBAIN (RUE DE),M,47.38332167402184,7.381282938714535
201800025479,NonLethal,2018-05-09,20:24:00,TwilightOrDawn,370,214,Yes,NoIntersection,Normal,Other,DE GAULLE (BD CHARLES),M,47.41475470477216,6.41493848173587
201800025480,NonLethal,2018-09-07,16:50:00,Daylight,370,261,Yes,NoIntersection,Normal,2Vehicles-Behind,LECLERC (PLACE DU MARECH,M,47.390792476626686,6.388352212132214
201800025481,NonLethal,2018-09-08,01:59:00,NightNoStreetLight,370,195,Yes,NoIntersection,Normal,2Vehicles-Behind,RD 88,M,47.388353943988186,6.38631596950561
201800025482,NonLethal,2018-09-08,13:40:00,Daylight,370,122,Yes,NoIntersection,Normal,2Vehicles-Behind,MARTYRS (RUE DES),M,47.35403097085394,6.353328657390201
201800025483,NonLethal,2018-09-08,16:15:00,Daylight,370,261,Yes,NoIntersection,Normal,2Vehicles-Side,PALISSY (RUE BERNARD),M,47.39529310175124,6.394165040711647
201800025484,NonLethal,2018-08-09,20:30:00,NightStreelightsOn,370,261,Yes,T-type,Normal,2Vehicles-Behind,MAETERLINCK (BOULEVARD),M,47.42729968553888,6.426952899838308
201800025485,NonLethal,2018-08-09,02:55:00,NightStreelightsOn,370,122,Yes,NoIntersection,Normal,2Vehicles-Side,CHINON (BOULEVARD DE),M,47.35313590479922,6.3534574831309145
201800025486,NonLethal,2018-09-09,01:55:00,NightStreelightsOn,370,261,Yes,NoIntersection,Normal,2Vehicles-Behind,FRANCE (PLACE ANATOLE),M,47.39621873370728,6.397806603767907
201800025489,NonLethal,2018-09-10,10:10:00,Daylight,370,261,Yes,NoIntersection,Normal,Other,JEMMAPES (RUE),M,47.41814688546042,6.419767631119135
201800025490,NonLethal,2018-10-09,16:00:00,Daylight,370,233,Yes,NoIntersection,Normal,NoCollision,DUCLOS (AVENUE JACQUES),M,47.38249439723944,7.380215834098207
201800025491,NonLethal,2018-09-11,13:23:00,Daylight,370,261,Yes,X-type,Normal,2Vehicles-Side,HOSPITALITE (RUE DE L'),M,47.39042510182687,6.391191651020506
201800025492,NonLethal,2018-09-11,19:50:00,Daylight,370,233,Yes,NoIntersection,Normal,2Vehicles-Side,BONNIN (AVENUE JEAN),M,47.39472812789548,7.397209463594301
201800025494,NonLethal,2018-09-15,17:30:00,Daylight,370,261,Yes,X-type,Normal,2Vehicles-Side,BERANGER (BOULEVARD),M,47.390303953176335,6.389856714897458
201800025495,NonLethal,2018-09-17,08:30:00,TwilightOrDawn,370,233,Yes,NoIntersection,Normal,Other,AUBRIERE (RUE DE L'),M,47.39456732331036,7.39439390871273
201800025496,NonLethal,2018-09-17,17:34:00,Daylight,370,261,Yes,Other,Normal,2Vehicles-Behind,TRANCHEE (AVENUE DE LA),M,47.40632284457303,6.406850208985911
201800025497,NonLethal,2018-09-18,12:20:00,Daylight,370,261,Yes,X-type,Normal,2Vehicles-Side,GRAMMONT (AVENUE DE),M,47.38234683523136,6.383022041549638
201800025499,NonLethal,2018-09-19,12:05:00,Daylight,370,122,Yes,NoIntersection,Normal,Other,DE GAULLE (AVENUE DU GEN,M,47.35075014604018,6.350756952788553
201800025500,NonLethal,2018-09-21,07:34:00,NightStreelightsOn,370,122,Yes,T-type,LightRain,2Vehicles-Side,JAURES (BOULEVARD JEAN),M,47.348614612371655,6.34912900959344
201800025501,NonLethal,2018-09-21,10:20:00,Daylight,370,208,Yes,Other,Overcast,NoCollision,LAC (AVENUE DU),M,47.36530419661213,7.367040262363546
201800025504,NonLethal,2018-09-23,15:56:00,Daylight,370,261,Yes,NoIntersection,LightRain,Other,ALOUETTE (AVENUE),M,47.36429269333162,7.362546192070417
201800025505,NonLethal,2018-09-24,14:37:00,Daylight,370,122,Yes,NoIntersection,Normal,2Vehicles-Behind,BOULEVARD PERIPHERIQUE N,M,47.35058885363824,6.3488920326212055
201800025506,NonLethal,2018-09-24,21:34:00,NightStreelightsOn,370,261,Yes,X-type,Normal,2Vehicles-Side,BERGONIE (RUE DOCTEUR),M,47.376014959221656,7.378295216860342
201800025507,NonLethal,2018-09-25,05:40:00,TwilightOrDawn,370,261,Yes,NoIntersection,Normal,2Vehicles-BehindVehicles-Frontal,9EME DIVISION DE CAVALER,M,47.38215513050541,7.382055082351692
201800025508,NonLethal,2018-09-25,14:00:00,Daylight,370,261,Yes,Other,Normal,2Vehicles-Side,TRANCHEE (AVENUE DE LA),M,47.40576178243604,6.406349064476795
201800025509,NonLethal,2018-09-26,15:35:00,Daylight,370,261,Yes,T-type,Normal,Other,SICARD (PLACE FRANCOIS),M,47.39478550758994,6.3954784554204105
201800025511,NonLethal,2018-09-26,17:00:00,Daylight,370,214,Yes,NoIntersection,Normal,2Vehicles-Side,VOISIN (BOULEVARD ANDRE-,M,47.42604660790138,6.4284243757883015
201800025512,NonLethal,2018-09-27,08:40:00,Daylight,370,208,Yes,T-type,Normal,2Vehicles-Side,CORMERY (RUE DE),M,47.35375185745716,7.35395332033398
201800025513,NonLethal,2018-09-27,16:45:00,Daylight,370,261,Yes,NoIntersection,Normal,NoCollision,CHAUTEMPS (AVENUE CAMILL,M,47.37637285091029,7.374097819920939
201800025514,NonLethal,2018-09-28,07:50:00,Daylight,370,261,Yes,Roundabout,Normal,NoCollision,GANCE (BOULEVARD ABEL),M,47.41084676596144,7.410162809690842
201800025515,NonLethal,2018-09-28,09:45:00,Daylight,370,122,Yes,NoIntersection,Normal,Other,BONDONNIERE (RUE DE),M,47.35391145508003,6.356442329693441
201800025517,NonLethal,2018-09-29,03:15:00,NightStreelightsOn,370,261,Yes,NoIntersection,Normal,NoCollision,SALENGRO (RUE ROGER),M,47.38833292897127,6.386033920070613
201800025518,NonLethal,2018-09-30,17:20:00,Daylight,370,261,Yes,Other,Normal,2Vehicles-Side,MIRABEAU (RUE),M,47.397650949634894,6.398165821108347
201800025519,NonLethal,2018-09-30,14:57:00,Daylight,370,261,Yes,T-type,Normal,2Vehicles-Side,PREUILLY (BOULEVARD),M,47.39451878918057,6.394498788053477
201800025521,NonLethal,2018-02-10,14:05:00,Daylight,370,214,Yes,T-type,Normal,2Vehicles-Behind,DE GAULLE (BD CHARLES),M,47.4143958251484,6.413795847508257
201800025523,NonLethal,2018-10-04,05:06:00,NightStreelightsOn,370,261,Yes,X-type,Normal,2Vehicles-Side,MIRABEAU (RUE),M,47.39282137319477,7.393626028300306
201800025524,NonLethal,2018-05-10,08:25:00,Daylight,370,261,Yes,NoIntersection,Normal,2Vehicles-Behind,LOUIS XI (BOULEVARD),M,47.37493901381692,6.3770341488130935
201800025525,NonLethal,2018-10-05,09:09:00,Daylight,370,233,Yes,T-type,Normal,Other,CACHIN (RUE MARCEL),M,47.39668937724407,7.396629504115831
201800025526,NonLethal,2018-06-10,11:00:00,Daylight,370,195,Yes,NoIntersection,Normal,NoCollision,BOURGEOIS (RUE LEON),M,47.38492791948943,6.384785861803913
201800025527,NonLethal,2018-06-10,21:00:00,NightStreelightsOn,370,261,Yes,T-type,Normal,2Vehicles-Side,PREUILLY (BOULEVARD),M,47.39217836587063,6.392980154325224
201800025528,NonLethal,2018-06-10,12:25:00,Daylight,370,208,Yes,NoIntersection,Normal,2Vehicles-Side,DOUMER (BOULEVARD PAUL),M,47.36855386166611,7.3692492194530095
201800025529,NonLethal,2018-08-10,16:00:00,Daylight,370,208,Yes,T-type,Normal,2Vehicles-Side,GRAND COUR (RUE DE),M,47.36123231941035,7.361904513670251
201800025530,NonLethal,2018-09-10,08:39:00,Daylight,370,261,Yes,T-type,Normal,2Vehicles-Side,ROUZIERS (ROUTE DE),M,47.433335921066885,6.432849805023844
201800025531,NonLethal,2018-10-09,18:10:00,Daylight,370,214,Yes,NoIntersection,Normal,3+Vehicles-Chain,VOISIN (BOULEVARD ANDRE-,M,47.427049693145456,6.427557401643612
201800025532,NonLethal,2018-10-10,08:00:00,Daylight,370,208,Yes,T-type,Normal,2Vehicles-Side,CORMERY (RUE DE),M,47.34463934672154,7.345943958307892
201800025533,NonLethal,2018-10-10,12:55:00,Daylight,370,261,Yes,T-type,Normal,2Vehicles-Side,STENDHAL (AVENUE),M,47.36849099757663,7.367816632462483
201800025534,NonLethal,2018-10-10,16:30:00,Daylight,370,261,Yes,NoIntersection,Normal,3+Vehicles-Chain,SANITAS (PONT DU),M,47.370266411969965,6.370782572540454
201800025535,NonLethal,2018-10-11,09:15:00,Daylight,370,261,Yes,Roundabout,LightRain,NoCollision,PORTILLON (QUAI DE),M,47.40105154952113,6.400352650598116
201800025536,NonLethal,2018-11-10,08:40:00,Daylight,370,214,Yes,T-type,Normal,2Vehicles-Side,ENGERAND (RUE ROLAND),M,47.40936312737645,6.409240187752579
201800025537,NonLethal,2018-11-10,09:30:00,Daylight,370,261,Yes,NoIntersection,Normal,NoCollision,AUBERDIERE (RUE DE L'),M,47.361609053,6.362383965648346
201800025538,NonLethal,2018-11-10,17:10:00,Daylight,370,122,Yes,NoIntersection,Normal,2Vehicles-Behind,RD 37,M,47.34104348834615,6.339160815102065
201800025539,NonLethal,2018-10-11,15:54:00,Daylight,370,122,No,NoIntersection,Normal,NoCollision,RD 37,M,47.33379195301249,6.336708373630054
201800025542,NonLethal,2018-12-10,21:19:00,NightStreelightsOn,370,261,Yes,NoIntersection,Normal,2Vehicles-Side,VICTOIRE (RUE DE LA),M,47.39570864772233,6.394837319386529
201800025545,NonLethal,2018-10-13,19:30:00,NightNoStreetLight,370,122,No,NoIntersection,Normal,2Vehicles-Behind,RD 37,M,47.34116953038613,6.341660214004132
201800025548,NonLethal,2018-10-15,08:05:00,Daylight,370,261,Yes,NoIntersection,Normal,Other,COLOMBIER (RUE),M,47.420051716898776,7.417715653102349
201800025549,NonLethal,2018-10-16,13:55:00,Daylight,370,261,Yes,Other,Normal,NoCollision,DE LATTRE DE TASSIGNY (B,M,47.38098128845283,6.381975049082965
201800025550,NonLethal,2018-10-16,13:30:00,Daylight,370,122,No,NoIntersection,Normal,2Vehicles-Behind,RD 86 DE MONTS  TOURS,M,47.31169697436911,6.310773492730958
201800025551,NonLethal,2018-10-16,14:45:00,Daylight,370,261,Yes,NoIntersection,Normal,NoCollision,MAGINOT (AV. ANDRE),M,47.43961982395001,7.438313380766478
201800025553,NonLethal,2018-10-17,08:50:00,Daylight,370,208,Yes,NoIntersection,Normal,2Vehicles-Side,LAC (AVENUE DU),M,47.36634786813105,7.366639704945578
201800025554,NonLethal,2018-10-17,15:42:00,Daylight,370,122,Yes,NoIntersection,Normal,3+Vehicles-Chain,MARTYRS (RUE DES),M,47.35350856110127,6.35124455944463
201800025555,NonLethal,2018-10-17,18:41:00,Daylight,370,261,Yes,NoIntersection,Normal,2Vehicles-Side,WAGNER (BOULEVARD RICHAR,M,47.374746773027056,7.375017463806847
201800025556,NonLethal,2018-10-18,07:30:00,NightStreelightsOn,370,233,Yes,T-type,Normal,2Vehicles-Behind,PAUL (RUE MARCEL),M,47.39473958143429,7.394376483089919
201800025557,NonLethal,2018-10-18,08:25:00,Daylight,370,214,Yes,X-type,Normal,Other,BERGSON (RUE HENRI),M,47.41117153698551,6.413285145206207
201800025558,NonLethal,2018-10-18,08:40:00,Daylight,370,261,Yes,T-type,Normal,2Vehicles-Side,CHAUDRON (RUE DU),M,47.405788558436114,7.408064401678119
201800025560,NonLethal,2018-10-19,22:15:00,NightStreelightsOn,370,261,Yes,T-type,Normal,2Vehicles-Side,BERANGER (BOULEVARD),M,47.3885712091061,6.391533830270369
201800025561,NonLethal,2018-10-19,23:50:00,NightStreelightsOn,370,261,Yes,NoIntersection,Normal,Other,TANNEURS (RUE DES),M,47.39549184592808,6.394864956299664
201800025562,NonLethal,2018-10-20,19:10:00,TwilightOrDawn,370,261,Yes,Other,Normal,2Vehicles-Side,SALENGRO (RUE ROGER),M,47.3860111741533,6.386777548624597
201800025563,NonLethal,2018-10-20,11:45:00,Daylight,370,261,Yes,X-type,Normal,2Vehicles-Side,JOLIVET (RUE),M,47.39428185471506,7.393110602762345
201800025564,NonLethal,2018-10-20,12:05:00,Daylight,370,261,Yes,NoIntersection,Normal,3+Vehicles-Chain,MALRAUX (QUAI ANDRE),M,47.39576842876322,6.39721671969271
201800025565,NonLethal,2018-10-21,17:55:00,Daylight,370,261,Yes,NoIntersection,VeryGood,Other,GRAMMONT (AVENUE DE),M,47.36795030215223,6.368664745555106
201800025566,NonLethal,2018-10-22,14:25:00,Daylight,370,261,Yes,NoIntersection,Normal,Other,VAILLANT (RUE EDOUARD),M,47.38704213896208,6.389262894073489
201800025567,NonLethal,2018-10-22,13:40:00,Daylight,370,261,Yes,NoIntersection,Normal,2Vehicles-Behind,STENDHAL (AVENUE),M,47.36802206130199,7.367359950215868
201800025568,NonLethal,2018-10-22,21:00:00,NightStreelightsOn,370,261,Yes,NoIntersection,Normal,2Vehicles-BehindVehicles-Frontal,CHATEAUNEUF (PLACE),M,47.39485773867481,6.394235134066887
201800025569,NonLethal,2018-10-23,11:45:00,Daylight,370,122,No,NoIntersection,Normal,2Vehicles-Side,RD 37,M,47.33867941290347,6.340708876550286
201800025570,NonLethal,2018-10-23,14:00:00,Daylight,370,261,Yes,NoIntersection,Normal,Other,NATIONALE (RUE),M,47.39385694585245,6.39386864959189
201800025571,NonLethal,2018-10-24,14:05:00,Daylight,370,261,Yes,NoIntersection,Normal,NoCollision,HEURTELOUP (BOULEVARD),M,47.39321765343112,7.395138188017587
201800025573,NonLethal,2018-10-25,17:25:00,Daylight,370,261,Yes,X-type,Normal,2Vehicles-Side,PAS NOTRE-DAME (RUE DU),M,47.41537012809938,6.413603049356952
201800025574,NonLethal,2018-10-26,16:45:00,Daylight,370,122,Yes,T-type,Normal,2Vehicles-Side,MARTYRS (RUE DES),M,47.35950989328737,6.359809611360224
201800025575,NonLethal,2018-10-28,06:33:00,NightStreelightsOn,370,261,Yes,NoIntersection,Normal,Other,GIRAUDEAU (RUE),M,47.38754281141476,6.387312290273317
201800025576,NonLethal,2018-10-28,10:35:00,Daylight,370,261,Yes,NoIntersection,Normal,Other,VERDUN (CARREFOUR DE),M,47.37455225451262,6.373753331753058
201800025577,NonLethal,2018-10-28,17:05:00,Daylight,370,195,Yes,NoIntersection,LightRain,2Vehicles-Side,HAUTES MARCHES (RUE DES),M,47.38611902495423,6.387864422423684
201800025578,NonLethal,2018-10-28,02:20:00,NightStreelightsOn,370,233,Yes,NoIntersection,Normal,2Vehicles-BehindVehicles-Frontal,JEAN MOULIN (RUE),M,47.38400967497176,7.385890996379776
201800025579,NonLethal,2018-10-29,06:00:00,NightStreelightsOn,370,261,Yes,NoIntersection,LightRain,NoCollision,MALRAUX (QUAI ANDRE),M,47.39620686021097,7.397382322539283
201800025580,NonLethal,2018-01-11,12:50:00,Daylight,370,261,Yes,NoIntersection,Normal,NoCollision,RD 37,M,47.38823950310464,6.3889589479343565
201800025582,NonLethal,2018-11-06,18:20:00,NightStreelightsOn,370,122,Yes,X-type,HeavyRain,Other,BORDEAUX (AVENUE DE),M,47.35638286577554,6.356039102594735
201800025583,NonLethal,2018-07-11,12:30:00,Daylight,370,233,Yes,NoIntersection,Normal,3+Vehicles-Chain,POMPIDOU (AVENUE GEORGES,M,47.37799095600372,7.377134537283792
201800025585,NonLethal,2018-11-08,18:20:00,NightStreelightsOn,370,261,Yes,NoIntersection,Normal,Other,PREUILLY (BOULEVARD),M,47.395006876286125,6.391877221945418
201800025587,NonLethal,2018-11-09,21:00:00,NightStreelightsOn,370,261,Yes,NoIntersection,LightRain,2Vehicles-Behind,MAGINOT (AV. ANDRE),M,47.42402433824009,6.423822788115248
201800025588,NonLethal,2018-10-11,01:30:00,NightStreelightsOn,370,261,Yes,NoIntersection,HeavyRain,NoCollision,LAMARTINE (RUE),M,47.39215881342496,6.391763027429416
201800025589,NonLethal,2018-11-10,11:10:00,Daylight,370,261,Yes,Roundabout,HeavyRain,NoCollision,SAINT-SAUVEUR (ROND POIN,M,47.37590946388066,6.373552214397443
201800025590,NonLethal,2018-11-10,10:15:00,Daylight,370,261,Yes,Y-type,LightRain,NoCollision,POMPIDOU (AVENUE GEORGES,M,47.37165959539204,7.373650946409464
201800025592,NonLethal,2018-11-13,17:45:00,NightStreelightsOn,370,208,Yes,NoIntersection,Normal,Other,DE GAULLE (AV. DU GAL),M,47.35452715771987,7.355960522757799
201800025593,NonLethal,2018-11-13,18:10:00,NightStreelightsOn,370,261,Yes,NoIntersection,Normal,Other,STENDHAL (AVENUE),M,47.36954948594361,7.368367930961583
201800025594,NonLethal,2018-11-14,14:45:00,Daylight,370,261,Yes,X-type,Normal,Other,SALENGRO (RUE ROGER),M,47.38691484972142,6.3857283553793724
201800025595,NonLethal,2018-12-11,07:25:00,NightStreelightsOn,370,261,Yes,NoIntersection,HeavyRain,2Vehicles-Side,ARCHAMBAULT (PASSAGE),M,47.41725566045236,6.417349223706921
201800025596,NonLethal,2018-11-13,08:20:00,Daylight,370,214,Yes,NoIntersection,Normal,NoCollision,ROUZIERS (ROUTE DE),M,47.43176682721337,6.429819865436634
201800025597,NonLethal,2018-12-11,08:45:00,Daylight,370,122,No,NoIntersection,LightRain,2Vehicles-Behind,RD 37,M,47.33254185218869,6.333291744921055
201800025599,NonLethal,2018-11-15,16:30:00,Daylight,370,261,Yes,NoIntersection,Normal,2Vehicles-Side,MALRAUX (QUAI ANDRE),M,47.397560652693706,6.396037969294317
201800025600,NonLethal,2018-11-16,04:46:00,NightStreelightsOn,370,261,Yes,NoIntersection,FogOrSmoke,Other,GRAMMONT (AVENUE DE),M,47.38377943987486,6.384327467839919
201800025601,NonLethal,2018-11-16,10:25:00,Daylight,370,233,Yes,NoIntersection,Overcast,3+Vehicles-Chain,POMPIDOU (AVENUE GEORGES,M,47.38582623434657,7.38602474436026