AccidentId,Gravity,Date,Hour,Light,Department,Commune,InAgglomeration,IntersectionType,Weather,CollisionType,PostalAddress,GPSCode,Latitude,Longitude
201800025602,NonLethal,2018-11-16,12:25:00,Daylight,370,261,Yes,X-type,Normal,2Vehicles-Side,TANNEURS (RUE DES),M,47.39674434903986,6.3965644675250894
201800025603,NonLethal,2018-11-16,17:44:00,NightStreelightsOn,370,122,Yes,X-type,Normal,2Vehicles-Side,CURIE (RUE PIERRE),M,47.35752052696899,6.358275870568299
201800025604,NonLethal,2018-11-17,17:57:00,NightStreelightsOn,370,214,No,NoIntersection,Normal,2Vehicles-Side,DE GAULLE (BD CHARLES),M,47.430996300623626,6.429775885738645
201800025605,NonLethal,2018-11-20,08:45:00,TwilightOrDawn,370,122,Yes,Other,Overcast,NoCollision,LIODIERE (PARC D'ACTIVIT,M,47.32303364384193,6.322914464627396
201800025606,NonLethal,2018-11-20,14:00:00,Daylight,370,208,Yes,NoIntersection,Normal,Other,TROUSSEAU (CHU SEULEMENT,M,47.34620639627929,7.346799033342522
201800025607,NonLethal,2018-11-21,08:45:00,Daylight,370,261,Yes,NoIntersection,Normal,2Vehicles-BehindVehicles-Frontal,POMPIDOU (AVENUE GEORGES,M,47.37193078197877,7.373111745525845
201800025608,NonLethal,2018-11-20,17:10:00,TwilightOrDawn,370,261,Yes,NoIntersection,Normal,2Vehicles-Side,LAVOISIER (RUE),M,47.396479074535776,6.392805656520928
201800025610,NonLethal,2018-11-21,20:10:00,NightStreelightsOn,370,261,Yes,NoIntersection,Normal,2Vehicles-Behind,EUROPE (AVENUE DE L'),M,47.42228663920673,6.421428453798141
201800025612,NonLethal,2018-11-21,10:55:00,Daylight,370,122,Yes,NoIntersection,Normal,Other,HOUDON (RUE JEAN-ANTOINE,M,47.346692288657046,6.347144673689795
201800025613,NonLethal,2018-11-22,17:30:00,NightStreelightsOn,370,261,Yes,NoIntersection,Normal,Other,NEUVE (PLACE),M,47.38230443832605,6.383014407070567
201800025614,NonLethal,2018-11-24,12:55:00,Daylight,370,261,Yes,NoIntersection,Overcast,2Vehicles-BehindVehicles-Frontal,DASSAULT (AVENUE MARCEL),M,47.36420268039024,6.362967588926038
201800025615,NonLethal,2018-11-27,08:47:00,Daylight,370,122,No,NoIntersection,FogOrSmoke,3+Vehicles-Chain,RD 37,M,47.36306093967289,6.3644808049596975
201800025616,NonLethal,2018-11-27,18:30:00,NightStreelightsOn,370,261,Yes,NoIntersection,LightRain,2Vehicles-Behind,MARECHAL JUIN (BD),M,47.411737965056425,7.411464656463423
201800025617,NonLethal,2018-11-28,10:00:00,Daylight,370,261,Yes,NoIntersection,LightRain,NoCollision,ALOUETTE (AVENUE),M,47.361279684758046,6.363125654679547
201800025618,NonLethal,2018-11-28,12:10:00,Daylight,370,261,Yes,NoIntersection,Overcast,NoCollision,GRAMMONT (AVENUE DE),M,47.38531583734419,6.383583942899223
201800025619,NonLethal,2018-11-28,16:50:00,TwilightOrDawn,370,261,Yes,X-type,Normal,Other,DESLANDES (RUE),M,47.38507783236448,7.383538248824363
201800025620,NonLethal,2018-11-30,10:00:00,Daylight,370,261,Yes,NoIntersection,Normal,2Vehicles-Side,COLOMB (RUE CHRISTOPHE),M,47.37909572795443,7.376872715119213
201800025621,NonLethal,2018-11-30,10:35:00,Daylight,370,261,Yes,NoIntersection,Normal,2Vehicles-Side,TANNEURS (RUE DES),M,47.39784703108109,6.397292413313162
201800025622,NonLethal,2018-11-30,11:55:00,Daylight,370,122,Yes,X-type,Overcast,2Vehicles-Side,REPUBLIQUE (AVENUE DE LA,M,47.35377645424743,6.354253824158073
201800025623,NonLethal,2018-11-30,17:25:00,TwilightOrDawn,370,261,Yes,NoIntersection,Overcast,Other,VAILLANT (RUE EDOUARD),M,47.38228713417772,7.382149630084153
201800025624,NonLethal,2018-12-03,08:16:00,Daylight,370,261,No,NoIntersection,LightRain,NoCollision,ROCHETTES (CHEMIN DES),M,47.402670193118766,7.402921916783826
201800025625,NonLethal,2018-12-03,09:08:00,Daylight,370,122,Yes,NoIntersection,Overcast,3+Vehicles-Multiple,RD 37,M,47.34069895202946,6.338792355838514
201800025626,NonLethal,2018-11-30,18:15:00,NightStreelightsOn,370,122,Yes,NoIntersection,Overcast,Other,GITONNIERE (RUE DE LA),M,47.33613626236459,6.339152038095338
201800025627,NonLethal,2018-04-12,17:35:00,NightStreelightsOn,370,122,Yes,T-type,Overcast,2Vehicles-Side,JEAN JAURES,M,47.34897846097349,6.3481032830575215
201800025629,NonLethal,2018-06-12,18:00:00,NightStreelightsOff,370,261,Yes,Roundabout,Normal,2Vehicles-Behind,NOBEL (ROND-POINT ALFRED,M,47.42736810916686,7.426988692166889
201800025630,NonLethal,2018-07-12,17:00:00,NightNoStreetLight,370,261,Yes,T-type,LightRain,Other,MONT CASSIN (RUE DU),M,47.41823710337346,6.417860273535874
201800025631,NonLethal,2018-08-12,06:09:00,NightNoStreetLight,370,122,Yes,NoIntersection,Normal,2Vehicles-Side,RUE DE LA GAGNERAYE,M,47.31562133673528,6.3154553836034495
201800025632,NonLethal,2018-09-12,14:40:00,Daylight,370,261,Yes,NoIntersection,Normal,2Vehicles-Behind,GRAMMONT (AVENUE DE),M,47.38836035362011,6.389425743170531
201800025633,NonLethal,2018-12-09,19:30:00,NightStreelightsOn,370,261,Yes,NoIntersection,Normal,2Vehicles-Side,BERANGER (BOULEVARD),M,47.38850928657426,6.389350738614364
201800025634,NonLethal,2018-10-12,07:45:00,Daylight,370,214,Yes,NoIntersection,Normal,2Vehicles-Behind,LEBRUN (RUE HENRI),M,47.40329111996228,6.4026260924207286
201800025635,NonLethal,2018-12-10,15:27:00,Daylight,370,261,Yes,NoIntersection,Normal,2Vehicles-Behind,CONSTANTINE (RUE DE),M,47.398826100098105,6.397895468977181
201800025636,NonLethal,2018-12-11,07:40:00,NightNoStreetLight,370,214,Yes,NoIntersection,Normal,2Vehicles-BehindVehicles-Frontal,HUGO (RUE VICTOR),M,47.402578370013984,6.40139077822419
201800025637,NonLethal,2018-12-11,17:38:00,NightStreelightsOn,370,261,Yes,Other,Normal,2Vehicles-Side,DE GAULLE (AVENUE DU GEN,M,47.37773601396302,6.3780066736312335
201800025638,NonLethal,2018-09-12,20:25:00,NightStreelightsOn,370,261,Yes,NoIntersection,Normal,Other,VAILLANT (RUE EDOUARD),M,47.380735374709246,7.383141870484362
201800025639,NonLethal,2018-12-13,08:20:00,Daylight,370,261,Yes,NoIntersection,Normal,Other,GUERIN (RUE DU DOCTEUR),M,47.381646426946254,6.3850268667633285
201800025640,NonLethal,2018-12-13,19:45:00,NightStreelightsOn,370,122,Yes,X-type,Normal,2Vehicles-Side,CHANTEPIE (RUE DE),M,47.35222140391408,6.353235706312485
201800025641,NonLethal,2018-12-14,02:00:00,NightStreelightsOn,370,261,Yes,NoIntersection,Normal,Other,MAGINOT (AV. ANDRE),M,47.415651778107815,6.416375354631633
201800025642,NonLethal,2018-12-14,08:38:00,Daylight,370,261,Yes,X-type,Normal,2Vehicles-Side,CLUZEL (RUE DU),M,47.38229115444242,6.3815553589469936
201800025644,NonLethal,2018-12-14,21:00:00,NightStreelightsOn,370,261,Yes,X-type,Normal,2Vehicles-Side,JOLIVET (RUE),M,47.38630108979158,7.385356619167798
201800025645,NonLethal,2018-12-15,05:30:00,NightNoStreetLight,370,122,No,NoIntersection,Overcast,NoCollision,RD 37,M,47.32951233501259,6.3318450272314015
201800025646,NonLethal,2018-12-16,00:25:00,NightStreelightsOn,370,261,Yes,X-type,Overcast,2Vehicles-Side,MARECHAL JUIN (BD),M,47.42091816692804,7.42255747193333
201800025647,NonLethal,2018-12-16,09:24:00,Daylight,370,261,Yes,Roundabout,Normal,NoCollision,HEURTELOUP (BOULEVARD),M,47.39575068625226,7.394227326870267
201800025648,NonLethal,2018-12-16,09:20:00,TwilightOrDawn,370,261,No,NoIntersection,FogOrSmoke,Other,RD 37,M,47.37796292256943,6.378454498057259
201800025649,NonLethal,2018-12-16,14:45:00,Daylight,370,261,Yes,NoIntersection,Normal,Other,RENARD (RUE GEORGES),M,47.37441581765353,7.376086792782794
201800025650,NonLethal,2018-12-16,21:45:00,NightStreelightsOn,370,122,Yes,NoIntersection,LightRain,2Vehicles-Side,MARTYRS (RUE DES),M,47.3483434607716,6.349541563018429
201800025651,NonLethal,2018-12-17,21:01:00,NightStreelightsOn,370,261,Yes,NoIntersection,LightRain,NoCollision,NERICAULT DESTOUCHES (RU,M,47.39259132471663,6.393162051302637
201800025652,NonLethal,2018-12-18,14:35:00,Daylight,370,233,Yes,NoIntersection,LightRain,2Vehicles-Side,DUCLOS (AVENUE JACQUES),M,47.37876634178699,7.380258466858385
201800025653,NonLethal,2018-12-19,07:35:00,Daylight,370,122,No,NoIntersection,LightRain,3+Vehicles-Chain,RD 37,M,47.36980116542289,6.370692242089723
201800025654,NonLethal,2018-12-19,15:45:00,Daylight,370,261,Yes,NoIntersection,Normal,NoCollision,RD 37,M,47.378893530552816,6.378861767774675
201800025655,NonLethal,2018-12-20,08:41:00,Daylight,370,233,Yes,NoIntersection,Normal,Other,DUCLOS (AVENUE JACQUES),M,47.37684902160623,7.3789897121620145
201800025657,NonLethal,2018-12-20,16:15:00,Daylight,370,261,Yes,NoIntersection,HeavyRain,2Vehicles-Behind,BERT (QUAI PAUL),M,47.40218132209839,7.402966699733486
201800025658,NonLethal,2018-12-21,07:45:00,TwilightOrDawn,370,122,Yes,T-type,LightRain,2Vehicles-BehindVehicles-Frontal,KLEBER (RUE),M,47.35496619799665,6.354724483309478
201800025659,NonLethal,2018-12-21,08:17:00,TwilightOrDawn,370,233,Yes,NoIntersection,LightRain,NoCollision,COLOMBIER (RUE DU),M,47.3836768915477,7.38520562770061
201800025660,NonLethal,2018-12-21,07:50:00,NightNoStreetLight,370,122,Yes,NoIntersection,LightRain,NoCollision,RD 86 DE MONTS  TOURS,M,47.31022320262927,6.309949386494064
201800025662,NonLethal,2018-12-21,21:35:00,NightNoStreetLight,370,122,Yes,NoIntersection,LightRain,2Vehicles-Side,RD 37,M,47.3532996567175,6.354435859383573
201800025663,NonLethal,2018-12-22,13:30:00,Daylight,370,122,No,NoIntersection,Normal,NoCollision,RD 37,M,47.376890257426005,6.37650528175318
201800025664,NonLethal,2018-12-22,19:40:00,NightStreelightsOn,370,122,Yes,NoIntersection,Normal,2Vehicles-BehindVehicles-Frontal,PONT VOLANT (RUE DU),M,47.36069528003015,6.360359404451373
201800025668,NonLethal,2018-12-24,14:00:00,Daylight,370,208,Yes,Roundabout,Overcast,NoCollision,DOUMER (BOULEVARD PAUL),M,47.36601311855785,7.36697357598568
201800025671,NonLethal,2018-02-25,09:25:00,Daylight,380,53,Yes,T-type,Normal,Other,ROSIERE (CHE DE),M,45.588673570540536,5.587640613282491
201800025672,NonLethal,2018-10-04,18:14:00,Daylight,380,53,Yes,T-type,Normal,2Vehicles-BehindVehicles-Frontal,D208,M,45.59110118917455,5.59331577176544
201800025673,NonLethal,2018-04-14,16:58:00,Daylight,380,53,No,NoIntersection,Normal,2Vehicles-BehindVehicles-Frontal,D1006,M,45.5974776056544,5.596221310624191
201800025674,NonLethal,2018-04-21,00:45:00,NightStreelightsOn,380,53,Yes,NoIntersection,Normal,3+Vehicles-Chain,RUE DE LA RESIDENCE,M,45.59042901430845,5.589838203171618
201800025675,NonLethal,2018-04-13,15:17:00,Daylight,380,53,Yes,NoIntersection,Normal,Other,Rue Paul Bert,M,45.58658163828004,5.586498652356074
201800025677,NonLethal,2018-09-02,17:30:00,Daylight,380,53,Yes,NoIntersection,Normal,2Vehicles-Side,D1006,M,45.5836214910019,5.583708446065089
201800025678,NonLethal,2018-10-03,18:40:00,Daylight,380,53,Yes,Other,Normal,Other,Rue de l'Etissey,M,45.5947281274598,5.594646854444273
201800025679,Lethal,2018-11-15,20:40:00,NightStreelightsOn,380,53,Yes,T-type,Normal,2Vehicles-Side,Dl006,M,45.58501163059953,5.586181553036361
201800025680,NonLethal,2018-12-15,20:15:00,NightStreelightsOn,380,53,Yes,Roundabout,LightRain,Other,D1OO6,M,45.58628199942637,5.584826836638278
201800025681,Lethal,2018-12-28,13:50:00,Daylight,380,53,Yes,Other,Normal,2Vehicles-BehindVehicles-Frontal,D1006,M,45.59127480448475,5.59341872075767
201800025682,NonLethal,2018-01-03,10:42:00,Daylight,380,185,Yes,NoIntersection,Overcast,Other,MARCELIN BERTHELOT (AVEN,M,45.17676196492848,5.178988559358709
201800025683,NonLethal,2018-12-31,22:30:00,NightStreelightsOn,380,185,Yes,X-type,Normal,2Vehicles-Side,D1090,M,45.18209310830875,5.17833461863317
201800025684,NonLethal,2018-10-01,08:50:00,Daylight,380,151,No,X-type,Normal,2Vehicles-Side,Rue Léon Fournier,M,45.15831342036995,5.157776181246049
201800025685,NonLethal,2018-01-11,10:00:00,Daylight,380,169,Yes,X-type,Normal,Other,RUE DES ALPES,M,45.1983810085478,5.200683500507038
201800025686,NonLethal,2018-01-16,07:40:00,NightStreelightsOn,380,179,Yes,NoIntersection,LightRain,Other,Rue de la Libération,M,45.18751299610877,5.1887925257434455
201800025687,NonLethal,2018-01-17,13:15:00,Daylight,380,151,Yes,NoIntersection,LightRain,Other,Avenue de Grugliasco,M,45.15041661536955,5.149869024699167
201800025688,NonLethal,2018-01-19,14:00:00,Daylight,380,185,Yes,X-type,LightRain,Other,Rue Hébert,M,45.18962760532773,5.189664960635273
201800025689,NonLethal,2018-01-24,14:20:00,Daylight,380,185,Yes,NoIntersection,Normal,Other,Bd Maréchal Lyautey,M,45.18577430365977,5.18442418798832
201800025690,NonLethal,2018-01-25,07:30:00,NightStreelightsOn,380,169,Yes,X-type,Normal,Other,AVENUE ARISTIDE BRIAND,M,45.19226986130149,5.191579103900813
201800025693,NonLethal,2018-02-13,10:50:00,Daylight,380,169,Yes,NoIntersection,Normal,2Vehicles-Behind,"13, RUE CHARLES MICHELS",M,45.19592954162054,5.193735562995843
201800025694,NonLethal,2018-03-01,08:00:00,Daylight,380,151,Yes,NoIntersection,LightRain,Other,"117, COURS JEAN JAURES",M,45.147630143074856,5.146279348544557
201800025695,NonLethal,2018-06-03,01:10:00,NightStreelightsOn,380,185,Yes,NoIntersection,LightRain,Other,Avenue Rhin et Danube,M,45.16945492157835,5.169343792739044
201800025696,NonLethal,2018-03-09,17:00:00,Daylight,380,185,Yes,T-type,Normal,2Vehicles-Side,AVENUE ALBERT REYNIER,M,45.1668373384172,5.166649597532678
201800025697,NonLethal,2018-03-15,16:45:00,Daylight,380,185,Yes,NoIntersection,Normal,Other,Boulevard Joseph Vallier,M,45.18037567265553,5.17904839492122
201800025698,NonLethal,2018-03-22,13:22:00,Daylight,380,185,Yes,NoIntersection,Normal,Other,Avenue Rhin et Danube,M,45.16736755549166,5.169438813420388
201800025699,NonLethal,2018-03-22,17:50:00,Daylight,380,151,Yes,NoIntersection,Normal,2Vehicles-Side,"32, RUE DE COMBOIRE",M,45.14367867150732,5.143084361154492
201800025700,NonLethal,2018-03-23,15:40:00,Daylight,380,185,Yes,NoIntersection,Normal,2Vehicles-Behind,"112, AVENUE JEAN PERROT",M,45.17187413193439,5.170279253893683
201800025701,NonLethal,2018-03-24,22:08:00,NightStreelightsOn,380,185,Yes,NoIntersection,Normal,3+Vehicles-Multiple,AVENUE ALBERT REYNIER,M,45.163887690369975,5.163583394521827
201800025702,NonLethal,2018-04-06,06:30:00,NightStreelightsOn,380,185,Yes,X-type,Normal,2Vehicles-Side,RUE NICOLAS CHORIER,M,45.18591178683615,5.184642943981202
201800025703,NonLethal,2018-04-06,14:40:00,Daylight,380,516,Yes,X-type,Normal,2Vehicles-Side,QUAI YERMOLOFF,M,45.20185566610955,5.20110349993903
201800025704,NonLethal,2018-06-04,17:05:00,Daylight,380,185,Yes,NoIntersection,Normal,Other,AVENUE MARECHAL RANDON,M,45.19823850846068,5.199026928735264
201800025705,NonLethal,2018-03-30,16:29:00,Daylight,380,185,Yes,NoIntersection,LightRain,Other,Rue Raoul Blanchard,M,45.19073547275754,5.188197024915454
201800025706,NonLethal,2018-04-08,15:40:00,Daylight,380,423,Yes,NoIntersection,Normal,Other,4 RUE DU 26 MAI l944,M,45.21343941846429,5.212566369242671
201800025707,NonLethal,2018-04-10,17:45:00,Daylight,380,185,Yes,X-type,Normal,2Vehicles-Side,RUE ABBE GREGOIRE,M,45.18976421334909,5.188070397675843
201800025708,NonLethal,2018-04-18,18:05:00,Daylight,380,516,Yes,X-type,VeryGood,2Vehicles-Side,AVENUE DU GRESIVAUDAN,M,45.20628093383866,5.205083951517469
201800025709,NonLethal,2018-04-21,18:20:00,Daylight,380,185,No,NoIntersection,Normal,2Vehicles-Behind,A480,M,45.16513379551196,5.163534820923615
201800025710,NonLethal,2018-04-30,20:00:00,NightStreelightsOn,380,185,Yes,T-type,Normal,2Vehicles-Side,RUE PIERRE RUIBET,M,45.18081578931655,5.182082421770267
201800025711,NonLethal,2018-05-02,11:55:00,Daylight,380,516,Yes,NoIntersection,Normal,Other,AVENUE DU RACHAIS,M,45.1998330552656,5.201665563667687
201800025713,NonLethal,2018-05-05,09:30:00,Daylight,380,185,Yes,X-type,Normal,Other,BD JOSEPH VALLIER,M,45.1813995527217,5.178478696142525
201800025715,NonLethal,2018-05-12,18:22:00,Daylight,380,169,Yes,NoIntersection,Normal,Other,AVENUE DU VERCORS,M,45.19198320086199,5.192518241981981
201800025716,NonLethal,2018-05-06,14:30:00,Daylight,380,185,Yes,NoIntersection,Normal,Other,QUAI DE FRANCE,M,45.19269759585095,5.193725074895602
201800025717,NonLethal,2018-06-07,17:30:00,Daylight,380,169,Yes,T-type,HeavyRain,2Vehicles-Side,RUE CHARLES MICHELS,M,45.19375649931524,5.193528076345822
201800025718,NonLethal,2018-12-06,14:00:00,Daylight,380,185,Yes,NoIntersection,Normal,Other,LEON BLUM (AVENUE),M,45.16812381341992,5.169297118778241
201800025719,NonLethal,2018-06-15,14:15:00,Daylight,380,185,Yes,NoIntersection,Normal,2Vehicles-Side,AVENUE EDMOND ESMONIN,M,45.19170686448021,5.192050191453131
201800025720,NonLethal,2018-06-16,19:12:00,Daylight,380,185,Yes,X-type,Normal,2Vehicles-Side,AVENUE MARIE REYNOARD,M,45.167042565541074,5.16735312278902
201800025721,NonLethal,2018-06-29,21:00:00,Daylight,380,185,Yes,X-type,Normal,Other,Rue des Déportés du 11/1,M,45.181675509081096,5.181446214595909
201800025722,NonLethal,2018-07-01,10:10:00,Daylight,380,185,Yes,NoIntersection,Normal,2Vehicles-Behind,AVENUE D'INNSBRUCK,M,45.15665847228926,5.156572110761545
201800025723,NonLethal,2018-01-07,22:25:00,NightStreelightsOff,380,185,Yes,NoIntersection,Normal,2Vehicles-BehindVehicles-Frontal,FOCH (BOULEVARD MAL.),M,45.17958388060186,5.178235254087812
201800025724,NonLethal,2018-02-07,11:20:00,Daylight,380,185,Yes,NoIntersection,Normal,Other,AVENUE RHIN ET DANUBE,M,45.16984494570288,5.171742701823924
201800025725,NonLethal,2018-06-30,22:00:00,TwilightOrDawn,380,229,No,NoIntersection,Normal,2Vehicles-Behind,N87,M,45.19844101684723,5.197972896943138
201800025726,NonLethal,2018-03-07,16:50:00,Daylight,380,185,Yes,Roundabout,Normal,2Vehicles-Side,ROND-POINT PIERRE ET MAR,M,45.16073398979287,5.159813717498477
201800025727,NonLethal,2018-07-07,15:30:00,Daylight,380,516,No,NoIntersection,Normal,2Vehicles-Behind,D1090,M,45.20182555671756,5.1996739510491805
201800025728,NonLethal,2018-07-13,09:20:00,Daylight,380,185,Yes,X-type,Normal,2Vehicles-Side,EUGENE FAURE (RUE),M,45.18962413388646,5.190176575460181
201800025729,NonLethal,2018-07-21,02:40:00,NightStreelightsOn,380,382,No,NoIntersection,LightRain,2Vehicles-Side,Autoroute A48,M,45.32516672379031,5.322920520079161
201800025731,NonLethal,2018-07-22,07:34:00,Daylight,380,185,Yes,T-type,Normal,2Vehicles-Side,JOSEPH VALLIER (BOULEVAR,M,45.179151330481936,5.1795648556942
201800025732,NonLethal,2018-07-25,09:30:00,Daylight,380,169,Yes,X-type,Normal,Other,RUE CHARLES MICHELS,M,45.19273530322989,5.191606881095404
201800025733,NonLethal,2018-07-29,13:25:00,Daylight,380,185,Yes,X-type,Normal,2Vehicles-Side,QUAI STEPHANE JAY,M,45.19230208144169,5.192577967895974
201800025734,NonLethal,2018-07-30,06:00:00,Daylight,380,151,Yes,NoIntersection,Normal,Other,57 RUE PIERRE SEMARD,M,45.14580434138181,5.146970722549489
201800025735,NonLethal,2018-08-08,08:20:00,Daylight,380,185,Yes,X-type,Normal,2Vehicles-Side,RUE DU 19 MARS 1962,M,45.189260135912335,5.19066832691617
201800025737,NonLethal,2018-08-24,08:15:00,Daylight,380,185,Yes,NoIntersection,Normal,Other,AVENUE DE L'EUROPE,M,45.15989275537482,5.160441950018461
201800025739,NonLethal,2018-08-28,23:29:00,NightNoStreetLight,380,169,Yes,X-type,Normal,2Vehicles-BehindVehicles-Frontal,Avenue A. Croizat,M,45.19437791011247,5.195138803252998
201800025740,NonLethal,2018-08-29,10:00:00,Daylight,380,185,Yes,NoIntersection,Normal,2Vehicles-Side,RUE DES ALLIES,M,45.170266593362975,5.171074430264743
201800025742,NonLethal,2018-05-09,10:50:00,Daylight,380,185,Yes,Other,Normal,2Vehicles-BehindVehicles-Frontal,AVENUE ALBERT REYNIER,M,45.16771365961796,5.168281734358151
201800025743,NonLethal,2018-09-06,14:45:00,Daylight,380,185,Yes,Square,Normal,Other,Rue Bistesi,M,45.18353573608383,5.184571504974
201800025744,NonLethal,2018-06-09,16:35:00,Daylight,380,185,Yes,NoIntersection,Normal,Other,21 Boulevard Gambetta,M,45.18975197842701,5.188947339223394
201800025745,NonLethal,2018-09-14,13:35:00,Daylight,380,185,Yes,NoIntersection,Normal,Other,AVENUE PAUL COCAT,M,45.171583944466185,5.172084471947504
201800025746,NonLethal,2018-09-14,20:45:00,NightStreelightsOn,380,382,No,NoIntersection,Normal,2Vehicles-Behind,A 480,M,45.2048879479205,5.20469417028654
201800025747,NonLethal,2018-09-15,06:30:00,NightStreelightsOn,380,185,Yes,X-type,Normal,2Vehicles-Side,JOSEPH REY (RUE),M,45.184402387855954,5.186658065755328
201800025749,NonLethal,2018-09-18,23:15:00,NightStreelightsOn,380,185,Yes,T-type,Normal,2Vehicles-Side,RUE JOSEPH REY,M,45.18598070554247,5.186250393843073
201800025750,NonLethal,2018-09-18,11:00:00,Daylight,380,169,Yes,NoIntersection,Normal,Other,RUE MARCEL PAUL,M,45.19176177978174,5.191341985688243
201800025751,NonLethal,2018-09-22,23:50:00,NightStreelightsOn,380,185,Yes,NoIntersection,Normal,Other,PLACE GUSTAVE RIVET,M,45.182665900251656,5.182632445317305
201800025753,NonLethal,2018-09-27,23:00:00,NightStreelightsOn,380,185,Yes,X-type,Normal,2Vehicles-Side,Place Jean Achard,M,45.1892131874202,5.190092528132508
201800025754,NonLethal,2018-01-10,13:11:00,Daylight,380,185,Yes,NoIntersection,LightRain,Other,COURS DE LA LIBERATION,M,45.18010298771016,5.179144887026764
201800025755,NonLethal,2018-10-05,16:45:00,Daylight,380,185,Yes,NoIntersection,Normal,Other,LUCIEN ANDRIEUX (RUE),M,45.16279317464638,5.162147672931313
201800025756,NonLethal,2018-10-05,18:15:00,Daylight,380,185,Yes,NoIntersection,Normal,Other,BD MARECHAL JOFFRE,M,45.18325197745774,5.180786357397544
201800025758,NonLethal,2018-10-13,19:35:00,Daylight,380,185,Yes,Roundabout,Normal,2Vehicles-BehindVehicles-Frontal,AVENUE DES JEUX OLYMPIQU,M,45.17722255360712,5.175252233329121
201800025760,NonLethal,2018-10-16,09:30:00,Daylight,380,421,Yes,NoIntersection,Normal,Other,AVENUE BENOIT FRACHON,M,45.17657053902179,5.179282969550296
201800025761,NonLethal,2018-10-18,07:50:00,Daylight,380,423,No,NoIntersection,Normal,2Vehicles-BehindVehicles-Frontal,Chemin de l'Etang,M,45.20736350543323,5.20826896110159
201800025762,NonLethal,2018-10-21,04:45:00,NightStreelightsOff,380,185,Yes,NoIntersection,Normal,Other,ALLIES (RUE DES),M,45.17196656010111,5.173322796235844
201800025763,NonLethal,2018-10-27,02:20:00,NightStreelightsOn,380,185,Yes,NoIntersection,LightRain,NoCollision,PLACE DE LA RSISTANCE,M,45.206195888003926,5.207616463123725
201800025764,NonLethal,2018-02-11,18:10:00,NightStreelightsOn,380,185,Yes,X-type,LightRain,Other,RUE DES DDEPORTES,M,45.18056795170181,5.179679155121478
201800025766,NonLethal,2018-11-19,00:10:00,NightNoStreetLight,380,185,No,Other,Normal,2Vehicles-Side,A480,M,45.20768709761531,5.207989244186419
201800025767,NonLethal,2018-11-22,02:30:00,NightStreelightsOff,380,185,Yes,NoIntersection,Normal,Other,RUE DES ALLIES,M,45.1736466775713,5.173481085549764
201800025768,NonLethal,2018-11-25,21:45:00,NightStreelightsOn,380,185,Yes,NoIntersection,LightRain,2Vehicles-Side,RUE DE STALINGRAD,M,45.17785638448962,5.175975240021092
201800025769,NonLethal,2018-11-30,19:15:00,NightStreelightsOn,380,185,Yes,NoIntersection,HeavyRain,Other,RUE DE STALINGRAD,M,45.17671077753832,5.1772284225966665
201800025770,NonLethal,2018-02-12,04:50:00,NightStreelightsOff,380,185,Yes,X-type,LightRain,Other,PORTE DE FRANCE (PONT DE,M,45.19372430305969,5.193188708930396
201800025771,NonLethal,2018-12-06,01:45:00,NightStreelightsOn,380,185,Yes,X-type,Normal,2Vehicles-Side,RUE CONDILLAC,M,45.18941868621813,5.190380190132919
201800025773,NonLethal,2018-12-10,22:20:00,NightStreelightsOn,380,185,Yes,NoIntersection,LightRain,Other,RUE DES ALLIES,M,45.1695271134954,5.166600422637504
201800025774,NonLethal,2018-12-10,19:20:00,NightStreelightsOn,380,185,Yes,NoIntersection,LightRain,2Vehicles-Side,COURS JEAN JAURES,M,45.185921239294345,5.185828619651338
201800025775,NonLethal,2018-12-16,06:45:00,TwilightOrDawn,380,185,Yes,NoIntersection,Normal,2Vehicles-BehindVehicles-Frontal,AVENUE LEON BLUM,M,45.16434808549188,5.167405553422147
201800025776,NonLethal,2018-12-17,23:38:00,NightStreelightsOff,380,421,Yes,NoIntersection,Normal,Other,AV BATAILLON CARM,M,45.17956442652094,5.180790124560887
201800025777,NonLethal,2018-12-19,15:30:00,Daylight,380,421,Yes,T-type,HeavyRain,Other,RUE GEORGES SADOUL,M,45.18635542768656,5.184936649279321
201800025778,NonLethal,2018-12-20,18:40:00,TwilightOrDawn,380,185,Yes,NoIntersection,HeavyRain,3+Vehicles-Multiple,D1532,M,45.1796656813626,5.178887540800023
201800025779,NonLethal,2018-12-21,11:45:00,Daylight,380,185,Yes,NoIntersection,LightRain,2Vehicles-Side,RUE HENRI BARBUSSE,M,45.155225745616825,5.157773053429613
201800025780,NonLethal,2018-12-24,17:50:00,NightStreelightsOn,380,185,Yes,NoIntersection,LightRain,Other,FOCH (BOULEVARD MAL.),M,45.18280085282965,5.182853817622863
201800025784,NonLethal,2018-10-02,19:40:00,TwilightOrDawn,380,318,No,T-type,Normal,3+Vehicles-Multiple,RD 75,M,45.546081720144585,4.546922428474794
201800025785,NonLethal,2018-06-02,14:00:00,Daylight,380,544,Yes,NoIntersection,Normal,Other,"44, CONVENTION(RUE DE LA",M,45.540366642458,4.540850545681211
201800025786,NonLethal,2018-03-07,07:30:00,Daylight,380,544,Yes,NoIntersection,Normal,Other,"155, GENERAL LECLERC(AV)",M,45.50224886325164,4.502409574973537
201800025787,Lethal,2018-03-29,13:50:00,Daylight,380,544,No,NoIntersection,Normal,2Vehicles-BehindVehicles-Frontal,D41,M,45.52003610236413,4.519698776058932