AccidentId,Gravity,Date,Hour,Light,Department,Commune,InAgglomeration,IntersectionType,Weather,CollisionType,PostalAddress,GPSCode,Latitude,Longitude
201800025789,NonLethal,2018-04-01,17:00:00,TwilightOrDawn,380,544,Yes,NoIntersection,LightRain,2Vehicles-Behind,D41,M,45.51955079694271,4.519500016484469
201800025790,NonLethal,2018-08-04,17:25:00,Daylight,380,544,Yes,Square,Normal,2Vehicles-Side,JEU DE PAUME(PLACE DU),M,45.52681304387509,4.528050061645515
201800025791,NonLethal,2018-04-24,17:15:00,Daylight,380,318,Yes,X-type,VeryGood,2Vehicles-Side,PRAIRIE(CHEMIN DE LA),M,45.53297001279398,4.532305732157399
201800025792,NonLethal,2018-04-22,20:40:00,TwilightOrDawn,380,544,Yes,NoIntersection,Normal,Other,RHONE(BOULEVARD DU),M,45.544969502250765,4.543553535770103
201800025793,NonLethal,2018-02-02,18:45:00,Daylight,380,544,Yes,NoIntersection,Normal,2Vehicles-Side,ST LOUIS(PLACE),M,45.52746471811801,4.529694006182365
201800025794,NonLethal,2018-01-28,17:00:00,Daylight,380,544,Yes,NoIntersection,Normal,2Vehicles-Behind,"7, GERE(RUE DE)",M,45.52878123937907,4.530560657809561
201800025795,Lethal,2018-06-03,14:59:00,Daylight,380,318,No,NoIntersection,Normal,2Vehicles-BehindVehicles-Frontal,D75C,M,45.53553584772671,4.535513001445752
201800025796,NonLethal,2018-05-01,16:15:00,Daylight,380,544,Yes,T-type,Normal,2Vehicles-BehindVehicles-Frontal,BERTHELOT(AV),M,45.54026204539943,4.54076121008384
201800025797,NonLethal,2018-05-21,17:00:00,Daylight,380,544,Yes,NoIntersection,Normal,Other,ALBERT THOMAS(RUE),M,45.52819765406684,4.529364131221925
201800025798,NonLethal,2018-05-28,11:08:00,Daylight,380,544,Yes,NoIntersection,LightRain,Other,JEAN JAURES(QUAI),M,45.524747768532855,4.525362217273239
201800025799,NonLethal,2018-04-13,17:30:00,Daylight,380,544,Yes,Other,Normal,Other,MIREMONT(PLACE DE),M,45.52355509882453,4.524549486192038
201800025800,NonLethal,2018-04-07,19:10:00,Daylight,380,544,Yes,NoIntersection,Normal,Other,ALBERT THOMAS(RUE),M,45.52699797891022,4.526738505340136
201800025801,NonLethal,2018-07-07,10:50:00,Daylight,380,544,Yes,Y-type,Normal,2Vehicles-Side,GUILLEMOTTES(RUE DES),M,45.53601398820405,4.5347485783584
201800025802,NonLethal,2018-06-06,17:10:00,Daylight,380,544,Yes,NoIntersection,Normal,2Vehicles-Side,Dl007,M,45.51935299750503,4.519991927168598
201800025803,NonLethal,2018-05-31,16:10:00,Daylight,380,544,Yes,NoIntersection,Normal,Other,Place Camille Jouffay,M,45.51997026356989,4.52105252241311
201800025804,NonLethal,2018-06-19,15:12:00,Daylight,380,544,Yes,NoIntersection,Normal,2Vehicles-Side,RUE EMILE ROMANET,M,45.52066430068587,4.5228637685728845
201800025805,NonLethal,2018-11-08,22:56:00,NightStreelightsOn,380,318,Yes,NoIntersection,Normal,Other,LUCIEN MAGNAT(MONTEE),M,45.52931941059545,4.529054680479575
201800025806,Lethal,2018-09-15,12:40:00,Daylight,380,544,Yes,NoIntersection,Normal,Other,Cours Brillier,M,45.52295025675646,4.522881928902661
201800025807,NonLethal,2018-09-21,16:30:00,Daylight,380,544,No,Roundabout,Normal,2Vehicles-Behind,GEORGE POMPIDOU(BOULEVAR,M,,
201800025808,NonLethal,2018-10-07,15:05:00,Daylight,380,544,No,NoIntersection,Normal,2Vehicles-Side,D41,M,45.516717219572186,4.51713113679292
201800025809,NonLethal,2018-10-16,10:50:00,Daylight,380,544,Yes,NoIntersection,Normal,3+Vehicles-Chain,D41,M,45.517890781343965,4.518990799970014
201800025812,NonLethal,2018-05-12,12:10:00,Daylight,380,318,Yes,NoIntersection,Normal,Other,RUE LOUIS LEYDIER,M,45.52717051042887,4.529348761357936
201800025813,NonLethal,2018-12-11,18:26:00,NightStreelightsOn,380,544,Yes,NoIntersection,Normal,2Vehicles-Side,GENERAL LECLERC(AV),M,45.5053555549784,4.503906296438538
201800025815,NonLethal,2018-08-02,16:38:00,Daylight,380,563,Yes,Y-type,Normal,Other,BOUVERIE (RUE DE LA),M,45.366366389142925,5.367184403913938
201800025816,NonLethal,2018-06-08,19:50:00,Daylight,380,563,Yes,NoIntersection,HeavyRain,3+Vehicles-Chain,HUIT-MAI 1945 (AVENUE DU,M,45.376177717786966,5.377748136887352
201800025817,NonLethal,2018-06-23,05:50:00,TwilightOrDawn,380,563,No,Roundabout,Normal,2Vehicles-Side,D1076,M,45.37854496890829,5.3788497958656905
201800025818,NonLethal,2018-12-17,10:51:00,Daylight,380,563,Yes,Roundabout,Normal,Other,BD DENFERT ROCHEREAU,M,45.362140857388994,5.361898255026598
201800025819,Lethal,2018-02-21,18:25:00,NightStreelightsOn,390,150,No,Y-type,Normal,2Vehicles-BehindVehicles-Frontal,,M,47.06050282425301,5.059854036233678
201800025820,NonLethal,2018-12-31,10:25:00,Daylight,390,198,No,Y-type,Normal,2Vehicles-Side,,M,47.08237026877361,5.0821022939124045
201800025821,NonLethal,2018-05-04,11:35:00,Daylight,390,198,Yes,Roundabout,VeryGood,Other,Place Jules Grévy,M,47.09529334878277,5.096567158476233
201800025822,NonLethal,2018-05-25,10:45:00,Daylight,390,150,No,NoIntersection,Normal,Other,,M,47.06787613911901,5.068358184220112
201800025823,NonLethal,2018-08-06,20:35:00,Daylight,390,198,Yes,NoIntersection,Normal,Other,,M,47.08449776211727,5.082758805174863
201800025824,NonLethal,2018-11-21,18:05:00,TwilightOrDawn,390,198,Yes,NoIntersection,Normal,2Vehicles-Side,8 Bd Président Wilson,M,47.09873510754032,5.0973990342176085
201800025825,NonLethal,2018-09-27,17:00:00,Daylight,390,198,Yes,NoIntersection,Normal,Other,JOUHAUX (AVENUE LEON) N,M,46.9996892838789,4.999500809800484
201800025826,NonLethal,2018-09-01,12:20:00,Daylight,390,198,Yes,Roundabout,Normal,2Vehicles-Side,,M,47.08883082294518,5.08887024457673
201800025827,NonLethal,2018-08-01,14:20:00,Daylight,390,567,Yes,NoIntersection,Normal,2Vehicles-BehindVehicles-Frontal,,M,46.6954468598355,5.693626388021369
201800025828,NonLethal,2018-03-13,19:15:00,NightStreelightsOn,390,300,Yes,Y-type,HeavyRain,Other,Carrefour Libération,M,46.67450786535464,5.67221881295051
201800025829,NonLethal,2018-09-14,14:30:00,Daylight,390,300,Yes,T-type,Normal,2Vehicles-BehindVehicles-Frontal,,M,46.68618398273569,5.685322099388654
201800025830,NonLethal,2018-11-01,18:39:00,NightStreelightsOn,390,300,Yes,T-type,HeavyRain,2Vehicles-Side,Carref. R.Pergaud/Ragmey,M,46.6806011910094,5.683141484700257
201800025831,NonLethal,2018-12-07,19:25:00,NightStreelightsOn,390,300,Yes,NoIntersection,LightRain,Other,395 Avenue Paul Seguin,M,46.676426374291545,5.676351066408498
201800025833,NonLethal,2018-01-05,18:55:00,NightStreelightsOn,400,88,Yes,T-type,LightRain,2Vehicles-Side,"., LAHARGOU (RUE PAUL)",M,43.69728770010646,-0.697813423288518
201800025835,NonLethal,2018-02-04,17:35:00,Daylight,400,88,Yes,NoIntersection,Normal,Other,TANNERIE (RUE DE LA),M,43.71349383537104,-0.7151490163800567
201800025836,NonLethal,2018-04-23,18:40:00,Daylight,400,279,Yes,X-type,Normal,2Vehicles-Side,VINGT DEUX AOUT 1944 (RU,M,43.73454169660617,-0.7367223838901121
201800025837,NonLethal,2018-04-26,04:40:00,NightStreelightsOff,400,88,Yes,X-type,Normal,2Vehicles-Behind,ASPREMONT (RUE D'),M,43.692831748670464,-0.6947156357126849
201800025838,NonLethal,2018-07-07,13:35:00,Daylight,400,279,No,Roundabout,Normal,2Vehicles-Side,CD 129 - ROUTE DE MONT D,M,43.73896420506267,-0.7379958882872234
201800025839,NonLethal,2018-09-13,15:50:00,Daylight,400,88,Yes,T-type,Normal,2Vehicles-Side,PLANTE (AVE FRANCIS),M,43.70088397161855,-0.7036567214809608
201800025840,NonLethal,2018-05-12,13:25:00,Daylight,400,279,Yes,NoIntersection,Normal,2Vehicles-BehindVehicles-Frontal,route des BARTHES,M,43.71402860940735,-0.7126427498605477
201800025841,Lethal,2018-12-19,07:30:00,NightStreelightsOn,400,88,Yes,NoIntersection,Normal,2Vehicles-Behind,MANOIR (BOULEVARD YVES D,M,43.71206151047434,-0.7139427974782546
201800025842,NonLethal,2018-12-27,16:08:00,Daylight,400,88,Yes,T-type,Normal,2Vehicles-Side,ASPREMONT (RUE D') (AV G,M,43.70259360410524,-0.7022665848516846
201800025843,NonLethal,2018-01-26,10:22:00,Daylight,400,192,Yes,NoIntersection,Normal,Other,FARBOS (AV HENRI),M,43.89325902375666,-0.8933664512399664
201800025844,NonLethal,2018-10-02,18:10:00,Daylight,400,192,Yes,NoIntersection,Normal,2Vehicles-Side,CANENX (AV DE) R.D. 53,M,43.90214545205918,-0.9011894271187516
201800025846,NonLethal,2018-02-13,08:30:00,Daylight,400,281,Yes,T-type,Normal,2Vehicles-Side,KENNEDY (AV DU PDT. JOHN,M,43.87889345845902,-0.8784937168740214
201800025848,NonLethal,2018-03-04,10:15:00,Daylight,400,192,Yes,NoIntersection,Normal,Other,40 PEYROUAT (RUE DU),M,43.902368088162405,-0.9001932473806553
201800025849,NonLethal,2018-09-03,14:05:00,Daylight,400,192,Yes,NoIntersection,Normal,2Vehicles-Side,Chemin du BARADE,M,43.89685900382364,-0.8967087347189017
201800025850,NonLethal,2018-03-14,11:10:00,Daylight,400,281,Yes,T-type,Normal,2Vehicles-Side,KENNEDY (AV DU PDT. JOHN,M,43.8736360213006,-0.8726470432140886
201800025851,NonLethal,2018-04-17,17:25:00,Daylight,400,192,Yes,Other,Normal,2Vehicles-Side,DUNANT (RUE HENRI),M,43.89991364483106,-0.8990110710227953
201800025852,Lethal,2018-04-26,21:25:00,TwilightOrDawn,400,192,Yes,T-type,Normal,2Vehicles-Side,JUIN (V DU MARECHAL),M,43.91241785293269,-0.9100595378246094
201800025853,NonLethal,2018-04-30,17:25:00,Daylight,400,281,Yes,NoIntersection,Normal,2Vehicles-Side,SAINT-SEVER (AV DE),M,43.87781472164731,-0.8768676446369482
201800025855,NonLethal,2018-06-17,01:05:00,NightStreelightsOn,400,192,Yes,NoIntersection,Normal,NoCollision,PONT DES DROITS DE L'HOM,M,43.89015838491017,-0.8916038395009438
201800025857,NonLethal,2018-07-06,14:20:00,Daylight,400,281,No,NoIntersection,Normal,2Vehicles-BehindVehicles-Frontal,ROCADE OUEST (RN 124),M,43.90422972660589,-0.9041937883479184
201800025858,NonLethal,2018-06-25,23:05:00,NightStreelightsOn,400,192,Yes,T-type,Normal,2Vehicles-BehindVehicles-Frontal,PIERRE MENDES FRANCE (AV,M,43.893100415079466,-0.8915125042479396
201800025859,NonLethal,2018-07-25,23:05:00,NightStreelightsOn,400,192,Yes,NoIntersection,Normal,NoCollision,JUIN (V DU MARECHAL),M,43.89719313147123,-0.8988551718806737
201800025860,NonLethal,2018-08-17,14:20:00,Daylight,400,192,Yes,Roundabout,Normal,Other,CLEMENCEAU (AV GEORGES),M,43.88491113383559,-0.886375549457205
201800025861,NonLethal,2018-09-11,09:20:00,Daylight,400,192,Yes,NoIntersection,Normal,Other,BROUCHET (ALLEES),M,43.89016355577812,-0.889763932084563
201800025862,NonLethal,2018-09-09,16:08:00,Daylight,400,192,Yes,NoIntersection,Normal,2Vehicles-Behind,LORRAINE (RUE D'ALSACE),M,43.88886091699053,-0.8875853093196739
201800025863,NonLethal,2018-09-25,10:30:00,Daylight,400,192,Yes,T-type,Normal,2Vehicles-BehindVehicles-Frontal,VIGNAU (AV DU),M,43.87814710862082,-0.8790085339669952
201800025864,NonLethal,2018-09-27,07:30:00,TwilightOrDawn,400,192,No,Roundabout,Normal,NoCollision,ROCADE EST (RD 932 E),M,43.87474921683729,-0.8743421803553313
201800025865,NonLethal,2018-10-01,16:25:00,Daylight,400,192,Yes,NoIntersection,Normal,Other,BASTIAT (RUE FREDERIC),M,43.89074847656555,-0.8906573547658064
201800025866,NonLethal,2018-11-14,18:15:00,NightStreelightsOn,400,192,Yes,X-type,Normal,2Vehicles-BehindVehicles-Frontal,VERT (BD DU CHEMIN),M,43.888587708511935,-0.8897457061956808
201800025867,NonLethal,2018-11-19,03:40:00,NightStreelightsOn,400,192,Yes,T-type,Normal,2Vehicles-Side,KENNEDY (AV DU PRESIDENT,M,43.885863183993386,-0.8854511395402465
201800025868,NonLethal,2018-11-17,11:20:00,Daylight,400,192,Yes,T-type,Normal,2Vehicles-Side,VIGNAU (AV DU),M,43.87850127449702,-0.8802081524796033
201800025869,NonLethal,2018-01-01,06:30:00,NightStreelightsOn,410,18,Yes,NoIntersection,Normal,Other,"16 bis, RIFFAULT (RUE EU",M,47.59204286681621,1.59094274257935
201800025870,Lethal,2018-01-09,16:56:00,Daylight,410,18,No,NoIntersection,LightRain,2Vehicles-BehindVehicles-Frontal,RD 952,M,47.55573811198294,1.554983542750375
201800025871,NonLethal,2018-01-14,20:00:00,NightStreelightsOn,410,18,Yes,NoIntersection,Normal,Other,"45, LECLERC (AVENUE DU M",M,47.595225694815575,1.5954606145695462
201800025874,NonLethal,2018-01-20,17:30:00,NightStreelightsOn,410,18,Yes,NoIntersection,LightRain,2Vehicles-Side,PERVENCHES (RUE DES),M,47.58608048283998,1.5888573426828367
201800025875,NonLethal,2018-01-22,09:30:00,Daylight,410,295,Yes,NoIntersection,LightRain,2Vehicles-Side,RUE PIERRE GILLES DE GEN,M,47.57097312770407,1.5733708257131027
201800025876,NonLethal,2018-02-05,16:15:00,Daylight,410,295,No,NoIntersection,Overcast,NoCollision,D951,M,47.5924474983969,1.5924793389520506
201800025877,Lethal,2018-05-02,08:30:00,Daylight,410,18,Yes,NoIntersection,Normal,Other,"111, MAUNOURY (AVENUE DE",M,47.59927393845298,1.5992647123511652
201800025878,NonLethal,2018-01-23,18:55:00,NightStreelightsOn,410,18,Yes,NoIntersection,LightRain,2Vehicles-BehindVehicles-Frontal,BEGON (RUE MICHEL )  SAU,M,47.59539700019347,1.5950310215298975
201800025879,NonLethal,2018-02-14,07:35:00,TwilightOrDawn,410,18,Yes,NoIntersection,Normal,2Vehicles-Side,"19, SAINT LUBIN (ROUTE)",M,47.599685345403806,1.6010911669396304
201800025880,NonLethal,2018-03-03,19:40:00,NightStreelightsOn,410,18,Yes,NoIntersection,Normal,2Vehicles-Side,"96, FRANCE (AVENUE DE)",M,47.5910804840626,1.590025922189366
201800025881,NonLethal,2018-03-17,15:20:00,Daylight,410,18,Yes,NoIntersection,Normal,2Vehicles-Side,JOSEPH PAUL BONCOUR (RON,M,47.57492173008604,1.57606576851216
201800025882,NonLethal,2018-03-13,10:06:00,Daylight,410,18,Yes,NoIntersection,Normal,2Vehicles-Behind,MAUNOURY (AVENUE DE MARE,M,47.59434951155556,1.5967769874050644
201800025883,NonLethal,2018-03-29,14:40:00,Daylight,410,18,Yes,NoIntersection,Normal,2Vehicles-Side,DUPUIS (BOULEVARD DANIEL,M,47.58101293261431,1.5801331143844484
201800025884,NonLethal,2018-04-01,10:20:00,Daylight,410,18,Yes,NoIntersection,Normal,NoCollision,MEDICIS (ROND POINT),M,47.58363150346928,1.5829075138420838
201800025885,NonLethal,2018-04-03,15:40:00,Daylight,410,18,Yes,NoIntersection,Normal,Other,VALIN DE LA VAISSIERE (S,M,47.58491870612615,1.5844980008912946
201800025886,NonLethal,2018-04-16,17:55:00,Daylight,410,18,Yes,NoIntersection,Normal,2Vehicles-Behind,INDUSTRIE (BOULEVARD DE,M,47.6016997195351,1.6018304969910009
201800025887,NonLethal,2018-04-17,13:15:00,Daylight,410,18,Yes,NoIntersection,Normal,2Vehicles-Side,BOULLE (RUE ANDRE),M,47.60664149577989,1.6084765625966302
201800025888,NonLethal,2018-04-19,14:50:00,Daylight,410,18,Yes,Roundabout,Normal,2Vehicles-Side,WILSON (ROND POINT PRESI,M,47.577895770211896,1.5763852112931636
201800025889,NonLethal,2018-04-22,21:30:00,NightNoStreetLight,410,18,Yes,NoIntersection,Normal,Other,BRANLY (RUE EDOUARD),M,47.58663327316569,1.5881640532172216
201800025890,NonLethal,2018-04-30,17:30:00,Daylight,410,18,Yes,NoIntersection,Normal,2Vehicles-BehindVehicles-Frontal,BESNARD (QUAI ULYSSE),M,47.57823967791632,1.5766799578139457
201800025891,NonLethal,2018-05-03,17:10:00,Daylight,410,18,Yes,T-type,Normal,2Vehicles-Side,VERDUN (AVENUE DE),M,47.58945569079923,1.5888556852913256
201800025892,NonLethal,2018-05-04,13:40:00,Daylight,410,47,Yes,NoIntersection,Normal,3+Vehicles-Chain,CHAMPLOUET (RUE DE),M,47.61540402727924,1.6163398592606562
201800025894,NonLethal,2018-05-17,05:50:00,TwilightOrDawn,410,18,Yes,NoIntersection,Normal,NoCollision,MAUNOURY (AVENUE DE MARE,M,47.59913753845525,1.5982389635432686
201800025895,NonLethal,2018-05-16,16:20:00,Daylight,410,18,Yes,NoIntersection,Normal,Other,BEGON (RUE MICHEL)  Nø I,M,47.59309288461655,1.5928126663398263
201800025896,NonLethal,2018-05-22,08:20:00,Daylight,410,18,Yes,NoIntersection,Normal,Other,CHATEAU-RENAULT (ROUTE D,M,47.58441618064676,1.5830836432432207
201800025897,NonLethal,2018-05-25,17:28:00,Daylight,410,47,Yes,NoIntersection,HeavyRain,Other,N152,M,47.60969090086064,1.6084055145158551
201800025898,NonLethal,2018-05-31,00:05:00,NightNoStreetLight,410,212,No,NoIntersection,Normal,Other,RD 923,M,47.560607222233855,1.5602860775310172
201800025899,NonLethal,2018-06-01,09:55:00,Daylight,410,47,Yes,Roundabout,Normal,2Vehicles-Side,RD 2152,M,47.60923223575309,1.6076136705295914
201800025900,NonLethal,2018-06-06,17:45:00,Daylight,410,18,Yes,NoIntersection,Normal,2Vehicles-Behind,SCHUMAN (AVENUE ROBERT),M,47.60505690348761,1.6035253461019303
201800025901,NonLethal,2018-06-09,13:10:00,Daylight,410,295,Yes,NoIntersection,Normal,2Vehicles-Side,MONTESQUIEU (RUE),M,47.58508654057089,1.5831108983500228
201800025902,NonLethal,2018-06-21,15:05:00,Daylight,410,295,Yes,NoIntersection,Normal,3+Vehicles-Multiple,CHEMIN DES ROCHES,M,47.50664753049152,1.507193024125159
201800025903,NonLethal,2018-06-29,15:00:00,Daylight,410,212,Yes,Roundabout,Normal,NoCollision,PATTE D'OIE (rond point),M,47.56157706602597,1.561614150857079
201800025904,NonLethal,2018-03-07,18:05:00,Daylight,410,212,No,NoIntersection,Normal,2Vehicles-Behind,RD 956,M,47.56900686124839,1.5672634367008456
201800025906,NonLethal,2018-07-06,00:01:00,NightNoStreetLight,410,212,Yes,NoIntersection,LightRain,NoCollision,SEUR (ALLEE DE),M,47.55842424842078,1.5594526716822747
201800025907,NonLethal,2018-10-07,14:47:00,Daylight,410,18,Yes,NoIntersection,Normal,Other,PAPIN (RUE DENIS),M,47.58429524772569,1.5865554174486705
201800025908,NonLethal,2018-07-17,14:20:00,Daylight,410,212,Yes,NoIntersection,Normal,Other,FOUGERETS (RUE DES),M,47.56791648342645,1.5660641783362346
201800025909,NonLethal,2018-09-08,10:10:00,Daylight,410,18,Yes,NoIntersection,LightRain,NoCollision,BRETAGNE (RUE ANNE DE),M,47.58614294011969,1.5862764250374162
201800025910,NonLethal,2018-08-20,18:55:00,Daylight,410,18,Yes,NoIntersection,Normal,2Vehicles-Behind,VENDOME (AVENUE DE),M,47.5970975121804,1.5967060635291404
201800025911,NonLethal,2018-08-23,18:20:00,Daylight,410,18,Yes,NoIntersection,Normal,2Vehicles-Behind,GAMBETTA (AVENUE),M,47.58330771403361,1.5852724367492907
201800025912,NonLethal,2018-08-25,06:20:00,TwilightOrDawn,410,18,Yes,X-type,Normal,2Vehicles-Side,VENDOME (AVENUE DE),M,47.5990116358518,1.600313808682389
201800025913,NonLethal,2018-09-10,06:35:00,NightStreelightsOn,410,18,Yes,NoIntersection,Normal,2Vehicles-Side,MAUNOURY (AVENUE DE MARE,M,47.59919247723324,1.5979937466853094
201800025916,NonLethal,2018-09-22,19:30:00,TwilightOrDawn,410,47,Yes,NoIntersection,Normal,Other,POSTE (RUE DE LA),M,47.61283099277387,1.612284601474224
201800025917,NonLethal,2018-09-27,17:30:00,Daylight,410,18,Yes,Other,Normal,Other,VENDOME (AVENUE DE),M,47.59958474142855,1.5979671875848034
201800025918,Lethal,2018-09-28,21:30:00,NightNoStreetLight,410,18,Yes,NoIntersection,Normal,NoCollision,GENTIL (BOULEVARD RENE),M,47.57891000126028,1.580733766069409
201800025920,Lethal,2018-10-12,17:25:00,Daylight,410,295,Yes,NoIntersection,Normal,2Vehicles-BehindVehicles-Frontal,VALERY (avenue Paul),M,47.58503128147022,1.584148973161929
201800025921,NonLethal,2018-10-17,22:30:00,NightStreelightsOn,410,18,Yes,NoIntersection,Normal,Other,PONT JACQUES GABRIEL,M,47.58641915418412,1.585475240602539
201800025922,NonLethal,2018-10-23,18:10:00,Daylight,410,212,Yes,T-type,Normal,2Vehicles-Behind,RD 956,M,47.57304703931364,1.5717275911969504
201800025924,NonLethal,2018-11-07,12:55:00,Daylight,410,18,Yes,NoIntersection,LightRain,2Vehicles-Behind,GALLOIS (RUE),M,47.58820266957136,1.5884414020758022
201800025926,NonLethal,2018-10-11,14:40:00,Daylight,410,295,Yes,NoIntersection,LightRain,2Vehicles-BehindVehicles-Frontal,rue (Paul) Verlaine,M,47.58063926730084,1.5816932585424377
201800025927,NonLethal,2018-11-18,17:00:00,Daylight,410,47,Yes,NoIntersection,Normal,Other,RD 2152,M,47.605015907194215,1.604930799577308
201800025928,NonLethal,2018-11-20,19:08:00,NightStreelightsOn,410,18,Yes,NoIntersection,Normal,2Vehicles-Side,BOURG NEUF (RUE DU),M,47.593165600180896,1.595818739632817
201800025930,NonLethal,2018-06-12,14:50:00,Daylight,410,18,Yes,NoIntersection,LightRain,2Vehicles-Behind,MOULIN (RUE JEAN),M,47.58671406067858,1.58815295599492
201800025931,NonLethal,2018-12-19,08:00:00,TwilightOrDawn,410,18,Yes,NoIntersection,LightRain,NoCollision,VEZIN (RUE ALEXANDRE),M,47.6062502481814,1.6083367990160644
201800025932,NonLethal,2018-12-22,19:00:00,NightNoStreetLight,410,18,Yes,NoIntersection,Normal,3+Vehicles-Chain,BRIAND (QUAI ARISTIDE),M,47.57782283873929,1.5759631561514569
201800025933,NonLethal,2018-01-12,20:25:00,NightNoStreetLight,410,269,Yes,NoIntersection,Normal,Other,"19, TOURS (ROUTE DE)",M,47.78168707957855,1.7817662163501908
201800025934,NonLethal,2018-04-26,08:35:00,Daylight,410,269,No,NoIntersection,Normal,2Vehicles-Behind,BLOIS (ROUTE DE),M,47.76102156493932,1.760216081917071
201800025935,NonLethal,2018-02-06,14:20:00,Daylight,410,269,Yes,T-type,Normal,2Vehicles-Side,MAILLETTES (RUE DES),M,47.80867230394462,1.80928477932498
201800025936,NonLethal,2018-07-24,11:20:00,Daylight,410,269,Yes,NoIntersection,Normal,2Vehicles-Side,TUILERIE (ENTRE MAILLETT,M,47.806675021811806,1.80711879071946
201800025937,Lethal,2018-07-15,07:35:00,Daylight,410,158,Yes,NoIntersection,Normal,Other,MONTAIGU (RUE DE),M,47.78142766837568,1.7820065458230494
201800025938,NonLethal,2018-03-09,12:30:00,Daylight,420,95,Yes,NoIntersection,Normal,Other,"24, JAURES (RUE JEAN)",M,45.39066631730991,4.390860061304992
201800025939,NonLethal,2018-07-28,14:00:00,Daylight,420,99,Yes,NoIntersection,Other,Other,GIRARDS (ROUTE DES),M,45.39333153237983,4.39266859422396
201800025940,Lethal,2018-08-08,09:15:00,Daylight,420,44,Yes,T-type,Normal,2Vehicles-Side,REPUBLIQUE (RUE DE LA),M,45.395104910288616,4.397275253982528
201800025941,NonLethal,2018-08-20,18:10:00,Daylight,420,183,Yes,Other,Normal,2Vehicles-Side,GAMBETTA (RUE),M,45.40731761974758,4.406085163979898
201800025942,NonLethal,2018-09-01,21:14:00,NightStreelightsOn,420,95,Yes,Other,Normal,2Vehicles-Side,RD 88,M,45.39350809975426,4.3922491897998
201800025943,NonLethal,2018-08-04,16:00:00,Daylight,420,316,Yes,NoIntersection,Normal,2Vehicles-Behind,RD3,M,45.40503915465638,4.407515352797583
201800025944,NonLethal,2018-10-11,14:58:00,Daylight,420,95,Yes,NoIntersection,Normal,Other,VERDIE (RUE),M,45.39093451240389,4.38909953367287
201800025945,NonLethal,2018-10-16,06:40:00,NightNoStreetLight,420,44,Yes,Y-type,Normal,Other,DASSAULT (RUE MARCEL),M,45.39493426865265,4.394348356971883
201800025946,NonLethal,2018-10-16,15:15:00,Daylight,420,183,No,Other,Normal,2Vehicles-Side,BERAUDIERE (RUE DE LA),M,45.40902436589804,4.4078635281338805
201800025947,NonLethal,2018-10-18,16:00:00,Daylight,420,270,Yes,NoIntersection,Normal,Other,PEPINIERES (ALLEE DES),M,45.39427173844183,4.393602835312103
201800025948,NonLethal,2018-10-03,19:20:00,TwilightOrDawn,420,95,Yes,Roundabout,Normal,Other,,M,45.38465291803962,4.385215160610984
201800025950,NonLethal,2018-11-05,22:30:00,NightStreelightsOn,420,95,Yes,NoIntersection,Normal,Other,ALCAZAR (RUE DE L'),M,45.39618929774564,4.395333257537673
201800025952,NonLethal,2018-11-23,16:30:00,Daylight,420,31,Yes,NoIntersection,Normal,NoCollision,RD 3,M,45.4064626669494,4.406195572082394
201800025953,NonLethal,2018-11-30,10:00:00,Daylight,420,316,No,NoIntersection,LightRain,NoCollision,RD25-1,M,45.41185123750815,4.411645471717794
201800025955,NonLethal,2018-12-10,12:55:00,Daylight,420,95,Yes,NoIntersection,Overcast,2Vehicles-Behind,GARE AVENUE DE LA,M,45.38965429540984,4.390870102784153
201800025957,NonLethal,2018-12-20,15:00:00,Daylight,420,316,Yes,NoIntersection,LightRain,2Vehicles-Side,RD 3,M,45.39648332480719,4.396552451667728
201800025958,NonLethal,2018-12-21,19:30:00,NightStreelightsOn,420,316,Yes,T-type,Normal,2Vehicles-Side,RD 25,M,45.40049447751656,4.400227696017706
201800025959,NonLethal,2018-01-18,08:30:00,TwilightOrDawn,420,170,No,NoIntersection,Overcast,NoCollision,R.D 504,M,46.03977323133447,4.039309797688733
201800025960,NonLethal,2018-01-22,18:13:00,NightStreelightsOn,420,71,Yes,T-type,Normal,Other,GUERINS (RUE DES),M,46.01412859461983,4.014153765683024
201800025961,NonLethal,2018-01-24,09:35:00,Daylight,420,127,No,NoIntersection,Normal,3+Vehicles-Multiple,"0, CHARLES DE GAULLE(AV",M,46.08055882731366,4.080803860963638
201800025962,NonLethal,2018-01-25,13:15:00,Daylight,420,187,Yes,Square,Normal,Other,"24, SALENGRO (RUE ROGER)",M,46.036389875089,4.0395112239219175
201800025963,NonLethal,2018-01-26,10:30:00,Daylight,420,71,Yes,NoIntersection,LightRain,2Vehicles-Side,"0, PINAY (RUE ANTOINE)",M,46.00875571306448,4.009579117846595
201800025964,NonLethal,2018-01-26,16:45:00,Daylight,420,127,Yes,NoIntersection,LightRain,3+Vehicles-Chain,"2, CHARLES DE GAULLE(AV)",M,46.08176641184534,4.081646699313089
201800025965,NonLethal,2018-01-29,11:00:00,Daylight,420,187,Yes,NoIntersection,LightRain,Other,"l04, MULSANT (RUE)",M,46.04028456273058,4.03843721157321
201800025966,NonLethal,2018-01-30,07:55:00,TwilightOrDawn,420,127,No,NoIntersection,Overcast,3+Vehicles-Chain,Route nationale 7,M,46.07355971063717,4.073112528322969
201800025967,NonLethal,2018-01-02,17:00:00,Daylight,420,187,Yes,NoIntersection,LightRain,2Vehicles-Side,"0, CHARLIEU (RUE DE )",M,46.06744112710608,4.065888588766859
201800025968,NonLethal,2018-02-03,19:50:00,NightStreelightsOn,420,187,Yes,X-type,Overcast,2Vehicles-Side,RUE ROUSSEAU/BERANGER,M,46.039608678623175,4.038903173839013