AccidentId,Gravity,Date,Hour,Light,Department,Commune,InAgglomeration,IntersectionType,Weather,CollisionType,PostalAddress,GPSCode,Latitude,Longitude
201800025969,NonLethal,2018-05-02,08:05:00,Daylight,420,71,Yes,X-type,SnowOrHail,2Vehicles-Side,"0, VAUBAN (RUE)",M,46.02399948671624,4.0263070040565
201800025970,NonLethal,2018-06-02,16:34:00,Daylight,420,187,No,NoIntersection,SnowOrHail,Other,"73, VERDUN (PLACE DE )",M,46.03582138588476,4.038309379628842
201800025971,NonLethal,2018-07-02,12:25:00,Daylight,420,71,Yes,NoIntersection,SnowOrHail,2Vehicles-Behind,CARNOT (RUE),M,46.03317151102241,4.030402991916686
201800025972,NonLethal,2018-01-01,01:47:00,NightStreelightsOn,420,184,Yes,NoIntersection,LightRain,Other,"362, CALMETTE DOCTEUR (R",M,46.05278436243663,4.05184606808176
201800025973,NonLethal,2018-01-03,17:20:00,NightStreelightsOn,420,187,Yes,T-type,HeavyRain,2Vehicles-Side,"0, PLASSE (RUE GEORGES)",M,46.02924188746815,4.030361343318944
201800025974,NonLethal,2018-01-04,08:10:00,TwilightOrDawn,420,71,Yes,T-type,LightRain,Other,"6, CARNOT (RUE)",M,46.03224931884264,4.031601163289034
201800025976,NonLethal,2018-01-15,18:35:00,NightStreelightsOn,420,127,No,NoIntersection,LightRain,3+Vehicles-Chain,"0, Route nationale 7",M,46.06304214006976,4.064747418663013
201800025977,NonLethal,2018-02-22,16:00:00,Daylight,420,187,Yes,X-type,Overcast,2Vehicles-Side,"159 bis, PARIS (AVENUE D",M,46.04920351266493,4.050287351775699
201800025979,NonLethal,2018-02-28,08:35:00,Daylight,420,71,Yes,NoIntersection,Normal,Other,"34, LIBERATION (AVENUE D",M,46.030420168022,4.029743377170456
201800025980,NonLethal,2018-03-01,08:35:00,Daylight,420,187,Yes,NoIntersection,SnowOrHail,2Vehicles-Behind,"90, QUINET (BOULEVARD ED",M,46.0503081403381,4.047483001623453
201800025981,NonLethal,2018-03-01,10:05:00,Daylight,420,184,Yes,Roundabout,Normal,2Vehicles-Behind,"39, ADER CLEMENT (RUE)",M,46.0598292434544,4.061496148395071
201800025982,NonLethal,2018-01-18,08:00:00,TwilightOrDawn,420,187,Yes,T-type,Normal,2Vehicles-Side,"0, MOULIN PAILLASSON (RU",M,46.035125692741104,4.036856390104567
201800025985,NonLethal,2018-03-12,16:30:00,Daylight,420,127,Yes,NoIntersection,LightRain,Other,"0, MAUPASSANT (RUE GUY D",M,46.06428785428623,4.067201977199295
201800025986,NonLethal,2018-03-14,14:45:00,Daylight,420,187,Yes,NoIntersection,Normal,Other,"0, BARGE (alle Claude)",M,46.02864755674065,4.027008335860876
201800025987,NonLethal,2018-03-16,17:48:00,Daylight,420,187,Yes,T-type,Overcast,2Vehicles-BehindVehicles-Frontal,"23, BOCHARD RUE CLAUDE",M,46.02879940606405,4.027660016346832
201800025988,NonLethal,2018-03-16,08:00:00,Daylight,420,127,Yes,Roundabout,Normal,2Vehicles-Behind,"O, CORNEILLE PIERRE (RUE",M,46.066950009406106,4.068325095949422
201800025989,NonLethal,2018-03-22,05:48:00,NightNoStreetLight,420,170,No,NoIntersection,Normal,Other,R.D 504,M,46.04026619026868,4.039075750845443
201800025990,NonLethal,2018-03-22,20:15:00,NightStreelightsOn,420,187,Yes,T-type,LightRain,2Vehicles-Side,"1, CLERMONT (RUE DE )",M,46.03052617830105,4.031719828699283
201800025992,NonLethal,2018-04-05,15:40:00,Daylight,420,187,Yes,X-type,Normal,2Vehicles-Behind,OUEST (BOULEVARD),M,46.050235712935766,4.050678071091162
201800025993,NonLethal,2018-04-06,17:50:00,Daylight,420,187,Yes,Other,Normal,2Vehicles-Side,MARENGO (RUE),M,46.0380267779279,4.037768604148813
201800025994,NonLethal,2018-12-04,17:28:00,Daylight,420,127,Yes,Other,Normal,3+Vehicles-Multiple,Route nationale 7,M,46.06364285292957,4.061834405289483
201800025995,NonLethal,2018-04-12,15:00:00,Daylight,420,71,Yes,NoIntersection,Normal,2Vehicles-Behind,LIBERATION (AVENUE DE LA,M,46.02466152330783,4.024966220291961
201800025996,NonLethal,2018-04-23,13:50:00,Daylight,420,187,Yes,NoIntersection,Normal,2Vehicles-Behind,PARIS AVENUE DE,M,46.045853995230736,4.046553634443842
201800025997,NonLethal,2018-04-29,18:00:00,Daylight,420,187,Yes,NoIntersection,LightRain,3+Vehicles-Multiple,DESROCHE (RUE HENRI),M,46.0319099323763,4.033464746905777
201800025998,NonLethal,2018-05-01,11:30:00,Daylight,420,184,Yes,X-type,Normal,2Vehicles-Side,CHARLES DE GAULLE(AV),M,46.04990160384502,4.051037763105808
201800025999,NonLethal,2018-05-07,15:40:00,Daylight,420,187,Yes,NoIntersection,Normal,Other,OUEST (BOULEVARD),M,46.047639040259966,4.049958487924165
201800026000,NonLethal,2018-05-18,09:45:00,Daylight,420,187,Yes,NoIntersection,Normal,Other,DOURDEIN (RUE AUGUSTE ),M,46.03914485182931,4.040987675415669
201800026001,NonLethal,2018-05-24,10:35:00,Daylight,420,184,No,X-type,Normal,2Vehicles-Side,,M,46.02757086391588,4.025677658624463
201800026002,NonLethal,2018-05-24,14:39:00,Daylight,420,71,Yes,Roundabout,Normal,2Vehicles-Side,REPUBLIQUE (AVENUE DE LA,M,46.026859579581625,4.0261585017473
201800026003,NonLethal,2018-05-25,08:03:00,Daylight,420,71,Yes,NoIntersection,Normal,Other,ETINES (BOULEVARD DES),M,46.02188788153725,4.023832439415108
201800026004,NonLethal,2018-05-23,11:40:00,Daylight,420,127,No,Other,Normal,NoCollision,CORNEILLE PIERRE (RUE),M,46.07950567740582,4.077716725565206
201800026005,NonLethal,2018-05-30,07:30:00,Daylight,420,71,Yes,T-type,Normal,2Vehicles-Side,LIBERATION (AVENUE DE LA,M,46.02296325476911,4.025018627437667
201800026006,NonLethal,2018-01-06,16:15:00,Daylight,420,187,Yes,Other,Normal,Other,JAURES (RUE JEAN),M,46.034707388264586,4.036325980434063
201800026008,NonLethal,2018-06-03,08:45:00,Daylight,420,184,Yes,Other,Normal,Other,NOBILE (RT DE),M,46.05315066562471,4.055895153764818
201800026009,NonLethal,2018-06-18,17:11:00,Daylight,420,187,Yes,NoIntersection,Normal,Other,DESROCHE (RUE HENRI),M,46.03312655535464,4.033772975752283
201800026010,NonLethal,2018-06-22,15:25:00,Daylight,420,187,Yes,T-type,Normal,2Vehicles-Side,MARNE (AVENUE DE LA ),M,46.05693782171265,4.0592272863232965
201800026011,NonLethal,2018-06-23,21:40:00,TwilightOrDawn,420,71,Yes,NoIntersection,Normal,2Vehicles-BehindVehicles-Frontal,LIBERATION (AVENUE DE LA,M,46.030894500912254,4.033202094241846
201800026013,NonLethal,2018-01-07,04:45:00,NightStreelightsOn,420,127,Yes,NoIntersection,Normal,Other,Route nationale 7,M,46.07023510152097,4.07001296086903
201800026014,NonLethal,2018-04-07,14:55:00,Daylight,420,184,Yes,X-type,Normal,2Vehicles-Side,SAINT-ROMAIN (RUE DE),M,46.048639468481,4.0504917782197785
201800026015,NonLethal,2018-07-07,18:35:00,Daylight,420,127,Yes,NoIntersection,Normal,2Vehicles-BehindVehicles-Frontal,VICTOR  HUGO (RUE),M,46.05748128668696,4.058245889721778
201800026017,NonLethal,2018-07-11,08:30:00,Daylight,420,187,Yes,X-type,Normal,Other,AUGE (RUE JOANNY),M,46.034670907298135,4.034417449169652
201800026020,NonLethal,2018-07-16,01:20:00,NightStreelightsOn,420,187,Yes,NoIntersection,Normal,Other,JAURES (RUE JEAN),M,46.03457881829688,4.0362104130820375
201800026021,NonLethal,2018-07-11,14:40:00,Daylight,420,71,Yes,NoIntersection,Normal,3+Vehicles-Chain,DE GAULLE (BOULEVARD CHA,M,46.02348188023545,4.024366768978732
201800026024,NonLethal,2018-08-03,20:35:00,Daylight,420,184,Yes,Other,Normal,Other,CHARLES DE GAULLE(AV),M,46.05535264912904,4.0544041500151256
201800026025,NonLethal,2018-05-08,00:24:00,NightStreelightsOff,420,187,No,NoIntersection,Normal,Other,EST (ROCADE),M,46.05802340360445,4.055906409874999
201800026026,NonLethal,2018-02-08,11:50:00,Daylight,420,127,No,NoIntersection,Normal,2Vehicles-BehindVehicles-Frontal,V.C 10,M,46.09595327970542,4.095549597724791
201800026027,NonLethal,2018-08-08,16:30:00,Daylight,420,187,Yes,NoIntersection,Normal,Other,PROMENADES POPULLE (PLAC,M,46.03676787137043,4.034439143291173
201800026028,NonLethal,2018-11-08,21:20:00,NightStreelightsOn,420,187,Yes,X-type,Normal,2Vehicles-BehindVehicles-Frontal,VILLEMONTAIS (RUE DE ),M,46.02431630386291,4.022454896921531
201800026029,NonLethal,2018-08-16,11:00:00,Daylight,420,184,Yes,T-type,VeryGood,2Vehicles-BehindVehicles-Frontal,LIBERTE (ALLEE),M,46.04179097191898,4.041427029108085
201800026030,NonLethal,2018-08-18,14:45:00,Daylight,420,187,Yes,NoIntersection,Normal,2Vehicles-Side,JAURES (RUE JEAN),M,46.03561500169857,4.035406179439617
201800026031,NonLethal,2018-08-18,21:19:00,NightStreelightsOn,420,187,Yes,T-type,Normal,2Vehicles-Side,CLERMONT (RUE DE ),M,46.02652236474827,4.029058686176918
201800026032,NonLethal,2018-09-09,05:11:00,NightStreelightsOn,420,187,Yes,X-type,Normal,2Vehicles-Side,SAINT-ALBAN (RUE DE ),M,46.03621828341407,4.034601660082535
201800026033,NonLethal,2018-11-09,07:50:00,Daylight,420,187,Yes,X-type,VeryGood,2Vehicles-Side,RABELAIS (RUE FRANCOIS ),M,46.03992376515821,4.040631977164943
201800026034,NonLethal,2018-09-11,11:05:00,Daylight,420,187,Yes,NoIntersection,Normal,Other,RAFFIN (RUE ALEXANDRE),M,46.03337486351287,4.035568716343212
201800026035,NonLethal,2018-09-16,17:25:00,Daylight,420,187,Yes,NoIntersection,Normal,3+Vehicles-Multiple,BRIENNON (ROUTE DE ),M,46.08664408170672,4.088505845216507
201800026036,NonLethal,2018-09-17,19:30:00,TwilightOrDawn,420,170,No,NoIntersection,Normal,Other,CHERVET (LIEU DIT),M,46.02301364129675,4.024076809028741
201800026037,NonLethal,2018-09-18,16:32:00,Daylight,420,71,Yes,NoIntersection,Normal,Other,LIBERATION (AVENUE DE LA,M,46.01662126643225,4.019554571487173
201800026038,NonLethal,2018-09-21,18:40:00,Daylight,420,170,No,NoIntersection,LightRain,2Vehicles-BehindVehicles-Frontal,RD 17,M,46.047210376204895,4.047301419372678
201800026039,NonLethal,2018-09-22,19:27:00,Daylight,420,187,Yes,NoIntersection,Normal,Other,BOCHARD (RUE CLAUDE),M,46.03043197806589,4.028557419925704
201800026041,NonLethal,2018-09-25,18:20:00,Daylight,420,127,Yes,X-type,VeryGood,2Vehicles-Side,BOURGET PAUL (RUE),M,46.065905600893295,4.06622505024356
201800026042,NonLethal,2018-09-27,17:00:00,Daylight,420,187,Yes,Other,Normal,Other,CHARLIEU (RUE DE ),M,46.05638598519971,4.055695320058093
201800026044,NonLethal,2018-09-30,18:35:00,Daylight,420,187,Yes,NoIntersection,Normal,2Vehicles-Behind,REPUBLIQUE (COUR DE LA ),M,46.03578284808764,4.038010342291008
201800026045,NonLethal,2018-08-10,20:32:00,NightNoStreetLight,420,170,No,NoIntersection,Normal,2Vehicles-Side,LES HEURES (LIEU DIT),M,46.044097676924565,4.044463134642563
201800026046,NonLethal,2018-10-09,17:25:00,Daylight,420,187,Yes,Other,Normal,Other,MULSANT (RUE),M,46.03883552013627,4.039269296279044
201800026047,NonLethal,2018-12-10,07:40:00,Daylight,420,187,Yes,X-type,Normal,2Vehicles-Side,DEPIERRE (RUE PIERRE),M,46.03039902373811,4.031627720426508
201800026048,NonLethal,2018-12-10,12:20:00,Daylight,420,187,No,NoIntersection,Normal,2Vehicles-Side,EST (ROCADE),M,46.04953425914725,4.0506228781276405
201800026049,NonLethal,2018-10-16,11:50:00,Daylight,420,187,Yes,NoIntersection,Normal,2Vehicles-Side,MULSANT (RUE),M,46.04095653589424,4.040198682681658
201800026050,NonLethal,2018-10-16,21:00:00,NightStreelightsOn,420,187,Yes,Roundabout,Normal,2Vehicles-Side,(RUE DE ) CLERMONT,M,46.02983929920648,4.030816900371103
201800026051,NonLethal,2018-10-19,18:52:00,TwilightOrDawn,420,184,Yes,T-type,Normal,NoCollision,SAINT-ROMAIN (RUE DE),M,46.04181699661166,4.042506681217982
201800026052,NonLethal,2018-10-23,16:50:00,Daylight,420,187,Yes,T-type,VeryGood,2Vehicles-Side,MATEL (RUE DE ),M,46.05170043503667,4.050426883234121
201800026053,Lethal,2018-10-23,16:25:00,Daylight,420,170,No,NoIntersection,Normal,2Vehicles-BehindVehicles-Frontal,RD 17,M,46.06186332377905,4.06030684814624
201800026054,NonLethal,2018-10-29,18:00:00,NightStreelightsOn,420,71,Yes,NoIntersection,HeavyRain,3+Vehicles-Chain,Pont de la LOIRE,M,46.03088979018162,4.033725217415836
201800026055,NonLethal,2018-11-07,21:00:00,NightStreelightsOn,420,71,Yes,X-type,LightRain,2Vehicles-Side,Pont de la LOIRE,M,46.0306110558808,4.032840515111652
201800026056,NonLethal,2018-11-17,17:43:00,NightStreelightsOn,420,187,Yes,NoIntersection,Normal,2Vehicles-Behind,LYON (AVENUE DE),M,46.04344099800434,4.0407782937679855
201800026058,NonLethal,2018-11-21,09:40:00,Daylight,420,187,Yes,T-type,Overcast,2Vehicles-Side,GIRAUD (RUE DU GENERAL),M,46.03268519788016,4.032297895192918
201800026059,NonLethal,2018-11-23,16:45:00,TwilightOrDawn,420,187,Yes,T-type,LightRain,2Vehicles-Side,(CHEMIN DU) HALAGE,M,46.02140199019509,4.020033566983944
201800026061,NonLethal,2018-11-28,15:21:00,Daylight,420,127,Yes,NoIntersection,Normal,Other,BRIENNON (RT DE),M,46.0723041056732,4.067950260719795
201800026062,Lethal,2018-11-29,09:00:00,Daylight,420,170,No,NoIntersection,Normal,2Vehicles-BehindVehicles-Frontal,R.D 504,M,46.03585524943311,4.034704941570211
201800026063,NonLethal,2018-12-03,06:05:00,NightStreelightsOff,420,187,Yes,MoreThan4Branches,LightRain,Other,RECLUS (RUE ELISEE),M,46.04285333836896,4.041473396303013
201800026066,NonLethal,2018-12-10,06:45:00,NightStreelightsOn,420,187,Yes,X-type,LightRain,2Vehicles-Side,SAINT-ALBAN (RUE DE),M,46.034220030190646,4.035165753290557
201800026067,NonLethal,2018-01-07,02:33:00,NightStreelightsOn,420,218,Yes,NoIntersection,Normal,NoCollision,"55, MOLINA (DE)",M,45.46599872549841,4.467324794461108
201800026068,NonLethal,2018-06-01,17:10:00,TwilightOrDawn,420,223,No,NoIntersection,Normal,3+Vehicles-Multiple,TREMOLIN (LIEU DIT),M,45.46088979718758,4.458763195466794
201800026070,NonLethal,2018-01-16,16:35:00,Daylight,420,218,Yes,T-type,Normal,2Vehicles-Side,"14, RICHELANDIERE (DE LA",M,45.43868572826485,4.440145276279944
201800026071,NonLethal,2018-12-24,16:01:00,Daylight,420,218,Yes,X-type,LightRain,2Vehicles-Side,PALLE (DE LA) A PARTIR N,M,45.42165313836248,4.425930840228992
201800026073,NonLethal,2018-01-13,14:34:00,Daylight,420,218,Yes,NoIntersection,Normal,Other,"5, ONZE NOVEMBRE JUSQU'A",M,45.43123692554505,4.4295917790669534
201800026074,NonLethal,2018-01-19,14:05:00,Daylight,420,218,Yes,X-type,Normal,Other,01 VERDUN (AVENUE DE),M,45.46387599497319,4.462555969694548
201800026075,NonLethal,2018-01-22,22:00:00,NightStreelightsOn,420,218,Yes,T-type,Normal,2Vehicles-Side,"01, MIMARD ETIENNE JUSQU",M,45.43849490474734,4.436473189052687
201800026076,NonLethal,2018-01-24,00:07:00,NightStreelightsOn,420,218,Yes,Roundabout,Normal,2Vehicles-Side,ROOSEVELT FRANKLIN (SQUA,M,45.42137671961255,4.420349197404321
201800026077,NonLethal,2018-10-09,12:02:00,Daylight,420,218,No,NoIntersection,Normal,NoCollision,BARBANCHE (CHEMIN DE LA),M,45.389498001859245,4.390300947264692
201800026079,NonLethal,2018-01-19,11:15:00,Daylight,420,218,Yes,NoIntersection,LightRain,Other,"97, BERGSON A PARTIR N",M,45.456041782649024,4.455176712707086
201800026080,NonLethal,2018-11-01,16:00:00,Daylight,420,305,Yes,NoIntersection,Normal,Other,"0, MENDES FRANCE PIERRE",M,45.48559176976712,4.483034678464574
201800026081,NonLethal,2018-01-17,09:25:00,Daylight,420,218,Yes,NoIntersection,Normal,Other,"7, RENAN ERNEST",M,45.42409025710617,4.42110342095882
201800026082,NonLethal,2018-07-31,18:30:00,TwilightOrDawn,420,218,Yes,T-type,LightRain,NoCollision,RESISTANCE (DE LA),M,45.44050437383685,4.440061923345301
201800026083,NonLethal,2018-01-25,22:35:00,NightStreelightsOn,420,218,Yes,T-type,Normal,2Vehicles-Side,"84, CHARCOT DOCTEURS A P",M,45.42236072189623,4.422243762205331
201800026084,NonLethal,2018-01-27,14:00:00,Daylight,420,218,Yes,NoIntersection,Normal,2Vehicles-Side,"sans, MEONS (DE)",M,45.45956475424066,4.460398433895749
201800026085,NonLethal,2018-02-04,03:30:00,NightStreelightsOff,420,218,Yes,T-type,Normal,2Vehicles-Side,"100, ACIERIES (DES)",M,45.45979094255176,4.457328431750842
201800026086,NonLethal,2018-02-04,18:54:00,NightStreelightsOn,420,218,Yes,X-type,Normal,2Vehicles-Side,"52, MUSSET ALFRED DE (BD",M,45.44430705672237,4.444218801857727
201800026087,NonLethal,2018-01-28,19:00:00,NightStreelightsOn,420,218,Yes,NoIntersection,LightRain,Other,"53, MOLINA (DE)",M,45.46692572182768,4.466179851912946
201800026088,NonLethal,2018-01-31,08:30:00,Daylight,420,218,Yes,NoIntersection,Normal,Other,"l02, MONTAT (DE LA) A PA",M,45.44120411125166,4.442423826158157
201800026089,NonLethal,2018-07-02,10:15:00,Daylight,420,218,Yes,T-type,Overcast,Other,"01, MIMARD ETIENNE JUSQU",M,45.43603142611995,4.436400439700544
201800026090,NonLethal,2018-10-02,21:00:00,NightStreelightsOn,420,218,Yes,NoIntersection,LightRain,2Vehicles-BehindVehicles-Frontal,"nc, MENDES FRANCE PIERRE",M,45.43831922749361,4.439208478536013
201800026091,NonLethal,2018-02-10,09:25:00,Daylight,420,305,Yes,NoIntersection,Normal,Other,"22, REPUBLIQUE",M,45.4823573256325,4.48076691677346
201800026092,NonLethal,2018-02-16,12:15:00,Daylight,420,218,Yes,NoIntersection,Overcast,2Vehicles-Behind,"02 bis, BARROUIN JUSQU'A",M,45.453066944750056,4.455379494199263
201800026093,NonLethal,2018-02-17,18:55:00,NightStreelightsOn,420,218,Yes,T-type,Normal,2Vehicles-Side,"73, PERI GABRIEL A PARTI",M,45.41056049424204,4.410318986814212
201800026094,NonLethal,2018-03-21,11:00:00,Daylight,420,330,Yes,T-type,Normal,2Vehicles-Behind,"sans, BREUIL",M,45.471981298037896,4.469502349564854
201800026095,NonLethal,2018-03-25,08:30:00,TwilightOrDawn,420,305,Yes,X-type,Normal,2Vehicles-Side,HUGO VICTOR,M,45.481527644488416,4.481323026058819
201800026097,NonLethal,2018-03-30,18:30:00,Daylight,420,218,Yes,T-type,Normal,2Vehicles-Side,"41, MARTEL EDOUARD JUSQU",M,45.42308505938906,4.41924310631762
201800026099,NonLethal,2018-07-04,10:07:00,Daylight,420,218,Yes,NoIntersection,Normal,Other,POURCEL ALEXANDRE JUSQU',M,45.4224614532084,4.426105688354886
201800026100,NonLethal,2018-04-17,21:30:00,NightStreelightsOn,420,218,Yes,T-type,Normal,Other,TARDY (DE),M,45.43416268416779,4.430379680357706
201800026101,NonLethal,2018-04-16,13:45:00,Daylight,420,218,Yes,T-type,Normal,2Vehicles-Side,MARENGO JUSQU'AUX N_E53-,M,45.4446014553671,4.44725715217452
201800026102,NonLethal,2018-04-19,06:45:00,NightStreelightsOn,420,218,Yes,T-type,Normal,2Vehicles-Side,TERRENOIRE (DE) DES N_E6,M,45.43601288251936,4.4336816998804665
201800026103,NonLethal,2018-04-20,10:55:00,Daylight,420,218,Yes,T-type,Normal,2Vehicles-Side,VILLEBOEUF (PLACE),M,45.4327734432341,4.431836552818023
201800026104,NonLethal,2018-04-25,18:23:00,Daylight,420,218,Yes,NoIntersection,Normal,3+Vehicles-Chain,2 RUE PROUST MARCEL,M,45.407198032986805,4.405658371383893
201800026105,NonLethal,2018-05-01,07:30:00,Daylight,420,218,Yes,NoIntersection,LightRain,Other,MONTAT (DE LA) JUSQU'AUX,M,45.440569504635896,4.442976596230935
201800026106,NonLethal,2018-04-25,18:44:00,Daylight,420,218,Yes,T-type,Overcast,2Vehicles-Behind,DELAROA CLAUDE JUSQU'AUX,M,45.43060314991562,4.430262945790581
201800026107,NonLethal,2018-05-05,14:15:00,Daylight,420,218,Yes,NoIntersection,Normal,2Vehicles-Side,ROCHE DU GEAI (DE LA),M,45.441154825157135,4.440343014209542
201800026109,NonLethal,2018-05-15,13:10:00,Daylight,420,218,Yes,T-type,Overcast,2Vehicles-Side,MAURICE ROBERT (BOULEVAR,M,45.42689962432681,4.426939785716352
201800026111,NonLethal,2018-05-23,19:27:00,Daylight,420,218,Yes,NoIntersection,Normal,Other,LOUBET (AVENUE PRESIDENT,M,45.4369284531405,4.436746831374474
201800026112,NonLethal,2018-05-23,15:24:00,Daylight,420,218,Yes,NoIntersection,Normal,Other,LAMARTINE,M,45.44921531551747,4.447883758148508
201800026113,NonLethal,2018-05-26,10:10:00,Daylight,420,218,Yes,NoIntersection,Normal,Other,CHAIZE NICOLAS RUE,M,45.41919838440389,4.418787999424495
201800026115,NonLethal,2018-05-24,14:28:00,Daylight,420,218,Yes,Roundabout,Normal,3+Vehicles-Multiple,NEYRET JEAN,M,45.45821541535306,4.45787467089775
201800026117,NonLethal,2018-05-29,17:15:00,Daylight,420,218,Yes,NoIntersection,Overcast,Other,BUARD CLAUDIUS,M,45.42017611936141,4.4227781223382
201800026119,NonLethal,2018-05-28,11:47:00,Daylight,420,218,Yes,NoIntersection,Normal,Other,ROCHETAILLEE (AVENUE) JU,M,45.41609685030054,4.4188668540536185
201800026120,NonLethal,2018-06-01,01:42:00,NightStreelightsOn,420,218,Yes,NoIntersection,Normal,NoCollision,MONTAT (DE LA) JUSQU'AUX,M,45.4408631107934,4.441652025080322
201800026121,NonLethal,2018-06-08,10:00:00,Daylight,420,218,Yes,T-type,Overcast,2Vehicles-Behind,DESTRE DOCTEUR LOUIS JUS,M,45.43893044919821,4.440644811712339
201800026122,NonLethal,2018-06-07,18:09:00,Daylight,420,218,Yes,Roundabout,LightRain,NoCollision,POMPIDOU GEORGES (BOULEV,M,45.459967767830754,4.457623533313212
201800026123,NonLethal,2018-06-13,14:00:00,Daylight,420,305,Yes,T-type,Overcast,2Vehicles-Side,CAMUS ALBERT,M,45.4661101405345,4.465047504513795
201800026124,NonLethal,2018-05-26,16:03:00,Daylight,420,218,Yes,NoIntersection,Normal,Other,SEMARD PIERRE,M,45.43429622939509,4.433549648415627
201800026125,NonLethal,2018-05-27,14:21:00,Daylight,420,218,Yes,X-type,Normal,2Vehicles-Side,DURAFOUR ANTOINE A PARTI,M,45.42713424946346,4.423450335526668
201800026127,NonLethal,2018-06-23,23:39:00,NightStreelightsOn,420,218,Yes,NoIntersection,Normal,Other,EVRARD FLORENT A PARTIR,M,45.42230439721353,4.422472855475914
201800026128,NonLethal,2018-06-26,09:21:00,Daylight,420,218,Yes,NoIntersection,Normal,Other,FOCH MARECHAL (PLACE),M,45.45107725769476,4.451747510572464
201800026129,NonLethal,2018-01-07,19:32:00,Daylight,420,218,Yes,X-type,Normal,2Vehicles-Side,PUPIER JOSEPH,M,45.41648168025681,4.41410893218798
201800026130,NonLethal,2018-07-01,11:00:00,Daylight,420,218,Yes,NoIntersection,Normal,2Vehicles-Behind,DUPONT PIERRE rue,M,45.44617392331352,4.446080309159581
201800026131,NonLethal,2018-05-06,13:25:00,Daylight,420,218,Yes,NoIntersection,Normal,2Vehicles-Behind,TARDY (DE),M,45.42683134457668,4.428332510606865
201800026132,NonLethal,2018-06-23,14:30:00,Daylight,420,189,No,Roundabout,Normal,2Vehicles-Behind,D3,M,45.43297373096925,4.432565435914077
201800026133,NonLethal,2018-06-29,09:50:00,Daylight,420,218,Yes,T-type,Normal,2Vehicles-Side,JOMAYERE,M,45.41308853148735,4.411380734216967
201800026134,NonLethal,2018-07-23,09:05:00,Daylight,420,218,Yes,T-type,Normal,Other,LITTRE EMILE JUSQU'AUX N,M,45.43162671501866,4.428540272317975
201800026135,NonLethal,2018-07-07,16:45:00,Daylight,420,218,No,NoIntersection,Normal,2Vehicles-BehindVehicles-Frontal,GOUFFRE D'ENFER (ROUTE),M,45.40577558480471,4.408482098932179
201800026136,NonLethal,2018-07-11,17:07:00,Daylight,420,218,Yes,NoIntersection,Normal,Other,CONVENTION (DE LA),M,45.424715820005446,4.424138714073307
201800026137,NonLethal,2018-07-25,11:35:00,Daylight,420,218,Yes,NoIntersection,Normal,2Vehicles-Side,VERNEY CARRON CLAUDE,M,45.463053732068445,4.46366649427591
201800026138,NonLethal,2018-12-07,05:47:00,TwilightOrDawn,420,218,Yes,X-type,Normal,2Vehicles-Side,VERNEY CARRON CLAUDE,M,45.46504291558191,4.464063150126593
201800026140,NonLethal,2018-07-28,17:40:00,Daylight,420,218,Yes,T-type,Normal,2Vehicles-Side,JEU DE L'ARC,M,45.43898598046796,4.439060846045947
201800026141,NonLethal,2018-08-02,10:00:00,Daylight,420,275,Yes,T-type,Normal,2Vehicles-Side,MENDES FRANCE PIERRE (AV,M,45.47094778311481,4.472965274759972
201800026142,NonLethal,2018-07-08,16:30:00,Daylight,420,189,Yes,NoIntersection,Normal,2Vehicles-Behind,HUGO VICTOR,M,45.44109335651415,4.43992819404756
201800026143,NonLethal,2018-08-14,21:20:00,NightStreelightsOff,420,218,Yes,NoIntersection,Normal,2Vehicles-Side,C.C. MONTHIEU,M,45.4415443695806,4.443339789939356
201800026144,NonLethal,2018-08-18,19:44:00,Daylight,420,218,Yes,NoIntersection,Normal,NoCollision,PEYRET-LALLIER,M,45.43261985116008,4.432360565618862
201800026145,NonLethal,2018-09-06,20:57:00,NightStreelightsOn,420,218,Yes,X-type,LightRain,Other,FRACHON BENOIT,M,45.4460360890408,4.447777292094902
201800026146,NonLethal,2018-09-11,16:20:00,Daylight,420,218,Yes,NoIntersection,Normal,Other,PERI GABRIEL A PARTIR N,M,45.411802786927154,4.409512059679885
201800026147,NonLethal,2018-09-13,16:03:00,Daylight,420,218,Yes,X-type,Normal,2Vehicles-Side,VERNEY CARRON CLAUDE,M,45.46316545121552,4.462027661508917
201800026148,NonLethal,2018-09-22,14:28:00,Daylight,420,218,Yes,NoIntersection,Normal,Other,LIBERATION (AVENUE),M,45.43889949759647,4.43603664101265
201800026150,NonLethal,2018-10-02,08:00:00,TwilightOrDawn,420,218,Yes,T-type,Normal,Other,ROCHETAILLEE (AVENUE) JU,M,45.41698766776262,4.417170960221017
201800026151,NonLethal,2018-10-14,11:22:00,Daylight,420,275,Yes,X-type,Normal,Other,VOLTAIRE,M,45.47401736837112,4.4742014895658775
201800026152,NonLethal,2018-11-10,11:25:00,Daylight,420,218,Yes,X-type,Normal,Other,FAURIEL (COURS),M,45.42453731816422,4.422059310680695
201800026153,NonLethal,2018-10-15,07:26:00,TwilightOrDawn,420,189,Yes,Roundabout,Normal,2Vehicles-Side,D3,M,45.43187659781991,4.433109634206255
201800026154,NonLethal,2018-10-27,14:15:00,Daylight,420,218,Yes,Other,Other,2Vehicles-Side,rue Ampère,M,45.45031366902259,4.449391424671869
201800026155,NonLethal,2018-11-11,22:56:00,NightStreelightsOn,420,218,Yes,X-type,Normal,2Vehicles-Side,DUCHAMP VICTOR,M,45.44357908420934,4.443466737152942
201800026156,NonLethal,2018-11-13,08:46:00,Daylight,420,218,Yes,NoIntersection,Normal,Other,VISITATION (DE LA),M,45.451056218785645,4.448895773497863
201800026157,NonLethal,2018-11-15,04:20:00,NightStreelightsOn,420,218,Yes,NoIntersection,FogOrSmoke,Other,LILAS,M,45.43568892558199,4.435739489805393