AccidentId,Gravity,Date,Hour,Light,Department,Commune,InAgglomeration,IntersectionType,Weather,CollisionType,PostalAddress,GPSCode,Latitude,Longitude
201800026158,NonLethal,2018-11-15,07:11:00,TwilightOrDawn,420,305,Yes,T-type,FogOrSmoke,2Vehicles-Side,ROSTAND JEAN (BOULEVARD),M,45.45674942556186,4.458157145063741
201800026159,Lethal,2018-11-22,05:45:00,NightStreelightsOn,420,218,No,NoIntersection,FogOrSmoke,NoCollision,POMPIDOU GEORGES (BOULEV,M,45.45969138769479,4.460214524364208
201800026160,Lethal,2018-11-24,17:55:00,NightStreelightsOn,420,218,Yes,NoIntersection,Normal,Other,PARE AMBROISE JUSQU'AUX,M,45.41230872243309,4.411124096505653
201800026161,NonLethal,2018-11-25,06:52:00,TwilightOrDawn,420,218,Yes,T-type,Normal,Other,BERGSON A PARTIR N 18-5,M,45.45775264978233,4.455866310561663
201800026163,NonLethal,2018-11-30,06:57:00,NightStreelightsOn,420,218,Yes,NoIntersection,Normal,Other,FAURIEL (COURS),M,45.425175593054064,4.425710051678825
201800026165,NonLethal,2018-12-15,19:15:00,NightStreelightsOn,420,218,Yes,NoIntersection,LightRain,Other,VIVALDI ANTONIO BOULEVAR,M,45.47237856984586,4.471108412067407
201800026166,NonLethal,2018-08-12,18:58:00,NightStreelightsOn,420,218,Yes,X-type,Normal,2Vehicles-Side,MONTAT (DE LA) A PARTIR,M,45.4433234625711,4.443641595662549
201800026167,NonLethal,2018-12-14,09:27:00,Daylight,420,218,No,NoIntersection,Normal,2Vehicles-BehindVehicles-Frontal,RD 8,M,45.385335827731126,4.386807647484323
201800026168,NonLethal,2018-01-04,17:50:00,NightStreelightsOn,420,123,Yes,T-type,Other,NoCollision,GREZIEUX PLAINE DE,M,45.51757702080895,4.51873372543387
201800026169,NonLethal,2018-11-17,17:55:00,TwilightOrDawn,420,186,Yes,NoIntersection,Normal,3+Vehicles-Chain,MAI 1945 COURS DU 8,M,45.5306293506235,4.527746967713115
201800026170,NonLethal,2018-01-13,14:20:00,Daylight,420,53,No,NoIntersection,VeryGood,2Vehicles-BehindVehicles-Frontal,"1466, LONGES ROUTE DE",M,45.529396260757714,4.530894486322202
201800026171,NonLethal,2018-01-17,14:25:00,Daylight,420,259,No,NoIntersection,Normal,Other,"1, SEYTRE RUE ANTOINE",M,45.54806308157363,4.548804416028835
201800026172,NonLethal,2018-01-13,13:05:00,Daylight,420,110,Yes,T-type,Normal,2Vehicles-Side,GARAT   RUE,M,45.482427430619374,4.483327869655539
201800026173,NonLethal,2018-06-01,11:40:00,Daylight,420,186,Yes,LevelCrossing,Normal,Other,"4, FLEURDELIX QUAI",M,45.52889400615315,4.529223123392397
201800026174,NonLethal,2018-02-26,15:50:00,Daylight,420,186,Yes,Square,Normal,Other,LIBERATION PLACE DE LA,M,45.52732020797454,4.52813837063924
201800026175,NonLethal,2018-03-10,12:33:00,Daylight,420,207,Yes,T-type,Normal,2Vehicles-Side,"9, DUCLOS JULES RUE",M,45.47449250892269,4.475327743699724
201800026176,NonLethal,2018-03-18,18:45:00,NightStreelightsOn,420,186,Yes,NoIntersection,Normal,2Vehicles-Side,"51, EDOUARD VAILLANT RUE",M,45.52450776240367,4.523355735295463
201800026178,NonLethal,2018-03-22,08:55:00,Daylight,420,207,Yes,NoIntersection,Normal,Other,"2, D'ARC JEANNE SQUARE",M,45.4759942509915,4.475674434196613
201800026179,NonLethal,2018-04-13,16:45:00,Daylight,420,207,Yes,T-type,Normal,Other,CHAMBOVET RICHARD RUE,M,45.473559491879946,4.474052032794143
201800026180,NonLethal,2018-04-13,18:54:00,Daylight,420,207,Yes,NoIntersection,Normal,2Vehicles-Behind,CITE GILLET RUE DE LA,M,45.45806196823993,4.457257285125318
201800026181,NonLethal,2018-04-20,16:25:00,Daylight,420,207,Yes,NoIntersection,Normal,2Vehicles-Side,WALDECK ROUSSEAU BOULEVA,M,45.47487517962606,4.475384814583159
201800026182,NonLethal,2018-04-20,17:10:00,Daylight,420,207,Yes,Other,Normal,Other,CONDAMIN JAMES RUE,M,45.47491360213774,4.47758155654456
201800026183,NonLethal,2018-04-26,08:23:00,Daylight,420,207,Yes,NoIntersection,Normal,Other,RUE DUGAS MONTBEL,M,45.4771343460883,4.476612305213211
201800026184,NonLethal,2018-05-07,17:29:00,Daylight,420,186,Yes,Other,Normal,2Vehicles-Behind,RUE RICHARME PETRUS,M,45.52614422804653,4.526634315756099
201800026185,NonLethal,2018-05-08,16:20:00,Daylight,420,186,Yes,Other,Normal,Other,RD88,M,45.5201263582673,4.520748928691963
201800026186,NonLethal,2018-09-05,10:15:00,Daylight,420,259,No,NoIntersection,Normal,2Vehicles-Side,MUNAT ROUTE DU,M,45.536746027148006,4.534552439515009
201800026187,NonLethal,2018-05-19,08:55:00,Daylight,420,186,Yes,NoIntersection,Normal,2Vehicles-Side,ZOLA RUE EMILE,M,45.5350994287304,4.538141044259862
201800026189,NonLethal,2018-11-06,17:40:00,Daylight,420,207,Yes,NoIntersection,HeavyRain,3+Vehicles-Chain,LYON ROUTE DE,M,45.47690818967061,4.477290491316731
201800026190,NonLethal,2018-06-12,19:20:00,Daylight,420,207,Yes,X-type,LightRain,Other,REPUBLIQUE RUE DE LA,M,45.476682834477565,4.478038673588409
201800026192,NonLethal,2018-06-25,16:30:00,Daylight,420,110,Yes,T-type,Normal,2Vehicles-Side,PASTEUR  AVENUE,M,45.487520951226905,4.486185355143178
201800026193,NonLethal,2018-07-01,22:00:00,TwilightOrDawn,420,207,Yes,NoIntersection,Normal,Other,DELAY FRANCOIS BOULEVARD,M,45.47589429662024,4.47446398205935
201800026194,NonLethal,2018-07-03,12:10:00,Daylight,420,259,No,Y-type,Normal,2Vehicles-Side,SAINT MARTIN ROUTE DE,M,45.5382979396601,4.541522734682807
201800026196,NonLethal,2018-07-24,17:00:00,Daylight,420,103,No,NoIntersection,Normal,2Vehicles-Side,CELLIEU ROUTE DE,M,45.506592256036505,4.5070223642221965
201800026197,NonLethal,2018-07-24,19:40:00,Daylight,420,103,Yes,NoIntersection,Normal,2Vehicles-Behind,PASTEUR RUE LOUIS,M,45.50021571697505,4.502154951459376
201800026200,NonLethal,2018-08-21,18:15:00,Daylight,420,186,Yes,NoIntersection,Normal,2Vehicles-Behind,FOREZ AVENUE DU,M,45.517285335804885,4.517939029237737
201800026201,NonLethal,2018-09-16,19:20:00,Daylight,420,207,Yes,T-type,Normal,3+Vehicles-Multiple,CHABURE ROUTE DE LA,M,45.46454904011375,4.464461357222916
201800026202,NonLethal,2018-09-28,11:50:00,Daylight,420,225,Yes,NoIntersection,Normal,2Vehicles-Behind,FLEURS RUE DES,M,45.53016251768755,4.530131989855813
201800026203,NonLethal,2018-09-29,21:30:00,NightStreelightsOn,420,186,Yes,NoIntersection,Normal,2Vehicles-Side,EDOUARD VAILLANT RUE,M,45.52535492023809,4.524508743731739
201800026204,NonLethal,2018-10-23,21:00:00,NightStreelightsOn,420,123,Yes,NoIntersection,Normal,3+Vehicles-Chain,JAURES RUE JEAN,M,45.51417904293003,4.513090769963464
201800026205,NonLethal,2018-10-24,11:50:00,Daylight,420,207,Yes,NoIntersection,Normal,Other,DAUPHINE COURS DU,M,45.47549771449032,4.477442173069663
201800026206,NonLethal,2018-02-11,10:00:00,Daylight,420,225,Yes,NoIntersection,Normal,2Vehicles-BehindVehicles-Frontal,MANISSOL ROUTE DE,M,45.52090481862337,4.523628614044586
201800026207,NonLethal,2018-11-24,10:25:00,Daylight,420,225,No,NoIntersection,Normal,2Vehicles-BehindVehicles-Frontal,TAREVIEUX ROUTE DE,M,45.54321939584193,4.543115464841685
201800026208,NonLethal,2018-12-07,20:20:00,NightStreelightsOn,420,186,Yes,Other,Normal,2Vehicles-Side,JUIN AVENUE DU MARECHAL,M,45.532736505183465,4.534249673618551
201800026209,NonLethal,2018-11-16,19:15:00,NightStreelightsOn,420,207,Yes,NoIntersection,Normal,Other,ETERNITE RUE DE L',M,45.48186419619763,4.481284602294932
201800026210,NonLethal,2018-03-03,20:25:00,NightStreelightsOn,430,157,Yes,NoIntersection,Normal,Other,ST FRANCOIS REGIS,,,
201800026211,NonLethal,2018-04-07,14:00:00,Daylight,430,157,Yes,NoIntersection,Normal,Other,ST-JEAN (RUE DU FG) (55-,,,
201800026212,Lethal,2018-09-04,12:35:00,Daylight,430,157,Yes,NoIntersection,Normal,Other,BELGES (AV. DES),M,45.04674209745727,3.046845167734988
201800026213,NonLethal,2018-08-03,08:10:00,Daylight,430,89,Yes,NoIntersection,Normal,Other,"15, CITADELLE (CHEMIN DE",,,
201800026214,NonLethal,2018-03-22,17:50:00,Daylight,430,157,Yes,NoIntersection,Normal,Other,CLAIR (BD A.),M,45.04003431753196,3.039101655862173
201800026215,NonLethal,2018-01-05,17:25:00,Daylight,430,157,Yes,Other,Normal,2Vehicles-Side,97 AV FOCH,M,45.03346711798366,3.030998583328314
201800026216,NonLethal,2018-03-05,07:50:00,Daylight,430,157,Yes,NoIntersection,Normal,Other,BD PHILIPPE JOURDE,,,
201800026218,NonLethal,2018-01-06,17:15:00,Daylight,430,157,Yes,NoIntersection,Overcast,2Vehicles-Behind,ST-JEAN (RUE DU FG) (55-,M,45.04719704285922,3.046397739144162
201800026219,NonLethal,2018-09-06,09:55:00,Daylight,430,46,Yes,NoIntersection,Normal,Other,CURIE,M,45.06108410795666,3.05980856336189
201800026220,NonLethal,2018-06-16,01:50:00,NightStreelightsOn,430,157,Yes,X-type,Normal,2Vehicles-Side,MICHELET (PLACE),M,45.04052618393887,3.0388174700596062
201800026221,NonLethal,2018-06-19,15:10:00,Daylight,430,41,Yes,NoIntersection,Normal,Other,DUPUY (AVENUE CHARLES),M,45.04862689071573,3.0491623019618435
201800026222,NonLethal,2018-06-21,14:00:00,Daylight,430,89,Yes,NoIntersection,Normal,2Vehicles-Side,ST MARCEL (RUE),M,45.04924507842814,3.05138802302354
201800026223,NonLethal,2018-06-29,08:25:00,Daylight,430,157,Yes,NoIntersection,Normal,Other,ST-LOUIS (BD),M,45.04350193008669,3.0421773387609243
201800026225,NonLethal,2018-07-27,17:10:00,Daylight,430,2,Yes,X-type,Normal,Other,JARDINS (RUE DES),M,45.05081371191241,3.0515647432569946
201800026226,NonLethal,2018-04-09,15:40:00,Daylight,430,157,Yes,NoIntersection,Normal,2Vehicles-Side,MONTREDON (ROUTE DE),,,
201800026229,NonLethal,2018-09-13,13:22:00,Daylight,430,89,Yes,T-type,Normal,2Vehicles-Behind,RTE DE SAUGUES,M,45.044349943909815,3.0435903521697973
201800026230,NonLethal,2018-09-28,11:50:00,Daylight,430,251,Yes,Roundabout,Normal,Other,AIELO (ROND-POINT),M,45.02970093577907,3.0274303076699685
201800026231,NonLethal,2018-10-11,17:15:00,Daylight,430,157,Yes,NoIntersection,Normal,Other,BREUIL (PLACE DU),M,,
201800026232,NonLethal,2018-10-25,16:30:00,Daylight,430,251,Yes,NoIntersection,Normal,Other,MASSOT (RUE CHARLES),,,
201800026233,NonLethal,2018-11-01,18:10:00,NightNoStreetLight,430,41,No,NoIntersection,FogOrSmoke,2Vehicles-BehindVehicles-Frontal,COUBON (AVENUE DE),M,45.03757193050102,3.0379446151716727
201800026234,NonLethal,2018-06-11,17:25:00,TwilightOrDawn,430,157,Yes,NoIntersection,Overcast,2Vehicles-Behind,CLAIR (BD. A),M,45.036281413803536,3.035747373774532
201800026235,Lethal,2018-11-11,17:35:00,NightStreelightsOn,430,157,Yes,NoIntersection,Normal,Other,BACCARAT (CARREFOUR DE),,,
201800026236,NonLethal,2018-12-18,18:25:00,NightStreelightsOn,430,157,Yes,X-type,Normal,2Vehicles-Side,8 MAI 1945 (AVENUE DU),M,45.01497575458474,3.0181871122571327
201800026237,NonLethal,2018-12-21,23:00:00,NightStreelightsOn,430,157,Yes,Square,Overcast,Other,LAINES (PLACE AUX),M,45.04339883153978,3.0421082189683526
201800026238,NonLethal,2018-12-26,09:45:00,Daylight,430,157,Yes,NoIntersection,Normal,Other,ST-LOUIS (BD),M,45.04436176566193,3.043597852661734
201800026239,NonLethal,2018-06-01,10:30:00,Daylight,440,132,Yes,NoIntersection,Overcast,2Vehicles-Side,SAINT NAZAIRE (BOULEVARD,M,47.25702749542268,-0.2586126493996961
201800026240,NonLethal,2018-01-29,10:30:00,Daylight,440,132,No,X-type,LightRain,2Vehicles-Side,GUERANDE (ROUTE DE),M,47.28029254053863,-0.2811596767225735
201800026241,NonLethal,2018-02-20,11:20:00,Daylight,440,132,Yes,T-type,VeryGood,2Vehicles-Side,"29, PRIEUX (AVENUE DE)",M,47.25823081216853,-0.2581628030816297
201800026242,NonLethal,2018-03-23,11:20:00,Daylight,440,132,Yes,T-type,Normal,2Vehicles-Side,"152, GAULLE (AVENUE DU G",M,47.28706731420135,-0.2860630500633095
201800026243,NonLethal,2018-04-13,19:21:00,Daylight,440,55,Yes,X-type,Normal,2Vehicles-Side,OCEAN ( BOULEVARD DE L',M,47.278966095399625,-0.2785890075808309
201800026244,Lethal,2018-04-22,01:30:00,NightNoStreetLight,440,132,Yes,NoIntersection,Other,Other,RENARDEAUX (CHEMIN DES),M,47.26101335097025,-0.2622453214157244
201800026245,NonLethal,2018-04-23,16:35:00,Daylight,440,132,Yes,NoIntersection,Normal,NoCollision,SAINT NAZAIRE (BOULEVARD,M,47.25908989788008,-0.2588865558800137
201800026246,NonLethal,2018-04-05,08:00:00,Daylight,440,132,Yes,Roundabout,Normal,2Vehicles-Behind,REPUBLIQUE (BOULEVARD DE,M,47.25867728271356,-0.2600356482036606
201800026247,NonLethal,2018-05-19,17:40:00,Daylight,440,132,Yes,NoIntersection,Normal,Other,SAINT NAZAIRE (BOULEVARD,M,47.25992873117677,-0.259640153954521
201800026249,NonLethal,2018-07-13,15:05:00,Daylight,440,55,Yes,Other,Normal,Other,LATTRE DE TASSIGNY ( AVE,M,47.28428754862725,-0.2852481522327258
201800026250,NonLethal,2018-07-20,19:15:00,Daylight,440,55,Yes,Y-type,Normal,Other,GRANDE DUNE ( AVENUE DE,M,47.27891180470934,-0.2800579440014624
201800026251,NonLethal,2018-07-28,09:40:00,Daylight,440,132,Yes,NoIntersection,Normal,Other,BECQUEREL (AVENUE DES),M,47.25805250804097,-0.2584649242629645
201800026252,NonLethal,2018-07-08,12:30:00,Daylight,440,132,Yes,NoIntersection,Normal,Other,OCEANIDES (BOULEVARD DES,M,47.26309693570574,-0.2605878242054918
201800026253,NonLethal,2018-08-11,11:25:00,Daylight,440,132,Yes,NoIntersection,Normal,Other,FLAMMARION (AVENUE CAMIL,M,47.26778763363542,-0.2648117075282271
201800026254,NonLethal,2018-11-09,17:56:00,Daylight,440,132,Yes,NoIntersection,Normal,Other,FLAUBERT (AVENUE GUSTAVE,M,47.25986632648159,-0.2578615023623294
201800026255,NonLethal,2018-09-14,17:05:00,Daylight,440,135,Yes,Roundabout,Normal,2Vehicles-Side,SANDEAU ( QUAI JULES ),M,47.27737289138599,-0.2757782398090458
201800026256,NonLethal,2018-10-01,09:15:00,Daylight,440,55,No,NoIntersection,Normal,2Vehicles-Side,RD 213,M,47.28963307226127,-0.2900266908650101
201800026257,NonLethal,2018-10-24,17:24:00,Daylight,440,132,No,NoIntersection,Normal,2Vehicles-Behind,D 392,M,47.2754791054105,-0.2764798185877003
201800026258,NonLethal,2018-07-01,02:50:00,NightStreelightsOn,440,109,Yes,NoIntersection,Normal,2Vehicles-BehindVehicles-Frontal,"3bis, RUE JEAN LOUIS DE",M,47.22678398646915,-0.2272463357976542
201800026259,NonLethal,2018-09-26,14:40:00,Daylight,440,109,Yes,NoIntersection,Normal,Other,ALLEE ALAIN GERBAULT,M,47.20889197198472,-0.2081826647829864
201800026260,NonLethal,2018-04-01,02:00:00,NightStreelightsOn,440,109,Yes,NoIntersection,LightRain,Other,BD GL PIERRE KOENIG,M,47.1959587518569,-0.1971505114179906
201800026262,NonLethal,2018-01-05,18:45:00,NightStreelightsOn,440,109,Yes,NoIntersection,LightRain,Other,"54, BOULEVARD AUGUSTE PE",M,47.234046184328434,-0.2339985616723784
201800026264,NonLethal,2018-01-15,07:45:00,NightStreelightsOn,440,109,Yes,NoIntersection,LightRain,Other,CASSIN ( BD RENE ),M,47.26069240652946,-0.2650153855864498
201800026265,NonLethal,2018-01-09,09:20:00,Daylight,440,190,Yes,NoIntersection,Normal,Other,"65, RUE DES BIGNONS",M,47.1973091321512,1.1999929682075856
201800026266,NonLethal,2018-01-29,07:30:00,NightStreelightsOn,440,109,Yes,NoIntersection,LightRain,Other,"29, RUE DE FLEURUS",M,47.21166071056488,-0.2111133332515491
201800026267,NonLethal,2018-01-13,16:15:00,Daylight,440,109,Yes,NoIntersection,Overcast,Other,BOULEVARD LEON BUREAU,M,47.20486976869645,-0.2060055301621647
201800026268,NonLethal,2018-01-28,00:45:00,NightStreelightsOn,440,162,No,NoIntersection,HeavyRain,2Vehicles-BehindVehicles-Frontal,BD CHARLES DE GAULLE,M,47.21134610598547,-0.2128623886420451
201800026269,NonLethal,2018-01-04,09:20:00,Daylight,440,109,Yes,T-type,LightRain,2Vehicles-Side,"2, RUE MATHURIN BRISSONN",M,47.2071516324469,-0.2071572187464216
201800026271,NonLethal,2018-01-27,00:30:00,NightStreelightsOn,440,162,Yes,NoIntersection,Normal,2Vehicles-BehindVehicles-Frontal,AVENUE LOUIS GUILLOUX,M,47.23335296798864,-0.234145707454294
201800026272,NonLethal,2018-01-26,15:40:00,Daylight,440,109,Yes,X-type,Normal,Other,ROUTE DE SAINT JOSEPH,M,47.2382736235782,-0.2394165325733588
201800026273,NonLethal,2018-01-28,20:30:00,TwilightOrDawn,440,190,Yes,X-type,Normal,2Vehicles-BehindVehicles-Frontal,RUE DU DOUET,M,47.19896640420261,-0.1978542805878551
201800026275,NonLethal,2018-01-10,16:35:00,Daylight,440,162,No,NoIntersection,Normal,2Vehicles-BehindVehicles-Frontal,Avenue de la syonnière,M,47.253360808624585,-0.256330098428883
201800026276,NonLethal,2018-01-10,17:15:00,Daylight,440,109,Yes,NoIntersection,Normal,2Vehicles-Side,"150, BUAT ( RUE GENERAL",M,47.22573090980461,-0.2269560322731948
201800026277,NonLethal,2018-01-28,00:45:00,NightNoStreetLight,440,162,No,NoIntersection,LightRain,3+Vehicles-Chain,PERIPHERIQUE,M,47.20729104829425,-0.2041009133749406
201800026278,NonLethal,2018-02-08,19:35:00,NightStreelightsOn,440,109,Yes,NoIntersection,Normal,3+Vehicles-Multiple,"1, BOULEVARD DU TERTRE",M,47.22094695031739,-0.2200949855481168
201800026279,NonLethal,2018-02-10,18:15:00,NightStreelightsOn,440,109,Yes,NoIntersection,Normal,Other,AVENUE DE LA PETITE BARA,M,47.24986393933838,-0.2471658761961756
201800026280,NonLethal,2018-03-02,11:15:00,Daylight,440,109,Yes,NoIntersection,Normal,2Vehicles-BehindVehicles-Frontal,"7, RUE GARIBALDI",M,47.20184632014583,-0.2002766645353954
201800026281,NonLethal,2018-06-02,18:15:00,NightNoStreetLight,440,114,No,T-type,LightRain,3+Vehicles-Multiple,Route de Chatillon,M,47.28898559272688,-0.2901796934627525
201800026282,NonLethal,2018-02-08,08:50:00,Daylight,440,109,Yes,NoIntersection,Normal,Other,"66, BOULEVARD DES POILUS",M,47.22994982132318,-0.2318293745920176
201800026283,NonLethal,2018-02-05,15:45:00,Daylight,440,114,Yes,Square,Normal,Other,"296, ROUTE DE VANNES",M,47.25038519632725,-0.2495161245813228
201800026284,NonLethal,2018-02-13,07:55:00,TwilightOrDawn,440,109,Yes,Roundabout,HeavyRain,Other,ROND-POINT DES COMBATTAN,M,47.2419160991544,-0.2441799449878067
201800026286,NonLethal,2018-02-07,17:30:00,Daylight,440,109,Yes,NoIntersection,Normal,2Vehicles-Side,BOULEVARD LELASSEUR,M,47.23190153498376,-0.2327812096656465
201800026287,NonLethal,2018-02-13,16:35:00,Daylight,440,109,Yes,NoIntersection,Normal,2Vehicles-Behind,"13, BD BATONNIER CHOLET",M,47.19788370510871,-0.1982299558968155
201800026290,NonLethal,2018-01-15,00:05:00,NightStreelightsOn,440,109,Yes,T-type,Normal,3+Vehicles-Multiple,ROUTE DE SAINTE LUCE,M,47.24564543062882,-0.2470191554698293
201800026291,NonLethal,2018-01-19,10:00:00,Daylight,440,162,Yes,NoIntersection,Normal,2Vehicles-BehindVehicles-Frontal,BOULEVARD PROFESSEUR JAC,M,47.23579906893606,-0.2351023897852626
201800026294,NonLethal,2018-02-24,19:10:00,Daylight,440,109,Yes,NoIntersection,Normal,2Vehicles-Behind,RUE DE CONCARNEAU,M,47.26565952967356,-0.2654149870460265
201800026296,NonLethal,2018-03-03,15:45:00,Daylight,440,190,Yes,X-type,Normal,2Vehicles-BehindVehicles-Frontal,RUE MAURICE DANIEL,M,47.20759180115844,-0.2080557179070429
201800026297,NonLethal,2018-02-21,08:57:00,Daylight,440,109,Yes,Y-type,Normal,2Vehicles-BehindVehicles-Frontal,PLACE ALEXIS RICORDEAU,M,47.21376797329427,-0.2119606891376092
201800026298,NonLethal,2018-02-16,11:00:00,Daylight,440,143,Yes,NoIntersection,Normal,Other,RUE DE LA GARE,M,47.19537779774147,1.1917634885555677
201800026299,NonLethal,2018-02-25,13:30:00,Daylight,440,114,Yes,T-type,Normal,2Vehicles-Side,RUE FRANCIS PICABIA,M,47.255437457988265,-0.2562956075728155
201800026300,NonLethal,2018-03-02,19:15:00,NightStreelightsOn,440,109,Yes,NoIntersection,Normal,2Vehicles-BehindVehicles-Frontal,"61, BOULEVARD DE L'EGALI",M,47.20882275826349,-0.2100708545324329
201800026301,NonLethal,2018-04-03,22:50:00,NightNoStreetLight,440,114,No,NoIntersection,Normal,Other,PERIPHERIQUE ROUTIER,M,47.26291029954,-0.262820801285873
201800026302,NonLethal,2018-05-03,10:50:00,Daylight,440,162,Yes,NoIntersection,Normal,Other,"53, AVENUE DE LA BOUVARD",M,47.23891447800761,-0.2376337927837498
201800026303,NonLethal,2018-02-17,00:49:00,NightNoStreetLight,440,114,No,NoIntersection,LightRain,2Vehicles-Behind,PERIPHERIQUE ROUTIER,M,47.26019406860432,-0.26103703564532
201800026304,NonLethal,2018-03-13,21:20:00,NightNoStreetLight,440,162,No,NoIntersection,Normal,Other,PERIPHERIQUE,M,47.209362787117286,-0.2094774553420128
201800026305,NonLethal,2018-03-13,22:20:00,NightStreelightsOn,440,109,Yes,NoIntersection,Other,Other,CHAUSSEE DE LA MADELEINE,M,47.21040966773312,-0.2112981547600807
201800026306,NonLethal,2018-03-14,08:15:00,Daylight,440,109,Yes,NoIntersection,Normal,Other,ALLEE DE L'ILE GLORIETTE,M,47.20848509881589,-0.2102130967407362
201800026308,NonLethal,2018-03-24,03:00:00,NightStreelightsOn,440,109,Yes,NoIntersection,Normal,2Vehicles-BehindVehicles-Frontal,QUAI DE VERSAILLES,M,47.2256701956037,-0.2254417409380636
201800026310,NonLethal,2018-03-20,08:15:00,Daylight,440,143,No,NoIntersection,Normal,3+Vehicles-Chain,PERIPHERIQUE,M,47.159912384812365,1.1594525502916595
201800026313,NonLethal,2018-12-03,14:44:00,Daylight,440,109,Yes,NoIntersection,Normal,Other,"3, RUE GUILLAUME GROOTAE",M,47.23832502618659,-0.2383540303249756
201800026314,NonLethal,2018-03-28,15:15:00,Daylight,440,162,Yes,NoIntersection,Normal,2Vehicles-Side,PERIPHERIQUE,M,47.20200082367369,-0.2022120682527564
201800026315,NonLethal,2018-03-28,14:10:00,Daylight,440,109,Yes,NoIntersection,Normal,Other,"14, RUE COLONEL DESGREES",M,47.21667329743432,-0.2146830668111591
201800026316,NonLethal,2018-03-30,09:15:00,Daylight,440,109,Yes,NoIntersection,LightRain,Other,"10, RUE FELIX LEMOINE",M,47.23683518951663,-0.2364680993760268
201800026317,NonLethal,2018-04-04,20:10:00,Daylight,440,109,Yes,NoIntersection,Normal,Other,RANZAI  ( RUE DU ),M,47.25254171793683,-0.2523297829603459
201800026319,NonLethal,2018-03-27,21:30:00,NightStreelightsOn,440,109,Yes,NoIntersection,Normal,2Vehicles-BehindVehicles-Frontal,ROUTE DE SAINT JOSEPH,M,47.24085434951455,-0.2406791088250088
201800026320,NonLethal,2018-07-04,09:10:00,Daylight,440,109,Yes,X-type,Normal,2Vehicles-Side,RUE NICOLAS APPERT,M,47.21046715797306,1.2126759580331743
201800026321,NonLethal,2018-11-04,14:05:00,Daylight,440,162,Yes,NoIntersection,Normal,Other,AVENUE DES LIONS,M,47.24759842946212,-0.2484363763539071
201800026325,NonLethal,2018-04-20,14:00:00,Daylight,440,109,Yes,NoIntersection,Normal,2Vehicles-BehindVehicles-Frontal,BOULEVARD DES ANGLAIS,M,47.225915714972416,-0.2252874867809745
201800026326,NonLethal,2018-04-22,00:35:00,NightNoStreetLight,440,162,No,NoIntersection,Normal,Other,La Buse,M,47.19955685998961,-0.2019166181412627
201800026328,NonLethal,2018-04-16,17:20:00,Daylight,440,162,Yes,NoIntersection,Normal,2Vehicles-Behind,BD SALVADOR ALLENDE,M,47.22123116506923,-0.2193184409973304
201800026329,NonLethal,2018-04-26,22:55:00,NightStreelightsOn,440,162,Yes,NoIntersection,Normal,Other,PLACE MAGELLAN,M,47.22268518818664,-0.2217893150882726
201800026330,NonLethal,2018-05-01,06:00:00,NightNoStreetLight,440,162,No,NoIntersection,Normal,2Vehicles-Behind,RD 107,M,47.19835653528371,-0.1990055745916795
201800026331,NonLethal,2018-05-04,07:20:00,Daylight,440,109,Yes,NoIntersection,Normal,2Vehicles-Side,BOULEVARD DES ANGLAIS,M,47.22961274867049,-0.2288070654599366
201800026332,NonLethal,2018-03-16,08:30:00,Daylight,440,109,Yes,X-type,Normal,2Vehicles-Side,RUE BERTRAND GESLIN,M,47.21709026154055,-0.2152295610399771
201800026333,NonLethal,2018-05-04,17:40:00,Daylight,440,109,Yes,NoIntersection,Normal,Other,RUE FULTON,M,47.21007401743676,-0.2101916971776875
201800026334,NonLethal,2018-04-22,03:10:00,NightStreelightsOn,440,109,Yes,Other,LightRain,NoCollision,PONT DES BATAILLONS FFI,M,47.19509160961829,-0.1949067473632555
201800026336,NonLethal,2018-09-05,18:00:00,Daylight,440,143,Yes,Other,Normal,2Vehicles-Side,BOULEVARD PAUL HENRI SPA,M,47.16616886453698,-0.1651061902077231
201800026337,NonLethal,2018-03-31,20:20:00,TwilightOrDawn,440,109,Yes,NoIntersection,Normal,Other,"1O, RUE DU MARAIS",M,47.219878702310815,-0.2182320803945633
201800026338,NonLethal,2018-05-05,12:50:00,Daylight,440,190,Yes,NoIntersection,Normal,2Vehicles-Side,ROUTE DE CLISSON,M,47.18817382616531,-0.1880798486542103
201800026339,NonLethal,2018-05-16,06:55:00,Daylight,440,109,Yes,NoIntersection,Normal,2Vehicles-BehindVehicles-Frontal,BOULEVARD DE LONGCHAMP,M,47.23792091546721,-0.2369022404996291
201800026340,NonLethal,2018-05-13,02:00:00,NightStreelightsOn,440,109,Yes,NoIntersection,Normal,2Vehicles-Behind,RUE GAETAN RONDEAU,M,47.20533566340507,-0.2066077403601483
201800026341,NonLethal,2018-04-13,00:30:00,NightStreelightsOn,440,109,Yes,NoIntersection,Normal,2Vehicles-Behind,RUE DE STRASBOURG,M,47.22032798045253,-0.2207601194809395
201800026342,NonLethal,2018-04-20,01:00:00,NightStreelightsOn,440,109,Yes,NoIntersection,Normal,NoCollision,RUE PAUL DUBOIS,M,47.215286196488144,-0.2157739138317045
201800026343,NonLethal,2018-04-23,12:05:00,Daylight,440,109,Yes,NoIntersection,Normal,Other,ROTONDE ( PONT DE LA ),M,47.21469883184891,-0.2158973146047388
201800026346,NonLethal,2018-04-09,07:50:00,Daylight,440,109,Yes,NoIntersection,Normal,Other,RUE ALFRED RIOM,M,47.21469569092546,-0.2146760756581343
201800026347,NonLethal,2018-05-22,08:20:00,Daylight,440,109,Yes,NoIntersection,Normal,2Vehicles-Behind,BOULEVARD DES BELGES,M,47.23299678711513,-0.2347846332740196
201800026348,NonLethal,2018-03-30,20:05:00,NightStreelightsOn,440,109,Yes,NoIntersection,HeavyRain,Other,CASSIN ( BD RENE ),M,47.26249047467328,-0.2625664064407079