AccidentId,Gravity,Date,Hour,Light,Department,Commune,InAgglomeration,IntersectionType,Weather,CollisionType,PostalAddress,GPSCode,Latitude,Longitude
201800026349,NonLethal,2018-03-21,16:00:00,Daylight,440,109,Yes,NoIntersection,Normal,Other,RUE FOURE,M,47.21433259714212,-0.2137730511093641
201800026350,NonLethal,2018-03-31,06:30:00,NightStreelightsOn,440,109,Yes,NoIntersection,Normal,Other,BOULEVARD ROBERT SCHUMAN,M,47.23788496837639,-0.2384464148155455
201800026351,NonLethal,2018-03-25,09:40:00,Daylight,440,190,Yes,NoIntersection,Normal,2Vehicles-Behind,"9, RUE DE BIARRITZ",M,47.19642770382953,-0.1943277564159722
201800026352,NonLethal,2018-03-31,21:30:00,TwilightOrDawn,440,109,Yes,NoIntersection,Normal,2Vehicles-Side,"1, RUE PAUL BELLAMY",M,47.23357232248776,-0.2327105456940749
201800026353,NonLethal,2018-04-27,14:10:00,Daylight,440,114,Yes,NoIntersection,Normal,2Vehicles-Side,PLACE DE LA LIBERTE,M,47.25114220443105,-0.2519564478213282
201800026354,NonLethal,2018-05-17,14:05:00,Daylight,440,190,Yes,NoIntersection,Normal,2Vehicles-Side,RUE DU PATIS BRULE,M,47.20072019418841,-0.1982992248855277
201800026355,NonLethal,2018-05-26,10:35:00,Daylight,440,143,Yes,NoIntersection,Normal,2Vehicles-Side,RUE JEAN JAURES,M,47.185310012487065,-0.1847080458800215
201800026356,Lethal,2018-05-21,23:35:00,NightStreelightsOn,440,109,Yes,NoIntersection,Normal,Other,BOULEVARD RENE CASSIN,M,47.2633458046965,-0.2614012340885474
201800026357,NonLethal,2018-06-19,17:45:00,Daylight,440,162,Yes,NoIntersection,Normal,2Vehicles-Side,PLACE OCEANE,M,47.224612083482704,-0.2239289958033482
201800026358,NonLethal,2018-06-19,23:37:00,NightStreelightsOn,440,109,Yes,NoIntersection,Normal,Other,RUE GASTON MICHEL,M,47.20886189836137,-0.2103297212166488
201800026359,NonLethal,2018-06-24,21:05:00,Daylight,440,162,Yes,NoIntersection,Normal,2Vehicles-Side,BOULEVARD WINSTON CHURCH,M,47.21024912536221,-0.2090881919775424
201800026362,NonLethal,2018-06-27,07:20:00,Daylight,440,162,Yes,Other,Normal,Other,BOULEVARD DU MASSACRE,M,47.232284771124455,-0.2316296920010755
201800026363,NonLethal,2018-06-28,08:40:00,Daylight,440,114,No,NoIntersection,Normal,3+Vehicles-Multiple,,M,47.26267251547849,-0.2607010642690318
201800026365,NonLethal,2018-07-13,13:35:00,Daylight,440,109,Yes,Other,Normal,2Vehicles-Side,FELTRE ( RUE DE ),M,47.21651586548809,-0.2168244428687133
201800026366,NonLethal,2018-04-28,08:10:00,Daylight,440,162,Yes,NoIntersection,Normal,2Vehicles-Side,BOULEVARD PROFESSEUR JAC,M,47.24683528641496,-0.2475667627987242
201800026367,NonLethal,2018-07-10,17:15:00,Daylight,440,109,Yes,NoIntersection,Normal,Other,RUE DE LA MARSEILLAISE,M,47.20774946554733,-0.2094304518916785
201800026368,NonLethal,2018-06-16,20:27:00,TwilightOrDawn,440,109,Yes,NoIntersection,Normal,Other,RUE DE STRASBOURG,M,47.21821841824397,-0.2173904161877309
201800026369,NonLethal,2018-07-09,16:45:00,Daylight,440,162,Yes,NoIntersection,Normal,Other,IMPASSE DU BOURRELIER,M,47.22184842751919,-0.2229027573401806
201800026370,NonLethal,2018-07-18,19:00:00,Daylight,440,109,Yes,NoIntersection,Normal,2Vehicles-Side,BOULEVARD DES BELGES,M,47.23412000833665,-0.2350725287381542
201800026371,NonLethal,2018-06-18,16:00:00,Daylight,440,114,No,NoIntersection,Normal,3+Vehicles-Chain,821,M,47.2532504583882,-0.2536867557392053
201800026372,NonLethal,2018-07-20,18:00:00,Daylight,440,109,Yes,NoIntersection,Normal,2Vehicles-Side,BD DE LA PRAIRIE DE MAUV,M,47.223380727951024,-0.2230308806378863
201800026373,NonLethal,2018-07-22,18:00:00,Daylight,440,109,Yes,NoIntersection,Normal,2Vehicles-BehindVehicles-Frontal,BOULEVARD DES ANGLAIS,M,47.224620639632526,-0.2236411599684334
201800026374,NonLethal,2018-06-06,11:30:00,Daylight,440,109,Yes,Roundabout,Normal,Other,BOULEVARD JULES VERNE,M,47.24251701103759,-0.2405661016485431
201800026375,NonLethal,2018-06-22,01:00:00,NightStreelightsOn,440,109,Yes,NoIntersection,Normal,Other,BOULEVARD JEAN INGRES,M,47.2231722506686,-0.2230413335352499
201800026376,NonLethal,2018-10-06,02:35:00,NightStreelightsOn,440,162,No,NoIntersection,Normal,3+Vehicles-Chain,PERIPHERIQUE,M,47.209632697041485,-0.2097302914696651
201800026378,NonLethal,2018-05-18,16:50:00,Daylight,440,109,Yes,NoIntersection,Normal,Other,BOULEVARD DE LA BEAUJOIR,M,47.280149444287936,-0.2781800097896382
201800026379,NonLethal,2018-05-28,08:00:00,Daylight,440,109,Yes,NoIntersection,Normal,Other,BOULEVARD DE SEATTLE,M,47.217749480310765,-0.2198416350214644
201800026380,NonLethal,2018-06-12,07:55:00,Daylight,440,109,Yes,NoIntersection,Normal,Other,BOULEVARD AMIRAL COURBET,M,47.228599787688346,-0.2278992551902046
201800026381,NonLethal,2018-02-07,18:55:00,Daylight,440,143,Yes,NoIntersection,Normal,Other,RUE JEAN JAURES,M,47.18396100007191,-0.1849940929576919
201800026382,NonLethal,2018-07-06,17:00:00,Daylight,440,109,Yes,NoIntersection,Normal,2Vehicles-Behind,QUAI ANDRE MORICE,M,47.20921650970752,-0.2090550848033923
201800026383,NonLethal,2018-05-11,23:30:00,NightStreelightsOn,440,109,Yes,X-type,Normal,Other,BOULEVARD DE DOULON,M,47.22472481291298,-0.2241036663316192
201800026384,NonLethal,2018-07-27,13:55:00,Daylight,440,162,Yes,NoIntersection,Normal,2Vehicles-Side,BOULEVARD MARCEL PAUL,M,47.245239292657565,-0.2452791586677302
201800026385,NonLethal,2018-05-27,19:00:00,Daylight,440,109,Yes,NoIntersection,Normal,Other,PLACE DE LA REPUBLIQUE,M,47.22741263823151,-0.2261266534441722
201800026386,NonLethal,2018-03-08,09:45:00,Daylight,440,109,Yes,Y-type,Normal,2Vehicles-Behind,POILUS ( BD DES ),M,47.22967156671833,-0.2288637622834772
201800026388,NonLethal,2018-08-04,11:35:00,Daylight,440,114,Yes,NoIntersection,Normal,2Vehicles-Side,BD MENDES FRANCE,M,47.2623829494865,-0.2616774406316384
201800026389,NonLethal,2018-06-08,08:05:00,Daylight,440,114,No,NoIntersection,Normal,2Vehicles-Behind,RD 965,M,47.25746276456972,-0.2571290047075994
201800026390,NonLethal,2018-07-27,00:06:00,NightStreelightsOn,440,109,Yes,NoIntersection,Normal,NoCollision,RUE ALBERT LONDRES,M,47.247952761719525,-0.2462271766789514
201800026391,NonLethal,2018-07-21,11:10:00,Daylight,440,109,Yes,NoIntersection,Normal,Other,ANJOU ( PORTE PERIPH INT,M,47.23982667000666,-0.2399550062368054
201800026392,NonLethal,2018-07-23,13:55:00,Daylight,440,109,Yes,NoIntersection,Normal,Other,ROND-POINT ABEL DURAND,M,47.22245218693098,-0.2220146343117734
201800026393,NonLethal,2018-07-19,10:50:00,Daylight,440,109,Yes,NoIntersection,Normal,Other,BOULEVARD JEAN PHILIPPOT,M,47.21264720419418,-0.2096262350570605
201800026394,NonLethal,2018-07-27,16:15:00,Daylight,440,109,Yes,NoIntersection,Normal,Other,RUE GAETAN RONDEAU,M,47.20723907861451,-0.2037696272179427
201800026396,NonLethal,2018-07-25,17:45:00,Daylight,440,114,Yes,NoIntersection,Normal,3+Vehicles-Chain,ROUTE DE VANNES,M,47.2583819027348,-0.2584977507643849
201800026397,NonLethal,2018-08-01,18:10:00,Daylight,440,109,Yes,NoIntersection,Normal,Other,PONT DE CHEVIRE,M,47.1943459293344,-0.1943678700780896
201800026398,Lethal,2018-10-08,04:45:00,NightStreelightsOn,440,109,Yes,NoIntersection,Normal,Other,BOULEVARD DE LA PRAIRIE,M,47.20419898668516,-0.2046431883114331
201800026399,NonLethal,2018-08-04,12:15:00,Daylight,440,114,Yes,NoIntersection,Normal,3+Vehicles-Chain,RENNES (RTE DE) RN 137,M,47.26127207473951,-0.2644615904858415
201800026400,NonLethal,2018-08-16,17:20:00,Daylight,440,162,Yes,NoIntersection,Normal,3+Vehicles-Chain,BOULEVARD PROFESSEUR JAC,M,47.25227462715623,-0.2526546981830023
201800026401,NonLethal,2018-08-17,08:02:00,Daylight,440,109,Yes,Other,Normal,2Vehicles-Behind,CHEMIN DU PRE HERVE,M,47.245368738540165,-0.2452304302455035
201800026402,NonLethal,2018-06-28,09:25:00,Daylight,440,109,Yes,NoIntersection,Normal,2Vehicles-Side,BOULEVARD GUSTAVE ROCH,M,47.20252528558155,-0.2023690296987554
201800026404,NonLethal,2018-08-19,11:30:00,Daylight,440,215,No,NoIntersection,Normal,2Vehicles-Behind,PERIPHERIQUE SUD,M,47.17774056956192,-0.1777194240122536
201800026405,NonLethal,2018-08-25,16:35:00,Daylight,440,162,No,NoIntersection,Normal,2Vehicles-Behind,PERIPHERIQUE,M,47.21549821320253,-0.2157968098013255
201800026406,NonLethal,2018-08-05,22:20:00,NightStreelightsOn,440,109,Yes,X-type,Normal,Other,BOULEVARD ERNEST DALBY,M,47.22810252813674,-0.2280385133365136
201800026407,NonLethal,2018-08-28,17:40:00,Daylight,440,109,Yes,NoIntersection,Normal,Other,BOULEVARD VAN ISEGHEM,M,47.22813043635696,-0.2298312299453481
201800026408,NonLethal,2018-05-27,18:35:00,Daylight,440,114,Yes,NoIntersection,Normal,3+Vehicles-Chain,PERIPHERIQUE ROUTIER,M,47.2591228720644,-0.2587666728863769
201800026409,NonLethal,2018-05-25,20:00:00,Daylight,440,109,No,NoIntersection,Normal,2Vehicles-Side,GAULLE  ( BD GAL DE ),M,47.20757752064077,-0.2069031749077196
201800026410,NonLethal,2018-09-09,15:00:00,Daylight,440,109,Yes,NoIntersection,Normal,Other,ALLENDE  ( BD SALVADOR ),M,47.20735331752185,-0.2060376975496734
201800026412,NonLethal,2018-09-13,09:00:00,Daylight,440,109,Yes,NoIntersection,LightRain,2Vehicles-Side,JOSEPH ( RTE DE ST ),M,47.24363183221296,-0.2449553238314292
201800026413,NonLethal,2018-08-18,10:10:00,Daylight,440,215,Yes,NoIntersection,Normal,3+Vehicles-Chain,PERIPHERIQUE SUD,M,47.18238539880886,-0.1829291613090155
201800026414,NonLethal,2018-08-08,14:00:00,Daylight,440,109,Yes,NoIntersection,Normal,Other,BRETAGNE ( PONT ANNE DE,M,47.20977584465927,-0.2082361574049942
201800026415,NonLethal,2018-09-19,22:09:00,NightStreelightsOn,440,109,Yes,NoIntersection,Normal,2Vehicles-Side,BOULEVARD JULES VERNE,M,47.24176922038027,-0.23999605868949
201800026416,NonLethal,2018-09-22,14:10:00,Daylight,440,109,Yes,NoIntersection,Normal,2Vehicles-Side,BOULEVARD DU MASSACRE,M,47.23071499948795,-0.2281562907334127
201800026417,NonLethal,2018-09-25,18:00:00,Daylight,440,162,Yes,NoIntersection,Normal,2Vehicles-BehindVehicles-Frontal,ALLEE DE LA BOURGONNIERE,M,47.20349606291606,-0.2056883316137434
201800026418,NonLethal,2018-05-24,21:40:00,TwilightOrDawn,440,109,Yes,NoIntersection,Normal,Other,RUE GEOFFROY DROUET,M,47.22278676440452,-0.2200557848983025
201800026419,NonLethal,2018-09-25,17:30:00,Daylight,440,162,No,Other,Normal,2Vehicles-Behind,165,M,47.22479580023332,-0.2247521318763392
201800026420,NonLethal,2018-06-16,14:30:00,TwilightOrDawn,440,109,Yes,NoIntersection,Normal,Other,ROUTE DE LA JONELIERE,M,47.250682108970864,-0.2494949211207589
201800026421,NonLethal,2018-09-28,09:20:00,Daylight,440,162,Yes,NoIntersection,Normal,Other,AVENUE DES NAUDIERES,M,47.23996444111251,-0.2389876925211601
201800026424,NonLethal,2018-01-10,09:00:00,Daylight,440,109,Yes,NoIntersection,Normal,2Vehicles-Behind,AVENUE CARNOT,M,47.2146653829145,-0.214346700566816
201800026425,NonLethal,2018-10-02,09:20:00,Daylight,440,109,Yes,NoIntersection,Normal,Other,LONDRES ( RUE ALBERT ),M,47.24742893153582,-0.2477631099032502
201800026426,NonLethal,2018-10-04,18:30:00,Daylight,440,109,Yes,NoIntersection,Normal,Other,RUE DE LA BASTILLE,M,47.21862433655362,-0.2188817837307947
201800026427,NonLethal,2018-09-24,12:20:00,Daylight,440,109,Yes,NoIntersection,Normal,2Vehicles-Side,BOULEVARD DE DOULON,M,47.22566258317595,-0.2243959756843351
201800026428,NonLethal,2018-06-09,18:25:00,Daylight,440,109,No,NoIntersection,Normal,3+Vehicles-Multiple,BOULEVARD JOSEPH BOURCY,M,47.24962607564575,-0.2520790393392375
201800026429,NonLethal,2018-09-11,21:10:00,NightStreelightsOn,440,109,Yes,NoIntersection,Normal,Other,RUE DU STADE DE LA NOUE,M,47.24692283828702,-0.245532635040585
201800026430,NonLethal,2018-08-31,17:00:00,Daylight,440,143,Yes,Y-type,Normal,2Vehicles-BehindVehicles-Frontal,RUE DE LA CALIFORNIE,M,47.19070718319038,-0.1920740571778335
201800026431,NonLethal,2018-09-04,15:58:00,Daylight,440,109,Yes,NoIntersection,Normal,Other,ORIEUX ( BD EUGENE ),M,47.2339562292813,-0.2348724241613412
201800026432,NonLethal,2018-06-10,14:40:00,Daylight,440,114,Yes,NoIntersection,HeavyRain,2Vehicles-Behind,ROUTE DE RENNES,M,47.26358150623218,-0.2623444555662362
201800026433,Lethal,2018-07-10,02:30:00,NightStreelightsOn,440,109,Yes,NoIntersection,LightRain,Other,RUE DU BOIS BRIAND,M,47.25017061885018,-0.2528818394917985
201800026436,NonLethal,2018-09-08,17:45:00,Daylight,440,162,Yes,NoIntersection,Normal,3+Vehicles-Multiple,RUE OCEANE,M,47.22880689615421,-0.2255150506818246
201800026437,NonLethal,2018-05-10,18:10:00,Daylight,440,190,Yes,NoIntersection,Normal,Other,RUE JEAN MERMOZ,M,47.19759253004233,-0.1970757803387528
201800026438,NonLethal,2018-09-10,17:20:00,Daylight,440,114,No,NoIntersection,Normal,3+Vehicles-Multiple,82,M,47.257962076584015,-0.2582878269194539
201800026439,NonLethal,2018-10-09,19:09:00,Daylight,440,109,Yes,NoIntersection,Normal,2Vehicles-Side,PLACE DE LA REPUBLIQUE,M,47.20471254070751,-0.2055310586967292
201800026440,NonLethal,2018-12-10,10:05:00,Daylight,440,109,Yes,NoIntersection,Normal,2Vehicles-Side,BOULEVARD VINCENT GACHE,M,47.20628076620528,-0.2059106744533952
201800026441,NonLethal,2018-11-10,12:10:00,Daylight,440,109,Yes,NoIntersection,Normal,2Vehicles-Behind,BOULEVARD DES BELGES,M,47.23443907401238,-0.2333890438051591
201800026443,NonLethal,2018-05-14,08:40:00,Daylight,440,109,Yes,NoIntersection,Normal,Other,RUE DES RENARDS,M,47.25300179220129,-0.2537329371956599
201800026444,NonLethal,2018-10-19,21:30:00,NightStreelightsOn,440,162,Yes,NoIntersection,Normal,2Vehicles-BehindVehicles-Frontal,Bd Charles GAUTIER,M,47.21993345071446,-0.2224131775219733
201800026445,NonLethal,2018-06-25,18:45:00,Daylight,440,114,Yes,NoIntersection,Normal,2Vehicles-Behind,PERIPHERIQUE ROUTIER,M,47.26261295932819,-0.2609762142843867
201800026446,NonLethal,2018-10-21,10:50:00,Daylight,440,109,No,NoIntersection,Normal,2Vehicles-Behind,PARIS ( ROUTE DE ),M,47.25518471704681,-0.2551399472003491
201800026447,NonLethal,2018-10-22,15:55:00,Daylight,440,114,Yes,NoIntersection,Normal,3+Vehicles-Chain,PERIPHERIQUE ROUTIER,M,47.26574302639082,-0.2648644995769074
201800026448,NonLethal,2018-10-23,16:50:00,Daylight,440,109,Yes,NoIntersection,VeryGood,2Vehicles-BehindVehicles-Frontal,RUE VULCAIN,M,47.2243496598304,-0.2239761593198519
201800026449,NonLethal,2018-10-26,13:05:00,Daylight,440,162,Yes,NoIntersection,Normal,2Vehicles-Side,BOULEVARD DU TERTRE,M,47.22170800768318,-0.2197273625772624
201800026451,NonLethal,2018-10-28,02:05:00,NightStreelightsOn,440,109,Yes,NoIntersection,Normal,3+Vehicles-Chain,RUE GENERAL BUAT,M,47.23116643893663,-0.2331286257684214
201800026453,NonLethal,2018-10-31,08:00:00,Daylight,440,190,Yes,NoIntersection,Normal,2Vehicles-Side,RUE DE LA COMMUNE DE 187,M,47.19824165257379,-0.1992809215461729
201800026454,NonLethal,2018-10-07,10:45:00,Daylight,440,109,Yes,NoIntersection,Normal,Other,BRETAGNE ( PONT ANNE DE,M,47.20873202907669,-0.2096068492675479
201800026455,NonLethal,2018-10-31,15:00:00,Daylight,440,143,Yes,NoIntersection,Normal,2Vehicles-Side,RUE DE LA BAUCHE THIRAUD,M,47.16228303279417,-0.1607807315972453
201800026456,NonLethal,2018-01-11,19:15:00,NightStreelightsOn,440,162,Yes,NoIntersection,Normal,3+Vehicles-Chain,RUE DE SAINT NAZAIRE,M,47.21320171438366,-0.211335416066981
201800026457,NonLethal,2018-05-26,15:40:00,Daylight,440,109,Yes,NoIntersection,Normal,Other,ROUTE DE LA JONELIERE,M,47.25261660381323,-0.2529375252647559
201800026458,NonLethal,2018-11-06,20:50:00,NightStreelightsOn,440,109,Yes,NoIntersection,Normal,NoCollision,RUE DU POITOU,M,47.22477261599754,-0.2235715020565416
201800026459,NonLethal,2018-07-11,07:45:00,NightStreelightsOn,440,162,Yes,Roundabout,Normal,2Vehicles-Side,AVENUE DE LA BOUVARDIERE,M,47.23804078493386,-0.237779822677349
201800026460,NonLethal,2018-10-25,19:30:00,TwilightOrDawn,440,109,Yes,NoIntersection,Normal,Other,BOULEVARD A. MILLERAND,M,47.209348302924376,-0.2095650105815467
201800026461,NonLethal,2018-10-23,19:30:00,TwilightOrDawn,440,109,Yes,NoIntersection,Normal,Other,BD MARTYRS N. DE LA RESI,M,47.20581367695539,-0.2069191491340526
201800026462,NonLethal,2018-10-12,08:50:00,Daylight,440,109,Yes,NoIntersection,Normal,Other,RUE FERDINAND BUISSON,M,47.204313144951385,-0.205955016870844
201800026464,NonLethal,2018-09-28,08:20:00,TwilightOrDawn,440,190,Yes,NoIntersection,Normal,Other,RUE EDOUARD HERVE,M,47.19040515348246,-0.1902446839549317
201800026465,NonLethal,2018-10-09,19:00:00,Daylight,440,109,Yes,NoIntersection,Normal,Other,RUE FREDERIC CAILLIAUD,M,47.219407775765134,-0.2210851141936289
201800026466,NonLethal,2018-03-11,17:25:00,Daylight,440,109,Yes,NoIntersection,Normal,Other,AVENUE DE WATTIGNIES,M,47.20534598280484,-0.200328457640645
201800026467,NonLethal,2018-06-11,08:30:00,Daylight,440,162,No,NoIntersection,Normal,Other,75,M,47.20418039799247,-0.2063820450741618
201800026468,NonLethal,2018-09-06,07:25:00,Daylight,440,109,Yes,T-type,Normal,Other,QUAI DE VERSAILLES,M,47.22782880260656,-0.2268111286260183
201800026469,NonLethal,2018-09-19,17:43:00,Daylight,440,109,Yes,NoIntersection,Normal,Other,RUE FREDERIC MISTRAL,M,47.24630504996803,-0.2462008765325893
201800026470,NonLethal,2018-09-25,10:35:00,Daylight,440,109,Yes,NoIntersection,Normal,Other,RUE PAUL BELLAMY,M,47.22059984443265,-0.217298546003368
201800026472,NonLethal,2018-11-06,13:35:00,Daylight,440,143,Yes,NoIntersection,Normal,Other,RUE ARISTIDE BRIAND,M,47.182978307229824,-0.1819655610387807
201800026473,NonLethal,2018-07-11,17:10:00,TwilightOrDawn,440,109,Yes,NoIntersection,Normal,Other,RUE COPERNIC,M,47.21545990302503,-0.2156168108563011
201800026475,NonLethal,2018-11-15,16:00:00,Daylight,440,109,Yes,NoIntersection,Normal,Other,RUE MARECHAL JOFFRE,M,47.22051860959142,-0.2214660454432177
201800026476,NonLethal,2018-11-16,20:50:00,NightNoStreetLight,440,162,Yes,NoIntersection,FogOrSmoke,2Vehicles-BehindVehicles-Frontal,BOULEVARD CHARLES DE GAU,M,47.2110517051465,-0.2117869017085463
201800026478,NonLethal,2018-11-21,08:00:00,Daylight,440,114,Yes,NoIntersection,Normal,2Vehicles-Behind,AVENUE DU BOIS RAGUENET,M,47.27079959723665,-0.2687780059119934
201800026479,Lethal,2018-11-16,15:49:00,Daylight,440,143,Yes,NoIntersection,Normal,NoCollision,AVENUE DES TREILLES,M,47.19159075246908,-0.1904133272635599
201800026480,NonLethal,2018-07-20,12:02:00,Daylight,440,109,Yes,NoIntersection,Normal,2Vehicles-Side,BOULEVARD DE STALINGRAD,M,47.2185032215043,-0.2182160881645034
201800026481,NonLethal,2018-11-15,09:00:00,Daylight,440,143,Yes,NoIntersection,Normal,Other,RUE DE LA ROBINIERE,M,47.166174959665526,-0.1669508290354215
201800026482,NonLethal,2018-11-22,19:45:00,NightNoStreetLight,440,162,No,NoIntersection,Normal,2Vehicles-Behind,PERIPHERIQUE,M,47.223297724041565,-0.2240318019461616
201800026483,NonLethal,2018-11-12,06:15:00,TwilightOrDawn,440,109,Yes,NoIntersection,Normal,Other,MELLINET ( PL GENERAL ),M,47.210019857131805,-0.2109569034695648
201800026484,NonLethal,2018-11-28,01:45:00,NightStreelightsOn,440,114,No,NoIntersection,LightRain,Other,,M,47.27775847628265,-0.276803745273039
201800026485,NonLethal,2018-09-25,09:37:00,Daylight,440,109,Yes,NoIntersection,Normal,Other,BOULEVARD HENRY ORRION,M,47.23344069322184,-0.2350714281624297
201800026486,NonLethal,2018-11-29,11:19:00,Daylight,440,162,Yes,NoIntersection,Normal,Other,BOULEVARD SALVADOR ALLEN,M,47.21909891991891,-0.2203235933316318
201800026487,NonLethal,2018-11-30,09:10:00,Daylight,440,162,No,Roundabout,Normal,Other,PORTE DE SAUTRON,M,47.25167935893699,-0.250582886614742
201800026488,NonLethal,2018-11-30,16:40:00,Daylight,440,109,Yes,NoIntersection,Normal,Other,BOULEVARD JEAN PHILIPPOT,M,47.21106795685103,-0.2143004333527121
201800026489,NonLethal,2018-11-28,12:10:00,Daylight,440,109,Yes,NoIntersection,Normal,Other,RUE JACQUES DUCLOS,M,47.237072240543455,-0.2384312985766677
201800026490,NonLethal,2018-11-27,19:15:00,TwilightOrDawn,440,109,Yes,Other,Normal,Other,FELTRE ( RUE DE ),M,47.21630602382984,-0.2166774755031256
201800026491,NonLethal,2018-11-15,14:00:00,Daylight,440,109,Yes,NoIntersection,Normal,Other,AVENUE CARNOT,M,47.216186780196445,-0.2145893802612219
201800026492,Lethal,2018-12-05,17:10:00,TwilightOrDawn,440,114,Yes,NoIntersection,LightRain,2Vehicles-BehindVehicles-Frontal,RUE DE LA VIGNE,M,47.26919786855949,-0.2702883809801182
201800026493,NonLethal,2018-12-12,22:10:00,NightStreelightsOn,440,114,No,Roundabout,Normal,2Vehicles-Side,RD-PT DU BOIS CESBRON,M,47.257982075891135,-0.2565096483111861
201800026495,NonLethal,2018-12-15,23:40:00,NightStreelightsOn,440,109,Yes,NoIntersection,Normal,2Vehicles-Side,RUE EUGENE DELACROIX,M,47.22422927526981,-0.2222779902748597
201800026496,NonLethal,2018-12-16,01:07:00,NightStreelightsOn,440,109,Yes,Other,LightRain,Other,QUAI DE LA FOSSE,M,47.20981855784185,-0.2101301687313576
201800026498,NonLethal,2018-12-17,18:15:00,NightNoStreetLight,440,162,No,NoIntersection,Normal,2Vehicles-Side,PERIPHERIQUE,M,47.228627243495474,-0.2291940520887948
201800026500,NonLethal,2018-12-18,18:55:00,NightStreelightsOn,440,162,Yes,NoIntersection,Normal,NoCollision,BOULEVARD DU TERTRE,M,47.21821985995909,-0.2204822127395448
201800026501,NonLethal,2018-06-09,17:49:00,Daylight,440,114,Yes,NoIntersection,Normal,NoCollision,RUE DU BUSSON,M,47.25199107839226,-0.2515656863933023
201800026502,NonLethal,2018-03-09,12:50:00,Daylight,440,109,Yes,NoIntersection,Normal,Other,VERNE ( BD JULES ),M,47.2376358272691,-0.2375101316695707
201800026503,NonLethal,2018-11-28,10:00:00,Daylight,440,143,Yes,NoIntersection,Normal,2Vehicles-Behind,RUE JULES LAISNE,M,47.17849215254866,-0.1778434824643919
201800026505,NonLethal,2018-12-21,08:31:00,Daylight,440,109,Yes,NoIntersection,HeavyRain,3+Vehicles-Chain,BOULEVARD PRESIDENT RENE,M,47.20741460599237,-0.206631782605196
201800026506,NonLethal,2018-12-21,17:10:00,TwilightOrDawn,440,109,Yes,NoIntersection,LightRain,Other,BOULEVARD BABIN CHEVAYE,M,47.20612994434831,-0.2073498400610247
201800026507,NonLethal,2018-12-23,01:50:00,NightStreelightsOn,440,109,Yes,NoIntersection,Normal,Other,CALVAIRE ( RUE DU ),M,47.21715471662814,-0.2160407161358153
201800026508,NonLethal,2018-12-20,07:15:00,NightStreelightsOn,440,109,Yes,NoIntersection,Normal,Other,BD SALVADOR ALLENDE,M,47.2060719461055,-0.2064694315213007
201800026509,NonLethal,2018-05-12,17:00:00,NightStreelightsOn,440,109,Yes,NoIntersection,HeavyRain,Other,BOULEVARD GUSTAVE ROCH,M,47.20040518042341,-0.2014139846554999
201800026510,NonLethal,2018-12-21,11:25:00,Daylight,440,143,Yes,T-type,LightRain,Other,RUE JEAN FRAIX,M,47.189458400668734,-0.1889582805872558
201800026511,NonLethal,2018-12-28,20:20:00,NightStreelightsOn,440,162,Yes,NoIntersection,Normal,Other,RUE PABLO NERUDA,M,47.21927482325148,-0.2184239825930803
201800026512,NonLethal,2018-12-30,16:45:00,Daylight,440,109,Yes,NoIntersection,LightRain,2Vehicles-BehindVehicles-Frontal,ROUTE DE SAINT JOSEPH,M,47.261414597759305,-0.2615902747682965
201800026513,NonLethal,2018-02-01,18:20:00,NightStreelightsOn,440,184,Yes,NoIntersection,LightRain,2Vehicles-Side,COTE D'AMOUR (RTE DE LA),M,47.25653374280701,-0.2558912137990725
201800026514,NonLethal,2018-05-01,11:00:00,Daylight,440,184,Yes,NoIntersection,Normal,Other,"24,GATE (RUE DU CDT) DU",M,47.27533454075317,-0.2750154512403809
201800026515,NonLethal,2018-09-01,12:50:00,Daylight,440,184,Yes,Roundabout,Normal,2Vehicles-Side,RD 492 DU RP OCEANIS AU,M,47.25770670532312,2.2609902920864924
201800026516,NonLethal,2018-01-25,08:15:00,Daylight,440,184,Yes,X-type,LightRain,2Vehicles-Side,"l7, BART (RUE JEAN)",M,47.2679632124803,-0.2674615729402781
201800026517,NonLethal,2018-01-26,08:05:00,TwilightOrDawn,440,184,No,T-type,Normal,2Vehicles-BehindVehicles-Frontal,QUEMENEAU (ROUTE DU),M,47.30782731607906,-0.3100682025126651
201800026518,NonLethal,2018-02-02,07:50:00,TwilightOrDawn,440,184,No,NoIntersection,Normal,3+Vehicles-Chain,RD 213,M,47.289210376479865,-0.28851519112052
201800026519,NonLethal,2018-05-02,10:45:00,Daylight,440,184,Yes,X-type,Normal,2Vehicles-Side,"240, GRENAPIN (RUE PITRE",M,47.25764781020586,-0.2583918090356509
201800026520,NonLethal,2018-02-13,14:25:00,Daylight,440,184,No,NoIntersection,Normal,NoCollision,RD 492 DU RP OCEANIS AU,M,47.258480395922895,-0.2580340422512505
201800026521,NonLethal,2018-02-21,11:00:00,Daylight,440,184,No,NoIntersection,Normal,Other,RD 492 DU RP OCEANIS AU,M,47.26638638881846,-0.2649651807451212
201800026522,NonLethal,2018-02-21,12:25:00,Daylight,440,184,Yes,NoIntersection,Normal,2Vehicles-Behind,"33, VILLES-MOLLE (ROUTE",M,47.251490441796406,-0.2531372934791109
201800026523,NonLethal,2018-02-25,07:26:00,Daylight,440,184,No,NoIntersection,Normal,NoCollision,RD 213,M,47.28283794869556,-0.2838311473634567
201800026524,NonLethal,2018-03-06,06:22:00,TwilightOrDawn,440,184,Yes,Roundabout,LightRain,2Vehicles-Side,OCEANIS (ROND-POINT),M,47.25714709852976,-0.2568283750262153
201800026525,NonLethal,2018-03-08,07:15:00,TwilightOrDawn,440,184,Yes,X-type,Normal,2Vehicles-Side,MAUPERTUIS (BD DE),M,47.27648165703384,-0.2789010856875843
201800026526,NonLethal,2018-03-12,15:50:00,Daylight,440,184,Yes,NoIntersection,Normal,NoCollision,"7, ARSONVAL (RUE ARSENE",M,47.27009608314279,-0.2703248619059823