AccidentId,Gravity,Date,Hour,Light,Department,Commune,InAgglomeration,IntersectionType,Weather,CollisionType,PostalAddress,GPSCode,Latitude,Longitude
201800026527,NonLethal,2018-03-13,10:25:00,Daylight,440,184,Yes,NoIntersection,Normal,NoCollision,OFFENBACH (RUE JACQUES),M,47.26492506265727,-0.2633978268108383
201800026528,NonLethal,2018-03-23,13:50:00,Daylight,440,184,Yes,X-type,Normal,2Vehicles-Side,BAUDIN (RUE JEAN),M,47.291661622742936,-0.2920511296806329
201800026529,NonLethal,2018-03-27,15:30:00,Daylight,440,184,Yes,NoIntersection,Normal,NoCollision,parking,M,47.26510963258853,-0.2669982933936907
201800026530,NonLethal,2018-03-31,09:45:00,Daylight,440,184,Yes,NoIntersection,Normal,Other,30 COTE D'AMOUR (RTE DE,M,47.26131048875839,-0.2610586227849947
201800026531,NonLethal,2018-06-04,11:50:00,Daylight,440,184,Yes,Roundabout,Normal,2Vehicles-Behind,SAINT-NAZAIRE (AVENUE DE,M,47.25661672324822,-0.2558419254892212
201800026532,NonLethal,2018-04-06,15:50:00,Daylight,440,184,Yes,NoIntersection,Normal,3+Vehicles-Chain,RD 492 DU PONT BD HâPITA,M,47.27886581001657,-0.2803284265125133
201800026533,NonLethal,2018-04-07,13:30:00,Daylight,440,184,Yes,Roundabout,Normal,2Vehicles-Behind,RD 492 DU PONT BD HâPITA,M,47.28699821084249,-0.2877924346495746
201800026534,NonLethal,2018-04-12,12:15:00,Daylight,440,184,Yes,X-type,Normal,Other,DUMONT D'URVILLE (Bd),M,47.24281575493817,-0.2415687319072465
201800026535,NonLethal,2018-04-18,06:50:00,NightStreelightsOn,440,184,Yes,X-type,Normal,2Vehicles-Side,ZOLA (BOULEVARD EMILE),M,47.3032874244096,-0.3023573773591999
201800026536,NonLethal,2018-02-05,10:00:00,Daylight,440,184,No,NoIntersection,HeavyRain,3+Vehicles-Chain,RD 213,M,47.2836866318789,-0.2842946194947596
201800026537,NonLethal,2018-05-06,11:05:00,Daylight,440,184,Yes,Roundabout,Normal,3+Vehicles-Chain,MERMOZ (BOULEVARD JEAN),M,47.27928113969475,-0.2797614779790957
201800026538,NonLethal,2018-10-05,10:45:00,Daylight,440,184,Yes,Roundabout,Normal,2Vehicles-Side,SUNDERLAND (BOULEVARD DE,M,47.27031318559612,-0.2697354897867605
201800026539,NonLethal,2018-05-13,20:25:00,TwilightOrDawn,440,184,Yes,X-type,Normal,Other,FRECHETS (ROUTE DES),M,47.26500947268034,-0.2639281897266253
201800026540,NonLethal,2018-05-14,21:10:00,Daylight,440,184,Yes,X-type,Normal,2Vehicles-Side,MARRE (RUE VICTOR),M,47.295183615948446,-0.2969909411620457
201800026541,Lethal,2018-05-15,05:40:00,NightStreelightsOn,440,184,Yes,T-type,Normal,2Vehicles-BehindVehicles-Frontal,LEFERME (BOULEVARD PAUL),M,47.28430495244667,-0.2857201707534563
201800026542,NonLethal,2018-05-15,15:40:00,Daylight,440,184,Yes,NoIntersection,Normal,2Vehicles-Behind,SAINT-NAZAIRE (AVENUE DE,M,47.24543860820721,-0.243249821895624
201800026543,NonLethal,2018-05-16,08:00:00,TwilightOrDawn,440,184,Yes,T-type,Normal,2Vehicles-Side,G¶T (RUE DU CDT) DU 35,M,47.27578925684325,-0.2771375920007113
201800026545,NonLethal,2018-05-24,08:10:00,Daylight,440,184,Yes,NoIntersection,Normal,2Vehicles-Side,LAENNEC (BD DU DR RENE),M,47.26795524734568,-0.2663524263303607
201800026546,NonLethal,2018-05-06,14:00:00,Daylight,440,184,Yes,NoIntersection,Overcast,3+Vehicles-Chain,BRANDT (BOULEVARD WILLY),M,47.28622413676487,-0.2874954863218353
201800026547,NonLethal,2018-06-07,10:15:00,Daylight,440,184,Yes,Roundabout,Overcast,2Vehicles-Side,RD 492 DU RP OCEANIS AU,M,47.26343923181158,-0.2639746439122377
201800026548,NonLethal,2018-12-06,19:21:00,Daylight,440,184,Yes,NoIntersection,Normal,2Vehicles-Side,AV GEO ANDRE,M,47.26876231037577,-0.2675895289512767
201800026549,NonLethal,2018-06-15,18:45:00,Daylight,440,184,Yes,X-type,Normal,2Vehicles-Side,FRATERNITE (BOULEVARD DE,M,47.28072206819866,-0.2815551198251309
201800026550,NonLethal,2018-06-21,11:40:00,Daylight,440,184,Yes,T-type,Normal,2Vehicles-Side,FAURE (RUE GABRIEL),M,47.26967830780973,-0.2686731845654332
201800026552,NonLethal,2018-06-22,07:55:00,Daylight,440,184,Yes,NoIntersection,Normal,2Vehicles-Side,APPRENTIS (BOULEVARD DES,M,47.29954650904256,-0.2991170078889335
201800026553,NonLethal,2018-06-22,16:45:00,Daylight,440,184,Yes,NoIntersection,Normal,Other,COUBERTIN (AVENUE PIERRE,M,47.26938399851797,-0.2699896502472587
201800026554,NonLethal,2018-06-22,19:45:00,Daylight,440,184,Yes,X-type,Normal,2Vehicles-Side,VIREES NEUVES (ALLEE DES,M,47.28191661192626,-0.2807697381203691
201800026555,NonLethal,2018-06-23,00:35:00,NightStreelightsOn,440,184,Yes,X-type,Normal,2Vehicles-Side,COTE D'AMOUR (RTE DE LA),M,47.25893551138063,-0.2579232492888336
201800026556,Lethal,2018-06-27,20:00:00,Daylight,440,184,Yes,NoIntersection,Normal,2Vehicles-Side,SAINT-NAZAIRE (AVENUE DE,M,47.24731286524137,-0.2502373816168529
201800026557,NonLethal,2018-06-29,08:56:00,Daylight,440,184,Yes,NoIntersection,Normal,2Vehicles-Side,LAENNEC (BD DU DR RENE),M,47.27635600966537,-0.2746109387866761
201800026558,NonLethal,2018-06-29,15:15:00,Daylight,440,184,Yes,NoIntersection,Normal,Other,SUNDERLAND (BOULEVARD DE,M,47.26993073252296,-0.2700645816294242
201800026559,NonLethal,2018-06-30,18:35:00,Daylight,440,184,Yes,NoIntersection,Normal,NoCollision,ZOLA (BOULEVARD EMILE),M,47.29779288338603,-0.2969822526986465
201800026560,NonLethal,2018-07-06,16:10:00,Daylight,440,184,Yes,X-type,Normal,3+Vehicles-Multiple,SAINT-MARC (ROUTE DE) DU,M,47.25372145051092,-0.2544648080838825
201800026561,NonLethal,2018-07-08,12:05:00,Daylight,440,184,Yes,NoIntersection,Normal,Other,CHARCOT (RUE DU CDT),M,47.23885899222411,-0.2402506820776545
201800026562,NonLethal,2018-07-16,12:20:00,Daylight,440,184,Yes,X-type,Normal,2Vehicles-Side,PERTUISCHAUD (RUE DU),M,47.26457434661037,-0.2657856171398179
201800026563,NonLethal,2018-07-16,16:45:00,Daylight,440,184,Yes,T-type,Normal,Other,JAURES (RUE JEAN) DU 57,M,47.28094166965613,-0.2817449711300945
201800026565,NonLethal,2018-07-18,07:45:00,Daylight,440,184,No,NoIntersection,Normal,3+Vehicles-Chain,RD 492 BD HOPITAL,M,47.28398702590995,-0.2855967189705494
201800026567,NonLethal,2018-07-25,14:25:00,Daylight,440,184,No,NoIntersection,Normal,2Vehicles-Behind,RD 213,M,47.285275549821705,-0.2876144612419515
201800026568,NonLethal,2018-07-27,11:00:00,Daylight,440,184,Yes,NoIntersection,Normal,2Vehicles-BehindVehicles-Frontal,AMERIQUE LATINE (PLACE D,M,47.27775602301617,-0.275674898698579
201800026569,NonLethal,2018-07-27,14:50:00,Daylight,440,184,Yes,NoIntersection,Normal,2Vehicles-Behind,RD 492 DU PONT BD HOPITA,M,47.277793234431066,-0.2764570340589133
201800026570,NonLethal,2018-07-29,12:40:00,Daylight,440,184,Yes,NoIntersection,LightRain,Other,COMMANDO (AVENUE DU),M,47.2728858565416,-0.2731208922757938
201800026571,NonLethal,2018-03-08,15:20:00,Daylight,440,184,Yes,NoIntersection,Normal,2Vehicles-Side,SALENGRO (RUE ROGER) DU,M,47.2745420580492,-0.2755442081139538
201800026572,NonLethal,2018-08-06,16:25:00,Daylight,440,184,Yes,NoIntersection,Normal,2Vehicles-Side,LAGRANGE (AVENUE LEO),M,47.27363012479147,-0.2719851085351626
201800026573,NonLethal,2018-08-12,17:45:00,Daylight,440,184,Yes,NoIntersection,LightRain,3+Vehicles-Chain,RD 392  (Thomas Edison),M,47.2838826983204,-0.2849186410418028
201800026574,NonLethal,2018-08-18,19:15:00,Daylight,440,184,Yes,T-type,Normal,3+Vehicles-Multiple,LEFERME (BOULEVARD PAUL),M,47.29205618227082,-0.2902125855202079
201800026575,NonLethal,2018-08-23,17:00:00,Daylight,440,184,Yes,NoIntersection,Normal,Other,TRIGNAC (RUE DE),M,47.29612916561238,-0.2989355439624269
201800026576,NonLethal,2018-08-24,15:55:00,Daylight,440,184,Yes,X-type,Normal,Other,MAUPERTUIS (BD DE) DU 83,M,47.28182019066125,-0.2815161563866145
201800026577,NonLethal,2018-08-30,08:45:00,Daylight,440,184,Yes,X-type,Normal,2Vehicles-Side,GUTENBERG (RUE JEAN),M,47.2799616714006,-0.2766252254711951
201800026579,NonLethal,2018-05-09,12:35:00,Daylight,440,184,Yes,NoIntersection,Normal,Other,SUNDERLAND (BOULEVARD DE,M,47.27121600494169,-0.2710473420585805
201800026580,NonLethal,2018-09-13,04:45:00,NightNoStreetLight,440,184,Yes,NoIntersection,Normal,2Vehicles-Side,CORVISART (AVENUE JEAN),M,47.26037776208995,-0.2614568854487452
201800026581,NonLethal,2018-09-14,17:00:00,Daylight,440,184,Yes,NoIntersection,Normal,2Vehicles-Side,BERTHELOT (RUE MARCELLIN,M,47.27356515057216,-0.2736424972135171
201800026582,NonLethal,2018-09-14,19:20:00,Daylight,440,184,Yes,X-type,Normal,2Vehicles-Side,GAULLE (RUE DU GAL DE),M,47.27319668381753,-0.2722758717138514
201800026583,NonLethal,2018-09-17,20:50:00,NightStreelightsOn,440,184,Yes,Roundabout,Normal,2Vehicles-Side,GAULLE (RUE DU GAL DE),M,47.27286019679293,-0.2747080203941057
201800026584,NonLethal,2018-09-25,08:55:00,Daylight,440,184,No,NoIntersection,Normal,3+Vehicles-Chain,RD 213,M,47.28787226530622,-0.288731011290088
201800026585,NonLethal,2018-09-26,17:55:00,Daylight,440,184,Yes,X-type,Normal,2Vehicles-Side,MUN (RUE ALBERT DE) DU 5,M,47.27725650048321,-0.2781656269441788
201800026587,NonLethal,2018-01-10,10:00:00,Daylight,440,184,No,NoIntersection,Normal,3+Vehicles-Chain,RD 213,M,47.285609111838326,-0.2855266389725333
201800026588,NonLethal,2018-02-10,13:55:00,Daylight,440,184,Yes,NoIntersection,Normal,Other,REPUBLIQUE (AVENUE DE LA,M,47.27471387048324,-0.2732576391671072
201800026589,NonLethal,2018-05-10,21:30:00,NightNoStreetLight,440,184,No,NoIntersection,Normal,2Vehicles-Behind,SAINT-NAZAIRE (AVENUE DE,M,47.26822270292749,-0.2684325916293624
201800026590,NonLethal,2018-09-10,18:10:00,Daylight,440,184,Yes,X-type,Normal,2Vehicles-Behind,PORNICHET (RUE DE) DU 26,M,47.26290591522909,-0.26223547944817
201800026594,NonLethal,2018-10-19,15:55:00,Daylight,440,184,Yes,X-type,Normal,2Vehicles-Side,MOULIN DE LA BUTTE (Bd,M,47.28553980637766,-0.2861873659476894
201800026596,NonLethal,2018-10-23,07:50:00,TwilightOrDawn,440,184,Yes,NoIntersection,Normal,Other,BOURDELLE (AVENUE ANTOIN,M,47.291018314809655,-0.2882702212771806
201800026597,NonLethal,2018-10-27,11:31:00,Daylight,440,184,Yes,Y-type,Normal,Other,FRECHETS (ROUTE DES),M,47.26662202414317,-0.2637520930383419
201800026598,NonLethal,2018-10-25,07:51:00,NightStreelightsOn,440,184,Yes,T-type,FogOrSmoke,2Vehicles-Side,PENHOET (AVENUE DE),M,47.29144584067448,-0.2916796032399976
201800026599,NonLethal,2018-10-31,04:30:00,NightNoStreetLight,440,184,Yes,NoIntersection,Normal,3+Vehicles-Chain,RD 213,M,47.28643608689743,-0.2838847122578988
201800026600,NonLethal,2018-11-02,14:36:00,Daylight,440,184,Yes,X-type,Normal,2Vehicles-BehindVehicles-Frontal,FRATERNITE (BOULEVARD DE,M,47.2822443552073,-0.282598842749001
201800026601,NonLethal,2018-11-13,07:37:00,NightNoStreetLight,440,184,Yes,NoIntersection,Normal,Other,BOUGAINVILLE (BOULEVARD,M,47.28707362792749,-0.2865522268011341
201800026603,NonLethal,2018-11-13,19:20:00,Daylight,440,184,Yes,NoIntersection,Normal,Other,PARE (RUE AMBROISE),M,47.26272334671944,-0.261838363577674
201800026605,NonLethal,2018-11-24,17:55:00,NightStreelightsOn,440,184,Yes,X-type,Normal,2Vehicles-BehindVehicles-Frontal,FRATERNITE (BOULEVARD DE,M,47.280592700722885,-0.2834628335386805
201800026606,NonLethal,2018-11-26,10:40:00,Daylight,440,184,No,NoIntersection,Normal,2Vehicles-Behind,RD 213,M,47.28411914321203,-0.2836111418802919
201800026607,NonLethal,2018-11-27,17:50:00,TwilightOrDawn,440,184,Yes,X-type,HeavyRain,Other,BERTHAUDERIE (RUE DE LA),M,47.28521848959887,-0.2868126527923857
201800026608,NonLethal,2018-11-30,12:00:00,Daylight,440,184,Yes,NoIntersection,Normal,2Vehicles-Behind,SAINT-MARC (ROUTE DE) DU,M,47.2513931646734,-0.2497190970054015
201800026610,NonLethal,2018-12-16,14:50:00,Daylight,440,184,Yes,Roundabout,HeavyRain,2Vehicles-Side,LAENNEC (BD DU DR RENE),M,47.26469877597888,-0.268115612230896
201800026611,NonLethal,2018-12-28,17:45:00,NightStreelightsOn,440,184,Yes,NoIntersection,Normal,Other,REPUBLIQUE (AVENUE DE LA,M,47.279741647375324,-0.2819478934316849
201800026612,NonLethal,2018-05-01,08:15:00,Daylight,450,208,No,NoIntersection,LightRain,2Vehicles-BehindVehicles-Frontal,RD 2007,M,47.994039636733845,2.990803970312676
201800026613,NonLethal,2018-01-10,12:15:00,Daylight,450,68,Yes,X-type,Overcast,2Vehicles-Side,RUE A MESSAGER/H BERLIOZ,M,48.00579067885158,2.004558605296141
201800026614,Lethal,2018-01-13,06:05:00,NightStreelightsOn,450,4,Yes,NoIntersection,Normal,Other,"1522, AVENUE D'ANTIBES",M,47.97428546268347,2.9726302062049763
201800026615,NonLethal,2018-01-17,17:57:00,TwilightOrDawn,450,4,Yes,NoIntersection,LightRain,2Vehicles-Behind,1 R DOCTEUR SCHWEITZER,M,47.99929328020598,3.0010225898942195
201800026616,NonLethal,2018-01-22,02:40:00,NightNoStreetLight,450,4,No,NoIntersection,LightRain,3+Vehicles-Multiple,RD 2060,M,47.9709453882935,2.967685687464131
201800026617,NonLethal,2018-01-22,16:30:00,Daylight,450,68,Yes,NoIntersection,Overcast,2Vehicles-Side,RUE NELSON MANDELA,M,48.01247112883559,2.013020441955748
201800026618,NonLethal,2018-01-29,09:00:00,Daylight,450,208,No,NoIntersection,LightRain,Other,RD 2OO7,M,47.98118130438671,2.9811344037953678
201800026619,NonLethal,2018-02-01,14:28:00,Daylight,450,4,Yes,NoIntersection,Normal,2Vehicles-Side,RD 2O6O,M,47.98437025215437,2.9856097001221253
201800026620,NonLethal,2018-02-11,12:30:00,Daylight,450,68,Yes,X-type,Normal,2Vehicles-Side,RUE E ZOLA-rue A Briand,M,48.01099257737343,2.0124184690882942
201800026621,NonLethal,2018-02-16,11:10:00,Daylight,450,208,Yes,NoIntersection,Normal,Other,"90, RUE ANDRE COQUILLET",M,47.99271824762399,2.9917518516237718
201800026622,NonLethal,2018-02-17,19:20:00,NightStreelightsOn,450,4,Yes,Roundabout,Normal,Other,RUE DU VERNISSON,M,47.97916919801725,2.979920481801472
201800026623,NonLethal,2018-02-21,11:05:00,Daylight,450,208,Yes,X-type,VeryGood,2Vehicles-Side,CARNOT (RUE),M,48.00301338494428,2.002663205337635
201800026624,NonLethal,2018-02-24,22:40:00,NightStreelightsOn,450,208,Yes,X-type,Normal,2Vehicles-BehindVehicles-Frontal,"114, R DE LA LIBERATION",M,49.99483173840918,2.992752340398316
201800026625,NonLethal,2018-02-03,12:50:00,Daylight,450,4,Yes,T-type,Normal,2Vehicles-Side,RUE DE COULEUVREUX,M,47.97996585686396,2.979537727098628
201800026626,NonLethal,2018-06-03,16:50:00,Daylight,450,208,Yes,Other,Normal,Other,22 BD PAUL BAUDIN,M,48.001843723086765,2.0015390304809206
201800026627,NonLethal,2018-06-03,19:48:00,NightStreelightsOn,450,208,Yes,X-type,LightRain,Other,R E MENGIN,M,48.00474703667162,2.0063515150894826
201800026628,NonLethal,2018-03-10,21:50:00,NightNoStreetLight,450,68,No,NoIntersection,LightRain,NoCollision,RD 2007,M,49.026135442813086,2.025759519147748
201800026631,NonLethal,2018-03-22,22:05:00,NightNoStreetLight,450,68,No,NoIntersection,Normal,Other,CARREFOUR DES FORGES,M,48.011527668227934,2.0116090262792223
201800026632,NonLethal,2018-05-04,14:40:00,Daylight,450,208,Yes,NoIntersection,Normal,2Vehicles-Side,RUE JEAN JAURES,M,47.99313936752705,2.9925664954776856
201800026633,NonLethal,2018-06-04,11:40:00,Daylight,450,4,Yes,NoIntersection,Normal,2Vehicles-Behind,ROUTE DE VIROY,M,47.98896588421192,2.9921792813168837
201800026635,NonLethal,2018-04-16,19:20:00,Daylight,450,68,Yes,T-type,Normal,2Vehicles-Side,R J MASSENET/R Villemand,M,48.00512375374528,2.0053455507962523
201800026636,NonLethal,2018-04-17,17:45:00,Daylight,450,4,Yes,NoIntersection,Normal,2Vehicles-Behind,RTE ST FIRMIN DES VIGNES,M,47.97548735810893,2.976988388292792
201800026637,NonLethal,2018-04-19,17:55:00,Daylight,450,68,Yes,NoIntersection,Normal,Other,RUE GUSTAVE NOURRY,M,48.02137060967063,2.019991681745756
201800026638,NonLethal,2018-04-20,12:50:00,Daylight,450,208,Yes,T-type,VeryGood,2Vehicles-BehindVehicles-Frontal,R COLLERETTE/R A MOREAU,M,47.99907496457694,3.000383339881418
201800026639,NonLethal,2018-04-21,21:39:00,NightStreelightsOn,450,68,Yes,NoIntersection,Normal,Other,R VIEUX RANG DE L'ANGLEE,M,48.020197248402,2.0231949026132368
201800026640,NonLethal,2018-04-24,16:47:00,Daylight,450,68,Yes,Roundabout,Normal,2Vehicles-Behind,RUE DE LA PONTONNERIE,M,48.00308237822868,2.003423586438848
201800026642,NonLethal,2018-05-01,05:10:00,NightStreelightsOn,450,4,Yes,X-type,Normal,Other,AVENUE D'ANTIBES,M,47.978488334257534,2.9830730934982315
201800026643,NonLethal,2018-06-05,04:45:00,NightStreelightsOn,450,338,Yes,NoIntersection,Normal,Other,28 RUE DU STADE,M,47.99617419611019,2.996103091699324
201800026644,NonLethal,2018-05-06,19:30:00,Daylight,450,208,Yes,T-type,Normal,Other,RUE GAMBETTA/LECLERC,M,47.997159268440186,2.9987755374252507
201800026645,NonLethal,2018-05-07,13:31:00,Daylight,450,4,No,NoIntersection,Normal,2Vehicles-Side,RD 2O6O,M,47.984220953886975,2.983852606319307
201800026646,NonLethal,2018-08-05,03:49:00,NightStreelightsOn,450,338,Yes,NoIntersection,Normal,Other,7 RUE JULES VERNE,M,47.989263150699024,2.986328941403242
201800026647,NonLethal,2018-04-05,23:50:00,NightNoStreetLight,450,208,No,NoIntersection,Normal,Other,AV L.M CHAUTEMPS,M,48.02809304877984,2.0281918107935857
201800026648,NonLethal,2018-05-24,13:45:00,Daylight,450,338,Yes,NoIntersection,Normal,2Vehicles-Behind,RUE DE LA LIBERATION,M,50.27118318294153,1.269063145557033
201800026649,NonLethal,2018-11-05,18:50:00,Daylight,450,208,Yes,NoIntersection,Normal,Other,RUE DOREE/ANCIEN PALAIS,M,47.996001482239016,2.9983329169701225
201800026650,NonLethal,2018-05-23,20:00:00,NightStreelightsOn,450,338,Yes,NoIntersection,LightRain,NoCollision,RUE DU STADE,M,47.98111662598544,2.9801755302910764
201800026652,NonLethal,2018-06-04,20:30:00,Daylight,450,4,Yes,NoIntersection,Normal,NoCollision,RUE DES BRUYERES,M,47.99903922889848,1.9994798658213555
201800026653,NonLethal,2018-03-15,15:35:00,Daylight,450,4,Yes,T-type,Normal,NoCollision,RUE DE LA MAIRIE,M,47.97736451664391,2.977770093050001
201800026654,NonLethal,2018-06-14,21:15:00,Daylight,450,208,Yes,X-type,Normal,2Vehicles-Side,FB CHAUSSEE/R GRAND CLOS,M,47.99914046355096,2.9995087180635984
201800026655,NonLethal,2018-06-13,12:25:00,Daylight,450,208,Yes,Other,Normal,2Vehicles-Side,R E DECOURT/R PASTEUR,M,47.99754622511921,2.998818028831169
201800026656,NonLethal,2018-06-20,22:06:00,TwilightOrDawn,450,4,No,NoIntersection,Normal,2Vehicles-BehindVehicles-Frontal,RUE DES PETITS LOUIS,M,47.98670075673742,2.986487367350295
201800026658,NonLethal,2018-03-31,11:50:00,Daylight,450,68,Yes,X-type,Normal,NoCollision,Av du G Leclerc/R forêt,M,48.01594314800997,2.0142577799279096
201800026659,NonLethal,2018-06-22,23:15:00,NightNoStreetLight,450,338,No,NoIntersection,Normal,Other,RD 2060,M,47.98299331301772,2.982737326171817
201800026660,NonLethal,2018-06-17,19:00:00,Daylight,450,208,Yes,T-type,Normal,2Vehicles-Behind,AV G GAULLE/BERNE-BELLEN,M,48.00398548270257,2.0057812488685203
201800026661,NonLethal,2018-06-21,16:28:00,Daylight,450,68,Yes,NoIntersection,Normal,2Vehicles-Behind,79 RUE DU 23 AOUT 1944,M,48.00200390468183,2.0030211478058666
201800026662,NonLethal,2018-06-21,20:00:00,Daylight,450,208,Yes,NoIntersection,Normal,2Vehicles-Side,27 R ABBE LOUIS FOUCHER,M,48.00253291233624,2.0014602303719644
201800026663,NonLethal,2018-06-27,07:40:00,Daylight,450,208,Yes,X-type,Normal,3+Vehicles-Chain,R E MENGIN/AV DE LA GARE,M,48.006858645679614,2.006863396189944
201800026664,NonLethal,2018-06-26,09:30:00,Daylight,450,68,Yes,NoIntersection,Normal,2Vehicles-Behind,RUE DE LA FONDERIE,M,,
201800026665,NonLethal,2018-07-02,07:10:00,Daylight,450,208,Yes,NoIntersection,Normal,2Vehicles-BehindVehicles-Frontal,122 RUE DE LA LIBERATION,M,47.99248644578068,2.9930231413257897
201800026666,NonLethal,2018-07-03,20:54:00,Daylight,450,4,Yes,NoIntersection,Normal,Other,972 RUE DU GROS MOULIN,M,47.96285338189971,2.9619887771746463
201800026667,NonLethal,2018-11-07,21:15:00,Daylight,450,4,No,NoIntersection,Normal,2Vehicles-Behind,RD 2007,M,47.97553186917185,2.9735797917186355
201800026668,NonLethal,2018-07-16,08:15:00,Daylight,450,338,Yes,X-type,Normal,2Vehicles-Side,R des PLANTES/R J MERMOZ,M,47.9795043352876,2.978404929345696
201800026670,NonLethal,2018-07-17,09:05:00,Daylight,450,208,Yes,NoIntersection,Normal,Other,BAUDIN (BOULEVARD PAUL),M,,
201800026672,NonLethal,2018-08-08,15:20:00,Daylight,450,4,Yes,NoIntersection,Normal,Other,287 RUE DE LA NIVELLE,M,47.989221303928815,2.986826378303369
201800026673,NonLethal,2018-08-13,13:25:00,Daylight,450,208,Yes,NoIntersection,Overcast,2Vehicles-Behind,21 R DUCHESNE-RABIER,M,48.00319596615761,2.0039910515821893
201800026674,NonLethal,2018-08-13,14:04:00,Daylight,450,338,Yes,NoIntersection,Normal,2Vehicles-Side,l6 R GENERAL DE SALLES,M,47.99403975439983,2.993036682881703
201800026676,NonLethal,2018-08-18,13:00:00,Daylight,450,4,No,NoIntersection,Normal,NoCollision,108 Rue Georges Guynemer,M,47.99584998531055,2.996007202291763
201800026677,NonLethal,2018-08-27,01:45:00,NightStreelightsOn,450,68,Yes,Roundabout,Normal,NoCollision,RUE DU 23 AOUT 1944,M,48.00717437528336,2.0085094474614857
201800026678,NonLethal,2018-08-29,16:45:00,Daylight,450,208,No,NoIntersection,LightRain,3+Vehicles-Multiple,RD 2007,M,47.99199491880032,2.9916662339387434
201800026680,NonLethal,2018-08-09,12:03:00,Daylight,450,208,Yes,NoIntersection,Normal,3+Vehicles-Chain,176 RUE PAUL DOUMER,M,48.00311394635025,2.0023088428672025
201800026681,NonLethal,2018-09-13,11:06:00,Daylight,450,208,Yes,NoIntersection,Overcast,Other,DEPORTES ET INTERNES DE,M,47.99771436956449,2.997463665656701
201800026684,NonLethal,2018-09-28,18:40:00,Daylight,450,208,Yes,NoIntersection,Normal,3+Vehicles-Chain,RUE DE LA SIRENE,M,48.00088432546577,1.9999223233203889
201800026685,NonLethal,2018-09-28,22:45:00,NightStreelightsOn,450,4,Yes,NoIntersection,Normal,2Vehicles-Behind,264 RUE DE LA MERE-DIEU,M,47.97938764177483,2.980452313799699
201800026686,NonLethal,2018-10-09,19:50:00,Daylight,450,68,Yes,Roundabout,Normal,Other,RUE PONTE DE LIMA,M,48.00770771263725,2.007328457623223
201800026687,NonLethal,2018-05-10,13:35:00,Daylight,450,68,Yes,Square,Normal,Other,PLACE ALBERT CAMUS,M,48.00605600667716,2.006893431661872
201800026688,NonLethal,2018-05-10,11:35:00,Daylight,450,208,Yes,X-type,Normal,2Vehicles-Behind,AV GAILLARDIN /J JAURES,M,47.99257737735623,2.992885739606738
201800026689,NonLethal,2018-10-06,14:45:00,Daylight,450,208,Yes,T-type,Normal,2Vehicles-Side,RUE DOM PEDRE,M,47.996519588361885,5.998783638397698
201800026690,NonLethal,2018-11-10,04:20:00,NightNoStreetLight,450,4,No,NoIntersection,LightRain,NoCollision,RD 2007,M,47.97289639138411,2.973782054634062
201800026691,NonLethal,2018-10-11,18:50:00,Daylight,450,4,Yes,NoIntersection,Normal,2Vehicles-Behind,813 AV D'ANTIBES,M,47.98014470914921,2.9817156409456542
201800026692,NonLethal,2018-10-15,09:42:00,Daylight,450,208,Yes,NoIntersection,Normal,2Vehicles-Side,20 RUE EMILE DECOURT,M,47.99797333252332,2.9953257322329723
201800026693,NonLethal,2018-10-17,19:10:00,TwilightOrDawn,450,4,Yes,T-type,Normal,3+Vehicles-Multiple,RUE F PRIEUR/R MOULIN BA,M,47.97519561650829,2.974868403031821
201800026694,NonLethal,2018-10-21,14:05:00,Daylight,450,338,Yes,Roundabout,Normal,NoCollision,RUE DU VIEUX BOURG,M,47.97636306711823,2.975307673376945
201800026695,NonLethal,2018-10-26,08:00:00,TwilightOrDawn,450,208,Yes,X-type,Normal,2Vehicles-BehindVehicles-Frontal,63 R GAMBETTA/AV GAILLAR,M,47.99403019499394,2.994378230806083
201800026697,NonLethal,2018-10-31,14:10:00,Daylight,450,4,Yes,Roundabout,LightRain,NoCollision,RUE DE L' EUROPE,M,47.97759521200597,2.9787685537498603
201800026698,NonLethal,2018-11-08,18:10:00,NightStreelightsOn,450,208,Yes,NoIntersection,Normal,NoCollision,BOULEVARD DES REMPARTS,M,47.9998436655559,2.9993326899956285
201800026699,NonLethal,2018-11-10,18:55:00,NightStreelightsOn,450,208,Yes,NoIntersection,LightRain,Other,R VILLA RENEE DE FRANCE,M,47.99957963898795,2.997973052039672
201800026700,NonLethal,2018-11-14,13:10:00,Daylight,450,338,Yes,X-type,Normal,2Vehicles-Side,R DU BUISSON/A DAUDET,M,47.98619834792364,2.9853004290327694
201800026701,NonLethal,2018-11-17,16:00:00,Daylight,450,4,Yes,NoIntersection,Normal,NoCollision,RD 2007,M,,
201800026702,NonLethal,2018-11-22,13:00:00,Daylight,450,4,No,NoIntersection,LightRain,Other,RD 2007,M,48.86279914815212,2.8614842057423204
201800026705,NonLethal,2018-11-28,12:20:00,Daylight,450,208,Yes,NoIntersection,Normal,2Vehicles-Side,RUE ANDRE COQUILLET,M,48.00101746712753,2.0008980020629266
201800026706,NonLethal,2018-11-30,19:05:00,NightStreelightsOn,450,208,Yes,Other,Normal,2Vehicles-Side,JAURES (RUE JEAN),M,47.99489439195241,2.994615740830955
201800026707,NonLethal,2018-12-01,17:15:00,TwilightOrDawn,450,68,No,NoIntersection,LightRain,2Vehicles-Behind,RD 2007,M,48.01190503689264,2.0110859130442527
201800026708,NonLethal,2018-12-02,11:36:00,Daylight,450,68,Yes,Other,LightRain,NoCollision,RUE DU RENARD,M,48.02629913152991,2.026953229173856
201800026709,NonLethal,2018-11-30,11:05:00,Daylight,450,208,Yes,NoIntersection,Normal,Other,RUE JEAN JAURES,M,,
201800026710,Lethal,2018-12-06,06:40:00,NightNoStreetLight,450,4,Yes,NoIntersection,Overcast,NoCollision,AV DU DOCTEUR SCHWEITZER,M,48.003541067263534,2.002548355293878