AccidentId,Gravity,Date,Hour,Light,Department,Commune,InAgglomeration,IntersectionType,Weather,CollisionType,PostalAddress,GPSCode,Latitude,Longitude
201800026711,NonLethal,2018-12-07,18:30:00,NightStreelightsOn,450,338,Yes,NoIntersection,LightRain,Other,RUE LEONARD DE VINCI,M,48.001426424898135,2.9995186297801184
201800026712,NonLethal,2018-10-12,16:00:00,Daylight,450,4,Yes,NoIntersection,Normal,2Vehicles-Side,BRUYERES (RUE DES),M,47.990166464653775,2.9893777767583845
201800026715,NonLethal,2018-12-21,13:20:00,Daylight,450,4,Yes,Y-type,LightRain,2Vehicles-BehindVehicles-Frontal,RUE DE COULEVREUX,M,47.98190725473624,2.982356597735252
201800026716,NonLethal,2018-12-15,19:35:00,NightNoStreetLight,450,338,No,NoIntersection,HeavyRain,Other,R L'ETANG COLLIER,M,47.98343571295393,2.9816010169516005
201800026717,NonLethal,2018-12-26,02:30:00,NightNoStreetLight,450,4,No,Other,Normal,Other,635 RTE DE MORMANT,M,47.96039303408613,2.9621717474103058
201800026718,NonLethal,2018-09-01,04:20:00,NightNoStreetLight,450,302,Yes,NoIntersection,Normal,NoCollision,RUE DE LA TUILERIE,M,47.954448190658894,1.954200111143648
201800026719,NonLethal,2018-11-01,11:05:00,Daylight,450,285,No,NoIntersection,LightRain,Other,Rocade D52O,M,47.91643586113113,1.9146421250396275
201800026720,NonLethal,2018-01-11,20:44:00,NightStreelightsOn,450,232,Yes,NoIntersection,LightRain,Other,108 RUE DES POILUS,M,47.872140000650745,1.8714728838682555
201800026721,NonLethal,2018-01-13,06:40:00,NightStreelightsOn,450,285,Yes,NoIntersection,Overcast,Other,Rocade D9520,M,47.90754004792863,1.906293803608121
201800026722,NonLethal,2018-01-15,21:20:00,NightStreelightsOn,450,234,Yes,X-type,LightRain,Other,AV DES DROITS DE L'HOMME,M,47.91107224867217,1.9120774854698643
201800026723,NonLethal,2018-01-24,09:00:00,Daylight,450,232,No,X-type,Normal,2Vehicles-Side,RD 2271/R PAULIN LABARRE,M,47.84008320944402,1.8407327596731384
201800026724,NonLethal,2018-01-25,17:40:00,NightStreelightsOn,450,234,Yes,X-type,LightRain,Other,av des droits de l'homme,M,47.922792422060574,1.9231488542833743
201800026725,NonLethal,2018-01-27,18:40:00,NightStreelightsOn,450,234,Yes,Square,FogOrSmoke,Other,PLACE ALBERT 1ER,M,47.90722032511599,1.9073660991854848
201800026726,NonLethal,2018-01-29,08:50:00,Daylight,450,234,Yes,NoIntersection,Normal,Other,49 RUE EUGENE TURBAT,M,47.8859145980168,1.88733609042564
201800026727,NonLethal,2018-01-29,12:40:00,Daylight,450,169,Yes,NoIntersection,Normal,2Vehicles-BehindVehicles-Frontal,10 RUE LAVOISIER,M,47.90463611774415,1.9045837032523112
201800026729,NonLethal,2018-02-01,16:10:00,Daylight,450,234,Yes,NoIntersection,Normal,Other,19T RUE EUGENE VIGNAT,M,47.90843814437682,1.9097004529789323
201800026730,NonLethal,2018-01-02,22:00:00,NightStreelightsOn,450,235,Yes,NoIntersection,Normal,Other,146 RUE NATIONALE,M,47.94302619560123,1.942033038686616
201800026731,NonLethal,2018-01-02,20:15:00,NightStreelightsOn,450,284,Yes,T-type,Normal,2Vehicles-Side,2 ALLEE DES PINS,M,47.91081563191975,1.9095935375067683
201800026732,NonLethal,2018-02-06,12:16:00,Daylight,450,234,Yes,NoIntersection,SnowOrHail,Other,46 R EMILE ZOLA,M,47.91070580059087,1.9103677953930405
201800026733,NonLethal,2018-06-02,14:30:00,Daylight,450,285,Yes,NoIntersection,SnowOrHail,2Vehicles-Behind,"59, R GEORGES CLEMENCEAU",M,47.897569573013655,1.897762300759092
201800026734,NonLethal,2018-08-02,16:25:00,Daylight,450,147,Yes,X-type,Normal,2Vehicles-Side,R JEAN JAURES/R GROUETTE,M,47.93730327750143,1.935865292512182
201800026735,NonLethal,2018-02-13,20:10:00,NightStreelightsOn,450,232,Yes,NoIntersection,Overcast,2Vehicles-Side,638 AVENUE DU LOIRET,M,45.87672511379267,1.874905652744835
201800026736,NonLethal,2018-02-15,07:45:00,Daylight,450,147,Yes,NoIntersection,Normal,Other,RUE ANDRE DESSAUX,M,47.919155998956974,1.9188514035880575
201800026737,Lethal,2018-02-15,13:25:00,Daylight,450,284,Yes,NoIntersection,LightRain,Other,174 RUE DEFREDEVILLE,M,47.91545255602849,1.9135945717971057
201800026738,NonLethal,2018-02-16,08:05:00,Daylight,450,147,No,NoIntersection,Normal,2Vehicles-Behind,400 Rte de ST LYE-CD97,M,47.95774014098267,1.9547538538340012
201800026739,NonLethal,2018-02-18,13:00:00,Daylight,450,234,Yes,NoIntersection,Normal,2Vehicles-Side,AVENUE JEAN ZAY,M,47.909004015122605,1.9080744534771343
201800026740,NonLethal,2018-02-21,07:15:00,TwilightOrDawn,450,285,Yes,Roundabout,Normal,2Vehicles-Side,R GAMBETTA,M,47.90615761554368,1.9063308745375465
201800026741,Lethal,2018-02-22,15:15:00,Daylight,450,147,Yes,X-type,Normal,2Vehicles-Side,R A DESSAUX/R DU 11 OCT,M,47.93573891638928,1.9346208963150373
201800026742,NonLethal,2018-02-23,17:00:00,Daylight,450,75,Yes,NoIntersection,Normal,NoCollision,"2, RUE DE LA CHISTERA",M,47.89952102169707,1.8989604820964825
201800026743,NonLethal,2018-02-28,21:20:00,NightStreelightsOn,450,302,No,Other,SnowOrHail,3+Vehicles-Multiple,RD 2060,M,47.94386594064418,1.9439330922500857
201800026744,NonLethal,2018-04-03,00:50:00,NightStreelightsOn,450,234,Yes,X-type,Normal,2Vehicles-Side,AV R SECRETAIN/W BAUDIN,M,47.88528936688373,1.8850475474475912
201800026746,NonLethal,2018-03-05,16:40:00,Daylight,450,234,Yes,NoIntersection,Normal,2Vehicles-Side,"9, AV BUFFON",M,47.82397014054585,1.8247857054955696
201800026747,NonLethal,2018-07-03,20:30:00,NightStreelightsOn,450,308,Yes,NoIntersection,Normal,Other,"54, R DU BIGNON",M,47.03259923109112,1.0314859675733568
201800026749,NonLethal,2018-03-07,16:35:00,Daylight,450,234,Yes,Roundabout,Normal,2Vehicles-Side,R DU FG DE BOURGOGNE,M,47.90091956652861,1.9009198750841456
201800026750,NonLethal,2018-03-15,17:30:00,Daylight,450,232,Yes,NoIntersection,Normal,Other,"476, R DE L'HOTEL DIEU",M,47.84718401132995,1.8431159305106517
201800026752,NonLethal,2018-03-19,17:10:00,Daylight,450,284,Yes,X-type,Overcast,2Vehicles-Side,PETIT VOMIMBERT/FOURNIER,M,47.91939341149097,1.9195586323030769
201800026753,NonLethal,2018-03-20,12:00:00,Daylight,450,234,Yes,X-type,Normal,2Vehicles-Side,R E VIGNAT/BD A MARTIN,M,47.90741935621279,1.9051724827051315
201800026754,NonLethal,2018-03-23,08:20:00,Daylight,450,232,Yes,NoIntersection,Normal,2Vehicles-Side,AV R Secrétain,M,47.86764003631236,1.86755468439212
201800026755,NonLethal,2018-03-23,09:09:00,Daylight,450,232,Yes,Other,Normal,Other,AVENUE DE SOLOGNE,M,47.858060831439225,1.8578736776167504
201800026756,NonLethal,2018-03-24,10:10:00,Daylight,450,234,Yes,X-type,Normal,Other,R TOUR NEUVE/R DES AFRIC,M,47.8980879408032,1.898755867922668
201800026757,NonLethal,2018-03-22,11:55:00,Daylight,450,234,Yes,NoIntersection,Normal,Other,RUE FERNAND RABIER,M,47.90423490686879,1.9040925197600704
201800026759,NonLethal,2018-03-27,13:15:00,Daylight,450,302,No,NoIntersection,LightRain,2Vehicles-Behind,ORMES (ROUTE D'),M,47.95417369139194,1.9531989355076376
201800026760,NonLethal,2018-03-29,07:30:00,TwilightOrDawn,450,234,Yes,NoIntersection,Normal,NoCollision,"12, AVENUE DE LA MARNE",M,47.91571755879793,1.9173979708447155
201800026761,NonLethal,2018-03-30,07:00:00,Daylight,450,284,Yes,NoIntersection,Normal,Other,"51, AV DU G LECLERC",M,47.91448229433143,1.9153425594440705
201800026762,NonLethal,2018-03-30,12:45:00,Daylight,450,284,Yes,T-type,Normal,2Vehicles-Side,AVENUE DE VERDUN,M,47.91574045758709,1.9165017418389356
201800026763,NonLethal,2018-03-30,14:50:00,Daylight,450,169,Yes,NoIntersection,LightRain,2Vehicles-BehindVehicles-Frontal,RUE LAVOISIER,M,47.902209854431526,8.903829612756576
201800026764,NonLethal,2018-02-04,21:08:00,NightStreelightsOn,450,234,Yes,Other,LightRain,2Vehicles-Side,3 rue de la cholerie,M,47.89934945233205,1.8990463705581568
201800026765,NonLethal,2018-04-03,18:10:00,Daylight,450,234,Yes,T-type,Normal,2Vehicles-Side,RUE EUGENE TURBAT,M,47.8889239590858,1.8891371683858904
201800026766,NonLethal,2018-04-08,18:25:00,Daylight,450,234,Yes,X-type,Normal,2Vehicles-Side,CHARRETIERS/ANGLETERRE,M,47.900442746099095,1.89937567692262
201800026767,NonLethal,2018-04-09,18:50:00,Daylight,450,284,Yes,NoIntersection,Normal,2Vehicles-Side,AVENUE DENIS  PAPIN,M,47.91621831903388,1.91557472717978
201800026769,NonLethal,2018-12-04,18:35:00,Daylight,450,234,Yes,NoIntersection,Normal,2Vehicles-Behind,AV DES DROITS DE L'HOMME,M,47.91240075521834,1.9135110032830105
201800026770,NonLethal,2018-04-14,07:45:00,Daylight,450,234,Yes,X-type,Overcast,2Vehicles-Side,MURLINS/M DUBOIS,M,47.92171380735714,1.9221920001952384
201800026771,NonLethal,2018-04-14,10:55:00,Daylight,450,234,Yes,NoIntersection,Normal,Other,RECHERCHE SCIENTIFIQUE (,M,47.84305003459545,1.8421490584373224
201800026772,NonLethal,2018-04-15,07:30:00,Daylight,450,75,Yes,NoIntersection,Normal,Other,RUE DE VAUSSOUDUN,M,47.882684389171,1.882212185806735
201800026773,NonLethal,2018-04-15,14:05:00,Daylight,450,285,Yes,T-type,Normal,2Vehicles-BehindVehicles-Frontal,RUE CHARLES BEAUHAIRE,M,47.91597295716711,1.916903394890674
201800026774,NonLethal,2018-04-13,20:33:00,Daylight,450,302,Yes,NoIntersection,Normal,2Vehicles-BehindVehicles-Frontal,RUE DES BRUERES,M,47.94799211621323,1.948423460558778
201800026776,NonLethal,2018-04-17,15:15:00,Daylight,450,232,No,NoIntersection,Normal,2Vehicles-Side,RD 2271,M,47.84181795829316,1.841790348229072
201800026777,NonLethal,2018-04-17,16:40:00,Daylight,450,147,Yes,T-type,Normal,2Vehicles-Side,PLACE JEAN ZAY/P SEMART,M,47.93370725709602,1.9330476809533277
201800026778,Lethal,2018-03-28,23:45:00,NightStreelightsOn,450,234,Yes,NoIntersection,Normal,Other,AV DES DROITS DE L'HOMME,M,47.92523947681906,1.925000510537308
201800026780,NonLethal,2018-04-20,13:20:00,Daylight,450,234,Yes,T-type,Normal,Other,Bd de QUEBEC/R VIERZON,M,47.91294760486346,1.916048626071062
201800026782,NonLethal,2018-04-23,07:30:00,TwilightOrDawn,450,285,Yes,NoIntersection,Normal,Other,RUE DE BAGNEAUX,M,47.91062235649666,1.9109217509082104
201800026784,NonLethal,2018-04-23,19:15:00,Daylight,450,234,Yes,X-type,Normal,2Vehicles-Side,AV DROIT L'HOMME/NECOTIN,M,47.923092574806255,1.9222448095664249
201800026785,NonLethal,2018-04-23,08:15:00,Daylight,450,75,Yes,NoIntersection,Normal,2Vehicles-Side,RUE DES BAS CHAMPS,M,47.90079844036831,1.9008539619837037
201800026787,NonLethal,2018-04-26,17:20:00,Daylight,450,234,Yes,X-type,Normal,2Vehicles-Side,Q DES TOURELLE/DAUPHINE,M,47.894996297826005,1.894162908291708
201800026788,NonLethal,2018-04-26,19:55:00,Daylight,450,147,Yes,X-type,Normal,2Vehicles-Side,R  M BERTHELOT/SANGNIER,M,42.92378857092757,1.9216548994450529
201800026789,NonLethal,2018-04-28,03:40:00,NightStreelightsOn,450,284,Yes,NoIntersection,Normal,Other,AV LOUIS JOSEPH SOULAS,M,47.90982576432076,1.9077724689728903
201800026790,NonLethal,2018-04-29,11:20:00,Daylight,450,234,Yes,LevelCrossing,LightRain,2Vehicles-Behind,AVENUE DE PARIS,M,47.91651298757332,1.918464979387717
201800026791,NonLethal,2018-04-29,14:25:00,Daylight,450,234,Yes,X-type,Overcast,2Vehicles-Behind,AV SECRETAIN/B MOUILLERE,M,47.78814667684751,1.7883867074984077
201800026793,NonLethal,2018-01-05,09:25:00,Daylight,450,232,Yes,NoIntersection,Normal,2Vehicles-Side,AVENUE VICTOR HUGO,M,47.86037489603807,1.8575652563725928
201800026794,NonLethal,2018-02-05,13:43:00,Daylight,450,284,Yes,NoIntersection,Normal,2Vehicles-BehindVehicles-Frontal,BOULEVARD MARIE STUART,M,47.90959526532241,1.9098493954456068
201800026795,NonLethal,2018-05-04,10:30:00,Daylight,450,147,No,NoIntersection,Normal,Other,115 R MARCELIN BERTHELOT,M,47.92470370044794,1.9255727383987944
201800026796,NonLethal,2018-04-05,21:40:00,NightStreelightsOn,450,234,Yes,NoIntersection,Normal,Other,10 QUAI SAINT LAURENT,M,47.89830336153608,1.8971305066686
201800026797,NonLethal,2018-05-05,08:55:00,Daylight,450,234,Yes,X-type,Normal,2Vehicles-Side,RUE PORTE DUNOISE,M,47.9011405112487,1.9034591799668912
201800026800,NonLethal,2018-05-11,18:10:00,Daylight,450,298,Yes,NoIntersection,Normal,Other,RUE DES HAUTES LEVEES,M,47.891970499983,1.8895822875871795
201800026801,NonLethal,2018-05-12,09:37:00,Daylight,450,234,Yes,NoIntersection,Normal,Other,AVENUE DE PARIS,M,47.90666385644092,1.9090791832910343
201800026802,NonLethal,2018-05-13,14:30:00,Daylight,450,234,Yes,NoIntersection,Normal,Other,AVENUE MONTESQUIEU,M,47.83555986295234,1.8362578389064628
201800026804,NonLethal,2018-05-14,12:40:00,Daylight,450,302,Yes,NoIntersection,HeavyRain,3+Vehicles-Multiple,Rocade D520,M,47.94203767000064,1.941783416457836
201800026805,NonLethal,2018-05-14,18:00:00,Daylight,450,234,Yes,Other,Overcast,2Vehicles-Behind,PONT DU MARECHAL JOFFRE,M,47.89869231415957,1.89973172326612
201800026806,NonLethal,2018-05-15,12:40:00,Daylight,450,234,Yes,T-type,Normal,2Vehicles-Side,Q CYPIERRE/R L'ECU D'OR,M,47.90043197803213,1.8973723527966853
201800026807,NonLethal,2018-05-17,14:02:00,Daylight,450,232,Yes,Roundabout,Normal,2Vehicles-Side,RUE DE L'ARDOUX/MOULIN,M,47.84692904761451,1.846767579724181
201800026808,NonLethal,2018-05-18,05:00:00,NightStreelightsOn,450,234,Yes,NoIntersection,Normal,2Vehicles-Behind,ROUTE D'OLIVET,M,47.88363352222479,1.881465407372075
201800026809,NonLethal,2018-05-20,16:45:00,Daylight,450,286,Yes,Other,Normal,2Vehicles-Side,ROUTE DE SAINT CYR,M,47.87780848055457,1.879044019707672
201800026810,Lethal,2018-05-20,17:15:00,Daylight,450,235,Yes,T-type,VeryGood,2Vehicles-BehindVehicles-Frontal,R NATIONALE-PARKING MAIR,M,47.94195011747351,1.9426254235103688
201800026811,NonLethal,2018-05-22,08:30:00,Daylight,450,234,Yes,X-type,Normal,2Vehicles-Side,R COLOMBIER/GRAND CHAMPS,M,47.90271287154408,1.904684515419488
201800026812,NonLethal,2018-05-22,13:10:00,Daylight,450,234,Yes,X-type,Normal,2Vehicles-Side,R DES MURLINS/R DU PARC,M,47.916523982697534,1.914890078711826
201800026814,NonLethal,2018-05-24,15:35:00,Daylight,450,234,Yes,X-type,Normal,2Vehicles-Side,AV PARC FLORAL/H BERGSON,M,47.84626114299169,1.8458654798402852
201800026815,NonLethal,2018-05-24,15:20:00,Daylight,450,284,Yes,Roundabout,Normal,2Vehicles-Side,R  FRERES LUMIERE/AMPERE,M,47.9184492386362,1.9184101496319608
201800026816,NonLethal,2018-05-24,18:45:00,Daylight,450,234,Yes,T-type,Normal,2Vehicles-Side,R C BEAUHAIRE/V GAMBETTA,M,47.90869433104247,1.9086478130499256
201800026817,NonLethal,2018-05-25,10:48:00,Daylight,450,302,No,NoIntersection,Normal,2Vehicles-Side,Rocade D520,M,47.94159190836076,1.9405381213384256
201800026818,NonLethal,2018-05-28,12:00:00,Daylight,450,234,Yes,NoIntersection,Normal,2Vehicles-Behind,l RUE EUGENE VIGNAT,M,47.90611174809179,1.9057784584926407
201800026820,NonLethal,2018-05-29,14:15:00,Daylight,450,274,Yes,NoIntersection,Normal,2Vehicles-Side,RUE DE LA LEVEE,M,47.89635746086044,1.8960959849825716
201800026822,NonLethal,2018-06-02,13:05:00,Daylight,450,232,Yes,NoIntersection,Normal,NoCollision,AV VICTOR HUGO,M,47.858784660489256,1.861004577265028
201800026823,NonLethal,2018-02-06,15:15:00,Daylight,450,234,Yes,NoIntersection,Normal,Other,104 FG DE BOURGOGNE,M,47.9016417951001,1.9042935110315076
201800026824,NonLethal,2018-05-06,08:30:00,Daylight,450,169,Yes,NoIntersection,LightRain,2Vehicles-Side,14 RUE DE DARVOY,M,47.9071544112186,1.9082319178901317
201800026825,NonLethal,2018-06-06,08:50:00,Daylight,450,232,No,X-type,Overcast,2Vehicles-Behind,RD 2271/R PAULIN LABARRE,M,47.83891631166795,1.8394842678830976
201800026826,NonLethal,2018-06-04,17:50:00,Daylight,450,298,Yes,Roundabout,LightRain,NoCollision,R DES MOINES/R ST PRYVE,M,47.88815434311167,1.88847913934956
201800026830,NonLethal,2018-08-06,07:50:00,Daylight,450,234,Yes,X-type,Normal,2Vehicles-Side,R PRESSOIR NEUF/R BORDE,M,47.90845374172136,1.9089041460264988
201800026831,NonLethal,2018-08-06,19:50:00,Daylight,450,169,No,NoIntersection,Normal,2Vehicles-Behind,RUE DE LA DRIOTTE,M,47.92152345883698,1.923885839913063
201800026832,NonLethal,2018-06-09,10:15:00,Daylight,450,234,Yes,X-type,Normal,2Vehicles-Side,R COLOMBIER/GRAND CHAMPS,M,47.90278756907371,1.904201782394369
201800026833,NonLethal,2018-06-09,11:45:00,Daylight,450,234,Yes,NoIntersection,Normal,2Vehicles-Behind,24 RUE JOUSSELIN,M,47.90294279902567,1.9038283081038032
201800026836,NonLethal,2018-12-06,08:50:00,Daylight,450,75,Yes,NoIntersection,Normal,2Vehicles-Behind,ROUTE D'ORLEANS,M,47.89169046653119,1.894425459136308
201800026837,NonLethal,2018-12-06,14:15:00,Daylight,450,232,No,NoIntersection,Normal,Other,RTE de JOUY-D 15,M,47.83756004229179,1.8353985871481084
201800026839,NonLethal,2018-06-14,12:05:00,Daylight,450,234,Yes,X-type,Normal,Other,ROYALE (RUE),M,47.89960690500981,1.8982688403014487
201800026841,NonLethal,2018-06-18,06:43:00,Daylight,450,234,Yes,MoreThan4Branches,Normal,NoCollision,DROITS DE L'HOMME (AVENU,M,47.92388948119477,1.9253021605793996
201800026842,NonLethal,2018-06-16,17:00:00,Daylight,450,232,Yes,X-type,Normal,Other,AVENUE DE VERDUN,M,47.86946190391386,1.8680778846262351
201800026843,NonLethal,2018-06-20,17:13:00,Daylight,450,234,Yes,T-type,Normal,3+Vehicles-Chain,QU DU CHATELET/TANNEURS,M,47.89867402888221,1.8981731130144808
201800026844,NonLethal,2018-06-21,17:55:00,Daylight,450,285,Yes,NoIntersection,Normal,2Vehicles-Behind,76 RUE CROIX BAUDU,M,47.91978025386501,1.921443515937481
201800026845,NonLethal,2018-06-21,20:15:00,Daylight,450,75,Yes,NoIntersection,Normal,Other,RUE DES HAUTS CHAMPS,M,47.89874930707087,1.8991206648721557
201800026846,NonLethal,2018-06-22,16:30:00,Daylight,450,232,Yes,NoIntersection,Normal,Other,Parking AUCHAN,M,47.86676614513082,1.867291812361667
201800026847,NonLethal,2018-06-22,23:15:00,NightStreelightsOn,450,234,Yes,NoIntersection,Normal,2Vehicles-Behind,PONT GEORGE V,M,47.89659549622119,1.8970462676429083
201800026848,NonLethal,2018-06-25,07:45:00,Daylight,450,284,Yes,Roundabout,Normal,2Vehicles-Behind,Rond point Dior,M,47.9257708162103,1.9249916699504208
201800026849,NonLethal,2018-06-25,12:30:00,Daylight,450,302,Yes,NoIntersection,Normal,Other,2864 ANC RTE DE CHARTRES,M,47.954820997126696,1.954611404740166
201800026850,NonLethal,2018-06-26,17:10:00,Daylight,450,234,Yes,NoIntersection,Normal,Other,489 RUE DU FG BANNIER,M,47.93368597093536,1.9329172798541512
201800026851,NonLethal,2018-06-27,06:30:00,TwilightOrDawn,450,302,Yes,NoIntersection,Normal,2Vehicles-BehindVehicles-Frontal,RUE DU CHAMP ROUGE,M,47.95679046886511,1.9572439071040155
201800026853,Lethal,2018-06-28,18:00:00,Daylight,450,234,Yes,NoIntersection,Normal,Other,28 AV DE SAINT MESMIN,M,47.88825121609478,1.8895463621088948
201800026855,NonLethal,2018-01-07,11:20:00,Daylight,450,285,Yes,Roundabout,Normal,2Vehicles-BehindVehicles-Frontal,R R GAUDRY/PL GAMBETTA,M,47.90641013717127,1.9071367537643291
201800026856,NonLethal,2018-01-07,22:50:00,NightStreelightsOff,450,284,Yes,X-type,Normal,2Vehicles-BehindVehicles-Frontal,AV VERDUN/P M FRANCE,M,47.91670789008495,1.916612133928226
201800026857,NonLethal,2018-02-07,15:55:00,Daylight,450,169,Yes,NoIntersection,Normal,NoCollision,RUE DE LA GARE,M,47.93762652725157,1.9351272265339348
201800026858,NonLethal,2018-07-02,19:38:00,Daylight,450,284,Yes,NoIntersection,Normal,2Vehicles-Side,AV LOUIS JOSEPH SOULAS,M,47.90855838183747,1.909153630480586
201800026860,NonLethal,2018-03-07,18:22:00,Daylight,450,234,Yes,Other,Normal,2Vehicles-Behind,AVENUE ROGER SECRETAIN,M,47.88888508266976,1.889267065836356
201800026861,NonLethal,2018-03-07,20:19:00,Daylight,450,234,Yes,X-type,Normal,2Vehicles-Side,R la Barrière Saint-Marc,M,47.931595570712766,1.931446866083241
201800026862,NonLethal,2018-07-04,11:35:00,Daylight,450,234,Yes,X-type,Normal,2Vehicles-BehindVehicles-Frontal,R DES MURLINS/RUE CABAN,M,47.910705501064704,1.910731889736228
201800026863,NonLethal,2018-07-06,13:58:00,Daylight,450,169,No,NoIntersection,Normal,Other,ROUTE D'ORLEANS,M,47.91454858947044,1.9146832739552144
201800026864,NonLethal,2018-07-06,17:20:00,Daylight,450,147,Yes,NoIntersection,Normal,3+Vehicles-Chain,RUE DU 11 OCTOBRE,M,47.93443812524751,1.934860755293812
201800026865,NonLethal,2018-08-07,06:35:00,Daylight,450,286,Yes,NoIntersection,Normal,Other,ROUTE DE SANDILLON,M,47.88637632137982,1.889074714806389
201800026866,NonLethal,2018-07-09,10:40:00,Daylight,450,234,Yes,NoIntersection,Normal,2Vehicles-Behind,AVENUE ROGER SECRETAIN,M,47.87929568433206,1.881413538220144
201800026867,NonLethal,2018-07-09,21:10:00,Daylight,450,234,Yes,X-type,Normal,3+Vehicles-Multiple,AVENUE ROGER SECRETAIN,M,47.88673021586916,1.8851564343264653
201800026869,NonLethal,2018-11-07,15:20:00,Daylight,450,75,Yes,T-type,Normal,2Vehicles-Behind,RUE D'INGRE/MANSARD,M,47.89446019560426,1.8968330098504973
201800026870,NonLethal,2018-11-07,18:10:00,Daylight,450,274,Yes,X-type,Normal,2Vehicles-Side,CASSINES/CHATEAU D EAU,M,47.87818585078245,1.8774221769287052
201800026871,NonLethal,2018-07-12,21:00:00,Daylight,450,274,No,NoIntersection,Normal,NoCollision,D95l-RTE DE SANDILLON,M,47.86043028762702,1.861005075573306
201800026872,NonLethal,2018-07-14,16:30:00,Daylight,450,234,Yes,MoreThan4Branches,Normal,2Vehicles-Side,BD G M RIOBE/R E ZOLA,M,47.91302591903858,1.9133296792212795
201800026873,NonLethal,2018-07-15,03:15:00,NightStreelightsOn,450,234,Yes,NoIntersection,Normal,NoCollision,AV DE SOLOGNE,M,47.854663340268864,1.8562341773676108
201800026875,NonLethal,2018-07-17,21:00:00,Daylight,450,232,Yes,NoIntersection,Normal,Other,R DE LA BERGERESSE(MCDO),M,47.84780625941303,1.8463273390894253
201800026877,NonLethal,2018-07-19,09:35:00,Daylight,450,286,Yes,Other,Normal,2Vehicles-Behind,AVENUE GASTON GALLOUX,M,47.88326687190776,1.884634492712033
201800026879,NonLethal,2018-07-20,16:05:00,Daylight,450,234,Yes,Roundabout,Normal,2Vehicles-Side,SQ C PEGUY/FB BOURGOGNE,M,47.90082996054367,1.9005966506084704
201800026880,NonLethal,2018-07-25,18:52:00,Daylight,450,298,Yes,Other,Normal,2Vehicles-Side,PONT DE L'EUROPE,M,47.89406176992648,1.8928762178802163
201800026881,NonLethal,2018-07-26,15:00:00,Daylight,450,234,Yes,X-type,Normal,2Vehicles-Behind,BD A MARTIN/R F RABIER,M,47.9086633497629,1.9098172686951265
201800026882,NonLethal,2018-07-29,00:10:00,NightStreelightsOn,450,286,Yes,NoIntersection,Normal,Other,LEVEE DE LA CHEVAUCHEE,M,47.89350604232968,1.8925275312566856
201800026884,NonLethal,2018-07-31,21:15:00,Daylight,450,302,Yes,Other,Normal,2Vehicles-Side,627 RUE NATIONALE 20,M,47.94418405171061,1.9433204999298803
201800026885,NonLethal,2018-08-01,07:10:00,Daylight,450,75,Yes,NoIntersection,Normal,2Vehicles-Side,ROUTE DE BLOIS,M,47.88730078877613,1.88785708350709
201800026886,NonLethal,2018-04-08,09:15:00,Daylight,450,234,Yes,X-type,Normal,2Vehicles-Side,DR DE L'HOMME/PETIT PONT,M,47.92198003206224,1.9205770129943056
201800026887,NonLethal,2018-08-05,13:25:00,Daylight,450,75,Yes,X-type,Normal,2Vehicles-Side,RTE D'ORLEANS/R ENFER,M,47.89192963911974,1.8919374809423293
201800026888,NonLethal,2018-08-06,15:50:00,Daylight,450,234,Yes,Roundabout,Normal,Other,Rond Point Novotel-D9020,M,47.81255706826952,1.814568372959748
201800026889,NonLethal,2018-08-07,13:25:00,Daylight,450,232,Yes,NoIntersection,Normal,3+Vehicles-Chain,AV ROGER SECRETAIN,M,47.86711533784702,1.869452074475956
201800026890,NonLethal,2018-08-09,05:40:00,NightNoStreetLight,450,286,Yes,NoIntersection,Normal,NoCollision,RUE DES BALLETIERES,M,47.87125501940075,1.8697523618330325
201800026891,NonLethal,2018-10-08,16:30:00,Daylight,450,285,Yes,T-type,Normal,2Vehicles-Side,RUE DU 11 OCTOBRE,M,47.9123364855501,1.9142379279457769
201800026894,NonLethal,2018-08-11,04:55:00,NightStreelightsOn,450,234,Yes,Square,Normal,Other,PLACE SAINTE CROIX,M,47.9003784746394,1.9011554945120293
201800026895,NonLethal,2018-12-08,12:50:00,Daylight,450,234,Yes,NoIntersection,Normal,2Vehicles-Behind,AVENUE ROGER SECRETAIN,M,47.87906929696505,1.878662952575179
201800026896,NonLethal,2018-08-14,23:42:00,NightStreelightsOn,450,147,Yes,X-type,Normal,2Vehicles-Side,R G ROLAND/R KLEBER,M,47.92776188792826,1.928463465480756
201800026897,NonLethal,2018-08-15,19:43:00,Daylight,450,232,Yes,NoIntersection,Normal,2Vehicles-Side,750 AVENUE DU LOIRET,M,47.87547795000459,1.8761788966646915
201800026898,NonLethal,2018-08-20,16:45:00,Daylight,450,302,Yes,NoIntersection,Normal,3+Vehicles-Chain,339 RUE NATIONALE 20,M,47.941095656254255,1.9404098246260848
201800026899,NonLethal,2018-08-20,16:40:00,Daylight,450,147,Yes,X-type,Normal,2Vehicles-Side,RUE P SEMARD/R G ROLLAND,M,47.93139166420191,1.9287799575968991
201800026900,NonLethal,2018-08-23,22:15:00,NightStreelightsOn,450,284,Yes,X-type,Normal,Other,R JEAN ZAY/R VERVILLE,M,47.91306470512792,1.9089899892913016
201800026901,NonLethal,2018-08-25,13:50:00,Daylight,450,234,Yes,NoIntersection,Normal,NoCollision,AVENUE DE LA LIBERATION,M,47.91862377166896,1.9195504594825907
201800026902,NonLethal,2018-08-27,12:55:00,Daylight,450,147,No,NoIntersection,LightRain,3+Vehicles-Multiple,RN 60,M,47.94149735987596,1.94006474107216
201800026903,NonLethal,2018-08-27,15:45:00,Daylight,450,147,Yes,NoIntersection,Normal,2Vehicles-Side,38 BD DE LAMBALLE,M,47.92374526585111,1.9233779179185475
201800026904,NonLethal,2018-08-28,13:20:00,Daylight,450,308,Yes,NoIntersection,Normal,Other,ROUTE ST JEAN DE BRAYE,M,47.92397943607004,1.9247161189893789