AccidentId,Gravity,Date,Hour,Light,Department,Commune,InAgglomeration,IntersectionType,Weather,CollisionType,PostalAddress,GPSCode,Latitude,Longitude
201800026906,NonLethal,2018-08-30,06:43:00,TwilightOrDawn,450,234,Yes,NoIntersection,Normal,NoCollision,24 RUE JEANNE D'ARC,M,47.90189779381061,1.902065332683548
201800026910,NonLethal,2018-03-09,18:30:00,Daylight,450,234,Yes,X-type,Normal,2Vehicles-Side,R LANDRELOUP/R B D'INGRE,M,47.90598321603396,1.907550210733167
201800026911,NonLethal,2018-05-09,15:00:00,Daylight,450,232,Yes,T-type,Normal,NoCollision,19 RUE HEME,M,47.86756680724117,1.8654674632420007
201800026912,NonLethal,2018-06-09,08:40:00,Daylight,450,75,Yes,NoIntersection,Normal,3+Vehicles-Chain,ROUTE D'ORLEANS,M,47.8959494646906,1.89378788888284
201800026913,NonLethal,2018-09-08,16:23:00,Daylight,450,286,Yes,T-type,Normal,2Vehicles-BehindVehicles-Frontal,RTE SANDILLON/RTE ST CYR,M,47.88064738244347,1.8797556789105403
201800026914,NonLethal,2018-10-09,09:00:00,Daylight,450,234,Yes,Y-type,VeryGood,2Vehicles-Behind,QU CYPIERRE/R G TEMPLIER,M,47.89788157914213,1.898147137968424
201800026916,NonLethal,2018-09-11,08:25:00,Daylight,450,302,Yes,T-type,VeryGood,2Vehicles-Side,R D JONQUILLES/M GENEVOI,M,47.95383779949463,1.95349222051944
201800026917,NonLethal,2018-09-11,15:40:00,Daylight,450,274,Yes,T-type,Normal,2Vehicles-Behind,RTE DE SANDILLON/R MOULI,M,47.871706225793154,1.8728076145485204
201800026919,NonLethal,2018-09-12,17:25:00,Daylight,450,234,Yes,NoIntersection,Normal,3+Vehicles-Chain,AVENUE DE L'HOPITAL,M,47.8329743640788,1.8347776126201816
201800026921,NonLethal,2018-09-15,18:30:00,Daylight,450,234,Yes,NoIntersection,Normal,2Vehicles-Side,14 AVENUE JEAN ZAY,M,47.90564687482609,1.9053297116360857
201800026922,Lethal,2018-09-15,17:21:00,Daylight,450,286,Yes,T-type,Normal,2Vehicles-Behind,RUE BALLETIERES/HEROULT,M,47.87025458128228,1.8721493692710596
201800026924,NonLethal,2018-09-20,14:58:00,Daylight,450,234,Yes,T-type,Normal,2Vehicles-Side,AV PRESIDENT KENNEDY,M,47.83827024956258,1.8391050537766491
201800026926,NonLethal,2018-09-21,22:30:00,NightStreelightsOn,450,234,Yes,X-type,Normal,2Vehicles-Side,AV D DE L'HOMME/M STUART,M,47.911810971760325,1.9119059904292
201800026927,NonLethal,2018-09-22,00:30:00,NightStreelightsOn,450,302,Yes,X-type,Normal,2Vehicles-BehindVehicles-Frontal,RD2O2O/R DE LA MONTJOIE,M,47.95298183391735,1.950020008634824
201800026928,NonLethal,2018-09-23,08:45:00,TwilightOrDawn,450,285,Yes,NoIntersection,LightRain,Other,108 R CHARLES BEAUHAIRE,M,47.91195138684991,1.9127991331742116
201800026929,NonLethal,2018-09-23,16:50:00,Daylight,450,234,Yes,NoIntersection,LightRain,NoCollision,RUE DU GROS RAISIN,M,47.8896555455104,1.8916560902350488
201800026931,NonLethal,2018-09-24,16:15:00,Daylight,450,234,Yes,NoIntersection,VeryGood,Other,AV ALAIN SAVARY,M,47.88752512647198,1.8870637309841225
201800026933,NonLethal,2018-09-25,18:59:00,Daylight,450,234,Yes,NoIntersection,Normal,Other,R PIERRE ET MARIE CURIE,M,47.91108724610878,1.9122311914869528
201800026934,NonLethal,2018-09-26,12:50:00,Daylight,450,232,Yes,T-type,Normal,Other,R DE CHATEAUROUX/R LA SO,M,47.84839870687254,1.8492127664046203
201800026935,NonLethal,2018-09-28,07:45:00,Daylight,450,285,Yes,Square,Normal,2Vehicles-Side,PLACE PAUL BERT,M,47.89758084550257,1.898527374913164
201800026936,NonLethal,2018-09-30,09:00:00,Daylight,450,234,Yes,NoIntersection,Normal,Other,PLACE SAINTE CROIX,M,47.90161983744744,1.9022734049599832
201800026939,NonLethal,2018-10-01,13:50:00,Daylight,450,274,Yes,NoIntersection,Normal,2Vehicles-BehindVehicles-Frontal,RUE DE DINETARD,M,47.86866322827121,1.8681153208226384
201800026940,NonLethal,2018-01-10,20:05:00,NightStreelightsOn,450,234,Yes,T-type,Normal,2Vehicles-Side,R PORTE DUNOISE/M SANGNI,M,47.90228286507019,1.9026529805882977
201800026941,NonLethal,2018-10-02,16:45:00,Daylight,450,234,Yes,NoIntersection,Normal,2Vehicles-Side,R DU FAUBOURG MADELEINE,M,47.90141070178365,1.9007727147089808
201800026942,NonLethal,2018-10-02,17:50:00,Daylight,450,298,Yes,NoIntersection,Normal,Other,PONT DE L'EUROPE,M,47.89421379151939,1.8939099506108887
201800026944,NonLethal,2018-09-29,11:30:00,Daylight,450,234,Yes,NoIntersection,Normal,2Vehicles-Behind,RUE DE BARBOTTE,M,47.88024890767112,1.87951725452376
201800026945,NonLethal,2018-05-10,16:05:00,Daylight,450,234,Yes,NoIntersection,Normal,2Vehicles-Side,AVENUE DE TREVISE,M,47.89447924429754,1.8944832996657228
201800026946,NonLethal,2018-05-10,18:30:00,Daylight,450,234,Yes,NoIntersection,Normal,2Vehicles-Behind,AV ROGER SECRETAIN,M,47.8852398319936,1.8861612051957732
201800026947,NonLethal,2018-05-10,23:20:00,NightStreelightsOn,450,234,Yes,Other,Normal,2Vehicles-Side,101 RUE BASSE D'INGRE,M,47.90655972859756,1.9040747912673768
201800026948,NonLethal,2018-10-08,18:00:00,Daylight,450,298,Yes,T-type,Normal,2Vehicles-Side,RTE ST MESMIN/R ST PRYVE,M,47.88347391866621,1.8837037852134075
201800026949,NonLethal,2018-10-10,10:15:00,Daylight,450,234,Yes,NoIntersection,Normal,Other,89 FB SAINT JEAN,M,47.90919763742617,1.9061227547076376
201800026950,NonLethal,2018-10-10,15:40:00,Daylight,450,302,Yes,NoIntersection,Normal,2Vehicles-Behind,620 RUE NATIONALE 20,M,47.94302532800469,1.94458679378467
201800026951,NonLethal,2018-11-10,09:55:00,Daylight,450,302,Yes,Other,Normal,2Vehicles-Behind,1485 RUE NATIONALE 20,M,47.95034708020079,1.9510585484457232
201800026952,NonLethal,2018-10-11,18:20:00,Daylight,450,234,Yes,Other,LightRain,2Vehicles-Side,DROI DE L'HOMME/M STUART,M,47.912949865590754,1.9109668691850012
201800026953,NonLethal,2018-11-10,19:10:00,NightNoStreetLight,450,298,Yes,Roundabout,LightRain,NoCollision,PONT DE L'EUROPE,M,47.89202111360457,1.8910999255426229
201800026954,NonLethal,2018-10-13,09:20:00,Daylight,450,284,Yes,NoIntersection,Normal,2Vehicles-Side,12 R DU FG DE BOURGOGNE,M,47.90077396052165,1.9018931063772877
201800026955,NonLethal,2018-10-13,19:25:00,TwilightOrDawn,450,234,No,NoIntersection,Normal,2Vehicles-Side,D2020-PR39+190,M,47.81443578666082,1.816264495297418
201800026956,NonLethal,2018-10-15,12:15:00,Daylight,450,234,Yes,Roundabout,Normal,NoCollision,AV DE LA LIBERATION,M,47.91757092365164,1.9180637023272675
201800026957,NonLethal,2018-10-16,07:50:00,TwilightOrDawn,450,232,Yes,Roundabout,Normal,Other,AVENUE DU LOIRET,M,47.8695410621018,1.86936531322924
201800026958,NonLethal,2018-10-16,09:40:00,Daylight,450,234,Yes,Roundabout,Normal,2Vehicles-Side,AVRECHERCHE SCIENTIFIQUE,M,47.84047269280008,1.839537148619472
201800026959,NonLethal,2018-10-17,11:15:00,Daylight,450,298,Yes,NoIntersection,Normal,3+Vehicles-Multiple,RUE DES QUATRE TOURELLES,M,47.88864653714136,1.88757417299502
201800026960,NonLethal,2018-10-18,11:05:00,Daylight,450,285,Yes,X-type,Normal,3+Vehicles-Chain,D520/R P DOUMER,M,47.911754905987394,1.912308987443034
201800026961,NonLethal,2018-10-19,08:00:00,TwilightOrDawn,450,234,Yes,T-type,Normal,2Vehicles-Side,R CHARTRES/L DE VINCI,M,47.844550246109485,1.84531621518546
201800026962,NonLethal,2018-10-19,07:30:00,NightStreelightsOn,450,302,Yes,Roundabout,Normal,2Vehicles-Side,RUE MARCEL PAUL,M,47.945746837458685,1.9462705570131165
201800026963,NonLethal,2018-10-19,15:54:00,Daylight,450,234,Yes,X-type,Normal,2Vehicles-Side,R P LAROQUE/R GUIGNEGAUL,M,47.89181796072901,1.8897532592146251
201800026964,NonLethal,2018-10-21,09:20:00,Daylight,450,286,Yes,Y-type,Normal,2Vehicles-BehindVehicles-Frontal,RTE SANDILLON/RTE ST CYR,M,47.87987699574497,1.8784684348409333
201800026965,NonLethal,2018-10-22,18:15:00,Daylight,450,234,Yes,NoIntersection,Normal,3+Vehicles-Chain,260 RUE DU FG BANNIER,M,47.92659915781528,1.925448789881236
201800026966,NonLethal,2018-10-24,15:15:00,Daylight,450,232,Yes,NoIntersection,Normal,Other,D9020.35-bretelle raccor,M,47.8468487233018,1.842935608114617
201800026967,NonLethal,2018-10-25,12:15:00,Daylight,450,234,Yes,Other,Normal,2Vehicles-Behind,AVENUE DE L'HOPITAL,M,47.83736710480068,1.8370268314566087
201800026968,NonLethal,2018-10-20,19:00:00,TwilightOrDawn,450,234,Yes,NoIntersection,Normal,Other,MUNSTER (AVENUE DE),M,47.91164234809015,1.9107533984522247
201800026969,NonLethal,2018-10-26,16:34:00,Daylight,450,234,Yes,T-type,Normal,2Vehicles-Side,AVENUE DE L'HOPITAL,M,47.83079838901474,1.8310872833661247
201800026970,NonLethal,2018-10-26,18:50:00,NightStreelightsOn,450,302,Yes,NoIntersection,Overcast,3+Vehicles-Chain,FAUCHEUX (RUE ANATOLE),M,47.93466789370895,1.935018045325036
201800026971,NonLethal,2018-10-26,21:50:00,NightStreelightsOn,450,298,Yes,NoIntersection,LightRain,Other,RUE DES HAUTES LEVEES,M,47.89405212458535,1.8924783428049272
201800026972,NonLethal,2018-10-27,08:35:00,Daylight,450,232,Yes,T-type,Normal,Other,R SOURCE/R S VOUET,M,47.85031561344868,1.850981657029534
201800026973,NonLethal,2018-10-27,09:35:00,Daylight,450,234,Yes,T-type,Normal,Other,R DU FAUBOURG MADELEINE,M,47.900263867564895,1.8985777004193207
201800026974,NonLethal,2018-10-28,14:25:00,Daylight,450,232,Yes,NoIntersection,LightRain,Other,Giratoire D15-D2271,M,47.84097022906639,1.8413708679462624
201800026975,NonLethal,2018-10-28,14:30:00,Daylight,450,234,Yes,T-type,LightRain,Other,Bd A MARTIN/R ST VINCEN,M,47.90487106666591,1.9046937621706388
201800026976,NonLethal,2018-10-28,20:50:00,NightStreelightsOn,450,147,Yes,NoIntersection,LightRain,2Vehicles-Side,412 RUE DU FG BANNIER,M,47.93421049940464,1.9349234828716413
201800026977,NonLethal,2018-10-28,02:00:00,NightStreelightsOn,450,234,Yes,Roundabout,Normal,NoCollision,RUE DE LA BOLIERE,M,47.83023933587419,1.8295484599633665
201800026978,NonLethal,2018-10-29,18:35:00,NightStreelightsOn,450,234,Yes,X-type,LightRain,2Vehicles-Side,AV DES DROITS DE L'HOMME,M,47.91407046005352,1.915042540155689
201800026980,NonLethal,2018-11-03,13:00:00,Daylight,450,169,Yes,NoIntersection,Normal,Other,33 RUE DU CHATEAU D'EAU,M,47.91879614582417,1.92253680390047
201800026981,NonLethal,2018-11-03,15:00:00,Daylight,450,234,Yes,NoIntersection,Normal,2Vehicles-Behind,AV ROGER SECRETAIN,M,47.87270772794098,1.8700556405440656
201800026983,NonLethal,2018-05-11,07:50:00,Daylight,450,232,Yes,X-type,Normal,2Vehicles-Side,R DU PRESSOIR TONNEAU,M,47.86404547999412,1.8633400111526075
201800026984,NonLethal,2018-11-06,14:00:00,Daylight,450,234,Yes,X-type,Normal,Other,R DES MURLINS/R M DUBOIS,M,47.92152232832583,1.9222839371719755
201800026985,NonLethal,2018-06-11,17:50:00,NightStreelightsOn,450,232,No,NoIntersection,Normal,2Vehicles-Side,AVENUE DE SOLOGNE,M,47.859663570575286,1.8600626916710417
201800026986,NonLethal,2018-11-07,17:14:00,Daylight,450,308,No,Other,Normal,Other,ROUTE ST JEAN DE BRAYE,M,47.92322717188491,1.9255799901225463
201800026987,NonLethal,2018-10-11,07:00:00,NightStreelightsOn,450,234,Yes,X-type,LightRain,3+Vehicles-Multiple,BD ALEXANDRE MARTIN,M,47.90645569184328,1.9050327036001904
201800026988,NonLethal,2018-10-11,07:15:00,NightStreelightsOn,450,234,No,Other,LightRain,NoCollision,D2060-rocade,M,47.924041333471,1.924897845861337
201800026989,NonLethal,2018-10-11,09:55:00,Daylight,450,234,Yes,NoIntersection,LightRain,2Vehicles-BehindVehicles-Frontal,PONT JOFFRE,M,47.89571715052258,1.898022697036836
201800026990,NonLethal,2018-11-10,14:50:00,Daylight,450,232,No,NoIntersection,LightRain,Other,D9020.3-bretelle raccord,M,47.84328525221395,1.842676631292823
201800026991,Lethal,2018-11-13,16:50:00,Daylight,450,302,Yes,Other,Normal,2Vehicles-Side,rocade D520,M,47.93992090995909,1.9389292030096283
201800026992,NonLethal,2018-11-15,07:45:00,TwilightOrDawn,450,234,Yes,T-type,FogOrSmoke,2Vehicles-Side,AV DE SAINT MESMIN,M,47.88602389927343,1.8860652520249608
201800026993,NonLethal,2018-11-16,17:00:00,TwilightOrDawn,450,285,Yes,T-type,FogOrSmoke,Other,R DES RUBIS/TRUQUOISES,M,47.92129888047568,1.9193549315121023
201800026994,NonLethal,2018-11-17,05:50:00,NightStreelightsOn,450,302,Yes,NoIntersection,Overcast,2Vehicles-BehindVehicles-Frontal,1297 R PASSE DEBOUT,M,47.937058783427446,1.9333443034157096
201800026995,NonLethal,2018-11-17,17:36:00,NightNoStreetLight,450,284,No,NoIntersection,Normal,3+Vehicles-Multiple,D2060,M,47.92618712953667,1.9240912869275133
201800026996,NonLethal,2018-11-18,00:30:00,NightStreelightsOn,450,234,Yes,X-type,Normal,2Vehicles-Side,AV SECRETAIN/ B MOUILLE,M,47.87851399943823,1.879686348491148
201800026997,NonLethal,2018-11-18,17:35:00,NightStreelightsOn,450,234,Yes,X-type,Normal,2Vehicles-Side,RUE MAURICE DUBOIS,M,47.92249728701388,1.9213991979277425
201800026998,NonLethal,2018-11-19,14:00:00,Daylight,450,302,Yes,NoIntersection,Normal,2Vehicles-Behind,rocade D520,M,47.94020341376848,1.9393245616768031
201800026999,NonLethal,2018-11-20,07:30:00,NightNoStreetLight,450,284,Yes,NoIntersection,Normal,3+Vehicles-Multiple,D2060,M,47.92558467631027,1.9243087130525869
201800027000,NonLethal,2018-11-20,07:35:00,Daylight,450,234,Yes,NoIntersection,Overcast,NoCollision,AVENUE ROGER SECRETAIN,M,47.88124224818983,1.8794386288292653
201800027001,NonLethal,2018-11-21,08:20:00,Daylight,450,234,Yes,X-type,Normal,2Vehicles-Side,BD CHATEAUDUN/R MURLINS,M,47.91461195230138,1.9137990575595805
201800027002,NonLethal,2018-11-21,13:35:00,Daylight,450,234,Yes,X-type,Normal,2Vehicles-Side,Bd A MARTIN/R E VIGNAT,M,47.90278712590588,1.907311495987992
201800027004,NonLethal,2018-11-28,19:40:00,NightStreelightsOn,450,234,Yes,Other,LightRain,2Vehicles-Side,AVENUE DE L'HOPITAL,M,47.833807986600725,1.8319828839565584
201800027005,NonLethal,2018-11-16,18:45:00,NightStreelightsOn,450,234,Yes,Roundabout,Normal,2Vehicles-Side,AV DR DE L'HOMME/BRUNET,M,47.9208682518554,1.9231861026801211
201800027006,NonLethal,2018-11-29,15:42:00,Daylight,450,298,Yes,Roundabout,LightRain,NoCollision,RD POINT PONT DE L'EUROP,M,47.89170989767109,1.8946297271835828
201800027007,NonLethal,2018-11-29,18:03:00,NightStreelightsOn,450,234,Yes,X-type,Normal,NoCollision,R XAINTRAILLES/R COULMIE,M,47.90713767074622,1.9056971405118808
201800027008,NonLethal,2018-01-12,01:00:00,NightNoStreetLight,450,284,Yes,Roundabout,Normal,Other,PEGUY (AVENUE CHARLES),M,47.904834294729895,1.903202059079508
201800027010,NonLethal,2018-02-12,15:25:00,Daylight,450,284,No,NoIntersection,HeavyRain,NoCollision,D2060,M,47.92060277698548,1.9222891632085288
201800027011,NonLethal,2018-12-02,15:35:00,Daylight,450,302,No,NoIntersection,HeavyRain,NoCollision,ECHANGEUR D9701-02,M,47.94162994162328,1.9432228485782344
201800027015,NonLethal,2018-12-06,13:09:00,Daylight,450,147,Yes,Other,LightRain,2Vehicles-Side,43 RUE DE CUREMBOURG,M,47.94349479615057,1.9442533798257968
201800027016,NonLethal,2018-09-12,00:55:00,NightStreelightsOn,450,286,Yes,Y-type,LightRain,2Vehicles-Side,ROUTE DE SANDILLON,M,47.88807685646031,1.88990697229686
201800027018,NonLethal,2018-12-11,15:05:00,Daylight,450,274,Yes,T-type,FogOrSmoke,2Vehicles-Behind,801 R ST DENIS,M,47.88020560802505,1.8784485555375527
201800027021,NonLethal,2018-12-16,17:34:00,NightStreelightsOn,450,302,No,NoIntersection,LightRain,2Vehicles-Side,ROCADE-D520,M,47.94365953876464,1.9439541374749003
201800027023,NonLethal,2018-12-17,14:10:00,Daylight,450,234,Yes,NoIntersection,Normal,3+Vehicles-Chain,QUAI DE LA MADELEINE,M,47.89742090677877,1.8981534972460177
201800027025,NonLethal,2018-12-18,08:45:00,Daylight,450,285,Yes,T-type,Normal,2Vehicles-Side,R G CLEMENCEAU-P ESPERE,M,47.89581756920087,1.8967981861074383
201800027026,NonLethal,2018-12-18,11:25:00,Daylight,450,234,Yes,Other,Overcast,Other,BD A MARTIN-R E VIGNAT,M,47.90658479034549,1.9066288726003733
201800027027,NonLethal,2018-12-20,19:55:00,NightStreelightsOn,450,234,Yes,NoIntersection,LightRain,2Vehicles-Side,AVENUE ROGER SECRETAIN,M,47.88799364465592,1.8904033315694533
201800027028,NonLethal,2018-12-21,09:10:00,Daylight,450,285,No,Other,HeavyRain,3+Vehicles-Chain,ROCADE-D520,M,47.907122144968085,1.9063339499345275
201800027029,NonLethal,2018-12-22,17:40:00,NightStreelightsOn,450,234,Yes,Roundabout,Normal,2Vehicles-Side,RUE BRILLAT SAVARIN,M,47.87266928767809,1.8737573358123292
201800027030,NonLethal,2018-12-24,08:40:00,Daylight,450,232,Yes,X-type,LightRain,2Vehicles-Side,AV DE SOLOGNE/R VERDUN,M,47.86715620291314,1.8686527653645109
201800027031,NonLethal,2018-12-27,02:50:00,NightStreelightsOn,450,169,Yes,Roundabout,FogOrSmoke,Other,RUE PASSE DEBOUT,M,47.93135693774661,1.9300099504160464
201800027033,NonLethal,2018-12-29,02:37:00,NightStreelightsOn,450,147,Yes,Roundabout,FogOrSmoke,Other,R A DESSAUX-R DANTON,M,47.92368845773407,1.9223822371146475
201800027034,NonLethal,2018-12-31,13:30:00,Daylight,450,302,No,Other,Overcast,2Vehicles-Side,D2701-PR0+430,M,47.94820515357231,1.9485827600334664
201800027035,NonLethal,2018-09-01,17:23:00,Daylight,460,42,Yes,X-type,Normal,2Vehicles-Side,Giratoire de la Beyne,M,44.42657921121252,1.427850821060899
201800027036,NonLethal,2018-04-05,21:45:00,NightStreelightsOn,460,42,Yes,Square,Normal,2Vehicles-Side,LOUIS-PHILIPPE (PONT),M,44.44004816979405,1.439189950834675
201800027037,NonLethal,2018-04-07,17:50:00,Daylight,460,95,Yes,NoIntersection,Normal,Other,DEPARTEMENTALE Nø 811,M,44.514427905978536,1.513063638957569
201800027038,NonLethal,2018-04-14,15:35:00,Daylight,460,42,Yes,NoIntersection,Normal,Other,REGOURD (QUAI DE),M,44.4505626775077,1.4493468101631617
201800027039,NonLethal,2018-04-15,05:10:00,NightNoStreetLight,460,42,No,NoIntersection,Normal,NoCollision,PEYROLIS (CHEMIN DE),M,44.42704552246778,1.427917520736884
201800027042,NonLethal,2018-02-06,16:40:00,Daylight,460,42,No,NoIntersection,Normal,NoCollision,DEPARTEMENTALE 911,M,44.46262774088738,1.46407909036992
201800027043,NonLethal,2018-08-16,17:40:00,Daylight,460,42,No,NoIntersection,Normal,Other,Dpartementale 82O,M,44.45355475465944,1.45167190689715
201800027044,NonLethal,2018-10-10,10:30:00,Daylight,460,42,Yes,NoIntersection,Normal,Other,BASTIE (AVENUE MARYSE),M,44.45940723883263,1.456156033563106
201800027045,NonLethal,2018-10-24,13:40:00,Daylight,460,42,Yes,NoIntersection,Normal,Other,VILLARS (RUE RENE),M,44.45528713708767,1.4549843394785689
201800027046,NonLethal,2018-01-17,16:10:00,Daylight,470,1,Yes,NoIntersection,Normal,Other,LIBERTE (BOULEVARD DE LA,M,44.19633775301185,6.195313616359618
201800027047,NonLethal,2018-01-29,17:40:00,TwilightOrDawn,470,1,Yes,NoIntersection,Normal,Other,DE GAULLE (AV. DU GENERA,M,44.20395312138136,6.2027820732885
201800027049,NonLethal,2018-03-10,18:25:00,Daylight,470,31,No,NoIntersection,Overcast,2Vehicles-BehindVehicles-Frontal,RD 813 (NOUVELLE ROCA,M,44.17738986383922,6.177714938922311
201800027050,NonLethal,2018-03-30,06:50:00,NightNoStreetLight,470,31,No,NoIntersection,LightRain,2Vehicles-BehindVehicles-Frontal,RD 813 (NOUVELLE ROCA,M,44.17424081448326,6.175692903986831
201800027051,NonLethal,2018-04-19,21:20:00,NightStreelightsOn,470,201,Yes,NoIntersection,Normal,2Vehicles-BehindVehicles-Frontal,MARNE (AV. DE LA),M,44.19455784547944,5.1921101813913095
201800027052,NonLethal,2018-05-22,14:23:00,Daylight,470,32,Yes,NoIntersection,Normal,2Vehicles-Side,NOGUES (AVENUE DU),M,44.18622914713745,6.185477743448951
201800027053,NonLethal,2018-05-25,09:28:00,Daylight,470,31,No,NoIntersection,Normal,3+Vehicles-Multiple,BARTHE (LIEU DIT),M,44.16336905136775,6.162973561999159
201800027056,NonLethal,2018-06-10,19:22:00,Daylight,470,1,Yes,X-type,Normal,2Vehicles-Side,COLMAR (AV. DE),M,44.1936929715321,6.193332768166071
201800027057,NonLethal,2018-07-07,09:05:00,Daylight,470,1,Yes,NoIntersection,Normal,Other,AV JEAN JAURES,M,44.20585308675232,6.203856867980581
201800027058,NonLethal,2018-07-12,19:22:00,Daylight,470,1,Yes,NoIntersection,Normal,2Vehicles-Behind,JAURES (AV. JEAN),M,44.20430929177173,6.204443824090771
201800027059,NonLethal,2018-08-07,20:50:00,Daylight,470,1,Yes,NoIntersection,Normal,2Vehicles-BehindVehicles-Frontal,MIDI (AVENUE DU),M,44.181395524365335,6.1829599997175615
201800027060,NonLethal,2018-07-08,23:00:00,NightStreelightsOn,470,201,Yes,X-type,Normal,2Vehicles-Side,CHAT D'OC (RUE DU),M,44.19513244460535,6.194217489772671
201800027061,NonLethal,2018-08-28,19:26:00,Daylight,470,1,No,NoIntersection,Normal,2Vehicles-BehindVehicles-Frontal,TISSIDRE (AV. ANDRE),M,44.17975635919165,6.177723920669699
201800027062,NonLethal,2018-08-30,16:40:00,Daylight,470,1,Yes,NoIntersection,Normal,Other,SCALIGER (BOULEVARD),M,44.2061886950768,6.20710268203888
201800027064,NonLethal,2018-09-20,08:25:00,Daylight,470,201,Yes,NoIntersection,Normal,Other,MARNE (AV. DE LA),M,44.19458743648728,6.195769208619161
201800027065,NonLethal,2018-09-23,20:40:00,NightStreelightsOn,470,1,Yes,T-type,Normal,2Vehicles-Side,DUNKERQUE (QUAI DE),M,44.208947784503366,6.209393619492551
201800027066,NonLethal,2018-10-15,09:36:00,Daylight,470,32,Yes,T-type,LightRain,2Vehicles-Side,ALBERT CAMUS (avenue),M,44.1882306720822,6.18721980734903
201800027067,NonLethal,2018-07-11,07:00:00,NightStreelightsOn,470,201,No,NoIntersection,Normal,2Vehicles-Behind,BEAUREGARD,M,44.16996666181135,6.169613810459162
201800027068,NonLethal,2018-11-14,18:12:00,TwilightOrDawn,470,1,Yes,T-type,Normal,2Vehicles-Behind,POTON DE XAINTRAILLES (R,M,44.197813470575866,6.1995322609877554
201800027069,NonLethal,2018-11-16,12:55:00,Daylight,470,32,No,T-type,Normal,2Vehicles-Side,ARMAND (RUE),M,44.17702284425141,6.175620752456729
201800027070,NonLethal,2018-04-12,10:08:00,Daylight,470,1,Yes,T-type,Normal,2Vehicles-Side,GAMBETTA (COURS),M,44.20037273136995,6.201204583944628
201800027071,Lethal,2018-12-20,10:25:00,Daylight,470,201,No,NoIntersection,Normal,Other,GASCOGNE (AVENUE DE),M,44.16728681459384,6.167110287848633
201800027072,NonLethal,2018-12-28,14:10:00,Daylight,470,1,No,T-type,Normal,2Vehicles-Side,DENFERT ROCHEREAU (RUE),M,44.20289130135295,6.204388115316567
201800027073,NonLethal,2018-12-30,19:20:00,NightStreelightsOn,470,1,Yes,X-type,Normal,2Vehicles-Side,SCALIGER (BOULEVARD),M,44.20543849564415,6.206738771349859
201800027074,NonLethal,2018-01-23,04:06:00,NightNoStreetLight,470,215,No,Other,Normal,2Vehicles-BehindVehicles-Frontal,RN 21,M,44.3865918452884,7.385246319452055
201800027075,NonLethal,2018-11-02,15:15:00,Daylight,470,323,Yes,NoIntersection,Normal,Other,"26, HUGO(COURS VICTOR)",M,44.41022219520154,7.410458430638301
201800027076,NonLethal,2018-02-15,01:45:00,NightStreelightsOn,470,323,Yes,NoIntersection,LightRain,Other,92 AV CAYREL JEAN-CLAUDE,M,44.4177533807244,7.416130527610223
201800027077,NonLethal,2018-02-26,19:15:00,NightStreelightsOn,470,323,Yes,T-type,Normal,2Vehicles-Side,R. ARCEAU/R. FRATERNITE,M,44.40459931004557,7.40537659330056
201800027079,NonLethal,2018-10-04,19:15:00,Daylight,470,27,No,Roundabout,Normal,2Vehicles-Side,RD 9ll,M,44.40258308361317,6.4020307471338125
201800027080,NonLethal,2018-05-18,01:02:00,NightNoStreetLight,470,323,Yes,NoIntersection,FogOrSmoke,Other,MYRE MORY (AVENUE),M,44.41445552367436,7.413786778136574
201800027081,NonLethal,2018-05-20,20:20:00,Daylight,470,323,No,NoIntersection,Normal,Other,DIODE (NORD),M,44.43537660994911,7.433243073926921
201800027082,NonLethal,2018-05-31,12:10:00,Daylight,470,323,Yes,NoIntersection,Normal,Other,ROUQUETTE,M,44.41674992922082,7.41908735820181
201800027085,NonLethal,2018-09-15,14:20:00,Daylight,470,27,No,NoIntersection,Normal,3+Vehicles-Chain,RAMOUNOT (LIEU-DIT),M,44.40272072382276,6.403445594234441
201800027086,NonLethal,2018-09-20,22:43:00,NightNoStreetLight,470,6,No,NoIntersection,Normal,2Vehicles-Behind,RD 911,M,44.40175676062885,6.403852274374078
201800027087,Lethal,2018-09-23,00:15:00,NightNoStreetLight,470,323,No,NoIntersection,Normal,Other,GENERAL DE GAULLE (AVENU,M,44.42794993043515,7.428562496077884
201800027088,NonLethal,2018-09-25,12:05:00,Daylight,470,323,Yes,Other,Normal,Other,LAFON (RUE ERNEST),M,44.40300152211612,7.4021178002182175
201800027089,NonLethal,2018-09-28,09:20:00,Daylight,470,27,No,X-type,Normal,2Vehicles-Side,AV. GROUPE FRANC TREIZE,M,44.41587879393947,6.415251594540171
201800027092,NonLethal,2018-10-27,15:55:00,Daylight,470,323,Yes,NoIntersection,Normal,2Vehicles-Behind,BORDENEUVE (AVENUE JACQU,M,44.4014836067045,6.405913709980855
201800027093,NonLethal,2018-10-30,16:15:00,Daylight,470,323,Yes,Roundabout,Normal,2Vehicles-Side,DANTON (BOULEVARD),M,44.40786154158992,6.408871903495443
201800027094,NonLethal,2018-12-21,23:20:00,NightNoStreetLight,470,323,Yes,T-type,Other,Other,MICHAUD (RUE VICTOR),M,44.41887403166329,7.419956130831069
201800027095,NonLethal,2018-01-28,06:24:00,NightStreelightsOn,480,95,Yes,NoIntersection,Normal,Other,"31, HUIT MAI 1945 (AVENU",M,44.52279908499049,3.5223743941773464
201800027096,NonLethal,2018-08-18,12:15:00,Daylight,480,95,No,NoIntersection,Normal,Other,RD 42,M,44.52772622022714,3.5277457088562474
201800027097,NonLethal,2018-11-15,14:00:00,Daylight,480,95,Yes,NoIntersection,Normal,Other,ONZE NOVEMBRE (AVENUE DU,M,44.52575942729525,3.522299157148906
201800027098,NonLethal,2018-12-04,17:30:00,NightStreelightsOn,480,95,Yes,Square,Overcast,Other,SOUPIRS (ALLEE DES),M,44.52199257721433,3.5224365560260718