AccidentId,Gravity,Date,Hour,Light,Department,Commune,InAgglomeration,IntersectionType,Weather,CollisionType,PostalAddress,GPSCode,Latitude,Longitude
201800027099,NonLethal,2018-12-22,00:30:00,NightNoStreetLight,480,95,No,NoIntersection,LightRain,NoCollision,RD 806,M,44.53637693946043,3.536076654575239
201800027100,NonLethal,2018-12-28,10:00:00,Daylight,490,7,Yes,NoIntersection,Normal,NoCollision,ALSACE,M,47.47095704617705,-0.4690436396268873
201800027101,NonLethal,2018-02-01,08:24:00,TwilightOrDawn,490,7,Yes,Roundabout,Normal,Other,"OO, COUBERTIN BOULEVARD",M,47.46284813417224,-0.4645392023656585
201800027102,NonLethal,2018-01-03,09:17:00,Daylight,490,7,Yes,Roundabout,Normal,2Vehicles-Side,"00, ARAGON AVENUE",M,47.47173935355132,-0.4727132702547644
201800027104,NonLethal,2018-01-03,17:56:00,NightStreelightsOn,490,7,Yes,NoIntersection,Normal,NoCollision,"10, PAUL BERT",M,47.46566631844986,-0.4655300158060482
201800027106,NonLethal,2018-01-04,13:25:00,Daylight,490,7,Yes,NoIntersection,Normal,Other,VOIE DES BERGES,M,47.471833011461214,-0.4692301914559602
201800027107,NonLethal,2018-05-01,13:31:00,Daylight,490,267,Yes,Roundabout,LightRain,Other,"00, MOLIERE AVENUE",M,47.47680910843592,-0.4775029895252115
201800027108,NonLethal,2018-05-01,09:36:00,Daylight,490,15,Yes,NoIntersection,Normal,NoCollision,"80, MENDES FRANCE AVENUE",M,47.50730045119423,-0.503523120567337
201800027109,NonLethal,2018-07-01,15:49:00,Daylight,490,267,Yes,NoIntersection,HeavyRain,Other,"00, A87N",M,47.46802818643211,-0.4684740969607571
201800027110,NonLethal,2018-06-01,20:34:00,NightStreelightsOn,490,7,Yes,X-type,Normal,2Vehicles-Side,"00, PAUL BERT",M,47.46627420073533,-0.4654954640329261
201800027111,NonLethal,2018-01-08,18:45:00,NightStreelightsOn,490,7,Yes,X-type,Normal,Other,"00, BEDIER BOULEVARD",M,47.45184618050126,-0.4504740499713736
201800027113,NonLethal,2018-01-10,12:15:00,Daylight,490,267,No,NoIntersection,Overcast,Other,A87N,M,47.46550785586108,-0.4673603761806025
201800027114,NonLethal,2018-11-01,09:15:00,Daylight,490,7,Yes,NoIntersection,Normal,Other,"23, JEAN XXIII AVENUE",M,47.449806455300426,-0.4498532921756313
201800027115,NonLethal,2018-01-11,09:46:00,Daylight,490,7,Yes,NoIntersection,Normal,2Vehicles-Side,VOIE DES BERGES,M,47.485712707542106,-0.4839576775595653
201800027116,NonLethal,2018-11-01,19:40:00,NightStreelightsOn,490,7,Yes,NoIntersection,Normal,Other,CUSSONEAU,M,47.47253300306706,-0.4687846729177863
201800027117,NonLethal,2018-01-13,17:50:00,TwilightOrDawn,490,7,Yes,NoIntersection,LightRain,Other,"00, THOMAS",M,47.46406528677606,-0.4638571379286296
201800027118,NonLethal,2018-01-15,18:02:00,TwilightOrDawn,490,7,Yes,NoIntersection,Overcast,Other,"00, DE LATTRE DE TASSIGN",M,47.44906964198056,-0.4494695232128061
201800027120,NonLethal,2018-01-15,15:34:00,Daylight,490,267,Yes,Other,LightRain,Other,"00, A87N",M,47.46676621981892,-0.4627801761918811
201800027121,NonLethal,2018-01-15,18:20:00,NightStreelightsOn,490,7,Yes,Roundabout,Overcast,2Vehicles-Side,"00, GATS",M,47.47542444977258,-0.47512287765491
201800027122,NonLethal,2018-01-15,22:30:00,NightStreelightsOn,490,7,Yes,NoIntersection,Normal,Other,"OO, PORTET BOULEVARD",M,47.45326171616692,-0.4518317954110031
201800027125,NonLethal,2018-01-18,20:50:00,NightStreelightsOn,490,246,Yes,X-type,LightRain,2Vehicles-Side,"00, DAVID D'ANGERS",M,47.44229142832664,-0.443168939136673
201800027126,NonLethal,2018-01-19,07:25:00,TwilightOrDawn,490,7,Yes,NoIntersection,Normal,Other,"00, MOULIN BOULEVARD",M,47.49275856142601,-0.491301147434216
201800027127,NonLethal,2018-01-19,08:55:00,TwilightOrDawn,490,7,Yes,NoIntersection,Normal,Other,"33, GAIN ( LOUIS)",M,47.46809912854998,-0.4669601091904772
201800027128,NonLethal,2018-01-19,18:42:00,TwilightOrDawn,490,7,Yes,X-type,Normal,Other,"00, LETANDUERE",M,47.46188165836373,-0.4609839521552614
201800027129,NonLethal,2018-01-20,16:39:00,Daylight,490,7,Yes,NoIntersection,Normal,Other,"00, PATTON AVENUE",M,47.47474088672923,-0.4733657634786911
201800027131,NonLethal,2018-01-22,08:41:00,TwilightOrDawn,490,7,Yes,NoIntersection,LightRain,Other,"53, SAUMUROISE IMPASSE E",M,47.45804602702041,-0.4596528298737565
201800027132,NonLethal,2018-01-23,17:30:00,Daylight,490,7,Yes,X-type,Normal,2Vehicles-Side,DOYENNE BOULEVARD ET PAS,M,47.486255403200055,-0.4857386234452939
201800027134,NonLethal,2018-01-23,17:00:00,Daylight,490,7,Yes,Roundabout,Normal,2Vehicles-Side,"40, ARAGON AVENUE",M,47.47193203866926,-0.4718654160248317
201800027135,NonLethal,2018-01-25,08:40:00,Daylight,490,7,Yes,NoIntersection,Normal,Other,"32, BOURG LA CROIX PLACE",M,47.45586866375374,-0.4519000044600625
201800027136,NonLethal,2018-01-25,06:40:00,NightStreelightsOn,490,7,Yes,X-type,Normal,NoCollision,"00, FOCH BOULEVARD",M,47.468772552393,-0.4683930757342201
201800027138,NonLethal,2018-01-22,19:30:00,NightStreelightsOn,490,246,Yes,NoIntersection,Normal,Other,"36, HUGO VICTOR RUE",M,47.43007349861475,-0.4305123157561294
201800027139,NonLethal,2018-01-26,17:01:00,Daylight,490,15,Yes,X-type,Normal,Other,"00, LERICHE AVENUE RENE",M,47.494296849358165,-0.4940220083498119
201800027140,NonLethal,2018-01-26,10:36:00,Daylight,490,7,Yes,NoIntersection,Normal,Other,"00, GANDHI",M,47.4705736652327,-0.4704443604452308
201800027141,NonLethal,2018-01-29,11:03:00,Daylight,490,7,Yes,NoIntersection,Normal,Other,"35, PROUDHON",M,47.46155766102252,-0.4611199607318366
201800027142,NonLethal,2018-01-27,10:57:00,Daylight,490,7,Yes,NoIntersection,Normal,Other,"02, BAMAKO",M,47.45141375539559,-0.4515863074894469
201800027143,NonLethal,2018-02-01,17:44:00,Daylight,490,7,Yes,X-type,Normal,2Vehicles-Side,"00, GUICHARD",M,47.44879279441577,-0.4491418130554307
201800027144,NonLethal,2018-02-02,19:10:00,NightNoStreetLight,490,267,Yes,NoIntersection,Normal,NoCollision,"OO, PLESSIS GRAMMOIRE RO",M,47.483394705604496,-0.4850896909757147
201800027145,Lethal,2018-02-07,03:23:00,NightStreelightsOn,490,7,Yes,NoIntersection,SnowOrHail,Other,"16, FOCH BOULEVARD",M,47.467667007345,-0.4693299416732125
201800027146,NonLethal,2018-02-05,19:07:00,NightStreelightsOn,490,7,Yes,T-type,Normal,Other,"00, PASCAL RUE ET PASSAG",M,47.45927445381184,-0.4591099791424366
201800027149,NonLethal,2018-02-11,22:20:00,NightStreelightsOff,490,7,No,NoIntersection,Normal,Other,"00, MONTAIGNE AVENUE",M,47.4712842472081,-0.4686778505798679
201800027150,NonLethal,2018-08-02,19:22:00,TwilightOrDawn,490,7,Yes,NoIntersection,Normal,Other,"52, COUBERTIN BOULEVARD",M,47.45955063628449,-0.4592271101929214
201800027151,NonLethal,2018-12-02,07:59:00,TwilightOrDawn,490,7,Yes,NoIntersection,Normal,Other,"00, BLANCHOIN BOULEVARD",M,47.4461709138421,-0.4464502472499661
201800027152,NonLethal,2018-12-02,07:20:00,TwilightOrDawn,490,7,Yes,NoIntersection,Normal,Other,"00, BIRGE BOULEVARD",M,47.4756372280723,-0.4780684490504933
201800027153,NonLethal,2018-07-02,08:18:00,TwilightOrDawn,490,7,Yes,NoIntersection,SnowOrHail,NoCollision,"00, BASSE CHAINE PONT",M,47.471569171205154,-0.470775910015453
201800027154,NonLethal,2018-02-08,16:57:00,Daylight,490,7,Yes,NoIntersection,Normal,Other,"l88, SAUMUROISE IMPASSE",M,47.45252217994076,-0.4532321324546333
201800027156,NonLethal,2018-02-14,13:43:00,Daylight,490,7,Yes,NoIntersection,Normal,Other,"00, GRAND MONTREJEAU",M,47.46934031311893,-0.4676589896148277
201800027157,NonLethal,2018-02-16,08:49:00,Daylight,490,7,Yes,T-type,Normal,2Vehicles-Side,"00, EPINARD ROUTE",M,47.48772558520361,-0.4864957363142598
201800027158,NonLethal,2018-02-17,18:56:00,NightStreelightsOn,490,7,Yes,NoIntersection,Normal,Other,"36, LETANDUERE",M,47.46208766398972,-0.4617588572165904
201800027159,NonLethal,2018-02-17,19:51:00,NightStreelightsOn,490,353,Yes,Roundabout,Normal,2Vehicles-Behind,"00, LAGRANGE",M,47.44683472632694,-0.4467907997694403
201800027161,NonLethal,2018-02-19,10:20:00,Daylight,490,7,Yes,X-type,LightRain,Other,"00, LAREVELLIERE",M,47.47241857906903,-0.470988919262014
201800027162,NonLethal,2018-02-19,19:20:00,NightStreelightsOn,490,7,Yes,X-type,Normal,2Vehicles-Side,"00, PATTON AVENUE",M,47.47413595675241,-0.4725833350104372
201800027163,NonLethal,2018-02-21,15:48:00,Daylight,490,353,Yes,Roundabout,Normal,2Vehicles-Side,"00, CLOS DU PLESSIS LOTI",M,47.44060186635859,-0.4406100620848622
201800027164,NonLethal,2018-02-23,15:30:00,Daylight,490,15,Yes,NoIntersection,Normal,Other,"00, MEIGNANNE ROUTE DE L",M,47.49602966593978,-0.4968953458577888
201800027165,NonLethal,2018-02-24,17:21:00,Daylight,490,7,Yes,NoIntersection,Normal,NoCollision,"5, ROUAUD",M,47.44824272974649,-0.4477569863242829
201800027166,NonLethal,2018-02-24,20:45:00,NightStreelightsOn,490,7,Yes,X-type,Normal,2Vehicles-Side,"00, DUNANT BOULEVARD",M,47.48339592016294,-0.4823518435794121
201800027168,NonLethal,2018-02-26,20:30:00,NightStreelightsOn,490,7,Yes,T-type,Normal,2Vehicles-Side,"00, PASTEUR AVENUE",M,47.47434104900501,-0.4731671002399737
201800027169,Lethal,2018-02-28,10:25:00,Daylight,490,7,Yes,X-type,Normal,Other,"O, PATTON AVENUE",M,47.47367093490138,-0.4732326653396213
201800027170,NonLethal,2018-02-28,14:13:00,Daylight,490,7,Yes,NoIntersection,Normal,2Vehicles-Behind,"57, CHATENAY AVENUE VICT",M,47.48639504856524,-0.4848645569290112
201800027171,NonLethal,2018-01-03,16:15:00,Daylight,490,7,Yes,NoIntersection,LightRain,Other,"8, CARMES QUAI ET RUE",M,47.47322485002061,-0.4731370410635546
201800027173,NonLethal,2018-01-03,15:50:00,Daylight,490,7,Yes,NoIntersection,LightRain,3+Vehicles-Chain,"9, PORTET BOULEVARD",M,47.45273732332864,-0.4504178285727086
201800027174,NonLethal,2018-03-03,10:08:00,Daylight,490,246,Yes,NoIntersection,Normal,Other,"30, PERDRIAU",M,47.43936577306729,-0.4391732679999967
201800027176,NonLethal,2018-05-03,15:15:00,Daylight,490,7,Yes,NoIntersection,Normal,Other,"24, GUICHARD",M,47.46006574929813,-0.4596753669511387
201800027177,NonLethal,2018-05-03,14:35:00,Daylight,490,7,Yes,NoIntersection,Normal,2Vehicles-Behind,"27, TARDAT",M,47.446774687947,-0.4495053307440028
201800027178,NonLethal,2018-06-03,08:09:00,Daylight,490,7,Yes,NoIntersection,Normal,2Vehicles-Behind,"101, MONPLAISIR BOULEVAR",M,47.49044800311917,-0.4913033776799073
201800027179,NonLethal,2018-08-03,07:15:00,NightStreelightsOn,490,7,Yes,NoIntersection,Normal,NoCollision,"1, LISE",M,47.47104072757944,-0.4730477537832472
201800027181,NonLethal,2018-09-03,22:19:00,NightStreelightsOn,490,7,Yes,NoIntersection,Normal,2Vehicles-Behind,"169, GASNIER AVENUE",M,47.490975343763125,-0.4914613506814704
201800027182,NonLethal,2018-10-03,06:15:00,NightStreelightsOn,490,7,Yes,NoIntersection,LightRain,Other,"20, RABELAIS",M,47.46353639354404,-0.464221517954543
201800027183,NonLethal,2018-10-03,17:41:00,Daylight,490,7,Yes,NoIntersection,LightRain,NoCollision,BIGOT,M,47.48176607163801,-0.4810309601100375
201800027184,NonLethal,2018-03-12,15:03:00,Daylight,490,7,No,NoIntersection,LightRain,Other,"0, GRAND LAUNAY",M,47.4674562884297,-0.4692944835230015
201800027185,NonLethal,2018-03-12,08:45:00,Daylight,490,7,Yes,NoIntersection,Normal,2Vehicles-Side,"94, CHATENAY AVENUE VICT",M,47.48670350746046,-0.4871798409190429
201800027186,NonLethal,2018-03-13,21:25:00,NightStreelightsOn,490,7,Yes,NoIntersection,Normal,2Vehicles-Side,"0, AYRAULT",M,47.47650304962612,-0.4774912578883262
201800027187,NonLethal,2018-03-13,10:45:00,Daylight,490,7,Yes,NoIntersection,Normal,2Vehicles-Side,"32, GAUTIER RUE ET SQUAR",M,47.46267614855117,-0.4629265001152375
201800027188,NonLethal,2018-03-14,18:52:00,TwilightOrDawn,490,7,Yes,NoIntersection,Normal,2Vehicles-Side,"0, BICHON PLACE",M,47.479430745713614,-0.4783253741304288
201800027189,NonLethal,2018-03-15,13:35:00,Daylight,490,267,No,NoIntersection,Normal,2Vehicles-Side,RD 347,M,47.4709978982194,-0.4695004357877624
201800027191,NonLethal,2018-03-17,11:20:00,Daylight,490,7,Yes,NoIntersection,Normal,Other,"48, CHAMBRE AUX DENIERS",M,47.46516011586166,-0.4658962470036067
201800027192,NonLethal,2018-03-17,13:51:00,Daylight,490,7,Yes,NoIntersection,Normal,2Vehicles-Behind,"0, GAIN ( LOUIS)",M,47.466507639471935,-0.4688447001827423
201800027193,NonLethal,2018-03-18,14:00:00,Daylight,490,7,Yes,NoIntersection,Normal,NoCollision,"137, LETANDUERE",M,47.45682851610577,-0.4533198674870798
201800027196,NonLethal,2018-03-21,11:17:00,Daylight,490,246,Yes,NoIntersection,Normal,Other,"72, HUIT MAI AVENUE",M,47.43725893713562,-0.4379493778237917
201800027197,NonLethal,2018-03-20,11:28:00,Daylight,490,7,Yes,NoIntersection,Normal,2Vehicles-Behind,"34, GAIN ( LOUIS)",M,47.46998012841119,-0.4709486343459318
201800027198,NonLethal,2018-09-02,20:22:00,NightStreelightsOn,490,7,Yes,NoIntersection,Normal,Other,"83, VOLNEY",M,47.46227923312623,-0.4611032680152838
201800027199,NonLethal,2018-03-20,09:11:00,Daylight,490,7,Yes,NoIntersection,Normal,2Vehicles-Side,"60, BEAUSSIER BOULEVARD",M,47.47536324998982,-0.4749044079082029
201800027202,NonLethal,2018-03-23,13:10:00,Daylight,490,15,Yes,NoIntersection,Normal,NoCollision,"247, MENDES FRANCE AVENU",M,47.50840513069131,-0.507195907794062
201800027203,NonLethal,2018-03-25,21:00:00,NightStreelightsOn,490,267,Yes,X-type,Normal,2Vehicles-Side,"0, CHARMES AVENUE",M,47.465658717092566,-0.4611377014273191
201800027204,NonLethal,2018-03-24,18:28:00,Daylight,490,7,Yes,NoIntersection,Normal,Other,MONTAIGNE AVENUE,M,47.4659473531833,-0.4675073463920421
201800027205,NonLethal,2018-03-26,10:00:00,Daylight,490,7,Yes,NoIntersection,Overcast,2Vehicles-Behind,"0, DOYENNE BOULEVARD ET",M,47.48757953714413,-0.4862047216541596
201800027207,NonLethal,2018-03-27,14:00:00,Daylight,490,7,Yes,NoIntersection,Normal,NoCollision,"1, GRAND MONTREJEAU",M,47.46907034722679,-0.4691578086942488
201800027210,NonLethal,2018-03-28,22:50:00,NightStreelightsOff,490,7,Yes,NoIntersection,Normal,NoCollision,"3, POIREL BOULEVARD",M,47.46126936734809,-0.4603016924645837
201800027212,NonLethal,2018-03-28,17:48:00,Daylight,490,7,Yes,NoIntersection,Normal,2Vehicles-BehindVehicles-Frontal,"35, AYRAULT",M,47.47551368198544,-0.4758764934892828
201800027213,NonLethal,2018-03-24,09:30:00,Daylight,490,7,Yes,Roundabout,Normal,NoCollision,VALLON,M,47.46469391914743,-0.4639962289454682
201800027214,NonLethal,2018-03-29,08:35:00,Daylight,490,7,Yes,NoIntersection,LightRain,Other,"00, CHATENAY AVENUE VICT",M,47.48627804207808,-0.4872581550713008
201800027215,NonLethal,2018-03-29,16:46:00,Daylight,490,7,No,NoIntersection,LightRain,2Vehicles-Side,"00, MOULIN BOULEVARD",M,47.49193095192071,-0.4926406137298101
201800027217,NonLethal,2018-03-24,10:55:00,Daylight,490,7,Yes,NoIntersection,Normal,NoCollision,RALLIEMENT PLACE,M,47.47246033886932,-0.473493774248099
201800027218,NonLethal,2018-03-31,13:30:00,Daylight,490,7,Yes,X-type,Normal,2Vehicles-Side,MAINE,M,47.482580689643214,-0.4815530213676562
201800027219,NonLethal,2018-03-31,15:45:00,Daylight,490,267,Yes,NoIntersection,Overcast,2Vehicles-Behind,"0, PATIS",M,47.47288344726704,-0.4729029711817661
201800027220,NonLethal,2018-04-03,05:30:00,NightStreelightsOn,490,7,Yes,NoIntersection,Normal,Other,ATLANTIQUE  AVENUE DE L',M,47.4644696322984,-0.4638121443908668
201800027221,NonLethal,2018-02-04,16:18:00,Daylight,490,7,Yes,T-type,Normal,2Vehicles-Behind,AYRAULT,M,47.4761428614576,-0.4761822132438857
201800027222,NonLethal,2018-04-03,17:55:00,Daylight,490,7,Yes,Other,Normal,2Vehicles-Behind,MOULIN PONT ET PLACE,M,47.48819290944286,-0.4884061223442761
201800027223,NonLethal,2018-04-04,16:30:00,Daylight,490,7,Yes,NoIntersection,Overcast,2Vehicles-Behind,MONTAIGNE AVENUE,M,47.46674946523753,-0.4666453930011076
201800027224,NonLethal,2018-04-04,16:58:00,Daylight,490,7,Yes,NoIntersection,Overcast,Other,GRENIERS SAINT JEAN,M,47.48043024150876,-0.479450749089557
201800027225,NonLethal,2018-03-29,08:09:00,Daylight,490,7,Yes,NoIntersection,LightRain,NoCollision,BAUMETTE PROMENADE,M,47.45630552550209,-0.4584029192747151
201800027226,NonLethal,2018-05-04,15:29:00,Daylight,490,7,Yes,X-type,Normal,2Vehicles-Side,LIBERTE BOULEVARD,M,47.44738219344209,-0.4499103804997202
201800027228,NonLethal,2018-07-04,13:26:00,Daylight,490,7,Yes,X-type,LightRain,2Vehicles-BehindVehicles-Frontal,MEIGNANNE,M,47.47892296506084,-0.4780587176743793
201800027229,NonLethal,2018-04-09,18:00:00,Daylight,490,15,No,X-type,LightRain,Other,RD 122,M,47.50016335234052,-0.5001295032565672
201800027231,NonLethal,2018-10-04,15:30:00,Daylight,490,7,Yes,Other,Normal,2Vehicles-Side,AYRAULT,M,47.47695344129547,-0.4745768860948818
201800027232,NonLethal,2018-04-10,16:23:00,Daylight,490,267,Yes,NoIntersection,Normal,2Vehicles-BehindVehicles-Frontal,BOIS RINIER,M,47.475130007124,-0.4762514073655213
201800027233,NonLethal,2018-04-06,15:10:00,Daylight,490,7,No,NoIntersection,Overcast,Other,PROUDHON,M,47.47171933647242,-0.472935479194973
201800027234,NonLethal,2018-10-04,13:30:00,Daylight,490,7,Yes,Other,Normal,3+Vehicles-Multiple,BARRE CITE ET RUE,M,47.47389768499172,-0.4721293065912118
201800027235,NonLethal,2018-04-10,17:13:00,Daylight,490,7,Yes,NoIntersection,Normal,2Vehicles-Side,GRAND LAUNAY,M,47.467021462492,-0.4676923974187026
201800027236,NonLethal,2018-04-10,21:40:00,NightStreelightsOn,490,7,Yes,NoIntersection,Normal,Other,PLANTAGENET,M,47.472405061912255,-0.4733178689355704
201800027237,NonLethal,2018-10-04,17:50:00,Daylight,490,7,Yes,NoIntersection,Overcast,Other,DETRICHE BOULEVARD,M,47.44743490532708,-0.4457347384745777
201800027238,NonLethal,2018-04-12,09:25:00,Daylight,490,7,Yes,NoIntersection,Normal,Other,VOLNEY,M,47.46399690606239,-0.4638338231439257
201800027240,NonLethal,2018-04-13,16:55:00,Daylight,490,7,No,Other,Normal,2Vehicles-Behind,ATLANTIQUE  AVENUE DE L',M,47.4654403797341,-0.4653909647918943
201800027241,NonLethal,2018-04-13,16:58:00,Daylight,490,267,No,NoIntersection,LightRain,2Vehicles-Behind,A87N,M,47.48076664141949,-0.4789153988990114
201800027242,NonLethal,2018-04-13,12:16:00,Daylight,490,7,Yes,NoIntersection,Normal,Other,PATTON AVENUE,M,47.47278916437065,-0.4730480411521852
201800027244,NonLethal,2018-04-16,15:49:00,Daylight,490,7,Yes,NoIntersection,Normal,2Vehicles-Side,MAINE,M,47.47930798218315,-0.4780526231001411
201800027245,NonLethal,2018-04-16,13:23:00,Daylight,490,15,Yes,NoIntersection,Normal,Other,MENDES FRANCE AVENUE PIE,M,47.49634812485195,-0.4995014711785967
201800027246,NonLethal,2018-04-18,15:24:00,Daylight,490,246,Yes,NoIntersection,Normal,NoCollision,PETIT POUILLE CHEMIN ET,M,47.43169931236008,-0.4323242705417688
201800027247,NonLethal,2018-04-20,01:45:00,NightStreelightsOn,490,7,Yes,NoIntersection,Normal,Other,MOULIN BOULEVARD,M,47.49114259517445,-0.4917750540133436
201800027248,NonLethal,2018-04-19,15:11:00,Daylight,490,7,Yes,T-type,Normal,2Vehicles-BehindVehicles-Frontal,SAINT LAZARE,M,47.478657387675085,-0.4812917447705918
201800027249,NonLethal,2018-04-20,18:00:00,Daylight,490,7,Yes,NoIntersection,Normal,2Vehicles-Behind,MONPLAISIR BOULEVARD,M,47.48968314650344,-0.491448504135974
201800027250,NonLethal,2018-04-20,17:03:00,Daylight,490,353,Yes,NoIntersection,Normal,Other,LEFEVRE,M,47.441939906793735,-0.4436904250720923
201800027251,NonLethal,2018-04-20,18:10:00,Daylight,490,7,Yes,NoIntersection,Normal,Other,BOUTEILLERIE,M,47.47887578890148,-0.4790700018237516
201800027252,NonLethal,2018-04-21,10:30:00,Daylight,490,7,Yes,NoIntersection,Normal,2Vehicles-Side,NEY PLACE,M,47.48116248749362,-0.4784701933584563
201800027254,NonLethal,2018-04-21,17:48:00,Daylight,490,7,Yes,X-type,Normal,2Vehicles-Side,BERANGER,M,47.47292104266311,-0.4723244837420913
201800027255,NonLethal,2018-04-22,18:15:00,Daylight,490,7,Yes,NoIntersection,Normal,Other,RESISTANCE ET DEPORTATIO,M,47.46915557967437,-0.4700919137284073
201800027256,NonLethal,2018-04-23,13:51:00,Daylight,490,7,Yes,NoIntersection,Normal,Other,DEUX CROIX BOULEVARD,M,47.47744383983984,-0.4786544678321462
201800027257,NonLethal,2018-04-24,08:20:00,Daylight,490,7,Yes,Roundabout,Normal,Other,ROMANERIE BOULEVARD,M,47.48549158543127,-0.4868026497816442
201800027258,NonLethal,2018-04-21,10:13:00,Daylight,490,246,No,NoIntersection,Normal,Other,HUGO VICTOR RUE,M,47.42745023849337,-0.4284707212943051
201800027259,NonLethal,2018-04-26,17:12:00,Daylight,490,7,Yes,NoIntersection,Normal,2Vehicles-Behind,LEROY PLACE,M,47.46366592712172,-0.4652580617892501
201800027260,NonLethal,2018-04-26,10:06:00,Daylight,490,246,Yes,NoIntersection,Normal,NoCollision,DAVID D'ANGERS,M,47.438828746535165,-0.4381552100330629
201800027261,NonLethal,2018-04-27,07:34:00,Daylight,490,267,Yes,Roundabout,Normal,NoCollision,ANGERS ROUTE,M,47.47022681056517,-0.4693978980816324
201800027262,NonLethal,2018-04-15,06:40:00,TwilightOrDawn,490,7,Yes,Other,Normal,Other,FAURE QUAI,M,47.47888491890375,-0.4816402314972448
201800027263,NonLethal,2018-04-27,17:33:00,Daylight,490,353,Yes,NoIntersection,Overcast,Other,MOULIN AVENUE,M,47.44142406890807,-0.4443756257692125
201800027264,NonLethal,2018-04-29,19:22:00,Daylight,490,7,Yes,NoIntersection,Normal,NoCollision,MEIGNANNE,M,47.47767110100562,-0.4775322650191073
201800027265,NonLethal,2018-04-28,18:20:00,Daylight,490,7,Yes,NoIntersection,Normal,Other,MICHEL,M,47.47347570106184,-0.4743381520944137
201800027266,NonLethal,2018-04-27,19:29:00,Daylight,490,7,Yes,Roundabout,Overcast,2Vehicles-Side,auriol,M,47.49841537902464,-0.4993479401843158
201800027267,NonLethal,2018-04-27,08:10:00,Daylight,490,353,No,NoIntersection,Normal,2Vehicles-Behind,MALEMBARDIERES,M,47.45159077286951,-0.4528966640284709
201800027268,NonLethal,2018-04-30,11:40:00,Daylight,490,267,No,NoIntersection,Normal,Other,A87N,M,47.46680216612028,-0.4660669384399147
201800027269,NonLethal,2018-04-27,14:15:00,Daylight,490,7,Yes,NoIntersection,Normal,NoCollision,FOCH BOULEVARD,M,47.46660984076355,-0.465882312010715
201800027270,Lethal,2018-05-02,14:00:00,Daylight,490,267,No,X-type,Normal,2Vehicles-Side,LEVRAUDIERES,M,47.46524189453307,-0.4645823545714465
201800027271,NonLethal,2018-05-02,21:32:00,Daylight,490,7,Yes,X-type,Normal,2Vehicles-Side,STRASBOURG BOULEVARD,M,47.45592987462193,-0.4592100129033014
201800027272,NonLethal,2018-02-05,08:45:00,Daylight,490,7,Yes,NoIntersection,Normal,2Vehicles-Side,SAUMUROISE IMPASSE ET RU,M,47.459585958565896,-0.4583418907097266
201800027273,NonLethal,2018-05-03,18:45:00,Daylight,490,246,Yes,NoIntersection,Normal,NoCollision,DAVID D'ANGERS,M,47.43692223939357,-0.4330564032482947
201800027274,NonLethal,2018-05-05,18:12:00,Daylight,490,7,Yes,NoIntersection,Normal,Other,BICHON PLACE,M,47.47815693757811,-0.4782954223777444
201800027275,NonLethal,2018-05-06,14:30:00,Daylight,490,7,Yes,NoIntersection,Normal,Other,FOCH BOULEVARD,M,47.46959005877834,-0.4704719486373843
201800027277,NonLethal,2018-08-05,13:35:00,Daylight,490,7,Yes,NoIntersection,Normal,2Vehicles-Side,DUNANT BOULEVARD,M,47.48690150111663,-0.4861812397814307
201800027278,NonLethal,2018-05-07,11:10:00,Daylight,490,353,No,Roundabout,Normal,2Vehicles-Side,BAHONNEAU BOULEVARD,M,47.4484534996315,-0.4484494695051198
201800027279,NonLethal,2018-08-05,19:11:00,Daylight,490,7,Yes,NoIntersection,Normal,Other,VOLNEY,M,47.45563797571134,-0.4555608271957208
201800027280,NonLethal,2018-05-08,04:45:00,NightNoStreetLight,490,267,No,NoIntersection,Normal,2Vehicles-Side,CHANTERIE,M,47.47564514691358,-0.4749601127730776
201800027281,NonLethal,2018-09-05,13:55:00,Daylight,490,7,Yes,NoIntersection,Normal,Other,ROMANERIE BOULEVARD,M,47.48530234557904,-0.484559944688351
201800027282,NonLethal,2018-05-09,16:35:00,Daylight,490,7,Yes,NoIntersection,Normal,Other,TOUSSAINT RUE ET IMPASSE,M,47.46975339477134,-0.4688739451862663
201800027283,NonLethal,2018-12-05,17:10:00,Daylight,490,246,Yes,NoIntersection,LightRain,NoCollision,MOULIN MARCILLE CHEMIN,M,47.43578408576517,-0.4357998947281842
201800027285,NonLethal,2018-11-05,14:14:00,Daylight,490,7,Yes,Roundabout,Normal,Other,GRAND LAUNAY,M,47.46780885534008,-0.4659452848052892
201800027286,NonLethal,2018-11-05,14:05:00,Daylight,490,7,Yes,NoIntersection,Normal,NoCollision,ROI RENE BOULEVARD,M,47.47067096233268,-0.4696845232096968
201800027287,NonLethal,2018-12-05,10:27:00,Daylight,490,246,Yes,NoIntersection,Normal,NoCollision,CHAUVIN AVENUE,M,47.43244521776759,-0.4317711341147631
201800027288,NonLethal,2018-05-15,17:10:00,Daylight,490,267,Yes,Roundabout,Normal,2Vehicles-Behind,PATIS,M,47.474409531528586,-0.4739520482048414
201800027289,NonLethal,2018-05-16,09:45:00,Daylight,490,7,Yes,NoIntersection,Normal,2Vehicles-Side,GASNIER AVENUE,M,47.48374743236353,-0.4833019983974592
201800027290,NonLethal,2018-05-16,18:22:00,Daylight,490,7,Yes,NoIntersection,Normal,2Vehicles-Side,COMMERCE,M,47.47512361508613,-0.4751898358314377
201800027291,NonLethal,2018-05-17,18:40:00,Daylight,490,267,No,NoIntersection,Normal,2Vehicles-Behind,RD 116,M,47.4861789247328,-0.4882891107383938
201800027293,NonLethal,2018-05-18,11:30:00,Daylight,490,7,Yes,NoIntersection,Normal,2Vehicles-Side,RAMON BOULEVARD,M,47.487909511770205,-0.4870005660520812
201800027294,NonLethal,2018-05-19,14:30:00,Daylight,490,7,Yes,X-type,Normal,2Vehicles-Side,BIRGE BOULEVARD,M,47.47638500252357,-0.4751655581688914