AccidentId,Gravity,Date,Hour,Light,Department,Commune,InAgglomeration,IntersectionType,Weather,CollisionType,PostalAddress,GPSCode,Latitude,Longitude
201800027295,NonLethal,2018-05-20,11:38:00,Daylight,490,353,Yes,NoIntersection,Normal,2Vehicles-Side,VAILLANT COUTURIER,M,47.45173637414057,-0.448681198269271
201800027296,NonLethal,2018-05-18,08:50:00,Daylight,490,7,Yes,NoIntersection,Normal,Other,GAULLE BOULEVARD CHARLES,M,47.47184504992072,-0.4702071889476314
201800027297,NonLethal,2018-05-19,02:50:00,NightNoStreetLight,490,15,Yes,NoIntersection,Normal,NoCollision,PERRIERE ROUTE DE LA,M,47.50913198580561,-0.510538936606186
201800027298,NonLethal,2018-05-21,12:00:00,Daylight,490,7,Yes,X-type,Normal,2Vehicles-BehindVehicles-Frontal,ECCE HOMO BOULEVARD,M,47.46256693520666,-0.4651339145674464
201800027300,NonLethal,2018-05-22,08:32:00,Daylight,490,7,Yes,NoIntersection,Normal,2Vehicles-Side,BARRE CITE ET RUE,M,47.47154373544302,-0.4707012178381128
201800027301,NonLethal,2018-05-22,22:50:00,NightNoStreetLight,490,7,Yes,NoIntersection,Normal,Other,LIBERTE BOULEVARD,M,47.44941317632197,-0.4499309168473971
201800027302,NonLethal,2018-05-22,14:02:00,Daylight,490,7,Yes,NoIntersection,Normal,2Vehicles-Side,MONTAIGNE AVENUE,M,47.46863329383015,-0.4695878961494877
201800027303,NonLethal,2018-05-23,18:08:00,Daylight,490,7,Yes,NoIntersection,Normal,2Vehicles-Side,NID DE  PIE,M,47.47060642168276,-0.4711445135832228
201800027304,NonLethal,2018-05-24,01:20:00,NightStreelightsOn,490,7,Yes,NoIntersection,Normal,NoCollision,CHURCHILL AVENUE ET SQUA,M,47.450628658516784,-0.4517515599396254
201800027305,NonLethal,2018-05-24,17:32:00,Daylight,490,7,Yes,NoIntersection,Normal,2Vehicles-Side,BARDOUL,M,47.47628199313579,-0.4752325403590952
201800027306,NonLethal,2018-05-24,21:10:00,NightStreelightsOn,490,7,Yes,NoIntersection,Normal,NoCollision,ROE,M,47.47224417390803,-0.4709885713574016
201800027307,NonLethal,2018-05-26,19:45:00,Daylight,490,7,Yes,NoIntersection,LightRain,NoCollision,MOULIN BOULEVARD,M,47.49569574639091,-0.4970369297215404
201800027308,NonLethal,2018-05-25,15:56:00,Daylight,490,267,Yes,NoIntersection,Normal,2Vehicles-Side,HERAUDIERES,M,47.46429657194388,-0.46315710221478
201800027309,NonLethal,2018-05-25,15:02:00,Daylight,490,7,Yes,NoIntersection,Normal,Other,PATTON AVENUE,M,47.47449768211332,-0.4739718595541934
201800027311,NonLethal,2018-05-28,11:59:00,Daylight,490,246,Yes,X-type,Normal,2Vehicles-Side,BROSSE CHEMINE DE LA,M,47.43843054223901,-0.4398613869289093
201800027312,NonLethal,2018-05-29,17:55:00,Daylight,490,267,No,NoIntersection,LightRain,2Vehicles-Behind,A87N,M,47.472150171257546,-0.4731371012219298
201800027313,NonLethal,2018-05-30,22:50:00,NightStreelightsOn,490,7,Yes,NoIntersection,LightRain,2Vehicles-Side,PLANTAGENET,M,47.47459329865717,-0.4699305950760774
201800027314,NonLethal,2018-05-30,14:05:00,Daylight,490,7,Yes,NoIntersection,Normal,NoCollision,CARMES QUAI ET RUE,M,47.47292383378731,-0.4716530657517638
201800027315,NonLethal,2018-05-30,12:52:00,Daylight,490,267,No,NoIntersection,Normal,Other,A87N,M,47.43274740823583,-0.433990826435473
201800027316,NonLethal,2018-05-30,20:13:00,TwilightOrDawn,490,15,No,NoIntersection,LightRain,Other,ARDENNE RUE ET CHEMIN,M,47.51757940594202,-0.5172792386959458
201800027317,NonLethal,2018-02-06,19:00:00,Daylight,490,7,Yes,Other,Normal,Other,MAURIAC SQUARE,M,47.4465647338131,-0.4444877208618291
201800027318,NonLethal,2018-05-06,20:15:00,Daylight,490,7,Yes,NoIntersection,Normal,2Vehicles-Side,JEAN XXIII AVENUE,M,47.44572150307894,-0.4471214724054415
201800027319,NonLethal,2018-05-06,17:14:00,Daylight,490,7,Yes,NoIntersection,Normal,2Vehicles-Side,MADELEINE,M,47.46247566943173,-0.4604366820228742
201800027320,NonLethal,2018-05-06,20:03:00,TwilightOrDawn,490,7,Yes,X-type,Normal,2Vehicles-Side,EPINARD ROUTE,M,47.48802779188323,-0.4883589006230664
201800027321,NonLethal,2018-06-06,07:35:00,Daylight,490,267,Yes,NoIntersection,LightRain,Other,GIBAUDIERE,M,47.48201992531804,-0.4829269299275749
201800027323,NonLethal,2018-06-06,09:03:00,Daylight,490,15,Yes,NoIntersection,Normal,NoCollision,POMPIDOU AVENUE GEORGES,M,47.49902160488333,-0.4992898159775466
201800027324,NonLethal,2018-07-06,07:45:00,Daylight,490,7,Yes,NoIntersection,LightRain,NoCollision,LISE,M,47.472865763181424,-0.4738472098341461
201800027325,NonLethal,2018-06-08,17:30:00,Daylight,490,7,Yes,NoIntersection,Normal,3+Vehicles-Chain,BARANGE BOULEVARD,M,47.45505074424284,-0.4557174016558775
201800027326,NonLethal,2018-09-06,22:21:00,TwilightOrDawn,490,7,Yes,NoIntersection,Normal,Other,LANDE,M,47.47607569307419,-0.4759811456073462
201800027329,NonLethal,2018-06-08,20:41:00,Daylight,490,7,Yes,NoIntersection,Normal,Other,DAVIERS BOULEVARD,M,47.47972783457901,-0.4788903409461335
201800027330,NonLethal,2018-06-10,01:24:00,NightStreelightsOn,490,7,Yes,X-type,Normal,2Vehicles-Side,VAUBAN AVENUE,M,47.4587622755396,-0.4580156642524333
201800027331,NonLethal,2018-06-10,11:22:00,Daylight,490,7,Yes,NoIntersection,Other,2Vehicles-BehindVehicles-Frontal,RAMON BOULEVARD,M,47.4862785040828,-0.487033425785794
201800027332,NonLethal,2018-11-06,14:15:00,Daylight,490,7,Yes,NoIntersection,HeavyRain,Other,VILLECHIEN,M,47.46440104146807,-0.4621711455562172
201800027333,NonLethal,2018-12-06,19:09:00,Daylight,490,353,Yes,NoIntersection,LightRain,2Vehicles-Side,DAUTEL BOULEVARD,M,47.44447146264897,-0.4441897012344731
201800027334,NonLethal,2018-06-13,17:35:00,Daylight,490,7,Yes,NoIntersection,Normal,Other,DESJARDIN,M,47.46638413054095,-0.4667233625536868
201800027336,NonLethal,2018-06-15,10:18:00,Daylight,490,7,Yes,NoIntersection,LightRain,NoCollision,MICHELET,M,47.460793187964654,-0.4631424495087852
201800027337,NonLethal,2018-06-15,15:18:00,Daylight,490,7,Yes,NoIntersection,Normal,Other,ROI RENE BOULEVARD,M,47.46820913741762,-0.4683795821297755
201800027338,NonLethal,2018-06-15,16:26:00,Daylight,490,7,Yes,NoIntersection,Normal,NoCollision,RABELAIS,M,47.46131531276903,-0.4617206234899536
201800027341,NonLethal,2018-06-16,01:15:00,NightStreelightsOn,490,7,Yes,NoIntersection,Normal,2Vehicles-Side,RABELAIS,M,47.45836621582144,-0.4573898660463544
201800027342,NonLethal,2018-06-15,17:48:00,Daylight,490,7,Yes,X-type,Normal,2Vehicles-Side,CAMUS BOULEVARD,M,47.48253059138036,-0.4807041906990313
201800027343,NonLethal,2018-06-18,14:11:00,Daylight,490,7,Yes,T-type,Normal,Other,FOCH BOULEVARD,M,47.46600024052656,-0.4702104054057241
201800027344,NonLethal,2018-06-19,18:02:00,Daylight,490,267,Yes,NoIntersection,Normal,2Vehicles-Side,ROMANERIE BOULEVARD,M,47.4804268567907,-0.4823532827861763
201800027345,NonLethal,2018-06-20,11:15:00,Daylight,490,7,Yes,NoIntersection,Normal,2Vehicles-Side,VOLNEY,M,47.46033405712165,-0.4598930159832818
201800027346,NonLethal,2018-06-20,16:12:00,Daylight,490,7,Yes,NoIntersection,Normal,NoCollision,LETANDUERE,M,47.464068213608456,-0.4644691186412649
201800027347,NonLethal,2018-06-22,02:02:00,NightStreelightsOn,490,7,Yes,NoIntersection,Normal,Other,RABELAIS,M,47.4620094479702,-0.4609893087988568
201800027348,NonLethal,2018-06-23,21:24:00,Daylight,490,7,Yes,NoIntersection,Normal,2Vehicles-Side,JEAN XXIII AVENUE,M,47.44945463946056,-0.449876922259381
201800027350,NonLethal,2018-06-24,01:53:00,NightNoStreetLight,490,7,Yes,NoIntersection,Normal,NoCollision,PRUNIERS,M,47.46885607384807,-0.469144113249298
201800027351,NonLethal,2018-06-25,08:15:00,Daylight,490,7,Yes,NoIntersection,Normal,NoCollision,BARRE CITE ET RUE,M,47.47241687086224,-0.4718213973384352
201800027352,NonLethal,2018-06-25,14:30:00,Daylight,490,7,Yes,NoIntersection,Normal,3+Vehicles-Chain,BIRGE BOULEVARD,M,47.474512367115366,-0.4753008904921896
201800027353,Lethal,2018-06-25,06:59:00,Daylight,490,7,Yes,NoIntersection,Normal,NoCollision,ARTOIS D',M,47.48310349442531,-0.4810578857192574
201800027354,NonLethal,2018-06-26,08:46:00,Daylight,490,7,Yes,NoIntersection,Normal,NoCollision,LEROY PLACE,M,47.46517583501825,-0.4651670658490227
201800027355,NonLethal,2018-06-26,18:12:00,Daylight,490,7,Yes,NoIntersection,Normal,2Vehicles-BehindVehicles-Frontal,FAURE QUAI,M,47.48349335625914,-0.4854937962629572
201800027356,NonLethal,2018-06-26,16:40:00,Daylight,490,7,Yes,NoIntersection,Normal,2Vehicles-Side,ATLANTIQUE  AVENUE DE L',M,47.46634701298595,-0.4644204919849981
201800027357,NonLethal,2018-06-27,15:32:00,Daylight,490,7,Yes,NoIntersection,Normal,2Vehicles-Side,BASSE CHAINE PONT,M,47.46889124205792,-0.4702295772052736
201800027358,NonLethal,2018-06-25,07:46:00,Daylight,490,7,Yes,NoIntersection,Normal,Other,VIVIERS,M,47.45261950058982,-0.452640927578752
201800027359,NonLethal,2018-06-28,14:27:00,Daylight,490,7,Yes,NoIntersection,Normal,2Vehicles-Behind,MOULIN BOULEVARD,M,47.49193380887134,-0.4935192846757381
201800027360,NonLethal,2018-06-30,16:15:00,Daylight,490,7,Yes,NoIntersection,Normal,2Vehicles-Behind,PATTON AVENUE,M,47.473308362226135,-0.4732237162789693
201800027361,NonLethal,2018-06-28,23:20:00,NightStreelightsOn,490,7,Yes,NoIntersection,Normal,2Vehicles-Side,MONTAIGNE AVENUE,M,47.46857411863526,-0.4685928083281243
201800027363,NonLethal,2018-04-07,14:06:00,Daylight,490,7,Yes,X-type,Normal,2Vehicles-Side,STRASBOURG BOULEVARD,M,47.45773340193736,-0.4558203148051774
201800027365,NonLethal,2018-07-05,14:49:00,Daylight,490,7,Yes,NoIntersection,Normal,Other,LYAUTEY BOULEVARD ET SQU,M,47.4865468848872,-0.4890134306103076
201800027366,NonLethal,2018-07-04,17:06:00,Daylight,490,246,No,NoIntersection,Normal,NoCollision,leve de sainte gemmes,M,47.42980710297476,-0.4295281050026992
201800027367,NonLethal,2018-07-09,17:27:00,Daylight,490,7,Yes,NoIntersection,Normal,2Vehicles-Side,BEAUSSIER BOULEVARD,M,47.4783730772718,-0.4773675584331254
201800027368,NonLethal,2018-07-10,10:25:00,Daylight,490,7,No,Roundabout,Normal,2Vehicles-Side,MOULIN PONT ET PLACE,M,47.48984169960755,-0.4891899096433192
201800027369,NonLethal,2018-07-10,11:46:00,Daylight,490,7,Yes,X-type,Normal,2Vehicles-Side,LETANDUERE,M,47.45600059188968,-0.457874919750806
201800027370,NonLethal,2018-07-11,17:00:00,Daylight,490,7,Yes,X-type,Normal,2Vehicles-Side,BLANCHOIN BOULEVARD,M,47.449604593286125,-0.4490135252965483
201800027372,NonLethal,2018-07-15,05:55:00,TwilightOrDawn,490,267,No,NoIntersection,Normal,NoCollision,A87N,M,47.41339166302133,-0.4114140747459652
201800027373,NonLethal,2018-07-20,16:29:00,Daylight,490,15,Yes,NoIntersection,Normal,2Vehicles-Side,HERSEN RUE RENE,M,47.502953722285,-0.502942406622237
201800027374,NonLethal,2018-07-21,20:20:00,Daylight,490,7,Yes,X-type,Normal,2Vehicles-Side,SAINT LEONARD,M,47.461094264108674,-0.4619686100395494
201800027375,NonLethal,2018-07-21,19:00:00,Daylight,490,7,Yes,X-type,Normal,2Vehicles-Side,PASTEUR AVENUE,M,47.47325332227361,-0.473566310610847
201800027376,NonLethal,2018-07-25,18:38:00,Daylight,490,7,Yes,NoIntersection,Normal,2Vehicles-BehindVehicles-Frontal,MONPLAISIR BOULEVARD,M,47.49136696689552,-0.491934848152652
201800027377,NonLethal,2018-07-29,16:18:00,Daylight,490,7,Yes,NoIntersection,Normal,Other,VERDUN PONT,M,47.4811119053518,-0.4780968751483453
201800027378,NonLethal,2018-07-28,12:03:00,Daylight,490,246,Yes,NoIntersection,Normal,3+Vehicles-Chain,JUIGNE ROUTE,M,47.41320722887062,-0.4137715438675364
201800027379,NonLethal,2018-07-27,09:31:00,Daylight,490,7,Yes,NoIntersection,Normal,NoCollision,JAURES,M,47.45772720013903,-0.457171472033167
201800027380,NonLethal,2018-07-27,16:10:00,Daylight,490,267,Yes,NoIntersection,Normal,2Vehicles-Side,PAPERIE,M,47.46190303060124,-0.4639676167689488
201800027381,NonLethal,2018-07-30,17:27:00,Daylight,490,7,Yes,NoIntersection,Normal,NoCollision,MOURBEL,M,47.478299554428745,-0.4778812506748672
201800027382,NonLethal,2018-07-31,19:30:00,Daylight,490,7,Yes,NoIntersection,Normal,2Vehicles-Behind,MONPLAISIR BOULEVARD,M,47.49089178181869,-0.49064251051619
201800027383,NonLethal,2018-08-01,15:45:00,Daylight,490,7,Yes,NoIntersection,Normal,NoCollision,POISSONNERIE,M,47.4719881890021,-0.4739730496486057
201800027384,NonLethal,2018-08-01,16:41:00,Daylight,490,7,Yes,X-type,Normal,2Vehicles-Side,LEFORT,M,47.47926591734949,-0.4788721855068632
201800027385,NonLethal,2018-08-04,21:35:00,NightStreelightsOff,490,7,Yes,NoIntersection,Normal,Other,FOCH BOULEVARD,M,47.46938589277684,-0.4679261217089777
201800027386,NonLethal,2018-05-08,16:20:00,Daylight,490,7,Yes,NoIntersection,Normal,Other,MONTAIGNE AVENUE,M,47.46455418478056,-0.4680646135818747
201800027387,NonLethal,2018-09-08,21:34:00,NightStreelightsOn,490,7,Yes,T-type,Overcast,Other,LAC DE MAINE AVENUE,M,47.46045005231639,-0.4593942549208477
201800027388,NonLethal,2018-08-10,18:05:00,Daylight,490,7,Yes,NoIntersection,Normal,NoCollision,LAC DE MAINE AVENUE,M,47.46565871267068,-0.4670892328238655
201800027389,NonLethal,2018-08-13,07:32:00,Daylight,490,7,Yes,NoIntersection,LightRain,NoCollision,foucaudire,M,47.45571791404375,-0.4566274965737393
201800027390,NonLethal,2018-08-13,13:30:00,Daylight,490,7,Yes,NoIntersection,LightRain,2Vehicles-Side,DE LATTRE DE TASSIGNY,M,47.451857617474566,-0.4528289804613861
201800027392,NonLethal,2018-08-16,11:40:00,Daylight,490,7,Yes,NoIntersection,Normal,Other,FOCH BOULEVARD,M,47.46794539456399,-0.4691381477522321
201800027393,NonLethal,2018-08-16,14:30:00,Daylight,490,7,Yes,NoIntersection,Normal,2Vehicles-Behind,SAUMUROISE IMPASSE ET RU,M,47.45427907293291,-0.4537455174471954
201800027394,NonLethal,2018-08-16,12:01:00,Daylight,490,15,Yes,NoIntersection,Normal,2Vehicles-Side,ETANG ROUTE,M,47.51322222179719,-0.5132069988638738
201800027395,NonLethal,2018-08-16,22:47:00,NightStreelightsOn,490,7,Yes,NoIntersection,Normal,NoCollision,MONTAIGNE AVENUE,M,47.46871779078813,-0.466148510879513
201800027397,NonLethal,2018-08-21,20:00:00,Daylight,490,7,Yes,NoIntersection,Normal,Other,PYRAMIDE ROUTE,M,47.45150858453642,-0.4525859139207718
201800027398,Lethal,2018-08-21,09:11:00,Daylight,490,15,No,NoIntersection,Normal,2Vehicles-Behind,bretelle d'acces,M,47.51594109178348,-0.5153523294131451
201800027399,NonLethal,2018-08-22,09:45:00,Daylight,490,7,Yes,NoIntersection,Normal,2Vehicles-Behind,BRIOLLAY ROUTE,M,47.4857334929783,-0.48525574370158
201800027400,NonLethal,2018-08-22,11:40:00,Daylight,490,7,Yes,NoIntersection,Normal,Other,CHAUMIN BOULEVARD,M,47.44974288304036,-0.4514962212338157
201800027401,NonLethal,2018-08-25,19:15:00,Daylight,490,7,Yes,NoIntersection,Normal,Other,LAC DE MAINE AVENUE,M,47.46599520968602,-0.4662246293770228
201800027402,NonLethal,2018-08-26,19:15:00,Daylight,490,7,Yes,X-type,Normal,Other,auriol,M,47.49261979853684,-0.4924764439443561
201800027403,NonLethal,2018-08-27,11:24:00,Daylight,490,267,Yes,NoIntersection,Normal,NoCollision,MAURIAC,M,47.47365228807861,-0.4729847608439696
201800027404,NonLethal,2018-08-27,17:00:00,Daylight,490,267,No,NoIntersection,Normal,Other,LANDES DE GEINDRAIGES,M,47.4783802283496,-0.4784088723060635
201800027405,NonLethal,2018-09-04,21:25:00,NightStreelightsOn,490,7,Yes,NoIntersection,Normal,2Vehicles-Side,BARANGE BOULEVARD,M,47.45574844848233,-0.454788010260832
201800027406,NonLethal,2018-05-09,17:53:00,Daylight,490,7,Yes,NoIntersection,Normal,NoCollision,BEDIER BOULEVARD,M,47.45030358431733,-0.450948524747862
201800027408,NonLethal,2018-09-05,08:30:00,Daylight,490,7,Yes,X-type,Normal,2Vehicles-Side,STRASBOURG BOULEVARD,M,47.45667039656757,-0.458114209059643
201800027409,NonLethal,2018-09-05,18:50:00,Daylight,490,7,Yes,X-type,Normal,2Vehicles-Behind,GARDOT,M,47.46629636089265,-0.4684945855505
201800027410,NonLethal,2018-09-06,14:30:00,Daylight,490,15,Yes,NoIntersection,Normal,NoCollision,MENDES FRANCE AVENUE PIE,M,47.50639280118551,-0.508212256645127
201800027412,NonLethal,2018-09-08,12:30:00,Daylight,490,7,Yes,NoIntersection,Normal,2Vehicles-Side,OSNABRUCK,M,47.48612334122083,-0.4869374903871911
201800027413,NonLethal,2018-09-08,12:30:00,Daylight,490,7,Yes,NoIntersection,Normal,Other,PICOTIERE,M,47.466670523243565,-0.4665810818742612
201800027414,NonLethal,2018-09-09,12:30:00,Daylight,490,7,Yes,NoIntersection,Normal,NoCollision,BODINIER,M,47.47328223493067,-0.4717369659768478
201800027415,NonLethal,2018-09-09,21:55:00,NightStreelightsOn,490,7,Yes,NoIntersection,Normal,NoCollision,DEUX CROIX BOULEVARD,M,47.47407319088664,-0.4744214039476876
201800027416,NonLethal,2018-09-10,15:37:00,Daylight,490,7,Yes,NoIntersection,Normal,NoCollision,PASTEUR AVENUE,M,47.47534074909047,-0.4742393053046082
201800027418,NonLethal,2018-09-11,13:20:00,Daylight,490,7,Yes,X-type,Normal,Other,ROI RENE BOULEVARD,M,47.46814050998438,-0.4679319409195504
201800027419,NonLethal,2018-09-11,09:05:00,Daylight,490,7,Yes,NoIntersection,Normal,Other,SAUMUROISE IMPASSE ET RU,M,47.45707595025218,-0.4557166087900702
201800027421,NonLethal,2018-12-09,11:39:00,Daylight,490,7,Yes,NoIntersection,Normal,NoCollision,LETANDUERE,M,47.46515892800683,-0.462948188317758
201800027422,NonLethal,2018-12-09,17:20:00,Daylight,490,7,Yes,NoIntersection,Normal,2Vehicles-Side,LAREVELLIERE,M,47.47229310494039,-0.4715466086776864
201800027425,NonLethal,2018-09-16,07:15:00,NightStreelightsOff,490,267,No,NoIntersection,Normal,NoCollision,RD 347,M,47.47348902205906,-0.4727368758759436
201800027426,NonLethal,2018-09-14,12:43:00,Daylight,490,353,Yes,NoIntersection,Normal,2Vehicles-Behind,VEST FERDINANT,M,47.4414865859132,-0.4426671679356422
201800027427,NonLethal,2018-09-15,20:48:00,TwilightOrDawn,490,7,Yes,X-type,Normal,2Vehicles-Side,ARAGO BOULEVARD,M,47.47776635425495,-0.4793157292260089
201800027428,NonLethal,2018-09-15,18:27:00,Daylight,490,7,Yes,NoIntersection,Normal,2Vehicles-Side,MONTESQUIEU PASSAGE,M,47.47213880208318,-0.4739247509568503
201800027429,NonLethal,2018-09-17,08:58:00,Daylight,490,7,Yes,NoIntersection,Normal,2Vehicles-Behind,VOIE DES BERGES,M,47.4725994478987,-0.4739490822277983
201800027430,NonLethal,2018-09-17,17:12:00,Daylight,490,7,Yes,Roundabout,Normal,Other,VISITATION PLACE,M,47.46667307150331,-0.4652417638365457
201800027431,NonLethal,2018-09-18,18:46:00,Daylight,490,7,Yes,NoIntersection,Normal,Other,TARDAT,M,47.44674080852523,-0.4461669185473804
201800027432,NonLethal,2018-09-18,22:45:00,NightStreelightsOn,490,7,Yes,NoIntersection,Normal,NoCollision,COUBERTIN BOULEVARD,M,47.46518174230929,-0.4656588703933883
201800027433,NonLethal,2018-09-19,14:35:00,Daylight,490,7,Yes,NoIntersection,Normal,Other,POELIERS RUE ET IMPASSE,M,47.47242341499231,-0.4721649414650101
201800027434,NonLethal,2018-09-19,11:44:00,Daylight,490,15,Yes,X-type,Normal,2Vehicles-Behind,MENDES FRANCE AVENUE PIE,M,47.50751726800198,-0.5069708871605376
201800027435,NonLethal,2018-09-19,17:29:00,Daylight,490,7,Yes,NoIntersection,Normal,Other,BAUDRIERE,M,47.47269537247725,-0.4710495865754462
201800027436,NonLethal,2018-09-19,09:18:00,Daylight,490,7,Yes,NoIntersection,Normal,Other,MEIGNANNE,M,47.479356015819526,-0.4808368093329494
201800027437,NonLethal,2018-09-20,20:46:00,NightNoStreetLight,490,353,Yes,NoIntersection,Normal,2Vehicles-Behind,CHEVROLIER,M,47.44867269942227,-0.4492870975575151
201800027438,NonLethal,2018-09-20,15:50:00,Daylight,490,7,Yes,NoIntersection,LightRain,NoCollision,BON PASTEUR BOULEVARD,M,47.46964311214018,-0.4688549590877416
201800027441,NonLethal,2018-09-21,12:40:00,Daylight,490,7,No,NoIntersection,Normal,NoCollision,DARWIN,M,47.47357312439701,-0.4737720916128463
201800027442,NonLethal,2018-09-24,18:15:00,Daylight,490,7,Yes,NoIntersection,Normal,Other,BEAUSSIER BOULEVARD,M,47.473842520903474,-0.4752255938992697
201800027445,NonLethal,2018-09-25,10:00:00,Daylight,490,7,Yes,NoIntersection,Normal,2Vehicles-Side,BEDIER BOULEVARD,M,47.45300635040025,-0.4521790878493421
201800027446,NonLethal,2018-09-25,16:15:00,Daylight,490,7,Yes,NoIntersection,Normal,2Vehicles-Behind,NOTRE DAME DU LAC AVENUE,M,47.48087583854553,-0.4807953757624753
201800027447,NonLethal,2018-09-25,13:15:00,Daylight,490,7,Yes,NoIntersection,Normal,3+Vehicles-Chain,MILLOT BOULEVARD JACQUES,M,47.45244344963074,-0.4533998229608727
201800027448,NonLethal,2018-09-27,18:30:00,Daylight,490,7,Yes,NoIntersection,Normal,Other,ACADEMIE PLACE,M,47.4663885499588,-0.4670378214149992
201800027449,NonLethal,2018-09-27,13:35:00,Daylight,490,7,Yes,NoIntersection,Normal,NoCollision,BASSE CHAINE PONT,M,47.47354759763832,-0.4738984314884941
201800027450,NonLethal,2018-09-27,19:16:00,Daylight,490,7,Yes,NoIntersection,Normal,Other,MONTAIGNE AVENUE,M,47.46671130457961,-0.4682938829742271
201800027451,NonLethal,2018-09-27,17:30:00,Daylight,490,7,Yes,NoIntersection,Normal,Other,BRESSIGNY,M,47.46586331710539,-0.465505165621898
201800027452,NonLethal,2018-09-27,20:05:00,Daylight,490,267,Yes,X-type,Normal,2Vehicles-Behind,MARMITIERE,M,47.46753495985747,-0.4648645549543413
201800027453,NonLethal,2018-09-28,12:48:00,Daylight,490,7,No,NoIntersection,Normal,NoCollision,DAVID D'ANGERS,M,47.47014651729021,-0.4710236864149972
201800027455,NonLethal,2018-09-30,15:35:00,Daylight,490,267,Yes,NoIntersection,Normal,NoCollision,PLESSIS GRAMMOIRE ROUTE,M,47.47727979854069,-0.4773021861870667
201800027457,NonLethal,2018-10-01,11:50:00,Daylight,490,267,No,X-type,Normal,2Vehicles-Behind,BEAUFORT ROUTE,M,47.4724890782728,-0.4745074870574425
201800027458,NonLethal,2018-01-10,07:50:00,Daylight,490,7,Yes,NoIntersection,Normal,2Vehicles-Behind,ARAGON AVENUE,M,47.470811727655175,-0.4721104284162185
201800027459,NonLethal,2018-02-10,08:42:00,Daylight,490,7,Yes,X-type,Normal,2Vehicles-Side,NID DE  PIE,M,47.47120488314052,-0.4725791572596942
201800027460,NonLethal,2018-02-10,09:45:00,Daylight,490,7,Yes,X-type,Normal,2Vehicles-Side,BEAUSSIER BOULEVARD,M,47.472294965302815,-0.4738983557618338
201800027461,NonLethal,2018-02-10,14:35:00,Daylight,490,7,Yes,NoIntersection,Normal,NoCollision,CHATENAY AVENUE VICTOR,M,47.480631433022445,-0.4821214818613202
201800027462,NonLethal,2018-02-10,20:25:00,TwilightOrDawn,490,7,Yes,NoIntersection,Normal,Other,ATLANTIQUE  AVENUE DE L',M,47.46554619436586,-0.4654873205046231
201800027463,NonLethal,2018-10-03,17:40:00,Daylight,490,7,Yes,NoIntersection,Normal,2Vehicles-Side,MOULIN BOULEVARD,M,47.49126647790201,-0.49215620044104
201800027464,NonLethal,2018-10-03,17:27:00,Daylight,490,267,Yes,X-type,Normal,2Vehicles-Side,PETIT VERRIERE,M,47.46822707875214,-0.4677710874189059
201800027465,NonLethal,2018-10-04,18:40:00,Daylight,490,7,Yes,NoIntersection,Normal,2Vehicles-Side,DROITS DE L'HOMME,M,47.47768635145571,-0.4761446157695037
201800027466,NonLethal,2018-10-06,00:01:00,NightStreelightsOn,490,7,Yes,X-type,Normal,2Vehicles-Behind,LISE,M,47.47164942144746,-0.4732985342450128
201800027467,NonLethal,2018-10-05,17:16:00,Daylight,490,7,Yes,NoIntersection,Normal,Other,BARRE CITE ET RUE,M,47.47260065577331,-0.4719014135742841
201800027468,NonLethal,2018-10-07,01:00:00,NightStreelightsOn,490,267,Yes,NoIntersection,LightRain,NoCollision,A87N,M,47.466259350073486,-0.4663470636100664
201800027469,NonLethal,2018-05-10,16:40:00,Daylight,490,7,Yes,NoIntersection,Normal,Other,TARIN,M,47.467385835829845,-0.4681217988945297
201800027470,NonLethal,2018-10-08,12:45:00,Daylight,490,7,Yes,Roundabout,Normal,NoCollision,VOLNEY,M,47.46478590816177,-0.4653141719897264
201800027471,NonLethal,2018-10-08,09:04:00,Daylight,490,7,Yes,NoIntersection,Normal,2Vehicles-Behind,MONTAIGNE AVENUE,M,47.46768940005486,-0.4677788889439828
201800027472,NonLethal,2018-10-09,10:06:00,Daylight,490,246,Yes,X-type,Normal,2Vehicles-Side,DAVID D'ANGERS,M,47.43359908622271,-0.4331241038519872
201800027473,NonLethal,2018-09-10,09:00:00,Daylight,490,7,Yes,NoIntersection,Normal,2Vehicles-Behind,POIREL BOULEVARD,M,47.46083084517863,-0.461256006558269
201800027474,NonLethal,2018-08-10,12:50:00,Daylight,490,7,Yes,X-type,Normal,2Vehicles-BehindVehicles-Frontal,CHATENAY AVENUE VICTOR,M,47.4855427119796,-0.4882877321805589
201800027475,NonLethal,2018-10-10,09:00:00,Daylight,490,7,No,X-type,Normal,2Vehicles-Side,DAVIERS BOULEVARD,M,47.47956300668032,-0.4788966200208419
201800027477,NonLethal,2018-10-10,17:15:00,Daylight,490,246,Yes,X-type,Overcast,2Vehicles-Side,TROIS PAROISSES CHEMIN,M,47.44319444186971,-0.441528365532672
201800027483,NonLethal,2018-10-13,16:15:00,Daylight,490,7,Yes,NoIntersection,Normal,NoCollision,GAULLE BOULEVARD CHARLES,M,47.469429328186685,-0.4704486663693063
201800027484,NonLethal,2018-10-13,10:19:00,Daylight,490,7,Yes,NoIntersection,Normal,Other,NOYERS,M,47.46402227160405,-0.4656763227973072
201800027485,NonLethal,2018-10-15,08:16:00,Daylight,490,7,Yes,NoIntersection,Normal,2Vehicles-Side,CUL D'ANON,M,47.47585847214442,-0.4711297911566092
201800027486,NonLethal,2018-10-16,19:40:00,Daylight,490,15,Yes,NoIntersection,Normal,2Vehicles-BehindVehicles-Frontal,LANGEVIN RUE PAUL,M,47.518279969031305,-0.5158253212159889
201800027487,NonLethal,2018-10-16,13:45:00,Daylight,490,7,Yes,NoIntersection,Normal,Other,LAC DE MAINE AVENUE,M,47.46635169028652,-0.4655353721267635
201800027488,NonLethal,2018-10-17,14:10:00,Daylight,490,7,Yes,NoIntersection,Normal,NoCollision,PRE PIGEON,M,47.47683651054802,-0.4777917606896043