AccidentId,Gravity,Date,Hour,Light,Department,Commune,InAgglomeration,IntersectionType,Weather,CollisionType,PostalAddress,GPSCode,Latitude,Longitude
201800027489,NonLethal,2018-10-17,18:10:00,Daylight,490,7,Yes,NoIntersection,Normal,NoCollision,VIGNE PLACE ET RUE,M,47.47409439314287,-0.4767973749636768
201800027490,NonLethal,2018-10-21,10:54:00,Daylight,490,7,Yes,NoIntersection,Normal,Other,TOURAINE RUE ET SQUARE,M,47.48573136717686,-0.4846405420015205
201800027492,NonLethal,2018-10-20,14:11:00,Daylight,490,7,Yes,NoIntersection,Normal,Other,CHURCHILL AVENUE ET SQUA,M,47.45176788492169,-0.4502850730206235
201800027494,NonLethal,2018-10-22,19:40:00,TwilightOrDawn,490,7,Yes,NoIntersection,Normal,2Vehicles-Side,ORGEMONT,M,47.453680969482,-0.4527402048382705
201800027495,NonLethal,2018-10-23,11:34:00,Daylight,490,7,Yes,NoIntersection,Normal,Other,ARTILLEURS,M,47.49364022195951,-0.4933826886833633
201800027496,NonLethal,2018-10-24,10:12:00,Daylight,490,7,Yes,NoIntersection,Normal,Other,LEROY PLACE,M,47.46452776195962,-0.4643769421145814
201800027498,NonLethal,2018-10-17,16:12:00,Daylight,490,7,Yes,NoIntersection,Normal,Other,LAREVELLIERE,M,47.470100368345086,-0.4711282334069026
201800027499,NonLethal,2018-10-24,15:50:00,Daylight,490,7,Yes,NoIntersection,Normal,NoCollision,LA BOETIE,M,47.456867669985904,-0.4561771346912603
201800027500,NonLethal,2018-10-26,06:00:00,NightStreelightsOff,490,15,No,NoIntersection,Normal,Other,D775,M,47.50028364593481,-0.5027378418478154
201800027501,NonLethal,2018-10-25,05:55:00,NightNoStreetLight,490,15,No,NoIntersection,Normal,NoCollision,CROIX CADEAU Z.I.,M,47.51696796143219,-0.5181532672130683
201800027502,NonLethal,2018-10-26,08:56:00,Daylight,490,246,Yes,NoIntersection,Normal,2Vehicles-Behind,SAINT AUBIN PASSAGE ET P,M,47.42864804408672,-0.4293068772237212
201800027503,NonLethal,2018-10-28,19:30:00,NightStreelightsOn,490,7,Yes,NoIntersection,Normal,NoCollision,TRAQUETTE,M,47.47888653279008,-0.4777596740481928
201800027504,NonLethal,2018-10-29,10:00:00,Daylight,490,7,Yes,NoIntersection,Normal,2Vehicles-Behind,LIZE,M,47.49117073694452,-0.4903324127467968
201800027505,NonLethal,2018-10-29,13:18:00,Daylight,490,15,Yes,NoIntersection,Normal,2Vehicles-Side,OISEAUX RUE DES,M,47.49242886568178,-0.4923309871481614
201800027506,NonLethal,2018-10-30,10:17:00,Daylight,490,7,Yes,Roundabout,Normal,NoCollision,LAFAYETTE PLACE,M,47.46427873188391,-0.4614194896866294
201800027507,NonLethal,2018-10-31,18:36:00,NightStreelightsOn,490,7,Yes,NoIntersection,LightRain,2Vehicles-Behind,ARAGON AVENUE,M,47.47099224313875,-0.4702018116150799
201800027508,NonLethal,2018-10-31,20:09:00,NightStreelightsOn,490,7,Yes,NoIntersection,LightRain,2Vehicles-Side,ROI RENE BOULEVARD,M,47.46828211242476,-0.4706486797777331
201800027509,NonLethal,2018-11-01,14:02:00,Daylight,490,7,Yes,Roundabout,Normal,2Vehicles-Side,MONPLAISIR BOULEVARD,M,47.48880574081704,-0.4880481241129063
201800027510,NonLethal,2018-01-11,13:10:00,Daylight,490,7,Yes,NoIntersection,Normal,2Vehicles-Behind,PAUL BERT,M,47.4651451810574,-0.4639371050133767
201800027511,NonLethal,2018-02-11,18:03:00,TwilightOrDawn,490,7,Yes,NoIntersection,Normal,2Vehicles-Side,GEOFFRAY,M,47.45749986316225,-0.4587648823488008
201800027513,NonLethal,2018-11-06,15:34:00,Daylight,490,7,Yes,NoIntersection,Normal,2Vehicles-Side,DUPETIT THOUARS,M,47.46168239868174,-0.4618879250137694
201800027514,NonLethal,2018-06-11,18:45:00,NightStreelightsOn,490,7,No,NoIntersection,Overcast,Other,ATLANTIQUE  AVENUE DE L',M,47.46800752588395,-0.4694983184143573
201800027515,NonLethal,2018-07-11,18:55:00,NightStreelightsOn,490,7,Yes,NoIntersection,LightRain,Other,AYRAULT,M,47.47483317021162,-0.4751020832409287
201800027516,NonLethal,2018-08-11,08:53:00,Daylight,490,7,Yes,NoIntersection,Overcast,Other,PAUL BERT,M,47.4645714604502,-0.466008297559021
201800027517,NonLethal,2018-11-08,20:35:00,NightStreelightsOn,490,7,Yes,NoIntersection,Normal,2Vehicles-Side,PAPIN,M,47.46563141163691,-0.4638172142383583
201800027518,NonLethal,2018-08-11,11:20:00,Daylight,490,15,Yes,T-type,Normal,2Vehicles-BehindVehicles-Frontal,MESNARD AVENUE DU COMMAN,M,47.48359126629495,-0.4861351348453607
201800027519,NonLethal,2018-12-11,11:10:00,Daylight,490,7,Yes,NoIntersection,Normal,NoCollision,JEANNETEAU,M,47.49397956918289,-0.4934601258016694
201800027521,NonLethal,2018-11-13,23:40:00,NightStreelightsOff,490,246,No,NoIntersection,Overcast,Other,MOULIN MARCILLE CHEMIN,M,47.43521442443249,-0.4369442768927865
201800027522,NonLethal,2018-09-11,08:51:00,Daylight,490,7,Yes,Roundabout,Normal,2Vehicles-Side,PATTON AVENUE,M,47.4719031560701,-0.4720271411406408
201800027524,NonLethal,2018-11-13,08:58:00,Daylight,490,7,Yes,T-type,VeryGood,3+Vehicles-Chain,MONTAIGNE AVENUE,M,47.4696696722423,-0.4699202982878618
201800027525,NonLethal,2018-11-13,10:03:00,Daylight,490,7,Yes,NoIntersection,Normal,3+Vehicles-Chain,MONTAIGNE AVENUE,M,47.47208233746804,-0.4735969392527822
201800027526,NonLethal,2018-11-13,07:52:00,NightStreelightsOn,490,7,Yes,NoIntersection,Normal,2Vehicles-Side,HUGO,M,47.47852435670478,-0.4768988165609584
201800027527,NonLethal,2018-11-13,09:30:00,Daylight,490,7,Yes,NoIntersection,Normal,2Vehicles-Behind,PRUNIERS,M,47.47102953656889,-0.4685006473454888
201800027528,NonLethal,2018-11-14,08:10:00,NightStreelightsOff,490,7,Yes,NoIntersection,Normal,NoCollision,EBLE,M,47.45504667138956,-0.4538561097772543
201800027529,NonLethal,2018-11-14,19:20:00,NightStreelightsOn,490,7,Yes,NoIntersection,Normal,2Vehicles-Behind,BODINIER,M,47.47274254817148,-0.4720509804732238
201800027530,NonLethal,2018-11-14,15:52:00,Daylight,490,7,Yes,X-type,Normal,2Vehicles-Behind,GRAND MONTREJEAU,M,47.46354154275511,-0.4627131688322174
201800027531,NonLethal,2018-11-16,17:50:00,Daylight,490,267,No,NoIntersection,Normal,3+Vehicles-Chain,A87N,M,47.465148780318266,-0.4666771420008433
201800027532,NonLethal,2018-11-16,08:32:00,TwilightOrDawn,490,7,Yes,NoIntersection,FogOrSmoke,Other,PATTON AVENUE,M,47.47245151505278,-0.4729955909732182
201800027533,NonLethal,2018-11-19,09:12:00,Daylight,490,7,Yes,X-type,Normal,2Vehicles-Side,CHEMINEAU RUE ET IMPASSE,M,47.48917790361468,-0.4865041239002624
201800027534,NonLethal,2018-11-20,12:11:00,Daylight,490,7,Yes,NoIntersection,Normal,2Vehicles-Side,CARNOT,M,47.4761682181132,-0.4771906189527816
201800027535,NonLethal,2018-11-21,14:25:00,Daylight,490,7,Yes,NoIntersection,Normal,Other,ROI RENE BOULEVARD,M,47.46914195892538,-0.4665450786165479
201800027536,NonLethal,2018-11-21,12:47:00,Daylight,490,7,Yes,NoIntersection,Normal,Other,ALLONNEAU(AUGUSTE) BOULE,M,47.48344173008364,-0.4839646625699593
201800027538,NonLethal,2018-11-23,08:15:00,NightStreelightsOn,490,7,Yes,NoIntersection,Normal,3+Vehicles-Chain,LAKANAL,M,47.47757913361568,-0.47722609284086
201800027539,NonLethal,2018-11-26,19:30:00,NightStreelightsOn,490,7,Yes,NoIntersection,Normal,2Vehicles-Behind,PASTEUR AVENUE,M,47.47880115870148,-0.4791974537900826
201800027540,NonLethal,2018-11-28,19:20:00,NightStreelightsOn,490,353,Yes,NoIntersection,Overcast,Other,REPUBLIQUE AVENUE,M,47.45229299496687,-0.4505768216935338
201800027541,NonLethal,2018-11-29,09:33:00,Daylight,490,15,Yes,NoIntersection,Normal,2Vehicles-BehindVehicles-Frontal,CHAMP DES MARTYRS CHEMIN,M,47.489600750336656,-0.4913799446960097
201800027542,NonLethal,2018-11-30,18:55:00,NightStreelightsOff,490,267,No,X-type,LightRain,Other,PIGNEROLLES PARC ET ROUT,M,47.46230098922685,-0.4638161068362349
201800027543,NonLethal,2018-11-30,11:30:00,Daylight,490,7,Yes,NoIntersection,Overcast,Other,MELGRANI IMPASSE ET RUE,M,47.47734236457139,-0.4764801857183706
201800027544,NonLethal,2018-02-12,12:24:00,Daylight,490,267,Yes,NoIntersection,LightRain,2Vehicles-Behind,A87N,M,47.46899226870369,-0.472702288663907
201800027546,NonLethal,2018-12-04,19:05:00,Daylight,490,353,Yes,NoIntersection,Normal,NoCollision,PAPERIE,M,47.459736869816616,-0.4581406714569421
201800027547,NonLethal,2018-03-12,20:28:00,NightNoStreetLight,490,15,No,NoIntersection,LightRain,NoCollision,D775,M,47.51804551945623,-0.5173879319100624
201800027548,NonLethal,2018-12-04,07:58:00,NightNoStreetLight,490,7,Yes,NoIntersection,LightRain,NoCollision,DE LATTRE DE TASSIGNY,M,47.45827441719855,-0.4574470771955318
201800027549,NonLethal,2018-04-12,18:16:00,NightStreelightsOn,490,7,Yes,NoIntersection,LightRain,3+Vehicles-Chain,BLANCHOIN BOULEVARD,M,47.44486551393506,-0.4465943120938517
201800027550,NonLethal,2018-12-05,18:03:00,Daylight,490,7,Yes,NoIntersection,HeavyRain,NoCollision,SAINT LAUD,M,47.47169554308414,-0.4712734285127817
201800027551,NonLethal,2018-12-06,17:45:00,TwilightOrDawn,490,7,No,NoIntersection,Normal,Other,ATLANTIQUE  AVENUE DE L',M,47.46535669719104,-0.4658651193853011
201800027552,NonLethal,2018-05-12,07:11:00,NightStreelightsOn,490,7,Yes,Other,Normal,2Vehicles-Side,CHAUMIN BOULEVARD,M,47.45221581207298,-0.449654558423835
201800027553,NonLethal,2018-12-07,09:43:00,Daylight,490,7,Yes,NoIntersection,Overcast,Other,LEKEU,M,47.47086017499774,-0.4698695277499621
201800027556,NonLethal,2018-01-12,19:40:00,NightStreelightsOn,490,7,Yes,NoIntersection,HeavyRain,Other,MEILLAND,M,47.44879112491061,-0.447285982865278
201800027557,NonLethal,2018-12-12,17:18:00,TwilightOrDawn,490,267,Yes,NoIntersection,Normal,Other,GEMMETRIE,M,47.4640534445133,-0.4635754287574088
201800027559,NonLethal,2018-12-15,11:30:00,Daylight,490,7,Yes,X-type,Normal,2Vehicles-Side,CHAUMIN BOULEVARD,M,47.450443829855175,-0.451133778623678
201800027560,NonLethal,2018-12-16,21:50:00,NightStreelightsOn,490,7,Yes,NoIntersection,Overcast,Other,MAIL,M,47.473190694697664,-0.4755431151212991
201800027561,NonLethal,2018-12-16,18:15:00,Daylight,490,7,Yes,NoIntersection,LightRain,Other,SCHUMANN BOULEVARD,M,47.48923718518255,-0.4906860996534503
201800027562,NonLethal,2018-12-17,14:11:00,Daylight,490,7,Yes,NoIntersection,Normal,2Vehicles-Side,BOUCHE THOMAS,M,47.445107931133,-0.444384016219421
201800027564,NonLethal,2018-12-15,07:53:00,TwilightOrDawn,490,7,Yes,NoIntersection,Overcast,Other,ROI RENE BOULEVARD,M,47.46912190480485,-0.467280737699989
201800027565,NonLethal,2018-12-18,19:44:00,NightNoStreetLight,490,7,Yes,NoIntersection,LightRain,2Vehicles-Side,BARDOUL,M,47.47454931958232,-0.4746566553521611
201800027566,NonLethal,2018-12-17,16:03:00,Daylight,490,7,Yes,NoIntersection,Overcast,Other,PATTON AVENUE,M,47.47320362372001,-0.4740309285632184
201800027567,NonLethal,2018-12-18,18:08:00,TwilightOrDawn,490,15,Yes,NoIntersection,LightRain,2Vehicles-Behind,CROIX CADEAU Z.I.,M,47.51994288560695,-0.5197770507318821
201800027568,NonLethal,2018-12-18,08:04:00,TwilightOrDawn,490,246,Yes,NoIntersection,LightRain,NoCollision,PERRINS CHEMIN ET VILLAG,M,47.44094752226351,-0.4400924137840017
201800027570,NonLethal,2018-12-20,15:17:00,Daylight,490,7,Yes,X-type,Normal,2Vehicles-Side,ARAGON AVENUE,M,47.46963879414673,-0.4701601790647452
201800027571,NonLethal,2018-12-20,21:00:00,NightStreelightsOn,490,7,Yes,NoIntersection,LightRain,2Vehicles-Side,RABELAIS,M,47.46331903141471,-0.4616609525567392
201800027572,NonLethal,2018-12-19,16:57:00,TwilightOrDawn,490,7,Yes,NoIntersection,Overcast,2Vehicles-Behind,QUAI LIGNY,M,47.46908762133152,-0.4686340945762944
201800027573,NonLethal,2018-12-21,20:00:00,NightStreelightsOn,490,7,Yes,NoIntersection,Normal,2Vehicles-Side,BIRGE BOULEVARD,M,47.47260256788877,-0.4733248954172108
201800027574,NonLethal,2018-12-20,10:27:00,Daylight,490,246,Yes,NoIntersection,Normal,2Vehicles-Side,GALLIENI AVENUE,M,47.43902873797008,-0.4374525645914264
201800027576,NonLethal,2018-12-26,19:35:00,NightStreelightsOn,490,353,Yes,NoIntersection,Normal,Other,JEAN JAURES RUE,M,47.44519605060765,-0.4478326876207918
201800027578,NonLethal,2018-12-28,12:03:00,Daylight,490,267,Yes,NoIntersection,Normal,2Vehicles-Side,COROT,M,47.47171720198731,-0.4736169815871394
201800027579,NonLethal,2018-02-01,15:30:00,Daylight,490,99,Yes,NoIntersection,Overcast,Other,MARNE (AVENUE DE LA),M,47.05061695459452,-0.0498961198148427
201800027580,NonLethal,2018-01-14,12:15:00,Daylight,490,99,Yes,T-type,Normal,2Vehicles-Side,SAINT CHRISTOPHE (RUE DE,M,47.05296256626932,-0.0552962316994322
201800027582,NonLethal,2018-02-22,13:55:00,Daylight,490,99,Yes,Roundabout,Normal,2Vehicles-Side,TURBAUDIERES (BOULEVARD,M,47.04782287617066,-0.0474129279099981
201800027583,NonLethal,2018-02-23,16:40:00,Daylight,490,99,Yes,Roundabout,Normal,2Vehicles-Side,ITALIE (RUE D'),M,47.043810887791125,-0.0447228788200329
201800027584,NonLethal,2018-03-19,10:00:00,Daylight,490,99,Yes,NoIntersection,Normal,2Vehicles-Behind,"5, SOMME (RUE DE LA)",M,47.05614618187186,-0.0582351686163793
201800027585,Lethal,2018-03-29,20:00:00,Daylight,490,99,No,NoIntersection,HeavyRain,2Vehicles-BehindVehicles-Frontal,RD 752,M,46.99126766923657,-0.9908804176598804
201800027586,NonLethal,2018-04-14,16:35:00,Daylight,490,99,Yes,NoIntersection,Normal,Other,MUTUALITE (RUE DE LA),M,47.05617051594311,-0.0556721136492079
201800027587,NonLethal,2018-04-19,10:55:00,Daylight,490,99,Yes,NoIntersection,Normal,2Vehicles-Behind,RICHELIEU (BOULEVARD DE),M,47.04484538366139,-0.0438363293574566
201800027588,NonLethal,2018-04-28,14:30:00,Daylight,490,99,Yes,NoIntersection,Normal,2Vehicles-Side,VENDEE (RUE DE LA ),M,47.05299828207876,-0.0540506829412717
201800027589,NonLethal,2018-04-29,20:20:00,Daylight,490,99,Yes,Roundabout,HeavyRain,2Vehicles-Side,MALLERAY (RUE DU LT COLO,M,47.05729743526901,-0.056670679441191
201800027590,NonLethal,2018-04-30,13:15:00,Daylight,490,99,No,X-type,LightRain,2Vehicles-BehindVehicles-Frontal,RICHELIEU (BOULEVARD DE),M,47.04379697463419,-0.0429482371282022
201800027591,NonLethal,2018-05-01,17:40:00,Daylight,490,99,Yes,NoIntersection,Normal,2Vehicles-BehindVehicles-Frontal,MOCRAT(AVENUE DE),M,47.061833614254816,-0.0618507518709723
201800027592,NonLethal,2018-05-18,18:05:00,Daylight,490,99,Yes,NoIntersection,Normal,2Vehicles-Side,MANCEAU (AVENUE ANATOLE),M,47.05244342846764,-0.0511270213213477
201800027593,NonLethal,2018-05-21,18:45:00,Daylight,490,99,No,NoIntersection,Normal,Other,HIPPODROME (AVENUE DE L',M,47.01893938703369,-0.0198472581355336
201800027594,Lethal,2018-05-24,17:35:00,Daylight,490,99,Yes,T-type,Normal,Other,ETOILE (RUE DE L'),M,47.067703035841554,-0.0665648705241323
201800027595,NonLethal,2018-05-27,17:45:00,Daylight,490,99,Yes,X-type,Normal,2Vehicles-Behind,DOUMER (RUE DU PRESIDENT,M,47.06564067878757,-0.0671554099681742
201800027596,NonLethal,2018-06-13,17:40:00,Daylight,490,99,Yes,NoIntersection,Normal,NoCollision,TOURAINE (BOULEVARD DE),M,47.07418949471568,-0.0716113321511972
201800027597,NonLethal,2018-06-23,19:38:00,Daylight,490,99,Yes,NoIntersection,Normal,2Vehicles-Behind,POITOU (BOULEVARD DU),M,47.06824544611579,-0.0687670981177123
201800027598,NonLethal,2018-06-25,11:30:00,Daylight,490,99,Yes,X-type,Normal,2Vehicles-Side,BERTHELOT (RUE MARCELIN),M,47.05883191663813,-0.0574708551043336
201800027600,NonLethal,2018-07-15,17:50:00,Daylight,490,99,Yes,NoIntersection,Normal,NoCollision,TUILERIE (RUE DE LA ),M,47.06782363878213,-0.0664637421131318
201800027601,NonLethal,2018-12-07,13:28:00,Daylight,490,99,Yes,NoIntersection,Normal,2Vehicles-Side,TOUTLEMONDE (RUE DE),M,47.06711839488938,-0.0659030476382888
201800027602,NonLethal,2018-07-21,19:50:00,Daylight,490,99,No,NoIntersection,Normal,NoCollision,RD 157,M,46.99809242883874,-0.9982580329823568
201800027603,NonLethal,2018-07-23,13:30:00,Daylight,490,99,Yes,T-type,Normal,2Vehicles-Side,JOFFRE (BOULEVARD DU MAR,M,47.06593333086944,-0.0668194070505395
201800027604,NonLethal,2018-07-26,19:30:00,Daylight,490,99,Yes,NoIntersection,Normal,NoCollision,NATIONALE (RUE),M,47.06456917223719,-0.0636554676544092
201800027605,NonLethal,2018-08-04,10:00:00,Daylight,490,99,Yes,Roundabout,Normal,2Vehicles-Side,LEGION D'HONNEUR (PLACE),M,47.04613429950755,-0.0476611717524477
201800027606,NonLethal,2018-08-08,08:00:00,Daylight,490,99,No,NoIntersection,Normal,Other,HIPPODROME (AVENUE DE L',M,47.02049126124933,-0.0194176391846053
201800027607,NonLethal,2018-08-08,17:00:00,Daylight,490,99,Yes,X-type,Normal,3+Vehicles-Chain,TOURAINE (BOULEVARD DE),M,47.07342850263879,-0.0735238847211924
201800027609,NonLethal,2018-08-19,22:20:00,NightStreelightsOn,490,99,Yes,NoIntersection,Normal,NoCollision,SARDINERIE (RUE DE LA),M,47.06104888453706,-0.0613833342948969
201800027610,NonLethal,2018-08-27,16:25:00,Daylight,490,99,Yes,NoIntersection,Normal,NoCollision,PERCHE (RUE DU),M,47.07645150261983,-0.0738347597986579
201800027611,NonLethal,2018-07-09,13:25:00,Daylight,490,99,No,NoIntersection,Normal,NoCollision,RUISSEAUX (RUE DES ),M,47.00616875611154,-0.0056107566629543
201800027612,NonLethal,2018-09-25,22:50:00,NightNoStreetLight,490,99,No,Roundabout,Normal,Other,RD 752,M,47.01682236880109,-0.0178530881094702
201800027615,NonLethal,2018-11-20,18:30:00,NightStreelightsOn,490,99,Yes,T-type,Normal,2Vehicles-Side,LORRAINE (RUE DE),M,47.05422810170776,-0.0530089459008776
201800027618,NonLethal,2018-10-12,19:45:00,NightStreelightsOn,490,99,Yes,T-type,Normal,Other,ARCOLE (RUE D'),M,47.0481718319802,-0.0469678945814296
201800027619,NonLethal,2018-12-30,14:40:00,Daylight,490,99,Yes,X-type,FogOrSmoke,2Vehicles-Side,RICHELIEU (BOULEVARD DE),M,47.04302151021209,-0.0437560295595311
201800027620,NonLethal,2018-01-19,08:05:00,TwilightOrDawn,490,328,Yes,NoIntersection,Normal,2Vehicles-Side,KLEBER (PLACE),M,47.26367478955959,-0.2625467403834596
201800027621,NonLethal,2018-02-01,14:30:00,Daylight,490,328,No,NoIntersection,Normal,2Vehicles-Behind,ROCADE D 347,M,47.276817444109255,-0.2767359291053468
201800027622,NonLethal,2018-02-19,19:25:00,NightStreelightsOff,490,328,Yes,Roundabout,LightRain,Other,DELESSERT (BOULEVARD BEN,M,47.25451991717543,-0.2540924956326056
201800027625,NonLethal,2018-03-07,18:15:00,Daylight,490,328,No,NoIntersection,Normal,NoCollision,VIEUX VIVY (ROUTE DU),M,47.29481003744478,-0.2963798372507987
201800027626,NonLethal,2018-08-03,11:45:00,Daylight,490,328,Yes,X-type,Normal,2Vehicles-Side,FIDELITE (RUE DE LA),M,47.261706652295366,-0.2618932774083102
201800027627,NonLethal,2018-03-20,12:20:00,Daylight,490,328,Yes,Roundabout,Normal,2Vehicles-Side,rond point du general ar,M,47.26351097912865,-0.2624479287848736
201800027628,NonLethal,2018-03-28,07:50:00,TwilightOrDawn,490,328,Yes,Roundabout,Normal,2Vehicles-Side,RESISTANCE (PLACE DE LA),M,47.2683725817404,-0.2667852917275594
201800027629,NonLethal,2018-03-28,17:30:00,Daylight,490,328,Yes,X-type,Normal,2Vehicles-Side,PRESSOIR (RUE DU),M,47.250613014560855,-0.2524605033253769
201800027630,NonLethal,2018-06-04,15:55:00,Daylight,490,328,Yes,NoIntersection,Normal,2Vehicles-Behind,ROCADE N 347,M,47.26818676939547,-0.2646181049799485
201800027631,NonLethal,2018-04-12,16:45:00,Daylight,490,328,Yes,X-type,LightRain,Other,MOUTON (RUE DU),M,47.25286332821688,-0.2525759923963989
201800027632,NonLethal,2018-04-17,18:40:00,Daylight,490,328,Yes,NoIntersection,Normal,Other,PONT FOUCHARD (RUE DU),M,47.25089123800716,-0.2523104481155718
201800027634,NonLethal,2018-04-23,13:30:00,Daylight,490,328,Yes,X-type,Normal,2Vehicles-Side,BOUJU (RUE),M,47.27237155763041,-0.2697353592119559
201800027637,NonLethal,2018-05-29,17:55:00,Daylight,490,328,Yes,NoIntersection,StrongWindOrStorm,NoCollision,AMY (RUE ROBERT),M,47.25036235784557,-0.2491092336186649
201800027638,NonLethal,2018-05-30,15:40:00,Daylight,490,328,Yes,NoIntersection,Normal,2Vehicles-Behind,DELESSERT (BOULEVARD BEN,M,47.26022239534358,-0.2588452316014185
201800027639,NonLethal,2018-06-27,08:55:00,Daylight,490,328,No,Roundabout,Normal,Other,VIEUX VIVY (ROUTE DU),M,47.28308923085407,-0.2796348604555749
201800027640,NonLethal,2018-06-28,08:00:00,Daylight,490,328,Yes,X-type,Normal,Other,LOUCHEUR (RUE),M,47.246913815982296,-0.2459172553752225
201800027641,NonLethal,2018-07-17,14:35:00,Daylight,490,328,Yes,NoIntersection,Normal,Other,ROUEN (RUE DE),M,47.26991380759315,-0.2668992996046382
201800027642,NonLethal,2018-08-04,20:30:00,Daylight,490,328,Yes,NoIntersection,Normal,2Vehicles-BehindVehicles-Frontal,CADRE NOIR (PONT DU) N 3,M,47.27426410854871,-0.2731105387125742
201800027643,NonLethal,2018-09-08,17:30:00,Daylight,490,328,Yes,NoIntersection,Normal,3+Vehicles-Chain,CHANZY (RUE),M,47.25950801971066,-0.2589558237375874
201800027644,NonLethal,2018-11-08,13:35:00,Daylight,490,328,No,NoIntersection,Normal,2Vehicles-Side,GENNES (ROUTE DE) D 751,M,47.28483933424878,-0.2833019765253139
201800027645,NonLethal,2018-11-08,22:25:00,NightStreelightsOn,490,328,Yes,NoIntersection,Normal,Other,REPUBLIQUE (PLACE DE LA),M,47.26107328474191,-0.2596813151555276
201800027646,NonLethal,2018-08-14,14:50:00,Daylight,490,328,Yes,Square,Normal,2Vehicles-Side,KLEBER (PLACE),M,47.26349644892335,-0.2624361932166519
201800027647,NonLethal,2018-08-17,17:25:00,Daylight,490,328,No,NoIntersection,Normal,2Vehicles-BehindVehicles-Frontal,VERRIE D 161 (ROUTE DE),M,47.27494062701805,-0.2723079147412156
201800027650,NonLethal,2018-05-09,00:30:00,NightStreelightsOn,490,328,Yes,X-type,Normal,2Vehicles-Side,CHANZY (RUE),M,47.2596322422717,-0.2614840750156847
201800027651,NonLethal,2018-09-11,14:30:00,Daylight,490,328,Yes,NoIntersection,Normal,2Vehicles-Behind,FUSILLES (AVENUE DES) N,M,47.28007855421963,-0.27931886619644
201800027653,NonLethal,2018-09-21,07:40:00,TwilightOrDawn,490,328,Yes,X-type,LightRain,Other,DELESSERT (BOULEVARD BEN,M,47.25520322554156,-0.2560077709035456
201800027655,NonLethal,2018-09-25,07:50:00,TwilightOrDawn,490,328,Yes,X-type,Normal,2Vehicles-Side,RESISTANCE (PLACE DE LA),M,47.26746532968931,-0.2675218566944173
201800027656,NonLethal,2018-10-12,12:00:00,Daylight,490,328,No,NoIntersection,Normal,3+Vehicles-Multiple,ANGERS (ROUTE D') D 952,M,47.271194972188,-0.2711644097915437
201800027657,NonLethal,2018-05-11,18:40:00,NightStreelightsOn,490,328,Yes,NoIntersection,Overcast,2Vehicles-Behind,CADETS (PONT DES),M,47.26684540740136,-0.2665059370235108
201800027658,NonLethal,2018-06-11,14:10:00,Daylight,490,328,Yes,NoIntersection,Normal,2Vehicles-BehindVehicles-Frontal,LAMARTINE (RUE),M,47.2546710802438,-0.256102339912689
201800027659,NonLethal,2018-11-22,07:35:00,NightStreelightsOn,490,328,Yes,NoIntersection,FogOrSmoke,2Vehicles-Side,DE GAULLE (AVENUE DU GEN,M,47.26510494212862,-0.2670076961389604
201800027660,NonLethal,2018-11-21,10:00:00,Daylight,490,328,Yes,Roundabout,Normal,2Vehicles-Side,CHUMEAU (ROND-POINT),M,47.24915645150739,-0.2490484346400277
201800027661,NonLethal,2018-03-12,18:15:00,NightNoStreetLight,490,328,No,NoIntersection,Normal,3+Vehicles-Chain,ROCADE N 347,M,47.25496007626173,-0.2547599947778973
201800027663,NonLethal,2018-12-05,08:15:00,NightStreelightsOn,490,328,Yes,Roundabout,Normal,2Vehicles-Side,RESISTANCE (PLACE DE LA),M,47.26630008546458,-0.2649841335506644
201800027664,NonLethal,2018-04-01,18:15:00,NightStreelightsOn,500,129,Yes,T-type,Normal,2Vehicles-Side,"00, CALIGNY (QUAI DE)",M,49.64124292245841,-0.6404534636710951
201800027665,NonLethal,2018-01-07,14:00:00,Daylight,500,602,No,T-type,LightRain,NoCollision,"000, RN 13",M,49.63469324126595,-0.6340288044422308
201800027667,NonLethal,2018-08-01,19:20:00,NightStreelightsOn,500,129,Yes,X-type,Normal,2Vehicles-BehindVehicles-Frontal,"00, SCHUMAN (BOULEVARD R",M,49.63711188745477,-0.6379088574266524
201800027670,NonLethal,2018-01-15,10:45:00,Daylight,500,129,Yes,X-type,HeavyRain,2Vehicles-Side,"00, CONQUERANT (BOULEVAR",M,49.64388981745924,-0.6432831711879844
201800027671,NonLethal,2018-01-16,08:15:00,Daylight,500,203,No,NoIntersection,Overcast,NoCollision,AXE NORD SUD,M,49.59755309478555,-0.5973127961096345
201800027672,NonLethal,2018-01-15,08:30:00,NightStreelightsOn,500,129,Yes,T-type,LightRain,NoCollision,"000, LECLERC (RUE DU MAR",M,49.635919131093374,-0.6348091243474532
201800027673,NonLethal,2018-01-17,12:40:00,Daylight,500,416,Yes,Y-type,Normal,2Vehicles-Behind,"00, CD 901",M,49.65528673669426,-0.6547133836312651
201800027674,NonLethal,2018-01-19,20:20:00,NightStreelightsOn,500,129,Yes,X-type,Normal,2Vehicles-BehindVehicles-Frontal,"00, RAVENEL (PLACE MARIE",M,49.64034888408256,-0.6385263242930471
201800027675,NonLethal,2018-01-23,12:25:00,Daylight,500,129,Yes,T-type,HeavyRain,2Vehicles-Side,"000, CALIGNY (QUAI DE)",M,49.643370024603264,-0.6415576175302844
201800027676,NonLethal,2018-01-25,10:35:00,Daylight,500,602,No,Y-type,Normal,NoCollision,"00, BREQUECAL (RUE DE)",M,49.62746204371677,-0.6282577289323646
201800027677,NonLethal,2018-01-28,08:50:00,Daylight,500,173,Yes,Roundabout,Normal,2Vehicles-Side,"000, QUERQUEVILLE (ROND",M,49.66287270557753,-0.6606677087399851
201800027678,NonLethal,2018-01-26,18:20:00,NightStreelightsOn,500,602,Yes,X-type,Normal,2Vehicles-Side,"00, HUIT MAI 1945 (RUE D",M,49.65012218453149,-0.6481198329795587
201800027679,NonLethal,2018-02-01,09:15:00,Daylight,500,129,Yes,NoIntersection,Normal,NoCollision,"23, MENDES FRANCE (BOULE",M,49.63400253768644,-0.6337303186267024