AccidentId,Gravity,Date,Hour,Light,Department,Commune,InAgglomeration,IntersectionType,Weather,CollisionType,PostalAddress,GPSCode,Latitude,Longitude
201800027680,NonLethal,2018-02-02,19:15:00,NightStreelightsOn,500,173,Yes,Y-type,Normal,2Vehicles-Side,"70, GAMBETTA (RUE)",M,49.64569471876261,-0.6472894141144117
201800027681,NonLethal,2018-02-07,02:30:00,NightStreelightsOn,500,129,Yes,NoIntersection,Normal,Other,"109, LECLERC (RUE DU MAR",M,49.63483776519343,-0.6343832384583349
201800027682,NonLethal,2018-01-28,15:00:00,Daylight,500,129,Yes,T-type,Overcast,Other,"000, COURBET (RUE AMIRAL",M,49.64179128365672,-0.6410886856723271
201800027683,NonLethal,2018-02-07,12:15:00,Daylight,500,173,Yes,NoIntersection,Normal,NoCollision,RESISTANTS (RUE DES),M,49.64685375520579,-0.6468225309568426
201800027684,NonLethal,2018-02-09,11:50:00,Daylight,500,203,Yes,NoIntersection,Normal,2Vehicles-Behind,"1315, LES ROUGES TERRES",M,49.61062055097934,-0.6101170881251579
201800027685,NonLethal,2018-10-02,18:05:00,NightStreelightsOn,500,129,Yes,NoIntersection,LightRain,NoCollision,"000, NORMANDIE (AVENUE)",M,49.6286842220787,-0.6262046526662682
201800027686,NonLethal,2018-10-02,19:15:00,NightStreelightsOn,500,129,Yes,NoIntersection,HeavyRain,2Vehicles-BehindVehicles-Frontal,"00, THIVET (AVENUE)",M,49.63767932972686,-0.6332217680042678
201800027687,NonLethal,2018-09-02,09:55:00,Daylight,500,129,Yes,T-type,Normal,2Vehicles-Behind,"00, BOEL MESLIN (RUE)",M,49.640534447139146,-0.6399987556833319
201800027688,NonLethal,2018-02-13,10:45:00,Daylight,500,602,Yes,X-type,LightRain,3+Vehicles-Multiple,"126, COTENTIN (BOULEVARD",M,49.63678535748437,-0.6382266510056223
201800027690,NonLethal,2018-02-17,12:20:00,Daylight,500,173,Yes,NoIntersection,Normal,Other,"60, BERT (RUE PAUL)",M,49.65093451665005,-0.6497676516688892
201800027691,NonLethal,2018-02-18,04:20:00,NightStreelightsOn,500,416,Yes,Roundabout,LightRain,NoCollision,"00, QUERQUEVILLE (ROND P",M,49.661354019190846,-0.6595091251604729
201800027692,NonLethal,2018-02-20,12:35:00,Daylight,500,602,Yes,NoIntersection,Normal,2Vehicles-Side,"000, POMMIERS (RUE DES)",M,49.634407128590624,-0.6341361205684739
201800027693,NonLethal,2018-02-22,01:15:00,NightStreelightsOn,500,602,Yes,NoIntersection,Normal,NoCollision,"95, EAUX (CHASSE A)",M,49.63768749477998,-0.6360632951628455
201800027694,NonLethal,2018-02-22,14:50:00,Daylight,500,602,No,NoIntersection,Normal,2Vehicles-BehindVehicles-Frontal,"00, BREQUECAL (RUE DE)",M,49.63031162219414,-0.6298951662341142
201800027696,NonLethal,2018-02-27,15:00:00,Daylight,500,602,Yes,Roundabout,Normal,2Vehicles-Behind,"00, EST (BOULEVARD DE L'",M,49.6351240197295,-0.6366412214011842
201800027697,NonLethal,2018-04-03,09:15:00,Daylight,500,129,Yes,X-type,Normal,2Vehicles-Side,"00, ATLANTIQUE (BOULEVAR",M,49.62067661388779,-0.620641636230287
201800027698,NonLethal,2018-09-03,07:10:00,TwilightOrDawn,500,602,Yes,Roundabout,LightRain,2Vehicles-Side,RD PT ST JEAN MOULIN,M,49.63478300502937,-0.6353049155844323
201800027699,NonLethal,2018-03-09,22:15:00,NightStreelightsOn,500,203,Yes,Y-type,Normal,2Vehicles-Side,"00, ROUGES TERRES (LES)",M,49.60790989369506,-0.6075907432548457
201800027700,NonLethal,2018-10-03,01:15:00,NightStreelightsOn,500,203,Yes,NoIntersection,Normal,Other,"2215, BANQUE A GENETS (C",M,49.60259235315952,-0.6050886159991105
201800027701,NonLethal,2018-03-14,17:20:00,Daylight,500,129,Yes,X-type,Normal,2Vehicles-Side,BD GUILLAUME CONQUERANT,M,49.64374036876348,-0.6409927093366294
201800027702,NonLethal,2018-03-15,14:30:00,Daylight,500,173,Yes,NoIntersection,Normal,NoCollision,"00, MANGON (RUE HERVE)",M,49.64830025797799,-0.648212751852698
201800027703,NonLethal,2018-03-17,01:10:00,NightStreelightsOn,500,602,Yes,NoIntersection,Normal,Other,"13O, LECLERC (RUE DU GEN",M,49.64219831406832,-0.640110852553811
201800027704,NonLethal,2018-03-16,07:50:00,TwilightOrDawn,500,129,Yes,Y-type,Normal,2Vehicles-Side,"00, Quai Lawton COLLINS",M,49.641563034029886,-0.6422417451548142
201800027705,NonLethal,2018-03-21,11:25:00,Daylight,500,129,Yes,NoIntersection,Normal,NoCollision,"00, CHANTEREYNE (PORT)",M,49.64861000411376,-0.6488528893319971
201800027707,NonLethal,2018-03-25,00:25:00,NightStreelightsOn,500,129,Yes,T-type,Normal,NoCollision,"07, Quai Lawton COLLINS",M,49.63900514946411,-0.6402500117118054
201800027709,NonLethal,2018-03-28,10:30:00,Daylight,500,129,Yes,X-type,LightRain,2Vehicles-Side,"00, ABBAYE (RUE DE L')",M,49.646446136614216,-0.646313140180267
201800027710,NonLethal,2018-03-28,17:30:00,Daylight,500,602,Yes,T-type,Normal,Other,"000, LECLERC (RUE DU GEN",M,49.6410173064282,-0.641825273129485
201800027711,NonLethal,2018-03-30,17:40:00,Daylight,500,129,Yes,T-type,Normal,NoCollision,"00, MILLET (AVENUE JEAN-",M,49.635496829264206,-0.635607172110133
201800027713,NonLethal,2018-04-05,10:55:00,Daylight,500,129,Yes,Square,Normal,Other,JAURES (PLACE JEAN),M,49.63261579360926,-0.6346740740618103
201800027714,NonLethal,2018-10-04,07:45:00,Daylight,500,129,Yes,NoIntersection,Normal,2Vehicles-Behind,ABBAYE (RUE DE L'),M,49.646079745901005,-0.6468136174670112
201800027716,NonLethal,2018-04-16,16:00:00,Daylight,500,129,Yes,NoIntersection,Normal,Other,CHAMPAGNE (RUE DE),M,49.62814508178817,-0.6283696512733323
201800027717,NonLethal,2018-04-17,16:25:00,Daylight,500,203,Yes,NoIntersection,Normal,2Vehicles-BehindVehicles-Frontal,LANSONNEUR (RUE LOUIS),M,49.62341625212722,-0.6232014038272365
201800027718,NonLethal,2018-04-25,22:50:00,NightStreelightsOn,500,129,Yes,X-type,Normal,2Vehicles-Side,BUCAILLE (RUE DE LA),M,49.640744886543246,-0.6405604103247351
201800027719,NonLethal,2018-04-26,13:25:00,Daylight,500,129,Yes,NoIntersection,Normal,2Vehicles-Side,QUAI DE CALIGNY,M,49.64115806060527,-0.6412671801776574
201800027721,NonLethal,2018-04-28,02:30:00,NightNoStreetLight,500,602,Yes,Roundabout,Normal,Other,FLAMANDS (ROND POINT),M,49.65311345014972,-0.6538299710309301
201800027722,NonLethal,2018-01-05,00:20:00,NightStreelightsOn,500,129,Yes,X-type,Normal,2Vehicles-Side,RUE DE SENNECEY,M,49.63852733347104,-0.6384682206765733
201800027723,NonLethal,2018-05-06,12:15:00,Daylight,500,602,Yes,NoIntersection,Normal,2Vehicles-Behind,LAUBEUF (RUE MAXIME),M,49.6528567851014,-0.6542844915610863
201800027724,NonLethal,2018-05-05,18:20:00,Daylight,500,602,Yes,NoIntersection,Normal,2Vehicles-Side,BOUIN (RUE JEAN),M,49.62781334020284,-0.6284677755944413
201800027725,NonLethal,2018-05-11,17:20:00,Daylight,500,129,Yes,Y-type,Normal,Other,CHRISTINE (RUE),M,49.64002830931161,-0.6384599518217331
201800027726,NonLethal,2018-05-14,17:45:00,Daylight,500,129,Yes,NoIntersection,Normal,Other,GUYNEMER (RUE GEORGES),M,49.63660016984535,-0.637868048991398
201800027727,NonLethal,2018-05-14,10:10:00,Daylight,500,173,Yes,NoIntersection,Normal,Other,BD DE LA MER,M,49.65989854530842,-0.6608808877979331
201800027729,NonLethal,2018-05-16,13:10:00,Daylight,500,129,Yes,T-type,Normal,2Vehicles-BehindVehicles-Frontal,SALENGRO (RUE ROGER),M,49.628473447574045,-0.6281363006917422
201800027730,NonLethal,2018-05-17,16:20:00,Daylight,500,602,Yes,NoIntersection,Normal,Other,FONDERIE (RUE DE LA),M,49.64289398804213,-0.6446841465229426
201800027731,NonLethal,2018-05-21,19:30:00,Daylight,500,602,Yes,NoIntersection,Normal,NoCollision,PYROTECHNIE (rue de la ),M,49.64865486336976,-0.6479628871798162
201800027732,NonLethal,2018-05-18,12:10:00,Daylight,500,602,Yes,NoIntersection,Normal,Other,MEDERIC (RUE),M,49.63994357387533,-0.6407952435990053
201800027733,NonLethal,2018-05-19,11:25:00,Daylight,500,602,No,NoIntersection,Normal,Other,RN 13,M,49.64399713023651,-0.6460593393247278
201800027734,NonLethal,2018-05-23,17:00:00,Daylight,500,129,Yes,NoIntersection,Normal,Other,ILE DE FRANCE (RUE DE L',M,49.62828831977122,-0.626723532197488
201800027735,NonLethal,2018-05-23,14:35:00,Daylight,500,129,Yes,NoIntersection,Normal,2Vehicles-Behind,PARIS (AVENUE DE),M,49.63106848252098,-0.6306138708585985
201800027736,NonLethal,2018-05-27,13:10:00,Daylight,500,129,Yes,NoIntersection,Normal,Other,BECQUEREL (RUE),M,49.62924558063832,-0.6259060615846092
201800027737,NonLethal,2018-05-26,11:40:00,Daylight,500,129,Yes,X-type,Overcast,Other,SCHUMAN (BOULEVARD ROBER,M,49.637394864363,-0.63667508017621
201800027738,NonLethal,2018-05-28,10:00:00,Daylight,500,129,Yes,T-type,Normal,Other,LAVIEILLE (RUE FRANCOIS),M,49.64147063414683,-0.6408529075333005
201800027739,NonLethal,2018-05-29,07:35:00,Daylight,500,602,Yes,X-type,Normal,2Vehicles-Side,RUE DES SAUXMARAIS,M,49.63009242749268,-0.6300584458576772
201800027740,NonLethal,2018-06-06,01:20:00,NightStreelightsOn,500,129,Yes,X-type,Normal,Other,TANNERIES (RUE DES),M,49.631624425028384,-0.6323961764285696
201800027741,NonLethal,2018-06-13,15:20:00,Daylight,500,203,No,NoIntersection,Normal,2Vehicles-BehindVehicles-Frontal,PR 53+2,M,49.60474739706861,-0.6044353050208643
201800027742,NonLethal,2018-06-19,18:10:00,Daylight,500,129,Yes,NoIntersection,Overcast,2Vehicles-Behind,PARIS (AVENUE DE),M,49.629607801008994,1.6310100679593815
201800027743,NonLethal,2018-06-20,07:40:00,Daylight,500,129,Yes,NoIntersection,Normal,2Vehicles-Side,NAPOLEON (PLACE),M,49.64385617245423,-0.6420896458855891
201800027744,NonLethal,2018-06-23,17:10:00,Daylight,500,173,Yes,NoIntersection,Normal,2Vehicles-Behind,SALINE (BOULEVARD DE LA),M,49.65755185074483,-0.6583653584285191
201800027745,NonLethal,2018-05-07,09:40:00,Daylight,500,129,Yes,NoIntersection,Normal,2Vehicles-Side,Quai Lawton COLLINS,M,49.6417868444401,-0.6407478448507794
201800027746,NonLethal,2018-06-07,23:25:00,NightStreelightsOn,500,129,Yes,NoIntersection,Normal,2Vehicles-Side,MACONS (RUE DES),M,49.64623269087013,-0.6446773946990163
201800027747,NonLethal,2018-07-09,09:10:00,Daylight,500,129,Yes,T-type,Normal,Other,CURIE (RUE),M,49.63853838096144,-0.6384562147217205
201800027748,NonLethal,2018-10-07,19:50:00,Daylight,500,602,Yes,Roundabout,Normal,NoCollision,PENESME (ROND POINT),M,49.6358972535884,-0.6369417178815184
201800027749,NonLethal,2018-07-16,07:30:00,Daylight,500,173,No,T-type,Normal,2Vehicles-Side,,M,49.64635751007995,-0.6461778496255095
201800027750,NonLethal,2018-07-23,14:10:00,Daylight,500,129,Yes,T-type,Normal,Other,VINTRAS (RUE),M,49.635738104693566,-0.6353514458081637
201800027751,NonLethal,2018-07-23,16:25:00,Daylight,500,129,Yes,X-type,Normal,2Vehicles-Side,CONQUERANT (BOULEVARD GU,M,49.64140359891814,-0.6429644792320377
201800027752,NonLethal,2018-07-24,19:35:00,Daylight,500,129,Yes,T-type,Normal,2Vehicles-BehindVehicles-Frontal,DELAVILLE ( AVENUE),M,49.637004359084514,-0.6355342394315829
201800027754,NonLethal,2018-07-25,18:25:00,Daylight,500,203,Yes,X-type,Normal,2Vehicles-Behind,ROUGES TERRES (LES),M,49.61329049035094,-0.6134576312864537
201800027758,NonLethal,2018-08-20,16:30:00,Daylight,500,173,Yes,NoIntersection,Normal,NoCollision,LANGLOIS (HAMEAU),M,49.65535125808734,-0.6557880119397931
201800027760,NonLethal,2018-08-28,14:50:00,Daylight,500,129,Yes,NoIntersection,Normal,2Vehicles-Behind,LAVIEILLE (RUE FRANCOIS),M,49.64326353733592,-0.6424357831434134
201800027761,NonLethal,2018-08-30,17:45:00,Daylight,500,129,Yes,T-type,Normal,2Vehicles-Side,BECQUEREL (RUE),M,49.62775205669737,-0.6292503317144551
201800027762,NonLethal,2018-09-02,21:45:00,NightStreelightsOn,500,129,Yes,X-type,Normal,2Vehicles-Side,RUE ABBAYE,M,49.645243412972974,-0.6442484301443678
201800027763,NonLethal,2018-09-03,08:30:00,Daylight,500,203,No,NoIntersection,Normal,2Vehicles-BehindVehicles-Frontal,BEL AIR  (RUE DE),M,49.61092232318672,-0.6100650105745397
201800027764,NonLethal,2018-07-09,01:20:00,NightStreelightsOn,500,129,Yes,T-type,Normal,Other,BUCAILLE (RUE DE LA),M,49.6432732507778,-0.640609356747872
201800027766,NonLethal,2018-09-14,09:30:00,Daylight,500,173,No,X-type,Normal,2Vehicles-BehindVehicles-Frontal,D 409,M,49.62718303930327,-0.6263505556052746
201800027767,NonLethal,2018-09-16,11:25:00,Daylight,500,602,Yes,NoIntersection,Normal,Other,GRAND PRE (RUE DU),M,49.63915828538051,-0.640401608857888
201800027768,NonLethal,2018-09-20,18:45:00,Daylight,500,416,Yes,X-type,Normal,2Vehicles-Side,SEMBAT (RUE MARCEL),M,49.658799135091535,-0.656852903888094
201800027769,NonLethal,2018-09-21,08:25:00,Daylight,500,129,Yes,T-type,Normal,NoCollision,NORMANDIE (AVENUE DE),M,49.62640221730878,-0.6277140755951922
201800027770,NonLethal,2018-09-24,18:30:00,Daylight,500,173,Yes,NoIntersection,Normal,Other,MER (Bld de la ),M,49.66020231282317,-0.6606133918227459
201800027771,NonLethal,2018-09-26,07:40:00,TwilightOrDawn,500,173,Yes,T-type,Normal,2Vehicles-Side,TROIS HANGARS (RUE DES),M,49.64693041350103,-0.648224261865974
201800027772,NonLethal,2018-09-26,16:15:00,Daylight,500,129,Yes,T-type,Normal,3+Vehicles-Chain,RUE ABBAYE,M,49.64374181766075,-0.6449643811289423
201800027773,NonLethal,2018-01-10,08:45:00,Daylight,500,602,Yes,NoIntersection,Normal,Other,JEAN ZAY (RUE),M,49.64034453062155,-0.6406724688507598
201800027775,NonLethal,2018-04-10,06:10:00,NightStreelightsOn,500,203,Yes,NoIntersection,Normal,Other,LUCET (RUE),M,49.6247555743864,-0.6239272868991879
201800027776,NonLethal,2018-08-10,00:50:00,NightStreelightsOn,500,129,Yes,T-type,Normal,2Vehicles-Side,CALIGNY (QUAI DE),M,49.63989783777649,-0.639327528196434
201800027779,NonLethal,2018-10-13,16:05:00,Daylight,500,416,No,NoIntersection,Normal,Other,,M,49.649577533436656,-0.651480907131333
201800027780,NonLethal,2018-10-13,12:50:00,Daylight,500,129,Yes,NoIntersection,Normal,2Vehicles-Side,DIX DECEMBRE 1848 (RUE D,M,49.63163058363904,-0.6279906678521199
201800027781,NonLethal,2018-10-12,12:20:00,Daylight,500,173,Yes,NoIntersection,Normal,2Vehicles-BehindVehicles-Frontal,MER (Bld de la ),M,49.66137086546797,-0.661978900517602
201800027782,NonLethal,2018-10-14,00:45:00,NightStreelightsOn,500,602,Yes,NoIntersection,Normal,NoCollision,EAUX (CHASSE A),M,49.63617293517084,-0.6363601761362652
201800027783,NonLethal,2018-10-15,19:10:00,Daylight,500,129,Yes,NoIntersection,Normal,2Vehicles-Side,FOURCHES (ROUTE DES),M,49.63728520243726,-0.6355266858345407
201800027784,NonLethal,2018-10-17,17:25:00,Daylight,500,129,Yes,T-type,Normal,2Vehicles-Behind,BECQUEREL (RUE),M,49.62900254822891,-0.6282240424396045
201800027785,NonLethal,2018-10-17,07:50:00,TwilightOrDawn,500,129,Yes,NoIntersection,Normal,2Vehicles-Behind,ABBAYE (RUE DE L'),M,49.647476393267965,-0.6427028362035945
201800027786,NonLethal,2018-10-19,10:55:00,Daylight,500,602,Yes,NoIntersection,Normal,Other,BROSSOLETTE (RUE PIERRE),M,49.63663275998317,-0.6347985366048966
201800027787,NonLethal,2018-10-19,20:40:00,NightStreelightsOn,500,129,Yes,NoIntersection,Normal,2Vehicles-Side,AVENUE DE PARIS,M,49.63175707362918,-0.6304844995445427
201800027788,NonLethal,2018-10-20,21:05:00,NightStreelightsOn,500,203,Yes,T-type,Normal,2Vehicles-BehindVehicles-Frontal,LANSONNEUR (RUE LOUIS),M,49.62082110649549,-0.6198113216304146
201800027789,NonLethal,2018-10-20,03:15:00,NightStreelightsOn,500,129,Yes,NoIntersection,Normal,Other,NAPOLEON (PLACE),M,49.64230119191718,-0.6421687267844277
201800027791,NonLethal,2018-10-24,18:05:00,Daylight,500,173,Yes,Roundabout,VeryGood,Other,MER (Bld de la ),M,49.66194235709419,-0.6626694679886154
201800027793,NonLethal,2018-10-30,18:50:00,NightNoStreetLight,500,129,Yes,T-type,Normal,2Vehicles-Behind,NORMANDIE (AVENUE DE),M,49.62555266601215,-0.6252743136112986
201800027794,NonLethal,2018-01-11,20:50:00,NightStreelightsOn,500,173,Yes,T-type,Overcast,2Vehicles-Side,SALINE (BOULEVARD DE LA),M,49.65502223879143,-0.652310564947067
201800027795,NonLethal,2018-06-11,17:05:00,Daylight,500,129,Yes,T-type,Normal,Other,CONQUERANT (BOULEVARD GU,M,49.64381308772193,-0.6454263414415514
201800027796,NonLethal,2018-11-07,17:30:00,TwilightOrDawn,500,416,Yes,NoIntersection,LightRain,Other,AVENUE DE COUVILLE,M,49.66022080202878,-0.6621101056290687
201800027797,NonLethal,2018-11-08,13:15:00,Daylight,500,129,Yes,NoIntersection,Normal,Other,CONQUERANT (BOULEVARD GU,M,49.63683735483395,-0.6376525160542001
201800027798,NonLethal,2018-11-10,00:30:00,NightStreelightsOn,500,129,Yes,NoIntersection,LightRain,Other,LAVIEILLE (RUE FRANCOIS),M,49.6427163080628,-0.6417881234492487
201800027799,NonLethal,2018-10-11,23:25:00,NightStreelightsOn,500,129,Yes,NoIntersection,Normal,Other,CESSART (AVENUE DE),M,49.64504498819743,-0.6462439514676395
201800027800,NonLethal,2018-11-14,07:45:00,TwilightOrDawn,500,129,Yes,Roundabout,Normal,2Vehicles-Side,THIVET (AVENUE),M,49.63657270687165,-0.6349836217548112
201800027801,NonLethal,2018-11-14,09:30:00,Daylight,500,129,Yes,T-type,Normal,Other,AMIOT (BOULEVARD FELIX),M,49.64172590594663,-0.641637255595682
201800027802,NonLethal,2018-11-17,16:45:00,Daylight,500,129,Yes,NoIntersection,Normal,Other,LECLERC (RUE DU MARECHAL,M,49.63625995204527,-0.6349956187363095
201800027803,NonLethal,2018-11-17,17:50:00,NightStreelightsOn,500,129,Yes,Roundabout,Normal,Other,THEMIS (ROND POINT DE),M,49.63438497777217,-0.6332280230007419
201800027804,NonLethal,2018-11-17,22:20:00,NightStreelightsOn,500,129,Yes,NoIntersection,Normal,Other,CONQUERANT (BOULEVARD GU,M,49.63738107108696,-0.6385778185547983
201800027806,NonLethal,2018-11-19,10:25:00,Daylight,500,173,Yes,NoIntersection,StrongWindOrStorm,2Vehicles-Side,MER (Bld de la ),M,49.66086329847595,-0.6609682654587533
201800027807,NonLethal,2018-11-21,07:30:00,NightStreelightsOn,500,129,Yes,X-type,Normal,2Vehicles-Side,POLLE (RUE DE LA),M,49.64211175040218,-0.6399688465701183
201800027809,NonLethal,2018-11-22,16:40:00,Daylight,500,129,Yes,NoIntersection,Normal,2Vehicles-BehindVehicles-Frontal,VOSGES (RUE DES),M,49.62996782232385,-0.6284473378368972
201800027810,NonLethal,2018-11-24,02:10:00,NightStreelightsOn,500,129,Yes,NoIntersection,LightRain,Other,AVENUE DE CESSART,M,49.64535290715542,-0.6442722586427897
201800027811,NonLethal,2018-11-25,01:45:00,NightStreelightsOn,500,129,Yes,NoIntersection,Normal,Other,CALIGNY (QUAI DE),M,49.64120560139565,-0.6420794925785005
201800027813,NonLethal,2018-11-29,13:30:00,Daylight,500,129,Yes,NoIntersection,Normal,NoCollision,MENUT (ALLEE DU PRESIDEN,M,49.64563347870547,-0.645710949480783
201800027814,NonLethal,2018-11-29,12:40:00,Daylight,500,173,Yes,X-type,LightRain,2Vehicles-Side,SEMBAT (RUE MARCEL),M,49.65606806549445,-0.6573438537381372
201800027815,NonLethal,2018-11-30,17:00:00,Daylight,500,602,Yes,NoIntersection,Normal,2Vehicles-Behind,BOUIN (RUE JEAN),M,49.63274598789347,-0.6322209756544966
201800027816,NonLethal,2018-11-30,17:00:00,Daylight,500,129,Yes,NoIntersection,Normal,2Vehicles-Side,LEMONNIER (AVENUE AMIRAL,M,49.633113805195855,-0.6348257287182368
201800027817,NonLethal,2018-11-30,18:00:00,NightStreelightsOn,500,203,Yes,NoIntersection,Normal,3+Vehicles-Chain,ROUGES TERRES (LES),M,49.6179283344618,-0.6192335483452996
201800027818,NonLethal,2018-01-12,17:25:00,TwilightOrDawn,500,129,Yes,Roundabout,LightRain,NoCollision,AMIOT (BOULEVARD FELIX),M,49.64390873998911,-0.6421421242747953
201800027819,NonLethal,2018-12-05,15:45:00,Daylight,500,203,Yes,Roundabout,HeavyRain,2Vehicles-Behind,RD PT ANDRE MALRAUX,M,49.59859536903565,-0.5984063059191793
201800027820,NonLethal,2018-09-12,10:00:00,Daylight,500,602,Yes,Roundabout,StrongWindOrStorm,Other,FLAMANDS (ROND POINT),M,49.65144562759597,-0.653888576302533
201800027825,NonLethal,2018-12-12,11:20:00,Daylight,500,129,Yes,NoIntersection,Normal,3+Vehicles-Chain,MENDES FRANCE (BOULEVARD,M,49.63552472997039,-0.6323798541818917
201800027826,NonLethal,2018-12-14,06:15:00,NightNoStreetLight,500,203,No,NoIntersection,Normal,Other,hameau La Roquette,M,49.61338368789147,-0.612307025658249
201800027827,NonLethal,2018-12-14,08:00:00,TwilightOrDawn,500,129,Yes,X-type,Normal,Other,VAL DE SAIRE (RUE DU),M,49.63942795797136,-0.6387869068829735
201800027828,NonLethal,2018-12-16,19:35:00,NightStreelightsOn,500,129,Yes,T-type,LightRain,2Vehicles-Side,PONT FRANCOIS 1ER,M,49.62918502416953,-0.6280519393382478
201800027829,NonLethal,2018-12-19,16:00:00,Daylight,500,129,Yes,NoIntersection,Normal,2Vehicles-Side,COUBERTIN (RUE PIERRE DE,M,49.642611949048906,-0.6415028846542001
201800027830,NonLethal,2018-12-21,11:15:00,Daylight,500,129,Yes,X-type,Normal,2Vehicles-Side,PLACE NAPOLEON,M,49.6455969453552,-0.6425219398754305
201800027831,NonLethal,2018-12-21,18:20:00,NightStreelightsOn,500,129,Yes,Y-type,Normal,Other,NORMANDIE (AVENUE),M,49.62601084265493,-0.6270219923186787
201800027832,NonLethal,2018-12-28,17:50:00,NightStreelightsOn,500,129,Yes,T-type,Overcast,Other,FRANCOIS lER (PONT),M,49.62691057936446,-0.6281126349457722
201800027833,NonLethal,2018-12-24,11:45:00,Daylight,500,416,No,NoIntersection,Overcast,NoCollision,CD 901,M,49.65607960849847,-0.6546098292076179
201800027834,NonLethal,2018-12-30,18:00:00,NightStreelightsOn,500,602,Yes,T-type,LightRain,NoCollision,PRAIRIES (AVENUE DES),M,49.64216200152696,-0.6398322319616017
201800027836,NonLethal,2018-08-04,07:30:00,NightNoStreetLight,500,147,No,NoIntersection,FogOrSmoke,Other,LA MARE,M,49.066563088970256,-0.0660343664424519
201800027837,NonLethal,2018-06-27,16:20:00,Daylight,500,147,Yes,NoIntersection,Normal,2Vehicles-Behind,DIVISION LECLERC,M,49.06380009661664,-0.0613186318654448
201800027838,NonLethal,2018-08-17,17:30:00,Daylight,500,147,No,NoIntersection,Normal,2Vehicles-Side,ROCADE NORD,M,49.06655548017844,-0.0673243317682643
201800027839,NonLethal,2018-10-25,17:45:00,Daylight,500,147,Yes,NoIntersection,Normal,NoCollision,RUE DES CARRIERES ST MIC,M,49.0328921511275,-0.0325831091875264
201800027840,NonLethal,2018-05-11,07:50:00,TwilightOrDawn,500,147,Yes,Other,Normal,2Vehicles-Side,VERDUN (AVENUE DE),M,49.04033765425834,-0.0418634589452925
201800027841,NonLethal,2018-12-20,08:35:00,Daylight,500,147,Yes,Roundabout,Normal,2Vehicles-Side,DE LA CROUTE,M,49.048245532550126,-0.0450297392894983
201800027842,NonLethal,2018-12-21,18:45:00,NightStreelightsOff,500,147,Yes,X-type,LightRain,Other,VERJUSIERE (RUE DE LA),M,49.050742185742585,-0.051177394824058
201800027843,NonLethal,2018-01-04,20:15:00,NightNoStreetLight,500,218,No,NoIntersection,LightRain,Other,VOIE DE LIASON OUEST -,M,48.824718415537525,-0.8246254695254495
201800027844,NonLethal,2018-09-01,15:15:00,Daylight,500,218,No,NoIntersection,Normal,NoCollision,VOIE DE LIASON OUEST (D9,M,48.83129663565677,1.8334883662070367
201800027845,NonLethal,2018-01-17,09:20:00,Daylight,500,165,Yes,T-type,LightRain,2Vehicles-Side,"90, COUTANCES (ROUTE DE)",M,48.84790660996223,-0.8461193659615827
201800027846,NonLethal,2018-01-17,18:50:00,NightStreelightsOn,500,218,Yes,NoIntersection,LightRain,Other,"1287, MATIGNON (AV DES)",M,48.83860183037153,-0.8388728088352546
201800027847,NonLethal,2018-01-23,22:40:00,NightStreelightsOn,500,218,Yes,NoIntersection,Normal,Other,"25, MARECHAL LECLERC (AV",M,48.84180059049715,-0.8424270640283876
201800027849,NonLethal,2018-01-29,19:10:00,NightStreelightsOn,500,218,Yes,NoIntersection,Overcast,2Vehicles-Behind,"30, MARECHAL LECLERC (AV",M,48.8384261468974,-0.838964437680083
201800027850,NonLethal,2018-02-22,21:10:00,NightStreelightsOn,500,647,Yes,NoIntersection,Normal,Other,"0, NORMANDIE (RUE DE)",M,48.85092904399077,-0.8492179175855235
201800027851,NonLethal,2018-10-03,01:10:00,NightNoStreetLight,500,218,No,NoIntersection,Normal,NoCollision,VOIE DE LIASON OUEST (D9,M,48.82794520517138,-0.8276079771247447
201800027852,NonLethal,2018-04-11,23:30:00,NightNoStreetLight,500,647,No,NoIntersection,Normal,Other,VOIE DE LIASON OUEST,M,48.84905902036868,-0.8479987271124277
201800027854,Lethal,2018-05-10,11:45:00,Daylight,500,647,Yes,NoIntersection,Normal,Other,ROUTE DE VILLEDIEU,M,48.83766486357193,-0.8387134119168366
201800027855,NonLethal,2018-10-05,19:22:00,Daylight,500,165,Yes,NoIntersection,Normal,NoCollision,COUTANCES (ROUTE DE),M,48.84954784972837,-0.8492556267117272
201800027856,NonLethal,2018-12-05,11:25:00,Daylight,500,218,Yes,NoIntersection,Normal,Other,AVENUE GARE,M,48.840722532680815,-0.8412136689838701
201800027857,NonLethal,2018-05-23,16:35:00,Daylight,500,218,Yes,NoIntersection,Normal,Other,VAUFLEURY (BD),M,48.834799579981336,-0.8344590548170021
201800027858,NonLethal,2018-06-22,17:00:00,Daylight,500,532,No,NoIntersection,Normal,2Vehicles-BehindVehicles-Frontal,CHESNAY (ROUTE DU),M,48.7838925767196,-0.7839357301183948
201800027862,NonLethal,2018-10-27,13:55:00,Daylight,500,165,Yes,X-type,LightRain,2Vehicles-Side,SOUVENIR (RUE DU),M,48.85128859168382,-0.8490393296497678
201800027863,NonLethal,2018-11-23,17:34:00,NightStreelightsOn,500,218,Yes,NoIntersection,HeavyRain,NoCollision,VIEUX MOULIN (RUE DU),M,48.84125298236,-0.8414091551807801
201800027864,NonLethal,2018-11-28,18:00:00,NightStreelightsOn,500,218,Yes,NoIntersection,Normal,Other,ARISTIDE BRIAND (AVENUE),M,48.83672028509351,-0.8395647222562443
201800027867,NonLethal,2018-10-12,16:10:00,Daylight,500,218,Yes,Roundabout,Normal,Other,PORT (RUE DU),M,48.83581736399344,-0.8371968632257083