AccidentId,Gravity,Date,Hour,Light,Department,Commune,InAgglomeration,IntersectionType,Weather,CollisionType,PostalAddress,GPSCode,Latitude,Longitude
201800027868,NonLethal,2018-12-18,17:58:00,NightStreelightsOn,500,218,Yes,NoIntersection,LightRain,Other,AV MARECHAL LECLERC,M,48.83688887563388,-0.8382699464455119
201800027869,NonLethal,2018-01-03,20:45:00,NightStreelightsOn,500,502,Yes,Roundabout,HeavyRain,2Vehicles-Behind,D 972,M,49.10535220711268,-0.1091882397375866
201800027870,NonLethal,2018-01-10,09:45:00,Daylight,500,502,Yes,NoIntersection,Normal,Other,"39, ALSACE LORRAINE",M,49.11730861878203,-0.1169188682987295
201800027871,Lethal,2018-01-19,21:20:00,NightStreelightsOn,500,502,Yes,Roundabout,Overcast,NoCollision,01 RUE DE CARENTAN,M,49.11649435285377,-0.1166202471050416
201800027872,NonLethal,2018-01-23,13:40:00,Daylight,500,502,Yes,NoIntersection,Normal,Other,EXODE,M,48.107483787301696,-0.1073944797809435
201800027874,NonLethal,2018-12-02,12:35:00,Daylight,500,502,Yes,T-type,Normal,2Vehicles-Side,HETRES,M,49.11200396766336,-0.11218242917334
201800027875,NonLethal,2018-03-15,15:45:00,Daylight,500,2,Yes,NoIntersection,Normal,Other,"60, COUTANCES (route de)",M,49.11717611675363,1.1178200829132734
201800027876,NonLethal,2018-03-23,12:15:00,Daylight,500,502,Yes,T-type,Normal,2Vehicles-Side,"64, NEUFBOURG",M,49.11886749502386,-0.1147999151610326
201800027878,NonLethal,2018-05-24,12:35:00,Daylight,500,502,No,Roundabout,Normal,2Vehicles-Side,RD POINT DE BAUDRE,M,49.09723648442803,-0.0986018897460701
201800027879,NonLethal,2018-06-08,08:20:00,Daylight,500,502,Yes,X-type,Normal,2Vehicles-Side,80EME ET 136EME TERRITOR,M,49.63944731077208,1.6399964291317195
201800027880,NonLethal,2018-06-11,15:30:00,Daylight,500,502,Yes,NoIntersection,HeavyRain,Other,18 pl CHAMPS DE MARS,M,49.11625184529965,-0.1174059988452123
201800027883,NonLethal,2018-11-25,12:00:00,Daylight,500,502,Yes,Roundabout,Normal,2Vehicles-Side,RUE HAVIN,M,49.11713572715544,-0.1151513208222946
201800027884,NonLethal,2018-11-30,13:15:00,Daylight,500,502,Yes,NoIntersection,Normal,2Vehicles-Side,LATTRE DE TASSIGNY (rue,M,49.1105988339451,-0.1109215948447935
201800027885,NonLethal,2018-01-18,18:19:00,TwilightOrDawn,510,242,Yes,NoIntersection,LightRain,Other,ROUTE D'EPERNAY,M,48.95821641037988,4.958870506647779
201800027886,NonLethal,2018-02-02,19:35:00,NightStreelightsOn,510,108,Yes,NoIntersection,LightRain,3+Vehicles-Multiple,AVENUE DES ALLIES,M,48.93572380069367,4.9394252290074885
201800027887,NonLethal,2018-12-02,20:10:00,NightStreelightsOn,510,108,Yes,T-type,Normal,2Vehicles-Side,AVENUE GENERAL SARRAIL,M,48.96549101559024,4.964316510000505
201800027889,NonLethal,2018-03-16,13:10:00,Daylight,510,108,Yes,Roundabout,Normal,Other,RUE ANNE DE MERICOURT,M,48.97881603959079,4.978120945439983
201800027890,NonLethal,2018-04-21,20:50:00,Daylight,510,108,Yes,Square,Normal,2Vehicles-Side,PLACE SAINT JEAN,M,48.95579513141276,4.957219297621205
201800027891,NonLethal,2018-05-06,00:15:00,NightStreelightsOn,510,108,Yes,X-type,Normal,NoCollision,PLACE DE VERDUN,M,48.96054026780328,4.964687618708778
201800027892,Lethal,2018-05-14,14:20:00,Daylight,510,160,No,NoIntersection,Overcast,3+Vehicles-Multiple,D977,M,48.9251449792872,4.923333390563484
201800027893,NonLethal,2018-05-26,18:30:00,Daylight,510,108,Yes,NoIntersection,Normal,3+Vehicles-Multiple,RUE LOUIS GRIGNON,M,48.95414821105361,4.955428330684781
201800027894,NonLethal,2018-06-16,15:30:00,Daylight,510,506,Yes,Other,Normal,2Vehicles-Side,RUE EUGENE FREYSSINET,M,48.94429959853139,4.943033156523351
201800027895,NonLethal,2018-07-24,17:48:00,Daylight,510,168,No,NoIntersection,Normal,NoCollision,ROUTE DE BLACY,M,48.91801412554192,4.919639684778802
201800027896,NonLethal,2018-07-29,21:40:00,Daylight,510,108,Yes,NoIntersection,Normal,Other,ROUTE D'EPERNAY,M,48.95510990511739,4.955667317294699
201800027897,NonLethal,2018-08-09,20:41:00,Daylight,510,108,Yes,X-type,Normal,2Vehicles-Side,RUE D'ALSACE,M,48.94706757941319,4.9460683172554
201800027898,NonLethal,2018-05-09,13:20:00,Daylight,510,108,Yes,NoIntersection,Normal,Other,RUE SAINT ELOI,M,48.953058601819976,4.952937171063656
201800027899,NonLethal,2018-09-20,11:10:00,Daylight,510,108,Yes,Roundabout,Normal,2Vehicles-BehindVehicles-Frontal,RUE DE LA MALTERIE,M,48.95478868803467,4.955465540101785
201800027900,NonLethal,2018-10-08,15:55:00,Daylight,510,108,Yes,NoIntersection,Normal,Other,RUE MAURICE COLIN,M,48.94768179807883,4.948784419503732
201800027903,NonLethal,2018-11-26,18:50:00,NightStreelightsOn,510,108,Yes,NoIntersection,Normal,Other,AVENUE WINSTON CHURCHILL,M,48.93805427922949,4.939748713080305
201800027904,NonLethal,2018-11-29,03:45:00,NightStreelightsOn,510,504,Yes,NoIntersection,Normal,Other,RUE DE L'ILET,M,48.97701392883484,4.978007474010985
201800027905,NonLethal,2018-11-29,11:28:00,Daylight,510,108,Yes,NoIntersection,Other,2Vehicles-Side,AVENUE ROOSEVELT,M,48.944207353948535,4.944522232707032
201800027906,NonLethal,2018-12-08,10:19:00,Daylight,510,108,Yes,NoIntersection,Normal,Other,AV PRESIDENT ROOSEVELT,M,48.942707233529184,4.942963894329905
201800027907,NonLethal,2018-04-01,17:45:00,NightStreelightsOn,510,230,Yes,Roundabout,Normal,NoCollision,1 RUE GALLICE,M,49.04063753265438,3.041037178321968
201800027908,NonLethal,2018-01-24,07:50:00,NightStreelightsOn,510,230,Yes,NoIntersection,LightRain,Other,AVENUE MARECHAL FOCH,M,49.0329882951686,3.0328364543145785
201800027909,NonLethal,2018-01-27,15:20:00,Daylight,510,230,Yes,NoIntersection,Normal,Other,4 REMPART PERRIER,M,49.04595890679512,3.0456807399608663
201800027910,NonLethal,2018-11-02,14:15:00,Daylight,510,230,Yes,NoIntersection,Normal,Other,ALLEE DE LA FORET,M,49.03052116451306,3.02838659504074
201800027911,NonLethal,2018-02-19,17:31:00,Daylight,510,230,Yes,NoIntersection,Normal,Other,AVENUE DU MARECHAL FOCH,M,49.0383714408573,3.0361188272923414
201800027913,NonLethal,2018-05-03,08:25:00,Daylight,510,230,Yes,NoIntersection,Normal,2Vehicles-Behind,RUE DE L'HOPITAL AUBAN,M,49.03587641141007,3.03437686085007
201800027914,NonLethal,2018-04-06,22:55:00,NightStreelightsOn,510,230,Yes,X-type,Normal,2Vehicles-Side,AVENUE MARECHAL FOCH,M,49.0392780945686,3.0403405676191904
201800027915,NonLethal,2018-04-13,14:15:00,Daylight,510,230,Yes,NoIntersection,Normal,Other,AVENUE DE CHAMPAGNE,M,49.04105714188018,3.043631677372512
201800027916,NonLethal,2018-05-05,16:07:00,Daylight,510,230,Yes,NoIntersection,Normal,Other,RUE DES TANNEURS,M,49.046354548851134,3.0450474416799493
201800027917,NonLethal,2018-05-16,16:15:00,Daylight,510,230,Yes,X-type,Normal,Other,RUE DE VERDUN,M,49.0460653259459,3.0447381419343587
201800027918,NonLethal,2018-05-11,13:40:00,Daylight,510,230,Yes,Roundabout,Normal,Other,RUE GALLICE,M,49.04076879499152,3.041428921695273
201800027919,NonLethal,2018-08-23,17:15:00,Daylight,510,230,Yes,NoIntersection,Normal,2Vehicles-Side,RUE EDOUARD VAILLANT,M,49.04797858360663,3.0472308196893856
201800027920,NonLethal,2018-08-09,20:55:00,NightStreelightsOn,510,230,Yes,T-type,Normal,2Vehicles-BehindVehicles-Frontal,RUE HENRY DUNANT,M,49.046454425328506,3.0474730872108484
201800027921,NonLethal,2018-10-13,12:20:00,Daylight,510,230,Yes,T-type,Normal,2Vehicles-Side,RUE LOUISE AUBAN MOET,M,49.03030534189684,3.031200054409992
201800027922,NonLethal,2018-10-27,10:45:00,Daylight,510,230,Yes,NoIntersection,Normal,Other,AVENUE DE MARDEUIL,M,49.05352652250876,3.05255584487515
201800027923,NonLethal,2018-11-09,14:27:00,Daylight,510,230,Yes,NoIntersection,Normal,2Vehicles-Behind,RUE EDOUARD FLEURICOURT,M,49.04380520225505,3.042703264494532
201800027924,NonLethal,2018-11-25,00:01:00,NightStreelightsOn,510,230,Yes,NoIntersection,LightRain,Other,RUE DE VERDUN,M,49.04181855598195,3.042630606224113
201800027925,NonLethal,2018-01-01,17:50:00,NightStreelightsOn,510,454,Yes,T-type,HeavyRain,2Vehicles-Side,RUE DU GENERAL KOENIG,M,49.22548429647824,4.226575994008372
201800027926,NonLethal,2018-03-01,17:40:00,NightStreelightsOn,510,172,Yes,X-type,Normal,Other,RUE CHANZY,M,49.22298424570289,4.223821844453651
201800027927,NonLethal,2018-01-08,15:30:00,Daylight,510,55,Yes,NoIntersection,Normal,2Vehicles-Behind,55 ROUTE DE BETHENY,M,49.27156693397635,4.273246077630049
201800027928,NonLethal,2018-01-08,17:30:00,TwilightOrDawn,510,454,Yes,T-type,Normal,2Vehicles-Side,BOULEVARD HENRI HENROT,M,49.24494298943578,4.244455331726573
201800027929,NonLethal,2018-01-09,07:50:00,TwilightOrDawn,510,573,Yes,NoIntersection,Normal,3+Vehicles-Chain,AVENUE PAUL VAILLANT,M,49.24854495589999,4.247400862748038
201800027930,NonLethal,2018-10-01,13:00:00,Daylight,510,454,Yes,NoIntersection,LightRain,Other,AVENUE BONAPARTE,M,49.228685954554045,4.23054019757331
201800027931,NonLethal,2018-01-11,17:45:00,NightStreelightsOn,510,454,Yes,Other,Overcast,Other,4 RUE GERBERT,M,49.25120867180154,4.25119867588452
201800027932,NonLethal,2018-01-13,15:30:00,Daylight,510,454,Yes,NoIntersection,Normal,2Vehicles-Behind,AVENUE NATIONALE,M,49.28447272473166,4.285708939739613
201800027933,NonLethal,2018-01-16,18:10:00,NightStreelightsOn,510,454,Yes,NoIntersection,Overcast,2Vehicles-Behind,RUE CLOVIS CHEZEL,M,49.24083640083283,4.240524325746634
201800027935,NonLethal,2018-01-19,17:30:00,Daylight,510,454,Yes,X-type,Normal,Other,BOULEVARD WILSON,M,49.2415078541036,4.241195551222428
201800027936,NonLethal,2018-01-20,19:50:00,NightStreelightsOn,510,474,Yes,T-type,LightRain,2Vehicles-BehindVehicles-Frontal,RUE DE LA NEUVILLETTE,M,49.264509784723856,3.267049823732718
201800027937,NonLethal,2018-01-23,13:30:00,Daylight,510,454,Yes,T-type,Normal,2Vehicles-Side,ROUTE DE WITRY,M,49.26726174534813,4.267925938507
201800027938,NonLethal,2018-01-25,06:40:00,NightStreelightsOn,510,454,Yes,Y-type,LightRain,2Vehicles-Behind,VOIE JEAN TAITTINGER,M,49.24512206255154,4.246568571663351
201800027939,NonLethal,2018-01-25,12:15:00,Daylight,510,454,Yes,X-type,LightRain,Other,AVENUE JEAN JAURES,M,49.26120052356477,4.258706842807144
201800027941,NonLethal,2018-01-30,08:00:00,TwilightOrDawn,510,454,Yes,T-type,Normal,3+Vehicles-Multiple,RUE VAILLANT COUTURIER,M,49.27341564199303,4.273331990746465
201800027942,NonLethal,2018-01-30,13:25:00,Daylight,510,454,Yes,NoIntersection,Normal,2Vehicles-Behind,BOULEVARD WILSON,M,49.23896027110382,4.238797021112793
201800027943,NonLethal,2018-01-30,23:45:00,NightStreelightsOn,510,454,Yes,NoIntersection,LightRain,Other,25 AVENUE D'EPERNAY,M,49.2368686874115,4.237699006298418
201800027944,NonLethal,2018-02-02,13:30:00,Daylight,510,454,Yes,Y-type,Overcast,3+Vehicles-Chain,AVENUE DE CHAMPAGNE,M,49.23514035444155,4.235078304953919
201800027945,NonLethal,2018-02-02,19:40:00,NightStreelightsOn,510,454,Yes,X-type,Normal,Other,RUE D'ESTIENNE D'ORVES,M,49.23441658234143,4.23453907406656
201800027946,NonLethal,2018-05-02,10:15:00,Daylight,510,454,Yes,NoIntersection,SnowOrHail,2Vehicles-Behind,RUE LANSON,M,49.24583700972476,4.246515449511799
201800027947,NonLethal,2018-07-02,20:00:00,NightStreelightsOn,510,454,Yes,NoIntersection,Other,NoCollision,AVENUE D'EPERNAY,M,49.24059886582548,4.237609499084485
201800027948,NonLethal,2018-10-02,14:20:00,Daylight,510,454,Yes,Square,SnowOrHail,2Vehicles-Behind,4 PLACE DES ARGONAUTES,M,49.22702829312335,4.227203272865932
201800027949,NonLethal,2018-12-02,10:30:00,Daylight,510,454,Yes,NoIntersection,Normal,Other,13 PLACE DU FORUM,M,49.257680316787976,4.255085418126562
201800027950,NonLethal,2018-02-12,19:20:00,NightStreelightsOn,510,454,Yes,NoIntersection,Normal,2Vehicles-Behind,RUE DU CARDINAL LORRAINE,M,49.2538050197473,4.253700714951548
201800027951,Lethal,2018-02-13,08:40:00,Daylight,510,474,Yes,NoIntersection,Normal,NoCollision,RUE SCHWEITZER,M,49.28278344045601,4.280933539457469
201800027952,NonLethal,2018-02-13,11:35:00,Daylight,510,454,Yes,NoIntersection,VeryGood,Other,80 BOULEVARD LUNDY,M,49.26205259660169,4.26170066245671
201800027953,NonLethal,2018-02-16,12:20:00,Daylight,510,454,Yes,NoIntersection,Normal,Other,RUE VAILLANT COUTURIER,M,49.27784090915952,4.274977041863321
201800027956,NonLethal,2018-02-23,23:30:00,NightStreelightsOn,510,454,Yes,NoIntersection,Normal,Other,RUE FRANCIS GARNIER,M,49.28752782439128,4.286462510802575
201800027957,NonLethal,2018-03-07,12:20:00,Daylight,510,454,Yes,X-type,LightRain,2Vehicles-BehindVehicles-Frontal,BOULEVARD POMMERY,M,49.257288208974266,4.2592107683097895
201800027958,NonLethal,2018-03-09,11:45:00,Daylight,510,454,Yes,NoIntersection,LightRain,2Vehicles-Behind,39 BOULEVARD DE LA PAIX,M,49.25297067152721,4.25215182615946
201800027960,NonLethal,2018-03-10,09:55:00,Daylight,510,454,Yes,T-type,LightRain,Other,19 RUE LESAGE,M,49.26301421588947,4.264699585885679
201800027961,NonLethal,2018-03-12,19:30:00,NightStreelightsOn,510,454,Yes,X-type,LightRain,2Vehicles-Side,ALLEE DU VIGNOBLE,M,49.22288270945473,4.222416025291865
201800027962,NonLethal,2018-03-14,14:40:00,Daylight,510,454,Yes,X-type,Normal,2Vehicles-Side,110 RUE DE NEUFCHATEL,M,49.27926212547574,4.278537464472087
201800027963,NonLethal,2018-03-14,17:45:00,Daylight,510,454,Yes,T-type,Normal,Other,RUE JANKEL SEGAL,M,49.243041086716175,4.242502861492955
201800027964,NonLethal,2018-03-15,20:50:00,NightStreelightsOn,510,454,Yes,T-type,Overcast,2Vehicles-Side,VOIE JEAN TAITTINGER,M,49.23369165044049,4.23418722977592
201800027966,NonLethal,2018-03-17,18:40:00,NightStreelightsOn,510,454,Yes,NoIntersection,LightRain,2Vehicles-Side,4 RUE ANDRE PINGAT,M,49.2585704990641,4.258394058886081
201800027967,NonLethal,2018-03-19,09:20:00,Daylight,510,454,Yes,NoIntersection,SnowOrHail,2Vehicles-Behind,AVENUE JEAN JAURES,M,49.261945353537264,4.26104902808169
201800027968,NonLethal,2018-03-19,18:00:00,Daylight,510,454,Yes,NoIntersection,Normal,2Vehicles-Side,CHEMIN DE VRILLY,M,49.23049621913143,4.229233190384483
201800027969,NonLethal,2018-03-19,19:45:00,NightStreelightsOn,510,454,Yes,X-type,Normal,2Vehicles-Side,RUE RAYMOND POINCARE,M,49.28049471349874,4.281130085063015
201800027970,NonLethal,2018-03-21,17:50:00,Daylight,510,454,Yes,NoIntersection,Normal,Other,RUE MODESTE GOULET,M,49.273172541830775,4.2726842081785
201800027971,NonLethal,2018-03-22,20:42:00,NightStreelightsOn,510,474,Yes,NoIntersection,LightRain,Other,RUE PASTEUR,M,49.25623680165007,3.255560148170186
201800027972,NonLethal,2018-03-24,23:15:00,NightStreelightsOn,510,454,Yes,NoIntersection,Normal,2Vehicles-Side,BOULEVARD LECLERC,M,49.25416737014027,4.255426801820101
201800027973,NonLethal,2018-03-21,11:20:00,Daylight,510,454,Yes,X-type,Normal,Other,RUE ERNEST LEFEVRE,M,49.2665676576901,4.265653230368744
201800027974,NonLethal,2018-03-25,11:02:00,Daylight,510,454,Yes,Roundabout,Normal,NoCollision,AVENUE NATIONALE,M,49.296219706552,3.2952129767437954
201800027975,NonLethal,2018-03-27,11:30:00,Daylight,510,454,Yes,X-type,HeavyRain,Other,RUE OLIVIER METRA,M,49.26255097612099,4.261594060728079
201800027978,NonLethal,2018-03-28,22:35:00,NightStreelightsOn,510,454,Yes,T-type,Normal,2Vehicles-Side,RUE DU COLONNEL FABIEN,M,49.24987078335799,4.247807582052079
201800027979,NonLethal,2018-03-29,07:45:00,Daylight,510,454,Yes,Square,Normal,2Vehicles-Behind,PLACE JEAN DONATINI,M,49.226842465633126,4.2271156118384985
201800027980,NonLethal,2018-03-04,08:20:00,Daylight,510,454,Yes,NoIntersection,Normal,3+Vehicles-Chain,AVENUE DE CHAMPAGNE,M,49.24067985317284,4.240504451087689
201800027982,NonLethal,2018-04-04,17:45:00,Daylight,510,454,Yes,T-type,Overcast,2Vehicles-Side,BD DE LATTRE DE TASSIGNY,M,49.25743091158114,4.258125818995694
201800027983,NonLethal,2018-04-06,16:30:00,Daylight,510,454,Yes,X-type,Normal,Other,RUE VERRIER,M,49.25221884758822,4.252533139828119
201800027984,NonLethal,2018-07-04,12:10:00,Daylight,510,454,Yes,NoIntersection,Normal,Other,BOULEVARD DU GEN LECLERC,M,49.25548441324717,4.255382108988337
201800027987,NonLethal,2018-04-17,10:20:00,Daylight,510,454,Yes,NoIntersection,Normal,3+Vehicles-Chain,BOULEVARD POMMERY,M,49.25173237063077,4.2510844123002425
201800027988,NonLethal,2018-04-18,07:45:00,Daylight,510,454,Yes,T-type,Normal,Other,RUE DE SACY,M,49.23915003796617,4.239133704460519
201800027989,NonLethal,2018-04-18,13:00:00,Daylight,510,454,Yes,NoIntersection,Normal,Other,RUE JULES STAAT,M,49.26619673638213,4.26680897132512
201800027991,NonLethal,2018-04-20,08:00:00,Daylight,510,454,Yes,X-type,Normal,2Vehicles-Side,RUE DE MAGNEUX,M,49.26287945160389,4.261602743555473
201800027993,NonLethal,2018-04-20,22:00:00,NightStreelightsOn,510,454,Yes,Other,Normal,Other,RUE EMILE DRUART,M,49.270259598871526,4.27062193450959
201800027994,NonLethal,2018-04-23,17:10:00,Daylight,510,454,Yes,NoIntersection,Normal,2Vehicles-Side,RUE DU CHAMP DE MARS,M,49.26256087587498,4.265208282744022
201800027995,NonLethal,2018-04-24,13:25:00,Daylight,510,454,Yes,X-type,Normal,2Vehicles-Side,RUE JULES STAAT,M,49.266486776606655,4.265477989349745
201800027996,NonLethal,2018-04-24,19:15:00,Daylight,510,454,Yes,NoIntersection,Normal,2Vehicles-Behind,BOULEVARD DAUPHINOT,M,49.25721366625479,4.257493534289688
201800027997,NonLethal,2018-04-26,17:15:00,Daylight,510,454,Yes,Roundabout,VeryGood,2Vehicles-Side,CHAUSSEE BOCQUAINE,M,49.24463022331185,4.245630297628014
201800027998,NonLethal,2018-04-27,22:54:00,NightStreelightsOn,510,454,Yes,NoIntersection,Normal,Other,RUE CLOVIS CHEZEL,M,49.239500600430375,4.238707007138882
201800028001,NonLethal,2018-04-30,11:40:00,Daylight,510,454,Yes,Y-type,Normal,2Vehicles-BehindVehicles-Frontal,RUE DU COLONEL FABIEN,M,49.24828072595332,4.249120158284368
201800028002,NonLethal,2018-06-05,01:10:00,NightStreelightsOn,510,454,Yes,X-type,Normal,2Vehicles-Side,RUE DE LA MAGDELEINE,M,49.25239910618431,4.251703795244539
201800028003,NonLethal,2018-05-09,20:40:00,Daylight,510,454,Yes,NoIntersection,Normal,2Vehicles-Behind,RUE EMILE ZOLA,M,49.26381521423577,4.266087415303139
201800028004,NonLethal,2018-05-11,09:15:00,Daylight,510,454,Yes,T-type,Normal,Other,BOULEVARD DAUPHINOT,M,49.26416474019498,4.263261982357843
201800028005,NonLethal,2018-11-05,20:35:00,Daylight,510,454,Yes,NoIntersection,Normal,2Vehicles-BehindVehicles-Frontal,RUE GUTENBERG,M,49.27416619856872,4.276910128281538
201800028006,NonLethal,2018-05-14,09:09:00,Daylight,510,454,Yes,X-type,HeavyRain,Other,AVENUE CLEMENCEAU,M,49.250919625731335,4.252551285274304
201800028007,NonLethal,2018-05-14,09:20:00,Daylight,510,172,Yes,Roundabout,HeavyRain,Other,ROUTE DE LOUVOIS,M,49.21345154656998,4.2123665530223535
201800028008,NonLethal,2018-05-16,12:50:00,Daylight,510,454,Yes,X-type,Normal,2Vehicles-BehindVehicles-Frontal,BOULEVARD DU GEN LECLERC,M,49.25858346085968,4.257415923790346
201800028009,NonLethal,2018-05-17,13:30:00,Daylight,510,454,Yes,NoIntersection,Normal,2Vehicles-Behind,BOULEVARD LOUIS ROEDERER,M,49.255626922056,4.25693611967032
201800028010,NonLethal,2018-05-18,17:30:00,Daylight,510,454,Yes,X-type,Normal,2Vehicles-Side,RUE DE NEUFCHATEL,M,49.28429266448042,4.285813041120847
201800028011,NonLethal,2018-05-18,19:35:00,Daylight,510,454,Yes,NoIntersection,Normal,Other,RUE LABORI,M,49.25366678272345,4.254340235897181
201800028012,NonLethal,2018-05-19,10:48:00,Daylight,510,454,Yes,NoIntersection,Normal,Other,RUE PERIN,M,49.26567690204719,4.264291310474559
201800028014,NonLethal,2018-05-25,12:50:00,Daylight,510,454,Yes,NoIntersection,Normal,3+Vehicles-Multiple,RUE LANSON,M,49.245021362109576,4.243834325445982
201800028015,NonLethal,2018-05-25,17:10:00,Daylight,510,454,Yes,NoIntersection,Normal,3+Vehicles-Chain,AVENUE NATIONALE,M,49.28583997350413,4.284137479153228
201800028016,NonLethal,2018-05-25,19:00:00,Daylight,510,454,Yes,X-type,Normal,2Vehicles-BehindVehicles-Frontal,ALLEE DU VIGNOBLE,M,49.22172147784212,4.222606707835023
201800028017,NonLethal,2018-05-26,14:05:00,Daylight,510,474,Yes,Roundabout,Normal,2Vehicles-Behind,RUE DU MONT CESAR,M,49.282174683727085,4.280597286103029
201800028019,NonLethal,2018-05-28,18:30:00,Daylight,510,454,Yes,T-type,LightRain,2Vehicles-Side,RUE ROOSEVELT,M,49.26167962222171,4.261648476977103
201800028020,NonLethal,2018-05-29,07:55:00,Daylight,510,454,Yes,Roundabout,Normal,2Vehicles-BehindVehicles-Frontal,AVENUE BONAPARTE,M,49.23309323174984,4.232795725380545
201800028021,NonLethal,2018-05-30,10:30:00,Daylight,510,454,Yes,NoIntersection,Normal,Other,BOULEVARD POMMERY,M,49.25226122886095,4.250434474438505
201800028022,NonLethal,2018-05-31,09:00:00,Daylight,510,573,Yes,Roundabout,Normal,2Vehicles-Side,AVENUE BONAPARTE,M,49.24901073971284,3.248166978591177
201800028023,NonLethal,2018-05-31,11:45:00,Daylight,510,454,Yes,NoIntersection,Normal,2Vehicles-Side,PLACE MAX ROUSSEAU,M,49.26393828340587,4.265129909776648
201800028024,NonLethal,2018-05-31,15:45:00,Daylight,510,454,Yes,X-type,Normal,Other,AVENUE DE GAULLE,M,49.24760805866711,4.248096691181229
201800028025,NonLethal,2018-06-05,16:30:00,Daylight,510,454,Yes,X-type,Normal,2Vehicles-Side,AVENUE CLEMENCEAU,M,49.25117203251054,4.251869340243658
201800028026,NonLethal,2018-08-06,10:15:00,Daylight,510,454,Yes,NoIntersection,Normal,Other,RUE ANATOLE BARTHELEMY,M,49.277531304235765,4.27815351924456
201800028027,NonLethal,2018-06-09,12:15:00,Daylight,510,474,Yes,NoIntersection,Normal,2Vehicles-Behind,RUE DE BERNEX,M,49.28057713536538,4.281786486029343
201800028029,NonLethal,2018-11-06,19:20:00,Daylight,510,454,Yes,T-type,Overcast,2Vehicles-Behind,BOULEVARD DAUPHINOT,M,49.25957985712407,4.260144607936307
201800028030,NonLethal,2018-11-06,19:00:00,Daylight,510,454,Yes,T-type,LightRain,2Vehicles-Side,AVENUE JEAN JAURES,M,49.26033650694316,4.261010825332211
201800028031,NonLethal,2018-06-14,08:50:00,Daylight,510,454,Yes,T-type,Normal,Other,BOULEVARD JAMIN,M,49.26274763926124,4.264121292155779
201800028032,NonLethal,2018-06-15,18:28:00,Daylight,510,454,Yes,X-type,Normal,Other,RUE DE VESLE,M,49.254391011065366,4.252065812450048
201800028033,NonLethal,2018-06-17,13:30:00,Daylight,510,454,Yes,NoIntersection,Normal,2Vehicles-Side,BOULEVARD DU GEN LECLERC,M,49.25724219930888,4.255475997818312
201800028034,NonLethal,2018-06-17,23:40:00,NightStreelightsOff,510,454,Yes,T-type,Normal,2Vehicles-Side,RUE DES ESSILLARDS,M,49.23453428118109,4.23496139794427
201800028035,NonLethal,2018-06-18,07:30:00,Daylight,510,55,Yes,NoIntersection,Normal,2Vehicles-Side,RUE HONORE GANTEAUME,M,49.27330090705384,4.272181242283817
201800028036,NonLethal,2018-06-18,15:59:00,Daylight,510,454,Yes,Other,Normal,2Vehicles-Behind,RUE DE LOUVOIS,M,49.23380832736032,4.232332215057687
201800028037,NonLethal,2018-06-19,21:00:00,TwilightOrDawn,510,454,Yes,NoIntersection,VeryGood,Other,BOULEVARD LOUIS BARTHOU,M,49.233961804324885,4.232879804530051
201800028038,NonLethal,2018-06-20,10:40:00,Daylight,510,454,Yes,X-type,Normal,2Vehicles-Side,RUE SAINT THIERRY,M,49.27155162585963,4.272501665484798
201800028039,NonLethal,2018-06-20,18:00:00,Daylight,510,454,Yes,T-type,Normal,2Vehicles-Side,RUE DU COLONEL FABIEN,M,49.251184468787045,4.24907772288988
201800028041,NonLethal,2018-06-22,08:15:00,Daylight,510,454,Yes,Roundabout,VeryGood,2Vehicles-Side,BOULEVARD VAL DE VESLE,M,49.23109791166548,4.229273246598964
201800028042,NonLethal,2018-06-25,09:45:00,Daylight,510,454,Yes,Roundabout,Normal,2Vehicles-Side,CHRETIEN DE TROYES (RUE),M,49.2135346666176,4.212130360392803
201800028043,NonLethal,2018-06-27,17:40:00,Daylight,510,454,Yes,NoIntersection,Normal,Other,PLACE DES ARGONAUTES,M,49.22642153904224,4.225649078430208
201800028044,NonLethal,2018-06-27,16:55:00,Daylight,510,454,Yes,NoIntersection,Normal,2Vehicles-Side,AVENUE NATIONALE,M,49.28283203087397,4.280668717165499
201800028045,NonLethal,2018-06-27,17:55:00,Daylight,510,573,Yes,NoIntersection,Normal,2Vehicles-Behind,RUE KLEBER,M,49.24661351658718,3.247941133018591
201800028048,NonLethal,2018-06-29,15:30:00,Daylight,510,454,Yes,NoIntersection,Normal,Other,RUE ROUSSEAU,M,49.257795472152175,4.257689305839128
201800028050,NonLethal,2018-06-29,17:30:00,Daylight,510,454,Yes,NoIntersection,Normal,Other,AVENUE DE PARIS,M,49.25087863044319,4.249073338149064
201800028051,NonLethal,2018-07-01,14:50:00,Daylight,510,454,Yes,Square,Normal,2Vehicles-BehindVehicles-Frontal,PLACE COLIN,M,49.25084193831015,4.250561021526683
201800028052,NonLethal,2018-02-07,12:30:00,Daylight,510,454,Yes,X-type,Normal,2Vehicles-Side,BOULEVARD DE LA PAIX,M,49.25502450986267,4.254385973246415
201800028053,NonLethal,2018-07-02,17:00:00,Daylight,510,454,Yes,X-type,Normal,2Vehicles-BehindVehicles-Frontal,RUE COURMEAUX,M,49.25916518659848,4.259023500947986
201800028054,NonLethal,2018-07-04,11:20:00,Daylight,510,454,Yes,NoIntersection,Normal,Other,RUE RUISSELET,M,49.24725537422695,4.245560173578943
201800028055,NonLethal,2018-07-05,15:45:00,Daylight,510,474,No,NoIntersection,HeavyRain,3+Vehicles-Multiple,ZONE COMMERCIAL LECLERC,M,49.28347410519397,3.2832802001941244
201800028056,NonLethal,2018-05-07,17:40:00,Daylight,510,454,Yes,NoIntersection,LightRain,2Vehicles-BehindVehicles-Frontal,RUE DU GENERAL KOENIG,M,49.22839394389353,4.227386305543146
201800028057,NonLethal,2018-05-07,18:30:00,Daylight,510,172,Yes,NoIntersection,Normal,2Vehicles-Behind,RUE DE LA SENTELLE,M,49.21531803042616,4.214358275325282