AccidentId,Gravity,Date,Hour,Light,Department,Commune,InAgglomeration,IntersectionType,Weather,CollisionType,PostalAddress,GPSCode,Latitude,Longitude
201800028058,NonLethal,2018-07-07,01:55:00,NightStreelightsOn,510,454,Yes,NoIntersection,Normal,Other,BOULEVARD LECLERC,M,49.2547888688296,4.254782088097262
201800028059,NonLethal,2018-07-08,02:10:00,NightStreelightsOn,510,454,Yes,T-type,Normal,2Vehicles-Side,BOULEVARD MAURICE NOIROT,M,49.254388563251545,4.252766476806087
201800028060,NonLethal,2018-07-08,15:55:00,Daylight,510,454,Yes,T-type,Normal,2Vehicles-Side,AVENUE DU MARECHAL JUIN,M,49.222205910092455,4.221795375579096
201800028061,NonLethal,2018-07-09,07:30:00,Daylight,510,454,Yes,NoIntersection,Normal,2Vehicles-Behind,AVENUE BREBANT,M,49.26277011951219,4.259650346058259
201800028062,NonLethal,2018-10-07,23:10:00,NightStreelightsOn,510,454,Yes,X-type,Normal,2Vehicles-Side,RUE DE VESLE,M,49.25415694083795,4.254163721310973
201800028064,NonLethal,2018-07-15,11:15:00,Daylight,510,454,Yes,NoIntersection,Normal,2Vehicles-Side,AVENUE DE L'EUROPE,M,49.25476724476203,4.2539404651853285
201800028065,NonLethal,2018-07-15,19:50:00,Daylight,510,454,Yes,NoIntersection,Normal,Other,BOULEVARD HENRI VASNIER,M,49.2450480608562,4.2456507590192825
201800028066,NonLethal,2018-07-17,11:35:00,Daylight,510,454,Yes,NoIntersection,Normal,Other,RUE CADRAN SAINT PIERRE,M,49.25655682958266,4.257765262910454
201800028067,NonLethal,2018-07-18,08:50:00,Daylight,510,454,Yes,Square,Normal,2Vehicles-Side,PLACE ESTOURNELLES,M,49.23177351753512,4.231347973626082
201800028068,NonLethal,2018-07-20,08:40:00,Daylight,510,454,Yes,NoIntersection,Normal,2Vehicles-Behind,BOULEVARD LUNDY,M,49.261096205699054,4.261890626762816
201800028070,NonLethal,2018-07-24,14:50:00,Daylight,510,454,Yes,NoIntersection,Normal,Other,RUE RUINART DE BRIMONT,M,49.25749245204806,4.255923726622027
201800028071,NonLethal,2018-07-24,16:45:00,Daylight,510,172,Yes,NoIntersection,VeryGood,Other,RUE DE LA SENTELLE,M,49.213393735326655,4.215778275978173
201800028072,NonLethal,2018-07-26,14:30:00,Daylight,510,454,Yes,X-type,Normal,2Vehicles-Side,ALLEE DU VIGNOBLE,M,49.22351700841775,4.220886842903952
201800028074,NonLethal,2018-08-03,12:10:00,Daylight,510,55,Yes,Other,Normal,2Vehicles-Side,RUE DU COMMERCE,M,49.285682185449474,4.286112487881802
201800028075,NonLethal,2018-03-08,16:45:00,Daylight,510,454,Yes,T-type,Normal,2Vehicles-Side,ROUTE DE WITRY,M,49.26728389122431,4.267485593814921
201800028076,NonLethal,2018-08-03,12:10:00,Daylight,510,454,Yes,Y-type,Normal,2Vehicles-Side,BOULEVARD HENRI HENROT,M,49.24552085604659,4.24455709624691
201800028078,NonLethal,2018-05-08,21:50:00,NightStreelightsOn,510,454,Yes,NoIntersection,Normal,2Vehicles-Behind,AVENUE EISENHOWER,M,49.24073712610964,4.236782534772588
201800028079,NonLethal,2018-08-07,07:30:00,Daylight,510,454,Yes,NoIntersection,Normal,2Vehicles-Side,RUE GOIOT,M,49.24585647428016,4.245886872415663
201800028080,NonLethal,2018-08-08,00:40:00,NightStreelightsOn,510,454,Yes,NoIntersection,Normal,Other,RUE HERDUIN,M,49.25021673934304,4.249153498123001
201800028081,NonLethal,2018-08-08,17:35:00,Daylight,510,454,Yes,T-type,Normal,2Vehicles-Side,RUE GENERAL PATTON,M,49.248444409699,4.250084544489596
201800028082,NonLethal,2018-11-08,02:55:00,NightStreelightsOn,510,454,Yes,X-type,Normal,2Vehicles-Side,RUE PIERRE BROSSOLETTE,M,49.265620377105286,4.265809070264347
201800028083,Lethal,2018-08-15,17:30:00,Daylight,510,573,Yes,NoIntersection,Normal,Other,RUE GABRIEL PERI,M,49.24102710136133,3.241456661807125
201800028084,NonLethal,2018-08-22,17:40:00,Daylight,510,454,No,NoIntersection,Normal,2Vehicles-Behind,AVENUE HENRI FARMAN,M,49.23507785416557,4.237527737178043
201800028085,NonLethal,2018-08-23,14:00:00,Daylight,510,454,Yes,NoIntersection,Normal,2Vehicles-Behind,AVENUE DE CHAMPAGNE,M,49.22813007570258,4.226700283139363
201800028086,NonLethal,2018-08-24,10:10:00,Daylight,510,454,Yes,T-type,Normal,2Vehicles-Behind,RUE GABRIEL VOISIN,M,49.230136675540926,4.229823584745104
201800028087,NonLethal,2018-08-24,17:20:00,Daylight,510,573,Yes,Other,Normal,2Vehicles-Behind,ROUTE DE SOISSONS,M,49.25396051889457,3.2557178391235504
201800028088,NonLethal,2018-08-26,03:40:00,NightStreelightsOn,510,454,Yes,NoIntersection,Normal,Other,RUE DES MARMOUZETS,M,49.25723263100915,4.257474440277744
201800028089,NonLethal,2018-08-26,11:35:00,Daylight,510,454,Yes,NoIntersection,VeryGood,2Vehicles-Behind,AVENUE DE LAON,M,49.282521590427606,4.280790045094522
201800028090,NonLethal,2018-08-27,18:35:00,Daylight,510,454,Yes,NoIntersection,Normal,2Vehicles-Behind,RUE ERNEST RENAN,M,49.26126731810103,4.263253856155391
201800028091,NonLethal,2018-08-29,08:25:00,Daylight,510,454,Yes,NoIntersection,HeavyRain,3+Vehicles-Chain,RUE LANSON,M,49.24400430421938,4.244533248215059
201800028092,NonLethal,2018-08-30,17:05:00,Daylight,510,454,Yes,NoIntersection,Normal,2Vehicles-Behind,RUE DE LA JUSTICE,M,49.26194012354093,4.261031073378777
201800028095,NonLethal,2018-09-02,12:00:00,Daylight,510,454,Yes,NoIntersection,Normal,3+Vehicles-Multiple,RUE LEON FAUCHER,M,49.2696500184596,4.27018406766181
201800028096,NonLethal,2018-04-09,18:12:00,Daylight,510,454,Yes,T-type,Normal,2Vehicles-Side,RUE GABRIEL VOISIN,M,49.233677313231325,4.233697523761442
201800028098,NonLethal,2018-06-09,17:15:00,Daylight,510,172,Yes,X-type,Overcast,2Vehicles-Side,RUE CHANZY,M,49.22460045770728,4.223039161519134
201800028100,NonLethal,2018-09-07,09:45:00,Daylight,510,454,Yes,Roundabout,Normal,2Vehicles-Side,AVENUE DU MARECHAL JUIN,M,49.21990623063249,4.22018296949777
201800028102,NonLethal,2018-09-09,10:55:00,Daylight,510,454,Yes,X-type,Normal,Other,RUE LESAGE,M,49.26512424273072,4.2649157695668185
201800028104,NonLethal,2018-09-12,09:40:00,Daylight,510,454,Yes,T-type,VeryGood,Other,RUE DU RUISSELET,M,49.24389632786583,4.245238107047449
201800028105,NonLethal,2018-09-14,08:00:00,Daylight,510,454,Yes,NoIntersection,Overcast,Other,AVENUE DE GAULLE,M,49.2409810110657,4.241360499943341
201800028107,NonLethal,2018-09-18,15:15:00,Daylight,510,172,Yes,Other,Normal,2Vehicles-Side,AVENUE NICEPHORE NIEPCE,M,49.225695454836526,4.2254859542764
201800028108,NonLethal,2018-09-19,08:05:00,Daylight,510,454,Yes,NoIntersection,Normal,2Vehicles-Behind,BOULEVARD VICTOR HUGO,M,49.24899273221424,4.247727027152893
201800028109,NonLethal,2018-09-19,14:10:00,Daylight,510,454,Yes,T-type,Normal,Other,QUAI PRE AUX MOINES,M,49.232846242176,4.233865349793576
201800028110,NonLethal,2018-09-21,17:55:00,Daylight,510,454,Yes,NoIntersection,Normal,2Vehicles-Side,PLACE DE LA REPUBLIQUE,M,49.26009811226308,4.261834409987029
201800028111,NonLethal,2018-09-22,09:05:00,Daylight,510,454,Yes,NoIntersection,Normal,2Vehicles-Side,BOULEVARD POMMERY,M,49.25345596770774,4.254999498161148
201800028112,NonLethal,2018-09-22,23:45:00,NightStreelightsOn,510,573,Yes,X-type,HeavyRain,2Vehicles-Side,AVENUE BONAPARTE,M,49.24964772130729,3.2489976901728026
201800028113,NonLethal,2018-09-24,08:55:00,Daylight,510,454,Yes,NoIntersection,Normal,3+Vehicles-Chain,AVENUE DE GAULLE,M,49.24950639648331,4.250249857004442
201800028115,NonLethal,2018-09-24,17:50:00,Daylight,510,454,No,NoIntersection,Normal,2Vehicles-Behind,BOULEVARD DES TONDEURS,M,49.27423070438843,4.275208023222567
201800028116,NonLethal,2018-09-26,08:00:00,Daylight,510,454,Yes,NoIntersection,Normal,2Vehicles-Behind,RUE 16E ET 22E DRAGONS,M,49.253492654405214,4.253077921585794
201800028117,NonLethal,2018-09-27,13:30:00,Daylight,510,454,Yes,X-type,Normal,2Vehicles-Side,BOULEVARD DE LA PAIX,M,49.25376470719005,4.252166689455002
201800028118,NonLethal,2018-10-02,17:35:00,Daylight,510,454,Yes,Roundabout,LightRain,3+Vehicles-Multiple,AVENUE FRANCOIS MAURIAC,M,49.2380719249858,3.239717726778959
201800028119,NonLethal,2018-10-03,07:20:00,TwilightOrDawn,510,454,Yes,Other,LightRain,2Vehicles-Side,QUAI PRE AUX MOINES,M,49.23741880423061,4.238571338023461
201800028121,NonLethal,2018-06-10,10:15:00,Daylight,510,172,Yes,NoIntersection,Normal,Other,RUE DU DOCTEUR ROUX,M,49.22281673753432,4.223418767916143
201800028122,NonLethal,2018-10-06,18:45:00,Daylight,510,454,Yes,T-type,Normal,2Vehicles-Side,RUE CERES,M,49.25549729319117,4.256288905440586
201800028124,NonLethal,2018-09-10,16:20:00,Daylight,510,454,Yes,NoIntersection,Normal,2Vehicles-Side,RUE DU GENERAL KOENIG,M,49.22644379835656,4.227069690830763
201800028125,NonLethal,2018-09-10,19:45:00,NightStreelightsOn,510,454,Yes,NoIntersection,Normal,2Vehicles-Side,BOULEVARD POMMERY,M,49.25440205182976,4.255893379133738
201800028126,NonLethal,2018-10-10,18:20:00,Daylight,510,454,Yes,NoIntersection,Normal,Other,ALLEE JB BACH,M,49.23980907498871,4.24043844100762
201800028127,NonLethal,2018-10-10,16:40:00,Daylight,510,454,Yes,NoIntersection,Normal,3+Vehicles-Multiple,AVENUE BREBANT,M,49.25930827947765,4.256296162285334
201800028128,NonLethal,2018-11-10,18:10:00,Daylight,510,454,Yes,X-type,Normal,2Vehicles-Behind,BOULEVARD ALBERT 1ER,M,49.27262581171056,4.273124845939314
201800028129,NonLethal,2018-12-10,08:05:00,TwilightOrDawn,510,454,Yes,Y-type,Normal,2Vehicles-Side,BOULEVARD SAINT MARCEAUX,M,49.256527627816176,4.255946320525037
201800028130,NonLethal,2018-12-10,16:35:00,Daylight,510,454,Yes,NoIntersection,Normal,Other,BD DE LATTRE DE TASSIGNY,M,49.25521280583518,4.256337821104452
201800028131,NonLethal,2018-12-10,17:25:00,Daylight,510,454,Yes,NoIntersection,VeryGood,Other,RUE FRANCOIS DOR,M,49.24707353870307,4.246363888442571
201800028133,NonLethal,2018-10-18,07:35:00,TwilightOrDawn,510,454,Yes,X-type,Normal,Other,RUE GOIOT,M,49.244871662203,4.246019127288341
201800028134,NonLethal,2018-10-18,13:30:00,Daylight,510,454,No,NoIntersection,Normal,3+Vehicles-Multiple,AVENUE NICEPHORE NIEPCE,M,49.22341449192722,4.225535531876126
201800028135,NonLethal,2018-10-18,17:30:00,Daylight,510,454,Yes,NoIntersection,Normal,Other,RUE CAMILLE SAINT SAENS,M,49.212125085331735,4.212595597342549
201800028136,NonLethal,2018-10-22,17:25:00,Daylight,510,454,Yes,T-type,Normal,Other,BOULEVARD FOCH,M,49.25930571259684,4.257618633013426
201800028137,NonLethal,2018-10-25,19:10:00,NightStreelightsOn,510,454,Yes,NoIntersection,Normal,Other,BOULEVARD CARTERET,M,49.25870154605384,4.259980228272884
201800028138,NonLethal,2018-10-26,17:25:00,Daylight,510,454,Yes,X-type,Normal,2Vehicles-Side,RUE DE LA MAGDELEINE,M,49.251244754476126,4.250794978098964
201800028139,NonLethal,2018-10-27,22:10:00,NightStreelightsOn,510,454,Yes,NoIntersection,Normal,2Vehicles-Side,RUE JEAN-LOUIS DEBAR,M,49.22813814351853,4.228549987680096
201800028140,NonLethal,2018-10-29,07:39:00,TwilightOrDawn,510,454,Yes,T-type,Normal,Other,RUE ARTHUR DECES,M,49.25890058586449,4.259021200767839
201800028142,NonLethal,2018-01-11,04:10:00,NightNoStreetLight,510,454,No,Other,Other,Other,ROUTE DE CHALONS,M,49.23173360676964,4.23496964028912
201800028143,NonLethal,2018-11-02,15:55:00,Daylight,510,454,Yes,T-type,Normal,2Vehicles-Side,RUE DE VENISE,M,49.24659609256543,4.247077363132486
201800028144,NonLethal,2018-07-11,17:20:00,NightStreelightsOn,510,573,Yes,Roundabout,LightRain,Other,AVENUE SARAH BERNHARDT,M,49.248213305636185,3.2479835176419845
201800028145,NonLethal,2018-11-07,17:45:00,NightStreelightsOn,510,454,Yes,X-type,Overcast,2Vehicles-Side,RUE CAQUE,M,49.25451199971337,4.254117592712353
201800028146,NonLethal,2018-11-08,12:20:00,Daylight,510,454,Yes,X-type,Normal,Other,RUE DU RUISSELET,M,49.24333777604799,4.243452171096319
201800028147,NonLethal,2018-09-11,07:55:00,TwilightOrDawn,510,454,Yes,X-type,Normal,Other,BOULEVARD POMMERY,M,49.25192653709361,4.251021877330185
201800028148,NonLethal,2018-11-10,15:30:00,Daylight,510,454,Yes,Roundabout,LightRain,Other,PLACE SOUVENIR FRANCAIS,M,49.26932595020544,4.269703849472515
201800028150,NonLethal,2018-11-12,13:35:00,Daylight,510,454,Yes,NoIntersection,Normal,2Vehicles-Behind,RUE ANDRE HUET,M,49.27715193233335,4.278287282803411
201800028152,NonLethal,2018-11-12,17:50:00,NightStreelightsOn,510,454,Yes,Roundabout,Normal,2Vehicles-Behind,RUE ANDRE CHAILLOT,M,49.288240540814265,4.286013919423265
201800028153,NonLethal,2018-11-14,13:30:00,Daylight,510,454,Yes,NoIntersection,Normal,2Vehicles-Side,RUE DE LA MAGDELEINE,M,49.25303161407809,4.251632475668286
201800028154,NonLethal,2018-12-11,14:30:00,Daylight,510,454,Yes,NoIntersection,Normal,2Vehicles-Side,AVENUE DE L'EUROPE,M,49.24807551139417,4.247648539736848
201800028155,NonLethal,2018-11-14,14:35:00,Daylight,510,454,Yes,NoIntersection,Normal,Other,BOULEVARD DE TASSIGNY,M,49.256160999266285,4.2562233120336685
201800028156,NonLethal,2018-11-16,18:00:00,NightStreelightsOn,510,454,Yes,Y-type,Normal,NoCollision,RUE THIERS,M,49.25836552040433,4.259426626366444
201800028157,NonLethal,2018-11-17,18:00:00,NightStreelightsOn,510,454,Yes,NoIntersection,Normal,3+Vehicles-Multiple,BOULEVARD DES TONDEURS,M,49.28002082710376,4.281816947396874
201800028160,NonLethal,2018-11-16,16:00:00,Daylight,510,454,Yes,NoIntersection,Normal,Other,BOULEVARD WILSON,M,49.235290872134975,4.235886376701656
201800028161,NonLethal,2018-11-20,17:55:00,NightStreelightsOn,510,454,Yes,X-type,LightRain,Other,RUE JANKEL SEGAL,M,49.24214214559297,4.245381083004516
201800028162,NonLethal,2018-11-20,18:15:00,NightStreelightsOn,510,454,Yes,T-type,Overcast,2Vehicles-Side,RUE DE COURLANCY,M,49.2465518819857,4.245984347662493
201800028164,NonLethal,2018-11-22,07:55:00,Daylight,510,454,Yes,NoIntersection,Overcast,Other,AVENUE DU MARECHAL JUIN,M,49.225428287206825,4.222882130973742
201800028165,NonLethal,2018-11-22,16:40:00,Daylight,510,454,Yes,X-type,Normal,Other,BOULEVARD FOCH,M,49.25818125925564,4.257819184326819
201800028166,NonLethal,2018-11-23,17:25:00,NightStreelightsOn,510,454,Yes,NoIntersection,Normal,2Vehicles-Behind,AVENUE NATIONALE,M,49.29183100952103,4.292455377087891
201800028167,NonLethal,2018-11-25,12:40:00,Daylight,510,454,Yes,X-type,LightRain,2Vehicles-Side,ALLEE DU VIGNOBLE,M,49.22279281836751,4.2235115508855445
201800028168,NonLethal,2018-11-25,17:25:00,NightStreelightsOn,510,454,Yes,NoIntersection,LightRain,Other,AVENUE DE LAON,M,49.27427823463358,4.273871557279146
201800028169,NonLethal,2018-11-25,18:25:00,NightStreelightsOn,510,454,Yes,X-type,LightRain,2Vehicles-Side,RUE DE ROUEN,M,49.23308769253201,4.235087446956876
201800028170,NonLethal,2018-11-27,10:25:00,Daylight,510,454,Yes,X-type,Normal,2Vehicles-Side,RUE EDOUARD DUFOUR,M,49.22655704694672,4.227182408842784
201800028171,NonLethal,2018-11-28,14:05:00,Daylight,510,454,Yes,X-type,LightRain,2Vehicles-Side,AVENUE DE PARIS,M,49.24885650979686,4.248024882582145
201800028172,NonLethal,2018-11-28,18:20:00,NightStreelightsOn,510,454,Yes,T-type,LightRain,2Vehicles-Side,AVENUE DE CHAMPAGNE,M,49.23476596075287,4.233648879987139
201800028173,NonLethal,2018-11-28,19:30:00,NightStreelightsOn,510,454,Yes,T-type,LightRain,2Vehicles-Side,RUE CHANZY,M,49.25119507817866,4.251496888385051
201800028174,NonLethal,2018-11-29,07:35:00,NightStreelightsOn,510,454,Yes,Other,Normal,2Vehicles-Side,RUE LEON PATOUX,M,49.23739051094379,4.2349660645409415
201800028175,NonLethal,2018-11-29,18:58:00,NightStreelightsOn,510,454,Yes,NoIntersection,LightRain,2Vehicles-Side,AVENUE DE CHAMPAGNE,M,49.22305983176286,4.222957155984874
201800028177,NonLethal,2018-12-09,17:50:00,NightStreelightsOn,510,454,Yes,T-type,LightRain,2Vehicles-Behind,BOULEVARD DAUPHINOT,M,49.25948117723247,4.2605458934767935
201800028178,NonLethal,2018-11-12,08:45:00,TwilightOrDawn,510,454,Yes,NoIntersection,Normal,3+Vehicles-Chain,AVENUE NATIONALE,M,49.29142603154669,4.2898007525923525
201800028179,NonLethal,2018-12-11,16:20:00,Daylight,510,454,Yes,NoIntersection,Normal,3+Vehicles-Chain,AVENUE BREBANT,M,49.25488644593536,4.255399089168519
201800028180,NonLethal,2018-12-13,14:00:00,Daylight,510,474,Yes,NoIntersection,Normal,2Vehicles-Behind,RUE DE BERNEX,M,49.27826150322094,4.2793197389258495
201800028181,NonLethal,2018-12-13,16:30:00,Daylight,510,573,Yes,Roundabout,Normal,2Vehicles-Side,AVENUE SARAH BERNHARDT,M,49.25141662069933,3.250563966601068
201800028182,NonLethal,2018-12-17,09:15:00,Daylight,510,454,Yes,Other,Overcast,2Vehicles-Side,RUE DE LOUVOIS,M,49.23034062722082,4.229756362869714
201800028183,NonLethal,2018-12-17,12:20:00,Daylight,510,454,Yes,NoIntersection,Normal,2Vehicles-Side,BOULEVARD PASTEUR,M,49.25142841237694,4.248457034182628
201800028184,NonLethal,2018-12-20,08:25:00,Daylight,510,454,Yes,Y-type,LightRain,2Vehicles-Side,AVENUE ROBERT SCHUMAN,M,49.22836061204615,4.231956363937182
201800028185,NonLethal,2018-12-21,00:15:00,NightStreelightsOn,510,454,Yes,NoIntersection,Normal,Other,AVENUE DE L'EUROPE,M,49.25340314959859,4.252010210168926
201800028186,NonLethal,2018-12-21,12:15:00,Daylight,510,454,Yes,X-type,LightRain,2Vehicles-Side,RUE GERBERT,M,49.25154079596499,4.249897311105067
201800028187,NonLethal,2018-12-21,12:10:00,Daylight,510,454,Yes,X-type,LightRain,2Vehicles-Side,ROUTE DE WITRY,M,49.264496218260206,4.262964989479107
201800028188,NonLethal,2018-12-21,16:05:00,Daylight,510,454,Yes,NoIntersection,Normal,Other,RUE DES CRENEAUX,M,49.24405999173178,4.245494618168998
201800028189,NonLethal,2018-12-21,17:55:00,NightStreelightsOn,510,454,Yes,NoIntersection,Normal,Other,RUE EDOUARD MIGNOT,M,49.261923407926695,4.260014777766332
201800028190,NonLethal,2018-12-26,13:00:00,Daylight,510,454,Yes,X-type,Normal,2Vehicles-Side,RUE NARCISSE BRUNETTE,M,49.23257939252858,4.23309219951414
201800028191,NonLethal,2018-12-26,14:00:00,Daylight,510,454,Yes,NoIntersection,Normal,Other,AVENUE DE L'EUROPE,M,49.24665406454864,4.247234884236656
201800028193,NonLethal,2018-12-29,20:45:00,NightStreelightsOn,510,454,Yes,T-type,Normal,2Vehicles-BehindVehicles-Frontal,RUE CLOVIS CHEZEL,M,49.24015884337291,4.240111597126756
201800028195,NonLethal,2018-01-25,14:35:00,Daylight,520,121,No,NoIntersection,LightRain,Other,R.D. 161,M,48.12838341068706,5.128937533450828
201800028197,NonLethal,2018-04-10,17:30:00,Daylight,520,121,No,NoIntersection,Normal,2Vehicles-Behind,RN 67,M,48.08598079582082,5.086470067190753
201800028199,NonLethal,2018-04-29,22:50:00,NightStreelightsOn,520,121,Yes,NoIntersection,Normal,Other,NEUILLY (ROUTE DE) R.D.1,M,48.08910743428088,5.088985189735662
201800028200,NonLethal,2018-01-05,04:55:00,NightStreelightsOn,520,121,Yes,NoIntersection,Normal,Other,Village Pershing,M,48.08896756171925,5.088334630705713
201800028201,NonLethal,2018-05-11,14:30:00,Daylight,520,121,Yes,Roundabout,Normal,2Vehicles-Side,FOCH (AVENUE),M,48.11169534101011,5.11120290581861
201800028202,NonLethal,2018-05-22,17:00:00,Daylight,520,121,Yes,T-type,Normal,3+Vehicles-Multiple,HUGO (AVENUE VICTOR),M,48.103724837385016,5.1063379830782845
201800028204,NonLethal,2018-07-06,07:05:00,Daylight,520,121,Yes,NoIntersection,Normal,2Vehicles-BehindVehicles-Frontal,DUGRILLON (RUE EUGENE),M,48.11584499260096,5.118708412840447
201800028205,NonLethal,2018-08-14,02:30:00,NightStreelightsOn,520,121,Yes,T-type,Normal,2Vehicles-Side,REPUBLIQUE (AVENUE),M,48.10029245508927,5.100907776409225
201800028206,NonLethal,2018-11-06,18:02:00,TwilightOrDawn,520,121,Yes,NoIntersection,Normal,3+Vehicles-Chain,R.D. 65,M,48.109289160722085,5.109807404973547
201800028207,NonLethal,2018-11-22,20:40:00,NightStreelightsOn,520,121,Yes,NoIntersection,Normal,2Vehicles-BehindVehicles-Frontal,ROBESPIERRE (RUE),M,48.09691424064437,5.100206719895153
201800028209,NonLethal,2018-12-11,17:00:00,TwilightOrDawn,520,121,Yes,NoIntersection,Normal,Other,VAL ANNE MARIE (RUE DU),M,48.10617023964783,5.1071346994940185
201800028211,NonLethal,2018-05-14,10:35:00,Daylight,520,448,Yes,NoIntersection,LightRain,NoCollision,RD635,M,48.64625576951649,4.645940291529413
201800028212,NonLethal,2018-09-07,17:35:00,Daylight,520,448,Yes,NoIntersection,Normal,Other,REPUBLIQUE (AVE DE LA) N,M,48.6358911518904,4.6392334104245405
201800028213,NonLethal,2018-07-10,23:45:00,NightStreelightsOn,520,448,Yes,Other,Normal,2Vehicles-Side,GAMBETTA (RUE) PAIR,M,48.63580947290063,4.636860206785789
201800028214,NonLethal,2018-09-12,17:30:00,Daylight,520,448,Yes,NoIntersection,Normal,Other,rue Auguste RENOIR,M,48.64486332314048,4.643462680925782
201800028215,NonLethal,2018-10-11,14:40:00,Daylight,520,448,Yes,NoIntersection,LightRain,2Vehicles-Behind,BEREGOVOY (AVENUE PIERRE,M,48.62738672473894,4.625759128023242
201800028216,NonLethal,2018-11-13,17:13:00,TwilightOrDawn,520,448,Yes,NoIntersection,Normal,2Vehicles-Side,ETATS UNIS (AVENUE DES),M,48.63604628742336,4.634980460624739
201800028217,NonLethal,2018-11-14,15:05:00,Daylight,520,448,Yes,Roundabout,Normal,Other,ROND POINT DE VERGY,M,48.6303485616263,4.631565998552977
201800028218,NonLethal,2018-11-19,03:00:00,NightStreelightsOn,520,448,Yes,Roundabout,LightRain,Other,RN67,M,48.6228347776974,4.622553314828154
201800028219,NonLethal,2018-12-13,12:50:00,Daylight,520,448,Yes,NoIntersection,Normal,Other,ENTREVAN (BOULEVARD DU C,M,48.64011893841636,4.639897886264135
201800028220,NonLethal,2018-12-18,10:10:00,Daylight,520,448,Yes,T-type,Normal,NoCollision,LOUBERT (AVENUE DE),M,48.645574918645984,4.649068349726379
201800028221,NonLethal,2018-12-23,19:15:00,NightStreelightsOn,520,448,Yes,Other,Overcast,2Vehicles-Side,GODARD JEANSON (RUE),M,48.63165323952279,4.631274514279482
201800028222,NonLethal,2018-01-15,17:30:00,TwilightOrDawn,530,130,Yes,Roundabout,Overcast,2Vehicles-Side,"sans, COMBATTANTS D'AFRI",M,48.07816696247101,-0.0786817336882742
201800028223,NonLethal,2018-01-26,19:12:00,NightStreelightsOn,530,130,Yes,X-type,Normal,2Vehicles-Side,VOLNEY ( BOULEVARD ),M,48.0545925403457,-0.0559236861814691
201800028224,NonLethal,2018-01-20,17:36:00,TwilightOrDawn,530,130,Yes,X-type,LightRain,2Vehicles-Side,TRAPPISTINES ( BOULEVARD,M,48.05925025551715,-0.0594669546829756
201800028225,NonLethal,2018-01-31,07:37:00,NightStreelightsOn,530,130,Yes,NoIntersection,LightRain,Other,"34, TISSERANDS ( BOULEVA",M,48.06037310588106,-0.0616016845916835
201800028226,NonLethal,2018-02-12,11:25:00,Daylight,530,130,Yes,NoIntersection,Normal,2Vehicles-Side,"sans, JOURDAN ( BOULEVAR",M,48.064376595984136,-0.0620453326342557
201800028227,NonLethal,2018-02-17,17:00:00,Daylight,530,130,Yes,NoIntersection,Normal,Other,MURAT ( BOULEVARD ),M,48.06370659271075,-0.0634622171831201
201800028228,NonLethal,2018-03-23,18:35:00,Daylight,530,130,Yes,Other,Normal,2Vehicles-Side,"97, MAYENNE ( AVENUE DE",M,48.082027625264345,-0.0809293104139657
201800028229,NonLethal,2018-03-28,08:20:00,Daylight,530,130,Yes,Other,Normal,2Vehicles-Side,"5, DANIEL ( BOULEVARD LU",M,48.053225547340965,-0.054761561989272
201800028230,Lethal,2018-02-27,19:45:00,NightStreelightsOn,530,201,Yes,NoIntersection,Normal,2Vehicles-Behind,PARIS ( AVENUE DE ),M,48.06869830802791,-0.0683810187809337
201800028231,NonLethal,2018-07-04,12:45:00,Daylight,530,130,Yes,NoIntersection,Normal,Other,LE PECQ ( RUE BERNARD ),M,48.07789975416605,-0.0747202670531273
201800028232,NonLethal,2018-04-22,12:00:00,Daylight,530,130,Yes,X-type,Normal,2Vehicles-Side,CHANZY ( AVENUE DE ),M,48.06957472972551,-0.0694745509727074
201800028233,NonLethal,2018-05-10,17:20:00,Daylight,530,201,Yes,NoIntersection,Normal,2Vehicles-Side,PARIS ( AVENUE DE ),M,48.06823669455438,-0.0681639579733562
201800028235,NonLethal,2018-05-22,18:27:00,Daylight,530,130,No,NoIntersection,Overcast,3+Vehicles-Multiple,RD 112,M,48.04208535339467,-0.0415655405051346
201800028237,NonLethal,2018-06-26,13:54:00,Daylight,530,130,Yes,X-type,Normal,2Vehicles-Behind,CHANZY ( AVENUE DE ),M,48.0707676775083,-0.0693844711859023
201800028238,Lethal,2018-07-13,09:50:00,Daylight,530,54,No,NoIntersection,Normal,2Vehicles-BehindVehicles-Frontal,VC (ancienne RD104),M,48.09410810964096,-0.0955076361834608
201800028240,NonLethal,2018-09-17,09:29:00,Daylight,530,201,Yes,NoIntersection,Normal,Other,DE GAULLE ( AVENUE DU GE,M,48.06872486673214,-0.0699852537308527
201800028241,Lethal,2018-09-22,18:35:00,TwilightOrDawn,530,130,Yes,NoIntersection,LightRain,NoCollision,PICHARDIERE (rue de la),M,48.08748154379469,8.088397948351355
201800028242,NonLethal,2018-10-02,20:25:00,NightStreelightsOn,530,34,No,NoIntersection,Normal,2Vehicles-Behind,RD 32 VERS ARGENTRE,M,48.07559012046003,-0.0741912756164333
201800028243,NonLethal,2018-10-05,15:20:00,Daylight,530,130,Yes,Other,Normal,2Vehicles-Side,CHANZY ( AVENUE DE ),M,48.07203261729506,-0.070290154462293
201800028244,NonLethal,2018-10-22,07:54:00,TwilightOrDawn,530,130,Yes,Other,Normal,2Vehicles-Side,AURIOL ( RUE VINCENT ),M,48.06040500196648,-0.0585861635406261
201800028245,Lethal,2018-10-29,10:50:00,Daylight,530,130,Yes,Y-type,Normal,Other,HAY DU CHATELET ( RUE ),M,48.05172839434728,-0.0521724274131813
201800028247,NonLethal,2018-12-20,11:05:00,Daylight,530,54,Yes,NoIntersection,Normal,2Vehicles-BehindVehicles-Frontal,CENTRE ( RUE DU ),M,48.09908819628824,-0.0997252725309513