AccidentId,Gravity,Date,Hour,Light,Department,Commune,InAgglomeration,IntersectionType,Weather,CollisionType,PostalAddress,GPSCode,Latitude,Longitude
201800028251,NonLethal,2018-02-02,17:55:00,NightStreelightsOn,540,136,Yes,NoIntersection,HeavyRain,Other,"76, VERDUN (RUE DE)",M,49.16696244693152,5.166092204879423
201800028252,NonLethal,2018-04-26,15:21:00,Daylight,540,273,Yes,NoIntersection,Normal,2Vehicles-BehindVehicles-Frontal,WILSON (AVENUE),M,49.14923276999035,5.151115730627019
201800028253,NonLethal,2018-06-23,15:30:00,Daylight,540,542,No,NoIntersection,Normal,NoCollision,DEPARTEMENTALE 613,M,49.21851881429436,5.216843122036028
201800028254,NonLethal,2018-07-18,15:00:00,Daylight,540,371,No,NoIntersection,Normal,2Vehicles-BehindVehicles-Frontal,DEPARTEMENTALE 136,M,49.20000245283006,5.199118638622702
201800028256,Lethal,2018-12-21,16:20:00,Daylight,540,273,No,NoIntersection,Normal,NoCollision,DEPARTEMENTALE 952,M,49.136153774156064,5.134824275446544
201800028259,NonLethal,2018-10-09,08:25:00,Daylight,540,159,Yes,NoIntersection,Normal,2Vehicles-BehindVehicles-Frontal,ROSIERES (AVENUE DE),M,48.61268286921475,6.611048942089149
201800028260,NonLethal,2018-12-25,17:50:00,TwilightOrDawn,540,493,Yes,NoIntersection,Normal,Other,LONGWY (RUE DE),M,49.52809734428587,5.526853454375684
201800028261,NonLethal,2018-02-03,13:05:00,Daylight,540,321,Yes,NoIntersection,Normal,Other,ERNEST HEMINGWAY (AVENUE,M,49.53497266527568,5.534023381723419
201800028262,NonLethal,2018-01-31,16:30:00,Daylight,540,323,Yes,NoIntersection,HeavyRain,Other,AVIATION (AVENUE DE L'),M,49.51758529926941,5.518061194789954
201800028263,NonLethal,2018-01-16,17:15:00,TwilightOrDawn,540,323,No,NoIntersection,Overcast,Other,"1, CHARLES DE GAULLE (AV",M,49.517900233654665,5.518936507814644
201800028264,NonLethal,2018-04-07,16:50:00,Daylight,540,261,Yes,NoIntersection,Normal,2Vehicles-Side,LUXEMBOURG (AVENUE DU),M,49.522898058053485,5.522783949720297
201800028265,NonLethal,2018-02-04,14:50:00,Daylight,540,367,No,Other,Normal,2Vehicles-BehindVehicles-Frontal,52O (ROUTE DEPARTEMENTAL,M,49.5062858306477,5.504331838944931
201800028266,NonLethal,2018-03-27,14:52:00,Daylight,540,382,Yes,NoIntersection,Normal,2Vehicles-Side,"1, EUROPE (AVENUE DE L')",M,49.54637914584946,5.543902639896214
201800028267,NonLethal,2018-04-03,14:50:00,Daylight,540,323,Yes,NoIntersection,Normal,Other,VICTOR HUGO (RUE),M,49.52241692769774,5.522661809449789
201800028268,NonLethal,2018-07-04,17:55:00,Daylight,540,323,Yes,NoIntersection,Normal,2Vehicles-Side,CHARLES DE GAULLE (AVENU,M,49.51894782219605,5.518320917151794
201800028269,NonLethal,2018-04-13,14:15:00,Daylight,540,261,Yes,T-type,Normal,2Vehicles-Side,26 (ROUTE DEPARTEMENTALE,M,49.52406577814117,5.52628575965606
201800028270,NonLethal,2018-05-15,10:40:00,Daylight,540,254,No,NoIntersection,Normal,3+Vehicles-Chain,52 (ROUTE NATIONALE),M,49.49877025045603,5.497530639375669
201800028271,NonLethal,2018-05-19,20:50:00,TwilightOrDawn,540,382,Yes,NoIntersection,Normal,2Vehicles-Side,METZ (BOULEVARD DE),M,49.54558599396315,5.543183451101546
201800028272,NonLethal,2018-05-18,20:20:00,Daylight,540,367,Yes,NoIntersection,Normal,Other,JULES FERRY (RUE),M,49.500149247459085,5.502402017903891
201800028273,NonLethal,2018-04-15,17:45:00,Daylight,540,382,Yes,NoIntersection,Normal,3+Vehicles-Multiple,METZ (BOULEVARD DE),M,49.54653682616015,5.546406367287936
201800028274,NonLethal,2018-07-15,01:25:00,NightNoStreetLight,540,382,No,NoIntersection,Normal,2Vehicles-Behind,52 (ROUTE NATIONALE),M,49.54303026599024,5.542227404736815
201800028276,NonLethal,2018-08-31,14:15:00,Daylight,540,323,Yes,X-type,Normal,Other,ANATOLE FRANCE (RUE),M,49.5260844340028,5.525436192610294
201800028277,NonLethal,2018-10-01,09:25:00,Daylight,540,321,Yes,NoIntersection,Normal,Other,HUIT MAI 1945 (RUE DU),M,49.53284277927713,5.534602695719304
201800028278,Lethal,2018-10-01,13:03:00,Daylight,540,382,No,NoIntersection,Normal,2Vehicles-BehindVehicles-Frontal,EUROPE (AVENUE DE L'),M,49.55002171113948,5.548011896990578
201800028279,Lethal,2018-11-28,17:55:00,NightNoStreetLight,540,254,No,NoIntersection,LightRain,3+Vehicles-Multiple,52 (ROUTE NATIONALE),M,49.47721388436067,5.477610679432842
201800028280,NonLethal,2018-12-08,19:10:00,NightStreelightsOn,540,382,Yes,NoIntersection,Normal,2Vehicles-Side,GARE (AVENUE DE LA),M,49.53772996216457,5.536185629537778
201800028281,NonLethal,2018-02-01,18:10:00,NightStreelightsOff,540,329,Yes,NoIntersection,Normal,Other,AVENUE DE LA LIBERATION,M,48.58138425701119,6.582188474841639
201800028282,Lethal,2018-05-22,11:48:00,Daylight,540,329,Yes,X-type,Normal,2Vehicles-Side,RUE ERNEST BICHAT,M,48.5830704653921,6.585847515946105
201800028283,NonLethal,2018-06-20,19:05:00,Daylight,540,329,Yes,NoIntersection,Normal,Other,RUE SEBASTIEN KELLER,M,48.59415971116046,6.5939771956280415
201800028284,NonLethal,2018-12-31,14:00:00,Daylight,540,395,Yes,NoIntersection,Normal,Other,FAUBOURG DES TROIS MAISO,M,48.70323600961817,6.704188745187612
201800028285,NonLethal,2018-12-28,22:35:00,NightStreelightsOn,540,395,Yes,NoIntersection,Normal,Other,GOURAUT (RUE DU GENERAL),M,48.66725404352561,6.668241879015954
201800028286,NonLethal,2018-05-01,17:55:00,NightStreelightsOn,540,395,No,X-type,HeavyRain,Other,DOMBASLE (PLACE),M,48.83452956619946,2.83566483411216
201800028287,NonLethal,2018-01-04,18:20:00,NightStreelightsOn,540,395,Yes,NoIntersection,LightRain,Other,GUYNEMER (RUE DU CAPITAI,M,48.70050111808968,6.69917738380263
201800028288,NonLethal,2018-01-08,18:10:00,NightStreelightsOn,540,395,Yes,T-type,Normal,Other,SAINTE CECILE (RUE),M,48.68042541892823,6.681196725409408
201800028289,NonLethal,2018-01-09,14:30:00,Daylight,540,547,Yes,NoIntersection,Normal,Other,"00, PALISSY (RUE BERNARD",M,50.63299449973133,3.6332793321485215
201800028290,NonLethal,2018-08-01,19:40:00,NightStreelightsOn,540,395,Yes,NoIntersection,Normal,3+Vehicles-Chain,MON DESERT (RUE),M,48.68461130349217,6.684039595761738
201800028291,NonLethal,2018-11-01,18:50:00,NightStreelightsOn,540,395,Yes,NoIntersection,Normal,2Vehicles-Side,"07, JACOB (RUE DU CHANOI",M,48.69825453612468,6.701112506193436
201800028292,NonLethal,2018-01-14,08:00:00,Daylight,540,578,Yes,X-type,Normal,2Vehicles-BehindVehicles-Frontal,LIBERATION (RUE DE LA),M,48.67748678938485,6.678260097352587
201800028293,NonLethal,2018-01-11,17:25:00,NightStreelightsOn,540,300,Yes,X-type,Normal,2Vehicles-Side,DAMERY (RUE ROBERT),M,48.66018509233693,6.660687656529393
201800028294,NonLethal,2018-11-01,17:15:00,TwilightOrDawn,540,25,Yes,NoIntersection,Normal,3+Vehicles-Chain,"23, SAINTE MARGUERITE (A",M,48.663778979927,6.664814065777193
201800028296,NonLethal,2018-01-15,19:50:00,NightStreelightsOn,540,395,Yes,NoIntersection,LightRain,Other,REPUBLIQUE (PLACE DE),M,48.68770957924893,6.688118208554805
201800028297,NonLethal,2018-12-01,16:20:00,Daylight,540,184,Yes,T-type,Normal,2Vehicles-Behind,BAS CHATEAU (RUE DU),M,48.70745426922024,6.710495458947618
201800028300,NonLethal,2018-01-18,10:50:00,Daylight,540,184,Yes,T-type,Normal,Other,BRIGACHTAL (AVENUE DE),M,48.70908158991504,6.70862816048501
201800028301,NonLethal,2018-01-17,18:45:00,NightStreelightsOn,540,304,Yes,NoIntersection,Normal,3+Vehicles-Multiple,BOIS GRONEE (AVENUE DU),M,48.68842511431794,6.688295336998722
201800028303,NonLethal,2018-01-21,13:40:00,Daylight,540,304,Yes,X-type,Normal,3+Vehicles-Chain,"00, RESISTANCE (AV. DE L",M,48.69552608806796,6.69442748989072
201800028304,NonLethal,2018-01-22,07:15:00,TwilightOrDawn,540,547,Yes,NoIntersection,LightRain,Other,ARC (AVENUE JEANNE D'),M,48.6577696257287,6.658809783784431
201800028305,NonLethal,2018-01-22,12:10:00,Daylight,540,547,Yes,NoIntersection,HeavyRain,2Vehicles-Side,"00, BRIAND (RUE ARISTIDE",M,48.67169152872837,6.671247877852757
201800028306,NonLethal,2018-01-24,13:50:00,Daylight,540,395,Yes,NoIntersection,Normal,3+Vehicles-Chain,VINGT SIXIEME R.I. (BOUL,M,48.69529793008172,6.695350056441607
201800028307,NonLethal,2018-01-24,14:00:00,Daylight,540,578,Yes,NoIntersection,Normal,Other,MULLER (AVENUE PAUL),M,48.65603831305422,6.656238112281117
201800028308,NonLethal,2018-01-25,07:50:00,TwilightOrDawn,540,395,Yes,NoIntersection,Normal,Other,"00, SALLE (RUE DE LA)",M,48.68641637576435,6.687092227737782
201800028309,NonLethal,2018-01-16,16:35:00,Daylight,540,526,Yes,NoIntersection,Normal,Other,MOULIN (RUE JEAN),M,48.69755287399119,6.695976196056932
201800028310,NonLethal,2018-01-13,06:00:00,NightStreelightsOn,540,578,Yes,X-type,Normal,3+Vehicles-Chain,AIGUILLETTES  (BD 5A A 1,M,48.67180826705275,6.672924371735397
201800028311,NonLethal,2018-01-13,16:55:00,Daylight,540,395,Yes,NoIntersection,Normal,Other,"96, LOBAU (BOULEVARD)",M,48.68418893257208,6.685145756120407
201800028313,NonLethal,2018-01-26,18:30:00,NightStreelightsOn,540,526,Yes,NoIntersection,Normal,2Vehicles-Behind,FRATERNITE (RUE DE LA),M,48.69094151969328,6.693593737754831
201800028314,NonLethal,2018-01-27,17:00:00,TwilightOrDawn,540,300,Yes,NoIntersection,Normal,2Vehicles-Side,"2, AULNOIS (RUE DES)",M,48.65400329526146,6.65567524291086
201800028315,NonLethal,2018-01-29,08:46:00,Daylight,540,328,Yes,X-type,Normal,2Vehicles-Side,GRIGNARD (RUE VICTOR),M,48.6189108616146,6.619910394191803
201800028316,NonLethal,2018-01-29,17:50:00,NightStreelightsOn,540,578,Yes,NoIntersection,LightRain,Other,AIGUILLETTES  (BD 5 A 73,M,48.67200839106445,6.672858592354716
201800028317,NonLethal,2018-01-28,00:33:00,NightStreelightsOn,540,395,Yes,T-type,Normal,2Vehicles-BehindVehicles-Frontal,"00, TIERCELINS (RUE DES)",M,48.69167230237999,6.690726566432932
201800028318,NonLethal,2018-01-22,07:45:00,Daylight,540,578,Yes,NoIntersection,Normal,Other,"4, CHEPFER (RUE GEORGES)",M,48.66506116795979,6.664510998351794
201800028320,NonLethal,2018-01-30,17:55:00,NightStreelightsOn,540,357,Yes,NoIntersection,Normal,2Vehicles-Behind,"00, RD 30",M,48.70612008985747,6.70663614095092
201800028321,NonLethal,2018-01-26,11:20:00,Daylight,540,395,Yes,NoIntersection,Normal,Other,STRASBOURG (AVENUE DE),M,48.68215839223745,6.682127465474676
201800028322,NonLethal,2018-01-31,09:15:00,Daylight,540,395,Yes,X-type,Normal,2Vehicles-Side,"00, AUSTRASIE (BOULEVARD",M,48.689325581383976,6.686663247330657
201800028323,NonLethal,2018-02-02,14:25:00,Daylight,540,395,Yes,NoIntersection,Normal,2Vehicles-Behind,FOLLER (RUE),M,48.687275018432175,6.687858319858249
201800028325,NonLethal,2018-02-08,15:35:00,Daylight,540,578,Yes,NoIntersection,Normal,3+Vehicles-Multiple,CATTENOZ (BD DU DOCTEUR),M,48.672366788545645,6.670409400793985
201800028326,NonLethal,2018-09-02,18:50:00,NightStreelightsOn,540,395,Yes,T-type,LightRain,2Vehicles-Side,ADAM  (RUE SIGISBERT),M,48.69889068039792,6.699140788159388
201800028327,NonLethal,2018-10-02,20:00:00,NightStreelightsOn,540,304,Yes,X-type,Normal,2Vehicles-Side,AIGUILLETTES  (BD 16 A 2,M,48.67760507264767,6.67712970107462
201800028328,NonLethal,2018-02-12,17:05:00,Daylight,540,578,Yes,NoIntersection,HeavyRain,2Vehicles-Behind,MULLER (AVENUE PAUL),M,48.65704614131285,6.6573322585783234
201800028331,NonLethal,2018-02-13,11:30:00,Daylight,540,526,Yes,NoIntersection,Normal,3+Vehicles-Chain,"93, JAURES (BOULEVARD JE",M,48.69579574608581,6.694027952296262
201800028332,NonLethal,2018-02-15,19:25:00,NightStreelightsOn,540,395,Yes,NoIntersection,LightRain,Other,HAGUENAUER (RUE DU GRAND,M,48.68794462528152,6.686987599028271
201800028333,NonLethal,2018-02-17,10:20:00,Daylight,540,395,Yes,X-type,LightRain,2Vehicles-Side,MOLITOR (RUE),M,48.6852187603068,6.686193470856297
201800028334,NonLethal,2018-02-17,19:50:00,NightStreelightsOn,540,304,Yes,NoIntersection,LightRain,2Vehicles-Behind,"OO, AIGUILLETTES  (BD l6",M,48.67823645535389,6.677416114250384
201800028335,NonLethal,2018-01-18,07:00:00,NightStreelightsOn,540,395,Yes,NoIntersection,Normal,Other,MARQUETTE (RUE),M,48.692007567071045,6.690825108311493
201800028336,NonLethal,2018-02-19,18:50:00,NightStreelightsOn,540,395,Yes,NoIntersection,Normal,Other,QUATRE EGLISES (RUE,M,48.68939480863475,6.6883608730316135
201800028337,NonLethal,2018-02-21,14:15:00,Daylight,540,395,Yes,NoIntersection,Normal,3+Vehicles-Chain,"7, MAZAGRAN (RUE)",M,48.68790010623919,6.690368808009975
201800028338,NonLethal,2018-02-23,09:05:00,Daylight,540,526,Yes,NoIntersection,Normal,2Vehicles-Side,TOLSTOI (BOULEVARD),M,48.67292268329998,6.673313690376935
201800028339,NonLethal,2018-02-23,19:54:00,NightStreelightsOn,540,395,Yes,X-type,Normal,Other,AIGUILLETTES  (BD DES),M,48.668537429019466,6.666631871749471
201800028340,NonLethal,2018-02-24,18:05:00,TwilightOrDawn,540,547,Yes,NoIntersection,Normal,Other,NATIONS (RUE DES),M,48.66036120943216,6.661326778246054
201800028341,NonLethal,2018-02-26,09:30:00,Daylight,540,395,Yes,NoIntersection,Normal,Other,SAINT DIZIER (RUE 2 A 80,M,48.68975157802672,6.688381464728777
201800028342,NonLethal,2018-02-27,14:15:00,Daylight,540,395,Yes,NoIntersection,Normal,Other,VINGT SIXIEME R.I.,M,48.69942894512137,6.699139926978663
201800028343,NonLethal,2018-02-28,11:13:00,Daylight,540,547,Yes,NoIntersection,Normal,2Vehicles-Side,LECLERC (AVENUE DU GENER,M,48.68336430578231,6.685587478727231
201800028344,NonLethal,2018-02-03,19:29:00,NightStreelightsOn,540,526,Yes,X-type,SnowOrHail,2Vehicles-Behind,MILLENAIRE (BOULEVARD DU,M,48.68179480019073,6.681243039735398
201800028345,NonLethal,2018-02-28,06:55:00,Daylight,540,395,No,NoIntersection,Normal,Other,RD 674,M,48.675606429236375,6.676859263280112
201800028347,NonLethal,2018-07-03,14:50:00,Daylight,540,274,Yes,NoIntersection,Normal,3+Vehicles-Chain,MALGRANGE (AVENUE DE LA),M,48.66659104667771,6.665580003714374
201800028349,NonLethal,2018-08-03,09:15:00,Daylight,540,395,Yes,X-type,Normal,2Vehicles-Side,CYFFLE (RUE),M,48.686940509065295,6.685609887894917
201800028350,NonLethal,2018-03-09,17:15:00,Daylight,540,547,Yes,NoIntersection,Normal,Other,EUROPE (BOULEVARD DE L'),M,48.66180801664402,6.661089002961482
201800028351,NonLethal,2018-09-03,22:27:00,NightStreelightsOn,540,395,Yes,NoIntersection,Normal,Other,DOMINICAINS (RUE DES),M,48.69101195221896,6.691392824324327
201800028352,NonLethal,2018-12-03,11:00:00,Daylight,540,357,Yes,NoIntersection,Normal,Other,METZ (ROUTE DE),M,48.7096563605552,6.706848608939674
201800028353,NonLethal,2018-03-12,13:45:00,Daylight,540,395,Yes,X-type,Normal,Other,MALZEVILLE (Rue de),M,48.70263987365527,6.702091108090096
201800028354,NonLethal,2018-12-03,20:00:00,NightStreelightsOn,540,184,Yes,X-type,Normal,2Vehicles-Side,BRIGACHTAL (AVENUE DE),M,48.708830385295386,6.708749338867822
201800028355,NonLethal,2018-03-13,00:40:00,NightStreelightsOn,540,395,Yes,X-type,Normal,2Vehicles-BehindVehicles-Frontal,LOBAU (BOULEVARD),M,48.68409053301283,6.683313059346542
201800028356,NonLethal,2018-03-12,20:30:00,NightStreelightsOn,540,304,Yes,Y-type,Normal,2Vehicles-Side,RESISTANCE (AV. DE LA -P,M,48.695497654982034,6.6933761449126425
201800028357,NonLethal,2018-03-13,13:10:00,Daylight,540,395,Yes,NoIntersection,Normal,2Vehicles-Side,"12, CARNOT (PLACE)",M,48.69234730419031,6.694754257892331
201800028358,NonLethal,2018-03-14,10:45:00,Daylight,540,395,Yes,NoIntersection,Normal,Other,HAGUENAUER (RUE DU GRAND,M,48.68777193490499,6.687433944927602
201800028359,NonLethal,2018-03-14,19:55:00,NightStreelightsOn,540,357,Yes,NoIntersection,Normal,Other,"20, COURBET (RUE)",M,48.71322902616954,6.712903947231162
201800028360,NonLethal,2018-03-15,13:09:00,Daylight,540,395,Yes,NoIntersection,Normal,2Vehicles-Behind,"81, BOUFFLERS (AV. DE 74",M,48.69170301820289,6.691463411442967
201800028363,NonLethal,2018-03-17,11:00:00,Daylight,540,328,No,NoIntersection,Normal,Other,PLANCHELLE (RUE DE LA),M,48.6113642221967,6.607840433012263
201800028364,NonLethal,2018-03-17,12:25:00,Daylight,540,526,Yes,NoIntersection,Normal,2Vehicles-Behind,POTIER (RUE EUGENE),M,48.68500025647738,6.684907400771563
201800028365,NonLethal,2018-03-20,20:10:00,NightStreelightsOn,540,395,Yes,NoIntersection,Normal,2Vehicles-Behind,"25, LAXOU (Rue de)",M,48.686231273955286,6.688065281432196
201800028366,NonLethal,2018-03-21,07:23:00,TwilightOrDawn,540,578,Yes,NoIntersection,Normal,Other,AIGUILLETTES  (BD 5 A 73,M,48.66842011342938,6.669614440807342
201800028367,NonLethal,2018-03-22,20:00:00,NightStreelightsOn,540,395,Yes,NoIntersection,Normal,Other,LOUIS (RUE BARON),M,48.695979900697786,6.695554852494745
201800028368,NonLethal,2018-03-23,06:40:00,Daylight,540,395,Yes,X-type,LightRain,3+Vehicles-Chain,POINCARE (RUE RAYMOND 1-,M,48.6866513566174,6.687513023158328
201800028369,NonLethal,2018-03-23,08:22:00,Daylight,540,526,Yes,X-type,Normal,2Vehicles-Side,CONCORDE (AVENUE DE),M,48.68777022514144,6.688031701421358
201800028370,NonLethal,2018-03-14,00:10:00,NightStreelightsOn,540,395,Yes,X-type,Normal,Other,POINCARE (RUE RAYMOND 1-,M,48.69086063129426,6.689927642077209
201800028371,NonLethal,2018-03-24,15:15:00,Daylight,540,547,Yes,NoIntersection,Normal,3+Vehicles-Chain,"l7, MIRECOURT (ROUTE DE)",M,48.65405975739045,6.653983387371252
201800028372,NonLethal,2018-03-22,07:50:00,Daylight,540,395,Yes,X-type,Normal,Other,OUDINOT (RUE DU MAL),M,48.6739762387526,6.67311212482316
201800028373,NonLethal,2018-03-28,18:10:00,Daylight,540,395,Yes,T-type,Normal,Other,SAINT DIZIER (RUE 82 ET,M,48.69364651280818,6.693406762675774
201800028374,NonLethal,2018-03-30,15:15:00,Daylight,540,395,Yes,Y-type,LightRain,2Vehicles-Side,"65, FOCH (AVENUE 18 ET 9",M,48.68588352000126,6.685637988354186
201800028375,NonLethal,2018-03-30,16:10:00,Daylight,540,547,Yes,NoIntersection,Normal,2Vehicles-Behind,"12, ARC (AVENUE JEANNE D",M,48.65893197106951,6.658020464975415
201800028377,NonLethal,2018-03-30,17:50:00,Daylight,540,395,Yes,NoIntersection,Normal,2Vehicles-Behind,"120, LOBAU (BOULEVARD)",M,48.68278108576744,6.682395502551175
201800028378,NonLethal,2018-03-31,14:55:00,Daylight,540,184,No,NoIntersection,Normal,2Vehicles-Side,SAULXURES (AVENUE DE),M,48.76440810840516,6.76334529523135
201800028379,NonLethal,2018-03-31,15:30:00,Daylight,540,395,Yes,NoIntersection,Normal,2Vehicles-Behind,ARC (RUE JEANNE D' Nø53,M,48.684987213601005,6.682826707269382
201800028380,NonLethal,2018-03-04,10:49:00,Daylight,540,395,Yes,T-type,Normal,Other,GRIDEL (RUE DE L'ABBE),M,48.6867541120992,6.686937474568469
201800028381,NonLethal,2018-04-04,09:15:00,Daylight,540,357,Yes,NoIntersection,HeavyRain,2Vehicles-Side,PATTON (AV. DU GENERAL),M,48.70617773589462,6.707067268977101
201800028382,NonLethal,2018-04-05,08:30:00,Daylight,540,547,Yes,NoIntersection,Normal,Other,CALLOT (PLACE ET RUE JAC,M,48.66631044504503,6.666036747031308
201800028383,NonLethal,2018-04-06,12:15:00,Daylight,540,395,Yes,T-type,Normal,Other,FOCH (AVENUE 2 A 16-1 A,M,48.688786124105725,6.688661003749025
201800028385,NonLethal,2018-04-10,11:00:00,Daylight,540,395,Yes,NoIntersection,Normal,Other,CHATELET (Promenade Emil,M,48.69427682999911,6.693597806720704
201800028386,NonLethal,2018-10-04,16:35:00,Daylight,540,395,Yes,NoIntersection,Normal,Other,HAGUENAUER (RUE DU GRAND,M,48.68749314929432,6.686469040959105
201800028387,NonLethal,2018-04-06,14:45:00,Daylight,540,328,Yes,NoIntersection,Normal,3+Vehicles-Chain,TECHNOLOGIES (BOULEVARD,M,48.62118124009639,6.618081772327559
201800028388,NonLethal,2018-04-12,10:35:00,Daylight,540,395,Yes,NoIntersection,Normal,Other,SAINT NICOLAS (RUE 1 A 1,M,48.6894741920712,6.687885254019975
201800028389,NonLethal,2018-04-13,17:10:00,Daylight,540,274,Yes,NoIntersection,Normal,Other,MALGRANGE (AVENUE DE LA),M,48.66895894025262,6.667806943100531
201800028390,NonLethal,2018-04-16,20:30:00,Daylight,540,395,Yes,T-type,Normal,2Vehicles-Side,BLAISE (RUE DU CHANOINE),M,48.68525719620546,6.684704064012219
201800028391,NonLethal,2018-04-18,19:00:00,Daylight,540,395,Yes,NoIntersection,Normal,Other,BERTIN (RUE EMILE),M,48.682242565057535,6.6802141649662605
201800028392,NonLethal,2018-04-18,06:55:00,Daylight,540,274,Yes,T-type,Normal,2Vehicles-Side,FAURE (RUE GABRIEL),M,48.66474095402516,6.669112545191884
201800028393,NonLethal,2018-04-21,08:10:00,Daylight,540,395,Yes,T-type,Normal,2Vehicles-Side,MOULIN (BOULEVARD JEAN),M,48.68543678443264,6.687019418379768
201800028394,NonLethal,2018-04-26,22:10:00,NightStreelightsOn,540,395,Yes,T-type,Normal,2Vehicles-Side,CITADELLE (RUE DE LA),M,48.70210322928839,6.700430529354812
201800028395,NonLethal,2018-04-28,22:40:00,NightStreelightsOn,540,304,Yes,T-type,Normal,Other,AIGUILLETTES  (BD 16 A 2,M,48.67724908800341,6.676893021193872
201800028396,NonLethal,2018-04-29,11:37:00,Daylight,540,395,Yes,X-type,Normal,Other,AMERICAN LEGION  (BD DE,M,48.68456626840217,6.684686363444309
201800028397,NonLethal,2018-04-29,14:26:00,Daylight,540,274,Yes,NoIntersection,Normal,Other,RAMEAU (RUE JEAN PHILIPP,M,48.66933566159545,6.669992699492082
201800028398,NonLethal,2018-04-27,15:03:00,Daylight,540,304,Yes,NoIntersection,Normal,Other,DEROULEDE (AVENUE PAUL),M,48.68447797516073,6.683731966499863
201800028399,NonLethal,2018-01-05,21:55:00,NightStreelightsOn,540,395,Yes,NoIntersection,Normal,2Vehicles-Side,CHARLES III (RUE),M,48.68378726301372,6.686833914866186
201800028400,NonLethal,2018-04-15,00:08:00,NightStreelightsOn,540,395,Yes,NoIntersection,Normal,2Vehicles-Behind,PONT MOUJA (RUE DU),M,48.68567327355373,6.68383362125437
201800028402,NonLethal,2018-02-05,12:24:00,Daylight,540,526,Yes,NoIntersection,Normal,3+Vehicles-Chain,MILLENAIRE (BOULEVARD DU,M,48.68354860656637,6.684061329732977
201800028403,NonLethal,2018-05-05,17:20:00,Daylight,540,25,Yes,NoIntersection,Normal,Other,SAINTE MARGUERITE (AVENU,M,48.668805759680126,6.671582016424651
201800028405,NonLethal,2018-05-09,10:50:00,Daylight,540,395,Yes,NoIntersection,Normal,2Vehicles-BehindVehicles-Frontal,STRASBOURG (AVENUE DE),M,48.67804209259609,6.6784207905800494
201800028406,NonLethal,2018-05-05,04:20:00,NightStreelightsOn,540,395,Yes,X-type,Normal,Other,MOUILLERON (RUE GABRIEL),M,48.68465501758441,6.684562328069323
201800028407,NonLethal,2018-05-10,14:35:00,Daylight,540,547,Yes,NoIntersection,Normal,2Vehicles-Behind,EUROPE (BOULEVARD DE L'),M,48.662312749370855,6.661535476675318
201800028408,NonLethal,2018-05-07,17:40:00,Daylight,540,547,Yes,Roundabout,Normal,2Vehicles-Side,BELGIQUE (RUE DE),M,48.66474069801183,6.664077648914145
201800028409,NonLethal,2018-10-05,16:10:00,Daylight,540,395,Yes,NoIntersection,Normal,Other,BOUFFLERS (AV. DE 74 A 3,M,48.69187685481904,6.69210060639084
201800028411,NonLethal,2018-05-15,07:39:00,Daylight,540,257,Yes,X-type,Normal,2Vehicles-Side,VALSERINE (RUE DE LA),M,48.649521277813335,6.651293434628757
201800028412,NonLethal,2018-05-14,19:09:00,Daylight,540,482,Yes,X-type,Normal,2Vehicles-Side,BARTHOU (RUE LOUIS),M,48.69673637415144,6.69813021663594
201800028413,NonLethal,2018-05-17,08:35:00,Daylight,540,357,Yes,NoIntersection,Normal,2Vehicles-Side,LAFAYETTE (RUE),M,48.70777801180868,6.708125818538501
201800028414,NonLethal,2018-05-17,14:00:00,Daylight,540,395,Yes,X-type,Normal,Other,FERRY (RUE JULES),M,48.68134644801571,6.681709514599874
201800028416,NonLethal,2018-04-28,05:35:00,NightStreelightsOn,540,482,Yes,T-type,Normal,Other,ESSEY (RUE D'),M,48.70425417867529,6.704867029579266
201800028417,NonLethal,2018-05-22,19:40:00,Daylight,540,395,Yes,NoIntersection,Normal,2Vehicles-Side,LIBERATION (AVENUE DE LA,M,48.69798072857664,6.696846717140906
201800028418,NonLethal,2018-05-14,16:55:00,Daylight,540,395,Yes,NoIntersection,Normal,2Vehicles-Behind,MALZEVILLE (Rue de),M,48.7008626106058,6.702995009622917
201800028419,NonLethal,2018-05-21,08:14:00,TwilightOrDawn,540,304,Yes,NoIntersection,Normal,2Vehicles-Behind,RESISTANCE (AV. DE LA -P,M,48.696011972026426,6.695278007228264
201800028420,NonLethal,2018-05-15,08:19:00,Daylight,540,547,Yes,NoIntersection,Normal,Other,MALINES (RUE DE),M,48.66447697912188,6.664294672809694
201800028421,NonLethal,2018-05-25,12:10:00,Daylight,540,526,Yes,NoIntersection,Normal,3+Vehicles-Chain,MILLENAIRE (BOULEVARD DU,M,48.68328388830219,6.683575943314502
201800028422,NonLethal,2018-05-25,13:25:00,Daylight,540,482,Yes,NoIntersection,Normal,2Vehicles-Side,ALEXANDRE 1ER (RUE),M,46.68625365563285,6.685503556332229
201800028423,NonLethal,2018-05-25,16:45:00,Daylight,540,357,Yes,NoIntersection,Normal,3+Vehicles-Chain,REPUBLIQUE (RUE DE LA),M,48.71191260798065,6.712996701619716
201800028424,NonLethal,2018-05-25,20:30:00,Daylight,540,357,Yes,NoIntersection,Normal,Other,CRUSNE (RUE DE LA),M,48.70132324551483,6.70028375978333
201800028425,NonLethal,2018-05-26,11:10:00,Daylight,540,395,Yes,X-type,Normal,Other,BARRES (RUE MAURICE),M,48.69411298010564,6.691877245812377
201800028426,NonLethal,2018-05-26,00:15:00,NightStreelightsOn,540,395,Yes,X-type,Normal,2Vehicles-Side,VISITATION (RUE DE LA),M,48.68914077372255,6.690445507967875
201800028427,NonLethal,2018-05-28,11:05:00,Daylight,540,395,Yes,NoIntersection,Normal,Other,DE LATTRE DE TASSIGNY (A,M,48.68200197760441,6.683923699837601
201800028428,NonLethal,2018-05-23,10:00:00,Daylight,540,395,Yes,NoIntersection,Normal,2Vehicles-Behind,PROUVE (RUE VICTOR),M,48.68440232563494,6.684023268770716