AccidentId,Gravity,Date,Hour,Light,Department,Commune,InAgglomeration,IntersectionType,Weather,CollisionType,PostalAddress,GPSCode,Latitude,Longitude
201800028429,NonLethal,2018-05-25,05:00:00,NightStreelightsOn,540,547,Yes,Roundabout,Normal,2Vehicles-Side,BARTHOU (BD LOUIS),M,48.67186914781254,6.669866683918357
201800028430,NonLethal,2018-05-28,17:26:00,Daylight,540,257,Yes,T-type,Normal,2Vehicles-Side,SONGEUR (RUE LEON),M,48.65402105922233,6.652565144149316
201800028431,NonLethal,2018-05-28,07:15:00,Daylight,540,395,Yes,NoIntersection,Normal,2Vehicles-BehindVehicles-Frontal,SCARPONE (BD DE),M,48.70311775177507,6.706507096485588
201800028432,NonLethal,2018-05-29,14:55:00,Daylight,540,395,Yes,NoIntersection,Normal,Other,SAINT NICOLAS (RUE RESTE,M,48.690695553739225,6.687808933061373
201800028434,NonLethal,2018-05-31,09:01:00,Daylight,540,184,Yes,NoIntersection,Normal,Other,BRIGACHTAL (AVENUE DE),M,48.70804443662096,6.709041080589976
201800028435,NonLethal,2018-05-31,09:15:00,Daylight,540,578,Yes,NoIntersection,Normal,Other,AIGUILLETTES  (BD 5 A 73,M,48.67231505422835,6.672303661384216
201800028436,NonLethal,2018-05-31,10:00:00,Daylight,540,395,Yes,NoIntersection,Normal,Other,LORRAIN (QUAI CLAUDE LE),M,48.697861157012014,6.698606294793989
201800028438,NonLethal,2018-03-06,06:40:00,Daylight,540,395,Yes,NoIntersection,Normal,3+Vehicles-Multiple,FOURIER (RUE PIERRE),M,48.692643397270494,6.691951849273003
201800028439,NonLethal,2018-06-06,17:02:00,Daylight,540,395,Yes,X-type,Normal,Other,ISABEY (RUE),M,48.69879676406868,6.698887814552025
201800028440,NonLethal,2018-06-06,20:00:00,Daylight,540,547,Yes,NoIntersection,Normal,2Vehicles-Side,LECLERC (AVENUE DU GENER,M,48.655892682904735,6.654173180462373
201800028441,NonLethal,2018-07-06,02:40:00,NightStreelightsOn,540,395,Yes,NoIntersection,Normal,2Vehicles-Behind,BOUFFLERS (AV. DE 74 A 3,M,48.69170257092334,6.69088412450044
201800028444,NonLethal,2018-06-13,15:25:00,Daylight,540,395,Yes,NoIntersection,Normal,Other,JOFFRE (Boulevard),M,48.68838308342141,6.687588197862847
201800028445,NonLethal,2018-12-06,13:28:00,Daylight,540,274,Yes,NoIntersection,Normal,Other,REPUBLIQUE (RUE DE LA),M,48.67250165838156,6.6746120228418615
201800028446,NonLethal,2018-12-06,18:00:00,Daylight,540,265,Yes,NoIntersection,Normal,2Vehicles-Behind,RD 570,M,48.625761410358216,6.624483549279335
201800028447,NonLethal,2018-06-14,18:10:00,Daylight,540,304,Yes,NoIntersection,Normal,2Vehicles-Side,RESISTANCE (AV. DE LA -P,M,48.6944788119478,6.695611933780861
201800028448,NonLethal,2018-06-21,10:25:00,Daylight,540,547,Yes,NoIntersection,Normal,Other,COTEAUX  (CHEMIN DES),M,48.64635963672881,6.648690962437571
201800028449,Lethal,2018-06-22,05:42:00,Daylight,540,395,Yes,X-type,Normal,2Vehicles-Side,BLANDAN (IMPASSE ET RUE,M,48.67527107582567,6.678235258297421
201800028450,NonLethal,2018-06-22,17:15:00,Daylight,540,578,Yes,X-type,Normal,Other,OUDILLE (RUE CHARLES),M,48.66902294703748,6.670958818069582
201800028451,NonLethal,2018-06-23,17:35:00,Daylight,540,395,Yes,X-type,Normal,2Vehicles-Side,AUSTRASIE (BOULEVARD),M,48.6912321598512,6.690471856924445
201800028453,NonLethal,2018-06-26,08:30:00,Daylight,540,300,Yes,X-type,Normal,2Vehicles-Side,VERNE (RUE JULES),M,48.65750300557716,6.65578180895956
201800028454,NonLethal,2018-06-26,13:55:00,Daylight,540,578,Yes,NoIntersection,Normal,2Vehicles-Side,AIGUILLETTES  (BD 5 A 73,M,48.670629736381855,6.671189042173208
201800028455,NonLethal,2018-06-26,12:15:00,Daylight,540,395,Yes,X-type,Normal,2Vehicles-Side,LOBAU (BOULEVARD),M,48.68144372153649,6.678648404292442
201800028457,NonLethal,2018-06-25,12:37:00,Daylight,540,395,Yes,NoIntersection,Normal,Other,PONTS (RUE DES 2 A 3,M,48.686704709315,6.685631169391142
201800028458,NonLethal,2018-06-28,14:50:00,Daylight,540,274,Yes,NoIntersection,Normal,2Vehicles-Behind,MALGRANGE (AVENUE DE LA),M,48.66679869487384,6.666488170022864
201800028459,NonLethal,2018-06-28,15:40:00,Daylight,540,328,Yes,NoIntersection,Normal,2Vehicles-Side,PASTEUR (RUE LOUIS),M,48.61815685140586,6.617696174372679
201800028460,NonLethal,2018-06-28,15:15:00,Daylight,540,395,Yes,X-type,Normal,2Vehicles-Behind,GARENNE (ALLEE ET AVENUE,M,48.68042813130474,6.680598690528151
201800028461,NonLethal,2018-06-28,19:10:00,Daylight,540,395,Yes,NoIntersection,Normal,3+Vehicles-Chain,JAURES (BOULEVARD JE,M,48.68546662435592,6.683760148851892
201800028462,NonLethal,2018-06-27,20:00:00,Daylight,540,395,Yes,NoIntersection,Normal,Other,HACHE (RUE DE LA),M,48.68707185398127,6.687871800430578
201800028463,Lethal,2018-06-30,18:17:00,Daylight,540,395,Yes,X-type,Normal,2Vehicles-Side,KENNEDY (VIADUC),M,48.68444962305183,6.685941102019572
201800028465,NonLethal,2018-06-29,16:10:00,Daylight,540,304,Yes,NoIntersection,Normal,Other,CENACLE(ALLEE DU),M,48.68834845754344,6.687389589878921
201800028467,NonLethal,2018-01-07,03:30:00,NightStreelightsOn,540,395,Yes,NoIntersection,Normal,2Vehicles-Side,SAINT DIZIER (RUE 2,M,48.68732625348338,6.686353829750856
201800028468,NonLethal,2018-07-03,16:55:00,Daylight,540,395,Yes,NoIntersection,Normal,2Vehicles-Behind,QUATRE EGLISES (RUE,M,48.68608297146805,6.6864608487608255
201800028469,NonLethal,2018-04-07,14:40:00,Daylight,540,304,Yes,NoIntersection,Normal,Other,BOIS GRONEE (AVENUE DU),M,48.68712225031753,6.683862960044134
201800028470,NonLethal,2018-05-07,12:43:00,Daylight,540,395,Yes,NoIntersection,Normal,2Vehicles-Behind,BERTIN (RUE EMILE),M,48.68062957067736,6.681203686680614
201800028471,NonLethal,2018-05-07,13:50:00,Daylight,540,395,Yes,NoIntersection,Normal,2Vehicles-Behind,QUATRE EGLISES (RUE,M,48.686342105991656,6.6841294533155535
201800028472,NonLethal,2018-04-07,18:00:00,Daylight,540,547,Yes,NoIntersection,Normal,2Vehicles-Behind,ROUX (RUE DU DOCTEUR),M,48.67274679156075,6.67308521320157
201800028473,NonLethal,2018-06-07,08:17:00,Daylight,540,578,Yes,NoIntersection,Normal,2Vehicles-Side,MULLER (AVENUE PAUL),M,48.65571905471343,6.658167422756048
201800028474,NonLethal,2018-07-03,11:34:00,Daylight,540,357,Yes,NoIntersection,Normal,2Vehicles-Behind,REPUBLIQUE (RUE DE LA),M,48.71290664620479,6.71406634603736
201800028475,NonLethal,2018-07-06,22:25:00,NightStreelightsOff,540,395,Yes,X-type,Normal,2Vehicles-BehindVehicles-Frontal,TOMBLAINE (RUE DE),M,48.687117581598166,6.686737859242266
201800028476,NonLethal,2018-07-05,20:40:00,Daylight,540,395,Yes,NoIntersection,Normal,Other,DEGLIN (RUE HENRI),M,48.69903334951767,6.700046482236012
201800028477,NonLethal,2018-07-06,21:23:00,TwilightOrDawn,540,395,Yes,NoIntersection,Normal,2Vehicles-Behind,COLLIGNON (Avenue et Pon,M,48.687212766404485,6.685324479114566
201800028478,NonLethal,2018-07-09,14:40:00,Daylight,540,547,Yes,NoIntersection,Normal,Other,BELGIQUE (RUE DE),M,48.66476973453765,6.664518982239078
201800028479,NonLethal,2018-07-09,18:20:00,Daylight,540,304,Yes,NoIntersection,Normal,Other,EUROPE (AVENUE DE L'),M,48.67890997195473,6.6791838187542005
201800028480,NonLethal,2018-06-07,09:00:00,Daylight,540,395,Yes,NoIntersection,Normal,Other,CARNOT (PLACE),M,48.695248802324215,6.694326136271659
201800028481,NonLethal,2018-12-07,08:15:00,Daylight,540,395,Yes,X-type,Normal,2Vehicles-Side,AIGUILLETTES  (BD DES),M,48.6652533251726,6.667810472361879
201800028482,NonLethal,2018-07-13,16:45:00,Daylight,540,395,Yes,T-type,Normal,2Vehicles-Side,CRISTALLERIES (RUE DES),M,48.69509801298312,6.697988982757948
201800028483,NonLethal,2018-07-14,10:50:00,Daylight,540,547,Yes,NoIntersection,Normal,2Vehicles-Side,ANGLETERRE  (PLACE D'),M,48.660639899371375,6.658430984768475
201800028484,NonLethal,2018-07-15,00:05:00,NightStreelightsOn,540,395,No,NoIntersection,Normal,2Vehicles-Behind,RD 674,M,48.677613094403846,6.676389136687734
201800028485,NonLethal,2018-07-16,01:23:00,NightStreelightsOn,540,300,Yes,NoIntersection,Other,Other,GALTIER (RUE LUCIEN),M,48.66073907939004,6.662755995271096
201800028486,NonLethal,2018-07-17,20:15:00,Daylight,540,395,Yes,NoIntersection,Normal,2Vehicles-Behind,LAMOUR (RUE JEAN),M,48.70210733422108,6.701787699780715
201800028487,NonLethal,2018-07-22,22:50:00,NightStreelightsOn,540,395,Yes,NoIntersection,Normal,2Vehicles-Behind,LIBERATION (AVENUE DE LA,M,48.69667388279925,6.698405191039416
201800028488,NonLethal,2018-07-15,18:15:00,Daylight,540,395,Yes,NoIntersection,Normal,Other,STANISLAS (PLACE ET PORT,M,48.69380934838839,6.693900271581162
201800028489,NonLethal,2018-11-07,11:19:00,Daylight,540,395,Yes,NoIntersection,Normal,Other,HERE (RUE),M,48.69434451154231,6.696394303511691
201800028490,NonLethal,2018-07-23,20:00:00,Daylight,540,357,Yes,NoIntersection,Normal,2Vehicles-Behind,CHARCOT (RUE DU COMMANDA,M,48.71241461631756,6.712337133120823
201800028491,NonLethal,2018-07-24,17:45:00,Daylight,540,526,Yes,NoIntersection,Normal,Other,LANDERNEAU (RUE DE),M,48.69697283108764,6.697612341440501
201800028493,NonLethal,2018-07-25,17:45:00,Daylight,540,395,Yes,X-type,Normal,Other,SEMARD (RUE PIERRE),M,48.690568129651616,6.690165158998425
201800028494,NonLethal,2018-07-26,14:20:00,Daylight,540,395,Yes,T-type,Normal,2Vehicles-Side,METZ (RUE DE),M,48.702223319524,6.701340629535196
201800028495,NonLethal,2018-07-27,20:00:00,Daylight,540,395,Yes,Y-type,Normal,2Vehicles-Side,MOROT (PLACE AIME),M,48.70014955119184,6.699852041713132
201800028496,NonLethal,2018-07-31,08:20:00,Daylight,540,482,Yes,NoIntersection,Normal,Other,CARNOT (AVENUE),M,48.70183739986908,6.7017024286968
201800028497,NonLethal,2018-07-26,16:05:00,Daylight,540,274,Yes,NoIntersection,Normal,2Vehicles-Side,GARE (AVENUE ET PLACE DE,M,48.66933064196117,6.669223653362228
201800028498,NonLethal,2018-07-26,12:10:00,Daylight,540,547,Yes,NoIntersection,Normal,Other,FORET DE LA REINE (ALLEE,M,48.65739812374207,6.655217217246168
201800028499,NonLethal,2018-07-27,23:53:00,NightStreelightsOn,540,304,Yes,NoIntersection,Normal,2Vehicles-Side,RESISTANCE (AV. DE LA -P,M,48.69330366948515,6.696147941788421
201800028500,NonLethal,2018-07-31,18:56:00,Daylight,540,395,Yes,NoIntersection,Normal,NoCollision,RD 674,M,48.67907053374185,6.677275206094276
201800028501,NonLethal,2018-01-08,11:35:00,Daylight,540,328,Yes,NoIntersection,HeavyRain,Other,BON CURE (AVENUE DU),M,48.614962207448,6.61476533197168
201800028502,NonLethal,2018-01-08,18:20:00,Daylight,540,395,Yes,NoIntersection,Normal,3+Vehicles-Chain,RD 674,M,48.67629964553022,6.67588896182979
201800028504,NonLethal,2018-02-08,00:10:00,NightStreelightsOn,540,395,Yes,NoIntersection,Normal,3+Vehicles-Multiple,BOUFFLERS (AVENUE) DE 2,M,48.69348053781276,6.6929659005747855
201800028505,NonLethal,2018-08-02,14:25:00,Daylight,540,274,Yes,NoIntersection,Normal,3+Vehicles-Chain,FAURE (RUE GABRIEL),M,48.66787357745935,6.668251969429764
201800028506,NonLethal,2018-08-09,07:30:00,Daylight,540,304,Yes,NoIntersection,Normal,2Vehicles-Side,BOIS GRONEE (AVENUE DU),M,48.68680106024949,6.687696921405118
201800028507,NonLethal,2018-08-09,10:05:00,Daylight,540,304,Yes,NoIntersection,Normal,2Vehicles-Side,RESISTANCE (AV. DE LA -I,M,48.69449177995325,6.695035366811192
201800028508,NonLethal,2018-08-14,13:50:00,Daylight,540,184,Yes,NoIntersection,Normal,Other,VERDUN (RUE DE),M,48.70406445701583,6.704506034201331
201800028509,NonLethal,2018-08-14,14:07:00,Daylight,540,395,Yes,NoIntersection,Normal,Other,POINCARE (RUE RAYMOND 1-,M,48.69109206298391,6.691101464409599
201800028510,NonLethal,2018-08-15,18:02:00,Daylight,540,395,Yes,X-type,Normal,2Vehicles-Side,LOBAU (BOULEVARD),M,48.686711573777714,6.687033126504572
201800028511,NonLethal,2018-08-15,19:30:00,TwilightOrDawn,540,395,Yes,X-type,Normal,2Vehicles-Side,OBERLIN (RUE),M,48.7036483283649,6.703058218308107
201800028512,NonLethal,2018-08-17,06:25:00,TwilightOrDawn,540,395,Yes,Y-type,Normal,2Vehicles-Side,LOBAU (BOULEVARD),M,48.68995023863919,6.687645694493169
201800028516,NonLethal,2018-08-21,16:10:00,Daylight,540,578,Yes,Other,Normal,2Vehicles-Behind,MULLER (AVENUE PAUL),M,48.65507393160264,6.654690368913872
201800028518,NonLethal,2018-08-28,17:30:00,Daylight,540,578,Yes,NoIntersection,Normal,Other,MULLER (AVENUE PAUL),M,48.65839539887248,6.657832299419978
201800028520,NonLethal,2018-08-29,16:25:00,Daylight,540,578,Yes,NoIntersection,LightRain,2Vehicles-Side,MALRAUX (AVENUE ANDRE),M,48.67163121146493,6.672344934372232
201800028521,NonLethal,2018-08-29,18:15:00,Daylight,540,395,Yes,NoIntersection,Normal,3+Vehicles-Chain,MATHIEU (RUE DU CARDINAL,M,48.67104032401272,6.671399043503126
201800028522,NonLethal,2018-08-29,17:50:00,Daylight,540,395,Yes,NoIntersection,Normal,2Vehicles-Behind,BROT (Rue Marcel),M,48.68590403089761,6.684776864800438
201800028523,NonLethal,2018-08-30,11:40:00,Daylight,540,395,Yes,NoIntersection,Normal,2Vehicles-Side,HAUSSONVILLE (BD D'),M,48.6752925180165,6.673258482107777
201800028524,NonLethal,2018-09-03,13:55:00,Daylight,540,395,Yes,NoIntersection,Normal,2Vehicles-Behind,MANGIN (AVENUE DU GENERA,M,48.671293278549896,6.672030558771397
201800028525,NonLethal,2018-09-04,20:50:00,NightStreelightsOn,540,547,Yes,X-type,Normal,2Vehicles-Side,AIGUILLETTES (BD 1 A 3),M,48.664860175799184,6.666826500251558
201800028526,NonLethal,2018-09-05,11:26:00,Daylight,540,395,Yes,NoIntersection,Normal,Other,CHATEAU SALINS (RUE DE),M,48.699691786899805,6.700246852344595
201800028527,NonLethal,2018-09-05,14:30:00,Daylight,540,482,Yes,NoIntersection,Normal,2Vehicles-Behind,GROUPE LIBERATOR (RUE DU,M,48.70560830231329,6.704088794239029
201800028528,NonLethal,2018-09-06,15:15:00,Daylight,540,547,Yes,NoIntersection,LightRain,Other,FORET DE HAYE (RUE DE LA,M,48.65074049445876,6.650586944452449
201800028529,NonLethal,2018-07-09,08:00:00,Daylight,540,526,Yes,NoIntersection,Normal,Other,JAURES (BOULEVARD JEAN),M,48.68899748434535,6.688445388854614
201800028530,NonLethal,2018-08-07,07:08:00,Daylight,540,547,Yes,NoIntersection,Normal,Other,MORVAN (RUE DU),M,48.65123962028588,6.649329146812263
201800028531,NonLethal,2018-08-09,13:00:00,Daylight,540,395,Yes,NoIntersection,Normal,2Vehicles-Side,VINGT SIXIEME R.I. (BOUL,M,48.69714946020203,6.696416399267899
201800028532,NonLethal,2018-09-09,10:08:00,Daylight,540,184,Yes,NoIntersection,Normal,2Vehicles-Behind,AGINCOURT  (ROUTE RD 913,M,48.71194931738111,6.710730095407328
201800028533,NonLethal,2018-09-09,20:30:00,NightStreelightsOn,540,395,Yes,NoIntersection,Normal,Other,MOUILLERON (RUE GABRIEL),M,48.68412650523671,6.683558116739772
201800028534,NonLethal,2018-09-10,08:20:00,Daylight,540,257,Yes,NoIntersection,Normal,2Vehicles-Behind,LEMAIRE (RUE GUSTAVE),M,48.651256827076914,6.653499844225728
201800028535,NonLethal,2018-09-10,11:55:00,Daylight,540,395,Yes,X-type,Normal,2Vehicles-Side,STANISLAS (RUE),M,48.69058414830988,6.69163563275515
201800028536,NonLethal,2018-09-12,19:30:00,Daylight,540,274,Yes,NoIntersection,Normal,Other,FORGES DU NORD ET DE L'E,M,48.67391638598847,6.672425946519476
201800028538,NonLethal,2018-09-14,17:20:00,Daylight,540,257,Yes,X-type,Normal,2Vehicles-Side,VANDOEUVRE (RUE DE),M,48.65300249385605,6.651503902578339
201800028539,NonLethal,2018-09-17,16:25:00,Daylight,540,578,Yes,NoIntersection,Normal,Other,LECLERC (AVENUE DU GENER,M,48.67688179317438,6.677806733283629
201800028541,NonLethal,2018-09-18,11:55:00,Daylight,540,547,Yes,NoIntersection,Normal,2Vehicles-Behind,PALISSY (RUE BERNARD),M,48.65423335368217,6.6545005082910365
201800028542,NonLethal,2018-09-18,13:40:00,Daylight,540,439,Yes,NoIntersection,Normal,3+Vehicles-Multiple,SEICHAMPS (RUE DE),M,48.70368285840325,6.702870299226343
201800028543,NonLethal,2018-09-19,12:10:00,Daylight,540,395,Yes,NoIntersection,Normal,2Vehicles-Side,VINGT SIXIEME R.I. (BOUL,M,48.69944259410419,6.700094973714451
201800028544,NonLethal,2018-09-19,17:20:00,Daylight,540,526,Yes,NoIntersection,Normal,2Vehicles-Side,POTIER (RUE EUGENE),M,48.6844223148981,6.685228898122187
201800028545,NonLethal,2018-09-20,14:04:00,Daylight,540,395,Yes,X-type,Normal,2Vehicles-Side,JACQUINOT (RUE),M,48.69873489728807,6.6975708696469045
201800028546,NonLethal,2018-09-20,10:35:00,Daylight,540,395,Yes,X-type,Normal,2Vehicles-Side,STANISLAS (RUE),M,48.69264435503828,6.691501527788429
201800028547,NonLethal,2018-09-20,14:28:00,Daylight,540,395,Yes,NoIntersection,Normal,Other,ARMEE PATTON (RUE DE L'),M,48.69026701768398,6.690705781713737
201800028548,NonLethal,2018-09-21,20:40:00,NightStreelightsOn,540,547,Yes,NoIntersection,Normal,Other,PORTUGAL (RUE DU),M,48.66424592041116,6.663830030560286
201800028549,NonLethal,2018-09-22,15:30:00,Daylight,540,357,Yes,NoIntersection,Normal,2Vehicles-Behind,ZENITH,M,48.71328590758432,6.712265502174376
201800028550,NonLethal,2018-09-23,20:00:00,NightStreelightsOn,540,304,Yes,NoIntersection,LightRain,2Vehicles-Side,AIGUILLETTES  (BD 16 A 2,M,48.6788529405402,6.67832515656121
201800028552,NonLethal,2018-09-24,09:50:00,Daylight,540,395,Yes,NoIntersection,Normal,Other,SELLIER (RUE),M,48.69926210946431,6.699989618091211
201800028553,NonLethal,2018-09-24,15:25:00,Daylight,540,395,Yes,NoIntersection,Normal,Other,STRASBOURG (AVENUE DE),M,48.676102809802885,6.673908527585354
201800028554,NonLethal,2018-09-26,13:20:00,Daylight,540,395,Yes,NoIntersection,Normal,2Vehicles-Behind,ARC (RUE JEANNE D' N,M,48.68099849611592,6.679884879159624
201800028555,NonLethal,2018-09-20,18:00:00,TwilightOrDawn,540,395,Yes,X-type,Normal,Other,SAINT JEAN (RUE),M,48.69154651372248,6.691364669798977
201800028556,NonLethal,2018-09-27,10:51:00,Daylight,540,339,Yes,NoIntersection,Normal,Other,AVENIR (RUE DE L'),M,48.13739047211149,6.136497927246303
201800028557,NonLethal,2018-09-28,06:45:00,Daylight,540,395,Yes,NoIntersection,Normal,2Vehicles-Behind,ARC ( RUE JEANNE D'N,M,48.68162602712634,6.681891705936146
201800028558,NonLethal,2018-10-04,17:10:00,Daylight,540,184,Yes,NoIntersection,Normal,2Vehicles-BehindVehicles-Frontal,BRIGACHTAL (AVENUE DE),M,48.70835434094014,6.709383099032476
201800028559,NonLethal,2018-10-04,18:20:00,Daylight,540,395,Yes,NoIntersection,VeryGood,Other,TIERCELINS (RUE DES),M,48.692492981493565,6.691174453319371
201800028561,NonLethal,2018-07-10,18:01:00,Daylight,540,395,Yes,NoIntersection,Normal,2Vehicles-Side,JACQUINOT (RUE),M,48.69896127416247,6.698237704878212
201800028562,NonLethal,2018-10-07,19:25:00,NightStreelightsOn,540,526,Yes,NoIntersection,Normal,2Vehicles-Side,RD 2 BIS,M,48.67957149370259,6.68060079821036
201800028563,NonLethal,2018-10-09,12:13:00,Daylight,540,547,Yes,NoIntersection,Normal,Other,EUROPE (BOULEVARD DE L'),M,48.65552057585902,6.656400513482804
201800028564,NonLethal,2018-10-17,08:52:00,Daylight,540,578,Yes,NoIntersection,Normal,2Vehicles-Side,MULLER (AVENUE PAUL),M,48.66461406072708,6.66355729320745
201800028565,NonLethal,2018-10-20,02:45:00,NightNoStreetLight,540,357,Yes,NoIntersection,Normal,Other,REPUBLIQUE (RUE DE LA),M,48.66388244356357,6.664989727221348
201800028566,NonLethal,2018-10-18,14:00:00,Daylight,540,395,Yes,NoIntersection,Normal,2Vehicles-Side,STRASBOURG (AVENUE DE),M,48.6768364221668,6.675136724502002
201800028567,NonLethal,2018-12-10,09:55:00,Daylight,540,578,Yes,T-type,Normal,Other,FRANCE LANORD (RUE),M,48.67569861974327,6.673743744123513
201800028570,NonLethal,2018-10-25,08:10:00,TwilightOrDawn,540,395,Yes,NoIntersection,LightRain,Other,MACARONS (RUE DES SOEURS,M,48.6873922630794,6.688254625781256
201800028571,NonLethal,2018-10-27,17:50:00,Daylight,540,265,Yes,NoIntersection,Normal,Other,RD 570,M,48.64425014310432,6.646133769860795
201800028572,NonLethal,2018-10-25,18:30:00,TwilightOrDawn,540,300,Yes,NoIntersection,Normal,Other,BAYON (ROUTE DE),M,48.63938953874117,6.641030398266085
201800028573,NonLethal,2018-11-07,09:12:00,Daylight,540,274,Yes,NoIntersection,Normal,2Vehicles-Side,FAURE (RUE GABRIEL),M,48.6687079237078,6.667856818929897
201800028575,NonLethal,2018-11-14,15:05:00,Daylight,540,395,Yes,NoIntersection,Normal,2Vehicles-Side,PAINLEVE (PLACE PAUL),M,48.6818864245899,6.680266993527994
201800028577,NonLethal,2018-09-11,12:05:00,Daylight,540,395,Yes,NoIntersection,Normal,2Vehicles-Side,TOMBLAINE (RUE DE),M,48.68866540118893,6.689377510075989
201800028578,NonLethal,2018-11-21,13:51:00,Daylight,540,328,Yes,X-type,Normal,2Vehicles-Side,PASTEUR (RUE LOUIS),M,48.61771297060163,6.6163636640532895
201800028582,NonLethal,2018-03-12,23:05:00,NightStreelightsOn,540,395,Yes,X-type,LightRain,2Vehicles-Behind,METZ (RUE DE),M,48.70218965573063,6.701400489242684
201800028583,NonLethal,2018-12-07,19:30:00,NightStreelightsOn,540,395,Yes,T-type,LightRain,2Vehicles-Side,QUATRE EGLISES (RUE,M,48.68504286861594,6.686227751145302
201800028584,NonLethal,2018-09-12,22:10:00,NightStreelightsOn,540,197,Yes,NoIntersection,Normal,Other,LORIOTS (SQUARE DES),M,48.62267585284551,6.623942401771708
201800028585,NonLethal,2018-12-13,09:26:00,Daylight,540,495,Yes,NoIntersection,VeryGood,Other,CHATEAU (AVENUE DU),M,48.70174898225,6.699572045266341
201800028586,NonLethal,2018-12-17,09:57:00,Daylight,540,395,Yes,X-type,LightRain,Other,MON DESERT (RUE),M,48.68231897974279,6.684213251433936
201800028587,NonLethal,2018-12-04,07:39:00,Daylight,540,578,No,NoIntersection,LightRain,2Vehicles-BehindVehicles-Frontal,MULLER (AVENUE PAUL),M,48.656647577139694,6.656297862102944
201800028588,NonLethal,2018-12-26,12:00:00,Daylight,540,547,Yes,NoIntersection,Normal,Other,LUDWIGSHAFEN (RUE DE),M,48.660053504085866,6.660677055916343
201800028589,NonLethal,2018-12-28,00:40:00,NightStreelightsOn,540,328,Yes,NoIntersection,Normal,Other,SECOURS (RUE DU),M,48.62276811338276,6.621074493639867
201800028590,NonLethal,2018-12-06,09:10:00,Daylight,540,526,Yes,NoIntersection,Normal,Other,HERBUVAUX (PLACE RENE),M,48.68575531435136,6.684686023735437
201800028591,NonLethal,2018-02-20,09:25:00,Daylight,540,431,Yes,NoIntersection,Normal,Other,ROGE (RUE XAVIER),M,48.90121651455935,6.898998557100714
201800028592,Lethal,2018-03-14,14:09:00,Daylight,540,431,No,T-type,Normal,2Vehicles-Side,NORROY (ROUTE DE),M,48.92407499087656,6.923948014339836
201800028593,NonLethal,2018-03-31,08:25:00,Daylight,540,431,No,X-type,FogOrSmoke,2Vehicles-Side,RD 657 CHAMPEY,M,48.91742651737359,6.918465117194094
201800028594,Lethal,2018-11-04,02:40:00,NightNoStreetLight,540,431,No,NoIntersection,Normal,Other,RD 910 LESMENILS,M,48.91816257415051,6.918850089278247
201800028595,NonLethal,2018-04-17,17:35:00,Daylight,540,431,Yes,NoIntersection,Normal,Other,DE LATTRE DE TASSIGNY (B,M,48.90479661270432,6.903886148165597
201800028597,NonLethal,2018-05-14,10:25:00,Daylight,540,332,Yes,NoIntersection,LightRain,2Vehicles-Behind,Saint Pierre,M,48.89958569497183,6.8993693170361245
201800028598,NonLethal,2018-06-08,12:23:00,Daylight,540,431,Yes,T-type,Normal,2Vehicles-Side,DE GAULLE (AVENUE),M,48.905028529478486,6.905608141988225
201800028600,NonLethal,2018-06-23,23:55:00,NightStreelightsOn,540,431,Yes,X-type,Normal,Other,LILAS (RUE DES),M,48.90634761361354,6.907316139774176
201800028601,NonLethal,2018-05-07,10:48:00,Daylight,540,431,Yes,NoIntersection,Normal,Other,GAMBETTA (RUE),M,48.906463410156974,6.90418762011632
201800028602,NonLethal,2018-05-07,12:15:00,Daylight,540,375,No,NoIntersection,LightRain,2Vehicles-Side,RD 958 COTES SAINT-PIERR,M,48.89898531284712,5.898220187363184
201800028603,NonLethal,2018-07-22,18:30:00,Daylight,540,431,Yes,T-type,Normal,Other,FABVIER (RUE),M,48.90291225538523,6.903793281495933
201800028604,NonLethal,2018-07-09,09:00:00,Daylight,540,431,Yes,NoIntersection,Normal,3+Vehicles-Chain,EISENHOWER (AVENUE),M,48.902839229772646,6.901296490981803
201800028605,NonLethal,2018-09-21,16:50:00,Daylight,540,431,Yes,NoIntersection,Normal,2Vehicles-Side,MONTRICHARD (CHEMIN DE),M,48.91275228937329,6.911167625209351
201800028606,NonLethal,2018-01-10,13:25:00,Daylight,540,431,Yes,NoIntersection,Overcast,2Vehicles-Behind,EISENHOWER (AVENUE),M,48.9028609144102,6.90307831606017
201800028607,NonLethal,2018-10-09,12:10:00,Daylight,540,431,Yes,T-type,LightRain,2Vehicles-Side,HENRI DUNANT (AVENUE),M,48.916988784315606,6.918020974213235
201800028608,NonLethal,2018-11-10,20:05:00,NightStreelightsOn,540,431,Yes,Roundabout,LightRain,3+Vehicles-Multiple,ETATS-UNIS (AVENUE DES),M,48.901626230033,6.89981676515513
201800028609,NonLethal,2018-11-17,17:27:00,NightNoStreetLight,540,375,No,NoIntersection,Overcast,NoCollision,RD 958 COTES SAINT-PIERR,M,48.90119077926131,6.902451770213843
201800028610,NonLethal,2018-11-19,09:53:00,Daylight,540,431,Yes,T-type,LightRain,2Vehicles-Behind,BRIEY (ROUTE DE),M,48.91125226318997,6.908328149960766
201800028611,NonLethal,2018-11-16,10:30:00,Daylight,540,431,Yes,Other,Overcast,Other,THIERS (PLACE),M,48.90104372041496,6.902455296332669
201800028612,NonLethal,2018-03-12,14:55:00,Daylight,540,79,Yes,NoIntersection,LightRain,Other,CLAUDE (AVENUE VICTOR),M,48.88610123994939,6.884329778263724
201800028613,NonLethal,2018-12-13,07:07:00,NightStreelightsOn,540,431,Yes,NoIntersection,Other,3+Vehicles-Multiple,RD 657 DIEULOUARD,M,48.000257988363344,6.001030225576614