AccidentId,Gravity,Date,Hour,Light,Department,Commune,InAgglomeration,IntersectionType,Weather,CollisionType,PostalAddress,GPSCode,Latitude,Longitude
201800028614,NonLethal,2018-12-14,16:40:00,TwilightOrDawn,540,431,Yes,T-type,Normal,2Vehicles-Side,BRIEY (ROUTE DE),M,48.91067456218928,6.909793655098945
201800028615,NonLethal,2018-12-18,15:30:00,Daylight,540,431,Yes,X-type,Normal,2Vehicles-Side,RD 657 CHAMPEY,M,48.91918411172094,6.921187430362827
201800028616,Lethal,2018-11-27,17:10:00,NightNoStreetLight,540,528,Yes,NoIntersection,Normal,Other,VERDUN,M,48.69238671749444,5.691419570009673
201800028617,NonLethal,2018-01-19,15:53:00,Daylight,540,167,No,NoIntersection,Normal,Other,RD909,M,48.672832986096815,5.672867656419693
201800028618,Lethal,2018-04-09,17:25:00,Daylight,540,528,Yes,T-type,Normal,2Vehicles-Side,MAURICE BOKANOWSKI,M,48.70220067572537,5.701958346434815
201800028619,NonLethal,2018-04-29,01:50:00,NightStreelightsOn,540,528,Yes,Y-type,LightRain,Other,ALBERT DENIS,M,48.668182371114064,5.668845732900132
201800028620,NonLethal,2018-09-05,17:19:00,Daylight,540,580,Yes,T-type,Normal,2Vehicles-BehindVehicles-Frontal,VERDUN (RUE DE),M,49.465718307511736,5.466091044121423
201800028621,NonLethal,2018-06-14,09:50:00,Daylight,540,580,Yes,NoIntersection,Normal,2Vehicles-BehindVehicles-Frontal,ONZE NOVEMBRE 1918 (RUE,M,49.462197117060335,5.462470251526409
201800028622,NonLethal,2018-06-14,19:15:00,Daylight,540,181,Yes,T-type,LightRain,2Vehicles-BehindVehicles-Frontal,CRUNES (ROUTE DE),M,49.41791639018124,5.418843502453059
201800028623,NonLethal,2018-06-20,20:00:00,Daylight,540,575,No,NoIntersection,Normal,2Vehicles-Side,MONNET JEAN (AVENUE),M,49.46043026547774,5.4608406740865645
201800028624,NonLethal,2018-03-11,14:00:00,Daylight,540,580,Yes,T-type,Normal,2Vehicles-Behind,ROOSEVELT FRANKLIN (RUE),M,49.4709632805728,5.469934189767609
201800028625,NonLethal,2018-01-19,15:05:00,Daylight,550,29,Yes,NoIntersection,LightRain,2Vehicles-Side,WEISS ( RUE LOUISE ),M,48.76403510674981,5.7609531817473885
201800028627,NonLethal,2018-05-04,12:15:00,Daylight,550,29,Yes,NoIntersection,Normal,Other,ALLENDE ( RUE SALVATOR ),M,48.77299730855433,5.773233760259836
201800028628,Lethal,2018-04-24,13:10:00,Daylight,550,29,Yes,NoIntersection,Normal,Other,ROSIERS ( ALLEE DES ),M,48.7730659670022,5.77338032064409
201800028629,NonLethal,2018-07-06,08:50:00,Daylight,550,29,Yes,X-type,Normal,NoCollision,MAGINOT ( RUE ANDREE ),M,48.775181977001694,5.773727105874767
201800028630,NonLethal,2018-08-06,09:16:00,Daylight,550,29,No,NoIntersection,Normal,NoCollision,PAS LE VACHE ( CHEMIN DU,M,48.76317157960754,5.764178316985088
201800028631,NonLethal,2018-03-08,23:15:00,NightStreelightsOn,550,186,Yes,NoIntersection,Normal,Other,GARE ( RUE DE LA ),M,48.794005742351565,5.794414186644385
201800028632,NonLethal,2018-10-05,08:30:00,TwilightOrDawn,550,29,Yes,NoIntersection,VeryGood,Other,BRADFER ( RUE ERNEST ),M,48.769052678459424,5.768590041894801
201800028633,NonLethal,2018-01-26,13:00:00,Daylight,550,545,Yes,Roundabout,Normal,2Vehicles-Side,DOCTEUR SCHWEITZER ( DU,M,49.158081127695965,5.157480216444208
201800028634,Lethal,2018-05-16,19:45:00,Daylight,550,545,No,NoIntersection,Normal,Other,DUGNY ( ROUTE DE ),M,49.14209317852291,5.141113292960986
201800028635,NonLethal,2018-06-21,20:25:00,Daylight,550,545,Yes,Roundabout,Normal,Other,GENERAL MANGIN,M,49.159684978008585,5.162616876094251
201800028636,NonLethal,2018-07-21,17:00:00,Daylight,550,545,Yes,NoIntersection,Normal,Other,MAUBERT,M,49.1565203153307,5.157490101974119
201800028638,NonLethal,2018-10-15,18:15:00,Daylight,550,545,Yes,NoIntersection,Normal,NoCollision,EPARGES ( AVENUE DES ),M,49.15116850831853,5.152411150184374
201800028640,Lethal,2018-12-06,20:05:00,NightNoStreetLight,550,505,No,NoIntersection,Normal,2Vehicles-Behind,VARENNES (ROUTE DE ),M,49.180409733452734,5.1787257384290335
201800028641,NonLethal,2018-12-21,15:45:00,Daylight,550,545,Yes,NoIntersection,LightRain,2Vehicles-Behind,TROYON ( AVENUE DE ),M,49.57688360547106,5.576984736157697
201800028642,NonLethal,2018-01-01,20:35:00,NightStreelightsOn,560,121,Yes,NoIntersection,Normal,2Vehicles-Side,"10, MONISTROL (RUE)",M,47.73778959567211,-0.7402094523848567
201800028643,NonLethal,2018-02-01,17:45:00,NightStreelightsOn,560,121,Yes,T-type,Normal,2Vehicles-Side,"6-8, QUERO (RUE  RAYMOND",M,47.76562905309534,-0.7653061547967779
201800028644,NonLethal,2018-01-05,15:00:00,Daylight,560,83,Yes,NoIntersection,Normal,2Vehicles-Side,"33, POMPIDOU ( AVENUE GE",M,47.799854781916494,-0.8004291082226869
201800028645,NonLethal,2018-06-01,18:25:00,NightStreelightsOn,560,121,Yes,Roundabout,Normal,Other,"1, SVOB ( BOULEVARD EMMA",M,47.749523615694585,-0.7509559408712988
201800028646,NonLethal,2018-07-01,02:00:00,NightStreelightsOn,560,121,Yes,NoIntersection,LightRain,Other,"0, ORADOUR SUR GLANE ( B",M,47.75488508352707,-0.753389124566198
201800028648,NonLethal,2018-01-08,12:15:00,Daylight,560,121,Yes,NoIntersection,Normal,2Vehicles-Side,"10, PLOEMEUR ( ET IMP DE",M,47.76102488507409,-0.7604192950808601
201800028649,NonLethal,2018-08-01,15:47:00,Daylight,560,121,Yes,NoIntersection,Normal,2Vehicles-Behind,"13, NORMANDIE ( BD ET IM",M,47.75770202323823,-0.7605122482677726
201800028650,NonLethal,2018-08-01,16:30:00,Daylight,560,83,Yes,Y-type,Overcast,2Vehicles-Side,"0, PAPIN (RUE  DENIS )",M,47.79661439031528,-0.7968931047225286
201800028651,NonLethal,2018-01-09,19:55:00,NightStreelightsOn,560,121,Yes,NoIntersection,LightRain,Other,"6, TURENNE (RUE DU COMTE",M,47.75056229060762,-0.7501063500236905
201800028652,NonLethal,2018-01-10,16:00:00,Daylight,560,121,Yes,NoIntersection,Normal,Other,TOULLEC (RUE  FRANCOIS ),M,47.73164848800287,-0.7346715612361299
201800028654,NonLethal,2018-01-13,12:40:00,Daylight,560,121,Yes,X-type,Normal,2Vehicles-Side,"0, JOFFRE ( BD MARECHAL",M,47.75347496066958,-0.7526574234074306
201800028656,NonLethal,2018-01-16,17:10:00,Daylight,560,98,Yes,NoIntersection,Normal,NoCollision,GAGARINE (RUE  YOURI ),M,47.77699575732828,-0.7760937955756532
201800028657,NonLethal,2018-01-17,18:22:00,NightStreelightsOn,560,121,Yes,NoIntersection,Normal,Other,"16, MICOCOULIERS (RUE  D",M,47.75828864733855,-0.7571980879563084
201800028659,NonLethal,2018-01-18,12:02:00,Daylight,560,98,Yes,Y-type,StrongWindOrStorm,2Vehicles-BehindVehicles-Frontal,PONT Rte NATIONALE 165,M,47.78019046823317,-0.7794061097218623
201800028660,NonLethal,2018-01-21,06:15:00,NightStreelightsOn,560,107,Yes,Roundabout,LightRain,Other,ROUTE DEPARTEMENTALE 29,M,47.71796285506844,-0.7191914919085882
201800028662,NonLethal,2018-01-22,18:30:00,NightStreelightsOn,560,121,Yes,NoIntersection,Normal,Other,"8, QUEUDET ( AV RAYMOND",M,47.75965220453328,-0.7600626859567353
201800028663,NonLethal,2018-01-23,07:49:00,NightStreelightsOn,560,121,Yes,NoIntersection,LightRain,2Vehicles-Behind,"14, QUEUDET ( AV RAYMOND",M,47.76172041208356,-0.7591313509319725
201800028664,NonLethal,2018-01-24,17:20:00,TwilightOrDawn,560,121,Yes,Y-type,Overcast,2Vehicles-Side,"32, BELGIQUE (RUE  DE )",M,47.75751889991045,-0.7585399509394721
201800028667,NonLethal,2018-01-25,08:15:00,TwilightOrDawn,560,121,Yes,NoIntersection,Normal,Other,"167, MULLER ( DU COLONEL",M,47.76796826394664,-0.7672219385077517
201800028668,NonLethal,2018-01-25,10:05:00,Daylight,560,98,Yes,Roundabout,Normal,NoCollision,"0, PEN MANE (RUE DE)",M,47.76012411606015,-0.7615663290715305
201800028669,NonLethal,2018-01-25,18:08:00,NightStreelightsOn,560,121,Yes,X-type,Normal,2Vehicles-Side,"8, CARNEL (RUE  DE )",M,47.74075569823868,-0.7411776894723534
201800028670,NonLethal,2018-01-26,09:30:00,Daylight,560,98,No,NoIntersection,Normal,3+Vehicles-Chain,"0, RN 165",M,47.77662382396116,-0.7769768609382091
201800028671,NonLethal,2018-01-29,07:50:00,NightStreelightsOn,560,121,Yes,X-type,Normal,2Vehicles-Side,"14, PERRIERE ( AV DE LA",M,47.73608144497215,-0.7356317743960312
201800028672,NonLethal,2018-01-02,12:45:00,Daylight,560,162,No,NoIntersection,Normal,3+Vehicles-Multiple,QUEVEN (ROUTE DE),M,47.744797012961165,-0.7494353391681308
201800028673,NonLethal,2018-02-02,12:30:00,Daylight,560,121,Yes,Roundabout,Normal,2Vehicles-Behind,"0, KERYADO ( RD-PT DE )",M,47.76154443350834,-0.7646417088954938
201800028674,NonLethal,2018-02-03,14:14:00,Daylight,560,121,Yes,NoIntersection,LightRain,2Vehicles-Behind,"121, BELGIQUE (RUE  DE )",M,47.76146201915197,-0.7621547180258976
201800028675,NonLethal,2018-02-13,08:33:00,TwilightOrDawn,560,121,Yes,T-type,Normal,2Vehicles-Behind,"126, BLUM ( BD LEON )",M,47.74709945868905,-0.7465127177105043
201800028676,NonLethal,2018-02-13,09:55:00,Daylight,560,121,Yes,NoIntersection,Normal,Other,RD 465 (DESSERTE PORTUAI,M,47.75859403184068,-0.7572695479268835
201800028677,NonLethal,2018-02-14,11:15:00,Daylight,560,121,Yes,Roundabout,LightRain,Other,"14, LECLERC ( BD GENERAL",M,47.74862549149682,-0.7493491403848285
201800028678,NonLethal,2018-02-17,23:22:00,NightStreelightsOn,560,121,Yes,NoIntersection,LightRain,2Vehicles-Behind,"0, TOULLEC (RUE  FRANCOI",M,47.73499654372984,-0.7342839120354738
201800028679,NonLethal,2018-02-18,06:15:00,NightStreelightsOn,560,162,Yes,NoIntersection,LightRain,Other,MOULIN DU TER (RUE DU ),M,47.733833002963166,-0.7342059669894209
201800028681,NonLethal,2018-02-27,17:25:00,Daylight,560,121,Yes,NoIntersection,Normal,Other,"0, INTERMARCHE (LANVEUR)",M,47.74641298521812,-0.7454100357674645
201800028682,NonLethal,2018-03-02,10:00:00,Daylight,560,98,No,NoIntersection,Normal,3+Vehicles-Multiple,RN 165 (PATINOIRE),M,47.77895236903715,-0.7805568666857063
201800028683,NonLethal,2018-03-03,17:10:00,Daylight,560,83,Yes,Roundabout,Normal,2Vehicles-Behind,"232, ALLENDE ( AV. PRES.",M,47.81485808592018,-0.8159457671545622
201800028684,NonLethal,2018-06-03,04:45:00,NightStreelightsOn,560,121,Yes,NoIntersection,Normal,NoCollision,"0, BLUM ( BD LEON )",M,47.74601164698419,-0.7458576775602574
201800028685,NonLethal,2018-03-06,16:40:00,Daylight,560,121,Yes,T-type,Normal,Other,"0, MITTERAND ( PL. FRANC",M,47.75365264097245,-0.753531536751063
201800028688,NonLethal,2018-11-03,12:30:00,Daylight,560,121,Yes,NoIntersection,Normal,NoCollision,"0, LE MAUX ( BD JEAN )",M,47.75562821550224,-0.7568883461005929
201800028691,NonLethal,2018-03-16,09:32:00,Daylight,560,98,Yes,NoIntersection,Normal,NoCollision,"221, JAURES (RUE  JEAN )",M,47.769207798979366,-0.772896435298283
201800028692,NonLethal,2018-03-21,11:40:00,Daylight,560,98,No,Roundabout,Normal,2Vehicles-Side,"0, MALACHAPPE (LIEU-DIT)",M,47.76893776834995,-0.7699288901849771
201800028693,NonLethal,2018-03-24,14:38:00,Daylight,560,98,Yes,Roundabout,Normal,Other,"71, KESLER-DEVILLERS ( A",M,47.76621867935892,-0.7676946653933843
201800028694,NonLethal,2018-03-25,13:03:00,Daylight,560,121,Yes,Roundabout,Normal,2Vehicles-Side,"3, FRANCE ( AVE ANATOLE",M,47.747006863927794,-0.7458950691863009
201800028695,NonLethal,2018-03-29,09:24:00,Daylight,560,121,Yes,T-type,HeavyRain,2Vehicles-Side,JEGOU Francois,M,47.75980930943833,-0.7595118181971766
201800028696,NonLethal,2018-03-29,16:56:00,Daylight,560,83,No,NoIntersection,Normal,2Vehicles-Side,"0, RN 165",M,47.789243515836205,-0.7870976145408847
201800028698,NonLethal,2018-04-01,18:00:00,Daylight,560,83,Yes,T-type,Normal,2Vehicles-Side,LIBERATION ( AV. DE LA ),M,47.80529345048523,-0.8040025391675709
201800028699,NonLethal,2018-04-03,15:15:00,Daylight,560,121,Yes,Roundabout,Normal,Other,PLOEMEUR ( ET IMP DE ),M,47.76219776604572,-0.7609688881853384
201800028700,NonLethal,2018-04-04,16:40:00,Daylight,560,121,Yes,NoIntersection,Normal,Other,LE POULICHET (RUE  JOSEP,M,47.75236704011404,-0.7523315267359891
201800028701,NonLethal,2018-04-04,22:50:00,NightStreelightsOn,560,121,Yes,Roundabout,Normal,2Vehicles-BehindVehicles-Frontal,BLUM ( BD LEON ),M,47.74716359268825,-0.7450011356556865
201800028702,NonLethal,2018-04-05,05:25:00,NightStreelightsOn,560,121,Yes,NoIntersection,Normal,Other,SAINT-MARCEL (RUE),M,47.74782428152579,-0.7455920642179361
201800028703,NonLethal,2018-04-05,08:35:00,Daylight,560,121,Yes,Roundabout,Normal,2Vehicles-Side,KERGUESTENEN (RUE  DE ),M,47.751978587409496,-0.7534431526032013
201800028704,NonLethal,2018-05-04,13:40:00,Daylight,560,121,Yes,NoIntersection,Normal,2Vehicles-Side,DRONNEAU (RUE  CLAIRE ),M,47.74291023458763,-0.7448689212697219
201800028705,NonLethal,2018-05-04,17:35:00,Daylight,560,121,Yes,NoIntersection,Normal,Other,BELGIQUE (RUE  DE ),M,47.7610999159904,-0.7618987290656513
201800028706,NonLethal,2018-06-04,17:05:00,Daylight,560,121,No,NoIntersection,Normal,3+Vehicles-Chain,DESSERTE PORT (RD 465),M,47.76215397075346,-0.7631653581778239
201800028707,NonLethal,2018-08-04,14:10:00,Daylight,560,83,Yes,NoIntersection,Normal,2Vehicles-Side,PORT LOUIS ( ROUTE),M,47.80165035336128,-0.8026454028482212
201800028708,NonLethal,2018-10-04,10:30:00,Daylight,560,162,Yes,NoIntersection,Normal,Other,PRESBYTERE (RUE DU),M,47.73530560558893,-0.7361601821837429
201800028709,NonLethal,2018-04-14,16:35:00,Daylight,560,107,Yes,NoIntersection,Normal,Other,MOULIN (RUE DU VIEUX),M,47.718731313250274,-0.7185416808498513
201800028710,NonLethal,2018-04-16,14:00:00,Daylight,560,121,Yes,NoIntersection,Normal,2Vehicles-Side,TOULLEC (RUE  FRANCOIS ),M,47.73241615964724,-0.7311546488938631
201800028711,NonLethal,2018-04-18,01:30:00,NightStreelightsOn,560,162,Yes,NoIntersection,Normal,Other,BRUYERE ( IMP. LA ),M,47.738050294274025,-0.7395455283964553
201800028712,NonLethal,2018-04-18,12:55:00,Daylight,560,83,Yes,NoIntersection,Normal,NoCollision,4 rue H. Tazieff,M,47.80082476421148,-0.7996400385346807
201800028713,NonLethal,2018-04-18,14:15:00,Daylight,560,121,Yes,NoIntersection,Normal,2Vehicles-Behind,BELGIQUE (RUE  DE ),M,47.759570300904926,-0.7609203953845843
201800028714,NonLethal,2018-04-18,14:55:00,Daylight,560,98,Yes,T-type,Normal,Other,DUCLOS (RUE  JACQUES ),M,47.77338425236254,-0.7747000201604749
201800028716,NonLethal,2018-04-20,17:35:00,Daylight,560,162,Yes,Roundabout,Normal,Other,SAVOIE (AVENUE DE),M,47.73159943129783,-0.7331377117536187
201800028717,NonLethal,2018-04-21,17:53:00,Daylight,560,121,Yes,X-type,Normal,Other,BOVE ( COURS DE LA ),M,47.74763461622431,-0.7461076751681501
201800028718,NonLethal,2018-04-25,19:55:00,Daylight,560,121,Yes,NoIntersection,Normal,Other,CARNEL (RUE  DE ),M,47.73882564879521,-0.7396866843719945
201800028719,NonLethal,2018-04-25,20:25:00,Daylight,560,98,Yes,X-type,Normal,2Vehicles-Side,MAURICE (RUE  JEAN-MARIE,M,47.7553487550391,-0.7572647409748724
201800028721,NonLethal,2018-04-28,18:40:00,Daylight,560,121,Yes,Roundabout,VeryGood,Other,STEPHANT (RUE  JEAN ),M,47.76254042549189,-0.7609481140694915
201800028722,NonLethal,2018-02-05,15:20:00,Daylight,560,121,Yes,NoIntersection,Normal,NoCollision,KERGUILLETTE (RUE  DE ),M,47.76549622648606,-0.7646227726734771
201800028723,NonLethal,2018-07-05,14:40:00,Daylight,560,162,Yes,T-type,Normal,2Vehicles-Side,KERVAM,M,47.71704829366867,-0.716620081479382
201800028724,Lethal,2018-05-07,23:30:00,NightNoStreetLight,560,162,No,NoIntersection,Normal,Other,COUREGANT (ROUTE DU),M,47.70598655703311,-0.7051277329567389
201800028725,NonLethal,2018-05-08,06:39:00,TwilightOrDawn,560,98,No,NoIntersection,Normal,Other,RN 165,M,47.792087385455154,-0.7906260230719547
201800028726,NonLethal,2018-05-08,15:45:00,Daylight,560,162,No,Y-type,Normal,Other,RD 152,M,47.72304723860746,-0.7227501053411785
201800028727,NonLethal,2018-05-08,18:00:00,Daylight,560,162,Yes,NoIntersection,Normal,2Vehicles-Behind,GRAZU (RUE DU),M,47.70353925850624,-0.7043505717201244
201800028728,NonLethal,2018-05-09,11:10:00,Daylight,560,121,Yes,Roundabout,Normal,2Vehicles-Side,RD 162 rue de Lanveur,M,47.74494567944596,-0.7450942785595525
201800028729,NonLethal,2018-05-10,20:20:00,Daylight,560,83,Yes,NoIntersection,Normal,Other,JOFFRE (RUE  DU MARECHAL,M,47.8095039979733,-0.8088342113324906
201800028730,NonLethal,2018-05-10,20:25:00,Daylight,560,121,Yes,T-type,Normal,2Vehicles-Side,BELGIQUE (RUE  DE ),M,47.76096214423178,-0.7589307987761725
201800028731,NonLethal,2018-05-15,11:12:00,Daylight,560,98,Yes,Roundabout,Normal,Other,Rue  Jean le Couteller,M,47.75758038276039,-0.7602362889792846
201800028732,NonLethal,2018-05-17,18:10:00,Daylight,560,83,Yes,X-type,Normal,2Vehicles-Side,REPUBLIQUE ( AV. DE LA ),M,47.79811351006931,-0.7968897466677173
201800028733,NonLethal,2018-05-20,15:42:00,Daylight,560,83,Yes,T-type,Normal,2Vehicles-Side,RD 724 PR 96,M,47.80074486341515,-0.7992605845656631
201800028734,NonLethal,2018-05-20,16:15:00,Daylight,560,98,No,NoIntersection,Normal,2Vehicles-BehindVehicles-Frontal,ARAGO (RUE  DOMINIQUE ),M,47.78408017298666,-0.7818247636523019
201800028735,NonLethal,2018-05-24,13:05:00,Daylight,560,83,No,T-type,Normal,3+Vehicles-Multiple,AV Georges HILLION,M,47.815304120642416,-0.8151732371501886
201800028736,NonLethal,2018-05-25,17:00:00,Daylight,560,121,Yes,NoIntersection,Normal,3+Vehicles-Chain,ROUTE DEPARTEMENTALE 465,M,47.76079710855555,-0.7635520257382451
201800028737,NonLethal,2018-05-25,18:30:00,Daylight,560,121,Yes,T-type,Normal,NoCollision,PERRIERE ( AV DE LA ),M,47.73553648990112,-0.7350563877515275
201800028738,NonLethal,2018-05-26,14:05:00,Daylight,560,121,Yes,X-type,Normal,3+Vehicles-Chain,CHAZELLES ( COURS LOUIS,M,47.753315298337455,-0.7528124772445588
201800028739,NonLethal,2018-03-06,11:08:00,Daylight,560,121,Yes,X-type,Normal,Other,LE GRAND (RUE  JULES ),M,47.74578019066946,-0.7483208151620413
201800028740,NonLethal,2018-06-14,08:40:00,Daylight,560,121,Yes,NoIntersection,Overcast,Other,GUIEYSSE (RUE  PAUL ),M,47.75822685080049,-0.7569534865850869
201800028741,NonLethal,2018-06-15,22:05:00,NightStreelightsOn,560,98,Yes,X-type,Normal,2Vehicles-Side,JAURES (RUE  JEAN ),M,47.77227342458524,-0.768680902628395
201800028743,NonLethal,2018-06-18,20:05:00,Daylight,560,98,Yes,Roundabout,Normal,Other,NERUDA (AVENUE  PABLO ),M,47.76466731649172,-0.7660273520157722
201800028744,NonLethal,2018-06-20,19:45:00,Daylight,560,162,Yes,T-type,Normal,2Vehicles-Behind,SAINT BIEUZY (RUE DE),M,47.73644807348309,-0.7336363199588906
201800028745,NonLethal,2018-06-21,18:10:00,Daylight,560,98,Yes,NoIntersection,Normal,Other,JAURES (RUE  JEAN ),M,47.764517383272,-0.7660580178388939
201800028746,NonLethal,2018-06-23,21:10:00,Daylight,560,121,Yes,NoIntersection,Normal,NoCollision,FERRY ( PL. JULES ),M,47.74598484021404,-0.7451432286115182
201800028747,NonLethal,2018-06-23,17:25:00,Daylight,560,162,Yes,Roundabout,Normal,NoCollision,Rond Point du 19/03/1962,M,47.73798887029674,-0.7389885426710371
201800028748,NonLethal,2018-06-23,12:25:00,Daylight,560,121,Yes,Y-type,Normal,3+Vehicles-Chain,ROUTE DEPARTEMENTALE 465,M,47.76308119018484,-0.7629117588122485
201800028749,NonLethal,2018-06-24,03:17:00,NightNoStreetLight,560,162,No,NoIntersection,Normal,Other,RD 163-rue de Quéven,M,47.74445265824476,-0.7436185715370784
201800028750,NonLethal,2018-06-27,12:43:00,Daylight,560,121,Yes,NoIntersection,Normal,2Vehicles-Side,MULLER ( DU COLONEL JEAN,M,47.767196040849655,-0.7640531016839691
201800028751,NonLethal,2018-06-28,09:40:00,Daylight,560,121,Yes,NoIntersection,Normal,Other,Av du Gal de Gaulle,M,47.74201474415255,-0.7445986460716668
201800028752,NonLethal,2018-06-29,22:15:00,TwilightOrDawn,560,121,Yes,NoIntersection,Normal,NoCollision,CHAIGNEAU (RUE),M,47.75603016113707,-0.7572002222910595
201800028753,NonLethal,2018-05-07,12:23:00,Daylight,560,121,Yes,X-type,Normal,2Vehicles-Side,KERJULAUDE ( RUE DE ),M,47.74465828869029,-0.7439740173171983
201800028754,NonLethal,2018-06-07,14:25:00,Daylight,560,162,Yes,Y-type,Normal,2Vehicles-Side,ORMES (RUE DES),M,47.75434568868857,-0.7527571344239887
201800028755,NonLethal,2018-07-07,09:52:00,Daylight,560,162,Yes,NoIntersection,Normal,2Vehicles-Side,CHASSEURS (RUE DES),M,47.7184815633014,-0.7177197440029769
201800028757,NonLethal,2018-07-07,13:30:00,Daylight,560,107,Yes,NoIntersection,Normal,Other,ROUTE DEPARTEMENTALE 29,M,47.71666703840125,-0.7139204407938049
201800028759,NonLethal,2018-11-07,13:05:00,Daylight,560,98,Yes,Roundabout,Normal,2Vehicles-Side,KESLER-DEVILLERS ( AV. ),M,47.766784288475705,-0.766044258759396
201800028760,NonLethal,2018-07-16,16:00:00,Daylight,560,121,Yes,NoIntersection,Normal,Other,ROUTE DEPARTEMENTALE 465,M,47.74421407631997,-0.7426066461870954
201800028761,NonLethal,2018-07-17,10:20:00,Daylight,560,162,No,Y-type,Normal,2Vehicles-Side,RD 162E,M,47.73471329123884,-0.7355632246360256
201800028762,NonLethal,2018-07-19,12:30:00,Daylight,560,121,Yes,Roundabout,Normal,2Vehicles-Side,AV du FAOUEDIC,M,47.747376169957775,-0.7464886695137142
201800028763,NonLethal,2018-07-19,14:42:00,Daylight,560,162,No,NoIntersection,Normal,NoCollision,RD 162E,M,47.73585977222374,-0.7328868427738309
201800028764,NonLethal,2018-07-21,18:50:00,Daylight,560,83,No,NoIntersection,Normal,2Vehicles-BehindVehicles-Frontal,VILLENEUVE ST-CARADEC (L,M,47.82020451923061,-0.822280224461908
201800028765,NonLethal,2018-07-22,14:00:00,Daylight,560,98,Yes,NoIntersection,Normal,2Vehicles-Behind,KESLER-DEVILLERS ( AV. ),M,47.766657744608914,-0.7669521095139078
201800028766,NonLethal,2018-07-23,15:00:00,Daylight,560,83,No,Y-type,Normal,3+Vehicles-Multiple,PASTEUR ( AVENUE ),M,47.8099757089538,-0.8117303115060107
201800028767,NonLethal,2018-07-24,10:25:00,Daylight,560,121,Yes,NoIntersection,Normal,Other,COURS DE CHAZELLES,M,47.75225646286382,-0.7538330754943952
201800028768,NonLethal,2018-07-27,20:20:00,Daylight,560,83,No,NoIntersection,Normal,Other,TOUL DOUAR (LIEU-DIT),M,47.796739915275246,-0.7954002198768038
201800028769,NonLethal,2018-07-29,11:05:00,Daylight,560,107,No,NoIntersection,Normal,Other,RD 152 LD Kerlavret,M,47.70988762789698,-0.7093906155748905
201800028770,NonLethal,2018-08-04,01:30:00,NightStreelightsOn,560,121,Yes,Roundabout,Normal,NoCollision,ROUTE DEPARTEMENTALE 29,M,47.73428193161392,-0.7331214549317271
201800028771,NonLethal,2018-08-04,05:50:00,NightStreelightsOn,560,121,Yes,NoIntersection,Normal,Other,RD 465,M,47.76019046679287,-0.7600843154811432
201800028772,NonLethal,2018-08-06,20:05:00,Daylight,560,162,No,NoIntersection,Normal,3+Vehicles-Chain,SABLES BLANCS (BD DES),M,47.72751718510842,-0.7279625042323516
201800028774,NonLethal,2018-08-09,15:00:00,Daylight,560,121,Yes,NoIntersection,Normal,3+Vehicles-Chain,COSMAO-DUMANOIR ( BD ),M,47.75413350705583,-0.753118654046162
201800028775,NonLethal,2018-08-15,18:10:00,Daylight,560,98,Yes,NoIntersection,Normal,3+Vehicles-Chain,JAURES (RUE  JEAN ),M,47.76654910306716,-0.7663088444086126
201800028776,NonLethal,2018-08-21,10:22:00,Daylight,560,83,No,NoIntersection,Normal,NoCollision,RN 165,M,47.78729617708532,-0.7890293591440967
201800028777,NonLethal,2018-08-23,08:55:00,Daylight,560,121,Yes,T-type,Normal,2Vehicles-Behind,CHAZELLES ( COURS LOUIS,M,47.75216756311393,-0.7537318062397654
201800028778,NonLethal,2018-08-23,14:28:00,Daylight,560,121,Yes,NoIntersection,Normal,3+Vehicles-Chain,LECLERC ( BD GENERAL ),M,47.7493451619535,-0.7502206048124624
201800028780,NonLethal,2018-08-25,12:45:00,Daylight,560,98,Yes,T-type,Normal,2Vehicles-Side,Av KESLER DEVILLERS,M,47.767338912867295,-0.7667732401929268
201800028781,NonLethal,2018-08-26,12:55:00,Daylight,560,121,Yes,NoIntersection,LightRain,2Vehicles-Side,FOCH (RUE  MARECHAL ),M,47.74767164821545,-0.7480996993083875
201800028782,NonLethal,2018-08-28,16:40:00,Daylight,560,121,Yes,Y-type,Normal,2Vehicles-Side,PERAULT Etienne (RUE ),M,47.74414440069826,-0.7431995257572054
201800028784,NonLethal,2018-09-02,19:00:00,Daylight,560,162,No,X-type,Normal,2Vehicles-Side,RD 152,M,47.709109027399904,-0.7090297342365209
201800028786,NonLethal,2018-09-03,12:42:00,Daylight,560,98,Yes,Roundabout,Normal,2Vehicles-Side,Rond-point du Plessis,M,47.75942514376567,-0.7592765182029747
201800028787,NonLethal,2018-09-03,18:30:00,Daylight,560,121,Yes,NoIntersection,Normal,Other,FAURE (RUE  GABRIEL ),M,47.76469376053703,-0.7662513080816454
201800028788,NonLethal,2018-04-09,08:30:00,Daylight,560,162,Yes,NoIntersection,Normal,Other,LAITERIE (CHEMIN DE LA ),M,47.734364991841424,-0.7354618290489039
201800028790,NonLethal,2018-09-04,16:10:00,Daylight,560,107,Yes,Roundabout,Normal,Other,LE GUEN (RUE  JULES ),M,47.70864023784981,-0.708677832536467
201800028791,NonLethal,2018-06-09,08:45:00,Daylight,560,121,Yes,NoIntersection,VeryGood,Other,JAURES ( AVE JEAN ),M,47.74564192998788,-0.746529519051725
201800028792,NonLethal,2018-06-09,14:05:00,Daylight,560,98,Yes,NoIntersection,Normal,Other,AV PRESIDENT ALLENDE,M,47.76025765390788,-0.7605106456068874
201800028793,NonLethal,2018-09-07,22:00:00,TwilightOrDawn,560,107,Yes,NoIntersection,Normal,2Vehicles-BehindVehicles-Frontal,KERDONIS (RUE DE),M,47.71779872896917,-0.7190786844276559
201800028794,NonLethal,2018-08-09,08:10:00,Daylight,560,121,Yes,Roundabout,Normal,2Vehicles-Side,MARIENNE ( AV CAPITAINE,M,47.74455207113428,-0.7434520724718992
201800028795,NonLethal,2018-09-09,19:45:00,Daylight,560,83,No,NoIntersection,Normal,Other,RN 165,M,47.791128559642615,-0.7922257920963056