AccidentId,Gravity,Date,Hour,Light,Department,Commune,InAgglomeration,IntersectionType,Weather,CollisionType,PostalAddress,GPSCode,Latitude,Longitude
201800028796,NonLethal,2018-09-12,15:40:00,Daylight,560,121,Yes,Roundabout,Normal,2Vehicles-Side,Rue du Colonel Muller,M,47.76280376453023,-0.7634654155915003
201800028797,NonLethal,2018-09-13,13:59:00,Daylight,560,121,Yes,NoIntersection,Normal,2Vehicles-Side,BLUM ( BD LEON ),M,47.7479318812152,-0.7488267743308499
201800028798,NonLethal,2018-09-14,12:30:00,Daylight,560,121,Yes,T-type,Normal,2Vehicles-Behind,AV CHENAILLER COL MORICE,M,47.73811133428312,-0.7376803401110994
201800028799,NonLethal,2018-09-14,13:35:00,Daylight,560,121,Yes,NoIntersection,Normal,2Vehicles-Side,BLUM ( BD LEON ),M,47.74735195591922,-0.7483667317448606
201800028800,NonLethal,2018-09-16,17:10:00,Daylight,560,121,No,NoIntersection,Normal,Other,ROUTE DEPARTEMENTALE 465,M,47.76543849333554,-0.7627802737115906
201800028804,NonLethal,2018-09-21,22:45:00,NightNoStreetLight,560,162,No,NoIntersection,Normal,Other,FORT BLOQUE (RUE DU),M,47.73857437012239,-0.738534131312617
201800028805,NonLethal,2018-09-22,13:45:00,Daylight,560,121,Yes,T-type,LightRain,NoCollision,BOVE ( COURS DE LA ),M,47.74555525588899,-0.7467401125422012
201800028806,NonLethal,2018-09-22,13:40:00,Daylight,560,121,Yes,Roundabout,LightRain,2Vehicles-Side,MONISTROL (RUE),M,47.73606920360849,-0.736596821345646
201800028807,NonLethal,2018-09-23,12:25:00,Daylight,560,83,No,NoIntersection,LightRain,Other,RD 724,M,47.79100190881617,-0.7928032806224549
201800028808,NonLethal,2018-09-24,18:10:00,Daylight,560,121,Yes,Roundabout,Normal,Other,JAURES ( AVE JEAN ),M,47.74522507732693,-0.7451883867314102
201800028809,NonLethal,2018-09-25,17:55:00,Daylight,560,162,No,NoIntersection,Normal,Other,RD 163 KERHOAT,M,47.76167736773023,-0.7628304460773817
201800028810,NonLethal,2018-09-27,21:05:00,NightStreelightsOn,560,121,Yes,NoIntersection,Normal,Other,BELGIQUE (RUE  DE ),M,47.75900393465718,-0.7581260478620305
201800028811,NonLethal,2018-09-28,09:05:00,Daylight,560,98,Yes,Roundabout,Normal,2Vehicles-Side,NORMANDIE NIEMEN ( BD ),M,47.76108037661286,-0.7598456107508625
201800028812,NonLethal,2018-09-28,21:35:00,TwilightOrDawn,560,83,Yes,NoIntersection,Normal,2Vehicles-Behind,LIBERATION ( AV. DE LA ),M,47.80350115950512,-0.8044676851199881
201800028813,NonLethal,2018-09-30,04:48:00,NightStreelightsOn,560,121,Yes,Roundabout,Normal,NoCollision,NORMANDIE ( BD DE),M,47.75815481220331,-0.7582816887382708
201800028814,NonLethal,2018-09-30,22:20:00,NightStreelightsOn,560,83,Yes,NoIntersection,Normal,Other,ALLENDE ( AV. PRES. SALV,M,47.81399785613164,-0.8125074973159767
201800028815,NonLethal,2018-10-01,17:15:00,Daylight,560,121,Yes,T-type,Normal,2Vehicles-Side,KERLIN (RUE  DE ),M,47.74809028648713,-0.7469022465770523
201800028816,NonLethal,2018-02-10,08:45:00,Daylight,560,98,Yes,NoIntersection,VeryGood,Other,MITTERAND ( AV. FRANCOIS,M,47.76718249374275,-0.7666153168011266
201800028817,NonLethal,2018-02-10,13:40:00,Daylight,560,83,Yes,T-type,Normal,NoCollision,TREGUIER (RUE  MARCEL ),M,47.81296166252063,-0.8120301584521448
201800028818,NonLethal,2018-02-10,21:10:00,NightStreelightsOn,560,83,Yes,NoIntersection,Normal,2Vehicles-BehindVehicles-Frontal,PASTEUR ( AVENUE ),M,47.80370063687225,-0.8038261000294861
201800028819,NonLethal,2018-03-10,18:00:00,Daylight,560,121,Yes,NoIntersection,Normal,Other,ROHAN ( Q DE ),M,47.74536569232972,-0.7466393945255738
201800028821,NonLethal,2018-10-06,11:08:00,Daylight,560,107,No,Roundabout,Normal,NoCollision,Giratoire de Kergalant,M,47.70802118358552,-0.7073511691984989
201800028822,NonLethal,2018-06-10,13:30:00,Daylight,560,121,Yes,Roundabout,LightRain,2Vehicles-Side,JOFFRE ( BD MARECHAL ),M,47.75159938200306,-0.7503775498967008
201800028823,NonLethal,2018-07-10,00:15:00,NightStreelightsOn,560,83,Yes,X-type,Normal,Other,VAILLANT ( AV. EDOUARD ),M,47.823715047092456,-0.8226370972071113
201800028825,NonLethal,2018-09-10,07:35:00,NightStreelightsOn,560,83,Yes,NoIntersection,Normal,Other,TROTTIER (RUE),M,47.805668288334346,-0.8064048975460911
201800028827,NonLethal,2018-10-11,10:17:00,Daylight,560,121,Yes,Roundabout,Overcast,NoCollision,JACOB ( RP. MAX ),M,47.75249747711607,-0.7535652508903878
201800028828,NonLethal,2018-10-15,22:45:00,NightStreelightsOn,560,83,Yes,Roundabout,Normal,NoCollision,LA FLAMME (PONT JEHANNE),M,47.80333672158254,-0.8036947172952325
201800028829,NonLethal,2018-10-11,19:55:00,NightStreelightsOn,560,121,Yes,X-type,Normal,2Vehicles-Side,ASSEMBLEE-NATIONALE (RUE,M,47.74746268572476,-0.7492910949083895
201800028830,NonLethal,2018-11-10,21:11:00,NightStreelightsOn,560,83,Yes,NoIntersection,Normal,Other,PASTEUR ( AVENUE ),M,47.80037549502176,-0.8020523599642868
201800028831,NonLethal,2018-10-21,12:20:00,Daylight,560,83,No,X-type,VeryGood,2Vehicles-Side,ALLENDE (Av Pt Salvador),M,47.8094857751986,-0.8102539389359159
201800028832,NonLethal,2018-10-21,16:38:00,Daylight,560,98,No,NoIntersection,Normal,2Vehicles-BehindVehicles-Frontal,MALACHAPPE (LIEU-DIT),M,47.778758736240015,-0.7780428777679917
201800028833,NonLethal,2018-10-21,17:00:00,Daylight,560,121,Yes,NoIntersection,Normal,Other,KERGUILLETTE (RUE  DE ),M,47.76567525212746,-0.7632355923008542
201800028834,NonLethal,2018-10-22,01:05:00,NightStreelightsOn,560,83,Yes,NoIntersection,Normal,Other,REPUBLIQUE ( AV. DE LA ),M,47.80062181384028,-0.8012992879247702
201800028835,NonLethal,2018-10-23,16:08:00,Daylight,560,162,No,NoIntersection,Normal,Other,RD 152,M,47.70756735773108,-0.7088757702398301
201800028837,NonLethal,2018-10-30,08:40:00,Daylight,560,83,Yes,Roundabout,Normal,3+Vehicles-Chain,REPUBLIQUE ( AV. DE LA ),M,47.7954202170255,-0.7968655820494552
201800028838,NonLethal,2018-10-30,15:20:00,Daylight,560,121,Yes,Roundabout,Normal,Other,JOFFRE ( BD MARECHAL ),M,47.751425986972535,-0.7525953482804525
201800028840,NonLethal,2018-10-31,16:45:00,Daylight,560,98,Yes,NoIntersection,Normal,NoCollision,PEN MANE (RUE DE),M,47.75881648371296,-0.7592670499195228
201800028841,NonLethal,2018-11-03,23:35:00,NightStreelightsOn,560,162,Yes,NoIntersection,Normal,NoCollision,BRIAND ( AV. ARISTIDE ),M,47.739971163970814,-0.7400056067238968
201800028842,NonLethal,2018-11-05,20:40:00,NightStreelightsOn,560,121,Yes,Roundabout,Normal,2Vehicles-Side,DUGUAY-TROUIN (RUE RENE),M,47.74328798232001,-0.7412219497599913
201800028844,NonLethal,2018-06-11,14:30:00,Daylight,560,121,Yes,T-type,LightRain,2Vehicles-Side,CHAIGNEAU (RUE),M,47.75616604141819,-0.7547188299661942
201800028845,NonLethal,2018-08-11,12:10:00,Daylight,560,121,Yes,Roundabout,Normal,2Vehicles-Side,SAINT-ARMEL (RUE  DE ),M,47.76202949758025,-0.7632518413818655
201800028846,NonLethal,2018-10-11,17:30:00,TwilightOrDawn,560,83,Yes,T-type,Normal,3+Vehicles-Multiple,ALLENDE ( AV. PRES. SALV,M,47.80765870700099,-0.8091114637149385
201800028849,NonLethal,2018-11-13,09:00:00,TwilightOrDawn,560,98,Yes,Roundabout,Normal,2Vehicles-Side,KESLER-DEVILLERS ( AV. ),M,47.76635259772675,-0.7666790743975407
201800028850,NonLethal,2018-11-15,10:50:00,Daylight,560,98,Yes,NoIntersection,Normal,2Vehicles-Behind,CROIZAT ( AVE AMBROISE ),M,47.77161552270661,-0.7722059261958542
201800028851,NonLethal,2018-11-16,10:15:00,Daylight,560,121,Yes,T-type,Normal,2Vehicles-Behind,KERFORN (RUE ET PLACE  D,M,47.75293645169063,-0.7530535700437596
201800028852,NonLethal,2018-11-18,15:10:00,Daylight,560,121,Yes,X-type,Normal,2Vehicles-Side,62ø R.I. ( DU ),M,47.75160193615192,-0.7550750299161135
201800028853,NonLethal,2018-11-19,21:40:00,NightNoStreetLight,560,121,No,Other,Normal,2Vehicles-Side,RD 465 (DESSERTE PORTUAI,M,47.75762410691541,-0.7584483438949671
201800028854,NonLethal,2018-11-20,11:35:00,Daylight,560,121,Yes,T-type,Normal,Other,MARINE (RUE  DE LA ),M,47.74013141141656,-0.7404473981437946
201800028855,NonLethal,2018-11-20,15:00:00,Daylight,560,83,Yes,X-type,Overcast,Other,8 MAI 1945 ( AV. DU ),M,47.80185214254486,-0.8023688296123734
201800028856,NonLethal,2018-11-20,17:30:00,TwilightOrDawn,560,98,No,NoIntersection,Normal,3+Vehicles-Chain,RN 165,M,47.776798562194365,-0.7772232645794296
201800028857,NonLethal,2018-11-22,12:40:00,Daylight,560,121,Yes,Roundabout,Normal,NoCollision,BASE DE SOUS-MARINS ( RD,M,47.73426587576826,-0.7374331089770466
201800028859,NonLethal,2018-11-24,08:00:00,TwilightOrDawn,560,121,No,NoIntersection,LightRain,Other,RD 465,M,47.77060811797456,-0.7705328062143991
201800028860,NonLethal,2018-11-25,17:45:00,TwilightOrDawn,560,121,Yes,Roundabout,LightRain,NoCollision,TOULLEC (RUE  FRANCOIS ),M,47.73453900498023,-0.733864587971371
201800028861,NonLethal,2018-11-26,08:30:00,TwilightOrDawn,560,83,Yes,NoIntersection,Normal,2Vehicles-Behind,REPUBLIQUE ( AVE DE LA ),M,47.80096236625168,-0.8005741664144281
201800028862,NonLethal,2018-11-27,17:35:00,NightStreelightsOn,560,121,No,NoIntersection,HeavyRain,3+Vehicles-Chain,RD 465,M,47.7458287125647,-0.7470528768258632
201800028864,Lethal,2018-01-12,00:05:00,NightNoStreetLight,560,98,No,NoIntersection,Overcast,Other,RN 165,M,47.78079963282466,-0.781446988963627
201800028865,NonLethal,2018-12-01,17:35:00,NightStreelightsOn,560,121,Yes,NoIntersection,LightRain,Other,MONISTROL (RUE),M,47.73487011887509,-0.7343585916477828
201800028866,NonLethal,2018-12-03,13:15:00,Daylight,560,121,Yes,Roundabout,Overcast,2Vehicles-Side,BLUM ( BD LEON ),M,47.748864752446615,-0.7475012466808082
201800028867,NonLethal,2018-03-12,18:05:00,NightStreelightsOn,560,121,Yes,X-type,LightRain,2Vehicles-Side,CHAZELLES (COURS LOUIS),M,47.75423130361246,-0.7544971619044852
201800028868,NonLethal,2018-04-12,08:40:00,NightStreelightsOn,560,162,Yes,X-type,Overcast,Other,FORT BLOQUE (RUE DU),M,47.735346686909125,-0.7368577961504831
201800028869,NonLethal,2018-04-12,16:55:00,Daylight,560,121,Yes,X-type,LightRain,2Vehicles-Side,BELGIQUE (RUE  DE ),M,47.76168523586668,-0.7602587918004882
201800028870,NonLethal,2018-04-12,22:25:00,NightStreelightsOn,560,83,Yes,NoIntersection,LightRain,Other,LIBERATION ( AV. DE LA ),M,47.8049422825226,-0.804504066052011
201800028874,NonLethal,2018-12-13,21:55:00,NightStreelightsOn,560,121,Yes,NoIntersection,Overcast,Other,LE COUTALLER ( RUE JEAN,M,47.74682715329198,-0.74882497187019
201800028875,NonLethal,2018-12-16,12:25:00,Daylight,560,162,Yes,X-type,LightRain,2Vehicles-BehindVehicles-Frontal,Rte du Fort Bloqué,M,47.73667579522788,-0.7372727630855782
201800028876,NonLethal,2018-12-18,12:10:00,Daylight,560,121,Yes,NoIntersection,LightRain,2Vehicles-Side,PERAULT (RUE ),M,47.74226742179134,-0.7435521348684595
201800028877,NonLethal,2018-12-19,15:15:00,Daylight,560,121,Yes,NoIntersection,Normal,2Vehicles-Behind,BELGIQUE (RUE  DE ),M,47.758030851962985,-0.7614556850783002
201800028878,NonLethal,2018-12-19,17:15:00,TwilightOrDawn,560,83,Yes,Roundabout,Overcast,2Vehicles-Side,LIBERATION ( AV. DE LA ),M,47.80429471254056,-0.805037508886758
201800028879,NonLethal,2018-12-20,12:35:00,Daylight,560,98,Yes,Y-type,LightRain,3+Vehicles-Multiple,ALLENDE ( AV. PRESIDENT,M,47.75631802834659,-0.7566599416582187
201800028880,NonLethal,2018-12-21,08:15:00,NightStreelightsOn,560,121,Yes,X-type,LightRain,2Vehicles-Behind,JOFFRE ( BD MARECHAL ),M,47.753884778794095,-0.7524614409686311
201800028882,NonLethal,2018-12-23,02:15:00,NightStreelightsOn,560,121,Yes,X-type,LightRain,2Vehicles-Side,LIEGE (RUE  DE ),M,47.74944989963523,-0.7482256796624571
201800028883,NonLethal,2018-12-20,07:35:00,NightStreelightsOn,560,121,Yes,Roundabout,LightRain,2Vehicles-Side,BIR-HAKEIM ( RD-PT ),M,47.73896802846527,-0.7382955495790294
201800028884,NonLethal,2018-12-28,21:50:00,NightStreelightsOn,560,121,Yes,Roundabout,Normal,Other,GUIEYSSE (RUE  PAUL ),M,47.75818836147585,-0.7576030675457118
201800028885,NonLethal,2018-05-13,12:00:00,Daylight,340,111,No,NoIntersection,HeavyRain,2Vehicles-Behind,D999,M,43.93513209477212,3.9383298990758666
201800028886,NonLethal,2018-05-19,16:45:00,Daylight,340,60,No,NoIntersection,Normal,Other,D122,M,43.80438315427443,3.8035096690377697
201800028887,NonLethal,2018-07-21,13:20:00,Daylight,340,152,No,NoIntersection,Normal,Other,départementale l,M,43.788487465364106,3.78752354922406
201800028888,NonLethal,2018-08-06,17:00:00,Daylight,340,152,No,NoIntersection,Normal,Other,route de saint martin de,M,43.78465561151135,3.784643595218008
201800028889,NonLethal,2018-08-15,13:05:00,Daylight,340,274,No,NoIntersection,Normal,3+Vehicles-Multiple,route de Frouzet - D122,M,43.81492316624063,3.813485339576393
201800028890,NonLethal,2018-09-01,03:45:00,NightNoStreetLight,340,60,No,NoIntersection,Normal,Other,RD4,M,43.812089920143855,3.8097307883559575
201800028891,NonLethal,2018-09-01,17:45:00,NightStreelightsOn,170,131,Yes,NoIntersection,Normal,2Vehicles-Side,17 bis rue de bordeaux,M,45.58272087580144,-0.5827350897180849
201800028892,NonLethal,2018-10-05,16:45:00,Daylight,170,34,No,NoIntersection,Normal,NoCollision,route romaine,M,45.535585276956645,-0.5365053413978392
201800028893,Lethal,2018-07-06,00:30:00,NightNoStreetLight,170,172,No,NoIntersection,Normal,Other,Les Lignes,M,45.55826096197556,-0.5565635509138436
201800028894,NonLethal,2018-07-06,20:00:00,Daylight,170,441,Yes,NoIntersection,Normal,2Vehicles-BehindVehicles-Frontal,RUE DES TILLEULS,M,45.62996555326299,-0.6327714518421427
201800028895,Lethal,2018-11-28,11:30:00,Daylight,170,296,No,NoIntersection,Normal,Other,le Clone Giraud,M,45.68685944814763,-0.6841266667127693
201800028897,NonLethal,2018-11-12,11:30:00,Daylight,170,230,No,NoIntersection,Normal,2Vehicles-Side,boulevard du marais,M,45.56068756573647,-0.5635293851609715
201800028898,NonLethal,2018-02-06,12:50:00,Daylight,560,260,No,Other,Normal,3+Vehicles-Multiple,"., RN l65 -SENS LORIENT",M,47.668624297953855,-0.6676108317568504
201800028899,NonLethal,2018-08-02,15:05:00,Daylight,560,260,Yes,NoIntersection,Normal,Other,"., REMY(BOULEVARD DU COL",M,47.657512114922376,-0.6596754656854814
201800028901,NonLethal,2018-02-21,10:12:00,Daylight,560,260,Yes,X-type,Normal,Other,"., HELLEU(RUE PAUL)",M,47.6554829279882,-0.6551309129967279
201800028902,NonLethal,2018-05-03,22:57:00,NightStreelightsOn,560,260,Yes,X-type,Normal,NoCollision,"., PAIX(BLD DE LA) 41 A",M,47.66001685119368,-0.6603163470505018
201800028903,NonLethal,2018-03-06,10:35:00,Daylight,560,260,Yes,NoIntersection,Normal,2Vehicles-BehindVehicles-Frontal,METZ(RUE DE),M,47.66493997619522,-0.6657036080995518
201800028904,NonLethal,2018-03-25,15:35:00,Daylight,560,260,Yes,Roundabout,Normal,2Vehicles-BehindVehicles-Frontal,"101, MARNE(BLD DE LA) 41",M,47.65895686554204,-0.6594876425155343
201800028905,NonLethal,2018-03-26,11:35:00,Daylight,560,260,Yes,NoIntersection,Normal,Other,"13, SAINT-SYMPHORIEN(AVE",M,47.65993345994267,-0.6637286768334231
201800028906,NonLethal,2018-03-28,18:05:00,TwilightOrDawn,560,260,Yes,NoIntersection,LightRain,2Vehicles-Behind,"., RESISTANCE(BLD DE LA)",M,47.64849349393304,-0.6477937853715495
201800028907,NonLethal,2018-04-04,11:30:00,Daylight,560,260,Yes,NoIntersection,Normal,Other,LANDE(RUE DE LA),M,47.65618923263037,-0.6554082653935852
201800028909,NonLethal,2018-11-04,15:00:00,Daylight,560,260,Yes,X-type,Normal,2Vehicles-Side,RESISTANCE(BLD DE LA) DD,M,47.64825713411837,-0.6454751735092669
201800028910,NonLethal,2018-04-16,08:00:00,Daylight,560,260,Yes,X-type,Normal,Other,LOI(RUE DE LA),M,47.65841621378669,-0.6579797698437583
201800028912,NonLethal,2018-04-17,13:30:00,Daylight,560,260,Yes,X-type,Normal,Other,REPUBLIQUE(PLACE DE LA),M,47.65672620660398,-0.6555138266803808
201800028913,NonLethal,2018-04-19,08:40:00,Daylight,560,260,Yes,NoIntersection,VeryGood,Other,CHURCHILL(RUE WINSTON),M,47.640618599750646,-0.6416449161178025
201800028915,NonLethal,2018-04-20,19:00:00,Daylight,560,260,No,NoIntersection,Normal,3+Vehicles-Chain,RN 165-NANTES/LORIENT,M,47.66787889446592,-0.6657504667210464
201800028916,NonLethal,2018-04-29,23:15:00,NightNoStreetLight,560,260,No,NoIntersection,LightRain,2Vehicles-Behind,165  SENS LORIENT/NANTES,M,47.66965797067891,-0.6686665694627434
201800028917,NonLethal,2018-04-30,17:15:00,Daylight,560,260,Yes,NoIntersection,Normal,Other,PAIX(BLD DE LA) 1 A 39,M,47.66181099093215,-0.662187282442282
201800028918,NonLethal,2018-04-30,20:10:00,Daylight,560,260,Yes,NoIntersection,Normal,2Vehicles-Side,CUXHAVEN(PLACE DE),M,47.65069505090457,-0.6470664702758822
201800028919,NonLethal,2018-05-11,05:35:00,TwilightOrDawn,560,260,Yes,X-type,Normal,2Vehicles-BehindVehicles-Frontal,VENETES(RUE DES),M,47.65138070144137,-0.6508094024190871
201800028920,NonLethal,2018-05-18,15:10:00,Daylight,560,260,Yes,T-type,Normal,2Vehicles-Side,Rue du Dr Léonce FRANCO,M,47.66221235089685,-0.663632142387616
201800028921,NonLethal,2018-05-24,08:34:00,Daylight,560,260,Yes,NoIntersection,Normal,2Vehicles-Side,PAIX(BLD DE LA) 1 A 39,M,47.66150037417555,-0.6584164194238111
201800028922,NonLethal,2018-05-26,09:40:00,Daylight,560,260,Yes,NoIntersection,Normal,NoCollision,CONTI (RUE ANITA),M,47.67105821085134,-0.6707473089122612
201800028923,NonLethal,2018-05-29,11:15:00,Daylight,560,260,Yes,NoIntersection,Normal,Other,HUGO(AVENUE VICTOR) 1 A,M,47.65843015374144,-0.6585990088264726
201800028925,Lethal,2018-02-06,12:15:00,Daylight,560,260,Yes,Square,Normal,2Vehicles-Behind,JOFFRE (PLACE DU MAL),M,47.65504171760758,-0.654404900596981
201800028927,NonLethal,2018-04-06,08:05:00,Daylight,560,260,Yes,NoIntersection,LightRain,Other,BLD DE LA PAIX,M,47.65934073639126,-0.6580361723916875
201800028928,NonLethal,2018-06-16,15:15:00,Daylight,560,260,Yes,NoIntersection,Normal,Other,STRASBOURG(RUE DE),M,47.66649418299689,-0.6659535154640929
201800028930,NonLethal,2018-06-26,18:30:00,Daylight,560,260,Yes,Other,Normal,Other,LE HELLEC (RUE),M,47.65707095537651,-0.6555191108107447
201800028931,NonLethal,2018-09-07,16:25:00,Daylight,560,260,Yes,NoIntersection,Normal,3+Vehicles-Chain,BD GAL MONSABERT,M,47.662833100106255,-0.6637026564338049
201800028932,NonLethal,2018-11-07,15:30:00,Daylight,560,260,Yes,T-type,Normal,2Vehicles-Side,SCAMARONI (RUE FRED),M,47.6520120914811,-0.6533633580514491
201800028934,NonLethal,2018-07-13,00:20:00,NightNoStreetLight,560,260,No,Y-type,Normal,2Vehicles-BehindVehicles-Frontal,RENNES (Route de),M,47.66748767710345,-0.6701655881081946
201800028935,NonLethal,2018-07-14,11:20:00,Daylight,560,260,Yes,NoIntersection,Normal,3+Vehicles-Chain,HERRIOT(AVENUE EDOUARD),M,47.656802961244985,-0.6573052251813641
201800028936,NonLethal,2018-07-13,17:50:00,Daylight,560,260,Yes,Roundabout,Normal,Other,SUFFREN (AVENUE DE),M,47.64051780013679,-0.6405220504674564
201800028937,NonLethal,2018-07-12,17:45:00,Daylight,560,260,Yes,NoIntersection,Normal,Other,LUCIE AUBRAC (RUE),M,47.6512076360738,-0.6517437995202333
201800028939,NonLethal,2018-02-08,15:35:00,Daylight,560,260,Yes,NoIntersection,Normal,Other,CADORET(ALLEE DES FRERES,M,47.62965969491386,-0.6312851944106618
201800028940,NonLethal,2018-06-09,08:30:00,Daylight,560,260,Yes,LevelCrossing,Normal,Other,THIERS (RUE),M,47.65386409003041,-0.6536716736964704
201800028941,NonLethal,2018-06-09,17:45:00,Daylight,560,260,No,NoIntersection,Normal,2Vehicles-Behind,RN 165 LORIENT/NANTES,M,47.669312488428496,-0.6686303896404399
201800028943,NonLethal,2018-09-14,15:20:00,Daylight,560,260,Yes,NoIntersection,Normal,Other,BERTHELOT(RUE MARCELLIN),M,47.66410385104008,-0.6626496563084352
201800028944,NonLethal,2018-09-25,15:40:00,Daylight,560,260,Yes,Y-type,Normal,2Vehicles-Side,ARRADON (RUE JEROME D'),M,47.65237881614565,-0.6562862082420968
201800028945,NonLethal,2018-09-24,18:15:00,Daylight,560,260,Yes,NoIntersection,Normal,Other,DEGAS (AVENUE EDGAR),M,47.67302747863185,-0.6734487714460677
201800028946,NonLethal,2018-09-28,09:15:00,Daylight,560,260,Yes,Roundabout,Normal,Other,MARNE (AV DE LA),M,47.65832594109144,-0.6595943422595323
201800028947,NonLethal,2018-07-10,17:35:00,Daylight,560,260,Yes,Roundabout,Normal,2Vehicles-Side,PALAIS DES ARTS(GIRATOIR,M,47.66169585040155,-0.6619711106102003
201800028949,NonLethal,2018-04-28,04:10:00,NightStreelightsOn,560,260,No,NoIntersection,Normal,NoCollision,PONTIVY(BOULEVARD DE),M,47.68459749855189,-0.6841216994407365
201800028950,NonLethal,2018-10-18,15:55:00,Daylight,560,260,Yes,Roundabout,Normal,2Vehicles-Behind,EVECHE(GIRATOIRE DE L'),M,47.65396786606761,-0.6539405701595793
201800028951,NonLethal,2018-11-03,23:25:00,NightNoStreetLight,560,260,Yes,Roundabout,Normal,Other,EVECHE (GIRATOIRE DE L'),M,47.65398556833279,-0.6525041975170253
201800028952,NonLethal,2018-11-30,17:55:00,NightStreelightsOn,560,260,Yes,NoIntersection,LightRain,Other,TOHANNIC (AVENUE DE),M,47.65093182376469,-0.6506310738669708
201800028953,NonLethal,2018-12-12,19:30:00,NightStreelightsOn,560,260,Yes,NoIntersection,Normal,2Vehicles-Side,RESISTANCE (BLD DE LA),M,47.65183873427715,-0.6519240357928762
201800028954,NonLethal,2018-12-13,10:05:00,Daylight,560,260,Yes,X-type,LightRain,Other,Place de la République,M,47.654824508682765,-0.6568474264760672
201800028956,Lethal,2018-03-03,14:40:00,Daylight,490,174,No,NoIntersection,Normal,Other,lieu dit la Petite Chamb,M,47.646237834820816,-0.6461326430383411
201800028957,NonLethal,2018-04-20,15:50:00,Daylight,490,216,No,NoIntersection,Normal,NoCollision,Lieu dit seitagne,M,47.592752922318105,-0.5947408435571113
201800028961,NonLethal,2018-07-14,12:50:00,Daylight,490,333,No,NoIntersection,Normal,Other,RD 109 PK 18,M,47.57958500186125,-0.5805854929845211
201800028962,NonLethal,2018-08-20,18:20:00,Daylight,490,333,No,NoIntersection,Normal,2Vehicles-BehindVehicles-Frontal,Les vecquetières,M,47.57985586984214,-0.5775589821953382
201800028964,NonLethal,2018-11-09,22:43:00,NightStreelightsOff,490,119,Yes,Roundabout,Normal,Other,RD859,M,47.695664367661976,-0.6977150689018009
201800028965,Lethal,2018-09-27,21:45:00,NightNoStreetLight,490,107,No,X-type,Normal,2Vehicles-BehindVehicles-Frontal,D 347,M,47.47208967900068,-0.4744881454712151
201800028966,NonLethal,2018-10-14,08:50:00,Daylight,490,110,No,X-type,Normal,2Vehicles-Behind,LD Les Noirettes,M,47.54729319455584,-0.5493978085402319
201800028968,NonLethal,2018-10-01,13:05:00,Daylight,70,157,No,NoIntersection,Normal,2Vehicles-BehindVehicles-Frontal,RD 86 PR 092+080,M,44.62277946072263,4.625691417047216
201800028970,NonLethal,2018-06-01,10:40:00,Daylight,330,352,Yes,NoIntersection,LightRain,Other,12 av Gabriel Chaigne,M,44.58362169126209,-0.5828795296421126
201800028971,NonLethal,2018-12-01,17:30:00,TwilightOrDawn,330,31,No,NoIntersection,Normal,2Vehicles-BehindVehicles-Frontal,D224 PR12+840 À BEDOURA.,M,44.54972152774366,-0.5500417245043225
201800028972,NonLethal,2018-02-10,13:00:00,Daylight,330,294,No,NoIntersection,Normal,2Vehicles-BehindVehicles-Frontal,RD15E8 PR1+285 réel,M,44.61685477754124,-0.6166334086109412
201800028973,Lethal,2018-02-15,23:00:00,NightNoStreetLight,330,50,No,X-type,Normal,Other,D225 11+700/Rt du Beuve.,M,44.53751307265289,-0.5383243564499218
201800028974,Lethal,2018-04-18,23:30:00,NightStreelightsOn,330,187,Yes,NoIntersection,Normal,Other,RD1113.,M,44.584467860867655,-0.5842780743071497
201800028975,NonLethal,2018-12-06,20:08:00,Daylight,330,254,No,NoIntersection,Normal,Other,Ld Laurets PR19+800,M,44.53974354587758,-0.5389080627541711
201800028976,NonLethal,2018-07-06,19:00:00,Daylight,330,170,No,X-type,Normal,3+Vehicles-Multiple,D9 / D9E6,M,44.568234476990845,-0.5681452327311567
201800028977,NonLethal,2018-08-20,19:00:00,Daylight,330,204,No,T-type,Normal,Other,RD224/VC Grilhon,M,44.53738627735382,2.5364250235627237
201800028978,NonLethal,2018-08-21,16:30:00,Daylight,330,418,No,T-type,Normal,2Vehicles-Side,Boutin,M,44.59295839229206,-0.5944641447183966
201800028980,NonLethal,2018-12-15,19:20:00,TwilightOrDawn,330,102,No,NoIntersection,LightRain,2Vehicles-BehindVehicles-Frontal,Pas St Georges,M,44.582311274919775,-0.5822666759166879
201800028981,Lethal,2018-01-14,12:30:00,Daylight,330,76,No,NoIntersection,Overcast,Other,D11.,M,44.52121006887307,-0.5195189750789772
201800028982,NonLethal,2018-01-20,19:20:00,NightNoStreetLight,330,30,No,NoIntersection,LightRain,Other,RD 1113 -,M,44.59966564722743,-0.5995946912583255
201800028983,NonLethal,2018-10-02,19:20:00,NightStreelightsOn,330,120,No,NoIntersection,Normal,2Vehicles-BehindVehicles-Frontal,D11 PR26+190 réel,M,44.63523292033584,-0.6341469851478015
201800028985,NonLethal,2018-05-13,13:00:00,Daylight,330,327,No,Roundabout,Normal,2Vehicles-Side,D1113/D13,M,44.64353066946274,-0.6447891544268783
201800028986,NonLethal,2018-07-11,16:10:00,Daylight,330,337,Yes,NoIntersection,Normal,2Vehicles-BehindVehicles-Frontal,04 LA PIASTRE,M,44.57331127792961,-0.5752334164705973
201800028987,NonLethal,2018-07-25,15:00:00,Daylight,330,327,No,X-type,Normal,3+Vehicles-Multiple,RD 13,M,44.64472137913115,-0.6443217657571765
201800028988,NonLethal,2018-08-18,18:15:00,Daylight,330,26,No,NoIntersection,Normal,Other,D11 PR48+282 REEL,M,44.48538368479898,-0.485096892658474