AccidentId,Gravity,Date,Hour,Light,Department,Commune,InAgglomeration,IntersectionType,Weather,CollisionType,PostalAddress,GPSCode,Latitude,Longitude
201800028989,NonLethal,2018-09-09,07:10:00,TwilightOrDawn,330,225,Yes,NoIntersection,Normal,2Vehicles-Side,lieu-dit Les Arrougeys,M,44.56179399151864,-0.5600886051163696
201800028990,NonLethal,2018-09-21,12:00:00,Daylight,330,231,No,X-type,Normal,2Vehicles-Side,D11/Ch.LASSALE,M,44.65472492576404,-0.6522146795934631
201800028991,NonLethal,2018-10-11,19:15:00,NightNoStreetLight,330,552,No,NoIntersection,Overcast,Other,Dll7el PR2+800 réel,M,44.63662443100405,-0.6361620315234133
201800028993,NonLethal,2018-02-08,15:10:00,Daylight,400,4,Yes,Roundabout,Normal,2Vehicles-Side,rond point D33-D133,M,43.65761647581538,-0.6567149240838661
201800028994,NonLethal,2018-01-04,21:39:00,NightNoStreetLight,400,4,No,NoIntersection,Normal,2Vehicles-BehindVehicles-Frontal,"D33, lieu dit les ecurie",M,43.65822812801583,-0.6596248270732209
201800028995,NonLethal,2018-04-14,05:55:00,TwilightOrDawn,400,296,No,NoIntersection,Normal,Other,D79 Pk 9 -250,M,43.699933148217866,-0.6970257933910045
201800028996,NonLethal,2018-05-22,17:25:00,Daylight,400,304,Yes,NoIntersection,VeryGood,2Vehicles-Behind,avenue de bordeaux,M,43.66426655138171,-0.6643945087895802
201800028997,NonLethal,2018-06-08,11:20:00,Daylight,400,304,Yes,X-type,Normal,2Vehicles-Side,Av de Bordeaux/Av de Dax,M,43.66218854892282,-0.6631994864512928
201800028998,NonLethal,2018-06-20,12:45:00,Daylight,400,65,No,NoIntersection,Normal,2Vehicles-BehindVehicles-Frontal,D652 PR133+691,M,43.62427119856152,-0.6230107773434327
201800029000,Lethal,2018-07-15,02:32:00,NightNoStreetLight,400,65,No,NoIntersection,Normal,Other,D133 - ROUTE D'ANGRESSE,M,43.648014883050905,-0.6468994802857715
201800029001,NonLethal,2018-08-26,00:30:00,NightNoStreetLight,400,36,No,T-type,Normal,2Vehicles-Side,D810,M,43.6192421842587,-0.6188820651656144
201800029002,NonLethal,2018-08-31,03:00:00,NightNoStreetLight,400,296,No,NoIntersection,Normal,NoCollision,avenue des tucs dous bro,M,43.68994264062361,-0.6872159737893534
201800029003,Lethal,2018-10-17,19:30:00,TwilightOrDawn,400,133,Yes,T-type,Normal,2Vehicles-Side,72 avenue du Général de,M,43.58702535256791,-0.5856217625317478
201800029004,NonLethal,2018-04-08,09:47:00,Daylight,570,227,Yes,NoIntersection,Normal,Other,BARTH (RUE FELIX ),M,49.18323314837303,6.184028024136087
201800029005,NonLethal,2018-05-29,18:50:00,Daylight,570,227,No,NoIntersection,Normal,Other,THERESE (RUE),M,49.182746191178914,6.184506628864704
201800029006,NonLethal,2018-07-17,14:04:00,Daylight,570,227,Yes,LevelCrossing,Normal,Other,NATIONALE (RUE)DU C. SCH,M,49.18287213487917,6.18499604918395
201800029007,NonLethal,2018-08-07,16:44:00,Daylight,570,227,Yes,Other,Normal,2Vehicles-Side,PILATRE DE ROZIER (RUE),M,49.18846783197556,6.189788411870067
201800029009,NonLethal,2018-04-17,15:17:00,Daylight,570,240,Yes,NoIntersection,Normal,Other,SOLEIL (RUE DU),M,49.14885585587659,6.148687569701671
201800029010,NonLethal,2018-11-06,12:09:00,Daylight,570,606,Yes,NoIntersection,Normal,Other,MONTREAL (RUE DE),M,49.0991965443307,6.0988358375412846
201800029011,Lethal,2018-06-16,18:02:00,Daylight,570,606,No,Other,Normal,2Vehicles-Side,RD 603,M,49.11322573079497,6.1129008220594026
201800029012,NonLethal,2018-09-27,10:45:00,Daylight,570,240,Yes,Roundabout,Normal,2Vehicles-Side,ROOSEVELT (AVENUE),M,49.14437887354171,6.145775456096921
201800029014,NonLethal,2018-10-30,11:30:00,Daylight,570,606,Yes,Other,LightRain,Other,CLEMENCEAU (AVENUE GEORG,M,49.10292758170603,6.104861717243901
201800029015,NonLethal,2018-06-02,08:55:00,Daylight,570,19,No,NoIntersection,SnowOrHail,2Vehicles-BehindVehicles-Frontal,,M,49.22857471449932,6.230925656501118
201800029017,NonLethal,2018-02-08,18:15:00,NightNoStreetLight,570,143,No,Other,Normal,3+Vehicles-Chain,CD9,M,49.25855204545535,6.259533803599236
201800029019,NonLethal,2018-12-03,16:32:00,Daylight,570,143,No,Roundabout,Overcast,2Vehicles-Side,CD9,M,49.25840435396535,6.259098724797639
201800029020,Lethal,2018-04-14,21:30:00,NightStreelightsOn,570,143,Yes,T-type,Normal,Other,FOCH (RUE),M,49.261056618239984,6.259265085956599
201800029022,NonLethal,2018-04-18,12:30:00,Daylight,570,591,No,NoIntersection,Normal,2Vehicles-BehindVehicles-Frontal,CD181,M,49.24355150679493,6.244713390075471
201800029023,Lethal,2018-05-17,16:25:00,Daylight,570,19,No,X-type,VeryGood,2Vehicles-Side,CD181,M,49.22802353066356,6.229413726347525
201800029024,NonLethal,2018-07-04,20:50:00,TwilightOrDawn,570,491,Yes,NoIntersection,Normal,2Vehicles-Side,THOREZ (AVENUE MAURICE),M,49.24909514839083,6.248362560233612
201800029025,NonLethal,2018-07-29,08:52:00,Daylight,570,591,Yes,Roundabout,Normal,Other,METZ (DE),M,49.2576180856923,6.256180570205589
201800029026,NonLethal,2018-07-31,09:11:00,Daylight,570,491,Yes,NoIntersection,Normal,Other,R DES FORGES,M,49.248887790461325,6.2498040326533735
201800029027,NonLethal,2018-08-08,16:58:00,Daylight,570,19,No,NoIntersection,Normal,Other,CD 112F,M,49.249159015384926,6.250357783899074
201800029028,Lethal,2018-08-13,19:40:00,Daylight,570,19,No,T-type,Normal,2Vehicles-BehindVehicles-Frontal,CD 54,M,49.220145366196014,6.219026985166597
201800029029,NonLethal,2018-08-30,00:18:00,NightNoStreetLight,570,19,No,NoIntersection,HeavyRain,2Vehicles-BehindVehicles-Frontal,CD 112F,M,49.244976565600886,6.247079237179364
201800029030,NonLethal,2018-07-09,21:02:00,NightStreelightsOn,570,491,Yes,NoIntersection,Normal,NoCollision,COTE DES GAYES (ROUTE DE,M,49.25389760867022,6.254772683248249
201800029031,NonLethal,2018-10-07,16:52:00,Daylight,570,19,Yes,Roundabout,Normal,2Vehicles-Side,CD 112F,M,49.24860208362689,6.250894156501878
201800029032,NonLethal,2018-10-18,17:22:00,Daylight,570,19,Yes,NoIntersection,Normal,Other,CIMENTERIE (RUE DE LA),M,49.2551306631832,6.256277625014797
201800029033,NonLethal,2018-10-22,05:00:00,NightNoStreetLight,570,143,No,NoIntersection,Normal,Other,CD9,M,49.25799869511833,6.257256227269544
201800029035,NonLethal,2018-12-20,17:20:00,TwilightOrDawn,570,591,No,NoIntersection,LightRain,2Vehicles-Behind,RN 52,M,49.23516005279616,6.235946119060757
201800029036,NonLethal,2018-12-23,19:33:00,NightNoStreetLight,570,591,No,NoIntersection,LightRain,2Vehicles-BehindVehicles-Frontal,CD181,M,49.242171319878594,6.24184552832412
201800029038,NonLethal,2018-03-01,19:25:00,NightStreelightsOn,570,463,Yes,NoIntersection,StrongWindOrStorm,Other,39 RUE MAZELLE,M,49.11525262108159,6.117426517415362
201800029039,NonLethal,2018-05-01,09:00:00,Daylight,570,463,Yes,NoIntersection,LightRain,Other,1 rue royale,M,49.11550861677304,6.1156804680802255
201800029040,NonLethal,2018-05-01,17:00:00,NightStreelightsOn,570,463,Yes,NoIntersection,LightRain,2Vehicles-Side,RUE DES ROBERT,M,49.0996822822668,6.100694484973919
201800029041,NonLethal,2018-05-01,19:13:00,NightNoStreetLight,570,463,Yes,NoIntersection,LightRain,2Vehicles-Behind,"0, BOUZONVILLE (ROUTE DE",M,49.13660838501262,6.13583343237566
201800029042,NonLethal,2018-01-16,18:45:00,NightStreelightsOff,570,463,Yes,NoIntersection,LightRain,2Vehicles-Side,"91, MAZELLE (RUE )",M,49.11583157044109,6.1151538798474965
201800029043,NonLethal,2018-01-26,15:00:00,Daylight,570,463,Yes,NoIntersection,LightRain,2Vehicles-Side,ROUTE DE PLAPPEVILLE,M,49.12614569924881,6.124432554032674
201800029045,NonLethal,2018-01-28,18:50:00,NightStreelightsOn,570,463,Yes,NoIntersection,LightRain,Other,"0, BARONETE (RUE DE LA)",M,49.1012440648928,6.100647523510738
201800029047,NonLethal,2018-02-16,15:45:00,Daylight,570,751,Yes,Roundabout,Normal,2Vehicles-Side,"0, BERLANGE (ROND POINT",M,49.15924509704664,6.158382686092227
201800029048,NonLethal,2018-02-19,11:55:00,Daylight,570,447,Yes,NoIntersection,Normal,Other,AV DE LA BELLE FONTAINE,M,49.06736148240937,6.067505193863561
201800029049,NonLethal,2018-02-21,16:10:00,Daylight,570,463,Yes,NoIntersection,VeryGood,Other,"00, PLAPPEVILLE (ROUTE D",M,49.12728249851698,6.13028978835981
201800029050,NonLethal,2018-03-03,14:55:00,Daylight,570,463,Yes,X-type,SnowOrHail,2Vehicles-Side,"27, LAFAYETTE (RUE )",M,49.10763409948578,6.105054542277521
201800029051,NonLethal,2018-03-03,19:00:00,TwilightOrDawn,570,463,Yes,NoIntersection,Normal,2Vehicles-Side,"00, GRANGE AUX DAMES (RU",M,49.1344009444444,6.134620889603505
201800029053,NonLethal,2018-09-03,19:48:00,Daylight,570,463,Yes,NoIntersection,LightRain,2Vehicles-Side,"OO, MAZELLE (PLACE )",M,49.11420124847415,6.114529356239244
201800029054,NonLethal,2018-03-12,20:25:00,NightStreelightsOn,570,463,Yes,NoIntersection,HeavyRain,Other,"10, CHARLES ABEL (RUE )",M,49.10778176929038,6.108955580363984
201800029055,NonLethal,2018-03-27,11:40:00,Daylight,570,463,Yes,NoIntersection,Normal,Other,"2, LAURENT CHARLES MAREC",M,49.10070807858991,6.100876245185367
201800029056,NonLethal,2018-03-28,16:10:00,Daylight,570,751,Yes,NoIntersection,LightRain,Other,"63, THIONVILLE (AVENUE )",M,49.14913169651141,6.150460840795279
201800029057,NonLethal,2018-03-28,17:40:00,Daylight,570,487,Yes,NoIntersection,LightRain,Other,"55, JOUY (ROUTE DE )",M,49.095125382300985,6.094072366201421
201800029058,NonLethal,2018-03-29,18:15:00,Daylight,570,463,Yes,NoIntersection,Normal,2Vehicles-Side,"29, VICTOR HUGO (RUE )",M,49.10005652436399,6.099992817178109
201800029059,NonLethal,2018-04-17,17:25:00,Daylight,570,463,Yes,NoIntersection,Normal,Other,ROBERT SCHUMAN (AVENUE ),M,49.11230273436856,6.10927379856382
201800029060,NonLethal,2018-05-22,20:50:00,TwilightOrDawn,570,463,Yes,T-type,Normal,Other,NEUFBOURG (RUE DU ),M,49.112205524984205,6.1129270214499645
201800029062,NonLethal,2018-06-12,19:20:00,Daylight,570,463,Yes,NoIntersection,Normal,Other,R AMALAIRE,M,49.0985906150858,6.098906310395943
201800029063,NonLethal,2018-06-13,15:35:00,Daylight,570,463,Yes,X-type,Normal,2Vehicles-Side,LAVOIR (RUE DU ),M,49.09658743763806,6.096295728880319
201800029065,NonLethal,2018-06-23,17:35:00,Daylight,570,447,Yes,T-type,Normal,2Vehicles-Side,ECOLES (RUE DES),M,49.05867830635128,6.059403696414766
201800029067,NonLethal,2018-07-22,22:09:00,NightStreelightsOn,570,463,Yes,X-type,Normal,2Vehicles-BehindVehicles-Frontal,LAFAYETTE (RUE ),M,49.10680096956084,6.106804985796157
201800029068,NonLethal,2018-05-08,05:25:00,Daylight,570,463,Yes,NoIntersection,VeryGood,2Vehicles-Behind,FORT GAMBETTA (RUE DU ),M,49.13408142510043,6.131034724540068
201800029069,NonLethal,2018-09-17,06:50:00,Daylight,570,463,Yes,Other,Normal,Other,MONSEIGNEUR HEINTZ (RUE,M,49.09651840997493,6.09985287765391
201800029070,NonLethal,2018-10-24,07:20:00,TwilightOrDawn,570,463,Yes,Roundabout,LightRain,2Vehicles-Behind,SAINT PIERRE (RUE ),M,49.104333210868525,6.104000386966304
201800029071,NonLethal,2018-10-25,19:10:00,NightNoStreetLight,570,463,Yes,NoIntersection,Normal,2Vehicles-Side,AMPHITHEATRE (AVENUE DE,M,49.11141081925049,6.110103152438934
201800029073,NonLethal,2018-12-17,17:20:00,NightStreelightsOn,570,412,Yes,NoIntersection,LightRain,2Vehicles-Side,SAINT SYMPHORIEN (BOULEV,M,49.11299168149141,6.112257695987758
201800029074,NonLethal,2018-12-22,19:45:00,NightStreelightsOn,570,463,Yes,NoIntersection,Normal,3+Vehicles-Multiple,ESTREES (RUE D' ),M,49.121066409037645,6.120598634376285
201800029075,Lethal,2018-10-22,08:00:00,TwilightOrDawn,570,487,Yes,NoIntersection,Normal,Other,R DE TOURAINE,M,49.09629280554864,6.096820319122375
201800029077,NonLethal,2018-04-30,13:45:00,Daylight,570,630,Yes,T-type,Normal,2Vehicles-BehindVehicles-Frontal,R DU STADE,M,48.72694901139455,7.7272588573827
201800029078,NonLethal,2018-05-05,14:50:00,Daylight,570,630,Yes,Roundabout,Normal,2Vehicles-Side,DIVISION LECLERC,M,48.733429120525486,7.734572677858707
201800029079,NonLethal,2018-06-25,16:04:00,Daylight,570,630,No,NoIntersection,Normal,Other,REDING (ROUTE),M,48.745742203178615,7.745956662852297
201800029080,NonLethal,2018-01-09,18:41:00,Daylight,570,630,Yes,NoIntersection,Normal,NoCollision,DOLVING,M,48.74635189503462,7.746381053535036
201800029081,NonLethal,2018-09-25,12:13:00,Daylight,570,630,Yes,T-type,VeryGood,2Vehicles-Side,GAULLE (AV GAL DE),M,48.728845714309,7.729566824390863
201800029082,NonLethal,2018-09-27,19:45:00,NightStreelightsOn,570,630,Yes,Other,Normal,2Vehicles-BehindVehicles-Frontal,PHALSBOURG,M,48.739798187074335,7.740039131960786
201800029083,NonLethal,2018-01-10,11:45:00,Daylight,570,119,No,NoIntersection,Overcast,Other,RD45,M,48.73428287800265,7.735566644609522
201800029085,Lethal,2018-09-06,01:00:00,NightNoStreetLight,570,631,Yes,NoIntersection,Normal,NoCollision,CANAL (RUE DU CANAL),M,49.11323788085371,7.114287496311878
201800029087,Lethal,2018-08-17,14:10:00,Daylight,570,631,Yes,NoIntersection,Normal,NoCollision,R DU CANAL,M,49.114821590948495,7.11320995451608
201800029088,NonLethal,2018-01-02,17:25:00,NightStreelightsOn,570,306,Yes,NoIntersection,LightRain,Other,"l, MARNE (RUE DE LA)",M,49.32975869335343,6.328573204526671
201800029089,NonLethal,2018-01-10,11:30:00,Daylight,570,672,Yes,NoIntersection,Normal,Other,"16, MILLIAIRE (BOUCLE DE",M,49.35605755040363,6.355943364397742
201800029090,NonLethal,2018-01-18,07:40:00,NightStreelightsOn,570,672,Yes,NoIntersection,LightRain,Other,"14, AVENUE ALBERT 1ER",M,49.36168692049219,6.3614239505679455
201800029091,NonLethal,2018-01-23,19:30:00,NightStreelightsOn,570,672,Yes,NoIntersection,LightRain,Other,l CHAUSSEE D OCEANIE,M,49.37128350520469,6.368986756689731
201800029092,Lethal,2018-06-02,19:50:00,NightNoStreetLight,570,441,No,NoIntersection,Normal,Other,"1, MONDORFF (ROUTE DE)",M,49.386330180075234,6.385213011829827
201800029093,NonLethal,2018-02-13,11:50:00,Daylight,570,221,Yes,NoIntersection,Normal,Other,CENTRALE (RUE DE LA),M,49.322905402801865,6.32115402277238
201800029094,NonLethal,2018-02-16,10:15:00,Daylight,570,757,Yes,NoIntersection,Normal,2Vehicles-Side,"1, POITIERS (RUE DE)",M,49.365486574744,6.366178572226322
201800029096,NonLethal,2018-03-15,19:42:00,NightStreelightsOn,570,672,Yes,NoIntersection,Normal,Other,"1, GARE (PLACE DE LA)",M,49.35480717386178,6.356214742963465
201800029098,NonLethal,2018-03-28,18:15:00,Daylight,570,672,Yes,NoIntersection,LightRain,Other,"1, EUROPE (CHAUSSEE D')",M,49.35516616462007,6.354693938782395
201800029099,NonLethal,2018-04-04,23:40:00,NightStreelightsOn,570,508,Yes,T-type,Normal,Other,FOCH (RUE),M,49.33886834689056,6.337854762849752
201800029100,NonLethal,2018-04-19,17:08:00,Daylight,570,672,Yes,NoIntersection,Normal,Other,STRASBOURG (RUE DE),M,49.35717178611064,6.355346333453078
201800029101,NonLethal,2018-04-22,13:20:00,Daylight,570,757,Yes,T-type,Normal,Other,Nations (Avenue),M,49.364627436241264,6.363949930118134
201800029103,Lethal,2018-04-27,22:35:00,NightStreelightsOn,570,368,Yes,NoIntersection,Normal,Other,RIMMEL (RUE VICTOR),M,49.34061113586914,6.34168739799522
201800029104,NonLethal,2018-04-28,06:47:00,TwilightOrDawn,570,221,Yes,NoIntersection,Normal,NoCollision,D l3,M,49.3421310584871,6.344319611331727
201800029105,NonLethal,2018-05-05,18:30:00,Daylight,570,672,Yes,NoIntersection,Normal,Other,SAINT-HUBERT (RUE),M,49.37011368235844,6.36721870835784
201800029106,NonLethal,2018-05-25,19:38:00,Daylight,570,757,No,NoIntersection,Normal,Other,FORT (RUE DU),M,49.33621694377665,6.338181738098653
201800029107,NonLethal,2018-05-26,17:25:00,Daylight,570,672,Yes,NoIntersection,Normal,2Vehicles-Behind,ROMAINS (ROUTE DES),M,49.35718711463418,6.358602409407459
201800029109,NonLethal,2018-05-27,18:10:00,Daylight,570,672,Yes,X-type,Normal,NoCollision,CLEMENCEAU (AVENUE) 33+,M,49.36153228209815,6.36046458752366
201800029110,NonLethal,2018-05-29,09:25:00,Daylight,570,508,Yes,NoIntersection,Normal,2Vehicles-Behind,SAINT-JACQUES (RUE),M,49.333972316160434,6.332423087078184
201800029111,NonLethal,2018-05-31,15:32:00,Daylight,570,672,Yes,NoIntersection,Normal,Other,MERLIN (AVENUE) - PAIR,M,48.99872719440405,5.999945083410632
201800029113,NonLethal,2018-06-15,17:50:00,Daylight,570,672,No,NoIntersection,Normal,2Vehicles-BehindVehicles-Frontal,METZ (ROUTE DE),M,49.34115140461474,6.340325665370816
201800029114,NonLethal,2018-06-23,16:40:00,Daylight,570,672,Yes,NoIntersection,Normal,2Vehicles-Side,METZ (ROUTE DE),M,49.34277299133658,6.341851234510577
201800029115,NonLethal,2018-06-26,16:10:00,Daylight,570,672,Yes,NoIntersection,Normal,2Vehicles-BehindVehicles-Frontal,GARCHE (ROUTE DE),M,49.39379722039877,6.396474952642754
201800029116,NonLethal,2018-06-27,12:20:00,Daylight,570,757,Yes,NoIntersection,Normal,Other,GENERAL DE GAULLE (RUE D,M,49.36089703777193,6.361182122897682
201800029117,NonLethal,2018-06-30,11:17:00,Daylight,570,666,Yes,NoIntersection,Normal,2Vehicles-BehindVehicles-Frontal,FORGERON (RUE DU),M,49.35293025575628,6.353241598313596
201800029118,NonLethal,2018-07-03,13:07:00,Daylight,570,757,Yes,NoIntersection,Normal,Other,ILLANGE (ROUTE D'),M,49.35293970093856,6.3541833985768585
201800029119,NonLethal,2018-05-07,20:17:00,Daylight,570,306,Yes,NoIntersection,LightRain,NoCollision,VERDUN (RUE DE),M,49.32497005911907,6.324259726213846
201800029120,Lethal,2018-08-07,00:14:00,NightStreelightsOn,570,672,Yes,T-type,Normal,2Vehicles-Side,22 R DE VERDUN,M,49.35008238869037,6.348007346200967
201800029121,NonLethal,2018-11-07,19:34:00,Daylight,570,647,Yes,T-type,Normal,2Vehicles-Side,SAINT NICOLAS EN FORET (,M,49.31566466900647,6.317603556386253
201800029122,Lethal,2018-07-12,18:50:00,Daylight,570,221,Yes,X-type,VeryGood,2Vehicles-Side,LORRAINE (AVENUE DE),M,49.32769247238611,6.325583522006877
201800029123,NonLethal,2018-07-15,19:45:00,TwilightOrDawn,570,221,Yes,NoIntersection,LightRain,Other,PORT (RUE DU),M,49.32604985818416,6.32796040408945
201800029124,NonLethal,2018-07-18,18:30:00,Daylight,570,306,Yes,NoIntersection,Normal,Other,CAPUCINES (RUE DES),M,49.352802451561104,6.354588447566206
201800029125,NonLethal,2018-07-27,12:25:00,Daylight,570,672,Yes,NoIntersection,Normal,Other,METZ (ROUTE DE),M,49.346533620170185,6.344274494445121
201800029126,NonLethal,2018-08-17,18:00:00,Daylight,570,221,No,Roundabout,Normal,2Vehicles-Side,D l3,M,49.34280845769959,6.342025060121804
201800029127,NonLethal,2018-08-18,17:30:00,Daylight,570,666,No,Roundabout,Normal,2Vehicles-Side,D13,M,49.34274175595282,6.343643411354339
201800029128,Lethal,2018-08-23,15:39:00,Daylight,570,306,Yes,NoIntersection,Normal,Other,MENDES FRANCE (RUE PIERR,M,49.33305288110536,6.333015928790876
201800029129,NonLethal,2018-08-26,16:04:00,Daylight,570,672,No,NoIntersection,Normal,Other,ARLON (ROUTE D'),M,49.37638885336799,6.376403990610483
201800029130,NonLethal,2018-03-09,09:17:00,Daylight,570,672,No,NoIntersection,Normal,Other,ESCH SUR ALZETTE (ROUTE,M,49.35742515813471,6.356769521413
201800029131,Lethal,2018-09-03,09:26:00,Daylight,570,672,Yes,Other,Normal,Other,CHATEAU JEANNOT (RUE) -,M,49.36422766761827,6.370296167131029
201800029135,NonLethal,2018-10-02,12:16:00,Daylight,570,306,Yes,NoIntersection,Overcast,Other,VOSGES (RUE DES),M,49.31465254185121,6.314018854239755
201800029136,NonLethal,2018-10-05,08:35:00,Daylight,570,672,Yes,NoIntersection,Normal,Other,ROBERT SCHUMANN (BOULEVA,M,49.35548182024102,6.353393770672227
201800029138,NonLethal,2018-10-17,16:15:00,Daylight,570,672,Yes,NoIntersection,Normal,2Vehicles-Behind,COURONNE (RUE DE LA),M,49.35375265260189,6.352215133445825
201800029139,NonLethal,2018-02-11,16:50:00,TwilightOrDawn,570,221,No,NoIntersection,LightRain,2Vehicles-BehindVehicles-Frontal,ETOILE (RUE DE L'),M,49.33735769758454,6.340119854502335
201800029140,NonLethal,2018-09-11,21:16:00,NightStreelightsOn,570,672,Yes,NoIntersection,LightRain,Other,CLEMENCEAU (AVENUE) 1 A,M,49.35804689540826,6.359041355524269
201800029141,NonLethal,2018-11-18,20:30:00,NightStreelightsOn,570,672,Yes,NoIntersection,Normal,Other,CREVE COEUR (RUE DU),M,49.37448523136752,6.375219907067489
201800029142,NonLethal,2018-11-24,18:21:00,NightStreelightsOn,570,221,Yes,X-type,LightRain,2Vehicles-Side,NATIONALE (RUE),M,49.3181296674051,6.3178063623433
201800029143,NonLethal,2018-11-30,13:45:00,Daylight,570,672,Yes,NoIntersection,Normal,2Vehicles-Side,REPUBLIQUE (PLACE DE LA),M,49.35722604436382,6.354213973367537
201800029144,NonLethal,2018-08-12,11:50:00,Daylight,570,508,Yes,NoIntersection,Normal,2Vehicles-Behind,FOCH (RUE),M,49.33923454940812,6.340763264130181
201800029145,NonLethal,2018-11-12,06:05:00,NightStreelightsOn,570,306,No,NoIntersection,Overcast,2Vehicles-BehindVehicles-Frontal,METROPOLE (AVENUE DE LA),M,49.35102075875028,6.351393592340779
201800029146,NonLethal,2018-12-12,22:50:00,NightStreelightsOn,570,672,Yes,NoIntersection,Normal,Other,BUCHEL (ROUTE DU),M,49.35953870400532,6.361128372163811
201800029147,NonLethal,2018-12-17,20:30:00,NightStreelightsOn,570,12,Yes,NoIntersection,Normal,Other,FOCH (RUE),M,49.36082522581642,6.361212194784986
201800029148,NonLethal,2018-12-19,17:25:00,NightStreelightsOn,570,672,Yes,T-type,LightRain,2Vehicles-Side,ALBERT 1ER (AVENUE) - IM,M,49.36555148092816,6.364430534462636
201800029149,Lethal,2018-05-02,20:00:00,NightNoStreetLight,450,187,No,NoIntersection,SnowOrHail,2Vehicles-BehindVehicles-Frontal,les Barres,M,47.87550907734269,2.877909104104789
201800029150,NonLethal,2018-02-27,19:15:00,NightNoStreetLight,450,187,No,NoIntersection,Normal,Other,D88,M,47.877011891946765,2.877086577301542
201800029151,NonLethal,2018-03-17,14:30:00,Daylight,450,187,No,NoIntersection,Normal,Other,Lieu-dit La Cochonnerie,M,47.87441389301557,2.876305085711409
201800029152,NonLethal,2018-04-19,08:15:00,Daylight,450,247,Yes,NoIntersection,Normal,Other,440 R de la Charbonniere,M,48.00224642662694,2.0029895315478363
201800029153,NonLethal,2018-05-19,14:05:00,Daylight,450,293,No,X-type,Normal,2Vehicles-Side,D216O/chemin halage,M,47.98704186258469,2.9885980934668077
201800029154,NonLethal,2018-06-02,17:00:00,Daylight,450,31,Yes,NoIntersection,Normal,NoCollision,15 avenue ricolas braque,M,47.989508568478826,2.98820605627916
201800029155,NonLethal,2018-06-29,09:10:00,Daylight,450,66,No,NoIntersection,Normal,2Vehicles-Side,D38 - 2 + 100,M,47.93990874380501,2.940116494522413
201800029156,NonLethal,2018-07-23,19:00:00,Daylight,450,293,No,NoIntersection,Normal,Other,D2l60,M,47.9742231692337,2.974626513881506
201800029157,NonLethal,2018-09-23,19:25:00,Daylight,450,187,No,NoIntersection,LightRain,Other,D88 PR14+200,M,47.87816409139008,2.878573672795209
201800029160,NonLethal,2018-11-24,11:25:00,Daylight,450,66,No,X-type,Normal,2Vehicles-Side,Intersection RD38/RD39,M,47.94124252776991,2.9411042455109877
201800029161,NonLethal,2018-05-30,20:10:00,TwilightOrDawn,201,349,Yes,NoIntersection,Normal,2Vehicles-Behind,"T40, face rue Trevole",M,41.66894541771322,8.667471300081985
201800029163,NonLethal,2018-09-11,09:45:00,Daylight,201,362,No,NoIntersection,Normal,2Vehicles-Side,D368,M,41.75138466180032,9.750069833694344
201800029164,NonLethal,2018-09-22,05:15:00,NightNoStreetLight,201,362,No,NoIntersection,Normal,Other,lieu dit Cavanello,M,41.70138674582357,9.701839421508115
201800029165,Lethal,2018-01-10,12:36:00,Daylight,201,357,No,NoIntersection,Normal,2Vehicles-BehindVehicles-Frontal,RD69,M,41.74966405855786,9.746677037186698
201800029166,Lethal,2018-01-28,01:30:00,NightNoStreetLight,330,447,Yes,NoIntersection,FogOrSmoke,Other,l7 laveau.,M,45.01511453473738,-0.0143073164414392
201800029167,Lethal,2018-03-14,07:15:00,TwilightOrDawn,330,478,Yes,LevelCrossing,Normal,Other,RD123 PR13+465 réel.,M,45.010287410510976,-0.0095837697575927
201800029168,NonLethal,2018-04-13,16:45:00,Daylight,330,243,Yes,NoIntersection,Normal,3+Vehicles-Multiple,D910E4 AV FOCH,M,44.92198031023275,-0.921860822385748
201800029169,NonLethal,2018-02-07,04:45:00,NightNoStreetLight,330,332,No,NoIntersection,HeavyRain,2Vehicles-BehindVehicles-Frontal,lieu dit rangeard,M,45.033772202252,-0.0350812177206314
201800029171,NonLethal,2018-10-15,19:00:00,TwilightOrDawn,330,315,No,NoIntersection,Overcast,2Vehicles-BehindVehicles-Frontal,VC Pont de Malibeau,M,45.078276478358006,-0.0773319189174994
201800029172,NonLethal,2018-11-08,12:30:00,Daylight,330,385,No,NoIntersection,Normal,Other,D 121,M,45.0632645862533,2.063108100991955
201800029173,NonLethal,2018-11-15,07:30:00,TwilightOrDawn,330,138,No,NoIntersection,Other,2Vehicles-BehindVehicles-Frontal,RD 1O PR 5+674 réel.,M,45.03344003292785,-0.0346772745546168
201800029175,Lethal,2018-03-20,22:22:00,NightNoStreetLight,110,261,No,NoIntersection,StrongWindOrStorm,2Vehicles-BehindVehicles-Frontal,RD 6113,M,43.1892696766494,2.1895140633037027
201800029176,NonLethal,2018-03-22,00:10:00,NightNoStreetLight,110,69,No,NoIntersection,Normal,2Vehicles-Behind,Autoroute A61 PK 329+73O,M,43.19516558941478,2.1940009179748863
201800029177,NonLethal,2018-12-08,14:10:00,Daylight,110,69,No,NoIntersection,Normal,Other,A61 PK 329.000,M,43.19655675290061,2.196662305005677
201800029178,NonLethal,2018-08-27,02:20:00,NightNoStreetLight,110,69,No,NoIntersection,Normal,Other,A 61 PK 322+800,M,43.19242440711989,2.1920782500302454
201800029179,NonLethal,2018-10-09,11:00:00,Daylight,110,98,No,NoIntersection,Normal,2Vehicles-Behind,"A61 PK355.800, sens Narb",M,43.16729468585184,2.1670213692877445