AccidentId,Gravity,Date,Hour,Light,Department,Commune,InAgglomeration,IntersectionType,Weather,CollisionType,PostalAddress,GPSCode,Latitude,Longitude
201800029180,NonLethal,2018-09-17,13:50:00,Daylight,110,261,No,NoIntersection,Normal,Other,A61 PK 350.500,M,43.17736906556016,2.1746092068646545
201800029181,NonLethal,2018-08-18,19:30:00,Daylight,570,365,No,X-type,Normal,2Vehicles-Behind,RD 855,M,49.40065403933585,6.403003920495856
201800029182,NonLethal,2018-09-19,07:20:00,TwilightOrDawn,570,604,Yes,T-type,Normal,Other,rue de l'europe,M,49.449291938921846,6.449658126639427
201800029183,NonLethal,2018-01-26,09:35:00,Daylight,860,297,Yes,Roundabout,Normal,2Vehicles-Side,lieu-dit    CHANTELOUP,M,46.543195246884935,2.546339089577478
201800029184,NonLethal,2018-03-25,07:15:00,NightNoStreetLight,860,297,No,NoIntersection,Normal,Other,D3,M,46.5507468283555,2.552866638663292
201800029185,NonLethal,2018-04-17,12:20:00,Daylight,860,121,No,X-type,Normal,NoCollision,D93,M,46.61753023607161,8.617495146842396
201800029186,NonLethal,2018-04-19,18:00:00,Daylight,860,100,Yes,NoIntersection,Normal,2Vehicles-BehindVehicles-Frontal,rue de  chaumont RD87,M,46.53739752550534,2.5376799055021144
201800029187,NonLethal,2018-10-05,11:15:00,Daylight,860,76,No,X-type,Normal,2Vehicles-Side,"N149, au carrefour QUINÇ",M,46.63453684906406,2.633417060054085
201800029188,NonLethal,2018-07-06,20:00:00,NightNoStreetLight,860,74,No,X-type,Normal,2Vehicles-Side,intersection rue vendelo,M,46.65444736592308,1.6554480882400715
201800029189,NonLethal,2018-07-09,09:30:00,Daylight,860,123,No,X-type,Normal,2Vehicles-Side,D27,M,46.58403638497256,1.5848622125908831
201800029190,Lethal,2018-10-20,20:40:00,NightStreelightsOn,860,294,No,NoIntersection,Normal,2Vehicles-Side,RN 149 PK 14+300,M,46.64830682961686,1.647376212534317
201800029191,NonLethal,2018-01-09,07:50:00,Daylight,580,194,Yes,T-type,LightRain,2Vehicles-Side,"sans, MARECHAL LYAUTEY",M,46.99309368571297,3.991987683855306
201800029192,NonLethal,2018-12-01,14:20:00,Daylight,580,194,Yes,NoIntersection,Normal,2Vehicles-Behind,"SANS, MARINIERS (QUAI)",M,46.98399998935366,3.985624130477062
201800029193,NonLethal,2018-01-30,19:55:00,NightStreelightsOn,580,194,Yes,T-type,LightRain,2Vehicles-Side,"sans, COLBERT",M,46.99027890417324,3.9898010795347423
201800029194,NonLethal,2018-02-07,09:05:00,Daylight,580,194,Yes,NoIntersection,SnowOrHail,2Vehicles-Side,"6 BIS, PETIT MOUESSE",M,46.98890018431974,3.991342182617278
201800029195,NonLethal,2018-06-02,08:00:00,Daylight,580,194,Yes,NoIntersection,SnowOrHail,2Vehicles-Behind,"25, JEROME TRESAGUET",M,46.989091001833096,3.990602418430304
201800029196,NonLethal,2018-02-16,19:20:00,NightNoStreetLight,580,194,Yes,NoIntersection,Normal,2Vehicles-Behind,"SANS, CHAMP DE FOIRE (PL",M,46.9864478886933,3.9888918223539336
201800029197,NonLethal,2018-02-22,14:50:00,Daylight,580,194,Yes,NoIntersection,Normal,2Vehicles-Behind,PASSIERE,M,46.98841496789155,3.991241825555908
201800029198,NonLethal,2018-05-03,12:55:00,Daylight,580,194,Yes,T-type,Normal,2Vehicles-Side,"sans, JEROME TRESAGUET",M,46.989204474425705,3.989188662614938
201800029199,NonLethal,2018-03-12,15:05:00,Daylight,580,194,Yes,NoIntersection,Normal,2Vehicles-Side,"SANS, MARECHAL DE LATTRE",M,46.99812016274898,3.9998626048321584
201800029200,NonLethal,2018-03-12,14:30:00,Daylight,580,194,Yes,T-type,LightRain,Other,"sans, GENERAL DE GAULLE",M,46.98022113295787,3.979671577504895
201800029202,NonLethal,2018-02-22,20:15:00,NightStreelightsOff,580,194,Yes,T-type,Normal,3+Vehicles-Multiple,"SANS, FAIDHERBE",M,47.001008544085416,3.998628550480837
201800029203,NonLethal,2018-06-04,13:45:00,Daylight,580,194,Yes,NoIntersection,Normal,2Vehicles-Behind,MARECHAL LECLERC,M,47.00221725050491,2.999233585494644
201800029204,NonLethal,2018-04-15,02:30:00,NightStreelightsOn,580,194,Yes,NoIntersection,Normal,2Vehicles-Side,CHARLEVILLE,M,46.98080128919534,3.977067879921509
201800029205,NonLethal,2018-04-23,09:00:00,Daylight,580,194,Yes,T-type,LightRain,2Vehicles-Side,MADEMOISELLE BOURGEOIS,M,46.99806498821674,3.997729631069102
201800029206,NonLethal,2018-04-21,15:56:00,Daylight,580,194,Yes,NoIntersection,Normal,2Vehicles-Behind,PIERRE DE COUBERTIN,M,46.984484932201255,3.986218746130104
201800029207,NonLethal,2018-04-21,04:31:00,NightStreelightsOn,580,194,Yes,Y-type,Normal,2Vehicles-BehindVehicles-Frontal,MADEMOISELLE BOURGEOIS,M,46.99123086451137,3.989352884203346
201800029208,NonLethal,2018-04-25,17:30:00,Daylight,580,194,Yes,Roundabout,Normal,2Vehicles-Side,PIERRE DE COUBERTIN,M,46.985688647196326,3.986938067516748
201800029209,NonLethal,2018-05-05,17:20:00,Daylight,580,194,Yes,NoIntersection,Normal,Other,FRANCS BOURGEOIS,M,46.9907160931869,3.990480775003109
201800029210,NonLethal,2018-05-22,19:25:00,Daylight,580,194,Yes,NoIntersection,Normal,2Vehicles-Behind,PIERRE DE COUBERTIN,M,46.98135625080127,3.980420410147336
201800029212,NonLethal,2018-05-29,07:10:00,Daylight,580,194,Yes,Other,Normal,NoCollision,CROIX JOYEUSE (CARREFOUR,M,46.99518610587744,3.99500467803153
201800029215,NonLethal,2018-05-31,22:35:00,NightStreelightsOn,580,194,Yes,NoIntersection,HeavyRain,2Vehicles-Side,CHARLEVILLE,M,46.9904435745936,3.990132304086364
201800029216,NonLethal,2018-06-04,19:45:00,Daylight,580,194,Yes,T-type,Normal,2Vehicles-Side,MONTOTS,M,46.99536611757026,3.994279212999167
201800029217,NonLethal,2018-08-06,08:00:00,Daylight,580,194,Yes,NoIntersection,Normal,2Vehicles-Behind,MADEMOISELLE BOURGEOIS,M,46.99551460442,3.9946615011384425
201800029218,NonLethal,2018-06-17,11:26:00,Daylight,580,194,Yes,Roundabout,Normal,NoCollision,MONTE CASSINO (ROND POIN,M,46.97931014417305,3.980422073970404
201800029223,NonLethal,2018-07-10,19:00:00,Daylight,580,194,Yes,NoIntersection,Normal,2Vehicles-Behind,GRAND PRE DES BORDES,M,46.99099985972655,3.988025331868722
201800029225,NonLethal,2018-12-07,22:35:00,NightStreelightsOn,580,194,Yes,T-type,Normal,2Vehicles-Side,CHAMPS PACAUD,M,46.99447527533284,3.9955455028106415
201800029227,NonLethal,2018-07-21,09:10:00,Daylight,580,194,Yes,Other,Normal,Other,GENERAL DE GAULLE,M,46.98984482984097,3.9897022069448624
201800029228,NonLethal,2018-07-31,17:50:00,Daylight,580,194,Yes,T-type,Normal,2Vehicles-Side,CHAILLOUX,M,46.98542070514355,3.983468993151286
201800029229,NonLethal,2018-08-06,15:20:00,Daylight,580,194,Yes,NoIntersection,Normal,2Vehicles-Behind,GRAND PRE DES BORDES,M,46.99025303808414,3.9902028485912937
201800029230,NonLethal,2018-08-21,15:25:00,Daylight,580,194,Yes,NoIntersection,Normal,Other,MARECHAL LECLERC,M,46.99848786406422,4.000302733506906
201800029232,NonLethal,2018-08-31,18:30:00,Daylight,580,194,Yes,NoIntersection,Normal,Other,BERNARD PALISSY,M,46.98094387367406,3.980596993149146
201800029233,NonLethal,2018-02-09,17:40:00,Daylight,580,194,Yes,NoIntersection,Normal,2Vehicles-Side,SAINT GILDARD,M,46.99390161002224,3.991267610780239
201800029234,NonLethal,2018-05-09,19:10:00,Daylight,580,194,Yes,NoIntersection,Normal,Other,CHARLEVILLE,M,46.98804307574815,3.98866647744826
201800029235,NonLethal,2018-09-08,12:20:00,Daylight,580,194,Yes,NoIntersection,Normal,2Vehicles-Behind,COLBERT,M,46.98958404482298,3.991192629444572
201800029236,NonLethal,2018-09-14,08:20:00,Daylight,580,194,Yes,T-type,Normal,2Vehicles-Side,TAILLES,M,47.00121576456655,3.00029264593226
201800029238,NonLethal,2018-09-20,12:10:00,Daylight,580,194,Yes,Roundabout,Normal,3+Vehicles-Chain,GRAND PRE DES BORDES,M,46.99097045058708,3.988665006136361
201800029239,NonLethal,2018-09-21,14:50:00,Daylight,580,194,Yes,NoIntersection,Normal,Other,CHARLEVILLE,M,46.99281872122575,3.9900066873434095
201800029240,NonLethal,2018-09-25,09:35:00,Daylight,580,194,Yes,NoIntersection,Normal,Other,MONTAPINS,M,46.97989008459231,3.979572975971569
201800029241,NonLethal,2018-09-25,10:20:00,Daylight,580,194,Yes,NoIntersection,Normal,Other,CHAMEANE (PLACE),M,46.99991537967526,3.998007257262565
201800029242,NonLethal,2018-04-10,12:19:00,Daylight,580,194,Yes,NoIntersection,Normal,2Vehicles-Behind,GONZAGUE,M,46.98425464327816,3.985175106673254
201800029243,NonLethal,2018-10-10,18:40:00,Daylight,580,194,Yes,NoIntersection,LightRain,2Vehicles-Side,MARECHAL JUIN,M,47.00134780078577,3.001081275366253
201800029244,NonLethal,2018-10-10,12:10:00,Daylight,580,194,Yes,T-type,Normal,2Vehicles-Side,ARDENETS,M,46.98095957716471,3.981009110507517
201800029246,NonLethal,2018-11-09,17:58:00,NightStreelightsOn,580,194,Yes,NoIntersection,Normal,2Vehicles-BehindVehicles-Frontal,ESTUTT DE TRACY,M,46.98537173619494,3.982052590226033
201800029247,NonLethal,2018-11-14,11:30:00,Daylight,580,194,Yes,NoIntersection,Normal,2Vehicles-Behind,HENRI BOUQUILLARD,M,46.99528184640476,3.996700038882419
201800029248,NonLethal,2018-11-18,20:50:00,NightStreelightsOn,580,194,Yes,T-type,Normal,2Vehicles-Side,FRANCIS GARNIER,M,46.99435589199638,3.99267957212372
201800029249,NonLethal,2018-12-06,08:15:00,Daylight,580,194,Yes,T-type,Normal,2Vehicles-Side,CHAMEANE (PLACE),M,46.993532454128136,3.993313314823456
201800029250,NonLethal,2018-12-11,17:30:00,Daylight,580,194,Yes,NoIntersection,Normal,2Vehicles-Behind,MARZY,M,46.98648664180112,3.987164035783053
201800029251,NonLethal,2018-12-17,21:05:00,NightStreelightsOn,580,194,Yes,Roundabout,Normal,2Vehicles-Behind,RENE MARLIN (CARREFOUR),M,47.00079514907826,3.999239692056015
201800029253,NonLethal,2018-03-30,15:15:00,Daylight,690,277,No,NoIntersection,Normal,2Vehicles-Side,dl47,M,45.728125007133215,5.730120228519949
201800029254,NonLethal,2018-05-03,08:21:00,Daylight,690,287,Yes,NoIntersection,LightRain,2Vehicles-BehindVehicles-Frontal,rue des Frères Lumière,M,45.701568731494106,5.704110763146824
201800029255,NonLethal,2018-05-27,09:30:00,Daylight,690,110,No,NoIntersection,LightRain,2Vehicles-BehindVehicles-Frontal,D2,M,45.62263965296126,4.623235103251084
201800029258,NonLethal,2018-01-21,21:55:00,NightNoStreetLight,950,452,No,NoIntersection,LightRain,Other,RD 85,M,49.129191169423606,2.127732923301995
201800029260,NonLethal,2018-06-20,14:20:00,Daylight,950,436,No,NoIntersection,Normal,3+Vehicles-Multiple,RD 922,M,49.1328570350463,2.1311177459802177
201800029262,NonLethal,2018-04-07,18:20:00,Daylight,950,487,Yes,NoIntersection,Normal,2Vehicles-BehindVehicles-Frontal,RUE JEAN CATELAS,M,49.15466578241295,2.156217084930172
201800029263,Lethal,2018-07-17,12:39:00,Daylight,950,116,No,NoIntersection,Normal,2Vehicles-Side,RD 922,M,49.1444989944686,2.1427268667612016
201800029264,NonLethal,2018-12-08,10:50:00,Daylight,950,58,No,NoIntersection,LightRain,Other,CHEMIN PAVE,M,49.15362189058474,2.15397558992024
201800029265,NonLethal,2018-12-14,23:40:00,NightStreelightsOn,950,487,Yes,NoIntersection,Overcast,Other,RUE PIERRE BROSSOLETTE,M,49.14986556884516,2.150632377578272
201800029266,NonLethal,2018-12-09,10:20:00,Daylight,950,445,Yes,NoIntersection,HeavyRain,Other,RUE PAUL DUCLOS,M,49.09038089646267,2.089158582128817
201800029267,NonLethal,2018-12-29,23:00:00,NightStreelightsOn,950,313,Yes,NoIntersection,Normal,2Vehicles-Side,RUE SAINT LAZARE,M,49.112315494165706,2.1117745356537942
201800029268,Lethal,2018-01-14,13:00:00,Daylight,950,504,Yes,NoIntersection,Normal,Other,R DANIELE CASANOVA,M,49.11529745886556,2.1155054476945128
201800029269,NonLethal,2018-02-15,21:00:00,NightStreelightsOn,950,313,Yes,NoIntersection,Normal,2Vehicles-Behind,RD 922,M,49.11058116205327,2.110019988449217
201800029270,NonLethal,2018-05-24,13:50:00,Daylight,950,313,Yes,NoIntersection,Normal,NoCollision,CLOS DU MARTIN PECHEUR,M,49.12411876457155,2.124829254723064
201800029271,NonLethal,2018-06-08,12:30:00,Daylight,950,313,No,NoIntersection,Normal,2Vehicles-BehindVehicles-Frontal,RUE DE PONTOISE,M,49.094560582046256,2.0964355457721213
201800029272,NonLethal,2018-06-16,01:20:00,NightNoStreetLight,950,480,Yes,NoIntersection,Normal,Other,ALLEE DES PEUPLIERS,M,49.09929047273044,2.097341780489109
201800029273,NonLethal,2018-06-17,16:30:00,Daylight,950,313,Yes,NoIntersection,Normal,2Vehicles-Behind,AVENUE DE PARIS,M,49.10945607152362,2.1102979053683604
201800029275,NonLethal,2018-07-16,16:45:00,Daylight,950,313,Yes,NoIntersection,Normal,2Vehicles-BehindVehicles-Frontal,RUE DE LA MADELEINE,M,49.10550465312674,2.104220823547476
201800029276,NonLethal,2018-07-27,22:35:00,NightNoStreetLight,950,313,No,NoIntersection,Normal,Other,RD 922,M,49.09491116900301,2.0925637455175754
201800029278,NonLethal,2018-09-18,15:15:00,Daylight,950,313,No,NoIntersection,Normal,2Vehicles-Side,CHEMIN DES 3 SOURCES,M,49.12322260485133,2.122406897989814
201800029279,NonLethal,2018-12-23,05:55:00,NightStreelightsOn,950,313,Yes,Roundabout,LightRain,Other,ROND POINT DES HEROS,M,49.11797900199465,2.1176752453889
201800029281,NonLethal,2018-02-19,14:00:00,Daylight,710,166,No,NoIntersection,Normal,Other,lieu-dit Chevannes,M,46.74560787023775,4.744845663203601
201800029282,NonLethal,2018-03-30,09:45:00,Daylight,710,47,Yes,NoIntersection,LightRain,2Vehicles-Side,avenue puzenat,M,46.62319660293806,3.623740079718891
201800029283,NonLethal,2018-05-19,03:37:00,NightNoStreetLight,710,220,No,NoIntersection,Overcast,Other,Lieu dit les carrières,M,46.539303301400416,3.54113453115022
201800029284,NonLethal,2018-05-29,13:25:00,Daylight,710,220,No,NoIntersection,Normal,2Vehicles-BehindVehicles-Frontal,d 979,M,46.53894984862271,3.5373694261969786
201800029285,NonLethal,2018-05-30,09:30:00,Daylight,710,239,No,NoIntersection,Normal,NoCollision,lieu dit le pavillon,M,46.70279545589922,3.7017318520492535
201800029286,NonLethal,2018-05-30,21:01:00,TwilightOrDawn,710,155,No,NoIntersection,Normal,Other,L'OUCHE BRULÉE,M,46.72283254044186,3.724120662476494
201800029287,NonLethal,2018-10-05,10:15:00,Daylight,710,47,Yes,NoIntersection,VeryGood,Other,7 place de la République,M,46.6181435250714,3.620126344436304
201800029288,NonLethal,2018-11-01,17:30:00,NightStreelightsOn,590,143,Yes,NoIntersection,FogOrSmoke,2Vehicles-BehindVehicles-Frontal,"359, NATIONALE  ( ROUTE)",M,50.66917913224724,2.672691432353913
201800029289,NonLethal,2018-01-21,06:10:00,NightStreelightsOff,590,143,No,NoIntersection,Normal,Other,NATIONALE  ( ROUTE),M,50.66387108787347,2.664563146630235
201800029290,NonLethal,2018-02-07,08:20:00,Daylight,590,17,Yes,NoIntersection,Normal,Other,"IGNORE, MARCEAU (RUE)",M,50.69204186432462,2.690478039458035
201800029291,NonLethal,2018-02-12,11:45:00,Daylight,590,431,No,NoIntersection,Normal,2Vehicles-BehindVehicles-Frontal,"531, TOUQUET (RUE DU)",M,50.69137858210722,2.689928895919249
201800029293,NonLethal,2018-02-24,19:40:00,NightStreelightsOn,590,43,Yes,T-type,Normal,2Vehicles-Side,"62, PHILIPPE VAN TIEGHEM",M,50.73634899862451,2.7369486550961577
201800029294,NonLethal,2018-03-14,12:00:00,Daylight,590,17,Yes,NoIntersection,Normal,2Vehicles-Behind,EUROPE  (AVENUE DE L'),M,50.69149029520579,2.692037418177521
201800029295,NonLethal,2018-03-21,22:55:00,NightNoStreetLight,590,43,No,NoIntersection,Normal,Other,HAZEBROUCK (ROUTE D'),M,50.73637527279121,2.733943771139677
201800029296,NonLethal,2018-04-14,20:10:00,Daylight,590,317,No,NoIntersection,HeavyRain,Other,ROUTE DEPARTEMENTALE 945,M,50.69920598159102,2.6996838031042336
201800029299,NonLethal,2018-05-22,19:00:00,Daylight,590,143,No,NoIntersection,VeryGood,2Vehicles-Side,KENNEDY (RUE DU PRESIDEN,M,50.65818254904718,2.658182587456201
201800029300,Lethal,2018-05-27,00:40:00,NightStreelightsOn,590,43,Yes,NoIntersection,Normal,NoCollision,LOCRE (ROUTE DE),M,50.74463722203909,2.7467170139812533
201800029301,NonLethal,2018-05-27,18:50:00,Daylight,590,17,Yes,NoIntersection,Normal,Other,GARE (PLACE DE LA),M,50.68170327883643,2.6806582839010797
201800029302,NonLethal,2018-05-31,18:30:00,Daylight,590,431,No,NoIntersection,Normal,Other,PONTCEAU (RUE DU),M,50.70342195007975,2.7053615149182715
201800029303,NonLethal,2018-06-21,22:20:00,TwilightOrDawn,590,43,No,T-type,Normal,2Vehicles-Side,LILLE (ROUTE DE),M,50.72423464623195,2.72289014892827
201800029304,NonLethal,2018-06-25,09:25:00,Daylight,590,17,Yes,X-type,Normal,2Vehicles-Side,THIERS (PLACE ),M,50.68819197883108,2.6862724287482327
201800029305,NonLethal,2018-01-07,17:20:00,Daylight,590,431,Yes,X-type,Normal,2Vehicles-BehindVehicles-Frontal,ARMENTIERES  (RUE D' ),M,50.69726204287156,2.69733895183379
201800029306,NonLethal,2018-07-14,17:40:00,Daylight,590,17,Yes,T-type,Normal,2Vehicles-Side,SCHUMAN (RUE ROBERT ),M,50.68344715247729,2.681533874139766
201800029308,NonLethal,2018-10-13,11:00:00,Daylight,590,43,Yes,NoIntersection,Normal,Other,OCCIDENT (RUE D'),M,50.73684728732649,2.738467063028396
201800029309,NonLethal,2018-10-22,17:30:00,Daylight,590,43,Yes,NoIntersection,Normal,Other,METEREN (ROUTE DE),M,50.73830954236127,2.7393228049456053
201800029310,NonLethal,2018-10-26,10:30:00,Daylight,590,17,Yes,NoIntersection,Normal,Other,DIX NEUF MARS 1962 (PLAC,M,50.68701059748524,2.6892754684090283
201800029312,NonLethal,2018-01-12,12:30:00,Daylight,590,122,Yes,X-type,Overcast,2Vehicles-Side,", VARSOVIE (RUE DE)",M,50.15871079650168,3.1601298669858915
201800029313,NonLethal,2018-10-04,17:30:00,Daylight,590,122,Yes,NoIntersection,Normal,Other,LIBERTE (BOULEVARD DE LA,M,50.17111622878522,3.1703530632078394
201800029314,NonLethal,2018-05-17,08:30:00,Daylight,590,244,Yes,X-type,Normal,2Vehicles-Side,ROUTE NATIONALE,M,50.164645587337326,3.165761542194232
201800029315,NonLethal,2018-06-08,21:40:00,TwilightOrDawn,590,122,Yes,NoIntersection,Normal,NoCollision,CARNOT (RUE SADI),M,50.176990038517886,3.17676114111458
201800029316,NonLethal,2018-07-14,11:30:00,Daylight,590,206,No,NoIntersection,Normal,2Vehicles-Behind,NAVES (ROUTE DE) OU DEPA,M,50.18833111970748,3.188576743886966
201800029317,NonLethal,2018-08-20,04:40:00,NightStreelightsOn,590,476,Yes,LevelCrossing,Normal,Other,MARCOING (ROUTE DE),M,50.150780040123536,3.150578446880888
201800029318,NonLethal,2018-08-26,03:15:00,NightStreelightsOn,590,122,Yes,NoIntersection,Normal,2Vehicles-Side,PARIS (AVENUE DE),M,50.15041194971258,3.1495730760763805
201800029319,Lethal,2018-09-19,14:40:00,Daylight,590,122,No,NoIntersection,Normal,2Vehicles-Side,SOLESMES (ROUTE DE),M,50.18297815785038,3.18209063090588
201800029321,NonLethal,2018-12-22,18:55:00,NightNoStreetLight,590,476,No,NoIntersection,LightRain,Other,MARCOING (ROUTE DE),M,48.86348252462402,2.86129861298299
201800029322,NonLethal,2018-12-28,17:50:00,NightStreelightsOn,590,122,Yes,T-type,Normal,Other,MITTERAND AVENUE FRANCO,M,50.1772629519762,3.1766241542743363
201800029324,NonLethal,2018-02-09,14:40:00,Daylight,590,153,No,NoIntersection,Normal,2Vehicles-Side,C.D. 935 (NOUVEAU ),M,50.46744611302473,3.4653386071158514
201800029325,NonLethal,2018-11-29,07:45:00,NightStreelightsOff,590,153,Yes,T-type,LightRain,Other,CHAUSSIETTE (RUE DE LA ),M,50.46067361113565,3.4610834550184357
201800029326,NonLethal,2018-07-12,18:50:00,NightStreelightsOn,590,253,Yes,NoIntersection,Normal,Other,JAURES (RUE JEAN ),M,50.43335313476021,3.431695227668522
201800029328,NonLethal,2018-01-31,08:25:00,NightStreelightsOn,590,632,Yes,NoIntersection,Normal,Other,LAFARGE (R. PAUL),M,50.3736144257316,3.375115474616194
201800029329,NonLethal,2018-01-24,04:00:00,NightStreelightsOn,590,205,Yes,NoIntersection,Normal,Other,"2, NERVO (ALLEE)",M,50.31857325326968,3.318228463607737
201800029330,NonLethal,2018-02-25,01:50:00,NightStreelightsOn,590,172,Yes,Other,Normal,Other,CD 40,M,50.3165814107218,3.3158469199977887
201800029332,NonLethal,2018-11-04,11:15:00,Daylight,590,504,Yes,NoIntersection,Normal,Other,GHESQUIERES (R.),M,50.30116569730448,3.299698869237226
201800029333,Lethal,2018-04-25,18:45:00,Daylight,590,172,Yes,NoIntersection,Normal,2Vehicles-Side,1548 Rue Arthur Brunet,M,50.31904559590857,3.318076762260298
201800029334,NonLethal,2018-11-05,07:20:00,Daylight,590,179,Yes,Other,Normal,Other,LIBERTE (BD DE LA),M,50.302026975601,3.302356841430114
201800029335,Lethal,2018-06-10,19:40:00,Daylight,590,292,Yes,NoIntersection,Normal,2Vehicles-BehindVehicles-Frontal,COUTURIER (R. PAUL VAILL,M,50.3506511315628,3.349342650183474
201800029336,NonLethal,2018-03-07,20:10:00,Daylight,590,179,Yes,Other,Normal,Other,HASPRES (R. D'),M,50.305023586799685,3.303682291704292
201800029337,NonLethal,2018-07-18,18:50:00,Daylight,590,288,Yes,Other,Normal,Other,RD 630,M,50.318555573371206,3.3185035197454136
201800029339,NonLethal,2018-09-21,17:30:00,Daylight,590,632,Yes,NoIntersection,Normal,Other,LAFARGE (R. PAUL),M,50.37490471231013,3.373222951710205
201800029340,NonLethal,2018-05-11,16:45:00,Daylight,590,172,Yes,NoIntersection,Normal,Other,BRUNET (R. ARTHUR),M,50.32357163440918,3.3204035847547195
201800029342,NonLethal,2018-12-10,07:45:00,NightStreelightsOn,590,179,Yes,NoIntersection,Normal,Other,REPUBLIQUE (AV DE LA),M,50.30331463866828,3.3030891001901543
201800029343,NonLethal,2018-04-01,20:30:00,NightStreelightsOn,590,569,Yes,NoIntersection,Normal,2Vehicles-BehindVehicles-Frontal,"315, LEMETTE (RUE HENRI)",M,50.363941133679454,3.3631346641665325
201800029344,NonLethal,2018-04-01,14:20:00,Daylight,590,178,Yes,NoIntersection,Normal,Other,"302, HAYEZ (BOULEVARD PA",M,50.36295041368289,3.363513947679581
201800029345,NonLethal,2018-01-10,07:45:00,NightStreelightsOn,590,574,Yes,NoIntersection,HeavyRain,Other,"02, BD LOUISE MICHEL",M,50.35614765605784,3.357038513676264
201800029346,NonLethal,2018-01-13,18:20:00,NightNoStreetLight,590,329,Yes,NoIntersection,Normal,2Vehicles-Behind,JOFFRE (RUE DU MARECHAL),M,50.34280771642128,3.3451111047155613
201800029347,NonLethal,2018-01-13,12:30:00,Daylight,590,414,Yes,NoIntersection,Normal,Other,"407, HONORE RAYMOND(AVEN",M,50.3667205088005,3.368265522490516
201800029348,NonLethal,2018-01-17,16:30:00,Daylight,590,329,Yes,NoIntersection,Normal,3+Vehicles-Chain,"31, ROUTE NATIONALE",M,50.34835673990627,3.345338433630425
201800029349,NonLethal,2018-01-15,19:10:00,NightStreelightsOn,590,574,Yes,NoIntersection,Normal,2Vehicles-Side,FAIDHERBE(RUE),M,50.35593561956948,3.3538753839746165
201800029350,NonLethal,2018-05-02,08:45:00,Daylight,590,574,Yes,NoIntersection,Normal,Other,"02, DEVEMY PHILIPPE(RUE)",M,50.36463684181496,3.364197069293568
201800029351,NonLethal,2018-01-23,19:00:00,NightStreelightsOn,590,489,Yes,NoIntersection,Normal,2Vehicles-Side,"81, SALENGRO (RUE)",M,50.43543666198017,3.434849563770916
201800029352,NonLethal,2018-02-22,15:40:00,Daylight,590,327,Yes,X-type,VeryGood,2Vehicles-BehindVehicles-Frontal,D (ALLEE - CITE DU NOUVE,M,50.387647171101406,3.385093526186512
201800029353,NonLethal,2018-02-23,19:30:00,NightStreelightsOn,590,165,Yes,NoIntersection,Normal,Other,RD 643,M,50.38268759123253,3.383657451416767
201800029354,NonLethal,2018-02-17,06:13:00,NightStreelightsOn,590,8,Yes,NoIntersection,Normal,Other,"53, GASPARD (RUE)",M,50.33682420347749,3.3378184579129218
201800029355,Lethal,2018-02-20,10:40:00,Daylight,590,165,Yes,NoIntersection,Normal,Other,"15, GAULLE (AVENUE DU GE",M,50.38607995535013,3.386001407256499
201800029356,Lethal,2018-03-06,13:45:00,Daylight,590,486,No,NoIntersection,Normal,2Vehicles-BehindVehicles-Frontal,Route d'Orchies,M,50.42725888575187,3.427486146264651
201800029357,Lethal,2018-07-03,19:35:00,NightStreelightsOn,590,375,Yes,NoIntersection,Normal,2Vehicles-BehindVehicles-Frontal,99 Route nationale,M,50.43535128218539,3.435574842288099
201800029358,NonLethal,2018-03-18,16:45:00,Daylight,590,574,Yes,NoIntersection,Normal,2Vehicles-Side,"48, BOUHOURS FRERES (RUE",M,50.36553581186645,3.366143327555407
201800029359,NonLethal,2018-03-27,17:25:00,Daylight,590,178,Yes,Roundabout,Normal,2Vehicles-Side,"1, JEANNE D'ARC (BOULEVA",M,50.36540493333776,3.363977218451242
201800029361,NonLethal,2018-07-04,13:20:00,Daylight,590,569,No,NoIntersection,Normal,2Vehicles-BehindVehicles-Frontal,RD 500,M,50.35969210468371,3.361018635386858
201800029362,NonLethal,2018-04-11,21:50:00,NightNoStreetLight,590,165,Yes,NoIntersection,Normal,Other,VOIE D'ESQUERCHIN,M,50.38382227758649,3.382610647148767
201800029363,NonLethal,2018-04-13,19:00:00,Daylight,590,178,Yes,NoIntersection,Normal,Other,MOTTE JULIEN (RUE DE LA),M,50.39300463940799,3.392976781267315
201800029364,NonLethal,2018-04-23,19:30:00,Daylight,590,345,Yes,X-type,Normal,2Vehicles-BehindVehicles-Frontal,JAURES (RUE),M,50.343152857630585,3.3399694801768818
201800029365,NonLethal,2018-04-26,11:40:00,Daylight,590,239,No,NoIntersection,Normal,3+Vehicles-Multiple,ALLIES (BOULEVARD DES),M,50.42777636952633,3.4280316934002326
201800029366,NonLethal,2018-07-05,11:50:00,Daylight,590,178,Yes,NoIntersection,Normal,Other,CUVE D'OR (RUE DE LA),M,50.36724066113055,3.3673773107644744
201800029368,NonLethal,2018-05-06,00:40:00,NightNoStreetLight,590,239,No,NoIntersection,Normal,NoCollision,CD 35,M,50.35702607829628,3.356052317466804
201800029369,NonLethal,2018-05-06,08:50:00,Daylight,590,234,No,NoIntersection,Normal,2Vehicles-Side,RD 621,M,50.40018698577287,3.402157883341147
201800029371,NonLethal,2018-07-15,19:00:00,Daylight,590,489,Yes,NoIntersection,Normal,NoCollision,SALENGRO (RUE),M,50.43637902226249,3.4345834717023385