AccidentId,Gravity,Date,Hour,Light,Department,Commune,InAgglomeration,IntersectionType,Weather,CollisionType,PostalAddress,GPSCode,Latitude,Longitude
201800029372,NonLethal,2018-07-19,08:50:00,Daylight,590,569,No,NoIntersection,Normal,2Vehicles-BehindVehicles-Frontal,RD 500,M,50.37553564856386,3.3766760622256524
201800029373,NonLethal,2018-07-22,01:30:00,NightStreelightsOn,590,178,Yes,NoIntersection,Normal,Other,TOURNAI (ROUTE DE),M,50.39798606853032,3.3965907225539245
201800029374,Lethal,2018-07-30,17:30:00,Daylight,590,178,Yes,NoIntersection,Normal,Other,JAURES (RUE JEAN),M,50.39184548167246,3.3915620924726406
201800029375,Lethal,2018-08-09,17:40:00,TwilightOrDawn,590,486,Yes,NoIntersection,LightRain,2Vehicles-BehindVehicles-Frontal,BAILLON (RUE DE),M,50.41518745874812,3.4152185087788043
201800029376,NonLethal,2018-01-09,10:55:00,Daylight,590,203,Yes,X-type,Normal,3+Vehicles-Multiple,GUESDE JULES (RUE),M,50.36031652924764,3.361123522632504
201800029377,NonLethal,2018-08-31,09:00:00,Daylight,590,574,No,T-type,Normal,2Vehicles-Side,BOUCHAIN (ROUTE),M,50.33398255367543,3.333370859035381
201800029378,NonLethal,2018-06-09,15:15:00,Daylight,590,414,Yes,NoIntersection,Normal,Other,HONORE RAYMOND(AVENUE),M,50.36701534466975,3.366289162069171
201800029379,NonLethal,2018-09-07,20:00:00,Daylight,590,234,Yes,NoIntersection,Normal,2Vehicles-Side,LATTRE DE TASSIGNY (RUE,M,50.39858204249958,3.3975812715274625
201800029380,NonLethal,2018-09-17,09:15:00,Daylight,590,569,Yes,Roundabout,Normal,2Vehicles-Side,CROIZAT (RUE AMBROISE),M,50.36704144390112,3.364313968148873
201800029381,NonLethal,2018-09-18,18:25:00,Daylight,590,8,Yes,X-type,Normal,3+Vehicles-Multiple,PAUL VAILLANT COUTURIER,M,50.23746580712829,3.2359648965215544
201800029382,NonLethal,2018-09-28,16:20:00,Daylight,590,178,Yes,T-type,Normal,2Vehicles-Side,PASTEUR (BOULEVARD),M,50.36666933971501,3.3652331352247637
201800029384,NonLethal,2018-11-10,07:30:00,TwilightOrDawn,590,8,Yes,X-type,LightRain,2Vehicles-Side,PAUL VAILLANT COUTURIER,M,50.32672622000188,3.330100494541743
201800029386,NonLethal,2018-10-26,18:15:00,TwilightOrDawn,590,24,No,NoIntersection,Overcast,2Vehicles-BehindVehicles-Frontal,11 NOVEMBRE (RUE DU),M,50.32476555769764,3.325704707549793
201800029389,NonLethal,2018-05-11,16:25:00,Daylight,590,178,Yes,T-type,Normal,Other,PONT D'ALSACE,M,50.37651873214759,3.375421167842366
201800029390,Lethal,2018-10-11,13:15:00,Daylight,590,165,No,NoIntersection,LightRain,2Vehicles-BehindVehicles-Frontal,RD 621,M,50.37514536013303,3.376542314766176
201800029391,NonLethal,2018-11-08,11:30:00,Daylight,590,8,Yes,NoIntersection,Normal,3+Vehicles-Multiple,DELESTRAINT (RUE DU GENE,M,50.33567630826082,3.3341551200193407
201800029392,NonLethal,2018-11-09,15:10:00,Daylight,590,574,Yes,X-type,Normal,2Vehicles-Side,HYERES(RUE D'),M,50.37306442574087,3.371066209288309
201800029393,NonLethal,2018-11-16,00:10:00,NightNoStreetLight,590,654,Yes,NoIntersection,Normal,Other,PASTEUR (RUE),M,50.385912158142325,3.38548725936569
201800029394,NonLethal,2018-11-16,19:15:00,NightStreelightsOff,590,28,Yes,NoIntersection,Normal,Other,MIRABEAU (RUE),M,50.4225819157641,3.419062446877971
201800029395,NonLethal,2018-11-29,07:40:00,NightStreelightsOff,590,178,Yes,Roundabout,LightRain,2Vehicles-Side,TOURNAI (ROUTE DE),M,50.37996276924807,3.3802575748803423
201800029396,NonLethal,2018-12-22,19:00:00,NightStreelightsOn,590,28,Yes,NoIntersection,Normal,Other,LEBAS (RUE JEAN),M,50.417688765130585,3.416267870701765
201800029397,NonLethal,2018-01-03,14:40:00,Daylight,590,155,No,NoIntersection,StrongWindOrStorm,Other,AUTOROUTE A16,M,51.01425229037857,2.014508064371527
201800029398,NonLethal,2018-05-01,23:30:00,NightNoStreetLight,590,183,No,NoIntersection,Normal,3+Vehicles-Multiple,DARSES - CHAUSSEE,M,51.04049862170739,2.0392743676102425
201800029399,Lethal,2018-01-11,19:20:00,NightNoStreetLight,590,183,No,NoIntersection,FogOrSmoke,NoCollision,Quai de Braeck,M,51.036412005186655,2.0365257117751607
201800029400,NonLethal,2018-10-01,07:50:00,TwilightOrDawn,590,183,Yes,NoIntersection,LightRain,Other,"., SCHUMAN MAURICE - AVE",M,51.033914076146,2.034891619386588
201800029401,NonLethal,2018-06-02,18:50:00,NightNoStreetLight,590,183,Yes,Square,Normal,Other,PONCEAU,M,51.03011124941747,2.031600187320626
201800029402,NonLethal,2018-02-09,00:01:00,NightStreelightsOn,590,273,No,X-type,Normal,Other,RD601 (DÇ(c)VIÇ(c)E),M,50.97354681237775,2.9736933451832743
201800029403,NonLethal,2018-10-02,20:00:00,NightNoStreetLight,590,183,Yes,Other,HeavyRain,Other,"06, FUSILIERS MARINS",M,51.03271026045584,2.031902812138006
201800029406,NonLethal,2018-04-22,15:30:00,Daylight,590,271,Yes,Other,Normal,2Vehicles-Side,GENERAL DE GAULLE - AVEN,M,51.01661281073626,2.0163690617437746
201800029407,NonLethal,2018-04-27,14:25:00,Daylight,590,271,Yes,X-type,Normal,2Vehicles-Side,PASTEUR,M,51.0160561691983,2.014780681222648
201800029408,NonLethal,2018-01-05,22:50:00,NightStreelightsOn,590,271,Yes,Roundabout,Normal,2Vehicles-Side,PETITE-SYNTHE - AVENUE,M,51.01573219336174,2.01288239321972
201800029409,NonLethal,2018-05-02,16:35:00,Daylight,590,273,No,NoIntersection,HeavyRain,2Vehicles-BehindVehicles-Frontal,RD601,M,50.99641199147211,2.9968625178169863
201800029410,NonLethal,2018-04-30,18:45:00,Daylight,590,540,Yes,MoreThan4Branches,LightRain,2Vehicles-Side,HIRONDELLES,M,51.02414009718543,2.022491711069613
201800029411,NonLethal,2018-05-24,08:30:00,Daylight,590,155,Yes,NoIntersection,Normal,3+Vehicles-Chain,LIBERATION - AVENUE,M,51.03003041289029,2.029817880032576
201800029412,NonLethal,2018-09-05,15:50:00,Daylight,590,183,Yes,NoIntersection,Normal,Other,TURENNE - PLACE,M,51.03027416742107,2.031228238879911
201800029413,NonLethal,2018-06-01,16:30:00,Daylight,590,155,Yes,NoIntersection,Normal,Other,GUESDE JULES,M,51.02217073001942,2.02262120005108
201800029414,NonLethal,2018-06-12,18:15:00,Daylight,590,359,Yes,NoIntersection,Normal,2Vehicles-Side,DE GAULLE (RUE DU GÇ?NÇ?,M,50.994078088555504,2.994974797499738
201800029415,NonLethal,2018-06-21,07:50:00,Daylight,590,183,Yes,X-type,Normal,2Vehicles-BehindVehicles-Frontal,GIRONDE - AVENUE,M,51.006706567779055,2.0056077367351777
201800029416,NonLethal,2018-07-11,08:40:00,Daylight,590,588,No,NoIntersection,Overcast,2Vehicles-BehindVehicles-Frontal,32EME DI,M,51.02501806687092,2.026442531809701
201800029417,NonLethal,2018-12-07,15:00:00,Daylight,590,271,Yes,T-type,Normal,2Vehicles-Side,RUE CAREME,M,51.01320041214903,2.012498485106147
201800029419,NonLethal,2018-07-17,22:00:00,TwilightOrDawn,590,183,Yes,X-type,Normal,2Vehicles-Side,VILLETTE - AVENUE,M,51.0267099931157,2.0280859547617585
201800029424,NonLethal,2018-08-18,03:10:00,NightStreelightsOn,590,183,Yes,Y-type,Normal,Other,CARTOUCHERIE,M,51.21487746593392,2.213645762534564
201800029425,NonLethal,2018-08-22,17:30:00,Daylight,590,183,Yes,X-type,Normal,2Vehicles-Side,LIBERATION - AVENUE,M,51.041263088118136,2.0404844290483592
201800029426,NonLethal,2018-09-04,18:05:00,Daylight,590,271,Yes,X-type,LightRain,2Vehicles-Side,ALLENDE SALVADOR,M,51.01711871035061,2.0185723139181784
201800029427,NonLethal,2018-09-27,19:05:00,TwilightOrDawn,590,273,Yes,X-type,VeryGood,2Vehicles-BehindVehicles-Frontal,LAMARTINE (BOULEVARD),M,50.99293789291748,2.991993980245052
201800029428,NonLethal,2018-10-01,08:16:00,Daylight,590,183,Yes,T-type,Overcast,2Vehicles-Side,SOEURS BLANCHES,M,51.03418376761587,2.0366785300797585
201800029429,NonLethal,2018-10-02,16:50:00,Daylight,590,271,Yes,Roundabout,Normal,2Vehicles-Side,PETITE-SYNTHE - AVENUE,M,51.01813607995104,2.0175096421109253
201800029430,Lethal,2018-10-16,12:40:00,Daylight,590,540,Yes,T-type,Normal,2Vehicles-BehindVehicles-Frontal,RUE DE LA REPUBLIQUE,M,51.02774113345672,2.02991507538353
201800029431,NonLethal,2018-10-21,12:45:00,Daylight,590,248,No,X-type,Normal,2Vehicles-Side,FOSSE DEFENSIF - ROUTE,M,51.02894826951174,2.028310579866469
201800029432,NonLethal,2018-10-29,05:25:00,NightNoStreetLight,590,271,No,NoIntersection,LightRain,Other,RD 601,M,51.00240894492926,2.004559101964385
201800029433,NonLethal,2018-10-13,13:30:00,Daylight,590,540,Yes,T-type,Normal,2Vehicles-Side,DOLET ETIENNE,M,51.030913770853175,2.0327472021771333
201800029434,NonLethal,2018-11-17,07:20:00,NightStreelightsOn,590,540,Yes,NoIntersection,Normal,2Vehicles-Behind,REPUBLIQUE,M,51.026241205055136,2.027207006712184
201800029435,NonLethal,2018-11-23,20:55:00,NightStreelightsOn,590,183,Yes,Other,Other,Other,LIBERATION - AVENUE,M,51.04545721652321,2.0447918355629686
201800029436,NonLethal,2018-12-08,12:30:00,Daylight,590,155,Yes,NoIntersection,Normal,Other,JAURES JEAN - BOULEVARD,M,51.01834752249378,2.022599089851628
201800029437,NonLethal,2018-12-15,00:50:00,NightStreelightsOn,590,183,Yes,NoIntersection,Normal,Other,FAIDHERBE - AVENUE,M,51.04624974155696,2.047589644519362
201800029438,NonLethal,2018-12-17,07:50:00,TwilightOrDawn,590,588,No,X-type,Normal,2Vehicles-BehindVehicles-Frontal,32EME DI,M,51.02994022633738,2.0292941246038065
201800029439,NonLethal,2018-12-12,19:00:00,NightNoStreetLight,590,183,No,Roundabout,Normal,Other,DARSES - CHAUSSEE,M,51.03946781399936,2.038673155077303
201800029440,NonLethal,2018-01-12,13:05:00,Daylight,590,295,Yes,Y-type,Overcast,Other,NOTRE DAME,M,50.73103397076059,2.729681594318993
201800029441,NonLethal,2018-06-19,16:45:00,Daylight,590,295,Yes,T-type,Normal,2Vehicles-Side,D'HONDEGHEM,M,50.726242540839294,2.725486012989682
201800029442,NonLethal,2018-07-12,02:20:00,NightNoStreetLight,590,295,No,NoIntersection,Normal,2Vehicles-BehindVehicles-Frontal,RD642,M,,
201800029443,Lethal,2018-07-12,16:40:00,Daylight,590,295,Yes,NoIntersection,Normal,Other,PLACE DU GENERAL DE GAUL,M,50.72189485645926,2.7229613657470955
201800029444,NonLethal,2018-07-16,01:40:00,NightNoStreetLight,590,295,No,Other,Normal,2Vehicles-BehindVehicles-Frontal,DE VIEUX BERQUIN (ROUTE),M,50.71247958488905,2.713556493928869
201800029445,NonLethal,2018-07-18,15:00:00,Daylight,590,295,Yes,T-type,Normal,2Vehicles-Behind,AVENUE JEAN BART,M,50.72847661725469,2.729445524720457
201800029446,Lethal,2018-11-16,15:55:00,Daylight,590,295,No,NoIntersection,FogOrSmoke,2Vehicles-BehindVehicles-Frontal,CD 916,M,50.749232363323074,2.7501623668782944
201800029447,NonLethal,2018-01-01,00:25:00,NightStreelightsOn,590,378,Yes,NoIntersection,LightRain,3+Vehicles-Multiple,"950, REPUBLIQUE AV DE LA",M,50.66111122832326,3.6629099862077728
201800029451,NonLethal,2018-01-05,17:30:00,NightStreelightsOn,590,343,Yes,NoIntersection,LightRain,2Vehicles-Behind,ENCHEMONT BOULEVARD DU B,M,50.58105832392993,3.5815864369255004
201800029452,NonLethal,2018-01-25,18:10:00,TwilightOrDawn,590,328,Yes,NoIntersection,Normal,Other,DELESCAUX HENRI AVENUE,M,50.64535377404412,3.6452440713985887
201800029453,NonLethal,2018-01-20,17:45:00,TwilightOrDawn,590,350,Yes,NoIntersection,LightRain,Other,"6, HUGO VICTOR  BVD NøIM",M,50.624104912833815,3.625004919539569
201800029454,NonLethal,2018-12-01,16:40:00,Daylight,590,386,No,NoIntersection,Normal,Other,ABBAYE RUE DU PONT DE L,M,50.665415144577565,3.666172492224856
201800029455,NonLethal,2018-12-01,17:30:00,NightNoStreetLight,590,9,Yes,Y-type,LightRain,NoCollision,CANTELEU AVENUE DE,M,50.64007660146674,3.64086093604822
201800029456,NonLethal,2018-01-31,13:05:00,Daylight,590,350,Yes,NoIntersection,LightRain,Other,"31, WAGNER RICHARD RUE",M,50.60419898728903,3.605101042819293
201800029457,NonLethal,2018-02-04,13:30:00,Daylight,590,9,Yes,X-type,Normal,2Vehicles-Side,BREUCQ BOULEVARD DU,M,50.6384966704664,3.637930287903501
201800029459,NonLethal,2018-01-29,20:00:00,NightStreelightsOn,590,350,Yes,NoIntersection,HeavyRain,Other,COURBET GUSTAVE  RUE,M,50.60750129801016,3.609455961514136
201800029460,NonLethal,2018-02-14,09:45:00,Daylight,590,350,Yes,NoIntersection,Normal,Other,CARREL ARMAND RUE,M,50.61690719694752,3.618508019494517
201800029461,NonLethal,2018-01-02,20:03:00,NightStreelightsOn,590,350,Yes,X-type,LightRain,2Vehicles-Side,REPUBLIQUE AVENUE DE LA,M,50.639680650932846,3.641046297958117
201800029462,NonLethal,2018-01-09,14:00:00,Daylight,590,560,No,NoIntersection,Normal,2Vehicles-Side,NOYELLES ROUTE DE,M,50.56239016814205,3.562955148367378
201800029464,NonLethal,2018-01-24,11:00:00,Daylight,590,360,Yes,NoIntersection,Normal,2Vehicles-Behind,"4, FOCH RUE DU MARECHAL",M,50.61508402395295,3.614430688067619
201800029466,NonLethal,2018-02-22,06:20:00,NightStreelightsOff,590,193,No,X-type,Normal,Other,"GUSTAVE DELORY, RUE",M,50.59689990297535,3.596468163420007
201800029467,NonLethal,2018-02-23,15:10:00,Daylight,590,378,Yes,NoIntersection,Normal,Other,"107, GUESDE JULES RUE",M,50.673739187151455,3.6720214392929873
201800029468,Lethal,2018-02-23,17:10:00,Daylight,590,648,No,NoIntersection,Normal,Other,Rue de wattignies,M,50.58449101895151,3.5845543054446534
201800029469,NonLethal,2018-01-16,18:00:00,NightStreelightsOn,590,350,Yes,NoIntersection,HeavyRain,Other,"25 bis, CANNES RUE DE",M,50.60564789886544,3.606599885201768
201800029470,NonLethal,2018-02-25,05:45:00,NightStreelightsOn,590,378,Yes,NoIntersection,LightRain,Other,"921, REPUBLIQUE AV DE LA",M,50.66034790137243,3.661405059606016
201800029471,NonLethal,2018-03-07,00:30:00,NightStreelightsOn,590,9,Yes,NoIntersection,Normal,Other,"113, BRIGODE AVENUE DE",M,50.63355226195384,3.632133833091834
201800029472,NonLethal,2018-03-24,20:35:00,NightStreelightsOn,590,350,Yes,T-type,Normal,2Vehicles-Side,HOOVER AVENUE DU PRESIDE,M,50.63120975229979,3.631913410958239
201800029474,NonLethal,2018-03-25,21:00:00,NightStreelightsOn,590,350,Yes,X-type,Normal,2Vehicles-Side,STATIONS RUE Nø RESTE,M,50.630492894649336,3.629213368688635
201800029475,NonLethal,2018-03-26,15:50:00,Daylight,590,350,Yes,X-type,Normal,2Vehicles-BehindVehicles-Frontal,"592, DUNKERQUE AVENUE",M,50.64796075471912,3.646511027169175
201800029476,NonLethal,2018-03-07,18:00:00,Daylight,590,350,Yes,NoIntersection,Normal,Other,"133, DUNKERQUE AVENUE DE",M,50.6335578507556,3.63320461741434
201800029477,NonLethal,2018-04-13,06:10:00,TwilightOrDawn,590,350,Yes,X-type,Overcast,2Vehicles-Side,TURENNE RUE,M,50.62793273273859,3.627213420483114
201800029479,NonLethal,2018-07-04,11:00:00,Daylight,590,9,Yes,Other,Normal,2Vehicles-Side,MONS BOULEVARD DE,M,50.64352205420251,3.6444957117633066
201800029480,NonLethal,2018-04-03,08:25:00,TwilightOrDawn,590,566,Yes,NoIntersection,Normal,Other,CARNOT SADI RUE,M,50.62442804842675,2.625043129728419
201800029482,NonLethal,2018-04-11,21:05:00,NightStreelightsOn,590,350,Yes,Other,Normal,2Vehicles-Side,MONTEBELLO BD PAIRS DE 7,M,50.6224105949907,3.6220742266770793
201800029483,NonLethal,2018-04-18,10:50:00,Daylight,590,9,Yes,Other,Normal,2Vehicles-Side,DE VALMY BOULEVARD,M,50.61537613303818,3.6167408290981866
201800029485,NonLethal,2018-04-26,22:45:00,NightStreelightsOn,590,316,Yes,X-type,Normal,2Vehicles-Side,LEBAS JEAN BAPTISTE RUE,M,50.56293044678903,3.562529428781438
201800029486,NonLethal,2018-04-26,21:40:00,TwilightOrDawn,590,9,Yes,X-type,Normal,2Vehicles-Side,BREUCQ BOULEVARD DU,M,50.61636749911221,3.61602163840429
201800029487,NonLethal,2018-04-13,17:15:00,Daylight,590,378,Yes,NoIntersection,Normal,Other,EGALITE RUE DE L,M,50.66380634667902,3.664257372206137
201800029489,NonLethal,2018-03-31,18:45:00,Daylight,590,350,Yes,T-type,Normal,Other,ARBRISSEAU RUE DE L,M,50.60344018083164,3.602050389905776
201800029490,NonLethal,2018-04-08,21:30:00,NightStreelightsOn,590,350,Yes,T-type,Normal,2Vehicles-Side,ESPLANADE FACADE,M,50.64300785563403,3.6445313392179246
201800029491,NonLethal,2018-05-01,18:30:00,Daylight,590,328,Yes,T-type,Normal,Other,DUNKERQUE AVENUE DE,M,50.64044405706744,3.64089223959892
201800029493,NonLethal,2018-05-04,18:40:00,Daylight,590,410,Yes,T-type,Normal,Other,DE GAULLE RUE DU GENERAL,M,50.647593705927214,3.648977588796642
201800029494,NonLethal,2018-05-05,03:30:00,NightStreelightsOn,590,350,Yes,Other,Normal,2Vehicles-Side,SOLFERINO RUE Nø110 - 20,M,50.630127628728864,3.6328722496630217
201800029495,NonLethal,2018-05-09,17:40:00,Daylight,590,378,Yes,X-type,Normal,2Vehicles-Side,REPUBLIQUE AV DE LA (Nø8,M,50.668172983081504,3.668552074604962
201800029496,NonLethal,2018-05-05,15:00:00,Daylight,590,350,Yes,NoIntersection,Normal,2Vehicles-Behind,FAUBOURG D'ARRAS RUE,M,50.60297571158232,3.603794959387394
201800029498,NonLethal,2018-07-05,17:35:00,Daylight,590,9,No,NoIntersection,Normal,Other,ROUBAIX AVNUE DE,M,50.64799469045667,3.648673293781756
201800029499,NonLethal,2018-05-15,20:00:00,Daylight,590,350,Yes,NoIntersection,Normal,NoCollision,LORRAINE BOULEVARD,M,50.63117427863558,3.632729750383888
201800029500,NonLethal,2018-05-17,03:15:00,NightStreelightsOn,590,350,Yes,Other,Normal,Other,RAMPONNEAU SQUARE DU,M,50.63928857314962,3.640607156809996
201800029501,NonLethal,2018-05-14,07:50:00,Daylight,590,328,Yes,X-type,Normal,Other,BONTE AUGUSTE RUE,M,50.64573555411573,3.643253315854157
201800029502,NonLethal,2018-05-18,08:20:00,Daylight,590,128,Yes,NoIntersection,Normal,2Vehicles-Side,ZAMIN RUE DE LA,M,50.64371244100307,2.6414201008570988
201800029503,NonLethal,2018-05-17,20:44:00,Daylight,590,386,Yes,T-type,Normal,2Vehicles-Side,MENIN RUE DE,M,50.673697739221375,3.675434692483766
201800029504,NonLethal,2018-05-18,10:50:00,Daylight,590,9,Yes,Other,Normal,Other,DE VALMY BOULEVARD,M,50.61672391335306,3.615935902985664
201800029505,NonLethal,2018-04-22,18:09:00,Daylight,590,636,Yes,NoIntersection,Normal,2Vehicles-BehindVehicles-Frontal,COMINES CHEMIN DE,M,50.694421669111726,3.694216265953832
201800029506,NonLethal,2018-05-20,20:30:00,Daylight,590,350,Yes,X-type,Normal,2Vehicles-Side,LIBERTE BVD Nø147 A FIN-,M,50.632250406994565,3.632832487109408
201800029507,NonLethal,2018-05-21,17:00:00,Daylight,590,350,Yes,NoIntersection,Normal,Other,NATIONALE RUE Nø2 - 178B,M,50.63635526870368,3.6384659025042176
201800029508,NonLethal,2018-05-18,11:35:00,Daylight,590,386,Yes,NoIntersection,Normal,Other,MAERTENS GEORGES RUE,M,50.6660309057152,3.665041443235747
201800029509,NonLethal,2018-04-24,18:00:00,Daylight,590,507,Yes,NoIntersection,Normal,Other,JAURES JEAN AVENUE,M,50.60902866260885,3.6086811347061816
201800029510,NonLethal,2018-05-25,21:10:00,Daylight,590,636,Yes,Other,Normal,2Vehicles-BehindVehicles-Frontal,DISTILLERIE RUE,M,50.68833748623384,3.687456362652144
201800029511,NonLethal,2018-05-26,21:30:00,Daylight,590,350,Yes,NoIntersection,Normal,3+Vehicles-Multiple,FAUBOURG D'ARRAS RUE,M,50.60780870264959,3.6054740250524073
201800029512,NonLethal,2018-05-27,14:30:00,Daylight,590,378,Yes,NoIntersection,Normal,Other,BERLIOZ HECTOR RUE,M,50.66395076204968,3.663967682474564
201800029514,NonLethal,2018-05-30,22:15:00,NightStreelightsOn,590,350,Yes,Square,Normal,Other,LEBON PHILLIPE PLACE,M,,
201800029515,NonLethal,2018-05-31,14:35:00,Daylight,590,360,Yes,NoIntersection,Normal,Other,DANTON RUE,M,50.6117940895781,3.612190533563256
201800029516,NonLethal,2018-05-31,20:35:00,Daylight,590,9,Yes,X-type,Normal,2Vehicles-Side,BOIS AVENUE DU PONT DE,M,50.6259975592917,3.6267936873728863
201800029517,NonLethal,2018-02-06,15:55:00,Daylight,590,193,Yes,X-type,Normal,2Vehicles-Side,D.952,M,50.58332738169085,3.581628541548925
201800029518,Lethal,2018-06-05,07:20:00,Daylight,590,328,Yes,NoIntersection,Overcast,Other,MERMOZ JEAN RUE,M,50.65429348529823,3.653643068097364
201800029519,NonLethal,2018-04-06,13:20:00,Daylight,590,378,Yes,X-type,Normal,Other,BONPAIN RUE DE L'ABBE,M,50.657943264436206,3.657946582494888
201800029520,NonLethal,2018-06-06,04:00:00,NightStreelightsOn,590,360,Yes,T-type,Normal,2Vehicles-Side,FOCH RUE DU MARECHAL,M,50.615483894543445,3.613024802219272
201800029522,NonLethal,2018-06-08,16:20:00,Daylight,590,286,Yes,T-type,Normal,2Vehicles-Side,DAME RUE DU GENERAL,M,50.59997383997424,2.6014047468479222
201800029523,Lethal,2018-08-06,19:30:00,Daylight,590,457,Yes,T-type,Normal,2Vehicles-Side,SAINT LEGER CITE/RUE GEN,M,50.66184743810286,2.660589446569236
201800029524,NonLethal,2018-10-06,21:30:00,Daylight,590,350,Yes,T-type,Normal,2Vehicles-Side,LORRAINE BOULEVARD,M,50.63316714848267,3.6343642900952102
201800029525,NonLethal,2018-06-03,03:25:00,NightStreelightsOn,590,350,Yes,T-type,Normal,2Vehicles-Side,JACQUET EUGENE RUE NøIMP,M,50.6380144259673,3.6363385269441952
201800029526,NonLethal,2018-06-18,18:00:00,Daylight,590,350,Yes,T-type,Normal,2Vehicles-BehindVehicles-Frontal,SAMAIN ALBERT RUE,M,50.34793307971852,3.3461517478693485
201800029527,NonLethal,2018-06-20,18:40:00,Daylight,590,360,Yes,T-type,Normal,2Vehicles-Side,FLEURS RUE DES,M,50.6191881144506,3.618033799381567
201800029528,NonLethal,2018-06-20,20:25:00,Daylight,590,9,Yes,X-type,VeryGood,2Vehicles-Side,CREATIVITE AVENUE DE LA,M,50.64100364294181,3.638943921461685
201800029529,Lethal,2018-06-13,17:20:00,Daylight,590,648,Yes,NoIntersection,Normal,2Vehicles-BehindVehicles-Frontal,DE LATTRE DE TASSIGNY RU,M,50.577023242800855,3.578970296104759
201800029530,NonLethal,2018-06-22,08:20:00,Daylight,590,350,Yes,NoIntersection,Normal,Other,SALENGRO ROGER RUE,M,50.62807893106461,3.627637736615971
201800029531,NonLethal,2018-06-22,08:50:00,Daylight,590,193,No,NoIntersection,Normal,2Vehicles-Side,D. 341,M,50.60037779065937,3.6010662344666664
201800029532,NonLethal,2018-06-22,23:10:00,NightStreelightsOn,590,328,Yes,Y-type,Normal,2Vehicles-Side,BOIS RUE DU,M,50.65094371554006,3.650720189314789
201800029534,NonLethal,2018-06-26,12:25:00,Daylight,590,9,Yes,NoIntersection,Normal,2Vehicles-Side,DOUMER PAUL RUE DU PRESI,M,50.60702689535177,3.606128166429249
201800029535,NonLethal,2018-06-26,19:30:00,Daylight,590,386,Yes,X-type,Normal,2Vehicles-Side,MAERTENS GEORGES RUE,M,50.66789025706499,3.665805078321465
201800029536,NonLethal,2018-06-30,18:00:00,Daylight,590,350,Yes,X-type,Normal,2Vehicles-BehindVehicles-Frontal,LIBERTE BVD Nø147 A FIN-,M,50.63292120966963,3.633986988608158
201800029537,NonLethal,2018-06-29,07:18:00,Daylight,590,350,Yes,NoIntersection,Normal,3+Vehicles-Chain,CORBUSIER AVENUE LE,M,50.64193361752473,3.640854423637255
201800029539,NonLethal,2018-06-26,10:15:00,Daylight,590,360,Yes,X-type,Normal,2Vehicles-Side,CLEMENCEAU RUE,M,50.61622659722517,3.616414933278471
201800029540,NonLethal,2018-07-06,13:15:00,Daylight,590,328,Yes,T-type,Normal,Other,DUNKERQUE AVENUE DE,M,50.640236809451245,3.6435683055625967
201800029541,NonLethal,2018-06-14,18:45:00,Daylight,590,220,Yes,NoIntersection,Normal,2Vehicles-Side,FERRER RUE,M,50.61082202783243,3.61198604742168
201800029542,NonLethal,2018-06-07,11:10:00,Daylight,590,350,Yes,NoIntersection,Normal,2Vehicles-BehindVehicles-Frontal,CHAUDE RIVIERE RUE DE,M,50.63430842743748,3.633132590293572
201800029543,NonLethal,2018-07-07,15:25:00,Daylight,590,350,Yes,X-type,Normal,2Vehicles-Side,SANS PEUR RUE JEAN Nø1-6,M,50.631707942723246,3.632654024813279
201800029546,NonLethal,2018-07-18,15:00:00,Daylight,590,560,Yes,Roundabout,Normal,Other,EPINETTE ROND POINT DE L,M,50.547299662290825,3.548842079475042
201800029547,NonLethal,2018-07-18,15:50:00,Daylight,590,368,Yes,NoIntersection,Normal,2Vehicles-Side,DE COUBERTIN PIERRE  BOU,M,50.649799659932704,3.649731183834253
201800029549,NonLethal,2018-07-21,00:05:00,NightStreelightsOn,590,350,Yes,NoIntersection,Normal,2Vehicles-BehindVehicles-Frontal,HEGEL RUE,M,50.6301715214587,3.6296514686401697
201800029550,NonLethal,2018-07-20,23:10:00,NightNoStreetLight,590,343,No,Roundabout,Normal,2Vehicles-Behind,JAURES JEAN RUE,M,50.583197263932895,3.581427208799725
201800029551,NonLethal,2018-07-21,21:05:00,Daylight,590,9,No,Roundabout,Normal,2Vehicles-Side,ROUBAIX AVENUE DE,M,50.65212291711537,3.652071931203399
201800029552,NonLethal,2018-06-22,17:30:00,Daylight,590,507,Yes,NoIntersection,Normal,Other,"EUROPE, Boulevard de",M,50.59757834141419,3.598276931714347
201800029553,NonLethal,2018-07-24,09:40:00,Daylight,590,350,Yes,NoIntersection,Normal,Other,WAZEMMES RUE DE Nø63-78,M,50.62377639296241,3.621883819564188
201800029554,NonLethal,2018-07-25,18:00:00,Daylight,590,378,Yes,NoIntersection,Normal,3+Vehicles-Multiple,REPUBLIQUE AV DE LA (Nø5,M,50.653464397493856,3.652111380538857
201800029555,NonLethal,2018-07-26,07:45:00,Daylight,590,410,Yes,NoIntersection,Normal,2Vehicles-BehindVehicles-Frontal,PASCAL BLAISE RUE,M,50.63565222562151,3.636646876021578
201800029556,NonLethal,2018-07-26,08:32:00,Daylight,590,648,No,NoIntersection,Normal,NoCollision,REIMS RUE DE,M,50.58493452027673,3.5851589937734967
201800029557,NonLethal,2018-07-27,16:55:00,Daylight,590,286,Yes,Y-type,Normal,Other,JACQUART COU/PLACE JEAN,M,50.60614281992716,2.60550633169894
201800029558,NonLethal,2018-07-13,15:00:00,Daylight,590,507,Yes,NoIntersection,Normal,Other,SALENGRO ROGER RUE,M,50.60311523436158,3.603583088180764
201800029560,NonLethal,2018-02-08,16:50:00,Daylight,590,350,Yes,X-type,Normal,2Vehicles-Side,ESQUERMES RUE  Nø PAIRS,M,50.62301064825057,3.623624896694999