AccidentId,Gravity,Date,Hour,Light,Department,Commune,InAgglomeration,IntersectionType,Weather,CollisionType,PostalAddress,GPSCode,Latitude,Longitude
201800029561,NonLethal,2018-04-08,22:50:00,NightStreelightsOn,590,350,Yes,NoIntersection,Normal,3+Vehicles-Chain,SALENGRO ROGER RUE,M,50.62599772234955,3.626473067059953
201800029562,NonLethal,2018-08-06,09:20:00,Daylight,590,378,Yes,NoIntersection,Normal,Other,PERI GABRIEL RUE,M,50.6749582582104,3.675493167001082
201800029565,NonLethal,2018-08-07,20:58:00,NightStreelightsOn,590,350,Yes,X-type,Overcast,2Vehicles-Side,PARIS RUE Nø RESTE,M,50.63389471224731,3.633965983065452
201800029566,NonLethal,2018-08-19,15:35:00,Daylight,590,350,Yes,NoIntersection,Normal,2Vehicles-Behind,VAUBAN BOULEVARD Nø REST,M,50.63499214011172,3.634478893737232
201800029567,NonLethal,2018-08-22,23:00:00,NightStreelightsOn,590,410,Yes,X-type,Normal,2Vehicles-BehindVehicles-Frontal,SCHUMAN ROBERT AVENUE,M,50.63258025150578,3.6329354032868304
201800029568,NonLethal,2018-07-26,14:00:00,Daylight,590,350,Yes,NoIntersection,Normal,Other,DECOULX PIERRE RUE,M,50.607974968350106,3.60578170003788
201800029569,NonLethal,2018-08-25,21:18:00,NightStreelightsOn,590,350,Yes,NoIntersection,Normal,2Vehicles-Side,SAINT AMAND RUE,M,50.62519560099493,3.621797256252421
201800029572,NonLethal,2018-09-01,02:40:00,NightStreelightsOn,590,648,Yes,NoIntersection,Normal,Other,DE GAULLE RUE DU GENERAL,M,50.58619343565561,3.5858646112742854
201800029573,NonLethal,2018-09-01,17:55:00,Daylight,590,128,Yes,T-type,Normal,2Vehicles-BehindVehicles-Frontal,FUSILLES RUE DES,M,50.63991956498293,2.641050922471796
201800029574,NonLethal,2018-01-09,20:20:00,NightStreelightsOn,590,9,Yes,X-type,Normal,2Vehicles-Side,TOURNAI BOULEVARD DE,M,50.61581003285623,3.6148118048318088
201800029575,NonLethal,2018-08-17,22:00:00,NightStreelightsOn,590,350,Yes,NoIntersection,Normal,2Vehicles-Side,LEGRAND PIERRE RUE,M,50.63107224557993,3.6319638625641257
201800029576,NonLethal,2018-04-09,15:55:00,Daylight,590,9,Yes,NoIntersection,Normal,Other,CHEVALERIE RUE DE LA,M,50.63657346541344,3.6365200716520856
201800029577,NonLethal,2018-04-09,02:30:00,NightStreelightsOn,590,350,Yes,NoIntersection,Normal,Other,LAMBRET OSCAR AVENUE,M,50.60893937606159,3.6114991290850167
201800029578,NonLethal,2018-09-05,15:40:00,Daylight,590,9,Yes,NoIntersection,Normal,Other,JAURES JEAN RUE    Nø5 A,M,50.65250271919555,3.6520413539674665
201800029579,NonLethal,2018-05-09,17:18:00,Daylight,590,648,Yes,NoIntersection,Normal,2Vehicles-Side,CLEMENCEAU RUE,M,50.59184070255072,3.5942941038281475
201800029580,NonLethal,2018-07-09,18:10:00,Daylight,590,328,Yes,NoIntersection,Normal,Other,DELESCAUX HENRI AVENUE,M,50.64529474753592,3.643978328817363
201800029582,NonLethal,2018-11-09,14:05:00,Daylight,590,9,Yes,NoIntersection,Normal,Other,"HALLEY, Avenue",M,50.60659743668069,3.605299513759561
201800029583,NonLethal,2018-09-15,00:27:00,NightStreelightsOn,590,350,Yes,NoIntersection,Normal,2Vehicles-Side,FAUBOURG DE BETHUNE RUE,M,50.61687192627702,3.618432258805485
201800029584,NonLethal,2018-09-16,05:35:00,NightStreelightsOn,590,350,Yes,X-type,Normal,2Vehicles-Side,ARC RUE JEANNE D,M,50.62404978962967,3.625397306630215
201800029585,NonLethal,2018-09-16,07:30:00,Daylight,590,560,Yes,NoIntersection,Normal,3+Vehicles-Chain,MULLIER JEAN BAPTISTE RU,M,50.528380083691694,3.5282151564814344
201800029586,NonLethal,2018-09-20,20:25:00,NightNoStreetLight,590,585,No,NoIntersection,Normal,3+Vehicles-Multiple,D 952,M,50.56314673389464,3.564690183433957
201800029587,NonLethal,2018-09-21,15:45:00,Daylight,590,507,Yes,T-type,Normal,Other,JAURES JEAN AVENUE.,M,50.59221506356759,3.5923435979825107
201800029588,NonLethal,2018-09-22,07:45:00,Daylight,590,350,Yes,X-type,Normal,2Vehicles-Side,STATIONS RUE Nø RESTE,M,50.627424938249966,3.626933848039029
201800029589,NonLethal,2018-09-18,19:40:00,TwilightOrDawn,590,360,Yes,NoIntersection,Normal,Other,REPUBLIQUE BOULEVARD DE,M,50.61101030709207,3.611568187596053
201800029590,NonLethal,2018-09-24,17:10:00,Daylight,590,350,Yes,Other,Normal,2Vehicles-Side,FAIDHERBE RUE,M,50.63660996289664,3.63532871230007
201800029591,NonLethal,2018-09-24,16:35:00,Daylight,590,350,Yes,NoIntersection,Normal,2Vehicles-Side,SOLFERINO RUE Nø208-FIN-,M,50.62584766381856,3.624716527037598
201800029592,NonLethal,2018-09-22,20:15:00,NightStreelightsOn,590,350,Yes,Other,LightRain,2Vehicles-Side,LIBERTE BVD Nø147 A FIN-,M,50.63000661262217,3.6315285381562874
201800029593,NonLethal,2018-09-27,06:55:00,TwilightOrDawn,590,350,Yes,X-type,Normal,2Vehicles-BehindVehicles-Frontal,LANNOY RUE,M,50.63407549023073,3.632983869132407
201800029594,NonLethal,2018-09-16,22:35:00,NightStreelightsOn,590,350,Yes,NoIntersection,Normal,2Vehicles-Behind,POSTES RUE Nø RESTE,M,50.6203619223677,3.621167656039616
201800029596,NonLethal,2018-02-09,19:00:00,Daylight,590,648,Yes,Roundabout,Normal,2Vehicles-Side,CHARLES GUILLAIN AVENUE,M,50.58902718934971,3.589955629156834
201800029599,NonLethal,2018-04-10,16:35:00,Daylight,590,410,Yes,NoIntersection,Normal,2Vehicles-Side,VOLTAIRE RUE,M,50.63375526968683,3.6353908508586
201800029600,NonLethal,2018-07-21,11:30:00,Daylight,590,350,Yes,Other,Normal,Other,CAULIER MADELEINE PLACE,M,50.63646643432587,3.637370450520721
201800029602,NonLethal,2018-10-10,11:50:00,Daylight,590,378,Yes,NoIntersection,Normal,Other,BRIQUETERIE RUE DE LA,M,50.66737959466791,3.6707139508640254
201800029603,NonLethal,2018-10-10,18:05:00,Daylight,590,286,Yes,Other,Normal,Other,CARNOT SADI RUE,M,50.609918343882086,2.608963431857853
201800029605,NonLethal,2018-10-14,16:15:00,Daylight,590,560,Yes,NoIntersection,Normal,2Vehicles-Side,EPINETTE RUE DE L,M,50.55531293594724,3.556570185981864
201800029607,NonLethal,2018-07-20,12:40:00,Daylight,590,507,Yes,NoIntersection,Normal,2Vehicles-Behind,LECLERC RUE DU GENERAL,M,50.58619397905956,3.5884880287509047
201800029608,NonLethal,2018-01-10,17:50:00,Daylight,590,350,Yes,X-type,Normal,2Vehicles-Side,COURBET RUE DE L'AMIRAL,M,50.62745606300595,3.630731705092945
201800029609,NonLethal,2018-10-19,23:10:00,NightStreelightsOn,590,343,Yes,NoIntersection,Normal,Other,GAMAND RUE DE,M,50.33854172804505,3.34123042127481
201800029610,NonLethal,2018-09-24,17:00:00,Daylight,590,350,Yes,NoIntersection,Normal,2Vehicles-Side,MARAIS DE LOMME RUE,M,,
201800029611,NonLethal,2018-10-21,04:25:00,NightStreelightsOn,590,350,Yes,NoIntersection,Normal,Other,ARC RUE JEANNE D,M,49.9985264036546,2.99927145096914
201800029613,NonLethal,2018-07-09,17:05:00,Daylight,590,560,Yes,NoIntersection,Normal,Other,BOUVRY ROGER RUE,M,50.55086838899459,3.5487949880353384
201800029614,NonLethal,2018-10-23,16:30:00,Daylight,590,220,Yes,NoIntersection,Normal,Other,FERRER RUE,M,50.61253717831615,3.611771944031983
201800029616,NonLethal,2018-09-28,18:00:00,Daylight,590,350,Yes,NoIntersection,Normal,2Vehicles-Side,CHATEAU D'ISENGHEIN RUE,M,50.651303743085485,2.6502285863446318
201800029618,NonLethal,2018-10-31,18:40:00,NightStreelightsOn,590,9,Yes,NoIntersection,LightRain,Other,TICLENI RUE DE,M,50.60896974646501,3.609295856618055
201800029619,NonLethal,2018-11-02,21:00:00,NightStreelightsOn,590,378,Yes,X-type,Normal,2Vehicles-Side,MARNE AVENUE DE LA,M,50.67750132056481,3.6772034265368574
201800029620,NonLethal,2018-04-11,01:16:00,NightStreelightsOn,590,350,Yes,X-type,Normal,2Vehicles-Side,CHANZY RUE,M,50.62421817594712,3.625914781982265
201800029621,NonLethal,2018-03-11,20:20:00,NightStreelightsOn,590,350,Yes,NoIntersection,Normal,2Vehicles-Side,TOURNAI PONT DE,M,50.61980385351701,3.619044165728659
201800029624,NonLethal,2018-08-03,18:50:00,Daylight,590,350,Yes,Other,Normal,Other,WERNIERS GUILLAUME  RUE,M,50.63288803079493,3.636352289932022
201800029625,NonLethal,2018-10-11,04:15:00,NightStreelightsOn,590,350,Yes,X-type,LightRain,2Vehicles-Side,GUTENBERG RUE,M,50.638075339354174,3.637106266442411
201800029626,NonLethal,2018-11-11,12:25:00,Daylight,590,328,Yes,X-type,Normal,Other,HIPPODROME AV DE L Nø134,M,50.64065493190968,3.6393358881751263
201800029628,NonLethal,2018-11-15,18:20:00,TwilightOrDawn,590,360,Yes,NoIntersection,Normal,Other,FOCH RUE DU MARECHAL,M,50.6156922771453,3.615924603076868
201800029629,NonLethal,2018-10-31,03:30:00,NightNoStreetLight,590,356,No,Other,LightRain,2Vehicles-Side,LILLE RUE DE,M,,
201800029630,Lethal,2018-11-18,16:25:00,Daylight,590,350,No,NoIntersection,Normal,Other,OUEST BOULEVARD DE L,M,50.62345825857093,3.623371088117014
201800029631,NonLethal,2018-11-09,22:30:00,NightStreelightsOn,590,507,Yes,NoIntersection,Normal,2Vehicles-Side,JAURES JEAN AVENUE.,M,50.60591144446929,3.607019209879624
201800029632,NonLethal,2018-11-22,02:00:00,NightStreelightsOn,590,378,Yes,T-type,Normal,Other,VERDUN AVENUE DE,M,50.66854821142973,3.670026250013957
201800029633,NonLethal,2018-11-25,17:25:00,NightStreelightsOn,590,220,Yes,NoIntersection,Normal,2Vehicles-Behind,EGALITE RUE DE L,M,50.580629551095576,3.579728599520706
201800029634,NonLethal,2018-11-24,18:15:00,NightStreelightsOn,590,350,Yes,Roundabout,LightRain,Other,GUESDE JULES Nø27 - 175,M,50.644718416987615,3.646550471913272
201800029636,NonLethal,2018-08-11,17:30:00,TwilightOrDawn,590,220,Yes,NoIntersection,Normal,Other,KLEBER RUE,M,50.588510603177646,3.5882484229070046
201800029638,Lethal,2018-09-12,12:00:00,Daylight,590,350,Yes,X-type,LightRain,Other,DUNKERQUE AVENUE DE,M,50.6464490596139,2.646345740923245
201800029639,NonLethal,2018-11-12,15:50:00,Daylight,590,350,Yes,Square,Overcast,Other,TOURNAI RUE DE,M,50.63648442183637,3.6357884301667607
201800029640,NonLethal,2018-02-11,11:06:00,Daylight,590,9,Yes,NoIntersection,Normal,Other,DE VALMY BOULEVARD,M,50.61592549015487,3.6154563784144846
201800029641,NonLethal,2018-12-15,20:10:00,NightStreelightsOn,590,636,Yes,NoIntersection,HeavyRain,2Vehicles-Side,QUESNOY RUE DE,M,50.69194462858821,3.693094745787542
201800029642,Lethal,2018-12-12,10:35:00,Daylight,590,360,Yes,NoIntersection,Normal,2Vehicles-BehindVehicles-Frontal,REPUBLIQUE BOULEVARD DE,M,50.61175545700504,3.608264449137526
201800029643,NonLethal,2018-11-20,18:55:00,NightStreelightsOff,590,350,Yes,T-type,Normal,Other,VERHAEREN AVENUE,M,50.619366436897096,3.619465382921022
201800029644,NonLethal,2018-12-17,17:50:00,NightStreelightsOn,590,356,Yes,Other,Normal,2Vehicles-Side,RUE DE LILLE,M,50.65505561613193,2.657432785996805
201800029645,NonLethal,2018-12-17,22:50:00,NightStreelightsOn,590,378,Yes,NoIntersection,Normal,Other,CLEMENCEAU BLVD (Nø2-138,M,50.66444335960419,3.663936012422373
201800029646,NonLethal,2018-05-12,11:30:00,Daylight,590,350,Yes,X-type,LightRain,Other,REPUBLIQUE AVENUE DE LA,M,50.63833294659752,3.641730071472969
201800029647,NonLethal,2018-11-12,13:00:00,Daylight,590,350,Yes,NoIntersection,Normal,Other,ARRAS RUE D,M,50.62174445462587,3.6199936276171303
201800029648,NonLethal,2018-12-20,15:40:00,Daylight,590,350,Yes,X-type,LightRain,2Vehicles-Side,DUNKERQUE AVENUE DE,M,50.63008626773799,3.630500237364005
201800029650,NonLethal,2018-12-26,09:00:00,Daylight,590,9,Yes,Other,Normal,2Vehicles-Side,BREUCQ BOULEVARD DU,M,50.637590419905045,3.6360488651228335
201800029652,NonLethal,2018-11-03,23:10:00,NightStreelightsOn,590,33,Yes,Roundabout,Normal,Other,41bis Rue Roger Salengro,M,50.20170453180879,3.203272864272224
201800029653,NonLethal,2018-04-27,19:50:00,Daylight,590,230,Yes,NoIntersection,Normal,2Vehicles-Side,CLEMENCEAU (AVENUE),M,50.25933016043066,4.259485668614566
201800029654,Lethal,2018-02-27,12:50:00,Daylight,590,392,Yes,NoIntersection,Normal,NoCollision,ANDRE CHAUSSON (AVENUE),M,50.27099206888694,3.2706708842233168
201800029656,NonLethal,2018-08-09,13:50:00,Daylight,590,230,Yes,NoIntersection,Normal,2Vehicles-Side,ALPHONSE SPLINGARD (RUE),M,50.25516579491913,3.2550101471248825
201800029657,NonLethal,2018-10-16,21:10:00,NightStreelightsOn,590,225,Yes,NoIntersection,Normal,3+Vehicles-Multiple,MAIRIE,M,50.29509741754448,3.296177984089485
201800029658,NonLethal,2018-12-12,09:35:00,Daylight,590,392,Yes,NoIntersection,VeryGood,NoCollision,HAUTMONT (RUE D'),M,50.26880351285494,3.2666378285925983
201800029659,Lethal,2018-12-23,19:00:00,NightStreelightsOn,590,392,Yes,NoIntersection,LightRain,Other,JEAN JAURES (AVENUE),M,50.28112281139519,3.2811115806864573
201800029660,NonLethal,2018-01-09,08:00:00,TwilightOrDawn,590,650,No,NoIntersection,Overcast,Other,EUROPE (ROND POINT DE L',M,50.69810916825345,3.6989817917104033
201800029662,NonLethal,2018-01-21,18:17:00,NightStreelightsOff,590,512,Yes,T-type,LightRain,Other,GAMBETTA ( BOULEVARD),M,50.693358699121305,3.692368783801928
201800029663,NonLethal,2018-01-24,17:00:00,TwilightOrDawn,590,512,Yes,NoIntersection,Normal,Other,"27, BLANCHEMAILLE (RUE D",M,50.69478858222037,3.695913027843415
201800029664,NonLethal,2018-01-25,05:35:00,TwilightOrDawn,590,512,Yes,NoIntersection,Normal,2Vehicles-Behind,TOURCOING (RUE DE),M,50.70237719607116,3.703166224786329
201800029666,NonLethal,2018-01-28,20:38:00,NightStreelightsOn,590,339,Yes,NoIntersection,Normal,Other,Rue Victor Hugo,M,50.68041502690979,3.6830903770837935
201800029667,Lethal,2018-03-02,00:10:00,NightStreelightsOn,590,650,Yes,NoIntersection,Normal,3+Vehicles-Multiple,"20, LIBERTE (BOULEVARD D",M,50.709936867057614,3.709847761286544
201800029668,NonLethal,2018-02-03,04:45:00,NightStreelightsOn,590,646,Yes,X-type,LightRain,2Vehicles-Side,FLANDRE (AVENUE DE),M,50.66459449524621,3.665002425467426
201800029669,NonLethal,2018-02-14,12:45:00,Daylight,590,512,Yes,NoIntersection,Normal,Other,CARETTE (RUE HENRI),M,50.69786724216242,3.699970732466271
201800029670,NonLethal,2018-02-16,13:30:00,Daylight,590,646,Yes,NoIntersection,Normal,Other,GAMBETTA (PLACE),M,50.673117797608136,3.6728147135499807
201800029671,NonLethal,2018-02-18,03:00:00,NightStreelightsOn,590,163,Yes,X-type,Normal,2Vehicles-Side,HOLDEN CROTHERS(RUE),M,50.67723411065222,3.675662373763844
201800029672,NonLethal,2018-02-23,17:55:00,Daylight,590,512,Yes,X-type,Normal,2Vehicles-BehindVehicles-Frontal,PIERRE DE ROUBAIX (RUE),M,50.68406062008829,3.6849841209955057
201800029673,NonLethal,2018-02-03,12:20:00,Daylight,590,650,Yes,T-type,Other,2Vehicles-Side,TILLEUL (RUE DU),M,50.718424739248974,3.715621990488075
201800029674,NonLethal,2018-03-14,21:05:00,NightStreelightsOn,590,650,Yes,T-type,Normal,2Vehicles-Side,SERPENTINE (RUE),M,50.71649654962082,3.7155672199486585
201800029675,NonLethal,2018-04-03,10:30:00,Daylight,590,512,Yes,X-type,LightRain,Other,GUESDE (RUE JULES),M,50.68749801859044,3.688089571810731
201800029676,NonLethal,2018-04-02,12:10:00,Daylight,590,299,Yes,T-type,Normal,2Vehicles-Behind,EUROPE (AVENUE DE L'),M,50.66871985041961,3.665371518061961
201800029677,NonLethal,2018-06-04,18:20:00,Daylight,590,299,Yes,T-type,Normal,2Vehicles-Side,DE GAULLE (AVENUE CHARLE,M,50.66707567920464,3.665995441765798
201800029678,NonLethal,2018-08-04,06:50:00,TwilightOrDawn,590,512,Yes,X-type,Normal,2Vehicles-Side,GAND (QUAI DE),M,50.705020022466,3.705500855429313
201800029680,NonLethal,2018-04-22,22:35:00,TwilightOrDawn,590,650,Yes,NoIntersection,Normal,Other,LAINE (ROUTE DE LA),M,50.70902213626436,3.7083034437233007
201800029681,NonLethal,2018-04-23,03:00:00,NightStreelightsOn,590,512,Yes,X-type,Normal,2Vehicles-Side,VAN DER MEERSCH (AVENUE,M,50.68232209315264,3.680179330453164
201800029682,NonLethal,2018-04-23,22:45:00,NightStreelightsOn,590,512,Yes,Roundabout,Normal,2Vehicles-BehindVehicles-Frontal,FOURMIES (BOULEVARD DE),M,50.67408492738398,3.6756970457573854
201800029683,Lethal,2018-04-27,19:55:00,Daylight,590,512,Yes,X-type,Normal,Other,ALMA  (RUE DE L)',M,50.6983136069818,3.6985862345140457
201800029684,NonLethal,2018-01-05,10:25:00,Daylight,590,650,Yes,NoIntersection,Normal,Other,PHILLIPOT (RUE GEORGES),M,50.70833593773914,3.708529148981596
201800029685,NonLethal,2018-05-11,12:00:00,Daylight,590,512,Yes,NoIntersection,Normal,Other,MOULIN (RUE JEAN),M,50.68516624281519,3.684568038912228
201800029686,NonLethal,2018-11-05,13:00:00,Daylight,590,512,Yes,NoIntersection,Normal,2Vehicles-Side,GRAND CHEMIN (RUE DU),M,50.69219578249693,3.69264815800934
201800029687,NonLethal,2018-12-05,01:05:00,NightStreelightsOn,590,299,Yes,NoIntersection,Normal,Other,CROIX (RUE DE),M,50.65485866859992,3.654173435545781
201800029688,Lethal,2018-05-16,19:05:00,Daylight,590,299,No,T-type,Normal,2Vehicles-Side,EUROPE AVENUE DE L',M,50.66643379979588,3.665783413834136
201800029689,NonLethal,2018-05-27,15:00:00,Daylight,590,512,Yes,X-type,Normal,2Vehicles-Side,ESPIERRE (RUE DE L'),M,50.7092683120286,3.707132929076695
201800029691,NonLethal,2018-05-27,20:25:00,Daylight,590,299,Yes,Other,Normal,2Vehicles-Side,DE GAULLE (AVENUE CHARLE,M,50.666749273452666,3.6681339425547694
201800029692,NonLethal,2018-05-28,19:00:00,Daylight,590,512,Yes,X-type,Normal,Other,GRANDE RUE,M,50.69536493828507,3.693186821061232
201800029693,NonLethal,2018-06-08,10:10:00,Daylight,590,163,Yes,X-type,Normal,2Vehicles-Side,DUBLED (RUE GUSTAVE),M,50.673765732772544,3.672210171160204
201800029694,NonLethal,2018-08-06,17:35:00,Daylight,590,650,Yes,X-type,Normal,2Vehicles-Side,LIBERTE (BOULEVARD DE LA,M,,
201800029695,NonLethal,2018-06-11,15:50:00,Daylight,590,512,Yes,NoIntersection,Normal,Other,PARABOLES (AVENUE DES),M,50.6883064286714,3.688346848453388
201800029696,NonLethal,2018-06-16,08:35:00,Daylight,590,512,Yes,X-type,Normal,2Vehicles-Side,TOURCOING (RUE DE),M,50.70272942528307,3.703668425763993
201800029697,NonLethal,2018-06-22,18:45:00,Daylight,590,512,Yes,NoIntersection,Normal,Other,NATIONS UNIES (AVENUE DE,M,50.69445860261351,3.6937403870021632
201800029698,NonLethal,2018-06-24,00:30:00,NightNoStreetLight,590,512,Yes,X-type,Normal,2Vehicles-Side,MONTGOLFIER (RUE),M,50.67895408249179,3.679165933159828
201800029699,NonLethal,2018-06-30,13:15:00,Daylight,590,512,Yes,NoIntersection,Normal,Other,ALGER (RUE D'),M,50.69689609473217,3.6956826077522944
201800029700,NonLethal,2018-01-07,17:00:00,Daylight,590,512,Yes,X-type,Normal,2Vehicles-Side,MULHOUSE (BOULEVARD DE),M,50.68643005518233,3.6847143700798153
201800029701,NonLethal,2018-01-07,16:30:00,Daylight,590,650,Yes,NoIntersection,Normal,3+Vehicles-Chain,CARNOT (RUE),M,50.69678347198166,3.6967065427762575
201800029702,NonLethal,2018-01-07,21:40:00,Daylight,590,512,Yes,NoIntersection,Normal,2Vehicles-Side,LANNOY (RUE DE),M,50.67698232889763,3.675973585016744
201800029703,NonLethal,2018-07-01,17:45:00,Daylight,590,512,Yes,NoIntersection,Normal,Other,BOURGELAT (RUE),M,50.69138619358306,3.691132968183572
201800029704,NonLethal,2018-06-27,12:30:00,Daylight,590,512,Yes,NoIntersection,Normal,Other,LANNOY (RUE),M,50.68734763211332,3.689181264925113
201800029706,NonLethal,2018-06-07,22:00:00,TwilightOrDawn,590,650,Yes,NoIntersection,Normal,2Vehicles-BehindVehicles-Frontal,MENDES FRANCE (BOULEVARD,M,50.69567013754692,3.695757888845833
201800029707,NonLethal,2018-07-08,21:30:00,Daylight,590,646,Yes,Other,Normal,NoCollision,GRAND COTTIGNIES (AVENUE,M,50.68200130425311,3.683624065535936
201800029708,NonLethal,2018-10-07,21:15:00,TwilightOrDawn,590,512,Yes,NoIntersection,Normal,3+Vehicles-Multiple,BEAUREPAIRE (BOULEVARD),M,50.68978167330937,3.690784453734981
201800029710,NonLethal,2018-07-15,07:35:00,Daylight,590,646,Yes,NoIntersection,Normal,Other,COLI (RUE),M,,
201800029711,NonLethal,2018-07-29,17:45:00,Daylight,590,512,Yes,X-type,Normal,Other,DE MUSSET (RUE ALFRED),M,50.68953467262397,3.6866362889058486
201800029712,Lethal,2018-07-30,13:35:00,Daylight,590,512,Yes,NoIntersection,Normal,Other,MOTTE (AVENUE ALFRED),M,50.67604050789152,3.673380466927464
201800029713,NonLethal,2018-08-02,05:15:00,TwilightOrDawn,590,650,No,X-type,Normal,2Vehicles-Side,EGALITE (BOULEVARD DE L',M,50.71533797411146,3.713075569040848
201800029714,NonLethal,2018-08-10,11:20:00,Daylight,590,512,Yes,NoIntersection,Normal,Other,PIERRE DE ROUBAIX (RUE),M,50.682239163191056,3.6832979492836033
201800029715,NonLethal,2018-08-10,22:55:00,NightStreelightsOn,590,512,Yes,X-type,LightRain,2Vehicles-Side,METZ (BOULEVARD DE),M,50.70089616429845,3.7029774650279697
201800029716,NonLethal,2018-08-13,13:50:00,Daylight,590,650,Yes,NoIntersection,Normal,Other,MONT A LEUX (RUE DU),M,50.71874039553877,3.716848934899618
201800029718,NonLethal,2018-08-23,19:55:00,Daylight,590,512,Yes,NoIntersection,Normal,Other,ROCROI (RUE DE),M,50.68357988772199,3.685809339474533
201800029719,NonLethal,2018-08-09,20:30:00,NightStreelightsOn,590,512,Yes,NoIntersection,Normal,2Vehicles-Behind,STRASBOURG (BOULEVARD DE,M,50.69441742371027,3.69459363525234
201800029720,NonLethal,2018-09-17,17:05:00,Daylight,590,163,Yes,NoIntersection,Normal,Other,DUBLED (RUE GUSTAVE),M,50.677644467040494,3.677187481406833
201800029721,NonLethal,2018-09-19,08:35:00,Daylight,590,512,Yes,NoIntersection,VeryGood,Other,BEAUREPAIRE (BOULEVARD),M,50.69080884230465,3.690714131824084
201800029722,NonLethal,2018-09-20,17:50:00,Daylight,590,512,Yes,NoIntersection,Normal,Other,FOSSE AUX CHENES (AVENUE,M,50.696171034036446,3.69527063693705
201800029723,NonLethal,2018-09-21,15:45:00,Daylight,590,512,Yes,NoIntersection,Normal,Other,NAIN (RUE),M,50.693289576744334,3.6935458793027154
201800029724,NonLethal,2018-09-29,20:15:00,NightStreelightsOn,590,512,Yes,NoIntersection,Normal,Other,MOTTE (AVENUE ALFRED),M,50.67413393610994,3.675111866583301
201800029725,NonLethal,2018-09-30,14:30:00,Daylight,590,512,Yes,X-type,Normal,2Vehicles-BehindVehicles-Frontal,MONS (RUE DE),M,50.685913008710266,3.686849796423074
201800029726,Lethal,2018-11-10,10:25:00,Daylight,590,512,Yes,NoIntersection,StrongWindOrStorm,Other,RUE LACORDAIRE,M,50.67909064722673,3.6806065650266326
201800029727,NonLethal,2018-10-14,04:06:00,NightStreelightsOn,590,650,Yes,NoIntersection,Normal,Other,MARTINOIRE (RUE DE LA),M,50.71795196142351,3.720661470580779
201800029728,NonLethal,2018-10-22,16:00:00,Daylight,590,299,Yes,X-type,Normal,2Vehicles-Side,GUESDE (RUE JULES),M,50.66256997090183,3.6626057392507687
201800029729,NonLethal,2018-06-11,02:00:00,NightStreelightsOn,590,650,Yes,X-type,Normal,2Vehicles-Side,UNION (RUE DE L'),M,50.71295500650891,3.712945138540572
201800029730,NonLethal,2018-08-11,16:25:00,Daylight,590,512,Yes,NoIntersection,Normal,2Vehicles-Behind,MOULIN (RUE JEAN),M,50.6844674296386,3.684321069921942
201800029731,NonLethal,2018-09-11,16:55:00,TwilightOrDawn,590,512,Yes,NoIntersection,Normal,Other,DE GAULLE  (BOULEVARD DU,M,50.68221243620831,3.682612855903228
201800029732,NonLethal,2018-11-13,13:00:00,Daylight,590,512,Yes,NoIntersection,Normal,Other,METZ (BOULEVARD DE),M,,
201800029733,NonLethal,2018-11-13,14:00:00,Daylight,590,512,Yes,Other,Normal,2Vehicles-Side,ALGER  (RUE D'),M,,
201800029734,NonLethal,2018-11-20,18:15:00,NightStreelightsOn,590,650,Yes,NoIntersection,LightRain,Other,JOUHAUX (BOULEVARD LEON),M,50.716265589415016,3.714642905445756
201800029735,NonLethal,2018-11-28,20:40:00,NightStreelightsOn,590,598,Yes,X-type,Normal,2Vehicles-Side,DEPORTES (RUE DES),M,50.658820035921394,3.659255968132265
201800029737,NonLethal,2018-10-12,08:15:00,TwilightOrDawn,590,339,Yes,NoIntersection,Normal,Other,HUGO (RUE VICTOR),M,50.684060407169135,3.683684222819825
201800029739,NonLethal,2018-12-22,19:00:00,NightStreelightsOn,590,512,Yes,NoIntersection,Normal,Other,FOURMIES (BOULEVARD DE),M,50.675624466965104,3.67518007841669
201800029740,NonLethal,2018-12-23,17:20:00,NightStreelightsOn,590,512,Yes,X-type,LightRain,2Vehicles-Side,MOTTE (AVENUE ALFRED),M,50.6726053922445,3.673191574306201
201800029741,NonLethal,2018-12-23,21:00:00,NightStreelightsOn,590,512,Yes,X-type,LightRain,Other,TOURCOING (RUE DE),M,50.7056171246721,3.705613688124115
201800029742,NonLethal,2018-12-27,09:45:00,Daylight,590,512,Yes,MoreThan4Branches,Normal,Other,LECLERC (BOULEVARD DU GE,M,50.6881502459379,3.6885889104083622
201800029743,NonLethal,2018-01-05,19:15:00,NightNoStreetLight,590,526,No,NoIntersection,Normal,2Vehicles-BehindVehicles-Frontal,CD169A GRISE CHEMISE,M,50.42197531859297,3.4206109133492912
201800029744,NonLethal,2018-05-04,11:05:00,Daylight,590,526,Yes,Other,Normal,2Vehicles-BehindVehicles-Frontal,DE LA PANNERIE,M,50.27238098571123,5.271726726742716
201800029745,NonLethal,2018-04-18,16:45:00,Daylight,590,284,No,T-type,VeryGood,3+Vehicles-Multiple,CD40,M,50.23801206605389,3.2399348450732224
201800029748,NonLethal,2018-01-27,02:20:00,NightStreelightsOn,590,152,Yes,NoIntersection,Normal,Other,"28, HURLUPIN (RUE D')",M,50.76482463809261,3.766008259442535
201800029749,NonLethal,2018-02-02,14:40:00,Daylight,590,599,Yes,NoIntersection,HeavyRain,Other,LAFAYETTE ( AVENUE),M,50.71808381868252,3.716688258673913
201800029750,NonLethal,2018-03-11,18:20:00,Daylight,590,599,Yes,NoIntersection,Normal,2Vehicles-Behind,BETHUNE (RUE DE),M,50.72253521441415,3.722708417511867
201800029751,NonLethal,2018-07-02,15:00:00,Daylight,590,599,Yes,NoIntersection,Normal,Other,"75, NATIONALE (RUE)",M,50.72680988508871,3.726716726315536
201800029752,NonLethal,2018-02-19,16:40:00,Daylight,590,599,Yes,X-type,Normal,2Vehicles-Side,GUERRE (AVE FIN DE LA),M,50.72766781087167,3.729221985741453