AccidentId,Gravity,Date,Hour,Light,Department,Commune,InAgglomeration,IntersectionType,Weather,CollisionType,PostalAddress,GPSCode,Latitude,Longitude
201800029753,NonLethal,2018-10-03,10:40:00,Daylight,590,599,Yes,NoIntersection,Normal,Other,"42, GAMBETTA (BOULEVARD)",M,50.71524480458902,3.711692919144316
201800029754,NonLethal,2018-03-13,17:30:00,Daylight,590,508,Yes,NoIntersection,Normal,2Vehicles-Behind,HALLUIN (BOULEVARD D'),M,50.752219587187874,3.752611133232142
201800029755,NonLethal,2018-03-18,07:50:00,TwilightOrDawn,590,599,Yes,NoIntersection,Normal,Other,"107, CURIE (CHAUSSEE PIE",M,50.73275772828634,3.732526334953986
201800029756,NonLethal,2018-03-30,22:30:00,NightStreelightsOn,590,352,Yes,X-type,Normal,2Vehicles-Side,TOURCOING (RUE),M,50.7413779262225,3.740854257860895
201800029757,NonLethal,2018-03-14,06:30:00,TwilightOrDawn,590,98,Yes,NoIntersection,Normal,2Vehicles-Side,"13, WERVICQ (RUE DE)",M,50.77242733799972,3.7712967539627633
201800029758,NonLethal,2018-04-17,19:00:00,Daylight,590,599,Yes,T-type,Normal,2Vehicles-Side,BERTHELOT CHAUSSEE MARC,M,50.72786469402744,3.728172349350184
201800029759,NonLethal,2018-04-21,21:15:00,TwilightOrDawn,590,279,Yes,X-type,Normal,2Vehicles-Side,LILLE (RUE DE),M,50.78267857242072,3.784255661989989
201800029760,NonLethal,2018-03-31,20:45:00,NightStreelightsOn,590,599,Yes,T-type,Normal,2Vehicles-Side,TURENNE  (RUE DE),M,50.71660009520504,3.7154655726887342
201800029761,NonLethal,2018-03-12,16:00:00,Daylight,590,599,Yes,NoIntersection,LightRain,Other,"42, GAMBETTA (BOULEVARD)",M,50.714772186491125,3.7171304444370663
201800029762,NonLethal,2018-04-17,20:00:00,Daylight,590,599,Yes,NoIntersection,Normal,Other,LHOMOND (RUE),M,50.69487682133541,3.6936311050304895
201800029763,NonLethal,2018-04-26,01:45:00,NightStreelightsOn,590,426,Yes,NoIntersection,Normal,Other,DRONCKAERT (SENTIER),M,50.754263892654215,3.753945021402784
201800029764,NonLethal,2018-04-10,13:15:00,Daylight,590,599,Yes,NoIntersection,Normal,Other,GAMBETTA (BOULEVARD),M,50.71358696900578,3.712229191907263
201800029765,NonLethal,2018-04-28,17:00:00,Daylight,590,279,Yes,Y-type,Normal,3+Vehicles-Multiple,LILLE (RUE DE),M,50.78088708711452,3.7812984996139103
201800029766,NonLethal,2018-05-05,13:55:00,Daylight,590,279,Yes,NoIntersection,Normal,Other,NOLLET (RUE MARTHE),M,49.83963133123719,-0.8403721105857282
201800029767,Lethal,2018-10-05,19:05:00,Daylight,590,599,Yes,NoIntersection,Normal,2Vehicles-BehindVehicles-Frontal,ROITELET (RUE DU),M,50.74132296023558,3.7391869379058016
201800029768,Lethal,2018-05-17,06:20:00,Daylight,590,599,Yes,T-type,Normal,2Vehicles-BehindVehicles-Frontal,PIERRES (RUE DES TROIS),M,50.728053585121565,3.7288406386174464
201800029769,NonLethal,2018-05-17,21:25:00,TwilightOrDawn,590,98,Yes,NoIntersection,Normal,Other,LINSELLES (RUE DE),M,50.77073370264232,3.771015005624613
201800029770,NonLethal,2018-05-24,17:50:00,Daylight,590,656,No,Other,HeavyRain,2Vehicles-Side,LYS ( BOULEVARD DE LA ),M,50.75246741399827,3.75126571002544
201800029772,NonLethal,2018-06-15,19:15:00,Daylight,590,599,Yes,NoIntersection,Normal,Other,PIATS (RUE DES),M,50.72239344764491,3.7246624712300473
201800029773,NonLethal,2018-06-18,16:50:00,Daylight,590,90,Yes,NoIntersection,Normal,Other,FORT MONTAGNE (RUE),M,50.702080425006784,3.7026547323553594
201800029775,NonLethal,2018-06-15,18:30:00,Daylight,590,599,Yes,NoIntersection,Normal,Other,HOUPLINE (RUE DU CHÒNE),M,50.72739144582968,3.7267817689954095
201800029776,NonLethal,2018-07-04,17:10:00,Daylight,590,599,Yes,T-type,Normal,2Vehicles-Side,YSER (RUE DE L'),M,50.74612831582511,3.746764663925394
201800029778,NonLethal,2018-07-21,15:00:00,Daylight,590,599,Yes,NoIntersection,Normal,2Vehicles-Side,FOREST (CHAUSSEE FERNAND,M,50.73750733988417,3.735403543457761
201800029779,NonLethal,2018-07-20,22:45:00,NightStreelightsOn,590,599,Yes,NoIntersection,Normal,Other,YSER (RUE DE L'),M,50.74318030951798,3.743167477867989
201800029780,NonLethal,2018-08-08,11:00:00,Daylight,590,279,Yes,NoIntersection,Normal,Other,SIMONO (RUE MAURICE),M,50.7843421393989,3.785251376485826
201800029781,NonLethal,2018-08-11,23:44:00,NightStreelightsOn,590,599,Yes,T-type,Normal,2Vehicles-Side,GAND (RUE DE),M,50.73556106094555,3.735712393317804
201800029782,NonLethal,2018-08-17,13:00:00,Daylight,590,599,Yes,X-type,Normal,2Vehicles-Side,LEHOUCQ (RUE FIDELE),M,50.72067809859063,3.721363612329669
201800029783,NonLethal,2018-09-15,22:25:00,NightStreelightsOn,590,279,Yes,X-type,Normal,Other,RUE DE L'ABBE LEMIRE,M,50.7769050754983,3.776152300593323
201800029784,NonLethal,2018-11-09,18:00:00,Daylight,590,508,Yes,Y-type,Normal,2Vehicles-Side,LILLE (RUE DE)LATERALE,M,50.75063012066106,3.7507274740962657
201800029785,Lethal,2018-09-28,17:59:00,Daylight,590,599,Yes,T-type,Normal,2Vehicles-Side,MARLIERE (RUE DE LA),M,50.73513557221428,3.736232908389826
201800029786,NonLethal,2018-01-10,08:30:00,Daylight,590,599,Yes,NoIntersection,Normal,Other,BAILLE (RUE DE LA),M,50.73120879238716,3.733193106493504
201800029788,NonLethal,2018-10-07,20:00:00,NightStreelightsOn,590,599,Yes,NoIntersection,Normal,2Vehicles-BehindVehicles-Frontal,SCHWEITZER (RUE DU DOCTE,M,50.74036845554125,3.74189106685926
201800029789,NonLethal,2018-02-11,16:30:00,Daylight,590,599,Yes,NoIntersection,Normal,Other,WATT (CHAUSSEE),M,50.72753723769954,3.727670848530494
201800029790,NonLethal,2018-11-16,19:45:00,NightStreelightsOff,590,352,Yes,T-type,FogOrSmoke,Other,HAUTEVALLE ROUTE,M,50.73781734524166,3.7374959166018074
201800029791,NonLethal,2018-04-12,11:00:00,Daylight,590,90,Yes,Roundabout,Normal,2Vehicles-Side,GAULLE (AVENUE DU GENERA,M,50.71934932591132,3.719432561084127
201800029793,NonLethal,2018-08-12,11:10:00,Daylight,590,426,Yes,X-type,VeryGood,Other,LECROART (RUE FERNAND),M,50.748520760699286,3.748815118562566
201800029794,NonLethal,2018-12-10,13:30:00,Daylight,590,599,Yes,X-type,Normal,2Vehicles-Side,HALOT (RUE DU),M,50.710108636237806,3.712454361640382
201800029795,NonLethal,2018-12-12,18:30:00,NightStreelightsOn,590,421,Yes,NoIntersection,Normal,NoCollision,TOURCOING (RUE DE),M,50.71758232898993,3.716490952483949
201800029796,NonLethal,2018-12-12,01:45:00,NightStreelightsOn,590,90,No,NoIntersection,Normal,Other,LEBAS (RUE JEAN BAPTISTE,M,50.71730884555468,3.71695020947458
201800029797,NonLethal,2018-12-15,12:00:00,Daylight,590,599,Yes,NoIntersection,Normal,2Vehicles-Behind,GRAMME (CHAUSSEE),M,50.73719297526647,3.738962248574341
201800029799,NonLethal,2018-12-18,14:15:00,Daylight,590,421,Yes,NoIntersection,Normal,2Vehicles-Behind,CARNOT (BLD) DEl A 29,M,,
201800029800,NonLethal,2018-12-18,14:20:00,Daylight,590,599,Yes,NoIntersection,Normal,Other,CHATEAUBRIAND (RUE),M,50.715759921899895,3.716790201126411
201800029801,NonLethal,2018-12-19,08:20:00,Daylight,590,599,Yes,NoIntersection,Normal,Other,GAMBETTA (BOULEVARD),M,50.70819778019433,3.706697295481263
201800029802,NonLethal,2018-12-22,17:30:00,NightStreelightsOn,590,508,Yes,NoIntersection,Overcast,Other,RUE DE LILLE,M,50.72763445501504,3.7272698646370905
201800029803,NonLethal,2018-12-23,21:15:00,NightStreelightsOn,590,599,Yes,T-type,LightRain,Other,MILLET (AVENUE JEAN),M,50.72335420905844,3.7236899544247897
201800029805,NonLethal,2018-12-23,17:03:00,NightStreelightsOn,590,599,Yes,NoIntersection,Normal,Other,EGALITE (BOULEVARD DE L',M,50.73058774305391,3.731337293266845
201800029806,NonLethal,2018-12-28,14:30:00,Daylight,590,599,Yes,NoIntersection,Normal,Other,JUIN (RUE DU MARECHAL),M,50.73327159115068,3.733037374373233
201800029807,NonLethal,2018-12-29,19:45:00,NightStreelightsOn,590,421,Yes,Other,Normal,3+Vehicles-Multiple,LILLE (RUE DE),M,50.70009511511999,3.700732691959692
201800029808,NonLethal,2018-01-02,21:30:00,NightNoStreetLight,590,613,No,NoIntersection,Other,2Vehicles-BehindVehicles-Frontal,RD 50,M,50.40705085341319,3.408036576811774
201800029809,NonLethal,2018-12-28,17:05:00,TwilightOrDawn,590,447,Yes,T-type,Overcast,Other,ESTREUX (RUE D'),M,50.3849381222572,3.38504272150267
201800029810,NonLethal,2018-03-01,18:05:00,NightStreelightsOn,590,491,Yes,T-type,Normal,2Vehicles-Side,"0, DURRE (RUE HENRI)",M,50.38785610788938,3.387392440623313
201800029811,Lethal,2018-01-19,14:05:00,Daylight,590,484,Yes,NoIntersection,Normal,Other,287 Avenue Jean Jaurès,M,50.40037997259066,3.398298191825834
201800029813,NonLethal,2018-02-02,19:45:00,NightStreelightsOn,590,606,Yes,NoIntersection,Normal,Other,"1, SENATEUR GIRARD (AVEN",M,50.36041962857391,3.3613492825991105
201800029816,NonLethal,2018-11-01,12:45:00,Daylight,590,383,Yes,Roundabout,Normal,2Vehicles-BehindVehicles-Frontal,"00, BARBUSSE (AVENUE HEN",M,50.3427776372547,3.344376458044669
201800029817,NonLethal,2018-02-22,16:00:00,Daylight,590,479,Yes,NoIntersection,Normal,2Vehicles-BehindVehicles-Frontal,"20, JAURES (AVENUE JEAN)",M,50.39097031578583,3.390586048817202
201800029818,NonLethal,2018-03-28,15:00:00,Daylight,590,606,Yes,NoIntersection,Normal,Other,"1, MONNAYEURS (RUE DES)",M,50.36322211549393,3.363753418341759
201800029819,NonLethal,2018-03-20,16:35:00,Daylight,590,606,Yes,NoIntersection,VeryGood,Other,"19, LIEGE (AVENUE DE)",M,50.36177104117216,3.361547692291147
201800029820,NonLethal,2018-03-22,17:50:00,Daylight,590,207,Yes,NoIntersection,Normal,2Vehicles-BehindVehicles-Frontal,JAURES (RUE JEAN),M,50.42205308131605,3.420093896254436
201800029823,NonLethal,2018-03-12,08:15:00,Daylight,590,606,Yes,NoIntersection,Normal,Other,"0, MAGALOTTI (RUE)",M,50.35910960465755,3.3610582161440283
201800029824,NonLethal,2018-03-12,13:45:00,Daylight,590,459,Yes,Other,Normal,Other,"O, ZAC AUCHAN",M,50.37582909811432,3.375542968716569
201800029825,NonLethal,2018-03-15,20:00:00,TwilightOrDawn,590,606,Yes,X-type,Normal,2Vehicles-Side,"0, LEVASSEUR (RUE ROSALI",M,50.36742687643347,3.368823668643339
201800029826,NonLethal,2018-03-16,13:40:00,Daylight,590,112,Yes,T-type,Normal,2Vehicles-Side,JAURES (RUE JEAN),M,50.405805204629466,3.40637895708487
201800029828,Lethal,2018-04-22,18:10:00,Daylight,590,160,No,NoIntersection,Normal,2Vehicles-BehindVehicles-Frontal,THIVENCELLE (ROUTE DE),M,50.43922454539673,3.4376386235862118
201800029829,NonLethal,2018-04-24,15:50:00,Daylight,590,606,Yes,LevelCrossing,Normal,Other,VILLARS (AVENUE),M,50.356698152284736,3.357027081182808
201800029830,Lethal,2018-04-11,14:05:00,Daylight,590,603,No,NoIntersection,Normal,NoCollision,GHESQUIERE (RUE),M,50.31922443938219,3.318655111575769
201800029831,NonLethal,2018-03-06,19:00:00,TwilightOrDawn,590,606,Yes,NoIntersection,Normal,Other,POMPIDOU (AVENUE GEORGES,M,50.34941304234089,3.3496772227175557
201800029832,NonLethal,2018-03-05,05:00:00,NightStreelightsOn,590,515,Yes,NoIntersection,Normal,2Vehicles-Side,"OO, ZONE INDUSTRIELLE Nø",M,50.33470414813749,3.334531808815347
201800029833,NonLethal,2018-03-27,17:25:00,Daylight,590,606,Yes,NoIntersection,Normal,Other,"0, MAGALOTTI (RUE)",M,50.36158173865787,3.359259410660432
201800029834,NonLethal,2018-09-07,02:20:00,NightStreelightsOn,590,606,Yes,NoIntersection,Normal,Other,GLACIS (RUE DES),M,50.36026696995466,3.3610341062729963
201800029835,NonLethal,2018-09-07,20:00:00,Daylight,590,479,Yes,X-type,Normal,Other,JAURES (AVENUE JEAN),M,50.39256496010088,3.3931584536255808
201800029836,NonLethal,2018-03-06,11:40:00,Daylight,590,14,Yes,NoIntersection,Normal,Other,"0, THIETARD (RUE GUSTAVE",M,50.36985375550386,3.368598371458813
201800029837,NonLethal,2018-06-02,14:00:00,Daylight,590,160,Yes,NoIntersection,Normal,2Vehicles-Side,DEPORTES (RUE DES),M,50.403325839840186,3.403984992012042
201800029839,NonLethal,2018-01-07,15:20:00,Daylight,590,112,Yes,NoIntersection,Normal,Other,BLANCHART (RUE ANDRE),M,50.39878222990152,3.3985496431269206
201800029840,NonLethal,2018-08-12,16:30:00,Daylight,590,160,Yes,NoIntersection,Normal,2Vehicles-Side,DEPORTES (RUE DES),M,50.41223684475225,3.4133521197616123
201800029841,Lethal,2018-08-14,22:30:00,NightStreelightsOn,590,515,Yes,T-type,Normal,2Vehicles-BehindVehicles-Frontal,NATIONALE (ROUTE),M,50.327382325931474,3.3283926234651764
201800029842,NonLethal,2018-07-08,16:30:00,Daylight,590,564,Yes,X-type,Normal,Other,BASLY (RUE EMILE),M,50.35186327445415,3.351776998691995
201800029844,NonLethal,2018-09-17,13:25:00,Daylight,590,603,Yes,NoIntersection,Normal,Other,RENAISSANCE (RUE DE LA),M,50.33112041324744,3.3318075929416517
201800029845,NonLethal,2018-09-19,11:17:00,Daylight,590,606,Yes,X-type,Normal,Other,VERDUN (AVENUE DE),M,50.35266500154221,3.352797915627747
201800029846,Lethal,2018-09-22,22:00:00,NightStreelightsOn,590,515,Yes,NoIntersection,HeavyRain,Other,ZONE INDUSTRIELLE Nø2,M,50.332071748836825,3.328779923773782
201800029847,NonLethal,2018-11-09,15:00:00,Daylight,590,383,Yes,NoIntersection,Normal,Other,BARBUSSE (AVENUE HENRI),M,50.35182656890178,3.351287706537342
201800029849,NonLethal,2018-09-24,17:50:00,Daylight,590,459,Yes,X-type,Normal,2Vehicles-Side,LENINE (RUE),M,50.37014452346457,3.372223533918012
201800029850,NonLethal,2018-09-01,12:50:00,Daylight,590,14,Yes,NoIntersection,Normal,2Vehicles-Behind,SPORTS (AVENUE DES),M,50.36896725648047,3.3699356368350637
201800029851,NonLethal,2018-10-09,16:30:00,Daylight,590,606,Yes,NoIntersection,Normal,Other,LEVASSEUR (RUE ROSALIE),M,50.36721122017154,3.3677464891312714
201800029852,NonLethal,2018-08-28,14:00:00,Daylight,590,383,No,NoIntersection,Normal,2Vehicles-Side,RD 75,M,50.35079317682728,3.3493044572325887
201800029853,NonLethal,2018-09-13,18:05:00,Daylight,590,484,Yes,NoIntersection,Normal,Other,PASTEUR (AVENUE),M,50.39176827996964,3.3927335389327995
201800029855,NonLethal,2018-09-21,18:00:00,Daylight,590,606,Yes,Roundabout,Normal,2Vehicles-Behind,GERNEZ (RUE DESIRE),M,50.35387765429022,3.3537293022884853
201800029856,NonLethal,2018-09-21,12:35:00,Daylight,590,606,Yes,Roundabout,Normal,2Vehicles-Side,WINSTON CHURCHILL (PLACE,M,50.35880479063,3.3589457707012147
201800029857,NonLethal,2018-11-10,13:30:00,Daylight,590,14,Yes,X-type,Normal,2Vehicles-Behind,FRANCE (AVENUE ANATOLE),M,50.36721914939488,3.3661276288682225
201800029858,NonLethal,2018-12-10,10:55:00,Daylight,590,606,Yes,X-type,Normal,2Vehicles-Side,ST-AMAND (AVENUE DE),M,50.36651624080623,3.3674558408200905
201800029859,NonLethal,2018-10-11,12:45:00,Daylight,590,383,Yes,NoIntersection,Normal,2Vehicles-Side,SAINT SAULVE (RUE DE),M,,
201800029860,NonLethal,2018-10-12,13:00:00,Daylight,590,544,Yes,NoIntersection,Normal,Other,JAURES (RUE JEAN),M,50.36799754328228,3.3712074388198645
201800029861,NonLethal,2018-10-06,11:30:00,Daylight,590,606,Yes,Square,Normal,Other,HAINAUT (PLACE DU),M,50.35920710785688,2.356736727283115
201800029862,NonLethal,2018-10-19,15:15:00,Daylight,590,606,Yes,NoIntersection,Normal,Other,MACAREZ (RUE ERNEST),M,50.366677168500296,3.3678031513835456
201800029863,NonLethal,2018-10-17,16:05:00,Daylight,590,160,Yes,NoIntersection,Normal,Other,DEPORTES (RUE DES),M,50.40554188528385,3.4047013207219394
201800029865,NonLethal,2018-11-20,14:50:00,Daylight,590,606,Yes,NoIntersection,Normal,2Vehicles-Side,FAIDHERBE (AVENUE),M,50.357519323716,3.3570730932354733
201800029866,NonLethal,2018-10-17,07:45:00,TwilightOrDawn,590,606,Yes,NoIntersection,Normal,Other,MAGALOTTI (RUE),M,50.35799021494794,3.360308060719187
201800029868,NonLethal,2018-03-12,17:45:00,NightStreelightsOn,590,369,No,X-type,Overcast,2Vehicles-Side,RD 40,M,50.31551899511747,3.31398878813166
201800029869,NonLethal,2018-09-30,14:30:00,Daylight,590,606,Yes,Other,Normal,2Vehicles-Side,EPAIX (RUE DE L'),M,50.36652299733116,3.363805017147704
201800029870,NonLethal,2018-12-03,12:25:00,Daylight,590,603,Yes,Roundabout,Normal,2Vehicles-Side,RD 59,M,50.33400434562312,3.3334444570736848
201800029871,NonLethal,2018-05-12,17:30:00,Daylight,590,606,Yes,Roundabout,Overcast,2Vehicles-Behind,BRUYERES (BOULEVARD DES),M,50.35631188775192,3.357855578293312
201800029872,NonLethal,2018-11-17,05:45:00,NightStreelightsOn,590,606,Yes,NoIntersection,Normal,Other,MAGALOTTI (RUE),M,50.36008656950158,3.361813139636677
201800029873,NonLethal,2018-11-09,15:00:00,Daylight,590,603,Yes,X-type,Normal,2Vehicles-Side,AMPERE (RUE),M,50.33122753173628,3.3335209394757506
201800029874,NonLethal,2018-11-03,15:00:00,Daylight,590,207,Yes,NoIntersection,Normal,Other,DURRE (RUE HENRI),M,50.42653518160635,3.423597996091848
201800029876,NonLethal,2018-03-04,00:42:00,NightNoStreetLight,680,274,Yes,NoIntersection,SnowOrHail,Other,31 chemin de la Glashutt,M,47.90326488998296,7.902749917974311
201800029877,NonLethal,2018-03-27,07:05:00,TwilightOrDawn,680,112,Yes,X-type,Normal,2Vehicles-Side,Rte départementale 430,M,47.90200819098653,7.902931793174232
201800029879,Lethal,2018-04-27,19:00:00,Daylight,680,112,Yes,T-type,Normal,Other,36 Rte de Bergholtz,M,47.90655256873812,7.906601142191064
201800029880,NonLethal,2018-07-01,16:56:00,Daylight,680,112,Yes,T-type,Normal,Other,48 R du général de gaull,M,47.914919990322886,7.913151035267995
201800029881,NonLethal,2018-07-15,11:32:00,Daylight,680,177,No,T-type,Normal,2Vehicles-BehindVehicles-Frontal,Rte départementale 40,M,47.95068217374758,7.950717596059852
201800029882,NonLethal,2018-11-10,10:20:00,Daylight,680,112,Yes,X-type,LightRain,2Vehicles-Behind,route de colmar,M,47.90508823515177,7.904437472175013
201800029883,NonLethal,2018-10-12,11:15:00,Daylight,680,112,Yes,X-type,Normal,2Vehicles-Side,RUE VICTOR HUGO,M,47.901868548025256,7.903957429544305
201800029884,NonLethal,2018-10-13,19:20:00,NightNoStreetLight,680,188,No,NoIntersection,Normal,Other,D430 pk 17+280,M,47.93610270013553,7.936691871425941
201800029885,NonLethal,2018-10-22,09:55:00,Daylight,680,112,Yes,NoIntersection,Normal,Other,rue du Général de Gaulle,M,47.91601590949363,7.915550129997165
201800029886,NonLethal,2018-10-23,09:55:00,Daylight,680,112,Yes,T-type,Normal,2Vehicles-Side,Raymon Poincaré,M,47.90270470357202,7.902858523653839
201800029887,NonLethal,2018-11-15,16:00:00,Daylight,680,112,Yes,T-type,Normal,2Vehicles-Side,2 route d'issenheim,M,47.90168127893383,7.902360733135397
201800029888,Lethal,2018-12-22,16:00:00,Daylight,680,276,Yes,T-type,LightRain,Other,Rue du Sudel,M,47.899177955636254,7.899402647071186
201800029889,NonLethal,2018-12-30,07:55:00,TwilightOrDawn,680,177,No,NoIntersection,Normal,Other,Rue Principale,M,47.93944316732564,7.940922892758656
201800029890,NonLethal,2018-02-06,18:10:00,NightStreelightsOn,680,43,Yes,X-type,Normal,2Vehicles-Side,3 route de guebwiller,M,47.86282088569723,7.864575239779771
201800029891,NonLethal,2018-07-04,12:35:00,Daylight,680,156,No,Y-type,Normal,2Vehicles-Side,RTE DEPARTEMENTALE 3 BIS,M,47.910500735536566,7.910613710851058
201800029892,NonLethal,2018-05-27,14:00:00,Daylight,680,106,No,Y-type,Normal,2Vehicles-Side,Rte départementale 431,M,47.88644688535816,7.886570067644903
201800029893,NonLethal,2018-05-27,11:45:00,Daylight,680,43,No,T-type,Normal,2Vehicles-Side,Rte départementale 44,M,47.85498746729221,7.853273555427937
201800029894,NonLethal,2018-06-16,18:30:00,Daylight,680,381,No,NoIntersection,Normal,NoCollision,Rte du col Amic,M,47.87386361930215,7.874670037121149
201800029895,NonLethal,2018-06-23,23:55:00,NightStreelightsOn,680,156,Yes,NoIntersection,Normal,NoCollision,9 R du tissage,M,47.90564750293418,7.906009547172165
201800029896,NonLethal,2018-06-27,08:10:00,Daylight,680,260,No,NoIntersection,Normal,3+Vehicles-Chain,Rte Départementale 430,M,47.88136947133613,7.880929223794522
201800029897,NonLethal,2018-06-29,22:00:00,NightStreelightsOn,680,43,Yes,Y-type,Normal,NoCollision,2R des Hetres,M,47.85320453185452,7.8523242666591075
201800029899,NonLethal,2018-08-13,22:30:00,NightStreelightsOn,680,315,No,NoIntersection,Normal,Other,Rte départementale 430,M,47.87803352533222,7.878764388848823
201800029900,NonLethal,2018-09-16,11:15:00,Daylight,680,343,Yes,X-type,VeryGood,2Vehicles-Behind,Rue d'Ensisheim,M,47.87834295733041,7.875798057405743
201800029903,NonLethal,2018-10-18,12:10:00,Daylight,680,315,Yes,Other,Normal,3+Vehicles-Multiple,Rue d'Issenheim,M,47.89245887946667,7.892916065433421
201800029905,NonLethal,2018-10-27,16:55:00,Daylight,680,156,Yes,T-type,Overcast,2Vehicles-Behind,Rue du Markstein,M,47.90407802327981,7.905814318997996
201800029906,NonLethal,2018-12-11,18:22:00,NightNoStreetLight,680,260,No,T-type,Normal,2Vehicles-BehindVehicles-Frontal,RD4 bis,M,47.888022633268136,7.887373573857124
201800029907,NonLethal,2018-11-29,01:45:00,NightNoStreetLight,680,156,No,NoIntersection,Normal,Other,D430,M,47.894376069263394,7.89434699537404
201800029908,NonLethal,2018-12-27,12:30:00,Daylight,680,315,No,NoIntersection,SnowOrHail,NoCollision,"chemin forestier , lieu",M,47.8755836028696,7.877575189350353
201800029909,NonLethal,2018-03-14,15:20:00,Daylight,430,188,No,NoIntersection,Normal,2Vehicles-BehindVehicles-Frontal,,M,45.14676196061333,3.14447571015613
201800029910,NonLethal,2018-04-24,17:10:00,Daylight,430,188,No,X-type,Normal,2Vehicles-Side,CARREFOUR LES AUBENNES,M,45.18035437265991,3.1793555596305447
201800029911,NonLethal,2018-07-17,12:20:00,Daylight,430,262,No,NoIntersection,Normal,2Vehicles-BehindVehicles-Frontal,ROUTE DE VAZEILLES,,,
201800029912,Lethal,2018-08-14,00:10:00,NightStreelightsOn,430,72,Yes,NoIntersection,HeavyRain,Other,LE BOURG,M,45.229399006498,3.2288451844401145
201800029913,NonLethal,2018-11-06,08:22:00,Daylight,430,188,No,NoIntersection,HeavyRain,2Vehicles-BehindVehicles-Frontal,,M,45.16808165569984,3.167212346501948
201800029914,NonLethal,2018-11-23,14:00:00,Daylight,430,79,No,T-type,LightRain,2Vehicles-Side,LIEU DIT AMBLARD,M,45.19594522842412,3.1953385976505184
201800029915,Lethal,2018-11-30,21:45:00,NightNoStreetLight,430,147,No,NoIntersection,LightRain,Other,,M,45.299377911820535,3.299872755756953
201800029916,Lethal,2018-02-04,11:30:00,Daylight,430,73,No,NoIntersection,Normal,Other,RD499,M,45.339137087269165,3.338200536615964
201800029917,Lethal,2018-04-28,14:30:00,Daylight,430,128,No,NoIntersection,Normal,Other,LIEU DIT BOUTON,M,45.35103003530616,3.350323126211851
201800029918,NonLethal,2018-09-06,11:05:00,Daylight,430,80,Yes,T-type,Normal,2Vehicles-Behind,AVENUE DE LA GARRE,M,45.33353078106777,3.3337050324893496
201800029919,NonLethal,2018-06-09,11:40:00,Daylight,430,3,Yes,NoIntersection,Normal,2Vehicles-Side,RUE DU CHATEAUNEUF,,,
201800029921,NonLethal,2018-09-25,15:35:00,Daylight,430,3,Yes,NoIntersection,Normal,2Vehicles-Side,rue du Mont Bar,M,45.200040371864525,3.1992805033420044
201800029922,NonLethal,2018-01-12,18:35:00,NightStreelightsOn,410,194,Yes,NoIntersection,Normal,2Vehicles-BehindVehicles-Frontal,Rue du président Wilson,M,47.35676204481766,1.3559179177121614
201800029924,NonLethal,2018-09-03,07:30:00,Daylight,410,194,Yes,X-type,Normal,2Vehicles-Side,Rue henri dunant,M,47.35180853986908,1.3523724059807911
201800029925,NonLethal,2018-04-03,14:00:00,Daylight,410,194,Yes,NoIntersection,Normal,2Vehicles-Behind,19 avenue de Villefranch,M,47.35124598680428,1.354017076621601
201800029926,NonLethal,2018-04-05,23:20:00,NightStreelightsOn,410,194,Yes,Other,Normal,2Vehicles-BehindVehicles-Frontal,19 rue de gy,M,47.36542578387666,1.3651773601305766
201800029927,NonLethal,2018-04-14,10:00:00,Daylight,410,194,Yes,NoIntersection,Overcast,NoCollision,3 rue delaune,M,47.34940551305311,1.349910561428968
201800029928,NonLethal,2018-06-04,18:00:00,Daylight,410,194,Yes,NoIntersection,Overcast,2Vehicles-Behind,180-176 rue du président,M,47.350366978650335,1.3506554346218018
201800029929,NonLethal,2018-06-28,19:00:00,Daylight,410,194,Yes,X-type,Normal,3+Vehicles-Multiple,Avenue des favignolles,M,47.348010258471184,1.3464687815951937
201800029930,NonLethal,2018-07-27,18:30:00,Daylight,410,194,Yes,T-type,Overcast,2Vehicles-Side,rue Joseph Gaveau,M,47.37362108821366,1.3735501929619152
201800029931,NonLethal,2018-05-08,16:45:00,Daylight,410,242,Yes,X-type,Normal,2Vehicles-Side,15 RUE DE SION et Cheval,M,47.27648093046712,1.2742479230084545
201800029932,NonLethal,2018-10-08,16:30:00,Daylight,410,194,Yes,NoIntersection,Normal,2Vehicles-Behind,87 avenue de BLOIS,M,47.35342012512057,1.352627341601015
201800029933,Lethal,2018-09-26,08:50:00,Daylight,410,282,No,NoIntersection,Normal,2Vehicles-BehindVehicles-Frontal,D724,M,47.36763444655229,1.3693372294811197
201800029935,NonLethal,2018-10-29,12:35:00,Daylight,410,194,No,NoIntersection,LightRain,3+Vehicles-Multiple,765,M,47.35530144476715,1.356167390966387
201800029936,NonLethal,2018-11-04,10:45:00,Daylight,410,194,Yes,NoIntersection,Normal,Other,Mail des platanes,M,47.35999355564216,1.359699228010617
201800029937,NonLethal,2018-11-09,16:00:00,Daylight,410,194,Yes,NoIntersection,Normal,2Vehicles-Side,AVENUE DE VILLEFRANCHE,M,47.3516911409675,1.3501907090654472
201800029939,NonLethal,2018-01-23,13:45:00,Daylight,410,67,No,NoIntersection,Normal,2Vehicles-BehindVehicles-Frontal,"D765, lieu dit le grand",M,47.48741309864732,1.4861100418420616
201800029942,Lethal,2018-11-04,14:45:00,Daylight,410,104,Yes,Other,Normal,Other,309 Route de chambord,M,47.59384280414981,1.5940561314329624