AccidentId,Gravity,Date,Hour,Light,Department,Commune,InAgglomeration,IntersectionType,Weather,CollisionType,PostalAddress,GPSCode,Latitude,Longitude
201800029943,NonLethal,2018-12-23,21:50:00,NightNoStreetLight,410,86,No,NoIntersection,Normal,Other,Route d'Arian,M,47.52502573029839,1.52435214089023
201800029944,NonLethal,2018-01-22,21:50:00,NightStreelightsOn,600,57,Yes,T-type,Normal,2Vehicles-Side,"22, PASCAL BLAISE (AVENU",M,49.41885467656832,2.417817863785491
201800029945,NonLethal,2018-03-02,17:15:00,Daylight,600,57,Yes,NoIntersection,Normal,Other,"1, HENRI BECQUEREL (RUE)",M,49.41108381744816,2.412684318462788
201800029946,NonLethal,2018-06-02,19:15:00,TwilightOrDawn,600,57,Yes,NoIntersection,LightRain,Other,"136, MARCEL DASSAULT (AV",M,49.442956345927136,2.4429685258540164
201800029947,NonLethal,2018-10-02,22:30:00,NightStreelightsOn,600,57,Yes,X-type,LightRain,2Vehicles-Side,"1, EUROPE (AVENUE DE L')",M,49.43889470309663,2.437369352052327
201800029948,NonLethal,2018-10-02,21:20:00,NightNoStreetLight,600,57,Yes,NoIntersection,LightRain,2Vehicles-BehindVehicles-Frontal,ROCADE NORD - BAS ROMAIN,M,49.436002275610406,2.4359444252266367
201800029949,NonLethal,2018-05-03,20:15:00,NightStreelightsOn,600,57,Yes,NoIntersection,Normal,Other,"39, TAPISSERIE (RUE DE L",M,49.42880601566686,2.4282763525758253
201800029950,NonLethal,2018-03-16,06:45:00,NightNoStreetLight,600,646,No,NoIntersection,LightRain,Other,RD 901,M,49.45738102927984,2.459093351816785
201800029951,NonLethal,2018-03-17,00:01:00,NightNoStreetLight,600,57,No,X-type,LightRain,2Vehicles-Side,ROUEN (ROUTE DE),M,49.434128774329736,2.43445056370212
201800029952,NonLethal,2018-04-06,08:30:00,Daylight,600,57,Yes,X-type,Normal,2Vehicles-Side,PARIS (RUE DE) > AVENUE,M,49.41501000251184,2.418203267316424
201800029953,NonLethal,2018-04-06,13:00:00,Daylight,600,57,Yes,X-type,Normal,Other,JEAN ROSTAND (AVENUE),M,49.41336822336905,2.41327557774657
201800029954,NonLethal,2018-04-17,17:45:00,Daylight,600,57,Yes,NoIntersection,Normal,2Vehicles-BehindVehicles-Frontal,HENRI BECQUEREL (RUE),M,49.410808764299446,2.4115998101982514
201800029955,NonLethal,2018-04-18,08:15:00,Daylight,600,57,Yes,NoIntersection,Normal,Other,JEANNE D'ARC (RUE),M,49.43102138597805,2.433569740490635
201800029956,NonLethal,2018-04-20,13:45:00,Daylight,600,57,Yes,Roundabout,Normal,2Vehicles-Behind,TILLOY (RUE DU),M,49.4435215126017,2.4436658891803984
201800029957,NonLethal,2018-05-14,11:50:00,Daylight,600,57,Yes,NoIntersection,Normal,Other,RAVEL MAURICE (SQUARE),M,49.41659345753565,2.4149188519866893
201800029960,NonLethal,2018-06-23,23:05:00,NightStreelightsOn,600,57,Yes,T-type,Normal,2Vehicles-BehindVehicles-Frontal,LOISEL ANTOINE (BOULEVAR,M,49.43081887859243,2.430245586524719
201800029962,NonLethal,2018-07-10,14:45:00,Daylight,600,57,Yes,NoIntersection,Normal,2Vehicles-Behind,JEAN MOULIN (AVENUE),M,49.43817798015324,2.43609154039865
201800029963,NonLethal,2018-07-17,15:50:00,Daylight,600,57,Yes,NoIntersection,Normal,2Vehicles-Side,RACINE JEAN (RUE),M,49.434645508809446,2.433298337790881
201800029964,NonLethal,2018-07-25,12:50:00,Daylight,600,57,Yes,NoIntersection,Normal,Other,SAINT JUST DES MARAIS (R,M,49.434007618707874,2.433445990788946
201800029965,NonLethal,2018-07-27,11:25:00,Daylight,600,57,Yes,NoIntersection,Normal,3+Vehicles-Chain,BLAISE PASCAL (AV) - IND,M,49.42297338789717,2.4234252753703105
201800029967,NonLethal,2018-09-01,19:33:00,TwilightOrDawn,600,57,Yes,NoIntersection,Normal,2Vehicles-Behind,GENERAL DE GAULLE (BOULE,M,49.42925214232546,2.4266433732436843
201800029968,NonLethal,2018-05-09,17:45:00,Daylight,600,57,Yes,NoIntersection,Overcast,Other,MONTAIGNE (AVENUE),M,49.41231775735617,2.4112276990231223
201800029969,NonLethal,2018-08-09,20:30:00,NightStreelightsOn,600,57,Yes,X-type,Normal,2Vehicles-Side,LEON BLUM  (AVENUE),M,49.4521183599191,2.4519321931808657
201800029970,NonLethal,2018-09-28,17:25:00,Daylight,600,57,Yes,NoIntersection,Normal,2Vehicles-Side,HENRI BECQUEREL (RUE),M,49.41101506439713,2.411919373680665
201800029972,NonLethal,2018-01-10,16:10:00,TwilightOrDawn,600,57,Yes,NoIntersection,Normal,Other,VIGNES (RUE DES),M,49.43515285662466,2.433508883930108
201800029973,NonLethal,2018-10-04,18:40:00,Daylight,600,57,Yes,NoIntersection,Normal,Other,THERAIN (RUE DU),M,49.42535748627918,2.426625362259516
201800029975,NonLethal,2018-10-17,12:00:00,Daylight,600,57,Yes,T-type,Normal,Other,ROCADE NORD -NOTRE DAME,M,49.46896431697906,2.4688666814920763
201800029976,NonLethal,2018-10-16,16:52:00,Daylight,600,57,Yes,NoIntersection,Normal,2Vehicles-Side,SENEFONTAINE (RUE DE),M,49.41393764321877,2.4132836391793497
201800029978,NonLethal,2018-10-26,20:00:00,NightNoStreetLight,600,57,Yes,T-type,LightRain,2Vehicles-Side,PIERRE BEREGOVOY (AVENUE,M,49.44107107687834,2.4403445993347663
201800029979,Lethal,2018-01-12,02:30:00,NightNoStreetLight,600,57,No,NoIntersection,Normal,Other,JEAN MERMOZ (AVENUE),M,49.43670590932129,2.4367309851254624
201800029980,NonLethal,2018-06-12,12:45:00,Daylight,600,57,Yes,NoIntersection,Normal,2Vehicles-Side,SAINT JUST DES MARAIS (R,M,49.43482145374704,2.4331297223933457
201800029981,Lethal,2018-12-10,07:20:00,TwilightOrDawn,600,57,No,NoIntersection,LightRain,2Vehicles-Side,JEAN MERMOZ (AVENUE),M,49.43878786940059,2.4376112701498878
201800029983,NonLethal,2018-12-19,08:20:00,Daylight,600,57,Yes,NoIntersection,LightRain,2Vehicles-Behind,BLAISE PASCAL  (AVENUE),M,49.42172539919788,2.421233416735693
201800029984,NonLethal,2018-12-21,09:05:00,Daylight,600,57,No,NoIntersection,LightRain,Other,RD 901,M,49.45487493446007,2.453146058579301
201800029985,NonLethal,2018-02-15,12:40:00,Daylight,220,190,Yes,Roundabout,LightRain,2Vehicles-Side,Rond point de la Rougera,M,48.52733313393093,-0.5271323477789684
201800029986,NonLethal,2018-02-23,19:00:00,NightStreelightsOn,220,97,No,X-type,Normal,2Vehicles-Side,la tombe,M,48.43076047919367,-0.4307102536197324
201800029987,NonLethal,2018-03-30,18:55:00,Daylight,220,190,Yes,T-type,Normal,3+Vehicles-Multiple,rue françois mitterrand,M,48.53302416421353,-0.5314015330009728
201800029988,NonLethal,2018-04-22,16:00:00,Daylight,220,180,No,X-type,Normal,2Vehicles-Side,les quatres routes,M,48.44165416684397,-0.4418643151250772
201800029989,NonLethal,2018-05-06,11:25:00,Daylight,220,172,Yes,Roundabout,Normal,2Vehicles-Side,rue du pont,M,48.52189897076751,-0.5216788634160886
201800029990,NonLethal,2018-06-01,22:04:00,TwilightOrDawn,220,357,No,NoIntersection,Normal,NoCollision,RD768,M,48.57647107102893,-0.5765058840471964
201800029991,Lethal,2018-06-09,15:45:00,Daylight,220,190,No,NoIntersection,Normal,Other,"D2, Lieu dit ""Le Creux""",M,48.5327491118674,-0.5349907391494322
201800029992,NonLethal,2018-06-27,18:20:00,Daylight,220,94,Yes,X-type,VeryGood,2Vehicles-Side,la nouvelais,M,48.60001527166222,-0.5987864202616225
201800029993,NonLethal,2018-06-30,20:25:00,TwilightOrDawn,220,209,No,X-type,Normal,2Vehicles-Side,lieu dit la giclais,M,48.57547869835652,-0.5775501716669791
201800029994,NonLethal,2018-07-21,13:26:00,Daylight,220,357,No,T-type,Normal,2Vehicles-Behind,D786,M,48.56551575301431,-0.5649665636375624
201800029995,NonLethal,2018-07-29,19:30:00,Daylight,220,190,No,NoIntersection,LightRain,2Vehicles-BehindVehicles-Frontal,D2 - Lieu dit la rougera,M,48.52909822578682,-0.5293621888276187
201800029996,NonLethal,2018-06-08,18:15:00,Daylight,220,302,Yes,Other,Normal,Other,Rue de la Manchette,M,48.59267582096804,-0.5935744823129396
201800029997,NonLethal,2018-08-23,19:10:00,Daylight,220,49,No,X-type,Normal,NoCollision,La jannais - D62,M,48.540100982940125,-0.539756247941258
201800029998,NonLethal,2018-08-28,20:10:00,Daylight,220,190,Yes,X-type,Normal,2Vehicles-BehindVehicles-Frontal,Le chêne vert,M,48.52714893532925,-0.5297265305329317
201800029999,NonLethal,2018-08-31,16:10:00,Daylight,220,190,No,Roundabout,Normal,Other,Zone Artisanale de la Gr,M,48.52324224938543,-0.5222082053738547
201800030000,NonLethal,2018-09-08,15:30:00,Daylight,220,209,Yes,NoIntersection,Normal,2Vehicles-BehindVehicles-Frontal,la giclais,M,48.57465347036257,-0.5759005405886907
201800030001,NonLethal,2018-09-16,15:12:00,Daylight,220,172,No,NoIntersection,Normal,NoCollision,RD 794,M,48.51124218289616,-0.5098191434079065
201800030002,NonLethal,2018-09-17,20:10:00,Daylight,220,48,No,NoIntersection,Normal,2Vehicles-Behind,le clos Prioul,M,48.46858265226148,-0.4694658007213918
201800030003,NonLethal,2018-11-11,12:30:00,Daylight,220,49,No,NoIntersection,Normal,Other,D768 LIEU DIT LES SAPINS,M,48.54920400580808,-0.5492106711492643
201800030004,NonLethal,2018-11-16,20:40:00,NightNoStreetLight,220,237,Yes,NoIntersection,FogOrSmoke,Other,D768,M,48.52644208866798,-0.5250040672120093
201800030005,Lethal,2018-01-14,07:10:00,NightNoStreetLight,220,356,No,NoIntersection,Normal,Other,la Ville Daniel,M,48.5822791953237,-0.5812476239727966
201800030006,NonLethal,2018-04-11,07:35:00,Daylight,220,356,No,NoIntersection,Normal,2Vehicles-BehindVehicles-Frontal,Route départementale 6,M,48.55621213549941,-0.5549531041585183
201800030008,NonLethal,2018-04-29,01:30:00,NightNoStreetLight,220,182,No,NoIntersection,Normal,2Vehicles-BehindVehicles-Frontal,lieu dit St Blaise,M,48.54200658621024,-0.5451025796546248
201800030009,NonLethal,2018-05-23,17:00:00,Daylight,220,372,No,T-type,Normal,2Vehicles-Side,Route départementale 706,M,48.534043999896696,-0.533558706213657
201800030010,NonLethal,2018-07-05,13:40:00,Daylight,220,356,No,X-type,Normal,2Vehicles-Side,Route départementale 6 -,M,48.56009221078588,-0.557415247064761
201800030011,NonLethal,2018-07-20,17:50:00,Daylight,220,356,No,NoIntersection,VeryGood,3+Vehicles-Multiple,lieu dit clos boutin,M,48.55796582315777,-0.5569178303896312
201800030013,NonLethal,2018-07-28,17:40:00,Daylight,220,121,No,NoIntersection,,2Vehicles-BehindVehicles-Frontal,,M,48.62021193299768,-0.6217729037296273
201800030015,NonLethal,2018-08-25,15:00:00,Daylight,220,234,No,NoIntersection,Normal,NoCollision,"VC4, Lieu dit la pierre",M,48.50901421839913,-0.5110651803227575
201800030016,NonLethal,2018-08-28,17:15:00,Daylight,220,65,No,NoIntersection,Normal,2Vehicles-BehindVehicles-Frontal,route de Blanchardeau,M,48.61883582063261,-0.6210359979751674
201800030017,NonLethal,2018-12-20,12:30:00,Daylight,220,116,No,T-type,Normal,2Vehicles-Side,coat an doch,M,48.53533896780153,-0.5366209804848161
201800030018,NonLethal,2018-10-01,08:25:00,NightStreelightsOn,600,159,Yes,NoIntersection,Normal,Other,"28, AMIENS (D')",M,49.421521366968456,2.4221083969398824
201800030019,NonLethal,2018-01-14,05:55:00,NightStreelightsOn,600,159,Yes,NoIntersection,Normal,NoCollision,"4, CURIE (AV. PIERRE ET",M,49.39547187528465,2.3943312778413217
201800030020,NonLethal,2018-01-18,18:55:00,NightStreelightsOn,600,665,Yes,NoIntersection,Normal,Other,"06, EUROPE (AVENUE DE L'",M,49.408627442892,2.405715264674319
201800030021,NonLethal,2018-01-24,09:50:00,Daylight,600,159,Yes,NoIntersection,Overcast,NoCollision,"04, SAINT-LAZARE",M,49.41458454425747,2.4134437356275416
201800030023,NonLethal,2018-02-23,16:35:00,Daylight,600,382,Yes,T-type,Normal,2Vehicles-Side,POINCARE (AV. RAYMOND),M,49.427307506331886,2.4256081482682603
201800030024,NonLethal,2018-03-13,17:40:00,Daylight,600,159,Yes,NoIntersection,Normal,Other,"16, GUYNEMER (COURS)",M,49.42032407459844,2.419553260953848
201800030025,NonLethal,2018-04-07,15:40:00,Daylight,600,382,No,NoIntersection,Normal,2Vehicles-Side,n31,M,49.42413655666127,2.4247316843193856
201800030026,NonLethal,2018-04-21,15:50:00,Daylight,600,159,Yes,T-type,Normal,2Vehicles-Side,ARMISTICE (AV. DE L'),M,49.42276169728547,2.421765907273575
201800030027,NonLethal,2018-04-26,12:05:00,Daylight,600,159,Yes,X-type,Normal,2Vehicles-Side,SENLIS (DE),M,49.39304643844534,2.396448903966311
201800030028,NonLethal,2018-05-24,20:05:00,Daylight,600,159,Yes,NoIntersection,Normal,Other,SOLFERINO,M,49.4161146185405,2.418102271830422
201800030029,NonLethal,2018-05-26,11:00:00,Daylight,600,159,Yes,Roundabout,Normal,NoCollision,CURIE (AV. PIERRE ET MAR,M,49.39699222275677,2.395311378564556
201800030030,NonLethal,2018-06-07,09:15:00,Daylight,600,159,Yes,NoIntersection,Normal,Other,KOENIG(DU MARECHAL),M,49.40675312951995,2.4064761094099416
201800030031,NonLethal,2018-06-21,11:10:00,Daylight,600,159,Yes,NoIntersection,Normal,Other,GUYNEMER (COURS),M,49.42357790818232,2.421454585232212
201800030032,NonLethal,2018-06-27,17:35:00,Daylight,600,159,Yes,NoIntersection,Normal,2Vehicles-Behind,ARMISTICE (AV. DE L'),M,49.422591397225546,2.4214812202356653
201800030035,NonLethal,2018-07-07,19:05:00,Daylight,600,159,Yes,X-type,Normal,2Vehicles-Side,RONSARD (PIERRE),M,49.40713969512677,2.4068532742095328
201800030037,NonLethal,2018-08-20,22:25:00,NightStreelightsOn,600,159,Yes,X-type,Normal,2Vehicles-Side,PIERREFONDS (DE),M,49.41706071162303,2.4157943497834515
201800030040,NonLethal,2018-09-30,02:30:00,NightStreelightsOn,600,159,No,NoIntersection,Normal,2Vehicles-BehindVehicles-Frontal,Route Nationale 31,M,49.413718734228496,2.4140717759266623
201800030041,NonLethal,2018-09-29,16:55:00,Daylight,600,159,Yes,NoIntersection,VeryGood,Other,GUYNEMER (COURS),M,49.42164769753328,2.423227237421002
201800030042,NonLethal,2018-10-02,15:50:00,Daylight,600,159,Yes,NoIntersection,Overcast,Other,PARIS (DE),M,49.407802865099214,2.408066674611762
201800030043,NonLethal,2018-05-10,16:20:00,Daylight,600,159,Yes,NoIntersection,Normal,Other,BAYARD (CLEMENT),M,49.40950961171988,2.4091925407526595
201800030045,NonLethal,2018-10-11,06:40:00,NightStreelightsOn,600,159,Yes,Y-type,Normal,Other,GARE (PL. DE LA),M,49.42005655724536,2.4207882358458552
201800030046,NonLethal,2018-10-29,18:15:00,TwilightOrDawn,600,159,Yes,NoIntersection,Normal,Other,SOLFERINO,M,49.41917553890882,2.4199017928921838
201800030047,NonLethal,2018-11-13,13:25:00,Daylight,600,665,Yes,NoIntersection,Overcast,2Vehicles-BehindVehicles-Frontal,MELLENNE (A.),M,49.40825009000047,2.412468895387137
201800030048,NonLethal,2018-11-16,16:10:00,Daylight,600,159,No,NoIntersection,Normal,2Vehicles-Side,Departementale 1131,M,49.39216476485566,2.390719434136125
201800030049,NonLethal,2018-11-23,09:45:00,Daylight,600,159,Yes,NoIntersection,VeryGood,Other,ROYALE (AV.),M,49.41712084064688,2.41705430332292
201800030050,NonLethal,2018-12-01,07:30:00,NightStreelightsOn,600,159,Yes,NoIntersection,Normal,Other,GOURNEAUX (DES),M,49.41683371854304,2.416253282324889
201800030051,NonLethal,2018-12-04,17:10:00,Daylight,600,382,Yes,NoIntersection,Normal,Other,POINCARE (AV. RAYMOND),M,49.4242524247068,2.4230809940438336
201800030052,NonLethal,2018-12-15,18:00:00,NightStreelightsOn,600,159,Yes,NoIntersection,LightRain,Other,LAVOISIER,M,49.3971202218476,2.39738825105932
201800030053,NonLethal,2018-12-17,18:55:00,NightStreelightsOn,600,159,No,NoIntersection,Normal,3+Vehicles-Chain,Dpartementale 1131,M,49.42234007338182,2.420269797101024
201800030054,NonLethal,2018-12-21,19:45:00,NightStreelightsOn,600,665,No,X-type,Normal,2Vehicles-BehindVehicles-Frontal,RN 1031,M,49.42432135883066,2.422747411937279
201800030055,NonLethal,2018-01-31,23:50:00,NightStreelightsOn,600,175,Yes,X-type,Other,2Vehicles-BehindVehicles-Frontal,"0.00, ROBERT SCHUMANN (R",M,49.25706993716102,2.256122125462121
201800030056,NonLethal,2018-02-04,22:40:00,NightNoStreetLight,600,414,No,NoIntersection,Normal,2Vehicles-BehindVehicles-Frontal,RD 201_PONT DE L'OISE_AP,M,49.24155665950813,2.240633765491914
201800030057,NonLethal,2018-04-03,04:40:00,NightNoStreetLight,600,175,No,NoIntersection,Other,2Vehicles-Behind,RD1330_LIMITE SENL,M,49.250620948719344,2.248505729539182
201800030058,NonLethal,2018-03-22,19:50:00,TwilightOrDawn,600,463,Yes,X-type,Normal,2Vehicles-Side,RD 200_SORTIE PONT BURTO,M,49.28475476168293,2.284405725427854
201800030059,NonLethal,2018-04-13,00:40:00,NightNoStreetLight,600,175,No,Other,LightRain,Other,RN 330_LIMITE SENLIS_PUV,M,49.24461073054945,2.2434964704925147
201800030060,NonLethal,2018-04-19,08:05:00,Daylight,600,684,Yes,T-type,Normal,2Vehicles-Side,MOULINIERE (RUE DE LA),M,49.288187873340455,2.287080716131465
201800030061,NonLethal,2018-04-23,21:45:00,NightStreelightsOn,600,463,Yes,NoIntersection,Normal,NoCollision,EDISON (RUE THOMAS),M,49.27144915445872,2.271766362832817
201800030062,NonLethal,2018-06-16,11:50:00,Daylight,600,463,Yes,NoIntersection,Normal,Other,DEMAGNEZ (RUE),M,49.27079136954056,2.2705825134559388
201800030063,NonLethal,2018-07-17,19:50:00,Daylight,600,175,Yes,T-type,Normal,2Vehicles-Side,LAENNEC (BOULEVARD),M,49.24848210079377,2.249924052789479
201800030064,NonLethal,2018-07-18,08:45:00,Daylight,600,463,No,NoIntersection,Normal,2Vehicles-Behind,RN 16_LIMITE CNE NOGENT_,M,49.278180299326216,2.276411114786593
201800030065,NonLethal,2018-08-20,23:10:00,NightStreelightsOn,600,175,Yes,Other,Normal,Other,CARNOT (PLACE),M,49.26036271995196,2.2604336074134825
201800030067,NonLethal,2018-09-09,16:45:00,Daylight,600,175,No,NoIntersection,Normal,2Vehicles-Behind,RD 1016 PIERRE BLANCHE,M,49.25480451298986,2.2557190231175466
201800030068,NonLethal,2018-09-28,17:25:00,Daylight,600,463,Yes,T-type,Normal,2Vehicles-Side,HUIT MAI (AVENUE DU),M,49.27668660417665,2.2780247975853016
201800030070,NonLethal,2018-11-12,08:20:00,Daylight,600,414,No,NoIntersection,HeavyRain,2Vehicles-Side,RD 20l_RUE FINSTERWALDE_,M,49.251155414577816,2.249369868243301
201800030071,NonLethal,2018-11-13,16:00:00,Daylight,600,175,Yes,NoIntersection,Normal,Other,BROBEIL (PLACE CHARLES),M,49.260150308314536,2.2623291701522623
201800030072,NonLethal,2018-11-17,16:30:00,Daylight,600,175,Yes,NoIntersection,Normal,Other,JOUHAUX (RUE LEON),M,49.25312867233321,2.256311336593757
201800030073,NonLethal,2018-11-22,12:00:00,Daylight,600,175,Yes,T-type,Normal,Other,DUGUET (RUE CHARLES AUGU,M,49.25856537018877,2.2579738255945507
201800030074,NonLethal,2018-11-28,07:40:00,NightStreelightsOn,600,463,Yes,Other,LightRain,Other,SCHWEITZER (RUE DU DOCTE,M,49.27450568877745,2.2748581612518586
201800030075,NonLethal,2018-12-03,17:05:00,TwilightOrDawn,600,463,Yes,NoIntersection,LightRain,Other,GAMBETTA (RUE),M,49.27274457572592,2.271172020136369
201800030076,NonLethal,2018-12-19,18:30:00,TwilightOrDawn,600,463,Yes,Other,LightRain,Other,EUROPE (AVENUE DE L'),M,49.27257718938938,2.272700455895141
201800030077,NonLethal,2018-12-21,14:30:00,Daylight,600,414,Yes,NoIntersection,Normal,Other,FRANCE (AVENUE ANATOLE),M,49.26320572804625,2.261795130993984
201800030078,NonLethal,2018-04-15,11:40:00,Daylight,840,88,Yes,X-type,Normal,2Vehicles-Side,chemin de la roque,M,44.0172249187511,5.019498093172163
201800030079,NonLethal,2018-05-15,14:00:00,Daylight,840,43,Yes,T-type,Normal,2Vehicles-Side,Avenue de la gare,M,44.00432572390952,4.004154815122769
201800030080,Lethal,2018-05-16,14:40:00,Daylight,840,88,No,NoIntersection,Normal,2Vehicles-BehindVehicles-Frontal,route de Mazan,M,44.00199260916832,5.001790128992799
201800030081,NonLethal,2018-06-30,02:00:00,NightNoStreetLight,840,142,Yes,NoIntersection,Normal,Other,route de pernes les font,M,43.96831854677134,4.968128782861484
201800030082,NonLethal,2018-08-07,00:05:00,NightNoStreetLight,840,88,No,NoIntersection,Normal,NoCollision,route de la gasqui,M,44.006357889722544,5.007147428782741
201800030083,NonLethal,2018-07-28,13:00:00,Daylight,840,88,No,X-type,Normal,3+Vehicles-Multiple,Route de l'Isle Sur La S,M,43.98530827904763,5.985764911281663
201800030084,NonLethal,2018-08-11,01:30:00,NightNoStreetLight,840,43,No,NoIntersection,Normal,NoCollision,D942,M,43.99467069864864,4.9936345047328965
201800030085,NonLethal,2018-10-18,13:40:00,Daylight,840,88,Yes,Roundabout,Normal,2Vehicles-Side,Rond point ST-GILLES,M,43.997051189331934,5.998639321296867
201800030086,NonLethal,2018-12-07,10:10:00,Daylight,840,142,No,X-type,VeryGood,2Vehicles-Side,Intersection D31 / ancie,M,43.948143485864826,5.948720820317567
201800030087,NonLethal,2018-03-10,19:15:00,NightNoStreetLight,710,87,No,NoIntersection,Normal,2Vehicles-BehindVehicles-Frontal,RD 14,M,46.55406806072136,4.55212613380219
201800030088,NonLethal,2018-08-26,18:30:00,Daylight,710,498,No,NoIntersection,Normal,NoCollision,D981,M,46.61932341846721,4.619451532348278
201800030091,NonLethal,2018-06-03,16:25:00,Daylight,910,16,No,NoIntersection,Normal,NoCollision,RD838,M,48.324979864770064,1.3243267780845318
201800030093,NonLethal,2018-07-14,23:35:00,NightNoStreetLight,910,16,No,NoIntersection,HeavyRain,Other,RN 20 - PK 54+800,M,48.31066663288537,1.3095267332151486
201800030095,NonLethal,2018-01-15,16:15:00,Daylight,830,137,No,NoIntersection,Normal,Other,base navale de Toulon al,M,43.137920901485934,5.13481541726013
201800030096,NonLethal,2018-02-24,19:10:00,NightNoStreetLight,830,137,Yes,NoIntersection,LightRain,Other,base navale,M,43.13875184267847,5.137920162671748
201800030097,NonLethal,2018-08-28,15:50:00,Daylight,830,137,No,NoIntersection,Normal,2Vehicles-Side,Base navale,M,43.11518842006871,5.115341497262217
201800030098,NonLethal,2018-02-16,16:30:00,Daylight,740,217,No,NoIntersection,Overcast,3+Vehicles-Multiple,1755 route de Genève,M,45.95564843931908,6.955101101039547
201800030099,NonLethal,2018-04-13,22:30:00,NightNoStreetLight,740,93,Yes,NoIntersection,Normal,2Vehicles-BehindVehicles-Frontal,brettelle accès A41 N°16,M,45.89974582835021,6.898417134439418
201800030100,NonLethal,2018-08-22,05:45:00,NightNoStreetLight,740,67,No,NoIntersection,Normal,Other,A41,M,45.8722461780834,6.8714867964983
201800030102,NonLethal,2018-09-05,17:30:00,Daylight,740,268,Yes,Roundabout,Normal,NoCollision,Avenue Montaigne,M,45.886143365554425,6.888103864691629
201800030103,NonLethal,2018-10-10,08:00:00,Daylight,740,245,No,Roundabout,Normal,NoCollision,RD12O1,M,45.9912856741152,6.991893278206021
201800030104,NonLethal,2018-01-22,12:20:00,Daylight,610,497,No,NoIntersection,LightRain,2Vehicles-Side,SEES (ROUTE DE ),M,48.469135611773225,1.4691830049378742
201800030106,NonLethal,2018-03-14,12:30:00,Daylight,610,1,Yes,NoIntersection,Normal,Other,"l0, VICQUES (RUE DE)",M,48.4369387007016,1.4375273100847414
201800030108,NonLethal,2018-02-04,15:25:00,Daylight,610,1,Yes,NoIntersection,LightRain,NoCollision,KOUTIALA (AVENUE DE),M,48.42173115978019,8.422276331329419
201800030109,Lethal,2018-05-04,09:55:00,Daylight,610,497,Yes,NoIntersection,Normal,2Vehicles-BehindVehicles-Frontal,LONGS BAS (LIEUDIT LES ),M,48.47178968586847,1.4708068970903798
201800030110,NonLethal,2018-04-18,15:55:00,Daylight,610,1,Yes,X-type,Normal,2Vehicles-Side,LAZARE CARNOT (RUE),M,48.44865188056772,8.447950794127634
201800030111,NonLethal,2018-04-21,14:40:00,Daylight,610,1,Yes,Square,Normal,Other,VILLENEUVE (RUE DE),M,48.42677102632786,7.42617816256544
201800030112,NonLethal,2018-05-16,08:00:00,Daylight,610,1,Yes,Roundabout,VeryGood,2Vehicles-Side,RHIN ET DANUBE ( AVENUE),M,48.418111530521045,9.418361322545437
201800030114,Lethal,2018-06-12,16:30:00,Daylight,610,1,Yes,T-type,Normal,Other,MARCEL PALMIER (RUE),M,48.43291243463108,8.431632754079379
201800030115,NonLethal,2018-01-08,11:10:00,Daylight,610,1,Yes,NoIntersection,Normal,2Vehicles-Side,RHIN ET DANUBE ( AVENUE),M,48.42094159676524,9.418381602689916
201800030116,NonLethal,2018-08-25,18:30:00,Daylight,610,1,Yes,X-type,Normal,2Vehicles-Side,PIERRE ET MARIE CURIE (R,M,48.435403571457975,1.4360001568625376
201800030117,NonLethal,2018-08-30,08:35:00,Daylight,610,397,Yes,Roundabout,Normal,2Vehicles-Side,FRESNAY (ROUTE DE),M,48.42016536538407,7.421976943022886
201800030118,Lethal,2018-09-26,12:00:00,Daylight,610,1,Yes,Roundabout,Normal,2Vehicles-Side,REPUBLIQUE (BOULEVARD DE,M,48.4243243194507,8.42419268313043
201800030120,NonLethal,2018-10-23,16:50:00,Daylight,610,1,Yes,NoIntersection,Normal,2Vehicles-Behind,GENERAL LECLERC (AVENUE,M,48.4211085634705,8.421701842907481
201800030121,NonLethal,2018-10-27,14:55:00,Daylight,610,1,Yes,Roundabout,Normal,2Vehicles-Side,MEZERAY (BOULEVARD),M,48.440491382524336,8.438621172598815
201800030122,NonLethal,2018-12-14,19:15:00,NightNoStreetLight,610,111,No,NoIntersection,LightRain,NoCollision,RD 26,M,48.469494708571744,7.469867096864153
201800030123,NonLethal,2018-05-04,19:30:00,Daylight,610,6,Yes,Roundabout,Normal,2Vehicles-Side,PANTHOU (RUE ETIENNE),M,48.74114296299008,-0.7421204771628566
201800030124,NonLethal,2018-06-20,20:40:00,Daylight,610,6,Yes,Roundabout,Normal,2Vehicles-Side,FORET NORMANDE (AVENUE D,M,48.741476137432414,-0.7408667924505787
201800030125,NonLethal,2018-09-04,18:20:00,Daylight,610,6,Yes,NoIntersection,Normal,2Vehicles-Behind,2EME D.B. (AVENUE DE LA),M,48.7337146012279,-0.733919478059303
201800030126,NonLethal,2018-10-17,12:15:00,Daylight,610,6,Yes,NoIntersection,Normal,Other,JEANNE D'ARC (RUE),M,48.74722371236358,-0.7469613002343206
201800030127,NonLethal,2018-10-26,12:10:00,Daylight,610,6,Yes,NoIntersection,Normal,Other,AUVERGNE (RUE D'),M,48.752050707025376,-0.7522114634495052
201800030128,NonLethal,2018-10-10,12:45:00,Daylight,610,6,Yes,Roundabout,Normal,2Vehicles-Side,PETITS FOSSES (RUE DES),M,48.74857141294217,-0.749207962980625