AccidentId,Gravity,Date,Hour,Light,Department,Commune,InAgglomeration,IntersectionType,Weather,CollisionType,PostalAddress,GPSCode,Latitude,Longitude
201800030129,NonLethal,2018-10-30,15:50:00,Daylight,610,6,Yes,NoIntersection,VeryGood,Other,PETITS FOSSES (RUE DES),M,48.74934097751992,-0.74986946537677
201800030131,NonLethal,2018-01-17,11:10:00,Daylight,610,169,Yes,X-type,Normal,2Vehicles-Side,"1, MESSEI (RUE DE)",M,48.74907758999555,-0.7451204614724167
201800030132,NonLethal,2018-02-16,17:10:00,Daylight,610,169,Yes,Other,Normal,Other,"20, LOUIS TOUSSAINT (AVE",M,48.74190351609986,-0.74277721461783
201800030133,NonLethal,2018-05-03,18:55:00,Daylight,610,169,Yes,NoIntersection,Normal,2Vehicles-Side,GARE (RUE DE LA),M,48.74468538866646,5.74517906017276
201800030134,NonLethal,2018-11-21,18:15:00,NightNoStreetLight,610,391,No,NoIntersection,Normal,2Vehicles-Side,LA POTERIE (LIEU-DIT),M,48.77627954755176,-0.7780063095605041
201800030135,NonLethal,2018-12-04,16:55:00,Daylight,610,169,Yes,X-type,Normal,2Vehicles-Side,VERDUN (RUE DE),M,48.7485945023674,-0.7471354132576893
201800030136,NonLethal,2018-02-18,18:00:00,NightNoStreetLight,160,386,No,NoIntersection,Overcast,2Vehicles-BehindVehicles-Frontal,l Etoile,M,45.53794215174695,-0.5391917729033603
201800030137,NonLethal,2018-03-14,07:40:00,TwilightOrDawn,160,386,No,X-type,Normal,2Vehicles-Side,la Montée de la Roche,M,45.51914650851189,-0.5189308596657323
201800030138,NonLethal,2018-05-03,14:00:00,Daylight,160,150,No,Other,Normal,Other,Les Mullons,M,45.67723315400509,-0.6778617966125987
201800030139,Lethal,2018-05-05,08:00:00,Daylight,160,386,No,NoIntersection,Normal,2Vehicles-BehindVehicles-Frontal,,M,45.51971660385922,-0.5198648961611445
201800030140,NonLethal,2018-05-13,10:10:00,Daylight,160,202,No,X-type,Normal,2Vehicles-Side,La Voute,M,45.6554652092698,-0.654484832455911
201800030141,NonLethal,2018-06-22,16:45:00,Daylight,160,90,No,NoIntersection,Normal,Other,,M,45.61244415897841,-0.6130874046526764
201800030143,NonLethal,2018-07-21,12:20:00,Daylight,160,366,No,NoIntersection,Normal,Other,,M,45.63671532129828,-0.6349736395746619
201800030144,NonLethal,2018-08-01,04:00:00,NightNoStreetLight,160,247,No,NoIntersection,Normal,Other,Lieu-dit Puycaillon,M,45.54519174429421,-0.543468711106654
201800030145,NonLethal,2018-01-19,23:45:00,NightNoStreetLight,160,409,Yes,NoIntersection,LightRain,NoCollision,,M,46.00940206650723,7.00971302435464
201800030146,Lethal,2018-02-17,22:00:00,NightNoStreetLight,160,144,No,NoIntersection,Normal,Other,,M,45.90538321652678,6.905861291692657
201800030147,NonLethal,2018-09-17,13:40:00,Daylight,160,253,No,NoIntersection,Normal,Other,,M,46.03747329013544,4.038599511844281
201800030148,NonLethal,2018-10-27,10:40:00,Daylight,160,110,Yes,NoIntersection,Normal,Other,Ld le Petit Village,M,45.99307302908728,1.9913924693349223
201800030150,NonLethal,2018-11-30,22:30:00,NightStreelightsOn,160,39,Yes,NoIntersection,Normal,Other,route de Monjean,M,46.04495447822527,1.0449634317512266
201800030152,NonLethal,2018-12-08,07:00:00,TwilightOrDawn,20,355,No,NoIntersection,Normal,Other,Autoroute A26 - PK 162.2,M,49.89093801867699,3.890680245387472
201800030153,Lethal,2018-12-01,07:40:00,NightNoStreetLight,170,10,No,Other,Normal,Other,RD 137,M,46.10050538481949,-0.0983236064642866
201800030156,NonLethal,2018-03-18,15:00:00,Daylight,170,194,Yes,NoIntersection,Normal,2Vehicles-BehindVehicles-Frontal,grand rue de grolleau ha,M,46.11601989269988,-0.1154469462520921
201800030158,NonLethal,2018-05-06,16:20:00,Daylight,170,193,No,T-type,Normal,2Vehicles-Behind,D 111,M,46.11895315343543,-0.1206780942116736
201800030159,Lethal,2018-06-18,07:35:00,Daylight,170,193,No,NoIntersection,Overcast,2Vehicles-Side,route Nationale RD 939,M,46.123331467999776,-0.1235190003967843
201800030160,NonLethal,2018-08-03,23:45:00,NightNoStreetLight,170,420,No,NoIntersection,Normal,Other,D 109,M,46.09028132049535,-0.0896588298598677
201800030162,NonLethal,2018-08-18,10:00:00,Daylight,170,413,Yes,NoIntersection,VeryGood,2Vehicles-Side,RD 113 - Lieu dit les Bo,M,46.08183943266792,-0.0831893289203022
201800030163,NonLethal,2018-10-03,10:30:00,Daylight,170,193,Yes,NoIntersection,Normal,2Vehicles-Behind,RUE NATIONALE - rd 939,M,46.126951089277554,-0.1268152599369398
201800030164,NonLethal,2018-04-11,15:30:00,Daylight,170,10,No,NoIntersection,Normal,2Vehicles-BehindVehicles-Frontal,RD137,M,46.1098936254076,-0.1111198888259421
201800030165,NonLethal,2018-06-01,12:00:00,Daylight,600,157,Yes,T-type,Normal,2Vehicles-Behind,Rue de Paris,M,49.37541390201015,2.3749195137081784
201800030166,NonLethal,2018-01-13,18:24:00,NightNoStreetLight,600,568,No,NoIntersection,Overcast,NoCollision,RD 37,M,49.41361067087032,2.413571465857836
201800030167,NonLethal,2018-01-23,15:35:00,Daylight,600,7,No,NoIntersection,Overcast,2Vehicles-Behind,Route nationale 31,M,49.39603489540985,2.397323316423839
201800030168,Lethal,2018-01-28,16:30:00,Daylight,600,115,No,NoIntersection,Normal,Other,rue du houssoie,M,49.45820948267378,2.457853684807888
201800030169,NonLethal,2018-03-07,11:50:00,Daylight,600,106,No,Other,LightRain,NoCollision,Échangeur RN31 RN1016,M,49.38110909179236,2.3812632261874707
201800030170,Lethal,2018-08-04,22:30:00,NightNoStreetLight,600,7,No,NoIntersection,Normal,Other,Route Nationale 31,M,49.39693102425359,2.396428611649681
201800030172,NonLethal,2018-06-22,17:25:00,Daylight,600,157,Yes,X-type,Normal,2Vehicles-Side,Rue de  paris,M,49.37220941119274,2.370865953155391
201800030174,NonLethal,2018-10-08,09:40:00,Daylight,600,234,Yes,Square,Normal,Other,place de la république,M,49.39077901426635,2.391261075418757
201800030175,NonLethal,2018-08-25,01:55:00,NightNoStreetLight,600,451,No,NoIntersection,HeavyRain,NoCollision,RD110 grande rue,M,49.35494045211849,2.3548057466514685
201800030177,NonLethal,2018-08-12,17:15:00,NightNoStreetLight,600,568,No,NoIntersection,LightRain,NoCollision,Route départementale 37,M,49.42982531013589,2.429119579217779
201800030178,NonLethal,2018-09-01,10:30:00,Daylight,620,41,Yes,Other,Normal,3+Vehicles-Multiple,"76, LOBBEDEZ ( AVENUE FE",M,50.28198190691347,2.281982060394524
201800030179,NonLethal,2018-02-16,07:00:00,TwilightOrDawn,620,99,Yes,NoIntersection,Normal,2Vehicles-Behind,RD 260,M,50.26574306645084,2.263301741854614
201800030180,NonLethal,2018-02-15,07:30:00,NightStreelightsOn,620,41,Yes,NoIntersection,Normal,Other,"18, LIBERTE ( BOULEVARD",M,50.2964771319547,2.2974030364820264
201800030181,NonLethal,2018-03-16,22:25:00,NightStreelightsOn,620,37,Yes,NoIntersection,Normal,2Vehicles-Side,"26, BLONDEL ( LOUIS )",M,50.30734432367352,2.3080219593122724
201800030183,NonLethal,2018-03-21,08:45:00,Daylight,620,41,Yes,X-type,Normal,Other,STRASBOURG ( BOULEVARD D,M,50.28619120916053,2.287624512553508
201800030184,NonLethal,2018-03-24,21:40:00,NightStreelightsOn,620,41,Yes,T-type,Normal,Other,RENOIR,M,50.29959586787104,2.2987653421987644
201800030187,NonLethal,2018-04-21,11:00:00,Daylight,620,41,Yes,X-type,Normal,2Vehicles-Side,CRESPEL ( BOULEVARD ),M,50.28990030358564,2.2890829260327417
201800030188,NonLethal,2018-05-26,04:05:00,NightNoStreetLight,620,764,Yes,Square,Other,Other,JAURES ( PLACE JEAN ),M,50.30425580453793,2.3013607258861994
201800030189,NonLethal,2018-06-21,21:45:00,NightStreelightsOff,620,764,Yes,NoIntersection,Normal,2Vehicles-Behind,FORGE AU FER ( DE LA ),M,50.30163951491917,2.2994080092606133
201800030190,NonLethal,2018-06-21,17:15:00,Daylight,620,764,No,Other,Normal,Other,RD 950,M,50.30522990596081,2.3059456432374086
201800030191,NonLethal,2018-01-07,13:45:00,Daylight,620,753,Yes,Other,Normal,Other,GERS ( LAURENT ),M,50.299559558577215,2.2988699011125
201800030193,NonLethal,2018-07-20,21:55:00,NightStreelightsOn,620,41,Yes,NoIntersection,Overcast,Other,FUSILLES ( AVENUE DES ),M,50.28576227550391,2.285867688533884
201800030194,NonLethal,2018-07-31,10:40:00,Daylight,620,41,Yes,Roundabout,Normal,Other,TCHECOSLOVAQUIE ( ROND P,M,50.29775144704604,2.297587881935032
201800030195,NonLethal,2018-09-16,21:55:00,NightStreelightsOn,620,41,Yes,NoIntersection,Normal,2Vehicles-BehindVehicles-Frontal,LECLERC ( AV DU MARE D91,M,50.2858973852603,2.286252646646106
201800030196,NonLethal,2018-05-10,08:20:00,Daylight,620,41,Yes,NoIntersection,Normal,Other,LIBERTE ( BOULEVARD DE L,M,50.296923800962624,2.29765480633244
201800030197,NonLethal,2018-10-17,12:25:00,Daylight,620,263,Yes,NoIntersection,Normal,Other,MERMOZ ( AVENUE JEAN ),M,50.281424980127234,2.2797083910215274
201800030198,Lethal,2018-11-05,19:35:00,NightNoStreetLight,620,37,No,NoIntersection,Normal,Other,RN 25,M,50.32193656859391,2.320689425081272
201800030199,NonLethal,2018-11-14,13:45:00,Daylight,620,263,Yes,NoIntersection,Normal,2Vehicles-Behind,EN BAS ( D' ),M,50.27961131416169,2.2760438030049976
201800030200,NonLethal,2018-12-19,17:35:00,TwilightOrDawn,620,41,Yes,X-type,Normal,2Vehicles-BehindVehicles-Frontal,DE LATTRE DE TASSIGNY (,M,50.28801630521718,2.2898229345117262
201800030201,NonLethal,2018-12-17,08:50:00,TwilightOrDawn,620,4,Yes,T-type,Normal,Other,AGNY ( D' ),M,50.27077010417075,2.270186841315025
201800030202,NonLethal,2018-02-02,23:45:00,NightNoStreetLight,620,516,No,NoIntersection,LightRain,2Vehicles-Side,CD 943,M,50.5659118053192,2.5661614082657827
201800030205,NonLethal,2018-06-14,08:15:00,Daylight,620,48,Yes,NoIntersection,Normal,2Vehicles-Behind,LAMENDIN (ARTHUR),M,50.51906758781547,2.5182997029471044
201800030206,NonLethal,2018-06-28,13:35:00,Daylight,620,48,Yes,NoIntersection,Normal,Other,SORRIAUX (URIANE),M,50.502338327602864,2.503692925439123
201800030207,NonLethal,2018-09-22,17:50:00,Daylight,620,328,Yes,X-type,HeavyRain,2Vehicles-Side,HURIONVILLE (D')D91E1,M,50.53367289310162,2.5334235213712497
201800030208,NonLethal,2018-11-16,12:45:00,Daylight,620,48,Yes,T-type,Normal,2Vehicles-Side,SALENGRO (ROGER) APRES L,M,50.50290204444386,2.499575574793045
201800030209,NonLethal,2018-11-17,18:00:00,NightStreelightsOn,620,516,Yes,NoIntersection,Normal,2Vehicles-Side,CD 943,M,50.56773553480574,2.5688301747430726
201800030210,NonLethal,2018-11-12,19:50:00,NightStreelightsOn,620,516,Yes,NoIntersection,Normal,3+Vehicles-Chain,C.D 916,M,50.56549014108362,2.565811416871307
201800030212,NonLethal,2018-04-28,06:30:00,NightStreelightsOn,620,108,Yes,NoIntersection,Overcast,Other,IMPERATRICE,M,50.24195108675213,1.2415747013534877
201800030213,NonLethal,2018-05-15,17:38:00,Daylight,620,108,Yes,NoIntersection,Normal,Other,Rue de la PLAGE,M,50.407575457928445,1.4086306049801838
201800030215,NonLethal,2018-06-15,17:30:00,Daylight,620,108,Yes,NoIntersection,Normal,2Vehicles-Side,CD940,M,50.402912897947154,1.4005973737823667
201800030216,NonLethal,2018-07-15,00:25:00,NightStreelightsOn,620,108,Yes,X-type,Normal,2Vehicles-Side,CELIBAT,M,50.40754986366418,1.4088488899667255
201800030217,NonLethal,2018-07-21,19:50:00,Daylight,620,108,Yes,NoIntersection,Normal,Other,DOCTEUR QUETTIER,M,50.40880678561636,1.410097531948601
201800030218,NonLethal,2018-04-08,23:20:00,NightStreelightsOn,620,108,Yes,X-type,Normal,2Vehicles-Side,IMPERATRICE,M,50.40495311144808,1.4030380226642671
201800030220,NonLethal,2018-04-09,18:20:00,Daylight,620,108,Yes,NoIntersection,Normal,Other,BOULOGNE,M,50.41698943325262,1.414101985669904
201800030221,Lethal,2018-03-07,08:00:00,Daylight,620,108,Yes,NoIntersection,Normal,Other,123 Bd de Boulogne,M,50.41596566378848,1.41250299888745
201800030222,NonLethal,2018-02-13,14:20:00,Daylight,620,119,Yes,X-type,Normal,Other,"95, GAMBETTA ( RUE )",M,50.53161187580537,2.532874389303017
201800030223,NonLethal,2018-01-30,17:30:00,TwilightOrDawn,620,276,Yes,NoIntersection,Normal,2Vehicles-Side,"6, HUIT MAI 1945 ( RUE D",M,50.50816583499572,2.5085936421504647
201800030224,NonLethal,2018-01-24,17:15:00,TwilightOrDawn,620,119,Yes,Roundabout,Normal,Other,JUIN ( RUE DU MARECHAL ),M,50.52650564303004,2.526470220933106
201800030225,NonLethal,2018-01-29,17:15:00,NightNoStreetLight,620,846,No,NoIntersection,Normal,2Vehicles-Behind,"70 bis, GUESDE JULES ( R",M,50.48895079737161,2.489760915227826
201800030226,NonLethal,2018-02-15,17:10:00,Daylight,620,119,Yes,Roundabout,Normal,2Vehicles-Side,VAUDRICOURT ( RUE DE ),M,50.51610770981633,2.515222595843729
201800030228,NonLethal,2018-10-05,00:10:00,NightStreelightsOn,620,119,Yes,NoIntersection,Normal,3+Vehicles-Multiple,AIRE PROLONGEE ( RUE D',M,50.53896539499917,2.538340985901204
201800030229,NonLethal,2018-05-25,10:50:00,Daylight,620,119,Yes,Y-type,Normal,2Vehicles-Side,SAINT PRY ( RUE DU FAUBO,M,50.52209732105384,2.522272258308488
201800030230,NonLethal,2018-05-25,17:30:00,Daylight,620,119,Yes,Roundabout,Normal,Other,SAINT ELOI ( PLACE ),M,50.52690698383314,2.5297071229941186
201800030231,NonLethal,2018-06-07,20:10:00,Daylight,620,119,Yes,NoIntersection,Normal,2Vehicles-Side,SAINT POL ( RUE DE ),M,50.5185395755777,2.517366436851047
201800030232,NonLethal,2018-09-06,13:55:00,Daylight,620,119,Yes,X-type,Normal,2Vehicles-Side,ORLEANS ( RUE D' ),M,50.5158936208834,2.51440184053844
201800030233,NonLethal,2018-07-06,13:05:00,Daylight,620,119,Yes,Roundabout,Normal,Other,BRUAY ( AVENUE DE ),M,50.524854895255565,2.524444747759504
201800030235,NonLethal,2018-07-12,12:50:00,Daylight,620,119,Yes,Roundabout,Normal,2Vehicles-Side,SAINT PRY ( ROND POINT ),M,50.52678222350891,2.5273749493296207
201800030238,NonLethal,2018-07-20,15:30:00,Daylight,620,126,No,Roundabout,HeavyRain,2Vehicles-Side,CD 941,M,50.51454597049967,2.5126045737049907
201800030239,NonLethal,2018-08-04,12:20:00,Daylight,620,863,Yes,NoIntersection,VeryGood,2Vehicles-Side,RETUY ( RUE DU ),M,50.54389241209471,2.5432183440805725
201800030240,NonLethal,2018-06-08,19:20:00,Daylight,620,846,No,NoIntersection,VeryGood,NoCollision,D39,M,50.4855486918412,2.4855988569580707
201800030242,NonLethal,2018-09-04,11:00:00,Daylight,620,119,Yes,NoIntersection,Normal,Other,BRUAY ( AVENUE DE ),M,50.523589671114834,2.5234125451435867
201800030243,NonLethal,2018-08-09,01:00:00,NightNoStreetLight,620,349,Yes,NoIntersection,Normal,2Vehicles-Side,GRARD ( RUE ),M,50.52346755117107,2.5215541733659705
201800030244,NonLethal,2018-09-20,08:50:00,Daylight,620,34,Yes,X-type,Normal,Other,CD 941,M,50.51130062597258,2.5107909192616127
201800030246,NonLethal,2018-09-26,16:25:00,Daylight,620,51,Yes,NoIntersection,VeryGood,Other,ROUTE NATIONALE 41,M,50.51976870783,2.518959624788932
201800030247,NonLethal,2018-09-29,22:25:00,NightNoStreetLight,620,132,No,NoIntersection,Normal,Other,HALAGE ( CHEMIN DU ),M,50.52691321072009,2.527560081512991
201800030248,NonLethal,2018-02-10,23:20:00,NightStreelightsOn,620,119,Yes,NoIntersection,Normal,Other,VOLTAIRE ( BOULEVARD ),M,50.52337216296291,2.5247676246696567
201800030249,NonLethal,2018-09-25,11:00:00,Daylight,620,119,Yes,Other,Normal,Other,TRAIN DE LOOS (rue),M,50.52251702581493,2.5228154483887315
201800030250,NonLethal,2018-10-23,16:10:00,Daylight,620,119,Yes,NoIntersection,Normal,Other,JOFFRE ( PLACE ),M,50.53370045100812,2.5336879927360583
201800030252,NonLethal,2018-12-18,16:15:00,Daylight,620,126,No,Roundabout,Overcast,2Vehicles-Side,CD 941,M,50.51388863239782,2.511297481359976
201800030253,NonLethal,2018-01-30,19:15:00,NightStreelightsOn,620,160,Yes,NoIntersection,Overcast,Other,MONTESQUIEU (Bld),M,50.425249395704334,1.4241028290880131
201800030254,NonLethal,2018-02-23,17:50:00,Daylight,620,755,Yes,NoIntersection,Normal,2Vehicles-Side,PONT PITENDAL ( Lieudit),M,50.70386562634936,1.704255419027663
201800030255,NonLethal,2018-03-05,12:42:00,Daylight,620,160,Yes,NoIntersection,Normal,Other,"12, MALO (Rue Henri )",M,50.7149009860509,1.7141440234104537
201800030256,NonLethal,2018-03-08,10:00:00,Daylight,620,160,Yes,NoIntersection,HeavyRain,2Vehicles-Behind,EURVIN (Bld),M,50.72626879682637,1.724548889889711
201800030258,NonLethal,2018-04-22,02:50:00,NightStreelightsOn,620,893,Yes,X-type,Normal,2Vehicles-Side,GIARD ( Quai Alfred ),M,50.77110577374273,1.7704966927350203
201800030259,NonLethal,2018-09-05,11:05:00,Daylight,620,160,Yes,Roundabout,Normal,Other,DE GAULLE (Ave Charles),M,50.727948401583966,1.7282870123734284
201800030260,Lethal,2018-05-25,15:50:00,Daylight,620,160,Yes,Y-type,Normal,Other,MARGUET (Pont),M,50.72134645189991,1.7234190185378444
201800030261,NonLethal,2018-05-26,10:30:00,Daylight,620,755,Yes,NoIntersection,Normal,2Vehicles-Behind,PETIT CAPORAL ( Lieudit),M,50.699762351428085,1.6987716133757809
201800030262,NonLethal,2018-04-30,21:00:00,Daylight,620,758,Yes,Other,Normal,Other,DENACRE ( Rue du ),M,50.73705349267685,1.737005505273857
201800030265,NonLethal,2018-10-06,04:55:00,NightStreelightsOn,620,667,Yes,NoIntersection,Normal,NoCollision,SARRAZ BOURNET (Bd),M,50.716994721125694,1.7174664064004976
201800030266,NonLethal,2018-10-18,09:30:00,Daylight,620,758,Yes,NoIntersection,Overcast,2Vehicles-Behind,SAINT OMER ( Route de ),M,50.72688946541238,1.725502757184761
201800030267,NonLethal,2018-10-18,06:45:00,NightStreelightsOn,620,758,Yes,X-type,LightRain,2Vehicles-BehindVehicles-Frontal,DESVRES ( Rue de ),M,50.7244637165489,1.723331847148179
201800030268,NonLethal,2018-10-20,15:30:00,Daylight,620,667,Yes,NoIntersection,Normal,Other,CARNOT ( Rue ),M,50.71345256773947,1.7128225199499931
201800030269,NonLethal,2018-11-04,06:40:00,NightStreelightsOn,620,893,Yes,Roundabout,Normal,Other,CARNOT ( Rue ),M,50.76100259976069,1.760860749436045
201800030270,NonLethal,2018-11-14,10:10:00,Daylight,620,893,Yes,NoIntersection,Other,Other,SURCOUF ( Rue ),M,50.77606921250384,1.7757870249225438
201800030271,NonLethal,2018-10-12,17:35:00,NightStreelightsOn,620,667,Yes,NoIntersection,Normal,Other,LIBERTE ( Bld de la ),M,50.7079903611258,1.7072933933162684
201800030272,NonLethal,2018-12-14,18:00:00,TwilightOrDawn,620,160,Yes,NoIntersection,Normal,Other,BERTINGHEN (Rue de),M,50.71477863733945,1.713977994206029
201800030273,NonLethal,2018-01-19,18:40:00,NightStreelightsOn,620,178,Yes,NoIntersection,Normal,Other,"79, SALENGRO ( ROGER )",M,50.4739918735706,2.473467228905003
201800030274,NonLethal,2018-01-25,12:00:00,Daylight,620,178,Yes,NoIntersection,Normal,2Vehicles-Behind,AIRE ( D'),M,50.49479333810872,2.4945793149308337
201800030276,NonLethal,2018-11-04,21:00:00,NightStreelightsOn,620,178,Yes,X-type,Normal,2Vehicles-Side,CADOT ( HENRI ),M,50.48196278518342,2.48141025263293
201800030277,NonLethal,2018-04-17,14:40:00,Daylight,620,457,Yes,Y-type,Normal,Other,MANGIN (RUE DU GENERAL),M,50.46196491211579,2.4611254325770764
201800030278,NonLethal,2018-05-20,20:35:00,Daylight,620,270,Yes,NoIntersection,Normal,NoCollision,CAPELLE (RUE),M,50.46790852124566,2.468212947028121
201800030279,NonLethal,2018-06-13,14:00:00,Daylight,620,178,Yes,NoIntersection,Normal,2Vehicles-Side,LIBERATION ( AVENUE ),M,50.49753025313205,2.4979617280626862
201800030280,NonLethal,2018-06-14,22:40:00,NightNoStreetLight,620,178,Yes,NoIntersection,Normal,Other,PHILIPPEVILLE,M,50.49350156495099,2.492628694485559
201800030282,NonLethal,2018-12-21,08:05:00,NightStreelightsOn,620,178,Yes,NoIntersection,HeavyRain,Other,LIBERATION ( AVENUE ),M,50.490683993050496,2.4904317485809653
201800030283,NonLethal,2018-12-16,22:30:00,NightStreelightsOff,620,457,No,Other,LightRain,Other,BRUAY (ROUTE DE),M,50.458293246869445,2.458984717895841
201800030284,NonLethal,2018-12-23,02:45:00,NightNoStreetLight,620,445,No,Other,Overcast,Other,D86,M,50.49106128442179,2.4904222554738213
201800030286,NonLethal,2018-08-01,09:50:00,Daylight,620,193,Yes,X-type,Overcast,2Vehicles-Side,ARMES (PLACE D'),M,50.96055665034856,1.9587808370493325
201800030287,NonLethal,2018-01-20,18:30:00,NightStreelightsOn,620,193,Yes,NoIntersection,LightRain,Other,"82, SAINT EXUPERY (AVENU",M,50.94574241088145,1.945993527313468
201800030288,NonLethal,2018-01-30,09:00:00,Daylight,620,193,Yes,NoIntersection,Normal,Other,"148, ST EXUPERY (AVENUE)",M,50.947012661085125,1.9469793341264867
201800030291,NonLethal,2018-01-26,18:50:00,NightNoStreetLight,620,193,Yes,NoIntersection,Normal,Other,JACQUARD (BOULEVARD),M,50.95479735636079,1.9553331090660848
201800030292,NonLethal,2018-01-03,19:30:00,TwilightOrDawn,620,193,Yes,X-type,Normal,2Vehicles-BehindVehicles-Frontal,"73, LOUIS BLERIOT (AVENU",M,50.949941388867394,1.951438646718341
201800030294,Lethal,2018-03-23,16:30:00,Daylight,620,193,No,NoIntersection,Normal,NoCollision,A216,M,,
201800030295,Lethal,2018-04-03,16:00:00,Daylight,620,244,Yes,LevelCrossing,Overcast,2Vehicles-Side,CALVAIRE (RUE DU),M,50.918956450614616,1.9179305904617416
201800030296,NonLethal,2018-07-04,17:34:00,Daylight,620,239,Yes,NoIntersection,Normal,Other,PARC (BOULEVARD DU),M,50.92965895043667,1.9305713152263184
201800030297,NonLethal,2018-04-14,21:30:00,NightStreelightsOn,620,193,Yes,Other,LightRain,Other,LOUIS BLERIOT (AVENUE),M,50.949743422375256,1.94995160337001
201800030298,NonLethal,2018-04-28,00:25:00,NightStreelightsOn,620,244,Yes,NoIntersection,LightRain,Other,CLIPET (RUE LOUIS),M,50.922948768952295,1.9226449102438985
201800030300,NonLethal,2018-05-28,12:20:00,Daylight,620,548,Yes,NoIntersection,Normal,3+Vehicles-Multiple,avenue de Calais,M,50.94596766446852,1.947218428318834
201800030301,NonLethal,2018-05-30,09:05:00,Daylight,620,193,Yes,NoIntersection,Normal,Other,JACQUARD (BOULEVARD),M,50.9500975737671,1.9507123098849408
201800030304,NonLethal,2018-06-13,15:50:00,Daylight,620,193,Yes,T-type,Normal,NoCollision,FAGUER (RUE J.),M,50.942533227962265,1.9423847106963128
201800030305,NonLethal,2018-06-23,12:10:00,Daylight,620,193,Yes,NoIntersection,Normal,2Vehicles-Behind,ROYALE,M,50.95884694629972,1.959385425169183
201800030306,NonLethal,2018-07-30,11:00:00,Daylight,620,193,Yes,Other,Normal,2Vehicles-BehindVehicles-Frontal,TOUMANIANTZ (AVENUE),M,50.95470941519779,1.953264542558393
201800030307,Lethal,2018-07-28,09:15:00,Daylight,620,548,No,NoIntersection,Overcast,NoCollision,rue du COLOMBIER,M,50.92761804054721,1.927124569790299
201800030308,NonLethal,2018-11-08,02:55:00,NightStreelightsOn,620,193,Yes,Other,Overcast,2Vehicles-Behind,MOLLIEN,M,50.95587842371551,1.957455300015746
201800030309,NonLethal,2018-11-08,19:15:00,Daylight,620,193,Yes,MoreThan4Branches,Normal,2Vehicles-Side,SAINT EXUPERY (AVENUE. 2,M,50.946203075660186,1.9451631381289216
201800030310,NonLethal,2018-08-16,09:50:00,Daylight,620,193,Yes,T-type,Normal,2Vehicles-Side,VICTOR HUGO (BOULEVARD),M,50.942390893209286,1.9438977303496543
201800030311,NonLethal,2018-08-30,16:45:00,Daylight,620,193,Yes,NoIntersection,Normal,2Vehicles-Side,SAINT OMER (ROUTE DE),M,50.93028676648552,1.931711859445473
201800030312,NonLethal,2018-09-05,09:50:00,Daylight,620,244,Yes,NoIntersection,LightRain,2Vehicles-BehindVehicles-Frontal,HALAGE (CHEMIN DE),M,50.92369720000728,1.9241925317075577
201800030313,NonLethal,2018-09-09,11:00:00,Daylight,620,193,Yes,NoIntersection,Normal,Other,Bd Jacquard Pont Georges,M,50.953857367018855,1.9547797327918297
201800030314,NonLethal,2018-09-21,17:00:00,Daylight,620,193,Yes,Other,Normal,3+Vehicles-Multiple,CURIE (BOULEVARD),M,50.93895666998228,1.939068577013972
201800030315,NonLethal,2018-09-25,12:30:00,Daylight,620,548,Yes,T-type,Normal,Other,PASTEUR (rue),M,50.94266675834188,1.9439921610423367
201800030316,NonLethal,2018-09-26,16:40:00,Daylight,620,193,Yes,NoIntersection,Normal,Other,CURIE (BOULEVARD),M,50.93902690520317,1.938780923992416
201800030317,NonLethal,2018-09-30,13:25:00,Daylight,620,193,Yes,T-type,Normal,2Vehicles-Side,TOUL (RUE DE),M,50.941384956173074,1.9418355982860795
201800030320,NonLethal,2018-10-07,13:20:00,Daylight,620,193,Yes,X-type,Normal,2Vehicles-Side,MASSENA,M,50.94350507169174,1.9433770948048847
201800030321,NonLethal,2018-10-15,21:40:00,NightNoStreetLight,620,244,Yes,X-type,Normal,2Vehicles-Behind,SAINT OMER (ROUTE DE),M,50.92203539092037,1.9228136405316052
201800030322,NonLethal,2018-10-17,16:55:00,Daylight,620,193,Yes,X-type,Normal,2Vehicles-Side,VICTOIRE (RUE DE LA),M,50.96016504814445,1.9591432400067343
201800030323,NonLethal,2018-10-15,11:45:00,Daylight,620,193,Yes,T-type,VeryGood,Other,LATHAM (RUE H.),M,50.94836063317661,1.947603454943852
201800030325,Lethal,2018-10-27,03:50:00,NightStreelightsOn,620,193,Yes,NoIntersection,Normal,Other,GAMBETTA (BOULEVARD),M,50.94934789579151,1.9469927975548944
201800030326,NonLethal,2018-10-29,15:00:00,Daylight,620,193,Yes,T-type,Normal,2Vehicles-Side,ROGER SALENGRO (AVENUE),M,50.94533981713865,1.9468439006721243
201800030328,NonLethal,2018-10-11,15:45:00,Daylight,620,193,Yes,X-type,Normal,2Vehicles-Side,VAUXHALL (RUE DU),M,50.9488238387002,1.9483328728670413
201800030329,NonLethal,2018-11-13,16:20:00,Daylight,620,193,Yes,X-type,Normal,Other,JEAN DE VIENNE,M,50.95693456502141,1.9578961979574077
201800030330,NonLethal,2018-11-19,16:05:00,Daylight,620,193,Yes,NoIntersection,HeavyRain,Other,CHEVREUL,M,50.93558620677339,1.937545052505098
201800030331,NonLethal,2018-11-12,07:15:00,TwilightOrDawn,620,193,Yes,Other,Normal,2Vehicles-Side,BERT (RUE P.),M,50.95421137147986,1.9542670600380532