AccidentId,Gravity,Date,Hour,Light,Department,Commune,InAgglomeration,IntersectionType,Weather,CollisionType,PostalAddress,GPSCode,Latitude,Longitude
201800030332,NonLethal,2018-12-16,18:20:00,NightNoStreetLight,620,548,No,NoIntersection,Normal,2Vehicles-BehindVehicles-Frontal,rue du COLOMBIER,M,50.92232671517468,1.9233372265190096
201800030333,NonLethal,2018-12-17,18:15:00,NightStreelightsOn,620,193,Yes,Square,Normal,Other,DASSAULT (RUE M.),M,50.95370165688745,1.9524078205723168
201800030334,NonLethal,2018-12-20,08:20:00,TwilightOrDawn,620,244,Yes,Other,HeavyRain,Other,CLIPET (RUE LOUIS),M,50.923727663132574,1.9239166618939256
201800030335,NonLethal,2018-12-31,15:20:00,Daylight,620,193,Yes,NoIntersection,Normal,Other,LHEUREUX (RUE L.),M,50.93619185907912,1.9352706032032725
201800030336,Lethal,2018-01-12,18:26:00,NightStreelightsOff,620,563,Yes,NoIntersection,Normal,Other,NATIONALE  D943 N°101,M,50.46897554777644,2.466313545149912
201800030337,NonLethal,2018-10-13,20:30:00,NightStreelightsOn,620,563,No,T-type,Normal,NoCollision,D165E1,M,50.46435556600454,2.46382028098848
201800030338,NonLethal,2018-10-10,18:30:00,Daylight,620,186,Yes,X-type,Normal,3+Vehicles-Multiple,DEBEAUMONT ( RUE EDMOND),M,50.44087929730023,2.4404368489754296
201800030340,Lethal,2018-12-17,09:15:00,Daylight,620,427,Yes,NoIntersection,Normal,Other,FONTAINE (BD CHARLES),M,50.39076572767271,2.390170137647748
201800030341,NonLethal,2018-12-22,05:55:00,NightStreelightsOn,620,186,Yes,NoIntersection,Normal,Other,BEUGNET (R CASIMIR ),M,50.446404572729854,2.44937627918225
201800030342,NonLethal,2018-07-12,18:40:00,Daylight,620,570,Yes,X-type,Normal,2Vehicles-Side,ASQUIN,M,50.40848380106569,2.408207460850115
201800030344,NonLethal,2018-12-11,21:25:00,NightNoStreetLight,620,724,No,NoIntersection,Normal,2Vehicles-Behind,RD 40e,M,50.39642350135328,2.395842273382565
201800030345,NonLethal,2018-06-11,14:35:00,Daylight,620,498,Yes,NoIntersection,Normal,NoCollision,BASSEE (RTE DE LA),M,50.44009445346509,2.440000819491982
201800030346,NonLethal,2018-11-29,18:00:00,NightNoStreetLight,620,215,Yes,NoIntersection,Overcast,2Vehicles-Side,LENS (RTE DE),M,50.47308310680992,2.4736984639299364
201800030347,Lethal,2018-01-19,20:25:00,NightNoStreetLight,620,563,Yes,NoIntersection,Normal,Other,SOLDATS (CHE DES),M,50.47322047556203,2.474978149298848
201800030348,NonLethal,2018-10-15,07:40:00,TwilightOrDawn,620,907,Yes,NoIntersection,Normal,Other,SCHUMANN (BD ),M,50.47996618207285,3.478905191970394
201800030350,NonLethal,2018-01-17,17:50:00,TwilightOrDawn,620,523,Yes,NoIntersection,Normal,2Vehicles-Side,"70, LENS (R DE)",M,50.43441222535567,2.4339633057044665
201800030351,NonLethal,2018-05-17,16:50:00,Daylight,620,250,Yes,NoIntersection,Normal,Other,BRIQUET (R RAOUL ),M,50.44527599242846,2.444065405147334
201800030352,NonLethal,2018-11-21,10:10:00,Daylight,620,895,Yes,NoIntersection,Normal,Other,EVRARD (R FLORENT),M,50.49786077052279,2.4973064385398693
201800030356,Lethal,2018-02-15,07:25:00,NightNoStreetLight,620,133,Yes,NoIntersection,LightRain,Other,"sans, OUSSEKINE (R MALIK",M,50.42366260461563,2.4220667195196617
201800030357,NonLethal,2018-11-28,17:25:00,NightStreelightsOn,620,498,Yes,T-type,LightRain,2Vehicles-Side,LILLE (RTE DE)  RN 17,M,50.43951732075031,2.439396354378876
201800030358,NonLethal,2018-06-14,21:25:00,TwilightOrDawn,620,427,Yes,T-type,Normal,2Vehicles-Side,ROBIAUD (R PHILIBERT),M,50.41790856111569,2.417763018370485
201800030359,NonLethal,2018-10-30,21:15:00,TwilightOrDawn,620,563,Yes,NoIntersection,Normal,Other,DUTOUQUET (R ),M,50.46320095471413,2.464012830851845
201800030360,NonLethal,2018-01-27,18:15:00,TwilightOrDawn,620,510,Yes,X-type,Normal,2Vehicles-Side,"SANS, ZOLA (R EMILE)",M,50.42915242311845,2.430352248553654
201800030361,Lethal,2018-02-16,10:00:00,Daylight,620,724,No,NoIntersection,Normal,2Vehicles-Side,"SANS, RD 40",M,50.39904421941406,2.396619681450608
201800030362,NonLethal,2018-12-19,07:45:00,NightNoStreetLight,620,386,Yes,NoIntersection,LightRain,Other,LAMENDIN (R ARTHUR),M,50.44836360898295,2.4496532195564646
201800030363,NonLethal,2018-01-16,15:00:00,Daylight,620,510,No,X-type,Normal,2Vehicles-Side,"sans, CD 58",M,50.43728443434093,2.4353829561051974
201800030364,NonLethal,2018-01-18,15:50:00,Daylight,620,842,Yes,NoIntersection,Normal,2Vehicles-Side,"SANS, PREMIER MAI (R DU)",M,50.46653522515278,2.4676708112678383
201800030365,NonLethal,2018-02-10,16:30:00,Daylight,620,624,Yes,X-type,Normal,2Vehicles-Side,"l97, REPUBLIQUE Ex RN 43",M,50.41583161637482,2.4169252422399445
201800030366,NonLethal,2018-08-03,17:45:00,Daylight,620,510,Yes,NoIntersection,Normal,Other,BIAT (R DU DOCTEUR),M,50.41727700258671,2.4195308208056097
201800030369,NonLethal,2018-01-04,01:05:00,NightNoStreetLight,620,427,Yes,NoIntersection,Normal,3+Vehicles-Multiple,HAUTS MARCHES (VOIE DES),M,50.41964210257542,2.4164232674515325
201800030370,NonLethal,2018-03-29,15:30:00,Daylight,620,427,Yes,NoIntersection,Normal,2Vehicles-Side,"sans, MONTPENCHER (R)",M,50.42102316580782,2.4234643488874617
201800030371,NonLethal,2018-03-26,07:30:00,NightNoStreetLight,620,32,Yes,Roundabout,Normal,2Vehicles-Side,"sans, ALLENDE (PL.SALVAD",M,50.408445755822406,2.4066467079031004
201800030372,NonLethal,2018-03-08,16:20:00,Daylight,620,65,No,Other,Normal,2Vehicles-BehindVehicles-Frontal,RN 17,M,50.40231535401244,2.4041750015178422
201800030374,NonLethal,2018-04-22,19:30:00,Daylight,620,249,No,NoIntersection,Normal,2Vehicles-Side,RD 160 E2,M,50.425466500667945,3.4245384194340187
201800030375,NonLethal,2018-03-20,21:00:00,NightStreelightsOn,620,215,No,NoIntersection,Normal,Other,"., RD 919",M,50.50698745317519,2.5081990940594987
201800030377,NonLethal,2018-02-23,13:55:00,Daylight,620,724,Yes,NoIntersection,Normal,2Vehicles-Side,DE GAULLE (DU GENERAL),M,50.40297230785696,2.4021478545925854
201800030379,NonLethal,2018-02-05,15:40:00,Daylight,620,498,Yes,NoIntersection,Normal,Other,PICARD (R VICTOR),M,50.42990302703664,2.4313639062097385
201800030382,NonLethal,2018-04-17,09:00:00,Daylight,620,250,Yes,NoIntersection,Normal,Other,SALENGRO (R ROGER),M,50.45816183250796,2.459554939821074
201800030386,Lethal,2018-04-22,22:45:00,TwilightOrDawn,620,215,No,NoIntersection,Normal,2Vehicles-BehindVehicles-Frontal,RD 919,M,50.50734990637956,2.5069746428772386
201800030387,NonLethal,2018-06-02,18:15:00,Daylight,620,274,No,NoIntersection,Normal,2Vehicles-Side,RD 161,M,50.44124313717558,2.444091950002131
201800030388,NonLethal,2018-04-20,12:10:00,Daylight,620,587,Yes,NoIntersection,Normal,Other,HARNES (RTE D'),M,50.44038849200402,2.4396139787101188
201800030389,NonLethal,2018-03-05,17:10:00,Daylight,620,842,Yes,X-type,Normal,2Vehicles-Side,HUIT MAI (R DU),M,50.46114159275478,2.463082067221986
201800030390,NonLethal,2018-06-16,18:15:00,Daylight,620,386,Yes,X-type,Normal,2Vehicles-Side,VEDRINES (R ),M,50.45225246128038,2.452668518741123
201800030392,NonLethal,2018-02-07,19:00:00,Daylight,620,510,Yes,T-type,Normal,2Vehicles-Side,DUTEMPLE (R ),M,50.431446403605705,2.4309245558355506
201800030393,NonLethal,2018-06-12,16:00:00,Daylight,620,510,Yes,Other,Normal,2Vehicles-Side,DUTEMPLE (R ),M,50.4313588589608,2.428682839266238
201800030394,NonLethal,2018-06-24,17:40:00,Daylight,620,570,Yes,T-type,Normal,2Vehicles-Side,FLOHA (AVENUE DE ),M,50.40720759344156,2.407027615688764
201800030397,NonLethal,2018-06-22,16:00:00,Daylight,620,573,No,X-type,Normal,2Vehicles-Side,RD165,M,50.494160397429006,2.494543861618633
201800030398,NonLethal,2018-06-24,20:15:00,Daylight,620,33,Yes,Y-type,Normal,2Vehicles-BehindVehicles-Frontal,MATTEI (R JOSEPH),M,50.45933512282095,2.45923397606656
201800030400,NonLethal,2018-06-27,00:30:00,NightStreelightsOn,620,427,Yes,MoreThan4Branches,Normal,2Vehicles-Side,EISENHOWER (BD DU GAL),M,50.42613876196742,2.4258863768572665
201800030402,NonLethal,2018-07-09,04:50:00,NightNoStreetLight,620,215,No,NoIntersection,Normal,2Vehicles-BehindVehicles-Frontal,MEURCHIN (RTE DE),M,50.49658043633443,2.4964299086426016
201800030403,NonLethal,2018-07-11,19:35:00,Daylight,620,427,No,NoIntersection,Normal,2Vehicles-Side,BORD DES EAUX (CHE. DU),M,50.409868811268375,2.4086446920637727
201800030404,NonLethal,2018-12-07,14:15:00,Daylight,620,133,Yes,T-type,Normal,2Vehicles-Side,BARBUSSE (R HENRI ),M,50.41171122043695,2.413057970791088
201800030405,NonLethal,2018-08-23,08:20:00,Daylight,620,510,Yes,Other,Normal,NoCollision,COURTIN (R FRANCOIS),M,50.42356632257105,2.421941821087462
201800030406,NonLethal,2018-06-27,12:15:00,Daylight,620,498,Yes,NoIntersection,Normal,NoCollision,SORRIAUX (R URIANE),M,50.4318414690151,2.4319280614906558
201800030407,NonLethal,2018-07-19,15:15:00,Daylight,620,498,Yes,X-type,Normal,2Vehicles-Behind,SAINT EDOUARD (AV),M,50.44200688700526,2.4410451259567485
201800030408,NonLethal,2018-04-24,14:50:00,Daylight,620,498,Yes,Roundabout,Normal,3+Vehicles-Multiple,ARRAS (RTE  D'),M,50.41976258141674,2.41841105387962
201800030410,NonLethal,2018-04-17,11:27:00,Daylight,620,215,Yes,NoIntersection,Normal,Other,PRESSENCE (R FRANCIS DE),M,50.48972080721404,2.4867813637403016
201800030411,NonLethal,2018-06-17,10:40:00,Daylight,620,771,Yes,NoIntersection,Normal,Other,CORDIER (R SERAPHIN),M,50.41824859811489,2.419734532332121
201800030412,NonLethal,2018-07-02,12:20:00,Daylight,620,215,Yes,Roundabout,Normal,2Vehicles-Side,RD 919,M,50.507718959803135,2.5048306956583204
201800030413,NonLethal,2018-07-21,12:45:00,Daylight,620,510,Yes,T-type,Normal,2Vehicles-Side,THIERS (R),M,50.42121688145831,2.4197282914450087
201800030414,Lethal,2018-08-13,11:40:00,Daylight,620,215,No,Roundabout,Normal,Other,OIGNIES (RTE D'),M,50.479704075963525,2.4804476929040256
201800030415,NonLethal,2018-09-24,16:50:00,Daylight,620,842,Yes,NoIntersection,Normal,Other,REPUBLIQUE (BD DE LA),M,50.44750179685991,2.446617249111036
201800030416,NonLethal,2018-09-06,11:45:00,Daylight,620,250,Yes,NoIntersection,Normal,Other,LAMENDIN (R AR.)RD 161E4,M,50.4554972976727,2.454432145617382
201800030418,Lethal,2018-09-13,19:55:00,TwilightOrDawn,620,464,No,NoIntersection,Normal,2Vehicles-BehindVehicles-Frontal,VERMELLES (RTE DE),M,50.48816887663057,2.487813549087757
201800030420,NonLethal,2018-10-12,16:10:00,Daylight,620,427,No,Other,Normal,2Vehicles-Side,COURRIERES (RTE DE),M,50.433082273856144,2.431373581668273
201800030421,NonLethal,2018-10-08,15:20:00,Daylight,620,498,Yes,NoIntersection,Normal,Other,SOUVRAZ (R JEAN),M,50.43461719637515,2.435870581687036
201800030422,Lethal,2018-09-13,20:40:00,NightStreelightsOn,620,895,Yes,NoIntersection,Normal,Other,LAGRANGE (R LEO),M,50.49633804736456,2.4981355601288184
201800030423,NonLethal,2018-10-17,19:30:00,NightStreelightsOn,620,628,Yes,NoIntersection,Normal,Other,GAMBETTA (R LEON),M,50.43143702633172,2.431776979557261
201800030424,NonLethal,2018-10-27,15:00:00,Daylight,620,510,No,Other,Normal,2Vehicles-Side,CD 58,M,50.43837740482184,2.4385784610861254
201800030425,NonLethal,2018-10-07,01:35:00,NightStreelightsOn,620,523,Yes,T-type,Normal,2Vehicles-Side,DEVOUGES (R GEORGES),M,50.44382423475168,2.4433460447104824
201800030426,NonLethal,2018-01-12,02:00:00,NightStreelightsOn,620,250,Yes,NoIntersection,Normal,Other,TILLOY (R MAURICE),M,50.464878071175775,2.4655544286840003
201800030427,NonLethal,2018-10-21,06:20:00,NightStreelightsOn,620,895,No,NoIntersection,Normal,Other,RN 47,M,50.49272248339631,2.492029153164555
201800030428,NonLethal,2018-01-23,18:55:00,NightStreelightsOn,620,555,Yes,NoIntersection,LightRain,NoCollision,"54, PASTEUR ( RUE LOUIS",M,50.5023902115679,2.5025443347163554
201800030429,NonLethal,2018-03-13,13:05:00,Daylight,620,197,No,T-type,Normal,2Vehicles-Side,"1, BRUNEHAUT CD 341",M,50.47948727927204,2.478002277399641
201800030430,NonLethal,2018-06-16,06:45:00,Daylight,620,224,Yes,NoIntersection,Normal,2Vehicles-Behind,GONNEHEM (RUE DE),M,50.55033007452426,2.5513567393019057
201800030431,Lethal,2018-06-19,08:00:00,Daylight,620,23,Yes,NoIntersection,Normal,2Vehicles-BehindVehicles-Frontal,LILLERS (RUE DE),M,50.53390078080916,2.535679013781795
201800030432,Lethal,2018-07-15,20:15:00,Daylight,620,489,Yes,NoIntersection,Normal,2Vehicles-BehindVehicles-Frontal,PASTEUR ( rue Louis ),M,50.51831056753683,2.518436440853553
201800030433,NonLethal,2018-08-03,18:10:00,Daylight,620,489,Yes,T-type,Normal,Other,FERRY  ( rue Jules ),M,50.52403738757383,2.524862094445804
201800030434,NonLethal,2018-10-31,09:55:00,Daylight,620,23,Yes,Y-type,Normal,2Vehicles-Side,RIVIERETTE (RUE DE LA ),M,50.53065971504244,2.530842728340943
201800030435,NonLethal,2018-11-16,17:20:00,NightStreelightsOn,620,197,Yes,NoIntersection,LightRain,Other,FRANCE ( RUE ANATOLE ),M,50.48151223453743,2.4830910893699736
201800030436,NonLethal,2018-12-12,08:05:00,TwilightOrDawn,620,224,No,T-type,Other,2Vehicles-BehindVehicles-Frontal,RD 943,M,50.54440091923636,2.542681927552953
201800030437,NonLethal,2018-12-19,13:20:00,Daylight,620,194,Yes,NoIntersection,Normal,Other,PAIX ( BOULEVARD DE LA ),M,50.496023397317344,2.4961128403813784
201800030438,NonLethal,2018-12-22,16:10:00,TwilightOrDawn,620,224,Yes,T-type,Normal,2Vehicles-Side,RD 943,M,50.55408292226194,2.5548261818344145
201800030439,NonLethal,2018-04-23,22:05:00,NightNoStreetLight,620,617,Yes,NoIntersection,Normal,NoCollision,LAVOISIER (RUE),M,50.48612680894004,2.485997453518756
201800030441,NonLethal,2018-06-27,21:30:00,TwilightOrDawn,620,737,Yes,Roundabout,Normal,Other,NATIONALE (ROUTE) CD937,M,50.463659134356895,2.463751511709129
201800030442,NonLethal,2018-09-02,15:20:00,Daylight,620,617,Yes,NoIntersection,Normal,Other,ROUTE NATIONALE (CD 937),M,50.46985068901412,2.469220570556319
201800030443,NonLethal,2018-09-03,15:50:00,Daylight,620,617,Yes,Other,Normal,2Vehicles-Side,ROUTE NATIONALE (CD 937),M,50.480671464467726,2.4805151945034187
201800030444,NonLethal,2018-05-07,12:45:00,Daylight,620,83,Yes,NoIntersection,Normal,Other,WACHEUX(BOULEVARD),M,50.45340314207713,2.4531884126846144
201800030446,NonLethal,2018-01-30,13:40:00,Daylight,620,765,Yes,Other,LightRain,Other,"2, FAIDHERBE (RUE ....)",M,50.75197155869209,2.750347464505565
201800030447,NonLethal,2018-01-24,18:45:00,TwilightOrDawn,620,525,Yes,X-type,Normal,2Vehicles-Side,"2, RIMBAUD (AVE ARTHUR..",M,50.73796396527984,2.7387563526638163
201800030448,NonLethal,2018-02-25,17:10:00,Daylight,620,765,Yes,NoIntersection,Normal,Other,DOYEN (RUE DU COLONEL...,M,50.751430543519525,2.751064592865952
201800030449,NonLethal,2018-01-21,18:20:00,NightNoStreetLight,620,40,Yes,NoIntersection,LightRain,Other,"109, MENDES FRANCE (AVE",M,50.73284242681722,2.7339802494346968
201800030450,NonLethal,2018-11-03,17:20:00,Daylight,620,225,Yes,NoIntersection,Normal,2Vehicles-BehindVehicles-Frontal,"36, ARQUES (ROUTE D'....",M,50.75270067049341,2.7521348674536306
201800030451,NonLethal,2018-05-28,08:00:00,Daylight,620,757,Yes,NoIntersection,Normal,Other,COMMERCE (RUE DU........,M,50.762458731067966,2.7621709360106697
201800030452,NonLethal,2018-06-27,20:00:00,Daylight,620,765,Yes,Square,Normal,Other,FOCH (PLACE.....),M,50.750697486392845,2.7505679251114183
201800030453,NonLethal,2018-11-10,11:15:00,Daylight,620,757,Yes,X-type,Normal,2Vehicles-Side,ROCADE (RUE DE LA ......,M,50.759727934414144,2.758654316298069
201800030454,NonLethal,2018-02-12,11:55:00,Daylight,620,757,No,NoIntersection,Normal,2Vehicles-Behind,RD 942,M,50.75438242084183,2.754545468294721
201800030455,NonLethal,2018-12-13,17:15:00,NightStreelightsOn,620,40,Yes,Other,Overcast,2Vehicles-Side,CHOCHOY (AVE BERNARD ...,M,50.72173746362691,2.721463981536535
201800030456,NonLethal,2018-01-26,10:15:00,Daylight,620,826,Yes,T-type,Normal,2Vehicles-Side,"2, LOUIS ABOUDARAM (AVEN",M,50.516743031108106,1.5175586305843092
201800030458,NonLethal,2018-05-01,16:05:00,Daylight,620,826,Yes,NoIntersection,Normal,Other,CANCHE (BOULEVARD DE LA),M,50.53011601711211,1.530376889230413
201800030459,NonLethal,2018-06-03,15:20:00,Daylight,620,826,Yes,X-type,Normal,2Vehicles-Side,JEAN MONNET (RUE),M,50.52046689648714,1.5211867991025256
201800030461,NonLethal,2018-06-26,18:00:00,Daylight,620,826,Yes,NoIntersection,Normal,2Vehicles-Side,DR JULES POUGET (BOULEVA,M,50.52109896570011,1.5243791029104452
201800030462,NonLethal,2018-09-20,16:45:00,Daylight,620,826,Yes,X-type,Normal,2Vehicles-Side,CHATEAU (AVENUE DU),M,50.51782302645795,1.518190275803846
201800030463,NonLethal,2018-09-30,13:20:00,Daylight,620,826,Yes,Roundabout,Normal,2Vehicles-Side,PICARDIE (AVENUE DE),M,50.51976975223074,1.519768101726789
201800030464,NonLethal,2018-07-12,17:50:00,TwilightOrDawn,620,826,Yes,X-type,StrongWindOrStorm,2Vehicles-Side,JEAN MONNET (RUE),M,50.52163222608709,1.522439333966078
201800030465,NonLethal,2018-01-17,13:20:00,Daylight,630,113,Yes,T-type,Normal,2Vehicles-Side,"38, PRE LA REINE (RUE DU",M,45.78523671210049,3.78495613848911
201800030466,Lethal,2018-02-10,15:59:00,Daylight,630,113,Yes,X-type,Normal,2Vehicles-Side,"16, TORPILLEUR SIROCCO (",M,45.81329446253395,3.81285320717716
201800030467,Lethal,2018-01-31,18:00:00,TwilightOrDawn,630,113,Yes,NoIntersection,Normal,3+Vehicles-Chain,QUINET (BD EDGAR),M,45.80730845784856,3.8075287848197057
201800030468,NonLethal,2018-11-04,03:05:00,NightStreelightsOn,630,113,Yes,NoIntersection,Normal,Other,FOREST (AVENUE FERNAND),M,45.79151614649236,3.791055342924745
201800030469,NonLethal,2018-04-21,03:30:00,NightStreelightsOn,630,113,Yes,NoIntersection,Normal,Other,SAINT JEAN (BD),M,45.786241344269634,3.7854438160541366
201800030470,NonLethal,2018-03-20,00:25:00,NightStreelightsOn,630,75,Yes,X-type,Normal,2Vehicles-Side,"., GAMBETTA (BOULEVARD)",M,45.76859182443248,3.76689631543354
201800030471,NonLethal,2018-04-27,16:05:00,Daylight,630,75,Yes,NoIntersection,Normal,Other,CLAUSSAT (AVENUE JOSEPH),M,45.78222768045505,3.781586116801997
201800030472,NonLethal,2018-02-05,21:30:00,NightStreelightsOn,630,113,Yes,NoIntersection,Normal,2Vehicles-Behind,COUTHON (AVENUE GEORGES),M,45.78211849756264,3.7826182378120894
201800030473,NonLethal,2018-05-09,19:35:00,TwilightOrDawn,630,113,Yes,X-type,Normal,2Vehicles-Side,POURCHON (BD MAURICE),M,45.78875035793712,3.7903249923370392
201800030474,NonLethal,2018-02-02,15:45:00,Daylight,630,113,Yes,NoIntersection,Normal,Other,"06, MOINIER (RUE ANDRE)",M,45.78159498702102,3.779794864747338
201800030475,NonLethal,2018-06-21,18:30:00,Daylight,630,113,Yes,NoIntersection,Normal,NoCollision,LIONDARDS (RUE NOUVELLE,M,45.75920228915044,3.759533386905108
201800030476,NonLethal,2018-06-24,17:20:00,Daylight,630,308,Yes,Square,Normal,Other,VAQUEZ (BOULEVARD),M,45.76727481211456,3.769336508166444
201800030477,NonLethal,2018-06-29,05:50:00,TwilightOrDawn,630,113,Yes,X-type,Normal,2Vehicles-Side,CARMES DECHAUX (PLACE),M,45.78149655891664,3.780102921091287
201800030478,NonLethal,2018-07-09,09:30:00,Daylight,630,113,Yes,Other,Normal,2Vehicles-Side,AUGER (RUE),M,45.78306527754174,3.783238041220165
201800030479,NonLethal,2018-08-07,01:00:00,NightStreelightsOn,630,113,Yes,NoIntersection,Normal,2Vehicles-Behind,QUINET (BD EDGAR),M,45.805295533837786,3.804703197017501
201800030481,NonLethal,2018-09-07,22:10:00,NightStreelightsOn,630,113,Yes,Roundabout,Normal,2Vehicles-Side,BLERIOT (AVENUE LOUIS),M,45.78877979518188,3.789082446517865
201800030482,NonLethal,2018-09-15,19:40:00,Daylight,630,70,No,NoIntersection,Normal,2Vehicles-Behind,D2O89,M,45.73276721030333,3.730878815701064
201800030483,NonLethal,2018-09-28,09:30:00,Daylight,630,14,Yes,T-type,Normal,2Vehicles-BehindVehicles-Frontal,MAERTE (RUE ROGER),M,45.75352056582443,3.755452249142928
201800030484,NonLethal,2018-10-16,04:46:00,NightNoStreetLight,630,164,Yes,NoIntersection,Normal,2Vehicles-BehindVehicles-Frontal,POMPIDOU (BD GEORGES),M,45.81122639755309,3.812269440020209
201800030485,NonLethal,2018-11-11,04:25:00,NightStreelightsOn,630,113,Yes,X-type,Normal,Other,POURCHON (BD MAURICE),M,45.79094943410252,3.789472558254171
201800030486,NonLethal,2018-01-12,13:20:00,Daylight,630,113,Yes,NoIntersection,Normal,Other,CLEMENTEL (BD ETIENNE),M,45.81108331678805,3.8098100691894903
201800030487,NonLethal,2018-01-16,19:00:00,NightStreelightsOn,630,193,Yes,Square,Overcast,Other,"4, COURNIL (PLACE ROGER)",M,45.770516840204856,3.771571617860372
201800030488,NonLethal,2018-02-19,10:25:00,Daylight,630,124,Yes,T-type,Normal,2Vehicles-Side,REPUBLIQUE (AVENUE DE LA,M,45.73941970152673,3.741464472915701
201800030489,NonLethal,2018-02-05,20:45:00,Daylight,630,193,Yes,NoIntersection,Normal,Other,GRASSETTE (RUE DE LA),M,45.77128485644735,3.772972205186661
201800030490,NonLethal,2018-05-13,08:40:00,Daylight,630,124,Yes,NoIntersection,Overcast,2Vehicles-BehindVehicles-Frontal,CLERMONT (AVENUE DE),M,45.75523580967803,3.756042582846808
201800030492,Lethal,2018-06-18,20:19:00,Daylight,630,124,No,NoIntersection,Normal,2Vehicles-BehindVehicles-Frontal,SARLIEVES (RUE DE),M,45.74183646362833,3.742629212033236
201800030493,NonLethal,2018-06-27,20:45:00,Daylight,630,124,No,NoIntersection,Normal,Other,RD 52,M,45.74837504621182,3.7490129072919256
201800030494,NonLethal,2018-07-18,16:35:00,Daylight,630,164,No,NoIntersection,Normal,2Vehicles-BehindVehicles-Frontal,RD2,M,,
201800030495,NonLethal,2018-10-29,12:40:00,Daylight,630,164,Yes,NoIntersection,HeavyRain,2Vehicles-Side,46 GUESDE (RUE JULES),M,45.815472173774616,3.8174435862930767
201800030497,NonLethal,2018-12-19,10:28:00,Daylight,630,63,Yes,Other,Normal,Other,HUIT MAI (AVENUE DU),M,45.83088558364073,3.8302486127339055
201800030498,NonLethal,2018-01-30,18:20:00,TwilightOrDawn,630,245,Yes,T-type,Normal,2Vehicles-Side,JAURES JEAN (AVENUE),M,45.89013514207357,3.888541682491736
201800030499,NonLethal,2018-02-22,07:20:00,TwilightOrDawn,630,300,No,Roundabout,Normal,2Vehicles-Side,RD 2OO9,M,45.90674696767258,3.907486908688134
201800030500,Lethal,2018-08-04,21:15:00,NightNoStreetLight,630,300,No,NoIntersection,Normal,2Vehicles-Behind,RD 2009,M,45.89189383398125,3.891034482680979
201800030501,NonLethal,2018-04-18,17:20:00,Daylight,630,300,Yes,X-type,Normal,Other,VIRLOGEUX (AVENUE),M,45.89138990736169,3.891434464518891
201800030502,NonLethal,2018-12-05,13:40:00,Daylight,630,224,Yes,T-type,Normal,2Vehicles-Side,CHATEAU D'EAU (RUE DU),M,45.87106755410777,3.871936624914864
201800030503,NonLethal,2018-05-07,11:25:00,Daylight,630,300,Yes,T-type,Normal,2Vehicles-Side,FAUCON AMABLE (RUE),M,45.88602531264833,3.88611354468758
201800030504,Lethal,2018-07-21,05:35:00,NightNoStreetLight,630,212,No,NoIntersection,Normal,Other,CLERMONT (ROUTE DE),M,45.876035627114014,3.876423208912667
201800030506,NonLethal,2018-08-21,10:50:00,Daylight,630,300,Yes,T-type,Normal,2Vehicles-Side,COMMANDANT MADELINE (AVE,M,45.89184511856139,3.891871655546697
201800030507,NonLethal,2018-08-26,16:35:00,Daylight,630,245,No,NoIntersection,Normal,2Vehicles-BehindVehicles-Frontal,RD 455,M,45.90014546538314,3.900662533907847
201800030508,NonLethal,2018-11-06,16:35:00,Daylight,630,245,Yes,Roundabout,Normal,2Vehicles-Side,RD 986,M,45.89193120137973,3.890025460768668
201800030509,NonLethal,2018-11-07,10:10:00,Daylight,630,300,Yes,Other,Normal,Other,RD 6,M,45.88542463840748,3.885192114340793
201800030510,NonLethal,2018-11-08,08:45:00,Daylight,630,300,Yes,T-type,Normal,Other,ZOLA EMILE (AVENUE),M,45.88557575432522,3.884015418337918
201800030511,NonLethal,2018-11-15,16:15:00,Daylight,630,103,No,T-type,Normal,3+Vehicles-Multiple,RD 227,M,45.90997777952367,3.908417450241335
201800030512,NonLethal,2018-05-12,17:25:00,NightStreelightsOn,630,300,Yes,NoIntersection,Normal,3+Vehicles-Multiple,RD 2144,M,45.90918986459676,3.909318544606449
201800030513,NonLethal,2018-04-01,14:25:00,Daylight,640,102,Yes,NoIntersection,Normal,NoCollision,AVENUE LOUIS DE FOIX,M,43.51192205712238,-0.5108149009980201
201800030514,NonLethal,2018-01-04,14:45:00,Daylight,640,102,Yes,Roundabout,Normal,2Vehicles-Behind,ROND POINT DU PROF DELAY,M,43.48242254341872,-0.4821137969166094
201800030515,NonLethal,2018-01-10,11:45:00,Daylight,640,102,Yes,NoIntersection,Normal,NoCollision,AVENUE HENRI GRENET,M,43.50411014729722,-0.5025442695240586
201800030516,NonLethal,2018-12-01,01:30:00,NightStreelightsOn,640,102,Yes,NoIntersection,Other,NoCollision,AV DUVERGIER D'HAURANE,M,43.48008438290526,-0.4790661438792613
201800030517,NonLethal,2018-01-18,08:20:00,TwilightOrDawn,640,102,Yes,T-type,Normal,2Vehicles-Side,AV CAMILLE DELVAILLE,M,43.509644553018006,-0.5079467280370911
201800030518,NonLethal,2018-01-18,16:45:00,Daylight,640,24,Yes,NoIntersection,Normal,Other,BOULEVARD DE LA MER,M,43.49633863534033,-0.4976959006079177
201800030519,NonLethal,2018-01-19,18:45:00,NightStreelightsOn,640,102,Yes,T-type,Overcast,2Vehicles-Side,AVENUE MARECHAL SOULT,M,43.486365764197934,-0.4860487655920428
201800030520,NonLethal,2018-01-24,14:45:00,Daylight,640,102,Yes,T-type,Normal,2Vehicles-Side,ALLEES PAULMY,M,43.48898416717517,-0.4886208809001401
201800030521,NonLethal,2018-01-25,20:05:00,NightStreelightsOn,640,102,Yes,X-type,HeavyRain,Other,52 AVENUE DUBROCQ,M,43.49393719322856,-0.493241230997951