AccidentId,Gravity,Date,Hour,Light,Department,Commune,InAgglomeration,IntersectionType,Weather,CollisionType,PostalAddress,GPSCode,Latitude,Longitude
201800030522,NonLethal,2018-01-28,12:20:00,Daylight,640,102,Yes,Y-type,Normal,2Vehicles-Side,QUAI DE LESSEPS,M,43.49754467818703,-0.4980621429089275
201800030523,NonLethal,2018-01-29,07:45:00,TwilightOrDawn,640,24,Yes,MoreThan4Branches,Overcast,2Vehicles-Side,29 AV  LAROCHEFOUCAULD,M,43.48657062238742,-0.4870886520142369
201800030524,NonLethal,2018-01-29,07:55:00,NightStreelightsOn,640,102,Yes,NoIntersection,FogOrSmoke,Other,54 DUVERGIER DE HAURANE,M,43.48452729722312,-0.4855030609176305
201800030525,NonLethal,2018-01-31,07:30:00,NightStreelightsOn,640,102,Yes,NoIntersection,Normal,NoCollision,BOULEVARD ARITXAGUE,M,43.473762578160354,-0.4723358081905751
201800030526,NonLethal,2018-02-02,12:23:00,Daylight,640,102,Yes,NoIntersection,Normal,3+Vehicles-Chain,66 AVENUE LOUIS DE FOIX,M,43.5092829159033,-0.5114465236808029
201800030527,NonLethal,2018-02-02,18:05:00,TwilightOrDawn,640,102,Yes,X-type,LightRain,2Vehicles-Side,20 AVENUE DUBROCQ,M,43.49607230486925,-0.4935609821271212
201800030528,NonLethal,2018-02-06,13:10:00,Daylight,640,102,Yes,NoIntersection,Normal,NoCollision,ALLEES MARINES,M,43.49803884652066,-0.4983679200367506
201800030529,NonLethal,2018-02-22,15:25:00,Daylight,640,102,Yes,Roundabout,Normal,2Vehicles-Side,ROND POINT DE COMPAGNET,M,43.46077722179954,-0.4605865677728049
201800030531,NonLethal,2018-02-27,11:30:00,Daylight,640,102,Yes,NoIntersection,Normal,NoCollision,7 CHEMIN DE BELLEVUE,M,43.48262319133354,-0.4814146444132706
201800030533,NonLethal,2018-02-27,17:40:00,Daylight,640,24,Yes,NoIntersection,Normal,2Vehicles-Side,88 RUE DE HAUSQUETTE,M,43.49266836134901,-0.493733611224403
201800030536,NonLethal,2018-03-06,13:10:00,Daylight,640,24,Yes,NoIntersection,Normal,NoCollision,AVENUE DE BAYONNE,M,43.48148129814193,-0.4811535206286693
201800030537,NonLethal,2018-06-03,16:45:00,Daylight,640,140,Yes,NoIntersection,Normal,NoCollision,AVENUE LOUIS DE FOIX,M,43.52506172879559,-0.5253559974393269
201800030539,NonLethal,2018-03-08,10:50:00,Daylight,640,24,Yes,Roundabout,Normal,2Vehicles-Behind,BOULEVARD DU BAB,M,43.49635483089659,-0.4950193565535419
201800030540,NonLethal,2018-03-14,18:20:00,Daylight,640,24,Yes,NoIntersection,Normal,NoCollision,25 AVENUE JEAN LAPORTE,M,43.487805560132166,-0.4868294141324781
201800030541,NonLethal,2018-03-15,09:25:00,Daylight,640,24,Yes,Roundabout,Normal,2Vehicles-Side,ROND POINT DE BAHINOS,M,43.49587682149823,-0.4948414380543143
201800030542,NonLethal,2018-03-16,16:50:00,Daylight,640,102,Yes,NoIntersection,Normal,NoCollision,AVENUE DE L'AQUITAINE,M,43.48796947228851,-0.487102162136321
201800030543,NonLethal,2018-03-20,14:15:00,Daylight,640,24,Yes,NoIntersection,Overcast,2Vehicles-Side,45 AVENUE DE BIARRITZ,M,43.479565628792486,-0.4815136582993348
201800030544,NonLethal,2018-03-23,14:55:00,Daylight,640,24,Yes,NoIntersection,Overcast,2Vehicles-Behind,66 AVENUE DE BAYONNE,M,43.482690985813335,-0.4817730357823213
201800030545,NonLethal,2018-03-25,11:50:00,Daylight,640,102,Yes,NoIntersection,LightRain,Other,AVENUE DE PLANTOUN,M,43.49483672726465,-0.4963915977148853
201800030547,NonLethal,2018-03-26,13:37:00,Daylight,640,102,Yes,NoIntersection,Overcast,2Vehicles-Behind,AVENUE DE MOUNEDE,M,43.49979832419093,-0.5005135521292211
201800030549,NonLethal,2018-03-29,14:25:00,Daylight,640,102,Yes,Other,Normal,2Vehicles-Behind,11 ALLEES PAULMY,M,43.49385837190863,-0.4939708599646428
201800030550,NonLethal,2018-03-30,17:25:00,Daylight,640,102,Yes,NoIntersection,Normal,2Vehicles-BehindVehicles-Frontal,"17, LAFAURIE DETCHEPARE",M,43.48016353159305,-0.4811912429123921
201800030552,NonLethal,2018-04-06,10:40:00,Daylight,640,102,Yes,NoIntersection,Normal,NoCollision,AVENUE DU 8 MAI 1945,M,43.46144134099451,-0.4630593968345982
201800030553,NonLethal,2018-04-15,14:50:00,Daylight,640,24,Yes,T-type,Overcast,2Vehicles-Side,RUE DU MOULIN BARBOT,M,43.50200178172271,-0.4992009760003266
201800030554,NonLethal,2018-04-18,16:20:00,Daylight,640,24,Yes,NoIntersection,Normal,NoCollision,BOULEVARD DES PLAGES,M,43.50058730511733,-0.5009041093230182
201800030555,NonLethal,2018-04-23,18:05:00,Daylight,640,102,Yes,Y-type,Normal,2Vehicles-Side,AVENUE DUBROCQ,M,43.49501149294586,-0.4953801076852944
201800030556,NonLethal,2018-04-25,11:45:00,Daylight,640,102,Yes,NoIntersection,LightRain,NoCollision,BOULEVARD DU BAB,M,43.49538059931779,-0.4961365422387774
201800030557,NonLethal,2018-04-25,16:25:00,Daylight,640,24,Yes,NoIntersection,Overcast,NoCollision,AVENUE DE BAYONNE,M,43.480724426385535,-0.4828352652465365
201800030558,NonLethal,2018-04-26,09:55:00,Daylight,640,102,Yes,NoIntersection,Normal,2Vehicles-Side,AVENUE DU 14 AVRIL,M,43.50495925540278,-0.5036441002059082
201800030559,NonLethal,2018-04-26,19:10:00,TwilightOrDawn,640,140,Yes,NoIntersection,Normal,2Vehicles-BehindVehicles-Frontal,RUE SAINT CHARLES,M,43.528760497647376,-0.5285979831361584
201800030561,NonLethal,2018-05-06,11:50:00,Daylight,640,24,Yes,Roundabout,Normal,2Vehicles-Side,BUTTE AUX CAILLES,M,43.497665857048105,-0.4954956633552164
201800030562,NonLethal,2018-07-05,16:20:00,Daylight,640,102,Yes,NoIntersection,Normal,2Vehicles-Side,AVENUE DU GRAND BASQUE,M,43.48922635758766,-0.4903238766907624
201800030563,NonLethal,2018-09-05,12:10:00,Daylight,640,140,Yes,NoIntersection,Normal,2Vehicles-BehindVehicles-Frontal,AVENUE LOUIS DE FOIX,M,43.52643094660333,-0.5266607613984063
201800030564,NonLethal,2018-05-10,02:30:00,NightNoStreetLight,640,24,Yes,NoIntersection,Normal,Other,AVENUE D'ESPAGNE,M,43.47839987089152,-0.4784653608411767
201800030565,NonLethal,2018-10-05,11:40:00,Daylight,640,24,Yes,Roundabout,LightRain,NoCollision,ROND POINT DE BAHINOS,M,43.49311369679504,-0.495019699374472
201800030566,NonLethal,2018-11-05,22:55:00,NightStreelightsOn,640,24,Yes,NoIntersection,Normal,2Vehicles-BehindVehicles-Frontal,RUE DE HAUSQUETTE,M,43.49100020127806,-0.4922825778040098
201800030567,NonLethal,2018-12-05,17:30:00,Daylight,640,102,Yes,NoIntersection,LightRain,2Vehicles-Side,ALLEES MARINES,M,43.49710227012664,-0.4968256026858121
201800030568,NonLethal,2018-05-14,14:00:00,Daylight,640,102,Yes,NoIntersection,Overcast,NoCollision,CHEMIN DE LESTANQUET,M,43.47497314760742,-0.4769096149810623
201800030569,NonLethal,2018-05-15,10:35:00,Daylight,640,102,Yes,Roundabout,Normal,NoCollision,ROND POINT AMADE,M,43.50147342211429,-0.5011519440448033
201800030570,NonLethal,2018-05-16,14:55:00,Daylight,640,24,Yes,NoIntersection,Normal,NoCollision,AVENUE DE BAYONNE,M,43.47993688091314,-0.4805716746716501
201800030572,NonLethal,2018-05-24,18:05:00,Daylight,640,102,Yes,NoIntersection,Normal,Other,BOULEVARD JEAN D'AMOU,M,43.49792096076137,-0.4970988198925374
201800030574,NonLethal,2018-05-27,17:50:00,Daylight,640,24,Yes,NoIntersection,Overcast,Other,AVENUE DE BAYONNE,M,43.48036253734672,-0.4812123800791792
201800030576,NonLethal,2018-05-29,17:15:00,Daylight,640,102,Yes,Other,Normal,NoCollision,RESPLANDY (AVENUE DU CAP,M,43.48144939297652,-0.484673045974943
201800030577,NonLethal,2018-02-06,14:15:00,Daylight,640,24,Yes,NoIntersection,Overcast,NoCollision,ROUTE DE SAINT PEE,M,43.45686200908707,-0.4555430335403809
201800030578,NonLethal,2018-06-06,16:15:00,Daylight,640,24,Yes,T-type,Normal,2Vehicles-Side,AVENUE DE BAYONNE,M,43.48190113313876,-0.4822004918165968
201800030580,NonLethal,2018-06-10,05:40:00,NightStreelightsOff,640,102,Yes,Y-type,Normal,NoCollision,AVENUE MARECHAL SOULT,M,43.48655325376087,-0.4868859783778109
201800030581,NonLethal,2018-06-10,16:15:00,Daylight,640,24,Yes,T-type,Overcast,NoCollision,AVENUE DE BAYONNE,M,43.481566260997305,-0.4808460148731479
201800030582,NonLethal,2018-06-15,11:10:00,Daylight,640,24,Yes,T-type,Overcast,NoCollision,BOULEVARD DE LA MER,M,43.4940592323576,-0.4934401717279842
201800030583,NonLethal,2018-06-18,16:20:00,Daylight,640,102,Yes,NoIntersection,Normal,2Vehicles-Side,AV MARECHAL LECLERC,M,43.49396921436326,-0.492688418613876
201800030585,NonLethal,2018-06-26,18:10:00,Daylight,640,102,Yes,NoIntersection,Normal,2Vehicles-Behind,AVENUE HENRI GRENET,M,43.5046175954059,-0.5039206396837832
201800030586,NonLethal,2018-03-07,16:45:00,Daylight,640,102,Yes,NoIntersection,Normal,2Vehicles-Behind,ALLEES MARINES,M,43.49624281824045,-0.4958590944074422
201800030587,NonLethal,2018-05-07,18:15:00,Daylight,640,102,Yes,NoIntersection,Overcast,NoCollision,BOULEVARD ARITXAGUE,M,43.47667441598222,-0.4746824811877034
201800030588,NonLethal,2018-10-07,10:00:00,Daylight,640,102,Yes,NoIntersection,Normal,3+Vehicles-Chain,ALLEES MARINES,M,43.49533022467232,-0.4949886006619934
201800030589,NonLethal,2018-07-11,14:40:00,Daylight,640,24,Yes,T-type,Normal,2Vehicles-Side,AVENUE DES VAGUES,M,43.49940327938555,-0.4995720752957724
201800030590,Lethal,2018-07-13,00:24:00,NightStreelightsOn,640,102,Yes,NoIntersection,Normal,NoCollision,AVENUE DU 8 MAI 1945,M,43.47269652327227,-0.4746786073571733
201800030591,NonLethal,2018-07-13,16:35:00,Daylight,640,24,Yes,T-type,Normal,2Vehicles-Side,ROUTE DE PITOYS,M,43.46366749785994,-0.4643801139823068
201800030592,NonLethal,2018-07-17,16:50:00,Daylight,640,102,Yes,T-type,Normal,NoCollision,RUE VAINSOT,M,43.49471648653661,-0.4928879287249599
201800030593,NonLethal,2018-07-21,19:45:00,Daylight,640,102,Yes,NoIntersection,Normal,2Vehicles-Behind,RUE MOULIN DE CASTERA,M,43.48860705928133,-0.4889041098233565
201800030594,NonLethal,2018-07-29,19:45:00,Daylight,640,102,Yes,X-type,Normal,NoCollision,AVENUE DES ALLEES PAULMY,M,43.4924132828801,-0.4926541515304354
201800030596,NonLethal,2018-08-06,10:30:00,Daylight,640,24,Yes,Roundabout,Normal,NoCollision,AVENUE DU 8 MAI,M,43.46411749257234,-0.4627430881564774
201800030597,NonLethal,2018-08-08,15:40:00,Daylight,640,24,Yes,NoIntersection,Normal,2Vehicles-BehindVehicles-Frontal,BOULEVARD DU BAB,M,43.4920683323531,-0.4926842543391052
201800030598,NonLethal,2018-12-08,11:25:00,Daylight,640,102,Yes,X-type,Normal,2Vehicles-Side,ALLEES MARINES,M,43.49381296801666,-0.4957576684905612
201800030599,NonLethal,2018-08-16,13:00:00,Daylight,640,102,Yes,Roundabout,Overcast,3+Vehicles-Chain,AVENUE DU GRAND BASQUE,M,43.49204566198112,-0.49291170499537
201800030600,NonLethal,2018-08-17,15:45:00,Daylight,640,24,Yes,T-type,Normal,NoCollision,AVENUE DE L'ADOUR,M,43.51424313916917,-0.517793100958347
201800030602,NonLethal,2018-08-19,22:00:00,NightStreelightsOn,640,102,Yes,T-type,Normal,2Vehicles-Side,AVENUE MARECHALSOULT,M,43.48310650624172,-0.4840147559886867
201800030603,NonLethal,2018-08-21,16:00:00,Daylight,640,24,Yes,NoIntersection,Normal,2Vehicles-Side,AVENUE DE L'ADOUR,M,43.52704300352023,-0.5287739642370524
201800030604,NonLethal,2018-08-24,07:30:00,Daylight,640,140,Yes,NoIntersection,Overcast,2Vehicles-Side,QUAI DE LA DOUANE,M,43.51831914791364,-0.5165498297261469
201800030605,NonLethal,2018-08-23,07:50:00,Daylight,640,24,Yes,NoIntersection,Normal,Other,ROUTE DE CAMBO,M,43.45340615991326,-0.4534799913550088
201800030606,NonLethal,2018-08-25,13:30:00,Daylight,640,24,Yes,NoIntersection,Normal,Other,MONTBRUN (AVENUE DE),M,43.50432296030037,-0.5031969768129696
201800030607,NonLethal,2018-03-09,11:30:00,Daylight,640,24,Yes,NoIntersection,Normal,2Vehicles-Side,BOIS BELIN (RUE DU),M,43.49316095718636,-0.4936265999225375
201800030608,NonLethal,2018-05-09,17:15:00,Daylight,640,102,Yes,X-type,Overcast,3+Vehicles-Multiple,BOUL ALSACE LORRAINE,M,43.494359034338686,-0.4909930144099313
201800030609,NonLethal,2018-09-11,17:00:00,Daylight,640,24,Yes,Other,Normal,2Vehicles-Side,AVENUE DE L' ADOUR,M,43.51963450621346,-0.5212007357170848
201800030610,NonLethal,2018-11-09,17:45:00,Daylight,640,102,Yes,NoIntersection,Normal,2Vehicles-Side,RUE DE RAVIGNAN,M,43.49055684759328,-0.4901993691511848
201800030611,NonLethal,2018-09-14,07:55:00,Daylight,640,102,Yes,Roundabout,Normal,2Vehicles-Behind,AVENUE PAUL PRAS,M,43.48322316014004,-0.4815925014953667
201800030612,NonLethal,2018-09-21,16:10:00,Daylight,640,102,Yes,NoIntersection,Normal,Other,ALLEE DES PLATANES,M,43.48800841925844,-0.4875152111151051
201800030613,NonLethal,2018-09-22,12:50:00,Daylight,640,102,Yes,T-type,Normal,NoCollision,AVENUE HENRI DE NAVARRE,M,43.49642889590118,-0.4975033965348671
201800030615,NonLethal,2018-09-22,20:45:00,NightStreelightsOn,640,24,Yes,Other,Normal,2Vehicles-Side,CAMOUSEIGT (ALLEE DE),M,43.48561522833915,-0.4836436266591649
201800030616,NonLethal,2018-09-23,01:55:00,NightStreelightsOn,640,102,Yes,Roundabout,Normal,Other,RP ALLEES MARINES,M,43.4968245257055,-0.4960062693033297
201800030617,NonLethal,2018-09-25,10:00:00,Daylight,640,102,Yes,NoIntersection,Normal,2Vehicles-Side,PONT SAINT ESPRIT,M,43.49469089780494,-0.4948356173495026
201800030618,NonLethal,2018-09-27,16:40:00,Daylight,640,102,Yes,Roundabout,Normal,2Vehicles-Behind,ROND POINT D'AQUITAINE,M,43.48761067433321,-0.4873046589220559
201800030619,NonLethal,2018-09-28,21:25:00,NightStreelightsOn,640,140,Yes,Roundabout,Normal,NoCollision,RP SALVADOR ALLENDE,M,43.5347017849625,-0.5326379860248794
201800030620,NonLethal,2018-10-02,12:25:00,Daylight,640,102,Yes,NoIntersection,Normal,2Vehicles-Behind,SABALCE (CHEMIN DE),M,43.492277641262525,-0.4918669552572879
201800030621,NonLethal,2018-10-05,18:50:00,Daylight,640,102,Yes,Roundabout,Normal,2Vehicles-Side,GIRATOIRE DE COMPAGNET,M,43.460816973400334,-0.4602128690688242
201800030623,NonLethal,2018-10-19,12:45:00,Daylight,640,102,Yes,NoIntersection,Overcast,2Vehicles-Side,BOULEVARD DU BAB,M,43.49741753316926,-0.4964885686310545
201800030624,NonLethal,2018-10-19,17:20:00,Daylight,640,102,Yes,Roundabout,Normal,NoCollision,AVENUE HENRI DE NAVARRE,M,43.50363316641536,-0.5013080021115836
201800030625,Lethal,2018-10-20,15:25:00,Daylight,640,102,Yes,NoIntersection,Overcast,Other,AVENUE MARECHAL SOULT,M,43.486398595658905,-0.4859428128521486
201800030626,NonLethal,2018-10-22,13:05:00,Daylight,640,24,Yes,Roundabout,Normal,2Vehicles-Side,ROND POINT CHIQUITOYS,M,43.4749033445041,-0.4735919623330016
201800030627,NonLethal,2018-10-25,17:10:00,Daylight,640,102,Yes,NoIntersection,Normal,2Vehicles-Behind,BOULEVARD ARITXAGUE,M,43.48676960780583,-0.4852445739628379
201800030628,NonLethal,2018-10-26,00:30:00,NightStreelightsOn,640,24,Yes,MoreThan4Branches,Normal,2Vehicles-Behind,BAB (BOULEVARD DU),M,43.48607004577019,-0.488562651024936
201800030629,NonLethal,2018-11-01,16:15:00,Daylight,640,24,Yes,Roundabout,Overcast,NoCollision,ROND POINT DE JORLIS,M,43.4982872180212,-0.4968540565677077
201800030630,Lethal,2018-11-02,15:20:00,Daylight,640,24,Yes,NoIntersection,Normal,2Vehicles-Side,AVENUE LAROCHEFOUCAULD,M,43.488555220504345,-0.486768240847412
201800030631,NonLethal,2018-11-05,18:45:00,NightStreelightsOn,640,102,Yes,NoIntersection,LightRain,Other,BOUL. ALSACE LORRAINE,M,43.48968141201477,-0.4937374653010057
201800030632,NonLethal,2018-09-11,22:05:00,NightStreelightsOn,640,102,Yes,NoIntersection,Normal,NoCollision,MOULIN DE CASTERA,M,43.49043677166052,-0.4911417470280207
201800030633,NonLethal,2018-10-11,18:00:00,NightStreelightsOn,640,102,Yes,NoIntersection,Normal,Other,AVENUE MARECHAL SOULT,M,43.48633693791338,-0.4853347739020462
201800030634,NonLethal,2018-11-16,16:15:00,Daylight,640,102,Yes,Roundabout,Normal,2Vehicles-Side,ROND POINT PIECE NOYEE,M,43.50091874948539,-0.4976994107119368
201800030635,NonLethal,2018-11-16,16:45:00,Daylight,640,102,Yes,NoIntersection,Normal,Other,ALLEES MARINES (AVENUE D,M,43.4995719967923,-0.5002889413399861
201800030636,NonLethal,2018-11-17,19:50:00,NightStreelightsOn,640,102,Yes,NoIntersection,Normal,NoCollision,ALLEES MARINES,M,43.49814230772025,-0.4960771948703295
201800030637,NonLethal,2018-11-17,21:30:00,NightNoStreetLight,640,24,Yes,X-type,Normal,2Vehicles-Side,RUE DES ACACIAS,M,43.5026768716955,-0.5007471306570056
201800030638,NonLethal,2018-11-28,20:00:00,NightStreelightsOn,640,24,Yes,NoIntersection,Normal,NoCollision,BOULEVARD DU BAB,M,43.49377259732523,-0.4951103789226854
201800030639,NonLethal,2018-12-03,12:50:00,Daylight,640,102,Yes,NoIntersection,LightRain,2Vehicles-Behind,PONT SAINT FREDERIC,M,43.48843446229489,-0.4880895304638611
201800030640,NonLethal,2018-04-12,19:55:00,NightStreelightsOn,640,24,Yes,NoIntersection,Normal,NoCollision,AVENUE DE BAYONNE,M,43.48080742476401,-0.4839752601369449
201800030641,NonLethal,2018-12-06,02:40:00,NightStreelightsOn,640,24,Yes,NoIntersection,Other,Other,BOULEVARD DU BAB,M,43.49317607526515,-0.4931500163527419
201800030642,NonLethal,2018-06-12,17:00:00,Daylight,640,102,Yes,NoIntersection,Normal,2Vehicles-Behind,AVENUE DU GRAND BASQUE,M,43.48848404287907,-0.4895456512867254
201800030644,NonLethal,2018-12-14,19:20:00,NightStreelightsOn,640,24,Yes,NoIntersection,HeavyRain,2Vehicles-Behind,BOULEVARD DU BAB,M,43.498344221502805,-0.4960225659961572
201800030649,NonLethal,2018-01-22,12:15:00,Daylight,640,122,Yes,NoIntersection,Overcast,2Vehicles-Behind,17 RUE JEAN JAURES,M,43.47793672802418,-0.4788479083811688
201800030650,NonLethal,2018-01-29,19:50:00,NightStreelightsOn,640,122,Yes,NoIntersection,Normal,Other,BOUL MARCEL DASSAULT,M,43.45367236809814,-0.4549673340462398
201800030651,NonLethal,2018-04-02,10:00:00,Daylight,640,125,Yes,NoIntersection,LightRain,Other,RUE BURRUNTZ,M,43.439683093369695,-0.4402081682018623
201800030652,NonLethal,2018-02-22,08:45:00,Daylight,640,122,Yes,NoIntersection,Normal,Other,132 AVENUE DE PIOCHE,M,43.46925956051088,-0.4683703432501936
201800030653,NonLethal,2018-02-22,18:50:00,TwilightOrDawn,640,122,Yes,NoIntersection,Overcast,2Vehicles-BehindVehicles-Frontal,MARCEL DASSAULT (BD),M,43.45771585059181,-0.458712328739725
201800030654,NonLethal,2018-03-10,18:30:00,Daylight,640,122,Yes,NoIntersection,Normal,2Vehicles-Side,2 AVENUE EDITH CAVELL,M,43.490817767206494,-0.4912280127576208
201800030655,NonLethal,2018-11-03,06:00:00,NightStreelightsOn,640,122,Yes,NoIntersection,Normal,Other,2 RUE DES HALLES,M,43.48048781603577,-0.4809252814934233
201800030657,NonLethal,2018-04-18,17:40:00,Daylight,640,122,Yes,X-type,Normal,2Vehicles-Side,AVENUE MARECHAL JOFFRE,M,43.47552978533823,-0.4762753359264845
201800030658,NonLethal,2018-05-05,22:40:00,NightStreelightsOn,640,122,Yes,NoIntersection,Normal,Other,AVENUE DU SABAOU,M,43.47431239609442,-0.4740841516088413
201800030659,NonLethal,2018-07-05,20:50:00,TwilightOrDawn,640,122,Yes,NoIntersection,Normal,2Vehicles-Behind,AVENUE DU PRES KENNEDY,M,43.4596457459241,-0.4611966630466562
201800030660,NonLethal,2018-05-17,13:26:00,Daylight,640,122,Yes,NoIntersection,Normal,2Vehicles-Side,AVENUE DU BRAOU,M,43.48046749077608,-0.4789437853585044
201800030661,NonLethal,2018-05-18,01:20:00,NightStreelightsOn,640,122,Yes,NoIntersection,Normal,Other,AVENUE DE LA MARNE,M,43.48429746701631,-0.483599146683948
201800030662,NonLethal,2018-05-18,17:50:00,Daylight,640,122,Yes,NoIntersection,Normal,2Vehicles-BehindVehicles-Frontal,AVENUE COULAOUN,M,43.47815302693681,-0.4769781274284656
201800030663,NonLethal,2018-05-20,01:05:00,NightStreelightsOn,640,122,Yes,NoIntersection,Normal,2Vehicles-Side,AVENUE DE VERDUN,M,43.48079437074995,-0.4802784730859663
201800030664,NonLethal,2018-05-20,02:40:00,NightStreelightsOff,640,122,Yes,NoIntersection,Normal,Other,RUE LOUIS BARTHOU,M,43.48542611841535,-0.4834703575834081
201800030666,NonLethal,2018-05-23,12:26:00,Daylight,640,122,Yes,NoIntersection,Normal,Other,AVENUE LAHOUZE,M,43.481117139334295,-0.4828171354938186
201800030667,NonLethal,2018-06-03,10:57:00,Daylight,640,122,Yes,NoIntersection,Normal,2Vehicles-Behind,AVENUE DE GRAMMONT,M,43.47570108376817,-0.4744648537249774
201800030668,NonLethal,2018-06-15,00:25:00,NightStreelightsOn,640,122,Yes,NoIntersection,Normal,Other,PERS. COTE DES BASQUES,M,43.48122248548978,-0.4815672600492562
201800030669,NonLethal,2018-06-14,13:25:00,Daylight,640,122,Yes,Other,Normal,2Vehicles-Side,MOUSSE (ROND POINT DU),M,43.4675433041368,-0.4679332931025773
201800030670,NonLethal,2018-06-16,18:30:00,Daylight,640,125,Yes,NoIntersection,Normal,2Vehicles-Behind,AVENUE DE BIARRITZ,M,43.44886714051774,-0.4484697435613138
201800030671,NonLethal,2018-06-21,03:30:00,NightStreelightsOn,640,122,Yes,NoIntersection,Normal,NoCollision,BOUL. MARECHAL LECLERC,M,43.4814932835184,-0.4824930056761796
201800030672,NonLethal,2018-06-22,19:55:00,Daylight,640,122,Yes,NoIntersection,Normal,2Vehicles-Side,AVENUE DE GRAMMONT,M,43.47417424921092,-0.4766195207336324
201800030673,NonLethal,2018-06-30,20:07:00,Daylight,640,122,Yes,NoIntersection,HeavyRain,NoCollision,RUE JEAN JAURES,M,43.478342616459486,-0.4774863036023573
201800030674,NonLethal,2018-11-07,17:25:00,Daylight,640,125,Yes,NoIntersection,Normal,3+Vehicles-Multiple,AVENUE DE BAYONNE,M,43.4503381857236,-0.4517332572529092
201800030675,NonLethal,2018-07-14,04:56:00,NightStreelightsOn,640,122,Yes,NoIntersection,Overcast,Other,AV MARECHAL FOCH,M,43.47734771392853,-0.4782419916619995
201800030676,NonLethal,2018-07-14,15:15:00,Daylight,640,125,Yes,NoIntersection,Normal,2Vehicles-Side,AVENUE DE CUMBA,M,43.44885545429607,-0.4455207795417965
201800030677,NonLethal,2018-07-15,00:25:00,NightStreelightsOn,640,122,Yes,NoIntersection,Normal,Other,BOULEVARD DU BAB,M,43.481148504422826,-0.4815993024686859
201800030678,NonLethal,2018-07-16,06:10:00,NightStreelightsOn,640,125,Yes,NoIntersection,HeavyRain,2Vehicles-BehindVehicles-Frontal,AVENUE CHABADENIA,M,43.43878423559729,-0.4404958661824142
201800030681,NonLethal,2018-07-25,16:15:00,Daylight,640,122,Yes,NoIntersection,Normal,Other,RUE LARIVIERE,M,43.48138854107742,-0.4802541971227276
201800030682,NonLethal,2018-07-25,17:25:00,Daylight,640,122,Yes,NoIntersection,Normal,Other,ESPLANADE DU PORTE VIEUX,M,43.481102546374025,-0.4811982240743521
201800030683,NonLethal,2018-08-01,21:05:00,NightStreelightsOn,640,125,Yes,NoIntersection,Normal,Other,AVENUE D'ESPAGNE,M,43.429311273590834,-0.4315882456304009
201800030684,NonLethal,2018-03-08,06:00:00,NightStreelightsOn,640,122,Yes,NoIntersection,Normal,NoCollision,BOULEVARD DU BAB,M,43.47500867481791,-0.4750576069284489
201800030685,NonLethal,2018-08-08,11:05:00,Daylight,640,122,Yes,Other,Normal,2Vehicles-Side,AVENUE DE VERDUN,M,43.48042284009511,-0.4828067339928644
201800030686,NonLethal,2018-09-08,02:50:00,NightStreelightsOn,640,122,Yes,NoIntersection,StrongWindOrStorm,Other,AVENUE DE LA MILADY,M,43.468055334355725,-0.4662075941909221
201800030687,NonLethal,2018-08-10,11:35:00,Daylight,640,122,Yes,NoIntersection,Normal,Other,AVENUE CARNOT,M,43.47788733879485,-0.4789564812568151
201800030688,NonLethal,2018-08-16,06:15:00,NightStreelightsOn,640,122,Yes,NoIntersection,Normal,NoCollision,PLA GEORGES CLEMENCEAU,M,43.48300174766212,-0.4833024762913431
201800030689,NonLethal,2018-08-21,10:00:00,Daylight,640,125,Yes,NoIntersection,Normal,Other,BERRUA,M,43.43844104460416,-0.4366519151182746
201800030691,NonLethal,2018-08-23,15:05:00,Daylight,640,122,Yes,Other,Normal,2Vehicles-BehindVehicles-Frontal,AV PRESIDENT JF KENEDY,M,43.4627958135397,-0.4632018441687185
201800030692,NonLethal,2018-08-26,11:30:00,Daylight,640,122,Yes,Other,Normal,2Vehicles-Side,MAYOL DE SENILLOSA (BD),M,43.48594015384779,-0.4850574318106924
201800030693,NonLethal,2018-08-24,14:00:00,Daylight,640,122,Yes,NoIntersection,Normal,Other,AVENUE LAHOUZE,M,43.48167895436886,-0.4809159916923665
201800030695,NonLethal,2018-09-06,07:30:00,TwilightOrDawn,640,122,Yes,NoIntersection,LightRain,2Vehicles-Side,AVENUE DU PRES KENNEDY,M,43.47045315888352,-0.4698541585592763
201800030696,NonLethal,2018-09-09,00:05:00,NightStreelightsOn,640,122,Yes,NoIntersection,Normal,3+Vehicles-Multiple,BOUL. MARECHAL LECLERC,M,43.483344807287786,-0.4822356406120821
201800030697,NonLethal,2018-09-21,17:25:00,Daylight,640,122,Yes,NoIntersection,Normal,2Vehicles-Behind,BOUL MARCEL DASSAULT,M,43.47059950394518,-0.4690540096965384
201800030698,NonLethal,2018-09-25,17:54:00,Daylight,640,122,Yes,NoIntersection,Normal,2Vehicles-Side,AVENUE EDOUARD VII,M,43.485419107649264,-0.4867312485040106
201800030699,NonLethal,2018-09-26,18:30:00,Daylight,640,125,Yes,NoIntersection,Normal,Other,ATHERBEA (AVENUE),M,43.43894546151673,-0.4384910310351362
201800030700,NonLethal,2018-09-28,02:20:00,NightNoStreetLight,640,122,Yes,NoIntersection,Normal,Other,ILBARRITZ (AVENUE D'),M,43.46678930917771,-0.4635880564993295
201800030703,NonLethal,2018-10-03,23:20:00,NightStreelightsOn,640,122,Yes,NoIntersection,Normal,Other,CAVELL EDITH (AVENUE),M,43.49270072476335,-0.4924947603339544
201800030704,NonLethal,2018-10-22,18:40:00,Daylight,640,122,Yes,NoIntersection,Normal,Other,AVENUE DU PRES KENNEDY,M,43.4666586067659,-0.4668958531605732
201800030705,NonLethal,2018-10-24,18:00:00,Daylight,640,122,Yes,NoIntersection,Normal,Other,AV GENERAL MAC CROSKEY,M,43.49273163889558,-0.4905784220422002
201800030706,NonLethal,2018-11-29,20:16:00,NightStreelightsOn,640,122,Yes,Roundabout,LightRain,2Vehicles-Side,RP LUIS MARIANO,M,43.45832713771845,-0.4580791517065729