AccidentId,Gravity,Date,Hour,Light,Department,Commune,InAgglomeration,IntersectionType,Weather,CollisionType,PostalAddress,GPSCode,Latitude,Longitude
201800030707,NonLethal,2018-12-04,10:15:00,Daylight,640,122,Yes,NoIntersection,Normal,2Vehicles-Side,RUE DE PITCHOT,M,43.46648553931579,-0.4659086073424712
201800030708,NonLethal,2018-12-09,18:35:00,NightStreelightsOn,640,122,Yes,NoIntersection,Normal,3+Vehicles-Multiple,RUE DE PITCHOT,M,43.46681255371392,-0.4665075931901413
201800030711,NonLethal,2018-02-01,04:35:00,NightStreelightsOn,640,284,Yes,Roundabout,LightRain,2Vehicles-Side,AVENUE HENRI IV,M,43.277642481154174,-0.2794948040415549
201800030712,NonLethal,2018-02-01,17:01:00,Daylight,640,335,Yes,NoIntersection,LightRain,2Vehicles-Behind,CHEMIN DE LONS,M,43.322197191246254,-0.3222213028575827
201800030714,NonLethal,2018-04-01,11:00:00,Daylight,640,129,Yes,NoIntersection,Normal,2Vehicles-Behind,115 AVENUE JEAN MERMOZ,M,43.312199136651046,-0.3118838060962777
201800030715,NonLethal,2018-04-01,19:21:00,NightStreelightsOn,640,445,Yes,NoIntersection,Normal,2Vehicles-Side,20 AVENUE GASTON LACOSTE,M,43.289723406678775,-0.2910160444731904
201800030716,NonLethal,2018-05-01,12:45:00,Daylight,640,445,Yes,NoIntersection,LightRain,2Vehicles-Side,RUE STANISLAS LAVIGNE,M,43.31192386299908,-0.3127837333701695
201800030717,NonLethal,2018-08-01,09:30:00,Daylight,640,132,Yes,X-type,Normal,2Vehicles-Side,45 RU GEORGES CLEMENCEAU,M,43.28774743234787,-0.2869325281573986
201800030718,NonLethal,2018-01-09,18:28:00,NightStreelightsOn,640,445,Yes,NoIntersection,Normal,2Vehicles-Behind,AV DU GENERAL DE GAULLE,M,43.30222218501464,-0.3041814891243765
201800030719,NonLethal,2018-09-01,19:13:00,NightStreelightsOn,640,445,Yes,NoIntersection,LightRain,Other,AUDREY BENGHOZI,M,43.31813413605898,-0.3183589986694327
201800030721,NonLethal,2018-01-10,15:30:00,Daylight,640,348,Yes,Roundabout,Normal,2Vehicles-Side,BOULEVARD DE L'EUROPE,M,43.33657239263306,-0.3366812937456663
201800030723,NonLethal,2018-11-01,07:40:00,NightNoStreetLight,640,445,Yes,NoIntersection,LightRain,3+Vehicles-Chain,ALFRED NOBEL,M,43.32216646929294,-0.321795931606198
201800030724,NonLethal,2018-01-11,07:55:00,NightNoStreetLight,640,373,Yes,Roundabout,LightRain,2Vehicles-Side,RD 802,M,43.2801796060905,-0.2798591439315853
201800030725,NonLethal,2018-01-12,19:10:00,NightStreelightsOn,640,445,Yes,NoIntersection,Normal,Other,AV DU GENERAL LECLERC,M,43.30233218492103,-0.3023509696004406
201800030726,NonLethal,2018-12-01,15:45:00,Daylight,640,445,Yes,T-type,Normal,2Vehicles-Behind,OLOF PALME,M,43.34055097527628,-0.3388127292263891
201800030727,NonLethal,2018-01-12,10:03:00,Daylight,640,445,Yes,Roundabout,LightRain,2Vehicles-Side,RP ALLEES DE MORLAAS,M,43.30808010723188,-0.3065668334297916
201800030728,NonLethal,2018-01-15,15:46:00,Daylight,640,445,Yes,NoIntersection,Normal,Other,AVENUE DE SARAGOSSE,M,43.306283426218826,-0.3073442653268726
201800030729,NonLethal,2018-01-17,21:49:00,NightStreelightsOff,640,445,Yes,X-type,LightRain,2Vehicles-Side,BV D'ALSACE LORRAINE,M,43.304764039592,-0.3043479056751301
201800030732,NonLethal,2018-01-23,19:54:00,NightStreelightsOn,640,445,Yes,NoIntersection,Normal,2Vehicles-Side,15 AVENUE JEAN MERMOZ,M,43.30679193351417,-0.3071942339097538
201800030733,NonLethal,2018-01-24,08:30:00,Daylight,640,445,Yes,NoIntersection,Normal,Other,12 AVENUE DE BEZIOU,M,43.30832531971129,-0.3078932363139492
201800030734,NonLethal,2018-01-24,17:05:00,Daylight,640,348,Yes,NoIntersection,Normal,2Vehicles-Side,7 RUE ROBERT SCHUMAN,M,43.327526837335256,-0.3274887167268275
201800030735,NonLethal,2018-01-26,14:35:00,Daylight,640,445,Yes,NoIntersection,Normal,2Vehicles-Behind,AV DU CHATEAU D'ESTE,M,43.30989014016812,-0.3088646981307193
201800030736,NonLethal,2018-01-26,20:20:00,NightStreelightsOn,640,284,Yes,X-type,LightRain,2Vehicles-BehindVehicles-Frontal,48 AVENUE HENRI IV,M,43.283700772235576,-0.2840704357857168
201800030737,NonLethal,2018-01-28,20:29:00,NightStreelightsOn,640,348,Yes,T-type,Normal,2Vehicles-Side,193 AV JEAN MERMOZ,M,43.32447316961201,-0.3253315415401142
201800030738,NonLethal,2018-01-29,12:49:00,Daylight,640,335,Yes,NoIntersection,Normal,Other,2 RUE DU VALLON,M,43.33417123615461,-0.3338122481036456
201800030740,NonLethal,2018-05-02,08:00:00,TwilightOrDawn,640,445,Yes,X-type,LightRain,2Vehicles-Side,RUE PIERRE BONNARD,M,43.31141028535029,-0.3104064988874315
201800030741,NonLethal,2018-05-02,18:25:00,TwilightOrDawn,640,445,Yes,NoIntersection,LightRain,2Vehicles-BehindVehicles-Frontal,AVENUE LOUIS SALLENAVE,M,43.31711473931176,-0.3171616692082411
201800030742,NonLethal,2018-02-07,16:50:00,Daylight,640,348,Yes,NoIntersection,Normal,3+Vehicles-Chain,AVENUE MARCEL DASSAULT,M,43.2993994862161,-0.3013705851962427
201800030743,NonLethal,2018-08-02,09:28:00,Daylight,640,132,Yes,NoIntersection,SnowOrHail,2Vehicles-Behind,BOULEVARD RENE MOUCHOTTE,M,43.30235316614376,-0.3022694470540791
201800030744,NonLethal,2018-02-09,18:10:00,TwilightOrDawn,640,445,Yes,NoIntersection,LightRain,Other,248 AVENUE JEAN MERMOZ,M,43.32293845273086,-0.3235893551727961
201800030745,NonLethal,2018-02-12,10:15:00,Daylight,640,269,Yes,NoIntersection,Normal,Other,l7RUE DE PEYREBLANQUE,M,43.29664840075154,-0.2990747288400252
201800030746,NonLethal,2018-02-13,14:00:00,Daylight,640,445,Yes,NoIntersection,Normal,Other,RUE DE LA REPUBLIQUE,M,43.30039189218846,-0.2995299693538167
201800030748,NonLethal,2018-02-14,09:25:00,Daylight,640,445,Yes,X-type,LightRain,2Vehicles-Side,AVENUE DE BUROS,M,43.30650080163748,-0.3076886001590102
201800030750,NonLethal,2018-02-16,10:22:00,Daylight,640,284,Yes,NoIntersection,Normal,2Vehicles-Behind,l5 AVENUE GASTON CAMBOT,M,43.291315025141856,-0.2910937050882414
201800030751,NonLethal,2018-02-17,11:40:00,Daylight,640,445,Yes,NoIntersection,LightRain,2Vehicles-Behind,1 AVENUE DE SARAGOSSE,M,43.30858330861489,-0.308987535232386
201800030752,NonLethal,2018-02-18,12:30:00,Daylight,640,348,Yes,NoIntersection,Normal,2Vehicles-Behind,13 AVENUE DIDIER DAURAT,M,43.324912583968604,-0.3265493382352059
201800030753,NonLethal,2018-02-21,11:50:00,Daylight,640,445,Yes,NoIntersection,LightRain,2Vehicles-Side,6 RUE EMILE GARET,M,43.30216641685736,-0.3032111235851081
201800030756,NonLethal,2018-02-23,19:32:00,NightStreelightsOn,640,348,Yes,T-type,Normal,Other,"193, JEAN MERMOZ",M,43.324167454193415,-0.3246851485650301
201800030757,NonLethal,2018-02-25,23:15:00,NightStreelightsOn,640,445,Yes,NoIntersection,Normal,2Vehicles-Side,"20, ALFRED NOBEL",M,43.31020832424662,-0.3090512894203781
201800030758,NonLethal,2018-03-02,07:58:00,Daylight,640,445,Yes,NoIntersection,Normal,2Vehicles-Behind,73 AVENUE TRESPOEY,M,43.29802551723117,-0.2987249990295587
201800030760,NonLethal,2018-03-13,15:50:00,Daylight,640,445,Yes,NoIntersection,Normal,2Vehicles-Behind,BOUL D'ALSACE LORRAINE,M,43.30343648901745,-0.3032248376955026
201800030761,NonLethal,2018-03-14,19:20:00,TwilightOrDawn,640,445,Yes,T-type,Normal,2Vehicles-Side,81 RUE CASTETNAU,M,43.29864521573655,-0.2988440130342069
201800030762,NonLethal,2018-03-15,15:35:00,Daylight,640,445,Yes,NoIntersection,Normal,3+Vehicles-Chain,71 RUE CASTETNAU,M,43.299509337103615,-0.3007699162879547
201800030763,NonLethal,2018-03-16,12:00:00,Daylight,640,445,Yes,NoIntersection,LightRain,Other,36 RUE HENRI FAISANS,M,43.30108893654603,-0.2982072991392531
201800030764,NonLethal,2018-03-18,14:30:00,Daylight,640,445,Yes,NoIntersection,Normal,Other,BOULEVARD HAUTERIVE,M,43.3216544347691,-0.32271172068874
201800030766,NonLethal,2018-03-23,19:45:00,NightNoStreetLight,640,445,Yes,NoIntersection,Normal,2Vehicles-Behind,81AVENUE DU LOUP,M,43.31489942065711,-0.3144573816392936
201800030767,NonLethal,2018-03-24,01:30:00,NightStreelightsOn,640,445,Yes,NoIntersection,LightRain,Other,6 BIS RUE MARCA,M,43.29408683805594,-0.2939514424561287
201800030769,NonLethal,2018-03-24,20:08:00,NightStreelightsOn,640,445,Yes,NoIntersection,LightRain,Other,58 AV DU 14 JUILLET,M,43.28703069843544,-0.2889799262476121
201800030770,NonLethal,2018-03-26,08:05:00,Daylight,640,445,Yes,NoIntersection,LightRain,Other,JEAN JACQUES DE MONAIX,M,43.30173552596118,-0.3045393091277923
201800030771,NonLethal,2018-03-26,13:20:00,Daylight,640,348,Yes,NoIntersection,LightRain,Other,222 AV JEAN MERMOZ,M,43.31846095271999,-0.3205372174092706
201800030772,NonLethal,2018-03-26,16:25:00,Daylight,640,373,Yes,NoIntersection,Normal,3+Vehicles-Multiple,RD 802,M,43.276227553437415,-0.2782770181717057
201800030773,NonLethal,2018-03-28,12:25:00,Daylight,640,129,Yes,NoIntersection,Normal,2Vehicles-Side,13 ROUTE DE BAYONNE,M,43.300280599313496,-0.3005181358767943
201800030774,NonLethal,2018-03-29,13:53:00,Daylight,640,237,Yes,T-type,Normal,2Vehicles-Side,04 RUE SIMIN PALAY,M,43.28177696312017,-0.2826898259885272
201800030776,NonLethal,2018-04-01,15:20:00,Daylight,640,445,Yes,Other,Normal,2Vehicles-Side,RP COMBATANTS AFRIQUE NO,M,43.33774613605638,-0.3389208349750004
201800030777,NonLethal,2018-04-02,14:05:00,Daylight,640,129,Yes,Roundabout,Normal,2Vehicles-Behind,ROUTE DE BAYONNE,M,43.30412589374468,-0.3039442578261364
201800030779,NonLethal,2018-04-05,16:20:00,Daylight,640,348,Yes,Other,Normal,2Vehicles-Behind,CAMI SALIE,M,43.33547985142754,-0.3348589601922791
201800030782,NonLethal,2018-11-04,09:10:00,Daylight,640,129,Yes,Other,Normal,2Vehicles-Side,RUE DES TAMARIS,M,43.307264000009376,-0.3079868729696746
201800030783,NonLethal,2018-11-04,10:10:00,Daylight,640,348,Yes,NoIntersection,LightRain,2Vehicles-Behind,BOUL CHARLES DE GAULLE,M,43.313815672298,-0.3151400321145896
201800030784,NonLethal,2018-04-15,19:05:00,Daylight,640,445,Yes,NoIntersection,Normal,2Vehicles-Behind,MARECHAL LECLERC DU,M,43.30503963505594,-0.3060267339782995
201800030786,NonLethal,2018-04-17,19:05:00,Daylight,640,445,Yes,NoIntersection,Normal,2Vehicles-Behind,EUROPE DE LA PAIX,M,43.32126014975813,-0.3196041056145658
201800030787,NonLethal,2018-04-18,10:45:00,Daylight,640,445,Yes,X-type,Normal,2Vehicles-Side,BOULEVARD DE LA PAIX,M,43.32200406715726,-0.3203665152148863
201800030788,NonLethal,2018-04-19,11:40:00,Daylight,640,445,Yes,NoIntersection,Normal,2Vehicles-Side,AVENUE DU GENERAL LECLER,M,43.30353550440901,-0.304619280570698
201800030789,NonLethal,2018-04-20,13:30:00,Daylight,640,445,Yes,Other,Normal,2Vehicles-Side,RUE CASTETNAU,M,43.30268737697839,-0.3006443526931923
201800030792,NonLethal,2018-04-30,18:25:00,Daylight,640,445,Yes,NoIntersection,Normal,Other,AVENUE ALFRED NOBEL,M,43.30571626359578,-0.3090897460399345
201800030793,NonLethal,2018-04-05,09:05:00,Daylight,640,445,Yes,Other,LightRain,2Vehicles-Side,BOUL D'ALSACE LORRAINE,M,43.30159725687936,-0.3024596353720953
201800030794,NonLethal,2018-05-09,18:06:00,Daylight,640,348,Yes,NoIntersection,Normal,2Vehicles-BehindVehicles-Frontal,BOULEVARD DE L'EUROPE,M,43.32767994638571,-0.3283409783597951
201800030795,NonLethal,2018-05-10,03:35:00,NightStreelightsOn,640,129,Yes,NoIntersection,Normal,Other,BON ACCUEIL,M,43.31543640033534,-0.3163597843627212
201800030796,NonLethal,2018-05-10,20:36:00,Daylight,640,335,Yes,NoIntersection,Normal,Other,BOULEVARD DE L' EUROPE,M,43.33587679537839,-0.3359755675205212
201800030797,NonLethal,2018-11-05,17:19:00,Daylight,640,335,Yes,Y-type,Normal,2Vehicles-Side,MARGUERITE DE NAVARRE,M,43.31806188304061,-0.319519572029279
201800030798,NonLethal,2018-05-14,16:20:00,Daylight,640,129,Yes,NoIntersection,HeavyRain,2Vehicles-Side,AV DU CHATEAU D'ESTE,M,43.305441356998216,-0.3059238289384359
201800030799,NonLethal,2018-05-14,16:45:00,Daylight,640,445,Yes,NoIntersection,HeavyRain,3+Vehicles-Chain,BOULEVARD OLOF PALME,M,43.3386607950446,-0.3383999071330997
201800030801,NonLethal,2018-05-18,15:11:00,Daylight,640,445,Yes,NoIntersection,Normal,2Vehicles-Behind,GASTON LACOSTE,M,43.29332464489831,-0.2921130489000154
201800030802,NonLethal,2018-05-18,22:25:00,NightStreelightsOn,640,348,Yes,NoIntersection,Normal,2Vehicles-BehindVehicles-Frontal,JEAN MERMOZ,M,43.32173882327546,-0.3222454010248818
201800030803,NonLethal,2018-05-24,19:24:00,Daylight,640,445,Yes,NoIntersection,Normal,2Vehicles-Side,AV DE L'UNIVERSITE,M,43.31034939390768,-0.3121182326645638
201800030804,NonLethal,2018-05-29,07:00:00,TwilightOrDawn,640,445,Yes,NoIntersection,LightRain,2Vehicles-Behind,AVENUE GASTON LACOSTE,M,43.29352774067081,-0.2921338587147034
201800030805,NonLethal,2018-05-30,16:15:00,Daylight,640,445,Yes,NoIntersection,HeavyRain,Other,RUE DE LIVRON,M,43.29970103468869,-0.3000457158683596
201800030806,NonLethal,2018-05-31,01:00:00,NightStreelightsOff,640,445,Yes,X-type,LightRain,2Vehicles-Behind,AVENUE DES LILAS,M,43.30402195408825,-0.3044039057718393
201800030807,NonLethal,2018-05-31,10:35:00,Daylight,640,445,Yes,T-type,Overcast,2Vehicles-Side,BOULEV ALSACE LORRAINE,M,43.30072080944323,-0.3017026547877252
201800030808,NonLethal,2018-05-31,17:38:00,Daylight,640,445,Yes,NoIntersection,Normal,Other,RUE DE LIEGE,M,43.29899979034232,-0.2974689631859126
201800030809,NonLethal,2018-04-06,13:45:00,Daylight,640,445,Yes,NoIntersection,HeavyRain,2Vehicles-Behind,ALLEES DU GRAND TOUR,M,43.29874067961585,-0.3000975820700161
201800030811,NonLethal,2018-06-06,12:00:00,Daylight,640,445,Yes,X-type,Normal,2Vehicles-BehindVehicles-Frontal,RUE CASTETNAU,M,43.30148848836583,-0.3004299109434669
201800030812,NonLethal,2018-06-06,19:15:00,Daylight,640,348,Yes,Other,Normal,2Vehicles-Side,MAIL COUBERTIN,M,43.32621545502912,-0.3249253270238017
201800030813,NonLethal,2018-06-06,19:50:00,Daylight,640,129,Yes,NoIntersection,Normal,2Vehicles-Side,JEAN MERMOZ,M,43.31583688425287,-0.3161966819862207
201800030814,NonLethal,2018-08-06,11:55:00,Daylight,640,445,Yes,T-type,Normal,2Vehicles-Side,RUE BERLIOZ,M,43.31115169967582,-0.3122330983456438
201800030816,NonLethal,2018-06-08,19:45:00,Daylight,640,445,Yes,NoIntersection,Normal,Other,RUE DU l4 JUILLET,M,43.29246643371351,-0.2944068007057367
201800030817,NonLethal,2018-09-06,10:05:00,Daylight,640,445,Yes,Roundabout,LightRain,2Vehicles-Side,FRANCOIS MITTERAND,M,43.331746948043474,-0.3295876696813689
201800030818,NonLethal,2018-06-11,08:30:00,Daylight,640,348,Yes,NoIntersection,Normal,2Vehicles-Behind,CHARLES DE GAULLE,M,43.309657282736985,-0.3082256330631229
201800030819,NonLethal,2018-06-09,18:34:00,Daylight,640,445,Yes,Roundabout,Normal,3+Vehicles-Chain,RP DU SOUVENIR FRANCAIS,M,43.305762427316665,-0.3059574906567206
201800030820,NonLethal,2018-06-12,17:15:00,Daylight,640,445,Yes,NoIntersection,LightRain,3+Vehicles-Chain,EUROPE DE L',M,43.32346166064477,-0.3222271609983571
201800030821,NonLethal,2018-06-13,15:45:00,Daylight,640,335,Yes,NoIntersection,LightRain,2Vehicles-Behind,AVENUE DE TARBES,M,43.33193828201806,-0.3325096703919771
201800030822,NonLethal,2018-06-14,19:10:00,Daylight,640,445,Yes,NoIntersection,LightRain,2Vehicles-Side,LEON DARAN,M,43.29567112509768,-0.2953431838144962
201800030823,NonLethal,2018-06-20,15:10:00,Daylight,640,445,Yes,NoIntersection,Normal,3+Vehicles-Chain,RUE CASTETNAU,M,43.30211019120284,-0.302424011323994
201800030824,NonLethal,2018-06-20,16:20:00,Daylight,640,445,Yes,Roundabout,Normal,2Vehicles-Side,AVENUE LEON BLUM,M,43.32219658696707,-0.324281977274114
201800030825,NonLethal,2018-06-21,16:55:00,Daylight,640,445,Yes,NoIntersection,Normal,2Vehicles-Side,RUE DE CRAONNE,M,43.303465429356095,-0.2994930203304812
201800030826,NonLethal,2018-06-23,01:50:00,NightStreelightsOff,640,445,Yes,X-type,Normal,2Vehicles-Side,JEAN JACQUES DE MONAIX,M,43.30392056050281,-0.3022200466779055
201800030827,NonLethal,2018-06-23,23:40:00,NightStreelightsOn,640,445,Yes,X-type,Normal,2Vehicles-Side,GAMBETTA,M,43.296947662067694,-0.2969404102421078
201800030829,NonLethal,2018-06-25,09:30:00,Daylight,640,445,Yes,T-type,Normal,2Vehicles-Side,AVENUE PEBOUE,M,43.31124198040728,-0.3115946212945427
201800030830,NonLethal,2018-06-26,16:00:00,Daylight,640,445,Yes,NoIntersection,Normal,2Vehicles-Behind,BOULEVARD TOURASSE,M,43.31163218725427,-0.3131620759687107
201800030831,NonLethal,2018-07-02,18:10:00,Daylight,640,445,Yes,NoIntersection,Normal,Other,JEAN MERMOZ,M,43.31596521964316,-0.3151799830835569
201800030832,NonLethal,2018-07-04,18:07:00,Daylight,640,445,Yes,NoIntersection,Normal,2Vehicles-BehindVehicles-Frontal,JEAN MOULIN,M,43.29522311177176,-0.2954765276592362
201800030833,NonLethal,2018-05-07,11:50:00,Daylight,640,284,Yes,Other,Normal,2Vehicles-Behind,AVENUE DU 8 MAI 1945,M,43.279042056065016,-0.2793611912449594
201800030834,NonLethal,2018-07-05,16:20:00,Daylight,640,348,Yes,NoIntersection,Normal,2Vehicles-Side,MAIL DE L'HIPPODROME,M,43.32739324908425,-0.3275539664765811
201800030835,NonLethal,2018-07-07,13:30:00,Daylight,640,445,Yes,NoIntersection,Normal,Other,GASTON LACOSTE,M,43.293379638206375,-0.2924275389691088
201800030836,NonLethal,2018-10-07,13:30:00,Daylight,640,445,Yes,Other,Normal,2Vehicles-Side,CORPS FRANC POMMIES,M,43.30726342702627,-0.3044247496466503
201800030837,NonLethal,2018-07-14,23:20:00,NightStreelightsOn,640,445,Yes,NoIntersection,HeavyRain,Other,JEAN JACQUES DE MONAIX,M,43.3036243560271,-0.3019914593327092
201800030838,NonLethal,2018-07-13,22:53:00,NightStreelightsOn,640,445,Yes,Other,Normal,2Vehicles-BehindVehicles-Frontal,RUE LOUIS BARTHOU,M,43.29295406249884,-0.2952450762685741
201800030839,NonLethal,2018-07-20,17:30:00,Daylight,640,445,Yes,NoIntersection,Normal,Other,HENRI FAISANS,M,43.30087642310481,-0.3009775179632572
201800030841,NonLethal,2018-07-20,20:40:00,Daylight,640,445,Yes,MoreThan4Branches,LightRain,2Vehicles-Side,AV EGLISE SAINT-JOSEPH,M,43.30514207490154,-0.3069023151366019
201800030842,NonLethal,2018-07-24,12:20:00,Daylight,640,445,Yes,NoIntersection,Normal,2Vehicles-BehindVehicles-Frontal,AVENUE DE SARAGOSSE,M,43.30821572378808,-0.3066005001697988
201800030843,NonLethal,2018-07-24,15:43:00,Daylight,640,445,Yes,NoIntersection,Normal,2Vehicles-Behind,RUE CASTETNAU,M,43.30146797184469,-0.3014876768975988
201800030844,NonLethal,2018-07-27,21:00:00,TwilightOrDawn,640,445,Yes,T-type,Normal,2Vehicles-Side,EMILE GARET,M,43.30062506883643,-0.2988303392583386
201800030845,NonLethal,2018-07-27,11:55:00,Daylight,640,445,Yes,T-type,Normal,2Vehicles-Side,VICTOR LADEVEZE,M,43.3074716432983,-0.3073021874255152
201800030846,NonLethal,2018-07-27,21:10:00,Daylight,640,445,Yes,Other,Normal,2Vehicles-Side,MARCA,M,43.29463617760705,-0.2944180944904884
201800030847,NonLethal,2018-08-03,08:10:00,Daylight,640,132,Yes,NoIntersection,Normal,2Vehicles-Side,AV CORPS FRANC POMMIES,M,43.30520555014182,-0.3052734349134743
201800030848,NonLethal,2018-08-03,20:55:00,Daylight,640,445,Yes,NoIntersection,Normal,2Vehicles-Side,RECTEUR JEAN SARRAILH,M,43.31013888776116,-0.3106995430884046
201800030849,NonLethal,2018-04-08,13:05:00,Daylight,640,348,Yes,NoIntersection,Normal,Other,AVENUE DE L'HIPPODROME,M,43.34108999010081,-0.3401629802768727
201800030850,NonLethal,2018-07-08,17:20:00,Daylight,640,348,Yes,NoIntersection,Normal,2Vehicles-Behind,AVENUE DIDIER DAURAT,M,43.33154807463863,-0.3291647042048163
201800030851,NonLethal,2018-07-08,17:40:00,Daylight,640,348,Yes,NoIntersection,Normal,3+Vehicles-Chain,AV MARTYRS DU PONT LONG,M,43.34481376120331,-0.3451737529197689
201800030852,NonLethal,2018-08-09,08:59:00,Daylight,640,335,Yes,NoIntersection,Normal,2Vehicles-Side,BOULEVARD DE L'EUROPE,M,43.321177924766815,-0.3194703791749044
201800030853,NonLethal,2018-08-13,15:01:00,Daylight,640,445,Yes,NoIntersection,LightRain,2Vehicles-Behind,ALFRED NOBEL,M,43.32001552701319,-0.3197675248086319
201800030854,NonLethal,2018-08-16,09:55:00,Daylight,640,445,Yes,NoIntersection,Normal,2Vehicles-Side,AVENUE JEAN BIRAY,M,43.29376114592713,-0.2925743219319775
201800030855,NonLethal,2018-08-19,11:55:00,Daylight,640,445,Yes,NoIntersection,Normal,2Vehicles-Behind,JEAN MERMOZ,M,43.31533433979251,-0.3134461227654887
201800030856,NonLethal,2018-08-20,07:25:00,TwilightOrDawn,640,445,Yes,T-type,Normal,2Vehicles-Side,NORMAN PRINCE,M,43.30857658284154,-0.308118021325768
201800030857,NonLethal,2018-08-21,09:30:00,Daylight,640,445,Yes,NoIntersection,Normal,Other,HONORE BARADAT,M,43.302687049207385,-0.3037754041515268
201800030858,NonLethal,2018-08-23,15:05:00,Daylight,640,445,Yes,NoIntersection,Normal,2Vehicles-BehindVehicles-Frontal,MONTPENSIER,M,43.300643209649024,-0.3014632228676661
201800030859,NonLethal,2018-08-27,12:50:00,Daylight,640,445,Yes,NoIntersection,Normal,2Vehicles-Behind,JEAN MERMOZ,M,43.31534472515072,-0.3151834850352401
201800030860,NonLethal,2018-08-27,21:15:00,NightStreelightsOn,640,335,Yes,T-type,Normal,2Vehicles-Side,BOULEVARD DE L'EUROPE,M,43.33351163250365,-0.3343473748621652
201800030861,NonLethal,2018-08-31,09:07:00,Daylight,640,445,Yes,NoIntersection,Normal,3+Vehicles-Chain,LEON BERARD,M,43.31253296476,-0.3128257707826464
201800030862,NonLethal,2018-08-31,18:25:00,Daylight,640,445,Yes,Other,Normal,2Vehicles-Behind,JEAN MERMOZ,M,43.32464139254011,-0.3234245253783043
201800030865,NonLethal,2018-09-03,15:34:00,Daylight,640,445,Yes,T-type,Normal,2Vehicles-Side,AV GENERAL DE GAULLE,M,43.30045539457918,-0.3005895277948124
201800030866,NonLethal,2018-03-09,16:35:00,Daylight,640,445,Yes,NoIntersection,Normal,2Vehicles-Side,EMILE GUICHENNE,M,43.29926226379823,-0.3019129752832251
201800030867,NonLethal,2018-09-04,19:40:00,Daylight,640,284,Yes,NoIntersection,Normal,2Vehicles-BehindVehicles-Frontal,GEORGES GUYNEMER,M,43.29073503888992,-0.2919169380669115
201800030868,NonLethal,2018-09-05,15:55:00,Daylight,640,445,Yes,NoIntersection,Normal,3+Vehicles-Chain,LEON BERARD,M,43.312124905264845,-0.3109053729631478
201800030869,NonLethal,2018-06-09,10:00:00,Daylight,640,445,Yes,Other,Normal,Other,CONDORCET,M,43.315847403891205,-0.314565845121674
201800030870,NonLethal,2018-07-09,08:00:00,Daylight,640,445,Yes,T-type,Overcast,2Vehicles-Side,TRESPOEY,M,43.30062738513077,-0.2988912706761454
201800030871,NonLethal,2018-08-09,18:15:00,Daylight,640,129,Yes,NoIntersection,Normal,2Vehicles-BehindVehicles-Frontal,ROUTE DE BAYONNE,M,43.30246272624406,-0.3018305709996784
201800030872,NonLethal,2018-09-10,13:25:00,Daylight,640,445,Yes,NoIntersection,Normal,2Vehicles-BehindVehicles-Frontal,BOUL DALSACE LORRAINE,M,43.30586349165738,-0.305333492262461
201800030874,NonLethal,2018-09-12,07:20:00,TwilightOrDawn,640,445,Yes,X-type,Normal,2Vehicles-Side,RUE CASTETNAU,M,43.301414273342,-0.3013317411936687
201800030875,NonLethal,2018-12-09,15:25:00,Daylight,640,445,Yes,T-type,Normal,2Vehicles-Side,RUE MICHELET,M,43.30418663386472,-0.3023804112358347
201800030876,NonLethal,2018-12-09,16:50:00,Daylight,640,445,Yes,NoIntersection,LightRain,2Vehicles-Behind,AV DU STADE NAUTIQUE,M,43.29590653268759,-0.2976820126617373
201800030877,NonLethal,2018-12-09,14:40:00,Daylight,640,348,Yes,NoIntersection,Normal,3+Vehicles-Multiple,AV FRERES MONTGOLFIER,M,43.30306846658132,-0.3047682927364235
201800030880,NonLethal,2018-09-15,08:40:00,Daylight,640,445,Yes,Roundabout,Normal,2Vehicles-Side,PLACE PEYROULET,M,43.30340801896132,-0.3048181002430778
201800030881,NonLethal,2018-09-15,15:30:00,Daylight,640,348,Yes,NoIntersection,Normal,2Vehicles-Behind,BOUL CHARLES DE GAULLE,M,43.31364126336276,-0.3124535838479441
201800030882,NonLethal,2018-09-15,18:20:00,Daylight,640,445,Yes,Other,Other,2Vehicles-Side,COMBATTANTS D' INDOCHINE,M,43.31951381328901,-0.3190692099123169
201800030883,NonLethal,2018-09-14,08:50:00,Daylight,640,129,Yes,NoIntersection,Normal,2Vehicles-Side,RUE DU PIEMONT,M,43.30549730789131,-0.304556070496517
201800030884,NonLethal,2018-09-17,07:40:00,TwilightOrDawn,640,348,Yes,NoIntersection,Normal,2Vehicles-Side,FRERES WRIGHT DES,M,43.34925331829144,-0.3476933490261191
201800030885,NonLethal,2018-09-14,20:50:00,NightStreelightsOn,640,445,Yes,T-type,Normal,3+Vehicles-Multiple,JEAN MERMOZ,M,43.30863671855983,-0.3120698020964277
201800030886,NonLethal,2018-09-15,21:30:00,NightStreelightsOn,640,445,Yes,X-type,Normal,2Vehicles-Side,FEDERICO GARCIA LORCA,M,43.307764972704526,-0.3061403804268829
201800030887,NonLethal,2018-09-15,11:40:00,Daylight,640,132,Yes,Roundabout,Normal,2Vehicles-Side,CHEMIN DU HOURAT,M,43.29788914019669,-0.2995723947078332
201800030888,NonLethal,2018-09-18,09:40:00,Daylight,640,129,Yes,NoIntersection,Normal,2Vehicles-Side,ROUTE DE BAYONNE,M,43.30376697652208,-0.3042822384783256
201800030889,NonLethal,2018-09-18,18:00:00,Daylight,640,445,Yes,NoIntersection,Normal,2Vehicles-Behind,RUE HENRI FAISANS,M,43.29957867820144,-0.2997334716278628
201800030890,NonLethal,2018-09-18,18:30:00,Daylight,640,445,Yes,X-type,Normal,2Vehicles-Side,AVENUE DU LOUP,M,43.318332716206434,-0.318196248114432
201800030891,NonLethal,2018-09-20,12:30:00,Daylight,640,445,Yes,NoIntersection,Normal,2Vehicles-Side,NORMAN PRINCE,M,43.30499096988712,-0.3048634485150903
201800030892,NonLethal,2018-09-23,04:30:00,NightStreelightsOn,640,445,Yes,NoIntersection,Normal,2Vehicles-Behind,14 JUILLET DU,M,43.29276301387984,-0.2934699434248939