AccidentId,Gravity,Date,Hour,Light,Department,Commune,InAgglomeration,IntersectionType,Weather,CollisionType,PostalAddress,GPSCode,Latitude,Longitude
201800030893,NonLethal,2018-09-22,23:49:00,NightNoStreetLight,640,348,Yes,NoIntersection,Normal,2Vehicles-BehindVehicles-Frontal,JEAN MERMOZ,M,43.32436327796893,-0.3266590859052807
201800030894,NonLethal,2018-09-21,15:33:00,Daylight,640,445,Yes,NoIntersection,Normal,Other,AVENUE GASTON PHOEBUS,M,43.29986988602171,-0.3022029369107727
201800030895,NonLethal,2018-09-24,12:30:00,Daylight,640,132,Yes,T-type,Overcast,2Vehicles-Side,BEAU SOLEIL,M,43.298953617044965,-0.2991508959232321
201800030896,NonLethal,2018-09-25,05:55:00,TwilightOrDawn,640,445,Yes,NoIntersection,Normal,2Vehicles-Behind,JACQUES TERRIER,M,43.28950823624496,-0.2885662031340828
201800030897,NonLethal,2018-09-26,08:00:00,Daylight,640,445,Yes,NoIntersection,Normal,2Vehicles-Behind,JEAN MERMOZ,M,43.31158464321472,-0.3101838291924991
201800030898,NonLethal,2018-09-26,17:45:00,Daylight,640,445,Yes,NoIntersection,Normal,Other,AVENUE DE BUROS,M,43.30753236138557,-0.3089159438167636
201800030899,NonLethal,2018-09-27,18:10:00,Daylight,640,445,Yes,NoIntersection,Normal,2Vehicles-Side,AVENUE D'ETIGNY,M,43.29638883860222,-0.2966506237721272
201800030901,NonLethal,2018-09-30,00:40:00,NightNoStreetLight,640,335,Yes,NoIntersection,Normal,Other,CH DES ARROUMBEGAS,M,43.33733518017085,-0.3369906400732165
201800030902,NonLethal,2018-02-10,10:12:00,Daylight,640,445,Yes,NoIntersection,Normal,2Vehicles-Side,RAYMOND DE CARBONNIERES,M,43.30335057726582,-0.3037062332490596
201800030903,NonLethal,2018-10-02,13:55:00,Daylight,640,445,Yes,NoIntersection,Normal,2Vehicles-Side,BOULEVARD DE LA PAIX,M,43.32257882462399,-0.3220743737344886
201800030904,NonLethal,2018-10-02,20:30:00,NightStreelightsOn,640,348,Yes,NoIntersection,Normal,2Vehicles-Side,JEAN MERMOZ,M,43.32285301530068,-0.3242347033568169
201800030905,NonLethal,2018-03-10,08:45:00,Daylight,640,445,Yes,T-type,VeryGood,2Vehicles-Side,LEON BLUM,M,43.31251657577982,-0.3131250776413706
201800030906,NonLethal,2018-10-03,12:10:00,Daylight,640,129,Yes,NoIntersection,Normal,Other,PLEIADE,M,43.30561703199488,-0.3047283342343175
201800030907,NonLethal,2018-10-04,10:15:00,Daylight,640,445,Yes,NoIntersection,Normal,Other,14 JUILLET DU,M,43.29324411895469,-0.2927654672846305
201800030908,NonLethal,2018-10-05,12:05:00,Daylight,640,445,Yes,NoIntersection,Normal,2Vehicles-Side,GASTON LACOSTE,M,43.29324636813164,-0.2929767335772136
201800030909,NonLethal,2018-10-06,15:15:00,Daylight,640,445,Yes,Other,Normal,2Vehicles-Side,JOSEPH DE PESQUIDOUX,M,43.3150233780641,-0.3156502807737389
201800030911,NonLethal,2018-09-10,14:45:00,Daylight,640,445,Yes,Roundabout,Normal,Other,AVENUE ALFRED NOBEL,M,43.31852235160664,-0.3215631223083973
201800030912,NonLethal,2018-09-10,18:35:00,Daylight,640,445,Yes,NoIntersection,Normal,Other,GAMBETTA,M,43.296505774267565,-0.2973453832795383
201800030913,NonLethal,2018-10-10,10:30:00,Daylight,640,445,Yes,NoIntersection,Normal,2Vehicles-Side,JEAN MERMOZ,M,43.31427454944865,-0.3134124775840799
201800030914,NonLethal,2018-10-11,18:50:00,Daylight,640,445,Yes,Roundabout,Normal,3+Vehicles-Multiple,PLACE PEYROULET,M,43.30414307081369,-0.3043624118040479
201800030916,NonLethal,2018-10-13,13:05:00,Daylight,640,348,Yes,NoIntersection,Normal,3+Vehicles-Chain,JEAN MERMOZ,M,43.319451215952746,-0.320897520858311
201800030917,NonLethal,2018-10-16,14:20:00,Daylight,640,445,Yes,NoIntersection,Normal,2Vehicles-BehindVehicles-Frontal,RUE DU MARECHAL JUIN,M,43.30687636710742,-0.3068328896103904
201800030918,NonLethal,2018-10-16,16:00:00,Daylight,640,445,Yes,NoIntersection,Normal,Other,AVENUE GASTON LACOSTE,M,43.29203354143297,-0.2933444986088565
201800030919,NonLethal,2018-10-18,07:55:00,TwilightOrDawn,640,445,Yes,NoIntersection,Normal,Other,RUE DU QUATORZE JUILLET,M,43.29093613927884,-0.2897481298501269
201800030920,NonLethal,2018-10-22,13:55:00,Daylight,640,348,Yes,NoIntersection,Normal,2Vehicles-Behind,BOULEVARD DE L'EUROPE,M,43.325317205729725,-0.3219288859277188
201800030922,NonLethal,2018-10-23,16:25:00,Daylight,640,445,Yes,T-type,Normal,2Vehicles-Side,HENRI FAISANS,M,43.30198638125256,-0.3020482541318797
201800030923,NonLethal,2018-10-20,16:35:00,Daylight,640,445,Yes,NoIntersection,Normal,Other,ROUTE DE BUROS,M,43.33174584923297,-0.3316008362904823
201800030924,NonLethal,2018-10-25,20:15:00,NightStreelightsOn,640,445,Yes,T-type,Normal,2Vehicles-Behind,AVENUE TRESPOEY,M,43.29829469275328,-0.2997328062452687
201800030925,NonLethal,2018-10-27,18:35:00,Daylight,640,348,Yes,NoIntersection,Normal,2Vehicles-Behind,BOUL CHARLES DE GAULLE,M,43.31794613320282,-0.316306925781023
201800030926,NonLethal,2018-10-27,23:02:00,NightStreelightsOn,640,445,Yes,T-type,Normal,NoCollision,BOUL D'ALSACE LORRAINE,M,43.30755251747373,-0.305669155622494
201800030927,NonLethal,2018-10-30,17:00:00,Daylight,640,132,Yes,X-type,Normal,2Vehicles-Side,GEORGES CLEMENCEAU,M,43.28953362278216,-0.2887772887269751
201800030929,NonLethal,2018-05-11,16:50:00,Daylight,640,445,Yes,NoIntersection,Normal,2Vehicles-Side,OLOF PALME,M,43.33840188507481,-0.3400815645729593
201800030930,NonLethal,2018-11-06,12:10:00,Daylight,640,445,Yes,MoreThan4Branches,LightRain,2Vehicles-Side,ETIGNY D',M,43.29376613114409,-0.2954814553338477
201800030931,NonLethal,2018-11-06,16:38:00,Daylight,640,445,Yes,NoIntersection,Overcast,3+Vehicles-Chain,BOULEVARD DE L'EUROPE,M,43.31869470204422,-0.3189988555043843
201800030932,NonLethal,2018-11-07,10:10:00,Daylight,640,445,Yes,NoIntersection,LightRain,2Vehicles-Behind,JEAN BIRAY,M,43.2912327005972,-0.2917900336945869
201800030933,NonLethal,2018-08-11,19:55:00,NightStreelightsOn,640,445,Yes,X-type,Normal,2Vehicles-Side,MONTPENSIER,M,43.30318571042704,-0.3039775699595667
201800030934,NonLethal,2018-10-11,16:20:00,Daylight,640,335,Yes,X-type,Normal,2Vehicles-Side,JEAN JAURES,M,43.31850266400705,-0.3193417828805719
201800030935,NonLethal,2018-11-15,15:50:00,Daylight,640,284,Yes,X-type,Normal,2Vehicles-Side,CORPS FRANC POMMIES,M,43.29205619816935,-0.2920637037905472
201800030936,NonLethal,2018-11-16,07:10:00,NightStreelightsOn,640,445,Yes,X-type,Normal,2Vehicles-BehindVehicles-Frontal,ALLEES DE MORLAAS,M,43.30327654539672,-0.3041381951403795
201800030937,NonLethal,2018-11-16,07:35:00,TwilightOrDawn,640,335,No,Roundabout,Normal,2Vehicles-Behind,RD 817,M,43.34303328398816,-0.3442206246894138
201800030938,NonLethal,2018-11-16,18:25:00,NightStreelightsOn,640,445,Yes,NoIntersection,Normal,3+Vehicles-Chain,CONDORCET,M,43.31679271841273,-0.3188896515256924
201800030939,NonLethal,2018-11-19,08:47:00,TwilightOrDawn,640,445,Yes,NoIntersection,FogOrSmoke,2Vehicles-Behind,BOULEVARD DE L'EUROPE,M,43.32238803702218,-0.3191476235195392
201800030940,NonLethal,2018-11-21,19:10:00,NightStreelightsOn,640,445,Yes,NoIntersection,Normal,3+Vehicles-Chain,BOULEVARD DE LA PAIX,M,43.316953277429086,-0.3183436968021909
201800030941,NonLethal,2018-11-24,18:35:00,NightStreelightsOn,640,445,Yes,NoIntersection,Normal,3+Vehicles-Chain,DIDIER DAURAT,M,43.33098560054796,-0.3291057879693919
201800030942,NonLethal,2018-11-25,21:00:00,NightStreelightsOn,640,445,Yes,NoIntersection,Normal,Other,RONSARD,M,43.31824987764288,-0.3179218782022414
201800030944,NonLethal,2018-11-28,12:10:00,Daylight,640,445,Yes,NoIntersection,Normal,2Vehicles-Side,LEON BLUM,M,43.32590749136831,-0.3239895126760023
201800030945,NonLethal,2018-11-28,11:20:00,Daylight,640,445,Yes,Other,Normal,NoCollision,RUE DU 14 JUILLET,M,43.29171709951814,-0.2913651854366748
201800030946,NonLethal,2018-11-29,08:10:00,TwilightOrDawn,640,445,Yes,NoIntersection,Normal,2Vehicles-Side,RUE D'ETIGNY,M,43.29836955679477,-0.2970082089825946
201800030947,NonLethal,2018-11-29,13:45:00,Daylight,640,445,Yes,X-type,Normal,2Vehicles-Side,LEON JOUHAUX,M,43.3118581744526,-0.3111735545809886
201800030948,NonLethal,2018-11-29,17:50:00,TwilightOrDawn,640,445,Yes,NoIntersection,Normal,2Vehicles-Behind,AV DU GENERAL LECLERC,M,43.30446426112538,-0.3050387470649392
201800030949,NonLethal,2018-11-30,21:30:00,NightStreelightsOn,640,445,Yes,NoIntersection,Normal,2Vehicles-Side,RECTEUR JEAN SARRAILH,M,43.30889482887425,-0.3114108111763694
201800030950,NonLethal,2018-01-12,16:25:00,Daylight,640,335,No,NoIntersection,Normal,3+Vehicles-Chain,RD 945,M,43.35605076606655,-0.3563139366035381
201800030952,NonLethal,2018-02-12,19:50:00,NightStreelightsOn,640,348,Yes,NoIntersection,Normal,2Vehicles-BehindVehicles-Frontal,AVENUE DE SANTONA,M,43.320494905466965,-0.3196757239174371
201800030953,NonLethal,2018-06-12,08:40:00,Daylight,640,445,Yes,NoIntersection,Normal,2Vehicles-Behind,LEON BERARD,M,43.31860011354994,-0.3164945827533433
201800030954,NonLethal,2018-03-12,22:15:00,NightStreelightsOn,640,445,Yes,NoIntersection,Normal,2Vehicles-Side,RUE CARNOT,M,43.30259864038781,-0.3017347175213971
201800030955,NonLethal,2018-12-07,09:30:00,Daylight,640,269,Yes,NoIntersection,Normal,2Vehicles-Behind,ROUTE DE TARBES,M,43.299264890893866,-0.2964064416605297
201800030956,NonLethal,2018-12-07,13:50:00,Daylight,640,445,Yes,T-type,Normal,2Vehicles-Side,14 JUILLET DU,M,43.28749602160803,-0.2873924916412582
201800030957,NonLethal,2018-12-07,22:30:00,NightStreelightsOn,640,129,Yes,NoIntersection,LightRain,NoCollision,AVENUE DE LONS,M,43.312225025624656,-0.3104421017463006
201800030958,NonLethal,2018-12-11,20:30:00,NightStreelightsOn,640,445,Yes,NoIntersection,Normal,2Vehicles-BehindVehicles-Frontal,BOULEVARD TOURASSE,M,43.3115685510433,-0.3108570128473867
201800030959,NonLethal,2018-12-12,18:35:00,NightNoStreetLight,640,348,No,NoIntersection,Normal,2Vehicles-BehindVehicles-Frontal,NORMANDIE NIEMEN DU,M,43.35272248549629,-0.3532836489546569
201800030960,NonLethal,2018-12-13,13:55:00,Daylight,640,445,Yes,NoIntersection,LightRain,2Vehicles-Behind,BOULEVARD DE L'EUROPE,M,43.33008054794733,-0.3291581459593936
201800030961,NonLethal,2018-12-13,16:55:00,TwilightOrDawn,640,445,Yes,NoIntersection,LightRain,Other,RUE MONTPENSIER,M,43.29989354604727,-0.2992030239688082
201800030963,NonLethal,2018-12-15,18:00:00,NightStreelightsOn,640,445,Yes,NoIntersection,LightRain,Other,EDOUARD VII,M,43.29622445790061,-0.2983329008578974
201800030964,NonLethal,2018-12-17,17:00:00,Daylight,640,445,Yes,X-type,Normal,Other,RUE D'ETIGNY,M,43.29736491540545,-0.2978763800109992
201800030965,NonLethal,2018-12-18,19:40:00,NightStreelightsOn,640,445,Yes,NoIntersection,Normal,3+Vehicles-Chain,BOULEVARD DU CAMI SALIE,M,43.33180986122399,-0.3310203017932113
201800030966,NonLethal,2018-12-20,21:30:00,NightStreelightsOn,640,348,No,NoIntersection,Normal,Other,EUROPE DE L',M,43.30824195366876,-0.3128340722147117
201800030967,NonLethal,2018-12-23,17:25:00,TwilightOrDawn,640,269,Yes,NoIntersection,Normal,2Vehicles-Side,ROUTE DE TARBES,M,43.29832192895517,-0.2996278594687176
201800030968,NonLethal,2018-12-24,07:25:00,NightStreelightsOn,640,445,Yes,NoIntersection,Normal,2Vehicles-Side,RUE DU QUATORZE JUILLET,M,43.29233354199659,-0.2934156746728563
201800030969,NonLethal,2018-12-25,08:10:00,TwilightOrDawn,640,284,Yes,NoIntersection,Normal,Other,RD 802,M,43.27949072136534,-0.2792529413370889
201800030970,NonLethal,2018-12-27,07:00:00,NightStreelightsOn,640,445,Yes,X-type,Normal,2Vehicles-Side,ALFRED NOBEL,M,43.30850458971063,-0.3080678416583412
201800030971,NonLethal,2018-12-29,20:20:00,NightStreelightsOn,640,445,Yes,NoIntersection,Normal,Other,LOUIS SALLENAVE,M,43.31838510348166,-0.3178885909841218
201800030972,NonLethal,2018-12-31,20:30:00,NightNoStreetLight,640,335,No,T-type,FogOrSmoke,2Vehicles-Side,RD 8l7,M,43.33883015464266,-0.340752673562204
201800030973,NonLethal,2018-01-08,14:05:00,Daylight,640,483,No,NoIntersection,Normal,2Vehicles-Side,AVENUE DE CHANTACO,M,43.37955259969212,-0.3812179708405366
201800030974,NonLethal,2018-12-01,19:00:00,NightStreelightsOn,640,483,Yes,NoIntersection,LightRain,Other,AVENUE ANDRE ITHURRALDE,M,43.39090524306304,-0.3913458959106872
201800030975,NonLethal,2018-01-15,11:20:00,Daylight,640,260,Yes,NoIntersection,Normal,2Vehicles-Behind,ROUTE DE BEHOBIE,M,43.35236299703761,-0.351081311294215
201800030976,NonLethal,2018-01-16,22:15:00,NightStreelightsOn,640,483,Yes,NoIntersection,HeavyRain,2Vehicles-Side,1 RUE VEYRIN PHILIPPE,M,43.38680111564848,-0.3863549365035442
201800030977,NonLethal,2018-01-24,17:30:00,Daylight,640,483,Yes,NoIntersection,Normal,2Vehicles-BehindVehicles-Frontal,BOULEVARD ADOLPHE THIERS,M,43.39325435740826,-0.3923645482425736
201800030978,NonLethal,2018-01-24,19:55:00,NightStreelightsOn,640,260,Yes,NoIntersection,Normal,Other,PONT SAINT JACQUES,M,43.35063537791756,-0.3492921513125801
201800030979,NonLethal,2018-01-26,17:40:00,NightStreelightsOn,640,189,Yes,NoIntersection,HeavyRain,2Vehicles-Side,ROND POINT DES EVADES,M,43.38254439507231,-0.3840156643631396
201800030980,NonLethal,2018-01-27,12:30:00,Daylight,640,483,No,NoIntersection,Overcast,2Vehicles-BehindVehicles-Frontal,VIEILLE ROUTE SAINT PEE,M,43.38725023884264,-0.3900384155548255
201800030981,NonLethal,2018-10-02,16:38:00,Daylight,640,483,Yes,NoIntersection,Normal,2Vehicles-Side,AVENUE ANDRE ITHURRALDE,M,43.3887239810611,-0.3913652277996915
201800030982,NonLethal,2018-02-17,17:20:00,Daylight,640,483,Yes,NoIntersection,HeavyRain,Other,AVENUE GREGORIO MARANON,M,43.38584917366767,-0.385247699909872
201800030983,NonLethal,2018-02-03,18:14:00,Daylight,640,189,Yes,X-type,Normal,2Vehicles-Side,AV GABRIEL DELAUNAY,M,43.38402998445901,-0.3820760001119269
201800030984,NonLethal,2018-02-03,21:10:00,NightStreelightsOn,640,483,Yes,NoIntersection,Normal,2Vehicles-Side,BOULEVARD ADOLPHE THIERS,M,43.39169650169066,-0.3928281361831952
201800030985,NonLethal,2018-11-03,11:07:00,Daylight,640,260,Yes,NoIntersection,Normal,2Vehicles-Side,"43, RUE D'AIIZPURDI",M,43.35670128037061,-0.3573532906925105
201800030986,NonLethal,2018-03-16,15:30:00,Daylight,640,483,Yes,NoIntersection,Normal,2Vehicles-Behind,AVENUE DE CHANTACO,M,43.38421833971351,-0.3845195466288398
201800030987,NonLethal,2018-03-16,16:00:00,Daylight,640,545,Yes,NoIntersection,Normal,2Vehicles-Side,ROUTE DE CIBOURE,M,43.35217369639121,-0.3529267342582632
201800030988,NonLethal,2018-03-20,21:15:00,NightStreelightsOn,640,483,Yes,NoIntersection,Normal,3+Vehicles-Multiple,AVENUE ANDRE ITHURRALDE,M,43.39548879911975,-0.3945077324983517
201800030989,NonLethal,2018-03-22,11:20:00,Daylight,640,249,Yes,NoIntersection,Normal,2Vehicles-Side,230 AVENUE GETARIA,M,43.42366515594172,-0.4231306446513608
201800030990,NonLethal,2018-04-14,13:20:00,Daylight,640,189,Yes,NoIntersection,Normal,3+Vehicles-Multiple,RD 913,M,43.3760246275841,-0.3756827435095101
201800030991,NonLethal,2018-04-17,17:30:00,Daylight,640,260,Yes,NoIntersection,Normal,2Vehicles-Behind,RD 811,M,43.35205797444157,-0.3515856280160414
201800030992,NonLethal,2018-04-21,10:07:00,Daylight,640,483,No,NoIntersection,Normal,2Vehicles-Behind,VIEILLE ROUTE SAINT PEE,M,43.3890996260946,-0.3878460753839901
201800030993,NonLethal,2018-04-25,11:55:00,Daylight,640,545,Yes,NoIntersection,Normal,3+Vehicles-Multiple,RD 810,M,43.36286773768917,-0.3643725377130804
201800030994,NonLethal,2018-04-25,14:25:00,Daylight,640,260,Yes,NoIntersection,Normal,2Vehicles-Side,BOUL DE L'EMPEREUR,M,43.36216603643944,-0.3614619799104995
201800030995,NonLethal,2018-02-05,08:15:00,Daylight,640,483,Yes,NoIntersection,Normal,2Vehicles-Side,AVENUE P LARRAMENDY,M,43.38262359694332,-0.3832514974387802
201800030996,NonLethal,2018-04-05,16:40:00,Daylight,640,483,Yes,NoIntersection,Normal,2Vehicles-Side,AVENUE ANDRE ITHURRALDE,M,43.3910989958807,-0.3931087730773874
201800030997,NonLethal,2018-05-11,01:35:00,NightStreelightsOn,640,249,Yes,NoIntersection,Normal,Other,AVENUE GENERAL DE GAULLE,M,43.42520537268664,-0.42637957310797
201800030998,NonLethal,2018-05-14,12:30:00,Daylight,640,260,Yes,NoIntersection,Normal,2Vehicles-Behind,RUE CHARLES DE GAULLE,M,43.35307519345383,-0.3546843385793971
201800030999,NonLethal,2018-05-21,18:55:00,Daylight,640,260,Yes,NoIntersection,Normal,Other,BOUL GENERAL LECLERC,M,43.37232733545324,-0.3721349653922438
201800031000,NonLethal,2018-05-31,09:20:00,Daylight,640,189,Yes,NoIntersection,Normal,2Vehicles-Behind,AVENUE JEAN JAURES,M,43.3816039439551,-0.3817744858346334
201800031001,NonLethal,2018-06-04,13:20:00,Daylight,640,483,Yes,NoIntersection,Normal,Other,PLACE FOCH,M,43.38772238318435,-0.3860112393122398
201800031002,NonLethal,2018-06-06,11:20:00,Daylight,640,189,Yes,NoIntersection,Normal,Other,RUE DU SEMAPHORE,M,43.39225533181867,-0.3939784417077127
201800031004,NonLethal,2018-07-06,13:24:00,Daylight,640,483,Yes,NoIntersection,Normal,2Vehicles-Behind,RN10,M,43.40058501354008,-0.4019484857114746
201800031005,Lethal,2018-06-09,15:15:00,Daylight,640,260,Yes,NoIntersection,HeavyRain,2Vehicles-BehindVehicles-Frontal,ROUTE DE LA CORNICHE,M,43.37536445330932,-0.3736451910213173
201800031006,NonLethal,2018-06-10,14:00:00,Daylight,640,260,Yes,NoIntersection,Normal,2Vehicles-Behind,ROUTE DE BEHOBIE,M,43.3494584807876,-0.3478498106595384
201800031007,NonLethal,2018-06-14,16:50:00,Daylight,640,545,No,NoIntersection,Normal,2Vehicles-BehindVehicles-Frontal,ROUTE DE LA CORNICHE,M,43.3920392973237,-0.3880123946090442
201800031008,NonLethal,2018-06-16,17:40:00,Daylight,640,483,Yes,NoIntersection,Normal,2Vehicles-Side,AVENUE ANDRE ITHURRALDE,M,43.39449525583082,-0.3954693045086992
201800031009,NonLethal,2018-06-18,13:10:00,Daylight,640,260,Yes,NoIntersection,Normal,2Vehicles-Side,RUE D'IRANDATZ,M,43.35260961018799,-0.3521514909517694
201800031010,NonLethal,2018-06-22,00:04:00,NightStreelightsOff,640,483,Yes,NoIntersection,Normal,2Vehicles-BehindVehicles-Frontal,VIEILLE ROUTE SAINT PEE,M,43.392777420686365,-0.3928450937553485
201800031011,NonLethal,2018-06-22,11:20:00,Daylight,640,260,Yes,NoIntersection,Normal,2Vehicles-Side,RUE DE BEHOBIE,M,43.34750052554212,-0.3488564690393416
201800031012,NonLethal,2018-06-22,17:15:00,Daylight,640,483,No,NoIntersection,Normal,3+Vehicles-Chain,AVENUE DE CHANTACO,M,43.368709148600345,-0.3670054424260137
201800031013,NonLethal,2018-06-23,20:40:00,Daylight,640,260,Yes,NoIntersection,Normal,2Vehicles-Side,BOULEVARD DU GE. LECLERC,M,43.3689952606184,-0.3689792688224445
201800031014,NonLethal,2018-06-26,09:45:00,Daylight,640,545,Yes,NoIntersection,Normal,Other,ROUTE DE CIBOURE,M,43.33728753327549,-0.3393072154216647
201800031015,NonLethal,2018-06-29,18:40:00,Daylight,640,189,Yes,NoIntersection,Normal,2Vehicles-Side,PONT CHARLES DE GAULLE,M,43.38406784804128,-0.3834804441265112
201800031017,NonLethal,2018-07-07,16:20:00,Daylight,640,260,No,NoIntersection,Normal,Other,RUE DE L'INDUSTRIE,M,43.3455627394528,-0.3474170892240033
201800031018,NonLethal,2018-07-11,11:30:00,Daylight,640,545,No,NoIntersection,Normal,2Vehicles-Behind,ROUTE DE LA CORNICHE,M,43.38807169003388,-0.384635482600078
201800031019,NonLethal,2018-11-07,23:30:00,NightStreelightsOn,640,260,Yes,NoIntersection,Normal,2Vehicles-Side,BEHOBIE (RUE DE),M,43.34881287700092,-0.3491357711139677
201800031020,NonLethal,2018-12-07,19:00:00,Daylight,640,260,Yes,NoIntersection,Normal,2Vehicles-Side,RUE DES ALLEES,M,43.354729812520056,-0.3551669370285373
201800031021,NonLethal,2018-07-13,17:40:00,Daylight,640,483,Yes,NoIntersection,Normal,2Vehicles-Side,RUE JEAN OLAZABAL,M,43.38882675557536,-0.3890169876399606
201800031022,NonLethal,2018-07-14,02:10:00,NightStreelightsOn,640,260,Yes,NoIntersection,LightRain,Other,JOLIOT CURIE (RUE),M,,
201800031023,NonLethal,2018-07-14,10:50:00,Daylight,640,260,Yes,NoIntersection,Normal,2Vehicles-Behind,BOUL GENERAL DE GAULLE,M,43.35975738845595,-0.3618599849039088
201800031024,NonLethal,2018-07-15,13:35:00,Daylight,640,260,Yes,NoIntersection,Normal,Other,ROUTE DE LA CORNICHE,M,43.39055870666773,-0.392141856978392
201800031026,NonLethal,2018-07-28,11:30:00,Daylight,640,483,Yes,NoIntersection,Normal,Other,AVENUE DE JALDAY,M,43.404485076098176,-0.4053128865147577
201800031028,NonLethal,2018-07-28,18:45:00,Daylight,640,545,Yes,NoIntersection,Normal,2Vehicles-Behind,RUE CHARLES PUCHEU,M,43.3477966375173,-0.3471218935578244
201800031029,NonLethal,2018-07-31,10:40:00,Daylight,640,130,Yes,NoIntersection,Normal,2Vehicles-Side,RUE SAN MARTIAL,M,43.353100954000006,-0.3539850817595227
201800031030,NonLethal,2018-08-03,13:30:00,Daylight,640,483,No,NoIntersection,Normal,2Vehicles-Behind,VIEILLE ROUTE SAINT PEE,M,43.38864566849805,-0.3877891117681691
201800031031,NonLethal,2018-04-08,10:30:00,Daylight,640,545,Yes,NoIntersection,Normal,2Vehicles-Behind,RD 810,M,43.37085539502917,-0.3741445058685511
201800031032,NonLethal,2018-08-04,14:45:00,Daylight,640,260,Yes,NoIntersection,Normal,2Vehicles-Side,PARKING DE LA GARE,M,43.35296934007606,-0.3534247988456439
201800031033,NonLethal,2018-06-08,18:25:00,Daylight,640,545,Yes,NoIntersection,Normal,2Vehicles-Behind,RD810,M,43.36827993725496,-0.3700793570341927
201800031036,NonLethal,2018-08-09,18:00:00,Daylight,640,545,Yes,NoIntersection,LightRain,3+Vehicles-Chain,RD810,M,43.36562717096232,-0.3636115801488809
201800031037,NonLethal,2018-11-08,15:15:00,Daylight,640,249,Yes,NoIntersection,Normal,2Vehicles-Behind,AVENUE GETARIA,M,43.42362525878764,-0.4248988228504312
201800031038,NonLethal,2018-10-08,17:40:00,Daylight,640,260,Yes,NoIntersection,Normal,3+Vehicles-Chain,ROUTE DE BEHOBIE,M,43.34704062264893,-0.3490553274653146
201800031040,NonLethal,2018-08-13,15:00:00,Daylight,640,483,Yes,NoIntersection,Normal,2Vehicles-Behind,PYRENEES (AVENUE DES),M,43.38682977324507,-0.3868848110974875
201800031041,NonLethal,2018-11-08,00:01:00,NightStreelightsOn,640,260,Yes,NoIntersection,Normal,2Vehicles-BehindVehicles-Frontal,BOULEVARD DE EMPEREUR,M,43.36390705801747,-0.3649368947124197
201800031042,NonLethal,2018-08-19,11:50:00,Daylight,640,483,Yes,NoIntersection,Normal,Other,RD 810,M,43.402878479098646,-0.4016804155762853
201800031043,NonLethal,2018-08-21,10:25:00,Daylight,640,249,Yes,NoIntersection,Normal,2Vehicles-Behind,AVENUE GETARIA,M,43.421035596408686,-0.4213151375566059
201800031044,NonLethal,2018-08-22,11:30:00,Daylight,640,189,Yes,NoIntersection,Normal,2Vehicles-BehindVehicles-Frontal,PICHERIT FRANCIS  (AVENU,M,43.37476483273017,-0.3767599243270402
201800031045,NonLethal,2018-08-24,14:40:00,Daylight,640,545,Yes,NoIntersection,Normal,2Vehicles-Side,ROUTE DE LA CORNICHE,M,43.38716515920532,-0.3872647108017131
201800031046,NonLethal,2018-08-25,14:20:00,Daylight,640,545,Yes,NoIntersection,Normal,NoCollision,ROUTE D'IBARDIN,M,43.3364276396252,-0.3367848254445448
201800031047,NonLethal,2018-08-25,20:45:00,Daylight,640,130,Yes,NoIntersection,Normal,Other,HERRI ALDE,M,43.332206719331126,-0.3325825964523417
201800031048,NonLethal,2018-08-30,16:40:00,Daylight,640,483,Yes,NoIntersection,Normal,2Vehicles-Behind,BD JEAN MARTIN PASSICOT,M,43.38565548110128,-0.3861195951567457
201800031049,NonLethal,2018-09-01,13:30:00,Daylight,640,483,Yes,NoIntersection,Normal,Other,BOULEVARD ADOLPHE THIERS,M,43.3903593390398,-0.3904690490969314
201800031050,NonLethal,2018-09-01,06:00:00,TwilightOrDawn,640,545,Yes,NoIntersection,Normal,Other,OLHETTE (ROUTE D'),M,43.33374099557415,-0.3326935910098731
201800031052,NonLethal,2018-09-03,18:15:00,Daylight,640,249,Yes,NoIntersection,Normal,2Vehicles-BehindVehicles-Frontal,AVENUE GETARIA,M,43.41826390299269,-0.4156725817708548
201800031053,NonLethal,2018-09-12,08:30:00,Daylight,640,483,Yes,NoIntersection,Normal,2Vehicles-Side,ROUTE D'ASCAIN,M,43.37580953958156,-0.3751288857040912
201800031054,NonLethal,2018-09-13,18:15:00,Daylight,640,483,Yes,NoIntersection,Normal,2Vehicles-Side,ERROMARDIE (CHEMIN D'),M,43.40642780284089,-0.4075062651435531
201800031055,NonLethal,2018-09-15,18:10:00,Daylight,640,483,Yes,NoIntersection,Normal,2Vehicles-Side,AVENUE ANDRE ITHURRALDE,M,43.39392329662007,-0.3948550891254312
201800031056,NonLethal,2018-09-16,19:38:00,Daylight,640,483,Yes,NoIntersection,Normal,2Vehicles-Side,CHEMIN D'ERROMARDIE,M,43.40311227105952,-0.4039134070999136
201800031057,NonLethal,2018-09-18,09:50:00,Daylight,640,189,Yes,NoIntersection,Normal,2Vehicles-Side,ROUTE DE LA CORNICHE,M,43.38776672972782,-0.3875031900933975
201800031058,NonLethal,2018-09-18,15:15:00,Daylight,640,483,Yes,NoIntersection,Normal,2Vehicles-Behind,AVENUE ANDRE ITHURRALDE,M,43.39315841488607,-0.3915443838515453
201800031059,Lethal,2018-09-19,11:29:00,Daylight,640,545,No,NoIntersection,Normal,NoCollision,RD810,M,43.345945208075285,-0.3455892623643711
201800031060,NonLethal,2018-09-20,08:55:00,Daylight,640,483,Yes,NoIntersection,Normal,2Vehicles-Behind,AVENUE ANDRE ITHURRALDE,M,43.39363279169289,-0.3941471131539685
201800031063,NonLethal,2018-09-22,22:00:00,NightStreelightsOn,640,483,Yes,NoIntersection,Normal,2Vehicles-Side,AVENUE ANDRE ITHURRALDE,M,43.399126685249655,-0.3965401388795788
201800031064,NonLethal,2018-09-21,17:34:00,Daylight,640,260,Yes,NoIntersection,Normal,2Vehicles-BehindVehicles-Frontal,ROUTE DE LA CORNICHE,M,43.37334026837492,-0.375339001736106