AccidentId,Gravity,Date,Hour,Light,Department,Commune,InAgglomeration,IntersectionType,Weather,CollisionType,PostalAddress,GPSCode,Latitude,Longitude
201800031065,NonLethal,2018-09-22,16:45:00,Daylight,640,483,Yes,NoIntersection,Normal,2Vehicles-Behind,AVENUE ANDRE ITHURRALDE,M,43.39640570321557,-0.3967578050160136
201800031066,NonLethal,2018-10-03,20:45:00,NightNoStreetLight,640,260,Yes,NoIntersection,Normal,Other,SAINT JACQUES (ACCES AU,M,43.34916717071765,-0.3496839793737044
201800031067,NonLethal,2018-10-04,17:25:00,Daylight,640,249,Yes,NoIntersection,Normal,2Vehicles-Behind,AVENUE GETARIA,M,43.42339578922599,-0.4225779625776197
201800031068,NonLethal,2018-05-10,10:45:00,Daylight,640,483,Yes,NoIntersection,Normal,3+Vehicles-Chain,AVENUE ANDRE ITHURRALDE,M,43.39642674842909,-0.3976359850980894
201800031069,NonLethal,2018-05-10,18:50:00,Daylight,640,545,Yes,NoIntersection,VeryGood,2Vehicles-Behind,RD810,M,43.36031544080817,-0.3582575978841965
201800031070,NonLethal,2018-05-10,19:05:00,Daylight,640,130,No,NoIntersection,Normal,2Vehicles-BehindVehicles-Frontal,ROUTE DE KURLEKU,M,43.341785691657016,-0.3416752071141078
201800031071,NonLethal,2018-10-08,08:15:00,Daylight,640,545,No,NoIntersection,Normal,3+Vehicles-Chain,ROUTE DE LA CORNICHE,M,43.38648930979873,-0.3863315788696537
201800031072,NonLethal,2018-08-10,10:05:00,Daylight,640,483,Yes,X-type,VeryGood,2Vehicles-BehindVehicles-Frontal,A BERNARD JAUREGUIBERRY,M,43.38716816908839,-0.3862547875496498
201800031073,NonLethal,2018-09-10,14:48:00,Daylight,640,545,No,NoIntersection,Normal,Other,CHEMIN D'AGORRETA,M,43.37305897111157,-0.3742216682489352
201800031076,NonLethal,2018-10-27,11:35:00,Daylight,640,545,No,NoIntersection,LightRain,NoCollision,ROUTE DE LA CORNICHE,M,43.38060043315456,-0.3809802914088611
201800031077,NonLethal,2018-10-31,14:50:00,Daylight,640,483,Yes,NoIntersection,LightRain,3+Vehicles-Chain,ITHURRALDE ANDRE (AVENUE,M,43.39486363316698,-0.3951844335087103
201800031078,NonLethal,2018-11-03,14:00:00,Daylight,640,483,Yes,NoIntersection,Normal,2Vehicles-Side,AV DU COL JEAN COULOMME,M,43.39591039411112,-0.3936806774322506
201800031081,Lethal,2018-11-24,11:05:00,Daylight,640,545,No,NoIntersection,Normal,NoCollision,ROUTE DE LA CORNICHE,M,43.38735702885759,-0.388182385135251
201800031082,NonLethal,2018-01-12,19:10:00,NightNoStreetLight,640,483,Yes,NoIntersection,LightRain,2Vehicles-Side,RD 810,M,43.40376364018958,-0.4058201785273279
201800031083,NonLethal,2018-02-12,18:30:00,NightStreelightsOn,640,483,Yes,NoIntersection,Normal,2Vehicles-BehindVehicles-Frontal,AVENUE ANDRE ITHURRALDE,M,43.39627835512765,-0.3969282972840303
201800031084,NonLethal,2018-02-12,18:38:00,NightStreelightsOn,640,483,Yes,NoIntersection,Normal,2Vehicles-Side,AVENUE DE CHANTACO,M,43.38325418947736,-0.3849885884193335
201800031085,NonLethal,2018-12-07,18:25:00,NightNoStreetLight,640,483,No,NoIntersection,HeavyRain,2Vehicles-Side,AVENUE DE CHANTACO,M,43.37420343216528,-0.3724002114681812
201800031086,NonLethal,2018-10-12,14:50:00,Daylight,640,545,No,NoIntersection,Normal,Other,CHEMIN DE TOMASENEA,M,43.34346247249877,-0.3433389185346508
201800031087,NonLethal,2018-10-12,07:15:00,NightStreelightsOn,640,260,Yes,T-type,Normal,2Vehicles-Side,BOULEVARD DE EMPEREUR,M,43.36311072890969,-0.3628731402857229
201800031088,NonLethal,2018-12-12,08:25:00,NightStreelightsOn,640,260,Yes,NoIntersection,LightRain,Other,ACCES PONT ST JACQUES,M,43.35005724681135,-0.3495376138098023
201800031089,NonLethal,2018-12-15,16:30:00,Daylight,640,249,No,NoIntersection,Normal,Other,RD810,M,43.41757094093935,-0.4171152428304198
201800031090,Lethal,2018-12-13,01:20:00,NightStreelightsOn,640,545,Yes,NoIntersection,Normal,2Vehicles-BehindVehicles-Frontal,RD 810,M,43.36069334797526,-0.3622997721942845
201800031091,NonLethal,2018-12-20,21:30:00,NightStreelightsOn,640,189,Yes,NoIntersection,Normal,2Vehicles-Behind,AVENUE JEAN JAURES,M,43.37973712676821,-0.3797786898936388
201800031092,NonLethal,2018-12-21,17:10:00,Daylight,640,483,Yes,NoIntersection,Normal,2Vehicles-Behind,AVENUE ANDRE ITHURRALDE,M,43.40074561476043,-0.3993242679652373
201800031093,NonLethal,2018-12-25,15:15:00,Daylight,640,545,Yes,NoIntersection,Normal,2Vehicles-Side,RUE PAUL GELOS,M,43.37666994331232,-0.3773294410067396
201800031095,NonLethal,2018-10-01,14:45:00,Daylight,650,286,Yes,NoIntersection,Normal,Other,7 place du CHAMP COMMUN,M,43.09341361239747,-0.0930443503811513
201800031096,NonLethal,2018-02-01,14:15:00,Daylight,650,286,Yes,NoIntersection,LightRain,2Vehicles-Side,"0, LAGARDERE (AVENUE FRA",M,43.08299570938443,-0.0831481935286125
201800031097,NonLethal,2018-02-20,20:00:00,NightStreelightsOn,650,286,Yes,NoIntersection,LightRain,2Vehicles-Behind,"68, MARQUI (AVENUE ALEXA",M,43.10363324172409,-0.1029580422032319
201800031098,NonLethal,2018-06-15,13:25:00,Daylight,650,286,Yes,Other,Normal,Other,ESPAGNE (BOULEVARD D'),M,43.08895419725755,-0.0903372932446639
201800031099,NonLethal,2018-06-25,17:25:00,Daylight,650,286,Yes,NoIntersection,Normal,Other,ESPAGNE (BOULEVARD D'),M,43.09342420617428,-0.092818892330513
201800031100,NonLethal,2018-07-12,10:23:00,Daylight,650,286,Yes,NoIntersection,Normal,Other,BASSE (RUE),M,43.0959505843132,-0.0945304237382183
201800031101,NonLethal,2018-08-08,16:15:00,Daylight,650,286,Yes,NoIntersection,Normal,Other,PAU (ROUTE DE),M,43.10063310622263,-0.1024700218054537
201800031102,NonLethal,2018-08-22,18:07:00,Daylight,650,286,Yes,NoIntersection,Normal,2Vehicles-Side,ABADIE (Avenue Franois),M,43.11278619155857,-0.1138062177470109
201800031103,NonLethal,2018-08-28,11:35:00,Daylight,650,286,Yes,T-type,Normal,2Vehicles-Behind,MARQUI (AVENUE ALEXANDRE,M,43.104515402489376,-0.1038646038992071
201800031104,NonLethal,2018-09-26,10:48:00,Daylight,650,286,Yes,T-type,Normal,2Vehicles-Side,VIZENS (AVENUE DE),M,43.10003656193342,-0.0995741770816177
201800031106,NonLethal,2018-11-28,18:30:00,NightStreelightsOn,650,286,Yes,NoIntersection,Normal,2Vehicles-Behind,FOCH (AVENUE MARECHAL),M,43.09099773756429,-0.0901543748541959
201800031107,NonLethal,2018-12-22,13:15:00,Daylight,650,286,Yes,NoIntersection,Normal,2Vehicles-Side,DUPIERRIS (BOULEVARD GEO,M,43.08649822683976,-0.0878255555476312
201800031108,NonLethal,2018-12-24,15:20:00,Daylight,650,286,No,NoIntersection,Normal,2Vehicles-Behind,ROUTE NATIONALE 21,M,43.11778198854569,-0.1169401505386895
201800031109,NonLethal,2018-12-27,15:20:00,Daylight,650,286,Yes,NoIntersection,VeryGood,Other,MARQUI (AVENUE ALEXANDRE,M,43.10112806556339,-0.1017690395638789
201800031110,Lethal,2018-01-14,05:10:00,NightNoStreetLight,650,440,Yes,NoIntersection,LightRain,Other,"108, MARQUES (RUE FRANCO",M,43.23311204378262,4.230875687879006
201800031111,NonLethal,2018-01-28,18:15:00,TwilightOrDawn,650,440,Yes,X-type,Normal,2Vehicles-Side,"., LATTRE DE TASSIGNY(BO",M,43.22564812324556,5.228909874230433
201800031112,NonLethal,2018-02-07,14:55:00,Daylight,650,417,Yes,X-type,Normal,2Vehicles-Side,"4, GAUTIER (RUE TEOPHILE",M,43.22964543389468,1.2300782802563652
201800031113,NonLethal,2018-03-05,18:18:00,Daylight,650,440,Yes,NoIntersection,Normal,Other,ARDENNES (BOULEVARD DES),M,43.24808807933952,7.249810648085361
201800031114,NonLethal,2018-05-25,15:40:00,Daylight,650,440,Yes,X-type,Normal,2Vehicles-Side,DIDEROT (RUE),M,43.24482133112692,7.245517198556752
201800031115,NonLethal,2018-05-06,16:00:00,Daylight,650,440,Yes,NoIntersection,Normal,2Vehicles-Side,CORPS FRANC POMMIES (IMP,M,43.237103227892334,6.236303921454405
201800031116,NonLethal,2018-09-06,01:07:00,NightStreelightsOn,650,440,Yes,NoIntersection,Normal,2Vehicles-Side,LACAUSSADE (BOULEVARD),M,43.23322824094655,5.231872456246537
201800031117,NonLethal,2018-06-17,03:19:00,NightNoStreetLight,650,433,No,NoIntersection,Normal,Other,MAUMUS (RUE JEAN),M,43.20348974119638,8.20552447306934
201800031118,NonLethal,2018-06-26,09:30:00,Daylight,650,417,Yes,NoIntersection,VeryGood,Other,MITTERRAND (AVENUE FRANC,M,43.23378883592948,9.231534448156784
201800031121,Lethal,2018-07-06,20:30:00,Daylight,650,440,Yes,NoIntersection,Normal,Other,BASTILLAC (ROND POINT),M,43.23015508101787,4.229504517220291
201800031122,NonLethal,2018-07-15,00:10:00,NightStreelightsOn,650,433,Yes,NoIntersection,HeavyRain,Other,MAUMUS (RUE JEAN),M,43.2055241482751,9.203655262419996
201800031124,NonLethal,2018-07-23,22:55:00,NightStreelightsOn,650,440,Yes,X-type,Normal,2Vehicles-Side,ALSACE LORRAINE (AVENUE),M,43.24968608691649,7.247894722255955
201800031125,NonLethal,2018-07-28,22:50:00,NightStreelightsOn,650,440,Yes,MoreThan4Branches,Normal,2Vehicles-BehindVehicles-Frontal,HARMONIE (RUE DE L'),M,43.23150189972388,7.231575972203007
201800031126,NonLethal,2018-02-08,11:10:00,Daylight,650,440,Yes,NoIntersection,Normal,3+Vehicles-Chain,HOCHE (AVENUE),M,43.22837536011861,8.229920651681109
201800031128,NonLethal,2018-09-19,19:15:00,Daylight,650,440,Yes,X-type,Normal,2Vehicles-Side,SEPTEMBRE (RUE DU IV),M,43.22838365151125,8.230031200910306
201800031129,NonLethal,2018-09-25,10:45:00,Daylight,650,47,Yes,T-type,Normal,2Vehicles-Side,JAURES (AVE JEAN),M,43.23398473994991,9.231474837921178
201800031131,NonLethal,2018-10-03,10:20:00,Daylight,650,440,Yes,NoIntersection,Normal,Other,VERDUN (PLACE DE),M,43.23372021690943,7.233021024597266
201800031132,NonLethal,2018-10-03,19:10:00,Daylight,650,440,Yes,NoIntersection,Normal,2Vehicles-Behind,ALSACE LORRAINE (AVENUE),M,43.23991490639125,7.242171683096789
201800031133,NonLethal,2018-07-10,05:05:00,NightNoStreetLight,650,440,Yes,NoIntersection,Normal,Other,ALSACE LORRAINE (AVENUE),M,43.26101004314406,7.261664536803742
201800031134,NonLethal,2018-10-14,04:45:00,NightNoStreetLight,650,440,Yes,NoIntersection,LightRain,Other,FORGES (AVENUE DES),M,43.23977637856694,8.239951999115277
201800031135,NonLethal,2018-10-20,19:49:00,NightNoStreetLight,650,100,No,NoIntersection,Normal,2Vehicles-BehindVehicles-Frontal,BORDEAUX (ROUTE DE) CD 9,M,43.26476266277099,7.264807566827698
201800031136,NonLethal,2018-10-23,17:30:00,Daylight,650,226,No,Other,Normal,2Vehicles-Behind,OURSBELILLE (ROUTE D'),M,43.2543698608319,2.252158347347121
201800031139,NonLethal,2018-11-17,11:33:00,Daylight,650,440,Yes,Y-type,Normal,Other,REGIMENT DE BIGORRE (AVE,M,43.23228475898864,7.229998815789165
201800031140,NonLethal,2018-11-24,14:00:00,Daylight,650,440,Yes,X-type,Normal,2Vehicles-Side,CARREROTS (CR DIT DE),M,43.24946431366176,6.248631989622448
201800031141,NonLethal,2018-11-25,10:51:00,Daylight,650,440,Yes,NoIntersection,Overcast,Other,HENRI IV (BOULEVARD),M,43.234422516255,5.233286754794352
201800031142,NonLethal,2018-11-28,19:20:00,NightStreelightsOn,650,440,Yes,X-type,Normal,Other,ALSACE LORRAINE (AVENUE),M,43.2435862723549,7.244366199384579
201800031144,Lethal,2018-12-19,00:04:00,NightNoStreetLight,650,226,No,NoIntersection,Normal,Other,PAU (ROUTE DE),M,43.23918533554099,-0.2380915574785437
201800031146,NonLethal,2018-02-15,19:05:00,NightNoStreetLight,90,123,No,NoIntersection,Normal,Other,d 628,M,43.17253558726143,1.1704352111958407
201800031147,NonLethal,2018-06-03,09:40:00,Daylight,90,167,No,NoIntersection,Normal,2Vehicles-Behind,le casteras,M,43.28972177039886,1.2891206445209604
201800031148,NonLethal,2018-05-14,17:30:00,Daylight,90,167,No,NoIntersection,LightRain,2Vehicles-BehindVehicles-Frontal,RD 919,M,43.304565259450015,1.303380805807174
201800031150,NonLethal,2018-05-28,13:30:00,Daylight,90,342,No,NoIntersection,Overcast,NoCollision,RD 919,M,43.203051405989626,1.2030852167515784
201800031151,NonLethal,2018-06-26,10:00:00,Daylight,90,75,Yes,Roundabout,Normal,NoCollision,D628 ROND POINT Avenue d,M,43.12815339649423,1.1284905114372392
201800031152,NonLethal,2018-07-27,17:15:00,Daylight,90,19,No,NoIntersection,Normal,2Vehicles-Side,route de Toulouse D919,M,43.14218707476469,1.1416339251777654
201800031153,NonLethal,2018-08-20,18:00:00,Daylight,90,167,No,NoIntersection,Normal,2Vehicles-Side,"Lieu dit "" Ferrery d'en",M,43.3035881474804,1.3047157686843482
201800031154,NonLethal,2018-08-30,12:25:00,Daylight,90,79,No,NoIntersection,Normal,Other,D14,M,43.14178054429494,1.1428345140224825
201800031155,NonLethal,2018-09-13,13:50:00,Daylight,90,19,No,NoIntersection,Normal,Other,lieu-dit Fourteau,M,43.12678059385519,1.1298040284665256
201800031156,NonLethal,2018-09-30,14:00:00,Daylight,90,342,No,NoIntersection,Normal,2Vehicles-BehindVehicles-Frontal,D919,M,43.208227464573234,1.2075352168763531
201800031157,NonLethal,2018-10-21,22:00:00,NightNoStreetLight,90,97,No,NoIntersection,Normal,2Vehicles-Side,D119,M,43.03357121908177,1.0343135745860124
201800031158,NonLethal,2018-03-11,12:30:00,Daylight,90,105,Yes,NoIntersection,Normal,Other,RD 628 Rue du Barry,M,43.143072919998,1.145868087963782
201800031159,NonLethal,2018-04-15,16:20:00,Daylight,730,85,No,NoIntersection,Normal,NoCollision,Route de Portout,M,45.80702225662598,5.807400971823744
201800031160,NonLethal,2018-04-21,15:15:00,Daylight,730,180,No,X-type,Normal,2Vehicles-Side,cd 991,M,45.92060405070941,5.918470884120564
201800031161,NonLethal,2018-05-12,12:15:00,Daylight,730,149,No,NoIntersection,Normal,NoCollision,Route du Haut Rhone,M,45.75706737189239,5.757703326478268
201800031162,NonLethal,2018-05-27,08:35:00,Daylight,730,299,No,NoIntersection,Normal,2Vehicles-BehindVehicles-Frontal,le Cornet,M,45.666573623686894,5.664362152627608
201800031163,NonLethal,2018-06-25,08:15:00,Daylight,730,286,No,NoIntersection,Normal,2Vehicles-BehindVehicles-Frontal,le Platet,M,45.89784943720644,5.897258394584059
201800031165,NonLethal,2018-02-07,13:20:00,Daylight,730,286,Yes,Y-type,Normal,2Vehicles-BehindVehicles-Frontal,route de lapeyrouse,M,45.882808712296544,5.882498756809162
201800031166,NonLethal,2018-07-18,08:20:00,Daylight,730,218,No,NoIntersection,Normal,2Vehicles-Behind,d904,M,45.85120275926115,5.85219545932589
201800031168,NonLethal,2018-12-16,17:40:00,NightNoStreetLight,730,149,No,NoIntersection,Normal,Other,RD921,M,45.74939434628978,5.748522790897981
201800031169,NonLethal,2018-03-01,11:15:00,Daylight,660,136,Yes,NoIntersection,Normal,Other,Av.joseph Rous,M,42.70067556303536,2.699001471799696
201800031170,NonLethal,2018-01-03,16:45:00,Daylight,660,136,Yes,NoIntersection,Normal,Other,"189, TORREILLES (AV DU D",M,42.68903381600851,2.6891572765189946
201800031171,NonLethal,2018-01-07,20:30:00,NightStreelightsOn,660,136,Yes,NoIntersection,HeavyRain,Other,"129, JOFFRE (AVENUE DU M",M,42.71162356843514,2.711135097935379
201800031172,NonLethal,2018-01-08,07:50:00,TwilightOrDawn,660,136,Yes,T-type,LightRain,2Vehicles-Side,"., AGASSE PASCAL MARIE",M,42.69413965430315,2.6951803863140342
201800031173,NonLethal,2018-01-09,12:55:00,Daylight,660,136,Yes,T-type,Normal,2Vehicles-Side,"10, JULIEN PANCHOT (AVEN",M,42.69337371183094,2.693665938451913
201800031175,NonLethal,2018-12-01,11:30:00,Daylight,660,136,Yes,NoIntersection,Normal,Other,JULIEN PANCHOT (AVENUE),M,42.69267098206499,2.691706717417188
201800031176,NonLethal,2018-01-15,10:50:00,Daylight,660,136,Yes,NoIntersection,Normal,Other,"124, DALBIEZ (AVENUE VIC",M,42.682567063234046,2.682439883912685
201800031178,NonLethal,2018-01-16,15:50:00,Daylight,660,136,Yes,NoIntersection,Normal,Other,R D 900,M,42.701443854734336,2.701527048832238
201800031179,NonLethal,2018-01-17,17:50:00,Daylight,660,136,Yes,NoIntersection,Normal,Other,"., GAUGUIN (AVENUE PAUL)",M,42.71540981742319,2.716416783679202
201800031180,NonLethal,2018-01-25,13:20:00,Daylight,660,136,Yes,NoIntersection,Normal,Other,ROUGET-DE-L'ISLE (CLAUDE,M,42.70366287530791,2.701005681269854
201800031181,NonLethal,2018-01-30,07:40:00,Daylight,660,136,No,NoIntersection,Normal,3+Vehicles-Multiple,,M,42.681666793335566,2.682671056140813
201800031182,NonLethal,2018-01-30,19:00:00,NightNoStreetLight,660,136,Yes,NoIntersection,Normal,Other,"., SAINT CHARLES (ROCADE",M,42.6721197224912,2.6728568371312464
201800031183,NonLethal,2018-02-02,17:46:00,TwilightOrDawn,660,136,Yes,NoIntersection,LightRain,Other,SAINT-ASSISCLE (BOULEVAR,M,42.68996421261349,2.690303012655969
201800031184,NonLethal,2018-02-03,19:25:00,NightStreelightsOn,660,136,Yes,NoIntersection,LightRain,Other,ARGELES SUR MER AVENUE D,M,42.6845582817801,2.681993295334599
201800031185,NonLethal,2018-05-02,08:30:00,Daylight,660,136,Yes,NoIntersection,LightRain,2Vehicles-Behind,"58, MERCADER (BOULEVARD",M,42.69233021455108,2.6932939108786176
201800031186,NonLethal,2018-02-07,16:10:00,Daylight,660,136,No,NoIntersection,Normal,3+Vehicles-Chain,R D 900,M,42.67452237699335,2.673630095475155
201800031187,NonLethal,2018-02-08,18:10:00,Daylight,660,136,Yes,NoIntersection,Normal,2Vehicles-Side,SAINT-ROCH (CHEMIN DE),M,42.689013383234325,2.688343444163083
201800031188,NonLethal,2018-08-02,16:56:00,Daylight,660,136,Yes,NoIntersection,Normal,2Vehicles-Behind,MAUREILLAS (DE),M,42.691857186214975,2.691475498767883
201800031190,NonLethal,2018-10-02,13:52:00,Daylight,660,136,No,NoIntersection,Normal,2Vehicles-Side,MAS-DONAT (DU),M,42.70863764170201,2.709754219299241
201800031191,NonLethal,2018-12-02,07:50:00,Daylight,660,136,Yes,NoIntersection,Normal,Other,"., CLAIR (RENE)",M,42.69438353080809,2.6939837141732297
201800031192,NonLethal,2018-02-13,20:25:00,NightNoStreetLight,660,136,No,NoIntersection,Normal,2Vehicles-BehindVehicles-Frontal,"., JEAN JACQUES ROCADE",M,42.69915775946591,2.699590441871244
201800031193,NonLethal,2018-02-15,10:15:00,Daylight,660,136,No,NoIntersection,Normal,2Vehicles-BehindVehicles-Frontal,R D 900,M,42.6595478312446,2.6580621166128005
201800031194,Lethal,2018-02-16,23:30:00,NightStreelightsOn,660,136,Yes,NoIntersection,Normal,2Vehicles-BehindVehicles-Frontal,"132, LANGUEDOC (AVENUE D",M,42.73428076453438,2.7367870794180376
201800031195,NonLethal,2018-02-20,16:45:00,Daylight,660,136,No,Roundabout,Normal,2Vehicles-Side,ARCADES (RD POINT),M,42.674563818702,2.673410517927544
201800031196,NonLethal,2018-02-21,12:07:00,Daylight,660,136,Yes,NoIntersection,Normal,2Vehicles-Behind,DALBIEZ (AVENUE VICTOR),M,42.68507391966694,2.683992658924363
201800031197,NonLethal,2018-02-22,12:48:00,Daylight,660,136,Yes,NoIntersection,Normal,2Vehicles-Side,POUSSIN (NICOLAS),M,42.69148751303574,2.6917589595955635
201800031198,NonLethal,2018-02-28,16:20:00,Daylight,660,136,Yes,NoIntersection,Normal,Other,"10, ROC-DU-MIDI (DU)",M,42.69289411283412,2.6921459553518043
201800031199,NonLethal,2018-03-01,12:50:00,Daylight,660,136,Yes,NoIntersection,Normal,Other,"28, POINCARE (BOULEVARD",M,42.69027155385113,2.6883892919631607
201800031200,NonLethal,2018-02-03,20:00:00,NightNoStreetLight,660,136,No,NoIntersection,Normal,2Vehicles-Behind,R D 900,M,42.67572696154057,2.6773340615255754
201800031201,NonLethal,2018-02-03,16:40:00,Daylight,660,136,Yes,X-type,Normal,Other,Av.LANGUEDOC - Talbot La,M,42.73345505261052,2.732499410526291
201800031202,NonLethal,2018-05-03,09:25:00,Daylight,660,136,Yes,NoIntersection,Normal,Other,"11, BARCELONE QUAI DE",M,42.69610542472646,2.6976146649817
201800031203,NonLethal,2018-03-05,11:10:00,Daylight,660,136,Yes,NoIntersection,Normal,2Vehicles-Behind,"35, AVE ARGELES-MER perp",M,42.68486584435787,2.682050207364236
201800031204,NonLethal,2018-05-03,15:50:00,Daylight,660,136,Yes,NoIntersection,Normal,Other,"1499, LANGUEDOC (AVENUE",M,42.73490298946366,2.736185513489795
201800031206,NonLethal,2018-07-03,18:00:00,Daylight,660,136,Yes,NoIntersection,Normal,Other,"01, GRANDE BRETAGNE (AVE",M,42.6990876942792,2.698224428399916
201800031207,NonLethal,2018-08-03,05:30:00,NightStreelightsOff,660,136,No,NoIntersection,Normal,Other,"., R D 900",M,42.71757528539324,2.71738484283902
201800031208,NonLethal,2018-08-03,13:50:00,Daylight,660,136,Yes,NoIntersection,Normal,Other,", GAULLE (AVENUE GENERAL",M,42.69769031975746,2.697457343381744
201800031209,NonLethal,2018-12-03,10:45:00,Daylight,660,136,Yes,NoIntersection,Normal,Other,"., LANGUEDOC (AVENUE DU",M,42.723554930232346,2.721829786039508
201800031210,NonLethal,2018-03-19,14:20:00,Daylight,660,136,Yes,X-type,Normal,Other,"., AERODROME AVENUE DE L",M,42.725495610827295,2.7241386022314216
201800031212,NonLethal,2018-03-22,06:30:00,NightStreelightsOn,660,136,Yes,NoIntersection,Normal,Other,"129, JOFFRE (AVENUE DU M",M,42.71294385734638,2.7133261040722085
201800031213,NonLethal,2018-03-23,08:50:00,Daylight,660,136,No,NoIntersection,Normal,Other,Dpartementale 914,M,42.66715829892029,2.664593555037869
201800031214,NonLethal,2018-03-23,15:21:00,Daylight,660,136,Yes,NoIntersection,Normal,Other,"., JOFFRE (AVENUE DU MAR",M,42.702741385179415,2.703708192988363
201800031216,NonLethal,2018-01-04,15:40:00,Daylight,660,136,Yes,NoIntersection,Normal,2Vehicles-Side,NUNGESSER-ET-COLI (BOULE,M,42.68551427525284,2.6870093432251
201800031217,NonLethal,2018-04-01,18:40:00,Daylight,660,136,Yes,NoIntersection,Normal,Other,BOURRAT BOULEVARD JEAN,M,42.70112803960745,2.7021094640857357
201800031218,NonLethal,2018-02-04,19:00:00,Daylight,660,136,Yes,NoIntersection,Normal,2Vehicles-Behind,DEGAS (EDGARD),M,42.69475222063936,2.693549915051961
201800031219,NonLethal,2018-07-04,12:20:00,Daylight,660,136,No,NoIntersection,Normal,2Vehicles-Behind,Dpartementale 914,M,42.66880719829328,2.6687293785987816
201800031220,NonLethal,2018-04-07,12:25:00,Daylight,660,136,No,NoIntersection,Normal,2Vehicles-Behind,PANCHOT (AVENUE JULIEN),M,42.68648994608252,2.6830298370820103
201800031221,NonLethal,2018-06-04,18:00:00,Daylight,660,136,Yes,T-type,Normal,2Vehicles-Side,COUSIN (JEAN),M,42.7061307139792,2.704169848906027
201800031222,NonLethal,2018-12-04,12:15:00,Daylight,660,136,Yes,NoIntersection,Normal,Other,ARAGO FRANCOIS PLACE RUE,M,42.698564885161794,2.6971050826176306
201800031223,NonLethal,2018-04-14,19:05:00,Daylight,660,136,Yes,Roundabout,Normal,2Vehicles-Side,COQUELICOTS (DES),M,42.7054159729765,2.7045153006675227
201800031225,NonLethal,2018-04-15,19:45:00,Daylight,660,136,Yes,NoIntersection,Normal,2Vehicles-Side,FLANDRES/DUNKERQUE (CARR,M,42.68536400943536,2.685355109282342
201800031226,NonLethal,2018-04-17,18:43:00,Daylight,660,136,No,NoIntersection,Normal,2Vehicles-Side,R D 900,M,42.66101978882922,2.6619097759539545
201800031227,NonLethal,2018-04-19,16:55:00,Daylight,660,136,Yes,NoIntersection,Normal,2Vehicles-Behind,PRADES (AVENUE DE),M,42.69110441142597,2.68863965874778
201800031228,NonLethal,2018-04-19,23:54:00,NightStreelightsOn,660,136,Yes,X-type,Normal,2Vehicles-Side,PYRENEES (BOULEVARD DES),M,42.69691547428566,2.695947151974351
201800031229,NonLethal,2018-04-24,19:05:00,Daylight,660,136,Yes,NoIntersection,Normal,2Vehicles-Side,JUIN (AVENUE DU MARECHAL,M,42.68680641623149,2.688530996019863
201800031230,NonLethal,2018-04-26,13:53:00,Daylight,660,136,Yes,NoIntersection,Normal,2Vehicles-Behind,ARGELES SUR MER AVENUE D,M,42.681317058436505,2.683657607943533
201800031231,NonLethal,2018-04-27,13:20:00,Daylight,660,136,Yes,NoIntersection,Normal,2Vehicles-Behind,JOFFRE (AVENUE DU MARECH,M,42.71624369869608,2.717246639232864
201800031233,NonLethal,2018-05-02,08:50:00,Daylight,660,136,Yes,NoIntersection,Normal,Other,BLANC AVENUE ROSETTE,M,42.698710531101526,2.6986074130159365
201800031235,NonLethal,2018-11-05,17:10:00,Daylight,660,136,No,NoIntersection,Normal,2Vehicles-Side,FAUCEILLE (CHEMIN DE LA),M,42.66960755668553,2.669855778687404
201800031236,NonLethal,2018-05-11,19:45:00,Daylight,660,136,Yes,NoIntersection,Normal,2Vehicles-Behind,ARGELES SUR MER AVENUE D,M,42.68077327713754,2.6798065451312287
201800031237,NonLethal,2018-05-18,03:08:00,NightStreelightsOn,660,136,Yes,T-type,Normal,2Vehicles-Side,JOFFRE (AVENUE DU MARECH,M,42.719338804914415,2.7190126931461838
201800031238,NonLethal,2018-05-18,09:37:00,Daylight,660,136,Yes,NoIntersection,Normal,Other,BRIAND BOULEVARD ARISTID,M,42.695628222682295,2.6944483775945822
201800031239,NonLethal,2018-05-18,18:13:00,Daylight,660,136,No,NoIntersection,Normal,2Vehicles-Behind,AERODROME AVENUE DE L'(C,M,42.72856924641395,2.7299647377655787
201800031240,NonLethal,2018-05-20,13:33:00,Daylight,660,136,No,Roundabout,Normal,2Vehicles-Side,COQUELICOTS (DES),M,42.70703340545677,2.7060537407386773
201800031241,NonLethal,2018-05-22,08:00:00,Daylight,660,136,Yes,NoIntersection,Normal,Other,COURTELINE (GEORGES),M,42.69486059540949,2.6931962203868984
201800031242,NonLethal,2018-05-23,11:50:00,Daylight,660,136,Yes,NoIntersection,Normal,2Vehicles-Side,ALDUY (Paul),M,42.68128207701584,2.6805977390917155
201800031243,NonLethal,2018-05-28,10:50:00,Daylight,660,136,Yes,NoIntersection,Normal,Other,PYRENEES (BOULEVARD DES),M,42.69574559385078,2.695531999015858
201800031244,NonLethal,2018-05-29,10:03:00,Daylight,660,136,Yes,NoIntersection,Normal,Other,PALMAROLE (COURS FRANCOI,M,42.70277373216773,2.7029771592339444
201800031245,NonLethal,2018-05-31,11:50:00,Daylight,660,136,Yes,NoIntersection,Normal,2Vehicles-Side,ALDUY (Paul),M,42.679151471283554,2.6803650827415724
201800031246,NonLethal,2018-06-01,07:37:00,Daylight,660,136,No,NoIntersection,Normal,2Vehicles-Side,JULIEN PANCHOT (AVENUE),M,42.6892944030372,2.6868684311269515