AccidentId,Gravity,Date,Hour,Light,Department,Commune,InAgglomeration,IntersectionType,Weather,CollisionType,PostalAddress,GPSCode,Latitude,Longitude
201800031247,NonLethal,2018-06-02,23:43:00,NightStreelightsOn,660,136,No,NoIntersection,Normal,2Vehicles-Behind,R D 900,M,,
201800031248,NonLethal,2018-06-06,17:05:00,Daylight,660,136,No,NoIntersection,Normal,2Vehicles-Behind,Dpartementale  617,M,42.71386961442281,2.715878140252909
201800031249,NonLethal,2018-06-07,08:05:00,Daylight,660,136,No,NoIntersection,Normal,2Vehicles-Behind,Dpartementale  617,M,,
201800031250,NonLethal,2018-06-08,18:35:00,Daylight,660,136,Yes,NoIntersection,Normal,2Vehicles-Side,BELFORT AVENUE DE,M,42.68805471581416,2.6894624134743546
201800031254,NonLethal,2018-06-12,16:15:00,Daylight,660,136,Yes,NoIntersection,Normal,2Vehicles-Behind,ESPAGNE (ROUTE D'),M,42.67613152738158,2.6754223232323
201800031256,NonLethal,2018-06-14,11:55:00,Daylight,660,136,Yes,NoIntersection,Normal,2Vehicles-Side,POINCARE (BOULEVARD HENR,M,42.69172333931389,2.6904792788824725
201800031257,NonLethal,2018-06-16,11:55:00,Daylight,660,136,Yes,NoIntersection,Normal,2Vehicles-Behind,POINCARE (BOULEVARD HENR,M,42.69032246019098,2.691296510177933
201800031259,NonLethal,2018-06-17,10:20:00,Daylight,660,136,Yes,NoIntersection,Normal,3+Vehicles-Chain,FLANDRES/DUNKERQUE (CARR,M,42.68496583432668,2.6861083666158003
201800031260,NonLethal,2018-06-18,07:10:00,Daylight,660,136,No,NoIntersection,Normal,2Vehicles-Side,MAILLOLES (CHEMIN),M,42.68398544910282,2.6825271351306146
201800031261,NonLethal,2018-06-18,07:55:00,Daylight,660,136,Yes,NoIntersection,Normal,2Vehicles-Side,EUROPE (PLACE DE L'),M,42.67945832904257,2.678262608498377
201800031262,NonLethal,2018-06-18,07:30:00,Daylight,660,136,No,NoIntersection,Normal,Other,D 616,M,42.7109717261535,2.711056758919269
201800031263,NonLethal,2018-06-19,09:25:00,Daylight,660,136,Yes,NoIntersection,Normal,Other,ZOLA (EMILE),M,42.696314621097024,2.698685140497833
201800031264,NonLethal,2018-06-22,07:57:00,Daylight,660,136,No,Roundabout,Normal,2Vehicles-Behind,PONT-TRENCAT (CAMI DEL),M,42.67210446362382,2.671203277352125
201800031265,NonLethal,2018-06-23,12:12:00,Daylight,660,136,Yes,NoIntersection,Normal,3+Vehicles-Chain,ESPAGNE (ROUTE D'),M,42.68317904397027,2.682676649831261
201800031267,NonLethal,2018-06-25,13:37:00,Daylight,660,136,No,NoIntersection,Normal,NoCollision,ESPAGNE (ROUTE D'),M,42.67382062382928,2.674758915447364
201800031268,NonLethal,2018-06-25,14:55:00,Daylight,660,136,Yes,NoIntersection,Normal,Other,ARGELES SUR MER AVENUE D,M,42.68019671318166,2.6777237555976026
201800031270,NonLethal,2018-06-25,19:50:00,Daylight,660,136,Yes,NoIntersection,Normal,Other,CASSANYES (PLACE JOSEPH),M,42.69644547558965,2.695901817397471
201800031271,NonLethal,2018-06-27,09:20:00,Daylight,660,136,No,NoIntersection,Normal,Other,GUYNEMER (AVENUE GEORGES,M,42.68922497215676,2.690429915440452
201800031272,NonLethal,2018-06-27,14:10:00,Daylight,660,136,Yes,NoIntersection,Normal,Other,WILSON (BOULEVARD THOMAS,M,42.7015028090103,2.701929766607461
201800031273,NonLethal,2018-06-28,17:57:00,Daylight,660,136,Yes,NoIntersection,Normal,Other,SALANQUE (AVENUE DE),M,42.72762524597152,2.7252179830334526
201800031274,NonLethal,2018-06-30,15:25:00,Daylight,660,136,Yes,NoIntersection,Normal,2Vehicles-Behind,CLEMENCEAU (BOULEVARD),M,42.70014923438431,2.6998371992579884
201800031276,NonLethal,2018-07-05,12:52:00,Daylight,660,136,Yes,NoIntersection,Normal,2Vehicles-Behind,LEVY (MAURICE),M,42.6932256321711,2.692527926117077
201800031277,NonLethal,2018-07-08,06:14:00,TwilightOrDawn,660,136,No,NoIntersection,Normal,Other,Dpartementale  617,M,42.70806722303276,2.707623533539712
201800031278,NonLethal,2018-07-10,04:05:00,NightStreelightsOn,660,136,Yes,NoIntersection,Normal,Other,ROUDAYRE (AVENUE EMILE),M,42.71223118593137,2.710832331645194
201800031279,NonLethal,2018-10-07,18:05:00,Daylight,660,136,No,NoIntersection,Normal,3+Vehicles-Multiple,R D 900,M,42.70366542143806,2.7045137033874678
201800031280,NonLethal,2018-07-10,23:42:00,NightStreelightsOn,660,136,Yes,NoIntersection,Normal,2Vehicles-Side,JOFFRE (AVENUE DU MARECH,M,42.70833186258084,2.7064308874100207
201800031281,NonLethal,2018-12-07,21:53:00,NightStreelightsOn,660,136,Yes,NoIntersection,Normal,Other,POTIER (PLACE),M,42.69710714560858,2.6953097872481875
201800031282,NonLethal,2018-07-13,10:56:00,Daylight,660,136,Yes,NoIntersection,Normal,2Vehicles-Side,KENNEDY (BD JOHN-FITZGER,M,42.68892445253489,2.690266303493112
201800031283,NonLethal,2018-07-13,11:35:00,Daylight,660,136,Yes,NoIntersection,Normal,Other,CLEMENCEAU (BOULEVARD),M,42.69870146153602,2.699791950146774
201800031284,NonLethal,2018-07-13,17:50:00,Daylight,660,136,Yes,NoIntersection,Normal,Other,LECLERC (AVENUE DU GENER,M,42.70039772382626,2.7015365132301903
201800031286,NonLethal,2018-07-18,11:17:00,Daylight,660,136,Yes,T-type,Normal,2Vehicles-Side,DIAZ (NARCISSE VIRGILE),M,42.71926069616172,2.7163854212281877
201800031287,NonLethal,2018-07-20,15:45:00,Daylight,660,136,Yes,X-type,Normal,Other,PANCHOT (AVENUE JULIEN),M,42.6842255118049,2.684800223599705
201800031288,NonLethal,2018-07-25,05:30:00,TwilightOrDawn,660,136,Yes,NoIntersection,Normal,NoCollision,CASALS Pau (Av),M,42.71563987619255,2.7186156357791003
201800031289,NonLethal,2018-07-25,03:54:00,NightNoStreetLight,660,136,Yes,NoIntersection,Normal,Other,BONHEUR ROSA,M,42.72393493963978,2.724787553566677
201800031290,NonLethal,2018-07-27,09:42:00,Daylight,660,136,No,Roundabout,Normal,2Vehicles-Side,Dpartementale 914,M,42.6650091067732,2.6668489684753194
201800031291,NonLethal,2018-07-27,14:00:00,Daylight,660,136,Yes,NoIntersection,Normal,Other,KENNEDY (BD JOHN-FITZGER,M,42.6871876471905,2.686952052593924
201800031292,NonLethal,2018-07-30,15:15:00,Daylight,660,136,No,NoIntersection,Normal,2Vehicles-Behind,Dpartementale 914,M,42.67426764214441,2.6738400343466227
201800031293,NonLethal,2018-08-08,18:12:00,Daylight,660,136,Yes,NoIntersection,Normal,2Vehicles-Behind,ESPAGNE (ROUTE D'),M,42.68471822901378,2.684906497196597
201800031294,NonLethal,2018-08-08,23:20:00,NightStreelightsOn,660,136,Yes,Other,Normal,Other,LECLERC (AVENUE DU GENER,M,42.70149911432807,2.7027230225739007
201800031295,NonLethal,2018-11-08,19:08:00,Daylight,660,136,Yes,NoIntersection,Normal,Other,CLEMENCEAU (BOULEVARD),M,42.69909544069655,2.6985945130969875
201800031296,NonLethal,2018-11-08,01:44:00,NightStreelightsOn,660,136,No,NoIntersection,Normal,2Vehicles-Side,FAUCEILLE (CHEMIN DE LA),M,42.67095275719272,2.670560071590067
201800031297,NonLethal,2018-08-17,12:30:00,Daylight,660,136,Yes,NoIntersection,Normal,Other,FOCH (MARECHAL),M,42.69511801778423,2.693857085548651
201800031300,NonLethal,2018-08-24,15:46:00,Daylight,660,136,No,NoIntersection,Normal,2Vehicles-Behind,ROTTERDAM (ROND POINT DE,M,42.69336603764507,2.695503335693871
201800031301,NonLethal,2018-08-28,11:45:00,Daylight,660,136,No,X-type,Normal,2Vehicles-Side,BERGES ARISTIDE,M,42.72997660036086,2.7295995996591045
201800031302,NonLethal,2018-08-28,17:00:00,Daylight,660,136,Yes,NoIntersection,Normal,2Vehicles-Side,FRANCE (BOULEVARD ANATOL,M,42.69677702857211,2.697858484216986
201800031303,NonLethal,2018-08-29,12:20:00,Daylight,660,136,No,NoIntersection,Normal,Other,VERTEFEUILLE (RAMBLA DE),M,42.67937669330966,2.679063081195477
201800031304,NonLethal,2018-08-29,13:45:00,Daylight,660,136,Yes,NoIntersection,Normal,2Vehicles-Behind,TORREILLES (AV DU DOCTEU,M,42.68738782358359,2.686561191435061
201800031305,NonLethal,2018-08-29,18:00:00,Daylight,660,136,No,T-type,Normal,2Vehicles-Side,NUNGESSER-ET-COLI (BOULE,M,42.68625709296352,2.6833297044264923
201800031306,NonLethal,2018-03-09,19:00:00,Daylight,660,136,Yes,NoIntersection,Normal,Other,MAS-DONAT (DU),M,42.71015193533111,2.7081438466313554
201800031307,NonLethal,2018-09-11,12:35:00,Daylight,660,136,Yes,NoIntersection,Normal,2Vehicles-Behind,LESAGE (ALAIN),M,42.68893377767737,2.691174643034802
201800031308,NonLethal,2018-09-14,11:50:00,Daylight,660,136,Yes,NoIntersection,Normal,Other,MARMONTEL (JEAN-FRANCOIS,M,42.68768908032516,2.689541343878508
201800031311,NonLethal,2018-09-17,08:50:00,Daylight,660,136,Yes,NoIntersection,Normal,2Vehicles-Behind,R D 900,M,42.697921593594415,2.698366409190133
201800031312,NonLethal,2018-09-17,22:30:00,NightStreelightsOn,660,136,Yes,NoIntersection,Normal,Other,PYRENEES (BOULEVARD DES),M,42.69603812791704,2.696131014638393
201800031313,NonLethal,2018-09-20,07:50:00,Daylight,660,136,Yes,NoIntersection,Normal,Other,POU-DE-LES-COULOBRES (CH,M,42.68064130610043,2.6798327146669343
201800031315,NonLethal,2018-09-25,11:32:00,Daylight,660,136,Yes,NoIntersection,Normal,2Vehicles-Behind,FAUCEILLE (CHEMIN DE LA),M,42.66657718535879,2.6659001404208484
201800031316,NonLethal,2018-09-25,14:20:00,Daylight,660,136,No,NoIntersection,Normal,2Vehicles-Behind,R D 900,M,,
201800031317,NonLethal,2018-10-01,10:35:00,Daylight,660,136,Yes,X-type,Normal,2Vehicles-Side,MERCADER (BOULEVARD FELI,M,42.69200228456592,2.6939867103486703
201800031318,NonLethal,2018-10-01,18:10:00,Daylight,660,136,Yes,NoIntersection,Normal,Other,ALDUY (Paul),M,42.68099736386456,2.6809975882233243
201800031320,NonLethal,2018-01-10,10:50:00,Daylight,660,136,Yes,NoIntersection,Normal,Other,FLANDRES/DUNKERQUE (CARR,M,42.68583129865735,2.6864345835724137
201800031321,NonLethal,2018-10-01,11:55:00,Daylight,660,136,Yes,NoIntersection,Normal,Other,SAUVY (ALFRED),M,42.68046360663398,2.678142786854418
201800031322,NonLethal,2018-01-10,18:10:00,Daylight,660,136,Yes,NoIntersection,Normal,Other,SAUVY (ALFRED),M,42.67936574220493,2.6791701329337134
201800031323,NonLethal,2018-10-02,09:00:00,Daylight,660,136,Yes,NoIntersection,Normal,2Vehicles-Behind,R D 900,M,,
201800031325,NonLethal,2018-03-10,12:15:00,Daylight,660,136,Yes,NoIntersection,Normal,3+Vehicles-Chain,BOURRAT BOULEVARD JEAN,M,42.702131741814505,2.6987042218594497
201800031326,Lethal,2018-07-10,00:12:00,NightStreelightsOn,660,136,No,NoIntersection,Normal,NoCollision,PRADES (AVENUE DE ) ST C,M,,
201800031327,NonLethal,2018-03-10,15:29:00,Daylight,660,136,Yes,NoIntersection,Normal,Other,POUDRIERE (CHEMIN DE LA),M,42.71966102562529,2.716971519932815
201800031328,NonLethal,2018-10-07,11:10:00,Daylight,660,136,Yes,NoIntersection,Normal,2Vehicles-Behind,MERCADER (BOULEVARD FELI,M,42.69429851851209,2.6939957398667294
201800031329,NonLethal,2018-10-10,08:11:00,Daylight,660,136,Yes,X-type,LightRain,2Vehicles-Side,MARAGALL (JOAN),M,42.71963864458885,2.7206938452657647
201800031331,NonLethal,2018-12-10,08:06:00,Daylight,660,136,Yes,Y-type,Normal,2Vehicles-Side,GUYNEMER (AVENUE GEORGES,M,42.68779611593658,2.6872486063140517
201800031332,NonLethal,2018-10-12,08:00:00,TwilightOrDawn,660,136,Yes,NoIntersection,Normal,Other,GUYNEMER (AVENUE GEORGES,M,42.68777252922605,2.68819221631435
201800031333,NonLethal,2018-10-15,09:32:00,Daylight,660,136,Yes,NoIntersection,LightRain,2Vehicles-Behind,PANCHOT (AVENUE JULIEN),M,42.69151466834395,2.693943953319279
201800031334,NonLethal,2018-10-18,07:00:00,NightStreelightsOn,660,136,No,NoIntersection,LightRain,2Vehicles-Behind,R D 900,M,42.6975229665871,2.697184488849735
201800031335,NonLethal,2018-10-21,18:40:00,TwilightOrDawn,660,136,Yes,NoIntersection,Normal,Other,GIRAL (ALLEE AIME),M,42.71589596041008,2.7147408779465416
201800031336,NonLethal,2018-10-21,17:16:00,Daylight,660,136,Yes,NoIntersection,Normal,Other,FLANDRES/DUNKERQUE (CARR,M,42.68572774085758,2.686116562394937
201800031338,NonLethal,2018-10-23,19:50:00,TwilightOrDawn,660,136,No,NoIntersection,Normal,Other,ESPAGNE (ROUTE D'),M,42.67879461635039,2.675101728947283
201800031339,NonLethal,2018-10-25,07:45:00,TwilightOrDawn,660,136,No,NoIntersection,Normal,2Vehicles-Side,POU-DE-LES-COULOBRES (CH,M,42.66500393927837,2.666119223847501
201800031340,NonLethal,2018-10-26,07:55:00,TwilightOrDawn,660,136,No,Roundabout,Normal,3+Vehicles-Multiple,Dpartementale  617,M,42.7089776802752,2.70629724754145
201800031342,Lethal,2018-11-04,10:59:00,Daylight,660,136,No,NoIntersection,Normal,Other,Dpartementale  617,M,42.71478625588491,2.7150878183785125
201800031343,NonLethal,2018-01-11,02:25:00,NightStreelightsOn,660,136,Yes,X-type,Normal,2Vehicles-Side,ALDUY (Paul),M,42.687131494346325,2.686809398876368
201800031344,NonLethal,2018-11-05,15:37:00,Daylight,660,136,No,NoIntersection,Normal,2Vehicles-Behind,ESPAGNE (ROUTE D'),M,42.67564936513953,2.678154825972618
201800031346,NonLethal,2018-06-11,20:10:00,NightStreelightsOn,660,136,Yes,NoIntersection,Normal,Other,JUIN (AVENUE DU MARECHAL,M,42.68798159917447,2.68766217881132
201800031347,NonLethal,2018-07-11,06:20:00,NightStreelightsOn,660,136,Yes,NoIntersection,Normal,2Vehicles-Behind,BOURRAT BOULEVARD JEAN,M,42.70099208875861,2.699013553056887
201800031349,NonLethal,2018-11-12,19:02:00,TwilightOrDawn,660,136,No,NoIntersection,Normal,3+Vehicles-Chain,R D 900,M,42.674988453930695,2.675262558830399
201800031350,NonLethal,2018-11-14,07:53:00,Daylight,660,136,Yes,NoIntersection,Normal,Other,PASSIO-VELLA (CHEMIN DE,M,42.68559134453861,2.686315525153415
201800031351,NonLethal,2018-11-14,08:03:00,Daylight,660,136,No,NoIntersection,Normal,3+Vehicles-Chain,R D 900,M,42.67941154683434,2.67824933656576
201800031352,NonLethal,2018-11-14,20:05:00,NightStreelightsOn,660,136,Yes,NoIntersection,Normal,2Vehicles-Side,GRANDE BRETAGNE (AVENUE,M,42.69962400642256,2.6984440054293954
201800031353,NonLethal,2018-11-15,17:32:00,Daylight,660,136,Yes,NoIntersection,Normal,Other,RODIN (AUGUSTE),M,42.69180207614276,2.6890320370129164
201800031354,NonLethal,2018-11-15,18:35:00,Daylight,660,136,No,NoIntersection,Normal,2Vehicles-Behind,R D 900,M,42.70138059688869,2.702915468721113
201800031355,NonLethal,2018-11-21,11:32:00,Daylight,660,136,Yes,NoIntersection,Normal,Other,POINCARE (BOULEVARD HENR,M,42.691926361777455,2.690651108382328
201800031357,NonLethal,2018-11-22,19:01:00,NightStreelightsOn,660,136,No,NoIntersection,Normal,2Vehicles-Behind,R D 900,M,42.67363655884418,2.6722765887920668
201800031358,NonLethal,2018-11-23,10:43:00,Daylight,660,136,Yes,NoIntersection,Normal,Other,LANGUEDOC (AVENUE DU CD,M,42.72282336572697,2.722930130958271
201800031359,NonLethal,2018-11-22,09:58:00,Daylight,660,136,Yes,NoIntersection,Normal,2Vehicles-Side,DESNOYE (BOULEVARD DR. J,M,42.70834111402204,2.709127767516507
201800031360,NonLethal,2018-11-26,10:00:00,Daylight,660,136,Yes,NoIntersection,Normal,Other,VALETTE (FREDERIC),M,42.695369330390605,2.6959280430464165
201800031363,NonLethal,2018-02-12,07:30:00,NightStreelightsOn,660,136,No,NoIntersection,Normal,2Vehicles-BehindVehicles-Frontal,R D 900,M,,
201800031364,NonLethal,2018-03-12,07:40:00,TwilightOrDawn,660,136,Yes,NoIntersection,Normal,Other,POINCARE (BOULEVARD HENR,M,42.694286688710605,2.693147380461362
201800031365,NonLethal,2018-06-12,15:10:00,Daylight,660,136,Yes,NoIntersection,Normal,2Vehicles-Behind,BRIAND BOULEVARD ARISTID,M,42.69629585294541,2.695418556247981
201800031367,NonLethal,2018-10-12,12:05:00,Daylight,660,136,Yes,NoIntersection,Normal,Other,PYRENEES (BOULEVARD DES),M,42.695219167725575,2.696929420338015
201800031368,NonLethal,2018-12-12,13:30:00,Daylight,660,136,Yes,NoIntersection,Normal,Other,PERVENCHES (AVENUE DES),M,42.70306161306763,2.7017313897137365
201800031369,NonLethal,2018-12-13,07:45:00,TwilightOrDawn,660,136,Yes,NoIntersection,Normal,2Vehicles-Side,SALANQUE (AVENUE DE),M,42.72901853532149,2.727004792223272
201800031370,NonLethal,2018-12-13,17:50:00,Daylight,660,136,Yes,NoIntersection,Normal,Other,CANIGOU PLACE DU,M,42.68404064693125,2.6851985089242723
201800031372,NonLethal,2018-12-15,05:00:00,NightStreelightsOn,660,136,Yes,X-type,Normal,Other,CATALOGNE (PLACE DE),M,42.697921025594354,2.6977640490872
201800031373,NonLethal,2018-12-15,15:50:00,Daylight,660,136,Yes,NoIntersection,Normal,Other,ARCADES (RD POINT),M,42.67288603269189,2.6766502240928283
201800031375,NonLethal,2018-12-19,05:27:00,NightStreelightsOn,660,136,Yes,NoIntersection,Normal,2Vehicles-BehindVehicles-Frontal,PASCOT (AVENUE PAUL),M,42.67541474552297,2.675996107688165
201800031377,NonLethal,2018-12-20,10:05:00,Daylight,660,136,Yes,NoIntersection,Normal,Other,ARGELES SUR MER AVENUE D,M,42.682360523592834,2.681734636950725
201800031378,NonLethal,2018-12-20,15:11:00,Daylight,660,136,No,NoIntersection,Normal,2Vehicles-Behind,ESPAGNE (ROUTE D'),M,42.67312697451845,2.674862579843571
201800031379,NonLethal,2018-12-20,19:16:00,NightStreelightsOff,660,136,No,NoIntersection,Normal,2Vehicles-BehindVehicles-Frontal,BLANC AVENUE ROSETTE,M,42.70086561930121,2.7004717106455907
201800031380,NonLethal,2018-12-20,21:10:00,NightStreelightsOn,660,136,Yes,NoIntersection,Normal,Other,ESCARGUEL (LAZARE),M,42.69881461840861,2.699627704782987
201800031381,NonLethal,2018-12-20,22:39:00,NightStreelightsOn,660,136,Yes,NoIntersection,Normal,2Vehicles-Behind,MERCADER (BOULEVARD FELI,M,42.69322267600455,2.695153210921819
201800031382,Lethal,2018-12-21,23:15:00,NightStreelightsOn,660,136,No,NoIntersection,Normal,2Vehicles-Behind,R D 900,M,42.66971489726323,2.672035010409649
201800031383,NonLethal,2018-12-22,11:00:00,Daylight,660,136,Yes,NoIntersection,Normal,2Vehicles-Side,LANGUEDOC (AVENUE DU CD,M,42.74245634660258,2.74252999185726
201800031384,NonLethal,2018-12-25,13:10:00,Daylight,660,136,No,NoIntersection,Normal,2Vehicles-Side,R D 900,M,42.71733193064141,2.7185153649283667
201800031385,NonLethal,2018-12-21,15:18:00,Daylight,660,136,Yes,NoIntersection,Normal,Other,MERCADER (BOULEVARD FELI,M,42.69291759899398,2.692477273862022
201800031386,NonLethal,2018-12-29,18:55:00,NightNoStreetLight,660,136,Yes,NoIntersection,Normal,2Vehicles-Behind,PONT-TRENCAT (CAMI DEL),M,42.67113056436482,2.669774158652114
201800031387,NonLethal,2018-12-28,14:15:00,Daylight,660,136,Yes,NoIntersection,Normal,Other,BRIAND BOULEVARD ARISTID,M,42.69245437167413,2.693347082592152
201800031388,NonLethal,2018-01-13,12:50:00,Daylight,520,114,No,NoIntersection,Normal,NoCollision,RD107  virage à gauche,M,48.01990260674369,5.01969253938784
201800031389,NonLethal,2018-01-14,14:15:00,Daylight,520,349,No,NoIntersection,Normal,NoCollision,D143 PR6+900,M,48.03576633200075,5.035355172692257
201800031390,NonLethal,2018-12-04,17:30:00,Daylight,520,422,Yes,X-type,Normal,2Vehicles-Side,RD107,M,48.02036131927221,5.022468439225183
201800031391,NonLethal,2018-05-20,05:40:00,TwilightOrDawn,520,151,No,NoIntersection,Normal,NoCollision,RD3 - PK25+500,M,47.95927493948436,4.960501542649912
201800031394,NonLethal,2018-06-29,05:00:00,TwilightOrDawn,520,365,No,NoIntersection,Normal,Other,RD105 PK 12+200,M,48.077658788205966,4.078050469081539
201800031395,NonLethal,2018-07-13,20:30:00,Daylight,520,114,No,NoIntersection,Normal,NoCollision,RD 6 - PK 42+700,M,48.06289891969477,4.06401178992821
201800031396,NonLethal,2018-07-29,05:00:00,TwilightOrDawn,520,114,Yes,Y-type,Normal,Other,Rue St-Siméon,M,48.0678811556571,4.068067100315902
201800031397,NonLethal,2018-08-24,16:15:00,Daylight,520,258,No,NoIntersection,Normal,NoCollision,"RD 396, Pk3+250",M,48.082355839232896,4.082042602765132
201800031399,Lethal,2018-03-17,14:00:00,Daylight,60,149,Yes,Other,Normal,2Vehicles-Side,Boulevard du Général de,M,43.7418818627422,7.741217608137106
201800031400,NonLethal,2018-06-13,12:30:00,Daylight,60,149,Yes,NoIntersection,Normal,2Vehicles-BehindVehicles-Frontal,boulevard riba rossa,M,43.73543708378338,7.733501476146186
201800031401,NonLethal,2018-08-13,15:42:00,Daylight,60,149,Yes,NoIntersection,Normal,NoCollision,2100 vieux chemin de lag,M,43.745986857104285,7.746383016111602
201800031402,NonLethal,2018-11-09,14:20:00,Daylight,60,149,Yes,T-type,Normal,2Vehicles-Side,49 Boulevard François Su,M,43.74237368034809,7.741685664824735
201800031404,NonLethal,2018-10-13,15:45:00,Daylight,60,149,Yes,NoIntersection,Normal,Other,PARKING AUCHAN LA TRINIT,M,43.74248356594803,7.740855377201997
201800031405,NonLethal,2018-03-17,20:00:00,NightNoStreetLight,670,371,No,NoIntersection,SnowOrHail,2Vehicles-BehindVehicles-Frontal,D9,M,48.86575622885621,7.865136278460987
201800031406,NonLethal,2018-01-04,14:25:00,Daylight,670,103,No,Other,LightRain,3+Vehicles-Chain,,M,48.80417723981687,7.804446003328892
201800031407,NonLethal,2018-04-15,15:00:00,Daylight,670,538,No,NoIntersection,Normal,Other,D919 A HAUTEUR DU PK 42+,M,48.91757301452692,7.917762296146496
201800031408,NonLethal,2018-04-17,10:55:00,Daylight,670,347,Yes,NoIntersection,Normal,2Vehicles-Side,D24,M,48.8558837713382,7.85488118084634
201800031409,NonLethal,2018-04-21,17:10:00,Daylight,670,392,Yes,Y-type,Normal,NoCollision,2 rue de  Wimmenau,M,48.93141602879727,7.929952052386151
201800031410,Lethal,2018-04-27,12:58:00,Daylight,670,265,No,NoIntersection,Normal,NoCollision,Route départementale 181,M,48.907633414333965,7.907078729902553
201800031411,NonLethal,2018-07-05,10:05:00,Daylight,670,222,Yes,NoIntersection,Normal,Other,30 rue de l'asile,M,48.8696392715762,7.8683612735319
201800031413,NonLethal,2018-05-21,23:30:00,NightNoStreetLight,670,535,No,NoIntersection,Normal,2Vehicles-Behind,D919 - point kilométriqu,M,48.90823451037398,7.907947236740591
201800031415,NonLethal,2018-11-08,17:50:00,Daylight,670,371,Yes,NoIntersection,Normal,2Vehicles-BehindVehicles-Frontal,route d'Ingwiller,M,48.85905925943092,7.858333559660996
201800031416,NonLethal,2018-08-12,00:30:00,NightNoStreetLight,670,265,No,NoIntersection,Other,Other,,M,48.92707353681432,7.92625901510116
201800031418,NonLethal,2018-09-25,11:45:00,Daylight,670,333,Yes,NoIntersection,Normal,Other,3 rue de l'église,M,48.85071659133103,7.850255004256288
201800031419,NonLethal,2018-10-07,15:55:00,Daylight,670,347,No,NoIntersection,Normal,NoCollision,chemin agricole,M,48.85212913956147,7.850701418818726
201800031421,NonLethal,2018-04-12,12:15:00,Daylight,670,371,No,NoIntersection,Overcast,2Vehicles-BehindVehicles-Frontal,D135,M,48.87571810057025,7.875226836648085
201800031422,NonLethal,2018-10-12,13:20:00,Daylight,670,538,No,NoIntersection,LightRain,2Vehicles-BehindVehicles-Frontal,RD 9l9 - PR 4l+9l8.l,M,48.92465296810894,7.924260903164488
201800031423,NonLethal,2018-06-01,14:25:00,Daylight,850,34,No,NoIntersection,Normal,Other,,M,46.617892718391545,-0.6183815816833231
201800031424,NonLethal,2018-02-22,15:38:00,Daylight,850,216,No,X-type,Normal,2Vehicles-Side,D137,M,46.46973681094246,-0.4714298473853601
201800031425,NonLethal,2018-03-23,14:00:00,Daylight,850,233,No,Roundabout,LightRain,2Vehicles-Side,Z.I du Vignaud,M,46.52347359920318,-0.5248699403720184
201800031427,Lethal,2018-04-16,17:51:00,Daylight,850,254,No,NoIntersection,Normal,2Vehicles-BehindVehicles-Frontal,,M,46.80397152616237,-0.8056276061762785
201800031428,Lethal,2018-04-20,23:46:00,NightStreelightsOff,850,188,Yes,NoIntersection,Normal,2Vehicles-BehindVehicles-Frontal,LA MOTTE,M,46.58718061014957,-0.5879234829926344
201800031429,NonLethal,2018-05-16,16:50:00,Daylight,850,42,Yes,NoIntersection,Normal,2Vehicles-Side,rue de l'an VI,M,46.3933721906958,-0.3922548174634778
201800031430,Lethal,2018-05-22,10:03:00,Daylight,850,67,No,NoIntersection,Normal,2Vehicles-BehindVehicles-Frontal,,M,46.66624650033438,-0.6667260500517167
201800031431,Lethal,2018-06-01,21:30:00,TwilightOrDawn,850,181,No,NoIntersection,Normal,Other,LA CROIX,M,46.50444931699381,-0.5041859703749391
201800031432,NonLethal,2018-02-16,17:57:00,TwilightOrDawn,800,345,Yes,NoIntersection,Normal,2Vehicles-BehindVehicles-Frontal,R DE L'EGLISE,M,50.09742908772037,1.0966731688332458
201800031433,NonLethal,2018-02-03,16:30:00,Daylight,800,332,No,NoIntersection,Normal,Other,A16,M,50.23754436863114,1.2364352940841434
201800031434,NonLethal,2018-06-03,08:45:00,Daylight,800,385,No,Other,Normal,Other,A16,M,50.14064430297751,1.1405480373516057
201800031435,NonLethal,2018-03-22,09:05:00,Daylight,800,385,No,NoIntersection,Normal,NoCollision,A16,M,50.13849921553207,1.140159629353927
201800031436,NonLethal,2018-04-20,23:45:00,NightNoStreetLight,800,9,No,NoIntersection,Normal,Other,A16,M,50.069153985946585,1.0695239023636185
201800031439,NonLethal,2018-04-09,11:30:00,Daylight,800,388,No,NoIntersection,LightRain,2Vehicles-Behind,A28,M,50.0212147428197,1.0190388438696996
201800031441,NonLethal,2018-10-11,09:50:00,Daylight,800,344,No,NoIntersection,LightRain,Other,A16,M,50.07966056718768,1.0807192570145143
201800031443,NonLethal,2018-01-03,19:45:00,NightNoStreetLight,760,517,No,NoIntersection,LightRain,Other,Autoroute A28 _ PK 94,M,49.515060652134,1.5165670095184207
201800031444,NonLethal,2018-06-22,21:50:00,TwilightOrDawn,760,410,No,Other,Normal,2Vehicles-Behind,Autoroute A150 PK 004+40,M,49.4736661701083,1.4737630534393316
201800031445,NonLethal,2018-06-29,18:45:00,Daylight,760,245,No,NoIntersection,Normal,Other,A151,M,49.547731236195325,1.5472882399241434
201800031446,NonLethal,2018-07-02,11:05:00,Daylight,760,594,No,Other,Normal,2Vehicles-Behind,A 150 PK 007.655,M,49.49559347127336,9.494897196074312
201800031447,NonLethal,2018-10-14,23:30:00,NightNoStreetLight,760,541,No,NoIntersection,Normal,NoCollision,A151,M,49.51246653527265,9.511588734969916