AccidentId,Gravity,Date,Hour,Light,Department,Commune,InAgglomeration,IntersectionType,Weather,CollisionType,PostalAddress,GPSCode,Latitude,Longitude
201800031448,NonLethal,2018-05-05,23:05:00,NightStreelightsOff,170,280,Yes,NoIntersection,Normal,Other,ROUTE DÉPARTEMENTALE 119,M,45.82059034107032,-0.821665995427743
201800031449,NonLethal,2018-05-23,11:30:00,Daylight,170,185,No,NoIntersection,Normal,2Vehicles-Side,Le cerisier,M,45.74930482447671,-0.749075941950182
201800031450,NonLethal,2018-11-07,20:20:00,TwilightOrDawn,170,330,No,Y-type,Normal,2Vehicles-Side,D728 PK18+010,M,45.74978673249538,-0.7510512077649824
201800031451,NonLethal,2018-07-22,19:30:00,Daylight,170,262,No,X-type,Normal,2Vehicles-Side,Carrefour RD728/RD125,M,45.7472547491324,-0.7459982977035008
201800031452,NonLethal,2018-08-16,07:45:00,Daylight,170,120,No,NoIntersection,Normal,Other,Rue du vieux chai,M,45.74738187082404,-0.7454517582144357
201800031453,Lethal,2018-09-17,09:30:00,Daylight,170,284,Yes,T-type,Normal,2Vehicles-Side,Avenue Bernard Chambenoi,M,45.825103734184985,-0.8248882295609216
201800031454,NonLethal,2018-09-17,15:00:00,Daylight,170,214,No,NoIntersection,Normal,2Vehicles-BehindVehicles-Frontal,AXE N2150 - PR 55+400,M,45.70393857584007,-0.7055568398787698
201800031455,NonLethal,2018-09-25,14:45:00,Daylight,170,453,No,T-type,Normal,2Vehicles-Side,RD 238,M,45.88206811090613,-0.8824477789757288
201800031456,Lethal,2018-06-10,05:30:00,NightNoStreetLight,170,408,No,NoIntersection,Normal,NoCollision,5 route des carrières,M,45.841076585589086,-0.8394429831903234
201800031457,NonLethal,2018-10-21,15:20:00,Daylight,170,285,Yes,Y-type,Normal,2Vehicles-Side,Rue de la mairie,M,45.83426359076871,-0.8353123566248756
201800031458,Lethal,2018-02-23,09:30:00,Daylight,10,4,Yes,NoIntersection,Normal,Other,27 Avenue léon blum,M,45.959931052065095,5.959549144408096
201800031459,NonLethal,2018-05-20,19:00:00,Daylight,10,149,Yes,T-type,Normal,2Vehicles-Side,Carrefour route d'Ambéri,M,45.98983526771767,5.990292496787783
201800031460,NonLethal,2018-06-26,13:50:00,Daylight,10,7,No,NoIntersection,Normal,3+Vehicles-Chain,Lieu dit Coutelieu,M,45.99043653880281,5.987736256632155
201800031461,Lethal,2018-07-31,17:10:00,Daylight,10,4,No,NoIntersection,Other,2Vehicles-BehindVehicles-Frontal,RD 1075,M,45.96597083040058,5.966055170136727
201800031462,Lethal,2018-08-17,22:15:00,NightStreelightsOn,10,384,Yes,NoIntersection,Normal,Other,"41, Avenue de Savoie",M,45.95252395557257,5.952115946265889
201800031463,NonLethal,2018-08-26,17:30:00,Daylight,10,345,No,T-type,Normal,Other,D1O75,M,45.94914792745373,5.946848847103529
201800031464,NonLethal,2018-09-19,15:15:00,Daylight,10,7,No,NoIntersection,Normal,Other,le bellaton,M,46.01528745761932,5.014937276768435
201800031465,NonLethal,2018-09-28,21:10:00,NightNoStreetLight,10,89,No,NoIntersection,Normal,2Vehicles-Behind,D 904,M,45.96185890513269,5.961488051841167
201800031466,NonLethal,2018-10-02,16:15:00,Daylight,10,4,No,NoIntersection,Normal,NoCollision,Route Départementale 107,M,46.01001791934685,5.009799441114839
201800031468,NonLethal,2018-10-13,19:40:00,NightStreelightsOn,10,379,Yes,Other,Normal,NoCollision,Rue de la libération,M,45.95848143097844,5.959216276644832
201800031469,NonLethal,2018-10-13,22:40:00,NightStreelightsOn,10,4,Yes,X-type,Normal,2Vehicles-Side,AVENUE DE VERDUN,M,45.95927295408977,5.961681424919214
201800031470,NonLethal,2018-01-09,15:45:00,Daylight,660,164,No,NoIntersection,Normal,2Vehicles-Side,AUTOROUTE A9 - PK 242+60,M,42.77750449806258,2.7797947561578096
201800031471,NonLethal,2018-02-03,07:30:00,Daylight,660,172,No,NoIntersection,Normal,2Vehicles-Behind,A9 PK 250.650,M,,
201800031472,NonLethal,2018-02-16,16:20:00,Daylight,660,190,No,NoIntersection,Normal,3+Vehicles-Chain,"PK 228+500, Autoroute A9",M,,
201800031473,NonLethal,2018-04-20,17:10:00,Daylight,660,24,No,NoIntersection,Normal,2Vehicles-Behind,A9 gare de péage le pert,M,42.52449859617874,2.52661867505915
201800031474,NonLethal,2018-04-23,13:15:00,Daylight,660,144,No,NoIntersection,Normal,Other,autoroute A9,M,42.64160331859331,2.641107235941924
201800031475,NonLethal,2018-11-05,21:40:00,NightStreelightsOn,660,24,No,NoIntersection,Normal,2Vehicles-Side,A9 bretelle d'entrée dir,M,42.5304693247795,2.532838590003688
201800031477,NonLethal,2018-03-06,20:45:00,NightNoStreetLight,660,190,No,NoIntersection,HeavyRain,NoCollision,autoroute A9,M,,
201800031478,NonLethal,2018-07-01,11:15:00,Daylight,660,136,No,NoIntersection,Normal,3+Vehicles-Chain,A9 PK 253+500 sens Narbo,M,42.708025162192,2.707961289147405
201800031479,NonLethal,2018-07-09,00:40:00,NightNoStreetLight,660,136,No,NoIntersection,Normal,2Vehicles-Side,PK 254+700 - AUTOROUTE A,M,42.7090738814964,2.7093931854188766
201800031480,NonLethal,2018-08-03,11:30:00,Daylight,660,226,No,NoIntersection,Normal,Other,A9 PK 262+800,M,42.59152121657856,2.5932817041889358
201800031481,NonLethal,2018-05-08,11:30:00,Daylight,660,214,No,NoIntersection,Normal,2Vehicles-Behind,A9 PK 266.000,M,42.5581186373156,2.5590784209975626
201800031482,NonLethal,2018-07-08,18:30:00,Daylight,660,136,No,NoIntersection,Normal,Other,A9 PK 249+600 Sens 1,M,42.70918945046052,2.710470659522731
201800031483,NonLethal,2018-08-25,10:10:00,Daylight,660,15,No,NoIntersection,Normal,2Vehicles-Behind,Autoroute A9 PK 266 sens,M,,
201800031485,NonLethal,2018-09-23,17:00:00,Daylight,660,190,No,NoIntersection,Normal,3+Vehicles-Chain,Autoroute A9 PK 234+600,M,42.84060269347958,2.84043880150739
201800031486,NonLethal,2018-09-10,16:45:00,Daylight,660,15,No,NoIntersection,HeavyRain,3+Vehicles-Chain,autoroute A9 PK265+000 s,M,,
201800031487,NonLethal,2018-10-14,03:25:00,NightNoStreetLight,660,145,No,NoIntersection,Normal,Other,autoroute A9 PK 259+600,M,,
201800031489,NonLethal,2018-11-12,05:15:00,NightNoStreetLight,660,164,No,NoIntersection,Normal,Other,A9 PK 241+500 ESPAGNE -,M,,
201800031491,NonLethal,2018-01-13,22:25:00,NightNoStreetLight,520,182,No,NoIntersection,Normal,2Vehicles-Behind,CD 24 - PK 04+700,M,48.59158580866922,4.592661398088156
201800031492,NonLethal,2018-01-23,15:40:00,Daylight,520,182,No,NoIntersection,Normal,NoCollision,CD 384 PK 19 +900,M,48.54382517787959,4.545159350103092
201800031493,NonLethal,2018-02-14,15:45:00,Daylight,520,500,Yes,T-type,Normal,2Vehicles-BehindVehicles-Frontal,rue des Lilas,M,48.61967361557576,4.619058209647596
201800031495,NonLethal,2018-05-08,12:45:00,Daylight,520,235,No,Other,Normal,2Vehicles-Side,RN4,M,48.6458522932441,4.646134623864627
201800031496,Lethal,2018-06-04,20:50:00,TwilightOrDawn,520,386,No,NoIntersection,Overcast,Other,rue de SAINT EULIEN,M,48.66877739913859,4.671191733390364
201800031497,Lethal,2018-06-18,08:40:00,Daylight,520,182,Yes,NoIntersection,Normal,Other,,M,48.58782328474929,4.585989400301859
201800031498,NonLethal,2018-08-25,06:30:00,TwilightOrDawn,520,391,No,NoIntersection,LightRain,NoCollision,CD 384,M,48.51005224908238,4.509591103742157
201800031499,Lethal,2018-09-27,08:15:00,Daylight,520,500,No,NoIntersection,Normal,2Vehicles-BehindVehicles-Frontal,CD384,M,48.604247825366734,4.603380964019398
201800031500,NonLethal,2018-10-03,15:30:00,Daylight,520,235,No,Other,Normal,2Vehicles-BehindVehicles-Frontal,RN4 Station totale DER s,M,48.646386262744365,4.6460505978619855
201800031501,NonLethal,2018-04-10,15:20:00,Daylight,520,182,No,NoIntersection,Normal,2Vehicles-Behind,CD384a,M,48.60873582109483,4.609781658196905
201800031502,NonLethal,2018-05-10,14:35:00,Daylight,520,88,No,NoIntersection,Normal,Other,Départementale 173 - PK,M,48.48609542927993,4.487071095267696
201800031503,NonLethal,2018-08-10,20:15:00,TwilightOrDawn,950,205,Yes,NoIntersection,Normal,Other,AV DU BICENTENAIRE,M,49.031087326766205,2.0296534525872296
201800031505,Lethal,2018-03-17,21:46:00,NightNoStreetLight,250,181,No,NoIntersection,LightRain,2Vehicles-BehindVehicles-Frontal,"axe RD50, point kilométr",M,47.49055348864023,6.49097407615116
201800031506,NonLethal,2018-07-04,06:51:00,TwilightOrDawn,250,518,No,NoIntersection,Normal,NoCollision,A36 PK 103+500,M,47.34170498405129,6.342506320345002
201800031508,Lethal,2018-05-04,09:23:00,Daylight,250,197,No,NoIntersection,Normal,2Vehicles-BehindVehicles-Frontal,"RD 683, PR 052.100",M,47.31007750238341,6.311490849402914
201800031510,NonLethal,2018-07-07,06:50:00,Daylight,250,47,No,NoIntersection,Normal,NoCollision,A36 PK 96.450,M,47.35365211813623,6.353635410483496
201800031511,NonLethal,2018-07-22,13:30:00,Daylight,250,354,No,NoIntersection,Normal,2Vehicles-Side,A 36 PK 93.600 SENS 1,M,47.37236531005556,6.372513854145391
201800031512,NonLethal,2018-08-23,19:15:00,Daylight,250,47,No,NoIntersection,Normal,2Vehicles-Side,A36 - pk 095.400 - sens,M,47.36058148760434,6.359896798759952
201800031513,NonLethal,2018-09-06,17:30:00,Daylight,250,467,No,NoIntersection,HeavyRain,Other,"Autoroute A36, PK 126+40",M,47.26605605915494,5.269741293196824
201800031514,Lethal,2018-09-11,09:25:00,Daylight,250,132,No,NoIntersection,Normal,2Vehicles-Side,A.36,M,47.33723796056672,6.33880067689067
201800031515,Lethal,2018-09-14,15:30:00,Daylight,250,103,No,Roundabout,Normal,2Vehicles-Side,RN 83,M,47.175648308957655,5.17473218877159
201800031516,NonLethal,2018-12-26,21:50:00,NightNoStreetLight,250,150,No,NoIntersection,Normal,Other,RD 14,M,47.29010803766016,5.29308896968956
201800031517,NonLethal,2018-01-19,09:55:00,Daylight,670,180,No,Other,Normal,2Vehicles-Behind,RD263,M,48.78683518266464,7.786922322221969
201800031518,NonLethal,2018-01-20,20:50:00,NightNoStreetLight,670,180,Yes,NoIntersection,HeavyRain,Other,RD 1062,M,48.82530280137404,7.827794652783233
201800031519,NonLethal,2018-01-25,08:00:00,Daylight,670,180,Yes,NoIntersection,Normal,Other,"102, STRASBOURG (ROUTE D",M,48.800959086424506,7.801404993223825
201800031520,NonLethal,2018-08-02,12:15:00,Daylight,670,180,Yes,NoIntersection,Normal,Other,"57, STRASBOURG (ROUTE DE",M,48.80750414036024,7.806143141940924
201800031522,NonLethal,2018-01-16,18:30:00,NightStreelightsOn,670,180,Yes,Roundabout,HeavyRain,Other,ROBERT SCHUMAN (PLACE),M,48.81338418285,7.812963700374786
201800031523,NonLethal,2018-03-11,01:54:00,NightNoStreetLight,670,180,No,NoIntersection,FogOrSmoke,Other,FERME STRITTEN (RUE DE L,M,48.81606863327909,7.815622589023828
201800031524,NonLethal,2018-02-15,14:12:00,Daylight,670,180,Yes,Y-type,Normal,2Vehicles-Behind,NOTRE DAME (RUE),M,48.77933007271631,7.781307833413103
201800031527,NonLethal,2018-09-04,18:15:00,Daylight,670,180,No,NoIntersection,Normal,NoCollision,RD 72,M,48.88077127679144,7.881550552457821
201800031528,NonLethal,2018-04-06,15:50:00,Daylight,670,180,Yes,NoIntersection,Normal,2Vehicles-Side,GARE (RUE DE LA),M,48.78148409698064,7.784150481503634
201800031529,NonLethal,2018-04-20,15:13:00,Daylight,670,180,Yes,X-type,VeryGood,2Vehicles-Side,KLEBER (RUE),M,48.80624113311789,7.805915343010522
201800031530,NonLethal,2018-05-09,15:45:00,Daylight,670,180,Yes,NoIntersection,Normal,2Vehicles-Behind,MARECHAL FOCH (RUE DU),M,48.81269939806088,7.811168499427938
201800031531,NonLethal,2018-05-22,15:40:00,Daylight,670,180,Yes,T-type,HeavyRain,2Vehicles-Side,PREFET LEZAY-MARNEZIA (R,M,48.802603122491895,7.802403949727346
201800031532,NonLethal,2018-05-31,08:50:00,Daylight,670,180,Yes,NoIntersection,Normal,2Vehicles-BehindVehicles-Frontal,LERCHENBERG (RUE),M,48.8161555719866,7.816643948887568
201800031533,NonLethal,2018-06-19,05:25:00,TwilightOrDawn,670,180,No,NoIntersection,Normal,Other,RD263,M,48.86977357945392,7.871200129404458
201800031534,NonLethal,2018-07-17,19:16:00,Daylight,670,345,Yes,NoIntersection,Normal,2Vehicles-Behind,KALTENHOUSE (RUE DE),M,48.793871287983215,7.793530618789373
201800031535,NonLethal,2018-07-23,12:10:00,Daylight,670,180,Yes,NoIntersection,Normal,Other,CANAL (RUE DU),M,48.81324018803747,7.812814786648922
201800031536,NonLethal,2018-09-07,16:23:00,Daylight,670,180,Yes,NoIntersection,Normal,2Vehicles-Side,CHEMIN LONG,M,48.821466757014726,7.822712221678183
201800031537,NonLethal,2018-09-27,08:58:00,Daylight,670,180,No,Roundabout,Normal,2Vehicles-Behind,RD 29,M,48.81633785909583,7.815606489415543
201800031538,NonLethal,2018-10-10,17:25:00,Daylight,670,180,No,T-type,Normal,2Vehicles-BehindVehicles-Frontal,RD263,M,48.786325216590186,7.78687095941193
201800031539,NonLethal,2018-09-14,18:15:00,Daylight,670,180,No,Other,Normal,Other,STRASBOURG (ROUTE DE),M,48.796974991742296,7.798373965197682
201800031542,NonLethal,2018-11-26,12:20:00,Daylight,670,180,Yes,T-type,Normal,2Vehicles-Side,BISCHWILLER (ROUTE DE),M,48.80783112934201,7.806951959859452
201800031543,NonLethal,2018-12-10,18:30:00,NightStreelightsOn,670,180,Yes,T-type,LightRain,2Vehicles-Side,CHATEAU FIAT (RUE DU),M,48.8115897389936,7.811601991532743
201800031545,NonLethal,2018-12-21,19:50:00,NightStreelightsOn,670,180,No,Roundabout,Normal,2Vehicles-Side,TAUBENHOF (RUE),M,48.801454178320505,7.801837715952416
201800031546,NonLethal,2018-12-28,21:20:00,NightStreelightsOn,670,180,Yes,NoIntersection,Normal,2Vehicles-Behind,MOUTONS (RUE DES),M,48.80383054090746,7.804589495063428
201800031547,NonLethal,2018-03-01,16:20:00,Daylight,860,7,No,NoIntersection,LightRain,Other,rue de la Croix  Blanche,M,46.865546765353685,5.865861277485021
201800031549,NonLethal,2018-05-06,20:35:00,Daylight,860,224,Yes,NoIntersection,Normal,Other,Lieu dit  l'Angelardière,M,46.90743731392253,4.908120356046013
201800031550,Lethal,2018-06-24,00:10:00,NightNoStreetLight,860,111,No,NoIntersection,Normal,Other,route départementale 910,M,46.90871832760463,5.910311572119907
201800031551,NonLethal,2018-07-26,06:46:00,Daylight,860,92,No,NoIntersection,Normal,2Vehicles-Behind,RD 910,M,46.925898529620255,5.927025524987243
201800031552,NonLethal,2018-08-15,19:15:00,Daylight,860,111,No,X-type,Normal,2Vehicles-Side,intersection D75 et D161,M,46.87277463676739,5.874217023729882
201800031553,NonLethal,2018-08-09,14:00:00,Daylight,860,224,No,NoIntersection,Normal,NoCollision,LIEU-DIT LES MESCHINS,M,46.90778011049156,4.906719128537868
201800031554,Lethal,2018-09-22,20:30:00,NightNoStreetLight,860,42,Yes,NoIntersection,Normal,Other,Les guittons,M,46.97003780867831,6.970116283502473
201800031555,NonLethal,2018-01-10,11:25:00,Daylight,860,224,No,NoIntersection,Normal,Other,RD 749,M,46.91287978624516,4.913164837972314
201800031556,NonLethal,2018-06-23,13:15:00,Daylight,860,221,No,NoIntersection,Normal,2Vehicles-Side,route de  Châtellerault,M,46.814382959427775,3.814866846760194
201800031557,NonLethal,2018-08-04,23:45:00,NightNoStreetLight,860,96,No,X-type,Normal,2Vehicles-Side,LA   RECULÉE,M,46.81357977514773,3.81382098450982
201800031560,NonLethal,2018-11-07,16:10:00,Daylight,860,174,Yes,NoIntersection,LightRain,2Vehicles-Behind,rue emile   Zola,M,46.75418381572873,4.756496389459489
201800031561,Lethal,2018-11-13,07:35:00,TwilightOrDawn,860,221,No,NoIntersection,Normal,2Vehicles-Behind,PK 13+850,M,46.831911025201954,3.830370807659108
201800031562,NonLethal,2018-06-12,16:00:00,Daylight,860,174,No,NoIntersection,Normal,NoCollision,RD  910  PK  29+500,M,46.768848355026094,5.769838158422839
201800031563,NonLethal,2018-12-17,08:00:00,TwilightOrDawn,860,221,No,NoIntersection,Other,NoCollision,Route départementale 42,M,46.83445184913555,3.8345971468372335
201800031567,NonLethal,2018-01-28,03:13:00,NightNoStreetLight,380,378,Yes,NoIntersection,Normal,NoCollision,"14 Avenue Berthelot,",M,45.44116161210546,4.442712235425305
201800031568,NonLethal,2018-01-03,19:30:00,NightNoStreetLight,380,114,No,NoIntersection,Normal,2Vehicles-Behind,D 4,M,45.41502625789663,4.412909420747607
201800031569,NonLethal,2018-03-22,07:15:00,TwilightOrDawn,380,160,No,T-type,Normal,2Vehicles-Side,601 route de la Rosière,M,45.4774676101656,4.479258029119939
201800031570,NonLethal,2018-03-24,17:30:00,Daylight,380,114,No,NoIntersection,Normal,NoCollision,route d'Auberives - D37B,M,45.42699460303959,4.425508979792817
201800031572,NonLethal,2018-02-04,16:20:00,Daylight,380,536,No,NoIntersection,Normal,2Vehicles-BehindVehicles-Frontal,Route des Alpes,M,45.4221271848659,4.419666073014134
201800031573,NonLethal,2018-04-21,16:45:00,Daylight,380,160,Yes,Other,Normal,Other,rue du stade,M,45.475250443498375,4.47294715451696
201800031574,NonLethal,2018-05-04,21:00:00,NightNoStreetLight,380,459,No,NoIntersection,Normal,2Vehicles-Side,Route des Molles,M,45.47660304518591,4.475164710984874
201800031575,NonLethal,2018-05-27,20:00:00,TwilightOrDawn,380,336,Yes,Other,HeavyRain,3+Vehicles-Multiple,RN 7 Montée du grand pav,M,45.48268493205193,4.482510681449315
201800031576,NonLethal,2018-05-30,07:07:00,Daylight,380,336,No,NoIntersection,Normal,2Vehicles-BehindVehicles-Frontal,Montée des grands pavés,M,45.48381776355311,4.483545248080434
201800031577,NonLethal,2018-08-06,09:50:00,Daylight,380,238,Yes,X-type,Normal,2Vehicles-Side,Rte Le Soldat des Champs,M,45.49215112580901,5.493834913236794
201800031578,NonLethal,2018-06-21,06:50:00,Daylight,380,157,No,NoIntersection,Normal,Other,Route de Septème,M,45.52636598413277,4.527423122361974
201800031579,NonLethal,2018-07-01,09:20:00,Daylight,380,425,Yes,Other,Normal,Other,Rue Jules GUESDE - RD 4,M,45.38894637797326,4.388051883385706
201800031581,NonLethal,2018-07-21,16:10:00,Daylight,380,425,Yes,NoIntersection,Normal,Other,Route des Loines,M,45.39106612311146,4.39235558559697
201800031583,NonLethal,2018-09-16,11:20:00,Daylight,380,114,No,NoIntersection,Normal,2Vehicles-Behind,RN 7,M,45.41323014843277,4.415382290324896
201800031584,NonLethal,2018-10-20,01:30:00,NightNoStreetLight,380,336,No,NoIntersection,Normal,2Vehicles-BehindVehicles-Frontal,RN7,M,45.48798805400335,4.488413213344597
201800031585,NonLethal,2018-10-24,02:20:00,NightNoStreetLight,380,336,No,NoIntersection,Normal,Other,N7,M,45.48653168312011,4.485626843878691
201800031586,NonLethal,2018-11-25,10:00:00,Daylight,380,160,No,T-type,LightRain,2Vehicles-Side,D41,M,,
201800031587,Lethal,2018-12-01,12:10:00,Daylight,380,425,Yes,NoIntersection,Normal,2Vehicles-BehindVehicles-Frontal,D4,M,45.3910565514016,4.392443990427208
201800031588,NonLethal,2018-12-03,07:35:00,TwilightOrDawn,380,336,No,Other,Overcast,2Vehicles-Side,Route du barrage,M,45.489672493753055,4.488143435002679
201800031589,NonLethal,2018-12-20,19:50:00,NightNoStreetLight,380,378,Yes,NoIntersection,LightRain,2Vehicles-Side,Avenue berthelot,M,45.4325817415982,4.432096936813031
201800031590,NonLethal,2018-01-18,17:35:00,NightStreelightsOn,830,72,Yes,NoIntersection,Normal,Other,COURS DE LA REPUBLIQUE,M,43.49335816885852,6.4942781625059
201800031591,NonLethal,2018-03-28,15:55:00,Daylight,830,72,No,NoIntersection,Normal,Other,Carrefour entre le Chemi,M,43.462774551210494,6.462163829657284
201800031593,NonLethal,2018-07-20,08:55:00,Daylight,830,72,Yes,Roundabout,Normal,2Vehicles-Side,rond point Jean Moulin,M,43.48956062430604,6.489495480964799
201800031594,NonLethal,2018-07-24,19:00:00,Daylight,830,58,No,T-type,Normal,2Vehicles-Side,RD 557,M,43.54258721916555,6.542981502174242
201800031595,Lethal,2018-07-30,02:35:00,NightNoStreetLight,830,72,No,NoIntersection,Normal,Other,1819 route de Draguignan,M,43.49398067878517,6.492829621747447
201800031597,NonLethal,2018-08-29,00:30:00,NightNoStreetLight,830,136,No,NoIntersection,Normal,2Vehicles-BehindVehicles-Frontal,RD 17 - Route de LORGUES,M,43.46333189771092,6.463817206350337
201800031598,NonLethal,2018-11-15,09:25:00,Daylight,830,136,No,Other,Normal,3+Vehicles-Chain,route du Luc,M,43.44028624854666,6.440842516141886
201800031599,NonLethal,2018-11-29,16:05:00,Daylight,830,72,Yes,NoIntersection,Normal,NoCollision,Route de Draguignan,M,43.493735098118,6.494213226455418
201800031600,NonLethal,2018-04-19,19:30:00,Daylight,240,104,No,NoIntersection,Normal,Other,La Chabane,M,45.17283842005348,4.171143479368506
201800031601,NonLethal,2018-04-20,18:00:00,Daylight,240,442,No,X-type,Normal,2Vehicles-Side,D6089,M,45.11728415630379,5.117612766422598
201800031602,NonLethal,2018-06-19,18:15:00,Daylight,240,139,No,NoIntersection,Normal,2Vehicles-BehindVehicles-Frontal,Etang du rosier,M,45.12795521321577,6.126594991330384
201800031603,Lethal,2018-07-01,16:45:00,Daylight,240,139,No,NoIntersection,Normal,2Vehicles-BehindVehicles-Frontal,CHAUSSIDOUX,M,45.1377960394984,6.1389580758365625
201800031604,NonLethal,2018-07-21,14:45:00,Daylight,240,350,Yes,NoIntersection,Normal,2Vehicles-BehindVehicles-Frontal,34 rte de BORDEAUX,M,45.16362534705565,5.162440890035853
201800031605,NonLethal,2018-12-09,07:00:00,TwilightOrDawn,240,309,No,X-type,Normal,2Vehicles-Side,D44,M,45.09301043613623,5.091678131874735
201800031606,NonLethal,2018-12-25,03:20:00,NightNoStreetLight,240,309,No,NoIntersection,Normal,Other,la Veyssière,M,45.096285279179945,4.095929408318785
201800031607,Lethal,2018-12-21,20:20:00,NightNoStreetLight,240,350,No,NoIntersection,HeavyRain,NoCollision,lieu-dit antoniac,M,45.17878605965368,6.178665621185078
201800031608,NonLethal,2018-01-18,17:54:00,NightStreelightsOn,670,462,Yes,X-type,HeavyRain,2Vehicles-Side,"00, SAINTE MARIE-AUX-MIN",M,48.2627285934501,7.262688119985695
201800031609,NonLethal,2018-03-08,10:10:00,Daylight,670,462,Yes,NoIntersection,Normal,Other,"06, PRESIDENT POINCARE (",M,48.25767869844739,7.256468959088931
201800031610,NonLethal,2018-04-05,17:50:00,Daylight,670,462,Yes,T-type,Normal,2Vehicles-Side,BEETHOVEN (RUE),M,48.26360346417851,7.262485717265314
201800031612,NonLethal,2018-05-12,09:50:00,Daylight,670,462,No,Roundabout,Normal,NoCollision,route de Marckolsheim,M,48.24715977593352,7.2470151151722035
201800031613,NonLethal,2018-06-26,12:02:00,Daylight,670,462,Yes,X-type,Normal,2Vehicles-Side,HANS TIEFFENTHAL (RUE),M,48.26275186056165,7.262436447851452
201800031614,NonLethal,2018-06-27,09:08:00,Daylight,670,462,Yes,X-type,VeryGood,2Vehicles-Side,PAUL DEROULEDE (RUE),M,48.25925923556419,7.260480614493473
201800031616,NonLethal,2018-07-24,17:04:00,Daylight,670,462,Yes,T-type,Normal,Other,COLMAR (ROUTE DE),M,48.25839671683923,7.259477405914156
201800031617,NonLethal,2018-07-26,20:48:00,Daylight,670,462,Yes,X-type,Normal,2Vehicles-Side,LOHMUHLE (ALLEE DE LA),M,,
201800031618,NonLethal,2018-09-20,18:15:00,Daylight,670,462,Yes,T-type,Normal,2Vehicles-Side,DOCTEUR CH. HOUILLON (AV,M,48.26526435360554,7.2601418946104515
201800031620,NonLethal,2018-11-10,15:10:00,Daylight,670,462,Yes,X-type,Normal,Other,ILL (QUAI DE L'),M,48.25678812349119,7.257515231958552
201800031621,NonLethal,2018-10-11,15:15:00,Daylight,670,462,Yes,X-type,VeryGood,Other,ILL (QUAI DE L'),M,48.2562175763187,7.257255845417102
201800031622,NonLethal,2018-01-01,05:40:00,NightStreelightsOn,670,482,Yes,X-type,LightRain,2Vehicles-Side,"0, NEUHOF (ROUTE)",M,48.55407537335023,7.5549314976827135
201800031623,NonLethal,2018-01-01,19:00:00,NightStreelightsOn,670,43,Yes,NoIntersection,LightRain,2Vehicles-Side,"23, BRUMATH (ROUTE DE)",M,48.616328188051085,7.617101615225573
201800031625,NonLethal,2018-04-01,22:40:00,NightStreelightsOn,670,482,Yes,NoIntersection,Overcast,2Vehicles-Behind,"100, HOCHFELDEN (RUE DE)",M,48.60226556593638,7.603914356866427
201800031626,NonLethal,2018-07-01,04:30:00,NightStreelightsOn,670,43,Yes,NoIntersection,Normal,Other,"24, GENERAL LECLERC (RUE",M,48.61373757919985,7.612992640715261
201800031627,NonLethal,2018-01-10,09:50:00,Daylight,670,267,Yes,NoIntersection,Normal,Other,"0, LORRAINE (RUE DE)",M,48.56365458503502,7.562953860844715
201800031628,NonLethal,2018-01-12,06:30:00,NightNoStreetLight,670,482,Yes,NoIntersection,Normal,NoCollision,", ROHRSCHOLLEN (ROUTE DU",M,48.49925883010544,7.498637982541591
201800031630,NonLethal,2018-01-13,00:41:00,NightStreelightsOn,670,482,Yes,X-type,Normal,2Vehicles-Side,"0, SCHLUTHFELD (PLACE DU",M,48.57057630253647,7.570413396528713
201800031631,NonLethal,2018-01-15,10:09:00,Daylight,670,482,Yes,Other,Normal,Other,"0, CERVANTES (AVENUE)",M,48.59451487238603,7.594020246000185
201800031634,NonLethal,2018-01-16,18:10:00,NightStreelightsOn,670,482,Yes,T-type,LightRain,Other,"0, YSER (RUE DE L )",M,48.58203263061752,7.584286533679657
201800031635,NonLethal,2018-01-18,17:10:00,NightStreelightsOn,670,482,Yes,X-type,LightRain,Other,"0, GANZAU (RUE DE LA)",M,48.54068936329479,7.541746287730951
201800031638,NonLethal,2018-01-18,21:30:00,NightStreelightsOn,670,482,Yes,NoIntersection,Normal,3+Vehicles-Multiple,"0, VAUBAN (PONT)",M,48.58014006842208,7.58082798432073
201800031639,NonLethal,2018-01-19,18:00:00,NightStreelightsOn,670,482,Yes,NoIntersection,LightRain,2Vehicles-BehindVehicles-Frontal,"1, EUROPE (AVENUE DE L )",M,48.59494490379563,7.5944731881189345
201800031640,NonLethal,2018-01-20,11:10:00,Daylight,670,482,Yes,NoIntersection,LightRain,2Vehicles-BehindVehicles-Frontal,MONTAGNE VERTE (RUE DE L,M,48.57324832970164,7.570981775768864
201800031641,Lethal,2018-01-21,16:05:00,Daylight,670,482,Yes,NoIntersection,Normal,Other,"17, JESUITES (RUE DES)",M,48.5347678360306,7.536071066759026