AccidentId,Gravity,Date,Hour,Light,Department,Commune,InAgglomeration,IntersectionType,Weather,CollisionType,PostalAddress,GPSCode,Latitude,Longitude
201800031642,NonLethal,2018-01-23,18:30:00,NightStreelightsOn,670,482,Yes,NoIntersection,LightRain,2Vehicles-Side,", LYON (BOULEVARD DE)",M,48.57700336505974,7.577671727866086
201800031643,NonLethal,2018-01-26,17:55:00,NightStreelightsOn,670,365,Yes,NoIntersection,Normal,Other,"6, HEYDT (QUAI)",M,48.54178213957219,7.544171438004259
201800031644,NonLethal,2018-01-26,12:20:00,Daylight,670,447,Yes,NoIntersection,LightRain,Other,"16, 23 NOVEMBRE (AVENUE",M,48.60930819934181,7.609683629238513
201800031645,NonLethal,2018-01-29,16:45:00,TwilightOrDawn,670,447,Yes,NoIntersection,Normal,Other,"21, KLEBER (RUE)",M,48.60833111596014,7.608421060566799
201800031646,NonLethal,2018-01-30,20:50:00,NightStreelightsOn,670,482,Yes,T-type,Normal,2Vehicles-Side,"0, HUMANN (RUE)",M,48.58007756428435,7.577866991391657
201800031647,NonLethal,2018-01-31,16:45:00,TwilightOrDawn,670,482,Yes,NoIntersection,Normal,Other,"1, BOURGOGNE (RUE DE)",M,48.54929912655849,7.548055422947915
201800031648,NonLethal,2018-01-31,17:50:00,NightStreelightsOn,670,482,Yes,X-type,LightRain,2Vehicles-Side,"0, PAUL DEROULEDE (BOULE",M,48.591096537182864,7.593023411572074
201800031650,NonLethal,2018-01-02,19:00:00,NightStreelightsOn,670,482,Yes,NoIntersection,LightRain,2Vehicles-Behind,"9, HAVRE (RUE DU)",M,48.56406175954758,7.564258494280129
201800031652,NonLethal,2018-02-05,11:10:00,Daylight,670,482,Yes,NoIntersection,Normal,Other,"14, BOURGOGNE (RUE DE)",M,48.54673764784487,7.547332992650035
201800031653,NonLethal,2018-05-02,15:40:00,Daylight,670,482,Yes,NoIntersection,Normal,Other,"0, GENERAL DE GAULLE (AV",M,48.57663417026443,7.577687218750369
201800031654,NonLethal,2018-06-02,17:50:00,NightStreelightsOn,670,447,Yes,NoIntersection,Normal,Other,"0, LOUIS PASTEUR (RUE)",M,48.60107335710314,7.599624517232847
201800031655,Lethal,2018-02-09,03:20:00,NightStreelightsOn,670,482,Yes,X-type,Normal,2Vehicles-Side,"0, FINKMATT (QUAI)",M,48.587744653678094,7.588570646744837
201800031656,NonLethal,2018-09-02,08:10:00,Daylight,670,482,Yes,NoIntersection,Normal,Other,"34, WACKEN (RUE DU)",M,48.60067160199712,7.600586363647936
201800031657,NonLethal,2018-02-11,19:25:00,NightStreelightsOn,670,43,Yes,T-type,Overcast,2Vehicles-Side,"26, BRUMATH (ROUTE DE)",M,48.618686818659256,7.6189291988730625
201800031658,NonLethal,2018-02-12,01:05:00,NightStreelightsOn,670,482,Yes,X-type,Normal,2Vehicles-Side,"0, BRUGES (RUE DE)",M,48.58652436723199,7.587477341153937
201800031659,NonLethal,2018-02-12,11:50:00,Daylight,670,482,Yes,X-type,Normal,2Vehicles-Side,ROTHAU (RUE DE),M,48.57798412978588,7.579518589700031
201800031661,NonLethal,2018-12-02,19:00:00,NightStreelightsOn,670,482,Yes,T-type,Normal,2Vehicles-Side,GARE (PLACE DE LA),M,48.58645067369479,7.584091431370397
201800031662,NonLethal,2018-02-13,11:15:00,Daylight,670,43,Yes,T-type,VeryGood,2Vehicles-Side,"0, PERIGUEUX (AVENUE DE)",M,48.61481667781844,7.615279837248284
201800031663,NonLethal,2018-02-13,16:40:00,Daylight,670,482,Yes,X-type,Normal,2Vehicles-Side,"0, MARECHAL FOCH (RUE DU",M,48.58881849555189,7.590703824816159
201800031664,NonLethal,2018-02-13,19:30:00,NightStreelightsOn,670,482,Yes,NoIntersection,Normal,Other,"57, REUSS (ALLEE)",M,48.543416171478114,7.547136301229971
201800031665,NonLethal,2018-02-15,08:00:00,Daylight,670,482,Yes,NoIntersection,SnowOrHail,Other,"0, DANTE (AVENUE)",M,48.58902891615788,7.590847758781576
201800031666,NonLethal,2018-02-15,17:00:00,Daylight,670,482,Yes,NoIntersection,Normal,2Vehicles-Side,"6A, CHARMILLE (RUE DE LA",M,48.58178780033123,7.579384965503738
201800031667,NonLethal,2018-02-20,15:15:00,Daylight,670,482,Yes,NoIntersection,Overcast,Other,"0, GENERAL OFFENSTEIN (R",M,48.55649723283581,7.554269246338448
201800031669,NonLethal,2018-01-03,19:30:00,NightNoStreetLight,670,218,No,NoIntersection,Normal,3+Vehicles-Multiple,"0, NEUHOF (ROUTE DE)",M,48.53890173605602,7.536212818258911
201800031670,NonLethal,2018-03-02,14:50:00,Daylight,670,482,Yes,T-type,Normal,2Vehicles-Side,"0, ROBERTSAU (ALLEE DE L",M,48.591545101143005,7.591544630607517
201800031671,NonLethal,2018-02-03,18:45:00,NightStreelightsOn,670,482,Yes,T-type,SnowOrHail,3+Vehicles-Chain,"0, FEGERSHEIM (RUE DE)",M,48.56883939718306,7.568380070188053
201800031672,NonLethal,2018-03-03,19:50:00,NightStreelightsOn,670,204,Yes,NoIntersection,Overcast,2Vehicles-Behind,"26, BRUMATH (ROUTE DE)",M,48.621854483919904,7.6222131676119
201800031673,NonLethal,2018-06-03,19:00:00,NightStreelightsOn,670,43,Yes,NoIntersection,Overcast,Other,"65, BISCHWILLER (ROUTE D",M,48.59751806200897,7.59704626008536
201800031674,NonLethal,2018-03-07,17:30:00,Daylight,670,447,Yes,T-type,Normal,Other,"12, POMPIERS (RUE DES)",M,48.605392097045566,7.605636097533009
201800031675,NonLethal,2018-03-08,05:50:00,NightStreelightsOn,670,482,Yes,Y-type,LightRain,2Vehicles-Side,THUMENAU (RUE DE LA),M,48.5714455635426,7.570761820313217
201800031676,NonLethal,2018-08-03,09:00:00,Daylight,670,482,Yes,NoIntersection,Normal,Other,"0, KIRSCHLEGER (RUE)",M,48.57412471211766,7.57695264127421
201800031678,NonLethal,2018-03-09,18:30:00,NightNoStreetLight,670,218,No,NoIntersection,Normal,2Vehicles-BehindVehicles-Frontal,NEUHOF (ROUTE DE),M,48.5394149445682,7.536837208515867
201800031679,NonLethal,2018-03-09,19:30:00,NightStreelightsOn,670,482,Yes,NoIntersection,Normal,Other,"0, EXTENWOERTH (RUE DE L",M,48.56133572782084,7.561176697885158
201800031681,NonLethal,2018-12-03,08:00:00,Daylight,670,482,Yes,T-type,Overcast,2Vehicles-Side,"0, PAUL DOPFF (RUE)",M,48.556674866436005,7.556888056483027
201800031682,NonLethal,2018-12-03,19:05:00,NightStreelightsOn,670,218,Yes,NoIntersection,LightRain,Other,"98, STRASBOURG (AVENUE D",M,48.54358612186109,7.54103988456754
201800031683,NonLethal,2018-03-14,12:10:00,Daylight,670,482,Yes,T-type,Normal,2Vehicles-Side,"O, SCHIRMECK (ROUTE DE)",M,48.575354516687575,7.573312517660701
201800031684,NonLethal,2018-03-14,17:40:00,Daylight,670,482,Yes,NoIntersection,Normal,Other,"16, VIEUX MARCHE AUX VIN",M,48.585802344977495,7.583434396190405
201800031685,NonLethal,2018-03-15,12:20:00,Daylight,670,482,Yes,T-type,Overcast,2Vehicles-Side,"0, ORPHELINS (RUE DES)",M,48.57890227525924,7.578649774255999
201800031686,NonLethal,2018-03-16,20:05:00,NightStreelightsOn,670,482,Yes,NoIntersection,Normal,2Vehicles-Side,"0, HERRENSCHMIDT (AVENUE",M,48.59842908413846,7.599550612834141
201800031687,NonLethal,2018-03-17,06:40:00,TwilightOrDawn,670,482,Yes,NoIntersection,Normal,Other,"0, MATHISS (QUAI)",M,48.57787504867457,7.578198938489592
201800031688,NonLethal,2018-03-17,19:30:00,NightStreelightsOn,670,218,Yes,NoIntersection,SnowOrHail,Other,"0, LYON (RTE DE)",M,48.53204647482551,7.530035655513409
201800031689,NonLethal,2018-03-20,20:40:00,TwilightOrDawn,670,482,Yes,NoIntersection,Normal,Other,NEUHOF (ROUTE),M,48.55283459806488,7.5547098624861615
201800031690,NonLethal,2018-03-26,19:00:00,Daylight,670,482,Yes,T-type,Normal,2Vehicles-Side,"0, REMPART (RUE DU)",M,48.58119529072663,7.580359403340307
201800031691,NonLethal,2018-03-27,13:50:00,Daylight,670,43,Yes,T-type,Normal,2Vehicles-Side,"0, PHILIPPE RUEFF (RUE)",M,48.610972797341866,7.610882018232525
201800031692,NonLethal,2018-03-29,16:10:00,Daylight,670,204,Yes,NoIntersection,Normal,Other,"1, LANDSBERG (RUE DU)",M,48.6239432349235,7.6247461152119
201800031693,NonLethal,2018-03-29,19:10:00,TwilightOrDawn,670,482,Yes,T-type,Normal,2Vehicles-Side,"0, ZIEGELAU (RUE DE LA)",M,48.563706045023096,7.563933287813059
201800031694,NonLethal,2018-04-01,09:45:00,Daylight,670,482,Yes,NoIntersection,LightRain,Other,MUSAU (RUE DE LA),M,48.56276525841425,7.563737780577996
201800031696,NonLethal,2018-04-02,14:35:00,Daylight,670,482,Yes,NoIntersection,Normal,2Vehicles-Side,DAHLENHEIM (RUE DE),M,48.56458488054187,7.5634536355739295
201800031697,NonLethal,2018-04-02,19:30:00,Daylight,670,43,No,T-type,Normal,2Vehicles-Side,TROIS MAIRES (RUE DES),M,48.63168467493659,7.630955214190637
201800031699,NonLethal,2018-05-04,12:08:00,Daylight,670,482,Yes,T-type,Normal,2Vehicles-BehindVehicles-Frontal,WALLONIE (RUE DE),M,48.57886836857988,7.583232996999437
201800031700,NonLethal,2018-04-05,12:30:00,Daylight,670,482,Yes,NoIntersection,Normal,Other,COLMAR (AVENUE DE),M,48.56582756253762,7.562776646577494
201800031701,NonLethal,2018-04-05,15:00:00,Daylight,670,482,Yes,NoIntersection,Normal,2Vehicles-Side,MAGASINS (PETITE RUE DES,M,48.59020188940512,7.589544184021568
201800031702,NonLethal,2018-06-04,09:55:00,Daylight,670,482,Yes,NoIntersection,Normal,2Vehicles-Side,JACQUES KABLE (RUE),M,48.59303216450346,7.592532970496316
201800031703,NonLethal,2018-07-04,09:55:00,Daylight,670,447,Yes,NoIntersection,Normal,Other,PIERRE MENDES FRANCE (AV,M,48.60681800360824,7.608324619148746
201800031704,NonLethal,2018-07-04,11:05:00,Daylight,670,482,Yes,NoIntersection,Normal,2Vehicles-Behind,PAPETERIE (RUE DE LA),M,48.611290464092114,7.610951233390446
201800031705,NonLethal,2018-07-04,16:00:00,Daylight,670,447,Yes,NoIntersection,Normal,Other,BISCHWILLER (ROUTE DE),M,48.60364011496638,7.606465651925163
201800031706,NonLethal,2018-04-08,14:25:00,Daylight,670,267,Yes,NoIntersection,Normal,Other,MOZART (RUE),M,48.55729863115283,7.555734325886051
201800031707,NonLethal,2018-04-08,15:15:00,Daylight,670,482,Yes,NoIntersection,Normal,2Vehicles-Side,DOCTEUR MAURICE FREYSZ (,M,48.59910380209334,7.60009498796376
201800031708,NonLethal,2018-04-08,19:55:00,TwilightOrDawn,670,482,Yes,T-type,Normal,2Vehicles-Side,RHIN (AVENUE DU),M,48.57453526955873,7.575763409940597
201800031709,NonLethal,2018-04-09,08:58:00,Daylight,670,482,Yes,NoIntersection,Normal,2Vehicles-Behind,COLMAR (AVENUE DE),M,48.56287650001345,7.562532842011047
201800031710,NonLethal,2018-04-09,18:50:00,Daylight,670,482,Yes,X-type,Normal,2Vehicles-Side,FRANOIS MITTERRAND (AVE,M,48.58500067602325,7.587979668997715
201800031711,NonLethal,2018-09-04,22:45:00,NightNoStreetLight,670,482,Yes,NoIntersection,Normal,Other,SCHULMEISTER (RUE),M,48.54932825828149,7.54752541071768
201800031712,NonLethal,2018-10-04,08:10:00,Daylight,670,482,Yes,NoIntersection,Normal,2Vehicles-Behind,VOSGES (AVENUE DES),M,48.58669723369636,7.588163820804963
201800031715,NonLethal,2018-04-13,17:05:00,Daylight,670,482,Yes,NoIntersection,Normal,2Vehicles-Side,PLAINE DES BOUCHERS (RUE,M,48.562449345883785,7.560439916039103
201800031716,NonLethal,2018-04-16,07:55:00,Daylight,670,218,Yes,NoIntersection,Normal,2Vehicles-Behind,NEUHOF (ROUTE DE),M,48.554944767271145,7.555419842782792
201800031717,NonLethal,2018-04-16,08:10:00,Daylight,670,482,Yes,NoIntersection,Normal,Other,HOPITAL (ROUTE DE L ),M,48.56724789039764,7.568305452657524
201800031718,NonLethal,2018-04-16,20:25:00,TwilightOrDawn,670,204,No,X-type,Normal,2Vehicles-Side,TROIS MAIRES (RUE DES),M,48.62322889445081,7.624319469577147
201800031719,NonLethal,2018-04-18,17:13:00,Daylight,670,482,Yes,NoIntersection,Normal,Other,BELGES (QUAI DES),M,48.57530744099915,7.577829890993439
201800031720,NonLethal,2018-04-19,21:30:00,NightStreelightsOff,670,482,Yes,NoIntersection,Normal,Other,BUCAREST (RUE DE),M,48.57151633363221,7.569396299274417
201800031721,NonLethal,2018-04-20,12:00:00,Daylight,670,482,Yes,T-type,Normal,Other,CHARMILLE (RUE DE LA),M,48.58510055734774,7.585480037662239
201800031722,NonLethal,2018-04-20,14:05:00,Daylight,670,482,Yes,X-type,Normal,2Vehicles-Side,MOLSHEIM (RUE DE),M,48.57960092385012,7.580518891856744
201800031723,NonLethal,2018-04-20,17:20:00,Daylight,670,482,Yes,T-type,Normal,2Vehicles-Side,NORMANDIE (AVENUE DE),M,48.54784651393064,7.549246968767338
201800031724,NonLethal,2018-04-21,13:40:00,Daylight,670,482,Yes,NoIntersection,Normal,Other,JEAN GIRAUDOUX (RUE),M,48.587277099609565,7.588461346774145
201800031725,NonLethal,2018-04-21,18:20:00,Daylight,670,43,Yes,NoIntersection,Normal,Other,VENDENHEIM (RUE DE),M,48.61405173926073,7.615820888049325
201800031726,NonLethal,2018-04-24,14:40:00,Daylight,670,482,Yes,T-type,Normal,2Vehicles-Side,RHIN (ROUTE DU),M,48.57197935396872,7.572334140298139
201800031729,NonLethal,2018-04-28,00:50:00,NightStreelightsOff,670,482,Yes,NoIntersection,Normal,Other,SCHIRMECK (ROUTE DE),M,48.26967963864983,7.26919928934918
201800031731,NonLethal,2018-01-05,10:00:00,Daylight,670,482,Yes,X-type,Normal,2Vehicles-Behind,GENERAL KOENIG (QUAI DU),M,48.575852482146445,7.575047500812439
201800031732,NonLethal,2018-03-05,18:45:00,Daylight,670,482,Yes,NoIntersection,Normal,2Vehicles-Side,RHIN TORTU (RUE DU),M,48.54765162699078,7.549527324639513
201800031733,NonLethal,2018-06-05,19:55:00,TwilightOrDawn,670,482,Yes,X-type,VeryGood,2Vehicles-Side,DUCS (RUE DES),M,48.58985269379568,7.590522325259716
201800031734,NonLethal,2018-05-07,16:30:00,Daylight,670,267,Yes,NoIntersection,Normal,Other,FAUVETTES (RUE DES),M,48.52826553569268,7.528499592339948
201800031735,NonLethal,2018-09-05,14:55:00,Daylight,670,482,Yes,X-type,Normal,2Vehicles-Side,PLAINE DES BOUCHERS (RUE,M,48.55640018790245,7.555327215668328
201800031737,NonLethal,2018-05-14,17:45:00,Daylight,670,218,Yes,T-type,Normal,2Vehicles-Side,ORME (RUE DE L ),M,48.517804098097294,7.517920637876219
201800031738,NonLethal,2018-05-15,10:00:00,Daylight,670,482,Yes,NoIntersection,Overcast,2Vehicles-Behind,FEDERATION (ROUTE DE LA),M,48.56397903472831,7.563276237694231
201800031739,NonLethal,2018-05-15,12:00:00,Daylight,670,482,Yes,Other,Overcast,2Vehicles-Side,PLAINE DES BOUCHERS (RUE,M,48.5713264522585,7.570674027699117
201800031740,NonLethal,2018-05-15,17:50:00,Daylight,670,218,Yes,Other,Normal,2Vehicles-Side,RHIN (ROUTE DU),M,48.50931772580999,7.507780215169762
201800031742,NonLethal,2018-05-15,18:30:00,Daylight,670,204,Yes,Roundabout,Normal,2Vehicles-Side,WANTZENAU (ROUTE DE LA),M,48.6291341345369,7.630013644416579
201800031743,NonLethal,2018-05-16,17:00:00,Daylight,670,482,Yes,Other,Normal,2Vehicles-Side,ROMAINS (ROUTE DES),M,48.579326890859406,7.578233945545775
201800031747,NonLethal,2018-05-23,10:00:00,Daylight,670,482,Yes,T-type,Normal,2Vehicles-Side,FINKMATT (QUAI),M,48.588143037716506,7.585770417165874
201800031748,NonLethal,2018-05-24,17:40:00,Daylight,670,267,Yes,NoIntersection,Normal,Other,PEAUSERIES (RUE DES),M,48.55801357085972,7.55934850554733
201800031749,NonLethal,2018-05-25,08:30:00,Daylight,670,482,Yes,NoIntersection,Normal,2Vehicles-Side,WANTZENAU (RTE DE LA),M,48.61856486125183,7.616674572629413
201800031750,NonLethal,2018-05-25,21:40:00,NightNoStreetLight,670,218,No,NoIntersection,Normal,2Vehicles-Behind,NEUHOF (ROUTE DE),M,48.53839126846539,7.539797954375067
201800031751,NonLethal,2018-05-25,13:10:00,Daylight,670,482,Yes,NoIntersection,Normal,Other,BOECKLIN (RUE),M,48.600549622091336,7.59950406480283
201800031752,NonLethal,2018-05-25,15:35:00,Daylight,670,482,Yes,T-type,Normal,Other,VIRGILE (RUE),M,48.57768983023473,7.580718885232627
201800031753,NonLethal,2018-05-26,10:20:00,Daylight,670,482,Yes,Roundabout,Normal,2Vehicles-Side,ROTTERDAM (RUE DE),M,48.5834210309078,7.583593625521079
201800031754,NonLethal,2018-05-26,12:10:00,Daylight,670,482,Yes,T-type,Normal,2Vehicles-Side,SOULTZMATT (RUE DE),M,48.56761095999095,7.569501695502084
201800031755,NonLethal,2018-05-26,16:00:00,Daylight,670,482,Yes,T-type,Normal,2Vehicles-BehindVehicles-Frontal,ALPES (QUAI DES),M,48.57344775829306,7.574336034634192
201800031756,NonLethal,2018-05-27,12:55:00,Daylight,670,482,Yes,NoIntersection,Normal,Other,HAUTEFORT (RUE DE),M,48.54932058882726,7.5497809723753235
201800031757,NonLethal,2018-05-27,23:20:00,NightStreelightsOn,670,482,Yes,T-type,Normal,2Vehicles-Behind,HOCHFELDEN (RUE DE),M,48.605902974426805,7.602978339816854
201800031758,NonLethal,2018-05-31,12:15:00,Daylight,670,482,Yes,NoIntersection,Normal,Other,PRESIDENT POINCARE (BOUL,M,48.59062179755135,7.590472445378262
201800031759,NonLethal,2018-05-31,23:10:00,NightStreelightsOn,670,204,Yes,X-type,HeavyRain,2Vehicles-Side,BRUMATH (ROUTE DE),M,48.62376188587708,7.625062836048471
201800031760,NonLethal,2018-06-01,03:40:00,NightStreelightsOn,670,482,Yes,T-type,Normal,2Vehicles-Side,POLYGONE (ROUTE DU),M,48.56580323646039,7.565584348550027
201800031761,NonLethal,2018-01-06,15:40:00,Daylight,670,447,Yes,T-type,Normal,2Vehicles-Side,EUROPE (AVENUE DE L ),M,48.61481230082551,7.613658017791589
201800031762,NonLethal,2018-06-03,22:40:00,NightNoStreetLight,670,482,Yes,NoIntersection,Normal,2Vehicles-Behind,ROMAINS (ROUTE DES),M,48.57851750457416,7.575849872297538
201800031763,NonLethal,2018-04-06,02:30:00,NightStreelightsOn,670,482,Yes,NoIntersection,Normal,2Vehicles-Side,OBERHAUSBERGEN (ROUTE D,M,48.59542520583347,7.594395438274959
201800031765,NonLethal,2018-06-06,15:05:00,Daylight,670,482,Yes,T-type,Normal,2Vehicles-Side,PRESIDENT WILSON (BOULEV,M,48.58543806190762,7.586534011031436
201800031766,NonLethal,2018-07-06,08:40:00,Daylight,670,482,Yes,NoIntersection,Overcast,2Vehicles-Side,ROMAINS (ROUTE DES),M,48.57849721518933,7.5784580331707
201800031767,NonLethal,2018-07-06,10:40:00,Daylight,670,482,Yes,NoIntersection,Overcast,2Vehicles-Behind,ROETHIG (RUE DU),M,48.56502957896591,7.566106544880942
201800031768,NonLethal,2018-07-06,15:20:00,Daylight,670,447,Yes,NoIntersection,Normal,2Vehicles-Side,KLEBER (RUE),M,48.60664657840236,7.608625357298915
201800031769,NonLethal,2018-08-06,16:15:00,Daylight,670,482,Yes,T-type,Normal,2Vehicles-Side,HOPITAL (ROUTE DE L ),M,48.57434183073893,7.573539933583519
201800031770,NonLethal,2018-06-08,18:15:00,Daylight,670,482,Yes,T-type,Normal,Other,KEMBS (RUE DE),M,48.56781363484966,7.566056558633006
201800031771,NonLethal,2018-06-10,05:45:00,TwilightOrDawn,670,482,Yes,NoIntersection,Normal,Other,GENERAL CONRAD (RUE DU),M,48.58775281299592,7.587626397208417
201800031772,NonLethal,2018-06-10,13:20:00,Daylight,670,482,Yes,NoIntersection,Normal,Other,VICTOIRE (BOULEVARD DE L,M,48.58133016425063,7.579314869791005
201800031773,NonLethal,2018-06-11,01:10:00,NightStreelightsOn,670,447,Yes,T-type,Normal,2Vehicles-Side,MAIRIE (RUE DE LA),M,48.60433755822803,7.605406161256222
201800031774,NonLethal,2018-06-12,14:10:00,Daylight,670,218,No,T-type,Normal,2Vehicles-Side,FORT UHRICH (ROUTE DU),M,48.51200687247248,7.512164276001451
201800031776,NonLethal,2018-12-06,20:50:00,Daylight,670,482,Yes,NoIntersection,LightRain,2Vehicles-BehindVehicles-Frontal,MONTAGNE VERTE (RUE DE L,M,48.57038182643197,7.570485392292693
201800031777,NonLethal,2018-06-13,11:35:00,Daylight,670,218,Yes,NoIntersection,Overcast,2Vehicles-Behind,STRASBOURG (AVENUE DE),M,48.54831064207274,7.547209436016618
201800031778,NonLethal,2018-06-13,19:05:00,Daylight,670,482,Yes,T-type,Normal,2Vehicles-BehindVehicles-Frontal,VOSGES (AVENUE DES),M,48.5902713670789,7.590549480524229
201800031779,NonLethal,2018-06-14,11:40:00,Daylight,670,218,Yes,NoIntersection,Normal,Other,BURKEL (ROUTE),M,48.51333938861929,7.51220692165209
201800031780,NonLethal,2018-06-15,09:10:00,Daylight,670,482,Yes,NoIntersection,Normal,Other,SAINTE MARGUERITE (RUE),M,48.58109511796511,7.582033138494653
201800031781,NonLethal,2018-06-16,12:45:00,Daylight,670,218,Yes,NoIntersection,Normal,Other,STRASBOURG (AVENUE DE),M,48.5453689728398,7.54436924225002
201800031784,NonLethal,2018-06-18,18:15:00,Daylight,670,447,Yes,T-type,Normal,2Vehicles-Side,EUROPE (AVENUE DE L ),M,48.61418362809349,7.612854063295482
201800031786,NonLethal,2018-06-20,07:30:00,Daylight,670,482,Yes,NoIntersection,Normal,2Vehicles-BehindVehicles-Frontal,ALPES (QUAI DES),M,48.57535733275456,7.57430584063011
201800031787,NonLethal,2018-06-21,10:40:00,Daylight,670,482,Yes,NoIntersection,Normal,2Vehicles-Behind,PIERRE PFLIMLIN (BOULEVA,M,48.59839835494001,7.599084997022522
201800031788,NonLethal,2018-06-21,16:10:00,Daylight,670,447,Yes,T-type,Normal,2Vehicles-Side,SELESTAT (RUE DE),M,48.61092635924885,7.610681896774194
201800031790,NonLethal,2018-06-23,19:00:00,Daylight,670,447,Yes,T-type,Normal,Other,FREDERIC MISTRAL (RUE),M,48.611158415804034,7.611288874978359
201800031791,NonLethal,2018-06-23,16:40:00,Daylight,670,482,Yes,T-type,Normal,2Vehicles-Side,GEROLDSECK (RUE),M,48.58047169664607,7.582297094395866
201800031792,NonLethal,2018-06-24,18:45:00,Daylight,670,447,Yes,NoIntersection,Normal,Other,MODER (RUE DE LA),M,48.60690340652744,7.609132661318634
201800031793,NonLethal,2018-06-24,19:25:00,Daylight,670,267,Yes,T-type,Normal,2Vehicles-Side,FRANOIS ARAGO (RUE),M,48.54881517271298,7.551282326082425
201800031794,NonLethal,2018-06-25,15:55:00,Daylight,670,482,Yes,NoIntersection,VeryGood,2Vehicles-Behind,MONTAGNE VERTE (RUE DE L,M,48.56778275293215,7.569540395171726
201800031795,NonLethal,2018-06-25,18:15:00,Daylight,670,482,Yes,NoIntersection,Normal,2Vehicles-Side,OHMACHT (RUE),M,48.59078026687933,7.591140530289345
201800031796,NonLethal,2018-06-28,12:00:00,Daylight,670,482,Yes,NoIntersection,StrongWindOrStorm,Other,COLMAR (AVENUE DE),M,48.55667588832586,7.5558034451902865
201800031798,NonLethal,2018-05-29,20:15:00,Daylight,670,482,Yes,NoIntersection,Normal,2Vehicles-Behind,COLMAR (AVENUE DE),M,48.5586535399771,7.557945710560533
201800031799,Lethal,2018-06-30,00:50:00,NightNoStreetLight,670,218,No,NoIntersection,Normal,Other,ALFRED KASTLER (ROUTE),M,48.53725756056782,7.540853490836751
201800031800,NonLethal,2018-06-30,11:20:00,Daylight,670,482,Yes,T-type,Normal,Other,BOECKLIN (RUE),M,48.60024999077164,7.599978674009445
201800031802,NonLethal,2018-06-30,20:50:00,TwilightOrDawn,670,43,Yes,NoIntersection,Normal,2Vehicles-Side,BISCHWILLER (ROUTE DE),M,48.61671138431441,7.61713216173089
201800031803,NonLethal,2018-06-30,21:45:00,TwilightOrDawn,670,204,Yes,T-type,Normal,2Vehicles-Side,REPUBLIQUE (RUE DE LA),M,48.62289240023455,7.622618933326767
201800031805,NonLethal,2018-07-04,08:15:00,Daylight,670,447,Yes,T-type,Normal,2Vehicles-Side,BERLIN (AVENUE DE),M,48.60821624630147,7.6067165036172115
201800031806,NonLethal,2018-04-07,17:50:00,Daylight,670,482,Yes,T-type,Normal,2Vehicles-Behind,LA ROCHELLE (RUE DE),M,48.53561477244677,7.532602534863957
201800031807,NonLethal,2018-04-07,18:20:00,Daylight,670,482,Yes,NoIntersection,Normal,Other,SOULTZ (RUE DE),M,48.568216639928735,7.570777318925853
201800031808,NonLethal,2018-07-04,23:50:00,NightStreelightsOn,670,447,Yes,NoIntersection,Normal,Other,PIERRE MENDES FRANCE (AV,M,48.60458374681245,7.60445942198369
201800031810,NonLethal,2018-06-07,18:35:00,Daylight,670,482,Yes,NoIntersection,LightRain,3+Vehicles-Chain,HAGUENAU (PLACE DE),M,48.59465199729407,7.59544577244546
201800031811,NonLethal,2018-07-06,21:20:00,Daylight,670,482,No,NoIntersection,Normal,Other,HAVRE (RUE DU),M,48.55296682471453,7.556252412298157
201800031812,NonLethal,2018-07-07,12:00:00,Daylight,670,482,Yes,T-type,Normal,2Vehicles-Side,LA ROCHELLE (RUE DE),M,48.51943636143852,7.516797933396358
201800031813,NonLethal,2018-08-07,05:25:00,TwilightOrDawn,670,482,Yes,NoIntersection,Normal,2Vehicles-Behind,RHIN (AVENUE DU),M,48.56942136122023,7.568907465156927
201800031814,NonLethal,2018-07-08,14:30:00,Daylight,670,482,Yes,Roundabout,Normal,2Vehicles-Side,CONSEIL DES QUINZE (RUE,M,48.58922005587081,7.589925479803252
201800031816,NonLethal,2018-07-07,18:00:00,Daylight,670,482,Yes,NoIntersection,Normal,3+Vehicles-Chain,LOUIS PASTEUR (QUAI),M,48.57374199472418,7.5736757616410975
201800031817,NonLethal,2018-07-07,19:40:00,Daylight,670,482,Yes,T-type,Normal,2Vehicles-Side,SCHIRMECK (ROUTE DE),M,48.59454911834888,7.591167779681045
201800031818,Lethal,2018-07-09,13:55:00,Daylight,670,482,Yes,NoIntersection,Normal,2Vehicles-BehindVehicles-Frontal,PAUL DOPFF (RUE),M,48.55579142886426,7.555726064066703
201800031819,NonLethal,2018-12-07,08:45:00,Daylight,670,218,Yes,NoIntersection,Normal,2Vehicles-Side,ALFRED KASTLER (ROUTE),M,48.54219926823155,7.541887681834179
201800031820,NonLethal,2018-07-12,12:10:00,Daylight,670,267,Yes,NoIntersection,Normal,2Vehicles-Behind,SPORTS (RUE DES),M,48.56847020796014,7.5687075885872765
201800031821,NonLethal,2018-07-12,18:10:00,Daylight,670,482,Yes,NoIntersection,Normal,Other,ROMAINS (ROUTE DES),M,48.57825215916187,7.577652162320439
201800031822,NonLethal,2018-07-13,11:15:00,Daylight,670,482,Yes,NoIntersection,Normal,2Vehicles-Side,EUROPE (PONT DE L ),M,48.5743442933688,7.573181120244682
201800031823,NonLethal,2018-07-13,12:45:00,Daylight,670,43,Yes,T-type,Normal,2Vehicles-Side,BISCHWILLER (ROUTE DE),M,48.6137404850776,7.615379682593565
201800031824,NonLethal,2018-07-13,20:00:00,Daylight,670,43,Yes,T-type,Normal,Other,FOSSE NEUF (RUE DU),M,48.61562104666512,7.617015856809359
201800031825,NonLethal,2018-07-06,06:00:00,Daylight,670,482,Yes,NoIntersection,Normal,Other,CHARLES FREY (QUAI),M,48.57851465852267,7.578714117626525
201800031826,Lethal,2018-07-14,06:45:00,Daylight,670,482,Yes,NoIntersection,Normal,Other,JEAN MERMOZ (RUE),M,48.54849249143066,7.547832067302774
201800031827,NonLethal,2018-07-14,12:29:00,Daylight,670,482,Yes,NoIntersection,Normal,2Vehicles-Side,SCHUTZENBERGER (AVENUE),M,48.59487246110725,7.593848699430741