AccidentId,Gravity,Date,Hour,Light,Department,Commune,InAgglomeration,IntersectionType,Weather,CollisionType,PostalAddress,GPSCode,Latitude,Longitude
201800031829,NonLethal,2018-07-16,16:40:00,Daylight,670,482,Yes,NoIntersection,Normal,2Vehicles-Side,JACQUES KABLE (RUE),M,48.59339940690179,7.591453891242418
201800031830,NonLethal,2018-07-16,23:30:00,NightStreelightsOn,670,482,Yes,NoIntersection,Normal,2Vehicles-BehindVehicles-Frontal,RACINE (AVENUE),M,48.59457114017526,7.595170114014786
201800031831,NonLethal,2018-07-13,23:35:00,NightStreelightsOn,670,43,Yes,X-type,Normal,2Vehicles-Side,BRUMATH (ROUTE DE),M,48.61897146217518,7.621186387837752
201800031832,NonLethal,2018-07-17,19:00:00,Daylight,670,482,Yes,NoIntersection,Normal,Other,ROUGET DE L ISLE (QUAI),M,48.59243011706522,7.590662781078724
201800031833,NonLethal,2018-07-17,21:28:00,TwilightOrDawn,670,43,Yes,NoIntersection,Normal,Other,PERIGUEUX (AVENUE DE),M,48.6153944965408,7.613610457027904
201800031836,NonLethal,2018-07-19,18:20:00,Daylight,670,482,Yes,NoIntersection,Normal,2Vehicles-Side,SCHIRMECK (ROUTE DE),M,48.57368447263435,7.574387721206587
201800031838,NonLethal,2018-07-20,16:10:00,Daylight,670,482,Yes,NoIntersection,Normal,2Vehicles-Side,VIENNE (ROUTE DE),M,48.57413153734265,7.575853512995654
201800031839,NonLethal,2018-07-24,09:45:00,Daylight,670,482,Yes,NoIntersection,Normal,2Vehicles-Side,VOSGES (AVENUE DES),M,48.58745234499269,7.585320166999988
201800031840,NonLethal,2018-07-24,11:10:00,Daylight,670,482,Yes,T-type,Normal,2Vehicles-Side,VOSGES (AVENUE DES),M,48.59143168910357,7.590153126062292
201800031841,NonLethal,2018-07-24,11:45:00,Daylight,670,482,Yes,NoIntersection,Normal,2Vehicles-BehindVehicles-Frontal,GENERAL OFFENSTEIN (RUE,M,48.55371455267811,7.554143053745691
201800031842,NonLethal,2018-07-25,10:30:00,Daylight,670,482,Yes,NoIntersection,Normal,2Vehicles-Side,FRERES EBERTS (RUE DES),M,48.55593466109236,7.557048354414
201800031843,NonLethal,2018-07-26,11:45:00,Daylight,670,482,Yes,NoIntersection,Normal,Other,BOURGOGNE (RUE DE),M,48.5511446517656,7.5499885021588815
201800031844,NonLethal,2018-07-26,16:00:00,Daylight,670,204,No,NoIntersection,Normal,2Vehicles-Side,MARAIS (RUE DU),M,48.619630985887206,7.618639904397663
201800031845,NonLethal,2018-07-26,20:00:00,Daylight,670,482,Yes,NoIntersection,Normal,2Vehicles-Behind,VOSGES (AVENUE DES),M,48.58954084387428,7.588469274627604
201800031846,NonLethal,2018-07-28,06:20:00,TwilightOrDawn,670,482,Yes,X-type,Normal,2Vehicles-Side,AVERROES,M,48.57446842845093,7.572787688025814
201800031847,NonLethal,2018-07-29,16:30:00,Daylight,670,204,Yes,NoIntersection,Normal,Other,WANTZENAU (ROUTE DE LA),M,48.62831824348373,7.627235234078426
201800031848,NonLethal,2018-07-29,16:35:00,Daylight,670,482,Yes,T-type,Normal,2Vehicles-Side,POLYGONE (ROUTE DU),M,48.564481193831625,7.566244005719937
201800031849,NonLethal,2018-07-30,22:10:00,NightStreelightsOn,670,482,Yes,NoIntersection,Normal,2Vehicles-Side,REUSS (ALLEE),M,48.54151385667301,7.542189626360784
201800031850,NonLethal,2018-07-31,12:05:00,Daylight,670,447,Yes,T-type,Normal,Other,VOSGES (RUE DES),M,48.61061874799019,7.609217992493376
201800031851,NonLethal,2018-07-31,14:35:00,Daylight,670,482,Yes,T-type,Normal,2Vehicles-Side,GENERAL OFFENSTEIN (RUE,M,48.555950765558336,7.554588306543009
201800031852,NonLethal,2018-08-01,21:45:00,NightStreelightsOn,670,43,Yes,NoIntersection,LightRain,Other,BRUMATH (ROUTE DE),M,48.61898244226225,7.6167254925466175
201800031853,NonLethal,2018-08-02,09:40:00,Daylight,670,482,Yes,T-type,Normal,Other,HOPITAL MILITAIRE (RUE D,M,48.571980264336645,7.568944402589341
201800031854,NonLethal,2018-04-08,13:15:00,Daylight,670,267,Yes,NoIntersection,Normal,2Vehicles-Behind,SCHUMANN (AVENUE),M,48.55706649669032,7.556740935328315
201800031855,NonLethal,2018-04-08,15:35:00,Daylight,670,482,Yes,NoIntersection,Normal,2Vehicles-Side,EUROPE (PONT DE L ),M,48.57417362349287,7.572826790373699
201800031856,NonLethal,2018-08-04,16:20:00,Daylight,670,482,Yes,NoIntersection,Normal,2Vehicles-Behind,PIERRE DE COUBERTIN (RUE,M,48.60070620904657,7.601954931657887
201800031857,NonLethal,2018-04-08,22:30:00,NightStreelightsOff,670,482,Yes,NoIntersection,Normal,2Vehicles-Side,CERF BERR (RUE),M,48.58520697053479,7.585822749801578
201800031858,NonLethal,2018-04-08,23:00:00,NightStreelightsOn,670,482,Yes,NoIntersection,Normal,Other,SCHULZENFELD (CHEMIN),M,48.53663904982928,7.536228473409948
201800031860,NonLethal,2018-08-08,17:45:00,Daylight,670,43,Yes,NoIntersection,Normal,3+Vehicles-Chain,PERIGUEUX (AVENUE DE),M,48.61284580491898,7.614117307777966
201800031861,NonLethal,2018-08-09,13:00:00,Daylight,670,482,Yes,T-type,Normal,2Vehicles-Side,ETUDIANTS (RUE DES),M,48.58523279748276,7.581577363921911
201800031862,NonLethal,2018-08-10,14:40:00,Daylight,670,482,Yes,T-type,Normal,2Vehicles-Side,VICTOIRE (BOULEVARD DE L,M,48.58033717709194,7.581863774840003
201800031867,NonLethal,2018-08-12,19:15:00,Daylight,670,482,Yes,NoIntersection,Normal,Other,LOUISE MICHEL (RUE),M,48.56927174379644,7.56950852232872
201800031868,NonLethal,2018-08-15,11:10:00,Daylight,670,482,Yes,NoIntersection,Normal,Other,DROITS DE L HOMME (ALLEE,M,48.59731210610611,7.59613335239253
201800031869,NonLethal,2018-08-16,18:30:00,Daylight,670,482,Yes,NoIntersection,Normal,2Vehicles-Behind,NANCY (BOULEVARD DE),M,48.5822627277595,7.580692140025718
201800031870,NonLethal,2018-08-17,00:30:00,NightStreelightsOn,670,482,Yes,T-type,Normal,2Vehicles-Side,RHIN TORTU (RUE DU),M,48.54788283711169,7.548887788342053
201800031871,NonLethal,2018-08-17,13:05:00,Daylight,670,204,Yes,T-type,Normal,2Vehicles-BehindVehicles-Frontal,BRUMATH (ROUTE DE),M,48.621067680435495,7.619297025940502
201800031872,NonLethal,2018-08-18,04:50:00,NightStreelightsOn,670,482,Yes,NoIntersection,Normal,2Vehicles-Side,RACINE (AVENUE),M,48.592534470776194,7.591873615823791
201800031873,NonLethal,2018-08-18,10:08:00,Daylight,670,482,Yes,T-type,Normal,Other,YPRES (RUE D ),M,48.58401138178829,7.587356807665106
201800031874,NonLethal,2018-08-18,17:50:00,Daylight,670,482,Yes,NoIntersection,Normal,Other,ANDRE MAUROIS (PLACE),M,48.591887724177234,7.591155774008271
201800031875,NonLethal,2018-08-19,16:35:00,Daylight,670,365,Yes,T-type,Normal,2Vehicles-Side,FORET (RUE DE LA),M,48.55611754140312,7.557265606621988
201800031876,NonLethal,2018-08-20,00:20:00,NightStreelightsOn,670,482,Yes,NoIntersection,Normal,Other,OBERHAUSBERGEN (ROUTE D,M,48.59115899449233,7.591605024540738
201800031877,NonLethal,2018-08-20,17:25:00,Daylight,670,482,Yes,NoIntersection,Normal,Other,MAIRE KUSS (RUE DU),M,48.58223169820263,7.586019945346913
201800031878,NonLethal,2018-08-21,00:40:00,NightNoStreetLight,670,365,Yes,NoIntersection,Normal,Other,ERASMUS GERBER (RUE),M,48.55714130947043,7.555911616457775
201800031880,NonLethal,2018-08-22,16:35:00,Daylight,670,482,Yes,NoIntersection,Normal,2Vehicles-Behind,PLAINE DES BOUCHERS (RUE,M,48.56546266478513,7.56631696399379
201800031881,NonLethal,2018-08-22,18:30:00,Daylight,670,482,Yes,NoIntersection,Normal,Other,ROMAINS (ROUTE DES),M,48.57729150741231,7.577700939972098
201800031882,NonLethal,2018-08-23,19:20:00,Daylight,670,482,Yes,T-type,Overcast,2Vehicles-Side,HAGUENAU (PLACE DE),M,48.59157458253571,7.592027739676196
201800031883,NonLethal,2018-08-25,14:50:00,Daylight,670,482,Yes,NoIntersection,Normal,2Vehicles-Behind,SCHIRMECK (ROUTE DE),M,48.57023466905479,7.568424548825914
201800031884,NonLethal,2018-08-26,05:50:00,TwilightOrDawn,670,482,Yes,NoIntersection,Normal,Other,FORET NOIRE (AVENUE DE L,M,48.58353554450087,7.586030201263153
201800031886,NonLethal,2018-08-27,17:25:00,Daylight,670,482,Yes,X-type,Normal,2Vehicles-Side,MITTELHAUSBERGEN (ROUTE,M,48.58985319303352,7.590442647377643
201800031887,NonLethal,2018-08-27,23:50:00,NightStreelightsOn,670,43,Yes,T-type,Normal,2Vehicles-Side,BRUMATH (ROUTE DE),M,48.6170516232124,7.615908363433556
201800031888,NonLethal,2018-08-28,07:30:00,Daylight,670,267,Yes,T-type,Normal,2Vehicles-Side,MARECHAL FOCH (RUE DU),M,48.55726269066753,7.556166028462178
201800031889,NonLethal,2018-08-28,05:00:00,NightStreelightsOn,670,482,Yes,T-type,Normal,2Vehicles-Side,NEUHOF (ROUTE),M,48.55530560451677,7.555231058999111
201800031890,NonLethal,2018-08-28,17:10:00,Daylight,670,482,Yes,NoIntersection,Normal,2Vehicles-Side,DOUANE (RUE DE LA),M,48.581600147119865,7.579599629574007
201800031891,NonLethal,2018-08-29,10:50:00,Daylight,670,482,Yes,NoIntersection,Normal,3+Vehicles-Chain,HEYRITZ (TUNNEL DU),M,48.57160726175324,7.572590631671691
201800031892,NonLethal,2018-08-29,16:10:00,Daylight,670,218,No,NoIntersection,Normal,Other,ALFRED KASTLER (ROUTE),M,48.53044255896188,7.5293538814353935
201800031893,NonLethal,2018-08-29,20:00:00,TwilightOrDawn,670,204,No,NoIntersection,LightRain,Other,TROIS MAIRES (RUE DES),M,48.62591988360496,7.625352424147864
201800031894,NonLethal,2018-07-31,14:01:00,Daylight,670,482,Yes,NoIntersection,LightRain,2Vehicles-Side,ROBERTSAU (ALLEE DE LA),M,48.5906675297365,7.589713478300131
201800031896,NonLethal,2018-07-31,21:35:00,NightStreelightsOn,670,482,Yes,NoIntersection,LightRain,Other,VOSGES (AVENUE DES),M,48.59198720284142,7.589936944005208
201800031897,NonLethal,2018-07-31,22:05:00,NightStreelightsOn,670,482,Yes,NoIntersection,LightRain,Other,ROETHIG (RUE DU),M,48.56777733836324,7.567820533286516
201800031898,NonLethal,2018-01-09,11:20:00,Daylight,670,218,No,NoIntersection,Normal,Other,FORT UHRICH (ROUTE DU),M,48.51224995435912,7.512266356756483
201800031899,NonLethal,2018-01-09,18:10:00,Daylight,670,482,Yes,NoIntersection,Normal,Other,ANDRE MAUROIS (PLACE),M,48.59081959800746,7.592035379335744
201800031900,NonLethal,2018-09-02,15:10:00,Daylight,670,482,Yes,NoIntersection,LightRain,2Vehicles-BehindVehicles-Frontal,HOCHFELDEN (RUE DE),M,48.60222762449544,7.604327001578667
201800031902,NonLethal,2018-09-03,19:00:00,Daylight,670,267,Yes,NoIntersection,Normal,2Vehicles-Side,MARECHAL FOCH (RUE DU),M,48.55408378953466,7.553397647818212
201800031903,NonLethal,2018-09-04,20:00:00,TwilightOrDawn,670,482,Yes,T-type,Normal,2Vehicles-Side,MITTELHAUSBERGEN (ROUTE,M,48.60035662116613,7.599695275004036
201800031905,NonLethal,2018-09-05,11:45:00,Daylight,670,482,Yes,NoIntersection,Normal,Other,METZ (BOULEVARD DE),M,48.58361717638837,7.583397812200467
201800031906,NonLethal,2018-05-09,14:20:00,Daylight,670,482,Yes,Other,Normal,3+Vehicles-Chain,VILLETTE (RUE DE LA),M,48.5977530533131,7.598444355012345
201800031909,NonLethal,2018-09-07,16:05:00,Daylight,670,447,Yes,T-type,Normal,2Vehicles-Side,BISCHWILLER (ROUTE DE),M,48.603526535126925,7.601435075915569
201800031912,NonLethal,2018-09-08,16:50:00,Daylight,670,482,Yes,T-type,Normal,2Vehicles-Side,RHIN TORTU (RUE DU),M,48.54679049750574,7.546959225310146
201800031913,NonLethal,2018-09-08,21:10:00,NightStreelightsOn,670,267,Yes,T-type,Normal,2Vehicles-Side,MARECHAL FOCH (RUE DU),M,48.59003132563045,7.588492554986612
201800031914,NonLethal,2018-09-09,20:35:00,NightStreelightsOn,670,482,Yes,NoIntersection,Normal,Other,REUSS (ALLEE),M,48.54653666246424,7.543414672131965
201800031915,NonLethal,2018-09-10,07:57:00,Daylight,670,267,Yes,NoIntersection,Normal,2Vehicles-Side,OSTWALD (RUE D ),M,48.55169837496508,7.550011431122273
201800031917,NonLethal,2018-11-09,07:55:00,Daylight,670,482,Yes,NoIntersection,Normal,2Vehicles-Side,MASSENET (RUE),M,48.58839024062671,7.587929298271866
201800031918,NonLethal,2018-11-09,08:27:00,Daylight,670,482,Yes,NoIntersection,VeryGood,Other,SOLIGNAC (RUE DE),M,48.55085015400872,7.553623608156905
201800031919,NonLethal,2018-09-11,12:15:00,Daylight,670,482,Yes,NoIntersection,Normal,Other,LA FONTAINE (BOULEVARD),M,48.591033006549694,7.591674328471744
201800031920,NonLethal,2018-11-09,17:45:00,TwilightOrDawn,670,482,Yes,NoIntersection,Normal,2Vehicles-Side,LA FONTAINE (BOULEVARD),M,48.58997267945068,7.591453151875314
201800031923,NonLethal,2018-09-15,16:30:00,Daylight,670,43,Yes,T-type,Normal,Other,CYGNE (RUE DU),M,48.61143613419143,7.613109528256271
201800031924,NonLethal,2018-09-16,09:40:00,Daylight,670,482,Yes,NoIntersection,VeryGood,2Vehicles-BehindVehicles-Frontal,PRINTEMPS (ALLEE DU),M,48.597601700863805,7.598011638768468
201800031927,NonLethal,2018-09-18,08:55:00,Daylight,670,482,Yes,T-type,Normal,2Vehicles-Side,SAINT ETIENNE (QUAI),M,48.58457392483076,7.584596963352954
201800031928,NonLethal,2018-09-20,07:50:00,Daylight,670,482,Yes,T-type,Normal,2Vehicles-Side,MOZART (RUE),M,48.5850061600834,7.587424044470241
201800031929,Lethal,2018-09-20,09:10:00,Daylight,670,482,Yes,T-type,Normal,2Vehicles-Side,HOCHFELDEN (RUE DE),M,48.60310557170439,7.6046216874197725
201800031930,NonLethal,2018-09-20,09:40:00,Daylight,670,482,Yes,T-type,Normal,2Vehicles-Side,RACINE (AVENUE),M,48.59341178721977,7.593945749373595
201800031932,NonLethal,2018-09-20,22:10:00,NightStreelightsOn,670,482,Yes,NoIntersection,Normal,NoCollision,SCHACH (RUE),M,48.54659164098928,7.54556302197779
201800031933,NonLethal,2018-09-21,11:05:00,Daylight,670,447,Yes,NoIntersection,Normal,2Vehicles-Behind,CHATEAU (SQUARE DU),M,43.29530849172685,5.295432685279099
201800031935,NonLethal,2018-09-21,16:20:00,Daylight,670,482,Yes,NoIntersection,LightRain,2Vehicles-Side,SAINTE MARGUERITE (RUE),M,48.58053408494423,7.580230419160356
201800031938,NonLethal,2018-09-24,15:30:00,Daylight,670,482,Yes,NoIntersection,Normal,2Vehicles-Side,JEAN JAURES (AVENUE),M,48.56758975008984,7.569040646623137
201800031939,NonLethal,2018-09-24,17:45:00,Daylight,670,482,Yes,T-type,Normal,2Vehicles-Side,PRESIDENT WILSON (BOULEV,M,48.58533944344795,7.584674662790023
201800031940,NonLethal,2018-09-25,08:45:00,Daylight,670,482,Yes,T-type,Normal,2Vehicles-BehindVehicles-Frontal,FRANOIS MITTERRAND (AVE,M,48.58335467224136,7.583614028468319
201800031941,NonLethal,2018-09-25,14:50:00,Daylight,670,482,Yes,NoIntersection,Normal,2Vehicles-Side,GENERAL KOENIG (QUAI DU),M,48.57524276896809,7.574072690759329
201800031942,NonLethal,2018-09-26,14:50:00,Daylight,670,482,Yes,NoIntersection,Normal,2Vehicles-Side,SCHIRMECK (ROUTE DE),M,48.56182534447932,7.560990817962381
201800031943,NonLethal,2018-09-26,17:30:00,Daylight,670,267,Yes,T-type,Normal,2Vehicles-Behind,MARECHAL FOCH (RUE DU),M,48.55381426652688,7.554821324697454
201800031945,NonLethal,2018-09-27,17:40:00,Daylight,670,482,Yes,NoIntersection,Normal,Other,FRANOIS MITTERRAND (AVE,M,48.58610043097354,7.585758938121062
201800031946,NonLethal,2018-09-28,07:50:00,Daylight,670,482,Yes,T-type,Normal,2Vehicles-Side,CARPE HAUTE (RUE DE LA),M,48.59559144161528,7.59624958912171
201800031948,NonLethal,2018-09-29,09:38:00,Daylight,670,482,Yes,T-type,Normal,Other,JEAN JAURES (AVENUE),M,48.5704663536409,7.569022738526296
201800031949,NonLethal,2018-09-29,18:45:00,TwilightOrDawn,670,204,No,NoIntersection,Normal,2Vehicles-Behind,WANTZENAU (ROUTE DE LA),M,48.63226028292006,7.63005853028918
201800031950,NonLethal,2018-01-10,07:20:00,Daylight,670,482,Yes,T-type,Normal,2Vehicles-Side,RACINE (AVENUE),M,48.59144883030638,7.591463351816954
201800031951,NonLethal,2018-09-28,16:00:00,Daylight,670,482,Yes,T-type,Normal,Other,GENERAL GOURAUD (RUE DU),M,48.58829190051565,7.587897276683233
201800031952,NonLethal,2018-01-10,12:10:00,Daylight,670,267,Yes,NoIntersection,Normal,Other,SCHUMAN (AVENUE),M,48.563268506596266,7.563764745177663
201800031953,NonLethal,2018-10-03,08:30:00,Daylight,670,482,Yes,NoIntersection,Overcast,Other,JACQUES KABLE (RUE),M,48.59442797345132,7.5936437081316
201800031954,NonLethal,2018-10-03,10:00:00,Daylight,670,482,Yes,T-type,Overcast,2Vehicles-Side,VOSGES (AVENUE DES),M,48.59154564498309,7.592173130560963
201800031955,NonLethal,2018-10-03,21:07:00,NightStreelightsOn,670,482,Yes,T-type,Normal,Other,MENAGERIE (RUE DE LA),M,48.57063530439606,7.567171759084408
201800031956,NonLethal,2018-03-10,20:30:00,NightStreelightsOff,670,482,Yes,NoIntersection,Normal,3+Vehicles-Chain,HERRENSCHMIDT (AVENUE),M,48.59875580128882,7.597995414448778
201800031957,NonLethal,2018-04-10,10:00:00,Daylight,670,482,Yes,NoIntersection,Normal,2Vehicles-BehindVehicles-Frontal,GEORGES WODLI (RUE),M,48.58901445163971,7.587211033297446
201800031958,NonLethal,2018-10-04,16:17:00,Daylight,670,447,Yes,NoIntersection,Normal,2Vehicles-Behind,BISCHWILLER (ROUTE DE),M,48.60699607718816,7.607684244288475
201800031959,NonLethal,2018-10-04,18:50:00,TwilightOrDawn,670,482,Yes,Other,Normal,Other,HAGUENAU (PLACE DE),M,48.59124856639001,7.591314778475939
201800031960,NonLethal,2018-10-04,18:33:00,TwilightOrDawn,670,218,Yes,T-type,Normal,Other,BURKEL (ROUTE),M,48.5313119416331,7.53135237056872
201800031961,NonLethal,2018-05-10,02:15:00,NightStreelightsOn,670,447,Yes,NoIntersection,Normal,Other,BISCHWILLER (ROUTE DE),M,48.597328991631706,7.596327004301305
201800031962,NonLethal,2018-05-10,09:35:00,Daylight,670,482,Yes,T-type,Normal,Other,DUNTZENHEIM (RUE DE),M,48.60137467781989,7.598520547527835
201800031964,NonLethal,2018-10-06,16:45:00,Daylight,670,482,Yes,NoIntersection,Normal,Other,COLMAR (AVENUE DE),M,48.56646673967599,7.5667329891480914
201800031966,NonLethal,2018-08-10,11:50:00,Daylight,670,482,Yes,T-type,Normal,2Vehicles-Behind,ALPES (QUAI DES),M,48.573237153466735,7.573782548558655
201800031967,NonLethal,2018-10-09,18:35:00,TwilightOrDawn,670,482,Yes,NoIntersection,Normal,NoCollision,SCHIRMECK (ROUTE DE),M,48.57372621524603,7.572716714396239
201800031968,NonLethal,2018-10-10,08:40:00,Daylight,670,482,Yes,NoIntersection,FogOrSmoke,2Vehicles-Behind,JEAN PIERRE LEVY (ALLEE),M,48.57672014203318,7.576455883688768
201800031970,NonLethal,2018-10-10,16:10:00,Daylight,670,482,Yes,NoIntersection,Normal,2Vehicles-Side,SCHUTZENBERGER (AVENUE),M,48.59381002940953,7.594668851933527
201800031971,NonLethal,2018-10-10,18:00:00,TwilightOrDawn,670,482,Yes,NoIntersection,Normal,Other,PIERRE CORNEILLE (AVENUE,M,48.59296838096094,7.593342480884105
201800031972,NonLethal,2018-10-11,08:40:00,Daylight,670,204,Yes,Roundabout,FogOrSmoke,2Vehicles-BehindVehicles-Frontal,DURANCE (RUE DE LA),M,48.62670179736452,7.624249689583485
201800031973,NonLethal,2018-10-11,18:30:00,TwilightOrDawn,670,43,Yes,T-type,Normal,2Vehicles-Side,EUROPE (CARREFOUR DE L ),M,48.61641897978186,7.616368145988495
201800031974,NonLethal,2018-12-10,11:40:00,Daylight,670,482,Yes,NoIntersection,Normal,2Vehicles-Side,PEUPLIERS (PLACE DES),M,48.608842085662985,7.60981909489351
201800031975,NonLethal,2018-10-12,13:00:00,Daylight,670,482,Yes,T-type,VeryGood,Other,OBERHAUSBERGEN (ROUTE D,M,48.593411429460375,7.594624155993107
201800031976,NonLethal,2018-12-10,12:30:00,Daylight,670,482,Yes,T-type,Normal,2Vehicles-Side,SELESTAT (RUE DE),M,48.564051422445786,7.564396167309805
201800031977,NonLethal,2018-10-13,15:15:00,Daylight,670,482,Yes,T-type,Normal,2Vehicles-Side,JESUITES (RUE DES),M,48.5395617084951,7.539097033181672
201800031978,NonLethal,2018-10-15,16:25:00,Daylight,670,365,Yes,NoIntersection,Normal,2Vehicles-Behind,ETTORE BUGATTI (RUE),M,48.54921892820385,7.548062421278409
201800031980,NonLethal,2018-10-17,09:50:00,Daylight,670,482,Yes,NoIntersection,Normal,2Vehicles-Behind,COLMAR (AVENUE DE),M,48.55838047261956,7.5582102612120945
201800031981,NonLethal,2018-10-17,16:10:00,Daylight,670,43,Yes,T-type,Normal,Other,PHILIPPE RUEFF (RUE),M,48.61099538668978,7.61084859069208
201800031983,NonLethal,2018-10-18,17:45:00,Daylight,670,267,No,NoIntersection,Normal,Other,RIVIERE (ROUTE DE LA),M,48.555630491744296,7.554534391382213
201800031984,NonLethal,2018-10-19,16:15:00,Daylight,670,43,Yes,NoIntersection,Normal,Other,BISCHWILLER (ROUTE DE),M,48.61523952079024,7.616433722922219
201800031985,NonLethal,2018-10-19,19:43:00,NightStreelightsOn,670,482,Yes,T-type,Normal,2Vehicles-Side,DOUBS (RUE DU),M,48.55600478483528,7.554590365055468
201800031986,NonLethal,2018-10-23,22:15:00,NightStreelightsOn,670,482,Yes,T-type,Normal,2Vehicles-Side,OBERHAUSBERGEN (ROUTE D,M,48.59419147527155,7.5960606619761775
201800031987,NonLethal,2018-10-24,05:10:00,NightStreelightsOn,670,482,No,NoIntersection,Normal,Other,LA ROCHELLE (RUE DE),M,48.51787468546833,7.516964638733796
201800031988,NonLethal,2018-10-24,15:30:00,Daylight,670,447,Yes,NoIntersection,Normal,Other,BISCHWILLER (ROUTE DE),M,48.6019572999779,7.602464918622568
201800031989,NonLethal,2018-10-25,15:30:00,Daylight,670,482,Yes,Other,Normal,2Vehicles-Side,HAGUENAU (PLACE DE),M,48.593670117123374,7.593543158135631
201800031990,NonLethal,2018-10-27,00:50:00,NightStreelightsOn,670,482,Yes,NoIntersection,Normal,2Vehicles-Behind,RIBEAUVILLE (RUE DE),M,48.56638555704031,7.563026290063021
201800031992,NonLethal,2018-10-28,02:45:00,NightStreelightsOn,670,482,Yes,NoIntersection,LightRain,2Vehicles-Behind,LOUIS PASTEUR (QUAI),M,48.5753040057062,7.571284233983648
201800031993,NonLethal,2018-10-29,10:15:00,Daylight,670,267,Yes,Roundabout,Overcast,2Vehicles-Side,MARECHAL FOCH (RUE DU),M,48.55569437494346,7.554658081170254
201800031994,NonLethal,2018-10-30,11:40:00,Daylight,670,43,Yes,NoIntersection,LightRain,Other,NATIONALE (RUE),M,48.6148815851236,7.613908923461191
201800031995,NonLethal,2018-10-30,19:30:00,NightStreelightsOn,670,218,Yes,T-type,Normal,Other,CEINTURE (RUE DE LA),M,48.5256014587695,7.525262283235929
201800031996,NonLethal,2018-10-31,12:15:00,Daylight,670,482,Yes,NoIntersection,Normal,2Vehicles-Side,WANTZENAU (RTE DE LA),M,48.61227067667162,7.612753893054054
201800031997,NonLethal,2018-10-31,16:30:00,TwilightOrDawn,670,482,Yes,NoIntersection,Normal,2Vehicles-Side,SCHIRMECK (ROUTE DE),M,48.56943915718729,7.5691889606596865
201800031998,NonLethal,2018-01-11,09:50:00,Daylight,670,43,Yes,NoIntersection,Overcast,Other,BRUCHE (RUE DE LA),M,48.61472978899168,7.6155859869199825
201800031999,NonLethal,2018-02-11,12:10:00,Daylight,670,482,Yes,NoIntersection,Normal,2Vehicles-Side,LAUSANNE (RUE DE),M,48.57717675776008,7.577167222327073
201800032000,NonLethal,2018-11-02,17:40:00,NightStreelightsOn,670,482,Yes,NoIntersection,Normal,Other,FRANOIS MITTERRAND (AVE,M,48.58385170554745,7.583128855052776
201800032002,NonLethal,2018-11-03,14:50:00,Daylight,670,482,Yes,T-type,Normal,2Vehicles-Side,MUSAU (RUE DE LA),M,48.55763271800552,7.556428248260017
201800032003,NonLethal,2018-03-11,21:55:00,NightStreelightsOn,670,482,Yes,NoIntersection,Normal,Other,ABREUVOIR (RUE DE L ),M,48.57851962751068,7.579939576891707
201800032004,NonLethal,2018-11-05,19:15:00,NightStreelightsOn,670,218,Yes,T-type,Normal,2Vehicles-Side,LYON (RTE DE),M,48.53054816252471,7.529143567498422
201800032005,NonLethal,2018-06-11,13:45:00,Daylight,670,482,Yes,NoIntersection,Normal,Other,HALLES (RUE DES),M,48.58836184791115,7.589035913832772
201800032006,NonLethal,2018-07-11,08:10:00,Daylight,670,482,Yes,NoIntersection,VeryGood,Other,FORET NOIRE (AVENUE DE L,M,48.5795776562989,7.5805314298143855
201800032007,NonLethal,2018-07-11,16:30:00,TwilightOrDawn,670,482,Yes,T-type,Normal,2Vehicles-Side,GENERAL OFFENSTEIN (RUE,M,48.55520996920505,7.553615596438871
201800032008,NonLethal,2018-08-11,18:55:00,NightStreelightsOn,670,482,Yes,NoIntersection,Normal,Other,DANTE (AVENUE),M,48.59155680827492,7.589910936781145
201800032009,NonLethal,2018-09-11,12:06:00,Daylight,670,482,Yes,NoIntersection,Normal,Other,JEAN PIERRE LEVY (ALLEE),M,48.57609378365051,7.574756283107664
201800032011,NonLethal,2018-11-13,07:30:00,TwilightOrDawn,670,365,Yes,NoIntersection,HeavyRain,Other,VINGT TROIS NOVEMBRE (RU,M,48.53141611053077,7.533205935154932
201800032012,NonLethal,2018-11-13,16:00:00,TwilightOrDawn,670,482,Yes,NoIntersection,Normal,Other,FRANOIS MITTERRAND (AVE,M,48.58297988966119,7.5846617195521535
201800032014,NonLethal,2018-11-13,18:40:00,NightStreelightsOn,670,43,Yes,T-type,Overcast,2Vehicles-Side,PIGEONS (RUE DES),M,48.61288159371644,7.612701735049308
201800032015,NonLethal,2018-11-14,15:40:00,Daylight,670,482,Yes,T-type,Overcast,2Vehicles-Side,VOSGES (AVENUE DES),M,48.58808478173975,7.587743760775526
201800032016,NonLethal,2018-11-15,08:40:00,Daylight,670,218,Yes,T-type,Overcast,2Vehicles-BehindVehicles-Frontal,FOOTBALL (RUE DU),M,48.582564942121685,7.583366211217707
201800032017,NonLethal,2018-11-16,22:45:00,NightStreelightsOn,670,482,Yes,NoIntersection,Normal,Other,FORET NOIRE (AVENUE DE L,M,48.58532719578961,7.585299286200638
201800032018,NonLethal,2018-11-17,15:15:00,Daylight,670,482,Yes,T-type,Normal,2Vehicles-Side,COLMAR (AVENUE DE),M,48.554251683421874,7.5535340515527425
201800032019,NonLethal,2018-11-18,15:45:00,Daylight,670,482,Yes,T-type,Normal,2Vehicles-Behind,FUSTEL DE COULANGES (QUA,M,48.57593557822567,7.5760961507486515
201800032020,NonLethal,2018-11-18,17:40:00,NightStreelightsOn,670,482,Yes,NoIntersection,Normal,Other,CANONNIERS (RUE DES),M,48.5533611368712,7.55407141725324
201800032021,NonLethal,2018-11-21,17:00:00,NightStreelightsOn,670,365,Yes,NoIntersection,Normal,Other,CHAPELLE (RUE DE LA),M,48.55554513760264,7.553949543134261