AccidentId,Gravity,Date,Hour,Light,Department,Commune,InAgglomeration,IntersectionType,Weather,CollisionType,PostalAddress,GPSCode,Latitude,Longitude
201800032022,NonLethal,2018-11-22,11:40:00,Daylight,670,482,Yes,NoIntersection,Normal,2Vehicles-Side,HAGUENAU (PLACE DE),M,48.59112154592928,7.591626174723577
201800032023,NonLethal,2018-11-24,09:00:00,Daylight,670,218,Yes,NoIntersection,Normal,Other,LYON (RTE DE),M,48.53225002584418,7.534048343355638
201800032024,NonLethal,2018-11-24,19:50:00,NightStreelightsOn,670,482,Yes,NoIntersection,Normal,2Vehicles-Side,COLMAR (AVENUE DE),M,48.56365102561575,7.56435736370703
201800032026,NonLethal,2018-11-26,13:41:00,Daylight,670,482,Yes,NoIntersection,Overcast,Other,MARSEILLAISE (AVENUE DE,M,48.58514143713215,7.585320767865912
201800032027,NonLethal,2018-11-26,18:08:00,NightStreelightsOn,670,365,Yes,NoIntersection,LightRain,2Vehicles-Behind,PIERRE PFLIMLIN (ALLEE),M,48.55229572168375,7.554158247340847
201800032028,NonLethal,2018-11-27,17:30:00,NightStreelightsOn,670,204,Yes,T-type,LightRain,2Vehicles-Side,BRUMATH (ROUTE DE),M,48.62015084426319,7.620291737232507
201800032030,NonLethal,2018-11-30,08:55:00,Daylight,670,482,Yes,T-type,LightRain,2Vehicles-Side,GLOXIN (RUE),M,48.59111541860831,7.5881180637763
201800032032,NonLethal,2018-01-12,09:30:00,Daylight,670,482,Yes,NoIntersection,Normal,2Vehicles-Side,MELANIE (RUE),M,48.601013746121694,7.603432780088931
201800032033,NonLethal,2018-12-03,06:45:00,NightStreelightsOn,670,482,Yes,NoIntersection,LightRain,Other,RHEINFELD (RUE DE),M,48.525426525604,7.524320332340824
201800032034,NonLethal,2018-03-12,16:56:00,TwilightOrDawn,670,482,No,NoIntersection,HeavyRain,Other,RIETH (RUE DU),M,48.60093739674665,7.599944108394837
201800032035,NonLethal,2018-12-04,09:15:00,Daylight,670,43,Yes,NoIntersection,LightRain,2Vehicles-Behind,LONGCHAMPS (RUE DE),M,48.61014277716933,7.6102837081245855
201800032037,NonLethal,2018-12-06,18:00:00,NightStreelightsOn,670,365,Yes,NoIntersection,LightRain,2Vehicles-Behind,LINGOLSHEIM (RUE DE),M,48.54804973626884,7.549672208030432
201800032038,NonLethal,2018-08-12,02:00:00,NightStreelightsOn,670,447,Yes,NoIntersection,Normal,2Vehicles-Side,WISSEMBOURG (RUE DE),M,48.60884787529386,7.608774476856575
201800032040,NonLethal,2018-12-08,20:55:00,NightStreelightsOn,670,482,Yes,NoIntersection,Normal,2Vehicles-Side,PAUL DOPFF (RUE),M,48.55760883386112,7.55840758861285
201800032041,NonLethal,2018-12-06,20:50:00,NightStreelightsOn,670,365,Yes,T-type,Normal,2Vehicles-Side,ETTORE BUGATTI (RUE),M,48.5494862810654,7.548386793449613
201800032042,NonLethal,2018-10-12,14:50:00,Daylight,670,482,Yes,T-type,Overcast,2Vehicles-Side,NEUHOF (ROUTE),M,48.55202963492091,7.554455890176983
201800032043,NonLethal,2018-12-10,17:50:00,NightStreelightsOn,670,482,Yes,NoIntersection,Normal,Other,SCHIRMECK (ROUTE DE),M,48.57167809825738,7.570771530979488
201800032044,NonLethal,2018-11-12,19:13:00,NightStreelightsOn,670,482,Yes,NoIntersection,Normal,2Vehicles-Behind,PAPETERIE (RUE DE LA),M,48.61035812224662,7.611765379733523
201800032046,NonLethal,2018-12-12,20:50:00,NightStreelightsOn,670,482,Yes,T-type,Normal,2Vehicles-Side,Edmond Michelet (rue),M,48.57452549029291,7.576550008892238
201800032047,NonLethal,2018-12-14,15:15:00,Daylight,670,447,Yes,NoIntersection,Normal,Other,EUROPE (AVENUE DE L ),M,48.61238636025552,7.612465543711371
201800032048,NonLethal,2018-12-15,11:45:00,Daylight,670,482,Yes,T-type,Overcast,2Vehicles-Side,COPENHAGUE (RUE DE),M,48.58119547894145,7.5786864444486834
201800032049,NonLethal,2018-12-17,17:31:00,NightStreelightsOn,670,218,Yes,NoIntersection,Overcast,Other,SEBASTIEN BRANT (RUE),M,48.51787307216279,7.5205142684630175
201800032050,NonLethal,2018-12-17,18:00:00,NightStreelightsOn,670,482,Yes,NoIntersection,LightRain,Other,ILL (RUE DE L ),M,48.613251128786345,7.614301488436307
201800032053,NonLethal,2018-12-19,16:45:00,NightStreelightsOn,670,482,Yes,NoIntersection,LightRain,Other,RHIN TORTU (RUE DU),M,48.55110732604816,7.55547008320646
201800032054,NonLethal,2018-12-20,19:00:00,NightStreelightsOn,670,482,Yes,T-type,LightRain,2Vehicles-Side,DETTWILLER (RUE DE),M,48.59577734418425,7.596791177941017
201800032055,NonLethal,2018-12-22,13:50:00,Daylight,670,267,Yes,NoIntersection,Overcast,2Vehicles-Behind,SCHUMANN (AVENUE),M,48.56035981852492,7.557869306311468
201800032056,NonLethal,2018-12-23,11:35:00,Daylight,670,482,Yes,NoIntersection,LightRain,Other,SEBASTOPOL (RUE DE),M,48.58556207226341,7.585739966988171
201800032057,NonLethal,2018-12-28,11:20:00,Daylight,670,482,Yes,NoIntersection,Normal,Other,MEINAU (ROUTE DE LA),M,48.55329676630316,7.552488366901757
201800032058,NonLethal,2018-03-20,17:09:00,Daylight,680,82,Yes,NoIntersection,Normal,Other,1 rue de castroville,M,47.86459071771826,7.863418795454612
201800032059,NonLethal,2018-02-08,17:30:00,Daylight,260,323,No,NoIntersection,Normal,2Vehicles-BehindVehicles-Frontal,RD 92N,M,45.06249872378397,5.063169664162382
201800032060,Lethal,2018-03-04,17:35:00,Daylight,260,323,No,NoIntersection,Normal,Other,RD 92 N,M,45.071646530065394,5.073723382246629
201800032062,NonLethal,2018-06-10,12:25:00,Daylight,260,28,No,NoIntersection,Normal,2Vehicles-BehindVehicles-Frontal,RD 884,M,,
201800032064,NonLethal,2018-06-22,17:15:00,Daylight,260,139,Yes,NoIntersection,Normal,NoCollision,85 RTE DES CHASSES,M,45.08021884303645,5.080392462661447
201800032065,NonLethal,2018-06-30,12:20:00,Daylight,260,323,No,X-type,Normal,3+Vehicles-Multiple,ROUTE DE GENISSIEUX,M,45.06852309590592,5.068473264536506
201800032067,NonLethal,2018-07-08,01:30:00,NightNoStreetLight,260,96,No,NoIntersection,Normal,NoCollision,RD 67,M,,
201800032069,NonLethal,2018-03-10,19:40:00,NightNoStreetLight,260,231,No,NoIntersection,Normal,NoCollision,RD 53,M,45.09930265288983,5.099589352292008
201800032070,NonLethal,2018-10-03,14:50:00,Daylight,260,87,No,X-type,Normal,2Vehicles-Side,D123 ROUTE DE LA PLAINE,M,45.08650056634176,5.086424371828383
201800032072,NonLethal,2018-11-18,10:40:00,Daylight,260,107,No,NoIntersection,Normal,Other,d67,M,45.17380341697485,5.174038784042202
201800032073,NonLethal,2018-03-03,14:00:00,Daylight,260,45,Yes,NoIntersection,Normal,3+Vehicles-Multiple,D540,M,,
201800032074,NonLethal,2018-03-17,08:40:00,Daylight,260,268,No,NoIntersection,LightRain,2Vehicles-BehindVehicles-Frontal,LES GIRAUDS,M,,
201800032075,NonLethal,2018-06-15,09:30:00,Daylight,260,78,No,X-type,Normal,2Vehicles-Side,RTE PUY ST MARTIN,M,,
201800032076,NonLethal,2018-11-19,17:45:00,NightStreelightsOn,260,31,Yes,NoIntersection,LightRain,Other,D540,M,44.55603078342053,4.5541144395612845
201800032077,NonLethal,2018-01-08,18:00:00,NightNoStreetLight,910,86,No,NoIntersection,Normal,3+Vehicles-Multiple,RD31,M,48.60253477992473,2.602010702789782
201800032078,Lethal,2018-01-02,07:45:00,TwilightOrDawn,910,648,No,NoIntersection,LightRain,NoCollision,CD 26 près du lieu dit l,M,48.56344372122751,2.5622489962054016
201800032079,NonLethal,2018-03-28,13:10:00,Daylight,910,235,Yes,Roundabout,LightRain,2Vehicles-Side,RD445,M,48.63631497476455,2.637058637630415
201800032081,NonLethal,2018-09-09,18:30:00,Daylight,910,235,Yes,NoIntersection,Normal,2Vehicles-Side,avenue Dr FICHEZ,M,48.63995532619028,2.6399750664326933
201800032082,NonLethal,2018-11-24,03:02:00,NightNoStreetLight,910,86,No,NoIntersection,LightRain,2Vehicles-BehindVehicles-Frontal,RD31,M,48.610782221841696,2.6127608861956304
201800032083,NonLethal,2018-02-22,09:10:00,Daylight,620,656,No,NoIntersection,Normal,NoCollision,D928,M,50.684521494905255,2.68314472093329
201800032084,NonLethal,2018-04-21,00:55:00,NightNoStreetLight,620,67,No,NoIntersection,Normal,2Vehicles-BehindVehicles-Frontal,D133,M,50.62374429444538,2.6256409956150075
201800032085,NonLethal,2018-04-21,18:30:00,Daylight,620,336,Yes,NoIntersection,VeryGood,2Vehicles-Side,rue Jonnart,M,50.56968107675288,2.570833479445722
201800032086,Lethal,2018-05-28,11:35:00,Daylight,620,837,No,X-type,VeryGood,2Vehicles-Side,D131,M,50.658186999695474,2.656158699602264
201800032087,NonLethal,2018-03-07,06:50:00,Daylight,620,898,No,X-type,Normal,Other,intersection CD 208 et C,M,50.72675578698384,2.725412009367405
201800032088,NonLethal,2018-07-16,17:20:00,Daylight,620,254,Yes,NoIntersection,Normal,Other,D 157,M,50.6073736424845,2.606927877391092
201800032089,NonLethal,2018-08-08,10:25:00,Daylight,620,265,Yes,X-type,Normal,2Vehicles-Side,rue concogne,M,50.61638747670804,2.615300263392593
201800032090,NonLethal,2018-12-09,13:00:00,Daylight,620,141,No,X-type,LightRain,2Vehicles-Side,D341,M,50.6083833353412,2.610461251388226
201800032091,NonLethal,2018-09-13,18:20:00,Daylight,620,8,No,NoIntersection,Normal,2Vehicles-Behind,D 225,M,50.723523269621744,2.721578316954713
201800032093,NonLethal,2018-09-24,20:30:00,TwilightOrDawn,620,760,No,NoIntersection,Normal,Other,CD.928,M,50.61769435773978,2.616516871513143
201800032094,Lethal,2018-10-17,16:15:00,Daylight,620,794,No,NoIntersection,Normal,Other,RD 207,M,50.7217342343447,2.7230790123387205
201800032095,Lethal,2018-12-21,21:15:00,NightNoStreetLight,620,265,No,NoIntersection,Overcast,2Vehicles-BehindVehicles-Frontal,D341,M,50.64653947843051,2.6456980722228534
201800032096,NonLethal,2018-12-29,01:40:00,NightNoStreetLight,620,267,Yes,NoIntersection,Normal,Other,132 rue Principale,M,50.58361055703289,2.583392326197812
201800032097,NonLethal,2018-06-01,00:12:00,NightStreelightsOn,680,66,Yes,X-type,LightRain,2Vehicles-Side,"02, INGERSHEIM (ROUTE D'",M,48.08147100436039,7.082844886162429
201800032098,NonLethal,2018-01-08,07:00:00,NightStreelightsOn,680,66,Yes,X-type,Normal,Other,"16, MULHOUSE (RUE DE)",M,48.073343832187,7.072991506731225
201800032099,NonLethal,2018-01-05,18:02:00,NightNoStreetLight,680,66,Yes,Roundabout,Normal,2Vehicles-Side,"1, WINTZENHEIM (ROUTE DE",M,48.070053935194125,7.070024506733426
201800032100,NonLethal,2018-01-19,17:51:00,NightStreelightsOff,680,66,Yes,MoreThan4Branches,LightRain,Other,"1, SELESTAT (ROUTE DE)",M,48.09046425103689,7.089727006802317
201800032101,NonLethal,2018-01-02,07:48:00,TwilightOrDawn,680,66,Yes,NoIntersection,Normal,Other,PREMIERE ARMEE FRANCAISE,M,48.08447954440658,7.085444029726686
201800032102,NonLethal,2018-01-02,12:20:00,Daylight,680,66,Yes,Y-type,Normal,Other,"1, LOGELBACH ( RUE DU)",M,48.08010964800224,7.081898214237963
201800032103,NonLethal,2018-02-13,07:40:00,TwilightOrDawn,680,66,Yes,T-type,Normal,Other,EUROPE (AVENUE DE L' 20,M,48.08022512513634,7.0788135628534885
201800032104,NonLethal,2018-02-28,06:50:00,TwilightOrDawn,680,66,Yes,X-type,Normal,2Vehicles-Side,"55, ALSACE (RUE D')",M,48.076042208821086,7.075995782504866
201800032105,NonLethal,2018-02-13,08:15:00,Daylight,680,66,Yes,T-type,VeryGood,Other,"11A, ROME (AVENUE DE)",M,48.07343202896931,7.074133949689969
201800032107,NonLethal,2018-04-28,12:39:00,Daylight,680,66,Yes,NoIntersection,Normal,Other,VIGNERONS (RUE DES),M,48.07235266448775,7.075613850552655
201800032108,NonLethal,2018-05-05,18:44:00,Daylight,680,66,Yes,NoIntersection,Normal,Other,NEUF BRISACH (ROUTE DE),M,48.08051665962098,7.079051517861605
201800032109,NonLethal,2018-05-05,19:59:00,Daylight,680,66,Yes,Other,Normal,2Vehicles-Side,BERLIN (RUE DE),M,48.07140213244317,7.070292905028535
201800032112,NonLethal,2018-05-14,08:08:00,Daylight,680,66,Yes,NoIntersection,Normal,3+Vehicles-Multiple,ALSACE (RUE D'),M,48.06618503734212,7.067514320095552
201800032113,NonLethal,2018-05-17,08:25:00,Daylight,680,66,Yes,NoIntersection,Normal,2Vehicles-Side,ANCETRE ( PETITE RUE DES,M,48.08009829277154,7.082479042731165
201800032114,NonLethal,2018-05-29,15:47:00,Daylight,680,66,Yes,NoIntersection,Normal,Other,EUROPE (QUARTIER DE L'),M,48.06885347863213,7.06917609434624
201800032115,NonLethal,2018-01-06,16:40:00,Daylight,680,66,Yes,T-type,HeavyRain,2Vehicles-Side,BRANLY (RUE EDOUARD),M,48.09292264550871,7.092354546453982
201800032117,NonLethal,2018-06-24,01:17:00,NightNoStreetLight,680,66,Yes,NoIntersection,Normal,Other,FOIRE AUX VINS (AVENUE D,M,48.099734517861485,7.099899678362116
201800032119,NonLethal,2018-07-24,16:30:00,Daylight,680,66,Yes,NoIntersection,Normal,Other,INGERSHEIM (ROUTE D'),M,48.08453462958912,7.08252973453203
201800032120,NonLethal,2018-04-24,11:20:00,Daylight,680,66,Yes,NoIntersection,Normal,Other,GRAND'RUE (RUE),M,48.07757717050941,7.078474741448628
201800032121,NonLethal,2018-07-15,11:41:00,Daylight,680,66,Yes,NoIntersection,Normal,Other,LIBERTE (AVENUE DE LA),M,48.07617821327533,7.07263319090165
201800032122,NonLethal,2018-07-27,01:50:00,NightStreelightsOn,680,66,Yes,T-type,Normal,NoCollision,PREISS (RUE JACQUES),M,48.07551229637421,7.079326587010349
201800032124,NonLethal,2018-08-14,18:21:00,Daylight,680,66,Yes,NoIntersection,Normal,2Vehicles-Side,BALE ( ROUTE DE),M,48.0706319310973,7.069845786704923
201800032125,NonLethal,2018-08-22,12:35:00,Daylight,680,66,Yes,Other,Normal,2Vehicles-Side,ROUFFACH (ROUTE DE),M,48.06065174479204,7.063134656640191
201800032127,NonLethal,2018-08-16,18:02:00,Daylight,680,66,Yes,Other,Normal,Other,ALSACE (RUE D'),M,48.066334450319886,7.065906325214448
201800032128,NonLethal,2018-09-04,00:14:00,NightStreelightsOn,680,66,Yes,X-type,Normal,2Vehicles-Side,INGERSHEIM (ROUTE D'),M,48.08509800813514,7.083750857709227
201800032129,Lethal,2018-09-10,15:16:00,Daylight,680,66,Yes,MoreThan4Branches,Normal,2Vehicles-Side,ALSACE (RUE D'),M,48.0708096013058,7.06894919465267
201800032130,NonLethal,2018-09-15,19:56:00,Daylight,680,66,Yes,T-type,Normal,2Vehicles-Side,TURENNE (RUE DE),M,48.07354625430689,7.073433961909431
201800032131,NonLethal,2018-09-04,16:45:00,Daylight,680,66,Yes,NoIntersection,Normal,Other,LIBERTE (AVENUE DE LA),M,48.07770037628428,7.077780192823287
201800032132,NonLethal,2018-11-09,17:37:00,Daylight,680,66,Yes,NoIntersection,Normal,2Vehicles-Behind,STRASBOURG (ROUTE DE),M,48.10325486979588,7.106886896557967
201800032133,NonLethal,2018-09-27,18:21:00,Daylight,680,66,Yes,NoIntersection,Normal,Other,NORD (RUE DU),M,48.08156539979292,7.080233670198994
201800032134,NonLethal,2018-09-05,12:19:00,Daylight,680,66,Yes,NoIntersection,Normal,NoCollision,EUROPE (AVENUE DE L'),M,48.07965048682285,7.078757954600769
201800032135,NonLethal,2018-09-30,08:00:00,Daylight,680,66,Yes,T-type,Normal,2Vehicles-Side,ROUFFACH (ROUTE DE),M,48.06730238124901,7.067699885516292
201800032136,NonLethal,2018-10-02,07:30:00,TwilightOrDawn,680,66,Yes,X-type,Normal,2Vehicles-Side,DE GAULLE (AVENUE DU GEN,M,48.07464212342216,7.074056254577297
201800032137,NonLethal,2018-10-12,08:00:00,TwilightOrDawn,680,66,Yes,NoIntersection,Normal,Other,ST ELOI (RUE),M,48.08033425913629,7.079929112907761
201800032138,NonLethal,2018-10-15,16:03:00,Daylight,680,66,Yes,NoIntersection,Normal,Other,INGERSHEIM (ROUTE D'),M,48.08424535561737,7.083253961373872
201800032139,NonLethal,2018-09-11,12:15:00,Daylight,680,66,Yes,NoIntersection,Normal,NoCollision,SEMM (RUE DE LA),M,48.07141606382798,7.069875317969075
201800032140,NonLethal,2018-11-13,07:02:00,TwilightOrDawn,680,66,Yes,NoIntersection,Normal,Other,GARE (RUE DE LA),M,48.07516331753608,7.0748345399114125
201800032141,NonLethal,2018-12-05,11:57:00,Daylight,680,66,Yes,T-type,Normal,2Vehicles-Side,BLEICH (RUE DE LA),M,48.07719300809036,7.078550859559066
201800032142,NonLethal,2018-12-07,14:57:00,Daylight,680,66,Yes,X-type,Normal,2Vehicles-Side,ALSACE (RUE D'),M,48.07123618388418,7.069887407188992
201800032144,NonLethal,2018-04-12,15:30:00,Daylight,680,66,Yes,Other,VeryGood,Other,CARLOVINGIENS (RUE DES),M,48.08918233437905,7.088876694592853
201800032146,NonLethal,2018-12-21,18:45:00,NightStreelightsOn,680,66,Yes,Other,LightRain,Other,ALSACE (RUE D'),M,48.075196406140535,7.075725342730107
201800032148,NonLethal,2018-01-09,15:45:00,Daylight,680,224,Yes,NoIntersection,Normal,Other,"37, GAY-LUSSAC (RUE)",M,47.74318713903511,7.744155160956782
201800032149,NonLethal,2018-10-01,17:09:00,TwilightOrDawn,680,224,Yes,NoIntersection,Normal,Other,"ll5, VAUBAN (RUE)",M,47.76159916625905,7.760239030489885
201800032150,NonLethal,2018-01-22,16:39:00,TwilightOrDawn,680,224,No,NoIntersection,HeavyRain,2Vehicles-Behind,AUTOROUTE A 36,M,47.77394554494521,7.773846975141468
201800032151,NonLethal,2018-06-02,09:30:00,Daylight,680,224,Yes,T-type,Normal,2Vehicles-Side,"144, BELFORT (RUE DE)",M,47.73878160747712,7.738605871778023
201800032152,NonLethal,2018-02-24,08:30:00,Daylight,680,271,Yes,Roundabout,Normal,Other,"2, DOLLFUS (AVENUE GUSTA",M,47.74609131955162,7.748535521269824
201800032153,NonLethal,2018-04-11,13:05:00,Daylight,680,224,Yes,Other,Normal,Other,WERNER (RUE ALFRED),M,47.73093356736472,7.732533648269829
201800032154,NonLethal,2018-11-04,19:30:00,Daylight,680,224,Yes,X-type,Normal,2Vehicles-Side,SCHUMAN (AVENUE ROBERT),M,47.75244904399704,7.751983771961783
201800032155,NonLethal,2018-04-12,16:30:00,Daylight,680,224,Yes,T-type,Normal,Other,HUBNER (RUE),M,47.75586032950736,7.754079875197111
201800032158,NonLethal,2018-05-04,16:50:00,Daylight,680,224,Yes,X-type,Normal,Other,HARDT (RUE DE LA),M,47.75306164760274,7.752887778463225
201800032159,NonLethal,2018-05-09,19:03:00,Daylight,680,224,Yes,NoIntersection,Normal,Other,LUTTERBACH (AVENUE DE),M,47.74283461373093,7.741465430452674
201800032161,NonLethal,2018-06-06,17:00:00,Daylight,680,224,No,NoIntersection,Normal,3+Vehicles-Multiple,AUTOROUTE A 36,M,47.76721395937603,7.764322402127223
201800032162,NonLethal,2018-07-06,15:52:00,Daylight,680,224,Yes,NoIntersection,Normal,Other,WALLACH (BOULEVARD ALFRE,M,47.7410794829095,4.741690922495624
201800032163,NonLethal,2018-06-08,16:00:00,Daylight,680,224,Yes,Roundabout,Normal,Other,MADELEINE (RUE),M,47.75435093430494,7.753508845011725
201800032164,NonLethal,2018-06-28,17:47:00,Daylight,680,224,Yes,NoIntersection,Normal,Other,MANGENEY (RUE DU DOCTEUR,M,47.72678035042728,7.725671845124189
201800032167,Lethal,2018-07-20,02:55:00,NightStreelightsOn,680,224,Yes,X-type,Normal,2Vehicles-Side,FRANKLIN (RUE),M,47.75244023973111,7.749176511635407
201800032168,Lethal,2018-07-22,15:40:00,TwilightOrDawn,680,224,Yes,T-type,Normal,2Vehicles-Side,KINGERSHEIM (RUE DE),M,47.77403579877845,7.774820745542942
201800032169,NonLethal,2018-09-17,20:10:00,NightStreelightsOn,680,224,Yes,NoIntersection,Normal,2Vehicles-BehindVehicles-Frontal,ISLY (QUAI D'),M,47.73976540970061,7.740752355706654
201800032170,NonLethal,2018-09-29,12:40:00,Daylight,680,224,Yes,Y-type,Normal,2Vehicles-Side,DIVISION BLINDEE (AVENUE,M,47.73520006491373,7.734832465533266
201800032171,NonLethal,2018-02-10,12:25:00,Daylight,680,224,Yes,NoIntersection,Normal,Other,DE LATTRE DE TASSIGNY (A,M,47.7451703146435,7.746319820579817
201800032172,NonLethal,2018-10-09,20:10:00,NightStreelightsOff,680,256,Yes,NoIntersection,Normal,Other,ETANG (RUE DE L'),M,47.76661983174452,7.7630317798886255
201800032173,NonLethal,2018-10-10,06:35:00,NightNoStreetLight,680,224,No,Other,Normal,2Vehicles-Behind,AUTOROUTE A 36,M,47.76661777261642,7.765204366943556
201800032175,NonLethal,2018-11-11,21:20:00,NightStreelightsOn,680,224,Yes,NoIntersection,Normal,Other,DAGUERRE (RUE),M,47.74514848367805,7.746095499717595
201800032176,NonLethal,2018-11-11,23:50:00,NightStreelightsOn,680,224,Yes,Other,Normal,Other,ALSACE (RUE D'),M,47.74894037041717,7.750387495300883
201800032178,Lethal,2018-11-16,17:55:00,NightNoStreetLight,680,224,Yes,NoIntersection,Normal,Other,BRUNSTATT (RUE DE),M,47.74396268355078,7.74364036737016
201800032179,NonLethal,2018-11-22,11:25:00,Daylight,680,224,No,Other,Normal,2Vehicles-Behind,AUTOROUTE A 36,M,47.75268604627432,7.753170716869696
201800032180,NonLethal,2018-03-12,19:00:00,NightStreelightsOn,680,224,Yes,T-type,Normal,Other,GRUNEWALD (RUE MATHIAS),M,47.73952909285267,7.738457782839563
201800032183,NonLethal,2018-04-25,15:45:00,Daylight,680,297,Yes,X-type,Normal,2Vehicles-BehindVehicles-Frontal,DE GAULLE ( AVE DU GLE ),M,47.58299668359781,7.583864860384208
201800032184,NonLethal,2018-06-01,18:35:00,Daylight,680,297,Yes,X-type,Normal,2Vehicles-Side,PAIX ( RUE DE LA ),M,47.58353661973474,7.582756216401866
201800032185,NonLethal,2018-06-30,18:25:00,Daylight,680,297,Yes,NoIntersection,Normal,Other,MULHOUSE ( RUE DE)JUSQUE,M,47.584824802364594,7.586184864262004
201800032186,NonLethal,2018-01-07,18:35:00,Daylight,680,297,Yes,T-type,Normal,2Vehicles-Side,HUNINGUE ( RUE DE ),M,47.589797166138645,7.588153268230754
201800032188,NonLethal,2018-02-07,06:44:00,Daylight,680,297,Yes,NoIntersection,Normal,2Vehicles-Behind,MARS ( RUE DU 1ER ),M,47.5758782145317,7.576256202153306
201800032189,NonLethal,2018-07-08,11:50:00,Daylight,680,297,Yes,NoIntersection,Normal,Other,MARNE ( AVENUE DE ),M,47.589953542013134,7.592248157654086
201800032190,NonLethal,2018-10-03,17:00:00,Daylight,680,297,Yes,NoIntersection,Normal,2Vehicles-Side,DE GAULLE ( AVE DU GLE ),M,47.58212481736896,7.583082221294241
201800032191,NonLethal,2018-10-10,13:37:00,Daylight,680,297,Yes,Roundabout,Normal,2Vehicles-Side,CD 1O5,M,47.59399993932793,7.593590480817617
201800032192,NonLethal,2018-10-22,15:32:00,Daylight,680,297,Yes,T-type,Normal,2Vehicles-Side,BALE ( AVE DE)FRONTIERE,M,47.578761829333146,7.577711651107789
201800032193,NonLethal,2018-04-12,19:15:00,NightStreelightsOn,680,297,Yes,T-type,LightRain,2Vehicles-Side,MULHOUSE ( RUE)CITE BOUR,M,47.59646256120276,7.598543874595474
201800032195,Lethal,2018-05-16,11:05:00,Daylight,680,166,Yes,NoIntersection,Overcast,Other,TULLE (RUE DE),M,47.79904786746036,7.801032768505367
201800032196,NonLethal,2018-06-26,16:20:00,Daylight,680,166,Yes,NoIntersection,Normal,2Vehicles-Side,MULHOUSE (FAUBOURG DE),M,47.785652698039776,7.78751264081324
201800032197,NonLethal,2018-07-05,16:40:00,Daylight,680,166,Yes,Roundabout,VeryGood,2Vehicles-Side,DEBUSSY (RUE CLAUDE),M,47.7938871622699,7.79449228768097
201800032199,NonLethal,2018-08-11,15:00:00,Daylight,680,376,Yes,X-type,Normal,2Vehicles-Side,VIEIL-ARMAND (RUE DU),M,47.81251155822101,7.814941720633655
201800032200,NonLethal,2018-08-22,14:00:00,Daylight,680,166,No,NoIntersection,VeryGood,2Vehicles-Side,RD 430,M,47.78584563757865,7.787539282391798
201800032201,NonLethal,2018-09-26,09:05:00,Daylight,680,376,Yes,NoIntersection,VeryGood,Other,MINES (RUE DES),M,47.80432441843468,7.805254116496387
201800032202,NonLethal,2018-10-17,12:45:00,Daylight,680,376,Yes,NoIntersection,Normal,2Vehicles-Behind,SOULTZ(ROUTE DE),M,47.81835358595119,7.816329673509737
201800032203,NonLethal,2018-10-27,18:30:00,NightNoStreetLight,680,166,No,NoIntersection,LightRain,2Vehicles-Behind,RD 430,M,47.786032713746245,7.787143759436267
201800032204,NonLethal,2018-10-30,09:35:00,Daylight,680,376,Yes,NoIntersection,LightRain,2Vehicles-Behind,SOULTZ(ROUTE DE),M,47.81108668251017,7.810051969556746
201800032205,NonLethal,2018-12-01,16:55:00,Daylight,10,450,Yes,T-type,Normal,2Vehicles-Side,avenue Charles de Gaulle,M,45.91396367300818,5.913032170507454
201800032206,NonLethal,2018-01-26,19:00:00,NightNoStreetLight,10,244,No,Roundabout,LightRain,2Vehicles-BehindVehicles-Frontal,D 1084,M,45.90217040164965,5.902796039442262
201800032207,NonLethal,2018-03-24,15:40:00,Daylight,10,378,Yes,T-type,Normal,2Vehicles-Side,chemin de montobert,M,45.8151480948614,5.81550933099165
201800032208,NonLethal,2018-05-20,19:25:00,Daylight,10,74,No,NoIntersection,Normal,2Vehicles-BehindVehicles-Frontal,RD 904,M,45.99918482810094,6.000834889160904
201800032209,NonLethal,2018-07-22,15:45:00,Daylight,10,434,No,NoIntersection,Normal,2Vehicles-Side,route départementale 904,M,45.98578676502164,5.988650105485846
201800032210,NonLethal,2018-09-02,10:45:00,Daylight,10,244,Yes,Other,Normal,2Vehicles-BehindVehicles-Frontal,23 avenue de verdun,M,45.90350718988637,5.902845067815715
201800032211,NonLethal,2018-01-04,07:35:00,TwilightOrDawn,10,362,No,NoIntersection,HeavyRain,2Vehicles-BehindVehicles-Frontal,RD66,M,45.954529428927295,4.956757587725956
201800032212,NonLethal,2018-01-04,17:38:00,NightStreelightsOn,10,333,Yes,NoIntersection,LightRain,3+Vehicles-Chain,Route de lyon,M,45.91450942280545,4.913622823565799
201800032214,NonLethal,2018-01-13,13:00:00,Daylight,10,248,Yes,X-type,Normal,2Vehicles-Side,RD1083,M,45.895379455078746,4.895648910297871
201800032218,NonLethal,2018-11-04,09:50:00,Daylight,10,248,No,NoIntersection,Normal,2Vehicles-Behind,Départementale 1,M,45.88643704980453,4.884188933187114
201800032221,NonLethal,2018-06-18,10:12:00,Daylight,10,261,No,X-type,Normal,3+Vehicles-Multiple,D82 - D6,M,45.96811183426405,4.965651616250641
201800032222,NonLethal,2018-07-10,11:15:00,Daylight,10,424,No,T-type,Normal,2Vehicles-BehindVehicles-Frontal,chemin de la volière,M,45.88331850011927,4.882800635302537
201800032223,NonLethal,2018-08-28,09:30:00,Daylight,10,443,Yes,Y-type,Normal,2Vehicles-Side,02 rue du commerce,M,46.002224561675234,5.00235273353042
201800032224,NonLethal,2018-05-09,14:00:00,Daylight,10,443,No,NoIntersection,Normal,2Vehicles-Side,chemin de genetay,M,45.985998630930204,5.985426047238827
201800032227,NonLethal,2018-09-12,09:15:00,Daylight,10,261,No,X-type,Normal,2Vehicles-Side,Intersection D6 / D82,M,45.96473712708064,4.965124594551389