AccidentId,Gravity,Date,Hour,Light,Department,Commune,InAgglomeration,IntersectionType,Weather,CollisionType,PostalAddress,GPSCode,Latitude,Longitude
201800032230,NonLethal,2018-12-16,11:40:00,Daylight,10,381,No,NoIntersection,Normal,3+Vehicles-Multiple,D7,M,46.02620895036133,5.026536407918119
201800032231,NonLethal,2018-12-21,23:30:00,NightNoStreetLight,10,333,No,NoIntersection,Normal,NoCollision,D 82 - PK 22+100,M,45.94121516914399,4.939430403257085
201800032232,NonLethal,2018-12-22,16:55:00,TwilightOrDawn,10,443,No,T-type,LightRain,2Vehicles-Behind,D904,M,,
201800032233,NonLethal,2018-12-23,19:25:00,TwilightOrDawn,10,362,No,NoIntersection,Normal,2Vehicles-Side,D6,M,45.95773428192128,4.958201716672445
201800032234,NonLethal,2018-01-02,16:05:00,Daylight,690,91,Yes,Other,Normal,2Vehicles-Side,"31, VICTOR HUGO ( R )",M,45.58876764277581,4.588999266012259
201800032235,NonLethal,2018-01-18,12:30:00,Daylight,690,91,Yes,X-type,Normal,2Vehicles-Side,"2, CASANOVA  DANIELLE  a",M,45.59315159970194,4.595465212699403
201800032236,NonLethal,2018-01-30,19:30:00,NightStreelightsOn,690,91,Yes,NoIntersection,Normal,2Vehicles-Side,"65, JEAN LIGONNET ( R )",M,45.5930112432384,4.5955806657120375
201800032237,NonLethal,2018-02-07,09:15:00,Daylight,690,91,No,NoIntersection,Normal,Other,PAIX (DE LA) ( R ),M,45.583358622613474,4.584672293388595
201800032238,NonLethal,2018-02-03,05:35:00,NightStreelightsOn,690,91,Yes,T-type,LightRain,2Vehicles-Behind,"9, GAGARINE (AV)",M,45.600593648479006,4.600372903336792
201800032239,NonLethal,2018-03-17,11:00:00,Daylight,690,91,Yes,NoIntersection,LightRain,2Vehicles-BehindVehicles-Frontal,PAIX (DE LA) ( R ),M,45.58282794563913,4.5842942211121205
201800032240,NonLethal,2018-10-04,19:55:00,NightStreelightsOn,690,91,Yes,T-type,Normal,2Vehicles-Side,RIVE DE GIER (DE) (RTE),M,45.5776693431973,4.57754732796464
201800032241,NonLethal,2018-04-13,10:45:00,Daylight,690,91,Yes,NoIntersection,Normal,2Vehicles-Side,PAIX (DE LA) ( R ),M,45.58000653309036,4.580654551117477
201800032242,NonLethal,2018-04-18,18:45:00,Daylight,690,91,Yes,NoIntersection,Normal,2Vehicles-BehindVehicles-Frontal,NEUVE (RTE),M,45.57336792086011,4.576810924003719
201800032243,NonLethal,2018-04-27,23:15:00,NightStreelightsOn,690,96,Yes,Other,Overcast,2Vehicles-BehindVehicles-Frontal,SEMARD (PIERRE) ( R ),M,45.61322695994594,4.613231209442184
201800032244,NonLethal,2018-02-05,09:00:00,Daylight,690,91,Yes,NoIntersection,Normal,2Vehicles-Side,ROBESPIERRE ( R ),M,45.58587576562552,4.5868255504775695
201800032245,NonLethal,2018-05-06,04:40:00,NightNoStreetLight,690,96,Yes,NoIntersection,Normal,Other,BERTHELOT (MARCELIN) (AV,M,45.59788451847116,4.600912765129175
201800032246,NonLethal,2018-03-15,23:30:00,NightStreelightsOn,690,91,Yes,NoIntersection,Normal,Other,"7, MOULIN (DU) ( R )",M,45.58930587689342,4.588528929044677
201800032247,NonLethal,2018-06-19,08:00:00,Daylight,690,96,Yes,NoIntersection,Normal,3+Vehicles-Chain,BERTHELOT (MARCELIN) (AV,M,45.595414423208034,4.59660672610513
201800032248,NonLethal,2018-07-09,07:15:00,Daylight,690,96,Yes,X-type,VeryGood,2Vehicles-Side,LIBERTE (DE LA) (AV),M,45.6085102185745,4.610036304927043
201800032249,NonLethal,2018-07-08,11:40:00,Daylight,690,91,No,T-type,Normal,2Vehicles-Behind,MORNANT (DE) (RTE),M,45.590645245538674,4.589086238408369
201800032250,NonLethal,2018-07-27,10:50:00,Daylight,690,91,No,NoIntersection,Normal,2Vehicles-BehindVehicles-Frontal,RIVE DE GIER (DE) (RTE),M,45.57722660424509,4.578206893292845
201800032251,NonLethal,2018-07-31,13:30:00,Daylight,690,91,Yes,T-type,Normal,2Vehicles-Side,HONORE PETETIN ( R ),M,45.59365444983152,4.5939268225319365
201800032253,NonLethal,2018-10-08,16:05:00,Daylight,690,91,Yes,X-type,Normal,2Vehicles-Side,VICTOR HUGO ( R ),M,45.58700089557112,4.587606729176716
201800032254,NonLethal,2018-09-07,06:40:00,NightNoStreetLight,690,91,Yes,NoIntersection,Normal,Other,CENTRALE  ROUTE DE,M,45.57079488723375,4.57157905853984
201800032255,NonLethal,2018-09-18,18:40:00,Daylight,690,91,Yes,NoIntersection,Normal,2Vehicles-Behind,ANATOLE FRANCE (AV),M,45.576690319367,4.574456457879737
201800032257,NonLethal,2018-11-10,07:30:00,Daylight,690,91,Yes,MoreThan4Branches,Overcast,2Vehicles-Side,VICTOR HUGO ( R ),M,45.59190731680537,4.59215294538018
201800032258,NonLethal,2018-10-22,18:10:00,Daylight,690,91,Yes,Other,Normal,2Vehicles-Side,EMILE ZOLA ( R ),M,45.583814782339424,4.585095390299503
201800032259,NonLethal,2018-10-23,15:00:00,Daylight,690,91,Yes,NoIntersection,Normal,2Vehicles-Side,PROFESSEUR FLEMMING  (AV,M,45.60064752890249,4.599154314730391
201800032260,NonLethal,2018-10-23,13:50:00,Daylight,690,96,Yes,NoIntersection,Normal,2Vehicles-Side,BERTHELOT (MARCELIN) (AV,M,45.59748193668276,4.599236877326722
201800032261,NonLethal,2018-11-06,14:00:00,Daylight,690,96,Yes,T-type,LightRain,2Vehicles-Side,BERTHELOT (MARCELIN) (AV,M,45.6001228520236,4.601087542452233
201800032262,NonLethal,2018-11-06,17:00:00,Daylight,690,91,Yes,NoIntersection,Normal,Other,PAIX (DE LA) ( R ),M,45.5818290005146,4.58327712181324
201800032263,NonLethal,2018-11-29,21:30:00,NightStreelightsOn,690,96,Yes,NoIntersection,Normal,2Vehicles-Side,MARS 1962 (AVENUE DU 19),M,45.60628296823298,4.606611814617026
201800032264,NonLethal,2018-12-14,13:45:00,Daylight,690,91,Yes,NoIntersection,Overcast,Other,YVES FARGES ( R ),M,45.59258017079053,4.592814774195058
201800032265,NonLethal,2018-12-16,00:40:00,NightStreelightsOff,690,91,Yes,NoIntersection,LightRain,Other,MARCEL CACHIN ( R ),M,45.59715785842933,4.595648163246008
201800032266,Lethal,2018-12-25,02:00:00,NightStreelightsOff,690,91,Yes,T-type,Normal,2Vehicles-Side,TUILERIES (DES) ( R ),M,45.5897686884763,4.58735295455179
201800032267,NonLethal,2018-01-09,11:00:00,Daylight,690,13,No,NoIntersection,Normal,2Vehicles-Behind,"1240, SAINT JULIEN (rout",M,46.0156376125354,4.013777976914933
201800032268,NonLethal,2018-12-01,07:30:00,NightNoStreetLight,690,13,Yes,Roundabout,Overcast,2Vehicles-Side,"1864, LONGSARD (route de",M,46.02490494022677,4.022513679605803
201800032269,NonLethal,2018-01-31,14:50:00,Daylight,690,264,Yes,NoIntersection,Normal,Other,"193, STALINGRAD RUE DE",M,45.98622529042174,4.986266637239065
201800032270,NonLethal,2018-05-02,16:30:00,Daylight,690,264,Yes,X-type,Normal,Other,"710, FRANS ROUTE DE",M,45.98542999693999,4.985143849650745
201800032271,Lethal,2018-08-02,18:36:00,NightNoStreetLight,690,13,No,NoIntersection,Overcast,2Vehicles-BehindVehicles-Frontal,RN6 (CHARTONNIERE),M,46.02187902424429,4.022713277339905
201800032272,NonLethal,2018-03-31,13:20:00,Daylight,690,92,Yes,NoIntersection,LightRain,2Vehicles-BehindVehicles-Frontal,"428, BEAUJOLAIS (avenue",M,46.00028307159677,4.9978201018608654
201800032274,NonLethal,2018-09-04,15:50:00,Daylight,690,264,Yes,NoIntersection,Normal,3+Vehicles-Chain,HERON  PHILIPPE   R,M,45.98879726219272,4.989937352459366
201800032275,NonLethal,2018-03-27,15:50:00,Daylight,690,264,Yes,NoIntersection,LightRain,3+Vehicles-Chain,SAVOYE CLAUDIUS   R,M,45.9910047549867,4.992242867728749
201800032276,NonLethal,2018-04-16,09:50:00,Daylight,690,13,No,NoIntersection,Normal,3+Vehicles-Chain,LONGSARD (route de),M,46.01895247253907,4.018850083424353
201800032277,NonLethal,2018-04-17,18:30:00,Daylight,690,13,No,NoIntersection,Normal,2Vehicles-Side,AVE MARIA(rond point),M,46.02081950797275,4.019272844304802
201800032278,NonLethal,2018-04-25,12:50:00,Daylight,690,264,Yes,NoIntersection,Normal,Other,BOINTON  R,M,45.99629405015155,4.996139270457149
201800032281,NonLethal,2018-08-05,14:25:00,Daylight,690,13,No,NoIntersection,Normal,NoCollision,LONGSARD (route de),M,46.02924345497844,4.029189567879713
201800032282,NonLethal,2018-05-10,09:30:00,Daylight,690,264,Yes,NoIntersection,Normal,Other,GAMBETTA  BD,M,45.99344539021868,4.994142304792024
201800032285,NonLethal,2018-05-18,11:40:00,Daylight,690,264,Yes,X-type,Normal,2Vehicles-Side,POULET ETIENNE  R,M,45.98815737686539,4.98900215214209
201800032288,NonLethal,2018-06-18,17:00:00,Daylight,690,13,No,NoIntersection,Normal,3+Vehicles-Chain,RN6 (CHARTONNIERE),M,46.02213705151609,4.023628138154543
201800032290,NonLethal,2018-06-22,13:50:00,Daylight,690,264,Yes,NoIntersection,Normal,2Vehicles-Behind,JOUX  AV DE,M,46.00882566028661,4.008541020461728
201800032291,Lethal,2018-06-30,21:00:00,TwilightOrDawn,690,13,Yes,NoIntersection,Normal,Other,LONGSARD (route de),M,46.02859246558523,4.027661445064402
201800032292,NonLethal,2018-06-24,12:50:00,Daylight,690,264,Yes,X-type,Normal,2Vehicles-BehindVehicles-Frontal,QUARANTAINE  RUE DE LA,M,45.98948514023917,4.9879858776448405
201800032293,NonLethal,2018-09-07,19:30:00,Daylight,690,264,Yes,NoIntersection,Normal,2Vehicles-BehindVehicles-Frontal,PLAGE AV DE LA,M,45.97634680638497,4.976252177674403
201800032294,NonLethal,2018-11-07,14:10:00,Daylight,690,264,Yes,Square,Normal,2Vehicles-Side,RONCEVAUX R,M,45.994525375305486,4.996259807884172
201800032295,Lethal,2018-11-07,09:00:00,Daylight,690,264,Yes,NoIntersection,Normal,Other,BURDEAU   BD ( HORS GEAN,M,45.997478673526686,4.996904698060741
201800032296,NonLethal,2018-07-21,16:50:00,Daylight,690,92,Yes,Roundabout,Normal,2Vehicles-Side,DES PETITES SOEURS (rond,M,45.99356077372799,4.994541575155245
201800032297,NonLethal,2018-07-22,22:18:00,NightStreelightsOn,690,264,Yes,NoIntersection,Normal,NoCollision,FRANS ROUTE DE,M,45.98294832762579,4.983265004297079
201800032298,NonLethal,2018-08-10,14:40:00,Daylight,690,264,Yes,NoIntersection,Normal,Other,BELLEVILLE (rue de),M,45.99832721427221,4.9996723987822165
201800032299,NonLethal,2018-08-21,19:30:00,Daylight,690,264,Yes,X-type,Normal,Other,BRAUN THEODORE  AV,M,45.97875707938924,4.980127266990682
201800032300,NonLethal,2018-08-30,17:15:00,Daylight,690,13,Yes,NoIntersection,Normal,2Vehicles-Behind,JOUX (avenue de),M,46.00962741687235,4.008759662593529
201800032301,NonLethal,2018-09-05,19:00:00,Daylight,690,264,Yes,NoIntersection,Normal,2Vehicles-Behind,BURDEAU   BD ( HORS GEAN,M,45.99706088245239,4.997206812304207
201800032302,NonLethal,2018-09-10,18:40:00,Daylight,690,264,Yes,NoIntersection,Normal,Other,RONCEVAUX R,M,45.995020970005086,4.996114422219973
201800032303,NonLethal,2018-07-09,19:30:00,Daylight,690,264,Yes,NoIntersection,Normal,2Vehicles-Side,HERRIOT EDOUARD  AV,M,45.97936675677442,4.977285889347983
201800032304,NonLethal,2018-11-09,17:00:00,Daylight,690,264,Yes,NoIntersection,Normal,3+Vehicles-Chain,HERRIOT EDOUARD  AV,M,45.98008090312905,4.979209422574066
201800032305,NonLethal,2018-09-18,07:10:00,TwilightOrDawn,690,13,No,Roundabout,Normal,2Vehicles-Side,AVE MARIA(rond point),M,46.02022378272428,4.020962503484792
201800032306,NonLethal,2018-09-22,20:00:00,NightNoStreetLight,690,13,Yes,NoIntersection,Normal,3+Vehicles-Multiple,CHAMBURCY (rue),M,46.01515720044858,4.016280074433301
201800032309,NonLethal,2018-12-10,18:40:00,TwilightOrDawn,690,264,Yes,Roundabout,Normal,2Vehicles-Side,BELLEROCHE (rue de),M,45.98022658325894,4.979926920038253
201800032310,NonLethal,2018-09-25,10:20:00,Daylight,690,13,Yes,NoIntersection,Normal,2Vehicles-Behind,JOUX (avenue de),M,46.00296047301397,4.003042660410494
201800032312,NonLethal,2018-10-24,17:40:00,Daylight,690,264,Yes,NoIntersection,Normal,2Vehicles-Side,FRANS ROUTE DE,M,45.98359372296322,4.982986141418958
201800032313,NonLethal,2018-10-31,05:15:00,NightStreelightsOn,690,264,Yes,Other,Normal,2Vehicles-Side,QUARANTAINE  RUE DE LA,M,45.98225579530587,4.984102130502194
201800032315,NonLethal,2018-11-09,22:20:00,NightStreelightsOn,690,264,Yes,NoIntersection,Normal,Other,GUILLERMET  PIERRE  R,M,45.98489976110811,4.985602874670525
201800032316,NonLethal,2018-11-14,18:20:00,TwilightOrDawn,690,264,Yes,NoIntersection,Normal,2Vehicles-Behind,RENAN ERNEST  R,M,45.98973894947784,4.989094958906193
201800032317,NonLethal,2018-11-22,18:35:00,TwilightOrDawn,690,264,Yes,NoIntersection,Overcast,2Vehicles-Side,BELLEVILLE (rue de),M,45.99060409885039,4.9910750076021415
201800032318,NonLethal,2018-11-23,16:10:00,TwilightOrDawn,690,264,Yes,NoIntersection,HeavyRain,Other,MARTINI JEAN-BAPTISTE  R,M,45.98473382151236,4.985406986808486
201800032319,NonLethal,2018-11-30,07:25:00,NightStreelightsOn,690,13,Yes,NoIntersection,LightRain,2Vehicles-Side,RN6 (CHARTONNIERE),M,46.00779177663189,4.010502924189609
201800032320,NonLethal,2018-12-04,07:20:00,NightStreelightsOn,690,115,Yes,NoIntersection,Normal,Other,CHANTIERS DU BEAUJOLAIS,M,45.97900378100422,4.979452244461708
201800032321,NonLethal,2018-12-09,06:20:00,NightStreelightsOn,690,264,Yes,NoIntersection,Normal,Other,GARET   RUE DU,M,45.98998874958791,4.990018170058916
201800032322,NonLethal,2018-12-13,18:25:00,NightStreelightsOn,690,264,Yes,NoIntersection,Normal,Other,FRANS ROUTE DE,M,45.98424759549924,4.983178352721899
201800032323,NonLethal,2018-01-12,13:05:00,Daylight,690,264,Yes,T-type,Normal,2Vehicles-Side,BRAUN THEODORE  AV,M,45.98167821132786,4.981218126471811
201800032324,NonLethal,2018-12-19,11:40:00,Daylight,690,264,Yes,X-type,LightRain,2Vehicles-Side,SALENGRO ROGER  BD,M,45.997594262351946,4.997613062672258
201800032325,NonLethal,2018-12-21,07:45:00,NightStreelightsOn,690,264,Yes,X-type,Normal,2Vehicles-Side,BERNAND ETIENNE ( boulva,M,45.98595429370901,4.985425214377584
201800032327,NonLethal,2018-01-01,23:05:00,NightStreelightsOn,690,256,Yes,NoIntersection,LightRain,Other,"83, PAUL TESTE",M,45.772432230958856,4.7729774814008925
201800032328,NonLethal,2018-01-02,14:25:00,Daylight,690,290,Yes,NoIntersection,Normal,2Vehicles-Side,JEAN ZAY,M,45.70604312482595,4.707270704206435
201800032329,NonLethal,2018-03-01,20:05:00,NightStreelightsOn,690,266,Yes,X-type,HeavyRain,Other,"63, EMILE ZOLA (Cour",M,45.77056044548432,4.771303823182503
201800032330,NonLethal,2018-01-05,18:20:00,NightNoStreetLight,690,29,Yes,NoIntersection,Normal,2Vehicles-BehindVehicles-Frontal,LOUIS MOUILLARD,M,45.73100233756985,4.730254802364968
201800032331,NonLethal,2018-07-12,11:45:00,Daylight,690,256,Yes,NoIntersection,Normal,Other,POUDRETTE (DE LA),M,45.76273834393999,4.760392577239574
201800032333,NonLethal,2018-01-07,05:35:00,NightStreelightsOn,690,271,No,NoIntersection,Normal,NoCollision,CHARLES DE GAULLE,M,45.7415935864972,4.741693109552598
201800032334,NonLethal,2018-09-01,17:45:00,NightStreelightsOn,690,266,Yes,NoIntersection,Overcast,2Vehicles-Behind,"53, GENAS    (Route de)",M,45.75554851667467,4.755074237848279
201800032335,NonLethal,2018-10-01,07:50:00,Daylight,690,275,Yes,NoIntersection,Normal,2Vehicles-Behind,"29, CHARLES DE GAULLE",M,45.74615422734884,4.747855968256976
201800032336,NonLethal,2018-08-25,00:05:00,NightStreelightsOn,690,266,Yes,T-type,Normal,2Vehicles-Side,JEAN JAURES      (Rue),M,45.75571139161377,4.7545555664620025
201800032337,NonLethal,2018-01-11,07:40:00,TwilightOrDawn,690,266,Yes,T-type,Normal,Other,"91, POUDRETTE     (Rue d",M,45.753252145544174,4.754757867618737
201800032338,NonLethal,2018-01-13,07:45:00,TwilightOrDawn,690,290,Yes,X-type,FogOrSmoke,Other,JULES FERRY,M,45.69569080998787,4.695202236417873
201800032340,NonLethal,2018-01-15,21:50:00,NightStreelightsOn,690,266,Yes,NoIntersection,LightRain,2Vehicles-BehindVehicles-Frontal,"147, LEON BLUM      (Rue",M,45.75866965525345,4.759331984542949
201800032341,NonLethal,2018-01-16,11:10:00,Daylight,690,266,Yes,NoIntersection,LightRain,Other,"., LAURENT BONNEVAY    (",M,45.78823444457132,4.787771163947207
201800032342,NonLethal,2018-01-16,20:10:00,NightStreelightsOn,690,271,Yes,NoIntersection,LightRain,2Vehicles-Side,"3, REPUBLIQUE (DE LA)",M,45.73868883895667,4.7389647855362265
201800032343,NonLethal,2018-01-17,14:10:00,Daylight,690,266,Yes,NoIntersection,Normal,Other,"20, PIERRE CACARD     (R",M,45.76494512278388,4.766863785401487
201800032344,NonLethal,2018-01-17,18:40:00,NightStreelightsOn,690,266,Yes,NoIntersection,Normal,Other,"40, CHEVREUL   (Rue)",M,45.7644918913124,4.762508414541527
201800032345,NonLethal,2018-01-18,11:05:00,Daylight,690,266,Yes,X-type,Normal,2Vehicles-Side,11 NOVEMBRE 1918    (Bou,M,45.77847746522291,4.779108247587256
201800032346,NonLethal,2018-01-17,07:30:00,Daylight,690,29,Yes,NoIntersection,Normal,2Vehicles-Side,"378, GENAS (DE)",M,45.74512457428178,4.7447980091076
201800032347,NonLethal,2018-01-19,08:05:00,TwilightOrDawn,690,290,Yes,X-type,Normal,2Vehicles-Behind,"94, JEAN JAURES",M,45.69670183863048,4.698567509018647
201800032348,NonLethal,2018-01-19,14:35:00,Daylight,690,266,Yes,T-type,Normal,Other,EMILE ZOLA     (Cours),M,45.76561213740315,4.7658391591287215
201800032349,NonLethal,2018-01-21,14:00:00,Daylight,690,256,Yes,NoIntersection,LightRain,NoCollision,GASTON MONMOUSSEAU,M,45.77954739784199,4.779423052298726
201800032350,NonLethal,2018-01-21,23:45:00,NightStreelightsOn,690,275,Yes,X-type,LightRain,Other,JEAN JAURES,M,45.7719083326002,4.771276483987956
201800032351,NonLethal,2018-01-23,07:45:00,TwilightOrDawn,690,290,Yes,X-type,Overcast,2Vehicles-Side,TEMPS MODERNES (DES),M,45.707485407166274,4.7102152212268456
201800032352,NonLethal,2018-01-22,17:08:00,TwilightOrDawn,690,290,Yes,Roundabout,LightRain,2Vehicles-Side,"1, AVIATION (DE L')",M,45.70693336083208,4.70803482339523
201800032353,NonLethal,2018-01-21,20:35:00,NightStreelightsOn,690,29,Yes,NoIntersection,Overcast,Other,"7, MARECHAL DE LATTRE DE",M,45.72950809188488,4.730723162294559
201800032354,NonLethal,2018-01-25,13:00:00,Daylight,690,256,Yes,X-type,Normal,2Vehicles-Side,DROITS DE L'HOMME (DES),M,45.764894462199535,4.7635998953019545
201800032355,NonLethal,2018-01-25,16:10:00,Daylight,690,282,Yes,T-type,Overcast,2Vehicles-Side,"99, POMMIER (DE)",M,45.77907500645277,5.778432770293232
201800032357,NonLethal,2018-01-26,08:15:00,Daylight,690,266,Yes,X-type,LightRain,3+Vehicles-Multiple,ALLIES    (Rue des),M,45.77813312170715,4.77700118826381
201800032358,NonLethal,2018-01-31,08:50:00,Daylight,690,266,Yes,X-type,Normal,2Vehicles-Side,"55, LOUIS GUERIN     (Ru",M,45.7737290628704,4.772963131011524
201800032359,NonLethal,2018-01-02,07:25:00,NightStreelightsOn,690,282,Yes,NoIntersection,LightRain,Other,"115, LUCIEN BUISSON",M,45.7660039857566,4.765859478648881
201800032360,NonLethal,2018-02-01,08:30:00,Daylight,690,275,Yes,T-type,LightRain,Other,"., SILVIN",M,45.771110122992994,4.771302995593056
201800032361,NonLethal,2018-01-29,13:45:00,Daylight,690,290,Yes,NoIntersection,Normal,2Vehicles-Side,"87, REVAISON (DE)",M,45.70564372962721,4.702910289129759
201800032363,NonLethal,2018-05-02,08:45:00,Daylight,690,290,Yes,NoIntersection,SnowOrHail,Other,"590, TROISIEME MILLENAIR",M,45.71249458541383,4.711522757810124
201800032364,NonLethal,2018-02-06,06:35:00,NightStreelightsOn,690,29,Yes,NoIntersection,Overcast,2Vehicles-BehindVehicles-Frontal,"32, FRANKLIN ROOSEVELT",M,45.73733234700167,4.737727881840937
201800032365,NonLethal,2018-02-06,08:35:00,Daylight,690,266,Yes,Y-type,Normal,Other,"8, PIATON        (Avenue",M,45.77360025174613,4.773236523890732
201800032366,NonLethal,2018-02-06,19:05:00,NightStreelightsOn,690,282,Yes,Roundabout,LightRain,2Vehicles-Side,"., 18 JUIN 40 (DU)",M,45.77004317683222,4.770646295552792
201800032367,NonLethal,2018-02-06,18:20:00,NightStreelightsOn,690,275,Yes,Y-type,LightRain,Other,"., VERDUN (DE)",M,45.76356453315631,4.763254636257469
201800032369,NonLethal,2018-11-02,05:30:00,NightStreelightsOn,690,29,Yes,NoIntersection,Normal,Other,"269, PINEL",M,45.7257828652724,4.726442849980706
201800032370,NonLethal,2018-02-13,08:35:00,Daylight,690,29,Yes,NoIntersection,Normal,Other,"06, DOYEN JEAN LEPINE (D",M,45.74934940363634,4.749939763203724
201800032371,NonLethal,2018-02-15,07:10:00,NightStreelightsOn,690,29,Yes,NoIntersection,LightRain,2Vehicles-Behind,UNIVERSITE  (DE L'),M,45.725055361412,4.725368993369188
201800032372,NonLethal,2018-02-15,12:30:00,Daylight,690,29,Yes,Roundabout,Normal,2Vehicles-Side,PIERRE MENDES FRANCE,M,45.72527150586492,4.724426505472248
201800032373,NonLethal,2018-02-17,18:35:00,NightStreelightsOn,690,29,Yes,NoIntersection,Overcast,2Vehicles-Side,"., PIERRE MENDES FRANCE",M,45.7244474994919,4.723618381516348
201800032374,NonLethal,2018-02-23,16:50:00,Daylight,690,266,Yes,NoIntersection,Normal,Other,"416, EMILE ZOLA     (Cou",M,45.76503638449284,4.764335523652841
201800032376,NonLethal,2018-02-23,20:15:00,NightStreelightsOn,690,275,Yes,X-type,Normal,2Vehicles-Side,"., EMILE ZOLA",M,45.76543476358642,4.763213889743112
201800032377,NonLethal,2018-02-25,02:50:00,NightStreelightsOff,690,282,Yes,NoIntersection,Overcast,2Vehicles-BehindVehicles-Frontal,"., VERDUN (DE)",M,45.779373688210846,4.779717117729712
201800032378,NonLethal,2018-02-26,13:25:00,Daylight,690,256,Yes,NoIntersection,Normal,Other,"24, GEORGES DIMITROV",M,45.77677836027707,4.776612093447849
201800032379,NonLethal,2018-02-26,18:10:00,TwilightOrDawn,690,266,Yes,T-type,Normal,2Vehicles-Side,"32, JEAN JAURES      (Ru",M,45.75632920320752,4.756432726097274
201800032381,NonLethal,2018-02-26,14:05:00,Daylight,690,256,Yes,NoIntersection,Normal,Other,"., MAURICE THOREZ",M,45.7845780634313,4.785196952086305
201800032382,NonLethal,2018-02-28,12:20:00,Daylight,690,266,Yes,NoIntersection,Overcast,3+Vehicles-Chain,"84, EMILE ZOLA     (Cour",M,45.77055104074352,4.770715533659468
201800032383,NonLethal,2018-03-01,00:20:00,NightStreelightsOn,690,266,Yes,X-type,SnowOrHail,2Vehicles-Side,"336, EMILE ZOLA     (Cou",M,45.76614512310088,4.766322792205377
201800032384,NonLethal,2018-01-26,07:26:00,NightStreelightsOn,690,275,Yes,NoIntersection,LightRain,Other,"112, JEAN JAURES",M,45.76963701807347,4.7681243298911165
201800032386,NonLethal,2018-03-04,21:00:00,NightStreelightsOn,690,290,Yes,T-type,LightRain,2Vehicles-Side,"1, JULES FERRY",M,45.696707527808414,4.693473916777316
201800032387,NonLethal,2018-03-07,07:40:00,Daylight,690,266,Yes,NoIntersection,Normal,Other,"02, SEVERINE       (Rue)",M,45.75409775809971,4.753328381376778
201800032388,NonLethal,2018-08-03,23:50:00,NightStreelightsOn,690,266,Yes,NoIntersection,Normal,Other,"0, LAURENT BONNEVAY (Gar",M,45.765101780093154,4.766480721899464
201800032389,NonLethal,2018-09-03,23:35:00,NightStreelightsOn,690,282,Yes,T-type,LightRain,2Vehicles-Side,REPUBLIQUE (DE),M,45.76742777418957,5.765750253900992
201800032391,NonLethal,2018-03-10,11:15:00,Daylight,690,282,Yes,NoIntersection,Normal,2Vehicles-Side,"9, CLAUDE MONET",M,45.76754498871709,4.768139299776258
201800032392,NonLethal,2018-12-03,14:10:00,Daylight,690,290,Yes,Y-type,Normal,2Vehicles-Side,COMMANDANT CHARCOT,M,45.686729055763024,4.685773645096571
201800032393,NonLethal,2018-02-15,03:50:00,NightStreelightsOn,690,266,Yes,X-type,LightRain,Other,"., GABRIEL PERI",M,45.769356161667645,4.76950111187521
201800032395,NonLethal,2018-03-15,21:05:00,NightStreelightsOn,690,275,Yes,X-type,Normal,2Vehicles-Side,"., JEAN JAURES",M,45.770320297773296,4.769358286659012
201800032397,NonLethal,2018-03-16,19:50:00,TwilightOrDawn,690,290,Yes,NoIntersection,LightRain,Other,"33, PIERRE MENDES FRANCE",M,45.69448308557774,4.694167943697074
201800032398,NonLethal,2018-03-19,05:25:00,NightNoStreetLight,690,290,Yes,NoIntersection,Normal,Other,LYONNAIS (DU),M,45.69695332127065,4.697649720053147
201800032399,NonLethal,2018-03-19,16:00:00,Daylight,690,275,Yes,LevelCrossing,Normal,2Vehicles-Side,"l5, FRATERNITE (DE LA)",M,45.77097089824023,4.773983436020713
201800032400,NonLethal,2018-06-03,12:00:00,Daylight,690,290,Yes,NoIntersection,Normal,Other,"32, ARISTIDE BRIAND (D 5",M,45.69204388839347,4.692159934839462
201800032401,NonLethal,2018-03-23,16:15:00,Daylight,690,266,Yes,NoIntersection,Normal,2Vehicles-BehindVehicles-Frontal,POUDRETTE     (Rue de la,M,45.75557745980059,4.7567129488652045
201800032403,NonLethal,2018-03-24,12:10:00,Daylight,690,266,Yes,T-type,Normal,Other,"., HONORE DE BALZAC   (B",M,45.75679151036262,4.7564436593614605
201800032404,NonLethal,2018-03-23,15:45:00,Daylight,690,282,Yes,NoIntersection,Normal,Other,"10, CROTTAY (DU)",M,45.76079710201152,5.756915305140933
201800032405,NonLethal,2018-03-24,17:40:00,Daylight,690,266,No,NoIntersection,Normal,Other,"31, EMILE ZOLA     (Cour",M,45.77164206611828,4.772082433785952
201800032406,NonLethal,2018-02-27,17:45:00,TwilightOrDawn,690,256,Yes,NoIntersection,LightRain,Other,"C2, JEAN MOULIN",M,45.78918971938657,4.789059318200716
201800032407,NonLethal,2018-03-28,17:00:00,Daylight,690,256,Yes,T-type,Normal,Other,GABRIEL PERI,M,45.77994581314175,4.779561488569972
201800032408,NonLethal,2018-03-25,19:00:00,TwilightOrDawn,690,282,Yes,NoIntersection,Normal,2Vehicles-Side,"80, VERDUN (DE)",M,45.778442836747566,4.777219280228312
201800032409,NonLethal,2018-03-30,18:45:00,TwilightOrDawn,690,282,Yes,NoIntersection,Overcast,2Vehicles-Behind,PAUL CEZANNE,M,45.76702173024313,4.764881726690181
201800032410,NonLethal,2018-03-30,23:40:00,NightStreelightsOn,690,29,Yes,Y-type,Normal,Other,PARC (DU),M,45.73228328841785,4.732619333115915
201800032411,NonLethal,2018-04-03,15:45:00,Daylight,690,290,Yes,T-type,Normal,2Vehicles-Side,ALSACE (D'),M,45.71856555794691,4.718056489157575