AccidentId,Gravity,Date,Hour,Light,Department,Commune,InAgglomeration,IntersectionType,Weather,CollisionType,PostalAddress,GPSCode,Latitude,Longitude
201800032413,NonLethal,2018-04-04,16:30:00,Daylight,690,266,Yes,Roundabout,Normal,2Vehicles-Side,POUDRETTE     (Rue de la,M,45.75677644280741,4.757520156509594
201800032414,NonLethal,2018-04-06,07:10:00,Daylight,690,266,Yes,NoIntersection,Normal,2Vehicles-Side,GENAS    (Route de),M,45.75195004769662,4.751723007041773
201800032416,NonLethal,2018-04-06,19:40:00,Daylight,690,256,Yes,NoIntersection,Normal,2Vehicles-Side,FULGENCIO GIMENEZ,M,45.75173326525414,4.751311993186639
201800032418,NonLethal,2018-04-08,09:25:00,Daylight,690,266,Yes,NoIntersection,Normal,Other,EMILE ZOLA     (Cours),M,45.76592119308231,4.764532869226246
201800032419,NonLethal,2018-08-04,22:30:00,NightStreelightsOn,690,256,Yes,NoIntersection,Normal,2Vehicles-BehindVehicles-Frontal,TITTA COIS,M,45.77046929761456,4.772338962443234
201800032420,NonLethal,2018-04-01,16:25:00,Daylight,690,256,Yes,NoIntersection,Normal,2Vehicles-Behind,JEAN MOULIN,M,45.788091097114304,4.789079604356501
201800032421,NonLethal,2018-10-04,16:30:00,Daylight,690,275,Yes,Other,Normal,Other,SULLY,M,45.77032530988577,4.770002577747595
201800032422,NonLethal,2018-04-11,17:35:00,Daylight,690,266,Yes,X-type,Normal,2Vehicles-BehindVehicles-Frontal,EMILE ZOLA     (Cours),M,45.77107202221893,4.770153803755245
201800032423,NonLethal,2018-04-13,18:30:00,Daylight,690,266,Yes,NoIntersection,Normal,2Vehicles-BehindVehicles-Frontal,4 AOUT 1789    (Rue du),M,45.765753958641135,4.765100976670229
201800032424,NonLethal,2018-04-14,09:40:00,Daylight,690,271,Yes,NoIntersection,LightRain,Other,GENAS (DE),M,45.74716166055317,4.748292467457143
201800032425,NonLethal,2018-04-15,14:50:00,Daylight,690,256,Yes,NoIntersection,Normal,Other,LOUIS DUCLOS PROLONGEE,M,45.79747895649744,4.7963751807027215
201800032426,NonLethal,2018-04-15,16:10:00,Daylight,690,271,Yes,X-type,Normal,2Vehicles-BehindVehicles-Frontal,CHARLES DE GAULLE,M,45.743530693132,4.7438039933928815
201800032427,NonLethal,2018-04-16,19:06:00,Daylight,690,256,Yes,NoIntersection,Normal,Other,GABRIEL PERI,M,45.77419297832935,4.7764658970818745
201800032428,NonLethal,2018-04-17,17:25:00,Daylight,690,266,Yes,X-type,Normal,2Vehicles-BehindVehicles-Frontal,PAUL KRUGER      (Avenue,M,45.75547345719993,4.75521105987206
201800032429,NonLethal,2018-04-18,12:05:00,Daylight,690,290,Yes,NoIntersection,Normal,3+Vehicles-Multiple,JEAN ZAY,M,45.70574376856408,4.704248502135185
201800032430,NonLethal,2018-04-21,13:15:00,Daylight,690,256,Yes,X-type,VeryGood,2Vehicles-Side,HENRI BARBUSSE,M,45.7843213852626,4.784414252018278
201800032431,NonLethal,2018-04-20,19:40:00,Daylight,690,29,Yes,NoIntersection,Normal,NoCollision,PIERRE BROSSOLETTE,M,45.74638383267393,4.74522352440941
201800032432,NonLethal,2018-04-17,08:00:00,Daylight,690,256,Yes,X-type,Normal,2Vehicles-Side,DROITS DE L'HOMME (DES),M,45.75374024058313,4.753683939441487
201800032433,NonLethal,2018-04-19,15:30:00,Daylight,690,290,Yes,NoIntersection,Normal,2Vehicles-Side,ST BONNET DE MURE (DE),M,45.73835290261183,4.739185826455572
201800032435,NonLethal,2018-04-25,08:30:00,Daylight,690,275,Yes,NoIntersection,Normal,2Vehicles-Side,CHARLES DE GAULLE,M,45.74536421637601,4.74641385588444
201800032436,NonLethal,2018-04-25,08:40:00,Daylight,690,266,Yes,NoIntersection,Normal,Other,PIERRE JOSEPH PROUDHON,M,45.77428075111731,4.77268310989346
201800032437,NonLethal,2018-04-23,18:40:00,Daylight,690,282,Yes,X-type,Normal,2Vehicles-Side,POMMIER (DE),M,45.77925089371992,5.778790659304155
201800032438,NonLethal,2018-04-26,08:20:00,Daylight,690,266,Yes,T-type,Normal,2Vehicles-Side,EMILE ZOLA     (Cours),M,45.76637990545291,4.765281127769651
201800032439,NonLethal,2018-04-21,18:40:00,Daylight,690,275,Yes,T-type,Normal,2Vehicles-Behind,SULLY,M,45.76964496235231,4.767724455938367
201800032440,NonLethal,2018-04-27,13:55:00,Daylight,690,256,Yes,T-type,Normal,2Vehicles-Side,PABLO PICASSO,M,45.77528610860319,4.773892265636948
201800032441,NonLethal,2018-04-27,23:35:00,NightStreelightsOn,690,271,Yes,NoIntersection,Normal,2Vehicles-Behind,LYON (DE),M,45.741815393068016,4.741963170446814
201800032443,NonLethal,2018-05-05,10:30:00,Daylight,690,266,Yes,X-type,Normal,Other,DEDIEU     (Rue),M,45.7711383610954,4.7688499037376975
201800032444,NonLethal,2018-05-09,15:40:00,Daylight,690,266,Yes,X-type,Normal,2Vehicles-Side,GENAS    (Route de),M,45.747598457486845,4.749345163994537
201800032446,NonLethal,2018-05-14,12:31:00,Daylight,690,266,Yes,NoIntersection,Overcast,Other,POUDRETTE     (Rue de la,M,45.75521716842589,4.756883767195646
201800032447,NonLethal,2018-05-15,18:45:00,Daylight,690,256,Yes,X-type,Normal,2Vehicles-Side,GENAS (DE),M,45.74847337944929,4.749385053903923
201800032448,NonLethal,2018-05-15,16:15:00,Daylight,690,29,Yes,NoIntersection,Normal,2Vehicles-Side,DOYEN JEAN LEPINE (DU),M,45.74717880689587,4.747329784867639
201800032449,NonLethal,2018-05-16,05:00:00,NightStreelightsOn,690,275,Yes,X-type,Normal,2Vehicles-Side,FRATERNITE (DE LA),M,45.771492115405614,4.773469054543611
201800032450,NonLethal,2018-05-16,16:55:00,Daylight,690,282,Yes,NoIntersection,Normal,Other,MELINA MERCOURI,M,45.76685777821234,5.767398124679343
201800032451,NonLethal,2018-05-17,20:00:00,TwilightOrDawn,690,256,No,NoIntersection,Normal,NoCollision,MORLET (DU),M,45.8030391363194,4.799218454002308
201800032453,NonLethal,2018-05-21,22:25:00,NightStreelightsOn,690,256,Yes,Other,Normal,2Vehicles-Side,GARIBALDI,M,45.76629087752377,4.767698651395846
201800032454,NonLethal,2018-05-18,14:15:00,Daylight,690,290,Yes,Other,Normal,Other,ST BONNET DE MURE (DE),M,45.68938839819057,4.688439968529882
201800032455,NonLethal,2018-05-16,17:00:00,Daylight,690,256,Yes,NoIntersection,Normal,NoCollision,GRANDCLEMENT,M,45.774167939421766,4.77239131703602
201800032456,NonLethal,2018-05-22,16:50:00,Daylight,690,290,Yes,Roundabout,Normal,Other,ROSES (DES),M,45.68600803213748,4.685294567961894
201800032460,NonLethal,2018-05-28,12:30:00,Daylight,690,266,Yes,NoIntersection,Normal,2Vehicles-BehindVehicles-Frontal,BEL AIR   (Avenue de),M,45.75767017580972,4.75966937632732
201800032461,NonLethal,2018-05-30,20:55:00,TwilightOrDawn,690,256,Yes,NoIntersection,LightRain,Other,GABRIEL PERI,M,45.77131674099317,4.771197816540028
201800032462,NonLethal,2018-05-26,19:50:00,Daylight,690,282,Yes,X-type,Normal,2Vehicles-BehindVehicles-Frontal,VERDUN (DE)     RD6,M,45.78436738474079,5.782113219283755
201800032463,NonLethal,2018-05-31,20:50:00,TwilightOrDawn,690,282,Yes,NoIntersection,Normal,Other,LIBERATION (DE LA),M,45.77641279945034,4.778198812596598
201800032464,NonLethal,2018-06-02,17:40:00,Daylight,690,266,Yes,NoIntersection,Normal,2Vehicles-Side,GENAS    (Route de),M,45.75087553552464,4.752555042050971
201800032465,NonLethal,2018-05-31,19:30:00,TwilightOrDawn,690,290,No,NoIntersection,Normal,2Vehicles-BehindVehicles-Frontal,DAUPHINE (DU),M,45.71257301315789,4.710705447220936
201800032466,NonLethal,2018-02-06,17:55:00,Daylight,690,256,Yes,NoIntersection,Normal,2Vehicles-Side,GEORGES DIMITROV,M,45.77847495715567,4.776554025329298
201800032467,NonLethal,2018-04-06,21:40:00,TwilightOrDawn,690,290,Yes,T-type,LightRain,2Vehicles-Side,GARE (DE LA),M,45.68958598207209,4.688919910866974
201800032468,NonLethal,2018-05-06,08:55:00,Daylight,690,266,Yes,X-type,Normal,Other,STALINGRAD    (Boulevard,M,45.77946658612664,4.779656117633951
201800032469,NonLethal,2018-06-06,17:24:00,Daylight,690,266,Yes,X-type,Normal,2Vehicles-BehindVehicles-Frontal,JEAN JAURES      (Rue),M,45.75738804289836,4.75773286219358
201800032471,NonLethal,2018-06-07,17:15:00,Daylight,690,256,No,NoIntersection,Overcast,NoCollision,HALAGE (DE) NORD,M,45.77443134064092,4.7749907175338615
201800032472,NonLethal,2018-06-09,17:30:00,Daylight,690,266,Yes,T-type,Normal,2Vehicles-Side,COLIN     (Rue),M,45.77447414618997,4.77280510808921
201800032474,NonLethal,2018-09-06,18:50:00,Daylight,690,282,Yes,Other,Normal,2Vehicles-Side,CLAUDE MONET,M,45.76776901756682,4.767944924457035
201800032475,NonLethal,2018-12-06,06:50:00,Daylight,690,29,Yes,NoIntersection,Normal,Other,35EME REGIMENT D'AVIATIO,M,45.73705774943853,4.736519590364172
201800032476,NonLethal,2018-06-12,19:09:00,Daylight,690,266,Yes,NoIntersection,HeavyRain,Other,GREUZE    (Rue),M,45.76597608876936,4.768205309349296
201800032477,NonLethal,2018-06-13,18:40:00,Daylight,690,266,Yes,X-type,Normal,2Vehicles-Side,EDOUARD VAILLANT      (R,M,45.778046606267445,4.779472461874884
201800032478,NonLethal,2018-06-17,01:25:00,NightStreelightsOn,690,266,Yes,X-type,Normal,2Vehicles-Side,TOLSTOI    (Cours),M,45.76424831002882,4.761611496033688
201800032479,NonLethal,2018-06-18,12:20:00,Daylight,690,266,Yes,NoIntersection,Normal,Other,8 MAI 1945   (Rue du),M,45.779223678511656,4.779431304873734
201800032481,NonLethal,2018-06-20,07:00:00,Daylight,690,266,Yes,NoIntersection,Normal,Other,MAISONS NEUVES   (Place,M,45.75870635410876,4.752217569760466
201800032482,NonLethal,2018-06-19,17:10:00,Daylight,690,275,Yes,NoIntersection,Normal,Other,EMILE ZOLA,M,45.76393563619746,4.7647294451354
201800032483,NonLethal,2018-06-20,16:20:00,Daylight,690,266,Yes,T-type,Normal,2Vehicles-Side,ANTONIN PERRIN     (Rue),M,45.75830116678284,4.759380191331907
201800032484,NonLethal,2018-06-19,17:20:00,Daylight,690,266,Yes,X-type,Normal,2Vehicles-Side,EMILE ZOLA     (Cours),M,45.77042240011774,4.77021562860161
201800032485,NonLethal,2018-06-20,20:00:00,Daylight,690,266,Yes,NoIntersection,Normal,Other,SEVERINE       (Rue),M,45.752140459449706,4.7524198665853685
201800032486,NonLethal,2018-06-22,16:30:00,Daylight,690,256,Yes,NoIntersection,Normal,Other,GEORGES DIMITROV,M,45.77785095707318,4.777751951204645
201800032487,NonLethal,2018-06-22,19:05:00,Daylight,690,282,Yes,X-type,Normal,2Vehicles-Side,JOSEPH DESBOIS,M,45.77972939744382,5.780192688711669
201800032488,NonLethal,2018-06-22,19:55:00,Daylight,690,256,Yes,NoIntersection,Normal,NoCollision,BOLHEN   (DE),M,45.76616823048787,4.763967535340671
201800032489,NonLethal,2018-06-24,20:51:00,TwilightOrDawn,690,290,Yes,NoIntersection,Normal,Other,AMBROISE PARE,M,45.7110814328644,4.710441268310053
201800032490,NonLethal,2018-06-25,07:35:00,Daylight,690,266,Yes,X-type,Normal,2Vehicles-Side,GENAS    (Route de),M,45.75364880650557,4.753922417729585
201800032491,NonLethal,2018-06-26,13:45:00,Daylight,690,256,Yes,NoIntersection,Normal,2Vehicles-BehindVehicles-Frontal,CHARLES DE GAULLE,M,45.78057814903806,4.781255967913756
201800032493,NonLethal,2018-06-28,16:45:00,Daylight,690,29,Yes,Y-type,VeryGood,2Vehicles-Side,8 MAI 1945 (DU),M,45.7258264184217,4.726480708525911
201800032494,Lethal,2018-06-30,12:00:00,Daylight,690,29,Yes,NoIntersection,Normal,Other,PARC (DU),M,45.73275689771117,4.733290171707622
201800032495,NonLethal,2018-01-07,22:15:00,NightStreelightsOn,690,29,Yes,T-type,Normal,2Vehicles-Side,LIONEL TERRAY,M,45.72692656656589,4.726168528835142
201800032496,NonLethal,2018-06-29,07:20:00,TwilightOrDawn,690,256,Yes,X-type,Normal,2Vehicles-Side,DROITS DE L'HOMME (DES),M,45.74921854683755,4.750630771892326
201800032497,NonLethal,2018-07-02,20:00:00,Daylight,690,29,Yes,NoIntersection,Normal,Other,DROITS DE L'HOMME (DES),M,45.72919042077684,4.7305185265986935
201800032498,NonLethal,2018-06-17,19:00:00,TwilightOrDawn,690,282,Yes,T-type,Normal,2Vehicles-Side,JEAN JAURES,M,45.776726053249895,5.7771358754952296
201800032499,NonLethal,2018-04-07,18:50:00,Daylight,690,290,Yes,Roundabout,Normal,2Vehicles-Behind,JEAN MONNET,M,45.72528796168812,4.723659326560105
201800032500,NonLethal,2018-08-07,10:20:00,Daylight,690,275,No,NoIntersection,Normal,2Vehicles-Side,ELISEE RECLUS,M,45.75377869683832,4.753380465618914
201800032501,NonLethal,2018-07-09,10:35:00,Daylight,690,266,Yes,NoIntersection,Normal,Other,ALEXIS PERRONCEL     (Ru,M,45.775663652262,4.774764826807817
201800032502,NonLethal,2018-07-10,22:25:00,NightStreelightsOn,690,266,Yes,X-type,Normal,Other,JEAN JAURES      (Rue),M,45.75594242200631,4.7552268184909225
201800032503,NonLethal,2018-11-07,21:45:00,TwilightOrDawn,690,290,Yes,NoIntersection,Normal,2Vehicles-Side,ARISTIDE BRIAND (D 518),M,45.69374048784189,4.69250631100521
201800032504,NonLethal,2018-12-07,07:35:00,Daylight,690,266,Yes,NoIntersection,Normal,2Vehicles-Side,ROGER SALENGRO     (Aven,M,45.78241201475674,4.784470614751331
201800032506,NonLethal,2018-07-12,14:15:00,Daylight,690,266,Yes,MoreThan4Branches,Normal,2Vehicles-Side,EMILE ZOLA     (Cours),M,45.761794327400736,4.762517444912304
201800032507,NonLethal,2018-07-14,03:30:00,NightStreelightsOn,690,290,Yes,NoIntersection,Normal,2Vehicles-BehindVehicles-Frontal,8 MAI 1945 (DU),M,45.69036690085744,4.692856372128595
201800032509,NonLethal,2018-07-18,09:30:00,Daylight,690,290,Yes,NoIntersection,Normal,3+Vehicles-Chain,MIONS (DE),M,45.681590003319634,4.6800910026751685
201800032510,NonLethal,2018-07-17,19:55:00,Daylight,690,256,Yes,Other,Normal,2Vehicles-Side,FRANKLIN ROOSEVELT,M,45.75858743612301,4.758130901626999
201800032511,NonLethal,2018-07-19,06:30:00,Daylight,690,282,Yes,MoreThan4Branches,Normal,2Vehicles-Side,LIBERATION (DE LA),M,45.77396531653828,4.776362768453281
201800032514,NonLethal,2018-07-19,23:05:00,NightStreelightsOn,690,290,Yes,NoIntersection,Normal,Other,INDUSTRIE (DE L'),M,45.68929266594169,4.688806951793333
201800032515,NonLethal,2018-07-25,14:00:00,Daylight,690,256,Yes,X-type,Normal,2Vehicles-Side,EMILE ZOLA,M,45.77644905436724,4.777092990316517
201800032516,NonLethal,2018-07-25,17:05:00,Daylight,690,266,Yes,NoIntersection,VeryGood,Other,MAISONS NEUVES   (Place,M,45.755181215331234,4.754904847828118
201800032517,NonLethal,2018-07-27,17:10:00,Daylight,690,29,Yes,NoIntersection,Normal,Other,MARCEL BRAMET,M,45.74490767969603,4.745485813234367
201800032518,NonLethal,2018-07-29,12:00:00,Daylight,690,266,Yes,X-type,VeryGood,2Vehicles-Side,GENAS    (Route de),M,45.750688084694936,4.748975817023386
201800032519,NonLethal,2018-07-27,16:20:00,Daylight,690,256,Yes,NoIntersection,Normal,3+Vehicles-Multiple,EGALITE (DE L'),M,45.78360220604622,4.784543309005893
201800032520,NonLethal,2018-08-03,14:25:00,Daylight,690,266,Yes,NoIntersection,Normal,2Vehicles-Behind,EUGENE REGUILLON     (Bo,M,45.75801182781424,4.760506118097284
201800032521,NonLethal,2018-03-08,17:10:00,Daylight,690,266,Yes,X-type,Normal,2Vehicles-Side,GENAS    (Route de),M,45.75121236077665,4.750267655560189
201800032522,NonLethal,2018-03-08,20:00:00,Daylight,690,290,Yes,X-type,Normal,2Vehicles-BehindVehicles-Frontal,CONDORCET,M,45.70279190340002,4.703767477457271
201800032523,NonLethal,2018-04-08,11:55:00,Daylight,690,282,Yes,NoIntersection,Normal,Other,REPUBLIQUE (DE),M,45.76725143583192,4.764978264729316
201800032524,NonLethal,2018-08-08,13:00:00,Daylight,690,266,Yes,Y-type,Normal,2Vehicles-Side,8 MAI 1945   (Rue du),M,45.78092867298437,4.781621080470928
201800032526,NonLethal,2018-11-08,18:30:00,Daylight,690,266,Yes,X-type,Normal,2Vehicles-Side,EMILE ZOLA     (Cours),M,45.77194627633778,4.769825871006361
201800032527,NonLethal,2018-08-12,04:40:00,NightStreelightsOn,690,256,Yes,NoIntersection,Normal,Other,MARCEL CACHIN,M,45.78256932318509,4.78191535404358
201800032528,NonLethal,2018-08-13,22:27:00,NightStreelightsOn,690,29,Yes,NoIntersection,Normal,2Vehicles-Side,BOUTASSE,M,45.73377558138432,4.73608069201415
201800032529,NonLethal,2018-08-15,23:00:00,NightStreelightsOn,690,256,Yes,X-type,Normal,2Vehicles-BehindVehicles-Frontal,8 MAI 1945 (DU),M,45.78642532313881,4.787143296435294
201800032530,NonLethal,2018-08-20,08:30:00,Daylight,690,266,Yes,X-type,Normal,2Vehicles-Side,ANTONIN PERRIN     (Rue),M,45.75474991248893,4.754657375163201
201800032531,NonLethal,2018-08-21,08:15:00,Daylight,690,290,Yes,NoIntersection,Normal,Other,DOCTEUR GALLAVARDIN (DU),M,45.68969604524992,4.693121877104221
201800032532,NonLethal,2018-08-22,18:05:00,TwilightOrDawn,690,256,Yes,NoIntersection,Normal,2Vehicles-Behind,GARIBALDI,M,45.76551165756667,4.7688905517512525
201800032533,NonLethal,2018-08-25,16:00:00,Daylight,690,290,Yes,NoIntersection,Normal,Other,CHARLES OTTINA,M,45.69342099188953,4.693332737720766
201800032534,NonLethal,2018-08-25,22:00:00,NightStreelightsOn,690,290,Yes,T-type,Normal,Other,CHARLIE CHAPLIN,M,45.71013790874791,4.712089191190468
201800032535,NonLethal,2018-08-26,09:10:00,Daylight,690,256,Yes,X-type,Normal,Other,ROBERT SABY,M,45.78569364911824,4.78565672296001
201800032536,NonLethal,2018-08-24,09:00:00,Daylight,690,271,Yes,Roundabout,Normal,2Vehicles-Behind,DAUPHINE (DU),M,45.732601392643446,4.735265637543731
201800032537,NonLethal,2018-08-31,13:15:00,Daylight,690,290,No,T-type,Normal,2Vehicles-Side,ST BONNET DE MURE (DE),M,45.69130945528408,4.692287648796103
201800032538,NonLethal,2018-02-09,11:15:00,Daylight,690,266,Yes,NoIntersection,Normal,Other,8 MAI l945   (Rue du),M,45.781726350670695,4.781613425039793
201800032539,NonLethal,2018-09-01,12:10:00,Daylight,690,256,Yes,X-type,Normal,2Vehicles-Side,FRANKLIN ROOSEVELT,M,45.75018420468983,4.7492681488573885
201800032540,NonLethal,2018-09-03,18:30:00,Daylight,690,275,No,NoIntersection,Normal,2Vehicles-Side,GRAVIER BLANC (DU),M,45.79810875583949,4.797511256535777
201800032542,NonLethal,2018-06-09,08:29:00,Daylight,690,256,Yes,NoIntersection,Overcast,2Vehicles-BehindVehicles-Frontal,MARIUS GROSSO,M,45.76520938360648,4.764604306026279
201800032543,NonLethal,2018-06-09,14:00:00,Daylight,690,29,Yes,NoIntersection,Overcast,NoCollision,GENAS (DE),M,45.74958898872831,4.748334880326736
201800032544,NonLethal,2018-07-09,00:40:00,NightStreelightsOn,690,256,Yes,NoIntersection,Normal,2Vehicles-Side,BOLHEN   (DE),M,45.76600157226013,4.76605966733364
201800032545,NonLethal,2018-07-09,07:20:00,Daylight,690,271,Yes,NoIntersection,Normal,Other,ORESTE ZENEZINI,M,45.74464652555875,4.744615011082734
201800032546,NonLethal,2018-09-08,19:35:00,TwilightOrDawn,690,266,Yes,T-type,Normal,2Vehicles-Side,GENAS    (Route de),M,45.75537153291801,4.753518469926908
201800032548,NonLethal,2018-09-11,07:15:00,Daylight,690,266,Yes,X-type,Normal,2Vehicles-Side,TOLSTOI    (Cours),M,45.76315106870567,4.762168817841352
201800032549,NonLethal,2018-09-11,08:00:00,Daylight,690,29,Yes,NoIntersection,Normal,Other,GENAS (DE),M,45.74815415025368,4.747279165764654
201800032550,NonLethal,2018-09-11,06:50:00,Daylight,690,282,Yes,NoIntersection,Normal,Other,VERDUN (DE),M,45.78655566957245,5.787251542082868
201800032551,NonLethal,2018-11-09,17:15:00,Daylight,690,256,Yes,NoIntersection,Normal,2Vehicles-BehindVehicles-Frontal,DROITS DE L'HOMME (DES),M,45.77153467519881,4.77239095201089
201800032552,NonLethal,2018-10-09,16:15:00,Daylight,690,282,Yes,T-type,Normal,2Vehicles-Side,RAMBION (DU),M,45.76104708027047,4.759400525291653
201800032553,NonLethal,2018-12-09,14:30:00,Daylight,690,266,Yes,X-type,Normal,2Vehicles-Side,LOUIS BECKER        (Rue,M,45.767179152940976,4.764089654585834
201800032554,NonLethal,2018-09-13,07:35:00,Daylight,690,271,Yes,NoIntersection,VeryGood,2Vehicles-Side,,M,45.73614459983256,4.734841423977565
201800032555,NonLethal,2018-09-12,12:12:00,Daylight,690,290,Yes,NoIntersection,Normal,3+Vehicles-Chain,GRENOBLE (DE)  -  RN 6,M,45.714275291895554,4.714039668155921
201800032556,NonLethal,2018-09-13,17:50:00,Daylight,690,29,Yes,X-type,LightRain,2Vehicles-Side,REIMS (DE),M,45.73909454196523,4.739887453788113
201800032557,NonLethal,2018-09-09,18:00:00,Daylight,690,290,Yes,X-type,Normal,2Vehicles-BehindVehicles-Frontal,CHAVORLAY (DU),M,45.70729350506238,4.704808503718787
201800032560,NonLethal,2018-09-16,19:45:00,TwilightOrDawn,690,266,Yes,NoIntersection,Normal,2Vehicles-Side,HENRI BARBUSSE   (Avenue,M,45.76699449975039,4.766879477819064
201800032562,NonLethal,2018-09-18,16:50:00,Daylight,690,282,Yes,NoIntersection,Normal,3+Vehicles-Chain,JEAN JAURES,M,45.77151895782351,5.770143720834448
201800032563,Lethal,2018-09-18,18:10:00,Daylight,690,256,Yes,Other,Normal,2Vehicles-Side,BOLHEN   (DE),M,45.76582971777941,4.766638185115823
201800032564,NonLethal,2018-09-19,20:40:00,NightStreelightsOn,690,275,Yes,T-type,Normal,2Vehicles-Side,EMILE ZOLA,M,45.76178432381284,4.762477861004244
201800032565,NonLethal,2018-09-20,01:05:00,NightStreelightsOn,690,266,Yes,X-type,Normal,2Vehicles-Side,ALSACE   (Rue d'),M,45.76435013980247,4.764021103241029
201800032567,Lethal,2018-09-21,07:40:00,Daylight,690,266,Yes,X-type,Normal,Other,FRANCIS DE PRESSENSE,M,45.76675079396352,4.765335802802372
201800032568,NonLethal,2018-09-21,20:30:00,NightStreelightsOn,690,266,Yes,Roundabout,LightRain,Other,CHARMETTES    (Rue des),M,45.77101390681394,4.772256334152085
201800032569,NonLethal,2018-09-23,14:40:00,Daylight,690,29,Yes,NoIntersection,Normal,Other,GENERAL DE GAULLE,M,45.72536994032276,4.727518250565068
201800032570,NonLethal,2018-09-23,21:00:00,TwilightOrDawn,690,29,No,X-type,Normal,2Vehicles-Side,DROITS DE L'HOMME (DES),M,45.72805303006441,4.726863377029202
201800032571,NonLethal,2018-09-25,08:15:00,Daylight,690,271,Yes,NoIntersection,Normal,2Vehicles-Side,FRERES MONTGOLFIER (DES),M,45.72434646890741,4.724333007458252
201800032572,NonLethal,2018-09-25,19:10:00,NightStreelightsOn,690,266,Yes,NoIntersection,Normal,2Vehicles-Behind,LEON BLUM      (Rue),M,45.76495962227429,4.763570157293128
201800032574,NonLethal,2018-09-27,08:00:00,Daylight,690,271,Yes,T-type,Normal,Other,ROBERDIERES (DES),M,45.74749806843227,4.746752410357826
201800032575,NonLethal,2018-09-28,08:15:00,Daylight,690,266,Yes,NoIntersection,Normal,Other,8 MAI 1945   (Rue du),M,45.7764235333112,4.775589318338015
201800032576,NonLethal,2018-09-27,08:45:00,Daylight,690,282,Yes,NoIntersection,VeryGood,2Vehicles-Side,POMMIER (DE),M,45.77676844345904,5.776626518174382
201800032577,NonLethal,2018-09-28,15:20:00,Daylight,690,275,Yes,Square,Normal,Other,FRATERNITE (DE LA),M,45.77300365205959,4.772789671012996
201800032578,NonLethal,2018-09-28,16:00:00,Daylight,690,266,Yes,X-type,Normal,Other,RICHELIEU     (Rue),M,45.76147661234031,4.7601664427890045
201800032579,NonLethal,2018-09-28,18:35:00,Daylight,690,266,Yes,NoIntersection,VeryGood,Other,11 NOVEMBRE 1918    (Bou,M,45.78002905366309,4.779011621508721
201800032580,NonLethal,2018-09-27,17:15:00,Daylight,690,275,Yes,T-type,Normal,2Vehicles-Side,JEAN JAURES,M,45.77204296291203,4.772059325992969
201800032581,NonLethal,2018-09-26,18:20:00,Daylight,690,266,Yes,Other,Normal,2Vehicles-Side,POUDRETTE     (Rue de la,M,45.7610807028596,4.758696937891867
201800032582,NonLethal,2018-02-10,14:00:00,Daylight,690,290,Yes,T-type,Normal,2Vehicles-Side,PARILLY (DE),M,45.71468028296342,4.714867763288232
201800032583,NonLethal,2018-10-03,05:55:00,NightStreelightsOn,690,29,Yes,NoIntersection,Normal,Other,LIONEL TERRAY,M,45.72570734351384,4.723952240027743
201800032584,NonLethal,2018-10-04,13:20:00,Daylight,690,266,Yes,T-type,Normal,Other,8 MAI 1945   (Rue du),M,45.77788275996262,4.776253160566114
201800032585,NonLethal,2018-10-04,18:50:00,Daylight,690,282,Yes,NoIntersection,Normal,Other,VERDUN (DE),M,45.779647103480535,4.778690422017582
201800032586,NonLethal,2018-07-10,07:05:00,NightStreelightsOn,690,271,Yes,X-type,HeavyRain,2Vehicles-Side,CHARLES DE GAULLE,M,45.7451882843388,4.744154938571677
201800032587,NonLethal,2018-05-10,15:20:00,Daylight,690,282,Yes,NoIntersection,Normal,Other,JEAN JAURES,M,45.77262163301005,5.770361994815467
201800032589,NonLethal,2018-09-10,21:25:00,NightStreelightsOn,690,266,Yes,X-type,Normal,2Vehicles-Side,EMILE ZOLA     (Cours),M,45.77237990797043,4.771230276300306
201800032591,NonLethal,2018-11-10,18:55:00,TwilightOrDawn,690,282,Yes,NoIntersection,Normal,Other,MELINA MERCOURI,M,45.76609809170928,5.768646470528187
201800032592,NonLethal,2018-12-10,18:50:00,TwilightOrDawn,690,266,Yes,Square,Normal,2Vehicles-Side,ROGER SALENGRO     (Aven,M,45.78119618081645,4.781785332242914
201800032593,NonLethal,2018-10-13,15:40:00,Daylight,690,266,Yes,X-type,Normal,Other,PIERRE BARATIN     (Rue),M,45.76486589217134,4.764658716423437
201800032594,NonLethal,2018-10-14,04:30:00,NightStreelightsOff,690,290,Yes,X-type,Normal,Other,JEAN ZAY,M,45.70786592475858,4.708985144745401
201800032595,NonLethal,2018-10-15,17:00:00,Daylight,690,29,Yes,T-type,Normal,2Vehicles-Side,PIERRE BROSSOLETTE,M,45.74388858426228,4.741699469305837
201800032596,NonLethal,2018-09-25,19:15:00,Daylight,690,266,Yes,X-type,Normal,Other,VENISE   (Rue de),M,45.76632312312972,4.765931337747445
201800032597,NonLethal,2018-10-16,13:45:00,Daylight,690,266,Yes,NoIntersection,Normal,Other,GENERAL LECLERC    (Aven,M,45.76113318401045,4.758505100309365
201800032599,NonLethal,2018-10-16,17:40:00,Daylight,690,275,Yes,T-type,Normal,2Vehicles-Behind,JEAN JAURES,M,45.77084880646114,4.770259686196551
201800032600,NonLethal,2018-10-16,17:55:00,Daylight,690,266,Yes,X-type,Normal,Other,ALEXIS PERRONCEL     (Ru,M,45.77538438147639,4.776914021429241
201800032601,NonLethal,2018-10-16,13:30:00,Daylight,690,290,Yes,Other,Normal,Other,LYON (DE) (D 518),M,45.70448557356409,4.702486664703226