AccidentId,Gravity,Date,Hour,Light,Department,Commune,InAgglomeration,IntersectionType,Weather,CollisionType,PostalAddress,GPSCode,Latitude,Longitude
201800032602,NonLethal,2018-10-17,07:30:00,TwilightOrDawn,690,29,Yes,T-type,Normal,2Vehicles-Side,FRANKLIN ROOSEVELT,M,45.73605584606229,4.73585921229134
201800032603,NonLethal,2018-10-18,23:30:00,NightStreelightsOn,690,290,Yes,X-type,Normal,2Vehicles-Side,JEAN ZAY,M,45.70987684504729,4.7093424813538345
201800032604,NonLethal,2018-10-17,10:00:00,TwilightOrDawn,690,256,Yes,NoIntersection,Normal,Other,EMILE ZOLA,M,45.76734112950343,4.768232700508965
201800032606,NonLethal,2018-10-19,18:10:00,TwilightOrDawn,690,29,Yes,NoIntersection,Normal,NoCollision,PARC (DU),M,45.72960591931071,4.731515140705809
201800032607,NonLethal,2018-10-19,18:20:00,Daylight,690,266,Yes,NoIntersection,Normal,2Vehicles-Side,ROGER SALENGRO     (Aven,M,45.782909627539134,4.783429700391254
201800032608,NonLethal,2018-10-19,16:15:00,Daylight,690,282,Yes,Other,Normal,2Vehicles-BehindVehicles-Frontal,VACHER (Antoine)     (R),M,45.75994406714324,5.75802577427429
201800032609,NonLethal,2018-10-20,10:50:00,Daylight,690,256,Yes,NoIntersection,Normal,2Vehicles-Side,PAUL MARCELLIN,M,45.784965895263255,4.783889527804113
201800032612,NonLethal,2018-10-24,08:30:00,Daylight,690,266,Yes,NoIntersection,Normal,Other,ROGER SALENGRO     (Aven,M,45.782831402025984,4.7834536316574425
201800032613,NonLethal,2018-10-19,13:00:00,Daylight,690,256,Yes,NoIntersection,Normal,Other,ORCHA (D'),M,45.78102580241017,4.781724282025816
201800032615,NonLethal,2018-10-25,19:50:00,NightStreelightsOn,690,266,Yes,NoIntersection,Normal,NoCollision,DOCTEUR ROLLET       (Ru,M,45.7673152295112,4.767139634891758
201800032616,NonLethal,2018-08-11,21:58:00,NightStreelightsOn,690,266,Yes,Y-type,Normal,Other,LEON BLUM      (Rue),M,45.7580232129454,4.760551646609739
201800032617,NonLethal,2018-10-25,22:45:00,NightStreelightsOn,690,266,Yes,X-type,Normal,2Vehicles-BehindVehicles-Frontal,RACINE          (Rue),M,45.76589713252109,4.7663456763027865
201800032618,NonLethal,2018-10-26,15:15:00,Daylight,690,290,Yes,NoIntersection,Normal,2Vehicles-Behind,PARILLY (DE),M,45.715623709760514,4.717067167479597
201800032621,NonLethal,2018-10-27,11:00:00,Daylight,690,29,Yes,NoIntersection,Normal,2Vehicles-Behind,LIONEL TERRAY,M,45.727222992002105,4.727197575151974
201800032623,NonLethal,2018-10-27,19:40:00,NightNoStreetLight,690,290,Yes,NoIntersection,LightRain,2Vehicles-BehindVehicles-Frontal,LYONNAIS (DU),M,45.69778672224703,4.697486704651098
201800032624,NonLethal,2018-10-29,08:00:00,Daylight,690,266,Yes,NoIntersection,HeavyRain,Other,GABRIEL PERI         (Ru,M,45.770190869703214,4.770558793045676
201800032626,NonLethal,2018-10-16,11:45:00,Daylight,690,256,Yes,NoIntersection,Normal,Other,CANUTS (DES),M,45.76156970931061,4.761791210093725
201800032627,NonLethal,2018-10-29,20:15:00,NightStreelightsOn,690,282,Yes,NoIntersection,HeavyRain,2Vehicles-BehindVehicles-Frontal,LIBERATION (DE LA),M,45.7722825263849,5.771979652555302
201800032628,NonLethal,2018-10-29,16:40:00,Daylight,690,256,Yes,NoIntersection,HeavyRain,Other,JACQUARD,M,45.763570473257,4.763082302958953
201800032629,NonLethal,2018-01-11,08:55:00,Daylight,690,256,Yes,X-type,Normal,2Vehicles-Side,EMILE ZOLA,M,45.777623032512615,4.777742514938903
201800032630,NonLethal,2018-10-29,17:20:00,NightStreelightsOff,690,29,Yes,Other,HeavyRain,Other,35EME REGIMENT D'AVIATIO,M,45.73647148213792,4.73620834221142
201800032631,NonLethal,2018-11-02,21:15:00,NightStreelightsOn,690,266,Yes,X-type,Normal,2Vehicles-Side,FREDERIC MISTRAL    (Rue,M,45.758798650503614,4.75613484048446
201800032632,NonLethal,2018-03-11,23:30:00,NightStreelightsOn,690,29,Yes,NoIntersection,Normal,Other,FRANCOIS MITTERRAND,M,45.73786751428648,4.739978929897835
201800032633,NonLethal,2018-11-02,13:30:00,Daylight,690,290,Yes,Roundabout,Normal,2Vehicles-Side,PIERRE COT,M,45.70939182223021,4.708132513913083
201800032634,NonLethal,2018-05-11,14:30:00,Daylight,690,256,Yes,NoIntersection,Normal,2Vehicles-Side,GARIBALDI,M,45.76652096809284,4.765777974056495
201800032635,NonLethal,2018-11-06,12:50:00,Daylight,690,290,No,NoIntersection,LightRain,2Vehicles-Behind,DAUPHINE (DU),M,45.71046095890536,4.709552523405407
201800032636,NonLethal,2018-11-07,18:45:00,NightStreelightsOn,690,29,Yes,Other,HeavyRain,Other,8 MAI 1945 (DU),M,45.726506780865456,4.729315653764726
201800032637,NonLethal,2018-08-11,12:05:00,Daylight,690,266,Yes,X-type,Normal,2Vehicles-Side,DEDIEU     (Rue),M,45.7689209515538,4.768909666337453
201800032639,NonLethal,2018-09-11,15:45:00,Daylight,690,29,Yes,T-type,Normal,Other,CAMILLE ROUSSET,M,45.736731094097614,4.734560664032615
201800032640,NonLethal,2018-11-11,17:50:00,NightStreelightsOn,690,275,Yes,NoIntersection,Normal,Other,EDOUARD HERRIOT,M,45.77566280111806,4.775318857123793
201800032641,NonLethal,2018-11-12,10:40:00,Daylight,690,256,Yes,NoIntersection,LightRain,Other,EUGENE HENAFF,M,45.77300136319912,4.773283809222136
201800032642,NonLethal,2018-11-15,15:15:00,Daylight,690,282,Yes,Other,Normal,2Vehicles-Side,8 MAI 1945 (DU),M,45.77183017185305,5.771805596464006
201800032643,NonLethal,2018-11-17,01:00:00,NightStreelightsOn,690,266,Yes,NoIntersection,FogOrSmoke,2Vehicles-Behind,LAURENT BONNEVAY    (Bou,M,45.78617172832298,4.7849630409376775
201800032644,NonLethal,2018-11-17,05:35:00,NightStreelightsOn,690,266,Yes,NoIntersection,Normal,Other,CHATEAU GAILLARD     (Ru,M,45.77353588268073,4.7751938360723685
201800032646,NonLethal,2018-11-18,14:30:00,Daylight,690,290,Yes,X-type,Overcast,2Vehicles-Side,ANDRE BOULLOCHE,M,45.71995701557366,4.720588479260584
201800032647,NonLethal,2018-11-19,17:55:00,NightStreelightsOn,690,256,Yes,X-type,Normal,2Vehicles-Side,LYCEE (DU),M,45.77550399674583,4.777051221137416
201800032648,NonLethal,2018-11-20,15:05:00,Daylight,690,266,Yes,Y-type,Overcast,2Vehicles-Behind,GENAS    (Route de),M,45.74915553684926,4.751857981743313
201800032652,NonLethal,2018-11-29,15:45:00,Daylight,690,266,Yes,X-type,Normal,2Vehicles-Side,GENAS    (Route de),M,45.74852281095443,4.7485422321506165
201800032654,NonLethal,2018-11-29,16:30:00,TwilightOrDawn,690,266,Yes,T-type,Overcast,Other,4 AOUT 1789    (Rue du),M,45.761834509008416,4.764495148353896
201800032655,Lethal,2018-11-30,13:30:00,Daylight,690,29,Yes,NoIntersection,LightRain,2Vehicles-BehindVehicles-Frontal,REBUFER (DE),M,45.7286442419666,4.727880498002053
201800032656,NonLethal,2018-11-30,15:50:00,Daylight,690,275,Yes,NoIntersection,Overcast,2Vehicles-BehindVehicles-Frontal,ELISEE RECLUS,M,45.75299377280872,4.754136155507028
201800032657,NonLethal,2018-03-12,17:50:00,NightStreelightsOn,690,266,Yes,X-type,Normal,Other,DOCTEUR ROLLET       (Ru,M,45.76456287961237,4.763482279394268
201800032659,NonLethal,2018-12-04,17:30:00,NightStreelightsOn,690,290,Yes,Other,Normal,2Vehicles-Behind,GRENOBLE (DE)  -  RN 6,M,45.71703944724136,4.717367270173147
201800032661,NonLethal,2018-10-12,20:00:00,NightStreelightsOn,690,266,Yes,T-type,Normal,2Vehicles-Side,CITE SAINT JEAN    (Rue,M,45.77649442504681,4.777067028154052
201800032663,NonLethal,2018-12-12,18:50:00,NightStreelightsOn,690,266,Yes,NoIntersection,Normal,2Vehicles-Side,ROGER SALENGRO     (Aven,M,45.77499794845623,4.776478230804533
201800032664,NonLethal,2018-12-15,06:40:00,NightStreelightsOn,690,266,Yes,X-type,Normal,Other,TOLSTOI    (Cours),M,45.76026227541413,4.760017151579593
201800032665,NonLethal,2018-12-16,02:20:00,NightStreelightsOn,690,256,Yes,NoIntersection,LightRain,Other,GENAS (DE),M,45.749667142855024,4.745858994033234
201800032666,NonLethal,2018-12-18,12:00:00,Daylight,690,275,Yes,X-type,Overcast,3+Vehicles-Multiple,EDOUARD HERRIOT,M,45.77624234824163,4.775283083896914
201800032667,NonLethal,2018-12-14,18:00:00,NightStreelightsOn,690,290,Yes,NoIntersection,Overcast,3+Vehicles-Chain,GRENOBLE (DE)  -,M,45.71438101098352,4.716960284599314
201800032668,NonLethal,2018-12-19,21:00:00,NightStreelightsOn,690,266,Yes,NoIntersection,Other,NoCollision,LAURENT BONNEVAY    (Bou,M,45.780401610178494,4.778042129532796
201800032669,NonLethal,2018-12-20,08:30:00,Daylight,690,266,Yes,X-type,Normal,Other,REPUBLIQUE   (Cours de l,M,45.77137066882587,4.768364375515183
201800032670,NonLethal,2018-12-21,17:30:00,NightStreelightsOn,690,266,Yes,NoIntersection,LightRain,3+Vehicles-Chain,GENAS    (Route de),M,45.74967060613715,4.749131130126094
201800032671,NonLethal,2018-12-21,09:30:00,Daylight,690,290,Yes,NoIntersection,LightRain,NoCollision,TOUSSIEU (DE),M,45.697956001632654,4.698244292192077
201800032672,NonLethal,2018-12-24,10:20:00,Daylight,690,29,Yes,NoIntersection,Normal,Other,GENAS (DE),M,45.745171736820296,4.746016007237311
201800032674,NonLethal,2018-12-27,00:45:00,NightStreelightsOn,690,266,Yes,X-type,Normal,2Vehicles-Side,ANTOINE PRIMAT     (Rue),M,45.75717213578336,4.75815272401065
201800032676,NonLethal,2018-12-28,10:50:00,Daylight,690,29,No,NoIntersection,Normal,NoCollision,ANDRE BOULLOCHE,M,45.71959360029417,4.718405078609647
201800032678,NonLethal,2018-05-17,15:40:00,Daylight,201,331,No,NoIntersection,Normal,2Vehicles-BehindVehicles-Frontal,"RT 40, lieu-dit les bain",M,41.828834796817,8.826494426742642
201800032680,NonLethal,2018-08-14,02:45:00,NightNoStreetLight,201,21,Yes,NoIntersection,Normal,Other,RD 757,M,41.82294873036653,9.82432521550034
201800032681,NonLethal,2018-08-17,07:40:00,Daylight,201,211,No,NoIntersection,Normal,2Vehicles-BehindVehicles-Frontal,lieu-dit Penta,M,41.77341678946637,8.773700340602055
201800032683,NonLethal,2018-01-03,17:57:00,NightNoStreetLight,510,240,No,NoIntersection,Normal,Other,D995,M,48.75982282226981,4.761916679885847
201800032684,Lethal,2018-09-04,09:55:00,Daylight,510,455,No,NoIntersection,Normal,2Vehicles-BehindVehicles-Frontal,Dl6,M,48.71757812952365,4.71528225879934
201800032685,NonLethal,2018-04-08,14:30:00,Daylight,510,583,No,NoIntersection,Normal,NoCollision,ROUTE DE ROBERT-ESPAGNE,M,48.71862463621115,4.718291692433798
201800032686,Lethal,2018-06-14,09:55:00,Daylight,510,635,No,T-type,Normal,3+Vehicles-Multiple,D81/D14,M,48.8095365580564,4.808828849281749
201800032687,NonLethal,2018-07-13,15:45:00,Daylight,510,539,No,Other,Normal,Other,CHEMIN COMUNAL,M,48.82346997610588,4.822959852874313
201800032688,NonLethal,2018-09-15,23:10:00,NightNoStreetLight,510,647,No,NoIntersection,Normal,Other,D14,M,48.75201349834188,4.752604310908294
201800032689,NonLethal,2018-12-10,11:20:00,Daylight,510,423,No,NoIntersection,Normal,Other,D995,M,48.77416999030433,4.775614228033814
201800032690,NonLethal,2018-10-25,12:50:00,Daylight,510,311,Yes,NoIntersection,Overcast,Other,D14,M,48.78812238727404,4.787930959791221
201800032691,NonLethal,2018-01-12,18:15:00,NightNoStreetLight,510,141,No,NoIntersection,Normal,NoCollision,N44,M,48.83212672118088,4.831667153982588
201800032692,NonLethal,2018-01-12,18:05:00,NightNoStreetLight,510,649,Yes,Roundabout,Normal,2Vehicles-Side,RUE JEAN JUIF,M,48.7243853469935,4.72440341529202
201800032693,NonLethal,2018-12-19,16:00:00,Daylight,510,513,Yes,T-type,Normal,2Vehicles-BehindVehicles-Frontal,RUE DE MONCETZ,M,48.63130879686366,4.63312119378202
201800032695,Lethal,2018-01-03,07:00:00,TwilightOrDawn,510,552,No,LevelCrossing,Other,2Vehicles-Side,D81,M,48.80272643410273,4.803141512906773
201800032696,NonLethal,2018-02-28,07:05:00,Daylight,510,328,No,NoIntersection,Normal,2Vehicles-Side,D2,M,48.73935938528499,4.737734998710222
201800032697,NonLethal,2018-03-21,07:20:00,TwilightOrDawn,510,262,Yes,NoIntersection,VeryGood,2Vehicles-Side,153 AVENUE DE CHAMPAGNE,M,48.71090416847801,4.710179124960951
201800032698,NonLethal,2018-03-19,05:15:00,NightNoStreetLight,510,352,No,T-type,LightRain,2Vehicles-BehindVehicles-Frontal,D16,M,48.72135040975555,4.721386517259999
201800032699,NonLethal,2018-04-05,19:20:00,Daylight,510,277,No,NoIntersection,Normal,Other,D57,M,48.62176938325621,4.621352111341102
201800032700,NonLethal,2018-05-07,03:15:00,NightStreelightsOn,510,649,Yes,T-type,Normal,Other,RUE ARISTIDE BRIAND,M,48.72398413134172,4.723611260827416
201800032701,NonLethal,2018-05-07,15:00:00,Daylight,510,649,Yes,Square,Normal,Other,PLACE D'ARMES,M,48.72594987149865,4.726464312293484
201800032703,NonLethal,2018-05-18,12:40:00,Daylight,510,649,Yes,Roundabout,Normal,2Vehicles-Side,AVENUE JEAN JUIF,M,48.72416241895706,4.725573855254432
201800032705,NonLethal,2018-07-01,13:15:00,Daylight,510,167,No,NoIntersection,Normal,2Vehicles-Behind,N4,M,48.742670873443416,4.743211672028228
201800032706,NonLethal,2018-04-07,18:30:00,Daylight,510,649,No,Other,Normal,2Vehicles-BehindVehicles-Frontal,N44,M,48.7518068501952,4.755142914449588
201800032707,NonLethal,2018-07-14,02:40:00,NightNoStreetLight,510,513,No,NoIntersection,Normal,NoCollision,D57,M,48.63874084562545,4.640250616336117
201800032708,NonLethal,2018-07-20,17:00:00,Daylight,510,219,No,NoIntersection,Normal,NoCollision,D55,M,48.573396294614,4.574972231789005
201800032709,NonLethal,2018-10-30,09:10:00,Daylight,510,22,No,NoIntersection,SnowOrHail,NoCollision,N44,M,48.81201299966359,4.809771026040472
201800032711,NonLethal,2018-11-23,18:00:00,NightNoStreetLight,510,598,No,Other,LightRain,2Vehicles-BehindVehicles-Frontal,N4,M,48.695655104828575,4.696074840624406
201800032712,NonLethal,2018-12-27,07:25:00,NightStreelightsOn,510,649,Yes,NoIntersection,Normal,Other,39 FBG VITRY-LE-BRULE,M,48.72830248308036,4.729757618085358
201800032713,NonLethal,2018-12-01,16:00:00,Daylight,240,462,No,NoIntersection,Normal,2Vehicles-BehindVehicles-Frontal,les mauries,M,45.03861893506231,3.040647225668123
201800032716,NonLethal,2018-04-23,16:17:00,Daylight,240,462,No,T-type,Normal,2Vehicles-Side,le CODEREC,M,45.035935205515806,3.0336809270107965
201800032717,NonLethal,2018-04-26,07:55:00,Daylight,240,543,No,T-type,Normal,3+Vehicles-Chain,la gravette,M,45.05573624559546,4.056448058837471
201800032719,NonLethal,2018-07-25,09:15:00,Daylight,240,264,No,NoIntersection,Normal,2Vehicles-BehindVehicles-Frontal,D 6089,M,45.01407051394873,9.012954099755872
201800032721,NonLethal,2018-08-27,10:30:00,Daylight,240,294,Yes,NoIntersection,Normal,2Vehicles-BehindVehicles-Frontal,avenue Malraux,M,44.993019063168205,1.9921728650888757
201800032723,NonLethal,2018-05-03,10:15:00,Daylight,201,348,No,NoIntersection,Normal,Other,CD70,M,42.15577601079081,8.156432841224714
201800032725,NonLethal,2018-05-06,17:00:00,Daylight,201,197,No,NoIntersection,Normal,NoCollision,D81,M,42.34042377047508,8.341642624524997
201800032726,Lethal,2018-06-02,16:15:00,Daylight,201,174,No,NoIntersection,Normal,2Vehicles-Side,D23,M,42.17028718045642,8.171068993396176
201800032727,NonLethal,2018-08-30,11:15:00,Daylight,201,348,No,NoIntersection,Normal,2Vehicles-BehindVehicles-Frontal,ROUTE DEPARTEMENTALE 70,M,42.16067143655832,8.159990330689622
201800032728,NonLethal,2018-06-09,22:20:00,NightNoStreetLight,201,65,No,NoIntersection,Normal,NoCollision,Col de la TORACCIA,M,42.14420053055632,8.14493888140608
201800032729,NonLethal,2018-10-30,15:45:00,Daylight,201,348,No,NoIntersection,LightRain,2Vehicles-BehindVehicles-Frontal,RD 70,M,42.149152643327895,8.151417818743203
201800032730,NonLethal,2018-11-24,19:30:00,NightNoStreetLight,201,282,No,Other,Overcast,Other,RD 123 - pk 5,M,42.18099290494259,8.182075345816642
201800032731,Lethal,2018-12-02,07:15:00,NightNoStreetLight,560,167,No,NoIntersection,Normal,Other,N 165 - PK 56+1OO,M,47.66380427496858,-0.6654496207942643
201800032732,NonLethal,2018-12-17,08:15:00,TwilightOrDawn,560,94,No,NoIntersection,Normal,2Vehicles-Behind,RN 24 PR 92+600,M,47.79622694657355,-0.7975264562016922
201800032733,NonLethal,2018-01-20,01:30:00,NightNoStreetLight,860,1,No,NoIntersection,LightRain,Other,RD   729,M,46.27033438516237,8.27088412192414
201800032734,Lethal,2018-01-27,18:15:00,NightNoStreetLight,860,262,No,NoIntersection,FogOrSmoke,3+Vehicles-Multiple,"D727 ""La  Champagnerie""",M,46.40977633710075,8.41036317461935
201800032735,NonLethal,2018-02-24,14:15:00,Daylight,860,131,No,NoIntersection,Normal,2Vehicles-Behind,Route   nationale 147,M,46.44322247257969,5.444097099494829
201800032736,Lethal,2018-03-27,16:45:00,Daylight,860,262,No,NoIntersection,Normal,NoCollision,LIEU-DIT  BELAIR,M,46.41210117186803,8.411403828198155
201800032737,NonLethal,2018-01-04,21:10:00,NightNoStreetLight,860,190,No,NoIntersection,Normal,Other,Route départementale  11,M,46.32827409719292,7.326276144513
201800032739,NonLethal,2018-05-03,19:20:00,Daylight,860,107,No,NoIntersection,Normal,2Vehicles-BehindVehicles-Frontal,"D31, Pk  38.500",M,46.37620858928385,6.3786843565792966
201800032741,NonLethal,2018-07-11,10:30:00,Daylight,860,140,Yes,NoIntersection,Normal,2Vehicles-BehindVehicles-Frontal,Rue du général de Gaulle,M,46.39987385630161,7.401145856403265
201800032742,NonLethal,2018-10-07,06:30:00,TwilightOrDawn,860,276,No,Y-type,Normal,Other,Lieu-dit la font d'USSON,M,46.2952233477462,5.296704129972194
201800032744,NonLethal,2018-09-08,16:15:00,Daylight,860,228,No,NoIntersection,Normal,2Vehicles-Behind,Lieu dit Le Marchis Pois,M,46.39036670431327,5.391702847330978
201800032745,NonLethal,2018-09-20,15:35:00,Daylight,860,200,No,NoIntersection,Normal,NoCollision,D 741,M,46.14217530666077,5.141403375071045
201800032746,NonLethal,2018-10-21,19:44:00,NightNoStreetLight,860,1,No,NoIntersection,Normal,Other,D112,M,46.252800482466114,7.25470343448023
201800032747,NonLethal,2018-10-29,20:00:00,NightNoStreetLight,860,159,No,NoIntersection,LightRain,Other,lieu-dit la palisse,M,46.21405080568184,7.215101990621082
201800032748,NonLethal,2018-01-04,12:45:00,Daylight,700,261,Yes,NoIntersection,LightRain,2Vehicles-BehindVehicles-Frontal,"5, RN 57",M,47.63058034852018,6.629938682145923
201800032749,NonLethal,2018-01-25,18:55:00,NightStreelightsOn,700,550,Yes,NoIntersection,Normal,2Vehicles-Side,"55, BRIAND (RUE ARISTIDE",M,47.62384899686143,6.627075849392271
201800032750,NonLethal,2018-02-02,22:30:00,NightStreelightsOn,700,550,Yes,NoIntersection,LightRain,NoCollision,COURVOISIER (RUE DU DOCT,M,47.63197105209184,6.632347183803815
201800032751,NonLethal,2018-09-02,05:40:00,NightStreelightsOn,700,550,Yes,X-type,Normal,2Vehicles-Side,GAULLE (BOULEVARD CHARLE,M,47.61641322606643,6.615057949427954
201800032752,NonLethal,2018-04-26,08:40:00,Daylight,700,550,Yes,T-type,Overcast,2Vehicles-Side,GIRARD (RUE JEAN GEORGES,M,47.63016488866185,6.631023854350885
201800032753,NonLethal,2018-06-22,17:05:00,Daylight,700,550,Yes,X-type,Normal,2Vehicles-Side,PETIT MONTMARIN (RUE DU),M,47.635727494246666,6.63756602662301
201800032755,NonLethal,2018-02-07,08:35:00,Daylight,700,550,Yes,NoIntersection,Normal,Other,BREUIL (RUE DU),M,47.6231270052266,6.6212184363052735
201800032756,NonLethal,2018-09-10,08:20:00,Daylight,700,378,Yes,NoIntersection,Normal,Other,CURIE (RUE PIERRE MARIE),M,47.6125103815765,6.613061302001897
201800032758,NonLethal,2018-10-29,06:10:00,NightNoStreetLight,700,388,No,NoIntersection,LightRain,3+Vehicles-Multiple,RD457,M,47.60437285582778,6.603848864187481
201800032759,NonLethal,2018-01-26,17:45:00,TwilightOrDawn,340,69,No,NoIntersection,LightRain,2Vehicles-BehindVehicles-Frontal,CD 14 PK 56+900,M,43.40387013747314,3.406547995049834
201800032760,NonLethal,2018-06-30,05:45:00,TwilightOrDawn,340,155,Yes,T-type,Normal,2Vehicles-BehindVehicles-Frontal,46 Avenue de la Républiq,M,43.35729858890902,3.3571791989272826
201800032761,NonLethal,2018-11-09,18:20:00,TwilightOrDawn,340,89,No,NoIntersection,Normal,Other,"CD 612, PK 88+800",M,43.389586046894046,3.3888319168120007
201800032762,NonLethal,2018-12-17,08:30:00,Daylight,340,69,Yes,NoIntersection,Normal,Other,2-4 Avenue Jean Jaurès,M,43.39286403195525,3.390569004990548
201800032763,NonLethal,2018-01-13,18:00:00,NightNoStreetLight,870,178,No,NoIntersection,Normal,2Vehicles-BehindVehicles-Frontal,LD LA CHAPELLE,M,45.91004327575497,1.9099791285607768
201800032765,Lethal,2018-03-03,19:45:00,NightNoStreetLight,870,157,No,NoIntersection,Normal,3+Vehicles-Chain,D5 PK 62 + 250,M,45.953864661764136,1.9518419244336227
201800032766,NonLethal,2018-06-17,02:15:00,NightNoStreetLight,870,157,No,NoIntersection,Normal,NoCollision,LA JALOUSIE,M,45.95230371702681,1.952816425630017
201800032767,NonLethal,2018-09-05,03:45:00,NightNoStreetLight,870,2,No,NoIntersection,Normal,Other,ROUTE DE BEUVRAIX AMBAZA,M,45.95897067065157,1.9592081828975272
201800032770,NonLethal,2018-01-02,09:45:00,Daylight,201,249,Yes,NoIntersection,Normal,2Vehicles-Side,route de Bonifacio,M,41.668371450487776,8.670525409996085
201800032771,NonLethal,2018-04-17,08:20:00,Daylight,201,272,Yes,NoIntersection,VeryGood,Other,RT40-ROUTE DE PROPRIANO,M,41.5700940179849,9.570592436138863
201800032772,NonLethal,2018-02-05,14:45:00,Daylight,201,272,No,Other,LightRain,2Vehicles-BehindVehicles-Frontal,RT40,M,41.57108708936619,9.571844408709614
201800032773,NonLethal,2018-05-22,16:00:00,Daylight,201,24,No,NoIntersection,Normal,Other,D 420,M,41.768220887183226,9.768931878936831
201800032774,NonLethal,2018-07-25,11:30:00,Daylight,201,272,No,NoIntersection,Normal,NoCollision,RT 40 - Route de Bonifac,M,41.61560051198455,8.612962253150517
201800032775,NonLethal,2018-08-23,15:00:00,Daylight,201,272,No,NoIntersection,LightRain,Other,"RT 40, PK 78 + 000",M,41.634342037530914,8.633313887778707
201800032776,NonLethal,2018-01-09,18:00:00,Daylight,201,189,Yes,NoIntersection,Normal,Other,TENUTELLA,M,41.69618105885815,8.695307446278422
201800032777,NonLethal,2018-09-11,20:10:00,NightNoStreetLight,201,189,No,NoIntersection,Normal,3+Vehicles-Multiple,RT 40 -- PK 63+400,M,41.69855263951554,8.699029836616747
201800032778,NonLethal,2018-11-18,06:15:00,NightNoStreetLight,201,272,No,NoIntersection,Normal,Other,rt 40 - arena bianca,M,41.65322635747351,8.652979672153277
201800032779,NonLethal,2018-04-25,19:10:00,Daylight,620,204,Yes,NoIntersection,Normal,2Vehicles-BehindVehicles-Frontal,rue de gouy,M,50.39609062547813,1.3936723501830854
201800032780,NonLethal,2018-05-13,07:00:00,TwilightOrDawn,620,364,Yes,Roundabout,Normal,Other,rond point de la dimerie,M,50.50952850019273,2.510593135066878
201800032781,Lethal,2018-07-22,22:15:00,TwilightOrDawn,620,823,Yes,NoIntersection,Normal,NoCollision,rue principale,M,50.48944314408811,2.486710255044505
201800032782,NonLethal,2018-08-15,19:13:00,Daylight,620,150,No,NoIntersection,Normal,Other,D142,M,50.40910854194306,1.4101101858018912
201800032783,NonLethal,2018-09-21,21:00:00,NightNoStreetLight,620,743,No,NoIntersection,HeavyRain,Other,D340,M,50.362263147485045,2.3632735420149675
201800032784,NonLethal,2018-10-18,13:15:00,Daylight,620,359,No,NoIntersection,Normal,Other,D928,M,50.43854837343295,2.438091210272165
201800032785,Lethal,2018-12-01,04:00:00,NightNoStreetLight,620,447,Yes,NoIntersection,Normal,Other,boulevard domont,M,50.37348116072908,2.371583253240785
201800032787,NonLethal,2018-09-19,10:13:00,Daylight,810,79,No,NoIntersection,Normal,3+Vehicles-Multiple,D 612 - PR 073+334,M,43.846302712310056,2.8484393165081427
201800032788,NonLethal,2018-01-20,16:00:00,Daylight,140,411,No,X-type,LightRain,2Vehicles-Side,INTERSECTION RD6 - RD23,M,48.9661868224194,-0.9645344372017064
201800032789,NonLethal,2018-01-03,06:00:00,NightNoStreetLight,140,588,No,NoIntersection,SnowOrHail,Other,"LIEU DIT ""LE TUPOT""",M,48.91452069969145,-0.9106097325916144
201800032790,NonLethal,2018-03-02,07:52:00,TwilightOrDawn,140,211,Yes,NoIntersection,Other,Other,RD 211 POINT KILOMÉTRIQU,,,
201800032793,NonLethal,2018-09-05,18:30:00,Daylight,140,689,No,NoIntersection,Normal,Other,CD 121,M,49.00514614657568,-0.0046353814336478
201800032794,NonLethal,2018-06-25,19:20:00,Daylight,140,656,No,NoIntersection,Normal,3+Vehicles-Multiple,saint rémy,M,48.94812759329157,-0.9486199485594664
201800032795,NonLethal,2018-08-05,00:01:00,NightNoStreetLight,140,248,No,NoIntersection,Normal,Other,D131,M,49.00717346480294,-0.0080928142302218
201800032796,NonLethal,2018-08-11,11:30:00,NightNoStreetLight,140,656,Yes,NoIntersection,LightRain,Other,D562,M,48.94457467817201,-0.9439522646816254
201800032797,NonLethal,2018-06-09,17:15:00,Daylight,140,656,Yes,NoIntersection,Normal,Other,Route départementale 562,M,48.93212734779956,-0.9321868072963786
201800032798,NonLethal,2018-09-23,01:10:00,NightNoStreetLight,140,603,No,NoIntersection,LightRain,Other,RD 562,M,49.04905228231383,-0.0501472887368583
201800032800,Lethal,2018-11-16,22:50:00,NightNoStreetLight,140,162,No,NoIntersection,FogOrSmoke,Other,lieu dit le rendez vous,M,48.88410022002192,-0.8852979878795746
201800032801,NonLethal,2018-12-15,08:50:00,NightNoStreetLight,140,603,No,NoIntersection,SnowOrHail,Other,RD131,M,49.00796576193231,-0.0089928713030004
201800032803,NonLethal,2018-04-22,16:35:00,Daylight,80,362,Yes,NoIntersection,Normal,2Vehicles-BehindVehicles-Frontal,Rue Jean Gerson,M,49.51128694089415,4.512739633639541
201800032804,NonLethal,2018-07-07,02:15:00,NightNoStreetLight,80,144,No,NoIntersection,Normal,Other,RD 951,M,49.51747052839267,4.51624157168983