AccidentId,Gravity,Date,Hour,Light,Department,Commune,InAgglomeration,IntersectionType,Weather,CollisionType,PostalAddress,GPSCode,Latitude,Longitude
201800032805,NonLethal,2018-09-02,17:45:00,Daylight,80,27,No,T-type,Normal,2Vehicles-Side,carrefour RD 951/D14,M,49.56026020365349,4.560429472882487
201800032806,NonLethal,2018-06-18,08:10:00,Daylight,80,430,No,T-type,Normal,2Vehicles-BehindVehicles-Frontal,Croisement D130 et D30,M,49.54919854036413,4.550568308548204
201800032808,NonLethal,2018-08-11,19:30:00,Daylight,80,343,Yes,Other,Normal,2Vehicles-BehindVehicles-Frontal,rue le finto ( rue du ci,M,49.68239892250787,5.680415287381257
201800032809,NonLethal,2018-09-27,20:20:00,NightStreelightsOn,80,53,Yes,NoIntersection,Normal,2Vehicles-Side,Av : de la dernière cart,M,49.6821062097327,4.682759830745579
201800032810,NonLethal,2018-12-13,13:00:00,Daylight,80,136,Yes,NoIntersection,VeryGood,2Vehicles-BehindVehicles-Frontal,Rte de Bazeilles,M,49.70078456818809,4.700111366486094
201800032811,NonLethal,2018-02-18,20:45:00,NightNoStreetLight,540,374,No,NoIntersection,FogOrSmoke,Other,D674,M,48.76412761441488,6.763821384691878
201800032813,Lethal,2018-04-29,16:27:00,Daylight,540,89,No,T-type,Normal,Other,D9l3,M,48.78057611652765,6.780384752922632
201800032814,NonLethal,2018-06-05,23:30:00,NightStreelightsOn,540,462,Yes,X-type,Normal,2Vehicles-BehindVehicles-Frontal,rue des écoles,M,48.59341878624377,6.593884879565943
201800032815,NonLethal,2018-05-26,18:15:00,Daylight,540,345,No,X-type,Normal,2Vehicles-Side,carrefour D112 & D115,M,48.592506611041735,6.594414863231263
201800032816,NonLethal,2018-05-13,18:35:00,Daylight,540,374,No,NoIntersection,Normal,2Vehicles-Side,rd 674,M,48.7660761779796,6.766038711460544
201800032818,NonLethal,2018-08-15,15:54:00,Daylight,540,296,No,NoIntersection,Normal,3+Vehicles-Multiple,PR47,M,48.72641714753969,6.725962899495441
201800032819,NonLethal,2018-09-20,11:35:00,Daylight,540,571,No,NoIntersection,Normal,NoCollision,rd112,M,48.62854509866886,6.629641725543284
201800032821,NonLethal,2018-08-11,14:50:00,Daylight,540,462,No,NoIntersection,Normal,2Vehicles-BehindVehicles-Frontal,RD1D,M,48.5853800413172,6.582770842007576
201800032822,NonLethal,2018-12-29,00:20:00,NightNoStreetLight,540,6,No,NoIntersection,Normal,Other,RD913,M,48.730572261545454,6.729591464267894
201800032823,NonLethal,2018-02-09,07:45:00,Daylight,540,305,No,NoIntersection,Overcast,3+Vehicles-Chain,RD 322,M,48.7409156435279,6.741159635576512
201800032824,Lethal,2018-04-19,03:00:00,NightNoStreetLight,540,43,No,NoIntersection,Normal,2Vehicles-BehindVehicles-Frontal,PR 008+174,M,48.579828837749545,6.580787950950707
201800032825,NonLethal,2018-01-17,17:10:00,TwilightOrDawn,540,268,No,NoIntersection,Normal,Other,D913,M,48.40854372573706,6.408914021908828
201800032827,NonLethal,2018-06-26,06:15:00,TwilightOrDawn,540,204,No,NoIntersection,Normal,Other,D50 - PR 24+050,M,48.3860504272011,6.38730683077723
201800032829,NonLethal,2018-10-12,06:50:00,TwilightOrDawn,540,591,No,NoIntersection,Normal,2Vehicles-BehindVehicles-Frontal,DR61,M,48.51847270702348,6.51778434631365
201800032830,NonLethal,2018-12-13,03:53:00,NightNoStreetLight,540,307,No,NoIntersection,Other,Other,RN 57 SENS EPINAL-NANCY,M,48.42799405501444,6.429544795980168
201800032832,NonLethal,2018-11-01,07:30:00,TwilightOrDawn,710,81,Yes,NoIntersection,LightRain,Other,"51, PARIS (RUE  DE)",M,46.815114099264015,4.818138758292592
201800032833,NonLethal,2018-01-26,11:20:00,Daylight,710,76,Yes,NoIntersection,Normal,Other,"8, JAURES (AVNUE JEAN)",M,46.78345136418902,4.7803337125576455
201800032834,NonLethal,2018-01-23,13:20:00,Daylight,710,76,Yes,Roundabout,Normal,2Vehicles-Side,"33, DELIRY (RUE PIERRE)",M,46.79480801608105,4.794111362319283
201800032836,Lethal,2018-11-03,06:15:00,NightNoStreetLight,710,445,No,NoIntersection,LightRain,2Vehicles-BehindVehicles-Frontal,RD673,M,46.75789802030997,4.75803425911483
201800032837,Lethal,2018-03-26,17:18:00,Daylight,710,76,Yes,X-type,Normal,2Vehicles-Side,LEDRU ROLLIN (RUE),M,46.787319442653626,4.785754314712577
201800032840,Lethal,2018-05-23,13:40:00,Daylight,710,81,No,NoIntersection,Normal,2Vehicles-BehindVehicles-Frontal,D 906,M,46.81578285037293,4.816665471914718
201800032841,NonLethal,2018-05-24,12:00:00,Daylight,710,76,Yes,NoIntersection,Normal,2Vehicles-BehindVehicles-Frontal,PROTHEAU (RUE FRANCOIS),M,46.79847290685663,4.800189201905451
201800032842,NonLethal,2018-12-06,16:45:00,Daylight,710,475,No,NoIntersection,Normal,2Vehicles-Behind,ROUTE NATIONALE 80,M,46.75613201018781,4.756634832045527
201800032843,NonLethal,2018-06-27,20:00:00,Daylight,710,76,Yes,NoIntersection,Normal,Other,BOUCICAUT (AVENUE),M,46.78569950850272,4.786175721659306
201800032844,NonLethal,2018-06-27,19:15:00,Daylight,710,445,No,NoIntersection,Normal,Other,DOCTEUR JEANNIN (RUE DU),M,46.78049595934117,4.78329071772688
201800032845,NonLethal,2018-07-01,16:25:00,Daylight,710,76,Yes,X-type,Normal,2Vehicles-Side,SENTIERS (RUE ),M,46.801530366959724,4.799336221574969
201800032847,NonLethal,2018-07-03,11:00:00,Daylight,710,76,Yes,NoIntersection,Normal,2Vehicles-Side,AUTUN (RUE D'),M,46.78407433054653,4.784451161765978
201800032848,NonLethal,2018-07-17,20:40:00,Daylight,710,76,Yes,Other,Normal,Other,BELFORT (RUE DE),M,46.78900975053494,4.788613482281196
201800032849,NonLethal,2018-07-21,20:30:00,Daylight,710,76,Yes,NoIntersection,Normal,Other,RICHARD (PONT),M,46.77700100404284,4.776230079257428
201800032850,NonLethal,2018-07-23,17:20:00,Daylight,710,76,Yes,NoIntersection,Normal,Other,OBELISQUE (PLACE DE L'),M,46.78524437886886,4.782260738405083
201800032851,NonLethal,2018-01-08,12:10:00,Daylight,710,76,No,NoIntersection,Normal,Other,DUMOREY (RUE THOMAS),M,46.776401317610336,4.77644242633755
201800032852,NonLethal,2018-08-30,12:45:00,Daylight,710,76,Yes,Other,Overcast,Other,RONDE (PLACE),M,46.78618524881127,4.785601512367623
201800032855,NonLethal,2018-09-14,04:50:00,NightStreelightsOn,710,76,Yes,Other,Normal,2Vehicles-Side,ABBANS (RUE JOUFFROY  D',M,46.79950200894649,4.799239222286865
201800032856,NonLethal,2018-09-25,18:10:00,Daylight,710,76,Yes,NoIntersection,Normal,2Vehicles-BehindVehicles-Frontal,DELIRY (RUE PIERRE),M,46.79714807210716,4.797620145886952
201800032857,NonLethal,2018-09-26,19:45:00,NightStreelightsOn,710,76,Yes,NoIntersection,Normal,2Vehicles-Side,MONNOT (AVENUE),M,46.78924160245473,4.789667205576674
201800032858,NonLethal,2018-08-10,20:26:00,NightStreelightsOn,710,76,Yes,NoIntersection,Normal,2Vehicles-Side,PARIS (AVENUE DE),M,46.79257982387018,4.792511544473379
201800032859,NonLethal,2018-11-24,12:20:00,Daylight,710,76,Yes,NoIntersection,Normal,2Vehicles-Side,DUMOREY (RUE THOMAS),M,46.77223782144789,4.772437139557891
201800032860,NonLethal,2018-11-24,01:40:00,NightStreelightsOn,710,76,Yes,NoIntersection,LightRain,Other,SAINT COSME (GRANDE RUE),M,46.776689927188485,4.778792096339912
201800032861,Lethal,2018-12-12,05:35:00,NightStreelightsOn,710,76,Yes,NoIntersection,LightRain,NoCollision,CURIE (RUE PIERRE),M,46.79516034560052,4.796822311836316
201800032862,NonLethal,2018-12-21,19:52:00,NightNoStreetLight,710,445,No,NoIntersection,Normal,Other,JULIEN LENEVEU (RUE),M,46.78666581802864,4.784140810261945
201800032863,NonLethal,2018-12-24,13:55:00,Daylight,710,445,Yes,NoIntersection,Normal,2Vehicles-BehindVehicles-Frontal,VILLENEUVE (RUE DE LA),M,46.76915724383584,4.768631608932114
201800032864,NonLethal,2018-01-22,09:15:00,Daylight,710,153,Yes,Roundabout,LightRain,Other,MARCET (RUE BAPTISTE),M,46.79495068001045,4.795362095190667
201800032865,NonLethal,2018-05-17,11:55:00,Daylight,710,153,Yes,T-type,Normal,2Vehicles-Side,ETANG DE LA FORGE (rue),M,46.79984284826378,4.798957904809413
201800032866,NonLethal,2018-05-29,15:25:00,Daylight,710,153,Yes,X-type,Normal,Other,MARECHAL FOCH (RUE),M,46.8062488234292,4.805917083102309
201800032867,NonLethal,2018-03-06,12:15:00,Daylight,710,153,Yes,X-type,Normal,Other,SAINT SAUVEUR (AVENUE),M,46.80745300823232,4.8081305847872144
201800032868,NonLethal,2018-04-06,17:40:00,Daylight,710,309,Yes,T-type,Normal,2Vehicles-Side,LA FERME DES GROISONS,M,46.78804301678669,4.789153254715489
201800032869,NonLethal,2018-06-25,18:15:00,Daylight,710,540,No,NoIntersection,VeryGood,3+Vehicles-Multiple,R.N. 80,M,46.7756330751266,4.77578707542757
201800032870,NonLethal,2018-04-06,13:30:00,Daylight,710,540,Yes,X-type,Normal,2Vehicles-Side,CONSELVE (AVENUE DE),M,46.78418667192569,4.78414284842623
201800032871,NonLethal,2018-06-26,07:50:00,Daylight,710,540,No,NoIntersection,Normal,NoCollision,THIELLAY (le)  CD.28,M,46.75721733324265,4.758399457865409
201800032872,NonLethal,2018-06-06,20:45:00,Daylight,710,153,Yes,NoIntersection,Overcast,NoCollision,EPINAC (ROUTE D'),M,46.81612816688308,4.818575051209774
201800032873,NonLethal,2018-06-28,13:15:00,Daylight,710,153,Yes,Other,Normal,2Vehicles-Behind,VERDUN (AVENUE DE),M,46.80354549351198,4.805279323749107
201800032874,NonLethal,2018-04-07,17:25:00,Daylight,710,153,Yes,NoIntersection,Normal,NoCollision,BRUYERES (RUE DES),M,46.79624790587212,4.798804502539316
201800032875,NonLethal,2018-10-07,23:35:00,NightStreelightsOn,710,153,Yes,NoIntersection,Normal,2Vehicles-Behind,SCHNEIDER (BOULEVARD HEN,M,46.80776995436969,4.8051911456072816
201800032876,NonLethal,2018-07-18,19:00:00,Daylight,710,540,Yes,Other,Normal,Other,TILLEULS (RUE DES),M,46.78640216600327,4.787372521115246
201800032877,NonLethal,2018-07-21,10:15:00,Daylight,710,309,No,NoIntersection,Normal,NoCollision,R.N.80,M,46.78438463139438,4.783559176017809
201800032878,Lethal,2018-07-25,09:03:00,Daylight,710,153,Yes,NoIntersection,Normal,2Vehicles-Side,MARECHAL FOCH (RUE),M,46.80602440807246,4.804879408778395
201800032880,NonLethal,2018-08-26,06:35:00,Daylight,710,153,Yes,NoIntersection,Normal,Other,DOCTEUR REBILLARD (RUE D,M,45.81489758714902,4.813033274895815
201800032882,NonLethal,2018-09-01,14:55:00,Daylight,710,540,No,T-type,Normal,2Vehicles-Side,GOULOTTES (RUE DES),M,46.75821275435337,4.759871833283219
201800032883,NonLethal,2018-09-01,18:25:00,Daylight,710,153,Yes,X-type,Normal,2Vehicles-Side,MARECHAL FOCH (RUE),M,46.80463279393432,4.804751242266889
201800032884,NonLethal,2018-09-05,07:30:00,Daylight,710,540,No,NoIntersection,Normal,2Vehicles-Behind,Rond-Point du Vieux Saul,M,46.76748454938478,4.766716558477516
201800032885,NonLethal,2018-05-09,14:30:00,Daylight,710,540,No,NoIntersection,Normal,2Vehicles-BehindVehicles-Frontal,BOIS MOREY (LE),M,46.76935826918553,4.768274060048083
201800032886,NonLethal,2018-08-09,16:07:00,Daylight,710,153,Yes,NoIntersection,Normal,2Vehicles-BehindVehicles-Frontal,BARRE (RUE DE LA),M,46.78829600254962,4.787749342415124
201800032887,NonLethal,2018-09-23,17:00:00,Daylight,710,153,Yes,X-type,Normal,2Vehicles-Side,SAINT SERNIN (ROUTE DE),M,46.82553560868164,4.825262197198882
201800032888,NonLethal,2018-09-21,17:30:00,Daylight,710,153,Yes,NoIntersection,Normal,NoCollision,ABATTOIRS (boulevard des,M,46.7871603515144,4.786921438111252
201800032889,NonLethal,2018-09-26,08:15:00,Daylight,710,153,Yes,NoIntersection,Normal,2Vehicles-Behind,MARCET (RUE BAPTISTE),M,46.79799464120044,4.797594802857519
201800032890,NonLethal,2018-09-29,03:45:00,NightNoStreetLight,710,59,Yes,NoIntersection,Normal,Other,MONTVALTIN (CHEMIN RURAL,M,46.80250145283609,4.801595779146187
201800032891,NonLethal,2018-10-10,19:15:00,TwilightOrDawn,710,153,Yes,X-type,LightRain,2Vehicles-Side,MARECHAL FOCH (RUE),M,46.80492995048906,4.8036406921610055
201800032892,NonLethal,2018-10-16,11:55:00,Daylight,710,153,Yes,NoIntersection,Normal,Other,ETANG DE LA FORGE (rue),M,46.7993569279526,4.796700190398541
201800032894,NonLethal,2018-02-11,08:45:00,Daylight,710,153,Yes,NoIntersection,Overcast,Other,DOCTEUR REBILLARD (RUE D,M,46.810943458820006,4.810702177561455
201800032895,NonLethal,2018-11-07,08:00:00,Daylight,710,540,Yes,T-type,Overcast,2Vehicles-Side,HUIT MAI (CARREFOUR DU),M,46.7837843070004,4.78557202126169
201800032896,NonLethal,2018-11-07,12:15:00,Daylight,710,309,No,NoIntersection,LightRain,2Vehicles-BehindVehicles-Frontal,TOULON (ROUTE DE),M,46.782874523624734,4.783615077965084
201800032899,NonLethal,2018-11-15,08:45:00,Daylight,710,153,Yes,NoIntersection,FogOrSmoke,NoCollision,SAINT SERNIN (ROUTE DE),M,46.81425208608144,4.811987020951085
201800032900,NonLethal,2018-11-21,17:55:00,NightNoStreetLight,710,540,No,NoIntersection,Normal,2Vehicles-Side,R.N. 80,M,46.767428483654975,4.767965130895322
201800032901,NonLethal,2018-10-12,19:10:00,NightNoStreetLight,710,153,Yes,NoIntersection,LightRain,Other,SAINT SERNIN (ROUTE DE),M,46.81535470327026,4.813975703191708
201800032902,NonLethal,2018-12-19,11:30:00,Daylight,710,153,Yes,Other,Normal,2Vehicles-BehindVehicles-Frontal,Industrie ( Boulevard de,M,46.79477380118791,4.79555545034784
201800032903,NonLethal,2018-12-20,17:15:00,NightStreelightsOn,710,153,Yes,NoIntersection,Overcast,Other,VERDUN (AVENUE DE),M,46.808784820340655,4.808187064956361
201800032904,NonLethal,2018-12-29,07:40:00,NightStreelightsOn,710,153,Yes,T-type,Normal,Other,EUROPE (AVENUE DE L'),M,46.80731516566243,4.805099251798306
201800032907,NonLethal,2018-06-21,09:15:00,Daylight,350,120,No,T-type,Normal,2Vehicles-Side,LE HAUT LIMEUL,M,48.19092613272114,-0.188956736272739
201800032909,NonLethal,2018-10-08,01:00:00,NightNoStreetLight,350,258,No,NoIntersection,Overcast,Other,aire de montmuran,M,48.30802934517034,-0.3090218564136047
201800032911,Lethal,2018-09-15,18:00:00,Daylight,350,94,No,NoIntersection,Normal,NoCollision,la perche,M,48.32421161653463,-0.3261241016601002
201800032912,NonLethal,2018-11-16,02:05:00,NightNoStreetLight,350,233,No,NoIntersection,FogOrSmoke,2Vehicles-BehindVehicles-Frontal,les marzelles,M,48.35386477455189,-0.3554453677206436
201800032913,NonLethal,2018-01-19,17:55:00,NightStreelightsOn,710,270,Yes,Roundabout,HeavyRain,Other,Carrefour Europe/ Av Edo,M,46.299923540765086,4.296787984141591
201800032914,NonLethal,2018-02-06,06:40:00,NightNoStreetLight,710,497,Yes,NoIntersection,LightRain,2Vehicles-Behind,GENERAL DE GAULLE (BOULE,M,46.33930571909052,4.33802872600289
201800032915,NonLethal,2018-02-12,14:10:00,Daylight,710,270,Yes,X-type,Overcast,Other,"37, Intersection Lacrete",M,46.30674062224583,4.30588753792266
201800032916,NonLethal,2018-02-15,22:55:00,NightStreelightsOn,710,270,Yes,X-type,Normal,2Vehicles-Side,Intersection Lacretelle/,M,46.30427911270332,4.305356929227357
201800032917,NonLethal,2018-04-18,07:59:00,Daylight,710,270,Yes,NoIntersection,Normal,2Vehicles-Side,REPUBLIQUE (RUE DE LA),M,46.29272853758259,4.293888660282592
201800032918,NonLethal,2018-05-22,10:15:00,Daylight,710,270,Yes,NoIntersection,Normal,Other,LYON (ROUTE DE),M,46.28991507597706,4.291552378496807
201800032919,NonLethal,2018-05-25,01:55:00,NightNoStreetLight,710,260,No,NoIntersection,Normal,2Vehicles-Side,Route des Allemands,M,46.29141663890235,4.291965014301588
201800032920,NonLethal,2018-05-25,19:45:00,Daylight,710,270,Yes,X-type,Normal,2Vehicles-Side,Inter Rue Paris / Bd Hen,M,46.3142682407039,4.314162107099429
201800032921,NonLethal,2018-05-27,12:30:00,Daylight,710,270,Yes,Roundabout,Normal,NoCollision,ROUTE DEPARTEMENTALE 9O6,M,46.28666743749445,4.286520458252921
201800032923,NonLethal,2018-06-14,08:25:00,Daylight,710,270,Yes,NoIntersection,Normal,2Vehicles-Side,CASSIN (AVENUE RENE),M,46.325327759054375,4.327349468162745
201800032924,NonLethal,2018-06-17,15:15:00,Daylight,710,270,Yes,NoIntersection,Normal,Other,LATTRE DE TASSIGNY (QUAI,M,46.315694343287646,4.314928426947367
201800032925,NonLethal,2018-01-07,14:10:00,Daylight,710,270,Yes,NoIntersection,Normal,2Vehicles-Side,LIBERTE (RUE DE LA),M,46.32511456325534,4.324892012767348
201800032926,NonLethal,2018-11-07,17:27:00,Daylight,710,270,Yes,NoIntersection,Normal,NoCollision,DENAVE (AVENUE PIERRE),M,46.30209543246327,4.302251687884933
201800032927,NonLethal,2018-07-13,18:30:00,Daylight,710,270,Yes,NoIntersection,Normal,2Vehicles-Behind,LYON (ROUTE DE),M,46.2855977964594,4.285481356307947
201800032929,NonLethal,2018-07-22,17:05:00,Daylight,710,270,Yes,NoIntersection,Normal,2Vehicles-BehindVehicles-Frontal,VALLON (RUE DU),M,46.31906147085104,4.319464232253162
201800032930,NonLethal,2018-07-29,15:20:00,Daylight,710,511,No,T-type,Normal,2Vehicles-Behind,RTE DE CHARBONNIERES,M,46.36966236025064,4.371418412044032
201800032931,NonLethal,2018-02-08,15:22:00,Daylight,710,270,No,NoIntersection,Normal,3+Vehicles-Multiple,CHARLES DE GAULLE (AV),M,46.35219848376814,4.350707701552613
201800032932,NonLethal,2018-08-03,12:40:00,Daylight,710,270,Yes,Other,Normal,NoCollision,VALLON (RUE DU),M,46.31692030382216,4.316286930462042
201800032933,NonLethal,2018-02-08,16:49:00,Daylight,710,270,Yes,Roundabout,Normal,2Vehicles-Side,JAURES (QUAI),M,46.31044065842036,4.307878890242494
201800032934,NonLethal,2018-08-14,09:20:00,Daylight,710,105,Yes,NoIntersection,Normal,Other,COUPEE (GRANDE-RUE DE LA,M,46.307359695012494,4.309327234189297
201800032935,NonLethal,2018-08-16,18:15:00,Daylight,710,270,Yes,NoIntersection,Normal,2Vehicles-Behind,LYON (ROUTE DE),M,46.29649414487091,4.295218250719614
201800032939,NonLethal,2018-09-13,07:15:00,Daylight,710,105,No,Y-type,Normal,2Vehicles-Side,DAVAYE (ROUTE DE),M,46.29810440976118,4.299000202410321
201800032940,Lethal,2018-09-19,11:35:00,Daylight,710,270,No,T-type,Normal,NoCollision,JACQUARD (RUE),M,46.27991759424262,4.278829105281615
201800032941,NonLethal,2018-09-22,18:00:00,Daylight,710,270,Yes,NoIntersection,Normal,Other,DENAVE (AVENUE PIERRE),M,43.30017324283752,4.300928554351553
201800032942,NonLethal,2018-09-23,02:10:00,NightStreelightsOn,710,270,Yes,NoIntersection,Normal,2Vehicles-Side,ROUTE DEPARTEMENTALE 906,M,46.30240471660122,4.304572574952041
201800032946,NonLethal,2018-10-03,12:10:00,Daylight,710,270,Yes,NoIntersection,Normal,2Vehicles-Side,Carf Libert_EFlac_EHrit,M,46.31581356809806,4.314316473651253
201800032948,NonLethal,2018-10-13,11:10:00,Daylight,710,105,Yes,NoIntersection,Normal,Other,COUPEE (GRANDE-RUE DE LA,M,46.3051738316496,4.308686252831665
201800032949,NonLethal,2018-10-14,11:40:00,Daylight,710,497,Yes,Roundabout,Normal,2Vehicles-Side,SENNECE (ROUTE DE),M,46.33159325915836,4.329651185651127
201800032951,NonLethal,2018-11-18,17:40:00,NightStreelightsOn,710,260,No,NoIntersection,Normal,2Vehicles-BehindVehicles-Frontal,Chemin de la Balme,M,46.28463243243091,4.28411470716522
201800032953,NonLethal,2018-03-12,17:50:00,NightStreelightsOn,710,105,Yes,NoIntersection,LightRain,NoCollision,CLUNY (ROUTE DE),M,46.308276819084085,4.311377310026432
201800032954,NonLethal,2018-12-09,00:55:00,NightStreelightsOn,710,270,Yes,NoIntersection,Normal,2Vehicles-Behind,BIGONNET (RUE),M,46.299551339958015,4.302415252816851
201800032955,NonLethal,2018-05-02,08:39:00,Daylight,470,100,No,NoIntersection,Normal,2Vehicles-Behind,PK 57.300 ARTIGUES,M,44.2667944596766,6.265776619526089
201800032956,NonLethal,2018-05-06,11:45:00,Daylight,470,92,No,NoIntersection,Normal,2Vehicles-Behind,LA GARENNE,M,44.11899419948297,7.119810371293648
201800032957,NonLethal,2018-06-15,06:50:00,TwilightOrDawn,470,60,No,NoIntersection,Normal,Other,D129,M,44.11490718874426,7.116512753569391
201800032958,NonLethal,2018-07-23,01:40:00,NightNoStreetLight,470,300,No,NoIntersection,Normal,Other,438 AVENUE DES LANDES,M,44.213369683479634,4.212532521550242
201800032959,NonLethal,2018-08-30,16:15:00,Daylight,470,15,No,NoIntersection,Normal,2Vehicles-BehindVehicles-Frontal,N 21,M,44.035300439518494,6.036534962117156
201800032960,NonLethal,2018-09-25,03:30:00,NightNoStreetLight,470,246,Yes,NoIntersection,Normal,Other,RD 813,M,44.226530922085566,5.225872910684211
201800032961,NonLethal,2018-10-05,18:20:00,Daylight,470,209,No,T-type,Normal,2Vehicles-Side,D656,M,44.22455852937561,6.223285771797861
201800032962,NonLethal,2018-06-12,08:55:00,Daylight,470,209,No,NoIntersection,Overcast,3+Vehicles-Multiple,"Lieu-dit ""La tuquette""",M,44.257356379467815,6.255708085459685
201800032963,NonLethal,2018-12-12,18:15:00,NightNoStreetLight,470,15,No,NoIntersection,Overcast,2Vehicles-BehindVehicles-Frontal,route nationale 21 - lie,M,44.07332759257231,6.074448417198526
201800032964,NonLethal,2018-12-22,19:30:00,NightNoStreetLight,470,60,No,NoIntersection,Overcast,2Vehicles-Side,Route de Layrac,M,44.11479382438777,7.117215494434669
201800032965,NonLethal,2018-01-11,19:55:00,NightNoStreetLight,470,57,No,NoIntersection,Overcast,2Vehicles-BehindVehicles-Frontal,RN21,M,44.65573442362805,5.6563788456102655
201800032966,Lethal,2018-01-22,14:50:00,Daylight,470,84,No,NoIntersection,LightRain,Other,"CD 254, PR 19+050",M,44.64660340019736,5.647981727261806
201800032967,NonLethal,2018-04-01,05:00:00,NightNoStreetLight,470,146,No,NoIntersection,Overcast,Other,CAMPAGNAC,M,44.431272867378055,6.430625108467813
201800032968,NonLethal,2018-01-05,04:36:00,NightNoStreetLight,470,44,No,NoIntersection,Normal,Other,"LIEU-DIT ""JEAN VAILLANT""",M,44.66639955045125,5.667103569663858
201800032969,NonLethal,2018-05-13,08:40:00,NightNoStreetLight,470,192,No,NoIntersection,Normal,Other,GRANDE BORDE,M,44.5713018157849,5.571031807052632
201800032970,Lethal,2018-06-14,17:45:00,Daylight,470,37,No,NoIntersection,Normal,Other,MON FERRIER,M,44.63088730641045,6.630411633462836
201800032971,NonLethal,2018-09-07,00:50:00,NightNoStreetLight,470,219,No,NoIntersection,Normal,Other,PONT BAS,M,44.66249866743512,7.664151512192573
201800032972,NonLethal,2018-07-27,18:50:00,Daylight,470,57,No,NoIntersection,Normal,2Vehicles-Side,ROUTE DEPARTEMENTALE 2,M,44.64975150673395,6.64936200345707
201800032973,Lethal,2018-08-26,06:45:00,TwilightOrDawn,470,57,Yes,NoIntersection,Normal,Other,AVENUE DE L'HIRONDELLE,M,44.649716317031626,5.649499870529305
201800032974,NonLethal,2018-10-15,18:20:00,Daylight,470,37,No,Y-type,Normal,2Vehicles-BehindVehicles-Frontal,Bosclar,M,44.62700471340702,7.628794040997993
201800032975,NonLethal,2018-03-11,17:40:00,TwilightOrDawn,470,198,No,NoIntersection,Normal,2Vehicles-BehindVehicles-Frontal,Gorse bas,M,44.47232265573062,6.471628207260709
201800032976,NonLethal,2018-11-29,15:15:00,Daylight,470,284,No,NoIntersection,Normal,Other,D 162,M,44.54927642272387,8.550453971535678
201800032977,NonLethal,2018-12-09,19:35:00,NightNoStreetLight,470,175,No,NoIntersection,Normal,NoCollision,BOULEDE,M,44.52758348317851,7.526492482837662
201800032979,NonLethal,2018-10-05,18:20:00,Daylight,710,499,Yes,NoIntersection,Normal,2Vehicles-Side,RENE CASSIN (RUE),M,46.660989977932005,4.661605640807664
201800032981,NonLethal,2018-03-05,11:20:00,Daylight,710,499,Yes,NoIntersection,Normal,2Vehicles-Side,SAINT BERAIN (RUE DE),M,46.67455069125382,4.675742616720386
201800032982,NonLethal,2018-05-08,09:50:00,Daylight,710,306,Yes,NoIntersection,Normal,Other,JEAN BOUVERI (RUE),M,46.622496704857525,4.622115080750105
201800032984,NonLethal,2018-05-25,18:00:00,Daylight,710,306,Yes,NoIntersection,Normal,NoCollision,RUGNY (AVENUE DE),M,46.69423098745682,4.693259201141185
201800032985,NonLethal,2018-05-19,18:50:00,Daylight,710,306,Yes,NoIntersection,Normal,2Vehicles-Side,MARCEL DULAC (RUE),M,46.68482188524543,4.682835470530771
201800032987,NonLethal,2018-05-22,17:55:00,Daylight,710,486,Yes,NoIntersection,Normal,NoCollision,RD 974,M,46.75969632213403,4.761173630284692
201800032988,NonLethal,2018-06-19,17:05:00,Daylight,710,40,Yes,NoIntersection,Normal,2Vehicles-Behind,RN 70 (ROUTE EXPRESS),M,46.70245707807644,4.70278818529097
201800032989,NonLethal,2018-06-19,20:55:00,TwilightOrDawn,710,499,Yes,NoIntersection,Normal,NoCollision,SAINT BERAIN (RUE DE),M,46.67516061850302,4.675148433631954
201800032991,NonLethal,2018-04-06,17:20:00,Daylight,710,306,Yes,NoIntersection,Normal,NoCollision,GENERAL DE GAULLE (QUAI,M,46.67327909477794,4.672189639847863
201800032992,NonLethal,2018-06-05,16:15:00,Daylight,710,306,Yes,NoIntersection,Normal,Other,MACON (RUE DE),M,46.67234650793584,4.673470559211692
201800032993,NonLethal,2018-06-17,22:40:00,NightNoStreetLight,710,486,Yes,NoIntersection,Normal,NoCollision,PUITS (RUE DES),M,46.64755266330874,4.647811263900795
201800032994,NonLethal,2018-07-07,15:15:00,Daylight,710,306,Yes,NoIntersection,Normal,Other,JULES CHAGOT (QUAI),M,46.6740495202747,4.673219003136167
201800032996,NonLethal,2018-07-10,09:50:00,Daylight,710,499,Yes,NoIntersection,Normal,2Vehicles-Side,JEAN PROST (RUE),M,46.66200784348859,4.661555865654183
201800032997,NonLethal,2018-07-18,18:15:00,Daylight,710,40,Yes,NoIntersection,Normal,2Vehicles-Side,MARMAGNE (RUE DE),M,46.669742393499554,4.668158504646864
201800032999,NonLethal,2018-07-23,21:05:00,NightStreelightsOn,710,486,Yes,NoIntersection,Normal,NoCollision,PUITS (RUE DES),M,46.65276987163048,4.6523237327631
201800033000,NonLethal,2018-07-23,22:25:00,NightStreelightsOn,710,306,Yes,T-type,Normal,NoCollision,RUGNY (AVENUE DE),M,46.69162417686368,4.691008513071993
201800033001,NonLethal,2018-07-28,09:15:00,Daylight,710,486,Yes,NoIntersection,Normal,NoCollision,RD 974,M,46.63214515748257,4.629019780330026