AccidentId,Gravity,Date,Hour,Light,Department,Commune,InAgglomeration,IntersectionType,Weather,CollisionType,PostalAddress,GPSCode,Latitude,Longitude
201800033002,NonLethal,2018-01-08,17:00:00,Daylight,710,306,Yes,NoIntersection,Normal,Other,GENERAL DE GAULLE (QUAI,M,46.67526449774131,4.675325046413479
201800033003,NonLethal,2018-08-08,18:40:00,Daylight,710,306,Yes,NoIntersection,Normal,2Vehicles-BehindVehicles-Frontal,JEAN DIDIER (RUE),M,46.65804524874403,4.655419006768094
201800033005,NonLethal,2018-10-08,08:25:00,Daylight,710,486,Yes,NoIntersection,Normal,Other,MAURICE THOREZ (RUE),M,46.64358218169011,4.644797243317973
201800033006,NonLethal,2018-08-18,10:50:00,Daylight,710,306,No,NoIntersection,Normal,NoCollision,RN 70 (ROUTE EXPRESS),M,46.69291142048228,4.6912578716974975
201800033007,NonLethal,2018-08-16,15:45:00,Daylight,710,306,Yes,NoIntersection,Normal,2Vehicles-Side,PECHEURS (RUE DES),M,46.67125342136751,4.672197607756936
201800033008,NonLethal,2018-08-19,19:25:00,TwilightOrDawn,710,40,Yes,NoIntersection,Normal,2Vehicles-Side,MACON (ROUTE DE),M,46.67604195936239,4.673451726592901
201800033009,NonLethal,2018-08-21,07:20:00,Daylight,710,306,Yes,NoIntersection,Normal,2Vehicles-Side,ANTOINE EMORINE (RUE),M,46.67013114940314,4.670899633870175
201800033011,NonLethal,2018-08-19,11:20:00,Daylight,710,306,Yes,NoIntersection,Normal,Other,PLESSIS (BOULEVARD DU),M,46.68039762588278,4.678236140044199
201800033012,NonLethal,2018-08-24,09:05:00,NightNoStreetLight,710,306,No,NoIntersection,Normal,NoCollision,RN 7O (ROUTE EXPRESS),M,46.68767760949378,4.68577216439719
201800033013,NonLethal,2018-08-29,07:25:00,Daylight,710,499,Yes,NoIntersection,Normal,2Vehicles-BehindVehicles-Frontal,ROUTE DEPARTEMENTALE (Nø,M,46.65816153587503,4.658944933794909
201800033014,NonLethal,2018-08-30,19:15:00,Daylight,710,40,No,NoIntersection,Normal,NoCollision,Bretelle accs RN 70,M,46.70059993292308,4.701643479644243
201800033015,NonLethal,2018-08-31,20:35:00,Daylight,710,306,Yes,NoIntersection,Normal,2Vehicles-Side,ANATOLE FRANCE (RUE),M,46.68579982014796,4.686650373390663
201800033016,Lethal,2018-04-09,16:25:00,Daylight,710,306,Yes,NoIntersection,Normal,Other,SAINT VALLIER (RUE DE),M,46.66572110508476,4.6671892607444905
201800033017,NonLethal,2018-09-07,15:50:00,Daylight,710,306,Yes,NoIntersection,Normal,Other,ROUGET DE L'ISLE (RUE),M,46.67127040115464,4.670729656168731
201800033019,NonLethal,2018-09-25,17:25:00,Daylight,710,40,Yes,NoIntersection,Normal,Other,MACON (ROUTE DE),M,46.69050491551394,4.691553626469138
201800033020,NonLethal,2018-09-25,23:45:00,NightNoStreetLight,710,40,No,NoIntersection,Normal,NoCollision,BRULARD (RUE DU),M,46.70847409931377,4.709109106373036
201800033021,NonLethal,2018-09-26,17:35:00,Daylight,710,486,Yes,NoIntersection,Normal,Other,JEAN LEBAS (RUE),M,46.64293568555498,4.644631542657695
201800033022,NonLethal,2018-09-28,09:05:00,Daylight,710,306,Yes,T-type,Normal,2Vehicles-Side,5EME REGIMENT DE DRAGONS,M,46.67699432384142,4.67734312006978
201800033023,NonLethal,2018-07-10,16:40:00,Daylight,710,306,Yes,NoIntersection,LightRain,2Vehicles-Side,ALOUETTES (AVENUE DES),M,46.68287546758685,4.6818662073306845
201800033024,NonLethal,2018-10-17,18:10:00,Daylight,710,306,Yes,T-type,Normal,2Vehicles-Side,LUCY (RUE DE),M,46.665100246511,4.6670282408132895
201800033025,Lethal,2018-10-18,20:50:00,NightStreelightsOn,710,486,Yes,NoIntersection,Normal,2Vehicles-BehindVehicles-Frontal,CHARLES TERRENOIRE (RUE),M,46.64958127211326,4.649762482361079
201800033026,NonLethal,2018-10-30,15:25:00,Daylight,710,486,Yes,Roundabout,Normal,2Vehicles-Side,JEAN DAMICHEL (RUE),M,46.656781074882325,4.655880851133645
201800033027,NonLethal,2018-10-30,12:00:00,Daylight,710,486,No,NoIntersection,Normal,NoCollision,RD 974,M,45.178250040722695,4.179012766881393
201800033028,NonLethal,2018-06-11,16:18:00,Daylight,710,306,Yes,NoIntersection,LightRain,2Vehicles-Behind,JULES GUESDE (RUE),M,46.67911661517357,4.67732327500086
201800033030,NonLethal,2018-11-08,08:15:00,Daylight,710,486,Yes,Other,Normal,Other,GAMBETTA (RUE),M,46.6442590767536,4.642542852924435
201800033031,NonLethal,2018-08-11,16:50:00,Daylight,710,306,Yes,NoIntersection,Normal,3+Vehicles-Chain,DE LATTRE DE TASSIGNY (B,M,46.67561755016108,4.6770415232250615
201800033032,NonLethal,2018-11-15,11:50:00,Daylight,710,306,Yes,NoIntersection,Normal,Other,DE LATTRE DE TASSIGNY (B,M,46.67669620690301,4.67690364402179
201800033034,NonLethal,2018-11-22,08:50:00,Daylight,710,486,Yes,X-type,Normal,2Vehicles-Side,COLBERT (RUE),M,46.64706373909174,4.647329451945805
201800033035,NonLethal,2018-11-23,16:25:00,Daylight,710,306,Yes,NoIntersection,Normal,Other,GENERAL DE GAULLE (QUAI,M,46.67428837579595,4.670723492722383
201800033036,NonLethal,2018-11-25,21:00:00,NightNoStreetLight,710,306,No,NoIntersection,LightRain,NoCollision,RN 70 (ROUTE EXPRESS),M,46.69017411839464,4.69214457111088
201800033037,NonLethal,2018-11-19,10:00:00,Daylight,710,40,Yes,NoIntersection,Normal,2Vehicles-Side,MACON (ROUTE DE),M,46.686278373344805,4.688669880719023
201800033038,NonLethal,2018-11-29,17:40:00,NightStreelightsOn,710,40,Yes,NoIntersection,Normal,Other,JOSEPH LAMBERT (RUE),M,46.6958918737632,4.6976907852335
201800033039,NonLethal,2018-03-12,12:50:00,Daylight,710,306,Yes,NoIntersection,Normal,2Vehicles-Side,MARECHAL LECLERC (AVENUE,M,46.68168853412001,4.683543517783272
201800033040,NonLethal,2018-12-03,14:55:00,Daylight,710,40,Yes,NoIntersection,Normal,2Vehicles-Behind,MACON (ROUTE DE),M,46.68310847636162,4.686757764428999
201800033041,NonLethal,2018-04-12,17:40:00,NightNoStreetLight,710,40,No,NoIntersection,Normal,3+Vehicles-Multiple,RN 7O (ROUTE EXPRESS),M,46.69999292744784,4.700228149574091
201800033043,NonLethal,2018-06-12,17:45:00,NightStreelightsOn,710,306,Yes,NoIntersection,LightRain,2Vehicles-Side,ROGER SALENGRO (AVENUE),M,46.66709282721606,4.6693381116595685
201800033044,NonLethal,2018-06-12,17:45:00,NightNoStreetLight,710,486,Yes,NoIntersection,LightRain,NoCollision,HENRI DUNAND (BOULEVARD),M,46.64827582961786,4.648497815240076
201800033045,NonLethal,2018-12-08,17:40:00,TwilightOrDawn,710,306,Yes,NoIntersection,Normal,NoCollision,ALOUETTES (AVENUE DES),M,46.68380847963318,4.683917988760498
201800033046,NonLethal,2018-07-12,13:40:00,Daylight,710,306,Yes,NoIntersection,Normal,NoCollision,J.F. KENNEDY (RUE),M,46.66656992967676,4.664985151987946
201800033047,NonLethal,2018-12-08,20:20:00,NightStreelightsOn,710,306,Yes,NoIntersection,Normal,2Vehicles-Side,PAGEOT (RUE DE LA PLACE,M,46.65986483339915,4.658931389241483
201800033048,NonLethal,2018-09-12,11:10:00,TwilightOrDawn,710,306,Yes,NoIntersection,LightRain,2Vehicles-Behind,MARECHAL LECLERC (AVENUE,M,46.69266462780923,4.692785996594325
201800033049,NonLethal,2018-11-12,08:45:00,Daylight,710,486,Yes,NoIntersection,Normal,2Vehicles-Side,ESSERTOT (RUE DE L'),M,46.63469292527755,4.63311959090189
201800033050,NonLethal,2018-11-12,17:05:00,NightStreelightsOn,710,306,Yes,NoIntersection,Normal,Other,SAINT EXUPERY (RUE),M,46.67898377337283,4.677646542959225
201800033051,NonLethal,2018-12-15,10:30:00,Daylight,710,306,Yes,NoIntersection,Normal,2Vehicles-Side,ALOUETTES (AVENUE DES),M,46.6903913777199,4.690786724420577
201800033052,NonLethal,2018-12-15,16:30:00,Daylight,710,306,Yes,NoIntersection,Normal,2Vehicles-BehindVehicles-Frontal,MARECHAL LECLERC (AVENUE,M,46.6779097217234,4.679197716633107
201800033053,NonLethal,2018-12-17,17:20:00,TwilightOrDawn,710,306,Yes,NoIntersection,Normal,2Vehicles-Behind,MAUGRAND (BLD DE LA),M,46.68104673772709,4.680217084491993
201800033054,NonLethal,2018-12-18,19:25:00,NightStreelightsOn,710,306,Yes,X-type,Normal,2Vehicles-Side,ROUGET DE L'ISLE (RUE),M,46.67637110078938,4.677753897214272
201800033055,NonLethal,2018-12-19,11:10:00,Daylight,710,306,Yes,NoIntersection,Normal,3+Vehicles-Chain,ALOUETTES (AVENUE DES),M,46.68370495919668,4.683056597077388
201800033056,NonLethal,2018-12-19,19:35:00,NightStreelightsOn,710,306,Yes,X-type,LightRain,2Vehicles-Side,COUDRAIE RUE DE LA,M,46.69090682052308,4.692727360860212
201800033057,NonLethal,2018-12-21,09:50:00,Daylight,710,306,Yes,NoIntersection,Normal,Other,COUDRAIE (RUE DE LA),M,46.69314806499306,4.691569697235537
201800033058,NonLethal,2018-12-21,17:00:00,TwilightOrDawn,710,306,Yes,NoIntersection,Normal,Other,BARBES (RUE),M,46.66789056072096,4.669377780536884
201800033060,NonLethal,2018-12-22,14:15:00,Daylight,710,306,No,NoIntersection,Normal,2Vehicles-Side,JULES CHAGOT (QUAI),M,46.677278205869925,4.67725711200838
201800033062,NonLethal,2018-12-26,16:00:00,Daylight,710,306,Yes,NoIntersection,Normal,NoCollision,LES ALOUETTES (Z.I.),M,46.667174552350936,4.664034974625807
201800033063,NonLethal,2018-12-27,15:15:00,Daylight,710,486,Yes,T-type,Normal,2Vehicles-Side,MAURICE THOREZ (RUE),M,46.64666881206389,4.64865816603428
201800033064,NonLethal,2018-12-31,17:20:00,Daylight,120,210,No,NoIntersection,Normal,2Vehicles-BehindVehicles-Frontal,la croix rouge,M,44.20122348182197,2.1994381714469906
201800033065,NonLethal,2018-01-06,03:55:00,NightNoStreetLight,120,300,No,NoIntersection,LightRain,Other,RD 1,M,44.367771312554446,1.3673283467663115
201800033066,NonLethal,2018-01-27,12:40:00,Daylight,120,301,Yes,Y-type,Normal,2Vehicles-BehindVehicles-Frontal,Bld Cardalhac,M,44.48192244767387,2.481901279890766
201800033067,NonLethal,2018-02-25,12:18:00,Daylight,120,259,No,Y-type,Normal,2Vehicles-Side,D922 - PR19+830,M,44.28014967159241,2.280233370846915
201800033068,NonLethal,2018-04-20,17:40:00,Daylight,120,301,No,NoIntersection,Normal,Other,le lac,M,44.420894763203655,2.422462364621631
201800033069,Lethal,2018-04-24,20:25:00,Daylight,120,263,No,X-type,Normal,2Vehicles-Side,la guillone,M,44.344137236902405,1.3451593972532665
201800033071,NonLethal,2018-06-01,17:34:00,Daylight,120,136,No,NoIntersection,Normal,Other,Route départementale 1,M,44.42178417111853,2.4235380823762998
201800033072,NonLethal,2018-06-09,02:30:00,NightStreelightsOn,120,300,Yes,NoIntersection,Normal,2Vehicles-Side,Quai de la Sénéchaussée,M,44.35009568042622,2.3485812132893917
201800033073,NonLethal,2018-06-29,21:00:00,TwilightOrDawn,120,300,Yes,NoIntersection,Normal,Other,Aumières,M,44.37353599780334,2.372699454291133
201800033074,NonLethal,2018-07-14,18:50:00,Daylight,120,256,No,NoIntersection,Normal,2Vehicles-BehindVehicles-Frontal,Les FARGUETTES,M,44.4504348654999,1.4499837591676
201800033076,NonLethal,2018-08-20,13:30:00,Daylight,120,242,No,NoIntersection,Normal,NoCollision,RD1 PK 50 + 450,M,44.39067000124046,2.389621590524761
201800033077,NonLethal,2018-08-27,18:00:00,Daylight,120,159,No,NoIntersection,Normal,2Vehicles-Behind,D911,M,44.33482540627619,2.3357802442517954
201800033078,NonLethal,2018-10-07,02:20:00,NightNoStreetLight,120,287,No,NoIntersection,HeavyRain,NoCollision,Lieu-dit Mondevis,M,44.3310052509622,1.3335174796194629
201800033079,NonLethal,2018-10-16,14:55:00,Daylight,120,300,Yes,Y-type,Normal,2Vehicles-Side,Route de Toulonjac,M,44.37362195102972,2.371239218246989
201800033080,NonLethal,2018-06-11,12:15:00,Daylight,120,263,No,X-type,Normal,3+Vehicles-Chain,D926 PK 8+200,M,44.34702555124976,1.347097382995937
201800033082,Lethal,2018-12-18,16:10:00,Daylight,120,300,No,NoIntersection,Normal,NoCollision,PK 8+160 D269,M,44.36187883525588,2.35994972022953
201800033083,NonLethal,2018-01-08,17:00:00,Daylight,720,181,Yes,T-type,Normal,2Vehicles-Side,GUETTE-LOUP (CHEMIN) PAI,M,47.96544212373399,2.966473908204462
201800033084,NonLethal,2018-01-11,12:45:00,Daylight,720,181,Yes,NoIntersection,Normal,2Vehicles-Behind,ARENES (RUE DES),M,47.00734817052526,2.0073333931836648
201800033086,NonLethal,2018-01-13,10:48:00,Daylight,720,181,Yes,NoIntersection,Normal,2Vehicles-Behind,"86, BOLLEE (AV) Nø PAIRS",M,48.00115118778669,1.9992549263881516
201800033088,NonLethal,2018-01-16,08:10:00,Daylight,720,181,No,X-type,LightRain,2Vehicles-Side,ESTIENNE D'ORVES (BD D'),M,47.98406632678929,1.9835602110927293
201800033089,NonLethal,2018-01-18,08:50:00,Daylight,720,181,Yes,X-type,LightRain,2Vehicles-Side,JAURES JEAN (AV) Nø IMP,M,47.99329251518247,2.9903487205197923
201800033090,NonLethal,2018-01-24,20:00:00,NightStreelightsOn,720,181,Yes,NoIntersection,LightRain,Other,SCHUMAN ROBERT ( BD),M,47.99230123198193,2.989915413246286
201800033092,NonLethal,2018-02-01,07:20:00,NightStreelightsOn,720,181,Yes,T-type,LightRain,2Vehicles-Side,MOLIERE - ENTRE ROCADE E,M,47.99258863639879,2.9954160328924595
201800033093,NonLethal,2018-02-02,18:30:00,NightStreelightsOn,720,181,Yes,Roundabout,LightRain,2Vehicles-Side,RHIN ET DANUBE (AV) Nø P,M,48.02705516996204,1.027151738206293
201800033094,NonLethal,2018-02-10,15:30:00,Daylight,720,181,Yes,NoIntersection,Normal,3+Vehicles-Chain,"30, GENESLAY FELIX (AV)",M,47.981178460604326,2.9828785741204737
201800033095,NonLethal,2018-02-11,12:15:00,Daylight,720,181,Yes,X-type,Normal,2Vehicles-Side,LATHAM HUBERT (RUE),M,47.96591352326504,2.9671126504646077
201800033098,NonLethal,2018-02-20,11:55:00,Daylight,720,181,Yes,NoIntersection,LightRain,Other,"70, FALCONET ETIENNE (RU",M,47.968007954169884,2.966574111819836
201800033099,NonLethal,2018-02-21,21:42:00,NightStreelightsOn,720,181,Yes,NoIntersection,Normal,Other,"8, PYRAMIDES (RUE DES )",M,47.973335152740944,2.97474340925613
201800033100,NonLethal,2018-02-23,15:30:00,Daylight,720,181,Yes,X-type,Normal,2Vehicles-Side,GAMBETTA (PONT),M,48.005977030028575,1.00594771451321
201800033101,NonLethal,2018-02-27,14:40:00,Daylight,720,3,Yes,NoIntersection,Normal,2Vehicles-Behind,SUZE (RTE DE LA),M,47.97503769110376,1.9732735696969663
201800033102,NonLethal,2018-03-01,09:00:00,Daylight,720,181,Yes,NoIntersection,Normal,Other,ZAMENHOF DOCTEUR (AV DU),M,48.01919607273064,2.019484197585564
201800033103,NonLethal,2018-03-02,18:15:00,Daylight,720,181,Yes,Roundabout,Normal,2Vehicles-Side,TIRONNEAU ADRIEN (PL),M,47.98335053316556,2.98343578842399
201800033104,NonLethal,2018-07-03,18:30:00,TwilightOrDawn,720,181,Yes,NoIntersection,LightRain,Other,JAURES CHURCHILL (ECHANG,M,47.98480933284607,2.985938138841597
201800033105,NonLethal,2018-03-14,08:15:00,Daylight,720,181,Yes,NoIntersection,Normal,Other,"l9, VIEUX LOUP (RUE DU)",M,48.002953156934495,1.003863343111015
201800033106,NonLethal,2018-03-23,17:45:00,Daylight,720,181,No,NoIntersection,LightRain,2Vehicles-Behind,LAVAL (RTE DE) PAIRS,M,48.01675667302672,1.0161474431513118
201800033107,NonLethal,2018-03-28,07:25:00,NightStreelightsOn,720,181,Yes,X-type,LightRain,2Vehicles-Side,ROSTOV SUR LE DON (RUE),M,48.00792598460748,1.0064324997224965
201800033108,NonLethal,2018-03-30,21:20:00,NightStreelightsOn,720,181,Yes,NoIntersection,LightRain,Other,"28, OYON ALEXANDRE (BD)",M,47.99413468070743,1.9940369534741411
201800033109,NonLethal,2018-04-03,14:18:00,Daylight,720,181,Yes,X-type,LightRain,Other,LOUIS BLANC (QUAI),M,48.01009932269989,1.0076319815163726
201800033110,NonLethal,2018-04-06,07:45:00,Daylight,720,181,Yes,NoIntersection,Normal,2Vehicles-Side,LORRAINE (RUE DE),M,47.99713616811293,1.9947226068549773
201800033111,NonLethal,2018-04-10,08:15:00,Daylight,720,181,No,NoIntersection,Normal,2Vehicles-Behind,PATTON GENERAL RTE BAUGE,M,47.99647936912898,1.9982104606933315
201800033114,NonLethal,2018-04-18,13:30:00,Daylight,720,181,Yes,Roundabout,Normal,2Vehicles-Side,GENESLAY FELIX (AV) Nø I,M,47.97203385042141,2.9716370094025817
201800033115,NonLethal,2018-04-20,10:05:00,Daylight,720,181,Yes,Other,Normal,2Vehicles-Side,DEMORIEUX PT DE FER AU P,M,47.99608414989111,1.9960330986844872
201800033116,NonLethal,2018-02-05,19:45:00,Daylight,720,3,No,T-type,Normal,2Vehicles-Side,SUZE (RTE DE LA),M,47.95466037143832,1.9544511403638576
201800033117,NonLethal,2018-04-29,13:30:00,Daylight,720,181,Yes,NoIntersection,Normal,Other,BOLLEE (AV) Nø IMP 347 E,M,47.99931847664372,2.999306493436141
201800033118,NonLethal,2018-07-05,19:50:00,Daylight,720,181,Yes,X-type,Normal,2Vehicles-Side,CARNOT (BD),M,48.00659736683215,1.00608148347173
201800033119,NonLethal,2018-05-14,18:15:00,Daylight,720,181,Yes,T-type,Normal,2Vehicles-Side,MARTIN PIERRE (RUE),M,47.99330389530496,2.9931595814318044
201800033120,NonLethal,2018-05-18,08:30:00,Daylight,720,181,Yes,NoIntersection,Normal,2Vehicles-Side,HEUZE OLIVIER AV Nø PAIR,M,47.99201880798622,1.991406559853564
201800033121,NonLethal,2018-05-18,19:00:00,Daylight,720,181,Yes,T-type,Normal,2Vehicles-Side,EVENTAIL RUE DE L' Nø IM,M,48.0021287996997,2.003560627342935
201800033122,NonLethal,2018-05-26,19:30:00,Daylight,720,181,Yes,Roundabout,LightRain,Other,BIGARREAUX (RUE DES) Nø,M,47.97660051727443,2.9763712614982683
201800033123,NonLethal,2018-05-26,19:45:00,Daylight,720,181,Yes,NoIntersection,LightRain,2Vehicles-BehindVehicles-Frontal,CHURCHILL WINSTON (BD) N,M,47.99039220706915,2.989670982146026
201800033124,NonLethal,2018-05-27,02:30:00,NightStreelightsOn,720,181,Yes,NoIntersection,Normal,3+Vehicles-Multiple,CLEMENCEAU GEORGES ( BD),M,47.97700898781572,2.979099516039984
201800033125,NonLethal,2018-05-30,16:00:00,Daylight,720,181,Yes,NoIntersection,Normal,Other,ESTEREL Nø PAIRS A PARTI,M,47.99478593609852,2.9956293634644804
201800033126,Lethal,2018-05-31,09:20:00,Daylight,720,181,Yes,NoIntersection,Normal,Other,COURBOULAY PAUL (RUE),M,48.00192075570534,1.0011793814323973
201800033127,Lethal,2018-02-06,20:10:00,Daylight,720,181,Yes,NoIntersection,Normal,Other,rue Martial VIVET,M,47.994166504356,2.9942917588703164
201800033131,NonLethal,2018-06-18,23:05:00,NightStreelightsOn,720,181,Yes,X-type,Normal,2Vehicles-Side,BERANGER (RUE) Nø IMP 1,M,48.00134372266752,0.9995452330146396
201800033132,NonLethal,2018-06-21,21:11:00,Daylight,720,181,Yes,NoIntersection,Normal,Other,MAC JEAN (AV) Nø PAIRS 2,M,47.98314244504967,2.983001036576717
201800033133,NonLethal,2018-06-22,00:50:00,NightStreelightsOn,720,181,Yes,NoIntersection,Normal,Other,COURBOULAY PAUL (RUE),M,48.00204485143436,1.0033858020991144
201800033134,NonLethal,2018-06-29,21:25:00,Daylight,720,181,Yes,NoIntersection,Normal,2Vehicles-Behind,RIFFAUDIERES (BD DES),M,47.99325639701679,1.992910785929562
201800033136,NonLethal,2018-07-12,23:42:00,NightNoStreetLight,720,181,Yes,Roundabout,Normal,2Vehicles-BehindVehicles-Frontal,GAULLE GENERAL DE (AV DU,M,,
201800033137,NonLethal,2018-07-17,21:50:00,TwilightOrDawn,720,181,Yes,Square,Normal,2Vehicles-Behind,WASHINGTON GEORGES (PL),M,47.99616654750144,2.99578832013089
201800033138,NonLethal,2018-08-07,06:00:00,Daylight,720,181,Yes,NoIntersection,Normal,Other,HEUZE OLIVIER AV Nø PAIR,M,47.99842751857168,1.9982490819026983
201800033140,NonLethal,2018-07-27,23:50:00,NightStreelightsOn,720,181,Yes,X-type,Normal,2Vehicles-Side,NATIONALE (RUE),M,49.99979091452394,1.9994875141825277
201800033141,NonLethal,2018-07-28,21:10:00,Daylight,720,181,Yes,NoIntersection,Normal,2Vehicles-Side,MAILLETS (RUE DES) IMP 3,M,48.01402071360644,2.0125848335939747
201800033142,NonLethal,2018-02-08,17:46:00,Daylight,720,95,Yes,NoIntersection,Normal,Other,PAIX (RUE DE LA),M,48.0239620480383,2.025050993472608
201800033143,NonLethal,2018-02-08,19:00:00,Daylight,720,181,Yes,NoIntersection,Normal,NoCollision,QUERU COLONEL ENTRE RH.,M,48.016642744360745,1.0159957144522669
201800033144,NonLethal,2018-05-08,11:15:00,Daylight,720,181,Yes,NoIntersection,Normal,Other,MACE JEAN  (IMPASSE),M,47.99307887752765,1.991358200721119
201800033145,NonLethal,2018-07-08,10:30:00,Daylight,720,181,Yes,NoIntersection,Normal,Other,BONNETABLE (RTE) Nø IMP,M,48.01820223040047,2.018789037402081
201800033146,NonLethal,2018-10-08,15:40:00,Daylight,720,95,Yes,Roundabout,Normal,2Vehicles-Side,VIGNES (RUE DES),M,48.02505818802864,2.0253912077125973
201800033147,NonLethal,2018-08-14,11:25:00,Daylight,720,181,Yes,NoIntersection,Normal,Other,JAURES JEAN (AV) Nø PAIR,M,47.98626347686842,2.9854120478106494
201800033148,NonLethal,2018-08-21,20:10:00,Daylight,720,181,Yes,Roundabout,Normal,2Vehicles-Side,MUTUEL (BD),M,48.00598016917128,2.0052756434167214
201800033149,NonLethal,2018-08-22,14:20:00,Daylight,720,181,Yes,NoIntersection,Normal,2Vehicles-Behind,VOLTAIRE (RUE) Nø PAIRS,M,48.01300130996273,1.012515403012452
201800033150,NonLethal,2018-08-22,23:50:00,NightStreelightsOn,720,95,Yes,NoIntersection,Normal,NoCollision,SAINT MICHEL (BD),M,48.02104062266046,2.021009915669763
201800033151,NonLethal,2018-08-27,10:15:00,Daylight,720,181,Yes,NoIntersection,LightRain,Other,CUGNOT NICOLAS (BD),M,47.9850343810193,2.9846883554890637
201800033152,NonLethal,2018-08-29,17:15:00,Daylight,720,181,No,NoIntersection,Normal,3+Vehicles-Multiple,LAVAL (RTE DE) PAIRS,M,48.01607691468089,1.0158234980840142
201800033153,NonLethal,2018-09-03,12:15:00,Daylight,720,181,Yes,NoIntersection,Normal,3+Vehicles-Chain,BROSSOLETTE PIERRE (BD),M,47.97884084328309,2.979262953889912
201800033154,NonLethal,2018-09-04,12:20:00,Daylight,720,3,Yes,NoIntersection,Normal,2Vehicles-BehindVehicles-Frontal,19 MARS 1962 (AV),M,47.95536457460116,1.9564735518346084
201800033155,NonLethal,2018-10-09,21:35:00,NightStreelightsOn,720,181,Yes,NoIntersection,Normal,2Vehicles-Side,CUGNOT NICOLAS (BD),M,47.98363162862653,2.9843180004335808
201800033156,NonLethal,2018-09-13,11:40:00,Daylight,720,181,Yes,X-type,LightRain,Other,BROSSOLETTE PIERRE (BD),M,47.97836879734088,2.9780479952710786
201800033157,NonLethal,2018-09-13,06:57:00,NightStreelightsOn,720,181,Yes,Other,LightRain,2Vehicles-BehindVehicles-Frontal,HOPITAL (PARKING DE L'),M,48.0151380977194,1.0170865985073676
201800033158,NonLethal,2018-09-15,14:45:00,Daylight,720,181,Yes,NoIntersection,Normal,2Vehicles-Side,RHIN ET DANUBE (AV) Nø I,M,48.01677647520542,1.0194743527698225
201800033159,NonLethal,2018-09-17,13:30:00,Daylight,720,181,Yes,T-type,Normal,2Vehicles-Side,EINSTEIN ALBERT (RUE),M,48.02942941132029,1.0272918667443949
201800033160,NonLethal,2018-09-18,19:00:00,Daylight,720,181,Yes,T-type,Normal,2Vehicles-Side,Robert Jarry (Bd),M,47.99706816744281,1.9960578166742795
201800033161,NonLethal,2018-09-21,17:11:00,Daylight,720,181,Yes,NoIntersection,Normal,Other,BRUXELLES (AV) Nø IMP,M,48.02284627577869,2.0233625092811445
201800033162,NonLethal,2018-09-22,15:55:00,Daylight,720,181,No,NoIntersection,Normal,3+Vehicles-Chain,ALENCON (RTE D'),M,48.033816437962365,1.0314801171528047
201800033163,NonLethal,2018-09-24,18:15:00,Daylight,720,181,Yes,NoIntersection,Normal,3+Vehicles-Chain,BOLLEE (AV) Nø PAIRS 224,M,47.99780324282087,2.9989375234038227
201800033165,NonLethal,2018-09-28,22:30:00,NightStreelightsOn,720,181,No,NoIntersection,Normal,2Vehicles-Side,PATTON GENERAL RTE ST-AU,M,48.021153485559445,1.0230713224933692
201800033166,NonLethal,2018-09-28,23:00:00,NightStreelightsOn,720,181,No,NoIntersection,Normal,2Vehicles-Behind,PATTON GENERAL RTE ST-AU,M,48.02083536148891,1.020767291355151
201800033167,NonLethal,2018-10-01,14:10:00,Daylight,720,181,Yes,X-type,Normal,Other,BROSSOLETTE PIERRE (BD),M,47.97810733247288,2.978275906775297
201800033168,NonLethal,2018-10-01,20:00:00,Daylight,720,181,Yes,Roundabout,Normal,2Vehicles-Side,BONNETABLE STOC (RTE),M,48.01813411442849,2.018640937383044
201800033169,NonLethal,2018-10-04,12:42:00,Daylight,720,181,Yes,NoIntersection,Normal,2Vehicles-Behind,LOUIS BLANC (QUAI),M,48.01014958891927,1.0091440411146126
201800033170,NonLethal,2018-10-04,17:25:00,Daylight,720,181,Yes,X-type,Normal,2Vehicles-Side,ROUSSEAU JJ  BD Nø PAIRS,M,47.98145966421553,2.9800749382944263
201800033171,NonLethal,2018-10-10,11:35:00,Daylight,720,181,Yes,T-type,Normal,2Vehicles-Behind,ANATOLE FRANCE (BD ),M,48.00004100993235,1.0024118961761816
201800033172,NonLethal,2018-12-10,17:30:00,Daylight,720,181,Yes,NoIntersection,Normal,Other,CHAMPION HENRI (RUE) Nø,M,47.98261455559534,2.983126950561356
201800033173,NonLethal,2018-10-13,21:55:00,NightStreelightsOn,720,181,Yes,T-type,Normal,2Vehicles-Side,BOLLEE (AV) Nø PAIRS 64,M,48.001545401587165,2.002071502339999
201800033174,NonLethal,2018-10-14,13:40:00,Daylight,720,181,Yes,T-type,Normal,2Vehicles-Side,LAIGNE RUE DE Nø IMP 229,M,47.97203134815983,2.971140798712314
201800033175,NonLethal,2018-10-15,17:30:00,Daylight,720,3,No,NoIntersection,Normal,NoCollision,VC 3 (CHE),M,47.96521876656704,1.9624935701328117
201800033176,NonLethal,2018-10-15,19:25:00,NightStreelightsOn,720,181,Yes,NoIntersection,Normal,2Vehicles-Side,BOLLEE (AV) Nø IMP 65 A,M,47.99838768720516,2.9983065853410182
201800033179,NonLethal,2018-10-21,03:30:00,NightStreelightsOn,720,181,Yes,NoIntersection,Normal,Other,ZAMENHOF DOCTEUR (AV DU),M,48.01685876616639,2.017350928650637
201800033180,NonLethal,2018-10-22,14:40:00,Daylight,720,181,Yes,NoIntersection,Normal,2Vehicles-Side,DEMORIEUX PAIRS-ROCADE A,M,47.9831172963411,1.9844171549588177
201800033182,NonLethal,2018-10-27,19:10:00,TwilightOrDawn,720,181,Yes,NoIntersection,Normal,Other,EDISON THOMAS (RUE),M,48.02518950815056,1.026369489144244
201800033183,NonLethal,2018-11-03,10:30:00,Daylight,720,181,Yes,NoIntersection,Normal,2Vehicles-BehindVehicles-Frontal,CLEMENCEAU GEORGES ( BD),M,47.97804031534326,2.979114635183421