AccidentId,Gravity,Date,Hour,Light,Department,Commune,InAgglomeration,IntersectionType,Weather,CollisionType,PostalAddress,GPSCode,Latitude,Longitude
201800033184,Lethal,2018-11-03,04:20:00,NightStreelightsOn,720,181,Yes,NoIntersection,Normal,Other,LEDRU ROLLIN QUAI Nø l A,M,48.00725528954951,1.0080701781912862
201800033185,NonLethal,2018-06-11,18:20:00,NightStreelightsOn,720,181,Yes,X-type,Overcast,2Vehicles-Side,BOLLEE (AV) Nø IMP 347 E,M,47.998226254624434,2.9983353909746544
201800033188,NonLethal,2018-11-08,07:20:00,NightStreelightsOn,720,181,Yes,NoIntersection,Normal,Other,BERTINIERE (RUE DE LA) N,M,47.99346695017834,2.9921281382779754
201800033189,NonLethal,2018-11-08,13:40:00,Daylight,720,3,Yes,NoIntersection,Normal,Other,ANJOU (BD D'),M,47.9654067547419,1.9651160946521604
201800033190,NonLethal,2018-08-11,19:30:00,NightNoStreetLight,720,3,No,NoIntersection,Normal,NoCollision,RD 23 (RTE),M,47.95990973195868,1.9604088241111848
201800033191,NonLethal,2018-11-09,21:30:00,NightStreelightsOn,720,181,Yes,NoIntersection,HeavyRain,Other,KLOTZ HENRI-PIERRE (AV),M,48.01915718367267,1.02081823279205
201800033192,NonLethal,2018-11-10,15:50:00,Daylight,720,181,Yes,T-type,LightRain,2Vehicles-Side,HEUZE OLIVIER AV Nø PAIR,M,47.993747690305725,1.995054193053708
201800033193,NonLethal,2018-11-13,19:50:00,NightStreelightsOn,720,181,Yes,X-type,Normal,2Vehicles-Side,CARNOT (BD),M,48.00781267337721,1.008376146545872
201800033194,NonLethal,2018-11-14,08:35:00,Daylight,720,181,Yes,NoIntersection,Normal,Other,LYAUTEY MARECHAL (AV) Nø,M,48.01613872979436,2.016774773228944
201800033195,NonLethal,2018-11-15,08:55:00,Daylight,720,181,Yes,NoIntersection,FogOrSmoke,Other,PRAIRIES DE FUNAY (ALLEE,M,47.986852328683554,2.985537141921048
201800033196,NonLethal,2018-11-16,07:55:00,TwilightOrDawn,720,181,Yes,T-type,FogOrSmoke,2Vehicles-Side,JAURES JEAN (AV) Nø IMP,M,47.99329989595814,2.991312220332635
201800033197,NonLethal,2018-11-19,17:00:00,Daylight,720,181,Yes,T-type,Normal,2Vehicles-Side,ISAAC (RUE) Nø IMP 241 E,M,48.01717478255154,2.0161075592829114
201800033199,NonLethal,2018-11-20,07:55:00,TwilightOrDawn,720,95,Yes,Roundabout,LightRain,2Vehicles-Side,SAINT MICHEL (BD),M,48.02482777844872,2.0228303483095003
201800033200,NonLethal,2018-11-20,18:18:00,NightStreelightsOn,720,181,Yes,X-type,Normal,2Vehicles-BehindVehicles-Frontal,SIEYES (RUE),M,48.01123939879467,1.0084234770658649
201800033201,Lethal,2018-11-22,20:25:00,NightNoStreetLight,720,3,No,NoIntersection,Normal,2Vehicles-BehindVehicles-Frontal,SUZE (RTE DE LA),M,47.965293781861824,1.9674933158763
201800033202,NonLethal,2018-11-23,11:10:00,Daylight,720,181,Yes,NoIntersection,Normal,2Vehicles-Behind,CUGNOT NICOLAS (BD),M,47.98223910269749,2.9813984846153434
201800033204,NonLethal,2018-11-26,14:10:00,Daylight,720,181,Yes,NoIntersection,Normal,Other,JAURES JEAN (AV) Nø IMP,M,47.99336743111265,2.99390602073666
201800033205,NonLethal,2018-11-28,11:30:00,Daylight,720,181,Yes,NoIntersection,Normal,2Vehicles-Behind,CHATEAU D'EAU (RUE DU),M,47.97001318491537,2.971452768384722
201800033206,NonLethal,2018-11-29,17:00:00,NightStreelightsOn,720,181,Yes,NoIntersection,Normal,2Vehicles-Side,CHAMPION HENRI (RUE) Nø,M,47.98294310931822,2.9826675209858653
201800033207,NonLethal,2018-11-30,11:50:00,Daylight,720,181,Yes,T-type,Normal,2Vehicles-Side,19 MARS 1962 (PL),M,47.98331524468337,2.981879484872663
201800033209,NonLethal,2018-02-12,12:30:00,Daylight,720,181,No,NoIntersection,Normal,2Vehicles-Behind,LEFAUCHEUX PIERRE (BD),M,47.95503063057109,1.9550976434213363
201800033210,NonLethal,2018-02-12,20:40:00,NightStreelightsOn,720,181,Yes,X-type,Normal,2Vehicles-Side,NATIONALE (RUE),M,47.99952478043408,1.998375858318733
201800033212,NonLethal,2018-12-07,09:25:00,Daylight,720,181,Yes,NoIntersection,LightRain,2Vehicles-Behind,BOLLEE (AV) Nø PAIRS 154,M,47.99825758378045,2.9982571662927384
201800033213,NonLethal,2018-12-09,19:30:00,NightStreelightsOn,720,181,Yes,T-type,Normal,2Vehicles-Side,ARNAGE (RUE D') Nø PAIRS,M,47.98943706529829,1.9892489161455156
201800033214,NonLethal,2018-12-10,08:55:00,Daylight,720,181,Yes,Roundabout,Normal,2Vehicles-Side,GOUGEARD (RUE) Nø PAIRS,M,48.00240387998641,2.003971192977985
201800033217,NonLethal,2018-12-29,15:25:00,Daylight,720,181,Yes,NoIntersection,Normal,Other,KEPLER (RUE),M,47.98822034914159,2.988753425969024
201800033218,NonLethal,2018-12-31,19:20:00,NightStreelightsOn,720,181,Yes,X-type,Normal,2Vehicles-Side,RHIN ET DANUBE (AV) Nø I,M,48.02126758481227,1.020555174157988
201800033221,NonLethal,2018-04-07,17:47:00,Daylight,110,320,No,NoIntersection,Normal,Other,D613 - PK 97+100,M,42.82840767502017,1.8283298310815637
201800033222,Lethal,2018-06-28,11:45:00,Daylight,110,36,No,NoIntersection,Normal,Other,RD 613 PR89+880,M,42.84493905188562,2.8437083482870373
201800033224,NonLethal,2018-03-01,20:15:00,NightNoStreetLight,370,153,No,NoIntersection,LightRain,Other,,M,47.48645991840283,7.490395294450559
201800033225,NonLethal,2018-01-13,16:50:00,Daylight,370,229,No,NoIntersection,VeryGood,Other,RD 766,M,47.58782225857808,1.5873507721945062
201800033226,NonLethal,2018-03-24,15:30:00,Daylight,370,63,Yes,T-type,Normal,2Vehicles-Side,Intersection Rue des Amé,M,47.585204460036174,9.586085011388658
201800033227,NonLethal,2018-04-18,18:50:00,Daylight,370,116,No,Other,Normal,3+Vehicles-Multiple,Lieu-dit La Martinière,M,47.682392749981126,7.682842961009636
201800033228,NonLethal,2018-05-15,15:55:00,Daylight,370,224,No,NoIntersection,Normal,Other,Lieu dit les forestières,M,47.59416832589696,7.593688593794584
201800033229,NonLethal,2018-05-15,16:30:00,Daylight,370,92,No,NoIntersection,Normal,2Vehicles-Side,RD 910 - Les Raberies,M,47.52678832495223,8.526293011531086
201800033231,NonLethal,2018-06-02,16:20:00,Daylight,370,95,No,NoIntersection,Normal,Other,D55,M,47.5546886837487,1.5547690958038245
201800033232,NonLethal,2018-07-15,09:00:00,Daylight,370,153,No,NoIntersection,Normal,Other,RD 910 ; PK 017.853,M,47.49916488627044,7.49796148178496
201800033233,NonLethal,2018-10-08,19:00:00,Daylight,370,155,No,NoIntersection,Normal,Other,lieu-dit les Landes,M,47.639230636900365,7.640568999597278
201800033234,NonLethal,2018-10-08,20:30:00,TwilightOrDawn,370,194,Yes,Y-type,Normal,Other,RUE DE BALZAC,M,47.47807343214121,8.476221594624771
201800033235,NonLethal,2018-08-16,09:30:00,Daylight,370,63,Yes,NoIntersection,Normal,Other,88 rue de la république,M,47.59292833319948,9.59410477838292
201800033236,NonLethal,2018-09-15,13:50:00,Daylight,370,175,Yes,NoIntersection,Normal,Other,La Guinaudrie,M,47.54929945027603,7.550831849437078
201800033237,NonLethal,2018-10-06,20:50:00,NightNoStreetLight,370,153,No,NoIntersection,Overcast,2Vehicles-BehindVehicles-Frontal,LA FONTAINE,M,47.505236299748745,7.505594300411022
201800033239,NonLethal,2018-10-29,15:50:00,Daylight,370,92,No,NoIntersection,Overcast,3+Vehicles-Multiple,D910,M,47.526539314656674,8.526475893631982
201800033241,NonLethal,2018-12-21,13:35:00,Daylight,370,276,No,X-type,HeavyRain,2Vehicles-Side,D 910,M,47.55691759912816,8.557828958408557
201800033242,NonLethal,2018-12-26,17:25:00,TwilightOrDawn,730,8,Yes,X-type,Normal,Other,MERMOZ JEAN RUE,M,45.69593659264896,5.695757715397599
201800033244,NonLethal,2018-12-07,19:30:00,NightStreelightsOn,730,8,Yes,NoIntersection,LightRain,Other,GEORGES 1ER RUE,M,45.68949622096624,5.686433857792822
201800033246,NonLethal,2018-02-27,15:45:00,Daylight,730,8,Yes,NoIntersection,Normal,Other,ROOSEVELT FRANKLIN AVENU,M,45.69906811775429,5.699865486062423
201800033248,NonLethal,2018-03-27,17:35:00,TwilightOrDawn,730,8,Yes,Roundabout,LightRain,2Vehicles-Side,GARE PLACE DE LA,M,45.68996414364281,5.687346126500176
201800033252,NonLethal,2018-01-26,18:20:00,NightStreelightsOn,730,11,Yes,NoIntersection,LightRain,Other,"91, DE GAULLE (AV)",M,45.66872658738606,6.66706813113205
201800033253,NonLethal,2018-03-25,10:15:00,Daylight,730,11,Yes,X-type,Normal,2Vehicles-Side,AIDIER (CHEMIN D'),M,45.66548059637238,6.663754348507229
201800033254,NonLethal,2018-03-23,17:35:00,Daylight,730,11,Yes,Roundabout,VeryGood,Other,JEUX OLYMPIQUES (AVENUE,M,45.65663089163598,6.656943026973488
201800033255,NonLethal,2018-04-26,14:50:00,Daylight,730,11,Yes,NoIntersection,Normal,2Vehicles-Side,TOURS (ROUTE DE),M,45.66662288452908,6.6675570776077615
201800033256,NonLethal,2018-06-21,08:36:00,Daylight,730,11,Yes,T-type,Normal,2Vehicles-Side,DE GAULLE (AV) GILLY A W,M,45.66471783081455,6.664184578690919
201800033257,NonLethal,2018-09-07,07:50:00,Daylight,730,11,Yes,Roundabout,Normal,2Vehicles-Side,CHARRETTE (CHEMIN DE LA),M,45.66083341953025,6.659010450885703
201800033258,NonLethal,2018-07-15,16:00:00,Daylight,730,11,Yes,T-type,Normal,3+Vehicles-Multiple,Rue Pasteur,M,45.66755051365534,6.666131317918376
201800033259,NonLethal,2018-07-26,09:15:00,Daylight,730,11,Yes,X-type,Normal,2Vehicles-Side,CHARRETTE (CHEMIN DE LA),M,45.66445850757307,6.664006324787509
201800033260,NonLethal,2018-09-10,11:10:00,Daylight,730,11,Yes,MoreThan4Branches,Other,2Vehicles-BehindVehicles-Frontal,TARENTAISE (AVENUE DE),M,45.66893268610024,6.667864783054578
201800033262,NonLethal,2018-11-11,01:40:00,NightNoStreetLight,730,11,No,NoIntersection,LightRain,Other,BEAUFORT (ROUTE DE),M,45.67809371244493,6.67801125065164
201800033263,NonLethal,2018-12-21,11:35:00,Daylight,730,11,Yes,Y-type,LightRain,2Vehicles-Side,BEAUFORT (ROUTE DE),M,45.67708946182723,6.677994622405262
201800033264,NonLethal,2018-12-12,10:40:00,Daylight,730,222,Yes,T-type,Normal,2Vehicles-BehindVehicles-Frontal,EPINE (AVENUE DE L'),M,45.57994968106525,5.580032862163293
201800033267,NonLethal,2018-04-01,05:00:00,NightStreelightsOn,730,65,Yes,X-type,HeavyRain,2Vehicles-Side,"0, JAURES JEAN (AVENUE)",M,45.56666831617764,5.569111688630976
201800033268,Lethal,2018-01-14,19:45:00,NightNoStreetLight,730,65,Yes,Y-type,Other,Other,"35, FOLLAZ (AVENUE DES)",M,45.57801826551812,5.579170605808134
201800033269,NonLethal,2018-06-01,15:10:00,Daylight,730,31,Yes,NoIntersection,Normal,Other,"20, CENTRALE (RUE)",M,45.57508374525474,5.571972553144013
201800033270,NonLethal,2018-01-16,15:55:00,Daylight,730,65,Yes,NoIntersection,HeavyRain,Other,"0, LANDIERS (AVENUE DES)",M,45.59301414927948,5.594759884257396
201800033273,Lethal,2018-02-16,18:30:00,NightStreelightsOn,730,65,Yes,Roundabout,Normal,Other,"24, ROPS DANIEL (AVENUE)",M,45.58876936872718,5.589741159876059
201800033274,NonLethal,2018-07-02,07:50:00,Daylight,730,31,Yes,Roundabout,Overcast,Other,"0, CENTRALE (RUE)",M,45.57382074742737,5.573396515295744
201800033275,NonLethal,2018-08-02,08:15:00,Daylight,730,65,Yes,Y-type,Overcast,2Vehicles-BehindVehicles-Frontal,"O,ONZE NOVEMBRE ( QUAI",M,45.56941765335855,5.567199198607989
201800033276,NonLethal,2018-12-02,22:15:00,NightStreelightsOff,730,31,No,NoIntersection,Normal,2Vehicles-Behind,"0, ROUTE NATIONALE 201 (",M,45.5911291206457,5.59264554028058
201800033277,NonLethal,2018-02-14,19:10:00,NightStreelightsOn,730,65,Yes,T-type,Normal,2Vehicles-Side,BOURG (RUE DU),M,45.59347419044719,5.590812607300824
201800033278,NonLethal,2018-02-15,08:55:00,Daylight,730,31,No,NoIntersection,LightRain,Other,"0, SAINT SATURNIN (ROUTE",M,45.577515401337855,5.579410493297262
201800033279,NonLethal,2018-02-17,12:00:00,Daylight,730,65,Yes,Y-type,LightRain,Other,Jean Jaures (AVENUE),M,45.56788046897419,5.567465021304334
201800033280,NonLethal,2018-03-03,02:20:00,NightNoStreetLight,730,31,Yes,NoIntersection,SnowOrHail,Other,"17, ROUTE NATIONALE 201",M,45.57269150448099,5.57095203078768
201800033281,NonLethal,2018-03-22,08:45:00,Daylight,730,87,Yes,NoIntersection,Normal,Other,"2, rue du pont vieux",M,45.56146161397998,5.561538368981265
201800033282,NonLethal,2018-03-23,21:30:00,NightNoStreetLight,730,222,No,NoIntersection,Normal,2Vehicles-BehindVehicles-Frontal,"0, FECLAZ (ROUTE DE LA)",M,45.58229248840792,5.581687353882634
201800033283,NonLethal,2018-03-23,21:30:00,NightStreelightsOn,730,65,Yes,NoIntersection,Normal,2Vehicles-Side,"0, CROIX D'OR (RUE)",M,45.56441121796121,5.565579041763457
201800033285,NonLethal,2018-03-27,12:15:00,Daylight,730,87,Yes,NoIntersection,Normal,Other,"53, LYON (ROUTE DE)",M,45.55801763776989,5.55767268160234
201800033288,NonLethal,2018-03-31,15:00:00,Daylight,730,31,Yes,NoIntersection,Normal,2Vehicles-Behind,BASSENS (AVENUE DE),M,45.57548960509806,5.5724417416921765
201800033290,NonLethal,2018-04-12,09:10:00,Daylight,730,65,No,NoIntersection,Normal,Other,SAINT SATURNIN (ROUTE DE,M,45.59974776906726,5.597231180685605
201800033291,NonLethal,2018-04-14,12:05:00,Daylight,730,65,Yes,X-type,Normal,2Vehicles-Side,JAURES JEAN (AVENUE),M,45.56796525347436,5.568215338317327
201800033292,NonLethal,2018-04-19,19:25:00,Daylight,730,65,Yes,NoIntersection,Normal,2Vehicles-Side,VOIE RAPIDE URBAINE,M,45.598271857813806,5.601317322389969
201800033293,NonLethal,2018-04-20,17:20:00,Daylight,730,65,Yes,Roundabout,Normal,2Vehicles-Side,STADE (PLACE DU),M,45.57188562991583,5.573795169739429
201800033294,NonLethal,2018-04-29,21:35:00,NightStreelightsOn,730,65,Yes,NoIntersection,HeavyRain,Other,VEYRAT JEAN PIERRE (RUE),M,45.56517219643723,5.566688426790159
201800033295,NonLethal,2018-05-05,19:45:00,TwilightOrDawn,730,65,Yes,NoIntersection,Normal,2Vehicles-BehindVehicles-Frontal,GRAND ARIETAZ (AVENUE DU,M,45.58018268858628,5.583854848142548
201800033296,NonLethal,2018-05-03,08:20:00,Daylight,730,65,Yes,NoIntersection,Overcast,2Vehicles-BehindVehicles-Frontal,RIZE (QUAI DE LA),M,45.566745932960096,5.56620919716871
201800033299,NonLethal,2018-05-30,14:30:00,Daylight,730,29,Yes,T-type,Normal,2Vehicles-Side,VILETTE(ROUTE DE LA),M,45.54996313877279,5.550197822099353
201800033300,NonLethal,2018-06-09,04:30:00,NightStreelightsOn,730,65,Yes,NoIntersection,Normal,Other,RECLUS  (FAUBOURG),M,45.56801020965474,5.567989933046821
201800033301,NonLethal,2018-06-09,13:30:00,Daylight,730,65,Yes,NoIntersection,Normal,Other,JACQUES ANDRE (RUE),M,45.563942858625936,5.563276670320562
201800033302,Lethal,2018-06-13,10:30:00,Daylight,730,65,Yes,NoIntersection,LightRain,Other,DUCS DE SAVOIE (AVENUE D,M,45.56758419663525,5.568211993992326
201800033303,NonLethal,2018-06-15,08:30:00,Daylight,730,65,Yes,NoIntersection,Normal,2Vehicles-Side,NANT BRUYANT (RUE DU),M,45.59683591944215,5.596062156743682
201800033305,NonLethal,2018-06-23,14:30:00,Daylight,730,65,No,NoIntersection,Normal,2Vehicles-Behind,VOIE RAPIDE URBAINE,M,45.57403233046593,5.573941848206927
201800033306,NonLethal,2018-06-25,09:30:00,Daylight,730,29,Yes,T-type,Normal,2Vehicles-Behind,CLOS (MONTEE DU),M,45.561000516915854,5.558836466939883
201800033307,NonLethal,2018-06-25,19:35:00,Daylight,730,65,No,NoIntersection,Normal,2Vehicles-Side,VOIE RAPIDE URBAINE,M,45.56284886320304,5.564572025031349
201800033308,NonLethal,2018-06-26,08:50:00,Daylight,730,222,Yes,NoIntersection,Normal,2Vehicles-BehindVehicles-Frontal,BATHIE ET DES CORNIOLLES,M,45.57524813656027,5.576703802115548
201800033309,NonLethal,2018-06-27,18:40:00,Daylight,730,65,No,NoIntersection,Normal,3+Vehicles-Chain,VOIE RAPIDE URBAINE,M,45.58677910439816,5.588572808110547
201800033310,NonLethal,2018-06-28,22:45:00,NightStreelightsOn,730,65,Yes,Y-type,Normal,NoCollision,MONTMELIAN (FAUFOURG),M,45.56647589887743,5.568394907364342
201800033311,NonLethal,2018-06-28,18:25:00,Daylight,730,29,Yes,T-type,Normal,2Vehicles-Side,CHALLES (ROUTE DE),M,45.57145013812256,5.570000765498531
201800033312,NonLethal,2018-07-04,12:45:00,Daylight,730,65,Yes,NoIntersection,Normal,3+Vehicles-Chain,FOLLAZ (AVENUE DES),M,45.58307661169314,5.582560752204977
201800033313,NonLethal,2018-07-04,14:00:00,Daylight,730,31,Yes,NoIntersection,Normal,3+Vehicles-Chain,BASSENS (AVENUE DE),M,45.57613096178506,5.577675162512468
201800033314,NonLethal,2018-07-07,21:10:00,TwilightOrDawn,730,65,Yes,X-type,Normal,2Vehicles-Behind,LYON (AVENUE DE),M,45.564046820909546,5.564296993291272
201800033315,NonLethal,2018-10-07,12:40:00,Daylight,730,65,No,NoIntersection,Normal,2Vehicles-Side,VOIE RAPIDE URBAINE,M,45.57672319192639,5.576340885507029
201800033316,NonLethal,2018-11-07,18:20:00,Daylight,730,65,No,NoIntersection,Normal,2Vehicles-Behind,VOIE RAPIDE URBAINE,M,45.57836811603168,5.577044334759274
201800033317,NonLethal,2018-07-16,08:55:00,Daylight,730,65,Yes,NoIntersection,Normal,Other,LYON (AVENUE DE),M,45.563655888451976,5.564074644585807
201800033321,NonLethal,2018-08-18,18:20:00,Daylight,730,87,Yes,Y-type,Normal,2Vehicles-BehindVehicles-Frontal,Rue Maurice Ravel,M,45.569179342330095,5.570496892971718
201800033324,NonLethal,2018-08-31,21:25:00,NightStreelightsOn,730,65,Yes,Y-type,Normal,Other,REVARD (RUE DU),M,45.57759480482806,5.577629153198794
201800033327,NonLethal,2018-09-22,18:50:00,Daylight,730,29,Yes,NoIntersection,Normal,Other,APREMONT (ROUTE D'),M,45.56314853629502,5.564966892790146
201800033328,NonLethal,2018-09-28,21:00:00,NightStreelightsOn,730,65,Yes,Y-type,Normal,2Vehicles-Behind,TURIN (AVENUE),M,45.569671451758126,5.57049431026626
201800033329,NonLethal,2018-10-02,21:50:00,NightStreelightsOn,730,29,Yes,Y-type,Normal,2Vehicles-Side,CHALLES (ROUTE DE),M,45.56779683504712,5.567631903548856
201800033330,NonLethal,2018-10-05,07:45:00,TwilightOrDawn,730,65,Yes,X-type,Normal,2Vehicles-Side,MONTS (BOULEVARD DES),M,45.57435990354106,5.57529359139422
201800033331,NonLethal,2018-05-10,09:10:00,Daylight,730,65,Yes,X-type,Normal,2Vehicles-Side,LYON (AVENUE DE),M,45.56249583987829,5.563418163605305
201800033332,NonLethal,2018-06-10,23:40:00,NightStreelightsOn,730,31,Yes,X-type,Normal,2Vehicles-Side,TURIN (AVENUE DE),M,45.573010305453856,5.571499161799411
201800033333,NonLethal,2018-10-19,18:05:00,Daylight,730,222,Yes,Y-type,Normal,Other,FECLAZ (ROUTE DE LA),M,45.57892879073019,5.577898954634799
201800033334,NonLethal,2018-12-10,22:45:00,NightStreelightsOn,730,65,Yes,Y-type,Normal,2Vehicles-Side,BERROIR MARIUS (av),M,45.56621963028546,5.5667009944099695
201800033335,NonLethal,2018-10-31,07:55:00,TwilightOrDawn,730,31,Yes,X-type,Overcast,2Vehicles-Side,SAINT SATURNIN (ROUTE DE,M,45.58061233480954,5.58439833650334
201800033336,NonLethal,2018-10-31,16:40:00,Daylight,730,222,Yes,T-type,Normal,2Vehicles-Side,MAROCAZ (RUE DU),M,45.57234343127532,5.574121358961238
201800033338,NonLethal,2018-10-27,04:25:00,NightStreelightsOn,730,65,Yes,NoIntersection,HeavyRain,Other,LYON (AVENUE DE),M,45.563824780896674,5.564686225810187
201800033340,NonLethal,2018-11-23,15:20:00,Daylight,730,65,No,Roundabout,LightRain,2Vehicles-Side,VOIE RAPIDE URBAINE,M,45.59628250893619,5.594952830096071
201800033341,NonLethal,2018-11-27,07:58:00,Daylight,730,65,Yes,Roundabout,Overcast,Other,BERROIR MARIUS (RUE),M,45.56540319366519,5.562595421935748
201800033342,NonLethal,2018-11-24,03:00:00,NightStreelightsOn,730,65,Yes,T-type,LightRain,Other,LABIAZ (ROUTE DE),M,45.57917982468685,5.576700096976141
201800033343,NonLethal,2018-08-12,23:30:00,NightStreelightsOn,730,87,Yes,T-type,Overcast,Other,DIGUE (RUE DE LA),M,45.57034578788938,5.572170482298625
201800033345,NonLethal,2018-09-12,19:00:00,NightNoStreetLight,730,65,Yes,NoIntersection,Other,Other,FOLLAZ (AVENUE DES),M,45.58533537771991,5.581672862968719
201800033346,NonLethal,2018-08-20,15:20:00,Daylight,370,31,No,T-type,Normal,2Vehicles-BehindVehicles-Frontal,route du tapis,M,47.2733662320806,1.2756462458864744
201800033347,NonLethal,2018-11-10,13:55:00,Daylight,370,24,No,NoIntersection,Normal,NoCollision,CD 69 - VALLÉE DE CHANRI,M,47.3292006856263,2.333014467303077
201800033348,NonLethal,2018-02-09,03:30:00,NightStreelightsOn,370,196,Yes,Y-type,Normal,Other,rue de la lisière,M,47.01277792231009,3.010861023671865
201800033349,NonLethal,2018-10-30,16:15:00,Daylight,370,12,No,NoIntersection,Normal,Other,RD 757 au PK 11+200,M,47.15797262164206,4.1570056289890776
201800033350,NonLethal,2018-08-11,11:45:00,Daylight,370,196,Yes,T-type,Normal,Other,Place du marché,M,47.0133095704378,3.0120414163984
201800033352,NonLethal,2018-01-03,17:20:00,NightStreelightsOn,740,10,Yes,Y-type,HeavyRain,Other,AVENUE DE LOVERCHY,M,45.85287128740031,6.854986357437603
201800033353,NonLethal,2018-01-14,07:45:00,TwilightOrDawn,740,10,Yes,Roundabout,Normal,Other,"45, NOVEL (AVENUE DE)",M,45.914355691570535,6.9157831302453
201800033354,NonLethal,2018-01-19,07:40:00,TwilightOrDawn,740,10,Yes,Y-type,LightRain,2Vehicles-Side,AVENUE DE BROGNY,M,45.9174111705907,6.917900467361717
201800033356,NonLethal,2018-02-02,07:45:00,Daylight,740,10,Yes,Y-type,Normal,NoCollision,BOULEVARD CORNICHE,M,45.8930732956692,6.8939219620763
201800033357,NonLethal,2018-04-02,06:10:00,NightStreelightsOn,740,10,Yes,X-type,Normal,3+Vehicles-Multiple,BOULEVARD DE LA  ROCADE,M,45.91127724968396,6.909769085529493
201800033358,NonLethal,2018-02-07,13:40:00,Daylight,740,10,Yes,NoIntersection,LightRain,Other,"134, AVENUE DE GENEVE",M,45.92513382988246,6.923313742327673
201800033360,NonLethal,2018-08-02,18:00:00,NightStreelightsOn,740,10,Yes,Y-type,Normal,3+Vehicles-Multiple,RUE JACQUELINE AURIOL,M,45.92557179941818,6.925585779204441
201800033361,NonLethal,2018-11-02,16:30:00,Daylight,740,10,Yes,T-type,LightRain,Other,"11-13, ALBIGNY (AVE)",M,45.90403101870352,6.902484151295671
201800033362,NonLethal,2018-03-13,18:26:00,TwilightOrDawn,740,10,Yes,NoIntersection,Overcast,Other,"28, RUE SOMMEILLER",M,45.90112005695046,6.902639124406886
201800033363,NonLethal,2018-03-31,21:00:00,NightStreelightsOff,740,93,Yes,NoIntersection,Normal,2Vehicles-Side,BOULEVARD OUEST,M,,
201800033365,NonLethal,2018-09-04,13:45:00,Daylight,740,93,Yes,Y-type,Normal,Other,GEVRIER (DE),M,45.90689118345865,6.907919101678597
201800033366,NonLethal,2018-04-10,11:25:00,Daylight,740,10,Yes,T-type,Normal,Other,MAX BRUCHET,M,45.911461179786514,6.913514682393246
201800033368,NonLethal,2018-04-10,15:30:00,Daylight,740,10,Yes,X-type,Normal,2Vehicles-Side,ROCADE (BOULEVARD DE LA),M,45.91294049752224,6.912885943093083
201800033369,NonLethal,2018-04-16,17:40:00,Daylight,740,10,Yes,T-type,Normal,2Vehicles-Side,CHAMBERY,M,45.89864873584291,6.898493249158252
201800033370,NonLethal,2018-04-18,14:08:00,Daylight,740,10,Yes,Roundabout,Normal,2Vehicles-Side,MAQUIS (CHEMIN DU),M,45.92041269647586,6.921692277521095
201800033371,Lethal,2018-04-26,18:05:00,Daylight,740,10,Yes,X-type,Normal,Other,FIER (BOULEVARD DU)),M,45.912986634825245,6.911907188503433
201800033372,NonLethal,2018-05-05,23:15:00,NightStreelightsOn,740,10,Yes,NoIntersection,Normal,2Vehicles-Behind,MARQUISATS (AVENUE DES),M,45.89521922231204,6.89382415472665
201800033377,NonLethal,2018-05-22,11:53:00,Daylight,740,10,Yes,NoIntersection,Normal,3+Vehicles-Multiple,BROGNY (AVENUE DE) (SECT,M,45.921175710774165,6.922557929290226
201800033378,NonLethal,2018-05-24,17:04:00,Daylight,740,10,Yes,NoIntersection,Normal,2Vehicles-Side,MARQUISATS (AVENUE DES),M,45.89735543525625,6.896991876441871
201800033379,NonLethal,2018-05-29,19:10:00,Daylight,740,93,Yes,NoIntersection,Normal,2Vehicles-Behind,PONT-NEUF (AVENUE DU),M,,
201800033381,NonLethal,2018-12-06,19:53:00,Daylight,740,10,Yes,NoIntersection,LightRain,Other,CARNOT (RUE),M,45.90475102046026,6.905877029531026
201800033382,NonLethal,2018-06-14,23:15:00,NightStreelightsOn,740,10,Yes,Roundabout,Normal,2Vehicles-Side,RHONE (AVENUE DU),M,45.90100214001624,6.900874220324576
201800033384,NonLethal,2018-06-30,15:30:00,Daylight,740,93,Yes,Other,Normal,2Vehicles-Side,CROISEE (DE LA),M,45.89265345715786,6.897315080219671
201800033385,NonLethal,2018-06-30,21:05:00,Daylight,740,10,Yes,T-type,Normal,2Vehicles-Behind,PONT NEUF,M,46.89713797010403,6.898598074770291
201800033386,NonLethal,2018-01-07,01:35:00,NightStreelightsOn,740,93,Yes,NoIntersection,Normal,2Vehicles-Side,REPUBLIQUE (AVENUE DE LA,M,,
201800033388,NonLethal,2018-07-19,23:00:00,NightStreelightsOn,740,93,Yes,T-type,Normal,2Vehicles-Side,CHEVENNES (ROUTE DE),M,45.90415822181642,6.905391432056236
201800033390,NonLethal,2018-07-26,18:45:00,Daylight,740,10,Yes,T-type,Normal,2Vehicles-Side,BERTHOLLET,M,45.90498105010643,6.904006191302985
201800033391,NonLethal,2018-07-27,08:45:00,Daylight,740,10,Yes,Roundabout,Normal,2Vehicles-Side,LYCEE (BOULEVARD DU)(BRO,M,45.90542030170319,6.90700540711071
201800033392,NonLethal,2018-08-08,15:10:00,Daylight,740,93,Yes,Other,Normal,Other,CREUSES (ROUTE DES),M,45.8929495120253,6.894547978015008
201800033393,NonLethal,2018-08-13,13:15:00,Daylight,740,10,Yes,NoIntersection,Normal,2Vehicles-Side,CROIX ROUGE (CHEMIN DE L,M,45.89435076713074,6.8934940397346685
201800033395,NonLethal,2018-09-07,10:10:00,Daylight,740,93,Yes,NoIntersection,Normal,2Vehicles-Behind,PRELEVET (AVENUE DE),M,45.89803980247965,6.898807418311915
201800033396,NonLethal,2018-09-25,21:15:00,NightStreelightsOn,740,10,Yes,NoIntersection,Normal,2Vehicles-Side,ROCADE (BOULEVARD DE LA),M,45.9107831082268,6.913712500804841
201800033397,NonLethal,2018-09-26,01:10:00,NightStreelightsOn,740,10,Yes,NoIntersection,Normal,Other,LOUIS CHAUMONTEL,M,45.90370759346541,6.904756448515276