AccidentId,Gravity,Date,Hour,Light,Department,Commune,InAgglomeration,IntersectionType,Weather,CollisionType,PostalAddress,GPSCode,Latitude,Longitude
201800033398,NonLethal,2018-09-27,13:18:00,Daylight,740,10,Yes,X-type,Normal,2Vehicles-BehindVehicles-Frontal,LOVERCHY (CIMETIERE/AVEN,M,45.89530817113536,6.894111342055187
201800033399,NonLethal,2018-09-30,01:00:00,NightStreelightsOn,740,10,Yes,X-type,Normal,2Vehicles-Side,FRANCE (AVENUE)(SECTEUR,M,45.90790237149261,6.907637917370643
201800033400,NonLethal,2018-10-01,06:45:00,NightStreelightsOn,740,10,Yes,T-type,Normal,2Vehicles-Side,BROGNY (AVENUE DE) (SECT,M,45.91794970131577,6.918019381387795
201800033401,NonLethal,2018-11-21,17:30:00,NightStreelightsOn,740,10,Yes,NoIntersection,LightRain,3+Vehicles-Chain,ROCADE (BOULEVARD DE LA),M,45.90756474141756,6.906229602509554
201800033402,NonLethal,2018-05-12,17:15:00,Daylight,740,10,Yes,X-type,Normal,Other,FRANCE (AVENUE)(SECTEUR,M,45.91205823559672,6.913031712780648
201800033403,NonLethal,2018-12-11,19:00:00,NightStreelightsOn,740,93,Yes,Y-type,Normal,Other,BEAUREGARD,M,45.90380377141398,6.903605143217058
201800033404,NonLethal,2018-12-12,14:10:00,Daylight,740,10,Yes,NoIntersection,Normal,Other,GENEVE (AVENUE DE)(SECTE,M,45.91180022663111,6.910789233605381
201800033405,NonLethal,2018-12-14,08:20:00,Daylight,740,93,Yes,NoIntersection,Normal,Other,ANJOT (AVENUE DU CAPITAI,M,45.897372261782586,6.893820225486313
201800033408,NonLethal,2018-02-01,15:35:00,Daylight,740,12,Yes,T-type,Normal,Other,LEMAN (AVENUE DU),M,46.18130088859725,6.182002626837787
201800033409,NonLethal,2018-04-01,19:10:00,NightNoStreetLight,740,12,Yes,Roundabout,LightRain,Other,ROUTE DE THONON,M,46.19586345595405,6.196516271069743
201800033410,NonLethal,2018-08-01,16:50:00,TwilightOrDawn,740,12,Yes,T-type,Normal,Other,"5, RUE DU CLOS FLEURY",M,46.192789025522885,6.193634931377772
201800033411,NonLethal,2018-01-06,06:25:00,NightNoStreetLight,740,305,Yes,Roundabout,Other,NoCollision,VOIRONS (RUE DES),M,46.2015116747583,6.200079948803412
201800033412,NonLethal,2018-12-01,08:35:00,Daylight,740,12,Yes,Roundabout,Normal,2Vehicles-Side,ZOLA (RUE EMILE),M,46.19499655192664,6.192852990965965
201800033413,NonLethal,2018-01-12,11:15:00,Daylight,740,12,Yes,NoIntersection,Normal,2Vehicles-Side,"21, ROUTE DES  VALLEES",M,46.19436023030445,6.192982609181633
201800033414,NonLethal,2018-01-15,17:21:00,TwilightOrDawn,740,12,Yes,NoIntersection,Normal,2Vehicles-Behind,THONON (ROUTE DE),M,46.20118430255312,6.199310231279477
201800033415,NonLethal,2018-01-17,07:30:00,NightStreelightsOn,740,12,Yes,NoIntersection,LightRain,NoCollision,BONNEVILLE (ROUTE DE),M,46.18961735425686,6.188429445470336
201800033416,NonLethal,2018-01-19,06:35:00,NightStreelightsOn,740,305,Yes,T-type,Overcast,2Vehicles-Side,HENON (RUE ALBERT),M,46.2042766429456,6.202973880884573
201800033417,NonLethal,2018-01-17,18:50:00,NightStreelightsOn,740,133,Yes,NoIntersection,Normal,Other,LIBERATION (RUE DE LA),M,46.18853414167143,6.187497975363786
201800033418,NonLethal,2018-01-24,09:00:00,Daylight,740,12,Yes,NoIntersection,VeryGood,Other,"16, VALLEES (ROUTE DES)",M,46.194322590902765,6.193639151892419
201800033419,NonLethal,2018-01-24,08:25:00,Daylight,740,12,Yes,NoIntersection,Normal,Other,"2, CURIOZ (RUE ALBERT)",M,46.184414985382254,6.184857827040032
201800033421,NonLethal,2018-01-26,15:30:00,Daylight,740,12,Yes,Y-type,LightRain,2Vehicles-Side,ZOLA (RUE EMILE),M,46.19268160330648,6.191504587742357
201800033422,NonLethal,2018-01-23,09:45:00,Daylight,740,305,Yes,NoIntersection,Normal,Other,"44, TOURNELLES (RUE DES)",M,46.19826440030928,6.1978170538982855
201800033423,Lethal,2018-01-30,17:30:00,Daylight,740,118,No,NoIntersection,Overcast,2Vehicles-Side,SAINT-JULIEN (ROUTE DE),M,46.173153547944295,6.172075360299233
201800033424,NonLethal,2018-01-31,23:15:00,NightStreelightsOn,740,12,Yes,NoIntersection,Normal,Other,"35, RUE LA RESISTANCE",M,46.19861820960608,6.197598853999312
201800033425,NonLethal,2018-01-22,11:00:00,Daylight,740,8,Yes,NoIntersection,Normal,Other,"3, NEGOCIANTS (RUE DES)",M,46.196256045751966,6.196906038830355
201800033427,NonLethal,2018-05-02,09:00:00,Daylight,740,8,Yes,Y-type,SnowOrHail,2Vehicles-Side,"07, JURA (RUE DU)",M,46.1981219690065,6.197723102372253
201800033428,NonLethal,2018-02-11,21:05:00,NightStreelightsOn,740,8,Yes,NoIntersection,Normal,Other,BRIAND (RUE ARISTIDE),M,46.19169689469922,6.19217449629693
201800033430,NonLethal,2018-02-16,05:20:00,NightNoStreetLight,740,12,Yes,NoIntersection,LightRain,Other,BARON DE LOE (RUE DU),M,46.19328685391387,6.192989012971817
201800033431,NonLethal,2018-12-01,13:25:00,Daylight,740,12,Yes,NoIntersection,Normal,2Vehicles-Behind,"15,RUE EMILE  ZOLA",M,46.19632149541585,6.196350570632822
201800033432,NonLethal,2018-02-17,18:52:00,TwilightOrDawn,740,12,Yes,NoIntersection,Normal,2Vehicles-Behind,THONON (ROUTE DE),M,46.19827619891895,6.200445087879251
201800033433,NonLethal,2018-02-16,11:30:00,Daylight,740,12,Yes,NoIntersection,Normal,NoCollision,TOURNELLES (RUE DES),M,46.195682918181646,6.195284096302761
201800033434,NonLethal,2018-02-24,20:25:00,NightStreelightsOn,740,12,Yes,Roundabout,Normal,2Vehicles-Side,"29, RUE DE GENEVE",M,46.19190360400989,6.1921900102398295
201800033435,NonLethal,2018-02-26,12:20:00,Daylight,740,12,Yes,X-type,StrongWindOrStorm,2Vehicles-Side,ESSERTS (RUE DES),M,46.19730695365376,6.198637995956093
201800033436,NonLethal,2018-08-03,06:40:00,TwilightOrDawn,740,12,Yes,T-type,Normal,Other,AV MARECHAL LECLERC,M,46.18723738631102,6.187044688047296
201800033437,NonLethal,2018-08-03,09:12:00,Daylight,740,12,Yes,NoIntersection,Normal,Other,"04, BRIAND (RUE ARISITID",M,46.1930210264641,6.193958508220176
201800033438,NonLethal,2018-03-06,08:29:00,Daylight,740,12,No,T-type,LightRain,2Vehicles-Side,EUROPE (AVENUE DE L'),M,46.17900705810249,6.17886953304225
201800033439,NonLethal,2018-03-09,08:35:00,Daylight,740,12,Yes,NoIntersection,Normal,2Vehicles-Side,"14, SALEVE (RUE DU)",M,46.19310874373189,6.191466743255489
201800033440,NonLethal,2018-10-03,05:25:00,NightStreelightsOn,740,133,Yes,NoIntersection,LightRain,Other,INDUSTRIE (RUE DE L'),M,46.188147839385664,6.187748258103906
201800033441,NonLethal,2018-03-17,05:20:00,NightStreelightsOn,740,12,Yes,Roundabout,LightRain,Other,ARVE (QUAI D'),M,46.18556206753248,6.185746768594791
201800033443,NonLethal,2018-03-17,21:35:00,NightStreelightsOn,740,118,Yes,T-type,Normal,2Vehicles-BehindVehicles-Frontal,SAINT-JULIEN (ROUTE DE),M,46.17687758898126,6.176195607073605
201800033444,NonLethal,2018-03-20,08:15:00,Daylight,740,12,Yes,NoIntersection,Normal,2Vehicles-Side,EUROPE (AVENUE DE L'),M,46.17721812497171,6.178086489705644
201800033447,NonLethal,2018-03-24,12:45:00,Daylight,740,12,Yes,NoIntersection,VeryGood,3+Vehicles-Multiple,EUROPE (AVENUE DE L'),M,46.18181536388296,6.183285913014886
201800033448,NonLethal,2018-03-24,13:15:00,Daylight,740,12,Yes,Y-type,Normal,Other,GARE (RUE DE LA),M,46.1957901358983,6.194622128558969
201800033449,NonLethal,2018-03-22,20:00:00,NightStreelightsOn,740,12,Yes,NoIntersection,Normal,Other,"11, GARE (RUE DE LA)",M,46.19602461728158,6.1949548823673855
201800033450,NonLethal,2018-03-05,00:20:00,NightNoStreetLight,740,298,Yes,NoIntersection,LightRain,Other,BONNEVILLE (ROUTE DE ),M,48.86387415243408,2.861297020680525
201800033451,NonLethal,2018-03-27,16:45:00,Daylight,740,12,Yes,NoIntersection,Normal,Other,"11, MAGNIN (RUE ADOLPHE)",M,46.195308569095694,6.19460009427388
201800033452,NonLethal,2018-03-28,10:25:00,Daylight,740,12,Yes,NoIntersection,Overcast,2Vehicles-Behind,"33,RUE DE LA RESISTANCE",M,46.19527858882677,6.195811417834786
201800033453,NonLethal,2018-03-19,15:20:00,Daylight,740,12,Yes,NoIntersection,Normal,2Vehicles-Behind,"30, RUE LA RESISTANCE",M,46.196348417545686,6.194559755471525
201800033454,Lethal,2018-03-29,13:40:00,Daylight,740,118,No,NoIntersection,Normal,2Vehicles-Side,"419, MOULIN (RUE JEAN)",M,46.93523017229907,6.936202103439031
201800033455,NonLethal,2018-03-30,19:40:00,NightStreelightsOn,740,12,Yes,NoIntersection,LightRain,2Vehicles-Behind,EUROPE (AVENUE DE L'),M,46.17972136010127,6.178622899329368
201800033457,NonLethal,2018-03-31,21:30:00,NightStreelightsOn,740,12,Yes,Roundabout,Normal,2Vehicles-Side,MORET (PLACE ALEXANDRE),M,46.1934742006698,6.191787197759887
201800033458,NonLethal,2018-04-06,22:30:00,NightStreelightsOn,740,118,Yes,Y-type,Normal,2Vehicles-Side,SAINT-JULIEN (ROUTE DE),M,46.17389938920399,6.17536135278786
201800033459,NonLethal,2018-05-04,17:10:00,Daylight,740,12,Yes,NoIntersection,LightRain,Other,50 RUE L'ILE DE FRANCE,M,46.18980137357188,6.191700561422459
201800033460,NonLethal,2018-08-04,13:45:00,Daylight,740,12,Yes,T-type,Normal,NoCollision,ANNEXION (RUE DE L'),M,46.1853216105752,6.183565616213778
201800033461,NonLethal,2018-04-12,09:30:00,Daylight,740,12,Yes,NoIntersection,Normal,Other,GENEVE (RUE DE),M,46.19200141675636,6.192626714211742
201800033462,NonLethal,2018-04-12,13:02:00,Daylight,740,12,Yes,X-type,Normal,3+Vehicles-Multiple,GLIERES (RUE DES),M,46.19495753973352,6.192781482958784
201800033464,NonLethal,2018-04-16,17:05:00,Daylight,740,118,Yes,Y-type,Normal,2Vehicles-Behind,DEPORTES (ROUTE DES ),M,46.18430738192389,6.185644414877071
201800033465,NonLethal,2018-04-19,08:30:00,Daylight,740,133,Yes,NoIntersection,VeryGood,Other,JARDINS (RUE DES),M,46.184696331134965,6.184990023038371
201800033466,NonLethal,2018-04-21,14:25:00,Daylight,740,133,Yes,NoIntersection,Normal,2Vehicles-Behind,PEUPLIERS (IMPASSE DES),M,46.189983297540245,6.1911354494034905
201800033468,NonLethal,2018-04-23,18:25:00,Daylight,740,12,Yes,NoIntersection,Normal,2Vehicles-Behind,BONNEVILLE (ROUTE DE),M,,
201800033469,NonLethal,2018-04-27,06:59:00,Daylight,740,12,Yes,NoIntersection,Normal,2Vehicles-Side,GENEVE (RUE DE),M,46.19271646069988,6.19289813069314
201800033470,NonLethal,2018-02-05,08:40:00,TwilightOrDawn,740,12,Yes,NoIntersection,Overcast,2Vehicles-Behind,VALLEES (ROUTE DES),M,46.191105444563405,6.189095806774626
201800033472,NonLethal,2018-03-05,23:45:00,NightStreelightsOn,740,12,Yes,T-type,Normal,2Vehicles-Side,LEMAN (AVENUE DU),M,46.18187199858667,6.182008414820062
201800033473,NonLethal,2018-05-05,20:45:00,TwilightOrDawn,740,118,No,Other,Normal,2Vehicles-Behind,18 AOUT (RUE DU),M,46.17048960642572,6.170258673893397
201800033474,NonLethal,2018-05-05,17:55:00,Daylight,740,12,No,NoIntersection,Normal,NoCollision,BONNEVILLE (ROUTE DE),M,46.18233293758576,6.181906050245948
201800033475,NonLethal,2018-05-08,11:05:00,Daylight,740,12,Yes,NoIntersection,Normal,2Vehicles-Behind,FERRY (AVENUE JULES),M,46.19053022623611,6.190911107924791
201800033476,NonLethal,2018-05-09,15:50:00,Daylight,740,133,Yes,T-type,Normal,2Vehicles-Side,MESANGES (RUE DES),M,46.19323446174418,6.19428177748348
201800033478,NonLethal,2018-05-18,13:10:00,Daylight,740,12,Yes,NoIntersection,Normal,2Vehicles-Side,ARAVIS (RUE DES),M,46.18846520693013,6.189499361597012
201800033479,NonLethal,2018-05-19,10:20:00,Daylight,740,118,No,NoIntersection,Normal,2Vehicles-BehindVehicles-Frontal,REIGNIER (ROUTE DE),M,46.175350560607896,6.176798316157198
201800033480,NonLethal,2018-05-23,08:20:00,Daylight,740,133,Yes,T-type,Normal,2Vehicles-Side,INDUSTRIE (RUE DE L'),M,46.18482326024257,6.184276900381838
201800033481,NonLethal,2018-05-23,12:20:00,Daylight,740,298,No,Roundabout,LightRain,2Vehicles-Behind,BONNEVILLE (ROUTE DE ),M,46.677793488581166,6.677814912697749
201800033482,NonLethal,2018-05-26,10:45:00,Daylight,740,305,Yes,NoIntersection,Normal,2Vehicles-Behind,MONTREAL (RUE DE),M,46.20233719310365,6.202041067095911
201800033483,NonLethal,2018-05-29,20:25:00,Daylight,740,12,Yes,X-type,Overcast,2Vehicles-Side,ANNEXION (RUE DE L'),M,46.185849783364986,6.186834531898092
201800033484,NonLethal,2018-02-06,20:30:00,Daylight,740,12,Yes,T-type,Normal,Other,VERDUN (AVENUE DE),M,46.186855145702246,6.190406056248728
201800033485,NonLethal,2018-04-06,16:40:00,Daylight,740,298,Yes,Roundabout,LightRain,NoCollision,EUROPE (AVENUE DE L'),M,46.17935080319359,6.182536145409827
201800033486,NonLethal,2018-08-06,06:50:00,Daylight,740,118,Yes,NoIntersection,Normal,2Vehicles-Side,SAINT-JULIEN (ROUTE DE),M,46.173324494076645,6.17273191398028
201800033487,NonLethal,2018-07-06,17:30:00,Daylight,740,12,Yes,NoIntersection,Normal,3+Vehicles-Chain,ARVE (QUAI D'),M,46.18439052393591,6.187709697253701
201800033488,NonLethal,2018-06-06,00:25:00,NightStreelightsOn,740,12,Yes,NoIntersection,Normal,Other,VALLEES (ROUTE DES),M,46.19173442194814,6.1922060965898
201800033490,NonLethal,2018-06-16,10:00:00,Daylight,740,12,Yes,NoIntersection,Normal,NoCollision,FOSSARD (RUE DU),M,46.19755842862491,6.198570177748205
201800033491,NonLethal,2018-06-14,07:45:00,Daylight,740,12,Yes,NoIntersection,Normal,Other,18 AOUT 44 (RUE DU),M,46.19469316818783,6.193133686174043
201800033492,NonLethal,2018-08-06,10:20:00,Daylight,740,12,Yes,NoIntersection,Normal,Other,FAUCIGNY (RUE DU),M,46.19506034727865,6.192886678542453
201800033493,NonLethal,2018-06-20,14:50:00,Daylight,740,12,Yes,NoIntersection,Normal,Other,ARVE (QUAI D'),M,46.18460988280604,6.18631277471417
201800033494,NonLethal,2018-06-20,16:40:00,Daylight,740,118,No,NoIntersection,Normal,2Vehicles-Behind,18 AOUT (RUE DU),M,46.16843005339664,6.166387815865541
201800033496,NonLethal,2018-06-23,11:35:00,Daylight,740,298,Yes,T-type,Normal,2Vehicles-BehindVehicles-Frontal,HAUTEVILLE (ROUTE DE),M,46.171831019781365,6.1746655997038
201800033497,NonLethal,2018-06-22,02:15:00,NightStreelightsOn,740,133,No,Roundabout,Normal,NoCollision,INDUSTRIE (RUE DE L'),M,46.179986088495895,6.1787162759538825
201800033498,NonLethal,2018-06-28,16:45:00,Daylight,740,12,Yes,NoIntersection,Normal,Other,FAVRE (RUE DU DR CHARLES,M,46.19652609918326,6.199226830085114
201800033500,NonLethal,2018-07-03,14:55:00,Daylight,740,133,Yes,NoIntersection,Normal,Other,PEUPLIERS (IMPASSE DES),M,46.18804221812515,6.189218733087639
201800033502,NonLethal,2018-06-30,11:10:00,Daylight,740,12,Yes,NoIntersection,Normal,NoCollision,CHARCOT (RUE J.B.),M,48.18641921567664,6.186080933642303
201800033503,NonLethal,2018-07-12,18:05:00,Daylight,740,12,Yes,NoIntersection,Normal,3+Vehicles-Chain,LECLERC (AVENUE DU MAREC,M,46.18791281902441,6.18757441115136
201800033504,NonLethal,2018-07-17,12:15:00,Daylight,740,12,Yes,NoIntersection,Normal,2Vehicles-Behind,BONNEVILLE (ROUTE DE),M,46.18715793755891,6.185589926084833
201800033505,NonLethal,2018-04-07,10:47:00,Daylight,740,12,Yes,NoIntersection,Normal,Other,FLORISSANT (AVENUE),M,46.1961554993408,6.196175863337218
201800033508,NonLethal,2018-07-26,17:35:00,Daylight,740,118,Yes,T-type,Normal,2Vehicles-Side,CYCLAMENS (CHEMIN DE),M,48.17966608594728,6.176689461823621
201800033509,NonLethal,2018-07-29,17:10:00,Daylight,740,298,Yes,T-type,Normal,2Vehicles-Side,AZALEES (CHEMIN DES ),M,46.17469734579597,6.177909743970909
201800033510,NonLethal,2018-02-08,18:15:00,Daylight,740,12,Yes,NoIntersection,Normal,2Vehicles-Side,FAUCIGNY (RUE DU),M,46.19350277086495,6.192512309860732
201800033511,NonLethal,2018-08-03,15:10:00,Daylight,740,118,Yes,NoIntersection,Normal,Other,INDUSTRIE (RUE DE),M,46.18221715242917,6.182557908713238
201800033513,NonLethal,2018-08-14,07:35:00,TwilightOrDawn,740,12,Yes,NoIntersection,Normal,2Vehicles-Behind,PAIX (RUE DE LA),M,46.00000267226897,6.002094823996955
201800033514,NonLethal,2018-08-16,00:01:00,NightStreelightsOn,740,12,Yes,X-type,Normal,Other,DUSSONCHET (RUE JEAN-PHI,M,46.18754966080686,6.189369711719877
201800033516,NonLethal,2018-08-16,11:15:00,Daylight,740,118,No,NoIntersection,Normal,Other,MOULIN (RUE JEAN),M,46.15501490053542,6.154566317568007
201800033517,NonLethal,2018-08-15,09:40:00,Daylight,740,118,Yes,NoIntersection,Normal,2Vehicles-Side,SALEVE (ROUTE DU),M,46.00109871518698,6.000659730600414
201800033518,NonLethal,2018-08-19,10:50:00,Daylight,740,12,Yes,Roundabout,Normal,2Vehicles-Side,MORET (PLACE ALEXANDRE),M,46.19209297033998,6.190521098228097
201800033519,NonLethal,2018-08-23,06:40:00,TwilightOrDawn,740,12,Yes,NoIntersection,Normal,Other,18 AOUT 44 (RUE DU),M,46.19529389946067,6.193774812673629
201800033520,NonLethal,2018-08-28,11:45:00,Daylight,740,305,Yes,T-type,Normal,2Vehicles-Behind,DUNAND (RUE),M,46.198785055444105,6.198253070520446
201800033521,NonLethal,2018-08-29,08:00:00,Daylight,740,12,Yes,NoIntersection,Normal,2Vehicles-Side,ANNEXION (RUE DE L'),M,46.186264738644674,6.18670210899605
201800033522,NonLethal,2018-08-29,08:17:00,Daylight,740,12,Yes,NoIntersection,VeryGood,2Vehicles-Side,BEULET (RUE DU),M,46.18967633377795,6.190601957890153
201800033524,NonLethal,2018-08-31,22:50:00,NightStreelightsOn,740,12,Yes,Other,Overcast,Other,VAILLAT (RUE LEANDRE),M,46.19019589646442,6.189772140752242
201800033525,NonLethal,2018-01-09,11:47:00,Daylight,740,12,Yes,T-type,Normal,2Vehicles-Side,CURIE (RUE MARIE),M,46.00030268864806,5.999770537948957
201800033526,NonLethal,2018-04-09,07:30:00,TwilightOrDawn,740,12,Yes,T-type,Normal,2Vehicles-BehindVehicles-Frontal,BASTIN (RUE ALFRED),M,46.19224684676871,6.191846050314111
201800033527,NonLethal,2018-09-03,16:35:00,Daylight,740,12,Yes,NoIntersection,Normal,Other,RESISTANCE (RUE DE LA),M,46.19612998181543,6.1966043201061245
201800033528,NonLethal,2018-04-09,18:21:00,Daylight,740,12,Yes,NoIntersection,Normal,2Vehicles-Behind,VERDUN (AVENUE DE),M,45.999881498162175,5.998655965252181
201800033529,NonLethal,2018-05-09,07:15:00,Daylight,740,12,Yes,NoIntersection,Normal,2Vehicles-Side,LEMAN (AVENUE DU),M,46.18203608491582,6.183148217223813
201800033530,NonLethal,2018-09-05,11:09:00,Daylight,740,12,Yes,NoIntersection,Normal,2Vehicles-Side,VALLEES (ROUTE DES),M,46.1919013446773,6.191920161825922
201800033532,NonLethal,2018-10-09,08:19:00,Daylight,740,298,Yes,Roundabout,Normal,2Vehicles-Side,EUROPE (AVENUE DE L'),M,46.17662665460552,6.176268661891738
201800033533,NonLethal,2018-10-09,09:35:00,Daylight,740,12,Yes,NoIntersection,Normal,2Vehicles-Behind,EUROPE (AVENUE DE L'),M,46.18328691467996,6.1817246339693375
201800033535,NonLethal,2018-09-13,17:00:00,Daylight,740,118,Yes,NoIntersection,Normal,2Vehicles-Side,SAINT-JULIEN (ROUTE DE),M,46.177308341113736,6.177739608377952
201800033536,NonLethal,2018-09-17,17:00:00,Daylight,740,12,Yes,NoIntersection,Normal,Other,18 AOUT 44 (RUE DU),M,46.19407925396917,6.192150107337821
201800033537,NonLethal,2018-09-17,08:30:00,Daylight,740,133,Yes,NoIntersection,Normal,Other,MARTINET (RUE DU),M,48.181063150573216,6.182860200776006
201800033538,NonLethal,2018-09-18,14:05:00,Daylight,740,8,Yes,X-type,Normal,Other,MON IDEE (RUE DE),M,46.199110505071744,6.201010670231459
201800033539,NonLethal,2018-09-20,11:45:00,Daylight,740,12,Yes,Square,Normal,Other,Avenue Henri Barbusse,M,46.191653624563344,6.193546300694109
201800033540,NonLethal,2018-09-21,16:45:00,Daylight,740,118,Yes,NoIntersection,Overcast,3+Vehicles-Multiple,SAINT-JULIEN (ROUTE DE),M,46.17360128411337,6.1721657736442905
201800033541,NonLethal,2018-09-15,23:38:00,NightNoStreetLight,740,133,Yes,NoIntersection,Normal,Other,VALLARD (RUE DE),M,46.19316710228418,6.192775614351191
201800033542,NonLethal,2018-09-22,19:57:00,NightStreelightsOn,740,133,Yes,NoIntersection,Normal,NoCollision,ARVE (RUE DE L'),M,46.186435254176224,6.1886869201314845
201800033543,NonLethal,2018-09-24,18:10:00,Daylight,740,12,Yes,T-type,Normal,2Vehicles-Side,EUROPE (AVENUE DE L'),M,46.17819582541787,6.176960819411641
201800033544,NonLethal,2018-09-26,17:50:00,Daylight,740,12,Yes,T-type,Normal,2Vehicles-Side,BEULET (RUE DU),M,46.19157303140514,6.190124098965298
201800033545,NonLethal,2018-09-28,07:10:00,Daylight,740,12,Yes,Roundabout,Normal,Other,ETOILE (PLACE DE L'),M,46.19331034508887,6.194215795385271
201800033546,NonLethal,2018-01-10,16:55:00,Daylight,740,8,Yes,NoIntersection,LightRain,Other,RAVIER (RUE),M,46.20255936426821,6.199478280775881
201800033547,NonLethal,2018-10-06,06:40:00,NightNoStreetLight,740,118,No,NoIntersection,Normal,2Vehicles-Behind,18 AOUT (RUE DU),M,46.1680735967344,6.168546263231156
201800033548,NonLethal,2018-10-08,13:55:00,Daylight,740,12,Yes,Other,Normal,2Vehicles-Side,ROMAGNY (RUE DE),M,46.19523286315645,6.19566265468965
201800033549,NonLethal,2018-09-10,06:25:00,NightStreelightsOn,740,8,Yes,NoIntersection,Normal,2Vehicles-Side,LACHENAL (AVENUE LOUIS),M,46.193458043787146,6.1916064778267765
201800033550,NonLethal,2018-10-10,08:15:00,Daylight,740,298,Yes,NoIntersection,Normal,2Vehicles-Side,RAPE (IMPASSE DE LA ),M,46.17920411598983,6.179778457947982
201800033551,NonLethal,2018-10-10,14:55:00,Daylight,740,12,Yes,NoIntersection,Normal,2Vehicles-Side,VERDUN (AVENUE DE),M,46.18344575538354,6.182118913432884
201800033552,NonLethal,2018-10-11,16:20:00,Daylight,740,12,Yes,T-type,Normal,Other,MARRONIERS (RUE DES),M,46.192219063824055,6.190780541951993
201800033554,NonLethal,2018-10-12,18:35:00,Daylight,740,12,Yes,T-type,Normal,2Vehicles-Side,AMOUREUX RUE DES,M,46.191227208165344,6.189494701018649
201800033555,NonLethal,2018-10-15,05:35:00,NightNoStreetLight,740,298,Yes,NoIntersection,Normal,Other,BONNEVILLE (ROUTE DE ),M,46.16783626572496,6.167092657629674
201800033556,NonLethal,2018-10-15,08:40:00,Daylight,740,118,No,NoIntersection,Normal,Other,18 AOUT (RUE DU),M,46.16850991409832,6.168425841703433
201800033557,NonLethal,2018-10-16,09:33:00,Daylight,740,12,Yes,T-type,Normal,Other,PARC (RUE DU),M,46.19476658934187,6.195114404229937
201800033558,NonLethal,2018-10-15,17:37:00,Daylight,740,305,Yes,T-type,Normal,2Vehicles-Behind,ESSERTS (CARREFOUR DES),M,46.19808641282122,6.199105401256251
201800033561,NonLethal,2018-10-19,07:01:00,NightStreelightsOn,740,12,Yes,NoIntersection,Normal,2Vehicles-Side,ARVE (QUAI D'),M,45.99725362773889,5.998860216695872
201800033562,NonLethal,2018-10-22,16:15:00,Daylight,740,12,Yes,T-type,Normal,Other,ANNEXION (RUE DE L'),M,43.99927752349848,6.0006774101685245
201800033564,NonLethal,2018-10-26,12:15:00,Daylight,740,12,Yes,NoIntersection,Normal,2Vehicles-Side,THONON (ROUTE DE),M,46.19587488853727,6.196708701048488
201800033565,NonLethal,2018-10-27,19:15:00,NightNoStreetLight,740,12,Yes,NoIntersection,LightRain,3+Vehicles-Chain,THONON (ROUTE DE),M,46.19442258098714,6.19418128404829
201800033566,NonLethal,2018-10-29,05:35:00,NightStreelightsOff,740,12,Yes,T-type,LightRain,2Vehicles-Side,ARVE (QUAI D'),M,46.18291200419948,6.184335293848815
201800033567,NonLethal,2018-10-27,12:20:00,Daylight,740,12,Yes,NoIntersection,LightRain,NoCollision,LECLERC (AVENUE DU MAREC,M,46.18723757796131,6.189223075490104
201800033568,NonLethal,2018-10-29,16:40:00,Daylight,740,133,Yes,NoIntersection,LightRain,NoCollision,GENEVE (RUE DE),M,46.19113543697512,6.192526507725294
201800033570,NonLethal,2018-10-30,15:10:00,Daylight,740,12,Yes,Other,Normal,Other,LECLERC (AVENUE DU MAREC,M,46.191675802090586,6.192419849049593
201800033571,NonLethal,2018-10-30,12:45:00,Daylight,740,298,No,NoIntersection,Normal,Other,BONNEVILLE (ROUTE DE ),M,46.27020397968557,6.270231831278072
201800033572,NonLethal,2018-11-01,12:09:00,Daylight,740,12,Yes,NoIntersection,Normal,2Vehicles-Behind,ETREMBIERES (ROUTE D'),M,46.00093129653705,5.998723984588613
201800033573,NonLethal,2018-11-06,18:30:00,NightNoStreetLight,740,12,Yes,NoIntersection,LightRain,Other,DE GAULLE (AVENUE CHARLE,M,46.27000602154779,6.268823827550432
201800033574,NonLethal,2018-11-08,07:10:00,NightStreelightsOn,740,12,Yes,T-type,LightRain,2Vehicles-Side,CHABLAIS (RUE DU),M,46.19777311792673,6.196564610276992
201800033575,NonLethal,2018-11-08,11:05:00,Daylight,740,12,Yes,NoIntersection,Normal,Other,TOURNELLES (RUE DES),M,46.19659663611427,6.197226923587399
201800033576,NonLethal,2018-11-09,18:00:00,TwilightOrDawn,740,12,Yes,NoIntersection,Normal,2Vehicles-Behind,MENDES FRANCE (AVENUE PI,M,46.18914919537596,6.189076075796121
201800033577,NonLethal,2018-10-11,20:16:00,NightStreelightsOn,740,12,Yes,NoIntersection,LightRain,2Vehicles-BehindVehicles-Frontal,ETREMBIERES (ROUTE D'),M,46.1834756420529,6.183661022626529
201800033578,NonLethal,2018-11-14,06:50:00,NightStreelightsOn,740,12,Yes,NoIntersection,Normal,2Vehicles-Side,MOLE (RUE DU),M,46.19832758723324,6.199052681048311
201800033579,NonLethal,2018-11-14,07:30:00,TwilightOrDawn,740,133,Yes,T-type,Overcast,2Vehicles-Side,ARVE (RUE DE L'),M,46.18441947760034,6.183893297153288
201800033580,NonLethal,2018-11-13,22:30:00,NightNoStreetLight,740,133,No,NoIntersection,Overcast,NoCollision,ZONE (ROUTE DE),M,46.17707534793273,6.176488603156144
201800033581,NonLethal,2018-11-17,11:50:00,Daylight,740,305,Yes,NoIntersection,Normal,2Vehicles-Side,ESSERTS (CARREFOUR DES),M,46.19943323257408,6.199516091191075
201800033582,NonLethal,2018-11-20,08:15:00,Daylight,740,8,Yes,NoIntersection,LightRain,3+Vehicles-Chain,MON IDEE (RUE DE),M,46.20014571367597,6.201037050565705
201800033583,NonLethal,2018-11-24,19:20:00,NightStreelightsOn,740,305,Yes,T-type,Overcast,2Vehicles-Side,MONTREAL (RUE DE),M,46.20291302903106,6.202088729833944