AccidentId,Gravity,Date,Hour,Light,Department,Commune,InAgglomeration,IntersectionType,Weather,CollisionType,PostalAddress,GPSCode,Latitude,Longitude
201800033584,NonLethal,2018-11-27,19:30:00,NightStreelightsOn,740,12,Yes,NoIntersection,Normal,2Vehicles-BehindVehicles-Frontal,ETREMBIERES (ROUTE D'),M,,
201800033585,Lethal,2018-11-25,17:10:00,NightStreelightsOn,740,8,Yes,T-type,LightRain,NoCollision,NEGOCIANTS (RUE DES),M,46.19609259986587,6.195700393983939
201800033586,NonLethal,2018-11-29,06:09:00,NightStreelightsOn,740,12,Yes,NoIntersection,Normal,NoCollision,ARVE (QUAI D'),M,46.19086948005886,6.191735780961771
201800033587,NonLethal,2018-11-28,17:30:00,NightStreelightsOn,740,305,Yes,NoIntersection,Normal,2Vehicles-Side,MONTREAL (RUE DE),M,46.20320611601577,6.20150456553379
201800033589,NonLethal,2018-02-12,18:50:00,NightStreelightsOn,740,118,No,T-type,HeavyRain,2Vehicles-Side,SAINT-JULIEN (ROUTE DE),M,46.17596412450941,6.173945912257083
201800033590,NonLethal,2018-12-04,15:52:00,Daylight,740,12,Yes,T-type,Normal,2Vehicles-Side,ARVE (QUAI),M,46.18549014016886,6.183513560558343
201800033592,NonLethal,2018-09-12,19:10:00,NightStreelightsOn,740,12,Yes,Roundabout,LightRain,2Vehicles-Side,GENEVE (RUE DE),M,46.19239178865786,6.192175000260523
201800033594,NonLethal,2018-12-10,15:00:00,Daylight,740,12,Yes,NoIntersection,LightRain,NoCollision,BONNEVILLE (ROUTE DE),M,46.18439499682081,6.18628308494652
201800033595,NonLethal,2018-12-11,07:50:00,TwilightOrDawn,740,12,Yes,T-type,FogOrSmoke,2Vehicles-Side,RISSE (RUE DU),M,46.1858470080179,6.184107960802544
201800033596,NonLethal,2018-11-20,09:55:00,Daylight,740,12,Yes,NoIntersection,Normal,NoCollision,ARAVIS (RUE DES),M,46.1888895015614,6.1869760453067135
201800033597,NonLethal,2018-12-13,10:24:00,Daylight,740,12,Yes,Roundabout,Normal,Other,GENEVE RUE DE,M,46.19395246625093,6.19239887450784
201800033598,NonLethal,2018-12-17,07:55:00,TwilightOrDawn,740,133,Yes,X-type,LightRain,2Vehicles-Side,BELOSSES (RUE DES),M,46.1886136322664,6.188610795205111
201800033599,NonLethal,2018-12-18,07:55:00,Daylight,740,12,Yes,NoIntersection,Normal,Other,BEULET (RUE DU),M,46.19080574518036,6.192309846958595
201800033600,NonLethal,2018-12-18,17:10:00,NightNoStreetLight,740,12,No,T-type,Other,2Vehicles-Behind,EUROPE (AVENUE DE L'),M,46.1782431324624,6.178489563247732
201800033601,NonLethal,2018-12-22,17:30:00,NightStreelightsOn,740,12,Yes,NoIntersection,Normal,Other,ANNEXION (RUE DE L'),M,46.187340040393885,6.185017619451847
201800033602,NonLethal,2018-12-21,18:37:00,NightStreelightsOn,740,12,Yes,NoIntersection,HeavyRain,Other,ETREMBIERES (ROUTE D'),M,46.18321060668254,6.181527135765422
201800033604,NonLethal,2018-03-11,09:25:00,Daylight,490,63,No,NoIntersection,Normal,NoCollision,D751,M,47.34972924733525,-0.3485430792740069
201800033605,NonLethal,2018-04-15,16:30:00,Daylight,490,190,Yes,X-type,Normal,2Vehicles-Side,534 rue d'Anjou,M,47.35646466928169,-0.3513390169491153
201800033606,NonLethal,2018-08-19,19:15:00,Daylight,490,82,No,NoIntersection,Normal,2Vehicles-BehindVehicles-Frontal,Lieu dit la Croix de l'O,M,47.31678581693318,-0.3168001280062388
201800033607,NonLethal,2018-11-09,08:20:00,Daylight,490,244,Yes,T-type,Normal,2Vehicles-BehindVehicles-Frontal,lieu-dit la Voie - Saint,M,47.36201493640892,-0.3588721462354055
201800033608,NonLethal,2018-04-12,18:30:00,NightNoStreetLight,490,63,No,NoIntersection,Normal,3+Vehicles-Multiple,LE GODINET,M,47.34812924740963,-0.3482261126112299
201800033609,NonLethal,2018-12-16,13:42:00,Daylight,490,244,Yes,NoIntersection,Overcast,Other,25 rue de la loire- LA P,M,47.356847679190366,-0.358168679914142
201800033610,NonLethal,2018-01-23,07:55:00,NightStreelightsOn,500,565,Yes,NoIntersection,LightRain,Other,Rue des Halles,M,48.75326503947116,-0.7527085975741463
201800033611,NonLethal,2018-01-28,15:45:00,Daylight,500,565,Yes,Other,LightRain,2Vehicles-Side,Route de Carolles,M,48.74926801015983,-0.7493606319693428
201800033612,NonLethal,2018-12-02,10:00:00,Daylight,500,27,No,NoIntersection,SnowOrHail,2Vehicles-BehindVehicles-Frontal,RD 911 Lieu dit le Fouge,M,48.686925345818096,-0.6866205152713014
201800033613,NonLethal,2018-03-15,19:00:00,Daylight,500,102,Yes,T-type,LightRain,Other,13 route de la plage,M,48.75460348927662,-0.7573519827342301
201800033614,NonLethal,2018-11-05,18:30:00,Daylight,500,565,No,NoIntersection,Normal,2Vehicles-Behind,RD 973,M,48.7553263477415,-0.7550771641477392
201800033615,Lethal,2018-05-19,08:50:00,Daylight,500,199,No,NoIntersection,VeryGood,3+Vehicles-Chain,Lieu dit L'Enfer,M,48.68662357191137,-0.6849287714554706
201800033616,NonLethal,2018-07-06,22:45:00,NightNoStreetLight,500,447,No,NoIntersection,Normal,NoCollision,"route de la mer, RD 309",M,48.80881700784824,-0.807643915633898
201800033617,Lethal,2018-06-19,00:50:00,NightStreelightsOff,500,66,No,NoIntersection,Normal,Other,la Brancherie,M,48.76310335884069,-0.7617450497945908
201800033620,NonLethal,2018-08-14,16:00:00,Daylight,500,541,No,NoIntersection,Normal,2Vehicles-BehindVehicles-Frontal,les pas,M,48.83764375268647,-0.8374300286370806
201800033621,NonLethal,2018-09-23,18:30:00,Daylight,500,565,Yes,T-type,Normal,2Vehicles-BehindVehicles-Frontal,Rue Théophile Maupas,M,48.75500483023195,-0.754711986255907
201800033622,NonLethal,2018-11-25,06:15:00,NightNoStreetLight,500,540,No,NoIntersection,HeavyRain,Other,Route de la havaudière,M,48.78476720782713,-0.7837372985701003
201800033623,NonLethal,2018-03-02,18:50:00,NightStreelightsOn,740,119,Yes,NoIntersection,Normal,2Vehicles-Behind,"19, ANNA DE NOAILLES",M,46.39793643912154,6.398813750289507
201800033624,NonLethal,2018-01-02,19:50:00,NightStreelightsOn,740,281,Yes,NoIntersection,Normal,2Vehicles-BehindVehicles-Frontal,"12, AVENUE DE LA DAME",M,46.35636187787466,6.356824278946032
201800033625,NonLethal,2018-06-02,05:40:00,NightStreelightsOn,740,218,Yes,T-type,Normal,2Vehicles-BehindVehicles-Frontal,DRANSE (RUE DU PONT DE),M,46.38334330761453,6.381402108691226
201800033626,NonLethal,2018-01-29,14:12:00,Daylight,740,119,Yes,T-type,Normal,2Vehicles-Side,"3, THONY (AVENUE DE)",M,46.39225901997085,6.394859771399807
201800033627,NonLethal,2018-01-25,18:35:00,NightStreelightsOn,740,281,Yes,X-type,Normal,2Vehicles-Side,VALLEES (AVENUE DES),M,46.37057571818032,6.371366917880695
201800033628,NonLethal,2018-03-16,18:35:00,TwilightOrDawn,740,281,Yes,X-type,Normal,2Vehicles-Side,SAINT FRANCOIS DE SALES,M,46.37358053185802,6.372944773063769
201800033630,NonLethal,2018-04-18,10:20:00,Daylight,740,281,Yes,Y-type,Normal,2Vehicles-Side,CHAMP BOCHARD (AVENUE DU,M,46.38795133874621,6.387087951263121
201800033631,NonLethal,2018-04-19,09:45:00,Daylight,740,281,Yes,T-type,Normal,2Vehicles-Side,CLOS BANDERET (AVENUE DU,M,46.37830801771902,6.375448459338668
201800033632,NonLethal,2018-04-21,19:15:00,TwilightOrDawn,740,218,Yes,T-type,Normal,Other,DRANSE (RUE DU PONT DE),M,46.38366220471056,6.38144065780013
201800033633,NonLethal,2018-04-25,17:40:00,Daylight,740,13,Yes,NoIntersection,Normal,2Vehicles-Side,PRE-BIOLLAT (CHEMIN DU),M,46.34939371764163,6.348479209094478
201800033634,NonLethal,2018-04-28,11:25:00,Daylight,740,218,No,NoIntersection,Normal,3+Vehicles-Multiple,THONON (AVENUE DE),M,46.38287500253654,6.381146080757877
201800033635,NonLethal,2018-05-05,11:15:00,Daylight,740,218,Yes,NoIntersection,Normal,3+Vehicles-Chain,RIVE (AVENUE DE LA) RD 1,M,46.3962501830499,6.394816919881473
201800033636,NonLethal,2018-05-22,17:25:00,Daylight,740,281,Yes,X-type,Normal,Other,FERRY (AV JULES) JUSQU'A,M,46.373460222287775,6.373056134501864
201800033637,NonLethal,2018-08-06,16:30:00,Daylight,740,218,Yes,NoIntersection,Normal,2Vehicles-Side,CHAPELLE (RUE DE LA),M,46.39482215502549,6.393984562992892
201800033638,NonLethal,2018-06-29,09:11:00,Daylight,740,119,Yes,NoIntersection,Normal,Other,BLONAY (QUAI BARON DE) R,M,46.40274024381008,6.4019173114738726
201800033639,NonLethal,2018-06-30,13:50:00,Daylight,740,281,Yes,NoIntersection,Normal,Other,SENEVULAZ (AVENUE DE),M,46.355002320346514,6.35393408765838
201800033640,NonLethal,2018-07-16,00:40:00,NightStreelightsOn,740,218,No,NoIntersection,Normal,2Vehicles-BehindVehicles-Frontal,NOAILLES (AVENUE ANNA DE,M,46.39688447028912,6.397355338158112
201800033642,NonLethal,2018-07-21,20:45:00,Daylight,740,281,Yes,NoIntersection,Normal,2Vehicles-Side,FONTAINE COUVERTE (AV DE,M,46.36068706104593,6.360961950726098
201800033643,NonLethal,2018-07-28,13:30:00,Daylight,740,281,Yes,Roundabout,LightRain,NoCollision,VERSOIE (ROUTE DE LA),M,46.353624128218776,6.352103404974984
201800033644,NonLethal,2018-08-02,19:30:00,Daylight,740,119,No,NoIntersection,Normal,2Vehicles-BehindVehicles-Frontal,CORNICHE (ROUTE DE LA),M,46.38443533107712,6.385826682500039
201800033645,NonLethal,2018-08-14,19:52:00,Daylight,740,119,Yes,NoIntersection,Normal,Other,LEGER (QUAI PAUL) RD l00,M,46.400963079926186,6.400939145073781
201800033646,NonLethal,2018-09-14,20:50:00,NightStreelightsOn,740,281,Yes,LevelCrossing,Normal,2Vehicles-Side,ANDRIER (BOULEVARD GEORG,M,46.369501616256045,6.3722229779634745
201800033647,NonLethal,2018-06-10,10:00:00,Daylight,740,218,Yes,X-type,Normal,2Vehicles-Side,PAYS DE GAVOT (ROUTE DU),M,46.38101081381894,6.380506260420581
201800033648,Lethal,2018-10-13,10:45:00,Daylight,740,119,No,T-type,Normal,2Vehicles-Side,CORNICHE (ROUTE DE LA),M,46.37905327298429,6.379182279187737
201800033649,NonLethal,2018-10-12,15:05:00,Daylight,202,121,No,NoIntersection,Normal,2Vehicles-Side,hameau du Fango,M,42.40079321309153,8.400333237240039
201800033650,NonLethal,2018-08-27,11:05:00,Daylight,202,291,No,NoIntersection,Normal,Other,D506,M,42.380218241924496,9.379408300169024
201800033652,Lethal,2018-09-01,17:05:00,Daylight,800,547,No,X-type,VeryGood,2Vehicles-Side,D929,M,49.98849020813104,2.987736091476862
201800033653,NonLethal,2018-09-16,22:45:00,NightNoStreetLight,800,659,No,NoIntersection,Normal,NoCollision,D31,M,50.08135484231304,2.0827271455654084
201800033654,NonLethal,2018-10-17,19:10:00,TwilightOrDawn,800,3,No,NoIntersection,Normal,NoCollision,D114,M,50.08241938763359,2.0830183185140405
201800033655,NonLethal,2018-11-07,20:25:00,NightStreelightsOn,800,16,Yes,T-type,Normal,2Vehicles-Side,CH DE CORBIE,M,50.00365409634704,2.001088745449705
201800033656,NonLethal,2018-11-13,15:40:00,Daylight,800,425,No,NoIntersection,Normal,NoCollision,D447,M,50.04384173027237,2.04363284070485
201800033657,NonLethal,2018-12-18,09:07:00,Daylight,202,148,Yes,Other,Normal,3+Vehicles-Chain,T20,M,42.54898839833807,9.549352876416656
201800033659,NonLethal,2018-04-18,13:10:00,Daylight,760,114,No,NoIntersection,Normal,2Vehicles-BehindVehicles-Frontal,RD 487,M,49.56462058905937,4.566079715835083
201800033661,Lethal,2018-08-07,18:30:00,Daylight,760,476,No,Roundabout,Normal,Other,RD 8l,M,49.481516039069774,5.481637370061881
201800033662,NonLethal,2018-06-10,15:07:00,Daylight,760,114,Yes,Square,Normal,Other,DEBRAY  LOUIS (AVENUE),M,49.57794091635601,4.579631635579493
201800033663,Lethal,2018-11-14,12:55:00,Daylight,760,114,No,NoIntersection,Normal,NoCollision,D6015,M,49.56707734433609,4.566186464713502
201800033664,NonLethal,2018-11-22,07:45:00,NightNoStreetLight,760,476,No,NoIntersection,Normal,2Vehicles-Side,RD 81,M,49.485399302305865,5.485772951760601
201800033665,NonLethal,2018-01-16,01:45:00,NightStreelightsOn,760,217,Yes,X-type,HeavyRain,Other,GAMBETTA (AVENUE),M,49.914644418791816,1.9141713475287867
201800033666,NonLethal,2018-01-11,19:00:00,NightNoStreetLight,760,217,Yes,Roundabout,LightRain,Other,"137, CANADIENS (AVENUE D",M,49.91451262422152,1.9112182987469128
201800033668,NonLethal,2018-01-21,16:30:00,Daylight,760,217,Yes,T-type,LightRain,Other,39 rue jean puech,M,49.92127472974784,1.9231417456114532
201800033670,NonLethal,2018-06-04,15:30:00,Daylight,760,545,Yes,Other,Normal,2Vehicles-Side,BOURBON (COURS),M,49.91507979573923,1.9163841149623173
201800033672,NonLethal,2018-02-25,17:30:00,Daylight,760,217,Yes,NoIntersection,Normal,Other,VERDUN (BOULEVARD DE),M,49.927332284444304,1.926119843647388
201800033673,NonLethal,2018-03-05,15:01:00,Daylight,760,414,Yes,X-type,Normal,2Vehicles-Side,RD 92O,M,49.921622986713736,1.923545099261357
201800033674,NonLethal,2018-04-16,11:20:00,Daylight,760,217,Yes,Square,Normal,2Vehicles-Side,MONTREAL (RUE DE),M,49.90577603951245,1.908277260968665
201800033675,NonLethal,2018-05-20,15:55:00,Daylight,760,217,Yes,NoIntersection,Normal,3+Vehicles-Chain,GAMBETTA (AVENUE),M,49.91899247055749,1.917688120846267
201800033676,NonLethal,2018-01-06,00:45:00,NightNoStreetLight,760,217,Yes,NoIntersection,Normal,Other,DUMAS (ALEXANDRE),M,49.927412535896686,1.927073060422725
201800033677,Lethal,2018-06-08,10:39:00,Daylight,760,217,Yes,T-type,Normal,Other,CARENAGE (QUAI DU),M,49.92806454296054,1.9269968223756544
201800033678,NonLethal,2018-07-09,00:50:00,NightStreelightsOn,760,217,Yes,NoIntersection,LightRain,2Vehicles-BehindVehicles-Frontal,REPUBLIQUE (AVENUE DE LA,M,49.92703221031754,1.9274905002984244
201800033679,NonLethal,2018-09-08,15:44:00,Daylight,760,217,Yes,NoIntersection,Normal,2Vehicles-Side,MONTREAL (RUE DE),M,49.9106496140574,1.9086924036864723
201800033680,NonLethal,2018-10-05,18:20:00,Daylight,760,349,Yes,NoIntersection,Normal,2Vehicles-BehindVehicles-Frontal,RD 925,M,49.89839077639582,1.898802494524244
201800033681,NonLethal,2018-10-22,13:20:00,Daylight,760,414,Yes,NoIntersection,Normal,3+Vehicles-Chain,RD 154E,M,49.90779077391465,1.9090923414138807
201800033683,NonLethal,2018-11-07,17:15:00,Daylight,760,545,No,NoIntersection,Normal,2Vehicles-BehindVehicles-Frontal,RD 154E,M,49.90960898604507,1.9092407240657556
201800033684,NonLethal,2018-11-13,18:30:00,NightStreelightsOn,760,217,Yes,T-type,Normal,2Vehicles-Side,DUQUESNE (QUAI),M,49.92482673954571,1.923834136308406
201800033685,NonLethal,2018-12-02,16:10:00,Daylight,760,217,Yes,NoIntersection,Overcast,2Vehicles-Side,FOCH (BOULEVARD MARECHAL,M,49.932256491685486,1.9300627338025516
201800033686,NonLethal,2018-12-12,16:40:00,Daylight,760,349,No,NoIntersection,Normal,2Vehicles-BehindVehicles-Frontal,DIEPPE (ROUTE DE),M,49.90739842771222,1.9074144155842687
201800033687,NonLethal,2018-12-29,00:05:00,NightStreelightsOn,760,414,No,Other,Normal,Other,RD 485,M,49.92277491469883,1.9212494612233035
201800033688,NonLethal,2018-01-30,19:29:00,NightStreelightsOn,760,600,Yes,NoIntersection,HeavyRain,Other,"445, HAVRE ( ROUTE DU)",M,49.73862519378672,3.739881209506052
201800033689,NonLethal,2018-04-03,06:30:00,NightStreelightsOn,760,259,Yes,NoIntersection,Normal,2Vehicles-Side,CHEMIN NID DE VERDIER,M,49.74960416154723,4.748737527570259
201800033690,NonLethal,2018-04-08,15:25:00,Daylight,760,259,Yes,MoreThan4Branches,FogOrSmoke,2Vehicles-Side,RUE THEAGENE BOUFFARD,M,49.75747342532961,3.7601716422396234
201800033692,NonLethal,2018-04-22,11:28:00,Daylight,760,259,Yes,Roundabout,Normal,2Vehicles-Side,ROUTE DE GANZEVILLE,M,49.7488189719651,4.74857037267991
201800033694,NonLethal,2018-05-22,15:40:00,Daylight,760,259,Yes,X-type,Normal,2Vehicles-Side,INONDATION ( RUE DE L'),M,49.75633206687084,3.7567363567183754
201800033695,NonLethal,2018-02-08,16:15:00,Daylight,760,600,No,NoIntersection,Normal,2Vehicles-Side,ETRETAT ( ROUTE D'),M,49.7287331653819,3.7300306244538417
201800033696,NonLethal,2018-08-08,19:35:00,Daylight,760,259,Yes,X-type,Normal,2Vehicles-Side,BERIGNY (QUAI),M,49.75913962188124,3.760620635162578
201800033697,NonLethal,2018-08-17,19:00:00,Daylight,760,259,No,NoIntersection,Normal,2Vehicles-Side,MANDELA ( BOULEVARD NELS,M,49.7446494410698,3.743046549439304
201800033698,NonLethal,2018-08-16,01:30:00,NightStreelightsOn,760,259,Yes,T-type,Normal,2Vehicles-Side,BERIGNY (QUAI),M,49.76159085501629,3.762401678343899
201800033700,NonLethal,2018-10-20,16:12:00,Daylight,760,259,Yes,T-type,Normal,2Vehicles-Side,L'HONORE ( RUE PAUL),M,49.74528544766619,3.746363415429725
201800033701,NonLethal,2018-11-29,14:00:00,Daylight,760,259,Yes,NoIntersection,LightRain,3+Vehicles-Chain,HAVRE ( ROUTE DU),M,49.75203721486768,3.749103427114536
201800033702,NonLethal,2018-06-12,09:50:00,Daylight,760,259,Yes,NoIntersection,LightRain,Other,BERIGNY (QUAI),M,49.76057625725831,3.758820652097998
201800033703,NonLethal,2018-04-01,19:40:00,NightStreelightsOn,760,351,Yes,NoIntersection,LightRain,Other,"120, TROIS CENT VINGT NE",M,49.50565368112113,1.5044616798407449
201800033704,NonLethal,2018-01-01,03:30:00,NightStreelightsOn,760,305,Yes,NoIntersection,HeavyRain,NoCollision,22 av Jacques EBERHARD,M,49.51000178130281,2.510269201619492
201800033705,NonLethal,2018-01-07,05:00:00,NightStreelightsOn,760,552,Yes,NoIntersection,Normal,2Vehicles-BehindVehicles-Frontal,"24, GENERAL DE GAULLE (A",M,49.50249688384972,8.501321889229397
201800033706,NonLethal,2018-05-01,01:45:00,NightStreelightsOn,760,351,Yes,X-type,Normal,NoCollision,"neant, REPUBLIQUE (COURS",M,49.49325166055153,1.49237336519709
201800033707,NonLethal,2018-10-01,15:18:00,Daylight,760,351,Yes,T-type,Normal,2Vehicles-Behind,59 rue  ANDREI SAKHAROV,M,49.50424804852637,1.5043987906378604
201800033708,NonLethal,2018-01-06,23:35:00,NightStreelightsOn,760,351,Yes,NoIntersection,Normal,Other,367 rue ARISTIDE BRIAND,M,49.49944464451911,1.5021699784432403
201800033709,NonLethal,2018-01-13,20:45:00,NightNoStreetLight,760,351,No,NoIntersection,Normal,2Vehicles-Behind,RD 6382,M,49.5227505885282,1.524644420629153
201800033710,NonLethal,2018-01-17,15:30:00,Daylight,760,351,Yes,X-type,LightRain,2Vehicles-Side,"NEANT, IRENE JOLIOT CURI",M,49.51861843811346,1.5168130407054865
201800033712,NonLethal,2018-01-20,00:30:00,NightStreelightsOn,760,351,Yes,NoIntersection,LightRain,Other,"111, LENINGRAD (BD DE)",M,49.49793604520368,1.4979290243269558
201800033714,NonLethal,2018-01-29,08:30:00,Daylight,760,351,Yes,T-type,Normal,2Vehicles-BehindVehicles-Frontal,"323, FELIX FAURE",M,49.50333799377331,1.5013735656900042
201800033715,NonLethal,2018-01-30,17:50:00,TwilightOrDawn,760,351,Yes,NoIntersection,LightRain,Other,"13, WINSTON CHURCHILL",M,49.49322235487145,1.4937674072480165
201800033716,NonLethal,2018-03-02,18:35:00,NightNoStreetLight,760,447,No,NoIntersection,LightRain,2Vehicles-BehindVehicles-Frontal,"0, PIERRE MENDES FRANCE",M,49.53211229886167,1.5336253396452697
201800033717,NonLethal,2018-04-02,06:45:00,NightStreelightsOn,760,447,No,NoIntersection,Normal,Other,avenue  BELLE ETOILE,M,49.53711752185723,1.5375662627514868
201800033718,NonLethal,2018-02-05,20:03:00,NightStreelightsOn,760,351,Yes,X-type,Normal,Other,"46 bis, FREDERIC RISSON",M,49.49971019999462,1.49961068118022
201800033719,NonLethal,2018-02-07,22:10:00,NightStreelightsOn,760,351,Yes,X-type,Normal,Other,1 AVENUE FOCH,M,49.49436942560372,9.49391019836506
201800033720,NonLethal,2018-09-02,20:05:00,NightStreelightsOn,760,351,Yes,X-type,Normal,Other,74 r FLANDRES DUNKERQUE,M,49.51353699568519,1.5138065846671571
201800033721,NonLethal,2018-02-11,05:15:00,NightStreelightsOn,760,447,Yes,NoIntersection,Normal,2Vehicles-Side,80 av MARECHAL FOCH,M,49.53489564588991,1.5349008068506096
201800033722,NonLethal,2018-09-02,07:45:00,TwilightOrDawn,760,305,No,NoIntersection,HeavyRain,2Vehicles-Side,"0, INDUSTRIELLE (ROUTE)",M,49.48605239093985,2.4861550642289174
201800033723,NonLethal,2018-02-15,08:05:00,TwilightOrDawn,760,351,Yes,T-type,Normal,Other,37 rue  FELIX FAURE,M,49.49982248964918,1.499651552302249
201800033725,NonLethal,2018-02-18,06:25:00,NightStreelightsOn,760,351,Yes,NoIntersection,Normal,Other,"57, VORNIER (DU)",M,49.50784678370071,1.5101040924970317
201800033726,NonLethal,2018-02-18,19:35:00,NightStreelightsOn,760,351,Yes,T-type,Normal,2Vehicles-BehindVehicles-Frontal,189 ch 24 territorial,M,49.4923107497858,1.4902231864230913
201800033729,NonLethal,2018-02-23,18:50:00,NightNoStreetLight,760,481,No,T-type,Normal,2Vehicles-Side,RD 940,M,49.53444231822672,9.536441736497244
201800033730,NonLethal,2018-02-24,16:40:00,Daylight,760,351,Yes,NoIntersection,Normal,Other,"26, BERNARDIN DE SAINT P",M,49.49020696940242,1.4908331804636583
201800033731,NonLethal,2018-03-01,17:45:00,Daylight,760,351,Yes,NoIntersection,LightRain,2Vehicles-Behind,"151, BIGNE A FOSSE",M,49.52692777948709,1.5271215385596817
201800033732,NonLethal,2018-01-28,03:00:00,NightStreelightsOn,760,351,Yes,NoIntersection,Normal,Other,"NEANT, BOIS AU COQ (AVEN",M,49.51736679971708,1.516241906246521
201800033735,NonLethal,2018-02-17,19:00:00,Daylight,760,351,Yes,NoIntersection,Normal,3+Vehicles-Multiple,2 rue  EUGENE MOPIN,M,49.51705781785172,1.5172357358342785
201800033737,NonLethal,2018-10-03,16:30:00,Daylight,760,351,Yes,NoIntersection,Normal,NoCollision,"NEANT, SAONE (QUAI DE LA",M,49.48586308474231,1.4848679735402806
201800033738,NonLethal,2018-02-15,07:25:00,NightStreelightsOn,760,351,Yes,X-type,Normal,Other,2 rue  MARECHAL JOFFRE,M,49.49958475391765,1.4987141948888485
201800033739,Lethal,2018-03-18,07:38:00,Daylight,760,351,Yes,NoIntersection,Normal,Other,871 BD JULES DURAND,M,49.49252545151976,1.4934771411421044
201800033740,NonLethal,2018-03-14,11:40:00,Daylight,760,447,Yes,Other,Normal,2Vehicles-Behind,"29, PIERRE MENDES FRANCE",M,49.52840772305304,1.5284904002192714
201800033741,NonLethal,2018-03-21,16:45:00,Daylight,760,270,Yes,NoIntersection,Normal,Other,24 avJEAN JAURES,M,49.5346186293111,1.5345817776622532
201800033742,Lethal,2018-03-20,11:45:00,Daylight,760,270,No,NoIntersection,Normal,3+Vehicles-Multiple,RD 6382,M,49.52986387088848,1.529092415641143
201800033743,NonLethal,2018-03-22,08:45:00,Daylight,760,351,Yes,NoIntersection,Normal,Other,36 r MAGASINS GENERAUX,M,49.49103005719823,1.492028432201961
201800033744,NonLethal,2018-03-24,22:32:00,NightStreelightsOn,760,447,No,NoIntersection,Normal,Other,ctre com LA LEZARDE,M,49.52747023384772,1.5274368647532732
201800033745,NonLethal,2018-03-26,15:30:00,Daylight,760,351,Yes,X-type,Normal,2Vehicles-Side,"0, AUGUSTIN NORMAND",M,49.48573086269488,1.4862944534333962
201800033746,NonLethal,2018-04-02,00:01:00,NightStreelightsOn,760,351,Yes,X-type,Normal,2Vehicles-Side,rue ARISTIDE BRIAND,M,49.50060113455789,1.5001300946553615
201800033747,NonLethal,2018-03-31,15:15:00,Daylight,760,351,Yes,X-type,Normal,2Vehicles-Side,191 RUE DE VERDUN,M,49.50234769592664,1.5046539327205082
201800033748,NonLethal,2018-03-27,15:50:00,Daylight,760,351,Yes,X-type,Normal,2Vehicles-Side,44 rue de la CONCORDE,M,49.5090105803381,1.5074094821633652
201800033749,NonLethal,2018-03-31,19:55:00,Daylight,760,447,Yes,NoIntersection,Normal,NoCollision,22 impasse RIVIERES,M,49.54650853522714,1.546782583580309
201800033751,NonLethal,2018-04-08,00:25:00,NightStreelightsOn,760,351,Yes,X-type,LightRain,2Vehicles-Side,rue de la CONCORDE,M,49.50626560478189,1.5057326533351971
201800033752,NonLethal,2018-06-04,12:05:00,Daylight,760,351,Yes,X-type,Normal,Other,JEAN ZAY,M,49.50510142162907,1.5037822982147273
201800033753,NonLethal,2018-10-04,18:40:00,Daylight,760,351,Yes,NoIntersection,Normal,NoCollision,RUE FERNAND LEGER,M,49.51121358795209,1.5109803685022638
201800033754,NonLethal,2018-04-13,15:20:00,Daylight,760,447,No,NoIntersection,Normal,2Vehicles-Behind,AV PIERRE MENDES FRANCE,M,49.52398568776583,1.526292901958671
201800033755,NonLethal,2018-04-13,23:10:00,NightStreelightsOn,760,351,Yes,Roundabout,Normal,3+Vehicles-Multiple,AV GRAND HAMEAU,M,49.5240047206538,1.5221047363851536
201800033756,NonLethal,2018-04-19,10:00:00,Daylight,760,270,No,NoIntersection,Normal,Other,RD 6382,M,49.531072697871984,1.5320190358244758
201800033757,NonLethal,2018-04-18,20:20:00,Daylight,760,351,Yes,Other,Normal,2Vehicles-Side,GRAND HAMEAU (Avenue du,M,49.518857401066,1.520215182437609
201800033758,NonLethal,2018-04-19,14:22:00,Daylight,760,270,No,Roundabout,Normal,2Vehicles-Behind,rte SAINT BARTHELEMY,M,49.55146792042917,1.5527912748905897
201800033759,NonLethal,2018-04-21,20:30:00,Daylight,760,351,Yes,X-type,Normal,2Vehicles-Side,RUE JULES GUESDE,M,49.50585368897695,1.5054612718585223
201800033760,NonLethal,2018-04-22,13:40:00,Daylight,760,351,Yes,X-type,Normal,2Vehicles-Side,GRAVILLE (BD DE),M,49.49165682136093,1.4927732460253065
201800033761,NonLethal,2018-04-23,21:45:00,NightNoStreetLight,760,447,No,NoIntersection,Normal,Other,RD 489,M,49.529701533345126,1.5325774085810315
201800033763,NonLethal,2018-04-25,02:40:00,NightNoStreetLight,760,447,No,NoIntersection,Normal,Other,RD 489,M,49.53558957705602,1.5351185572983486
201800033764,NonLethal,2018-04-24,09:30:00,Daylight,760,351,Yes,T-type,Normal,3+Vehicles-Chain,FRISSARD (QUAI),M,49.4900423490324,1.4884001184154507
201800033766,NonLethal,2018-04-28,18:15:00,Daylight,760,351,Yes,NoIntersection,Normal,2Vehicles-Behind,VERDUN (RUE DE),M,49.50189478412924,1.5019395876600252
201800033767,NonLethal,2018-04-29,18:00:00,Daylight,760,341,No,Y-type,Normal,3+Vehicles-Multiple,RD 6382,M,49.52066003969449,1.5223045590743147
201800033768,NonLethal,2018-04-29,21:59:00,NightStreelightsOn,760,351,Yes,T-type,LightRain,2Vehicles-Side,LAMBLARDIE (QUAI),M,49.489841616569805,1.490823917880711