AccidentId,Gravity,Date,Hour,Light,Department,Commune,InAgglomeration,IntersectionType,Weather,CollisionType,PostalAddress,GPSCode,Latitude,Longitude
201800033769,NonLethal,2018-04-28,23:30:00,NightStreelightsOn,760,305,Yes,T-type,Normal,2Vehicles-Side,MAURICE THOREZ,M,49.51365788979116,2.513604918117112
201800033770,NonLethal,2018-04-29,01:10:00,NightStreelightsOn,760,481,No,Roundabout,Normal,2Vehicles-Side,RD 147,M,49.53028344556698,1.532826660435006
201800033771,NonLethal,2018-04-28,18:30:00,Daylight,760,341,No,MoreThan4Branches,Normal,3+Vehicles-Multiple,RD 6382,M,49.5171625739767,1.5174895124169554
201800033772,NonLethal,2018-03-05,23:00:00,NightStreelightsOn,760,351,Yes,NoIntersection,Normal,Other,place HOTEL DE VILLE,M,49.49143144944436,1.4922692071430912
201800033773,NonLethal,2018-05-06,16:40:00,Daylight,760,341,Yes,X-type,Normal,2Vehicles-Side,JEAN MARIDOR,M,49.50744890491294,1.507500300170502
201800033774,NonLethal,2018-05-17,08:20:00,Daylight,760,351,Yes,T-type,Normal,Other,RUE JULES LECESNE,M,49.49416889220023,1.4950870070720832
201800033777,NonLethal,2018-05-19,21:50:00,Daylight,760,351,Yes,NoIntersection,Normal,2Vehicles-BehindVehicles-Frontal,ARMAND BARBES,M,49.500931544354366,1.5002218634606257
201800033778,NonLethal,2018-05-21,15:30:00,Daylight,760,447,Yes,NoIntersection,Normal,NoCollision,SAINT MARTIN DU MANOIR,M,49.54296663351974,1.5435737720670375
201800033779,NonLethal,2018-05-21,10:40:00,Daylight,760,305,Yes,NoIntersection,Normal,3+Vehicles-Chain,Jacques EBERHARD (Avenue,M,49.512725912841326,2.510927421066111
201800033780,NonLethal,2018-05-25,08:15:00,Daylight,760,305,No,NoIntersection,FogOrSmoke,2Vehicles-BehindVehicles-Frontal,ESTUAIRE,M,49.45826275675898,2.4595146101663485
201800033782,NonLethal,2018-05-30,03:55:00,NightStreelightsOn,760,351,Yes,NoIntersection,LightRain,Other,PABLO PICASSO (AVENUE),M,49.503769496965866,1.5033740545671526
201800033783,NonLethal,2018-05-30,14:45:00,Daylight,760,351,Yes,T-type,Normal,Other,CRONSTADT (DE),M,49.506149232538064,1.50427286793926
201800033784,NonLethal,2018-06-01,22:50:00,NightNoStreetLight,760,305,No,NoIntersection,Normal,2Vehicles-Behind,ESTUAIRE,M,49.45622624333072,2.4527680856809577
201800033785,NonLethal,2018-01-06,13:15:00,Daylight,760,351,Yes,NoIntersection,Normal,Other,LOUIS BLANC,M,49.50676639480263,1.507420650342017
201800033786,NonLethal,2018-06-05,12:10:00,Daylight,760,351,Yes,NoIntersection,LightRain,2Vehicles-Side,JEAN JACQUES ROUSSEAU (P,M,49.49278142511774,1.4927788738599328
201800033787,NonLethal,2018-07-06,18:20:00,Daylight,760,351,Yes,NoIntersection,Normal,2Vehicles-Side,BIGNE A FOSSE,M,49.52316359729031,1.5259451922596516
201800033788,NonLethal,2018-08-06,23:30:00,NightStreelightsOn,760,351,Yes,NoIntersection,Normal,2Vehicles-Behind,GEORGES LAFAURIE (RUE),M,49.50256116602405,1.5004185373691403
201800033789,NonLethal,2018-06-09,15:20:00,Daylight,760,351,Yes,X-type,Normal,Other,DEMIDOFF (RUE),M,49.495907432897134,1.496568963952526
201800033790,NonLethal,2018-09-06,19:45:00,Daylight,760,351,Yes,X-type,Normal,2Vehicles-Side,LOUIS LUMIERE,M,49.52524718868075,1.524527774378723
201800033792,NonLethal,2018-06-18,18:15:00,Daylight,760,351,Yes,X-type,Normal,3+Vehicles-Multiple,RENE COTY,M,49.499563433096846,1.4969487092909053
201800033793,NonLethal,2018-06-19,09:00:00,Daylight,760,351,Yes,T-type,LightRain,2Vehicles-Side,DOCTEUR PIASCEKI,M,49.49492922480795,1.4946204889308323
201800033794,NonLethal,2018-06-19,17:00:00,Daylight,760,351,Yes,NoIntersection,Normal,2Vehicles-Side,JULES DURAND (BD),M,49.49815704212087,1.497460599869739
201800033795,NonLethal,2018-06-19,16:15:00,Daylight,760,351,Yes,NoIntersection,Normal,3+Vehicles-Chain,rue ARISTIDE BRIAND,M,49.5013685776445,1.5000158149846463
201800033797,NonLethal,2018-06-24,18:47:00,Daylight,760,351,Yes,T-type,Normal,2Vehicles-Side,HUIT MAI l945 (AVENUE DU,M,49.5151900459303,1.5162761573782837
201800033799,NonLethal,2018-06-26,17:20:00,Daylight,760,305,No,NoIntersection,Normal,NoCollision,RTE ORCHER,M,49.50159263887391,2.502578218111676
201800033801,NonLethal,2018-06-27,14:30:00,Daylight,760,447,Yes,NoIntersection,Normal,2Vehicles-Side,PRESIDENT WILSON,M,49.5420217004884,1.542451358537444
201800033803,NonLethal,2018-06-29,16:40:00,Daylight,760,351,Yes,NoIntersection,Normal,Other,POMMERAIE (AVENUE DE LA),M,49.51247688632388,1.5114263890143838
201800033804,NonLethal,2018-06-30,20:20:00,TwilightOrDawn,760,351,Yes,T-type,Normal,2Vehicles-Behind,GEORGES BRAQUE (RUE),M,49.4959955892335,1.4953615296117124
201800033805,NonLethal,2018-06-30,00:01:00,NightStreelightsOn,760,351,Yes,NoIntersection,Normal,Other,JULES DURAND (BD),M,49.49621550123703,1.4934905790200963
201800033806,NonLethal,2018-06-30,05:05:00,NightStreelightsOn,760,351,Yes,X-type,Normal,2Vehicles-Side,MICHELET,M,49.49223920164203,1.4936939572292212
201800033808,NonLethal,2018-03-07,12:15:00,Daylight,760,351,Yes,Roundabout,Normal,2Vehicles-Side,MAGASINS GENERAUX (RUE D,M,49.49264920085722,1.4913966833476795
201800033809,NonLethal,2018-03-07,16:20:00,Daylight,760,552,Yes,NoIntersection,Normal,Other,GENERAL DE GAULLE (AVENU,M,49.50316509927126,8.50343522080906
201800033810,NonLethal,2018-07-05,02:20:00,NightStreelightsOn,760,552,Yes,NoIntersection,LightRain,2Vehicles-BehindVehicles-Frontal,EDITH CAVELL,M,49.506665371901214,8.510175077074845
201800033811,NonLethal,2018-07-06,00:30:00,NightStreelightsOn,760,351,Yes,NoIntersection,Normal,Other,PASTEUR,M,49.50319027388529,1.5028249084356706
201800033813,NonLethal,2018-09-07,16:40:00,Daylight,760,351,Yes,Roundabout,Normal,2Vehicles-Side,FRISSARD (QUAI),M,49.49221999359379,1.4927230930733393
201800033814,NonLethal,2018-07-14,01:40:00,NightStreelightsOn,760,447,Yes,NoIntersection,Normal,Other,BELLE ETOILE,M,49.53579124375856,1.5374428479215505
201800033815,NonLethal,2018-07-16,01:50:00,NightStreelightsOn,760,351,Yes,NoIntersection,Normal,2Vehicles-Side,GEORGES LAFAURIE (RUE),M,49.50015535163617,1.4994293510042385
201800033816,NonLethal,2018-07-16,11:20:00,Daylight,760,351,Yes,NoIntersection,Normal,Other,LAMANDE (QUAI),M,49.48900026438171,1.4860266838252043
201800033817,NonLethal,2018-07-26,01:02:00,NightStreelightsOn,760,447,Yes,NoIntersection,Normal,Other,PRESIDENT WILSON,M,49.53821056765988,1.5383970976984558
201800033819,NonLethal,2018-07-27,08:55:00,Daylight,760,351,Yes,X-type,Normal,2Vehicles-Behind,PIERRE CURIE,M,49.5090820642528,1.5103901029790727
201800033820,NonLethal,2018-07-29,06:30:00,TwilightOrDawn,760,351,No,X-type,Normal,2Vehicles-Side,SEIZIEME PORT (AVENUE DU,M,49.48888039636175,1.487686480973568
201800033821,NonLethal,2018-08-07,14:10:00,Daylight,760,351,Yes,X-type,Normal,2Vehicles-Side,GABRIEL PERI,M,49.49512358769066,1.4938734623309609
201800033822,NonLethal,2018-08-08,11:40:00,Daylight,760,351,Yes,X-type,Normal,Other,quai GUILLAUME LE TESTU,M,49.48930396979402,1.48893186696548
201800033823,NonLethal,2018-10-08,16:00:00,Daylight,760,351,No,NoIntersection,Normal,NoCollision,RHONE (QUAI DU),M,49.48290147316828,1.4825633372813818
201800033824,NonLethal,2018-11-08,18:35:00,Daylight,760,447,No,NoIntersection,Normal,NoCollision,BELLE ETOILE,M,49.53556787215284,1.5350654205675878
201800033825,Lethal,2018-08-12,00:30:00,NightStreelightsOn,760,447,Yes,T-type,Normal,3+Vehicles-Multiple,PIERRE MENDES FRANCE,M,49.53132295670496,1.5311384538412367
201800033826,NonLethal,2018-08-16,09:10:00,Daylight,760,552,Yes,NoIntersection,Normal,Other,GENERAL DE GAULLE (AVENU,M,49.507653359595565,8.506773410776418
201800033827,NonLethal,2018-08-16,14:45:00,Daylight,760,351,Yes,T-type,Normal,2Vehicles-Behind,VERDUN (RUE DE),M,49.50093239639013,1.5025360741734808
201800033828,NonLethal,2018-08-18,16:25:00,Daylight,760,341,No,NoIntersection,Normal,Other,GAIETE (DE LA),M,49.505498057431566,1.5063750269936842
201800033829,NonLethal,2018-08-20,19:30:00,Daylight,760,351,Yes,X-type,Normal,2Vehicles-Side,ALEXANDRE RIBOT,M,49.52048263822467,1.5199656398225658
201800033830,NonLethal,2018-08-23,12:40:00,Daylight,760,341,Yes,Roundabout,Normal,NoCollision,FREDERIC CHOPIN,M,49.510004058730765,2.512974203318832
201800033832,NonLethal,2018-08-28,05:50:00,NightNoStreetLight,760,351,Yes,NoIntersection,Normal,Other,GEORGES RAVERAT (QUAI).,M,49.48748963366341,1.4865513848335186
201800033833,NonLethal,2018-08-27,14:10:00,Daylight,760,351,Yes,X-type,Normal,2Vehicles-Side,DESMALLIERES,M,49.49954089658463,1.499520363309114
201800033834,NonLethal,2018-01-09,03:00:00,NightStreelightsOn,760,351,Yes,X-type,Normal,2Vehicles-Side,FRANCOIS MAZELINE,M,49.49934584420152,1.4978669036306271
201800033835,NonLethal,2018-09-01,14:30:00,Daylight,760,351,No,NoIntersection,Normal,2Vehicles-Behind,VERDUN (RUE DE),M,49.50337214064447,1.503117446065083
201800033836,NonLethal,2018-02-09,14:58:00,Daylight,760,351,Yes,X-type,Normal,Other,WINSTON CHURCHILL,M,49.49648731501323,1.4965623165493616
201800033837,NonLethal,2018-09-06,07:40:00,TwilightOrDawn,760,351,Yes,X-type,Normal,2Vehicles-Side,PIERRE LOTI,M,49.51300823498251,1.5139376126755573
201800033838,NonLethal,2018-09-08,22:10:00,NightStreelightsOn,760,351,Yes,NoIntersection,Normal,Other,TROIS CENT VINGT NEUVIEM,M,49.50363474109841,1.5045668183474823
201800033840,NonLethal,2018-12-09,21:30:00,NightStreelightsOn,760,351,Yes,NoIntersection,LightRain,2Vehicles-BehindVehicles-Frontal,VERDUN (RUE DE),M,49.50055240123727,1.501903037826232
201800033841,NonLethal,2018-12-09,08:25:00,Daylight,760,351,Yes,Roundabout,Normal,2Vehicles-Side,GRAND HAMEAU (Avenue du,M,49.52139676987219,1.5222279109481864
201800033842,NonLethal,2018-09-17,09:05:00,Daylight,760,351,Yes,NoIntersection,Normal,2Vehicles-Side,GUILLAUME LE CONQUERANT,M,49.499760355261024,1.5012951828265155
201800033843,NonLethal,2018-09-17,16:40:00,Daylight,760,351,Yes,NoIntersection,Normal,3+Vehicles-Chain,GEORGES LAFAURIE (RUE),M,49.50071578237133,1.4980284490092015
201800033844,NonLethal,2018-09-21,19:30:00,Daylight,760,270,No,NoIntersection,Normal,NoCollision,RD 6382,M,49.5290044003044,1.526359658596881
201800033845,NonLethal,2018-09-22,20:50:00,TwilightOrDawn,760,351,Yes,NoIntersection,LightRain,Other,HOTEL DE VILLE (PLACE DE,M,49.47904627723654,1.47957384748719
201800033846,NonLethal,2018-09-23,18:15:00,Daylight,760,447,Yes,NoIntersection,Normal,Other,FELIX FAURE (RUE),M,49.546386398204014,1.5452738091132172
201800033847,NonLethal,2018-09-22,00:30:00,NightStreelightsOn,760,351,Yes,NoIntersection,Normal,2Vehicles-Behind,TROIS CENT VINGT NEUVIEM,M,49.5017002959573,1.5015730153792342
201800033848,NonLethal,2018-09-24,17:35:00,Daylight,760,351,Yes,NoIntersection,Normal,Other,ALBERT 1ER,M,49.49867360018644,9.498737130750458
201800033849,NonLethal,2018-09-26,17:15:00,Daylight,760,351,Yes,NoIntersection,Normal,2Vehicles-Behind,PONT VII (ROUTE DU),M,49.48835108268723,1.490058047515579
201800033850,NonLethal,2018-09-27,02:40:00,NightStreelightsOn,760,351,Yes,NoIntersection,Normal,Other,EMMANUEL CHABRIER,M,49.51894722809267,1.5176224549338249
201800033851,NonLethal,2018-10-03,08:58:00,TwilightOrDawn,760,351,Yes,T-type,Normal,2Vehicles-Side,JEAN JAURES (AVENUE),M,49.49836149937277,1.499127629759531
201800033852,NonLethal,2018-10-06,14:20:00,Daylight,760,351,Yes,NoIntersection,Normal,Other,GENERAL FAIDHERBE,M,49.48795816866564,1.487637637329248
201800033853,NonLethal,2018-08-10,09:40:00,Daylight,760,351,Yes,NoIntersection,Normal,2Vehicles-Side,PIERRE MENDES FRANCE,M,49.51358162330592,1.511486521729818
201800033854,NonLethal,2018-10-08,19:45:00,NightStreelightsOn,760,305,Yes,T-type,Normal,NoCollision,Jacques EBERHARD (Avenue,M,49.508655304286485,2.507336956756305
201800033855,NonLethal,2018-09-10,17:50:00,Daylight,760,351,Yes,T-type,Normal,Other,REIMS (DE),M,49.51384399360011,1.5131816804362868
201800033856,NonLethal,2018-09-10,15:30:00,Daylight,760,351,Yes,X-type,Normal,3+Vehicles-Chain,EUGENE MOPIN (RUE),M,49.52151981718929,1.522682592918171
201800033857,NonLethal,2018-10-12,13:15:00,Daylight,760,351,Yes,NoIntersection,Normal,Other,PAUL VERLAINE (AVENUE),M,49.509911252057,1.5105524360593647
201800033859,NonLethal,2018-10-12,21:10:00,NightStreelightsOn,760,351,Yes,X-type,Normal,2Vehicles-Side,LABEDOYERE,M,49.49641719259504,1.4962338866670617
201800033860,NonLethal,2018-10-13,01:15:00,NightStreelightsOn,760,351,Yes,X-type,Normal,2Vehicles-Side,REPUBLIQUE (COURS DE LA),M,49.49888359430816,1.4973779963105756
201800033862,NonLethal,2018-10-16,18:20:00,Daylight,760,351,Yes,Roundabout,Normal,Other,THEODORE MAILLART,M,49.49422290637571,1.4945636454471345
201800033863,NonLethal,2018-10-17,18:45:00,Daylight,760,351,Yes,T-type,Normal,2Vehicles-Side,FELIX FAURE,M,49.50166513661504,1.5014697433918482
201800033864,NonLethal,2018-10-19,09:45:00,Daylight,760,351,Yes,T-type,Normal,NoCollision,ACACIAS (DES),M,49.50747215321041,1.5094019360920832
201800033865,NonLethal,2018-10-19,15:39:00,Daylight,760,305,No,NoIntersection,Normal,2Vehicles-Side,PLAINE (ROUTE DE LA),M,49.47660131183722,2.477239425733174
201800033866,NonLethal,2018-10-19,12:15:00,Daylight,760,351,Yes,NoIntersection,Normal,Other,BOIS AU COQ (AVENUE),M,49.51666012788149,1.5171363395627993
201800033868,NonLethal,2018-10-27,21:20:00,NightStreelightsOn,760,351,Yes,X-type,HeavyRain,2Vehicles-Side,CONCORDE (DE LA),M,49.50618428062207,1.5072881205166382
201800033869,NonLethal,2018-10-27,23:30:00,NightStreelightsOn,760,351,Yes,NoIntersection,HeavyRain,2Vehicles-BehindVehicles-Frontal,WINSTON CHURCHILL,M,49.49462939325584,1.4940455933026484
201800033870,NonLethal,2018-10-31,09:35:00,Daylight,760,351,Yes,T-type,Normal,Other,GEORGES BRAQUE (RUE),M,49.49628158204754,1.4932746251009603
201800033871,NonLethal,2018-10-31,21:40:00,NightStreelightsOn,760,305,No,NoIntersection,LightRain,2Vehicles-BehindVehicles-Frontal,PONT VIII (ROUTE DU),M,49.49835887992407,2.499308522767613
201800033873,NonLethal,2018-03-11,18:25:00,NightStreelightsOn,760,351,Yes,NoIntersection,Normal,NoCollision,JOSEPH MADEC,M,49.50608926079672,1.507184576531441
201800033874,NonLethal,2018-05-11,08:55:00,Daylight,760,351,Yes,T-type,Normal,Other,INGOUVILLE (RUE),M,49.49693516824072,1.4977325654181757
201800033875,NonLethal,2018-11-05,16:45:00,Daylight,760,351,Yes,NoIntersection,Normal,Other,AMIRAL MOUCHEZ (BD),M,49.48763592065533,1.4865803591359332
201800033876,NonLethal,2018-06-11,05:05:00,NightStreelightsOn,760,351,Yes,X-type,Normal,2Vehicles-Side,FOCH (AVENUE),M,49.494371836401385,9.493370009981897
201800033877,NonLethal,2018-11-06,10:10:00,Daylight,760,351,Yes,T-type,Normal,Other,PHILIPPE BARREY,M,49.49506955490985,1.4950377555271712
201800033878,NonLethal,2018-11-06,18:50:00,TwilightOrDawn,760,351,Yes,T-type,Normal,3+Vehicles-Multiple,IRENE JOLIOT CURIE (RUE),M,49.512801632809264,1.5140226048620975
201800033880,NonLethal,2018-11-09,17:20:00,Daylight,760,351,Yes,NoIntersection,Normal,Other,CUVIER,M,49.479275533572505,1.4793327037404698
201800033881,NonLethal,2018-11-14,07:40:00,TwilightOrDawn,760,351,Yes,T-type,Normal,Other,ANDREI SAKHAROV (RUE),M,49.5039754919948,1.5055325719183477
201800033882,NonLethal,2018-11-15,10:20:00,Daylight,760,351,Yes,Other,Normal,Other,CHARLES ROMME,M,49.51604195073599,1.51655529442155
201800033883,NonLethal,2018-11-17,13:20:00,Daylight,760,351,No,Roundabout,Normal,Other,LOUIS BLERIOT,M,49.533369227862,9.530592672530616
201800033884,NonLethal,2018-11-17,21:30:00,NightStreelightsOn,760,351,Yes,X-type,Normal,2Vehicles-Side,OCTAVE CREMAZIE,M,49.51190658385188,1.51320082685364
201800033886,NonLethal,2018-11-20,18:25:00,NightStreelightsOn,760,351,Yes,T-type,LightRain,Other,FERNAND CHATEL,M,49.51836249491421,1.5195277165300922
201800033887,NonLethal,2018-11-26,16:30:00,Daylight,760,351,Yes,X-type,Normal,NoCollision,RENE COTY,M,49.497864914737626,1.4983309144318822
201800033888,NonLethal,2018-11-28,12:15:00,Daylight,760,351,Yes,X-type,LightRain,Other,FRANCOIS MAZELINE,M,49.50017591339355,1.50013646679033
201800033889,NonLethal,2018-11-28,15:48:00,Daylight,760,351,Yes,NoIntersection,Normal,Other,PAUL BERT (AVENUE).,M,49.50681249611564,1.507646263061409
201800033891,NonLethal,2018-04-12,09:50:00,Daylight,760,351,Yes,T-type,Normal,Other,PIERRE FARCIS,M,49.5187440442912,9.519499266737602
201800033892,NonLethal,2018-12-03,17:05:00,TwilightOrDawn,760,351,Yes,X-type,LightRain,2Vehicles-Behind,JEAN JACQUES ROUSSEAU,M,49.49862036970972,1.499701034948071
201800033893,NonLethal,2018-12-04,20:30:00,NightStreelightsOn,760,351,Yes,T-type,Normal,2Vehicles-Side,VERDUN (RUE DE),M,49.5024951212907,1.50205940983735
201800033894,NonLethal,2018-12-05,18:10:00,NightStreelightsOn,760,351,Yes,NoIntersection,LightRain,Other,GUSTAVE BRINDEAU (RUE),M,49.49385525531974,1.4949492251666634
201800033895,NonLethal,2018-12-05,15:50:00,Daylight,760,351,Yes,T-type,Normal,Other,JEAN JACQUES ROUSSEAU (P,M,49.4979894577238,1.4954440884138305
201800033896,NonLethal,2018-06-12,18:40:00,NightStreelightsOn,760,351,Yes,NoIntersection,LightRain,2Vehicles-Side,TROIS CENT VINGT NEUVIEM,M,49.50364411693105,1.501659866324746
201800033897,NonLethal,2018-07-12,11:00:00,Daylight,760,351,Yes,NoIntersection,LightRain,Other,RENE COTY,M,49.49718615831041,1.4974166152029291
201800033898,NonLethal,2018-08-12,06:05:00,NightStreelightsOn,760,351,No,Y-type,LightRain,Other,RD 6015,M,49.50242012469326,1.50123062800049
201800033900,NonLethal,2018-12-10,07:55:00,TwilightOrDawn,760,341,No,NoIntersection,Normal,Other,VIEILLE FAIENCERIE,M,49.515069395932365,1.5156252273013298
201800033901,NonLethal,2018-12-10,19:00:00,NightStreelightsOn,760,351,Yes,MoreThan4Branches,Normal,Other,LIEUTENANT CLERIVET,M,49.508179280022695,1.505748945463324
201800033902,NonLethal,2018-12-11,09:50:00,Daylight,760,351,Yes,T-type,Normal,2Vehicles-Side,avenue c colomb,M,49.47886049040434,1.478299757027076
201800033903,NonLethal,2018-11-12,17:10:00,TwilightOrDawn,760,296,Yes,X-type,Normal,2Vehicles-Side,cote des chataigriers,M,49.51918276199454,2.5179608121637527
201800033904,NonLethal,2018-12-12,17:30:00,Daylight,760,351,Yes,X-type,Normal,Other,JOSEPH MADEC,M,49.50463556842993,1.5047349669246204
201800033905,NonLethal,2018-12-12,16:40:00,Daylight,760,341,No,NoIntersection,Normal,Other,RD 6015,M,49.51340321537405,2.512827884089067
201800033906,NonLethal,2018-12-13,10:45:00,Daylight,760,351,Yes,X-type,Normal,2Vehicles-Side,REPUBLIQUE (COURS DE LA),M,49.49953137248438,1.5008774714154525
201800033907,NonLethal,2018-12-13,17:45:00,NightStreelightsOn,760,351,Yes,X-type,Normal,Other,LOUIS LUMIERE,M,49.523894974646986,1.5237209808667014
201800033908,NonLethal,2018-12-16,05:18:00,NightStreelightsOn,760,351,Yes,X-type,LightRain,NoCollision,APLEMONT (AVENUE D'),M,49.50681215945085,1.5054559043455986
201800033909,NonLethal,2018-12-17,12:00:00,Daylight,760,351,Yes,X-type,Normal,2Vehicles-Side,HOIZEY,M,49.51211881514792,1.5098134826693803
201800033910,NonLethal,2018-12-18,12:15:00,Daylight,760,481,No,NoIntersection,Normal,2Vehicles-BehindVehicles-Frontal,SAINT ANDRIEUX (CHEMIN D,M,49.54253610764977,9.541257304151676
201800033911,NonLethal,2018-12-20,04:30:00,NightStreelightsOn,760,351,Yes,NoIntersection,LightRain,Other,RUE D'ALGER,M,49.49850593278798,9.49851048094873
201800033912,NonLethal,2018-12-23,09:25:00,Daylight,760,351,Yes,T-type,Normal,Other,PIERRE DE COUBERTIN (ALL,M,49.52491535447737,1.524530623216697
201800033913,NonLethal,2018-12-22,05:14:00,NightStreelightsOn,760,351,Yes,NoIntersection,Normal,Other,RUE MARCEL TOULOUZAN,M,49.48545722658079,1.4870383956993034
201800033914,NonLethal,2018-12-27,11:00:00,Daylight,760,351,Yes,NoIntersection,Normal,2Vehicles-Side,VERDUN (RUE DE),M,49.50268919491649,1.5007711003215205
201800033915,NonLethal,2018-06-01,17:05:00,TwilightOrDawn,760,429,Yes,X-type,Normal,2Vehicles-Side,"01, DARNETAL. ROUTE DE",M,49.41666354979448,1.4148943578800393
201800033916,NonLethal,2018-01-08,16:10:00,Daylight,760,231,Yes,NoIntersection,Normal,Other,"1, NEUBOURG. RUE DU (RN",M,49.28482317579015,1.2845646548887422
201800033917,NonLethal,2018-09-20,18:50:00,Daylight,760,575,Yes,NoIntersection,Normal,Other,CANADIENS. AVENUE DES,M,49.39975496206953,1.4011088679164216
201800033918,Lethal,2018-01-12,15:55:00,Daylight,760,575,Yes,NoIntersection,Normal,Other,"O1, FELLING. AVENUE DE",M,49.39675606147908,1.3961389015836845
201800033920,NonLethal,2018-01-18,11:30:00,Daylight,760,157,Yes,NoIntersection,Normal,2Vehicles-Side,"01, A150",M,49.45123129302075,1.451235878430596
201800033921,Lethal,2018-01-18,17:10:00,TwilightOrDawn,760,319,No,NoIntersection,Normal,NoCollision,"1, ESSARTS. RUE DES (CD",M,49.3666106708639,1.3670245259892342
201800033922,NonLethal,2018-01-12,00:35:00,NightStreelightsOn,760,681,Yes,X-type,Normal,Other,"201, CORNEILLE. RUE PIER",M,49.41677133326192,1.4168303670880376
201800033923,NonLethal,2018-01-18,08:00:00,NightStreelightsOn,760,540,Yes,NoIntersection,Normal,Other,"O1, EUROPE. BOULEVARD DE",M,49.4280370592221,1.4294679356171784
201800033924,NonLethal,2018-01-19,07:55:00,NightStreelightsOn,760,540,Yes,X-type,Normal,2Vehicles-Side,"01, EUROPE. BOULEVARD DE",M,49.42865435250999,1.427914104342444
201800033925,NonLethal,2018-11-30,07:30:00,NightStreelightsOn,760,484,No,NoIntersection,Normal,2Vehicles-Side,POMMIERS. RUE DES,M,49.357845511309954,1.3583999811172305
201800033927,NonLethal,2018-07-11,23:45:00,NightNoStreetLight,760,705,Yes,Roundabout,Normal,Other,PERI. BOULEVARD GABRIEL,M,49.319652623234,1.3195264946305305
201800033928,NonLethal,2018-11-05,16:00:00,Daylight,760,575,Yes,NoIntersection,Normal,2Vehicles-Side,CARNOT. RUE LAZARE,M,49.37877647209204,1.3771800995035692
201800033929,NonLethal,2018-11-25,03:15:00,NightStreelightsOff,760,575,Yes,NoIntersection,Normal,Other,A 13 - D 18 E (BRETELLE,M,49.38669486711503,1.386776536763238
201800033930,NonLethal,2018-01-18,18:30:00,NightStreelightsOn,760,540,No,NoIntersection,Normal,2Vehicles-Behind,"01, MATHILDE. PONT",M,49.43316240526351,1.4336324385050003
201800033931,NonLethal,2018-01-26,08:19:00,TwilightOrDawn,760,705,Yes,Roundabout,Normal,2Vehicles-BehindVehicles-Frontal,"1, TOURVILLE VILLAGE - Q",M,49.32843867683786,1.3290989630116752
201800033932,NonLethal,2018-01-23,15:26:00,Daylight,760,391,No,NoIntersection,Normal,2Vehicles-BehindVehicles-Frontal,"1, ROUTE FORESTIERE DE L",M,49.33727596505031,9.337046121702771
201800033933,NonLethal,2018-12-02,06:20:00,NightNoStreetLight,760,497,No,NoIntersection,Normal,NoCollision,RN 338 (VOIE RAPIDE SUD,M,49.39828872426718,1.3980019673206987
201800033934,NonLethal,2018-02-04,16:50:00,Daylight,760,540,Yes,NoIntersection,Normal,2Vehicles-Side,"29bis, MONT GARGAN. RUE",M,49.43393634581977,1.436026703065045
201800033936,NonLethal,2018-01-31,12:45:00,Daylight,760,681,Yes,T-type,LightRain,2Vehicles-Side,"25, ZOLA. RUE EMILE",M,49.41915405301647,1.4203925252792282
201800033937,NonLethal,2018-01-30,20:35:00,NightStreelightsOn,760,540,Yes,X-type,Normal,2Vehicles-Side,"01, EUROPE. BOULEVARD DE",M,49.42871250694001,1.4270726808098524
201800033938,NonLethal,2018-01-02,00:55:00,NightStreelightsOn,760,540,Yes,NoIntersection,Normal,NoCollision,"01, BOURSE. QUAI (BAS) D",M,49.43988985338324,1.4370778692264747
201800033939,NonLethal,2018-01-02,21:20:00,NightStreelightsOn,760,540,Yes,X-type,Normal,2Vehicles-Side,"38, BELGES. BOULEVARD DE",M,49.44216145675797,1.441388809367634
201800033940,NonLethal,2018-02-03,00:30:00,NightStreelightsOn,760,157,Yes,NoIntersection,LightRain,NoCollision,avenue louis pasteur,M,49.44410036508052,1.445157806950032
201800033941,NonLethal,2018-02-02,03:05:00,NightStreelightsOn,760,322,No,NoIntersection,LightRain,NoCollision,"01, VOIE RAPIDE SUD 3 (R",M,49.417978248034046,1.4189307171212984
201800033942,NonLethal,2018-02-02,12:10:00,Daylight,760,540,No,T-type,Normal,Other,"01, SAINT MAUR. RUE",M,49.445470111323296,1.4459303571192952
201800033943,NonLethal,2018-01-02,18:49:00,NightStreelightsOn,760,322,Yes,T-type,Other,Other,14 av GEORGE BRAQUE,M,49.40184679254028,1.4004431984235417
201800033944,NonLethal,2018-08-11,15:25:00,Daylight,760,561,Yes,NoIntersection,Normal,Other,MALRAUX. RUE ANDRE,M,49.312541832671336,1.3122489785479865
201800033945,NonLethal,2018-02-12,11:50:00,Daylight,760,231,Yes,X-type,Normal,Other,5 RUE DES MARTYRS,M,49.28713665286881,1.2865266425137556
201800033946,NonLethal,2018-01-12,00:40:00,NightStreelightsOn,760,540,Yes,NoIntersection,Normal,2Vehicles-Side,"01, BOULET. QUAI GASTON",M,49.44092500626776,1.442470668268678
201800033948,NonLethal,2018-02-23,21:20:00,NightStreelightsOn,760,165,Yes,NoIntersection,Normal,2Vehicles-BehindVehicles-Frontal,82 RUE  GENERAL GIRAUD,M,49.286303997319365,1.2878932524326627
201800033949,NonLethal,2018-03-05,10:00:00,Daylight,760,165,Yes,T-type,Normal,NoCollision,"01, STRASBOURG. RUE DE",M,49.28231778359054,1.2815344166364244
201800033950,NonLethal,2018-02-13,19:20:00,NightStreelightsOn,760,540,Yes,NoIntersection,HeavyRain,3+Vehicles-Chain,618 avenue GRAND COURS,M,49.425145402444095,1.4275784555189437