AccidentId,Gravity,Date,Hour,Light,Department,Commune,InAgglomeration,IntersectionType,Weather,CollisionType,PostalAddress,GPSCode,Latitude,Longitude
201800033951,NonLethal,2018-06-03,13:20:00,Daylight,760,540,Yes,NoIntersection,Normal,2Vehicles-Side,"33, CLEMENCEAU. COURS",M,49.43410910832336,1.4325244836414757
201800033952,NonLethal,2018-12-03,19:00:00,Daylight,760,322,Yes,Roundabout,Normal,2Vehicles-Side,2 RUE ALBERT LACOURT,M,49.41610386974869,1.4157441105581547
201800033953,NonLethal,2018-02-18,21:10:00,NightStreelightsOn,760,540,Yes,X-type,Normal,Other,BELGES. BOULEVARD DES,M,49.44505586446474,1.444140880922484
201800033954,NonLethal,2018-02-20,15:05:00,Daylight,760,157,No,NoIntersection,LightRain,2Vehicles-Side,A150,M,49.47280518051559,1.4753025776521371
201800033955,NonLethal,2018-03-16,11:20:00,Daylight,760,681,No,NoIntersection,Normal,2Vehicles-Behind,57 bvd industriel,M,49.40056294678261,1.4042468272705873
201800033958,NonLethal,2018-03-31,23:45:00,NightStreelightsOn,760,484,Yes,X-type,LightRain,2Vehicles-Side,2 rue des ECOLES,M,49.35887716096429,1.3584886725462837
201800033959,NonLethal,2018-03-30,18:25:00,Daylight,760,212,Yes,NoIntersection,Normal,2Vehicles-Behind,ROUTE DE LYONS LA FORET,M,49.43535454357559,1.435313076086472
201800033960,NonLethal,2018-04-04,19:40:00,Daylight,760,498,Yes,NoIntersection,LightRain,3+Vehicles-Chain,AV JEAN JAURES,M,49.43074231102182,1.42768573927336
201800033962,NonLethal,2018-05-04,23:00:00,NightStreelightsOn,760,157,Yes,X-type,Normal,2Vehicles-Side,RUE DE LA VALETTE,M,49.46647635179952,1.4679632616847798
201800033964,NonLethal,2018-04-10,07:55:00,Daylight,760,540,Yes,X-type,Normal,2Vehicles-Side,BOULEVARD DE LA MARNE,M,49.446805077710174,1.4483268641250826
201800033965,NonLethal,2018-04-11,11:15:00,Daylight,760,540,Yes,NoIntersection,Normal,2Vehicles-Side,AVENUE bernard bicheray,M,49.45042982588115,1.4510255856207046
201800033967,NonLethal,2018-04-13,16:25:00,Daylight,760,212,Yes,X-type,Normal,2Vehicles-Side,ROUTE DE ROUEN,M,49.44072339476367,1.4384367227733426
201800033968,NonLethal,2018-04-13,18:30:00,Daylight,760,216,Yes,NoIntersection,Normal,Other,RUE JOSEPH HUE,M,49.47475483604389,1.4741114634116512
201800033970,NonLethal,2018-04-18,11:30:00,Daylight,760,451,Yes,X-type,Normal,2Vehicles-Side,PLACE DES TISSERANDS,M,49.4704138727141,1.470468711949125
201800033972,NonLethal,2018-04-20,22:50:00,NightStreelightsOn,760,575,Yes,X-type,Normal,Other,LENINE. BOULEVARD,M,49.38084828839805,1.3812819719508342
201800033973,NonLethal,2018-04-21,06:22:00,NightStreelightsOn,760,157,No,NoIntersection,Normal,2Vehicles-BehindVehicles-Frontal,A150,M,49.45005862476527,1.4511824372650517
201800033974,NonLethal,2018-04-21,09:35:00,Daylight,760,540,Yes,X-type,Normal,Other,RUE D'AMIENS,M,49.442131351707225,1.441439334863795
201800033975,NonLethal,2018-04-20,10:10:00,Daylight,760,540,Yes,X-type,Normal,2Vehicles-Side,RUE DU RENARD,M,49.45168836441015,1.4518002840425015
201800033978,NonLethal,2018-04-30,11:10:00,Daylight,760,540,Yes,NoIntersection,Normal,Other,OURS. RUE AUX,M,49.44032128779857,1.4402899351853364
201800033979,Lethal,2018-02-05,17:50:00,Daylight,760,165,Yes,X-type,LightRain,2Vehicles-Side,RUE GALILEE,M,49.28162534409307,1.2815776693251406
201800033980,NonLethal,2018-05-02,17:20:00,Daylight,760,410,Yes,NoIntersection,LightRain,Other,MARTYRS DE LA RESISTANCE,M,49.48122838596773,1.482637805883738
201800033984,NonLethal,2018-05-19,21:00:00,Daylight,760,540,Yes,X-type,Normal,2Vehicles-Side,HAVRE. QUAI (HAUT) DU,M,49.440721781975256,1.439839447349256
201800033985,NonLethal,2018-05-18,10:00:00,Daylight,760,681,No,NoIntersection,Normal,2Vehicles-Side,INDUSTRIEL. BOULEVARD (C,M,49.4153293973437,1.4179759820135347
201800033987,NonLethal,2018-05-22,18:45:00,Daylight,760,540,Yes,X-type,Normal,2Vehicles-Side,RONDEAUX. AVENUE JEAN,M,49.43385988921104,1.4339570942137227
201800033988,NonLethal,2018-04-30,23:10:00,NightStreelightsOff,760,178,No,NoIntersection,LightRain,Other,TOURVILLE. ROUTE DE (CD,M,49.312476609763024,1.3129281556693109
201800033989,NonLethal,2018-05-23,16:15:00,Daylight,760,498,Yes,X-type,Normal,2Vehicles-Side,PREVERT. AVENUE JACQUES,M,49.43078365284912,1.4307038171630526
201800033990,NonLethal,2018-05-07,12:15:00,Daylight,760,322,Yes,X-type,Normal,2Vehicles-Side,BROSSOLETTE. BOULEVARD P,M,49.41808967424393,1.417043255856941
201800033991,NonLethal,2018-05-27,04:45:00,NightStreelightsOn,760,540,Yes,NoIntersection,Normal,2Vehicles-Behind,BRIAND. AVENUE ARISTIDE,M,49.4368447863558,1.4328100731498716
201800033993,NonLethal,2018-05-28,12:30:00,Daylight,760,540,Yes,NoIntersection,Normal,Other,RUE JEANNE D'ARC,M,49.44031830602865,1.4416457195885397
201800033994,NonLethal,2018-05-28,07:50:00,Daylight,760,540,Yes,X-type,Normal,Other,D'ESTOUTEVILLE. RUE GUIL,M,49.451618764275736,1.4523827679549148
201800033995,NonLethal,2018-05-30,15:50:00,Daylight,760,540,Yes,Other,Normal,2Vehicles-Side,BRETAGNE. AVENUE DE,M,49.43121045357067,1.4294165801219108
201800033996,NonLethal,2018-02-06,21:25:00,Daylight,760,540,Yes,NoIntersection,Normal,2Vehicles-Side,MOTTE. RUE DE LA,M,49.43509280793968,1.433755369980693
201800033997,NonLethal,2018-05-06,15:10:00,Daylight,760,540,Yes,X-type,Normal,2Vehicles-Side,PONT MATHILDE,M,49.43520711383098,1.4348993863236212
201800033998,NonLethal,2018-06-06,05:10:00,TwilightOrDawn,760,575,Yes,X-type,Normal,2Vehicles-Side,AVENUE DU VAL L ABBE,M,49.38529078133672,1.3854178756773987
201800034000,NonLethal,2018-06-09,03:00:00,NightStreelightsOff,760,322,No,NoIntersection,Normal,2Vehicles-Behind,VOIE RAPIDE SUD 3 (RN 33,M,49.401745758283866,1.4002486234222995
201800034001,NonLethal,2018-10-06,00:17:00,NightStreelightsOn,760,540,Yes,NoIntersection,Normal,Other,BOULEVARD DE L' EUROPE,M,49.43343994337573,1.4344640004453943
201800034002,NonLethal,2018-12-06,15:10:00,Daylight,760,216,Yes,NoIntersection,Normal,Other,ROUTE DE DIEPPE,M,49.47474957204076,1.4757970423199596
201800034003,NonLethal,2018-06-13,12:00:00,Daylight,760,216,Yes,NoIntersection,Normal,2Vehicles-Side,ROUTE DE DIEPPE,M,49.47095124681676,1.4712581761471604
201800034004,NonLethal,2018-09-06,05:35:00,TwilightOrDawn,760,484,No,Roundabout,Normal,2Vehicles-Side,CD 18E,M,49.34741556536614,1.3448812160050438
201800034005,NonLethal,2018-06-18,22:00:00,TwilightOrDawn,760,540,Yes,NoIntersection,Normal,2Vehicles-BehindVehicles-Frontal,YSER. BOULEVARD DE L',M,49.4480033372196,1.4477091234064634
201800034006,NonLethal,2018-06-18,21:25:00,Daylight,760,681,Yes,NoIntersection,Normal,NoCollision,PARIS. RUE DE,M,49.41209966591856,1.412444390498255
201800034007,NonLethal,2018-06-22,10:55:00,Daylight,760,402,Yes,NoIntersection,Normal,Other,DOCTEUR LEROY. RUE DU,M,49.52439571639581,1.5217417549609242
201800034008,NonLethal,2018-06-22,17:50:00,Daylight,760,498,Yes,X-type,Normal,Other,AVENUE JACQUES PREVERt,M,49.42904465382664,1.4280344585132057
201800034009,NonLethal,2018-06-22,19:00:00,Daylight,760,231,Yes,NoIntersection,Normal,2Vehicles-Side,RANDOING. RUE CAMILLE,M,49.28898934564791,1.290874211049189
201800034010,NonLethal,2018-06-28,17:40:00,Daylight,760,108,No,NoIntersection,Normal,3+Vehicles-Chain,AVENUE DE L'EUROPE,M,49.4740235107006,1.474126021333048
201800034011,NonLethal,2018-06-29,17:00:00,Daylight,760,108,Yes,NoIntersection,Normal,2Vehicles-Behind,HAIE. RUE DE LA,M,49.483302470534845,1.4814936200882696
201800034012,NonLethal,2018-06-30,13:40:00,Daylight,760,474,Yes,NoIntersection,Normal,2Vehicles-Behind,DIEPPE. ROUTE DE (RN 27),M,49.49023360689483,1.4886651983797987
201800034013,NonLethal,2018-06-30,16:00:00,Daylight,760,540,No,Roundabout,Normal,2Vehicles-Side,MADAGASCAR. RUE DE,M,49.43713470574775,1.4388868087421216
201800034014,NonLethal,2018-03-07,15:00:00,Daylight,760,681,No,NoIntersection,Normal,2Vehicles-Behind,CD 18E (BOULEVARD INDUST,M,49.41558418433355,1.416420996982118
201800034015,NonLethal,2018-07-03,17:15:00,Daylight,760,157,Yes,NoIntersection,Normal,Other,ANCIENNE ROUTE DUCLAIR,M,49.44872382341425,1.4463363350783345
201800034016,NonLethal,2018-05-07,23:45:00,NightStreelightsOn,760,540,Yes,X-type,Normal,2Vehicles-Side,LECANUET. RUE JEAN,M,49.4446238186095,1.444363850735069
201800034017,NonLethal,2018-07-05,17:05:00,Daylight,760,319,Yes,T-type,Normal,2Vehicles-Side,LECLERC. AVENUE DU GENER,M,49.36409351392096,1.362878672592703
201800034018,NonLethal,2018-07-10,08:10:00,Daylight,760,540,Yes,NoIntersection,Normal,2Vehicles-Side,ROUTE DE Neufchatel,M,49.45177294387671,1.4513318376715458
201800034019,NonLethal,2018-07-10,12:59:00,Daylight,760,157,No,NoIntersection,Normal,2Vehicles-BehindVehicles-Frontal,CROISSET. COTE DE (CD 94,M,49.44223741966103,1.4428728683143774
201800034020,NonLethal,2018-07-10,23:30:00,NightStreelightsOn,760,231,Yes,NoIntersection,Normal,Other,JAURES. RUE JEAN,M,49.28717878751196,1.2866767539871509
201800034021,NonLethal,2018-07-11,08:23:00,Daylight,760,216,Yes,NoIntersection,Normal,Other,PAIX. RUE DE LA,M,49.47214755358514,1.471933693488563
201800034022,NonLethal,2018-11-07,21:06:00,Daylight,760,165,Yes,NoIntersection,Normal,2Vehicles-Behind,FAURE. RUE FELIX,M,49.28817763287568,1.2869064331013984
201800034023,NonLethal,2018-07-15,17:10:00,Daylight,760,540,No,X-type,Normal,2Vehicles-Side,BICHERAY. AVENUE DU COMM,M,49.44993558410127,1.447844213374496
201800034025,NonLethal,2018-06-27,09:20:00,Daylight,760,540,No,NoIntersection,Normal,2Vehicles-Side,BOULEVARD DU MIDI,M,49.43381320176072,1.4321491951838634
201800034026,NonLethal,2018-07-18,07:20:00,Daylight,760,498,No,NoIntersection,Normal,2Vehicles-Side,N338,M,49.43309920027511,1.4324910203973775
201800034027,NonLethal,2018-07-19,01:15:00,NightStreelightsOn,760,216,Yes,Y-type,Normal,Other,DUFLO. RUE RAYMOND,M,49.46449621131183,1.4659839801853134
201800034028,NonLethal,2018-07-22,10:20:00,Daylight,760,231,Yes,NoIntersection,Normal,2Vehicles-Behind,VOIE SUR BERGE,M,49.29254676838998,1.2913344148449548
201800034029,NonLethal,2018-07-24,05:30:00,NightNoStreetLight,760,497,No,NoIntersection,Normal,Other,VOIE RAPIDE SUD 3 RN 338,M,49.41860073692316,1.4178291584535632
201800034031,Lethal,2018-07-26,04:13:00,NightNoStreetLight,760,497,No,NoIntersection,Normal,3+Vehicles-Multiple,VOIE RAPIDE SUD 3 (RN 33,M,49.37923425654786,1.380564253697056
201800034032,NonLethal,2018-07-27,11:15:00,Daylight,760,451,Yes,NoIntersection,Normal,Other,POUSSIN. RUE NICOLAS,M,49.46371903453832,1.46384661871172
201800034033,NonLethal,2018-07-27,16:00:00,Daylight,760,157,Yes,NoIntersection,Normal,2Vehicles-Side,MAGASIN LECLERC (RUE DU,M,49.45934029175094,1.4587584149217063
201800034034,NonLethal,2018-07-28,15:35:00,Daylight,760,212,Yes,NoIntersection,Normal,2Vehicles-Side,LYONS LA FORET. ROUTE DE,M,49.43176251396256,1.4315250176569057
201800034035,NonLethal,2018-03-08,18:55:00,Daylight,760,212,Yes,NoIntersection,Normal,Other,CARNOT. RUE SADI,M,49.4409052635419,1.4409761887929544
201800034036,NonLethal,2018-03-08,18:55:00,Daylight,760,366,Yes,T-type,Normal,Other,DIEPPE. ROUTE DE (EX DE,M,49.50798596358765,1.5064849204741038
201800034037,NonLethal,2018-08-04,11:45:00,Daylight,760,540,Yes,X-type,Normal,2Vehicles-Behind,RUE SAINT MAUR,M,49.44935881498085,1.452319188854834
201800034038,NonLethal,2018-06-08,10:15:00,Daylight,760,540,Yes,NoIntersection,Normal,Other,YSER. BOULEVARD DE L',M,49.44898271494278,1.4476783128439803
201800034039,NonLethal,2018-06-08,15:55:00,Daylight,760,540,Yes,NoIntersection,Normal,NoCollision,NEUFCHATEL. ROUTE DE,M,49.45226329690299,1.4530427937897707
201800034040,NonLethal,2018-07-08,23:44:00,NightStreelightsOn,760,540,Yes,NoIntersection,Normal,Other,EUROPE. BOULEVARD DE L',M,49.43185279208181,1.4315811000674952
201800034041,NonLethal,2018-08-08,16:20:00,Daylight,760,540,Yes,X-type,Normal,2Vehicles-Side,D'ESTOUTEVILLE. RUE GUIL,M,49.45046561832049,1.4518129242301063
201800034043,NonLethal,2018-12-08,15:05:00,Daylight,760,540,Yes,NoIntersection,Normal,2Vehicles-Behind,av  Bernard Bicheray,M,49.44947138942683,1.4492400670976453
201800034044,NonLethal,2018-08-16,18:45:00,Daylight,760,212,Yes,NoIntersection,Normal,2Vehicles-BehindVehicles-Frontal,RUE DE PREAUX,M,49.453615549484354,1.4531114585822709
201800034045,NonLethal,2018-08-18,16:10:00,Daylight,760,540,Yes,X-type,Normal,2Vehicles-Side,BOULET. QUAI GASTON,M,49.44387980140207,1.443484804431268
201800034046,NonLethal,2018-08-19,06:15:00,NightStreelightsOn,760,103,Yes,NoIntersection,Normal,2Vehicles-Behind,REPUBLIQUE. RUE DE LA,M,49.4280997693124,1.4287986281944272
201800034047,NonLethal,2018-08-18,13:30:00,Daylight,760,231,Yes,NoIntersection,Normal,2Vehicles-Side,CARNOT. COURS,M,49.2863286530721,1.2874815817303922
201800034048,NonLethal,2018-08-20,07:45:00,Daylight,760,540,Yes,X-type,Normal,2Vehicles-Side,SAINT JULIEN. RUE,M,49.42184329764304,1.4239326422653242
201800034049,NonLethal,2018-08-20,16:15:00,Daylight,760,498,Yes,NoIntersection,Normal,Other,JAURES. AVENUE JEAN,M,49.42721736324994,1.4260039064873615
201800034050,Lethal,2018-08-20,18:25:00,Daylight,760,681,Yes,NoIntersection,Normal,Other,PERI. RUE GABRIEL,M,49.41541169076672,1.4133701495128124
201800034052,NonLethal,2018-08-31,10:00:00,Daylight,760,540,Yes,NoIntersection,Normal,NoCollision,pont mathilde,M,49.4303211049329,1.428544378895826
201800034053,NonLethal,2018-08-31,12:25:00,Daylight,760,540,Yes,NoIntersection,Normal,2Vehicles-Behind,BOISGUILBERT. QUAI DE,M,49.44366538768402,1.441724818145938
201800034054,NonLethal,2018-08-31,15:00:00,Daylight,760,231,Yes,T-type,Normal,Other,rue anatole france,M,49.29330474525352,1.293954347776075
201800034055,NonLethal,2018-05-09,14:30:00,Daylight,760,212,Yes,T-type,Normal,2Vehicles-BehindVehicles-Frontal,ROUEN. ROUTE DE,M,49.43925559637636,1.4411629968515265
201800034056,NonLethal,2018-05-09,20:00:00,Daylight,760,410,Yes,X-type,Normal,2Vehicles-Side,REPUBLIQUE. RUE DE LA,M,49.47972148219121,1.4821442969327812
201800034057,NonLethal,2018-09-07,07:50:00,Daylight,760,540,Yes,NoIntersection,Normal,2Vehicles-Side,MAILLOTS SARRAZINS. RUE,M,49.43741416297755,1.4381141978037668
201800034058,NonLethal,2018-09-06,18:02:00,Daylight,760,366,Yes,NoIntersection,Normal,2Vehicles-Behind,RUE ARISTIDE briand,M,49.51099610306608,1.5093244779292565
201800034060,NonLethal,2018-07-09,11:25:00,Daylight,760,540,Yes,Roundabout,Normal,2Vehicles-Behind,DARNETAL. ROUTE DE,M,49.4425801201436,1.4397258725183957
201800034061,NonLethal,2018-09-09,07:00:00,TwilightOrDawn,760,681,Yes,X-type,Normal,2Vehicles-Side,SALVA. RUE LEON,M,49.41105754139482,1.411098933756281
201800034063,NonLethal,2018-09-14,17:45:00,Daylight,760,319,Yes,X-type,Normal,2Vehicles-Side,SEELZE. RUE DE,M,49.35441809976051,1.3538678128320567
201800034064,NonLethal,2018-09-16,14:30:00,Daylight,760,5,Yes,NoIntersection,Normal,2Vehicles-Side,RN 15 (ROUTE DE PARIS),M,49.41751898951442,1.4187486456101637
201800034066,NonLethal,2018-09-17,21:15:00,NightStreelightsOn,760,540,Yes,NoIntersection,Normal,2Vehicles-BehindVehicles-Frontal,ROCADE Nord-Est,M,49.43532537235189,1.435811899633673
201800034067,NonLethal,2018-09-19,07:55:00,Daylight,760,410,Yes,NoIntersection,Normal,Other,VAL AUX DAMES. AVENUE DU,M,49.478353254296685,1.479069624310711
201800034069,NonLethal,2018-09-19,16:05:00,Daylight,760,540,Yes,X-type,Normal,Other,LECAT. RUE DE,M,49.44643347155434,1.4474296194195282
201800034070,NonLethal,2018-09-19,18:40:00,Daylight,760,103,Yes,Roundabout,Normal,2Vehicles-Side,BOIS BAGNERES. RUE DU,M,49.428861511133725,1.42736712409339
201800034071,NonLethal,2018-09-21,07:50:00,TwilightOrDawn,760,540,Yes,NoIntersection,Normal,Other,YSER. BOULEVARD DE L',M,49.44663272140718,1.4470764917571066
201800034072,NonLethal,2018-10-05,11:00:00,Daylight,760,451,Yes,NoIntersection,Normal,2Vehicles-Behind,MONT AUX MALADES. AVENUE,M,49.46668455868365,1.4673464923011938
201800034073,NonLethal,2018-08-10,16:20:00,Daylight,760,540,Yes,T-type,Normal,Other,ALSACE LORRAINE. RUE,M,49.435698022033314,1.4343656721789235
201800034074,NonLethal,2018-07-09,05:10:00,NightStreelightsOn,760,540,Yes,NoIntersection,LightRain,2Vehicles-Side,BOURSE. QUAI (HAUT) DE L,M,49.44110357407546,1.4405093667406066
201800034075,NonLethal,2018-10-10,16:20:00,Daylight,760,540,Yes,NoIntersection,Normal,2Vehicles-Behind,HAVRE. ROUTE DU,M,49.44957412298344,1.4511959414293762
201800034076,NonLethal,2018-10-11,12:15:00,Daylight,760,498,Yes,Other,Normal,2Vehicles-Side,GIRARDIN. BOULEVARD STAN,M,49.412339638227095,1.4125508942116576
201800034077,NonLethal,2018-10-11,21:15:00,NightStreelightsOn,760,366,Yes,Y-type,LightRain,Other,RUE DU GAL DE gaulle,M,49.50849369924624,1.508660374994555
201800034078,NonLethal,2018-10-14,12:10:00,Daylight,760,540,Yes,NoIntersection,Normal,Other,PONT MATHILDE,M,49.43480014901924,1.4344768729102009
201800034079,NonLethal,2018-10-12,07:50:00,NightStreelightsOn,760,681,Yes,X-type,Normal,2Vehicles-Side,RUE DE PARIS,M,49.412986144559,1.4111581846499424
201800034080,NonLethal,2018-10-15,08:20:00,Daylight,760,402,Yes,NoIntersection,Normal,Other,RUE GEORGES PELLERIN,M,49.5245485043996,1.5277890824984648
201800034081,NonLethal,2018-10-16,11:20:00,Daylight,760,540,Yes,T-type,Normal,Other,RUE ALSACE LORRAINE,M,49.44035516573736,1.4370079870971384
201800034083,NonLethal,2018-10-16,17:40:00,Daylight,760,540,Yes,NoIntersection,Normal,3+Vehicles-Chain,BOULEVARD DE L'EUROPE,M,49.43103622288165,1.4322496060552636
201800034085,NonLethal,2018-10-17,18:34:00,Daylight,760,540,Yes,T-type,Normal,Other,SAPINS. RUE DES,M,49.448608110547205,1.4447840084542425
201800034086,NonLethal,2018-10-17,08:20:00,TwilightOrDawn,760,540,Yes,X-type,Normal,2Vehicles-Side,BICHERAY. AVENUE DU COMM,M,49.44832192425515,1.450291825634969
201800034087,NonLethal,2018-10-18,09:00:00,Daylight,760,157,No,NoIntersection,Normal,3+Vehicles-Chain,A150,M,49.45874175496608,1.4596424457404973
201800034088,NonLethal,2018-10-23,09:55:00,Daylight,760,540,Yes,NoIntersection,Normal,2Vehicles-Side,rue jean mullot,M,49.42708694973286,1.4266507061263023
201800034090,NonLethal,2018-10-26,08:15:00,Daylight,760,410,Yes,X-type,Normal,2Vehicles-Side,AVENUE DU VAL AUX DAMES,M,49.47946420916072,1.4817767209231645
201800034091,NonLethal,2018-10-26,16:20:00,Daylight,760,108,No,Roundabout,Normal,2Vehicles-Side,BRETEQUE. CHEMIN DE LA,M,49.48084293721584,1.4814397077079355
201800034093,NonLethal,2018-10-29,16:00:00,Daylight,760,540,Yes,NoIntersection,Normal,Other,DORMOY. RUE AMEDEE,M,49.44661510819989,1.4469062043574263
201800034096,Lethal,2018-11-05,21:05:00,NightNoStreetLight,760,497,No,NoIntersection,Normal,2Vehicles-BehindVehicles-Frontal,MARITIME. BOULEVARD,M,49.394605041902885,1.39511643745191
201800034097,NonLethal,2018-11-06,18:30:00,NightStreelightsOn,760,498,Yes,NoIntersection,Normal,Other,JAURES. AVENUE JEAN,M,49.42566445728255,1.4261198667042971
201800034100,NonLethal,2018-11-13,11:50:00,Daylight,760,451,Yes,NoIntersection,Normal,Other,SAKHAROV. RUE ANDREI DMI,M,49.47433788978036,1.47413882421615
201800034101,NonLethal,2018-11-13,16:07:00,Daylight,760,540,Yes,NoIntersection,Normal,2Vehicles-Side,MONT RIBOUDET. AVENUE DU,M,49.45021960177843,1.448805132168158
201800034102,NonLethal,2018-11-15,08:40:00,Daylight,760,108,Yes,NoIntersection,FogOrSmoke,Other,CLERES. CHEMIN DE,M,49.46939864618217,1.4709207332226095
201800034103,NonLethal,2018-11-15,19:15:00,NightStreelightsOn,760,484,Yes,NoIntersection,Normal,2Vehicles-BehindVehicles-Frontal,ROCHES. ROUTE DES (CD 18,M,49.33033241470834,1.328824831250646
201800034104,NonLethal,2018-11-17,11:25:00,Daylight,760,498,Yes,T-type,Normal,2Vehicles-Side,GAULLE. BOULEVARD CHARLE,M,49.41609516547299,1.4161729069237716
201800034105,NonLethal,2018-11-16,12:15:00,Daylight,760,540,Yes,NoIntersection,Normal,Other,LYONS LA FORET. ROUTE DE,M,49.4380313078134,1.437603290165946
201800034106,NonLethal,2018-11-16,23:20:00,NightStreelightsOn,760,410,Yes,NoIntersection,Normal,Other,8 MAI 1945. RUE DU,M,49.4748112664399,1.4745383094594795
201800034107,NonLethal,2018-11-19,18:20:00,NightStreelightsOn,760,540,Yes,Roundabout,Normal,NoCollision,rue de la motte,M,49.434167290023,1.4349368408587793
201800034108,NonLethal,2018-11-20,01:40:00,NightNoStreetLight,760,484,Yes,NoIntersection,Normal,Other,ROCHES. ROUTE DES (CD 18,M,49.33048562521462,1.3314635760451294
201800034109,NonLethal,2018-11-20,08:30:00,NightStreelightsOn,760,474,Yes,T-type,Normal,Other,ROUTE DE DIEPPE,M,49.49173269159212,1.49026473036547
201800034111,NonLethal,2018-11-20,18:00:00,NightStreelightsOn,760,216,Yes,T-type,Normal,Other,RUE ARMAND DAUGE,M,49.46609317145104,1.4665116245658578
201800034112,NonLethal,2018-11-21,07:30:00,NightStreelightsOn,760,103,Yes,Roundabout,Normal,Other,HAUTES HAIES. RUE DES,M,49.42674782253963,1.423461827683224
201800034113,NonLethal,2018-11-21,07:25:00,NightStreelightsOn,760,498,Yes,NoIntersection,Normal,Other,JAURES. AVENUE JEAN,M,49.42662701030038,1.423740182914844
201800034114,NonLethal,2018-11-24,02:25:00,NightStreelightsOn,760,681,No,X-type,Normal,2Vehicles-Side,CD 18E (BOULEVARD INDUST,M,49.40154963966161,1.403338468989482
201800034115,NonLethal,2018-11-23,17:40:00,NightStreelightsOn,760,366,Yes,NoIntersection,Normal,2Vehicles-Side,11 NOVEMBRE. RUE DU,M,49.52138878371698,1.5241152341436095
201800034116,NonLethal,2018-11-26,11:50:00,Daylight,760,540,Yes,NoIntersection,Normal,2Vehicles-Side,quai de la bourse,M,49.4378645431642,1.439528598882701
201800034117,NonLethal,2018-11-26,17:43:00,NightStreelightsOn,760,540,No,NoIntersection,Normal,3+Vehicles-Multiple,N28,M,49.43779820305978,1.4381392786243616
201800034119,NonLethal,2018-11-27,07:35:00,NightStreelightsOn,760,681,Yes,NoIntersection,LightRain,Other,PARIS. RUE DE,M,49.41144384383848,1.4121580974051555
201800034120,NonLethal,2018-11-27,18:33:00,NightStreelightsOn,760,216,Yes,Roundabout,LightRain,2Vehicles-Side,MANOIR RIGAULT. RUE DU,M,49.45869796331405,1.457493256217176
201800034121,NonLethal,2018-11-29,14:45:00,Daylight,760,157,No,NoIntersection,Normal,Other,SAHURS. ROUTE DE (CD 35l,M,49.41389617272211,9.41612095310844
201800034122,NonLethal,2018-01-12,12:55:00,Daylight,760,540,Yes,NoIntersection,LightRain,2Vehicles-Behind,pont mathilde,M,49.430856761207096,1.429811360328493
201800034123,NonLethal,2018-11-30,20:50:00,NightStreelightsOn,760,540,Yes,X-type,Normal,Other,SOREL. RUE ALBERT,M,49.427743345463945,1.429929221801623
201800034124,Lethal,2018-04-12,22:30:00,NightStreelightsOn,760,484,Yes,T-type,Normal,NoCollision,RUE DU MUGUET,M,49.36071784862512,1.3605289727240195
201800034125,NonLethal,2018-12-07,14:30:00,Daylight,760,540,Yes,T-type,Normal,Other,DOCTEUR SEGUIN. RUE DU,M,49.4575003771656,1.455014645847857
201800034126,NonLethal,2018-12-13,22:50:00,NightStreelightsOn,760,540,Yes,X-type,Normal,2Vehicles-Side,rue jeanne d'arc,M,49.43940429989927,1.4412807546935589
201800034128,NonLethal,2018-12-21,04:30:00,NightStreelightsOn,760,540,Yes,NoIntersection,HeavyRain,Other,quai  (haut) du havre,M,49.44021933354605,1.4393831368874646
201800034130,Lethal,2018-12-21,05:30:00,NightStreelightsOff,760,705,No,Roundabout,HeavyRain,Other,BOULEVARD GABRIEL PERI,M,49.32173841523988,1.3232391480153547
201800034131,NonLethal,2018-12-23,22:40:00,NightStreelightsOn,760,540,Yes,X-type,LightRain,2Vehicles-Side,QUAI JACQUES ANQUETIL,M,49.43298966724624,1.436048780963051
201800034132,NonLethal,2018-12-30,17:30:00,NightStreelightsOn,760,322,No,T-type,LightRain,2Vehicles-Side,RN 138 (AVENUE DES CANAD,M,49.40043416237518,1.4033752386213338
201800034133,NonLethal,2018-01-06,23:15:00,NightStreelightsOn,770,108,Yes,NoIntersection,LightRain,NoCollision,D934,M,48.87666228648702,2.878714475531812
201800034135,NonLethal,2018-01-25,09:33:00,Daylight,770,108,Yes,NoIntersection,LightRain,Other,"38, RESISTANCE (AVENUE D",M,48.876819683432,2.8772344724119363
201800034136,NonLethal,2018-03-13,03:20:00,NightStreelightsOn,770,108,Yes,NoIntersection,HeavyRain,Other,"D34 - 41, AV. DE CLAYE",M,48.88286918318968,2.883209282337476
201800034137,NonLethal,2018-03-26,10:45:00,Daylight,770,108,Yes,X-type,Normal,2Vehicles-Side,DIGOY (AVENUE GEORGES),M,48.87959316547656,2.8795945722279632
201800034138,NonLethal,2018-03-30,19:15:00,Daylight,770,108,Yes,X-type,Normal,Other,RESISTANCE (AVENUE DE LA,M,48.875627511991,2.8760499446350742
201800034139,NonLethal,2018-04-06,16:00:00,Daylight,770,479,No,NoIntersection,Normal,2Vehicles-Behind,RUELLE AUX LOUPS (CHEMIN,M,48.86453664884623,2.864295496259542
201800034141,NonLethal,2018-01-05,14:18:00,Daylight,770,108,Yes,X-type,Normal,2Vehicles-Behind,D224 x D34,M,48.87954435214591,2.880037481394629
201800034143,NonLethal,2018-04-05,11:45:00,Daylight,770,55,Yes,T-type,Normal,2Vehicles-Behind,REPUBLIQUE (AVENUE DE LA,M,48.88119017438572,2.881468347887009
201800034144,NonLethal,2018-05-21,17:25:00,Daylight,770,108,Yes,NoIntersection,Normal,Other,LAENNEC (RUE),M,48.90179985463051,2.9031460421714943
201800034145,NonLethal,2018-06-21,18:48:00,Daylight,770,479,Yes,T-type,VeryGood,2Vehicles-Side,RUES PECHEURS/PASTEUR,M,48.8679283494066,2.871202178723676