AccidentId,Gravity,Date,Hour,Light,Department,Commune,InAgglomeration,IntersectionType,Weather,CollisionType,PostalAddress,GPSCode,Latitude,Longitude
201800034146,NonLethal,2018-06-07,16:00:00,Daylight,770,517,No,X-type,Normal,2Vehicles-Side,D404 X D105,M,48.9122400353629,2.912316281815051
201800034147,NonLethal,2018-07-08,14:00:00,Daylight,770,479,Yes,Other,Normal,Other,CORPS DE GARDE (CHEMIN D,M,48.86937560295852,2.867699163051284
201800034148,NonLethal,2018-12-09,12:20:00,Daylight,770,108,Yes,X-type,Normal,Other,D34 X D934,M,48.875201354865375,2.8767483890298404
201800034149,NonLethal,2018-09-17,10:20:00,Daylight,770,479,Yes,Other,Normal,Other,MELET (BOULEVARD CONSTAN,M,48.87174728492362,2.8739404141432376
201800034150,NonLethal,2018-10-29,17:00:00,Daylight,770,108,Yes,Roundabout,LightRain,2Vehicles-Side,NAST (RUE GUSTAVE),M,48.88616781383176,2.884528392065693
201800034151,NonLethal,2018-12-17,11:00:00,Daylight,770,108,Yes,Roundabout,Normal,Other,D224 - AV. JEAN JAURES,M,48.87854694444924,2.880259473818365
201800034153,NonLethal,2018-03-15,10:30:00,Daylight,770,111,Yes,Other,Overcast,Other,HERGE ( AVENUE),M,48.86385200273593,2.862478575854684
201800034154,NonLethal,2018-06-19,16:15:00,Daylight,770,268,No,T-type,Normal,3+Vehicles-Chain,RD 93,M,48.8763442976043,2.876653116606059
201800034155,Lethal,2018-02-07,20:03:00,Daylight,770,449,Yes,X-type,Normal,Other,DANUBE ( COURS DU ),M,48.854154933113975,2.85440078641082
201800034157,NonLethal,2018-09-27,11:19:00,Daylight,770,449,No,Roundabout,Normal,2Vehicles-Behind,D231 X D88A X BRET. A4,M,48.83136474313066,2.8323577341197046
201800034158,NonLethal,2018-10-19,18:30:00,Daylight,770,268,Yes,X-type,Normal,2Vehicles-BehindVehicles-Frontal,CLE DES CHAMPS ( RUE DE,M,48.868463231563766,2.868029674785765
201800034159,NonLethal,2018-01-01,09:20:00,Daylight,770,320,Yes,NoIntersection,Overcast,2Vehicles-BehindVehicles-Frontal,"D934 - 821, G. DE GAULLE",M,48.82970159119016,3.826735725572556
201800034160,NonLethal,2018-02-01,13:40:00,Daylight,770,320,Yes,T-type,Overcast,2Vehicles-Side,"67, GENERAL DE GAULLE (A",M,48.82364917685306,3.82551494047756
201800034161,NonLethal,2018-02-04,19:00:00,NightStreelightsOn,770,131,Yes,NoIntersection,LightRain,2Vehicles-Behind,GENERAL LECLERC (RUE DU),M,48.8150034883432,3.8152846861166494
201800034164,NonLethal,2018-03-19,14:55:00,Daylight,770,42,Yes,X-type,Normal,2Vehicles-Side,D66 X D37,M,48.81584045350646,3.818347765686454
201800034165,NonLethal,2018-04-03,09:50:00,Daylight,770,42,No,NoIntersection,Normal,2Vehicles-BehindVehicles-Frontal,D37,M,48.82801542403124,3.827333398005881
201800034166,NonLethal,2018-04-05,15:40:00,Daylight,770,131,Yes,Other,Normal,Other,VERCORS (RUE DU),M,48.80885809155649,3.809056255080341
201800034167,Lethal,2018-06-08,19:10:00,Daylight,770,400,Yes,NoIntersection,Normal,Other,SAPINS (RUE DES),M,48.79886225745607,3.798284606422769
201800034168,NonLethal,2018-06-16,20:20:00,Daylight,770,70,No,NoIntersection,Normal,Other,D 934,M,48.79538216118462,3.796255785057632
201800034169,NonLethal,2018-06-29,23:05:00,NightStreelightsOn,770,131,Yes,NoIntersection,Normal,2Vehicles-BehindVehicles-Frontal,MARGATS (RUE DES),M,48.80659531847663,3.8076553909642974
201800034170,NonLethal,2018-06-20,11:10:00,Daylight,770,131,Yes,Roundabout,Normal,2Vehicles-Side,MARCEL CLAVIER (RUE),M,48.80914900361857,3.807851604390499
201800034171,NonLethal,2018-03-08,20:15:00,Daylight,770,131,Yes,T-type,Normal,2Vehicles-BehindVehicles-Frontal,D222 X ENTREE PARKING,M,48.813112442676974,3.8147228172090166
201800034172,NonLethal,2018-02-08,16:40:00,Daylight,770,131,Yes,NoIntersection,Normal,NoCollision,D402 - AV. JEHAN DE BRIE,M,48.817957745262845,3.81829403261352
201800034173,NonLethal,2018-08-26,01:20:00,NightStreelightsOn,770,320,Yes,T-type,Normal,2Vehicles-BehindVehicles-Frontal,D934 X RUE DES ALLELUIAS,M,48.82261138648702,3.8242918383588127
201800034174,NonLethal,2018-08-25,11:45:00,Daylight,770,131,No,NoIntersection,Normal,Other,D402 (DEVIATION),M,48.79251995370589,3.794549613375073
201800034176,Lethal,2018-11-19,17:30:00,NightNoStreetLight,770,13,No,NoIntersection,LightRain,2Vehicles-Side,D402 - 53+744 annoncé,M,48.84324977313466,3.8430193347746378
201800034177,Lethal,2018-12-14,19:09:00,NightStreelightsOn,770,131,Yes,X-type,Overcast,Other,D402 X RUE PIDOUX DE M.,M,48.82510900437708,3.825579593617965
201800034178,Lethal,2018-12-22,18:20:00,NightStreelightsOn,770,131,Yes,NoIntersection,LightRain,Other,MONTBILLARD (RUE DU),M,48.8208664969688,3.822469435620131
201800034179,Lethal,2018-01-10,03:50:00,NightStreelightsOn,770,186,Yes,NoIntersection,LightRain,Other,"78, GRANDE (RUE)",M,48.405178807239416,2.4046765363705265
201800034181,NonLethal,2018-01-31,12:00:00,Daylight,770,186,Yes,X-type,Other,Other,GRANDE (RUE),M,48.40506366689655,2.4045911950250467
201800034183,NonLethal,2018-09-03,00:25:00,NightNoStreetLight,770,186,No,NoIntersection,Normal,Other,RD607,M,48.43266370380541,2.4317676081662145
201800034184,NonLethal,2018-03-19,08:35:00,Daylight,770,186,No,NoIntersection,Overcast,2Vehicles-Behind,CONSTANCE (BOULEVARD DE,M,48.40594694410621,2.4054558342549592
201800034185,NonLethal,2018-04-02,16:10:00,Daylight,770,186,No,NoIntersection,Normal,3+Vehicles-Chain,RD148,M,48.35630068014927,2.353988451327149
201800034186,NonLethal,2018-04-20,06:00:00,TwilightOrDawn,770,186,Yes,X-type,Normal,2Vehicles-Side,D210 - B.GENERAL LECLERC,M,48.411774254327504,2.41270656102436
201800034187,NonLethal,2018-04-22,16:55:00,Daylight,770,186,No,NoIntersection,Normal,2Vehicles-Behind,D301E2 - GARE THOMERY,M,48.395209162955446,2.3940447128812736
201800034188,Lethal,2018-06-26,18:00:00,Daylight,770,186,No,X-type,VeryGood,3+Vehicles-Multiple,D142 X D115,M,48.48261743044406,2.480950650627748
201800034189,NonLethal,2018-06-30,13:15:00,Daylight,770,37,Yes,NoIntersection,Other,2Vehicles-BehindVehicles-Frontal,D137  - CASTELLANI (RUE),M,48.47906472288129,2.4792074221496034
201800034190,NonLethal,2018-06-30,18:25:00,Daylight,770,14,Yes,X-type,Normal,Other,D210 X AV. TOURING CLUB,M,48.41417301741183,2.4131624175392603
201800034191,NonLethal,2018-09-07,09:40:00,Daylight,770,186,No,X-type,Normal,2Vehicles-Side,D142 X D115,M,48.4819789204628,2.4808891291493653
201800034192,NonLethal,2018-05-07,16:10:00,Daylight,770,186,No,NoIntersection,Overcast,Other,D138 - ROUTE BOURGOGNE,M,48.43735088913723,2.435742765472242
201800034193,NonLethal,2018-08-04,17:25:00,Daylight,770,186,No,NoIntersection,Normal,2Vehicles-Behind,RD607 - RTE DE NEMOURS,M,48.39708441475644,2.393986377463216
201800034195,NonLethal,2018-03-08,18:40:00,Daylight,770,186,No,Other,Normal,2Vehicles-Behind,D606,M,48.38004543218784,2.3795119980445327
201800034196,NonLethal,2018-08-31,09:40:00,Daylight,770,442,Yes,Roundabout,Normal,2Vehicles-Side,D210 X D39,M,48.42896581670596,2.427601614642912
201800034197,NonLethal,2018-09-06,21:50:00,NightNoStreetLight,770,186,No,Y-type,Normal,2Vehicles-BehindVehicles-Frontal,TABLE DU ROI (CARREFOUR,M,48.4851109243982,2.4846121066883304
201800034198,NonLethal,2018-09-15,16:20:00,Daylight,770,186,No,NoIntersection,Normal,2Vehicles-Behind,RD116 PanONF  rte Butte,M,48.48038425572309,2.4794604514933747
201800034199,Lethal,2018-08-10,17:50:00,Daylight,770,186,No,NoIntersection,Normal,2Vehicles-BehindVehicles-Frontal,RD607 de Barbizon  pav,M,48.36116230282765,2.361512750963481
201800034201,NonLethal,2018-10-19,21:55:00,NightNoStreetLight,770,186,No,NoIntersection,Normal,2Vehicles-Behind,RD607 de Barbizon  pav,M,48.42197405950384,2.422472063396726
201800034202,Lethal,2018-11-18,14:25:00,Daylight,770,186,No,X-type,Normal,2Vehicles-Side,D409 X D301,M,48.412319355507215,2.413175482736093
201800034203,NonLethal,2018-11-29,19:40:00,NightNoStreetLight,770,186,No,X-type,Normal,2Vehicles-Side,D409 X D301 ROUTE RONDE,M,48.413595421191445,2.4130990037649385
201800034204,NonLethal,2018-01-18,19:50:00,NightStreelightsOn,770,243,Yes,T-type,LightRain,Other,RAYMOND POINCARE  (AVENU,M,48.875255151592455,2.8751667450199543
201800034206,NonLethal,2018-01-02,07:55:00,TwilightOrDawn,770,464,Yes,NoIntersection,Overcast,Other,"04, GAMBETTA  (RUE   )",M,48.88476642725808,2.882596059891041
201800034207,NonLethal,2018-06-03,08:30:00,Daylight,770,243,Yes,T-type,VeryGood,Other,"52, SAINT DENIS  (RUE",M,48.87928181765656,2.879294246239676
201800034208,NonLethal,2018-03-07,11:20:00,Daylight,770,209,No,NoIntersection,Overcast,2Vehicles-BehindVehicles-Frontal,D35,M,48.86191277490253,2.862511118522104
201800034209,NonLethal,2018-03-13,09:45:00,Daylight,770,438,No,X-type,Normal,NoCollision,SAINT GERMAIN DES NOYERS,M,48.85046242184227,2.850936360600021
201800034210,NonLethal,2018-03-16,07:40:00,Daylight,770,181,No,NoIntersection,Normal,3+Vehicles-Multiple,D35-RUE DU GAL DE GAULLE,M,48.81552811377538,2.815332768297837
201800034211,NonLethal,2018-03-24,12:45:00,Daylight,770,243,Yes,X-type,Normal,2Vehicles-Side,"9, GENERAL LECLERC  (AVE",M,48.87679220936722,2.877658713670915
201800034212,NonLethal,2018-03-24,10:25:00,Daylight,770,58,Yes,X-type,Normal,2Vehicles-Behind,D5  AV.GENERAL DE GAULLE,M,48.84140622922166,2.8407829839505903
201800034213,NonLethal,2018-03-27,17:00:00,Daylight,770,58,Yes,Roundabout,LightRain,2Vehicles-Side,D35 X AV. GRAHAM BELL,M,48.836170623497146,2.8341894638554197
201800034214,NonLethal,2018-04-11,09:55:00,Daylight,770,181,Yes,T-type,Normal,2Vehicles-Side,RUCHERIE  (RUE DE  LA),M,48.82245924425038,2.823167555368788
201800034215,NonLethal,2018-04-21,20:20:00,Daylight,770,59,Yes,Other,Normal,2Vehicles-Behind,EPINETTES  (RUE DES  ),M,48.84256181581131,2.841335898009098
201800034216,NonLethal,2018-04-24,13:30:00,Daylight,770,243,Yes,Y-type,Normal,3+Vehicles-Chain,SAINT DENIS  (RUE   ),M,48.87901960092348,2.879341461957571
201800034217,NonLethal,2018-04-26,08:15:00,Daylight,770,58,Yes,X-type,Normal,2Vehicles-Side,D5 X AV.GAL DE GAULLE,M,48.837302730363874,2.838528210410871
201800034218,NonLethal,2018-04-27,21:30:00,NightStreelightsOff,770,85,No,NoIntersection,Normal,2Vehicles-Behind,PARKING RUE DECOUVERTE,M,48.86046188034503,2.858898294266023
201800034219,NonLethal,2018-05-01,16:45:00,Daylight,770,243,Yes,NoIntersection,Normal,2Vehicles-Behind,SAINT DENIS  (RUE   ),M,48.88072431086629,2.8811090015031366
201800034220,NonLethal,2018-05-03,08:00:00,Daylight,770,438,Yes,Other,Normal,3+Vehicles-Multiple,D418 -AV.GENERAL LECLERC,M,48.87208350018045,2.873025339630788
201800034223,NonLethal,2018-05-18,07:20:00,Daylight,770,464,Yes,NoIntersection,Normal,Other,D418 - CLAYE  (RUE DE  ),M,48.88852374306549,2.8881418319519176
201800034225,NonLethal,2018-05-24,14:15:00,Daylight,770,243,Yes,Other,Normal,2Vehicles-Behind,D231 X BRET. D934,M,48.8757382366832,2.8754820320996344
201800034227,NonLethal,2018-06-11,18:00:00,Daylight,770,243,Yes,X-type,LightRain,Other,GOUVERNES  (CHEMIN DE),M,48.87389585259397,2.8720197108152923
201800034228,NonLethal,2018-06-12,17:15:00,Daylight,770,209,No,NoIntersection,LightRain,2Vehicles-Side,D217B - AV 2  CHATEAUX,M,48.85465550107916,2.855528552582407
201800034229,NonLethal,2018-06-13,07:30:00,Daylight,770,372,No,NoIntersection,Normal,2Vehicles-Side,D934,M,48.88270437667364,2.8802022724521703
201800034230,NonLethal,2018-06-17,16:10:00,Daylight,770,243,No,Other,Normal,NoCollision,D934,M,48.86686997337088,2.868382133632362
201800034231,NonLethal,2018-06-29,08:40:00,Daylight,770,221,Yes,Other,VeryGood,2Vehicles-Side,CHARLES PEGUY (AVENUE),M,48.85456468833125,2.85523935662192
201800034232,NonLethal,2018-07-02,16:40:00,Daylight,770,243,Yes,NoIntersection,VeryGood,Other,GEORGES CLEMENCEAU  (AVE,M,48.8772944305688,2.8775817207399563
201800034233,NonLethal,2018-04-07,13:05:00,Daylight,770,438,No,NoIntersection,Normal,3+Vehicles-Multiple,D934,M,48.868816273339725,2.868690080406643
201800034234,NonLethal,2018-06-07,18:50:00,Daylight,770,181,Yes,NoIntersection,Normal,2Vehicles-Behind,D35 - R. JEAN JAURES,M,48.82138606735007,2.82350237524151
201800034235,NonLethal,2018-07-10,23:35:00,NightStreelightsOn,770,438,Yes,X-type,Normal,2Vehicles-Side,D418 X VC X VC,M,48.873607468609215,2.8753186993669337
201800034236,NonLethal,2018-11-07,19:50:00,Daylight,770,237,No,T-type,Normal,2Vehicles-BehindVehicles-Frontal,D231 X HOPITAL EST PARIS,M,48.8493288186657,2.8468367334860103
201800034237,NonLethal,2018-07-12,09:00:00,Daylight,770,438,Yes,NoIntersection,Normal,2Vehicles-Behind,SAINT GERMAIN DES NOYERS,M,48.8508705699074,2.850721854711756
201800034238,NonLethal,2018-07-14,08:54:00,Daylight,770,449,Yes,X-type,Normal,2Vehicles-Side,EMILE CLOUD ( RUE ),M,48.84917948427018,2.847553310557688
201800034239,NonLethal,2018-07-15,20:50:00,Daylight,770,372,Yes,X-type,Normal,2Vehicles-Side,D334 X D418,M,48.88286134490668,2.880628247478516
201800034240,NonLethal,2018-07-24,00:01:00,NightStreelightsOn,770,372,Yes,T-type,Normal,2Vehicles-Side,PARIS  (RUE DE  ),M,48.88116535289387,2.879087079549953
201800034241,NonLethal,2018-07-30,12:55:00,Daylight,770,464,Yes,NoIntersection,Normal,2Vehicles-Behind,D418  CLAYE  (RUE DE  ),M,48.88485047287624,2.883479114070701
201800034242,NonLethal,2018-01-08,15:10:00,Daylight,770,438,No,NoIntersection,Normal,3+Vehicles-Multiple,D934 X BRET. ACCES A104,M,48.86836780083521,2.8659867244112904
201800034243,NonLethal,2018-08-19,20:30:00,Daylight,770,243,Yes,T-type,Normal,2Vehicles-Side,D10 X RUE GIBERT,M,48.87386000627327,2.8739082619005423
201800034244,NonLethal,2018-09-10,18:05:00,Daylight,770,464,Yes,Roundabout,Normal,2Vehicles-Behind,CLAYE  (RUE DE  ),M,48.89912168609275,2.898632761232774
201800034245,NonLethal,2018-09-18,16:00:00,Daylight,770,59,Yes,Y-type,LightRain,2Vehicles-Side,RUE DU GUE LANGLOIS,M,48.84529778159379,2.8463442312805034
201800034246,NonLethal,2018-09-20,18:35:00,Daylight,770,237,No,NoIntersection,Normal,2Vehicles-Behind,D10,M,48.82236641257521,2.822458152468705
201800034247,NonLethal,2018-09-25,17:15:00,Daylight,770,62,No,NoIntersection,Normal,2Vehicles-BehindVehicles-Frontal,D105A - R DES GLORIETTES,M,48.90976993453384,2.911837663398792
201800034248,NonLethal,2018-09-30,14:15:00,Daylight,770,372,Yes,T-type,Normal,2Vehicles-BehindVehicles-Frontal,D418 X RUE MAURICE LAINE,M,48.87981428390967,2.881944106805878
201800034249,NonLethal,2018-10-04,09:30:00,Daylight,770,58,Yes,Roundabout,Normal,2Vehicles-Side,LA HAYE (BOULEVARD DE),M,48.83044240407727,2.832080849079515
201800034250,NonLethal,2018-10-09,17:05:00,Daylight,770,237,Yes,NoIntersection,Normal,Other,LAGNY  (RUE DE  ),M,48.83634638687149,2.837333522043251
201800034251,NonLethal,2018-12-10,12:55:00,Daylight,770,58,Yes,NoIntersection,Normal,3+Vehicles-Chain,GENERAL DE GAULLE  (AVEN,M,48.83781314729136,2.837941674897056
201800034253,NonLethal,2018-10-17,08:15:00,Daylight,770,464,Yes,NoIntersection,Normal,2Vehicles-Side,DAMPMART  (RUE DE  ),M,48.886100682718514,2.8833946052749004
201800034254,NonLethal,2018-10-18,08:50:00,Daylight,770,243,Yes,X-type,Normal,2Vehicles-Side,SAINT DENIS  (RUE   ),M,48.87801339083477,2.8785426218531214
201800034255,NonLethal,2018-10-18,08:20:00,Daylight,770,464,Yes,NoIntersection,Normal,Other,JEAN JAURES  (RUE   ),M,48.88559671771241,2.8868668281680216
201800034256,NonLethal,2018-10-24,07:15:00,NightStreelightsOn,770,464,Yes,NoIntersection,Normal,2Vehicles-Behind,CLAYE  (RUE DE  ),M,48.89923301475746,2.8993455704810565
201800034257,NonLethal,2018-10-26,20:45:00,NightStreelightsOn,770,243,Yes,NoIntersection,Normal,2Vehicles-Behind,GAMBETTA  (RUE   ),M,48.87930014788128,2.880768343407891
201800034259,NonLethal,2018-11-10,17:35:00,TwilightOrDawn,770,464,Yes,T-type,Normal,2Vehicles-Side,D105B X RUE CORNILLIOT,M,48.88451584810794,2.8806877330991547
201800034262,NonLethal,2018-11-16,07:00:00,NightStreelightsOff,770,438,No,NoIntersection,LightRain,2Vehicles-Behind,D934,M,48.86754315168504,2.867732832671978
201800034263,NonLethal,2018-11-20,10:15:00,Daylight,770,438,No,X-type,SnowOrHail,2Vehicles-BehindVehicles-Frontal,Dl0P X BRET. Al04 SUD,M,48.8627761175495,2.859779921249136
201800034264,NonLethal,2018-11-20,09:10:00,Daylight,770,243,Yes,X-type,SnowOrHail,2Vehicles-Side,VIOLETTES  (RUE DES  ),M,48.872252734447166,2.8721873809451197
201800034265,NonLethal,2018-11-22,17:00:00,TwilightOrDawn,770,438,Yes,X-type,Normal,Other,D418 X R.MORISOT/SABLONS,M,48.85814615149253,2.8579434131302706
201800034266,NonLethal,2018-02-12,17:00:00,TwilightOrDawn,770,58,Yes,X-type,LightRain,2Vehicles-Side,GENERAL DE GAULLE  (AVEN,M,48.83694063397149,2.839364709101314
201800034267,NonLethal,2018-03-12,09:39:00,Daylight,770,58,Yes,NoIntersection,LightRain,2Vehicles-Side,EUROPE (AVENUE DE L' ),M,48.8315745269457,2.83165105030876
201800034270,NonLethal,2018-12-14,16:35:00,TwilightOrDawn,770,464,Yes,T-type,Normal,Other,Dl05B - RUE R. POINCARE,M,48.88296004587881,2.883987076801939
201800034271,NonLethal,2018-12-15,20:45:00,NightNoStreetLight,770,58,Yes,NoIntersection,LightRain,Other,EUROPE (AVENUE DE L' ),M,48.83209423439367,2.830009171882104
201800034272,NonLethal,2018-12-25,12:00:00,Daylight,770,85,No,T-type,VeryGood,Other,D5 - AVENUE LA JONCHERE,M,48.851351048671305,2.8500624939828403
201800034273,NonLethal,2018-12-28,11:53:00,Daylight,770,58,Yes,NoIntersection,Normal,Other,EUROPE (AVENUE DE L' ),M,48.83037185152634,2.832193544308831
201800034274,NonLethal,2018-12-31,03:50:00,NightStreelightsOn,770,58,Yes,NoIntersection,LightRain,2Vehicles-Behind,EUROPE (AVENUE DE L' ),M,48.83183021576241,2.832010794757419
201800034275,NonLethal,2018-01-08,07:45:00,NightNoStreetLight,770,335,No,X-type,Normal,2Vehicles-Side,D129 X D140,M,48.9695668156538,2.9715835689702645
201800034276,NonLethal,2018-01-13,17:30:00,TwilightOrDawn,770,335,No,NoIntersection,Normal,2Vehicles-BehindVehicles-Frontal,RN Nø3 (ROUTE NATIONALE),M,48.9580288878572,2.957271359590856
201800034277,NonLethal,2018-02-03,19:30:00,NightStreelightsOn,770,284,Yes,NoIntersection,LightRain,Other,"10, BESSIERES (RUE DU ML",M,48.95274097440431,2.9517477026185674
201800034278,NonLethal,2018-03-03,21:00:00,NightStreelightsOn,770,284,Yes,Y-type,Normal,3+Vehicles-Multiple,"D360 - 19, AV. DE MELUN",M,48.94517494557568,2.9458027774174504
201800034279,NonLethal,2018-10-01,18:15:00,NightStreelightsOn,770,284,Yes,T-type,Normal,Other,"11, ROSE (BD.JEAN)",M,48.96195552030864,2.962573667348254
201800034281,Lethal,2018-03-22,05:15:00,NightNoStreetLight,770,276,No,Other,Normal,2Vehicles-BehindVehicles-Frontal,RD 228,M,48.9111106064424,2.9111120798975945
201800034283,NonLethal,2018-05-04,08:25:00,Daylight,770,358,No,NoIntersection,Normal,2Vehicles-BehindVehicles-Frontal,RN 330,M,48.99475344183792,2.992335864445513
201800034284,NonLethal,2018-04-16,18:30:00,Daylight,770,335,No,X-type,Normal,2Vehicles-Side,D129 X D140,M,48.9704371429258,2.972029502921068
201800034285,Lethal,2018-05-21,19:50:00,Daylight,770,475,No,NoIntersection,Normal,Other,D603 - JOFFRE (RUE MAL.),M,48.95715182668373,2.957678951646135
201800034286,NonLethal,2018-06-14,10:10:00,Daylight,770,284,Yes,Other,Normal,2Vehicles-Side,ARQUEBUSE COURS DE L'),M,48.96193930970621,2.9593346393843145
201800034287,NonLethal,2018-05-16,15:00:00,Daylight,770,284,Yes,NoIntersection,Normal,Other,D360 - BUREAU (RUE JEAN),M,48.95523725026546,2.953543267554827
201800034289,NonLethal,2018-06-21,02:05:00,NightStreelightsOn,770,284,Yes,X-type,Normal,2Vehicles-Side,DUNANT (AVENUE HENRI),M,48.95221110939306,2.955183219433576
201800034291,NonLethal,2018-07-26,21:20:00,Daylight,770,284,Yes,NoIntersection,Normal,Other,APPEL DU 18 JUIN 1940 (A,M,48.95159440839179,2.9514587618824217
201800034292,NonLethal,2018-07-30,12:00:00,Daylight,770,284,No,NoIntersection,Normal,2Vehicles-Behind,D603 VICTOIRE (AV.DE LA),M,48.955750360481765,2.955553555013994
201800034293,NonLethal,2018-12-08,21:30:00,NightStreelightsOn,770,284,Yes,NoIntersection,Normal,Other,BARENNES (RUE PAUL),M,48.95238765783794,2.9561129171579124
201800034294,NonLethal,2018-08-27,19:45:00,Daylight,770,335,No,NoIntersection,Normal,Other,RN3 (ROUTE NATIONALE),M,48.95876199274531,2.957506306101571
201800034295,NonLethal,2018-08-29,19:10:00,Daylight,770,77,No,NoIntersection,Overcast,Other,D405 - DEV. NORD,M,48.97996221760436,2.980286124269576
201800034296,NonLethal,2018-09-11,15:50:00,Daylight,770,369,No,X-type,Normal,2Vehicles-BehindVehicles-Frontal,POINCY (ROUTE DE),M,48.984764193780656,2.984513136163914
201800034297,NonLethal,2018-09-19,17:40:00,Daylight,770,284,Yes,NoIntersection,Normal,2Vehicles-Behind,TRINITAIRES (RUE DES),M,48.954985167179785,2.954639004916219
201800034298,NonLethal,2018-09-20,21:00:00,NightStreelightsOn,770,284,Yes,X-type,Normal,Other,EPINETTE (AV.DE L'),M,48.95984077315685,2.9605644864239005
201800034299,Lethal,2018-10-01,01:10:00,NightNoStreetLight,770,335,No,NoIntersection,Normal,Other,RN3 (ROUTE NATIONALE),M,48.958456478313074,2.9590927117650043
201800034300,NonLethal,2018-04-10,06:30:00,NightStreelightsOn,770,284,Yes,NoIntersection,Normal,2Vehicles-Behind,TESSAN (RUE FRANCOIS DE),M,48.95205546371748,2.948734064760035
201800034302,NonLethal,2018-10-11,18:20:00,NightStreelightsOn,770,284,Yes,NoIntersection,LightRain,2Vehicles-Behind,APPEL DU 18 JUIN 1940 (A,M,48.95379268062255,2.952035867447908
201800034303,NonLethal,2018-11-15,13:30:00,Daylight,770,284,Yes,X-type,Normal,2Vehicles-Side,D360 X R JABLINOT/DASSY,M,48.95618762304789,2.956328153859439
201800034304,NonLethal,2018-11-15,18:15:00,NightStreelightsOn,770,143,Yes,T-type,LightRain,2Vehicles-Side,SENLIS (RUE DE),M,48.961403671891865,2.9617638885820026
201800034305,NonLethal,2018-12-07,13:30:00,Daylight,770,284,Yes,NoIntersection,LightRain,Other,ALLENDE (AV.SALVADOR),M,48.95735927896087,2.9565626187054765
201800034306,NonLethal,2018-12-08,21:40:00,NightNoStreetLight,770,143,No,Other,LightRain,NoCollision,N330 X CHEMIN DE REIMS,M,48.970690917141866,2.974178914578458
201800034308,NonLethal,2018-12-17,18:43:00,NightStreelightsOn,770,475,Yes,NoIntersection,Normal,3+Vehicles-Multiple,D603 - AV. DE VERDUN,M,48.960014964621365,2.9597269708571234
201800034310,NonLethal,2018-12-27,01:00:00,NightStreelightsOff,770,513,No,Roundabout,Normal,Other,N330 X AV. HENRI PERRIER,M,48.949127091631006,2.947855472149807
201800034311,Lethal,2018-01-01,08:00:00,TwilightOrDawn,770,39,No,NoIntersection,LightRain,Other,D39,M,48.52841087378826,2.527808664056993
201800034312,NonLethal,2018-01-04,21:16:00,NightStreelightsOn,770,152,Yes,NoIntersection,Normal,2Vehicles-Side,"290, JAURES(AVENUE JEAN)",M,48.52638738404828,2.5274241177228904
201800034313,NonLethal,2018-02-15,19:05:00,NightNoStreetLight,770,288,No,Y-type,LightRain,Other,D6O6 X BRET. D376,M,48.53752396061542,2.5364895081004275
201800034314,NonLethal,2018-02-17,18:15:00,NightNoStreetLight,770,447,No,NoIntersection,Normal,3+Vehicles-Multiple,C.D 50,M,48.54784883169653,2.547767621757589
201800034315,NonLethal,2018-03-17,20:25:00,NightStreelightsOn,770,389,Yes,NoIntersection,LightRain,2Vehicles-Behind,"53, GENERAL LECLERC(AVEN",M,48.51805145802763,2.5197930503044232
201800034316,NonLethal,2018-09-04,10:25:00,Daylight,770,487,Yes,NoIntersection,LightRain,2Vehicles-Side,MONTEREAU  (ROUTE DE),M,48.54156361145451,2.540085312421603
201800034317,NonLethal,2018-06-04,20:50:00,NightStreelightsOn,770,288,Yes,T-type,Normal,2Vehicles-Side,THIERS   (AVENUE EX RN 6,M,48.52864646684032,2.526376385367721
201800034318,Lethal,2018-04-11,08:00:00,Daylight,770,288,No,NoIntersection,Normal,2Vehicles-Behind,D605 - ROCADE,M,48.545953132504216,2.547595091356316
201800034319,NonLethal,2018-04-10,15:15:00,Daylight,770,152,Yes,X-type,Overcast,2Vehicles-Side,BERTHELOT(AVENUE MARCELI,M,48.508116708739024,2.5113546617412363
201800034320,NonLethal,2018-05-09,00:45:00,NightNoStreetLight,770,394,No,NoIntersection,Normal,NoCollision,D82,M,48.56829343299913,2.5678433817618744
201800034322,NonLethal,2018-05-25,10:47:00,Daylight,770,288,Yes,X-type,Normal,2Vehicles-Side,PAUL VALERY (RUE),M,48.54404579927965,2.545322789417166
201800034323,NonLethal,2018-05-24,18:35:00,Daylight,770,407,Yes,NoIntersection,VeryGood,Other,BORDES(RUE DES),M,48.5302397359726,2.530567130515571
201800034326,NonLethal,2018-05-30,14:55:00,Daylight,770,394,No,NoIntersection,Normal,3+Vehicles-Multiple,ROUTE DE LAGNY  (RD-471),M,48.56251137289649,2.5624020318829728
201800034328,NonLethal,2018-06-29,11:10:00,Daylight,770,389,No,NoIntersection,Normal,Other,GENERAL LECLERC(AVENUE D,M,48.52198012075311,2.52322358924104
201800034329,NonLethal,2018-06-28,17:30:00,Daylight,770,487,Yes,NoIntersection,Normal,Other,MARE DES CHAMPS (DE LA),M,48.53070920511845,2.5309747993284204
201800034330,NonLethal,2018-07-18,10:30:00,Daylight,770,288,Yes,NoIntersection,Normal,Other,SAINT LIESNE (RUE),M,48.53975683805628,2.541371868423413
201800034332,Lethal,2018-01-09,23:50:00,NightNoStreetLight,770,285,No,Other,Normal,Other,D606 - BRET.ACCES D346,M,48.547696727885295,2.546117180729286
201800034333,NonLethal,2018-09-01,18:50:00,Daylight,770,487,Yes,T-type,Normal,2Vehicles-Side,G. DE GAULLE X RES CHATO,M,48.53758214644914,2.5373562606369733
201800034334,NonLethal,2018-09-14,19:45:00,Daylight,770,288,Yes,X-type,Normal,Other,GENERAL LECLERC (RUE),M,48.52689572730723,2.5286293395909003