AccidentId,Gravity,Date,Hour,Light,Department,Commune,InAgglomeration,IntersectionType,Weather,CollisionType,PostalAddress,GPSCode,Latitude,Longitude
201800034335,NonLethal,2018-09-21,16:50:00,Daylight,770,152,No,X-type,Normal,2Vehicles-Side,D142 X D64,M,48.49753566874584,2.497803731663261
201800034336,NonLethal,2018-10-08,21:01:00,NightStreelightsOn,770,487,No,NoIntersection,Normal,2Vehicles-BehindVehicles-Frontal,R.N 1O5,M,48.5383779956807,2.5384057578429897
201800034337,NonLethal,2018-09-10,17:00:00,Daylight,770,528,No,NoIntersection,Normal,2Vehicles-BehindVehicles-Frontal,VOISENON  (ROUTE DE),M,48.57440965212464,2.573610094153239
201800034338,NonLethal,2018-10-30,03:30:00,NightNoStreetLight,770,40,No,NoIntersection,LightRain,Other,D607,M,48.50050449006016,2.4992293211133387
201800034339,NonLethal,2018-11-05,18:25:00,NightStreelightsOn,770,152,Yes,X-type,Normal,Other,D372 - LYS(AVENUE DU),M,48.519474326073016,2.518269352076094
201800034340,NonLethal,2018-08-11,15:25:00,Daylight,770,285,Yes,NoIntersection,Normal,2Vehicles-BehindVehicles-Frontal,D1009T - AV. DE L'EUROPE,M,48.55002026317543,2.547966970695979
201800034342,NonLethal,2018-11-16,14:55:00,Daylight,770,288,Yes,NoIntersection,Normal,2Vehicles-Side,JEANNE D'ARC  (PONT),M,48.53602232028981,2.5371733085699604
201800034343,NonLethal,2018-01-12,00:20:00,NightStreelightsOn,770,288,Yes,X-type,Normal,2Vehicles-Side,COTY (RUE RENE),M,48.552290290798105,2.5513583574537533
201800034344,NonLethal,2018-11-12,17:50:00,NightStreelightsOn,770,285,Yes,Y-type,Normal,2Vehicles-Side,AV. MAURICE DAUVERGNE,M,48.54513567834541,2.545957899676862
201800034346,NonLethal,2018-01-24,07:59:00,NightStreelightsOn,770,251,Yes,NoIntersection,Overcast,Other,"42, OLYMPE DE GOUGES (BO",M,48.63565604254364,2.634735921958544
201800034347,NonLethal,2018-02-13,18:47:00,NightStreelightsOn,770,122,Yes,Other,LightRain,Other,JEAN MOULIN(RUE),M,48.65876282269101,2.662708161448338
201800034348,NonLethal,2018-03-03,11:30:00,Daylight,770,180,No,NoIntersection,Normal,2Vehicles-BehindVehicles-Frontal,CD 35,M,48.74910952124594,2.7477849115042385
201800034349,NonLethal,2018-03-05,19:00:00,NightStreelightsOn,770,53,Yes,NoIntersection,Normal,Other,"8, BEAU (AVENUE)",M,48.68981242358034,2.691581842819894
201800034350,NonLethal,2018-02-03,17:10:00,Daylight,770,53,Yes,NoIntersection,Normal,Other,"26, GUSTAVE EIFFEL (RUE)",M,48.700489405766085,2.7025844948662496
201800034351,NonLethal,2018-03-16,22:26:00,NightStreelightsOn,770,445,Yes,NoIntersection,Normal,Other,"7, MOULIN (AVENUE JEAN)",M,48.58941015746733,2.590062456374568
201800034352,NonLethal,2018-03-24,14:50:00,Daylight,770,495,Yes,Roundabout,Normal,2Vehicles-Behind,D.306 X D605,M,48.55936023806376,2.558597344117958
201800034353,Lethal,2018-02-04,17:30:00,Daylight,770,114,No,NoIntersection,Overcast,2Vehicles-Side,RD 216,M,48.73165226121976,2.7315955768797053
201800034354,NonLethal,2018-04-14,20:10:00,TwilightOrDawn,770,67,Yes,NoIntersection,Normal,2Vehicles-BehindVehicles-Frontal,GRANDE (RUE ),M,48.55256222403981,2.554876883969175
201800034355,NonLethal,2018-04-20,11:48:00,Daylight,770,122,Yes,NoIntersection,Normal,NoCollision,HAUT DU BREUIL(RUE DU),M,48.6658694796693,2.66277657563873
201800034359,NonLethal,2018-04-24,07:20:00,Daylight,770,122,Yes,Roundabout,Normal,2Vehicles-Side,PLACE 19 MARS 1962,M,48.65970290709832,2.6600625175402204
201800034360,NonLethal,2018-09-05,16:30:00,Daylight,770,445,Yes,X-type,Normal,2Vehicles-Side,RESISTANCE (AVENUE DE LA,M,48.58838664689427,2.5879639801139387
201800034361,NonLethal,2018-05-09,22:00:00,NightStreelightsOn,770,251,No,Other,Normal,2Vehicles-Behind,D50 - AV.PAUL DELOUVRIER,M,48.61747048101001,2.6174607260184444
201800034363,NonLethal,2018-05-26,16:10:00,Daylight,770,445,Yes,T-type,VeryGood,Other,AV.M.-FRANCE X R.BOILEAU,M,48.59882453308545,2.597783196423705
201800034365,NonLethal,2018-06-03,16:00:00,Daylight,770,445,Yes,NoIntersection,Normal,2Vehicles-BehindVehicles-Frontal,GRETA GARBO (RUE),M,48.58322971606149,2.585391471387686
201800034366,NonLethal,2018-06-27,19:15:00,Daylight,770,53,Yes,Roundabout,Normal,Other,D216 X D50,M,48.6919161410905,2.692325912685024
201800034367,NonLethal,2018-07-07,16:10:00,Daylight,770,296,Yes,NoIntersection,Normal,2Vehicles-Side,EUROPE(AVENUE DE L'),M,48.62811272520658,2.626970625554574
201800034368,NonLethal,2018-07-30,23:05:00,NightStreelightsOn,770,296,Yes,X-type,Normal,2Vehicles-Side,JEAN JAURES (AVENUE),M,48.62834134699364,2.629149078489716
201800034369,NonLethal,2018-04-08,15:10:00,Daylight,770,445,Yes,NoIntersection,Normal,2Vehicles-Behind,D15O - AV. DES ROUTOIRES,M,48.60614606741081,2.6040036153460098
201800034370,NonLethal,2018-08-05,00:35:00,NightStreelightsOn,770,251,No,X-type,Normal,2Vehicles-Side,D402 X D1149,M,48.6251717957011,2.6245082114211
201800034371,NonLethal,2018-05-08,12:10:00,Daylight,770,122,No,X-type,Normal,2Vehicles-Side,D48,M,48.65685647289859,2.6572468577987878
201800034372,NonLethal,2018-08-25,15:05:00,Daylight,770,445,Yes,NoIntersection,Normal,Other,D50 - AV. 8 MAI 1945,M,48.603451177033975,2.6037866481417584
201800034373,NonLethal,2018-08-20,10:05:00,Daylight,770,251,Yes,NoIntersection,Normal,Other,Avant Scne (alle de l',M,48.61686115941492,2.618076118161146
201800034374,NonLethal,2018-09-14,14:00:00,Daylight,770,53,Yes,NoIntersection,Normal,2Vehicles-Side,JEAN JAURES (BOULEVARD),M,48.69266073035942,2.69302965232597
201800034375,NonLethal,2018-09-29,17:00:00,Daylight,770,445,Yes,NoIntersection,Normal,Other,CURIE (AVENUE PIERRE ET,M,48.606326243909855,2.6054173405127075
201800034378,NonLethal,2018-10-28,10:15:00,Daylight,770,296,Yes,NoIntersection,Normal,2Vehicles-BehindVehicles-Frontal,PHILIPPE BUR(AVENUE),M,48.628448403018616,2.6281894543750552
201800034379,Lethal,2018-10-31,18:02:00,NightNoStreetLight,770,114,No,NoIntersection,LightRain,Other,D471,M,48.72585071406007,2.7252178066917776
201800034380,NonLethal,2018-11-30,11:21:00,Daylight,770,53,Yes,NoIntersection,Normal,Other,GENERAL LECLERC (RUE DU),M,48.69170961820132,2.690196965068931
201800034381,NonLethal,2018-11-30,18:00:00,NightStreelightsOn,770,251,Yes,X-type,Normal,2Vehicles-BehindVehicles-Frontal,PIERRE POINT (AVENUE),M,48.6276153456688,2.627410928336241
201800034382,NonLethal,2018-05-12,07:55:00,TwilightOrDawn,770,445,Yes,Other,Normal,Other,VALLES (AVENUE JULES),M,48.593549301072585,2.593978608200989
201800034383,NonLethal,2018-12-15,08:31:00,Daylight,770,495,Yes,NoIntersection,Normal,2Vehicles-BehindVehicles-Frontal,D306,M,48.565499039872506,2.566365181287233
201800034384,NonLethal,2018-12-20,13:30:00,Daylight,770,122,Yes,NoIntersection,Normal,2Vehicles-Side,PABLO PICASSO(RUE),M,48.65993926299399,2.660476686390321
201800034386,NonLethal,2018-01-12,15:25:00,Daylight,770,210,No,NoIntersection,LightRain,2Vehicles-Behind,D605 - ROUTE DE PARIS,M,48.403173787335554,2.404406860118334
201800034387,NonLethal,2018-01-27,15:00:00,Daylight,770,210,Yes,X-type,Overcast,2Vehicles-Side,MORIOT CLOVIS (RUE),M,48.386365461220585,2.3855743280113475
201800034388,NonLethal,2018-01-29,13:16:00,Daylight,770,210,No,NoIntersection,Overcast,2Vehicles-Behind,RD 606,M,48.36276094163765,2.362148964368733
201800034389,NonLethal,2018-08-02,04:25:00,NightNoStreetLight,770,210,No,NoIntersection,SnowOrHail,Other,D605 (EX RN105),M,48.42887408299788,2.427931068202655
201800034390,NonLethal,2018-04-08,13:26:00,Daylight,770,210,No,T-type,Normal,2Vehicles-Side,D6O6 X D28A,M,48.36318683980228,2.3608651585799056
201800034393,NonLethal,2018-05-04,14:00:00,Daylight,770,409,No,X-type,Normal,2Vehicles-Side,D133 X RUE DE FORGES,M,48.41864868654721,2.419643851584893
201800034394,NonLethal,2018-06-13,12:25:00,Daylight,770,305,Yes,NoIntersection,Normal,Other,LAENNEC (AVENUE),M,48.3977748535958,2.399117598097348
201800034396,NonLethal,2018-08-25,23:57:00,NightStreelightsOn,770,305,Yes,NoIntersection,Normal,Other,D605 - NOUES (QUAI DES),M,48.382519744818325,2.379835332120768
201800034397,NonLethal,2018-09-05,17:45:00,Daylight,770,305,Yes,Other,Normal,Other,MARECHAL LECLERC (AVENUE,M,48.3814876467529,2.3829027804354577
201800034398,Lethal,2018-09-08,17:35:00,Daylight,770,194,No,X-type,Normal,2Vehicles-Side,D 67,M,48.42406595917565,2.4218317842705583
201800034399,NonLethal,2018-09-28,08:15:00,Daylight,770,305,Yes,NoIntersection,Other,Other,FAINCERIE (RUE DE LA),M,48.38550859655257,2.385010560570678
201800034400,NonLethal,2018-10-19,20:10:00,NightNoStreetLight,770,305,Yes,Other,Normal,Other,COLLINE SAINT MARTIN (AV,M,48.39719922345246,2.397771154351681
201800034401,NonLethal,2018-12-21,15:25:00,Daylight,770,409,No,NoIntersection,LightRain,2Vehicles-Side,CD 403,M,48.410873821665376,3.4107179801178904
201800034402,NonLethal,2018-12-22,17:50:00,NightNoStreetLight,770,279,No,NoIntersection,Normal,3+Vehicles-Chain,ROUTE DEPARTEMENTALE 411,M,48.38224271861977,3.382237640409929
201800034403,NonLethal,2018-03-01,10:00:00,Daylight,770,516,Yes,NoIntersection,StrongWindOrStorm,Other,"4, EGLISE (PLACE)",M,48.34113345719577,2.3442253709152907
201800034405,NonLethal,2018-09-15,22:30:00,NightNoStreetLight,770,516,No,NoIntersection,Normal,NoCollision,D 403,M,48.3517230925732,2.3509908613287345
201800034408,Lethal,2018-12-02,11:20:00,Daylight,770,316,No,NoIntersection,LightRain,2Vehicles-BehindVehicles-Frontal,D606  ROUTE DE MONTEREAU,M,48.36445991827481,2.365259455177901
201800034409,NonLethal,2018-08-02,08:30:00,Daylight,770,333,Yes,NoIntersection,Normal,Other,"59, CHERELLES (RUE DES)",M,48.2679347715066,2.268897204840003
201800034410,NonLethal,2018-02-12,18:50:00,NightStreelightsOn,770,370,No,T-type,Normal,3+Vehicles-Multiple,D607 X D40E SUD,M,48.22585559038947,2.228135533946579
201800034411,Lethal,2018-06-18,23:25:00,NightNoStreetLight,770,156,No,NoIntersection,Normal,2Vehicles-Behind,D240,M,48.278213812829726,2.277007457189402
201800034413,NonLethal,2018-08-25,16:00:00,Daylight,770,458,No,T-type,Normal,Other,D207 X D52E,M,48.181739028406334,2.177664583781364
201800034414,NonLethal,2018-03-01,06:00:00,NightStreelightsOn,770,169,No,NoIntersection,StrongWindOrStorm,2Vehicles-BehindVehicles-Frontal,EUROPE (AVENUE DE L'),M,48.82824236710928,2.8283755376124766
201800034415,NonLethal,2018-01-05,22:25:00,NightStreelightsOn,770,337,Yes,NoIntersection,Normal,Other,"2, CHATEAU (COURS DU)",M,48.853130091880736,2.85395005265016
201800034416,NonLethal,2018-05-01,19:35:00,NightStreelightsOn,770,83,Yes,T-type,Normal,2Vehicles-BehindVehicles-Frontal,"40, NESLE (BOULEVARD DE)",M,48.848584577549126,2.8489900307906937
201800034417,NonLethal,2018-01-13,18:08:00,NightStreelightsOn,770,169,No,T-type,Normal,2Vehicles-Side,D406 X AV. EUROPE,M,48.82527831393582,2.824405296438494
201800034419,NonLethal,2018-01-16,07:10:00,NightStreelightsOn,770,121,Yes,X-type,Normal,Other,", CHARTIER (Avenue Miche",M,48.83443285593851,2.835148501299565
201800034420,NonLethal,2018-01-22,07:19:00,NightStreelightsOn,770,121,Yes,NoIntersection,LightRain,NoCollision,CHARTIER (Avenue Michel),M,48.83038086183738,2.831965007809059
201800034421,NonLethal,2018-01-17,17:56:00,NightStreelightsOn,770,83,Yes,T-type,Normal,NoCollision,ALSACE (RUE D'),M,48.85225783398794,2.8528290119511994
201800034422,NonLethal,2018-01-25,15:59:00,Daylight,770,83,Yes,X-type,LightRain,NoCollision,D370 X BD. NESLES,M,48.84837675108098,2.84838318007964
201800034423,NonLethal,2018-01-27,12:42:00,Daylight,770,337,Yes,T-type,Normal,2Vehicles-Side,D10P - SALVADOR ALLENDE,M,48.84326384028408,2.8431247023355177
201800034425,NonLethal,2018-02-21,11:55:00,Daylight,770,121,Yes,NoIntersection,Normal,NoCollision,"14, PRES LONGUETS (AVENU",M,48.8335276051275,2.8351204026320467
201800034426,NonLethal,2018-02-21,12:30:00,Daylight,770,169,No,T-type,Normal,3+Vehicles-Multiple,D406 X AV. EUROPE,M,48.8275953083296,2.8256689367552354
201800034428,NonLethal,2018-03-16,17:30:00,Daylight,770,169,Yes,NoIntersection,Normal,Other,EMERY (RUE D'),M,48.81150253358538,2.8130199043240904
201800034429,NonLethal,2018-03-21,18:05:00,Daylight,770,468,Yes,T-type,Normal,2Vehicles-Side,D128 X R. MENDES FRANCE,M,48.83824329575103,2.8365489708499285
201800034430,NonLethal,2018-03-29,10:20:00,Daylight,770,146,No,Roundabout,Normal,Other,D10P - AV.SOUBRIARDE,M,48.83155694812293,2.8318811066470766
201800034431,NonLethal,2018-04-01,10:58:00,Daylight,770,468,No,NoIntersection,LightRain,Other,LEO LAGRANGE (RUE),M,48.862686429738766,2.8632659522457056
201800034432,NonLethal,2018-05-04,16:50:00,Daylight,770,337,Yes,NoIntersection,Normal,2Vehicles-BehindVehicles-Frontal,D10P -BD PIERRE CARLE,M,48.856704750674325,2.856682877384097
201800034433,NonLethal,2018-06-04,17:12:00,Daylight,770,337,Yes,T-type,Normal,2Vehicles-Behind,D10P - BD S. ALLENDE,M,48.84701554123636,2.846325296233416
201800034435,NonLethal,2018-04-08,16:08:00,Daylight,770,146,Yes,T-type,Normal,2Vehicles-Behind,D1406 X ALLEE 1er MAI,M,48.825062612077424,2.823663178290505
201800034439,NonLethal,2018-04-29,20:00:00,TwilightOrDawn,770,258,No,Roundabout,LightRain,Other,SOUBRIARDE (AVENUE DE LA,M,48.83327969473553,2.8314488130725097
201800034440,NonLethal,2018-04-30,14:55:00,Daylight,770,121,Yes,T-type,LightRain,2Vehicles-Side,CENTRE COMMERCIAL REGION,M,48.83832766650962,2.836206276429961
201800034441,NonLethal,2018-03-05,16:10:00,Daylight,770,83,Yes,Roundabout,Normal,2Vehicles-Side,PYRAMIDES (AVENUE DES),M,48.8524648740646,2.852414709562036
201800034442,NonLethal,2018-01-06,15:45:00,Daylight,770,468,Yes,T-type,Normal,2Vehicles-Side,SALVADOR ALLENDE (AVENUE,M,48.84438802730372,2.843658338611621
201800034443,NonLethal,2018-06-06,11:35:00,Daylight,770,337,Yes,T-type,Normal,2Vehicles-Side,ARCHE GUEDON (COURS DE L,M,48.85281805256731,2.851652895121234
201800034444,NonLethal,2018-11-06,13:15:00,Daylight,770,121,Yes,T-type,HeavyRain,Other,JEAN MONNET (RUE),M,48.830039854522674,2.831570191994572
201800034445,NonLethal,2018-06-12,20:40:00,Daylight,770,121,Yes,X-type,Overcast,2Vehicles-Side,GENERAL DE GAULLE (RUE D,M,48.83915087425724,2.8390994741631697
201800034446,NonLethal,2018-06-13,17:25:00,Daylight,770,146,Yes,T-type,Normal,2Vehicles-Behind,PREMIER MAI (ALLEE DU),M,48.8240623030604,2.8243217947249217
201800034447,NonLethal,2018-06-23,20:03:00,Daylight,770,83,Yes,NoIntersection,Normal,Other,REPUBLIQUE (BOULEVARD DE,M,48.85503477390411,2.856935855510024
201800034448,NonLethal,2018-01-07,20:35:00,Daylight,770,83,Yes,X-type,Normal,2Vehicles-Side,D51 X RUE DE PARIS,M,48.852419099828126,2.8513269918523765
201800034449,NonLethal,2018-07-07,18:50:00,Daylight,770,468,Yes,Y-type,Normal,2Vehicles-Behind,D199 X D128,M,48.84474347024669,2.844619320522285
201800034450,NonLethal,2018-08-07,13:20:00,Daylight,770,373,No,Other,Normal,2Vehicles-Side,N4 X BRET.ACCES C.C.,M,48.77560896794053,2.7741574589077027
201800034451,NonLethal,2018-07-13,19:00:00,Daylight,770,337,Yes,NoIntersection,Normal,2Vehicles-Behind,ROCHES (COURS DES),M,48.84779319686664,2.846780992897479
201800034452,NonLethal,2018-08-28,06:15:00,TwilightOrDawn,770,337,Yes,NoIntersection,Normal,3+Vehicles-Multiple,D10P - BD PIERRE CARLE,M,48.85315477209196,2.854735483116671
201800034453,NonLethal,2018-09-20,17:10:00,Daylight,770,169,Yes,NoIntersection,Normal,Other,EMERY (RUE D'),M,48.81391856316223,2.811455848278489
201800034454,NonLethal,2018-09-24,20:15:00,NightStreelightsOn,770,169,Yes,NoIntersection,Normal,2Vehicles-BehindVehicles-Frontal,BEAUBOURG (BOULEVARD DE),M,48.81521699329331,2.8154987750938414
201800034456,NonLethal,2018-10-16,18:19:00,Daylight,770,258,Yes,NoIntersection,Normal,Other,SEGRAIS (BOULEVARD DU),M,48.83330840503364,2.834507179916537
201800034457,NonLethal,2018-12-11,15:50:00,Daylight,770,83,Yes,X-type,Normal,2Vehicles-BehindVehicles-Frontal,COPERNIC (BOULEVARD),M,48.84240314511718,2.844211734163637
201800034458,NonLethal,2018-11-15,01:45:00,NightStreelightsOn,770,146,Yes,NoIntersection,Normal,Other,VIEILLES VIGNES (RUE DES,M,48.818448625927296,2.8161865602276226
201800034459,NonLethal,2018-11-21,11:00:00,Daylight,770,83,Yes,Roundabout,Normal,2Vehicles-Side,PYRAMIDES (AVENUE DES),M,48.85075549731561,2.849262419491771
201800034461,NonLethal,2018-12-16,13:59:00,Daylight,770,468,Yes,NoIntersection,LightRain,Other,LINGENFELD (AVENUE DE),M,48.844846729706745,2.8450540982993173
201800034462,NonLethal,2018-12-13,16:56:00,Daylight,770,83,Yes,NoIntersection,Normal,2Vehicles-Side,PABLO PICASSO (PLACE),M,48.842214735577855,2.8414876934061764
201800034463,NonLethal,2018-12-22,02:20:00,NightStreelightsOn,770,258,Yes,Other,Normal,2Vehicles-Behind,D1406 X ACCES ENTREPRISE,M,48.8249460644566,2.825050745596377
201800034465,NonLethal,2018-01-13,12:40:00,Daylight,770,350,Yes,NoIntersection,Overcast,Other,"04, PONTAULT (RUE DE)",M,48.77292506648596,2.7705457089855385
201800034466,NonLethal,2018-01-31,08:00:00,TwilightOrDawn,770,249,Yes,NoIntersection,Normal,Other,HYVERNEAUX  (AVENUE DES),M,48.73134706612433,2.732341177108181
201800034467,NonLethal,2018-04-02,15:45:00,Daylight,770,373,Yes,NoIntersection,Normal,Other,"33, TULIPES (AVENUE DES)",M,48.79263996736926,2.7919461219042967
201800034468,NonLethal,2018-02-28,14:10:00,Daylight,770,215,No,NoIntersection,Normal,2Vehicles-Behind,RN4 HORS AGGLOMERATION,M,48.73439880887025,2.734000939338145
201800034469,NonLethal,2018-03-04,20:15:00,NightStreelightsOn,770,390,Yes,NoIntersection,Normal,Other,PREMIERE AVENUE,M,48.77954856983192,2.7805232745994
201800034470,NonLethal,2018-10-03,13:59:00,Daylight,770,373,Yes,Other,Normal,Other,"D604  4, PARIS (RUE DE )",M,48.77443884255734,2.7761815085475945
201800034471,Lethal,2018-09-04,15:00:00,Daylight,770,373,Yes,Other,LightRain,2Vehicles-Side,RN4,M,48.771548424619176,2.774241462415241
201800034473,NonLethal,2018-04-24,20:25:00,Daylight,770,373,Yes,NoIntersection,Normal,Other,BERCHERES (RUE DES),M,48.78450061506973,2.784220846595593
201800034475,Lethal,2018-05-05,18:31:00,Daylight,770,215,No,NoIntersection,Normal,Other,RN4 HORS AGGLOMERATION,M,48.73507690654874,2.7326151523114137
201800034476,NonLethal,2018-06-05,18:39:00,Daylight,770,374,No,Roundabout,Normal,2Vehicles-Side,D471 X D35,M,48.80764879530767,2.8098643496171896
201800034478,NonLethal,2018-08-06,23:40:00,NightStreelightsOn,770,350,Yes,X-type,Normal,NoCollision,MAURICE CHEVALIER (AVENU,M,48.76562994255642,2.7644697294879865
201800034479,NonLethal,2018-07-06,18:48:00,Daylight,770,350,Yes,X-type,Normal,2Vehicles-Behind,AV.ROND BUISSON/V.HUGO,M,48.77500749892163,2.773106190317571
201800034480,NonLethal,2018-06-21,18:20:00,Daylight,770,390,Yes,T-type,Normal,NoCollision,D361 X RUE 50 ARPENTS,M,48.79692986063141,2.797587384659238
201800034481,NonLethal,2018-06-22,22:00:00,NightNoStreetLight,770,215,No,NoIntersection,Normal,2Vehicles-Behind,RN4 HORS AGGLOMERATION,M,48.735317373343975,2.735261621262829
201800034483,NonLethal,2018-06-07,00:05:00,NightNoStreetLight,770,350,No,NoIntersection,Normal,NoCollision,CHEVRY (RUE DE),M,48.75216870151666,2.7489309896442
201800034484,NonLethal,2018-07-11,01:20:00,NightNoStreetLight,770,350,No,NoIntersection,Normal,Other,D35 - CHEVRY (RUE DE),M,48.75076794534323,2.749462947734908
201800034485,NonLethal,2018-07-31,08:40:00,Daylight,770,373,Yes,Other,VeryGood,Other,REPUBLIQUE (AV. DE LA),M,48.801486167260784,2.800488597600504
201800034486,NonLethal,2018-07-28,15:15:00,Daylight,770,373,No,NoIntersection,Normal,NoCollision,CD 51,M,48.76380008540311,2.763002494129637
201800034487,NonLethal,2018-08-22,17:55:00,Daylight,770,373,Yes,X-type,Normal,2Vehicles-Side,RUES BELFORTxCROISSY,M,48.80658118555555,2.8063564507836016
201800034488,NonLethal,2018-08-28,20:00:00,TwilightOrDawn,770,373,Yes,NoIntersection,Normal,2Vehicles-Side,PRES ST MARTIN (RUE DES),M,48.789191906505806,2.79032905066648
201800034489,NonLethal,2018-09-06,23:00:00,NightNoStreetLight,770,350,No,T-type,Normal,2Vehicles-Side,CD 471,M,48.75471817071951,2.7558543520165157
201800034490,NonLethal,2018-09-30,12:25:00,Daylight,770,390,Yes,T-type,Normal,Other,MONET CHEVALIER DE LAMAR,M,48.80032347811994,2.802927756273446
201800034491,NonLethal,2018-02-10,15:05:00,Daylight,770,373,Yes,NoIntersection,Normal,Other,REPUBLIQUE (AV. DE LA),M,48.80202174413558,2.8037548593789627
201800034492,NonLethal,2018-10-10,18:50:00,TwilightOrDawn,770,373,No,NoIntersection,Normal,2Vehicles-Behind,RN4 HORS AGGLOMERATION,M,48.77847702447168,2.777587229180539
201800034493,NonLethal,2018-10-20,12:15:00,Daylight,770,350,Yes,NoIntersection,Normal,Other,AUGUSTE HUDIER (RUE),M,48.76520328800904,2.7667646356712368
201800034494,NonLethal,2018-10-26,02:00:00,NightStreelightsOn,770,249,Yes,NoIntersection,Overcast,Other,PETIT PONT  (RUE DU),M,48.74558351247183,2.7441225845548582
201800034496,NonLethal,2018-11-01,01:00:00,NightStreelightsOn,770,350,No,X-type,Overcast,2Vehicles-Side,D471 X D350,M,48.7579773564003,2.753768190614441
201800034498,NonLethal,2018-11-08,20:35:00,NightStreelightsOn,770,390,Yes,T-type,Normal,Other,D21 X AV. FAISANDERIE,M,48.7903229977698,2.7899973466197823
201800034500,NonLethal,2018-11-23,22:30:00,NightNoStreetLight,770,215,No,NoIntersection,HeavyRain,NoCollision,RN4 HORS AGGLOMERATION,M,48.73436672831489,2.7334782257356767
201800034501,NonLethal,2018-11-25,15:20:00,Daylight,770,373,No,NoIntersection,LightRain,2Vehicles-Behind,RN4 HORS AGGLOMERATION,M,48.77302027977192,2.774627765197054
201800034502,NonLethal,2018-04-12,08:00:00,TwilightOrDawn,770,390,Yes,NoIntersection,LightRain,Other,D361 - AV. LA MALIBRAN,M,48.7986216493137,2.799250551293765
201800034503,NonLethal,2018-12-06,16:40:00,Daylight,770,390,Yes,NoIntersection,Normal,2Vehicles-BehindVehicles-Frontal,JOSEPH BODIN DE BOISMORT,M,48.79863754006775,2.8009027401184947
201800034504,NonLethal,2018-12-12,20:05:00,NightStreelightsOn,770,350,Yes,T-type,Normal,2Vehicles-Side,ROUTE DE ROISSY,M,48.77113558544435,2.7717188878109287
201800034505,NonLethal,2018-12-18,08:00:00,TwilightOrDawn,770,390,Yes,NoIntersection,Normal,Other,MALIBRAN (AVENUE DE LA),M,48.79333919292963,2.7939329338907246
201800034506,NonLethal,2018-12-29,21:20:00,NightStreelightsOn,770,373,Yes,T-type,LightRain,2Vehicles-BehindVehicles-Frontal,BERCHERES (RUE DES),M,48.778928920172696,2.78220750130972
201800034507,NonLethal,2018-02-24,18:35:00,TwilightOrDawn,770,368,No,NoIntersection,Normal,2Vehicles-BehindVehicles-Frontal,D403,M,48.543911400402685,3.543579792347303
201800034508,NonLethal,2018-03-24,11:25:00,Daylight,770,379,Yes,NoIntersection,Normal,Other,"34, HUGUES LEGRAND (RUE)",M,48.55967607942201,3.559243329653216
201800034510,Lethal,2018-07-18,23:45:00,NightNoStreetLight,770,403,No,Other,Normal,NoCollision,CR latral dit de l'tan,M,48.55637454799821,3.5578833644794017
201800034511,NonLethal,2018-10-09,07:24:00,TwilightOrDawn,770,459,No,Other,Normal,Other,Route Dpartementale 619,M,48.5526766365279,3.551393569719372
201800034512,Lethal,2018-11-05,19:45:00,NightNoStreetLight,770,379,No,NoIntersection,Normal,3+Vehicles-Multiple,DEPARTEMENTALE 231,M,48.572188799642845,3.572523722751727
201800034513,NonLethal,2018-01-21,18:00:00,NightStreelightsOn,770,514,Yes,NoIntersection,LightRain,Other,"108, EUGENE VARLIN (AVEN",M,48.948191392520414,2.94885873262649
201800034514,NonLethal,2018-12-27,19:10:00,NightStreelightsOn,770,514,Yes,NoIntersection,Normal,2Vehicles-Side,MARCEL SEMBAT (BOULEVARD,M,48.951799556601145,2.9519267283097093
201800034515,Lethal,2018-02-16,07:13:00,NightNoStreetLight,770,123,No,Roundabout,Overcast,NoCollision,CD 212,M,48.996025696600434,2.9972797855764477
201800034517,NonLethal,2018-04-18,16:50:00,Daylight,770,118,No,T-type,Normal,2Vehicles-Side,DEPARTEMENTAL 212 (ROUTE,M,48.95678283598597,2.958034291060708
201800034518,Lethal,2018-05-18,16:50:00,Daylight,770,291,No,Y-type,Normal,2Vehicles-Side,N1104 X ROUTE DE CLAYE,M,49.014102939327465,2.015222490106821
201800034519,NonLethal,2018-05-27,01:30:00,NightNoStreetLight,770,514,No,Other,Normal,Other,D603 X BRET. SORTIE D105,M,48.93662091070062,2.9372409829676758
201800034520,NonLethal,2018-05-24,11:10:00,Daylight,770,514,Yes,NoIntersection,Normal,2Vehicles-Behind,ARISTIDE BRIAND (AVENUE),M,,
201800034521,NonLethal,2018-07-06,15:15:00,Daylight,770,291,No,X-type,Normal,2Vehicles-Behind,PERICHET (RUE),M,49.02101663057499,2.01845504669961
201800034522,NonLethal,2018-07-06,16:40:00,Daylight,770,514,Yes,NoIntersection,Normal,Other,JULES GUESDES (RUE),M,48.94246867137869,2.9424760572334723
201800034524,NonLethal,2018-06-19,17:50:00,Daylight,770,462,Yes,NoIntersection,Normal,2Vehicles-Side,TROIS VILLES (RUE DES),M,49.006610786687446,2.0059059690755605
201800034525,NonLethal,2018-06-26,07:20:00,Daylight,770,514,No,Other,VeryGood,Other,ROUTE NATIONALE 3,M,48.93704932692489,2.9356787465165035
201800034526,NonLethal,2018-06-29,15:15:00,Daylight,770,294,Yes,X-type,Normal,2Vehicles-Side,VERDUN (AVENUE DE),M,48.95669545985514,2.954284331838435
201800034527,NonLethal,2018-07-01,22:35:00,NightNoStreetLight,770,462,No,Other,Normal,3+Vehicles-Chain,ROUTE NATIONALE 2,M,49.00245004473799,2.00369953590345