AccidentId,Gravity,Date,Hour,Light,Department,Commune,InAgglomeration,IntersectionType,Weather,CollisionType,PostalAddress,GPSCode,Latitude,Longitude
201800034528,NonLethal,2018-09-07,17:35:00,Daylight,770,294,No,Roundabout,Normal,2Vehicles-Side,CD84,M,48.97699906771968,2.975895284555019
201800034529,NonLethal,2018-10-07,01:45:00,NightNoStreetLight,770,123,No,Roundabout,Normal,NoCollision,N1104 X D212,M,48.99719726039062,2.996805509161131
201800034530,NonLethal,2018-07-18,22:15:00,NightStreelightsOn,770,294,Yes,NoIntersection,Normal,Other,D84A4 - R.VILLEPARISIS,M,48.97591654069621,2.976091138380064
201800034531,NonLethal,2018-07-20,16:20:00,Daylight,770,294,No,NoIntersection,Normal,2Vehicles-Side,RN 2,M,48.98654026080522,2.9884285325654307
201800034532,NonLethal,2018-07-20,19:20:00,Daylight,770,294,No,NoIntersection,HeavyRain,3+Vehicles-Chain,RN 2,M,48.97453520858854,2.976502267429552
201800034533,Lethal,2018-07-22,21:29:00,TwilightOrDawn,770,514,No,NoIntersection,Normal,Other,ROUTE NATIONALE 3,M,48.93707041324317,2.935570547806257
201800034535,NonLethal,2018-07-30,20:40:00,Daylight,770,514,Yes,T-type,Normal,2Vehicles-Side,ARISTIDE BRIAND (AVENUE),M,48.95009183623599,2.950705453833256
201800034536,NonLethal,2018-08-01,14:05:00,Daylight,770,291,No,Y-type,Normal,2Vehicles-Side,N1104 X ROUTE DE CLAYE,M,49.0144664965765,2.012149456497224
201800034539,NonLethal,2018-04-08,15:20:00,Daylight,770,294,Yes,NoIntersection,Normal,2Vehicles-Side,RENE CASSIN (RUE),M,48.97031286600855,2.9703694499074214
201800034541,NonLethal,2018-08-09,09:35:00,Daylight,770,118,No,Other,LightRain,2Vehicles-BehindVehicles-Frontal,D34E X BRET. N3 PARIS,M,48.94408695755536,2.941204543635489
201800034542,NonLethal,2018-08-10,18:30:00,Daylight,770,294,No,NoIntersection,Normal,2Vehicles-Behind,D 9,M,48.973589828385705,2.974163614661614
201800034543,NonLethal,2018-08-21,06:20:00,TwilightOrDawn,770,514,Yes,Roundabout,Normal,Other,RENEUSE (RUE DE LA),M,48.95223753999398,2.952801423889116
201800034544,NonLethal,2018-08-25,15:30:00,Daylight,770,332,No,NoIntersection,Overcast,2Vehicles-Behind,D9 - R. DES TROIS VILLES,M,49.00879443398132,2.007748927946547
201800034545,NonLethal,2018-08-26,01:20:00,NightNoStreetLight,770,118,No,NoIntersection,Normal,Other,ROUTE NATIONALE 3,M,48.94042841186184,2.9419393249193577
201800034547,NonLethal,2018-08-30,19:00:00,Daylight,770,294,No,NoIntersection,Overcast,2Vehicles-Behind,RN 2,M,48.98714276962284,2.98573853482142
201800034548,NonLethal,2018-01-09,11:00:00,Daylight,770,118,Yes,Other,Normal,NoCollision,DEPARTEMENTAL 212 (ROUTE,M,48.9443679752865,2.945118057039193
201800034549,NonLethal,2018-09-02,13:25:00,Daylight,770,123,No,Other,Normal,Other,N1104/Bretelle,M,49.00183984631379,2.0016985094292634
201800034550,NonLethal,2018-02-09,18:40:00,Daylight,770,514,Yes,NoIntersection,Normal,Other,JEAN JAURES (RUE),M,48.93891694431567,2.940578316410929
201800034551,NonLethal,2018-05-09,09:40:00,Daylight,770,294,No,Roundabout,Overcast,2Vehicles-Side,RD84 X BRET. A104 NORD,M,48.96504303681197,2.966340394694624
201800034552,NonLethal,2018-09-15,00:01:00,NightStreelightsOn,770,292,Yes,X-type,Normal,2Vehicles-Side,MOULIGNON (RUE DE),M,48.9672250125396,2.966185834508172
201800034553,NonLethal,2018-09-16,22:30:00,NightNoStreetLight,770,123,No,Roundabout,Normal,NoCollision,N1104 X D212,M,48.99656231884983,2.996044120721617
201800034554,NonLethal,2018-09-18,09:25:00,Daylight,770,514,No,NoIntersection,Normal,3+Vehicles-Chain,ROUTE NATIONALE 3,M,48.94144237447893,2.9429225522254794
201800034555,NonLethal,2018-09-20,14:45:00,Daylight,770,462,Yes,NoIntersection,Normal,NoCollision,D9 - R. DES TROIS VILLES,M,49.00928123229474,2.0081260746944607
201800034556,NonLethal,2018-09-21,01:45:00,NightNoStreetLight,770,514,Yes,T-type,Overcast,2Vehicles-Side,D105 X CH. DE COURONNE,M,48.93744319408548,2.9379077518474705
201800034557,NonLethal,2018-09-24,06:55:00,TwilightOrDawn,770,123,No,Roundabout,Normal,2Vehicles-Behind,N11O4 X D212,M,48.996390614142896,2.996529849657924
201800034558,NonLethal,2018-09-28,18:50:00,Daylight,770,123,No,NoIntersection,Normal,3+Vehicles-Chain,CD 212,M,48.97550478257699,2.975306016698772
201800034560,NonLethal,2018-08-10,23:29:00,NightNoStreetLight,770,514,Yes,Y-type,Normal,2Vehicles-BehindVehicles-Frontal,JEAN MONNET (AVENUE),M,48.93992858287355,2.939735924022587
201800034561,NonLethal,2018-10-13,07:45:00,TwilightOrDawn,770,294,Yes,Other,Normal,Other,ENTREPRENEURS (AVENUE),M,48.95460653320576,2.95292147577955
201800034562,NonLethal,2018-10-17,07:00:00,NightStreelightsOn,770,514,Yes,Y-type,Normal,Other,8 MAI 1945 (AVENUE DU),M,48.93841210171036,2.9333485261218897
201800034563,NonLethal,2018-10-19,08:40:00,Daylight,770,118,Yes,T-type,Normal,2Vehicles-Side,DEPARTEMENTAL 212 (ROUTE,M,48.94486245738677,2.941421451368332
201800034564,NonLethal,2018-10-31,09:00:00,Daylight,770,462,No,NoIntersection,Normal,2Vehicles-Behind,ROUTE NATIONALE 2,M,49.0239469198711,2.0235159129325866
201800034565,NonLethal,2018-10-31,12:35:00,Daylight,770,294,No,Other,Normal,Other,CD84,M,48.96788584467576,2.9666787293111856
201800034566,NonLethal,2018-04-11,01:10:00,NightNoStreetLight,770,292,Yes,NoIntersection,FogOrSmoke,NoCollision,D139,M,48.96551497735324,2.9651039037491715
201800034567,NonLethal,2018-05-11,05:40:00,NightNoStreetLight,770,462,No,NoIntersection,Normal,2Vehicles-Behind,ROUTE NATIONALE 2,M,49.02618712511431,2.026574632167364
201800034568,NonLethal,2018-11-10,00:01:00,NightNoStreetLight,770,118,Yes,NoIntersection,Normal,Other,PARKING C. COMMERCIAL,M,48.944736421220426,2.94567224322108
201800034570,NonLethal,2018-11-09,17:30:00,NightStreelightsOn,770,292,Yes,X-type,Normal,2Vehicles-Side,D139 X D404,M,48.96708628894503,2.967044886413664
201800034571,NonLethal,2018-11-16,00:01:00,NightNoStreetLight,770,123,No,Roundabout,FogOrSmoke,Other,CD 212,M,48.997063307932606,2.9976210373116468
201800034572,NonLethal,2018-11-19,18:15:00,NightStreelightsOn,770,294,Yes,X-type,Normal,2Vehicles-Side,D84 X AV DES FRENES,M,48.95560889182728,2.956513474676577
201800034573,NonLethal,2018-11-19,18:35:00,NightStreelightsOn,770,118,No,Other,Overcast,2Vehicles-Behind,BRET. N3 PARIS X D34E,M,48.9442176394762,2.94216537420718
201800034574,NonLethal,2018-12-11,17:30:00,NightNoStreetLight,770,294,No,T-type,Normal,3+Vehicles-Multiple,RTE PERIPH. SUD X D84,M,48.99128441528785,2.993080483658718
201800034575,NonLethal,2018-12-12,16:40:00,TwilightOrDawn,770,294,No,NoIntersection,Overcast,2Vehicles-Behind,D 9,M,48.97514707548524,2.9732101662743053
201800034576,NonLethal,2018-12-12,20:20:00,NightStreelightsOn,770,294,Yes,NoIntersection,Normal,2Vehicles-Side,D84 - AV. J. B. CLEMENT,M,48.95797116205917,2.9569900454340448
201800034577,NonLethal,2018-12-17,08:30:00,Daylight,770,514,Yes,T-type,Normal,Other,D105 X AV. 18 MAI 1945,M,48.94055743392175,2.939077623001811
201800034578,NonLethal,2018-12-17,10:30:00,Daylight,770,294,Yes,NoIntersection,Normal,Other,D139 - CLAYE (ROUTE DE),M,48.97117027299867,2.971049046309586
201800034579,NonLethal,2018-12-18,11:00:00,Daylight,770,123,No,NoIntersection,Normal,3+Vehicles-Chain,CD 212,M,48.98603877632941,2.986592757475198
201800034581,NonLethal,2018-12-23,12:20:00,Daylight,770,118,No,Other,Normal,2Vehicles-Behind,D34E X BRET. N3 PARIS,M,48.94305392748862,2.9430045336289323
201800034582,NonLethal,2018-12-25,15:05:00,Daylight,770,514,Yes,X-type,Normal,NoCollision,LIBERATION (RUE DE LA),M,48.947556674069446,2.945945098550129
201800034583,NonLethal,2018-01-21,18:00:00,NightNoStreetLight,780,672,No,T-type,LightRain,Other,ORGEVAL ROUTE D',M,48.93016161718712,1.9303889002317107
201800034584,NonLethal,2018-01-18,11:40:00,Daylight,780,498,Yes,Other,LightRain,2Vehicles-Side,"22, GAMBETTA Bd",M,48.930282357238426,2.930653110336193
201800034585,NonLethal,2018-01-15,15:10:00,Daylight,780,498,Yes,NoIntersection,LightRain,2Vehicles-Behind,"1, QUATORZE JUILLETCOURS",M,48.86129858123242,2.863258640778628
201800034586,NonLethal,2018-02-20,20:15:00,NightNoStreetLight,780,498,Yes,NoIntersection,LightRain,Other,"1, MALADRERIE AV DE LA",M,48.86315867707121,2.863312327694303
201800034588,NonLethal,2018-02-26,09:50:00,Daylight,780,643,Yes,T-type,Normal,2Vehicles-Side,TRIEL AVENUE DE,M,48.97792551507198,1.97789236535765
201800034589,NonLethal,2018-01-12,21:30:00,NightStreelightsOn,780,498,Yes,X-type,Normal,2Vehicles-Side,URSULINES AV DES,M,48.92634089497364,2.92531892075001
201800034590,NonLethal,2018-10-03,11:20:00,Daylight,780,123,Yes,NoIntersection,LightRain,Other,"124, BERTAUX RUE MAURICE",M,48.94225244424241,2.9419236041928034
201800034591,NonLethal,2018-02-16,07:40:00,NightStreelightsOn,780,498,Yes,Other,Normal,Other,"25, CEP AVENUE DU",M,48.55464083657774,2.554835926531234
201800034592,NonLethal,2018-02-18,06:50:00,NightStreelightsOn,780,498,Yes,T-type,Normal,Other,MALADRERIE AV DE LA,M,48.91758680498099,2.916555784004244
201800034593,NonLethal,2018-10-02,19:00:00,Daylight,780,123,Yes,T-type,Normal,2Vehicles-Side,REINE BLANCHE RUE,M,48.9438067450054,2.9432791721399654
201800034594,NonLethal,2018-03-10,16:05:00,Daylight,780,498,Yes,NoIntersection,Normal,3+Vehicles-Multiple,"27, MIGNEAUX RUE DE",M,48.92021783042734,2.9197520908501344
201800034595,NonLethal,2018-03-30,00:01:00,NightStreelightsOn,780,384,Yes,NoIntersection,Normal,Other,AULNES  (RUE DES),M,48.57230196828938,1.5708933644309673
201800034596,NonLethal,2018-04-30,13:10:00,Daylight,780,138,Yes,NoIntersection,Other,Other,,M,48.98073924866687,2.980457507325574
201800034597,NonLethal,2018-03-19,08:00:00,Daylight,780,498,No,NoIntersection,Other,Other,PONTOISE AV DE,M,48.94478000868737,2.94546473316402
201800034598,NonLethal,2018-04-25,15:45:00,Daylight,780,123,Yes,Other,Normal,Other,Mac Donald's,M,48.94251132662248,2.943332011252384
201800034599,NonLethal,2018-05-19,20:00:00,Daylight,780,138,No,NoIntersection,Normal,Other,place de l'Eté Vert,M,49.00085873397448,2.998247169614989
201800034600,NonLethal,2018-05-20,01:23:00,NightStreelightsOn,780,123,Yes,NoIntersection,Normal,NoCollision,JOLLY RUE ERNEST,M,48.943438960510406,2.939898798750035
201800034601,NonLethal,2018-05-11,17:50:00,Daylight,780,624,Yes,Other,Normal,2Vehicles-BehindVehicles-Frontal,FRERES LEIRIS RUE DES,M,48.99518103190111,2.99542530081486
201800034602,NonLethal,2018-06-05,08:35:00,Daylight,780,642,Yes,Roundabout,LightRain,NoCollision,ROUILLARD CHEMIN DU,M,48.99868686295781,2.9984339471335604
201800034603,NonLethal,2018-06-05,19:50:00,Daylight,780,642,Yes,NoIntersection,Normal,2Vehicles-Side,MEULAN ROUTE DE CD154,M,48.98357900251255,1.984204543981397
201800034604,NonLethal,2018-06-06,15:15:00,Daylight,780,498,Yes,NoIntersection,Normal,2Vehicles-Behind,ROBESPIERRE BD,M,48.93277641430308,2.9339331042179704
201800034605,NonLethal,2018-06-12,19:50:00,Daylight,780,643,No,Other,Normal,Other,RD 1,M,48.96545683395568,1.9660797563422208
201800034606,Lethal,2018-06-15,10:55:00,Daylight,780,15,Yes,NoIntersection,Normal,NoCollision,OISE (QUAI DE L'),M,48.99262422666373,2.990324603173147
201800034607,NonLethal,2018-06-10,15:00:00,Daylight,780,498,Yes,NoIntersection,Normal,2Vehicles-BehindVehicles-Frontal,RD30,M,48.5553609703294,2.5532543237779706
201800034608,NonLethal,2018-06-26,17:50:00,Daylight,780,642,Yes,NoIntersection,Normal,2Vehicles-Side,ROSIERS RUE DES,M,48.98573066942837,1.9845262227943128
201800034609,NonLethal,2018-06-26,21:25:00,Daylight,780,498,Yes,NoIntersection,Normal,Other,LEFEBVRE AV FERNAND,M,48.92739611274968,2.9252225635734463
201800034610,NonLethal,2018-06-29,10:30:00,Daylight,780,172,Yes,X-type,Normal,2Vehicles-Side,FRANCE (RUE ANATOLE),M,48.99931686556386,1.998655427548525
201800034611,NonLethal,2018-12-13,22:00:00,NightStreelightsOn,780,624,Yes,T-type,Normal,2Vehicles-Side,DOUMER RUE PAUL,M,48.979117732085,2.977104128544691
201800034613,NonLethal,2018-11-07,01:15:00,NightStreelightsOn,780,123,Yes,X-type,Normal,2Vehicles-Behind,EUROPE (RN 190) AVENUE D,M,48.94190834349248,2.9402315180785346
201800034614,NonLethal,2018-07-13,12:07:00,Daylight,780,384,No,Other,Normal,Other,RENARDIERES (RUE DES),M,48.94818864755396,1.9486780952189693
201800034615,NonLethal,2018-07-15,23:35:00,NightNoStreetLight,780,672,No,X-type,Normal,2Vehicles-BehindVehicles-Frontal,CD 154,M,48.94328270260383,1.945262721389648
201800034616,NonLethal,2018-08-01,19:50:00,Daylight,780,642,Yes,T-type,Normal,2Vehicles-Side,SEINE BOULEVARD DE LA,M,48.8619390695165,2.8616700624290656
201800034617,NonLethal,2018-09-07,18:17:00,Daylight,780,5,Yes,T-type,Normal,2Vehicles-Side,THOREZ (AVENUE MAURICE),M,48.96647260199683,2.965358146075598
201800034618,NonLethal,2018-12-09,21:30:00,NightStreelightsOn,780,123,Yes,T-type,Normal,Other,EUROPE (RN 190) AVENUE D,M,48.94015528893471,2.939669977148103
201800034619,NonLethal,2018-09-17,18:00:00,Daylight,780,498,Yes,NoIntersection,Normal,2Vehicles-Behind,VERSAILLES AV DE,M,48.92895977612845,2.926241927760008
201800034620,NonLethal,2018-06-06,16:08:00,Daylight,780,498,Yes,NoIntersection,Normal,Other,HUGO BD VICTOR,M,48.86195641986326,2.863383032904978
201800034621,NonLethal,2018-01-10,20:23:00,NightNoStreetLight,780,672,No,NoIntersection,Normal,3+Vehicles-Chain,CD 154,M,48.94028180846735,1.9389452644635237
201800034622,NonLethal,2018-10-12,17:20:00,Daylight,780,172,Yes,NoIntersection,Normal,2Vehicles-Side,GAILLON (QUAI DE),M,48.99498868982703,2.9950618591532057
201800034623,NonLethal,2018-05-10,19:18:00,Daylight,780,498,Yes,NoIntersection,Normal,Other,Carrefour Market,M,48.5156860442756,2.5168409915274093
201800034624,NonLethal,2018-08-09,22:00:00,NightStreelightsOn,780,498,Yes,NoIntersection,Normal,3+Vehicles-Chain,MALADRERIE AV DE LA,M,48.92301753447416,2.922706017539823
201800034625,Lethal,2018-07-19,23:30:00,NightNoStreetLight,780,384,No,NoIntersection,Normal,Other,RD 154,M,48.948058695061405,1.9473315050806044
201800034626,NonLethal,2018-10-26,19:10:00,NightStreelightsOn,780,498,Yes,T-type,LightRain,2Vehicles-BehindVehicles-Frontal,PONTOISE AV DE,M,48.93667888916802,2.93789281152058
201800034627,NonLethal,2018-10-11,16:15:00,Daylight,780,643,Yes,NoIntersection,Normal,NoCollision,bretelle Grosse Pierre,M,48.968485001898486,1.9691675488722091
201800034628,NonLethal,2018-11-10,22:55:00,NightStreelightsOn,780,172,Yes,Roundabout,LightRain,3+Vehicles-Chain,RD 203,M,49.00245829871878,2.0025983524067503
201800034631,NonLethal,2018-11-27,10:50:00,Daylight,780,642,Yes,NoIntersection,Normal,Other,VIGNES RUE DES,M,48.97926657412896,1.9784716554033728
201800034632,NonLethal,2018-10-20,23:20:00,NightStreelightsOn,780,498,Yes,NoIntersection,Normal,Other,CASTILLE AV BLANCHE DE,M,48.92526946118151,2.9218896496204447
201800034633,NonLethal,2018-01-16,19:00:00,NightStreelightsOn,780,423,Yes,T-type,LightRain,Other,AV DE LA SOURCE,M,48.76814991246288,2.7673625964537645
201800034634,NonLethal,2018-01-15,08:05:00,TwilightOrDawn,780,297,Yes,X-type,Overcast,Other,"78, AVENUE DU CENTRE",M,48.78835545032345,2.788259049178341
201800034635,NonLethal,2018-04-02,16:20:00,Daylight,780,423,Yes,X-type,Normal,3+Vehicles-Multiple,LECLERC (AVENUE DU GENER,M,48.774811251844085,2.7762253159082504
201800034636,Lethal,2018-05-03,15:45:00,Daylight,780,621,No,NoIntersection,Normal,2Vehicles-BehindVehicles-Frontal,CD 912,M,48.78942865343404,1.7907370063699066
201800034637,NonLethal,2018-04-06,19:40:00,Daylight,780,297,Yes,NoIntersection,Normal,2Vehicles-Behind,ALEMBERT / Vauban,M,48.77979558218683,2.7789648324453258
201800034638,NonLethal,2018-05-05,18:30:00,Daylight,780,423,Yes,NoIntersection,Normal,Other,DESCARTES (BD),M,48.76615224636068,2.766021922466215
201800034640,NonLethal,2018-06-20,01:00:00,NightNoStreetLight,780,621,No,NoIntersection,Normal,3+Vehicles-Multiple,CHARTRES (ROUTE DE),M,48.46388333330646,2.464594982684884
201800034641,NonLethal,2018-06-26,17:11:00,Daylight,780,423,Yes,Other,Normal,Other,4 pavés du roy / st mart,M,48.77232148241864,2.7706005547901964
201800034642,Lethal,2018-07-27,19:05:00,Daylight,780,208,No,NoIntersection,Normal,2Vehicles-Side,ROCADE 12,M,48.47462688595981,1.4764345674434167
201800034644,NonLethal,2018-11-30,18:30:00,NightStreelightsOn,780,423,Yes,NoIntersection,Normal,Other,ABOUT (AVENUE NICOLAS),M,48.766972240926606,2.7674653716078
201800034645,Lethal,2018-12-14,18:00:00,NightStreelightsOn,780,397,Yes,NoIntersection,Normal,Other,henri Husson,M,48.739412928766,1.740238122876241
201800034646,NonLethal,2018-02-16,15:40:00,Daylight,780,267,No,NoIntersection,Normal,2Vehicles-Behind,RUE JEAN JAURES,M,48.974502046883394,1.974514110861088
201800034647,Lethal,2018-04-11,22:30:00,NightNoStreetLight,780,217,No,NoIntersection,Normal,NoCollision,ROUTE DE SEPTEUIL,M,48.926805359241605,1.926998629359104
201800034648,NonLethal,2018-02-15,12:25:00,Daylight,780,361,Yes,NoIntersection,Normal,Other,"50, RUE NATIONALE",M,48.99076068410182,1.9911559577784408
201800034649,NonLethal,2018-02-26,15:55:00,Daylight,780,217,Yes,NoIntersection,Normal,Other,"00, Rue Fernand Lger",M,48.95903482457416,1.9567434804558328
201800034650,NonLethal,2018-03-18,04:10:00,NightStreelightsOn,780,267,Yes,NoIntersection,Normal,Other,"l2, AVENUE DU COLONEL FA",M,48.990742582096885,1.9892530249367932
201800034651,NonLethal,2018-03-25,16:55:00,Daylight,780,362,Yes,NoIntersection,Normal,2Vehicles-Behind,"00, BOULEVARD ROGER SALE",M,48.978640213304764,1.97869999899936
201800034652,NonLethal,2018-04-19,02:40:00,NightStreelightsOn,780,361,Yes,T-type,Normal,Other,BLD DES CYGNES,M,48.998123667106746,1.999861457870905
201800034654,NonLethal,2018-06-06,20:30:00,Daylight,780,267,Yes,T-type,Normal,Other,Rue de l'Ile de France,M,48.993597359005705,1.99269798137441
201800034655,NonLethal,2018-06-25,18:40:00,Daylight,780,361,Yes,NoIntersection,Normal,Other,Boulevard Marchal Juin,M,48.990791287210456,1.992211342548862
201800034656,NonLethal,2018-06-26,21:35:00,Daylight,780,361,Yes,NoIntersection,Normal,Other,RUE GUTEMBERG,M,48.99658000377493,1.996935965545221
201800034658,NonLethal,2018-07-08,15:15:00,Daylight,780,362,Yes,NoIntersection,Overcast,Other,RD983,M,49.59892784066162,1.5991221357705878
201800034659,NonLethal,2018-09-08,23:30:00,NightStreelightsOn,780,361,Yes,T-type,Normal,2Vehicles-Side,RUE D ALSACE,M,48.992283575309656,1.990727223210484
201800034660,NonLethal,2018-09-09,13:50:00,Daylight,780,361,Yes,X-type,Normal,2Vehicles-Side,RUE DE LORRAINE,M,48.98768648569099,1.9852063735811936
201800034662,NonLethal,2018-10-21,09:40:00,Daylight,780,362,Yes,NoIntersection,Normal,2Vehicles-Behind,BOULEVARD ROGER SALENGRO,M,48.98331747080528,1.981484140247204
201800034663,NonLethal,2018-10-29,20:00:00,NightStreelightsOff,780,361,Yes,NoIntersection,Normal,2Vehicles-BehindVehicles-Frontal,PLACE DU MARCHE AU BLE,M,48.98862021689646,1.9903466489486463
201800034664,NonLethal,2018-12-21,19:30:00,NightStreelightsOn,780,402,Yes,X-type,Other,3+Vehicles-Multiple,CD 113,M,48.96061216786189,1.9612059883306368
201800034665,Lethal,2018-06-01,00:44:00,NightStreelightsOn,780,401,Yes,NoIntersection,Other,NoCollision,ANNONCIADES (RUE DES),M,49.00632226918864,1.0082290152424425
201800034666,NonLethal,2018-09-01,08:00:00,NightStreelightsOn,780,403,Yes,NoIntersection,Normal,2Vehicles-Behind,"137, CHATEAUBRIAND (AVEN",M,,
201800034667,NonLethal,2018-01-18,00:23:00,NightNoStreetLight,780,609,No,NoIntersection,LightRain,Other,CD 28,M,49.02420148989967,1.0268868095486108
201800034668,NonLethal,2018-01-18,07:50:00,NightNoStreetLight,780,440,Yes,T-type,LightRain,2Vehicles-Side,VERNEUIL (ROUTE DE),M,48.99284954103246,1.995924520543276
201800034670,NonLethal,2018-02-12,01:00:00,NightNoStreetLight,780,440,No,NoIntersection,Other,2Vehicles-BehindVehicles-Frontal,VERNEUIL (ROUTE DE),M,48.993690892202814,1.992388400762762
201800034673,NonLethal,2018-03-12,15:35:00,Daylight,780,29,Yes,NoIntersection,Normal,Other,JULES FERRY(RUE),M,48.95646008935036,1.9547806764292532
201800034674,NonLethal,2018-03-16,06:55:00,TwilightOrDawn,780,299,Yes,NoIntersection,Normal,2Vehicles-Side,"51, MICHELET (BOULEVARD)",M,,
201800034675,NonLethal,2018-03-16,07:45:00,Daylight,780,299,Yes,NoIntersection,Normal,2Vehicles-Side,"101, MICHELET BD",M,49.00020317711086,1.0007037542997708
201800034676,NonLethal,2018-03-18,18:10:00,TwilightOrDawn,780,299,Yes,T-type,SnowOrHail,2Vehicles-Side,ETANGS PRES (AVENUE DES),M,49.010634253731546,1.0091902153184775
201800034677,Lethal,2018-04-07,01:35:00,NightStreelightsOff,780,440,Yes,NoIntersection,Normal,Other,ARISTIDE BRIAND (RUE),M,48.988519710217766,1.9891127041079304
201800034678,NonLethal,2018-04-18,07:40:00,Daylight,780,238,No,NoIntersection,Normal,Other,BOUAFLE (RUE DE),M,48.96843425535661,1.965714718481875
201800034679,Lethal,2018-04-22,15:00:00,Daylight,780,638,Yes,T-type,VeryGood,2Vehicles-Side,PARIS (AVENUE DE),M,48.99805650055198,1.9938990017198983
201800034680,NonLethal,2018-04-24,17:05:00,Daylight,780,440,Yes,NoIntersection,Normal,Other,GEORGES BIZET (ALLEE),M,48.97693179164786,1.9775505636368496
201800034681,NonLethal,2018-05-08,09:55:00,Daylight,780,29,Yes,T-type,VeryGood,2Vehicles-BehindVehicles-Frontal,CHARLES DE GAULLE (AVENU,M,48.96449004647814,1.9647044642712208
201800034682,NonLethal,2018-08-05,19:00:00,Daylight,780,440,Yes,Other,Normal,Other,MOLIERE (RUE),M,48.98170474903288,1.982737179788028
201800034683,Lethal,2018-05-16,08:40:00,Daylight,780,440,Yes,NoIntersection,Normal,NoCollision,PAUL RAOULT (AVENUE),M,48.98951450805147,1.9902918051156973
201800034684,NonLethal,2018-05-17,17:20:00,Daylight,780,440,Yes,X-type,Normal,2Vehicles-Side,GABRIEL VILAIN (ALLEE),M,,
201800034685,NonLethal,2018-05-17,18:35:00,Daylight,780,440,Yes,NoIntersection,Normal,2Vehicles-Side,JEAN JAURES  (RUE),M,48.99068076166123,1.9918315608826864
201800034686,NonLethal,2018-05-18,17:50:00,Daylight,780,440,Yes,NoIntersection,Normal,Other,JEAN-JACQUES ROUSSEAU (R,M,48.9807246771652,1.9818057392860444
201800034687,NonLethal,2018-06-03,14:20:00,Daylight,780,29,Yes,NoIntersection,Normal,Other,PLATEAU (RUE DU),M,48.95049229382427,1.9486342059724044
201800034689,NonLethal,2018-06-20,18:20:00,Daylight,780,440,Yes,NoIntersection,Normal,Other,GABRIEL VILAIN (RUE),M,,
201800034691,NonLethal,2018-06-24,19:20:00,Daylight,780,440,Yes,NoIntersection,Normal,2Vehicles-Side,JEAN CESSOU (RUE),M,48.99165208445269,1.9925742368523245
201800034692,NonLethal,2018-06-25,10:20:00,Daylight,780,440,Yes,Other,Normal,Other,GAMBETTA (RUE),M,48.99059628118809,1.989386142305179
201800034693,NonLethal,2018-10-07,17:20:00,Daylight,780,401,Yes,NoIntersection,Normal,Other,ARQUEBUSE (QUAI DE L'),M,49.00397474698243,1.0062898282447637
201800034694,NonLethal,2018-07-25,19:18:00,Daylight,780,440,Yes,NoIntersection,Normal,Other,ARISTIDE BRIAND (RUE),M,48.98886197573548,1.9883093184118088
201800034696,NonLethal,2018-09-17,17:00:00,Daylight,780,401,Yes,NoIntersection,Normal,Other,ECOLES (RUE DES),M,49.00541019672343,1.0046082171160595
201800034699,NonLethal,2018-10-19,19:40:00,NightStreelightsOn,780,401,Yes,Other,Normal,2Vehicles-Side,AULNES (AVENUE DES),M,,
201800034700,NonLethal,2018-10-30,15:29:00,Daylight,780,440,No,NoIntersection,Overcast,2Vehicles-Behind,CD 14,M,48.978335120244125,1.9805278327138964
201800034701,NonLethal,2018-11-07,12:45:00,Daylight,780,440,Yes,X-type,Overcast,2Vehicles-Side,PLIADES (RUE DES),M,48.974920912072896,1.9756308760980696
201800034702,NonLethal,2018-11-13,16:00:00,Daylight,780,440,Yes,NoIntersection,Normal,Other,HELENE BOUCHER (ALLEE),M,48.9842740724916,1.9842182946702824
201800034705,NonLethal,2018-11-27,17:50:00,NightStreelightsOn,780,29,Yes,Roundabout,LightRain,Other,OCTROI (RUE DE L'),M,,
201800034706,NonLethal,2018-12-13,12:50:00,Daylight,780,609,No,Other,Normal,Other,CD 28,M,49.0267197231694,1.0277925204675566
201800034707,NonLethal,2018-12-20,17:30:00,TwilightOrDawn,780,440,Yes,NoIntersection,Normal,Other,PIERRE CURIE (RUE),M,,
201800034708,NonLethal,2018-12-29,16:15:00,Daylight,780,238,No,X-type,LightRain,2Vehicles-Side,CD 113,M,48.960520300088966,1.960548216161058
201800034710,NonLethal,2018-10-08,09:00:00,Daylight,780,674,No,NoIntersection,LightRain,Other,GANDONNERIE (RUE DE LA),M,48.82452404978223,2.8265304808938017
201800034711,NonLethal,2018-04-21,02:35:00,NightStreelightsOn,780,674,Yes,Other,Normal,NoCollision,pl Droits de l'Homme,M,48.83014459622597,1.8295975961791136
201800034713,NonLethal,2018-05-25,09:55:00,Daylight,780,490,Yes,NoIntersection,Normal,2Vehicles-Side,CD 30,M,48.83043414915864,1.830990972694597
201800034714,NonLethal,2018-04-06,20:00:00,Daylight,780,490,Yes,T-type,FogOrSmoke,Other,ROBESPIERRE (RUE MAXIMIL,M,48.82386087541633,1.822439178297486
201800034715,NonLethal,2018-07-06,13:20:00,Daylight,780,73,Yes,X-type,Normal,2Vehicles-Side,BARBUSSE  (RUE HENRI),M,48.79763471677897,2.797313518736148
201800034716,NonLethal,2018-06-09,09:07:00,Daylight,780,674,Yes,Other,Normal,Other,COLLEGE LEON BLUM,M,48.831122616646034,1.831563911312411