AccidentId,Gravity,Date,Hour,Light,Department,Commune,InAgglomeration,IntersectionType,Weather,CollisionType,PostalAddress,GPSCode,Latitude,Longitude
201800034717,Lethal,2018-06-13,15:40:00,Daylight,780,152,No,NoIntersection,Normal,2Vehicles-BehindVehicles-Frontal,RD 98,M,48.84566239523773,1.842879095894648
201800034718,NonLethal,2018-06-15,18:30:00,Daylight,780,73,Yes,T-type,Normal,2Vehicles-Side,TURPAULT (RUE ALEXANDRE),M,,
201800034719,NonLethal,2018-06-30,10:25:00,Daylight,780,490,Yes,NoIntersection,Normal,2Vehicles-Side,DEUX PLATEAUX (ROUTE DES,M,48.79942665931664,1.799312236255598
201800034720,NonLethal,2018-10-03,17:20:00,Daylight,780,242,Yes,NoIntersection,Normal,Other,sortie gare,M,48.80893152045099,2.806676556440513
201800034721,NonLethal,2018-11-10,12:05:00,Daylight,780,490,Yes,NoIntersection,Normal,Other,BARBUSSE (RUE HENRI),M,48.82922903474839,1.8295859778515835
201800034722,NonLethal,2018-11-18,16:30:00,Daylight,780,490,Yes,NoIntersection,Normal,Other,SAINT GERMAIN (AVENUE DE,M,48.826641963638544,1.8275629840688756
201800034723,NonLethal,2018-11-16,10:50:00,Daylight,780,73,Yes,Other,Normal,Other,JAURES (AVENUE JEAN),M,48.79784906072545,2.7998058733211604
201800034724,NonLethal,2018-12-12,14:35:00,Daylight,780,545,Yes,T-type,VeryGood,Other,FERRER (RUE FRANSISCO),M,48.79860301290728,2.798876244757878
201800034725,NonLethal,2018-12-04,13:55:00,Daylight,780,242,Yes,T-type,Normal,Other,REPUBLIQUE (AVENUE DE LA,M,48.80865226496663,2.808688078864695
201800034726,Lethal,2018-02-25,01:12:00,NightNoStreetLight,780,220,No,NoIntersection,Normal,Other,RN 10,M,48.72341390251465,1.7231313621579984
201800034727,NonLethal,2018-02-22,14:00:00,Daylight,780,517,Yes,NoIntersection,Normal,2Vehicles-BehindVehicles-Frontal,"37, LOUVIERE (RUE DE LA)",M,48.64143574078727,1.642887788075377
201800034729,NonLethal,2018-08-06,11:50:00,Daylight,780,517,No,NoIntersection,Normal,2Vehicles-Behind,RN 10,M,48.67203898714961,1.6721834364154409
201800034730,NonLethal,2018-07-14,21:15:00,TwilightOrDawn,780,220,No,NoIntersection,Normal,2Vehicles-Behind,RN 10,M,48.728434147126336,1.7273893731035843
201800034732,NonLethal,2018-12-10,12:20:00,Daylight,780,517,Yes,X-type,Normal,2Vehicles-Side,POTEAU DES 3 SEIGNEURS (,M,48.63985999671363,1.6398870083016364
201800034733,NonLethal,2018-12-08,18:45:00,NightStreelightsOn,780,517,Yes,NoIntersection,LightRain,Other,LOUVIERE (RUE DE LA),M,48.64343476977992,1.6451979547805264
201800034734,NonLethal,2018-09-12,20:15:00,NightNoStreetLight,780,269,No,NoIntersection,LightRain,2Vehicles-Side,D 906,M,48.636375208088005,1.63406385171465
201800034735,NonLethal,2018-01-05,20:27:00,NightStreelightsOn,780,350,Yes,NoIntersection,Normal,Other,VERSAILLES (ROUTE DE),M,48.85618882294416,2.857344270029954
201800034736,NonLethal,2018-01-24,19:00:00,TwilightOrDawn,780,146,Yes,NoIntersection,Normal,Other,REPUBLIQUE (BOULEVARD DE,M,48.8932651580111,2.893986242579142
201800034737,Lethal,2018-02-25,06:00:00,NightNoStreetLight,780,551,No,X-type,Normal,2Vehicles-Side,RN 184,M,48.94030207090855,2.937808658630817
201800034738,NonLethal,2018-01-18,07:35:00,NightStreelightsOn,780,350,Yes,NoIntersection,LightRain,Other,"9, CONTI (QUAI)",M,48.87485670329969,2.8741285638904026
201800034739,Lethal,2018-02-24,11:08:00,Daylight,780,372,Yes,NoIntersection,Normal,Other,SAINT GERMAIN (AVENUE DE,M,48.87527244470443,2.872756309023413
201800034740,NonLethal,2018-01-16,06:20:00,NightStreelightsOn,780,350,Yes,NoIntersection,LightRain,2Vehicles-Behind,CONTI (QUAI),M,48.877961163453946,2.8787152028774554
201800034741,NonLethal,2018-02-25,09:25:00,Daylight,780,551,Yes,NoIntersection,Normal,2Vehicles-Side,"116BIS, FOCH (AVENUE DU",M,48.90259153019255,2.904069727983568
201800034743,NonLethal,2018-04-25,17:10:00,Daylight,780,650,Yes,NoIntersection,Normal,2Vehicles-Side,MONTESSON (ROUTE DE),M,48.89785050090818,2.900329075021268
201800034744,NonLethal,2018-05-05,17:00:00,Daylight,780,551,Yes,NoIntersection,Normal,Other,école Légion d'honneur,,,
201800034745,NonLethal,2018-04-22,16:00:00,Daylight,780,481,Yes,NoIntersection,Normal,2Vehicles-Side,GENERAL LECLERC (AVENUE,M,48.89032842896444,2.890558125810967
201800034746,Lethal,2018-05-31,08:24:00,Daylight,780,551,Yes,Y-type,Normal,Other,RN 13,M,48.89986578550657,2.8981824142281605
201800034748,NonLethal,2018-05-29,18:45:00,Daylight,780,418,Yes,X-type,Normal,Other,GENERAL LECLERC (RUE DU),M,48.90687279984029,2.907740247842052
201800034749,NonLethal,2018-08-06,11:30:00,Daylight,780,551,Yes,X-type,Normal,Other,PAIX (BD DE LA),M,48.89773747822064,2.896158373983644
201800034750,NonLethal,2018-06-13,20:00:00,Daylight,780,133,Yes,Roundabout,Normal,Other,RD 113,M,48.91182885365986,2.912398626695118
201800034751,NonLethal,2018-06-22,21:45:00,TwilightOrDawn,780,502,Yes,T-type,Normal,2Vehicles-Behind,VERSAILLES (RTE DE),M,48.87908299027303,2.878353096798332
201800034752,NonLethal,2018-06-29,16:30:00,Daylight,780,7,No,NoIntersection,VeryGood,3+Vehicles-Multiple,CD 30 (CH.DEPARTEMENTAL),M,48.89982265302746,2.8999440405587062
201800034753,NonLethal,2018-07-23,23:35:00,NightStreelightsOn,780,372,Yes,T-type,Normal,2Vehicles-Side,VERSAILLES (ROUTE DE),M,48.87291928968618,2.8740183936364225
201800034754,NonLethal,2018-07-29,18:02:00,Daylight,780,650,Yes,T-type,Overcast,2Vehicles-Side,GRAND VENEUR (AVENUE DU),M,48.90101526961124,2.896531323870471
201800034755,NonLethal,2018-08-19,17:00:00,Daylight,780,551,No,NoIntersection,Normal,Other,RN 184,M,,
201800034757,NonLethal,2018-06-09,17:25:00,Daylight,780,551,Yes,NoIntersection,VeryGood,3+Vehicles-Chain,POISSY (DE),M,48.89879811388302,2.8983410855801446
201800034758,Lethal,2018-09-16,13:20:00,Daylight,780,251,No,NoIntersection,Normal,2Vehicles-Side,CHEMIN DEPARTEMENTAL 98,M,48.899057322134695,2.9007702681763976
201800034759,NonLethal,2018-09-17,21:35:00,NightStreelightsOn,780,481,Yes,NoIntersection,Normal,Other,GENERAL LECLERC (AVENUE,M,48.88619683250691,2.8866942214501465
201800034760,NonLethal,2018-09-26,10:00:00,Daylight,780,418,Yes,Other,Normal,Other,GABRIEL PERI (AVENUE),M,48.92868853587311,2.9300163863925586
201800034761,NonLethal,2018-09-26,17:00:00,Daylight,780,650,Yes,NoIntersection,Normal,Other,MONTESSON (ROUTE DE),M,48.903465817996015,2.902303162709313
201800034762,NonLethal,2018-09-29,14:30:00,Daylight,780,133,Yes,NoIntersection,Normal,Other,MANTES (ROUTE DE),M,48.91097858812292,2.9109435934289705
201800034764,NonLethal,2018-10-05,09:20:00,Daylight,780,146,Yes,NoIntersection,VeryGood,2Vehicles-Behind,PONT DE CHATOU,M,48.887849124962464,2.887632777273664
201800034765,NonLethal,2018-05-10,23:00:00,NightStreelightsOn,780,126,Yes,T-type,Normal,2Vehicles-Side,DRIONNE (AVENUE DE LA),M,48.84592079776445,2.844587810376208
201800034766,NonLethal,2018-02-10,13:14:00,Daylight,780,551,Yes,NoIntersection,Normal,2Vehicles-Side,GAMBETTA (AVENUE),M,48.89745525729071,2.898779449817813
201800034767,NonLethal,2018-10-09,19:40:00,NightStreelightsOn,780,650,Yes,NoIntersection,Normal,Other,MONTESSON (ROUTE DE),M,48.90222605761442,2.90295925174575
201800034768,NonLethal,2018-09-10,21:55:00,NightNoStreetLight,780,133,No,NoIntersection,Normal,2Vehicles-BehindVehicles-Frontal,CD 30,M,48.89610610175035,1.8959952835874685
201800034769,NonLethal,2018-10-16,08:25:00,Daylight,780,190,Yes,NoIntersection,Normal,Other,PONTS (RUE DES),M,48.87888805489419,2.876908379445577
201800034770,NonLethal,2018-10-15,19:45:00,TwilightOrDawn,780,418,Yes,NoIntersection,Normal,2Vehicles-BehindVehicles-Frontal,ESPERANCE / Rue Paix,M,48.92700698128545,2.925231671375382
201800034771,NonLethal,2018-10-30,11:40:00,Daylight,780,502,Yes,NoIntersection,LightRain,Other,SIMON VOUET (AVENUE),M,48.87964939120083,2.878542814172213
201800034774,NonLethal,2018-11-14,17:45:00,NightStreelightsOn,780,146,Yes,T-type,Normal,2Vehicles-Side,VESINET (ROUTE DU),M,48.90368808025988,2.903226779057859
201800034776,NonLethal,2018-11-28,09:30:00,Daylight,780,372,No,Other,Normal,2Vehicles-Side,SAINT CYR (ROUTE DE),M,48.85470470568264,2.852533109926876
201800034777,NonLethal,2018-05-12,06:05:00,NightStreelightsOn,780,418,Yes,NoIntersection,Normal,2Vehicles-BehindVehicles-Frontal,GABRIEL PERI (AVENUE),M,48.91792833447325,2.9170810313997912
201800034778,NonLethal,2018-12-14,08:50:00,Daylight,780,650,Yes,Roundabout,Normal,2Vehicles-Side,PAGES (AVENUE DES),M,48.90494946487146,2.9041737713403366
201800034779,NonLethal,2018-12-23,19:45:00,NightStreelightsOn,780,551,No,NoIntersection,LightRain,Other,ROOSEVELT (DU PRESIDENT),M,48.90225081104085,2.9035522905001603
201800034780,NonLethal,2018-01-01,02:17:00,NightStreelightsOn,780,586,Yes,Roundabout,LightRain,NoCollision,MAUPASSANT /Frette,M,48.94885314277445,2.94859819356277
201800034782,NonLethal,2018-04-02,06:15:00,NightStreelightsOn,780,586,Yes,NoIntersection,LightRain,Other,"145, CLEMENCEAU (G.)",M,48.94330909055788,2.941422988153155
201800034783,NonLethal,2018-03-26,01:15:00,NightStreelightsOn,780,311,Yes,T-type,Normal,2Vehicles-Side,JEAN JAURES (BOULEVARD),M,48.91934229437435,2.9213088465523174
201800034784,NonLethal,2018-03-30,07:45:00,Daylight,780,124,Yes,NoIntersection,Normal,Other,SAINT GERMAIN (ROUTE DE),M,48.91525963440045,2.9145680017512743
201800034786,NonLethal,2018-04-21,23:50:00,NightStreelightsOff,780,124,Yes,NoIntersection,Normal,Other,FERMETTES (RUE DES),M,48.9113869226244,2.91200875448527
201800034787,NonLethal,2018-04-25,00:30:00,NightStreelightsOn,780,311,Yes,NoIntersection,Normal,Other,EMILE ZOLA (BOULEVARD),M,48.9249496180612,2.9247955396021768
201800034788,Lethal,2018-11-05,09:48:00,Daylight,780,311,Yes,NoIntersection,Normal,Other,04 SEPTEMBRE (RUE DU),M,48.92039070262012,2.920116976248317
201800034789,Lethal,2018-05-29,16:18:00,Daylight,780,586,Yes,Roundabout,Normal,2Vehicles-Side,TOBROUK / PAIX,M,,
201800034790,NonLethal,2018-01-06,23:20:00,NightStreelightsOn,780,311,Yes,X-type,Normal,2Vehicles-Side,HENRI BARBUSSE (BOULEVAR,M,48.927668710418,2.9274693218571883
201800034791,NonLethal,2018-06-20,16:55:00,Daylight,780,311,Yes,NoIntersection,Normal,2Vehicles-BehindVehicles-Frontal,DENIS PAPIN (RUE),M,48.93223463116844,2.9318595735751294
201800034792,Lethal,2018-07-17,21:30:00,Daylight,780,586,Yes,NoIntersection,Normal,3+Vehicles-Multiple,BERTEAUX (MAURICE) Nø15,M,48.94073633614784,2.9390607506651376
201800034794,NonLethal,2018-08-22,22:05:00,NightStreelightsOn,780,311,Yes,X-type,Normal,2Vehicles-Side,MOLIERE (RUE),M,48.91837100427061,2.9179124104476464
201800034795,NonLethal,2018-08-25,17:05:00,Daylight,780,124,Yes,T-type,Normal,Other,GENERAL LECLERC (RUE DU),M,48.90771828647129,2.908428854354125
201800034796,NonLethal,2018-10-20,00:40:00,NightStreelightsOn,780,586,Yes,NoIntersection,Normal,Other,BERTEAUX (MAURICE) Nø44,M,48.93844985878543,2.9370104439270786
201800034797,NonLethal,2018-10-21,07:34:00,NightStreelightsOn,780,311,Yes,NoIntersection,Normal,2Vehicles-BehindVehicles-Frontal,JEAN JAURES (BOULEVARD),M,,
201800034798,NonLethal,2018-10-31,10:30:00,Daylight,780,311,Yes,X-type,Normal,Other,VOLTAIRE (RUE),M,48.91774520042467,2.919094470459684
201800034799,NonLethal,2018-11-17,16:33:00,Daylight,780,586,Yes,NoIntersection,Normal,Other,CORMEILLES Nø IMPAIR,M,48.94695554825128,2.9484087349210557
201800034800,NonLethal,2018-11-23,00:05:00,NightNoStreetLight,780,396,Yes,NoIntersection,Other,NoCollision,JULES REIN (RUE),M,48.91827779543651,2.919060271245749
201800034801,NonLethal,2018-12-01,18:20:00,NightStreelightsOn,780,586,No,Other,Normal,Other,CARREFOUR MARKET,M,48.94660146853818,2.945834453857257
201800034802,NonLethal,2018-12-16,20:20:00,NightStreelightsOn,780,586,Yes,X-type,LightRain,Other,MERMOZ (JEAN),M,48.94375468939983,2.945971141273182
201800034804,NonLethal,2018-12-11,09:05:00,Daylight,780,586,Yes,T-type,Normal,Other,LOUISE MICHEL,M,48.939323096162965,2.93801000287214
201800034805,NonLethal,2018-08-01,13:05:00,Daylight,780,640,Yes,X-type,Normal,Other,"101, GENERAL DE GAULLE (",M,48.78235812374111,2.7845424912566847
201800034806,NonLethal,2018-01-12,17:40:00,NightStreelightsOn,780,640,Yes,NoIntersection,Normal,Other,"18, SAVOIE (AVENUE DE)",M,48.78510510943334,2.782490716740629
201800034807,NonLethal,2018-02-02,17:05:00,Daylight,780,646,Yes,NoIntersection,LightRain,2Vehicles-Side,"77, CHANTIERS (RUE DES)",M,48.79309190486785,2.793842242997898
201800034808,NonLethal,2018-01-26,21:00:00,NightStreelightsOn,780,646,Yes,NoIntersection,Normal,Other,"49, MARECHAL FOCH (RUE D",M,48.80786986489308,2.812003445575168
201800034809,Lethal,2018-01-31,15:00:00,Daylight,780,646,Yes,NoIntersection,HeavyRain,Other,"20, LA FAYETTE (RUE)",M,48.81057184919929,2.811338769518167
201800034811,NonLethal,2018-02-24,12:30:00,Daylight,780,158,Yes,NoIntersection,Normal,2Vehicles-Behind,DUTARTRE (AVENUE),M,,
201800034812,NonLethal,2018-02-21,12:05:00,Daylight,780,117,No,X-type,Normal,2Vehicles-Behind,JEAN CASALE (AVENUE),M,48.76620224992512,2.765099514530609
201800034813,NonLethal,2018-03-03,12:15:00,Daylight,780,524,No,NoIntersection,Overcast,3+Vehicles-Multiple,ROUTE DE VERSAILLES,M,48.8414400912674,2.8417186703252617
201800034814,NonLethal,2018-03-03,16:20:00,Daylight,780,126,Yes,NoIntersection,Overcast,Other,"40, SAUT DU LOUP (AVENUE",M,48.839461723081726,2.8395429115617765
201800034815,NonLethal,2018-03-20,07:10:00,NightStreelightsOn,780,646,Yes,X-type,Normal,Other,SAINT ANTOINE (BOULEVARD,M,48.818238336290186,2.818674435920838
201800034816,NonLethal,2018-04-15,13:45:00,Daylight,780,686,Yes,NoIntersection,Normal,2Vehicles-Behind,GENERAL LECLERC (AVENUE,M,48.79987580753568,2.799059844067725
201800034817,NonLethal,2018-04-24,19:15:00,Daylight,780,646,No,NoIntersection,VeryGood,2Vehicles-Side,SAINT CYR (ROUTE DE),M,48.80339322488916,2.802770651786815
201800034818,Lethal,2018-04-29,11:55:00,Daylight,780,646,Yes,NoIntersection,LightRain,Other,CARNOT (RUE),M,48.80486399363807,2.802549788615187
201800034819,NonLethal,2018-09-05,09:20:00,Daylight,780,646,Yes,X-type,Normal,2Vehicles-Side,ROCKFELLER (AVENUE),M,48.80005312904344,2.8035274709363605
201800034820,NonLethal,2018-05-25,08:00:00,Daylight,780,646,Yes,NoIntersection,Normal,2Vehicles-Behind,DIVISION LECLERC (RUE DE,M,48.79940679410926,2.801898482733117
201800034821,NonLethal,2018-05-23,08:40:00,Daylight,780,126,Yes,NoIntersection,Normal,2Vehicles-Behind,DUCHESNE LUCIEN RENE (AV,M,48.841011825382594,2.8410640796442173
201800034823,NonLethal,2018-05-28,19:00:00,Daylight,780,646,Yes,Other,Normal,2Vehicles-Side,LOI (PLACE DE LA),M,48.8140673936449,2.8172660477509357
201800034826,NonLethal,2018-06-08,14:30:00,Daylight,780,646,Yes,NoIntersection,Normal,2Vehicles-Side,PARIS (AVENUE DE),M,42.79908597575032,2.8019887179353966
201800034827,NonLethal,2018-05-24,20:00:00,Daylight,780,158,Yes,NoIntersection,Normal,Other,SCHWEITZER/POTTIER,M,48.8240172324259,2.8219113070274564
201800034828,NonLethal,2018-06-13,20:55:00,Daylight,780,646,Yes,X-type,Normal,2Vehicles-Side,MARECHAL FOCH (RUE DU),M,48.80915649205552,2.809295448745458
201800034829,NonLethal,2018-06-19,17:15:00,Daylight,780,646,Yes,T-type,Normal,2Vehicles-Side,CARNOT (RUE),M,48.805439010737096,2.806585290956401
201800034830,NonLethal,2018-06-20,19:32:00,Daylight,780,646,Yes,X-type,Normal,2Vehicles-Side,PARIS (AVENUE DE),M,48.8021442049596,2.801535996476799
201800034831,NonLethal,2018-06-25,14:15:00,Daylight,780,686,Yes,X-type,Normal,2Vehicles-Side,PAVE DE MEUDON (ROUTE DU,M,48.7976026039447,2.7979500841883613
201800034832,NonLethal,2018-06-29,11:05:00,Daylight,780,322,Yes,X-type,Normal,Other,PIERRE VAUDENAY (RUE),M,48.770270375708726,2.7691210596212352
201800034833,NonLethal,2018-01-07,18:50:00,Daylight,780,646,Yes,NoIntersection,Normal,2Vehicles-Side,GENERAL PERSHING (RUE DU,M,48.81259867950253,2.811376128372086
201800034835,NonLethal,2018-06-07,18:50:00,Daylight,780,158,Yes,T-type,Normal,2Vehicles-Side,VERSAILLES (RUE DE),M,48.820508014664,2.820836168904368
201800034836,NonLethal,2018-07-10,18:40:00,Daylight,780,646,Yes,NoIntersection,Normal,2Vehicles-Side,PAROISSE (RUE DE LA),M,48.80571750372574,2.806854953264489
201800034837,NonLethal,2018-07-12,17:20:00,Daylight,780,158,Yes,NoIntersection,Normal,3+Vehicles-Multiple,VERDUN (AVENUE DE),M,48.83675732744322,2.836843682580386
201800034838,NonLethal,2018-07-17,15:10:00,Daylight,780,646,No,NoIntersection,Normal,NoCollision,parc du Château,M,48.81048029937479,2.8093060863486907
201800034839,NonLethal,2018-07-30,10:00:00,Daylight,780,126,Yes,NoIntersection,Normal,3+Vehicles-Multiple,DUCHESNE LUCIEN RENE (AV,M,48.84389022683252,2.842459272803529
201800034840,NonLethal,2018-07-27,22:00:00,TwilightOrDawn,780,640,Yes,NoIntersection,Normal,NoCollision,EUROPE (AVENUE DE L'),M,48.78358889582712,2.783959878099454
201800034841,NonLethal,2018-12-06,20:50:00,TwilightOrDawn,780,640,Yes,NoIntersection,Normal,3+Vehicles-Multiple,LOUIS BREGUET (AVENUE),M,48.780055353614856,2.782828378678514
201800034842,NonLethal,2018-05-08,12:30:00,Daylight,780,646,Yes,NoIntersection,Normal,2Vehicles-Behind,HOCHE (RUE),M,48.80678988047424,2.807009366465059
201800034844,NonLethal,2018-08-19,18:05:00,Daylight,780,646,Yes,X-type,Normal,2Vehicles-Side,REINE (BD DE LA),M,48.80898400123702,2.809888699198946
201800034845,NonLethal,2018-09-06,10:50:00,Daylight,780,646,Yes,NoIntersection,Normal,2Vehicles-Side,Lagarde / Vauban,M,48.8035441487507,2.803924981136876
201800034846,NonLethal,2018-09-11,18:45:00,Daylight,780,646,Yes,X-type,Normal,Other,MARECHAL FOCH (RUE DU),M,48.81077695782927,2.809771099545955
201800034847,NonLethal,2018-09-16,13:10:00,Daylight,780,524,No,NoIntersection,Normal,3+Vehicles-Chain,bretelle A13,M,48.8393074443304,2.8397064052083074
201800034848,NonLethal,2018-09-18,18:53:00,Daylight,780,646,Yes,X-type,Normal,2Vehicles-Side,REINE (BOULEVARD DE LA),M,48.80562771276629,2.8087067393455336
201800034849,NonLethal,2018-09-21,08:23:00,Daylight,780,646,Yes,X-type,Normal,Other,BONNE AVENTURE (RUE DE L,M,48.80846762364405,2.807615752717461
201800034851,Lethal,2018-09-30,17:15:00,Daylight,780,126,Yes,NoIntersection,Normal,Other,GUIBERT ANDRE-RENE (AVEN,M,,
201800034852,NonLethal,2018-10-31,23:00:00,NightStreelightsOn,780,686,Yes,X-type,LightRain,2Vehicles-Side,GENERAL LECLERC (AVENUE,M,48.8052649978657,2.804976008031116
201800034853,NonLethal,2018-09-11,16:51:00,TwilightOrDawn,780,646,Yes,NoIntersection,Overcast,2Vehicles-Side,MARECHAL JOFFRE (RUE DU),M,48.796980407657216,2.792882097893325
201800034854,NonLethal,2018-11-14,22:50:00,NightStreelightsOn,780,640,Yes,NoIntersection,Normal,2Vehicles-Side,LOUIS BREGUET (AVENUE),M,48.00091076643993,1.998626001428208
201800034855,NonLethal,2018-11-15,20:10:00,NightNoStreetLight,780,646,No,X-type,Normal,2Vehicles-Side,CLEMENT ADER (AVENUE),M,48.79060839164481,2.791964202650757
201800034856,NonLethal,2018-11-20,08:40:00,TwilightOrDawn,780,92,Yes,T-type,LightRain,2Vehicles-Side,MOULIN JEAN (AVENUE),M,48.85763469854539,2.858818045108624
201800034857,NonLethal,2018-11-27,20:08:00,NightStreelightsOn,780,640,Yes,NoIntersection,LightRain,Other,LOUIS BREGUET (AVENUE),M,48.78232744399272,2.779713274096326
201800034858,NonLethal,2018-12-03,12:00:00,Daylight,780,640,Yes,X-type,LightRain,Other,PICARDIE (AVENUE DE),M,48.78369872846559,2.782724957187937
201800034859,NonLethal,2018-05-12,15:35:00,Daylight,780,158,Yes,X-type,Normal,2Vehicles-Side,POTTIER (RUE),M,48.82300739323011,2.8221249999904545
201800034860,NonLethal,2018-12-03,18:00:00,TwilightOrDawn,780,158,Yes,NoIntersection,Normal,Other,place simart,M,48.82690017314517,2.823624151546433
201800034861,NonLethal,2018-09-12,17:40:00,NightNoStreetLight,780,646,No,NoIntersection,Overcast,NoCollision,CLEMENT ADER (AVENUE),M,48.7836645501712,2.782898825879258
201800034862,NonLethal,2018-11-12,16:14:00,Daylight,780,646,Yes,NoIntersection,Normal,2Vehicles-Behind,ROI (BOULEVARD DU),M,47.997772935189786,2.000582128226009
201800034863,NonLethal,2018-12-18,07:43:00,NightStreelightsOn,780,646,Yes,X-type,Normal,Other,PONT COLBERT (RUE DU),M,48.79140372006714,2.792289782507949
201800034865,NonLethal,2018-01-29,06:00:00,NightNoStreetLight,790,191,Yes,NoIntersection,FogOrSmoke,NoCollision,"20, SARRAZINE",M,46.33233732948969,-0.3325044142121461
201800034866,NonLethal,2018-02-22,11:20:00,Daylight,790,191,Yes,T-type,Normal,2Vehicles-Side,9 CHEMIN DE PIERRE,M,46.31821437016004,-0.3187168974774088
201800034867,NonLethal,2018-02-22,17:40:00,Daylight,790,191,Yes,T-type,Normal,2Vehicles-Side,2 RUE DU HAUT SURIMEAU,M,46.35751730808903,-0.3556425647949497
201800034870,NonLethal,2018-08-05,11:55:00,Daylight,790,191,Yes,NoIntersection,Normal,Other,33 RUE DE SOLFERINO,M,46.32139937657996,-0.3183735014248938
201800034872,NonLethal,2018-05-17,20:00:00,Daylight,790,191,Yes,T-type,Normal,2Vehicles-Side,21 RUE P.A. BAUGIER,M,46.32752758974335,-0.3265634347411673
201800034873,NonLethal,2018-05-18,17:15:00,Daylight,790,191,Yes,T-type,Normal,2Vehicles-Side,23 RUE DE LA TOUR CHABOT,M,46.32473897208752,-0.3272825522655667
201800034874,NonLethal,2018-05-24,18:35:00,Daylight,790,191,Yes,NoIntersection,Normal,2Vehicles-Side,222 RUE MARECHAL LECLERC,M,46.33867063903379,-0.3393673853074194
201800034876,NonLethal,2018-05-26,23:10:00,NightStreelightsOn,790,191,Yes,T-type,Normal,2Vehicles-Side,RUE DE SOUCHE,M,46.32867931343142,-0.3269883715605864
201800034877,NonLethal,2018-06-20,18:05:00,Daylight,790,191,Yes,NoIntersection,Normal,Other,BD PIERRE MENDES-FRANCE,M,46.32067330832539,-0.3195732944729465
201800034878,NonLethal,2018-06-22,21:55:00,TwilightOrDawn,790,191,Yes,NoIntersection,Normal,2Vehicles-Behind,13 AVENUE DE PARIS,M,46.32493838194693,-0.3237659903271047
201800034879,NonLethal,2018-07-06,16:45:00,Daylight,790,81,Yes,X-type,Normal,Other,RUE DES COMBES,M,46.34684734892825,-0.3471306999713637
201800034880,NonLethal,2018-07-11,08:30:00,Daylight,790,191,Yes,MoreThan4Branches,Normal,Other,74 AVENUE DE LIMOGES,M,46.320253235747344,-0.3202261125633087
201800034881,NonLethal,2018-02-08,16:35:00,Daylight,790,191,Yes,NoIntersection,Normal,2Vehicles-Side,8 RUE STE CLAIRE DEVILLE,M,46.31516071413551,-0.3143458414893567
201800034882,NonLethal,2018-08-21,08:45:00,Daylight,790,191,Yes,Square,Normal,2Vehicles-Behind,PLACE DE LA COMEDIE,M,46.32309789411383,-0.3238332324910093
201800034883,NonLethal,2018-08-24,13:40:00,Daylight,790,81,Yes,Other,Normal,2Vehicles-Behind,ROUTE DE PARIS,M,46.33997340351888,-0.3401671231247619
201800034884,NonLethal,2018-08-31,07:40:00,Daylight,790,191,Yes,T-type,Normal,NoCollision,116 RUE CHABAUDY,M,46.319037082451096,-0.3214326286476989
201800034885,NonLethal,2018-08-31,11:50:00,Daylight,790,191,Yes,NoIntersection,Normal,3+Vehicles-Multiple,ROUTE COULONGES,M,46.36036836454549,-0.3619625722614189
201800034886,NonLethal,2018-09-08,19:00:00,Daylight,790,191,Yes,X-type,Normal,2Vehicles-Side,91 RUE DE LA GARE,M,46.320189092796,-0.3209327156132348
201800034887,Lethal,2018-09-14,07:45:00,TwilightOrDawn,790,191,Yes,T-type,Overcast,2Vehicles-Side,RUE DU MARECHAL LECLERC,M,46.354223270963466,-0.3539386795539901
201800034889,NonLethal,2018-09-19,11:51:00,Daylight,790,191,Yes,Roundabout,Normal,2Vehicles-Behind,22 RUE MAZAGRAN,M,46.31898501051802,-0.319330201126455
201800034891,NonLethal,2018-10-23,11:20:00,Daylight,790,191,Yes,NoIntersection,Normal,Other,42 AVENUE PARIS,M,46.3238024793,-0.3241468875281276
201800034892,NonLethal,2018-11-20,18:50:00,NightStreelightsOn,790,191,Yes,NoIntersection,Normal,3+Vehicles-Chain,AVENUE DE PARIS,M,46.33514709966432,-0.3357634771381034
201800034893,Lethal,2018-01-12,17:55:00,NightStreelightsOn,790,191,Yes,Other,HeavyRain,Other,580 AVENUE DE PARIS,M,46.33634244028052,-0.3370729146589067
201800034894,NonLethal,2018-04-12,07:55:00,NightStreelightsOn,790,191,Yes,T-type,LightRain,2Vehicles-Side,44 RUE P. CHANTELAUZE,M,46.31016156315332,-0.3144182128439868
201800034895,NonLethal,2018-11-12,09:00:00,Daylight,790,191,Yes,NoIntersection,Normal,Other,,M,46.31582767172833,-0.317693461937295
201800034896,NonLethal,2018-12-20,12:05:00,Daylight,790,191,Yes,NoIntersection,LightRain,2Vehicles-Side,5 RUE FERDINAND BUISSON,M,46.31659615694602,-0.3153106421597498
201800034897,NonLethal,2018-12-20,08:30:00,TwilightOrDawn,790,191,Yes,NoIntersection,LightRain,2Vehicles-Side,RUE JEAN COUSINET,M,46.33391224698222,-0.3364628396013889
201800034898,NonLethal,2018-12-27,16:10:00,Daylight,790,191,Yes,NoIntersection,Overcast,3+Vehicles-Multiple,519 AVENUE DE PARIS,M,46.33945254633658,-0.3375154702917382
201800034899,NonLethal,2018-01-16,21:20:00,NightStreelightsOn,790,329,Yes,T-type,LightRain,Other,49 RUE RABELAIS,M,46.98279066010967,-0.982187803540952
201800034900,NonLethal,2018-01-18,16:00:00,Daylight,790,259,Yes,NoIntersection,LightRain,2Vehicles-Behind,49 ROUTE DE PARTHENAY,M,46.9673309014931,-0.967393056457751
201800034901,NonLethal,2018-01-24,19:15:00,NightStreelightsOn,790,329,Yes,X-type,Normal,2Vehicles-Side,30 AVENUE VICTOR LECLERC,M,46.98066491519501,-0.9806815469094536
201800034902,NonLethal,2018-03-03,19:40:00,NightStreelightsOn,790,329,Yes,X-type,LightRain,2Vehicles-Side,3 R DE L'HOTEL DE VILLE,M,46.97554061533754,-0.9746615847940904