AccidentId,Gravity,Date,Hour,Light,Department,Commune,InAgglomeration,IntersectionType,Weather,CollisionType,PostalAddress,GPSCode,Latitude,Longitude
201800034903,NonLethal,2018-03-14,15:10:00,Daylight,790,329,Yes,T-type,Overcast,2Vehicles-Behind,18 RUE ERNEST PEROCHON,M,46.98581031026692,-0.9856777713191076
201800034904,NonLethal,2018-04-19,04:45:00,NightNoStreetLight,790,259,No,X-type,Normal,2Vehicles-Side,,M,46.9558380218788,-0.9534310744223156
201800034905,NonLethal,2018-08-05,13:04:00,Daylight,790,329,Yes,NoIntersection,Normal,Other,BOULEVARD DE DIEPHOLZ,M,46.98042452104871,-0.9824278685653972
201800034906,NonLethal,2018-05-04,19:30:00,Daylight,790,329,Yes,NoIntersection,Normal,NoCollision,72 RUE ERNEST PEROCHON,M,46.991565967275065,-0.9929046853916031
201800034908,NonLethal,2018-06-08,14:00:00,Daylight,790,329,No,NoIntersection,Normal,2Vehicles-Behind,ROUTE DE PUYRAVEAU,M,46.9829595800625,-0.9831511764970332
201800034909,NonLethal,2018-06-20,13:50:00,Daylight,790,259,No,LevelCrossing,Normal,2Vehicles-Behind,"LD ""LE PETIT CORNET""",M,46.9489559357667,-0.9480529333509689
201800034910,NonLethal,2018-06-23,05:10:00,NightStreelightsOn,790,329,Yes,X-type,Normal,2Vehicles-Side,EMILE ZOLA (AVENUE),M,46.99193557856971,-0.9921808974028258
201800034911,NonLethal,2018-07-06,09:01:00,Daylight,790,300,Yes,NoIntersection,Normal,3+Vehicles-Chain,,M,46.994615353351776,-0.99361047719828
201800034912,NonLethal,2018-07-21,19:15:00,Daylight,790,329,Yes,NoIntersection,Normal,Other,12 RUE DE LA FONTAINE,M,46.98808201258622,-0.9862280216497276
201800034913,NonLethal,2018-02-08,21:05:00,Daylight,790,329,Yes,T-type,Normal,Other,R DE LA MARE AUX CANARDS,M,46.97317376445165,-0.9730708472841876
201800034914,NonLethal,2018-04-08,06:05:00,TwilightOrDawn,790,259,No,X-type,Normal,Other,,M,46.95255162124985,-0.9528165545971996
201800034915,NonLethal,2018-08-08,06:50:00,Daylight,790,259,No,NoIntersection,Normal,NoCollision,ROUTE DE MISSE,M,46.95903412583446,-0.9574939661070604
201800034916,NonLethal,2018-12-09,17:25:00,Daylight,790,329,Yes,X-type,Normal,2Vehicles-Side,13 BOULEVARD JEAN JAURES,M,46.98164737015992,-0.983443056478468
201800034917,NonLethal,2018-09-18,10:35:00,Daylight,790,329,Yes,Square,Normal,Other,BOULEVARD PIERRE CURIE,M,46.97902685840943,-0.9805007325065944
201800034918,Lethal,2018-10-10,09:15:00,Daylight,790,329,Yes,X-type,VeryGood,2Vehicles-BehindVehicles-Frontal,CAMILLE GUERIN (RUE),M,46.97299650827674,-0.9722905509210116
201800034920,NonLethal,2018-10-31,18:20:00,NightStreelightsOff,790,329,Yes,Roundabout,LightRain,2Vehicles-Side,BOULEVARD DE HANNUT,M,46.97884060590684,-0.9796956407055424
201800034921,NonLethal,2018-06-11,12:20:00,Daylight,790,329,Yes,T-type,Overcast,2Vehicles-Side,CHARLES DIOT (RUE),M,46.98923631182272,-0.986439584407088
201800034922,NonLethal,2018-11-14,07:55:00,TwilightOrDawn,790,329,Yes,NoIntersection,LightRain,NoCollision,RUE DU TUMULUS,M,46.99708055170368,-0.9970219564259925
201800034923,NonLethal,2018-11-15,08:05:00,Daylight,790,300,Yes,T-type,FogOrSmoke,2Vehicles-Side,RUE DE LA GOSSELINIERE,M,47.01362342374208,-0.0127209349486689
201800034924,Lethal,2018-11-17,19:34:00,NightNoStreetLight,790,259,No,NoIntersection,Overcast,NoCollision,"LD ""LE GRAND CORNET""",M,46.95194971374076,-0.9516790155091424
201800034925,NonLethal,2018-12-14,19:05:00,NightStreelightsOn,790,329,Yes,NoIntersection,Normal,Other,BOULEVARD HELENSBURGH,M,46.9846035547143,-0.9830294447739396
201800034926,NonLethal,2018-12-29,03:10:00,NightNoStreetLight,790,300,No,Roundabout,FogOrSmoke,2Vehicles-Behind,,M,47.013733994180434,-0.0130077096018109
201800034927,Lethal,2018-12-31,00:50:00,NightNoStreetLight,790,300,Yes,NoIntersection,FogOrSmoke,NoCollision,ll RUE DE TREILLEBOIS,M,47.0080343523961,-0.0101429472856829
201800034928,Lethal,2018-01-31,07:45:00,TwilightOrDawn,800,1,Yes,NoIntersection,Overcast,NoCollision,"49, BASSE DE LA BOUVAQUE",M,50.11715982405103,1.1162282387881517
201800034929,Lethal,2018-12-31,11:45:00,Daylight,800,1,Yes,NoIntersection,Normal,2Vehicles-Behind,AV VINCENT AURIOL,M,50.09684830736696,1.0957391408757835
201800034930,NonLethal,2018-01-30,08:25:00,TwilightOrDawn,800,1,Yes,NoIntersection,LightRain,Other,"201, CH D'HOCQUET",M,50.10732275170399,1.1081786851396376
201800034931,NonLethal,2018-05-19,19:35:00,Daylight,800,1,Yes,Other,Normal,2Vehicles-BehindVehicles-Frontal,R SAINT-PAUL,M,50.10692760314541,1.1078880732713694
201800034933,NonLethal,2018-09-06,15:45:00,Daylight,800,1,Yes,Other,Normal,Other,RTE D'AMIENS,M,50.10124073823647,1.1013575720338178
201800034934,NonLethal,2018-08-16,12:38:00,Daylight,800,1,Yes,NoIntersection,Normal,Other,BD DE LA REPUBLIQUE,M,50.109486414050856,1.1099412987940178
201800034935,NonLethal,2018-10-09,15:10:00,Daylight,800,1,Yes,Roundabout,Normal,Other,PL DE VERDUN,M,50.11663297988838,1.1141244807068724
201800034936,NonLethal,2018-10-13,14:35:00,Daylight,800,1,Yes,NoIntersection,Normal,Other,"11, LE MOULIN DU ROY",M,50.10570376096008,1.1052359571400765
201800034937,NonLethal,2018-10-18,10:30:00,Daylight,800,1,Yes,NoIntersection,Normal,Other,PL MAX LEJEUNE,M,50.10625100510181,1.105715343108162
201800034938,NonLethal,2018-11-13,14:00:00,Daylight,800,1,Yes,NoIntersection,Normal,2Vehicles-Side,R DES CORDELIERS,M,50.10246862260325,1.1042510433233987
201800034940,NonLethal,2018-11-23,19:10:00,NightStreelightsOn,800,1,Yes,NoIntersection,FogOrSmoke,2Vehicles-BehindVehicles-Frontal,"20, QU DE LA POINTE",M,50.11141963698777,1.108440491112365
201800034942,NonLethal,2018-12-25,04:30:00,NightStreelightsOn,800,1,Yes,Roundabout,Normal,NoCollision,PL DE VERDUN,M,50.11462033378257,1.1145904282587038
201800034943,NonLethal,2018-12-30,11:25:00,Daylight,800,21,Yes,T-type,FogOrSmoke,2Vehicles-Side,"3, R ROBERT SCHUMAN",M,49.907422043698695,2.906768837518826
201800034944,NonLethal,2018-12-30,13:45:00,Daylight,800,21,Yes,NoIntersection,Normal,2Vehicles-Side,"26, AV DE L'EUROPE",M,49.911252183709,2.911558981994294
201800034946,NonLethal,2018-06-01,15:10:00,Daylight,800,21,Yes,X-type,Normal,2Vehicles-Side,"29, AV DEFENSE PASSIVE",M,49.908576197998215,2.9072818385969894
201800034947,NonLethal,2018-09-01,10:00:00,Daylight,800,21,Yes,NoIntersection,Normal,2Vehicles-Side,"57, R VOYELLE",M,49.89023057349283,2.8885729051295908
201800034948,NonLethal,2018-01-10,07:30:00,NightStreelightsOn,800,674,Yes,NoIntersection,LightRain,2Vehicles-Behind,R OCTAVE CAYEUX,M,49.89884316855599,2.8999639889028272
201800034949,NonLethal,2018-12-01,03:55:00,NightStreelightsOn,800,21,Yes,X-type,Normal,2Vehicles-Side,"57, R DE LABBE DE L'EPEE",M,49.90032109787983,2.9005789341230868
201800034950,NonLethal,2018-01-11,09:05:00,TwilightOrDawn,800,724,No,X-type,LightRain,2Vehicles-Side,RTE DE DURY,M,49.854088070654335,2.85396432862897
201800034953,NonLethal,2018-01-14,14:40:00,Daylight,800,21,Yes,X-type,Normal,2Vehicles-Side,"30, R DE L'ABBAYE",M,49.898308116045136,2.8980273895089272
201800034954,NonLethal,2018-01-15,16:45:00,TwilightOrDawn,800,21,Yes,NoIntersection,LightRain,Other,110 R FRANKLIN ROOSEVELT,M,49.90960626956216,2.9100187318423547
201800034955,NonLethal,2018-01-15,20:20:00,NightStreelightsOn,800,21,Yes,NoIntersection,LightRain,Other,R FRANKLIN ROOSEVELT,M,49.9087168783638,2.906388302529682
201800034956,NonLethal,2018-01-15,20:00:00,NightStreelightsOn,800,21,Yes,NoIntersection,LightRain,2Vehicles-Behind,BD BEAUVILLE,M,49.90702726612719,2.9073903865880326
201800034957,NonLethal,2018-01-16,11:25:00,Daylight,800,21,Yes,NoIntersection,SnowOrHail,2Vehicles-BehindVehicles-Frontal,"168, R ROBERT LE COQ",M,49.90153005781964,2.9010922124324563
201800034958,NonLethal,2018-01-17,05:15:00,NightNoStreetLight,800,21,No,NoIntersection,SnowOrHail,Other,ROCADE NORD RN 1,M,49.91666145454113,2.918475263965821
201800034959,NonLethal,2018-01-18,08:35:00,TwilightOrDawn,800,21,Yes,NoIntersection,LightRain,Other,"135, R FAUBOURG DE HEM",M,49.901989436748266,2.902734012736448
201800034960,NonLethal,2018-01-19,08:15:00,Daylight,800,21,Yes,NoIntersection,LightRain,2Vehicles-Side,AV DU GENERAL FOY,M,49.89017434211085,2.8887060071895645
201800034962,NonLethal,2018-01-20,22:00:00,NightStreelightsOn,800,21,Yes,NoIntersection,LightRain,2Vehicles-Side,BD ALSACE LORRAINE,M,49.89243259849107,2.893211906552282
201800034964,NonLethal,2018-01-22,18:00:00,NightStreelightsOn,800,21,Yes,NoIntersection,Normal,2Vehicles-Behind,PL ALPHONSE FIQUET,M,49.89090971141335,2.8907216019159687
201800034965,NonLethal,2018-01-23,09:35:00,Daylight,800,160,Yes,NoIntersection,Normal,2Vehicles-Side,R HENRI BARBUSSE,M,49.86006020680608,2.8580539479094247
201800034966,NonLethal,2018-01-23,17:35:00,NightStreelightsOn,800,21,Yes,NoIntersection,Normal,Other,"660, R D'ABBEVILLE",M,49.91230775829828,2.910840047410137
201800034967,NonLethal,2018-01-24,01:00:00,NightStreelightsOn,800,21,Yes,NoIntersection,LightRain,2Vehicles-Side,"8, R D'ABBEVILLE",M,49.90548389164665,2.904660269875989
201800034968,NonLethal,2018-01-24,17:40:00,NightStreelightsOn,800,21,Yes,NoIntersection,Normal,Other,R DE DORTMUND,M,49.87500656324932,2.875028707810163
201800034970,NonLethal,2018-01-26,08:45:00,Daylight,800,21,Yes,NoIntersection,Normal,Other,AV SALVADOR ALLENDE,M,49.89837644981196,2.899923799509444
201800034972,NonLethal,2018-01-25,16:15:00,Daylight,800,21,Yes,X-type,Normal,2Vehicles-Side,R DUFOUR,M,49.88658074732845,2.8838556904825228
201800034973,NonLethal,2018-01-29,18:35:00,NightStreelightsOn,800,21,Yes,NoIntersection,LightRain,2Vehicles-Behind,"127, AV DU GENERAL FOY",M,49.89056147637874,2.8898632200303607
201800034974,NonLethal,2018-01-31,12:25:00,Daylight,800,21,Yes,X-type,HeavyRain,2Vehicles-Side,AV SALVADOR ALLENDE,M,49.90051973323509,2.8996804881956075
201800034975,NonLethal,2018-01-31,17:20:00,Daylight,800,21,Yes,NoIntersection,Normal,Other,"2, BD DU PORT",M,49.895901849310015,2.8975633548590847
201800034976,NonLethal,2018-01-30,13:02:00,Daylight,800,21,Yes,NoIntersection,Normal,2Vehicles-Behind,"159, R JULES BARNI",M,49.88667398965399,2.884633312714953
201800034977,NonLethal,2018-02-02,16:40:00,Daylight,800,21,Yes,X-type,Normal,2Vehicles-Behind,"42, R DE L'ABLADENE",M,49.88199769181888,2.883481014812725
201800034979,NonLethal,2018-02-05,08:00:00,TwilightOrDawn,800,21,Yes,NoIntersection,Normal,2Vehicles-Side,R DE SAVOIE,M,49.91623218403462,2.915607864643477
201800034980,NonLethal,2018-05-02,13:20:00,Daylight,800,21,Yes,X-type,Normal,2Vehicles-Behind,PL MARECHAL FOCH,M,49.893526050473234,2.8927213664434115
201800034981,NonLethal,2018-07-02,16:05:00,Daylight,800,21,Yes,NoIntersection,Normal,Other,"435, R DE GRACE",M,49.91089754345524,2.910435532171792
201800034982,NonLethal,2018-02-08,14:20:00,Daylight,800,21,Yes,NoIntersection,Normal,Other,BD DE ROUBAIX,M,49.9179768653931,2.917597278611439
201800034983,NonLethal,2018-02-12,18:50:00,Daylight,800,730,No,NoIntersection,Normal,3+Vehicles-Multiple,R PAUL CORNET,M,49.90147919602547,2.897283719089913
201800034984,NonLethal,2018-08-02,18:36:00,NightStreelightsOn,800,21,Yes,NoIntersection,Normal,2Vehicles-Behind,"145, BD DE BELFORT",M,49.890527716777605,2.8889074442668607
201800034985,NonLethal,2018-02-16,13:50:00,Daylight,800,21,Yes,NoIntersection,Normal,2Vehicles-Behind,"203, BD DE CHATEAUDUN",M,49.88447214748766,2.884865774744871
201800034986,NonLethal,2018-02-18,19:25:00,NightStreelightsOn,800,21,Yes,NoIntersection,Normal,Other,BD FAIDHERBE,M,49.89302645182614,2.894576916197699
201800034987,NonLethal,2018-02-20,10:25:00,Daylight,800,21,Yes,X-type,Normal,2Vehicles-Side,"156, BD DE BAPAUME",M,49.88401804754096,2.8820592178359665
201800034988,NonLethal,2018-02-25,17:15:00,Daylight,800,21,Yes,NoIntersection,Normal,Other,"1, AV JULES VALLES",M,49.91601251841183,2.9133915804091157
201800034989,NonLethal,2018-02-23,09:10:00,Daylight,800,21,Yes,NoIntersection,Normal,2Vehicles-Behind,"387, R D'ABBEVILLE",M,49.91158692827804,2.9098475517818625
201800034990,NonLethal,2018-02-23,15:05:00,Daylight,800,21,Yes,NoIntersection,Normal,NoCollision,RPT DE LA LICORNE,M,49.8985309440367,2.8986304567259005
201800034992,NonLethal,2018-02-22,07:30:00,Daylight,800,21,Yes,X-type,Normal,2Vehicles-Side,CHS SAINT PIERRE,M,49.903996900115445,2.904147137208032
201800034993,NonLethal,2018-02-28,16:25:00,Daylight,800,21,Yes,NoIntersection,Normal,2Vehicles-Side,"191, BD SAINT QUENTIN",M,49.88040133159805,2.8799567765109764
201800034994,NonLethal,2018-03-03,10:00:00,Daylight,800,21,Yes,NoIntersection,SnowOrHail,Other,"1, BD DE ROUBAIX",M,49.90771636155879,2.906702576640515
201800034995,NonLethal,2018-03-04,19:00:00,NightStreelightsOn,800,21,Yes,NoIntersection,Normal,Other,"79, R SAINT LEU",M,49.89999075978873,2.9002309946911966
201800034996,NonLethal,2018-08-03,07:40:00,Daylight,800,21,Yes,X-type,Normal,2Vehicles-Side,R GRESSET,M,49.89338076676143,2.892654244779667
201800034997,NonLethal,2018-08-03,13:10:00,Daylight,800,21,Yes,NoIntersection,LightRain,2Vehicles-Behind,R BOTTICELLI,M,49.92343290619706,2.9203430421443413
201800034999,NonLethal,2018-03-08,19:20:00,NightStreelightsOn,800,21,Yes,NoIntersection,Normal,2Vehicles-Side,PL VOGEL,M,49.897531875129424,2.897762658295283
201800035001,NonLethal,2018-03-15,17:30:00,Daylight,800,724,Yes,NoIntersection,Normal,2Vehicles-Behind,D21O,M,49.860302742122784,2.8591823648367223
201800035004,NonLethal,2018-03-21,03:45:00,NightStreelightsOn,800,21,Yes,NoIntersection,Normal,Other,R DE L'ABBE HENOCQUE,M,49.90887284703632,2.910542748685074
201800035005,Lethal,2018-02-24,14:40:00,Daylight,800,256,Yes,NoIntersection,Normal,NoCollision,CHEMIN DE LA MARINE,M,49.91666438481251,2.9176606167896715
201800035006,NonLethal,2018-03-15,08:45:00,Daylight,800,21,Yes,NoIntersection,Normal,Other,BD D'ALSACE LORRAINE,M,49.8926165155948,2.891893642676161
201800035007,NonLethal,2018-03-16,14:55:00,Daylight,800,21,Yes,NoIntersection,Normal,Other,R DU CHEMIN VERT,M,49.8803854837922,2.878980051673875
201800035008,NonLethal,2018-03-25,19:05:00,Daylight,800,21,Yes,X-type,Normal,2Vehicles-Side,R JEAN RACINE,M,49.86266036272931,2.8620185655280888
201800035009,NonLethal,2018-03-26,13:00:00,Daylight,800,21,Yes,NoIntersection,Normal,2Vehicles-Side,AV DE L'EUROPE,M,49.92208061767497,2.925216392420075
201800035010,NonLethal,2018-01-09,16:40:00,Daylight,800,21,Yes,NoIntersection,Normal,2Vehicles-Side,"176, R DE CAGNY",M,49.88116898455161,2.8836939295517934
201800035012,NonLethal,2018-03-28,10:30:00,Daylight,800,21,Yes,X-type,Normal,2Vehicles-Side,AV GEORGES POMPIDOU,M,49.90336450637799,2.901173186236495
201800035014,NonLethal,2018-03-30,08:30:00,Daylight,800,21,Yes,NoIntersection,Normal,2Vehicles-BehindVehicles-Frontal,"281, R D'ELBEUF",M,49.88619050924108,2.888193986756974
201800035015,NonLethal,2018-02-04,18:00:00,Daylight,800,21,Yes,NoIntersection,LightRain,Other,R EMILE FRANCFORT,M,49.89418291326515,2.893982418030956
201800035016,NonLethal,2018-04-03,22:00:00,NightStreelightsOn,800,21,Yes,X-type,Normal,2Vehicles-Side,ESP EDOUARD BRANLY,M,49.88963590887816,2.8903937200439067
201800035017,NonLethal,2018-04-03,10:25:00,Daylight,800,261,Yes,NoIntersection,Normal,2Vehicles-Behind,RTE D'AMIENS,M,49.86613316264674,2.8665237335156752
201800035018,NonLethal,2018-03-17,12:30:00,Daylight,800,21,Yes,NoIntersection,Normal,2Vehicles-Side,N25,M,49.902805931186855,2.90533430937656
201800035019,NonLethal,2018-04-04,21:20:00,NightNoStreetLight,800,674,No,NoIntersection,LightRain,2Vehicles-BehindVehicles-Frontal,D929,M,49.91282219816278,2.9133422920960057
201800035020,NonLethal,2018-04-04,12:50:00,Daylight,800,21,Yes,NoIntersection,Normal,2Vehicles-Behind,PORT D'AMONT,M,49.89476117143471,2.8957624767095056
201800035021,NonLethal,2018-04-04,22:50:00,NightStreelightsOn,800,21,Yes,X-type,Normal,2Vehicles-Side,PL ALPHONSE FIQUET,M,49.88995526305902,2.89063832482134
201800035022,NonLethal,2018-04-06,17:20:00,Daylight,800,21,Yes,NoIntersection,Normal,2Vehicles-Side,R COMMANDANT  DEFONTAINE,M,49.896898073145216,2.895808652165353
201800035023,NonLethal,2018-04-06,18:40:00,Daylight,800,632,Yes,NoIntersection,Normal,Other,RTE DE ROUEN,M,49.88076357427699,2.880918127990882
201800035024,NonLethal,2018-07-04,20:45:00,NightStreelightsOn,800,21,Yes,X-type,Normal,2Vehicles-Side,R D'ABBEVILLE,M,49.91083982751107,2.9102715253671456
201800035025,NonLethal,2018-04-08,00:55:00,NightStreelightsOn,800,21,Yes,X-type,Normal,2Vehicles-Side,CHS SAINT PIERRE,M,49.90262918051093,2.9021646138751693
201800035026,NonLethal,2018-09-04,02:05:00,NightStreelightsOn,800,21,Yes,NoIntersection,Normal,Other,R DE COTTENCHY,M,49.882652767585405,2.885335916733835
201800035027,NonLethal,2018-04-09,12:20:00,Daylight,800,21,Yes,NoIntersection,Normal,2Vehicles-Behind,AV DU GENERAL FOY,M,49.88805873814063,2.8882766109581217
201800035028,NonLethal,2018-09-04,20:00:00,Daylight,800,21,Yes,NoIntersection,Normal,2Vehicles-Behind,AV DU GENERAL DE GAULLE,M,49.90596923647918,2.9070898455612184
201800035029,NonLethal,2018-11-04,11:40:00,Daylight,800,21,Yes,NoIntersection,Normal,Other,BD FAIDHERBE,M,49.896754673231214,2.896803334237142
201800035030,NonLethal,2018-11-04,13:30:00,Daylight,800,21,Yes,NoIntersection,Normal,Other,R DE L'ILE DE FRANCE,M,49.91392018455512,2.913662171921165
201800035032,NonLethal,2018-04-12,12:40:00,Daylight,800,21,Yes,NoIntersection,Normal,2Vehicles-Behind,AV DE L'EUROPE,M,49.91602165871221,2.9162269914810097
201800035035,NonLethal,2018-04-17,08:55:00,Daylight,800,21,Yes,NoIntersection,Normal,2Vehicles-Behind,R JULES BARNI,M,49.88815072415456,2.888163413711328
201800035036,NonLethal,2018-04-18,07:03:00,Daylight,800,21,Yes,NoIntersection,Normal,Other,R LUCIEN FOURNIER,M,49.89640396838058,2.894760730314569
201800035037,NonLethal,2018-04-19,14:50:00,Daylight,800,21,Yes,Other,Normal,Other,R VANMARCKE,M,49.89644992212643,2.89643144608404
201800035038,NonLethal,2018-04-20,15:50:00,Daylight,800,21,Yes,NoIntersection,Normal,2Vehicles-Side,AV GEORGES POMPIDOU,M,49.90351226795158,2.905080089107397
201800035039,NonLethal,2018-04-20,22:42:00,NightStreelightsOn,800,21,Yes,Other,Normal,NoCollision,BOTTICELLI (RUE),M,49.922508993690506,2.9230267736445263
201800035040,NonLethal,2018-04-20,19:24:00,Daylight,800,164,Yes,NoIntersection,Normal,2Vehicles-BehindVehicles-Frontal,R JEAN DUMESGES,M,49.89766526517389,2.8959158760256165
201800035041,NonLethal,2018-04-21,21:10:00,TwilightOrDawn,800,21,Yes,NoIntersection,Normal,2Vehicles-BehindVehicles-Frontal,BD BEAUVILLE,M,49.9040015435531,2.90411175558834
201800035042,NonLethal,2018-04-21,20:20:00,Daylight,800,21,Yes,NoIntersection,Normal,3+Vehicles-Chain,AV DU GENERAL DE GAULLE,M,49.903581443322125,2.9048832382955285
201800035043,NonLethal,2018-04-21,18:20:00,Daylight,800,21,Yes,NoIntersection,Normal,2Vehicles-Side,ALL TETE D'OR,M,49.878023961246974,2.876913340010676
201800035045,NonLethal,2018-04-25,17:20:00,Daylight,800,21,Yes,NoIntersection,Normal,Other,AV JULES VALLES,M,49.91586763588865,2.9172425688244084
201800035046,NonLethal,2018-05-01,20:35:00,Daylight,800,21,Yes,NoIntersection,Normal,2Vehicles-Side,"21, R D'ABBEVILLE",M,49.906288952848506,2.905213143346274
201800035047,NonLethal,2018-01-05,16:10:00,Daylight,800,21,Yes,NoIntersection,Normal,Other,"106, R FREDERIC MISTRAL",M,49.87109894838827,2.8698719110880635
201800035049,NonLethal,2018-05-02,16:25:00,Daylight,800,21,Yes,NoIntersection,Normal,Other,R DE ROUEN,M,49.885211770284286,2.8884863712883897
201800035050,NonLethal,2018-07-05,12:00:00,Daylight,800,21,Yes,NoIntersection,Normal,Other,"99, R DU COMTE RAOUL",M,49.8830344349618,2.884341515268679
201800035051,NonLethal,2018-07-05,14:05:00,Daylight,800,21,Yes,X-type,Normal,2Vehicles-Side,ESP EDOUARD BRANLY,M,49.89075992126983,2.8921507389629566
201800035052,NonLethal,2018-05-09,19:55:00,Daylight,800,21,Yes,NoIntersection,Normal,2Vehicles-Side,BD DE ROUBAIX,M,49.90776633176355,2.9092139685378173
201800035053,NonLethal,2018-11-05,17:45:00,Daylight,800,21,Yes,NoIntersection,Normal,Other,AV DE LA PAIX,M,49.9112812571063,2.911633841154066
201800035054,NonLethal,2018-11-05,17:55:00,Daylight,800,21,Yes,NoIntersection,Normal,Other,R DES TROIS CAILLOUX,M,49.89255294435691,2.892186333347315
201800035055,NonLethal,2018-05-16,17:40:00,Daylight,800,21,Yes,NoIntersection,Normal,Other,R JULES BARNI,M,49.88649325107362,2.8857579078546465
201800035056,Lethal,2018-10-03,19:02:00,TwilightOrDawn,800,21,Yes,NoIntersection,Normal,NoCollision,QUAI CHARLES TELLIER,M,49.9046110059449,2.903665313072193
201800035057,NonLethal,2018-05-18,08:55:00,Daylight,800,21,Yes,X-type,Normal,3+Vehicles-Multiple,"206, R RIOLAN",M,49.886371199515686,2.886498921275241
201800035058,NonLethal,2018-05-21,16:35:00,Daylight,800,21,Yes,X-type,Normal,2Vehicles-Side,"l8, QU DE L'ECLUSE",M,49.90042857010906,2.8989673138957945
201800035060,NonLethal,2018-05-25,02:10:00,NightStreelightsOn,800,21,Yes,NoIntersection,FogOrSmoke,NoCollision,"31, BD BARABAN",M,49.901247468516495,2.8975095128619826
201800035061,NonLethal,2018-05-25,07:50:00,Daylight,800,21,Yes,NoIntersection,FogOrSmoke,2Vehicles-BehindVehicles-Frontal,R FONTAINE BERTRICOURT,M,49.92084535842038,2.9236197536404807
201800035062,NonLethal,2018-05-28,08:35:00,Daylight,800,21,Yes,NoIntersection,Normal,Other,"41, R ABBE DE L'EPEE",M,49.89998874245786,2.897881484395867
201800035063,NonLethal,2018-05-31,08:28:00,Daylight,800,21,Yes,NoIntersection,Normal,2Vehicles-Side,R MARCHE LANSELLES,M,49.89579828077106,2.8971471225210355
201800035064,NonLethal,2018-01-06,15:00:00,Daylight,800,21,Yes,NoIntersection,Normal,Other,R DES DEPORTES,M,49.903846053086745,2.9024767260981283
201800035065,NonLethal,2018-04-06,07:15:00,Daylight,800,164,No,NoIntersection,Normal,2Vehicles-Side,N25,M,49.88707327325046,2.8870328611162077
201800035066,NonLethal,2018-06-06,00:10:00,NightStreelightsOn,800,21,Yes,NoIntersection,Normal,Other,BD DE ROUBAIX,M,49.905281911783696,2.905489751303753
201800035067,NonLethal,2018-06-06,17:20:00,Daylight,800,674,Yes,NoIntersection,Normal,2Vehicles-Side,"212, AV DEFENSE PASSIVE",M,49.90935163361316,2.9123034946604798
201800035068,NonLethal,2018-06-06,19:50:00,Daylight,800,21,Yes,NoIntersection,Normal,NoCollision,"427, R COLBERT",M,49.88952127205385,2.8888771831151394
201800035069,NonLethal,2018-03-09,13:30:00,Daylight,800,21,Yes,NoIntersection,Normal,2Vehicles-Side,BD DES FEDERES,M,49.89785534568946,2.897861283550434
201800035070,NonLethal,2018-12-06,10:50:00,Daylight,800,21,Yes,NoIntersection,Normal,2Vehicles-Side,R DES DEPORTES,M,49.90213338915568,2.900825012673696
201800035071,NonLethal,2018-06-12,16:45:00,Daylight,800,21,Yes,X-type,Normal,2Vehicles-Side,AV SALVADOR ALLENDE,M,49.89657104619894,2.896416279645824
201800035072,NonLethal,2018-12-06,14:35:00,Daylight,800,21,Yes,NoIntersection,Normal,2Vehicles-Behind,"45, R JULES BARNI",M,49.88880827207455,2.891105653422351
201800035073,NonLethal,2018-06-13,18:15:00,Daylight,800,21,Yes,NoIntersection,Normal,2Vehicles-Side,R MAURICE RAVEL,M,49.915157140197,2.912484383434579
201800035074,NonLethal,2018-06-15,08:40:00,Daylight,800,21,Yes,NoIntersection,Normal,Other,R GLORIETTE,M,49.89329553669808,2.8914843496441605
201800035075,NonLethal,2018-06-16,19:50:00,Daylight,800,489,Yes,NoIntersection,Normal,Other,R HENRI BARBUSSE,M,49.87097850412433,2.870137881580323
201800035076,NonLethal,2018-06-21,13:05:00,Daylight,800,674,Yes,T-type,Normal,2Vehicles-Side,R DU BEAU SEJOUR,M,49.90809495866172,2.9084807894103166
201800035077,NonLethal,2018-06-22,17:40:00,Daylight,800,21,Yes,NoIntersection,Normal,3+Vehicles-Chain,"376, R DE PARIS",M,49.88221240665579,2.882595112105479
201800035078,NonLethal,2018-06-26,05:50:00,Daylight,800,131,Yes,NoIntersection,Normal,Other,PL DE L'AMIRAL COURBET,M,49.84534050750785,2.846058288346176
201800035080,NonLethal,2018-06-26,09:00:00,Daylight,800,21,Yes,Roundabout,Normal,2Vehicles-Side,CARR DE LA LIBERATION,M,49.88769290672349,2.8873382837270163
201800035081,NonLethal,2018-06-28,20:20:00,TwilightOrDawn,800,21,Yes,NoIntersection,Normal,2Vehicles-Behind,R FRANKLIN ROOSEVELT,M,49.91772519125238,2.9178466052942107
201800035082,NonLethal,2018-02-07,08:45:00,Daylight,800,21,Yes,NoIntersection,Normal,2Vehicles-BehindVehicles-Frontal,R DE GRACE,M,49.90580223148651,2.9050596118816
201800035083,NonLethal,2018-07-03,21:20:00,Daylight,800,379,Yes,NoIntersection,Normal,NoCollision,AV PHILEAS FOGG,M,49.868536557770334,2.867471345121224
201800035084,NonLethal,2018-02-07,14:16:00,Daylight,800,21,Yes,NoIntersection,Normal,2Vehicles-Side,"16, R DE SULLY",M,49.90914068845455,2.911271607826253
201800035086,NonLethal,2018-05-07,22:35:00,TwilightOrDawn,800,21,Yes,NoIntersection,Normal,Other,"390, R D'ABBEVILLE",M,49.909641462270095,2.907867465278985
201800035087,NonLethal,2018-11-07,00:30:00,NightStreelightsOn,800,21,Yes,NoIntersection,Normal,Other,PL SAINT-MICHEL,M,49.89428930725797,2.894542057536577
201800035088,NonLethal,2018-07-13,14:00:00,Daylight,800,21,Yes,NoIntersection,Normal,2Vehicles-Side,"62, R DE ABBE L'EPEE",M,49.899458134842845,2.899571660384921