AccidentId,Gravity,Date,Hour,Light,Department,Commune,InAgglomeration,IntersectionType,Weather,CollisionType,PostalAddress,GPSCode,Latitude,Longitude
201800035089,NonLethal,2018-07-13,22:30:00,NightStreelightsOn,800,21,Yes,NoIntersection,Normal,2Vehicles-BehindVehicles-Frontal,"48, R JEAN JAURES",M,49.89776267148578,2.8974786393108345
201800035090,NonLethal,2018-07-14,11:40:00,Daylight,800,21,Yes,X-type,Normal,3+Vehicles-Multiple,"639, R D'ABBEVILLE",M,49.91075502086149,2.9116667655840045
201800035091,NonLethal,2018-07-17,10:57:00,Daylight,800,21,Yes,NoIntersection,Normal,Other,AV DE LA LICORNE,M,49.897001574564726,2.8982710001385747
201800035092,NonLethal,2018-07-20,23:43:00,NightStreelightsOn,800,21,Yes,NoIntersection,Normal,NoCollision,R D'AUSTRALIE,M,49.90546215552399,2.9052152721945315
201800035093,NonLethal,2018-07-22,18:30:00,Daylight,800,21,Yes,X-type,Normal,2Vehicles-Side,R ALBERIC DE CALONNE,M,49.88709672149187,2.8872094477703723
201800035094,NonLethal,2018-07-21,19:15:00,Daylight,800,21,Yes,NoIntersection,Normal,2Vehicles-Side,R EDOUARD LUCAS,M,49.89982606430259,2.897393201917036
201800035095,NonLethal,2018-07-23,08:20:00,Daylight,800,21,Yes,NoIntersection,Normal,2Vehicles-Behind,"20, BD ALSACE LORRAINE",M,49.89276854443056,2.891043393941496
201800035097,NonLethal,2018-07-26,09:25:00,Daylight,800,21,Yes,NoIntersection,Normal,Other,"245, R D'ELBEUF",M,49.88657151859722,2.889536629426116
201800035098,NonLethal,2018-07-27,21:05:00,TwilightOrDawn,800,21,Yes,NoIntersection,LightRain,Other,R LE BATONNIER MAHIU,M,49.89349180348948,2.8964608019680407
201800035099,NonLethal,2018-07-27,19:05:00,Daylight,800,21,Yes,NoIntersection,Normal,Other,R LESCOUVE,M,49.88778058443216,2.888152172530321
201800035100,NonLethal,2018-07-31,18:35:00,Daylight,800,21,Yes,NoIntersection,Normal,Other,AV DU 14 JUILLET 1789,M,49.88000892138124,2.878995452133412
201800035103,NonLethal,2018-07-08,17:55:00,Daylight,800,21,Yes,NoIntersection,Normal,2Vehicles-Behind,BD BEAUVILLE,M,49.89483970363981,2.8941869078657865
201800035104,NonLethal,2018-09-08,10:10:00,Daylight,800,21,No,X-type,HeavyRain,2Vehicles-Side,BD PORT D'AMONT,M,49.89311894173625,2.8953218650631056
201800035105,NonLethal,2018-08-17,19:00:00,Daylight,800,21,Yes,NoIntersection,Normal,2Vehicles-Side,PL PARMENTIER,M,49.895511047037,2.897014352765804
201800035106,NonLethal,2018-08-22,18:45:00,Daylight,800,21,Yes,NoIntersection,Normal,2Vehicles-Side,"16, BD PORT D'AMONT",M,49.893415716210704,2.895689986905852
201800035107,NonLethal,2018-08-25,10:34:00,Daylight,800,21,Yes,NoIntersection,Normal,Other,R GRESSET,M,49.89353846127493,2.894392234475051
201800035108,NonLethal,2018-08-28,16:55:00,Daylight,800,21,Yes,X-type,Normal,2Vehicles-Side,R SAINT-MAURICE,M,49.90393166279658,2.905311816124565
201800035110,NonLethal,2018-08-28,08:58:00,Daylight,800,21,Yes,NoIntersection,Normal,2Vehicles-Side,AV DU 14 JUILLET 1789,M,49.87928587730212,2.879909945285257
201800035111,NonLethal,2018-08-29,07:55:00,Daylight,800,21,Yes,NoIntersection,LightRain,2Vehicles-Behind,"330, R GUTENBERG",M,49.91716114835382,2.9199711720772847
201800035112,NonLethal,2018-08-31,17:15:00,Daylight,800,21,Yes,NoIntersection,Normal,3+Vehicles-Multiple,PL MARECHAL FOCH,M,49.89352699039792,2.8929388359275983
201800035113,NonLethal,2018-06-09,17:25:00,Daylight,800,21,Yes,NoIntersection,Normal,Other,"32, BD CARNOT",M,49.89193180489829,2.8906809988980307
201800035114,NonLethal,2018-09-06,20:45:00,TwilightOrDawn,800,21,Yes,NoIntersection,Normal,Other,BD DU PORT D'AMONT,M,49.893527217503454,2.8937615153123035
201800035115,NonLethal,2018-09-12,07:45:00,Daylight,800,21,Yes,X-type,Normal,2Vehicles-BehindVehicles-Frontal,R DES PRES FORETS,M,49.90145595710032,2.900183289793644
201800035116,NonLethal,2018-12-09,08:10:00,Daylight,800,724,No,X-type,FogOrSmoke,2Vehicles-Side,D210,M,49.85168058379034,2.8512738278456986
201800035117,NonLethal,2018-09-12,08:55:00,Daylight,800,724,No,NoIntersection,FogOrSmoke,2Vehicles-Behind,D210,M,49.84769787738068,2.8489898214028764
201800035118,NonLethal,2018-09-13,20:35:00,NightStreelightsOn,800,21,Yes,X-type,Normal,2Vehicles-Side,R ROBERT LE COQ,M,49.90009245641976,2.902688437103449
201800035119,NonLethal,2018-09-13,18:25:00,Daylight,800,261,Yes,X-type,Normal,2Vehicles-Side,RTE D'AMIENS,M,49.86665701457378,2.8655216168201374
201800035120,NonLethal,2018-09-14,00:25:00,NightStreelightsOn,800,21,Yes,NoIntersection,Normal,Other,R VANMARCKE,M,49.89590259858549,2.896046289876538
201800035121,NonLethal,2018-09-14,19:30:00,Daylight,800,21,Yes,T-type,Normal,2Vehicles-Side,ALL DES RIEZ,M,49.86457479220675,2.865866012503315
201800035122,Lethal,2018-09-15,22:00:00,NightStreelightsOn,800,21,Yes,NoIntersection,Normal,Other,R EMILE FRANCFORT,M,49.89427561793264,2.894487646879341
201800035124,NonLethal,2018-09-18,23:00:00,NightStreelightsOn,800,632,Yes,NoIntersection,Normal,Other,RTE DE ROUEN,M,49.88110606380447,2.8798458979435804
201800035125,NonLethal,2018-09-20,04:30:00,NightStreelightsOn,800,164,Yes,NoIntersection,Normal,2Vehicles-BehindVehicles-Frontal,R ROGER ALLOU,M,49.89549393120216,2.891972699460412
201800035126,NonLethal,2018-09-22,12:00:00,Daylight,800,21,Yes,X-type,Normal,2Vehicles-Side,GRANDE RUE DE VEILLERE,M,49.89643860854434,2.89861831751107
201800035127,NonLethal,2018-09-24,18:30:00,Daylight,800,21,Yes,Other,Normal,2Vehicles-Side,"28, R ALEXANDRE DUMAS",M,49.869802181686616,2.871096595396495
201800035129,NonLethal,2018-09-26,17:00:00,Daylight,800,21,Yes,NoIntersection,Normal,2Vehicles-Side,R CLAUDIUS SERRASSAINT,M,49.89403730990222,2.892942048792679
201800035130,NonLethal,2018-09-27,17:15:00,Daylight,800,21,Yes,NoIntersection,Normal,2Vehicles-Side,"35, R ANDRE DUROUCHEZ",M,49.92994191547819,2.929979711005002
201800035131,NonLethal,2018-09-30,07:30:00,NightStreelightsOn,800,725,Yes,NoIntersection,Normal,Other,D8,M,49.87023610682259,2.871295546409642
201800035132,NonLethal,2018-10-01,16:10:00,Daylight,800,489,Yes,NoIntersection,Normal,Other,"32, AV DE LA VILLE IDEAL",M,49.86871420871081,2.867557268329401
201800035133,NonLethal,2018-10-01,17:25:00,Daylight,800,489,Yes,NoIntersection,Normal,Other,AV DE LA VILLE IDEALE,M,49.86796033932689,2.8673876527838265
201800035134,NonLethal,2018-10-02,08:15:00,TwilightOrDawn,800,21,Yes,NoIntersection,Normal,3+Vehicles-Chain,"217, R JEAN MOULIN",M,49.87837545572759,2.8768718387017684
201800035135,NonLethal,2018-10-04,06:50:00,NightStreelightsOn,800,21,Yes,NoIntersection,Normal,Other,PL MARECHAL FOCH,M,49.8939550335867,2.890358808067166
201800035138,NonLethal,2018-05-10,18:30:00,Daylight,800,21,Yes,NoIntersection,Normal,2Vehicles-Behind,R CHAUVELIN,M,49.89785640574497,2.896817607770965
201800035139,NonLethal,2018-10-10,11:40:00,Daylight,800,489,No,NoIntersection,Normal,2Vehicles-Behind,N25,M,49.8731872924748,2.8719239589373227
201800035140,NonLethal,2018-10-13,10:45:00,Daylight,800,131,No,NoIntersection,Normal,2Vehicles-Behind,R ALPHONSE TELLIER,M,49.84149147518917,2.8417754440061054
201800035141,NonLethal,2018-10-12,13:40:00,Daylight,800,21,Yes,T-type,Normal,2Vehicles-BehindVehicles-Frontal,ESP EDOUARD BRANLY,M,49.88976527651003,2.8912244389000907
201800035142,NonLethal,2018-10-16,15:15:00,Daylight,800,21,Yes,NoIntersection,Normal,2Vehicles-BehindVehicles-Frontal,AV DU 14 JUILLET 1789,M,49.878993703100974,2.8755728699134324
201800035143,NonLethal,2018-10-17,09:20:00,Daylight,800,21,Yes,NoIntersection,Normal,2Vehicles-Side,"84, R JULES BARNI",M,49.88591829289104,2.887630916352602
201800035144,NonLethal,2018-10-18,17:57:00,Daylight,800,379,Yes,NoIntersection,Normal,Other,AV PHILEAS FOGG,M,49.86822695479844,2.867884507262442
201800035145,NonLethal,2018-10-18,09:01:00,Daylight,800,21,Yes,NoIntersection,Normal,Other,"257, R DE DREUIL",M,49.90594046295519,2.905928946599926
201800035146,NonLethal,2018-10-18,09:15:00,Daylight,800,256,Yes,NoIntersection,Normal,2Vehicles-BehindVehicles-Frontal,"534, AV LOUIS PASTEUR",M,49.91333245486143,2.9114744453902426
201800035148,NonLethal,2018-10-23,19:08:00,TwilightOrDawn,800,21,Yes,X-type,Normal,2Vehicles-Behind,"75, R DU CHATEAU MILAN",M,49.90099665979058,2.9023596100378963
201800035149,NonLethal,2018-10-28,20:50:00,NightStreelightsOn,800,21,Yes,T-type,Normal,2Vehicles-Side,"37, BD BARABAN",M,49.89894302858323,2.9005724133789554
201800035150,NonLethal,2018-10-30,10:05:00,Daylight,800,21,Yes,NoIntersection,LightRain,Other,PL RENE GOBLET,M,49.89062444786883,2.892726078964261
201800035151,NonLethal,2018-11-02,16:30:00,Daylight,800,21,Yes,NoIntersection,Normal,Other,R ALEXANDRE DUMAS,M,49.875009411451366,2.8750101192705446
201800035152,NonLethal,2018-05-11,11:50:00,Daylight,800,489,Yes,NoIntersection,Normal,2Vehicles-Side,AV DE LA VILLE IDEALE,M,49.86719318839647,2.869354073352837
201800035153,NonLethal,2018-06-11,19:05:00,NightStreelightsOn,800,21,Yes,NoIntersection,Normal,2Vehicles-Side,R DE CAGNY,M,49.87432072355512,2.87494722737793
201800035154,NonLethal,2018-08-11,15:05:00,Daylight,800,21,Yes,Roundabout,Normal,2Vehicles-Side,R D'ABBEVILLE,M,49.90670963631966,2.905813783621872
201800035156,NonLethal,2018-11-08,14:15:00,Daylight,800,489,Yes,T-type,Normal,3+Vehicles-Multiple,R VICTOR HUGO,M,49.86750181513133,2.868594821710205
201800035157,NonLethal,2018-11-13,15:40:00,Daylight,800,489,Yes,NoIntersection,Normal,2Vehicles-Side,AV DE LA VILLE IDEALE,M,49.86877380050549,2.8694902981362223
201800035160,NonLethal,2018-11-15,19:10:00,NightStreelightsOn,800,21,Yes,T-type,LightRain,2Vehicles-Side,R DELPECH,M,49.8888381232299,2.887152001464089
201800035161,NonLethal,2018-11-17,11:28:00,Daylight,800,131,No,NoIntersection,Normal,2Vehicles-BehindVehicles-Frontal,CH DE SAINS,M,49.82396585839942,2.8240603095906263
201800035163,NonLethal,2018-11-16,17:15:00,NightStreelightsOn,800,21,Yes,NoIntersection,Normal,Other,R LEON DUPONTREUE,M,49.90697963141926,2.90623510919866
201800035166,NonLethal,2018-11-19,13:17:00,Daylight,800,21,Yes,NoIntersection,Normal,2Vehicles-Side,"5, R AIME MERCHEZ",M,49.89241896839464,2.8933444407191846
201800035167,NonLethal,2018-11-22,17:30:00,NightStreelightsOn,800,21,Yes,T-type,LightRain,2Vehicles-Side,R DE VERDUN,M,49.89495696619632,2.8953254131026704
201800035168,NonLethal,2018-11-23,08:45:00,Daylight,800,21,Yes,NoIntersection,Normal,2Vehicles-Side,"271, R DE ROUEN",M,49.88579182669035,2.88809058357052
201800035170,NonLethal,2018-11-29,18:10:00,NightStreelightsOn,800,21,Yes,NoIntersection,Normal,Other,"191, R DE ROUEN",M,49.88665869399814,2.8853959641281723
201800035171,NonLethal,2018-11-29,12:00:00,Daylight,800,21,Yes,NoIntersection,Normal,Other,"10, R FREDERIC PETIT",M,49.89270877389709,2.89159906222231
201800035172,NonLethal,2018-11-30,10:45:00,Daylight,800,21,Yes,NoIntersection,Normal,3+Vehicles-Multiple,"1, AV DU GENERAL FOY",M,49.89196421683257,2.894127511654791
201800035173,NonLethal,2018-12-03,11:50:00,Daylight,800,21,Yes,NoIntersection,HeavyRain,Other,"360, R D'ABBEVILLE",M,49.91046099280856,2.908637282043188
201800035174,NonLethal,2018-12-04,18:45:00,NightStreelightsOn,800,21,Yes,NoIntersection,Normal,3+Vehicles-Chain,"467, R D'ABBEVILLE",M,49.91152425458552,2.910976649129571
201800035175,NonLethal,2018-05-12,14:15:00,Daylight,800,21,Yes,NoIntersection,Normal,3+Vehicles-Chain,"11, R AUSTRALIE",M,49.90467143783091,2.902061897632984
201800035177,NonLethal,2018-09-12,17:25:00,NightStreelightsOn,800,21,Yes,NoIntersection,LightRain,2Vehicles-Side,"5, R RIOLAN",M,49.88935740373604,2.8870143927685765
201800035178,NonLethal,2018-07-12,09:45:00,Daylight,800,21,Yes,NoIntersection,Overcast,2Vehicles-Behind,BD DE ROUBAIX,M,49.91259050168395,2.911789066779368
201800035179,NonLethal,2018-12-09,17:10:00,Daylight,800,21,Yes,NoIntersection,Normal,Other,"206, R DELALANDE",M,49.90902685737108,2.908140665245203
201800035180,NonLethal,2018-06-12,18:23:00,NightStreelightsOn,800,21,Yes,NoIntersection,Normal,2Vehicles-BehindVehicles-Frontal,"13, AV DEFENSE PASSIVE",M,49.90751152268063,2.906438693459213
201800035181,NonLethal,2018-06-12,12:15:00,Daylight,800,489,Yes,T-type,Normal,2Vehicles-Side,R DU GENERAL GALLIENI,M,49.86874003742915,2.868948307993096
201800035182,NonLethal,2018-06-12,20:05:00,NightStreelightsOn,800,725,Yes,NoIntersection,Normal,2Vehicles-Side,R MAURICE GENEVOIX,M,49.86702788028077,2.8690196317519185
201800035184,NonLethal,2018-12-13,20:00:00,NightStreelightsOn,800,21,Yes,NoIntersection,Normal,2Vehicles-Behind,R FRANKLIN ROOSEVELT,M,49.9153212745121,2.9144886750297445
201800035185,NonLethal,2018-12-14,20:30:00,NightStreelightsOn,800,21,Yes,X-type,Normal,2Vehicles-Side,BD FAIDHERBE / J CATELAS,M,49.895690370539,2.8965174589924514
201800035187,NonLethal,2018-12-17,23:13:00,NightStreelightsOn,800,164,Yes,NoIntersection,Normal,Other,D929,M,49.92081490789031,2.920619006506957
201800035188,NonLethal,2018-12-18,17:45:00,NightStreelightsOn,800,725,Yes,NoIntersection,LightRain,Other,AV DU GOLF,M,49.870371971237226,2.8710526893909063
201800035189,NonLethal,2018-12-18,18:30:00,NightStreelightsOn,800,21,Yes,NoIntersection,Normal,2Vehicles-Side,"45, R SAINT HONORE",M,49.88691124082923,2.885276443761647
201800035191,NonLethal,2018-12-20,08:15:00,Daylight,800,160,Yes,NoIntersection,Normal,Other,R JEAN MARIE TJIBAOU,M,49.86180284058162,2.863794356250107
201800035193,NonLethal,2018-12-23,19:40:00,NightStreelightsOn,800,21,Yes,NoIntersection,LightRain,2Vehicles-Side,"20, R LEO LAGRANGE",M,49.909822878877954,2.911624350684069
201800035195,NonLethal,2018-12-27,23:55:00,NightNoStreetLight,800,164,No,NoIntersection,Normal,Other,N25,M,49.89059965774933,2.8909852868775707
201800035197,NonLethal,2018-04-14,16:05:00,TwilightOrDawn,810,4,Yes,NoIntersection,LightRain,Other,GAMBETTA (AV),M,43.91742332863059,2.916828419088588
201800035198,NonLethal,2018-04-19,16:50:00,Daylight,810,4,Yes,NoIntersection,Normal,2Vehicles-Side,FAUCH (RTE DE),M,43.91665917477077,2.918836027520449
201800035199,NonLethal,2018-04-19,16:00:00,Daylight,810,4,Yes,Other,Normal,Other,BERTHIER (GENERAL),M,,
201800035200,Lethal,2018-02-06,08:30:00,Daylight,810,4,Yes,NoIntersection,Normal,2Vehicles-Side,CORDES (RTE DE),M,43.95007336891383,2.949180699656188
201800035201,NonLethal,2018-06-04,16:50:00,Daylight,810,4,No,NoIntersection,Normal,Other,MOISSAN (HENRI),M,,
201800035202,NonLethal,2018-06-02,18:45:00,Daylight,810,4,Yes,NoIntersection,Normal,Other,SIMONE SIGNORET,M,43.90994090496862,2.9115533437312235
201800035203,NonLethal,2018-06-24,21:45:00,TwilightOrDawn,810,257,No,NoIntersection,LightRain,NoCollision,VALLEE ( ROUTE DE LA ),M,43.94770322262698,2.95017009673839
201800035204,NonLethal,2018-07-05,17:15:00,Daylight,810,4,Yes,NoIntersection,HeavyRain,Other,VALMY (BD) DU Nø 1 AU Nø,M,43.92717778909468,2.928041405929385
201800035206,Lethal,2018-07-30,05:13:00,NightNoStreetLight,810,4,Yes,NoIntersection,Normal,NoCollision,SAINT SALVADOU (CH COTEA,M,43.91229339572968,2.913412842028975
201800035207,NonLethal,2018-03-08,07:40:00,Daylight,810,4,Yes,NoIntersection,Normal,2Vehicles-BehindVehicles-Frontal,LACOMBE (BD),M,43.917269213472416,2.9201059743420945
201800035209,NonLethal,2018-08-20,21:50:00,NightStreelightsOn,810,4,Yes,Other,Normal,2Vehicles-Side,POMPIDOU (LICES GEORGES),M,43.92593471484204,2.929558503479692
201800035210,NonLethal,2018-08-20,12:10:00,Daylight,810,4,Yes,NoIntersection,Normal,2Vehicles-Side,POUDRIERE (DE LA),M,43.91874122207481,2.920337592920841
201800035211,NonLethal,2018-11-09,17:45:00,Daylight,810,4,Yes,NoIntersection,Normal,2Vehicles-Side,THOMAS (AV ALBERT),M,43.946334117690405,2.947382512171432
201800035212,NonLethal,2018-09-20,19:30:00,Daylight,810,4,Yes,NoIntersection,Normal,Other,VERDIER (FRANCOIS),M,43.91937569078623,2.9178093525680096
201800035213,NonLethal,2018-10-04,04:50:00,NightNoStreetLight,810,4,Yes,NoIntersection,Normal,Other,MILLAU (RTE DE) DU Nø 32,M,43.929735219907336,2.9291636859583505
201800035214,Lethal,2018-10-15,05:50:00,NightNoStreetLight,810,4,Yes,NoIntersection,HeavyRain,Other,ROCADE RN88 NORD,M,43.9175487895557,2.9177980434483173
201800035215,NonLethal,2018-10-26,09:39:00,Daylight,810,4,Yes,NoIntersection,LightRain,Other,THOMAS (AV ALBERT),M,43.943247692923805,2.943482326104156
201800035216,NonLethal,2018-12-15,21:00:00,NightStreelightsOn,810,4,Yes,T-type,LightRain,2Vehicles-Side,DE GAULLE (AV GENERAL),M,43.924743530031584,2.9227204715325623
201800035217,Lethal,2018-12-16,05:50:00,NightNoStreetLight,810,4,No,NoIntersection,HeavyRain,NoCollision,CORDES (RTE DE),M,43.95639312334135,2.954246961456973
201800035218,Lethal,2018-12-23,21:53:00,NightNoStreetLight,810,4,Yes,NoIntersection,FogOrSmoke,Other,TEILLET (RTE DE),M,43.91582563617335,2.9139056312697043
201800035219,NonLethal,2018-03-15,06:45:00,TwilightOrDawn,810,60,No,X-type,Normal,2Vehicles-Side,CHEMIN DU PRE GRAND,M,44.05503914912042,2.051933147043594
201800035220,NonLethal,2018-03-31,20:15:00,NightStreelightsOn,810,60,Yes,NoIntersection,Normal,Other,AVENUE DE RODEZ,M,44.0568387347284,2.058957385080696
201800035221,NonLethal,2018-01-04,04:30:00,NightNoStreetLight,810,33,No,NoIntersection,LightRain,Other,PALAZY (AV.ALEXANDRE),M,,
201800035222,NonLethal,2018-08-13,21:45:00,NightStreelightsOn,810,60,Yes,Roundabout,Normal,2Vehicles-Side,CROIX DU MARQUIS (CARREF,M,44.04948965351258,2.049417286885059
201800035223,NonLethal,2018-08-21,09:03:00,Daylight,810,60,Yes,NoIntersection,Normal,Other,RAJOL ( BOULEVARD DU),M,44.05497784930817,2.055082070488434
201800035224,NonLethal,2018-10-30,11:30:00,Daylight,810,60,Yes,Y-type,Normal,2Vehicles-Side,,M,44.0461856720026,2.047865916336839
201800035225,NonLethal,2018-12-19,07:55:00,TwilightOrDawn,810,33,Yes,T-type,Other,3+Vehicles-Multiple,SAINTE MARIE ( CHEMIN ),M,44.0188207705085,2.019069759268401
201800035226,Lethal,2018-01-13,00:30:00,NightNoStreetLight,810,65,No,NoIntersection,Normal,NoCollision,RN 112 (ROCADE SUD),M,43.56981039225949,2.5718813613459504
201800035228,NonLethal,2018-04-05,21:28:00,NightStreelightsOn,810,65,Yes,NoIntersection,Normal,NoCollision,DE GAULLE RD 612 (AV. CH,M,43.591692348167975,2.5918687784851477
201800035229,Lethal,2018-04-05,22:35:00,NightStreelightsOn,810,65,Yes,NoIntersection,Normal,Other,SIDOBRE RD 622 (AV. DU),M,43.610882568328,2.608845940845067
201800035231,Lethal,2018-05-26,20:00:00,Daylight,810,65,No,NoIntersection,Normal,Other,HAUTERIVE RD 60 (RTE D'),M,43.56223156029722,2.56202942821582
201800035232,NonLethal,2018-09-09,01:50:00,NightStreelightsOn,810,65,Yes,NoIntersection,Normal,Other,MITTERRAND (AV. FRANCOIS,M,43.59339106106594,2.593957072348366
201800035233,NonLethal,2018-03-18,16:00:00,Daylight,810,163,No,NoIntersection,HeavyRain,2Vehicles-BehindVehicles-Frontal,Route des Montagnes,M,43.46460092876703,2.4656931073232635
201800035234,NonLethal,2018-06-20,19:55:00,Daylight,810,21,Yes,NoIntersection,Normal,2Vehicles-Side,TOULOUSE,M,43.50488558793292,2.5054554445310284
201800035237,NonLethal,2018-07-15,22:49:00,NightStreelightsOn,810,163,Yes,NoIntersection,Normal,NoCollision,FOCH,M,43.50087209351874,2.5025739832963483
201800035240,NonLethal,2018-10-14,01:25:00,NightStreelightsOff,810,21,Yes,NoIntersection,Normal,2Vehicles-Behind,CD 612,M,43.51395963365379,2.5137048037542757
201800035241,NonLethal,2018-12-01,23:20:00,NightNoStreetLight,810,163,Yes,X-type,LightRain,2Vehicles-Side,MISTRAL (FREDERIC),M,43.49522980855579,2.496486330735381
201800035242,NonLethal,2018-01-20,11:45:00,Daylight,820,33,Yes,NoIntersection,LightRain,Other,"90, LAVALETTE (CHEMIN DE",M,44.04448725863203,1.047136754225355
201800035243,NonLethal,2018-01-21,15:48:00,Daylight,820,33,Yes,Roundabout,LightRain,2Vehicles-Side,MARCEAU FAURE (BOULEVARD,M,44.03765846264245,1.0369707006582198
201800035246,NonLethal,2018-03-06,07:45:00,Daylight,820,33,Yes,Roundabout,Normal,2Vehicles-Side,LAFRANCAISE D45 (ROUTE D,M,44.044563720690896,1.0458593639712663
201800035247,NonLethal,2018-02-19,21:10:00,NightNoStreetLight,820,33,No,Roundabout,LightRain,Other,"1281, TOULOUSE RD 813 (R",M,44.02842330498712,1.028404386761388
201800035248,NonLethal,2018-02-13,08:55:00,Daylight,820,33,No,NoIntersection,Normal,Other,"3406, BELLEPERCHE RD 14",M,44.001266403300505,1.0024244130550022
201800035249,NonLethal,2018-05-03,20:05:00,Daylight,820,33,No,X-type,Normal,2Vehicles-Side,EGALITE (RUE DE L'),M,44.03765503464268,1.036827412674075
201800035251,NonLethal,2018-06-07,23:03:00,NightStreelightsOn,820,33,Yes,T-type,Normal,2Vehicles-Side,TOULOUSE RD 813 (ROUTE D,M,44.03347493218702,1.0362574240304994
201800035253,NonLethal,2018-06-22,10:28:00,Daylight,820,33,Yes,NoIntersection,VeryGood,2Vehicles-Side,ZI L'ARTEL,M,44.05972860002111,1.0606747227434696
201800035255,NonLethal,2018-02-07,21:17:00,Daylight,820,33,Yes,NoIntersection,Normal,Other,4 SEPTEMBRE (BOULEVARD D,M,44.04284456767065,1.0414221040084757
201800035256,NonLethal,2018-07-15,08:10:00,Daylight,820,33,No,NoIntersection,LightRain,2Vehicles-Behind,MOISSAC RD 813 (ROUTE DE,M,44.07206616028642,1.0706983103184398
201800035257,NonLethal,2018-07-18,11:35:00,Daylight,820,33,No,NoIntersection,Normal,2Vehicles-BehindVehicles-Frontal,MONTAUBAN D 958 (ROUTE D,M,44.03283213031907,1.035029224018704
201800035259,NonLethal,2018-07-20,23:00:00,NightStreelightsOn,820,33,No,NoIntersection,HeavyRain,NoCollision,QUERCY GASCOGNE RD 118 (,M,44.064724640363934,1.0639988549096633
201800035260,NonLethal,2018-08-14,05:45:00,NightNoStreetLight,820,33,No,T-type,Normal,Other,LAMOUR VC 74 (CHEMIN DE),M,44.03574972986147,1.0344826901017572
201800035261,NonLethal,2018-08-24,10:20:00,Daylight,820,33,No,NoIntersection,LightRain,NoCollision,QUERCY GASCOGNE RD ll8 (,M,44.06531554817331,1.0658898205813798
201800035262,NonLethal,2018-10-04,08:30:00,Daylight,820,33,Yes,NoIntersection,VeryGood,Other,JEAN MOULIN (AVENUE),M,44.04148643518278,1.041658103020078
201800035263,NonLethal,2018-11-03,20:45:00,NightNoStreetLight,820,33,No,X-type,FogOrSmoke,NoCollision,MONTAUBAN D 958 (ROUTE D,M,44.03229337313184,1.032820887891955
201800035264,NonLethal,2018-12-07,07:40:00,NightStreelightsOn,820,33,Yes,NoIntersection,LightRain,Other,VERDUN (ALLEE DE),M,44.041831522217706,1.0419775054092808
201800035265,NonLethal,2018-01-02,17:20:00,Daylight,820,121,Yes,NoIntersection,Normal,Other,"1139, ABBAYE (RUE DE L')",M,44.0070926406271,1.0053736065356231
201800035267,NonLethal,2018-01-15,21:05:00,NightNoStreetLight,820,121,No,X-type,LightRain,2Vehicles-Side,"NC, CEINTURE (CHEMIN DE)",M,44.04280864466837,1.041188462395625
201800035269,NonLethal,2018-02-26,09:12:00,Daylight,820,121,Yes,X-type,VeryGood,2Vehicles-Side,"NC, VOLTAIRE (RUE)",M,44.03686713474882,1.0367867482516904
201800035270,NonLethal,2018-03-10,08:50:00,Daylight,820,121,Yes,NoIntersection,Normal,Other,"12, NOTRE DAME (RUE)",M,44.0143234369133,1.0156109586202515
201800035271,NonLethal,2018-03-13,20:00:00,NightStreelightsOn,820,121,Yes,NoIntersection,Normal,Other,"680, ABBAYE (RUE DE L')",M,44.00766849824772,1.0074213890757318
201800035272,NonLethal,2018-04-03,11:20:00,Daylight,820,121,Yes,NoIntersection,Normal,2Vehicles-BehindVehicles-Frontal,EUROPE (AVENUE DE L'),M,43.99433954436,1.9941806137950693
201800035275,NonLethal,2018-04-30,11:00:00,Daylight,820,121,Yes,T-type,Normal,2Vehicles-BehindVehicles-Frontal,MOURETS ( AVENUE DES),M,44.017424235351285,1.0179248563537715
201800035276,NonLethal,2018-04-27,20:20:00,Daylight,820,121,No,NoIntersection,Normal,2Vehicles-BehindVehicles-Frontal,MONTBARTIER D 77 (ROUTE,M,44.02225530466253,1.0214498463100978
201800035277,NonLethal,2018-05-02,14:10:00,Daylight,820,121,No,NoIntersection,Normal,Other,VERLHAC/TESCOU D 92  (RO,M,43.98677716662031,1.98569851845422
201800035278,NonLethal,2018-05-01,20:10:00,Daylight,820,121,Yes,T-type,Normal,Other,SARRAIL (RUE DU GENERAL),M,44.01498254260289,1.0153320606731342
201800035280,NonLethal,2018-05-30,13:35:00,Daylight,820,121,No,NoIntersection,LightRain,2Vehicles-BehindVehicles-Frontal,NAUPHARY ( ROUTE DE ),M,43.99410781245197,1.9925832517444837
201800035281,Lethal,2018-06-01,00:15:00,NightStreelightsOn,820,121,Yes,NoIntersection,Normal,Other,ABBAYE (RUE DE L'),M,44.00712594614258,1.0096349821645314
201800035282,NonLethal,2018-06-25,19:10:00,Daylight,820,121,Yes,NoIntersection,Normal,Other,DOUMERC (BOULEVARD BLAIS,M,44.01251125979529,1.0130467119922368
201800035283,NonLethal,2018-06-26,07:50:00,Daylight,820,121,Yes,Roundabout,Normal,Other,GIRATOIRE DE LATTRE DE T,M,44.014823311602775,1.01380503097318
201800035284,NonLethal,2018-11-07,20:00:00,Daylight,820,121,Yes,NoIntersection,Normal,Other,CAMP D'AVIATION (CHEMIN,M,44.01962672495318,1.0198303110830211
201800035286,NonLethal,2018-07-14,18:00:00,Daylight,820,121,Yes,Square,Normal,Other,FOCH (PLACE DU MARECHAL),M,44.01646018678024,1.0162487839653318
201800035287,NonLethal,2018-07-16,21:00:00,TwilightOrDawn,820,121,No,NoIntersection,Normal,Other,MONTECH (AVENUE DE),M,44.00332435273688,1.001982006953565
201800035289,NonLethal,2018-07-20,16:51:00,Daylight,820,121,Yes,Y-type,Normal,Other,FAUVETTES (RUE DES),M,44.00400129059765,1.005583645964686