AccidentId,Gravity,Date,Hour,Light,Department,Commune,InAgglomeration,IntersectionType,Weather,CollisionType,PostalAddress,GPSCode,Latitude,Longitude
201800035290,NonLethal,2018-07-25,20:40:00,TwilightOrDawn,820,121,Yes,NoIntersection,Normal,Other,ROSSIGNOL (CHEMIN DE),M,44.061961265059466,1.0614430434971356
201800035291,NonLethal,2018-08-01,11:31:00,Daylight,820,121,No,NoIntersection,Normal,2Vehicles-BehindVehicles-Frontal,SAINT-ETIENNE DE TULMONT,M,44.03244991232759,1.031867339521299
201800035292,NonLethal,2018-11-08,07:10:00,Daylight,820,121,Yes,NoIntersection,Normal,NoCollision,COS (AVENUE DE),M,44.04190424558416,1.0421346839590817
201800035293,NonLethal,2018-08-28,12:15:00,Daylight,820,121,Yes,X-type,Normal,2Vehicles-Side,SAINT-JEAN (RUE),M,44.019708797795445,1.021754634446853
201800035294,NonLethal,2018-08-31,11:10:00,Daylight,820,121,Yes,X-type,Normal,2Vehicles-Side,GUIBERT (PLACE),M,44.02124919089251,1.0199893170343075
201800035295,NonLethal,2018-04-09,21:00:00,NightStreelightsOn,820,121,Yes,NoIntersection,Normal,2Vehicles-Side,NEGREPELISSE (AVENUE DE),M,44.03115654533127,1.0328303351485897
201800035296,NonLethal,2018-09-11,09:45:00,Daylight,820,121,Yes,NoIntersection,Normal,2Vehicles-Side,TOULOUSE (AVENUE DE),M,44.00575005271692,1.0053599882235196
201800035297,NonLethal,2018-09-20,09:30:00,Daylight,820,121,Yes,X-type,Normal,2Vehicles-Side,POUVILLON (RUE EMILE),M,44.01976479108512,1.019143014534657
201800035298,NonLethal,2018-09-21,11:45:00,Daylight,820,121,Yes,NoIntersection,Normal,Other,PRAX-PARIS (ESPLANADE),M,44.01831697997653,1.0173885100808135
201800035299,NonLethal,2018-09-23,18:00:00,Daylight,820,121,Yes,Roundabout,Normal,2Vehicles-Side,ALBI D 999 (AVENUE D'),M,44.00158895918513,1.004070414259844
201800035300,NonLethal,2018-10-01,16:30:00,Daylight,820,121,Yes,X-type,Normal,Other,VERDUN (QUAI DE),M,44.02245842324917,1.0217303591083755
201800035301,NonLethal,2018-10-23,17:00:00,Daylight,820,121,Yes,X-type,Normal,2Vehicles-Side,CLEMENCEAU (RUE GEORGES),M,44.01567207709324,1.0171398994337366
201800035302,NonLethal,2018-10-20,18:00:00,Daylight,820,121,Yes,NoIntersection,Normal,Other,MIRABEL D 69 (ROUTE DE),M,44.068742714656224,1.0684942463766376
201800035303,NonLethal,2018-10-26,22:30:00,NightStreelightsOn,820,121,Yes,NoIntersection,Normal,2Vehicles-Side,rue du Colonel Christian,M,44.026533984669655,1.0280257121108043
201800035305,NonLethal,2018-11-17,14:40:00,Daylight,820,121,Yes,T-type,Normal,2Vehicles-Behind,MOULIN (avenue jean ),M,44.027515171719536,1.0259920465436416
201800035306,NonLethal,2018-11-19,19:18:00,NightNoStreetLight,820,121,No,X-type,Normal,2Vehicles-Behind,RD 820,M,44.06770885358367,1.0672188375058858
201800035307,NonLethal,2018-11-25,01:20:00,NightNoStreetLight,820,121,No,NoIntersection,Normal,Other,ROUTE DE BORDEAUX,M,44.03673659387289,1.0382195516070196
201800035308,NonLethal,2018-11-29,08:00:00,Daylight,820,121,Yes,T-type,Normal,2Vehicles-Side,MOLIERES (ROUTE DE),M,44.03968837261292,1.0416486273552672
201800035309,NonLethal,2018-12-07,06:40:00,NightNoStreetLight,820,121,Yes,NoIntersection,Normal,2Vehicles-Side,EUROPE (AVENUE DE L'),M,43.98066655482474,1.9803937672438363
201800035310,NonLethal,2018-08-12,12:10:00,Daylight,820,121,Yes,T-type,Normal,2Vehicles-Side,MOULIN (avenue jean ),M,44.027454096047656,1.0262898693389966
201800035311,NonLethal,2018-10-12,17:04:00,Daylight,820,121,No,T-type,Normal,2Vehicles-Side,MARGUE (CHEMIN DE LA),M,44.031613151863766,1.034688302753022
201800035312,NonLethal,2018-12-15,06:00:00,NightNoStreetLight,820,121,No,NoIntersection,Normal,2Vehicles-BehindVehicles-Frontal,EUROPE (AVENUE DE L'),M,43.98099756823525,1.9810280782877412
201800035313,NonLethal,2018-06-01,20:25:00,NightStreelightsOn,830,50,Yes,T-type,Normal,2Vehicles-Side,AVENUE LAZARE CARNOT,M,43.53230086864188,6.53400844220383
201800035314,NonLethal,2018-01-18,07:55:00,Daylight,830,50,Yes,NoIntersection,Normal,Other,"17, BD DU MAR FOCH",M,43.53987699576269,6.540917374103243
201800035315,NonLethal,2018-01-27,20:15:00,NightStreelightsOn,830,50,Yes,Roundabout,Normal,2Vehicles-Side,AVE  DU GEN DE GAULLE,M,43.5272189756041,6.52616217689013
201800035316,NonLethal,2018-04-19,15:40:00,Daylight,830,50,Yes,NoIntersection,Normal,2Vehicles-BehindVehicles-Frontal,AVENUE DU MAR. GALLIENI,M,43.52507369895767,6.526465659868116
201800035317,NonLethal,2018-12-03,09:15:00,Daylight,830,50,Yes,NoIntersection,Normal,NoCollision,RUE HELENE VIDAL,M,43.5323542477968,6.531480427518262
201800035318,NonLethal,2018-04-29,12:35:00,Daylight,830,50,Yes,NoIntersection,Normal,2Vehicles-Side,MURAIRE (BD COMTE),M,43.5319223199287,6.532139715918764
201800035319,NonLethal,2018-05-02,10:05:00,Daylight,830,50,Yes,Roundabout,Normal,Other,ANCIENS COMBATTANTS A.F.,M,43.53430325310075,6.534800534243299
201800035321,NonLethal,2018-05-16,12:05:00,Daylight,830,50,Yes,NoIntersection,Normal,2Vehicles-Side,SAINT HERMENTAIRE(AVENUE,M,43.53105158915069,6.528893902720679
201800035322,NonLethal,2018-06-18,14:50:00,Daylight,830,50,No,X-type,Normal,2Vehicles-BehindVehicles-Frontal,ALLENDE (ave Salvador),M,43.533799850433184,6.534650139457892
201800035323,NonLethal,2018-06-19,18:15:00,Daylight,830,50,Yes,NoIntersection,Normal,2Vehicles-BehindVehicles-Frontal,VERDUN( AVENUE DE),M,43.53265687728364,6.533363446800544
201800035324,NonLethal,2018-06-19,19:50:00,Daylight,830,50,Yes,T-type,Normal,2Vehicles-Side,PAGNOL(BD MARCEL),M,43.53110591003952,6.5323921563011655
201800035325,NonLethal,2018-08-20,16:00:00,Daylight,830,50,Yes,NoIntersection,Normal,2Vehicles-BehindVehicles-Frontal,TUTTLINGEN(AVENUE DE),M,43.52773279215047,6.528465272329125
201800035326,NonLethal,2018-09-21,17:50:00,Daylight,830,50,Yes,X-type,Normal,Other,JAURES (BOULEVARD JEAN),M,43.53858828694888,6.53726561728423
201800035327,NonLethal,2018-09-28,18:10:00,Daylight,830,50,Yes,NoIntersection,Normal,Other,ANCIENS COMBATTANTS A.F.,M,43.53227124357825,6.534765033825312
201800035328,NonLethal,2018-09-10,18:20:00,Daylight,830,50,Yes,T-type,LightRain,2Vehicles-Side,JUIN( AVENUE DU MARECHAL,M,43.53159027585598,6.530037105299263
201800035329,NonLethal,2018-10-15,19:20:00,TwilightOrDawn,830,50,Yes,X-type,Normal,2Vehicles-Behind,JUIN( AVENUE DU MARECHAL,M,43.53323351613604,6.529816420289961
201800035331,NonLethal,2018-11-18,19:30:00,NightStreelightsOn,830,50,Yes,T-type,Normal,2Vehicles-Side,LIBERTE(BOULEVARD DE LA),M,43.54068422828238,6.538724916309766
201800035332,NonLethal,2018-11-11,11:20:00,Daylight,830,50,Yes,NoIntersection,Normal,Other,LIBERTE(BOULEVARD DE LA),M,43.54102960346067,6.540005172494444
201800035333,Lethal,2018-11-24,09:50:00,Daylight,830,50,Yes,NoIntersection,Overcast,Other,LECLERC(BOULEVARD GENERA,M,43.53371763845048,6.534362450414586
201800035334,NonLethal,2018-11-28,18:40:00,NightNoStreetLight,830,50,Yes,Roundabout,Normal,Other,DE GAULLE(AVENUE CHARLES,M,43.53043438878779,6.52887779075179
201800035335,NonLethal,2018-11-28,19:20:00,NightNoStreetLight,830,50,No,NoIntersection,Normal,2Vehicles-Behind,SCAMARONI(AVENUE FRED),M,43.52249229315731,6.521278203932789
201800035336,NonLethal,2018-12-05,21:35:00,NightStreelightsOn,830,50,Yes,NoIntersection,Normal,2Vehicles-Behind,CARNOT(AVENUE LAZARE),M,43.53615199165122,6.53491228229523
201800035337,NonLethal,2018-12-08,20:09:00,NightStreelightsOn,830,50,Yes,NoIntersection,Normal,Other,JAURES(BOULEVARD JEAN),M,43.53762298305994,6.537073257421858
201800035338,NonLethal,2018-12-19,13:30:00,Daylight,830,50,Yes,NoIntersection,LightRain,Other,LAFOURCADE  Bd du colone,M,43.53221437825854,6.531558624618158
201800035339,NonLethal,2018-02-20,13:25:00,Daylight,830,61,Yes,NoIntersection,Normal,Other,"161, RUE DE L'ARGENTIERE",M,43.42767728724322,6.429140836185853
201800035341,NonLethal,2018-03-29,11:25:00,Daylight,830,61,No,NoIntersection,Normal,Other,D4,M,43.483595306603256,6.483703470919833
201800035342,NonLethal,2018-04-22,06:20:00,TwilightOrDawn,830,118,Yes,Y-type,Normal,3+Vehicles-Multiple,AVENUE DE LA MER,M,43.416803560962975,6.418901201908318
201800035343,NonLethal,2018-05-29,12:25:00,Daylight,830,118,Yes,NoIntersection,Normal,2Vehicles-Side,AVENUE DE VALESCURE,M,43.43299906611261,6.431071859327321
201800035344,NonLethal,2018-06-01,23:35:00,NightStreelightsOn,830,61,Yes,NoIntersection,Normal,Other,AVENUE HENRI GIRAUD,M,43.44726800186429,6.448199853486358
201800035345,NonLethal,2018-05-29,14:15:00,Daylight,830,118,Yes,NoIntersection,Normal,2Vehicles-Side,AVENUE COMMANDANT CHARCO,M,43.4293869742881,6.426225570405202
201800035346,NonLethal,2018-06-12,20:00:00,Daylight,830,61,Yes,Roundabout,Normal,Other,D100 A,M,43.4452633546238,6.443807207081659
201800035348,NonLethal,2018-06-19,21:00:00,Daylight,830,61,No,NoIntersection,Normal,2Vehicles-Side,RN7,M,43.52102722843588,6.522639157643254
201800035350,NonLethal,2018-07-13,17:55:00,Daylight,830,61,Yes,NoIntersection,Normal,3+Vehicles-Multiple,AVENUE A. LEOTARD,M,43.43605697973128,6.437132070206596
201800035351,NonLethal,2018-07-18,14:10:00,Daylight,830,61,Yes,NoIntersection,Normal,Other,AV DE LA CORNICHE D'AZUR,M,43.4033496981744,6.402369169949603
201800035352,NonLethal,2018-07-31,13:15:00,Daylight,830,61,Yes,NoIntersection,Normal,2Vehicles-Behind,AVE DU GEN D'ARMEE,M,43.44343592959952,6.441536150622392
201800035353,NonLethal,2018-08-14,17:05:00,Daylight,830,61,Yes,NoIntersection,Normal,2Vehicles-Behind,AVENUE DE LA CORNICHE D',M,43.38745980562297,6.38836017036192
201800035355,NonLethal,2018-08-22,21:40:00,NightStreelightsOn,830,61,Yes,Other,Normal,2Vehicles-Side,AVENUE DE PROVENCE,M,43.25219868129452,6.256675236285195
201800035356,NonLethal,2018-08-24,07:40:00,Daylight,830,61,Yes,NoIntersection,Normal,2Vehicles-Side,RUE DES COMBATTANTS D'A.,M,43.46009683432467,6.459758682105622
201800035358,Lethal,2018-11-01,03:00:00,NightNoStreetLight,830,61,Yes,NoIntersection,HeavyRain,Other,RN7,M,43.43871745128205,6.437844041205455
201800035359,Lethal,2018-05-11,11:30:00,Daylight,830,61,Yes,Other,Normal,Other,RUE DU DOCTEUR LOUIS TUR,M,43.43420848105293,6.434845641360006
201800035360,NonLethal,2018-12-16,02:15:00,NightStreelightsOn,830,118,Yes,NoIntersection,Normal,Other,AVENUE THEODORE  RIVIERE,M,43.43838192143711,6.439238330737545
201800035361,NonLethal,2018-12-22,06:00:00,NightStreelightsOn,830,61,No,NoIntersection,Normal,NoCollision,AV DE LA CORNICHE D'Azur,M,43.378552484482256,6.379381682145668
201800035362,NonLethal,2018-01-18,18:00:00,TwilightOrDawn,830,69,Yes,NoIntersection,Normal,2Vehicles-Side,"860, AVE DE L'AEROPORT",M,43.09454628374152,6.094444041491204
201800035363,NonLethal,2018-01-20,02:50:00,NightStreelightsOn,830,69,No,NoIntersection,Normal,Other,"3242, ROUTE DE NICE",M,43.12663660317241,6.125617382089868
201800035365,NonLethal,2018-01-26,15:30:00,Daylight,830,69,No,NoIntersection,HeavyRain,2Vehicles-BehindVehicles-Frontal,ROUTE DU REAL MARTIN,M,43.16603206903403,6.167498323442652
201800035366,NonLethal,2018-01-25,15:40:00,Daylight,830,69,No,NoIntersection,LightRain,3+Vehicles-Multiple,ROUTE DE PIERREFEU,M,43.15270119894212,6.1526639966919
201800035367,NonLethal,2018-02-08,19:30:00,NightStreelightsOn,830,69,Yes,NoIntersection,Normal,Other,"8,  AVENUE VICTORIA",M,43.657163845810544,6.659028681290514
201800035368,NonLethal,2018-02-01,06:58:00,NightNoStreetLight,830,69,Yes,NoIntersection,Normal,Other,ALLEE DES GRES ROSES,M,43.12394157870136,6.1247632810579775
201800035369,NonLethal,2018-02-16,16:00:00,Daylight,830,69,Yes,NoIntersection,Normal,2Vehicles-Side,"1, MEDITERRANEE (AVENUE",M,43.0817818510802,6.082023329055802
201800035370,NonLethal,2018-02-16,20:10:00,NightStreelightsOn,830,69,Yes,X-type,Normal,2Vehicles-Side,VOIE OLBIA,M,43.11809934402616,6.117551648942662
201800035371,NonLethal,2018-02-18,16:35:00,Daylight,830,69,No,NoIntersection,Normal,2Vehicles-Side,ROUTE DES MARAIS,M,43.08151203287444,6.082036599528061
201800035372,NonLethal,2018-02-19,08:30:00,Daylight,830,69,No,NoIntersection,Normal,Other,AVENUE DES ALOUETTES,M,43.08479272496109,6.084689286200913
201800035373,NonLethal,2018-02-22,13:40:00,Daylight,830,69,Yes,NoIntersection,Normal,2Vehicles-Side,AVENUE DU XVEME CORPS,M,43.12257315442975,6.121634226824415
201800035375,NonLethal,2018-04-13,13:20:00,Daylight,830,69,Yes,Other,LightRain,3+Vehicles-Multiple,TOULON (VIEUX CHEMIN DE),M,43.72621049203882,6.727583664350695
201800035376,NonLethal,2018-04-22,17:00:00,Daylight,830,69,Yes,NoIntersection,Normal,Other,DECUGIS (AVENUE ALFRED),M,43.10811916316278,6.108101737736085
201800035377,NonLethal,2018-04-25,14:45:00,Daylight,830,69,Yes,NoIntersection,Normal,2Vehicles-Side,GODILLOT ( AVE ALEXIS),M,43.109645675219504,6.109124940308536
201800035378,NonLethal,2018-04-28,16:45:00,Daylight,830,69,Yes,Roundabout,Normal,2Vehicles-Behind,GIENS (ROUTE DE ),M,43.08102893218427,6.080274610366264
201800035379,NonLethal,2018-04-28,05:30:00,NightStreelightsOn,830,69,Yes,Other,Normal,2Vehicles-BehindVehicles-Frontal,JAURES (AVENUE JEAN),M,43.16811625107126,6.164837807297539
201800035380,NonLethal,2018-01-05,19:15:00,Daylight,830,69,No,NoIntersection,Overcast,Other,NICE (ROUTE DE),M,43.13119957020534,6.1302626365392205
201800035381,NonLethal,2018-05-07,18:00:00,Daylight,830,69,Yes,NoIntersection,Normal,2Vehicles-Behind,TOULON (VIEUX CHEMIN DE),M,43.125099400572935,6.123063486874596
201800035382,NonLethal,2018-05-18,16:15:00,Daylight,830,69,Yes,Other,Normal,2Vehicles-Side,CHEMIN DE LA VILLETTE,M,43.099656920321806,6.098439640900642
201800035383,NonLethal,2018-05-27,12:10:00,Daylight,830,69,Yes,NoIntersection,Normal,Other,SAINT EXUPERY ( RUE ),M,43.11924394307374,6.1183430522506725
201800035384,NonLethal,2018-05-27,13:40:00,Daylight,830,34,No,NoIntersection,Normal,NoCollision,RUE DES 3 PINS,M,43.10368220242509,6.102612351145647
201800035385,NonLethal,2018-05-30,00:15:00,NightNoStreetLight,830,69,No,NoIntersection,Normal,NoCollision,COL DU SERRE (CHEMIN DU),M,43.10922774473027,6.107999905064894
201800035386,NonLethal,2018-06-05,17:45:00,Daylight,830,69,Yes,NoIntersection,Normal,2Vehicles-Side,PALYVESTRE (CHEMIN DU),M,43.09543366841875,6.09685299918267
201800035387,NonLethal,2018-06-06,10:00:00,Daylight,830,34,Yes,Other,HeavyRain,2Vehicles-Behind,CD559,M,43.08999452207522,6.091337980850074
201800035388,NonLethal,2018-06-16,11:20:00,Daylight,830,69,Yes,NoIntersection,Normal,Other,CAWELL (AVENUE EDITH),M,43.11140794898277,6.111661702560528
201800035389,NonLethal,2018-06-19,17:15:00,Daylight,830,69,No,NoIntersection,Normal,2Vehicles-Behind,SEL (ROUTE DU),M,43.06506746380127,6.066423552941794
201800035390,NonLethal,2018-06-21,07:15:00,Daylight,830,69,No,NoIntersection,Normal,2Vehicles-Behind,PIERREFEU (ROUTE DE) RD,M,43.14446152266899,6.142089024863917
201800035391,NonLethal,2018-06-17,07:06:00,TwilightOrDawn,830,34,Yes,NoIntersection,Normal,Other,GENERAL TOUZET DU VIGIER,M,43.09483957178151,6.094036928520976
201800035393,NonLethal,2018-06-22,16:15:00,Daylight,830,69,No,NoIntersection,Normal,3+Vehicles-Multiple,PIERREFEU (ROUTE DE) RD,M,43.15178376606448,6.148988522146277
201800035394,NonLethal,2018-06-24,14:32:00,Daylight,830,69,No,NoIntersection,Normal,2Vehicles-Side,CRAU (ROUTE DE LA ),M,43.13127001152785,6.130742334898917
201800035395,NonLethal,2018-07-04,15:45:00,Daylight,830,69,Yes,NoIntersection,Normal,NoCollision,HUIT MAI (AVENUE DU),M,43.11639715226119,6.1160364421975775
201800035396,NonLethal,2018-07-06,21:55:00,NightStreelightsOn,830,69,Yes,Other,Normal,2Vehicles-Side,OLBIA  (VOIE),M,43.112979553208966,6.114093523198617
201800035397,NonLethal,2018-07-13,12:10:00,Daylight,830,69,Yes,Other,Normal,2Vehicles-Side,JUIN ( BOULEVARD DU MARE,M,43.11618460594027,6.116209849928787
201800035399,NonLethal,2018-07-15,22:55:00,NightNoStreetLight,830,69,No,NoIntersection,Normal,2Vehicles-BehindVehicles-Frontal,SEL (ROUTE DU),M,43.07807047560962,6.075296947359649
201800035401,NonLethal,2018-07-28,10:45:00,Daylight,830,69,No,NoIntersection,Normal,2Vehicles-Side,LOUBES (ROUTE DES),M,43.11358019240194,6.113104671181151
201800035403,NonLethal,2018-07-29,12:05:00,Daylight,830,69,Yes,NoIntersection,Normal,Other,HUIT MAI (AVENUE DU),M,43.11564556525059,6.116809332865745
201800035404,NonLethal,2018-08-01,14:55:00,Daylight,830,69,Yes,NoIntersection,Normal,3+Vehicles-Chain,THOMAS (AVENUE AMBROISE),M,43.11022326814884,6.110232819440552
201800035405,NonLethal,2018-08-15,21:35:00,NightNoStreetLight,830,69,Yes,NoIntersection,Normal,NoCollision,SALINS ( RTE DES VIEUX),M,43.11637201356257,6.115493572556655
201800035407,NonLethal,2018-05-09,21:35:00,NightNoStreetLight,830,69,No,NoIntersection,Normal,NoCollision,PIERREFEU (ROUTE DE),M,43.15585884989512,6.155670264524061
201800035409,NonLethal,2018-10-09,20:36:00,NightStreelightsOn,830,69,Yes,NoIntersection,Normal,Other,MOULIN (AVENUE JEAN),M,43.10709177628471,6.108304444746914
201800035410,NonLethal,2018-09-14,12:10:00,Daylight,830,69,No,NoIntersection,Normal,2Vehicles-BehindVehicles-Frontal,COL DU SERRE (CHEMIN DU),M,43.11139710460208,6.112426727080707
201800035411,NonLethal,2018-09-14,12:30:00,Daylight,830,69,Yes,T-type,Normal,Other,QUINZIEME CORPS (RUE DU),M,43.12162030637997,6.121804069492301
201800035412,NonLethal,2018-09-22,15:50:00,Daylight,830,69,Yes,Other,Normal,2Vehicles-Side,OLBIA  (VOIE),M,43.11009340046544,6.11084354143353
201800035413,NonLethal,2018-10-03,19:20:00,TwilightOrDawn,830,69,No,NoIntersection,Normal,3+Vehicles-Multiple,LOUBES (ROUTE DES),M,43.11601410216901,6.114560344229873
201800035414,NonLethal,2018-10-05,13:05:00,Daylight,830,69,Yes,NoIntersection,Normal,NoCollision,PERE ETERNEL (CHEMIN DU),M,43.12483600071643,6.1246584284182735
201800035415,NonLethal,2018-10-08,14:10:00,Daylight,830,69,Yes,NoIntersection,LightRain,Other,BELLON (RUE DU SOLDAT),M,43.11797334061548,6.118530568824829
201800035417,NonLethal,2018-01-11,07:50:00,Daylight,830,34,No,NoIntersection,LightRain,2Vehicles-BehindVehicles-Frontal,RUE DES 3 PINS,M,43.09936840881549,6.100803068265872
201800035418,NonLethal,2018-02-12,04:20:00,NightStreelightsOn,830,34,Yes,NoIntersection,Normal,Other,AVENUE DE FONT BRUN,M,43.08570631684347,6.086273177100343
201800035419,NonLethal,2018-12-03,08:23:00,Daylight,830,34,No,NoIntersection,Normal,2Vehicles-Behind,RUE DES 3 PINS,M,43.10594688855931,6.107649332199795
201800035420,NonLethal,2018-11-27,13:30:00,Daylight,830,69,Yes,NoIntersection,Normal,Other,GAMBETTA (AVENUE),M,43.11784853349987,6.118292254581169
201800035421,NonLethal,2018-12-21,06:10:00,NightStreelightsOn,830,34,Yes,Other,Normal,Other,ROUTE DE LA BENOITE,M,43.10077962229659,6.100272960307881
201800035422,NonLethal,2018-01-10,18:55:00,NightStreelightsOn,830,129,Yes,T-type,Normal,2Vehicles-Side,AVENUE J. KENNEDY,M,43.10705612554172,5.1055988162281
201800035423,NonLethal,2018-01-13,15:35:00,Daylight,830,129,Yes,NoIntersection,Normal,3+Vehicles-Multiple,"986, AVENUE DE LA MER",M,43.09846641474135,5.10113537698154
201800035425,NonLethal,2018-01-23,10:40:00,Daylight,830,129,Yes,T-type,VeryGood,Other,"81, AV DE LA REPUBLIQUE",M,43.0926320601041,5.09228873443064
201800035426,NonLethal,2018-02-22,11:00:00,Daylight,830,129,Yes,T-type,Normal,2Vehicles-Side,"892, COURRENS (CH DE)",M,43.07052207140799,5.071348659774178
201800035427,NonLethal,2018-03-03,10:00:00,Daylight,830,9,Yes,Roundabout,Normal,Other,"128,  BLD PIERRE PUGET",M,43.14024602973684,5.14150024677257
201800035428,NonLethal,2018-06-03,17:30:00,Daylight,830,123,Yes,NoIntersection,VeryGood,Other,ROUTE de BANDOL,M,43.12523405184452,5.123977655944546
201800035429,NonLethal,2018-03-16,22:30:00,NightStreelightsOn,830,129,Yes,NoIntersection,Normal,Other,"83, PALMIERS (AVENUE DES",M,43.07725903001561,5.076594616176092
201800035430,NonLethal,2018-04-24,14:45:00,Daylight,830,123,Yes,NoIntersection,Normal,Other,BANDOL (ROUTE),M,43.12958903995568,5.12932877497622
201800035432,NonLethal,2018-04-28,15:55:00,Daylight,830,123,Yes,Other,Normal,Other,BANDOL (ROUTE),M,43.12735813993569,5.12727567319316
201800035433,NonLethal,2018-10-05,18:10:00,Daylight,830,9,Yes,NoIntersection,Normal,2Vehicles-Side,Bd DE LA LIBERATION,M,43.13909978614015,5.142150769284923
201800035434,NonLethal,2018-05-16,14:15:00,Daylight,830,129,Yes,NoIntersection,Normal,Other,MER (AVENUE DE LA),M,43.100462412697965,5.0979111303868665
201800035435,NonLethal,2018-05-23,13:30:00,Daylight,830,129,Yes,Roundabout,Normal,2Vehicles-Side,JUIN MARECHAL (AV DU),M,43.09659527470231,5.095935977287188
201800035437,NonLethal,2018-05-28,18:10:00,Daylight,830,129,Yes,NoIntersection,Normal,2Vehicles-Side,NEGADOUX (CHEMIN DES),M,43.10772562677165,5.110613557613833
201800035438,NonLethal,2018-05-06,19:30:00,TwilightOrDawn,830,129,Yes,NoIntersection,Normal,2Vehicles-Behind,ECOLES (BD DES),M,43.10660565847039,5.110869387509701
201800035439,NonLethal,2018-05-06,15:30:00,Daylight,830,123,Yes,NoIntersection,Normal,2Vehicles-BehindVehicles-Frontal,BANDOL (ROUTE de),M,43.12936917821446,5.128637403780948
201800035441,NonLethal,2018-06-17,12:50:00,Daylight,830,123,Yes,Roundabout,Normal,Other,RESISTANCE (AV),M,43.11666706785292,5.117821265399093
201800035442,NonLethal,2018-06-19,18:30:00,Daylight,830,123,Yes,NoIntersection,VeryGood,Other,BUGE (CHEMIN DE LA) Nø I,M,43.12225197816565,5.12139636286364
201800035443,NonLethal,2018-06-19,20:20:00,Daylight,830,123,Yes,NoIntersection,Normal,3+Vehicles-Chain,BANDOL (ROUTE DE),M,43.1314157376158,5.129419319138086
201800035445,NonLethal,2018-07-06,16:25:00,Daylight,830,123,Yes,NoIntersection,Normal,Other,GARE (ROUTE),M,43.118936815429485,5.117407496168539
201800035447,NonLethal,2018-07-15,00:55:00,NightStreelightsOn,830,129,Yes,NoIntersection,Normal,2Vehicles-BehindVehicles-Frontal,Ch.DE GAULLE (PROMENADE),M,43.117841191109655,5.119116202927985
201800035448,NonLethal,2018-07-20,05:50:00,TwilightOrDawn,830,123,No,NoIntersection,Normal,NoCollision,BANDOL (ROUTE de),M,43.136505565422446,5.134956989131266
201800035449,NonLethal,2018-08-22,05:20:00,NightStreelightsOn,830,123,No,NoIntersection,Normal,2Vehicles-Side,BANDOL (ROUTE)Nø IMPAIRS,M,43.13521701789927,5.133201301315168
201800035450,NonLethal,2018-03-09,01:50:00,NightStreelightsOn,830,129,Yes,Other,Normal,2Vehicles-Behind,MER (AVENUE DE LA),M,,
201800035451,NonLethal,2018-09-04,15:10:00,Daylight,830,123,Yes,NoIntersection,Normal,Other,RESISTANCE (AVENUE),M,43.119110969724886,5.118471642825737
201800035452,NonLethal,2018-09-14,16:45:00,Daylight,830,129,Yes,Y-type,Normal,3+Vehicles-Multiple,DE GAULLE (PROMENADE CHA,M,43.1082160530745,5.107773768232853
201800035453,NonLethal,2018-12-09,14:50:00,Daylight,830,123,No,T-type,Normal,2Vehicles-Side,TOULON (ANCIEN CHE DE),M,43.141784624810505,5.142242760243926
201800035454,NonLethal,2018-09-23,11:30:00,Daylight,830,129,Yes,T-type,Normal,Other,SOLVIOU (CORNICHE DE),M,43.10039601986767,5.101507489050912
201800035455,NonLethal,2018-10-09,18:26:00,Daylight,830,129,Yes,Roundabout,Normal,Other,PLAYES (PLACE DES),M,43.109465534676026,5.110355666489971
201800035456,NonLethal,2018-06-10,09:50:00,Daylight,830,123,Yes,NoIntersection,Normal,2Vehicles-Behind,BANDOL (ROUTE)Nø PAIRS,M,43.13952832406552,5.138678067330432
201800035457,NonLethal,2018-10-11,09:20:00,Daylight,830,129,Yes,T-type,HeavyRain,Other,REPUBLIQUE (AVE DE LA),M,43.09110053590829,5.091919449822616
201800035458,NonLethal,2018-10-19,16:25:00,Daylight,830,129,Yes,Roundabout,Normal,Other,ECOLES (BD DES),M,43.1146997753446,5.112887834866503
201800035459,NonLethal,2018-10-21,17:05:00,Daylight,830,123,Yes,NoIntersection,Normal,Other,EUROPE UNIE (AVENUE),M,43.11794274815225,5.11809643952525
201800035460,NonLethal,2018-10-25,08:00:00,Daylight,830,129,Yes,NoIntersection,VeryGood,Other,VERGER (AVENUE DU),M,43.09749457137475,5.098167621433833
201800035461,NonLethal,2018-10-15,19:00:00,NightStreelightsOn,830,129,Yes,T-type,LightRain,Other,SEVERIN SAURIN (RUE),M,43.092066546581854,5.092130188754922
201800035462,NonLethal,2018-06-11,18:50:00,NightStreelightsOn,830,129,Yes,NoIntersection,Overcast,Other,SOLVIOU (CORNICHE DE),M,43.10680897329833,5.103992200002045
201800035463,NonLethal,2018-06-11,15:15:00,Daylight,830,129,Yes,NoIntersection,Normal,Other,REPUBLIQUE (AVENUE DE LA,M,43.09511923417572,5.093264631217262
201800035464,NonLethal,2018-10-11,12:15:00,Daylight,830,129,Yes,NoIntersection,Normal,Other,REPUBLIQUE (AVENUE DE LA,M,43.09279878864631,5.093430881762529
201800035465,NonLethal,2018-11-25,00:50:00,NightStreelightsOn,830,129,Yes,T-type,Normal,3+Vehicles-Chain,COUDOULIERE (LA),M,43.09978064677544,5.098288367200659
201800035466,NonLethal,2018-11-25,03:15:00,NightStreelightsOn,830,129,Yes,NoIntersection,Normal,Other,DE GAULLE (PROMENADE CHA,M,43.112210259330666,5.112760204510007
201800035467,NonLethal,2018-01-12,18:20:00,TwilightOrDawn,830,129,Yes,NoIntersection,Normal,Other,SEVERIN SAURIN (RUE),M,43.095430149715376,5.090674871091188
201800035468,NonLethal,2018-02-12,21:10:00,NightStreelightsOn,830,129,Yes,NoIntersection,Normal,Other,FONT DE FILLOL (RC ET T),M,43.09576536804793,5.096019537954494