AccidentId,Gravity,Date,Hour,Light,Department,Commune,InAgglomeration,IntersectionType,Weather,CollisionType,PostalAddress,GPSCode,Latitude,Longitude
201800035469,NonLethal,2018-08-12,00:01:00,NightStreelightsOn,830,129,Yes,X-type,StrongWindOrStorm,2Vehicles-Side,PORT DE LA COUDOULIERE,M,43.09426772334742,5.096435713592992
201800035470,NonLethal,2018-10-12,13:55:00,Daylight,830,129,Yes,Roundabout,Normal,Other,JUIN MARECHAL (AV DU),M,43.09522589696071,5.097326739243195
201800035472,NonLethal,2018-03-01,19:40:00,NightStreelightsOn,830,126,Yes,NoIntersection,Overcast,2Vehicles-Side,50 ALLENDE (AV SALVADOR),M,43.08868986908243,5.089218888144186
201800035473,NonLethal,2018-02-15,14:30:00,Daylight,830,126,Yes,NoIntersection,Normal,2Vehicles-Side,"l0l, BD DE L'EUROPE",M,43.11433340091818,5.114974547895083
201800035474,NonLethal,2018-04-06,13:56:00,Daylight,830,126,Yes,NoIntersection,Normal,Other,LAMARQUE (AV JEAN ALBERT,M,43.10883802055979,5.109418831036266
201800035475,NonLethal,2018-09-04,10:05:00,Daylight,830,126,Yes,X-type,Overcast,2Vehicles-Side,STALINGRAD (BD),M,43.107339189499406,5.105551411300506
201800035476,NonLethal,2018-04-13,21:20:00,NightNoStreetLight,830,126,Yes,T-type,Normal,2Vehicles-Side,LOUIS (CHEMIN ANDRE),M,43.11842109828287,5.1177550205934
201800035477,NonLethal,2018-04-17,08:15:00,TwilightOrDawn,830,126,Yes,X-type,VeryGood,Other,HUGO (RUE VICTOR ),M,43.10319035334359,5.104375376012582
201800035478,NonLethal,2018-04-27,09:25:00,Daylight,830,126,Yes,Roundabout,Normal,2Vehicles-Side,MERLE (BD TOUSSAINT),M,43.101813049256,5.102356809277422
201800035479,Lethal,2018-10-05,18:00:00,Daylight,830,126,Yes,NoIntersection,Normal,Other,AV DE LA 1ERE ARMEE FRAN,M,43.11498831906562,5.115975634947511
201800035480,NonLethal,2018-05-23,06:50:00,TwilightOrDawn,830,126,Yes,Other,VeryGood,2Vehicles-BehindVehicles-Frontal,RD POINT DE PYROTECHNIE,M,43.11612537845555,5.119691984992375
201800035481,NonLethal,2018-06-06,14:35:00,Daylight,830,126,Yes,NoIntersection,Normal,2Vehicles-Behind,IVALDI (AV JEAN BAPTISTE,M,43.08970686767593,5.090718224158205
201800035482,NonLethal,2018-06-06,19:30:00,Daylight,830,126,Yes,NoIntersection,Overcast,2Vehicles-Side,ANCIENS COMBATANTS D'IND,M,43.10382085737718,5.100526015289943
201800035483,NonLethal,2018-06-07,21:00:00,TwilightOrDawn,830,126,Yes,Other,LightRain,2Vehicles-Side,ALLENDE (AV. SALVADOR),M,43.08618095964285,5.08630295339711
201800035484,NonLethal,2018-06-25,14:30:00,Daylight,830,126,Yes,Other,Normal,2Vehicles-Side,STALINGRAD (BD),M,43.10582911132671,5.106035819936721
201800035485,NonLethal,2018-06-29,19:20:00,Daylight,830,126,Yes,NoIntersection,Normal,Other,MARIE FLICHE BERGIS (AV),M,43.07689130887298,5.07463573254179
201800035488,NonLethal,2018-09-21,18:05:00,Daylight,830,126,Yes,NoIntersection,Normal,2Vehicles-Side,ANCIENS COMBATANTS D'IND,M,43.10476678553826,5.1044484079419625
201800035490,NonLethal,2018-10-19,19:40:00,NightStreelightsOn,830,126,Yes,NoIntersection,Normal,2Vehicles-Side,ALLENDE (AV. SALVADOR),M,43.084258566343735,5.082362897935087
201800035492,NonLethal,2018-12-22,06:20:00,NightStreelightsOn,830,126,Yes,X-type,Normal,2Vehicles-Side,Ytzhak RABIN - D63,M,43.11797662069237,5.116155906799651
201800035493,NonLethal,2018-01-12,15:25:00,Daylight,830,137,Yes,NoIntersection,Normal,2Vehicles-Side,"259, AVE ARISTIDE BRIAND",M,43.12824463490922,5.127708278282934
201800035494,NonLethal,2018-01-13,15:50:00,Daylight,830,62,Yes,NoIntersection,Normal,2Vehicles-Side,FABRI DE PEIRESC (AVENUE,M,43.13100555298497,6.130737324701875
201800035498,NonLethal,2018-02-06,19:00:00,NightNoStreetLight,830,137,Yes,NoIntersection,LightRain,Other,"275, CAMUS (AVE ALBERT)",M,43.135133792910025,5.134563253293558
201800035499,NonLethal,2018-07-02,16:00:00,Daylight,830,137,Yes,NoIntersection,Normal,Other,"0, LECLERC (AVE GENERAL)",M,43.12701978719544,5.1280443996484415
201800035500,NonLethal,2018-01-31,17:40:00,TwilightOrDawn,830,137,Yes,NoIntersection,Normal,2Vehicles-Side,AVE SAINT ROCH,M,43.12764210105551,5.1285243520270525
201800035501,NonLethal,2018-09-02,09:00:00,Daylight,830,137,Yes,NoIntersection,Normal,2Vehicles-BehindVehicles-Frontal,"1127, CHEMIN FORGENTIER",M,43.13865928735738,5.138295362665501
201800035502,NonLethal,2018-12-07,22:15:00,NightStreelightsOn,830,98,Yes,Other,Normal,2Vehicles-BehindVehicles-Frontal,GANZIN (AVENUE DE),M,43.10868632173427,6.108490051786443
201800035503,NonLethal,2018-02-10,17:35:00,TwilightOrDawn,830,137,Yes,NoIntersection,Normal,2Vehicles-Side,"681, VIEUX SAINTE MUSSE",M,43.13605929097504,5.134446262951971
201800035504,NonLethal,2018-10-02,20:49:00,NightStreelightsOn,830,137,Yes,NoIntersection,Normal,Other,"823, AVE DES MOULINS",M,43.14426562651735,5.143743985000207
201800035505,NonLethal,2018-02-13,09:25:00,Daylight,830,137,Yes,T-type,Normal,3+Vehicles-Multiple,AVE FRANCOIS CUZIN,M,43.12169382025932,5.12232877016867
201800035506,NonLethal,2018-02-16,16:00:00,Daylight,830,137,Yes,NoIntersection,Normal,2Vehicles-Side,"885, AVE DU COL PICOT",M,43.12792589520423,5.130172964817249
201800035507,NonLethal,2018-02-19,11:15:00,Daylight,830,137,Yes,NoIntersection,LightRain,Other,AVE ARISTIDE BRIAND,M,43.12642861312936,5.12802595908513
201800035508,NonLethal,2018-02-19,06:40:00,NightStreelightsOn,830,62,Yes,NoIntersection,LightRain,2Vehicles-Behind,AVENUE JEAN L'HERMINIER,M,43.12791863948468,6.128560709691021
201800035509,NonLethal,2018-02-22,19:59:00,NightNoStreetLight,830,137,Yes,NoIntersection,LightRain,Other,RUE ANDRE BLONDEL,M,43.124146712708125,5.1242703389049336
201800035510,NonLethal,2018-02-24,14:10:00,Daylight,830,62,No,NoIntersection,LightRain,2Vehicles-Side,RD 97,M,43.14338455465074,6.142179767879962
201800035511,NonLethal,2018-02-24,22:15:00,NightStreelightsOn,830,137,Yes,NoIntersection,LightRain,Other,D559,M,43.119995292029536,5.119457827035001
201800035512,NonLethal,2018-02-25,07:45:00,Daylight,830,137,Yes,X-type,LightRain,2Vehicles-Side,RUE DOUALA,M,43.13125624938839,5.132053857068539
201800035513,NonLethal,2018-01-03,19:25:00,TwilightOrDawn,830,98,Yes,NoIntersection,LightRain,3+Vehicles-Chain,AVENUE DE GANZIN,M,43.108483685224456,6.109334646280984
201800035514,NonLethal,2018-03-06,09:45:00,Daylight,830,90,No,NoIntersection,Normal,2Vehicles-Behind,ROUTE DES GORGES,M,43.153413515034536,5.153529694218449
201800035515,NonLethal,2018-09-03,00:15:00,NightStreelightsOn,830,137,Yes,NoIntersection,Normal,2Vehicles-Behind,BD DOCTEUR CUNEO,M,43.100947783680034,5.098226245608487
201800035516,NonLethal,2018-03-10,20:35:00,NightStreelightsOn,830,144,Yes,NoIntersection,Normal,Other,PLACE JEAN JAURES,M,43.134354946361135,5.134605732527215
201800035517,NonLethal,2018-03-25,01:55:00,NightNoStreetLight,830,62,Yes,NoIntersection,Normal,Other,CHEMIN DES PLANTADES,M,43.14200515135354,6.142534139210735
201800035518,NonLethal,2018-03-29,18:30:00,Daylight,830,137,Yes,X-type,Normal,2Vehicles-Side,"9, AVE DU SGT JOURDAN",M,43.12945294626941,5.12993593925239
201800035519,NonLethal,2018-03-31,02:10:00,NightStreelightsOff,830,137,Yes,NoIntersection,Overcast,Other,AVE DU MARECHAL FOCH,M,43.12598967029481,5.126476307100607
201800035520,NonLethal,2018-06-04,15:50:00,Daylight,830,137,Yes,T-type,Normal,Other,BAZEILLES (BD / ROND POI,M,43.11226740653345,5.111976582243837
201800035521,NonLethal,2018-08-04,17:30:00,Daylight,830,90,No,NoIntersection,LightRain,2Vehicles-BehindVehicles-Frontal,Route des GORGES,M,43.15204589048045,5.149192857129489
201800035522,NonLethal,2018-04-15,09:30:00,Daylight,830,137,Yes,NoIntersection,Normal,Other,15EME CORPS (AVE DU),M,43.1271619894296,5.128199632012365
201800035524,NonLethal,2018-04-18,17:50:00,Daylight,830,62,Yes,NoIntersection,Normal,2Vehicles-Side,DE LATTRE DE TASSIGNY,M,43.10768324022945,5.110567185689559
201800035525,NonLethal,2018-04-20,13:15:00,Daylight,830,137,Yes,NoIntersection,Normal,2Vehicles-Side,BARON (RUE MARC),M,43.11422705843847,5.114340480887103
201800035527,NonLethal,2018-04-21,04:00:00,NightStreelightsOn,830,62,Yes,Roundabout,Normal,Other,PREMIER (BAT.INF.DU PACI,M,43.13497259763962,6.134771443355686
201800035528,NonLethal,2018-04-21,14:35:00,Daylight,830,137,Yes,Other,Normal,3+Vehicles-Multiple,FONTAN (AVE DU DOCTEUR),M,43.13578731057919,5.137538811078272
201800035529,NonLethal,2018-04-22,10:45:00,Daylight,830,137,Yes,NoIntersection,Normal,3+Vehicles-Multiple,DE LATTRE DE TASSIGNY,M,43.11536942248013,5.114035848733376
201800035530,NonLethal,2018-04-25,19:25:00,Daylight,830,62,Yes,Y-type,Normal,Other,PLANTADES (CHEMIN DES),M,43.14398060128025,6.143623515110621
201800035531,NonLethal,2018-04-27,12:20:00,Daylight,830,137,Yes,T-type,Normal,2Vehicles-Side,GASQUET (AVE JOSEPH DE 1,M,43.12483006502848,5.124568290481704
201800035532,NonLethal,2018-04-28,08:00:00,Daylight,830,137,Yes,NoIntersection,Normal,Other,MOULINS (AVE DES) 328,M,43.14384039282968,5.142853154718531
201800035533,NonLethal,2018-04-24,18:10:00,Daylight,830,144,Yes,T-type,Normal,2Vehicles-Side,GRAND VAR (PARKING),M,43.14205533924577,6.140088925140173
201800035534,NonLethal,2018-01-05,05:45:00,NightNoStreetLight,830,62,No,NoIntersection,Normal,2Vehicles-BehindVehicles-Frontal,BARAROUX (CHEMIN DE),M,43.134407333203605,6.132738135895765
201800035535,NonLethal,2018-05-06,18:00:00,Daylight,830,62,Yes,NoIntersection,Normal,Other,EOLE (RUE),M,43.12060397261729,6.12266375902803
201800035536,NonLethal,2018-05-09,12:20:00,Daylight,830,144,Yes,NoIntersection,Normal,2Vehicles-Behind,SAINTE CLAIRE (PARC),M,43.133490199156014,6.133714325376089
201800035537,NonLethal,2018-05-13,16:45:00,Daylight,830,137,Yes,NoIntersection,Overcast,2Vehicles-BehindVehicles-Frontal,MOURILLON (PARKING),M,43.11000611730997,5.109959525413161
201800035538,NonLethal,2018-05-15,18:15:00,Daylight,830,137,Yes,NoIntersection,Normal,2Vehicles-Behind,PICOT (AVE DU COLONEL),M,43.13278628941011,5.13140327491135
201800035540,NonLethal,2018-05-23,16:55:00,Daylight,830,137,Yes,NoIntersection,Normal,3+Vehicles-Multiple,BRIAND (AVE ARISTIDE),M,43.1218538676048,5.121227097660686
201800035542,NonLethal,2018-05-25,16:50:00,Daylight,830,137,Yes,NoIntersection,Normal,2Vehicles-Behind,STRASBOURG (BD DE ),M,43.12452424298109,5.125139593556709
201800035543,NonLethal,2018-05-27,17:15:00,Daylight,830,90,Yes,NoIntersection,LightRain,3+Vehicles-Multiple,GORGES (ROUTE DES),M,43.14745077488177,5.149880600214104
201800035545,NonLethal,2018-05-28,16:40:00,Daylight,830,137,Yes,NoIntersection,Overcast,Other,JOFFRE (BD MARECHAL),M,43.12405921752941,5.123254565780777
201800035546,NonLethal,2018-05-29,07:45:00,Daylight,830,137,Yes,T-type,Normal,2Vehicles-Side,SEMORI (RUE BAPTISTIN),M,43.11996831567768,5.120638173419792
201800035547,NonLethal,2018-05-30,15:30:00,Daylight,830,137,No,NoIntersection,Normal,2Vehicles-BehindVehicles-Frontal,RIPELLE (VIEUX CHE DE),M,,
201800035548,NonLethal,2018-02-06,12:00:00,Daylight,830,90,Yes,NoIntersection,Normal,2Vehicles-Behind,NATIONALE (RUE),M,43.13993630272882,5.1401379957399165
201800035549,NonLethal,2018-05-24,17:15:00,Daylight,830,137,Yes,NoIntersection,Normal,Other,BOUZIGUES (PLACE AUGUSTE,M,43.14850359042588,5.143615235257895
201800035550,NonLethal,2018-06-07,18:05:00,Daylight,830,137,Yes,T-type,Overcast,2Vehicles-Side,PICOT (AVE DU COLONEL),M,43.12443402380857,5.124536719631043
201800035551,NonLethal,2018-10-06,04:55:00,NightStreelightsOn,830,137,Yes,NoIntersection,Normal,Other,FAVIERES (CHEMIN DES),M,43.15251036096615,5.151275037186277
201800035552,NonLethal,2018-06-16,16:25:00,Daylight,830,144,Yes,T-type,Normal,2Vehicles-Side,CHARPAK (AVE GEORGES),M,43.142551882053546,6.142804247009817
201800035553,NonLethal,2018-06-17,11:35:00,Daylight,830,137,Yes,NoIntersection,Normal,Other,RESISTANCE (AVE),M,43.11848747117996,5.116145600869403
201800035554,NonLethal,2018-06-19,12:00:00,Daylight,830,137,Yes,NoIntersection,Normal,Other,CARRAIRE (CHEMIN DE LA),M,43.16044829411128,5.160094738259548
201800035555,NonLethal,2018-06-19,16:15:00,Daylight,830,62,Yes,NoIntersection,Normal,Other,SALENGRO (AVENUE ROGER),M,43.126963214962935,6.127011620786252
201800035556,NonLethal,2018-06-19,19:50:00,Daylight,830,137,Yes,T-type,Normal,2Vehicles-Side,JUIN (AVE ALPHONSE),M,43.12303186521949,5.122848451084873
201800035557,NonLethal,2018-06-20,15:50:00,Daylight,830,137,Yes,T-type,Normal,2Vehicles-Side,DAVID (RUE),M,43.13925597755836,5.138370808367244
201800035558,NonLethal,2018-06-20,18:45:00,Daylight,830,137,Yes,T-type,Normal,2Vehicles-Side,15EME CORPS (AVE DU),M,43.12856248072576,5.127294543307509
201800035559,NonLethal,2018-06-26,06:20:00,Daylight,830,137,Yes,NoIntersection,Normal,2Vehicles-Side,RIVIERE (QUAI COMMANDANT,M,43.13171776793687,5.131468568508092
201800035560,NonLethal,2018-06-26,12:50:00,Daylight,830,137,Yes,NoIntersection,Normal,2Vehicles-BehindVehicles-Frontal,ESCARTEFIGUE (CORNICHE),M,43.134290744614965,5.133882341834779
201800035561,NonLethal,2018-06-27,13:45:00,Daylight,830,62,Yes,X-type,Normal,2Vehicles-Side,FABRI DE PEIRESC (AVENUE,M,43.14020429325268,6.140324993320486
201800035562,Lethal,2018-06-28,22:45:00,NightNoStreetLight,830,90,No,NoIntersection,Normal,2Vehicles-BehindVehicles-Frontal,SANARY (ROUTE DE),M,,
201800035563,NonLethal,2018-06-29,15:15:00,Daylight,830,62,Yes,Other,Normal,2Vehicles-Side,ST JUST (AVENUE LT),M,43.14406873964398,6.145249470858741
201800035565,NonLethal,2018-07-02,06:10:00,Daylight,830,137,Yes,NoIntersection,Normal,Other,GUILLEMARD (RUE ROBERT),M,43.12481159716718,5.123384574259824
201800035566,NonLethal,2018-07-02,11:16:00,Daylight,830,144,Yes,Other,Normal,Other,LECLERC (BD MARECHAL),M,43.13005508959157,5.128996188980092
201800035568,NonLethal,2018-02-07,19:15:00,Daylight,830,144,Yes,Other,Normal,Other,UNIVERSITE (AVE DE L'),M,43.14005786951441,6.13893435981267
201800035569,NonLethal,2018-03-07,08:00:00,Daylight,830,137,Yes,NoIntersection,Normal,Other,PICOT (AVE DU COLONEL),M,43.131646068792506,5.131928272099022
201800035571,NonLethal,2018-07-06,09:10:00,Daylight,830,137,Yes,NoIntersection,Normal,Other,BAZEILLES BlD,M,43.11042375612908,5.112567996015041
201800035572,NonLethal,2018-09-07,13:00:00,Daylight,830,137,Yes,NoIntersection,Normal,Other,NOBEL (AVE),M,43.12322201393479,5.122014404297061
201800035573,NonLethal,2018-07-09,20:15:00,Daylight,830,137,Yes,X-type,Normal,2Vehicles-Side,PRUNEAU (AVE GENERAL),M,43.12282053525085,5.122775995691916
201800035577,NonLethal,2018-07-18,18:35:00,Daylight,830,137,Yes,NoIntersection,Normal,2Vehicles-Side,GUILLEMARD (RUE ROBERT),M,43.12639996745212,5.125996126668811
201800035578,NonLethal,2018-07-20,14:25:00,Daylight,830,137,Yes,T-type,Normal,2Vehicles-Side,STRASBOURG (BD DE ),M,43.12559154207586,5.125563212164027
201800035579,NonLethal,2018-07-23,09:30:00,Daylight,830,90,Yes,Roundabout,Normal,2Vehicles-Side,DELPHINIUMS (CHEMIN DES),M,43.12097991666244,5.122577487809755
201800035582,NonLethal,2018-07-30,10:05:00,Daylight,830,137,Yes,NoIntersection,Normal,Other,VALLEE (PLACE ARMAND),M,43.12102061491885,5.121426283267459
201800035583,NonLethal,2018-07-31,14:40:00,Daylight,830,144,Yes,NoIntersection,Normal,2Vehicles-Behind,JAURES (PLACE JEAN),M,43.13439390601313,5.138790626925578
201800035584,NonLethal,2018-08-04,17:00:00,Daylight,830,137,Yes,NoIntersection,Normal,Other,GROIGNARD (AVE),M,43.14323339975784,5.14260448760451
201800035585,NonLethal,2018-08-14,13:45:00,Daylight,830,137,No,NoIntersection,Normal,NoCollision,RD46,M,43.16594928169771,5.164661164974878
201800035586,NonLethal,2018-08-24,17:40:00,Daylight,830,137,Yes,Roundabout,VeryGood,2Vehicles-Side,9EME D.I.C. (ROND POINT,M,43.12035726360234,5.118974142696716
201800035587,NonLethal,2018-08-24,17:10:00,Daylight,830,137,Yes,NoIntersection,Normal,2Vehicles-BehindVehicles-Frontal,ESCARTEFIGUE (CORNICHE),M,43.13339793615309,5.133577401430476
201800035589,NonLethal,2018-08-30,10:15:00,Daylight,830,137,Yes,NoIntersection,Normal,2Vehicles-Side,MARCHAND (AVE COMMANDANT,M,43.12586397263086,5.124768251511515
201800035590,NonLethal,2018-05-09,22:20:00,NightStreelightsOn,830,137,Yes,X-type,Normal,2Vehicles-Side,AUDEOUD (RUE GENERAL),M,43.11970588381461,5.118311595152125
201800035591,NonLethal,2018-07-09,14:50:00,Daylight,830,98,No,NoIntersection,Normal,NoCollision,BROSSET (AVENUE DU GENER,M,43.109968344335336,6.110694354545345
201800035592,NonLethal,2018-11-09,13:00:00,Daylight,830,137,Yes,T-type,Normal,2Vehicles-BehindVehicles-Frontal,ROSERAIE (AVE DE LA),M,43.12585507479486,5.121917051884977
201800035593,NonLethal,2018-09-11,21:40:00,NightStreelightsOn,830,137,Yes,NoIntersection,Normal,2Vehicles-Side,BRIAND (AVE ARISTIDE DE,M,43.1270977366634,5.1268955862886205
201800035594,NonLethal,2018-09-13,13:00:00,Daylight,830,137,Yes,NoIntersection,Normal,3+Vehicles-Chain,CLEMENCEAU (BD GEORGES),M,43.12343706180186,5.12299198380549
201800035595,NonLethal,2018-09-13,21:30:00,NightStreelightsOn,830,137,Yes,NoIntersection,Normal,Other,15EME CORPS (AVE DU),M,43.12924672027119,5.130264688802016
201800035596,NonLethal,2018-09-17,17:00:00,Daylight,830,137,Yes,Y-type,Normal,2Vehicles-Side,DESCARTES (RUE / AVE),M,43.127468912307954,5.127805845341731
201800035597,NonLethal,2018-09-18,13:10:00,Daylight,830,137,Yes,NoIntersection,Normal,Other,CAMUS (AVE ALBERT),M,43.130571354442736,5.132474729524581
201800035598,NonLethal,2018-09-19,20:40:00,NightNoStreetLight,830,144,No,Other,Normal,2Vehicles-BehindVehicles-Frontal,D46 (CHEMIN),M,43.159399189028136,5.159485770812605
201800035599,NonLethal,2018-09-17,17:00:00,Daylight,830,137,Yes,Roundabout,Normal,2Vehicles-Side,DAVID (RUE),M,43.13912857414808,5.140889699053482
201800035600,NonLethal,2018-09-19,07:55:00,Daylight,830,62,Yes,NoIntersection,Normal,2Vehicles-BehindVehicles-Frontal,HOUOT (AVENUE CDT),M,43.10716824015167,5.10674451333144
201800035601,NonLethal,2018-09-25,06:50:00,Daylight,830,137,Yes,Other,Normal,2Vehicles-Side,GASQUET (AVE JOSEPH),M,43.123169325890586,5.124482200209027
201800035602,NonLethal,2018-09-25,14:00:00,Daylight,830,62,Yes,NoIntersection,Normal,2Vehicles-Behind,ROUTE NATIONALE 98,M,43.13845995609501,6.139346228695069
201800035603,NonLethal,2018-09-25,20:30:00,NightStreelightsOn,830,137,Yes,NoIntersection,Normal,2Vehicles-Side,PICOT (AVE DU COLONEL),M,,
201800035604,NonLethal,2018-09-26,09:25:00,Daylight,830,137,Yes,Other,Normal,Other,GASQUET (AVE JOSEPH DE 1,M,43.11999588911599,5.117613419309113
201800035605,NonLethal,2018-09-26,15:00:00,Daylight,830,137,Yes,NoIntersection,Normal,2Vehicles-Side,DESCARTES (RUE / AVE),M,43.12722677325998,5.126962616058206
201800035606,NonLethal,2018-09-28,08:10:00,Daylight,830,62,No,Other,Normal,2Vehicles-Side,DRAGUIGNAN (AVENUE DE),M,43.144747867736406,6.144190347194745
201800035607,NonLethal,2018-01-10,13:10:00,Daylight,830,144,Yes,NoIntersection,Normal,Other,PICASSO (AVE PABLO),M,43.13159566590468,5.130208356067053
201800035608,NonLethal,2018-10-01,14:30:00,Daylight,830,90,No,NoIntersection,StrongWindOrStorm,2Vehicles-BehindVehicles-Frontal,SANARY (ROUTE DE),M,43.12614402484564,5.127557693834082
201800035609,NonLethal,2018-02-10,08:30:00,Daylight,830,144,Yes,NoIntersection,Normal,NoCollision,UNIVERSITE (AVE DE L'),M,43.138858994540286,6.137689785597411
201800035610,NonLethal,2018-10-03,07:30:00,Daylight,830,137,Yes,T-type,Normal,2Vehicles-Side,CARNOT (AVE LAZARE),M,43.126918789644186,5.127915713158459
201800035611,NonLethal,2018-10-03,13:00:00,Daylight,830,137,Yes,NoIntersection,Normal,2Vehicles-Side,BROSSET (BD GENERAL),M,43.128282490292335,5.124549211193544
201800035612,NonLethal,2018-03-10,18:40:00,Daylight,830,90,No,NoIntersection,Normal,2Vehicles-Side,MONNET (AVE JEAN),M,43.127136107004354,5.1268715025326
201800035613,NonLethal,2018-05-10,19:45:00,NightStreelightsOn,830,98,Yes,NoIntersection,Normal,Other,MOULIN (AVENUE JEAN),M,48.82497311315208,2.8257012534476
201800035614,NonLethal,2018-10-10,15:50:00,Daylight,830,137,Yes,NoIntersection,HeavyRain,Other,BAZEILLES (BD / ROND POI,M,43.11174343807989,5.113449026630944
201800035615,NonLethal,2018-10-10,17:10:00,Daylight,830,137,Yes,Other,HeavyRain,Other,MATISSE (RUE / IMP HENRI,M,43.12940353590758,5.129378616881402
201800035617,NonLethal,2018-10-18,17:55:00,Daylight,830,137,Yes,Other,Normal,2Vehicles-Side,SAINT BERNARD (RUE),M,43.12241113606219,5.121564143620878
201800035618,NonLethal,2018-10-20,17:20:00,Daylight,830,144,Yes,NoIntersection,Normal,2Vehicles-Behind,BLANC (BD DR EUGENE),M,43.12893312875716,5.129344697993989
201800035619,NonLethal,2018-10-22,12:40:00,Daylight,830,137,Yes,NoIntersection,Normal,Other,SAINTE ANNE (BD / RUE /,M,43.13256395105649,5.134324958099683
201800035620,NonLethal,2018-10-25,05:35:00,NightStreelightsOn,830,137,Yes,Other,Normal,2Vehicles-Side,BLACHE (PLACE NOEL),M,43.122297078979976,5.123466230962453
201800035621,NonLethal,2018-10-27,17:50:00,NightStreelightsOn,830,137,Yes,NoIntersection,LightRain,Other,RIVIERE NEUVE (QUAI DE L,M,43.12708349117102,5.127913431147235
201800035622,NonLethal,2018-10-27,20:40:00,NightStreelightsOn,830,137,Yes,NoIntersection,HeavyRain,NoCollision,NOMY (RUE AMIRAL),M,43.11924679192831,5.119559621297086
201800035623,NonLethal,2018-11-03,06:40:00,NightStreelightsOn,830,137,Yes,X-type,LightRain,2Vehicles-BehindVehicles-Frontal,MATISSE (RUE HENRI),M,43.12801590937643,5.129755941161863
201800035625,NonLethal,2018-03-11,18:00:00,NightStreelightsOn,830,137,Yes,T-type,Normal,2Vehicles-Side,BONFANTE,M,43.14135210806516,5.141237820630817
201800035627,NonLethal,2018-11-05,19:50:00,NightStreelightsOn,830,137,Yes,NoIntersection,LightRain,Other,PICOT (AVE DU COLONEL),M,43.12449781992953,5.126171099550471
201800035628,NonLethal,2018-06-11,17:15:00,Daylight,830,137,Yes,NoIntersection,Normal,2Vehicles-BehindVehicles-Frontal,PONT DE BOIS (CHEMIN DU),M,43.73092720664516,5.729880745490871
201800035629,NonLethal,2018-08-11,20:00:00,NightStreelightsOn,830,137,Yes,Square,Normal,2Vehicles-Side,JAUJARD (RUE AMIRAL),M,,
201800035630,NonLethal,2018-09-11,13:35:00,Daylight,830,137,Yes,NoIntersection,Overcast,Other,STRASBOURG (BD DE ),M,43.12460479809892,5.124629851472693
201800035632,NonLethal,2018-11-16,19:50:00,NightStreelightsOn,830,137,Yes,NoIntersection,Normal,2Vehicles-Side,BRIAND (AVE ARISTIDE DE,M,43.12885992225735,5.127800097071828
201800035633,NonLethal,2018-11-17,14:15:00,Daylight,830,137,Yes,NoIntersection,Normal,2Vehicles-BehindVehicles-Frontal,CAMUS (AVE ALBERT),M,43.13358218700593,5.134325191470481
201800035634,NonLethal,2018-11-17,14:00:00,Daylight,830,137,Yes,X-type,Normal,2Vehicles-Side,FOCH (AVE DU MARECHAL),M,43.126438668261024,5.126639622498401
201800035635,NonLethal,2018-11-18,13:00:00,Daylight,830,137,Yes,NoIntersection,Normal,2Vehicles-BehindVehicles-Frontal,TROLLEY DE PREVEAUX (AVE,M,43.15534843901165,5.154732430440084
201800035636,NonLethal,2018-11-20,15:50:00,Daylight,830,62,Yes,NoIntersection,LightRain,2Vehicles-Side,HOUOT (AVENUE CDT),M,43.109179704960695,5.104800291785592
201800035638,NonLethal,2018-11-23,20:45:00,NightStreelightsOn,830,137,Yes,T-type,HeavyRain,2Vehicles-Behind,CUZIN (AVE FRANCOIS),M,43.1225675695286,5.121916230686109
201800035639,NonLethal,2018-11-26,07:00:00,NightStreelightsOn,830,137,Yes,NoIntersection,Normal,Other,CLEMENCEAU (BD GEORGES),M,43.12436175526544,5.122723124310905
201800035640,NonLethal,2018-11-27,14:30:00,Daylight,830,137,Yes,X-type,Normal,2Vehicles-Side,CHARCOT (QUAI JEAN),M,43.129668963396114,5.128932873509875
201800035641,NonLethal,2018-11-29,19:25:00,NightStreelightsOn,830,137,Yes,X-type,Normal,2Vehicles-Side,FORT ROUGE (CHEMIN DU),M,43.14069444053763,5.139715804050125
201800035642,NonLethal,2018-01-12,00:10:00,NightStreelightsOn,830,103,No,Roundabout,LightRain,Other,ROUQUIER (AVENUE M.),M,43.16306879777308,5.163339337526562
201800035643,NonLethal,2018-01-12,17:10:00,TwilightOrDawn,830,144,Yes,T-type,Normal,2Vehicles-Side,LIBERATION (AVE DE LA),M,43.14212177387898,5.143741151563072
201800035645,NonLethal,2018-05-12,17:30:00,TwilightOrDawn,830,144,No,NoIntersection,Normal,Other,DESCARTES (RUE),M,43.13763780970494,6.138528823777156
201800035646,NonLethal,2018-05-12,12:00:00,Daylight,830,62,No,NoIntersection,Normal,2Vehicles-Side,ROUTE NATIONALE 97,M,43.14846427124764,6.147439338343924
201800035647,Lethal,2018-12-06,23:47:00,NightStreelightsOn,830,137,Yes,NoIntersection,Normal,NoCollision,MOULINS (AVE DES),M,43.1448935742083,5.143777233110803
201800035648,NonLethal,2018-12-08,16:20:00,Daylight,830,98,Yes,T-type,Normal,2Vehicles-Side,PREMIERE (D.F.L),M,,
201800035649,NonLethal,2018-11-12,11:00:00,Daylight,830,137,Yes,NoIntersection,Normal,3+Vehicles-Chain,LECLERC (AVE GENERAL),M,43.12676330052959,5.126264497483626
201800035651,NonLethal,2018-12-18,07:15:00,NightStreelightsOn,830,98,Yes,Other,Normal,Other,AIGUIER (RUE AUGUSTE),M,43.108238666902416,6.10584290900796
201800035652,NonLethal,2018-12-28,14:55:00,Daylight,830,62,No,Other,Normal,2Vehicles-Side,DRAGUIGNAN (AVENUE DE),M,43.141683067595466,6.141039061851956
201800035653,Lethal,2018-12-28,19:00:00,NightStreelightsOn,830,62,No,NoIntersection,Normal,NoCollision,DIGNE (AVENUE DE ),M,43.14588557767715,6.14701952373992