AccidentId,Gravity,Date,Hour,Light,Department,Commune,InAgglomeration,IntersectionType,Weather,CollisionType,PostalAddress,GPSCode,Latitude,Longitude
201800035654,Lethal,2018-12-28,07:30:00,NightNoStreetLight,830,62,Yes,T-type,Normal,Other,CARNOT (AVENUE SADI),M,43.12680677011394,6.124222070052514
201800035655,NonLethal,2018-12-30,17:40:00,TwilightOrDawn,830,98,Yes,NoIntersection,Normal,2Vehicles-BehindVehicles-Frontal,DE LATTRE (BD DE TASSIGN,M,43.0975394091244,6.096870022543477
201800035656,NonLethal,2018-06-09,11:40:00,Daylight,840,7,Yes,NoIntersection,Normal,Other,CARRETERIE (Rue),M,43.95034728960512,4.950946872729595
201800035657,NonLethal,2018-01-31,13:05:00,Daylight,840,7,Yes,X-type,Normal,2Vehicles-Side,C.De GAULLE (Rocade),M,43.9299189904461,4.928206978573
201800035658,Lethal,2018-02-26,19:30:00,NightStreelightsOn,840,7,Yes,NoIntersection,Normal,Other,"43, MONTFAVET (Route)",M,43.94153743534616,4.939546867849047
201800035660,NonLethal,2018-06-03,16:00:00,Daylight,840,7,Yes,Roundabout,Normal,Other,PICASSO (rue Pablo),M,43.94448397919064,4.944392690879597
201800035661,NonLethal,2018-02-22,13:25:00,Daylight,840,7,Yes,NoIntersection,Normal,Other,MONCLAR (Avenue),M,43.92909040387816,4.927281134688252
201800035662,NonLethal,2018-12-03,07:55:00,TwilightOrDawn,300,351,No,NoIntersection,Normal,2Vehicles-Side,RHEINBACH AVENUE DE,M,43.9821029119534,4.98217439222198
201800035663,NonLethal,2018-04-11,22:15:00,NightNoStreetLight,840,7,Yes,NoIntersection,Normal,2Vehicles-Side,CHARLES DE GAULLE,M,43.94123728510306,4.940896168564215
201800035664,NonLethal,2018-03-28,08:30:00,Daylight,840,7,Yes,NoIntersection,Normal,Other,CARDINAL BERTRAND (Cours,M,43.92703913266344,4.930026258053345
201800035665,NonLethal,2018-04-22,12:10:00,Daylight,840,7,Yes,Square,Normal,Other,BOSCO  (place Henri)-MON,M,43.92884549625728,4.931029598276439
201800035666,NonLethal,2018-04-21,06:10:00,NightNoStreetLight,300,351,No,NoIntersection,Normal,2Vehicles-BehindVehicles-Frontal,PONT DU ROYAUME,M,43.95215228750752,4.953574682957616
201800035667,NonLethal,2018-03-15,18:50:00,TwilightOrDawn,840,7,No,Other,Normal,2Vehicles-Side,PINEDE (AVENUE DE LA ) M,M,43.91718719449492,4.919655599609885
201800035669,NonLethal,2018-05-22,12:05:00,Daylight,840,7,Yes,T-type,Normal,Other,MONCLAR (Avenue),M,43.94076986426323,4.941818290006997
201800035670,NonLethal,2018-05-30,17:55:00,Daylight,840,7,Yes,NoIntersection,Normal,Other,Rpublique (rue de la ),M,43.94407110471493,4.946547517102918
201800035671,NonLethal,2018-02-06,07:30:00,Daylight,300,351,Yes,Roundabout,Normal,2Vehicles-BehindVehicles-Frontal,GENERAL LECLERC AVENUE D,M,43.955627257721794,4.954527720160814
201800035672,NonLethal,2018-09-06,14:35:00,Daylight,840,7,Yes,X-type,Normal,2Vehicles-Side,ALGER (rue d'),M,43.93073737731696,4.931230426719615
201800035673,NonLethal,2018-06-07,13:15:00,Daylight,840,7,Yes,NoIntersection,Normal,Other,MOULIN NOTRE DAME (Rue),M,43.934918486369206,4.935550446603079
201800035674,NonLethal,2018-06-16,14:25:00,Daylight,300,11,No,Other,Normal,2Vehicles-Side,ARAMON ROUTE D',M,43.946454878456144,4.94591585518666
201800035675,NonLethal,2018-06-25,16:48:00,Daylight,300,11,Yes,Other,Normal,3+Vehicles-Multiple,GRAND TERME BOULEVARD DU,M,43.965753617059725,4.966341687143589
201800035676,NonLethal,2018-06-28,08:25:00,Daylight,300,11,Yes,Roundabout,Normal,2Vehicles-Side,TAVEL AVENUE DE,M,43.96055022557373,4.9618520159070245
201800035677,NonLethal,2018-10-07,10:00:00,Daylight,300,351,Yes,Other,Normal,2Vehicles-Behind,GAMBETTA BOULEVARD LEON,M,43.97547827496648,4.975095620054065
201800035678,NonLethal,2018-07-19,10:40:00,Daylight,840,7,Yes,X-type,Normal,Other,HUGO ( Rue Victor),M,43.94694113428667,4.946939687454368
201800035680,NonLethal,2018-10-08,13:50:00,Daylight,300,11,No,Other,Normal,2Vehicles-Side,ARAMON ROUTE D',M,43.9420034902097,4.941185064807083
201800035681,NonLethal,2018-08-30,18:39:00,Daylight,840,7,Yes,NoIntersection,Normal,2Vehicles-Side,CAVAILLON (Route de Cava,M,43.888552865141335,4.887718009563515
201800035682,Lethal,2018-07-09,10:00:00,Daylight,840,7,Yes,NoIntersection,Normal,Other,LAVARIN (Chemin du ),M,43.93077740278535,4.932711424429531
201800035683,NonLethal,2018-09-18,08:00:00,Daylight,840,7,Yes,Other,Normal,2Vehicles-Side,C.De GAULLE (Rocade),M,43.927110815091005,4.929747627899998
201800035684,NonLethal,2018-02-10,08:10:00,Daylight,300,11,No,NoIntersection,Normal,3+Vehicles-Multiple,R.N. 100,M,43.947164804045606,4.95016131905866
201800035685,NonLethal,2018-10-16,19:30:00,NightStreelightsOn,840,7,Yes,X-type,Normal,2Vehicles-BehindVehicles-Frontal,Rpublique (rue de la ),M,43.94581092714551,4.945897518269582
201800035686,NonLethal,2018-10-22,14:50:00,Daylight,840,7,Yes,NoIntersection,Normal,2Vehicles-Side,MORIERES (Route de ),M,43.94917626247887,4.9486225690191965
201800035687,Lethal,2018-10-29,12:20:00,Daylight,840,7,No,Other,Other,Other,MARSEILLE (Route de ),M,43.92143800568653,4.921789428902169
201800035689,NonLethal,2018-09-27,04:50:00,NightNoStreetLight,840,7,Yes,NoIntersection,Normal,2Vehicles-Behind,MORIERES (Route de ),M,43.95023278212507,4.950132768358673
201800035690,Lethal,2018-12-13,00:15:00,NightStreelightsOn,840,7,No,Roundabout,Normal,Other,BONPAS ( Pont)-MONTFAVET,M,43.89065720165214,4.889088516714884
201800035691,NonLethal,2018-12-12,13:35:00,Daylight,840,7,No,NoIntersection,Normal,Other,LIMBERT (Boulevard),M,43.94703360664268,4.947319764068848
201800035692,NonLethal,2018-12-18,12:50:00,Daylight,840,7,Yes,NoIntersection,Normal,Other,MONTFAVET (Route),M,43.9398194036171,4.939547340864322
201800035693,NonLethal,2018-12-22,03:57:00,NightNoStreetLight,840,7,No,NoIntersection,LightRain,3+Vehicles-Multiple,DOCTEUR PONS (Route tour,M,43.95950116310968,4.959934493068078
201800035694,NonLethal,2018-01-24,19:55:00,NightStreelightsOn,840,31,Yes,NoIntersection,Normal,Other,HUGO AVENUE VICTOR,M,44.04631789950434,5.044088182662393
201800035695,NonLethal,2018-03-30,12:11:00,Daylight,840,31,Yes,NoIntersection,Normal,Other,DURAND BOULEVARD ALBIN,M,44.05087146535995,5.052565282118187
201800035696,NonLethal,2018-06-13,00:10:00,NightStreelightsOn,840,31,Yes,NoIntersection,Normal,2Vehicles-BehindVehicles-Frontal,MOULIN AVENUE JEAN,M,44.059661772946,5.060818720835552
201800035698,NonLethal,2018-08-16,16:00:00,Daylight,840,80,No,NoIntersection,VeryGood,2Vehicles-Behind,CD 942 DE CARPENTRAS A R,M,44.04503257589937,5.044434353434038
201800035699,NonLethal,2018-07-06,18:45:00,TwilightOrDawn,840,31,Yes,Y-type,Normal,2Vehicles-Side,MOULIN AVENUE JEAN,M,44.06184112288715,5.058491276104782
201800035700,NonLethal,2018-09-05,08:40:00,Daylight,840,31,Yes,NoIntersection,Normal,Other,JAURES AVENUE JEAN,M,44.05246653996945,5.051958210764092
201800035701,NonLethal,2018-09-21,19:25:00,Daylight,840,31,Yes,Other,Normal,Other,ROGIER BOULEVARD ALFRED,M,44.05800760602149,5.0574590466982094
201800035703,NonLethal,2018-09-30,02:10:00,NightNoStreetLight,840,31,No,NoIntersection,Normal,Other,MAZAN ROUTE DE,M,44.0595463384577,5.059884659260101
201800035704,NonLethal,2018-12-17,14:45:00,Daylight,840,31,Yes,NoIntersection,Normal,2Vehicles-Behind,KENNEDY AVENUE JOHN .F.,M,,
201800035705,NonLethal,2018-06-17,07:05:00,Daylight,840,35,No,NoIntersection,Normal,Other,VIGNERES-RD98 (ROUTE DES,M,43.86794738423355,5.870408482029476
201800035706,NonLethal,2018-06-16,11:50:00,Daylight,840,35,Yes,Roundabout,Normal,Other,BELLEVUE (CARREFOUR),M,43.83834640867764,5.837837334043769
201800035707,NonLethal,2018-06-26,22:45:00,NightStreelightsOn,840,35,Yes,NoIntersection,Normal,2Vehicles-Side,CHEVAL BLANC (AVENUE DE),M,43.8298919536183,5.828740684516567
201800035708,NonLethal,2018-10-08,22:38:00,NightStreelightsOn,840,35,Yes,X-type,Normal,2Vehicles-Side,ROBION (AVENUE DE),M,43.83807659544652,5.836936756032458
201800035709,NonLethal,2018-08-14,19:35:00,Daylight,840,35,No,X-type,Normal,2Vehicles-BehindVehicles-Frontal,TAILLADES-RD143 (ROUTES,M,43.83681479316382,5.8395900566632415
201800035710,NonLethal,2018-02-14,22:25:00,NightStreelightsOn,840,87,Yes,NoIntersection,Normal,NoCollision,"342, GUYENNE (RUE)",M,44.75166594603747,4.750903713962424
201800035711,NonLethal,2018-12-20,07:55:00,TwilightOrDawn,840,87,Yes,X-type,FogOrSmoke,Other,ARON (RUE RAYMOND),M,44.129211926696215,4.129482186600266
201800035712,NonLethal,2018-06-14,16:30:00,Daylight,840,87,Yes,NoIntersection,Normal,2Vehicles-Side,VERDUN (AVENUE DE),M,44.12831339648953,4.127607776508499
201800035713,NonLethal,2018-06-21,08:52:00,Daylight,840,87,Yes,T-type,Normal,Other,ARC DE TRIOMPHE (AVENUE,M,44.140766864372665,4.140512083098471
201800035714,NonLethal,2018-07-30,20:15:00,Daylight,840,87,No,T-type,Normal,2Vehicles-Side,ROUTE DE SERIGNAN DUD,M,44.16055836483106,4.159811983357416
201800035715,NonLethal,2018-08-01,19:55:00,Daylight,840,87,Yes,T-type,Normal,2Vehicles-Side,TERRIER (RUE DU),M,44.13872612412063,4.138877005475515
201800035717,NonLethal,2018-10-11,16:00:00,Daylight,840,87,Yes,X-type,Overcast,2Vehicles-BehindVehicles-Frontal,SOURCES (RUE DES),M,48.86063089387531,2.86365261230014
201800035718,NonLethal,2018-11-19,10:00:00,Daylight,840,87,Yes,NoIntersection,Normal,Other,LECLERC (AVENUE DU GENER,M,44.13653610000735,4.134303292255733
201800035721,Lethal,2018-01-15,08:34:00,TwilightOrDawn,850,191,No,NoIntersection,Normal,2Vehicles-BehindVehicles-Frontal,,M,46.68699049387811,-0.6881451290736645
201800035722,NonLethal,2018-01-16,18:15:00,TwilightOrDawn,850,191,Yes,NoIntersection,LightRain,Other,RUE PHILIPPE  LEBON,M,46.70053239121169,-0.7000611309129077
201800035725,NonLethal,2018-02-23,21:45:00,NightStreelightsOn,850,191,Yes,NoIntersection,Normal,2Vehicles-Behind,129 RUE OLOF PALME,M,46.65193333853736,-0.653118616566863
201800035726,NonLethal,2018-02-16,17:00:00,Daylight,850,191,Yes,T-type,Normal,Other,RUE DES CASTORS,M,46.6824975980361,-0.6825624032462908
201800035727,NonLethal,2018-02-21,19:20:00,TwilightOrDawn,850,191,Yes,X-type,Normal,Other,1 BOULEVARD LEON MARTIN,M,46.65990517689222,-0.6607689548425474
201800035728,NonLethal,2018-02-24,15:40:00,Daylight,850,191,Yes,T-type,Normal,2Vehicles-Side,RUE D'ARCOLE,M,46.68426999793069,-0.6853881222224875
201800035731,NonLethal,2018-03-28,14:20:00,Daylight,850,191,Yes,NoIntersection,LightRain,Other,"44, RUE ROGER SALENGRO",M,46.66958319469557,-0.6675175602585667
201800035733,NonLethal,2018-03-04,07:35:00,TwilightOrDawn,850,191,Yes,NoIntersection,HeavyRain,3+Vehicles-Chain,ROND POINT D' ATLANTIQUE,M,46.68439214958595,1.685750396477374
201800035734,NonLethal,2018-04-08,21:20:00,TwilightOrDawn,850,191,Yes,NoIntersection,Normal,2Vehicles-BehindVehicles-Frontal,RUE PHILIPPE LEBON,M,46.69813398264584,-0.696079500654532
201800035735,NonLethal,2018-03-20,03:45:00,NightNoStreetLight,850,191,No,NoIntersection,Normal,Other,CHEMIN DE LA GUIBRETIERE,M,46.66975813504576,-0.6678269914307614
201800035736,NonLethal,2018-04-16,09:00:00,Daylight,850,191,Yes,T-type,VeryGood,2Vehicles-Side,RUE VILLEBOIS-MAREUIL,M,46.674468784688095,-0.6721571038028997
201800035737,NonLethal,2018-04-22,11:15:00,Daylight,850,191,Yes,NoIntersection,VeryGood,NoCollision,RUE CLAUDE CHAPPE,M,46.703139639642,1.704319013262619
201800035738,NonLethal,2018-04-29,11:36:00,Daylight,850,191,Yes,NoIntersection,Normal,Other,RUE CHARLES GOUNOD,M,46.6594766149491,-0.661742994579991
201800035739,NonLethal,2018-05-06,00:20:00,NightStreelightsOn,850,191,Yes,X-type,Normal,2Vehicles-Side,RUE DU GENERAL GUERIN,M,46.66004504653151,-0.6613757718148613
201800035740,NonLethal,2018-05-16,08:20:00,Daylight,850,191,Yes,NoIntersection,Normal,Other,BD P. ET M. CURIE,M,46.66736760282368,1.6664262482386771
201800035741,Lethal,2018-05-28,09:15:00,Daylight,850,191,No,NoIntersection,Normal,2Vehicles-BehindVehicles-Frontal,MALIDOR-D'EN-HAUT,M,46.682020081359134,-0.684164484541145
201800035743,NonLethal,2018-06-18,20:48:00,Daylight,850,191,Yes,NoIntersection,Normal,Other,RUE DU Gnl DE LARMINAT,M,46.69206756755288,-0.6898296774396074
201800035744,NonLethal,2018-06-10,16:25:00,Daylight,850,191,Yes,Roundabout,Normal,2Vehicles-Side,BOULEVARD GASTON GUITTON,M,46.659515291188406,-0.6596415013065096
201800035745,NonLethal,2018-06-25,15:00:00,Daylight,850,191,No,NoIntersection,Normal,Other,RUE D'IENA,M,46.678226896903645,-0.6801998062688621
201800035748,NonLethal,2018-07-24,19:30:00,Daylight,850,191,No,Roundabout,Normal,2Vehicles-Side,,M,46.6366382525745,-0.6379949597062711
201800035749,NonLethal,2018-02-09,19:05:00,Daylight,850,191,Yes,X-type,Normal,2Vehicles-Behind,BOULEVARD DES ETATS UNIS,M,46.66354090739631,-0.6651563155089488
201800035750,NonLethal,2018-09-05,12:10:00,Daylight,850,191,Yes,T-type,Normal,2Vehicles-BehindVehicles-Frontal,RUE GEORGES POMPIDOU,M,46.67224622386389,-0.6712251701215195
201800035752,NonLethal,2018-09-08,01:25:00,NightStreelightsOn,850,191,Yes,NoIntersection,Normal,2Vehicles-BehindVehicles-Frontal,BD ARISTIDE BRIAND,M,46.6637632205169,-0.6632778802596023
201800035753,NonLethal,2018-09-17,13:30:00,Daylight,850,191,Yes,Other,Normal,2Vehicles-Side,ANGLETERRE BOULEVARD D',M,46.674608014402224,1.6749460794202922
201800035754,NonLethal,2018-02-10,12:45:00,Daylight,850,191,Yes,NoIntersection,Normal,2Vehicles-Side,RUE AUGUSTE MURAIL,M,46.65680736479276,-0.6572385438282652
201800035755,NonLethal,2018-10-05,20:06:00,NightStreelightsOn,850,191,Yes,T-type,Normal,2Vehicles-Side,RUE DU P.DE GAULLE,M,46.67447052037313,-0.6726550949294829
201800035756,NonLethal,2018-10-16,18:15:00,Daylight,850,191,Yes,Other,Normal,2Vehicles-Side,CHEMIN DES LOUPS,M,46.67788389381136,-0.6778459798843609
201800035757,NonLethal,2018-10-22,15:45:00,Daylight,850,191,Yes,NoIntersection,Normal,2Vehicles-Side,RUE MONTREAL,M,46.65562371378584,-0.6544761947758817
201800035758,Lethal,2018-10-30,18:35:00,NightNoStreetLight,850,191,Yes,NoIntersection,Normal,Other,RUE D'ARCOLE,M,46.688374648615685,-0.6876538621304084
201800035759,NonLethal,2018-03-11,19:10:00,NightStreelightsOn,850,191,Yes,T-type,Normal,2Vehicles-Side,RUE DE LA SIMBRANDIERE,M,46.66070546678048,-0.6614097650728922
201800035760,NonLethal,2018-12-11,18:30:00,TwilightOrDawn,850,191,Yes,NoIntersection,Normal,2Vehicles-BehindVehicles-Frontal,BOULEVARD A. BRIAND,M,46.66769504996751,-0.667913106551993
201800035762,NonLethal,2018-11-22,21:55:00,NightStreelightsOn,850,191,Yes,NoIntersection,Normal,NoCollision,AVENUE DE LA VALLE VERTE,M,46.65998143924756,-0.6585637137317413
201800035763,NonLethal,2018-11-26,08:00:00,NightStreelightsOn,850,191,Yes,T-type,Normal,2Vehicles-Side,BD ARISTIDE BRIAND,M,46.66607358537671,-0.668366326197674
201800035765,NonLethal,2018-12-16,17:56:00,NightNoStreetLight,850,191,Yes,T-type,LightRain,2Vehicles-Side,RUE D'ARCOLE,M,46.69259283979464,-0.6927751833045968
201800035767,NonLethal,2018-07-12,11:50:00,Daylight,850,191,Yes,NoIntersection,HeavyRain,2Vehicles-BehindVehicles-Frontal,RUE GEORGES CLEMENCEAU,M,46.6693975114371,-0.6707589268907076
201800035768,NonLethal,2018-01-17,07:50:00,NightStreelightsOn,850,194,Yes,NoIntersection,LightRain,Other,AVENUE DE BRETAGNE,M,46.50486294353988,-0.507910511998312
201800035769,NonLethal,2018-01-02,09:00:00,Daylight,850,194,Yes,NoIntersection,Normal,Other,7 BD PRESIDENT KENNEDY,M,46.4863899485245,-0.4861534398548461
201800035771,NonLethal,2018-02-10,12:30:00,Daylight,850,194,Yes,NoIntersection,Normal,Other,COURS JOSEPH DUPONT,M,46.49757134198519,-0.5001269010043622
201800035772,NonLethal,2018-01-20,21:45:00,NightStreelightsOn,850,166,Yes,NoIntersection,LightRain,2Vehicles-BehindVehicles-Frontal,36RUE DU MARECHAL JOFFRE,M,46.53614613646883,1.5348939312706251
201800035773,Lethal,2018-02-17,20:10:00,NightStreelightsOn,850,194,Yes,NoIntersection,Normal,Other,l2 PROMENADE GEORGES V,M,46.49514009603262,-0.4949678173522253
201800035774,NonLethal,2018-02-01,18:25:00,NightStreelightsOn,850,60,Yes,NoIntersection,Normal,2Vehicles-BehindVehicles-Frontal,BD DU VENDEE GLOBE,M,46.49797551195608,-0.5003728723494878
201800035775,Lethal,2018-03-01,20:02:00,NightStreelightsOn,850,194,Yes,NoIntersection,Normal,Other,QUAI ARCHEREAU,M,46.497481482017406,1.4986778093920743
201800035776,NonLethal,2018-11-02,19:15:00,TwilightOrDawn,850,60,Yes,NoIntersection,Normal,Other,AVENUE DE TALMONT,M,46.48184160172866,-0.4831886915658234
201800035777,Lethal,2018-03-30,11:45:00,Daylight,850,194,Yes,NoIntersection,Normal,Other,29 RUE PAUL DOUMER,M,46.488262451422806,-0.4893733446498134
201800035778,Lethal,2018-03-08,11:20:00,Daylight,850,166,Yes,X-type,Normal,2Vehicles-Side,RUE DU MARECHAL FOCH,M,46.537871918258105,1.5385760227907606
201800035780,NonLethal,2018-03-13,14:25:00,Daylight,850,60,Yes,NoIntersection,Normal,2Vehicles-Side,RUE GEORGES CLEMENCEAU,M,46.50026448875971,1.501240812428169
201800035781,NonLethal,2018-10-04,11:25:00,Daylight,850,60,Yes,X-type,Normal,2Vehicles-Side,RUE DES NOUETTES,M,46.49800106686204,-0.4974954400460109
201800035784,NonLethal,2018-11-05,13:40:00,Daylight,850,194,Yes,X-type,Normal,2Vehicles-Side,RUE JOSEPH BENATIER,M,46.50566684325664,-0.5069024546734799
201800035785,NonLethal,2018-05-16,15:00:00,Daylight,850,166,Yes,Roundabout,Normal,2Vehicles-Side,RUE CHAINTRELONGUE,M,46.51247215646439,1.5126820462688924
201800035786,NonLethal,2018-05-24,11:20:00,Daylight,850,194,Yes,X-type,Normal,2Vehicles-Side,RUE FELIX FAURE,M,46.49107262048717,-0.4899819089046909
201800035787,NonLethal,2018-05-25,16:25:00,Daylight,850,166,Yes,X-type,LightRain,2Vehicles-Side,BOULEVARD VENDEE GLOBE,M,46.51100406851384,-0.511753220284219
201800035788,NonLethal,2018-05-26,13:50:00,Daylight,850,166,No,NoIntersection,Normal,2Vehicles-Behind,RD 949,M,46.51663445518064,-0.5182996833048645
201800035789,NonLethal,2018-05-31,07:55:00,Daylight,850,194,Yes,X-type,Normal,2Vehicles-Side,RUE DU DOCTEUR CHARCOT,M,46.5068837850741,-0.5085477399475578
201800035791,NonLethal,2018-06-21,17:15:00,Daylight,850,194,Yes,X-type,Normal,2Vehicles-Side,RUE DU DOCTEUR CHARCOT,M,46.5048227504744,-0.5062130872400068
201800035792,NonLethal,2018-06-29,01:00:00,NightNoStreetLight,850,60,Yes,NoIntersection,Normal,NoCollision,RUE MAURICE RAVEL,M,46.49673898707009,-0.4961484256588075
201800035793,NonLethal,2018-07-01,02:12:00,NightNoStreetLight,850,194,Yes,NoIntersection,Normal,Other,BD DU PRESIDENT KENNEDY,M,46.489110270175125,-0.4894995242159181
201800035794,NonLethal,2018-12-07,20:00:00,Daylight,850,166,Yes,Y-type,Normal,2Vehicles-Side,AVENUE CHARLES DEGAULLE,M,46.5124429184464,-0.5129797227838756
201800035795,Lethal,2018-07-17,11:30:00,Daylight,850,166,Yes,NoIntersection,Normal,NoCollision,RUE JEAN BERNARD,M,46.51562557525755,-0.5131553314596636
201800035796,NonLethal,2018-07-20,19:30:00,Daylight,850,166,No,NoIntersection,Normal,2Vehicles-Side,ROUTE AMIS DE LA NATURE,M,46.56077636221849,-0.5589483917242805
201800035797,NonLethal,2018-07-21,09:05:00,Daylight,850,194,Yes,NoIntersection,Normal,Other,RUE DE VERDUN,M,46.49576861527867,-0.4965774033512465
201800035798,NonLethal,2018-07-23,19:05:00,Daylight,850,166,Yes,X-type,Normal,2Vehicles-BehindVehicles-Frontal,RUE DOCTEUR CHARCOT,M,46.50749568213902,-0.5064698624662907
201800035799,NonLethal,2018-07-24,08:55:00,Daylight,850,194,Yes,NoIntersection,Normal,2Vehicles-Behind,ROUTE DE L'AUBRAIE,M,46.51841471701427,-0.5187360636500998
201800035800,NonLethal,2018-07-27,02:35:00,NightStreelightsOff,850,166,Yes,NoIntersection,Normal,Other,AVENUE F. MITTERAND,M,46.51102247078539,-0.5131860058449105
201800035801,NonLethal,2018-07-27,11:20:00,Daylight,850,194,Yes,NoIntersection,Normal,2Vehicles-Behind,BOULEVARD ILE VERTIME,M,46.49928055347402,-0.4990903113628085
201800035804,NonLethal,2018-08-26,09:00:00,Daylight,850,60,Yes,X-type,Normal,2Vehicles-Side,BOULEVARD DU VENDEE GLOB,M,46.49410449085144,-0.4941189898524133
201800035805,NonLethal,2018-04-09,15:40:00,Daylight,850,194,Yes,NoIntersection,Normal,2Vehicles-Behind,RUE JEAN NICOT,M,46.4978061739587,-0.4977433087977631
201800035806,NonLethal,2018-09-05,17:00:00,Daylight,850,194,Yes,NoIntersection,Normal,2Vehicles-Behind,QUAI ERNES FRANQUEVILLE,M,46.49733445266789,-0.4971167447944323
201800035807,NonLethal,2018-09-15,09:50:00,Daylight,850,166,Yes,NoIntersection,Normal,2Vehicles-Side,AVENUE CHARLES DE GAULLE,M,46.50734026319984,-0.5087172021393105
201800035808,NonLethal,2018-09-17,12:15:00,Daylight,850,194,Yes,NoIntersection,Normal,2Vehicles-Behind,AVENUE DE BRETAGNE,M,46.50646336106129,-0.5057814601282049
201800035809,NonLethal,2018-09-21,11:40:00,Daylight,850,60,Yes,X-type,Normal,2Vehicles-Side,AVENUE DU PAS DU BOIS,M,46.49737635188035,-0.4989078360333437
201800035810,NonLethal,2018-10-05,19:10:00,Daylight,850,60,No,NoIntersection,Normal,Other,PROMENADE EDOUARDHERRIOT,M,46.47205647046744,-0.4713926837825201
201800035811,NonLethal,2018-10-09,10:00:00,Daylight,850,60,Yes,Roundabout,Normal,Other,BOULEVARD VENDEE GLOBE,M,46.49524299520653,-0.4929118987842801
201800035812,NonLethal,2018-10-30,13:40:00,Daylight,850,60,Yes,Roundabout,Normal,2Vehicles-Side,BOULEVARD VENDEE GLOBE,M,46.494448111079656,-0.4955828015829653
201800035814,NonLethal,2018-11-16,11:30:00,Daylight,850,166,Yes,X-type,Normal,2Vehicles-Side,RUE DE BELLE OLONNAISE,M,46.51932086011713,-0.5199187429972553
201800035815,NonLethal,2018-11-20,15:15:00,Daylight,850,166,Yes,NoIntersection,Normal,2Vehicles-Behind,ALLEE CHRISTOPHE AUGUIN,M,46.520501627652976,-0.5201104429821782
201800035816,NonLethal,2018-01-12,09:20:00,Daylight,850,166,Yes,NoIntersection,LightRain,2Vehicles-BehindVehicles-Frontal,RUE DE LABELLE OLONNAISE,M,46.52374655157397,-0.5240489394141865
201800035817,NonLethal,2018-10-12,19:00:00,NightStreelightsOn,850,194,Yes,NoIntersection,Normal,2Vehicles-Behind,109 AVENUE D'AQUITAINE,M,46.49362477791363,-0.4931183065816126
201800035819,NonLethal,2018-12-21,07:45:00,NightStreelightsOn,850,166,Yes,NoIntersection,LightRain,2Vehicles-Behind,RUE DES OEILLETS,M,46.5141614967681,-0.5148987413972582
201800035820,NonLethal,2018-12-22,08:15:00,NightStreelightsOn,850,166,Yes,Roundabout,Normal,2Vehicles-Side,RD 160,M,46.514963418083845,-0.5157508419940009
201800035821,NonLethal,2018-12-22,13:00:00,Daylight,850,166,Yes,NoIntersection,Normal,2Vehicles-Side,49b AVENUE F. MITTERAND,M,46.50948799177024,-0.5092229421398677
201800035822,NonLethal,2018-02-23,08:10:00,Daylight,860,66,Yes,Roundabout,Normal,Other,Rond pt BROSSOLETTE,M,46.79651523285081,5.797749458001898
201800035823,NonLethal,2018-08-03,10:40:00,Daylight,860,66,Yes,X-type,Normal,2Vehicles-Side,KREBS (RUE LOUIS CLEMENT,M,46.81450131740555,5.815291944126874
201800035824,NonLethal,2018-03-21,15:50:00,Daylight,860,66,Yes,NoIntersection,Normal,Other,ABELIN   (AVENUE PIERRE),M,46.80505466760466,5.807072740766126
201800035826,NonLethal,2018-03-24,17:40:00,Daylight,860,66,Yes,NoIntersection,Normal,Other,"---, CHATELET (PLACE DU)",M,46.82214200195669,5.821848154522488
201800035827,NonLethal,2018-12-01,19:38:00,NightStreelightsOn,860,66,Yes,NoIntersection,HeavyRain,3+Vehicles-Multiple,BALZAC (AVENUE HONORE DE,M,46.79375427309181,5.793146760665848
201800035830,NonLethal,2018-04-21,18:00:00,Daylight,860,66,Yes,NoIntersection,Normal,2Vehicles-Behind,BALZAC (AVENUE HONORE DE,M,46.80127828412169,5.79980177315797
201800035832,NonLethal,2018-05-12,17:25:00,Daylight,860,66,Yes,NoIntersection,LightRain,2Vehicles-BehindVehicles-Frontal,PLESSARD (RUE CHARLES),M,46.800626856544206,5.803042857016055
201800035833,NonLethal,2018-05-15,10:05:00,Daylight,860,66,Yes,NoIntersection,Normal,Other,SAINT  ANDRE   (RUE),M,46.81736810888924,5.817156251846522
201800035834,NonLethal,2018-09-08,10:55:00,Daylight,860,66,Yes,X-type,LightRain,2Vehicles-Side,PLEUMARTIN (ROUTE DE),M,46.81232027024342,5.811158715850202
201800035836,NonLethal,2018-08-01,07:15:00,NightStreelightsOn,860,194,Yes,NoIntersection,LightRain,2Vehicles-Side,"25O, 8 MAI 1945",M,46.55044410618565,3.5512269255047717
201800035839,NonLethal,2018-01-17,12:00:00,Daylight,860,41,Yes,NoIntersection,VeryGood,Other,"68, voie ROMAINE",M,46.60030825480696,3.6008237197148203
201800035840,NonLethal,2018-01-18,08:10:00,Daylight,860,194,Yes,NoIntersection,Normal,2Vehicles-Side,"164,   FBG PONT NEUF",M,46.57044564897197,3.572746248739267
201800035841,NonLethal,2018-01-19,09:00:00,Daylight,860,194,No,X-type,Normal,3+Vehicles-Multiple,ROCADE OUEST  (D 910),M,46.6024978769464,3.6035042925989615
201800035842,NonLethal,2018-01-23,19:30:00,TwilightOrDawn,860,194,Yes,X-type,LightRain,2Vehicles-BehindVehicles-Frontal,FBG PONT  NEUF (RUE),M,46.57825049883888,3.579892213290546
201800035843,NonLethal,2018-01-25,19:40:00,NightStreelightsOn,860,194,Yes,NoIntersection,LightRain,2Vehicles-Side,"0, av. GUILLAUME POULLE",M,46.570153066858985,3.5706514125595983
201800035844,NonLethal,2018-01-28,18:00:00,NightStreelightsOn,860,194,Yes,X-type,Overcast,2Vehicles-Side,"96, rue de  CHATONNERIE",M,46.56745430681995,3.5645572355589645
201800035846,NonLethal,2018-01-29,16:00:00,Daylight,860,194,Yes,X-type,Normal,2Vehicles-Side,ROCADE EST (RD  162),M,46.55422504457953,3.55259279542971