AccidentId,Gravity,Date,Hour,Light,Department,Commune,InAgglomeration,IntersectionType,Weather,CollisionType,PostalAddress,GPSCode,Latitude,Longitude
201800035848,NonLethal,2018-01-02,17:15:00,Daylight,860,194,Yes,NoIntersection,Normal,2Vehicles-Side,"3, MARCELLIN BERTHELOT",M,46.60539313416976,3.6072104424519393
201800035849,Lethal,2018-04-02,06:15:00,NightStreelightsOn,860,194,No,NoIntersection,Normal,3+Vehicles-Multiple,"7, ave.   LIBERATION",M,46.57143667534944,3.573570714880353
201800035850,NonLethal,2018-02-02,08:10:00,Daylight,860,194,Yes,Roundabout,Normal,2Vehicles-Side,route   de   GENCAY,M,46.57387769624071,3.5733246936789307
201800035851,NonLethal,2018-06-02,12:35:00,Daylight,860,133,Yes,NoIntersection,SnowOrHail,2Vehicles-BehindVehicles-Frontal,route  de ITEUIL,M,46.52831849744416,3.526695967033921
201800035852,NonLethal,2018-10-02,23:00:00,NightStreelightsOn,860,194,Yes,X-type,LightRain,2Vehicles-Side,av.  11  NOVEMBRE,M,46.57340353509032,3.570935328310419
201800035855,NonLethal,2018-02-16,18:16:00,NightStreelightsOn,860,194,Yes,NoIntersection,Normal,2Vehicles-Behind,ROCADE EST (RD   162),M,46.55448346658006,3.553935326810123
201800035856,NonLethal,2018-02-17,11:04:00,Daylight,860,194,Yes,X-type,LightRain,2Vehicles-BehindVehicles-Frontal,Bvld  du  PONT ACHARD,M,46.57756559290648,3.5796445107553145
201800035857,NonLethal,2018-02-24,23:50:00,NightNoStreetLight,860,158,No,NoIntersection,Normal,NoCollision,rue  de  RICHELIEU,M,46.64813242004006,3.64731937157174
201800035858,NonLethal,2018-02-26,17:30:00,Daylight,860,41,Yes,NoIntersection,Normal,2Vehicles-Side,"3, rue de    ABEL TASSIN",M,46.59728564329687,3.596314663591821
201800035859,NonLethal,2018-03-02,03:30:00,NightStreelightsOn,860,194,Yes,NoIntersection,Normal,2Vehicles-BehindVehicles-Frontal,"27,  Bvld SOUS  BLOSSAC",M,46.57156523726306,3.572523036466703
201800035860,Lethal,2018-03-02,23:45:00,NightNoStreetLight,860,158,No,NoIntersection,Normal,2Vehicles-BehindVehicles-Frontal,R N.   149,M,46.6323843862728,2.6330091851609567
201800035861,NonLethal,2018-03-05,13:10:00,Daylight,860,194,No,Other,Normal,2Vehicles-Side,rue de BONNEUIL MATOURS,M,46.59704690786294,3.59677157849618
201800035862,NonLethal,2018-05-03,22:10:00,NightStreelightsOn,860,194,Yes,X-type,Normal,2Vehicles-Side,ROCADE  EST (RD 162),M,46.58612007861638,3.584699757681195
201800035863,NonLethal,2018-03-06,08:55:00,Daylight,860,41,Yes,NoIntersection,Normal,2Vehicles-Behind,"0, 4  CYPRES (RUE DES)",M,46.59338764656889,3.592539800125955
201800035864,NonLethal,2018-09-03,19:50:00,NightStreelightsOn,860,194,Yes,X-type,Normal,2Vehicles-Side,FAUBOURG  PONT NEUF (RUE,M,46.5723048006317,3.574639389942266
201800035866,NonLethal,2018-03-12,17:50:00,Daylight,860,194,Yes,NoIntersection,Normal,2Vehicles-Behind,"22, PONT JOUBERT (BOULEV",M,46.58119185071186,3.578220474279876
201800035867,NonLethal,2018-03-19,14:00:00,Daylight,860,158,No,NoIntersection,SnowOrHail,3+Vehicles-Chain,RN. 147,M,46.615719259001686,3.6158882901033778
201800035868,NonLethal,2018-03-25,14:30:00,Daylight,860,194,Yes,NoIntersection,Normal,2Vehicles-Behind,"46,  CUEILLE MIREBALAISE",M,46.594696797793056,3.596202780423029
201800035870,NonLethal,2018-03-29,09:00:00,Daylight,860,158,Yes,NoIntersection,Normal,Other,"7,  POITIERS (RUE DE)",M,46.62865750310632,3.627080339338863
201800035872,NonLethal,2018-03-29,14:00:00,Daylight,860,194,Yes,NoIntersection,Normal,2Vehicles-Behind,PAILLERIE  (RUE DE LA),M,46.554448561332826,3.5553478172860857
201800035873,NonLethal,2018-04-02,20:00:00,TwilightOrDawn,860,194,Yes,T-type,Normal,2Vehicles-Side,ROCADE  OUEST (RD 910),M,46.55659740281353,3.555731908466748
201800035874,NonLethal,2018-03-31,19:20:00,Daylight,860,194,Yes,X-type,Normal,2Vehicles-Side,"0, WINSTON CHURCHILL (AV",M,46.593153322781056,3.5914664291930967
201800035875,NonLethal,2018-04-08,12:25:00,Daylight,860,194,Yes,NoIntersection,Normal,Other,QUINCAY  (RUE DE),M,46.5924905381432,3.5902166592730813
201800035877,NonLethal,2018-04-12,15:00:00,Daylight,860,194,Yes,T-type,Overcast,Other,ROBERT SCHUMAN (AVENUE),M,46.58909327073112,3.5894405604891118
201800035879,NonLethal,2018-04-16,18:15:00,Daylight,860,157,Yes,X-type,Normal,Other,BEAUBATON  (ROUTE DE),M,46.548773290366086,3.547648342464488
201800035880,NonLethal,2018-04-17,12:35:00,Daylight,860,88,No,NoIntersection,Normal,2Vehicles-Behind,RN. 10,M,46.54526680974487,2.545749680322746
201800035881,NonLethal,2018-04-09,17:50:00,Daylight,860,157,Yes,NoIntersection,Normal,2Vehicles-Side,RN. 147,M,46.53396452765325,4.534232437402584
201800035882,NonLethal,2018-04-19,06:50:00,TwilightOrDawn,860,194,No,Roundabout,Normal,2Vehicles-Side,ROCADE  OUEST (RD 910),M,46.61169515925136,3.612575433164321
201800035883,NonLethal,2018-04-18,08:50:00,Daylight,860,194,Yes,NoIntersection,Normal,Other,CUEILLE MIREBALAISE (FAU,M,46.59604139661572,3.594049364481099
201800035884,NonLethal,2018-04-23,08:10:00,Daylight,860,158,Yes,T-type,Normal,2Vehicles-Side,CHARDONCHAMP  (ROUTE DE),M,46.62699866825992,3.62622882372516
201800035885,NonLethal,2018-04-27,12:00:00,Daylight,860,194,Yes,Roundabout,Normal,2Vehicles-Side,ROCADE  OUEST (RD 910),M,46.61995971031525,3.6182767113537846
201800035886,NonLethal,2018-03-05,21:25:00,NightNoStreetLight,860,194,Yes,NoIntersection,Normal,NoCollision,ABBE FREMONT  (BOULEVARD,M,46.58937872644508,3.589875775121149
201800035887,NonLethal,2018-05-05,11:45:00,Daylight,860,194,Yes,NoIntersection,Normal,2Vehicles-Side,PLATEAU DES GLIERES (AVE,M,46.599770064780245,3.5993469713525985
201800035888,NonLethal,2018-05-06,06:40:00,TwilightOrDawn,860,158,No,NoIntersection,Normal,2Vehicles-BehindVehicles-Frontal,RN.   149,M,46.6325300518079,2.629561064341319
201800035889,NonLethal,2018-05-04,19:00:00,Daylight,860,88,No,NoIntersection,Normal,3+Vehicles-Chain,RN. 10,M,46.54146623157666,2.540829476955684
201800035890,NonLethal,2018-05-13,13:20:00,Daylight,860,41,Yes,NoIntersection,Normal,Other,FRERES LUMIERE (RUE DES),M,46.61023463039748,3.610286016730084
201800035891,NonLethal,2018-05-14,16:31:00,Daylight,860,194,Yes,Other,LightRain,2Vehicles-Side,VILLAS  (RUE DES),M,46.5692641190338,3.570507643330822
201800035892,NonLethal,2018-05-13,16:30:00,Daylight,860,194,Yes,X-type,Normal,3+Vehicles-Multiple,AERODROME  (RUE DE L'),M,46.599158424124425,3.6012275268961003
201800035893,NonLethal,2018-05-17,09:10:00,Daylight,860,194,Yes,X-type,Normal,2Vehicles-Side,KLEBER  (RUE),M,46.58708478618403,3.587026515290373
201800035894,NonLethal,2018-05-18,17:10:00,TwilightOrDawn,860,194,Yes,NoIntersection,Normal,Other,PONT JOUBERT (BOULEVARD),M,46.579828520295656,3.5799115416391776
201800035895,NonLethal,2018-05-22,18:03:00,Daylight,860,194,Yes,NoIntersection,Normal,NoCollision,PARIS  (AVENUE DE),M,46.611778111761566,3.6127385871491886
201800035896,NonLethal,2018-05-22,17:45:00,Daylight,860,194,Yes,NoIntersection,Normal,NoCollision,PARIS  (AVENUE DE),M,46.61377584029938,3.612406384614255
201800035897,NonLethal,2018-05-23,18:04:00,Daylight,860,157,Yes,Roundabout,Normal,Other,CHAUVIGNY  (ROUTE DE),M,46.56658151874577,3.5668066813274093
201800035898,NonLethal,2018-05-23,18:04:00,Daylight,860,158,Yes,Y-type,Normal,Other,CHARDONCHAMP  (ROUTE DE),M,46.62703578512741,3.625784079154289
201800035899,NonLethal,2018-05-26,06:50:00,Daylight,860,194,Yes,NoIntersection,Normal,Other,BAS DES  SABLES (RUE DU),M,46.57173154710395,3.571633396302345
201800035900,NonLethal,2018-06-06,15:10:00,Daylight,860,194,Yes,X-type,Normal,2Vehicles-Behind,11  NOVEMBRE (AVENUE DU),M,46.56545514729467,3.566649100492756
201800035902,NonLethal,2018-06-18,09:45:00,Daylight,860,27,Yes,NoIntersection,Normal,2Vehicles-Side,LARNAY  (ROUTE DE),M,46.601538033069644,3.601048700945157
201800035903,NonLethal,2018-06-20,10:45:00,Daylight,860,194,Yes,NoIntersection,Normal,2Vehicles-Behind,ROCADE EST (RD 162),M,46.55282185974959,3.5513374343948017
201800035904,NonLethal,2018-06-21,16:45:00,Daylight,860,27,No,NoIntersection,VeryGood,Other,BELLEVUE  (ROUTE DE),M,46.58543003980523,3.586248899961787
201800035905,NonLethal,2018-06-24,18:05:00,Daylight,860,194,Yes,NoIntersection,Normal,2Vehicles-Behind,SOUS BLOSSAC (BOULEVARD),M,46.57712705395125,3.5752545974714773
201800035907,NonLethal,2018-06-26,09:53:00,Daylight,860,194,Yes,NoIntersection,Normal,Other,COURONNERIES  (RUE DES),M,46.58971059897789,3.5893119336675383
201800035908,NonLethal,2018-06-28,14:50:00,Daylight,860,194,Yes,NoIntersection,Normal,2Vehicles-Side,PARTHENAY (Rte de) (RD 3,M,46.59820296646642,3.5973982776109827
201800035909,NonLethal,2018-11-07,10:00:00,Daylight,860,88,No,NoIntersection,Normal,2Vehicles-Behind,RN.10,M,46.52901957536299,2.5314798630054085
201800035910,NonLethal,2018-07-10,07:30:00,Daylight,860,194,No,Roundabout,Normal,2Vehicles-Side,FAUBOURG PONT NEUF (RUE,M,46.571719174305294,3.5713686704639875
201800035911,NonLethal,2018-07-12,17:40:00,Daylight,860,194,Yes,X-type,Normal,2Vehicles-Side,HOCHE (AVENUE),M,46.58778803425202,3.586005696217156
201800035913,NonLethal,2018-07-31,10:25:00,Daylight,860,194,Yes,NoIntersection,Normal,2Vehicles-Behind,ll NOVEMBRE  (AVENUE DU),M,46.57907527673618,3.581606918897296
201800035914,NonLethal,2018-07-31,10:30:00,Daylight,860,194,Yes,NoIntersection,VeryGood,2Vehicles-Side,BIGNOUX (RUE DE),M,46.58296665289576,3.584557783135328
201800035915,NonLethal,2018-02-08,17:15:00,Daylight,860,157,Yes,NoIntersection,VeryGood,2Vehicles-Behind,LIMOGES (ROUTE DE),M,46.55004277798911,4.550215572466597
201800035916,NonLethal,2018-07-30,10:23:00,Daylight,860,194,Yes,NoIntersection,Normal,2Vehicles-Side,PARTHENAY (Rte de) (RD 3,M,46.61196308786023,2.611379991007277
201800035917,NonLethal,2018-10-08,18:00:00,Daylight,860,194,Yes,Other,Normal,2Vehicles-Side,Route de Parthenay,M,46.59890188252311,3.599536483076209
201800035918,NonLethal,2018-08-11,18:30:00,Daylight,860,194,Yes,Other,Normal,2Vehicles-Side,GRAND MAISON (RUE DE LA),M,46.56965156007639,3.568547012714388
201800035919,NonLethal,2018-11-08,08:40:00,Daylight,860,27,No,X-type,Normal,NoCollision,CRUCHON  (LIEU DIT LE),M,46.59264807176767,2.593165111210833
201800035920,NonLethal,2018-08-16,07:25:00,Daylight,860,194,Yes,Y-type,Normal,2Vehicles-Side,BONNES  (ROUTE DE),M,46.585131605345545,4.583652965671639
201800035921,NonLethal,2018-08-16,17:10:00,Daylight,860,194,Yes,NoIntersection,Normal,2Vehicles-Side,RECTEUR PINEAU (AVENUE D,M,46.57244202572511,3.5707626227674965
201800035922,NonLethal,2018-08-17,21:50:00,NightStreelightsOn,860,194,Yes,Other,Normal,2Vehicles-Side,FAUBOURG PONT NEUF (RUE,M,46.57604483787828,3.574381547572328
201800035923,NonLethal,2018-08-24,13:55:00,Daylight,860,194,Yes,Other,Normal,2Vehicles-BehindVehicles-Frontal,GENCAY (ROUTE DE),M,46.56432847547934,3.564505789374393
201800035924,NonLethal,2018-08-28,13:45:00,Daylight,860,194,Yes,NoIntersection,Normal,3+Vehicles-Chain,EUROPE (AVENUE DE L'),M,46.589112518287344,3.590208367882626
201800035925,NonLethal,2018-08-27,20:00:00,Daylight,860,157,Yes,NoIntersection,Normal,NoCollision,RD.951,M,46.56292155795951,4.562747202578534
201800035927,NonLethal,2018-09-05,07:35:00,TwilightOrDawn,860,194,Yes,X-type,Normal,3+Vehicles-Multiple,PLATEAU DES GLIERES (AVE,M,46.6013833158349,3.601637612102964
201800035928,NonLethal,2018-05-09,12:40:00,Daylight,860,194,Yes,NoIntersection,Normal,2Vehicles-Side,LAVOISIER (RUE),M,,
201800035929,NonLethal,2018-09-08,13:30:00,Daylight,860,194,Yes,X-type,Normal,2Vehicles-Side,GARENNE (RUE DE LA),M,46.33040796044233,1.330288478979442
201800035930,NonLethal,2018-07-09,17:45:00,Daylight,860,194,No,Other,Normal,2Vehicles-Behind,ANDRE MALRAUX (VOIE),M,46.57700667941357,3.5788093214545142
201800035931,NonLethal,2018-09-11,08:45:00,Daylight,860,194,Yes,NoIntersection,Normal,2Vehicles-Behind,JACQUES COEUR (AVENUE),M,46.55369095388146,3.552656905080748
201800035933,Lethal,2018-09-14,23:30:00,NightStreelightsOn,860,194,Yes,NoIntersection,Normal,2Vehicles-Behind,JACQUES COEUR (AVENUE),M,46.56779168277318,3.5695207942852023
201800035935,NonLethal,2018-09-21,17:15:00,Daylight,860,194,Yes,NoIntersection,Normal,Other,11 NOVEMBRE (AVENUE DU),M,46.56655229177694,3.566968239831143
201800035936,NonLethal,2018-09-24,13:30:00,Daylight,860,158,Yes,NoIntersection,Normal,Other,SAUMUR (RUE DE),M,46.634081707854335,3.6355132092291935
201800035937,NonLethal,2018-09-25,10:30:00,Daylight,860,157,No,T-type,Normal,2Vehicles-Behind,NOUAILLE (ROUTE DE),M,46.58282569409061,3.5815922449345967
201800035938,NonLethal,2018-10-01,06:55:00,TwilightOrDawn,860,194,Yes,NoIntersection,Normal,Other,NANTES (AVENUE DE),M,46.58590420778387,3.5880019736542588
201800035939,NonLethal,2018-09-30,17:35:00,Daylight,860,194,Yes,NoIntersection,Normal,Other,NELSON MANDELA (RUE),M,46.58888823137092,3.58985865375236
201800035940,NonLethal,2018-10-11,20:10:00,NightStreelightsOff,860,194,Yes,NoIntersection,Overcast,Other,LAFAYETTE (AVENUE DE),M,46.57633835615383,3.5747318539427493
201800035941,NonLethal,2018-10-15,07:55:00,NightStreelightsOn,860,194,Yes,NoIntersection,LightRain,Other,LIBERATION (AVENUE DE LA,M,46.57107642989343,3.571455892422963
201800035942,NonLethal,2018-10-15,08:35:00,NightStreelightsOn,860,194,Yes,NoIntersection,LightRain,Other,FAUBOURG SAINT CYPRIEN (,M,46.56763996048009,3.568214909236245
201800035944,NonLethal,2018-10-16,13:20:00,Daylight,860,194,Yes,NoIntersection,Normal,Other,COLIGNY (BOULEVARD),M,46.57735178713223,3.578275825313238
201800035946,NonLethal,2018-10-19,12:20:00,Daylight,860,214,Yes,NoIntersection,Normal,Other,ERMITAGE (RUE DE L'),M,46.55722774459984,3.559198605620021
201800035947,NonLethal,2018-10-25,21:25:00,NightStreelightsOn,860,194,Yes,NoIntersection,Normal,Other,FAUBOURG DE LA CUEILLE M,M,46.588425391795845,3.5872394927745725
201800035948,NonLethal,2018-10-30,13:45:00,Daylight,860,194,Yes,NoIntersection,Normal,2Vehicles-Behind,GRAND CERF (BOULEVARD DU,M,46.58577916268616,3.586283193526154
201800035949,NonLethal,2018-10-31,08:58:00,Daylight,860,194,Yes,NoIntersection,LightRain,2Vehicles-Side,FAUBOURG PONT NEUF (RUE,M,46.57167923379463,3.573333267630779
201800035950,NonLethal,2018-11-01,10:30:00,Daylight,860,194,Yes,X-type,LightRain,3+Vehicles-Multiple,AERODROME (RUE DE L'),M,46.60081507697063,3.5995287588086637
201800035951,NonLethal,2018-10-31,15:40:00,Daylight,860,194,Yes,NoIntersection,Normal,Other,FAUBOURG SAINT CYPRIEN (,M,46.56538335599942,3.563950062387033
201800035952,NonLethal,2018-11-07,07:55:00,Daylight,860,194,Yes,NoIntersection,LightRain,2Vehicles-Side,JACQUES COEUR (AVENUE),M,46.56696116574236,3.567900585721207
201800035953,NonLethal,2018-11-18,15:00:00,Daylight,860,194,Yes,X-type,Normal,2Vehicles-Side,NANTES (AVENUE DE),M,46.5907638052914,3.591533265692775
201800035954,NonLethal,2018-11-19,08:45:00,Daylight,860,214,Yes,NoIntersection,Normal,Other,LIGUGE (ROUTE DE),M,,
201800035956,NonLethal,2018-11-21,16:20:00,Daylight,860,194,Yes,NoIntersection,Normal,2Vehicles-Side,ALPHONSE DAUDET (RUE),M,46.59252094343889,3.5933487370263824
201800035957,NonLethal,2018-11-23,14:20:00,Daylight,860,194,Yes,T-type,Normal,2Vehicles-Side,JOHN KENNEDY (AVENUE),M,46.58736213390358,3.587041714255249
201800035958,NonLethal,2018-11-27,15:10:00,Daylight,860,41,No,NoIntersection,Normal,2Vehicles-BehindVehicles-Frontal,PETIT NIEUL (CHEMIN DU),M,46.610173618435496,3.610880308011428
201800035959,NonLethal,2018-11-15,12:43:00,Daylight,860,194,Yes,X-type,Normal,2Vehicles-Side,MAGENTA (RUE DE),M,46.57787994364652,3.578005431861054
201800035960,NonLethal,2018-11-15,18:20:00,NightNoStreetLight,860,194,Yes,NoIntersection,Normal,2Vehicles-Side,TISON (BOULEVARD),M,46.57786117018144,3.5783795361646398
201800035961,NonLethal,2018-02-12,03:55:00,NightStreelightsOn,860,157,Yes,NoIntersection,LightRain,Other,CHAUVIGNY  (ROUTE DE),M,46.564591096063694,4.563682463090581
201800035963,NonLethal,2018-09-14,02:30:00,NightNoStreetLight,860,133,No,NoIntersection,Normal,2Vehicles-BehindVehicles-Frontal,D  611,M,45.523379550913,1.5235378309588476
201800035964,NonLethal,2018-12-21,19:35:00,NightNoStreetLight,860,194,Yes,NoIntersection,LightRain,3+Vehicles-Chain,8  MAI 1945 (AVENUE DU),M,46.54838591142043,2.546587478230748
201800035965,NonLethal,2018-12-07,23:55:00,NightStreelightsOn,860,194,Yes,NoIntersection,Normal,2Vehicles-Behind,FAUBOURG  PONT NEUF (RUE,M,46.574530873709264,3.572935377004406
201800035966,NonLethal,2018-01-01,04:46:00,NightStreelightsOn,870,85,No,NoIntersection,LightRain,Other,AUTOROUTE A20,M,45.83026807586322,1.8271728981455404
201800035967,NonLethal,2018-02-01,16:45:00,TwilightOrDawn,870,85,Yes,T-type,LightRain,Other,"02, GUTEMBERG (RUE)",M,45.84152255355839,1.841569062933577
201800035968,NonLethal,2018-03-01,07:20:00,NightNoStreetLight,870,65,No,NoIntersection,StrongWindOrStorm,Other,MAS GAUTHIER (LIEU DIT),M,45.793439911569486,1.7927007614850663
201800035970,NonLethal,2018-02-01,18:32:00,TwilightOrDawn,870,65,No,NoIntersection,LightRain,2Vehicles-Behind,BOISSEUIL (RUE DE),M,45.79070560954554,1.7892177564490446
201800035971,NonLethal,2018-01-04,11:24:00,Daylight,870,85,Yes,X-type,Normal,2Vehicles-BehindVehicles-Frontal,"25, HUGO (BOULEVARD VICT",M,45.83147797987347,1.8311487918204008
201800035972,NonLethal,2018-01-06,08:48:00,TwilightOrDawn,870,85,Yes,NoIntersection,LightRain,Other,"10, BELFORT (RUE DE)",M,45.84092345142486,1.842373010618404
201800035973,NonLethal,2018-06-01,20:27:00,NightStreelightsOn,870,85,Yes,NoIntersection,HeavyRain,Other,"22, BLANC LOUIS (BOULEVA",M,45.82768181284782,1.8291074050152736
201800035975,NonLethal,2018-01-13,13:05:00,Daylight,870,85,No,NoIntersection,Normal,2Vehicles-BehindVehicles-Frontal,"12, CORNUE (ALLEE DE LA)",M,45.81384729994774,1.8158208504204092
201800035976,NonLethal,2018-01-15,13:00:00,Daylight,870,38,No,NoIntersection,LightRain,2Vehicles-Side,CARREFOUR N147 - N520,M,45.9008309950416,1.902246409181644
201800035977,NonLethal,2018-01-16,19:38:00,TwilightOrDawn,870,85,Yes,T-type,HeavyRain,2Vehicles-Side,"31, LATTRE-DE-TASSIGNY (",M,45.824062991187375,1.825101373070805
201800035978,NonLethal,2018-01-14,22:29:00,NightStreelightsOn,870,85,No,NoIntersection,LightRain,2Vehicles-BehindVehicles-Frontal,AUTOROUTE A2O,M,45.88121296016287,1.883776572536776
201800035979,NonLethal,2018-01-16,14:26:00,Daylight,870,65,No,T-type,LightRain,3+Vehicles-Multiple,FEYTIAT (RUE DE),M,45.81726093623782,1.8187929448217144
201800035980,NonLethal,2018-01-18,12:20:00,Daylight,870,85,No,NoIntersection,LightRain,Other,"02, KING (AVENUE MARTIN",M,45.809962702643816,1.8110973172483755
201800035981,NonLethal,2018-01-19,12:33:00,Daylight,870,85,No,NoIntersection,LightRain,2Vehicles-BehindVehicles-Frontal,"0, MOULIN (RUE DU)",M,45.84985120813647,1.850337378622349
201800035982,NonLethal,2018-01-20,18:38:00,Daylight,870,50,No,NoIntersection,LightRain,2Vehicles-Behind,RN520 (COUZEIX),M,45.889715491565376,1.8920957512603007
201800035984,NonLethal,2018-01-22,18:35:00,NightStreelightsOn,870,85,Yes,X-type,LightRain,Other,"156, TUILIERES (RUE DES)",M,45.85199476186961,1.8509573785420737
201800035985,NonLethal,2018-01-24,17:11:00,Daylight,870,85,Yes,T-type,Normal,2Vehicles-Side,"69, LATTRE-DE-TASSIGNY (",M,45.826809546125126,1.824914634580075
201800035986,NonLethal,2018-01-25,17:27:00,Daylight,870,85,Yes,NoIntersection,LightRain,Other,"01, BLANC LOUIS (BOULEVA",M,45.83020235665317,1.8305992442509609
201800035987,NonLethal,2018-01-26,15:18:00,Daylight,870,85,Yes,NoIntersection,Normal,2Vehicles-Behind,"34, ARMAND (AVE Z.A.C",M,45.86873028558895,1.8674759601755184
201800035988,NonLethal,2018-01-22,13:44:00,Daylight,870,85,Yes,NoIntersection,Normal,2Vehicles-Side,"26, GAY-LUSSAC (COURS)",M,45.83692162479705,1.835618043226755
201800035989,NonLethal,2018-01-31,10:50:00,Daylight,870,85,Yes,NoIntersection,Normal,3+Vehicles-Chain,"36, LABUSSIERE (AVENUE E",M,45.840979497937205,1.841260235899688
201800035990,NonLethal,2018-01-25,18:06:00,NightStreelightsOn,870,85,Yes,NoIntersection,LightRain,2Vehicles-Behind,"24, BAC (RUE THEODORE)",M,45.83753832521307,1.8375101894335677
201800035993,NonLethal,2018-02-02,07:08:00,NightStreelightsOn,870,65,No,NoIntersection,Normal,2Vehicles-Side,AUTOROUTE A20,M,45.826678494895255,1.8271020033753336
201800035994,NonLethal,2018-06-02,07:28:00,NightStreelightsOn,870,85,Yes,NoIntersection,SnowOrHail,2Vehicles-Behind,PORT DU NAVEIX (RUE DU),M,45.8331228597306,1.8341248738610425
201800035995,NonLethal,2018-02-05,13:42:00,Daylight,870,85,Yes,X-type,SnowOrHail,2Vehicles-BehindVehicles-Frontal,"166, TOULOUSE (RUE DE)",M,45.81746152830578,1.816473940522487
201800035996,Lethal,2018-10-02,19:22:00,NightStreelightsOff,870,85,No,NoIntersection,Normal,3+Vehicles-Multiple,AUTOROUTE A20,M,45.88084614750124,1.8810430687078816
201800036000,NonLethal,2018-02-14,03:22:00,NightStreelightsOn,870,85,Yes,NoIntersection,Normal,Other,"21, VIGENAL (BOULEVARD D",M,45.85367576698072,1.852998245505072
201800036003,NonLethal,2018-02-22,08:55:00,Daylight,870,85,Yes,NoIntersection,Normal,2Vehicles-Side,"163, TOULOUSE (RUE DE)",M,45.8161644529759,1.8163024261859897
201800036004,NonLethal,2018-02-23,15:48:00,Daylight,870,85,Yes,T-type,Normal,2Vehicles-Side,"11, PISSARO (RUE CAMILLE",M,46.16894765352673,1.168782257696382
201800036005,NonLethal,2018-02-24,16:10:00,Daylight,870,65,No,NoIntersection,Normal,2Vehicles-Side,AUTOROUTE A2O,M,45.86252261736795,1.8594525754759743
201800036006,NonLethal,2018-02-26,08:18:00,Daylight,870,48,Yes,NoIntersection,Normal,2Vehicles-Behind,"07, REPUBLIQUE (RUE DE L",M,45.79278583875075,1.7927014192440176
201800036007,NonLethal,2018-02-14,08:06:00,Daylight,870,85,Yes,NoIntersection,Normal,2Vehicles-BehindVehicles-Frontal,"14, PUY REJEAUD (RUE DU)",M,45.84522217699704,1.8443077469870208
201800036008,NonLethal,2018-02-25,07:41:00,TwilightOrDawn,870,50,No,NoIntersection,Normal,Other,"77, TEXONNIERAS (RUE DE)",M,45.86050563827372,1.8607993553847164
201800036009,NonLethal,2018-03-01,08:16:00,Daylight,870,85,Yes,T-type,Normal,2Vehicles-Side,"24, BROGLIE (AVENUE LOUI",M,45.88351822816794,1.883543298174132
201800036010,NonLethal,2018-03-02,08:38:00,Daylight,870,85,Yes,T-type,LightRain,NoCollision,"46, MONTJOVIS (AVENUE)",M,45.83805640363084,1.8408621182068012
201800036012,NonLethal,2018-01-03,14:39:00,Daylight,870,85,Yes,X-type,Normal,2Vehicles-Side,VANTEAUX (BOULEVARD DE),M,45.82114297759529,1.8218250584360027
201800036013,NonLethal,2018-03-03,16:43:00,Daylight,870,85,Yes,X-type,Normal,Other,BEL AIR (BOULEVARD DE),M,45.82132899774268,1.8210854619367387
201800036016,NonLethal,2018-09-03,16:29:00,Daylight,870,85,Yes,NoIntersection,Normal,3+Vehicles-Chain,VALOINE (BOULEVARD DE LA,M,45.80246055790572,1.80497531521158
201800036018,NonLethal,2018-09-03,13:24:00,Daylight,870,85,No,NoIntersection,Normal,Other,RD941 (OUEST),M,45.83760052793339,1.8388569011763696
201800036019,NonLethal,2018-03-14,07:56:00,TwilightOrDawn,870,50,Yes,NoIntersection,Normal,Other,"2, BUXEROLLES (ROUTE DE)",M,45.87600770113725,1.8761556416103955
201800036020,NonLethal,2018-03-14,10:25:00,Daylight,870,85,Yes,NoIntersection,Normal,Other,"72, LEGENDRE (RUE CHARLE",M,45.813678402497,1.8127628580430568
201800036021,NonLethal,2018-03-15,13:13:00,Daylight,870,85,Yes,NoIntersection,Normal,3+Vehicles-Chain,"7, ABATTOIR (AVENUE DE L",M,45.810806152509,1.8108310913163128
201800036022,NonLethal,2018-03-15,12:18:00,Daylight,870,85,Yes,NoIntersection,Normal,Other,"23, GAMBETTA (BOULEVARD)",M,45.82733994733039,1.8277672171761037
201800036023,NonLethal,2018-03-12,01:43:00,NightNoStreetLight,870,85,No,NoIntersection,LightRain,2Vehicles-BehindVehicles-Frontal,RN520,M,45.870588569976185,1.8718226639925968
201800036024,NonLethal,2018-03-10,11:17:00,Daylight,870,85,Yes,X-type,Normal,NoCollision,"0, ARMAND (AVE Z.A.C",M,45.86609028634379,1.8661781603716403
201800036025,NonLethal,2018-03-20,15:58:00,Daylight,870,114,Yes,NoIntersection,Normal,2Vehicles-Behind,"53, AVANUE LEON BLUM",M,45.83198204132778,1.8316294407536315
201800036026,NonLethal,2018-03-23,19:37:00,TwilightOrDawn,870,85,Yes,NoIntersection,LightRain,2Vehicles-Side,"0, BRIQUET (RUE GEORGES)",M,45.84033520798858,1.840025394647504
201800036028,NonLethal,2018-03-22,13:00:00,Daylight,870,85,Yes,NoIntersection,Normal,2Vehicles-Behind,"9.100, MAS-BOUYOL  (CITE",M,45.82970454756636,1.8265983196683884
201800036030,NonLethal,2018-03-28,18:29:00,Daylight,870,85,Yes,NoIntersection,LightRain,2Vehicles-Behind,"101, PERRIN (RUE FRANCOI",M,45.82902975457207,1.8294862956917812
201800036031,NonLethal,2018-03-26,13:14:00,Daylight,870,85,Yes,NoIntersection,LightRain,Other,"80, TUILIERES (RUE DES)",M,45.8484316887441,1.8489147643398047
201800036032,NonLethal,2018-03-29,23:18:00,NightStreelightsOn,870,85,Yes,T-type,Normal,2Vehicles-Side,"103, BEAUBLANC (BOULEVAR",M,45.84861021028048,1.848645888219565
201800036033,NonLethal,2018-03-30,12:06:00,Daylight,870,85,Yes,NoIntersection,LightRain,Other,"79, SAINT GENCE (RUE DE)",M,45.849469105102656,1.8477027610768315
201800036034,NonLethal,2018-03-28,14:01:00,Daylight,870,114,Yes,NoIntersection,LightRain,2Vehicles-Behind,"58, DUMAS (GEORGES-)",M,45.83858006950781,1.8402768952320037