AccidentId,Gravity,Date,Hour,Light,Department,Commune,InAgglomeration,IntersectionType,Weather,CollisionType,PostalAddress,GPSCode,Latitude,Longitude
201800036035,NonLethal,2018-04-05,18:28:00,Daylight,870,85,Yes,NoIntersection,Normal,2Vehicles-Behind,BRIAND (RUE ARISTIDE),M,45.83970636255366,1.841892756566016
201800036036,NonLethal,2018-06-04,05:51:00,NightNoStreetLight,870,65,No,NoIntersection,Normal,Other,NEXON (ROUTE DE),M,45.797655645281445,1.7996996405375765
201800036037,NonLethal,2018-03-04,18:34:00,Daylight,870,85,Yes,NoIntersection,LightRain,Other,ARCADES (BOULEVARD DES),M,45.85230288410337,1.8513819523866812
201800036038,NonLethal,2018-04-06,17:30:00,Daylight,870,85,Yes,X-type,Normal,2Vehicles-Side,RANSON (RUE LOUIS CASIMI,M,45.82686156067072,1.8269623194222384
201800036039,NonLethal,2018-04-08,13:11:00,Daylight,870,114,No,NoIntersection,Normal,Other,PALAIS-SUR-VIENNE (AVENU,M,45.854837098750096,1.8548639492333947
201800036040,NonLethal,2018-04-08,18:50:00,Daylight,870,85,Yes,T-type,Normal,2Vehicles-Side,LYAUTEY,M,45.83364262253265,1.8343758175065024
201800036041,NonLethal,2018-04-09,12:55:00,Daylight,870,85,Yes,NoIntersection,Normal,Other,SAINT JOHN PERSE (ALLEE),M,45.863933564618726,1.8620951849086904
201800036042,NonLethal,2018-04-09,09:20:00,Daylight,870,85,No,NoIntersection,LightRain,3+Vehicles-Chain,AUTOROUTE A20,M,45.89864246131389,1.899400388076192
201800036045,NonLethal,2018-04-12,14:07:00,Daylight,870,65,No,NoIntersection,LightRain,2Vehicles-Behind,BOISSEUIL (RUE DE),M,45.79243638105702,1.7947990742114737
201800036046,NonLethal,2018-04-12,15:20:00,Daylight,870,85,Yes,T-type,Normal,2Vehicles-Side,BRIAND (RUE ARISTIDE),M,45.84140254059023,1.8416667452844588
201800036047,NonLethal,2018-04-15,15:29:00,Daylight,870,85,Yes,T-type,Normal,Other,MATISSE (RUE HENRI),M,45.84924037597556,1.8523891222129336
201800036048,NonLethal,2018-04-18,09:30:00,Daylight,870,85,No,NoIntersection,Normal,3+Vehicles-Chain,AUTOROUTE A20,M,45.837766673016574,1.8373517008516167
201800036049,NonLethal,2018-04-24,10:08:00,Daylight,870,85,Yes,NoIntersection,Normal,Other,COUTURES (AVENUE DES),M,45.83449834138365,1.8340359894835987
201800036050,NonLethal,2018-04-23,16:28:00,Daylight,870,85,Yes,NoIntersection,Normal,Other,BAUDIN ( AVENUE),M,45.81486629149794,1.814470260300474
201800036051,NonLethal,2018-04-24,10:18:00,Daylight,870,85,No,NoIntersection,Normal,Other,AUTOROUTE A20,M,45.83126177978704,1.831446603840048
201800036052,NonLethal,2018-04-24,11:40:00,Daylight,870,85,Yes,T-type,Normal,2Vehicles-Side,KING (AVENUE MARTIN LUTH,M,45.81551019291756,1.8122645147364105
201800036053,NonLethal,2018-04-26,15:31:00,Daylight,870,113,No,NoIntersection,Normal,NoCollision,BASTIE (AVENUE MARYSE),M,45.883398101036114,1.881930592414748
201800036054,NonLethal,2018-04-26,14:33:00,Daylight,870,50,No,NoIntersection,Normal,Other,RN520,M,45.89442335514852,1.8935711556902235
201800036055,NonLethal,2018-04-27,09:50:00,Daylight,870,85,Yes,Other,Normal,Other,SAINT MARTIAL (QUAI),M,45.82241942952415,1.822243741170142
201800036057,NonLethal,2018-04-27,22:06:00,NightStreelightsOn,870,85,Yes,NoIntersection,Normal,3+Vehicles-Chain,PERRIN (RUE FRANCOIS),M,45.828143911589045,1.829761006233099
201800036058,NonLethal,2018-04-28,11:48:00,Daylight,870,85,No,NoIntersection,LightRain,Other,AUTOROUTE A20,M,45.91384351347344,1.914445800968392
201800036059,NonLethal,2018-04-29,16:00:00,Daylight,870,85,Yes,X-type,LightRain,2Vehicles-Side,THUILLAT (RUE VICTOR),M,45.84847878967461,1.8491950185264323
201800036060,NonLethal,2018-01-05,10:47:00,Daylight,870,85,Yes,Other,Normal,NoCollision,VOIE LAISON SUD,M,45.809538873262376,1.8072866941377732
201800036061,NonLethal,2018-05-01,11:13:00,Daylight,870,113,No,NoIntersection,Normal,Other,BRIAND (AVENUE ARISTIDE),M,45.87359233405722,1.8735719929621728
201800036062,NonLethal,2018-01-05,12:44:00,Daylight,870,85,Yes,NoIntersection,Normal,2Vehicles-BehindVehicles-Frontal,BAUDIN (AVENUE) ( RN21),M,45.81546338290196,1.815479917112384
201800036063,NonLethal,2018-04-27,16:21:00,Daylight,870,85,Yes,NoIntersection,Normal,Other,CARNOT (BOULEVARD),M,45.83215704212582,1.831920576357641
201800036064,NonLethal,2018-02-05,12:21:00,Daylight,870,50,Yes,NoIntersection,Normal,2Vehicles-BehindVehicles-Frontal,LAJOUX (LIEU DIT),M,45.87579932281587,1.8770901482761435
201800036065,NonLethal,2018-05-02,17:41:00,Daylight,870,75,Yes,Other,Normal,Other,VERTHAMONT (RUE DU GUE),M,45.812054394778464,1.810911636522093
201800036066,NonLethal,2018-05-05,23:56:00,NightStreelightsOn,870,75,No,NoIntersection,Normal,Other,D20,M,45.81681823192518,1.8162973637563296
201800036067,NonLethal,2018-05-06,19:59:00,Daylight,870,85,Yes,NoIntersection,Normal,2Vehicles-Behind,FOCH (RUE DU MARECHAL),M,45.84473444257603,1.8436049202156013
201800036068,NonLethal,2018-05-07,12:57:00,Daylight,870,85,No,NoIntersection,Normal,Other,AUTOROUTE A20,M,45.889793106337365,1.8906813342327549
201800036069,NonLethal,2018-05-05,16:13:00,Daylight,870,85,Yes,T-type,Normal,2Vehicles-Side,VIGENAL (BOULEVARD DU),M,45.85243737854151,1.852468187519613
201800036070,NonLethal,2018-05-08,23:02:00,NightNoStreetLight,870,85,No,NoIntersection,Normal,Other,RD941 (EST),M,45.83516880775466,1.8351874763870293
201800036072,Lethal,2018-05-13,14:04:00,Daylight,870,50,No,NoIntersection,LightRain,Other,D35,M,45.86076350168862,1.862430052834248
201800036073,NonLethal,2018-05-14,08:51:00,Daylight,870,85,No,NoIntersection,LightRain,Other,A20 DIFFUSEUR 33,M,45.83987759240506,1.839176678743769
201800036074,NonLethal,2018-05-14,10:59:00,Daylight,870,85,Yes,X-type,LightRain,Other,HUGO (BOULEVARD VICTOR),M,45.8306693552316,1.8298236391247529
201800036075,NonLethal,2018-05-17,09:50:00,Daylight,870,85,Yes,T-type,Normal,2Vehicles-Side,ROCHE (IMPASSE ET RUE DE,M,45.819949921772526,1.818504271379145
201800036076,NonLethal,2018-05-17,15:29:00,Daylight,870,85,Yes,NoIntersection,Normal,Other,PERRIN (RUE FRANCOIS),M,45.82645186866734,1.8251032560305671
201800036077,NonLethal,2018-05-22,18:30:00,Daylight,870,85,Yes,T-type,Normal,Other,LABUSSIERE (AVENUE EMILE,M,45.84516601487994,1.8444165925101084
201800036078,NonLethal,2018-05-22,09:37:00,Daylight,870,85,No,NoIntersection,Normal,NoCollision,CHATRADES (RUE DES),M,45.85231506108596,1.8510331679654728
201800036079,NonLethal,2018-05-23,13:58:00,Daylight,870,85,Yes,NoIntersection,LightRain,3+Vehicles-Chain,BELLAC (RUE DE),M,45.8487065655295,1.8505250624139369
201800036080,NonLethal,2018-05-23,15:54:00,Daylight,870,85,Yes,NoIntersection,Normal,Other,GAY-LUSSAC (COURS),M,45.83609991834664,1.836332670192116
201800036081,NonLethal,2018-05-24,08:31:00,Daylight,870,85,Yes,T-type,Normal,Other,VANTEAUX (BOULEVARD DE),M,45.82131397022005,1.8226807482352767
201800036082,NonLethal,2018-05-23,13:46:00,Daylight,870,50,Yes,Other,Normal,Other,MAS-GIGOU (RUE DU),M,45.86761056875553,1.867466114966855
201800036083,NonLethal,2018-05-25,14:19:00,Daylight,870,85,Yes,NoIntersection,Normal,Other,RUCHAUD (RUE JEAN BAPTIS,M,45.81763034894296,1.8177515772643864
201800036085,NonLethal,2018-05-28,10:16:00,Daylight,870,85,Yes,NoIntersection,Normal,2Vehicles-Behind,FOUGERAS (RUE DE),M,45.86954612362472,1.8686925975425408
201800036086,NonLethal,2018-05-29,14:14:00,Daylight,870,85,Yes,T-type,LightRain,2Vehicles-Side,PERRIN (RUE FRANCOIS),M,45.823100382904,1.8242102140332657
201800036087,NonLethal,2018-05-29,16:50:00,Daylight,870,85,Yes,NoIntersection,LightRain,2Vehicles-Behind,BELLAC (RUE DE),M,45.85512490740579,1.855299317161916
201800036088,NonLethal,2018-05-30,07:49:00,Daylight,870,85,Yes,X-type,Normal,2Vehicles-Side,VALIN (AVENUE DU GENERAL,M,45.80412087396704,1.8049896512879828
201800036089,NonLethal,2018-02-06,03:38:00,NightStreelightsOn,870,85,Yes,T-type,Normal,Other,ARBONNEAU (RUE),M,45.82536503326326,1.825909146427637
201800036090,NonLethal,2018-01-06,17:00:00,Daylight,870,85,Yes,NoIntersection,Normal,Other,LEOBARDY (AVE DU PROF JO,M,45.80946013966496,1.8114426927493872
201800036091,NonLethal,2018-03-06,08:56:00,Daylight,870,85,Yes,X-type,Normal,2Vehicles-Side,LABUSSIERE (AVENUE EMILE,M,45.84314083536641,1.8429666059382632
201800036093,NonLethal,2018-06-05,20:26:00,Daylight,870,85,Yes,NoIntersection,LightRain,Other,ALLENDE (QUAI SALVADOR),M,45.81801860684607,1.8162573509116
201800036094,NonLethal,2018-06-06,14:04:00,Daylight,870,85,Yes,T-type,Normal,2Vehicles-Side,LECLERC (AVENUE DU GENER,M,45.84260319982063,1.8414528891174025
201800036095,NonLethal,2018-06-06,18:16:00,Daylight,870,114,Yes,Other,Normal,Other,CARNOT (AVENUE PRESIDENT,M,45.82969156653049,1.82758339986894
201800036096,NonLethal,2018-06-09,12:23:00,Daylight,870,85,Yes,T-type,Normal,2Vehicles-Behind,LECLERC (AVENUE DU GENER,M,45.84570310526714,1.8472552867929972
201800036098,NonLethal,2018-06-10,18:21:00,Daylight,870,85,No,NoIntersection,Normal,Other,BRETELLE DIFF. 33 DE A20,M,45.8380706834797,1.839022609069292
201800036099,NonLethal,2018-11-06,17:23:00,Daylight,870,85,No,NoIntersection,Normal,Other,AUTOROUTE A20,M,45.88978201968697,1.887904620323188
201800036100,NonLethal,2018-06-12,09:00:00,Daylight,870,114,No,NoIntersection,Normal,Other,RD941 (EST),M,45.84472516449266,1.843589494396974
201800036101,NonLethal,2018-06-13,11:24:00,Daylight,870,85,Yes,Other,Normal,2Vehicles-Side,COMTE (RUE AUGUSTE),M,45.87518840684508,1.8747960806919288
201800036102,NonLethal,2018-06-13,12:50:00,Daylight,870,50,Yes,NoIntersection,Normal,3+Vehicles-Chain,LIMOGES (AVENUE DE),M,45.87593760876919,1.876921354582065
201800036103,NonLethal,2018-06-14,08:35:00,Daylight,870,85,Yes,X-type,Normal,2Vehicles-Side,AQUITAINE (RUE D'),M,45.8263760132792,1.8253282671966795
201800036104,NonLethal,2018-06-16,00:50:00,NightStreelightsOff,870,85,No,NoIntersection,HeavyRain,Other,AUTOROUTE A20,M,45.86430278159309,1.864579938437634
201800036105,NonLethal,2018-06-15,19:39:00,Daylight,870,85,No,NoIntersection,Normal,2Vehicles-Behind,GARIBALDI (AVENUE),M,45.83560608101094,1.834789372931508
201800036106,NonLethal,2018-06-17,17:14:00,Daylight,870,65,No,T-type,Normal,NoCollision,EYJEAUX (RUE D'),M,45.80284164009828,1.800942185879398
201800036107,NonLethal,2018-06-19,14:28:00,Daylight,870,85,No,T-type,Normal,2Vehicles-Side,RD 704,M,45.79744381239894,1.7979899333804803
201800036108,NonLethal,2018-06-20,12:28:00,Daylight,870,85,Yes,NoIntersection,Normal,Other,MAISON DIEU (PLACE),M,45.837347689560055,1.8374185200817288
201800036109,NonLethal,2018-06-21,15:12:00,Daylight,870,48,No,T-type,Normal,2Vehicles-Side,RD ll,M,45.780292522637694,1.7802884127692058
201800036111,NonLethal,2018-06-22,18:27:00,Daylight,870,85,Yes,NoIntersection,Normal,2Vehicles-Side,DUTREIX (RUE ARMAND),M,45.83191333598856,1.8324671303827444
201800036112,NonLethal,2018-06-23,23:31:00,NightStreelightsOn,870,85,Yes,NoIntersection,Normal,Other,ARMAND (AVE Z.A.C,M,45.86742903591177,1.8652908020915275
201800036113,NonLethal,2018-06-27,11:03:00,Daylight,870,85,Yes,NoIntersection,Normal,Other,BEAUBREUIL (PLACE DE),M,45.88206629672816,1.8805745622690664
201800036114,NonLethal,2018-07-02,13:32:00,Daylight,870,85,Yes,NoIntersection,Normal,NoCollision,RD941 (OUEST),M,45.83595089867514,1.835260832265186
201800036115,NonLethal,2018-07-02,13:14:00,Daylight,870,50,Yes,T-type,Normal,3+Vehicles-Multiple,RD947,M,45.855525996693736,1.85663111649205
201800036116,NonLethal,2018-07-02,17:38:00,Daylight,870,65,Yes,T-type,Normal,2Vehicles-Behind,BALTARD (ALLEE),M,45.80449210859508,1.8045785426645604
201800036117,NonLethal,2018-02-07,19:03:00,Daylight,870,85,Yes,NoIntersection,Normal,Other,CURIE  (RUE PIERRE ET MA,M,45.82025442364596,1.8218927046263131
201800036118,NonLethal,2018-03-07,16:35:00,Daylight,870,85,Yes,T-type,Normal,2Vehicles-Behind,MONTJOVIS (AVENUE),M,45.841576046222826,1.8427596153502117
201800036119,NonLethal,2018-03-07,14:42:00,Daylight,870,65,No,X-type,Normal,2Vehicles-Side,PONTEIX (AVENUE DU),M,45.80828620317016,1.8070636248904184
201800036120,NonLethal,2018-07-04,15:45:00,Daylight,870,85,Yes,Roundabout,HeavyRain,NoCollision,ARMAND (AVE Z.A.C,M,45.867447385880894,1.8672995204956584
201800036121,NonLethal,2018-02-07,17:22:00,Daylight,870,114,Yes,NoIntersection,Normal,NoCollision,RIMBAUD (ARTHUR-),M,45.82657807480283,1.8278660100348496
201800036123,NonLethal,2018-07-08,11:09:00,Daylight,870,85,Yes,NoIntersection,Normal,Other,NAZARETH (RUE DE),M,45.82498091545799,1.8243232267534413
201800036124,NonLethal,2018-09-07,08:33:00,Daylight,870,85,Yes,NoIntersection,Normal,2Vehicles-Behind,BRIAND (RUE ARISTIDE),M,45.83940546947232,1.8384054464987265
201800036125,NonLethal,2018-07-10,13:12:00,Daylight,870,85,No,NoIntersection,Normal,3+Vehicles-Chain,GEORGES GUINGOUIN(RUE),M,45.89778366840918,1.8977751600959556
201800036126,NonLethal,2018-07-09,21:00:00,TwilightOrDawn,870,85,Yes,T-type,Normal,2Vehicles-Side,SAINTE CLAIRE (RUE),M,45.82530678152429,1.824049956430124
201800036128,NonLethal,2018-12-07,08:05:00,Daylight,870,75,Yes,NoIntersection,Normal,Other,MERIGNAC (AVENUE DE),M,45.797468544728126,1.794842155038738
201800036129,NonLethal,2018-07-11,17:20:00,Daylight,870,85,Yes,NoIntersection,Normal,2Vehicles-BehindVehicles-Frontal,MESSAGER (RUE ANDRE),M,45.82046175059835,1.817526414978472
201800036130,NonLethal,2018-12-07,17:56:00,Daylight,870,85,Yes,NoIntersection,Normal,2Vehicles-Behind,CHURCHILL WINSTON (PLACE,M,45.831451827658086,1.8287431782577024
201800036131,NonLethal,2018-07-13,15:14:00,Daylight,870,50,No,NoIntersection,Normal,Other,HIPPODROME (ALLEE DE L'),M,45.88294565295768,1.8823078994800853
201800036132,NonLethal,2018-07-15,23:09:00,NightStreelightsOn,870,85,Yes,NoIntersection,Normal,Other,BLANC LOUIS (BOULEVARD),M,45.82746564760178,1.8282006422935395
201800036133,NonLethal,2018-07-20,14:22:00,Daylight,870,85,Yes,NoIntersection,Normal,2Vehicles-Behind,VIGENAL (BOULEVARD DU),M,45.85113893196071,1.8529909719726512
201800036135,NonLethal,2018-07-26,09:52:00,Daylight,870,85,Yes,NoIntersection,Normal,2Vehicles-Behind,BASTIAT (RUE FREDERIC),M,45.88913495610613,1.887525178715802
201800036136,NonLethal,2018-07-28,01:01:00,NightStreelightsOn,870,85,Yes,NoIntersection,Normal,Other,LOCARNO (AVENUE),M,45.83863610216992,1.8419550963885325
201800036137,NonLethal,2018-07-28,13:20:00,Daylight,870,85,Yes,NoIntersection,Normal,Other,ALLENDE (QUAI SALVADOR),M,45.81614656401639,1.816523582165817
201800036139,NonLethal,2018-07-30,14:54:00,Daylight,870,85,Yes,T-type,Normal,2Vehicles-Side,HOCHE (RUE),M,45.83998210992004,1.8384483845814652
201800036140,NonLethal,2018-07-31,16:49:00,Daylight,870,85,Yes,NoIntersection,Normal,2Vehicles-Side,LECLERC (AVENUE DU GENER,M,45.84342725967216,1.8466114363021175
201800036141,NonLethal,2018-02-08,01:44:00,NightStreelightsOn,870,65,Yes,Roundabout,Normal,Other,VALIN (AVENUE MARTIAL),M,45.81780054875917,1.8187828754784452
201800036143,NonLethal,2018-08-02,23:04:00,NightStreelightsOn,870,85,Yes,X-type,Normal,2Vehicles-Side,SAINT MARTIAL (QUAI),M,45.82021332518296,1.8237109694774007
201800036144,NonLethal,2018-08-04,12:28:00,Daylight,870,85,No,NoIntersection,Normal,Other,AUTOROUTE A20,M,45.86578125465466,1.8673154197292576
201800036145,NonLethal,2018-08-06,19:53:00,Daylight,870,85,Yes,T-type,Normal,2Vehicles-Side,GAY-LUSSAC (COURS),M,45.83506605535217,1.8343873330831804
201800036146,NonLethal,2018-07-08,09:08:00,Daylight,870,85,Yes,NoIntersection,Normal,2Vehicles-Side,GRAND-THEIL (RUE DU),M,45.876863261920896,1.876386989727828
201800036149,NonLethal,2018-08-11,13:16:00,Daylight,870,48,No,NoIntersection,Normal,Other,AUTOROUTE A20,M,45.78809241740809,1.787605723752653
201800036153,NonLethal,2018-08-21,17:16:00,Daylight,870,85,Yes,X-type,Normal,2Vehicles-Side,CAMBUSES (AVENUE DES),M,45.88926361006957,1.8908064025495577
201800036154,NonLethal,2018-08-21,14:37:00,Daylight,870,114,No,NoIntersection,Normal,2Vehicles-BehindVehicles-Frontal,PRESSEMANE (AVENUE ADRIE,M,45.838682764799344,1.8399067016583857
201800036155,NonLethal,2018-08-21,17:48:00,Daylight,870,48,No,NoIntersection,Normal,Other,RD 11,M,45.76965004127802,1.7701105955583645
201800036157,NonLethal,2018-08-22,09:39:00,Daylight,870,85,Yes,NoIntersection,Normal,2Vehicles-Behind,BEAUBLANC (BOULEVARD DE),M,45.84832708673067,1.8471337264889485
201800036158,Lethal,2018-08-23,20:02:00,Daylight,870,75,Yes,NoIntersection,Normal,Other,RN 21,M,45.80516644815869,1.806530391139211
201800036159,NonLethal,2018-08-25,20:09:00,TwilightOrDawn,870,85,Yes,NoIntersection,LightRain,Other,BEAUBLANC (BOULEVARD DE),M,45.84944206042334,1.8474544557481352
201800036160,NonLethal,2018-08-26,09:55:00,Daylight,870,85,Yes,NoIntersection,LightRain,Other,REBIER (ALLEE JEAN),M,45.84139293857772,1.839847315813911
201800036161,NonLethal,2018-08-26,10:12:00,Daylight,870,75,Yes,Other,Normal,NoCollision,VERTHAMONT (RUE DU GUE),M,45.8121131998879,1.8124549262064065
201800036162,NonLethal,2018-08-28,19:38:00,Daylight,870,85,Yes,NoIntersection,Normal,Other,WALDECK ROUSSEAU (RUE),M,45.82582598537928,1.8271769643999063
201800036163,NonLethal,2018-08-27,20:02:00,Daylight,870,85,Yes,T-type,Normal,2Vehicles-BehindVehicles-Frontal,MICHAUD (RUE EDOUARD),M,45.84143895123399,1.840151964450628
201800036164,NonLethal,2018-08-29,13:49:00,Daylight,870,85,Yes,NoIntersection,Normal,NoCollision,BLANC LOUIS (BOULEVARD),M,45.83100559932055,1.8280563186200536
201800036165,NonLethal,2018-08-30,15:56:00,Daylight,870,85,Yes,NoIntersection,Normal,2Vehicles-Side,SAINT ELOI (AVENUE),M,45.83059885863306,1.8284819136264567
201800036166,NonLethal,2018-02-09,07:18:00,NightStreelightsOn,870,85,Yes,NoIntersection,Normal,2Vehicles-Behind,MAS-BOUYOL  (CITE ET BOU,M,45.82949705425948,1.8295268939943032
201800036168,NonLethal,2018-04-09,17:53:00,Daylight,870,85,Yes,T-type,Normal,2Vehicles-Side,BOMBAL (RUE EUSEBE),M,45.84714727257403,1.8435130187039608
201800036169,NonLethal,2018-05-09,16:30:00,Daylight,870,85,Yes,T-type,Normal,2Vehicles-Side,RUBEN (AVENUE ERNEST),M,45.82350916026391,1.8216995671185463
201800036170,NonLethal,2018-06-09,10:07:00,Daylight,870,85,No,NoIntersection,Normal,Other,RD941 (OUEST),M,45.83582862142198,1.834129457072468
201800036172,NonLethal,2018-06-09,13:10:00,Daylight,870,85,No,NoIntersection,LightRain,NoCollision,LIAISON SUD ( VOIE DE),M,45.80711607748727,1.8075658253071072
201800036173,NonLethal,2018-06-09,14:12:00,Daylight,870,85,Yes,X-type,LightRain,3+Vehicles-Chain,HUGO (BOULEVARD VICTOR),M,45.82964002465528,1.832223260998575
201800036174,NonLethal,2018-07-09,14:01:00,Daylight,870,85,Yes,X-type,Normal,2Vehicles-Side,TRAVERSAT (AVENUE PIERRE,M,45.85358037621438,1.85382041015034
201800036175,NonLethal,2018-09-07,07:41:00,NightNoStreetLight,870,85,Yes,T-type,Normal,2Vehicles-Behind,BAUDIN (AVENUE) ( RN21),M,45.81355793426114,1.8152741620080648
201800036176,NonLethal,2018-11-09,17:41:00,Daylight,870,85,Yes,NoIntersection,Normal,Other,GROSSEREIX (LIEU DIT),M,45.89422783136963,1.8933526035159216
201800036177,NonLethal,2018-09-11,05:54:00,NightStreelightsOn,870,85,Yes,NoIntersection,Normal,Other,MONNET (RUE JEAN),M,45.8636327965717,1.8618016533350303
201800036178,NonLethal,2018-09-11,07:21:00,NightStreelightsOn,870,85,Yes,T-type,Normal,2Vehicles-Side,BELLAC (RUE DE),M,45.855587453139314,1.8566951768319453
201800036180,NonLethal,2018-12-09,14:08:00,Daylight,870,85,Yes,NoIntersection,Normal,3+Vehicles-Chain,ALLENDE (QUAI SALVADOR),M,45.82031879988261,1.8208230073757807
201800036181,NonLethal,2018-12-09,12:27:00,Daylight,870,85,Yes,Roundabout,Normal,2Vehicles-Side,BROGLIE (AVENUE LOUIS DE,M,45.884936102125934,1.8849216548074812
201800036182,NonLethal,2018-09-16,10:34:00,Daylight,870,85,No,T-type,Normal,2Vehicles-Side,RD704,M,45.79743257981639,1.7974907211922042
201800036183,NonLethal,2018-09-16,16:57:00,Daylight,870,85,No,NoIntersection,Normal,2Vehicles-Behind,GEORGES GUINGOUIN(RUE),M,45.89763888685611,1.895946336460988
201800036184,NonLethal,2018-09-18,16:40:00,Daylight,870,85,Yes,NoIntersection,Normal,Other,BOURGEOIS (RUE LEON),M,45.84232575632907,1.8429733140124829
201800036185,NonLethal,2018-09-24,22:27:00,NightNoStreetLight,870,50,Yes,NoIntersection,Normal,2Vehicles-BehindVehicles-Frontal,BUXEROLLES (ROUTE DE),M,45.867329494933294,1.86851210596469
201800036186,NonLethal,2018-09-25,23:00:00,NightStreelightsOn,870,85,Yes,T-type,Normal,2Vehicles-Side,AQUITAINE (RUE D'),M,45.82519272095009,1.825386590451404
201800036187,NonLethal,2018-09-26,13:55:00,Daylight,870,85,Yes,T-type,Normal,2Vehicles-Behind,VALIN (AVENUE DU GENERAL,M,45.80808828611292,1.8082102740840875
201800036188,NonLethal,2018-09-26,17:22:00,Daylight,870,85,Yes,NoIntersection,Normal,3+Vehicles-Chain,MONNET (RUE JEAN),M,45.859796887692326,1.859521220882289
201800036189,NonLethal,2018-09-26,17:37:00,Daylight,870,75,Yes,NoIntersection,Normal,2Vehicles-Side,RN 21,M,45.798846139998346,1.7999633634285952
201800036190,NonLethal,2018-09-26,16:49:00,Daylight,870,85,Yes,X-type,Normal,2Vehicles-Side,VIGENAL (BOULEVARD DU),M,45.85299661535922,1.8516865305303012
201800036191,NonLethal,2018-09-27,18:03:00,Daylight,870,85,Yes,NoIntersection,Normal,3+Vehicles-Chain,MAS-BOUYOL  (CITE ET BOU,M,45.82953751325405,1.8289605873261416
201800036192,NonLethal,2018-09-30,04:33:00,NightStreelightsOn,870,85,No,NoIntersection,Normal,Other,AUTOROUTE A20,M,45.82674290766135,1.8282127669401729
201800036193,NonLethal,2018-09-28,15:12:00,Daylight,870,85,Yes,NoIntersection,Normal,NoCollision,ATLANTIS (RUE),M,45.86000895927488,1.860766707002436
201800036196,NonLethal,2018-10-05,19:13:00,Daylight,870,113,Yes,T-type,Normal,2Vehicles-Side,BRIAND (AVENUE ARISTIDE),M,45.87619160438005,1.8747314928047127
201800036197,NonLethal,2018-06-10,10:49:00,Daylight,870,85,Yes,NoIntersection,Normal,2Vehicles-Behind,LECLERC (AVENUE DU GENER,M,45.84598561843144,1.8439535284985824
201800036198,NonLethal,2018-06-10,23:49:00,NightStreelightsOn,870,85,Yes,NoIntersection,Normal,NoCollision,BOMBAL (RUE EUSEBE),M,45.84473209571623,1.846404887132232
201800036200,NonLethal,2018-10-08,11:59:00,Daylight,870,85,Yes,T-type,Normal,Other,VERGNIAUD (COURS),M,45.83570537638875,1.8354284781418169
201800036202,NonLethal,2018-10-15,07:58:00,NightNoStreetLight,870,50,No,NoIntersection,HeavyRain,2Vehicles-Behind,RN 147,M,45.9042776063549,1.900782515347169
201800036203,NonLethal,2018-10-17,15:44:00,Daylight,870,85,Yes,T-type,Normal,2Vehicles-Side,FOUGERAS (RUE DE),M,45.8636224976467,1.8641069255910143
201800036204,NonLethal,2018-10-17,16:33:00,Daylight,870,114,Yes,NoIntersection,Normal,Other,LEYSSENE (JOSEPH-),M,45.83961009835072,1.8399077492444889
201800036205,NonLethal,2018-10-17,20:03:00,NightStreelightsOn,870,85,Yes,NoIntersection,Normal,Other,JOLIOT CURIE (RUE IRENE,M,45.83220434663307,1.8312684294222883
201800036207,NonLethal,2018-10-18,15:08:00,Daylight,870,85,Yes,NoIntersection,Normal,Other,MONTHLERY (RUE DE),M,45.83495018695944,1.8402407956256053
201800036208,NonLethal,2018-10-20,13:23:00,Daylight,870,85,Yes,NoIntersection,Normal,Other,BRIAND (RUE ARISTIDE),M,45.837980173935534,1.8358637152795447
201800036209,NonLethal,2018-10-19,17:31:00,Daylight,870,85,Yes,T-type,Normal,2Vehicles-Side,RANSON (RUE LOUIS CASIMI,M,45.8262024000996,1.8250547288835384
201800036210,NonLethal,2018-10-20,16:22:00,Daylight,870,85,No,NoIntersection,Normal,Other,MAS-LOGE (CHEMIN DU),M,45.8340262238479,1.835529682861727
201800036211,NonLethal,2018-10-19,11:21:00,Daylight,870,85,No,NoIntersection,Normal,2Vehicles-Behind,NEXON (RUE DE),M,45.79922724301637,1.800855018618016
201800036212,NonLethal,2018-10-22,09:20:00,Daylight,870,85,Yes,T-type,Normal,2Vehicles-Side,RUBEN (AVENUE ERNEST),M,45.82374786158427,1.823846576143032
201800036213,NonLethal,2018-10-20,17:31:00,Daylight,870,85,Yes,NoIntersection,Normal,Other,SABLARD (AVENUE DE),M,45.82913717612687,1.830871257795209
201800036214,NonLethal,2018-10-22,17:46:00,Daylight,870,85,Yes,NoIntersection,Normal,Other,VARDELLE (RUE MARCEL),M,45.84361134042523,1.8427978504748832
201800036215,NonLethal,2018-10-22,21:32:00,NightStreelightsOn,870,85,Yes,NoIntersection,Normal,2Vehicles-Behind,FEYTIAT (RUE DE),M,45.82368501445592,1.825149489375215
201800036216,NonLethal,2018-10-23,23:08:00,NightStreelightsOn,870,85,Yes,X-type,Normal,2Vehicles-Side,RUBEN (AVENUE ERNEST),M,45.818597780076246,1.82224922232495
201800036217,NonLethal,2018-10-25,16:53:00,Daylight,870,85,Yes,NoIntersection,Normal,Other,LIBERATION (AVENUE DE LA,M,45.83306389360608,1.8334965846207
201800036218,NonLethal,2018-10-26,02:28:00,NightNoStreetLight,870,113,No,NoIntersection,Normal,Other,ANGUERNAUD (RUE D'),M,45.8848882014547,1.8848066636514609
201800036220,NonLethal,2018-10-28,16:50:00,Daylight,870,48,No,NoIntersection,LightRain,Other,RD 11,M,45.77183617273421,1.7740568718213023
201800036221,NonLethal,2018-10-29,13:26:00,Daylight,870,85,No,NoIntersection,LightRain,2Vehicles-Behind,AUTOROUTE A20,M,45.89694929339025,1.8974529895459769
201800036222,NonLethal,2018-10-31,11:38:00,Daylight,870,85,Yes,T-type,LightRain,2Vehicles-Behind,TOULOUSE (RUE DE),M,45.82410027195744,1.8239805440065917