AccidentId,Gravity,Date,Hour,Light,Department,Commune,InAgglomeration,IntersectionType,Weather,CollisionType,PostalAddress,GPSCode,Latitude,Longitude
201800036224,NonLethal,2018-04-11,07:54:00,NightNoStreetLight,870,85,No,T-type,Normal,2Vehicles-Side,GEORGES GUINGOUIN(RUE),M,45.90307597309955,1.9010927575862668
201800036225,NonLethal,2018-02-11,19:10:00,NightStreelightsOn,870,114,Yes,X-type,Normal,2Vehicles-Side,RUE HENRI WALLON,M,45.829232626037125,1.8296510764849072
201800036227,NonLethal,2018-12-11,18:02:00,TwilightOrDawn,870,85,Yes,NoIntersection,LightRain,Other,BRIAND (RUE ARISTIDE),M,45.85807966189109,1.8575922784819048
201800036229,NonLethal,2018-11-11,18:36:00,Daylight,870,85,Yes,Roundabout,Normal,Other,CHENIEUX (RUE FRANCOIS),M,45.8403487482797,1.8393562447509304
201800036230,NonLethal,2018-11-11,18:52:00,NightStreelightsOn,870,85,Yes,NoIntersection,Normal,Other,LONGEQUEUE (RUE LOUIS),M,45.82983551644718,1.8267784122397897
201800036231,NonLethal,2018-11-11,17:22:00,TwilightOrDawn,870,85,Yes,NoIntersection,Normal,Other,DUMAS (AVENUE GEORGES),M,45.82551439821645,1.8272334323105563
201800036233,NonLethal,2018-11-15,10:58:00,Daylight,870,85,No,NoIntersection,Normal,3+Vehicles-Multiple,AUTOROUTE A20,M,45.84809185117023,1.8485858808082576
201800036235,NonLethal,2018-11-18,22:38:00,NightStreelightsOn,870,85,Yes,T-type,Normal,2Vehicles-Side,ALLENDE (QUAI SALVADOR),M,45.822184493724976,1.8213163513266728
201800036236,NonLethal,2018-11-19,20:06:00,NightStreelightsOn,870,85,Yes,T-type,Normal,2Vehicles-Behind,LEBON (RUE PHILIPPE),M,45.885017091853264,1.884873422237731
201800036237,NonLethal,2018-11-19,11:52:00,Daylight,870,85,Yes,X-type,Normal,2Vehicles-BehindVehicles-Frontal,VALIN (AVENUE DU GENERAL,M,45.80403820307005,1.8042305589604108
201800036238,NonLethal,2018-11-20,16:52:00,Daylight,870,85,No,NoIntersection,Normal,Other,AUTOROUTE A20,M,45.87972900791991,1.8812156523781105
201800036239,NonLethal,2018-11-21,06:58:00,NightStreelightsOn,870,85,No,NoIntersection,Normal,3+Vehicles-Chain,AUTOROUTE A20,M,45.91105975600547,1.910992310555416
201800036240,NonLethal,2018-11-24,15:47:00,Daylight,870,85,Yes,NoIntersection,Normal,3+Vehicles-Chain,PERRIN (RUE FRANCOIS),M,45.82903476894754,1.8306671640250272
201800036242,NonLethal,2018-11-25,19:32:00,NightStreelightsOn,870,85,Yes,X-type,LightRain,2Vehicles-Side,ISLY (RUE D'),M,45.832305724425794,1.83156794376744
201800036243,NonLethal,2018-11-23,08:11:00,TwilightOrDawn,870,65,No,NoIntersection,Normal,3+Vehicles-Multiple,AUTOROUTE A20,M,45.78820489910505,1.7908933880493514
201800036245,NonLethal,2018-11-27,17:40:00,NightStreelightsOn,870,85,Yes,X-type,Normal,2Vehicles-Side,CHARENTES (PLACE DES),M,45.83781910786827,1.8365057115704468
201800036246,NonLethal,2018-11-29,12:10:00,Daylight,870,85,No,NoIntersection,Normal,3+Vehicles-Multiple,AUTOROUTE A20,M,45.83032602274896,1.8310230837583352
201800036248,NonLethal,2018-03-12,13:17:00,Daylight,870,65,No,X-type,LightRain,Other,INDUSTRIE (CARREFOUR DE,M,45.81923161407919,1.8194652771416848
201800036251,NonLethal,2018-12-05,11:50:00,Daylight,870,85,No,NoIntersection,Normal,2Vehicles-Side,AUTOROUTE A2O,M,45.85885804710003,1.8574079681031936
201800036252,NonLethal,2018-12-04,11:11:00,Daylight,870,85,Yes,T-type,Normal,2Vehicles-Side,DUTREIX (RUE ARMAND),M,45.83186304713794,1.8321834142792888
201800036253,NonLethal,2018-05-12,15:53:00,Daylight,870,85,Yes,NoIntersection,Normal,2Vehicles-Behind,BROGLIE (AVENUE LOUIS DE,M,45.8826395972949,1.884057226641576
201800036254,NonLethal,2018-05-12,16:44:00,TwilightOrDawn,870,85,Yes,T-type,Normal,2Vehicles-Side,RUBEN (AVENUE ERNEST),M,45.82275069268956,1.8245915978427023
201800036255,NonLethal,2018-07-12,09:15:00,Daylight,870,85,Yes,NoIntersection,LightRain,2Vehicles-Behind,LEGENDRE (RUE CHARLES),M,45.815638447717966,1.814216114609833
201800036256,NonLethal,2018-12-07,11:32:00,Daylight,870,85,Yes,NoIntersection,LightRain,NoCollision,BENEDICTINS (AVENUE DES),M,45.83249211614403,1.831833392092718
201800036257,NonLethal,2018-12-10,18:14:00,NightStreelightsOn,870,85,Yes,X-type,Normal,Other,COTY (AVENUE DU PRESIDEN,M,45.83856929387915,1.8408534464072217
201800036259,NonLethal,2018-12-14,11:35:00,Daylight,870,85,Yes,NoIntersection,Normal,Other,GAGNANT (AVENUE JEAN),M,45.83238103477,1.833531616429416
201800036260,NonLethal,2018-12-14,22:33:00,NightStreelightsOn,870,85,Yes,Other,Normal,2Vehicles-Side,BEL AIR (BOULEVARD DE),M,45.81731591312351,1.81786343206519
201800036261,NonLethal,2018-12-15,16:26:00,Daylight,870,85,Yes,NoIntersection,LightRain,Other,FARMAN (RUE),M,45.849817387967015,1.8502829544711088
201800036262,NonLethal,2018-12-16,18:10:00,NightNoStreetLight,870,85,No,NoIntersection,LightRain,2Vehicles-Behind,AUTOROUTE A20,M,45.862987663384544,1.862787980830592
201800036263,NonLethal,2018-12-18,14:13:00,Daylight,870,85,Yes,NoIntersection,Normal,2Vehicles-Side,TOULOUSE (RUE DE),M,45.82210392569932,1.82151520169876
201800036264,NonLethal,2018-12-21,10:30:00,Daylight,870,65,No,NoIntersection,HeavyRain,Other,AUTOROUTE A20,M,45.79823894465567,1.7955198644133763
201800036268,NonLethal,2018-12-23,01:52:00,NightStreelightsOn,870,85,Yes,NoIntersection,LightRain,Other,LABUSSIERE (AVENUE EMILE,M,45.844409460478,1.8450138795057072
201800036269,NonLethal,2018-12-29,00:58:00,NightStreelightsOn,870,85,Yes,NoIntersection,Normal,Other,BELLAC (RUE DE),M,45.854909805678766,1.8539416980190595
201800036270,NonLethal,2018-12-31,08:01:00,TwilightOrDawn,870,85,Yes,X-type,Normal,2Vehicles-Side,ALLENDE (QUAI SALVADOR),M,45.82181264012496,1.8202379112143712
201800036271,NonLethal,2018-01-09,17:35:00,NightStreelightsOn,880,160,Yes,T-type,LightRain,Other,"0, BELLE-AU-BOIS-DORMANT",M,48.1980025567475,6.196261924755651
201800036274,NonLethal,2018-02-06,21:00:00,NightStreelightsOn,880,160,Yes,NoIntersection,Normal,Other,"l3, TEMPLIERS (AV. DES)",M,48.16742975795365,6.167341294702785
201800036275,NonLethal,2018-02-03,22:45:00,NightStreelightsOn,880,160,Yes,NoIntersection,LightRain,2Vehicles-BehindVehicles-Frontal,BARTHOU (RUE LOUIS-),M,48.18949984852939,6.188229730978065
201800036276,Lethal,2018-03-03,20:30:00,NightNoStreetLight,880,209,No,NoIntersection,LightRain,Other,FORGES (RTE. DES),M,48.18699460497629,6.1881206336508265
201800036277,NonLethal,2018-03-04,05:50:00,NightStreelightsOn,880,160,Yes,NoIntersection,Normal,Other,CARPENTIER (VOIE PIERRE-,M,48.179941015319805,6.182113053394208
201800036278,Lethal,2018-05-20,23:50:00,NightStreelightsOn,880,209,No,T-type,Normal,2Vehicles-Side,JEAN-CHARLES PELLERIN (R,M,48.204632914434605,6.203799958710932
201800036279,NonLethal,2018-06-30,00:35:00,NightStreelightsOn,880,160,Yes,NoIntersection,Normal,NoCollision,SAINT-DIE (AV. DE),M,48.18243211036263,6.182979202465569
201800036280,NonLethal,2018-07-25,19:50:00,Daylight,880,160,Yes,NoIntersection,Normal,Other,BLUM (AV. LEON),M,48.18823218174879,6.188015950084799
201800036281,NonLethal,2018-07-27,23:50:00,NightStreelightsOn,880,209,Yes,Other,Normal,2Vehicles-Side,FORT (RUE DU),M,48.201058067410536,6.202037450935928
201800036282,NonLethal,2018-10-08,17:20:00,Daylight,880,87,Yes,NoIntersection,Normal,2Vehicles-Side,DE GAULLE (RUE GENERAL-),M,48.16530885942722,6.165219816202586
201800036283,NonLethal,2018-07-21,02:07:00,NightNoStreetLight,880,160,No,NoIntersection,LightRain,NoCollision,CHAUD COTE (RUE DU),M,48.14316474327423,6.145863954501934
201800036284,NonLethal,2018-09-27,16:25:00,Daylight,880,160,No,NoIntersection,Normal,2Vehicles-Behind,GERARDMER (route de),M,48.16068522710428,6.163052959550591
201800036285,NonLethal,2018-09-27,14:07:00,Daylight,880,160,Yes,T-type,Normal,2Vehicles-Side,BLERIOT (RUE LOUIS-),M,48.20057461351859,6.200219515949119
201800036286,NonLethal,2018-09-29,21:50:00,NightStreelightsOn,880,160,Yes,Other,Normal,2Vehicles-Behind,SAINT-DIE (AV. DE),M,48.18746889690613,6.186935851034535
201800036287,NonLethal,2018-10-20,14:19:00,Daylight,880,160,Yes,NoIntersection,Normal,Other,ETATS-UNIS (RUE DES),M,48.17663157574885,6.176344325414886
201800036289,Lethal,2018-08-11,19:08:00,NightNoStreetLight,880,160,No,NoIntersection,Normal,3+Vehicles-Multiple,GERARDMER (route de),M,48.18552879999879,6.185942247693563
201800036290,NonLethal,2018-11-20,17:26:00,NightStreelightsOn,880,160,Yes,T-type,LightRain,2Vehicles-Side,DOGNEVILLE (Q. DE),M,48.1790983359188,6.182671139962334
201800036291,NonLethal,2018-11-29,17:28:00,NightStreelightsOn,880,160,Yes,NoIntersection,Normal,Other,RENAN (RUE ERNEST-),M,48.18679805278946,6.1883592721792695
201800036292,NonLethal,2018-05-12,21:40:00,NightStreelightsOn,880,160,No,NoIntersection,LightRain,NoCollision,ARCHETTES (RTE D'),M,48.97024291710248,6.968151344500983
201800036293,NonLethal,2018-12-16,19:34:00,NightStreelightsOn,880,160,Yes,T-type,Other,Other,BRIAND (RUE ARISTIDE-),M,48.17219094953951,6.173648032719261
201800036294,NonLethal,2018-12-17,17:42:00,NightStreelightsOn,880,160,Yes,NoIntersection,Normal,Other,HAXO (RUE DU GAL-),M,48.185093863203846,6.183513032721201
201800036295,NonLethal,2018-05-05,16:08:00,Daylight,880,383,Yes,NoIntersection,Normal,Other,CD 417,M,48.01260608384834,6.012767507860786
201800036296,NonLethal,2018-06-06,15:28:00,Daylight,880,383,Yes,NoIntersection,Normal,Other,Rue de la Mouline,M,48.01667791591735,6.013528663047727
201800036298,NonLethal,2018-10-26,12:30:00,Daylight,880,429,No,NoIntersection,Normal,2Vehicles-BehindVehicles-Frontal,D 157,M,48.00802729829881,6.009335359802478
201800036299,NonLethal,2018-01-09,12:50:00,Daylight,880,413,Yes,NoIntersection,Normal,Other,"7, Jacquot ( Rue Ren )",M,48.28048450715983,6.280671047606342
201800036300,NonLethal,2018-03-06,08:55:00,Daylight,880,424,Yes,NoIntersection,Normal,Other,Alle de l'Europe,M,48.27266346525375,6.270061711241492
201800036301,NonLethal,2018-05-19,16:30:00,Daylight,880,413,Yes,T-type,Normal,2Vehicles-Side,AVENUE DE ROBACHE,M,48.29157528440428,6.289527976701911
201800036302,NonLethal,2018-06-16,15:30:00,Daylight,880,413,Yes,T-type,Normal,Other,Rue Marcel ROGE,M,48.28150367072336,6.282482359162259
201800036303,NonLethal,2018-06-19,10:55:00,Daylight,880,424,Yes,X-type,Normal,2Vehicles-Side,Rue de BROMPONT,M,48.26877196631455,6.268171028148589
201800036304,NonLethal,2018-10-07,22:38:00,NightStreelightsOn,880,413,Yes,NoIntersection,Normal,3+Vehicles-Multiple,THIERS (RUE),M,48.28808555612091,6.287741193182784
201800036305,NonLethal,2018-07-27,16:25:00,Daylight,880,413,Yes,Other,Normal,Other,Rue d'ALSACE,M,48.28203433809314,6.2780922016417255
201800036306,NonLethal,2018-08-14,18:40:00,Daylight,880,413,Yes,Other,Normal,Other,Rue de la Mnantille,M,,
201800036307,NonLethal,2018-09-15,19:00:00,Daylight,880,428,Yes,Other,Normal,Other,Rue du Clos,M,48.314652564562,6.314498678460518
201800036308,NonLethal,2018-01-09,17:20:00,Daylight,880,413,Yes,NoIntersection,Normal,Other,rue d'hellieule,M,48.29384982389404,6.295917745851301
201800036309,NonLethal,2018-09-26,16:48:00,Daylight,880,413,Yes,NoIntersection,Normal,2Vehicles-Side,Avenue de VERDUN,M,48.30073788236513,6.300487953479193
201800036311,NonLethal,2018-09-29,10:40:00,Daylight,880,413,Yes,NoIntersection,Normal,NoCollision,Route de ROBACHE,M,48.31291877963893,6.315924391112096
201800036312,Lethal,2018-05-10,20:40:00,NightStreelightsOn,880,413,Yes,NoIntersection,Normal,Other,Rue du Petit SAINT-DIE,M,48.28264243194173,6.283658166751007
201800036313,NonLethal,2018-11-06,14:15:00,Daylight,880,413,Yes,Roundabout,Normal,2Vehicles-Side,Rond Point Modulor,M,48.285594844543496,6.283870531687874
201800036314,NonLethal,2018-11-14,15:13:00,Daylight,880,413,Yes,NoIntersection,Normal,Other,Rue Emile DURCKHEIM,M,,
201800036315,NonLethal,2018-11-24,07:15:00,NightNoStreetLight,880,413,No,NoIntersection,Overcast,2Vehicles-Behind,RN 59,M,48.29625905227146,6.296050874306806
201800036316,NonLethal,2018-12-03,08:00:00,Daylight,880,413,Yes,NoIntersection,LightRain,2Vehicles-BehindVehicles-Frontal,Avenue de VERDUN,M,48.300040475535866,6.301204579999063
201800036318,Lethal,2018-01-14,17:34:00,TwilightOrDawn,890,24,Yes,LevelCrossing,Normal,2Vehicles-Side,R.N 77,M,47.82226809417268,3.821985633214147
201800036319,NonLethal,2018-01-22,18:35:00,NightStreelightsOff,890,24,Yes,MoreThan4Branches,LightRain,Other,"1, BRICHERES (AVENUE DES",M,47.78945554135378,3.790883294090264
201800036320,NonLethal,2018-02-13,10:20:00,Daylight,890,24,Yes,NoIntersection,Normal,Other,"77, DENFERT ROCHEREAU (A",M,47.80233600561969,3.803540988309363
201800036321,NonLethal,2018-10-07,12:05:00,Daylight,890,346,Yes,T-type,Normal,Other,BLEUETS (AVENUE DES ),M,47.79994351123395,3.801410171847492
201800036322,NonLethal,2018-10-07,19:10:00,Daylight,890,346,No,T-type,Normal,2Vehicles-Side,D89 ( DIRECTION AUXERRE,M,47.80088252712255,3.8010885703711854
201800036323,NonLethal,2018-08-28,20:15:00,Daylight,890,346,Yes,NoIntersection,Normal,2Vehicles-Behind,D 22,M,47.79891393715688,3.800359340739756
201800036324,NonLethal,2018-09-20,18:25:00,Daylight,890,24,Yes,NoIntersection,Normal,Other,GENERAL WEYGAND (AVENUE),M,47.80047744211348,3.800668390163848
201800036325,NonLethal,2018-10-08,14:50:00,Daylight,890,24,Yes,Roundabout,Normal,2Vehicles-Side,CHARLES DE GAULLE (AVENU,M,47.80107470101874,3.8007956188114393
201800036326,NonLethal,2018-10-10,13:05:00,Daylight,890,24,Yes,Y-type,Normal,2Vehicles-Side,VAULABELLE (BOULEVARD) N,M,47.7958754292296,3.795015527768486
201800036328,NonLethal,2018-12-11,22:05:00,NightNoStreetLight,890,342,No,NoIntersection,Normal,NoCollision,ROUTE NATIONALE 6,M,48.23030404055713,3.2295002164037747
201800036329,NonLethal,2018-02-14,14:00:00,Daylight,890,387,Yes,NoIntersection,Normal,2Vehicles-Side,"92, VERDUN (BOULEVARD DE",M,48.19899717361476,3.198043282211305
201800036330,NonLethal,2018-05-07,15:40:00,Daylight,890,387,Yes,X-type,Normal,2Vehicles-BehindVehicles-Frontal,VERDUN (BOULEVARD DE),M,48.19781927981841,3.196520531796594
201800036332,NonLethal,2018-05-23,18:29:00,Daylight,890,387,Yes,NoIntersection,Normal,Other,HUIT MAI 1945 (AVENUE DU,M,48.19940136768338,3.196336459112308
201800036333,NonLethal,2018-03-25,15:47:00,Daylight,890,387,No,Y-type,Normal,2Vehicles-Side,"1, PECHEURS (CHEMIN DES)",M,48.18756187459263,3.186859029239503
201800036335,NonLethal,2018-03-29,18:50:00,Daylight,890,387,Yes,T-type,Normal,2Vehicles-Side,"24, TARBE (COURS)",M,48.19552877772328,3.194132052323462
201800036336,NonLethal,2018-03-02,17:40:00,Daylight,890,387,Yes,NoIntersection,Normal,2Vehicles-Side,"7, CASTORS (BOULEVARD DE",M,48.19631963494377,3.191875234365797
201800036337,NonLethal,2018-05-16,21:50:00,NightNoStreetLight,890,387,Yes,Square,Normal,Other,EMILE ZOLA (RUE),M,48.19416413573,3.1946781188219755
201800036338,NonLethal,2018-05-19,21:50:00,NightStreelightsOn,890,387,Yes,Other,Normal,Other,VERDUN (BOULEVARD DE),M,48.20024431398584,3.197947075466985
201800036339,NonLethal,2018-05-27,19:15:00,Daylight,890,387,Yes,X-type,Normal,2Vehicles-Side,HUIT MAI 1945 (AVENUE DU,M,48.1963742699196,3.1963750469758305
201800036340,NonLethal,2018-06-28,17:35:00,Daylight,890,387,Yes,NoIntersection,Normal,Other,GARIBALDI (BOULEVARD DES,M,48.1984835346588,3.1988930121216805
201800036341,NonLethal,2018-07-09,11:55:00,Daylight,890,387,No,NoIntersection,Normal,3+Vehicles-Multiple,D606,M,48.19371686970005,3.194316012048364
201800036342,NonLethal,2018-04-21,18:20:00,Daylight,890,387,Yes,NoIntersection,Normal,Other,ARENES (RUE),M,48.19938034067247,3.200650724738384
201800036343,NonLethal,2018-04-06,07:30:00,TwilightOrDawn,890,287,Yes,X-type,Normal,Other,ARTISANAT (RUE DE L'),M,48.19648148837176,3.196044293303577
201800036344,Lethal,2018-07-16,09:10:00,Daylight,890,387,No,NoIntersection,Normal,Other,D606,M,48.24341313256898,3.242289403634536
201800036345,NonLethal,2018-07-25,14:12:00,Daylight,890,387,Yes,Other,Normal,2Vehicles-BehindVehicles-Frontal,ARENES (RUE),M,48.19937210375455,3.200733416118423
201800036346,Lethal,2018-01-08,20:10:00,Daylight,890,387,No,Other,Normal,2Vehicles-Side,LORRACH (AVENUE DE),M,48.19152264056392,3.1912130745168747
201800036348,Lethal,2018-08-18,23:30:00,NightStreelightsOn,890,287,No,NoIntersection,Normal,Other,STADE DE SAINT BOND (AVE,M,48.18145746777828,3.18467514840118
201800036349,NonLethal,2018-09-14,16:10:00,Daylight,890,387,Yes,NoIntersection,Normal,Other,GENERAL DE GAULLE (RUE D,M,48.19338646005851,3.1927409296771603
201800036352,NonLethal,2018-11-14,15:10:00,Daylight,890,387,Yes,NoIntersection,Normal,NoCollision,RENE BINET (RUE),M,48.19266798502957,3.191692032400246
201800036353,NonLethal,2018-11-01,12:27:00,Daylight,900,10,Yes,LevelCrossing,Normal,Other,JAURES (AVENUE JEAN) DE,M,47.648298685804846,6.650650051007303
201800036354,NonLethal,2018-01-16,12:14:00,Daylight,900,99,Yes,NoIntersection,HeavyRain,Other,"1, TURENNE (RUE DE)",M,47.670543468919625,6.668684865254793
201800036356,NonLethal,2018-02-21,07:20:00,Daylight,900,10,No,NoIntersection,Normal,2Vehicles-Side,"1, MENDES FRANCE (RUE)",M,47.63465371555155,6.637194620072064
201800036358,NonLethal,2018-04-29,15:00:00,Daylight,900,10,Yes,Y-type,Normal,2Vehicles-Side,ZAPOROJIE (RUE DE),M,47.6281755882599,6.630234556184152
201800036359,NonLethal,2018-05-24,17:50:00,Daylight,900,10,Yes,NoIntersection,Normal,Other,JAURES (AVENUE JEAN) DE,M,47.64642739686244,6.645242399933962
201800036360,NonLethal,2018-05-31,16:05:00,Daylight,900,10,Yes,X-type,Normal,Other,LYON (FAUBOURG DE),M,47.62809210382128,6.630196149041364
201800036361,NonLethal,2018-05-31,11:05:00,Daylight,900,10,Yes,Other,Normal,Other,LEBLEU (RUE),M,47.630094088189125,6.631289162775347
201800036364,NonLethal,2018-06-15,14:10:00,Daylight,900,10,Yes,Other,Normal,Other,BESANCON (FAUBOURG DE),M,47.59793840507468,6.599889367793804
201800036365,NonLethal,2018-06-20,10:15:00,Daylight,900,32,Yes,Other,Normal,Other,REPUBLIQUE (RUE DE LA),M,47.6150841215644,6.614748948962001
201800036366,NonLethal,2018-06-21,16:55:00,Daylight,900,10,Yes,NoIntersection,Normal,Other,LAURENCIE (AVENUE CAPITA,M,47.640371532059234,6.642136807050111
201800036367,NonLethal,2018-02-07,20:28:00,Daylight,900,10,Yes,X-type,Normal,2Vehicles-Side,JUIN (AVENUE DU MARECHAL,M,47.64522643073772,6.644326439742831
201800036369,NonLethal,2018-10-07,17:33:00,Daylight,900,10,Yes,NoIntersection,Normal,Other,MOULIN (AVENUE JEAN),M,47.65124269074491,6.6511265557381245
201800036371,NonLethal,2018-07-19,15:05:00,Daylight,900,10,Yes,T-type,Normal,2Vehicles-Side,DELEMONT (RUE DE),M,47.63666769723184,6.635154593258566
201800036374,NonLethal,2018-08-21,23:05:00,NightStreelightsOn,900,10,Yes,NoIntersection,Normal,Other,GAMBIEZ (RUE),M,47.650507331846384,6.652538458005544
201800036376,NonLethal,2018-10-04,18:33:00,Daylight,900,76,Yes,T-type,Normal,2Vehicles-Side,GRAND'RUE,M,47.63685600940023,6.636642071339747
201800036377,Lethal,2018-10-18,03:18:00,NightStreelightsOn,900,10,Yes,NoIntersection,Normal,NoCollision,MILITAIRE (QUAI),M,47.63955812433757,6.640346447937114
201800036379,NonLethal,2018-10-11,12:24:00,Daylight,900,10,Yes,NoIntersection,Normal,Other,FOCH (AVENUE),M,47.63875103450581,6.637807447923312
201800036380,NonLethal,2018-11-22,16:15:00,Daylight,900,10,No,X-type,Normal,Other,LAURENCIE (AVENUE CAPITA,M,47.64141141760064,6.639890059546604
201800036381,NonLethal,2018-01-12,18:00:00,NightStreelightsOn,900,32,Yes,NoIntersection,Normal,Other,Rue de BAVILLIERS,M,47.61850860478386,6.617542555535546
201800036382,NonLethal,2018-12-01,18:05:00,NightStreelightsOn,900,10,Yes,NoIntersection,Normal,NoCollision,MIEG (RUE THIERRY),M,47.64761857353536,6.64766129100945
201800036383,NonLethal,2018-01-12,23:05:00,NightNoStreetLight,900,32,No,NoIntersection,LightRain,3+Vehicles-Multiple,D47C,M,47.619482510559344,6.618405246409882
201800036384,NonLethal,2018-12-26,23:56:00,NightStreelightsOn,900,10,Yes,X-type,Normal,Other,(BOULEVARD) KENNEDY,M,47.62875023063947,6.632249148900411
201800036385,NonLethal,2018-01-01,02:10:00,NightStreelightsOn,910,552,Yes,NoIntersection,Normal,2Vehicles-Behind,RN20,M,48.6069365218361,2.6058531983188096
201800036387,NonLethal,2018-05-01,15:14:00,Daylight,910,103,No,Other,Normal,3+Vehicles-Chain,RD19,M,48.58616184140343,2.588290438030311
201800036388,NonLethal,2018-01-05,19:15:00,NightStreelightsOn,910,339,Yes,NoIntersection,Normal,2Vehicles-BehindVehicles-Frontal,VIEUX PAVE DE BRUYERES (,M,48.60813045690605,2.6069415378529377
201800036389,NonLethal,2018-01-07,12:44:00,Daylight,910,552,Yes,NoIntersection,Normal,2Vehicles-BehindVehicles-Frontal,ALLENDE SALVADOR (AVENUE,M,48.59275938892114,2.5923890701842947
201800036390,NonLethal,2018-01-09,10:45:00,Daylight,910,21,Yes,NoIntersection,Normal,2Vehicles-Behind,VERDUN (AVENUE DE),M,48.58272858181184,2.585086369631055
201800036391,NonLethal,2018-01-09,17:20:00,NightStreelightsOn,910,339,No,NoIntersection,LightRain,NoCollision,RN 20,M,48.63244634433763,2.6314972251534203
201800036393,NonLethal,2018-11-01,08:15:00,Daylight,910,103,Yes,NoIntersection,LightRain,Other,DESSERTE INDUSTRIELLE  (,M,48.59121904026047,2.5911847065831712
201800036394,NonLethal,2018-01-11,13:00:00,Daylight,910,103,Yes,NoIntersection,Normal,Other,CLAUSE LUCIEN (AVENUE),M,48.6070215109644,2.6062125751976915
201800036395,NonLethal,2018-01-12,18:30:00,NightNoStreetLight,910,552,Yes,NoIntersection,Normal,2Vehicles-Behind,RN 20,M,48.61285743846545,2.611917842269756
201800036397,NonLethal,2018-01-16,09:10:00,Daylight,910,425,Yes,NoIntersection,HeavyRain,2Vehicles-Side,"48, BOURGUIGNONS (RUE DE",M,48.64642671698336,2.6484918604242726
201800036398,NonLethal,2018-01-31,11:00:00,Daylight,910,21,Yes,NoIntersection,LightRain,Other,"59, GRANDE (RUE)",M,48.58883834297591,2.591202554164155
201800036400,NonLethal,2018-06-02,16:35:00,Daylight,910,103,Yes,NoIntersection,SnowOrHail,2Vehicles-Behind,MERMOZ JEAN (AV),M,48.6074578140146,2.6059896318556
201800036401,NonLethal,2018-02-13,07:10:00,Daylight,910,103,Yes,NoIntersection,Normal,NoCollision,"6, PRES D'AULNAY (RUE DE",M,48.61049192313103,2.6116238179906857
201800036402,NonLethal,2018-02-13,08:30:00,Daylight,910,21,Yes,NoIntersection,Normal,Other,"11, BROSSOLETTE PIERRE (",M,48.59316220799984,2.593109116581267
201800036403,NonLethal,2018-02-13,09:10:00,Daylight,910,425,Yes,NoIntersection,Normal,Other,TEMPLIERS (ROUTE DES),M,48.64741724854007,2.6457413845500657
201800036404,NonLethal,2018-02-14,07:00:00,NightStreelightsOn,910,425,No,Roundabout,SnowOrHail,2Vehicles-Behind,TEMPLIERS (ROUTE DES),M,48.64824858489193,2.6466289581133067
201800036405,NonLethal,2018-02-17,15:45:00,Daylight,910,21,Yes,NoIntersection,Normal,2Vehicles-Side,"9, DIVISION LECLERC (AVE",M,48.594505032750014,2.59519405371173
201800036406,NonLethal,2018-02-22,15:50:00,Daylight,910,103,Yes,Roundabout,Normal,Other,FRANCE ANATOLE (RUE),M,48.60717581588229,2.608526305988837
201800036407,NonLethal,2018-02-23,10:30:00,Daylight,910,457,No,NoIntersection,Normal,2Vehicles-Side,RD19,M,48.575321137204654,2.5781279312141545
201800036408,NonLethal,2018-03-02,18:10:00,Daylight,910,103,Yes,NoIntersection,Normal,2Vehicles-BehindVehicles-Frontal,R. DESSERTE INDUSTRIELLE,M,48.590329400049306,2.589624802441362
201800036409,NonLethal,2018-03-05,12:15:00,Daylight,910,425,Yes,NoIntersection,Normal,2Vehicles-Behind,RN 20,M,48.639852458646935,2.6385856771573284
201800036410,NonLethal,2018-08-03,19:30:00,TwilightOrDawn,910,552,Yes,NoIntersection,LightRain,2Vehicles-Side,DECLE RENE (RUE),M,48.59587904232201,2.5954917538057733
201800036411,NonLethal,2018-03-13,16:34:00,Daylight,910,347,Yes,X-type,Normal,2Vehicles-BehindVehicles-Frontal,TEMPLIERS (ROUTE DES),M,48.646740007452,2.646028631651527
201800036412,NonLethal,2018-03-27,16:30:00,Daylight,910,339,Yes,NoIntersection,Normal,3+Vehicles-Chain,RN 20,M,48.63185887272751,2.631801828415763
201800036413,NonLethal,2018-03-28,07:45:00,Daylight,910,425,Yes,NoIntersection,HeavyRain,NoCollision,RN 20,M,48.648738881308645,2.648691256451062
201800036414,NonLethal,2018-03-28,08:40:00,Daylight,910,103,Yes,NoIntersection,LightRain,Other,"ll, REPUBLIQUE (BOULEVAR",M,48.60686181173471,2.606003172016346
201800036415,NonLethal,2018-03-04,07:20:00,Daylight,910,339,Yes,NoIntersection,HeavyRain,2Vehicles-Behind,RN 20,M,48.63442529949479,2.6338695168676614
201800036416,NonLethal,2018-06-04,22:40:00,NightStreelightsOn,910,347,Yes,X-type,Normal,2Vehicles-Side,MONTLHERY (ROUTE DE),M,48.63741166567063,2.6366154286978127
201800036419,NonLethal,2018-04-18,18:30:00,Daylight,910,103,Yes,NoIntersection,Normal,2Vehicles-Side,DESSERTE INDUSTRIELLE  (,M,48.59174407029428,2.5921964532790045
201800036420,NonLethal,2018-04-19,12:20:00,Daylight,910,103,Yes,T-type,Normal,2Vehicles-Side,SAUSSAIE (RUE DE LA),M,48.595125774611645,2.592539423889757
201800036421,NonLethal,2018-04-23,11:50:00,Daylight,910,457,Yes,Roundabout,Normal,3+Vehicles-Chain,RD19,M,48.57475697531865,2.5751288220095048
201800036422,NonLethal,2018-04-24,03:40:00,NightStreelightsOn,910,21,Yes,NoIntersection,Normal,Other,LIMOURS (ROUTE DE),M,48.60090309145943,2.5976204326021395