AccidentId,Gravity,Date,Hour,Light,Department,Commune,InAgglomeration,IntersectionType,Weather,CollisionType,PostalAddress,GPSCode,Latitude,Longitude
201800036424,NonLethal,2018-04-27,17:48:00,Daylight,910,339,Yes,NoIntersection,Normal,3+Vehicles-Chain,RN 20,M,48.6322291275466,2.63314850672161
201800036425,NonLethal,2018-04-29,11:10:00,Daylight,910,21,Yes,NoIntersection,Normal,2Vehicles-Behind,LIBERATION (RUE DE LA),M,48.951408263876814,2.9512290944075708
201800036426,NonLethal,2018-04-29,15:00:00,Daylight,910,103,No,NoIntersection,LightRain,Other,PATURES (CHEMIN DES),M,48.61954624924716,2.618685561589777
201800036427,NonLethal,2018-05-05,22:56:00,NightStreelightsOn,910,103,Yes,Roundabout,Normal,Other,RD19,M,48.57712195201642,2.57616934823332
201800036428,NonLethal,2018-05-06,07:50:00,Daylight,910,347,Yes,NoIntersection,Normal,2Vehicles-Behind,RN 20,M,48.64780262524893,2.6475410908130077
201800036429,NonLethal,2018-05-07,16:40:00,Daylight,910,339,Yes,NoIntersection,Normal,NoCollision,RN 20,M,48.61524222423695,2.617254524082594
201800036430,NonLethal,2018-05-13,23:30:00,NightStreelightsOn,910,552,Yes,NoIntersection,LightRain,2Vehicles-Side,RN20,M,48.6018970853445,2.602062399109507
201800036431,NonLethal,2018-05-20,17:00:00,Daylight,910,457,Yes,X-type,Normal,2Vehicles-Side,FERTE ALAIS (ROUTE DE LA,M,48.57644809400796,2.57641826714508
201800036432,NonLethal,2018-05-23,09:40:00,Daylight,910,347,Yes,X-type,Normal,Other,CENSIVE (RUE DE LA),M,48.65907733369581,2.6611231873128536
201800036433,NonLethal,2018-05-24,14:52:00,Daylight,910,347,No,NoIntersection,Normal,Other,MORT RU (VOIE DU),M,48.649951219812166,2.651034551604074
201800036434,NonLethal,2018-05-25,14:40:00,Daylight,910,457,Yes,NoIntersection,Normal,3+Vehicles-Multiple,RD19,M,48.5731151944372,2.5731470301846424
201800036435,NonLethal,2018-05-25,19:20:00,Daylight,910,339,Yes,NoIntersection,Normal,2Vehicles-Behind,RN 20,M,48.59791590565225,2.6009401278396447
201800036436,NonLethal,2018-05-28,17:10:00,Daylight,910,339,No,NoIntersection,Normal,2Vehicles-Behind,RN 20,M,48.61682673956607,2.617447370767433
201800036437,NonLethal,2018-06-03,15:05:00,Daylight,910,425,No,NoIntersection,Normal,2Vehicles-Behind,Ville du Bois ( Chemin d,M,48.64963284606602,2.650081627746308
201800036439,NonLethal,2018-06-14,07:30:00,Daylight,910,103,Yes,NoIntersection,Normal,2Vehicles-Side,BROSSOLETTE PIERRE (RUE),M,48.60485444363595,2.604958404424029
201800036440,NonLethal,2018-06-14,14:06:00,Daylight,910,21,Yes,NoIntersection,Normal,Other,DE GAULLE (AVENUE DU GEN,M,48.59176743012444,2.5924757228713515
201800036441,NonLethal,2018-06-14,14:01:00,Daylight,910,339,Yes,NoIntersection,Normal,Other,RN 20,M,48.63087414683622,2.6304281603651853
201800036442,NonLethal,2018-06-19,08:50:00,Daylight,910,425,Yes,NoIntersection,Normal,Other,RN 20,M,48.64719395067965,2.6469696002017877
201800036443,NonLethal,2018-06-22,17:00:00,Daylight,910,103,Yes,NoIntersection,Normal,3+Vehicles-Chain,RD19,M,48.58865077526204,2.5898771198814234
201800036445,NonLethal,2018-06-28,20:10:00,Daylight,910,21,Yes,NoIntersection,Normal,2Vehicles-Behind,DIVISION LECLERC (AVENUE,M,48.597148876728255,2.5969338745155395
201800036446,NonLethal,2018-06-28,13:20:00,Daylight,910,347,Yes,NoIntersection,Normal,Other,DOCTEUR DARIER (RUE DU),M,48.64261223479946,2.644279624187619
201800036447,NonLethal,2018-06-29,18:38:00,Daylight,910,103,Yes,NoIntersection,Normal,Other,SAUGES (CHEMIN DES),M,48.62213037512473,2.622299380370046
201800036448,NonLethal,2018-06-07,20:15:00,Daylight,910,425,Yes,NoIntersection,Normal,NoCollision,TEMPLIERS (ROUTE DES),M,48.64684736353604,2.6461178732262454
201800036449,NonLethal,2018-06-07,23:25:00,NightStreelightsOn,910,425,Yes,NoIntersection,Normal,2Vehicles-Behind,EUROPE (PLACE DE L'),M,48.64106980422168,2.63988677086337
201800036450,NonLethal,2018-07-09,11:20:00,Daylight,910,339,Yes,NoIntersection,Normal,2Vehicles-Behind,RN 20,M,48.63384446863283,2.632323988065425
201800036451,NonLethal,2018-07-13,17:00:00,Daylight,910,103,Yes,NoIntersection,Normal,NoCollision,RD19,M,48.58778379484642,2.585584073827515
201800036452,NonLethal,2018-07-15,07:25:00,Daylight,910,552,Yes,NoIntersection,Normal,2Vehicles-Behind,RN 20,M,48.59754782587446,2.596844445447211
201800036454,NonLethal,2018-07-16,15:30:00,Daylight,910,103,Yes,NoIntersection,Normal,2Vehicles-Side,COMMUNE DE PARIS (RUE DE,M,48.58989291575163,2.591429608646311
201800036456,NonLethal,2018-07-20,23:07:00,NightStreelightsOn,910,333,Yes,NoIntersection,Normal,NoCollision,HUIT MAI 1945 (RUE DU),M,48.62087549748725,2.620179438696097
201800036457,NonLethal,2018-07-22,14:30:00,Daylight,910,339,No,NoIntersection,Normal,2Vehicles-Behind,RN 20,M,48.62070237833105,2.620702829626516
201800036458,NonLethal,2018-07-28,15:10:00,Daylight,910,552,Yes,NoIntersection,Normal,2Vehicles-Side,RN 20,M,48.60938604689435,2.60727197329939
201800036459,NonLethal,2018-07-30,07:45:00,Daylight,910,425,No,NoIntersection,Normal,2Vehicles-Side,ORLEANS (ROUTE D'),M,48.64941869280486,2.6484872307407787
201800036460,NonLethal,2018-07-31,17:35:00,Daylight,910,339,Yes,T-type,Normal,2Vehicles-Side,SABLONS (RUE DES),M,48.63071188618754,2.630641576036397
201800036461,NonLethal,2018-05-08,00:05:00,NightStreelightsOn,910,21,Yes,NoIntersection,Normal,2Vehicles-Behind,ECHANGEUR NORD RN 20,M,48.59610900527881,2.595237911388813
201800036462,NonLethal,2018-08-13,08:45:00,Daylight,910,339,Yes,NoIntersection,Normal,NoCollision,RN 20,M,48.62777374907473,2.627501517395606
201800036463,NonLethal,2018-08-14,19:50:00,Daylight,910,552,Yes,Y-type,Normal,3+Vehicles-Chain,LEUVILLE (ROUTE DE),M,48.60451432482176,2.6042016281960585
201800036464,NonLethal,2018-08-18,12:00:00,Daylight,910,21,Yes,NoIntersection,Normal,Other,HOCHE (AVENUE),M,48.59002867542422,2.589838018807749
201800036465,NonLethal,2018-08-23,16:50:00,Daylight,910,552,Yes,NoIntersection,Normal,Other,GLACIERE (RUE DE LA),M,48.86221529909045,2.861781411078122
201800036466,NonLethal,2018-08-24,12:32:00,Daylight,910,425,Yes,NoIntersection,Normal,2Vehicles-Behind,TEMPLIERS (ROUTE DES),M,48.64744527625938,2.6462188908946933
201800036468,NonLethal,2018-08-28,19:00:00,Daylight,910,425,Yes,NoIntersection,Normal,2Vehicles-Side,RN20,M,48.64838913806026,2.6452812631891325
201800036469,NonLethal,2018-08-31,22:57:00,NightNoStreetLight,910,425,No,T-type,Normal,2Vehicles-Side,TEMPLIERS (ROUTE DES),M,48.8613224312222,2.8618422963647165
201800036470,NonLethal,2018-01-09,18:45:00,Daylight,910,333,Yes,NoIntersection,Normal,NoCollision,ROYAL (CHEMIN),M,48.86234238673404,2.86338415335348
201800036471,NonLethal,2018-03-09,17:50:00,Daylight,910,21,Yes,NoIntersection,Normal,Other,EGLY (ROUTE D'),M,48.58594193053384,2.58559912612611
201800036472,NonLethal,2018-06-09,19:25:00,Daylight,910,434,Yes,NoIntersection,Normal,2Vehicles-Side,DAUMONES (RUE DES),M,48.62301562992329,2.623633312057161
201800036473,NonLethal,2018-09-11,22:21:00,NightStreelightsOn,910,103,Yes,NoIntersection,Normal,3+Vehicles-Multiple,CAMUS ALBERT (RUE),M,48.6088072017643,2.6099087492481674
201800036474,NonLethal,2018-09-14,11:15:00,Daylight,910,103,Yes,NoIntersection,Normal,Other,FRANCE ANATOLE (RUE),M,48.60818992374392,2.609487353877506
201800036475,NonLethal,2018-09-15,02:05:00,NightStreelightsOn,910,103,Yes,Roundabout,Normal,NoCollision,RPT DU BEL HUTIN,M,48.60220677047537,2.603042286088214
201800036476,NonLethal,2018-09-18,14:55:00,Daylight,910,103,Yes,NoIntersection,LightRain,2Vehicles-Behind,BLUM LEON (RUE),M,48.61542346016394,2.617821880676851
201800036477,NonLethal,2018-09-18,15:00:00,Daylight,910,339,Yes,NoIntersection,LightRain,2Vehicles-Behind,RN 20,M,48.62796482226791,2.630299252937443
201800036478,NonLethal,2018-08-19,13:50:00,Daylight,910,425,Yes,NoIntersection,Normal,2Vehicles-Behind,RN 20,M,48.645834214696535,2.6485665159954674
201800036479,NonLethal,2018-09-20,08:50:00,Daylight,910,103,Yes,NoIntersection,Normal,NoCollision,COCHETS (RUE DES),M,48.58771212228433,2.587779753183608
201800036480,NonLethal,2018-09-22,04:30:00,NightStreelightsOn,910,339,Yes,Roundabout,Normal,Other,VACHERE (RUE DE LA),M,48.62403655804872,2.6267660194093603
201800036481,NonLethal,2018-09-24,12:25:00,Daylight,910,21,Yes,NoIntersection,Normal,2Vehicles-Side,DIVISION LECLERC (AVENUE,M,48.59807963561596,2.597582750672203
201800036482,NonLethal,2018-09-25,16:00:00,Daylight,910,347,Yes,X-type,Normal,2Vehicles-Side,LONGPONT (PARC DE),M,48.64818618363886,2.649522712468359
201800036486,NonLethal,2018-05-10,19:40:00,NightStreelightsOn,910,21,Yes,NoIntersection,Normal,Other,JAURES JEAN (BOULEVARD),M,48.58883067548783,2.5873322789554605
201800036487,NonLethal,2018-06-10,00:40:00,NightStreelightsOn,910,425,Yes,NoIntersection,Normal,2Vehicles-BehindVehicles-Frontal,TEMPLIERS (ROUTE DES),M,48.64579244506066,2.647407359158937
201800036488,NonLethal,2018-10-09,08:30:00,Daylight,910,339,Yes,NoIntersection,Normal,2Vehicles-Behind,RN 20,M,48.61789186241305,2.619450409607583
201800036489,NonLethal,2018-10-10,09:10:00,Daylight,910,347,Yes,NoIntersection,Normal,2Vehicles-BehindVehicles-Frontal,MANSARD (RUE),M,48.65117348827636,2.6494830651012258
201800036490,NonLethal,2018-10-10,11:40:00,Daylight,910,21,Yes,NoIntersection,Normal,2Vehicles-Side,JEAN JAURES (PASSAGE),M,48.59732617918353,2.598386733596218
201800036491,NonLethal,2018-10-11,06:45:00,NightStreelightsOff,910,425,Yes,Roundabout,Normal,3+Vehicles-Chain,BOURGUIGNONS (RUE DES),M,48.649115959553136,2.647878963188879
201800036492,NonLethal,2018-10-11,10:38:00,Daylight,910,103,Yes,NoIntersection,Normal,Other,BASTIE MARYSE (AVENUE),M,48.603720927294674,2.601111021143992
201800036493,NonLethal,2018-10-12,08:30:00,Daylight,910,103,Yes,NoIntersection,Normal,3+Vehicles-Chain,RD19,M,48.59322663157433,2.5921728776786224
201800036494,NonLethal,2018-10-16,14:45:00,Daylight,910,103,Yes,Roundabout,Normal,Other,RUE BEAU DE ROCHAS,M,48.60469772223541,2.6032554238148777
201800036496,NonLethal,2018-10-19,08:07:00,Daylight,910,21,Yes,NoIntersection,Normal,Other,DIVISION LECLERC (AVENUE,M,48.59556656049597,2.5963382738713032
201800036497,NonLethal,2018-10-19,15:10:00,Daylight,910,425,Yes,NoIntersection,Normal,Other,TEMPLIERS (ROUTE DES),M,48.64479374171768,2.647701909353432
201800036499,NonLethal,2018-10-24,10:39:00,Daylight,910,552,No,NoIntersection,Normal,3+Vehicles-Chain,RN 20,M,48.609046126298274,2.6082375370332
201800036500,NonLethal,2018-10-25,06:45:00,NightStreelightsOff,910,103,Yes,NoIntersection,Normal,2Vehicles-Behind,RD19,M,48.56924179365876,2.5679102476686126
201800036502,NonLethal,2018-10-29,15:30:00,Daylight,910,21,Yes,NoIntersection,Normal,2Vehicles-Side,GRANDE (RUE),M,48.5872077074924,2.58623747303048
201800036503,NonLethal,2018-10-31,18:09:00,NightNoStreetLight,910,425,Yes,NoIntersection,LightRain,Other,RN 20,M,48.64805178314194,2.650998094485185
201800036504,NonLethal,2018-11-02,15:48:00,Daylight,910,347,Yes,NoIntersection,Normal,2Vehicles-Behind,TEMPLIERS (ROUTE DES),M,48.642430328405446,2.6432059818506626
201800036505,NonLethal,2018-11-09,20:00:00,NightNoStreetLight,910,103,Yes,NoIntersection,LightRain,Other,RD19,M,48.59437064994558,2.594756548054505
201800036506,NonLethal,2018-10-11,15:36:00,Daylight,910,425,Yes,NoIntersection,LightRain,2Vehicles-Behind,RN 20,M,48.64851348109064,2.648329574977561
201800036507,NonLethal,2018-11-10,23:19:00,NightStreelightsOn,910,103,Yes,NoIntersection,Normal,NoCollision,MAISON NEUVE (AVENUE DE,M,48.58634412930636,2.586373549240373
201800036508,NonLethal,2018-11-11,12:35:00,Daylight,910,103,Yes,NoIntersection,LightRain,2Vehicles-Behind,MAIRIE (RUE DE LA),M,48.60999518015878,2.610240104154029
201800036510,NonLethal,2018-11-13,13:30:00,Daylight,910,457,Yes,NoIntersection,Normal,NoCollision,FRANCE ANATOLE (RUE),M,48.58275440940601,2.582777129553896
201800036511,NonLethal,2018-11-16,08:25:00,TwilightOrDawn,910,103,Yes,NoIntersection,Normal,2Vehicles-BehindVehicles-Frontal,HUGO VICTOR (PLACE),M,48.60559550527317,2.6078848095555056
201800036514,NonLethal,2018-11-19,18:39:00,NightStreelightsOn,910,103,Yes,NoIntersection,Normal,Other,GAY LUSSAC (RUE),M,48.60246705762444,2.6037082443207566
201800036518,NonLethal,2018-11-30,16:10:00,Daylight,910,347,Yes,NoIntersection,Normal,Other,VERDUN (RUE DE),M,48.86199348823877,2.8629317969711776
201800036520,NonLethal,2018-12-01,12:10:00,Daylight,910,103,Yes,NoIntersection,LightRain,2Vehicles-Side,MAISON NEUVE (AVENUE DE,M,48.86219250166569,2.862208430287536
201800036521,NonLethal,2018-12-06,18:20:00,NightStreelightsOn,910,347,Yes,NoIntersection,Normal,2Vehicles-Behind,MONTLHERY (ROUTE DE),M,48.63474737815354,2.6347528050548776
201800036522,NonLethal,2018-09-12,14:50:00,Daylight,910,552,Yes,NoIntersection,Normal,Other,MESNIL (RUE DU),M,48.59864331511295,2.598243704166852
201800036523,NonLethal,2018-12-13,10:25:00,Daylight,910,103,Yes,NoIntersection,Normal,Other,RONGIERE JEAN (RUE),M,48.59273212505276,2.592710900565678
201800036524,NonLethal,2018-12-13,18:40:00,NightStreelightsOn,910,425,Yes,NoIntersection,Other,Other,CLOS BOUQUET (RUE DU),M,48.64300041769449,2.640539422780464
201800036525,NonLethal,2018-12-21,17:50:00,NightNoStreetLight,910,457,Yes,NoIntersection,Normal,2Vehicles-Behind,FERTE ALAIS (ROUTE DE LA,M,48.57979603626882,2.578573800963117
201800036526,Lethal,2018-12-22,19:00:00,NightStreelightsOn,910,425,Yes,NoIntersection,Normal,Other,RN 20,M,48.64463121812806,2.6437086026227736
201800036527,NonLethal,2018-12-22,23:19:00,NightStreelightsOn,910,103,Yes,NoIntersection,Normal,NoCollision,RD19,M,48.60200373309239,2.602597379939321
201800036528,NonLethal,2018-12-24,18:05:00,NightStreelightsOn,910,457,Yes,X-type,Normal,2Vehicles-Side,FERTE ALAIS (ROUTE DE LA,M,48.58545493664472,2.5855333722054112
201800036529,NonLethal,2018-12-24,23:55:00,NightStreelightsOn,910,103,Yes,NoIntersection,Normal,2Vehicles-BehindVehicles-Frontal,VALORGE (RUE DE),M,48.6183082625311,2.6176340365469857
201800036530,NonLethal,2018-12-31,10:15:00,Daylight,910,103,Yes,Roundabout,Normal,2Vehicles-Side,RD19,M,48.59487961373193,2.5943620406128565
201800036531,NonLethal,2018-04-15,01:50:00,NightStreelightsOn,910,479,Yes,NoIntersection,Normal,3+Vehicles-Multiple,FONTAINEBLEAU (ROUTE DE),M,48.72713420922839,2.731169696267468
201800036532,NonLethal,2018-04-22,07:50:00,Daylight,910,479,Yes,X-type,Normal,2Vehicles-Side,FONTAINEBLEAU (ROUTE DE),M,48.71675171222248,2.71604889894368
201800036533,NonLethal,2018-04-27,00:10:00,NightStreelightsOn,910,479,Yes,Roundabout,Normal,2Vehicles-Side,FONTAINEBLEAU (ROUTE DE),M,48.717380283455306,2.7152077508701407
201800036534,NonLethal,2018-05-10,19:20:00,Daylight,910,479,Yes,NoIntersection,Normal,Other,EUGENE TARTASSE (RUE),M,48.70793072362682,2.709225672794196
201800036535,NonLethal,2018-05-17,01:38:00,NightStreelightsOn,910,27,Yes,NoIntersection,Normal,2Vehicles-Side,FRANCOIS MITTERRAND (AVE,M,48.70061815599031,2.7012845515177126
201800036536,NonLethal,2018-05-18,12:45:00,Daylight,910,479,No,NoIntersection,Normal,3+Vehicles-Chain,FONTAINEBLEAU (AV DE),M,48.74193791092605,2.7406505919205117
201800036537,NonLethal,2018-05-18,23:11:00,NightStreelightsOn,910,27,Yes,NoIntersection,Normal,Other,FRANCOIS MITTERRAND (AVE,M,48.71847661781237,2.7192242750733286
201800036538,NonLethal,2018-05-24,22:45:00,NightStreelightsOn,910,27,Yes,NoIntersection,Normal,2Vehicles-Side,FRANCOIS MITTERRAND (AVE,M,48.71589898149153,2.715850578971146
201800036539,NonLethal,2018-05-18,17:05:00,Daylight,910,27,Yes,Roundabout,Normal,2Vehicles-Side,ALBERT SARRAULT (PLACE),M,48.7072047363636,2.7096079837965474
201800036540,NonLethal,2018-06-22,14:35:00,Daylight,910,27,Yes,T-type,Normal,2Vehicles-Side,MARCEL SEMBAT (AVENUE),M,48.70739247386589,2.707402430689291
201800036541,NonLethal,2018-06-26,18:35:00,Daylight,910,27,Yes,NoIntersection,Normal,Other,BLUM (AVENUE LEON),M,48.71139431574859,2.708959399338614
201800036542,NonLethal,2018-06-26,20:30:00,Daylight,910,479,Yes,X-type,Normal,2Vehicles-Side,JEAN JAURES (AVENUE),M,48.70635715788715,2.7076361624391616
201800036543,NonLethal,2018-06-29,08:40:00,Daylight,910,27,Yes,NoIntersection,Normal,2Vehicles-Side,FRANCOIS MITTERRAND (AVE,M,48.71639033770391,2.7143236517058424
201800036545,NonLethal,2018-04-07,10:45:00,Daylight,910,479,Yes,NoIntersection,Normal,3+Vehicles-Chain,FONTAINEBLEAU (ROUTE DE),M,48.71339439292269,2.712209420440615
201800036546,NonLethal,2018-10-07,19:45:00,Daylight,910,479,No,NoIntersection,Normal,3+Vehicles-Multiple,FONTAINEBLEAU (ROUTE DE),M,48.7356005133045,2.7354360906669557
201800036547,NonLethal,2018-07-17,13:55:00,Daylight,910,27,Yes,NoIntersection,Normal,3+Vehicles-Chain,FRANCOIS MITTERRAND (AVE,M,48.706332642111335,2.7042133383104074
201800036548,NonLethal,2018-08-02,08:40:00,Daylight,910,479,Yes,T-type,Normal,2Vehicles-Side,VICTOR HUGO (AVENUE),M,48.70907593416845,2.7081313305286465
201800036549,NonLethal,2018-09-08,14:00:00,Daylight,910,27,Yes,NoIntersection,LightRain,2Vehicles-Side,FRANCOIS MITTERRAND (AVE,M,48.69855907603465,2.698821081137235
201800036552,NonLethal,2018-11-09,18:05:00,Daylight,910,479,Yes,NoIntersection,VeryGood,Other,GENERAL DE GAULLE (AVENU,M,48.70414529133972,2.705511432370494
201800036553,NonLethal,2018-09-16,14:30:00,Daylight,910,27,Yes,NoIntersection,Normal,Other,MORANGIS (AVENUE DE),M,48.7054421015355,2.7066766911225058
201800036554,NonLethal,2018-02-10,02:00:00,NightStreelightsOn,910,27,Yes,NoIntersection,Normal,3+Vehicles-Chain,MITTERAND (AVENUE FRANCO,M,48.70788478460608,2.7095289714738744
201800036555,NonLethal,2018-05-10,17:40:00,Daylight,910,479,Yes,Y-type,Normal,2Vehicles-Side,VERDUN (AVENUE),M,48.70401512076948,2.707187852458439
201800036556,NonLethal,2018-09-10,22:40:00,NightStreelightsOn,910,27,Yes,NoIntersection,Normal,NoCollision,MARCEL SEMBAT (AVENUE),M,48.704693940826864,2.705962335456499
201800036557,NonLethal,2018-10-22,11:40:00,Daylight,910,27,Yes,NoIntersection,LightRain,2Vehicles-Behind,FRANCOIS MITTERRAND (AVE,M,48.70562756877274,2.703958696465546
201800036558,NonLethal,2018-10-22,17:15:00,Daylight,910,27,Yes,T-type,Normal,Other,JULES VALLES (AVENUE),M,48.70457931997042,2.705561683805381
201800036559,NonLethal,2018-10-29,23:30:00,NightStreelightsOn,910,479,Yes,X-type,HeavyRain,2Vehicles-Side,FONTAINEBLEAU (ROUTE DE),M,48.71677995040331,2.715489397553084
201800036562,NonLethal,2018-11-11,00:40:00,NightStreelightsOn,910,479,Yes,Roundabout,LightRain,Other,ARISTIDE BRIAND (AVENUE),M,48.708440217793445,2.709261723369015
201800036563,NonLethal,2018-11-13,20:55:00,NightStreelightsOn,910,27,Yes,NoIntersection,Normal,2Vehicles-Side,DUNANT (AVENUE HENRI),M,48.71206079996702,2.7132990842054965
201800036564,NonLethal,2018-11-25,03:50:00,NightStreelightsOn,910,27,Yes,NoIntersection,LightRain,2Vehicles-Behind,MITTERAND (AVENUE FRANCO,M,48.70000280741673,2.698754072871992
201800036565,NonLethal,2018-11-26,17:30:00,TwilightOrDawn,910,27,Yes,NoIntersection,LightRain,Other,BENARD (AVENUE JEAN-PIER,M,48.71090870701313,2.7092068570221968
201800036567,NonLethal,2018-11-30,13:10:00,Daylight,910,479,No,NoIntersection,Normal,2Vehicles-Behind,FONTAINEBLEAU (ROUTE DE),M,48.72086026371119,2.7207889154966063
201800036570,NonLethal,2018-12-09,20:55:00,NightStreelightsOn,910,479,Yes,NoIntersection,Normal,2Vehicles-Side,FONTAINEBLEAU (ROUTE DE),M,48.71220111056935,2.712951046069055
201800036571,NonLethal,2018-12-19,13:55:00,Daylight,910,27,Yes,X-type,LightRain,2Vehicles-Side,BARBUSSE (RUE HENRI),M,48.69982947762396,2.7014074549985856
201800036572,NonLethal,2018-12-26,07:15:00,NightStreelightsOn,910,479,Yes,X-type,Normal,2Vehicles-Side,FONTAINEBLEAU (ROUTE DE),M,48.71609177297078,2.7162975995192307
201800036573,NonLethal,2018-12-31,12:20:00,Daylight,910,27,Yes,NoIntersection,Overcast,3+Vehicles-Chain,MITTERAND (AVENUE FRANCO,M,48.70463564499982,2.7049389275747173
201800036574,NonLethal,2018-01-03,17:25:00,NightStreelightsOn,910,514,Yes,NoIntersection,Normal,Other,BOUSSY SAINT ANTOINE (RO,M,48.67676014802689,2.678242341527674
201800036575,NonLethal,2018-01-08,18:35:00,NightStreelightsOn,910,97,Yes,NoIntersection,Normal,Other,JEAN MOULIN (AVENUE),M,48.68282482691917,2.681425288365027
201800036576,NonLethal,2018-01-19,07:50:00,TwilightOrDawn,910,687,Yes,NoIntersection,LightRain,2Vehicles-Behind,"142, GENERAL LECLERC (AV",M,48.68332656553427,2.683379835640922
201800036577,NonLethal,2018-01-02,07:05:00,NightStreelightsOn,910,114,Yes,NoIntersection,LightRain,2Vehicles-Side,GENERAL LECLERC (AVENUE,M,48.69379554994337,2.694262543244788
201800036580,NonLethal,2018-02-26,19:15:00,NightStreelightsOn,910,114,Yes,T-type,Normal,Other,"70, VILLECRESNES (RUE)",M,48.70739497718618,2.707142444803773
201800036581,NonLethal,2018-03-09,07:35:00,TwilightOrDawn,910,514,Yes,NoIntersection,Normal,2Vehicles-Side,MARCEL PAGNOL (RUE),M,48.67671947358383,2.678401939664847
201800036582,NonLethal,2018-03-09,20:10:00,NightNoStreetLight,910,514,Yes,NoIntersection,LightRain,2Vehicles-BehindVehicles-Frontal,"31, PIERREUX (RUE DES)",M,48.678531411699176,2.6773906296354446
201800036583,NonLethal,2018-03-14,09:30:00,Daylight,910,114,Yes,NoIntersection,Normal,2Vehicles-Behind,PONT PERRONNET (RUE DU),M,48.69445634100602,2.697415355409289
201800036584,NonLethal,2018-03-21,14:10:00,Daylight,910,114,Yes,NoIntersection,Normal,2Vehicles-Behind,PIERRE PROST (AVENUE),M,48.69913031773677,2.698747012421908
201800036585,NonLethal,2018-03-04,08:15:00,Daylight,910,114,Yes,NoIntersection,Normal,2Vehicles-Side,MONTGERON (RUE DE),M,48.69154567809638,2.691164170799171
201800036587,NonLethal,2018-08-04,17:35:00,Daylight,910,514,Yes,NoIntersection,Overcast,2Vehicles-Side,COMBS LA VILLE (RUE DE),M,48.668322735716295,2.6681178749087957
201800036588,NonLethal,2018-10-04,10:35:00,Daylight,910,97,Yes,NoIntersection,Other,Other,CORA ET SON PARKING,M,48.68314762010772,2.683659625416143
201800036589,NonLethal,2018-04-13,22:05:00,NightStreelightsOn,910,514,Yes,NoIntersection,Normal,3+Vehicles-Multiple,COMBS LA VILLE (RUE DE),M,48.670702392483136,2.669661715173552
201800036590,Lethal,2018-04-27,13:00:00,Daylight,910,514,Yes,NoIntersection,Normal,Other,COMBS LA VILLE (RUE DE),M,48.67209968682676,2.670496952741769
201800036591,NonLethal,2018-04-28,19:30:00,Daylight,910,215,Yes,NoIntersection,Normal,2Vehicles-BehindVehicles-Frontal,MARECHAL NEY (RUE DU),M,48.69094790108981,2.691639668317185
201800036592,NonLethal,2018-02-05,09:20:00,Daylight,910,514,No,NoIntersection,Normal,3+Vehicles-Chain,ROUTE NATIONALE 6,M,48.66450904769288,2.665934444473515
201800036594,NonLethal,2018-05-05,16:50:00,Daylight,910,514,Yes,Roundabout,Normal,2Vehicles-Side,BRUNOY (RUE DE),M,48.67950429016484,2.6776834190128085
201800036595,NonLethal,2018-05-16,17:45:00,Daylight,910,215,Yes,NoIntersection,Overcast,Other,O8 MAI 1945 (AVENUE),M,48.69619042103998,2.6976532991163187
201800036596,NonLethal,2018-05-27,22:20:00,NightStreelightsOn,910,514,Yes,NoIntersection,Normal,2Vehicles-Side,BOISSY (RUE DE),M,48.67429659235904,2.673761942264507
201800036597,NonLethal,2018-06-22,09:40:00,Daylight,910,97,Yes,NoIntersection,Normal,2Vehicles-Side,CHARLES DE GAULLE (av,M,48.68718700070716,2.6878312237832005
201800036598,NonLethal,2018-01-07,18:55:00,Daylight,910,215,Yes,NoIntersection,Normal,Other,ANATOLE FRANCE (RUE),M,48.695508099268594,2.695399254071769
201800036599,NonLethal,2018-07-21,12:30:00,Daylight,910,97,Yes,NoIntersection,Normal,2Vehicles-Side,ROCHOPT (RUE),M,48.69096495641893,2.690151786719554
201800036600,NonLethal,2018-08-08,23:10:00,NightStreelightsOn,910,514,Yes,T-type,Normal,2Vehicles-Side,BOISSY (RUE DE),M,48.67347702083373,2.6709087388622064
201800036601,NonLethal,2018-09-07,18:35:00,Daylight,910,215,Yes,NoIntersection,Normal,Other,CHARLES GOUNOD (AVENUE),M,48.69660998172564,2.695461828268501
201800036602,NonLethal,2018-11-09,18:00:00,Daylight,910,514,Yes,Square,Normal,2Vehicles-Side,GARE SNCF ET PARKING,M,48.68012583691466,2.679595638156748
201800036604,NonLethal,2018-09-25,18:15:00,Daylight,910,114,Yes,NoIntersection,Normal,Other,ILE DE FRANCE (BOULEVARD,M,48.70950924029768,2.7088270907726324
201800036605,NonLethal,2018-09-25,19:15:00,Daylight,910,114,Yes,NoIntersection,Normal,2Vehicles-Side,PHILISBOURG (RUE),M,48.6965645073086,2.697499073624226
201800036606,NonLethal,2018-10-02,11:45:00,Daylight,910,114,Yes,Roundabout,Overcast,Other,DONJON (ROND-POINT DU),M,48.69970661473268,2.7011475155769045
201800036607,NonLethal,2018-10-05,13:55:00,Daylight,910,114,Yes,NoIntersection,Normal,2Vehicles-Side,TALMA (RUE),M,48.694424001195,2.6929643981522258
201800036608,NonLethal,2018-10-11,07:20:00,NightStreelightsOn,910,114,Yes,T-type,LightRain,2Vehicles-Side,CHARLES CHRISTOFLE (AVEN,M,48.698494251121645,2.7001782886088943
201800036609,NonLethal,2018-10-19,16:50:00,Daylight,910,514,Yes,Roundabout,Normal,Other,BOISSY ST LEGER(RUE DE),M,48.67600668048833,2.6764319042979587
201800036610,NonLethal,2018-10-22,11:00:00,Daylight,910,114,Yes,NoIntersection,LightRain,2Vehicles-Behind,CHARLES CHRISTOFLE (AVEN,M,48.7023651842884,2.700748238426488