AccidentId,Gravity,Date,Hour,Light,Department,Commune,InAgglomeration,IntersectionType,Weather,CollisionType,PostalAddress,GPSCode,Latitude,Longitude
201800036612,NonLethal,2018-10-11,14:10:00,Daylight,910,514,Yes,NoIntersection,Overcast,2Vehicles-Side,BOISSY ST LEGER(RUE DE),M,48.67686176040272,2.676813180676976
201800036613,NonLethal,2018-12-11,17:35:00,NightNoStreetLight,910,114,No,NoIntersection,LightRain,2Vehicles-Side,ROUTE NATIONALE 6,M,48.67259494681957,2.673267774871868
201800036614,NonLethal,2018-11-15,13:20:00,Daylight,910,114,Yes,T-type,LightRain,2Vehicles-Side,VILLECRESNES (RUE),M,48.708562143779474,2.707753812409489
201800036617,NonLethal,2018-12-06,16:05:00,Daylight,910,97,Yes,NoIntersection,Overcast,Other,NEUENHAUS (COURS),M,48.69024686222775,2.6894632634403006
201800036618,NonLethal,2018-12-07,12:55:00,Daylight,910,114,Yes,Roundabout,LightRain,2Vehicles-Side,PIERRE PROST (AVENUE),M,48.68927645141115,2.6905119880022834
201800036619,NonLethal,2018-01-08,16:30:00,Daylight,910,174,Yes,X-type,Normal,2Vehicles-Side,JEAN JAURES (BOULEVARD),M,48.61483659157817,2.614471316032444
201800036620,NonLethal,2018-08-03,18:00:00,Daylight,910,174,Yes,NoIntersection,Normal,2Vehicles-Side,"94, FONTAINEBLEAU (BD)",M,48.5959982916276,2.59328058061707
201800036621,NonLethal,2018-03-16,12:35:00,Daylight,910,174,Yes,Roundabout,Other,2Vehicles-Behind,08 MAI 1945 (AVENUE),M,48.61268783691143,2.612358656918987
201800036622,NonLethal,2018-04-21,17:15:00,Daylight,910,174,Yes,NoIntersection,Normal,3+Vehicles-Multiple,JEAN COCTEAU (RUE),M,48.60703836222599,2.608001182295131
201800036623,NonLethal,2018-04-22,16:00:00,Daylight,910,174,Yes,NoIntersection,Normal,2Vehicles-Side,JEAN JAURES (BOULEVARD),M,48.616948251829925,2.6160888381618044
201800036624,NonLethal,2018-07-05,02:40:00,NightStreelightsOn,910,174,Yes,T-type,Normal,2Vehicles-Side,CARNOT(AVENUE),M,48.60574412246928,2.607929990904294
201800036625,NonLethal,2018-05-15,18:35:00,Daylight,910,174,Yes,NoIntersection,Normal,3+Vehicles-Chain,JOHN KENNEDY (BOULEVARD),M,48.58842188823103,2.5852560835386744
201800036628,NonLethal,2018-03-20,13:15:00,Daylight,910,174,Yes,Roundabout,Normal,2Vehicles-Side,PAPETERIE(RUE),M,48.60008638891873,2.5991991410102004
201800036630,NonLethal,2018-07-03,18:30:00,Daylight,910,174,Yes,NoIntersection,Normal,2Vehicles-Behind,MAURICE RIQUIEZ (QUAI),M,48.60868966835095,2.609835632334521
201800036631,NonLethal,2018-11-07,19:20:00,Daylight,910,174,Yes,NoIntersection,Normal,Other,JOHN KENNEDY (BOULEVARD),M,48.58183844671634,2.5814309363454067
201800036632,NonLethal,2018-07-23,21:00:00,TwilightOrDawn,910,174,Yes,NoIntersection,Normal,2Vehicles-Behind,MARECHAL DE LATTRE DE TA,M,48.60971814259067,2.610904835511974
201800036633,NonLethal,2018-08-16,18:25:00,Daylight,910,174,Yes,X-type,Normal,2Vehicles-Side,rue gustave courbet,M,48.61463844985717,2.6165359229908134
201800036634,NonLethal,2018-09-15,20:10:00,NightStreelightsOn,910,174,Yes,NoIntersection,Normal,2Vehicles-Side,MAURICE RIQUIEZ (QUAI),M,48.613876459751054,2.6104775393866078
201800036635,NonLethal,2018-09-20,08:40:00,Daylight,910,174,Yes,NoIntersection,Normal,Other,DUNANT ( BD HENRI),M,48.599489292821225,2.600302680206047
201800036637,NonLethal,2018-09-27,18:37:00,Daylight,910,174,Yes,NoIntersection,Normal,Other,FERAY ( rue ),M,48.60361266531363,2.6062923456918825
201800036639,NonLethal,2018-10-22,06:10:00,NightStreelightsOn,910,174,Yes,NoIntersection,Normal,Other,PAPETERIE(RUE),M,48.586412365409366,2.5873597021091514
201800036640,NonLethal,2018-11-05,07:30:00,Daylight,910,174,Yes,NoIntersection,Normal,2Vehicles-Side,champlouis,M,48.60858994971969,2.6091071541202844
201800036642,NonLethal,2018-11-18,18:15:00,NightStreelightsOn,910,174,Yes,NoIntersection,Normal,2Vehicles-Side,PAPETERIE(RUE),M,48.59743878788489,2.595269269948692
201800036643,NonLethal,2018-11-19,08:30:00,Daylight,910,174,Yes,NoIntersection,Normal,2Vehicles-Behind,champlouis,M,48.61227014040749,2.609393935991851
201800036644,NonLethal,2018-12-21,07:55:00,TwilightOrDawn,910,174,No,Roundabout,LightRain,Other,JEAN JAURES (BOULEVARD),M,48.62022901646622,2.619073917317342
201800036645,NonLethal,2018-12-31,10:10:00,Daylight,910,174,Yes,NoIntersection,Overcast,2Vehicles-BehindVehicles-Frontal,PARIS (RUE),M,48.60429797611269,2.6018282549965406
201800036646,NonLethal,2018-02-17,16:58:00,Daylight,910,201,Yes,T-type,Normal,Other,GENERAL DE GAULLE(BOULEV,M,48.68471401458687,2.686781596782013
201800036647,NonLethal,2018-02-25,11:10:00,Daylight,910,201,Yes,T-type,Normal,2Vehicles-Side,EMILE FRUCHARD(AVENUE),M,48.68661112374333,2.6851225066772715
201800036649,NonLethal,2018-04-01,14:50:00,Daylight,910,657,Yes,NoIntersection,Normal,2Vehicles-Behind,PASTEUR (RUE),M,48.70626180607801,2.7057441243414257
201800036650,NonLethal,2018-04-06,11:20:00,Daylight,910,201,Yes,X-type,Normal,2Vehicles-Side,BAC DE RIS(CHEMIN DU),M,48.66176648116035,2.6634119928982987
201800036652,NonLethal,2018-04-21,17:20:00,Daylight,910,657,Yes,NoIntersection,VeryGood,2Vehicles-Side,HENRI BARBUSSE (AVENUE),M,48.70000039221031,2.700104938723028
201800036654,NonLethal,2018-05-04,11:30:00,Daylight,910,201,Yes,NoIntersection,Normal,2Vehicles-Behind,HENRI BARBUSSE(BOULEVARD,M,48.685364870770016,2.685331354741487
201800036655,NonLethal,2018-05-14,02:45:00,NightStreelightsOn,910,657,Yes,NoIntersection,LightRain,Other,ROGER SALENGRO (RUE),M,48.70192989227217,2.702155974918861
201800036657,NonLethal,2018-05-21,21:48:00,NightStreelightsOn,910,657,Yes,X-type,Normal,2Vehicles-Side,VICTOR HUGO(RUE),M,48.70788200747437,2.708204324010907
201800036658,NonLethal,2018-05-25,19:25:00,Daylight,910,201,Yes,T-type,Normal,2Vehicles-Side,HENRI BARBUSSE(BOULEVARD,M,48.68414040727325,2.6847393480652078
201800036659,NonLethal,2018-06-06,18:30:00,Daylight,910,201,Yes,Roundabout,LightRain,3+Vehicles-Chain,GENERAL DE GAULLE(BOULEV,M,48.687188012513474,2.6877919472438228
201800036660,NonLethal,2018-09-06,22:40:00,NightStreelightsOn,910,201,Yes,X-type,HeavyRain,2Vehicles-Side,HENRI BARBUSSE(BOULEVARD,M,48.67474482167936,2.674329619352926
201800036661,NonLethal,2018-10-06,10:35:00,Daylight,910,201,Yes,NoIntersection,Normal,2Vehicles-Behind,PIERRE BROSSOLETTE (RUE),M,48.677349221617376,2.6764682450876043
201800036662,NonLethal,2018-06-18,21:25:00,TwilightOrDawn,910,657,Yes,T-type,Normal,2Vehicles-BehindVehicles-Frontal,HENRI CHARON (AVENUE),M,48.702648815956174,2.703002440422212
201800036663,NonLethal,2018-06-21,19:35:00,Daylight,910,201,Yes,X-type,VeryGood,2Vehicles-Side,PAUL LAFARGUE(AVENUE),M,48.68825958018095,2.6903818391487957
201800036664,NonLethal,2018-06-22,17:40:00,Daylight,910,201,Yes,NoIntersection,Normal,2Vehicles-BehindVehicles-Frontal,VILLIERS ( AVENUE DE ),M,48.68269880385591,2.6810092421483573
201800036665,NonLethal,2018-06-27,10:45:00,Daylight,910,657,Yes,X-type,Normal,2Vehicles-Side,TOURELLE (AVENUE DE LA ),M,48.69185906140116,2.6900047735435964
201800036666,NonLethal,2018-07-01,09:00:00,Daylight,910,657,Yes,NoIntersection,Normal,Other,TOURELLE (AVENUE DE LA ),M,48.69072696891071,2.6913181618434403
201800036668,NonLethal,2018-07-07,13:30:00,Daylight,910,201,Yes,X-type,Normal,Other,GENERAL DE GAULLE(BOULEV,M,48.68479317232594,2.686600767418781
201800036669,NonLethal,2018-07-12,21:00:00,Daylight,910,657,Yes,X-type,Normal,2Vehicles-Side,PAUL VAILLANT COUTURIER,M,48.697806697447305,2.697452317464633
201800036670,NonLethal,2018-07-16,08:40:00,Daylight,910,657,Yes,NoIntersection,Normal,Other,GARE (PLACE DE LA) PRESI,M,48.70679220462057,2.7084060016757348
201800036671,NonLethal,2018-07-25,18:45:00,Daylight,910,657,Yes,T-type,Normal,2Vehicles-Side,HENRI BARBUSSE (AVENUE),M,48.70038789330131,2.703446097219705
201800036672,NonLethal,2018-08-08,13:50:00,Daylight,910,657,Yes,NoIntersection,Normal,2Vehicles-Side,HENRI BARBUSSE (AVENUE),M,48.700576351702885,2.699353732073661
201800036673,NonLethal,2018-08-21,14:10:00,Daylight,910,201,Yes,NoIntersection,Normal,2Vehicles-Behind,HENRI BARBUSSE(BOULEVARD,M,48.703180558410345,2.7030788380680257
201800036674,NonLethal,2018-08-28,18:05:00,Daylight,910,201,Yes,NoIntersection,Normal,2Vehicles-Side,GABRIEL PERI(RUE),M,48.68410129726253,2.6848802815581965
201800036675,NonLethal,2018-06-09,00:20:00,NightStreelightsOn,910,201,Yes,Square,Normal,Other,ROUFFY ( PLACE),M,48.68124383426282,2.683928164874429
201800036676,NonLethal,2018-09-15,10:20:00,Daylight,910,657,Yes,X-type,Normal,2Vehicles-Side,PIERRE BROSSOLETTE (RUE),M,48.69030412385967,2.6902553689296576
201800036677,NonLethal,2018-09-19,17:30:00,Daylight,910,657,Yes,X-type,Normal,2Vehicles-Side,CEDRES (RUE DES),M,48.6905661950369,2.689629277520793
201800036678,NonLethal,2018-09-30,17:20:00,Daylight,910,657,Yes,X-type,Normal,2Vehicles-Behind,COLCHIQUE (RUE DU),M,48.6872818171909,2.6881298732124104
201800036679,NonLethal,2018-04-11,03:00:00,NightStreelightsOn,910,657,Yes,NoIntersection,Normal,2Vehicles-Side,JULES VERNE (RUE),M,48.69287473001316,2.69289387705551
201800036682,NonLethal,2018-11-15,23:10:00,NightStreelightsOn,910,657,Yes,X-type,Overcast,2Vehicles-Side,JEAN CORRINGER (RUE),M,48.70843489177632,2.707170887861412
201800036683,NonLethal,2018-11-17,15:00:00,Daylight,910,201,Yes,NoIntersection,Normal,2Vehicles-Behind,EUROPE(AVENUE DE L'),M,48.683122351809146,2.685423079427949
201800036684,NonLethal,2018-12-13,08:10:00,Daylight,910,521,Yes,X-type,Normal,2Vehicles-Side,FONTAINE (RUE DE LA ),M,48.6519868482668,2.6520954058799915
201800036685,NonLethal,2018-12-26,19:25:00,NightStreelightsOn,910,657,Yes,NoIntersection,Normal,2Vehicles-Behind,HENRI BARBUSSE (AVENUE),M,48.69760533451896,2.697683994075033
201800036686,NonLethal,2018-12-29,15:40:00,Daylight,910,657,Yes,X-type,Normal,2Vehicles-Side,HENRI BARBUSSE (AVENUE),M,48.704838039889616,2.7031863213696825
201800036687,NonLethal,2018-05-01,12:20:00,Daylight,910,223,No,NoIntersection,LightRain,2Vehicles-Side,RD 63,M,48.41381560344176,2.4155432191017656
201800036688,NonLethal,2018-01-09,08:00:00,NightStreelightsOn,910,433,No,NoIntersection,Normal,2Vehicles-Behind,RN20,M,48.46209573282392,2.4610618840949186
201800036689,NonLethal,2018-01-09,10:45:00,Daylight,910,223,Yes,X-type,Normal,2Vehicles-Behind,8 MAI 1945 (AVENUE,M,48.44211529447891,2.440537969676141
201800036690,NonLethal,2018-09-01,17:40:00,Daylight,910,223,Yes,NoIntersection,Normal,Other,VICTOIRE (ALLEE DE,M,48.43666766964265,2.4371524463713823
201800036691,NonLethal,2018-01-13,11:25:00,Daylight,910,223,No,NoIntersection,Normal,2Vehicles-Behind,RN20,M,48.38642830192037,2.384089135441072
201800036692,NonLethal,2018-01-20,14:30:00,Daylight,910,223,Yes,Roundabout,LightRain,2Vehicles-Side,LYS (RUE DES),M,48.43676966690364,2.4379783917218174
201800036693,NonLethal,2018-01-20,14:55:00,Daylight,910,433,Yes,NoIntersection,LightRain,NoCollision,RN20,M,48.4596321734947,2.4600385123075856
201800036694,NonLethal,2018-01-26,19:30:00,NightStreelightsOn,910,223,Yes,NoIntersection,Normal,2Vehicles-Behind,LYS (RUE DES),M,48.43498937076507,2.437096136113296
201800036695,NonLethal,2018-01-27,20:00:00,NightStreelightsOn,910,223,No,Other,Normal,NoCollision,RN20,M,48.42737636688365,2.4270664785479146
201800036696,NonLethal,2018-03-02,13:34:00,Daylight,910,223,Yes,NoIntersection,LightRain,2Vehicles-Behind,"13, MAI 1945 (AVENUE DU",M,48.439462691123175,2.4390230186078043
201800036697,NonLethal,2018-06-02,10:00:00,Daylight,910,223,Yes,NoIntersection,SnowOrHail,2Vehicles-Behind,8 MAI 1945 (AVENUE,M,48.44024681488053,2.441090750703648
201800036699,NonLethal,2018-02-10,00:15:00,NightStreelightsOn,910,223,No,NoIntersection,Normal,Other,RN20,M,48.40115030212987,2.4027442273852344
201800036701,NonLethal,2018-03-25,13:20:00,Daylight,910,109,No,NoIntersection,Normal,NoCollision,ETAMPES (ROUTE D'),M,48.45453231682301,2.455754436713089
201800036702,NonLethal,2018-03-29,02:00:00,NightStreelightsOn,910,223,Yes,NoIntersection,Normal,Other,"46, HAUT PAVE (RUE DU)",M,48.42959374545619,2.428770417524712
201800036703,NonLethal,2018-10-04,23:00:00,NightNoStreetLight,910,223,No,NoIntersection,Normal,NoCollision,CORTEUSE (CHEMIN DE),M,48.42159725844171,2.4217899324482888
201800036704,NonLethal,2018-04-12,02:00:00,NightStreelightsOn,910,223,Yes,Roundabout,Normal,Other,SAINT MICHEL (BOULEVARD),M,48.44429857457597,2.4448360328024443
201800036706,NonLethal,2018-05-02,19:15:00,Daylight,910,433,No,X-type,Normal,2Vehicles-Side,RD 63,M,48.4083565941548,2.40857526023856
201800036707,NonLethal,2018-04-05,11:45:00,Daylight,910,223,Yes,NoIntersection,Normal,NoCollision,SABLIERE (AV DE LA),M,48.44966608387673,2.448763686373701
201800036708,NonLethal,2018-05-05,16:49:00,Daylight,910,223,No,NoIntersection,Normal,2Vehicles-BehindVehicles-Frontal,DE GAULLE (AVENUE CHARLE,M,48.42780032441182,2.426180868470155
201800036709,NonLethal,2018-05-07,06:35:00,NightStreelightsOn,910,223,Yes,Roundabout,Normal,Other,allée d'assas,M,48.42832420794979,2.4293162928332728
201800036710,NonLethal,2018-05-10,22:00:00,NightStreelightsOn,910,223,Yes,NoIntersection,Normal,2Vehicles-Side,GUETTARD (RUE J.E.),M,48.44639596727792,2.4462899972991403
201800036711,NonLethal,2018-05-05,04:30:00,NightStreelightsOn,910,223,Yes,NoIntersection,Normal,NoCollision,BELIARD (RUE EDOUARD),M,48.43474824605976,2.4351422193867034
201800036712,NonLethal,2018-05-13,05:46:00,NightStreelightsOn,910,223,Yes,NoIntersection,Normal,2Vehicles-Behind,BONNEVAUX (AVENUE DE),M,48.43017361336216,2.4287594809557724
201800036713,NonLethal,2018-05-15,04:40:00,NightStreelightsOn,910,109,No,NoIntersection,Normal,Other,ETAMPES (ROUTE D'),M,48.45565152608704,2.454650193158288
201800036714,NonLethal,2018-05-21,15:10:00,Daylight,910,223,No,NoIntersection,Normal,Other,RN20,M,48.39397876081053,2.391812057409475
201800036715,NonLethal,2018-06-01,19:20:00,Daylight,910,223,Yes,T-type,Normal,2Vehicles-Behind,MAI 1945 (AVENUE DU 8),M,48.43943020677879,2.44078218646773
201800036716,NonLethal,2018-06-06,11:00:00,Daylight,910,223,Yes,Roundabout,LightRain,2Vehicles-Side,VICTOIRE (ROND-POINT DE,M,48.43716365240593,2.436809456605104
201800036717,NonLethal,2018-08-06,08:08:00,Daylight,910,223,Yes,X-type,Normal,2Vehicles-Side,AVENUE DE LA LIBERATION,M,48.43740125561837,2.437377549072335
201800036718,NonLethal,2018-06-11,08:35:00,Daylight,910,223,Yes,NoIntersection,LightRain,2Vehicles-Behind,MAI 1945 (AVENUE DU 8),M,48.43805001740521,2.438190445557479
201800036719,NonLethal,2018-11-06,20:01:00,Daylight,910,223,No,NoIntersection,LightRain,NoCollision,RN20,M,48.39732705069984,2.397156444966312
201800036720,NonLethal,2018-06-14,13:50:00,Daylight,910,223,No,NoIntersection,Normal,NoCollision,RN20,M,48.45601094361645,2.455868673868384
201800036721,NonLethal,2018-06-15,15:05:00,Daylight,910,223,Yes,NoIntersection,Normal,Other,SAINT MICHEL (BOULEVARD),M,48.44556586214076,2.4451933775585983
201800036722,NonLethal,2018-06-20,18:46:00,Daylight,910,223,No,NoIntersection,Normal,2Vehicles-Behind,RD 191,M,48.44372922413068,2.442126328163646
201800036723,NonLethal,2018-06-21,03:02:00,NightStreelightsOff,910,433,Yes,NoIntersection,Normal,Other,TILLEULS (RUE DES),M,48.43401584527438,2.4355410434688123
201800036724,NonLethal,2018-06-20,17:50:00,Daylight,910,223,Yes,T-type,Normal,2Vehicles-Side,HENRI IV (BOULEVARD),M,48.43422788059802,2.434167185581399
201800036725,NonLethal,2018-06-25,17:50:00,Daylight,910,223,Yes,NoIntersection,Normal,NoCollision,MONTFAUCON (BOULEVARD DE,M,48.4425075122366,2.4409677286827463
201800036726,NonLethal,2018-06-26,20:45:00,Daylight,910,223,Yes,NoIntersection,Normal,Other,REPUBLIQUE (RUE DE LA),M,48.4323034160182,2.431885666218861
201800036727,NonLethal,2018-04-07,16:35:00,Daylight,910,223,Yes,NoIntersection,Normal,NoCollision,PONT SAINT JEAN (RUE DU),M,48.43117489513288,2.430903138075317
201800036728,NonLethal,2018-07-22,02:20:00,NightStreelightsOn,910,223,Yes,NoIntersection,Normal,NoCollision,MAI 1945 (AVENUE DU 8),M,48.1108185582068,2.1100946612793807
201800036729,NonLethal,2018-07-25,12:15:00,Daylight,910,223,Yes,NoIntersection,Normal,2Vehicles-Behind,LYS (RUE DES),M,48.42977268347472,2.431561437751082
201800036730,NonLethal,2018-07-26,10:05:00,Daylight,910,433,No,Roundabout,Normal,NoCollision,RN2O,M,48.4568850918973,2.456970968176994
201800036731,NonLethal,2018-07-29,03:29:00,NightStreelightsOn,910,433,No,Roundabout,Normal,Other,RN20,M,48.4586817895749,2.457463937711005
201800036732,NonLethal,2018-08-04,19:55:00,Daylight,910,223,Yes,NoIntersection,Normal,Other,BRIERES LES SCELLES (ROU,M,48.45042368678436,2.449742365404548
201800036733,NonLethal,2018-04-08,22:35:00,NightStreelightsOff,910,223,Yes,NoIntersection,Normal,NoCollision,CROIX DE VERNAILLES (RUE,M,48.43884249326595,2.441942443883855
201800036734,NonLethal,2018-08-30,12:10:00,Daylight,910,685,No,NoIntersection,Normal,2Vehicles-BehindVehicles-Frontal,RD191,M,48.44992085017916,2.452189973187889
201800036735,NonLethal,2018-09-01,13:20:00,Daylight,910,223,Yes,NoIntersection,Normal,Other,GEROFOSSE (RUE DE),M,48.427309890442274,2.4241003386025914
201800036736,NonLethal,2018-09-06,09:20:00,Daylight,910,223,Yes,NoIntersection,Normal,2Vehicles-Behind,JUIVERIE (RUE DE LA),M,48.43454048965188,2.435193558198114
201800036737,NonLethal,2018-09-11,18:15:00,Daylight,910,433,Yes,NoIntersection,Normal,2Vehicles-BehindVehicles-Frontal,GRANGE DES NOYERS (RUE D,M,48.447050363872464,2.445941313456384
201800036739,NonLethal,2018-09-17,18:43:00,Daylight,910,433,No,NoIntersection,Normal,NoCollision,RN20,M,48.44925353611986,2.4515601883685982
201800036740,NonLethal,2018-09-20,15:31:00,Daylight,910,223,Yes,Y-type,Normal,2Vehicles-Side,DE GAULLE (AVENUE CHARLE,M,48.41680038207132,2.4164888680372583
201800036741,NonLethal,2018-09-25,07:15:00,TwilightOrDawn,910,433,No,NoIntersection,Normal,2Vehicles-Behind,RN2O,M,48.447061193632464,2.4477549250010884
201800036742,NonLethal,2018-09-25,11:27:00,Daylight,910,433,Yes,NoIntersection,Normal,NoCollision,RD 191,M,48.45073507931024,2.451492487115419
201800036743,NonLethal,2018-01-10,16:25:00,Daylight,910,223,No,Y-type,Normal,3+Vehicles-Multiple,RN2O,M,48.43300353980759,2.4343895678092866
201800036744,NonLethal,2018-10-13,14:25:00,Daylight,910,223,Yes,T-type,Normal,2Vehicles-Behind,MAI 1945 (AVENUE DU 8),M,48.4411850799892,2.441014197851058
201800036746,NonLethal,2018-10-16,13:00:00,Daylight,910,223,Yes,T-type,Normal,2Vehicles-Behind,REPUBLIQUE (RUE DE LA),M,48.43161971065224,2.430180864604526
201800036747,NonLethal,2018-10-17,07:35:00,NightStreelightsOn,910,223,Yes,NoIntersection,Normal,2Vehicles-Behind,SABLIERE (AV DE LA),M,48.44396793380773,2.4430217620571946
201800036748,NonLethal,2018-10-16,22:20:00,NightNoStreetLight,910,223,No,NoIntersection,Normal,3+Vehicles-Chain,RN20,M,48.41865669952415,2.4192155861011355
201800036749,NonLethal,2018-10-20,02:40:00,NightStreelightsOn,910,223,Yes,T-type,Normal,2Vehicles-BehindVehicles-Frontal,SAINT MARTIN (RUE),M,48.42163952188249,2.424266533917075
201800036750,NonLethal,2018-10-30,06:25:00,NightStreelightsOn,910,223,Yes,NoIntersection,Normal,Other,LOUIS (AVENUE FREDERIC),M,48.42998922683544,2.4286794899885984
201800036751,NonLethal,2018-01-11,19:55:00,NightStreelightsOn,910,223,Yes,NoIntersection,LightRain,Other,Libération Avenue de la,M,48.43251717734171,2.4336399035092366
201800036752,NonLethal,2018-11-11,13:33:00,Daylight,910,433,No,Roundabout,LightRain,2Vehicles-Side,RD 191,M,48.43315593247255,2.4365222877913526
201800036754,NonLethal,2018-11-15,07:40:00,NightStreelightsOn,910,223,No,NoIntersection,FogOrSmoke,3+Vehicles-Chain,RN20,M,48.43371944278818,2.4341113690181597
201800036755,NonLethal,2018-11-22,16:25:00,Daylight,910,223,Yes,NoIntersection,LightRain,2Vehicles-Behind,SAINT MICHEL (BOULEVARD),M,48.44860434693981,2.447701725508157
201800036757,NonLethal,2018-11-26,07:51:00,NightStreelightsOn,910,469,No,T-type,LightRain,2Vehicles-Side,ARTONDU (ROUTE D') RD49,M,48.41617470940892,2.41663663789024
201800036758,NonLethal,2018-11-28,07:50:00,NightStreelightsOn,910,223,Yes,T-type,LightRain,Other,RD 191,M,48.43253541522925,2.4319178739998053
201800036759,NonLethal,2018-12-26,16:25:00,Daylight,910,223,No,NoIntersection,Normal,Other,RN20,M,48.41658681252862,2.420486403895659
201800036761,NonLethal,2018-02-06,08:25:00,Daylight,910,228,Yes,NoIntersection,SnowOrHail,Other,"47, DECAUVILLE (BOULEVAR",M,48.636882482960345,2.6369529196941555
201800036762,NonLethal,2018-01-16,16:40:00,Daylight,910,228,Yes,X-type,LightRain,Other,MONSEIGNEUR ROMERO (COUR,M,48.62397101416806,2.6231957620806066
201800036763,NonLethal,2018-03-15,08:45:00,Daylight,910,228,Yes,NoIntersection,LightRain,2Vehicles-Behind,RN7,M,48.62210836261243,2.623338129291778
201800036764,NonLethal,2018-04-09,07:55:00,Daylight,910,521,Yes,NoIntersection,Normal,2Vehicles-Side,LIBERATION (AVENUE DE LA,M,48.64675493531278,2.6444529542525395
201800036766,NonLethal,2018-05-04,22:45:00,NightStreelightsOn,910,521,Yes,X-type,Normal,2Vehicles-Side,GAMBETTA (AVENUE),M,48.65538895734954,2.656466891220608
201800036767,NonLethal,2018-04-05,13:15:00,Daylight,910,182,No,Roundabout,Normal,2Vehicles-Behind,PARLEMENT EUROPEEN (ROND,M,48.61249160007587,2.6142713176798806
201800036768,NonLethal,2018-05-04,19:00:00,Daylight,910,228,Yes,NoIntersection,Normal,3+Vehicles-Chain,RN7,M,48.630013251666014,2.629742772007864
201800036769,NonLethal,2018-07-05,17:00:00,Daylight,910,228,Yes,X-type,Normal,2Vehicles-Behind,NOWY TARG (AVENUE),M,48.63339870670967,2.633582785068466
201800036770,NonLethal,2018-05-14,11:45:00,Daylight,910,228,Yes,NoIntersection,LightRain,Other,SOLJENITSYNE (RUE ALEXAN,M,48.640844006804485,2.640287324944885
201800036771,NonLethal,2018-05-22,17:50:00,Daylight,910,521,Yes,NoIntersection,Normal,Other,GARE (PLACE),M,48.657825364776826,2.6597020819686445
201800036773,NonLethal,2018-05-29,11:26:00,Daylight,910,228,Yes,NoIntersection,LightRain,Other,CHAMPS ELYSEES (BD) BD E,M,48.6356358657394,2.636006950582824
201800036775,Lethal,2018-06-06,16:25:00,Daylight,910,182,Yes,NoIntersection,Normal,3+Vehicles-Chain,SCHUMAN (BOULEVARD ROBER,M,48.6230092205598,2.623582479754991
201800036776,NonLethal,2018-09-06,20:30:00,Daylight,910,521,Yes,NoIntersection,LightRain,2Vehicles-Behind,JOLIOT CURIE (AVENUE IRE,M,48.638677078614535,2.6393687886548816
201800036777,NonLethal,2018-10-03,10:35:00,Daylight,910,521,Yes,NoIntersection,LightRain,Other,"75, BROSSOLETTE (RUE PIE",M,48.6491739052457,2.648055196599393
201800036778,NonLethal,2018-06-15,09:10:00,Daylight,910,228,Yes,NoIntersection,Normal,3+Vehicles-Chain,CHAMPS ELYSEES (BD) BD E,M,48.63040929455203,2.630118363011496
201800036779,Lethal,2018-07-19,15:00:00,Daylight,910,228,No,NoIntersection,Normal,Other,RN7,M,48.62950890766414,2.628825009004959
201800036780,NonLethal,2018-04-08,18:45:00,Daylight,910,521,Yes,Roundabout,VeryGood,Other,GRIGNY (ROUTE DE),M,48.651825737922806,2.650489354762498
201800036781,NonLethal,2018-04-09,09:00:00,Daylight,910,228,Yes,NoIntersection,Normal,2Vehicles-Side,MONSEIGNEUR ROMERO (COUR,M,48.621824552391054,2.624263782013258
201800036782,NonLethal,2018-08-09,12:45:00,Daylight,910,521,Yes,NoIntersection,Normal,Other,BROSSOLETTE (RUE PIERRE),M,48.64969349459137,2.649171777374575
201800036783,NonLethal,2018-09-09,11:00:00,Daylight,910,182,Yes,NoIntersection,Normal,3+Vehicles-Chain,BEREGOVOY (AVENUE PIERRE,M,48.62102191754966,2.621207349550618
201800036784,Lethal,2018-09-17,10:20:00,Daylight,910,521,Yes,NoIntersection,Normal,Other,LIBERATION (AVENUE DE LA,M,48.649825129520096,2.649716843553328
201800036785,NonLethal,2018-09-24,11:40:00,Daylight,910,228,Yes,T-type,Normal,2Vehicles-Side,COQUIBUS(BD),M,48.62586545717208,2.6251656566298056
201800036786,NonLethal,2018-09-24,18:45:00,Daylight,910,182,Yes,Roundabout,Normal,2Vehicles-Side,PARLEMENT EUROPEEN (ROND,M,48.62575766946129,2.62372109620834
201800036787,NonLethal,2018-10-05,13:10:00,Daylight,910,521,Yes,X-type,Normal,Other,EDMOND BONTE (RUE),M,48.660286061447984,2.659318789478737
201800036788,Lethal,2018-10-05,21:04:00,NightNoStreetLight,910,228,No,NoIntersection,Normal,2Vehicles-Behind,RN7,M,48.62685844328298,2.6275714958904364
201800036789,NonLethal,2018-10-13,01:20:00,NightStreelightsOn,910,228,Yes,NoIntersection,Normal,Other,COQUIBUS(BD),M,48.62467269776864,2.624331693651694
201800036790,NonLethal,2018-10-18,10:51:00,Daylight,910,521,Yes,NoIntersection,Normal,2Vehicles-Behind,GRIGNY (ROUTE DE),M,48.61116769340239,2.610914984195232
201800036791,NonLethal,2018-10-28,02:00:00,NightNoStreetLight,910,228,No,NoIntersection,LightRain,3+Vehicles-Chain,RN7,M,48.62626526366287,2.627239878230805
201800036793,NonLethal,2018-10-11,21:40:00,NightStreelightsOn,910,521,Yes,NoIntersection,Normal,2Vehicles-Side,BROSSOLETTE (RUE PIERRE),M,48.6475250438288,2.648864119548986
201800036794,NonLethal,2018-12-04,17:10:00,NightStreelightsOn,910,228,Yes,NoIntersection,Normal,Other,CHAMPS ELYSEES (BD) Nø11,M,48.64102116650588,2.642654506582012
201800036795,NonLethal,2018-01-10,18:05:00,NightStreelightsOn,910,687,Yes,NoIntersection,Normal,Other,"2, COMMANDANT BARRE (AVE",M,48.659196814046894,2.6579248446200694