AccidentId,Gravity,Date,Hour,Light,Department,Commune,InAgglomeration,IntersectionType,Weather,CollisionType,PostalAddress,GPSCode,Latitude,Longitude
201800036796,NonLethal,2018-01-10,12:35:00,Daylight,910,687,Yes,NoIntersection,Normal,2Vehicles-Behind,"89, GENERAL DE GAULLE (A",M,48.67813168986707,2.677435744649716
201800036797,NonLethal,2018-01-18,11:30:00,Daylight,910,326,Yes,NoIntersection,LightRain,2Vehicles-Behind,"48, ESTIENNE D'ORVES (AV",M,48.69294818963591,2.6916220626113607
201800036798,NonLethal,2018-01-19,19:50:00,NightStreelightsOn,910,434,Yes,NoIntersection,Normal,Other,"95, CORBEIL (ROUTE DE)",M,48.65248791923872,2.6517369128540884
201800036799,NonLethal,2018-01-22,07:50:00,TwilightOrDawn,910,286,Yes,Roundabout,HeavyRain,Other,CORBEIL (ROUTE DE),M,48.65367391063459,2.650800441959072
201800036800,NonLethal,2018-01-02,12:20:00,Daylight,910,687,Yes,NoIntersection,Normal,Other,GENERAL DE GAULLE (AVENU,M,48.67831659498668,2.678090626181653
201800036802,NonLethal,2018-02-19,15:00:00,Daylight,910,326,Yes,NoIntersection,Overcast,Other,"1, CAMILLE FLAMMARION (R",M,48.6921141111844,2.691889766548365
201800036803,NonLethal,2018-02-21,16:40:00,Daylight,910,687,Yes,X-type,Normal,2Vehicles-Side,DE FLEURY (ROUTE ),M,48.6517859103496,2.6512293418028774
201800036805,NonLethal,2018-02-28,21:00:00,NightStreelightsOn,910,687,Yes,NoIntersection,Normal,Other,PRESIDENT KENNEDY (AVENU,M,48.66502752458221,2.665661273988672
201800036807,NonLethal,2018-07-03,08:15:00,Daylight,910,687,Yes,Roundabout,LightRain,2Vehicles-Side,"01, VICTOR SCHOELCHER (P",M,48.66116018793508,2.6611905520429047
201800036808,NonLethal,2018-08-03,12:40:00,Daylight,910,326,Yes,T-type,Normal,2Vehicles-Side,"58, GABRIEL PERI (AVENUE",M,48.69453573524968,2.6958957528651104
201800036809,NonLethal,2018-03-09,18:10:00,Daylight,910,687,Yes,NoIntersection,Normal,Other,MARMONT (AVENUE),M,48.66184351170942,2.6635629919603727
201800036810,NonLethal,2018-12-03,08:28:00,Daylight,910,326,Yes,T-type,Normal,2Vehicles-Side,"14, GABRIEL PERI (AVENUE",M,48.69126097554023,2.691904014002174
201800036811,NonLethal,2018-03-14,09:10:00,Daylight,910,687,Yes,NoIntersection,Normal,Other,FRANCOEUR (RUE),M,48.671977725584085,2.6751358252223287
201800036812,NonLethal,2018-03-17,21:15:00,NightStreelightsOn,910,286,Yes,NoIntersection,LightRain,3+Vehicles-Chain,"1, ROUTE NATIONALE 7",M,48.66679504921248,2.665838737352032
201800036813,NonLethal,2018-04-02,16:30:00,Daylight,910,687,Yes,NoIntersection,Normal,Other,CHATILLON (RUE DE),M,48.683895671570426,2.684217843042562
201800036815,NonLethal,2018-04-04,18:50:00,Daylight,910,687,Yes,NoIntersection,LightRain,2Vehicles-Side,GENERAL DE GAULLE (AVENU,M,48.676968062049646,2.677453445841647
201800036817,NonLethal,2018-04-12,14:00:00,Daylight,910,687,Yes,NoIntersection,LightRain,Other,MARMONT (AVENUE),M,48.663205392624754,2.6627049079386853
201800036818,NonLethal,2018-04-13,07:55:00,TwilightOrDawn,910,687,Yes,NoIntersection,Overcast,2Vehicles-BehindVehicles-Frontal,SABLONS (AVENUE DES),M,48.66980491494245,2.6693014339839123
201800036819,NonLethal,2018-04-21,19:35:00,Daylight,910,286,Yes,NoIntersection,Normal,Other,MOULIN (CHEMIN DU),M,48.65855143012684,2.6555276670588723
201800036820,NonLethal,2018-05-01,16:45:00,Daylight,910,326,Yes,NoIntersection,Normal,2Vehicles-BehindVehicles-Frontal,GAMBETTA (QUAI),M,48.68860396775574,2.6886067173537698
201800036821,NonLethal,2018-05-04,17:20:00,Daylight,910,687,Yes,NoIntersection,Normal,3+Vehicles-Chain,VICTOR SCHOELCHER (AVENU,M,48.656483280785714,2.656825835811476
201800036822,NonLethal,2018-05-09,20:15:00,Daylight,910,326,Yes,NoIntersection,Normal,2Vehicles-Side,COUR DE FRANCE (AVENUE D,M,48.69028319332589,2.689463178960163
201800036824,NonLethal,2018-05-14,16:10:00,Daylight,910,687,Yes,Roundabout,LightRain,2Vehicles-Behind,RD 445,M,48.648682868637,2.6488640035176623
201800036825,NonLethal,2018-05-17,18:15:00,Daylight,910,687,Yes,NoIntersection,Normal,2Vehicles-Side,GENERAL DE GAULLE (AVENU,M,48.68294317241406,2.684496261424256
201800036826,NonLethal,2018-05-26,19:50:00,Daylight,910,286,Yes,NoIntersection,Normal,Other,ELLIPSE (RUE DE L'),M,48.64977470078254,2.647178817333024
201800036828,NonLethal,2018-05-28,17:05:00,Daylight,910,687,Yes,NoIntersection,Normal,2Vehicles-Behind,GENETS (AVENUE DES),M,48.64826832605334,2.646475233962102
201800036829,NonLethal,2018-05-28,18:15:00,Daylight,910,687,Yes,NoIntersection,Overcast,2Vehicles-Behind,CORSE (AVENUE DE),M,48.67192646000221,2.670244133840467
201800036830,NonLethal,2018-01-06,10:00:00,Daylight,910,434,Yes,NoIntersection,Overcast,Other,JEAN-PIERRE TIMBAUD (RUE,M,48.66236328306304,2.660672346958925
201800036831,NonLethal,2018-06-07,18:45:00,Daylight,910,286,Yes,Y-type,Normal,Other,BERTHIER (RUE),M,48.65030091777656,2.648121391612794
201800036832,NonLethal,2018-11-06,21:10:00,TwilightOrDawn,910,326,Yes,NoIntersection,HeavyRain,Other,BANETTE ET PLANCHON (PLA,M,48.6906478655987,2.689443164003959
201800036833,NonLethal,2018-06-13,08:30:00,Daylight,910,687,Yes,NoIntersection,Normal,2Vehicles-Side,RIS (RUE DE),M,48.67470443390165,2.6724867788912148
201800036834,NonLethal,2018-06-14,08:20:00,Daylight,910,286,Yes,NoIntersection,VeryGood,Other,PREMIERE ARMEE (AVENUE),M,48.65156049450971,2.655230216013156
201800036835,NonLethal,2018-06-29,16:30:00,Daylight,910,434,Yes,NoIntersection,Normal,2Vehicles-Side,SAVIGNY (RUE DE),M,48.6649443261935,2.666241947553769
201800036836,NonLethal,2018-06-29,18:35:00,Daylight,910,687,Yes,NoIntersection,Normal,Other,JEAN MOULIN (ALLEE),M,48.659947190991886,2.6596983240483287
201800036838,NonLethal,2018-05-07,20:30:00,TwilightOrDawn,910,687,Yes,T-type,Normal,2Vehicles-Side,COMMANDANT BARRE (AVENUE,M,48.66042545652016,2.659535432807973
201800036839,NonLethal,2018-07-10,12:15:00,Daylight,910,326,Yes,NoIntersection,Normal,3+Vehicles-Chain,COUR DE FRANCE (AVENUE D,M,48.69006789468396,2.690595957208451
201800036840,NonLethal,2018-07-14,16:00:00,Daylight,910,286,Yes,NoIntersection,Normal,Other,CORBEIL (ROUTE DE),M,48.65015444090144,2.649017823551973
201800036841,NonLethal,2018-07-20,18:00:00,Daylight,910,286,Yes,Square,Normal,Other,HENRI BARBUSSE (PLACE),M,48.65266439030281,2.653827904634768
201800036843,NonLethal,2018-07-23,09:30:00,Daylight,910,326,Yes,X-type,Normal,2Vehicles-Side,COUR DE FRANCE (AVENUE D,M,48.69323493017031,2.6937456990401545
201800036844,NonLethal,2018-07-24,17:15:00,Daylight,910,687,No,Roundabout,Normal,2Vehicles-Side,VICTOR SCHOELCHER (PLACE,M,48.64675135308038,2.6472006483958213
201800036845,NonLethal,2018-07-24,18:00:00,Daylight,910,687,Yes,NoIntersection,Normal,Other,ANDRE MALRAUX (AVENUE),M,48.674093093073154,2.673683477592537
201800036846,NonLethal,2018-07-25,21:45:00,Daylight,910,286,Yes,NoIntersection,Normal,Other,TREILLE (PLACE DE LA),M,48.65454192475171,2.6528213101240605
201800036847,NonLethal,2018-07-29,16:15:00,Daylight,910,687,Yes,NoIntersection,Normal,Other,GENERAL DE GAULLE (AVENU,M,48.68087316630267,2.681117694823896
201800036848,NonLethal,2018-02-08,07:50:00,Daylight,910,326,Yes,NoIntersection,Normal,Other,CASCADE (BOULEVARD DE LA,M,48.69730634412134,2.694944573888238
201800036849,NonLethal,2018-08-01,15:25:00,Daylight,910,326,Yes,NoIntersection,Normal,2Vehicles-Side,COUR DE FRANCE (AVENUE D,M,48.68810544487753,2.688977792046686
201800036850,NonLethal,2018-11-08,13:00:00,Daylight,910,687,No,NoIntersection,Normal,Other,DE FLEURY (ROUTE ),M,48.65408221671143,2.6560078350874496
201800036851,NonLethal,2018-11-08,23:30:00,NightStreelightsOn,910,434,Yes,X-type,Normal,2Vehicles-Side,JARDINET (AVENUE DU),M,48.65020188586843,2.652596837576445
201800036852,NonLethal,2018-08-13,19:15:00,Daylight,910,687,Yes,NoIntersection,Normal,2Vehicles-Behind,GENERAL DE GAULLE (AVENU,M,48.684634556357096,2.687543430164814
201800036854,NonLethal,2018-08-31,16:45:00,Daylight,910,687,Yes,Roundabout,Normal,NoCollision,VICTOR SCHOELCHER (AVENU,M,48.65679968966228,2.6554736767688927
201800036855,NonLethal,2018-08-31,21:00:00,NightStreelightsOn,910,687,Yes,NoIntersection,Normal,3+Vehicles-Chain,VICTOR SCHOELCHER (AVENU,M,48.655706522439786,2.6559908718956224
201800036856,NonLethal,2018-09-04,09:30:00,Daylight,910,326,Yes,NoIntersection,Normal,Other,ESTIENNE D'ORVES (AVENUE,M,48.69152791371171,2.6900411602717105
201800036857,NonLethal,2018-09-04,16:30:00,Daylight,910,434,Yes,NoIntersection,Normal,2Vehicles-Side,SALVADOR ALLENDE (RUE),M,48.65086763750975,2.6505739275308926
201800036858,NonLethal,2018-09-08,20:05:00,TwilightOrDawn,910,687,Yes,NoIntersection,Normal,Other,MARSEILLE (AVENUE DE),M,48.66995683425824,2.668442120068266
201800036859,NonLethal,2018-10-09,18:10:00,Daylight,910,687,Yes,T-type,Normal,2Vehicles-BehindVehicles-Frontal,GENERAL DE GAULLE (AVENU,M,48.68024462206526,2.681669638381187
201800036860,NonLethal,2018-09-21,07:00:00,NightStreelightsOn,910,286,Yes,Roundabout,LightRain,2Vehicles-BehindVehicles-Frontal,PLESSIS (CHEMIN DU),M,48.65052679329062,2.6513117625259044
201800036861,NonLethal,2018-09-21,08:30:00,TwilightOrDawn,910,326,Yes,NoIntersection,HeavyRain,Other,ESTIENNE D'ORVES (AVENUE,M,48.690369829688905,2.691939334827914
201800036863,NonLethal,2018-09-23,16:00:00,Daylight,910,326,Yes,NoIntersection,HeavyRain,2Vehicles-Behind,GABRIEL PERI (AVENUE),M,48.69752760367836,2.6988094831870884
201800036864,NonLethal,2018-09-30,11:00:00,Daylight,910,434,Yes,NoIntersection,VeryGood,Other,DANIELLE CASANOVA (RUE),M,48.65766214107951,2.657902978891437
201800036865,NonLethal,2018-03-10,06:45:00,NightStreelightsOn,910,326,Yes,NoIntersection,LightRain,3+Vehicles-Chain,MONTTESSUY (RUE),M,48.68511310471388,2.687261471312756
201800036866,NonLethal,2018-04-10,16:35:00,Daylight,910,326,Yes,NoIntersection,Normal,Other,MONTTESSUY (RUE DE),M,48.689736205107394,2.6899490992355624
201800036867,NonLethal,2018-10-04,17:34:00,Daylight,910,687,Yes,NoIntersection,VeryGood,2Vehicles-BehindVehicles-Frontal,MARGOT (RUE),M,48.6710430452338,2.670277753343058
201800036868,NonLethal,2018-05-10,09:00:00,Daylight,910,434,Yes,Y-type,Normal,2Vehicles-Side,CORBEIL (ROUTE DE),M,48.6003874389672,2.6002393629246248
201800036869,NonLethal,2018-10-05,13:00:00,Daylight,910,434,Yes,X-type,Normal,2Vehicles-Side,FORET (AVENUE DE LA),M,48.65182064175412,2.6528536536885667
201800036870,NonLethal,2018-10-06,19:00:00,Daylight,910,286,Yes,NoIntersection,Normal,Other,PIERRE BROSSOLETTE (RUE),M,48.657574359755344,2.657111953116214
201800036871,NonLethal,2018-10-09,07:10:00,TwilightOrDawn,910,687,Yes,NoIntersection,Normal,Other,GABRIEL PERI (Bld),M,48.68050531808275,2.681757513741987
201800036874,NonLethal,2018-10-17,08:10:00,TwilightOrDawn,910,326,Yes,NoIntersection,Normal,2Vehicles-Side,MONTTESSUY (RUE DE),M,48.68589342215054,2.684922368703847
201800036875,NonLethal,2018-07-26,17:00:00,Daylight,910,687,Yes,NoIntersection,Normal,Other,DE FLEURY (ROUTE ),M,48.65782415874207,2.65604096094755
201800036876,NonLethal,2018-10-20,18:20:00,Daylight,910,286,Yes,Roundabout,Normal,Other,RD445,M,48.65503618498386,2.6542786888213765
201800036878,NonLethal,2018-11-01,15:37:00,Daylight,910,286,Yes,Roundabout,LightRain,2Vehicles-Side,EMILE ALLIAUD (AVENUE),M,48.64868224814978,2.649823211558192
201800036879,NonLethal,2018-09-11,16:30:00,Daylight,910,286,Yes,NoIntersection,Normal,Other,PLESSIS (CHEMIN DU),M,48.65285362573537,2.6523120143440884
201800036880,NonLethal,2018-11-10,19:10:00,NightNoStreetLight,910,286,Yes,NoIntersection,Normal,2Vehicles-Behind,PREMIERE ARMEE (AVENUE),M,48.65889752645668,2.6592596113712625
201800036881,NonLethal,2018-11-13,16:30:00,Daylight,910,687,Yes,NoIntersection,Normal,Other,SAVIGNY (RUE DE),M,48.68351612490342,2.6815213991144926
201800036882,NonLethal,2018-11-13,10:00:00,Daylight,910,326,Yes,NoIntersection,LightRain,2Vehicles-Side,COUR DE FRANCE (AVENUE D,M,48.69605544128185,2.695700220356383
201800036885,NonLethal,2018-11-30,20:50:00,NightStreelightsOn,910,326,No,NoIntersection,Normal,3+Vehicles-Chain,COUR DE FRANCE (AVENUE D,M,48.68148508840167,2.679763145330221
201800036886,NonLethal,2018-12-01,12:55:00,Daylight,910,687,Yes,NoIntersection,LightRain,2Vehicles-BehindVehicles-Frontal,VICTOR BASCH (RUE),M,48.68293042601797,2.6822580008751635
201800036888,NonLethal,2018-12-14,09:20:00,Daylight,910,687,Yes,NoIntersection,Normal,Other,CARNOT (RUE),M,48.67954782071949,2.6786024256697
201800036890,NonLethal,2018-12-19,09:00:00,Daylight,910,687,Yes,X-type,Overcast,2Vehicles-Side,PASSERELLE (AVENUE DE LA,M,48.68172505622466,2.681638451030586
201800036891,NonLethal,2018-12-25,17:30:00,TwilightOrDawn,910,687,Yes,NoIntersection,Normal,3+Vehicles-Multiple,SAVIGNY (RUE DE),M,48.66509225632756,2.6662952210591606
201800036892,NonLethal,2018-12-26,15:00:00,Daylight,910,687,Yes,NoIntersection,Normal,Other,PRESIDENT KENNEDY (AVENU,M,48.66571340942036,2.6627672728727423
201800036893,NonLethal,2018-01-13,18:30:00,NightStreelightsOn,910,161,Yes,X-type,Normal,2Vehicles-Behind,"43, OLLIVIER BEAUREGARD",M,48.70318949492218,2.704088601768523
201800036894,NonLethal,2018-02-16,19:05:00,NightNoStreetLight,910,345,Yes,NoIntersection,Normal,Other,CATHELIN DR (BOULEVARD D,M,48.68728573547842,2.6869591258365864
201800036895,Lethal,2018-02-27,15:55:00,Daylight,910,161,No,NoIntersection,Normal,3+Vehicles-Multiple,RD 118,M,48.71312695790344,2.7153194634094526
201800036896,NonLethal,2018-02-28,07:05:00,TwilightOrDawn,910,161,Yes,NoIntersection,Normal,Other,MAZARIN (AVENUE),M,48.70601581117174,2.705697088251824
201800036897,NonLethal,2018-03-05,14:00:00,Daylight,910,161,No,NoIntersection,Normal,2Vehicles-Side,"1, LONGJUMEAU (route de)",M,48.71635074159371,2.714141898933704
201800036898,NonLethal,2018-03-20,11:30:00,Daylight,910,161,Yes,NoIntersection,Normal,Other,"1, MASSY (ROUTE DE)",M,48.71351975964523,2.715118983144573
201800036899,NonLethal,2018-03-22,18:00:00,Daylight,910,161,Yes,NoIntersection,Normal,Other,RP D167 / D120,M,48.7109563713928,2.713338942518967
201800036900,NonLethal,2018-03-25,16:35:00,Daylight,910,161,No,NoIntersection,Normal,Other,"1, LONGJUMEAU (route de)",M,48.709947608762256,2.710790106353413
201800036902,NonLethal,2018-04-20,15:10:00,Daylight,910,345,Yes,NoIntersection,Normal,2Vehicles-BehindVehicles-Frontal,CORBEIL (ROUTE DE),M,48.69148059525688,2.6933298716285643
201800036903,NonLethal,2018-05-03,11:50:00,Daylight,910,161,Yes,NoIntersection,Normal,2Vehicles-Side,HELENE BOUCHER (RUE),M,48.719256934925056,2.717127045224969
201800036904,NonLethal,2018-05-20,13:55:00,Daylight,910,161,Yes,NoIntersection,Normal,Other,GRAVIGNY (RUE DE),M,48.697393568262086,2.6972161564753105
201800036905,NonLethal,2018-05-20,21:05:00,TwilightOrDawn,910,161,Yes,Square,Normal,2Vehicles-Behind,"LIBERATION (PLACE, AVENU",M,48.70222104541108,2.70472974135264
201800036906,NonLethal,2018-06-07,07:00:00,Daylight,910,161,Yes,NoIntersection,Normal,3+Vehicles-Multiple,MAZARIN (AVENUE),M,48.7043738750974,2.702996757583618
201800036907,NonLethal,2018-06-14,16:40:00,Daylight,910,161,Yes,T-type,Overcast,2Vehicles-Behind,PIERRE BROSSOLETTE (AVEN,M,48.70124368353966,2.7008934518626835
201800036908,NonLethal,2018-06-18,12:30:00,Daylight,910,345,Yes,NoIntersection,Normal,2Vehicles-Side,CORBEIL (ROUTE DE),M,48.68073689405006,2.6825936437201463
201800036909,NonLethal,2018-06-19,15:20:00,Daylight,910,345,Yes,NoIntersection,Normal,3+Vehicles-Chain,PRESIDENT FRANCOIS MITTE,M,48.69259974194387,2.692861313821907
201800036910,NonLethal,2018-07-15,19:40:00,Daylight,910,161,Yes,MoreThan4Branches,Normal,2Vehicles-Behind,PIERRE BROSSOLETTE (AVEN,M,48.70214134375938,2.6987058918067466
201800036912,NonLethal,2018-07-22,19:10:00,Daylight,910,161,Yes,NoIntersection,Normal,2Vehicles-Side,EDOUETS (RUE DES),M,48.71493235485674,2.7143938736455206
201800036913,NonLethal,2018-08-01,21:00:00,Daylight,910,345,Yes,NoIntersection,Normal,2Vehicles-Behind,GENERAL DE GAULLE (AVENU,M,48.69639348814224,2.6955951429128544
201800036914,NonLethal,2018-07-08,17:30:00,Daylight,910,345,Yes,NoIntersection,Normal,2Vehicles-Side,PRESIDENT FRANCOIS MITTE,M,48.69872393494719,2.6991148969921324
201800036915,NonLethal,2018-08-18,13:52:00,Daylight,910,161,Yes,NoIntersection,Normal,Other,MAZARIN (AVENUE),M,48.706586669871314,2.7065870065600266
201800036917,NonLethal,2018-01-09,20:30:00,NightNoStreetLight,910,345,Yes,X-type,Normal,2Vehicles-Side,LIERON (RUE),M,48.69556066541357,2.6942294250908585
201800036918,NonLethal,2018-09-06,19:00:00,Daylight,910,161,Yes,Y-type,Normal,2Vehicles-Behind,DIVISION LECLERC (RUE DE,M,48.698481472037045,2.6993128136502738
201800036919,NonLethal,2018-09-28,16:15:00,Daylight,910,161,No,NoIntersection,Normal,2Vehicles-Side,RD 118,M,48.71458045396356,2.714078720951653
201800036920,NonLethal,2018-02-10,17:30:00,Daylight,910,161,Yes,NoIntersection,Normal,Other,EUROPE (RUE DE L'),M,48.70906238813866,2.707135089577702
201800036921,NonLethal,2018-10-03,13:20:00,Daylight,910,345,Yes,NoIntersection,Overcast,Other,CHARLES STEBER (PLACE),M,48.69852764656,2.697691094718398
201800036922,NonLethal,2018-10-10,13:15:00,Daylight,910,161,Yes,NoIntersection,Normal,2Vehicles-Side,LONGJUMEAU (route de),M,48.713782583086434,2.7138776781127723
201800036923,NonLethal,2018-10-27,19:20:00,NightNoStreetLight,910,161,No,NoIntersection,Normal,3+Vehicles-Multiple,MASSY (ROUTE DE),M,48.71198827486473,2.710610212234408
201800036924,NonLethal,2018-11-20,07:45:00,NightStreelightsOn,910,345,Yes,X-type,LightRain,Other,PRESIDENT FRANCOIS MITTE,M,48.70093060251508,2.699842435168706
201800036926,NonLethal,2018-11-22,09:30:00,Daylight,910,161,Yes,NoIntersection,Overcast,2Vehicles-Behind,PIERRE BROSSOLETTE (AVEN,M,48.69960980413909,2.6983520731590027
201800036927,NonLethal,2018-11-21,17:44:00,NightStreelightsOn,910,161,Yes,NoIntersection,Normal,Other,MAZARIN (AVENUE),M,48.70416553661819,2.7024832725733825
201800036928,NonLethal,2018-05-12,23:30:00,NightStreelightsOn,910,161,Yes,Roundabout,LightRain,Other,GUYNEMER (RUE),M,48.71500377410285,2.7146562031015766
201800036929,NonLethal,2018-12-21,12:20:00,Daylight,910,161,No,NoIntersection,LightRain,Other,MARAIS (RUE DES),M,48.688532064657664,2.691462391718649
201800036930,NonLethal,2018-10-01,16:45:00,Daylight,910,377,No,NoIntersection,Normal,2Vehicles-Behind,VALLEE DE LA BIEVRE (VOI,M,48.73877597307528,2.7367935983027007
201800036931,NonLethal,2018-09-01,17:15:00,TwilightOrDawn,910,377,Yes,Roundabout,LightRain,3+Vehicles-Multiple,MARTYRS DE SOWETO (AVENU,M,48.732646512049975,2.7326280269456893
201800036932,NonLethal,2018-02-23,10:10:00,Daylight,910,689,Yes,NoIntersection,Normal,Other,LAVOISIER (AVENUE),M,48.72890709169922,2.729281478099225
201800036933,NonLethal,2018-06-03,13:35:00,Daylight,910,377,Yes,NoIntersection,Normal,2Vehicles-Side,"27, CARNOT (AVENUE)",M,48.725396665682936,2.728404891107908
201800036934,NonLethal,2018-03-07,09:00:00,Daylight,910,377,No,NoIntersection,LightRain,2Vehicles-Side,LECLERC (AVENUE DU MAREC,M,48.72964806870516,2.730660983923104
201800036935,NonLethal,2018-03-19,18:05:00,Daylight,910,377,Yes,NoIntersection,Normal,Other,HUIT MAI 1945 (RUE DU),M,48.72747838011707,2.728118430961312
201800036936,NonLethal,2018-03-17,18:40:00,NightStreelightsOn,910,345,Yes,X-type,HeavyRain,2Vehicles-Side,PASTEUR (RUE),M,48.69263163520081,2.6926112040536805
201800036937,NonLethal,2018-04-18,15:00:00,Daylight,910,377,Yes,Square,Normal,Other,FRANCE (AVENUE DE),M,48.73232327753194,2.7340538870584408
201800036939,NonLethal,2018-04-30,16:00:00,Daylight,910,377,No,NoIntersection,LightRain,2Vehicles-Side,BRIIS (VOIE DE),M,,
201800036941,NonLethal,2018-06-04,16:45:00,Daylight,910,377,Yes,NoIntersection,Normal,Other,CARNOT (AVENUE),M,48.72558073720565,2.7273856977117528
201800036942,NonLethal,2018-06-13,17:50:00,Daylight,910,377,No,NoIntersection,Overcast,Other,LECLERC (AVENUE DU MAREC,M,48.72693090862337,2.724999288148344
201800036943,NonLethal,2018-06-27,07:10:00,Daylight,910,377,Yes,Roundabout,Normal,2Vehicles-Side,ALLENDE (AVENUE DU PRESI,M,48.72929876908094,2.7300803175309363
201800036944,NonLethal,2018-07-12,13:50:00,Daylight,910,377,Yes,T-type,Normal,2Vehicles-Side,DE LATTRE DE TASSIGNY (A,M,48.72733981245788,2.724768575949789
201800036945,NonLethal,2018-07-18,17:29:00,Daylight,910,689,No,NoIntersection,Normal,2Vehicles-BehindVehicles-Frontal,ARAGO (BOULEVARD),M,48.72916493139077,2.7298705047918403
201800036946,NonLethal,2018-08-11,07:55:00,Daylight,910,377,No,X-type,Normal,2Vehicles-Side,LECLERC (AVENUE DU MAREC,M,48.72744165070717,2.7279391043415213
201800036947,NonLethal,2018-08-25,08:25:00,Daylight,910,377,Yes,NoIntersection,Normal,2Vehicles-Side,LECLERC (AVENUE DU MAREC,M,48.73657891728766,2.7350353468806885
201800036948,NonLethal,2018-09-13,20:00:00,NightStreelightsOn,910,689,Yes,T-type,Normal,2Vehicles-Side,BIGOURDAN (RUE GUILLAUME,M,48.73396418555061,2.733648656310696
201800036949,NonLethal,2018-09-25,21:00:00,NightStreelightsOn,910,377,Yes,NoIntersection,Normal,2Vehicles-Side,EUROPE (AVENUE DE L'),M,48.72839927219505,2.7269751981287857
201800036951,NonLethal,2018-04-10,18:40:00,Daylight,910,377,Yes,NoIntersection,Normal,3+Vehicles-Multiple,BONDE (ROUTE DE LA),M,48.72013630776317,2.7209517023310537
201800036952,NonLethal,2018-10-12,15:00:00,Daylight,910,377,Yes,Square,Normal,NoCollision,ALLENDE (AVENUE DU PRESI,M,48.70152746280066,2.6993185422378327
201800036953,NonLethal,2018-11-07,10:10:00,Daylight,910,689,Yes,NoIntersection,HeavyRain,2Vehicles-Behind,RUE DU PEROU,M,48.72428316061452,2.720606950910937
201800036954,NonLethal,2018-11-08,18:15:00,NightStreelightsOn,910,377,No,NoIntersection,Normal,Other,PONT DE PIERRE (RUE DU),M,48.74011935463388,2.739940273124126
201800036955,NonLethal,2018-12-18,08:30:00,Daylight,910,377,Yes,NoIntersection,Normal,Other,PARIS (RUE DE),M,48.73604203993404,2.7364174534051164
201800036956,NonLethal,2018-11-15,19:00:00,TwilightOrDawn,910,377,Yes,Roundabout,Normal,Other,SAINT-MARC (AVENUE),M,48.73019799184269,2.7295105559569817
201800036957,NonLethal,2018-02-01,19:10:00,NightStreelightsOn,910,421,Yes,NoIntersection,Normal,Other,CHARLES DE GAULLE (AVENU,M,48.69612566301867,2.6971994939284314
201800036958,NonLethal,2018-08-01,08:40:00,Daylight,910,691,Yes,T-type,Normal,Other,PIERRE BROSSOLETTE(RUE),M,48.69911547899858,2.6998191309081725
201800036959,NonLethal,2018-01-20,16:20:00,Daylight,910,421,Yes,NoIntersection,LightRain,Other,"04, GENERAL LECLERC (RUE",M,48.70527085913282,2.705303380262342
201800036960,NonLethal,2018-01-08,19:45:00,NightStreelightsOn,910,691,Yes,NoIntersection,Normal,3+Vehicles-Chain,GARE(RUE),M,48.70620087473756,2.708079713317876
201800036961,NonLethal,2018-01-25,01:10:00,NightStreelightsOn,910,421,Yes,NoIntersection,HeavyRain,2Vehicles-Behind,"119, CORBEIL (ROUTE DE)",M,48.706495771161485,2.7039989046969413
201800036962,NonLethal,2018-01-25,07:25:00,NightStreelightsOff,910,421,No,NoIntersection,HeavyRain,2Vehicles-Behind,RN6 (PARTIE FORET),M,48.68992963439881,2.6899466882279404
201800036964,NonLethal,2018-01-16,06:15:00,NightStreelightsOff,910,421,No,NoIntersection,Normal,2Vehicles-Side,RN6 (PARTIE FORET),M,48.68886567890962,2.6918383841577844
201800036966,NonLethal,2018-01-18,18:45:00,Daylight,910,421,Yes,NoIntersection,Normal,2Vehicles-Side,"4, GASTON MANGIN (RUE)",M,48.70997110175429,2.71146706304059
201800036967,NonLethal,2018-11-02,20:55:00,NightStreelightsOn,910,421,Yes,T-type,Normal,2Vehicles-Side,REPUBLIQUE (AVENUE DE LA,M,48.70122091160006,2.703772332424403
201800036968,NonLethal,2018-02-18,17:55:00,Daylight,910,691,Yes,X-type,Normal,2Vehicles-Side,PIERRE BROSSOLETTE(RUE),M,48.70154040460829,2.6996101426581216
201800036969,NonLethal,2018-01-11,20:30:00,NightStreelightsOn,910,421,Yes,NoIntersection,Normal,2Vehicles-Side,"113, REPUBLIQUE (AVENUE",M,48.70079293413213,2.701538016794972
201800036970,NonLethal,2018-02-18,14:40:00,Daylight,910,421,Yes,NoIntersection,Normal,2Vehicles-Behind,RN6 (PARTIE FORET),M,48.69285370708517,2.6900228930216104
201800036971,NonLethal,2018-02-23,13:00:00,Daylight,910,691,Yes,Y-type,Normal,2Vehicles-Side,GARE (RUE DE LA),M,48.70920756222263,2.7087063783620384
201800036972,NonLethal,2018-05-03,15:30:00,Daylight,910,421,Yes,X-type,Normal,2Vehicles-Side,RAYMOND PAUMIER (RUE),M,48.70391134893547,2.701685252249749
201800036973,NonLethal,2018-03-05,14:35:00,Daylight,910,421,Yes,NoIntersection,Normal,Other,MAURICE GARIN (PISTE CYC,M,48.71966609208318,2.721128819970973
201800036974,NonLethal,2018-02-23,13:45:00,Daylight,910,421,No,NoIntersection,Normal,3+Vehicles-Chain,NATIONALE 6 (CES POMPIDO,M,48.69166063177845,2.694189254824773
201800036976,NonLethal,2018-03-19,18:25:00,Daylight,910,421,No,NoIntersection,Overcast,Other,NATIONALE 6 (GLACIERE),M,48.70848688911845,2.707046778034136
201800036977,NonLethal,2018-03-27,13:30:00,Daylight,910,421,Yes,NoIntersection,Normal,Other,REPUBLIQUE (AVENUE DE LA,M,48.70683275954884,2.706332050738567