AccidentId,Gravity,Date,Hour,Light,Department,Commune,InAgglomeration,IntersectionType,Weather,CollisionType,PostalAddress,GPSCode,Latitude,Longitude
201800036978,NonLethal,2018-03-31,17:43:00,Daylight,910,691,Yes,Roundabout,Normal,2Vehicles-Side,"10, PASTEUR(ROND POINT)",M,48.69357375544613,2.695048951234134
201800036979,NonLethal,2018-02-25,18:55:00,Daylight,910,421,Yes,NoIntersection,Normal,2Vehicles-Side,"4, CORBEIL (ROUTE DE)",M,48.71591303833959,2.7141570766577807
201800036981,NonLethal,2018-04-16,18:50:00,Daylight,910,691,Yes,NoIntersection,Normal,Other,CONCY(RUE),M,48.7092070438764,2.708615838081473
201800036982,NonLethal,2018-04-22,21:30:00,NightNoStreetLight,910,421,Yes,NoIntersection,Normal,2Vehicles-Behind,N6 (GLACIERE),M,48.70949922720617,2.7089904871083474
201800036983,NonLethal,2018-04-24,18:00:00,Daylight,910,691,Yes,NoIntersection,Normal,Other,MARCEAU BALLIOT(RUE),M,48.71146337050543,2.71041729529491
201800036985,NonLethal,2018-05-08,10:10:00,Daylight,910,421,Yes,NoIntersection,Normal,2Vehicles-BehindVehicles-Frontal,CHATEAU (ROUTE FORESTIER,M,48.6973673016666,2.694021694707572
201800036988,NonLethal,2018-05-20,19:57:00,Daylight,910,191,Yes,NoIntersection,VeryGood,Other,Jean Jaures (Avenue),M,48.71296827664622,2.712057542216371
201800036989,NonLethal,2018-06-01,17:25:00,Daylight,910,421,Yes,NoIntersection,Normal,2Vehicles-Side,REPUBLIQUE (AVENUE DE LA,M,48.70167417546399,2.7008070922554226
201800036990,NonLethal,2018-07-06,08:10:00,Daylight,910,691,Yes,T-type,Normal,2Vehicles-BehindVehicles-Frontal,GOURGAUD(AVENUE),M,48.72992198877152,2.732544130121878
201800036991,NonLethal,2018-06-18,11:50:00,Daylight,910,421,Yes,NoIntersection,Normal,3+Vehicles-Chain,NATIONALE 6 (PARTIE FORE,M,48.68417657848768,2.6836691746056465
201800036992,NonLethal,2018-06-21,23:30:00,NightNoStreetLight,910,421,No,NoIntersection,Normal,Other,NATIONALE 6 (GLACIERE),M,48.69933862332109,2.701197444123637
201800036993,NonLethal,2018-06-22,20:10:00,Daylight,910,421,Yes,NoIntersection,Normal,2Vehicles-Side,NATIONALE 6 (CES POMPIDO,M,48.68900266473797,2.6902723753465048
201800036994,NonLethal,2018-06-24,23:10:00,NightNoStreetLight,910,421,No,NoIntersection,Normal,Other,NATIONALE 6 (PARTIE FORE,M,48.68859730154725,2.6887934241265885
201800036995,NonLethal,2018-06-19,15:20:00,Daylight,910,421,Yes,NoIntersection,Normal,Other,LECLERC (CENTRE COMMERCI,M,48.71529221285539,2.7148505203142306
201800036996,NonLethal,2018-06-28,08:30:00,Daylight,910,421,Yes,T-type,Normal,Other,GENERAL LELONG (RUE DU),M,48.70037058755155,2.700307496271365
201800036997,NonLethal,2018-10-07,10:00:00,Daylight,910,691,Yes,NoIntersection,Normal,3+Vehicles-Multiple,GENERAL LECLER(Av),M,48.71427955982077,2.713720395550164
201800036998,NonLethal,2018-07-10,12:15:00,Daylight,910,421,Yes,NoIntersection,Normal,2Vehicles-Behind,NATIONALE 6 (PARTIE FORE,M,48.69192790766031,2.690816573328262
201800037000,Lethal,2018-08-06,13:10:00,Daylight,910,421,Yes,T-type,Normal,Other,CHALANDRAY (RUE DE),M,48.70309903474209,2.702449120523527
201800037001,NonLethal,2018-08-17,19:10:00,Daylight,910,691,Yes,Roundabout,Normal,2Vehicles-Side,GAMBETTA(PLACE),M,48.70082569033973,2.700472987198994
201800037002,NonLethal,2018-08-28,10:15:00,Daylight,910,191,Yes,NoIntersection,Normal,2Vehicles-Side,Jean Jaures (Avenue),M,48.71549919907,2.718991240736609
201800037003,NonLethal,2018-08-31,20:45:00,NightStreelightsOn,910,421,Yes,NoIntersection,Normal,2Vehicles-BehindVehicles-Frontal,SAULES (CHEMIN DES),M,48.6924249376436,2.6956497023933763
201800037004,NonLethal,2018-05-09,19:00:00,Daylight,910,421,Yes,NoIntersection,Normal,2Vehicles-Side,CORBEIL (ROUTE DE),M,48.71077378144866,2.7119306487806982
201800037005,NonLethal,2018-05-09,19:10:00,Daylight,910,421,Yes,NoIntersection,Normal,2Vehicles-BehindVehicles-Frontal,YERRES (RUE D'),M,48.70676737658656,2.705368423767033
201800037007,NonLethal,2018-09-06,20:15:00,TwilightOrDawn,910,421,Yes,NoIntersection,Normal,Other,QUICONCES (RUE DES),M,48.70488730108268,2.703091578271883
201800037009,NonLethal,2018-09-25,10:45:00,Daylight,910,421,Yes,T-type,Normal,2Vehicles-Side,GENERAL LECLERC (RUE DU),M,48.70694415295336,2.7065279291444124
201800037010,NonLethal,2018-09-27,08:20:00,Daylight,910,691,Yes,NoIntersection,Normal,2Vehicles-Behind,GENERAL DE GAULLE (rue,M,48.71537535356782,2.717055078628717
201800037011,NonLethal,2018-10-03,17:05:00,Daylight,910,421,No,NoIntersection,Overcast,3+Vehicles-Chain,RN6 (FORET),M,48.68876173208999,2.687369685468304
201800037012,NonLethal,2018-10-04,08:55:00,Daylight,910,691,No,NoIntersection,Normal,3+Vehicles-Chain,GRANGE(AVENUE),M,48.73251510712078,2.7306963536685886
201800037014,NonLethal,2018-10-10,08:35:00,Daylight,910,421,Yes,NoIntersection,Normal,2Vehicles-Behind,REPUBLIQUE (AVENUE DE LA,M,48.70088150064733,2.7001547071149603
201800037016,NonLethal,2018-11-07,18:15:00,NightStreelightsOn,910,421,Yes,NoIntersection,Normal,2Vehicles-Behind,CHALANDRAY (RUE DE),M,48.702813361527774,2.7019735230451576
201800037017,NonLethal,2018-11-10,12:45:00,Daylight,910,421,Yes,NoIntersection,LightRain,2Vehicles-Behind,JEAN JAURES (AVENUE),M,48.71909580337176,2.7188981468977462
201800037018,NonLethal,2018-12-11,17:45:00,NightStreelightsOn,910,691,Yes,Roundabout,Normal,2Vehicles-Side,ROND POINT DU QUEBEC,M,48.7052339707257,2.7066977283686304
201800037019,NonLethal,2018-11-16,14:30:00,Daylight,910,421,Yes,X-type,Overcast,2Vehicles-Side,LUCIE (AVENUE),M,48.69609645631628,2.6972504232107584
201800037021,NonLethal,2018-04-12,12:10:00,Daylight,910,421,No,NoIntersection,Normal,3+Vehicles-Multiple,RN 6 (REVEIL MATI,M,48.71936395925663,2.718454144665719
201800037023,NonLethal,2018-12-13,11:20:00,Daylight,910,421,No,NoIntersection,Normal,2Vehicles-Behind,RN 6 (CES POMPIDO,M,48.696231036849454,2.6973143477058734
201800037025,NonLethal,2018-12-17,07:55:00,NightNoStreetLight,910,421,No,NoIntersection,Normal,2Vehicles-Behind,RN 6 (REVEIL MATI,M,48.72105715600172,2.718741334320842
201800037026,NonLethal,2018-12-22,10:25:00,Daylight,910,421,No,NoIntersection,Normal,2Vehicles-Behind,RN 6 (PARTIE FORET),M,48.68140245690631,2.6827587853828465
201800037030,NonLethal,2018-02-01,09:05:00,Daylight,910,64,Yes,T-type,Normal,Other,PETIT BIEVRES (RUE DU),M,48.74990303247937,2.7526015525327443
201800037031,NonLethal,2018-02-18,14:00:00,Daylight,910,64,Yes,NoIntersection,Normal,Other,"66, PARIS (RUE DE)",M,48.76077287432657,2.761961592814441
201800037032,NonLethal,2018-02-24,05:37:00,NightStreelightsOn,910,477,Yes,NoIntersection,Normal,NoCollision,"168, GENERAL LECLERC (AV",M,48.70229703711493,2.7026702390872632
201800037034,NonLethal,2018-12-13,10:30:00,Daylight,910,471,No,NoIntersection,Normal,2Vehicles-Behind,FAC D ORSAY,M,48.70407189397025,2.702385527941156
201800037036,NonLethal,2018-03-19,11:20:00,Daylight,910,312,Yes,T-type,Overcast,2Vehicles-Side,LESCOT (RUE PIERRE),M,48.73399367133934,2.733205923933389
201800037037,NonLethal,2018-03-19,12:52:00,Daylight,910,471,Yes,NoIntersection,Normal,NoCollision,LOUIS SCOCARD (RUE),M,48.69423185285842,2.695383150872518
201800037039,NonLethal,2018-06-04,08:39:00,Daylight,910,477,Yes,NoIntersection,VeryGood,Other,GUTENBERG (RUE),M,48.71068203108009,2.7112302964711383
201800037040,NonLethal,2018-04-18,17:51:00,Daylight,910,477,Yes,NoIntersection,Normal,3+Vehicles-Chain,GUTENBERG (RUE),M,48.70914830125764,2.7094396763958595
201800037042,NonLethal,2018-04-16,18:05:00,Daylight,910,645,Yes,NoIntersection,Normal,Other,HENRI BOURRELIER (RUE),M,48.74816232109134,2.7471133594481474
201800037043,NonLethal,2018-05-03,07:55:00,Daylight,910,477,Yes,NoIntersection,Normal,NoCollision,MARNIERES (rue des),M,48.790208451882656,2.79007111130822
201800037044,NonLethal,2018-04-29,17:30:00,Daylight,910,477,Yes,NoIntersection,LightRain,Other,PLACE DE LA VICTOIRE,M,48.712482034086186,2.712944129677913
201800037045,NonLethal,2018-05-14,08:40:00,Daylight,910,312,Yes,NoIntersection,LightRain,2Vehicles-Side,JEAN JAURES (AVENUE),M,48.73678179736229,2.7372892839613288
201800037046,NonLethal,2018-05-20,19:30:00,Daylight,910,645,Yes,X-type,VeryGood,2Vehicles-BehindVehicles-Frontal,POMPIDOU (AVENUE GEORGES,M,48.75208635824427,2.751292316089273
201800037048,NonLethal,2018-06-21,20:45:00,Daylight,910,471,Yes,NoIntersection,Normal,2Vehicles-Side,LOUIS SCOCARD (RUE),M,48.69423266218871,2.6942705383611605
201800037049,NonLethal,2018-06-25,13:20:00,Daylight,910,477,Yes,NoIntersection,Normal,NoCollision,LOZERE (BOULEVARD DE),M,48.70659067268826,2.7077476778890968
201800037050,NonLethal,2018-03-07,18:36:00,Daylight,910,477,Yes,NoIntersection,Normal,2Vehicles-Side,PREMIER MAI (AVENUE DU),M,48.708266415178606,2.7107567334132816
201800037051,NonLethal,2018-08-27,07:30:00,Daylight,910,692,No,NoIntersection,Normal,2Vehicles-Side,RD 446,M,48.670156057884725,2.671350537883789
201800037052,NonLethal,2018-09-20,08:35:00,Daylight,910,692,Yes,NoIntersection,Normal,2Vehicles-Side,LAPONIE (AVENUE DE),M,48.69010515056968,2.6875681963545395
201800037053,NonLethal,2018-09-26,07:00:00,TwilightOrDawn,910,471,Yes,Roundabout,Normal,2Vehicles-Side,MONTHLERY (ROUTE DE),M,48.68458443255343,2.683536210160324
201800037054,NonLethal,2018-08-23,13:47:00,Daylight,910,64,Yes,NoIntersection,Normal,2Vehicles-Side,VAUBOYEN (RUE DE),M,48.75795821043204,2.7554061175612574
201800037055,NonLethal,2018-11-17,12:20:00,Daylight,910,477,Yes,T-type,Normal,Other,CARNOT (RUE),M,48.71312810776847,2.713682651520624
201800037058,NonLethal,2018-12-22,08:40:00,Daylight,910,645,Yes,NoIntersection,Normal,Other,MARECHAL FOCH (BOULEVARD,M,48.74588565704443,2.743402113162232
201800037059,NonLethal,2018-12-23,11:45:00,Daylight,910,64,No,NoIntersection,Normal,2Vehicles-BehindVehicles-Frontal,FAVREUSE (ROUTE DE),M,48.743306318700746,2.7458042119501336
201800037060,NonLethal,2018-01-11,19:10:00,NightStreelightsOn,910,549,No,NoIntersection,Other,2Vehicles-Side,"27, CORBEIL (ROUTE DE)",M,48.64698639888958,2.648222730971606
201800037062,NonLethal,2018-02-05,17:50:00,TwilightOrDawn,910,549,Yes,X-type,Normal,2Vehicles-Side,"50, EPERON (AVENUE DE L'",M,48.64363845078804,2.6427655269511776
201800037064,NonLethal,2018-03-02,07:05:00,NightStreelightsOn,910,549,Yes,X-type,LightRain,2Vehicles-Side,SAINT MICHEL (BOULEVARD),M,48.64856967476317,2.649805463944587
201800037065,NonLethal,2018-03-03,19:30:00,NightNoStreetLight,910,549,Yes,NoIntersection,Normal,2Vehicles-Side,JACQUES DUCLOS (AVENU,M,48.63603879927437,2.635262966675723
201800037066,NonLethal,2018-03-14,10:39:00,Daylight,910,549,Yes,NoIntersection,Normal,Other,"59, GABRIEL PERI (AVENUE",M,48.651623364386445,2.6494943722604387
201800037067,NonLethal,2018-04-21,15:40:00,Daylight,910,216,Yes,NoIntersection,Normal,2Vehicles-Side,GRANDE RUE,M,48.672786182492366,2.67309417567752
201800037068,NonLethal,2018-01-05,13:50:00,Daylight,910,549,Yes,NoIntersection,Normal,3+Vehicles-Multiple,LONGPONT (ROUTE DE),M,48.65908104787659,2.657462001989231
201800037069,NonLethal,2018-05-02,18:40:00,Daylight,910,549,Yes,X-type,Normal,2Vehicles-Side,GRIGNY (RUE DE),M,48.64712133309023,2.6437634793311537
201800037070,NonLethal,2018-05-04,12:18:00,Daylight,910,549,Yes,Roundabout,Normal,2Vehicles-Side,PRESIDENT SALVADOR ALLEN,M,48.63960939311005,2.6395082029686514
201800037072,NonLethal,2018-06-24,16:35:00,Daylight,910,570,Yes,NoIntersection,Normal,2Vehicles-Side,BOIELDIEU (RUE),M,48.63063580468524,2.6320770852765483
201800037073,NonLethal,2018-06-29,21:00:00,Daylight,910,549,Yes,NoIntersection,Normal,2Vehicles-Side,LIERS (RUE DE),M,48.630077166330445,2.629098027713484
201800037074,NonLethal,2018-07-17,18:57:00,Daylight,910,685,Yes,NoIntersection,Normal,2Vehicles-BehindVehicles-Frontal,CROIX (VOIE),M,48.662139671752506,2.6628927279075847
201800037075,NonLethal,2018-01-08,19:50:00,Daylight,910,685,Yes,X-type,Normal,2Vehicles-BehindVehicles-Frontal,CHASSE (ROUTE),M,48.65906781304426,2.6590985953530217
201800037076,NonLethal,2018-10-15,17:00:00,Daylight,910,549,Yes,NoIntersection,Normal,Other,ROGER VAILLANT (RUE),M,48.6415295695092,2.642177133575034
201800037077,NonLethal,2018-10-16,10:35:00,Daylight,910,549,Yes,Roundabout,LightRain,2Vehicles-Side,JARDIN PUBLIC (RUE DU),M,48.6483278271056,2.6495104124879947
201800037078,NonLethal,2018-10-16,21:55:00,NightStreelightsOn,910,549,Yes,T-type,Normal,2Vehicles-Side,AVENUE GABRIEL PERI,M,48.6475152908213,2.649696635600008
201800037079,NonLethal,2018-09-10,17:35:00,Daylight,910,570,Yes,NoIntersection,Normal,2Vehicles-Side,CONDORCET (AVENUE),M,48.6242349090598,2.621209506188764
201800037080,NonLethal,2018-10-17,18:40:00,Daylight,910,216,Yes,NoIntersection,Normal,Other,CORBEIL (RUE),M,48.66883443879617,2.669208358623476
201800037081,NonLethal,2018-10-18,16:55:00,Daylight,910,570,Yes,NoIntersection,Normal,Other,MARE DES BORDES (RUE),M,48.62950904034036,2.629389527481207
201800037082,NonLethal,2018-11-25,15:00:00,Daylight,910,667,Yes,X-type,Overcast,2Vehicles-Side,VILLIERS (AVENUE),M,48.65489795052415,2.655109776753874
201800037083,Lethal,2018-11-29,15:25:00,Daylight,910,667,Yes,NoIntersection,Normal,Other,CORBEIL (ROUTE),M,48.66732542602145,2.665959579246004
201800037084,NonLethal,2018-12-21,09:23:00,Daylight,910,216,Yes,Other,LightRain,Other,CORBEIL (RUE),M,48.66596149610904,2.6652464495205197
201800037086,NonLethal,2018-09-01,16:10:00,Daylight,910,589,Yes,T-type,Normal,Other,"111, BRIAND (BOULEVARD A",M,48.68857428803206,2.684351911494818
201800037087,NonLethal,2018-10-01,19:10:00,NightStreelightsOn,910,589,Yes,X-type,Overcast,Other,MISTRAL (RUE),M,48.68718152398196,2.68682795132748
201800037088,NonLethal,2018-01-15,15:40:00,Daylight,910,432,Yes,X-type,LightRain,2Vehicles-Side,"53, COUR DE FRANCE (AVEN",M,48.69645670311191,2.6955387897940435
201800037089,NonLethal,2018-01-23,16:30:00,Daylight,910,589,Yes,NoIntersection,LightRain,Other,"02, OUZILLEAU (AV HENR",M,48.67263012671198,2.6740235801687744
201800037090,NonLethal,2018-01-25,12:50:00,Daylight,910,432,Yes,X-type,LightRain,2Vehicles-Side,"1, PASCAL (AVENUE BLAISE",M,48.69605989757848,2.6955991588741144
201800037091,NonLethal,2018-01-25,17:00:00,TwilightOrDawn,910,589,Yes,X-type,Overcast,3+Vehicles-Multiple,"3, BRIAND (BOULEVARD ARI",M,48.68100881671408,2.6809654105160505
201800037092,NonLethal,2018-02-14,16:15:00,Daylight,910,589,Yes,NoIntersection,Normal,2Vehicles-BehindVehicles-Frontal,MEZARD (RUE LOUIS JACQUE,M,48.67636908764073,2.6780259951619807
201800037093,NonLethal,2018-03-05,17:10:00,Daylight,910,589,Yes,T-type,Normal,2Vehicles-Side,VIOLETTES (RUE DES),M,48.67795351413357,2.6806107983242304
201800037094,NonLethal,2018-03-23,16:25:00,Daylight,910,589,Yes,X-type,Normal,Other,REPUBLIQUE (AVENUE DE LA,M,48.68703214788494,2.689520737617704
201800037095,NonLethal,2018-03-28,17:10:00,Daylight,910,589,Yes,T-type,Normal,2Vehicles-Side,LEBON (RUE RAOUL),M,48.6839992134445,2.6842610386455656
201800037096,NonLethal,2018-04-26,08:20:00,Daylight,910,589,Yes,T-type,VeryGood,2Vehicles-Side,BRIAND (BOULEVARD ARISTI,M,48.69086609966712,2.691947607797073
201800037097,NonLethal,2018-05-07,11:15:00,Daylight,910,589,Yes,Roundabout,Normal,2Vehicles-Side,OUZILLEAU (AVENUE HENRI),M,48.67352847474322,2.673171597530429
201800037098,NonLethal,2018-08-05,21:30:00,TwilightOrDawn,910,589,Yes,X-type,Normal,2Vehicles-Side,TILLEULS (AVENUE DES),M,48.68925505910504,2.689921869876829
201800037099,NonLethal,2018-05-18,19:48:00,Daylight,910,589,Yes,X-type,Normal,2Vehicles-Side,PERI (AVENUE GABRIEL),M,48.69379876085217,2.69306035264319
201800037100,NonLethal,2018-05-28,20:27:00,TwilightOrDawn,910,589,Yes,NoIntersection,LightRain,Other,BRIAND (BOULEVARD ARISTI,M,48.68696546192172,2.6865689699798536
201800037101,NonLethal,2018-06-01,06:35:00,Daylight,910,432,Yes,NoIntersection,Normal,2Vehicles-Side,DE LESSEPS (AVENUE FERDI,M,48.70033185777956,2.699825136070515
201800037102,NonLethal,2018-06-13,21:50:00,TwilightOrDawn,910,432,Yes,NoIntersection,Normal,Other,PASCAL (AVENUE BLAISE),M,48.69686334168247,2.6967999125773487
201800037103,NonLethal,2018-06-14,12:40:00,Daylight,910,589,Yes,X-type,Normal,2Vehicles-Side,BRIAND (BOULEVARD ARISTI,M,48.68359357855972,2.6831809794128625
201800037104,NonLethal,2018-06-21,19:10:00,Daylight,910,589,Yes,NoIntersection,Normal,Other,VAN GOGH (RUE VINCENT),M,48.67569803234636,2.674517371158956
201800037108,NonLethal,2018-07-02,16:45:00,Daylight,910,589,No,NoIntersection,VeryGood,2Vehicles-Behind,RD 25,M,48.678907131263664,2.6770238590019506
201800037109,NonLethal,2018-07-10,20:16:00,Daylight,910,589,Yes,T-type,Normal,3+Vehicles-Multiple,RD 25,M,48.67534565392799,2.676919977948281
201800037110,NonLethal,2018-07-28,21:40:00,Daylight,910,589,Yes,T-type,Normal,Other,PROFESSEUR VAILLANT (RUE,M,48.69197635444717,2.693635007955786
201800037111,NonLethal,2018-08-02,22:40:00,NightStreelightsOn,910,589,Yes,NoIntersection,Normal,Other,BOILEAU (RUE),M,48.686394477028365,2.6849081305714257
201800037112,NonLethal,2018-08-04,23:50:00,NightStreelightsOn,910,589,Yes,NoIntersection,Normal,Other,BRIAND (BOULEVARD ARISTI,M,48.68717851168469,2.6873143984229264
201800037115,NonLethal,2018-09-01,14:20:00,Daylight,910,432,Yes,NoIntersection,Normal,2Vehicles-Side,PINSONS (AVENUE DES),M,48.69348193225023,2.695216233419704
201800037116,NonLethal,2018-05-09,19:45:00,TwilightOrDawn,910,589,Yes,NoIntersection,Normal,2Vehicles-Side,BRIAND (BOULEVARD ARISTI,M,48.68802167549231,2.6870032099419774
201800037117,NonLethal,2018-09-14,17:20:00,Daylight,910,432,Yes,NoIntersection,Normal,2Vehicles-Side,GENERAL WARABIOT (AVENUE,M,48.70776515273247,2.705232240416947
201800037118,NonLethal,2018-09-23,13:20:00,Daylight,910,589,Yes,NoIntersection,LightRain,2Vehicles-Side,BRIAND (BOULEVARD ARISTI,M,48.68848747781519,2.6876398682025533
201800037119,NonLethal,2018-02-10,20:50:00,NightStreelightsOn,910,589,Yes,T-type,Normal,2Vehicles-Side,BRIAND (BOULEVARD ARISTI,M,48.68612040788477,2.6871278899251245
201800037120,NonLethal,2018-06-10,13:35:00,Daylight,910,589,Yes,NoIntersection,Normal,2Vehicles-BehindVehicles-Frontal,LONGJUMEAU (AVENUE DE),M,48.6947491906045,2.6912406880071957
201800037121,NonLethal,2018-10-10,08:00:00,Daylight,910,589,Yes,NoIntersection,Normal,2Vehicles-Behind,DAVOUT (PLACE),M,48.670167838160936,2.6709218734809603
201800037122,NonLethal,2018-10-13,19:17:00,NightStreelightsOn,910,589,Yes,NoIntersection,Normal,Other,SAINT MICHEL (AVENUE),M,48.688027689856376,2.68849391841042
201800037124,NonLethal,2018-10-30,22:00:00,NightStreelightsOn,910,589,Yes,X-type,Normal,2Vehicles-Side,DUNANT (RUE HENRI),M,48.68221543565976,2.6819867795867185
201800037125,NonLethal,2018-10-31,14:00:00,Daylight,910,589,Yes,Roundabout,LightRain,2Vehicles-Side,ARMEE LECLERC (AVENUE DE,M,48.69257640802227,2.691635834454128
201800037126,NonLethal,2018-11-13,19:45:00,NightStreelightsOn,910,589,Yes,NoIntersection,Normal,3+Vehicles-Chain,DUNANT (RUE HENRI),M,48.67806028669803,2.679053772879059
201800037127,NonLethal,2018-11-13,07:05:00,TwilightOrDawn,910,589,Yes,NoIntersection,Normal,3+Vehicles-Multiple,DE GAULLE (AVENUE CHARLE,M,48.67829245813833,2.6771343947113526
201800037128,NonLethal,2018-11-22,10:00:00,Daylight,910,432,No,NoIntersection,FogOrSmoke,3+Vehicles-Multiple,RD 118,M,48.71294915412472,2.714268825624038
201800037130,NonLethal,2018-11-28,21:15:00,NightStreelightsOn,910,589,Yes,NoIntersection,Overcast,2Vehicles-Side,DE GAULLE  (AVENUE CHARL,M,48.70624901898362,2.705843377819688
201800037131,NonLethal,2018-11-29,08:35:00,Daylight,910,589,Yes,T-type,Normal,2Vehicles-Side,BRIAND (BOULEVARD ARISTI,M,48.68258377357666,2.6817275881735
201800037132,NonLethal,2018-02-12,17:45:00,NightStreelightsOn,910,589,Yes,T-type,LightRain,Other,PERI (AVENUE GABRIEL),M,48.69112055532605,2.688905944616152
201800037133,NonLethal,2018-12-11,18:50:00,NightStreelightsOn,910,589,Yes,NoIntersection,Normal,Other,JOLIOT CURIE (RUE),M,48.67489932216952,2.6752675872845866
201800037134,NonLethal,2018-09-01,20:00:00,NightStreelightsOn,920,2,Yes,T-type,LightRain,Other,"5, FRANCOIS MOLE (AVENUE",M,48.753309345035085,2.756058695376073
201800037135,NonLethal,2018-11-01,12:51:00,Daylight,920,2,Yes,Roundabout,Normal,2Vehicles-Side,GENERAL DE GAULLE (PLACE,M,48.763589589122056,2.763131464984722
201800037136,NonLethal,2018-01-16,13:45:00,Daylight,920,2,Yes,NoIntersection,LightRain,Other,"20, RAYMON ARON (AVENUE)",M,48.77120613767476,2.7701925457455765
201800037137,NonLethal,2018-01-23,18:45:00,NightStreelightsOn,920,2,Yes,X-type,Overcast,Other,"1, DOCTEUR TENINE (AVENU",M,48.76263785530646,2.7630767370894107
201800037138,NonLethal,2018-01-24,19:50:00,NightStreelightsOn,920,14,Yes,T-type,Normal,2Vehicles-Side,"1, GENERAL LECLERC (AV.)",M,48.78564851269861,2.7864009543976387
201800037139,NonLethal,2018-02-03,10:10:00,Daylight,920,2,Yes,NoIntersection,Normal,2Vehicles-BehindVehicles-Frontal,"4, ROBERT SCHERRER (RUE)",M,48.73712864444546,2.7359890204794453
201800037140,NonLethal,2018-02-25,11:00:00,Daylight,920,14,Yes,X-type,Normal,Other,"63, GENERAL LECLERC (AV.",M,48.78379572202523,2.782964575090044
201800037141,NonLethal,2018-03-01,09:00:00,Daylight,920,2,Yes,NoIntersection,Normal,Other,"19/21, DIVISION LECLERC",M,48.75189881878711,2.7534447257279395
201800037142,NonLethal,2018-02-17,12:30:00,Daylight,920,2,Yes,T-type,Overcast,Other,"l2, EGLISE (RUE DE L')",M,48.75346502887216,2.754059180916656
201800037143,NonLethal,2018-01-19,15:30:00,Daylight,920,14,Yes,X-type,Normal,Other,"43, MARECHAL JOFFRE (BD",M,48.78441086996855,2.783737880123044
201800037144,NonLethal,2018-03-14,08:00:00,Daylight,920,14,Yes,NoIntersection,Normal,2Vehicles-Side,"175, GENERAL LECLERC (AV",M,48.7732161894667,2.772287264899501
201800037145,NonLethal,2018-05-04,20:15:00,TwilightOrDawn,920,2,Yes,NoIntersection,Normal,2Vehicles-Behind,"144, ARISTIDE BRIAND (AV",M,48.76086809896911,2.76380447573697
201800037146,NonLethal,2018-11-03,20:00:00,NightStreelightsOn,920,2,Yes,T-type,Normal,Other,PROSPER LEGOUTE (lA 29 -,M,48.74658331426951,2.7456014196055376
201800037147,NonLethal,2018-04-05,08:33:00,Daylight,920,2,Yes,T-type,Normal,2Vehicles-Side,MURES (RUE DES),M,48.74486988856852,2.7425909630187606
201800037148,Lethal,2018-04-16,11:15:00,Daylight,920,2,Yes,NoIntersection,Normal,Other,"32, ARISTIDE BRIAND (AVE",M,48.755905319408,2.756109239793983
201800037149,NonLethal,2018-07-05,09:30:00,Daylight,920,2,Yes,T-type,Normal,2Vehicles-Behind,GENERAL DE GAULLE (AVENU,M,48.7614878588125,2.76351020983647
201800037150,NonLethal,2018-05-22,17:25:00,Daylight,920,14,Yes,NoIntersection,Normal,Other,"3, LAFAYETTE (ALLEE)",M,48.78650275677293,2.789591092321161
201800037151,NonLethal,2018-05-14,07:30:00,Daylight,920,14,Yes,T-type,Normal,2Vehicles-Side,"75, BIEVRE (RUE DE LA)",M,48.78074902782343,2.7797635492377526
201800037152,NonLethal,2018-06-06,13:20:00,Daylight,920,2,Yes,NoIntersection,Normal,2Vehicles-Side,"20, RAYMON ARON (AVENUE)",M,48.768186462416566,2.7684167221232485
201800037153,NonLethal,2018-06-20,00:15:00,NightStreelightsOn,920,2,Yes,Roundabout,Normal,2Vehicles-Side,GENERAL DE GAULLE (PLACE,M,48.76386565251258,2.7619152448737214
201800037154,NonLethal,2018-05-28,09:20:00,Daylight,920,2,Yes,NoIntersection,Normal,2Vehicles-Side,"l3, LEBRUN (AVENUE)",M,48.76299201466418,2.7632802591349934
201800037156,NonLethal,2018-07-19,18:10:00,Daylight,920,2,Yes,NoIntersection,Normal,Other,"71, ARISTIDE BRIAND (AVE",M,,
201800037158,NonLethal,2018-07-12,12:40:00,Daylight,920,2,Yes,T-type,Normal,2Vehicles-Side,"123, DIVISION LECLERC (5",M,49.74203840939044,2.7444182316635715
201800037159,NonLethal,2018-12-07,11:45:00,Daylight,920,2,Yes,Roundabout,Normal,2Vehicles-Side,GENERAL DE GAULLE (AVENU,M,48.76467271061127,2.762557365144613
201800037160,NonLethal,2018-12-07,13:10:00,Daylight,920,14,Yes,Roundabout,Normal,2Vehicles-Behind,PORT GALAND (RUE DU),M,48.79201471576955,2.790176359531596
201800037161,NonLethal,2018-07-31,07:20:00,Daylight,920,2,Yes,T-type,Normal,2Vehicles-Side,DIVISION LECLERC (53 A 2,M,48.7475625076512,2.7507158833170844
201800037162,NonLethal,2018-07-31,15:25:00,Daylight,920,2,Yes,NoIntersection,Normal,2Vehicles-Behind,GENERAL DE GAULLE (AVENU,M,48.76096793420278,2.759781814044024
201800037163,NonLethal,2018-02-08,07:45:00,Daylight,920,2,Yes,NoIntersection,Normal,2Vehicles-Side,RAYMON ARON (AVENUE),M,48.76810925085665,2.770008311601158
201800037164,NonLethal,2018-08-07,16:00:00,Daylight,920,2,Yes,Square,Normal,Other,GENERAL DE GAULLE (AVENU,M,48.76288350126737,2.7628142761576218
201800037165,NonLethal,2018-08-08,10:10:00,Daylight,920,2,Yes,NoIntersection,Normal,2Vehicles-Side,RAYMON ARON (AVENUE),M,48.7695492161365,2.7689592529664084
201800037168,NonLethal,2018-08-26,00:50:00,NightStreelightsOn,920,14,Yes,Square,Normal,2Vehicles-Behind,MARECHAL JOFFRE (BD DU),M,48.776952903225656,2.777331901402204
201800037169,NonLethal,2018-09-05,14:20:00,Daylight,920,2,Yes,T-type,Normal,2Vehicles-Behind,GENERAL DE GAULLE (AVENU,M,48.76167051763368,2.7597020167763566
201800037170,NonLethal,2018-09-07,08:55:00,Daylight,920,14,Yes,X-type,Normal,2Vehicles-Side,GENERAL LECLERC (AV.) (5,M,48.7822974387635,2.781569411149708