AccidentId,Gravity,Date,Hour,Light,Department,Commune,InAgglomeration,IntersectionType,Weather,CollisionType,PostalAddress,GPSCode,Latitude,Longitude
201800037172,NonLethal,2018-09-18,15:30:00,Daylight,920,2,Yes,NoIntersection,Normal,Other,VELPEAU (RUE),M,48.7588841130962,2.760331750265169
201800037173,NonLethal,2018-09-20,09:10:00,Daylight,920,2,Yes,X-type,Normal,2Vehicles-Side,LEON BLUM (AVENUE),M,48.76223235409993,2.762804437192684
201800037174,NonLethal,2018-09-27,08:15:00,Daylight,920,2,Yes,NoIntersection,Normal,NoCollision,DIVISION LECLERC (53 A 2,M,48.74583799605752,2.7468741782447585
201800037176,NonLethal,2018-10-02,20:00:00,NightStreelightsOn,920,2,Yes,NoIntersection,LightRain,2Vehicles-Side,ARMAND GUILLEBAUD (AVENU,M,48.7490252265516,2.7507834759173484
201800037178,NonLethal,2018-10-05,16:50:00,Daylight,920,2,Yes,Other,Normal,Other,MIRABEAU (RUE),M,48.744003756517735,2.743219648069911
201800037179,NonLethal,2018-10-06,03:10:00,NightStreelightsOn,920,14,Yes,NoIntersection,Normal,2Vehicles-Side,BIEVRE (RUE DE LA),M,48.77871476185097,2.780764282505741
201800037180,NonLethal,2018-10-10,18:38:00,Daylight,920,2,Yes,Roundabout,Normal,2Vehicles-Side,ELEFTHEROUPOLIS,M,48.76424820901026,2.7644464459400053
201800037181,NonLethal,2018-10-10,21:57:00,NightStreelightsOn,920,2,No,T-type,Normal,2Vehicles-Side,ADOLPHE PAJEAUD (RUE),M,48.74455702730303,2.743140067141864
201800037182,NonLethal,2018-12-10,10:55:00,Daylight,920,14,Yes,NoIntersection,Normal,2Vehicles-Side,MARECHAL JOFFRE (BD DU),M,48.77740954137301,2.7780000061781376
201800037183,NonLethal,2018-10-15,14:30:00,Daylight,920,2,Yes,NoIntersection,Normal,2Vehicles-Side,RAYMON ARON (AVENUE),M,48.7671570974298,2.7677285134875067
201800037184,NonLethal,2018-10-15,18:10:00,Daylight,920,2,Yes,NoIntersection,Normal,Other,RAYMON ARON (AVENUE),M,48.7709543807746,2.77098286182059
201800037185,NonLethal,2018-10-16,06:30:00,NightStreelightsOn,920,14,Yes,NoIntersection,Normal,2Vehicles-Side,GALOIS (AVENUE),M,48.77653353527497,2.77520994449294
201800037187,NonLethal,2018-10-19,11:15:00,Daylight,920,2,Yes,NoIntersection,Normal,Other,MARCELLIN BERTHELOT (RUE,M,48.73783406120912,2.7391286331477565
201800037188,NonLethal,2018-10-22,14:00:00,Daylight,920,2,Yes,T-type,LightRain,Other,ARISTIDE BRIAND (AVENUE),M,,
201800037189,NonLethal,2018-10-27,00:01:00,NightStreelightsOn,920,7,Yes,NoIntersection,Normal,2Vehicles-Side,BRIAND (AVENUE ARISTIDE),M,48.79843590028662,2.8001302855572225
201800037190,NonLethal,2018-11-05,13:25:00,Daylight,920,19,Yes,NoIntersection,Normal,3+Vehicles-Chain,SULLY PRU'DHOMME (AVENUE,M,48.76799281121638,2.7699081777019816
201800037191,NonLethal,2018-11-13,17:46:00,TwilightOrDawn,920,2,No,T-type,Normal,2Vehicles-Side,LEON JOUHAUX (AVENUE),M,48.734181162445616,2.7370800146843157
201800037193,NonLethal,2018-11-19,16:20:00,Daylight,920,2,Yes,X-type,Normal,Other,RAYMON ARON (AVENUE),M,48.77033839802234,2.7715830907756698
201800037194,NonLethal,2018-11-19,21:55:00,NightStreelightsOn,920,2,Yes,NoIntersection,Overcast,2Vehicles-Side,DIVISION LECLERC (53 A 2,M,48.748782244651046,2.748876518044568
201800037195,NonLethal,2018-11-22,08:10:00,Daylight,920,2,Yes,NoIntersection,FogOrSmoke,Other,MAURICE LABROUSSE (RUE),M,48.75554206327391,2.755277858219848
201800037196,NonLethal,2018-11-23,10:50:00,Daylight,920,2,Yes,NoIntersection,FogOrSmoke,2Vehicles-Side,DIVISION LECLERC (31 A 5,M,,
201800037197,NonLethal,2018-11-23,12:30:00,Daylight,920,2,Yes,NoIntersection,FogOrSmoke,3+Vehicles-Chain,GENERAL DE GAULLE (AVENU,M,48.7624583628004,2.7644025756007995
201800037198,Lethal,2018-11-26,08:00:00,TwilightOrDawn,920,2,Yes,NoIntersection,HeavyRain,Other,SULLY PRUDHOMME (AVENUE),M,48.76180697640034,2.760182752915054
201800037199,NonLethal,2018-10-31,14:30:00,Daylight,920,7,Yes,Other,Normal,2Vehicles-Side,PETIT (AVENUE ALBERT) N°,M,48.7967429565177,2.7957690980771748
201800037201,NonLethal,2018-08-12,00:30:00,NightStreelightsOff,920,2,Yes,NoIntersection,LightRain,Other,FRANCOIS SOMMER (AVENUE),M,48.73506911118002,2.7339602345237557
201800037202,NonLethal,2018-12-19,18:40:00,NightStreelightsOn,920,2,Yes,NoIntersection,Normal,Other,PRESIDENT KENNEDY (50 A,M,48.73342993908762,2.734261821604944
201800037204,NonLethal,2018-01-02,10:15:00,Daylight,920,4,Yes,NoIntersection,Normal,NoCollision,"01, REDOUTE ( AVENUE DE",M,,
201800037205,NonLethal,2018-11-22,10:15:00,Daylight,920,4,Yes,NoIntersection,Normal,2Vehicles-Side,DOCTEUR DERVAUX  ( QUAI,M,48.90676868376445,2.909340256718251
201800037206,NonLethal,2018-11-16,10:30:00,Daylight,920,4,Yes,NoIntersection,Normal,2Vehicles-Side,DOCTEUR DERVAUX  ( QUAI,M,48.90870660814908,2.9081005471259265
201800037209,NonLethal,2018-04-02,16:20:00,Daylight,920,4,Yes,NoIntersection,Normal,2Vehicles-Side,"54, DOCTEUR DERVAUX  ( Q",M,,
201800037212,NonLethal,2018-02-01,01:15:00,NightStreelightsOn,920,4,Yes,NoIntersection,Normal,NoCollision,DOCTEUR DERVAUX  ( QUAI,M,,
201800037213,NonLethal,2018-01-18,10:20:00,Daylight,920,4,Yes,NoIntersection,Normal,NoCollision,NORMANDIE  ( RUE DE ),M,,
201800037214,NonLethal,2018-02-17,17:10:00,Daylight,920,4,Yes,NoIntersection,Normal,2Vehicles-Behind,"17, AULAGNIER ( QUAI )",M,48.91216031186004,2.912919297136164
201800037215,NonLethal,2018-02-12,07:00:00,NightStreelightsOn,920,9,Yes,NoIntersection,Normal,Other,"39, GENERAL LECLERC ( RU",M,48.91634365554607,2.915032241374628
201800037217,NonLethal,2018-04-01,17:35:00,Daylight,920,4,Yes,NoIntersection,Normal,2Vehicles-BehindVehicles-Frontal,"104, GRESILLONS ( AVENUE",M,,
201800037219,NonLethal,2018-02-15,07:00:00,TwilightOrDawn,920,4,Yes,NoIntersection,LightRain,NoCollision,"03, ROBERT LAVERGNE ( RU",M,48.92985004913633,2.927907657369208
201800037220,NonLethal,2018-01-18,21:30:00,NightStreelightsOff,920,4,Yes,NoIntersection,Normal,3+Vehicles-Chain,"73, BAS ( RUE DES )",M,,
201800037221,NonLethal,2018-02-05,12:30:00,Daylight,920,9,Yes,NoIntersection,SnowOrHail,NoCollision,"01, ABBE GLATZ  (RUE DE",M,48.91852143947704,2.922143738232504
201800037225,NonLethal,2018-03-13,16:30:00,Daylight,920,4,Yes,NoIntersection,Normal,3+Vehicles-Chain,"81, DOCTEUR DERVAUX  ( Q",M,48.90613841317216,2.9062402652279884
201800037226,NonLethal,2018-03-13,19:50:00,TwilightOrDawn,920,4,Yes,NoIntersection,Normal,NoCollision,"121, DOCTEUR DERVAUX  (",M,48.91123372808879,2.9091481391603216
201800037227,NonLethal,2018-01-16,20:20:00,NightStreelightsOn,920,4,Yes,NoIntersection,LightRain,Other,"274, MARNE   ( AVENUE DE",M,48.90901374933272,2.906841778085272
201800037228,NonLethal,2018-01-26,22:00:00,NightStreelightsOn,920,4,Yes,NoIntersection,Normal,2Vehicles-Side,GRESILLONS ( AVENUE DES,M,48.917711375967535,2.9176971819070703
201800037229,NonLethal,2018-03-15,07:25:00,Daylight,920,9,Yes,NoIntersection,Normal,NoCollision,ADOLPHE GUYOT ( RUE ),M,48.92069729871129,2.92104067706243
201800037230,NonLethal,2018-02-15,17:00:00,Daylight,920,4,Yes,NoIntersection,LightRain,NoCollision,"09, PIERRE BROSSOLETTE",M,,
201800037231,NonLethal,2018-03-24,21:45:00,NightStreelightsOn,920,4,Yes,NoIntersection,Normal,Other,STATION ( RUE ),M,48.90674226632221,2.9045831125348545
201800037234,NonLethal,2018-03-02,17:55:00,Daylight,920,4,Yes,NoIntersection,Normal,Other,"6, HENIR BARBUSSE ( AVEN",M,,
201800037235,NonLethal,2018-06-02,19:25:00,Daylight,920,4,Yes,NoIntersection,Normal,2Vehicles-Behind,BAS ( RUE DES ),M,,
201800037236,NonLethal,2018-02-13,19:30:00,NightStreelightsOn,920,4,Yes,NoIntersection,Normal,2Vehicles-Side,"56, MARNE   ( AVENUE DE",M,48.90853393352015,2.909726200063084
201800037237,NonLethal,2018-02-25,13:15:00,Daylight,920,4,Yes,NoIntersection,Normal,Other,"20, MAURICE BOKANOWSKI",M,48.907980548208215,2.907925331523641
201800037238,NonLethal,2018-03-30,23:50:00,NightStreelightsOn,920,4,Yes,NoIntersection,Normal,Other,"21, NANTERRE ( DE 01 A 4",M,48.91033615529416,2.9105015645974333
201800037239,Lethal,2018-04-06,01:38:00,NightStreelightsOn,920,4,Yes,Y-type,Normal,Other,DOCTEUR DERVAUX  (QUAI),M,48.90749388158105,2.905709475390279
201800037240,NonLethal,2018-04-06,13:10:00,Daylight,920,4,Yes,X-type,Normal,2Vehicles-Behind,"NS, PIERRE BROSSOLETTE",M,48.91180193185357,2.9115747504036875
201800037241,NonLethal,2018-04-11,08:40:00,Daylight,920,4,Yes,NoIntersection,Normal,Other,"15, MENIL",M,48.91881252411077,2.916308118718747
201800037242,NonLethal,2018-04-11,08:15:00,Daylight,920,4,Yes,NoIntersection,Normal,Other,"NS, PONT DE CLICHY",M,48.91130901118051,2.911735971974755
201800037243,NonLethal,2018-02-22,17:00:00,TwilightOrDawn,920,4,Yes,X-type,Normal,Other,PONT DE CLICHY,M,,
201800037244,NonLethal,2018-02-23,12:50:00,Daylight,920,4,Yes,NoIntersection,Normal,2Vehicles-Side,"130, VOLTAIRE ( BD )",M,48.9184010613587,2.9159401729846226
201800037245,NonLethal,2018-04-18,15:35:00,Daylight,920,4,Yes,NoIntersection,Normal,2Vehicles-Behind,VOLTAIRE ( BD 16 A FIN ),M,48.91521270976545,2.9160725048682576
201800037246,NonLethal,2018-04-18,13:30:00,Daylight,920,4,Yes,NoIntersection,Normal,2Vehicles-Behind,DOCTEUR DERVAUX  ( QUAI,M,48.90701596830888,2.9064520805426155
201800037247,NonLethal,2018-06-03,19:22:00,Daylight,920,4,Yes,T-type,LightRain,NoCollision,PONT DE CLICHY,M,,
201800037249,NonLethal,2018-04-16,10:45:00,Daylight,920,4,Yes,NoIntersection,Normal,3+Vehicles-Chain,"25, AULAGNIER ( QUAI )",M,,
201800037250,NonLethal,2018-04-23,15:55:00,Daylight,920,4,Yes,NoIntersection,Normal,2Vehicles-Behind,"84, VOLTAIRE ( BD )",M,,
201800037251,NonLethal,2018-04-13,19:10:00,Daylight,920,4,Yes,NoIntersection,Normal,2Vehicles-Side,"NS, AULAGNIER ( QUAI )",M,48.91915742097959,2.9182989863495767
201800037252,NonLethal,2018-04-23,13:00:00,Daylight,920,4,Yes,NoIntersection,Normal,Other,"NS, VOLTAIRE ( BD 16 A F",M,48.91232553716156,2.9114375577527345
201800037253,NonLethal,2018-05-28,19:50:00,Daylight,920,4,Yes,NoIntersection,Normal,Other,"130, REDOUTE ( AVENUE DE",M,48.93000806831728,2.9282311709086164
201800037254,NonLethal,2018-05-06,22:50:00,NightStreelightsOn,920,4,Yes,NoIntersection,Normal,2Vehicles-BehindVehicles-Frontal,INTERCOMMUNAL (B),M,48.92919886487165,2.93007341422968
201800037255,NonLethal,2018-08-04,13:00:00,Daylight,920,4,Yes,T-type,Normal,2Vehicles-Side,MARNE   ( AVENUE DE LA ),M,48.90990169282901,2.9073043968661705
201800037256,NonLethal,2018-08-08,20:50:00,TwilightOrDawn,920,4,Yes,X-type,Normal,2Vehicles-Behind,VOLTAIRE ( BD ),M,48.91441593694757,2.914738184860015
201800037257,NonLethal,2018-05-20,13:30:00,Daylight,920,4,Yes,X-type,Normal,2Vehicles-Side,"NS, PONT DE CLICHY",M,48.90980474763855,2.910553100940712
201800037258,NonLethal,2018-05-15,13:40:00,Daylight,920,4,Yes,NoIntersection,Normal,2Vehicles-Side,"50, MARNE   ( AVENUE DE",M,48.90926465949448,2.907684533005621
201800037259,NonLethal,2018-05-04,14:30:00,Daylight,920,9,Yes,NoIntersection,Normal,2Vehicles-Behind,"43, GENERAL LECLERC ( RU",M,48.91556898956006,2.916094507159587
201800037260,NonLethal,2018-05-17,18:50:00,Daylight,920,4,Yes,NoIntersection,Normal,2Vehicles-Behind,DOCTEUR DERVAUX  ( QUAI,M,48.9084368909734,2.9089912134841147
201800037261,NonLethal,2018-05-30,08:15:00,Daylight,920,4,Yes,NoIntersection,Normal,2Vehicles-Side,DOCTEUR DERVAUX  ( QUAI,M,48.90996345129376,2.909253991795097
201800037262,NonLethal,2018-05-15,09:00:00,Daylight,920,9,Yes,NoIntersection,Normal,Other,"NS, ESTIENNE D'ORVES ( R",M,48.91660334681537,2.915811140393646
201800037263,NonLethal,2018-06-13,19:00:00,Daylight,920,4,Yes,NoIntersection,Normal,Other,"60, ARGENTEUIL AV D'",M,48.91277656322654,2.913598595164784
201800037264,NonLethal,2018-05-20,21:20:00,NightNoStreetLight,920,4,Yes,X-type,Normal,Other,"NS, CONTRAT SOCIAL  ( RU",M,48.91352170762055,2.914664760947977
201800037265,NonLethal,2018-09-05,09:20:00,Daylight,920,9,Yes,X-type,Normal,2Vehicles-Side,"NS, CHEVREUL ( AVENUE )",M,48.908228421264056,2.9100193587474408
201800037266,NonLethal,2018-05-18,15:10:00,Daylight,920,4,Yes,NoIntersection,Normal,Other,"47, ARGENTEUIL AV D'",M,48.91191826927517,2.91211653254425
201800037267,NonLethal,2018-06-08,12:15:00,Daylight,920,4,Yes,NoIntersection,Normal,2Vehicles-Behind,"20, ARGENTEUIL AV D'",M,48.91169519058205,2.9113810570129783
201800037269,NonLethal,2018-06-01,19:20:00,Daylight,920,4,Yes,NoIntersection,Normal,NoCollision,"34, GRANDE RUE CHARLES D",M,48.53972495498697,7.542066561555598
201800037270,NonLethal,2018-11-06,21:00:00,TwilightOrDawn,920,9,Yes,NoIntersection,HeavyRain,Other,"13, FAIDHERBE ( RUE )",M,48.9073011337839,2.9072679685932674
201800037271,NonLethal,2018-06-23,23:00:00,NightStreelightsOn,920,4,Yes,NoIntersection,Normal,NoCollision,"173, VOLTAIRE ( BD 16 A",M,48.91761357639338,2.918634843709982
201800037272,NonLethal,2018-06-29,13:15:00,Daylight,920,4,Yes,NoIntersection,Normal,2Vehicles-BehindVehicles-Frontal,"93, BAS ( RUE DES )",M,48.9209219553012,2.920733157177049
201800037273,NonLethal,2018-06-29,18:05:00,Daylight,920,9,Yes,NoIntersection,Normal,Other,"07, EUROPE (AVENUE)",M,48.90804377600471,2.906915449532632
201800037275,NonLethal,2018-06-18,16:20:00,Daylight,920,4,Yes,NoIntersection,Normal,2Vehicles-Behind,"NS, AULAGNIER ( QUAI )",M,48.917159165475816,2.9167357661907207
201800037276,NonLethal,2018-09-06,18:30:00,Daylight,920,4,Yes,NoIntersection,Normal,Other,"38-40, HENRI POINCARE",M,48.93457763500301,2.931364683950523
201800037277,NonLethal,2018-06-16,22:30:00,NightStreelightsOn,920,4,Yes,NoIntersection,Normal,2Vehicles-Side,"103, REDOUTE ( AVENUE DE",M,48.55292627376578,6.555893761183194
201800037280,NonLethal,2018-06-07,08:25:00,Daylight,920,4,Yes,X-type,Normal,Other,ARGENTEUIL AV D',M,48.9211029457073,2.923956570383392
201800037281,NonLethal,2018-07-07,21:40:00,Daylight,920,4,Yes,NoIntersection,Normal,Other,"NS, REDOUTE ( ALLEE DE L",M,48.929174256318746,2.9301299596031862
201800037283,NonLethal,2018-07-23,09:50:00,Daylight,920,4,Yes,NoIntersection,Normal,NoCollision,"121, DOCTEUR DERVAUX  (",M,48.54298891629303,2.5427149247702348
201800037284,NonLethal,2018-07-27,13:45:00,Daylight,920,4,Yes,X-type,Normal,2Vehicles-Side,PONT DE CLICHY,M,48.911980237480655,2.912231799758441
201800037285,NonLethal,2018-08-03,09:00:00,Daylight,920,4,Yes,NoIntersection,Normal,2Vehicles-Behind,AULAGNIER ( QUAI ),M,48.91023995619054,2.914450035204874
201800037286,NonLethal,2018-08-14,23:35:00,NightStreelightsOn,920,4,Yes,NoIntersection,Normal,2Vehicles-BehindVehicles-Frontal,ARGENTEUIL AV D',M,48.91686502963663,2.9160771071445275
201800037288,NonLethal,2018-08-29,13:30:00,Daylight,920,4,Yes,NoIntersection,LightRain,Other,CONCORDE ( RUE DE LA ),M,48.91046581196967,2.9129313624257125
201800037289,NonLethal,2018-08-31,12:10:00,Daylight,920,4,Yes,Other,Normal,2Vehicles-Side,BAS ( RUE DES ),M,48.9216211791364,2.9232073786571435
201800037290,NonLethal,2018-09-01,16:20:00,Daylight,920,9,Yes,NoIntersection,Normal,2Vehicles-Behind,ARGENTEUIL ( AVENUE D' ),M,48.92334148521782,2.925232506632095
201800037291,NonLethal,2018-09-01,19:40:00,Daylight,920,4,Yes,NoIntersection,Normal,Other,DOCTEUR DERVAUX  ( QUAI,M,48.90555833003045,2.90621319032738
201800037292,NonLethal,2018-09-04,12:00:00,Daylight,920,4,Yes,Other,Normal,2Vehicles-Side,DOCTEUR DERVAUX  ( QUAI,M,48.91146332660147,2.9118127687021285
201800037294,NonLethal,2018-12-09,07:00:00,NightStreelightsOff,920,4,Yes,Other,Normal,2Vehicles-BehindVehicles-Frontal,MARNE   ( AVENUE DE LA ),M,48.907680379201445,2.9081428323202
201800037296,NonLethal,2018-09-19,16:50:00,Daylight,920,4,Yes,Other,Normal,2Vehicles-Side,INTERCOMMUNAL (B),M,48.93056634966374,2.9316407870117818
201800037297,NonLethal,2018-09-20,10:30:00,Daylight,920,4,Yes,X-type,Normal,2Vehicles-Side,AULAGNIER ( QUAI ),M,48.91496082419992,2.9127902285432223
201800037299,NonLethal,2018-03-09,21:30:00,NightStreelightsOn,920,9,Yes,Other,Other,Other,BOURGUIGNONS ( RUE 33 A,M,48.909101157384896,2.910278790492692
201800037300,NonLethal,2018-09-21,14:40:00,Daylight,920,4,Yes,NoIntersection,Normal,Other,BRIFFAULT ( VILLA ),M,48.918787120282616,2.9162576348088027
201800037301,NonLethal,2018-09-21,20:35:00,NightStreelightsOn,920,9,Yes,X-type,Normal,2Vehicles-Side,CHARLES-DE-GAULLE ( AVEN,M,49.91662239592596,2.918736682815477
201800037303,NonLethal,2018-09-22,12:20:00,Daylight,920,4,Yes,X-type,Normal,Other,GUILLEMIN  ( AVE ),M,48.9170970421736,2.915480151084198
201800037304,NonLethal,2018-09-25,12:15:00,Daylight,920,4,Yes,NoIntersection,Normal,2Vehicles-Behind,GRESILLONS ( AVENUE DES,M,48.91217241811334,2.91284144268264
201800037305,NonLethal,2018-09-25,17:30:00,Daylight,920,9,Yes,X-type,Normal,2Vehicles-Side,CHARLES CHEFSON ( RUE ),M,48.91753155078588,2.9184740912657845
201800037306,NonLethal,2018-09-26,22:30:00,NightStreelightsOn,920,4,Yes,NoIntersection,Normal,2Vehicles-Behind,GRESILLONS ( AVENUE DES,M,48.91127812789181,2.9123846365255552
201800037307,NonLethal,2018-09-28,15:00:00,Daylight,920,4,Yes,Other,Normal,2Vehicles-Side,LAURENT-CELY  ( AVENUE ),M,48.91108735442729,2.9119330801139856
201800037308,NonLethal,2018-09-29,14:15:00,Daylight,920,4,Yes,NoIntersection,Normal,2Vehicles-Side,LAURENT-CELY  ( AVENUE ),M,48.913678014037,2.9135074948189006
201800037309,NonLethal,2018-09-29,20:45:00,NightStreelightsOn,920,4,Yes,X-type,Normal,2Vehicles-Side,GAMBETTA (RUE),M,48.910551448981856,2.910756896456629
201800037310,NonLethal,2018-10-01,12:40:00,Daylight,920,4,Yes,Other,Normal,2Vehicles-Side,DOCTEUR DERVAUX  ( QUAI,M,48.906785762717085,2.904953229052391
201800037312,NonLethal,2018-08-10,14:45:00,Daylight,920,4,Yes,NoIntersection,Normal,Other,PIERRE BOUDOU,M,48.91582744631684,2.914887672365643
201800037313,NonLethal,2018-10-08,17:35:00,Daylight,920,4,Yes,NoIntersection,Normal,2Vehicles-Side,PIERRE DE COUBERTIN  ( B,M,48.925147802363846,2.9262420366747244
201800037314,NonLethal,2018-10-01,16:30:00,Daylight,920,4,Yes,X-type,Normal,3+Vehicles-Multiple,PONT D'ASNIERES,M,48.9060156554703,2.905304853692813
201800037315,NonLethal,2018-04-10,20:15:00,NightStreelightsOn,920,4,Yes,NoIntersection,LightRain,3+Vehicles-Multiple,DOCTEUR DERVAUX  ( QUAI,M,48.904368998029376,2.904432766828696
201800037316,NonLethal,2018-03-10,18:00:00,Daylight,920,4,Yes,NoIntersection,Normal,Other,GRESILLONS ( AVENUE DES,M,48.91496466831551,2.914137067403291
201800037319,NonLethal,2018-10-16,18:40:00,Daylight,920,4,Yes,NoIntersection,Normal,2Vehicles-Side,MARNE   ( AVENUE DE LA ),M,48.91174028614175,2.9101766058571763
201800037320,NonLethal,2018-10-16,22:10:00,NightStreelightsOn,920,4,Yes,NoIntersection,Normal,2Vehicles-BehindVehicles-Frontal,MARNE   ( AVENUE DE LA ),M,48.90576305433815,2.908287665193404
201800037321,NonLethal,2018-10-17,16:30:00,Daylight,920,4,Yes,T-type,Normal,2Vehicles-BehindVehicles-Frontal,ARGENTEUIL AV D',M,48.91433770341168,2.915448655879103
201800037322,NonLethal,2018-10-19,20:20:00,NightStreelightsOn,920,4,Yes,X-type,Normal,2Vehicles-Side,LORRAINE   ( RUE DE ),M,48.90764249861092,2.906167118348636
201800037323,NonLethal,2018-10-20,11:05:00,Daylight,920,4,Yes,NoIntersection,Normal,2Vehicles-Side,GILBERT ROUSSET ( RUE ),M,48.92188296222259,2.9201675437910803
201800037324,NonLethal,2018-10-23,09:05:00,Daylight,920,4,Yes,NoIntersection,Normal,2Vehicles-Behind,DOCTEUR DERVAUX  ( QUAI,M,48.9188023205092,2.919358748248395
201800037325,NonLethal,2018-10-25,16:00:00,Daylight,920,9,Yes,Other,Normal,NoCollision,CHEVREUL ( AVENUE ),M,48.90258729180232,2.904509023833542
201800037327,NonLethal,2018-10-28,10:45:00,Daylight,920,4,Yes,T-type,Normal,2Vehicles-Side,CHANZY ( RUE DE ),M,48.90632292521508,2.905662834304428
201800037328,NonLethal,2018-10-28,15:45:00,Daylight,920,4,Yes,NoIntersection,Normal,2Vehicles-Behind,AULAGNIER ( QUAI ),M,,
201800037329,NonLethal,2018-07-09,18:15:00,Daylight,920,4,Yes,NoIntersection,Normal,Other,MAURICE BOKANOWSKI,M,48.90673637593783,2.9076250363374534
201800037330,NonLethal,2018-10-30,17:50:00,TwilightOrDawn,920,4,Yes,NoIntersection,Normal,2Vehicles-Behind,LAURENT-CELY  ( AVENUE ),M,48.91473041977939,2.9166513378153835
201800037331,NonLethal,2018-06-11,19:30:00,NightStreelightsOn,920,4,Yes,NoIntersection,Normal,2Vehicles-Side,DOCTEUR DERVAUX  ( QUAI,M,48.9073928650995,2.908565161771965
201800037332,NonLethal,2018-11-12,08:15:00,NightStreelightsOn,920,9,Yes,NoIntersection,LightRain,Other,GENERAL LECLERC ( RUE DU,M,48.91558429672267,2.91496811303081
201800037333,NonLethal,2018-11-14,03:00:00,NightStreelightsOn,920,4,Yes,NoIntersection,Normal,Other,LA LAUZIERE  ( AVENUE ),M,,
201800037334,NonLethal,2018-09-21,16:10:00,Daylight,920,4,Yes,NoIntersection,Normal,2Vehicles-Behind,LOUIS ARMAND,M,48.91597595616612,2.91668239268822
201800037335,NonLethal,2018-11-09,16:00:00,Daylight,920,4,Yes,Other,Normal,2Vehicles-Side,INTERCOMMUNAL (B),M,,
201800037336,NonLethal,2018-11-23,14:25:00,Daylight,920,9,Yes,T-type,Normal,2Vehicles-Side,ADOLPHE GUYOT ( RUE ),M,48.92184166257208,2.9194916277699017
201800037337,NonLethal,2018-07-12,12:35:00,Daylight,920,4,Yes,NoIntersection,Normal,2Vehicles-Behind,VOLTAIRE ( BD ),M,48.91251065304826,2.913371614673642
201800037338,NonLethal,2018-12-11,08:15:00,Daylight,920,4,Yes,NoIntersection,Normal,2Vehicles-Side,ARGENTEUIL AV D',M,48.91535531748512,2.9127193093810617
201800037339,NonLethal,2018-10-31,19:10:00,TwilightOrDawn,920,4,Yes,NoIntersection,LightRain,Other,ARGENTEUIL AV D',M,,
201800037340,NonLethal,2018-12-13,09:10:00,Daylight,920,4,Yes,NoIntersection,Normal,NoCollision,PONT D'ASNIERES,M,48.902724847447736,2.904714780070368
201800037341,NonLethal,2018-10-19,14:35:00,Daylight,920,4,Yes,T-type,Normal,2Vehicles-Side,VOLTAIRE ( BD 16 A FIN ),M,48.91315151199058,2.914248443757916
201800037342,NonLethal,2018-12-14,08:50:00,TwilightOrDawn,920,4,Yes,NoIntersection,Normal,Other,MARNE   ( AVENUE DE LA ),M,48.89892332716166,2.900483872831796
201800037343,NonLethal,2018-12-22,17:37:00,NightStreelightsOn,920,4,Yes,Square,LightRain,Other,VOLTAIRE  ( PLACE ),M,,
201800037344,NonLethal,2018-01-13,20:50:00,TwilightOrDawn,920,7,Yes,NoIntersection,Normal,Other,"121, RAVERA (AVENUE HENR",M,48.8011312438916,2.800469173510994
201800037345,NonLethal,2018-07-01,10:10:00,Daylight,920,7,Yes,NoIntersection,Normal,Other,"34, PASTEUR (AVENUE LOUI",M,48.80143301251409,2.8016907281573284
201800037346,NonLethal,2018-01-07,03:40:00,NightStreelightsOn,920,7,Yes,NoIntersection,Normal,Other,"21, PETIT (AVENUE ALBERT",M,48.802119718725805,8.801828863645774
201800037347,NonLethal,2018-01-16,12:20:00,Daylight,920,7,Yes,NoIntersection,Normal,Other,"3, BREL (ALLEE JACQUES)",M,48.0007899507867,0.9980249613198424
201800037348,NonLethal,2018-01-21,04:10:00,NightStreelightsOn,920,7,Yes,X-type,LightRain,2Vehicles-Side,"300, BRIAND (AVENUE ARIS",M,48.78829816427452,2.788814923531693
201800037350,NonLethal,2018-09-03,16:50:00,Daylight,920,7,Yes,NoIntersection,Normal,Other,MEUNIERS (RUE DES),M,48.79904699645899,2.7969311676026467
201800037351,NonLethal,2018-01-24,12:00:00,Daylight,920,7,Yes,NoIntersection,Normal,Other,"2, DE GAULLE (AVENUE CHA",M,48.807076070779104,2.8068061462722547
201800037353,NonLethal,2018-03-17,16:20:00,Daylight,920,7,Yes,NoIntersection,SnowOrHail,2Vehicles-Behind,SCHWEITZER (ROND POINT D,M,48.787645928410406,2.789841769178372
201800037354,NonLethal,2018-04-05,19:50:00,Daylight,920,7,Yes,NoIntersection,Normal,Other,"1-23, VAILLANT-COUTURIER",M,,
201800037355,NonLethal,2018-04-13,10:00:00,Daylight,920,7,Yes,Roundabout,Normal,Other,"162, BRIAND (AVENUE ARIS",M,48.79597058408507,2.796645228941137
201800037356,NonLethal,2018-04-13,15:35:00,Daylight,920,7,Yes,NoIntersection,Normal,Other,"28, LISETTE (RUE DE LA)",M,,
201800037357,NonLethal,2018-04-19,02:00:00,NightStreelightsOn,920,7,Yes,NoIntersection,Normal,2Vehicles-Behind,"248, BRIAND (AVENUE ARIS",M,48.79224228162378,2.7917205785696257
201800037360,NonLethal,2018-05-22,22:30:00,NightNoStreetLight,920,7,Yes,NoIntersection,Normal,NoCollision,"22, BRIAND (AVENUE ARIST",M,48.80513594350417,2.8067882402316138
201800037361,NonLethal,2018-06-05,20:12:00,Daylight,920,7,Yes,Other,Normal,Other,FONTAINE GUEFFIER PLACE,M,48.7858294901984,2.7880525331451738
201800037362,NonLethal,2018-06-06,11:25:00,Daylight,920,7,Yes,NoIntersection,Normal,Other,"1, CUVERONS (RUE DES)",M,48.78907625610719,2.7888978900875734
201800037363,NonLethal,2018-06-29,19:20:00,Daylight,920,7,Yes,NoIntersection,Normal,NoCollision,DE GAULLE AVENUE CHARLE,M,48.7991487664028,2.7982063589727537
201800037365,NonLethal,2018-06-07,20:00:00,Daylight,920,7,Yes,NoIntersection,Normal,3+Vehicles-Chain,FORTIN (AVENUE JEAN-BAPT,M,48.79657370606813,2.79810988291064
201800037366,NonLethal,2018-10-07,20:30:00,Daylight,920,7,Yes,T-type,Normal,2Vehicles-Side,BRIAND (AVENUE ARISTIDE),M,48.80001785159341,2.801310592651148
201800037369,NonLethal,2018-08-27,09:00:00,Daylight,920,7,Yes,T-type,LightRain,NoCollision,JAURES (AVENUE JEAN) N°,M,48.79891991295796,2.799949194689684
201800037370,NonLethal,2018-08-26,17:25:00,Daylight,920,7,No,X-type,Normal,NoCollision,BRIAND (AVENUE ARISTIDE),M,48.79646094767328,2.796649025824808