AccidentId,Gravity,Date,Hour,Light,Department,Commune,InAgglomeration,IntersectionType,Weather,CollisionType,PostalAddress,GPSCode,Latitude,Longitude
201800037371,NonLethal,2018-09-18,12:30:00,Daylight,920,7,Yes,NoIntersection,Normal,Other,TBIRIAN (RUE HAIG),M,48.79656056061979,2.796068359660354
201800037372,NonLethal,2018-09-21,14:50:00,Daylight,920,49,Yes,NoIntersection,Normal,2Vehicles-Behind,BRIAND (AVENUE ARISTIDE),M,48.81298667026277,2.8122830944452817
201800037375,NonLethal,2018-10-04,11:16:00,Daylight,920,7,Yes,X-type,Normal,Other,PASTEUR (AVENUE LOUIS) N,M,,
201800037376,NonLethal,2018-06-10,13:10:00,Daylight,920,7,Yes,NoIntersection,Normal,2Vehicles-Side,BRIAND (AVENUE ARISTIDE),M,48.47519969970597,2.4755650393925746
201800037377,NonLethal,2018-12-10,10:10:00,Daylight,920,7,Yes,X-type,Normal,2Vehicles-Side,BARBUSSE (AVENUE HENRI),M,48.79890435140542,2.797758914553037
201800037378,NonLethal,2018-10-22,17:55:00,TwilightOrDawn,920,7,Yes,NoIntersection,Normal,2Vehicles-Behind,BRIAND (AVENUE ARISTIDE),M,,
201800037380,NonLethal,2018-11-09,13:20:00,Daylight,920,7,Yes,NoIntersection,Normal,2Vehicles-Side,PETIT (AVENUE ALBERT) N°,M,48.79794630414116,2.795550048617311
201800037381,NonLethal,2018-11-15,14:05:00,Daylight,920,7,Yes,NoIntersection,Normal,Other,PASTEUR (AVENUE LOUIS) N,M,48.800459020932045,2.799494705020255
201800037382,NonLethal,2018-11-24,14:25:00,Daylight,920,7,Yes,Roundabout,Overcast,2Vehicles-Side,FROIDE (RUE),M,,
201800037383,NonLethal,2018-01-12,19:15:00,NightStreelightsOn,920,7,Yes,NoIntersection,LightRain,2Vehicles-BehindVehicles-Frontal,FOCH (AVENUE DU MARECHAL,M,48.78562842211201,2.787928353031025
201800037385,NonLethal,2018-12-14,14:00:00,Daylight,920,7,Yes,NoIntersection,Normal,2Vehicles-Side,PLUCHET (RUE ALPHONSE),M,48.796847500987646,2.798768581004822
201800037386,NonLethal,2018-08-12,22:45:00,NightStreelightsOff,920,7,Yes,Roundabout,LightRain,Other,RAVERA (AVENUE HENRI) N°,M,48.80561657929957,2.8102884394736978
201800037387,NonLethal,2018-01-03,10:10:00,Daylight,920,12,No,NoIntersection,LightRain,2Vehicles-Behind,PONT DE SEVRES (METRO),M,,
201800037388,NonLethal,2018-05-01,21:30:00,NightStreelightsOn,920,12,Yes,Roundabout,Normal,Other,"200, JEAN JAURES (BOULEV",M,,
201800037389,NonLethal,2018-12-21,20:40:00,NightStreelightsOn,920,12,Yes,X-type,Normal,2Vehicles-Side,CHARLES DE GAULLE (AVENU,M,48.84209256638246,2.841294557520932
201800037390,NonLethal,2018-01-06,13:55:00,Daylight,920,12,Yes,Roundabout,Normal,Other,"103, EDOUARD VAILLANT",M,48.83484053418312,2.8348175197294383
201800037391,NonLethal,2018-12-22,20:40:00,NightStreelightsOn,920,12,Yes,NoIntersection,Normal,Other,PIERRE GRENIER (AVENUE),M,48.82804713957019,2.8265615108419397
201800037393,NonLethal,2018-10-01,14:38:00,Daylight,920,12,Yes,NoIntersection,LightRain,3+Vehicles-Multiple,"14, ANDRE MORIZET (AVENU",M,,
201800037394,NonLethal,2018-11-01,20:50:00,NightStreelightsOn,920,12,Yes,T-type,Normal,2Vehicles-Side,QUATRE SEPTEMBRE (QUAI D,M,,
201800037395,NonLethal,2018-01-15,20:00:00,NightStreelightsOn,920,12,Yes,MoreThan4Branches,LightRain,Other,JEAN JAURES (BOULEVARD),M,48.49475294302173,2.495678891895674
201800037396,NonLethal,2018-01-18,08:05:00,TwilightOrDawn,920,12,Yes,X-type,Overcast,Other,"l44, REINE (ROUTE DE LA)",M,48.83983601694642,2.841085883669486
201800037397,NonLethal,2018-01-19,12:00:00,Daylight,920,12,Yes,X-type,LightRain,2Vehicles-Side,"46, REINE (ROUTE DE LA)",M,,
201800037398,NonLethal,2018-01-19,15:50:00,Daylight,920,12,Yes,NoIntersection,VeryGood,2Vehicles-Behind,QUATRE SEPTEMBRE (QUAI D,M,,
201800037399,NonLethal,2018-01-19,22:00:00,NightStreelightsOn,920,12,Yes,X-type,Overcast,2Vehicles-Side,"126, REINE (ROUTE DE LA)",M,48.83956991932415,2.841361085954133
201800037400,NonLethal,2018-01-22,20:30:00,NightStreelightsOn,920,12,Yes,X-type,Normal,2Vehicles-Side,"81, JEAN BAPTISTE CLEMEN",M,,
201800037401,NonLethal,2018-01-25,20:00:00,NightStreelightsOn,920,12,Yes,T-type,LightRain,2Vehicles-BehindVehicles-Frontal,MEUDON (RUE DE) - COTE P,M,,
201800037403,NonLethal,2018-01-30,08:45:00,Daylight,920,12,Yes,X-type,Normal,2Vehicles-Side,"37, AGUESSEAU (RUE D') 1",M,,
201800037404,NonLethal,2018-02-02,15:24:00,Daylight,920,12,Yes,T-type,Normal,2Vehicles-Side,"82, ANDRE MORIZET (AVENU",M,48.8378965546142,2.8376676780844163
201800037405,NonLethal,2018-02-02,18:55:00,NightStreelightsOn,920,12,Yes,NoIntersection,Normal,Other,"34, PIERRE GRENIER (AVEN",M,48.83200201893271,2.831847839712035
201800037406,NonLethal,2018-05-02,23:15:00,NightStreelightsOn,920,12,Yes,Roundabout,LightRain,2Vehicles-BehindVehicles-Frontal,"105, EDOUARD VAILLANT (A",M,48.83297297857978,2.8349398736034668
201800037408,NonLethal,2018-02-17,15:20:00,Daylight,920,12,Yes,NoIntersection,Normal,2Vehicles-Side,"219 bis, JEAN JAURES (BO",M,48.83286073878641,2.832437337597655
201800037409,NonLethal,2018-02-19,22:50:00,NightStreelightsOn,920,12,Yes,NoIntersection,HeavyRain,Other,"6, MARECHAL DE LATTRE DE",M,48.840848230694384,2.839769900590359
201800037410,NonLethal,2018-02-21,09:05:00,Daylight,920,12,Yes,X-type,Normal,2Vehicles-Side,"21, ABONDANCES (RUE DES)",M,48.84406883836476,2.844549678959313
201800037411,NonLethal,2018-02-23,22:45:00,NightStreelightsOn,920,12,Yes,T-type,Normal,2Vehicles-Side,"90, SILLY (RUE DE) 1/87",M,48.83539340215458,2.83712645868682
201800037412,NonLethal,2018-02-26,14:00:00,Daylight,920,12,Yes,T-type,Normal,2Vehicles-Side,"21, GENERAL LECLERC (AVE",M,48.83123592772692,2.8331584375444248
201800037413,NonLethal,2018-02-27,10:15:00,Daylight,920,12,Yes,T-type,Normal,2Vehicles-Side,VERDUN (RUE DE),M,48.84116554768888,2.844351494681024
201800037414,NonLethal,2018-03-01,17:50:00,Daylight,920,12,Yes,X-type,Normal,2Vehicles-Side,"5O, REPUBLIQUE (BOULEVAR",M,48.83199673844142,2.8322856310740363
201800037416,NonLethal,2018-04-04,14:10:00,Daylight,920,12,Yes,X-type,Normal,Other,GENERAL LECLERC (AVENUE,M,48.83039015872672,2.8300346684681243
201800037417,NonLethal,2018-03-15,12:00:00,Daylight,920,12,Yes,NoIntersection,Normal,Other,YVES KERMEN (RUE) 3/49 -,M,,
201800037418,NonLethal,2018-03-21,09:30:00,Daylight,920,12,Yes,NoIntersection,Normal,2Vehicles-Side,"123, VICTOR HUGO (AVENUE",M,48.83403366251749,2.831334813818431
201800037419,NonLethal,2018-03-24,15:10:00,Daylight,920,12,Yes,NoIntersection,Normal,2Vehicles-Side,"31, REINE (ROUTE DE LA)",M,48.839044844368495,2.83896911559526
201800037420,NonLethal,2018-03-26,19:40:00,TwilightOrDawn,920,12,Yes,T-type,Normal,2Vehicles-Side,ANDRE MORIZET (AVENUE) 1,M,48.83643312327339,2.83689539730183
201800037421,NonLethal,2018-04-03,16:00:00,Daylight,920,12,Yes,X-type,LightRain,Other,"36, REINE (ROUTE DE LA)",M,48.837802941717605,2.838508186421596
201800037422,NonLethal,2018-04-05,13:05:00,Daylight,920,12,Yes,NoIntersection,Normal,2Vehicles-Behind,"21, QUATRE SEPTEMBRE (QU",M,48.84723771819608,2.845574786220664
201800037423,NonLethal,2018-04-04,16:20:00,Daylight,920,12,Yes,NoIntersection,LightRain,Other,"16, DENFERT ROCHEREAU (R",M,48.84770978826491,2.84534703291992
201800037424,NonLethal,2018-05-04,19:25:00,Daylight,920,12,Yes,NoIntersection,Normal,Other,"31bis, REINE (ROUTE DE L",M,48.84075642514418,2.8399526301624034
201800037425,NonLethal,2018-06-04,14:40:00,Daylight,920,12,Yes,NoIntersection,Normal,Other,"159, PARIS (RUE DE) 97BI",M,48.84033911199684,2.8409811826888363
201800037426,NonLethal,2018-08-04,10:20:00,Daylight,920,12,Yes,NoIntersection,Normal,3+Vehicles-Multiple,PONT DE SAINT CLOUD (MET,M,48.84263660196117,2.8420934518165666
201800037427,NonLethal,2018-04-13,09:25:00,Daylight,920,12,Yes,NoIntersection,Normal,2Vehicles-Behind,"52, ANDRE MORIZET (AVENU",M,48.83566156542853,2.836460026402482
201800037430,NonLethal,2018-04-17,09:40:00,Daylight,920,12,Yes,X-type,Normal,Other,"20-22, ANDRE MORIZET (AV",M,48.83491326948607,2.8335753955125047
201800037431,NonLethal,2018-04-19,08:10:00,Daylight,920,12,Yes,NoIntersection,Normal,Other,"10, PIERRE LEFAUCHEUX (A",M,48.82383376141277,2.825314685812512
201800037432,NonLethal,2018-04-26,18:30:00,Daylight,920,12,Yes,T-type,Normal,2Vehicles-Side,ANDRE MORIZET (AVENUE) -,M,48.84019973830578,2.837853977032328
201800037433,NonLethal,2018-02-05,05:20:00,TwilightOrDawn,920,12,Yes,X-type,Normal,2Vehicles-Side,PIERRE GRENIER (AVENUE),M,48.83283709218904,2.83183421499245
201800037434,NonLethal,2018-02-05,16:30:00,Daylight,920,12,Yes,NoIntersection,Normal,Other,"39, GEORGES GORSE (QUAI)",M,48.82375047520692,2.8248624307336456
201800037435,NonLethal,2018-06-24,10:50:00,Daylight,920,12,Yes,NoIntersection,Normal,3+Vehicles-Chain,"160, REINE (ROUTE DE LA)",M,48.840840072370334,2.8396580393712605
201800037436,NonLethal,2018-10-05,08:40:00,Daylight,920,12,Yes,X-type,Normal,2Vehicles-Side,AVENUE DU GENERAL LECLER,M,48.381976234403176,2.384628909939516
201800037437,NonLethal,2018-12-05,14:40:00,Daylight,920,12,Yes,X-type,Overcast,2Vehicles-Side,"701, AVENUE DU GENERAL L",M,48.83186657226943,2.831363670104372
201800037438,NonLethal,2018-05-13,20:35:00,Daylight,920,12,Yes,X-type,Normal,2Vehicles-Side,EDOUARD VAILLANT (AVENUE,M,48.83525752646079,2.835331148965329
201800037439,NonLethal,2018-05-15,19:45:00,Daylight,920,12,Yes,NoIntersection,Normal,3+Vehicles-Chain,"74, EDOUARD VAILLANT (AV",M,48.83413592512937,2.834610958620673
201800037440,NonLethal,2018-05-17,20:10:00,Daylight,920,12,Yes,MoreThan4Branches,Normal,Other,DANJOU (RUE) 17/FIN - 2O,M,48.83403896074799,2.8315244339230894
201800037442,NonLethal,2018-05-23,16:39:00,Daylight,920,12,Yes,NoIntersection,Normal,2Vehicles-Side,AVENUE DU GENERAL LECLER,M,48.829226734551625,2.8294435075769258
201800037443,NonLethal,2018-05-29,08:10:00,Daylight,920,12,Yes,X-type,Normal,2Vehicles-Side,AVENUE DU GENERAL LECLER,M,48.831561416208025,2.8298880646225237
201800037444,NonLethal,2018-05-29,17:10:00,Daylight,920,12,Yes,T-type,Normal,2Vehicles-Side,ANDRE MORIZET (AVENUE) -,M,48.83736869630427,2.835043723509163
201800037445,NonLethal,2018-05-29,17:47:00,Daylight,920,12,Yes,T-type,Normal,2Vehicles-BehindVehicles-Frontal,SEVRES (RUE DE) 55BIS/FI,M,48.83032548649809,2.830825120607756
201800037448,NonLethal,2018-05-26,20:20:00,Daylight,920,12,Yes,X-type,Normal,Other,ANATOLE FRANCE (BOULEVAR,M,48.8496209241471,2.8510291678370456
201800037449,NonLethal,2018-06-01,18:25:00,Daylight,920,12,Yes,Roundabout,Normal,2Vehicles-Side,"69, ANCIENS COMBATTANT (",M,48.83572409632167,2.835130231761186
201800037450,NonLethal,2018-01-06,17:45:00,Daylight,920,12,Yes,NoIntersection,Normal,2Vehicles-Behind,"12, QUATRE SEPTEMBRE (QU",M,48.84416499030452,2.841754071491221
201800037451,NonLethal,2018-06-02,11:05:00,Daylight,920,12,Yes,NoIntersection,Normal,Other,"247bis, JEAN JAURES (BOU",M,48.82677607844596,2.828501343658381
201800037452,NonLethal,2018-06-06,13:20:00,Daylight,920,12,Yes,NoIntersection,Overcast,2Vehicles-Side,"17, REINE (ROUTE DE LA)",M,48.00109010335008,2.0005155926008875
201800037453,NonLethal,2018-07-06,20:00:00,Daylight,920,12,Yes,NoIntersection,Normal,Other,"50, JEAN JAURES (BOULEVA",M,48.84547008137978,2.8443972801122825
201800037454,NonLethal,2018-12-06,23:40:00,NightStreelightsOn,920,12,Yes,NoIntersection,Normal,Other,"9, JEAN BAPTISTE CLEMENT",M,48.84616969440452,2.8477099710460685
201800037455,NonLethal,2018-06-14,19:45:00,Daylight,920,12,Yes,NoIntersection,Normal,2Vehicles-BehindVehicles-Frontal,"217, JEAN JAURES (BOULEV",M,48.83231072360324,2.830727582196635
201800037456,NonLethal,2018-06-29,19:10:00,Daylight,920,12,Yes,X-type,Normal,2Vehicles-Side,ANDRE MORIZET (AVENUE) -,M,48.83544140018829,2.8340517140081065
201800037457,NonLethal,2018-06-21,14:50:00,Daylight,920,12,Yes,Other,Normal,Other,"67, GENERAL LECLERC (AVE",M,48.830248179545016,2.832215930547194
201800037458,NonLethal,2018-06-25,09:15:00,Daylight,920,12,Yes,NoIntersection,Normal,2Vehicles-Side,ANATOLE FRANCE (BOULEVAR,M,48.85103168282205,2.8512311162516792
201800037459,NonLethal,2018-06-27,17:00:00,Daylight,920,12,Yes,NoIntersection,Normal,2Vehicles-Side,"20, SAUSSIERE (RUE DE LA",M,48.83977491913468,2.8387122046004114
201800037461,NonLethal,2018-07-06,13:25:00,Daylight,920,12,Yes,NoIntersection,Normal,2Vehicles-Side,"14, ANATOLE FRANCE (BOUL",M,48.85119535904413,2.8519813924088764
201800037464,NonLethal,2018-10-07,23:25:00,NightStreelightsOn,920,12,Yes,X-type,Normal,2Vehicles-Side,"25, JEAN JAURES (BOULEVA",M,48.841141258652144,2.841935181803056
201800037466,NonLethal,2018-07-16,20:30:00,TwilightOrDawn,920,12,Yes,NoIntersection,Normal,2Vehicles-BehindVehicles-Frontal,REPUBLIQUE (BOULEVARD DE,M,48.83071432516636,2.8320089284004477
201800037467,NonLethal,2018-07-17,21:45:00,NightStreelightsOn,920,12,Yes,X-type,Normal,2Vehicles-Side,JEAN JAURES (BOULEVARD),M,48.83532295088576,2.836885427163229
201800037469,NonLethal,2018-07-20,01:05:00,NightStreelightsOn,920,12,Yes,NoIntersection,Normal,Other,"4, STADE DE COUBERTIN (A",M,48.83391531035182,2.8340300269533434
201800037472,NonLethal,2018-07-26,09:19:00,Daylight,920,12,Yes,X-type,VeryGood,Other,TILLEULS (RUE DES) 1/67,M,48.84668430420836,2.845406190962739
201800037473,NonLethal,2018-07-27,18:15:00,Daylight,920,12,Yes,NoIntersection,Normal,2Vehicles-Behind,JEAN BAPTISTE CLEMENT (A,M,48.83210012565132,2.834016183617249
201800037476,NonLethal,2018-08-12,22:07:00,NightStreelightsOn,920,12,Yes,X-type,Normal,2Vehicles-Side,REINE (ROUTE DE LA) 1/37,M,48.838099476109456,2.8388732420675264
201800037477,NonLethal,2018-08-17,11:30:00,Daylight,920,12,Yes,NoIntersection,Normal,Other,JEAN JAURES (BOULEVARD),M,48.82941230919592,2.83185966278161
201800037478,NonLethal,2018-08-20,08:30:00,Daylight,920,12,Yes,Other,LightRain,2Vehicles-BehindVehicles-Frontal,JEAN BAPTISTE CLEMENT (A,M,,
201800037480,NonLethal,2018-08-31,10:15:00,Daylight,920,12,Yes,X-type,Normal,2Vehicles-Side,GALLIENI (RUE) 55/157 -,M,48.83601491601382,2.8348761068478483
201800037481,NonLethal,2018-09-05,07:45:00,Daylight,920,12,Yes,NoIntersection,Normal,Other,REINE (ROUTE DE LA) 82/F,M,48.841839709177,2.839577903013598
201800037482,NonLethal,2018-09-06,09:35:00,TwilightOrDawn,920,12,Yes,NoIntersection,Normal,Other,ANDRE MORIZET (AVENUE) -,M,48.834821292232085,2.836046302312229
201800037484,NonLethal,2018-08-09,17:05:00,Daylight,920,12,Yes,T-type,Normal,2Vehicles-Side,PIERRE GRENIER (AVENUE),M,48.82665973110191,2.826614615222529
201800037486,NonLethal,2018-11-09,14:35:00,Daylight,920,12,Yes,NoIntersection,Normal,2Vehicles-Side,CHARLES DE GAULLE (AVENU,M,44.84939443759735,2.8481116706445366
201800037487,NonLethal,2018-09-13,09:50:00,Daylight,920,12,Yes,NoIntersection,LightRain,2Vehicles-Behind,REPUBLIQUE (BOULEVARD DE,M,,
201800037488,NonLethal,2018-09-13,20:40:00,NightStreelightsOn,920,12,Yes,NoIntersection,Normal,2Vehicles-BehindVehicles-Frontal,SILLY (RUE DE) 89/FIN -,M,48.8283010647875,2.830716728931562
201800037489,NonLethal,2018-09-17,18:00:00,Daylight,920,12,Yes,Y-type,VeryGood,Other,VIEUX PONT DE SEVRES (RU,M,,
201800037490,NonLethal,2018-09-24,11:44:00,Daylight,920,12,Yes,NoIntersection,Normal,Other,JEAN JAURES (BOULEVARD),M,48.83224265870191,2.832968487969095
201800037491,NonLethal,2018-09-25,15:15:00,Daylight,920,12,Yes,T-type,Normal,Other,LE CORBUSIER (RUE),M,48.83611259653366,2.8372240318268966
201800037492,NonLethal,2018-09-25,16:25:00,Daylight,920,12,Yes,Other,Normal,2Vehicles-Side,EDOUARD VAILLANT (AVENUE,M,,
201800037493,NonLethal,2018-09-27,19:35:00,NightStreelightsOn,920,12,Yes,X-type,Normal,2Vehicles-Side,COURS DE L'ILE SEGUIN,M,48.82888397728554,2.8277465816624483
201800037494,NonLethal,2018-09-30,13:05:00,Daylight,920,12,Yes,NoIntersection,Normal,2Vehicles-Side,JEAN BAPTISTE CLEMENT (A,M,48.84566651539636,2.844482422316091
201800037495,NonLethal,2018-09-30,19:00:00,Daylight,920,12,Yes,NoIntersection,Normal,2Vehicles-Behind,MARECHAL DE LATTRE DE TA,M,48.84134840081198,2.8410137710830146
201800037497,NonLethal,2018-10-03,13:30:00,Daylight,920,12,Yes,X-type,Overcast,2Vehicles-Side,NATIONALE (RUE) 1/37 - 2,M,48.82492198360397,2.822503642758925
201800037498,NonLethal,2018-03-10,18:15:00,Daylight,920,12,Yes,Other,Normal,Other,EST (RUE DE L') 1/FIN -,M,48.84196601709922,2.8434862868079547
201800037499,NonLethal,2018-10-04,09:55:00,TwilightOrDawn,920,75,Yes,NoIntersection,Normal,2Vehicles-Side,VICTOR HUGO (AVENUE),M,48.82281147646928,2.8215918666324185
201800037500,NonLethal,2018-10-05,13:25:00,Daylight,920,12,Yes,NoIntersection,Normal,Other,SAINT DENIS (RUE),M,48.84482799788988,2.8438417896676795
201800037501,NonLethal,2018-05-10,20:15:00,NightStreelightsOn,920,12,Yes,NoIntersection,Normal,Other,MEUDON (RUE DE) - COTE P,M,48.82494031086938,2.8254194650405924
201800037502,NonLethal,2018-10-07,16:00:00,Daylight,920,12,Yes,NoIntersection,LightRain,Other,JEAN JAURES (BOULEVARD),M,48.82990233574625,2.830646027381845
201800037503,NonLethal,2018-08-10,09:15:00,Daylight,920,12,Yes,X-type,Normal,Other,REPUBLIQUE (BOULEVARD DE,M,48.83316449607409,2.833613892138387
201800037504,NonLethal,2018-10-13,13:25:00,Daylight,920,12,Yes,X-type,Normal,2Vehicles-Side,BONTEMPS (rue Marcel),M,48.82487006543893,2.8257016111978603
201800037505,NonLethal,2018-10-13,17:40:00,Daylight,920,12,Yes,X-type,Normal,2Vehicles-Side,GENERAL LECLERC (AVENUE,M,48.83080082986356,2.832028988428401
201800037506,NonLethal,2018-10-16,20:00:00,NightStreelightsOn,920,12,Yes,X-type,Normal,Other,JEAN JAURES (BOULEVARD),M,48.83880619749401,2.839622607742738
201800037507,NonLethal,2018-10-19,09:38:00,Daylight,920,12,Yes,NoIntersection,Normal,2Vehicles-Side,GENERAL LECLERC (AVENUE,M,48.83375562515343,2.8309277325907103
201800037508,NonLethal,2018-10-21,14:00:00,Daylight,920,12,Yes,NoIntersection,Normal,2Vehicles-Side,GENERAL LECLERC (AVENUE,M,48.83085378432032,2.831452817619145
201800037509,NonLethal,2018-10-25,17:55:00,Daylight,920,12,Yes,NoIntersection,Normal,2Vehicles-Side,AUTEUIL (BOULEVARD D') -,M,48.8458006970871,2.847504349988312
201800037510,NonLethal,2018-10-30,08:11:00,Daylight,920,12,Yes,X-type,LightRain,Other,TILLEULS (RUE DES) 1/67,M,48.84556305526957,2.845510592399424
201800037512,NonLethal,2018-11-01,15:13:00,Daylight,920,12,Yes,NoIntersection,LightRain,Other,LE CORBUSIER (RUE),M,48.838248170600494,2.8370706604132123
201800037513,NonLethal,2018-11-03,12:30:00,Daylight,920,12,Yes,NoIntersection,Normal,2Vehicles-Behind,GENERAL LECLERC (AVENUE,M,48.83447072186424,2.834183228873823
201800037514,NonLethal,2018-07-11,08:30:00,Daylight,920,12,Yes,NoIntersection,LightRain,2Vehicles-Side,QUATRE SEPTEMBRE (QUAI D,M,48.84122072590856,2.8446726602669195
201800037515,NonLethal,2018-11-12,22:31:00,NightStreelightsOn,920,12,Yes,NoIntersection,Normal,2Vehicles-Behind,REINE (ROUTE DE LA) 39/1,M,48.83928715203935,2.8400038480467438
201800037516,NonLethal,2018-11-13,13:10:00,Daylight,920,12,Yes,T-type,Normal,2Vehicles-Side,VICTOR HUGO (AVENUE) 49/,M,48.838170700082365,2.8378941797470034
201800037517,NonLethal,2018-11-20,08:00:00,TwilightOrDawn,920,12,Yes,NoIntersection,LightRain,2Vehicles-Behind,REINE (ROUTE DE LA) 82/F,M,48.84155729863058,2.8414960460609118
201800037518,NonLethal,2018-11-20,10:10:00,TwilightOrDawn,920,12,Yes,Other,LightRain,Other,VICTOR HUGO (AVENUE) 49/,M,48.835697540406514,2.8353052911007874
201800037520,NonLethal,2018-11-22,16:40:00,Daylight,920,12,Yes,X-type,Normal,2Vehicles-Side,JEAN JAURES (BOULEVARD),M,48.84605134385745,2.844619103360916
201800037521,NonLethal,2018-11-23,07:10:00,NightStreelightsOn,920,12,Yes,X-type,Normal,2Vehicles-Side,EDOUARD VAILLANT (AVENUE,M,48.83577285700405,2.8371102756344797
201800037522,NonLethal,2018-11-25,12:10:00,Daylight,920,12,Yes,NoIntersection,LightRain,Other,JEAN JAURES (BOULEVARD),M,48.84140848814037,2.842456867408848
201800037524,NonLethal,2018-11-27,17:00:00,NightStreelightsOn,920,12,Yes,NoIntersection,LightRain,2Vehicles-Side,REINE (ROUTE DE LA) 1/37,M,48.83856881632182,2.837469309561758
201800037525,NonLethal,2018-11-28,16:00:00,Daylight,920,12,Yes,NoIntersection,Normal,2Vehicles-Behind,REINE (ROUTE DE LA) 39/1,M,48.838087463495455,2.839401127362438
201800037527,NonLethal,2018-04-12,22:30:00,NightStreelightsOn,920,12,Yes,X-type,Normal,2Vehicles-Side,CHARLES DE GAULLE (AVENU,M,48.84947851457671,2.8490220725856426
201800037528,NonLethal,2018-12-05,13:15:00,Daylight,920,12,Yes,NoIntersection,Normal,Other,NATIONALE (RUE) 1/37 - 2,M,48.825334899615314,2.825166476628866
201800037529,NonLethal,2018-06-12,18:29:00,NightStreelightsOn,920,12,Yes,X-type,Normal,2Vehicles-Side,REINE (ROUTE DE LA) 1/37,M,48.83836486613186,2.838206500534544
201800037530,NonLethal,2018-12-12,12:05:00,Daylight,920,12,Yes,NoIntersection,Normal,Other,BILLANCOURT (RUE DE) l06,M,48.83469648530875,2.832763401391229
201800037531,NonLethal,2018-12-12,12:50:00,Daylight,920,12,Yes,NoIntersection,Normal,Other,ANDRE MORIZET (AVENUE) 1,M,48.83411601686112,2.834625265531612
201800037532,NonLethal,2018-12-12,13:15:00,Daylight,920,12,Yes,NoIntersection,Normal,Other,SEVRES (RUE DE) 1/55 - 2,M,48.8352640066177,2.836379623032568
201800037533,NonLethal,2018-12-12,19:10:00,NightStreelightsOn,920,12,Yes,NoIntersection,Normal,Other,SILLY (RUE DE) 1/87 - 2/,M,48.83604019846404,2.8382201220867
201800037534,NonLethal,2018-12-15,21:23:00,NightStreelightsOn,920,12,Yes,NoIntersection,LightRain,Other,JEAN JAURES (BOULEVARD),M,48.84195805197537,2.8430168479409974
201800037535,NonLethal,2018-12-18,12:30:00,Daylight,920,12,Yes,NoIntersection,Normal,Other,REINE (ROUTE DE LA) 1/37,M,48.838543755306894,2.8377751241986573
201800037537,NonLethal,2018-12-26,11:30:00,Daylight,920,40,Yes,NoIntersection,Normal,Other,VERDUN (AVENUE DE) DU 11,M,48.81932889187739,2.818457133782372
201800037539,NonLethal,2018-01-16,18:15:00,NightStreelightsOn,920,19,Yes,T-type,LightRain,2Vehicles-Side,LONGUET CHARLES (RUE),M,48.76321588090134,2.764561723278315
201800037540,NonLethal,2018-01-19,19:30:00,NightStreelightsOn,920,71,Yes,NoIntersection,LightRain,Other,"15, COLBERT (BOULEVARD)",M,48.77952682650923,2.7781464294368807
201800037541,NonLethal,2018-04-03,16:15:00,Daylight,920,32,Yes,X-type,Overcast,2Vehicles-Side,LANGEVIN PAUL (AVENUE),M,48.78463028253239,2.785524929793293
201800037543,NonLethal,2018-04-17,08:20:00,Daylight,920,32,Yes,NoIntersection,Normal,Other,"32, JAURES JEAN (RUE)",M,48.79005120226439,2.792550228413808
201800037544,NonLethal,2018-09-05,07:35:00,Daylight,920,19,Yes,NoIntersection,Normal,Other,"8, MAIL DES HOUSSIERES (",M,48.76823909599369,2.768323112616024
201800037545,NonLethal,2018-05-24,08:15:00,Daylight,920,19,Yes,T-type,Normal,2Vehicles-Side,RENOIR AUGUSTE (ALLEE),M,48.764338867706414,2.764876564491742
201800037546,NonLethal,2018-05-25,19:15:00,Daylight,920,32,Yes,NoIntersection,Normal,2Vehicles-Side,"2 bis, LOMBARD (AVENUE)",M,48.78358272590277,2.78249905807921
201800037547,NonLethal,2018-05-31,17:05:00,Daylight,920,71,Yes,Square,Normal,Other,GENERAL DE GAULLE (PLACE,M,48.78033796190973,2.7794146608786505
201800037549,NonLethal,2018-05-24,09:05:00,Daylight,920,32,Yes,NoIntersection,Normal,Other,"6, DE GAULLE GENERAL (PL",M,48.79156738086379,2.790877220463066
201800037550,NonLethal,2018-06-07,17:50:00,Daylight,920,71,Yes,NoIntersection,Normal,Other,"99, BOUR5G LA REINE (AVE",M,48.786199423972974,2.7853472547456657
201800037553,NonLethal,2018-06-23,10:45:00,Daylight,920,71,Yes,NoIntersection,VeryGood,2Vehicles-Side,"14, RUE Emile MOREL",M,48.777851434126106,2.7776454014494214
201800037554,NonLethal,2018-06-20,07:20:00,Daylight,920,19,Yes,NoIntersection,Normal,2Vehicles-Side,"355, DIVISION LECLERC (A",M,48.76812868022389,2.77016687766194
201800037555,NonLethal,2018-08-25,21:30:00,TwilightOrDawn,920,19,Yes,T-type,Normal,2Vehicles-Side,DIVISION LECLERC (AVENUE,M,48.7664040495861,2.7665310197822617
201800037558,NonLethal,2018-12-21,09:20:00,Daylight,920,32,Yes,NoIntersection,HeavyRain,2Vehicles-Side,LANGEVIN PAUL (AVENUE),M,48.78191721732682,2.781787328572107
201800037559,NonLethal,2018-01-18,19:15:00,NightStreelightsOn,920,23,Yes,X-type,LightRain,2Vehicles-Side,"104, HENRI BARBUSSE (AVE",M,48.41400344667483,2.411530268611866
201800037560,NonLethal,2018-01-19,20:15:00,NightStreelightsOn,920,23,Yes,NoIntersection,Normal,2Vehicles-Behind,"477, GENERAL DE GAULLE (",M,48.7804859655865,2.776834757922913
201800037561,NonLethal,2018-01-22,03:25:00,NightStreelightsOn,920,23,Yes,NoIntersection,LightRain,Other,"204, HENRI BARBUSSE (AVE",M,48.81797483586776,2.816529381025181
201800037562,NonLethal,2018-01-26,18:40:00,NightStreelightsOn,920,60,Yes,NoIntersection,Normal,Other,"1, ESCARGOT D'OR PASSAG",M,48.7819228664694,2.781950494053695
201800037563,NonLethal,2018-01-24,15:15:00,Daylight,920,23,Yes,Roundabout,Normal,2Vehicles-Behind,"207, PORTE DE TRIVAUX (R",M,48.78424020410936,2.7849465657393027
201800037565,NonLethal,2018-12-01,20:20:00,TwilightOrDawn,920,23,Yes,LevelCrossing,Normal,NoCollision,"27, PAUL VAILLANT COUTUR",M,48.80236586181174,2.801619636718953
201800037567,NonLethal,2018-01-25,03:25:00,NightStreelightsOn,920,23,Yes,NoIntersection,LightRain,Other,"1, VILLACOUBLAY (AVENUE",M,48.78520022354065,2.7838644640506782