AccidentId,Gravity,Date,Hour,Light,Department,Commune,InAgglomeration,IntersectionType,Weather,CollisionType,PostalAddress,GPSCode,Latitude,Longitude
201800037568,NonLethal,2018-01-02,08:45:00,Daylight,920,23,Yes,X-type,HeavyRain,2Vehicles-Side,"00, MOULIN DE PIERRE (RU",M,48.80654684672648,2.807894382515653
201800037571,NonLethal,2018-02-21,09:50:00,Daylight,920,23,Yes,X-type,Normal,Other,"0, PORTE DE TRIVAUX (RUE",M,48.78704717863168,2.7844370171979658
201800037572,NonLethal,2018-02-22,12:10:00,Daylight,920,23,Yes,NoIntersection,Normal,NoCollision,"22, VANVES (RUE DE)",M,48.81187380031359,2.812188830501295
201800037573,NonLethal,2018-02-04,19:00:00,NightStreelightsOn,920,23,Yes,NoIntersection,Normal,3+Vehicles-Multiple,PAVE BLANC (ROUTE DU) N°,M,48.78731554326357,2.784143605279934
201800037574,NonLethal,2018-03-13,20:05:00,NightStreelightsOn,920,23,Yes,NoIntersection,Normal,2Vehicles-Behind,"43, COMMANDANT DUVAL (RU",M,48.7817270250202,2.782309537889459
201800037575,NonLethal,2018-03-19,09:50:00,Daylight,920,23,Yes,NoIntersection,SnowOrHail,Other,"104, HENRI BARBUSSE (AVE",M,48.81456539833721,2.8140985579986952
201800037576,NonLethal,2018-02-16,09:10:00,Daylight,920,60,Yes,NoIntersection,Normal,2Vehicles-Side,"0, EDOUARD HERRIOT (AVEN",M,48.782530837992965,2.781678932533816
201800037579,NonLethal,2018-03-29,12:50:00,Daylight,920,23,Yes,NoIntersection,Normal,Other,"11, PAVE BLANC (ROUTE DU",M,48.78177009814059,2.781809083799187
201800037581,NonLethal,2018-04-07,22:00:00,NightStreelightsOn,920,60,Yes,NoIntersection,Normal,2Vehicles-Side,"2 BIS, CHARLES DE GAULLE",M,48.78198100226744,2.7846464629396275
201800037582,NonLethal,2018-04-06,08:10:00,Daylight,920,23,Yes,NoIntersection,Normal,Other,"492, GENERAL DE GAULLE (",M,48.78186962469828,2.780454334585037
201800037583,NonLethal,2018-03-16,14:00:00,Daylight,920,23,Yes,X-type,Normal,2Vehicles-Side,"26, GAITE (RUE DE LA)",M,48.78100064607622,2.7802144488260265
201800037584,NonLethal,2018-04-11,16:10:00,Daylight,920,23,Yes,NoIntersection,Normal,NoCollision,"25, JEAN BAPTISTE CLEMEN",M,48.8003795571688,2.7983766126702863
201800037585,NonLethal,2018-04-18,19:35:00,Daylight,920,20,Yes,NoIntersection,Normal,2Vehicles-Behind,"150, VERDUN AVENUE DE AU",M,48.794728784422816,2.794025201108395
201800037586,NonLethal,2018-03-17,16:22:00,Daylight,920,60,Yes,NoIntersection,SnowOrHail,Other,"69, ROBINSON (AVENUE DE)",M,48.77968925737051,2.7794761772820977
201800037588,NonLethal,2018-04-18,18:50:00,Daylight,920,23,Yes,T-type,Normal,2Vehicles-BehindVehicles-Frontal,"11b, SCHNEIDER (AVENUE)",M,48.80639796920892,2.804367926460947
201800037589,NonLethal,2018-04-12,21:55:00,NightStreelightsOn,920,23,Yes,X-type,LightRain,2Vehicles-Side,"0, GENERAL DE GAULLE (AV",M,48.790840646474486,2.789059393929319
201800037590,NonLethal,2018-04-13,08:45:00,Daylight,920,23,Yes,NoIntersection,Normal,2Vehicles-Side,"235, GENERAL DE GAULLE (",M,48.78544919977077,2.784863509353137
201800037591,NonLethal,2018-04-05,07:55:00,Daylight,920,23,Yes,NoIntersection,Normal,2Vehicles-Side,"81, JEAN JAURES (AVENUE)",M,48.80331114978418,2.805038784729481
201800037592,NonLethal,2018-11-05,17:00:00,Daylight,920,60,Yes,NoIntersection,Normal,Other,"11, PAUL LANGEVIN (AVENU",M,48.7770129407707,2.7797171310386366
201800037593,NonLethal,2018-05-15,01:25:00,NightStreelightsOn,920,23,Yes,X-type,Normal,2Vehicles-Side,"235, GENERAL DE GAULLE (",M,48.78485332866479,2.786441244598436
201800037595,NonLethal,2018-04-21,18:30:00,Daylight,920,60,Yes,X-type,Normal,2Vehicles-Side,EDOUARD HERRIOT (AVENUE),M,48.78026836760185,2.7812069783910798
201800037596,NonLethal,2018-05-16,21:30:00,Daylight,920,60,Yes,NoIntersection,Normal,2Vehicles-Behind,"1, PAUL LANGEVIN (AVENUE",M,48.78310725359492,2.781532386083508
201800037597,NonLethal,2018-04-23,12:40:00,Daylight,920,23,Yes,Other,Normal,Other,"76, PLAISANCE (RUE DE)",M,48.77854409942948,2.777951362179469
201800037598,NonLethal,2018-04-24,08:25:00,Daylight,920,23,Yes,NoIntersection,Normal,2Vehicles-Side,"514, GENERAL DE GAULLE (",M,48.77697410394339,2.7782217981203448
201800037599,NonLethal,2018-04-25,22:15:00,NightStreelightsOn,920,23,Yes,X-type,Normal,2Vehicles-Side,"O, FRERES VIGOUROUX (BOU",M,48.81353362517176,2.81407932876867
201800037600,NonLethal,2018-06-11,08:30:00,Daylight,920,23,Yes,NoIntersection,Normal,3+Vehicles-Multiple,"41, PAVE BLANC (ROUTE DU",M,48.78226223157476,2.783497749307325
201800037601,NonLethal,2018-04-21,02:25:00,NightStreelightsOn,920,23,Yes,X-type,Normal,2Vehicles-Side,"557, GENERAL DE GAULLE (",M,48.7746455886066,2.7785666623912904
201800037602,NonLethal,2018-06-20,08:30:00,Daylight,920,23,Yes,X-type,Normal,Other,"11, CHARLES DEBRY (RUE)",M,48.779545732473935,2.780075388962498
201800037603,NonLethal,2018-05-05,14:40:00,Daylight,920,23,Yes,X-type,Normal,2Vehicles-Side,"0, GARENNE (ROUTE DE LA)",M,48.77823309766132,2.779587731642088
201800037604,NonLethal,2018-05-09,09:15:00,Daylight,920,23,Yes,NoIntersection,Normal,Other,"61, JEAN JAURES (AVENUE)",M,48.80380190477578,2.8042734734996446
201800037605,NonLethal,2018-06-04,16:15:00,Daylight,920,23,Yes,Other,Normal,Other,"73, PLAISANCE (RUE DE)",M,48.77862797190787,2.7776444945930048
201800037606,NonLethal,2018-06-05,07:45:00,Daylight,920,23,Yes,NoIntersection,LightRain,2Vehicles-Behind,"41, PLAISANCE (RUE DE)",M,48.7789912274386,2.778869798016673
201800037609,NonLethal,2018-06-05,16:35:00,Daylight,920,60,Yes,NoIntersection,Normal,Other,"0, CHARLES DE GAULLE (AV",M,48.78128357962421,2.7823339217933234
201800037610,NonLethal,2018-08-06,16:40:00,Daylight,920,23,Yes,NoIntersection,Normal,2Vehicles-BehindVehicles-Frontal,"54, GENERAL DE GAULLE (A",M,48.79082115040802,2.792999679181886
201800037611,NonLethal,2018-06-27,15:45:00,Daylight,920,23,Yes,NoIntersection,Normal,2Vehicles-Behind,"0, PORTE DE TRIVAUX (RUE",M,48.78721596908498,2.789332007965112
201800037612,NonLethal,2018-07-07,15:50:00,Daylight,920,60,Yes,NoIntersection,Normal,2Vehicles-Behind,"6, GRANDE RUE",M,48.78026447078586,2.781121995011272
201800037614,NonLethal,2018-10-07,19:45:00,Daylight,920,23,Yes,X-type,Normal,2Vehicles-Behind,"133, GENERAL DE GAULLE (",M,48.79014075864334,2.7902266789027226
201800037615,NonLethal,2018-07-20,01:00:00,NightStreelightsOn,920,60,Yes,X-type,Normal,2Vehicles-Side,"1, PAUL LANGEVIN (AVENUE",M,48.78092760628788,2.7807529083859217
201800037617,NonLethal,2018-07-25,23:10:00,NightStreelightsOn,920,23,Yes,NoIntersection,Normal,2Vehicles-Side,"320, GENERAL DE GAULLE (",M,48.78535320580284,2.786286330316708
201800037618,NonLethal,2018-07-26,11:50:00,Daylight,920,23,Yes,NoIntersection,Normal,Other,VICTOR HUGO (AVENUE),M,48.80358936441456,2.802398123974605
201800037619,NonLethal,2018-07-27,16:00:00,Daylight,920,60,Yes,X-type,Normal,2Vehicles-Side,PAUL LANGEVIN (AVENUE) (,M,48.78092462673784,2.7817929743995222
201800037620,NonLethal,2018-07-30,17:50:00,Daylight,920,23,Yes,NoIntersection,Normal,Other,PLAISANCE (RUE DE),M,48.7797701386783,2.7793458127962776
201800037621,NonLethal,2018-06-30,02:30:00,NightStreelightsOn,920,23,Yes,Other,Normal,2Vehicles-Behind,"39, CHATILLON (RUE DE)",M,48.8049145285145,2.8044573147762235
201800037622,NonLethal,2018-06-13,18:10:00,Daylight,920,23,Yes,Y-type,Normal,Other,"0, PAUL ANDRILLON (RUE)",M,48.78180887700098,2.781000984804081
201800037623,NonLethal,2018-07-31,12:55:00,Daylight,920,23,Yes,NoIntersection,Normal,Other,GATHELOT (RUE),M,48.79986607492998,2.797586255408405
201800037624,NonLethal,2018-06-30,07:30:00,Daylight,920,23,Yes,Y-type,Normal,3+Vehicles-Multiple,"181, GENERAL DE GAULLE (",M,48.78953243448893,2.788416612596304
201800037626,NonLethal,2018-08-03,21:35:00,NightStreelightsOn,920,60,Yes,X-type,Normal,2Vehicles-Side,PAUL LANGEVIN (AVENUE) (,M,48.78241946894396,2.782156710596703
201800037627,NonLethal,2018-06-29,09:35:00,Daylight,920,23,Yes,NoIntersection,Normal,2Vehicles-Side,"557, GENERAL DE GAULLE (",M,48.77848193105893,2.778211259467539
201800037629,Lethal,2018-08-10,18:25:00,Daylight,920,23,Yes,X-type,Normal,Other,PAUL VAILLANT COUTURIER,M,48.80137772764535,2.801843015631968
201800037630,NonLethal,2018-09-09,10:20:00,Daylight,920,60,Yes,NoIntersection,Normal,Other,CHARLES DE GAULLE (AVENU,M,48.77612064792972,2.7757505756757057
201800037631,NonLethal,2018-09-07,16:55:00,Daylight,920,23,Yes,NoIntersection,Normal,2Vehicles-Side,MOULIN DE LA TOUR (BOULE,M,48.7893735406736,2.7882837649540497
201800037632,NonLethal,2018-10-09,03:40:00,NightStreelightsOn,920,23,Yes,X-type,Normal,2Vehicles-Side,GENERAL DE GAULLE (AV DU,M,48.78381509576904,2.7831377582641093
201800037633,NonLethal,2018-09-11,12:48:00,Daylight,920,23,Yes,NoIntersection,Normal,2Vehicles-Behind,MARQUIS (PLACE) Nø1 ET 2,M,48.80452499010791,2.8055759257338795
201800037634,NonLethal,2018-03-07,09:05:00,Daylight,920,23,Yes,T-type,Normal,2Vehicles-Side,"38, FLEURY (RUE DE)",M,48.81034242532293,2.811382923807725
201800037635,NonLethal,2018-04-07,06:45:00,Daylight,920,60,Yes,X-type,Normal,2Vehicles-Side,"1, PAUL LANGEVIN (AVENUE",M,48.78303877985229,2.781485113396589
201800037636,NonLethal,2018-07-06,11:05:00,Daylight,920,23,Yes,NoIntersection,Normal,Other,"10, PIERRE ET MARIE CURI",M,48.801431742542185,2.8016208915296623
201800037637,NonLethal,2018-07-28,14:30:00,Daylight,920,23,Yes,NoIntersection,Normal,2Vehicles-Behind,HENRI BARBUSSE (AVENUE),M,48.80740298502415,2.806083506461221
201800037638,NonLethal,2018-07-29,01:50:00,NightStreelightsOn,920,23,Yes,NoIntersection,Normal,Other,GENERAL DE GAULLE (AV DU,M,48.78727151830272,2.7872823480835924
201800037639,NonLethal,2018-07-29,21:20:00,TwilightOrDawn,920,23,Yes,X-type,Normal,2Vehicles-Side,GENERAL DE GAULLE (AV DU,M,48.78420459313949,2.7878265714010424
201800037641,NonLethal,2018-09-22,14:40:00,Daylight,920,23,Yes,NoIntersection,LightRain,2Vehicles-Side,VILLACOUBLAY (AVENUE DE),M,48.78228304197413,2.783095691065096
201800037642,NonLethal,2018-09-26,17:30:00,Daylight,920,23,Yes,X-type,Normal,2Vehicles-Side,GENERAL DE GAULLE (AV DU,M,48.78290383683669,2.7853675848581188
201800037643,NonLethal,2018-09-26,13:40:00,Daylight,920,23,Yes,NoIntersection,Normal,Other,PLAISANCE (RUE DE),M,48.780444385594414,2.7794557288932205
201800037644,NonLethal,2018-09-30,18:45:00,NightStreelightsOn,920,23,Yes,Other,Normal,2Vehicles-Behind,MARQUIS (PLACE) Nø1 ET 2,M,48.805974840995326,2.804509005967437
201800037645,NonLethal,2018-10-10,21:40:00,NightStreelightsOn,920,23,Yes,X-type,Normal,2Vehicles-Side,GENERAL DE GAULLE (AV DU,M,48.78550004208394,2.785127845200194
201800037646,NonLethal,2018-11-10,11:27:00,Daylight,920,23,Yes,X-type,Normal,Other,JEAN JAURES (AVENUE) N°1,M,48.80323286272507,2.8047327880811137
201800037647,NonLethal,2018-10-25,08:35:00,Daylight,920,23,Yes,NoIntersection,Normal,Other,ILE DE FRANCE (RUE DE L',M,48.78444382937781,2.7857410353907093
201800037648,NonLethal,2018-10-26,07:32:00,TwilightOrDawn,920,23,Yes,T-type,Normal,2Vehicles-Side,PAVE BLANC (ROUTE DU) Nø,M,44.78103370426529,2.78189828398637
201800037649,NonLethal,2018-05-11,16:42:00,Daylight,920,23,Yes,NoIntersection,Normal,Other,MONTS (RUE DES),M,48.81524499497652,2.815518223590923
201800037650,NonLethal,2018-11-08,17:05:00,TwilightOrDawn,920,23,Yes,T-type,Normal,2Vehicles-Side,HENRI BARBUSSE (AVENUE),M,48.80872673634264,2.808022838835704
201800037651,NonLethal,2018-08-11,20:20:00,NightStreelightsOn,920,23,Yes,Roundabout,Normal,2Vehicles-Side,EUGENE BEAUJARD (CARREFO,M,48.791066325671466,2.7920547964471614
201800037652,NonLethal,2018-11-09,18:00:00,NightStreelightsOn,920,60,Yes,NoIntersection,Normal,3+Vehicles-Multiple,PAUL LANGEVIN (AVENUE) (,M,48.77766281371764,2.7770705058637555
201800037653,NonLethal,2018-11-09,16:40:00,Daylight,920,23,Yes,Y-type,Normal,2Vehicles-BehindVehicles-Frontal,CHAMPAGNE (RUE),M,48.784962326564624,2.7875265969742973
201800037654,NonLethal,2018-11-19,15:35:00,Daylight,920,23,Yes,NoIntersection,Normal,Other,CLAUDE TREBIGNAUD (AVENU,M,48.79089098485082,2.7930108006623744
201800037655,NonLethal,2018-11-29,17:25:00,TwilightOrDawn,920,60,Yes,NoIntersection,Normal,2Vehicles-Side,GALILEE (AVENUE),M,48.774201663762135,2.774955190241499
201800037656,NonLethal,2018-12-02,20:25:00,NightStreelightsOn,920,23,Yes,X-type,Normal,2Vehicles-Behind,PICARDIE (RUE DE),M,48.78535208032067,2.787645156446575
201800037657,NonLethal,2018-03-12,15:30:00,Daylight,920,23,Yes,X-type,LightRain,Other,VICTOR HUGO (AVENUE),M,48.80869766208126,2.8108704144049144
201800037658,NonLethal,2018-12-05,21:10:00,NightStreelightsOn,920,23,No,NoIntersection,Normal,2Vehicles-Side,PIERRE LOUVRIER (RUE),M,48.80624191428677,2.8045389295769536
201800037659,NonLethal,2018-07-12,16:45:00,TwilightOrDawn,920,23,Yes,T-type,LightRain,2Vehicles-Side,JEANNE HACHETTE (RUE),M,48.78388070945975,2.7852489646424656
201800037660,NonLethal,2018-12-12,07:05:00,NightStreelightsOn,920,23,Yes,NoIntersection,Normal,Other,GENERAL DE GAULLE (AV DU,M,48.78474277063626,2.785187110033218
201800037661,NonLethal,2018-12-13,13:57:00,Daylight,920,23,Yes,NoIntersection,Normal,2Vehicles-Behind,GENERAL DE GAULLE (AV DU,M,48.77939065742122,2.7783691185906174
201800037664,NonLethal,2018-12-27,19:08:00,NightStreelightsOn,920,23,Yes,X-type,Normal,2Vehicles-Side,GARENNE (ROUTE DE LA),M,48.778119891448,2.777157782680663
201800037665,NonLethal,2018-12-27,20:08:00,NightStreelightsOn,920,23,Yes,Roundabout,Normal,2Vehicles-Side,GARDE (PLACE DU) S102,M,48.802694504769065,2.8037208343401696
201800037666,NonLethal,2018-12-29,17:00:00,TwilightOrDawn,920,23,Yes,T-type,Normal,2Vehicles-Side,PORTE DE TRIVAUX (RUE DE,M,48.78908696537059,2.7903439609946483
201800037667,NonLethal,2018-01-05,13:25:00,Daylight,920,24,Yes,NoIntersection,Normal,2Vehicles-Side,"3, MADAME DE SANZILLON (",M,48.90538583633973,2.9029326394683026
201800037668,NonLethal,2018-08-01,17:10:00,Daylight,920,24,Yes,NoIntersection,Normal,2Vehicles-Side,"84, VICTOR HUGO (BD)",M,48.90019452819352,2.9000247961505363
201800037669,NonLethal,2018-01-18,12:52:00,Daylight,920,24,Yes,NoIntersection,Normal,2Vehicles-Behind,"63, JEAN JAURES (BD) DE",M,48.90184784167572,2.9010233129217005
201800037670,NonLethal,2018-01-21,14:50:00,Daylight,920,24,Yes,NoIntersection,Normal,2Vehicles-Side,"85, GENERAL LECLERC (RUE",M,48.90686728034297,2.9049082041535863
201800037671,NonLethal,2018-01-23,14:30:00,Daylight,920,24,Yes,X-type,Normal,Other,"12, VILLENEUVE (RUE) DE",M,48.90358710670761,2.904606339447022
201800037672,NonLethal,2018-01-30,13:30:00,Daylight,920,24,Yes,T-type,Normal,Other,"2, GEORGES BOISSEAU (RUE",M,48.90416589576152,2.90172295406635
201800037673,NonLethal,2018-07-03,14:35:00,Daylight,920,24,Yes,X-type,Normal,Other,"69, HENRI BARBUSSE (RUE)",M,48.90004002410226,2.89857787211106
201800037675,NonLethal,2018-08-03,15:10:00,Daylight,920,24,Yes,NoIntersection,LightRain,Other,"14, MARTRE DE (4 A 54)",M,48.899768893027215,2.8996876145010737
201800037676,NonLethal,2018-08-03,21:45:00,NightStreelightsOn,920,24,Yes,X-type,LightRain,Other,"46, HENRI BARBUSSE (RUE)",M,48.90011560340553,2.900281548730812
201800037677,NonLethal,2018-10-03,04:25:00,NightStreelightsOn,920,24,Yes,T-type,Normal,2Vehicles-Side,"2, NEUILLY (RUE DE) DE (",M,48.89793761112757,2.899683214786278
201800037678,NonLethal,2018-03-11,22:10:00,NightStreelightsOn,920,24,Yes,X-type,Normal,2Vehicles-Side,"103, HENRI BARBUSSE (RUE",M,48.900979496684826,2.9019799852440564
201800037679,NonLethal,2018-12-03,18:00:00,Daylight,920,24,Yes,Roundabout,Normal,2Vehicles-Side,"2, CLICHY (QUAI DE) DE (",M,48.90385767701515,2.902582148008449
201800037680,NonLethal,2018-03-31,16:15:00,Daylight,920,24,Yes,NoIntersection,Normal,2Vehicles-Side,"41, MARTRE (RUE) DE (1 A",M,48.8976753307708,2.9008644460827253
201800037681,NonLethal,2018-04-04,13:20:00,Daylight,920,24,Yes,X-type,Normal,2Vehicles-Side,"60, CLICHY (QUAI DE) DE",M,48.90591284888399,2.906859549956551
201800037683,NonLethal,2018-04-19,15:50:00,Daylight,920,24,Yes,NoIntersection,Normal,Other,"28, GENERAL ROGUET (RUE",M,48.906561445709805,2.9049180421226453
201800037684,NonLethal,2018-04-21,23:10:00,NightStreelightsOn,920,24,Yes,T-type,Normal,2Vehicles-BehindVehicles-Frontal,"140, MARTRE (RUE) DE (11",M,48.90648082158213,2.907696847247784
201800037685,NonLethal,2018-04-24,20:30:00,Daylight,920,24,Yes,NoIntersection,Normal,Other,"100, MARTRE (RUE) DE (59",M,48.90307772078849,2.905257547315764
201800037686,NonLethal,2018-04-26,02:00:00,NightStreelightsOn,920,24,Yes,T-type,Normal,2Vehicles-Side,"34, CLICHY (QUAI DE)",M,48.90641672876922,2.906103057059181
201800037687,NonLethal,2018-04-27,14:40:00,Daylight,920,24,Yes,Y-type,Normal,2Vehicles-Side,"2, ASNIERES (ROUTE D')",M,48.90127684842511,2.900015910188398
201800037688,NonLethal,2018-04-28,12:30:00,Daylight,920,24,Yes,Roundabout,Normal,3+Vehicles-Chain,"36, ASNIERES (ROUTE D')",M,48.9046647703946,2.9042541100813626
201800037689,NonLethal,2018-04-07,11:50:00,Daylight,920,24,Yes,NoIntersection,Normal,2Vehicles-Side,"16, LEON GAMBETTA (ALLEE",M,48.90254826776123,2.90254752375266
201800037690,NonLethal,2018-04-10,08:35:00,Daylight,920,24,Yes,X-type,Normal,3+Vehicles-Chain,"54, MARTRE DE (4 A 54)",M,48.90234245123023,2.9002682857348194
201800037691,NonLethal,2018-04-14,09:50:00,Daylight,920,24,Yes,NoIntersection,Normal,2Vehicles-Side,"14, GUSTAVE EIFFEL (RUE)",M,48.90308608689235,2.90376294942727
201800037692,NonLethal,2018-07-17,19:35:00,Daylight,920,24,Yes,NoIntersection,Normal,2Vehicles-Behind,"98, HENRI BARBUSSE (RUE)",M,48.90388254065992,2.90180017360541
201800037693,NonLethal,2018-07-16,23:30:00,NightStreelightsOn,920,24,Yes,Y-type,Normal,3+Vehicles-Multiple,"22, GENERAL ROGUET (RUE",M,48.90267264065072,2.906742144399137
201800037694,NonLethal,2018-01-05,16:50:00,Daylight,920,24,Yes,X-type,Normal,2Vehicles-Side,"71, ALSACE (RUE D') DE (",M,48.907048707066615,2.9052983804614687
201800037695,NonLethal,2018-02-05,21:25:00,NightStreelightsOn,920,24,Yes,X-type,LightRain,2Vehicles-Side,"95, VICTOR HUGO (BD)",M,48.90057515957999,2.9009123276156905
201800037696,NonLethal,2018-04-05,08:40:00,Daylight,920,24,Yes,T-type,Normal,2Vehicles-Side,"59, VICTOR HUGO (BD)",M,48.89902613183536,2.8986106517212145
201800037697,NonLethal,2018-07-23,13:40:00,Daylight,920,24,Yes,X-type,Normal,2Vehicles-Side,"83, JEAN JAURES (BD) DE",M,48.901715958717695,2.9034360889421413
201800037698,NonLethal,2018-07-23,19:25:00,Daylight,920,24,Yes,NoIntersection,Normal,Other,"18, MARECHAL DELATTRE DE",M,48.90955613131163,2.9088531609963955
201800037700,NonLethal,2018-05-17,17:30:00,Daylight,920,24,Yes,NoIntersection,Normal,2Vehicles-Side,"44, MARTRE DE (4 A 54)",M,48.90116332647339,2.898807740669581
201800037702,NonLethal,2018-07-28,22:25:00,NightStreelightsOn,920,24,Yes,Y-type,Normal,2Vehicles-BehindVehicles-Frontal,CLICHY (QUAI DE) DE (104,M,48.91252017512685,2.911793702662409
201800037703,NonLethal,2018-07-29,08:10:00,Daylight,920,24,Yes,X-type,Normal,2Vehicles-Behind,MARTRE (RUE) DE (59 A 10,M,48.9061485512992,2.9048718397542244
201800037704,NonLethal,2018-05-25,19:40:00,TwilightOrDawn,920,24,Yes,NoIntersection,Normal,3+Vehicles-Chain,"80, MARTRE (RUE) DE (59",M,48.903084103618326,2.901372343057262
201800037705,NonLethal,2018-05-26,06:10:00,TwilightOrDawn,920,24,Yes,NoIntersection,Normal,Other,"18, HUIT MAI 1945 (RUE D",M,48.8980584660202,2.8992637385378126
201800037706,NonLethal,2018-05-30,18:18:00,Daylight,920,24,Yes,T-type,Normal,2Vehicles-Side,"170, CLICHY (QUAI DE) DE",M,48.911404146035245,2.912479520271225
201800037707,NonLethal,2018-05-31,10:15:00,Daylight,920,24,Yes,T-type,Normal,2Vehicles-Side,"1, JEAN JAURES (BD) DE (",M,48.89643952572616,2.897410257695847
201800037708,NonLethal,2018-08-06,19:15:00,Daylight,920,24,Yes,T-type,Normal,Other,MARTRE DE (4 A 54),M,48.86213490468742,2.8614278214015534
201800037709,NonLethal,2018-06-08,17:50:00,Daylight,920,24,Yes,NoIntersection,Normal,Other,GENERAL ROGUET (RUE DU),M,48.856845502813925,2.854995601500084
201800037710,NonLethal,2018-07-08,17:10:00,Daylight,920,24,Yes,NoIntersection,Normal,2Vehicles-BehindVehicles-Frontal,HENRI BARBUSSE (RUE) DE,M,48.863494356798654,2.861802071833288
201800037711,NonLethal,2018-08-14,16:45:00,Daylight,920,24,Yes,NoIntersection,Normal,2Vehicles-Side,CLICHY (QUAI DE) DE (8 A,M,48.8634842560028,2.8624290270251045
201800037712,NonLethal,2018-08-22,19:40:00,Daylight,920,24,Yes,NoIntersection,Normal,Other,GENERAL LECLERC (BD DU),M,48.86244713583996,2.863281757726725
201800037713,NonLethal,2018-08-24,08:25:00,Daylight,920,24,Yes,T-type,Normal,2Vehicles-Side,VICTOR HUGO (BD),M,48.86258590673263,2.862635785170379
201800037714,NonLethal,2018-06-06,12:10:00,Daylight,920,24,Yes,X-type,Normal,2Vehicles-Side,"60, CLICHY (QUAI DE) DE",M,48.907866344535606,2.9072272915719517
201800037716,NonLethal,2018-10-06,18:55:00,Daylight,920,24,Yes,X-type,Normal,2Vehicles-Side,"67, JEAN JAURES (BD) DE",M,48.90124248188342,2.901700173129139
201800037719,NonLethal,2018-06-27,08:30:00,Daylight,920,24,Yes,NoIntersection,Normal,2Vehicles-Behind,"12, MOREL (RUE)",M,48.901140758453856,2.8985643821545537
201800037720,NonLethal,2018-08-27,09:40:00,Daylight,920,24,Yes,NoIntersection,Normal,2Vehicles-Side,CLICHY (QUAI DE) DE (8 A,M,48.90203760538513,2.9046145307706936
201800037721,NonLethal,2018-08-28,15:50:00,Daylight,920,24,Yes,X-type,Normal,2Vehicles-Behind,LANDY (RUE DU) DE (1 A 1,M,48.90478676632044,2.903795666554402
201800037723,NonLethal,2018-09-03,10:40:00,Daylight,920,24,Yes,NoIntersection,Normal,NoCollision,MOREL (RUE),M,48.90061459109521,2.901770766088556
201800037724,NonLethal,2018-09-08,11:25:00,Daylight,920,24,Yes,NoIntersection,Normal,2Vehicles-Side,MARTRE (RUE) DE (59 A 10,M,48.90499453116496,2.903178038445506
201800037725,NonLethal,2018-09-13,01:54:00,NightStreelightsOn,920,24,Yes,T-type,Normal,2Vehicles-Behind,JEAN JAURES (BD) DE 47 A,M,48.90185073663453,2.903431594669472
201800037727,NonLethal,2018-09-13,15:41:00,Daylight,920,24,Yes,T-type,Normal,2Vehicles-Side,VICTOR HUGO (BD),M,48.90172843398014,2.9026412391871723
201800037728,NonLethal,2018-09-18,12:20:00,Daylight,920,24,Yes,NoIntersection,Normal,2Vehicles-Side,MARTRE (RUE) DE (59 A 10,M,48.90257726444493,2.9022023189291155
201800037729,NonLethal,2018-10-07,11:30:00,Daylight,920,24,Yes,NoIntersection,Normal,NoCollision,MARCEL PAUL (RUE),M,48.894299154004415,2.8957844719157064
201800037730,NonLethal,2018-10-09,11:45:00,Daylight,920,24,Yes,NoIntersection,Normal,Other,HENRI BARBUSSE (RUE) DE,M,48.89805016217705,2.8978726573648053
201800037731,NonLethal,2018-10-10,15:00:00,Daylight,920,24,Yes,X-type,Normal,Other,HENRI BARBUSSE (RUE) DE,M,48.90037790146849,2.898980208543228
201800037732,NonLethal,2018-10-11,18:40:00,TwilightOrDawn,920,24,Yes,NoIntersection,Normal,Other,JEAN JAURES (BD) DE (1 A,M,48.88318611445677,2.881874483304669
201800037733,NonLethal,2018-10-11,20:15:00,NightStreelightsOn,920,24,Yes,X-type,Normal,2Vehicles-Side,VICTOR HUGO (BD),M,48.86155448716002,2.8643505391293704
201800037734,NonLethal,2018-10-19,14:00:00,Daylight,920,24,Yes,Roundabout,Normal,2Vehicles-Side,CLICHY (QUAI DE) DE (104,M,48.91200055514347,2.908069697316778
201800037735,NonLethal,2018-10-23,23:20:00,NightStreelightsOn,920,24,Yes,X-type,Normal,Other,JEAN JAURES (BD) DE 47 A,M,48.861481381503246,2.861439496774256
201800037736,NonLethal,2018-10-26,19:50:00,NightStreelightsOn,920,24,Yes,T-type,Normal,Other,GENERAL LECLERC (BD DU),M,48.89940267413926,2.901261367630479
201800037738,NonLethal,2018-10-29,14:10:00,Daylight,920,24,Yes,NoIntersection,Normal,2Vehicles-Behind,CHANCE MILLY (RUE),M,48.89690928883175,2.895830405576961
201800037739,NonLethal,2018-10-30,10:25:00,Daylight,920,24,Yes,NoIntersection,Normal,Other,MARC BLOCH (RUE),M,48.91102935503633,2.910995495122397
201800037740,NonLethal,2018-11-07,13:45:00,Daylight,920,24,Yes,NoIntersection,Normal,Other,HENRI BARBUSSE (RUE) DE,M,48.86308839886173,2.864071733762819
201800037741,NonLethal,2018-11-07,15:50:00,Daylight,920,24,Yes,NoIntersection,Normal,Other,GENNEVILLIERS (PONT DE),M,48.91267241527266,2.9123074553138038
201800037742,NonLethal,2018-07-11,16:55:00,TwilightOrDawn,920,24,Yes,NoIntersection,Normal,Other,LEON BLUM (RUE),M,48.908497416036006,2.906919315751576
201800037743,NonLethal,2018-11-14,12:30:00,Daylight,920,24,Yes,NoIntersection,Normal,2Vehicles-Side,CASTERES (RUE),M,48.90025509757235,2.9002016274574816
201800037744,NonLethal,2018-11-16,17:35:00,NightStreelightsOn,920,24,Yes,T-type,Normal,2Vehicles-Behind,CLICHY (QUAI DE) DE (104,M,48.91214263142907,2.911492160528368
201800037745,NonLethal,2018-11-19,16:45:00,Daylight,920,24,Yes,NoIntersection,Normal,Other,GENERAL ROGUET (RUE DU),M,48.90676924376217,2.9034864630575647
201800037746,NonLethal,2018-11-19,21:10:00,NightStreelightsOn,920,24,Yes,NoIntersection,LightRain,2Vehicles-Side,PIERRE BEREGOVOY (RUE),M,48.90470627765738,2.9029574671069227