AccidentId,Gravity,Date,Hour,Light,Department,Commune,InAgglomeration,IntersectionType,Weather,CollisionType,PostalAddress,GPSCode,Latitude,Longitude
201800037747,NonLethal,2018-11-22,11:56:00,Daylight,920,24,Yes,NoIntersection,Normal,Other,GENERAL LECLERC (BD DU),M,48.90164942258755,2.9033402206713816
201800037749,NonLethal,2018-11-30,21:45:00,NightStreelightsOn,920,24,Yes,T-type,Normal,2Vehicles-Side,MARTRE (RUE) DE (1 A 41),M,48.89896479113227,2.899462246296105
201800037750,NonLethal,2018-12-03,09:40:00,Daylight,920,24,Yes,T-type,LightRain,2Vehicles-Side,VILLEVEUVE (RUE) DE (56,M,48.90755191445879,2.9070343439953383
201800037751,NonLethal,2018-12-06,20:30:00,NightStreelightsOff,920,24,Yes,NoIntersection,Normal,Other,ASNIERES (ROUTE D'),M,48.901872415479424,2.902749757431881
201800037753,NonLethal,2018-12-26,11:20:00,Daylight,920,24,Yes,X-type,Normal,2Vehicles-Behind,CLICHY (QUAI DE) DE (104,M,48.91184865047179,2.9086322717449984
201800037754,NonLethal,2018-01-01,07:00:00,NightStreelightsOn,920,25,Yes,NoIntersection,Normal,2Vehicles-Side,PAUL BERT (RUE),M,48.93093897818131,2.9320738511155224
201800037755,NonLethal,2018-01-03,14:00:00,Daylight,920,25,Yes,X-type,Normal,Other,"21, PAUL BERT (RUE)",M,48.728751425619,2.7284397274881305
201800037756,NonLethal,2018-03-01,21:25:00,NightStreelightsOn,920,25,Yes,X-type,Normal,Other,"88, PRESIDENT SALVADOR A",M,48.9243639454355,2.922335967241008
201800037757,NonLethal,2018-05-01,09:30:00,Daylight,920,25,Yes,X-type,Normal,Other,"1, BOURNARD (RUE DU)",M,48.92512295589566,2.9240542003724928
201800037758,NonLethal,2018-01-07,17:30:00,TwilightOrDawn,920,25,Yes,NoIntersection,Normal,2Vehicles-Side,PAUL BERT (RUE),M,48.93245230277952,2.9310416965220707
201800037760,NonLethal,2018-01-24,09:15:00,Daylight,920,25,Yes,NoIntersection,Normal,Other,VALMY (BD DE),M,48.92825452248305,2.9292813194884686
201800037761,NonLethal,2018-01-30,17:10:00,Daylight,920,25,Yes,X-type,Normal,Other,284 COLBERT > 133 & 126,M,48.91195175171269,2.911695194467009
201800037762,NonLethal,2018-02-01,09:45:00,Daylight,920,25,Yes,T-type,Normal,Other,VICO (RUE),M,,
201800037763,NonLethal,2018-01-02,20:30:00,NightStreelightsOn,920,25,Yes,NoIntersection,Normal,2Vehicles-BehindVehicles-Frontal,"5, CHARLES PEGUY (RUE &",M,48.91861091429098,2.919928108648508
201800037765,NonLethal,2018-05-02,09:04:00,Daylight,920,25,Yes,NoIntersection,LightRain,Other,"2l0, CHARLES DE GAULLE (",M,48.910321418537215,2.911240201283345
201800037766,NonLethal,2018-06-02,10:35:00,Daylight,920,25,Yes,NoIntersection,SnowOrHail,Other,"176, VOIES DU BOIS (RUE",M,,
201800037767,NonLethal,2018-06-02,11:30:00,Daylight,920,25,Yes,NoIntersection,SnowOrHail,Other,AGENT SARRE (AV DE L'),M,48.91031107359393,2.911469835096109
201800037768,NonLethal,2018-02-08,18:35:00,Daylight,920,25,Yes,X-type,Normal,Other,"2, GABRIEL PERI (RUE)",M,48.923899085754094,2.9221078147380197
201800037770,NonLethal,2018-02-13,16:50:00,Daylight,920,25,Yes,X-type,Normal,Other,COLBERT <> 115 A 131 & 1,M,48.91921527371939,2.9173005150967843
201800037771,NonLethal,2018-02-19,13:00:00,Daylight,920,25,Yes,X-type,Normal,2Vehicles-Side,VALMY (BD DE),M,48.9109790773508,2.9109730647449537
201800037772,NonLethal,2018-02-21,09:50:00,Daylight,920,25,Yes,X-type,Normal,2Vehicles-Side,CHARLES DE GAULLE (BD),M,48.91741628256131,2.917581640381536
201800037773,NonLethal,2018-02-23,00:25:00,NightStreelightsOn,920,25,Yes,NoIntersection,Normal,Other,"331, PRESIDENT SALVADOR",M,48.91072334232625,2.908814110038307
201800037776,NonLethal,2018-02-28,22:10:00,NightStreelightsOn,920,25,Yes,X-type,Normal,2Vehicles-BehindVehicles-Frontal,PAUL BERT (RUE),M,48.92086012013431,2.9175561786226285
201800037777,NonLethal,2018-03-07,09:45:00,Daylight,920,25,Yes,NoIntersection,Normal,Other,"6, MENELOTTE <> 2A 5O (A",M,48.92562740243128,2.924099437743253
201800037778,NonLethal,2018-08-03,17:45:00,Daylight,920,25,Yes,NoIntersection,Normal,Other,STALINGRAD (AV DE),M,48.92712185227163,2.9283016116378437
201800037779,NonLethal,2018-03-13,20:20:00,NightStreelightsOn,920,25,Yes,NoIntersection,Normal,2Vehicles-Behind,"126, MOSLARD (RUE)",M,48.9207273358467,2.9208101522544503
201800037781,NonLethal,2018-03-15,10:30:00,Daylight,920,25,Yes,NoIntersection,LightRain,Other,"127, STALINGRAD (AV DE)",M,48.90910593685644,2.909173322751416
201800037782,NonLethal,2018-03-16,20:23:00,NightStreelightsOn,920,25,Yes,X-type,Normal,2Vehicles-BehindVehicles-Frontal,EDGARD QUINET (BD),M,48.90867520336297,2.9108765001456227
201800037783,NonLethal,2018-03-22,17:30:00,Daylight,920,25,Yes,X-type,Normal,2Vehicles-Side,G.GRES<>2 A 148 & 1 A 13,M,48.92061407426198,2.921959111999016
201800037784,NonLethal,2018-03-23,15:30:00,Daylight,920,25,Yes,X-type,Normal,2Vehicles-Side,FELIX FAURE (RUE),M,48.920461490791126,2.920357992081471
201800037785,NonLethal,2018-03-26,15:55:00,Daylight,920,25,Yes,NoIntersection,Normal,2Vehicles-BehindVehicles-Frontal,"82, STALINGRAD (AVENUE)",M,48.92085485518962,2.920681468495869
201800037787,NonLethal,2018-04-06,08:50:00,Daylight,920,25,Yes,NoIntersection,Normal,2Vehicles-Side,"181, VALMY> 68 & 55 (BD",M,48.92553938360259,2.924731878482954
201800037788,NonLethal,2018-07-04,13:15:00,Daylight,920,25,Yes,X-type,Normal,2Vehicles-Side,"1O, EUROPE (AV DE L')",M,48.92327854217564,2.9246904323609884
201800037789,NonLethal,2018-08-04,15:13:00,Daylight,920,25,Yes,NoIntersection,Normal,2Vehicles-BehindVehicles-Frontal,"135, VOIES DU BOIS (RUE",M,48.92236007508187,2.919711388737064
201800037791,NonLethal,2018-04-08,11:50:00,Daylight,920,25,Yes,NoIntersection,Normal,Other,"99, CHARLES DE GAULLE B",M,48.92037281008906,2.9204364512613017
201800037793,NonLethal,2018-04-24,09:20:00,Daylight,920,25,Yes,NoIntersection,Normal,2Vehicles-BehindVehicles-Frontal,"24, VALMY<> 1 A 53 & 2 A",M,48.92423595283381,2.924942290224918
201800037794,NonLethal,2018-04-30,17:55:00,Daylight,920,25,Yes,NoIntersection,LightRain,Other,"9, PAUL BERT (RUE)",M,48.91842844507402,2.92117805017313
201800037795,NonLethal,2018-02-05,13:25:00,Daylight,920,25,Yes,NoIntersection,Normal,Other,"2, PIERRE BROSSOLETTE (R",M,48.92394981243978,2.925111096227985
201800037796,NonLethal,2018-05-05,14:10:00,Daylight,920,25,Yes,X-type,Normal,2Vehicles-BehindVehicles-Frontal,GABRIEL PERI (RUE),M,48.91641367487327,2.919317797034688
201800037797,NonLethal,2018-05-05,20:00:00,Daylight,920,25,Yes,X-type,Normal,2Vehicles-BehindVehicles-Frontal,CHARLES DE GAULLE (BD),M,48.92388221846297,2.923679326929928
201800037798,NonLethal,2018-05-08,12:15:00,Daylight,920,25,Yes,NoIntersection,Normal,2Vehicles-BehindVehicles-Frontal,"2, PROGRES (RUE DU)",M,48.92398079297348,2.925774376777881
201800037799,NonLethal,2018-08-05,19:50:00,Daylight,920,25,Yes,NoIntersection,Normal,2Vehicles-Behind,"291, STALINGRAD (AV DE)",M,48.92459209015652,2.9246004364704685
201800037800,NonLethal,2018-05-18,17:17:00,Daylight,920,25,Yes,NoIntersection,Normal,Other,"77, JULES MICHELET (RUE)",M,48.923310546519765,2.924755974848129
201800037801,NonLethal,2018-05-18,23:15:00,NightStreelightsOn,920,25,Yes,X-type,Normal,2Vehicles-Side,PAUL BERT (RUE),M,48.91099797643119,2.9108598564064603
201800037802,NonLethal,2018-05-19,16:30:00,Daylight,920,25,Yes,NoIntersection,Normal,Other,"137, CHARLES DE GAULLE (",M,48.920578079478,2.918960016262985
201800037803,NonLethal,2018-05-21,01:00:00,NightStreelightsOn,920,25,Yes,X-type,Normal,2Vehicles-BehindVehicles-Frontal,CHARLES DE GAULLE (BD),M,48.92161684909929,2.925204110614628
201800037804,NonLethal,2018-05-23,13:16:00,Daylight,920,25,Yes,X-type,Normal,Other,MARECHAL JOFFRE RUE DU,M,48.92321805567754,2.923289629886737
201800037805,NonLethal,2018-05-25,15:37:00,Daylight,920,25,Yes,NoIntersection,Normal,Other,"1, PAUL BERT (RUE)",M,48.56903135880529,2.5685731571277364
201800037806,NonLethal,2018-05-31,18:10:00,Daylight,920,25,Yes,NoIntersection,Normal,2Vehicles-Side,"202, COLBERT > 133 & 126",M,48.92167987886526,2.922320214620421
201800037807,NonLethal,2018-05-06,10:00:00,Daylight,920,25,Yes,NoIntersection,Normal,Other,"12, BOURNARD (RUE DU)",M,48.92447454628877,2.92464872546917
201800037809,NonLethal,2018-05-06,17:45:00,Daylight,920,25,Yes,X-type,Normal,2Vehicles-BehindVehicles-Frontal,PAUL BERT (RUE),M,48.9257745787525,2.925410119397066
201800037810,NonLethal,2018-06-09,13:55:00,Daylight,920,25,Yes,X-type,Normal,2Vehicles-BehindVehicles-Frontal,STALINGRAD (AVENUE),M,48.92633977116745,2.9251196844003235
201800037811,NonLethal,2018-06-18,11:20:00,Daylight,920,25,Yes,NoIntersection,Normal,2Vehicles-BehindVehicles-Frontal,"1, BOURNARD (RUE DU)",M,48.92502411965903,2.9243986996119986
201800037812,NonLethal,2018-06-24,14:20:00,Daylight,920,25,Yes,NoIntersection,Normal,2Vehicles-BehindVehicles-Frontal,G.PERI > 418 & 437 (RUE),M,48.92513825710535,2.922505899587432
201800037813,NonLethal,2018-06-25,12:49:00,Daylight,920,25,Yes,NoIntersection,Normal,3+Vehicles-Chain,HENRI BARBUSSE (AV),M,48.92374632820966,2.9232188158415404
201800037814,NonLethal,2018-06-25,14:30:00,Daylight,920,25,Yes,NoIntersection,Normal,2Vehicles-BehindVehicles-Frontal,AGENT SARRE (AV DE L'),M,48.91996626002125,2.920680127858479
201800037815,NonLethal,2018-06-25,17:20:00,Daylight,920,25,Yes,X-type,Normal,2Vehicles-BehindVehicles-Frontal,ROUGET DE L'ISLE (RUE),M,48.92591131902605,2.9251122801667178
201800037816,NonLethal,2018-06-25,23:00:00,NightStreelightsOn,920,25,Yes,NoIntersection,Normal,2Vehicles-BehindVehicles-Frontal,"3, GENERAL LECLERC (PLAC",M,48.91759666061225,2.91675556098916
201800037818,NonLethal,2018-06-27,18:15:00,Daylight,920,25,Yes,X-type,Normal,2Vehicles-Side,FELIX FAURE (RUE),M,48.90987109668969,2.9100950245333657
201800037820,NonLethal,2018-06-29,08:25:00,Daylight,920,25,No,X-type,Normal,2Vehicles-BehindVehicles-Frontal,PIERRE CURIE (RUE),M,48.922784453294526,2.9253384488712424
201800037821,NonLethal,2018-06-29,15:50:00,Daylight,920,25,Yes,NoIntersection,Normal,2Vehicles-Behind,PAUL BERT (RUE),M,48.92411751217311,2.9243185870502084
201800037822,NonLethal,2018-06-29,18:00:00,Daylight,920,25,Yes,NoIntersection,Normal,2Vehicles-BehindVehicles-Frontal,"513, G.PERI > 418 & 437",M,48.91102097039356,2.911042551479205
201800037823,NonLethal,2018-06-30,21:00:00,Daylight,920,25,Yes,NoIntersection,Normal,3+Vehicles-Chain,"2, STALINGRAD (AV DE)",M,48.911118622719705,2.91042990600466
201800037824,NonLethal,2018-06-28,23:00:00,NightStreelightsOn,920,25,Yes,NoIntersection,Normal,2Vehicles-Side,PAUL BERT (RUE),M,48.91004921401137,2.910344714755301
201800037825,NonLethal,2018-04-07,13:25:00,Daylight,920,25,Yes,NoIntersection,Normal,2Vehicles-Side,STALINGRAD (AVENUE),M,48.92274976385251,2.925145712620641
201800037826,NonLethal,2018-06-07,14:00:00,Daylight,920,25,Yes,NoIntersection,Normal,Other,"7, BOURNARD (RUE DU)",M,,
201800037828,NonLethal,2018-07-09,17:30:00,Daylight,920,25,Yes,NoIntersection,Normal,Other,"70, CHAMPARONS & (PETITE",M,,
201800037829,NonLethal,2018-11-07,10:00:00,Daylight,920,25,Yes,NoIntersection,Normal,Other,"324, ESTIENNE D'ORVES (R",M,,
201800037830,NonLethal,2018-07-17,13:00:00,Daylight,920,25,Yes,NoIntersection,Normal,2Vehicles-BehindVehicles-Frontal,"44, EDGARD QUINET (BD)",M,,
201800037831,NonLethal,2018-07-20,07:25:00,Daylight,920,25,Yes,NoIntersection,Normal,2Vehicles-BehindVehicles-Frontal,"114, G.PERI (RUE)",M,,
201800037833,NonLethal,2018-07-22,06:30:00,TwilightOrDawn,920,25,Yes,NoIntersection,Normal,2Vehicles-Side,BOURNARD (RUE DU),M,,
201800037834,NonLethal,2018-07-26,09:00:00,Daylight,920,25,Yes,NoIntersection,Normal,Other,HENRI BARBUSSE (AV),M,,
201800037835,NonLethal,2018-07-24,16:00:00,Daylight,920,25,Yes,NoIntersection,Normal,2Vehicles-Side,VALMY (BD DE),M,,
201800037836,NonLethal,2018-07-31,18:45:00,Daylight,920,25,Yes,NoIntersection,Normal,2Vehicles-Side,VALMY (BD DE),M,48.9232801668442,2.923638593746623
201800037837,NonLethal,2018-08-01,12:14:00,Daylight,920,25,Yes,NoIntersection,Normal,2Vehicles-Behind,VALMY> 68  55 (BD DE),M,48.90958884175536,2.9078994414141874
201800037838,NonLethal,2018-08-17,09:40:00,Daylight,920,25,Yes,Other,Normal,Other,VALMY> 68  55 (BD DE),M,48.65600616191945,2.6547137664566267
201800037839,NonLethal,2018-08-24,19:45:00,Daylight,920,25,Yes,X-type,Normal,2Vehicles-Side,PAUL BERT (RUE),M,48.92565524752669,2.9250838687909595
201800037840,NonLethal,2018-08-29,20:00:00,Daylight,920,25,Yes,X-type,Normal,Other,CHARLES DE GAULLE (BD),M,48.91859170060164,2.91938047382473
201800037841,NonLethal,2018-08-30,09:15:00,Daylight,920,25,Yes,NoIntersection,Normal,2Vehicles-Side,SARTROUVILLE (RUE DE ),M,48.92278886924778,2.924844262431817
201800037842,NonLethal,2018-08-31,08:30:00,Daylight,920,25,Yes,NoIntersection,,2Vehicles-Side,STALINGRAD (AV DE),M,48.91026983202024,2.910313436057512
201800037843,NonLethal,2018-03-09,06:30:00,TwilightOrDawn,920,25,Yes,NoIntersection,Normal,2Vehicles-BehindVehicles-Frontal,CHARLES DE GAULLE (BD),M,48.90878306465858,2.9103875322304456
201800037846,NonLethal,2018-09-07,20:05:00,TwilightOrDawn,920,25,Yes,NoIntersection,Normal,Other,BOURNARD (RUE DU),M,48.92267619326123,2.924751094456116
201800037847,NonLethal,2018-09-11,13:20:00,Daylight,920,25,Yes,NoIntersection,Normal,Other,MARCEAU (BD),M,48.9236277982571,2.92303929519252
201800037848,NonLethal,2018-12-09,16:50:00,Daylight,920,25,Yes,NoIntersection,,2Vehicles-Side,VICTOR HUGO (AV.VILLA.RU,M,48.92413760303659,2.9231951738484194
201800037849,NonLethal,2018-09-24,08:35:00,Daylight,920,25,Yes,NoIntersection,Normal,3+Vehicles-Multiple,STALINGRAD (AV DE),M,48.92336845666431,2.925038736751241
201800037850,Lethal,2018-09-28,07:10:00,NightStreelightsOn,920,25,Yes,NoIntersection,Normal,Other,G.PERI > 418 et 437 (RUE,M,48.911932074517445,2.910814074530104
201800037851,NonLethal,2018-09-30,20:25:00,NightStreelightsOn,920,25,Yes,NoIntersection,Normal,Other,STALINGRAD (AV DE),M,48.9100882082893,2.9104055672844638
201800037852,NonLethal,2018-10-03,08:35:00,Daylight,920,25,Yes,NoIntersection,LightRain,Other,ESTIENNE D'ORVES (RUE),M,48.9086967981216,2.909323098992324
201800037853,NonLethal,2018-03-10,20:00:00,NightStreelightsOn,920,25,Yes,NoIntersection,Normal,2Vehicles-BehindVehicles-Frontal,PRESIDENT SALVADOR ALLEN,M,48.90975480082263,2.911567027573461
201800037854,NonLethal,2018-03-10,23:40:00,NightStreelightsOn,920,25,Yes,X-type,Normal,3+Vehicles-Multiple,KLEBER (AV),M,48.90808408023933,2.909807930587601
201800037855,NonLethal,2018-10-05,07:45:00,Daylight,920,25,Yes,NoIntersection,Normal,2Vehicles-Side,PAUL BERT (RUE),M,48.92403206743276,2.923064835607542
201800037856,NonLethal,2018-10-06,08:30:00,Daylight,920,25,Yes,NoIntersection,Normal,2Vehicles-Side,CHARLES DE GAULLE (BD),M,48.92394575692645,2.9253825325433165
201800037857,NonLethal,2018-10-07,17:10:00,Daylight,920,25,Yes,NoIntersection,Normal,2Vehicles-Side,PAUL BERT (RUE),M,48.90977772043253,2.9082200987089357
201800037858,NonLethal,2018-11-10,15:45:00,Daylight,920,25,Yes,NoIntersection,Normal,2Vehicles-Side,CHARLES DE GAULLE (BD),M,48.90934700549768,2.9121259010850804
201800037859,NonLethal,2018-12-10,10:25:00,Daylight,920,25,Yes,NoIntersection,Normal,Other,VALMY (BD DE),M,48.92565093353072,2.9254150664902583
201800037860,NonLethal,2018-12-10,22:05:00,NightStreelightsOn,920,25,Yes,NoIntersection,Normal,Other,GABRIEL PERI (RUE),M,48.92467023027916,2.924400136855867
201800037861,NonLethal,2018-10-19,19:56:00,TwilightOrDawn,920,25,No,NoIntersection,Normal,Other,VALMY 1 A 53 et 2 A 66 (,M,48.92605995224475,2.9232721152448837
201800037862,NonLethal,2018-10-20,18:00:00,TwilightOrDawn,920,25,Yes,NoIntersection,Normal,Other,MARECHAL JOFFRE (RUE DU),M,48.90880064051336,2.9099294769417594
201800037863,NonLethal,2018-10-22,20:00:00,NightStreelightsOn,920,25,Yes,X-type,Normal,Other,CHARLES DE GAULLE (BD),M,48.32604878909063,2.3248380025626387
201800037864,NonLethal,2018-10-25,13:00:00,Daylight,920,25,Yes,NoIntersection,Normal,2Vehicles-BehindVehicles-Frontal,MOZART (RUE),M,48.311688537049136,2.313116253971512
201800037865,NonLethal,2018-10-27,10:15:00,Daylight,920,25,Yes,X-type,Normal,2Vehicles-Side,CHARLES DE GAULLE (BD),M,,
201800037867,NonLethal,2018-08-11,11:45:00,Daylight,920,25,Yes,NoIntersection,Normal,2Vehicles-Behind,CHARLES DE GAULLE (BD),M,48.92544115012546,2.925258205491412
201800037868,NonLethal,2018-09-11,20:30:00,NightStreelightsOn,920,25,Yes,X-type,Normal,2Vehicles-BehindVehicles-Frontal,COLBERT115 A 131  104 A,M,48.92607223228983,2.9226646673016856
201800037870,NonLethal,2018-11-20,20:14:00,NightStreelightsOn,920,25,Yes,NoIntersection,LightRain,2Vehicles-Behind,BOURNARD (RUE DU),M,48.92643826610994,2.923869382202041
201800037871,NonLethal,2018-11-22,19:30:00,Daylight,920,25,Yes,NoIntersection,Normal,2Vehicles-BehindVehicles-Frontal,PAUL BERT (RUE),M,48.925154205909706,2.924448781581348
201800037872,NonLethal,2018-11-25,10:10:00,Daylight,920,25,Yes,NoIntersection,LightRain,Other,STALINGRAD (AV DE),M,48.92429824904807,2.9244692357551827
201800037873,NonLethal,2018-11-23,13:20:00,Daylight,920,25,Yes,X-type,Normal,2Vehicles-Side,GABRIEL PERI (RUE),M,48.92527932853591,2.9250247759460635
201800037874,NonLethal,2018-11-27,23:50:00,NightStreelightsOn,920,25,Yes,NoIntersection,Normal,Other,GABRIEL PERI (RUE),M,48.90840873488555,2.9096611581705587
201800037875,NonLethal,2018-11-28,10:15:00,Daylight,920,25,Yes,NoIntersection,Normal,2Vehicles-BehindVehicles-Frontal,COLBERT  55 A 113 et 42,M,48.90930328553155,2.91289345296892
201800037876,NonLethal,2018-11-30,08:12:00,TwilightOrDawn,920,25,Yes,T-type,Normal,2Vehicles-Side,CHARLES DE GAULLE (BD),M,48.90953210588679,2.911220992716411
201800037877,NonLethal,2018-02-12,12:45:00,Daylight,920,25,Yes,X-type,Normal,2Vehicles-BehindVehicles-Frontal,VALMY> 68 et 55 (BD DE),M,48.91839077613618,2.91783288768978
201800037878,NonLethal,2018-12-06,08:00:00,Daylight,920,25,Yes,NoIntersection,Normal,Other,PAUL BERT (RUE),M,48.909662960121935,2.911030749952329
201800037879,NonLethal,2018-07-12,23:50:00,NightStreelightsOn,920,25,Yes,NoIntersection,Normal,2Vehicles-Side,HENRI BARBUSSE (AV),M,48.324275431375696,2.323625177831492
201800037880,NonLethal,2018-11-12,08:20:00,Daylight,920,25,Yes,X-type,Normal,2Vehicles-Side,PAUL BERT (RUE),M,48.92254449210126,2.926001537761492
201800037881,NonLethal,2018-11-12,16:25:00,Daylight,920,25,Yes,NoIntersection,Normal,2Vehicles-BehindVehicles-Frontal,STALINGRAD (AV DE),M,48.9092462790293,2.908627625153157
201800037882,NonLethal,2018-12-16,15:00:00,Daylight,920,25,Yes,NoIntersection,Normal,2Vehicles-Behind,KLEBER (AV),M,48.91141630570601,2.910691763955538
201800037883,NonLethal,2018-12-28,08:10:00,Daylight,920,25,Yes,NoIntersection,Normal,Other,DEBARCADERE (RUE DU),M,48.9232856745349,2.924194848407505
201800037884,NonLethal,2018-03-01,19:25:00,NightStreelightsOn,920,26,Yes,NoIntersection,Normal,2Vehicles-Behind,ALMA,M,48.89483667042719,2.8958182212664965
201800037885,NonLethal,2018-05-01,17:40:00,NightStreelightsOn,920,26,Yes,X-type,Normal,Other,"20, 22 SEPTEMBRE ( RUE D",M,48.90343264521399,2.903518160667148
201800037887,NonLethal,2018-03-02,13:45:00,Daylight,920,26,Yes,NoIntersection,Normal,2Vehicles-Behind,"124, VERDUN (DE 62 A FIN",M,48.90061164356636,2.9006022637731808
201800037888,NonLethal,2018-02-04,07:20:00,NightStreelightsOn,920,26,Yes,Roundabout,Normal,Other,"07, BEZONS  (DE 01 A 22)",M,48.89175277693909,2.8923606566775253
201800037889,NonLethal,2018-02-05,08:34:00,Daylight,920,26,Yes,NoIntersection,Normal,Other,PIERRE BROSSOLETTE,M,48.90348601202584,2.903345188627632
201800037890,NonLethal,2018-02-10,13:55:00,Daylight,920,26,Yes,Square,Normal,2Vehicles-Behind,BELGIQUE ( PLACE DE ),M,49.90479436751381,2.903583964878511
201800037891,NonLethal,2018-01-14,16:10:00,Daylight,920,26,Yes,NoIntersection,Normal,2Vehicles-Side,"112, VERDUN (DE 62 A FIN",M,48.90313900765361,2.9034507225417205
201800037892,NonLethal,2018-12-31,09:25:00,Daylight,920,26,Yes,NoIntersection,Overcast,2Vehicles-Behind,PRESIDENT KRUGER,M,48.89703035149197,2.8984452051629264
201800037893,NonLethal,2018-02-22,16:45:00,Daylight,920,26,Yes,NoIntersection,VeryGood,Other,"01, PAUL NAPOLEON ROINAR",M,48.89700812517515,2.896228299479451
201800037894,NonLethal,2018-01-03,08:40:00,TwilightOrDawn,920,26,Yes,T-type,SnowOrHail,2Vehicles-Side,Armand Sylvestre (rue),M,,
201800037895,NonLethal,2018-03-06,08:00:00,Daylight,920,26,Yes,NoIntersection,Normal,Other,ALMA,M,,
201800037896,NonLethal,2018-03-07,08:25:00,Daylight,920,26,Yes,NoIntersection,LightRain,2Vehicles-Side,"67, SAINT-DENIS BD DE (0",M,48.89658907183218,2.898370654228487
201800037898,NonLethal,2018-03-12,09:30:00,Daylight,920,26,Yes,T-type,Overcast,2Vehicles-Side,VICTOR HUGO (DE 47 A FIN,M,,
201800037899,NonLethal,2018-03-15,18:15:00,Daylight,920,26,Yes,NoIntersection,HeavyRain,2Vehicles-Side,"5, ARISTIDE BRIAND",M,48.89953043041013,2.8992958712995094
201800037900,NonLethal,2018-03-24,11:50:00,Daylight,920,26,Yes,NoIntersection,Normal,2Vehicles-Side,MISSION MARCHAND (COTE I,M,48.90222125452515,2.901989929482442
201800037901,NonLethal,2018-03-26,10:35:00,Daylight,920,26,Yes,NoIntersection,Normal,2Vehicles-Side,VERDUN (DE 62 A FIN),M,48.90480963190296,2.902141733784869
201800037902,NonLethal,2018-03-27,10:10:00,Daylight,920,26,Yes,NoIntersection,LightRain,Other,"32, BITCHE",M,,
201800037903,NonLethal,2018-04-01,19:50:00,TwilightOrDawn,920,26,Yes,NoIntersection,Normal,Other,VERDUN (DE 01 A 61),M,48.8997104105038,2.900708001594031
201800037905,NonLethal,2018-12-04,18:50:00,Daylight,920,26,Yes,NoIntersection,LightRain,2Vehicles-Side,JEAN BART,M,48.90087889929455,2.901120381610192
201800037906,NonLethal,2018-04-18,17:30:00,Daylight,920,26,Yes,NoIntersection,Normal,2Vehicles-Side,"76, AVENUE GAMBETTA",M,48.89656606568486,2.8969155750577253
201800037907,NonLethal,2018-04-20,16:25:00,Daylight,920,26,Yes,NoIntersection,Normal,2Vehicles-Side,LAMBRECHTS,M,48.89793155966496,2.897609235889504
201800037909,NonLethal,2018-03-08,09:30:00,Daylight,920,26,Yes,NoIntersection,Normal,2Vehicles-Side,"27, GEORGES CLEMENCEAU",M,48.90413004645264,2.902250552803572
201800037910,NonLethal,2018-04-29,22:25:00,NightStreelightsOn,920,26,Yes,NoIntersection,LightRain,Other,"51, MISSION MARCHAND (CO",M,48.98805343915216,2.987379054408399
201800037911,NonLethal,2018-05-02,11:45:00,Daylight,920,26,Yes,NoIntersection,Normal,2Vehicles-Behind,"60, MISSION MARCHAND (CO",M,48.89659587593273,2.89907007223946
201800037912,NonLethal,2018-02-05,13:00:00,Daylight,920,26,Yes,NoIntersection,Normal,Other,"56, PAIX",M,48.90219391173534,2.904942652241974
201800037913,NonLethal,2018-05-06,10:30:00,Daylight,920,26,Yes,NoIntersection,Normal,2Vehicles-Side,"31, ALMA",M,48.89695374964572,2.896743225018028
201800037914,NonLethal,2018-07-05,18:50:00,Daylight,920,26,Yes,NoIntersection,Normal,2Vehicles-Side,VERDUN (DE 62 A FIN),M,48.90231131943025,2.901564343801036
201800037915,NonLethal,2018-05-17,12:55:00,Daylight,920,26,Yes,Roundabout,Normal,2Vehicles-Side,JEAN MERMOZ (SQUARE ET P,M,48.90102951870835,2.9017073269481446
201800037916,NonLethal,2018-05-18,13:10:00,Daylight,920,26,Yes,NoIntersection,Normal,2Vehicles-Side,PAUL DOUMER,M,48.8868545443404,2.888508610207316
201800037919,NonLethal,2018-05-28,10:00:00,Daylight,920,26,Yes,X-type,Normal,2Vehicles-Side,BOULEVARD CIRCULAIRE,M,,
201800037920,NonLethal,2018-05-30,21:10:00,TwilightOrDawn,920,26,Yes,NoIntersection,Normal,2Vehicles-Side,FICATIER,M,48.8937997104889,2.8920613836734064
201800037921,NonLethal,2018-05-31,21:40:00,NightStreelightsOn,920,26,Yes,NoIntersection,Normal,2Vehicles-Behind,"25, PRÉSIDENT PAUL DOUME",M,48.888757149340485,2.890727222462293
201800037922,NonLethal,2018-07-06,19:15:00,Daylight,920,26,Yes,Other,Normal,2Vehicles-Side,"18, HÔTEL DE VILLE (RUE)",M,48.89660375953437,2.895734377701912
201800037925,NonLethal,2018-11-06,10:11:00,Daylight,920,26,Yes,X-type,LightRain,2Vehicles-Side,CAYLA,M,48.900818955875565,2.89962908251438
201800037926,NonLethal,2018-11-06,18:40:00,Daylight,920,26,Yes,NoIntersection,HeavyRain,2Vehicles-Side,"111, SAINT-DENIS BD DE (",M,48.89098682436598,2.889594986476156
201800037927,NonLethal,2018-12-06,08:02:00,Daylight,920,26,Yes,T-type,HeavyRain,2Vehicles-Side,"111, VERDUN 1916 ( AVENU",M,48.90404475930028,2.9025499644603694
201800037928,NonLethal,2018-06-15,14:00:00,Daylight,920,26,Yes,Other,Normal,Other,"38, MARCEAU",M,48.90300995904212,2.9015634879639665
201800037929,NonLethal,2018-06-18,16:45:00,Daylight,920,26,Yes,NoIntersection,Normal,3+Vehicles-Multiple,MARECHAL JOFFRE (QUAI DU,M,48.8972998427952,2.8966660014105488
201800037930,Lethal,2018-06-22,19:20:00,Daylight,920,26,Yes,NoIntersection,Normal,Other,"49, COLOMBES (RUE) DE",M,48.90099971045133,2.899864036300782
201800037931,NonLethal,2018-06-24,16:25:00,Daylight,920,26,Yes,NoIntersection,Normal,Other,22 SEPTEMBRE ( RUE DU ),M,48.90742917701355,2.9077086366859515
201800037934,NonLethal,2018-07-05,14:52:00,Daylight,920,26,Yes,NoIntersection,Normal,2Vehicles-Behind,"132, VERDUN (DE 62 A FIN",M,48.90687904422917,2.90281469301567