AccidentId,Gravity,Date,Hour,Light,Department,Commune,InAgglomeration,IntersectionType,Weather,CollisionType,PostalAddress,GPSCode,Latitude,Longitude
201800037935,NonLethal,2018-07-05,18:05:00,Daylight,920,26,Yes,NoIntersection,Normal,2Vehicles-BehindVehicles-Frontal,"6, SAINT THOMASEN ARGONN",M,48.899379294954485,2.8992027420458726
201800037936,NonLethal,2018-07-09,08:00:00,TwilightOrDawn,920,26,Yes,NoIntersection,VeryGood,Other,"8O, EUROPE ( AVENUE DE L",M,48.90068983559219,2.9001218523437946
201800037937,NonLethal,2018-11-07,04:45:00,TwilightOrDawn,920,26,Yes,NoIntersection,Normal,3+Vehicles-Chain,"59, MARECHAL JOFFRE (QUA",M,48.899844182283296,2.9012675703695114
201800037938,NonLethal,2018-12-07,20:28:00,Daylight,920,26,Yes,X-type,Normal,3+Vehicles-Multiple,GAULTIER (RUE),M,48.89649778062402,2.896658508946361
201800037939,NonLethal,2018-06-30,18:30:00,Daylight,920,26,Yes,NoIntersection,Normal,3+Vehicles-Multiple,JOFFRE ( DE 02 A 26 ET D,M,48.89309803382269,2.893964305221414
201800037940,NonLethal,2018-12-07,19:30:00,Daylight,920,26,Yes,NoIntersection,Normal,Other,BERTHELOT,M,48.89777242453491,2.8975845857206157
201800037943,NonLethal,2018-08-02,13:10:00,Daylight,920,26,Yes,Other,Normal,Other,VERDUN (DE 62 A FIN),M,48.90554425677578,2.9051235388868517
201800037944,NonLethal,2018-08-06,12:30:00,Daylight,920,26,Yes,NoIntersection,Normal,3+Vehicles-Chain,NEUILLY (BD ET PONT DE),M,48.88768131483708,2.886092759550817
201800037945,NonLethal,2018-08-19,12:00:00,Daylight,920,26,Yes,Y-type,Normal,2Vehicles-Side,BEZONS (DE 23 A FIN),M,48.80064937315906,2.8004324979052053
201800037946,NonLethal,2018-08-24,09:15:00,Daylight,920,26,Yes,X-type,Normal,2Vehicles-Side,CHARRAS,M,48.89443307710781,2.8939748292088
201800037948,NonLethal,2018-09-03,20:25:00,NightStreelightsOn,920,26,Yes,NoIntersection,Normal,2Vehicles-Behind,SAINT-DENIS BD (120 A 17,M,48.89808985767682,2.899211762928105
201800037949,NonLethal,2018-07-22,11:50:00,Daylight,920,26,Yes,NoIntersection,Normal,2Vehicles-Side,"34, COLOMBES",M,48.89837467765701,2.898731552827697
201800037950,NonLethal,2018-08-01,18:40:00,Daylight,920,26,Yes,NoIntersection,Normal,2Vehicles-Behind,VERDUN (DE 62 A FIN),M,48.90345582682929,2.903311379734149
201800037951,NonLethal,2018-02-09,13:20:00,Daylight,920,26,Yes,T-type,Normal,2Vehicles-Side,MARECHAL JOFFRE (QUAI DU,M,,
201800037953,NonLethal,2018-06-09,08:40:00,Daylight,920,26,Yes,NoIntersection,Overcast,2Vehicles-Side,MARECHAL JOFFRE (QUAI DU,M,48.898728198852126,2.898248468937328
201800037954,NonLethal,2018-09-11,22:00:00,NightStreelightsOn,920,26,Yes,NoIntersection,Normal,2Vehicles-BehindVehicles-Frontal,ABREUVOIR,M,48.891013666066094,2.891386777445502
201800037955,NonLethal,2018-09-19,17:25:00,Daylight,920,26,Yes,NoIntersection,Normal,2Vehicles-Behind,COLOMBES,M,,
201800037956,NonLethal,2018-09-21,08:20:00,Daylight,920,26,Yes,NoIntersection,HeavyRain,Other,EDITH CAVELL (DE 47 A FI,M,48.90417125694485,2.904391787770103
201800037957,NonLethal,2018-09-22,12:00:00,Daylight,920,26,Yes,Other,Normal,Other,RÉPUBLIQUE ( DE 82 A FIN,M,48.90279117149869,2.902026105197795
201800037958,NonLethal,2018-09-22,17:45:00,Daylight,920,26,Yes,NoIntersection,Overcast,Other,MISSION MARCHAND (COTE P,M,48.89857322652772,2.8990743570795714
201800037959,NonLethal,2018-09-24,18:50:00,Daylight,920,26,Yes,NoIntersection,Normal,2Vehicles-Behind,MARECHAL JOFFRE (QUAI DU,M,,
201800037960,NonLethal,2018-09-30,11:05:00,Daylight,920,26,No,NoIntersection,Normal,3+Vehicles-Chain,PAUL DOUMER (QUAI DU PDT,M,,
201800037961,NonLethal,2018-04-10,17:33:00,TwilightOrDawn,920,26,Yes,NoIntersection,Normal,3+Vehicles-Multiple,VERDUN (DE 01 A 61),M,48.90024967502326,2.8978445456221302
201800037962,NonLethal,2018-04-10,22:35:00,NightStreelightsOn,920,26,Yes,T-type,Normal,2Vehicles-Side,PRÉSIDENT PAUL DOUMER (Q,M,48.88872637105396,2.8902539439759445
201800037963,NonLethal,2018-10-05,19:43:00,NightStreelightsOn,920,26,Yes,Other,Normal,2Vehicles-Side,BEZONS  (DE O1 A 22),M,48.88865212610192,2.889168682729607
201800037964,NonLethal,2018-10-06,10:37:00,Daylight,920,26,Yes,Roundabout,Normal,2Vehicles-Side,TROIS FRÈRES LEBOEUF (PL,M,,
201800037965,NonLethal,2018-10-08,07:45:00,TwilightOrDawn,920,26,Yes,NoIntersection,Normal,2Vehicles-Side,VERDUN (DE 62 A FIN),M,48.90087392888184,2.900068462647687
201800037967,NonLethal,2018-10-15,17:40:00,Daylight,920,26,Yes,NoIntersection,Normal,Other,MISSION MARCHAND (COTE I,M,48.89954932764537,2.900931702497443
201800037968,NonLethal,2018-10-17,10:00:00,Daylight,920,26,Yes,NoIntersection,Normal,2Vehicles-Behind,LOUIS BLANC ( RUE ),M,,
201800037970,NonLethal,2018-10-19,21:20:00,NightStreelightsOff,920,26,Yes,X-type,Normal,2Vehicles-Behind,ABREUVOIR,M,48.89027999196745,2.892040920257477
201800037971,NonLethal,2018-10-26,09:30:00,Daylight,920,26,Yes,NoIntersection,Overcast,2Vehicles-Behind,SAINT-DENIS BD DE (01 A,M,48.89630946396529,2.897649963292522
201800037972,NonLethal,2018-10-27,10:45:00,Daylight,920,26,Yes,Other,Normal,2Vehicles-Side,ALMA,M,48.895707822286894,2.897663117634091
201800037973,NonLethal,2018-11-06,21:00:00,NightStreelightsOn,920,26,Yes,Y-type,Normal,Other,ABOUKIR,M,48.89249667451936,2.892467071145132
201800037976,NonLethal,2018-11-20,21:10:00,NightStreelightsOn,920,26,Yes,NoIntersection,Normal,2Vehicles-Behind,MARECHAL JOFFRE (QUAI DU,M,48.90310157021138,2.902271637467872
201800037978,NonLethal,2018-11-27,19:00:00,NightStreelightsOn,920,26,Yes,NoIntersection,LightRain,Other,ALMA,M,48.89449560283721,2.8980864635867616
201800037979,NonLethal,2018-11-29,17:00:00,NightStreelightsOn,920,26,Yes,NoIntersection,Normal,2Vehicles-Behind,KILFORD,M,,
201800037980,NonLethal,2018-12-02,23:15:00,NightStreelightsOn,920,26,Yes,Roundabout,LightRain,2Vehicles-Side,BEZONS  (DE 01 A 22),M,48.8906960013413,2.889750028433592
201800037981,NonLethal,2018-01-12,22:00:00,NightStreelightsOn,920,26,Yes,Other,LightRain,Other,LEON BOURSIER,M,48.88866747094819,2.8886579999797792
201800037982,NonLethal,2018-09-12,14:00:00,Daylight,920,26,Yes,NoIntersection,LightRain,2Vehicles-Side,SAINT DENIS BD (120 A 17,M,48.89970356021796,2.896437451625961
201800037984,NonLethal,2018-12-12,16:55:00,NightStreelightsOn,920,26,Yes,NoIntersection,Normal,2Vehicles-Behind,MARECHAL JOFFRE (QUAI DU,M,48.9019830625164,2.899986826223721
201800037985,NonLethal,2018-12-14,08:35:00,Daylight,920,26,Yes,NoIntersection,Normal,NoCollision,EMILE DESCHANEL (IMPASSE,M,48.90052873615194,2.901056623576697
201800037986,NonLethal,2018-12-14,22:20:00,NightStreelightsOn,920,26,Yes,T-type,Normal,2Vehicles-Side,MARECHAL JOFFRE (QUAI DU,M,48.90002423857756,2.9016332309954773
201800037987,NonLethal,2018-12-15,19:20:00,NightStreelightsOn,920,26,Yes,T-type,LightRain,2Vehicles-Side,AJOUX,M,48.902569385558536,2.89957155954237
201800037988,NonLethal,2018-12-18,06:20:00,NightStreelightsOn,920,26,Yes,Other,Normal,2Vehicles-Side,LEON BOURSIER,M,48.8976193676907,2.899009609202209
201800037989,NonLethal,2018-12-18,17:50:00,NightStreelightsOn,920,26,Yes,Roundabout,Normal,Other,11 NOVEMBRE ( AVENUE ),M,48.89996860256968,2.901944934470873
201800037991,NonLethal,2018-01-10,06:45:00,NightStreelightsOn,920,26,Yes,NoIntersection,LightRain,NoCollision,Rue Félix EBOUE,M,48.89462557897102,2.8932502359862537
201800037992,NonLethal,2018-01-16,14:55:00,Daylight,920,62,Yes,NoIntersection,Normal,3+Vehicles-Multiple,"56, DEMI-LUNE (ROUTE DE",M,48.892556980338135,2.8932848321510187
201800037993,NonLethal,2018-02-01,08:45:00,Daylight,920,26,Yes,NoIntersection,Normal,2Vehicles-Side,BOULEVARD CIRCULAIRE,M,48.88967181863077,2.8898494151373115
201800037994,NonLethal,2018-02-13,11:40:00,TwilightOrDawn,920,26,Yes,NoIntersection,Normal,2Vehicles-Behind,BOULEVARD CIRCULAIRE,M,48.88901309565437,2.8894984462641617
201800037995,NonLethal,2018-02-22,09:00:00,Daylight,920,26,Yes,T-type,Normal,2Vehicles-Behind,STRASBOURG,M,48.891683802417205,2.8892419080088545
201800037998,NonLethal,2018-03-27,17:35:00,Daylight,920,62,Yes,NoIntersection,LightRain,2Vehicles-Behind,GENERAL DE GAULLE (AV,M,48.8882961559617,2.885994481141395
201800037999,NonLethal,2018-05-04,17:47:00,Daylight,920,62,Yes,Y-type,Normal,2Vehicles-Side,GENERAL DE GAULLE (AVENU,M,,
201800038000,NonLethal,2018-10-05,23:09:00,NightStreelightsOn,920,62,Yes,Other,Normal,2Vehicles-Side,"l, DEFENSE (ROND POINT D",M,,
201800038001,NonLethal,2018-05-25,19:05:00,NightStreelightsOn,920,62,No,NoIntersection,Normal,2Vehicles-Behind,RN 192,M,48.88826452944748,2.8897240730619767
201800038004,NonLethal,2018-07-17,20:45:00,TwilightOrDawn,920,62,Yes,NoIntersection,Normal,Other,PARVIS  LE,M,48.89242803905114,2.893840929209103
201800038005,NonLethal,2018-07-16,00:09:00,NightStreelightsOn,920,62,Yes,NoIntersection,Normal,Other,CHERBOURG (ROSACE DE),M,48.88921576244904,2.888818871982392
201800038006,NonLethal,2018-08-24,09:15:00,Daylight,920,62,Yes,NoIntersection,Normal,NoCollision,LA GRANDE ARCHE,M,48.88957382047017,2.890457053025369
201800038007,NonLethal,2018-08-29,00:20:00,NightStreelightsOn,920,62,No,NoIntersection,Normal,NoCollision,PARVIS (LE),M,48.89113408134688,2.892596400385587
201800038008,NonLethal,2018-09-07,09:44:00,Daylight,920,62,No,NoIntersection,Overcast,2Vehicles-Side,DEMI-LUNE (ROUTE DE LA),M,48.89304840367511,2.8943409382707075
201800038009,NonLethal,2018-09-20,20:55:00,NightStreelightsOn,920,26,Yes,T-type,Normal,2Vehicles-Side,DES BATISSEURS (VOIE),M,48.88841264049216,2.888995888974865
201800038012,NonLethal,2018-11-09,18:00:00,NightStreelightsOn,920,62,Yes,NoIntersection,Normal,NoCollision,CARPEAUX (PLACE),M,48.889688781590586,2.8912448410277816
201800038014,NonLethal,2018-12-08,11:05:00,Daylight,920,26,Yes,NoIntersection,Normal,2Vehicles-BehindVehicles-Frontal,RUE MICHEL ANGE,M,48.89547155148166,2.89368304674889
201800038015,NonLethal,2018-12-27,21:00:00,NightStreelightsOn,920,26,Yes,NoIntersection,Overcast,Other,ALBERT GLEIZES (AVENUE),M,48.89037845741616,2.8897085333768517
201800038016,NonLethal,2018-12-29,06:00:00,NightStreelightsOn,920,26,Yes,NoIntersection,Normal,2Vehicles-Behind,BOULEVARD CIRCULAIRE,M,48.88917055911399,2.889893655003639
201800038017,NonLethal,2018-01-10,17:27:00,Daylight,920,35,Yes,T-type,LightRain,2Vehicles-Side,"41, National ( boulevard",M,48.93555877900359,2.9345019589968078
201800038018,NonLethal,2018-01-02,16:30:00,Daylight,920,35,Yes,Roundabout,Normal,2Vehicles-Side,"3, Europe ( rond point d",M,48.90617302242069,2.906163568641778
201800038021,NonLethal,2018-03-04,07:45:00,TwilightOrDawn,920,35,Yes,NoIntersection,Normal,Other,"31, République ( bouleva",M,48.90457918943793,2.9054236965230555
201800038022,NonLethal,2018-10-04,11:20:00,Daylight,920,35,Yes,NoIntersection,Normal,NoCollision,"52, République ( bouleva",M,48.90641625976763,2.905842207234517
201800038023,NonLethal,2018-04-20,16:25:00,Daylight,920,35,Yes,NoIntersection,Normal,2Vehicles-Behind,"47, République ( bouleva",M,48.905810054636014,2.907989138040908
201800038024,NonLethal,2018-04-21,21:05:00,NightStreelightsOn,920,35,Yes,NoIntersection,Normal,2Vehicles-Behind,"179, Pierre Joigneaux (",M,48.91080169099844,2.910790224288892
201800038025,NonLethal,2018-03-05,20:30:00,Daylight,920,35,Yes,X-type,Normal,2Vehicles-Side,National ( boulevard ),M,49.90875662902069,2.909181096978744
201800038026,NonLethal,2018-04-05,10:15:00,Daylight,920,35,Yes,NoIntersection,Normal,NoCollision,"1, Verdun 1916 ( avenue",M,48.90643412207698,2.906395731107415
201800038027,NonLethal,2018-04-05,10:35:00,Daylight,920,35,Yes,NoIntersection,Normal,2Vehicles-Side,"60, Général de Gaulle  (",M,48.90896913422343,2.910814397897893
201800038029,NonLethal,2018-05-21,20:18:00,Daylight,920,35,Yes,NoIntersection,LightRain,2Vehicles-Side,"38, République ( bouleva",M,48.90564798107128,2.905380270995329
201800038030,NonLethal,2018-05-22,20:40:00,Daylight,920,35,Yes,NoIntersection,HeavyRain,NoCollision,"41, Général de Gaulle  (",M,48.91123671472613,2.91067066007552
201800038031,NonLethal,2018-05-30,13:00:00,Daylight,920,35,Yes,Other,Normal,2Vehicles-Side,"41, National ( boulevard",M,48.90553426388158,2.904040049671353
201800038032,NonLethal,2018-01-06,21:05:00,NightStreelightsOn,920,35,Yes,NoIntersection,LightRain,2Vehicles-Behind,"9, Verdun 1916 ( avenue",M,48.90579842652759,2.9062981282760414
201800038034,NonLethal,2018-06-13,21:00:00,TwilightOrDawn,920,35,Yes,X-type,Normal,2Vehicles-Side,"36, Pierre Brossolette (",M,48.90285404682293,2.902263676314795
201800038035,NonLethal,2018-06-22,00:38:00,NightStreelightsOn,920,35,Yes,NoIntersection,Normal,Other,"16, Aigle ( rue de l' )",M,48.91044581069603,2.9089621798528897
201800038036,NonLethal,2018-07-04,11:45:00,Daylight,920,35,Yes,NoIntersection,Normal,Other,"47, République ( bouleva",M,48.90519004460652,2.907291349158068
201800038037,NonLethal,2018-11-07,06:40:00,Daylight,920,35,Yes,Y-type,Normal,Other,"28, Joffre ( avenue )",M,48.90751385003928,2.906110596433473
201800038038,NonLethal,2018-07-13,10:40:00,Daylight,920,35,Yes,MoreThan4Branches,Normal,2Vehicles-BehindVehicles-Frontal,"1, Joseph Froment ( aven",M,48.913408307682985,2.912192530646564
201800038039,NonLethal,2018-08-03,09:05:00,Daylight,920,35,Yes,Other,Normal,2Vehicles-Behind,Général de Gaulle  ( ave,M,48.90966606147289,2.9100540782793365
201800038040,NonLethal,2018-07-31,11:33:00,Daylight,920,35,Yes,NoIntersection,Normal,Other,République ( boulevard d,M,48.9066535820971,2.9055622714928644
201800038041,NonLethal,2018-08-11,20:30:00,Daylight,920,35,Yes,Other,Normal,2Vehicles-Side,National ( boulevard ),M,48.904119470556346,2.905407801595268
201800038042,NonLethal,2018-08-08,23:30:00,NightStreelightsOn,920,35,Yes,X-type,Normal,NoCollision,Général de Gaulle  ( ave,M,48.910190233180735,2.910852841160171
201800038046,NonLethal,2018-09-29,12:35:00,Daylight,920,35,Yes,NoIntersection,Normal,2Vehicles-Side,République ( boulevard d,M,,
201800038047,NonLethal,2018-10-10,17:20:00,Daylight,920,35,Yes,T-type,Normal,2Vehicles-Side,National ( boulevard ),M,48.8988487363121,2.903864806483704
201800038048,NonLethal,2018-12-10,22:10:00,NightNoStreetLight,920,35,Yes,Roundabout,Normal,2Vehicles-Side,Europe ( rond point de l,M,48.90569143231976,2.9046506525276614
201800038049,NonLethal,2018-10-20,18:30:00,TwilightOrDawn,920,35,Yes,NoIntersection,Normal,2Vehicles-Side,Verdun 1916 ( avenue de,M,48.90872317369143,2.9087461634923337
201800038050,NonLethal,2018-10-25,14:00:00,Daylight,920,35,Yes,T-type,Normal,2Vehicles-Behind,National ( boulevard ),M,48.90501382091957,2.905683595310788
201800038051,NonLethal,2018-10-26,14:10:00,Daylight,920,35,Yes,X-type,Normal,2Vehicles-Side,National ( boulevard ),M,48.90732385252663,2.90516294821949
201800038052,NonLethal,2018-10-28,00:20:00,NightStreelightsOff,920,35,Yes,T-type,Normal,2Vehicles-Side,Verdun 1916 ( avenue de,M,48.90613569558489,2.902991500237809
201800038053,NonLethal,2018-08-11,17:15:00,TwilightOrDawn,920,35,Yes,Y-type,Normal,3+Vehicles-Chain,Château ( rue du ),M,48.90669364133856,2.906496701953364
201800038054,NonLethal,2018-11-12,08:00:00,TwilightOrDawn,920,35,Yes,T-type,LightRain,Other,Champs Philippe (rue des,M,48.90507584044134,2.904950600865844
201800038056,NonLethal,2018-11-20,08:35:00,TwilightOrDawn,920,35,Yes,Roundabout,LightRain,2Vehicles-Side,Europe ( rond point de l,M,48.90556429740825,2.9045179779276573
201800038057,Lethal,2018-11-23,23:39:00,NightStreelightsOn,920,35,Yes,NoIntersection,HeavyRain,Other,REPUBLIQUE (BD) DE LA,M,48.90480315568606,2.9068115237585466
201800038058,NonLethal,2018-11-26,18:20:00,NightStreelightsOn,920,35,Yes,NoIntersection,Normal,Other,République ( boulevard d,M,48.90588758175292,2.9084401771482487
201800038059,NonLethal,2018-11-28,22:00:00,NightNoStreetLight,920,35,Yes,X-type,Overcast,Other,Raymond Ridel ( rue ),M,48.90372079222305,2.9061517588397248
201800038060,NonLethal,2018-12-20,16:45:00,TwilightOrDawn,920,35,Yes,X-type,Normal,2Vehicles-Side,Auguste Buisson ( rue ),M,48.91006625578845,2.908870746257382
201800038062,NonLethal,2018-01-01,07:30:00,NightStreelightsOn,920,36,Yes,NoIntersection,Normal,Other,", CAMELINAT (BOULEVARD)",M,,
201800038063,NonLethal,2018-01-05,18:10:00,NightStreelightsOn,920,36,Yes,T-type,LightRain,2Vehicles-Side,"11, GENERAL DE GAULLE (A",M,48.00014037135372,1.9988083695944647
201800038064,NonLethal,2018-12-01,06:50:00,NightStreelightsOn,920,36,Yes,T-type,Normal,2Vehicles-Side,"0, ARGENTEUIL (AVENUE D'",M,48.00093273077974,2.000615753808165
201800038065,NonLethal,2018-01-12,07:10:00,TwilightOrDawn,920,36,Yes,T-type,Normal,Other,"0, RUE GEORGES SAND",M,47.99817468220355,2.000455922210694
201800038066,NonLethal,2018-01-13,18:25:00,NightStreelightsOn,920,36,Yes,Other,Normal,Other,"0, GABRIEL PERI (AVENUE)",M,48.000799315682734,2.00114037812999
201800038067,NonLethal,2018-01-12,18:50:00,NightStreelightsOn,920,36,Yes,X-type,Normal,2Vehicles-Side,"O, MARCEL PAUL (AVENUE)",M,48.0003701468553,1.9980388631242096
201800038068,NonLethal,2018-01-13,19:45:00,NightStreelightsOn,920,36,Yes,NoIntersection,Normal,Other,"l4, COUTURE D'AUXERRE (R",M,,
201800038069,NonLethal,2018-01-15,19:50:00,NightStreelightsOn,920,36,Yes,NoIntersection,LightRain,Other,"16, MARCEL PAUL (AVENUE)",M,,
201800038070,NonLethal,2018-01-18,07:40:00,TwilightOrDawn,920,36,Yes,X-type,LightRain,Other,"0, LOUIS ROCHE (AVENUE)",M,47.99892708575166,2.0009391959618563
201800038071,NonLethal,2018-01-22,12:45:00,Daylight,920,36,Yes,T-type,LightRain,2Vehicles-Side,"0, MARCEL PAUL (AVENUE)",M,47.99995582976319,2.000077661571704
201800038072,NonLethal,2018-01-22,22:20:00,NightStreelightsOn,920,36,Yes,NoIntersection,Normal,Other,"0, PRINCIPALE DU PORT (R",M,,
201800038074,NonLethal,2018-01-27,22:15:00,NightNoStreetLight,920,36,No,NoIntersection,Normal,Other,"44, LENINE (AVENUE)",M,47.999792708209,1.9997861871696945
201800038075,NonLethal,2018-01-31,19:00:00,NightStreelightsOn,920,36,Yes,NoIntersection,Normal,NoCollision,"0, PRINCIPALE DU PORT (R",M,47.99793641792416,2.000372254643365
201800038076,NonLethal,2018-02-01,18:50:00,NightStreelightsOn,920,36,Yes,X-type,Normal,2Vehicles-Side,"0, GABRIEL PERI (AVENUE)",M,48.00068059099492,2.000334520525996
201800038077,NonLethal,2018-02-02,21:10:00,NightStreelightsOn,920,36,Yes,NoIntersection,Normal,3+Vehicles-Multiple,"282, GRESILLONS (AVENUE",M,,
201800038078,NonLethal,2018-02-10,20:00:00,NightStreelightsOn,920,36,Yes,NoIntersection,LightRain,Other,"122, GENERAL DE GAULLE (",M,,
201800038079,NonLethal,2018-02-20,12:45:00,Daylight,920,36,Yes,Roundabout,Normal,Other,"0, PIERRE TIMBAUD (RUE)",M,,
201800038080,NonLethal,2018-03-02,17:45:00,Daylight,920,36,Yes,T-type,Normal,Other,"O, AVENUE DES GRESILLONS",M,48.00014412458344,2.000002313700315
201800038081,NonLethal,2018-03-07,13:50:00,Daylight,920,36,Yes,NoIntersection,Normal,2Vehicles-Behind,"0, AZALEES (RUE DES)",M,48.000075175620815,1.9999905773002835
201800038082,NonLethal,2018-03-07,14:30:00,Daylight,920,36,Yes,X-type,Normal,2Vehicles-Side,"0, PIERRE DE COUBERTIN P",M,47.99972176294928,1.9996192451898644
201800038084,NonLethal,2018-03-21,07:20:00,Daylight,920,36,Yes,NoIntersection,Normal,3+Vehicles-Chain,"99, MARCEL PAUL (AVENUE)",M,48.00073576879802,2.000174140686591
201800038085,NonLethal,2018-03-22,06:50:00,Daylight,920,36,Yes,NoIntersection,Normal,Other,"0, PETIT GENEVILLIERS (Q",M,48.00040370661352,1.998895610830941
201800038086,NonLethal,2018-03-24,14:00:00,Daylight,920,36,Yes,NoIntersection,Normal,2Vehicles-Side,AVENUE DES GRESILLONS,M,47.998764739338895,2.00069234015035
201800038088,NonLethal,2018-03-30,19:15:00,Daylight,920,36,Yes,NoIntersection,Normal,2Vehicles-Behind,"291, ARGENTEUIL (AVENUE",M,47.99971555803823,1.998673767903216
201800038089,NonLethal,2018-04-03,17:00:00,Daylight,920,36,Yes,NoIntersection,LightRain,2Vehicles-Side,"129, LOUIS ROCHE (AVENUE",M,48.00002568568076,2.002243307435408
201800038091,NonLethal,2018-04-07,13:58:00,Daylight,920,36,Yes,NoIntersection,Normal,Other,"42, LOUIS CALMEL (RUE) (",M,48.00231689428306,2.000346655604453
201800038093,NonLethal,2018-04-09,20:00:00,NightStreelightsOn,920,36,Yes,NoIntersection,HeavyRain,2Vehicles-Behind,"02, CAMELINAT (BOULEVARD",M,48.00022078101459,1.9984214797306408
201800038095,NonLethal,2018-04-20,17:00:00,Daylight,920,36,Yes,T-type,Normal,2Vehicles-Side,"0, LOUIS ROCHE (AVENUE)",M,,
201800038096,NonLethal,2018-04-21,12:30:00,Daylight,920,36,Yes,NoIntersection,Normal,Other,"40, LOUIS ROCHE (AVENUE)",M,48.00019744382943,1.9986502011682263
201800038098,NonLethal,2018-04-25,09:00:00,Daylight,920,36,Yes,NoIntersection,Normal,Other,"17, LOUIS ROCHE (AVENUE)",M,47.99998454347815,2.000239139239704
201800038099,NonLethal,2018-05-02,22:50:00,NightStreelightsOn,920,36,Yes,NoIntersection,Normal,Other,"0, rue  Louis Calmel",M,48.000691508432624,1.9979416788185649
201800038100,NonLethal,2018-12-05,16:50:00,Daylight,920,36,Yes,NoIntersection,LightRain,2Vehicles-Behind,LAURENT CELY (AVENUE),M,48.000521542654674,2.000897133680002
201800038101,NonLethal,2018-05-17,18:25:00,Daylight,920,36,Yes,NoIntersection,Normal,2Vehicles-Side,"26-54, rue  Louis Calmel",M,47.99909012595835,1.9996143935756288
201800038104,NonLethal,2018-05-25,06:30:00,Daylight,920,36,Yes,NoIntersection,Normal,2Vehicles-BehindVehicles-Frontal,"0, PIERRE DE COUBERTIN P",M,48.001492584754615,1.99979728391974
201800038105,NonLethal,2018-05-21,16:45:00,Daylight,920,36,Yes,NoIntersection,Normal,2Vehicles-Side,PRINCIPALE DU PORT (ROUT,M,47.99928527893842,1.9992342062506776
201800038106,NonLethal,2018-05-27,17:25:00,Daylight,920,36,No,NoIntersection,Normal,NoCollision,"04, PRINCIPALE DU PORT (",M,48.00043007492812,2.001021118409467
201800038107,NonLethal,2018-05-24,22:10:00,NightStreelightsOn,920,36,Yes,NoIntersection,Normal,NoCollision,"0, FELICIE (RUE)",M,47.99993189476545,1.9990923710679047
201800038108,NonLethal,2018-06-03,01:00:00,NightStreelightsOn,920,36,Yes,NoIntersection,Normal,2Vehicles-Behind,"1, MARCEL PAUL (AVENUE)",M,48.00013047250194,2.0000414348778865
201800038109,NonLethal,2018-06-04,09:10:00,Daylight,920,36,Yes,NoIntersection,Normal,2Vehicles-Side,"0, LOUIS ROCHE (AVENUE)",M,47.9987729963857,1.9999941056145387
201800038110,NonLethal,2018-06-13,08:40:00,Daylight,920,36,Yes,NoIntersection,Normal,Other,"80, HENRI BARBUSSE",M,47.99904940589283,1.9996708238642975
201800038111,NonLethal,2018-08-06,10:25:00,Daylight,920,36,Yes,NoIntersection,Normal,NoCollision,"0, PIERRE DE COUBERTIN P",M,48.00126263129377,2.000903150193562
201800038112,NonLethal,2018-06-15,21:30:00,NightStreelightsOn,920,36,Yes,NoIntersection,Normal,2Vehicles-Behind,"0, MARCEL PAUL (AVENUE)",M,48.000269083218114,2.0002098009131344
201800038113,NonLethal,2018-06-17,02:35:00,NightStreelightsOn,920,36,Yes,X-type,Normal,2Vehicles-Behind,"0, GABRIEL PERI (AVENUE)",M,48.000065537257264,2.000493149353317
201800038114,NonLethal,2018-06-25,16:30:00,Daylight,920,36,No,NoIntersection,Normal,2Vehicles-Behind,"0, PRINCIPALE DU PORT (R",M,47.99933892968446,1.9991759200544157
201800038115,NonLethal,2018-06-22,12:45:00,Daylight,920,36,Yes,NoIntersection,Normal,2Vehicles-Behind,"30, GENEAL DE GAULLE (AV",M,,
201800038117,NonLethal,2018-06-23,20:00:00,Daylight,920,36,Yes,X-type,Normal,2Vehicles-Side,"0, 19 MARS 1962",M,,
201800038118,NonLethal,2018-06-25,11:35:00,Daylight,920,36,Yes,NoIntersection,Normal,2Vehicles-Behind,"0, rue  Louis Calmel",M,48.00038300903171,2.0008166127388667
201800038119,NonLethal,2018-06-28,13:38:00,Daylight,920,36,Yes,NoIntersection,Normal,Other,"62, VILLEBOIS MAREUIL (R",M,48.000829441235446,2.001086358594359
201800038120,NonLethal,2018-09-07,15:10:00,Daylight,920,36,Yes,NoIntersection,Normal,2Vehicles-Side,LOUIS ROCHE (AVENUE) (1/,M,47.999763526841896,2.0001350224331302
201800038121,NonLethal,2018-07-10,17:30:00,Daylight,920,36,Yes,X-type,Normal,2Vehicles-Side,GENERAL DE GAULLE (AVENU,M,48.00023525935072,1.9990804127364863
201800038122,NonLethal,2018-12-07,09:00:00,Daylight,920,36,Yes,NoIntersection,Normal,2Vehicles-Side,"125, LOUIS ROCHE (AVENUE",M,47.99876563725184,2.000682567416322
201800038123,Lethal,2018-07-12,10:40:00,Daylight,920,36,Yes,X-type,Normal,2Vehicles-Side,"4, LOUIS ROCHE (AVENUE)",M,48.92314753873684,2.9246509489600525
201800038125,NonLethal,2018-07-27,14:45:00,Daylight,920,36,Yes,X-type,Normal,2Vehicles-Behind,PAUL VAILLANT COUTURIER,M,48.92445750838333,2.920656077502177
201800038126,NonLethal,2018-07-30,17:00:00,Daylight,920,36,Yes,X-type,Normal,2Vehicles-Side,GRESILLONS (QUAI DES),M,48.92049194928695,2.9215939025004998
201800038127,NonLethal,2018-08-13,22:15:00,NightStreelightsOn,920,36,Yes,X-type,Normal,2Vehicles-Side,LOUIS CASTEL (RUE) (2/60,M,,
201800038128,NonLethal,2018-08-06,11:30:00,Daylight,920,36,Yes,Roundabout,Normal,2Vehicles-Side,PIERRE TIMBAUD (RUE) (PA,M,48.93401537453025,2.9325948957138044
201800038130,NonLethal,2018-08-21,12:00:00,Daylight,920,36,Yes,X-type,Normal,2Vehicles-Behind,CHANDON (AVENUE) (1/63),M,48.92445743942207,2.9219076427188058
201800038131,NonLethal,2018-08-21,15:20:00,Daylight,920,36,Yes,T-type,Normal,2Vehicles-Side,LOUIS ROCHE (AVENUE) (1/,M,48.92733242810978,2.9271475164892067