AccidentId,Gravity,Date,Hour,Light,Department,Commune,InAgglomeration,IntersectionType,Weather,CollisionType,PostalAddress,GPSCode,Latitude,Longitude
201800038134,NonLethal,2018-09-12,16:15:00,Daylight,920,36,Yes,Roundabout,Normal,NoCollision,PRINCIPALE DU PORT (ROUT,M,48.93760232707619,2.937059474426335
201800038135,NonLethal,2018-09-16,09:00:00,Daylight,920,36,Yes,NoIntersection,Normal,2Vehicles-Behind,JULES VERNE (RUE),M,48.920979661154846,2.921449343909924
201800038136,NonLethal,2018-09-16,18:10:00,Daylight,920,36,Yes,NoIntersection,Normal,Other,GEORGE SAND (RUE) (PAIRS,M,48.92772912970537,2.9257805894327404
201800038138,NonLethal,2018-09-21,08:10:00,TwilightOrDawn,920,36,Yes,X-type,LightRain,2Vehicles-Side,PIERRE DE COUBERTIN PROL,M,48.934608925381646,2.936190038210884
201800038139,NonLethal,2018-09-24,18:00:00,Daylight,920,36,Yes,NoIntersection,Normal,Other,JEAN JAURES (RUE) (35/+),M,48.9298706973834,2.9287569171522887
201800038141,NonLethal,2018-09-26,17:45:00,Daylight,920,36,Yes,NoIntersection,Normal,Other,CHEVRINS (RUE DES) (2),M,48.92937190887525,2.930220852892108
201800038142,NonLethal,2018-09-30,15:20:00,Daylight,920,36,Yes,X-type,Normal,2Vehicles-Side,GENERAL DE GAULLE (AVENU,M,48.933510269919175,2.932913947373268
201800038144,NonLethal,2018-03-10,10:30:00,Daylight,920,36,Yes,X-type,Normal,2Vehicles-Side,DIX NEUF  MARS 1962 (RUE,M,48.91918491226711,2.918552634040752
201800038147,NonLethal,2018-10-09,16:45:00,Daylight,920,36,Yes,T-type,Normal,Other,PAUL VAILLANT COUTURIER,M,48.917828738220464,2.9168664031365203
201800038148,NonLethal,2018-10-15,15:50:00,Daylight,920,36,Yes,X-type,Normal,2Vehicles-Side,MOULIN DE CAGE (QUAI DU),M,48.92184400992191,2.9221545360171217
201800038149,NonLethal,2018-10-16,08:45:00,Daylight,920,36,Yes,NoIntersection,Normal,Other,MOULIN DE CAGE (QUAI DU),M,48.92125588502488,2.9196099748089344
201800038150,NonLethal,2018-10-19,08:05:00,Daylight,920,36,Yes,NoIntersection,Normal,2Vehicles-Side,MARCEL PAUL (AVENUE) (1/,M,48.94752103838361,2.9481609666432043
201800038151,NonLethal,2018-10-21,13:10:00,Daylight,920,36,Yes,X-type,Normal,2Vehicles-BehindVehicles-Frontal,LOUIS ROCHE (AVENUE) (15,M,48.92321730429463,2.923299655196537
201800038152,NonLethal,2018-10-25,09:00:00,Daylight,920,36,Yes,NoIntersection,Normal,2Vehicles-Behind,CHAMPS FOURGONS (RUE DES,M,48.94077941872839,2.9422935026698323
201800038153,NonLethal,2018-10-01,08:10:00,Daylight,920,36,Yes,NoIntersection,Normal,2Vehicles-Side,GABRIEL PERI (AVENUE) (1,M,48.9235548106603,2.921411140002402
201800038154,NonLethal,2018-10-26,16:30:00,Daylight,920,36,Yes,NoIntersection,Normal,Other,LUCIEN LANTERNIER (AVENU,M,48.93474239174888,2.933339134124206
201800038155,NonLethal,2018-02-11,22:10:00,NightStreelightsOn,920,36,Yes,NoIntersection,Normal,2Vehicles-Behind,LOUIS ROCHE (AVENUE) (1/,M,48.9298345198666,2.9276677028950937
201800038156,NonLethal,2018-11-06,20:25:00,NightStreelightsOn,920,36,Yes,NoIntersection,Normal,2Vehicles-Side,GRESILLONS (AVENUE DES),M,48.91764276105166,2.9191182316534974
201800038157,NonLethal,2018-11-11,12:50:00,Daylight,920,36,Yes,X-type,Normal,2Vehicles-Behind,MARCEL PAUL (AVENUE) (1/,M,48.94505974591648,2.944276303089585
201800038158,NonLethal,2018-11-15,13:20:00,Daylight,920,36,Yes,NoIntersection,Normal,2Vehicles-Side,LOUIS ROCHE (AVENUE) (47,M,48.92672212981194,2.9291492439514526
201800038159,NonLethal,2018-11-15,19:25:00,NightStreelightsOn,920,36,Yes,X-type,Normal,2Vehicles-Side,GABRIEL PERI (AVENUE) (1,M,48.92812409699212,2.928841029117839
201800038160,NonLethal,2018-11-19,18:20:00,NightStreelightsOn,920,36,Yes,NoIntersection,Normal,Other,MOULIN DE CAGE (QUAI DU),M,48.92178768797433,2.9204998595419216
201800038161,NonLethal,2018-11-20,14:50:00,Daylight,920,36,Yes,NoIntersection,LightRain,Other,BEETHOVEN (RUE),M,48.9282861884416,2.9278268474202416
201800038162,NonLethal,2018-11-21,21:15:00,NightStreelightsOn,920,36,Yes,NoIntersection,Normal,Other,LAURENT CELY (AVENUE) (1,M,48.93294893868896,2.9334226222423987
201800038163,NonLethal,2018-11-23,07:30:00,TwilightOrDawn,920,36,Yes,NoIntersection,Normal,Other,LUCIEN LANTERNIER (AVENU,M,48.93329329453047,2.933221476211053
201800038164,NonLethal,2018-11-23,07:45:00,TwilightOrDawn,920,36,No,NoIntersection,Normal,2Vehicles-Side,PIERRE DE COUBERTIN PROL,M,48.93671438700145,2.9352616036625467
201800038165,NonLethal,2018-11-28,16:45:00,TwilightOrDawn,920,36,Yes,X-type,Normal,2Vehicles-Side,PAUL VERLAINE (RUE),M,48.93542886788947,2.934211444214956
201800038166,NonLethal,2018-11-29,10:30:00,Daylight,920,36,Yes,NoIntersection,Normal,2Vehicles-Behind,GABRIEL PERI (AVENUE) (2,M,48.000031275437856,2.0014781540105777
201800038167,NonLethal,2018-12-01,21:25:00,NightStreelightsOn,920,36,Yes,Roundabout,LightRain,Other,LOUIS CALMEL (RUE) (l),M,48.923211828302,2.923926711309629
201800038168,NonLethal,2018-12-02,19:45:00,NightStreelightsOn,920,36,Yes,X-type,Normal,2Vehicles-Side,BONGARDE (RUE DE LA) (1/,M,48.9273089916842,2.925754181318996
201800038170,NonLethal,2018-11-12,08:30:00,Daylight,920,36,Yes,X-type,Normal,2Vehicles-Side,PIERRE DE COUBERTIN (BOU,M,48.92708136077742,2.925529409282841
201800038171,NonLethal,2018-12-15,12:25:00,Daylight,920,36,Yes,NoIntersection,Normal,Other,MARCEL PAUL (AVENUE) (1/,M,48.93580150510809,2.9371362076953305
201800038173,NonLethal,2018-12-15,19:40:00,NightStreelightsOn,920,36,Yes,Roundabout,Normal,Other,LOUIS CALMEL (RUE) (1),M,48.92111829161399,2.9214551648790823
201800038174,NonLethal,2018-12-21,18:20:00,NightStreelightsOn,920,36,Yes,X-type,Normal,2Vehicles-Side,THOMAS EDISON (RUE),M,48.9310702991533,2.933582507137104
201800038175,NonLethal,2018-12-26,12:15:00,Daylight,920,36,Yes,X-type,Normal,2Vehicles-Side,LOUISE MICHEL (IMPAIRS),M,48.92370581118526,2.925304518521231
201800038177,NonLethal,2018-01-18,06:50:00,TwilightOrDawn,920,40,Yes,X-type,LightRain,3+Vehicles-Multiple,RESISTANCE (PLACE DE LA),M,,
201800038178,NonLethal,2018-06-27,13:50:00,Daylight,920,40,Yes,X-type,Normal,2Vehicles-Behind,"11, GALLIENI (BOULEVARD)",M,48.83181025818062,2.831602014204228
201800038179,NonLethal,2018-12-06,16:05:00,Daylight,920,40,Yes,NoIntersection,Normal,Other,"4, MINARD (RUE)",M,48.823189805276726,2.823837893039712
201800038180,NonLethal,2018-06-09,17:30:00,Daylight,920,40,Yes,NoIntersection,Normal,2Vehicles-Behind,"285, STALINGRAD (QUAI DE",M,48.8247219057889,2.824592726078812
201800038181,NonLethal,2018-06-28,09:30:00,Daylight,920,40,Yes,T-type,Normal,2Vehicles-Side,"194, VERDUN (AVENUE DE)",M,48.81904045817927,2.8176892064855834
201800038183,NonLethal,2018-09-17,14:00:00,Daylight,920,40,Yes,X-type,Normal,Other,ROUGET DE L'ISLE,M,48.827411599917376,2.8264212180909967
201800038184,NonLethal,2018-02-05,08:00:00,Daylight,920,40,Yes,NoIntersection,Normal,2Vehicles-Behind,"87, PDT ROOSEVELT (QUAI",M,,
201800038185,NonLethal,2018-02-12,14:21:00,Daylight,920,40,Yes,X-type,Normal,NoCollision,ERNEST RENAN,M,48.82736999122804,2.8270245615475487
201800038186,NonLethal,2018-02-13,16:45:00,Daylight,920,40,Yes,NoIntersection,LightRain,Other,"19, JEAN JACQUES ROUSSEA",M,,
201800038187,NonLethal,2018-02-13,21:30:00,NightStreelightsOn,920,40,Yes,X-type,LightRain,2Vehicles-BehindVehicles-Frontal,"134, PAIX (AVENUE DE LA)",M,48.16627831788721,2.165201145390629
201800038188,NonLethal,2018-02-20,09:00:00,Daylight,920,40,Yes,X-type,LightRain,2Vehicles-Side,"57, GALLIENI (BOULEVARD)",M,48.82508379836244,2.8237861890588425
201800038189,NonLethal,2018-02-27,10:35:00,Daylight,920,40,Yes,NoIntersection,SnowOrHail,2Vehicles-Behind,GALLIENI (BOULEVARD),M,48.82223814723529,2.821542599665242
201800038190,Lethal,2018-11-14,22:25:00,NightStreelightsOn,920,40,Yes,NoIntersection,Normal,Other,VIADUC (DU),M,48.81882841064547,2.8188391495780243
201800038191,NonLethal,2018-10-03,14:30:00,Daylight,920,40,Yes,NoIntersection,Normal,Other,"35, GALLIENI (BOULEVARD)",M,48.82774195035352,2.824740125311844
201800038192,NonLethal,2018-03-18,10:30:00,Daylight,920,40,Yes,MoreThan4Branches,Normal,2Vehicles-Side,"., PASTEUR (AVENUE)",M,48.820318882949145,2.820695827656325
201800038193,NonLethal,2018-03-19,12:05:00,Daylight,920,40,Yes,NoIntersection,LightRain,Other,"12-18, GOUVERNEUR GAL EB",M,48.83070366280688,2.827577481149603
201800038194,NonLethal,2018-01-16,19:58:00,NightStreelightsOn,920,40,Yes,NoIntersection,LightRain,2Vehicles-Side,"132, VERDUN (AVENUE DE)",M,48.82654896489993,2.8256392480004613
201800038195,NonLethal,2018-01-31,00:20:00,NightStreelightsOn,920,40,Yes,NoIntersection,LightRain,Other,"1, ARISTIDE BRIAND",M,42.25187691514201,2.254659068316288
201800038198,NonLethal,2018-11-04,10:57:00,Daylight,920,40,Yes,T-type,Normal,2Vehicles-Side,"143, VERDUN (AVENUE DE)",M,48.817312462716366,2.818883745061456
201800038199,NonLethal,2018-04-14,12:25:00,Daylight,920,40,Yes,T-type,Normal,Other,JEAN JAURES (AVENUE),M,48.82586726977835,2.823471778670776
201800038200,NonLethal,2018-04-21,13:46:00,Daylight,920,40,Yes,NoIntersection,Normal,2Vehicles-Side,"50, GALLIENI (BOULEVARD)",M,,
201800038202,NonLethal,2018-04-26,19:19:00,Daylight,920,40,Yes,NoIntersection,Normal,2Vehicles-Side,PDT ROOSEVELT (QUAI DU),M,48.83061996852528,2.8321040326508347
201800038203,NonLethal,2018-04-26,20:05:00,Daylight,920,40,Yes,NoIntersection,Normal,2Vehicles-Side,"18, ARISTIDE BRIAND",M,48.82075128430898,2.8223381928249194
201800038204,NonLethal,2018-02-02,19:18:00,NightStreelightsOn,920,40,Yes,NoIntersection,Normal,2Vehicles-BehindVehicles-Frontal,VOLTAIRE,M,48.825865872497,2.82573780163414
201800038205,NonLethal,2018-04-30,21:00:00,NightStreelightsOn,920,40,Yes,X-type,LightRain,2Vehicles-Side,"6, TELLES DE LA POTERIE",M,48.82178356340564,2.8229918985276905
201800038207,NonLethal,2018-05-14,19:15:00,Daylight,920,40,Yes,Y-type,LightRain,2Vehicles-Side,"11, ARCHES d'ISSY",M,48.82306528057836,2.823865600842854
201800038208,NonLethal,2018-05-16,17:30:00,Daylight,920,40,Yes,NoIntersection,Normal,2Vehicles-Behind,"38, ARISTIDE BRIAND",M,48.82182300180893,2.820032607702677
201800038209,NonLethal,2018-05-27,15:21:00,Daylight,920,40,Yes,X-type,Normal,2Vehicles-BehindVehicles-Frontal,GENERAL DE GAULLE (AVE D,M,48.817606535696,2.817150271749735
201800038210,NonLethal,2018-05-30,20:00:00,Daylight,920,40,Yes,NoIntersection,Normal,3+Vehicles-Chain,"12, VOLTAIRE (BOULEVARD)",M,48.8287133434052,2.827271493587929
201800038211,NonLethal,2018-06-08,18:43:00,Daylight,920,40,Yes,NoIntersection,Normal,2Vehicles-Behind,"7, JEAN-PIERRE TIMBAUD",M,,
201800038212,NonLethal,2018-06-04,13:55:00,Daylight,920,40,Yes,NoIntersection,Normal,2Vehicles-Behind,"26, JEAN JACQUES ROUSSEA",M,42.25428643213712,2.252778796272555
201800038213,NonLethal,2018-01-07,15:15:00,Daylight,920,40,Yes,NoIntersection,Normal,Other,"54, RODIN (BOULEVARD)",M,48.82166437422365,2.8235457720757102
201800038214,NonLethal,2018-07-06,12:20:00,Daylight,920,40,Yes,NoIntersection,Normal,NoCollision,"OO, ARISTIDE BRIAND",M,,
201800038215,NonLethal,2018-07-18,08:57:00,Daylight,920,40,Yes,NoIntersection,Normal,Other,GALLIENI (BOULEVARD),M,48.83141373779769,2.832082533871135
201800038216,NonLethal,2018-07-19,18:50:00,Daylight,920,40,Yes,NoIntersection,Normal,2Vehicles-Side,"196, STALINGRAD (QUAI DE",M,48.82206124261804,2.8234019506287904
201800038217,NonLethal,2018-07-20,18:20:00,Daylight,920,40,Yes,NoIntersection,LightRain,Other,DOCTEUR LOMBARD (DU),M,48.818090298036296,2.8184580281122185
201800038218,NonLethal,2018-07-31,17:15:00,Daylight,920,40,Yes,NoIntersection,Normal,2Vehicles-Behind,FRERES VOISIN (BOULEVARD,M,,
201800038219,NonLethal,2018-02-05,20:33:00,TwilightOrDawn,920,40,Yes,NoIntersection,LightRain,Other,rue du passeur de boulog,M,42.25455723949186,2.2550610670509568
201800038220,NonLethal,2018-01-08,19:00:00,Daylight,920,40,Yes,NoIntersection,Normal,2Vehicles-Behind,PAIX (AVENUE DE LA),M,48.81674868487461,2.817370864636064
201800038222,NonLethal,2018-08-27,19:35:00,Daylight,920,40,Yes,NoIntersection,Normal,2Vehicles-Side,ROUGET DE L'ISLE,M,48.8279672823167,2.8295584827380336
201800038223,NonLethal,2018-09-03,09:40:00,Daylight,920,40,Yes,NoIntersection,Normal,Other,STALINGRAD (QUAI DE),M,48.82813576642749,2.828616879737216
201800038224,NonLethal,2018-09-04,13:50:00,Daylight,920,40,Yes,NoIntersection,Normal,2Vehicles-Side,GALLIENI (BOULEVARD),M,,
201800038225,NonLethal,2018-09-18,13:30:00,Daylight,920,40,Yes,Other,LightRain,NoCollision,ROUGET DE L'ISLE,M,,
201800038226,NonLethal,2018-09-19,17:10:00,Daylight,920,40,Yes,NoIntersection,Normal,2Vehicles-Behind,ERNEST RENAN,M,48.82977509813629,2.8265200862006985
201800038227,NonLethal,2018-09-25,10:44:00,Daylight,920,40,Yes,NoIntersection,Normal,Other,GAMBETTA (BOULEVARD),M,48.828430134298245,2.827028045433792
201800038228,NonLethal,2018-09-25,18:05:00,Daylight,920,40,Yes,X-type,Normal,2Vehicles-BehindVehicles-Frontal,GALLIENI (BOULEVARD),M,48.83074913403948,2.8316749257325
201800038229,NonLethal,2018-09-28,07:25:00,TwilightOrDawn,920,40,Yes,X-type,Normal,Other,JULES GUESDES,M,,
201800038230,NonLethal,2018-10-02,14:47:00,Daylight,920,40,Yes,NoIntersection,Normal,2Vehicles-Behind,STALINGRAD (QUAI DE),M,48.82615637798817,2.8249782664292677
201800038232,NonLethal,2018-10-06,18:30:00,Daylight,920,40,Yes,X-type,Normal,2Vehicles-Side,VERDUN (AVENUE DE) DU 11,M,48.82191886360063,2.8226330771340464
201800038233,NonLethal,2018-10-11,17:12:00,Daylight,920,40,Yes,NoIntersection,Normal,2Vehicles-Behind,ROUGET DE L'ISLE,M,48.829403375038645,2.83090511656532
201800038234,NonLethal,2018-10-15,15:37:00,Daylight,920,40,Yes,NoIntersection,Normal,2Vehicles-Side,QUATRE SEPTEMBRE (DU),M,48.828844731242334,2.828374317169258
201800038235,NonLethal,2018-04-11,09:00:00,Daylight,920,40,Yes,NoIntersection,Normal,2Vehicles-Behind,STALINGRAD (QUAI DE),M,48.82262722997199,2.8223849310142457
201800038236,NonLethal,2018-11-06,22:20:00,NightStreelightsOn,920,40,Yes,T-type,Normal,2Vehicles-Side,HOCHE,M,48.822856329628856,2.8243552528559546
201800038239,NonLethal,2018-11-22,08:00:00,TwilightOrDawn,920,40,Yes,NoIntersection,FogOrSmoke,Other,PAIX (AVENUE DE LA),M,48.92181692456917,2.91860031944536
201800038240,NonLethal,2018-11-26,08:00:00,TwilightOrDawn,920,40,Yes,NoIntersection,Normal,Other,VERDUN (AVENUE DE) DU 83,M,48.81886904885746,2.8188117151215337
201800038241,NonLethal,2018-11-27,09:05:00,Daylight,920,40,Yes,NoIntersection,Normal,NoCollision,PIERRE BROSSOLETTE,M,,
201800038242,NonLethal,2018-11-27,11:45:00,Daylight,920,40,Yes,T-type,Normal,2Vehicles-Side,HORACE VERNET,M,,
201800038243,NonLethal,2018-11-27,17:12:00,NightStreelightsOn,920,7,Yes,NoIntersection,LightRain,Other,ROSSINI (RUE),M,48.80276016338973,2.8028129873497827
201800038244,NonLethal,2018-11-29,08:45:00,Daylight,920,40,Yes,NoIntersection,Normal,Other,GABRIEL PERI,M,48.81854198063776,2.8197795288421577
201800038245,NonLethal,2018-03-12,01:20:00,NightStreelightsOn,920,40,Yes,NoIntersection,Normal,Other,GALLIENI (BOULEVARD),M,48.83382742193726,2.83448726237867
201800038248,NonLethal,2018-12-19,12:10:00,Daylight,920,40,Yes,NoIntersection,LightRain,Other,VOLTAIRE (BOULEVARD),M,48.82525867867873,2.827920488307214
201800038249,NonLethal,2018-12-21,14:40:00,Daylight,920,48,Yes,NoIntersection,Normal,2Vehicles-Behind,GARDES (ROUTE DES) N° 55,M,48.81745092764029,2.818733783020548
201800038250,NonLethal,2018-12-21,20:35:00,NightStreelightsOn,920,12,Yes,X-type,Normal,2Vehicles-Side,CHARLES DE GAULLE (AVENU,M,48.84867642281561,2.84887581736483
201800038251,NonLethal,2018-10-01,07:50:00,NightStreelightsOn,920,44,Yes,T-type,LightRain,Other,", J. GUESDE(RUE) 1A23 ET",M,48.890732848233405,2.891939451660568
201800038252,NonLethal,2018-01-11,18:00:00,TwilightOrDawn,920,44,Yes,X-type,Normal,2Vehicles-Side,"9, J. GUESDE(RUE) 1A23 E",M,48.89295438728352,2.893055514126973
201800038253,NonLethal,2018-01-15,19:36:00,TwilightOrDawn,920,44,Yes,T-type,LightRain,Other,"33, ERNEST COGNACQ(RUE)",M,48.8959605541659,2.8974885688103145
201800038254,NonLethal,2018-01-16,14:33:00,Daylight,920,44,Yes,NoIntersection,LightRain,2Vehicles-Side,"2, BINEAU (BOULEVARD)",M,48.89342472533044,2.892170210429971
201800038255,NonLethal,2018-01-19,21:50:00,NightStreelightsOn,920,44,Yes,NoIntersection,Normal,2Vehicles-Behind,"67, JEAN JAURES(RUE) 57A",M,48.892771992865605,2.890807835306517
201800038256,NonLethal,2018-12-17,17:45:00,TwilightOrDawn,920,44,Yes,X-type,Normal,Other,ED.VAILLANT(RUE) 75A117,M,48.89322040928088,2.892150720135765
201800038257,NonLethal,2018-10-04,18:30:00,Daylight,920,44,Yes,T-type,Normal,2Vehicles-Side,J. GUESDE(RUE) 1A23 ET2A,M,48.89385591160537,2.89438042433788
201800038258,NonLethal,2018-01-02,15:45:00,Daylight,920,44,Yes,Other,LightRain,2Vehicles-Behind,"45, MICHELET (QUAI) 32 A",M,48.90023974778823,2.900993995686419
201800038259,NonLethal,2018-02-21,10:53:00,Daylight,920,51,Yes,NoIntersection,Normal,2Vehicles-Side,"53, VICTOR HUGO (BOULEVA",M,48.88856932609786,2.887095734880651
201800038260,NonLethal,2018-01-23,18:30:00,TwilightOrDawn,920,44,Yes,NoIntersection,Normal,Other,"110, VIC. HUGO(RUE)077A0",M,48.89107237666131,2.8913025782154302
201800038261,NonLethal,2018-02-26,22:30:00,NightStreelightsOn,920,44,Yes,X-type,Normal,Other,"02, LOUIS ROUQUIER(RUE)",M,48.892907382137146,2.892968906513523
201800038262,NonLethal,2018-01-18,10:30:00,Daylight,920,44,Yes,NoIntersection,LightRain,Other,"75, ANA. FRANCE(RUE)1A75",M,48.89530038131564,2.892161571999332
201800038265,NonLethal,2018-01-12,18:50:00,NightStreelightsOn,920,44,Yes,X-type,Normal,Other,", KLEBER (RUE)",M,48.89213277885567,2.894288936939144
201800038266,NonLethal,2018-03-19,19:10:00,NightStreelightsOn,920,44,Yes,Square,Normal,2Vehicles-Side,"0, ONZE NOVEMBRE 1918 (P",M,48.89237003974473,2.892626131767143
201800038267,NonLethal,2018-03-15,16:20:00,Daylight,920,44,Yes,Roundabout,Normal,2Vehicles-Side,"27, MICHELET(QUAI) 2 A 3",M,48.89262379032522,2.892794324778147
201800038268,NonLethal,2018-03-27,08:17:00,Daylight,920,44,Yes,T-type,LightRain,Other,23 HENRI BARBUSSE (RUE),M,48.89324597010463,2.891823298208292
201800038269,NonLethal,2018-02-17,16:10:00,Daylight,920,44,Yes,NoIntersection,Normal,Other,"25, CARNOT(RUE)1A41 ET 2",M,48.894006512891565,2.892344661743276
201800038272,NonLethal,2018-04-14,14:14:00,Daylight,920,44,Yes,Other,Normal,2Vehicles-Side,"4, PDT WILSON(RUE)23A49",M,48.89168226637271,2.8917553047756974
201800038273,NonLethal,2018-06-05,14:40:00,Daylight,920,44,Yes,T-type,Normal,2Vehicles-Side,CAMILLE PELLETAN(RUE)17,M,48.89373773662226,2.893843572418269
201800038274,NonLethal,2018-05-07,18:35:00,Daylight,920,44,Yes,NoIntersection,Normal,Other,"36, JEAN JAURES(RUE) 1A5",M,48.89272170899846,2.893875318992743
201800038275,NonLethal,2018-05-11,13:15:00,Daylight,920,44,Yes,NoIntersection,Normal,Other,LOUISE MICHEL(RUE) 41+E,M,48.89254819420195,2.8934256471445234
201800038279,NonLethal,2018-05-22,08:00:00,Daylight,920,44,Yes,X-type,Normal,Other,"15O, BAUDIN (RUE)85 + ET",M,48.891404715324114,2.8917486599013444
201800038280,NonLethal,2018-05-22,22:15:00,NightStreelightsOn,920,44,Yes,Other,Normal,NoCollision,"92, MARIUS AUFAN(RUE) 69",M,48.892326878113074,2.8946487800798786
201800038281,NonLethal,2018-05-22,14:40:00,Daylight,920,44,Yes,Other,Normal,Other,"67, ANA. FRANCE(RUE)1A75",M,48.89391365797351,2.8924096772062806
201800038282,NonLethal,2018-04-30,16:45:00,Daylight,920,44,Yes,NoIntersection,Normal,Other,"99, LOUIS ROUQUIER(RUE)4",M,48.89503514120482,2.8942627728342982
201800038283,NonLethal,2018-06-03,13:10:00,Daylight,920,44,Yes,NoIntersection,Normal,Other,CLAUDE MONET(ROND POINT),M,48.89323898494509,2.89300864091345
201800038284,NonLethal,2018-05-24,10:05:00,Daylight,920,44,Yes,T-type,Normal,2Vehicles-Side,"19, ED. VAILLANT(RUE) 1A",M,48.89257550963485,2.892308294986777
201800038286,NonLethal,2018-05-25,16:20:00,Daylight,920,44,Yes,X-type,LightRain,2Vehicles-Side,"6, BAUDIN (RUE) 1A25 ET",M,48.89247281143008,2.892035550281043
201800038287,NonLethal,2018-06-25,19:50:00,Daylight,920,44,Yes,X-type,Normal,Other,"139, ARISTIDE BRIAND(RUE",M,48.89310928867223,2.893965027944221
201800038288,NonLethal,2018-06-27,20:10:00,Daylight,920,44,Yes,NoIntersection,Normal,Other,COLLANGE(RUE) 1A13 ET 2A,M,48.89328472739776,2.8909188174659857
201800038289,NonLethal,2018-06-27,21:18:00,TwilightOrDawn,920,44,Yes,NoIntersection,Normal,Other,"12, LORRAINE (RUE DE)",M,48.892882920664185,2.8933660477149417
201800038290,NonLethal,2018-05-29,21:30:00,NightStreelightsOn,920,44,Yes,MoreThan4Branches,Normal,NoCollision,"28, JACQUES IBERT(RUE)26",M,48.893522376991726,2.893006263382836
201800038291,NonLethal,2018-05-06,12:00:00,Daylight,920,44,Yes,NoIntersection,Normal,Other,"4, CLAUDE MONET(ROND POI",M,48.89371820372125,2.8919244768736623
201800038292,NonLethal,2018-05-27,18:45:00,Daylight,920,44,Yes,NoIntersection,Normal,2Vehicles-Side,"45, MICHELET(QUAI) 2 A 3",M,48.892071950466686,2.8941347662878507
201800038293,NonLethal,2018-06-13,10:56:00,Daylight,920,44,Yes,X-type,Normal,Other,"59, PDT WILSON(RUE)51A75",M,48.8919948794034,2.892624095961416
201800038295,NonLethal,2018-06-07,16:50:00,Daylight,920,44,Yes,NoIntersection,Normal,2Vehicles-Behind,"87, J. GUESDE(RUE)71A101",M,48.89164685432244,2.893434045108246
201800038296,NonLethal,2018-05-18,13:30:00,Daylight,920,44,Yes,NoIntersection,Normal,Other,"130, VIC HUGO(RUE)115A1",M,48.89297180359037,2.89149443858479
201800038298,NonLethal,2018-06-25,23:00:00,NightStreelightsOn,920,44,Yes,NoIntersection,Normal,2Vehicles-Side,"118, VIC. HUGO(RUE)091A1",M,48.89168646855777,2.892079917160643
201800038299,NonLethal,2018-07-23,13:00:00,Daylight,920,44,Yes,X-type,Normal,2Vehicles-Side,"29, P.V.COUTURIER(RUE)41",M,48.8922411133871,2.893028898983903
201800038300,NonLethal,2018-04-29,23:10:00,NightStreelightsOn,920,44,Yes,NoIntersection,Normal,Other,"30, CHARLES PASQUA(QUAI)",M,48.89273274918923,2.893118672133154
201800038301,NonLethal,2018-07-25,01:30:00,NightStreelightsOn,920,44,Yes,NoIntersection,Normal,Other,"63, RIVAY(RUE)41A71 ET38",M,48.89211036478693,2.894118440032525
201800038304,NonLethal,2018-06-30,15:10:00,Daylight,920,44,Yes,Other,Normal,Other,"24, VILLIERS(RUE DE)  2A",M,48.8920691414676,2.8913399973827785
201800038305,NonLethal,2018-07-09,19:20:00,Daylight,920,44,Yes,T-type,Normal,Other,182 DANTON (RUE) 125+,M,48.89185747973568,2.8943969396862763
201800038306,NonLethal,2018-08-20,10:15:00,Daylight,920,44,Yes,Y-type,Normal,2Vehicles-BehindVehicles-Frontal,VIC. HUGO(RUE)091A113 ET,M,48.89761780517532,2.8973714719090204
201800038307,NonLethal,2018-08-21,11:10:00,Daylight,920,44,Yes,T-type,Normal,2Vehicles-Behind,JEAN JAURES(RUE) 1A55 ET,M,48.89084892393033,2.889925515121371
201800038309,NonLethal,2018-01-07,00:55:00,NightStreelightsOn,920,44,Yes,NoIntersection,Normal,NoCollision,"44, CHARLES PASQUA (QUAI",M,48.89197358760171,2.892393901204438
201800038310,NonLethal,2018-02-07,15:50:00,Daylight,920,44,Yes,NoIntersection,Normal,2Vehicles-Side,"115, J. GUESDES(RUE)103A",M,48.893414426798216,2.892825853235556
201800038311,NonLethal,2018-01-07,20:55:00,Daylight,920,44,Yes,T-type,Normal,2Vehicles-Side,"132, ANA.FRANCE(RUE)77A1",M,48.893483299819856,2.8924522909431185
201800038313,NonLethal,2018-07-11,00:01:00,NightStreelightsOn,920,44,Yes,NoIntersection,Normal,2Vehicles-Side,VIC. HUGO (RUE) O91A113,M,48.89337268066372,2.891252351138807
201800038314,NonLethal,2018-08-04,06:00:00,NightStreelightsOn,920,44,Yes,NoIntersection,Normal,Other,VIC. HUGO(RUE)001A067 ET,M,48.893155832517714,2.892449943956416
201800038315,NonLethal,2018-06-09,16:00:00,TwilightOrDawn,920,44,Yes,NoIntersection,Normal,Other,MATHILDE GIRAULT (RUE),M,48.89706161352709,2.8968393710966693
201800038316,NonLethal,2018-06-09,19:44:00,Daylight,920,44,Yes,NoIntersection,Normal,2Vehicles-Side,J. GUESDE(RUE) 1A23 ET2A,M,48.89067395776861,2.893348456263642
201800038317,NonLethal,2018-03-08,15:00:00,Daylight,920,44,Yes,NoIntersection,Normal,2Vehicles-Side,ED.VAILLANT(RUE) 75A117,M,48.893434540315646,2.8938434388325294
201800038318,NonLethal,2018-12-07,15:00:00,Daylight,920,44,Yes,NoIntersection,Normal,Other,"57, J. GUESDE(RUE)25A57",M,48.89329067820923,2.8947300061920096
201800038319,NonLethal,2018-10-09,09:05:00,Daylight,920,44,Yes,NoIntersection,Normal,2Vehicles-Behind,VILLIERS(RUE DE)  88A140,M,48.892864691381575,2.892602070086678
201800038320,NonLethal,2018-12-09,02:08:00,NightStreelightsOn,920,44,Yes,X-type,Normal,2Vehicles-Side,ARISTIDE BRIAND(RUE)85 +,M,48.89481486044275,2.89343449102853
201800038321,NonLethal,2018-08-09,18:00:00,Daylight,920,44,Yes,X-type,Normal,2Vehicles-Side,PDT WILSON(RUE) 2A24 ET,M,48.89065331908455,2.893453937122487
201800038323,NonLethal,2018-10-02,19:20:00,TwilightOrDawn,920,44,No,X-type,LightRain,2Vehicles-BehindVehicles-Frontal,CAMILLE PELLETAN(RUE)17,M,48.896750783107215,2.895257865943381
201800038324,NonLethal,2018-03-10,17:26:00,Daylight,920,44,Yes,T-type,Normal,2Vehicles-Side,ARISTIDE BRIAND(RUE)85 +,M,48.89385745390115,2.8918201455926176