AccidentId,Gravity,Date,Hour,Light,Department,Commune,InAgglomeration,IntersectionType,Weather,CollisionType,PostalAddress,GPSCode,Latitude,Longitude
201800038327,NonLethal,2018-10-05,17:35:00,Daylight,920,44,Yes,NoIntersection,Normal,Other,J. GUESDES(RUE)103A139ET,M,48.89340123534265,2.8940197208781147
201800038328,NonLethal,2018-04-10,09:00:00,Daylight,920,44,Yes,NoIntersection,Normal,Other,ALSACE (RUE) N°19 + ET 2,M,48.88951531274075,2.891247119008624
201800038329,NonLethal,2018-10-02,10:35:00,Daylight,920,44,Yes,NoIntersection,Normal,Other,V. HUGO (RUE) 91 A113,M,48.89167260082916,2.892761695442278
201800038330,NonLethal,2018-10-11,13:45:00,Daylight,920,44,Yes,MoreThan4Branches,Normal,2Vehicles-Side,VIC. HUGO(RUE)091A113 ET,M,48.90070784013037,2.8980519117751045
201800038331,NonLethal,2018-07-10,13:15:00,Daylight,920,44,Yes,NoIntersection,Overcast,2Vehicles-Behind,VILLIERS(RUE DE)  54A86,M,48.89243402857469,2.892699772680652
201800038332,NonLethal,2018-10-04,20:15:00,NightStreelightsOn,920,44,Yes,X-type,Normal,Other,ALSACE (RUE) N°1 A 17 ET,M,48.89243090435707,2.895008651375494
201800038333,NonLethal,2018-10-24,21:40:00,NightStreelightsOn,920,44,Yes,NoIntersection,Normal,2Vehicles-Side,VIC. HUGO(RUE)115A149 ET,M,48.89205788329079,2.8929509476968343
201800038334,NonLethal,2018-11-05,12:00:00,Daylight,920,44,Yes,X-type,Normal,Other,J. GUESDES(RUE)103A139ET,M,48.892006590556015,2.893052508961899
201800038335,NonLethal,2018-08-07,02:50:00,NightStreelightsOn,920,44,Yes,X-type,Normal,Other,VOLTAIRE(RUE)1A51 ET2A40,M,48.89155617133104,2.8943231626082286
201800038336,NonLethal,2018-11-21,07:40:00,Daylight,920,44,Yes,NoIntersection,Overcast,2Vehicles-Behind,CHARLES PASQUA (QUAI) 58,M,48.89410868007557,2.8925577315746867
201800038338,NonLethal,2018-11-29,11:10:00,Daylight,920,44,Yes,X-type,Normal,Other,VOLTAIRE(RUE)53A81 ET 42,M,48.89074822275156,2.8918367053589784
201800038339,NonLethal,2018-03-12,09:10:00,Daylight,920,44,Yes,X-type,Overcast,Other,DANTON(RUE) 1A73 ET 2A88,M,,
201800038340,NonLethal,2018-11-17,07:20:00,NightStreelightsOn,920,44,Yes,X-type,Normal,2Vehicles-Side,ED.VAILLANT(RUE) 47A73 E,M,48.89246372140268,2.893201893298009
201800038341,NonLethal,2018-11-23,21:11:00,NightNoStreetLight,920,44,Yes,NoIntersection,Normal,Other,GARE(RUE DE LA),M,48.89431085554717,2.892245306603184
201800038342,NonLethal,2018-09-23,13:49:00,Daylight,920,44,Yes,T-type,LightRain,NoCollision,GABRIEL PERI(RUE) 1A23 E,M,48.89140852528226,2.8914075047331704
201800038343,NonLethal,2018-12-07,14:50:00,Daylight,920,44,Yes,NoIntersection,HeavyRain,2Vehicles-Side,VILLIERS(RUE DE)  54A86,M,48.89158771218153,2.8933965598384765
201800038344,NonLethal,2018-12-11,11:44:00,Daylight,920,44,Yes,Other,Normal,Other,ED. VAILLANT(RUE) 1A35 E,M,48.8945321621878,2.893063187166742
201800038345,NonLethal,2018-11-12,19:29:00,NightStreelightsOn,920,44,Yes,X-type,Normal,Other,CHAPTAL(RUE) 81+ ET 66+,M,48.89271562795162,2.893523370488041
201800038346,NonLethal,2018-04-08,06:10:00,NightStreelightsOn,920,44,Yes,NoIntersection,Normal,Other,VIC. HUGO(RUE)077A089 ET,M,48.89210781159317,2.893964769750825
201800038347,NonLethal,2018-12-13,11:05:00,Daylight,920,44,Yes,NoIntersection,Normal,2Vehicles-Side,LORRAINE (RUE DE),M,48.89175287148419,2.8918264151591666
201800038348,NonLethal,2018-12-13,11:00:00,Daylight,920,44,Yes,NoIntersection,Normal,2Vehicles-Side,LORRAINE (RUE DE),M,48.89188709949574,2.8934696756612417
201800038349,NonLethal,2018-12-14,13:00:00,Daylight,920,44,Yes,NoIntersection,Normal,Other,HUIT MAI 1945 (PLACE DU),M,48.8932216427781,2.894005571727607
201800038350,NonLethal,2018-12-19,18:00:00,NightStreelightsOn,920,44,Yes,NoIntersection,Normal,Other,VIC. HUGO(RUE)091A113 ET,M,48.89200110623244,2.8931003227745262
201800038351,NonLethal,2018-12-23,18:00:00,NightStreelightsOn,920,44,Yes,T-type,LightRain,Other,PABLO NERUDA (RUE),M,48.89125549981665,2.8926825035828387
201800038352,NonLethal,2018-12-27,08:46:00,Daylight,920,44,Yes,NoIntersection,Normal,Other,GABRIEL PERI(RUE) 1,M,48.88787345346713,2.887893530722279
201800038353,NonLethal,2018-02-11,18:00:00,NightNoStreetLight,920,44,Yes,NoIntersection,Normal,Other,RiIVAY (RUE),M,48.89229935272438,2.8932048958255367
201800038354,NonLethal,2018-01-17,10:30:00,Daylight,920,48,Yes,NoIntersection,Normal,Other,rue du PETIT CLAMART,M,48.78314596759733,2.783146788825752
201800038355,NonLethal,2018-02-15,08:30:00,Daylight,920,48,Yes,T-type,LightRain,2Vehicles-Behind,"10, JACQUEMINOT (AVENUE)",M,48.80848353652777,2.8116059526482715
201800038356,NonLethal,2018-09-03,13:40:00,Daylight,920,48,Yes,NoIntersection,Normal,Other,"3, VILLACOUBLAY (AVENUE",M,48.78399742697541,2.7832239291924283
201800038357,NonLethal,2018-03-14,15:29:00,Daylight,920,48,Yes,X-type,Normal,Other,"32, REPUBLIQUE (RUE DE L",M,48.8076986963933,2.8089161475316837
201800038359,NonLethal,2018-03-28,08:45:00,Daylight,920,48,Yes,NoIntersection,LightRain,Other,"23, GARDES (ROUTE DES) N",M,48.81784946218403,2.819200476838691
201800038360,NonLethal,2018-03-29,23:40:00,NightStreelightsOn,920,48,Yes,T-type,Normal,2Vehicles-Side,BANES (RUE) N° 2 A 10,M,48.80703127822208,2.8099318613858504
201800038361,NonLethal,2018-03-04,19:41:00,Daylight,920,48,Yes,Other,LightRain,2Vehicles-Side,"151, VERDUN (AVENUE DE)",M,,
201800038363,NonLethal,2018-04-13,08:00:00,Daylight,920,48,Yes,X-type,Overcast,2Vehicles-Side,"1bis, REPUBLIQUE (RUE DE",M,48.81176134058609,2.8123446172151723
201800038364,NonLethal,2018-04-13,15:09:00,Daylight,920,48,Yes,NoIntersection,Normal,2Vehicles-Side,"., GENERAL DE GAULLE (AV",M,48.78826924823922,2.7891002440515167
201800038365,NonLethal,2018-04-16,19:45:00,TwilightOrDawn,920,48,Yes,NoIntersection,Normal,Other,"34, MAIL (ALLEE DU)",M,48.7891131546219,2.789413207431477
201800038366,NonLethal,2018-05-10,15:15:00,Daylight,920,48,Yes,T-type,Normal,2Vehicles-BehindVehicles-Frontal,"2, ROBERT SCHUMAN (AVENU",M,48.78856976243791,2.7909316593543703
201800038367,NonLethal,2018-05-15,13:20:00,Daylight,920,48,No,NoIntersection,Normal,NoCollision,TRIVAUX (AVENUE DE) N° 9,M,48.79087536097729,2.791472287902392
201800038368,NonLethal,2018-05-28,11:30:00,Daylight,920,48,Yes,NoIntersection,VeryGood,Other,PARIS (RUE DE) N° 1 A 15,M,48.81777344091248,2.8165788798320803
201800038369,NonLethal,2018-05-25,21:55:00,NightStreelightsOn,920,48,Yes,T-type,HeavyRain,Other,LARRIS (RUE DES),M,,
201800038370,NonLethal,2018-06-06,09:10:00,Daylight,920,48,Yes,X-type,Normal,Other,"5, FOSSES (AVENUE DES)",M,48.80907527246786,2.8096371348048814
201800038371,NonLethal,2018-06-21,19:35:00,Daylight,920,48,Yes,NoIntersection,Normal,Other,GENERAL DE GAULLE (AVENU,M,48.78720772848792,2.787525802662864
201800038372,NonLethal,2018-06-25,08:35:00,Daylight,920,48,Yes,NoIntersection,Normal,Other,"5, ALEMBERT (RUE D')",M,48.80488601136513,2.8042741005201908
201800038373,NonLethal,2018-06-24,17:40:00,Daylight,920,48,Yes,NoIntersection,Normal,NoCollision,"48, VAUGIRARD (ROUTE DE)",M,48.82241301231518,2.8200149027706733
201800038374,NonLethal,2018-06-28,19:25:00,Daylight,920,48,Yes,Square,Normal,Other,"2-4, STALINGRAD (PLACE)",M,48.81323644081615,2.815500636324637
201800038375,NonLethal,2018-07-01,09:50:00,Daylight,920,48,Yes,X-type,Normal,2Vehicles-Side,"., GENERAL LECLERC (PLAC",M,48.81842687790266,2.8170377214929294
201800038376,NonLethal,2018-07-05,01:20:00,NightNoStreetLight,920,48,No,NoIntersection,Normal,Other,FORET ( CAVALIERE DE),M,48.79697318874161,2.7973976136672545
201800038377,NonLethal,2018-07-03,19:05:00,Daylight,920,48,No,X-type,Normal,2Vehicles-Side,COLONEL MORAINE (ROUT,M,48.7948804519862,2.7960037829071984
201800038378,NonLethal,2018-10-07,18:15:00,Daylight,920,48,Yes,X-type,Normal,2Vehicles-Side,BELGIQUE (RUE DE LA),M,48.809663607110295,2.8067234804898886
201800038379,NonLethal,2018-07-16,18:30:00,Daylight,920,48,Yes,NoIntersection,Normal,2Vehicles-Side,"24bis, VERD DE SAINT JUL",M,48.8151992833475,2.816928329302687
201800038380,NonLethal,2018-08-01,00:25:00,NightNoStreetLight,920,48,No,Other,Normal,NoCollision,MARE ADAM (CARREFOUR DE,M,48.79966586570451,2.7992846033756136
201800038381,NonLethal,2018-08-04,13:30:00,Daylight,920,48,Yes,NoIntersection,Normal,NoCollision,HENRI BARBUSSE (RUE),M,48.80612403222371,2.8072771859114947
201800038382,NonLethal,2018-08-18,09:00:00,Daylight,920,48,Yes,NoIntersection,Normal,2Vehicles-BehindVehicles-Frontal,GARDES (ROUTE DES) N° 5,M,48.81991899705048,2.8181656213110897
201800038383,NonLethal,2018-08-19,17:25:00,Daylight,920,48,Yes,T-type,Normal,NoCollision,LE CORBEILLER (AVENUE) N,M,48.81273036187068,2.814942616884986
201800038384,NonLethal,2018-09-29,17:42:00,Daylight,920,48,Yes,NoIntersection,Normal,Other,ROBERT SCHUMAN (AVENUE),M,48.78994845573549,2.78981915639107
201800038385,NonLethal,2018-03-10,18:40:00,Daylight,920,48,Yes,T-type,Normal,2Vehicles-Behind,REPUBLIQUE (RUE DE LA) N,M,48.80604227011703,2.8065528436146527
201800038386,NonLethal,2018-04-10,14:50:00,Daylight,920,48,Yes,Roundabout,Normal,2Vehicles-Side,GENERAL DE GAULLE (AVENU,M,48.78694607917731,2.786722518849093
201800038387,NonLethal,2018-10-06,19:05:00,TwilightOrDawn,920,48,Yes,NoIntersection,Normal,Other,ABBE MAILLET (SQUARE DE,M,48.7867908492432,2.790098705201064
201800038389,NonLethal,2018-11-01,19:00:00,NightStreelightsOn,920,48,Yes,NoIntersection,LightRain,2Vehicles-Side,MAL DE LATTRE DE TASSIGN,M,48.78678254454135,2.788601456524845
201800038390,NonLethal,2018-11-09,19:00:00,NightStreelightsOn,920,48,No,NoIntersection,Normal,2Vehicles-Side,VAUGIRARD (ROUTE DE),M,48.82286282359725,2.821499263049088
201800038391,NonLethal,2018-11-09,20:20:00,NightStreelightsOn,920,48,Yes,NoIntersection,Normal,Other,GENERAL LELONG (SQUARE D,M,48.78923017357065,2.7897098615614087
201800038392,NonLethal,2018-10-11,12:30:00,Daylight,920,48,Yes,X-type,LightRain,2Vehicles-Side,REPUBLIQUE (RUE DE LA),M,48.80718369431695,2.8054362749735646
201800038393,NonLethal,2018-11-15,07:20:00,NightStreelightsOn,920,48,Yes,NoIntersection,FogOrSmoke,2Vehicles-Side,VERD DE SAINT JULIEN (BO,M,48.81729456916791,2.8154526119841594
201800038394,NonLethal,2018-11-17,17:19:00,TwilightOrDawn,920,48,Yes,X-type,Normal,Other,CELLE (AVENUE DE),M,48.78878880780162,2.786113249662156
201800038395,NonLethal,2018-11-20,11:40:00,Daylight,920,48,Yes,NoIntersection,LightRain,NoCollision,VIGNES (IMPASSE ET RUE D,M,48.81145604825959,2.8116505248002626
201800038396,NonLethal,2018-11-27,07:55:00,TwilightOrDawn,920,48,Yes,NoIntersection,Overcast,NoCollision,MEDERIC (AVENUE),M,48.789887265566335,2.789664281727973
201800038397,NonLethal,2018-10-11,23:00:00,NightStreelightsOn,920,48,Yes,Square,Other,2Vehicles-Side,GENERAL LECLERC (PLACE D,M,48.81885447930499,2.8187934636319563
201800038398,NonLethal,2018-12-11,09:38:00,Daylight,920,48,Yes,X-type,Normal,Other,REPUBLIQUE (RUE DE LA) N,M,48.80883022702095,2.807298128315285
201800038399,NonLethal,2018-02-01,00:30:00,NightStreelightsOn,920,20,Yes,NoIntersection,LightRain,2Vehicles-Side,"41, VERDUN AVENUE DE N°1",M,48.80012112859436,2.8019689560831504
201800038401,NonLethal,2018-10-01,13:35:00,Daylight,920,49,Yes,NoIntersection,Normal,Other,"112, BRIAND (AVENUE ARIS",M,48.81322282050807,2.812820683758816
201800038402,NonLethal,2018-01-11,16:30:00,Daylight,920,20,Yes,NoIntersection,Normal,Other,"40, VERDUN AVENUE DE N°1",M,48.80442196750933,2.804224467895778
201800038403,NonLethal,2018-01-18,09:50:00,Daylight,920,49,Yes,NoIntersection,LightRain,Other,BERTHELOT RUE MARCELLIN,M,48.81822381318036,2.819134557970714
201800038404,NonLethal,2018-01-19,15:20:00,Daylight,920,49,Yes,NoIntersection,Normal,2Vehicles-Side,"183, BROSSOLETTE AVENUE",M,48.8148144297818,2.81444818127162
201800038406,NonLethal,2018-01-23,20:42:00,NightStreelightsOn,920,49,Yes,NoIntersection,Normal,3+Vehicles-Chain,"127, BROSSOLETTE AVENUE",M,,
201800038407,NonLethal,2018-06-02,08:40:00,Daylight,920,49,Yes,X-type,SnowOrHail,Other,BARBES RUE,M,48.81685274057325,2.8178152860864527
201800038410,NonLethal,2018-02-16,08:45:00,Daylight,920,49,Yes,X-type,Normal,2Vehicles-Side,GINOUX AVENUE HENRI AUTR,M,48.81164996787233,2.813024748631433
201800038411,NonLethal,2018-02-16,17:20:00,Daylight,920,20,Yes,NoIntersection,Normal,Other,"50, VERDUN AVENUE DE AUT",M,48.802521684602674,2.801464949526429
201800038412,NonLethal,2018-02-22,11:50:00,Daylight,920,20,Yes,NoIntersection,Normal,Other,"16, SAMPAIX RUE LUCIEN",M,48.808005691082506,2.808660421593041
201800038413,NonLethal,2018-02-25,16:15:00,Daylight,920,49,Yes,NoIntersection,Normal,Other,"46, REPUBLIQUE AVENUE DE",M,48.818507551655465,2.8189239161370856
201800038414,NonLethal,2018-03-03,07:30:00,Daylight,920,49,Yes,NoIntersection,Normal,Other,"64, BRIAND (AVENUE ARIST",M,48.81760095380987,2.819058045382425
201800038415,NonLethal,2018-06-03,09:20:00,Daylight,920,49,Yes,X-type,Normal,Other,JAURES AVENUE JEAN N°53,M,48.81832729146382,2.81789849408168
201800038416,NonLethal,2018-07-03,12:20:00,Daylight,920,20,Yes,T-type,Normal,2Vehicles-Side,"117, VERDUN AVENUE DE AU",M,48.79956117216803,2.7998467245767658
201800038417,NonLethal,2018-03-07,21:57:00,NightStreelightsOn,920,20,Yes,X-type,Normal,Other,DIVISION LECLERC AVENUE,M,48.794250856951656,2.79564868392074
201800038418,NonLethal,2018-03-10,09:50:00,Daylight,920,49,Yes,X-type,LightRain,2Vehicles-Behind,BARBES RUE,M,48.81756176508856,2.818335506558867
201800038419,NonLethal,2018-03-14,18:15:00,Daylight,920,20,Yes,NoIntersection,Normal,Other,"68, VERDUN AVENUE DE AUT",M,48.80232443619142,2.7993898125082928
201800038420,NonLethal,2018-03-16,20:05:00,NightStreelightsOn,920,20,Yes,NoIntersection,LightRain,NoCollision,"36, BROSSOLETTE RUE PIER",M,48.8018789539429,2.800936971036252
201800038421,NonLethal,2018-03-20,09:00:00,Daylight,920,49,Yes,X-type,Normal,2Vehicles-Side,BARBES RUE,M,48.81743698171037,2.8170644789205475
201800038422,NonLethal,2018-03-23,09:05:00,Daylight,920,49,Yes,NoIntersection,Normal,Other,"102, DORMOY AVENUE MARX",M,48.81008042891465,2.810383185102633
201800038423,NonLethal,2018-03-24,16:24:00,Daylight,920,49,Yes,X-type,Normal,2Vehicles-Side,BROSSOLETTE AVENUE PIERR,M,48.81515349631892,2.818068902673324
201800038424,NonLethal,2018-03-24,16:50:00,Daylight,920,49,Yes,T-type,Normal,2Vehicles-Side,BARBES RUE,M,48.81786118686905,2.818058158611159
201800038426,NonLethal,2018-03-27,23:00:00,NightStreelightsOn,920,49,Yes,X-type,Normal,2Vehicles-Behind,BROSSOLETTE AVENUE PIERR,M,48.81859714023062,2.820685985604481
201800038427,NonLethal,2018-04-01,20:35:00,NightNoStreetLight,920,20,Yes,NoIntersection,Normal,2Vehicles-Side,PARIS AVENUE DE N° IMPAI,M,48.807084858724615,2.8078353684762667
201800038428,NonLethal,2018-04-04,21:50:00,NightStreelightsOn,920,49,Yes,NoIntersection,Normal,2Vehicles-Side,ETATS UNIS PLACE DES,M,48.81832731069622,2.815348321295532
201800038429,Lethal,2018-05-04,13:46:00,Daylight,920,20,Yes,NoIntersection,Normal,Other,"4, SAINT EXUPERY AVENUE",M,48.80825129081613,2.8099982156543546
201800038430,NonLethal,2018-09-04,12:25:00,Daylight,920,20,Yes,T-type,LightRain,2Vehicles-Side,"1-3 bis, EXUPERY AVENUE",M,48.80885906317228,2.807488054845376
201800038431,NonLethal,2018-04-11,03:20:00,NightStreelightsOn,920,20,Yes,NoIntersection,Normal,Other,"60, VERDUN AVENUE DE AUT",M,48.800954722886814,2.800692591200521
201800038432,NonLethal,2018-04-13,17:30:00,Daylight,920,20,Yes,NoIntersection,Normal,Other,PERI RUE GABRIEL,M,48.80246109301768,2.80294533629004
201800038433,NonLethal,2018-04-20,00:15:00,NightStreelightsOn,920,49,Yes,NoIntersection,Normal,NoCollision,"31, GINOUX AVENUE HENRI",M,48.818288288261535,2.8170300343205468
201800038434,NonLethal,2018-04-28,19:30:00,Daylight,920,49,Yes,T-type,Normal,2Vehicles-Side,"205, BROSSOLETTE AVENUE",M,48.81258964838169,2.8123414212090374
201800038435,NonLethal,2018-04-30,13:00:00,Daylight,920,20,Yes,NoIntersection,HeavyRain,Other,PARIS AVENUE DE N°84 A F,M,,
201800038436,NonLethal,2018-07-05,17:40:00,Daylight,920,20,Yes,NoIntersection,Normal,2Vehicles-BehindVehicles-Frontal,"146, VERDUN AVENUE DE AU",M,48.794628090584204,2.794106487936015
201800038437,NonLethal,2018-09-05,16:50:00,Daylight,920,49,Yes,T-type,Normal,2Vehicles-Side,BROSSOLETTE AVENUE PIERR,M,48.81842451875378,2.820587050096747
201800038438,NonLethal,2018-05-15,18:43:00,Daylight,920,20,Yes,NoIntersection,Normal,Other,CHARTRES RUE DE,M,48.79084101666431,2.7911965386869544
201800038439,NonLethal,2018-05-28,18:30:00,Daylight,920,49,Yes,X-type,LightRain,2Vehicles-Side,REPUBLIQUE AVENUE DE LA,M,48.81844826384401,2.8187016230310444
201800038440,NonLethal,2018-05-29,22:35:00,NightStreelightsOn,920,20,Yes,NoIntersection,HeavyRain,Other,"146, VERDUN AVENUE DE AU",M,48.79762672134036,2.797865871100372
201800038441,NonLethal,2018-05-30,18:45:00,Daylight,920,20,Yes,NoIntersection,Normal,2Vehicles-Side,"183, PARIS AVENUE DE N°",M,48.80988623040853,2.810322460030261
201800038443,NonLethal,2018-01-06,14:15:00,Daylight,920,49,Yes,NoIntersection,LightRain,2Vehicles-Behind,"3, PERI RUE GABRIEL N°2",M,48.81717392276326,2.816318323968592
201800038444,NonLethal,2018-02-06,18:41:00,Daylight,920,49,Yes,NoIntersection,Normal,2Vehicles-Behind,"98, GINOUX AV. HENRI N°1",M,48.81670871680115,2.8148239354144
201800038446,NonLethal,2018-06-04,23:10:00,NightStreelightsOn,920,7,Yes,X-type,Normal,2Vehicles-Side,BRIAND (AVENUE ARISTIDE),M,48.79576911111989,2.796700359468248
201800038447,NonLethal,2018-06-14,21:45:00,TwilightOrDawn,920,20,Yes,NoIntersection,Normal,2Vehicles-BehindVehicles-Frontal,"20, PANORAMA RUE DU",M,48.79796606716639,2.8015366001421387
201800038448,NonLethal,2018-06-15,16:00:00,Daylight,920,49,Yes,NoIntersection,Normal,Other,"127, VERDIER AVENUE AUTR",M,48.81725221086804,2.8169754672822127
201800038449,NonLethal,2018-06-17,19:45:00,Daylight,920,20,Yes,T-type,Normal,2Vehicles-Behind,BOIN RUE JEAN,M,48.81027626641606,2.8092148313627274
201800038451,NonLethal,2018-06-19,09:45:00,Daylight,920,20,Yes,X-type,LightRain,NoCollision,DEFORGES RUE ETIENNE N°,M,48.80329482238425,2.8029336260476727
201800038453,NonLethal,2018-06-23,10:00:00,Daylight,920,20,Yes,NoIntersection,Normal,Other,"12, PARIS AVENUE DE N°2",M,48.80483213070871,2.802127595817812
201800038455,NonLethal,2018-06-27,16:40:00,Daylight,920,49,Yes,NoIntersection,Normal,Other,VERDIER AVENUE AUTRES N°,M,48.81570305638395,2.8150634267676584
201800038456,NonLethal,2018-06-29,15:48:00,Daylight,920,49,Yes,NoIntersection,Normal,Other,"l27, BRIAND (AVENUE ARIS",M,48.81102800866368,2.8122142308355973
201800038457,NonLethal,2018-07-02,09:00:00,Daylight,920,20,Yes,Roundabout,Normal,2Vehicles-Side,VERDUN AVENUE DE AUTRES,M,48.8008676237508,2.8012755851071405
201800038458,NonLethal,2018-05-07,10:20:00,Daylight,920,49,Yes,NoIntersection,Normal,3+Vehicles-Chain,"85, BRIAND (AVENUE ARIST",M,48.815184676098845,2.8160301907411447
201800038459,NonLethal,2018-10-07,08:20:00,Daylight,920,49,Yes,X-type,Normal,2Vehicles-Behind,"53, BRIAND (AVENUE ARIST",M,48.81710355706225,2.817613760671651
201800038460,NonLethal,2018-11-07,23:15:00,NightStreelightsOn,920,20,Yes,NoIntersection,Normal,2Vehicles-Side,"1, ESTIENNE D'ORVES RUE",M,48.80169122917464,2.7999501649366483
201800038461,NonLethal,2018-07-14,21:30:00,TwilightOrDawn,920,49,Yes,X-type,Normal,Other,19 REPUBLIQUE AVENUE DE,M,48.81147204355352,2.814412934076448
201800038462,NonLethal,2018-07-18,13:00:00,Daylight,920,20,Yes,NoIntersection,Normal,Other,"6, MALAKOFF RUE DE",M,48.80614747587812,2.806375512205944
201800038463,NonLethal,2018-07-24,09:20:00,Daylight,920,20,Yes,LevelCrossing,Normal,Other,"173, PARIS AVENUE DE",M,48.80931354183006,2.809836646404725
201800038464,NonLethal,2018-07-29,14:05:00,Daylight,920,20,Yes,Other,Normal,Other,VERDUN AVENUE DE AUTRES,M,48.800553185387535,2.799221068221528
201800038465,NonLethal,2018-01-08,09:25:00,Daylight,920,49,Yes,NoIntersection,Normal,2Vehicles-Side,REPUBLIQUE AVENUE DE LA,M,48.81372099981911,2.812808050573677
201800038468,NonLethal,2018-08-10,17:20:00,Daylight,920,49,Yes,NoIntersection,Normal,3+Vehicles-Multiple,BRIAND AVENUE ARISTIDE N,M,48.81366666810423,2.8107861562436085
201800038469,NonLethal,2018-08-16,23:52:00,NightStreelightsOn,920,20,Yes,NoIntersection,Normal,Other,PARIS AVENUE DE N° IMPAI,M,48.805894790461096,2.805887511083493
201800038470,NonLethal,2018-08-18,05:58:00,Daylight,920,20,Yes,NoIntersection,Normal,2Vehicles-Side,PARIS AVENUE DE N° IMPAI,M,48.803071052852985,2.8048178340387024
201800038471,NonLethal,2018-08-20,13:30:00,Daylight,920,49,Yes,X-type,Normal,2Vehicles-Behind,PERI RUE GABRIEL N°37 A,M,48.819591830019,2.8202454921026106
201800038472,NonLethal,2018-08-22,15:00:00,Daylight,920,49,Yes,NoIntersection,Normal,Other,BROSSOLETTE AVENUE PIERR,M,48.82131766271597,2.818849547326199
201800038473,NonLethal,2018-08-29,13:30:00,Daylight,920,49,Yes,NoIntersection,HeavyRain,2Vehicles-Behind,BRIAND AVENUE ARISTIDE A,M,48.81677558690798,2.8177094947166146
201800038474,NonLethal,2018-08-29,14:05:00,Daylight,920,49,Yes,T-type,HeavyRain,2Vehicles-Side,BRIAND AVENUE ARISTIDE N,M,48.81948502713793,2.817124681748254
201800038476,NonLethal,2018-06-09,17:15:00,Daylight,920,20,Yes,T-type,Normal,2Vehicles-Side,EXUPERY AVENUE SAINT,M,48.80787407782447,2.8087067780182577
201800038477,NonLethal,2018-07-09,14:20:00,Daylight,920,49,Yes,NoIntersection,Normal,2Vehicles-Side,FERRY PLACE JULES,M,48.811920459262296,2.8113077726486466
201800038480,NonLethal,2018-09-11,10:05:00,Daylight,920,49,Yes,X-type,Normal,2Vehicles-BehindVehicles-Frontal,DORMOY AVENUE MARX N°2 A,M,48.8105348430921,2.8094680014892592
201800038481,NonLethal,2018-09-11,12:40:00,Daylight,920,20,Yes,NoIntersection,Normal,Other,CHARTRES RUE DE,M,48.79185528862509,2.789432333546896
201800038482,NonLethal,2018-09-15,23:50:00,NightStreelightsOn,920,49,Yes,X-type,Normal,2Vehicles-Side,PERI RUE GABRIEL N°37 A,M,48.81770678098336,2.8163712745107228
201800038483,NonLethal,2018-09-18,08:25:00,Daylight,920,49,Yes,Other,Normal,2Vehicles-Side,PERIER RUE N°35 A 88 ET,M,48.81407371710648,2.8152569346999523
201800038484,NonLethal,2018-09-18,08:35:00,Daylight,920,49,Yes,X-type,Normal,2Vehicles-Side,BRIAND AVENUE ARISTIDE N,M,48.81888374496781,2.81735476219144
201800038485,NonLethal,2018-09-21,15:10:00,Daylight,920,49,Yes,NoIntersection,Normal,2Vehicles-Side,BRIAND AVENUE ARISTIDE N,M,48.814014345192696,2.8134703289771696
201800038486,NonLethal,2018-09-23,20:10:00,NightStreelightsOn,920,20,Yes,NoIntersection,LightRain,Other,PARIS AVENUE DE N° IMPAI,M,48.809402484525776,2.806889384483029
201800038487,NonLethal,2018-09-25,09:05:00,Daylight,920,20,Yes,NoIntersection,Normal,NoCollision,LIBERTE BOULEVARD DE LA,M,48.79984035966877,2.800816633567317
201800038490,NonLethal,2018-10-09,07:30:00,NightStreelightsOn,920,49,Yes,NoIntersection,Normal,3+Vehicles-Chain,BROSSOLETTE AVENUE PIERR,M,48.81441702694628,2.8146408855797778
201800038493,NonLethal,2018-11-10,07:55:00,Daylight,920,49,Yes,NoIntersection,Normal,2Vehicles-Side,BROSSOLETTE AVENUE PIERR,M,48.819100605892,2.821410245537344
201800038494,NonLethal,2018-10-12,17:45:00,Daylight,920,20,Yes,NoIntersection,Normal,NoCollision,PARIS AVENUE DE N° IMPAI,M,48.80783307020685,2.8080978872335627
201800038495,NonLethal,2018-10-15,09:30:00,Daylight,920,20,Yes,NoIntersection,Normal,2Vehicles-Side,VERDUN AVENUE DE AUTRES,M,48.80092351331192,2.8011942562851826
201800038496,NonLethal,2018-10-15,13:35:00,Daylight,920,20,Yes,X-type,Normal,2Vehicles-Side,REPUBLIQUE AV. N°27 A 10,M,48.80211519242653,2.803735640154768
201800038498,NonLethal,2018-10-17,20:30:00,NightStreelightsOn,920,20,Yes,NoIntersection,Normal,Other,VERDUN AVENUE DE N°2 A 2,M,48.86195996780151,2.8627129620893714
201800038499,NonLethal,2018-10-19,10:00:00,Daylight,920,49,Yes,T-type,Normal,2Vehicles-Side,BROSSOLETTE AVENUE PIERR,M,48.81245704047221,2.8137075868252563
201800038501,NonLethal,2018-10-22,07:25:00,NightStreelightsOn,920,20,Yes,X-type,Normal,Other,PARIS AVENUE DE N° IMPAI,M,48.80378790628648,2.8044658304499923
201800038502,NonLethal,2018-10-23,09:25:00,Daylight,920,49,Yes,T-type,Normal,2Vehicles-Behind,BARBES RUE,M,48.817132187384566,2.8155812720186124
201800038503,NonLethal,2018-10-25,15:35:00,Daylight,920,20,Yes,NoIntersection,Normal,Other,VANVES BOULEVARD N° IMPA,M,48.80496222070717,2.8038809121164303
201800038504,Lethal,2018-10-30,18:45:00,NightStreelightsOn,920,49,Yes,X-type,Normal,Other,ARISTIDE BRIAND (AVENUE),M,48.81728089746755,2.817597819012611
201800038505,NonLethal,2018-10-31,18:40:00,NightStreelightsOn,920,20,Yes,NoIntersection,LightRain,Other,VANVES BOULEVARD DE N° P,M,48.80500960498584,2.8056758298943896
201800038506,NonLethal,2018-01-11,15:17:00,Daylight,920,49,Yes,X-type,LightRain,2Vehicles-Side,PERI RUE GABRIEL AUTRES,M,48.820288496787065,2.8194224131118
201800038507,NonLethal,2018-06-11,07:40:00,Daylight,920,20,Yes,X-type,Normal,2Vehicles-Side,VANVES BOULEVARD DE N° P,M,48.80766175372298,2.8062584057422395
201800038508,NonLethal,2018-08-11,17:50:00,NightStreelightsOn,920,20,Yes,NoIntersection,Normal,Other,PARIS AVENUE DE N°2 A82,M,48.80558952709615,2.8073938625639268