AccidentId,Gravity,Date,Hour,Light,Department,Commune,InAgglomeration,IntersectionType,Weather,CollisionType,PostalAddress,GPSCode,Latitude,Longitude
201800038510,NonLethal,2018-11-12,18:33:00,NightStreelightsOn,920,20,Yes,NoIntersection,Normal,Other,VERDUN AVENUE DE AUTRES,M,48.793900301458905,2.794188670733221
201800038511,NonLethal,2018-11-14,08:45:00,Daylight,920,49,Yes,X-type,Normal,NoCollision,BROSSOLETTE AVENUE PIERR,M,48.81649443577214,2.816447671597564
201800038513,NonLethal,2018-11-19,09:00:00,Daylight,920,20,Yes,X-type,Normal,2Vehicles-Behind,BERTHELOT AVENUE MARCELI,M,48.80678474980501,2.8087182030585707
201800038514,NonLethal,2018-11-24,20:20:00,NightStreelightsOn,920,20,Yes,NoIntersection,Normal,Other,CHARTRES RUE DE,M,48.79671951477414,2.795220296060972
201800038515,NonLethal,2018-11-29,13:30:00,Daylight,920,20,Yes,NoIntersection,Normal,2Vehicles-Side,PARIS AVENUE DE N°2 A82,M,48.806221481330425,2.8083240136519643
201800038516,NonLethal,2018-12-12,10:30:00,Daylight,920,49,Yes,T-type,Normal,2Vehicles-Side,DORMOY AVENUE MARX N°2 A,M,48.81034878691553,2.8099514122059945
201800038517,NonLethal,2018-12-12,19:55:00,NightStreelightsOn,920,20,Yes,NoIntersection,Normal,3+Vehicles-Multiple,EXUPERY AVENUE SAINT,M,48.81045146859681,2.809526538893122
201800038518,NonLethal,2018-12-12,13:33:00,Daylight,920,49,Yes,NoIntersection,Normal,Other,CHAMPEAUD RUE EDMOND,M,48.818665268487365,2.8197852053856893
201800038519,NonLethal,2018-12-18,09:15:00,Daylight,920,49,Yes,NoIntersection,Normal,Other,PERI RUE GABRIEL N°38 A,M,48.82021065776118,2.819782257650731
201800038520,NonLethal,2018-12-19,11:00:00,Daylight,920,49,Yes,X-type,LightRain,2Vehicles-Behind,BRIAND AVENUE ARISTIDE N,M,48.81188255899747,2.810804212491613
201800038521,NonLethal,2018-12-19,14:05:00,Daylight,920,49,Yes,X-type,Overcast,Other,BROSSOLETTE AVENUE PIERR,M,48.81969711754276,2.8206494529586954
201800038523,NonLethal,2018-12-22,11:30:00,Daylight,920,20,Yes,NoIntersection,Normal,2Vehicles-Side,VERDUN AVENUE DE N°2 A 2,M,48.80123207987975,2.80300101167291
201800038524,NonLethal,2018-12-22,16:10:00,Daylight,920,20,Yes,T-type,Normal,2Vehicles-Side,PERI RUE GABRIEL,M,48.798798774308935,2.7965632968408154
201800038525,NonLethal,2018-02-01,06:15:00,NightStreelightsOn,920,50,Yes,NoIntersection,Normal,2Vehicles-Behind,"235, CLEMENCEAU GEORGES",M,48.88710036860241,2.8859587756609426
201800038526,NonLethal,2018-01-07,16:10:00,Daylight,920,50,Yes,NoIntersection,Normal,Other,"390, REPUBLIQUE AVENUE D",M,48.91169710962505,2.912811264933508
201800038527,NonLethal,2018-09-01,11:20:00,Daylight,920,50,Yes,Other,Normal,Other,SADI CARNOT RUE,M,48.88991038035094,2.89044044424957
201800038528,NonLethal,2018-10-01,16:10:00,Daylight,920,50,Yes,X-type,Overcast,Other,"115, CLEMENCEAU GEORGES",M,48.887257606742914,2.887143979703984
201800038529,NonLethal,2018-11-01,13:45:00,Daylight,920,50,Yes,NoIntersection,LightRain,2Vehicles-Side,JOLIOT CURIE (AVENUE),M,48.88026701872338,2.8811914485011973
201800038531,NonLethal,2018-01-16,09:35:00,Daylight,920,50,Yes,NoIntersection,LightRain,Other,ARAGO FRANCOIS AVENUE,M,,
201800038532,NonLethal,2018-01-18,19:05:00,NightStreelightsOn,920,50,Yes,NoIntersection,LightRain,Other,"47, HAVRE BOULEVARD DU",M,48.910540662621926,2.909292061304252
201800038533,NonLethal,2018-01-19,09:15:00,Daylight,920,50,Yes,T-type,LightRain,Other,JOLIOT CURIE (AVENUE),M,48.89473159667248,2.8942845807483857
201800038534,NonLethal,2018-01-19,21:25:00,NightStreelightsOn,920,50,Yes,NoIntersection,Normal,2Vehicles-Side,PESARO BOULEVARD DE,M,48.8961457023043,2.8956712504124145
201800038535,NonLethal,2018-01-24,19:00:00,NightStreelightsOn,920,50,Yes,NoIntersection,Normal,Other,"01, MARTIN HENRI AVENUE",M,48.89877071542056,2.897060040800993
201800038536,NonLethal,2018-01-25,18:20:00,NightStreelightsOn,920,50,Yes,NoIntersection,LightRain,Other,"31, MARTIN HENRI AVENUE",M,48.896842771914514,2.8946881029683067
201800038537,NonLethal,2018-01-26,17:35:00,TwilightOrDawn,920,50,Yes,NoIntersection,Normal,2Vehicles-Side,"08, LILLE RUE DE",M,48.897183257820295,2.899441438037637
201800038540,NonLethal,2018-02-02,18:45:00,NightStreelightsOn,920,50,Yes,NoIntersection,LightRain,2Vehicles-Behind,"268, AVENUE GEORGES CLEM",M,48.8781697519542,2.881919419062842
201800038541,NonLethal,2018-02-03,21:42:00,NightStreelightsOn,920,50,Yes,NoIntersection,LightRain,Other,JOLIOT CURIE (AVENUE),M,,
201800038542,NonLethal,2018-02-12,09:30:00,Daylight,920,50,Yes,NoIntersection,VeryGood,2Vehicles-Side,ARAGO FRANCOIS AVENUE,M,48.89912994589717,2.898570208954056
201800038543,NonLethal,2018-07-02,18:30:00,NightStreelightsOn,920,50,Yes,T-type,SnowOrHail,Other,GUERRY EDMOND RUE,M,48.89386968777156,2.891043024202081
201800038544,NonLethal,2018-02-13,16:58:00,TwilightOrDawn,920,50,Yes,NoIntersection,SnowOrHail,2Vehicles-Behind,FOCH MARECHAL PLACE DU,M,48.888898988024366,2.8866424690700256
201800038545,NonLethal,2018-02-16,08:50:00,Daylight,920,50,Yes,NoIntersection,Normal,Other,"06, STRASBOURG RUE DE",M,48.91350913114653,2.9123585367476554
201800038547,NonLethal,2018-02-19,16:35:00,Daylight,920,50,Yes,NoIntersection,LightRain,Other,"126, AVENUE PABLO PICASS",M,48.87946522914172,2.8799802482810533
201800038548,NonLethal,2018-02-16,13:00:00,Daylight,920,50,Yes,NoIntersection,Normal,Other,NERUDA PABLO RUE,M,48.89618875257588,2.8955493077422823
201800038549,NonLethal,2018-02-26,19:35:00,NightStreelightsOn,920,50,Yes,NoIntersection,Normal,Other,"7, JOFFRE MARECHAL AVENU",M,48.80060956499792,2.8005757012994668
201800038550,NonLethal,2018-02-26,11:45:00,Daylight,920,50,Yes,T-type,VeryGood,Other,CLEMENCEAU GEORGES AVENU,M,48.88690295500503,2.8855153449237703
201800038552,NonLethal,2018-03-15,09:00:00,Daylight,920,50,Yes,NoIntersection,LightRain,2Vehicles-Side,"03, BOUVETS BOULEVARD DE",M,,
201800038554,NonLethal,2018-01-04,22:00:00,NightStreelightsOn,920,50,Yes,X-type,Normal,2Vehicles-Side,"31, HAVRE BOULEVARD DU",M,48.91825964231752,2.916917660456363
201800038555,NonLethal,2018-05-04,15:30:00,Daylight,920,50,Yes,Other,Normal,2Vehicles-Side,COMMUNE DE PARIS AVENUE,M,48.90123400114632,2.90119508112758
201800038556,NonLethal,2018-06-04,09:05:00,Daylight,920,50,Yes,NoIntersection,Normal,2Vehicles-Side,"49, JOFFRE MARECHAL AVEN",M,48.85882692203243,2.8585193361391545
201800038557,NonLethal,2018-10-04,07:00:00,TwilightOrDawn,920,50,Yes,NoIntersection,Overcast,Other,"24, JOFFRE MARECHAL AVEN",M,48.88681401950288,2.8865142552088536
201800038560,NonLethal,2018-04-26,16:15:00,Daylight,920,50,Yes,NoIntersection,Normal,2Vehicles-Side,ARAGO FRANCOIS PASSAGE,M,,
201800038561,NonLethal,2018-04-27,18:15:00,Daylight,920,50,Yes,NoIntersection,Normal,Other,"9, BOIS RUE DU",M,48.88008944713165,2.880687898587877
201800038562,NonLethal,2018-04-05,18:40:00,Daylight,920,50,Yes,NoIntersection,Normal,2Vehicles-Side,"88, CLEMENCEAU GEORGES A",M,48.88595277209959,2.887530842309735
201800038563,NonLethal,2018-05-06,23:40:00,NightStreelightsOn,920,50,Yes,Other,Normal,3+Vehicles-Multiple,REPUBLIQUE AVENUE DE LA,M,48.90519265960466,2.9060749782071698
201800038565,NonLethal,2018-05-07,14:02:00,Daylight,920,50,Yes,LevelCrossing,Normal,2Vehicles-Side,VAILLANT COUTURIER PAUL,M,48.882980180162185,2.882822756250594
201800038566,NonLethal,2018-09-05,16:55:00,Daylight,920,50,Yes,NoIntersection,Normal,2Vehicles-Behind,"113, AVENUE PABLO PICASS",M,48.88859745452904,2.8873338790554057
201800038567,NonLethal,2018-10-05,20:35:00,TwilightOrDawn,920,50,Yes,NoIntersection,Normal,2Vehicles-Side,"64, CLEMENCEAU GEORGES A",M,48.79985358655474,2.799125348952078
201800038568,NonLethal,2018-05-14,00:15:00,NightStreelightsOn,920,50,Yes,Other,LightRain,Other,STALINGRAD RUE DE,M,48.89366494905463,2.8946118405639774
201800038570,NonLethal,2018-05-15,07:15:00,Daylight,920,50,Yes,Other,Overcast,Other,TRIAIRE PHILIPPE RUE,M,48.88865164952385,2.886988901487423
201800038571,NonLethal,2018-05-15,15:15:00,Daylight,920,50,Yes,NoIntersection,Normal,Other,"13, CHANZY RUE DE",M,48.88806992099832,2.888996821604861
201800038572,NonLethal,2018-05-18,23:50:00,NightStreelightsOn,920,50,Yes,X-type,Normal,2Vehicles-Side,"186, CLEMENCEAU GEORGES",M,48.88542886656183,2.885447547550957
201800038573,NonLethal,2018-05-19,11:40:00,Daylight,920,50,Yes,NoIntersection,VeryGood,2Vehicles-Side,SOUFFLOT J-GERMAIN BOULE,M,48.89416146606938,2.8943690911072006
201800038574,NonLethal,2018-05-22,20:10:00,Daylight,920,50,Yes,X-type,Normal,2Vehicles-Side,FRACHON BENOIT AVENUE,M,48.89269158342719,2.8934567119849066
201800038575,NonLethal,2018-05-26,13:20:00,Daylight,920,50,Yes,NoIntersection,Normal,Other,"268, CLEMENCEAU GEORGES",M,48.879288475755246,2.8794026207225145
201800038576,NonLethal,2018-05-26,19:55:00,Daylight,920,50,Yes,NoIntersection,Normal,Other,"90, ALLENDE SALVADOR RUE",M,48.89391078600856,2.8939643830323654
201800038577,NonLethal,2018-05-30,03:30:00,NightStreelightsOn,920,50,Yes,X-type,Normal,2Vehicles-Side,VIEUX PONT RUE DU,M,48.88789672286135,2.8907712474774847
201800038578,NonLethal,2018-05-30,17:50:00,Daylight,920,50,Yes,NoIntersection,Normal,2Vehicles-Behind,"289, CLEMENCEAU GEORGES",M,48.88611965501109,2.886256886340221
201800038579,NonLethal,2018-05-31,09:30:00,Daylight,920,50,Yes,X-type,Normal,2Vehicles-Side,"183, CLEMENCEAU GEORGES",M,48.88626526177471,2.8849863727991063
201800038580,NonLethal,2018-05-31,12:55:00,Daylight,920,50,Yes,NoIntersection,Normal,2Vehicles-Side,"156, NATIONAL BOULEVARD",M,48.884503800695,2.88558514134691
201800038581,NonLethal,2018-01-06,19:50:00,Daylight,920,50,Yes,NoIntersection,LightRain,Other,"17, FAURE FELIX AVENUE",M,,
201800038582,NonLethal,2018-04-06,18:45:00,Daylight,920,50,Yes,X-type,Normal,2Vehicles-Side,"neant, QUENTIN JULES AVE",M,48.89508533875961,2.8966778659882477
201800038583,NonLethal,2018-07-06,17:50:00,Daylight,920,50,Yes,NoIntersection,Normal,2Vehicles-Side,REPUBLIQUE AVENUE DE LA,M,48.90976174134246,2.9090269386964325
201800038584,NonLethal,2018-06-08,17:00:00,Daylight,920,50,Yes,X-type,Normal,2Vehicles-Side,AGRICULTURE RUE DE L',M,47.99833320876588,2.000164779698935
201800038585,NonLethal,2018-06-09,19:20:00,Daylight,920,50,Yes,NoIntersection,Normal,2Vehicles-Side,"85, LECLERC GENERAL AVEN",M,48.89840820148135,2.900607829344632
201800038586,NonLethal,2018-06-11,09:40:00,Daylight,920,50,Yes,NoIntersection,LightRain,Other,"80, NATIONAL BOULEVARD",M,48.88856362457796,2.8867713475605297
201800038587,NonLethal,2018-11-06,16:30:00,Daylight,920,50,Yes,NoIntersection,Normal,2Vehicles-Side,"47, HAVRE BOULEVARD DU",M,,
201800038588,NonLethal,2018-06-20,16:00:00,Daylight,920,50,Yes,Square,Normal,2Vehicles-BehindVehicles-Frontal,"néant, PLACE PLAIN CHAMP",M,48.89087371980192,2.8906511892807383
201800038589,NonLethal,2018-06-20,21:00:00,Daylight,920,50,Yes,Other,Normal,2Vehicles-Side,"185, VAILLANT COUTURIER",M,48.87983805646039,2.881097191117623
201800038591,NonLethal,2018-06-26,15:35:00,Daylight,920,50,Yes,X-type,VeryGood,2Vehicles-Side,LENINE VLADIMIR ILITCH A,M,48.79990992121245,2.7992747422995023
201800038592,NonLethal,2018-06-26,20:30:00,Daylight,920,50,Yes,Square,Normal,2Vehicles-Side,BOULE PLACE DE LA,M,48.8875652328269,2.8876888614686904
201800038593,NonLethal,2018-06-27,09:00:00,Daylight,920,50,Yes,NoIntersection,Normal,Other,MANSARD JULES BOULEVARD,M,48.90094276000943,2.9008874863808747
201800038594,NonLethal,2018-06-25,10:05:00,Daylight,920,50,Yes,NoIntersection,Normal,2Vehicles-Side,"7, SILVY RUE",M,48.89309948031524,2.8956268009399726
201800038595,NonLethal,2018-06-29,23:25:00,NightStreelightsOn,920,50,Yes,X-type,Normal,NoCollision,"208, JOLIOT CURIE (AVENU",M,48.89148725726918,2.891474455639812
201800038597,NonLethal,2018-07-06,15:20:00,Daylight,920,50,Yes,NoIntersection,Normal,3+Vehicles-Chain,"02, NERUDA PABLO RUE",M,48.89649331693416,2.8974445108315297
201800038598,NonLethal,2018-07-06,20:30:00,Daylight,920,50,Yes,NoIntersection,Normal,Other,PESARO BOULEVARD DE,M,48.00191155386708,2.000686059244476
201800038599,NonLethal,2018-07-09,18:50:00,Daylight,920,50,Yes,NoIntersection,Normal,2Vehicles-Side,"181, VAILLANT COUTURIER",M,,
201800038600,NonLethal,2018-07-19,19:40:00,Daylight,920,50,Yes,NoIntersection,Normal,2Vehicles-Side,"38, BOUVETS BOULEVARD DE",M,48.88902042333445,2.890786786595736
201800038601,NonLethal,2018-07-20,18:30:00,Daylight,920,50,Yes,NoIntersection,Normal,2Vehicles-Side,BOULEVARD DE LA DEFENSE,M,48.89794255449076,2.8970299258385577
201800038602,NonLethal,2018-07-24,22:20:00,NightStreelightsOn,920,50,Yes,NoIntersection,Normal,2Vehicles-Behind,"289, CLEMENCEAU GEORGES",M,48.88669398045992,2.8879380879172154
201800038603,NonLethal,2018-07-26,18:30:00,Daylight,920,50,Yes,Y-type,Normal,2Vehicles-Side,HUIT MAI 1945 RUE DU,M,48.89187010498537,2.8926661945586525
201800038604,NonLethal,2018-07-26,18:55:00,Daylight,920,50,Yes,X-type,Normal,Other,VIEUX PONT RUE DU,M,48.89210996409092,2.892295098176573
201800038605,NonLethal,2018-07-27,15:45:00,Daylight,920,50,Yes,Roundabout,Normal,Other,PLACE NELSON MANDELA,M,48.89842156611024,2.8969625917954462
201800038606,NonLethal,2018-07-28,19:00:00,Daylight,920,50,Yes,X-type,Normal,2Vehicles-Side,PONS NOEL RUE,M,48.90410777435244,2.904645382726048
201800038607,NonLethal,2018-07-30,08:25:00,Daylight,920,50,Yes,NoIntersection,Normal,2Vehicles-Side,HAVRE BOULEVARD DU,M,48.92037415387024,2.917820642662644
201800038608,NonLethal,2018-07-30,15:00:00,Daylight,920,50,Yes,NoIntersection,Normal,2Vehicles-Behind,GARE RUE DE LA,M,48.89620837372182,2.896090522395239
201800038609,NonLethal,2018-07-08,11:10:00,Daylight,920,50,Yes,NoIntersection,Normal,2Vehicles-Behind,DEFENSE BOULEVARD DE LA,M,48.89044664491788,2.889454629842414
201800038610,NonLethal,2018-08-14,09:00:00,Daylight,920,50,Yes,NoIntersection,Overcast,2Vehicles-Side,CLEMENCEAU GEORGES AVENU,M,48.88683650046959,2.88708154068009
201800038612,NonLethal,2018-08-21,12:20:00,Daylight,920,50,Yes,X-type,Normal,2Vehicles-Side,PONS NOEL RUE,M,48.898659940000016,2.899941090594602
201800038613,NonLethal,2018-08-21,20:10:00,Daylight,920,50,Yes,Other,Normal,Other,FOLIE RUE DE LA,M,,
201800038615,NonLethal,2018-09-08,11:25:00,Daylight,920,50,No,X-type,Normal,2Vehicles-Side,PONS NOEL RUE,M,48.90411902191402,2.90481446418929
201800038616,NonLethal,2018-10-09,18:10:00,Daylight,920,50,Yes,Roundabout,Normal,2Vehicles-Behind,BOULE PLACE DE LA,M,48.88823321272105,2.885537991581616
201800038617,NonLethal,2018-09-12,07:40:00,Daylight,920,50,Yes,NoIntersection,Normal,2Vehicles-BehindVehicles-Frontal,JOFFRE MARECHAL AVENUE D,M,,
201800038618,NonLethal,2018-09-12,19:50:00,Daylight,920,50,Yes,NoIntersection,Normal,2Vehicles-Side,BECQUET RUE,M,48.88890438289665,2.889460943195637
201800038619,NonLethal,2018-09-12,08:30:00,Daylight,920,50,Yes,NoIntersection,Normal,2Vehicles-Side,JOFFRE MARECHAL AVENUE D,M,48.88393029378087,2.8846737351435245
201800038620,NonLethal,2018-09-13,12:15:00,Daylight,920,50,Yes,Y-type,Normal,3+Vehicles-Multiple,CLEMENCEAU GEORGES AVENU,M,48.87930251204583,2.8814097802550838
201800038621,NonLethal,2018-09-14,18:45:00,Daylight,920,50,Yes,NoIntersection,Normal,2Vehicles-Side,BOUVETS BOULEVARD DES,M,48.89997671764805,2.8996460137000195
201800038622,NonLethal,2018-09-15,13:45:00,Daylight,920,50,Yes,NoIntersection,Normal,2Vehicles-BehindVehicles-Frontal,LENINE VLADIMIR ILITCH A,M,48.88753581057957,2.8889327608872413
201800038623,NonLethal,2018-09-22,22:50:00,NightStreelightsOn,920,50,Yes,T-type,Overcast,2Vehicles-Side,CLEMENCEAU GEORGES AVENU,M,,
201800038624,NonLethal,2018-09-25,13:05:00,Daylight,920,50,Yes,X-type,Normal,2Vehicles-BehindVehicles-Frontal,PONS NOEL RUE,M,48.90267795478994,2.9005197089861365
201800038625,NonLethal,2018-09-30,20:10:00,NightStreelightsOn,920,50,Yes,Other,Normal,2Vehicles-Side,SAINT CLOUD RUE DE,M,,
201800038626,NonLethal,2018-10-03,10:15:00,Daylight,920,50,Yes,NoIntersection,Overcast,2Vehicles-Side,CLEMENCEAU GEORGES AVENU,M,48.87850323988299,2.880026958196497
201800038628,NonLethal,2018-10-05,00:40:00,NightStreelightsOn,920,50,Yes,NoIntersection,Normal,Other,VAILLANT COUTURIER PAUL,M,48.880609281208514,2.8787201591025884
201800038629,NonLethal,2018-10-05,16:30:00,Daylight,920,50,Yes,NoIntersection,Normal,2Vehicles-Side,BALZAC HONORE DE BOULEVA,M,48.89591128898861,2.8949040508067783
201800038630,NonLethal,2018-10-04,16:35:00,Daylight,920,50,Yes,X-type,Normal,2Vehicles-Side,STRASBOURG RUE DE,M,48.91308793701542,2.911610155199767
201800038631,NonLethal,2018-10-08,17:00:00,Daylight,920,50,Yes,NoIntersection,Normal,Other,LEMAITRE THOMAS RUE,M,48.8899243807936,2.889828372258095
201800038632,NonLethal,2018-10-11,13:35:00,Daylight,920,50,Yes,T-type,Normal,2Vehicles-Side,PICASSO PABLO AVENUE,M,48.89025492954171,2.8888181059125597
201800038633,NonLethal,2018-10-12,08:25:00,Daylight,920,50,Yes,Y-type,LightRain,2Vehicles-Side,LEMAITRE THOMAS RUE,M,48.88751379657373,2.8896297005668923
201800038635,NonLethal,2018-12-10,16:45:00,Daylight,920,50,Yes,NoIntersection,Normal,Other,MARTIN HENRI AVENUE,M,48.8938771786072,2.8927113871089767
201800038636,NonLethal,2018-10-19,17:10:00,Daylight,920,50,Yes,T-type,Normal,2Vehicles-Side,LIBERTE AVENUE DE LA,M,48.89077902810537,2.89090596563534
201800038637,NonLethal,2018-10-24,17:00:00,Daylight,920,50,No,NoIntersection,Normal,2Vehicles-Behind,BOULEVARD DE LA DEFENSE,M,,
201800038638,Lethal,2018-10-25,10:25:00,Daylight,920,50,Yes,X-type,Overcast,Other,JOLIOT CURIE F. ET IRENE,M,48.89350790942891,2.892921028991159
201800038639,NonLethal,2018-10-26,22:42:00,NightStreelightsOn,920,26,Yes,X-type,Normal,2Vehicles-Side,AVENUE GAMBETTA,M,48.89203041139086,2.8926564679312587
201800038640,NonLethal,2018-10-28,14:00:00,Daylight,920,50,Yes,NoIntersection,LightRain,Other,LEGER FERNAND ALLEE,M,48.88801284788824,2.887552933224935
201800038642,NonLethal,2018-10-30,20:25:00,NightStreelightsOn,920,50,Yes,X-type,Normal,2Vehicles-Side,RENAN ERNEST RUE,M,48.89488640400804,2.8926410835100818
201800038644,NonLethal,2018-11-12,09:40:00,Daylight,920,50,Yes,Y-type,HeavyRain,2Vehicles-Side,CLEMENCEAU GEORGES AVENU,M,48.87898155896072,2.8785707017218685
201800038645,NonLethal,2018-11-13,08:10:00,Daylight,920,50,Yes,NoIntersection,Normal,3+Vehicles-Multiple,CLEMENCEAU GEORGES AVENU,M,,
201800038646,NonLethal,2018-11-13,20:40:00,NightStreelightsOn,920,50,Yes,Y-type,Normal,2Vehicles-Side,FUSILLES DE LA RESISTANC,M,48.8697526578998,2.870563084194554
201800038647,NonLethal,2018-11-14,16:50:00,Daylight,920,50,Yes,NoIntersection,Normal,2Vehicles-Side,PONS NOEL RUE,M,48.89978285689696,2.899868432732516
201800038648,NonLethal,2018-11-14,08:15:00,Daylight,920,50,Yes,X-type,Normal,Other,SUISSES RUE DES,M,48.88484014997598,2.887535098375663
201800038650,NonLethal,2018-11-19,11:35:00,Daylight,920,50,Yes,T-type,Normal,Other,COUCHANT BOULEVARD DU,M,48.891389757099496,2.888808974976804
201800038651,NonLethal,2018-11-19,20:30:00,NightStreelightsOn,920,50,Yes,NoIntersection,LightRain,2Vehicles-Side,VAILLANT COUTURIER PAUL,M,48.80038733370455,2.799828589031716
201800038652,NonLethal,2018-03-12,00:10:00,NightStreelightsOn,920,50,Yes,T-type,Overcast,2Vehicles-Side,DUBUIS EDMOND RUE,M,,
201800038653,NonLethal,2018-07-12,14:35:00,Daylight,920,50,Yes,NoIntersection,HeavyRain,2Vehicles-Behind,LENINE VLADIMIR ILITCH A,M,48.88697673945661,2.8878088584686705
201800038654,NonLethal,2018-09-12,00:05:00,NightStreelightsOn,920,50,Yes,Other,Normal,2Vehicles-Behind,CLEMENCEAU GEORGES AVENU,M,48.883440812600696,2.8864960573303224
201800038655,NonLethal,2018-12-10,09:10:00,Daylight,920,50,Yes,NoIntersection,LightRain,Other,GARCHES RUE DE,M,48.8776829428556,2.878245516375109
201800038656,NonLethal,2018-12-13,13:35:00,Daylight,920,50,Yes,NoIntersection,Normal,2Vehicles-Side,HUIT MAI 1945 RUE DU,M,48.89287975289627,2.8914425994284096
201800038657,NonLethal,2018-12-16,18:50:00,NightStreelightsOn,920,50,Yes,X-type,LightRain,2Vehicles-Side,SAINT MAURICE RUE,M,48.880018756178565,2.879698103392422
201800038658,NonLethal,2018-12-17,07:30:00,NightStreelightsOff,920,50,No,Other,Other,3+Vehicles-Chain,RD 914,M,48.90019321255013,2.898633229667891
201800038661,NonLethal,2018-12-24,06:15:00,NightStreelightsOn,920,50,Yes,NoIntersection,LightRain,Other,REPUBLIQUE AVENUE DE LA,M,48.911594903248016,2.9127640268976176
201800038662,NonLethal,2018-12-27,22:10:00,NightStreelightsOn,920,50,Yes,X-type,Normal,2Vehicles-Side,HOCHE AVENUE,M,48.90070416751574,2.901546828833344
201800038663,NonLethal,2018-12-29,03:45:00,NightStreelightsOn,920,50,Yes,NoIntersection,Normal,Other,FRACHON BENOIT AVENUE,M,48.89235136233891,2.892641735379124
201800038664,NonLethal,2018-01-01,13:00:00,Daylight,920,51,Yes,NoIntersection,LightRain,Other,"109B, CHARLES DE GAULLE",M,48.88252197563996,2.8829979965289376
201800038666,NonLethal,2018-01-09,10:15:00,Daylight,920,51,Yes,NoIntersection,Normal,Other,"58, VICTOR HUGO (BOULEVA",M,48.886955833143695,2.8876241674208294
201800038667,NonLethal,2018-01-22,18:37:00,NightStreelightsOn,920,51,Yes,NoIntersection,Normal,2Vehicles-Side,"84, CHARLES DE GAULLE (A",M,48.88210311869973,2.8817785954916992
201800038669,NonLethal,2018-01-30,20:44:00,NightStreelightsOn,920,51,Yes,X-type,LightRain,2Vehicles-Side,"1, RICHARD WALLACE (BOUL",M,48.87512040383406,2.877207677925092
201800038670,NonLethal,2018-02-12,07:00:00,NightStreelightsOn,920,51,Yes,NoIntersection,Normal,Other,"204, BINEAU (BOULEVARD,",M,48.89607142749564,2.89569621007831
201800038673,NonLethal,2018-03-06,10:50:00,Daylight,920,51,Yes,NoIntersection,Normal,Other,"15, JEAN MERMOZ (BOULEVA",M,48.88562101167317,2.884462318591925
201800038674,NonLethal,2018-03-08,10:20:00,Daylight,920,51,Yes,NoIntersection,Normal,Other,"17, EGLISE (RUE DE L')",M,48.88549126666943,2.885122596767448
201800038675,NonLethal,2018-03-13,09:00:00,Daylight,920,51,Yes,T-type,Normal,2Vehicles-Side,"66, BOURDON (BOULEVARD)",M,48.893724037077824,2.891872243753648
201800038676,NonLethal,2018-01-22,08:30:00,NightStreelightsOn,920,51,Yes,NoIntersection,LightRain,Other,"70, ROULE (AVENUE DU, N°",M,48.88332181648215,2.882258489800474
201800038677,NonLethal,2018-03-16,19:30:00,NightStreelightsOn,920,51,Yes,NoIntersection,Normal,2Vehicles-Side,"116, BINEAU (BOULEVARD,",M,48.88710216141706,2.8890528393143478
201800038678,NonLethal,2018-03-19,12:30:00,Daylight,920,51,Yes,NoIntersection,Overcast,2Vehicles-Side,"90, MAURICE BARRES (BOUL",M,,
201800038679,NonLethal,2018-02-17,16:00:00,Daylight,920,51,Yes,NoIntersection,Normal,2Vehicles-Behind,"34, CHARLES DE GAULLE (A",M,48.88036531780678,2.881975362920303
201800038680,NonLethal,2018-03-25,19:30:00,NightStreelightsOn,920,51,Yes,NoIntersection,LightRain,Other,"134, BINEAU (BOULEVARD,",M,48.888037882440585,2.8886660374337403
201800038681,NonLethal,2018-03-26,04:10:00,NightStreelightsOn,920,51,Yes,NoIntersection,Normal,Other,"190, CHARLES DE GAULLE (",M,48.886136162802245,2.8871830427959178
201800038682,NonLethal,2018-04-08,22:25:00,NightStreelightsOn,920,51,Yes,Other,Normal,2Vehicles-Side,"41, CHARLES DE GAULLE (A",M,48.88169514707515,2.881213492092178
201800038683,NonLethal,2018-04-19,05:45:00,NightNoStreetLight,920,51,Yes,NoIntersection,Normal,3+Vehicles-Multiple,"73, CHARLES DE GAULLE (A",M,48.88221916492426,2.8814253825632923
201800038684,NonLethal,2018-04-19,12:50:00,Daylight,920,51,Yes,NoIntersection,Normal,2Vehicles-Behind,"20, GENERAL LECLERC (BOU",M,48.88826439209254,2.888399079566187
201800038685,NonLethal,2018-04-24,17:10:00,Daylight,920,51,Yes,NoIntersection,Normal,3+Vehicles-Chain,"103, BINEAU (BOULEVARD,",M,48.88939188627946,2.8874967125373003
201800038687,NonLethal,2018-04-26,00:15:00,NightStreelightsOn,920,51,Yes,NoIntersection,Normal,2Vehicles-Behind,"44, CHARLES DE GAULLE (A",M,48.88004201315396,2.8826183649621404
201800038688,NonLethal,2018-04-27,13:15:00,Daylight,920,51,Yes,NoIntersection,Normal,Other,"70, CHARLES DE GAULLE (A",M,48.88159365882758,2.8814076862440525
201800038689,NonLethal,2018-04-28,12:50:00,Daylight,920,51,Yes,NoIntersection,Normal,2Vehicles-Side,CHARLES DE GAULLE (AVENU,M,48.88357994277147,2.886158603853516
201800038690,NonLethal,2018-03-05,15:45:00,Daylight,920,51,Yes,NoIntersection,Normal,2Vehicles-BehindVehicles-Frontal,"9 bis, RICHARD WALLACE (",M,48.87883260687945,2.8771594509254568
201800038692,NonLethal,2018-05-06,16:00:00,Daylight,920,51,Yes,Roundabout,VeryGood,2Vehicles-Side,"11, MADRID (AVENUE DE)",M,,
201800038693,NonLethal,2018-05-09,10:00:00,Daylight,920,51,Yes,NoIntersection,Normal,2Vehicles-Behind,"BINEAU (BOULEVARD, N°133",M,48.88958954821965,2.88786434851736
201800038694,NonLethal,2018-05-17,08:30:00,Daylight,920,51,Yes,NoIntersection,Normal,Other,"88, VICTOR HUGO (BOULEVA",M,48.88058153863911,2.8807541697508245
201800038695,NonLethal,2018-05-19,19:20:00,Daylight,920,51,Yes,NoIntersection,Normal,Other,"11, MADRID (AVENUE DE)",M,48.88225789157412,2.882327054145839