AccidentId,Gravity,Date,Hour,Light,Department,Commune,InAgglomeration,IntersectionType,Weather,CollisionType,PostalAddress,GPSCode,Latitude,Longitude
201800038696,NonLethal,2018-05-23,10:00:00,Daylight,920,51,Yes,Other,Normal,Other,"11, BINEAU (BOULEVARD, N",M,48.88757903235169,2.883969430475869
201800038697,NonLethal,2018-05-24,18:30:00,Daylight,920,51,Yes,NoIntersection,Normal,2Vehicles-Side,"58, CHARLES DE GAULLE (A",M,48.88203181464628,2.883163618493642
201800038699,NonLethal,2018-05-25,16:30:00,Daylight,920,51,Yes,NoIntersection,HeavyRain,2Vehicles-BehindVehicles-Frontal,"11, CHARTRES (RUE DE )",M,48.87935362716825,2.881356647027009
201800038700,NonLethal,2018-05-28,12:30:00,Daylight,920,51,Yes,NoIntersection,Normal,2Vehicles-BehindVehicles-Frontal,"4, GENERAL LECLERC (BOUL",M,48.88753187985811,2.8871502859376346
201800038701,NonLethal,2018-05-30,03:50:00,NightStreelightsOn,920,51,Yes,NoIntersection,Normal,Other,"31, COMMANDANT CHARCOT (",M,48.87567396499077,2.8747342309012915
201800038702,Lethal,2018-03-12,16:55:00,Daylight,920,51,Yes,NoIntersection,Normal,3+Vehicles-Multiple,"141, GENERAL KOENIG (BB)",M,48.88458933828198,2.8835104430773058
201800038703,NonLethal,2018-07-06,11:24:00,Daylight,920,51,Yes,T-type,Normal,Other,"62, CHARLES DE GAULLE (A",M,,
201800038704,NonLethal,2018-07-06,17:02:00,Daylight,920,51,Yes,NoIntersection,Normal,2Vehicles-Behind,"131, bld KOENING",M,48.87804394673022,2.877512013565958
201800038705,NonLethal,2018-07-13,01:20:00,NightStreelightsOn,920,51,Yes,NoIntersection,Normal,3+Vehicles-Chain,"60, CHARLES DE GAULLE (A",M,48.88186513533717,2.881226175711023
201800038707,NonLethal,2018-07-23,10:10:00,Daylight,920,51,Yes,LevelCrossing,Normal,2Vehicles-Side,"204, BINEAU (BOULEVARD,",M,48.88386867415368,2.8826945544185856
201800038708,NonLethal,2018-07-24,14:20:00,Daylight,920,51,Yes,NoIntersection,Normal,2Vehicles-Behind,"45, CHARLES DE GAULLE (A",M,48.87847138133324,2.8786420851762964
201800038709,NonLethal,2018-08-16,09:20:00,Daylight,920,51,Yes,NoIntersection,Normal,2Vehicles-Behind,CHARLES DE GAULLE (AVENU,M,48.88134701124223,2.880277464125633
201800038710,NonLethal,2018-01-09,20:00:00,Daylight,920,51,Yes,NoIntersection,Normal,2Vehicles-Side,DELABORDERE (RUE),M,48.87922672706327,2.876191875856537
201800038711,NonLethal,2018-09-05,09:15:00,Daylight,920,51,Yes,NoIntersection,Normal,2Vehicles-Side,"ROULE (AVENUE DU, N° 29",M,48.88209317290666,2.880815612096162
201800038712,NonLethal,2018-06-09,08:20:00,Daylight,920,51,Yes,NoIntersection,Normal,2Vehicles-Behind,CHARLES DE GAULLE (AVENU,M,48.884323208967146,2.8826133689881277
201800038713,NonLethal,2018-06-09,10:30:00,Daylight,920,51,Yes,NoIntersection,LightRain,3+Vehicles-Chain,CHARLES DE GAULLE (AVENU,M,48.880126587988,2.8792256375796303
201800038714,NonLethal,2018-09-07,07:50:00,Daylight,920,51,Yes,NoIntersection,Normal,Other,"ACHILLE PERETTI (AVENUE,",M,48.88373949438915,2.8848268255679104
201800038715,NonLethal,2018-09-14,09:20:00,Daylight,920,51,Yes,Other,Normal,Other,INKERMANN (BOULEVARD D'),M,,
201800038716,NonLethal,2018-09-20,18:00:00,Daylight,920,51,Yes,NoIntersection,Normal,2Vehicles-Side,"VICTOR HUGO (BOULEVARD,",M,48.88756967025085,2.884958777555076
201800038719,NonLethal,2018-04-10,09:08:00,Daylight,920,51,Yes,T-type,Normal,2Vehicles-Side,"BINEAU (BOULEVARD, N°133",M,48.88840763411776,2.8884662142007898
201800038720,NonLethal,2018-04-10,12:45:00,Daylight,920,51,Yes,T-type,Normal,2Vehicles-Side,"VILLIERS (RUE DE, N° 21",M,48.89042943453229,2.8915368416122407
201800038721,NonLethal,2018-10-10,08:05:00,Daylight,920,51,Yes,NoIntersection,Normal,2Vehicles-Side,"ROULE (AVENUE DU, N° 29",M,,
201800038722,NonLethal,2018-10-23,07:15:00,NightStreelightsOn,920,51,Yes,NoIntersection,Normal,2Vehicles-Behind,CHARLES DE GAULLE (AVENU,M,48.89167973773408,2.8916782631349203
201800038724,NonLethal,2018-10-26,19:13:00,NightStreelightsOn,920,51,Yes,NoIntersection,LightRain,Other,MAURICE BARRES (BOULEVAR,M,48.88123789754866,2.8811092759789227
201800038725,NonLethal,2018-11-04,14:45:00,Daylight,920,51,Yes,X-type,Normal,2Vehicles-Side,INKERMANN (BOULEVARD D'),M,48.879922196385074,2.881641972234898
201800038726,NonLethal,2018-05-11,22:45:00,NightStreelightsOn,920,51,Yes,T-type,Normal,2Vehicles-Side,GENERAL LECLERC (BOULEVA,M,48.88891251025748,2.8907419621787938
201800038727,NonLethal,2018-11-13,11:15:00,Daylight,920,51,Yes,Other,Normal,2Vehicles-Side,GENERAL LECLERC (BOULEVA,M,48.892423240200365,2.891972601374478
201800038728,NonLethal,2018-11-16,11:20:00,Daylight,920,51,Yes,NoIntersection,Normal,2Vehicles-Side,HOTEL DE VILLE (RUE DE L,M,48.88443791252249,2.8864608174823
201800038729,NonLethal,2018-11-16,17:30:00,NightStreelightsOn,920,51,Yes,X-type,Normal,2Vehicles-Side,"BINEAU (BOULEVARD, N°53",M,48.89226005544996,2.893915128016104
201800038730,NonLethal,2018-11-20,12:30:00,Daylight,920,51,Yes,NoIntersection,LightRain,Other,CHARLES DE GAULLE (AVENU,M,48.88193364305444,2.882476217190741
201800038731,NonLethal,2018-11-22,13:30:00,Daylight,920,51,Yes,NoIntersection,Overcast,2Vehicles-Side,CHATEAU (BOULEVARD DU),M,48.89574095191519,2.893581417044788
201800038732,NonLethal,2018-11-23,22:55:00,NightStreelightsOn,920,51,Yes,X-type,HeavyRain,2Vehicles-Side,ARMENONVILLE (RUE D'),M,48.88140482632222,2.88019973997762
201800038733,NonLethal,2018-10-12,22:57:00,NightStreelightsOn,920,51,Yes,NoIntersection,Normal,3+Vehicles-Multiple,CHARLES DE GAULLE (AVENU,M,44.880997085982855,2.881341774782215
201800038735,NonLethal,2018-12-18,18:15:00,NightStreelightsOn,920,51,Yes,X-type,Normal,Other,CHARLES LAFFITTE (RUE),M,48.879305992952666,2.878645270604648
201800038736,NonLethal,2018-07-01,17:10:00,TwilightOrDawn,920,62,Yes,NoIntersection,Normal,3+Vehicles-Chain,"31, DE DION BOUTON (QUAI",M,48.879183360990936,2.881400316441197
201800038737,NonLethal,2018-01-10,22:45:00,NightStreelightsOn,920,62,Yes,NoIntersection,Normal,2Vehicles-Behind,"55, BAS-ROGERS (RUE DES)",M,48.88064226982883,2.88050429960073
201800038738,NonLethal,2018-01-25,07:45:00,NightStreelightsOn,920,62,Yes,X-type,LightRain,Other,"176, JAURES (RUE JEAN)",M,48.87848986967196,2.878659008374715
201800038739,NonLethal,2018-01-27,11:30:00,Daylight,920,62,Yes,NoIntersection,Normal,2Vehicles-Behind,"17, BLANCHE RUE AUGUSTE)",M,48.87944142824125,2.8793594863305634
201800038742,NonLethal,2018-02-23,14:00:00,Daylight,920,62,Yes,NoIntersection,Normal,2Vehicles-Behind,52 DE DION BOUTON (QUAI),M,48.88357011772276,2.883756555420594
201800038744,NonLethal,2018-03-14,00:01:00,NightStreelightsOn,920,62,Yes,T-type,Normal,Other,"1, JAURES (RUE JEAN) DU",M,48.88411180417328,2.8832012987824216
201800038745,NonLethal,2018-01-04,18:05:00,Daylight,920,62,Yes,X-type,Normal,2Vehicles-Side,"14, LAFARGUES (RUE PAUL)",M,,
201800038747,NonLethal,2018-03-04,17:40:00,Daylight,920,62,No,NoIntersection,HeavyRain,2Vehicles-Side,GENERAL DE GAULLE (AV) D,M,48.89099190620868,2.8903745406820205
201800038748,NonLethal,2018-04-08,16:45:00,Daylight,920,62,Yes,X-type,Normal,2Vehicles-Side,ARAGO (RUE),M,48.88478944704318,2.88603267475436
201800038749,NonLethal,2018-04-10,18:30:00,Daylight,920,62,Yes,NoIntersection,Normal,Other,"43, WALLACE (BD RICHARD)",M,48.88110568916593,2.8795400914408344
201800038750,NonLethal,2018-04-12,22:42:00,NightStreelightsOn,920,62,Yes,NoIntersection,LightRain,Other,"1, WALLACE (BD RICHARD)",M,48.87847297100912,2.8801110605006697
201800038751,NonLethal,2018-04-22,20:30:00,Daylight,920,62,Yes,X-type,LightRain,2Vehicles-Side,"80, GENERAL DE GAULLE (A",M,48.88812354329645,2.885986099836225
201800038752,NonLethal,2018-05-04,16:45:00,Daylight,920,62,Yes,NoIntersection,Normal,NoCollision,"159, PDT WILSON (Avenue)",M,48.885469013453424,2.8846098747778885
201800038753,NonLethal,2018-05-16,12:05:00,Daylight,920,62,Yes,NoIntersection,Normal,2Vehicles-Behind,"11, DE DION BOUTON (QUAI",M,48.87936729219413,2.8773424994291585
201800038754,NonLethal,2018-05-16,18:35:00,Daylight,920,62,Yes,NoIntersection,Normal,Other,"5 bis, JAURES (RUE JEAN)",M,48.88659637061583,2.886071809074497
201800038755,NonLethal,2018-05-25,09:40:00,Daylight,920,62,Yes,Other,Normal,2Vehicles-Behind,"29, DE DION BOUTON (QUAI",M,48.87973883977877,2.87931240230144
201800038756,NonLethal,2018-05-26,13:30:00,Daylight,920,62,Yes,X-type,Normal,Other,"lBIS, WALLACE (BD RICHAR",M,48.87757325021936,2.879519760819333
201800038757,NonLethal,2018-05-29,14:05:00,Daylight,920,62,Yes,NoIntersection,LightRain,Other,"33, FRANCE (RUE  ANATOLE",M,48.88503911646428,2.8853062134116194
201800038758,NonLethal,2018-05-31,15:50:00,Daylight,920,62,Yes,X-type,Normal,Other,DE DION BOUTON (QUAI) DU,M,48.87919041481125,2.876987659426168
201800038759,NonLethal,2018-06-15,08:30:00,Daylight,920,62,Yes,NoIntersection,Normal,2Vehicles-Behind,"10, PARMENTIER (RUE)",M,48.87715844859572,2.8756695442718967
201800038760,NonLethal,2018-06-26,19:50:00,Daylight,920,62,Yes,NoIntersection,Normal,2Vehicles-Behind,"30, WALLACE (BD RICHARD)",M,48.87887182172756,2.8801948139898617
201800038761,NonLethal,2018-06-28,09:00:00,Daylight,920,62,No,NoIntersection,Normal,2Vehicles-Side,"59, DE DION BOUTON (QUAI",M,48.88712209938458,2.8869127936039973
201800038762,NonLethal,2018-06-26,20:10:00,Daylight,920,62,Yes,X-type,Normal,2Vehicles-Side,"42, BAS-ROGERS (RUE DES)",M,48.87933169519748,2.881040099271377
201800038763,NonLethal,2018-06-28,09:50:00,Daylight,920,62,Yes,NoIntersection,Normal,2Vehicles-Behind,"0, ROND POINT DE LA LIBE",M,48.889780652980924,2.8854924244309603
201800038764,NonLethal,2018-06-28,17:45:00,Daylight,920,62,Yes,NoIntersection,Normal,2Vehicles-Side,"47, DE DION BOUTON (QUAI",M,48.88073772976549,2.8827824377762603
201800038765,NonLethal,2018-07-03,19:50:00,Daylight,920,62,Yes,NoIntersection,Normal,2Vehicles-Behind,GENERAL DE GAULLE (AVENU,M,48.88445230423329,2.886171005198187
201800038766,NonLethal,2018-07-06,20:20:00,Daylight,920,62,Yes,NoIntersection,Normal,Other,"13, PALISSY (RUE BERNARD",M,48.88191241458592,2.8801493115477474
201800038767,NonLethal,2018-07-16,10:10:00,Daylight,920,62,Yes,X-type,Normal,2Vehicles-Side,LAFARGUES (RUE PAUL),M,48.88514314168823,2.886106068184433
201800038768,NonLethal,2018-07-26,11:10:00,Daylight,920,62,Yes,Square,Normal,2Vehicles-Side,GENERAL DE GAULLE (AV) D,M,48.882941645146495,2.88495026903228
201800038769,NonLethal,2018-08-27,10:50:00,Daylight,920,62,Yes,NoIntersection,Normal,2Vehicles-Behind,DE DION BOUTON (QUAI) DU,M,48.87778537204409,2.876478810126254
201800038770,NonLethal,2018-09-11,11:20:00,Daylight,920,62,Yes,NoIntersection,Normal,3+Vehicles-Chain,DE DION BOUTON (QUAI) DU,M,48.881276848996166,2.880994857653438
201800038771,NonLethal,2018-09-17,19:00:00,Daylight,920,62,Yes,NoIntersection,Normal,Other,WALLACE (BD RICHARD) DU,M,48.87957272153045,2.8792954513205227
201800038772,NonLethal,2018-09-21,18:55:00,Daylight,920,62,Yes,X-type,Normal,2Vehicles-Side,PUTEAUX (PONT DE),M,48.87775938576194,2.875587479223908
201800038773,NonLethal,2018-09-27,18:20:00,Daylight,920,62,Yes,NoIntersection,Normal,Other,CARTAULT (RUE),M,48.88244561332616,2.8829852168299066
201800038774,NonLethal,2018-02-10,18:50:00,TwilightOrDawn,920,62,Yes,Other,LightRain,2Vehicles-Behind,KUPKA (RUE FRANCK) TOUR,M,48.89000716638908,2.891560336694042
201800038775,NonLethal,2018-06-10,17:40:00,Daylight,920,62,Yes,X-type,Normal,2Vehicles-Side,PUTEAUX (PONT DE),M,48.87005742140319,2.869397032835049
201800038776,NonLethal,2018-10-16,10:03:00,Daylight,920,62,Yes,Other,Normal,2Vehicles-Side,GENERAL DE GAULLE (AV) D,M,48.88758728095027,2.8853961274965774
201800038777,NonLethal,2018-10-16,11:00:00,TwilightOrDawn,920,62,Yes,NoIntersection,Normal,2Vehicles-Behind,WALLACE (BD RICHARD),M,48.88035433013683,2.8791679359332094
201800038778,NonLethal,2018-10-16,23:20:00,NightStreelightsOn,920,62,Yes,X-type,Normal,2Vehicles-Side,PUTEAUX (PONT DE),M,48.87846603466588,2.877921057164141
201800038779,NonLethal,2018-10-19,11:20:00,Daylight,920,62,Yes,T-type,Normal,2Vehicles-Side,DE DION BOUTON (QUAI) DU,M,48.88682269238432,2.8860504536987683
201800038780,NonLethal,2018-10-27,18:00:00,Daylight,920,62,Yes,NoIntersection,Normal,2Vehicles-Behind,GENERAL DE GAULLE (AV) D,M,48.88506503968999,2.886041421641581
201800038781,NonLethal,2018-10-27,11:20:00,Daylight,920,62,Yes,T-type,Normal,2Vehicles-Behind,DE DION BOUTON (QUAI) DU,M,48.88397780389812,2.882676785816244
201800038785,NonLethal,2018-11-16,16:10:00,Daylight,920,62,Yes,Other,Normal,2Vehicles-Side,LAFARGUES (RUE PAUL),M,48.88772797298987,2.884514579807605
201800038786,NonLethal,2018-11-19,18:50:00,TwilightOrDawn,920,62,Yes,Roundabout,Overcast,NoCollision,BERGERES (RD-PT DES) DU,M,48.88557801522871,2.8849769711654965
201800038787,NonLethal,2018-11-23,17:15:00,NightStreelightsOn,920,62,Yes,T-type,Normal,2Vehicles-Side,WALLACE (BD RICHARD) DU,M,48.88021114238169,2.880329723278901
201800038788,NonLethal,2018-03-12,11:20:00,Daylight,920,62,Yes,Y-type,LightRain,2Vehicles-Behind,DE DION BOUTON (QUAI) DU,M,48.885691064182765,2.885093287073844
201800038789,NonLethal,2018-12-04,21:30:00,NightStreelightsOn,920,62,Yes,T-type,Normal,2Vehicles-Side,DE DION BOUTON (QUAI) DU,M,48.87050711091276,2.870576649609591
201800038790,NonLethal,2018-12-13,09:30:00,Daylight,920,62,Yes,Roundabout,Normal,Other,GENERAL DE GAULLE (AV) D,M,48.88436499829948,2.885240279164882
201800038792,NonLethal,2018-12-31,17:15:00,NightStreelightsOn,920,62,Yes,NoIntersection,Normal,Other,WALLACE (BD RICHARD) DU,M,48.88025156261113,2.8810447889638167
201800038794,NonLethal,2018-01-13,16:30:00,Daylight,920,63,Yes,X-type,Normal,2Vehicles-Side,"114, DOUMER (AVENUE PAUL",M,48.88318538924901,2.8833254139086986
201800038795,NonLethal,2018-01-14,11:05:00,Daylight,920,63,Yes,NoIntersection,Normal,Other,"03, VAILLANT-COUTURIER (",M,48.87707589493469,2.877530062853062
201800038796,NonLethal,2018-01-14,12:15:00,Daylight,920,63,Yes,NoIntersection,Normal,2Vehicles-Side,"168, EMPEREUR (ROUTE DE",M,48.86201756458312,2.864790438082235
201800038797,NonLethal,2018-01-17,08:18:00,NightStreelightsOn,920,63,Yes,X-type,LightRain,2Vehicles-Behind,"****, DANTON (RUE)",M,48.87715565894458,2.878260699187741
201800038798,NonLethal,2018-01-25,13:15:00,Daylight,920,63,Yes,NoIntersection,Normal,2Vehicles-Side,"11, BROSSOLETTE (RUE PIE",M,48.879724714195774,2.880729268044049
201800038799,NonLethal,2018-01-30,22:00:00,NightStreelightsOn,920,63,Yes,Roundabout,LightRain,2Vehicles-Side,MONTBRISON (RUE DU),M,48.8574783234076,2.85817706251512
201800038800,NonLethal,2018-02-14,12:45:00,Daylight,920,63,Yes,NoIntersection,Normal,Other,"228, BONAPARTE (AVENUE N",M,48.8782570331252,2.877285989549632
201800038801,NonLethal,2018-03-09,13:15:00,Daylight,920,63,Yes,NoIntersection,Normal,2Vehicles-Behind,"08-10, BUZENVAL (AVENUE",M,48.86973087464701,2.867956020994879
201800038802,NonLethal,2018-12-03,06:00:00,NightStreelightsOn,920,63,Yes,X-type,Normal,2Vehicles-Side,"****, Bretelle A86",M,48.8918996882371,2.892441936376167
201800038803,NonLethal,2018-03-20,13:40:00,Daylight,920,63,Yes,T-type,Normal,2Vehicles-Side,HOPITAL STELL (BOU,M,48.88027764791298,2.8782544772167893
201800038804,NonLethal,2018-03-20,12:20:00,Daylight,920,63,Yes,T-type,Normal,2Vehicles-Side,DANTON (RUE),M,48.876429649406,2.876051515152471
201800038805,NonLethal,2018-03-31,11:20:00,Daylight,920,63,Yes,Other,Normal,Other,"02, GUE (BOULEVARD DU)",M,48.878941627628265,2.879128490876465
201800038807,NonLethal,2018-07-04,23:00:00,NightStreelightsOn,920,63,Yes,T-type,Normal,2Vehicles-Side,"17/19, GALLIENI (RUE)",M,48.87583362490175,2.8761418747414056
201800038808,NonLethal,2018-04-10,19:20:00,Daylight,920,63,Yes,X-type,Normal,2Vehicles-Side,"44, GALLIENI (RUE)",M,48.868777951686646,2.8704526778857997
201800038811,NonLethal,2018-05-03,15:35:00,Daylight,920,63,Yes,NoIntersection,Normal,Other,"37/39, GALLIENI (RUE)",M,48.87230750462391,2.8711022795894
201800038812,NonLethal,2018-05-20,23:00:00,NightStreelightsOn,920,63,Yes,NoIntersection,Normal,2Vehicles-BehindVehicles-Frontal,"32, BELLE RIVE (BOULEVAR",M,48.88174241267572,2.881173778735557
201800038814,NonLethal,2018-05-22,16:20:00,Daylight,920,63,Yes,NoIntersection,Normal,3+Vehicles-Multiple,"56, DIX-NEUF JANVIER (RU",M,48.86046521390233,2.862085914677708
201800038815,NonLethal,2018-05-22,16:30:00,Daylight,920,63,Yes,NoIntersection,Normal,2Vehicles-BehindVehicles-Frontal,"01/03, DROT (RUE CHARLES",M,49.87887708592431,2.8763946688724142
201800038817,NonLethal,2018-05-25,14:20:00,Daylight,920,63,Yes,NoIntersection,Normal,Other,"21, CHATEAU (RUE DU)",M,48.87619904703399,2.8763617205629446
201800038818,NonLethal,2018-05-28,08:10:00,Daylight,920,63,Yes,T-type,Normal,2Vehicles-Side,DOUMER (AVENUE PAUL),M,48.87970883727488,2.8773454491510746
201800038820,NonLethal,2018-05-29,14:00:00,Daylight,920,63,Yes,NoIntersection,Normal,2Vehicles-Side,"27, GALLIENI (RUE)",M,48.87128317513769,2.872824273465941
201800038821,NonLethal,2018-05-29,15:15:00,Daylight,920,63,Yes,NoIntersection,Normal,2Vehicles-Behind,"133, DOUMER (AVENUE PAUL",M,48.878807717797386,2.8802540663162848
201800038822,NonLethal,2018-05-31,10:05:00,Daylight,920,63,Yes,T-type,Normal,2Vehicles-Behind,"150, DOUMER (AVENUE PAUL",M,48.87878295490473,2.8794626182139185
201800038824,NonLethal,2018-06-07,08:10:00,Daylight,920,63,Yes,T-type,Normal,2Vehicles-Side,PEREIRE (RUE),M,48.88885855700478,2.8909528956258583
201800038825,NonLethal,2018-06-08,07:15:00,Daylight,920,63,Yes,NoIntersection,Normal,Other,"20, DEUX GARES (RUE DES)",M,48.8905015839651,2.8903255574616584
201800038826,NonLethal,2018-06-08,07:45:00,Daylight,920,63,Yes,T-type,Normal,2Vehicles-Side,DIX-HUIT ARPENTS (,M,48.86405499372686,2.864877718715648
201800038827,NonLethal,2018-12-06,17:30:00,Daylight,920,63,Yes,NoIntersection,Normal,Other,"107, CHATAIGNERAIE (AVEN",M,48.86018767694924,2.859018004795345
201800038828,NonLethal,2018-06-16,11:00:00,Daylight,920,63,Yes,NoIntersection,Normal,2Vehicles-Behind,CHATOU (PONT DE),M,48.88494487241782,2.887853936537089
201800038829,NonLethal,2018-06-17,04:00:00,NightStreelightsOn,920,63,Yes,NoIntersection,Normal,Other,"66, HUGO (AVENUE VICTOR)",M,48.887113590958826,2.88703093478786
201800038830,NonLethal,2018-06-20,09:50:00,Daylight,920,63,Yes,Y-type,Normal,2Vehicles-Side,COLMAR (AVENUE DE),M,48.88554838263365,2.8867332170353115
201800038833,NonLethal,2018-06-22,00:30:00,NightStreelightsOn,920,63,Yes,NoIntersection,Normal,3+Vehicles-Multiple,"15, GALLIENI (RUE)",M,48.8737974933096,2.8748702874472336
201800038834,NonLethal,2018-07-18,16:40:00,Daylight,920,63,Yes,NoIntersection,Normal,Other,"47, DUNANT (RUE HENRI)",M,48.86354615192696,2.8651042021270547
201800038835,NonLethal,2018-07-23,17:45:00,Daylight,920,63,Yes,X-type,Normal,2Vehicles-Side,NATIONAL (BOULEVARD),M,48.88817295892051,2.8898087214873005
201800038836,NonLethal,2018-07-23,19:40:00,Daylight,920,63,Yes,X-type,Normal,2Vehicles-Side,"88, DIX-HUIT JUIN 1940 (",M,48.86789659620402,2.8679505438034747
201800038837,NonLethal,2018-07-05,19:50:00,Daylight,920,63,Yes,X-type,Normal,2Vehicles-Side,"****, BONAPARTE (AVENUE",M,48.86923448597062,2.8693001423460816
201800038838,NonLethal,2018-07-26,07:50:00,Daylight,920,63,Yes,Roundabout,Normal,2Vehicles-Side,BRU (PLACE DU DOCTEUR JE,M,48.8766096891792,2.8749441356093643
201800038839,NonLethal,2018-07-14,00:30:00,NightStreelightsOn,920,63,Yes,NoIntersection,Normal,Other,"01, FLAUBERT (RUE GUSTAV",M,48.86848495107011,2.8691242101508827
201800038840,NonLethal,2018-07-15,01:05:00,NightStreelightsOn,920,63,Yes,Y-type,Normal,NoCollision,VERSAILLES (AVENUE),M,48.86775543677631,2.8698584463859467
201800038841,NonLethal,2018-08-02,07:40:00,Daylight,920,63,Yes,NoIntersection,Normal,2Vehicles-Side,HABY SOMMER (RUE),M,48.87412278118959,2.874822177107434
201800038843,NonLethal,2018-09-17,09:50:00,Daylight,920,63,Yes,T-type,Normal,2Vehicles-Side,HOPITAL STELL (BOULEVARD,M,48.87787047856286,2.878052661693555
201800038844,NonLethal,2018-09-18,09:00:00,Daylight,920,63,Yes,T-type,Normal,Other,BONS RAISINS (RUE DES),M,48.8727459671034,2.8729452811250376
201800038846,NonLethal,2018-09-21,19:05:00,TwilightOrDawn,920,63,Yes,NoIntersection,Normal,2Vehicles-Side,GALLIENI (RUE),M,48.87120560750044,2.873438708376004
201800038847,NonLethal,2018-09-24,07:55:00,Daylight,920,63,Yes,Y-type,Normal,Other,DOUMER (AVENUE PAUL) EST,M,48.88135112783748,2.8827545057643693
201800038848,NonLethal,2018-09-24,11:10:00,Daylight,920,63,Yes,T-type,Normal,2Vehicles-Side,JUIN (AVENUE DU MARECHAL,M,48.882338532690994,2.882051455598736
201800038849,NonLethal,2018-09-26,14:00:00,Daylight,920,63,Yes,NoIntersection,Normal,Other,EMPEREUR (ROUTE DE L') E,M,48.86598442858258,2.86688214333017
201800038850,NonLethal,2018-09-29,12:35:00,Daylight,920,63,Yes,NoIntersection,Normal,2Vehicles-Behind,GALLIENI (RUE),M,48.86730738716162,2.866939529400427
201800038851,NonLethal,2018-09-29,14:50:00,Daylight,920,63,Yes,T-type,Normal,2Vehicles-Side,DIX-HUIT JUIN 1940 (AVEN,M,48.86434131493853,2.864199424522256
201800038852,NonLethal,2018-09-29,19:00:00,Daylight,920,63,Yes,NoIntersection,Normal,2Vehicles-Behind,RICHELIEU (BOULEVARD),M,48.87097213747619,2.8704233974575737
201800038853,NonLethal,2018-10-01,08:10:00,Daylight,920,63,Yes,NoIntersection,Normal,Other,HOPITAL STELL (BOULEVARD,M,48.87788417517132,2.87797277818528
201800038854,NonLethal,2018-05-10,17:10:00,Daylight,920,63,Yes,X-type,Normal,2Vehicles-Side,QUATRE SEPTEMBRE (RUE DU,M,48.8752468614632,2.8763462244214586
201800038855,NonLethal,2018-10-06,23:10:00,NightStreelightsOn,920,63,Yes,X-type,Normal,2Vehicles-Side,GALLIENI (RUE),M,48.87028680475609,2.867784758042474
201800038859,NonLethal,2018-10-22,08:50:00,Daylight,920,63,Yes,T-type,LightRain,2Vehicles-Side,DIX-HUIT JUIN 1940 (AVEN,M,48.86432685689018,2.86451734727654
201800038861,NonLethal,2018-10-30,12:45:00,Daylight,920,63,Yes,NoIntersection,Normal,3+Vehicles-Chain,DIX-HUIT JUIN 1940 (AVEN,M,48.86587045138516,2.867763339600718
201800038862,NonLethal,2018-10-30,21:50:00,NightStreelightsOn,920,63,Yes,T-type,Normal,2Vehicles-Side,DIX-HUIT JUIN 1940 (AVEN,M,48.869097149962414,2.8642083625849084
201800038863,NonLethal,2018-06-11,20:20:00,NightStreelightsOn,920,63,Yes,NoIntersection,Normal,2Vehicles-Behind,DANTON (RUE),M,48.87899439473128,2.876908121752892
201800038864,NonLethal,2018-11-08,08:20:00,TwilightOrDawn,920,63,Yes,NoIntersection,Normal,2Vehicles-Side,MONTBRISON (RUE DU LIEUT,M,48.86331716355368,2.8644730445597046
201800038865,NonLethal,2018-09-11,08:20:00,TwilightOrDawn,920,63,Yes,NoIntersection,Normal,2Vehicles-Behind,BONAPARTE (AVENUE NAPOLE,M,48.87435887854075,2.8730709525193823
201800038868,NonLethal,2018-11-15,17:15:00,TwilightOrDawn,920,63,Yes,T-type,Normal,2Vehicles-Behind,HUGO (AVENUE VICTOR),M,48.88434758427702,2.885180891739587
201800038871,NonLethal,2018-12-21,08:19:00,NightStreelightsOn,920,63,Yes,NoIntersection,LightRain,Other,EMPEREUR (ROUTE DE L') E,M,48.858694886615055,2.859823858232042
201800038872,NonLethal,2018-12-22,12:20:00,Daylight,920,63,Yes,NoIntersection,Normal,2Vehicles-Behind,ROOSEVELT (BOULEVARD FRA,M,48.87990760966862,2.8779040413039176
201800038873,NonLethal,2018-12-24,13:00:00,Daylight,920,63,Yes,T-type,Normal,2Vehicles-Side,DOUMER (AVENUE PAUL) EST,M,48.87836718412115,2.8787442696871426
201800038874,NonLethal,2018-12-24,15:28:00,Daylight,920,63,Yes,NoIntersection,Normal,2Vehicles-Side,DOUMER (AVENUE PAUL) EST,M,48.881836642601726,2.8836215507484955
201800038875,NonLethal,2018-04-01,16:07:00,Daylight,920,33,Yes,NoIntersection,LightRain,Other,"56, DIX NEUF JANVIER",M,48.85048598248911,2.853966683671575
201800038876,NonLethal,2018-01-09,18:45:00,TwilightOrDawn,920,47,Yes,NoIntersection,LightRain,NoCollision,HARAS DE JARDY,M,,
201800038877,NonLethal,2018-01-10,18:30:00,NightStreelightsOn,920,64,Yes,NoIntersection,Normal,NoCollision,"27, DAILLY",M,,
201800038878,NonLethal,2018-01-11,08:45:00,TwilightOrDawn,920,33,Yes,NoIntersection,Normal,2Vehicles-Side,SURESNES,M,48.84701322657373,2.845794896019155
201800038879,NonLethal,2018-11-01,11:45:00,Daylight,920,64,Yes,NoIntersection,Normal,2Vehicles-Side,"12, DAILLY",M,48.84281690351195,2.8447991551535536
201800038881,NonLethal,2018-01-20,06:39:00,NightStreelightsOn,920,64,Yes,NoIntersection,HeavyRain,Other,"48, CARNOT",M,,
201800038882,NonLethal,2018-01-22,10:00:00,Daylight,920,64,Yes,NoIntersection,LightRain,2Vehicles-Behind,"2, CAMP CANADIEN",M,48.85631930920535,2.8577069806673454
201800038884,NonLethal,2018-01-24,08:15:00,Daylight,920,64,Yes,NoIntersection,LightRain,Other,"16, MONT VALERIEN",M,48.85447682480066,2.851697257686863
201800038885,NonLethal,2018-01-24,14:20:00,Daylight,920,33,Yes,NoIntersection,Normal,Other,"17, PORTE JAUNE",M,48.84531302199101,2.844846272617572
201800038887,NonLethal,2018-01-30,17:30:00,TwilightOrDawn,920,64,Yes,NoIntersection,Overcast,2Vehicles-Behind,"44, CARNOT",M,48.84819239244764,2.849828614377927
201800038888,NonLethal,2018-10-02,11:10:00,Daylight,920,33,Yes,NoIntersection,Normal,NoCollision,BUZENVAL,M,,