AccidentId,Gravity,Date,Hour,Light,Department,Commune,InAgglomeration,IntersectionType,Weather,CollisionType,PostalAddress,GPSCode,Latitude,Longitude
201800038889,NonLethal,2018-02-15,09:00:00,Daylight,920,64,Yes,NoIntersection,LightRain,2Vehicles-BehindVehicles-Frontal,"47, CARNOT",M,48.85202995022003,2.849772440797002
201800038890,NonLethal,2018-02-16,05:55:00,NightStreelightsOn,920,64,Yes,T-type,Normal,2Vehicles-Side,"3, CAMP CANADIEN",M,48.85239618797359,2.855189636836853
201800038891,NonLethal,2018-02-16,11:00:00,Daylight,920,64,Yes,NoIntersection,Normal,2Vehicles-Behind,", REPUBLIQUE",M,48.84746139784492,2.8507123847901665
201800038892,NonLethal,2018-02-27,14:50:00,Daylight,920,64,Yes,X-type,Normal,Other,"4, FRANCIS CHAVETON",M,48.85762114459153,2.860604382751598
201800038893,NonLethal,2018-02-28,11:00:00,Daylight,920,76,Yes,NoIntersection,Normal,Other,"98, BOULEVARD DE LA REPU",M,48.838171570510106,2.8376152312144063
201800038894,NonLethal,2018-03-15,17:15:00,Daylight,920,76,Yes,X-type,LightRain,2Vehicles-Side,BOULEVARD DE LA REPUBLIQ,M,48.84653708638758,2.845668112784771
201800038896,NonLethal,2018-03-20,22:10:00,NightStreelightsOff,920,64,Yes,T-type,Normal,2Vehicles-BehindVehicles-Frontal,"2, MARECHAL DE LATTRE",M,48.85204381480943,2.8506989963166065
201800038897,NonLethal,2018-03-22,08:45:00,Daylight,920,64,Yes,NoIntersection,Normal,NoCollision,MARECHAL JUIN,M,48.84042756274786,2.8392682614354814
201800038898,NonLethal,2018-03-27,17:55:00,Daylight,920,33,Yes,NoIntersection,Normal,Other,"57, SURESNES",M,48.84052082928184,2.840775977649501
201800038899,NonLethal,2018-03-29,08:30:00,Daylight,920,47,Yes,NoIntersection,Normal,3+Vehicles-Chain,"16, JARDY",M,48.83037022834972,2.831364239237635
201800038900,NonLethal,2018-03-30,20:15:00,Daylight,920,64,Yes,T-type,Normal,2Vehicles-BehindVehicles-Frontal,"55, MARECHAL FOCH",M,48.84034449210599,2.8410177204888885
201800038901,NonLethal,2018-06-04,14:10:00,Daylight,920,64,Yes,NoIntersection,Normal,NoCollision,"12, SILLY",M,48.84386693697146,2.8446347741629814
201800038902,NonLethal,2018-04-10,15:15:00,Daylight,920,47,Yes,NoIntersection,Normal,2Vehicles-Side,"51, REPUBLIQUE",M,48.8367190026244,2.8371168167337397
201800038903,NonLethal,2018-09-04,19:51:00,Daylight,920,64,Yes,T-type,Normal,Other,"11, VAL D' OR",M,48.84835954632733,2.8506318177136563
201800038904,NonLethal,2018-12-04,09:15:00,Daylight,920,33,Yes,NoIntersection,Overcast,NoCollision,"104, GENERAL DE GAULLE",M,48.8378981889125,2.841671133543957
201800038905,NonLethal,2018-04-13,11:25:00,Daylight,920,64,Yes,Other,Normal,Other,"29, BERNARD PALISSY",M,48.85387389434813,2.855555719156692
201800038906,NonLethal,2018-04-20,21:00:00,NightNoStreetLight,920,64,Yes,X-type,Normal,2Vehicles-BehindVehicles-Frontal,"52, REPUBLIQUE",M,48.83971859841854,-0.8385637163808849
201800038907,NonLethal,2018-04-30,05:30:00,NightStreelightsOn,920,76,Yes,NoIntersection,HeavyRain,NoCollision,JARDY,M,48.83051026720178,2.832798903523761
201800038909,NonLethal,2018-05-03,08:55:00,Daylight,920,33,Yes,NoIntersection,Normal,2Vehicles-Side,"107, BUZENVAL",M,48.85142778407776,2.852939538214536
201800038910,NonLethal,2018-06-05,11:00:00,Daylight,920,76,Yes,NoIntersection,Normal,Other,"92, BOULEVARD DE LA REPU",M,48.83843847358906,2.8376233510909303
201800038911,NonLethal,2018-11-05,12:30:00,Daylight,920,64,Yes,Square,Normal,NoCollision,G. CLEMENCEAU (PLACE),M,,
201800038912,NonLethal,2018-05-18,04:15:00,NightStreelightsOn,920,76,No,NoIntersection,Normal,Other,JARDY HARAS,M,48.82857052488628,2.8285299349018644
201800038914,NonLethal,2018-05-25,17:10:00,Daylight,920,33,Yes,NoIntersection,LightRain,3+Vehicles-Chain,"160, GENERAL DE GAULLE",M,48.83922929914792,2.837043612132899
201800038915,NonLethal,2018-05-26,20:20:00,Daylight,920,12,Yes,X-type,Normal,Other,ANATOLE FRANCE (BOULEVAR,M,48.85280889194763,2.8498486528624287
201800038916,NonLethal,2018-05-25,15:40:00,Daylight,920,64,Yes,NoIntersection,Normal,Other,PARC SAINT CLOUD,M,48.82940564451986,2.8299996617494765
201800038917,NonLethal,2018-05-29,16:05:00,Daylight,920,64,Yes,T-type,Normal,2Vehicles-Side,MONT VALERIEN,M,48.85561880803953,2.856154528615972
201800038918,NonLethal,2018-05-31,09:30:00,Daylight,920,64,Yes,NoIntersection,Normal,3+Vehicles-Multiple,"27, DAILLY",M,48.84476975193574,2.8445344285021106
201800038919,NonLethal,2018-06-08,12:00:00,Daylight,920,64,Yes,NoIntersection,Normal,2Vehicles-BehindVehicles-Frontal,CAMP CANADIEN,M,,
201800038920,NonLethal,2018-06-09,10:10:00,Daylight,920,33,Yes,NoIntersection,Normal,2Vehicles-Behind,"181, PORTE JAUNE",M,48.00032188569328,2.001142812470924
201800038922,NonLethal,2018-06-12,21:55:00,NightStreelightsOn,920,33,Yes,NoIntersection,Normal,Other,"7-9, SUISSES",M,48.85378420272401,2.85289710083528
201800038923,NonLethal,2018-06-13,06:25:00,TwilightOrDawn,920,64,Yes,NoIntersection,Normal,2Vehicles-BehindVehicles-Frontal,"1363, MARCEL DASSAULT",M,48.85193890930164,2.8517463218639096
201800038924,Lethal,2018-06-15,19:55:00,Daylight,920,64,Yes,NoIntersection,Normal,Other,310 GOUNOD (RUE),M,,
201800038925,NonLethal,2018-06-20,08:30:00,Daylight,920,47,Yes,NoIntersection,Normal,2Vehicles-Side,JARDY,M,48.8205824896312,2.820653623455541
201800038928,NonLethal,2018-06-24,01:10:00,NightStreelightsOn,920,76,Yes,T-type,Normal,2Vehicles-Side,"18, BOULEVARD DE LA REPU",M,48.83012060946261,2.8319423676612905
201800038930,NonLethal,2018-07-09,02:15:00,NightStreelightsOn,920,64,Yes,NoIntersection,Normal,Other,"27, DAILLY",M,,
201800038931,NonLethal,2018-10-07,19:40:00,Daylight,920,47,Yes,NoIntersection,Normal,2Vehicles-Side,HARAS DE JARDY,M,,
201800038932,NonLethal,2018-07-13,02:45:00,NightStreelightsOn,920,33,Yes,NoIntersection,Normal,Other,"104, RAYMOND POINCARE",M,48.84082576935683,2.839041893863854
201800038933,NonLethal,2018-07-18,13:20:00,Daylight,920,64,Yes,X-type,Normal,Other,"1557, CARNOT",M,48.853561563074194,2.851598579852773
201800038934,NonLethal,2018-07-31,11:17:00,Daylight,920,76,Yes,Other,Normal,3+Vehicles-Multiple,JARDY,M,48.83144942045678,2.8308092427966387
201800038935,NonLethal,2018-01-08,10:05:00,Daylight,920,64,No,NoIntersection,Normal,Other,PARC SAINT CLOUD,M,48.830377871237744,2.8288311161165325
201800038936,NonLethal,2018-08-12,16:10:00,Daylight,920,76,Yes,Other,Normal,2Vehicles-Side,CHASSE ROYALE,M,48.832844591408055,2.833149640879637
201800038937,NonLethal,2018-08-17,18:34:00,Daylight,920,64,Yes,NoIntersection,Normal,Other,REPUBLIQUE,M,46.34131474661656,5.339958187567063
201800038938,NonLethal,2018-08-17,18:30:00,Daylight,920,64,Yes,NoIntersection,Normal,2Vehicles-Side,DAILLY,M,48.841684794316194,2.84264946013647
201800038939,NonLethal,2018-08-23,18:30:00,Daylight,920,64,Yes,NoIntersection,Normal,Other,DAILLY,M,48.84482796400609,2.8456713225815755
201800038940,NonLethal,2018-08-23,21:10:00,NightStreelightsOn,920,64,Yes,T-type,Normal,2Vehicles-Side,MARCEL DASSAULT,M,48.85852681308535,2.856000989302045
201800038941,NonLethal,2018-08-27,09:50:00,Daylight,920,76,No,NoIntersection,LightRain,NoCollision,NAPOLEON III,M,48.83266852160479,2.8327139432820694
201800038942,NonLethal,2018-08-27,09:30:00,Daylight,920,76,Yes,NoIntersection,Normal,2Vehicles-Side,JARDY (BD DE),M,48.828971360266806,2.830999955954731
201800038943,NonLethal,2018-01-09,22:55:00,NightStreelightsOn,920,33,Yes,NoIntersection,Normal,2Vehicles-Behind,PORTE JAUNE,M,,
201800038944,NonLethal,2018-09-03,11:15:00,Daylight,920,64,Yes,NoIntersection,Normal,NoCollision,DAILLY,M,48.84270266710283,2.842710863224568
201800038945,NonLethal,2018-09-04,11:10:00,Daylight,920,76,Yes,T-type,LightRain,2Vehicles-Side,REPUBLIQUE,M,48.83798017649024,2.838239995415187
201800038946,NonLethal,2018-04-09,13:20:00,Daylight,920,33,Yes,T-type,LightRain,2Vehicles-Side,DIX NEUF JANVIER,M,48.85109366870231,2.850829259178086
201800038947,NonLethal,2018-05-09,09:00:00,Daylight,920,64,Yes,NoIntersection,Normal,Other,GOUNOD,M,48.84361228530367,2.841545977604361
201800038948,NonLethal,2018-09-07,15:15:00,Daylight,920,64,Yes,NoIntersection,Normal,2Vehicles-Behind,LOUIS PASTEUR,M,48.84210265875651,2.840387700918953
201800038949,NonLethal,2018-12-09,08:00:00,Daylight,920,64,Yes,NoIntersection,Normal,2Vehicles-Behind,PALAIS,M,48.84009948542277,2.841377394621293
201800038950,NonLethal,2018-09-14,08:15:00,Daylight,920,64,Yes,Other,Normal,2Vehicles-Side,GOUNOD,M,48.84265610499384,2.844735572506996
201800038951,NonLethal,2018-09-14,10:00:00,Daylight,920,33,Yes,Other,Normal,2Vehicles-Side,GRANDE RUE,M,48.84613937221354,2.84654795008721
201800038952,NonLethal,2018-09-17,10:20:00,Daylight,920,33,Yes,T-type,VeryGood,Other,DIX NEUF JANVIER,M,48.85079308174467,2.850306791160163
201800038953,NonLethal,2018-09-17,17:30:00,Daylight,920,64,Yes,NoIntersection,Normal,Other,GOUNOD,M,,
201800038954,NonLethal,2018-09-18,20:40:00,NightStreelightsOn,920,33,Yes,T-type,Normal,2Vehicles-Behind,PASTEUR,M,48.84076420994884,2.840583673536889
201800038955,NonLethal,2018-09-20,13:30:00,Daylight,920,76,Yes,Roundabout,Normal,2Vehicles-Side,LA CELLE SAINT CLOUD,M,48.84696612366736,2.846891904128773
201800038956,NonLethal,2018-09-22,15:30:00,Daylight,920,76,Yes,Other,LightRain,NoCollision,JARDY (BD DE),M,48.83203394956589,2.831401512990354
201800038957,NonLethal,2018-09-27,12:20:00,Daylight,920,33,Yes,T-type,Normal,2Vehicles-Side,SUISSES,M,48.85390875893501,2.852501263246252
201800038958,NonLethal,2018-09-27,17:30:00,Daylight,920,47,Yes,Y-type,Normal,3+Vehicles-Multiple,HARAS DE JARDY,M,48.8319556556276,2.830397365648773
201800038961,NonLethal,2018-10-01,15:00:00,Daylight,920,64,Yes,NoIntersection,Normal,Other,REPUBLIQUE,M,48.84956447383014,2.8494687349539016
201800038962,NonLethal,2018-03-10,07:00:00,NightStreelightsOn,920,76,Yes,NoIntersection,LightRain,NoCollision,REPUBLIQUE,M,48.84024120525386,2.835811288737251
201800038963,NonLethal,2018-10-06,16:30:00,Daylight,920,64,Yes,NoIntersection,Normal,3+Vehicles-Chain,CARNOT,M,48.84413521181725,2.8435364148986384
201800038964,NonLethal,2018-10-08,09:50:00,Daylight,920,64,Yes,NoIntersection,Normal,2Vehicles-Behind,DIX-HUI JUIN,M,,
201800038965,NonLethal,2018-10-12,06:25:00,NightStreelightsOn,920,47,Yes,T-type,Overcast,2Vehicles-Side,REPUBLIQUE (BD),M,48.00008724035693,1.999018517249945
201800038966,NonLethal,2018-10-22,12:40:00,Daylight,920,33,Yes,NoIntersection,LightRain,2Vehicles-Side,MARECHAL LECLERC,M,48.84385914006438,2.8459772024734726
201800038967,NonLethal,2018-10-23,17:15:00,Daylight,920,64,Yes,NoIntersection,Normal,Other,PARC SAINT CLOUD,M,48.83428024594294,2.8339569796797326
201800038968,NonLethal,2018-10-23,22:30:00,NightStreelightsOn,920,64,Yes,NoIntersection,Normal,2Vehicles-Side,REPUBLIQUE,M,48.84469602531853,2.8436526286535257
201800038969,NonLethal,2018-02-11,17:45:00,TwilightOrDawn,920,64,Yes,NoIntersection,Normal,Other,DAILLY,M,48.84218144885176,2.8420756698126017
201800038970,NonLethal,2018-07-11,18:10:00,NightStreelightsOn,920,64,Yes,NoIntersection,Normal,Other,DAILLY,M,48.84344024348912,2.842470517266508
201800038971,NonLethal,2018-11-19,08:40:00,TwilightOrDawn,920,33,Yes,NoIntersection,Normal,2Vehicles-Side,DIX NEUF JANVIER,M,48.85117155953484,2.8488575351461884
201800038972,NonLethal,2018-11-26,08:20:00,TwilightOrDawn,920,47,Yes,NoIntersection,LightRain,NoCollision,IMPERATRICE,M,48.82139119677824,2.821602079701011
201800038973,NonLethal,2018-11-29,08:15:00,Daylight,920,64,Yes,NoIntersection,Normal,Other,CARNOT,M,48.84035002867749,2.8416929939803244
201800038974,NonLethal,2018-12-07,03:45:00,NightStreelightsOn,920,47,Yes,NoIntersection,Overcast,Other,JARDY,M,48.83150484023113,2.8329546007341344
201800038975,NonLethal,2018-08-12,03:20:00,NightStreelightsOn,920,64,Yes,NoIntersection,Normal,Other,FRANCIS CHAVETON,M,48.86011471935576,2.8605193985135084
201800038976,NonLethal,2018-12-12,08:40:00,Daylight,920,64,Yes,NoIntersection,Normal,Other,CALVAIRE,M,48.85163334676055,2.851565172254201
201800038977,NonLethal,2018-12-16,14:40:00,Daylight,920,64,Yes,NoIntersection,Overcast,2Vehicles-Behind,CAMP CANADIEN,M,48.85337310831677,2.854242610301377
201800038978,NonLethal,2018-12-16,22:20:00,NightStreelightsOn,920,64,Yes,Roundabout,LightRain,2Vehicles-Behind,CARNOT,M,48.844433219861465,2.843717524999562
201800038980,NonLethal,2018-12-20,10:16:00,Daylight,920,64,Yes,X-type,Normal,Other,REPUBLIQUE,M,48.847681563265006,2.848412662741054
201800038981,NonLethal,2018-03-01,12:15:00,Daylight,920,72,Yes,NoIntersection,Overcast,Other,"20, BRUYERES (RUE DES)",M,48.82299672673081,2.8243469906644587
201800038982,NonLethal,2018-01-12,09:30:00,Daylight,920,22,No,NoIntersection,Normal,Other,"., PAVE DE MEUDON (ROUTE",M,48.79940456431572,2.8010304339068304
201800038983,NonLethal,2018-01-24,08:00:00,TwilightOrDawn,920,72,Yes,NoIntersection,LightRain,2Vehicles-Behind,"., MANUFACTURE NATIONALE",M,48.829453704588936,2.8287459691916514
201800038984,NonLethal,2018-01-25,16:30:00,Daylight,920,72,Yes,NoIntersection,LightRain,NoCollision,"2, TROYON (RUE)",M,48.827113901360335,2.825459982637533
201800038986,NonLethal,2018-02-02,16:30:00,Daylight,920,72,Yes,NoIntersection,Normal,2Vehicles-Side,"24, TROYON (RUE)",M,48.82591557476072,2.8269582052547904
201800038987,NonLethal,2018-02-04,13:30:00,Daylight,920,22,Yes,NoIntersection,Normal,2Vehicles-Side,"48, PAVE DES GARDES (RUE",M,48.806430091914834,2.8059590678832738
201800038988,NonLethal,2018-02-09,12:05:00,Daylight,920,77,Yes,NoIntersection,SnowOrHail,2Vehicles-Behind,"36, VERSAILLES (RUE DE)",M,48.82430929243141,2.822475347684782
201800038989,NonLethal,2018-02-14,21:50:00,NightStreelightsOn,920,72,Yes,NoIntersection,LightRain,2Vehicles-Side,"04, MIDRIN (RUE PIERRE)",M,48.819647592216576,2.8207536090272467
201800038990,NonLethal,2018-02-16,15:05:00,Daylight,920,72,Yes,NoIntersection,Normal,3+Vehicles-Multiple,"15, GRANDE RUE",M,48.82492957327956,2.8266363581364957
201800038991,NonLethal,2018-02-19,07:33:00,TwilightOrDawn,920,22,Yes,NoIntersection,Normal,Other,FONTAINE HENRI IV (RUE D,M,48.8098404375576,2.808721163056928
201800038992,NonLethal,2018-02-27,17:15:00,Daylight,920,72,Yes,NoIntersection,Normal,Other,"100, GRANDE RUE",M,48.82471048113891,2.8257324098811734
201800038993,NonLethal,2018-02-27,21:15:00,NightStreelightsOn,920,22,Yes,NoIntersection,Normal,2Vehicles-Side,SALENGRO (AVENUE ROGE,M,48.80832151755917,2.807248592231184
201800038995,NonLethal,2018-03-09,09:25:00,Daylight,920,22,Yes,Roundabout,Normal,2Vehicles-Side,MANEYROL (RUE ALEXIS),M,48.80226891179879,2.8015424095542967
201800038997,NonLethal,2018-04-06,12:10:00,Daylight,920,72,Yes,NoIntersection,Normal,2Vehicles-Side,"28, TROYON (RUE)",M,48.82421055037332,2.823903261591945
201800038999,NonLethal,2018-07-04,12:40:00,Daylight,920,72,Yes,T-type,Normal,2Vehicles-Side,"2, AVENUE DE L'EUROPE",M,48.8243277875245,2.8230700364897943
201800039002,NonLethal,2018-12-04,21:45:00,NightStreelightsOn,920,72,Yes,NoIntersection,LightRain,2Vehicles-Side,GRANDE RUE,M,48.82765756144928,2.826149424697381
201800039003,NonLethal,2018-04-14,15:30:00,Daylight,920,72,Yes,NoIntersection,Normal,Other,"51, VILLE D'AVRAY (RUE D",M,48.82571022616786,2.8259979860405915
201800039004,NonLethal,2018-04-19,08:50:00,Daylight,920,72,Yes,NoIntersection,Normal,2Vehicles-Side,PONT DE SEVRES,M,,
201800039005,NonLethal,2018-04-20,20:00:00,Daylight,920,22,No,NoIntersection,Normal,2Vehicles-Side,BOIS BLANCS (ROUTE DE,M,48.80862269426877,2.8074253074002584
201800039007,NonLethal,2018-05-07,09:00:00,Daylight,920,72,Yes,Other,Normal,2Vehicles-Behind,"16, SAINT CLOUD (RUE DE)",M,48.83418659069573,2.833765358195514
201800039008,NonLethal,2018-10-05,12:55:00,Daylight,920,72,Yes,NoIntersection,Normal,Other,"1, GRANDE RUE",M,48.825822056819646,2.82724602870207
201800039009,NonLethal,2018-05-15,09:30:00,Daylight,920,22,Yes,Other,Normal,2Vehicles-Behind,"1332, SALENGRO (AVENUE R",M,48.80990733623258,2.809562912658233
201800039010,NonLethal,2018-05-16,10:20:00,Daylight,920,22,Yes,NoIntersection,Normal,Other,"O1, FRANCE (RUE ANATOLE)",M,48.80982860357624,2.807956985733822
201800039011,NonLethal,2018-05-19,19:15:00,Daylight,920,72,Yes,NoIntersection,Normal,2Vehicles-Behind,"47, GRANDE RUE",M,48.82539101882914,2.8242729126055424
201800039012,NonLethal,2018-05-22,10:10:00,Daylight,920,22,Yes,NoIntersection,Normal,2Vehicles-Behind,"1222, SALENGRO (AVENUE R",M,48.8115757589232,2.8097507755178115
201800039013,NonLethal,2018-05-22,14:20:00,Daylight,920,72,Yes,NoIntersection,Normal,Other,"14, LECLERC (AVENUE DE L",M,48.82562384834701,2.824776921683886
201800039014,NonLethal,2018-05-19,00:10:00,NightStreelightsOn,920,72,Yes,NoIntersection,Normal,2Vehicles-Behind,"., SAINT CLOUD (RUE DE)",M,48.8284755406424,2.8275208373190988
201800039015,NonLethal,2018-06-06,18:00:00,Daylight,920,22,Yes,NoIntersection,LightRain,Other,"855, SALENGRO (AVENUE RO",M,48.81305459271048,2.8136771626649977
201800039016,NonLethal,2018-07-06,18:30:00,Daylight,920,72,Yes,NoIntersection,Normal,2Vehicles-Behind,"192, GRANDE RUE",M,48.81945910003251,2.8205890991386995
201800039017,NonLethal,2018-06-13,22:35:00,NightStreelightsOn,920,72,Yes,NoIntersection,Normal,NoCollision,Rond Point des Bruyères,M,48.811416845742336,2.811770289853009
201800039018,NonLethal,2018-06-18,11:50:00,Daylight,920,72,Yes,NoIntersection,Normal,2Vehicles-Behind,"9, EUROPE (AVENUE DE L')",M,48.82219627314064,2.8242174286213144
201800039020,NonLethal,2018-06-30,12:30:00,Daylight,920,77,Yes,NoIntersection,Normal,2Vehicles-BehindVehicles-Frontal,"34, Rue de Saint Cloud",M,48.82945275707967,2.8281793720239614
201800039021,NonLethal,2018-07-03,08:45:00,Daylight,920,77,Yes,NoIntersection,Normal,2Vehicles-Side,"07, ST CLOUD (RUE DE)",M,48.82676828485391,2.828669243280292
201800039022,NonLethal,2018-07-17,22:40:00,NightStreelightsOn,920,72,Yes,NoIntersection,Normal,NoCollision,"40, PAVE DES GARDES (ROU",M,48.8088925160072,2.8086981770114683
201800039023,NonLethal,2018-07-19,19:30:00,Daylight,920,22,Yes,NoIntersection,Normal,Other,"01, JOUY (RUE DE)",M,48.802577338822736,2.802939068548618
201800039024,NonLethal,2018-07-21,01:15:00,NightStreelightsOn,920,72,Yes,Roundabout,Normal,NoCollision,Rond Point des Bruyèr,M,48.81110094759563,2.8107785334028867
201800039026,NonLethal,2018-07-30,18:32:00,Daylight,920,77,Yes,NoIntersection,Normal,2Vehicles-Side,SEVRES (RUE DE),M,48.826610745456,2.827127150869277
201800039028,NonLethal,2018-07-23,12:30:00,Daylight,920,22,Yes,NoIntersection,Normal,2Vehicles-Side,"39, FRANCE (RUE ANATOLE)",M,48.80335951436591,2.8032541319368933
201800039029,NonLethal,2018-01-08,12:45:00,Daylight,920,72,Yes,Other,Normal,2Vehicles-Side,MANUFACTURE NATIONALE (P,M,48.930250873527406,2.92919158142984
201800039030,NonLethal,2018-08-29,13:50:00,Daylight,920,22,Yes,NoIntersection,LightRain,Other,FRANCE (RUE ANATOLE),M,48.80370332593634,2.8025818735649377
201800039031,NonLethal,2018-03-09,18:15:00,Daylight,920,22,Yes,NoIntersection,Normal,2Vehicles-Side,SALENGRO (AVENUE ROGER),M,48.8172376196953,2.8196332907155206
201800039032,NonLethal,2018-06-09,01:30:00,NightStreelightsOn,920,22,Yes,X-type,Normal,2Vehicles-Side,SALENGRO (AVENUE ROGER),M,48.80980228936151,2.807815792844492
201800039033,NonLethal,2018-11-09,14:30:00,Daylight,920,77,Yes,NoIntersection,Normal,Other,VERSAILLES (RUE DE),M,48.81984011230302,2.821560428914767
201800039034,NonLethal,2018-09-12,08:15:00,Daylight,920,22,Yes,NoIntersection,Normal,NoCollision,SALENGRO (AVENUE ROGER),M,48.8107476308407,2.80993496709681
201800039035,NonLethal,2018-09-12,17:00:00,Daylight,920,77,Yes,NoIntersection,Normal,2Vehicles-Side,VERSAILLES (RUE DE),M,48.825845409252416,2.8235105114329144
201800039036,NonLethal,2018-09-18,15:17:00,Daylight,920,22,Yes,NoIntersection,LightRain,NoCollision,BOIS BLANCS (ROUTE DES),M,48.80898821433537,2.80661002277214
201800039038,NonLethal,2018-03-10,20:35:00,NightStreelightsOn,920,72,Yes,Other,Normal,2Vehicles-BehindVehicles-Frontal,TROYON (RUE),M,48.62607652860464,2.625257013701735
201800039039,NonLethal,2018-10-04,08:10:00,Daylight,920,72,Yes,Roundabout,Normal,2Vehicles-Side,LECLERC (AVENUE DE LA DI,M,,
201800039040,NonLethal,2018-08-10,19:20:00,TwilightOrDawn,920,77,Yes,NoIntersection,Normal,NoCollision,VERSAILLES (RUE DE),M,48.819160312828416,2.820769917875655
201800039041,NonLethal,2018-11-10,15:55:00,Daylight,920,22,Yes,Other,Normal,NoCollision,SALENGRO (AVENUE ROGER),M,48.81091583120244,2.810858575963143
201800039042,NonLethal,2018-10-18,17:25:00,Daylight,920,72,Yes,NoIntersection,Normal,2Vehicles-Behind,GRANDE RUE,M,48.82787743881727,2.828231426959099
201800039043,NonLethal,2018-10-24,19:15:00,NightStreelightsOn,920,72,Yes,T-type,Normal,2Vehicles-Behind,PAVE DES GARDES (ROUTE D,M,48.80838242998539,2.8090447070286912
201800039044,NonLethal,2018-10-26,19:20:00,NightStreelightsOn,920,72,Yes,NoIntersection,LightRain,Other,MANUFACTURE NATIONALE (P,M,48.82877963984495,2.827174936635385
201800039045,NonLethal,2018-10-31,11:05:00,Daylight,920,72,Yes,NoIntersection,Normal,Other,BINELLES (RUE DES),M,48.82253390737129,2.8231703933122807
201800039046,NonLethal,2018-11-03,18:45:00,NightNoStreetLight,920,22,Yes,NoIntersection,Normal,2Vehicles-Side,PAVE DES GARDES (RUE DU),M,48.80707666280372,2.80700010696296
201800039047,NonLethal,2018-11-05,15:45:00,Daylight,920,22,Yes,NoIntersection,Normal,Other,SALENGRO (AVENUE ROGER),M,48.81516658861649,2.81541906015926
201800039049,NonLethal,2018-11-12,11:25:00,Daylight,920,22,Yes,NoIntersection,LightRain,Other,SALENGRO (AVENUE ROGER),M,48.80957670305559,2.8094363653617656
201800039051,NonLethal,2018-11-23,18:50:00,NightStreelightsOn,920,72,Yes,NoIntersection,FogOrSmoke,Other,GRANDE RUE,M,48.823953032076496,2.823962571853633
201800039052,NonLethal,2018-03-12,09:20:00,Daylight,920,72,Yes,NoIntersection,Other,Other,CHEVIRON (RUE DU PARC),M,48.81825949988836,2.821945532078705
201800039053,NonLethal,2018-12-22,16:00:00,Daylight,920,72,Yes,NoIntersection,Normal,2Vehicles-Behind,GRANDE RUE,M,48.82154176717832,2.8224518557166096
201800039054,NonLethal,2018-12-31,19:30:00,NightStreelightsOff,920,72,Yes,NoIntersection,Normal,Other,LECLERC (AVENUE DE LA DI,M,48.82220517193954,2.82374838913055
201800039055,NonLethal,2018-04-01,19:42:00,NightStreelightsOn,920,73,Yes,NoIntersection,Normal,Other,"26bis, JAURES (AVENUE JE",M,48.86349085750637,2.864024410725654
201800039056,NonLethal,2018-09-01,18:20:00,NightStreelightsOn,920,73,Yes,LevelCrossing,Overcast,Other,"7, BRIAND (BOULEVARD ARI",M,48.86264960547946,2.8614595038961763
201800039057,NonLethal,2018-11-01,07:50:00,NightStreelightsOn,920,73,Yes,NoIntersection,Overcast,2Vehicles-Side,"77, SELLIER (BOULEVARD H",M,48.86782893991479,2.8676821495636355
201800039058,NonLethal,2018-01-14,16:56:00,Daylight,920,73,Yes,NoIntersection,Normal,Other,"6bis, LONGCHAMP (ALLEE D",M,48.86166411697444,2.8596036653085792
201800039059,NonLethal,2018-01-26,03:20:00,NightStreelightsOn,920,73,Yes,LevelCrossing,Normal,Other,"1, quai Gallieni",M,48.86788853899452,2.8664543969532827
201800039060,NonLethal,2018-01-28,01:35:00,NightStreelightsOn,920,73,Yes,T-type,Normal,NoCollision,"1, JAURES (PLACE JEAN)",M,48.861383953771565,2.864359361106344
201800039061,NonLethal,2018-02-13,05:50:00,NightStreelightsOn,920,73,Yes,T-type,Normal,NoCollision,"1, CLUSERET (RUE)",M,48.86789834853053,2.8683701723942447
201800039062,NonLethal,2018-02-13,07:00:00,NightStreelightsOn,920,73,Yes,T-type,Normal,3+Vehicles-Chain,"7, DASSAULT (QUAI MARCEL",M,48.8603292128102,2.8609954277121474
201800039063,NonLethal,2018-02-14,10:30:00,Daylight,920,73,Yes,NoIntersection,Normal,2Vehicles-Behind,"69, SELLIER (BOULEVARD H",M,48.866752094337485,2.8649712467445028
201800039064,NonLethal,2018-02-16,02:05:00,NightStreelightsOn,920,73,Yes,T-type,LightRain,NoCollision,"40, SELLIER (BOULEVARD H",M,,
201800039065,NonLethal,2018-03-03,19:10:00,NightStreelightsOn,920,73,Yes,NoIntersection,Normal,2Vehicles-Behind,"1, CROIX-DU-ROY (CARREFO",M,48.86157775843202,2.860049249176412
201800039066,NonLethal,2018-03-18,11:35:00,Daylight,920,73,Yes,NoIntersection,SnowOrHail,2Vehicles-Side,"l, PONT DE SURESNES",M,48.86780765301272,2.866224758064491
201800039067,NonLethal,2018-03-19,13:33:00,Daylight,920,73,Yes,NoIntersection,Overcast,Other,SELLIER (BOULEVARD HENRI,M,48.86764074909302,2.8675919172350364
201800039068,NonLethal,2018-03-30,17:40:00,Daylight,920,73,Yes,T-type,Normal,2Vehicles-Side,"32, SELLIER (BOULEVARD H",M,48.86749452754398,2.8700610673052305
201800039069,NonLethal,2018-04-13,19:10:00,Daylight,920,73,Yes,NoIntersection,Normal,2Vehicles-Side,ROOSVELT (AVENUE FRANKLI,M,48.87445223845386,2.8759378943964604
201800039070,NonLethal,2018-12-04,18:00:00,Daylight,920,73,Yes,NoIntersection,Normal,2Vehicles-Behind,"10, GALLIENI (QUAI)",M,48.86934818180005,2.868817967580593
201800039071,NonLethal,2018-02-05,18:55:00,Daylight,920,73,Yes,NoIntersection,Normal,2Vehicles-Side,"12, STALINGRAD (PLACE DE",M,48.86337643179946,2.8638257805592024
201800039072,NonLethal,2018-05-05,14:06:00,Daylight,920,73,Yes,NoIntersection,Normal,2Vehicles-Side,"13, WASHINGTON (BOULEVAR",M,48.870046396480426,2.870105141055347