AccidentId,Gravity,Date,Hour,Light,Department,Commune,InAgglomeration,IntersectionType,Weather,CollisionType,PostalAddress,GPSCode,Latitude,Longitude
201800039073,NonLethal,2018-05-06,20:30:00,Daylight,920,73,Yes,NoIntersection,Normal,2Vehicles-Side,"27, JAURES (AVENUE JEAN)",M,48.86179427225475,2.864182627767666
201800039074,NonLethal,2018-05-17,17:40:00,Daylight,920,73,Yes,NoIntersection,Normal,Other,"20, MAISTRASSE (AVENUE A",M,48.86595142018126,2.866379149464345
201800039075,NonLethal,2018-05-18,16:32:00,Daylight,920,73,Yes,T-type,Normal,2Vehicles-Side,"33, JAURES (AVENUE JEAN)",M,48.86418520470876,2.8661079688938336
201800039079,NonLethal,2018-06-22,08:48:00,Daylight,920,73,Yes,NoIntersection,Normal,2Vehicles-Behind,"26, GALLIENI (QUAI)",M,48.868936596963096,2.868357554168725
201800039080,NonLethal,2018-06-24,12:05:00,Daylight,920,73,Yes,X-type,Normal,2Vehicles-Side,BAS ROGERS (RUE DES),M,,
201800039081,NonLethal,2018-03-07,20:23:00,Daylight,920,73,Yes,NoIntersection,VeryGood,2Vehicles-Side,"93, FUSILLES DE LA RESIS",M,48.87794573361684,2.880019127524772
201800039082,NonLethal,2018-07-31,17:11:00,Daylight,920,73,Yes,NoIntersection,Normal,2Vehicles-Side,VAL D'OR (RUE DU),M,48.81894231248516,2.8216831482653144
201800039083,NonLethal,2018-08-01,14:30:00,Daylight,920,73,Yes,NoIntersection,VeryGood,2Vehicles-Behind,GALLIENI (QUAI),M,48.86757843615523,2.8689089328612134
201800039084,NonLethal,2018-08-24,09:40:00,Daylight,920,73,Yes,NoIntersection,Normal,Other,DASSAULT (QUAI MARCEL),M,48.900385964763686,2.9004431540175366
201800039085,NonLethal,2018-08-28,08:20:00,Daylight,920,73,Yes,NoIntersection,Normal,NoCollision,PONT DE SURESNES,M,48.86793570067823,2.867578605663406
201800039086,NonLethal,2018-03-09,18:00:00,Daylight,920,73,Yes,Y-type,Normal,Other,SELLIER (BOULEVARD HENRI,M,48.867025305082336,2.868086727515037
201800039087,NonLethal,2018-09-10,18:50:00,Daylight,920,73,Yes,NoIntersection,Normal,2Vehicles-Behind,SELLIER (BOULEVARD HENRI,M,48.86670241321835,2.867589017018773
201800039088,NonLethal,2018-11-09,20:04:00,NightStreelightsOn,920,73,Yes,NoIntersection,Normal,Other,ROOSVELT (AVENUE FRANKLI,M,48.87296255335067,2.874834767709169
201800039089,NonLethal,2018-09-19,19:08:00,Daylight,920,73,Yes,Other,Normal,2Vehicles-Side,JAURES (AVENUE JEAN),M,48.86312039515288,2.86519797146914
201800039091,NonLethal,2018-09-30,10:10:00,Daylight,920,73,Yes,T-type,Normal,2Vehicles-Side,FUSILLES DE LA RESISTANC,M,48.88078290626118,2.881934062231632
201800039092,NonLethal,2018-10-02,15:34:00,Daylight,920,73,Yes,NoIntersection,Normal,Other,SELLIER (BOULEVARD HENRI,M,48.85805338318374,2.862648174302104
201800039093,NonLethal,2018-10-10,09:21:00,Daylight,920,73,Yes,NoIntersection,Normal,2Vehicles-Behind,SELLIER (BOULEVARD HENRI,M,48.86709509816738,2.8678416690874853
201800039094,NonLethal,2018-10-21,06:39:00,NightStreelightsOn,920,73,Yes,NoIntersection,Normal,2Vehicles-Side,FUSILLES DE LA RESISTANC,M,48.88227180386558,2.88065402105597
201800039095,NonLethal,2018-11-06,11:00:00,Daylight,920,73,Yes,NoIntersection,Normal,2Vehicles-Side,VERDUN (RUE DE),M,48.874898487065366,2.8752912894499354
201800039096,NonLethal,2018-11-07,12:30:00,Daylight,920,73,Yes,NoIntersection,LightRain,2Vehicles-Behind,BLUM (QUAI LEON),M,48.86652027229334,2.8667926558123376
201800039098,NonLethal,2018-11-08,22:15:00,NightStreelightsOn,920,73,Yes,NoIntersection,Overcast,NoCollision,JAURES (AVENUE JEAN),M,48.86154504232158,2.8638391216803787
201800039099,NonLethal,2018-11-11,21:30:00,NightStreelightsOn,920,73,Yes,NoIntersection,LightRain,Other,SELLIER (BOULEVARD HENRI,M,48.86179870895353,2.860326706878733
201800039100,NonLethal,2018-11-19,20:05:00,NightStreelightsOn,920,73,Yes,NoIntersection,HeavyRain,NoCollision,SELLIER (BOULEVARD HENRI,M,48.86709329116856,2.868424826664937
201800039101,NonLethal,2018-11-23,14:20:00,Daylight,920,73,Yes,T-type,Normal,2Vehicles-Behind,GALLIENI (QUAI),M,48.87060549231201,2.870474333839472
201800039102,NonLethal,2018-12-02,04:35:00,NightStreelightsOn,920,73,Yes,Other,HeavyRain,Other,SELLIER (BOULEVARD HENRI,M,48.86710275114642,2.867655827841806
201800039103,NonLethal,2018-06-12,11:04:00,Daylight,920,73,Yes,T-type,Overcast,3+Vehicles-Multiple,BLUM (QUAI LEON),M,48.866116782892064,2.866572191290212
201800039104,NonLethal,2018-12-10,09:30:00,Daylight,920,73,Yes,NoIntersection,Normal,Other,SELLIER (BOULEVARD HENRI,M,48.85831822234481,2.8611686433509598
201800039105,NonLethal,2018-12-19,18:05:00,NightStreelightsOn,920,73,Yes,T-type,Normal,2Vehicles-Side,BAS ROGERS (RUE DES),M,48.87978929370323,2.8807723875373537
201800039106,NonLethal,2018-12-20,19:00:00,NightStreelightsOn,920,73,Yes,T-type,Normal,2Vehicles-Side,CALVAIRE (RUE DU),M,48.869973008745525,2.8699272002527936
201800039107,NonLethal,2018-12-28,12:50:00,Daylight,920,73,Yes,NoIntersection,Normal,2Vehicles-Behind,PONT DE SURESNES,M,48.86779879432937,2.8673368252677878
201800039108,NonLethal,2018-03-01,18:45:00,NightStreelightsOn,920,75,Yes,X-type,LightRain,NoCollision,"1, AVAULEE (RUE)",M,48.81550943998046,2.815175127673605
201800039109,NonLethal,2018-01-22,09:00:00,Daylight,920,75,Yes,X-type,HeavyRain,Other,"1, JULES GUESDE (RUE)",M,48.81251978922478,2.809989502490533
201800039110,NonLethal,2018-01-13,14:30:00,Daylight,920,75,Yes,NoIntersection,Normal,NoCollision,"5, RAYMOND MARCHERON (RU",M,48.81657682589708,2.818543365005054
201800039111,NonLethal,2018-01-16,09:25:00,Daylight,920,75,Yes,X-type,LightRain,NoCollision,"1, avenue arblade",M,48.81865946156227,2.8180636602496505
201800039112,NonLethal,2018-01-24,18:45:00,TwilightOrDawn,920,75,Yes,NoIntersection,Normal,2Vehicles-Side,"17, LARMEROUX (RUE)",M,48.81666036607264,2.817545636728618
201800039114,NonLethal,2018-01-22,08:50:00,Daylight,920,46,Yes,NoIntersection,LightRain,2Vehicles-Side,"37, Paul vaillant coutur",M,48.81293505733383,2.812270060003163
201800039115,NonLethal,2018-02-15,15:05:00,Daylight,920,46,Yes,T-type,Normal,NoCollision,"23, BERANGER (RUE)",M,48.820398596570605,3.82111424779689
201800039116,NonLethal,2018-02-14,14:45:00,Daylight,920,46,Yes,NoIntersection,Normal,2Vehicles-Behind,"8, BERANGER (RUE)",M,48.82110772940717,2.8208114726131184
201800039118,NonLethal,2018-02-26,17:03:00,Daylight,920,75,Yes,NoIntersection,Normal,2Vehicles-Side,"45, LYCEE (BOULEVARD DU)",M,48.8255781295637,2.821768409439567
201800039120,NonLethal,2018-04-03,12:40:00,Daylight,920,75,Yes,X-type,HeavyRain,2Vehicles-BehindVehicles-Frontal,"1, PIERRE BROSSOLETTE (A",M,48.81853347822258,2.817835498750528
201800039121,NonLethal,2018-03-15,08:45:00,Daylight,920,75,Yes,NoIntersection,Normal,NoCollision,"45, ISSY (RUE D')",M,48.82053392105937,2.8222799392403863
201800039122,NonLethal,2018-02-16,09:00:00,Daylight,920,75,Yes,NoIntersection,Normal,3+Vehicles-Chain,ANTOINE FRATACCI (RUE),M,48.82134069579004,2.822041812948751
201800039123,NonLethal,2018-04-03,08:40:00,TwilightOrDawn,920,75,Yes,NoIntersection,Normal,NoCollision,"34, ANTOINE FRATACCI (RU",M,48.82146537238644,2.821414834335576
201800039124,NonLethal,2018-04-03,17:20:00,Daylight,920,46,Yes,NoIntersection,HeavyRain,2Vehicles-Side,"52, CAMELINAT",M,48.815831196118765,2.8163562450587696
201800039125,NonLethal,2018-04-04,10:20:00,Daylight,920,75,Yes,NoIntersection,Normal,2Vehicles-Side,DE GAULLE (AVENUE DU GEN,M,48.8229050162418,2.823538939898317
201800039126,NonLethal,2018-10-04,14:33:00,Daylight,920,75,Yes,NoIntersection,Normal,NoCollision,"3, QUATRE SEPTEMBRE (RUE",M,48.82833983513435,2.827532025333751
201800039127,NonLethal,2018-04-12,08:40:00,Daylight,920,75,Yes,X-type,Normal,2Vehicles-Side,"131, GABRIEL PERI (BOULE",M,48.82009776578375,2.8190149955950585
201800039128,NonLethal,2018-03-21,07:50:00,TwilightOrDawn,920,46,Yes,X-type,Normal,2Vehicles-Side,"1, GABRIEL PERI (BOULEVA",M,48.81941901125538,2.8195664420535778
201800039129,NonLethal,2018-04-30,18:10:00,Daylight,920,46,Yes,NoIntersection,Normal,NoCollision,"10, RAYMOND DAVID",M,48.81750723956202,2.81747572518082
201800039130,NonLethal,2018-05-14,09:25:00,Daylight,920,75,Yes,Y-type,LightRain,NoCollision,"1, MARECHAL LECLERC (AVE",M,48.81822060066889,2.820179616689108
201800039131,NonLethal,2018-05-18,19:50:00,Daylight,920,75,Yes,X-type,Normal,2Vehicles-BehindVehicles-Frontal,"1, JEAN JAURES (AVENUE)",M,48.82376569982959,2.82505844218967
201800039133,NonLethal,2018-06-01,17:37:00,Daylight,920,75,Yes,T-type,LightRain,2Vehicles-Side,"51, RAYMOND MARCHERON (R",M,48.81935744815262,2.820574483475913
201800039134,NonLethal,2018-04-21,17:00:00,Daylight,920,75,Yes,T-type,Normal,NoCollision,"1, JULES GUESDE (RUE)",M,48.4861230009949,2.485855212490826
201800039135,NonLethal,2018-01-06,13:05:00,Daylight,920,75,Yes,NoIntersection,Normal,2Vehicles-Side,"51, JEAN BLEUZEN (RUE)",M,48.82374604922275,2.825159553161443
201800039136,NonLethal,2018-04-27,19:40:00,Daylight,920,75,Yes,T-type,Normal,2Vehicles-Side,"24, MARCEL YOL (RUE)",M,48.82607333051391,2.824931502187782
201800039137,NonLethal,2018-06-13,13:25:00,Daylight,920,75,Yes,T-type,Normal,Other,"l, GABRIEL PERI (BOULEVA",M,48.81945510560919,2.8204908049126973
201800039140,NonLethal,2018-06-29,11:00:00,Daylight,920,75,Yes,X-type,Normal,NoCollision,"l, FABIEN (BOULEVARD DU",M,48.81435538460515,2.814621058442704
201800039141,NonLethal,2018-06-24,22:10:00,NightStreelightsOn,920,75,Yes,NoIntersection,Normal,3+Vehicles-Chain,"184, PIERRE BROSSOLETTE",M,48.81548493274235,2.8151862720978174
201800039142,NonLethal,2018-06-26,08:35:00,Daylight,920,75,Yes,X-type,Normal,2Vehicles-Side,"1, FABIEN (BOULEVARD DU",M,48.81247930430639,2.812077682170461
201800039143,NonLethal,2018-06-22,08:30:00,Daylight,920,75,Yes,T-type,Normal,2Vehicles-Side,"1, GUY MOQUET (RUE)",M,48.81615208854279,2.8183379092426883
201800039144,NonLethal,2018-05-15,20:30:00,Daylight,920,46,Yes,T-type,Normal,Other,"1, GABRIEL PERI",M,48.81941700298631,2.819916005732722
201800039145,NonLethal,2018-05-07,10:10:00,Daylight,920,75,Yes,NoIntersection,Normal,NoCollision,"16, RAYMOND MARCHERON (R",M,48.82003330616661,2.8171295432119368
201800039146,NonLethal,2018-08-02,15:05:00,Daylight,920,46,Yes,Other,Normal,2Vehicles-Behind,GABRIEL PERI,M,48.81986528510445,2.8180274185635388
201800039147,NonLethal,2018-05-08,09:18:00,Daylight,920,75,Yes,NoIntersection,Normal,NoCollision,PIERRE LAROUSSE (AVENUE),M,48.82280321701708,2.8211984552157325
201800039148,NonLethal,2018-07-08,08:30:00,Daylight,920,75,Yes,X-type,Normal,2Vehicles-Side,avenue arblade,M,48.81777563450053,2.8186845127479594
201800039149,NonLethal,2018-06-27,22:00:00,TwilightOrDawn,920,46,Yes,X-type,Normal,2Vehicles-Side,"1, GABRIEL PERI",M,48.82026112889063,2.8175994055918965
201800039150,NonLethal,2018-06-28,09:30:00,Daylight,920,75,Yes,X-type,Normal,2Vehicles-Side,"1, JULES GUESDE (RUE)",M,48.4853300888517,2.484904640380005
201800039151,NonLethal,2018-07-10,18:30:00,Daylight,920,46,Yes,Y-type,Normal,2Vehicles-Side,"1, CAMELINAT",M,48.48428162143821,2.48609857726108
201800039152,NonLethal,2018-08-28,13:15:00,Daylight,920,75,Yes,NoIntersection,Normal,2Vehicles-Side,PIERRE BROSSOLETTE (AVEN,M,48.81536058140141,2.8147096246222265
201800039153,NonLethal,2018-07-09,09:30:00,Daylight,920,75,Yes,NoIntersection,Normal,2Vehicles-Side,JEAN BLEUZEN (RUE),M,48.825746520056704,2.82471843490844
201800039155,NonLethal,2018-09-18,08:55:00,Daylight,920,75,Yes,T-type,Normal,2Vehicles-Behind,PIERRE BROSSOLETTE (AVEN,M,48.817779015522746,2.8181522495118525
201800039158,NonLethal,2018-06-10,19:00:00,TwilightOrDawn,920,75,Yes,NoIntersection,Normal,3+Vehicles-Multiple,MARCEL YOL (RUE),M,48.82537555279831,2.82515784441122
201800039159,NonLethal,2018-06-10,00:40:00,NightStreelightsOn,920,75,Yes,T-type,Normal,2Vehicles-Side,PIERRE BROSSOLETTE (AVEN,M,48.81110102209164,2.8111848652068465
201800039160,NonLethal,2018-04-10,09:50:00,Daylight,920,75,Yes,T-type,Normal,2Vehicles-Side,VICTOR HUGO (AVENUE),M,48.82335693976542,2.8208564371847653
201800039161,NonLethal,2018-10-09,16:25:00,Daylight,920,75,Yes,T-type,Normal,2Vehicles-BehindVehicles-Frontal,PAUL BERT (RUE),M,48.818645739113386,2.8197646692597678
201800039162,NonLethal,2018-06-10,13:00:00,Daylight,920,75,Yes,NoIntersection,Normal,2Vehicles-Behind,LARMEROUX (RUE),M,48.81498161725382,2.816520747477011
201800039163,NonLethal,2018-10-18,09:50:00,Daylight,920,75,Yes,NoIntersection,Normal,NoCollision,LYCEE (BOULEVARD DU),M,48.82360647249335,2.824853371261479
201800039165,NonLethal,2018-03-11,12:45:00,Daylight,920,46,Yes,X-type,Normal,2Vehicles-BehindVehicles-Frontal,HOCHE,M,48.817059870809615,2.8161662414047406
201800039167,NonLethal,2018-10-11,20:10:00,NightStreelightsOn,920,75,Yes,NoIntersection,LightRain,Other,JEAN JAURES (RUE),M,48.82591064080614,2.824588598124754
201800039168,NonLethal,2018-11-23,14:00:00,Daylight,920,75,Yes,X-type,Normal,Other,VICTOR BASCH (AVENUE),M,48.81999871521425,2.821638592374899
201800039169,NonLethal,2018-11-26,18:25:00,NightStreelightsOn,920,75,Yes,X-type,Normal,2Vehicles-Side,ANTOINE FRATACCI (RUE),M,48.822487117710345,2.8220508767072343
201800039170,NonLethal,2018-11-27,08:40:00,Daylight,920,75,Yes,NoIntersection,Normal,Other,KENNEDY (PLACE DU PRESID,M,48.81968001842304,2.821000039321929
201800039171,NonLethal,2018-07-12,17:02:00,NightStreelightsOn,920,46,Yes,NoIntersection,LightRain,Other,EMILE ZOLA,M,48.82261904960304,2.823704165341409
201800039172,NonLethal,2018-12-16,17:20:00,NightStreelightsOn,920,75,Yes,X-type,Normal,Other,JULES GUESDE (RUE),M,48.813746750200806,2.815881481894911
201800039173,NonLethal,2018-12-21,08:25:00,TwilightOrDawn,920,46,Yes,X-type,LightRain,2Vehicles-BehindVehicles-Frontal,CAMELINAT,M,48.8181373009323,2.8183758803634085
201800039174,NonLethal,2018-12-22,09:30:00,Daylight,920,75,Yes,X-type,Normal,2Vehicles-Side,FABIEN (BOULEVARD DU COL,M,48.81255798938367,2.812326796452595
201800039175,NonLethal,2018-01-23,09:25:00,Daylight,920,78,Yes,NoIntersection,Normal,2Vehicles-Side,"28, MARC SANGNIER (AVENU",M,48.92811250411302,2.927520564983793
201800039176,NonLethal,2018-01-24,13:10:00,Daylight,920,78,Yes,NoIntersection,Normal,2Vehicles-Side,"0, MOULIN CAGE (QUAI)",M,48.92343159388987,2.924467196692297
201800039177,NonLethal,2018-01-29,15:15:00,Daylight,920,78,Yes,NoIntersection,Normal,2Vehicles-Side,"4, GALLIENI (BD) (1 A 79",M,48.92600157266864,2.926690897762004
201800039179,NonLethal,2018-02-23,11:00:00,Daylight,920,78,Yes,NoIntersection,Normal,2Vehicles-Behind,MOULIN CAGE (QUAI),M,48.923813363611714,2.921452931819439
201800039180,NonLethal,2018-03-01,07:20:00,TwilightOrDawn,920,78,Yes,MoreThan4Branches,Overcast,2Vehicles-Side,HENRI BARBUSSE (RUE) (PA,M,,
201800039182,NonLethal,2018-04-01,16:25:00,Daylight,920,78,Yes,X-type,Normal,2Vehicles-Side,"0, JEAN MOULIN (AVENUE)",M,48.93634862545818,2.936675241299949
201800039183,NonLethal,2018-04-04,20:30:00,TwilightOrDawn,920,78,Yes,NoIntersection,Normal,Other,", JEAN JAURES (RUE) (N°",M,,
201800039184,NonLethal,2018-12-04,11:45:00,Daylight,920,78,Yes,X-type,Normal,3+Vehicles-Chain,VERDUN (AVENUE) (N° PAIR,M,,
201800039185,NonLethal,2018-12-04,17:40:00,Daylight,920,78,Yes,NoIntersection,Normal,3+Vehicles-Multiple,"14, VERDUN (AVENUE) (PAI",M,47.93584540261343,2.9350248835378974
201800039186,NonLethal,2018-04-16,15:55:00,Daylight,920,78,Yes,T-type,Normal,2Vehicles-Side,"0, MARECHAL LECLERC (AVE",M,48.93705960616684,2.9351671023863157
201800039187,NonLethal,2018-02-17,15:50:00,Daylight,920,78,Yes,NoIntersection,Normal,NoCollision,"200, GALLIENI (BD) (154",M,,
201800039188,NonLethal,2018-05-22,19:30:00,Daylight,920,78,Yes,X-type,LightRain,3+Vehicles-Multiple,"97, VERDUN (AVENUE) (PAI",M,48.93509241631577,2.9345019273938715
201800039189,NonLethal,2018-05-17,21:00:00,TwilightOrDawn,920,78,Yes,NoIntersection,Normal,NoCollision,"66, ASNIERES (QUAI)",M,48.92898246007618,2.930484045877065
201800039190,NonLethal,2018-05-28,09:00:00,Daylight,920,78,Yes,NoIntersection,Normal,2Vehicles-Side,MOULIN CAGE (QUAI),M,48.92364787389359,2.923932564130584
201800039192,NonLethal,2018-06-06,20:30:00,TwilightOrDawn,920,78,Yes,T-type,LightRain,3+Vehicles-Multiple,"0, MOULIN DE CAGE (RUE)",M,,
201800039193,NonLethal,2018-06-21,19:40:00,Daylight,920,78,Yes,NoIntersection,Normal,2Vehicles-Side,"104, VERDUN (AVENUE) (IM",M,48.933817921112535,2.936352283576812
201800039194,NonLethal,2018-06-25,16:10:00,Daylight,920,78,Yes,NoIntersection,Normal,2Vehicles-Side,"0, VERDUN (AVENUE) (PAIR",M,,
201800039195,NonLethal,2018-07-06,16:25:00,Daylight,920,78,Yes,X-type,Normal,2Vehicles-Side,"0, VERDUN (AVENUE) (IMPA",M,48.93716311724655,2.936206072917805
201800039198,NonLethal,2018-07-31,09:20:00,Daylight,920,78,Yes,NoIntersection,Normal,Other,VIEUX CHEMIN DE ST DENIS,M,,
201800039199,NonLethal,2018-07-29,23:45:00,NightStreelightsOn,920,78,Yes,X-type,Normal,2Vehicles-Side,JEAN MOULIN (AVENUE) (2,M,48.93742416756307,2.935725387828913
201800039200,NonLethal,2018-08-13,20:50:00,Daylight,920,78,Yes,Other,Normal,2Vehicles-Side,VERDUN (AVENUE) (IMPAIRS,M,,
201800039201,NonLethal,2018-09-13,11:40:00,Daylight,920,78,Yes,NoIntersection,Normal,2Vehicles-Side,MARC SANGNIER (AVENUE),M,,
201800039203,NonLethal,2018-12-10,19:40:00,Daylight,920,78,Yes,NoIntersection,Normal,NoCollision,GALLIENI (BD) (126 ET 15,M,,
201800039204,NonLethal,2018-10-19,20:11:00,NightStreelightsOn,920,78,Yes,X-type,Normal,2Vehicles-Side,VERDUN (AVENUE) (IMPAIRS,M,48.93413932082113,2.9354274084553578
201800039205,NonLethal,2018-12-06,17:00:00,NightStreelightsOn,920,78,No,T-type,Normal,2Vehicles-Side,MOULIN CAGE (QUAI),M,48.92320687053512,2.922721929925164
201800039206,NonLethal,2018-11-09,12:05:00,Daylight,920,78,Yes,NoIntersection,Normal,NoCollision,MARECHAL DELATTRE DE TAS,M,48.94025784603521,2.937910707731032
201800039209,NonLethal,2018-01-10,07:30:00,NightStreelightsOn,930,1,Yes,NoIntersection,LightRain,Other,"52, LANDY (RUE DU) 18 A",M,48.91558075456902,2.9164088128226937
201800039210,NonLethal,2018-01-11,07:45:00,NightStreelightsOn,930,1,Yes,NoIntersection,LightRain,Other,"4, ANATOLE FRANCE (BLD)",M,48.91530129313718,2.9160657832323547
201800039211,NonLethal,2018-12-01,16:05:00,Daylight,930,1,Yes,NoIntersection,Overcast,Other,"35, PORT (RUE DU)  (IMPA",M,48.91629798203605,2.916398049413067
201800039212,NonLethal,2018-01-13,11:30:00,Daylight,930,1,Yes,NoIntersection,Normal,2Vehicles-Side,"29, COMMANDANT L'HERMINI",M,48.9175318640438,2.9189671744999712
201800039213,NonLethal,2018-01-13,17:10:00,Daylight,930,1,Yes,NoIntersection,Normal,Other,"6, PONT BLANC.CHARLES TI",M,48.9001609574903,2.898520545978218
201800039214,NonLethal,2018-01-15,18:40:00,NightStreelightsOn,930,1,Yes,NoIntersection,LightRain,3+Vehicles-Chain,"255, JEAN JAURES (AVE)",M,48.91838645593866,2.917997001648851
201800039215,NonLethal,2018-01-18,18:40:00,NightStreelightsOn,930,1,Yes,NoIntersection,Overcast,Other,"2, PONT BLANC.CHARLES TI",M,48.9147509723916,2.9155667445245124
201800039216,NonLethal,2018-01-22,14:15:00,Daylight,930,1,Yes,NoIntersection,Overcast,2Vehicles-Side,"193, JEAN JAURES (AVE)",M,48.919809448476,2.919739150934387
201800039217,NonLethal,2018-01-22,17:50:00,TwilightOrDawn,930,1,Yes,NoIntersection,Normal,Other,"68, DANIELLE CASANOVA (R",M,48.92184837080408,2.920103868535928
201800039218,NonLethal,2018-01-23,14:03:00,Daylight,930,1,Yes,NoIntersection,LightRain,Other,"101, JEAN JAURES (AVE) 5",M,48.90587249056576,2.9076715174215697
201800039219,NonLethal,2018-01-24,12:20:00,Daylight,930,1,Yes,NoIntersection,Overcast,Other,"14, NOUVELLE-FRANCE (RUE",M,48.912438256586405,2.9137164734601115
201800039220,NonLethal,2018-01-27,18:40:00,NightStreelightsOn,930,1,Yes,Y-type,Normal,2Vehicles-Side,"40, VICTOR HUGO (AVE)  =",M,48.90382330421852,2.9035552261298023
201800039221,NonLethal,2018-01-31,11:50:00,Daylight,930,1,Yes,NoIntersection,LightRain,Other,"136, REPUBLIQUE (AVENUE",M,48.9046494998382,2.904534525693876
201800039222,NonLethal,2018-03-02,13:45:00,Daylight,930,1,Yes,X-type,Overcast,2Vehicles-Side,"1, PRESIDENT ROOSEVELT (",M,48.00034739198852,2.0012218792518084
201800039223,NonLethal,2018-05-02,19:10:00,NightStreelightsOn,930,1,Yes,NoIntersection,Overcast,Other,"l39, HELENE COCHENNEC (R",M,48.92014461383128,2.919565533728328
201800039224,NonLethal,2018-02-08,10:30:00,Daylight,930,1,Yes,X-type,SnowOrHail,Other,", ANATOLE FRANCE  (BLD)",M,48.911322918353,2.9090875934165665
201800039226,NonLethal,2018-12-02,00:10:00,NightStreelightsOn,930,1,Yes,NoIntersection,Normal,Other,"136, REPUBLIQUE (AVENUE",M,48.90399386306386,2.904074348809259
201800039227,NonLethal,2018-12-02,19:15:00,NightStreelightsOn,930,1,Yes,NoIntersection,Normal,Other,"1, EDOUARD POISSON  (RUE",M,48.91063000101161,2.911181107579805
201800039228,NonLethal,2018-02-19,21:40:00,NightStreelightsOn,930,1,Yes,NoIntersection,LightRain,2Vehicles-Side,LATERAL-NORD  (CHEMIN),M,48.92137059740099,2.922305678085736
201800039229,NonLethal,2018-02-22,13:10:00,Daylight,930,1,Yes,NoIntersection,Normal,2Vehicles-Side,"72, HENRI BARBUSSE (RUE)",M,48.90839893205048,2.908836451262161
201800039230,NonLethal,2018-02-27,20:15:00,NightStreelightsOn,930,1,Yes,NoIntersection,Normal,2Vehicles-Side,"39, REPUBLIQUE (AVENUE D",M,48.9101406890635,2.9114254178465098
201800039231,NonLethal,2018-01-03,12:30:00,Daylight,930,1,Yes,NoIntersection,SnowOrHail,2Vehicles-Side,JEAN JAURES  (AVE)  157,M,48.91566854923854,2.9168098642881497
201800039233,NonLethal,2018-03-17,15:00:00,Daylight,930,1,Yes,T-type,SnowOrHail,Other,"l, FERRAGUS (RUE)  => 5/",M,48.91490691692688,2.914598044590769
201800039234,NonLethal,2018-03-28,10:10:00,Daylight,930,1,Yes,NoIntersection,HeavyRain,Other,"73, GOULET (RUE DU) 26/3",M,48.90952035884387,2.9090932410862536
201800039235,NonLethal,2018-04-03,17:50:00,Daylight,930,1,Yes,NoIntersection,LightRain,2Vehicles-Side,"45, VICTOR HUGO (AVE)  =",M,48.90457241293014,2.902709927195147
201800039236,NonLethal,2018-04-04,15:00:00,Daylight,930,1,Yes,NoIntersection,Normal,Other,"02, EDOUARD POISSON  (RU",M,48.91101321976774,2.912012638002143
201800039237,NonLethal,2018-04-06,06:15:00,TwilightOrDawn,930,1,Yes,NoIntersection,Normal,2Vehicles-Side,"92, FELIX FAURE (BLD)  =",M,48.90682043482904,2.905409721115977
201800039238,NonLethal,2018-08-04,10:50:00,Daylight,930,1,Yes,NoIntersection,Normal,Other,"15, GAETAN LAMY (RUE)",M,,
201800039239,NonLethal,2018-04-09,12:45:00,Daylight,930,1,Yes,NoIntersection,LightRain,3+Vehicles-Multiple,"17, JEAN JAURES (AVE)  =",M,48.90102314821871,2.901371280470932
201800039240,NonLethal,2018-12-04,05:25:00,NightStreelightsOn,930,1,Yes,NoIntersection,Normal,2Vehicles-Behind,VICTOR HUGO (AVE)  => 12,M,,
201800039241,NonLethal,2018-04-12,13:15:00,Daylight,930,1,Yes,NoIntersection,Overcast,Other,"12, SADI CARNOT (RUE)  (",M,,
201800039243,NonLethal,2018-04-15,10:35:00,Daylight,930,1,Yes,NoIntersection,Normal,Other,"111, REPUBLIQUE (AVENUE",M,48.90471251934026,2.905054433185987
201800039244,NonLethal,2018-04-19,17:00:00,Daylight,930,1,Yes,X-type,Normal,Other,REPUBLIQUE (AVENUE DE LA,M,,
201800039245,NonLethal,2018-04-20,15:15:00,Daylight,930,1,Yes,NoIntersection,Normal,Other,"98, EDOUARD VAILLANT (BL",M,48.91858980426914,2.918623642074481
201800039246,NonLethal,2018-04-24,19:20:00,Daylight,930,1,Yes,NoIntersection,VeryGood,Other,"166, DANIELLE CASANOVA (",M,48.91490139545469,2.915535692057505
201800039248,NonLethal,2018-04-25,16:30:00,Daylight,930,1,Yes,NoIntersection,Normal,Other,"17, PONT BLANC.CHARLES T",M,48.91440954438186,2.916102404866899
201800039249,NonLethal,2018-04-30,13:20:00,Daylight,930,1,Yes,Y-type,HeavyRain,2Vehicles-Side,ANATOLE FRANCE  (BLD),M,48.9152822795748,2.9154287572833906
201800039251,NonLethal,2018-07-05,20:30:00,TwilightOrDawn,930,1,Yes,NoIntersection,Normal,2Vehicles-Side,"65, VICTOR HUGO (AVE)  N",M,48.905502456757176,2.904665487893207
201800039252,NonLethal,2018-05-09,17:00:00,Daylight,930,1,Yes,NoIntersection,Normal,Other,SADI CARNOT (RUE)  (REST,M,48.90729408751525,2.905967939233588
201800039253,NonLethal,2018-05-11,15:20:00,Daylight,930,1,Yes,NoIntersection,Normal,Other,"l00, FELIX FAURE (BLD)",M,48.89966639954024,2.901433448672065
201800039254,NonLethal,2018-05-14,11:30:00,Daylight,930,1,Yes,NoIntersection,LightRain,Other,MOTTE (RUE DE LA),M,48.91163512453934,2.911734999764275
201800039255,NonLethal,2018-05-15,18:20:00,Daylight,930,1,Yes,NoIntersection,Normal,Other,"167, JEAN JAURES  (AVE)",M,48.91201781002705,2.910867613143564
201800039256,NonLethal,2018-05-19,16:30:00,Daylight,930,1,Yes,NoIntersection,VeryGood,Other,"11, LUCIEN LEFRANC (QUAI",M,48.90879213376326,2.908242736795924
201800039257,NonLethal,2018-05-20,16:30:00,Daylight,930,1,Yes,NoIntersection,Normal,3+Vehicles-Multiple,"42, SAINT-DENIS (RUE DE)",M,48.922690043955335,2.9222423904130244
201800039258,NonLethal,2018-05-23,17:30:00,Daylight,930,1,Yes,NoIntersection,Normal,2Vehicles-Side,"187, JEAN JAURES (AVE)",M,48.91124364891196,2.9104664787997985