AccidentId,Gravity,Date,Hour,Light,Department,Commune,InAgglomeration,IntersectionType,Weather,CollisionType,PostalAddress,GPSCode,Latitude,Longitude
201800039259,NonLethal,2018-05-14,17:30:00,Daylight,930,1,Yes,NoIntersection,Normal,2Vehicles-Side,POSTES (RUE DES),M,44.90481715577526,2.904174382889195
201800039261,NonLethal,2018-05-28,14:20:00,Daylight,930,1,Yes,NoIntersection,Normal,2Vehicles-Side,"85, VICTOR HUGO (AVE)  =",M,48.90594661900253,2.9052724986635643
201800039262,NonLethal,2018-06-04,15:15:00,Daylight,930,1,Yes,NoIntersection,Normal,2Vehicles-Side,"76, REPUBLIQUE (AVENUE D",M,,
201800039264,NonLethal,2018-06-11,08:45:00,Daylight,930,1,Yes,NoIntersection,LightRain,Other,"101, EDOUARD VAILLANT (B",M,48.91851830690422,2.917768430391439
201800039265,NonLethal,2018-12-06,00:30:00,NightStreelightsOn,930,1,Yes,NoIntersection,LightRain,2Vehicles-Side,"108, VICTOR HUGO (AVE)",M,,
201800039266,NonLethal,2018-06-14,14:35:00,Daylight,930,1,Yes,NoIntersection,Other,Other,"199, VICTOR HUGO (AVE)",M,,
201800039268,NonLethal,2018-06-23,21:35:00,TwilightOrDawn,930,1,Yes,X-type,Normal,2Vehicles-Side,", GARDINOUX (RUE DES)",M,48.906452791924,2.905735558858677
201800039270,NonLethal,2018-06-27,15:30:00,Daylight,930,1,Yes,NoIntersection,VeryGood,2Vehicles-Side,"144, REPUBLIQUE (AVE DE",M,48.90376681432377,2.9043070515510427
201800039272,NonLethal,2018-07-01,17:15:00,Daylight,930,1,Yes,X-type,Normal,Other,"18, REPUBLIQUE (AVENUE D",M,48.914364575025104,2.9125817005345884
201800039273,NonLethal,2018-03-07,08:15:00,Daylight,930,1,Yes,NoIntersection,Normal,Other,"02, crevecoeur (rue)",M,48.91971625045542,2.9184207856995315
201800039274,NonLethal,2018-07-03,16:20:00,Daylight,930,1,Yes,Other,Normal,2Vehicles-Behind,"48, REPUBLIQUE (AVENUE D",M,48.9108232815501,2.911332583401669
201800039275,NonLethal,2018-06-07,13:30:00,Daylight,930,1,Yes,NoIntersection,Normal,2Vehicles-Side,"129 TER, VICTOR HUGO (AV",M,48.908806705904176,2.9103362910370247
201800039276,NonLethal,2018-08-07,00:01:00,NightStreelightsOn,930,1,Yes,X-type,Normal,2Vehicles-Side,VICTOR HUGO (AVE)  => N°,M,48.90928570930216,2.909581031413502
201800039277,NonLethal,2018-07-12,06:40:00,NightStreelightsOff,930,1,Yes,Other,Normal,2Vehicles-Side,"195, VICTOR HUGO (AVE)",M,,
201800039278,NonLethal,2018-07-12,14:45:00,Daylight,930,1,Yes,NoIntersection,Normal,2Vehicles-Behind,"13, PRESIDENT ROOSEVELT",M,,
201800039279,NonLethal,2018-07-17,15:40:00,Daylight,930,1,Yes,NoIntersection,Normal,Other,GAETAN LAMY (RUE),M,48.91647467951384,2.9174923662346357
201800039280,NonLethal,2018-07-13,23:00:00,NightStreelightsOn,930,1,Yes,NoIntersection,Normal,Other,"158, VICTOR HUGO (AVE)",M,48.91374818538493,2.912802651750076
201800039281,NonLethal,2018-07-19,11:30:00,Daylight,930,1,Yes,X-type,Normal,3+Vehicles-Multiple,VICTOR HUGO (AVE)  => N°,M,48.9036132319975,2.902743081395293
201800039283,NonLethal,2018-07-29,12:30:00,Daylight,930,1,Yes,NoIntersection,Normal,2Vehicles-Side,PONT BLANC.CHARLES TILLO,M,48.91718529540804,2.918813374094476
201800039285,NonLethal,2018-02-08,18:00:00,Daylight,930,1,Yes,X-type,Normal,2Vehicles-BehindVehicles-Frontal,HENRI BARBUSSE (RUE) =>,M,48.90887631763383,2.90958187838169
201800039286,NonLethal,2018-08-03,23:29:00,NightStreelightsOn,930,1,Yes,NoIntersection,Normal,Other,JEAN JAURES (AVE)  => 53,M,,
201800039287,NonLethal,2018-04-08,16:10:00,Daylight,930,1,Yes,X-type,Normal,3+Vehicles-Multiple,JEAN JAURES (AVE)  215 =,M,48.91734831799752,2.9175498450175343
201800039288,NonLethal,2018-06-08,18:25:00,Daylight,930,1,Yes,NoIntersection,Normal,2Vehicles-Side,GARDINOUX (RUE DES),M,48.90735132595383,2.9043880003196647
201800039291,NonLethal,2018-08-17,22:30:00,NightStreelightsOn,930,1,Yes,NoIntersection,LightRain,Other,JEAN JAURES (AVE)  215 =,M,,
201800039292,NonLethal,2018-08-21,10:15:00,Daylight,930,66,Yes,NoIntersection,Normal,2Vehicles-Side,SAULNIER JULES,M,48.9254174523053,2.923438960403122
201800039294,NonLethal,2018-08-27,17:50:00,Daylight,930,55,Yes,T-type,Normal,2Vehicles-Side,JEAN JAURES (AVENUE) (76,M,48.90597598581918,2.9073174723551567
201800039295,NonLethal,2018-03-09,16:15:00,Daylight,930,1,Yes,NoIntersection,Normal,2Vehicles-Side,VICTOR HUGO (AVE)  => N°,M,48.91034262504376,2.9099031889317994
201800039297,NonLethal,2018-04-09,16:50:00,Daylight,930,1,Yes,NoIntersection,Normal,Other,ANATOLE FRANCE (BLD) PAI,M,48.91862977045178,2.917936770037884
201800039298,NonLethal,2018-05-09,14:55:00,Daylight,930,1,Yes,NoIntersection,Normal,2Vehicles-Behind,VICTOR HUGO (AVE)  => N°,M,48.90865383126541,2.9079568945343457
201800039299,NonLethal,2018-09-06,14:10:00,Daylight,930,1,Yes,NoIntersection,Normal,2Vehicles-Behind,NOUVELLE-FRANCE (RUE DE,M,48.91455628269557,2.912929794011538
201800039300,NonLethal,2018-09-13,13:20:00,Daylight,930,1,Yes,NoIntersection,Overcast,Other,LUCIEN LEFRANC (QUAI),M,48.89934413906055,2.900595403624492
201800039301,NonLethal,2018-09-13,14:30:00,Daylight,930,1,Yes,Other,Overcast,Other,DANIELLE CASANOVA (RUE),M,48.91877035931824,2.9186128197898444
201800039303,NonLethal,2018-09-18,09:45:00,Daylight,930,1,Yes,NoIntersection,Normal,2Vehicles-Side,LUCIEN LEFRANC (QUAI),M,48.90854915902101,2.908547566778408
201800039304,NonLethal,2018-09-20,18:40:00,Daylight,930,1,Yes,NoIntersection,Normal,Other,HENRI BARBUSSE (RUE)  11,M,48.90474616744106,2.9044385350138517
201800039306,NonLethal,2018-09-26,08:35:00,Daylight,930,1,Yes,NoIntersection,Normal,2Vehicles-Side,CHAPON (RUE),M,48.91681972719024,2.917717555827137
201800039307,NonLethal,2018-10-03,10:10:00,Daylight,930,1,Yes,NoIntersection,Overcast,Other,REPUBLIQUE (AVE DE LA ),M,48.916103547916144,2.9127870425536813
201800039308,NonLethal,2018-10-05,18:00:00,Daylight,930,1,Yes,NoIntersection,Normal,3+Vehicles-Multiple,ADRIEN AGNES (QUAI),M,48.92257722319149,2.9235565593536026
201800039309,NonLethal,2018-10-11,08:00:00,Daylight,930,1,Yes,X-type,Normal,2Vehicles-Side,VICTOR HUGO (AVE)  => 12,M,48.905933782082805,2.905647455958651
201800039310,NonLethal,2018-10-13,19:15:00,NightStreelightsOn,930,1,Yes,NoIntersection,Normal,Other,ANATOLE FRANCE  (BLD) IM,M,48.91583921688965,2.9152939704884573
201800039311,NonLethal,2018-10-15,04:45:00,NightStreelightsOn,930,1,Yes,T-type,Normal,3+Vehicles-Multiple,JEAN JAURES  (AVE)  157,M,,
201800039312,NonLethal,2018-10-15,15:30:00,Daylight,930,1,Yes,NoIntersection,Normal,2Vehicles-Behind,HAIE COQ (RUE DE LA ) 93,M,48.9053668463376,2.902892839534421
201800039313,NonLethal,2018-10-16,09:30:00,Daylight,930,1,Yes,NoIntersection,Normal,2Vehicles-Side,VICTOR HUGO (AVE)  N° 16,M,48.91570057206607,2.9140079092914104
201800039314,NonLethal,2018-10-19,12:25:00,Daylight,930,1,Yes,NoIntersection,Normal,Other,JEAN JAURES (AVE)  => 53,M,48.904427616215166,2.9048250647781124
201800039315,NonLethal,2018-10-20,17:30:00,Daylight,930,1,Yes,Other,Normal,Other,REPUBLIQUE (AVE DE LA ),M,48.90802654314769,2.90694713314498
201800039317,NonLethal,2018-10-23,12:00:00,Daylight,930,1,Yes,T-type,Normal,2Vehicles-Side,PRESIDENT ROOSEVELT (AVE,M,48.91007211236585,2.9102008558090624
201800039318,NonLethal,2018-10-29,09:00:00,Daylight,930,1,Yes,X-type,Overcast,2Vehicles-Side,LUCIEN LEFRANC (QUAI),M,48.91616843817885,2.916394403095925
201800039319,NonLethal,2018-11-01,06:15:00,NightStreelightsOn,930,1,Yes,Roundabout,Normal,2Vehicles-Side,VICTOR HUGO (AVE)  => N°,M,48.90217919345251,2.9030343875180797
201800039320,NonLethal,2018-05-11,21:40:00,NightStreelightsOn,930,1,Yes,NoIntersection,Normal,2Vehicles-Side,REPUBLIQUE (AVE DE LA ),M,48.91401811870509,2.9124777695441613
201800039321,NonLethal,2018-07-11,08:45:00,Daylight,930,1,Yes,X-type,LightRain,Other,HEMET (RUE)  (IMPAIR),M,48.91311317000948,2.9153769086450136
201800039323,Lethal,2018-11-13,19:35:00,NightStreelightsOn,930,1,Yes,NoIntersection,Normal,NoCollision,ECHANGE (CHEMIN DE L'),M,48.91969713969144,2.9197186497728067
201800039325,NonLethal,2018-11-19,13:35:00,Daylight,930,1,Yes,NoIntersection,Normal,Other,REPUBLIQUE (AVE DE LA ),M,48.91585868701471,2.914358454071997
201800039327,NonLethal,2018-11-20,21:40:00,NightStreelightsOn,930,1,Yes,NoIntersection,Normal,2Vehicles-Side,COURNEUVE (RUE DE LA),M,48.90858866033912,2.908873916858388
201800039328,NonLethal,2018-11-22,14:05:00,Daylight,930,1,Yes,Other,Overcast,2Vehicles-Behind,REPUBLIQUE (AVE DE LA ),M,48.91068854286143,2.9128216081224085
201800039329,NonLethal,2018-11-25,14:20:00,Daylight,930,1,Yes,NoIntersection,Overcast,2Vehicles-Behind,ANATOLE FRANCE (BLD) PAI,M,48.9157302453008,2.914610773576074
201800039330,NonLethal,2018-11-28,20:10:00,NightStreelightsOn,930,1,Yes,NoIntersection,LightRain,3+Vehicles-Multiple,PONT BLANC.CHARLES TILLO,M,48.9197212150505,2.919273884254685
201800039331,NonLethal,2018-02-12,15:45:00,Daylight,930,55,Yes,NoIntersection,Normal,3+Vehicles-Chain,GENERAL LECLERC(AVE DU)8,M,48.89694189998451,2.8953602135019207
201800039332,NonLethal,2018-12-07,18:35:00,NightStreelightsOn,930,1,Yes,Other,LightRain,Other,DANIELLE CASANOVA (RUE),M,48.9148636343102,2.9152354709584185
201800039333,NonLethal,2018-12-17,22:32:00,NightStreelightsOn,930,1,Yes,NoIntersection,Normal,Other,HAIE COQ (RUE DE LA ) 93,M,48.90733751250067,2.90586386561282
201800039334,NonLethal,2018-12-26,14:00:00,Daylight,930,1,Yes,NoIntersection,Normal,Other,HEMET (RUE)  (IMPAIR),M,48.91630864375618,2.9148757775821927
201800039336,NonLethal,2018-01-11,13:15:00,Daylight,930,5,Yes,X-type,Normal,2Vehicles-Side,PAUL CEZANNE (RUE),M,48.95180255181316,2.9535190626332337
201800039337,NonLethal,2018-01-19,09:30:00,Daylight,930,5,Yes,NoIntersection,LightRain,2Vehicles-Behind,ANDRE CITROEN (BOULEVARD,M,48.96807439173628,2.9673555204954223
201800039338,NonLethal,2018-01-20,18:38:00,NightStreelightsOn,930,5,Yes,NoIntersection,LightRain,2Vehicles-Side,GEORGES BRAQUE (BOULEVAR,M,48.96078102597041,2.9605009170015086
201800039340,NonLethal,2018-01-21,20:42:00,NightStreelightsOn,930,5,Yes,NoIntersection,LightRain,2Vehicles-Behind,"14, CHARLES GOUPPY (RUE)",M,48.94311752895464,2.94211870335168
201800039341,NonLethal,2018-01-31,10:20:00,Daylight,930,5,Yes,Other,HeavyRain,2Vehicles-Side,ANATOLE FRANCE (AVENUE),M,48.9389832655268,2.9417870487733824
201800039342,NonLethal,2018-01-02,18:30:00,NightNoStreetLight,930,5,Yes,NoIntersection,Normal,3+Vehicles-Chain,"109, MITRY [CD115] (ROUT",M,48.94178810733225,2.94307795004214
201800039343,NonLethal,2018-04-02,19:20:00,NightStreelightsOn,930,5,Yes,T-type,LightRain,3+Vehicles-Multiple,PREFET CHALEIL (CD44) (R,M,48.94059859211594,2.9401176273444296
201800039344,NonLethal,2018-02-07,18:00:00,TwilightOrDawn,930,5,Yes,NoIntersection,SnowOrHail,2Vehicles-Behind,JACQUES DUCLOS [CD44] (R,M,48.94398019129569,2.944619529235272
201800039345,NonLethal,2018-02-22,14:40:00,Daylight,930,5,Yes,NoIntersection,Normal,3+Vehicles-Chain,JACQUES DUCLOS [CD44] (R,M,48.94946568252513,2.9494785682805427
201800039346,NonLethal,2018-02-22,19:00:00,NightStreelightsOn,930,5,Yes,NoIntersection,Normal,2Vehicles-BehindVehicles-Frontal,RAOUL DUFY (AVENUE),M,,
201800039347,NonLethal,2018-07-03,15:55:00,Daylight,930,5,Yes,NoIntersection,SnowOrHail,2Vehicles-Side,"45, DIVISION LECLERC (RU",M,48.927130262059,2.926547567046217
201800039348,NonLethal,2018-03-13,14:15:00,Daylight,930,5,Yes,NoIntersection,Normal,NoCollision,"00, SEVRAN (CD44) (RUE D",M,,
201800039349,NonLethal,2018-03-19,07:20:00,TwilightOrDawn,930,5,Yes,T-type,SnowOrHail,2Vehicles-Side,JACQUES DUCLOS [CD44] (R,M,48.94671524388956,2.946016764575748
201800039351,NonLethal,2018-03-23,10:45:00,Daylight,930,5,Yes,NoIntersection,Normal,Other,MAXIMILIEN ROBESPIERRE (,M,48.95132205914504,2.948308803021626
201800039352,NonLethal,2018-03-26,14:40:00,Daylight,930,5,Yes,X-type,Normal,2Vehicles-BehindVehicles-Frontal,MITRY [CD115] (ROUTE DE),M,48.948972192683776,2.951363243929075
201800039353,NonLethal,2018-03-29,19:53:00,NightStreelightsOn,930,5,Yes,X-type,LightRain,2Vehicles-Side,"2, MARCEL SEMBAT (RUE)",M,48.93384341563404,2.934625199339339
201800039354,NonLethal,2018-03-04,20:15:00,Daylight,930,5,Yes,NoIntersection,Normal,2Vehicles-Side,"78, MITRY [CD115] (RUE D",M,48.94049014590128,2.939834980554204
201800039355,NonLethal,2018-05-04,16:00:00,Daylight,930,5,Yes,X-type,Normal,2Vehicles-Side,JEAN JAURES (AVENUE),M,48.92356808452274,2.920054878077633
201800039356,NonLethal,2018-06-04,10:00:00,Daylight,930,5,Yes,NoIntersection,Normal,2Vehicles-Behind,ANDRE CITROEN (BOULEVARD,M,48.953362232751175,2.954522927184361
201800039357,NonLethal,2018-07-04,16:30:00,Daylight,930,5,Yes,NoIntersection,Normal,Other,"01, EDGAR DEGAS (RUE)",M,48.95744265325463,2.9577583138253143
201800039358,NonLethal,2018-10-04,20:30:00,Daylight,930,5,Yes,X-type,Normal,2Vehicles-Side,MITRY [CD115] (ROUTE DE),M,48.95083518505989,2.9494370768280613
201800039359,NonLethal,2018-04-15,08:05:00,Daylight,930,5,Yes,Roundabout,Normal,2Vehicles-Side,ROBERT SCHUMAN (CARREFOU,M,48.95015145405505,2.9487493001234197
201800039362,NonLethal,2018-04-24,17:15:00,Daylight,930,5,Yes,X-type,Normal,2Vehicles-Side,NONNEVILLE (AVENUE DE),M,,
201800039364,NonLethal,2018-04-25,21:15:00,NightNoStreetLight,930,5,Yes,T-type,Normal,2Vehicles-Side,SUZANNE LENGLEN (AVENUE),M,48.951298060264925,2.9514087154893827
201800039365,NonLethal,2018-04-30,10:30:00,Daylight,930,5,Yes,NoIntersection,Overcast,Other,COMMANDANT BRASSEUR (RUE,M,48.93893567279807,2.9375665382550125
201800039366,NonLethal,2018-01-05,14:45:00,Daylight,930,5,Yes,Other,Normal,Other,JACQUES DUCLOS [CD44] (R,M,48.94772422028484,2.9476851955405707
201800039367,NonLethal,2018-05-01,18:44:00,Daylight,930,5,Yes,T-type,Normal,Other,MARC CHAGALL (BOULEVARD),M,48.95309822073435,2.953335839082245
201800039370,NonLethal,2018-05-09,11:25:00,Daylight,930,5,Yes,NoIntersection,Normal,Other,"3, EUGENE DELACROIX (RUE",M,,
201800039371,NonLethal,2018-05-09,21:45:00,NightStreelightsOn,930,5,Yes,NoIntersection,Normal,Other,CHARLES DE GAULLE [CD115,M,,
201800039372,NonLethal,2018-12-05,09:37:00,Daylight,930,5,Yes,Roundabout,Normal,Other,GEORGES BRAQUE (BOULEVA,M,48.95695418632191,2.955577961985117
201800039373,NonLethal,2018-05-14,16:50:00,Daylight,930,5,Yes,Other,LightRain,2Vehicles-Side,"153, MITRY [CD115] (ROUT",M,48.94970235846709,2.9512498306141106
201800039374,NonLethal,2018-05-17,10:40:00,Daylight,930,5,Yes,NoIntersection,Normal,Other,SEVRAN (CD44) (RUE DE),M,,
201800039375,NonLethal,2018-05-19,20:20:00,Daylight,930,5,Yes,NoIntersection,Normal,Other,DAUPHINE (RUE DU),M,48.94825921184808,2.9500553438193986
201800039376,NonLethal,2018-05-25,15:45:00,Daylight,930,5,Yes,NoIntersection,Normal,Other,TOURVILLE (RUE DE),M,,
201800039377,NonLethal,2018-05-28,11:32:00,Daylight,930,5,Yes,NoIntersection,Normal,2Vehicles-BehindVehicles-Frontal,CHARLES GOUPPY (RUE),M,,
201800039379,NonLethal,2018-06-01,14:00:00,Daylight,930,5,No,NoIntersection,Normal,2Vehicles-Behind,CROIX BLANCHE (PONT DE L,M,48.93262320233503,2.9328674755902595
201800039380,NonLethal,2018-08-06,18:45:00,Daylight,930,5,Yes,NoIntersection,Normal,3+Vehicles-Chain,"91, JACQUES DUCLOS [CD44",M,48.94154023663945,2.944534565248772
201800039381,NonLethal,2018-06-16,15:45:00,Daylight,930,5,Yes,NoIntersection,Normal,Other,"33, QUATORZE JUILLET (AV",M,48.92950166196204,2.9297230849903944
201800039382,NonLethal,2018-06-17,16:18:00,Daylight,930,5,Yes,NoIntersection,Normal,Other,"18, LEON JOUHAUX (RUE)",M,48.9531064133715,2.9544785959054387
201800039383,NonLethal,2018-06-23,08:00:00,Daylight,930,5,Yes,NoIntersection,VeryGood,2Vehicles-Behind,RAOUL DUFY (AVENUE),M,,
201800039384,NonLethal,2018-06-24,13:25:00,Daylight,930,5,Yes,NoIntersection,Normal,Other,"59, CROIX BLANCHE (AVENU",M,,
201800039385,NonLethal,2018-06-24,18:50:00,Daylight,930,5,Yes,X-type,Normal,Other,HENRI MONDOR (RUE),M,48.95183437241763,2.9532081626321243
201800039387,NonLethal,2018-06-28,16:30:00,Daylight,930,5,Yes,NoIntersection,Normal,3+Vehicles-Multiple,GENERAL GALLIENI (BOULEV,M,,
201800039389,NonLethal,2018-06-29,21:20:00,TwilightOrDawn,930,5,Yes,X-type,Normal,3+Vehicles-Multiple,HENRI MATISSE (RUE),M,48.955809464196655,2.956930850601217
201800039390,NonLethal,2018-06-07,16:05:00,Daylight,930,5,Yes,NoIntersection,Normal,2Vehicles-Behind,GEORGES BRAQUE (BOULEVAR,M,48.95591117408812,2.955753634520853
201800039391,NonLethal,2018-08-07,19:55:00,Daylight,930,5,Yes,NoIntersection,Normal,NoCollision,"36, LOUIS BLANC (AVENUE)",M,48.920842437357095,2.9214035877688485
201800039392,NonLethal,2018-07-09,09:45:00,Daylight,930,5,Yes,NoIntersection,Normal,NoCollision,"69, BONDY (ROUTE DE)",M,48.92650244100268,2.92511883808094
201800039394,NonLethal,2018-10-07,12:00:00,Daylight,930,5,Yes,NoIntersection,Normal,2Vehicles-Side,STRASBOURG (BOULEVARD DE,M,,
201800039395,NonLethal,2018-10-07,17:10:00,Daylight,930,7,No,NoIntersection,Normal,NoCollision,AUTOROUTE A3,M,48.94832850992457,2.948831095912924
201800039396,NonLethal,2018-07-11,13:20:00,Daylight,930,5,Yes,NoIntersection,Normal,NoCollision,CLEMENT ADER (RUE),M,48.94852832210791,2.946695070451188
201800039397,NonLethal,2018-07-16,09:20:00,Daylight,930,5,Yes,NoIntersection,Normal,2Vehicles-Side,JACQUES DUCLOS [CD44] (R,M,48.95168254001711,2.949545944900228
201800039398,NonLethal,2018-07-15,19:45:00,Daylight,930,5,Yes,NoIntersection,Normal,Other,ABRAHAM DUQUESNE (RUE),M,48.954967463614494,2.95473448377981
201800039399,NonLethal,2018-07-20,09:30:00,Daylight,930,5,Yes,NoIntersection,LightRain,2Vehicles-Side,NONNEVILLE (AVENUE DE),M,48.928541301493695,2.926039001208029
201800039400,NonLethal,2018-07-20,16:40:00,Daylight,930,5,Yes,X-type,LightRain,2Vehicles-Side,PASCAL LECOINTRE (RUE),M,48.94189552274137,2.9382677563850503
201800039402,NonLethal,2018-07-27,22:10:00,NightStreelightsOn,930,5,Yes,X-type,Normal,2Vehicles-Side,DROITS DE LHOMME (CARREF,M,48.92796189995579,2.9297667841823207
201800039403,NonLethal,2018-07-28,09:00:00,Daylight,930,5,Yes,X-type,Normal,2Vehicles-Side,DIVISION LECLERC (RUE DE,M,,
201800039405,NonLethal,2018-07-28,20:50:00,Daylight,930,5,Yes,MoreThan4Branches,Normal,2Vehicles-Side,MARC CHAGALL (BOULEVARD),M,48.952874625943984,2.952130929263093
201800039406,NonLethal,2018-07-31,16:00:00,Daylight,930,5,Yes,X-type,Normal,2Vehicles-Side,PAUL VAILLANT COUTURIER,M,,
201800039408,NonLethal,2018-08-17,08:40:00,Daylight,930,5,Yes,X-type,Normal,2Vehicles-Side,PAUL CEZANNE (RUE),M,48.95019060300687,2.949514903617164
201800039409,NonLethal,2018-08-19,13:00:00,Daylight,930,5,Yes,NoIntersection,Normal,Other,ROISSY EN FRANCE [CR N9],M,48.95051883927967,2.948177396108144
201800039410,NonLethal,2018-08-20,08:52:00,Daylight,930,5,Yes,Roundabout,Overcast,2Vehicles-Side,DROITS DE LHOMME (CARREF,M,,
201800039411,NonLethal,2018-08-23,19:00:00,Daylight,930,5,Yes,X-type,Normal,2Vehicles-Side,JEAN CHARCOT [CD115] (RU,M,48.93271044818665,2.9319178750659667
201800039412,NonLethal,2018-08-24,03:47:00,NightStreelightsOn,930,5,Yes,NoIntersection,Normal,Other,JULES PRINCET [CD115] (R,M,48.92603197159258,2.927706555923102
201800039413,NonLethal,2018-08-24,06:45:00,TwilightOrDawn,930,5,Yes,X-type,Normal,2Vehicles-Side,MITRY [CD115] (ROUTE DE),M,48.95008968587342,2.951388875982328
201800039415,NonLethal,2018-08-27,11:20:00,Daylight,930,5,Yes,NoIntersection,Normal,2Vehicles-Behind,EUROPE (CARREFOUR DE L'),M,48.95211054406287,2.9516929670698104
201800039416,NonLethal,2018-08-28,18:35:00,Daylight,930,5,Yes,NoIntersection,Normal,3+Vehicles-Chain,PREFET CHALEIL (CD44) (R,M,,
201800039417,NonLethal,2018-08-28,18:05:00,Daylight,930,5,Yes,T-type,Normal,2Vehicles-Side,MAURICE DE BROGLIE (RUE),M,48.946158977079946,2.9461753358995653
201800039422,NonLethal,2018-09-13,08:20:00,Daylight,930,5,Yes,NoIntersection,LightRain,2Vehicles-Behind,JACQUES DUCLOS [CD44] (R,M,,
201800039423,NonLethal,2018-09-14,18:15:00,Daylight,930,5,Yes,NoIntersection,Normal,2Vehicles-Behind,MITRY [CD115] (ROUTE DE),M,,
201800039425,NonLethal,2018-09-25,19:15:00,Daylight,930,5,Yes,Roundabout,VeryGood,2Vehicles-Side,PETITS PONTS (ROUTE DES),M,48.93089918245192,2.9309537302635165
201800039426,NonLethal,2018-09-25,17:50:00,Daylight,930,5,Yes,NoIntersection,Normal,Other,MITRY [CD115] (RUE DE),M,,
201800039427,NonLethal,2018-09-26,10:20:00,Daylight,930,5,Yes,NoIntersection,Normal,Other,GENERAL LECLERC (PLACE D,M,,
201800039428,NonLethal,2018-01-10,21:15:00,NightStreelightsOn,930,71,Yes,NoIntersection,Overcast,2Vehicles-Behind,JOHN F. KENNEDY (AVENUE),M,,
201800039429,NonLethal,2018-04-10,08:00:00,Daylight,930,5,Yes,NoIntersection,Normal,Other,ONZE NOVEMBRE (RUE DU),M,,
201800039431,NonLethal,2018-10-12,04:30:00,NightStreelightsOn,930,5,Yes,NoIntersection,Overcast,Other,GEORGES BRAQUE (BOULEVAR,M,48.96073917245093,2.961627187865432
201800039433,NonLethal,2018-10-15,18:00:00,Daylight,930,5,Yes,Roundabout,Normal,2Vehicles-Side,MAXIMILIEN ROBESPIERRE (,M,,
201800039434,NonLethal,2018-10-30,16:35:00,Daylight,930,5,Yes,Roundabout,Normal,2Vehicles-Side,DROITS DE LHOMME (CARREF,M,,
201800039435,NonLethal,2018-01-11,14:40:00,Daylight,930,5,Yes,NoIntersection,LightRain,Other,EUROPE (CARREFOUR DE L'),M,,
201800039436,NonLethal,2018-11-06,17:00:00,TwilightOrDawn,930,5,Yes,NoIntersection,Normal,Other,GEORGES BRAQUE (BOULEVAR,M,48.95538444210502,2.9554808661963734
201800039437,NonLethal,2018-11-06,18:30:00,NightStreelightsOn,930,5,Yes,T-type,Normal,Other,MAXIMILIEN ROBESPIERRE (,M,48.94470263333788,2.9460589156574737
201800039438,NonLethal,2018-07-11,17:10:00,TwilightOrDawn,930,5,Yes,X-type,Overcast,2Vehicles-Side,CHARLES FLOQUET (BOULEVA,M,,
201800039439,NonLethal,2018-11-12,17:55:00,NightStreelightsOn,930,5,Yes,LevelCrossing,Normal,Other,MITRY [CD115] (ROUTE DE),M,48.94224765550905,2.9392393983755505
201800039440,NonLethal,2018-11-14,10:00:00,Daylight,930,5,Yes,X-type,Normal,2Vehicles-Side,NONNEVILLE (AVENUE DE),M,48.924637062284,2.926106759668835
201800039441,NonLethal,2018-11-16,18:25:00,NightStreelightsOn,930,5,Yes,NoIntersection,LightRain,Other,MARC CHAGALL (BOULEVARD),M,,
201800039442,NonLethal,2018-11-25,19:30:00,NightStreelightsOff,930,5,Yes,NoIntersection,LightRain,3+Vehicles-Chain,MARC CHAGALL (BOULEVARD),M,48.95143879270314,2.952631724349204
201800039443,NonLethal,2018-12-10,19:20:00,NightNoStreetLight,930,5,Yes,X-type,Normal,2Vehicles-Side,LEFEVRE (BOULEVARD),M,,
201800039444,NonLethal,2018-12-15,15:15:00,Daylight,930,5,Yes,X-type,LightRain,2Vehicles-Side,NONNEVILLE (AVENUE DE),M,,
201800039445,NonLethal,2018-12-16,11:00:00,Daylight,930,5,Yes,Other,Normal,2Vehicles-Behind,DROITS DE LHOMME (CARREF,M,48.92960982515673,2.930377152793364
201800039448,NonLethal,2018-12-21,22:30:00,NightStreelightsOn,930,5,Yes,T-type,LightRain,2Vehicles-Behind,GENERAL GALLIENI (BOULEV,M,48.93196424238338,2.9301436454709098
201800039449,NonLethal,2018-12-23,05:30:00,NightStreelightsOn,930,5,Yes,NoIntersection,LightRain,2Vehicles-Side,RAOUL DUFY (AVENUE),M,48.95500144171229,2.9564564618164715
201800039450,NonLethal,2018-12-24,08:00:00,TwilightOrDawn,930,5,Yes,NoIntersection,LightRain,2Vehicles-BehindVehicles-Frontal,PIERRE BROSSOLETTE (PONT,M,48.93255699780878,2.9325109850008366
201800039451,NonLethal,2018-12-27,22:27:00,NightStreelightsOn,930,5,Yes,NoIntersection,Normal,Other,JACQUES DUCLOS [CD44] (R,M,48.94911716804618,2.9493343532704523
201800039452,NonLethal,2018-08-01,14:30:00,Daylight,930,7,Yes,NoIntersection,Normal,2Vehicles-Behind,"02, ALBERT EINSTEIN (AVE",M,,
201800039453,NonLethal,2018-01-11,18:00:00,NightStreelightsOn,930,7,Yes,NoIntersection,LightRain,Other,VICTOIRE (RUE DE LA),M,,
201800039454,NonLethal,2018-01-12,13:45:00,Daylight,930,7,Yes,Roundabout,Normal,Other,DIVISION LECLERC (ROND-P,M,48.9471655202689,2.946150860959948
201800039455,Lethal,2018-01-12,22:50:00,NightStreelightsOn,930,7,Yes,X-type,Overcast,2Vehicles-Side,CHARLES FLOQUET (AVENUE),M,48.94216463376535,2.9417371657488527
201800039457,NonLethal,2018-01-23,11:25:00,Daylight,930,7,Yes,Roundabout,Normal,2Vehicles-Side,"204, CHARLES FLOQUET (AV",M,48.94044991720487,2.942073399426743
201800039458,NonLethal,2018-01-24,06:50:00,NightStreelightsOn,930,7,Yes,T-type,LightRain,3+Vehicles-Chain,"86, ""PAUL VAILLANT COUTU",M,,
201800039459,NonLethal,2018-01-24,12:05:00,Daylight,930,7,Yes,NoIntersection,Normal,3+Vehicles-Chain,"59, PROFESSEUR LANGEVIN",M,48.94619065235698,2.9447577649325
201800039460,NonLethal,2018-01-30,19:50:00,NightStreelightsOn,930,7,Yes,NoIntersection,LightRain,2Vehicles-Side,"125, ""DESCARTES (AVENUE",M,48.95052713274644,2.9508140660732773
201800039461,NonLethal,2018-02-02,20:37:00,NightStreelightsOn,930,7,Yes,NoIntersection,Normal,2Vehicles-Side,"72, 8 MAI 45 (AVENUE DU",M,48.943702870767126,2.9445645959732336
201800039462,NonLethal,2018-02-08,16:05:00,Daylight,930,7,Yes,NoIntersection,Normal,Other,"15, CHARLES FLOQUET (AVE",M,48.94215543668838,2.939311259627948
201800039463,NonLethal,2018-02-10,09:00:00,Daylight,930,7,Yes,X-type,Other,2Vehicles-Side,"60, CASANOVA (AVENUE)",M,48.92315496315594,2.926034493350292
201800039464,NonLethal,2018-02-20,18:00:00,NightStreelightsOn,930,7,Yes,NoIntersection,LightRain,Other,"219, ""DESCARTES (AVENUE",M,48.9507113129946,2.9479748757459148