AccidentId,Gravity,Date,Hour,Light,Department,Commune,InAgglomeration,IntersectionType,Weather,CollisionType,PostalAddress,GPSCode,Latitude,Longitude
201800039465,NonLethal,2018-02-24,12:45:00,Daylight,930,7,Yes,NoIntersection,Normal,2Vehicles-Side,"80, ""PAUL VAILLANT COUTU",M,48.92718077211321,2.9267143348622344
201800039466,NonLethal,2018-02-27,19:01:00,NightStreelightsOn,930,7,Yes,NoIntersection,Normal,2Vehicles-Behind,"23, ALBERT EINSTEIN (AVE",M,48.94159849965448,2.9418967304417087
201800039467,NonLethal,2018-03-01,13:20:00,Daylight,930,7,Yes,T-type,Normal,3+Vehicles-Chain,"24, ""PAUL VAILLANT COUTU",M,48.92931488420266,2.9288098737064385
201800039468,NonLethal,2018-03-02,13:45:00,Daylight,930,7,Yes,NoIntersection,Normal,Other,", NORMANDIE-NIEMEN (AVEN",M,,
201800039470,NonLethal,2018-03-23,17:40:00,Daylight,930,7,Yes,X-type,Normal,2Vehicles-BehindVehicles-Frontal,CHARLES GOUNOD (RUE),M,48.93865547389705,2.939594567165941
201800039471,NonLethal,2018-03-28,07:00:00,NightStreelightsOn,930,7,Yes,NoIntersection,LightRain,2Vehicles-Side,LIBERATION (PLACE DE LA),M,48.94492044880432,2.942875784482272
201800039472,NonLethal,2018-03-30,17:30:00,Daylight,930,7,Yes,NoIntersection,Normal,2Vehicles-Side,"16 bis, ""PAUL VAILLANT C",M,49.92964554722858,2.929518078971085
201800039473,NonLethal,2018-04-05,06:55:00,TwilightOrDawn,930,7,Yes,T-type,Normal,Other,8 MAI 45 (AVENUE DU 1 AU,M,,
201800039474,NonLethal,2018-04-06,23:10:00,NightStreelightsOn,930,7,Yes,Roundabout,Normal,NoCollision,LUCIEN SAMPAIX (RUE),M,48.92924931436453,2.92940018786862
201800039475,NonLethal,2018-07-04,14:12:00,Daylight,930,7,Yes,NoIntersection,Normal,2Vehicles-Side,GASTON MONMOUSSEAU (RUE),M,48.942623036749225,2.941871307710973
201800039477,NonLethal,2018-09-04,17:50:00,Daylight,930,7,Yes,NoIntersection,LightRain,2Vehicles-Side,CHARLES FLOQUET (AVENUE),M,48.94048271454843,2.942319587775762
201800039478,NonLethal,2018-04-13,17:30:00,Daylight,930,7,Yes,NoIntersection,Normal,2Vehicles-Behind,"""PIERRE SEMARD (RUE """"CO",M,48.93550373791623,2.9319997355837457
201800039479,NonLethal,2018-04-14,15:30:00,Daylight,930,7,Yes,T-type,Normal,2Vehicles-Side,"11, ALTRINCHAM (RUE)",M,48.94920561312362,2.948202830528762
201800039480,NonLethal,2018-04-30,17:15:00,Daylight,930,7,Yes,NoIntersection,LightRain,Other,"142, ""PAUL VAILLANT COUT",M,48.926149160028594,2.925205465651348
201800039481,NonLethal,2018-05-01,00:35:00,NightStreelightsOn,930,7,Yes,Roundabout,LightRain,2Vehicles-Side,PABLO NERUDA (ROND-POINT,M,48.95027204285096,2.947926811957746
201800039482,NonLethal,2018-05-05,12:20:00,Daylight,930,7,Yes,X-type,Normal,2Vehicles-Behind,ARISTIDE BRIAND     Z2 (,M,48.9465859561214,2.945941329649366
201800039483,NonLethal,2018-05-05,23:15:00,NightStreelightsOn,930,7,Yes,NoIntersection,Normal,2Vehicles-Behind,61 BIS ARISTIDE BRIAND,M,48.944112063683626,2.943687106924657
201800039484,NonLethal,2018-05-07,11:30:00,Daylight,930,7,Yes,NoIntersection,Normal,Other,MARCEL ALIZARD (AVENUE),M,48.9455416541776,2.9454565336658804
201800039485,NonLethal,2018-05-09,16:45:00,Daylight,930,7,Yes,NoIntersection,Normal,2Vehicles-Behind,DIVISION LECLERC (AVENUE,M,48.94557937783814,2.9453839915066227
201800039487,NonLethal,2018-05-15,08:20:00,Daylight,930,7,Yes,NoIntersection,Normal,Other,"4, DOCTEUR CALMETTE (RUE",M,48.94046285354297,2.9421171074753656
201800039488,NonLethal,2018-05-21,15:30:00,Daylight,930,7,Yes,NoIntersection,Normal,3+Vehicles-Chain,ALBERT EINSTEIN (RUE),M,48.9440483089092,2.94504689274647
201800039490,NonLethal,2018-05-22,16:55:00,Daylight,930,7,Yes,NoIntersection,LightRain,2Vehicles-Side,"21, ""HENRI BARBUSSE (AVE",M,48.94111305309114,2.940882392852331
201800039491,Lethal,2018-05-30,17:45:00,Daylight,930,7,Yes,NoIntersection,Normal,3+Vehicles-Multiple,CHARLES FLOQUET (AVENUE),M,48.9412383174304,2.940177256851319
201800039492,NonLethal,2018-02-06,10:15:00,Daylight,930,7,Yes,NoIntersection,Normal,Other,"18048.9500, ""DESCARTES (",M,48.95099742161386,2.950042933779461
201800039493,NonLethal,2018-07-06,15:54:00,Daylight,930,7,Yes,NoIntersection,Normal,2Vehicles-Side,"""DESCARTES (AVENUE """"DU",M,48.95034987930924,2.9501462543390216
201800039494,NonLethal,2018-08-06,20:45:00,Daylight,930,7,Yes,NoIntersection,Normal,NoCollision,"224, 8 MAI 45 (AVENUE DU",M,48.95336858516575,2.9541577994594816
201800039495,NonLethal,2018-06-11,08:40:00,Daylight,930,7,Yes,Other,LightRain,NoCollision,"10, PARC (RUE DU)",M,48.93885687029256,2.9370127006951727
201800039496,NonLethal,2018-06-15,15:52:00,Daylight,930,7,Yes,NoIntersection,Normal,2Vehicles-Behind,"""PAUL VAILLANT COUTURIER",M,48.923422834484434,2.926027489833442
201800039498,NonLethal,2018-06-24,07:35:00,Daylight,930,7,Yes,NoIntersection,Normal,2Vehicles-Behind,"84, 8 MAI 45 (AVENUE DU",M,48.94575324320972,2.945632166649811
201800039499,NonLethal,2018-06-27,09:43:00,Daylight,930,7,Yes,NoIntersection,Normal,2Vehicles-Side,"192, CHARLES FLOQUET (AV",M,48.940810377750736,2.9403814248153863
201800039500,NonLethal,2018-06-29,14:40:00,Daylight,930,7,Yes,NoIntersection,Normal,2Vehicles-Behind,CHARLES FLOQUET (AVENUE),M,48.940036641578736,2.938913687336482
201800039501,NonLethal,2018-07-19,10:10:00,Daylight,930,7,Yes,X-type,Normal,2Vehicles-Side,ARISTIDE BRIAND (AVENUE,M,48.94613014150024,2.946348939861645
201800039502,NonLethal,2018-07-19,21:36:00,Daylight,930,7,Yes,Square,Normal,Other,"""PAUL VAILLANT COUTURIER",M,48.93000866403079,2.929671235675055
201800039503,NonLethal,2018-07-24,20:30:00,Daylight,930,7,Yes,Other,Normal,2Vehicles-Side,CHARLES FLOQUET (AVENUE),M,48.94056888742956,2.9410177928510013
201800039505,NonLethal,2018-08-14,16:45:00,Daylight,930,7,Yes,NoIntersection,Normal,Other,"""PIERRE SEMARD (RUE """"CO",M,48.933588013470334,2.933271742098602
201800039507,NonLethal,2018-08-15,17:00:00,Daylight,930,7,Yes,NoIntersection,Normal,Other,"""PAUL VAILLANT COUTURIER",M,48.92536085346007,2.926872338071333
201800039508,NonLethal,2018-08-16,19:00:00,Daylight,930,7,Yes,T-type,Normal,2Vehicles-Side,MASCOTTES (RUE DES),M,48.9192883290796,2.920029270265891
201800039509,NonLethal,2018-08-21,14:50:00,Daylight,930,7,Yes,T-type,Normal,Other,JACQUES DECOUR (SQUARE),M,48.55172347257777,2.5546212864607467
201800039510,NonLethal,2018-07-09,12:30:00,Daylight,930,7,Yes,NoIntersection,Normal,2Vehicles-Side,DIVISION LECLERC (AVENUE,M,,
201800039511,NonLethal,2018-07-09,16:45:00,Daylight,930,7,Yes,NoIntersection,Normal,Other,CONCORDE (RUE DE LA),M,48.93645947216773,2.936834246190412
201800039512,NonLethal,2018-07-09,20:00:00,NightStreelightsOn,930,7,Yes,NoIntersection,Normal,Other,CHARLES FLOQUET (AVENUE),M,48.94100559344345,2.939137244333081
201800039513,NonLethal,2018-09-08,20:45:00,NightStreelightsOn,930,7,Yes,NoIntersection,Normal,Other,GAMBETTA (AVENUE),M,48.9362588037923,2.935521332988404
201800039514,NonLethal,2018-09-13,08:40:00,TwilightOrDawn,930,7,Yes,NoIntersection,LightRain,Other,EUGENE VARLIN (RUE),M,48.929633550927846,2.929583587126076
201800039515,NonLethal,2018-09-15,16:50:00,Daylight,930,7,Yes,NoIntersection,Normal,Other,ARISTIDE BRIAND (AVENUE,M,,
201800039516,NonLethal,2018-09-15,21:25:00,NightStreelightsOn,930,7,Yes,NoIntersection,Normal,2Vehicles-Behind,DESCARTES (AVENUE),M,,
201800039517,NonLethal,2018-09-16,15:10:00,Daylight,930,7,Yes,Other,Normal,Other,DIVISION LECLERC (AVENUE,M,,
201800039518,NonLethal,2018-09-18,09:40:00,Daylight,930,7,Yes,NoIntersection,Normal,Other,8 MAI 45 (AVENUE DU 1 AU,M,48.94032859213727,2.941951243275244
201800039519,NonLethal,2018-09-21,08:50:00,Daylight,930,7,Yes,T-type,LightRain,2Vehicles-Side,PAUL VAILLANT COUTURIER,M,48.93294721661085,2.9334956173244064
201800039520,Lethal,2018-09-28,05:45:00,NightStreelightsOn,930,7,Yes,Roundabout,Normal,2Vehicles-Side,PABLO NERUDA (ROND-POINT,M,48.95189389873689,2.9516420790476423
201800039523,NonLethal,2018-04-10,16:39:00,Daylight,930,7,Yes,NoIntersection,Normal,Other,PIERRE LESCOT (RUE),M,48.94621816638024,2.946677013229626
201800039524,NonLethal,2018-10-08,13:30:00,Daylight,930,7,Yes,NoIntersection,Normal,3+Vehicles-Multiple,ALBERT EINSTEIN (AVENUE),M,48.94819054931556,2.946228794405148
201800039525,NonLethal,2018-10-08,18:02:00,Daylight,930,7,Yes,T-type,Normal,Other,"""PAUL VAILLANT COUTURIER",M,48.82691041223929,2.8265301420637496
201800039526,NonLethal,2018-10-14,16:25:00,Daylight,930,7,Yes,NoIntersection,Normal,Other,JUST HERAS (RUE),M,48.95185002412552,2.9513376651954952
201800039529,NonLethal,2018-10-18,19:35:00,NightStreelightsOn,930,7,Yes,T-type,Normal,2Vehicles-Side,GAMBETTA (AVENUE),M,48.93554566612862,2.936173429700716
201800039531,NonLethal,2018-05-11,18:15:00,NightStreelightsOn,930,7,Yes,NoIntersection,Normal,2Vehicles-Side,DIVISION LECLERC (AVENUE,M,48.94457297000245,2.945914072289346
201800039532,NonLethal,2018-09-11,14:30:00,Daylight,930,7,Yes,T-type,Normal,2Vehicles-BehindVehicles-Frontal,ARISTIDE BRIAND (AVENUE,M,48.943518812847714,2.9428379777515654
201800039533,NonLethal,2018-11-14,02:35:00,NightStreelightsOn,930,7,Yes,Other,Normal,Other,CHARLES FLOQUET (AVENUE),M,48.93951990080252,2.940094387048355
201800039534,NonLethal,2018-11-20,05:40:00,NightStreelightsOn,930,7,Yes,Other,Overcast,2Vehicles-Side,NORMANDIE-NIEMEN (AVENUE,M,48.94622289377573,2.9448030152229503
201800039536,NonLethal,2018-12-11,09:00:00,Daylight,930,7,Yes,NoIntersection,Overcast,2Vehicles-Side,ARISTIDE BRIAND (AVENUE,M,48.94714770308072,2.946791553191728
201800039537,NonLethal,2018-11-12,16:04:00,Daylight,930,7,Yes,X-type,Normal,Other,GENERAL GIRAUD (RUE),M,48.94064178589949,2.938635785141651
201800039538,NonLethal,2018-12-14,20:00:00,NightStreelightsOn,930,7,Yes,NoIntersection,Normal,2Vehicles-Behind,"""8 MAI 45 (AVENUE """"N° 2",M,48.948101767701736,2.9514178306730274
201800039539,NonLethal,2018-12-18,12:55:00,Daylight,930,7,Yes,NoIntersection,Normal,Other,PIERRE SEMARD (ZAC),M,48.9327756255835,2.9336403500370234
201800039540,NonLethal,2018-12-18,14:00:00,Daylight,930,7,Yes,X-type,Normal,2Vehicles-Side,CHARLES GOUNOD (RUE),M,48.93871443538013,2.9378907919516317
201800039541,NonLethal,2018-12-26,17:50:00,NightStreelightsOn,930,7,Yes,NoIntersection,Normal,Other,GEORGES GUYNEMER (AVENUE,M,48.94611208962525,2.945480686179164
201800039543,NonLethal,2018-01-05,19:15:00,NightStreelightsOn,930,8,Yes,NoIntersection,Normal,2Vehicles-Behind,VAILLANT COUTURIER (AVEN,M,,
201800039545,NonLethal,2018-01-19,15:15:00,Daylight,930,8,Yes,NoIntersection,Normal,2Vehicles-Behind,STALINGRAD (RUE DE) Al0,M,,
201800039546,NonLethal,2018-01-22,08:50:00,TwilightOrDawn,930,8,Yes,NoIntersection,HeavyRain,Other,"17, LENINE (BOULEVARD)",M,48.904906689311325,4.9060993359158855
201800039550,NonLethal,2018-02-21,10:30:00,Daylight,930,8,Yes,NoIntersection,Normal,Other,HUIT MAI 1945 (RUE DU),M,48.90944314937589,2.907451322506207
201800039551,NonLethal,2018-03-16,08:55:00,Daylight,930,8,Yes,Roundabout,Normal,2Vehicles-Side,GAGARINE (AVENUE YOURI),M,,
201800039552,NonLethal,2018-03-24,09:10:00,Daylight,930,8,Yes,T-type,Normal,Other,"213, JAURES (AVENUE JEAN",M,48.90845677898805,2.9098696968856923
201800039553,NonLethal,2018-03-24,20:10:00,NightStreelightsOn,930,8,Yes,NoIntersection,Normal,Other,"263, STALINGRAD (RUE DE)",M,,
201800039554,NonLethal,2018-03-30,15:00:00,Daylight,930,8,Yes,T-type,LightRain,2Vehicles-Side,VAILLANT COUTURIER (AVE,M,48.91127825859027,2.910270992435876
201800039555,NonLethal,2018-04-04,09:35:00,Daylight,930,8,Yes,NoIntersection,Overcast,Other,ROSTAND (PROMENADE JEAN),M,,
201800039556,NonLethal,2018-04-04,23:00:00,NightStreelightsOn,930,29,No,NoIntersection,LightRain,2Vehicles-Side,DIDEROT,M,48.90130795476319,2.8985333950424934
201800039557,NonLethal,2018-04-09,17:55:00,Daylight,930,8,Yes,NoIntersection,LightRain,Other,"359, VAILLANT COUTURIER",M,48.90520132237564,2.907102031419168
201800039559,NonLethal,2018-04-18,23:00:00,NightStreelightsOff,930,8,Yes,NoIntersection,Normal,NoCollision,"356, VAILLANT COUTURIER",M,48.9007140611777,2.900045898608859
201800039560,NonLethal,2018-05-17,10:55:00,Daylight,930,8,Yes,NoIntersection,Normal,Other,", ESTIENNE D'ORVES (RUE",M,48.907763847914765,2.90632460250229
201800039561,NonLethal,2018-05-23,13:05:00,Daylight,930,8,Yes,X-type,Normal,2Vehicles-Side,JAURES (AVENUE JEAN),M,,
201800039562,NonLethal,2018-05-26,20:50:00,Daylight,930,8,Yes,X-type,Normal,Other,"2, VIENNE (RUE DE)",M,,
201800039563,NonLethal,2018-06-05,16:30:00,Daylight,930,8,Yes,NoIntersection,Normal,3+Vehicles-Multiple,"412, VAILLANT COUTURIER",M,48.90055055330321,2.898547029635895
201800039564,NonLethal,2018-06-10,22:00:00,Daylight,930,8,No,NoIntersection,Normal,2Vehicles-Side,FOLIE (CARREFOUR DE LA),M,,
201800039565,NonLethal,2018-06-12,15:45:00,Daylight,930,8,Yes,NoIntersection,Overcast,Other,"251, STALINGRAD (RUE DE)",M,,
201800039568,NonLethal,2018-10-07,16:17:00,Daylight,930,8,Yes,T-type,Normal,2Vehicles-Side,DIX NEUF MARS 1962 (RUE,M,48.90877036522985,2.9078039415773387
201800039569,NonLethal,2018-07-17,20:30:00,TwilightOrDawn,930,8,Yes,NoIntersection,Normal,NoCollision,LENINE (BOULEVARD),M,,
201800039570,NonLethal,2018-07-20,15:05:00,Daylight,930,8,Yes,NoIntersection,Normal,Other,VAILLANT COUTURIER (AVEN,M,48.90900209734622,2.908469125822554
201800039571,NonLethal,2018-07-22,16:45:00,Daylight,930,8,Yes,NoIntersection,Normal,NoCollision,VAILLANT COUTURIER (AVEN,M,48.89838060346492,2.9000734371991785
201800039572,NonLethal,2018-07-23,01:00:00,NightStreelightsOn,930,8,Yes,NoIntersection,Normal,2Vehicles-Side,STALINGRAD (RUE DE) A10,M,48.002350171426656,1.9985488262131368
201800039573,NonLethal,2018-08-02,11:07:00,Daylight,930,8,Yes,NoIntersection,Normal,3+Vehicles-Chain,VAILLANT COUTURIER (AVEN,M,48.91006457865564,2.908944478289469
201800039574,NonLethal,2018-08-02,05:00:00,TwilightOrDawn,930,8,Yes,Other,Normal,2Vehicles-Side,PARIS (RUE DE),M,48.9005093811347,2.898699059230524
201800039575,NonLethal,2018-08-07,19:15:00,Daylight,930,8,Yes,NoIntersection,Normal,2Vehicles-Side,BARBUSSE (AVENUE HENRI),M,48.91173882221935,2.912056503781178
201800039576,NonLethal,2018-08-21,20:40:00,TwilightOrDawn,930,8,Yes,NoIntersection,Normal,2Vehicles-Behind,ESTIENNE D'ORVES (RUE D',M,,
201800039577,NonLethal,2018-09-02,12:30:00,Daylight,930,8,Yes,NoIntersection,Normal,Other,VIGNES (CHEMIN DES),M,48.8986255382997,2.8995974565591816
201800039578,NonLethal,2018-09-08,12:02:00,Daylight,930,8,Yes,Y-type,VeryGood,Other,GROSLAY (CHEMIN DE) D20,M,48.91219174413535,2.909125792550324
201800039579,NonLethal,2018-09-16,23:45:00,NightStreelightsOn,930,8,Yes,X-type,Normal,Other,RENARD (RUE EDOUARD),M,48.91067269245863,2.9104910899993595
201800039580,NonLethal,2018-09-18,20:10:00,NightStreelightsOn,930,8,Yes,Roundabout,Normal,2Vehicles-Side,VAILLANT COUTURIER (AVEN,M,,
201800039581,NonLethal,2018-09-20,18:30:00,Daylight,930,8,Yes,NoIntersection,Normal,2Vehicles-Behind,VAILLANT COUTURIER (AVEN,M,,
201800039583,NonLethal,2018-09-21,09:30:00,Daylight,930,8,Yes,Roundabout,Overcast,2Vehicles-Side,PARIS (RUE DE),M,48.90196823126764,2.9012588621764763
201800039585,NonLethal,2018-09-28,07:50:00,Daylight,930,8,Yes,X-type,Normal,2Vehicles-Side,VAILLANT (AVENUE EDOUARD,M,48.91054265072881,2.912183971889741
201800039586,NonLethal,2018-09-28,23:00:00,NightStreelightsOn,930,8,Yes,Y-type,Normal,2Vehicles-Side,VAILLANT COUTURIER (AVEN,M,49.999916804869216,0.9973738630929918
201800039587,NonLethal,2018-10-05,12:00:00,Daylight,930,8,Yes,T-type,Normal,2Vehicles-Side,BARBUSSE (AVENUE HENRI),M,48.9061095551924,2.9063095940584613
201800039588,Lethal,2018-06-25,01:11:00,NightNoStreetLight,930,8,Yes,T-type,Normal,3+Vehicles-Multiple,ALLENDE (AVE DU P. SALVA,M,48.904866822993256,2.904963719303585
201800039589,NonLethal,2018-12-10,10:50:00,Daylight,930,8,Yes,NoIntersection,Normal,2Vehicles-Behind,PARIS (RUE DE),M,48.90044915457384,2.900514413358447
201800039590,NonLethal,2018-10-26,10:15:00,Daylight,930,8,Yes,NoIntersection,Normal,2Vehicles-Behind,ALLENDE (AVE DU P. SALVA,M,,
201800039591,NonLethal,2018-11-10,08:15:00,Daylight,930,8,Yes,Roundabout,LightRain,Other,PLACE ESCADRILLE N. NIEM,M,48.909440418486014,2.9110900495844927
201800039594,NonLethal,2018-11-20,23:45:00,NightStreelightsOn,930,8,Yes,Other,LightRain,2Vehicles-Side,STALINGRAD (RUE DE) A10,M,48.90982820978165,2.91136839252368
201800039595,NonLethal,2018-11-28,08:20:00,TwilightOrDawn,930,8,Yes,NoIntersection,LightRain,Other,VAILLANT (AVENUE EDOUARD,M,48.90981769649889,2.9063179627513045
201800039598,NonLethal,2018-04-12,07:35:00,TwilightOrDawn,930,8,Yes,NoIntersection,HeavyRain,Other,DIVISION LECLERC (AVENUE,M,48.906932725273805,2.907867402035233
201800039600,NonLethal,2018-12-15,12:30:00,Daylight,930,8,Yes,NoIntersection,Normal,Other,ESTIENNE D'ORVES (RUE D',M,48.90081468366169,2.898870784428936
201800039601,NonLethal,2018-12-21,01:50:00,NightStreelightsOn,930,8,Yes,T-type,LightRain,2Vehicles-BehindVehicles-Frontal,STALINGRAD (RUE DE) A10,M,48.91594187392802,2.9160469215440803
201800039602,NonLethal,2018-12-30,21:50:00,NightStreelightsOn,930,8,Yes,T-type,LightRain,2Vehicles-BehindVehicles-Frontal,FAUVETTES (RUE DES),M,48.91046380095119,2.909700217050071
201800039603,NonLethal,2018-07-01,18:10:00,NightStreelightsOn,930,57,Yes,NoIntersection,Normal,Other,"4, QUATORZE JUILLET (AV.",M,48.91455408661737,2.915097735536172
201800039604,NonLethal,2018-12-01,18:10:00,NightStreelightsOn,930,57,Yes,NoIntersection,Normal,Other,"138, BRIAND ( AV. ARISTI",M,,
201800039606,NonLethal,2018-01-17,16:10:00,Daylight,930,10,Yes,NoIntersection,Normal,2Vehicles-Side,DOLET (RUE ETIENNE),M,48.88953574065484,2.892274104353909
201800039608,NonLethal,2018-01-21,18:15:00,NightStreelightsOn,930,10,Yes,NoIntersection,LightRain,2Vehicles-Side,"26, POLISSARD (RUE AUGUS",M,48.90334122389467,2.9036872148281145
201800039609,NonLethal,2018-01-23,19:00:00,NightStreelightsOn,930,57,Yes,NoIntersection,LightRain,2Vehicles-Side,"122, JAURES (AV. JEAN) 1",M,,
201800039610,NonLethal,2018-01-23,17:45:00,NightStreelightsOn,930,10,Yes,X-type,LightRain,Other,"106, REPUBLIQUE (AV. DE",M,48.8967141839877,2.8959129671096404
201800039611,NonLethal,2018-01-26,08:35:00,TwilightOrDawn,930,57,Yes,X-type,Normal,Other,ROBESPIERRE (AL.),M,48.902843086793546,2.90296126767672
201800039613,NonLethal,2018-01-27,22:29:00,NightStreelightsOn,930,10,Yes,NoIntersection,Normal,2Vehicles-Side,"64, BLANQUI (AL. LOUIS-A",M,48.89997509268984,2.899581900873484
201800039614,NonLethal,2018-01-30,13:50:00,Daylight,930,10,Yes,NoIntersection,LightRain,2Vehicles-Side,"111, GALLIENI (AV.) DE 1",M,48.90580057176457,2.9067264693008914
201800039615,NonLethal,2018-06-02,11:20:00,Daylight,930,10,Yes,NoIntersection,SnowOrHail,Other,"155, CARNOT (AV.) DE 130",M,48.89348511311343,2.8958724499519404
201800039616,NonLethal,2018-02-21,11:30:00,Daylight,930,57,Yes,T-type,Normal,2Vehicles-BehindVehicles-Frontal,CASANOVA (AL. DANIELLE),M,48.90803697652122,2.9054433513953133
201800039617,NonLethal,2018-02-22,16:15:00,Daylight,930,10,Yes,T-type,Normal,Other,BREUIL (RUE DU) DE 1 A 4,M,48.90507818820648,2.9059567653575926
201800039619,NonLethal,2018-11-03,19:10:00,TwilightOrDawn,930,57,Yes,NoIntersection,Normal,Other,HUGO (AV. VICTOR),M,48.91133666516088,2.9101155955759115
201800039620,NonLethal,2018-05-04,08:45:00,Daylight,930,57,Yes,NoIntersection,Normal,Other,"73, BRIAND ( AV. ARISTID",M,48.90959121377228,2.9086364734855485
201800039624,NonLethal,2018-04-11,09:50:00,Daylight,930,57,Yes,NoIntersection,VeryGood,Other,"1, LAFARGUE (AL. PAUL)",M,48.91228483853682,2.911136006759699
201800039625,NonLethal,2018-04-13,02:55:00,NightStreelightsOn,930,53,Yes,NoIntersection,Normal,2Vehicles-Side,PARIS (RUE DE),M,48.901887053650206,2.902436911905529
201800039626,NonLethal,2018-04-22,18:10:00,Daylight,930,57,Yes,NoIntersection,Normal,2Vehicles-Behind,BRIAND ( AV. ARISTIDE) 3,M,,
201800039627,NonLethal,2018-04-25,20:50:00,TwilightOrDawn,930,10,Yes,NoIntersection,Normal,2Vehicles-Side,BENHAMOU (R. MAURICE),M,48.91348477287782,2.9118424365411446
201800039628,NonLethal,2018-03-05,16:40:00,Daylight,930,10,Yes,NoIntersection,Normal,2Vehicles-Behind,JOUHAUX (AV. LEON),M,48.91625201389212,2.9190558225042844
201800039631,NonLethal,2018-05-05,15:30:00,Daylight,930,55,Yes,NoIntersection,Normal,2Vehicles-Side,", DIVISION LECLERC (AVE",M,48.91623810793728,2.9146634151856423
201800039632,NonLethal,2018-10-05,11:37:00,Daylight,930,10,Yes,NoIntersection,Normal,Other,VERGER (RUE DU),M,48.919100649839066,2.918865536822436
201800039633,NonLethal,2018-05-11,08:20:00,Daylight,930,57,Yes,T-type,Normal,2Vehicles-Side,", HUGO (AV. VICTOR)",M,48.90960389418858,2.908821110758365
201800039634,NonLethal,2018-05-14,21:30:00,NightStreelightsOn,930,10,Yes,T-type,LightRain,2Vehicles-Side,"105, GALLIENI (AV.) DE 1",M,,
201800039635,NonLethal,2018-05-18,17:50:00,Daylight,930,10,Yes,NoIntersection,Normal,Other,"113, GALLIENI (AV.) DE 1",M,48.90775998461628,2.9056232896965164
201800039636,NonLethal,2018-05-28,14:15:00,Daylight,930,10,Yes,T-type,Normal,2Vehicles-Side,AULNAY (ROUTE) DE 1 A 45,M,48.909615477462125,2.90846399175835
201800039638,NonLethal,2018-06-08,15:53:00,Daylight,930,10,Yes,NoIntersection,Normal,Other,"12, VERDUN (AV. DE) 12 A",M,,
201800039640,NonLethal,2018-06-20,12:15:00,Daylight,930,10,Yes,NoIntersection,Normal,2Vehicles-Behind,"87, GUESDES (RUE JULES)",M,48.900349065375295,2.899060842336974
201800039643,NonLethal,2018-07-23,06:45:00,Daylight,930,10,Yes,X-type,Normal,2Vehicles-Side,GALLIENI (AV.) DE 1 A 10,M,48.90824229257056,2.9067946250816834
201800039644,NonLethal,2018-03-08,14:00:00,Daylight,930,57,Yes,MoreThan4Branches,Normal,Other,BRIAND ( AV.  ARISTIDE),M,48.91014287488411,2.9121635087666293
201800039645,NonLethal,2018-08-04,10:21:00,Daylight,930,57,Yes,Other,Normal,3+Vehicles-Chain,BRIAND ( AV. ARISTIDE) 3,M,,
201800039647,NonLethal,2018-08-06,16:30:00,Daylight,930,10,No,Y-type,Normal,2Vehicles-Side,GALLIENI (AV.) DE 1 A 10,M,,
201800039648,NonLethal,2018-08-07,22:30:00,NightStreelightsOn,930,10,Yes,T-type,Normal,2Vehicles-Side,SAINT-LOUIS PROLONGE (RU,M,48.890336946417335,2.8907631955941557
201800039649,NonLethal,2018-09-08,21:20:00,NightStreelightsOn,930,10,Yes,NoIntersection,Normal,NoCollision,SAKHAROV (RUE ANDREI),M,48.91941832175743,2.9146033308025627
201800039650,NonLethal,2018-08-10,08:00:00,Daylight,930,57,Yes,NoIntersection,Normal,Other,BRIAND ( AV. ARISTIDE) 3,M,,
201800039651,NonLethal,2018-08-15,15:55:00,Daylight,930,10,Yes,NoIntersection,Normal,2Vehicles-Side,GALLIENI (AV.) DE 1 A 10,M,48.89733518498823,2.8972946353461086
201800039652,NonLethal,2018-08-15,23:40:00,NightStreelightsOn,930,57,Yes,X-type,Normal,Other,BRIAND ( AV.  ARISTIDE),M,,
201800039653,NonLethal,2018-08-27,19:35:00,Daylight,930,10,Yes,NoIntersection,Normal,Other,POTAGER (RUE DU),M,48.90196450827166,2.9036761591835734
201800039656,NonLethal,2018-09-13,10:40:00,Daylight,930,10,Yes,Y-type,LightRain,Other,PASTEUR (AV),M,48.90716912986576,2.9055353808273097
201800039658,NonLethal,2018-09-16,15:00:00,Daylight,930,57,Yes,X-type,Normal,2Vehicles-Side,FABIEN (AL. DU COLONEL),M,48.911403500879736,2.911068703326927
201800039659,Lethal,2018-09-17,07:30:00,Daylight,930,10,Yes,T-type,Normal,2Vehicles-Side,ROSNY (AV. DE),M,48.900761289305095,2.9015627779018707
201800039660,NonLethal,2018-09-19,21:45:00,NightStreelightsOn,930,10,Yes,T-type,Normal,2Vehicles-Side,VAILLANT (RUE EDOUARD) 2,M,48.89699786640166,2.896950281819064
201800039661,NonLethal,2018-09-20,12:49:00,Daylight,930,10,Yes,NoIntersection,Normal,2Vehicles-Behind,CARNOT (AV.) DE 56 A 129,M,48.89712382680231,2.898846054860731
201800039662,NonLethal,2018-09-24,18:20:00,Daylight,930,10,Yes,T-type,Normal,Other,PASTEUR (AV.),M,48.90503322501126,2.903856834008012
201800039663,NonLethal,2018-10-01,16:05:00,Daylight,930,10,Yes,T-type,Normal,2Vehicles-BehindVehicles-Frontal,GUESDES (RUE JULES),M,48.90147668485488,2.900599543184273
201800039664,NonLethal,2018-05-10,07:10:00,NightStreelightsOn,930,10,Yes,X-type,Normal,Other,GALLIENI (AV.) DE 1 A 10,M,48.9062409783704,2.9062013703031613
201800039665,NonLethal,2018-10-10,16:55:00,Daylight,930,10,Yes,Other,Normal,Other,SALENGRO (RUE ROGER) 96,M,,
201800039666,NonLethal,2018-10-13,09:30:00,Daylight,930,57,Yes,NoIntersection,Normal,Other,BRIAND (AV. ARISTIDE) 2,M,48.90915138476057,2.9090784018875318
201800039667,NonLethal,2018-10-17,09:50:00,Daylight,930,57,Yes,NoIntersection,VeryGood,Other,JAURES (AV. JEAN) 76 A 1,M,48.90689695005045,2.9047992840166703
201800039668,NonLethal,2018-10-19,17:45:00,Daylight,930,10,Yes,NoIntersection,Normal,2Vehicles-Side,GUEUGNON (AV.),M,48.91095970298743,2.9098769985050024
201800039669,NonLethal,2018-10-20,18:15:00,Daylight,930,10,Yes,NoIntersection,Normal,Other,BARBUSSE (AV. HENRI) DE,M,48.89906386713863,2.900466125322495
201800039670,NonLethal,2018-03-11,19:25:00,NightStreelightsOn,930,57,Yes,NoIntersection,Normal,2Vehicles-Side,BRIAND ( AV. ARISTIDE) l,M,48.9103834677587,2.909947740410301