AccidentId,Gravity,Date,Hour,Light,Department,Commune,InAgglomeration,IntersectionType,Weather,CollisionType,PostalAddress,GPSCode,Latitude,Longitude
201800039671,NonLethal,2018-10-11,05:25:00,NightStreelightsOn,930,57,Yes,Other,LightRain,2Vehicles-Side,BRIAND ( AV. ARISTIDE) 3,M,48.90873901823138,2.9099664497874342
201800039672,NonLethal,2018-11-18,16:50:00,Daylight,930,10,Yes,Other,Normal,2Vehicles-BehindVehicles-Frontal,PONT (CHEM. DU),M,48.908264689050895,2.907853899306697
201800039673,NonLethal,2018-11-20,09:45:00,Daylight,930,57,No,NoIntersection,LightRain,2Vehicles-Side,BRIAND (AV. ARISTIDE) 2,M,48.90922317833129,2.9085410903788818
201800039674,NonLethal,2018-11-21,05:00:00,NightStreelightsOn,930,10,Yes,Other,Normal,2Vehicles-Side,GALLIENI (AV.) CONFORAMA,M,48.90458979426122,2.9046952476901464
201800039675,NonLethal,2018-11-21,09:30:00,Daylight,930,10,Yes,NoIntersection,Normal,Other,VAILLANT (RUE EDOUARD) 2,M,48.89693787142247,2.8959451032639607
201800039676,NonLethal,2018-11-23,06:10:00,NightNoStreetLight,930,10,Yes,NoIntersection,Normal,Other,STAINS (RTE DE),M,48.90545600631061,2.9046498599514963
201800039677,NonLethal,2018-11-30,17:35:00,NightStreelightsOn,930,10,Yes,NoIntersection,Normal,Other,BLUM (AV. LEON),M,,
201800039678,NonLethal,2018-12-01,14:39:00,Daylight,930,57,Yes,T-type,LightRain,Other,BROSSOLETTE (AL. PIERRE),M,48.90506043878564,2.904150710650641
201800039680,NonLethal,2018-12-08,06:20:00,NightNoStreetLight,930,10,Yes,LevelCrossing,LightRain,Other,GALLIENI (AV.) DE 1 A 1O,M,48.9065981700701,2.904524766720893
201800039681,NonLethal,2018-08-12,08:10:00,TwilightOrDawn,930,10,Yes,Other,Normal,Other,GALLIENI (AV.) DE 1 A 10,M,48.90735626132174,2.9068644456323898
201800039682,NonLethal,2018-12-12,12:30:00,Daylight,930,10,Yes,NoIntersection,Normal,Other,ONZE-NOVEMBRE-1918 (PL.,M,48.902644271579554,2.9030813130771653
201800039683,NonLethal,2018-12-17,10:50:00,Daylight,930,10,Yes,T-type,Normal,2Vehicles-Side,VAILLANT (RUE EDOUARD) 9,M,48.89785143200288,2.897389516127296
201800039684,NonLethal,2018-12-18,04:00:00,NightStreelightsOn,930,10,Yes,NoIntersection,Normal,Other,PASTEUR (AV.),M,48.9057884940738,2.9032116391197507
201800039686,NonLethal,2018-12-18,14:35:00,Daylight,930,57,Yes,NoIntersection,Normal,2Vehicles-Side,BRIAND ( AV.  ARISTIDE),M,48.910052876682485,2.909937491671308
201800039687,NonLethal,2018-12-20,15:00:00,Daylight,930,57,Yes,Square,Normal,2Vehicles-Side,JAURES (AV. JEAN) 118 A,M,,
201800039688,NonLethal,2018-12-27,09:10:00,Daylight,930,10,Yes,Other,Normal,2Vehicles-Side,GALLIENI (AV.) DE 132 A,M,48.908684443340704,2.9072188488757766
201800039689,NonLethal,2018-12-28,18:20:00,TwilightOrDawn,930,10,Yes,Other,Normal,Other,POLISSARD (RUE AUGUSTE),M,48.90458350471962,2.905686033355662
201800039690,NonLethal,2018-04-01,19:50:00,NightStreelightsOn,930,47,Yes,X-type,StrongWindOrStorm,2Vehicles-BehindVehicles-Frontal,"133, MUGUETS  (AVENUE DE",M,,
201800039691,NonLethal,2018-09-01,18:10:00,NightStreelightsOn,930,47,Yes,NoIntersection,LightRain,Other,"48, DANIEL PERDRIGE  (AV",M,48.898763069336034,2.898953054257311
201800039692,NonLethal,2018-01-25,09:30:00,Daylight,930,14,Yes,NoIntersection,LightRain,Other,GAGARINE (BOULEVARD),M,,
201800039693,NonLethal,2018-01-26,18:45:00,NightStreelightsOn,930,47,Yes,Roundabout,Normal,Other,"2, TUILERIE  (RUE DE LA)",M,48.900429425945326,2.902814713879423
201800039694,NonLethal,2018-02-01,17:55:00,TwilightOrDawn,930,14,Yes,NoIntersection,Overcast,Other,EMILE ZOLA (BOULEVARD),M,48.90560200746181,2.9054243404965554
201800039695,NonLethal,2018-02-15,18:20:00,NightStreelightsOff,930,47,Yes,T-type,LightRain,2Vehicles-Side,JEAN JAURES (AVENUE),M,48.898833429203975,2.8973548122951973
201800039696,NonLethal,2018-02-16,10:20:00,Daylight,930,47,Yes,NoIntersection,Normal,Other,GENERAL LECLERC  (RUE DU,M,,
201800039697,NonLethal,2018-02-17,18:00:00,Daylight,930,64,Yes,NoIntersection,Normal,Other,"6, PERI (BOULEVARD GABRI",M,48.87985952311397,2.87672986212226
201800039698,NonLethal,2018-02-20,14:25:00,Daylight,930,14,Yes,NoIntersection,Normal,Other,"3, VICTOR HUGO (ALLEE)",M,48.90609581012714,2.905546630759276
201800039699,NonLethal,2018-02-23,12:30:00,Daylight,930,14,Yes,Y-type,Normal,2Vehicles-Behind,"7, TOURELLE (CHEMIN DE L",M,48.90778767818309,2.9100672818400146
201800039700,NonLethal,2018-02-24,22:10:00,NightStreelightsOn,930,14,Yes,NoIntersection,Normal,2Vehicles-Side,"10, EMILE ZOLA (BOULEVAR",M,48.54157947322968,2.5425023180064845
201800039701,NonLethal,2018-06-03,09:00:00,Daylight,930,47,Yes,X-type,Normal,2Vehicles-Side,"145, CHARMILLES (AVENUE",M,48.89155983800075,2.8894706198862896
201800039702,NonLethal,2018-03-11,02:10:00,NightStreelightsOn,930,14,Yes,T-type,HeavyRain,2Vehicles-BehindVehicles-Frontal,FREDERIC LADRETTE (ALLEE,M,48.906045037782505,2.9062220539786585
201800039703,NonLethal,2018-12-03,20:30:00,NightStreelightsOn,930,47,Yes,X-type,Normal,2Vehicles-Side,GABRIEL PERI  (AVENUE),M,48.892453699190256,2.8911670802766607
201800039704,NonLethal,2018-03-16,19:16:00,NightStreelightsOn,930,47,Yes,NoIntersection,Overcast,2Vehicles-BehindVehicles-Frontal,"36, CHEVREUL (AVENUE)",M,48.90672196213846,2.9074707568806306
201800039706,NonLethal,2018-04-02,11:10:00,Daylight,930,47,Yes,NoIntersection,Normal,Other,JEAN JAURES (AVENUE),M,48.90019176301374,2.8983990816708527
201800039707,NonLethal,2018-04-06,20:00:00,Daylight,930,47,Yes,X-type,Normal,2Vehicles-Side,EMILE COSSONEAU (AVENUE),M,48.89557585319345,2.8945254766970603
201800039708,NonLethal,2018-04-06,21:50:00,NightStreelightsOff,930,47,Yes,NoIntersection,Normal,2Vehicles-Behind,"183, JEAN JAURES (AVENUE",M,48.8985761013801,2.902561341454052
201800039709,NonLethal,2018-09-04,19:20:00,Daylight,930,14,Yes,X-type,LightRain,2Vehicles-Side,SEVIGNE (AVENUE DE),M,,
201800039710,NonLethal,2018-04-11,18:40:00,Daylight,930,14,Yes,NoIntersection,Normal,Other,GAGARINE (BOULEVARD),M,,
201800039711,NonLethal,2018-04-17,19:45:00,Daylight,930,47,Yes,T-type,Normal,2Vehicles-Side,GENERAL LECLERC  (RUE DU,M,48.90069234558682,2.9002798311956965
201800039712,NonLethal,2018-04-27,22:30:00,NightStreelightsOn,930,14,Yes,T-type,Normal,2Vehicles-Behind,"7, TEMPLE (BOULEVARD DU)",M,,
201800039713,NonLethal,2018-05-09,13:00:00,Daylight,930,14,Yes,NoIntersection,Normal,Other,GAGNY (ALLEE DE),M,48.903195264041294,2.902803094275819
201800039714,NonLethal,2018-11-05,16:00:00,Daylight,930,14,Yes,NoIntersection,Normal,Other,"6, LOUIS BLERIOT (ALLEE)",M,48.90784522830058,2.906959734857069
201800039715,NonLethal,2018-05-13,23:15:00,NightStreelightsOn,930,47,Yes,T-type,LightRain,2Vehicles-Side,BARGUE  (BOULEVARD),M,48.90386870156341,2.9042343169195703
201800039716,NonLethal,2018-05-15,21:15:00,TwilightOrDawn,930,47,Yes,NoIntersection,Normal,Other,JEAN JAURES (AVENUE),M,48.89884266151665,2.8962934296905143
201800039717,NonLethal,2018-05-20,08:10:00,Daylight,930,47,Yes,X-type,Normal,Other,COQUELICOTS (AVENUE DES),M,48.89137260415895,2.8908149527338924
201800039719,NonLethal,2018-03-06,17:00:00,Daylight,930,14,Yes,NoIntersection,Normal,Other,SEVIGNE (AVENUE DE),M,48.91199329109436,2.9113454738527924
201800039721,NonLethal,2018-07-06,18:00:00,Daylight,930,14,Yes,NoIntersection,Normal,2Vehicles-Behind,JEAN MOULIN (AVENUE),M,48.90500822943696,2.906996585583093
201800039722,NonLethal,2018-06-08,08:45:00,Daylight,930,14,Yes,NoIntersection,Normal,2Vehicles-Behind,CHENE POINTU (ALLEE DU),M,,
201800039723,NonLethal,2018-11-06,17:42:00,Daylight,930,14,Yes,NoIntersection,HeavyRain,2Vehicles-Behind,COUBRON (ALLEE DE),M,,
201800039724,NonLethal,2018-06-15,15:03:00,Daylight,930,14,Yes,Y-type,Normal,Other,VIEILLE MONTAGNE (CHEMIN,M,,
201800039725,NonLethal,2018-06-20,09:30:00,Daylight,930,47,Yes,X-type,Normal,2Vehicles-Side,MUGUETS  (AVENUE DES),M,48.8923816277663,2.8948846278426554
201800039726,NonLethal,2018-06-23,17:05:00,Daylight,930,14,Yes,NoIntersection,Normal,3+Vehicles-Chain,FOSSE MAUSSOIN (ALLEE DE,M,,
201800039727,NonLethal,2018-06-28,12:20:00,Daylight,930,14,Yes,X-type,Normal,2Vehicles-Side,BEL AIR (RUE DU),M,,
201800039729,NonLethal,2018-01-07,19:20:00,Daylight,930,47,Yes,T-type,Normal,2Vehicles-Side,EUROPE (BOULEVARD DE L'),M,48.89525958877209,2.8955160249799583
201800039730,NonLethal,2018-05-07,23:00:00,NightStreelightsOn,930,14,Yes,X-type,Normal,2Vehicles-Side,GAGNY (ALLEE DE),M,48.89891097235303,2.897999604739989
201800039732,NonLethal,2018-07-07,18:20:00,Daylight,930,14,Yes,X-type,Normal,Other,CHENE POINTU (ALLEE DU),M,,
201800039734,NonLethal,2018-07-15,20:45:00,Daylight,930,47,Yes,Other,Normal,2Vehicles-Side,CLICHY (AVENUE DE),M,48.90468965799904,2.905340959267233
201800039736,NonLethal,2018-07-24,14:15:00,Daylight,930,14,Yes,X-type,Normal,2Vehicles-Side,GAGNY (ALLEE DE),M,48.90372883969426,2.904689735299156
201800039737,NonLethal,2018-08-12,18:00:00,Daylight,930,14,Yes,X-type,Normal,2Vehicles-Behind,GAGNY (ALLEE DE),M,48.90161705751717,2.900468011548595
201800039738,NonLethal,2018-08-16,00:01:00,NightStreelightsOn,930,14,Yes,NoIntersection,Normal,Other,STRATEGIQUE (ROUTE),M,,
201800039740,NonLethal,2018-09-05,18:30:00,Daylight,930,14,Yes,X-type,Normal,Other,EMILE ZOLA (BOULEVARD),M,,
201800039741,NonLethal,2018-09-11,17:00:00,Daylight,930,14,Yes,NoIntersection,VeryGood,Other,MAURICE AUDIN (ALLEE),M,48.91086138114243,2.910618697110208
201800039742,NonLethal,2018-11-09,19:30:00,TwilightOrDawn,930,47,Yes,Y-type,Normal,Other,TUILERIE  (RUE DE LA),M,48.90451747258338,2.9034060174804064
201800039743,NonLethal,2018-09-15,15:50:00,Daylight,930,14,Yes,NoIntersection,Normal,3+Vehicles-Chain,SEVIGNE (AVENUE DE),M,48.906125732912365,2.90555118159442
201800039746,NonLethal,2018-10-08,17:45:00,Daylight,930,47,Yes,X-type,Normal,2Vehicles-Side,GABRIEL PERI  (AVENUE),M,48.89209551927135,2.891882246195016
201800039747,NonLethal,2018-11-10,08:45:00,Daylight,930,14,Yes,NoIntersection,Normal,Other,STRATEGIQUE (ROUTE),M,,
201800039748,NonLethal,2018-10-11,18:15:00,Daylight,930,14,Yes,X-type,Normal,Other,ANATOLE FRANCE (ALLEE),M,48.907040840487525,2.906529034999984
201800039749,NonLethal,2018-10-16,18:40:00,Daylight,930,47,Yes,X-type,Normal,2Vehicles-Side,GERANIUMS (AVENUE DES),M,48.89938506697215,2.898734997441001
201800039750,NonLethal,2018-10-18,11:15:00,Daylight,930,14,Yes,T-type,Normal,Other,CHENE POINTU (ALLEE DU),M,48.90155909154596,2.9023586267070853
201800039751,NonLethal,2018-10-22,00:05:00,NightStreelightsOn,930,47,Yes,NoIntersection,Normal,Other,HARDY  (BOULEVARD),M,48.90389010808286,2.904674931884105
201800039752,NonLethal,2018-10-30,18:30:00,NightStreelightsOn,930,14,Yes,Other,Normal,2Vehicles-Side,JEAN MOULIN (AVENUE),M,48.90745808862658,2.9077472460322427
201800039754,NonLethal,2018-11-15,23:55:00,NightStreelightsOn,930,47,Yes,X-type,FogOrSmoke,2Vehicles-Side,HENRI BARBUSSE  (RUE),M,48.90084459869266,2.8990778223155966
201800039755,NonLethal,2018-11-16,20:15:00,NightStreelightsOn,930,14,Yes,NoIntersection,FogOrSmoke,2Vehicles-Behind,JEAN MOULIN (AVENUE),M,48.90888129430851,2.910152865776513
201800039756,NonLethal,2018-11-20,15:00:00,Daylight,930,47,Yes,T-type,FogOrSmoke,3+Vehicles-Chain,SCIENCES   (AVENUE DES),M,48.90587349978323,2.90653580849826
201800039757,NonLethal,2018-11-23,15:30:00,Daylight,930,47,Yes,NoIntersection,Normal,2Vehicles-BehindVehicles-Frontal,COUBRON (RUE DE ),M,48.90254327007598,2.901929711835389
201800039758,NonLethal,2018-11-28,10:30:00,Daylight,930,47,Yes,NoIntersection,LightRain,Other,UTRILLO  (RUE),M,48.89985216012518,2.8998637034533004
201800039759,NonLethal,2018-11-30,16:20:00,Daylight,930,47,Yes,NoIntersection,Normal,Other,MORISOT (RUE),M,48.903615909735485,2.905879816431576
201800039760,NonLethal,2018-11-30,19:55:00,NightStreelightsOn,930,14,Yes,X-type,Normal,2Vehicles-Side,GAGNY (ALLEE DE),M,,
201800039762,NonLethal,2018-12-05,14:45:00,Daylight,930,47,Yes,NoIntersection,Overcast,2Vehicles-BehindVehicles-Frontal,MOULINS  (RUE DES),M,48.89621118740271,2.898306492835621
201800039764,NonLethal,2018-09-12,02:35:00,NightStreelightsOn,930,14,Yes,Other,LightRain,Other,GAGNY (ALLEE DE),M,,
201800039765,NonLethal,2018-12-12,16:40:00,Daylight,930,14,Yes,NoIntersection,Normal,NoCollision,COUBRON (ALLEE DE),M,48.911041079387545,2.911861865220112
201800039766,NonLethal,2018-12-18,07:25:00,NightStreelightsOn,930,47,Yes,X-type,Normal,2Vehicles-Side,GENERAL DE GAULLE (RUE D,M,48.89919259604985,2.899879444466528
201800039767,NonLethal,2018-12-21,08:30:00,Daylight,930,47,Yes,Other,LightRain,2Vehicles-Side,FONTAINE JEAN VALJEAN (R,M,48.89707354829973,2.8956976563362526
201800039770,NonLethal,2018-12-23,23:25:00,NightStreelightsOn,930,14,Yes,X-type,LightRain,2Vehicles-Side,GAGNY (ALLEE DE),M,48.90313627547712,2.9050506494417534
201800039771,NonLethal,2018-12-25,16:20:00,Daylight,930,14,Yes,X-type,Normal,2Vehicles-Side,ANGEL TESTA (ALLEE),M,48.89941918609424,2.9000584846994624
201800039772,NonLethal,2018-12-28,11:20:00,Daylight,930,14,Yes,NoIntersection,Overcast,Other,MONTFERMEIL (ALLEE DE),M,,
201800039773,NonLethal,2018-01-31,17:50:00,NightStreelightsOn,930,27,Yes,X-type,LightRain,2Vehicles-Side,"102, JAURES (AVENUE JEAN",M,48.923038044504594,2.9226827885908224
201800039774,NonLethal,2018-02-01,07:45:00,NightStreelightsOn,930,27,Yes,Roundabout,LightRain,Other,"133, HUIT-MAI-1945 (PLAC",M,48.920926646329626,2.920283073977654
201800039775,NonLethal,2018-02-03,14:25:00,Daylight,930,27,Yes,NoIntersection,LightRain,2Vehicles-Behind,"24, CONVENTION (RUE DE L",M,48.93021082393543,2.930021621585756
201800039776,NonLethal,2018-02-13,08:39:00,Daylight,930,27,Yes,X-type,Normal,2Vehicles-Side,"98, JAURES (AVENUE JEAN)",M,48.920807360059165,2.9221505773119625
201800039777,NonLethal,2018-07-03,16:50:00,Daylight,930,27,No,Roundabout,LightRain,2Vehicles-Behind,"11, JAURES (AVENUE JEAN)",M,48.92498525904725,2.92517703151625
201800039779,NonLethal,2018-03-14,07:15:00,TwilightOrDawn,930,27,Yes,NoIntersection,Normal,Other,"139-147, VAILLANT-COUTUR",M,48.925732469548535,2.9251478100577595
201800039781,NonLethal,2018-03-25,19:30:00,NightStreelightsOff,930,27,Yes,NoIntersection,Normal,NoCollision,"15, LENINE (AVENUE)",M,48.91908357521774,2.918067998795234
201800039784,NonLethal,2018-04-04,07:50:00,Daylight,930,27,Yes,X-type,Normal,2Vehicles-Side,"l33, VAILLANT-COUTURIER",M,48.92450137124523,2.926274756651909
201800039785,NonLethal,2018-05-04,20:04:00,Daylight,930,27,No,T-type,Normal,Other,"41, PERI (AVENUE GABRIEL",M,48.926426862758944,2.927652447597867
201800039786,NonLethal,2018-04-06,22:55:00,NightStreelightsOn,930,13,Yes,NoIntersection,Normal,Other,"64, LECLERC (AVENU DE LA",M,48.93415949846973,2.9375681419095283
201800039787,NonLethal,2018-08-04,19:14:00,Daylight,930,13,No,NoIntersection,Normal,Other,"1, LINDBERGH (CARREFOUR)",M,48.94237282110488,2.944374940679958
201800039789,NonLethal,2018-04-20,12:10:00,Daylight,930,27,Yes,NoIntersection,Normal,Other,"43, VAILLANT-COUTURIER (",M,48.91958712652169,2.9198720931698587
201800039790,NonLethal,2018-04-23,20:00:00,Daylight,930,13,Yes,Y-type,Normal,2Vehicles-Side,"4, NIORT (RUE DE L'ABBE)",M,48.94014501443444,2.9415121504543644
201800039791,NonLethal,2018-04-24,13:15:00,Daylight,930,27,Yes,Roundabout,Normal,2Vehicles-Side,"211, VAILLANT-COUTURIER",M,48.92816220427986,2.930381195795903
201800039793,NonLethal,2018-04-26,16:55:00,Daylight,930,27,Yes,X-type,Normal,2Vehicles-Side,"29, PASTEUR (BOULEVARD)",M,48.92157369084834,2.9219307993050623
201800039795,NonLethal,2018-05-07,17:00:00,Daylight,930,30,Yes,NoIntersection,Normal,2Vehicles-Behind,"1, SEIZE-AOUT-1943 (PLAC",M,48.95064381330147,2.952597176657389
201800039796,NonLethal,2018-05-18,00:15:00,NightStreelightsOn,930,27,Yes,NoIntersection,Normal,2Vehicles-Side,"19, CACHIN (AVENUE MARCE",M,48.92826638559057,2.928962323278147
201800039797,NonLethal,2018-05-18,16:00:00,Daylight,930,27,Yes,NoIntersection,Normal,Other,"27, TURGOT (RUE)",M,48.92420292012516,2.92388113521101
201800039799,NonLethal,2018-05-19,14:45:00,Daylight,930,27,Yes,NoIntersection,Normal,Other,"46, BERTHELOT (RUE MARCE",M,48.91979183979771,2.9192524220514926
201800039801,NonLethal,2018-05-20,17:20:00,Daylight,930,27,Yes,NoIntersection,Normal,2Vehicles-Behind,"113, JAURES (AVENUE JEAN",M,48.92161398455722,2.92124911042479
201800039802,NonLethal,2018-05-21,14:31:00,Daylight,930,27,Yes,T-type,Normal,2Vehicles-Side,"35, JAURES (AVENUE JEAN)",M,48.92417189927931,2.9259752025379235
201800039803,NonLethal,2018-05-27,14:45:00,Daylight,930,27,Yes,NoIntersection,Normal,Other,"22b, PASTEUR (BOULEVARD)",M,48.92069229843887,2.921099514653066
201800039805,NonLethal,2018-06-03,22:14:00,NightStreelightsOn,930,27,Yes,T-type,Normal,Other,"2, SUD (ALLEE DU)",M,,
201800039806,NonLethal,2018-06-09,16:30:00,Daylight,930,27,Yes,NoIntersection,Normal,Other,"80, SAINT-DENIS (RUE DE)",M,48.93236414684474,2.934211869324784
201800039807,NonLethal,2018-06-16,14:29:00,Daylight,930,13,Yes,NoIntersection,VeryGood,Other,"23, JAURES (AVENUE JEAN)",M,48.93313029377127,2.932373425787221
201800039808,NonLethal,2018-06-24,16:30:00,Daylight,930,27,Yes,NoIntersection,Normal,2Vehicles-Side,"9, MOULIN-NEUF (RUE DU)",M,48.9284911272638,2.929195103737693
201800039809,NonLethal,2018-04-07,15:00:00,Daylight,930,13,Yes,NoIntersection,Normal,Other,LECLERC (AVENU DE LA DIV,M,,
201800039810,NonLethal,2018-07-07,10:30:00,Daylight,930,27,Yes,NoIntersection,Normal,2Vehicles-Side,"100, SALENGRO (AVENUE RO",M,48.939249465784336,2.9393334145128915
201800039811,NonLethal,2018-07-13,14:30:00,Daylight,930,27,Yes,NoIntersection,Normal,2Vehicles-Behind,"1, SAINT-DENIS (RUE DE)",M,48.93067893787828,2.9315142019911407
201800039812,NonLethal,2018-07-13,16:50:00,Daylight,930,27,Yes,NoIntersection,Normal,Other,"128, RATEAU (RUE)",M,48.92355914591156,2.9233076549920045
201800039814,NonLethal,2018-07-16,10:50:00,Daylight,930,27,Yes,Roundabout,LightRain,2Vehicles-Behind,"1, ROCHET (RUE WALDECK)",M,48.93234712651906,2.9333476292405005
201800039815,NonLethal,2018-07-31,19:18:00,Daylight,930,27,Yes,NoIntersection,Normal,Other,17 octobre 1961,M,48.92783243281538,2.9272817807591065
201800039816,NonLethal,2018-08-10,18:35:00,Daylight,930,27,Yes,NoIntersection,Normal,2Vehicles-Side,SAINT-DENIS (RUE DE),M,48.92892046284394,2.928898391052026
201800039819,NonLethal,2018-08-16,18:30:00,Daylight,930,1,Yes,NoIntersection,Normal,2Vehicles-Side,PRESIDENT ROOSEVELT (AVE,M,48.91637030703078,2.9188493025227946
201800039821,NonLethal,2018-08-18,14:30:00,Daylight,930,13,Yes,T-type,Normal,2Vehicles-BehindVehicles-Frontal,CAVILLON (RUE ANIZAN),M,48.94037708141466,2.940173588567114
201800039823,NonLethal,2018-08-23,23:00:00,NightStreelightsOn,930,27,Yes,T-type,Normal,3+Vehicles-Multiple,VAILLANT-COUTURIER (AVEN,M,,
201800039824,NonLethal,2018-08-23,11:00:00,Daylight,930,27,Yes,NoIntersection,Normal,2Vehicles-Behind,CONVENTION (RUE DE LA),M,48.92721288572137,2.92891138964315
201800039826,NonLethal,2018-08-09,17:00:00,Daylight,930,13,Yes,T-type,Normal,2Vehicles-Side,JAURES (AVENUE JEAN) DE,M,,
201800039827,NonLethal,2018-11-09,03:05:00,NightStreelightsOn,930,1,Yes,X-type,Normal,2Vehicles-Side,ANATOLE FRANCE (BD) PAI,M,48.91723228849309,2.915048904654144
201800039829,NonLethal,2018-09-16,13:20:00,Daylight,930,27,Yes,X-type,Normal,Other,FERRY (RUE JULES),M,48.92615085251187,2.9242042367530203
201800039830,NonLethal,2018-09-18,14:00:00,Daylight,930,13,Yes,NoIntersection,Normal,2Vehicles-Behind,BOUCHER (RUE HELENE),M,48.93375607204227,2.9320329930359
201800039831,NonLethal,2018-09-18,18:20:00,Daylight,930,27,Yes,NoIntersection,Normal,3+Vehicles-Chain,JAURES (AVENUE JEAN),M,48.92579990327705,2.9249578309734328
201800039832,NonLethal,2018-09-13,16:30:00,Daylight,930,27,Yes,NoIntersection,Normal,Other,REPUBLIQUE (AVENUE DE LA,M,48.93202734053734,2.9313312041159647
201800039833,NonLethal,2018-09-20,12:30:00,Daylight,930,27,Yes,T-type,Normal,2Vehicles-Side,JAURES (AVENUE JEAN),M,48.92373541967124,2.9241653922914352
201800039834,NonLethal,2018-09-21,10:40:00,Daylight,930,13,Yes,MoreThan4Branches,Normal,Other,LECLERC (AVENU DE LA DIV,M,48.92834468203611,2.9267906961037555
201800039836,NonLethal,2018-09-25,16:20:00,Daylight,930,27,Yes,X-type,Normal,2Vehicles-Side,PASTEUR (BOULEVARD) DE 1,M,48.919474242547,2.923089653791536
201800039837,NonLethal,2018-09-27,08:50:00,Daylight,930,27,Yes,Roundabout,Normal,Other,QUINET (RUE EDGAR),M,48.93125054764498,2.9324296546675743
201800039838,NonLethal,2018-09-30,17:45:00,Daylight,930,27,Yes,NoIntersection,Normal,Other,SALENGRO (AVENUE ROGER),M,48.94073503919427,2.9396353663509487
201800039840,NonLethal,2018-10-18,17:00:00,Daylight,930,27,Yes,T-type,Normal,Other,RATEAU (RUE),M,48.92442522091847,2.9234648777046246
201800039841,NonLethal,2018-10-23,20:10:00,TwilightOrDawn,930,27,Yes,T-type,Normal,2Vehicles-Side,CONVENTION (RUE DE LA),M,48.92635968586973,2.926581866954536
201800039842,NonLethal,2018-10-26,06:27:00,NightStreelightsOn,930,13,Yes,NoIntersection,Normal,Other,LECLERC (AVENU DE LA DIV,M,48.93530912671575,2.9312876794618474
201800039843,NonLethal,2018-10-26,15:15:00,Daylight,930,30,Yes,NoIntersection,Normal,2Vehicles-Side,HUIT-MAI-1945 (AVENUE DU,M,48.9571839698357,2.9570253482421083
201800039844,NonLethal,2018-10-29,14:10:00,Daylight,930,30,Yes,NoIntersection,Normal,2Vehicles-Side,HUIT-MAI-1945 (AVENUE DU,M,48.950695221724274,2.9493592599398344
201800039845,NonLethal,2018-10-29,18:00:00,NightStreelightsOn,930,13,Yes,NoIntersection,Normal,2Vehicles-Behind,EGALITE (RUE DE L'),M,48.93033677906912,2.930003406054376
201800039846,NonLethal,2018-10-29,21:55:00,NightStreelightsOn,930,13,Yes,X-type,Overcast,2Vehicles-Side,LECLERC (AVENU DE LA DIV,M,49.93553301458975,2.932896425921357
201800039847,NonLethal,2018-11-02,17:00:00,Daylight,930,27,Yes,NoIntersection,Normal,2Vehicles-Side,ROCHET (RUE WALDECK),M,48.93491438056449,2.934136665909685
201800039849,NonLethal,2018-10-11,15:05:00,Daylight,930,30,Yes,NoIntersection,LightRain,2Vehicles-BehindVehicles-Frontal,LECLERC DE HAUTECLOQUE (,M,48.94165816860036,2.940648686713254
201800039850,NonLethal,2018-12-11,08:00:00,TwilightOrDawn,930,27,Yes,NoIntersection,LightRain,2Vehicles-Side,VAILLANT-COUTURIER (AVEN,M,48.91771763675265,2.918798652507138
201800039852,NonLethal,2018-11-14,17:30:00,TwilightOrDawn,930,27,Yes,NoIntersection,Normal,Other,MASSON (RUE SUZANNE),M,48.92179555293137,2.9224803735391016
201800039853,NonLethal,2018-11-15,19:00:00,NightStreelightsOn,930,27,Yes,T-type,Normal,2Vehicles-Side,JAURES (AVENUE JEAN),M,48.92433894296325,2.922787422034854
201800039857,NonLethal,2018-11-25,13:35:00,Daylight,930,27,Yes,NoIntersection,LightRain,3+Vehicles-Chain,VAILLANT-COUTURIER (AVEN,M,48.92183875907398,2.923562677829517
201800039858,NonLethal,2018-11-27,13:20:00,Daylight,930,27,Yes,NoIntersection,Normal,Other,SAINT-DENIS (RUE DE),M,48.9310038338763,2.931013378447721
201800039859,NonLethal,2018-11-28,11:45:00,Daylight,930,27,Yes,T-type,LightRain,2Vehicles-Side,GENEVE (RUE DE),M,48.92529774185185,2.9250704520712447
201800039862,NonLethal,2018-12-25,15:00:00,Daylight,930,27,Yes,X-type,Normal,3+Vehicles-Multiple,PASTEUR (BOULEVARD) DE l,M,48.92216690564548,2.9222248780025017
201800039864,NonLethal,2018-01-18,15:10:00,Daylight,930,29,Yes,Other,LightRain,Other,"23, PAUL VAILLANT COUTUR",M,48.92377017605742,2.9236983724693952
201800039865,NonLethal,2018-01-23,19:10:00,NightStreelightsOn,930,29,Yes,X-type,LightRain,2Vehicles-Side,"42, ALBERT DAVID",M,48.91485151230532,2.917666243421132
201800039866,NonLethal,2018-01-28,19:25:00,NightStreelightsOn,930,29,Yes,NoIntersection,Normal,2Vehicles-Side,"01, PAUL VAILLANT COUTUR",M,48.92277251477777,2.92259169294816
201800039867,NonLethal,2018-02-05,19:30:00,NightStreelightsOn,930,29,Yes,Other,Normal,NoCollision,"24, MARCELIN BERTHELOT N",M,48.92053998994982,2.9212818188183785
201800039868,NonLethal,2018-12-02,15:45:00,Daylight,930,29,Yes,X-type,Normal,2Vehicles-BehindVehicles-Frontal,ROUGET DE LISLE N° 1-87,M,48.92604020612545,2.9256667769569087
201800039869,NonLethal,2018-03-01,11:45:00,Daylight,930,29,Yes,T-type,Normal,Other,"99, MARCEAU (AVENUE) N°",M,48.930059263883045,2.9289185594062537
201800039871,NonLethal,2018-03-13,17:45:00,Daylight,930,29,Yes,NoIntersection,Normal,Other,"189, ANATOLE FRANCE",M,48.93592285707848,2.93136918823571
201800039872,NonLethal,2018-03-14,05:10:00,NightStreelightsOn,930,29,Yes,NoIntersection,Normal,Other,"218, ANATOLE FRANCE",M,48.93516857333519,2.932637095063253
201800039873,NonLethal,2018-03-16,07:50:00,Daylight,930,29,Yes,X-type,Normal,2Vehicles-Side,"37, LEJEUNE (AVENUE)",M,48.92093432146762,2.9169534922799136
201800039874,NonLethal,2018-03-24,21:20:00,NightStreelightsOn,930,29,Yes,NoIntersection,Normal,2Vehicles-Side,"241, JEAN JAURES (AVENUE",M,48.91439056858896,2.9138650313550487
201800039875,NonLethal,2018-03-28,17:20:00,Daylight,930,29,Yes,NoIntersection,Normal,Other,"20, FERNAND PENA",M,48.91747617982225,2.917026954254631