AccidentId,Gravity,Date,Hour,Light,Department,Commune,InAgglomeration,IntersectionType,Weather,CollisionType,PostalAddress,GPSCode,Latitude,Longitude
201800039876,NonLethal,2018-03-29,15:25:00,Daylight,930,29,Yes,NoIntersection,Normal,Other,"45, TRAVAILLEURS (DES)",M,48.91691662792652,2.91793441660648
201800039877,NonLethal,2018-04-04,23:00:00,NightStreelightsOn,930,29,No,NoIntersection,LightRain,2Vehicles-Side,"1, STATION (DE LA)",M,48.91964307869154,2.915854979781896
201800039878,NonLethal,2018-04-09,19:28:00,Daylight,930,29,Yes,T-type,LightRain,2Vehicles-Side,"1, EDOUARD VAILLANT N° 9",M,48.92955088461728,2.9291982350214973
201800039879,NonLethal,2018-04-09,09:35:00,Daylight,930,29,Yes,NoIntersection,Normal,Other,"25, PAUL VAILLANT COUTUR",M,48.92160647739252,2.922424729294043
201800039881,NonLethal,2018-04-23,19:45:00,TwilightOrDawn,930,29,Yes,NoIntersection,Normal,2Vehicles-Side,"251, STALINGRAD (DE)",M,48.91983511372946,2.9189038470491737
201800039882,NonLethal,2018-05-03,08:00:00,Daylight,930,29,Yes,NoIntersection,Normal,2Vehicles-Side,"42, AUGUSTE BLANQUI",M,48.91817600211354,2.917385105023833
201800039883,NonLethal,2018-05-04,22:00:00,NightStreelightsOn,930,66,Yes,NoIntersection,Normal,2Vehicles-Side,"31, FRANCE ANATOLE ENTRE",M,48.92676056426615,2.926037281864635
201800039885,NonLethal,2018-11-05,14:15:00,Daylight,930,29,Yes,NoIntersection,Normal,Other,"26, JEAN VARNET",M,48.92274175066389,2.921571718836247
201800039886,NonLethal,2018-05-16,07:30:00,Daylight,930,29,Yes,NoIntersection,Normal,2Vehicles-Side,"24, JEAN-BAPTISTE LEGEND",M,48.921712392411855,2.923015734718848
201800039888,NonLethal,2018-05-30,12:45:00,Daylight,930,29,Yes,NoIntersection,Normal,Other,"2, JEAN-LOU CHRETIEN",M,48.92185099826571,2.921546990178595
201800039889,NonLethal,2018-05-30,18:30:00,Daylight,930,29,Yes,NoIntersection,Normal,Other,"25, PAUL VAILLANT COUTUR",M,,
201800039890,NonLethal,2018-05-31,21:25:00,TwilightOrDawn,930,29,Yes,Roundabout,Normal,Other,1 REPIQUET (ROND-POINT),M,48.917044802659575,2.915493379592369
201800039891,NonLethal,2018-06-02,19:10:00,Daylight,930,29,Yes,NoIntersection,Normal,2Vehicles-Side,"41, MARCEAU (AVENUE) N°",M,48.92767991665227,2.928535252364669
201800039893,NonLethal,2018-06-13,12:30:00,Daylight,930,29,Yes,NoIntersection,Normal,Other,"1, LATERAL (CHEMIN)",M,48.93458631082946,2.929980311365199
201800039894,NonLethal,2018-06-19,12:15:00,Daylight,930,29,Yes,NoIntersection,Normal,Other,"222, ANATOLE FRANCE",M,48.901732681492895,2.89831886914971
201800039895,NonLethal,2018-06-20,19:50:00,Daylight,930,29,Yes,NoIntersection,Normal,Other,"251, JEAN JAURES (AVENUE",M,,
201800039896,NonLethal,2018-06-20,20:40:00,TwilightOrDawn,930,29,Yes,X-type,VeryGood,2Vehicles-Side,"35, LOUISE MICHEL N° 1-6",M,48.92047897889742,2.9191034266315805
201800039897,NonLethal,2018-06-23,11:00:00,Daylight,930,29,Yes,T-type,Normal,Other,"12, BEL AIR (DU)",M,48.93643108761016,2.9381523370786837
201800039898,NonLethal,2018-06-29,21:10:00,TwilightOrDawn,930,29,Yes,NoIntersection,Normal,Other,"123, HENRI BARBUSSE (AVE",M,48.91965074292619,2.9194272130534085
201800039899,NonLethal,2018-07-06,18:00:00,Daylight,930,29,Yes,Other,Normal,2Vehicles-Side,"29, SADI CARNOT",M,48.923741883990495,2.9231887868328803
201800039900,NonLethal,2018-07-08,17:30:00,Daylight,930,29,Yes,T-type,Normal,2Vehicles-Side,"36, GEORGES MARIE",M,48.93175583207593,2.9364488102623336
201800039901,NonLethal,2018-07-11,08:00:00,Daylight,930,29,Yes,X-type,Normal,Other,"17, LOUIS GREUZARD",M,48.81837114741979,2.82040368634184
201800039902,NonLethal,2018-07-18,20:00:00,Daylight,930,29,Yes,Other,Normal,Other,STALINGRAD (DE),M,48.91603401104968,2.917455877947297
201800039903,NonLethal,2018-07-19,08:15:00,Daylight,930,29,Yes,Other,Normal,2Vehicles-Side,STALINGRAD (DE),M,48.91457168879642,2.9156603189774457
201800039904,NonLethal,2018-07-23,18:25:00,Daylight,930,29,Yes,NoIntersection,Normal,2Vehicles-Side,HENRI BARBUSSE (AVE) N°1,M,48.92207934633489,2.921998167380748
201800039905,NonLethal,2018-08-04,16:00:00,Daylight,930,29,Yes,NoIntersection,Normal,Other,MARCEAU (AVENUE) N° 29-F,M,48.92978318324025,2.9305102887709
201800039906,NonLethal,2018-08-17,17:40:00,Daylight,930,29,Yes,NoIntersection,Normal,2Vehicles-BehindVehicles-Frontal,STALINGRAD (DE),M,48.914007360400205,2.912464388218789
201800039907,NonLethal,2018-08-23,02:15:00,NightStreelightsOn,930,29,Yes,X-type,Normal,2Vehicles-Side,AMBROISE CROIZAT,M,48.92724404797459,2.9252857293964984
201800039908,NonLethal,2018-08-23,15:00:00,Daylight,930,29,Yes,X-type,Normal,2Vehicles-Behind,LIBERTE (DE LA),M,48.91557110041568,2.9156652836837127
201800039910,NonLethal,2018-09-14,16:30:00,Daylight,930,29,Yes,NoIntersection,Normal,Other,CHARLES GIDE,M,48.91899382518338,2.920139775297524
201800039911,NonLethal,2018-09-19,17:40:00,Daylight,930,29,Yes,NoIntersection,Normal,3+Vehicles-Multiple,HENRI BARBUSSE (AVE) N°1,M,48.92233661355092,2.9227827010141163
201800039912,NonLethal,2018-09-20,17:20:00,Daylight,930,29,Yes,NoIntersection,Normal,Other,ANATOLE FRANCE,M,48.936444813539936,2.935620844447307
201800039913,NonLethal,2018-09-30,19:20:00,NightStreelightsOn,930,29,Yes,NoIntersection,Normal,Other,LOUISE ROUSSEAU,M,48.92233491086012,2.922056569646288
201800039914,NonLethal,2018-08-10,14:20:00,Daylight,930,29,Yes,NoIntersection,Normal,Other,HENRI LANGLOIS,M,48.91506135928729,2.9150820655922325
201800039915,NonLethal,2018-09-10,19:00:00,TwilightOrDawn,930,29,Yes,NoIntersection,Normal,2Vehicles-BehindVehicles-Frontal,MARCELIN BERTHELOT,M,48.91976253909661,2.917691144080804
201800039916,NonLethal,2018-10-09,21:55:00,NightStreelightsOn,930,29,Yes,T-type,Normal,2Vehicles-BehindVehicles-Frontal,SADI CARNOT,M,48.92716778713473,2.9274726561862656
201800039917,NonLethal,2018-10-11,14:30:00,Daylight,930,29,Yes,NoIntersection,Normal,Other,JEAN JAURES (AVENUE) N°,M,48.919260006628285,2.918924661351721
201800039919,NonLethal,2018-10-16,19:30:00,NightStreelightsOn,930,29,Yes,Other,Normal,2Vehicles-Side,LIBERTE (DE LA),M,48.91311185492819,2.9141875024356443
201800039920,NonLethal,2018-10-18,15:00:00,Daylight,930,29,Yes,NoIntersection,Normal,2Vehicles-BehindVehicles-Frontal,MARCELIN BERTHELOT N°,M,48.9210984090614,2.9222021132880704
201800039921,NonLethal,2018-10-21,02:05:00,NightStreelightsOff,930,29,Yes,X-type,Normal,2Vehicles-Side,LOUISE MICHEL N° 1-67,M,48.92420488413976,2.923511678850984
201800039922,NonLethal,2018-03-11,10:45:00,Daylight,930,29,Yes,T-type,Normal,Other,HENRI LANGLOIS,M,48.91310342295491,2.912800535506173
201800039923,NonLethal,2018-04-11,11:15:00,Daylight,930,29,Yes,Other,Normal,Other,PAUL VAILLANT COUTURIER,M,48.92173975353513,2.922919753525343
201800039924,NonLethal,2018-11-05,19:00:00,NightStreelightsOn,930,29,Yes,NoIntersection,Normal,2Vehicles-Side,HENRI BARBUSSE (AVE) N°1,M,48.92293515632478,2.9234291168471307
201800039925,NonLethal,2018-06-11,09:10:00,Daylight,930,29,Yes,NoIntersection,Normal,2Vehicles-Behind,ANATOLE FRANCE,M,48.93439584135116,2.93223382194338
201800039926,NonLethal,2018-09-11,10:40:00,Daylight,930,29,Yes,Other,Normal,Other,HENRI LONGATTE,M,48.92198781657438,2.922939847930427
201800039927,NonLethal,2018-12-11,07:10:00,NightNoStreetLight,930,29,Yes,Other,LightRain,2Vehicles-Side,SAINT-STENAY,M,48.918175487519264,2.919086649873342
201800039929,NonLethal,2018-11-19,20:30:00,NightStreelightsOn,930,29,Yes,NoIntersection,SnowOrHail,Other,MARCEAU (AVENUE) N° 29-F,M,48.92831297714757,2.9312684549718573
201800039930,NonLethal,2018-11-20,08:30:00,Daylight,930,29,Yes,T-type,LightRain,2Vehicles-Side,JEAN JAURES (AVENUE),M,48.920781889672135,2.9227052382428447
201800039931,NonLethal,2018-11-20,11:20:00,Daylight,930,29,Yes,T-type,LightRain,3+Vehicles-Multiple,ROGER SALENGRO N° 02-92,M,48.91998000184135,2.9210137146458197
201800039932,NonLethal,2018-11-20,16:40:00,TwilightOrDawn,930,29,Yes,NoIntersection,LightRain,Other,HENRI BARBUSSE (AVE) N°1,M,48.92080630302765,2.921324255434105
201800039933,NonLethal,2018-11-21,08:30:00,TwilightOrDawn,930,29,Yes,Other,Overcast,Other,JACQUELINE QUATREMAIRE,M,48.91797389794517,2.9188434689717493
201800039934,NonLethal,2018-11-29,18:15:00,NightStreelightsOn,930,29,Yes,NoIntersection,Normal,2Vehicles-BehindVehicles-Frontal,MIRABEAU,M,48.92643268502189,2.927008658145621
201800039935,NonLethal,2018-12-13,18:20:00,NightStreelightsOn,930,29,Yes,NoIntersection,Normal,Other,JEAN JAURES (AVENUE) N°,M,48.918747183971874,2.918617674446696
201800039936,NonLethal,2018-12-16,20:30:00,NightStreelightsOn,930,29,Yes,NoIntersection,LightRain,2Vehicles-Behind,ANATOLE FRANCE,M,48.93513995574157,2.931149682285493
201800039937,NonLethal,2018-12-24,15:10:00,Daylight,930,29,Yes,X-type,Normal,2Vehicles-Side,BOIS DE GROSLAY (DES),M,48.9171431292197,2.9160871974818674
201800039938,NonLethal,2018-01-09,09:40:00,Daylight,930,31,Yes,NoIntersection,Normal,2Vehicles-Side,"133, SAINT LEU (ROUTE DE",M,,
201800039939,NonLethal,2018-01-09,11:30:00,Daylight,930,31,Yes,NoIntersection,Normal,Other,"39, REPUBLIQUE (AVENUE)",M,,
201800039940,NonLethal,2018-11-01,12:30:00,Daylight,930,79,Yes,NoIntersection,Overcast,Other,"132, JEAN BAPTISTE CLEME",M,48.950603099435135,2.9495879378950183
201800039941,NonLethal,2018-01-17,09:50:00,Daylight,930,79,Yes,NoIntersection,Normal,2Vehicles-Side,"14, ROGER SALENGRO",M,48.96238491342388,2.9618578678195413
201800039942,NonLethal,2018-01-18,16:25:00,Daylight,930,31,Yes,NoIntersection,Normal,Other,"2, REPUBLIQUE (AVENUE)",M,48.95224269438927,2.951309370811339
201800039943,NonLethal,2018-01-19,13:30:00,Daylight,930,31,Yes,NoIntersection,LightRain,2Vehicles-Behind,"31, GALLIENI (AVENUE)",M,48.95845811204405,2.9601283116460824
201800039946,NonLethal,2018-01-30,18:20:00,NightStreelightsOn,930,79,Yes,X-type,LightRain,2Vehicles-Behind,"0, DIVISION LECLERC (AV)",M,48.94892361886341,2.949932241013137
201800039947,NonLethal,2018-02-05,18:55:00,NightStreelightsOn,930,31,Yes,NoIntersection,Normal,2Vehicles-Side,"4, FOCH (BOULEVARD)",M,,
201800039948,NonLethal,2018-02-05,19:30:00,NightStreelightsOn,930,31,Yes,NoIntersection,Overcast,2Vehicles-Side,"5, JOFFRE (AVENUE)",M,,
201800039949,NonLethal,2018-02-13,14:10:00,Daylight,930,31,Yes,NoIntersection,Normal,2Vehicles-Side,PARIS (RUE DE),M,48.95474744246126,2.954319382427527
201800039950,NonLethal,2018-02-19,21:47:00,NightStreelightsOn,930,31,Yes,Other,LightRain,2Vehicles-BehindVehicles-Frontal,ARGENTEUIL (ROUTE D'),M,48.949446818204144,2.9506704690621306
201800039951,NonLethal,2018-02-23,09:20:00,Daylight,930,31,Yes,Other,Normal,Other,"214, SAINT LEU (ROUTE DE",M,48.95905406409793,2.9582129916597726
201800039952,NonLethal,2018-02-23,19:25:00,NightStreelightsOn,930,79,Yes,NoIntersection,Normal,2Vehicles-Side,"64, SAINT LEU (ROUTE)",M,48.95133023925379,2.952041663973511
201800039953,NonLethal,2018-02-05,14:10:00,Daylight,930,31,Yes,NoIntersection,Normal,2Vehicles-Side,DE LATTRE DE TASSIGNY (1,M,48.95704589909601,3.955993519672511
201800039954,NonLethal,2018-05-03,20:50:00,TwilightOrDawn,930,31,Yes,X-type,Normal,2Vehicles-Side,REPUBLIQUE (AVENUE),M,,
201800039955,NonLethal,2018-05-05,22:10:00,NightStreelightsOn,930,31,Yes,T-type,Normal,Other,"84, MARNE (AVENUE DE LA)",M,48.95511240382084,2.9551016585626364
201800039957,NonLethal,2018-05-12,15:07:00,Daylight,930,31,Yes,NoIntersection,Overcast,2Vehicles-Behind,"108, PARIS (RUE DE)",M,48.95044255025595,2.9509563832915195
201800039958,NonLethal,2018-05-14,23:05:00,NightStreelightsOn,930,31,Yes,NoIntersection,Normal,2Vehicles-Side,FOCH (BOULEVARD),M,48.94787034338216,2.9484674240342525
201800039959,NonLethal,2018-05-16,18:00:00,Daylight,930,31,Yes,NoIntersection,Normal,2Vehicles-BehindVehicles-Frontal,"124, MARNE (AVENUE DE LA",M,48.95654556284106,2.9578568537414167
201800039960,NonLethal,2018-05-20,14:30:00,Daylight,930,31,Yes,NoIntersection,Normal,Other,"12, LYON (RUE DE)",M,48.86553619372288,2.866212050760856
201800039962,NonLethal,2018-05-25,20:05:00,TwilightOrDawn,930,31,Yes,X-type,LightRain,2Vehicles-Side,"132, JOFFRE (AVENUE)",M,48.96160929616658,2.961542217532686
201800039964,NonLethal,2018-05-31,22:10:00,NightStreelightsOn,930,31,Yes,T-type,Normal,2Vehicles-Side,"ll4, REPUBLIQUE (AVENUE)",M,48.94995535163488,2.950211077986704
201800039965,NonLethal,2018-02-06,20:12:00,Daylight,930,31,Yes,NoIntersection,Normal,2Vehicles-BehindVehicles-Frontal,", SAINT LEU (ROUTE DE) 1",M,48.95103670496817,2.952029245574008
201800039966,NonLethal,2018-06-10,16:00:00,Daylight,930,31,Yes,NoIntersection,Normal,NoCollision,DE LATTRE DE TASSIGNY (l,M,48.95768050002401,2.960061218391228
201800039967,NonLethal,2018-06-10,19:55:00,Daylight,930,79,Yes,NoIntersection,Normal,Other,"85, MAURICE GRANDCOING",M,48.96419744806213,2.9665727993037683
201800039968,NonLethal,2018-06-18,19:55:00,Daylight,930,31,Yes,NoIntersection,Normal,Other,"69, REPUBLIQUE (AVENUE)",M,,
201800039969,NonLethal,2018-06-19,14:43:00,Daylight,930,31,Yes,NoIntersection,Normal,2Vehicles-Side,"104, DE LATTRE DE TASSIG",M,48.960200319948925,2.9603532250406928
201800039970,NonLethal,2018-06-20,15:00:00,Daylight,930,31,Yes,Other,VeryGood,Other,"41, REPUBLIQUE (AVENUE)",M,48.95078047372625,2.948207853488216
201800039971,NonLethal,2018-06-18,13:10:00,Daylight,930,31,Yes,X-type,Normal,Other,ARGENTEUIL (ROUTE D',M,48.96197327567637,2.9627989291201
201800039972,NonLethal,2018-06-23,15:50:00,Daylight,930,31,Yes,NoIntersection,Normal,2Vehicles-Side,"24, FOCH (BOULEVARD)",M,48.94688829029239,2.9484086342767037
201800039973,NonLethal,2018-06-24,20:10:00,Daylight,930,31,No,NoIntersection,Normal,Other,"2, CHERBOURG",M,48.96041476324407,2.9593619443483345
201800039974,NonLethal,2018-06-27,08:05:00,Daylight,930,31,Yes,NoIntersection,Normal,2Vehicles-Side,"152, JEAN JAURES (AVENUE",M,48.95634269398488,2.958048172400821
201800039975,NonLethal,2018-06-28,06:35:00,Daylight,930,31,Yes,NoIntersection,Normal,Other,"60, FELIX MERLIN",M,48.957379621767416,2.956793558892884
201800039976,NonLethal,2018-06-30,10:30:00,Daylight,930,31,Yes,T-type,Normal,2Vehicles-BehindVehicles-Frontal,LILLE (RUE DE),M,48.96094507203467,2.960654074022925
201800039978,NonLethal,2018-05-07,18:00:00,Daylight,930,79,Yes,T-type,Normal,2Vehicles-Side,"l89, DIVISION LECLERC (A",M,48.94999896563295,2.9488026759499526
201800039980,NonLethal,2018-09-07,21:35:00,Daylight,930,31,Yes,X-type,Normal,2Vehicles-Side,"24, DE LATTRE DE TASSIGN",M,48.95702076583258,2.95670834299143
201800039981,NonLethal,2018-10-07,09:05:00,Daylight,930,31,Yes,NoIntersection,Normal,Other,ALLENDE (AVENUE SALVADOR,M,48.95403550815483,2.9563707567526323
201800039982,NonLethal,2018-07-16,07:20:00,Daylight,930,31,Yes,NoIntersection,Normal,Other,NANCY (RUE DE),M,48.95731615385038,2.9571916558058047
201800039983,NonLethal,2018-07-18,14:10:00,Daylight,930,79,Yes,T-type,Normal,2Vehicles-Side,SAINT LEU (ROUTE),M,48.949433002454384,2.949813289062688
201800039984,NonLethal,2018-07-19,20:45:00,TwilightOrDawn,930,31,Yes,NoIntersection,Normal,Other,PARIS (RUE DE),M,48.9505351218108,2.95146154472193
201800039985,NonLethal,2018-07-22,14:35:00,Daylight,930,31,Yes,NoIntersection,Normal,2Vehicles-Behind,CLAUDE MONET,M,,
201800039987,NonLethal,2018-07-26,00:01:00,NightStreelightsOn,930,31,Yes,X-type,Normal,2Vehicles-Side,ENGHIEN (AV D'),M,48.959618662443496,2.9581181853327405
201800039988,NonLethal,2018-03-08,16:50:00,Daylight,930,31,Yes,NoIntersection,Normal,2Vehicles-Behind,FOCH (BOULEVARD),M,48.94553523364703,2.9447568061639524
201800039989,NonLethal,2018-08-08,01:05:00,NightStreelightsOn,930,31,Yes,NoIntersection,Normal,Other,JEAN JAURES (AVENUE),M,48.95675763404643,2.957149990277551
201800039990,NonLethal,2018-08-11,10:00:00,Daylight,930,31,Yes,NoIntersection,Normal,Other,CLAUDE DEBUSSY,M,48.94837560175986,2.946886327431141
201800039991,NonLethal,2018-11-08,11:02:00,Daylight,930,31,Yes,T-type,Normal,2Vehicles-Side,FITZELIN (DE),M,,
201800039992,NonLethal,2018-08-22,21:40:00,NightStreelightsOn,930,79,Yes,NoIntersection,Normal,2Vehicles-Behind,SAINT LEU (ROUTE),M,48.94742113988683,2.948162600588424
201800039994,NonLethal,2018-08-27,20:50:00,NightStreelightsOn,930,31,Yes,NoIntersection,Normal,Other,DUMAS (RUE),M,48.95520334138051,2.953892912132225
201800039995,NonLethal,2018-06-09,18:05:00,Daylight,930,31,Yes,Other,Normal,Other,DE LATTRE DE TASSIGNY (1,M,48.95753980723256,2.959735969337823
201800039997,NonLethal,2018-12-09,19:20:00,Daylight,930,79,Yes,NoIntersection,Normal,2Vehicles-BehindVehicles-Frontal,JEAN BAPTISTE CLEMENT,M,48.94956508813938,2.9506533573213014
201800039998,NonLethal,2018-09-19,17:23:00,Daylight,930,31,Yes,NoIntersection,Normal,Other,CDT LOUIS BOUCHET (AV),M,48.95239771023595,2.95445705995281
201800039999,NonLethal,2018-09-20,09:10:00,Daylight,930,66,Yes,NoIntersection,Normal,Other,LURCAT JEAN,M,48.94285550271036,2.9412200000901025
201800040000,NonLethal,2018-09-22,21:00:00,NightStreelightsOn,930,31,Yes,X-type,LightRain,3+Vehicles-Multiple,JOFFRE (AVENU),M,48.95587463967465,2.9581976282985964
201800040001,NonLethal,2018-09-26,16:20:00,Daylight,930,31,Yes,T-type,Normal,Other,MARNE (AVENUE DE LA),M,48.95513899680641,2.9529297535676817
201800040002,Lethal,2018-09-29,01:05:00,NightStreelightsOn,930,31,Yes,Other,Normal,2Vehicles-Side,SAINT LEU (ROUTE DE) 1 à,M,48.95403459957016,2.952239293247298
201800040003,NonLethal,2018-01-10,12:10:00,Daylight,930,31,Yes,T-type,Normal,2Vehicles-Side,DE LATTRE DE TASSIGNY (1,M,48.95153967588976,2.951297493095464
201800040005,NonLethal,2018-10-03,06:00:00,NightStreelightsOn,930,79,Yes,NoIntersection,LightRain,2Vehicles-Behind,DIVISION LECLERC (AV),M,48.95519106013068,2.955464567194158
201800040006,NonLethal,2018-10-12,19:00:00,NightStreelightsOn,930,31,Yes,T-type,Normal,2Vehicles-Side,DE LATTRE DE TASSIGNY (l,M,48.954166281673615,2.9537335195518355
201800040007,NonLethal,2018-10-12,19:30:00,NightStreelightsOn,930,31,Yes,T-type,Normal,2Vehicles-Behind,PARIS (RUE DE),M,48.95425593916503,2.95239056728075
201800040009,NonLethal,2018-10-18,23:16:00,NightStreelightsOn,930,31,Yes,X-type,Normal,2Vehicles-Side,JOFFRE (AVENUE),M,48.95925878489047,2.957721844558801
201800040011,NonLethal,2018-10-25,07:55:00,NightStreelightsOn,930,31,Yes,NoIntersection,Normal,Other,PARIS (RUE DE),M,48.95251621286393,2.9542613743023924
201800040014,NonLethal,2018-10-26,17:50:00,Daylight,930,79,Yes,NoIntersection,LightRain,Other,ROGER SALENGRO,M,48.963359067009605,2.963964728832295
201800040015,Lethal,2018-10-29,14:00:00,Daylight,930,31,Yes,T-type,Normal,2Vehicles-Side,FOCH (BOULEVARD),M,48.94931085954728,2.9464579996199847
201800040016,NonLethal,2018-03-11,00:01:00,NightStreelightsOn,930,27,Yes,X-type,Normal,2Vehicles-Behind,VAILLANT-COUTURIER (Aven,M,48.919386169484085,2.918494987875979
201800040017,NonLethal,2018-11-06,15:50:00,Daylight,930,31,Yes,NoIntersection,Normal,2Vehicles-Side,ARGENTEUIL (ROUTE D'),M,48.95724702719445,2.96028365846941
201800040019,NonLethal,2018-11-14,17:00:00,NightStreelightsOn,930,31,Yes,Other,Normal,2Vehicles-Behind,SAINT LEU (ROUTE DE) 1 à,M,48.950399537193285,2.950052720575148
201800040020,NonLethal,2018-11-16,14:40:00,Daylight,930,31,Yes,NoIntersection,Normal,3+Vehicles-Multiple,SAINT LEU (ROUTE DE) > 1,M,48.95582871189025,2.9538605085851914
201800040021,NonLethal,2018-11-20,13:30:00,Daylight,930,31,Yes,NoIntersection,LightRain,Other,CLAUDE DEBUSSY,M,48.94760016956766,2.9473378621511386
201800040022,NonLethal,2018-11-21,00:10:00,NightStreelightsOn,930,1,Yes,NoIntersection,Normal,2Vehicles-Behind,DANIELLE CASANOVA (RUE),M,48.91488971014287,2.916635203520496
201800040023,NonLethal,2018-11-21,21:00:00,NightStreelightsOn,930,31,Yes,NoIntersection,Normal,Other,ANCIENS PRESIDENTS (CHEM,M,48.95398010841446,2.955377691737197
201800040024,NonLethal,2018-11-23,09:05:00,Daylight,930,31,Yes,T-type,FogOrSmoke,2Vehicles-Side,SAINT LEU (ROUTE DE) 1 à,M,48.95375044332037,2.95615919476007
201800040027,NonLethal,2018-04-12,16:54:00,Daylight,930,31,Yes,NoIntersection,Overcast,Other,FOCH (BOULEVARD),M,,
201800040028,NonLethal,2018-12-06,12:40:00,Daylight,930,31,Yes,NoIntersection,LightRain,Other,MARNE (AVENUE DE LA),M,48.95774037988,2.955118347421452
201800040030,NonLethal,2018-12-14,11:25:00,Daylight,930,31,Yes,X-type,Normal,2Vehicles-Side,JOFFRE (AVENUE),M,48.95732709559801,2.957975077261192
201800040031,NonLethal,2018-12-16,02:27:00,NightStreelightsOn,930,31,Yes,NoIntersection,LightRain,Other,JOFFRE (AVENUE),M,48.95010280134866,2.950058411153014
201800040032,NonLethal,2018-12-16,15:00:00,Daylight,930,72,Yes,T-type,Overcast,2Vehicles-Side,JULES GUESDE (AVENUE) CO,M,48.96456285720405,2.960737931631176
201800040033,NonLethal,2018-12-18,15:10:00,Daylight,930,31,Yes,NoIntersection,Normal,Other,ARGENTEUIL (ROUTE D'),M,48.95950987241501,2.963777227314517
201800040034,NonLethal,2018-12-20,19:40:00,NightStreelightsOn,930,79,Yes,NoIntersection,Normal,2Vehicles-Side,JEAN BAPTISTE CLEMENT (P,M,48.96345885423878,2.962869146653391
201800040035,NonLethal,2018-12-21,14:45:00,Daylight,930,31,Yes,NoIntersection,Normal,Other,LEON BLUM (AVENUE),M,48.9584951852124,2.957875347774423
201800040036,NonLethal,2018-12-21,22:30:00,NightStreelightsOn,930,31,Yes,NoIntersection,LightRain,Other,ARGENTEUIL (ROUTE D'),M,48.96056624699557,2.956603590220502
201800040037,NonLethal,2018-12-23,10:15:00,Daylight,930,31,Yes,X-type,HeavyRain,Other,MARNE (AVENUE DE LA),M,,
201800040038,NonLethal,2018-12-24,07:30:00,NightStreelightsOn,930,31,Yes,NoIntersection,LightRain,Other,REPUBLIQUE (AVENUE),M,48.94516780234813,2.9447325508831548
201800040039,NonLethal,2018-05-07,08:30:00,Daylight,930,32,Yes,NoIntersection,VeryGood,Other,"1, JEAN JAURES (AVENUE)",M,48.84483987913928,2.8466405891562325
201800040040,NonLethal,2018-05-20,21:30:00,NightStreelightsOn,930,32,Yes,NoIntersection,Normal,2Vehicles-Side,"226, MONTFERMEIL   (ALLE",M,48.89901488022954,2.898813843028209
201800040041,NonLethal,2018-05-28,11:00:00,Daylight,930,32,Yes,NoIntersection,Normal,2Vehicles-Side,"4, SAINT GERMAIN  (RUE)",M,48.8849050984768,2.883815502215455
201800040042,NonLethal,2018-06-06,16:15:00,Daylight,930,32,Yes,NoIntersection,Normal,Other,"77, JEAN JAURES (AVENUE)",M,48.882275225482005,2.882519407451315
201800040043,NonLethal,2018-06-07,16:55:00,Daylight,930,32,Yes,T-type,Normal,2Vehicles-Side,"91, ARISTIDE BRIAND (RUE",M,48.88265224185212,2.8847337119526
201800040044,NonLethal,2018-11-06,09:15:00,Daylight,930,32,Yes,NoIntersection,Other,Other,MARRONNIERS   (AVENUE DE,M,48.86581252761656,2.869026750017774
201800040045,NonLethal,2018-06-11,11:50:00,Daylight,930,32,Yes,NoIntersection,Overcast,Other,"69, JEAN JAURES (AVENUE)",M,48.88084083820376,2.8794192053522294
201800040046,NonLethal,2018-12-06,09:10:00,Daylight,930,32,Yes,X-type,LightRain,2Vehicles-Side,MAURICE   (AVENUE),M,,
201800040047,NonLethal,2018-06-24,19:10:00,Daylight,930,32,Yes,X-type,Normal,2Vehicles-Side,"133, ROGER SALENGRO (AV",M,48.872671890257486,2.874182263346084
201800040048,NonLethal,2018-05-07,16:25:00,Daylight,930,32,Yes,X-type,Normal,2Vehicles-Side,CHARLES   (AVENUE),M,48.8878231102628,2.8906924928322475
201800040049,NonLethal,2018-10-07,06:55:00,Daylight,930,32,Yes,NoIntersection,Normal,Other,GABRIEL   (AVENUE),M,48.88929016206903,2.890738803418284
201800040050,NonLethal,2018-07-22,17:15:00,Daylight,930,32,Yes,X-type,Normal,2Vehicles-Side,MEAUX   (RUE DE),M,48.87675290553053,2.876644360691361
201800040051,NonLethal,2018-07-24,18:00:00,Daylight,930,32,Yes,T-type,Normal,2Vehicles-Side,ARISTIDE BRIAND (RUE),M,,
201800040052,NonLethal,2018-07-31,08:00:00,Daylight,930,32,Yes,NoIntersection,Normal,Other,GRAMMONT   (RUE),M,48.872104220470064,2.874286225434583
201800040053,NonLethal,2018-02-08,10:15:00,Daylight,930,32,Yes,Y-type,Normal,2Vehicles-BehindVehicles-Frontal,JEAN JAURES (AVENUE),M,48.88457657477151,2.883085652572543
201800040054,NonLethal,2018-08-03,09:45:00,Daylight,930,32,Yes,X-type,Normal,2Vehicles-Side,SAINT DIZIER   (BOULEVAR,M,48.88638844582877,2.8876090773211893
201800040055,NonLethal,2018-08-14,17:55:00,Daylight,930,32,Yes,Other,Normal,2Vehicles-Side,ARISTIDE BRIAND (RUE),M,48.87633451310712,2.875839274850396
201800040056,NonLethal,2018-08-26,05:10:00,NightStreelightsOn,930,32,Yes,MoreThan4Branches,Normal,2Vehicles-Side,HIPPOLYTE  PINA  (RUE),M,48.87472562719017,2.8748541268294883
201800040057,NonLethal,2018-09-19,15:30:00,Daylight,930,32,Yes,NoIntersection,Normal,2Vehicles-Behind,JEAN JAURES (AVENUE),M,48.80011893925438,2.7998733538117904
201800040058,NonLethal,2018-09-22,12:11:00,Daylight,930,32,Yes,T-type,Normal,2Vehicles-Side,PIERRE BEZET  (RUE),M,48.87896481528872,2.878594417838692
201800040060,NonLethal,2018-09-27,21:20:00,NightStreelightsOn,930,32,Yes,NoIntersection,Normal,2Vehicles-Behind,PAUL VAILLANT COUTURIER,M,48.86643765063217,2.8644727340963927
201800040061,NonLethal,2018-11-10,10:55:00,Daylight,930,32,Yes,NoIntersection,Normal,Other,"JULES GUESDES  (RUE, DU",M,,
201800040062,NonLethal,2018-10-16,10:45:00,Daylight,930,32,Yes,NoIntersection,Normal,2Vehicles-BehindVehicles-Frontal,MONTFERMEIL   (ALLEE DE),M,48.89678602284576,2.9000929013586663