AccidentId,Gravity,Date,Hour,Light,Department,Commune,InAgglomeration,IntersectionType,Weather,CollisionType,PostalAddress,GPSCode,Latitude,Longitude
201800040063,NonLethal,2018-10-16,13:40:00,Daylight,930,32,Yes,X-type,Normal,2Vehicles-Side,PAUL VAILLANT COUTURIER,M,48.86626567898485,2.8679035256108034
201800040064,NonLethal,2018-10-16,14:00:00,Daylight,930,32,Yes,NoIntersection,Normal,Other,LAENNEC   (RUE),M,48.87595925715989,2.8769099968655087
201800040065,NonLethal,2018-10-18,10:55:00,Daylight,930,32,Yes,NoIntersection,Normal,Other,JEAN JAURES (AVENUE),M,48.88365552390153,2.8835770837273373
201800040066,NonLethal,2018-10-19,08:00:00,TwilightOrDawn,930,32,Yes,NoIntersection,Normal,Other,LAENNEC   (RUE),M,48.87495237081401,2.875668123115964
201800040067,NonLethal,2018-10-27,22:00:00,NightStreelightsOn,930,32,Yes,NoIntersection,Normal,2Vehicles-Behind,JEAN JAURES (AVENUE),M,,
201800040068,NonLethal,2018-03-11,23:25:00,NightStreelightsOn,930,32,Yes,NoIntersection,Normal,Other,ABBESSES  (CHEMIN D'ACCE,M,48.87422145652733,2.875000021402261
201800040070,NonLethal,2018-04-12,18:20:00,NightStreelightsOn,930,32,Yes,NoIntersection,Normal,2Vehicles-Behind,PAUL VAILLANT COUTURIER,M,,
201800040071,NonLethal,2018-12-21,19:33:00,NightStreelightsOn,930,32,Yes,NoIntersection,Normal,Other,PAUL VAILLANT COUTURIER,M,48.872142500958624,2.870001378597829
201800040072,NonLethal,2018-01-03,19:50:00,NightStreelightsOn,930,63,Yes,NoIntersection,Overcast,2Vehicles-Side,"15, CARNOT (RUE)",M,48.88543484450276,2.8867012585055303
201800040073,NonLethal,2018-01-04,19:45:00,NightStreelightsOn,930,45,Yes,NoIntersection,Other,Other,"133, PARIS RUE DE",M,,
201800040074,NonLethal,2018-08-01,15:28:00,Daylight,930,6,Yes,NoIntersection,Normal,2Vehicles-Side,"3, CAPSULERIE RUE DE LA",M,,
201800040075,NonLethal,2018-01-11,18:00:00,TwilightOrDawn,930,6,Yes,NoIntersection,Normal,2Vehicles-Behind,"17, CAPSULERIE RUE DE LA",M,,
201800040076,NonLethal,2018-12-01,18:15:00,TwilightOrDawn,930,45,Yes,NoIntersection,Overcast,Other,"118, PARIS RUE DE",M,,
201800040077,NonLethal,2018-01-14,01:25:00,NightStreelightsOff,930,61,Yes,NoIntersection,Normal,Other,"75, FAIDHERBE AVENUE",M,48.882547514994044,2.882862330807121
201800040078,NonLethal,2018-01-17,10:45:00,Daylight,930,63,Yes,NoIntersection,Normal,Other,"120, NOISY ROUTE DE",M,,
201800040079,NonLethal,2018-01-19,16:30:00,TwilightOrDawn,930,63,Yes,NoIntersection,Overcast,Other,"100, BARBUSSE HENRI BOUL",M,48.87828081336601,2.8774713417483966
201800040080,NonLethal,2018-01-20,13:05:00,Daylight,930,63,Yes,Roundabout,LightRain,2Vehicles-Behind,"0, BRANLY BD EDOUARD",M,48.87850306988637,2.876239463015894
201800040081,NonLethal,2018-01-28,19:45:00,NightStreelightsOn,930,61,Yes,NoIntersection,LightRain,Other,"10, ESTIENNE D'ORVES RUE",M,48.88350064715903,2.885591880022196
201800040082,NonLethal,2018-02-02,09:20:00,Daylight,930,61,Yes,NoIntersection,Overcast,2Vehicles-Behind,FAIDHERBE AVENUE,M,48.8809504959735,2.882616116580935
201800040085,NonLethal,2018-05-02,08:10:00,Daylight,930,6,Yes,NoIntersection,Normal,2Vehicles-Side,"69, GAMBETTA AV.",M,48.869754179717255,2.8719642975384567
201800040086,NonLethal,2018-02-10,01:30:00,NightStreelightsOn,930,63,Yes,X-type,SnowOrHail,NoCollision,BERLIOZ AVENUE,M,48.873148461652725,2.87057319687813
201800040087,NonLethal,2018-02-23,20:10:00,NightStreelightsOn,930,6,Yes,NoIntersection,Normal,Other,"26, GAL DE GAULLE AV. DU",M,48.86869993839175,2.864100566805056
201800040088,NonLethal,2018-03-14,11:15:00,Daylight,930,63,Yes,NoIntersection,Normal,Other,"74, JAURES RUE JEAN",M,48.88005380787948,2.8802207419584382
201800040090,NonLethal,2018-03-30,15:22:00,Daylight,930,6,Yes,NoIntersection,Overcast,Other,MOLIERE RUE,M,48.87712821203595,2.878012978894574
201800040092,NonLethal,2018-04-09,13:50:00,Daylight,930,6,Yes,NoIntersection,LightRain,Other,"52-54, GAMBETTA AV.",M,48.86138651408492,2.862065728234211
201800040093,NonLethal,2018-04-11,16:40:00,Daylight,930,63,Yes,NoIntersection,Normal,Other,"20, JOLIOT-CURIE IRENE",M,48.8817353128382,2.8826912818264017
201800040094,NonLethal,2018-04-15,14:30:00,Daylight,930,6,Yes,NoIntersection,Normal,2Vehicles-Side,"71, MICHEL LOUISE RUE",M,,
201800040095,NonLethal,2018-04-18,19:40:00,Daylight,930,45,Yes,Square,Normal,Other,"14, DE GAULLE PLACE CHAR",M,48.88032692557098,2.879584281378162
201800040096,NonLethal,2018-04-20,13:15:00,Daylight,930,63,Yes,T-type,Normal,2Vehicles-Side,KERAUTRET AVENUE PIERRE,M,48.87804793246483,2.877426142260034
201800040097,NonLethal,2018-04-25,10:45:00,Daylight,930,45,Yes,NoIntersection,Overcast,Other,"131, PARIS RUE DE",M,48.88032067757164,2.879462024101288
201800040098,NonLethal,2018-03-05,17:50:00,Daylight,930,45,Yes,NoIntersection,Normal,2Vehicles-Side,"145, PARIS RUE DE",M,48.87927335185623,2.878253915610751
201800040099,NonLethal,2018-05-09,21:25:00,TwilightOrDawn,930,61,Yes,T-type,Normal,2Vehicles-Side,"8, JAURES AVENUE JEAN",M,,
201800040102,NonLethal,2018-05-22,12:55:00,Daylight,930,6,Yes,NoIntersection,Normal,Other,"1, LEFEVRE RAYMOND",M,48.87195682295986,2.872805559949731
201800040103,NonLethal,2018-05-28,17:30:00,Daylight,930,45,Yes,NoIntersection,Normal,Other,"157, PARIS RUE DE",M,48.87937079091835,2.8788508926919363
201800040104,NonLethal,2018-01-06,15:00:00,Daylight,930,6,Yes,T-type,LightRain,2Vehicles-Behind,83 MARIE-ANNE COLOMBIER,M,,
201800040105,NonLethal,2018-02-06,14:40:00,Daylight,930,61,Yes,NoIntersection,Normal,2Vehicles-Behind,"13, SEVERINE PLACE",M,,
201800040106,NonLethal,2018-06-10,01:55:00,NightStreelightsOn,930,45,Yes,X-type,Normal,2Vehicles-Side,"89, DECROS EUGENE BOULEV",M,48.8829178289131,2.8847430588207925
201800040108,NonLethal,2018-06-18,17:30:00,Daylight,930,45,Yes,NoIntersection,Normal,Other,"139, PARIS RUE DE",M,,
201800040109,NonLethal,2018-06-19,23:35:00,NightStreelightsOn,930,6,Yes,NoIntersection,Normal,2Vehicles-Side,"195, PASTEUR AV.",M,48.87571043721616,2.877649733709457
201800040110,NonLethal,2018-06-21,21:00:00,Daylight,930,63,Yes,NoIntersection,Normal,2Vehicles-Side,"52, BELLEVUE ALLEE",M,48.88655197169663,2.887190011019723
201800040111,NonLethal,2018-06-23,16:30:00,Daylight,930,45,Yes,T-type,Normal,2Vehicles-Side,DOUMER PAUL AV.,M,48.88579578917866,2.8864039534759565
201800040113,NonLethal,2018-06-27,20:30:00,Daylight,930,63,Yes,NoIntersection,Normal,Other,VASSOU RUE,M,,
201800040114,NonLethal,2018-06-28,16:30:00,Daylight,930,45,Yes,X-type,Normal,Other,"2, CLEMENCEAU AVENUE GEO",M,48.879348699977136,2.880611808193803
201800040116,NonLethal,2018-04-07,18:00:00,Daylight,930,6,Yes,NoIntersection,Normal,Other,"14, Jean JAURES RUE",M,48.79862785479119,2.800202609126303
201800040117,NonLethal,2018-11-07,08:15:00,Daylight,930,63,Yes,X-type,Normal,2Vehicles-BehindVehicles-Frontal,"80, BARBUSSE HENRI BOULE",M,48.87835381616539,2.8811082151559604
201800040118,NonLethal,2018-12-07,20:13:00,Daylight,930,6,Yes,NoIntersection,Normal,2Vehicles-Side,"28, MITTERRAND FRANCOIS",M,48.8695706959247,2.869522382622626
201800040119,NonLethal,2018-08-01,18:00:00,Daylight,930,45,Yes,NoIntersection,Normal,Other,PARIS RUE DE,M,48.87845163228647,2.879790256467573
201800040120,NonLethal,2018-04-09,08:54:00,Daylight,930,63,Yes,Other,Normal,2Vehicles-Side,NOISY ROUTE DE,M,48.89413753897503,2.893718194236217
201800040122,NonLethal,2018-09-15,12:30:00,Daylight,930,6,Yes,Y-type,Normal,2Vehicles-Behind,GAMBETTA AV.,M,48.8687845339139,2.868101949212878
201800040123,NonLethal,2018-09-15,21:50:00,NightStreelightsOn,930,63,Yes,NoIntersection,Normal,2Vehicles-Side,VAILLANT-COUTURIER AV. P,M,48.882507376513,2.8845589117660992
201800040126,NonLethal,2018-09-20,18:00:00,Daylight,930,6,Yes,X-type,Normal,Other,REPUBLIQUE AVENUE (DE LA,M,,
201800040127,NonLethal,2018-09-26,09:35:00,Daylight,930,6,Yes,NoIntersection,Normal,Other,HOCHE RUE,M,47.998426918035605,2.000922920112768
201800040128,NonLethal,2018-09-28,13:30:00,Daylight,930,6,Yes,NoIntersection,Normal,Other,GAL DE GAULLE AV. DU,M,48.8606799949537,2.86095586126016
201800040129,NonLethal,2018-10-04,11:30:00,Daylight,930,63,Yes,NoIntersection,Normal,Other,VASSOU RUE,M,48.8793727641622,2.8812969865796934
201800040130,NonLethal,2018-05-10,19:15:00,NightStreelightsOn,930,63,Yes,NoIntersection,Normal,Other,REPUBLIQUE RUE DE LA,M,48.79919299990636,2.8002517994363734
201800040131,NonLethal,2018-09-10,00:05:00,NightStreelightsOn,930,6,Yes,X-type,Normal,2Vehicles-Behind,REPUBLIQUE AVENUE DE LA,M,48.86328332364915,2.8624855170863683
201800040132,NonLethal,2018-12-10,08:34:00,Daylight,930,6,Yes,T-type,LightRain,2Vehicles-Side,CAPSULERIE RUE DE LA,M,,
201800040133,NonLethal,2018-10-13,12:30:00,Daylight,930,45,Yes,NoIntersection,Normal,2Vehicles-Side,BRUYERES RUE DES,M,48.87915437833508,2.8779389507946878
201800040134,NonLethal,2018-10-15,12:00:00,Daylight,930,63,Yes,T-type,Normal,Other,VAILLANT-COUTURIER RUE P,M,48.88318740893304,2.8815479327396543
201800040135,NonLethal,2018-10-28,15:00:00,Daylight,930,6,Yes,NoIntersection,Overcast,Other,REPUBLIQUE AVENUE DE LA,M,,
201800040136,NonLethal,2018-10-30,14:30:00,Daylight,930,6,Yes,Other,Normal,Other,FLOREAL (RUE),M,,
201800040137,NonLethal,2018-10-30,15:15:00,Daylight,930,6,Yes,X-type,Normal,2Vehicles-Side,ROBESPIERRE RUE,M,48.86134580226461,2.8592750360802026
201800040139,NonLethal,2018-12-11,17:00:00,TwilightOrDawn,930,45,Yes,NoIntersection,Normal,Other,PARIS RUE De,M,48.88676602668329,2.8839175333934075
201800040140,NonLethal,2018-11-13,14:15:00,Daylight,930,6,Yes,X-type,Normal,Other,GAMBETTA AV.,M,,
201800040141,NonLethal,2018-11-29,16:50:00,TwilightOrDawn,930,63,Yes,NoIntersection,Normal,2Vehicles-Side,BARBUSSE HENRI BOULEVARD,M,,
201800040142,NonLethal,2018-03-12,19:50:00,NightStreelightsOn,930,6,Yes,X-type,Normal,2Vehicles-Side,RIGONDES RUE DES,M,48.87286725125211,2.873343421936741
201800040143,NonLethal,2018-05-12,11:30:00,Daylight,930,63,Yes,Other,Normal,2Vehicles-Behind,DUMAS ALEXANDRE,M,,
201800040144,NonLethal,2018-06-12,16:00:00,Daylight,930,6,Yes,NoIntersection,Normal,Other,GAL DE GAULLE AV. DU,M,48.865699468031934,2.8669163566345093
201800040146,NonLethal,2018-12-08,16:00:00,Daylight,930,63,Yes,T-type,LightRain,2Vehicles-Side,BRANLY BD EDOUARD,M,48.88175767634053,2.8808507535132657
201800040147,NonLethal,2018-12-12,20:15:00,NightNoStreetLight,930,63,Yes,X-type,Normal,Other,ETHIS RUE MARCEL,M,48.87726516975916,2.877350945712964
201800040148,NonLethal,2018-12-16,08:15:00,Daylight,930,6,Yes,NoIntersection,LightRain,Other,REPUBLIQUE AVENUE DE LA,M,48.86226886943222,2.8647923615103665
201800040149,NonLethal,2018-12-20,20:20:00,NightStreelightsOn,930,63,Yes,X-type,Normal,Other,ETHIS RUE MARCEL,M,48.878957987441936,2.8788575970107244
201800040150,NonLethal,2018-12-23,00:05:00,NightStreelightsOn,930,6,Yes,NoIntersection,Normal,Other,REPUBLIQUE AVENUE DE LA,M,48.86081681783335,2.85978315307266
201800040151,NonLethal,2018-12-24,13:00:00,Daylight,930,61,Yes,NoIntersection,Overcast,2Vehicles-Behind,JOINEAU ANDRE RUE,M,48.8883534225268,2.8888473897945808
201800040153,NonLethal,2018-01-18,16:45:00,Daylight,930,46,Yes,X-type,Normal,3+Vehicles-Chain,JEAN JACQUES ROUSSEAU AV,M,48.92694803256329,2.926746085059221
201800040155,NonLethal,2018-01-20,18:00:00,NightStreelightsOn,930,46,Yes,NoIntersection,LightRain,3+Vehicles-Chain,"65, ARISTIDE BRIAND AVEN",M,,
201800040156,NonLethal,2018-01-26,20:35:00,NightNoStreetLight,930,15,No,NoIntersection,Normal,NoCollision,"1, STRATEGIQUE ROUTE",M,,
201800040158,NonLethal,2018-01-31,17:24:00,Daylight,930,46,Yes,T-type,LightRain,2Vehicles-Side,"1, CONSUL GENERAL NORDLI",M,48.914495112801575,2.9155128052877424
201800040159,NonLethal,2018-01-31,18:35:00,NightStreelightsOn,930,46,Yes,NoIntersection,Normal,3+Vehicles-Chain,"59BIS, ARISTIDE BRIAND A",M,48.91292746058145,2.9110636964420595
201800040160,NonLethal,2018-02-03,19:10:00,NightStreelightsOn,930,46,Yes,X-type,LightRain,2Vehicles-Side,"73, PAUL BERT AVENUE",M,48.92105367379406,2.921985409308736
201800040161,NonLethal,2018-03-02,20:00:00,NightStreelightsOn,930,46,Yes,NoIntersection,LightRain,2Vehicles-Behind,"5, THIERS AVENUE",M,48.90198819046992,2.901202562333423
201800040162,NonLethal,2018-03-02,22:05:00,NightStreelightsOn,930,74,Yes,X-type,LightRain,2Vehicles-BehindVehicles-Frontal,MEAUX RUE DE,M,48.93406154628237,2.9348825352936854
201800040163,NonLethal,2018-05-02,08:35:00,Daylight,930,74,Yes,T-type,Normal,Other,MARE NEUVE RUE DE LA,M,48.93510719305491,2.936370630842072
201800040166,NonLethal,2018-02-15,18:35:00,NightStreelightsOn,930,46,Yes,NoIntersection,LightRain,2Vehicles-Behind,"82, CONSUL GENERAL NORDL",M,48.91738936093545,2.9177704322794065
201800040167,NonLethal,2018-02-20,19:30:00,NightStreelightsOff,930,46,Yes,NoIntersection,LightRain,2Vehicles-Side,"235, POSTES CHEMIN DES",M,,
201800040168,NonLethal,2018-02-25,18:10:00,Daylight,930,46,Yes,X-type,Normal,2Vehicles-Side,ARISTIDE BRIAND AVENUE,M,48.91021546084665,2.910283112961394
201800040169,NonLethal,2018-03-02,20:10:00,NightNoStreetLight,930,15,No,NoIntersection,Normal,NoCollision,BOIS DE BERNOUILLE ROUTE,M,,
201800040170,NonLethal,2018-04-03,16:40:00,Daylight,930,46,Yes,T-type,LightRain,2Vehicles-Behind,MARX DORMOY BOULEVARD,M,48.9075963305458,2.910285072594045
201800040171,NonLethal,2018-06-03,10:45:00,Daylight,930,46,Yes,MoreThan4Branches,Normal,2Vehicles-Behind,ARISTIDE BRIAND AVENUE,M,48.91211442186451,2.9130961248659557
201800040172,NonLethal,2018-03-08,09:00:00,Daylight,930,74,Yes,T-type,Normal,2Vehicles-Side,SOMME (RUE DE LA),M,,
201800040173,NonLethal,2018-08-03,15:40:00,Daylight,930,46,Yes,X-type,LightRain,2Vehicles-Side,PAUL BERT AVENUE,M,48.92067960236933,2.920352441395153
201800040174,NonLethal,2018-03-17,01:05:00,NightStreelightsOn,930,77,Yes,NoIntersection,Normal,Other,"43, 8 MAI 1945 (RUE DU)",M,48.8857010346809,2.8848592582975607
201800040175,NonLethal,2018-03-23,09:55:00,Daylight,930,74,Yes,X-type,Normal,2Vehicles-Side,MEAUX RUE DE,M,48.93613196761759,2.93476301030081
201800040177,Lethal,2018-03-23,12:20:00,Daylight,930,46,Yes,NoIntersection,Normal,Other,"36, MARECHAL LECLERC AVE",M,48.92107511911662,2.921517119184489
201800040178,NonLethal,2018-03-24,21:15:00,NightNoStreetLight,930,74,No,NoIntersection,Normal,Other,Route Nationale 3,M,,
201800040179,NonLethal,2018-03-30,12:20:00,Daylight,930,15,Yes,NoIntersection,LightRain,2Vehicles-Behind,"09, COROT AVENUE",M,48.91270817294927,2.911786262214868
201800040180,NonLethal,2018-03-30,20:10:00,TwilightOrDawn,930,46,Yes,NoIntersection,Normal,2Vehicles-Behind,"89, CONSUL GENERAL NORDL",M,48.91547579251799,2.916198731098853
201800040181,NonLethal,2018-04-05,16:10:00,Daylight,930,46,Yes,NoIntersection,Normal,2Vehicles-BehindVehicles-Frontal,"83, MARX DORMOY BOULEVAR",M,48.905852892548495,2.9076670534525557
201800040182,NonLethal,2018-04-11,16:20:00,Daylight,930,46,Yes,NoIntersection,Normal,2Vehicles-Side,"47 BIS, JOSEPH NOIZE ALL",M,48.92310654313575,2.922855117089408
201800040183,NonLethal,2018-04-14,15:50:00,Daylight,930,46,Yes,X-type,Normal,3+Vehicles-Multiple,ROGER SALENGRO BOULEVARD,M,48.91164784826314,2.911305075671142
201800040185,NonLethal,2018-04-22,18:58:00,Daylight,930,46,Yes,X-type,Normal,2Vehicles-Side,"77, CONSUL GENERAL NORDL",M,,
201800040186,NonLethal,2018-04-24,21:54:00,NightStreelightsOn,930,46,Yes,T-type,Normal,2Vehicles-Side,"1, CONSUL GENERAL NORDLI",M,48.91614392106687,2.917771632257043
201800040189,NonLethal,2018-07-05,19:15:00,Daylight,930,46,Yes,NoIntersection,Normal,Other,"4, PRESSOIR RUE DU",M,48.92160781316938,2.9209617908980747
201800040190,NonLethal,2018-05-09,23:20:00,NightStreelightsOn,930,74,Yes,T-type,Normal,2Vehicles-Side,"1, MEAUX RUE DE",M,48.93566920865184,2.9369105759184424
201800040191,NonLethal,2018-05-16,11:15:00,Daylight,930,46,Yes,NoIntersection,Normal,NoCollision,REPUBLIQUE AVENUE DE LA,M,,
201800040192,NonLethal,2018-05-16,20:39:00,Daylight,930,46,Yes,X-type,Normal,2Vehicles-Side,MARECHAL LECLERC AVENUE,M,48.91972857575661,2.919684103870075
201800040193,NonLethal,2018-05-20,10:35:00,Daylight,930,46,Yes,NoIntersection,Normal,Other,"8, WINSTON CHURCHILL AVE",M,,
201800040194,NonLethal,2018-05-23,15:05:00,Daylight,930,46,Yes,NoIntersection,Normal,3+Vehicles-Chain,"19-13, DOCTEUR HERPIN RU",M,48.91896797374636,2.9214126033896965
201800040195,NonLethal,2018-05-25,00:30:00,NightStreelightsOn,930,46,Yes,X-type,Normal,Other,MARECHAL LECLERC  AVENUE,M,48.91996949392264,2.9191616518331527
201800040196,NonLethal,2018-05-29,17:40:00,Daylight,930,46,Yes,NoIntersection,Normal,Other,"96, MARX DORMOY BOULEVAR",M,48.90501533753445,2.903064901482754
201800040197,NonLethal,2018-02-06,17:55:00,Daylight,930,46,Yes,T-type,Normal,2Vehicles-Side,LUCIEN MICHARD ALLEE,M,48.91086418042223,2.910233750714774
201800040198,NonLethal,2018-06-06,07:50:00,Daylight,930,15,Yes,T-type,HeavyRain,Other,"9, PRESSOIRS RUE DU",M,48.91559382874623,2.9126444602994903
201800040199,NonLethal,2018-06-07,21:30:00,Daylight,930,15,Yes,NoIntersection,Normal,Other,JAURES RUE JEAN,M,,
201800040200,NonLethal,2018-12-06,08:50:00,Daylight,930,46,Yes,NoIntersection,HeavyRain,3+Vehicles-Chain,"36, EUROPE BOULEVARD DE",M,,
201800040201,NonLethal,2018-06-12,17:10:00,Daylight,930,46,Yes,X-type,Normal,Other,"0, MARECHAL LECLERC AVEN",M,48.917998117000806,2.918465906728368
201800040202,NonLethal,2018-06-14,16:20:00,Daylight,930,46,Yes,X-type,Normal,2Vehicles-Side,"0, ROGER SALENGRO BOULEV",M,48.90907037391883,2.911245536223023
201800040203,NonLethal,2018-06-20,16:45:00,Daylight,930,46,Yes,T-type,Normal,Other,"0, JOSEPH NOIZE ALLEE",M,,
201800040204,NonLethal,2018-06-21,19:55:00,Daylight,930,74,Yes,Other,Normal,2Vehicles-BehindVehicles-Frontal,"0, NOLHAC RUE PIERRE DE",M,48.933827298551286,2.932429642394027
201800040205,NonLethal,2018-06-25,08:45:00,Daylight,930,74,Yes,T-type,Normal,2Vehicles-BehindVehicles-Frontal,"2, DAVID RUE ALBERT",M,,
201800040206,NonLethal,2018-06-27,08:50:00,Daylight,930,46,Yes,NoIntersection,Normal,Other,"71, REPUBLIQUE AVENUE DE",M,48.90514667147234,2.904480129045216
201800040207,NonLethal,2018-06-29,23:30:00,NightStreelightsOn,930,74,Yes,Other,Normal,Other,"10, BOUCHER RUE ALEXANDR",M,48.93342062323383,6.932705308579266
201800040208,NonLethal,2018-03-07,10:30:00,Daylight,930,74,Yes,NoIntersection,VeryGood,3+Vehicles-Chain,"66, AMYOT BOULEVARD JACQ",M,48.93332844933463,2.9361896924185427
201800040209,NonLethal,2018-07-09,11:10:00,Daylight,930,46,Yes,NoIntersection,Normal,2Vehicles-Side,"58, JEAN MOULIN BOULEVAR",M,48.91449823965706,2.9146910445956853
201800040210,NonLethal,2018-07-09,13:50:00,Daylight,930,46,Yes,X-type,Normal,2Vehicles-Behind,ARISTIDE BRIAND AVENUE,M,,
201800040211,NonLethal,2018-07-14,23:20:00,NightStreelightsOn,930,46,Yes,NoIntersection,Normal,3+Vehicles-Multiple,"95/97, ARISTIDE BRIAND A",M,,
201800040212,NonLethal,2018-07-19,11:15:00,Daylight,930,46,Yes,T-type,Normal,2Vehicles-Side,ARISTIDE BRIAND  AVENUE,M,,
201800040213,NonLethal,2018-07-23,11:00:00,Daylight,930,74,Yes,T-type,Normal,2Vehicles-BehindVehicles-Frontal,BOUCHER RUE ALEXANDRE,M,,
201800040214,NonLethal,2018-07-24,18:40:00,Daylight,930,46,Yes,T-type,Normal,2Vehicles-Side,PAUL BERT AVENUE,M,,
201800040215,NonLethal,2018-07-27,20:53:00,Daylight,930,46,Yes,Other,Normal,2Vehicles-Behind,ARISTIDE BRIAND AVENUE,M,48.91138450480371,2.912339743399118
201800040217,NonLethal,2018-08-08,17:55:00,Daylight,930,46,Yes,X-type,Normal,2Vehicles-Side,GALLIENI AVENUE,M,48.91675975162909,2.91684593452496
201800040218,NonLethal,2018-08-11,20:45:00,TwilightOrDawn,930,46,Yes,X-type,Normal,2Vehicles-Side,CONSUL GENERAL NORDLING,M,48.915855753321566,2.915781375505156
201800040219,NonLethal,2018-08-13,10:15:00,Daylight,930,74,No,NoIntersection,Normal,Other,Route Nationale 3,M,,
201800040220,NonLethal,2018-08-28,17:30:00,Daylight,930,46,Yes,X-type,Normal,2Vehicles-Side,POUDRERIE Avenue DE LA,M,48.93313679626983,2.9316065727147915
201800040221,NonLethal,2018-09-04,19:30:00,Daylight,930,46,Yes,X-type,Normal,2Vehicles-Side,ARISTIDE BRIAND AVENUE,M,48.910829291610014,2.9107302850309016
201800040223,NonLethal,2018-08-09,07:10:00,Daylight,930,46,Yes,X-type,Normal,2Vehicles-Side,CONSUL GENERAL NORDLING,M,48.9176788232636,2.9165202465260487
201800040224,NonLethal,2018-11-09,17:50:00,Daylight,930,46,Yes,NoIntersection,Normal,2Vehicles-Side,CONSUL GENERAL NORDLING,M,,
201800040225,NonLethal,2018-09-19,07:15:00,Daylight,930,46,Yes,NoIntersection,Normal,Other,VAUJOURS RUE DE,M,48.92214880908341,2.9228711700580683
201800040226,NonLethal,2018-09-19,18:10:00,Daylight,930,74,Yes,X-type,VeryGood,2Vehicles-BehindVehicles-Frontal,MEAUX RUE DE,M,48.93500813208415,2.9350184981025227
201800040228,NonLethal,2018-09-23,02:50:00,NightStreelightsOn,930,46,Yes,NoIntersection,Normal,Other,MARECHAL LECLERC AVENUE,M,48.920710801045175,2.9209211860656463
201800040229,NonLethal,2018-09-24,16:55:00,Daylight,930,46,Yes,NoIntersection,Normal,Other,JULES VALLES RUE,M,,
201800040230,NonLethal,2018-09-24,21:05:00,NightStreelightsOn,930,74,Yes,NoIntersection,Normal,2Vehicles-Behind,MEAUX RUE DE,M,,
201800040231,NonLethal,2018-09-27,13:30:00,Daylight,930,46,Yes,Y-type,Normal,2Vehicles-Side,JEAN JACQUES ROUSSEAU AV,M,,
201800040232,NonLethal,2018-09-29,14:30:00,Daylight,930,46,Yes,Other,Normal,2Vehicles-Side,JULES VALLES RUE,M,48.9188177434225,2.9196326032425355
201800040233,NonLethal,2018-01-10,09:25:00,Daylight,930,46,Yes,NoIntersection,Normal,2Vehicles-Side,LUCIE AUBRAC ALLEE,M,48.93280509750783,2.9328273659208173
201800040235,NonLethal,2018-10-10,03:22:00,NightStreelightsOn,930,46,Yes,X-type,Normal,Other,JULES GUESDES AVENUE,M,48.90891846570992,2.9088422367984093
201800040237,NonLethal,2018-11-07,11:55:00,Daylight,930,46,Yes,X-type,HeavyRain,2Vehicles-Side,PAUL BERT AVENUE,M,48.919006254358905,2.9192683158433246
201800040239,NonLethal,2018-11-10,13:10:00,Daylight,930,46,Yes,NoIntersection,HeavyRain,2Vehicles-Side,JEAN JACQUES ROUSSEAU AV,M,,
201800040240,NonLethal,2018-11-12,19:45:00,NightStreelightsOn,930,46,Yes,NoIntersection,Normal,Other,POUDRERIE ALLEE de la,M,48.93128744560025,2.929744086045938
201800040241,NonLethal,2018-11-12,17:05:00,TwilightOrDawn,930,46,Yes,Other,LightRain,2Vehicles-Behind,CHANZY AVENUE DE,M,,
201800040243,NonLethal,2018-11-17,16:20:00,Daylight,930,46,Yes,X-type,Normal,2Vehicles-Side,WINSTON CHURCHILL AVENUE,M,,
201800040244,NonLethal,2018-11-20,20:40:00,NightStreelightsOn,930,46,Yes,NoIntersection,Overcast,Other,ARISTIDE BRIAND AVENUE,M,,
201800040245,NonLethal,2018-11-21,13:10:00,Daylight,930,46,Yes,NoIntersection,Normal,2Vehicles-Behind,JULES GUESDES AVENUE,M,48.9119917816396,2.9115299471199134
201800040246,NonLethal,2018-11-21,13:45:00,Daylight,930,15,Yes,NoIntersection,Normal,2Vehicles-Behind,JAURES RUE JEAN,M,,
201800040247,NonLethal,2018-11-24,18:45:00,NightStreelightsOn,930,46,Yes,NoIntersection,Normal,3+Vehicles-Chain,ARISTIDE BRIAND AVENUE,M,48.91019251234609,2.9121039183665847
201800040248,NonLethal,2018-11-26,00:15:00,NightStreelightsOn,930,46,Yes,NoIntersection,LightRain,2Vehicles-Behind,ARISTIDE BRIAND AVENUE,M,48.91453663457134,2.914295354386302
201800040249,NonLethal,2018-11-27,11:45:00,Daylight,930,74,Yes,NoIntersection,Normal,2Vehicles-Behind,MEAUX RUE DE,M,,
201800040250,NonLethal,2018-11-29,00:35:00,NightStreelightsOn,930,14,Yes,NoIntersection,LightRain,2Vehicles-Behind,MONTFERMEIL (ALLEE DE ),M,,
201800040251,NonLethal,2018-01-12,18:35:00,NightStreelightsOn,930,74,Yes,NoIntersection,LightRain,Other,MARE NEUVE RUE DE LA,M,48.863671800592606,2.8624733160503784
201800040252,NonLethal,2018-04-12,08:25:00,Daylight,930,46,Yes,X-type,Other,2Vehicles-Behind,POSTES CHEMIN DES,M,48.91322032136439,2.913601369056023
201800040253,NonLethal,2018-12-04,23:20:00,NightStreelightsOn,930,15,Yes,T-type,Normal,2Vehicles-BehindVehicles-Frontal,JAURES RUE JEAN,M,48.91449259651746,2.914339217812345
201800040254,NonLethal,2018-12-05,08:50:00,Daylight,930,74,No,NoIntersection,Overcast,Other,Route Nationale 3,M,48.93242586176598,2.932181406795841
201800040255,NonLethal,2018-06-12,19:00:00,NightStreelightsOn,930,46,Yes,NoIntersection,Normal,3+Vehicles-Chain,EUROPE BOULEVARD DE L',M,48.92607707067126,2.925650720078988
201800040256,NonLethal,2018-12-07,19:05:00,NightStreelightsOn,930,46,Yes,T-type,Normal,2Vehicles-Side,MARECHAL LECLERC AVENUE,M,48.92059291241313,2.9198375736291577
201800040259,NonLethal,2018-11-12,23:30:00,NightStreelightsOn,930,15,Yes,Roundabout,Normal,Other,JAURES RUE JEAN,M,48.91481917576645,2.914567797042892
201800040260,NonLethal,2018-12-13,19:45:00,NightStreelightsOn,930,46,Yes,NoIntersection,Normal,3+Vehicles-Multiple,JEAN MOULIN BOULEVARD,M,48.90985055292632,2.910219323230933
201800040261,NonLethal,2018-12-15,01:40:00,NightStreelightsOn,930,46,Yes,Other,Normal,2Vehicles-Side,CHARLES DE GAULLE AVENUE,M,48.91635370100907,2.918736478324943
201800040262,NonLethal,2018-12-16,13:40:00,Daylight,930,46,Yes,NoIntersection,Overcast,2Vehicles-Behind,ARISTIDE BRIAND AVENUE,M,48.91161691038895,2.910802689724481