AccidentId,Gravity,Date,Hour,Light,Department,Commune,InAgglomeration,IntersectionType,Weather,CollisionType,PostalAddress,GPSCode,Latitude,Longitude
201800040263,NonLethal,2018-12-17,14:25:00,Daylight,930,46,Yes,T-type,VeryGood,2Vehicles-Side,CONSUL GENERAL NORDLING,M,48.9164692200448,2.9169387147543056
201800040264,NonLethal,2018-12-19,16:20:00,Daylight,930,46,Yes,NoIntersection,Normal,2Vehicles-Behind,CHANZY boulevard DE,M,48.91022887505075,2.909588001717985
201800040265,NonLethal,2018-12-23,17:20:00,NightStreelightsOn,930,46,Yes,X-type,LightRain,2Vehicles-Side,VOLTAIRE AVENUE,M,48.92918337509423,2.9296430326251826
201800040266,NonLethal,2018-12-29,14:20:00,Daylight,930,46,Yes,NoIntersection,Overcast,Other,EGLISE RUE DE L',M,48.92187238808575,2.922228568861182
201800040267,NonLethal,2018-12-30,20:10:00,NightStreelightsOn,930,46,Yes,NoIntersection,LightRain,2Vehicles-BehindVehicles-Frontal,MARECHAL LECLERC AVENUE,M,48.92228248177505,2.920316384220909
201800040268,NonLethal,2018-03-01,16:20:00,Daylight,930,48,Yes,Other,LightRain,2Vehicles-Side,"210, ARISTIDE BRIAND (Bd",M,,
201800040270,NonLethal,2018-01-16,19:01:00,NightStreelightsOn,930,48,Yes,NoIntersection,LightRain,NoCollision,"150, THEOPHILE SUEUR (BO",M,48.85785634053259,2.8615976447354687
201800040271,NonLethal,2018-01-23,20:15:00,NightNoStreetLight,930,48,Yes,X-type,Overcast,2Vehicles-BehindVehicles-Frontal,"136, ROSNY (RUE DE)",M,,
201800040272,NonLethal,2018-01-02,01:40:00,NightStreelightsOn,930,48,Yes,Other,Overcast,2Vehicles-Side,"183, ARISTIDE BRIAND S2",M,48.87414859594259,2.875104160614649
201800040273,NonLethal,2018-02-02,08:15:00,TwilightOrDawn,930,48,Yes,NoIntersection,Normal,Other,"59, RESISTANCE (AVENUE D",M,48.85992846575443,2.8599417571406427
201800040274,NonLethal,2018-02-02,15:15:00,Daylight,930,48,Yes,NoIntersection,Normal,2Vehicles-Behind,"225, BOISSIERE (BOULEVAR",M,,
201800040275,NonLethal,2018-02-03,19:45:00,NightStreelightsOn,930,48,Yes,NoIntersection,LightRain,Other,"236, BOISSIERE (BOULEVAR",M,,
201800040276,NonLethal,2018-02-10,03:00:00,NightStreelightsOn,930,50,Yes,NoIntersection,SnowOrHail,Other,"49, LOUIS ARMAND (RUE)",M,48.863547700570194,2.8618025497571304
201800040277,NonLethal,2018-11-02,06:15:00,TwilightOrDawn,930,64,Yes,X-type,LightRain,2Vehicles-Side,"26, BEAULIEU (RUE EDOUAR",M,48.87034368561365,2.8718389712970027
201800040278,NonLethal,2018-02-12,00:10:00,NightStreelightsOn,930,48,Yes,NoIntersection,Overcast,2Vehicles-Behind,"149, PARIS (RUE DE)",M,48.85562123178632,2.855883261512977
201800040283,NonLethal,2018-02-24,15:30:00,Daylight,930,48,Yes,NoIntersection,Normal,2Vehicles-Side,"276, THEOPHILE SUEUR (BO",M,48.85806872573121,2.857468446853543
201800040285,NonLethal,2018-06-03,08:35:00,Daylight,930,48,Yes,X-type,Normal,Other,"189, BOISSIERE (BOULEVAR",M,48.87539206742351,2.878863644356753
201800040286,NonLethal,2018-06-03,11:40:00,Daylight,930,48,Yes,NoIntersection,Normal,Other,"24, PARIS (RUE DE)",M,48.85811037779136,2.8582601801044536
201800040288,NonLethal,2018-03-30,21:10:00,NightStreelightsOn,930,48,Yes,X-type,Normal,2Vehicles-Side,"137, HENRI BARBUSSE (BOU",M,48.87148959062254,2.872058361323641
201800040289,NonLethal,2018-01-04,16:45:00,Daylight,930,48,Yes,X-type,Normal,Other,"1, THEOPHILE SUEUR (BOUL",M,48.87087980935083,2.874128872535417
201800040290,NonLethal,2018-04-03,13:30:00,Daylight,930,48,Yes,NoIntersection,Normal,Other,"3, ROSNY (RUE DE)",M,,
201800040292,NonLethal,2018-05-04,15:40:00,Daylight,930,48,Yes,NoIntersection,Normal,2Vehicles-Side,"23, COTE DU NORD (RUE DE",M,48.86178894630434,2.8624721607629677
201800040293,NonLethal,2018-05-04,17:35:00,Daylight,930,48,Yes,NoIntersection,Normal,Other,"5, LAVOISIER (RUE)",M,,
201800040295,NonLethal,2018-04-13,12:00:00,Daylight,930,48,Yes,NoIntersection,Normal,2Vehicles-BehindVehicles-Frontal,"247, ROSNY S4 (RUE DE)",M,48.868660815328376,2.871108509177375
201800040296,NonLethal,2018-04-17,20:56:00,TwilightOrDawn,930,48,Yes,X-type,Normal,2Vehicles-BehindVehicles-Frontal,"29, VALMY (RUE DE)",M,,
201800040297,NonLethal,2018-04-22,20:20:00,TwilightOrDawn,930,48,Yes,X-type,Normal,2Vehicles-Side,"40, BELAIR (RUE DU)",M,48.86020554742285,2.8597545124538937
201800040298,NonLethal,2018-04-28,17:23:00,Daylight,930,48,Yes,LevelCrossing,Normal,Other,"10, ANATOLE FRANCE (RUE)",M,48.86535920610398,2.8631562375488557
201800040299,NonLethal,2018-05-05,11:35:00,Daylight,930,48,Yes,X-type,VeryGood,Other,"34, MIDI (RUE DU)",M,48.86957048766292,2.8684885653831347
201800040300,NonLethal,2018-06-05,11:15:00,Daylight,930,48,Yes,NoIntersection,Normal,2Vehicles-Behind,"135, BOISSIERE (BOULEVAR",M,,
201800040301,NonLethal,2018-05-07,18:45:00,Daylight,930,48,Yes,MoreThan4Branches,Normal,2Vehicles-Side,MARCEAU (RUE),M,48.848471074737,2.849679263944552
201800040302,Lethal,2018-07-05,23:50:00,NightStreelightsOn,930,48,Yes,X-type,Normal,2Vehicles-Side,"ll, PASTEUR S2  (AVENUE)",M,48.86295580975032,2.8637998047506086
201800040303,NonLethal,2018-05-08,19:05:00,Daylight,930,48,Yes,NoIntersection,Normal,Other,"56, HOCHE (RUE)",M,,
201800040305,NonLethal,2018-11-05,13:00:00,Daylight,930,48,Yes,NoIntersection,Normal,Other,"25, ARISTIDE BRIAND (BOU",M,48.862035071420266,2.8627316061313737
201800040306,NonLethal,2018-05-15,21:40:00,NightStreelightsOn,930,48,Yes,NoIntersection,Normal,2Vehicles-Side,"31, BARBES (RUE)",M,,
201800040307,NonLethal,2018-05-16,08:40:00,Daylight,930,48,Yes,Other,Normal,2Vehicles-Side,"8, HENRI BARBUSSE (BOULE",M,48.862209675449,2.865377608806417
201800040308,NonLethal,2018-05-18,18:05:00,Daylight,930,48,Yes,T-type,Normal,2Vehicles-Side,"148, THEOPHILE SUEUR (BO",M,48.86102167528954,2.8599462985319706
201800040309,NonLethal,2018-05-18,20:15:00,Daylight,930,48,Yes,NoIntersection,Normal,2Vehicles-BehindVehicles-Frontal,THEOPHILE SUEUR (BOULEVA,M,48.85984649366315,2.8603367653901026
201800040310,NonLethal,2018-05-20,19:30:00,Daylight,930,48,Yes,NoIntersection,Normal,Other,ROLLAND MARTIN (ALLEE),M,48.86523571239305,2.8646459289588697
201800040311,NonLethal,2018-05-21,23:50:00,NightNoStreetLight,930,48,Yes,NoIntersection,Normal,2Vehicles-Side,"58, ARISTIDE BRIAND S2 (",M,48.87006589716398,2.8693352634812097
201800040313,NonLethal,2018-05-28,09:00:00,Daylight,930,48,Yes,NoIntersection,Normal,2Vehicles-Side,"68, SAINT MANDE (RUE DE)",M,48.849768916506186,2.850322263390859
201800040314,NonLethal,2018-05-28,19:00:00,Daylight,930,48,Yes,NoIntersection,LightRain,2Vehicles-Behind,"97, PASTEUR S2  (AVENUE)",M,48.870656984007326,2.871147398434088
201800040315,NonLethal,2018-05-29,12:20:00,Daylight,930,48,Yes,NoIntersection,LightRain,2Vehicles-Side,"17, ANATOLE FRANCE (RUE)",M,,
201800040316,NonLethal,2018-05-29,21:45:00,NightStreelightsOn,930,48,Yes,NoIntersection,HeavyRain,2Vehicles-Side,THEOPHILE SUEUR (BOULEVA,M,48.86288744643664,2.862241603434554
201800040318,NonLethal,2018-06-05,10:50:00,Daylight,930,48,Yes,X-type,Overcast,3+Vehicles-Multiple,"224, THEOPHILE SUEUR (BO",M,48.86215182730992,2.8627985847463107
201800040319,NonLethal,2018-02-06,18:50:00,Daylight,930,48,Yes,NoIntersection,Normal,Other,"35, PAUL VAILLANT COUTUR",M,,
201800040322,NonLethal,2018-06-21,11:55:00,Daylight,930,48,Yes,NoIntersection,Normal,Other,"81, PARIS (RUE DE)",M,,
201800040323,NonLethal,2018-06-21,19:55:00,Daylight,930,48,Yes,NoIntersection,Normal,3+Vehicles-Multiple,"170, ETIENNE MARCEL (RUE",M,48.85731204270932,2.85702300422276
201800040325,NonLethal,2018-06-24,19:30:00,Daylight,930,48,Yes,X-type,VeryGood,Other,"62, PARIS (RUE DE)",M,48.85750383919877,2.857319914946716
201800040326,NonLethal,2018-06-26,01:25:00,NightStreelightsOn,930,48,Yes,NoIntersection,Normal,Other,"5, PEPIN (RUE)",M,48.86533109172172,2.8639732250834298
201800040327,NonLethal,2018-06-26,18:30:00,Daylight,930,48,Yes,NoIntersection,Normal,2Vehicles-Side,"09, PAUL SIGNAC (AVENUE)",M,48.86877286056581,2.8686531346782678
201800040328,NonLethal,2018-06-28,17:00:00,Daylight,930,48,Yes,X-type,Normal,2Vehicles-Side,"84, ARISTIDE BRIAND (BOU",M,48.87209619298557,2.870584162984649
201800040329,NonLethal,2018-06-30,17:20:00,Daylight,930,48,Yes,NoIntersection,Normal,Other,"80, PARIS (RUE DE)",M,,
201800040330,NonLethal,2018-07-04,03:00:00,NightStreelightsOn,930,48,Yes,Roundabout,Normal,2Vehicles-Side,"1, JACQUES DUCLOS (RUE)",M,48.85759023291397,2.857266176933692
201800040332,NonLethal,2018-07-13,10:50:00,Daylight,930,48,Yes,NoIntersection,Normal,Other,"2, CHANZY (BOULEVARD)",M,,
201800040333,NonLethal,2018-07-17,14:40:00,Daylight,930,48,Yes,NoIntersection,Normal,2Vehicles-Side,CHANZY (BOULEVARD),M,48.85036975032392,2.8483542782818345
201800040334,NonLethal,2018-07-24,03:30:00,NightNoStreetLight,930,48,No,NoIntersection,Normal,NoCollision,DIDIER DAURAT (RUE),M,,
201800040335,NonLethal,2018-07-24,19:40:00,Daylight,930,48,Yes,MoreThan4Branches,Normal,2Vehicles-Side,CHANZY (BOULEVARD),M,,
201800040337,NonLethal,2018-08-03,14:15:00,Daylight,930,48,Yes,X-type,Normal,2Vehicles-BehindVehicles-Frontal,KLEBER (RUE),M,48.85679194628509,2.854574654840291
201800040338,NonLethal,2018-08-16,10:55:00,Daylight,930,48,Yes,LevelCrossing,Normal,Other,CHANZY (BOULEVARD),M,48.84967074215373,2.849276214374833
201800040339,NonLethal,2018-08-21,13:05:00,Daylight,930,48,Yes,NoIntersection,Normal,Other,FERDINAND (AVENUE),M,,
201800040340,NonLethal,2018-08-31,16:15:00,Daylight,930,48,Yes,NoIntersection,Normal,3+Vehicles-Multiple,PARIS (RUE DE),M,,
201800040342,NonLethal,2018-09-20,17:50:00,Daylight,930,48,Yes,NoIntersection,Normal,Other,MARCEAU (RUE),M,48.85519342859355,2.8551190460355107
201800040343,NonLethal,2018-09-20,20:30:00,NightNoStreetLight,930,48,Yes,X-type,Normal,2Vehicles-Side,VALMY (RUE DE),M,,
201800040344,NonLethal,2018-09-21,18:30:00,Daylight,930,48,Yes,NoIntersection,Normal,2Vehicles-Side,THEOPHILE SUEUR (BOULEVA,M,,
201800040345,NonLethal,2018-09-25,16:05:00,Daylight,930,48,Yes,NoIntersection,Normal,Other,THEOPHILE SUEUR (BOULEVA,M,,
201800040346,NonLethal,2018-09-25,19:35:00,NightNoStreetLight,930,48,Yes,NoIntersection,Normal,Other,COTE DU NORD (RUE DE LA),M,48.86230212634389,2.863148780881024
201800040347,NonLethal,2018-09-29,19:40:00,NightStreelightsOn,930,48,Yes,NoIntersection,Normal,2Vehicles-Side,ERNEST RENAN (AVENUE),M,48.854442765993525,2.856023802089049
201800040349,NonLethal,2018-03-10,09:15:00,Daylight,930,48,Yes,X-type,Normal,Other,CAILLOTS (RUE DES),M,48.86561007563527,2.865515361844184
201800040350,NonLethal,2018-10-06,14:40:00,Daylight,930,64,Yes,T-type,Normal,3+Vehicles-Multiple,BOISSIERE (BOULEVARD DE,M,,
201800040351,NonLethal,2018-12-10,09:40:00,Daylight,930,48,Yes,T-type,Normal,2Vehicles-Side,GABRIEL PERI (AVENUE),M,48.85684025995524,2.8575629004702385
201800040352,NonLethal,2018-10-12,14:40:00,Daylight,930,48,Yes,Other,Normal,2Vehicles-Side,NUNGESSER (RUE),M,,
201800040353,NonLethal,2018-10-15,17:40:00,Daylight,930,48,Yes,NoIntersection,Normal,Other,PARIS (RUE DE),M,,
201800040354,NonLethal,2018-10-15,18:30:00,TwilightOrDawn,930,64,Yes,NoIntersection,Normal,2Vehicles-Behind,KENNEDY (AVENUE DU PRESI,M,,
201800040356,NonLethal,2018-10-26,16:50:00,Daylight,930,48,Yes,NoIntersection,Normal,2Vehicles-Side,PARIS (RUE DE),M,48.856328005829525,2.857037252309409
201800040357,NonLethal,2018-10-27,17:40:00,TwilightOrDawn,930,48,Yes,NoIntersection,Normal,Other,ROUGET DE L'ISLE (BOULEV,M,,
201800040358,NonLethal,2018-10-31,06:00:00,NightStreelightsOn,930,48,Yes,NoIntersection,Normal,2Vehicles-Side,THEOPHILE SUEUR (BOULEVA,M,48.85801288972112,2.858785843430471
201800040359,NonLethal,2018-01-11,20:10:00,NightStreelightsOn,930,48,Yes,X-type,LightRain,Other,PARIS (RUE DE),M,48.85748565454635,2.857067567691819
201800040360,NonLethal,2018-06-11,10:30:00,Daylight,930,48,Yes,NoIntersection,Normal,2Vehicles-Side,FAIDHERBE (AVENUE),M,48.86624899730571,2.865988828844492
201800040362,NonLethal,2018-11-12,19:35:00,NightStreelightsOn,930,48,Yes,X-type,Normal,2Vehicles-Side,FERDINAND (AVENUE),M,48.87347739902919,2.8722417317012807
201800040363,NonLethal,2018-11-14,07:15:00,TwilightOrDawn,930,48,Yes,NoIntersection,Normal,2Vehicles-Side,RESISTANCE S3 (AVENUE DE,M,,
201800040364,NonLethal,2018-11-16,22:30:00,NightStreelightsOn,930,48,No,NoIntersection,Normal,Other,ARISTIDE BRIAND (BOULEVA,M,48.87058845775202,2.871372852725026
201800040365,NonLethal,2018-11-17,15:00:00,Daylight,930,48,Yes,Y-type,Normal,Other,EPERNONS (RUE DES),M,48.86826994867755,2.869376476685927
201800040366,NonLethal,2018-11-19,11:45:00,Daylight,930,48,Yes,T-type,Normal,Other,VINCENNES (RUE DE),M,48.850530347169126,2.8509506973862755
201800040367,NonLethal,2018-11-19,15:30:00,Daylight,930,48,Yes,NoIntersection,Normal,Other,RASPAIL (RUE),M,48.85243773994932,2.853057563145373
201800040368,NonLethal,2018-11-25,00:40:00,NightStreelightsOn,930,48,Yes,Other,Overcast,2Vehicles-Side,ARISTIDE BRIAND (BOULEVA,M,48.870111178967385,2.869823946308899
201800040369,NonLethal,2018-11-25,06:10:00,NightStreelightsOn,930,48,Yes,NoIntersection,LightRain,2Vehicles-Behind,NOUVELLE FRANCE (RUE DE,M,48.86434501860003,2.8610692663133444
201800040370,NonLethal,2018-11-25,16:10:00,Daylight,930,48,Yes,Roundabout,LightRain,Other,DIDIER DAURAT (RUE),M,48.86781628695877,2.8679583695782336
201800040371,NonLethal,2018-11-26,09:10:00,Daylight,930,48,Yes,X-type,LightRain,Other,VICTOR HUGO (RUE),M,48.86365712876281,2.8625463446734787
201800040372,NonLethal,2018-12-04,18:45:00,NightStreelightsOn,930,48,Yes,NoIntersection,Normal,Other,CHARLES DELAVACQUERIE (R,M,48.865563401336914,2.865353816886946
201800040373,NonLethal,2018-05-12,15:30:00,Daylight,930,48,Yes,T-type,Normal,Other,THEOPHILE SUEUR (BOULEVA,M,48.86564221107601,2.8671888133029224
201800040374,NonLethal,2018-06-12,14:05:00,Daylight,930,48,Yes,NoIntersection,LightRain,Other,RAPATEL (RUE),M,,
201800040375,NonLethal,2018-12-12,16:50:00,Daylight,930,48,Yes,Other,Normal,Other,RASPAIL (RUE),M,48.85408305837813,2.8537550806548846
201800040377,NonLethal,2018-12-14,13:20:00,Daylight,930,48,Yes,X-type,Normal,2Vehicles-Side,RASPAIL (RUE),M,48.855106933218295,2.854362013622075
201800040378,NonLethal,2018-12-14,16:35:00,Daylight,930,48,Yes,X-type,Normal,2Vehicles-Side,SOLIDARITE (RUE DE LA),M,,
201800040379,NonLethal,2018-12-15,12:20:00,Daylight,930,48,Yes,X-type,Normal,2Vehicles-Side,ERNEST SAVART (AVENUE),M,,
201800040380,NonLethal,2018-12-18,09:30:00,Daylight,930,48,Yes,NoIntersection,Normal,Other,CHANZY (BOULEVARD),M,,
201800040381,NonLethal,2018-12-18,15:05:00,Daylight,930,48,Yes,MoreThan4Branches,Normal,Other,GENERAL GALLIENI (RUE DU,M,48.85679535100535,2.8596297743974635
201800040383,NonLethal,2018-12-21,23:00:00,NightStreelightsOn,930,48,Yes,Roundabout,Normal,Other,NOUVELLE FRANCE (RUE DE,M,,
201800040384,NonLethal,2018-12-21,10:20:00,Daylight,930,48,Yes,Other,LightRain,2Vehicles-Side,GABRIEL PERI (AVENUE),M,48.85834653040334,2.8575835897008077
201800040385,NonLethal,2018-12-27,07:30:00,NightNoStreetLight,930,48,Yes,NoIntersection,Normal,2Vehicles-Side,ROSNY (RUE DE),M,48.86480179799696,2.86548938830694
201800040386,NonLethal,2018-12-29,12:30:00,Daylight,930,48,Yes,X-type,Normal,2Vehicles-Side,SAINT DENIS (RUE),M,48.87222264350751,2.873396363342439
201800040387,NonLethal,2018-01-01,02:15:00,NightStreelightsOn,930,50,Yes,X-type,Normal,2Vehicles-BehindVehicles-Frontal,51 GASTON NAVAILLE (RUE,M,48.872027960665775,2.8726582571545216
201800040388,NonLethal,2018-01-07,18:40:00,NightStreelightsOn,930,49,Yes,Other,LightRain,Other,GALLIENI  (BOULEVARD),M,48.85277323106124,2.85321953362384
201800040389,NonLethal,2018-10-01,18:20:00,NightStreelightsOn,930,50,Yes,T-type,Normal,2Vehicles-Side,"29, PAUL DOUMER (RUE)",M,48.85845597449865,2.858000509352707
201800040390,NonLethal,2018-12-01,10:30:00,Daylight,930,50,Yes,NoIntersection,Normal,Other,MARECHAL FOCH (AVENUE) C,M,48.84872044286363,2.8501917326518806
201800040391,NonLethal,2018-01-20,17:00:00,Daylight,930,50,Yes,NoIntersection,Overcast,2Vehicles-Behind,LOUIS ARMAND (bd),M,48.864146808678406,2.865913311053928
201800040392,NonLethal,2018-01-23,11:55:00,Daylight,930,50,Yes,T-type,LightRain,Other,LEON BLUM (AVENUE),M,,
201800040393,NonLethal,2018-01-29,07:20:00,NightStreelightsOn,930,49,Yes,NoIntersection,Normal,2Vehicles-Behind,GALLIENI (BOULEVARD),M,48.85041697882731,2.8511134353464533
201800040395,NonLethal,2018-01-30,09:00:00,Daylight,930,50,Yes,NoIntersection,Normal,2Vehicles-Behind,"60, LOUIS VANNINI (RUE)",M,48.86464485957096,2.8662877191192653
201800040398,NonLethal,2018-10-02,03:20:00,NightStreelightsOn,930,50,Yes,NoIntersection,SnowOrHail,Other,"49, LOUIS ARMAND (RUE)",M,48.86384796609784,2.863889089729088
201800040400,NonLethal,2018-02-25,11:10:00,Daylight,930,50,Yes,Other,Normal,Other,"5, LEON BLUM (AVENUE)",M,48.86771933489185,2.865834232346033
201800040401,NonLethal,2018-03-19,18:00:00,Daylight,930,49,Yes,Square,Normal,Other,"73, JEAN MERMOZ (PLACE)",M,48.861160990868406,2.8605482579508266
201800040402,NonLethal,2018-11-02,12:40:00,Daylight,930,49,Yes,NoIntersection,Normal,Other,"82, GEORGES CLEMENCEAU (",M,48.86192273523946,2.8635269965135217
201800040404,NonLethal,2018-04-05,13:10:00,Daylight,930,50,Yes,NoIntersection,Normal,2Vehicles-Side,"104, PAUL ET CAMILLE THO",M,48.86379619803262,2.8645810301943406
201800040405,NonLethal,2018-04-05,16:15:00,Daylight,930,49,Yes,NoIntersection,Normal,Other,"14, GALLIENI (BOULEVARD)",M,48.85101156085816,2.8534928570509352
201800040406,NonLethal,2018-04-07,19:20:00,Daylight,930,49,Yes,NoIntersection,Normal,NoCollision,RAMIERS (AVENUE),M,48.8654825927766,2.8667768638462827
201800040407,NonLethal,2018-11-04,11:55:00,Daylight,930,50,Yes,NoIntersection,Normal,2Vehicles-Behind,LOUIS VANNINI (RUE),M,48.8658332081988,2.865547292830567
201800040408,NonLethal,2018-12-04,07:10:00,TwilightOrDawn,930,50,Yes,Other,Normal,2Vehicles-Side,"4, BERRY (RUE)",M,48.867279296217774,2.864272515506698
201800040409,NonLethal,2018-12-04,16:40:00,Daylight,930,50,Yes,NoIntersection,LightRain,Other,SUFFREN (RUE),M,48.865518452434266,2.868076726443596
201800040410,NonLethal,2018-04-13,07:55:00,Daylight,930,50,Yes,T-type,Normal,2Vehicles-Side,BIZET (AVENUE),M,48.87493948465145,2.8728998987233267
201800040411,NonLethal,2018-04-14,14:20:00,Daylight,930,50,Yes,NoIntersection,Normal,2Vehicles-BehindVehicles-Frontal,MARX DORMOY (RUE),M,48.853863080266535,2.854653559143827
201800040412,NonLethal,2018-04-20,18:00:00,Daylight,930,50,Yes,X-type,Normal,2Vehicles-Side,ARISTIDE BRIAND (BOULEBA,M,48.85987080271148,2.857641865303261
201800040413,NonLethal,2018-04-30,23:20:00,NightStreelightsOn,930,50,Yes,T-type,LightRain,2Vehicles-Side,MARECHAL FOCH (AVENUE) C,M,48.857153359533726,2.8570758779175587
201800040414,NonLethal,2018-05-02,11:30:00,Daylight,930,49,Yes,NoIntersection,Normal,2Vehicles-Side,PRESIDENT JOHN KENNEDY (,M,48.859972637685765,2.8611400136212497
201800040416,NonLethal,2018-05-17,17:40:00,Daylight,930,49,Yes,NoIntersection,Normal,Other,"19, DANIEL PERDRIGE (AVE",M,48.871973060390026,2.8723494896600767
201800040417,NonLethal,2018-05-20,09:00:00,Daylight,930,50,Yes,X-type,Normal,Other,"20, GAMBETTA (RUE)  13-3",M,48.857247573960585,2.8571429554864114
201800040418,NonLethal,2018-05-30,14:40:00,Daylight,930,49,Yes,NoIntersection,Normal,2Vehicles-BehindVehicles-Frontal,MEAUX (CHEMIN),M,48.860891790205,2.8651073523148964
201800040419,NonLethal,2018-05-30,16:00:00,Daylight,930,49,Yes,NoIntersection,Normal,Other,PRESIDENT JOHN KENNEDY (,M,48.86572983599474,2.8634016039800763
201800040420,NonLethal,2018-06-10,00:20:00,NightStreelightsOn,930,50,Yes,T-type,Overcast,2Vehicles-Side,GENERAL DE GAULLE (AVENU,M,48.85645900888096,2.8577667833622
201800040421,NonLethal,2018-06-15,15:30:00,Daylight,930,49,Yes,NoIntersection,Normal,Other,EMILE COSSONEAU (RUE),M,48.498687149140295,2.499721195672097
201800040422,NonLethal,2018-06-23,14:50:00,Daylight,930,49,Yes,NoIntersection,Normal,3+Vehicles-Chain,"5, MEAUX (CHEMIN)",M,48.86279633462361,2.861588909943814
201800040423,NonLethal,2018-06-29,16:00:00,Daylight,930,50,Yes,NoIntersection,Normal,Other,"3, LEON BLUM (AVENUE)",M,48.86618038854425,2.8668051448492866
201800040424,NonLethal,2018-06-30,21:00:00,Daylight,930,50,Yes,NoIntersection,Normal,Other,"152, PAUL VAILLANT COUTU",M,48.866660994575945,2.866826191739276
201800040425,NonLethal,2018-02-07,09:20:00,Daylight,930,49,Yes,NoIntersection,Normal,2Vehicles-Side,"9, PELOUSE (RUE)",M,48.46044515232939,2.458961453862396
201800040426,NonLethal,2018-07-04,20:57:00,TwilightOrDawn,930,50,Yes,NoIntersection,Normal,Other,"6, BERGERONNETTES (RUE)",M,48.87237312000678,2.8720848027420103
201800040427,NonLethal,2018-07-08,19:50:00,Daylight,930,49,Yes,NoIntersection,Normal,2Vehicles-BehindVehicles-Frontal,MARECHAL FOCH (AVENUE) P,M,48.86048280522634,2.859382999884696
201800040430,NonLethal,2018-07-20,19:00:00,Daylight,930,50,Yes,NoIntersection,Overcast,3+Vehicles-Chain,PAUL ET CAMILLE THOMOUX,M,,
201800040431,NonLethal,2018-07-24,19:40:00,Daylight,930,50,Yes,T-type,Normal,Other,DAUPHINE (PLACE),M,48.86788934467674,2.869238246197118
201800040432,NonLethal,2018-07-31,14:52:00,Daylight,930,50,Yes,NoIntersection,Normal,Other,RESISTANCE (PLACE),M,,
201800040433,NonLethal,2018-08-03,15:00:00,Daylight,930,50,Yes,NoIntersection,Normal,2Vehicles-Side,MARECHAL FOCH (AVENUE) C,M,48.85316447213158,2.856255699140447
201800040434,NonLethal,2018-08-04,19:00:00,Daylight,930,51,Yes,NoIntersection,Normal,Other,STATION,M,42.827366326563386,2.8282727016963105
201800040435,NonLethal,2018-08-10,11:20:00,Daylight,930,51,Yes,Other,Normal,Other,ROUGET DE LISLE,M,48.849460912,2.8492276433976222
201800040436,NonLethal,2018-08-28,05:00:00,NightStreelightsOn,930,50,Yes,T-type,Normal,Other,BERRY (RUE),M,48.86686186877919,2.867100201248061
201800040438,NonLethal,2018-09-12,08:50:00,Daylight,930,50,Yes,NoIntersection,Normal,2Vehicles-Side,LOUIS VANNINI (RUE),M,48.86507487133027,2.8652677300403058
201800040439,NonLethal,2018-09-17,15:00:00,Daylight,930,50,Yes,NoIntersection,Normal,2Vehicles-Side,JEAN JAURES (AVENUE) COT,M,48.865519502537495,2.866404158941803
201800040440,NonLethal,2018-09-21,11:57:00,Daylight,930,49,Yes,NoIntersection,Normal,Other,RENOUILLIERES (RUE),M,48.86485012081074,2.866975716067924
201800040441,NonLethal,2018-09-25,08:55:00,Daylight,930,50,Yes,NoIntersection,Normal,Other,ANDRE GIDE (ALLEE),M,48.8563413697715,2.8577696502076027
201800040443,NonLethal,2018-09-27,10:00:00,Daylight,930,50,Yes,NoIntersection,Normal,Other,MARECHAL FOCH (AVENUE) C,M,48.85222706682449,2.8535813216264114
201800040444,NonLethal,2018-09-27,12:55:00,Daylight,930,49,Yes,NoIntersection,Normal,Other,GALLIENI (BOULEVARD),M,48.84961154010418,2.85228534643914
201800040445,NonLethal,2018-10-08,08:40:00,Daylight,930,49,Yes,X-type,Normal,2Vehicles-Side,FAUVETTES (AVENUE) BEL A,M,48.86096761000496,2.859194473798353
201800040446,NonLethal,2018-10-18,12:00:00,Daylight,930,50,Yes,X-type,Normal,2Vehicles-Side,PAUL VAILLANT COUTURIER,M,48.86880962222499,2.8669812680357616
201800040447,NonLethal,2018-10-19,16:45:00,Daylight,930,50,Yes,X-type,Normal,2Vehicles-Side,GENERAL DE GAULLE (AVEN,M,48.85743898076503,2.8560141315983167
201800040448,NonLethal,2018-10-24,05:40:00,NightStreelightsOn,930,49,Yes,NoIntersection,Normal,Other,GALLIENI (BOULEVARD),M,48.852424481515854,2.8512017281975126
201800040449,NonLethal,2018-05-11,15:15:00,Daylight,930,49,Yes,Other,Normal,2Vehicles-Behind,PRESIDENT JOHN KENNEDY (,M,48.86750453990344,2.8666631999837646
201800040450,NonLethal,2018-11-22,20:09:00,NightNoStreetLight,930,50,Yes,T-type,LightRain,Other,AUVERGNE (RUE),M,48.868282101996506,2.8677634208674
201800040451,NonLethal,2018-11-25,06:50:00,TwilightOrDawn,930,48,Yes,X-type,HeavyRain,2Vehicles-Behind,CHANZY (BOULEVARD),M,48.85953921200959,2.858242641613997
201800040452,NonLethal,2018-11-26,19:00:00,NightStreelightsOn,930,49,Yes,T-type,LightRain,Other,GALLIENI (BOULEVARD),M,48.85264097436552,2.853991949533107
201800040453,NonLethal,2018-11-28,20:10:00,NightStreelightsOn,930,50,Yes,T-type,Other,Other,DIX NEUF MARS 62 (RUE),M,,
201800040455,NonLethal,2018-08-12,11:15:00,Daylight,930,50,Yes,NoIntersection,Normal,Other,COMMERCE (PLACE),M,48.868277728338896,2.869389295936412
201800040457,NonLethal,2018-12-14,17:30:00,NightStreelightsOn,930,49,Yes,NoIntersection,Normal,Other,MARECHAL FOCH (AVENUE) F,M,48.85438735313406,2.854189332481417
201800040459,NonLethal,2018-12-19,19:30:00,NightStreelightsOn,930,50,Yes,X-type,Overcast,2Vehicles-BehindVehicles-Frontal,PAUL ET CAMILLE THOMOUX,M,48.86310526573695,2.8649377184966927
201800040460,NonLethal,2018-01-11,18:25:00,NightStreelightsOff,930,51,Yes,NoIntersection,Normal,Other,"144, PIERRE BROSSOLETTE",M,48.80092759720238,2.798978398528114
201800040461,NonLethal,2018-01-20,18:25:00,NightStreelightsOn,930,51,Yes,NoIntersection,LightRain,Other,"62, MALNOUE (NR 1 A 93)",M,48.84354040639056,2.8451513506964377