AccidentId,Gravity,Date,Hour,Light,Department,Commune,InAgglomeration,IntersectionType,Weather,CollisionType,PostalAddress,GPSCode,Latitude,Longitude
201800040462,NonLethal,2018-01-23,07:15:00,NightStreelightsOn,930,51,Yes,NoIntersection,Normal,Other,MONT D'EST (BD),M,48.84214698155616,2.842364208168393
201800040463,NonLethal,2018-01-26,09:45:00,Daylight,930,33,Yes,X-type,Normal,2Vehicles-Side,ARISTIDE BRIAND,M,48.85509656495083,2.855781791474216
201800040464,NonLethal,2018-01-30,16:45:00,Daylight,930,33,Yes,NoIntersection,LightRain,Other,GUY MOCQUET (BOULEVARD),M,48.86068848808835,2.8610956891603108
201800040465,NonLethal,2018-02-02,20:00:00,NightStreelightsOff,930,51,Yes,NoIntersection,Normal,2Vehicles-Behind,"43, PAUL PAMBRUN (BOULEV",M,48.799917879700544,4.800603035743035
201800040466,NonLethal,2018-03-02,11:00:00,Daylight,930,51,Yes,T-type,Normal,2Vehicles-Side,GOURNAY (ROUTE),M,48.853700521787246,2.855027171355493
201800040467,NonLethal,2018-02-04,12:15:00,Daylight,930,51,Yes,Roundabout,Overcast,Other,MONT D'EST (BD),M,,
201800040468,NonLethal,2018-05-02,16:00:00,Daylight,930,51,Yes,NoIntersection,Overcast,Other,"l9, REPUBLIQUE",M,48.001649677367936,4.999268246270451
201800040470,NonLethal,2018-03-19,09:45:00,Daylight,930,51,Yes,T-type,SnowOrHail,2Vehicles-Side,DOCTEUR SUREAU,M,48.84728048459973,2.845664828238361
201800040471,NonLethal,2018-03-26,17:40:00,Daylight,930,51,Yes,NoIntersection,Normal,2Vehicles-Side,"55, PAVE NEUF (AVENUE)",M,48.84064374884261,2.8382088746186183
201800040472,NonLethal,2018-03-28,12:50:00,Daylight,930,51,Yes,NoIntersection,LightRain,2Vehicles-Side,VICTOR BASCH (AVENUE),M,,
201800040473,NonLethal,2018-03-31,09:45:00,Daylight,930,51,Yes,NoIntersection,Normal,NoCollision,"35, MONTAIGNE (AVE)",M,48.84574613729202,2.845417777886602
201800040474,NonLethal,2018-04-13,16:52:00,Daylight,930,51,Yes,NoIntersection,Normal,2Vehicles-Behind,"36, NEUILLY (ROUTE)",M,48.849900252836406,2.8506315586256714
201800040475,NonLethal,2018-04-19,21:40:00,NightStreelightsOn,930,51,Yes,NoIntersection,Normal,2Vehicles-BehindVehicles-Frontal,"0, NEUILLY  (AVE)",M,48.84690355891153,2.8446950115671377
201800040476,NonLethal,2018-04-24,17:55:00,Daylight,930,51,Yes,NoIntersection,Normal,3+Vehicles-Chain,"13, MONT D'EST (BD)",M,48.84451514890444,2.841946951899573
201800040477,NonLethal,2018-04-25,17:35:00,Daylight,930,51,Yes,NoIntersection,Normal,3+Vehicles-Multiple,"57, NEUILLY (ROUTE)",M,48.85041133803491,2.850272204423536
201800040480,NonLethal,2018-05-02,17:10:00,Daylight,930,51,Yes,NoIntersection,Normal,2Vehicles-Side,"55, MEDERIC (AVENUE)",M,48.82970998978398,2.8314947484155653
201800040481,NonLethal,2018-05-03,22:50:00,NightStreelightsOn,930,51,Yes,T-type,Normal,2Vehicles-BehindVehicles-Frontal,DOCTEUR SUREAU,M,48.84664265217407,2.846669901466065
201800040484,NonLethal,2018-06-15,09:35:00,Daylight,930,51,Yes,X-type,Normal,2Vehicles-Side,MEDERIC (AVENUE),M,48.82994258086312,2.8310751105315672
201800040486,NonLethal,2018-06-29,21:20:00,TwilightOrDawn,930,5,Yes,X-type,Normal,3+Vehicles-Multiple,HENRI MATISSE (RUE),M,48.95642960491158,2.958251179663644
201800040487,NonLethal,2018-07-19,19:50:00,Daylight,930,51,Yes,T-type,Normal,2Vehicles-BehindVehicles-Frontal,FERNAND LEGER (ALLEE),M,48.84022964295918,2.84024140371606
201800040488,NonLethal,2018-02-08,12:35:00,Daylight,930,51,Yes,X-type,Normal,2Vehicles-Side,MALNOUE (NR 1 A 93),M,48.84579069829572,2.8455198865350844
201800040489,NonLethal,2018-08-02,18:15:00,Daylight,930,51,Yes,NoIntersection,Normal,2Vehicles-Side,MONGE,M,48.84276671957215,2.842352915337253
201800040490,NonLethal,2018-08-04,11:00:00,Daylight,930,51,Yes,X-type,Normal,2Vehicles-BehindVehicles-Frontal,MEDERIC (AVENUE),M,48.82976695106644,2.827712087723264
201800040491,NonLethal,2018-08-18,08:25:00,Daylight,930,51,Yes,X-type,Normal,3+Vehicles-Multiple,GENERAL DE GAULLE (AVENU,M,48.84638225080052,5.847111118485072
201800040492,NonLethal,2018-08-25,08:00:00,Daylight,930,50,Yes,NoIntersection,Normal,2Vehicles-Behind,JEAN JAURES (AVENUE) COT,M,48.86487618258433,2.8659518326812687
201800040493,NonLethal,2018-05-09,14:35:00,Daylight,930,51,Yes,NoIntersection,Normal,2Vehicles-Side,MONT D'EST (BD),M,48.8432328229636,2.844514502625783
201800040494,NonLethal,2018-09-06,14:30:00,Daylight,930,33,Yes,Y-type,LightRain,3+Vehicles-Chain,PAUL DOUMER (AVENUE),M,48.86258570689037,2.8612815186723943
201800040495,NonLethal,2018-09-09,12:55:00,Daylight,930,51,Yes,NoIntersection,Normal,Other,PAVE NEUF (AVENUE),M,48.83965260422362,2.84007703211695
201800040496,NonLethal,2018-12-09,13:48:00,Daylight,930,51,Yes,NoIntersection,Normal,Other,VILLIERS (ROUTE),M,48.84404201461508,2.844648848285998
201800040498,NonLethal,2018-09-15,12:35:00,Daylight,930,51,Yes,Y-type,Normal,2Vehicles-Behind,REMPART (BD),M,48.83539790829881,2.836494775937071
201800040499,NonLethal,2018-09-27,18:22:00,Daylight,930,51,Yes,NoIntersection,Normal,Other,BOIS SAINT MARTIN (AVENU,M,48.82288507492113,2.823063222427569
201800040500,NonLethal,2018-02-10,18:37:00,TwilightOrDawn,930,51,Yes,Other,LightRain,2Vehicles-Side,PAUL PAMBRUN (BOULEVARD),M,48.84898803880489,2.849079816826916
201800040501,NonLethal,2018-10-03,17:40:00,Daylight,930,51,Yes,NoIntersection,Normal,Other,FORT (AVE),M,48.83100197841128,2.8315470489322463
201800040502,NonLethal,2018-10-04,11:55:00,Daylight,930,51,Yes,Other,Normal,Other,PAVE NEUF (AVENUE),M,48.83931115533928,2.8413624783850118
201800040503,NonLethal,2018-07-10,13:40:00,Daylight,930,51,Yes,T-type,LightRain,2Vehicles-Side,CHAPELLE,M,48.83141598252849,2.833190382431916
201800040504,NonLethal,2018-10-09,09:00:00,Daylight,930,51,Yes,NoIntersection,Normal,2Vehicles-Side,MONT D'EST (BD),M,48.83937531894924,2.840178537574498
201800040505,NonLethal,2018-10-09,21:15:00,NightStreelightsOn,930,33,Yes,T-type,Normal,2Vehicles-Side,ARISTIDE BRIAND,M,48.8547589395903,2.853868125057105
201800040506,NonLethal,2018-10-12,09:30:00,Daylight,930,33,No,Other,Normal,2Vehicles-BehindVehicles-Frontal,MARECHAL FOCH (BOULEVARD,M,,
201800040507,NonLethal,2018-10-15,07:30:00,NightStreelightsOn,930,51,Yes,NoIntersection,Normal,Other,FRERES HARBULOT,M,48.82353816720169,2.824129242177636
201800040508,NonLethal,2018-10-17,18:00:00,Daylight,930,51,Yes,T-type,Normal,2Vehicles-Side,CHAPELLE,M,48.83383136408912,2.8320125425053626
201800040509,NonLethal,2018-10-22,06:25:00,NightStreelightsOn,930,51,Yes,NoIntersection,Normal,2Vehicles-Side,MONT D'EST (BD),M,48.8393830836944,2.839628843515831
201800040510,NonLethal,2018-10-22,11:45:00,Daylight,930,51,Yes,NoIntersection,LightRain,NoCollision,GEORGES POMPIDOU (PLACE),M,48.838640818462046,2.837526627443636
201800040511,NonLethal,2018-10-28,14:30:00,Daylight,930,51,Yes,NoIntersection,Overcast,Other,PAVE NEUF (AVENUE),M,48.840920628302136,2.8412724065718225
201800040512,NonLethal,2018-02-11,09:55:00,Daylight,930,51,Yes,NoIntersection,Normal,2Vehicles-Behind,RU DE NESLE (BOULEVARD),M,48.8352791040432,2.835954170373605
201800040513,NonLethal,2018-11-18,16:10:00,Daylight,930,51,Yes,NoIntersection,Normal,3+Vehicles-Chain,NEUILLY (ROUTE),M,48.85109390400897,2.8501365641535905
201800040515,NonLethal,2018-11-23,16:00:00,Daylight,930,51,Yes,NoIntersection,LightRain,Other,BUTTE VERTE,M,48.84246309109712,2.842277901735327
201800040516,NonLethal,2018-11-23,20:40:00,NightStreelightsOff,930,51,Yes,T-type,LightRain,2Vehicles-Side,MEDERIC (AVENUE),M,48.927196228553306,2.928790282111681
201800040517,NonLethal,2018-11-25,12:15:00,Daylight,930,51,Yes,Other,Overcast,2Vehicles-Side,SOUCHET (BOULEVARD),M,48.85009419404702,2.846717447642156
201800040519,NonLethal,2018-02-12,07:00:00,NightStreelightsOn,930,33,Yes,X-type,LightRain,2Vehicles-Behind,PRINCES,M,48.85907308407502,2.858639296649764
201800040520,NonLethal,2018-12-13,08:50:00,Daylight,930,51,Yes,T-type,Normal,Other,VAL FLEURI,M,48.85410607393702,2.854631262889692
201800040521,NonLethal,2018-12-15,15:40:00,Daylight,930,51,Yes,NoIntersection,LightRain,2Vehicles-Side,UNIVERSITE,M,48.83657793047313,2.8378965444673576
201800040522,NonLethal,2018-12-16,10:30:00,Daylight,930,51,Yes,NoIntersection,LightRain,3+Vehicles-Multiple,NEUILLY (ROUTE),M,48.84500046932486,2.843832830415436
201800040523,NonLethal,2018-12-17,11:40:00,Daylight,930,51,Yes,X-type,Normal,2Vehicles-Side,ARISTIDE BRIAND (AVENUE),M,48.848980920785365,2.8467905331992767
201800040525,NonLethal,2018-12-21,16:10:00,Daylight,930,51,Yes,NoIntersection,Normal,2Vehicles-Side,EMILE COSSONNEAU (AVE),M,48.849479730871366,2.8490866587824946
201800040526,NonLethal,2018-12-28,11:40:00,Daylight,930,51,Yes,Roundabout,Normal,2Vehicles-Side,GRAHAM BELL,M,,
201800040527,NonLethal,2018-02-01,19:05:00,NightStreelightsOn,930,53,Yes,X-type,LightRain,2Vehicles-Side,"6, DIX HUIT AVRIL 1944",M,48.88711581169477,2.884463420598444
201800040529,NonLethal,2018-11-04,18:00:00,Daylight,930,53,Yes,NoIntersection,Normal,Other,"02, VAILLANT COUTURIER (",M,48.89129331563196,2.8897708944555736
201800040530,NonLethal,2018-06-20,18:45:00,Daylight,930,53,Yes,NoIntersection,Normal,3+Vehicles-Chain,"218 bis, BREMENT (RUE DE",M,48.88749453723504,2.8876628426187554
201800040531,NonLethal,2018-06-24,16:30:00,Daylight,930,53,Yes,NoIntersection,Normal,2Vehicles-Side,"4, DIX HUIT AVRIL 1944 (",M,48.88716071569726,2.8884743024508728
201800040534,NonLethal,2018-07-22,22:45:00,NightStreelightsOn,930,53,Yes,NoIntersection,Normal,2Vehicles-Behind,ANATOLE FRANCE (RUE),M,48.7981035352226,2.8012132325180774
201800040535,NonLethal,2018-07-25,14:00:00,Daylight,930,53,Yes,Other,Normal,2Vehicles-BehindVehicles-Frontal,ONZE NOVEMBRE 1918 (ROND,M,48.8900607548732,2.893949330309571
201800040536,NonLethal,2018-07-26,18:50:00,Daylight,930,53,Yes,NoIntersection,Normal,Other,GAMBETTA (BLD) N° 1 AU 7,M,48.8946058914321,2.893097122761469
201800040537,NonLethal,2018-08-03,14:19:00,Daylight,930,53,Yes,NoIntersection,Normal,NoCollision,PROGRES (RUE DU) N° 33 A,M,48.88005233542413,2.8799843402944583
201800040538,NonLethal,2018-04-08,16:00:00,Daylight,930,8,Yes,X-type,Normal,2Vehicles-Side,BELWO (RUE PAUL),M,48.91278798314372,2.913569466501862
201800040542,NonLethal,2018-08-26,23:00:00,NightStreelightsOn,930,53,Yes,X-type,Overcast,2Vehicles-Side,MICHELET (BLD) N° 2 A 80,M,48.88856861464283,2.887984207351547
201800040544,NonLethal,2018-08-09,20:57:00,Daylight,930,53,Yes,Roundabout,Normal,Other,MARCEAU (AVENUE),M,48.89188315573288,2.891685522584821
201800040545,NonLethal,2018-09-20,19:00:00,Daylight,930,63,Yes,Roundabout,Normal,2Vehicles-BehindVehicles-Frontal,BERLIOZ AVENUE,M,48.87011350147828,2.870280204122415
201800040548,NonLethal,2018-10-07,12:15:00,Daylight,930,53,Yes,NoIntersection,LightRain,Other,ANATOLE FRANCE (RUE),M,48.88362932561719,2.885756681358294
201800040549,NonLethal,2018-11-10,00:10:00,NightStreelightsOn,930,53,Yes,Square,Normal,2Vehicles-Side,JEANNE D'ARC (PLACE),M,48.89070273651904,2.8887620096158564
201800040550,NonLethal,2018-10-11,12:10:00,Daylight,930,53,Yes,NoIntersection,Normal,Other,PIERRE SEMARD (RUE),M,48.895513459569386,2.8967141478695653
201800040551,NonLethal,2018-10-16,21:00:00,NightStreelightsOn,930,53,Yes,X-type,Normal,2Vehicles-BehindVehicles-Frontal,ROSNY (AVENUE DE) N° 53,M,48.888794513493096,2.888519902341199
201800040552,NonLethal,2018-10-18,07:45:00,TwilightOrDawn,930,53,Yes,NoIntersection,Normal,Other,VAILLANT COUTURIER (RUE),M,48.89169319481412,2.890644842132714
201800040554,NonLethal,2018-10-27,12:20:00,Daylight,930,53,Yes,MoreThan4Branches,Normal,2Vehicles-Side,ROSNY (AVE DE) N° 1 A,M,48.889809954284914,2.888876131090554
201800040555,NonLethal,2018-10-29,17:10:00,TwilightOrDawn,930,53,Yes,LevelCrossing,Normal,Other,REPUBLIQUE (BLD DE LA) N,M,48.893776922000825,2.89412057251406
201800040556,NonLethal,2018-10-31,23:20:00,NightStreelightsOn,930,53,Yes,NoIntersection,LightRain,2Vehicles-Behind,ROSNY (AVENUE DE) N° 1 A,M,48.88710133591638,2.8883671015702563
201800040557,NonLethal,2018-02-11,15:10:00,Daylight,930,53,Yes,NoIntersection,Normal,2Vehicles-Side,VAILLANT COUTURIER (RUE),M,48.88795357128271,2.888400657123353
201800040558,NonLethal,2018-06-11,16:15:00,Daylight,930,53,Yes,X-type,Normal,2Vehicles-Behind,BREMENT (RUE DE) 109 A 2,M,48.88720851184144,2.8875993454746927
201800040559,NonLethal,2018-07-11,17:50:00,NightStreelightsOn,930,63,Yes,T-type,LightRain,2Vehicles-Side,HUSSON GABRIEL,M,48.88264100648473,2.8837307667610714
201800040560,NonLethal,2018-11-09,06:10:00,NightStreelightsOn,930,53,Yes,NoIntersection,Normal,2Vehicles-Behind,ANATOLE FRANCE (RUE),M,48.88347591782286,2.8839240169153637
201800040561,NonLethal,2018-11-09,08:30:00,Daylight,930,53,Yes,NoIntersection,Normal,2Vehicles-Behind,BREMENT (RUE DE) 1 A 83,M,48.88942486098239,2.889265618583441
201800040562,NonLethal,2018-11-17,13:20:00,Daylight,930,53,Yes,X-type,Normal,Other,STAINS (ROUTE DE),M,48.9034160417994,2.90319999237536
201800040564,NonLethal,2018-11-29,12:00:00,Daylight,930,53,Yes,NoIntersection,Normal,2Vehicles-Behind,PARIS (RUE DE),M,48.90395812040059,2.901956399639125
201800040565,NonLethal,2018-12-13,12:40:00,Daylight,930,53,Yes,X-type,VeryGood,Other,VERDUN (AVENUE DE),M,,
201800040566,NonLethal,2018-12-20,12:21:00,Daylight,930,53,Yes,NoIntersection,Normal,2Vehicles-Behind,VAILLANT COUTURIER (RUE),M,48.89009744302192,2.892262002481329
201800040567,NonLethal,2018-12-21,14:50:00,Daylight,930,53,Yes,X-type,Overcast,2Vehicles-Side,ROSNY (AVENUE DE) N° 2 A,M,48.88497471465371,2.8867538819629237
201800040568,NonLethal,2018-01-04,08:45:00,Daylight,930,55,Yes,NoIntersection,LightRain,2Vehicles-Side,"107, JEAN LOLIVE (AVENUE",M,48.89386960961846,2.893006809991804
201800040569,NonLethal,2018-04-01,11:50:00,Daylight,930,55,Yes,NoIntersection,Overcast,2Vehicles-Side,"162, DIDEROT",M,48.90441821187439,2.9039969315368808
201800040571,NonLethal,2018-01-18,14:10:00,Daylight,930,55,Yes,NoIntersection,Normal,Other,"42, HOCHE",M,48.89325775262586,2.8933990547522934
201800040573,Lethal,2018-01-24,04:40:00,NightStreelightsOn,930,55,Yes,X-type,LightRain,2Vehicles-Side,ANATOLE FRANCE (AVENUE),M,48.89208829763787,2.8924406752934595
201800040574,NonLethal,2018-01-26,18:40:00,NightStreelightsOn,930,55,Yes,NoIntersection,Normal,Other,"178, JEAN LOLIVE (AVENUE",M,48.89416818549699,2.893359147804245
201800040575,NonLethal,2018-01-30,07:45:00,TwilightOrDawn,930,55,Yes,NoIntersection,Normal,2Vehicles-Side,"24, EGLISE (PLACE)",M,48.8920726978626,2.894188493720268
201800040576,NonLethal,2018-02-02,15:35:00,Daylight,930,55,Yes,NoIntersection,LightRain,2Vehicles-Behind,"90, JEAN JAURES (AVENUE)",M,48.90461806069214,2.9046271708958398
201800040579,NonLethal,2018-05-03,18:45:00,NightStreelightsOn,930,55,Yes,NoIntersection,Normal,Other,JEAN LOLIVE (AVENUE)(107,M,48.89301567464248,2.8907894536181904
201800040580,NonLethal,2018-03-10,09:28:00,Daylight,930,55,Yes,Y-type,LightRain,2Vehicles-Side,"141, COLONEL FABIEN (AVE",M,48.89204135633491,2.893307618535555
201800040582,NonLethal,2018-03-14,03:45:00,NightStreelightsOn,930,55,Yes,T-type,LightRain,NoCollision,"23, DELIZY (DU 23 A FIN",M,48.89612926001221,2.894478365083888
201800040583,NonLethal,2018-03-16,07:15:00,Daylight,930,55,Yes,NoIntersection,Normal,Other,"6, LAVOISIER",M,48.889872478466025,2.891931045858963
201800040584,NonLethal,2018-03-16,12:50:00,Daylight,930,55,Yes,NoIntersection,Normal,NoCollision,"24, MEHUL (1/37. 2/24)",M,48.88955697359426,2.8901159141604733
201800040586,NonLethal,2018-03-25,15:00:00,Daylight,930,55,Yes,Other,Normal,3+Vehicles-Multiple,"110, JEAN JAURES (AVENUE",M,48.903260633207566,2.9065533361882965
201800040587,NonLethal,2018-03-27,07:20:00,NightStreelightsOn,930,55,Yes,NoIntersection,LightRain,2Vehicles-Side,"161, JEAN LOLIVE (AVENUE",M,48.894394512234456,2.8939577033508943
201800040588,NonLethal,2018-12-04,20:30:00,NightStreelightsOn,930,55,Yes,NoIntersection,Overcast,2Vehicles-Side,"55, JEAN LOLIVE (AVENUE)",M,48.89283592468682,2.8895592936591785
201800040589,NonLethal,2018-04-16,07:56:00,Daylight,930,55,Yes,Other,Normal,2Vehicles-Side,"3l, GUTENBERG",M,48.88783373755592,2.8892534252711943
201800040590,NonLethal,2018-04-16,12:56:00,Daylight,930,55,Yes,NoIntersection,Normal,NoCollision,"18, DELIZY (DU 15 AU 21",M,48.89414218592668,2.8963561402702496
201800040591,NonLethal,2018-04-19,08:40:00,Daylight,930,55,Yes,NoIntersection,Normal,2Vehicles-Side,"170, JEAN LOLIVE (AVENUE",M,48.89496821441663,2.893253848999029
201800040592,NonLethal,2018-04-20,14:00:00,Daylight,930,55,Yes,X-type,Normal,2Vehicles-Side,"108, JEAN LOLIVE (AVENUE",M,48.89237416400854,2.892757602896187
201800040593,NonLethal,2018-04-23,11:11:00,Daylight,930,55,Yes,NoIntersection,Normal,2Vehicles-Side,"149, JEAN LOLIVE (AVENUE",M,48.53300296176315,2.536065618608853
201800040594,NonLethal,2018-02-05,11:30:00,Daylight,930,55,Yes,NoIntersection,Normal,2Vehicles-Side,"229, JEAN LOLIVE (AVENUE",M,48.8962063464054,2.8946873104328734
201800040595,NonLethal,2018-07-05,18:20:00,Daylight,930,55,Yes,T-type,Normal,2Vehicles-Side,"33, JEAN LOLIVE (AVENUE)",M,,
201800040598,NonLethal,2018-05-28,11:40:00,Daylight,930,55,Yes,NoIntersection,Normal,Other,"1, NOISY LE SEC (ROUTE D",M,48.895364095362645,2.8973299328955258
201800040599,NonLethal,2018-03-06,16:00:00,Daylight,930,55,Yes,NoIntersection,Normal,Other,"81, JULES AUFFRET (51/FI",M,48.88362141889027,2.883619164939152
201800040600,NonLethal,2018-06-08,14:15:00,Daylight,930,55,Yes,NoIntersection,Normal,2Vehicles-Behind,"146, JEAN LOLIVE (AVENUE",M,48.894279976978346,2.893627230393094
201800040601,NonLethal,2018-06-14,01:30:00,NightStreelightsOn,930,1,Yes,T-type,Normal,2Vehicles-Side,"187, JEAN JAURES (AVE) 5",M,48.91110192977476,2.9114454897176003
201800040602,NonLethal,2018-06-14,07:40:00,Daylight,930,55,Yes,X-type,Normal,2Vehicles-BehindVehicles-Frontal,"13, GENERAL LECLERC (AVE",M,48.89522584066384,2.8958607823298235
201800040603,NonLethal,2018-06-15,08:05:00,Daylight,930,55,Yes,NoIntersection,Normal,Other,"24, DELIZY (DU 23 A FIN",M,48.894692156865496,2.8965078817584136
201800040604,NonLethal,2018-06-24,05:34:00,TwilightOrDawn,930,55,Yes,NoIntersection,Normal,2Vehicles-Side,JEAN JAURES (AVENUE) 2/,M,48.90305916554647,2.9050775095899213
201800040605,NonLethal,2018-06-25,19:30:00,Daylight,930,55,Yes,X-type,Normal,2Vehicles-Side,"13, DELIZY (DU 1 AU 13 E",M,48.894251719415934,2.8944471145743256
201800040606,NonLethal,2018-06-27,17:15:00,Daylight,930,55,Yes,NoIntersection,Normal,2Vehicles-BehindVehicles-Frontal,"32, LATERAL AU CHEMIN DE",M,48.89716760602792,2.895867945569828
201800040607,NonLethal,2018-06-28,07:35:00,Daylight,930,55,Yes,NoIntersection,Normal,2Vehicles-Side,"132, GENERAL LECLERC(AVE",M,48.90127372625813,2.899685776321191
201800040609,NonLethal,2018-07-13,16:50:00,Daylight,930,72,No,NoIntersection,Normal,NoCollision,"152, STALINGRAD (AVENUE",M,,
201800040610,NonLethal,2018-07-19,12:30:00,Daylight,930,55,Yes,X-type,Normal,2Vehicles-Behind,JEAN LOLIVE (AVENUE)(137,M,48.89329342135037,2.8940031466160843
201800040611,NonLethal,2018-07-27,13:30:00,Daylight,930,55,Yes,NoIntersection,Normal,2Vehicles-Behind,JEAN JAURES (AVENUE)(130,M,48.90545375279137,2.906811358145612
201800040612,NonLethal,2018-07-29,15:00:00,Daylight,930,55,Yes,NoIntersection,Normal,Other,JEAN LOLIVE (AVENUE)(137,M,48.89118931734803,2.8910146805957786
201800040613,NonLethal,2018-07-30,15:35:00,Daylight,930,55,Yes,NoIntersection,Normal,2Vehicles-Behind,GENERAL LECLERC(AVE DU)8,M,48.90373771437034,2.904972027296697
201800040614,NonLethal,2018-07-31,17:00:00,Daylight,930,55,Yes,NoIntersection,Normal,Other,SCANDICCI,M,48.89078901196942,2.8913831627393187
201800040615,NonLethal,2018-08-29,14:45:00,Daylight,930,55,Yes,X-type,LightRain,NoCollision,JEAN LOLIVE (AVENUE)(75/,M,48.892656015862734,2.891552817926281
201800040616,NonLethal,2018-09-08,13:15:00,Daylight,930,55,No,T-type,Normal,2Vehicles-Behind,JULES AUFFRET (51/FIN ET,M,48.88574534716628,2.8880368391060003
201800040617,NonLethal,2018-09-10,06:35:00,TwilightOrDawn,930,55,Yes,NoIntersection,Normal,2Vehicles-BehindVehicles-Frontal,JEAN LOLIVE (AVENUE)(137,M,48.89476823891726,2.897820263234885
201800040618,NonLethal,2018-09-16,13:50:00,Daylight,930,55,Yes,NoIntersection,Normal,Other,EDOUARD VAILLANT DU 40/6,M,48.90203762633892,2.8990648236375822
201800040619,NonLethal,2018-09-20,17:00:00,Daylight,930,55,Yes,NoIntersection,Normal,Other,GENERAL LECLERC(AVE DU)8,M,48.90341356241652,2.903018390960204
201800040621,NonLethal,2018-09-24,10:15:00,Daylight,930,55,Yes,T-type,Normal,3+Vehicles-Chain,GENERAL LECLERC(AVE DU)(,M,48.90171913444772,2.901392681405951
201800040623,NonLethal,2018-10-04,18:40:00,Daylight,930,55,Yes,T-type,Normal,2Vehicles-Side,JEAN LOLIVE (AVENUE)(55/,M,48.89185342864988,2.891400189780248
201800040624,NonLethal,2018-11-10,15:34:00,Daylight,930,55,No,X-type,Normal,2Vehicles-Side,GENERAL LECLERC(AVE DU)8,M,48.903150931032606,2.900752030375938
201800040625,NonLethal,2018-10-17,08:40:00,Daylight,930,55,Yes,NoIntersection,Normal,2Vehicles-Side,JULES AUFFRET (1/49 ET 2,M,48.8888133199603,2.8905410059023944
201800040627,NonLethal,2018-10-20,14:30:00,Daylight,930,55,Yes,NoIntersection,Normal,2Vehicles-Side,JEAN JAURES (AVENUE) (17,M,48.91538584607734,2.915508447414336
201800040628,NonLethal,2018-10-30,11:00:00,Daylight,930,55,Yes,NoIntersection,LightRain,Other,GENERAL LECLERC(AVE DU)8,M,48.89954817106588,2.8984631331711115
201800040629,NonLethal,2018-10-31,22:00:00,NightStreelightsOff,930,55,Yes,T-type,LightRain,2Vehicles-Side,JEAN JAURES (AVENUE) (l7,M,48.91749711019685,2.915077471759436
201800040630,NonLethal,2018-11-04,17:45:00,TwilightOrDawn,930,55,Yes,NoIntersection,Normal,2Vehicles-Side,JEAN JAURES (AVENUE) (17,M,48.9174168108736,2.9160381648067446
201800040631,NonLethal,2018-11-26,08:05:00,TwilightOrDawn,930,55,Yes,NoIntersection,LightRain,Other,JEAN JAURES (AVENUE) (17,M,48.917551323540216,2.915439205971855
201800040632,NonLethal,2018-11-30,06:30:00,NightStreelightsOn,930,55,Yes,NoIntersection,Normal,Other,CHEVAL BLANC (DU),M,48.89392035301941,2.89728019424564
201800040634,NonLethal,2018-12-03,13:30:00,Daylight,930,55,Yes,Other,HeavyRain,2Vehicles-Behind,JEAN LOLIVE (AVENUE)(137,M,,
201800040635,NonLethal,2018-12-07,08:40:00,Daylight,930,55,Yes,T-type,Overcast,2Vehicles-Side,JEAN LOLIVE (AVENUE)(107,M,48.89507596536892,2.894679808828775
201800040637,NonLethal,2018-01-01,01:45:00,NightStreelightsOn,930,62,No,NoIntersection,Normal,2Vehicles-Side,"llbis, SAPINS (ALLEE des",M,48.89728705765602,2.897142438066396
201800040639,NonLethal,2018-01-10,07:55:00,TwilightOrDawn,930,77,Yes,NoIntersection,LightRain,Other,"157, GRANDE RUE",M,48.88347525359473,2.8831023480716698
201800040640,NonLethal,2018-01-10,19:50:00,NightStreelightsOn,930,77,Yes,Roundabout,Normal,2Vehicles-Side,"0, CARETTE (ROND POINT D",M,48.88876973009684,2.887838681710141
201800040641,NonLethal,2018-01-11,10:30:00,Daylight,930,77,Yes,Other,Normal,Other,"24, HUGO (RUE VICTOR)",M,48.888780346213416,2.888548844098477
201800040642,NonLethal,2018-01-25,11:55:00,Daylight,930,77,Yes,T-type,HeavyRain,2Vehicles-Side,LONGPERRIER (AVENUE DE),M,48.88315560440917,2.8809060551184698
201800040643,NonLethal,2018-01-27,03:00:00,NightStreelightsOn,930,77,Yes,NoIntersection,Normal,Other,"ll5, GRANDE RUE",M,,
201800040644,NonLethal,2018-01-30,09:15:00,Daylight,930,62,Yes,NoIntersection,Normal,NoCollision,"42, RESISTANCE (AVENUE D",M,48.89294685325599,2.894259540263537
201800040645,NonLethal,2018-01-31,22:00:00,NightStreelightsOn,930,77,Yes,T-type,LightRain,2Vehicles-Behind,"74, ROSNY (AVENUE DE)",M,48.8841100032116,2.8846495078320187
201800040646,NonLethal,2018-02-02,17:50:00,TwilightOrDawn,930,77,Yes,NoIntersection,Normal,Other,"110, GRANDE RUE",M,48.8832078734798,2.880494664680433
201800040648,NonLethal,2018-02-12,08:50:00,Daylight,930,77,Yes,NoIntersection,Normal,2Vehicles-Side,"1O5, GRANDE RUE",M,48.88289791523158,2.8839203060638643
201800040649,NonLethal,2018-02-15,18:20:00,NightStreelightsOn,930,62,Yes,NoIntersection,Normal,Other,GARE (COUR DE LA),M,48.88815562408013,2.889831030769118
201800040650,NonLethal,2018-02-24,19:04:00,NightStreelightsOn,930,77,Yes,NoIntersection,Normal,2Vehicles-Side,"0, RAINCY (AVENUE DU)",M,48.88815513261782,2.888288511201117
201800040653,NonLethal,2018-03-24,09:20:00,Daylight,930,77,Yes,NoIntersection,Normal,2Vehicles-Side,"53, GRANDE RUE",M,48.88495016197553,2.8860898848830767
201800040654,NonLethal,2018-03-24,23:10:00,NightStreelightsOn,930,62,Yes,NoIntersection,Normal,2Vehicles-Side,"44, FONTAINE (ALLEE DE L",M,48.8931536683348,2.893269331149761
201800040655,NonLethal,2018-03-26,09:05:00,Daylight,930,77,Yes,T-type,Normal,2Vehicles-Side,"124, GRANDE RUE  18 / FI",M,48.88324560294488,2.8813829549504524
201800040656,NonLethal,2018-03-26,08:30:00,Daylight,930,77,Yes,NoIntersection,Normal,Other,GRANDE RUE  18 / FIN,M,48.88209249865284,2.8810894625333305
201800040657,NonLethal,2018-03-27,06:25:00,NightStreelightsOn,930,77,Yes,T-type,LightRain,Other,"8O, AULNAY (BOULEVARD D'",M,48.89501135496938,2.8949569966917093