AccidentId,Gravity,Date,Hour,Light,Department,Commune,InAgglomeration,IntersectionType,Weather,CollisionType,PostalAddress,GPSCode,Latitude,Longitude
201800040658,NonLethal,2018-02-04,14:05:00,Daylight,930,77,Yes,NoIntersection,Normal,2Vehicles-Side,"25, ROSNY (AVENUE DE)",M,48.88341273217063,2.8851860375201506
201800040659,NonLethal,2018-04-03,17:50:00,Daylight,930,62,Yes,NoIntersection,HeavyRain,Other,"39, RESISTANCE (AVENUE D",M,48.894492906215845,2.894278428606407
201800040660,NonLethal,2018-04-05,11:17:00,Daylight,930,62,Yes,X-type,Normal,2Vehicles-Side,EST (BOULEVARD DE L'),M,48.89866429405467,2.8999487233327548
201800040661,NonLethal,2018-08-04,18:35:00,Daylight,930,77,Yes,T-type,Normal,NoCollision,"1, RAINCY (AVENUE DU)",M,48.88497317307442,2.8841998611091424
201800040663,NonLethal,2018-04-13,19:30:00,Daylight,930,77,Yes,T-type,Normal,2Vehicles-Side,BONDY (AVENUE),M,48.888818833396165,2.8884906116266937
201800040664,NonLethal,2018-04-14,11:22:00,Daylight,930,77,Yes,NoIntersection,Normal,2Vehicles-BehindVehicles-Frontal,"25, MARNAUDES (CHEMIN DE",M,48.88808266060223,2.8889200858281843
201800040665,NonLethal,2018-04-16,13:30:00,Daylight,930,62,Yes,NoIntersection,Normal,2Vehicles-Side,"67, MIDI (BOULEVARD DU)",M,48.892755060261706,2.8934985139504223
201800040666,NonLethal,2018-04-18,14:35:00,Daylight,930,46,Yes,T-type,Normal,2Vehicles-Side,"41, SULLY AVENUE",M,48.91452154968006,2.9151627197056205
201800040667,NonLethal,2018-04-24,05:37:00,NightStreelightsOn,930,77,Yes,X-type,Normal,2Vehicles-Side,"25, NOISY (ROUTE DE)",M,48.88347007860079,2.881951139526058
201800040668,NonLethal,2018-04-26,23:30:00,NightStreelightsOn,930,77,Yes,Square,Normal,2Vehicles-Side,GARE (PLACE DE LA),M,48.89100853913381,2.8888239924700745
201800040669,NonLethal,2018-04-30,05:50:00,NightStreelightsOn,930,62,Yes,NoIntersection,LightRain,Other,"44, FONTAINE (ALLEE DE L",M,48.89325437070873,2.8921778322367597
201800040670,NonLethal,2018-04-30,18:55:00,TwilightOrDawn,930,77,Yes,T-type,LightRain,2Vehicles-Behind,"55, GALLIENI (AVENUE DU",M,48.89305388227183,2.891287168170128
201800040671,NonLethal,2018-06-05,16:40:00,Daylight,930,77,Yes,T-type,Normal,2Vehicles-Side,GRANDE RUE,M,48.883325219479126,2.883307547944411
201800040672,NonLethal,2018-10-05,11:55:00,Daylight,930,77,Yes,NoIntersection,Normal,Other,"34, ROND POINT (AVENUE D",M,48.88530134834842,2.8865473858392576
201800040673,NonLethal,2018-05-13,17:00:00,Daylight,930,77,Yes,X-type,Overcast,2Vehicles-Side,"24, GUILBERT (RUE)",M,48.88785817287391,2.888315984208872
201800040674,NonLethal,2018-05-18,19:10:00,Daylight,930,77,Yes,X-type,Normal,2Vehicles-BehindVehicles-Frontal,"15, OSSEVILLE (AVENUE D'",M,48.8804448192225,2.8810699385782312
201800040676,NonLethal,2018-05-26,16:08:00,Daylight,930,77,Yes,NoIntersection,Normal,NoCollision,"105, NEUILLY (RUE DE)",M,48.878852216167374,2.8775244504239703
201800040677,NonLethal,2018-05-26,23:25:00,NightStreelightsOn,930,77,No,T-type,Normal,Other,LUCIE (AVENUE),M,48.87785450404934,2.877672472757157
201800040678,NonLethal,2018-05-28,12:50:00,Daylight,930,77,Yes,NoIntersection,Normal,Other,"14 bis, SAINT LOUIS (RUE",M,48.88931385029836,2.8898567196780367
201800040680,NonLethal,2018-08-06,20:30:00,TwilightOrDawn,930,77,Yes,NoIntersection,Normal,3+Vehicles-Chain,"27, ROSNY (AVENUE DE)",M,48.88502912029561,2.8864824363559367
201800040682,NonLethal,2018-06-11,00:20:00,NightStreelightsOn,930,77,Yes,NoIntersection,Normal,2Vehicles-Side,"4, NOISY (ROUTE DE)",M,48.79904915055194,2.799585232998021
201800040684,NonLethal,2018-06-17,02:15:00,NightStreelightsOn,930,62,Yes,NoIntersection,Normal,Other,"49, EST (BOULEVARD DE L'",M,48.70169083086036,2.701259677181646
201800040685,NonLethal,2018-06-17,20:15:00,TwilightOrDawn,930,62,Yes,T-type,Normal,2Vehicles-Side,"9, EST (BOULEVARD DE L')",M,48.89813581602467,2.896965182400525
201800040686,NonLethal,2018-06-18,09:15:00,Daylight,930,77,Yes,NoIntersection,Normal,Other,CARNOT (BOULEVARD),M,,
201800040687,NonLethal,2018-06-22,16:20:00,Daylight,930,62,Yes,NoIntersection,Normal,Other,"26, THIERS (AVENUE)",M,48.90003717195455,2.900784914194088
201800040688,NonLethal,2018-06-23,12:10:00,Daylight,930,77,Yes,X-type,Normal,Other,MEISSONNIER (AVENUE),M,48.888494081143484,2.889516424923051
201800040689,NonLethal,2018-02-07,07:30:00,Daylight,930,77,Yes,NoIntersection,Normal,Other,"53, LAGACHE (AVENUE)",M,48.886294703809824,2.884805174526974
201800040691,NonLethal,2018-07-10,15:40:00,Daylight,930,62,Yes,X-type,Normal,Other,FONTAINE (ALLEE DE LA),M,48.893007232176295,2.891686647654895
201800040692,NonLethal,2018-07-13,09:12:00,Daylight,930,77,Yes,T-type,Normal,2Vehicles-Behind,"31, ROSNY (AVENUE DE)",M,48.88343336026973,2.885508639657353
201800040693,NonLethal,2018-07-18,21:18:00,Daylight,930,77,Yes,T-type,Normal,Other,OUTREBON (AVENUE),M,48.8867583303564,2.8881863904889906
201800040695,NonLethal,2018-07-24,16:15:00,Daylight,930,77,Yes,X-type,Normal,2Vehicles-Side,NOISY (ROUTE DE) JUSQU'A,M,48.8838384558976,2.882753507497269
201800040697,Lethal,2018-08-09,09:40:00,Daylight,930,77,Yes,Square,LightRain,2Vehicles-Side,GARE (PLACE DE LA),M,48.88847183197003,2.890101736529997
201800040698,NonLethal,2018-09-08,10:43:00,Daylight,930,77,Yes,NoIntersection,LightRain,2Vehicles-Behind,GRANDE RUE,M,48.884477687862606,2.883588542977596
201800040699,NonLethal,2018-08-18,04:55:00,NightStreelightsOn,930,77,Yes,X-type,Normal,2Vehicles-Side,GRANDE RUE,M,48.88190400220593,2.8821815239959454
201800040700,NonLethal,2018-08-25,16:40:00,Daylight,930,77,Yes,X-type,Normal,2Vehicles-Side,RAINCY (AVENUE DU),M,48.8862149017804,2.886668367884753
201800040701,NonLethal,2018-08-26,19:40:00,Daylight,930,77,Yes,T-type,Normal,2Vehicles-Side,PARC (RUE DU),M,48.88057711694106,2.879836674927095
201800040702,NonLethal,2018-05-09,08:25:00,Daylight,930,77,Yes,NoIntersection,Normal,2Vehicles-Side,GALLIENI (AVENUE DU GENE,M,48.89318250654015,2.893148256705567
201800040703,NonLethal,2018-09-09,17:20:00,Daylight,930,77,Yes,NoIntersection,Normal,Other,BEL AIR (RUE DU),M,48.87836703996805,2.875860461423132
201800040704,NonLethal,2018-09-12,00:25:00,NightStreelightsOn,930,77,Yes,X-type,Normal,2Vehicles-Side,GRANDE RUE,M,48.87783466254773,2.879199704561296
201800040705,NonLethal,2018-09-12,10:15:00,Daylight,930,77,Yes,MoreThan4Branches,Normal,Other,GARE (PLACE DE LA),M,48.88780550731529,2.8884462356558256
201800040706,NonLethal,2018-09-14,16:30:00,Daylight,930,77,Yes,NoIntersection,Normal,Other,ROSNY (AVENUE DE),M,48.883237324746986,2.884125198089751
201800040707,NonLethal,2018-09-17,09:20:00,Daylight,930,62,Yes,NoIntersection,VeryGood,Other,MONTFERMEIL (ROND POINT,M,48.89514141840407,2.894344584920833
201800040709,NonLethal,2018-09-21,09:02:00,Daylight,930,62,Yes,NoIntersection,LightRain,Other,THIERS (AVENUE),M,48.49925144008792,2.500767969034185
201800040711,NonLethal,2018-09-25,21:30:00,NightStreelightsOn,930,62,Yes,NoIntersection,Normal,2Vehicles-Behind,RESISTANCE (AVENUE DE LA,M,,
201800040712,NonLethal,2018-09-26,11:20:00,Daylight,930,62,Yes,X-type,Normal,2Vehicles-Side,COTEAUX (ALLEE DES) 28 -,M,48.89597450456666,2.894737708479161
201800040713,NonLethal,2018-10-01,13:50:00,Daylight,930,77,Yes,NoIntersection,Normal,Other,GRANDE RUE,M,48.88224969616243,2.8826444243546474
201800040714,NonLethal,2018-02-10,17:20:00,Daylight,930,62,Yes,T-type,Normal,Other,THIERS (AVENUE),M,48.89980746008268,2.899830810064281
201800040715,NonLethal,2018-10-06,17:35:00,Daylight,930,77,Yes,X-type,Normal,2Vehicles-Side,AIME (AVENUE),M,48.87761507012033,2.879099082253304
201800040716,NonLethal,2018-10-15,19:50:00,NightStreelightsOn,930,77,Yes,T-type,Normal,2Vehicles-Side,NEUILLY (RUE DE),M,48.87312818290392,2.874229165441597
201800040717,NonLethal,2018-10-25,16:00:00,Daylight,930,77,Yes,NoIntersection,Normal,Other,VIEVIELLE (RUE MARC),M,48.88156566057321,2.8814823290864955
201800040718,NonLethal,2018-10-25,18:55:00,NightStreelightsOn,930,77,Yes,X-type,Normal,2Vehicles-BehindVehicles-Frontal,FOSSE AUX BERGERS (RUE D,M,48.88991632894801,2.890147291250478
201800040719,NonLethal,2018-10-29,20:45:00,NightStreelightsOn,930,77,Yes,X-type,Normal,2Vehicles-Side,MONTAGNE SAVART (RUE DE,M,48.88515385999257,2.886034315890205
201800040720,NonLethal,2018-10-29,23:25:00,NightStreelightsOn,930,77,Yes,X-type,HeavyRain,2Vehicles-Side,LIMITES (AVENUE DES),M,48.88813095674429,2.8888734596262045
201800040721,NonLethal,2018-10-30,19:07:00,NightStreelightsOn,930,77,Yes,NoIntersection,Normal,Other,OUTREBON (AVENUE),M,48.88518837933153,2.8856022420534626
201800040722,NonLethal,2018-03-11,01:25:00,NightNoStreetLight,930,77,Yes,T-type,Normal,Other,GROS BUISSON (RUE DU),M,48.88947484068394,2.8888937961021472
201800040723,NonLethal,2018-06-11,16:55:00,Daylight,930,62,Yes,NoIntersection,Normal,Other,JARDIN ANGLAIS ET DE FIN,M,48.8975550129273,2.8969550134252144
201800040724,NonLethal,2018-06-11,18:30:00,Daylight,930,53,No,NoIntersection,Normal,2Vehicles-Behind,CHASSE (RUE DE LA),M,48.87924411202684,2.880255595060828
201800040725,NonLethal,2018-11-08,20:06:00,NightStreelightsOn,930,62,Yes,NoIntersection,Normal,2Vehicles-Side,LIVRY (AVENUE DE),M,48.90240010784312,2.903612856427361
201800040726,NonLethal,2018-10-11,11:30:00,Daylight,930,77,Yes,NoIntersection,LightRain,2Vehicles-Side,LIMITES  (AVENUE DES),M,48.8892324567362,2.8897991465662347
201800040728,NonLethal,2018-11-19,08:40:00,Daylight,930,77,Yes,NoIntersection,Normal,Other,GALLIENI (AVENUE DU GENE,M,48.89261954839563,2.890377655736346
201800040730,NonLethal,2018-12-07,16:33:00,TwilightOrDawn,930,77,Yes,NoIntersection,LightRain,Other,DETOUCHE (AVENUE),M,48.88616924282097,2.886197474034201
201800040731,NonLethal,2018-12-08,14:30:00,Daylight,930,77,Yes,X-type,Normal,3+Vehicles-Multiple,NOISY (ROUTE DE) JUSQU'A,M,48.88284773313751,2.885006717841234
201800040732,NonLethal,2018-12-10,20:35:00,NightStreelightsOn,930,77,Yes,NoIntersection,Normal,3+Vehicles-Chain,NEUILLY (RUE DE),M,48.86954754707819,2.869207862777651
201800040734,NonLethal,2018-12-13,17:47:00,NightStreelightsOn,930,77,Yes,NoIntersection,Normal,2Vehicles-Side,ROSNY (AVENUE DE),M,48.88502274707496,2.885093902336997
201800040735,NonLethal,2018-12-28,10:45:00,Daylight,930,62,Yes,Other,Overcast,NoCollision,THIERS (ROND POINT),M,,
201800040736,NonLethal,2018-01-06,22:45:00,NightStreelightsOn,930,64,Yes,NoIntersection,LightRain,2Vehicles-Behind,"5, ADENAUER (RUE CONRAD)",M,48.8776181892644,2.878775188182455
201800040737,NonLethal,2018-01-07,16:10:00,TwilightOrDawn,930,64,Yes,NoIntersection,Overcast,3+Vehicles-Multiple,"3, LISBONNE (RUE DE)",M,48.87835140984797,2.878137322501611
201800040738,NonLethal,2018-09-01,18:10:00,NightStreelightsOn,930,64,Yes,NoIntersection,LightRain,Other,ALSACE-LORRAINE (BOULEVA,M,48.88330785812866,2.8840934938998264
201800040740,NonLethal,2018-01-23,17:30:00,TwilightOrDawn,930,64,Yes,NoIntersection,Overcast,2Vehicles-Side,ALSACE-LORRAINE (BOULEVA,M,48.8845211253817,2.8813229631929667
201800040741,NonLethal,2018-01-02,05:30:00,NightStreelightsOn,930,64,Yes,NoIntersection,LightRain,2Vehicles-Behind,"37, FERRY (RUE JULES)",M,48.87498475885838,2.87446577418016
201800040742,NonLethal,2018-02-10,01:55:00,NightStreelightsOn,930,64,Yes,NoIntersection,SnowOrHail,Other,"58, REPUBLIQUE (AVENUE D",M,48.86769109111261,2.869062414614253
201800040743,NonLethal,2018-06-03,08:30:00,Daylight,930,64,No,NoIntersection,Normal,2Vehicles-Behind,DE GAULLE (AV DU GENERAL,M,48.88658980960867,2.887869255672036
201800040744,NonLethal,2018-03-22,08:10:00,Daylight,930,51,Yes,Square,Normal,2Vehicles-Side,"15, UNIVERSITE",M,48.83596443582251,2.8358024885527646
201800040745,NonLethal,2018-03-27,22:00:00,NightStreelightsOn,930,64,Yes,T-type,Normal,2Vehicles-Behind,"88, DE GAULLE (AV DU GEN",M,48.8790377897818,2.8790015546784944
201800040746,NonLethal,2018-03-29,13:58:00,Daylight,930,64,Yes,NoIntersection,Normal,2Vehicles-Side,GAGNY (AVENUE DE),M,,
201800040747,NonLethal,2018-04-06,15:45:00,Daylight,930,64,Yes,NoIntersection,Normal,2Vehicles-Side,DE GAULLE (AV DU GENERAL,M,48.88681064860589,2.885878242757487
201800040748,NonLethal,2018-04-09,23:55:00,NightStreelightsOn,930,64,Yes,NoIntersection,LightRain,2Vehicles-Behind,"00, DE GAULLE (AV DU GEN",M,48.87807217382176,2.876965384288679
201800040749,NonLethal,2018-04-14,03:40:00,NightStreelightsOn,930,64,Yes,NoIntersection,Normal,2Vehicles-BehindVehicles-Frontal,"31, JAURES (AVENUE JEAN)",M,,
201800040750,NonLethal,2018-04-19,16:05:00,Daylight,930,64,Yes,T-type,VeryGood,2Vehicles-Side,"54BIS, ETANG A L'EAU (RU",M,,
201800040751,NonLethal,2018-04-30,20:00:00,Daylight,930,64,Yes,X-type,LightRain,2Vehicles-BehindVehicles-Frontal,"108, DE GAULLE (AV DU GE",M,48.88063394098943,2.88081380438365
201800040753,NonLethal,2018-05-08,08:40:00,Daylight,930,64,Yes,NoIntersection,Normal,Other,PERI (BOULEVARD GABRIEL),M,48.87678167515456,2.878068998233941
201800040754,NonLethal,2018-05-12,00:10:00,NightStreelightsOn,930,47,Yes,X-type,Normal,2Vehicles-Side,"l56, MYOSOTIS   (AVENUE",M,48.83010555556295,2.8286925752834517
201800040755,NonLethal,2018-05-12,12:40:00,Daylight,930,64,Yes,Roundabout,Normal,Other,"1, LISBONNE (RUE DE)",M,,
201800040757,NonLethal,2018-05-18,12:50:00,Daylight,930,64,Yes,Y-type,Normal,2Vehicles-Side,LISBONNE (RUE DE),M,,
201800040758,NonLethal,2018-05-19,10:45:00,Daylight,930,64,Yes,NoIntersection,Normal,2Vehicles-Side,"30, QUATRIEME ZOUAVES (R",M,48.87319202503414,2.8709514923564527
201800040759,NonLethal,2018-05-19,19:35:00,TwilightOrDawn,930,64,Yes,NoIntersection,Normal,Other,"60, QUATRIEME ZOUAVES (R",M,48.87134574627648,2.873308329759165
201800040760,NonLethal,2018-05-25,15:40:00,Daylight,930,64,Yes,NoIntersection,Normal,Other,"l26, ALSACE-LORRAINE (BO",M,48.8855390142711,2.885244689202431
201800040762,NonLethal,2018-06-10,20:45:00,Daylight,930,64,Yes,X-type,LightRain,2Vehicles-Side,WALESA (AVENUE LECH),M,,
201800040763,NonLethal,2018-05-31,18:35:00,Daylight,930,50,Yes,NoIntersection,Normal,Other,ARISTIDE BRIAND (BOULEBA,M,48.85938645926536,2.857304846087459
201800040764,NonLethal,2018-06-17,05:05:00,NightStreelightsOn,930,48,Yes,X-type,Normal,2Vehicles-Side,EDOUARD VAILLANT (RUE),M,48.85533655785924,2.85593330431794
201800040765,NonLethal,2018-06-18,17:45:00,Daylight,930,64,Yes,NoIntersection,Normal,2Vehicles-Side,"29, REPUBLIQUE (AVENUE D",M,48.86605492410705,2.8687781118764373
201800040767,NonLethal,2018-06-26,04:50:00,NightStreelightsOn,930,64,Yes,NoIntersection,Normal,Other,GUESDES (RUE JULES),M,48.87654151069441,2.8753092005576977
201800040768,NonLethal,2018-07-18,22:15:00,NightNoStreetLight,930,64,Yes,NoIntersection,Normal,2Vehicles-Side,DE GAULLE (AV DU GENERAL,M,48.882807939172245,2.882722456445873
201800040769,NonLethal,2018-07-20,17:00:00,Daylight,930,64,Yes,Other,LightRain,Other,GAGNY (AVENUE DE),M,48.88697994424234,2.8863168112127005
201800040770,NonLethal,2018-09-10,12:40:00,Daylight,930,64,Yes,NoIntersection,Normal,Other,REPUBLIQUE (AVENUE DE LA,M,,
201800040772,NonLethal,2018-09-15,23:35:00,NightStreelightsOn,930,50,Yes,Other,Normal,Other,JEAN JAURES (AVENUE) COT,M,48.859994589470965,2.860209138755597
201800040773,NonLethal,2018-09-21,19:10:00,Daylight,930,64,Yes,NoIntersection,Normal,Other,GALLIENI (RUE DU GENERAL,M,48.87369427133583,2.8731964559979684
201800040774,NonLethal,2018-09-22,13:45:00,Daylight,930,64,Yes,X-type,Normal,2Vehicles-Side,ALSACE-LORRAINE (BOULEVA,M,,
201800040775,NonLethal,2018-04-10,19:30:00,TwilightOrDawn,930,64,Yes,NoIntersection,Normal,2Vehicles-Side,KENNEDY (AVENUE DU PRESI,M,48.8803014381361,2.87736033228294
201800040776,Lethal,2018-04-07,12:15:00,Daylight,930,64,Yes,NoIntersection,Normal,Other,"17, DUCLOS (RUE JACQUES)",M,,
201800040777,NonLethal,2018-07-10,22:30:00,NightStreelightsOn,930,48,Yes,NoIntersection,Normal,2Vehicles-Side,PARIS (RUE DE),M,48.85280086051371,2.853442265772032
201800040778,NonLethal,2018-09-10,17:55:00,Daylight,930,64,Yes,NoIntersection,Normal,Other,GARDEBLED (RUE RICHARD),M,48.8754498634859,2.875319847157012
201800040779,NonLethal,2018-10-10,19:15:00,TwilightOrDawn,930,64,Yes,X-type,Normal,2Vehicles-Side,OFFENBACH (RUE JACQUES),M,,
201800040780,NonLethal,2018-10-14,05:25:00,NightStreelightsOn,930,64,Yes,X-type,Normal,2Vehicles-Side,ALSACE-LORRAINE (BOULEVA,M,48.885659155905934,2.8836467083928987
201800040782,NonLethal,2018-10-21,15:50:00,Daylight,930,64,Yes,X-type,Normal,2Vehicles-Behind,DE GAULLE (AV DU GENERAL,M,48.87784723551433,2.877534188598635
201800040783,NonLethal,2018-10-29,19:05:00,NightNoStreetLight,930,64,Yes,NoIntersection,Normal,Other,BLUM (RUE LEON),M,48.88412334576499,2.885278764449989
201800040784,NonLethal,2018-10-30,19:05:00,NightStreelightsOn,930,64,Yes,X-type,Normal,2Vehicles-BehindVehicles-Frontal,DEUX COMMUNES (RUE DES),M,48.86885401974884,2.8693971382523205
201800040785,NonLethal,2018-11-01,17:00:00,Daylight,930,64,Yes,NoIntersection,LightRain,3+Vehicles-Chain,KENNEDY (AVENUE DU PRESI,M,,
201800040786,NonLethal,2018-11-10,22:30:00,NightStreelightsOn,930,64,Yes,NoIntersection,LightRain,2Vehicles-Side,BLUM (RUE LEON),M,48.881343273944616,2.8798632858662025
201800040787,NonLethal,2018-11-13,14:25:00,Daylight,930,64,Yes,Other,Normal,2Vehicles-Side,DE GAULLE (AV DU GENERAL,M,48.88475161140654,2.883527760362763
201800040788,NonLethal,2018-11-18,17:00:00,NightStreelightsOn,930,64,Yes,Other,Normal,Other,DE GAULLE (AV DU GENERAL,M,48.87998834648021,2.8802094092211883
201800040789,NonLethal,2018-11-19,19:25:00,NightStreelightsOn,930,48,Yes,NoIntersection,LightRain,Other,PASTEUR S2  (AVENUE),M,48.870629763322285,2.8709810016846173
201800040790,NonLethal,2018-11-23,15:00:00,Daylight,930,64,Yes,T-type,Overcast,Other,HUSSENET (RUE),M,48.87717602722364,2.8799293212383628
201800040791,NonLethal,2018-11-27,18:55:00,NightStreelightsOn,930,64,Yes,X-type,LightRain,Other,JAURES (AVENUE JEAN),M,48.87311166778544,2.8706411533331173
201800040792,NonLethal,2018-05-12,12:00:00,Daylight,930,64,Yes,Other,Normal,Other,HUGO (RUE VICTOR),M,48.86546178538578,2.866331135269446
201800040793,NonLethal,2018-12-06,19:25:00,NightStreelightsOn,930,64,Yes,T-type,Normal,3+Vehicles-Multiple,CLOS BARON (RUE DU),M,,
201800040794,NonLethal,2018-12-15,17:50:00,NightStreelightsOn,930,64,Yes,Other,LightRain,Other,ALSACE-LORRAINE (BOULEVA,M,48.88257091618196,2.8844972084711205
201800040795,NonLethal,2018-12-27,11:30:00,Daylight,930,64,Yes,Other,Normal,Other,ROME (RUE DE),M,,
201800040796,NonLethal,2018-12-30,18:00:00,NightStreelightsOn,930,64,Yes,NoIntersection,Overcast,Other,DE GAULLE (AV DU GENERAL,M,,
201800040798,NonLethal,2018-01-01,19:30:00,NightStreelightsOn,930,66,Yes,NoIntersection,Overcast,Other,MARECHAL Lyautey,M,48.917521424088406,2.919087537310391
201800040799,NonLethal,2018-06-01,22:45:00,NightStreelightsOn,930,66,Yes,NoIntersection,LightRain,2Vehicles-Side,PORTE DE PARIS (PLACE),M,48.929666653427226,2.9280327420095094
201800040800,NonLethal,2018-01-07,08:07:00,NightStreelightsOn,930,66,Yes,NoIntersection,LightRain,2Vehicles-BehindVehicles-Frontal,"33, LENINE (AVENUE) NR 2",M,48.94306071845198,2.9411915065928667
201800040801,NonLethal,2018-01-07,13:22:00,Daylight,930,66,Yes,NoIntersection,LightRain,Other,MOCQUET GUY,M,48.94911314004027,2.9501695181761094
201800040802,NonLethal,2018-09-01,12:30:00,Daylight,930,66,Yes,NoIntersection,Normal,2Vehicles-Behind,"208, WILSON (AVENUE DU P",M,,
201800040803,NonLethal,2018-01-10,14:00:00,Daylight,930,66,Yes,NoIntersection,LightRain,Other,COLONEL FABIEN (AVENUE),M,48.94470598110549,2.9448128276106664
201800040804,NonLethal,2018-11-01,21:30:00,NightStreelightsOn,930,39,Yes,NoIntersection,Normal,Other,CHATELIER (QUAI DU ),M,48.91858845931426,2.920839645661151
201800040805,NonLethal,2018-01-14,18:30:00,NightStreelightsOn,930,66,Yes,NoIntersection,Normal,2Vehicles-Behind,COLONEL FABIEN (AVENUE),M,,
201800040807,NonLethal,2018-01-16,12:30:00,Daylight,930,66,Yes,NoIntersection,Normal,3+Vehicles-Multiple,"265, WILSON (AVENUE DU P",M,48.91769687774342,2.9174841980937027
201800040808,NonLethal,2018-01-16,21:40:00,NightStreelightsOn,930,66,Yes,NoIntersection,Normal,2Vehicles-Side,"55, ORNANO (BOULEVARD)",M,48.915055034595554,2.9149942491032954
201800040809,NonLethal,2018-01-17,18:20:00,NightStreelightsOn,930,66,Yes,NoIntersection,LightRain,Other,"227, WILSON (AVENUE DU P",M,48.91517841139167,2.9136575505532214
201800040810,NonLethal,2018-01-18,06:42:00,NightStreelightsOn,930,66,Yes,X-type,LightRain,2Vehicles-Side,BRICHE NR 2 A 38,M,48.940305020923454,2.941354774783158
201800040811,NonLethal,2018-01-21,13:10:00,Daylight,930,66,Yes,X-type,LightRain,Other,"""LANDY RD 20, NR IMPAIRS",M,48.91559144534629,2.9142429121564
201800040812,NonLethal,2018-01-22,18:00:00,NightStreelightsOn,930,66,Yes,NoIntersection,LightRain,2Vehicles-BehindVehicles-Frontal,AMPERE,M,48.9234382762872,2.923280897782342
201800040814,NonLethal,2018-01-27,18:30:00,Daylight,930,39,Yes,NoIntersection,Normal,2Vehicles-Behind,"2, Marcel paul (BOULEVAR",M,48.91139094925164,2.910815821405975
201800040815,NonLethal,2018-01-30,04:55:00,NightStreelightsOn,930,66,Yes,NoIntersection,Normal,Other,LIBERATION RD14 (BOULEVA,M,48.93310900470452,2.9346806646859047
201800040817,NonLethal,2018-06-02,09:15:00,Daylight,930,66,Yes,NoIntersection,SnowOrHail,2Vehicles-Behind,FRANCE ANATOLE ENTREE A8,M,48.92332101200936,2.923796149796915
201800040818,NonLethal,2018-02-06,11:25:00,Daylight,930,66,Yes,NoIntersection,SnowOrHail,Other,"22, SEMAT ROGER",M,48.94628631219206,2.947280339957309
201800040819,NonLethal,2018-08-02,16:13:00,Daylight,930,66,Yes,NoIntersection,Normal,Other,FRANCE ANATOLE (BOULEVAR,M,48.920752045302805,2.919605031553614
201800040820,NonLethal,2018-08-02,20:20:00,NightStreelightsOn,930,66,Yes,NoIntersection,Normal,Other,SAULNIER JULES,M,48.92651235582178,2.9239860373774307
201800040821,NonLethal,2018-02-09,21:50:00,NightStreelightsOn,930,66,Yes,NoIntersection,LightRain,Other,"117, MICHELS CHARLES",M,48.9275582470406,2.928289209669244
201800040822,NonLethal,2018-02-11,06:30:00,NightStreelightsOn,930,66,Yes,NoIntersection,Other,Other,"48, SIQUEIROS DAVID",M,48.9430371648178,2.9453268007576496
201800040824,NonLethal,2018-02-17,22:00:00,NightStreelightsOn,930,66,Yes,NoIntersection,Normal,Other,LENINE (AVENUE) NR 2 A 2,M,,
201800040825,NonLethal,2018-02-21,16:40:00,Daylight,930,66,Yes,X-type,Normal,2Vehicles-Side,"""STALINGRAD (AVENUE), NR",M,48.94726943882564,2.9466789315553616
201800040826,NonLethal,2018-02-21,15:00:00,Daylight,930,66,Yes,NoIntersection,Normal,Other,PORTE DE PARIS (PLACE),M,48.93128718983326,2.9302541473600208
201800040827,NonLethal,2018-03-02,23:00:00,NightStreelightsOn,930,66,Yes,NoIntersection,Normal,3+Vehicles-Chain,"""BARBUSSE HENRI, NR 2 A",M,48.93851692347843,2.9403621662287214
201800040828,NonLethal,2018-05-03,16:35:00,Daylight,930,39,Yes,X-type,Overcast,2Vehicles-Side,JAURES JEAN (AVENUE),M,48.92952996815277,2.9295215419482297
201800040829,NonLethal,2018-03-08,16:55:00,Daylight,930,66,Yes,NoIntersection,LightRain,Other,"27, FAURE FELIX (BOULEVA",M,48.93936599749586,2.938380200459072
201800040830,NonLethal,2018-10-03,13:30:00,Daylight,930,66,Yes,NoIntersection,Normal,Other,"14, GENERAL JOINVILLE",M,48.9353529824557,2.9334063241157247
201800040832,NonLethal,2018-03-15,19:00:00,TwilightOrDawn,930,66,Yes,NoIntersection,Normal,2Vehicles-Side,STADE DE FRANCE (AVENUE,M,49.00012072400308,3.002039264475844
201800040833,NonLethal,2018-03-18,10:55:00,Daylight,930,66,Yes,NoIntersection,LightRain,2Vehicles-Side,"15, GENERAL JOINVILLE",M,48.935015193013214,2.9330631748484493
201800040834,NonLethal,2018-03-19,14:00:00,Daylight,930,66,Yes,T-type,Normal,2Vehicles-Behind,"60, ""STALINGRAND (AV), N",M,48.9451366678642,2.945990408514027
201800040836,NonLethal,2018-03-23,12:15:00,Daylight,930,66,Yes,T-type,Normal,2Vehicles-Side,MENAND,M,48.934781195261365,2.936034110185219
201800040837,NonLethal,2018-03-23,19:10:00,NightStreelightsOn,930,66,Yes,NoIntersection,Normal,Other,FORT DE LA BRICHE,M,48.94226372782771,2.9440124760887545
201800040838,NonLethal,2018-03-27,07:45:00,TwilightOrDawn,930,66,Yes,NoIntersection,LightRain,Other,"37, ""LANDY RD 20, NR IMP",M,48.91369397379466,2.9153239701381715
201800040839,NonLethal,2018-03-28,14:50:00,Daylight,930,66,Yes,NoIntersection,HeavyRain,Other,"53, COURNEUVE (ROUTE)",M,48.930869655019656,2.931236347463201
201800040840,NonLethal,2018-03-29,12:55:00,Daylight,930,66,Yes,NoIntersection,Normal,Other,"93, ""STRASBOURG, NR 36 E",M,48.93937865629596,2.936230507847936
201800040841,NonLethal,2018-02-04,16:15:00,Daylight,930,66,Yes,T-type,Normal,Other,"154 bis, WILSON (AVENUE",M,48.910763362552096,2.9090066373265464
201800040842,NonLethal,2018-04-03,17:30:00,Daylight,930,66,Yes,NoIntersection,HeavyRain,Other,"31, FAURE FELIX (BOULEVA",M,48.93679721162752,2.9389118722653707
201800040843,NonLethal,2018-04-04,19:40:00,TwilightOrDawn,930,66,Yes,NoIntersection,Normal,2Vehicles-Side,GENERAL DE GAULLE,M,48.92278214234169,2.9248086115639054