AccidentId,Gravity,Date,Hour,Light,Department,Commune,InAgglomeration,IntersectionType,Weather,CollisionType,PostalAddress,GPSCode,Latitude,Longitude
201800040844,NonLethal,2018-04-06,08:35:00,Daylight,930,66,Yes,T-type,VeryGood,Other,"11, ""GUESDE JULES (BD),",M,48.9363855248028,2.934309140994479
201800040845,NonLethal,2018-06-04,12:30:00,Daylight,930,66,Yes,NoIntersection,Normal,3+Vehicles-Multiple,"35, FRANCE ANATOLE (BOUL",M,48.92703830168681,2.926393150852494
201800040846,NonLethal,2018-04-09,16:00:00,Daylight,930,66,Yes,NoIntersection,LightRain,Other,"44, ""GUESDE JULES (BD),",M,48.92952346718165,2.930052275269844
201800040847,NonLethal,2018-11-04,04:11:00,NightStreelightsOn,930,66,Yes,Y-type,Normal,Other,WILSON (AVENUE DU PRESID,M,48.92633461107055,2.928623518343908
201800040848,NonLethal,2018-04-13,07:10:00,Daylight,930,66,Yes,NoIntersection,Normal,Other,"31, LIBERTE",M,48.94012045081086,2.939892549508437
201800040849,NonLethal,2018-04-13,10:00:00,Daylight,930,66,Yes,NoIntersection,Normal,Other,"O1, COMMUNE DE PARIS (BO",M,48.94212680999406,2.9421592700364703
201800040851,NonLethal,2018-04-13,20:00:00,TwilightOrDawn,930,66,Yes,NoIntersection,Normal,2Vehicles-Side,FORT DE LA BRICHE,M,48.94257295231581,2.9446375789262285
201800040853,NonLethal,2018-04-14,22:00:00,NightStreelightsOn,930,66,Yes,Y-type,Other,Other,LIBERATION RD14 (BOULEVA,M,,
201800040854,NonLethal,2018-04-16,04:10:00,NightStreelightsOn,930,66,Yes,Other,Normal,Other,"STALINGRAD (AVENUE), NR",M,48.9460352598658,2.9456805235217707
201800040855,NonLethal,2018-04-17,13:15:00,Daylight,930,66,Yes,X-type,Normal,2Vehicles-Side,METALLURGIE (AVENUE),M,48.90986293292835,2.9085245322250906
201800040856,NonLethal,2018-04-19,16:50:00,Daylight,930,66,Yes,NoIntersection,Normal,2Vehicles-Behind,COLONEL FABIEN (AVENUE),M,48.94497020259442,2.9462524957663976
201800040857,NonLethal,2018-04-22,06:40:00,Daylight,930,66,Yes,X-type,Normal,2Vehicles-Side,"43, ""LANDY RD 20, NR IMP",M,48.916601802527936,2.9149670752283523
201800040858,NonLethal,2018-04-24,13:55:00,Daylight,930,66,Yes,NoIntersection,Normal,2Vehicles-Side,"90, PRESSENCE FRANCIS (A",M,48.92593210672661,2.9271532683620918
201800040859,NonLethal,2018-04-24,07:26:00,TwilightOrDawn,930,66,Yes,NoIntersection,Normal,Other,STADE DE FRANCE (AVENUE,M,48.91792100828162,2.920060500314259
201800040860,NonLethal,2018-04-26,16:00:00,Daylight,930,66,Yes,NoIntersection,Normal,2Vehicles-Behind,"31, COLONEL FABIEN (AVEN",M,48.945294495764045,2.947880447087926
201800040861,NonLethal,2018-04-26,17:45:00,Daylight,930,72,No,NoIntersection,Normal,Other,"12, DIVISION LECLERC (AV",M,48.95095987751121,2.9520507074939504
201800040862,NonLethal,2018-04-27,23:30:00,NightStreelightsOn,930,66,Yes,NoIntersection,Normal,2Vehicles-Behind,", MOULIN JEAN (AVE) NR 1",M,48.93788678031356,2.938149178069001
201800040863,NonLethal,2018-04-30,19:10:00,TwilightOrDawn,930,66,Yes,X-type,LightRain,2Vehicles-Side,COMMUNE DE PARIS (BOULEV,M,48.93905506392125,2.937777466510782
201800040865,NonLethal,2018-05-07,03:30:00,NightStreelightsOn,930,66,Yes,NoIntersection,Normal,Other,GENERAL JOINVILLE,M,48.93362712499053,2.9342106406887063
201800040867,NonLethal,2018-10-05,10:35:00,Daylight,930,66,Yes,NoIntersection,Overcast,2Vehicles-Behind,"81, WILSON (AVENUE DU PR",M,48.905035278007055,2.904609481064192
201800040870,NonLethal,2018-05-14,22:46:00,NightStreelightsOn,930,66,Yes,X-type,Normal,2Vehicles-Behind,METALLURGIE (AVENUE),M,,
201800040871,NonLethal,2018-05-15,17:45:00,Daylight,930,66,Yes,NoIntersection,Normal,Other,WILSON (AVENUE DU PRESID,M,48.91973767864537,2.919054316063133
201800040872,NonLethal,2018-05-16,17:40:00,Daylight,930,66,Yes,NoIntersection,Normal,Other,"49, COMMUNE DE PARIS (BO",M,48.9368104272074,2.9363020499692363
201800040873,NonLethal,2018-05-17,09:06:00,Daylight,930,66,Yes,T-type,Normal,2Vehicles-Side,"6, BRICHE NR 2 A 38",M,48.94348116670437,2.9434217561450056
201800040874,NonLethal,2018-05-18,21:05:00,Daylight,930,66,Yes,NoIntersection,Normal,2Vehicles-Side,GORKI MAXIME,M,48.94248192189374,2.9432570956059343
201800040875,NonLethal,2018-05-24,16:30:00,Daylight,930,66,Yes,NoIntersection,Normal,Other,POSTILLONS,M,48.93978131819841,2.9384166768530777
201800040876,NonLethal,2018-05-27,13:28:00,Daylight,930,66,Yes,X-type,Normal,2Vehicles-Side,LENINE (AVENUE) NR 28 A,M,,
201800040877,NonLethal,2018-05-28,12:45:00,Daylight,930,66,Yes,T-type,Normal,2Vehicles-Side,WILSON (AVENUE DU PRESID,M,48.92758944076015,2.925502612479377
201800040878,NonLethal,2018-05-29,08:30:00,Daylight,930,66,Yes,X-type,Normal,Other,WILSON (AVENUE DU PRESID,M,48.91824991686606,2.9199192360812734
201800040879,NonLethal,2018-05-30,18:40:00,Daylight,930,66,Yes,NoIntersection,Normal,Other,STADE DE FRANCE (AVENUE,M,48.92164687708569,2.92124928789797
201800040880,NonLethal,2018-02-06,22:46:00,NightStreelightsOn,930,66,Yes,NoIntersection,Normal,Other,"4, BAUDET",M,48.86545495523512,2.866120347872763
201800040881,NonLethal,2018-06-03,13:00:00,Daylight,930,66,Yes,NoIntersection,Normal,Other,"10, SEMAT ROGER",M,48.94494193889197,2.9439790882302024
201800040884,NonLethal,2018-06-04,16:30:00,Daylight,930,66,Yes,T-type,Normal,2Vehicles-Side,"77, ""LANDY RD 20, NR IMP",M,48.91521468831832,2.916242937988266
201800040885,NonLethal,2018-06-04,21:50:00,NightStreelightsOn,930,66,Yes,NoIntersection,Normal,Other,"86, ""SEMBAT MARCEL (BD),",M,48.935254291024,2.9347347541517
201800040886,NonLethal,2018-06-09,21:00:00,TwilightOrDawn,930,66,Yes,NoIntersection,Normal,2Vehicles-Side,FORT DE LA BRICHE (CHEMI,M,48.94570088405466,2.946618830291836
201800040887,NonLethal,2018-10-06,01:42:00,NightStreelightsOn,930,66,Yes,NoIntersection,Normal,3+Vehicles-Chain,"44, ELUARD PAUL NR 2 A 3",M,48.94108977998474,2.940045685663555
201800040888,NonLethal,2018-06-11,18:50:00,Daylight,930,66,Yes,NoIntersection,LightRain,Other,DE PRESSENSE FRANCIS,M,48.92206521646453,2.920620963079991
201800040889,NonLethal,2018-06-14,03:30:00,NightStreelightsOn,930,66,Yes,NoIntersection,Normal,NoCollision,SAULNIER JULES,M,48.92416072740934,2.9262598483657207
201800040890,NonLethal,2018-06-15,17:45:00,Daylight,930,66,No,NoIntersection,Normal,Other,GARENNE,M,48.943066881911165,2.9418755250328976
201800040891,NonLethal,2018-06-17,23:20:00,NightStreelightsOn,930,66,Yes,X-type,Normal,Other,LENINE (AVENUE) NR 28 A,M,48.94222438671116,2.9427323722257106
201800040892,NonLethal,2018-06-20,11:18:00,Daylight,930,66,Yes,NoIntersection,Normal,2Vehicles-Side,"1, ""PERI GABRIEL, NR 2",M,48.93238332691048,2.9290065178773714
201800040894,NonLethal,2018-06-22,11:18:00,Daylight,930,66,Yes,NoIntersection,Normal,Other,MONDIAL 98,M,48.92452285989814,2.9274266229093366
201800040895,NonLethal,2018-06-22,19:45:00,Daylight,930,66,Yes,NoIntersection,Normal,Other,BASILIQUE (PROMENADE),M,48.94169408357092,2.9432872902167824
201800040897,NonLethal,2018-06-23,15:25:00,Daylight,930,66,Yes,NoIntersection,Normal,Other,PORT,M,48.937009206367605,2.939657241316017
201800040898,NonLethal,2018-06-23,17:45:00,Daylight,930,66,Yes,NoIntersection,Normal,Other,"15, COLONEL FABIEN (AVEN",M,48.946264515108034,2.9456669404599496
201800040899,NonLethal,2018-06-24,05:15:00,Daylight,930,59,Yes,X-type,Normal,2Vehicles-Side,JULES CHATENAY (RUE),M,48.96730935023718,2.966595069798429
201800040900,NonLethal,2018-06-24,21:15:00,Daylight,930,66,Yes,X-type,Normal,2Vehicles-Side,"142, ""PERI GABRIEL, NR 1",M,48.942195899936,2.9420965438116458
201800040901,NonLethal,2018-06-25,08:30:00,Daylight,930,66,Yes,NoIntersection,Normal,Other,"28, FAURE FELIX (BOULEVA",M,48.93874407744397,2.9396817923229523
201800040902,NonLethal,2018-06-25,15:30:00,Daylight,930,66,Yes,NoIntersection,Normal,2Vehicles-Side,"5, MITERRAND FRANCOIS (A",M,48.916164769179325,2.9145986062214524
201800040904,NonLethal,2018-06-28,11:10:00,Daylight,930,66,Yes,NoIntersection,VeryGood,2Vehicles-Side,DELAUNAY HENRI,M,48.92639749799375,2.926707528685856
201800040905,NonLethal,2018-06-28,17:45:00,Daylight,930,66,Yes,NoIntersection,VeryGood,2Vehicles-Side,CITE PAUL ELUARD,M,48.94156136978012,2.9387282631461
201800040907,NonLethal,2018-07-07,13:24:00,Daylight,930,66,Yes,NoIntersection,Normal,2Vehicles-BehindVehicles-Frontal,"60, FRANCE ANATOLE (BOUL",M,,
201800040908,NonLethal,2018-08-07,09:15:00,Daylight,930,66,Yes,NoIntersection,Normal,Other,"02, ""BARBUSSE HENRI, NR",M,,
201800040911,NonLethal,2018-07-17,17:50:00,Daylight,930,66,Yes,NoIntersection,Normal,2Vehicles-Side,POULBOT FRANCISQUE,M,48.91876183314463,2.9189664923667404
201800040912,NonLethal,2018-07-16,15:45:00,Daylight,930,66,Yes,Other,Normal,2Vehicles-Side,FORT DE LA BRICHE,M,48.94580054477577,4.946631567707387
201800040913,NonLethal,2018-07-17,22:26:00,NightStreelightsOn,930,66,Yes,NoIntersection,Normal,2Vehicles-Side,ELUARD PAUL NR 2 A 36 ET,M,48.93829543155224,2.937167354015126
201800040914,NonLethal,2018-07-18,08:50:00,Daylight,930,66,Yes,NoIntersection,Normal,Other,WILSON (AVENUE DU PRESID,M,48.900373140534455,2.902574843258336
201800040915,NonLethal,2018-07-19,12:00:00,Daylight,930,66,Yes,NoIntersection,Normal,2Vehicles-Side,CASANOVA DANIELLE NR 52-,M,48.92372412887247,2.9252770553127068
201800040916,NonLethal,2018-07-23,17:55:00,Daylight,930,66,Yes,Y-type,Normal,2Vehicles-Side,FRANCE ANATOLE ENTREE A8,M,48.92802941620271,2.929344694003945
201800040917,NonLethal,2018-07-26,16:30:00,Daylight,930,66,Yes,NoIntersection,Normal,Other,COURNEUVE (ROUTE),M,48.931558555109504,2.929771714764384
201800040918,NonLethal,2018-07-26,16:09:00,Daylight,930,27,Yes,NoIntersection,Normal,2Vehicles-Side,CONVENTION (RUE DE LA),M,48.93022418133908,2.929084863209558
201800040919,NonLethal,2018-01-08,19:15:00,Daylight,930,66,Yes,T-type,Normal,Other,LIBERTE,M,48.94399118560817,2.9445859988383787
201800040920,NonLethal,2018-08-01,20:00:00,Daylight,930,66,Yes,NoIntersection,Normal,2Vehicles-Side,WILSON (AVENUE DU PRESID,M,48.90039501097977,2.9019365581555934
201800040921,NonLethal,2018-08-04,13:15:00,Daylight,930,66,Yes,X-type,Normal,2Vehicles-Side,SEMAT ROGER,M,48.939453556744525,2.941071073257384
201800040922,NonLethal,2018-08-06,05:35:00,TwilightOrDawn,930,66,Yes,NoIntersection,Normal,2Vehicles-Side,SEMAT ROGER,M,,
201800040923,NonLethal,2018-08-06,08:50:00,Daylight,930,66,Yes,X-type,Normal,2Vehicles-Side,FORT DE LA BRICHE,M,48.94711590178803,2.948320163186515
201800040924,NonLethal,2018-06-08,16:10:00,Daylight,930,66,Yes,NoIntersection,Normal,2Vehicles-BehindVehicles-Frontal,CROISAT AMBROISE RD 29 B,M,48.93472496846018,2.9337271871826363
201800040925,NonLethal,2018-08-04,19:45:00,Daylight,930,39,Yes,NoIntersection,Normal,Other,CHATELIER (QUAI DU ),M,48.94056121848578,2.939846797260082
201800040926,NonLethal,2018-08-23,14:52:00,Daylight,930,66,Yes,NoIntersection,Normal,Other,POULBOT FRANCISQUE,M,48.92062337813882,2.921166587768925
201800040927,NonLethal,2018-08-24,13:00:00,Daylight,930,66,Yes,Y-type,Normal,Other,HAYDN,M,48.94180024384016,2.9424316358290743
201800040928,NonLethal,2018-08-26,18:30:00,Daylight,930,66,Yes,NoIntersection,Normal,3+Vehicles-Multiple,"""GUESDE JULES (BOULEVARD",M,48.935584568858,2.936429887842507
201800040929,NonLethal,2018-08-26,20:15:00,TwilightOrDawn,930,66,Yes,X-type,Normal,2Vehicles-Behind,"""GUESDE JULES (BOULEVARD",M,48.93609543593018,2.936574418161268
201800040930,NonLethal,2018-08-30,10:00:00,Daylight,930,66,Yes,NoIntersection,Normal,3+Vehicles-Chain,SAULNIER JULES,M,48.92625434013861,2.92579113396138
201800040931,NonLethal,2018-08-30,16:50:00,Daylight,930,66,Yes,T-type,Overcast,Other,CARNOT (BOULEVARD),M,48.93968161680302,2.937746006903562
201800040932,NonLethal,2018-08-30,19:10:00,TwilightOrDawn,930,66,Yes,NoIntersection,Overcast,2Vehicles-Behind,TUNIS,M,48.91418052320779,2.915961518398635
201800040933,NonLethal,2018-09-06,18:00:00,Daylight,930,66,Yes,NoIntersection,Normal,2Vehicles-Side,FRANCE ANATOLE (BOULEVAR,M,48.92475222547684,2.9261961538485584
201800040934,NonLethal,2018-07-09,11:05:00,Daylight,930,66,Yes,X-type,LightRain,2Vehicles-Side,ANDRE CAMPRA (RUE),M,48.919633190408575,2.9192268132277253
201800040935,NonLethal,2018-10-09,20:05:00,NightStreelightsOn,930,66,Yes,X-type,Normal,2Vehicles-BehindVehicles-Frontal,"""GUESDE JULES (BOULEVARD",M,48.93470889835362,2.935147091127396
201800040936,NonLethal,2018-12-09,08:30:00,Daylight,930,66,Yes,NoIntersection,Normal,2Vehicles-Side,CROIZAT AMBROISE RD 29 B,M,48.926952591224165,2.927908841551621
201800040937,NonLethal,2018-09-13,11:10:00,Daylight,930,66,Yes,NoIntersection,Normal,Other,"""GUESDE JULES (BD), NR 2",M,48.93959211904142,2.936762076229785
201800040938,NonLethal,2018-09-14,12:30:00,Daylight,930,66,Yes,T-type,Normal,2Vehicles-Side,WILSON (AVENUE DU PRESID,M,48.91129525037893,2.912170298864012
201800040939,NonLethal,2018-09-14,19:25:00,Daylight,930,66,Yes,NoIntersection,Normal,2Vehicles-BehindVehicles-Frontal,WILSON (AVENUE DU PRESID,M,48.91096858210561,2.9088065439444417
201800040940,NonLethal,2018-09-14,18:55:00,Daylight,930,66,Yes,Other,Normal,2Vehicles-Side,"STALINGRAND (AV), NR 2",M,48.94557633893885,2.945691597801096
201800040941,NonLethal,2018-09-14,20:10:00,NightStreelightsOn,930,66,Yes,T-type,Normal,2Vehicles-Side,AMILCAR CABRAL,M,48.91186652888327,2.9128307875027524
201800040942,NonLethal,2018-09-14,21:00:00,NightStreelightsOn,930,66,Yes,T-type,Normal,2Vehicles-BehindVehicles-Frontal,CASANOVA DANIELLE NR 52-,M,48.925415629743874,2.924178948430514
201800040944,NonLethal,2018-09-24,09:25:00,Daylight,930,66,Yes,T-type,Normal,Other,EL OUAFI HAMED BOUGERA,M,48.92065714545256,2.922104275360604
201800040945,NonLethal,2018-09-25,11:10:00,Daylight,930,66,Yes,X-type,Normal,2Vehicles-Side,WILSON (AVENUE DU PRESID,M,48.90912345003385,2.912073604895773
201800040946,NonLethal,2018-09-25,21:00:00,NightStreelightsOn,930,66,Yes,NoIntersection,Normal,2Vehicles-Side,CROIZAT AMBROISE RD 29 B,M,48.93090072361562,2.9315370452610288
201800040948,NonLethal,2018-09-26,20:45:00,NightStreelightsOn,930,66,Yes,NoIntersection,Normal,2Vehicles-Behind,WILSON (AVENUE DU PRESID,M,48.91080739077446,2.9114365462482503
201800040949,NonLethal,2018-09-27,09:40:00,Daylight,930,66,Yes,NoIntersection,Normal,3+Vehicles-Multiple,VAILLANT COUTURIER PAUL,M,,
201800040950,NonLethal,2018-09-27,16:55:00,Daylight,930,66,Yes,NoIntersection,Normal,2Vehicles-Side,WILSON (AVENUE DU PRESID,M,48.92422383358185,2.9238965791293103
201800040952,NonLethal,2018-09-29,22:00:00,NightStreelightsOn,930,66,Yes,NoIntersection,Normal,2Vehicles-Side,"""BARBUSSE HENRI, NR 35 A",M,,
201800040953,NonLethal,2018-10-03,07:45:00,Daylight,930,31,Yes,Other,LightRain,Other,REPUBLIQUE (AVENUE de l),M,48.94728440212371,2.948785602346842
201800040954,NonLethal,2018-03-10,16:20:00,Daylight,930,66,Yes,NoIntersection,Normal,3+Vehicles-Chain,SAULNIER JULES,M,48.92524678563941,2.9249890374436767
201800040955,NonLethal,2018-05-10,12:11:00,Daylight,930,70,Yes,NoIntersection,Normal,Other,SAINT-DENIS(RUE),M,48.91734780074927,2.917551017285431
201800040958,NonLethal,2018-10-10,15:20:00,Daylight,930,66,Yes,NoIntersection,Normal,Other,VERLAINE PAUL,M,,
201800040959,NonLethal,2018-10-10,21:15:00,NightStreelightsOn,930,66,Yes,NoIntersection,Normal,Other,WILSON (AVENUE DU PRESID,M,48.90480306857671,2.904757279865888
201800040960,NonLethal,2018-11-10,13:40:00,Daylight,930,66,Yes,T-type,Normal,2Vehicles-Behind,COLONEL FABIEN (AVENUE),M,48.000417734005,1.998916020418068
201800040961,NonLethal,2018-11-10,14:15:00,Daylight,930,66,Yes,T-type,Normal,3+Vehicles-Multiple,"""STALINGRAD (AVENUE), NR",M,48.943842759398734,2.943927726105878
201800040962,NonLethal,2018-10-16,15:05:00,Daylight,930,66,Yes,Other,Normal,Other,"""SEMBAT MARCEL (BD), NR",M,48.93282837021973,2.933662220379203
201800040963,NonLethal,2018-10-17,14:50:00,Daylight,930,66,Yes,NoIntersection,Normal,2Vehicles-Behind,SAINT OUEN (QUAI DE ),M,48.92653685663184,2.9266716688882237
201800040965,NonLethal,2018-10-20,23:00:00,NightStreelightsOn,930,66,Yes,NoIntersection,Normal,2Vehicles-Behind,CASANOVA DANIELLE NR 52-,M,48.92603366765836,2.9269565623883995
201800040966,NonLethal,2018-10-24,15:30:00,Daylight,930,66,Yes,NoIntersection,Normal,NoCollision,WILSON (AVENUE DU PRESID,M,48.92836618671809,2.9223459888801107
201800040967,NonLethal,2018-10-28,19:45:00,NightStreelightsOn,930,66,Yes,X-type,Normal,2Vehicles-Side,STADE DE FRANCE (AVENUE,M,48.92157953825768,2.9214996075414645
201800040968,NonLethal,2018-10-29,13:00:00,Daylight,930,66,Yes,NoIntersection,Normal,Other,DELAUNAY HENRI,M,48.92575344501534,2.9252804058074937
201800040969,NonLethal,2018-10-31,21:55:00,NightStreelightsOn,930,66,Yes,NoIntersection,LightRain,2Vehicles-Behind,LENINE (AVENUE) NR 2 A 2,M,,
201800040970,NonLethal,2018-06-11,19:00:00,NightStreelightsOn,930,66,Yes,NoIntersection,Normal,3+Vehicles-Chain,CROISAT AMBROISE RD 29 B,M,48.92922861498684,2.929884423475513
201800040971,NonLethal,2018-07-11,20:45:00,NightStreelightsOn,930,66,Yes,MoreThan4Branches,Normal,2Vehicles-BehindVehicles-Frontal,PORTE DE PARIS (PLACE),M,48.93134182584255,2.928825367327
201800040972,NonLethal,2018-11-08,23:35:00,NightStreelightsOn,930,66,Yes,X-type,Normal,2Vehicles-Side,DE GEYTER PIERRE (SQUARE,M,48.93253246502999,2.9325303916846903
201800040973,NonLethal,2018-11-11,11:35:00,Daylight,930,66,Yes,T-type,LightRain,2Vehicles-Side,WILSON (AVENUE DU PRESID,M,48.91723448879308,2.918210707497863
201800040975,NonLethal,2018-11-12,15:35:00,Daylight,930,66,Yes,NoIntersection,LightRain,Other,"""STRASBOURG, NR 36 ET SU",M,48.93685699742059,2.9350510115585764
201800040976,NonLethal,2018-12-11,19:15:00,NightStreelightsOn,930,66,Yes,NoIntersection,Normal,2Vehicles-Behind,WILSON (AVENUE DU PRESID,M,48.91123666373717,2.91180044848222
201800040977,NonLethal,2018-11-13,20:10:00,NightStreelightsOn,930,66,Yes,NoIntersection,Normal,2Vehicles-Side,PROUDHON,M,48.90552145635876,2.9065214075440897
201800040978,NonLethal,2018-11-19,17:35:00,NightStreelightsOn,930,66,Yes,NoIntersection,Normal,Other,WILSON (AVENUE DU PRESID,M,48.905532360026434,2.906328783764858
201800040979,NonLethal,2018-11-20,17:30:00,NightStreelightsOn,930,66,Yes,T-type,Overcast,Other,GARCIA CHRISTINO,M,48.914021224731,2.913134268478629
201800040983,NonLethal,2018-11-27,15:10:00,Daylight,930,66,Yes,Other,Normal,2Vehicles-Side,FRANCE ANATOLE (BOULEVAR,M,,
201800040984,NonLethal,2018-11-30,17:20:00,NightStreelightsOn,930,66,Yes,NoIntersection,Normal,Other,COLONEL FABIEN (AVENUE),M,48.94729634387307,2.9454648136753976
201800040985,NonLethal,2018-11-30,15:39:00,Daylight,930,66,Yes,T-type,Normal,2Vehicles-Side,BRETONS,M,48.91963923925493,2.921324966902389
201800040986,NonLethal,2018-01-12,04:30:00,NightNoStreetLight,930,66,Yes,NoIntersection,Normal,3+Vehicles-Multiple,CROISAT AMBROISE RD 29 B,M,48.93692942166508,2.937563343918076
201800040987,NonLethal,2018-04-12,07:15:00,NightStreelightsOn,930,66,Yes,NoIntersection,LightRain,2Vehicles-Behind,WILSON (AVENUE DU PRESID,M,48.92908181513311,2.9288359602724103
201800040988,NonLethal,2018-12-08,18:00:00,NightStreelightsOn,930,39,Yes,NoIntersection,LightRain,Other,MARINE (QUAI DE LA ),M,48.93909104975022,2.938835993403776
201800040989,NonLethal,2018-12-09,19:30:00,NightStreelightsOn,930,66,Yes,NoIntersection,LightRain,2Vehicles-Behind,CARNOT (BOULEVARD),M,48.93793694899947,2.940544962819626
201800040990,NonLethal,2018-12-11,19:07:00,NightStreelightsOn,930,66,Yes,NoIntersection,Normal,Other,COMMUNE DE PARIS,M,48.938076429692494,2.936714092413627
201800040992,NonLethal,2018-12-19,17:20:00,NightStreelightsOn,930,66,Yes,NoIntersection,LightRain,2Vehicles-Side,"""STRASBOURG, NR 36 ET SU",M,48.93643685935093,2.9378899278591346
201800040993,NonLethal,2018-12-20,08:30:00,Daylight,930,66,Yes,NoIntersection,Normal,2Vehicles-Behind,PRESSENCE FRANCIS (AVENU,M,48.92178999958845,2.9204113132757112
201800040994,NonLethal,2018-12-22,19:00:00,NightStreelightsOn,930,66,Yes,NoIntersection,Normal,2Vehicles-Side,WILSON (AVENUE DU PRESID,M,48.92419126512125,2.924693940636992
201800040995,NonLethal,2018-12-23,20:00:00,NightStreelightsOn,930,66,Yes,X-type,Normal,2Vehicles-Behind,GARENNE,M,48.94270389977336,2.941094219573191
201800040996,NonLethal,2018-12-24,01:30:00,NightStreelightsOn,930,1,Yes,NoIntersection,LightRain,2Vehicles-BehindVehicles-Frontal,REPUBLIQUE (AVENUE DE LA,M,48.916426213472064,2.9173843184778936
201800040997,NonLethal,2018-12-26,10:30:00,Daylight,930,66,Yes,X-type,Normal,2Vehicles-Side,"STALINGRAD (AVENUE), NR",M,48.94929959980878,2.947806106001383
201800040998,NonLethal,2018-12-27,03:00:00,NightNoStreetLight,930,66,Yes,NoIntersection,Normal,2Vehicles-BehindVehicles-Frontal,FRANCE ANATOLE ENTREE A1,M,48.92613947895023,2.9245086556339817
201800040999,NonLethal,2018-01-10,11:30:00,Daylight,930,70,Yes,NoIntersection,LightRain,Other,"17, DOCTEUR BAUER(RUE DU",M,48.91074321136196,2.911718287932165
201800041000,NonLethal,2018-01-11,14:45:00,Daylight,930,70,Yes,NoIntersection,Normal,Other,DOCTEUR BAUER(RUE DU) :N,M,48.910561282807606,2.90895389378764
201800041001,NonLethal,2018-12-01,22:20:00,NightStreelightsOn,930,70,Yes,Y-type,Normal,2Vehicles-Side,"0, CHARLES SCHMIDT(RUE)",M,48.90151043629594,2.9005672653003867
201800041002,NonLethal,2018-01-03,18:20:00,NightStreelightsOn,930,70,Yes,NoIntersection,Normal,2Vehicles-BehindVehicles-Frontal,RASPAIL (RUE),M,,
201800041003,NonLethal,2018-01-17,11:00:00,Daylight,930,70,Yes,NoIntersection,Normal,Other,MICHELET(AV):N°1AU 103,M,,
201800041004,NonLethal,2018-01-20,17:50:00,NightStreelightsOn,930,70,Yes,NoIntersection,LightRain,2Vehicles-Side,GABRIEL-PERI (AV),M,,
201800041005,NonLethal,2018-01-29,14:00:00,Daylight,930,70,Yes,NoIntersection,Normal,2Vehicles-Side,GODILLOT(RUE),M,48.911871265354776,2.9105986555526
201800041006,NonLethal,2018-02-17,20:15:00,NightStreelightsOff,930,70,Yes,NoIntersection,Normal,Other,"92, DOCTEUR BAUER(RUE DU",M,48.91090937398884,2.90828672955189
201800041007,NonLethal,2018-02-23,09:20:00,Daylight,930,70,Yes,NoIntersection,Normal,3+Vehicles-Multiple,"72, MICHELET (AVE) : DU",M,48.899482410477496,2.90137031776718
201800041008,NonLethal,2018-02-23,16:25:00,Daylight,930,70,Yes,T-type,Normal,2Vehicles-Side,"128, MICHELET(AV):N°1AU",M,48.90449500105895,2.904495863444303
201800041009,NonLethal,2018-02-25,19:50:00,NightStreelightsOff,930,70,Yes,NoIntersection,Normal,3+Vehicles-Chain,"21, SEINE (QUAI DE)",M,48.91479377257981,2.914616843781728
201800041011,NonLethal,2018-03-28,14:40:00,Daylight,930,70,Yes,NoIntersection,HeavyRain,2Vehicles-Behind,"129, ROSIERS(DES) : APRE",M,48.90168866157219,2.9015125454510606
201800041012,NonLethal,2018-03-29,09:00:00,Daylight,930,70,Yes,NoIntersection,Normal,Other,CAPITAINE GLARNER (PL),M,48.90699726687293,2.907095449434364
201800041015,NonLethal,2018-05-04,18:20:00,Daylight,930,70,Yes,NoIntersection,Normal,2Vehicles-Side,"41, ALBERT-DHALENNE (RUE",M,,
201800041016,NonLethal,2018-08-04,12:05:00,Daylight,930,70,Yes,NoIntersection,Normal,2Vehicles-Side,JEAN-JAURES (BD),M,48.9545743733248,2.954686493883281
201800041018,NonLethal,2018-09-04,23:30:00,NightStreelightsOn,930,70,Yes,T-type,Normal,2Vehicles-Side,DOCTEUR BAUER(RUE DU) :N,M,,
201800041019,NonLethal,2018-04-13,07:55:00,Daylight,930,70,Yes,NoIntersection,Overcast,2Vehicles-Side,"50, MICHELET (AVE) : DU",M,48.90798918383911,2.9100172360475143
201800041020,NonLethal,2018-04-14,23:05:00,NightStreelightsOn,930,39,Yes,NoIntersection,Normal,2Vehicles-Side,"2, PAUL MARCEL (BOULEVAR",M,,
201800041022,NonLethal,2018-04-20,07:50:00,Daylight,930,70,Yes,NoIntersection,Normal,3+Vehicles-Multiple,"32, MICHELET(AV):N°1AU 1",M,48.91115769053982,2.9101478985584244
201800041023,NonLethal,2018-04-24,08:10:00,Daylight,930,70,Yes,T-type,Normal,2Vehicles-BehindVehicles-Frontal,"54, CHARLES SCHMIDT(RUE)",M,48.90322613067639,2.9041540130425605
201800041024,NonLethal,2018-07-05,01:05:00,NightStreelightsOn,930,70,Yes,NoIntersection,Normal,2Vehicles-BehindVehicles-Frontal,"132, VICTOR-HUGO (BD)",M,48.90682804431436,2.90476239223422
201800041025,NonLethal,2018-05-18,10:00:00,Daylight,930,70,Yes,NoIntersection,Normal,Other,"136, MICHELET(AV):N°1AU",M,48.9032840793347,2.903196140312409
201800041026,NonLethal,2018-05-19,21:45:00,TwilightOrDawn,930,70,Yes,NoIntersection,Normal,Other,"120, GABRIEL-PERI (AV)",M,48.90293078186912,2.9012530615494567
201800041027,NonLethal,2018-05-22,20:40:00,Daylight,930,66,Yes,NoIntersection,Normal,2Vehicles-Behind,"LANDY RD 20, NR IMPAIRS",M,,
201800041031,NonLethal,2018-06-08,13:45:00,Daylight,930,70,Yes,NoIntersection,Normal,2Vehicles-Side,"32, MICHELET(AV):N°1AU 1",M,,
201800041032,NonLethal,2018-06-14,13:30:00,Daylight,930,70,Yes,NoIntersection,Normal,2Vehicles-Side,"63, VICTOR-HUGO (BD)",M,48.91057218718053,2.9090472111622847
201800041035,NonLethal,2018-06-21,09:30:00,Daylight,930,70,Yes,NoIntersection,Normal,Other,"75, MICHELET (AVE) : DU",M,48.90720533452223,2.9082900821837643
201800041037,NonLethal,2018-06-23,18:15:00,Daylight,930,70,Yes,NoIntersection,Normal,2Vehicles-Behind,MICHELET (AVE) : DU 1 AU,M,,