AccidentId,Gravity,Date,Hour,Light,Department,Commune,InAgglomeration,IntersectionType,Weather,CollisionType,PostalAddress,GPSCode,Latitude,Longitude
201800041038,NonLethal,2018-06-26,19:30:00,Daylight,930,70,Yes,NoIntersection,Normal,2Vehicles-BehindVehicles-Frontal,ALBERT-DHALENNE (RUE),M,48.91486794540835,2.915488875237205
201800041040,NonLethal,2018-06-21,18:30:00,Daylight,930,70,Yes,X-type,Normal,Other,"136, ROSIERS(DES) : APRE",M,48.902688861500685,2.899891030677287
201800041041,NonLethal,2018-07-06,15:50:00,Daylight,930,70,Yes,NoIntersection,Normal,2Vehicles-Side,BATELIERS (RUE DES),M,48.913051004393694,2.9130124472294803
201800041042,NonLethal,2018-07-08,13:50:00,Daylight,930,70,Yes,NoIntersection,Normal,Other,"71, GABRIEL-PERI (AV)",M,48.90942410604293,2.909525331495741
201800041043,NonLethal,2018-07-10,13:10:00,Daylight,930,70,Yes,NoIntersection,Normal,2Vehicles-Side,"126, MICHELET(AV):N°1AU",M,48.90508332780677,2.904970558090658
201800041044,NonLethal,2018-11-07,07:35:00,Daylight,930,70,Yes,T-type,Normal,2Vehicles-Side,"50, GABRIEL-PERI (AV)",M,48.90849212848405,2.909519385703777
201800041045,NonLethal,2018-07-14,13:20:00,Daylight,930,70,Yes,NoIntersection,Normal,2Vehicles-Side,"123, GABRIEL-PERI (AV)",M,48.90208582289076,2.9016608775951678
201800041046,NonLethal,2018-07-23,15:50:00,Daylight,930,70,Yes,NoIntersection,Normal,2Vehicles-Side,DOCTEUR BAUER(RUE DU) :N,M,48.89884360567125,2.898652605832811
201800041047,NonLethal,2018-07-23,18:10:00,Daylight,930,70,Yes,Other,Normal,2Vehicles-Side,GABRIEL-PERI (AV),M,48.89885511379967,2.900756493757451
201800041048,NonLethal,2018-07-25,21:35:00,Daylight,930,70,Yes,NoIntersection,Normal,Other,EMILE-CORDON(RUE),M,48.91426372906073,2.913034173120193
201800041049,NonLethal,2018-07-27,15:15:00,Daylight,930,70,Yes,NoIntersection,Normal,Other,VICTOR-HUGO (BD),M,48.90565922582649,2.905719672908789
201800041050,NonLethal,2018-08-01,07:45:00,Daylight,930,31,Yes,NoIntersection,Normal,Other,DE LATTRE DE TASSIGNY (1,M,48.95037555975251,2.949544214294038
201800041051,NonLethal,2018-04-08,13:08:00,Daylight,930,70,Yes,NoIntersection,Other,Other,REPUBLIQUE (PL DE LA),M,48.9127837702149,2.91165151674828
201800041052,NonLethal,2018-08-22,06:15:00,Daylight,930,70,Yes,X-type,Normal,2Vehicles-BehindVehicles-Frontal,MICHELET(AV):N°1AU 103,M,48.90076747203692,2.900249070686729
201800041056,NonLethal,2018-09-02,19:00:00,Daylight,930,70,Yes,X-type,Normal,2Vehicles-Side,ALBERT-DHALENNE (RUE),M,48.91651630629701,2.9161855277603905
201800041057,NonLethal,2018-04-09,13:03:00,Daylight,930,70,Yes,T-type,Normal,2Vehicles-BehindVehicles-Frontal,MICHELET (AVE) : DU 1 AU,M,48.90843435942684,2.910751031513484
201800041058,NonLethal,2018-09-05,13:00:00,Daylight,930,70,Yes,Other,Normal,Other,ALBERT-DHALENNE (RUE),M,48.91623039534673,2.9175165397547507
201800041059,NonLethal,2018-09-13,14:30:00,Daylight,930,70,Yes,NoIntersection,Normal,2Vehicles-BehindVehicles-Frontal,CAPITAINE-GLARNER (AV),M,48.90458927912772,2.90462951799287
201800041062,NonLethal,2018-09-22,18:15:00,Daylight,930,70,Yes,NoIntersection,Normal,3+Vehicles-Multiple,MICHELET (AVE) : DU 1 AU,M,48.90936593216498,2.908743247012304
201800041064,NonLethal,2018-09-25,15:40:00,Daylight,930,70,Yes,Other,Normal,Other,ALBERT-DHALENNE (RUE),M,48.91360027500518,2.9132391314178525
201800041065,NonLethal,2018-09-27,10:00:00,Daylight,930,66,Yes,NoIntersection,Normal,2Vehicles-BehindVehicles-Frontal,"""LANDY RD 20, NR IMPAIRS",M,48.91416031342059,2.916316172132465
201800041066,NonLethal,2018-09-28,17:00:00,Daylight,930,70,Yes,NoIntersection,Normal,Other,GABRIEL-PERI (AV),M,48.90115531868872,2.90061562501998
201800041068,NonLethal,2018-10-16,08:30:00,Daylight,930,70,Yes,NoIntersection,Normal,Other,VICTOR-HUGO (BD),M,48.90820954940418,2.9092005220359245
201800041070,NonLethal,2018-10-26,12:30:00,Daylight,930,70,Yes,Other,Normal,2Vehicles-Side,CAPITAINE-GLARNER (AV),M,48.90319559002654,2.905897220945463
201800041071,NonLethal,2018-10-29,11:33:00,Daylight,930,70,Yes,NoIntersection,Normal,2Vehicles-Behind,GABRIEL-PERI (AV),M,48.90564739905547,2.9054361886107376
201800041072,NonLethal,2018-03-11,15:45:00,Daylight,930,70,Yes,Other,Normal,2Vehicles-Side,CHARLES SCHMIDT(RUE) : D,M,48.90446448979829,2.9044959772889225
201800041073,NonLethal,2018-05-11,06:40:00,NightStreelightsOn,930,70,Yes,X-type,Normal,2Vehicles-Side,ADRIEN-LESESNE (RUE),M,48.90227223145935,2.9007698701710107
201800041074,NonLethal,2018-11-05,20:45:00,NightStreelightsOn,930,70,Yes,NoIntersection,Normal,Other,VICTOR-HUGO (BD),M,48.91005266880632,2.9064949372693603
201800041075,NonLethal,2018-06-11,07:50:00,Daylight,930,70,Yes,X-type,Normal,2Vehicles-Side,ALBERT-DHALENNE (RUE),M,48.91418119358376,2.9167163514894674
201800041076,NonLethal,2018-11-13,17:45:00,NightStreelightsOn,930,70,Yes,NoIntersection,Normal,2Vehicles-Side,MICHELET(AV):N°1AU 103,M,48.90876117418427,2.909082229790852
201800041078,NonLethal,2018-11-22,08:20:00,Daylight,930,70,Yes,NoIntersection,Normal,2Vehicles-Side,ARDOIN(RUE),M,48.91162135547929,2.910782028786257
201800041079,NonLethal,2018-11-25,16:30:00,TwilightOrDawn,930,66,Yes,NoIntersection,LightRain,2Vehicles-BehindVehicles-Frontal,FRANCE ANATOLE ENTREE A1,M,48.92562753068665,2.926917038780512
201800041081,NonLethal,2018-01-06,20:25:00,NightStreelightsOn,930,71,Yes,NoIntersection,LightRain,Other,"0, MARTIN LUTHER KING (A",M,48.95101041043343,2.951078496962372
201800041082,NonLethal,2018-01-09,09:45:00,Daylight,930,71,Yes,NoIntersection,Normal,Other,"0, LIMANTON (IMPASSE)",M,48.93214144676456,2.932017371377278
201800041083,NonLethal,2018-01-25,07:50:00,NightStreelightsOn,930,71,Yes,NoIntersection,LightRain,Other,"107, AULNAY (RUE D')",M,48.940929187206045,2.9399162960854053
201800041085,NonLethal,2018-02-06,10:44:00,Daylight,930,71,Yes,NoIntersection,SnowOrHail,2Vehicles-Side,"0, COMMANDANT CHARCOT (A",M,48.936379276995545,2.9356260247210946
201800041086,NonLethal,2018-02-16,07:10:00,Daylight,930,71,Yes,NoIntersection,Normal,Other,"0, VICTOR HUGO (AVENUE)",M,48.93335117827833,2.935167609540669
201800041087,NonLethal,2018-04-01,18:55:00,Daylight,930,71,No,NoIntersection,Normal,2Vehicles-Side,"l, MARTIN LUTHER KING (A",M,48.95114410805286,2.948996320722657
201800041088,NonLethal,2018-11-04,18:00:00,Daylight,930,71,Yes,NoIntersection,Normal,2Vehicles-Side,GUY MOLLET (AVENUE),M,48.94459612215292,2.9425546227403907
201800041089,NonLethal,2018-12-04,17:55:00,Daylight,930,71,Yes,NoIntersection,LightRain,Other,PETITS PONTS (ROUTE DES),M,48.94866989700191,2.948995301545277
201800041090,NonLethal,2018-04-22,05:30:00,NightStreelightsOn,930,71,Yes,X-type,LightRain,2Vehicles-BehindVehicles-Frontal,"85, AULNAY (RUE D')",M,48.94093657070111,2.9408075654387096
201800041091,NonLethal,2018-04-27,17:10:00,Daylight,930,71,Yes,X-type,Normal,2Vehicles-Side,DANTON (RUE),M,,
201800041092,NonLethal,2018-08-05,19:35:00,Daylight,930,71,Yes,X-type,Normal,2Vehicles-Side,ALFRED NOBEL (AVENUE),M,48.926969041082906,2.929030578251349
201800041093,NonLethal,2018-05-22,17:05:00,Daylight,930,71,Yes,T-type,Normal,2Vehicles-Behind,"5, RAOUL DAUTRY (AVENUE)",M,48.94775967602056,2.9513248399305985
201800041095,NonLethal,2018-05-06,08:22:00,Daylight,930,71,Yes,NoIntersection,HeavyRain,2Vehicles-Behind,"17, ERNEST PIVOT (AVENUE",M,48.92966804229423,2.9300671235881404
201800041097,NonLethal,2018-06-24,13:55:00,Daylight,930,71,Yes,X-type,Normal,3+Vehicles-Multiple,AULNAY (RUE D'),M,48.94052078164377,2.940389827842279
201800041098,NonLethal,2018-07-13,13:00:00,Daylight,930,71,No,NoIntersection,Normal,Other,PEUPLIERS (ALLEE DES),M,48.929247167982886,2.929887013820434
201800041099,NonLethal,2018-07-14,22:10:00,NightNoStreetLight,930,71,Yes,X-type,Normal,2Vehicles-Side,WESTINGHOUSE (BOULEVARD),M,48.92863890995991,2.9242298330162377
201800041100,NonLethal,2018-07-21,18:15:00,Daylight,930,71,Yes,NoIntersection,Normal,Other,JOHN F. KENNEDY (AVENUE),M,48.93116485572673,2.929727772536752
201800041101,NonLethal,2018-07-27,20:25:00,Daylight,930,71,Yes,NoIntersection,HeavyRain,Other,CHARLES CONRAD (RUE),M,48.93925667539581,2.939421110075358
201800041102,NonLethal,2018-08-11,16:55:00,Daylight,930,71,Yes,NoIntersection,Normal,Other,GASTON BUSSIERE (PLACE),M,48.93768369264099,2.9400316862270643
201800041103,NonLethal,2018-09-12,09:05:00,Daylight,930,71,Yes,NoIntersection,Normal,2Vehicles-Side,GABRIEL PERI (RUE),M,,
201800041104,NonLethal,2018-09-13,18:20:00,Daylight,930,5,Yes,X-type,Normal,2Vehicles-Side,PIERRE JOUHET (AVENUE),M,48.91982359000005,2.924093213857633
201800041105,NonLethal,2018-02-10,15:05:00,Daylight,930,71,Yes,NoIntersection,Overcast,Other,BALLANGER ROBERT (AVENUE,M,,
201800041106,NonLethal,2018-06-10,08:50:00,Daylight,930,71,Yes,NoIntersection,Normal,Other,GENERAL LECLERC (AVENUE,M,48.000479762572496,1.9986941239273253
201800041107,NonLethal,2018-11-10,20:00:00,NightNoStreetLight,930,71,Yes,Other,LightRain,2Vehicles-BehindVehicles-Frontal,FREDERIC JOLIOT CURIE (R,M,48.94819604098255,2.9465727609066867
201800041108,NonLethal,2018-10-13,21:55:00,NightStreelightsOn,930,71,Yes,Other,Normal,2Vehicles-BehindVehicles-Frontal,GENERAL LECLERC (AVENUE,M,,
201800041109,NonLethal,2018-10-22,17:40:00,Daylight,930,71,Yes,T-type,Normal,Other,PETITS PONTS (ROUTE DES),M,48.95106192449874,2.9518759798609358
201800041110,NonLethal,2018-11-15,16:00:00,Daylight,930,71,Yes,NoIntersection,Normal,2Vehicles-Side,JOHN F. KENNEDY (AVENUE),M,,
201800041111,NonLethal,2018-11-18,10:59:00,Daylight,930,71,Yes,X-type,Normal,2Vehicles-BehindVehicles-Frontal,MARECHAL MORTIER (ALLEE,M,48.9314886012044,2.92991535774839
201800041112,NonLethal,2018-11-28,10:15:00,Daylight,930,71,Yes,NoIntersection,LightRain,2Vehicles-Side,LIVRY (AVENUE de),M,,
201800041114,NonLethal,2018-12-22,19:40:00,NightStreelightsOn,930,5,Yes,NoIntersection,LightRain,Other,AMBROISE PARE (RUE),M,48.95055211224821,2.9491893360356283
201800041116,NonLethal,2018-01-17,09:30:00,Daylight,930,59,Yes,NoIntersection,Normal,2Vehicles-Side,"6, LENINE (AVENUE) N°2A3",M,,
201800041117,NonLethal,2018-01-22,08:00:00,TwilightOrDawn,930,59,Yes,T-type,HeavyRain,2Vehicles-Behind,"23, GENERAL GALLIENI (Av",M,48.96911413889378,2.9702067122877223
201800041119,NonLethal,2018-03-02,18:15:00,NightStreelightsOn,930,72,Yes,NoIntersection,LightRain,Other,"0, GASTON MONMOUSSEAU (A",M,48.94722878352006,2.949925954597851
201800041120,NonLethal,2018-12-02,18:30:00,NightStreelightsOn,930,72,Yes,NoIntersection,Normal,2Vehicles-Side,"205, MAXIME GORKI (BOULE",M,48.94549934953196,2.9436775266386803
201800041121,NonLethal,2018-02-14,08:45:00,Daylight,930,72,Yes,LevelCrossing,Normal,Other,"66, STALINGRAD (AVENUE)",M,48.94915172611048,2.9492538788673293
201800041122,NonLethal,2018-02-17,17:30:00,Daylight,930,72,Yes,T-type,Normal,Other,"48, FLEURS (RUE DES) JEA",M,48.96756826641331,2.967531425906807
201800041123,NonLethal,2018-02-19,21:10:00,NightStreelightsOn,930,72,Yes,T-type,LightRain,2Vehicles-Side,"8, MAXIME GORKI (BOULEVA",M,48.9822375953795,2.9829203427821107
201800041124,Lethal,2018-02-20,21:20:00,NightStreelightsOn,930,70,Yes,T-type,LightRain,2Vehicles-Side,", MICHELET (AVE) : DU 1",M,48.90529469563409,2.904390075767449
201800041125,NonLethal,2018-02-22,09:45:00,Daylight,930,59,Yes,NoIntersection,Normal,2Vehicles-Behind,"0, AMIENS (RUE D') N° 02",M,48.95736607075186,2.957086820318089
201800041126,NonLethal,2018-02-26,00:40:00,NightStreelightsOn,930,72,Yes,T-type,Normal,2Vehicles-Behind,"15, ARISTIDE BRIAND (AVE",M,48.96102142302568,2.959848431450346
201800041127,NonLethal,2018-02-26,10:00:00,Daylight,930,72,Yes,X-type,Normal,Other,"72, MAXIME GORKI (BOULEV",M,48.94969138937447,2.949994060646651
201800041129,NonLethal,2018-03-21,16:15:00,Daylight,930,59,Yes,NoIntersection,Normal,Other,"10, ROBERT DESNOS (PLACE",M,48.97330757936383,2.972267465230543
201800041131,NonLethal,2018-03-04,00:40:00,NightStreelightsOn,930,72,Yes,NoIntersection,LightRain,2Vehicles-Side,"80, MAXIME GORKI (BOULEV",M,,
201800041132,NonLethal,2018-06-04,08:30:00,Daylight,930,72,Yes,NoIntersection,Normal,Other,"152, JEAN DURAND (RUE) N",M,48.95158870692191,2.9538947249274443
201800041133,NonLethal,2018-06-04,22:40:00,NightStreelightsOn,930,72,Yes,T-type,Normal,2Vehicles-Side,"O, LOUIS BORDES (RUE)",M,,
201800041136,NonLethal,2018-04-18,09:50:00,Daylight,930,72,Yes,NoIntersection,Normal,Other,"0, MARCEL CACHIN (AVENUE",M,48.959768336571024,2.9610603346898507
201800041137,NonLethal,2018-04-18,21:20:00,NightStreelightsOn,930,72,Yes,X-type,Normal,Other,"103, STALINGRAD (Avenue)",M,48.95001188306888,2.9492568374068515
201800041139,NonLethal,2018-04-24,00:05:00,NightStreelightsOn,930,1,No,T-type,Normal,2Vehicles-Side,"0, VICTOR HUGO (AVE)  N°",M,48.911889085694334,2.909998068477685
201800041140,NonLethal,2018-04-27,14:25:00,Daylight,930,59,Yes,NoIntersection,Normal,2Vehicles-Side,"198, ELYSEE RECLUS (AVEN",M,,
201800041141,NonLethal,2018-04-30,14:00:00,Daylight,930,72,Yes,NoIntersection,LightRain,2Vehicles-BehindVehicles-Frontal,"0, RUE ROLL TANGUY",M,48.94983731515725,2.9480444497976723
201800041142,NonLethal,2018-05-05,18:20:00,Daylight,930,72,Yes,T-type,Normal,2Vehicles-Side,"0, STALINGRAD (Avenue)",M,48.95968828862876,2.958834578934378
201800041144,NonLethal,2018-10-05,18:30:00,Daylight,930,72,Yes,NoIntersection,Normal,Other,"0, AMIENS (RUE D') N° IM",M,48.95814306213084,2.958766287755917
201800041145,NonLethal,2018-05-16,08:00:00,Daylight,930,72,Yes,T-type,Normal,2Vehicles-Side,"0, MAXIME GORKI (BOULEVA",M,48.951960146599625,2.951447299875785
201800041146,NonLethal,2018-05-27,02:50:00,NightStreelightsOn,930,72,Yes,NoIntersection,Normal,2Vehicles-Behind,"12, MOUTIER (RUE DU) COT",M,,
201800041147,NonLethal,2018-05-30,21:00:00,TwilightOrDawn,930,79,Yes,T-type,Normal,2Vehicles-Side,"0, SAINT LEU (ROUTE)",M,48.95349180267639,2.953260266272673
201800041148,NonLethal,2018-06-02,18:15:00,Daylight,930,72,Yes,NoIntersection,Normal,Other,STALINGRAD (Avenue),M,48.94719996494275,2.948692660851341
201800041150,NonLethal,2018-06-18,14:00:00,Daylight,930,72,Yes,NoIntersection,Normal,Other,"l2, PAUL VAILLANT COUTUR",M,48.90146210193137,2.898104336031897
201800041151,NonLethal,2018-06-28,21:30:00,Daylight,930,59,Yes,NoIntersection,Normal,Other,"47, CHARLES DE GAULLE (B",M,48.96698642216534,2.966673567404085
201800041152,NonLethal,2018-06-29,10:15:00,Daylight,930,59,Yes,LevelCrossing,Normal,2Vehicles-Side,"0, JEAN MERMOZ (N°59 AU",M,48.97284814502152,2.9733711130034908
201800041153,NonLethal,2018-03-07,19:00:00,Daylight,930,72,Yes,NoIntersection,Normal,2Vehicles-Side,FLEURS (RUE DES),M,48.96651119372039,2.968699792430325
201800041154,NonLethal,2018-07-07,15:10:00,Daylight,930,72,Yes,X-type,Normal,2Vehicles-Side,"O, GLOBE (RUE DU)",M,48.944795598845616,2.9431361028106715
201800041155,NonLethal,2018-07-07,20:10:00,Daylight,930,72,Yes,X-type,Normal,2Vehicles-Side,"0, GLOBE (RUE DU)",M,48.94596494127394,2.9454212014629464
201800041157,NonLethal,2018-01-08,22:30:00,NightStreelightsOn,930,27,Yes,NoIntersection,Normal,2Vehicles-Side,AVENUE ROGER SALENGRO,M,,
201800041158,NonLethal,2018-08-11,14:00:00,Daylight,930,72,Yes,T-type,Normal,Other,AMIENS (RUE D') COTE DES,M,48.94963811493018,2.9504873860478344
201800041159,NonLethal,2018-08-28,18:05:00,Daylight,930,72,Yes,NoIntersection,Normal,2Vehicles-Side,STALINGRAD (AVENUE DE) D,M,48.952800838714815,2.953542012817427
201800041160,NonLethal,2018-09-10,10:10:00,Daylight,930,59,Yes,NoIntersection,Normal,2Vehicles-Side,PASTEUR ( BOULEVARD),M,48.964440212454285,2.9636852150582267
201800041161,NonLethal,2018-09-11,11:57:00,Daylight,930,72,Yes,T-type,Normal,Other,MAXIME GORKI (BOULEVARD),M,48.94643423398275,2.9461786910780763
201800041162,NonLethal,2018-11-09,19:15:00,Daylight,930,59,Yes,Other,Normal,Other,LENINE (AVENUE) N°2A34 E,M,48.96464836182594,2.962237545190903
201800041163,NonLethal,2018-09-19,04:56:00,NightStreelightsOn,930,72,Yes,NoIntersection,Normal,Other,MAXIME GORKI (BOULEVARD),M,,
201800041164,NonLethal,2018-09-22,18:40:00,NightStreelightsOn,930,72,Yes,NoIntersection,LightRain,3+Vehicles-Chain,MAXIME GORKI (BOULEVARD),M,48.54822145174722,2.546797637996046
201800041165,NonLethal,2018-09-27,11:50:00,Daylight,930,72,Yes,NoIntersection,Normal,Other,STALINGRAD (AVENUE DE) D,M,48.9523365224852,2.9520891711049217
201800041166,NonLethal,2018-10-03,08:45:00,Daylight,930,59,Yes,NoIntersection,Normal,Other,ELYSEE RECLUS (AVENUE) N,M,,
201800041167,NonLethal,2018-04-10,09:10:00,Daylight,930,72,Yes,NoIntersection,Normal,Other,MAXIME GORKI (BOULEVARD),M,,
201800041168,NonLethal,2018-10-04,21:58:00,NightStreelightsOn,930,72,Yes,T-type,Normal,2Vehicles-Side,FLEURS (RUE DES) JEAN JA,M,48.96599587230137,2.96748163675415
201800041170,NonLethal,2018-10-09,06:00:00,NightStreelightsOn,930,59,Yes,X-type,Normal,2Vehicles-Side,PASTEUR (BOULEVARD),M,48.96340039944504,2.9658322256367318
201800041171,NonLethal,2018-10-10,15:35:00,Daylight,930,72,Yes,Other,Normal,2Vehicles-Side,MARCEL CACHIN (AVENUE) C,M,48.9598342949667,2.95929879481972
201800041172,NonLethal,2018-10-13,04:10:00,NightStreelightsOn,930,59,Yes,NoIntersection,Normal,Other,PASTEUR (BOULEVARD),M,48.96430961422554,2.9645767993162817
201800041173,NonLethal,2018-10-19,10:00:00,Daylight,930,31,Yes,NoIntersection,Normal,3+Vehicles-Multiple,REPUBLIQUE (AVENUE),M,48.95283729284529,2.952465218389597
201800041174,NonLethal,2018-10-23,12:40:00,Daylight,930,72,Yes,Other,Normal,2Vehicles-Behind,MAXIME GORKI (BOULEVARD),M,48.94835383218084,2.9487015758870143
201800041175,NonLethal,2018-10-27,10:30:00,Daylight,930,72,Yes,NoIntersection,Normal,Other,NELSON MANDELA (AVENUE),M,,
201800041176,NonLethal,2018-11-03,16:00:00,Daylight,930,72,Yes,NoIntersection,Normal,2Vehicles-Side,JEAN DURAND (RUE) COTE D,M,48.95398251438164,2.9557830590817598
201800041177,NonLethal,2018-11-20,23:55:00,NightNoStreetLight,930,27,Yes,NoIntersection,Normal,Other,vieux chêne(rond point),M,,
201800041179,NonLethal,2018-12-14,17:50:00,NightStreelightsOn,930,72,Yes,NoIntersection,Normal,Other,DIVISION LECLERC (AVENUE,M,48.95109987852065,2.949673773612226
201800041180,NonLethal,2018-12-22,23:00:00,NightStreelightsOn,930,59,Yes,NoIntersection,Normal,Other,JEAN MERMOZ (N°59 AU 185,M,,
201800041181,NonLethal,2018-12-29,23:00:00,NightStreelightsOn,930,59,Yes,NoIntersection,LightRain,Other,LEDRU ROLLIN (AVENUE),M,,
201800041182,NonLethal,2018-05-01,06:55:00,NightNoStreetLight,930,73,No,NoIntersection,Overcast,NoCollision,CHAPIT RE ( RUE DU),M,48.98858823522438,2.989108830682475
201800041183,NonLethal,2018-06-01,16:45:00,Daylight,930,78,Yes,NoIntersection,Normal,2Vehicles-Behind,NATIONS (AVENUE DES),M,48.97458495383543,2.974491381397267
201800041184,NonLethal,2018-07-01,18:20:00,NightStreelightsOn,930,73,Yes,NoIntersection,Normal,Other,"4, PAUL (RUE MARCEL)",M,48.96508252547549,6.965095833751384
201800041185,NonLethal,2018-01-12,09:45:00,Daylight,930,78,Yes,NoIntersection,Normal,2Vehicles-Behind,"39, BALLANGER (BD ROBERT",M,48.95173356398532,2.9527188150534345
201800041186,NonLethal,2018-01-15,18:25:00,NightStreelightsOn,930,78,Yes,NoIntersection,Normal,Other,CLEMENCEAU (AVENUE GEORG,M,48.96083166816452,2.960025345273449
201800041187,NonLethal,2018-01-16,07:15:00,NightStreelightsOn,930,73,Yes,NoIntersection,LightRain,2Vehicles-Behind,CIRCUIT CAROLE,M,48.97740932303594,2.9779647001507747
201800041188,NonLethal,2018-01-17,11:45:00,Daylight,930,73,Yes,X-type,Normal,2Vehicles-Side,"78, SAVOIE (RUE DE)",M,48.942746127781135,2.942942722812955
201800041189,NonLethal,2018-01-17,19:12:00,NightStreelightsOn,930,73,Yes,NoIntersection,Normal,Other,DE GAULLE (RUE CHARLES),M,48.94225506715896,2.94414590102166
201800041190,NonLethal,2018-01-21,05:10:00,NightStreelightsOn,930,78,Yes,Roundabout,Overcast,2Vehicles-Behind,BALLANGER (BD ROBERT),M,48.95773533278404,2.9580246917376694
201800041191,NonLethal,2018-01-23,11:30:00,Daylight,930,78,Yes,NoIntersection,Normal,2Vehicles-Side,"1, CLEMENCEAU (AVENUE GE",M,48.95709855091484,2.9544274990615205
201800041192,NonLethal,2018-01-24,06:45:00,NightNoStreetLight,930,78,Yes,NoIntersection,Overcast,2Vehicles-Side,AUTOROUTE A 104,M,48.967655770909616,2.9708441214550634
201800041195,NonLethal,2018-03-02,23:50:00,NightStreelightsOn,930,73,Yes,Roundabout,LightRain,Other,TOLSTOI (RUE LEON),M,,
201800041196,NonLethal,2018-02-14,15:00:00,Daylight,930,78,Yes,NoIntersection,Normal,NoCollision,VERT-GALANT (AVENUE DU),M,48.95546117440413,-0.95696175881713
201800041197,NonLethal,2018-02-14,22:20:00,NightStreelightsOn,930,73,Yes,X-type,LightRain,2Vehicles-Side,SARRAULT (AVENUE ALBERT),M,48.93834022559101,2.9393616476972837
201800041198,NonLethal,2018-02-16,17:33:00,Daylight,930,78,Yes,NoIntersection,Normal,2Vehicles-BehindVehicles-Frontal,MONTCALM (AVENUE),M,48.95157283513512,2.949735349931636
201800041199,NonLethal,2018-02-20,13:40:00,Daylight,930,73,No,NoIntersection,Normal,2Vehicles-Side,CHAPIT RE ( RUE DU),M,48.99141162809424,2.9911735308400837
201800041200,NonLethal,2018-02-21,20:40:00,NightStreelightsOn,930,73,Yes,NoIntersection,Normal,2Vehicles-Side,CHAPIT RE ( RUE DU),M,48.86337787239413,2.862561898813804
201800041201,NonLethal,2018-02-23,18:50:00,NightNoStreetLight,930,73,No,NoIntersection,Normal,3+Vehicles-Multiple,ROISSY (ROUTE DE),M,48.99556212868302,2.9943489947798647
201800041202,NonLethal,2018-02-26,09:20:00,Daylight,930,78,Yes,NoIntersection,Normal,3+Vehicles-Chain,CLEMENCEAU (AVENUE GEORG,M,48.96224574856432,2.961106391175707
201800041203,NonLethal,2018-09-04,17:20:00,Daylight,930,73,Yes,NoIntersection,LightRain,3+Vehicles-Chain,BELLE BORNE (RUE),M,48.98950143633624,2.9905290168903806
201800041204,NonLethal,2018-12-03,13:30:00,Daylight,930,78,Yes,NoIntersection,Normal,Other,CASANOVA (BOULEVARD L ET,M,48.95939660608333,2.959518561577906
201800041205,NonLethal,2018-03-14,15:00:00,Daylight,930,78,Yes,X-type,Normal,2Vehicles-Side,BARBES (AVENUE),M,48.95268778978173,2.9527747570425724
201800041206,NonLethal,2018-03-15,11:50:00,Daylight,930,73,Yes,X-type,Normal,2Vehicles-Side,Gilbert BERGER (avenue),M,48.94892148653025,2.949866651169905
201800041207,NonLethal,2018-03-17,20:26:00,NightStreelightsOn,930,78,Yes,Roundabout,LightRain,Other,CLEMENCEAU (AVENUE GEORG,M,48.96043817850384,2.961433724115473
201800041208,NonLethal,2018-03-18,21:00:00,NightStreelightsOn,930,78,Yes,X-type,LightRain,Other,Robert BALLANGER (BD),M,48.959365534626826,2.957934635377536
201800041210,NonLethal,2018-03-23,17:05:00,Daylight,930,73,No,T-type,Normal,2Vehicles-Side,ROISSY (ROUTE DE),M,48.98273361355444,2.983976724036073
201800041211,NonLethal,2018-03-27,11:51:00,Daylight,930,78,Yes,X-type,LightRain,2Vehicles-Side,DE GAULLE (AVENUE CHARLE,M,48.95688979360353,2.957494505273013
201800041212,NonLethal,2018-01-04,21:00:00,NightStreelightsOn,930,78,Yes,NoIntersection,Normal,3+Vehicles-Chain,BALLANGER (BD ROBERT),M,48.95879412133397,2.959302159347281
201800041213,NonLethal,2018-04-03,18:20:00,Daylight,930,73,Yes,X-type,LightRain,2Vehicles-Side,SALENGRO (AVENUE ROGER),M,48.94703478112387,2.9464215302939936
201800041214,NonLethal,2018-04-04,14:05:00,Daylight,930,78,Yes,T-type,Normal,2Vehicles-Side,BALLANGER (BD ROBERT),M,48.954584415532416,2.953713721605778
201800041215,NonLethal,2018-04-05,08:30:00,Daylight,930,78,Yes,NoIntersection,Normal,2Vehicles-Side,CLEMENCEAU (AVENUE GEO,M,49.95735496431477,2.958702598178939
201800041216,NonLethal,2018-07-04,12:25:00,Daylight,930,78,Yes,NoIntersection,Normal,3+Vehicles-Multiple,VAUBAN (AVENUE),M,48.97013499741868,2.9705090751952063
201800041217,NonLethal,2018-04-13,17:00:00,Daylight,930,73,No,NoIntersection,Normal,2Vehicles-Side,ROISSY (ROUTE DE),M,48.99681304753947,2.9945801733014807
201800041218,NonLethal,2018-04-14,10:20:00,Daylight,930,73,Yes,Y-type,LightRain,3+Vehicles-Multiple,CHAPIT RE ( RUE DU),M,49.00392430662189,2.0028388730072235
201800041219,NonLethal,2018-04-15,08:50:00,Daylight,930,73,Yes,NoIntersection,Normal,NoCollision,CHAPIT RE ( RUE DU),M,49.00780535733283,2.0072698121032406
201800041223,NonLethal,2018-04-27,13:30:00,Daylight,930,73,No,X-type,Normal,2Vehicles-Behind,SAINT-DENIS (CHEMIN DE),M,48.9771810880698,2.9775014539490514
201800041224,NonLethal,2018-04-30,11:45:00,Daylight,930,78,Yes,NoIntersection,LightRain,NoCollision,"1, DE LA BARRE (RUE DU C",M,48.94807159743439,2.9483658606800507
201800041227,NonLethal,2018-07-05,12:30:00,Daylight,930,5,Yes,X-type,Normal,2Vehicles-Side,ANDRE CITROEN BLD,M,48.976878088537255,2.9782292154562287
201800041228,NonLethal,2018-05-09,17:45:00,Daylight,930,78,Yes,NoIntersection,Normal,Other,", BALMAT (RUE JACQUES)",M,48.967406580875576,2.966777890304221
201800041229,NonLethal,2018-11-05,14:20:00,Daylight,930,78,Yes,NoIntersection,Normal,Other,"16, TREMBLAY (ROUTE DE)",M,48.964562203555474,2.9666894028987256
201800041230,NonLethal,2018-05-13,15:55:00,Daylight,930,73,Yes,NoIntersection,Normal,Other,RESISTANCE (RUE DE LA),M,48.94359760906959,2.9462167037432225