AccidentId,Gravity,Date,Hour,Light,Department,Commune,InAgglomeration,IntersectionType,Weather,CollisionType,PostalAddress,GPSCode,Latitude,Longitude
201800041231,NonLethal,2018-05-18,20:30:00,Daylight,930,78,Yes,NoIntersection,Normal,2Vehicles-Side,"1, LAUTREC (ALLEE TOULOU",M,48.95246121092072,2.9522235512417145
201800041232,NonLethal,2018-05-19,05:55:00,Daylight,930,73,No,NoIntersection,Normal,2Vehicles-BehindVehicles-Frontal,CHAPIT RE ( RUE DU),M,49.02934068453615,2.0269915541521493
201800041233,NonLethal,2018-05-20,21:25:00,NightStreelightsOn,930,78,Yes,X-type,Normal,Other,BALLANGER (BD ROBERT),M,48.95987210218652,2.957435640174096
201800041234,NonLethal,2018-05-22,06:30:00,TwilightOrDawn,930,73,No,NoIntersection,Normal,2Vehicles-Behind,CROIX (CHEMIN DE LA),M,48.98834847723111,2.987236476284794
201800041236,NonLethal,2018-05-24,20:20:00,Daylight,930,73,Yes,NoIntersection,Normal,Other,"43, DEBUSSY (RUE CLAUDE)",M,48.96030566456748,2.960563952581181
201800041237,NonLethal,2018-05-24,23:25:00,NightStreelightsOn,930,78,Yes,NoIntersection,Normal,2Vehicles-Behind,"45, BALLANGER (BD ROBERT",M,,
201800041238,NonLethal,2018-05-25,06:15:00,Daylight,930,73,No,X-type,Normal,2Vehicles-Side,"01, CROIX (CHEMIN DE LA)",M,49.01526158993035,2.016320599380515
201800041239,NonLethal,2018-05-28,07:35:00,Daylight,930,73,No,NoIntersection,Normal,3+Vehicles-Chain,CHAPIT RE ( RUE DU),M,,
201800041240,NonLethal,2018-03-06,11:42:00,Daylight,930,73,No,Roundabout,Normal,2Vehicles-Side,NATIONS (AVENUE DES),M,48.98289327904867,2.98280611904152
201800041241,NonLethal,2018-06-15,16:15:00,Daylight,930,78,Yes,NoIntersection,Normal,2Vehicles-Behind,CHEMIN DEPARTEMENTAL,M,48.97081636427018,2.9697631046283397
201800041242,NonLethal,2018-06-16,11:00:00,Daylight,930,78,Yes,NoIntersection,Normal,2Vehicles-Side,"l3, CLEMENCEAU (AVENUE G",M,48.95903633732671,2.958600059249206
201800041243,NonLethal,2018-06-18,18:40:00,Daylight,930,73,No,NoIntersection,Normal,2Vehicles-Behind,CHAPIT RE ( RUE DU),M,,
201800041245,NonLethal,2018-06-20,13:50:00,Daylight,930,73,Yes,X-type,Normal,2Vehicles-Side,CHAPIT RE ( RUE DU),M,49.00291139610409,2.0032319057823664
201800041246,NonLethal,2018-06-20,15:05:00,Daylight,930,78,Yes,NoIntersection,Normal,2Vehicles-Side,CHEMIN DEPARTEMENTAL,M,48.975662805282205,2.976483750127912
201800041247,NonLethal,2018-06-21,22:35:00,NightStreelightsOn,930,73,Yes,NoIntersection,Normal,2Vehicles-Side,REIMS (RUE DE),M,48.94142470188806,2.944007362645768
201800041248,NonLethal,2018-06-25,18:10:00,Daylight,930,78,Yes,NoIntersection,Normal,2Vehicles-Behind,BALLANGER (BD ROBERT),M,48.96077368820138,2.963061558737837
201800041250,NonLethal,2018-01-07,00:11:00,NightStreelightsOn,930,78,Yes,NoIntersection,Normal,2Vehicles-Behind,BALLANGER (BD ROBERT),M,48.96238568687637,2.9621068236098598
201800041251,NonLethal,2018-01-07,12:05:00,Daylight,930,73,No,NoIntersection,Normal,2Vehicles-Side,CHAPIT RE ( RUE DU),M,49.007352679761645,2.008771603978006
201800041252,NonLethal,2018-07-03,08:20:00,Daylight,930,78,Yes,Roundabout,Normal,Other,VAUBAN (AVENUE),M,48.964631857353005,2.9640315653194644
201800041253,NonLethal,2018-04-07,19:30:00,Daylight,930,78,Yes,X-type,Normal,2Vehicles-Behind,SARTRE (AVENUE JEAN-PAUL,M,48.96141244207127,2.9597405030148027
201800041254,NonLethal,2018-07-07,06:36:00,Daylight,930,78,Yes,X-type,Normal,2Vehicles-Side,CLEMENCEAU (AVENUE GEORG,M,48.95513201291023,2.9558674887379266
201800041255,Lethal,2018-11-07,06:25:00,Daylight,930,73,Yes,NoIntersection,Normal,2Vehicles-BehindVehicles-Frontal,RAPERIE (RUE DE LA),M,48.97063735132989,2.9693213897241515
201800041257,NonLethal,2018-07-12,15:00:00,Daylight,930,73,Yes,NoIntersection,Normal,2Vehicles-Behind,RESISTANCE (RUE DE LA),M,48.95152424484835,2.953396967115084
201800041258,NonLethal,2018-07-17,14:10:00,Daylight,930,73,Yes,NoIntersection,Normal,2Vehicles-Behind,BRUXELLES (RUE DE),M,48.99352211176181,2.9956094907983606
201800041259,NonLethal,2018-07-17,18:50:00,Daylight,930,73,Yes,X-type,Normal,2Vehicles-Side,CHAPIT RE ( RUE DU),M,49.00188148449244,2.002874273099024
201800041260,NonLethal,2018-07-19,22:00:00,TwilightOrDawn,930,73,Yes,NoIntersection,Normal,NoCollision,RAPERIE (RUE DE LA),M,48.97382652299235,2.977342975295597
201800041261,NonLethal,2018-07-20,08:50:00,Daylight,930,78,Yes,T-type,LightRain,2Vehicles-Behind,VAUBAN (AVENUE de),M,48.96608711311436,2.964537599423444
201800041262,NonLethal,2018-07-26,19:50:00,Daylight,930,73,Yes,X-type,Normal,Other,RESISTANCE (Rue de la),M,48.94987034431261,2.948458028741145
201800041263,NonLethal,2018-07-28,06:10:00,Daylight,930,73,No,NoIntersection,Normal,NoCollision,CHAPIT RE ( RUE DU),M,48.99078884188316,2.9881411182335227
201800041265,NonLethal,2018-07-31,08:20:00,Daylight,930,78,Yes,NoIntersection,Normal,2Vehicles-Behind,CHEMIN DEPARTEMENTAL,M,48.97442851682986,2.971125853607504
201800041267,NonLethal,2018-08-05,17:45:00,Daylight,930,73,Yes,NoIntersection,Normal,Other,ROUSSEAU (RUE JEAN-JACQU,M,48.95798885012943,2.955890532558861
201800041268,NonLethal,2018-08-08,14:25:00,Daylight,930,78,Yes,Other,Normal,2Vehicles-Behind,CLEMENCEAU (AVENUE GEORG,M,48.9611235800779,2.961530331142157
201800041269,NonLethal,2018-08-16,14:20:00,Daylight,930,73,Yes,Roundabout,Normal,2Vehicles-Side,BELLE BORNE (RUE),M,48.98918574404478,2.988524967439714
201800041270,NonLethal,2018-06-09,09:00:00,Daylight,930,73,No,NoIntersection,Normal,Other,SAINT-DENIS (CHEMIN DE),M,48.97604412417713,2.975652992193271
201800041272,NonLethal,2018-10-09,20:50:00,NightStreelightsOn,930,78,Yes,X-type,Normal,2Vehicles-Side,CLEMENCEAU (AVENUE GEORG,M,48.951609300088776,2.950958461117189
201800041273,NonLethal,2018-11-09,18:45:00,Daylight,930,78,Yes,NoIntersection,Normal,2Vehicles-Side,SARTRE (AVENUE JEAN-PAUL,M,,
201800041274,NonLethal,2018-09-13,16:35:00,Daylight,930,73,No,NoIntersection,Normal,3+Vehicles-Chain,FOSSETTE (ALLEE DE LA),M,49.0033129550609,2.004864066662148
201800041275,NonLethal,2018-09-17,15:20:00,Daylight,930,73,Yes,NoIntersection,Normal,Other,RESISTANCE (RUE DE LA),M,48.9507821817973,2.951614450323292
201800041276,NonLethal,2018-09-18,08:12:00,Daylight,930,73,No,NoIntersection,Normal,2Vehicles-Behind,CHAPIT RE ( RUE DU),M,49.002522064532336,2.002020661529806
201800041277,NonLethal,2018-09-21,21:45:00,NightNoStreetLight,930,73,Yes,Other,Normal,2Vehicles-Behind,BELLE BORNE (RUE),M,49.00439621982293,2.003727173982264
201800041278,NonLethal,2018-09-25,16:50:00,Daylight,930,78,Yes,T-type,Normal,2Vehicles-Side,VAUBAN (AVENUE),M,48.9913557589809,2.990933815753876
201800041279,NonLethal,2018-09-25,19:30:00,Daylight,930,73,Yes,T-type,Normal,2Vehicles-Side,CHAPIT RE ( RUE DU),M,,
201800041280,NonLethal,2018-09-27,19:00:00,Daylight,930,73,Yes,X-type,Normal,3+Vehicles-Multiple,SARRAULT (AVENUE ALBERT),M,48.89906509136512,2.901015142100011
201800041281,NonLethal,2018-09-29,20:40:00,NightStreelightsOn,930,78,Yes,NoIntersection,Normal,2Vehicles-Side,BALLANGER (BD ROBERT),M,48.95319574563113,2.952428991784303
201800041282,NonLethal,2018-03-10,11:00:00,Daylight,930,73,No,NoIntersection,LightRain,3+Vehicles-Multiple,DE GAULLE (RUE CHARLES),M,49.00631586722311,2.0081459779422564
201800041283,NonLethal,2018-04-10,19:25:00,TwilightOrDawn,930,78,Yes,NoIntersection,Normal,Other,SAINT JUST (RUE LOUIS),M,48.96233148628402,2.961952210503897
201800041284,NonLethal,2018-11-10,10:20:00,Daylight,930,78,Yes,NoIntersection,Normal,Other,PARC (AVENUE DU),M,48.95963646102367,2.959201880685704
201800041285,NonLethal,2018-10-13,10:00:00,Daylight,930,78,Yes,Roundabout,Normal,3+Vehicles-Chain,CLEMENCEAU (AVENUE GEORG,M,48.961419878735065,2.961392576564932
201800041286,NonLethal,2018-10-16,08:20:00,Daylight,930,73,No,NoIntersection,Normal,Other,CHAPELIER (RUE DU),M,49.00570505332254,2.004553710400151
201800041287,NonLethal,2018-10-16,12:15:00,Daylight,930,73,Yes,X-type,Normal,Other,PETITS PONTS (ROUTE DES),M,48.96543014377541,2.964782409247677
201800041288,NonLethal,2018-10-16,12:05:00,Daylight,930,78,Yes,NoIntersection,Normal,NoCollision,BALLANGER (BD ROBERT),M,48.95310397886789,2.9535527768090426
201800041289,NonLethal,2018-10-16,18:40:00,TwilightOrDawn,930,78,Yes,T-type,Normal,2Vehicles-Behind,LEDOUX (RUE CLAUDE NICOL,M,48.9692691748269,2.968118399920614
201800041290,NonLethal,2018-10-19,17:05:00,Daylight,930,73,Yes,T-type,Normal,Other,NERUDA (RUE PABLO),M,48.90066132660922,2.89783058735177
201800041291,NonLethal,2018-10-20,15:00:00,Daylight,930,78,Yes,Other,Normal,2Vehicles-Behind,TREMBLAY (ROUTE De),M,48.96508213267279,2.9642598713713446
201800041292,NonLethal,2018-10-23,09:00:00,Daylight,930,78,Yes,Roundabout,Normal,2Vehicles-Side,VAUBAN (AVENUE),M,48.97184639895342,2.9702273180836225
201800041293,NonLethal,2018-10-25,22:30:00,NightNoStreetLight,930,73,No,NoIntersection,Normal,3+Vehicles-Chain,CHAPITRE ( RUE DU),M,49.0028399501616,2.0010857168361422
201800041295,NonLethal,2018-10-30,17:20:00,NightNoStreetLight,930,73,Yes,NoIntersection,Normal,2Vehicles-BehindVehicles-Frontal,BUISSON AUMAY (AVENUE DU,M,48.96112854561768,2.960620546662657
201800041296,NonLethal,2018-10-31,01:15:00,NightNoStreetLight,930,73,No,NoIntersection,Normal,3+Vehicles-Multiple,CHAPIT RE ( RUE DU),M,48.9950223789368,2.9951100907837747
201800041297,NonLethal,2018-11-02,16:55:00,Daylight,930,73,Yes,Roundabout,Normal,2Vehicles-Behind,CHAPELIER (RUE DU),M,48.98992560552793,2.9895174669943367
201800041298,NonLethal,2018-02-11,19:30:00,NightNoStreetLight,930,78,Yes,NoIntersection,Normal,2Vehicles-Behind,VAUBAN (AVENUE),M,49.00336987621866,2.0033743808888294
201800041299,NonLethal,2018-03-11,15:45:00,Daylight,930,73,Yes,NoIntersection,Normal,2Vehicles-Behind,BERGER (RUE GILBERT),M,48.949849300384585,2.951151367099699
201800041300,NonLethal,2018-04-11,15:50:00,Daylight,930,73,No,Roundabout,Normal,2Vehicles-Side,CHAPIT RE ( RUE DU),M,48.98321870825059,2.984500659119352
201800041301,NonLethal,2018-06-11,15:31:00,Daylight,930,73,Yes,NoIntersection,Normal,Other,DEBRIS (RUE JACQUES),M,48.95804509865612,2.956399956406671
201800041302,NonLethal,2018-11-11,21:59:00,NightStreelightsOn,930,73,No,NoIntersection,HeavyRain,2Vehicles-Behind,CHAPIT RE ( RUE DU),M,,
201800041303,NonLethal,2018-11-13,18:15:00,NightStreelightsOn,930,73,Yes,X-type,Normal,2Vehicles-Side,PLAINE DE FRANCE (AVENUE,M,48.974623861353216,2.97552373561536
201800041304,NonLethal,2018-11-13,19:50:00,NightStreelightsOn,930,78,Yes,Roundabout,Normal,2Vehicles-Side,BALLANGER (BD ROBERT),M,48.959930991646296,2.9615948920218544
201800041305,NonLethal,2018-11-14,07:30:00,TwilightOrDawn,930,73,Yes,T-type,Normal,2Vehicles-Side,PAIX (AVENUE DE LA),M,48.95020208361669,2.9507271836864697
201800041306,NonLethal,2018-11-15,10:37:00,Daylight,930,73,Yes,X-type,Normal,2Vehicles-Side,CHAPIT RE ( RUE DU),M,49.00236561478188,2.001806368738523
201800041307,NonLethal,2018-11-16,07:55:00,Daylight,930,73,No,X-type,FogOrSmoke,2Vehicles-Side,BOIS DE LA PIE (AVENUE D,M,48.98021525783165,2.979799217699848
201800041308,NonLethal,2018-11-16,12:30:00,Daylight,930,78,No,NoIntersection,Normal,2Vehicles-Behind,JEAN FOURGEAUD (AVENUE),M,49.012502271032176,2.009574807743074
201800041309,NonLethal,2018-11-19,08:55:00,Daylight,930,78,Yes,T-type,Normal,2Vehicles-Side,BRANLY (AVENUE EDOUARD),M,48.94780357972122,2.9473026350458977
201800041311,NonLethal,2018-11-20,17:50:00,NightStreelightsOn,930,78,Yes,T-type,Overcast,2Vehicles-Behind,TREMBLAY (ROUTE DE),M,48.96558080473771,2.9645650884103203
201800041312,NonLethal,2018-11-21,18:45:00,NightStreelightsOn,930,73,Yes,NoIntersection,Normal,Other,SALENGRO (AVENUE ROGER),M,48.94452169183492,2.9421635103217136
201800041313,NonLethal,2018-11-22,23:05:00,NightStreelightsOn,930,78,Yes,T-type,Overcast,3+Vehicles-Chain,BALLANGER (BD ROBERT),M,48.95602341358559,2.9555549244414103
201800041314,NonLethal,2018-11-25,12:10:00,Daylight,930,73,No,NoIntersection,LightRain,Other,CHAPIT RE ( RUE DU),M,,
201800041315,NonLethal,2018-11-25,16:20:00,Daylight,930,78,Yes,NoIntersection,LightRain,2Vehicles-BehindVehicles-Frontal,CHEMIN DEPARTEMENTAL,M,48.97535559795759,2.972317654618132
201800041316,NonLethal,2018-11-26,09:00:00,Daylight,930,78,Yes,NoIntersection,LightRain,Other,DE GAULLE (AVENUE CHARLE,M,48.95662831791404,2.955519733359297
201800041317,NonLethal,2018-11-27,06:30:00,NightNoStreetLight,930,73,No,T-type,Normal,2Vehicles-Side,CHAPIT RE ( RUE DU),M,48.99182145792665,2.992116513594804
201800041319,NonLethal,2018-11-29,04:30:00,NightStreelightsOn,930,73,Yes,NoIntersection,LightRain,2Vehicles-Behind,CHAPIT RE ( RUE DU),M,,
201800041320,Lethal,2018-01-12,20:45:00,NightStreelightsOn,930,78,Yes,X-type,HeavyRain,Other,MANET (RUE EDOUARD),M,48.95229489617367,2.951697056121074
201800041321,NonLethal,2018-12-03,12:45:00,Daylight,930,73,Yes,Other,LightRain,2Vehicles-Side,CHAPIT RE ( RUE DU),M,49.00715889583463,2.009038267864251
201800041322,NonLethal,2018-12-13,18:30:00,NightNoStreetLight,930,73,No,NoIntersection,Normal,2Vehicles-Side,CHAPIT RE ( RUE DU),M,48.99023586464895,2.9920004491035934
201800041324,NonLethal,2018-12-17,14:30:00,Daylight,930,73,Yes,Y-type,Normal,2Vehicles-Side,ROISSY (ROUTE DE),M,48.98449310570072,2.983940262995975
201800041325,NonLethal,2018-12-17,12:30:00,Daylight,930,73,Yes,T-type,Normal,2Vehicles-Behind,CHAPIT RE ( RUE DU),M,49.002066358214826,2.001456296068418
201800041327,NonLethal,2018-12-18,18:35:00,NightStreelightsOn,930,73,No,NoIntersection,Normal,Other,CHAPIT RE ( RUE DU),M,49.00646631255575,2.006906093389925
201800041328,NonLethal,2018-12-20,15:00:00,Daylight,930,73,No,NoIntersection,Normal,NoCollision,CHAPIT RE ( RUE DU),M,48.98267430008204,2.984070527143815
201800041329,NonLethal,2018-12-26,15:00:00,Daylight,930,73,Yes,NoIntersection,Normal,Other,CHAPIT RE ( RUE DU),M,,
201800041330,NonLethal,2018-12-29,07:00:00,NightStreelightsOn,930,73,No,Roundabout,Overcast,2Vehicles-BehindVehicles-Frontal,CHAPIT RE ( RUE DU),M,48.99059149275408,2.9898348722905004
201800041333,NonLethal,2018-01-31,21:20:00,NightStreelightsOn,940,2,Yes,NoIntersection,HeavyRain,2Vehicles-Side,"38 bis, GENERAL CHARLES",M,48.81549976815324,2.81513741418656
201800041334,NonLethal,2018-02-28,13:40:00,Daylight,940,2,Yes,T-type,Normal,2Vehicles-Side,REVOLUTION/MANDELA,M,48.78380758640787,2.786751948781653
201800041335,NonLethal,2018-06-03,22:10:00,NightStreelightsOn,940,2,Yes,X-type,Normal,2Vehicles-Side,ZOLA/COUTURIER,M,48.799746832088886,2.7973755064422026
201800041336,NonLethal,2018-03-26,18:40:00,Daylight,940,2,Yes,NoIntersection,Normal,Other,"52 bis, R ETIENNE DOLET",M,48.794357397242216,2.7962825809806064
201800041337,NonLethal,2018-03-27,16:15:00,Daylight,940,2,Yes,NoIntersection,LightRain,2Vehicles-Behind,6 RUE JOSEPH FRANCESCHI,M,48.806995742632814,2.8055174582354385
201800041338,NonLethal,2018-03-29,22:20:00,NightStreelightsOn,940,2,Yes,T-type,Normal,NoCollision,J-B CLEMENT/FLORE,M,48.796520193003886,2.7973622071960618
201800041339,NonLethal,2018-04-03,08:15:00,Daylight,940,2,Yes,NoIntersection,Normal,Other,"86, R VAILLANT COUTURIER",M,48.810382475984,2.811779931486224
201800041340,NonLethal,2018-01-04,19:40:00,TwilightOrDawn,940,2,Yes,NoIntersection,Normal,Other,"6, R MICOLON",M,48.80221963088346,2.8031238121662767
201800041341,NonLethal,2018-07-04,16:50:00,Daylight,940,2,Yes,NoIntersection,Normal,Other,"145, R ETIENNE DOLET",M,48.78545011988315,2.7855930916223306
201800041343,NonLethal,2018-04-20,23:30:00,NightStreelightsOn,940,2,Yes,NoIntersection,Normal,Other,"5O, QU BLANQUI",M,48.79771059523335,2.7992790188519505
201800041344,NonLethal,2018-05-15,19:40:00,Daylight,940,2,Yes,NoIntersection,Normal,Other,"101, EDOUARD VAILLANT (R",M,48.80770494824025,2.8085301835199727
201800041345,NonLethal,2018-05-18,15:45:00,Daylight,940,2,Yes,NoIntersection,Normal,Other,RUE ETIENNE DOLET,M,48.7952660667763,2.795836874843717
201800041346,NonLethal,2018-05-21,12:15:00,Daylight,940,2,Yes,NoIntersection,Normal,2Vehicles-Behind,18 RUE CHARLES DE GAULLE,M,48.81456062707154,2.8162482578878114
201800041347,NonLethal,2018-05-25,11:30:00,Daylight,940,2,Yes,NoIntersection,Normal,Other,"21,BD CARNOT",M,48.79605741105153,2.795332767619049
201800041348,NonLethal,2018-03-06,00:10:00,NightStreelightsOn,940,2,Yes,NoIntersection,Normal,2Vehicles-Behind,8 BOULEVARD CARNOT,M,48.79408390509592,2.796341318577594
201800041349,NonLethal,2018-06-12,08:15:00,Daylight,940,2,Yes,X-type,LightRain,2Vehicles-Side,"225, VAILLANT COUTURIER",M,48.80209147791057,2.800814857330487
201800041350,NonLethal,2018-06-28,16:30:00,Daylight,940,2,Yes,Other,Normal,2Vehicles-Behind,GENERAL CHARLES DE GAULL,M,48.81494882044184,2.814597980862404
201800041351,NonLethal,2018-07-27,23:10:00,NightStreelightsOn,940,2,Yes,NoIntersection,Normal,2Vehicles-Behind,REVOLUTION (QU DE LA),M,48.781462384321365,2.781238236788783
201800041354,NonLethal,2018-09-29,22:07:00,NightStreelightsOn,940,2,Yes,X-type,Normal,2Vehicles-Side,EMILE ZOLA (R),M,48.7980557397195,2.7979843999142826
201800041355,NonLethal,2018-01-10,22:00:00,NightStreelightsOn,940,2,Yes,X-type,Normal,2Vehicles-Side,OEILLETS (R DES),M,48.79757472680983,2.795433180496151
201800041357,NonLethal,2018-10-08,19:30:00,NightStreelightsOn,940,2,Yes,X-type,Normal,Other,VAILLANT COUTURIER (R),M,48.798178721705504,2.798832525251556
201800041358,NonLethal,2018-10-17,13:50:00,Daylight,940,2,Yes,T-type,Normal,2Vehicles-BehindVehicles-Frontal,BLANQUI (QU),M,48.80821026259741,2.806185325480097
201800041359,NonLethal,2018-10-19,20:10:00,NightStreelightsOn,940,2,Yes,T-type,Normal,2Vehicles-Side,VAILLANT COUTURIER (R),M,48.80603441744213,2.804797255187409
201800041360,NonLethal,2018-10-23,19:13:00,NightStreelightsOn,940,2,Yes,T-type,Normal,2Vehicles-Side,ETIENNE DOLET (R),M,48.785424372078005,2.788017037378518
201800041362,NonLethal,2018-11-05,18:45:00,NightStreelightsOn,940,2,Yes,NoIntersection,Normal,2Vehicles-Side,VAILLANT COUTURIER (R),M,48.80147680784851,2.800649148283543
201800041363,NonLethal,2018-11-09,19:30:00,NightStreelightsOn,940,2,Yes,T-type,Normal,2Vehicles-Side,BEETHOVEN (COUR),M,48.79668480349236,2.7958537916124246
201800041364,NonLethal,2018-11-24,20:30:00,NightStreelightsOn,940,2,Yes,T-type,Normal,2Vehicles-BehindVehicles-Frontal,BEETHOVEN (COUR),M,48.79676665710807,2.79779641863106
201800041365,NonLethal,2018-11-27,23:40:00,NightStreelightsOn,940,2,Yes,T-type,HeavyRain,Other,CARNOT (BD),M,48.79473265530148,2.7958331772576024
201800041366,NonLethal,2018-11-28,09:11:00,Daylight,940,2,Yes,T-type,LightRain,2Vehicles-Side,REVOLUTION (QU DE LA),M,48.78421703218109,2.784319265561709
201800041367,NonLethal,2018-11-30,09:15:00,Daylight,940,28,Yes,NoIntersection,Normal,2Vehicles-Side,TASSIGNY(AVE DU MARECHAL,M,48.80001378004793,2.802085624538438
201800041368,NonLethal,2018-11-30,20:20:00,NightNoStreetLight,940,2,Yes,T-type,Normal,2Vehicles-Side,BLANQUI (QUAI),M,48.80959164895094,2.8099764627876493
201800041369,NonLethal,2018-12-05,14:50:00,Daylight,940,2,Yes,T-type,Overcast,2Vehicles-Side,BLANQUI (QUAI),M,48.80970536489314,2.8102807397978946
201800041370,NonLethal,2018-12-06,17:15:00,NightStreelightsOn,940,2,Yes,NoIntersection,Normal,Other,CARNOT (BD),M,48.79724379035159,2.796929360622332
201800041371,NonLethal,2018-12-09,18:40:00,NightStreelightsOn,940,2,Yes,X-type,LightRain,2Vehicles-BehindVehicles-Frontal,CARNOT (BD),M,48.7960539009012,2.793910599950493
201800041372,NonLethal,2018-12-21,08:28:00,NightStreelightsOn,940,2,Yes,NoIntersection,LightRain,2Vehicles-Behind,VERON (R),M,48.80526095091358,2.806150431472823
201800041374,NonLethal,2018-01-01,05:40:00,NightStreelightsOn,940,75,No,T-type,Normal,Other,TASSIGNY/LA GRANGE,M,48.73268449084182,2.734253430595087
201800041376,NonLethal,2018-01-09,12:45:00,Daylight,940,44,Yes,NoIntersection,Normal,NoCollision,AV GABRIEL PERI,M,48.75446293357848,2.7552643477881698
201800041377,NonLethal,2018-01-10,05:55:00,NightStreelightsOn,940,47,Yes,T-type,LightRain,2Vehicles-Side,BRIE / CAZEAUX,M,48.69997956150399,2.70231490596342
201800041379,NonLethal,2018-01-12,19:10:00,NightStreelightsOn,940,71,No,NoIntersection,Normal,2Vehicles-Behind,"27, R MAURICE BERTEAUX",M,48.77385259234855,2.7749061801219
201800041380,NonLethal,2018-01-13,22:05:00,NightStreelightsOn,940,71,Yes,Roundabout,Normal,2Vehicles-Side,CHAMPIGNY / PARIS,M,48.774822962163626,2.776039685977651
201800041381,NonLethal,2018-01-16,20:00:00,NightNoStreetLight,940,75,No,T-type,LightRain,Other,TASSIGNY / GRANGE,M,48.73324690262009,2.734294692971135
201800041382,NonLethal,2018-01-16,19:50:00,NightStreelightsOn,940,71,No,Roundabout,LightRain,2Vehicles-Behind,R DE PARIS,M,48.77417605741592,2.771692370789823
201800041383,NonLethal,2018-01-19,13:45:00,Daylight,940,71,Yes,NoIntersection,LightRain,NoCollision,R DE PARIS,M,48.76950951247965,2.771250997078926
201800041384,NonLethal,2018-01-20,19:50:00,NightStreelightsOn,940,4,Yes,X-type,LightRain,2Vehicles-Side,LECLERC / GAULLE,M,48.75874928263821,2.759619085962276
201800041385,NonLethal,2018-01-24,08:20:00,Daylight,940,75,Yes,T-type,LightRain,2Vehicles-Behind,TASSIGNY / DAGORNO,M,48.72716526326683,2.726636777996857
201800041387,NonLethal,2018-01-25,11:00:00,Daylight,940,71,No,NoIntersection,LightRain,2Vehicles-Behind,"33, PONT DE CHENNEVIERES",M,48.78255215081543,2.7850163061927447
201800041388,NonLethal,2018-01-26,07:55:00,TwilightOrDawn,940,71,Yes,X-type,Normal,Other,PROCESSION / LACHEVARDIE,M,48.76749151058311,2.7667786745919862
201800041389,NonLethal,2018-01-27,15:10:00,Daylight,940,4,Yes,MoreThan4Branches,Normal,2Vehicles-Side,DE GAULLE / LECLERC,M,48.75393584018825,2.755110392598989
201800041390,NonLethal,2018-01-30,14:30:00,Daylight,940,71,Yes,T-type,Overcast,2Vehicles-Behind,BOISSY / AMARANTHE,M,48.76907723574611,2.7675312090513966
201800041391,NonLethal,2018-02-01,13:25:00,Daylight,940,70,Yes,NoIntersection,Normal,Other,"10, ROUTE DE PARIS",M,48.71651303372255,2.716579948779275
201800041392,NonLethal,2018-08-02,21:05:00,NightStreelightsOn,940,71,Yes,NoIntersection,Normal,Other,"2l, R ALBERT DRU",M,48.76312603813116,2.76393829248508
201800041393,NonLethal,2018-10-02,05:30:00,NightStreelightsOn,940,71,Yes,T-type,SnowOrHail,Other,PROCESSION/MOULIN A VENT,M,48.76410404289442,2.7640849670626024
201800041394,NonLethal,2018-12-02,12:10:00,Daylight,940,56,Yes,Y-type,Normal,Other,MANDRES/GENERAL LECLERC,M,48.69651193151898,2.696811761057538
201800041395,NonLethal,2018-02-21,01:50:00,NightStreelightsOn,940,71,Yes,X-type,Normal,2Vehicles-Side,VILLENEUVE/PERRAULT,M,48.7679496709553,2.7662298130804253
201800041396,NonLethal,2018-02-24,15:20:00,Daylight,940,44,Yes,Roundabout,Normal,2Vehicles-Side,PERI/GARRY,M,48.75505215419504,2.757240245025574
201800041397,NonLethal,2018-02-25,19:30:00,NightStreelightsOn,940,75,No,NoIntersection,Normal,2Vehicles-Side,AV DU MARECHAL TASSIGNY,M,48.72775186892258,2.7273899748849963
201800041398,NonLethal,2018-02-26,21:40:00,NightStreelightsOff,940,75,Yes,T-type,Normal,Other,TASSIGNY/DAGORNO,M,48.72736342151863,2.727548901545602
201800041399,NonLethal,2018-02-26,17:30:00,Daylight,940,71,Yes,Roundabout,Normal,Other,D ORVES/MOULIN,M,48.761229542862665,2.764264821387
201800041400,NonLethal,2018-03-08,08:10:00,Daylight,940,71,Yes,Roundabout,Normal,Other,PERI/ROND-POINT,M,48.76294340386135,2.7635448844847224
201800041401,NonLethal,2018-08-03,18:25:00,TwilightOrDawn,940,71,Yes,T-type,LightRain,2Vehicles-Behind,"6, ROUTE DE BONNEUIL",M,48.77225900125673,2.7719614878189924
201800041402,NonLethal,2018-03-10,22:35:00,NightNoStreetLight,940,4,No,NoIntersection,LightRain,2Vehicles-Side,AV DU GENERAL LECLERC,M,48.75399811943893,2.7547626397716467
201800041403,NonLethal,2018-03-16,20:20:00,NightStreelightsOn,940,75,Yes,X-type,LightRain,2Vehicles-Side,GARENNE/BOIS PRIE DIEU,M,48.725809884393854,2.727262896604157
201800041404,NonLethal,2018-03-18,22:15:00,NightStreelightsOn,940,47,Yes,NoIntersection,LightRain,2Vehicles-Behind,"121, RUE PAUL DOUMER",M,48.70636296758523,2.706756144038476
201800041405,NonLethal,2018-03-19,08:30:00,Daylight,940,4,Yes,NoIntersection,SnowOrHail,Other,RUE LA CARRIERE,M,48.7541382845168,2.75390294211377
201800041406,NonLethal,2018-03-19,13:20:00,Daylight,940,71,Yes,T-type,SnowOrHail,2Vehicles-Behind,PARIS/POLO,M,48.77270514717205,2.7743796303876063
201800041407,NonLethal,2018-03-22,14:00:00,Daylight,940,44,Yes,T-type,Normal,2Vehicles-Behind,VALENTON/MONNET,M,48.74125970773291,2.74345939500736
201800041408,NonLethal,2018-03-25,01:30:00,NightStreelightsOff,940,70,Yes,Roundabout,Normal,Other,ROCHER / DIMERESSE,M,48.72825402147464,2.7278967247925228
201800041409,NonLethal,2018-03-27,16:25:00,Daylight,940,44,Yes,X-type,LightRain,Other,LECLERC / POMPIDOU,M,48.74441430625462,2.743480692679505
201800041410,NonLethal,2018-02-04,18:00:00,Daylight,940,71,Yes,NoIntersection,LightRain,Other,"99, RTE QUEUE EN BRIE",M,48.76297381104315,2.7632155024084346
201800041411,NonLethal,2018-03-17,21:00:00,NightStreelightsOn,940,44,Yes,T-type,Normal,2Vehicles-Side,8 MAI 1945/ST-EXUPERY,M,48.754462267428096,2.7525583492063603