AccidentId,Gravity,Date,Hour,Light,Department,Commune,InAgglomeration,IntersectionType,Weather,CollisionType,PostalAddress,GPSCode,Latitude,Longitude
201800041412,NonLethal,2018-03-04,16:50:00,Daylight,940,44,Yes,NoIntersection,HeavyRain,Other,"63, R HENRI BARBUSSE",M,48.75057035254574,2.751097167356054
201800041413,NonLethal,2018-04-04,08:15:00,Daylight,940,48,No,NoIntersection,LightRain,2Vehicles-Behind,RN 19,M,48.726976420739526,2.728342500619057
201800041414,NonLethal,2018-06-04,10:00:00,Daylight,940,44,Yes,NoIntersection,Normal,2Vehicles-Side,"67, AV DE VALENTON",M,48.74085169271271,2.7401149037504857
201800041415,NonLethal,2018-04-09,09:00:00,Daylight,940,71,Yes,Roundabout,Normal,2Vehicles-Behind,R DE BOISSY,M,48.76121685372874,2.7586991876968554
201800041417,NonLethal,2018-05-04,07:45:00,Daylight,940,4,Yes,NoIntersection,Normal,2Vehicles-Side,"3 B, R DE PARIS",M,48.748459642568434,2.746899423817487
201800041418,NonLethal,2018-04-16,09:45:00,Daylight,940,4,No,NoIntersection,VeryGood,3+Vehicles-Chain,RN19,M,48.76091398291269,2.7616863510446588
201800041419,NonLethal,2018-04-22,21:30:00,NightStreelightsOn,940,71,Yes,NoIntersection,Normal,Other,R DE PARIS,M,48.773845324033125,2.773289756549956
201800041421,NonLethal,2018-04-30,16:10:00,Daylight,940,4,Yes,NoIntersection,LightRain,2Vehicles-Side,GENERAL LECLERC (AV DU),M,48.74942728938328,2.749198984507089
201800041422,NonLethal,2018-04-30,12:00:00,Daylight,940,71,No,NoIntersection,LightRain,Other,R DES BRUYERES,M,48.751648295708,5.7503780933827935
201800041423,NonLethal,2018-05-03,17:35:00,TwilightOrDawn,940,71,Yes,NoIntersection,Normal,Other,"8, BERTOU (SEN DU)",M,48.76421716775939,2.7645984384150983
201800041425,NonLethal,2018-04-05,16:55:00,Daylight,940,75,Yes,NoIntersection,Normal,3+Vehicles-Chain,"13, MANDRES (R DE)",M,48.71763927951055,2.71936859760332
201800041426,NonLethal,2018-07-05,20:00:00,Daylight,940,71,Yes,NoIntersection,Normal,NoCollision,8 AVENUE DU FORT,M,48.76711479260308,2.768749707284223
201800041427,NonLethal,2018-05-08,06:30:00,TwilightOrDawn,940,4,Yes,NoIntersection,Normal,NoCollision,BREVANNES (R DE),M,48.74894596976712,2.749292476416609
201800041428,NonLethal,2018-05-14,18:25:00,Daylight,940,71,Yes,T-type,LightRain,2Vehicles-Side,GENERAL LECLERC (R DU),M,48.77653088538166,2.774793113228132
201800041429,NonLethal,2018-05-15,16:35:00,Daylight,940,4,Yes,Other,Normal,3+Vehicles-Chain,GENERAL LECLERC (AV DU),M,48.746444437794885,2.746916385666517
201800041430,NonLethal,2018-05-15,18:15:00,Daylight,940,48,Yes,T-type,Normal,2Vehicles-Side,AVENUE DU PARC,M,48.73612059168549,2.7381292272789803
201800041431,NonLethal,2018-05-18,07:55:00,Daylight,940,4,Yes,NoIntersection,Normal,NoCollision,GENERAL LECLERC (AV DU),M,48.75615805961122,2.7573089059435647
201800041432,NonLethal,2018-05-22,07:45:00,Daylight,940,75,Yes,NoIntersection,Normal,2Vehicles-Side,"35, MARECHAL DELATTRE DE",M,48.72940745577823,5.728105706347948
201800041433,NonLethal,2018-05-22,17:25:00,Daylight,940,48,Yes,Other,Normal,2Vehicles-Side,AVENUE DES BUISSONS,M,48.7351602180025,2.737736565949706
201800041434,NonLethal,2018-05-23,19:30:00,Daylight,940,71,Yes,NoIntersection,Normal,Other,CHEMIN VERT,M,48.76414461684928,2.762702076969737
201800041435,NonLethal,2018-05-25,07:07:00,Daylight,940,75,Yes,NoIntersection,Normal,2Vehicles-Behind,LATTRE DE TASSIGNY (AV D,M,48.72403779377115,2.7245672902610134
201800041436,NonLethal,2018-05-26,00:05:00,NightStreelightsOn,940,71,Yes,X-type,LightRain,3+Vehicles-Multiple,VILLENEUVE (R DE),M,48.76538266932225,2.766347299152734
201800041437,NonLethal,2018-05-26,15:10:00,Daylight,940,75,Yes,X-type,Normal,2Vehicles-Side,BOURGOGNE (R DE),M,48.72425757723026,2.723183187251575
201800041438,NonLethal,2018-05-26,18:40:00,Daylight,940,47,Yes,NoIntersection,Normal,Other,CAZEAUX (R),M,48.70062961275274,2.700530796853134
201800041439,NonLethal,2018-05-31,03:05:00,NightStreelightsOn,940,48,Yes,T-type,Normal,2Vehicles-Behind,NATIONALE 19,M,48.73064748665465,2.727617992645629
201800041440,NonLethal,2018-05-31,09:35:00,Daylight,940,44,Yes,Roundabout,Overcast,2Vehicles-Side,DESCARTES (AV),M,48.73992550219858,2.739080574743838
201800041442,NonLethal,2018-05-06,09:10:00,Daylight,940,71,Yes,NoIntersection,LightRain,Other,"66, GRAND VAL (R DU)",M,48.77682220507673,2.778000741548816
201800041443,NonLethal,2018-06-06,16:35:00,Daylight,940,4,No,NoIntersection,LightRain,NoCollision,GENERAL LECLERC (AV DU),M,48.75574550399265,2.754633428706458
201800041444,NonLethal,2018-11-06,08:40:00,TwilightOrDawn,940,48,No,NoIntersection,FogOrSmoke,3+Vehicles-Chain,VALLON (R DU),,,
201800041445,NonLethal,2018-06-11,17:35:00,Daylight,940,44,Yes,NoIntersection,Overcast,2Vehicles-Side,"4, ALBERT GARRY (R)",M,48.75438671812744,2.753288826216069
201800041447,NonLethal,2018-12-06,18:25:00,Daylight,940,44,Yes,X-type,Normal,2Vehicles-Side,PRESIDENT WILSON (AV DU),M,48.75082056725537,2.754004758193178
201800041448,NonLethal,2018-06-13,16:05:00,Daylight,940,44,No,NoIntersection,Normal,3+Vehicles-Chain,JEAN MONNET (R),M,48.75762255548892,2.759516712426409
201800041449,NonLethal,2018-06-20,08:00:00,Daylight,940,44,Yes,NoIntersection,Normal,NoCollision,"26, VERDUN (AV DE)",M,48.75067972205673,2.7492307146389283
201800041450,NonLethal,2018-06-22,17:00:00,Daylight,940,71,Yes,T-type,Normal,3+Vehicles-Chain,6 RUE JEAN MOULIN,M,48.77462592117635,2.7730647970491527
201800041452,NonLethal,2018-06-24,02:40:00,NightNoStreetLight,940,75,Yes,Other,Normal,Other,MARECHAL DE LATTRE DE TA,M,48.7267003704638,2.726670382725827
201800041453,NonLethal,2018-06-25,08:35:00,Daylight,940,4,Yes,NoIntersection,Normal,Other,CHARLES DE GAULLE (AV),M,48.75691867713467,2.757113231479853
201800041454,NonLethal,2018-06-11,18:30:00,Daylight,940,47,Yes,T-type,Normal,2Vehicles-Behind,BRIE (R DE),M,48.69958246023315,2.6972134168766253
201800041455,NonLethal,2018-06-23,01:30:00,NightStreelightsOn,940,71,Yes,Roundabout,Normal,2Vehicles-Behind,GRAND CHAMP (R DU),M,48.76423612728018,2.7629579278902385
201800041456,NonLethal,2018-06-27,09:40:00,Daylight,940,71,Yes,X-type,Normal,2Vehicles-Side,VERDUN (BD DE),M,48.7677748533244,2.768836599413101
201800041457,NonLethal,2018-06-27,13:50:00,Daylight,940,75,Yes,X-type,Normal,2Vehicles-Side,BOIS PRIE DIEU (R DU),M,48.72395707372664,2.72577259644622
201800041458,NonLethal,2018-06-27,20:30:00,Daylight,940,71,Yes,NoIntersection,Normal,2Vehicles-BehindVehicles-Frontal,"28, PIPLE (AV DU)",M,48.76367549379442,2.7634530067922745
201800041459,NonLethal,2018-06-29,15:58:00,Daylight,940,71,Yes,X-type,Normal,Other,"6-8, CHARLES DE GAULLE (",M,48.77154041261648,2.770371621450667
201800041460,NonLethal,2018-06-30,12:05:00,Daylight,940,44,Yes,NoIntersection,Normal,2Vehicles-Side,"09, ROGER SALENGRO (R)",M,48.749954725344594,2.749253860748136
201800041462,NonLethal,2018-07-03,15:45:00,Daylight,940,71,Yes,Other,Normal,2Vehicles-Side,REMPARTS (R DES),M,48.76721224879305,2.769206958971844
201800041463,NonLethal,2018-07-03,19:47:00,Daylight,940,75,Yes,NoIntersection,Normal,2Vehicles-Side,"33, LATTRE DE TASSIGNY (",M,48.72737414304588,2.728382318605293
201800041464,NonLethal,2018-07-05,18:05:00,Daylight,940,75,No,NoIntersection,LightRain,Other,LATTRE DE TASSIGNY (AV D,M,48.734252855255626,2.734373585217254
201800041465,NonLethal,2018-07-07,09:30:00,Daylight,940,44,Yes,NoIntersection,Normal,NoCollision,GENERAL LECLERC (AV DU),M,48.75419984128589,2.757295149338907
201800041466,NonLethal,2018-07-07,19:20:00,Daylight,940,48,Yes,X-type,Normal,2Vehicles-Behind,VALLON (R DU),M,48.72874683446221,2.7269798122450752
201800041467,NonLethal,2018-07-12,18:12:00,Daylight,940,47,Yes,Square,Normal,2Vehicles-Behind,PAUL DOUMER (R),M,48.7032014260769,2.703978196132536
201800041469,NonLethal,2018-07-19,19:40:00,Daylight,940,44,Yes,MoreThan4Branches,Normal,2Vehicles-Side,ALBERT GARRY (R),M,48.75210069067904,4.753201795278589
201800041470,NonLethal,2018-07-22,20:15:00,Daylight,940,71,Yes,MoreThan4Branches,Normal,Other,FORT (AV DU),M,48.76862977247344,2.7703430099549595
201800041471,NonLethal,2018-07-23,12:15:00,Daylight,940,75,Yes,Other,Normal,2Vehicles-Side,MARECHAL DELATTRE DE TAS,M,48.726921354509486,5.727871283229195
201800041472,NonLethal,2018-07-21,15:20:00,Daylight,940,71,Yes,Other,Normal,Other,LOUIS BOON (BD),M,48.776910281336775,2.775082096142347
201800041473,NonLethal,2018-08-13,16:45:00,Daylight,940,4,No,NoIntersection,Normal,Other,GARE (BD DE LA),M,48.75257694075303,2.749853781401772
201800041474,NonLethal,2018-08-18,21:40:00,NightStreelightsOn,940,71,Yes,NoIntersection,Normal,Other,QUEUE EN BRIE (RTE DE LA,M,48.7630419017203,2.7631096372104618
201800041475,NonLethal,2018-08-19,19:15:00,Daylight,940,71,Yes,NoIntersection,Normal,Other,QUEUE EN BRIE (RTE DE LA,M,48.76093601169128,2.7620351309768147
201800041476,NonLethal,2018-08-20,20:50:00,TwilightOrDawn,940,71,Yes,NoIntersection,Normal,Other,PONT DE CHENNEVIERES (R,M,48.78562595718482,2.78497832153841
201800041477,NonLethal,2018-08-21,22:10:00,NightStreelightsOn,940,44,Yes,NoIntersection,Normal,Other,VALENTON (AV DE),M,48.74234319975607,2.7420686858994032
201800041478,NonLethal,2018-08-31,16:30:00,Daylight,940,4,Yes,NoIntersection,Normal,2Vehicles-Side,GENERAL LECLERC (AV DU),M,48.74961124894698,2.7489010802861573
201800041479,NonLethal,2018-02-09,12:15:00,Daylight,940,71,Yes,NoIntersection,Normal,2Vehicles-Side,QUEUE EN BRIE (RTE DE LA,M,48.763581877270376,2.762885220835588
201800041480,NonLethal,2018-06-09,11:55:00,Daylight,940,75,Yes,T-type,Normal,2Vehicles-Side,AV DU MAL DE LATTRE,M,48.72789988963307,2.7272544128492777
201800041481,NonLethal,2018-09-19,13:17:00,Daylight,940,71,Yes,NoIntersection,Normal,Other,QUEUE EN BRIE (RTE DE LA,M,48.76124452750368,2.7615771363613697
201800041482,NonLethal,2018-09-22,16:20:00,Daylight,940,44,No,NoIntersection,Overcast,3+Vehicles-Chain,DIVISION LECLERC (AV),M,48.73546388275332,2.7352080411771387
201800041483,NonLethal,2018-09-23,17:40:00,Daylight,940,4,No,NoIntersection,LightRain,NoCollision,GENERAL LECLERC (AV DU),M,48.75629381932459,2.7546838440490444
201800041484,NonLethal,2018-09-25,14:30:00,Daylight,940,75,Yes,T-type,Normal,2Vehicles-BehindVehicles-Frontal,MARECHAL DE LATTRE DE TA,M,48.72802625826713,2.726457225495434
201800041485,NonLethal,2018-09-26,19:00:00,Daylight,940,44,Yes,NoIntersection,Normal,Other,VERDUN (AV DE),M,48.74904177998131,2.7509513615369032
201800041487,NonLethal,2018-09-30,12:35:00,Daylight,940,44,Yes,Other,Normal,Other,PRESIDENT WILSON (AV DU),M,48.75017129770973,2.7508504483215965
201800041488,NonLethal,2018-02-10,20:15:00,NightStreelightsOn,940,4,Yes,NoIntersection,Overcast,Other,ERABLES (PL DES),M,48.75753984683504,2.7583587178354283
201800041489,NonLethal,2018-10-02,21:20:00,NightStreelightsOn,940,71,Yes,Other,LightRain,2Vehicles-Behind,BOISSY (R DE),M,48.76325478356678,2.7644785763231465
201800041491,NonLethal,2018-10-03,14:30:00,Daylight,940,71,Yes,NoIntersection,Normal,Other,MAURICE BERTEAUX (R),M,,
201800041494,NonLethal,2018-10-07,13:41:00,Daylight,940,4,Yes,NoIntersection,LightRain,Other,GENERAL LECLERC (AV),M,48.75584034869112,2.755133799705678
201800041495,NonLethal,2018-07-10,12:20:00,Daylight,940,4,Yes,NoIntersection,Overcast,NoCollision,GENERAL LECLERC (AV),M,48.75367107213978,2.7559020299943366
201800041497,NonLethal,2018-10-11,15:10:00,Daylight,940,71,Yes,T-type,Normal,2Vehicles-Side,PROGRES (AV DU),M,48.75920409773549,2.7577964085681
201800041499,NonLethal,2018-10-16,16:45:00,Daylight,940,75,Yes,X-type,Normal,Other,CERCAY (R DE),M,48.7195912461786,2.716931837223054
201800041500,NonLethal,2018-10-16,18:10:00,Daylight,940,75,Yes,Other,Normal,2Vehicles-Behind,MANDRES (R DE),M,48.71944645294513,2.71758110395929
201800041501,NonLethal,2018-10-21,13:00:00,Daylight,940,4,Yes,NoIntersection,Normal,Other,POMPADOUR (R DE LA),M,48.76005833671789,2.760423391337488
201800041502,NonLethal,2018-10-21,20:40:00,NightNoStreetLight,940,75,Yes,T-type,Normal,2Vehicles-Side,MARECHAL DE LATTRE DE TA,M,48.72646575745763,2.729084102873936
201800041503,NonLethal,2018-10-25,22:10:00,NightNoStreetLight,940,75,Yes,Other,Normal,2Vehicles-Side,MARECHAL DE LATTRE DE TA,M,48.72643078191795,2.7271509777214886
201800041504,NonLethal,2018-10-26,09:40:00,Daylight,940,4,Yes,NoIntersection,Normal,Other,GARE (BD DE LA),M,48.753429242381465,2.7502495649609435
201800041505,NonLethal,2018-10-26,18:50:00,NightStreelightsOn,940,4,Yes,NoIntersection,LightRain,NoCollision,GENERAL LECLERC (AV),M,48.75445636130527,2.7569196483798373
201800041506,NonLethal,2018-10-28,10:25:00,Daylight,940,44,Yes,NoIntersection,Normal,Other,ALBERT GARRY (R),M,48.755534462915946,2.75376097934322
201800041507,NonLethal,2018-10-29,08:10:00,Daylight,940,71,Yes,NoIntersection,Normal,Other,OLIVIER D ORMESSON (AV),M,48.79065643127476,2.790358481725137
201800041508,NonLethal,2018-10-30,13:40:00,Daylight,940,71,Yes,NoIntersection,LightRain,NoCollision,PARIS (R DE),M,48.77155222104837,2.77287834030434
201800041509,NonLethal,2018-10-31,17:10:00,TwilightOrDawn,940,70,Yes,NoIntersection,LightRain,3+Vehicles-Multiple,MAROLLES (RTE DE),M,48.73273682495044,2.734863878567698
201800041510,NonLethal,2018-01-11,12:30:00,Daylight,940,71,Yes,NoIntersection,LightRain,NoCollision,JEAN MOULIN (R),M,48.774713339558446,2.775480218360036
201800041511,NonLethal,2018-03-11,12:00:00,Daylight,940,71,Yes,Other,Normal,Other,FONTAINES (R DES),M,48.77291504499424,2.7728266868221683
201800041512,NonLethal,2018-06-11,19:30:00,NightStreelightsOn,940,71,Yes,Other,Normal,Other,BONNEUIL (RTE DE),M,48.77037216290677,2.77128784741108
201800041513,NonLethal,2018-09-11,15:45:00,Daylight,940,4,Yes,NoIntersection,LightRain,2Vehicles-Behind,TRAVERSIERE (R),M,48.74847345082101,2.7490999669936764
201800041514,NonLethal,2018-11-10,01:08:00,NightStreelightsOn,940,4,Yes,NoIntersection,Normal,2Vehicles-BehindVehicles-Frontal,GENERAL LECLERC (AV),M,48.750215845036855,2.7483153952424613
201800041516,NonLethal,2018-12-11,07:15:00,Daylight,940,74,Yes,NoIntersection,LightRain,NoCollision,RU DE GIRONDE (AV DU),M,48.74562885209128,2.749902742569325
201800041517,NonLethal,2018-11-13,20:10:00,NightStreelightsOn,940,44,Yes,NoIntersection,Normal,3+Vehicles-Chain,GABRIEL PERI (AV),M,48.75613641006348,2.755648191382881
201800041518,Lethal,2018-11-20,09:10:00,Daylight,940,71,Yes,T-type,LightRain,Other,SEVIGNE (R DE),M,48.76908491013967,2.7707211245599197
201800041519,NonLethal,2018-11-20,20:50:00,NightStreelightsOn,940,4,Yes,Other,LightRain,2Vehicles-Side,GENERAL LECLERC (AV DU),M,48.752822996251695,2.753439615495216
201800041520,NonLethal,2018-11-22,11:40:00,Daylight,940,71,Yes,NoIntersection,Normal,Other,MARAIS (CHE DES),M,48.769336478275655,2.767109578805448
201800041521,NonLethal,2018-11-23,08:15:00,TwilightOrDawn,940,44,Yes,X-type,FogOrSmoke,2Vehicles-BehindVehicles-Frontal,Voie Georges Pompidou,M,48.74421869997597,2.743548870338537
201800041522,NonLethal,2018-11-24,18:30:00,NightStreelightsOn,940,71,Yes,NoIntersection,Other,2Vehicles-Behind,SCIERIE (R DE LA),M,48.765945931313816,2.764259318426763
201800041523,NonLethal,2018-11-27,08:30:00,Daylight,940,71,Yes,NoIntersection,Overcast,2Vehicles-BehindVehicles-Frontal,MAURICE BERTEAUX (R),M,48.57016990754507,2.5712631977797566
201800041524,NonLethal,2018-11-28,07:30:00,TwilightOrDawn,940,44,Yes,X-type,LightRain,2Vehicles-Side,PASTEUR (R),M,48.74569520069127,2.745778100467711
201800041526,NonLethal,2018-12-02,12:00:00,Daylight,940,11,Yes,NoIntersection,LightRain,Other,BOISSY.(AVENUE DE),M,48.76334613670859,2.761509828043108
201800041527,NonLethal,2018-12-04,13:40:00,Daylight,940,71,Yes,NoIntersection,Normal,NoCollision,PIERRE SEMARD (R),M,48.7697279322201,2.7697714838569407
201800041529,NonLethal,2018-12-12,11:20:00,Daylight,940,44,Yes,NoIntersection,Normal,2Vehicles-Behind,VALENTON (AV DE),M,48.74228950174684,2.7415933268074
201800041530,NonLethal,2018-12-13,09:40:00,Daylight,940,44,Yes,Roundabout,Normal,2Vehicles-Side,GABRIEL PERI (AV),M,48.75725542274578,2.755613852025171
201800041532,NonLethal,2018-12-13,14:50:00,Daylight,940,4,Yes,NoIntersection,Normal,Other,SUCY (R DE),M,48.74854278452499,2.749743348745761
201800041533,NonLethal,2018-12-16,21:30:00,NightStreelightsOn,940,71,Yes,Y-type,LightRain,2Vehicles-BehindVehicles-Frontal,BONNEUIL (AV DE),M,48.77024974274708,2.771395470727198
201800041534,NonLethal,2018-12-20,13:20:00,Daylight,940,71,Yes,NoIntersection,Normal,Other,PIERRE SEMARD (R),M,48.77106926379247,2.7702225276597083
201800041535,NonLethal,2018-12-22,00:27:00,NightStreelightsOn,940,4,Yes,NoIntersection,Normal,2Vehicles-BehindVehicles-Frontal,BREVANNES (R DE),M,48.75024609636395,2.751504823683927
201800041536,NonLethal,2018-12-28,16:00:00,Daylight,940,70,Yes,NoIntersection,Normal,3+Vehicles-Multiple,PARIS (RTE DE),M,48.71057798702617,2.7125352088949475
201800041539,NonLethal,2018-10-01,18:25:00,NightNoStreetLight,940,17,Yes,NoIntersection,Normal,Other,HENRI-MARIE BOURSICAUD,M,48.81381654271509,2.8157192882848925
201800041540,NonLethal,2018-11-01,17:45:00,TwilightOrDawn,940,17,Yes,X-type,Normal,Other,STALINGRAD/DE GAULLE,M,48.82409686198496,2.824770798710276
201800041541,NonLethal,2018-01-14,11:40:00,Daylight,940,17,Yes,X-type,Normal,Other,DE GAULLE/STALINGRAD,M,48.82519994390957,2.824125771094009
201800041542,NonLethal,2018-01-15,16:30:00,Daylight,940,17,Yes,NoIntersection,LightRain,Other,RUE DU BOIS L ABBE,M,48.810837887983446,2.812091783826663
201800041543,NonLethal,2018-01-28,17:00:00,Daylight,940,17,Yes,X-type,LightRain,2Vehicles-Side,PRAIRIAL/GERMINAL,M,48.82298143884536,2.8234882589477244
201800041544,NonLethal,2018-02-01,07:15:00,NightStreelightsOn,940,17,Yes,NoIntersection,LightRain,2Vehicles-Behind,AV DU GENERAL DE GAULLE,M,48.82399439877306,2.824273061814451
201800041545,NonLethal,2018-01-25,07:40:00,TwilightOrDawn,940,17,Yes,T-type,LightRain,Other,REPUBLIQUE/ADAMOV,M,48.8248590024623,2.8247189602242977
201800041548,Lethal,2018-02-16,13:50:00,Daylight,940,17,Yes,X-type,Normal,Other,STALINGRAD/BRIAND,M,48.82138079621876,2.819783498346589
201800041549,NonLethal,2018-02-19,09:00:00,Daylight,940,17,Yes,MoreThan4Branches,Normal,2Vehicles-Side,STALINGRAD/PERI,M,48.81946148804349,2.8211575823798616
201800041551,NonLethal,2018-02-21,18:20:00,NightStreelightsOn,940,17,Yes,X-type,Normal,Other,TALAMONI/DUFOUR,M,48.81196615094372,2.813689583551545
201800041552,NonLethal,2018-02-24,00:25:00,NightStreelightsOn,940,17,Yes,T-type,Normal,3+Vehicles-Multiple,REPUBLIQUE/MOULIN,M,48.81895978995416,2.818756856469081
201800041553,NonLethal,2018-03-07,12:25:00,Daylight,940,17,Yes,Roundabout,Normal,Other,THOREZ / LIBERATION,M,48.80630412602309,2.8068992716381747
201800041554,NonLethal,2018-09-03,09:05:00,Daylight,940,17,Yes,Roundabout,Other,2Vehicles-Side,DE GAULLE / FLOREAL,M,48.82700060228754,2.8259070110588875
201800041555,NonLethal,2018-03-09,11:30:00,Daylight,940,17,Yes,X-type,LightRain,2Vehicles-Side,TREVISE / FAURE,M,48.80972128042413,2.812053667247572
201800041556,NonLethal,2018-03-14,08:20:00,Daylight,940,17,Yes,X-type,Normal,2Vehicles-Side,CHARLES BAUDIN / BLANQUI,M,48.81774957104061,2.817248888663135
201800041557,NonLethal,2018-03-16,06:25:00,TwilightOrDawn,940,17,Yes,NoIntersection,Normal,2Vehicles-Side,86 R DIDEROT,M,48.81261430508728,2.8131152579827785
201800041558,NonLethal,2018-03-16,15:10:00,Daylight,940,17,Yes,X-type,Normal,2Vehicles-Side,MONUMENT / DUNKERQUE,M,48.807336255117,2.8073402684260875
201800041559,NonLethal,2018-03-14,11:45:00,Daylight,940,17,Yes,NoIntersection,Normal,2Vehicles-Side,AV DE LA REPUBLIQUE,M,48.81887504641588,2.81710406663437
201800041560,NonLethal,2018-03-24,12:20:00,Daylight,940,17,Yes,NoIntersection,Normal,Other,"11, BD DE STALINGRAD",M,48.81803090892899,2.817520801568339
201800041561,NonLethal,2018-04-01,18:05:00,Daylight,940,17,Yes,T-type,Normal,2Vehicles-BehindVehicles-Frontal,REPUBLIQUE / FOURNY,M,48.819669160055234,2.8200178723633798
201800041562,NonLethal,2018-05-04,13:00:00,Daylight,940,17,Yes,NoIntersection,Normal,Other,R DE BERNAU,,,
201800041564,NonLethal,2018-11-04,00:40:00,NightStreelightsOn,940,17,Yes,NoIntersection,Normal,Other,"106, BD DE STALINGRAD",M,48.8185397017926,2.817490019159908
201800041565,NonLethal,2018-04-12,17:20:00,Daylight,940,17,Yes,X-type,LightRain,Other,15 THOREZ / BERNAU,M,48.81724542589741,2.8180174673832474
201800041566,NonLethal,2018-04-19,17:35:00,Daylight,940,17,Yes,Other,Normal,2Vehicles-Side,1 AVENUE LE BOURSICAUD,M,48.81667435774503,2.8161034483018765
201800041567,NonLethal,2018-04-21,17:15:00,Daylight,940,17,Yes,Other,Normal,2Vehicles-BehindVehicles-Frontal,AV MAURICE THOREZ,M,48.81953648531976,2.8185430452280773
201800041568,NonLethal,2018-01-05,10:10:00,Daylight,940,17,Yes,NoIntersection,Normal,Other,"37, ROGER SALENGRO (AV)",M,48.82001348685152,2.819841622704016
201800041569,NonLethal,2018-09-05,19:30:00,Daylight,940,17,Yes,Square,Normal,2Vehicles-Side,GENERAL DE GAULLE (AV DU,M,48.826557630254726,2.827064443017053
201800041570,NonLethal,2018-05-17,09:05:00,Daylight,940,17,Yes,NoIntersection,Overcast,3+Vehicles-Chain,165 VOIE S DE  LAUNAY,M,48.81254895018067,2.8119202338439084
201800041571,NonLethal,2018-05-17,19:20:00,Daylight,940,17,Yes,Other,Normal,Other,"53, PIERRE MARIE DERRIEN",M,48.81795721343341,2.818231776574059
201800041573,NonLethal,2018-05-31,18:00:00,Daylight,940,17,Yes,NoIntersection,Normal,Other,"139, VERDUN (R DE)",M,48.81354315987261,2.8130559921977207
201800041575,NonLethal,2018-05-06,21:05:00,TwilightOrDawn,940,17,Yes,NoIntersection,Normal,Other,MAURICE THOREZ (AV),M,48.81413478979061,2.8136763057979537
201800041576,NonLethal,2018-07-06,13:40:00,Daylight,940,17,Yes,NoIntersection,Normal,3+Vehicles-Chain,"869, MAURICE THOREZ (AV)",M,48.81076969838803,2.8127562690578234
201800041577,NonLethal,2018-06-14,08:30:00,Daylight,940,17,Yes,NoIntersection,Normal,2Vehicles-Behind,"114, GENERAL DE GAULLE (",M,48.82451834509896,2.823292842673348
201800041578,NonLethal,2018-06-16,17:30:00,Daylight,940,17,Yes,NoIntersection,Normal,Other,AMBROISE CROIZAT (AV),M,48.81748628748424,2.816199990765686
201800041579,NonLethal,2018-06-17,01:25:00,NightStreelightsOn,940,17,Yes,Other,Normal,2Vehicles-Side,"88, GENERAL DE GAULLE (A",M,48.82416424933616,2.820759592778951
201800041580,NonLethal,2018-06-20,10:50:00,Daylight,940,17,Yes,NoIntersection,Normal,Other,FRANCOIS MITTERRAND (AV),M,48.814750182825634,2.8165209729788363
201800041581,NonLethal,2018-06-22,23:45:00,NightStreelightsOn,940,17,Yes,NoIntersection,Normal,NoCollision,"102, GENERAL DE GAULLE (",M,48.84357962290293,2.842969270174371
201800041584,NonLethal,2018-06-28,16:25:00,Daylight,940,17,Yes,NoIntersection,Normal,Other,"57, CHARLES FLOQUET (R)",M,48.81515129232514,2.814331147957235
201800041586,NonLethal,2018-07-30,06:00:00,TwilightOrDawn,940,17,Yes,NoIntersection,Normal,Other,François Mittérrand (ave,M,48.814487912141125,2.814879815610905
201800041587,NonLethal,2018-07-31,17:20:00,Daylight,940,17,Yes,NoIntersection,Normal,3+Vehicles-Multiple,GENERAL LECLERC (AV DU),M,48.828118573311386,2.828032069002041
201800041588,NonLethal,2018-08-01,10:00:00,Daylight,940,17,Yes,X-type,Normal,2Vehicles-Side,ORMEAUX (R DES),M,48.81094834854829,2.811937277130732
201800041589,NonLethal,2018-08-04,23:00:00,NightStreelightsOn,940,17,Yes,NoIntersection,Normal,Other,GENERAL DE GAULLE (AV DU,M,48.8235453684006,2.824173895885762
201800041590,NonLethal,2018-11-08,15:45:00,Daylight,940,17,Yes,X-type,Normal,2Vehicles-Side,ALEXANDRE FOURNY (R),M,48.817913693473,2.8188379104784427
201800041593,NonLethal,2018-08-27,11:45:00,Daylight,940,17,Yes,NoIntersection,Overcast,2Vehicles-Side,JEAN JAURES (R),M,48.81579723554324,2.8147807967450813
201800041594,NonLethal,2018-09-03,00:15:00,NightStreelightsOn,940,17,Yes,NoIntersection,Normal,Other,GENERAL LECLERC (AV DU),M,48.82870713198169,2.8294245975493686
201800041596,NonLethal,2018-09-12,15:30:00,Daylight,940,17,Yes,Other,Normal,Other,LOUIS TALAMONI (R),M,48.8140771457777,2.813848605719933
201800041597,NonLethal,2018-09-16,08:40:00,TwilightOrDawn,940,17,Yes,X-type,Normal,2Vehicles-Side,GENERAL DE GAULLE (AV DU,M,48.827514176103264,2.827042581636517
201800041598,NonLethal,2018-09-20,08:00:00,Daylight,940,17,Yes,NoIntersection,Normal,2Vehicles-Side,BERNAU (R DE),M,48.81596815929531,2.8172533769253327
201800041599,NonLethal,2018-09-20,15:35:00,Daylight,940,17,Yes,NoIntersection,Normal,Other,STALINGRAD (BD DE),M,48.82928407988005,2.827212388037613
201800041600,NonLethal,2018-09-23,17:50:00,TwilightOrDawn,940,17,Yes,NoIntersection,StrongWindOrStorm,2Vehicles-Side,MAURICE THOREZ (AV),M,48.81255555092781,2.8116671726146105
201800041601,NonLethal,2018-09-24,14:30:00,Daylight,940,17,Yes,NoIntersection,Normal,2Vehicles-Behind,SONIA DE LAUNAY (VOI),M,48.81429090442535,2.815272403971904
201800041602,NonLethal,2018-09-27,15:30:00,Daylight,940,17,Yes,T-type,Normal,2Vehicles-Side,REPUBLIQUE (AV DE LA),M,48.8264662787037,2.827313585169988