AccidentId,Gravity,Date,Hour,Light,Department,Commune,InAgglomeration,IntersectionType,Weather,CollisionType,PostalAddress,GPSCode,Latitude,Longitude
201800041603,NonLethal,2018-03-10,16:10:00,Daylight,940,17,Yes,NoIntersection,Normal,2Vehicles-Side,MUSSELBURGH (R DE),M,48.79965722387497,2.8009746380683125
201800041604,NonLethal,2018-10-04,08:45:00,Daylight,940,17,Yes,Other,Normal,2Vehicles-Side,CARNOT (AV),M,48.812375852743216,2.810882458720883
201800041605,NonLethal,2018-10-07,19:50:00,NightStreelightsOn,940,17,Yes,NoIntersection,Overcast,Other,PANORAMA (R DU),M,48.81782115567353,2.819419122114955
201800041606,NonLethal,2018-08-10,18:00:00,Daylight,940,17,Yes,NoIntersection,Normal,2Vehicles-Side,STALINGRAD (BD DE),M,48.82749786836762,2.8266618686289493
201800041607,NonLethal,2018-10-10,15:53:00,Daylight,940,17,Yes,NoIntersection,Normal,2Vehicles-Behind,BOIS L ABBE (R DU),M,48.81174713049779,2.811140428712665
201800041608,NonLethal,2018-10-10,11:55:00,Daylight,940,17,Yes,NoIntersection,Normal,Other,MARCEL PAUL (R),M,48.81000920455647,2.8099819870809832
201800041609,NonLethal,2018-10-11,10:10:00,Daylight,940,17,Yes,X-type,VeryGood,Other,CARNOT (AV),M,48.81309390563128,2.812291485475728
201800041610,NonLethal,2018-10-13,20:20:00,NightStreelightsOn,940,17,Yes,NoIntersection,Normal,3+Vehicles-Chain,MITTERRAND (AV),M,48.814728494223566,2.814900135850244
201800041611,NonLethal,2018-10-18,12:25:00,Daylight,940,17,Yes,NoIntersection,Normal,2Vehicles-Side,DOCTEUR BRING (R DU),M,48.81799800905043,2.8185647805980625
201800041612,NonLethal,2018-10-19,07:20:00,TwilightOrDawn,940,17,Yes,NoIntersection,Normal,Other,ALEXANDRE FOURNY (R),M,48.81859296163442,2.8204743328183035
201800041613,NonLethal,2018-10-21,18:15:00,Daylight,940,17,Yes,NoIntersection,Normal,Other,SALVADOR ALLENDE (AV),M,48.80961175599505,2.8084317281735376
201800041615,NonLethal,2018-10-23,11:50:00,Daylight,940,17,Yes,NoIntersection,Normal,Other,LOUIS TALAMONI (R),M,48.8136189286699,2.812884860053508
201800041616,NonLethal,2018-09-26,07:45:00,Daylight,940,17,Yes,NoIntersection,Normal,Other,CARPEAUX (R),M,48.80649718026126,2.8082971865578426
201800041617,NonLethal,2018-10-28,12:55:00,Daylight,940,17,Yes,NoIntersection,Normal,Other,GALLIENI (QU),M,48.81192495091887,2.810636130973473
201800041618,NonLethal,2018-10-31,07:15:00,Daylight,940,17,Yes,Roundabout,Normal,2Vehicles-BehindVehicles-Frontal,BOIS L ABBE (R DU),M,48.81136157407436,2.8112331129065664
201800041619,NonLethal,2018-11-09,18:50:00,NightStreelightsOn,940,17,Yes,NoIntersection,Normal,3+Vehicles-Chain,SONIA DE LAUNAY (VOI),M,48.80926661601935,2.8099734816348154
201800041621,NonLethal,2018-11-14,17:20:00,TwilightOrDawn,940,17,Yes,X-type,Normal,2Vehicles-Side,ARISTIDE BRIAND (BD),M,48.82368870150328,2.82287972305554
201800041622,NonLethal,2018-11-16,18:50:00,NightStreelightsOn,940,17,Yes,NoIntersection,Normal,Other,STALINGRAD (BD DE),M,48.82233186236036,2.8214921074094264
201800041623,NonLethal,2018-11-22,09:00:00,Daylight,940,17,Yes,LevelCrossing,Normal,Other,REPUBLIQUE (AV DE LA),M,48.82424181465906,2.8260852853727094
201800041626,NonLethal,2018-11-23,13:00:00,Daylight,940,17,Yes,NoIntersection,Normal,2Vehicles-Behind,BOIS L ABBE (R DU),M,48.81215410212645,2.8118479882415466
201800041627,NonLethal,2018-11-23,19:10:00,NightStreelightsOn,940,17,Yes,NoIntersection,LightRain,Other,REPUBLIQUE (AV DE LA),M,48.81801135944306,2.819874452028701
201800041628,NonLethal,2018-11-25,14:40:00,Daylight,940,17,Yes,Roundabout,LightRain,NoCollision,CROIX (CHE DE LA),M,48.8122323412546,2.812137015835974
201800041629,NonLethal,2018-11-25,17:40:00,NightStreelightsOn,940,17,Yes,NoIntersection,LightRain,Other,ALEXANDRE FOURNY (R),M,48.81811317505563,2.818172822851131
201800041630,NonLethal,2018-11-27,17:45:00,NightStreelightsOn,940,17,Yes,X-type,LightRain,2Vehicles-Side,CHARLES FLOQUET - PONT D,M,48.80964346683469,2.809166778334322
201800041631,NonLethal,2018-11-22,00:30:00,NightStreelightsOff,940,17,Yes,X-type,Normal,2Vehicles-Side,GUY MOCQUET (R),M,48.82676974432863,2.823732218209783
201800041633,NonLethal,2018-12-07,14:50:00,Daylight,940,17,Yes,Other,HeavyRain,Other,SERPENTE (R),M,48.817007352932826,2.8174645157004274
201800041634,NonLethal,2018-11-12,12:30:00,Daylight,940,17,Yes,NoIntersection,Overcast,Other,REPUBLIQUE (AV DE LA),M,48.81026777519528,2.8114749726929635
201800041635,NonLethal,2018-12-12,07:00:00,NightStreelightsOn,940,17,Yes,NoIntersection,Overcast,Other,REPUBLIQUE (AV DE LA),M,48.82528493212072,2.8246104352975654
201800041636,NonLethal,2018-12-12,18:15:00,NightStreelightsOn,940,17,Yes,NoIntersection,Normal,2Vehicles-Behind,LENINE (PL),M,48.8123860646709,2.814019444869421
201800041637,NonLethal,2018-12-13,16:45:00,Daylight,940,17,Yes,NoIntersection,Normal,Other,ONZE NOVEMBRE 1918 (AV D,M,48.80878282405223,2.809451921998328
201800041638,NonLethal,2018-12-15,18:50:00,NightStreelightsOff,940,79,Yes,X-type,HeavyRain,Other,FRIEDBERG (BD DE),M,48.83674747404103,2.8347740095538105
201800041639,NonLethal,2018-12-14,23:40:00,NightStreelightsOn,940,17,Yes,Other,Normal,Other,JEAN JAURES (R),M,48.815286091401504,2.815362614848316
201800041640,NonLethal,2018-12-18,17:10:00,NightStreelightsOn,940,17,Yes,X-type,Normal,2Vehicles-Side,SONIA DE LAUNAY (VOI),M,48.81053672543295,2.809204750121428
201800041641,NonLethal,2018-12-21,22:00:00,NightStreelightsOn,940,17,Yes,X-type,LightRain,2Vehicles-Side,VICTOR COUPE (AV),M,48.81474586445696,2.8163697300871298
201800041642,NonLethal,2018-12-23,22:55:00,NightStreelightsOn,940,17,Yes,T-type,LightRain,2Vehicles-Side,MOLIERE (R),M,48.81071367944697,2.8081526163034494
201800041644,NonLethal,2018-12-27,19:10:00,NightStreelightsOn,940,17,Yes,Other,Normal,2Vehicles-Side,STALINGRAD (BD DE),M,48.827920403953016,2.828020636644525
201800041645,NonLethal,2018-06-01,14:25:00,Daylight,940,18,Yes,T-type,Normal,Other,GRAVELLE/VALMY,M,48.82842817233946,2.8277633931548567
201800041646,NonLethal,2018-09-01,20:08:00,NightStreelightsOn,940,69,Yes,NoIntersection,LightRain,NoCollision,"135, AV DE GRAVELLE",M,48.82280869272269,2.8262563482716345
201800041647,NonLethal,2018-01-13,21:10:00,NightStreelightsOn,940,69,Yes,X-type,Normal,2Vehicles-Side,CANADIENS/GRAVELLE,M,48.81578405697092,2.818606965756059
201800041648,NonLethal,2018-01-14,02:28:00,NightStreelightsOn,940,18,Yes,NoIntersection,Normal,2Vehicles-Side,AV DE GRAVELLE,M,48.830826219239,2.8286199403730103
201800041649,NonLethal,2018-01-29,23:37:00,NightStreelightsOn,940,69,Yes,X-type,Normal,2Vehicles-Behind,TASSIGNY/PARIS,M,48.81843329754417,2.819512490069906
201800041650,NonLethal,2018-01-02,08:05:00,TwilightOrDawn,940,18,Yes,T-type,Overcast,2Vehicles-Side,CARRIERES/BERGERAC,M,48.81976352380151,2.818135580149569
201800041651,NonLethal,2018-09-02,12:32:00,Daylight,940,18,Yes,NoIntersection,SnowOrHail,Other,"13, QUAI DES CARRIERES",M,48.81789696154645,2.817431628587751
201800041652,NonLethal,2018-02-22,12:10:00,Daylight,940,18,Yes,NoIntersection,Normal,2Vehicles-Side,"195, RUE DE PARIS",M,48.82744964641377,2.8274312015908345
201800041653,Lethal,2018-02-24,05:40:00,NightStreelightsOn,940,18,Yes,T-type,Normal,2Vehicles-BehindVehicles-Frontal,BERCY/EUROPE,M,48.82428959390952,2.8238203324339084
201800041654,NonLethal,2018-02-27,19:50:00,NightStreelightsOn,940,69,Yes,T-type,Normal,2Vehicles-BehindVehicles-Frontal,LECLERC/GREDAT,M,48.81760819616492,2.818366778618444
201800041655,NonLethal,2018-03-06,02:35:00,NightStreelightsOn,940,69,No,X-type,Normal,Other,"14, CANADIENS / GRAVELLE",M,48.817164971665605,2.8174674213311564
201800041656,NonLethal,2018-03-13,18:10:00,TwilightOrDawn,940,69,Yes,NoIntersection,Overcast,Other,CONTREALLEE AV CANADIENS,M,48.81853435452244,2.8184661796103785
201800041657,NonLethal,2018-03-27,17:45:00,Daylight,940,18,Yes,NoIntersection,LightRain,2Vehicles-Behind,"4, AV DE LA LIBERTE",M,48.820776011249926,2.820238994721957
201800041658,NonLethal,2018-04-07,11:15:00,Daylight,940,18,Yes,T-type,Normal,Other,CARRIERES/BORDEAUX,M,48.81956818636692,2.8182394321628887
201800041659,NonLethal,2018-04-17,22:10:00,NightStreelightsOn,940,18,Yes,NoIntersection,Normal,NoCollision,ILE MARTINET,M,48.81929174727794,2.8201539300007585
201800041660,NonLethal,2018-04-20,15:35:00,Daylight,940,18,Yes,T-type,Normal,Other,PARIS/LANGLAIS,M,48.82938479564505,2.8278435070426515
201800041661,NonLethal,2018-04-25,17:55:00,Daylight,940,18,Yes,X-type,Normal,Other,PARIS/LIBERTE,M,48.82646580783698,2.826794820660507
201800041662,NonLethal,2018-04-27,14:25:00,Daylight,940,18,Yes,X-type,Normal,2Vehicles-Side,PARIS/VALMY,M,48.82822685456701,2.8283929571391595
201800041663,NonLethal,2018-05-02,10:35:00,Daylight,940,18,Yes,NoIntersection,Normal,Other,"5O, PARIS (R DE)",M,48.8201897322003,2.820139945298684
201800041665,NonLethal,2018-11-05,15:12:00,Daylight,940,18,Yes,NoIntersection,Normal,2Vehicles-Side,2-4 RUE DU PONT,M,48.82002195712635,2.818084164107757
201800041666,NonLethal,2018-05-14,17:15:00,Daylight,940,18,Yes,NoIntersection,Overcast,NoCollision,ARTHUR CROQUETTE (R),M,48.82034609382603,2.817595980957901
201800041667,NonLethal,2018-05-12,00:45:00,NightStreelightsOn,940,69,Yes,NoIntersection,Normal,2Vehicles-Side,"45, MARECHAL LECLERC (R",M,48.81752574526962,2.818045182066652
201800041668,NonLethal,2018-06-01,15:18:00,Daylight,940,18,Yes,Y-type,Normal,Other,"01, GABRIELLE (R)",M,48.82129332628856,2.8206954474610675
201800041669,NonLethal,2018-05-06,08:50:00,Daylight,940,18,Yes,NoIntersection,HeavyRain,2Vehicles-Side,"72, CARRIERES (QU DES)",M,48.82017772759448,2.81919923559788
201800041670,NonLethal,2018-07-06,01:00:00,NightStreelightsOn,940,18,Yes,NoIntersection,Normal,Other,"3, VICTOR HUGO (R)",M,48.81840806148322,2.8185380016133013
201800041671,NonLethal,2018-06-11,14:45:00,Daylight,940,18,Yes,NoIntersection,LightRain,Other,ARTHUR CROQUETTE (R),M,48.817191280636855,2.8166746952413764
201800041672,NonLethal,2018-06-16,00:10:00,NightStreelightsOn,940,18,Yes,NoIntersection,Normal,2Vehicles-BehindVehicles-Frontal,CARRIERES (QU DES),M,48.81794953756836,2.818406808450595
201800041673,NonLethal,2018-06-26,08:40:00,Daylight,940,18,Yes,NoIntersection,Normal,Other,"24 Bis, GRAVELLE (AV DE)",M,48.82727240555231,2.8263714601292187
201800041674,NonLethal,2018-07-07,11:20:00,Daylight,940,18,Yes,NoIntersection,Normal,2Vehicles-Side,"15, BERCY (QU DE)",M,48.8263359362052,2.823730581877101
201800041675,NonLethal,2018-07-10,09:05:00,Daylight,940,18,Yes,NoIntersection,Normal,2Vehicles-Side,"7, BERCY (QU DE)",M,48.82127851532028,2.823703744348211
201800041676,NonLethal,2018-11-07,10:05:00,Daylight,940,18,Yes,NoIntersection,Normal,2Vehicles-Side,"155, PARIS (R DE)",M,48.82678050384701,2.8272055524287696
201800041677,NonLethal,2018-07-20,16:25:00,Daylight,940,18,Yes,NoIntersection,LightRain,2Vehicles-Behind,"125, PARIS (R DE)",M,48.824431572321934,2.8240490458317717
201800041678,NonLethal,2018-07-23,17:30:00,Daylight,940,18,No,Other,Normal,Other,ARTHUR CROQUETTE (R),M,48.82104968433261,2.818836506210632
201800041680,NonLethal,2018-08-23,19:20:00,Daylight,940,18,Yes,NoIntersection,Normal,2Vehicles-BehindVehicles-Frontal,PARIS (R DE),M,48.82863320717611,2.827444080146207
201800041681,NonLethal,2018-08-23,21:00:00,TwilightOrDawn,940,69,Yes,Other,Normal,Other,REPUBLIQUE (QU DE LA),M,48.81832398605293,2.818542040812051
201800041682,NonLethal,2018-08-28,18:40:00,Daylight,940,41,Yes,NoIntersection,Normal,2Vehicles-Behind,HENRI BARBUSSE (AV),M,48.80726804235538,2.8078120971927465
201800041684,NonLethal,2018-09-05,21:00:00,NightStreelightsOn,940,67,Yes,T-type,Normal,Other,PAUL BERT (R),M,48.84232863377433,2.842086765266609
201800041685,NonLethal,2018-09-15,11:10:00,Daylight,940,41,Yes,NoIntersection,Normal,Other,DANIELLE CASANOVA (AV),M,48.81249822395516,2.812845181981617
201800041687,NonLethal,2018-09-24,18:25:00,Daylight,940,18,Yes,T-type,Normal,2Vehicles-Side,NOUVEAU BERCY (R DU),M,48.82080302999841,2.82211549679276
201800041688,NonLethal,2018-02-10,09:20:00,Daylight,940,18,Yes,NoIntersection,Normal,2Vehicles-Side,PARIS (R DE),M,48.82301079740482,2.8247253248587265
201800041689,NonLethal,2018-10-09,19:10:00,Daylight,940,69,Yes,NoIntersection,Normal,2Vehicles-Side,SAINT MAURICE DU VALAIS,M,48.81779086506026,2.814724325747439
201800041690,NonLethal,2018-10-15,21:40:00,NightStreelightsOn,940,18,Yes,T-type,Normal,2Vehicles-Side,BERCY (QU DE),M,48.82411072961444,2.82265686319568
201800041692,NonLethal,2018-10-18,03:26:00,NightStreelightsOn,940,18,Yes,NoIntersection,Normal,Other,BERCY (QU DE),M,48.8234551560058,2.821803199175405
201800041693,NonLethal,2018-10-18,21:10:00,NightStreelightsOff,940,18,Yes,X-type,Normal,2Vehicles-Side,CARRIERES (QU DES),M,48.817612879604525,2.819266751343261
201800041694,NonLethal,2018-10-24,09:05:00,Daylight,940,69,Yes,Roundabout,Normal,Other,MARECHAL LECLERC (R DU),M,48.81530182179996,2.814060760680609
201800041696,NonLethal,2018-04-11,19:00:00,NightStreelightsOn,940,69,Yes,MoreThan4Branches,Normal,2Vehicles-Behind,MARECHAL LECLERC (R DU),M,48.820077723282,2.817946978956541
201800041698,NonLethal,2018-07-11,08:40:00,Daylight,940,69,Yes,Other,LightRain,2Vehicles-Side,MARECHAL LECLERC (R DU),M,48.81330029873245,2.814331632378287
201800041700,NonLethal,2018-10-11,21:05:00,NightStreelightsOn,940,18,Yes,X-type,LightRain,3+Vehicles-Multiple,PARIS (R DE),M,48.826527670678935,2.8253226798225737
201800041701,NonLethal,2018-11-12,12:20:00,Daylight,940,18,Yes,NoIntersection,LightRain,Other,ARTHUR CROQUETTE (R),M,48.82013282151679,2.819779538131264
201800041702,NonLethal,2018-11-14,17:45:00,TwilightOrDawn,940,18,Yes,Other,Normal,2Vehicles-Behind,CARRIERES (QU DES),M,48.818369561884026,2.818394385216178
201800041703,NonLethal,2018-11-26,11:05:00,Daylight,940,18,Yes,NoIntersection,LightRain,2Vehicles-Behind,MARECHAL DE LATTRE DE TA,M,48.82219381360854,2.823987138045021
201800041704,NonLethal,2018-11-30,13:35:00,Daylight,940,18,Yes,Other,Normal,2Vehicles-Side,ARCADE - PONT NELSON MAN,M,48.81942612443586,2.820816703140896
201800041705,NonLethal,2018-12-07,16:20:00,Daylight,940,69,Yes,T-type,LightRain,2Vehicles-BehindVehicles-Frontal,MARECHAL LECLERC RUE DU,M,48.8185092885817,2.818351101701773
201800041706,NonLethal,2018-03-01,01:30:00,NightStreelightsOn,940,59,Yes,NoIntersection,LightRain,Other,"32, AV CHERET",M,48.80708634320627,2.8062850177899183
201800041709,NonLethal,2018-01-16,17:40:00,NightStreelightsOff,940,19,Yes,T-type,HeavyRain,Other,ADER/BORDES,M,48.79910702013349,2.7989161790989017
201800041710,NonLethal,2018-01-17,19:15:00,NightStreelightsOn,940,59,Yes,NoIntersection,Normal,2Vehicles-BehindVehicles-Frontal,"39, AV ANDRE ROUY",M,48.81952261282907,2.8164384796440847
201800041711,NonLethal,2018-01-18,20:05:00,NightStreelightsOn,940,79,Yes,T-type,LightRain,Other,DE GAULLE/FOCH,M,48.82947980685109,2.827964217562611
201800041712,NonLethal,2018-01-19,08:30:00,TwilightOrDawn,940,79,Yes,T-type,Normal,2Vehicles-Side,ROUY/ELISABETH,M,48.82154364740491,2.822094205867747
201800041714,NonLethal,2018-01-29,05:10:00,NightStreelightsOn,940,79,Yes,Y-type,Overcast,Other,GALLIENI/ROY,M,48.82322768294832,2.824181608418837
201800041715,NonLethal,2018-01-29,18:30:00,NightStreelightsOn,940,55,Yes,T-type,Other,2Vehicles-Behind,AMBOILE/AGUESSEAU,M,48.79140433027775,2.79063104972988
201800041716,NonLethal,2018-01-30,09:00:00,Daylight,940,79,Yes,X-type,Normal,2Vehicles-Side,MOUSQUETAIRES/SAULES,M,48.823287043816514,2.8225313320589764
201800041717,NonLethal,2018-01-02,17:50:00,NightStreelightsOn,940,19,Yes,NoIntersection,LightRain,2Vehicles-BehindVehicles-Frontal,"9, AV MARECHAL LECLERC",M,48.796509519253775,2.797317755311952
201800041718,NonLethal,2018-02-02,18:40:00,NightStreelightsOn,940,60,Yes,Y-type,Normal,Other,COMBAULT/KASTLER,M,48.78783362226677,2.787837547579395
201800041719,NonLethal,2018-03-02,18:30:00,NightStreelightsOn,940,79,Yes,X-type,LightRain,Other,STORDFORD/FRIEDBERG,M,48.833081065772014,2.832208475872824
201800041720,NonLethal,2018-02-09,19:10:00,NightStreelightsOn,940,19,Yes,NoIntersection,SnowOrHail,Other,"3, ALL DE LA FREGATE",M,48.800855316114735,2.8010270466442946
201800041721,Lethal,2018-02-12,06:30:00,NightNoStreetLight,940,60,Yes,NoIntersection,SnowOrHail,Other,RD4,M,48.79049747817064,2.789328685859424
201800041722,NonLethal,2018-02-13,08:00:00,Daylight,940,60,Yes,T-type,Normal,2Vehicles-BehindVehicles-Frontal,JAURES/RENARD,M,48.77947768933974,2.782437105862917
201800041723,NonLethal,2018-02-13,19:40:00,NightStreelightsOn,940,60,Yes,NoIntersection,HeavyRain,Other,"19, AV MARECHAL MORTIER",M,48.78951580508531,2.789764576865827
201800041724,NonLethal,2018-02-19,16:30:00,Daylight,940,79,Yes,NoIntersection,LightRain,Other,"0, RUE MAURICE BERTEAUX",M,48.828425927058014,2.828941249409017
201800041727,NonLethal,2018-03-03,01:00:00,NightStreelightsOn,940,55,Yes,X-type,Normal,2Vehicles-Side,"23, RTE DE PROVINS",M,48.7955145491647,2.800302091474694
201800041728,NonLethal,2018-03-06,19:34:00,NightStreelightsOn,940,79,Yes,NoIntersection,Overcast,2Vehicles-BehindVehicles-Frontal,R ANDRE ROUY,M,48.82139130363847,2.823256849356954
201800041729,NonLethal,2018-03-12,09:05:00,Daylight,940,79,Yes,NoIntersection,Normal,2Vehicles-Side,"38, R JEAN JAURES",M,48.82783417838712,2.8280195023378703
201800041730,NonLethal,2018-12-03,15:00:00,Daylight,940,60,Yes,NoIntersection,Normal,2Vehicles-Behind,"44, R GENERAL DE GAULLE",M,48.778617094041735,2.7793594313133925
201800041731,NonLethal,2018-03-21,17:35:00,Daylight,940,59,Yes,NoIntersection,Normal,2Vehicles-Behind,"22, AV MAURICE BERTEAUX",M,48.81277384136876,5.811216402731187
201800041732,NonLethal,2018-03-23,17:14:00,Daylight,940,55,Yes,NoIntersection,LightRain,Other,85 RTE DE PROVINS,M,48.79393590009353,2.795173804848684
201800041733,NonLethal,2018-03-27,18:15:00,Daylight,940,19,Yes,NoIntersection,LightRain,Other,"24, R ARISTIDE BRIAND",M,48.80492844540761,2.8041702816931227
201800041735,NonLethal,2018-04-04,07:45:00,Daylight,940,19,Yes,Y-type,LightRain,Other,LIBERATION/GEORGES,M,48.80136019814822,2.8021916596220384
201800041736,NonLethal,2018-04-06,13:20:00,Daylight,940,60,Yes,MoreThan4Branches,VeryGood,2Vehicles-Side,SAINT NICOLAS/NOISEAU,M,48.78093164779696,2.7813055528054966
201800041737,NonLethal,2018-06-04,16:00:00,Daylight,940,59,Yes,T-type,Normal,2Vehicles-Side,GAMBETTA/LEFEVRE,M,48.80505676406549,2.8040936726137744
201800041738,NonLethal,2018-09-04,18:15:00,Daylight,940,59,Yes,X-type,LightRain,2Vehicles-Side,DOMINO NOIR/PROPHETE,M,48.82003376777876,2.8183945903863514
201800041739,Lethal,2018-10-04,19:05:00,Daylight,940,79,Yes,Square,Normal,Other,PLACE GILBERT BECAUD,M,48.83103464757949,2.8327643188121376
201800041740,NonLethal,2018-04-12,12:00:00,Daylight,940,79,Yes,NoIntersection,Normal,2Vehicles-Side,RUE DU GENERAL DE GAULLE,M,48.81944814000295,2.820465640271119
201800041741,NonLethal,2018-12-04,18:15:00,Daylight,940,79,Yes,X-type,LightRain,2Vehicles-Side,MOUSQUETAIRES/SAULES,M,48.82441359043446,2.82353996697138
201800041744,NonLethal,2018-04-20,21:41:00,NightStreelightsOn,940,19,Yes,MoreThan4Branches,Normal,2Vehicles-Behind,LIBERATION/PLESSIS,M,48.79722231883981,2.7999762679185336
201800041745,NonLethal,2018-04-21,09:40:00,Daylight,940,55,Yes,Y-type,Normal,2Vehicles-Side,D'AMBOILE/NOISEAU,M,48.78828296166657,2.789336447820645
201800041747,NonLethal,2018-04-28,04:45:00,NightStreelightsOn,940,55,Yes,NoIntersection,Normal,Other,"128, GENERAL DE GAULLE",M,48.79049698770222,2.790753114220403
201800041748,NonLethal,2018-04-05,18:44:00,Daylight,940,79,Yes,Other,Normal,2Vehicles-BehindVehicles-Frontal,"32, GENERAL DE GAULLE (R",M,48.82785798232986,2.82731333630878
201800041749,NonLethal,2018-05-11,16:15:00,Daylight,940,79,Yes,NoIntersection,Normal,Other,RUE COMMANDANT BOUCHER,M,48.83083819911111,2.830384708711514
201800041750,NonLethal,2018-05-14,07:35:00,Daylight,940,19,Yes,NoIntersection,LightRain,2Vehicles-Side,RUE DE SUCY,M,48.788416127439575,2.7876070707123213
201800041751,NonLethal,2018-05-15,20:05:00,TwilightOrDawn,940,60,Yes,NoIntersection,Normal,2Vehicles-Behind,ROUTE DE COMBAULT,M,48.78979390632893,2.791873712671658
201800041752,NonLethal,2018-05-17,15:25:00,Daylight,940,79,Yes,X-type,Normal,Other,AVENUE ANDRE  ROUY,M,48.82232374363571,2.820137591678003
201800041753,NonLethal,2018-05-24,17:30:00,Daylight,940,55,Yes,NoIntersection,Normal,2Vehicles-Behind,ROUTE DE PROVINS,M,48.79595463385946,2.7935705119909597
201800041755,NonLethal,2018-05-25,12:30:00,Daylight,940,19,No,NoIntersection,Normal,2Vehicles-Side,13 RUE GAY LUSSAC,M,48.7959996761779,2.797480496520966
201800041756,NonLethal,2018-05-26,14:35:00,Daylight,940,19,Yes,NoIntersection,Normal,2Vehicles-Behind,"3, PONT (R DU)",M,48.79979269582509,2.797595480921666
201800041757,NonLethal,2018-05-31,16:45:00,Daylight,940,19,Yes,Square,Overcast,NoCollision,"07, MARECHAL LECLERC (AV",M,48.7973180477788,2.7964618109117985
201800041758,NonLethal,2018-06-06,17:00:00,Daylight,940,59,Yes,Roundabout,Overcast,2Vehicles-Side,"0, ARDOUIN (AV)",M,48.80502914046354,2.807286484725485
201800041759,NonLethal,2018-05-20,05:20:00,TwilightOrDawn,940,60,Yes,NoIntersection,Normal,Other,RUE GUSTAVE EIFFEL,M,48.78175462585548,2.780115158722376
201800041760,NonLethal,2018-06-07,18:25:00,Daylight,940,19,Yes,NoIntersection,Normal,2Vehicles-Side,"30, FUSILLES DE CHATEAUB",M,48.79999824866761,2.798669786593975
201800041761,NonLethal,2018-06-07,18:50:00,Daylight,940,79,Yes,X-type,Normal,2Vehicles-Side,"0, LUATS (AV DES)",M,48.8220963618172,2.8206675290741563
201800041762,NonLethal,2018-08-06,11:45:00,Daylight,940,59,Yes,NoIntersection,Normal,Other,"36, ARDOUIN (AV)",M,48.809579360134,2.811168238253925
201800041763,NonLethal,2018-12-06,08:00:00,Daylight,940,59,Yes,NoIntersection,LightRain,Other,"31, ARDOUIN (AV)",M,48.80576244162284,2.8082029032402462
201800041764,NonLethal,2018-06-13,10:55:00,Daylight,940,55,Yes,NoIntersection,Normal,3+Vehicles-Chain,OLIVIER D ORMESSON (AV),M,48.78523058399203,2.783699814340564
201800041765,NonLethal,2018-06-13,16:50:00,Daylight,940,19,Yes,NoIntersection,Normal,2Vehicles-Side,"14, SUCY (R DE)",M,48.78050612145771,2.78049031846884
201800041766,NonLethal,2018-06-16,00:40:00,NightNoStreetLight,940,79,Yes,NoIntersection,Normal,2Vehicles-Side,JEAN MONNET (BD),M,48.83355087843846,2.8361193049085203
201800041767,NonLethal,2018-06-21,20:00:00,Daylight,940,19,Yes,NoIntersection,Normal,2Vehicles-Side,"21, ARISTIDE BRIAND (R)",M,48.79369380003868,2.793761259694611
201800041769,NonLethal,2018-06-26,16:00:00,Daylight,940,55,Yes,NoIntersection,Normal,3+Vehicles-Chain,"0, PROVINS (RTE DE)",M,48.79354331998068,2.7934264064618834
201800041770,NonLethal,2018-06-27,12:00:00,Daylight,940,79,Yes,NoIntersection,Normal,2Vehicles-Side,"42, CHATAIGNIERS (AV DES",M,48.82694385167699,2.826080180982856
201800041771,NonLethal,2018-06-28,01:08:00,NightStreelightsOff,940,53,No,NoIntersection,Normal,NoCollision,"0, QUEUE-EN-BRIE (RTE DE",M,48.78181588210827,2.779651328349047
201800041772,NonLethal,2018-06-29,12:15:00,Daylight,940,55,Yes,NoIntersection,Normal,Other,"85, PROVINS (RTE DE)",M,48.791894032959945,2.7925833399580817
201800041773,NonLethal,2018-06-29,19:10:00,Daylight,940,59,Yes,X-type,Normal,2Vehicles-Side,"O, DAME BLANCHE (AV DE L",M,48.818545389489344,2.8200547807033414
201800041774,NonLethal,2018-07-03,08:30:00,Daylight,940,55,Yes,NoIntersection,Normal,2Vehicles-Behind,"156, OLIVIER D ORMESSON",M,48.78439611659545,2.7858593045891493
201800041775,NonLethal,2018-07-03,10:00:00,Daylight,940,19,Yes,T-type,Normal,2Vehicles-Side,SUCY (R DE),M,48.78793755758158,2.7877724922983576
201800041776,NonLethal,2018-09-07,09:45:00,Daylight,940,53,Yes,NoIntersection,Normal,2Vehicles-Behind,3 RUE MENDES FRANCE,M,48.7760683148766,2.776447376471621
201800041777,NonLethal,2018-07-16,18:00:00,Daylight,940,53,Yes,T-type,Normal,2Vehicles-Side,GENERAL DE GAULLE (R),M,48.77716961972752,2.7775773206395677
201800041778,NonLethal,2018-07-23,21:40:00,TwilightOrDawn,940,60,Yes,X-type,Normal,2Vehicles-Side,NOISEAU (RTE DE),M,48.783276776177495,2.7814972353488305
201800041780,NonLethal,2018-07-28,19:35:00,Daylight,940,59,Yes,X-type,Normal,2Vehicles-Side,SAINT PIERRE (AV),M,48.80888520288694,2.8092821303153768
201800041781,NonLethal,2018-07-31,18:35:00,Daylight,940,79,Yes,T-type,Normal,2Vehicles-Side,MONTRICHARD (AV),M,48.83043855574078,2.82975580287276
201800041782,NonLethal,2018-08-03,08:40:00,Daylight,940,19,Yes,Roundabout,Normal,2Vehicles-Side,8 MAI 1945 (RD POINT),M,48.79193770074418,2.792998218923056
201800041783,NonLethal,2018-09-08,12:30:00,Daylight,940,55,Yes,NoIntersection,Normal,Other,PROVINS (RTE DE),M,48.7939998280879,2.794390493895801
201800041785,NonLethal,2018-08-20,21:30:00,NightStreelightsOn,940,55,Yes,T-type,Normal,2Vehicles-Side,PROVINS (RTE DE),M,48.7963469590852,2.7945307807481905
201800041786,NonLethal,2018-08-24,09:20:00,Daylight,940,79,Yes,T-type,Normal,2Vehicles-Side,ANDRE ROUY (R),M,48.82389514631119,2.8218421664612867