AccidentId,Gravity,Date,Hour,Light,Department,Commune,InAgglomeration,IntersectionType,Weather,CollisionType,PostalAddress,GPSCode,Latitude,Longitude
201800041787,NonLethal,2018-08-26,12:00:00,Daylight,940,19,Yes,NoIntersection,Normal,2Vehicles-Side,LIBERATION (RTE DE LA),M,48.802594376752,2.8027175451279374
201800041788,NonLethal,2018-08-31,08:40:00,Daylight,940,59,Yes,T-type,Normal,2Vehicles-Side,Andre Rouy (AV),M,48.81918943864408,2.8172928420021472
201800041789,NonLethal,2018-04-09,15:30:00,Daylight,940,19,Yes,NoIntersection,Normal,Other,MARECHAL LECLERC (AV DU),M,48.797345262314806,2.7956865342139823
201800041790,NonLethal,2018-07-09,11:15:00,Daylight,940,19,Yes,NoIntersection,LightRain,Other,MARECHAL LECLERC (AV DU),M,48.797521767724525,2.7991412284613784
201800041791,NonLethal,2018-09-11,13:40:00,Daylight,940,19,Yes,NoIntersection,Normal,Other,CONDORCET (R),M,48.79672750412614,2.7981924844317416
201800041792,NonLethal,2018-09-12,17:00:00,Daylight,940,19,Yes,NoIntersection,Normal,NoCollision,L'ALMA (SEN DE),M,48.786180996665976,2.7852410373111915
201800041793,NonLethal,2018-09-14,07:55:00,Daylight,940,19,Yes,NoIntersection,Normal,2Vehicles-Behind,CHAMPLAIN (AV),M,48.79680652320076,2.797846671022899
201800041794,NonLethal,2018-09-18,08:25:00,Daylight,940,19,Yes,NoIntersection,Normal,2Vehicles-BehindVehicles-Frontal,BORDES (ALL DES),M,48.79994458809488,2.7999900345679367
201800041795,NonLethal,2018-09-19,19:45:00,TwilightOrDawn,940,60,No,NoIntersection,Normal,3+Vehicles-Multiple,Hippodrome (AV),M,48.79629668121441,2.7955649725273344
201800041797,NonLethal,2018-09-21,16:10:00,Daylight,940,60,Yes,T-type,Normal,2Vehicles-Side,COMBAULT (RTE DE),M,48.78927186441533,2.7881150015973715
201800041798,NonLethal,2018-09-25,19:20:00,TwilightOrDawn,940,53,No,Other,Normal,3+Vehicles-Chain,RTE DE LA QUEUE-EN-BRIE,M,48.77981003115482,2.781301203677193
201800041799,NonLethal,2018-09-29,17:25:00,Daylight,940,59,Yes,T-type,Normal,2Vehicles-Side,Andre Rouy (AV),M,48.81715365566578,2.820527115053716
201800041800,NonLethal,2018-10-06,15:38:00,Daylight,940,55,Yes,X-type,Normal,2Vehicles-Side,ROUTE DE PROVINS,M,48.79783971239959,2.7971584839278942
201800041801,NonLethal,2018-10-08,21:40:00,NightStreelightsOn,940,59,Yes,X-type,Normal,2Vehicles-Side,DAME BLANCHE (AV DE LA),M,48.82131726063025,2.8210779617510675
201800041802,NonLethal,2018-10-17,13:10:00,Daylight,940,55,Yes,NoIntersection,Normal,3+Vehicles-Chain,OLIVIER D ORMESSON (AV),M,48.78944682736224,2.789819462151424
201800041803,NonLethal,2018-10-19,09:50:00,Daylight,940,59,Yes,X-type,Normal,Other,GENERAL DE GAULLE (AV DU,M,48.80968690417658,2.810742494622928
201800041804,NonLethal,2018-10-27,20:04:00,NightStreelightsOn,940,60,Yes,NoIntersection,Overcast,NoCollision,VILLIERS (RTE DE),M,48.79417575239759,2.79619937755331
201800041807,NonLethal,2018-02-11,16:00:00,Daylight,940,55,Yes,NoIntersection,Normal,Other,GENERAL DE GAULLE (AV DU,M,48.79091570402712,2.789229207259088
201800041808,NonLethal,2018-11-09,23:20:00,NightStreelightsOn,940,60,Yes,T-type,Normal,2Vehicles-BehindVehicles-Frontal,JEAN JAURES (R),M,48.782297987093166,2.782578873064921
201800041809,NonLethal,2018-11-12,10:10:00,Daylight,940,55,Yes,NoIntersection,LightRain,2Vehicles-Behind,PROVINS (RTE DE),M,48.79006156968464,2.7901301047748963
201800041810,NonLethal,2018-11-14,09:10:00,Daylight,940,59,Yes,Roundabout,Normal,Other,SAINT PIERRE (AV),M,48.80071047893993,2.801763377709236
201800041812,NonLethal,2018-11-15,10:06:00,Daylight,940,55,Yes,NoIntersection,Overcast,2Vehicles-Side,OLIVIER D ORMESSON (AV),M,48.78307709018428,2.782220473376797
201800041813,NonLethal,2018-11-16,10:40:00,Daylight,940,79,Yes,Square,Overcast,NoCollision,JEAN MONNET (BD),M,48.83138219861856,2.833173954673193
201800041815,NonLethal,2018-11-25,03:20:00,NightStreelightsOn,940,59,Yes,NoIntersection,Normal,2Vehicles-BehindVehicles-Frontal,ANDRE ROUY (AV),M,48.81876124805412,2.819960188003257
201800041816,NonLethal,2018-11-26,17:00:00,NightNoStreetLight,940,60,Yes,NoIntersection,LightRain,Other,VILLIERS (RTE DE),M,48.79039617775468,2.792202084814848
201800041817,NonLethal,2018-11-30,22:10:00,NightStreelightsOn,940,79,Yes,NoIntersection,Normal,NoCollision,JEAN MONNET (BD),M,48.83123126009663,2.828396674352986
201800041819,NonLethal,2018-12-05,23:00:00,NightStreelightsOn,940,79,Yes,NoIntersection,LightRain,Other,FRIEDBERG (BD DE),M,48.83518304618201,2.8359106940909617
201800041820,NonLethal,2018-08-12,15:35:00,Daylight,940,19,Yes,NoIntersection,LightRain,Other,COEUILLY (AV DE),M,48.80218975022314,2.803540962060477
201800041821,NonLethal,2018-12-13,07:10:00,NightStreelightsOn,940,59,Yes,X-type,Normal,NoCollision,MARBEAU (AV),M,48.80887718694077,2.806958935217337
201800041822,NonLethal,2018-12-14,18:20:00,NightStreelightsOn,940,19,Yes,NoIntersection,Normal,2Vehicles-Behind,GENERAL DE GAULLE (R DU),M,48.79929074897507,2.797918301436768
201800041823,NonLethal,2018-12-19,18:15:00,NightStreelightsOn,940,79,Yes,Roundabout,LightRain,2Vehicles-Behind,ANDRE ROUY (R),M,48.8225710672488,2.8236540852697454
201800041824,NonLethal,2018-12-21,13:15:00,Daylight,940,59,Yes,NoIntersection,Overcast,Other,MARECHALE (AV DE LA),M,48.81329482233527,2.8117337332824306
201800041825,NonLethal,2018-12-21,15:15:00,Daylight,940,19,Yes,NoIntersection,LightRain,2Vehicles-Behind,LIBERATION (RTE DE LA),M,48.8055653017981,2.804849081496821
201800041826,NonLethal,2018-12-21,21:37:00,NightNoStreetLight,940,19,No,NoIntersection,HeavyRain,Other,CLEMENT ADER (R),M,48.802188151784215,2.800934771532241
201800041827,NonLethal,2018-12-24,17:00:00,Daylight,940,19,Yes,NoIntersection,Normal,Other,MONTCHANIN (R),M,48.80094041450532,2.799309673011648
201800041828,NonLethal,2018-12-25,21:00:00,NightStreelightsOn,940,19,Yes,T-type,Normal,2Vehicles-BehindVehicles-Frontal,ARISTIDE BRIAND (R),M,48.79646069691961,2.7963262823343844
201800041829,NonLethal,2018-12-30,05:50:00,NightStreelightsOn,940,55,Yes,NoIntersection,Overcast,Other,PINCE VENT - CAR DE PINC,M,48.78984219621241,2.79081267754285
201800041831,NonLethal,2018-01-05,20:05:00,NightStreelightsOn,940,22,Yes,NoIntersection,LightRain,Other,R JAURES (PT DE CHOISY),M,48.765232992594775,2.766216313177605
201800041832,NonLethal,2018-01-14,21:00:00,NightStreelightsOn,940,73,Yes,T-type,Normal,Other,ROOSEVELT/AUBEPINES,M,48.76647525233823,2.764661333616934
201800041833,NonLethal,2018-01-16,07:40:00,NightStreelightsOn,940,22,Yes,NoIntersection,LightRain,Other,"3, AV HENRI CORVOL",M,48.76067459766807,2.760968713027129
201800041834,NonLethal,2018-01-17,15:37:00,Daylight,940,54,No,T-type,Overcast,2Vehicles-Side,TILLON/VICTOIRE,M,48.74546271989903,2.7446942691962977
201800041835,NonLethal,2018-01-18,08:30:00,Daylight,940,54,Yes,T-type,Normal,2Vehicles-Side,VICTOIRE/TILLON,M,48.74562070841161,2.7437261637442405
201800041837,Lethal,2018-01-25,07:13:00,NightStreelightsOn,940,54,Yes,NoIntersection,LightRain,Other,RUE DU BAS MARIN,M,48.75118127630267,2.75101765922323
201800041838,NonLethal,2018-01-25,19:07:00,Daylight,940,22,Yes,X-type,Normal,2Vehicles-Side,STALINGRAD/STALINGRAD,M,48.77188290243928,2.771846993834136
201800041840,NonLethal,2018-01-30,07:05:00,TwilightOrDawn,940,22,Yes,X-type,Other,2Vehicles-Side,FRANCE/MARINIERS,M,48.76196549168517,2.7604529953402483
201800041843,NonLethal,2018-01-29,00:50:00,NightStreelightsOn,940,54,Yes,T-type,Normal,2Vehicles-Side,CACHIN/GUERIN,M,48.74903982146984,2.748512495046975
201800041844,NonLethal,2018-06-02,09:35:00,Daylight,940,22,Yes,T-type,SnowOrHail,2Vehicles-Side,FRANCE/PARMENTIER,M,48.75972378369684,2.759640476473076
201800041845,NonLethal,2018-02-27,11:05:00,Daylight,940,22,Yes,T-type,Overcast,2Vehicles-Behind,REPUBLIQUE/ROUSSEAU,M,48.75969176191969,2.762584408945824
201800041846,NonLethal,2018-03-17,14:30:00,Daylight,940,22,Yes,X-type,LightRain,2Vehicles-Side,STALINGRAD / ROUX,M,48.77154559986257,2.7713051764838306
201800041847,NonLethal,2018-03-26,08:40:00,Daylight,940,22,Yes,X-type,Normal,3+Vehicles-Multiple,GENERAL LECLERC / 1944,M,48.76060033222779,2.7624683170173654
201800041848,NonLethal,2018-03-26,23:10:00,NightStreelightsOn,940,54,Yes,NoIntersection,Normal,Other,"9, R PARMENTIER",M,48.74377437756928,2.743768141282126
201800041849,NonLethal,2018-03-27,07:50:00,Daylight,940,22,Yes,NoIntersection,LightRain,Other,AVENUE LOUIS LUC,M,48.76020094590756,2.761559586938003
201800041850,NonLethal,2018-03-27,18:18:00,Daylight,940,22,Yes,NoIntersection,Normal,Other,"66, AV DE LA FOLIE",M,48.771204957576096,2.7736356047863637
201800041851,NonLethal,2018-03-30,00:10:00,NightStreelightsOff,940,54,Yes,NoIntersection,LightRain,2Vehicles-Behind,RTE CHARLES TILLON,M,48.74496059488525,2.744029993847193
201800041852,NonLethal,2018-04-06,20:00:00,Daylight,940,54,Yes,T-type,Normal,Other,MOLIERE/RACINE,M,48.74872012370782,2.7473894126461262
201800041853,NonLethal,2018-07-04,19:30:00,Daylight,940,54,Yes,X-type,Normal,Other,RACINE/PROUVE,M,48.74840357663892,2.74561729771442
201800041854,NonLethal,2018-04-10,21:15:00,NightStreelightsOn,940,22,Yes,NoIntersection,LightRain,2Vehicles-Side,"98, AV ANATOLE FRANCE",M,48.75616347140954,2.756738376767847
201800041855,NonLethal,2018-04-13,23:15:00,NightNoStreetLight,940,22,Yes,NoIntersection,Normal,2Vehicles-Behind,RUE DEMANIEUX,M,48.771334541537854,2.77230747277228
201800041856,NonLethal,2018-04-19,16:30:00,Daylight,940,22,Yes,NoIntersection,Normal,Other,"112, AV VICTOR HUGO",M,48.77024042936147,2.770668332770186
201800041857,NonLethal,2018-04-24,21:50:00,NightStreelightsOn,940,22,Yes,NoIntersection,Normal,Other,"20, RUE MIRABEAU",M,48.7672628262028,2.767166821851699
201800041858,NonLethal,2018-01-05,23:00:00,NightNoStreetLight,940,22,Yes,NoIntersection,Normal,NoCollision,"114, ANATOLE FRANCE (AV)",M,48.75678340796258,2.7554911349106326
201800041859,NonLethal,2018-05-03,11:30:00,Daylight,940,22,Yes,NoIntersection,Normal,2Vehicles-Side,YVONNE MARCAILLOUX (AV),M,48.72866609524486,2.729256639322076
201800041860,NonLethal,2018-05-05,15:00:00,Daylight,940,54,Yes,NoIntersection,Normal,2Vehicles-BehindVehicles-Frontal,"106, VICTOIRE (AV DE LA)",M,48.74412630757336,2.745927253842173
201800041861,NonLethal,2018-04-13,17:35:00,Daylight,940,22,Yes,NoIntersection,Normal,3+Vehicles-Chain,"13, AV ANATOLE FRANCE",M,48.7647004204632,2.763146135091721
201800041862,NonLethal,2018-05-11,16:03:00,Daylight,940,22,Yes,T-type,Normal,Other,"l76, VILLENEUVE ST GEORG",M,48.75815609251352,2.7605357927030263
201800041863,NonLethal,2018-05-13,15:16:00,Daylight,940,22,Yes,NoIntersection,Normal,Other,RUE JEAN JAURES,M,48.7639261697728,2.7655428075090915
201800041864,NonLethal,2018-11-05,11:15:00,Daylight,940,22,Yes,NoIntersection,Normal,Other,"38, VICTOR HUGO (AV)",M,48.76871257525043,2.7687958426505603
201800041865,NonLethal,2018-05-18,20:00:00,Daylight,940,54,Yes,T-type,Normal,2Vehicles-Side,91 AV DE LA VICTOIRE,M,48.7444044493946,2.7453748277364403
201800041867,NonLethal,2018-05-26,07:30:00,Daylight,940,54,Yes,X-type,Normal,2Vehicles-Side,CHRISTOPHE COLOMB (R),M,48.75519380355589,2.7549624182639
201800041868,NonLethal,2018-05-26,23:55:00,NightStreelightsOff,940,22,No,NoIntersection,Normal,2Vehicles-Behind,STALINGRAD (BD DE),M,48.77137115991685,2.77171222378702
201800041870,Lethal,2018-06-05,23:35:00,NightStreelightsOn,940,54,Yes,Other,LightRain,NoCollision,BAS MARIN (R DU),M,48.745990190765504,2.744504834888811
201800041871,NonLethal,2018-06-15,15:30:00,Daylight,940,54,Yes,T-type,Normal,2Vehicles-Side,BAS MARIN (R DU),M,48.74788343079996,2.7473018559612963
201800041872,NonLethal,2018-06-19,22:40:00,NightStreelightsOn,940,22,Yes,NoIntersection,Normal,2Vehicles-Side,APPEL DU DIX HUIT JUIN,M,48.76579142114983,2.764523294192023
201800041873,NonLethal,2018-06-23,23:20:00,NightStreelightsOn,910,479,No,NoIntersection,Normal,3+Vehicles-Chain,RD167A,M,48.73799987625573,2.735932470714816
201800041874,NonLethal,2018-06-24,10:45:00,Daylight,940,22,Yes,X-type,Normal,Other,ANATOLE FRANCE (AV),M,48.758500483970046,2.7585658514062037
201800041875,NonLethal,2018-06-21,11:20:00,Daylight,940,22,Yes,NoIntersection,Normal,Other,"26, VICTOR HUGO (AV)",M,48.76739137901446,2.76823900004846
201800041876,NonLethal,2018-06-25,16:50:00,Daylight,940,22,Yes,NoIntersection,Normal,Other,"4, JEAN JAURES (AV)",M,48.76675242735468,2.763194146599228
201800041877,NonLethal,2018-06-07,07:20:00,Daylight,940,22,Yes,Other,Normal,2Vehicles-Side,"58, ALFORTVILLE (AV D)",M,48.770390346417415,2.7727063217481582
201800041878,NonLethal,2018-07-25,16:40:00,Daylight,940,22,Yes,T-type,Normal,2Vehicles-Side,NEWBURN (AV DE),M,48.75781408067716,2.7589214398421524
201800041879,NonLethal,2018-06-08,19:54:00,Daylight,940,22,Yes,NoIntersection,Normal,Other,ROLLIN REGNIER (R),M,48.76954636509129,2.7705474700791792
201800041881,NonLethal,2018-07-16,22:18:00,NightNoStreetLight,940,22,Yes,T-type,Normal,2Vehicles-Side,"39, REPUBLIQUE AVE DE LA",M,48.75936313202915,2.758174556924845
201800041882,Lethal,2018-07-21,05:50:00,NightNoStreetLight,910,479,Yes,NoIntersection,Normal,Other,12 av aeroport -ORLYTEC,M,48.73824060290585,2.7363220874509118
201800041883,NonLethal,2018-08-12,16:50:00,Daylight,940,22,Yes,T-type,Normal,2Vehicles-BehindVehicles-Frontal,VICTOR HUGO (AV),M,48.76934879762979,2.768891005488474
201800041884,NonLethal,2018-12-08,22:10:00,NightStreelightsOn,940,22,Yes,Other,LightRain,2Vehicles-Side,STALINGRAD (BD DE),M,48.77230293129465,2.7746314575226774
201800041886,NonLethal,2018-08-13,10:30:00,Daylight,940,22,Yes,Other,Normal,Other,JEAN JAURES (AV),M,48.76316539700153,2.766594333989488
201800041887,Lethal,2018-08-21,04:50:00,NightStreelightsOn,940,54,Yes,Y-type,Normal,NoCollision,ROUTE CHARLES TILLON,M,48.74461126553526,2.745734478222989
201800041888,NonLethal,2018-08-31,17:50:00,Daylight,940,22,Yes,Other,Normal,2Vehicles-Behind,STALINGRAD (BD DE),M,48.76916947669727,2.768377020826424
201800041889,NonLethal,2018-06-09,03:20:00,NightStreelightsOn,940,78,Yes,NoIntersection,Normal,2Vehicles-Behind,PARIS (R DE),M,48.73552142638826,2.7342993560304683
201800041890,NonLethal,2018-09-09,19:12:00,Daylight,940,22,Yes,X-type,Normal,2Vehicles-Side,LUGO (AV DE),M,48.77296785176742,2.772455979819819
201800041891,NonLethal,2018-10-09,20:00:00,TwilightOrDawn,940,22,Yes,NoIntersection,Normal,Other,VOLTAIRE (QUAI),M,48.764691790221626,2.766435411906059
201800041892,NonLethal,2018-09-15,18:20:00,Daylight,940,22,Yes,T-type,Normal,3+Vehicles-Multiple,ALFORTVILLE (AV D),M,48.76788387522829,2.768837360071017
201800041893,NonLethal,2018-09-20,14:55:00,Daylight,940,22,Yes,NoIntersection,Normal,2Vehicles-BehindVehicles-Frontal,ALBERT 1ER (R),M,48.75467481880683,2.754969194137443
201800041894,NonLethal,2018-09-23,14:40:00,Daylight,940,22,Yes,X-type,LightRain,2Vehicles-Side,DOCTEUR CHARCOT (AV),M,48.769364688163925,2.769141585086582
201800041895,NonLethal,2018-09-26,17:45:00,Daylight,940,22,No,NoIntersection,Normal,Other,VICTOR HUGO (AV),M,48.76823890400231,2.7690680768717573
201800041898,NonLethal,2018-10-07,00:50:00,NightStreelightsOn,940,54,Yes,NoIntersection,Normal,2Vehicles-BehindVehicles-Frontal,BAS MARIN (R DU),M,48.74749951140178,2.7487154952828416
201800041900,NonLethal,2018-10-11,17:55:00,Daylight,940,22,Yes,NoIntersection,Normal,Other,APPEL DU DIX HUIT JUIN 1,M,48.76603759055666,2.764754078707385
201800041901,NonLethal,2018-10-16,12:45:00,Daylight,940,22,Yes,NoIntersection,Normal,2Vehicles-Behind,APPEL DU DIX HUIT JUIN 1,M,48.764860896323896,2.7650679889725747
201800041902,NonLethal,2018-10-16,18:20:00,Daylight,940,22,Yes,NoIntersection,Normal,Other,JEAN JAURES (av,M,48.76545813966642,2.764037227749089
201800041903,NonLethal,2018-10-17,12:55:00,Daylight,940,22,Yes,Other,Normal,2Vehicles-Side,DEMANIEUX (R),M,48.77317669155078,2.7717961782272487
201800041904,NonLethal,2018-10-19,18:28:00,Daylight,940,22,Yes,NoIntersection,Normal,Other,ANATOLE FRANCE (AV),M,48.76066112711428,2.7608603680034727
201800041905,NonLethal,2018-10-24,10:20:00,Daylight,940,54,Yes,T-type,Normal,2Vehicles-Behind,SAULES (VOI DES),M,48.746295666928894,2.746526142301884
201800041906,NonLethal,2018-10-24,22:00:00,NightStreelightsOn,940,22,Yes,NoIntersection,Normal,2Vehicles-Side,MARECHAL DE LATTRE DE TA,M,48.75340551116456,2.752698838176831
201800041908,NonLethal,2018-11-02,16:05:00,Daylight,940,22,Yes,X-type,Normal,2Vehicles-Side,VICTOR HUGO (AV),M,48.76839492462762,2.7666355896193857
201800041909,NonLethal,2018-11-02,18:15:00,NightStreelightsOn,940,22,Yes,T-type,Normal,Other,FOLIE (AV DE LA),M,48.7735520949339,2.7737908536614357
201800041910,NonLethal,2018-11-05,07:40:00,TwilightOrDawn,940,22,Yes,NoIntersection,Normal,Other,ALLIES (BD DES),M,48.86239003802297,2.860617668384551
201800041911,NonLethal,2018-05-11,17:15:00,Daylight,940,54,Yes,NoIntersection,Normal,Other,DOCTEUR CALMETTE (R DU),M,48.75017563692008,2.750167293495454
201800041912,NonLethal,2018-09-11,18:40:00,NightStreelightsOn,940,54,Yes,Other,Normal,2Vehicles-Side,CHARLES TILLON (route),M,48.738440835333925,2.740961919660222
201800041913,NonLethal,2018-11-10,12:30:00,Daylight,940,54,Yes,T-type,LightRain,2Vehicles-Behind,MARECHAL DE LATTRE (AV),M,48.75637558040269,2.757455872285781
201800041914,NonLethal,2018-11-10,15:16:00,Daylight,940,22,Yes,T-type,Overcast,2Vehicles-Side,VINGT CINQ AOUT 1944 (AV,M,48.7630653058126,2.7637946476178312
201800041915,NonLethal,2018-01-11,08:00:00,TwilightOrDawn,940,22,Yes,Other,Normal,3+Vehicles-Chain,DEMANIEUX (R),M,48.77365582623632,2.772754909399435
201800041916,NonLethal,2018-11-16,23:40:00,NightStreelightsOn,940,22,Yes,NoIntersection,Normal,3+Vehicles-Multiple,JULES GUESDE (QU),M,48.774919430783584,2.773765918270654
201800041917,NonLethal,2018-11-17,20:50:00,NightStreelightsOn,940,54,Yes,Other,Normal,2Vehicles-Side,CHARLES TILLON (route),M,48.7464555125847,2.7453234250028893
201800041918,NonLethal,2018-11-15,09:40:00,Daylight,940,54,Yes,NoIntersection,Normal,2Vehicles-Side,MARCEL CACHIN (AV),M,48.75265322499079,2.7519859980258103
201800041919,NonLethal,2018-11-25,17:25:00,NightStreelightsOff,940,54,Yes,X-type,Normal,2Vehicles-Side,BAS MARIN (R DU),M,48.75240218953076,2.752853286260792
201800041920,NonLethal,2018-11-30,21:40:00,NightStreelightsOn,940,22,Yes,NoIntersection,Normal,Other,JEAN JAURES (AV),M,48.76528873643783,2.765441089363732
201800041921,NonLethal,2018-11-30,22:35:00,NightStreelightsOn,940,54,No,NoIntersection,Normal,3+Vehicles-Chain,AEROPORT (AVENUE DEL'),M,48.73806912143471,2.73764546789535
201800041922,NonLethal,2018-12-03,14:05:00,Daylight,940,22,Yes,X-type,LightRain,Other,JEAN JAURES (AV),M,48.765107905708646,2.7646305464225027
201800041923,NonLethal,2018-12-04,12:20:00,Daylight,940,22,Yes,T-type,Normal,2Vehicles-Behind,ALFORTVILLE (AV D),M,48.769533325449856,2.770425919625449
201800041924,NonLethal,2018-12-07,23:19:00,NightStreelightsOn,940,22,Yes,T-type,Normal,2Vehicles-Side,ALFORTVILLE (AV D),M,48.77066047028298,2.7714303844738546
201800041925,NonLethal,2018-11-12,08:40:00,Daylight,940,22,Yes,NoIntersection,Normal,Other,MARECHAL DE LATTRE DE TA,M,48.7601301659955,2.759573535511152
201800041926,NonLethal,2018-12-19,08:40:00,Daylight,940,22,Yes,NoIntersection,LightRain,Other,VICTOR HUGO (AV),M,48.769813841447935,2.7693036401876623
201800041927,NonLethal,2018-12-19,23:45:00,NightStreelightsOn,940,73,Yes,X-type,Normal,2Vehicles-Side,DOCTEUR MARIE (R DU),M,48.74577203717198,2.7446744103651546
201800041928,NonLethal,2018-12-23,19:00:00,NightStreelightsOn,940,22,No,NoIntersection,LightRain,2Vehicles-Side,STALINGRAD (BD DE),M,48.77373425120436,2.7724500924994944
201800041931,NonLethal,2018-01-03,17:10:00,NightStreelightsOn,940,28,Yes,NoIntersection,Normal,Other,RUE JULIETTE SAVAR,M,48.78569315244231,2.783249618933636
201800041932,NonLethal,2018-01-03,18:20:00,NightStreelightsOn,940,28,Yes,X-type,LightRain,2Vehicles-Side,PORT/CHERET,M,48.79970116537378,2.801725777713341
201800041933,NonLethal,2018-01-04,13:30:00,Daylight,940,28,Yes,T-type,LightRain,2Vehicles-Side,MECHES/MESLY,M,48.79319261619277,2.792981184861901
201800041936,NonLethal,2018-11-01,12:15:00,Daylight,940,28,Yes,X-type,LightRain,2Vehicles-Side,DE GAULLE/EDISON,M,48.799093142946994,2.796031045687192
201800041937,NonLethal,2018-01-16,17:10:00,NightStreelightsOn,940,28,Yes,NoIntersection,LightRain,Other,Parking CC Creteil Solei,M,48.77862704742303,2.778584570422575
201800041938,NonLethal,2018-01-18,00:05:00,NightStreelightsOn,940,11,Yes,Roundabout,LightRain,Other,"103, PARIS / OUEST",M,48.77914054485379,2.779741030101792
201800041939,Lethal,2018-01-19,07:45:00,NightNoStreetLight,940,11,Yes,NoIntersection,Normal,Other,"64, AV DE CHOISY",M,48.77241186128845,2.7707532598853373
201800041941,NonLethal,2018-01-21,18:25:00,NightStreelightsOff,940,28,Yes,Roundabout,LightRain,2Vehicles-Side,CARREFOUR POMPADOUR,M,48.77522543232708,2.773752713233952
201800041942,NonLethal,2018-01-22,08:40:00,Daylight,940,11,Yes,X-type,LightRain,2Vehicles-Side,CARR DE LA BALLASTIERE,M,48.76211134326866,2.763800204770442
201800041943,NonLethal,2018-01-24,17:10:00,Daylight,940,28,Yes,NoIntersection,Normal,Other,AV DE LA BRECHE,M,48.78373826781716,2.7824888732581567
201800041945,NonLethal,2018-01-28,18:35:00,NightStreelightsOn,940,28,Yes,T-type,Overcast,Other,OUDRY / CASCADES,M,48.76920487976859,2.7701791039259382
201800041946,NonLethal,2018-01-29,11:20:00,Daylight,940,11,Yes,NoIntersection,Normal,3+Vehicles-Chain,RHIN ET DANUBE,M,48.77179656688086,2.7727515168334183
201800041947,NonLethal,2018-01-12,19:20:00,NightStreelightsOn,940,28,Yes,X-type,Normal,2Vehicles-Side,CHERET/PINSONS,M,48.80595185539832,2.807009074708705
201800041948,NonLethal,2018-01-30,16:00:00,Daylight,940,28,Yes,X-type,Normal,Other,MECHES / PARIS,M,48.79156473133745,2.7940179397198497
201800041949,NonLethal,2018-01-31,10:30:00,Daylight,940,28,Yes,NoIntersection,Overcast,Other,RTE DE CHOISY,M,48.78931558111633,2.79187317963002
201800041950,NonLethal,2018-02-02,14:50:00,Daylight,940,28,Yes,X-type,Overcast,Other,TASSIGNY/CHAMPEVAL,M,48.79738463006085,2.797927882757214
201800041951,NonLethal,2018-02-06,15:55:00,Daylight,940,28,Yes,NoIntersection,SnowOrHail,Other,"20, RUE LATERALE",M,48.804790757187554,2.804579635223697
201800041952,NonLethal,2018-02-08,17:37:00,Daylight,940,28,Yes,NoIntersection,Overcast,Other,AV BERNARD HALPERN,M,48.78578377290879,2.7842388142921584
201800041953,NonLethal,2018-02-16,10:10:00,Daylight,940,28,Yes,T-type,Normal,Other,CHERET/RAMPE,M,48.806450149459394,2.8029583022356515
201800041954,NonLethal,2018-02-18,18:45:00,NightStreelightsOff,940,11,Yes,NoIntersection,Normal,Other,AVENUE DE BOISSY,M,48.77041204537088,2.770079982308385
201800041955,NonLethal,2018-02-20,11:10:00,Daylight,940,28,Yes,T-type,Normal,3+Vehicles-Chain,MESLY/JOLY,M,48.792178528566026,2.790640103525813
201800041956,NonLethal,2018-02-25,23:20:00,NightStreelightsOn,940,28,Yes,NoIntersection,Normal,Other,RUE DE LA BASSE QUINTE,M,48.77209823385156,2.7721168623428643
201800041957,NonLethal,2018-02-27,11:00:00,Daylight,940,28,Yes,NoIntersection,Normal,2Vehicles-Side,"79, AV DU MAL TASSIGNY",M,48.7992613139162,2.801424496437251
201800041958,NonLethal,2018-06-03,09:20:00,Daylight,940,28,Yes,NoIntersection,Normal,2Vehicles-Side,AV LAFERRIERE,M,48.79975487431006,2.800835674040658
201800041959,NonLethal,2018-07-03,14:33:00,Daylight,940,11,Yes,NoIntersection,LightRain,2Vehicles-Behind,AV DU MAL LECLERC,M,48.77409036838353,2.7728803124583914
201800041960,NonLethal,2018-03-08,09:50:00,Daylight,940,28,Yes,Roundabout,Normal,2Vehicles-Side,CARREFOUR POMPADOUR,M,48.774497172830216,2.776054636367149
201800041961,NonLethal,2018-03-08,17:45:00,Daylight,940,28,Yes,NoIntersection,HeavyRain,3+Vehicles-Multiple,"78, GAULLE(AVENUE DU GEN",M,48.79775252959465,2.7988116076916745
201800041962,NonLethal,2018-03-15,12:10:00,Daylight,940,28,Yes,NoIntersection,Normal,2Vehicles-Side,AV DE VERDUN,M,48.79974338398515,2.800099865367192
201800041963,NonLethal,2018-03-15,16:40:00,Daylight,940,28,Yes,NoIntersection,Normal,2Vehicles-Behind,RTE DE CHOISY,M,48.78767082432975,2.787824976217527
201800041964,NonLethal,2018-03-16,12:20:00,Daylight,940,28,Yes,Roundabout,Normal,2Vehicles-Side,CARREFOUR POMPADOUR,M,48.7746109933561,2.773733334629989
201800041965,NonLethal,2018-03-23,15:00:00,Daylight,940,11,Yes,NoIntersection,Overcast,2Vehicles-Side,"7, ALL D BALAVOINE",M,48.77306889754454,2.772940105565492
201800041966,NonLethal,2018-03-29,16:35:00,Daylight,940,28,Yes,NoIntersection,Normal,Other,AV DE LA FRANCE LIBRE,M,48.7782888121918,2.778487892035669
201800041967,NonLethal,2018-03-29,19:45:00,Daylight,940,11,Yes,T-type,LightRain,Other,"0, ROSTAND.(RUE JEAN)",M,48.76673378668059,2.769058086927051
201800041968,NonLethal,2018-04-03,12:45:00,Daylight,940,11,Yes,NoIntersection,Overcast,Other,RUE DU RHIN ET DANUBE,M,48.77066684662126,2.7713715677571544
201800041969,NonLethal,2018-06-04,13:45:00,Daylight,940,28,Yes,Other,Normal,2Vehicles-Behind,AVENUE DU GENERAL GAULLE,M,48.78338983106683,2.7825865591701864