AccidentId,Gravity,Date,Hour,Light,Department,Commune,InAgglomeration,IntersectionType,Weather,CollisionType,PostalAddress,GPSCode,Latitude,Longitude
201800041972,NonLethal,2018-04-16,14:50:00,Daylight,940,28,Yes,NoIntersection,Normal,Other,AV LIBERATION,M,48.77613245445498,2.776443181915666
201800041973,NonLethal,2018-04-16,18:55:00,Daylight,940,28,Yes,NoIntersection,Normal,2Vehicles-Behind,AVENUE BERNARD HALPERN,M,48.79146449418745,2.789888080690605
201800041974,NonLethal,2018-04-17,19:52:00,Daylight,940,28,Yes,Roundabout,Normal,2Vehicles-Behind,SAUSSAIE DU BAN/LOPES,M,48.76718034597279,2.768112397036392
201800041975,NonLethal,2018-04-17,23:10:00,NightStreelightsOn,940,28,Yes,NoIntersection,Normal,NoCollision,AVENUE DE VERDUN,M,48.80040070303404,2.7989901328613014
201800041976,NonLethal,2018-04-18,08:05:00,Daylight,940,11,Yes,X-type,VeryGood,Other,SEMARD/ROSTANG,M,48.7634947055556,2.763837160873059
201800041977,NonLethal,2018-04-18,22:50:00,NightStreelightsOn,940,28,Yes,X-type,Normal,2Vehicles-Side,PARIS/MECHES,M,48.79640367024527,2.79387766219105
201800041978,NonLethal,2018-04-21,17:15:00,Daylight,940,11,Yes,Roundabout,Normal,Other,GLANE/MOULIN,M,48.769214019794894,2.770258664445137
201800041979,NonLethal,2018-04-24,21:25:00,NightStreelightsOn,940,28,Yes,T-type,Normal,2Vehicles-BehindVehicles-Frontal,POUSSIN/RADOT,M,48.78372503472449,2.7827609305912766
201800041980,NonLethal,2018-04-25,09:10:00,Daylight,940,28,Yes,NoIntersection,Normal,NoCollision,ROUTE DE CHOISY,M,48.78730455176978,2.787656492178766
201800041984,NonLethal,2018-04-30,20:33:00,TwilightOrDawn,940,28,Yes,NoIntersection,LightRain,Other,.AVENUE BERNARD HALPERN,M,48.77109777510916,2.769131932120009
201800041985,NonLethal,2018-02-05,07:50:00,Daylight,940,28,Yes,NoIntersection,VeryGood,Other,MATISSE(RUE HENRI),M,48.780163726348285,2.7813640445482712
201800041986,NonLethal,2018-04-29,22:45:00,NightStreelightsOn,940,28,Yes,X-type,HeavyRain,Other,SULLY/SARRAZINS,M,48.76783601914633,2.76782150423644
201800041987,NonLethal,2018-05-02,11:30:00,Daylight,940,28,Yes,NoIntersection,Normal,2Vehicles-Side,SAINT-SIMON.(RUE ET VILL,M,48.795279673946766,2.7960777932582235
201800041988,NonLethal,2018-05-07,12:00:00,Daylight,940,28,Yes,NoIntersection,Normal,Other,40 AV CHEMIN DE MESLY,M,48.78761212764964,2.7882263823074838
201800041989,NonLethal,2018-05-08,05:10:00,NightStreelightsOn,940,28,Yes,NoIntersection,Normal,Other,CARREFOUR POMPADOUR,M,48.77247749368339,2.775262763688566
201800041990,NonLethal,2018-09-05,15:30:00,Daylight,940,11,Yes,X-type,Normal,Other,AVENUE DE BOISSY,M,48.76929380009615,2.771702385931714
201800041991,NonLethal,2018-05-10,17:44:00,Daylight,940,28,Yes,NoIntersection,Normal,2Vehicles-Side,ROUTE DE CHOISY,M,48.77594331722925,2.7753569588105784
201800041994,NonLethal,2018-05-21,13:15:00,Daylight,940,28,Yes,NoIntersection,Normal,Other,RUE DES MECHES,M,48.793230331644416,2.7917908093204877
201800041996,NonLethal,2018-05-28,06:50:00,Daylight,940,28,Yes,NoIntersection,Normal,2Vehicles-Side,"37 B, VERDUN.(AVENUE DE)",M,48.79591026447812,2.7962773462334307
201800041997,NonLethal,2018-05-31,06:35:00,Daylight,940,28,Yes,NoIntersection,Normal,2Vehicles-Side,"02, MARAIS(CHEMIN DES)",M,48.77683618429356,2.777068003857205
201800041998,NonLethal,2018-01-06,06:30:00,Daylight,940,11,Yes,NoIntersection,Normal,2Vehicles-BehindVehicles-Frontal,34 RUE DU MOULIN BATEAU,M,48.78301339199821,2.783149562995959
201800042001,NonLethal,2018-11-06,14:30:00,Daylight,940,28,Yes,Other,LightRain,2Vehicles-Side,PARE(RUE AMBROISE),M,48.78770541252758,2.7877613519115982
201800042002,NonLethal,2018-11-06,17:40:00,Daylight,940,28,Yes,NoIntersection,Other,Other,SARRAZINS (RUE DES),M,48.76774359632501,2.767499497675696
201800042003,NonLethal,2018-11-06,19:40:00,Daylight,940,11,Yes,X-type,Normal,2Vehicles-Side,"12, BOUGLIONE(RUE)",M,48.76766282926916,2.768719506778215
201800042005,NonLethal,2018-06-15,10:20:00,Daylight,940,28,Yes,NoIntersection,Overcast,Other,"lOl, DE GAULLE (AV)",M,48.778490531112034,2.7774797313192803
201800042006,NonLethal,2018-06-15,20:10:00,TwilightOrDawn,940,28,Yes,NoIntersection,Normal,2Vehicles-Behind,"13, ANTOINE LAVOISIER (R",M,48.79220961123947,2.7910754787889074
201800042007,NonLethal,2018-06-18,22:02:00,NightStreelightsOn,940,11,Yes,X-type,Normal,Other,DIX NEUF MARS 1962(RUE D,M,48.77389433401816,2.775705952923504
201800042008,NonLethal,2018-06-20,08:45:00,Daylight,940,11,Yes,X-type,Normal,2Vehicles-Side,JEAN ROSTAND (R),M,48.76597170984235,2.7676606808376243
201800042009,NonLethal,2018-06-22,18:50:00,Daylight,940,28,Yes,NoIntersection,Normal,Other,POMPADOUR(CARREFOUR),M,48.77404806469082,2.7726263500737747
201800042011,NonLethal,2018-06-22,23:53:00,NightStreelightsOn,940,11,Yes,NoIntersection,Normal,3+Vehicles-Multiple,"05, DIX NEUF MARS 1962(R",M,48.77291290081171,2.7725505610988432
201800042012,NonLethal,2018-06-26,15:10:00,Daylight,940,28,Yes,T-type,Normal,2Vehicles-Side,GAULLE(AVENUE DU GEN,M,48.778998837287375,2.7790232444499634
201800042013,NonLethal,2018-06-27,20:20:00,Daylight,940,28,Yes,Roundabout,Normal,2Vehicles-Behind,FERNAND POUILLON (R),M,48.76621471543464,2.7662737091534515
201800042014,NonLethal,2018-06-28,18:15:00,Daylight,940,11,Yes,NoIntersection,VeryGood,2Vehicles-Behind,MAL LECLERC (AV),M,48.77394636684172,2.7725862035999715
201800042016,NonLethal,2018-07-30,13:01:00,Daylight,940,28,Yes,Roundabout,Normal,2Vehicles-Behind,Duvauchelle (R),M,48.76932639553532,2.769086884820479
201800042017,NonLethal,2018-08-05,07:00:00,Daylight,940,28,Yes,Other,Normal,NoCollision,POMPADOUR(CARREFOUR),M,48.773182447404594,2.774450184674618
201800042018,NonLethal,2018-07-30,13:45:00,Daylight,940,11,Yes,NoIntersection,Normal,Other,STAINS(ROUTE DE),M,48.783219356865146,2.782789897652159
201800042020,NonLethal,2018-08-17,09:05:00,Daylight,940,28,Yes,NoIntersection,Normal,Other,FRANCE LIBRE(AVENUE DE L,M,48.77061463359974,2.771319056356456
201800042021,NonLethal,2018-08-20,17:50:00,Daylight,940,28,Yes,NoIntersection,Normal,Other,POMPADOUR(ROUTE DE LA),M,48.77352690352131,2.7742477274868222
201800042023,NonLethal,2018-08-29,16:40:00,Daylight,940,28,Yes,T-type,Normal,2Vehicles-Side,HAUTE QUINTE(RUE DE LA),M,48.77289267887899,2.776205426011926
201800042024,NonLethal,2018-08-30,11:45:00,Daylight,940,11,Yes,Other,Normal,2Vehicles-Side,SEMARD(RUE PIERRE),M,48.760760813778354,2.7575306399334774
201800042025,NonLethal,2018-09-01,17:20:00,Daylight,940,11,Yes,Other,Normal,2Vehicles-Side,SEMARD(RUE PIERRE),M,48.75849081021646,2.760266182571617
201800042026,NonLethal,2018-09-05,12:55:00,Daylight,940,28,Yes,Roundabout,Normal,Other,POMPADOUR(CARREFOUR),M,48.77498521771809,2.772863049706644
201800042027,NonLethal,2018-08-02,11:45:00,Daylight,940,11,Yes,NoIntersection,Normal,2Vehicles-Behind,SEMARD(RUE PIERRE),M,48.7609479601464,2.75813311630875
201800042028,NonLethal,2018-07-09,16:50:00,Daylight,940,28,Yes,NoIntersection,Normal,2Vehicles-Side,POMPADOUR(CARREFOUR),M,48.77362042171991,2.7732129163933608
201800042029,NonLethal,2018-09-07,17:10:00,Daylight,940,28,Yes,T-type,Normal,2Vehicles-Side,ARCOS.(RUE RENE),M,48.779046282334775,2.777633248336826
201800042030,NonLethal,2018-08-09,11:50:00,Daylight,940,28,Yes,Other,Normal,Other,BROSSOLETTE(AV PIERRE),M,48.79202588852941,2.7896696162299386
201800042031,NonLethal,2018-09-23,15:30:00,Daylight,940,28,Yes,NoIntersection,HeavyRain,2Vehicles-BehindVehicles-Frontal,BLEUETS(RUE DES),M,48.80236058045354,2.8029333652396566
201800042032,NonLethal,2018-09-24,10:15:00,Daylight,940,11,Yes,Roundabout,Normal,2Vehicles-Side,SEMARD(RUE PIERRE),M,48.758922536741146,2.7596105131144237
201800042033,NonLethal,2018-09-27,15:30:00,Daylight,940,28,Yes,NoIntersection,Normal,Other,CHOISY(ROUTE DE),M,48.789963457528685,2.7900288101131574
201800042035,NonLethal,2018-01-10,09:45:00,Daylight,940,11,Yes,T-type,Normal,2Vehicles-BehindVehicles-Frontal,RHIN ET DANUBE(RUE DU),M,48.77048381864541,2.772515242983162
201800042036,NonLethal,2018-04-10,10:30:00,Daylight,940,11,Yes,NoIntersection,Normal,2Vehicles-Side,RESISTANCE (MAIL),M,48.76576691902445,2.7654769116937445
201800042037,NonLethal,2018-05-10,19:45:00,NightStreelightsOn,940,28,Yes,Other,Normal,2Vehicles-Side,TASSIGNY(AVE DU MARECHAL,M,48.79426417827553,2.793239784947559
201800042038,NonLethal,2018-10-08,13:40:00,Daylight,940,11,Yes,NoIntersection,Normal,2Vehicles-Side,CHOISY.(AVENUE DE),M,48.770546281571605,2.7705478120470435
201800042039,NonLethal,2018-11-10,19:00:00,NightNoStreetLight,940,28,No,NoIntersection,LightRain,3+Vehicles-Chain,DEPARTEMENTALE(VOIE),M,48.79184105011993,2.7906155301413165
201800042040,NonLethal,2018-10-11,20:25:00,NightStreelightsOn,940,28,Yes,NoIntersection,LightRain,Other,POMPADOUR(ROUTE DE LA),M,48.7690046683162,2.771998277874937
201800042041,NonLethal,2018-10-12,12:25:00,Daylight,940,28,Yes,Other,Normal,2Vehicles-Side,POMPADOUR(CARREFOUR),M,48.77458392114748,2.776490431300762
201800042042,NonLethal,2018-10-19,08:05:00,Daylight,940,28,Yes,NoIntersection,Normal,Other,DUHAMEL(RUE GEORGES),M,48.77722278488663,2.776623392757187
201800042044,NonLethal,2018-10-12,05:00:00,NightStreelightsOff,940,11,Yes,NoIntersection,Normal,3+Vehicles-Chain,SEMARD(RUE PIERRE),M,48.76347454742935,2.762808274256849
201800042046,NonLethal,2018-10-30,12:30:00,Daylight,940,28,Yes,NoIntersection,Overcast,2Vehicles-Behind,GAULLE(AVENUE DU GENERAL,M,48.78522624930104,2.7856305828044063
201800042047,NonLethal,2018-02-11,21:50:00,NightStreelightsOn,940,28,Yes,NoIntersection,Normal,Other,LAFERRIERE(AV),M,48.80159589496606,2.801700747163753
201800042048,NonLethal,2018-05-11,14:20:00,Daylight,940,28,Yes,X-type,Normal,2Vehicles-Side,JULIETTE SAVAR(R),M,48.77715939577468,2.7777212243535208
201800042049,NonLethal,2018-11-05,17:10:00,TwilightOrDawn,940,28,Yes,NoIntersection,Normal,2Vehicles-Behind,FOCH(AVENUE DU MARECHAL),M,48.77697751633102,2.7778095448130027
201800042050,NonLethal,2018-06-11,13:50:00,Daylight,940,28,Yes,NoIntersection,Normal,Other,SAINT-SIMON.(RUE ET VILL,M,48.79484313873038,2.7931749977559246
201800042051,NonLethal,2018-11-06,17:06:00,Daylight,940,28,Yes,NoIntersection,Normal,Other,LAFERRIERE(AVENUE),M,48.79961759160057,2.8015927759771677
201800042052,NonLethal,2018-11-08,13:55:00,Daylight,940,28,Yes,NoIntersection,Normal,Other,HENRI MATISSE (R),M,48.781965527598906,2.782973666330256
201800042053,NonLethal,2018-10-11,18:43:00,NightStreelightsOn,940,11,Yes,NoIntersection,Normal,Other,ORADOUR SUR GLANE(AV),M,48.76792964342831,2.770548405521593
201800042054,NonLethal,2018-11-13,12:35:00,Daylight,940,28,Yes,Roundabout,Normal,2Vehicles-Side,RESISTANCE ET DEPORTATIO,M,48.7771366909884,2.777424988908774
201800042056,NonLethal,2018-11-17,08:30:00,Daylight,940,11,Yes,X-type,Normal,2Vehicles-Side,STAINS (ROUTE DE),M,48.78170503234271,2.7804720418396704
201800042057,NonLethal,2018-11-22,18:45:00,NightStreelightsOn,940,28,Yes,NoIntersection,LightRain,2Vehicles-Behind,FOCH(AVENUE DU MARECHAL),M,48.77217685836554,2.773101254351714
201800042059,NonLethal,2018-11-24,14:50:00,Daylight,940,28,Yes,NoIntersection,LightRain,2Vehicles-Behind,BROSSOLETTE(AVENUE PIERR,M,48.79052805661497,2.7928999637052416
201800042060,NonLethal,2018-11-22,06:10:00,NightStreelightsOn,940,28,Yes,NoIntersection,LightRain,NoCollision,BROSSOLETTE(AVENUE PIERR,M,48.789020471327774,2.7872169695391404
201800042062,NonLethal,2018-12-03,02:00:00,NightStreelightsOn,940,11,Yes,NoIntersection,LightRain,Other,BOISSY.(AVENUE DE),M,48.76157509836555,2.761636509903475
201800042063,NonLethal,2018-12-07,19:50:00,NightStreelightsOn,940,28,Yes,T-type,Normal,2Vehicles-Side,ARCOS.(RUE RENE),M,48.77761874435684,2.777851852931798
201800042064,NonLethal,2018-12-11,02:42:00,NightStreelightsOn,940,11,Yes,NoIntersection,Normal,Other,GROSS(RUE AUGUSTE),M,48.76665760909761,2.7663882434090445
201800042065,NonLethal,2018-12-14,14:30:00,Daylight,940,28,Yes,T-type,Normal,Other,VERDUN.(AVENUE DE),M,48.79444240672692,2.795330969964976
201800042066,NonLethal,2018-12-19,17:40:00,NightStreelightsOn,940,28,No,NoIntersection,Normal,Other,POMPADOUR(CARREFOUR),M,48.773241888022206,2.775239073980841
201800042067,NonLethal,2018-12-19,17:30:00,NightStreelightsOn,940,11,Yes,NoIntersection,Normal,2Vehicles-Side,PARIS(AVENUE DE),M,48.78088958388245,2.781633910226064
201800042070,NonLethal,2018-12-24,17:30:00,NightStreelightsOn,940,11,Yes,X-type,Normal,2Vehicles-Side,ROSTAND.(RUE JEAN),M,48.76427612256549,2.766258763528736
201800042071,NonLethal,2018-12-27,02:25:00,NightStreelightsOn,940,28,Yes,NoIntersection,Normal,Other,MECHES.(RUE DES),M,48.79454827424663,2.794092633065279
201800042072,NonLethal,2018-12-29,10:50:00,Daylight,940,28,Yes,NoIntersection,Normal,Other,FOCH(AVENUE DU MARECHAL),M,48.77698175554232,2.776932235513111
201800042073,NonLethal,2018-01-05,11:05:00,Daylight,940,33,Yes,NoIntersection,Overcast,Other,"16, R RASPAIL",M,48.84848647846504,2.8492060141515805
201800042074,NonLethal,2018-01-08,17:50:00,TwilightOrDawn,940,33,Yes,NoIntersection,Normal,2Vehicles-BehindVehicles-Frontal,"10, R DE LA MAISON ROUGE",M,48.84975158242081,2.849036401077732
201800042075,NonLethal,2018-01-16,13:45:00,Daylight,940,33,Yes,NoIntersection,LightRain,2Vehicles-BehindVehicles-Frontal,"66, AV ERNEST RENAN",M,48.85385002246752,2.8544776369556644
201800042076,NonLethal,2018-01-25,16:30:00,Daylight,940,33,Yes,NoIntersection,LightRain,3+Vehicles-Chain,AV LOUISON BOBET,M,48.85327101652685,2.853246053036025
201800042077,NonLethal,2018-01-26,23:00:00,NightStreelightsOn,940,33,Yes,NoIntersection,Overcast,Other,"l2, MARE A GUILLAUME",M,48.8536624038183,2.85354136788422
201800042078,NonLethal,2018-02-14,19:15:00,NightStreelightsOn,940,33,Yes,MoreThan4Branches,LightRain,Other,VERDUN/JOFFRE,M,48.85401807651217,2.853145195374246
201800042080,NonLethal,2018-03-21,20:10:00,NightStreelightsOn,940,33,Yes,T-type,Normal,2Vehicles-Side,STALINGRAD / SOLIDARITE,M,48.85230859781745,2.8538144049474594
201800042081,NonLethal,2018-03-27,23:00:00,NightStreelightsOn,940,33,Yes,NoIntersection,Normal,2Vehicles-Behind,AV DU MARECHAL JOFFRE,M,48.852817657456605,2.8520566892923624
201800042082,NonLethal,2018-03-29,08:15:00,Daylight,940,33,Yes,X-type,Normal,2Vehicles-Side,VERDUN / BERT,M,48.85062045989227,2.8518137154988628
201800042083,NonLethal,2018-04-03,22:30:00,NightStreelightsOn,940,33,Yes,Roundabout,Normal,2Vehicles-Behind,FONTAINE/TIMBAUD,M,48.85823616441553,2.8595354484764464
201800042084,NonLethal,2018-11-04,08:20:00,Daylight,940,33,Yes,NoIntersection,Normal,2Vehicles-Side,"10, AV VAL DE FONTENAY",M,48.85178306378555,2.8549349289192123
201800042085,NonLethal,2018-04-26,15:45:00,Daylight,940,33,Yes,NoIntersection,Normal,2Vehicles-Behind,"102, BD DE VERDUN",M,48.85509972960176,2.8574671866146675
201800042086,NonLethal,2018-03-05,21:15:00,NightStreelightsOn,940,33,Yes,X-type,Normal,Other,"1, MOREAU DAVID (PL)",M,48.84425600435351,2.8431056328226227
201800042087,NonLethal,2018-05-18,17:50:00,Daylight,940,33,Yes,NoIntersection,Normal,Other,26 RUE LOUIS AUROUX,M,48.85601245847109,2.8552776184247524
201800042090,NonLethal,2018-06-11,18:50:00,Daylight,940,33,Yes,NoIntersection,LightRain,Other,"23, DAME BLANCHE (AV DE",M,48.84458276977673,2.842979256288883
201800042092,NonLethal,2018-06-14,21:50:00,TwilightOrDawn,940,33,Yes,X-type,Normal,2Vehicles-Side,PARMENTIER (AV),M,48.85395131456426,2.853937739617166
201800042093,NonLethal,2018-06-15,22:10:00,NightStreelightsOn,940,33,Yes,NoIntersection,Normal,2Vehicles-Side,"154, REPUBLIQUE (AV DE L",M,48.85191005425935,2.8533398292940024
201800042094,NonLethal,2018-06-20,17:15:00,Daylight,940,33,Yes,NoIntersection,Normal,Other,"54, COMMANDANT JEAN DUHA",M,48.84341246917396,2.8442038863515444
201800042095,NonLethal,2018-06-27,18:45:00,Daylight,940,33,Yes,NoIntersection,Normal,Other,"20, NUNGESSER (R)",M,48.85278254529939,2.852544687147004
201800042096,NonLethal,2018-07-07,20:30:00,Daylight,940,33,Yes,NoIntersection,Normal,Other,"70, VERDUN (BD DE)",M,48.8539594152857,2.8534229893741
201800042097,NonLethal,2018-07-07,11:28:00,Daylight,940,33,Yes,Square,Normal,Other,"4 BIS, CHARLES GARCIA (A",M,48.85442045238393,2.852011112187239
201800042098,NonLethal,2018-07-30,18:15:00,Daylight,940,33,Yes,NoIntersection,Normal,Other,ROGER SALENGRO (R),M,48.85180457490476,2.8525363623545443
201800042099,NonLethal,2018-08-03,14:50:00,Daylight,940,33,Yes,NoIntersection,Normal,2Vehicles-Side,MARECHAL DE LATTRE DE TA,M,48.855548656446885,2.8559842333468257
201800042100,NonLethal,2018-08-24,16:40:00,Daylight,940,33,Yes,NoIntersection,Normal,Other,MARECHAL JOFFRE (AV DU),M,48.85073812913413,2.854740314515864
201800042101,NonLethal,2018-02-09,20:50:00,Daylight,940,33,Yes,NoIntersection,Normal,2Vehicles-Behind,CARNOT (R),M,48.8536133144231,2.85305885103487
201800042102,NonLethal,2018-09-10,07:40:00,Daylight,940,33,Yes,X-type,Normal,2Vehicles-Side,TRUCY (R DE),M,48.85051954539109,2.853918325314304
201800042104,NonLethal,2018-09-25,21:55:00,NightStreelightsOn,940,33,Yes,Y-type,Normal,2Vehicles-Side,MARECHAL DE LATTRE DE TA,M,48.859349720606254,2.8589748899826377
201800042105,NonLethal,2018-08-10,18:30:00,Daylight,940,33,Yes,NoIntersection,Normal,Other,ANDRE TESSIER (R),M,48.85246031174916,2.849690714290125
201800042106,NonLethal,2018-10-15,20:00:00,NightStreelightsOn,940,33,Yes,NoIntersection,Normal,Other,MAIRIE (R DE LA),M,48.84679543443469,2.8476851555036027
201800042107,NonLethal,2018-10-31,08:30:00,Daylight,940,33,Yes,X-type,Normal,2Vehicles-Side,LOUISON BOBET (AV),M,48.85389893981398,2.85251723079992
201800042108,NonLethal,2018-11-02,08:45:00,Daylight,940,33,Yes,Y-type,Normal,2Vehicles-Behind,BD DE VERDUN,M,48.854699149097,2.8523960885567488
201800042110,NonLethal,2018-12-11,18:45:00,NightStreelightsOn,940,33,Yes,T-type,Normal,2Vehicles-Side,25 AOUT 1944 (BLD DU),M,48.84561825915886,2.8455064038622155
201800042111,NonLethal,2018-11-13,14:23:00,Daylight,940,33,Yes,Roundabout,Normal,2Vehicles-Behind,LOUISON BOBET (AV),M,48.85621373801095,2.8535774360656347
201800042112,NonLethal,2018-11-17,19:50:00,NightNoStreetLight,940,33,Yes,NoIntersection,Normal,2Vehicles-Behind,PARMENTIER (AV),M,48.85258947057584,2.8534271635051622
201800042113,NonLethal,2018-11-18,19:35:00,NightStreelightsOn,940,33,Yes,X-type,Normal,2Vehicles-BehindVehicles-Frontal,DALAYRAC (R),M,48.84977101668186,2.848025829194788
201800042114,NonLethal,2018-11-28,22:00:00,NightStreelightsOn,940,33,Yes,X-type,LightRain,2Vehicles-Side,VERDUN (BD DE),M,48.85111568075397,2.8524592734464065
201800042115,NonLethal,2018-12-05,16:00:00,Daylight,940,33,Yes,NoIntersection,Normal,2Vehicles-Side,CARNOT (R),M,48.85233993008729,2.8564617462867146
201800042116,NonLethal,2018-01-03,12:25:00,Daylight,940,3,Yes,NoIntersection,LightRain,3+Vehicles-Chain,"12, PAUL VAILLANT COUTUR",M,48.80295624732543,2.8052032699379565
201800042117,NonLethal,2018-01-04,14:45:00,Daylight,940,43,Yes,Roundabout,LightRain,2Vehicles-Side,"85, AV DE FONTAINEBLEAU",M,48.81180887373331,2.8109605351067226
201800042119,NonLethal,2018-11-01,08:20:00,TwilightOrDawn,940,3,Yes,X-type,LightRain,Other,JAURES / STALINGRAD,M,48.81020692884297,2.810136498419938
201800042121,NonLethal,2018-11-01,18:15:00,TwilightOrDawn,940,3,Yes,NoIntersection,Normal,Other,"39, G MALLERET JOINVILLE",M,48.80371154492966,2.8047228097355785
201800042122,NonLethal,2018-12-01,18:10:00,NightStreelightsOn,940,76,Yes,NoIntersection,Normal,Other,"01, R JEAN MERMOZ",M,48.783179795713245,2.7830929585842163
201800042123,NonLethal,2018-01-15,18:15:00,NightStreelightsOn,940,3,Yes,X-type,LightRain,Other,DURAND / LAPLACE,M,48.80844076440474,2.808399180683248
201800042124,NonLethal,2018-01-18,06:30:00,NightStreelightsOn,940,16,Yes,X-type,LightRain,Other,DELAGE / GEORGEON,M,48.793264509704414,2.7920397570168767
201800042125,NonLethal,2018-01-19,07:20:00,TwilightOrDawn,940,76,Yes,NoIntersection,Normal,Other,"141, AV DE PARIS",M,48.801279930022034,2.800207360623199
201800042127,NonLethal,2018-01-20,23:20:00,NightStreelightsOn,940,16,Yes,X-type,Normal,Other,WILSON / CARNOT,M,48.79693833958869,2.798386874960789
201800042130,NonLethal,2018-01-29,12:30:00,Daylight,940,76,Yes,NoIntersection,Normal,2Vehicles-Side,"25, BD MAXIME GORKI",M,48.79806547770986,2.797191262800217
201800042132,NonLethal,2018-02-04,12:20:00,Daylight,940,43,Yes,NoIntersection,Normal,2Vehicles-Side,"130, AV DE FONTAINEBLEAU",M,48.80691067487954,2.8086120939871604
201800042133,NonLethal,2018-02-12,18:00:00,TwilightOrDawn,940,3,Yes,X-type,Overcast,Other,BERTHOLLET/DURAND,M,48.80380067669432,2.8039243995613887
201800042135,NonLethal,2018-02-14,10:30:00,Daylight,940,76,Yes,NoIntersection,Overcast,2Vehicles-Behind,"15, AV DE PARIS",M,48.80446745288888,2.807228793112268
201800042136,Lethal,2018-02-16,13:35:00,Daylight,940,3,Yes,X-type,Normal,2Vehicles-BehindVehicles-Frontal,COUTURIER/PERI,M,48.798572645613696,2.800125905151111
201800042137,NonLethal,2018-02-16,14:45:00,Daylight,940,76,Yes,T-type,Normal,3+Vehicles-Multiple,GORKI/COMMUNE,M,48.79191162182428,2.78837590173032
201800042138,NonLethal,2018-02-16,17:30:00,Daylight,940,76,Yes,T-type,Normal,2Vehicles-BehindVehicles-Frontal,VARLIN/COUTURIER,M,48.79296542717796,2.793892636505793
201800042139,NonLethal,2018-02-17,21:50:00,NightStreelightsOn,940,37,Yes,T-type,Normal,2Vehicles-Behind,PERI/MAISONS,M,48.804999240535295,2.8071547249084583
201800042140,NonLethal,2018-02-18,16:45:00,Daylight,940,16,Yes,NoIntersection,Normal,Other,"22, RUE GALLIENI",M,48.79634909538253,2.7953869022748754
201800042142,NonLethal,2018-02-20,16:20:00,Daylight,940,76,Yes,X-type,Normal,2Vehicles-BehindVehicles-Frontal,ALLENDE/VERDUN,M,48.79346877218639,2.7953170527699056
201800042143,NonLethal,2018-02-27,12:15:00,Daylight,940,76,Yes,Y-type,SnowOrHail,NoCollision,VEROLLOT/BABEUF,M,48.80711957489424,2.808021830747633
201800042144,NonLethal,2018-02-28,11:05:00,Daylight,940,43,Yes,NoIntersection,Normal,Other,"18, AV DE FONTAINEBLEAU",M,48.81554518093069,2.8149786328012043
201800042145,NonLethal,2018-04-03,17:40:00,Daylight,940,16,Yes,NoIntersection,LightRain,Other,"5, R CAMILLE DESMOULINS",M,48.794320993974246,2.795463477379302
201800042146,NonLethal,2018-03-04,18:25:00,Daylight,940,43,Yes,T-type,Normal,2Vehicles-BehindVehicles-Frontal,GERY/PARKING,M,48.805518527764846,2.8049267117870293
201800042147,NonLethal,2018-05-04,09:25:00,Daylight,940,43,Yes,Roundabout,LightRain,2Vehicles-Side,FONTAINEBLEAU/MICHELET,M,48.810337900532254,2.8101750486040493
201800042148,NonLethal,2018-06-04,08:55:00,Daylight,940,3,Yes,Y-type,Normal,2Vehicles-Side,BRIAND/MANDELA,M,48.81020756689494,2.8110712982150647
201800042151,NonLethal,2018-08-04,10:20:00,Daylight,940,16,Yes,NoIntersection,Normal,2Vehicles-Side,"26, COUSIN DE MERICOURT",M,48.7950927149726,2.7971269291028564
201800042153,NonLethal,2018-11-04,08:05:00,Daylight,940,43,Yes,NoIntersection,VeryGood,Other,"42,R DE LA CONVENTION",M,48.861849752701566,2.864417791221615
201800042154,NonLethal,2018-04-18,21:45:00,NightStreelightsOn,940,76,Yes,NoIntersection,Normal,2Vehicles-Side,"15, PAUL VAILLANT COUTUR",M,48.79533708483194,2.7940499880502947
201800042155,NonLethal,2018-04-19,20:05:00,Daylight,940,43,Yes,X-type,Normal,Other,"36, CONVENTION / LECLERC",M,48.81183764048448,2.813474316955115
201800042156,NonLethal,2018-04-20,10:45:00,Daylight,940,43,Yes,NoIntersection,Normal,Other,"78, R GENERAL LECLERC",M,48.81144716509803,2.8091290117188463
201800042157,NonLethal,2018-04-20,19:15:00,Daylight,940,76,Yes,NoIntersection,Normal,NoCollision,"54, AV DE STALINGRAD",M,48.78574323626246,2.786063905593284
201800042158,NonLethal,2018-04-22,03:51:00,NightStreelightsOn,940,3,Yes,Roundabout,Normal,Other,"22, AV ARISTIDE BRIAND",M,48.80996766887598,2.809259448914701
201800042159,NonLethal,2018-04-22,10:15:00,Daylight,940,16,Yes,NoIntersection,Normal,Other,"12, R ALBERT CAMUS",M,48.78726234074817,2.786713993279038
201800042160,NonLethal,2018-04-24,07:30:00,Daylight,940,3,Yes,NoIntersection,Normal,Other,"23, R ERNEST RENAN",M,48.80997017098046,2.807543008916729
201800042163,NonLethal,2018-04-30,15:20:00,Daylight,940,43,Yes,T-type,LightRain,2Vehicles-Side,"07, MICHELET / REPOS",M,48.810398993685794,2.8107542163248085
201800042165,NonLethal,2018-04-05,13:20:00,Daylight,940,76,Yes,NoIntersection,Normal,2Vehicles-Side,"53, MAXIME GORKI (BD)",M,48.795114591431485,2.7954347134087087
201800042166,NonLethal,2018-04-05,17:00:00,Daylight,940,76,Yes,NoIntersection,Normal,Other,"61, AV DE LA REPUBLIQUE",M,48.78865488690717,2.786675259228073
201800042167,NonLethal,2018-05-04,22:35:00,NightStreelightsOn,940,43,Yes,NoIntersection,Normal,Other,"17, FONTAINEBLEAU (AV DE",M,48.814305107958695,2.8158793690397124
201800042169,NonLethal,2018-08-05,18:00:00,Daylight,940,76,Yes,T-type,Normal,2Vehicles-BehindVehicles-Frontal,20 RUE MICHELET,M,48.80209955011102,2.8001588761466563
201800042170,NonLethal,2018-05-18,18:37:00,Daylight,940,76,Yes,X-type,Normal,3+Vehicles-Multiple,31 BD MAXIME GORKI,M,48.79741538497686,2.798207833972208