AccidentId,Gravity,Date,Hour,Light,Department,Commune,InAgglomeration,IntersectionType,Weather,CollisionType,PostalAddress,GPSCode,Latitude,Longitude
201800042171,NonLethal,2018-05-19,10:10:00,Daylight,940,43,Yes,X-type,Normal,2Vehicles-Side,26 AV DE FONTAINEBLEAU,M,48.81523691073035,2.816011032925109
201800042172,NonLethal,2018-05-20,21:45:00,NightStreelightsOn,940,76,Yes,NoIntersection,Normal,Other,"6, FRANCOIS BILLOUX (R)",M,48.8019538803427,3.8009631154561943
201800042173,NonLethal,2018-05-21,15:00:00,Daylight,940,76,Yes,NoIntersection,Normal,Other,AVENUE DE STALINGRAD,M,48.78456807377528,2.785565682700633
201800042174,NonLethal,2018-05-25,09:17:00,Daylight,940,3,Yes,NoIntersection,Normal,Other,"56, VLADIMIR ILLITCH LEN",M,48.811002295499385,2.8112398771536187
201800042175,NonLethal,2018-05-25,19:50:00,NightNoStreetLight,940,3,Yes,NoIntersection,Overcast,Other,"21, ARISTIDE BRIAND (AV)",M,48.80962527387132,2.809644399430326
201800042177,NonLethal,2018-05-28,14:50:00,Daylight,940,37,Yes,NoIntersection,Normal,2Vehicles-Behind,"4, PLATANES (ALL DES)",M,48.816017274475584,2.8153719007008844
201800042178,NonLethal,2018-05-28,16:30:00,Daylight,940,43,Yes,X-type,Normal,Other,"1, PASTEUR (R)",M,48.81335112040432,2.81509988164257
201800042180,NonLethal,2018-05-31,10:30:00,Daylight,940,76,Yes,X-type,Normal,2Vehicles-Side,"53, STALINGRAD (AV DE)",M,48.78465815619408,2.7849661111287785
201800042181,NonLethal,2018-01-06,16:37:00,Daylight,940,76,Yes,NoIntersection,Overcast,Other,"28, SEVERINE (R)",M,48.80389293320015,2.803580903275818
201800042182,NonLethal,2018-06-04,09:20:00,Daylight,940,37,Yes,NoIntersection,Normal,Other,14 AVENUE JEAN JAURES,M,48.81523675269385,2.813352212416451
201800042183,NonLethal,2018-05-26,17:40:00,Daylight,940,16,Yes,X-type,Normal,2Vehicles-Side,"92, LEON BLUM (AV)",M,48.786500200008135,2.78509441411528
201800042184,NonLethal,2018-04-06,20:45:00,NightStreelightsOn,940,43,Yes,NoIntersection,Normal,Other,"87, FONTAINEBLEAU (AV DE",M,48.81102423765451,2.8097224120916757
201800042186,NonLethal,2018-06-06,17:00:00,Daylight,940,16,Yes,NoIntersection,HeavyRain,NoCollision,"129, ARISTIDE BRIAND (AV",M,48.792141213768254,2.7949045446522094
201800042187,NonLethal,2018-06-08,08:55:00,Daylight,940,76,Yes,NoIntersection,Normal,Other,"84, EDOUARD VAILLANT (R)",M,48.863449752667634,2.862943230520913
201800042188,NonLethal,2018-11-06,19:15:00,Daylight,940,76,Yes,T-type,HeavyRain,2Vehicles-Side,"l, PAUL ELUARD (R)",M,48.7854524194044,2.7864764262501
201800042190,NonLethal,2018-06-15,14:52:00,Daylight,940,3,Yes,T-type,Normal,2Vehicles-Side,"65, CONVENTION (AV DE LA",M,48.80264198526284,2.8045986784032007
201800042191,NonLethal,2018-06-15,16:20:00,Daylight,940,3,Yes,NoIntersection,Normal,Other,"76, LAPLACE (AV)",M,48.81279137828796,2.8083347552239486
201800042192,NonLethal,2018-06-16,11:20:00,Daylight,940,3,Yes,X-type,Normal,2Vehicles-Behind,"69, ARISTIDE BRIAND",M,48.80735623337196,2.806496981551532
201800042193,NonLethal,2018-06-17,14:20:00,Daylight,940,43,Yes,NoIntersection,Normal,Other,"27, FONTAINEBLEAU (AV DE",M,48.81398236377825,2.814482466525772
201800042196,NonLethal,2018-06-18,18:00:00,Daylight,940,16,Yes,NoIntersection,Normal,Other,"5, CAMILLE DESMOULINS (R",M,48.79331999450822,2.793278539080249
201800042197,NonLethal,2018-06-18,16:40:00,Daylight,940,76,Yes,NoIntersection,Normal,2Vehicles-Behind,"51, STALINGRAD (AV DE)",M,48.7867958631656,2.784748803617577
201800042198,NonLethal,2018-06-21,15:50:00,Daylight,940,37,Yes,T-type,Normal,NoCollision,"19, PRESIDENT ALLENDE (R",M,48.81411603608162,2.8106845637907725
201800042199,NonLethal,2018-06-22,12:00:00,Daylight,940,37,Yes,T-type,Normal,2Vehicles-Side,"149, PAUL VAILLANT COUTU",M,48.817156035817824,2.8170285100091625
201800042200,NonLethal,2018-06-23,18:55:00,Daylight,940,76,Yes,NoIntersection,Normal,2Vehicles-Side,"117, MAXIME GORKI (BD)",M,48.79194242045508,2.793535781592782
201800042201,NonLethal,2018-06-26,15:15:00,Daylight,940,43,Yes,NoIntersection,Normal,2Vehicles-Side,"106, FONTAINEBLEAU (AV D",M,48.864076004513066,2.8607840185295257
201800042202,NonLethal,2018-06-27,15:50:00,Daylight,940,43,Yes,NoIntersection,Normal,NoCollision,"09, PROFESSEUR BERGONIE",M,48.8034061893092,2.806304638254141
201800042203,NonLethal,2018-06-22,00:30:00,NightStreelightsOn,940,43,Yes,NoIntersection,Normal,NoCollision,"131, FONTAINEBLEAU (AV D",M,48.80794787505227,2.8071538134045504
201800042204,NonLethal,2018-06-29,15:10:00,Daylight,940,76,Yes,NoIntersection,Normal,2Vehicles-Behind,"2, PARIS (AV DE)",M,48.80605121866636,2.806997232295645
201800042205,NonLethal,2018-04-07,21:00:00,Daylight,940,76,Yes,NoIntersection,Normal,Other,"70, CHEVILLY (R DE)",M,48.7824405943858,2.783734343406095
201800042207,NonLethal,2018-09-07,18:45:00,Daylight,940,76,Yes,NoIntersection,Normal,2Vehicles-Side,"44, PARIS (AV DE)",M,48.80523483341136,2.8045263991632314
201800042208,NonLethal,2018-07-10,07:50:00,Daylight,940,76,Yes,NoIntersection,Normal,Other,"148, MAXIME GORKI (BD)",M,48.78788922872067,2.7880049670499303
201800042209,NonLethal,2018-10-07,10:30:00,Daylight,940,16,Yes,T-type,Normal,NoCollision,1 RUE MARX DORMOY,M,48.81513471263147,2.8126727150139064
201800042210,NonLethal,2018-07-13,16:00:00,Daylight,940,76,Yes,NoIntersection,Normal,Other,"65, YOURI GAGARINE (R)",M,48.78009035337168,2.7794630026452167
201800042211,NonLethal,2018-07-13,18:00:00,Daylight,940,76,Yes,NoIntersection,Normal,NoCollision,"54, REPUBLIQUE (AV DE LA",M,48.78858295699565,2.7874881268805933
201800042213,NonLethal,2018-07-20,12:30:00,Daylight,940,3,Yes,NoIntersection,Normal,2Vehicles-Side,"80, GABRIEL PERI (AV)",M,48.80080468570512,2.8015172062164515
201800042214,NonLethal,2018-07-21,04:55:00,NightStreelightsOn,940,37,Yes,X-type,Normal,2Vehicles-Side,"2, RAYMOND LEFEBVRE (R)",M,48.81341562493265,2.8146987763280835
201800042215,Lethal,2018-07-24,11:07:00,Daylight,940,76,Yes,X-type,Normal,NoCollision,"17-19, PAUL VAILLANT COU",M,48.79401437053125,2.793699951483494
201800042216,NonLethal,2018-01-02,09:15:00,Daylight,940,65,Yes,T-type,Overcast,2Vehicles-Side,CHARENTES / NÎMES,M,48.7594311394969,2.75817257166254
201800042217,NonLethal,2018-04-01,03:35:00,NightStreelightsOn,940,38,Yes,NoIntersection,LightRain,Other,"23, R JULES FERRY",M,48.77799534181472,2.777267202646194
201800042218,NonLethal,2018-05-01,15:45:00,Daylight,940,73,Yes,T-type,LightRain,2Vehicles-Side,DUNANT / GAULLE,M,48.76890810874748,2.7685585461405857
201800042219,NonLethal,2018-01-05,20:30:00,NightNoStreetLight,940,73,Yes,X-type,LightRain,2Vehicles-Behind,BAS MARIN/A86,M,48.75551719176173,2.756008189155064
201800042221,NonLethal,2018-08-01,19:20:00,NightStreelightsOn,940,65,Yes,T-type,Normal,3+Vehicles-Chain,LINDBERGH/BALTARD,M,48.756893978602655,2.7567378816441885
201800042222,NonLethal,2018-01-11,13:20:00,Daylight,940,65,Yes,X-type,Normal,2Vehicles-Side,LYON/AUVERGNE,M,48.7580040589498,2.758100791456234
201800042223,NonLethal,2018-01-13,16:00:00,Daylight,940,21,Yes,Y-type,Normal,Other,SAUTET/HELLOUIN,M,48.76792473388519,2.7658838253937748
201800042224,NonLethal,2018-01-14,11:50:00,Daylight,940,21,Yes,T-type,Normal,Other,DE GAULLE/JARDINS,M,48.77298388140252,2.7723243373349744
201800042225,NonLethal,2018-01-14,19:30:00,NightStreelightsOn,940,65,Yes,T-type,Normal,Other,PL DE GAULLE/NOTRE DAME,M,48.748536167257264,2.7481988318292765
201800042226,NonLethal,2018-01-15,07:20:00,NightStreelightsOn,940,21,Yes,NoIntersection,Normal,2Vehicles-Side,"100, AV DE STALINGRAD",M,48.77585043097685,2.77613257758513
201800042227,NonLethal,2018-01-16,11:30:00,Daylight,940,73,Yes,Y-type,Normal,Other,GRIGNON/LORRAINE,M,48.75629853087104,2.7571037781056598
201800042228,NonLethal,2018-01-17,16:00:00,Daylight,940,38,Yes,NoIntersection,Normal,2Vehicles-Side,"26, AV HENRI BARBUSSE",M,48.7777869771504,2.7776235980039625
201800042229,NonLethal,2018-01-18,10:30:00,Daylight,940,21,No,NoIntersection,LightRain,Other,"4, AV DE BOURGOGNE",M,48.76020806550276,2.759315605612344
201800042230,NonLethal,2018-01-19,12:00:00,Daylight,940,34,Yes,Y-type,LightRain,Other,HERRIOT/LECLERC,M,48.756303340271344,2.7579697491097463
201800042231,NonLethal,2018-01-22,16:30:00,Daylight,940,38,Yes,T-type,Overcast,Other,FLOUQUET/GUE,M,48.772789217542496,2.771765788533277
201800042233,NonLethal,2018-01-25,17:11:00,NightStreelightsOn,940,65,Yes,NoIntersection,LightRain,Other,AVENUE DE L'EUROPE,M,48.75104257818949,2.752859343808607
201800042234,NonLethal,2018-01-27,20:35:00,NightNoStreetLight,940,65,No,Y-type,Normal,2Vehicles-Behind,RN 186,M,48.75416532682035,2.75399156949567
201800042235,NonLethal,2018-01-27,12:25:00,Daylight,940,38,Yes,Roundabout,LightRain,Other,HOCHART/STALINGRAD,M,48.77903425133261,2.7786571536253715
201800042236,NonLethal,2018-01-29,17:45:00,NightStreelightsOn,940,73,Yes,X-type,Normal,2Vehicles-Side,HALGOULT/PANHARD,M,48.76300706851479,2.7627100514439102
201800042238,NonLethal,2018-02-12,05:10:00,NightStreelightsOn,940,21,Yes,Y-type,Other,Other,HALLES/VANNE,M,48.7623854694838,2.762233260725824
201800042239,NonLethal,2018-02-12,09:30:00,Daylight,940,34,Yes,Y-type,Normal,Other,ZOLA/CHARCOT,M,48.76082224993452,2.764659464970545
201800042240,NonLethal,2018-02-21,09:06:00,Daylight,940,21,Yes,NoIntersection,Normal,Other,AV ARMAND PETITJEAN,M,48.777109389829725,2.7781417254480694
201800042241,NonLethal,2018-02-22,08:55:00,Daylight,940,34,Yes,NoIntersection,Normal,Other,"69, RUE EMILE ZOLA",M,48.76404341053959,2.76481626901828
201800042243,NonLethal,2018-03-01,20:40:00,NightStreelightsOn,940,73,Yes,NoIntersection,Normal,2Vehicles-Side,CC Bel Epine,M,48.75865123127728,2.755032126069977
201800042244,NonLethal,2018-03-03,19:00:00,NightStreelightsOn,940,21,No,NoIntersection,Normal,2Vehicles-Side,AV DE STALINGRAD,M,48.75823282443218,2.759969320588405
201800042245,NonLethal,2018-03-07,02:00:00,NightStreelightsOn,940,65,Yes,NoIntersection,LightRain,NoCollision,RN 186,M,48.7534458307808,2.754413275511064
201800042246,NonLethal,2018-02-26,13:00:00,Daylight,940,73,No,NoIntersection,Normal,2Vehicles-Behind,RN 186 (Autoroute),M,48.754297236781184,2.75309823147697
201800042247,NonLethal,2018-03-10,09:25:00,Daylight,940,34,Yes,Roundabout,LightRain,Other,DIVISION LECLERC / PAIX,M,48.75777429338075,2.757849691429504
201800042249,NonLethal,2018-03-12,17:45:00,Daylight,940,38,Yes,X-type,Normal,Other,FLOUQUET / SANGNIER,M,48.7685252175573,2.766216184914863
201800042250,NonLethal,2018-03-14,08:00:00,Daylight,940,73,Yes,T-type,Normal,2Vehicles-Behind,R DES ALOUETTES,M,48.75540162435251,2.754037572226209
201800042251,NonLethal,2018-03-17,13:00:00,Daylight,940,21,Yes,X-type,LightRain,2Vehicles-Side,JEAN MERMOZ / GUYNEMER,M,48.76688105239313,2.767482191944909
201800042252,NonLethal,2018-03-21,13:44:00,Daylight,940,65,Yes,Other,Normal,2Vehicles-Side,AV CHARLES LINDBERGH,M,48.75005428801564,2.7509998311840063
201800042253,NonLethal,2018-03-25,12:00:00,Daylight,940,38,Yes,NoIntersection,Normal,2Vehicles-Side,"07, GUSTAVE CHARPENTIER",M,48.77994993986518,2.777774486332959
201800042256,NonLethal,2018-04-05,00:35:00,NightStreelightsOn,940,21,No,T-type,LightRain,2Vehicles-Side,PEPINIERES / ST POL,M,48.7661342872103,2.764803611708203
201800042257,NonLethal,2018-05-04,07:30:00,Daylight,940,34,Yes,NoIntersection,Normal,2Vehicles-Behind,"10, AV DE STALINGRAD",M,48.76187598546624,2.762970783685943
201800042258,NonLethal,2018-06-04,11:50:00,Daylight,940,65,No,NoIntersection,Normal,2Vehicles-Side,A86 PR48+600,M,48.7536180137754,2.754881758423173
201800042259,NonLethal,2018-04-10,21:40:00,NightStreelightsOn,940,34,Yes,T-type,Normal,2Vehicles-Side,BARRAGE / CHATEAU,M,48.75860041844501,2.7585644894926418
201800042260,NonLethal,2018-04-14,11:10:00,Daylight,940,73,Yes,X-type,Overcast,2Vehicles-Side,REPUBLIQUE / ORVILLIERS,M,48.77061948915753,2.768996678263213
201800042261,NonLethal,2018-04-15,04:50:00,NightStreelightsOn,940,73,Yes,Square,Normal,Other,FONTAINEBLEAU / PERRET,M,48.76485057730354,2.7640256986709466
201800042263,NonLethal,2018-04-18,11:00:00,Daylight,940,73,Yes,Square,Normal,2Vehicles-Side,PARKING CC BELLE EPINE,M,48.75663050146703,2.7577119422954097
201800042266,NonLethal,2018-04-20,18:35:00,Daylight,940,65,Yes,T-type,Normal,2Vehicles-Side,AV LINDBERGH / A86,M,48.757351588513096,2.7555800066649985
201800042267,NonLethal,2018-04-23,20:05:00,Daylight,940,73,Yes,T-type,Normal,2Vehicles-Side,PAIX / MAI 1945,M,48.75229017407175,2.751761752996249
201800042268,NonLethal,2018-04-27,15:03:00,Daylight,940,38,Yes,NoIntersection,Normal,2Vehicles-Side,"5 BIS, R HENRI THIRARD",M,48.778816223656825,2.7798473907425665
201800042269,NonLethal,2018-04-29,10:00:00,Daylight,940,73,Yes,X-type,Other,2Vehicles-BehindVehicles-Frontal,25 AOUT l944 / LECLERC,M,48.76155512159839,2.7630929360627423
201800042271,NonLethal,2018-04-05,08:35:00,Daylight,940,38,Yes,NoIntersection,Normal,2Vehicles-Side,"., LARROUMES (AV)",M,48.77633852065981,2.77499050031789
201800042273,NonLethal,2018-05-04,18:20:00,Daylight,940,73,Yes,X-type,Normal,2Vehicles-Side,REPUBLIQUE (AV DE LA),M,48.70035654169825,2.699592093728462
201800042274,NonLethal,2018-05-05,16:25:00,Daylight,940,34,Yes,X-type,Normal,Other,"57, REPUBLIQUE (AV DE LA",M,48.76037645243111,2.7595984542629544
201800042275,NonLethal,2018-08-05,16:50:00,Daylight,940,73,Yes,NoIntersection,Normal,NoCollision,"2, JULES GOURIE (R)",M,48.76350871834903,2.762736004383618
201800042276,NonLethal,2018-05-12,06:15:00,TwilightOrDawn,940,65,Yes,Roundabout,Normal,2Vehicles-Behind,AV CHARLES LINDBERGH,M,48.75235590746703,2.7536480463052317
201800042277,NonLethal,2018-05-13,10:45:00,Daylight,940,73,Yes,T-type,Overcast,2Vehicles-Side,AV GENERAL DE GAULLE,M,48.76913357633397,2.7683329510609687
201800042278,NonLethal,2018-05-16,19:10:00,Daylight,940,34,Yes,Y-type,Normal,Other,61-65 RUE EMILE ZOLA,M,48.7658761047836,2.764342571915691
201800042279,NonLethal,2018-05-17,14:45:00,Daylight,940,34,Yes,NoIntersection,Normal,Other,50 AV DIVISION LECLERC,M,48.76022783339704,2.759850947892512
201800042280,NonLethal,2018-05-17,20:30:00,TwilightOrDawn,940,34,Yes,NoIntersection,Normal,3+Vehicles-Chain,14-16 AVENUE E HERRIOT,M,48.75533660470259,2.754356725512594
201800042281,NonLethal,2018-05-18,16:00:00,Daylight,940,73,Yes,Other,Normal,2Vehicles-BehindVehicles-Frontal,"114, GENERAL DE GAULLE (",M,48.76849914237038,2.767975487402331
201800042282,NonLethal,2018-05-22,22:45:00,NightStreelightsOn,940,73,No,Other,Overcast,Other,ROUTE NATIONALE 86,M,48.75339520344775,2.7537946319192543
201800042283,NonLethal,2018-05-23,12:00:00,Daylight,940,65,Yes,T-type,Normal,2Vehicles-BehindVehicles-Frontal,AVENUE C LINDBERGH,M,48.74650863339068,2.745514843214349
201800042284,NonLethal,2018-05-23,18:10:00,Daylight,940,21,Yes,T-type,Normal,NoCollision,40 RUE JULES BOHY,M,48.76908187319262,2.7711134872953966
201800042285,NonLethal,2018-05-23,12:40:00,Daylight,940,73,Yes,X-type,Normal,2Vehicles-Side,BD DE STALINGRAD,M,48.77060432842072,2.773973479134195
201800042286,NonLethal,2018-05-24,13:55:00,Daylight,940,73,Yes,NoIntersection,Normal,2Vehicles-Behind,"227, FONTAINEBLEAU (AV D",M,48.764185005179066,2.7673462791009915
201800042287,NonLethal,2018-05-27,13:45:00,Daylight,940,21,Yes,NoIntersection,Normal,Other,GEORGES GUYNEMER (AV),M,48.76064396495222,2.7629250722649696
201800042288,NonLethal,2018-06-01,08:30:00,Daylight,940,38,Yes,NoIntersection,Overcast,Other,"24, SAINTE COLOMBE (R)",M,48.77963694560272,2.7787654197333747
201800042290,NonLethal,2018-04-06,18:30:00,Daylight,940,73,Yes,NoIntersection,Normal,2Vehicles-Side,"., STALINGRAD - CAR DES",M,48.77291811061188,2.771814599845285
201800042292,NonLethal,2018-05-06,18:50:00,Daylight,940,21,Yes,NoIntersection,Normal,Other,"5, EDITH PIAF (R)",M,48.77219607798316,2.7722332436546653
201800042293,NonLethal,2018-06-05,05:50:00,TwilightOrDawn,940,65,Yes,NoIntersection,HeavyRain,2Vehicles-BehindVehicles-Frontal,"., CHARLES LINDBERGH (AV",M,48.75464689232614,2.7554952318000963
201800042294,NonLethal,2018-06-07,12:55:00,Daylight,940,65,Yes,Other,Normal,2Vehicles-Side,BRETAGNE (ALLEE DE),M,48.76260753796962,2.763016312313174
201800042295,NonLethal,2018-07-06,17:30:00,Daylight,940,38,Yes,T-type,Normal,2Vehicles-Side,TULIPES (R DES),M,48.77730560102438,2.776444543028333
201800042296,NonLethal,2018-06-08,15:35:00,Daylight,940,38,Yes,X-type,Normal,Other,"., PAUL VAILLANT COUTURI",M,48.77301114299992,2.7739238864116937
201800042298,NonLethal,2018-06-13,09:55:00,Daylight,940,65,Yes,NoIntersection,Normal,2Vehicles-Side,Route nationale 186,M,48.75337330731334,2.7528952330794274
201800042299,NonLethal,2018-06-13,22:40:00,NightStreelightsOn,940,21,Yes,Square,Normal,Other,PLACE MARECHAL DE LATTRE,M,48.77265030177477,2.773769713852041
201800042300,NonLethal,2018-06-14,14:20:00,Daylight,940,65,Yes,Roundabout,Normal,2Vehicles-Side,TROIS MARCHES (AV),M,48.75919913192445,2.76059101733798
201800042301,NonLethal,2018-06-14,23:40:00,NightStreelightsOn,940,38,Yes,NoIntersection,Normal,2Vehicles-Side,"25, SAINTE COLOMBE (R)",M,48.77689265363826,2.776252156728253
201800042302,NonLethal,2018-06-16,12:20:00,Daylight,940,34,Yes,NoIntersection,Normal,2Vehicles-Behind,"95, LIBERTE (AV DE LA)",M,48.7656912303231,2.7674855042562108
201800042303,NonLethal,2018-06-17,23:15:00,NightStreelightsOn,940,38,Yes,X-type,Normal,2Vehicles-Side,"., BICETRE (R DE)",M,48.77199078126562,2.774167512685068
201800042304,NonLethal,2018-06-18,15:15:00,Daylight,940,73,Yes,X-type,Normal,2Vehicles-Side,LUXEMBOURG (AV DU),M,48.75664424982436,2.7575495778959733
201800042305,NonLethal,2018-06-18,16:35:00,Daylight,940,38,Yes,NoIntersection,Normal,Other,"01, ALBERT WATEL (R)",M,48.77783128156737,2.778256793950981
201800042306,NonLethal,2018-06-19,21:50:00,NightStreelightsOn,940,73,Yes,X-type,Normal,2Vehicles-Side,"4l, VERSAILLES (AV DE)",M,48.76262545167407,2.7612326874204607
201800042308,NonLethal,2018-06-22,11:30:00,Daylight,940,21,Yes,NoIntersection,Normal,Other,"., MONTPELLIERS (RUE DE)",M,48.76281496050325,2.763996708571623
201800042309,NonLethal,2018-06-22,13:05:00,Daylight,940,73,No,Other,Normal,2Vehicles-Side,BD DE L'EUROPE,M,48.7566337998154,2.757319222080904
201800042311,NonLethal,2018-06-25,08:20:00,Daylight,940,38,Yes,T-type,Normal,Other,HENRI THIRARD (R),M,48.777859776460936,2.777627828193156
201800042312,NonLethal,2018-06-25,09:00:00,Daylight,940,21,Yes,NoIntersection,Normal,Other,"4, CROIX DU SUD (AV DE L",M,48.77000871847433,2.770551621973673
201800042314,NonLethal,2018-06-27,21:00:00,Daylight,940,38,Yes,T-type,Normal,2Vehicles-Side,"22, JEAN JAURES (R)",M,48.77953145983932,2.7788973073331005
201800042315,NonLethal,2018-06-28,14:45:00,Daylight,940,34,Yes,NoIntersection,Normal,Other,"22, EDOUARD HERRIOT (AV)",M,48.75422596837172,2.7535118651455357
201800042316,NonLethal,2018-06-28,21:00:00,Daylight,940,38,Yes,NoIntersection,Normal,2Vehicles-Side,"3, PERVENCHES (ALL DES)",M,48.77507791695472,2.7780893300268183
201800042317,NonLethal,2018-06-29,16:25:00,Daylight,940,73,Yes,NoIntersection,Normal,2Vehicles-Behind,"12, BAS MARIN (R DU)",M,48.75594908137342,2.754717167643004
201800042318,NonLethal,2018-06-30,07:25:00,Daylight,940,73,No,NoIntersection,Normal,3+Vehicles-Chain,ROUTE NATIONALE 186,M,48.755259007702485,2.753589221545415
201800042319,NonLethal,2018-07-02,07:30:00,Daylight,940,65,Yes,NoIntersection,Normal,3+Vehicles-Multiple,"95, SOLETS (R DES)",M,48.741216809002246,2.7436517566708254
201800042320,NonLethal,2018-07-03,07:30:00,Daylight,940,73,Yes,NoIntersection,Normal,3+Vehicles-Chain,RN 186,M,48.75561871112366,2.752534739244443
201800042321,NonLethal,2018-04-07,13:10:00,Daylight,940,65,Yes,Square,Normal,2Vehicles-Side,TROIS MARCHES (Av des),M,48.75992267620913,2.760062765928516
201800042322,NonLethal,2018-06-07,10:40:00,Daylight,940,34,Yes,NoIntersection,Normal,2Vehicles-Behind,"85, LIBERTE (AV DE LA)",M,48.76491682194535,2.7660559270060388
201800042323,NonLethal,2018-07-07,12:10:00,Daylight,940,73,Yes,T-type,Normal,2Vehicles-Side,"1, boulevard de l'europe",M,48.75885946796458,2.7578613838108983
201800042324,NonLethal,2018-07-07,18:00:00,Daylight,940,73,Yes,NoIntersection,Normal,Other,ALOUETTES (R DES),M,48.75302412359823,2.752753412445299
201800042325,NonLethal,2018-07-10,19:45:00,Daylight,940,38,Yes,NoIntersection,Normal,2Vehicles-BehindVehicles-Frontal,"14, VANEL (R)",M,48.77777121988152,2.777398758230368
201800042326,NonLethal,2018-07-11,21:10:00,Daylight,940,38,Yes,X-type,Normal,2Vehicles-BehindVehicles-Frontal,"123, CHEVILLY (R DE)",M,48.774427277261886,2.7749469846682966
201800042329,NonLethal,2018-07-16,16:00:00,Daylight,940,65,Yes,NoIntersection,Normal,2Vehicles-Behind,PONT DES HALLES (R DU),M,48.75901533192658,2.757821750326358
201800042330,NonLethal,2018-07-18,13:50:00,Daylight,940,21,Yes,NoIntersection,Normal,2Vehicles-Side,"1, rue des meuniers",M,48.760175124400575,2.760268594258899
201800042331,NonLethal,2018-07-18,23:40:00,NightStreelightsOn,940,73,Yes,NoIntersection,Normal,Other,VERSAILLES (AV DE),M,48.76064290214868,2.7607365951319323
201800042332,NonLethal,2018-07-20,18:05:00,Daylight,940,73,Yes,X-type,Normal,3+Vehicles-Chain,STALINGRAD (BD DE),M,48.7680437294787,2.7659010170849605
201800042333,NonLethal,2018-07-23,17:30:00,Daylight,940,38,Yes,T-type,Normal,Other,LARROUMES (AVE),M,48.77854715216064,2.776636057558525
201800042334,NonLethal,2018-07-24,10:30:00,Daylight,940,73,Yes,X-type,Normal,2Vehicles-Side,"2, FRATERNITE (R DE LA)",M,48.76783404655462,2.767396602861465
201800042335,NonLethal,2018-07-28,18:00:00,Daylight,940,73,Yes,Other,Normal,2Vehicles-Side,NORD (BD DU ),M,48.75978641905072,2.7592589876902056
201800042337,NonLethal,2018-07-31,17:32:00,Daylight,940,65,Yes,NoIntersection,Normal,2Vehicles-Behind,CHARLES LINDBERGH (AV),M,48.75766780055385,2.7570463182572817
201800042338,NonLethal,2018-08-01,08:40:00,Daylight,940,73,No,X-type,Normal,2Vehicles-Behind,RN 186,M,48.75589897623079,2.754267380572548
201800042339,NonLethal,2018-08-01,19:30:00,Daylight,940,73,Yes,Y-type,Normal,NoCollision,FONTAINEBLEAU (AV DE),M,48.75355025555584,2.753130468238624
201800042340,NonLethal,2018-08-09,02:15:00,NightStreelightsOn,940,65,Yes,Roundabout,Normal,Other,RTP DE L'EUROPE,M,48.75377014114147,2.753521577542854
201800042341,NonLethal,2018-08-22,16:28:00,Daylight,940,34,Yes,Roundabout,Normal,2Vehicles-Side,DEPORTATION (CAR DE LA),M,48.76101742898324,2.75851484869324
201800042342,NonLethal,2018-08-23,17:20:00,Daylight,940,34,Yes,X-type,Normal,Other,HENRI BARBUSSE (R),M,48.75928891585279,2.759382267612519
201800042343,Lethal,2018-08-24,12:05:00,Daylight,940,73,Yes,T-type,Overcast,2Vehicles-Side,GUSTAVE LEVEILLE (R),M,48.76286803582096,2.763567642782413
201800042344,NonLethal,2018-08-24,16:30:00,Daylight,940,65,No,NoIntersection,Normal,2Vehicles-Behind,FONTAINEBLEAU (AV DE),M,48.75184880426964,2.752115424670834
201800042345,NonLethal,2018-08-26,22:25:00,NightStreelightsOn,940,73,Yes,NoIntersection,Normal,Other,VERSAILLES (AV DE),M,48.75514522264394,2.757417970799232
201800042346,NonLethal,2018-08-27,19:05:00,Daylight,940,34,Yes,Roundabout,Normal,2Vehicles-Side,DIVISION LECLERC - CAR D,M,48.76063751619811,2.760426339650246
201800042347,NonLethal,2018-08-28,21:30:00,NightStreelightsOn,940,73,Yes,X-type,Normal,2Vehicles-Side,VERSAILLES (AV DE),M,48.76075309168312,2.7611516721799743
201800042348,NonLethal,2018-08-31,07:00:00,Daylight,940,65,Yes,Other,Normal,2Vehicles-Side,CARPENTRAS (Rue de),M,48.76073441831269,2.7615249124259544
201800042350,NonLethal,2018-04-09,16:40:00,Daylight,940,38,Yes,NoIntersection,Normal,Other,GUSTAVE CHARPENTIER (R),M,48.77839957262115,2.779685623348636
201800042351,NonLethal,2018-09-08,13:10:00,Daylight,940,34,Yes,NoIntersection,Normal,2Vehicles-BehindVehicles-Frontal,DIVISION LECLERC (AV DE,M,48.76030348341428,2.759984612254519
201800042352,NonLethal,2018-09-09,21:55:00,NightStreelightsOn,940,34,Yes,X-type,Normal,2Vehicles-Side,PASTEUR (BD),M,48.753415265849135,2.753263660945397
201800042353,NonLethal,2018-09-11,17:05:00,Daylight,940,21,Yes,NoIntersection,Normal,2Vehicles-Behind,BOULEVARD CIRCULAIRE E,M,48.7618145506311,2.7628621665232336
201800042354,NonLethal,2018-12-09,03:00:00,NightStreelightsOn,940,21,Yes,NoIntersection,Normal,Other,ADJUDANT CHEF DERICBOURG,M,48.77635640632944,2.7739524249893703
201800042355,NonLethal,2018-09-11,13:10:00,Daylight,940,21,Yes,NoIntersection,Normal,Other,NIVERNAIS (R DU),M,48.77261712589645,2.7755137919799253
201800042356,NonLethal,2018-12-09,12:15:00,Daylight,940,65,Yes,T-type,Normal,2Vehicles-Behind,LUCIEN GRELINGER (AV),M,48.74968338987347,2.7514299659105226
201800042357,NonLethal,2018-09-13,07:55:00,Daylight,940,73,No,NoIntersection,Normal,2Vehicles-Side,ROUTE NATIONALE 186,M,48.75369348533977,2.751803744005719
201800042358,NonLethal,2018-09-14,08:15:00,Daylight,940,65,Yes,NoIntersection,Normal,Other,LUCIEN GRELINGER (AV),M,48.74855044049281,2.749655274737843
201800042359,NonLethal,2018-09-14,16:30:00,Daylight,940,34,Yes,X-type,Normal,2Vehicles-Side,PASTEUR (BD),M,48.75768534496316,2.758560828974831