AccidentId,Gravity,Date,Hour,Light,Department,Commune,InAgglomeration,IntersectionType,Weather,CollisionType,PostalAddress,GPSCode,Latitude,Longitude
201800042360,NonLethal,2018-09-14,18:00:00,Daylight,940,73,Yes,NoIntersection,Normal,2Vehicles-Side,LEON MARCHAND (AV),M,48.75982627329888,2.758143183519272
201800042361,NonLethal,2018-09-18,14:30:00,Daylight,940,73,Yes,NoIntersection,Normal,2Vehicles-Side,ROUTE NATIONALE 186,M,48.75315064353121,2.7531088634027974
201800042362,NonLethal,2018-09-20,15:10:00,Daylight,940,73,Yes,NoIntersection,Normal,2Vehicles-Behind,GENERAL DE GAULLE (AV DU,M,48.76916613690585,2.7662729305047806
201800042364,NonLethal,2018-09-21,07:40:00,NightNoStreetLight,940,73,Yes,NoIntersection,Normal,Other,FONTAINEBLEAU (AV DE),M,48.75503240343151,2.7551356170990404
201800042365,NonLethal,2018-09-24,16:56:00,Daylight,940,65,Yes,T-type,Normal,2Vehicles-Side,CHARLES LINDBERGH (AV),M,48.74796901687295,2.7487764667472443
201800042366,NonLethal,2018-09-25,08:35:00,Daylight,940,73,Yes,T-type,Normal,2Vehicles-Side,LEON MARCHAND (AV),M,48.76675854997646,2.765794755359611
201800042367,NonLethal,2018-09-25,11:00:00,Daylight,940,65,Yes,T-type,Normal,2Vehicles-Behind,RN 186,M,48.7571297722813,2.7549657455150545
201800042369,NonLethal,2018-09-28,22:40:00,NightStreelightsOn,940,21,Yes,NoIntersection,Normal,2Vehicles-Behind,STALINGRAD (AV DE),M,48.76070374231531,2.7608902439349885
201800042370,NonLethal,2018-01-10,21:30:00,NightStreelightsOn,940,73,Yes,NoIntersection,Normal,Other,CIMETIERE PARISIEN (ESP,M,48.76397641510988,2.7619035152891627
201800042371,NonLethal,2018-10-02,13:35:00,Daylight,940,73,Yes,Y-type,Normal,2Vehicles-Side,LUXEMBOURG (AVE DU),M,48.7601256112697,2.759728638933336
201800042372,NonLethal,2018-10-02,17:45:00,Daylight,940,38,Yes,NoIntersection,Normal,2Vehicles-Side,GENERAL LECLERC (AV DU),M,48.77122025616109,2.7719804788758213
201800042373,NonLethal,2018-10-03,16:34:00,Daylight,940,34,Yes,NoIntersection,Normal,2Vehicles-Side,HENRI BARBUSSE (R),M,48.75838872587993,2.7577045893741303
201800042374,NonLethal,2018-10-03,18:00:00,Daylight,940,21,Yes,Other,Normal,2Vehicles-Side,JEAN MERMOZ (BD),M,48.77238496295502,2.7731666451897894
201800042375,NonLethal,2018-03-10,17:35:00,Daylight,940,38,Yes,NoIntersection,Normal,Other,VIOLETTES (ALL DES),M,48.77770225630388,2.7771444280963475
201800042376,NonLethal,2018-03-10,14:00:00,Daylight,940,21,Yes,NoIntersection,Normal,Other,porte de Thiais,M,48.75962824895116,2.75816677322156
201800042377,NonLethal,2018-10-04,15:50:00,Daylight,940,73,Yes,NoIntersection,Normal,Other,LOUIS DUPERREY (R),M,48.768409249285455,2.7677454110533626
201800042378,NonLethal,2018-10-04,16:30:00,Daylight,940,34,Yes,T-type,Normal,2Vehicles-BehindVehicles-Frontal,MAIRIE (AV DE LA),M,48.75597683306433,2.7549595797492072
201800042379,NonLethal,2018-05-10,01:20:00,NightStreelightsOn,940,73,Yes,NoIntersection,Normal,2Vehicles-Side,PERREUX (R DU),M,48.76559299523565,2.765970469270213
201800042380,NonLethal,2018-05-10,17:50:00,Daylight,940,65,Yes,NoIntersection,Normal,3+Vehicles-Multiple,CHARLES LINDBERGH (AV),M,48.75306440185253,2.753130816421388
201800042381,Lethal,2018-06-10,04:20:00,NightStreelightsOn,940,73,Yes,NoIntersection,Normal,Other,VERSAILLES (AV DE),M,48.75678960031467,2.7581638810066456
201800042382,NonLethal,2018-09-30,01:30:00,NightStreelightsOn,940,34,Yes,NoIntersection,Normal,Other,PARC DES SPORTS (AV DU),M,48.754677216988966,2.7517904535348383
201800042384,NonLethal,2018-10-11,12:15:00,Daylight,940,65,No,Other,Normal,NoCollision,CHARLES LINDBERGH (AV),M,48.7449457069992,2.746246614218269
201800042385,NonLethal,2018-10-15,15:20:00,Daylight,940,73,Yes,Other,Normal,2Vehicles-Side,LUXEMBOURG (R),M,48.755607255304405,2.755866388528192
201800042388,NonLethal,2018-10-17,07:40:00,Daylight,940,65,No,Other,Normal,Other,TRAVERSIERE (R),M,48.74814307163783,2.7480457997714707
201800042389,NonLethal,2018-10-19,08:58:00,Daylight,940,65,Yes,NoIntersection,Normal,2Vehicles-Side,RN 186,M,48.748999170510665,2.7490604660990168
201800042390,NonLethal,2018-10-20,20:05:00,NightStreelightsOn,940,73,Yes,NoIntersection,Normal,Other,VICTOR BASCH (R),M,48.76101840726815,2.761871787381647
201800042391,NonLethal,2018-10-22,17:35:00,Daylight,940,73,Yes,T-type,Normal,2Vehicles-Side,PRESIDENT ROOSEVELT (AV,M,48.76658570288565,2.766338778511818
201800042392,NonLethal,2018-10-25,10:10:00,Daylight,940,65,Yes,X-type,Normal,Other,SOLETS (R DES),M,48.74328717205608,2.7416976709503267
201800042394,NonLethal,2018-10-30,07:30:00,Daylight,940,21,Yes,Other,LightRain,2Vehicles-BehindVehicles-Frontal,JEAN MERMOZ (BD),M,48.7667414502895,2.7672921409767026
201800042395,NonLethal,2018-07-11,13:55:00,Daylight,940,73,Yes,NoIntersection,LightRain,NoCollision,FONTAINEBLEAU (AV DE),M,48.75969288804646,2.7589840610237992
201800042396,NonLethal,2018-11-08,18:10:00,NightStreelightsOn,940,73,Yes,NoIntersection,Normal,Other,boulevard du midi,M,48.75506631558694,2.756518585461825
201800042397,NonLethal,2018-11-12,10:00:00,Daylight,940,65,Yes,NoIntersection,LightRain,Other,TOULOUSE (RUE),M,48.75931792510781,2.763005737941465
201800042398,NonLethal,2018-12-11,19:00:00,NightStreelightsOn,940,21,Yes,NoIntersection,Overcast,Other,CROIX DU SUD (AV DE LA),M,48.77026841557316,2.769466541768969
201800042399,NonLethal,2018-11-14,07:00:00,TwilightOrDawn,940,65,Yes,Y-type,Normal,2Vehicles-Side,PONT DES HALLES (R DU),M,48.7591474070664,2.759344711685031
201800042400,NonLethal,2018-11-14,07:40:00,Daylight,940,34,Yes,Y-type,Normal,2Vehicles-Side,PASTEUR (BD),M,48.7547121825855,2.7562020388174715
201800042401,NonLethal,2018-11-16,08:30:00,Daylight,940,34,Yes,NoIntersection,Overcast,2Vehicles-Side,REPUBLIQUE (AV DE LA),M,48.75830545849379,2.758696028960508
201800042402,NonLethal,2018-11-19,12:00:00,Daylight,940,38,Yes,NoIntersection,Normal,Other,BICETRE (R DE),M,48.77015357879013,2.7715172686998386
201800042404,NonLethal,2018-11-27,13:45:00,Daylight,940,73,Yes,NoIntersection,Normal,2Vehicles-Behind,GEORGES HALGOULT (R),M,48.76320771313659,2.7650493929356745
201800042405,NonLethal,2018-11-27,16:40:00,Daylight,940,65,Yes,NoIntersection,HeavyRain,Other,GARE (AV DE LA),M,48.73953615462473,2.741324718627777
201800042406,NonLethal,2018-11-30,07:10:00,TwilightOrDawn,940,21,Yes,Roundabout,Normal,Other,CITE (AV DE LA),M,48.76096153457436,2.7602524810915035
201800042407,NonLethal,2018-11-30,12:50:00,Daylight,940,65,Yes,NoIntersection,Normal,Other,NOTRE DAME (R),M,48.750338753745794,2.7474483050101366
201800042408,NonLethal,2018-12-03,18:50:00,TwilightOrDawn,940,65,Yes,Y-type,Normal,Other,PARAY (CHE DE),M,48.745789540847056,2.747092925502461
201800042409,NonLethal,2018-12-04,05:55:00,NightStreelightsOn,940,38,Yes,Other,Normal,2Vehicles-Side,GUSTAVE CHARPENTIER (R),M,48.78017316737223,2.777921010086993
201800042410,NonLethal,2018-12-08,07:20:00,NightStreelightsOn,940,73,Yes,NoIntersection,Normal,2Vehicles-Behind,FONTAINEBLEAU (AV DE),M,48.76028483595476,2.7632035697838724
201800042411,NonLethal,2018-08-12,08:30:00,Daylight,940,34,Yes,Other,Overcast,Other,PASTEUR (BD),M,48.75709231126891,2.75690685135913
201800042412,NonLethal,2018-12-08,12:10:00,Daylight,940,73,Yes,NoIntersection,Overcast,Other,FONTAINEBLEAU (AV DE),M,48.76524975975769,2.767206941024371
201800042413,NonLethal,2018-11-12,08:40:00,Daylight,940,73,Yes,NoIntersection,Normal,Other,MARECHAL DE LATTRE DE TA,M,48.75924814397012,2.7606707862264552
201800042414,NonLethal,2018-12-11,18:00:00,NightStreelightsOn,940,38,Yes,NoIntersection,Normal,Other,JEAN JAURES (R),M,48.779157381780536,2.780034435316588
201800042415,NonLethal,2018-12-12,20:00:00,NightStreelightsOn,940,21,Yes,NoIntersection,Normal,2Vehicles-Behind,GEORGES GUYNEMER (AV),M,48.762819771470646,2.762973433483969
201800042417,NonLethal,2018-12-13,21:50:00,NightStreelightsOn,940,73,Yes,NoIntersection,Normal,Other,JEAN JAURES (R),M,48.7694675511368,2.7675449368044696
201800042418,NonLethal,2018-12-15,23:40:00,NightStreelightsOn,940,73,Yes,Other,LightRain,2Vehicles-Side,LUXEMBOURG (AV DU),M,48.75598574093824,2.75591995298703
201800042420,NonLethal,2018-12-18,07:35:00,Daylight,940,21,Yes,NoIntersection,Normal,NoCollision,DE LA CITE (AV),M,48.758939876861454,2.759014803484216
201800042421,NonLethal,2018-12-20,08:50:00,Daylight,940,73,Yes,NoIntersection,Overcast,3+Vehicles-Chain,DOCTEUR MARIE (R DU),M,48.745527984254096,2.7455171943801315
201800042422,NonLethal,2018-12-21,05:45:00,NightNoStreetLight,940,73,No,NoIntersection,LightRain,Other,OLIVIERS (R DES),M,48.74946691482162,2.751226456146295
201800042423,NonLethal,2018-12-22,15:40:00,Daylight,940,73,Yes,Other,Normal,2Vehicles-Side,LEON MARCHAND (AV),M,48.76563027162232,2.7653532999930555
201800042424,NonLethal,2018-12-22,20:30:00,NightNoStreetLight,940,73,Yes,NoIntersection,Normal,Other,BAS MARIN (R DU),M,48.75681285700756,2.756207698006934
201800042426,NonLethal,2018-12-28,18:40:00,NightStreelightsOn,940,34,Yes,NoIntersection,Normal,Other,PASTEUR (BD),M,48.75781210977343,2.7575983977500163
201800042427,NonLethal,2018-12-29,06:30:00,NightNoStreetLight,940,21,Yes,X-type,Normal,2Vehicles-Side,BOULEVARD CIRCULAIRE,M,48.76787540928359,2.766201007085525
201800042428,NonLethal,2018-12-31,17:30:00,NightStreelightsOn,940,38,Yes,X-type,Normal,Other,LARROUMES (AV),M,48.776580101644015,2.7803118621588148
201800042429,NonLethal,2018-01-05,09:05:00,Daylight,940,41,Yes,T-type,Normal,2Vehicles-Side,BOYER/BRUNESEAU,M,48.82299903714871,2.8258625505769963
201800042430,NonLethal,2018-06-01,19:45:00,NightStreelightsOn,940,41,Yes,X-type,Normal,2Vehicles-BehindVehicles-Frontal,COMPAGNON/MANDELA,M,48.81849873425684,2.819582095040933
201800042432,NonLethal,2018-01-13,15:50:00,Daylight,940,41,Yes,Y-type,Normal,Other,GOSNAT/CACHIN,M,48.81326025902359,2.814356442670407
201800042433,NonLethal,2018-01-17,23:25:00,NightStreelightsOn,940,41,Yes,NoIntersection,Normal,Other,"102, AV GEORGES GOSNAT",M,48.81334360125102,2.810139276071556
201800042434,NonLethal,2018-01-21,19:20:00,NightStreelightsOn,940,41,Yes,T-type,LightRain,2Vehicles-Side,CASANOVA/TILLON,M,48.81550929335015,2.815097314531968
201800042435,NonLethal,2018-01-25,18:20:00,TwilightOrDawn,940,41,Yes,X-type,LightRain,Other,ST JUST/DESCARTES,M,48.813182820810006,2.8130459259207283
201800042436,NonLethal,2018-01-26,13:00:00,Daylight,940,41,Yes,NoIntersection,VeryGood,Other,"72, AV GEORGES GOSNAT",M,48.81250494038423,2.8139007711753514
201800042437,NonLethal,2018-01-26,15:20:00,Daylight,940,41,Yes,T-type,Overcast,Other,GOSNAT/MARAT,M,48.80938198358102,2.8129811799881743
201800042438,NonLethal,2018-01-26,17:00:00,Daylight,940,41,Yes,Roundabout,LightRain,Other,BRANDEBOURG/JAURES,M,48.81448609541497,2.8141804365432077
201800042439,NonLethal,2018-02-10,12:00:00,Daylight,940,41,Yes,T-type,VeryGood,Other,D'ORVES/PERI,M,48.8128945780803,2.814069936746257
201800042440,NonLethal,2018-02-23,15:00:00,Daylight,940,41,Yes,T-type,Normal,2Vehicles-Side,BOYER/BRUNESEAU,M,48.82492979652187,2.82567975960152
201800042441,NonLethal,2018-02-24,20:00:00,NightStreelightsOn,940,41,Yes,T-type,Normal,Other,MITTERAND/BRETAGNE,M,48.82274468058397,2.8211833408599936
201800042442,NonLethal,2018-02-27,20:15:00,NightStreelightsOn,940,41,Yes,Square,Normal,Other,"1, GEORGES MARRANE (ESP)",M,48.8106895042062,2.812829068010676
201800042443,NonLethal,2018-02-03,20:40:00,NightStreelightsOn,940,41,Yes,NoIntersection,Normal,2Vehicles-BehindVehicles-Frontal,"47, R ERNEST RENAN",M,48.805515931097965,2.806998688557098
201800042444,NonLethal,2018-08-03,06:10:00,NightStreelightsOn,940,41,Yes,NoIntersection,Normal,Other,"103, AV GEORGES GOSNAT",M,48.81194855365637,2.811431820033782
201800042445,NonLethal,2018-08-03,15:30:00,Daylight,940,41,Yes,NoIntersection,HeavyRain,Other,"105, AV GEORGES GOSNAT",M,48.81269430046049,2.8116419818682004
201800042446,NonLethal,2018-03-09,20:00:00,NightStreelightsOn,940,41,Yes,T-type,Normal,Other,WESTERMEYER / GUNSBOURG,M,48.80939325567664,2.81212639344761
201800042447,NonLethal,2018-03-22,13:00:00,Daylight,940,41,Yes,NoIntersection,Overcast,2Vehicles-Side,"47 bis, R ERNEST RENAN",M,48.80766788929037,2.806368328655777
201800042448,NonLethal,2018-03-29,12:45:00,Daylight,940,41,Yes,NoIntersection,Normal,Other,"1/12, FRANCOIS MITTERAND",M,48.82185898480973,2.824851472832029
201800042450,NonLethal,2018-04-03,22:30:00,NightStreelightsOn,940,41,Yes,X-type,Normal,2Vehicles-Side,"2, LE GALLEU / GASTON C",M,48.80979256688825,2.8100036999521736
201800042451,NonLethal,2018-06-04,22:40:00,NightStreelightsOn,940,41,Yes,NoIntersection,Normal,Other,"42, AV PIERRE SEMARD",M,48.820290795613104,2.818354898236926
201800042452,NonLethal,2018-04-10,06:00:00,NightStreelightsOn,940,41,Yes,NoIntersection,Normal,2Vehicles-BehindVehicles-Frontal,13 QU HENRI POURCHASSE,M,48.812447258623074,2.8112902887822813
201800042453,NonLethal,2018-04-13,16:55:00,Daylight,940,41,Yes,X-type,Normal,Other,"30, BAUDIN / POULMARCH",M,48.8159059059854,2.815979485750833
201800042454,NonLethal,2018-04-14,20:00:00,TwilightOrDawn,940,41,Yes,NoIntersection,Normal,NoCollision,"3, MAURICE GRANDCOING (R",M,48.81298246906702,2.8154049297050747
201800042455,NonLethal,2018-04-21,15:15:00,Daylight,940,41,Yes,X-type,Normal,2Vehicles-Side,16 ROUSSEAU / VANZUPPE,M,48.820160727780745,2.81890085211576
201800042457,NonLethal,2018-04-30,22:55:00,NightStreelightsOn,940,41,Yes,NoIntersection,LightRain,Other,"12,R GASTON MONMOUSSEAU",M,48.80578239939044,2.805901753113683
201800042458,NonLethal,2018-05-15,14:40:00,Daylight,940,41,Yes,X-type,Normal,2Vehicles-Side,"34, COLONEL FABIEN (BD D",M,48.81534598892598,2.8148854203678417
201800042459,NonLethal,2018-05-22,16:45:00,Daylight,940,41,Yes,X-type,LightRain,2Vehicles-Behind,"135, MAURICE THOREZ (AV)",M,48.820388902914814,2.8187329778570014
201800042461,NonLethal,2018-05-06,08:55:00,Daylight,940,41,Yes,NoIntersection,LightRain,2Vehicles-Behind,"13, GASTON CORNAVIN (R)",M,48.81044698669759,2.811831576621154
201800042462,NonLethal,2018-08-06,14:30:00,Daylight,940,41,Yes,T-type,Normal,Other,"38, LENINE (R)",M,48.81496395870809,2.816381585978256
201800042463,NonLethal,2018-06-08,15:45:00,Daylight,940,41,Yes,X-type,Normal,Other,"110, JEAN LE GALLEU (R)",M,48.812254939479054,2.809000227572379
201800042464,NonLethal,2018-10-06,04:25:00,NightStreelightsOn,940,41,Yes,NoIntersection,Normal,Other,MAURICE THOREZ (AV),M,48.81777168218716,2.819110577270832
201800042465,NonLethal,2018-06-11,08:30:00,Daylight,940,41,Yes,NoIntersection,LightRain,Other,"7, JEAN JACQUES ROUSSEAU",M,48.82088081977842,2.820586597404105
201800042466,NonLethal,2018-06-12,09:30:00,Daylight,940,41,Yes,NoIntersection,LightRain,Other,"45, SAINT JUST (R)",M,48.81072227715502,2.8106909695187445
201800042467,NonLethal,2018-06-18,19:20:00,Daylight,940,41,Yes,NoIntersection,Normal,2Vehicles-Side,"48, AUGUSTE DESHAIES (QU",M,48.81075739733384,2.810195931910506
201800042468,NonLethal,2018-06-19,21:00:00,Daylight,940,41,Yes,NoIntersection,Normal,Other,"13, PIERRE RIGAUD (R)",M,48.814361134741056,2.8124071748578343
201800042470,NonLethal,2018-06-22,17:25:00,Daylight,940,41,Yes,NoIntersection,Normal,2Vehicles-Behind,"21, MAURICE GRANDCOING (",M,48.81326993740857,2.8147774217887864
201800042471,NonLethal,2018-06-23,17:10:00,Daylight,940,41,Yes,NoIntersection,Normal,2Vehicles-Behind,"1, AMEDEE HUON (R)",M,48.80500134866206,2.8047244440619767
201800042472,NonLethal,2018-06-24,22:10:00,NightStreelightsOn,940,41,Yes,NoIntersection,Normal,2Vehicles-Behind,"0l, GASTON CORNAVIN (R)",M,48.81032312021552,2.8095339834635067
201800042473,NonLethal,2018-06-25,21:35:00,TwilightOrDawn,940,41,Yes,NoIntersection,Normal,NoCollision,"35, WESTERMEYER (R)",M,48.80871653014852,2.8097462399689905
201800042474,NonLethal,2018-06-27,22:15:00,NightStreelightsOn,940,41,Yes,T-type,Normal,2Vehicles-Side,"12, RASPAIL (R)",M,48.8122097518901,2.8120169118543825
201800042475,NonLethal,2018-06-20,17:00:00,Daylight,940,41,Yes,NoIntersection,Normal,Other,"18, JEAN MARIE POULMARCH",M,48.81560407439747,2.8164153229857063
201800042476,NonLethal,2018-06-30,06:45:00,TwilightOrDawn,940,41,Yes,NoIntersection,Normal,Other,"40, HENRI BARBUSSE (AV)",M,48.808077502324906,2.809247666213357
201800042478,NonLethal,2018-03-07,16:55:00,Daylight,940,41,Yes,NoIntersection,Normal,2Vehicles-Side,"138, DANIELLE CASANOVA (",M,48.81389655293396,2.8148797990172167
201800042479,NonLethal,2018-04-07,09:30:00,Daylight,940,41,Yes,NoIntersection,Normal,2Vehicles-Side,"48, JEAN COMPAGNON (QU)",M,48.81827044408768,2.8170343329748504
201800042480,NonLethal,2018-07-12,09:55:00,Daylight,940,41,Yes,NoIntersection,Normal,2Vehicles-Side,"31, MARCEL BOYER (QU)",M,48.82249593379616,2.822330798107465
201800042481,NonLethal,2018-07-15,18:00:00,Daylight,940,41,Yes,NoIntersection,Normal,2Vehicles-Side,"128, STALINGRAD (BD DE)",M,48.80464853197234,2.803657892130712
201800042482,NonLethal,2018-07-16,05:55:00,TwilightOrDawn,940,41,Yes,X-type,Normal,2Vehicles-Side,"84, JEAN LE GALLEU (R)",M,48.809910784439765,2.8111698700339867
201800042484,NonLethal,2018-07-19,11:45:00,Daylight,940,41,Yes,NoIntersection,Normal,Other,"3, MARAT (R)",M,48.81247830439224,2.811110088417208
201800042485,NonLethal,2018-07-26,19:45:00,Daylight,940,41,Yes,NoIntersection,Normal,Other,HENRI MARTIN (R),M,48.80693988599486,2.8038978832757104
201800042486,NonLethal,2018-07-27,18:30:00,Daylight,940,41,Yes,Other,LightRain,2Vehicles-BehindVehicles-Frontal,GALILEE (R),M,48.81584249132,2.8158663732883547
201800042487,NonLethal,2018-02-08,11:55:00,Daylight,940,41,Yes,NoIntersection,Normal,2Vehicles-Behind,REPUBLIQUE (AV DE LA),M,48.80475693792322,2.804707174610071
201800042488,NonLethal,2018-08-04,19:20:00,Daylight,940,41,Yes,T-type,Normal,Other,MARAT (R),M,48.809800231431566,2.8094714525832023
201800042489,NonLethal,2018-07-02,08:40:00,Daylight,940,41,Yes,T-type,Normal,2Vehicles-Side,"28, MARCEL BOYER (QU)",M,48.82135137893151,2.8223664714589507
201800042490,NonLethal,2018-08-08,18:04:00,Daylight,940,41,Yes,NoIntersection,Normal,2Vehicles-Side,HOCHE (R),M,48.82299595740981,2.82483015596954
201800042491,NonLethal,2018-08-09,16:42:00,Daylight,940,41,Yes,Other,LightRain,Other,VERDUN (AV DE),M,48.81302318963486,2.8111177055981216
201800042492,NonLethal,2018-08-13,17:10:00,Daylight,940,41,Yes,NoIntersection,Normal,Other,MOLIERE (R),M,48.81527158733272,2.8155968611573163
201800042493,NonLethal,2018-08-15,18:10:00,Daylight,940,41,Yes,X-type,Normal,2Vehicles-Side,DANIELLE CASANOVA (AV),M,48.81672885875442,2.815871143582965
201800042494,NonLethal,2018-08-19,13:20:00,Daylight,940,41,Yes,NoIntersection,Normal,2Vehicles-BehindVehicles-Frontal,MARCEL BOYER (QU),M,48.82292213799138,2.8251769532813378
201800042495,NonLethal,2018-08-24,17:15:00,Daylight,940,41,Yes,NoIntersection,Normal,2Vehicles-Side,MOLIERE (R),M,48.81247533593341,2.814840844607221
201800042496,NonLethal,2018-08-26,00:50:00,NightStreelightsOn,940,41,Yes,NoIntersection,Normal,2Vehicles-Side,PIERRE SEMARD (AV),M,48.81929624215307,2.817824997531313
201800042497,NonLethal,2018-08-27,19:40:00,TwilightOrDawn,940,41,Yes,NoIntersection,Normal,Other,PIERRE GUIGNOIS (R),M,48.81229411547293,2.812202258122822
201800042498,NonLethal,2018-08-28,18:00:00,Daylight,940,41,Yes,NoIntersection,Normal,2Vehicles-Side,GEORGES GOSNAT (AV),M,48.81113564938001,2.8129588990820844
201800042499,NonLethal,2018-08-28,16:50:00,Daylight,940,41,Yes,X-type,Normal,2Vehicles-Side,LOUIS BERTRAND (R),M,48.81530029867364,2.816049540071349
201800042500,NonLethal,2018-08-28,18:35:00,Daylight,940,41,Yes,NoIntersection,Normal,2Vehicles-Behind,VERDUN (AV DE),M,48.80829996126917,2.8077384405825305
201800042501,NonLethal,2018-09-10,13:20:00,Daylight,940,41,Yes,NoIntersection,Normal,Other,GEORGES GOSNAT (AV),M,48.81201324521154,2.8118150713412247
201800042503,NonLethal,2018-09-14,19:35:00,TwilightOrDawn,940,41,Yes,NoIntersection,Normal,2Vehicles-Behind,MARCEL BOYER (QU),M,48.82547605294628,2.824097974891286
201800042504,NonLethal,2018-09-15,15:55:00,Daylight,940,41,Yes,NoIntersection,Normal,Other,ERNEST RENAN (R),M,48.80869396670147,2.8045749517341525
201800042505,NonLethal,2018-09-22,10:55:00,Daylight,940,41,Yes,NoIntersection,Normal,Other,MARAT (R),M,48.80655887469665,2.808080425587248
201800042506,NonLethal,2018-09-15,15:50:00,Daylight,940,41,Yes,NoIntersection,Normal,2Vehicles-Behind,DANIELLE CASANOVA (AV),M,48.81162080079815,2.8102313753019037
201800042507,NonLethal,2018-09-01,17:15:00,Daylight,940,41,Yes,NoIntersection,Normal,Other,RUE HOCHE,M,48.813893168326295,2.811082506301447
201800042508,NonLethal,2018-09-08,15:50:00,Daylight,940,41,Yes,NoIntersection,Normal,Other,JEAN JAURES (AV),M,48.81289631764403,2.811290784539341
201800042509,NonLethal,2018-10-01,17:00:00,Daylight,940,41,Yes,NoIntersection,Normal,Other,SAINT JUST (R),M,48.81163153075713,2.8105058320761174
201800042510,NonLethal,2018-03-10,11:05:00,Daylight,940,41,Yes,NoIntersection,Normal,2Vehicles-Side,AUGUSTE DESHAIES (QU),M,48.81664787918732,2.817030430669253
201800042511,NonLethal,2018-03-10,14:30:00,Daylight,940,41,Yes,X-type,Normal,2Vehicles-Side,GARE (R DE LA),M,48.81511457149449,2.815756862073875
201800042512,NonLethal,2018-10-08,17:20:00,Daylight,940,41,Yes,NoIntersection,Normal,Other,HENRI MARTIN (R),M,48.80649362819626,2.804553920072587
201800042513,NonLethal,2018-10-10,16:14:00,Daylight,940,41,Yes,X-type,Normal,2Vehicles-Side,JEAN JACQUES ROUSSEAU (R,M,48.82067776556442,2.8180882898557624
201800042515,NonLethal,2018-10-16,22:40:00,NightStreelightsOn,940,41,Yes,NoIntersection,Normal,Other,VICTOR HUGO (R),M,48.81902361064083,2.8195146947711964
201800042516,NonLethal,2018-10-23,00:15:00,NightStreelightsOn,940,41,Yes,Other,Normal,2Vehicles-Side,LENINE (R),M,48.818433770654536,2.8182711123538717
201800042517,NonLethal,2018-11-04,14:10:00,Daylight,940,41,Yes,NoIntersection,Normal,Other,MICHELET (R),M,48.80746648366469,2.80816454954053
201800042519,NonLethal,2018-11-13,06:00:00,NightNoStreetLight,940,41,Yes,NoIntersection,LightRain,2Vehicles-Side,PIERRE ET MARIE CURIE (R,M,48.812756011373054,2.8120312917534096
201800042520,NonLethal,2018-11-13,18:00:00,TwilightOrDawn,940,41,Yes,Other,Normal,2Vehicles-Side,CHARLES LEROY (R),M,48.81462141533337,2.818508729041823
201800042521,NonLethal,2018-11-14,15:20:00,Daylight,940,41,Yes,NoIntersection,Normal,2Vehicles-Behind,HENRI BARBUSSE (AV),M,48.80969289430364,2.8072556172201617
201800042522,NonLethal,2018-11-17,14:55:00,Daylight,940,41,Yes,T-type,Normal,2Vehicles-Side,VERDUN (AV DE),M,48.81629100975638,2.816154569116156
201800042523,NonLethal,2018-11-19,20:50:00,NightStreelightsOn,940,41,Yes,X-type,LightRain,Other,JEAN JACQUES ROUSSEAU (R,M,48.81795322702238,2.81596087935443
201800042524,NonLethal,2018-11-22,08:00:00,Daylight,940,41,Yes,NoIntersection,Normal,Other,GEORGES GOSNAT (AV),M,48.81152942918718,2.813407919651865
201800042525,NonLethal,2018-11-26,12:05:00,Daylight,940,41,Yes,NoIntersection,LightRain,Other,STALINGRAD (BD DE),M,48.80602963014025,2.803238914959174
201800042528,NonLethal,2018-12-15,22:30:00,NightStreelightsOn,940,41,Yes,NoIntersection,HeavyRain,3+Vehicles-Multiple,MARCEL BOYER (QU),M,48.824030222357166,2.8249851591597253
201800042529,NonLethal,2018-12-16,05:55:00,NightStreelightsOn,940,41,Yes,Roundabout,LightRain,Other,JEAN-BAPTISTE RENOULT (R,M,48.80425431502982,2.8044258441922376
201800042530,NonLethal,2018-12-18,16:20:00,Daylight,940,41,Yes,NoIntersection,Normal,Other,MAURICE THOREZ (AV),M,48.81573722371242,2.8154064041106683
201800042531,NonLethal,2018-12-25,20:30:00,NightStreelightsOn,940,41,Yes,NoIntersection,Normal,Other,GEORGES GOSNAT (AV),M,48.81356570098253,2.811999712858888
201800042532,NonLethal,2018-12-26,14:35:00,Daylight,940,41,Yes,X-type,Overcast,2Vehicles-Side,VERDUN (AV DE),M,48.80607236548692,2.8066888228978764
201800042533,NonLethal,2018-12-27,08:00:00,TwilightOrDawn,940,41,Yes,X-type,Overcast,Other,SAINT JUST (R),M,48.80974605687328,2.808506969254062
201800042534,NonLethal,2018-03-01,18:43:00,NightStreelightsOn,940,37,Yes,NoIntersection,Normal,Other,"16, RUE CHARLES FREROT",M,48.81648105615431,2.8151839677159805
201800042535,NonLethal,2018-03-04,17:00:00,Daylight,940,3,Yes,X-type,Normal,Other,PERI / COUTURIER,M,48.79932319975182,2.8001959631260167
201800042537,NonLethal,2018-09-03,11:50:00,Daylight,940,76,Yes,X-type,LightRain,2Vehicles-Side,GORKI / DAUMIER,M,48.79220741378729,2.792505068562425
201800042538,NonLethal,2018-12-03,16:02:00,Daylight,940,76,Yes,NoIntersection,LightRain,Other,67 STALINGRAD,M,48.781367221943285,2.78207939241058
201800042540,NonLethal,2018-03-21,08:40:00,Daylight,940,76,Yes,NoIntersection,Normal,Other,"58, JEAN BAPTISTE BAUDIN",M,48.79494432705632,2.7977766425695862
201800042541,NonLethal,2018-03-21,07:50:00,Daylight,940,16,Yes,X-type,Normal,2Vehicles-Side,BEAUSEJOUR / SAUSSAIES,M,48.78709319336524,2.786213588197092
201800042543,NonLethal,2018-03-23,01:00:00,NightStreelightsOn,940,43,Yes,X-type,Normal,2Vehicles-Side,FONTAINEBLEAU / DELESCLU,M,48.813299247254015,2.812114711960233