AccidentId,Gravity,Date,Hour,Light,Department,Commune,InAgglomeration,IntersectionType,Weather,CollisionType,PostalAddress,GPSCode,Latitude,Longitude
201800042544,NonLethal,2018-03-25,17:23:00,Daylight,940,76,Yes,X-type,Normal,2Vehicles-Side,HAMON / REPUBLIQUE,M,48.789418694502096,2.78898834260625
201800042545,NonLethal,2018-03-27,08:25:00,Daylight,940,43,Yes,Roundabout,LightRain,Other,LACROIX / CURIE,M,48.814312537655326,2.8142595318889936
201800042546,NonLethal,2018-03-27,12:50:00,Daylight,940,37,Yes,X-type,LightRain,2Vehicles-Side,LECLERC / ALLENDE,M,48.811060747690405,2.8127461099518283
201800042547,NonLethal,2018-03-27,17:20:00,Daylight,940,43,Yes,X-type,LightRain,2Vehicles-Side,FONTAINEBLEAU / SALENGRO,M,48.81436043197084,2.8168429006991613
201800042548,NonLethal,2018-07-27,09:15:00,Daylight,940,76,Yes,NoIntersection,Normal,2Vehicles-Side,MAXIME GORKI (BD),M,48.7944198025036,2.7934620587805536
201800042549,NonLethal,2018-07-28,13:45:00,Daylight,940,3,Yes,NoIntersection,VeryGood,Other,MARTYRS DU 8 FEVRIER 1 (,M,48.81345277711721,2.813784442764252
201800042550,NonLethal,2018-02-08,19:35:00,Daylight,940,76,Yes,NoIntersection,VeryGood,Other,KARL MARX (AV),M,48.86106050625561,2.8636051498778827
201800042551,NonLethal,2018-04-08,13:40:00,Daylight,940,3,Yes,NoIntersection,Normal,Other,PAUL DOUMER (AV),M,48.80424571624798,2.80463041306003
201800042553,NonLethal,2018-08-15,15:40:00,Daylight,940,16,Yes,NoIntersection,Normal,2Vehicles-Behind,ARISTIDE BRIAND (AV),M,48.78975160222791,2.790579877067136
201800042554,NonLethal,2018-08-14,18:50:00,Daylight,940,3,Yes,NoIntersection,Normal,2Vehicles-Behind,PAUL VAILLANT COUTURIER,M,48.80018528152221,2.800257767668663
201800042555,NonLethal,2018-08-17,14:50:00,Daylight,940,43,Yes,T-type,Normal,Other,CONVENTION (R DE LA),M,48.81350993917916,2.810358812771061
201800042556,NonLethal,2018-08-21,17:50:00,Daylight,940,76,Yes,Other,Normal,2Vehicles-Side,PARIS (AV DE),M,48.80046018524775,2.800097913912519
201800042557,NonLethal,2018-08-29,05:00:00,NightStreelightsOn,940,16,Yes,NoIntersection,HeavyRain,Other,MARECHAL DE LATTRE DE TA,M,48.78952607759314,2.791615959331512
201800042558,NonLethal,2018-08-31,17:50:00,Daylight,940,43,Yes,NoIntersection,Normal,Other,CONVENTION (R DE LA),M,48.812975971830205,2.812960622240891
201800042559,NonLethal,2018-03-09,08:10:00,Daylight,940,76,Yes,NoIntersection,Normal,2Vehicles-Side,MAXIME GORKI (BD),M,48.79301799675732,2.79177170922948
201800042560,NonLethal,2018-06-09,12:00:00,Daylight,940,3,Yes,T-type,Normal,2Vehicles-Side,CONVENTION (AV DE LA),M,48.79937637599852,2.802041501957914
201800042561,NonLethal,2018-09-09,12:10:00,Daylight,940,76,Yes,NoIntersection,Normal,Other,PARIS (AV DE),M,48.80379022619488,2.8037444379348755
201800042562,NonLethal,2018-09-11,14:20:00,Daylight,940,43,Yes,Other,Normal,Other,CHASTENET DE GERY (BD),M,48.79999969152869,2.802106086947047
201800042563,NonLethal,2018-12-09,08:30:00,Daylight,940,3,Yes,NoIntersection,Normal,Other,PAUL VAILLANT COUTURIER,M,48.79994364628268,2.799793381808486
201800042564,NonLethal,2018-09-12,08:40:00,Daylight,940,37,Yes,NoIntersection,Normal,NoCollision,JEAN JAURES (AV),M,48.81463942314012,2.815721553591481
201800042565,NonLethal,2018-09-14,08:50:00,Daylight,940,76,Yes,NoIntersection,Normal,Other,PARIS (AV DE),M,48.80345529988026,2.80238006049521
201800042566,NonLethal,2018-09-14,19:20:00,Daylight,940,76,Yes,Other,Normal,NoCollision,PAUL BERT (R),M,48.79007699514314,2.7922680231498678
201800042568,NonLethal,2018-09-22,18:25:00,Daylight,940,37,Yes,T-type,LightRain,NoCollision,RASPAIL (AV),M,48.80828504716111,2.8088336589158898
201800042569,NonLethal,2018-09-19,18:40:00,TwilightOrDawn,940,76,Yes,NoIntersection,Normal,2Vehicles-Side,CHEVILLY (R DE),M,48.78698043767046,2.78844826704295
201800042570,NonLethal,2018-09-24,18:20:00,Daylight,940,76,Yes,NoIntersection,Normal,Other,STALINGRAD (AV DE),M,48.78534255098035,2.784649311000883
201800042572,NonLethal,2018-09-26,16:20:00,Daylight,940,76,Yes,NoIntersection,Normal,NoCollision,VERDUN (R DE),M,48.79171208173364,2.7921600204594577
201800042573,NonLethal,2018-09-27,09:05:00,Daylight,940,3,Yes,T-type,Normal,2Vehicles-Side,PAUL BERT (R),M,48.80704203363679,2.8058222907483192
201800042574,NonLethal,2018-10-03,12:45:00,Daylight,940,16,Yes,NoIntersection,Normal,Other,DIVISION LECLERC (AV DE,M,48.78665091480941,2.7884024341464637
201800042575,NonLethal,2018-04-10,08:30:00,Daylight,940,43,Yes,NoIntersection,Normal,2Vehicles-Side,EDMONT MICHELET (R),M,48.81252683196792,2.8104887330419026
201800042576,NonLethal,2018-04-10,17:30:00,Daylight,940,43,Yes,NoIntersection,Normal,Other,CHARLES GIDE (AV),M,48.80554273842562,2.8081478570505576
201800042577,NonLethal,2018-05-10,09:00:00,Daylight,940,76,Yes,NoIntersection,Normal,NoCollision,CHEVILLY (R DE),M,48.78327512864789,2.7825723912690696
201800042578,NonLethal,2018-05-10,19:00:00,Daylight,940,76,Yes,X-type,Normal,2Vehicles-Side,VERDUN (R DE),M,48.79286566595714,2.791751352391437
201800042579,NonLethal,2018-10-06,21:20:00,NightStreelightsOn,940,43,Yes,T-type,Normal,2Vehicles-Side,CIMETIERE COMMUNAL (AV D,M,48.81443874159859,2.8118798736023254
201800042580,NonLethal,2018-09-10,18:30:00,Daylight,940,76,Yes,Other,VeryGood,Other,GEORGES LEBIGOT (R),M,48.79310976536285,2.790960147224977
201800042581,NonLethal,2018-10-10,11:24:00,Daylight,940,76,Yes,NoIntersection,Normal,Other,STALINGRAD (AV DE),M,48.78262117116018,2.7830522561355138
201800042583,NonLethal,2018-10-12,13:45:00,Daylight,940,43,Yes,NoIntersection,Normal,Other,FONTAINEBLEAU (AV DE),M,48.8106255699733,2.808582056713268
201800042584,NonLethal,2018-10-13,05:45:00,NightStreelightsOn,940,37,Yes,Other,Normal,Other,GABRIEL PERI (R),M,48.81361693593774,2.8138894681363955
201800042586,NonLethal,2018-10-15,09:00:00,Daylight,940,3,Yes,T-type,Normal,Other,MARX DORMOY (AV),M,48.8101185917704,2.810192296886364
201800042588,NonLethal,2018-10-19,00:05:00,NightStreelightsOn,940,76,Yes,X-type,Normal,2Vehicles-Side,MAXIME GORKI (BD),M,48.79020908907924,2.791444786835584
201800042589,NonLethal,2018-10-19,13:30:00,Daylight,940,43,Yes,X-type,Normal,2Vehicles-Side,FONTAINEBLEAU (AV DE),M,48.81284708062044,2.814797342636302
201800042590,NonLethal,2018-10-20,08:30:00,Daylight,940,3,Yes,NoIntersection,Normal,2Vehicles-Behind,PAUL VAILLANT COUTURIER,M,48.797803112876935,2.799937355666667
201800042591,NonLethal,2018-10-20,19:30:00,NightStreelightsOn,940,76,Yes,X-type,Normal,NoCollision,REPUBLIQUE (AV DE LA),M,48.86696381419716,2.867488063375641
201800042592,NonLethal,2018-10-20,20:00:00,NightStreelightsOn,940,43,Yes,NoIntersection,Normal,Other,FONTAINEBLEAU (AV DE),M,48.80889709956203,2.809796232180685
201800042593,NonLethal,2018-10-21,22:00:00,NightStreelightsOn,940,76,Yes,X-type,Normal,2Vehicles-Side,PAUL VAILLANT COUTURIER,M,48.79444727381921,2.792904143503769
201800042594,NonLethal,2018-10-22,15:00:00,Daylight,940,37,Yes,NoIntersection,Overcast,Other,JULES FERRY (R),M,48.81117034882466,2.812308470179609
201800042595,NonLethal,2018-10-22,16:40:00,Daylight,940,16,Yes,NoIntersection,Normal,2Vehicles-Side,GABRIEL PERI (R),M,48.79156961350978,2.7927765705291394
201800042596,NonLethal,2018-10-23,08:45:00,Daylight,940,16,Yes,NoIntersection,Normal,Other,DUMOTEL (AV),M,48.793136966910176,2.791329890039256
201800042597,NonLethal,2018-10-25,11:50:00,Daylight,940,37,Yes,X-type,Normal,2Vehicles-BehindVehicles-Frontal,ROMAIN ROLLAND (R),M,48.81432214933135,2.8152238166766588
201800042598,NonLethal,2018-10-26,20:25:00,NightStreelightsOn,940,16,Yes,T-type,Overcast,2Vehicles-Side,PIERRE CURIE (R),M,48.78695437697959,2.7866537126219373
201800042599,NonLethal,2018-10-30,19:20:00,NightStreelightsOn,940,43,Yes,NoIntersection,Normal,Other,FONTAINEBLEAU (AV DE),M,48.813493683745904,2.8153057314987584
201800042601,NonLethal,2018-02-11,15:00:00,Daylight,940,3,Yes,X-type,Normal,2Vehicles-Side,DOCTEUR DURAND (AV DU),M,48.80642500935318,2.804045027784061
201800042602,NonLethal,2018-11-03,11:50:00,Daylight,940,3,Yes,NoIntersection,Normal,2Vehicles-Behind,ARISTIDE BRIAND (AV),M,48.80065595371293,2.80161620517661
201800042603,NonLethal,2018-04-11,20:00:00,NightStreelightsOn,940,16,Yes,NoIntersection,Normal,Other,LOUIS GEORGEON (AV),M,48.79141186326768,2.794140839083168
201800042604,NonLethal,2018-11-06,18:30:00,NightStreelightsOn,940,3,Yes,T-type,Normal,2Vehicles-Side,ARISTIDE BRIAND (AVE),M,48.806434079392446,2.806826952716089
201800042605,NonLethal,2018-11-08,00:01:00,NightStreelightsOn,940,16,Yes,Roundabout,Overcast,2Vehicles-Behind,LEON BLUM (AV),M,48.7865684701228,2.7869429135484283
201800042606,NonLethal,2018-11-08,17:50:00,NightStreelightsOn,940,76,Yes,NoIntersection,Normal,Other,YOURI GAGARINE (R),M,48.78599909140771,2.7874101731446257
201800042607,NonLethal,2018-09-11,18:40:00,NightStreelightsOn,940,43,Yes,NoIntersection,Normal,Other,CHARLES GIDE (AV),M,48.8085698893917,2.807183255891727
201800042608,NonLethal,2018-11-10,06:00:00,TwilightOrDawn,940,3,Yes,NoIntersection,LightRain,Other,MARIUS SIDOBRE (R),M,48.80434985780344,2.8073978061008247
201800042609,NonLethal,2018-11-11,00:01:00,NightStreelightsOn,940,16,Yes,NoIntersection,LightRain,3+Vehicles-Multiple,PIERRE MAUROY (R),M,48.79150253800207,2.790570099247171
201800042610,NonLethal,2018-12-11,21:41:00,NightStreelightsOn,940,43,Yes,NoIntersection,Normal,NoCollision,FONTAINEBLEAU (AV DE),M,48.80859834558004,2.809517565356096
201800042611,NonLethal,2018-11-13,11:35:00,Daylight,940,16,Yes,NoIntersection,Normal,Other,DIVISION LECLERC (AV DE,M,48.78365381553732,2.786670297384396
201800042612,NonLethal,2018-11-14,17:15:00,Daylight,940,3,Yes,NoIntersection,Normal,NoCollision,CONVENTION (AV DE LA),M,48.80432039897972,2.8024171739740398
201800042613,NonLethal,2018-11-16,08:15:00,TwilightOrDawn,940,76,Yes,X-type,LightRain,NoCollision,LOUIS ARAGON (AV),M,48.79084049030074,2.7875541464812965
201800042615,Lethal,2018-11-17,07:45:00,TwilightOrDawn,940,16,Yes,NoIntersection,Normal,NoCollision,PIERRE MAUROY (RUE),M,48.79039638217625,2.7887823156218343
201800042616,NonLethal,2018-11-17,13:00:00,Daylight,940,43,Yes,NoIntersection,Normal,Other,FONTAINEBLEAU (AV DE),M,48.813332910958174,2.8114957154626325
201800042617,NonLethal,2018-11-20,15:50:00,Daylight,940,76,No,NoIntersection,LightRain,Other,PRESIDENT ALLENDE (AV DU,M,48.7961576449057,2.7943279695963223
201800042619,NonLethal,2018-11-22,15:45:00,Daylight,940,43,Yes,NoIntersection,Overcast,2Vehicles-Side,VOLTAIRE (R),M,48.81553317670424,2.816484124872738
201800042620,NonLethal,2018-11-23,13:30:00,Daylight,940,43,Yes,Other,FogOrSmoke,2Vehicles-Side,CHARLES GIDE (AV),M,48.80530096880543,3.8061713596168656
201800042621,NonLethal,2018-11-25,06:40:00,NightStreelightsOn,940,43,Yes,X-type,LightRain,Other,CONVENTION (R DE LA),M,48.8122101106944,2.8132122397524646
201800042622,NonLethal,2018-11-27,22:25:00,NightStreelightsOn,940,76,Yes,NoIntersection,HeavyRain,Other,PARIS (AV DE),M,48.798411954895805,2.7998555386293087
201800042623,NonLethal,2018-11-28,09:15:00,Daylight,940,16,Yes,NoIntersection,LightRain,2Vehicles-Side,DIVISION LECLERC (AV DE,M,48.78652129376202,2.7868519163174548
201800042625,NonLethal,2018-01-12,19:45:00,NightStreelightsOn,940,43,Yes,NoIntersection,LightRain,2Vehicles-Behind,GABRIEL PERI (R),M,48.8077406904328,2.806843940928776
201800042626,NonLethal,2018-12-02,17:00:00,NightStreelightsOn,940,76,Yes,Roundabout,LightRain,Other,EDOUARD VAILLANT (R),M,48.79300648950439,2.7942425020175192
201800042627,NonLethal,2018-12-03,08:15:00,TwilightOrDawn,940,76,Yes,T-type,Normal,Other,GENTILLY (R DE),M,48.80216874894625,2.801052632679897
201800042628,NonLethal,2018-12-05,18:05:00,NightNoStreetLight,940,3,Yes,NoIntersection,Normal,NoCollision,DIVISION DU GENERAL LECL,M,48.80474989083493,2.802814856088891
201800042629,NonLethal,2018-12-06,18:10:00,NightStreelightsOn,940,3,Yes,NoIntersection,LightRain,2Vehicles-Behind,MARX DORMOY (AV),M,48.8099981081431,2.811844755400734
201800042630,NonLethal,2018-12-08,20:20:00,NightStreelightsOn,940,16,Yes,X-type,LightRain,NoCollision,LEON BLUM (AV),M,48.78550901331464,2.784360782607448
201800042631,NonLethal,2018-12-13,21:10:00,NightStreelightsOn,940,76,Yes,NoIntersection,Normal,NoCollision,PARIS (AV DE),M,48.8069939701244,2.8064193980333902
201800042632,NonLethal,2018-12-14,16:45:00,Daylight,940,76,Yes,NoIntersection,Normal,Other,MARCEL GROSMESNIL (R),M,48.7990561871117,2.800490265268209
201800042633,Lethal,2018-12-19,10:25:00,Daylight,940,76,Yes,NoIntersection,Normal,Other,PAUL VAILLANT COUTURIER,M,48.795104932103214,2.7947606970305614
201800042634,NonLethal,2018-12-20,21:00:00,NightStreelightsOn,940,3,Yes,MoreThan4Branches,Normal,2Vehicles-Side,PAUL DOUMER (AV),M,48.80527083142555,2.80387325442925
201800042635,NonLethal,2018-12-21,14:10:00,Daylight,940,37,Yes,X-type,LightRain,2Vehicles-Side,CHAMPS ELYSEES (R DES),M,48.8142024942053,2.815300908049052
201800042637,NonLethal,2018-12-22,04:40:00,NightStreelightsOn,940,76,Yes,NoIntersection,Normal,2Vehicles-Behind,PARIS (AV DE),M,48.80033740698451,2.8014116074210165
201800042638,NonLethal,2018-12-22,01:30:00,NightStreelightsOn,940,43,Yes,NoIntersection,Normal,Other,ELISEE RECLUS (R),M,48.81698387611441,2.8148550598180866
201800042639,NonLethal,2018-12-25,12:25:00,Daylight,940,43,Yes,NoIntersection,Normal,NoCollision,CHARLES GIDE (AV),M,48.80469758025144,2.80500205847312
201800042641,NonLethal,2018-01-02,18:05:00,NightStreelightsOn,940,46,Yes,T-type,LightRain,2Vehicles-Side,JUIN/BENNE,M,48.816223250320895,2.8169982246216225
201800042642,NonLethal,2018-05-01,11:50:00,Daylight,940,46,Yes,T-type,Normal,NoCollision,CHENEL/CHENAL,M,48.81136722327216,2.812235650729021
201800042643,NonLethal,2018-01-07,19:10:00,NightStreelightsOn,940,46,Yes,X-type,Normal,2Vehicles-BehindVehicles-Frontal,CLEMENCEAU/CECILE,M,48.80778269315434,2.806814534227672
201800042644,NonLethal,2018-01-16,18:15:00,NightStreelightsOn,940,46,Yes,NoIntersection,HeavyRain,2Vehicles-BehindVehicles-Frontal,"67, AVENUE GAMBETTA",M,48.8115456321599,2.8087005331930084
201800042646,NonLethal,2018-01-02,18:55:00,NightStreelightsOn,940,46,Yes,T-type,Normal,Other,JAURES/STRASBOURG,M,48.79478931565733,2.7949774065279938
201800042647,NonLethal,2018-03-02,15:50:00,Daylight,940,46,Yes,MoreThan4Branches,HeavyRain,2Vehicles-Behind,LECLERC/DE GAULLE,M,48.81445056934744,2.814181777957594
201800042648,NonLethal,2018-02-05,18:50:00,TwilightOrDawn,940,46,Yes,X-type,Overcast,2Vehicles-Side,JAURES/DOLET,M,48.79804129223199,2.7976774333288064
201800042650,NonLethal,2018-02-12,14:05:00,Daylight,940,46,Yes,NoIntersection,Normal,3+Vehicles-Chain,AV DU GENERAL LECLERC,M,48.80526371609117,2.805559896774774
201800042651,NonLethal,2018-02-16,19:55:00,NightStreelightsOn,940,46,Yes,X-type,Normal,Other,BLUM/HUGO,M,48.79952675432057,2.799815393334293
201800042652,NonLethal,2018-05-03,13:35:00,Daylight,940,46,Yes,X-type,Normal,2Vehicles-Side,REPUBLIQUE/LYON,M,48.80789392930543,2.8096425492441006
201800042653,NonLethal,2018-08-03,19:35:00,TwilightOrDawn,940,46,Yes,X-type,LightRain,2Vehicles-Side,GAMBETTA/FERNET,M,48.809174576301565,2.8099502637975284
201800042655,NonLethal,2018-03-16,12:20:00,Daylight,940,46,Yes,Y-type,Normal,Other,PERGAUD/LECLERC,M,48.802608451580845,2.8042360389189853
201800042656,NonLethal,2018-03-16,16:00:00,Daylight,940,46,Yes,T-type,Normal,2Vehicles-Side,LECLERC/AUROCHS,M,48.81416966368791,2.813092509430437
201800042658,NonLethal,2018-09-04,11:35:00,Daylight,940,46,Yes,T-type,Normal,2Vehicles-Side,REPUBLIQUE/LUNE,M,48.8099817893267,2.8096894596990265
201800042659,NonLethal,2018-04-11,07:10:00,Daylight,940,46,Yes,X-type,Normal,Other,REPUBLIQUE/CADIOT,M,48.802001150723406,2.802400304957015
201800042660,NonLethal,2018-04-13,10:00:00,Daylight,940,46,Yes,X-type,Normal,2Vehicles-BehindVehicles-Frontal,CADIOT/COUTURIER,M,48.80455554715173,2.8051978472858727
201800042661,NonLethal,2018-04-13,17:40:00,Daylight,940,46,Yes,T-type,Normal,2Vehicles-Side,LECLERC/AUROCHS,M,48.81450440706556,2.813703338499322
201800042662,NonLethal,2018-04-18,08:20:00,Daylight,940,46,Yes,NoIntersection,Normal,Other,"40 bis, GAL DE GAULLE",M,48.814318397952285,2.8138724521956906
201800042663,NonLethal,2018-04-23,19:40:00,Daylight,940,46,Yes,NoIntersection,Normal,Other,"17, AV GENERAL LECLERC",M,48.81405524341413,2.8154995504471625
201800042664,NonLethal,2018-05-02,17:15:00,Daylight,940,46,Yes,NoIntersection,Normal,Other,"17, GENERAL LECLERC - CA",M,48.81625638267166,2.816523093576416
201800042665,NonLethal,2018-05-04,09:15:00,Daylight,940,46,Yes,NoIntersection,Normal,Other,"6, MARC SANGNIER (R)",M,48.80621780300908,2.805715632575913
201800042666,NonLethal,2018-04-05,15:55:00,Daylight,940,46,Yes,X-type,Normal,2Vehicles-Side,GENERAL LECLERC (AV DU),M,48.81078406815937,2.812253391721327
201800042667,NonLethal,2018-05-06,13:00:00,Daylight,940,46,Yes,NoIntersection,Normal,NoCollision,3 RUE DU GUE AUROCHS,M,48.81435517635286,2.816838124912345
201800042668,NonLethal,2018-08-05,16:35:00,Daylight,940,46,Yes,X-type,Normal,2Vehicles-Side,AVENUE BUSTEAU,M,48.8056517996171,2.804313501623372
201800042669,NonLethal,2018-12-05,01:10:00,NightStreelightsOn,940,46,Yes,Square,Normal,2Vehicles-BehindVehicles-Frontal,"10, GALLIENI (BD)",M,48.79614628262527,2.7963298036033875
201800042670,NonLethal,2018-05-15,18:55:00,Daylight,940,46,Yes,Other,Normal,3+Vehicles-Multiple,1A RUE DE ROME,M,48.7909440922672,2.790980583551266
201800042671,NonLethal,2018-05-26,10:00:00,Daylight,940,46,Yes,NoIntersection,Normal,Other,105 RUE JEAN JAURES,M,48.79716107640447,2.795895456020705
201800042672,NonLethal,2018-05-31,09:15:00,Daylight,940,46,Yes,X-type,Normal,2Vehicles-BehindVehicles-Frontal,GABRIEL PERI (R),M,48.81226110420302,2.8106469798677987
201800042674,NonLethal,2018-12-06,09:20:00,Daylight,940,46,Yes,NoIntersection,LightRain,2Vehicles-Side,"8, LEON BLUM (AV)",M,48.8026543285101,2.8008297139582594
201800042676,NonLethal,2018-06-16,00:50:00,NightStreelightsOn,940,46,Yes,NoIntersection,Normal,NoCollision,"36, FERNAND SAGUET (QU)",M,48.81695722852472,2.8145051970722306
201800042677,NonLethal,2018-06-19,09:10:00,Daylight,940,46,Yes,NoIntersection,Normal,Other,"44, GENERAL DE GAULLE (A",M,48.814883434388776,2.8126642971107167
201800042678,NonLethal,2018-06-22,18:25:00,Daylight,940,46,Yes,NoIntersection,Normal,Other,"1, PROFESSEUR CADIOT (AV",M,48.804937325607526,2.8057241356937888
201800042679,NonLethal,2018-06-25,19:20:00,Daylight,940,46,Yes,NoIntersection,Normal,3+Vehicles-Multiple,"158, JEAN JAURES (R)",M,48.799038475869565,2.798508303256431
201800042680,NonLethal,2018-06-28,21:25:00,TwilightOrDawn,940,46,Yes,NoIntersection,Normal,2Vehicles-Behind,"2, REPUBLIQUE (AV DE LA)",M,48.79947692818163,2.7998273892406056
201800042681,NonLethal,2018-07-01,01:00:00,NightStreelightsOn,940,46,Yes,NoIntersection,Normal,Other,"42, GENERAL DE GAULLE (A",M,48.81320574795117,2.814678682255336
201800042682,NonLethal,2018-09-07,21:05:00,Daylight,940,46,Yes,Y-type,Normal,2Vehicles-Side,REPUBLIQUE (AV DE LA),M,48.802032697746505,2.800266840835117
201800042683,NonLethal,2018-07-15,16:00:00,Daylight,940,46,Yes,Other,Normal,2Vehicles-Side,"229, GENERAL LECLERC (AV",M,48.80415355579817,2.802777317749182
201800042684,NonLethal,2018-07-16,17:25:00,Daylight,940,46,Yes,T-type,Normal,Other,JOFFRE (AV),M,48.8119245477634,2.812236393902672
201800042685,NonLethal,2018-07-16,21:10:00,Daylight,940,46,Yes,NoIntersection,Normal,Other,"17, GENERAL LECLERC (AV",M,48.815106769448185,2.813341673016029
201800042686,NonLethal,2018-07-19,04:30:00,NightStreelightsOn,940,46,Yes,NoIntersection,Normal,Other,"253, GENERAL LECLERC (AV",M,48.80283726291693,2.804409251930854
201800042687,NonLethal,2018-07-25,13:45:00,Daylight,940,46,Yes,NoIntersection,Normal,Other,"l5, CLOS DES NOYERS (R D",M,48.79418129159639,2.7952977893071718
201800042689,NonLethal,2018-08-10,17:00:00,Daylight,940,46,Yes,Other,Normal,2Vehicles-BehindVehicles-Frontal,GENERAL DE GAULLE (AV DU,M,48.80708492323678,2.8064706868774887
201800042690,NonLethal,2018-08-28,18:40:00,Daylight,940,46,Yes,X-type,Normal,2Vehicles-Side,REPUBLIQUE (AV DE LA),M,48.80654839851019,2.807209080024811
201800042691,NonLethal,2018-09-03,19:10:00,Daylight,940,46,Yes,NoIntersection,Normal,Other,GENERAL DE GAULLE (AV DU,M,48.81653854085732,2.8169623313820806
201800042693,NonLethal,2018-09-13,09:25:00,Daylight,940,46,Yes,NoIntersection,LightRain,2Vehicles-Side,GENERAL DE GAULLE (AV DU,M,48.77935300896389,1.7820920237676865
201800042694,NonLethal,2018-09-14,21:45:00,NightStreelightsOn,940,46,Yes,NoIntersection,Normal,Other,CHAMPS CORBILLY (R DES),M,48.80031772996924,2.798063501384318
201800042697,NonLethal,2018-10-02,20:15:00,NightStreelightsOn,940,46,Yes,X-type,LightRain,Other,BELFORT (R DE),M,48.79246953418761,2.793953145444425
201800042698,NonLethal,2018-05-10,20:20:00,NightStreelightsOn,940,46,Yes,X-type,Normal,3+Vehicles-Multiple,JEAN JAURES (R),M,48.798383108745575,2.7975254760871957
201800042702,NonLethal,2018-10-16,13:20:00,Daylight,940,46,Yes,NoIntersection,Normal,2Vehicles-BehindVehicles-Frontal,REPUBLIQUE (AV DE LA),M,48.8074348388749,2.807206020480336
201800042703,NonLethal,2018-10-17,11:05:00,Daylight,940,46,Yes,NoIntersection,Normal,NoCollision,GENERAL DE GAULLE (AV DU,M,48.814292956288334,2.8137937813138265
201800042705,NonLethal,2018-10-18,14:00:00,Daylight,940,46,Yes,NoIntersection,Normal,Other,MESLY (R DE),M,48.79801097349218,2.7958422284826208
201800042706,NonLethal,2018-10-21,22:50:00,NightStreelightsOn,940,46,Yes,NoIntersection,Normal,Other,GENERAL LECLERC (AV DU),M,48.80699008282545,2.8063822908061637
201800042707,NonLethal,2018-10-26,20:05:00,NightNoStreetLight,940,46,Yes,NoIntersection,Normal,Other,GENERAL LECLERC (AV DU),M,48.81576105979403,2.814705251109901
201800042710,NonLethal,2018-06-11,17:20:00,TwilightOrDawn,940,46,Yes,T-type,Normal,2Vehicles-Side,PROFESSEUR CADIOT (AV DU,M,48.80415552435479,2.804115687753282
201800042711,NonLethal,2018-11-07,09:00:00,Daylight,940,46,Yes,NoIntersection,LightRain,Other,REPUBLIQUE (AV DE LA),M,48.82220101700205,2.820451973872561
201800042713,NonLethal,2018-11-08,15:00:00,Daylight,940,46,Yes,X-type,Normal,2Vehicles-Side,GEORGES CLEMENCEAU (AV),M,48.81152978989972,2.813913453047688
201800042714,NonLethal,2018-12-11,09:00:00,Daylight,940,46,Yes,NoIntersection,HeavyRain,3+Vehicles-Chain,GENERAL DE GAULLE (AV DU,M,48.80245306590479,2.8042780136920444
201800042715,NonLethal,2018-12-11,14:00:00,Daylight,940,46,Yes,NoIntersection,Overcast,2Vehicles-Side,GENERAL LECLERC (AV DU),M,48.8119334304288,2.811014546509232
201800042717,NonLethal,2018-11-20,07:30:00,NightNoStreetLight,940,46,Yes,Other,LightRain,Other,GENERAL LECLERC (AV DU),M,48.801743645181645,2.8022762380526234
201800042718,NonLethal,2018-11-22,12:00:00,Daylight,940,46,Yes,NoIntersection,Normal,2Vehicles-Side,GENERAL DE GAULLE (AV DU,M,48.81054130497833,2.810085420674441
201800042719,NonLethal,2018-11-24,00:15:00,NightStreelightsOn,940,46,Yes,NoIntersection,HeavyRain,Other,REPUBLIQUE (AV DE LA),M,48.79985899168849,2.801078983798985
201800042720,NonLethal,2018-12-09,20:00:00,NightStreelightsOn,940,46,Yes,Y-type,Overcast,Other,GENERAL LECLERC (AV DU),M,48.80430046167705,2.804843225895128
201800042721,NonLethal,2018-12-09,20:15:00,NightStreelightsOn,940,28,Yes,NoIntersection,LightRain,NoCollision,DUVAUCHEL(STADE),M,48.76681773770096,2.768095823235708
201800042723,NonLethal,2018-12-20,08:15:00,NightStreelightsOn,940,46,Yes,NoIntersection,Overcast,NoCollision,GENERAL DE GAULLE (AV DU,M,48.805056595406576,2.8064589607727086
201800042724,NonLethal,2018-12-28,20:40:00,NightStreelightsOn,940,46,Yes,X-type,Normal,2Vehicles-Behind,JEAN JAURES (R),M,48.79490932998184,2.793855913538088
201800042725,NonLethal,2018-12-29,14:50:00,Daylight,940,46,Yes,X-type,Normal,2Vehicles-Side,REPUBLIQUE (AV DE LA),M,48.802405656719785,2.802362329681685
201800042726,NonLethal,2018-01-01,08:00:00,TwilightOrDawn,940,42,Yes,X-type,HeavyRain,Other,MERMOZ / BROSSOLETTE,M,48.81954475121931,2.821458936698424
201800042728,Lethal,2018-07-01,17:35:00,NightStreelightsOn,940,42,Yes,X-type,Normal,Other,GALLIENI / FLOQUET,M,48.82174684570957,2.819573423699955
201800042729,NonLethal,2018-01-15,18:00:00,NightStreelightsOn,940,58,Yes,NoIntersection,LightRain,Other,"107, GENERAL DE GAULLE (",M,48.84048801061969,2.840264277652288
201800042731,NonLethal,2018-01-18,15:10:00,Daylight,940,42,Yes,NoIntersection,LightRain,Other,"18,QU PIERRE BROSSOLETTE",M,48.81930954973159,2.818148846165959
201800042732,NonLethal,2018-01-19,07:45:00,TwilightOrDawn,940,52,Yes,NoIntersection,Normal,2Vehicles-Side,"85, BD DE STRASBOURG",M,48.84081081609565,2.8409680940406274
201800042733,NonLethal,2018-01-27,16:00:00,Daylight,940,52,Yes,X-type,Normal,Other,CLEMENCEAU / GABRIELLE,M,48.83681518147977,2.836671356348089