AccidentId,Gravity,Date,Hour,Light,Department,Commune,InAgglomeration,IntersectionType,Weather,CollisionType,PostalAddress,GPSCode,Latitude,Longitude
201800042734,NonLethal,2018-01-28,14:20:00,Daylight,940,58,Yes,NoIntersection,Overcast,2Vehicles-Side,"25, BD ALSACE LORRAINE",M,48.85038051151005,2.8486277879198174
201800042735,NonLethal,2018-01-25,10:50:00,Daylight,940,58,Yes,X-type,Normal,Other,BROSSOLETTE / MOCQUET,M,48.83486113163664,2.834468101020949
201800042737,NonLethal,2018-02-15,08:05:00,Daylight,940,52,Yes,X-type,Normal,Other,SOURCE / CHATAIGNIERS,M,48.83350896310374,2.8343729512977123
201800042739,NonLethal,2018-09-03,10:45:00,Daylight,940,58,Yes,MoreThan4Branches,Normal,Other,PERI/DE GAULLE,M,48.83830065929128,2.8377768068474043
201800042740,NonLethal,2018-10-03,17:05:00,Daylight,940,52,Yes,T-type,Normal,2Vehicles-Side,MARNE/CHARLES V,M,48.83279422000448,2.834615324921643
201800042742,NonLethal,2018-03-25,19:30:00,TwilightOrDawn,940,58,Yes,T-type,Normal,2Vehicles-Side,BROSSOLETTE/VADIS,M,48.83455857550791,2.8360609982413028
201800042743,NonLethal,2018-03-28,18:05:00,Daylight,940,52,Yes,NoIntersection,Overcast,2Vehicles-Side,"16, BD GALLIENI",M,48.83969921740065,2.8388660445737326
201800042744,NonLethal,2018-03-30,14:10:00,Daylight,940,58,Yes,NoIntersection,Normal,2Vehicles-Side,"75 bis, ALSACE LORRAINE",M,48.85163555229141,2.8500265186691727
201800042745,NonLethal,2018-10-04,12:30:00,Daylight,940,42,Yes,X-type,Normal,2Vehicles-Side,EUROPE/VALAIS,M,48.8147730732868,2.814246343848489
201800042746,NonLethal,2018-09-04,23:20:00,NightStreelightsOn,940,42,Yes,T-type,LightRain,2Vehicles-Behind,GALLIENI/FLOQUET,M,48.81963801328804,2.820139528219492
201800042747,NonLethal,2018-04-15,17:10:00,Daylight,940,42,Yes,X-type,Normal,2Vehicles-Side,EUROPE/VALAIS,M,48.81433699684224,2.814405378700386
201800042748,NonLethal,2018-04-18,15:20:00,Daylight,940,58,Yes,X-type,Normal,2Vehicles-Side,LEDRU ROLLIN/FRATELLINI,M,48.84437459825569,2.844578080361496
201800042749,NonLethal,2018-05-01,08:25:00,Daylight,940,42,Yes,NoIntersection,Normal,Other,"01, JEAN JAURES (AV)",M,48.82011625713843,2.821328097989654
201800042750,NonLethal,2018-02-05,17:30:00,Daylight,940,15,Yes,X-type,Normal,2Vehicles-Side,AULNETTES  (R DES),M,48.84208908704082,2.8391096423684066
201800042751,NonLethal,2018-05-02,19:05:00,Daylight,940,52,Yes,X-type,Normal,Other,ALBERT 1ER (BD),M,48.83517312277108,2.834620801377139
201800042752,NonLethal,2018-02-05,19:45:00,Daylight,940,52,Yes,NoIntersection,Normal,2Vehicles-Side,"2, JOINVILLE (AV DE)",M,48.83349918623703,2.835029360626037
201800042753,NonLethal,2018-09-05,23:30:00,NightStreelightsOn,940,42,Yes,NoIntersection,Normal,2Vehicles-Behind,GENERAL GALLIENI - PONT,M,48.82112337274541,2.820681589975669
201800042754,NonLethal,2018-05-11,17:45:00,Daylight,940,52,Yes,X-type,Normal,2Vehicles-Side,41 RUE HENRI DUNANT,M,48.83376412861507,2.8339709453758437
201800042755,NonLethal,2018-05-17,16:20:00,Daylight,940,42,Yes,T-type,Normal,2Vehicles-Side,AVENUE GALLIENI,M,48.82085894585402,2.819414176305542
201800042756,NonLethal,2018-05-26,20:00:00,TwilightOrDawn,940,52,Yes,NoIntersection,Normal,2Vehicles-Behind,"147, STRASBOURG - RPT DU",M,48.84378842385821,2.8471158812047244
201800042757,NonLethal,2018-05-28,07:45:00,Daylight,940,42,Yes,NoIntersection,Normal,2Vehicles-Side,"51, GENERAL GALLIENI (AV",M,48.82011446713479,2.8193708614193547
201800042758,NonLethal,2018-06-01,17:55:00,Daylight,940,52,Yes,NoIntersection,Normal,2Vehicles-BehindVehicles-Frontal,"112, STRASBOURG (BD DE)",M,48.84030614168597,2.840681972411427
201800042759,NonLethal,2018-08-06,18:00:00,Daylight,940,52,Yes,Other,Normal,2Vehicles-Side,PORT (R DU),M,48.83571426215403,2.8362803749109555
201800042760,NonLethal,2018-06-17,22:20:00,NightStreelightsOn,940,58,Yes,T-type,Normal,2Vehicles-Side,LEDRU ROLLIN (AV),M,48.83704599815902,2.838807150522594
201800042761,NonLethal,2018-06-17,23:38:00,NightStreelightsOn,940,58,Yes,MoreThan4Branches,Normal,2Vehicles-Side,LEDRU ROLLIN (AV),M,48.84640987448489,2.8449795453393327
201800042762,NonLethal,2018-06-20,14:45:00,Daylight,940,42,Yes,NoIntersection,Normal,2Vehicles-Side,MARECHAL LECLERC (BD DU),M,48.81673931856893,2.8169434968117204
201800042763,NonLethal,2018-06-21,00:15:00,NightStreelightsOn,940,42,Yes,NoIntersection,Normal,Other,"42, MARECHAL LECLERC (BD",M,48.81262372091636,2.811078994403618
201800042764,NonLethal,2018-07-29,00:01:00,NightStreelightsOn,940,42,Yes,X-type,Normal,2Vehicles-Side,BIZET (AV),M,48.82496404990113,2.824996994686514
201800042765,NonLethal,2018-07-30,16:10:00,Daylight,940,58,Yes,Other,Normal,2Vehicles-Behind,ALSACE LORRAINE (BD D),M,48.849499042563735,2.8525128947105958
201800042767,NonLethal,2018-08-02,15:30:00,Daylight,940,42,Yes,X-type,Normal,2Vehicles-Side,EUROPE (BD DE L),M,48.813650127901006,2.815573340719716
201800042768,NonLethal,2018-06-08,20:30:00,Daylight,940,58,Yes,NoIntersection,Normal,2Vehicles-Side,GENERAL DE GAULLE (AV DU,M,48.85135355090341,2.850766588579508
201800042769,NonLethal,2018-08-10,15:20:00,Daylight,940,42,Yes,NoIntersection,Normal,NoCollision,MARECHAL LECLERC (BD DU),M,48.81720518271975,2.817631112364015
201800042770,NonLethal,2018-08-11,15:20:00,Daylight,940,58,Yes,X-type,Normal,2Vehicles-Side,ONZE NOVEMBRE (AV DU),M,48.84558119783311,2.8429847110480626
201800042771,NonLethal,2018-08-22,11:30:00,Daylight,940,52,Yes,MoreThan4Branches,Normal,Other,PAUL BERT (R),M,48.83952333493653,2.8395970278098237
201800042772,NonLethal,2018-08-26,14:00:00,Daylight,940,52,Yes,NoIntersection,Normal,Other,Victor Hugo (R),M,48.83554265221172,2.833190180418835
201800042773,NonLethal,2018-08-28,16:20:00,Daylight,940,52,Yes,X-type,Normal,2Vehicles-Side,MARECHAL FAYOLLE (R DU),M,48.84401055709517,2.844738017316384
201800042774,NonLethal,2018-09-02,16:35:00,Daylight,940,58,Yes,NoIntersection,Normal,Other,ARTOIS (QU D),M,48.82989063099434,2.8302212139504133
201800042775,NonLethal,2018-02-09,19:50:00,TwilightOrDawn,940,52,Yes,X-type,Normal,2Vehicles-Side,STRASBOURG (BD DE),M,48.8464404108651,2.8468069838576016
201800042778,NonLethal,2018-09-11,08:40:00,Daylight,940,58,Yes,NoIntersection,Normal,2Vehicles-Behind,GENERAL DE GAULLE (AV DU,M,48.84472273986489,2.842025200001772
201800042780,NonLethal,2018-09-13,08:45:00,Daylight,940,15,Yes,X-type,LightRain,2Vehicles-Side,GEORGES MELIES (BD),M,48.83172522494725,2.8320956675929034
201800042781,NonLethal,2018-09-17,16:20:00,Daylight,940,15,Yes,X-type,Normal,2Vehicles-Side,PASTEUR (BD),M,48.834374082453785,2.8353002432681373
201800042782,NonLethal,2018-09-18,20:00:00,NightStreelightsOn,940,52,Yes,X-type,Normal,2Vehicles-Side,STRASBOURG (BD DE),M,48.84472823361386,2.8449430158581066
201800042783,NonLethal,2018-09-19,10:00:00,Daylight,940,15,Yes,Other,Normal,Other,GENERAL LECLERC (AV),M,48.829982001146085,2.8302252855552488
201800042784,NonLethal,2018-09-19,19:15:00,Daylight,940,42,Yes,NoIntersection,Normal,Other,GUINGUETTES (ALL DES),M,48.83047462384455,2.830688084333548
201800042785,NonLethal,2018-09-18,20:00:00,TwilightOrDawn,940,58,Yes,NoIntersection,Normal,2Vehicles-Side,FONTENAY (BD DE),M,48.848818110908816,2.849047666033201
201800042786,NonLethal,2018-09-20,17:45:00,Daylight,940,58,Yes,X-type,Normal,2Vehicles-Side,HUIT MAI 1945 (AV DU),M,48.85120565606632,2.8518696516530038
201800042787,NonLethal,2018-09-22,18:50:00,Daylight,940,52,Yes,NoIntersection,Normal,Other,STRASBOURG (BD DE),M,48.83696196108205,2.8371210235129007
201800042789,NonLethal,2018-06-10,14:10:00,Daylight,940,58,Yes,NoIntersection,Normal,Other,LEDRU ROLLIN (AV),M,48.843600214020384,2.841057110704147
201800042790,NonLethal,2018-10-20,11:20:00,Daylight,940,15,Yes,X-type,Normal,2Vehicles-BehindVehicles-Frontal,PASTEUR (BD),M,48.833438524067,2.8342217544646786
201800042791,NonLethal,2018-10-27,07:10:00,TwilightOrDawn,940,42,Yes,NoIntersection,Normal,2Vehicles-Behind,PARIS (R DE),M,48.81399179767792,2.814411570757791
201800042793,NonLethal,2018-11-03,12:40:00,Daylight,940,58,Yes,NoIntersection,Normal,2Vehicles-Side,GENERAL DE GAULLE (AV DU,M,48.83865080022871,2.837852930766411
201800042794,NonLethal,2018-07-11,06:25:00,NightStreelightsOn,940,58,Yes,Roundabout,LightRain,2Vehicles-Side,ALSACE LORRAINE (BD D),M,48.85230814965258,2.849197922260131
201800042796,NonLethal,2018-11-14,08:25:00,Daylight,940,58,Yes,X-type,Normal,2Vehicles-Side,LAMARTINE (AV),M,48.851794512611015,2.8561848313196294
201800042797,NonLethal,2018-11-18,19:45:00,NightNoStreetLight,940,58,Yes,NoIntersection,Normal,2Vehicles-Side,ALSACE LORRAINE (BD D),M,48.8496078625009,2.848780281497934
201800042798,NonLethal,2018-12-11,11:35:00,Daylight,940,52,Yes,X-type,Normal,2Vehicles-Side,STRASBOURG (BD DE),M,48.84090449446485,2.840064366157133
201800042799,NonLethal,2018-12-15,18:15:00,NightStreelightsOn,940,42,Yes,NoIntersection,LightRain,Other,GENERAL GALLIENI (AV DU),M,48.820421123286216,2.818536048435311
201800042800,NonLethal,2018-12-17,20:40:00,NightStreelightsOn,940,42,Yes,T-type,Normal,Other,GENERAL GALLIENI (AVE),M,48.81996460318542,2.8213335486043256
201800042801,NonLethal,2018-12-25,16:30:00,TwilightOrDawn,940,52,Yes,NoIntersection,Normal,2Vehicles-BehindVehicles-Frontal,SOURCE (AV DE LA),M,48.829197545465824,2.828658081971569
201800042803,NonLethal,2018-02-01,22:55:00,NightStreelightsOn,940,68,Yes,X-type,Overcast,2Vehicles-Side,"95, FOCH / ROCHER",M,48.80041370753085,2.7987947730685514
201800042805,NonLethal,2018-01-06,09:20:00,Daylight,940,68,Yes,NoIntersection,Normal,Other,"93, AV DU BAC",M,48.79457291671781,2.7928387351051662
201800042806,NonLethal,2018-10-01,08:15:00,NightStreelightsOn,940,68,Yes,X-type,LightRain,Other,LOUIS BLANC / BERANGER,M,48.79055347997405,2.792797083009197
201800042807,NonLethal,2018-01-12,09:25:00,Daylight,940,68,Yes,NoIntersection,Normal,2Vehicles-Side,"12bis, AV DU BAC",M,48.79677447078938,2.797165219915968
201800042808,NonLethal,2018-01-12,12:05:00,Daylight,940,68,Yes,NoIntersection,Normal,NoCollision,"17, AV LOUIS BLANC",M,48.79559910302372,2.797214097050267
201800042810,NonLethal,2018-01-15,10:05:00,Daylight,940,68,Yes,X-type,Normal,2Vehicles-BehindVehicles-Frontal,CRETEIL / FOUARRE,M,48.79832674446048,2.7956629255646024
201800042811,NonLethal,2018-01-15,17:50:00,NightStreelightsOn,940,68,Yes,X-type,LightRain,2Vehicles-Side,PILIERS / GARNIER,M,48.79444217679154,2.794726175186162
201800042813,NonLethal,2018-01-24,09:45:00,Daylight,940,68,Yes,NoIntersection,Overcast,2Vehicles-Side,"27, QU PORT DE CRETEIL",M,48.79962922758714,2.802074158010156
201800042814,NonLethal,2018-01-24,12:50:00,Daylight,940,68,Yes,X-type,Normal,2Vehicles-Behind,DIDEROT / GUIMIER,M,48.80170647395244,2.7999371694778565
201800042815,NonLethal,2018-01-24,22:16:00,NightStreelightsOn,940,68,Yes,X-type,Overcast,2Vehicles-BehindVehicles-Frontal,"54, GAMBETTA (AV)",M,48.79816675987714,2.796992713725911
201800042816,NonLethal,2018-01-19,19:15:00,NightStreelightsOn,940,68,Yes,X-type,Normal,Other,BERTEAUX / POLITZER,M,48.81373092169972,2.8106573091644527
201800042817,NonLethal,2018-01-28,05:20:00,NightStreelightsOn,940,68,Yes,X-type,LightRain,Other,BERTEAUX / FOUR,M,48.81075441560514,2.81110286869751
201800042818,NonLethal,2018-01-30,11:20:00,Daylight,940,68,Yes,X-type,Overcast,2Vehicles-Side,ROCHEREAU / MOINES,M,48.78608700011237,2.7885814485649347
201800042819,NonLethal,2018-02-05,09:00:00,Daylight,940,68,Yes,X-type,Normal,Other,DIDEROT / BRAILLE,M,48.801623058245305,2.799890193204951
201800042820,NonLethal,2018-11-02,02:10:00,NightStreelightsOn,940,68,Yes,NoIntersection,LightRain,Other,PONT DE CRETEIL - PONT D,M,48.79961172289417,2.799159357087632
201800042821,NonLethal,2018-12-02,10:45:00,Daylight,940,68,Yes,Square,Normal,NoCollision,"5, PL DE STALINGRAD",M,48.79213329763033,2.7933813490924484
201800042822,NonLethal,2018-12-02,18:40:00,NightStreelightsOn,940,68,Yes,NoIntersection,Overcast,Other,"45, BD RABELAIS",M,48.8060539147431,2.805623569158656
201800042823,NonLethal,2018-02-13,18:45:00,NightStreelightsOn,940,68,Yes,NoIntersection,LightRain,2Vehicles-Behind,"4, AV GRADE",M,48.80674531271363,2.8088833501483434
201800042824,NonLethal,2018-02-14,08:00:00,Daylight,940,68,Yes,X-type,Overcast,Other,BOCQUET / BRAILLE,M,48.80158160890171,2.8011345233204947
201800042825,NonLethal,2018-02-15,09:30:00,Daylight,940,68,Yes,X-type,LightRain,2Vehicles-Side,PELLETAN / VERGNIAUD,M,48.794374212277134,2.7931447696078373
201800042826,NonLethal,2018-02-15,20:50:00,NightStreelightsOn,940,68,Yes,X-type,Normal,2Vehicles-Side,FOCH / PAGES,M,48.799213685667375,2.8008686196945587
201800042827,NonLethal,2018-02-16,10:05:00,Daylight,940,68,Yes,NoIntersection,Normal,2Vehicles-Side,"72, QU DU PETIT PARC",M,48.810635632782095,2.811205333706888
201800042828,NonLethal,2018-02-19,17:45:00,TwilightOrDawn,940,68,Yes,X-type,LightRain,2Vehicles-BehindVehicles-Frontal,GIRAUD / BEAUJEU,M,48.79740055574938,2.797632081326463
201800042830,NonLethal,2018-02-28,15:00:00,Daylight,940,68,Yes,T-type,Normal,2Vehicles-Behind,BONNEUIL / CONCORDE,M,48.78925935873144,2.789899110036548
201800042832,NonLethal,2018-03-11,14:10:00,Daylight,940,68,Yes,NoIntersection,Normal,Other,"1, R DES REMISES",M,48.80796800406103,2.808339332191796
201800042833,NonLethal,2018-03-14,12:30:00,Daylight,940,68,Yes,X-type,Normal,2Vehicles-Side,BONNEUIL / MARNE,M,48.79108044026727,2.792266152935632
201800042834,NonLethal,2018-03-15,06:15:00,NightNoStreetLight,940,68,Yes,X-type,LightRain,Other,L'ALMA / RASPAIL,M,48.7856432506451,2.7860985947134416
201800042835,NonLethal,2018-03-15,16:45:00,Daylight,940,68,Yes,T-type,LightRain,3+Vehicles-Multiple,DE CRETEIL / MARIN,M,48.80915494419607,2.809186455081889
201800042837,NonLethal,2018-04-03,07:50:00,Daylight,940,68,Yes,T-type,Overcast,2Vehicles-Side,L'ISLE/BLIN,M,48.79938991591763,2.7986248227810666
201800042839,NonLethal,2018-04-04,14:20:00,Daylight,940,68,Yes,MoreThan4Branches,Normal,Other,CHOLET/GIRAUD,M,48.79161693331041,2.79249263356649
201800042841,NonLethal,2018-03-18,17:10:00,Daylight,940,68,Yes,X-type,SnowOrHail,2Vehicles-BehindVehicles-Frontal,"78, BD DE BELLECHASSE",M,48.79441250500896,2.793120832322144
201800042842,Lethal,2018-06-04,15:40:00,Daylight,940,68,Yes,X-type,Normal,Other,PAPIN/BELLECHASSE,M,48.79334179048445,2.7941910515205866
201800042843,NonLethal,2018-10-04,15:20:00,Daylight,940,68,Yes,X-type,Normal,Other,BAC/CLEMENCEAU,M,48.79271384370048,2.791929867902419
201800042844,NonLethal,2018-12-04,13:40:00,Daylight,940,68,Yes,X-type,LightRain,2Vehicles-Side,DANTON/BANQUE,M,48.791682811511095,2.7922704324294485
201800042845,NonLethal,2018-12-04,13:55:00,Daylight,940,68,Yes,T-type,Normal,Other,VARENNE/GARE,M,48.8069789984318,2.806461415935801
201800042848,NonLethal,2018-04-27,13:10:00,Daylight,940,68,Yes,X-type,Normal,2Vehicles-Side,DRIANT/CHARTON,M,48.79653526155796,2.796729106821259
201800042849,NonLethal,2018-04-27,19:20:00,Daylight,940,68,Yes,NoIntersection,Normal,Other,"189, BD DE CRETEIL",M,48.79825739054005,2.797228246405272
201800042850,NonLethal,2018-04-28,11:00:00,Daylight,940,68,Yes,T-type,Normal,2Vehicles-Side,CRETEIL/BOURDIGNON,M,48.80100380686055,2.798303069440467
201800042851,NonLethal,2018-04-05,19:30:00,Daylight,940,68,Yes,X-type,Normal,2Vehicles-Side,MARIE LOUISE (AV),M,48.79373824574772,2.7959445612605967
201800042854,NonLethal,2018-09-05,16:20:00,Daylight,940,68,Yes,NoIntersection,Normal,Other,"48, PONT DE CRETEIL (R D",M,48.80512923306168,2.8035577576674644
201800042855,NonLethal,2018-11-05,21:35:00,NightStreelightsOn,940,68,Yes,Y-type,Normal,2Vehicles-Side,RIMINI (PL DE),M,48.79364972359984,2.795180932784177
201800042856,NonLethal,2018-12-05,16:30:00,Daylight,940,68,Yes,NoIntersection,LightRain,2Vehicles-Side,25 AVENUE DU BAC,M,48.79584046325133,2.7955210664814896
201800042857,NonLethal,2018-05-14,14:25:00,Daylight,940,68,Yes,NoIntersection,Normal,2Vehicles-Side,164 BD DE CRETEIL,M,48.79846634637548,2.798847576207814
201800042858,NonLethal,2018-05-18,17:45:00,Daylight,940,68,Yes,NoIntersection,Normal,Other,"1 bis, CHAMPIGNY (BD DE)",M,48.79814555630708,2.80029771371593
201800042860,NonLethal,2018-05-23,20:20:00,TwilightOrDawn,940,68,Yes,X-type,Normal,2Vehicles-Side,DOCTEUR ROUX (R DU),M,48.79167517723637,2.7906613721178
201800042861,NonLethal,2018-05-24,19:25:00,Daylight,940,68,Yes,NoIntersection,Normal,2Vehicles-Side,MAURICE BERTEAUX (BD),M,48.81057587635903,2.8117295549213286
201800042862,NonLethal,2018-05-25,09:40:00,Daylight,940,68,Yes,X-type,Normal,2Vehicles-Side,AVENUE CARNOT,M,48.802880146746936,2.8034655845591505
201800042863,NonLethal,2018-05-26,10:25:00,Daylight,940,68,Yes,NoIntersection,Normal,Other,91 RUE LAFAYETTE,M,48.8073807869999,2.8087152520298173
201800042864,NonLethal,2018-05-30,11:05:00,Daylight,940,68,Yes,T-type,Normal,2Vehicles-Side,BONNEUIL (QU DE),M,48.78386418784381,2.785681410305996
201800042865,NonLethal,2018-05-31,17:45:00,Daylight,940,68,Yes,X-type,Normal,2Vehicles-Side,BAC (AVE DU),M,48.79701773623987,2.7983393491883777
201800042866,NonLethal,2018-01-06,18:45:00,Daylight,940,68,Yes,NoIntersection,HeavyRain,2Vehicles-Behind,"7, RABELAIS (BD)",M,48.80597048993241,2.805726436913617
201800042867,NonLethal,2018-01-06,22:40:00,NightStreelightsOn,940,68,Yes,NoIntersection,LightRain,2Vehicles-Behind,6 BD MAURICE BERTEAUX,M,48.81170937316031,2.80985335383679
201800042869,NonLethal,2018-06-04,15:00:00,Daylight,940,68,Yes,T-type,Normal,2Vehicles-BehindVehicles-Frontal,"98bis, CENTENAIRE (AV DU",M,48.80559994142301,2.8051578117048668
201800042870,NonLethal,2018-06-13,09:40:00,Daylight,940,68,Yes,LevelCrossing,Normal,Other,DIDEROT (AV),M,48.802944153258416,2.801939425707385
201800042871,NonLethal,2018-06-14,03:00:00,NightStreelightsOn,940,68,Yes,NoIntersection,Normal,Other,"29, VARENNE (R DE LA)",M,48.80781826862942,2.8074693559747543
201800042872,NonLethal,2018-06-14,09:40:00,Daylight,940,68,Yes,NoIntersection,Normal,Other,"1, TRAVAIL (R DU)",M,48.79663459319861,2.7942441197691847
201800042873,NonLethal,2018-06-15,11:15:00,Daylight,940,68,Yes,NoIntersection,Normal,Other,"7, LOUIS BLANC (AV)",M,48.79833976496424,2.79691288256546
201800042874,NonLethal,2018-06-16,18:45:00,Daylight,940,68,Yes,T-type,Normal,2Vehicles-BehindVehicles-Frontal,PILIERS (AV DES),M,48.79144112063428,2.793964280384377
201800042875,NonLethal,2018-06-17,18:35:00,Daylight,940,68,Yes,Square,Normal,2Vehicles-Side,"8, POSTE (R DE LA)",M,48.79393683788189,2.79273673384712
201800042876,NonLethal,2018-06-20,19:15:00,Daylight,940,68,Yes,X-type,Normal,2Vehicles-Side,RABELAIS (BD),M,48.806601853795385,2.806593301870924
201800042877,NonLethal,2018-06-20,21:55:00,TwilightOrDawn,940,68,Yes,X-type,Overcast,2Vehicles-Side,CHAMPIGNY (BD DE),M,48.80731000507415,2.8081342138080223
201800042878,NonLethal,2018-06-22,18:45:00,Daylight,940,68,Yes,NoIntersection,Normal,Other,"53, GRANDE CEINTURE (R D",M,48.80744701586675,2.8049118750363764
201800042879,NonLethal,2018-06-22,20:45:00,Daylight,940,68,Yes,X-type,Normal,2Vehicles-Side,"2, BEAUREPAIRE (AV)",M,48.792921433724,2.7920969486713587
201800042880,NonLethal,2018-06-25,08:20:00,Daylight,940,68,Yes,X-type,Normal,Other,BOIS DES MOINES (R DU),M,48.785905366646325,2.7862602453987693
201800042881,NonLethal,2018-06-27,06:00:00,TwilightOrDawn,940,68,Yes,NoIntersection,Normal,2Vehicles-Behind,"1, PONT DE CRETEIL - PON",M,48.80943412753201,2.809339840805324
201800042882,NonLethal,2018-06-27,12:20:00,Daylight,940,68,Yes,NoIntersection,Normal,2Vehicles-Side,"53, BONNEUIL (QU DE)",M,48.78378814588388,2.785348287913393
201800042884,NonLethal,2018-06-28,19:10:00,Daylight,940,68,Yes,NoIntersection,Normal,Other,"61, REPUBLIQUE (AV DE LA",M,48.79907456488358,2.8003264496454414
201800042885,NonLethal,2018-06-30,12:50:00,Daylight,940,68,Yes,X-type,Normal,2Vehicles-BehindVehicles-Frontal,"71, LOUIS BLANC (AV)",M,48.79330348009971,2.790592992579637
201800042886,NonLethal,2018-07-02,17:45:00,Daylight,940,68,Yes,T-type,Normal,2Vehicles-Side,MARNE (BLD DE LA),M,48.78973166123672,2.788670723428238
201800042887,NonLethal,2018-07-07,22:55:00,NightStreelightsOn,940,68,Yes,NoIntersection,Normal,2Vehicles-BehindVehicles-Frontal,"14, ALMA (AV DE L)",M,48.789214680683074,2.7889286984679136
201800042888,NonLethal,2018-07-12,17:45:00,Daylight,940,68,Yes,NoIntersection,Normal,Other,"101, LATTRE DE TASSIGNY",M,48.80966245379187,2.8074407302323365
201800042890,NonLethal,2018-07-13,22:25:00,NightStreelightsOn,940,68,Yes,NoIntersection,Normal,Other,"110, CRETEIL (BD DE)",M,48.79913986298603,2.7984098075535604
201800042891,NonLethal,2018-07-15,08:30:00,Daylight,940,68,Yes,X-type,Normal,Other,"22, CONDE (AVE DE)",M,48.81224786035216,2.8112437503334835
201800042892,NonLethal,2018-07-15,20:00:00,Daylight,940,68,Yes,NoIntersection,Normal,2Vehicles-Behind,"111, FOCH (AV)",M,48.769879186393766,2.7691493735434616
201800042893,NonLethal,2018-07-18,12:05:00,Daylight,940,68,Yes,NoIntersection,VeryGood,2Vehicles-Behind,"66, FOCH (AV)",M,48.80100838302124,2.8016822814136675
201800042894,NonLethal,2018-07-22,20:55:00,Daylight,940,68,Yes,NoIntersection,Normal,Other,LEROUX (R),M,48.80714869383629,2.8044214423477776
201800042895,NonLethal,2018-07-28,10:50:00,Daylight,940,68,Yes,Roundabout,Normal,2Vehicles-Side,JEAN MOULIN PLACE,M,48.79648931285261,2.7975747524626065
201800042896,NonLethal,2018-07-28,12:35:00,Daylight,940,68,Yes,X-type,Normal,2Vehicles-Side,VARENNE (R DE LA),M,48.80874230692066,2.809946102493899
201800042898,NonLethal,2018-08-01,07:30:00,Daylight,940,68,Yes,X-type,Normal,2Vehicles-Behind,REMISES (R DES),M,48.80615166026518,2.806984082559839
201800042899,NonLethal,2018-07-29,05:00:00,NightStreelightsOn,940,68,Yes,NoIntersection,Normal,Other,MAURICE BERTEAUX (BD),M,48.81046986093856,2.808739277512372
201800042900,NonLethal,2018-05-08,22:50:00,NightStreelightsOn,940,68,Yes,T-type,Normal,2Vehicles-Behind,PORT AU FOUARRE (QU DU),M,48.79860423453755,2.8027664702781414
201800042901,NonLethal,2018-08-07,15:15:00,Daylight,940,68,Yes,T-type,Normal,2Vehicles-Side,ALEXANDRE DUMAS (R),M,48.8049988974647,2.807963719017343
201800042903,NonLethal,2018-08-15,00:40:00,NightStreelightsOn,940,68,Yes,MoreThan4Branches,Normal,NoCollision,CRETEIL (BD DE),M,48.79881207900722,2.7979541848074394
201800042904,NonLethal,2018-08-18,10:20:00,Daylight,940,68,Yes,NoIntersection,Normal,Other,VICTOR HUGO (AV),M,48.803255946611294,2.801718324879226
201800042905,NonLethal,2018-08-25,15:20:00,Daylight,940,68,Yes,X-type,Normal,2Vehicles-Side,CRETEIL (BD DE),M,48.79584531987479,2.7984360432777677
201800042908,NonLethal,2018-09-15,13:30:00,Daylight,940,68,Yes,X-type,Normal,Other,VARENNE (R DE LA),M,48.80976351329504,2.810491593693069
201800042909,NonLethal,2018-09-17,19:03:00,TwilightOrDawn,940,68,Yes,NoIntersection,Normal,2Vehicles-Behind,FOCH (AV),M,48.80488836453094,2.8060566959854696
201800042910,NonLethal,2018-09-17,20:10:00,TwilightOrDawn,940,68,Yes,NoIntersection,Normal,Other,BONNEUIL (AV DE),M,48.797264111096645,2.7954320179972254
201800042911,NonLethal,2018-09-18,19:35:00,TwilightOrDawn,940,68,Yes,NoIntersection,Normal,2Vehicles-Behind,VASSAL (R),M,48.79277669517694,2.7919109000404787
201800042912,NonLethal,2018-09-21,16:30:00,Daylight,940,68,Yes,X-type,Normal,2Vehicles-Side,BEAUREPAIRE (AV),M,48.79274001987312,2.7919338710406354
201800042913,NonLethal,2018-09-27,18:40:00,Daylight,940,68,Yes,T-type,Normal,Other,AVENUE DE NEPTUNE,M,48.80762977946607,2.8091777678885834
201800042914,NonLethal,2018-09-28,10:15:00,Daylight,940,68,Yes,NoIntersection,Normal,2Vehicles-Behind,AVENUE JEAN JAURES,M,48.78649608903209,2.786629021607142
201800042915,NonLethal,2018-09-29,18:30:00,Daylight,940,68,Yes,NoIntersection,Normal,Other,RABELAIS (BD),M,48.80496330822206,2.804929915356626
201800042916,NonLethal,2018-10-01,01:00:00,NightStreelightsOn,940,68,Yes,X-type,Normal,2Vehicles-Side,MAHIEU (AV),M,48.80876156003493,2.807817841819217
201800042918,NonLethal,2018-06-10,21:20:00,NightStreelightsOn,940,68,Yes,NoIntersection,Normal,2Vehicles-BehindVehicles-Frontal,BOURDIGNON (R),M,48.80148510514733,2.802074703438996
201800042919,NonLethal,2018-10-09,14:00:00,Daylight,940,68,Yes,X-type,Normal,2Vehicles-Side,DOCTEUR ROUX (R DU),M,48.78963963593076,2.790414189888019
201800042920,NonLethal,2018-10-16,13:50:00,Daylight,940,68,Yes,X-type,Normal,NoCollision,GRANGE (AV DE LA),M,48.804762800516,2.8029194439579865
201800042922,NonLethal,2018-10-17,09:15:00,Daylight,940,68,Yes,Other,Normal,NoCollision,GABRIEL PERI (AV),M,48.80892922916183,2.8097117721458176
201800042923,NonLethal,2018-10-19,08:30:00,Daylight,940,68,Yes,NoIntersection,Normal,2Vehicles-Side,RABELAIS (BD),M,48.80656090714083,2.8066237481709777
201800042924,NonLethal,2018-10-19,15:15:00,Daylight,940,68,Yes,X-type,Normal,2Vehicles-Side,RASPAIL (AV),M,48.78812813567868,2.78655335661535
201800042927,NonLethal,2018-10-22,13:45:00,Daylight,940,68,Yes,T-type,LightRain,2Vehicles-Side,FOCH (AV),M,49.7988276488341,2.799019988157556
201800042928,NonLethal,2018-10-22,19:45:00,NightStreelightsOn,940,68,Yes,X-type,Normal,2Vehicles-Side,GENERAL LECLERC (AV DU),M,48.8065883512785,2.805919937074614