AccidentId,Gravity,Date,Hour,Light,Department,Commune,InAgglomeration,IntersectionType,Weather,CollisionType,PostalAddress,GPSCode,Latitude,Longitude
201800042929,NonLethal,2018-10-26,21:00:00,NightStreelightsOn,940,68,Yes,X-type,Normal,2Vehicles-Side,CRETEIL (BD DE),M,48.79792643257154,2.797175258465966
201800042930,Lethal,2018-10-28,08:05:00,Daylight,940,68,Yes,NoIntersection,Normal,Other,73 AV DE LA REPUBLIQUE,M,48.79865004435927,2.7958202774110146
201800042931,NonLethal,2018-02-11,16:40:00,Daylight,940,68,Yes,NoIntersection,Normal,2Vehicles-BehindVehicles-Frontal,GENERAL LECLERC (AV DU),M,48.80549764445652,2.8063271283242224
201800042932,NonLethal,2018-06-11,08:00:00,TwilightOrDawn,940,68,Yes,Square,Normal,2Vehicles-Side,8 MAI 1945 (CARR DU),M,48.80475799605242,2.8026458848880624
201800042933,NonLethal,2018-11-06,21:20:00,NightStreelightsOn,940,68,Yes,NoIntersection,Normal,2Vehicles-BehindVehicles-Frontal,CHAMPIGNY (BD DE),M,48.803732603107946,2.803226645843585
201800042934,NonLethal,2018-11-07,07:20:00,TwilightOrDawn,940,68,Yes,NoIntersection,LightRain,Other,WINSTON CHURCHILL (QU),M,48.79104458893842,2.7908102463662257
201800042935,NonLethal,2018-11-14,08:30:00,Daylight,940,68,Yes,NoIntersection,Normal,Other,GAMBETTA (AV),M,48.800177209359525,2.799993085957987
201800042937,NonLethal,2018-11-18,05:58:00,NightStreelightsOn,940,68,Yes,NoIntersection,Normal,Other,CHAMPIGNY (BD DE),M,48.80780571159065,2.8084640596368
201800042938,NonLethal,2018-11-26,15:00:00,Daylight,940,68,Yes,X-type,LightRain,2Vehicles-BehindVehicles-Frontal,ELIAS HOWES (R),M,48.791697317832686,2.7938091434325694
201800042939,NonLethal,2018-11-26,22:40:00,NightStreelightsOn,940,68,Yes,X-type,LightRain,NoCollision,AV DE BONNEUIL,M,48.79302417997471,2.7914666175157805
201800042940,NonLethal,2018-12-05,09:20:00,Daylight,940,68,Yes,X-type,Normal,2Vehicles-Side,DIDEROT (AV),M,48.801625989392456,2.803039405012454
201800042941,NonLethal,2018-07-12,17:45:00,NightNoStreetLight,940,68,Yes,Square,Normal,Other,D'ADAMVILLE KENNEDY (PL),M,48.793325419487815,2.792586448882195
201800042942,NonLethal,2018-10-12,17:00:00,NightStreelightsOff,940,68,Yes,NoIntersection,Normal,2Vehicles-Side,MIDI (AV DU),M,48.80103497135892,2.8028005689938142
201800042943,NonLethal,2018-12-10,17:55:00,NightStreelightsOn,940,68,Yes,NoIntersection,Normal,Other,MAHIEU (AV),M,48.80835970391121,2.810726307912009
201800042944,NonLethal,2018-12-15,15:00:00,Daylight,940,68,Yes,X-type,LightRain,2Vehicles-Side,DIDEROT (AV),M,48.80281024114447,2.8020123022079253
201800042945,NonLethal,2018-12-16,07:30:00,NightStreelightsOn,940,68,Yes,T-type,Overcast,2Vehicles-Side,CONDE (AV DE),M,48.81009531010721,2.808902214219912
201800042946,NonLethal,2018-12-23,04:30:00,NightStreelightsOn,940,68,Yes,Other,Other,2Vehicles-Side,BAC (AV DU),M,48.79413761837064,2.79445594346326
201800042947,NonLethal,2018-12-30,10:30:00,Daylight,940,68,Yes,Y-type,Normal,2Vehicles-Side,LIBERATION (AV DE LA),M,48.81920865469177,2.817197144960085
201800042948,NonLethal,2018-01-05,17:05:00,TwilightOrDawn,940,78,Yes,NoIntersection,LightRain,Other,"90, R GAMBETTA",M,48.73629931996907,2.735435889770218
201800042949,NonLethal,2018-01-06,18:50:00,NightStreelightsOn,940,77,Yes,NoIntersection,LightRain,2Vehicles-Behind,"4, R GUILLAUME DU VAIR",M,48.73788973080725,2.7372474669162634
201800042951,NonLethal,2018-08-01,03:20:00,NightStreelightsOn,940,78,Yes,T-type,Normal,2Vehicles-Side,PARIS / THIMONNIER,M,48.75488963814336,2.7565270555542845
201800042954,NonLethal,2018-01-06,21:30:00,NightNoStreetLight,940,78,Yes,NoIntersection,LightRain,2Vehicles-Behind,"107, R DE PARIS",M,48.731313493284745,2.7320232760217977
201800042955,NonLethal,2018-10-01,19:12:00,NightStreelightsOn,940,78,Yes,T-type,Normal,Other,MARNE / R HENRI LEDUC,M,48.73278546042809,2.730994568567157
201800042957,NonLethal,2018-01-14,02:00:00,NightStreelightsOn,940,78,Yes,T-type,Normal,3+Vehicles-Chain,"112, R DE PARIS",M,48.73271715876607,2.731862489417837
201800042958,NonLethal,2018-01-18,16:00:00,Daylight,940,78,Yes,NoIntersection,Overcast,Other,"04, R DES CHENES",M,48.73410923222104,2.7336864920003348
201800042959,NonLethal,2018-01-19,11:17:00,Daylight,940,77,Yes,T-type,LightRain,2Vehicles-Side,LE FOLL / BERT,M,48.7267246638204,2.727488002961973
201800042960,NonLethal,2018-01-21,21:30:00,NightStreelightsOn,940,74,Yes,X-type,LightRain,Other,DURANTON / RASPAIL,M,48.76366745409609,2.7664011666984827
201800042961,NonLethal,2018-01-26,16:30:00,Daylight,940,74,Yes,NoIntersection,LightRain,2Vehicles-BehindVehicles-Frontal,"l5, AV JULIEN DURANTON",M,48.76630678588992,2.7685383900625355
201800042962,NonLethal,2018-01-26,19:20:00,NightStreelightsOn,940,78,Yes,NoIntersection,LightRain,Other,18 R THIMONNIER,M,48.74871647804124,2.7499460147572874
201800042963,NonLethal,2018-01-29,09:50:00,Daylight,940,78,Yes,NoIntersection,Normal,Other,"115, R VILLEBOIS MAREUIL",M,48.73408438658983,2.733537748650352
201800042964,NonLethal,2018-01-31,22:24:00,NightStreelightsOn,940,78,Yes,T-type,LightRain,2Vehicles-Behind,"10, L'APPEL DU 18 MAI 40",M,48.75781080710263,2.759432984167863
201800042965,NonLethal,2018-05-02,08:10:00,Daylight,940,74,Yes,T-type,Normal,2Vehicles-Behind,PARMENTIER / CURIE,M,48.76541443242641,2.766701000860569
201800042966,NonLethal,2018-07-02,08:06:00,TwilightOrDawn,940,78,Yes,NoIntersection,SnowOrHail,2Vehicles-Side,R DE PARIS,M,48.75088560793062,2.750966751595984
201800042967,NonLethal,2018-12-02,04:30:00,NightStreelightsOn,940,78,Yes,NoIntersection,Other,NoCollision,AV DE CHOISY,M,48.751122112707456,2.749358095214232
201800042968,NonLethal,2018-02-17,17:30:00,Daylight,940,78,Yes,NoIntersection,Normal,Other,L'APPEL DU DIX-HUIT JUIN,M,48.7494263927836,2.75110334723135
201800042969,NonLethal,2018-03-01,09:20:00,Daylight,940,77,Yes,X-type,SnowOrHail,2Vehicles-Side,OURSEL / BERT,M,48.731236991716976,2.730351598808792
201800042970,NonLethal,2018-02-03,09:30:00,Daylight,940,78,Yes,T-type,LightRain,2Vehicles-Behind,18 JUIN 1940 / ARMAND,M,48.75694767498017,2.7597509482090112
201800042971,NonLethal,2018-05-03,09:34:00,Daylight,940,77,Yes,T-type,Normal,2Vehicles-Behind,VERDUN / GODET,M,48.74009859388026,2.738986930134568
201800042972,NonLethal,2018-03-07,09:50:00,Daylight,940,78,Yes,T-type,LightRain,NoCollision,ANATOLE FRANCE / GAULLE,M,48.747807879714856,2.747022470518102
201800042973,NonLethal,2018-03-10,16:20:00,Daylight,940,78,Yes,NoIntersection,Normal,2Vehicles-Side,"322, R DE PARIS",M,48.74869254435252,2.7484157824661337
201800042975,NonLethal,2018-03-16,16:20:00,Daylight,940,78,Yes,T-type,Normal,2Vehicles-Behind,PARIS / CHURCHILL,M,48.75428365668815,2.755274614731613
201800042976,NonLethal,2018-03-16,20:00:00,NightStreelightsOn,940,78,Yes,T-type,LightRain,Other,TILLEULS / PEUPLIER,M,48.73545914385095,2.7355776583657443
201800042977,NonLethal,2018-03-22,13:25:00,Daylight,940,78,Yes,NoIntersection,Normal,2Vehicles-Side,"59, PRESIDENT JOHN FITZG",M,48.73347564327864,2.733269560908842
201800042978,NonLethal,2018-03-24,23:30:00,NightStreelightsOn,940,78,Yes,NoIntersection,Normal,2Vehicles-Side,"112, R DE PARIS",M,48.73159366917876,2.7321446483478398
201800042979,NonLethal,2018-03-29,16:15:00,Daylight,940,74,Yes,T-type,Normal,2Vehicles-BehindVehicles-Frontal,NOVEMBRE 1918 / BLEUE,M,48.75204340333372,2.7493200482963056
201800042981,NonLethal,2018-03-30,16:15:00,Daylight,940,74,Yes,NoIntersection,Normal,3+Vehicles-Multiple,AV SALVADOR ALLENDE,M,48.75039266510807,2.752232164967241
201800042982,NonLethal,2018-04-06,11:15:00,Daylight,940,78,Yes,NoIntersection,VeryGood,Other,AV DU 8 MAI1945,M,48.72565446095584,2.725451570685139
201800042983,NonLethal,2018-04-13,20:40:00,NightStreelightsOn,940,78,Yes,NoIntersection,Normal,2Vehicles-Behind,"196, R DE PARIS",M,48.738768486464224,2.739200211722591
201800042985,NonLethal,2018-04-25,20:05:00,TwilightOrDawn,940,74,Yes,T-type,Normal,2Vehicles-Side,AV BARBUSSE / RASPAIL,M,48.7645317652033,2.7647147532570786
201800042986,NonLethal,2018-04-25,23:55:00,NightStreelightsOn,940,78,Yes,Square,Normal,NoCollision,"1, PL HECTOR BERLIOZ",M,48.743968791310905,2.7473932098186618
201800042987,NonLethal,2018-04-29,19:55:00,TwilightOrDawn,940,77,Yes,T-type,LightRain,2Vehicles-Side,DU VAIR / ST MARTIN,M,48.73866126249972,2.73892051637084
201800042989,NonLethal,2018-08-05,00:15:00,NightStreelightsOn,940,78,Yes,T-type,Normal,2Vehicles-Side,MELUN (AV DE),M,48.72796816689923,2.7261378927792084
201800042990,NonLethal,2018-09-05,09:50:00,Daylight,940,78,Yes,NoIntersection,Normal,2Vehicles-Side,AV DU 18 JUIN 1940,M,48.75061314525748,2.751818693392365
201800042991,Lethal,2018-04-20,07:30:00,Daylight,940,1,Yes,T-type,VeryGood,Other,QU BARONNIE / BAC,M,48.72061531775107,2.721399851709902
201800042992,NonLethal,2018-05-11,15:25:00,Daylight,940,74,Yes,NoIntersection,Normal,3+Vehicles-Chain,AV DU RU DE GIRONDE,M,48.74305356865688,2.742813484667305
201800042993,Lethal,2018-05-15,09:07:00,Daylight,940,74,Yes,NoIntersection,Normal,2Vehicles-Side,CHAMP SAINT-JULIEN (AV D,M,48.74599349240581,2.7506113027411088
201800042994,NonLethal,2018-05-15,13:20:00,Daylight,940,77,Yes,Roundabout,Normal,NoCollision,SADI CARNOT (AV),M,48.73658727665499,2.734224891514352
201800042995,NonLethal,2018-05-21,12:50:00,Daylight,940,77,Yes,MoreThan4Branches,Normal,3+Vehicles-Chain,COURS DE VERDUN,M,48.7328390595387,2.732047573969393
201800042996,NonLethal,2018-05-21,21:30:00,Daylight,940,77,Yes,X-type,Normal,2Vehicles-Side,"22, REPUBLIQUE (AV DE LA",M,48.730790722142046,2.7302818484227664
201800042997,NonLethal,2018-05-23,20:15:00,TwilightOrDawn,940,78,Yes,NoIntersection,Normal,2Vehicles-Side,"12, AVENUE DE CHOISY",M,48.7490111498243,2.747297088603494
201800042998,NonLethal,2018-05-25,17:45:00,Daylight,940,78,Yes,NoIntersection,Normal,2Vehicles-Side,"138, VALENTON (AV DE)",M,48.7395625320809,2.739351172655363
201800042999,NonLethal,2018-05-26,16:54:00,Daylight,940,78,Yes,NoIntersection,Normal,3+Vehicles-Chain,"163, VALENTON (AV DE)",M,48.73926422377983,2.739369592367681
201800043000,NonLethal,2018-01-06,13:20:00,Daylight,940,77,Yes,NoIntersection,Normal,2Vehicles-Behind,"12BIS, LE FOLL (AV)",M,48.72906071780757,2.7306328882936635
201800043001,NonLethal,2018-02-06,21:06:00,TwilightOrDawn,940,78,Yes,NoIntersection,Normal,Other,L'APPEL DU DIX-HUIT JUIN,M,48.75816425126993,2.7592572533984323
201800043003,NonLethal,2018-06-04,12:50:00,Daylight,940,74,Yes,NoIntersection,Normal,2Vehicles-Behind,AVENUE HENRI BARBUSSE,M,48.76517482319567,2.76274317205525
201800043004,NonLethal,2018-06-06,01:57:00,NightStreelightsOn,940,77,Yes,NoIntersection,HeavyRain,2Vehicles-Behind,REPUBLIQUE (VLA DE LA),M,48.73215626228334,2.732838917415457
201800043005,NonLethal,2018-08-06,13:45:00,Daylight,940,77,Yes,NoIntersection,Normal,2Vehicles-Side,"61, PAUL BERT (R)",M,48.73133465185918,2.732114236050805
201800043006,NonLethal,2018-06-09,21:40:00,TwilightOrDawn,940,77,Yes,T-type,Normal,2Vehicles-BehindVehicles-Frontal,PAUL BERT (R),M,48.73002803758223,2.7279743313708917
201800043007,NonLethal,2018-10-06,11:22:00,Daylight,940,78,Yes,T-type,Normal,2Vehicles-Side,PARIS (R DE),M,48.73430513901251,2.73464297680119
201800043008,NonLethal,2018-06-11,08:55:00,Daylight,940,77,Yes,NoIntersection,LightRain,Other,PAUL PAINLEVE (AV),M,48.74196761937062,2.741238991207074
201800043009,NonLethal,2018-06-14,08:00:00,Daylight,940,74,Yes,NoIntersection,Normal,2Vehicles-BehindVehicles-Frontal,BERGERIE (ALL DE LA),M,48.74996917990207,2.750326230460094
201800043010,NonLethal,2018-06-14,18:50:00,Daylight,940,78,Yes,T-type,Normal,Other,"26, FRANCIS MARTIN (R)",M,48.73588210510289,2.7375145507112792
201800043011,NonLethal,2018-06-15,19:00:00,Daylight,940,74,Yes,NoIntersection,Normal,2Vehicles-Side,COLONEL FABIEN (R),M,48.74764414969361,2.748536799492122
201800043012,NonLethal,2018-06-17,17:15:00,Daylight,940,77,Yes,NoIntersection,Normal,Other,"16, CHOISY (RTE DE)",M,48.7379875965208,2.740579815915285
201800043014,NonLethal,2018-06-21,18:05:00,Daylight,940,74,Yes,NoIntersection,Normal,Other,RASPAIL (R),M,48.76419665699701,2.765493533171052
201800043015,NonLethal,2018-06-21,18:50:00,Daylight,940,1,Yes,NoIntersection,Normal,Other,GENERAL DE GAULLE (R DU),M,48.72696190264498,2.7272055216708093
201800043017,NonLethal,2018-06-23,14:40:00,Daylight,940,78,Yes,NoIntersection,Normal,2Vehicles-BehindVehicles-Frontal,ANATOLE FRANCE (AV),M,48.74727731050282,2.747034268206989
201800043019,NonLethal,2018-06-22,11:20:00,Daylight,940,78,Yes,NoIntersection,Normal,Other,"8, HENRI SELLIER (R)",M,48.75366025105559,2.754241311615634
201800043021,NonLethal,2018-05-07,09:50:00,Daylight,940,78,Yes,NoIntersection,Normal,2Vehicles-Behind,"08, PIERRE SEMARD (PL)",M,48.72994211052216,2.730575242641525
201800043022,NonLethal,2018-07-07,16:10:00,Daylight,940,78,Yes,NoIntersection,Normal,Other,"20, THIMONNIER (R)",M,48.750088822110335,2.749428914726329
201800043023,NonLethal,2018-12-07,18:30:00,Daylight,940,78,Yes,NoIntersection,Normal,Other,"338, PARIS (R DE)",M,48.75128806268233,2.7511343761106963
201800043024,NonLethal,2018-07-14,17:49:00,Daylight,940,78,Yes,NoIntersection,Normal,NoCollision,L'APPEL DU DIX-HUIT J,M,48.757832594856936,2.7598739392128224
201800043025,NonLethal,2018-07-14,21:15:00,TwilightOrDawn,940,78,Yes,NoIntersection,Normal,Other,GUSTAVE FLAUBERT (R),M,48.73865526493511,2.7394650151061137
201800043026,NonLethal,2018-07-16,06:20:00,TwilightOrDawn,940,78,Yes,T-type,Normal,2Vehicles-Side,RUE DE PARIS,M,48.75150072840384,2.751225762713754
201800043028,NonLethal,2018-07-18,14:50:00,Daylight,940,78,Yes,Other,Normal,2Vehicles-Side,"98, CHOISY (AV DE)",M,48.75665866184814,2.754484841805588
201800043029,NonLethal,2018-07-19,20:40:00,Daylight,940,77,Yes,NoIntersection,Normal,2Vehicles-Behind,"47, LE FOLL (AV)",M,48.77767879134085,2.7772543724099608
201800043030,NonLethal,2018-07-21,16:50:00,Daylight,940,77,Yes,Roundabout,Normal,Other,LE FOLL (AV),M,48.728464161787535,2.727257493527339
201800043031,NonLethal,2018-07-22,21:40:00,TwilightOrDawn,940,1,Yes,NoIntersection,Normal,NoCollision,"7, AUGUSTE DURU (AV)",M,48.724353238030176,2.722918521833114
201800043032,NonLethal,2018-07-27,18:50:00,Daylight,940,78,Yes,NoIntersection,LightRain,Other,PARIS (RUE DE),M,48.74277403594795,2.7433540216577383
201800043033,NonLethal,2018-01-08,15:25:00,Daylight,940,74,Yes,NoIntersection,Normal,NoCollision,COLONEL FABIEN (R),M,48.74502292452584,2.7461777744084355
201800043034,NonLethal,2018-03-08,18:25:00,Daylight,940,78,Yes,NoIntersection,Normal,Other,PARIS (rue de ),M,48.736181118168126,2.7370038753920607
201800043037,NonLethal,2018-09-08,17:40:00,Daylight,940,78,Yes,NoIntersection,Normal,2Vehicles-BehindVehicles-Frontal,WINSTON CHURCHILL (AV),M,48.75403932374295,2.75623874904155
201800043038,NonLethal,2018-08-10,07:10:00,Daylight,940,78,Yes,T-type,Normal,2Vehicles-BehindVehicles-Frontal,HUIT MAI 1945 (AV DU),M,48.72883292111525,2.728110637930249
201800043039,NonLethal,2018-08-14,16:40:00,Daylight,940,78,Yes,T-type,Normal,2Vehicles-Side,VILLENEUVE LE ROI (PONT,M,48.72588734620875,2.7271559857017014
201800043040,NonLethal,2018-08-19,00:50:00,NightStreelightsOn,940,78,Yes,NoIntersection,Normal,2Vehicles-Behind,L'APPEL DU DIX-HUIT JUIN,M,48.756093741352,2.755980847478728
201800043041,NonLethal,2018-08-20,07:00:00,Daylight,940,78,Yes,NoIntersection,Normal,2Vehicles-BehindVehicles-Frontal,VILLENEUVE LE ROI (PONT,M,48.728294365527454,2.7283370249014385
201800043042,NonLethal,2018-08-22,11:00:00,Daylight,940,78,Yes,NoIntersection,Normal,NoCollision,PARIS (R DE),M,48.73120881963845,2.7293792343716627
201800043043,NonLethal,2018-08-28,12:20:00,Daylight,940,78,Yes,NoIntersection,Normal,2Vehicles-Behind,VALENTON (AV DE),M,48.73566165027884,2.7349900172747192
201800043044,NonLethal,2018-08-30,19:50:00,Daylight,940,74,No,NoIntersection,Normal,2Vehicles-Side,HENRI BARBUSSE (AV),M,48.772485117367154,2.770145064529543
201800043045,NonLethal,2018-09-04,03:30:00,NightStreelightsOn,940,78,Yes,NoIntersection,Normal,2Vehicles-Behind,PARIS (R DE),M,48.73599570600462,2.73588914360685
201800043046,NonLethal,2018-09-09,16:45:00,Daylight,940,77,Yes,Y-type,Normal,2Vehicles-Side,VERDUN (COUR DE),M,48.73484360225384,2.7333390130113115
201800043047,NonLethal,2018-04-09,19:50:00,Daylight,940,77,Yes,NoIntersection,Normal,2Vehicles-BehindVehicles-Frontal,CHARLES NUNGESSER (R),M,48.700326441500685,2.6973988372411366
201800043048,NonLethal,2018-09-12,15:25:00,Daylight,940,78,Yes,NoIntersection,Normal,Other,CHOISY (AV DE),M,48.75345027579597,2.7554619397300573
201800043050,NonLethal,2018-09-14,15:30:00,Daylight,940,1,Yes,T-type,Normal,Other,rue du General de Gaulle,M,48.72808341114813,2.7286554874604803
201800043051,NonLethal,2018-09-15,17:15:00,Daylight,940,78,Yes,NoIntersection,Normal,Other,PRESIDENT JOHN FITZGERAL,M,48.73163341997193,2.7336257247683604
201800043052,NonLethal,2018-09-16,15:15:00,Daylight,940,78,Yes,NoIntersection,Normal,2Vehicles-Behind,PARIS (R DE),M,48.74699381206424,2.7476392391797755
201800043053,NonLethal,2018-09-17,07:05:00,NightStreelightsOn,940,78,Yes,T-type,Normal,2Vehicles-BehindVehicles-Frontal,PRESIDENT JOHN FITZGERAL,M,48.73284250310382,2.735566919532045
201800043055,NonLethal,2018-09-17,22:00:00,NightStreelightsOn,940,74,Yes,X-type,Normal,2Vehicles-Side,CHAMP SAINT-JULIEN (AV D,M,48.74839083465526,2.748625476569612
201800043056,NonLethal,2018-09-26,17:55:00,Daylight,940,77,Yes,NoIntersection,Normal,Other,VICTOR HUGO (AV),M,48.73469793496893,2.732913024836024
201800043057,NonLethal,2018-09-28,19:50:00,TwilightOrDawn,940,77,Yes,X-type,Normal,Other,VICTOR HUGO (AV),M,48.73329929318283,2.7326243978694538
201800043058,NonLethal,2018-09-29,21:00:00,TwilightOrDawn,940,78,Yes,NoIntersection,Normal,2Vehicles-Side,PARIS (RUE DE),M,48.75279952332341,2.75217445969744
201800043060,NonLethal,2018-01-10,15:30:00,Daylight,940,78,Yes,NoIntersection,Normal,2Vehicles-Behind,MELUN (AV DE),M,48.72244846187909,2.7235655022472085
201800043061,NonLethal,2018-01-10,18:20:00,Daylight,940,74,Yes,T-type,Normal,2Vehicles-Side,JULIEN DURANTON (AV),M,48.750585043645614,2.7537628911165983
201800043062,NonLethal,2018-10-01,21:30:00,NightStreelightsOn,940,77,Yes,X-type,Normal,2Vehicles-Side,VERDUN (COUR DE),M,48.73393280426391,2.731702738293808
201800043063,NonLethal,2018-03-10,18:20:00,Daylight,940,78,Yes,T-type,Normal,2Vehicles-Side,HENRI DUNANT (R),M,48.734109394729934,2.7321060428962065
201800043064,NonLethal,2018-09-10,07:50:00,TwilightOrDawn,940,77,Yes,NoIntersection,Normal,Other,REPUBLIQUE (AV DE LA),M,48.73120886832666,2.7323069453586166
201800043065,NonLethal,2018-10-10,17:40:00,Daylight,940,74,Yes,NoIntersection,Normal,2Vehicles-BehindVehicles-Frontal,CHAMP SAINT-JULIEN (AV D,M,48.74910486570621,2.7501585512905518
201800043066,NonLethal,2018-10-11,22:30:00,NightStreelightsOn,940,78,Yes,NoIntersection,LightRain,3+Vehicles-Chain,HUIT MAI 1945 (AV DU),M,48.72700475625388,2.7267483891209188
201800043067,NonLethal,2018-10-13,09:50:00,Daylight,940,74,Yes,NoIntersection,Normal,2Vehicles-Side,HENRI BARBUSSE (AV),M,48.76038741189341,2.761983637096351
201800043068,NonLethal,2018-10-13,14:20:00,Daylight,940,78,Yes,NoIntersection,Normal,Other,PIERRE SEMARD (PL),M,48.72654584267701,2.7296171867504526
201800043069,NonLethal,2018-10-17,11:28:00,Daylight,940,78,Yes,NoIntersection,Normal,2Vehicles-Side,CHOISY (AV DE),M,48.75257020730628,2.752179047669692
201800043070,NonLethal,2018-10-17,18:45:00,Daylight,940,77,Yes,X-type,Normal,2Vehicles-Side,REPUBLIQUE (AV DE LA),M,48.72918178697227,2.7314306892541627
201800043071,NonLethal,2018-10-18,08:50:00,Daylight,940,1,Yes,T-type,Normal,2Vehicles-BehindVehicles-Frontal,RUE DU BAC,M,48.724912385369805,2.7254312291341325
201800043072,NonLethal,2018-10-18,18:30:00,Daylight,940,78,Yes,NoIntersection,Normal,Other,PARIS (R DE),M,48.73255627642747,2.7306863400679857
201800043075,NonLethal,2018-10-24,13:30:00,Daylight,940,77,Yes,NoIntersection,Normal,2Vehicles-Side,VERDUN (COUR DE),M,48.73351074443931,2.7363419997323994
201800043076,NonLethal,2018-10-26,11:00:00,Daylight,940,77,Yes,X-type,Normal,2Vehicles-Side,REPUBLIQUE (VLA DE LA),M,48.73102349151952,2.7307522172722334
201800043077,NonLethal,2018-10-31,12:00:00,Daylight,940,74,Yes,NoIntersection,Normal,2Vehicles-Behind,HENRI BARBUSSE (AV),M,48.772625689132575,2.7712734907541643
201800043078,NonLethal,2018-09-11,18:30:00,NightStreelightsOn,940,74,Yes,NoIntersection,Normal,3+Vehicles-Chain,HENRI BARBUSSE (AV),M,48.77144457577006,2.7692576651420526
201800043079,NonLethal,2018-11-10,12:05:00,Daylight,940,74,Yes,X-type,LightRain,2Vehicles-Side,JOURDAIN THEODULE (rue),M,48.769076670122615,2.771846861467817
201800043081,NonLethal,2018-11-11,22:00:00,NightStreelightsOn,940,74,Yes,Other,LightRain,2Vehicles-Side,GABRIEL PERI (R),M,48.74838431630623,2.750439470015315
201800043082,NonLethal,2018-11-12,05:07:00,NightStreelightsOn,940,78,Yes,NoIntersection,LightRain,Other,PARIS (R DE),M,48.745429928991776,2.7468687226172763
201800043083,NonLethal,2018-11-12,19:15:00,NightStreelightsOn,940,78,Yes,NoIntersection,Normal,Other,VOLTAIRE (R),M,48.739449569477934,2.738142209854438
201800043084,NonLethal,2018-11-18,09:25:00,Daylight,940,78,Yes,NoIntersection,Normal,3+Vehicles-Chain,WINSTON CHURCHILL (AV),M,48.75518925695173,2.754040338637098
201800043088,NonLethal,2018-11-23,22:30:00,NightStreelightsOn,940,1,Yes,NoIntersection,LightRain,2Vehicles-BehindVehicles-Frontal,RUE DU BAC,M,48.72230249028424,2.7207999454898264
201800043089,NonLethal,2018-11-25,14:35:00,Daylight,940,78,Yes,NoIntersection,LightRain,3+Vehicles-Chain,PARIS (R DE),M,48.72845249376682,2.7316658312347446
201800043090,NonLethal,2018-11-26,18:15:00,NightStreelightsOn,940,77,No,NoIntersection,LightRain,2Vehicles-BehindVehicles-Frontal,DIDIER DAURAT (R),M,48.73337727523717,2.734242146223982
201800043092,NonLethal,2018-11-28,10:50:00,Daylight,940,1,Yes,NoIntersection,Overcast,Other,RUE DU BAC,M,48.72108987636326,2.7257669126597777
201800043093,NonLethal,2018-11-28,19:35:00,TwilightOrDawn,940,78,Yes,X-type,Normal,Other,PRESIDENT JOHN FITZGERAL,M,48.73778898279829,2.7384569332483006
201800043095,NonLethal,2018-12-12,19:25:00,NightStreelightsOn,940,78,Yes,Other,Normal,2Vehicles-Side,PARIS (R DE),M,48.73466686294409,2.7362839270337758
201800043096,NonLethal,2018-08-12,11:30:00,Daylight,940,78,Yes,T-type,Normal,2Vehicles-Side,PARIS (R DE),M,48.73677250153713,2.735949031309819
201800043097,NonLethal,2018-09-12,17:22:00,NightNoStreetLight,940,78,Yes,T-type,LightRain,Other,PARIS (R DE),M,48.73111644069462,2.7321067686133143
201800043098,NonLethal,2018-12-19,06:00:00,NightNoStreetLight,940,78,Yes,T-type,LightRain,2Vehicles-Side,PRESIDENT JOHN FITZGERAL,M,48.73548070332814,2.7352978894939977
201800043099,NonLethal,2018-12-14,23:38:00,NightStreelightsOff,940,78,Yes,NoIntersection,Normal,2Vehicles-Side,ANATOLE FRANCE (AV),M,48.75072412292927,2.749532691865141
201800043101,NonLethal,2018-12-31,14:40:00,Daylight,940,78,Yes,NoIntersection,Normal,Other,THIMONNIER (R),M,48.74964202316461,2.750596966367061
201800043102,NonLethal,2018-12-31,19:05:00,NightStreelightsOn,940,78,Yes,NoIntersection,Normal,2Vehicles-Side,PIERRE SEMARD (PL),M,48.71943809201437,2.7189813895710957
201800043103,NonLethal,2018-10-01,09:05:00,Daylight,940,80,Yes,NoIntersection,LightRain,NoCollision,"91, REPUBLIQUE (AV DE LA",M,48.8504810251336,2.850598860352366
201800043105,NonLethal,2018-02-02,06:00:00,NightStreelightsOn,940,80,Yes,X-type,Normal,2Vehicles-Side,FELIX FAURE / MURS,M,48.84863860226506,2.847426625049489
201800043106,NonLethal,2018-02-04,11:30:00,Daylight,940,67,Yes,T-type,Normal,Other,DE GAULLE / COURBET,M,48.84551521241016,2.846050750306232
201800043107,NonLethal,2018-02-17,16:15:00,Daylight,940,80,Yes,NoIntersection,Normal,2Vehicles-Side,COURS MARIGNY,M,48.84750411917391,2.8445247040032258
201800043108,NonLethal,2018-02-20,12:30:00,Daylight,940,67,Yes,MoreThan4Branches,Normal,Other,LAGNY / JOFFRE,M,48.84932098034122,2.8484083257479043
201800043109,NonLethal,2018-02-22,10:50:00,Daylight,940,80,Yes,X-type,VeryGood,2Vehicles-Side,LIBERATION / TERRITOIRES,M,48.85161450091441,2.849791829307805
201800043110,NonLethal,2018-02-28,02:00:00,NightStreelightsOn,940,67,Yes,T-type,Other,NoCollision,DAUMESNIL / D ARC,M,48.83521860827363,2.836231270396029
201800043112,NonLethal,2018-09-03,07:55:00,Daylight,940,67,Yes,NoIntersection,LightRain,Other,"1bis, FOCH (AV)",M,48.846337225735375,2.8453415845673007
201800043113,NonLethal,2018-03-20,09:00:00,Daylight,940,67,Yes,T-type,Normal,Other,GALLIENI / QUIHOU,M,48.846807935263904,2.8472564248015635
201800043114,NonLethal,2018-03-21,12:00:00,Daylight,940,80,Yes,X-type,Normal,Other,DIDEROT / MASSENET,M,48.85009395327425,2.8501196991587627
201800043116,NonLethal,2018-03-27,19:15:00,TwilightOrDawn,940,80,Yes,X-type,Overcast,Other,"41, FONTENAY / SILVESTRI",M,48.84737030425142,2.8480991944244