AccidentId,Gravity,Date,Hour,Light,Department,Commune,InAgglomeration,IntersectionType,Weather,CollisionType,PostalAddress,GPSCode,Latitude,Longitude
201800043117,NonLethal,2018-03-30,08:30:00,Daylight,940,80,Yes,NoIntersection,Normal,2Vehicles-Side,"36, PARIS (AV DE)",M,48.84216687882038,2.844879418173909
201800043118,NonLethal,2018-03-31,03:50:00,NightStreelightsOn,940,80,Yes,X-type,Normal,2Vehicles-Side,EGLISE / CHATEAU,M,48.847021331327866,2.8472725165521933
201800043119,NonLethal,2018-04-02,17:10:00,Daylight,940,80,Yes,NoIntersection,Overcast,NoCollision,"128, AV DE PARIS",M,48.84627521160842,2.8457597109658828
201800043120,NonLethal,2018-05-04,08:30:00,Daylight,940,67,Yes,NoIntersection,Normal,3+Vehicles-Chain,"53, AV DAUMESNIL",M,48.83633848003657,2.834693832685681
201800043122,NonLethal,2018-04-27,11:20:00,Daylight,940,67,Yes,T-type,Normal,2Vehicles-Side,DE GAULLE / COURBET,M,48.84574306311152,2.843069708078632
201800043123,NonLethal,2018-04-28,22:50:00,NightStreelightsOn,940,80,Yes,T-type,Normal,Other,"10, FONTENAY / EGALITE",M,48.847073335779015,2.848573267205518
201800043124,NonLethal,2018-05-04,15:00:00,Daylight,940,67,Yes,NoIntersection,Normal,2Vehicles-Side,"5, JOFFRE (AV)",M,48.84727929905008,2.8444859951199546
201800043125,NonLethal,2018-05-05,12:50:00,Daylight,940,67,Yes,NoIntersection,Normal,Other,DAUMESNIL (AV),M,48.83465864527025,2.8341529842368374
201800043126,NonLethal,2018-05-16,01:39:00,NightStreelightsOn,940,80,Yes,X-type,Normal,2Vehicles-Side,AV DE LA REPUBLIQUE,M,48.85004772266074,2.8510101709222577
201800043127,NonLethal,2018-05-18,16:25:00,Daylight,940,67,Yes,NoIntersection,Normal,2Vehicles-Behind,AVENUE DAUMESNIL,M,48.83565708004468,2.833801377390928
201800043128,NonLethal,2018-05-19,14:00:00,Daylight,940,67,Yes,NoIntersection,Normal,2Vehicles-Side,3 AVENUE VICTOR HUGO,M,48.840550836754645,2.8445539841844667
201800043129,NonLethal,2018-05-22,23:05:00,NightStreelightsOn,940,80,Yes,NoIntersection,Overcast,NoCollision,29 AV DE LA REPUBLIQUE,M,48.84684707659368,2.8465279051162127
201800043130,NonLethal,2018-05-25,15:45:00,Daylight,940,67,Yes,NoIntersection,Normal,2Vehicles-Behind,DAUMESNIL (AV),M,48.835721277639806,2.833977144588341
201800043132,NonLethal,2018-01-06,03:15:00,NightStreelightsOn,940,80,Yes,T-type,Overcast,2Vehicles-Side,AVENUE DE PARIS,M,48.84547251989691,2.843269546080888
201800043133,NonLethal,2018-01-06,15:15:00,Daylight,940,80,Yes,X-type,Normal,2Vehicles-Side,DEFRANCE (R),M,48.847862128105305,2.849411742139509
201800043134,NonLethal,2018-11-06,09:30:00,Daylight,940,80,Yes,NoIntersection,Normal,2Vehicles-Behind,"1, NOGENT (AV DE)",M,48.84405990986311,2.8461560364240874
201800043135,NonLethal,2018-06-20,00:05:00,NightStreelightsOn,940,80,Yes,T-type,Normal,2Vehicles-Side,2O MINIMES (AV DES),M,48.841856797790456,2.8414966676700626
201800043136,NonLethal,2018-06-20,15:10:00,Daylight,940,67,Yes,NoIntersection,Normal,2Vehicles-Behind,62 CHAUSSEE DE L ETANG,M,48.83841901196387,2.840542842830065
201800043137,NonLethal,2018-06-26,08:35:00,Daylight,940,80,Yes,Other,VeryGood,Other,"7, DEFRANCE (R)",M,48.84749770957934,2.848623795388232
201800043138,NonLethal,2018-07-09,18:45:00,Daylight,940,80,Yes,NoIntersection,VeryGood,2Vehicles-Side,"26-28, FONTENAY (R DE)",M,48.84580598572965,2.846693720800124
201800043139,NonLethal,2018-07-11,03:10:00,NightNoStreetLight,940,67,Yes,T-type,Normal,2Vehicles-Side,PARIS (AV DE),M,48.84613257497215,2.8451639447046078
201800043140,NonLethal,2018-07-11,10:20:00,Daylight,940,80,Yes,NoIntersection,Normal,Other,LAITIERES (R DES),M,48.84707137015517,2.8461561430587885
201800043141,NonLethal,2018-07-17,17:30:00,Daylight,940,67,Yes,NoIntersection,Normal,2Vehicles-BehindVehicles-Frontal,GENERAL DE GAULLE (AV DU,M,48.83691331369843,2.836542193885971
201800043142,NonLethal,2018-08-28,15:00:00,Daylight,940,80,Yes,NoIntersection,Normal,Other,FONTENAY (R DE),M,48.84809842560604,2.8486723827326084
201800043143,NonLethal,2018-08-30,09:30:00,Daylight,940,67,Yes,NoIntersection,Normal,2Vehicles-Behind,LAGNY (R DE),M,48.85018444368578,2.8503460886834247
201800043144,NonLethal,2018-09-04,16:30:00,Daylight,940,80,Yes,NoIntersection,Normal,Other,REPUBLIQUE (AV DE LA),M,48.8480533132982,2.8482891816600087
201800043145,NonLethal,2018-09-04,18:30:00,Daylight,940,80,Yes,T-type,Normal,Other,PETIT PARC (AV DU),M,48.84251667075178,2.841409948952503
201800043146,NonLethal,2018-11-09,11:55:00,Daylight,940,80,Yes,NoIntersection,Normal,2Vehicles-Behind,NOGENT (AV DE),M,48.84575603847669,2.8451191474867765
201800043148,NonLethal,2018-09-16,12:25:00,Daylight,940,67,Yes,Other,Normal,2Vehicles-Side,DAUMESNIL (AV),M,45.834529036030766,2.8348381203623623
201800043149,NonLethal,2018-09-17,07:35:00,Daylight,940,80,Yes,NoIntersection,Normal,Other,AVENUE DE PARIS,M,48.845487892904494,2.844629940835384
201800043150,NonLethal,2018-09-24,00:50:00,NightStreelightsOn,940,67,Yes,X-type,Normal,2Vehicles-Behind,DAUMESNIL (AV),M,48.83382031884164,2.835337512732436
201800043151,NonLethal,2018-09-24,08:25:00,Daylight,940,80,Yes,NoIntersection,Normal,Other,REPUBLIQUE (AV DE LA),M,48.851863339308025,2.850249767765542
201800043152,NonLethal,2018-09-25,12:20:00,Daylight,940,67,Yes,X-type,Normal,Other,FOCH (AVE),M,48.84680920501626,2.844548304400348
201800043154,NonLethal,2018-10-10,12:30:00,Daylight,940,80,Yes,NoIntersection,Normal,Other,STRASBOURG (R DE),M,45.85030864830652,2.853407936407108
201800043155,NonLethal,2018-10-11,14:40:00,Daylight,940,80,Yes,NoIntersection,Normal,Other,PARIS (AV DE),M,48.84618647208334,2.846605526663786
201800043156,NonLethal,2018-10-12,14:30:00,Daylight,940,80,Yes,NoIntersection,Normal,Other,FONTENAY (R DE),M,48.8470470324724,2.8483627986364524
201800043158,NonLethal,2018-10-16,18:05:00,Daylight,940,67,Yes,NoIntersection,Normal,2Vehicles-Side,DAUMESNIL (AV),M,48.83482761222989,2.835491135617721
201800043159,NonLethal,2018-10-23,17:35:00,Daylight,940,67,Yes,NoIntersection,Normal,Other,AVENUE VICTOR HUGO,M,48.84406815966019,2.843144249108079
201800043160,NonLethal,2018-10-23,21:05:00,NightStreelightsOn,940,80,Yes,X-type,Normal,2Vehicles-Side,FONTENAY (R DE),M,48.84747585190988,2.8482812318727966
201800043161,NonLethal,2018-11-09,14:00:00,Daylight,940,80,Yes,NoIntersection,Normal,2Vehicles-Behind,NOGENT (AV DE),M,48.84543297492196,2.845178279369336
201800043162,NonLethal,2018-11-15,09:10:00,Daylight,940,80,Yes,NoIntersection,FogOrSmoke,2Vehicles-Behind,FONTENAY (R DE),M,48.8477457530147,2.8479439788680483
201800043164,NonLethal,2018-11-26,07:55:00,NightStreelightsOff,940,67,Yes,T-type,LightRain,Other,AMIRAL COURBET (R DE L),M,48.845797420144144,2.84518000673128
201800043165,NonLethal,2018-11-26,11:05:00,Daylight,940,67,Yes,X-type,Overcast,2Vehicles-Side,AVENUE DE PARIS,M,48.8463598819876,2.8435231548901614
201800043166,NonLethal,2018-03-12,14:15:00,Daylight,940,80,Yes,X-type,LightRain,Other,CHATEAU (AV DU),M,48.84615047712942,2.8454883227769683
201800043167,NonLethal,2018-12-13,14:30:00,Daylight,940,67,Yes,NoIntersection,Normal,Other,AVENUE GALLIENI,M,48.84603504086012,2.8458170702439065
201800043168,NonLethal,2018-12-14,16:50:00,TwilightOrDawn,940,80,Yes,NoIntersection,Normal,Other,GABRIEL PERI (AV),M,48.84636667030736,2.846507631284243
201800043169,NonLethal,2018-12-22,09:40:00,Daylight,940,80,Yes,NoIntersection,Normal,2Vehicles-Side,NOGENT (AV DE),M,48.8449707881224,2.8444524956041324
201800043170,NonLethal,2018-12-30,19:05:00,NightNoStreetLight,940,67,Yes,NoIntersection,LightRain,Other,ETANG (CHS DE L),M,48.84261146789584,2.8438115705827967
201800043171,NonLethal,2018-01-10,07:35:00,TwilightOrDawn,940,81,Yes,NoIntersection,LightRain,2Vehicles-Side,"8, PRESIDENT SALVADOR AL",M,48.79651388932711,2.795822115618792
201800043172,NonLethal,2018-01-11,07:50:00,NightStreelightsOn,940,81,Yes,T-type,Overcast,2Vehicles-BehindVehicles-Frontal,ROBESPIERRE / FRANCAIS,M,48.788677738549815,2.7882812740420078
201800043173,NonLethal,2018-12-01,16:55:00,TwilightOrDawn,940,81,Yes,NoIntersection,Normal,2Vehicles-Side,"5, ALL PIERRE LAMOUROUX",M,48.79905568335012,2.800382879113931
201800043174,NonLethal,2018-01-15,09:15:00,Daylight,940,81,Yes,T-type,Normal,2Vehicles-Behind,GROULT / PERI,M,48.78951586450943,2.7872255821057235
201800043175,NonLethal,2018-01-19,18:05:00,NightStreelightsOn,940,81,Yes,X-type,Normal,Other,"16, AV COMMUNE DE PARIS",M,48.78308174530689,2.7829086860647623
201800043176,NonLethal,2018-01-19,22:45:00,NightStreelightsOn,940,81,Yes,X-type,LightRain,2Vehicles-Side,EDITH CAVELL / ALGESIRAS,M,48.80263588133232,2.80205835744536
201800043177,NonLethal,2018-01-25,08:54:00,Daylight,940,81,Yes,X-type,LightRain,Other,FOURIER / PASTEUR,M,48.80311000273608,2.803401591414161
201800043178,NonLethal,2018-02-02,17:30:00,Daylight,940,81,Yes,NoIntersection,Normal,Other,"1O,AV GROUPE MANOUCHIAN",M,48.78901821876405,2.787645838533382
201800043179,NonLethal,2018-05-02,12:10:00,Daylight,940,81,Yes,T-type,SnowOrHail,Other,DERRIEN / RISCH,M,48.77411420128581,2.7760837029961807
201800043180,NonLethal,2018-02-06,08:15:00,TwilightOrDawn,940,81,Yes,X-type,SnowOrHail,Other,COUTURIER / FRANKLIN,M,48.79683434033873,2.797196912819575
201800043181,NonLethal,2018-02-06,18:00:00,NightStreelightsOn,940,81,Yes,NoIntersection,SnowOrHail,Other,"7, ABBE ROGER DERRY (AV",M,48.7905482273837,2.7901867738920174
201800043182,NonLethal,2018-07-02,12:15:00,Daylight,940,81,Yes,T-type,SnowOrHail,2Vehicles-Side,MARAT / SEINE,M,48.79674463962908,2.7973131015115813
201800043183,NonLethal,2018-09-02,13:15:00,Daylight,940,81,Yes,T-type,SnowOrHail,2Vehicles-Side,"122,AV ROUGET DE L ISLE",M,48.77940155773574,2.780693681157795
201800043184,NonLethal,2018-11-02,10:45:00,Daylight,940,81,Yes,T-type,Normal,2Vehicles-Side,MAGINOT/VISAGE,M,48.79329370434389,2.792133902360913
201800043186,NonLethal,2018-02-26,11:45:00,Daylight,940,81,Yes,T-type,Normal,2Vehicles-Behind,BROUSSAIS/PERI,M,48.7844971699969,2.782934179969276
201800043187,NonLethal,2018-03-06,16:00:00,Daylight,940,81,Yes,T-type,Normal,2Vehicles-Side,STALINGRAD / PINSON,M,48.79403982400364,2.797161049490956
201800043188,NonLethal,2018-03-14,12:30:00,Daylight,940,81,Yes,NoIntersection,Normal,Other,3 Avenue de l'Abbé Roger,M,48.79168182329748,2.790971260596746
201800043189,NonLethal,2018-03-14,17:55:00,Daylight,940,81,Yes,X-type,Normal,2Vehicles-Side,R EDITH CAVELL / ALLENDE,M,48.7968252955941,2.796769309232145
201800043190,NonLethal,2018-03-14,19:54:00,NightStreelightsOff,940,81,Yes,NoIntersection,Normal,3+Vehicles-Multiple,"125, MOULIN DE SAQUET (A",M,48.78906151436448,2.787633115454565
201800043191,NonLethal,2018-03-16,17:00:00,Daylight,940,81,Yes,X-type,Normal,2Vehicles-BehindVehicles-Frontal,GRIMAU / TREMBLAY,M,48.78052058820159,2.781281204083991
201800043192,NonLethal,2018-03-17,14:40:00,Daylight,940,81,Yes,T-type,HeavyRain,2Vehicles-BehindVehicles-Frontal,MANOUCHIAN / BERTELOT,M,48.78971899067125,2.7907864723196214
201800043194,NonLethal,2018-03-21,12:30:00,Daylight,940,81,Yes,T-type,Normal,Other,ANGLAIS / JAURES,M,48.80442432784744,2.8030655854427
201800043195,NonLethal,2018-03-24,02:15:00,NightStreelightsOn,940,81,Yes,T-type,LightRain,Other,HELLER / HENAFF,M,48.79406385475088,2.7925363268852967
201800043198,NonLethal,2018-03-27,20:05:00,NightStreelightsOn,940,81,Yes,X-type,Normal,3+Vehicles-Chain,"23, ROUGET DE L ISLE (AV",M,48.77739507561409,2.7778523179878847
201800043199,NonLethal,2018-03-29,11:45:00,Daylight,940,81,Yes,NoIntersection,Normal,Other,"12, AV GROUPE MANOUCHIAN",M,48.7883664383547,2.789399633138653
201800043200,NonLethal,2018-03-30,21:15:00,NightStreelightsOn,940,81,Yes,NoIntersection,Normal,Other,l7l BD DE STALINGRAD,M,48.805840615767615,2.8059740592143734
201800043202,NonLethal,2018-04-02,20:00:00,NightStreelightsOn,940,81,Yes,NoIntersection,LightRain,Other,"49, AV COMMUNE DE PARIS",M,48.78288333616679,2.783990583870624
201800043203,NonLethal,2018-11-04,08:45:00,Daylight,940,81,Yes,NoIntersection,Normal,2Vehicles-Side,"9, QU JULES GUESDE",M,48.77783605522482,2.777493945653829
201800043204,NonLethal,2018-02-01,09:20:00,Daylight,940,81,Yes,X-type,Normal,2Vehicles-Behind,FABIEN / SAQUET,M,48.78865511610444,2.790250562277137
201800043205,NonLethal,2018-04-15,13:05:00,Daylight,940,81,Yes,X-type,Normal,2Vehicles-Side,BARBUSSE / DEFRESNE,M,48.79182825902302,2.792118101789933
201800043206,NonLethal,2018-04-18,18:10:00,Daylight,940,81,No,NoIntersection,Normal,Other,"129, R EDOUARD TREMBLAY",M,48.78366748192257,2.785159649492343
201800043207,NonLethal,2018-04-20,12:30:00,Daylight,940,81,Yes,NoIntersection,Normal,2Vehicles-Side,"41, AV P.V. COUTURIER",M,48.80073962525654,2.798658495947088
201800043208,NonLethal,2018-04-22,20:25:00,Daylight,940,81,Yes,NoIntersection,Normal,2Vehicles-Side,"82, AV ANATOLE FRANCE",M,48.80649589902154,2.806448448272568
201800043209,NonLethal,2018-04-25,11:10:00,Daylight,940,81,Yes,NoIntersection,Normal,Other,"52, BD DE STALINGRAD",M,48.79780939486246,2.7972085055397087
201800043210,NonLethal,2018-04-25,16:30:00,Daylight,940,81,Yes,T-type,Normal,2Vehicles-Side,"63, FABIEN / GREUZE",M,48.78558675316211,2.784743035191686
201800043211,NonLethal,2018-04-05,08:50:00,Daylight,940,81,Yes,NoIntersection,Normal,Other,"18, MOULIN DE SAQUET (AV",M,48.78961307513643,2.790921489221712
201800043213,NonLethal,2018-05-04,19:40:00,Daylight,940,81,Yes,NoIntersection,Normal,Other,RUE LEON GEOFFROY,M,48.78219202961613,2.783646524144216
201800043214,NonLethal,2018-05-07,16:35:00,Daylight,940,81,Yes,NoIntersection,Normal,Other,"7, EUGENE PELLETAN (AV)",M,48.79156653656411,2.793102046975538
201800043215,NonLethal,2018-04-07,22:30:00,NightStreelightsOn,940,81,Yes,X-type,Normal,2Vehicles-BehindVehicles-Frontal,"236, GRIMAU / TREMBLAY",M,48.78179519416168,2.781579892418152
201800043216,NonLethal,2018-05-16,01:20:00,NightStreelightsOn,940,81,Yes,NoIntersection,Normal,Other,60 RUE LEON GEOFFROY,M,48.77787850974789,2.7789488748622966
201800043217,NonLethal,2018-05-18,18:00:00,Daylight,940,81,Yes,X-type,Normal,Other,PETITE SAUSSAIE (R DE LA,M,48.78494755814876,2.784515656869805
201800043219,NonLethal,2018-05-18,20:50:00,TwilightOrDawn,940,81,Yes,X-type,Normal,2Vehicles-Side,"Angle, EDITH CAVELL (R)",M,48.80176868988547,2.8025453161392613
201800043220,NonLethal,2018-05-19,14:20:00,Daylight,940,81,Yes,NoIntersection,Normal,2Vehicles-BehindVehicles-Frontal,22 AV PDT SALVADOR ALLEN,M,48.795865179181234,2.795728021295999
201800043221,NonLethal,2018-05-24,22:00:00,NightStreelightsOn,940,81,Yes,NoIntersection,Normal,2Vehicles-Side,"49, MOULIN DE SAQUET (AV",M,48.79189295513184,2.790756614137811
201800043222,NonLethal,2018-05-29,23:35:00,NightStreelightsOn,940,81,Yes,X-type,HeavyRain,2Vehicles-Side,EDITH CAVELL (R),M,48.79519987156127,2.7972080455594472
201800043223,Lethal,2018-05-30,16:15:00,Daylight,940,81,Yes,NoIntersection,Normal,Other,"5, ABBE ROGER DERRY (AV",M,48.79089825117787,2.7918711022017177
201800043224,NonLethal,2018-05-06,11:55:00,Daylight,940,81,Yes,NoIntersection,Normal,Other,GUY MOQUET (AV),M,48.79136608787532,2.7920729063179657
201800043225,NonLethal,2018-07-06,12:00:00,Daylight,940,81,Yes,T-type,Normal,2Vehicles-Side,STALINGRAD (BD DE),M,48.80080614483436,2.7978449595266706
201800043226,NonLethal,2018-06-11,10:40:00,Daylight,940,81,Yes,NoIntersection,Normal,Other,"200, EDOUARD TREMBLAY (R",M,48.78197886416041,2.7824327371713284
201800043227,NonLethal,2018-06-08,07:50:00,Daylight,940,81,Yes,T-type,Normal,Other,"Angle, EDITH CAVELL (R)",M,48.80166742275641,2.7985638996978297
201800043229,NonLethal,2018-06-15,11:10:00,Daylight,940,81,Yes,NoIntersection,Normal,Other,"35, ABBE ROGER DERRY (AV",M,48.78926438464915,2.788486110668785
201800043230,NonLethal,2018-06-15,15:45:00,Daylight,940,81,Yes,T-type,Normal,Other,"Angle, EDOUARD TIL (R)",M,48.78667799185423,2.7866764549450536
201800043233,NonLethal,2018-06-27,00:55:00,NightStreelightsOn,940,81,Yes,NoIntersection,Normal,Other,"227, JULIAN GRIMAU (R)",M,48.783181077171314,2.781797311134244
201800043234,NonLethal,2018-06-27,10:50:00,Daylight,940,81,Yes,NoIntersection,Normal,3+Vehicles-Chain,"8, PRESIDENT SALVADOR AL",M,48.79658189320944,2.7967938007791155
201800043235,NonLethal,2018-06-28,10:50:00,Daylight,940,81,Yes,X-type,Normal,2Vehicles-Side,"80, CONCORDE (R DE LA)",M,48.80082835600881,2.8010439814370085
201800043236,NonLethal,2018-06-26,09:20:00,Daylight,940,81,Yes,T-type,Normal,2Vehicles-BehindVehicles-Frontal,"Angle, LEMERLE VETTER (A",M,48.77879242182964,2.777751891344257
201800043237,NonLethal,2018-06-28,20:00:00,Daylight,940,81,Yes,T-type,Normal,Other,"Angle, EDOUARD TREMBLAY",M,48.78674962607855,2.7863939777191824
201800043239,NonLethal,2018-05-07,12:15:00,Daylight,940,81,Yes,NoIntersection,Normal,2Vehicles-Behind,"11, DIX HUIT JUIN 194O (",M,48.789773634910325,2.789942014085824
201800043240,NonLethal,2018-04-07,00:15:00,NightStreelightsOn,940,81,Yes,NoIntersection,Normal,Other,"10, CHATEAU (R DU)",M,48.79202295016408,2.7919203413444484
201800043241,NonLethal,2018-07-23,14:45:00,Daylight,940,81,Yes,MoreThan4Branches,Normal,Other,"21, CONCORDE (R DE LA)",M,48.79926190507054,2.7998998713479586
201800043242,NonLethal,2018-07-26,15:40:00,Daylight,940,81,Yes,X-type,Normal,Other,ABBE ROGER DERRY (AV DE,M,48.79122831982986,2.7895214997582323
201800043243,NonLethal,2018-07-31,14:15:00,Daylight,940,81,Yes,NoIntersection,Normal,2Vehicles-Behind,EUGENE PELLETAN (AV),M,48.79215501312908,2.7907806311141323
201800043244,NonLethal,2018-08-05,13:10:00,Daylight,940,81,Yes,NoIntersection,Normal,2Vehicles-Side,STALINGRAD (BD DE),M,48.801079039402985,2.800867611116356
201800043245,NonLethal,2018-08-10,18:50:00,Daylight,940,81,Yes,X-type,Normal,2Vehicles-Side,EDITH CAVELL (R),M,48.79868530873151,2.7991814271454563
201800043246,NonLethal,2018-08-14,22:15:00,NightStreelightsOff,940,81,Yes,X-type,Normal,2Vehicles-BehindVehicles-Frontal,PAUL VAILLANT COUTURIER,M,48.8002389387693,2.7998199565749937
201800043247,NonLethal,2018-08-17,18:10:00,Daylight,940,81,Yes,NoIntersection,Normal,Other,LEON GEFFROY (R),M,48.77426011209044,2.7751259819712555
201800043248,NonLethal,2018-08-20,21:20:00,NightNoStreetLight,940,81,Yes,NoIntersection,Normal,Other,PERREUX (R DU),M,48.792978461304266,2.7921398910966757
201800043250,NonLethal,2018-08-24,18:00:00,Daylight,940,81,Yes,Other,Normal,Other,MOULIN DE SAQUET - CAR D,M,48.7908104109402,2.7927855342462804
201800043251,NonLethal,2018-08-29,07:45:00,TwilightOrDawn,940,81,Yes,X-type,LightRain,Other,HUIT MAI 1945 (AV DU),M,48.78316774610882,2.786669016058121
201800043252,NonLethal,2018-08-31,19:15:00,Daylight,940,81,Yes,NoIntersection,Normal,2Vehicles-Behind,CAMILLE  GROULT (R),M,48.79034944535912,2.7895964715257744
201800043253,NonLethal,2018-02-09,17:05:00,Daylight,940,81,Yes,T-type,Normal,2Vehicles-BehindVehicles-Frontal,CHANZY (AV),M,48.79936750478036,2.798108203516784
201800043255,NonLethal,2018-08-09,22:35:00,NightStreelightsOn,940,81,Yes,T-type,Normal,Other,CAMILLE RISCH (R),M,48.77564580437144,2.775295359422243
201800043256,NonLethal,2018-09-12,08:40:00,Daylight,940,81,Yes,Other,Normal,Other,HENRI BARBUSSE (AV),M,48.79275385636198,2.7905680741435286
201800043257,NonLethal,2018-09-17,15:00:00,Daylight,940,81,Yes,Roundabout,Normal,2Vehicles-Side,BEL AIR (R DU),M,48.78293863914918,2.7821592952539254
201800043258,NonLethal,2018-09-18,08:35:00,Daylight,940,81,Yes,NoIntersection,Normal,Other,GERMAIN DEFRESNE (R),M,48.79506611163206,2.794211049243074
201800043259,NonLethal,2018-09-14,20:20:00,NightNoStreetLight,940,81,Yes,T-type,Normal,2Vehicles-Side,ARAGO (R),M,48.78972639346948,2.7885354100687443
201800043262,NonLethal,2018-09-24,09:00:00,TwilightOrDawn,940,81,Yes,Other,Normal,Other,JULIAN GRIMAU (R),M,48.78021696853758,2.781794950626554
201800043263,NonLethal,2018-09-25,22:55:00,NightStreelightsOn,940,81,Yes,T-type,Normal,Other,LECOQ (VOI),M,49.78957106318986,2.792355593040956
201800043264,NonLethal,2018-09-27,14:30:00,Daylight,940,81,Yes,X-type,Normal,2Vehicles-Side,ANATOLE FRANCE (AV),M,48.801147402822565,2.802755090607364
201800043266,NonLethal,2018-10-02,12:25:00,Daylight,940,81,Yes,NoIntersection,Normal,3+Vehicles-Multiple,CHOISY (R DE),M,48.78567379562565,2.787362228384492
201800043269,NonLethal,2018-09-10,07:25:00,TwilightOrDawn,940,81,Yes,NoIntersection,Normal,Other,ANATOLE FRANCE (AV),M,48.80150262223905,2.8026264738551694
201800043270,NonLethal,2018-09-30,22:30:00,NightStreelightsOn,940,81,Yes,NoIntersection,Normal,Other,GABRIEL PERI (R),M,48.791069494199775,2.7914395400995047
201800043271,NonLethal,2018-10-10,14:20:00,Daylight,940,81,Yes,X-type,Normal,Other,GENERAL DE GAULLE (R DU),M,48.79434430083733,2.791978473918887
201800043272,NonLethal,2018-12-10,17:00:00,Daylight,940,81,Yes,Other,Normal,2Vehicles-BehindVehicles-Frontal,YOURI GAGARINE (AV),M,48.78629734930778,2.7864631447688395
201800043274,NonLethal,2018-10-15,16:45:00,Daylight,940,81,Yes,NoIntersection,Normal,Other,COMMUNE DE PARIS (AV DE,M,48.78081187449505,2.7799827412014926
201800043275,NonLethal,2018-10-17,18:40:00,TwilightOrDawn,940,81,Yes,NoIntersection,Normal,Other,CAMILLE GROULT (R),M,48.78636864567558,2.785498228715753
201800043278,NonLethal,2018-10-22,19:55:00,TwilightOrDawn,940,81,Yes,Other,Normal,2Vehicles-Side,JULIAN GRIMAU (R),M,48.77776341977875,2.7772727670976614
201800043279,NonLethal,2018-10-25,08:00:00,Daylight,940,81,Yes,T-type,Normal,Other,MARIO CAPRA (R),M,48.7837324594011,2.783147671350931
201800043281,NonLethal,2018-10-28,21:50:00,NightStreelightsOn,940,81,Yes,NoIntersection,Normal,2Vehicles-Side,STALINGRAD (BD DE),M,48.79933617628053,2.7998394111338456
201800043282,NonLethal,2018-10-29,21:50:00,NightStreelightsOn,940,81,Yes,T-type,Overcast,2Vehicles-Side,ROGER CONTESENNE (R),M,48.79312612902385,2.790797422967383
201800043283,NonLethal,2018-10-31,18:10:00,NightStreelightsOn,940,81,Yes,X-type,LightRain,Other,LUCIEN FRANCAIS (AV),M,48.78963970103046,2.788332374152159
201800043285,NonLethal,2018-11-01,08:00:00,TwilightOrDawn,940,81,Yes,Other,Normal,3+Vehicles-Chain,CONSTANT COQUELIN (R),M,48.77345214869221,2.77420349250978
201800043287,NonLethal,2018-11-13,07:45:00,TwilightOrDawn,940,81,Yes,MoreThan4Branches,Normal,2Vehicles-BehindVehicles-Frontal,GABRIEL PERI (R),M,48.79397791255867,2.795430294024391
201800043291,NonLethal,2018-11-22,15:55:00,Daylight,940,81,Yes,T-type,LightRain,2Vehicles-Side,ANSELME RONDENAY (R),M,48.78025211600319,2.7803763833035946
201800043293,NonLethal,2018-11-27,08:00:00,Daylight,940,81,Yes,NoIntersection,Normal,Other,BEL AIR (R DU),M,48.781527414956365,2.78092356146047
201800043295,NonLethal,2018-11-30,17:20:00,NightStreelightsOn,940,81,Yes,NoIntersection,Normal,Other,LUCIEN FRANCAIS (AV),M,48.78602154627081,2.7856571550138147
201800043296,NonLethal,2018-12-02,06:15:00,NightStreelightsOn,940,81,Yes,NoIntersection,HeavyRain,Other,LEON GEFFROY (R),M,48.77660165644408,2.7760015407459298
201800043297,NonLethal,2018-03-12,08:00:00,TwilightOrDawn,940,81,Yes,Other,LightRain,Other,JULIAN GRIMAU (R),M,48.7795136281916,2.7815962957402656
201800043298,NonLethal,2018-12-03,15:05:00,Daylight,940,81,Yes,NoIntersection,LightRain,2Vehicles-Side,PAUL VAILLANT COUTURIER,M,48.79481838083477,2.7914028581212773
201800043299,NonLethal,2018-12-06,06:48:00,NightNoStreetLight,940,81,Yes,LevelCrossing,LightRain,Other,EDOUARD TIL (R),M,48.78685900275663,2.7879018524419985
201800043300,NonLethal,2018-08-12,15:45:00,Daylight,940,81,Yes,NoIntersection,LightRain,2Vehicles-Side,GENERAL LECLERC (AV DU),M,48.79093647014372,2.7901770019718297
201800043301,NonLethal,2018-12-13,21:14:00,NightStreelightsOn,940,81,Yes,NoIntersection,Normal,2Vehicles-Side,JULIAN GRIMAU (R),M,48.77713023201039,2.7759373928601505
201800043302,NonLethal,2018-12-14,09:25:00,Daylight,940,81,Yes,NoIntersection,Normal,2Vehicles-Behind,JULES GUESDE (QU),M,48.78867000476173,2.787049054047886
201800043303,NonLethal,2018-12-18,17:40:00,NightStreelightsOn,940,81,Yes,X-type,Normal,2Vehicles-Side,PRESIDENT SALVADOR ALLEN,M,48.79639354249748,2.7968200240520886
201800043304,NonLethal,2018-12-21,20:40:00,NightStreelightsOn,940,81,Yes,X-type,LightRain,Other,PDT SALVADOR ALLENDE,M,48.79527203898336,2.794573389899879
201800043305,NonLethal,2018-12-25,05:50:00,NightNoStreetLight,940,81,Yes,X-type,Overcast,2Vehicles-Side,JULIAN GRIMAU (R),M,48.78122951762601,2.780862564370162
201800043306,NonLethal,2018-12-30,18:09:00,NightStreelightsOn,940,81,Yes,X-type,Normal,Other,ABBE ROGER DERRY (AV DE,M,48.78910901197575,2.788994348671077
201800043307,NonLethal,2018-11-01,01:20:00,NightStreelightsOn,950,18,Yes,NoIntersection,Normal,Other,PLACE ARISTIDE BRIAND,M,48.94720923946071,2.94821979023314
201800043308,NonLethal,2018-03-01,03:05:00,NightStreelightsOn,950,18,Yes,X-type,LightRain,Other,ALLEE BEETHOVEN,M,48.95218098980588,2.9537386863117843
201800043310,NonLethal,2018-06-01,09:25:00,Daylight,950,63,Yes,T-type,Normal,2Vehicles-BehindVehicles-Frontal,RUE PARMENTIER,M,48.93075803326777,2.9299121590434214