AccidentId,Gravity,Date,Hour,Light,Department,Commune,InAgglomeration,IntersectionType,Weather,CollisionType,PostalAddress,GPSCode,Latitude,Longitude
201800043311,Lethal,2018-01-26,15:30:00,Daylight,950,63,Yes,NoIntersection,Normal,Other,RUE EDOUARD VAILLANT,M,48.923801899983374,2.9240730850485943
201800043312,NonLethal,2018-02-18,09:00:00,Daylight,950,18,Yes,Roundabout,Normal,2Vehicles-Side,ROUTE DE PONTOISE,M,48.95010311034547,2.95144338119305
201800043313,NonLethal,2018-02-27,09:20:00,Daylight,950,18,Yes,X-type,Other,2Vehicles-Side,AV GENERAL DE GAULLE,M,48.94079295097316,2.939508417815987
201800043314,NonLethal,2018-02-20,19:50:00,TwilightOrDawn,950,63,Yes,X-type,LightRain,2Vehicles-Side,RUE PONTOISE,M,48.92325249953372,2.923291527963946
201800043315,NonLethal,2018-06-03,08:43:00,Daylight,950,63,Yes,X-type,Normal,2Vehicles-Side,RUE LUCIEN SAMPAIX,M,48.93922617169279,2.938065328803066
201800043317,NonLethal,2018-03-19,17:20:00,Daylight,950,18,Yes,NoIntersection,Normal,Other,RUE DE MAULLY,M,48.95722688048794,2.957022199688578
201800043318,NonLethal,2018-04-15,12:41:00,Daylight,950,18,Yes,NoIntersection,Normal,2Vehicles-Behind,BOULEVARD JEANNE D'ARC,M,48.9462241369669,2.945964380110363
201800043319,NonLethal,2018-04-21,09:25:00,Daylight,950,18,No,T-type,Normal,2Vehicles-Side,ROUTE DE CORMEILLES,M,48.96181007446412,2.9630840288942584
201800043321,NonLethal,2018-05-11,16:45:00,Daylight,950,176,Yes,NoIntersection,Normal,Other,RUE DE LA REPUBLIQUE,M,48.97117199147655,2.9702214113828784
201800043322,NonLethal,2018-05-15,11:45:00,Daylight,950,18,Yes,NoIntersection,Normal,Other,RUE DU COUDRAY,M,48.953808362836064,2.954588194555342
201800043324,NonLethal,2018-05-18,00:05:00,NightStreelightsOn,950,18,Yes,NoIntersection,Normal,2Vehicles-Behind,BOULEVARD JEAN ALLEMANE,M,48.96215538275428,2.959381525510588
201800043325,NonLethal,2018-05-18,11:15:00,Daylight,950,18,Yes,NoIntersection,Normal,3+Vehicles-Multiple,QUAI DE BEZONS,M,48.94362416968849,2.945239875279912
201800043326,NonLethal,2018-05-29,11:40:00,Daylight,950,18,Yes,NoIntersection,HeavyRain,Other,RUE DE GRANDE CEINTURE,M,48.94741045136673,2.949317835618629
201800043327,NonLethal,2018-05-31,09:45:00,Daylight,950,18,Yes,NoIntersection,Normal,2Vehicles-Side,BVD MARCEAU GUILLOT,M,48.954217466060655,2.9535806902143285
201800043328,NonLethal,2018-05-31,14:10:00,Daylight,950,18,Yes,NoIntersection,Normal,Other,RUE DU FIEF,M,48.95111828595862,2.950372528881027
201800043329,NonLethal,2018-06-03,15:10:00,Daylight,950,18,Yes,NoIntersection,Normal,2Vehicles-Side,RUE D'EPINAY,M,48.954835152874765,2.955204660444298
201800043330,NonLethal,2018-12-06,00:01:00,NightStreelightsOn,950,18,Yes,NoIntersection,Normal,Other,RUE DIX NEUF MARS 1962,M,48.951514737782304,2.95237088222211
201800043332,NonLethal,2018-06-15,20:15:00,Daylight,950,63,Yes,NoIntersection,Normal,Other,RUE EDOUARD VAILLANT,M,48.92570911158033,2.9256767509196244
201800043333,NonLethal,2018-06-19,18:30:00,Daylight,950,18,Yes,NoIntersection,Normal,3+Vehicles-Multiple,BOULEVARD JEAN ALLEMANE,M,48.9571312240074,2.9581933594368155
201800043334,NonLethal,2018-06-27,18:10:00,Daylight,950,63,Yes,NoIntersection,Normal,2Vehicles-Side,AV GABRIEL PERI,M,48.93267313898332,2.932619809708602
201800043336,NonLethal,2018-07-14,18:21:00,Daylight,950,18,Yes,NoIntersection,Normal,Other,BOULEVARD JEAN ALLEMANE,M,48.96133510715141,2.9602347589600404
201800043337,NonLethal,2018-07-15,19:30:00,Daylight,950,18,Yes,NoIntersection,Normal,2Vehicles-Side,RUE JEAN LURCAT,M,48.95062692724685,2.9514404586585035
201800043338,NonLethal,2018-07-24,12:01:00,Daylight,950,18,Yes,X-type,Normal,Other,BLD DU GENERAL LECLERC,M,48.93939203341904,2.9400441970558178
201800043339,NonLethal,2018-06-21,21:20:00,Daylight,950,63,Yes,T-type,Normal,2Vehicles-Side,RUE VILLA GAUTHIER,M,48.92575679808824,2.924564209204841
201800043340,NonLethal,2018-08-08,10:55:00,Daylight,950,18,Yes,NoIntersection,Normal,Other,BOULEVARD LEON FEIX,M,48.94978395920235,2.9485411002177777
201800043341,NonLethal,2018-08-21,00:38:00,NightStreelightsOn,950,18,Yes,Y-type,Normal,2Vehicles-Side,ROUTE D' ENGHIEN,M,48.956087432489554,2.95554059159448
201800043342,Lethal,2018-08-30,13:33:00,Daylight,950,176,Yes,T-type,Normal,2Vehicles-BehindVehicles-Frontal,BOULEVARD DU PARISIS,M,48.95428451146486,2.952838585585095
201800043343,NonLethal,2018-07-31,18:15:00,Daylight,950,63,Yes,NoIntersection,Normal,Other,AV GABRIEL PERI,M,48.92675499443897,2.927749143015237
201800043344,NonLethal,2018-11-09,18:20:00,Daylight,950,63,Yes,X-type,Normal,2Vehicles-Side,RUE LUCIEN SAMPAIX,M,48.93932711463789,2.9391489178684327
201800043345,NonLethal,2018-09-14,08:50:00,Daylight,950,18,Yes,NoIntersection,Normal,2Vehicles-Behind,BOULEVARD JEAN ALLEMANE,M,48.95758284956776,2.9566045034868305
201800043346,NonLethal,2018-09-18,11:31:00,Daylight,950,18,Yes,NoIntersection,Normal,2Vehicles-BehindVehicles-Frontal,BOULEVARD GALLIENI,M,48.942820458236646,2.941994165286673
201800043347,NonLethal,2018-08-31,15:10:00,Daylight,950,18,Yes,NoIntersection,Normal,2Vehicles-Side,BOULEVARD JEAN ALLEMANE,M,48.95058918943972,2.951425763821768
201800043348,Lethal,2018-09-25,14:30:00,Daylight,950,18,Yes,X-type,Normal,Other,BD DU GENERAL DELAMBRE,M,48.94060856726258,2.9379531328018795
201800043349,NonLethal,2018-10-16,19:34:00,NightStreelightsOn,950,176,Yes,NoIntersection,Normal,2Vehicles-Side,ROUTE DE PONTOISE,M,48.95492288960752,2.955894646993555
201800043350,NonLethal,2018-10-22,11:00:00,Daylight,950,18,Yes,NoIntersection,LightRain,2Vehicles-BehindVehicles-Frontal,BOULEVARD JEAN ALLEMANE,M,48.956246142456266,2.956083062834177
201800043351,NonLethal,2018-11-08,16:10:00,Daylight,950,63,Yes,NoIntersection,Overcast,Other,PLACE GRAND CERF,M,48.92218790285774,2.9240556617374245
201800043352,NonLethal,2018-11-15,14:40:00,Daylight,950,18,Yes,NoIntersection,Normal,2Vehicles-Side,BOULEVARD JEAN ALLEMANE,M,48.958887766131966,2.957374362809944
201800043353,NonLethal,2018-11-19,10:10:00,Daylight,950,63,Yes,NoIntersection,Normal,Other,PLACE LENINE,M,48.924340372981824,2.921753065116776
201800043354,NonLethal,2018-12-19,07:25:00,NightStreelightsOff,950,18,Yes,NoIntersection,Normal,Other,AV GABRIEL PERI,M,48.94651891016559,2.9467042860752146
201800043355,NonLethal,2018-12-20,19:21:00,NightStreelightsOn,950,63,Yes,NoIntersection,Normal,Other,RUE ALBERT 1ER,M,48.93194799137933,2.9322915850915185
201800043356,NonLethal,2018-12-24,17:05:00,NightStreelightsOn,950,63,Yes,NoIntersection,Normal,Other,RUE EMILE ZOLA,M,48.92361748987872,2.922684360546397
201800043357,NonLethal,2018-12-28,20:40:00,NightStreelightsOn,950,574,Yes,X-type,LightRain,2Vehicles-Side,RUE DU COLONEL FABIEN,M,49.00504153124228,2.007339852131444
201800043358,NonLethal,2018-12-29,21:38:00,NightStreelightsOn,950,18,Yes,NoIntersection,LightRain,Other,RUE DES JASMINS,M,48.94227518897353,2.94123838209908
201800043359,NonLethal,2018-01-24,07:13:00,NightStreelightsOn,950,500,Yes,X-type,Overcast,2Vehicles-Side,AVENUE KENNEDY,M,49.06254341105653,2.0639874522458888
201800043360,NonLethal,2018-02-11,06:11:00,NightStreelightsOn,950,323,Yes,NoIntersection,Normal,Other,GRANDE RUE,M,49.01343827580624,2.016308787280221
201800043361,NonLethal,2018-12-02,11:30:00,Daylight,950,127,Yes,NoIntersection,VeryGood,Other,BOULEVARD DE L'OISE,M,49.04515772403419,2.044340739693939
201800043362,NonLethal,2018-02-15,07:20:00,NightNoStreetLight,950,218,Yes,NoIntersection,LightRain,2Vehicles-BehindVehicles-Frontal,RUE DE L'AMBASSADEUR,M,49.01472771496615,2.0155028305325766
201800043363,NonLethal,2018-02-15,09:25:00,Daylight,950,572,Yes,NoIntersection,LightRain,Other,AVENUE DU CHATEAU,M,49.05679210157115,2.05584469169577
201800043364,NonLethal,2018-02-16,16:42:00,Daylight,950,218,Yes,NoIntersection,Normal,2Vehicles-Side,AVENUE ROGER GUICHARD,M,49.02370696511591,2.0228540368116037
201800043365,NonLethal,2018-02-26,08:15:00,Daylight,950,127,No,NoIntersection,Normal,2Vehicles-Behind,RN 14,M,49.05890820083752,2.057507826684293
201800043366,NonLethal,2018-02-26,08:20:00,Daylight,950,500,Yes,NoIntersection,Normal,Other,RUE DE GISORS,M,49.05351882862161,2.053792780676404
201800043368,NonLethal,2018-04-01,16:55:00,Daylight,950,510,Yes,NoIntersection,Normal,Other,CHEMIN DE PUISEUX,M,49.06460813136974,2.0635428609828432
201800043369,NonLethal,2018-04-13,21:27:00,NightNoStreetLight,950,127,No,NoIntersection,Normal,Other,RN 14 (PROLONGEMENT A15),M,49.05482095065205,2.054938117367658
201800043370,NonLethal,2018-04-14,19:27:00,TwilightOrDawn,950,127,Yes,NoIntersection,LightRain,2Vehicles-Side,BOULEVARD DE LA VIOSNE,M,49.04467830673413,2.0452734941371062
201800043371,NonLethal,2018-05-05,19:30:00,Daylight,950,183,Yes,NoIntersection,Normal,Other,CLOS DE CHIBERTA,M,49.04122499194266,2.0415358491344784
201800043372,NonLethal,2018-05-16,15:44:00,Daylight,950,476,Yes,NoIntersection,Normal,2Vehicles-BehindVehicles-Frontal,BOULEVARD DES MERITES,M,49.049257293658016,2.049239900333819
201800043373,NonLethal,2018-05-07,16:20:00,Daylight,950,218,Yes,Roundabout,Normal,2Vehicles-Side,AVENUE DU GROS CHENE,M,49.02294029533103,2.0267338967638677
201800043374,NonLethal,2018-06-07,12:05:00,Daylight,950,306,Yes,NoIntersection,Normal,2Vehicles-Side,BD DU HAVRE,M,49.00051932345614,2.003418196699298
201800043376,NonLethal,2018-06-22,18:00:00,Daylight,950,127,Yes,NoIntersection,Normal,2Vehicles-BehindVehicles-Frontal,BOULEVARD DE L'OISE,M,49.04490091960823,2.0475303258695208
201800043377,NonLethal,2018-06-07,23:20:00,NightNoStreetLight,950,127,No,NoIntersection,Normal,2Vehicles-Behind,RN 14,M,49.055231266218826,2.0567289776809345
201800043378,NonLethal,2018-07-03,18:35:00,Daylight,950,476,Yes,NoIntersection,Normal,2Vehicles-Side,RUE DE LIVILLIERS,M,49.07762920315496,2.076070068044272
201800043379,NonLethal,2018-12-07,18:10:00,Daylight,950,218,No,NoIntersection,Normal,2Vehicles-Behind,RN 184,M,49.02760909212216,2.0269055768601856
201800043380,NonLethal,2018-12-07,12:47:00,Daylight,950,127,Yes,NoIntersection,Normal,Other,BD DE LA VIOSNE,M,49.04226370153056,2.043659321236668
201800043381,NonLethal,2018-07-15,23:00:00,NightNoStreetLight,950,183,No,NoIntersection,Normal,Other,RD 88,M,49.04878037586512,1.0512750382799905
201800043382,NonLethal,2018-07-11,18:00:00,Daylight,950,637,Yes,NoIntersection,Normal,Other,BOULEVARD DE L'OISE,M,49.03144221399656,2.030981613281476
201800043383,NonLethal,2018-07-29,14:10:00,Daylight,950,218,Yes,X-type,Normal,2Vehicles-BehindVehicles-Frontal,BD JACQUES DUCLOS,M,49.02481033449522,2.0222202302075405
201800043385,NonLethal,2018-09-17,09:25:00,Daylight,950,306,Yes,X-type,Normal,Other,RUE SAINTE-HONORINE,M,48.99430418648095,2.9943875191518368
201800043386,NonLethal,2018-09-21,05:25:00,NightStreelightsOn,950,218,Yes,X-type,LightRain,2Vehicles-Side,BOULEVRD JACQUES DUCLOS,M,49.01462664201685,2.017051589993431
201800043387,NonLethal,2018-10-04,08:08:00,Daylight,950,510,No,NoIntersection,Normal,3+Vehicles-Multiple,RN 14 (PROLONGEMENT A15),M,49.05626201845979,2.057761133116057
201800043388,NonLethal,2018-05-10,12:15:00,Daylight,950,218,Yes,NoIntersection,Normal,2Vehicles-Side,RUE DU COMMERCE,M,49.019023740018966,2.018442973681012
201800043389,NonLethal,2018-07-10,10:30:00,Daylight,950,74,Yes,NoIntersection,LightRain,3+Vehicles-Multiple,AVENUE MARECHAL LECLERC,M,49.01308129073456,1.0157179024795142
201800043390,NonLethal,2018-10-11,07:38:00,TwilightOrDawn,950,572,Yes,Roundabout,LightRain,Other,RUE DE PARIS,M,49.03438770081373,2.035302221777377
201800043391,NonLethal,2018-10-25,17:30:00,Daylight,950,127,Yes,NoIntersection,Normal,2Vehicles-Behind,BOULEVARD DE L'OISE,M,49.04287449718813,2.043293245564408
201800043392,NonLethal,2018-11-11,22:50:00,NightStreelightsOn,950,127,Yes,NoIntersection,LightRain,2Vehicles-Side,BOULEVARD DESMERVEILLES,M,49.048326977105866,2.048262318632782
201800043393,NonLethal,2018-10-22,14:00:00,Daylight,950,218,Yes,NoIntersection,Normal,Other,AVENUE DU GROS CHENE,M,49.02696930076538,2.02665302755598
201800043394,NonLethal,2018-12-04,17:35:00,NightNoStreetLight,950,476,No,NoIntersection,Normal,2Vehicles-BehindVehicles-Frontal,CHEMIN DE BOISSY,M,49.08197842932642,2.085657324132054
201800043395,NonLethal,2018-01-12,17:00:00,TwilightOrDawn,950,127,Yes,T-type,Normal,2Vehicles-Side,BOULEVARD DE L'OISE,M,49.04301811742932,2.042506500876456
201800043396,Lethal,2018-12-13,13:40:00,Daylight,950,306,Yes,NoIntersection,Normal,2Vehicles-Behind,BOULEVARD DU HAVRE,M,49.00412992452974,2.000944893029597
201800043398,NonLethal,2018-05-01,19:50:00,NightStreelightsOn,950,427,Yes,NoIntersection,Normal,Other,RTE DE SAINT LEU,M,48.95962740708015,2.9581370281171164
201800043399,NonLethal,2018-11-27,18:10:00,NightStreelightsOn,950,210,Yes,X-type,LightRain,Other,BOULEVARD D'ORMESSON,M,48.97023961624518,2.968329634269587
201800043401,NonLethal,2018-01-17,11:25:00,Daylight,950,598,Yes,NoIntersection,Normal,2Vehicles-Side,AVENUE KELLERMANN,M,48.979476685582455,2.9810696375474373
201800043402,NonLethal,2018-01-17,19:47:00,NightStreelightsOn,950,197,Yes,NoIntersection,Normal,2Vehicles-Behind,RUE ABEL FAUVEAU,M,48.9610993370986,2.960539604230545
201800043404,NonLethal,2018-01-25,10:20:00,Daylight,950,598,Yes,NoIntersection,Normal,2Vehicles-Behind,AVENUE BEAUSEJOUR,M,48.97625911789042,2.9745143602628894
201800043405,NonLethal,2018-01-28,17:06:00,TwilightOrDawn,950,427,Yes,NoIntersection,Normal,2Vehicles-BehindVehicles-Frontal,RUE JULES FERRY,M,48.96343355350178,2.963978999986965
201800043406,NonLethal,2018-01-29,08:30:00,Daylight,950,427,Yes,NoIntersection,Normal,2Vehicles-Behind,RUE  MAURICE BERTEAUX,M,48.97224957962727,2.974054084315543
201800043407,NonLethal,2018-02-02,12:40:00,Daylight,950,598,Yes,NoIntersection,Normal,2Vehicles-Behind,AVENUE KELLERMANN,M,48.984494643362034,2.9854555607985738
201800043408,NonLethal,2018-11-18,10:10:00,Daylight,950,14,Yes,Roundabout,Normal,2Vehicles-Side,ROUTE DE MONTMORENCY,M,48.9977974185567,2.999310262827364
201800043409,NonLethal,2018-02-02,17:30:00,Daylight,950,598,Yes,NoIntersection,Normal,Other,AVENUE KELLERMANN,M,48.98436719209527,2.985259605630713
201800043410,NonLethal,2018-02-04,08:00:00,TwilightOrDawn,950,598,Yes,Roundabout,LightRain,Other,RUE D'EAUBONNE,M,48.990945498965466,2.9893920022870586
201800043411,NonLethal,2018-02-18,10:25:00,Daylight,950,427,Yes,NoIntersection,Normal,2Vehicles-Behind,RUE JULES FERRY,M,48.95517665800176,2.95412970974744
201800043412,NonLethal,2018-02-19,23:25:00,NightStreelightsOn,950,598,Yes,NoIntersection,LightRain,Other,AVENUE KELLERMANN,M,48.980870494325366,2.9816661548689933
201800043413,NonLethal,2018-02-20,13:00:00,Daylight,950,555,Yes,NoIntersection,Normal,2Vehicles-Behind,RUE DU GENERAL LECLERC,M,48.96814637185657,2.96931805618239
201800043414,NonLethal,2018-02-26,09:25:00,Daylight,950,598,Yes,Y-type,VeryGood,2Vehicles-Side,AVENUE DESCARTES,M,48.97856222438232,2.9808379554177997
201800043415,NonLethal,2018-03-09,08:00:00,TwilightOrDawn,950,428,Yes,NoIntersection,Normal,2Vehicles-Behind,AV CHARLES DE GAULLE,M,48.98618046980207,2.987494127888337
201800043416,NonLethal,2018-12-03,12:30:00,Daylight,950,14,Yes,NoIntersection,Normal,2Vehicles-Behind,RUE ERNEST TAICLET,M,49.00102216638829,2.003543226947231
201800043417,NonLethal,2018-03-14,07:05:00,Daylight,950,598,Yes,Roundabout,Normal,Other,AVENUE KELLERMANN,M,48.98166328000502,2.978742324963387
201800043418,NonLethal,2018-03-15,09:20:00,Daylight,950,598,Yes,T-type,Normal,2Vehicles-Side,AVENUE KELLERMANN,M,48.981920278658,2.981408761512245
201800043419,NonLethal,2018-03-16,10:40:00,Daylight,950,428,Yes,NoIntersection,Normal,Other,RUE DE MARGENCY,M,48.992146451535454,2.99338139483289
201800043420,NonLethal,2018-03-17,10:00:00,Daylight,950,197,Yes,NoIntersection,Normal,Other,RUE DU CHATEAU,M,48.96906512206067,2.9703427232995088
201800043422,NonLethal,2018-03-27,12:00:00,Daylight,950,598,Yes,NoIntersection,HeavyRain,3+Vehicles-Chain,AVENUE  KELLERMANN,M,48.9794190379523,2.97990367179093
201800043423,NonLethal,2018-04-05,09:00:00,Daylight,950,210,Yes,NoIntersection,Normal,Other,RUE DES THERMES,M,48.96556528654367,2.964340854446196
201800043424,NonLethal,2018-04-06,07:40:00,Daylight,950,427,Yes,NoIntersection,Normal,Other,ROUTE DE SAINT LEU,M,48.95745014805062,2.9596192184989545
201800043425,NonLethal,2018-04-06,08:00:00,Daylight,950,555,Yes,NoIntersection,Normal,Other,RUE BERTHIE ALBRECHT,M,48.96782602668421,2.967933290986943
201800043426,NonLethal,2018-09-04,12:00:00,Daylight,950,555,Yes,NoIntersection,Normal,2Vehicles-Side,BOULEVARD DE L'ENTENTE,M,48.97653183390175,2.975819355297105
201800043427,NonLethal,2018-04-13,13:51:00,Daylight,950,428,Yes,NoIntersection,Normal,Other,AVENUE DE DOMONT,M,49.00235446803547,2.0017298078115315
201800043428,NonLethal,2018-04-13,19:00:00,Daylight,950,197,Yes,NoIntersection,Normal,2Vehicles-Behind,BVD DE MONTMORENCY,M,48.97748451960056,2.977404052793829
201800043430,NonLethal,2018-04-17,08:44:00,Daylight,950,197,Yes,NoIntersection,Normal,2Vehicles-Side,RTE DE SAINT-DENIS,M,48.96155953373551,2.9607556784679643
201800043431,NonLethal,2018-04-19,13:05:00,Daylight,950,197,Yes,NoIntersection,Normal,Other,RUE D'ORMESSON,M,48.967813864161,2.9650976574405186
201800043432,NonLethal,2018-04-20,10:15:00,Daylight,950,598,Yes,NoIntersection,Normal,2Vehicles-Side,AVENUE DE PARIS,M,48.98807746115323,2.990735112181766
201800043433,NonLethal,2018-04-22,10:28:00,Daylight,950,555,Yes,NoIntersection,VeryGood,Other,AVENUE DANIELE CASANOVA,M,48.96959195042219,2.972110078021281
201800043435,NonLethal,2018-04-26,16:10:00,Daylight,950,598,Yes,T-type,VeryGood,Other,RUE DES ECOLES,M,48.98701840651735,2.988326275915006
201800043436,Lethal,2018-04-28,15:40:00,Daylight,950,427,Yes,X-type,Normal,Other,RUE PELLETIER,M,48.97245907124104,2.9738573715949865
201800043437,NonLethal,2018-04-30,01:30:00,NightStreelightsOn,950,197,Yes,NoIntersection,HeavyRain,2Vehicles-Behind,ROUTE SAINT-DENIS,M,48.960802165160494,2.961996603616882
201800043438,NonLethal,2018-04-05,05:50:00,NightStreelightsOn,950,18,Yes,X-type,Normal,Other,RUE ALFRED LABRIERE,M,48.94511669775429,2.947623160119483
201800043440,NonLethal,2018-05-09,09:45:00,Daylight,950,14,Yes,NoIntersection,Normal,Other,RUE CHARLES  DE  GAULLE,M,49.00430876688645,2.0034594201474163
201800043441,NonLethal,2018-05-19,15:10:00,Daylight,950,428,Yes,NoIntersection,Normal,Other,AV DIVISION LECLERC,M,48.97388044847794,2.974696242755116
201800043442,NonLethal,2018-05-19,19:55:00,Daylight,950,288,Yes,NoIntersection,Normal,2Vehicles-Side,RUE DE MONTMAGNY,M,48.98171334371364,2.980367913228578
201800043443,NonLethal,2018-05-25,21:30:00,NightStreelightsOn,950,210,Yes,X-type,HeavyRain,2Vehicles-Side,AV  DIVISION LECLERC,M,48.97119019127413,2.9738388819912056
201800043444,NonLethal,2018-05-28,16:15:00,Daylight,950,598,Yes,NoIntersection,Normal,2Vehicles-BehindVehicles-Frontal,RUE BLEURY,M,48.99692377327698,2.997454022149269
201800043445,NonLethal,2018-06-14,08:41:00,Daylight,950,598,Yes,T-type,Normal,2Vehicles-Side,RUE DU CLOS RENAUD,M,48.989670454335965,2.9896635791497848
201800043446,Lethal,2018-06-20,04:40:00,NightStreelightsOn,950,197,Yes,NoIntersection,Normal,Other,RUE GEORGES DESSAILLY,M,48.969312876454005,2.9706363459863563
201800043448,NonLethal,2018-06-29,18:00:00,Daylight,950,555,Yes,NoIntersection,Normal,Other,CHEMIN DES DIX ARPENTS,M,48.96853195436963,2.969650049507447
201800043449,NonLethal,2018-03-07,09:15:00,Daylight,950,428,Yes,NoIntersection,Normal,2Vehicles-Behind,AV  LA DIVISION LECLERC,M,48.9688731039446,2.9714324221261945
201800043450,NonLethal,2018-02-07,20:36:00,Daylight,950,598,Yes,NoIntersection,Normal,3+Vehicles-Multiple,RUE DU PETIT GRIL,M,48.98025640350802,2.9822049247932907
201800043453,NonLethal,2018-11-07,07:47:00,Daylight,950,427,Yes,NoIntersection,Normal,2Vehicles-Side,ROUTE DE CALAIS,M,48.97500139440665,2.976851373982917
201800043454,NonLethal,2018-07-27,16:40:00,Daylight,950,288,Yes,NoIntersection,Normal,2Vehicles-Behind,ROUTE DE CALAIS,M,48.98597883108045,2.986626056017984
201800043455,NonLethal,2018-08-03,10:10:00,Daylight,950,369,Yes,NoIntersection,Normal,Other,RUE ROGER  SALENGRO,M,49.00299485402845,2.003094060449344
201800043456,NonLethal,2018-08-17,13:10:00,Daylight,950,428,Yes,NoIntersection,Normal,NoCollision,RUE DES CARRIERES,M,48.98735888045658,2.987292045338706
201800043457,NonLethal,2018-02-09,10:50:00,Daylight,950,598,Yes,NoIntersection,Normal,2Vehicles-Side,AV GENERAL  DE GAULLE,M,48.98544389521812,2.987106013852345
201800043458,NonLethal,2018-09-11,07:30:00,TwilightOrDawn,950,555,Yes,Roundabout,Normal,2Vehicles-Side,RUE D'ERMONT,M,48.97205148474433,2.971995268504267
201800043460,NonLethal,2018-09-19,13:30:00,Daylight,950,427,Yes,Y-type,Normal,2Vehicles-Side,CHEMIN DES POSTES,M,48.97825125041568,2.976908071551887
201800043461,NonLethal,2018-09-28,16:45:00,Daylight,950,197,Yes,NoIntersection,Normal,Other,AVENUE JEAN JAURES,M,48.958250740515375,2.9588603862824234
201800043462,NonLethal,2018-04-10,16:40:00,Daylight,950,197,Yes,NoIntersection,Normal,Other,RUE CHARLES DE GAULLE,M,48.97489279745506,2.973813384798934
201800043463,NonLethal,2018-06-10,15:26:00,Daylight,950,427,Yes,NoIntersection,Normal,2Vehicles-Behind,RUE JULES FERRY,M,48.96610324233077,2.967818312934392
201800043464,NonLethal,2018-11-03,15:10:00,Daylight,950,51,Yes,X-type,Normal,Other,AVENUE DE LA GARE,M,49.00783460829014,2.0091937773698176
201800043465,NonLethal,2018-11-11,16:20:00,Daylight,950,427,Yes,T-type,LightRain,2Vehicles-Side,AVENUE MAURICE UTRILLO,M,48.97868756391699,2.977109894556288
201800043466,NonLethal,2018-11-15,08:55:00,Daylight,950,598,Yes,NoIntersection,FogOrSmoke,Other,AVENUE DE PARIS,M,48.990274004668215,2.9896638116836085
201800043467,NonLethal,2018-12-09,04:25:00,NightStreelightsOn,950,428,Yes,X-type,LightRain,2Vehicles-Side,AV DIVISION LECLERC,M,48.97292206199816,2.97073448940593
201800043469,NonLethal,2018-01-28,20:50:00,NightStreelightsOn,950,252,Yes,X-type,Normal,Other,RUE ORME ST EDME,M,48.98616027512111,2.987398234842818
201800043470,NonLethal,2018-04-02,16:40:00,Daylight,950,219,Yes,NoIntersection,Normal,Other,RUE DU DOCTEUR CHABRY,M,48.98967811061829,2.990243759103835
201800043471,NonLethal,2018-01-03,09:11:00,Daylight,950,607,Yes,NoIntersection,SnowOrHail,Other,CHEMIN BASSES SAUSSAIES,M,49.02907566555762,2.028006038933519
201800043473,NonLethal,2018-04-04,12:10:00,Daylight,950,424,Yes,NoIntersection,Normal,Other,AVENUE DES FRANCES,M,48.99457939780843,2.993431789571685
201800043474,NonLethal,2018-06-04,19:25:00,Daylight,950,60,No,NoIntersection,Normal,2Vehicles-Side,RUE DE PIERRELAYE,M,49.03217763634775,2.030252163658004
201800043475,Lethal,2018-04-27,15:10:00,Daylight,950,426,Yes,X-type,Normal,2Vehicles-Side,RUE DE PARIS,M,49.02345144749584,2.0236746528960614
201800043476,NonLethal,2018-04-27,17:00:00,Daylight,950,582,Yes,NoIntersection,Normal,Other,BD GAMBETTA,M,48.97587408646947,2.9761133209512094
201800043478,NonLethal,2018-05-16,07:50:00,Daylight,950,252,Yes,NoIntersection,Normal,2Vehicles-Side,AVENUE DES MARAIS,M,48.99933516920659,3.000972394255915
201800043479,NonLethal,2018-05-16,09:00:00,Daylight,950,219,Yes,X-type,Normal,2Vehicles-Behind,RUE DE LA GARE,M,48.97985226159092,2.979237163611028
201800043480,NonLethal,2018-05-17,07:15:00,Daylight,950,203,Yes,NoIntersection,Normal,2Vehicles-Behind,AVENUE VOLTAIRE,M,48.99392534216577,2.993633813961296
201800043481,NonLethal,2018-05-19,19:50:00,Daylight,950,607,Yes,NoIntersection,Normal,Other,RUE PIERRE DE COUBERTIN,M,49.01858167001294,2.0172497485939425
201800043482,NonLethal,2018-06-09,14:30:00,Daylight,950,607,Yes,NoIntersection,Normal,2Vehicles-Side,BLD TEMPS DES CERISES,M,49.0216398889961,2.021374744464226
201800043484,Lethal,2018-06-24,17:10:00,Daylight,950,219,Yes,NoIntersection,Normal,Other,RUE DU STAND,M,48.99659074849242,2.9969280702183387
201800043485,NonLethal,2018-01-07,21:46:00,Daylight,950,252,Yes,NoIntersection,Normal,2Vehicles-Behind,RUE DU GENERAL LECLERC,M,48.98721321585005,2.9883465560234184
201800043486,NonLethal,2018-06-29,09:20:00,Daylight,950,424,Yes,T-type,Normal,2Vehicles-Side,AVENUE DE LA LIBERATION,M,49.00672178582921,2.008156740652501
201800043487,NonLethal,2018-06-29,21:00:00,Daylight,950,51,Yes,NoIntersection,Normal,Other,AVENUE PASTEUR,M,49.01329833328656,2.014553748681952
201800043488,NonLethal,2018-07-22,06:40:00,Daylight,950,582,Yes,Roundabout,Normal,Other,ROND POINT DU PARISIS,M,48.9666521519469,2.966115362076107
201800043489,NonLethal,2018-07-20,20:30:00,Daylight,950,219,No,T-type,Normal,2Vehicles-Side,RUE DU STAND,M,48.998523619811166,2.9974020500320044
201800043492,NonLethal,2018-09-15,16:45:00,Daylight,950,219,Yes,NoIntersection,Normal,Other,RUE PROFESSEUR DASTRE,M,48.980916684523855,2.980241121133857
201800043493,NonLethal,2018-09-17,16:00:00,Daylight,950,582,Yes,NoIntersection,Normal,Other,AV DAMIETTE,M,48.9733741932013,2.9704471188513977
201800043494,NonLethal,2018-09-21,15:30:00,Daylight,950,582,Yes,NoIntersection,Normal,Other,RUE DES FOSSES TREMPES,M,48.98249626333508,2.983422379104205