AccidentId,Gravity,Date,Hour,Light,Department,Commune,InAgglomeration,IntersectionType,Weather,CollisionType,PostalAddress,GPSCode,Latitude,Longitude
201800043495,NonLethal,2018-09-24,16:00:00,Daylight,950,252,Yes,NoIntersection,Normal,Other,BVD RHIN ET DANUBE,M,48.99297646047479,2.993433746972623
201800043496,Lethal,2018-10-05,06:25:00,NightNoStreetLight,950,563,Yes,NoIntersection,Normal,2Vehicles-BehindVehicles-Frontal,RUE DE PARIS,M,49.0151228981569,2.0149442951203174
201800043497,NonLethal,2018-12-10,16:00:00,Daylight,950,607,Yes,X-type,Normal,2Vehicles-Behind,BD TEMPS DES CERISES,M,49.02039648779303,2.022250045063449
201800043498,NonLethal,2018-10-13,15:00:00,Daylight,950,607,Yes,Roundabout,Normal,Other,BD TEMPS DES CERISES,M,49.02991914288324,2.027763909293015
201800043499,NonLethal,2018-10-15,15:55:00,Daylight,950,607,Yes,Roundabout,Normal,2Vehicles-Side,BVD DU HUIT MAI 1945,M,49.01017911876967,2.0103226694733185
201800043501,NonLethal,2018-10-30,16:30:00,Daylight,950,607,Yes,NoIntersection,Normal,Other,RUE JACQUES PREVERT,M,49.0115231665057,2.012147882711423
201800043502,NonLethal,2018-11-08,11:35:00,Daylight,950,252,Yes,NoIntersection,LightRain,Other,RUE DE LA STATION,M,48.98580305327079,2.9858325769985714
201800043503,NonLethal,2018-11-14,17:50:00,NightNoStreetLight,950,582,No,NoIntersection,Normal,2Vehicles-BehindVehicles-Frontal,RUE DU PUITS GOHIER,M,48.96894436755825,2.9704892906792995
201800043504,NonLethal,2018-12-11,10:10:00,Daylight,950,491,Yes,NoIntersection,LightRain,2Vehicles-Side,RUE GABRIEL PERI,M,48.99987623058904,2.9989814069006906
201800043505,NonLethal,2018-06-12,17:15:00,TwilightOrDawn,950,582,Yes,NoIntersection,Normal,Other,RUE TOUZELIN,M,48.97359624817469,2.97362106286836
201800043506,NonLethal,2018-09-12,16:20:00,TwilightOrDawn,950,219,Yes,Y-type,LightRain,2Vehicles-Side,RUE DU STAND,M,48.99783559089659,2.9967933973164804
201800043507,NonLethal,2018-12-29,17:45:00,NightStreelightsOn,950,252,Yes,NoIntersection,Normal,2Vehicles-Behind,RUE DU BEL-AIR,M,48.9890574627218,2.9854620846759823
201800043510,NonLethal,2018-05-08,14:15:00,Daylight,950,277,Yes,NoIntersection,Normal,2Vehicles-Side,SQUARE DE LA GARENNE,M,49.0016648547555,2.000061530332794
201800043511,NonLethal,2018-10-13,19:30:00,NightStreelightsOn,950,277,Yes,NoIntersection,Normal,Other,AV ROBERT SCHUMAN,M,48.9852478162119,2.984762875258723
201800043512,NonLethal,2018-10-01,07:30:00,NightStreelightsOn,950,585,Yes,NoIntersection,LightRain,Other,AVENUE DIVISION LECLERC,M,48.98245772958141,2.9838425933136032
201800043515,NonLethal,2018-01-16,00:20:00,NightStreelightsOn,950,585,Yes,T-type,LightRain,2Vehicles-Behind,AVENUE PAUL VALERY,M,48.98053782628269,2.978490116711223
201800043516,NonLethal,2018-01-23,14:30:00,Daylight,950,585,Yes,NoIntersection,Overcast,2Vehicles-Side,AVENUE PAUL LANGEVIN,M,48.98345193745328,2.9827452392285325
201800043517,NonLethal,2018-01-17,08:50:00,Daylight,950,539,Yes,NoIntersection,Normal,2Vehicles-Behind,AVENUE DIVISION LECLERC,M,48.99501252556244,2.9948596007338013
201800043518,NonLethal,2018-01-26,17:30:00,NightNoStreetLight,950,680,Yes,NoIntersection,Normal,Other,PLACE DU MESSAGER,M,49.00712735874093,2.006635402123047
201800043519,NonLethal,2018-02-09,12:20:00,Daylight,950,585,Yes,NoIntersection,SnowOrHail,Other,RUE PIERRE BROSSELETTE,M,48.99510400097078,2.9937112696586934
201800043520,NonLethal,2018-02-18,09:00:00,Daylight,950,539,No,NoIntersection,FogOrSmoke,Other,RD 301,M,49.00803050531647,2.0091495555934484
201800043521,NonLethal,2018-02-19,19:10:00,NightNoStreetLight,950,539,No,X-type,LightRain,Other,RD 301,M,48.99188787024442,2.9906512579257405
201800043522,NonLethal,2018-02-25,06:05:00,NightStreelightsOn,950,680,Yes,NoIntersection,StrongWindOrStorm,Other,AVENUE PIERRE SEMARD,M,49.0019726506933,2.002593850080787
201800043523,NonLethal,2018-01-03,16:00:00,Daylight,950,585,Yes,NoIntersection,Normal,Other,BD FRANCOIS MITTERAND,M,48.98835678817717,2.9889874463638635
201800043525,NonLethal,2018-11-03,11:30:00,Daylight,950,585,Yes,Y-type,Normal,2Vehicles-Behind,RUE VICTOR HUGO,M,48.99585632151059,2.993461325974452
201800043527,NonLethal,2018-03-08,19:35:00,NightStreelightsOn,950,585,Yes,X-type,Overcast,2Vehicles-Side,BOULEVARD HENRI BERGSON,M,48.97171537341776,2.9711523744826907
201800043528,NonLethal,2018-03-13,20:50:00,NightStreelightsOn,950,268,Yes,NoIntersection,Normal,2Vehicles-Side,AV DE STALINGRAD,M,48.96630601940335,2.9657845551683493
201800043530,NonLethal,2018-03-17,11:10:00,Daylight,950,585,Yes,NoIntersection,LightRain,2Vehicles-Side,AVENUE DU 8 MAI 1945,M,48.97668300482465,2.9776824955998085
201800043531,NonLethal,2018-03-17,21:50:00,NightStreelightsOn,950,585,Yes,NoIntersection,SnowOrHail,Other,RD 301,M,48.98664363909114,2.9863718715937004
201800043533,NonLethal,2018-03-22,13:15:00,Daylight,950,268,Yes,NoIntersection,Normal,Other,AV DU PLEIN MIDI,M,48.97266677651572,2.9713365418102367
201800043534,NonLethal,2018-03-21,12:45:00,Daylight,950,268,Yes,NoIntersection,Normal,Other,RUE CHARLES GARNIER,M,48.97103356146636,2.97331569920632
201800043536,NonLethal,2018-04-04,09:10:00,Daylight,950,268,Yes,NoIntersection,LightRain,Other,AV DU GENERAL DE GAULLE,M,48.97191621444616,2.9736679759905127
201800043537,NonLethal,2018-03-14,09:34:00,Daylight,950,585,Yes,NoIntersection,Normal,2Vehicles-Behind,RUE DE L' ESCOUVRIER,M,48.988337783789405,2.989962679808833
201800043538,NonLethal,2018-04-09,16:40:00,Daylight,950,680,Yes,NoIntersection,HeavyRain,2Vehicles-Side,AVENUE PIERRE SEMARD,M,49.00140117409689,2.0000731274490278
201800043539,NonLethal,2018-10-04,17:50:00,Daylight,950,680,Yes,X-type,Overcast,2Vehicles-Behind,RUE DE LA REPUBLIQUE,M,49.00140391268315,2.002139030313299
201800043540,NonLethal,2018-12-04,23:40:00,NightNoStreetLight,950,268,No,NoIntersection,LightRain,Other,CHEMIN  DE BONNEUIL,M,48.964086277893486,2.9654840298979903
201800043541,NonLethal,2018-04-16,18:00:00,Daylight,950,585,Yes,NoIntersection,Normal,Other,ALLEE ANDRE AMPERE,M,48.978398567185046,2.976282065712189
201800043542,NonLethal,2018-04-20,23:50:00,NightStreelightsOn,950,539,Yes,NoIntersection,Normal,2Vehicles-Behind,AVENUE DIVISION LECLERC,M,48.99238614951203,2.9912784918414856
201800043543,NonLethal,2018-04-23,15:28:00,Daylight,950,585,Yes,T-type,Normal,2Vehicles-BehindVehicles-Frontal,ROUTE DE GARGES,M,48.98804408537334,2.9857730444813946
201800043544,NonLethal,2018-04-23,23:15:00,NightNoStreetLight,950,268,No,NoIntersection,Normal,Other,CHE DE BONNEUIL,M,48.965531279006775,2.964057379864685
201800043545,NonLethal,2018-04-24,16:00:00,Daylight,950,585,Yes,NoIntersection,Normal,2Vehicles-Behind,ROUTE DES REFUZNICKS,M,48.98461084646832,2.984681457197476
201800043546,NonLethal,2018-05-02,21:30:00,NightNoStreetLight,950,680,Yes,NoIntersection,LightRain,Other,CHEMIN DU COUDRAY,M,49.010097748345245,2.0114549290569093
201800043547,NonLethal,2018-03-23,14:06:00,Daylight,950,585,Yes,NoIntersection,Normal,Other,BD HENRI POINCARE,M,48.97648397453715,2.978524794742544
201800043549,NonLethal,2018-04-05,18:35:00,Daylight,950,268,Yes,NoIntersection,Normal,2Vehicles-Side,RUE DU TIERS POT,M,48.96650955601613,2.966387606175587
201800043550,NonLethal,2018-06-05,21:15:00,NightStreelightsOn,950,585,Yes,NoIntersection,Normal,2Vehicles-Side,RUE PIERRE BROSSELETTE,M,48.99756100879813,2.996686762671594
201800043551,NonLethal,2018-05-16,14:53:00,Daylight,950,585,Yes,NoIntersection,Normal,Other,BOULEVARD HENRI BERGSON,M,48.97532516271549,2.974043524347961
201800043552,NonLethal,2018-05-18,09:45:00,Daylight,950,268,Yes,NoIntersection,Normal,Other,AV DU GENERAL DE GAULLE,M,48.97884949607695,2.976831839679392
201800043553,NonLethal,2018-05-20,12:40:00,Daylight,950,585,Yes,T-type,Normal,Other,AVENUE PAUL VALERY,M,48.97994639020693,2.977856871727679
201800043554,NonLethal,2018-05-23,16:05:00,Daylight,950,585,Yes,NoIntersection,Normal,Other,RUE JEAN JACQU ROUSSEAU,M,48.993083896184494,2.992814771370952
201800043555,NonLethal,2018-05-27,00:35:00,NightStreelightsOn,950,680,Yes,NoIntersection,Normal,Other,AVENUE DE LA CONCORDE,M,48.99677214831576,2.996217872038576
201800043557,NonLethal,2018-06-11,14:00:00,Daylight,950,268,Yes,NoIntersection,HeavyRain,Other,RUE TOULOUSE LAUTREC,M,48.97848269186111,2.978036195794091
201800043558,NonLethal,2018-06-13,18:10:00,Daylight,950,268,Yes,NoIntersection,Normal,Other,RUE ROBERT DE LUZARCHES,M,48.97215736420118,2.969858493870676
201800043560,NonLethal,2018-06-19,20:05:00,Daylight,950,680,Yes,NoIntersection,Normal,Other,CHEMIN DU VAL ROGER,M,49.00722261925424,2.0084706755577364
201800043561,NonLethal,2018-04-23,20:55:00,Daylight,950,585,Yes,NoIntersection,Normal,Other,AVENUE DIVISION LECLERC,M,48.97910892729392,2.979322650121329
201800043562,NonLethal,2018-06-26,17:10:00,Daylight,950,680,Yes,NoIntersection,Normal,Other,RUE BOURDELLE,M,49.00663785336965,2.006257360053528
201800043564,NonLethal,2018-05-07,09:00:00,Daylight,950,680,Yes,NoIntersection,Normal,2Vehicles-Behind,AVENUE PIERRE SEMARD,M,49.00405237077473,2.0035787392867666
201800043565,NonLethal,2018-07-06,13:10:00,Daylight,950,680,Yes,NoIntersection,Normal,Other,PLACE MAILLOL,M,49.00669629340729,2.0037858425080355
201800043566,NonLethal,2018-07-07,15:20:00,Daylight,950,268,Yes,NoIntersection,Normal,3+Vehicles-Chain,AV DU HUIT MAI l945,M,48.97494897513984,2.9750513858568057
201800043567,NonLethal,2018-10-07,22:50:00,NightStreelightsOn,950,585,Yes,X-type,Normal,2Vehicles-Side,RUE THEODORE BULLIER,M,48.99087120578855,2.990622714276764
201800043568,NonLethal,2018-12-07,18:55:00,Daylight,950,268,Yes,NoIntersection,Normal,2Vehicles-Behind,AV DU GENERAL DE GAULLE,M,48.97270470987093,2.9702393751556837
201800043569,NonLethal,2018-07-14,19:30:00,Daylight,950,585,Yes,NoIntersection,Normal,Other,RUE THEODORE BULLIER,M,48.99036638067322,2.9905800231165056
201800043570,NonLethal,2018-07-19,21:05:00,Daylight,950,585,Yes,X-type,Normal,2Vehicles-Side,AVENUE DIVISION LECLERC,M,48.9905051821539,2.9904467814312192
201800043572,NonLethal,2018-07-22,00:05:00,NightStreelightsOn,950,585,Yes,NoIntersection,Normal,2Vehicles-Behind,BOULEVARD JB CARPEAUX,M,48.97849755573082,2.979258884598514
201800043573,NonLethal,2018-07-24,19:00:00,Daylight,950,268,Yes,NoIntersection,Normal,Other,PLACE  ROGER SALENGRO,M,48.97402549110842,2.9725083839503186
201800043574,NonLethal,2018-07-25,20:30:00,Daylight,950,268,Yes,NoIntersection,Normal,2Vehicles-Side,BD DE LA MUETTE,M,48.976751691327536,2.975340259775097
201800043575,NonLethal,2018-07-25,21:00:00,Daylight,950,585,Yes,NoIntersection,Normal,Other,ALLEE CHATEAUBRIAND,M,48.98105948196292,2.981048684134196
201800043576,NonLethal,2018-08-03,13:20:00,Daylight,950,268,Yes,NoIntersection,Normal,Other,AV DE STALINGRAD,M,48.95952292684753,2.9595837096166857
201800043578,NonLethal,2018-08-20,18:17:00,Daylight,950,585,Yes,NoIntersection,Normal,2Vehicles-Side,AVENUE PAUL VALERY,M,48.98118397289099,2.980128489198248
201800043579,NonLethal,2018-08-31,17:25:00,Daylight,950,268,Yes,NoIntersection,Normal,2Vehicles-Side,AV DE STALINGRAD,M,48.97325880790589,2.971980938730748
201800043581,NonLethal,2018-07-09,21:30:00,NightStreelightsOn,950,585,Yes,NoIntersection,Normal,Other,ROUTE DE GARGES,M,48.98937635283369,2.986531250145013
201800043583,NonLethal,2018-12-09,15:10:00,Daylight,950,680,Yes,NoIntersection,Normal,2Vehicles-Side,AVENUE PIERRE SEMARD,M,49.00510297905926,2.0038137414947776
201800043584,NonLethal,2018-09-13,21:00:00,NightStreelightsOn,950,680,Yes,NoIntersection,Normal,2Vehicles-Side,RUE VICTOR GOUFFE,M,49.00862114409379,2.008428473870552
201800043585,NonLethal,2018-09-16,09:48:00,Daylight,950,585,Yes,NoIntersection,Normal,Other,RUE THEODORE BULLIER,M,48.99279389376053,2.9925563034822327
201800043586,NonLethal,2018-09-18,05:36:00,NightStreelightsOn,950,268,Yes,NoIntersection,Normal,3+Vehicles-Multiple,AV DU GENERAL DE GAULLE,M,48.966994935293485,2.9689233698227
201800043587,NonLethal,2018-09-21,08:18:00,Daylight,950,585,Yes,NoIntersection,LightRain,Other,BVD J.B CARPEAUX,M,48.98031200397797,2.9795352375226
201800043589,NonLethal,2018-09-28,07:05:00,TwilightOrDawn,950,598,Yes,NoIntersection,Normal,2Vehicles-Side,AVENUE KELLERMAN,M,48.98046485422635,2.978717452046311
201800043590,NonLethal,2018-09-29,09:55:00,Daylight,950,680,Yes,NoIntersection,Normal,2Vehicles-Side,PLACE DE LA TOLINETTE,M,49.00487579061461,2.002601408049149
201800043591,NonLethal,2018-09-29,17:15:00,Daylight,950,585,Yes,NoIntersection,Normal,Other,RUE JEAN JACQU ROUSSEAU,M,48.99741292509729,2.9964674673460405
201800043592,NonLethal,2018-09-29,18:35:00,Daylight,950,268,Yes,NoIntersection,Normal,Other,RUE JEAN RACINE,M,48.97457725835028,2.976165345325904
201800043593,NonLethal,2018-10-03,14:55:00,Daylight,950,680,Yes,Roundabout,Normal,2Vehicles-Behind,RUE DES CULTIVATEURS,M,49.00163667894503,2.0012909069803424
201800043594,NonLethal,2018-05-10,17:30:00,Daylight,950,268,Yes,NoIntersection,Normal,Other,RUE DES AUBEPINES,M,48.97309610100609,2.972944910741779
201800043596,NonLethal,2018-07-10,22:01:00,NightStreelightsOn,950,585,Yes,NoIntersection,Normal,2Vehicles-BehindVehicles-Frontal,AVENUE DIVISION LECLERC,M,48.98992977879682,2.9882093745569334
201800043597,NonLethal,2018-10-08,19:15:00,TwilightOrDawn,950,268,Yes,NoIntersection,Normal,2Vehicles-Behind,BOULEVARD DE LA MUETTE,M,48.97151091533497,2.973561547161661
201800043599,NonLethal,2018-10-05,08:30:00,Daylight,950,585,Yes,NoIntersection,Normal,3+Vehicles-Chain,ROUTE DES REFUZNICKS,M,48.98383576329717,2.9835426524868818
201800043600,NonLethal,2018-10-17,18:15:00,Daylight,950,539,Yes,X-type,Normal,2Vehicles-Side,RD 125,M,48.99082408846325,2.99105769276054
201800043601,NonLethal,2018-10-30,12:48:00,Daylight,950,585,Yes,NoIntersection,LightRain,3+Vehicles-Multiple,BOULEVARD HENRI BERGSON,M,48.97479031307349,2.9760928462042013
201800043602,NonLethal,2018-11-03,07:25:00,Daylight,950,268,Yes,NoIntersection,Normal,2Vehicles-BehindVehicles-Frontal,AV DE STALINGRAD,M,48.96237260074072,2.961885191287567
201800043603,NonLethal,2018-11-03,22:00:00,NightStreelightsOn,950,268,Yes,NoIntersection,Normal,3+Vehicles-Multiple,RUE DU TIERS POT,M,48.966543193019554,2.966212488473849
201800043604,NonLethal,2018-11-06,11:50:00,Daylight,950,539,No,NoIntersection,Normal,2Vehicles-BehindVehicles-Frontal,RUE CHAPELLE ST NICOLAS,M,48.99437421640502,2.994229266502705
201800043606,NonLethal,2018-08-11,10:10:00,Daylight,950,680,Yes,NoIntersection,Normal,Other,BOULEVARD CARNOT,M,49.00470431166204,2.004668949640415
201800043607,NonLethal,2018-11-14,18:10:00,NightNoStreetLight,950,539,No,NoIntersection,Normal,3+Vehicles-Multiple,RD 301,M,48.99183949364857,2.9921075922491838
201800043609,NonLethal,2018-11-22,18:30:00,NightStreelightsOn,950,585,Yes,NoIntersection,Overcast,Other,RUE TAILLEPIED,M,48.99502133385708,2.995715835312536
201800043610,NonLethal,2018-11-28,14:20:00,Daylight,950,585,Yes,NoIntersection,FogOrSmoke,NoCollision,RUE DES CULTIVATEURS,M,48.99950178334337,2.998620800386064
201800043612,NonLethal,2018-05-12,12:50:00,Daylight,950,585,Yes,NoIntersection,Normal,Other,AVENUE PAUL VALERY,M,48.980742575099576,2.9820550255804
201800043615,NonLethal,2018-07-30,18:10:00,Daylight,950,585,Yes,T-type,Normal,Other,AVENUE AUGUSTE  PERRET,M,48.978409160039966,2.977497855790354
201800043616,NonLethal,2018-12-28,17:35:00,NightStreelightsOn,950,268,Yes,NoIntersection,Normal,2Vehicles-Side,AV DE LA COMMUNE DE PARI,M,48.9709073830081,2.970619668681167
201800043617,NonLethal,2018-12-28,19:00:00,NightStreelightsOn,950,585,Yes,NoIntersection,Overcast,Other,AVENUE AUGUSTE PERRET,M,48.974206042296906,2.974050736707768
201800043618,NonLethal,2018-12-30,20:30:00,NightStreelightsOn,950,539,No,NoIntersection,LightRain,2Vehicles-Side,RD 30l,M,48.99235500297772,2.992620771982564
201800043619,NonLethal,2018-05-01,23:20:00,NightStreelightsOn,201,4,Yes,NoIntersection,Normal,2Vehicles-Side,MONTEE SAINT JEAN,M,41.93359510654119,8.931537789875684
201800043620,NonLethal,2018-08-01,14:08:00,Daylight,201,4,Yes,X-type,Normal,2Vehicles-Side,MACCHINI EUGENE AVENUE,M,41.918225630293655,8.917425070869067
201800043621,NonLethal,2018-01-09,07:20:00,TwilightOrDawn,201,4,Yes,NoIntersection,Overcast,2Vehicles-Side,RECCO ABBE BOULEVARD,M,41.93569406691181,8.939352613961619
201800043622,NonLethal,2018-01-12,16:42:00,Daylight,201,4,Yes,NoIntersection,Normal,Other,"03, 1ER CONSUL AVENUE",M,41.91946716811219,8.917965227861613
201800043623,NonLethal,2018-01-16,18:50:00,NightStreelightsOn,201,4,Yes,NoIntersection,Normal,Other,SARTENE ANCIENNE ROUTE,M,41.93103776337716,8.929998999707834
201800043624,NonLethal,2018-01-19,12:15:00,Daylight,201,4,Yes,T-type,Normal,2Vehicles-Side,JARDINS DE L'EMPEREUR AV,M,41.92516984543093,8.92707733964117
201800043625,NonLethal,2018-01-20,17:10:00,TwilightOrDawn,201,4,Yes,NoIntersection,LightRain,NoCollision,NAPOLEON COURS AVANT BEV,M,41.92794451933101,8.928305387962183
201800043626,NonLethal,2018-01-24,18:25:00,NightStreelightsOn,201,4,Yes,NoIntersection,Normal,2Vehicles-Side,RECCO ABBE BOULEVARD,M,41.937311581413006,8.938747917074854
201800043627,NonLethal,2018-01-25,10:30:00,Daylight,201,4,Yes,NoIntersection,Normal,2Vehicles-Behind,MARECHAL MONCEY AVENUE,M,41.9302705364947,8.930651788159553
201800043628,NonLethal,2018-01-26,07:55:00,Daylight,201,4,Yes,T-type,Normal,2Vehicles-Side,ALBERT 1ER BD,M,41.912838809811646,8.912835099475453
201800043629,NonLethal,2018-01-25,23:14:00,NightNoStreetLight,201,4,No,NoIntersection,Normal,NoCollision,VAZZIO HAUTS DU HLM,M,41.93681363362038,8.936406596233907
201800043630,NonLethal,2018-01-30,12:00:00,Daylight,201,4,Yes,NoIntersection,Normal,2Vehicles-Side,CAMPI LOUIS BD,M,41.9436911579145,8.942600372812521
201800043631,NonLethal,2018-01-31,13:22:00,Daylight,201,4,Yes,Y-type,Normal,2Vehicles-Side,MONTEE SAINT JEAN,M,41.93428775317189,8.935286758383265
201800043634,NonLethal,2018-02-05,20:34:00,NightStreelightsOn,201,4,Yes,T-type,Overcast,NoCollision,ASPIRANT MICHELIN,M,41.929842076840586,8.932451841580857
201800043636,NonLethal,2018-02-13,19:54:00,NightNoStreetLight,201,4,Yes,NoIntersection,Normal,3+Vehicles-Multiple,"7, NICOLI JEAN COURS",M,41.933235830790046,8.931562190358031
201800043637,NonLethal,2018-02-18,19:35:00,NightStreelightsOn,201,4,Yes,NoIntersection,Other,2Vehicles-Side,CAMPI LOUIS BD,M,41.94290840607723,8.942624860513794
201800043638,NonLethal,2018-02-22,18:40:00,NightStreelightsOn,201,4,No,NoIntersection,Normal,2Vehicles-Behind,T21,M,41.929756867626665,8.928895792296316
201800043639,NonLethal,2018-02-24,17:20:00,TwilightOrDawn,201,4,Yes,NoIntersection,LightRain,2Vehicles-Behind,CALVI  ROUTE,M,41.95594785814584,8.956817335156815
201800043640,NonLethal,2018-02-25,08:53:00,Daylight,201,4,Yes,T-type,LightRain,2Vehicles-BehindVehicles-Frontal,NAPOLEON COURS AVANT BEV,M,41.93174569941374,8.931142794803524
201800043641,NonLethal,2018-03-02,19:55:00,NightStreelightsOn,201,4,Yes,X-type,Normal,2Vehicles-BehindVehicles-Frontal,BIANCAMARIA COLONEL ET C,M,41.93296291666432,8.934689834914947
201800043643,NonLethal,2018-10-03,06:46:00,TwilightOrDawn,201,4,No,Roundabout,Normal,NoCollision,T21,M,41.93198615186153,8.930051605019646
201800043644,NonLethal,2018-10-03,11:50:00,Daylight,201,4,Yes,X-type,Normal,2Vehicles-Side,BEVERINI VICO PAIR AVENU,M,41.92852450911569,8.929756712270953
201800043645,NonLethal,2018-03-14,14:45:00,Daylight,201,4,Yes,NoIntersection,Normal,2Vehicles-Side,RECCO ABBE BOULEVARD,M,41.938490731840815,8.936982406382805
201800043646,NonLethal,2018-03-16,08:00:00,Daylight,201,4,Yes,NoIntersection,Normal,3+Vehicles-Chain,BONAPARTE CHARLES  BD,M,41.9337475434205,8.934065014098357
201800043647,NonLethal,2018-03-16,14:15:00,Daylight,201,4,Yes,Square,Normal,2Vehicles-Side,ALATA ROUTE,M,41.93480620418703,8.93421706760821
201800043648,NonLethal,2018-03-16,20:10:00,NightStreelightsOff,201,4,Yes,NoIntersection,HeavyRain,Other,SEBASTIANU COSTA BD,M,41.94128871599232,8.941957186457945
201800043649,NonLethal,2018-03-16,22:26:00,NightStreelightsOn,201,4,Yes,Other,HeavyRain,2Vehicles-Behind,"17, ALATA ROUTE",M,41.935299747004926,8.932046081564515
201800043650,NonLethal,2018-03-17,01:25:00,NightStreelightsOn,201,4,Yes,NoIntersection,LightRain,Other,GRANDVAL COURS IMPAIR,M,41.918519455977965,8.916897384345548
201800043653,NonLethal,2018-05-04,15:35:00,Daylight,201,4,Yes,NoIntersection,Normal,2Vehicles-Behind,MARECHAL JUIN AVENUE,M,41.93675704588674,8.935353622974494
201800043654,NonLethal,2018-05-04,18:50:00,Daylight,201,4,Yes,T-type,Normal,2Vehicles-Side,MEZZAVIA ROUTE DE,M,41.94715132779681,8.946927540461557
201800043655,NonLethal,2018-09-04,10:30:00,Daylight,201,4,Yes,NoIntersection,Overcast,Other,MEZZAVIA ROUTE DE,M,41.947405723021866,8.948752015318895
201800043656,NonLethal,2018-04-13,10:33:00,Daylight,201,4,Yes,NoIntersection,Normal,2Vehicles-Behind,T21,M,41.92668283215794,8.927352532172218
201800043657,NonLethal,2018-04-15,20:05:00,TwilightOrDawn,201,4,Yes,NoIntersection,Normal,2Vehicles-BehindVehicles-Frontal,NAPOLEON III AVENUE PAIR,M,41.92455189133749,8.924856487699447
201800043658,NonLethal,2018-04-17,16:40:00,Daylight,201,4,Yes,NoIntersection,Normal,Other,MEZZAVIA ROUTE DE,M,41.95364712225697,8.952916703945055
201800043659,NonLethal,2018-04-30,07:25:00,Daylight,201,4,Yes,NoIntersection,Normal,3+Vehicles-Multiple,MEZZAVIA ROUTE DE,M,41.9525387428317,8.952987119018337
201800043662,NonLethal,2018-05-14,11:25:00,Daylight,201,4,No,NoIntersection,HeavyRain,2Vehicles-Behind,MEZZAVIA ROUTE DE,M,41.946020952987006,8.946234005306215
201800043663,NonLethal,2018-05-14,19:05:00,Daylight,201,4,Yes,NoIntersection,LightRain,NoCollision,BEVERINI VICO PAIR AVENU,M,41.92455034386678,8.926386928085877
201800043664,NonLethal,2018-05-14,18:40:00,Daylight,201,4,Yes,NoIntersection,LightRain,2Vehicles-BehindVehicles-Frontal,NAPOLEON COURS APRES BEV,M,41.92656869713025,8.929780532773492
201800043665,NonLethal,2018-05-16,12:15:00,Daylight,201,4,Yes,NoIntersection,Normal,Other,PIETRINA RUE DE LA,M,41.92640352144579,8.926170986916722
201800043666,NonLethal,2018-05-16,21:25:00,NightNoStreetLight,201,4,Yes,T-type,Normal,2Vehicles-Behind,BIANCAMARIA COLONEL ET C,M,41.93320746919613,8.932007955309379
201800043667,NonLethal,2018-05-17,14:40:00,Daylight,201,4,Yes,NoIntersection,Normal,3+Vehicles-Multiple,MEZZAVIA ROUTE DE,M,41.94809431526762,8.949312512584171
201800043669,NonLethal,2018-05-19,04:45:00,NightStreelightsOn,201,4,Yes,NoIntersection,Normal,Other,MARECHAL LYAUTEY AVENUE,M,41.93799092421195,8.938213690463915
201800043670,NonLethal,2018-05-19,06:30:00,Daylight,201,4,Yes,NoIntersection,Normal,2Vehicles-Side,ROSSINI PASCAL BD,M,41.91516301094431,8.91475842111308
201800043671,NonLethal,2018-05-19,19:10:00,Daylight,201,4,Yes,NoIntersection,Normal,3+Vehicles-Chain,NAPOLEON COURS AVANT BEV,M,41.92785661090308,8.926789345655475
201800043672,NonLethal,2018-05-22,18:20:00,Daylight,201,4,Yes,NoIntersection,Normal,2Vehicles-BehindVehicles-Frontal,VAZZIO CITE EDF,M,41.92877861219585,8.928103663887706
201800043673,NonLethal,2018-05-25,08:30:00,Daylight,201,4,Yes,X-type,Normal,2Vehicles-Side,NAPOLEON COURS AVANT BEV,M,41.92730702393535,8.923773787225592
201800043674,NonLethal,2018-05-27,11:35:00,Daylight,201,4,Yes,NoIntersection,Normal,NoCollision,HYGHLAND RCE AV DE VERDU,M,41.92052792137037,8.921543868174888
201800043675,NonLethal,2018-05-27,14:35:00,Daylight,201,4,Yes,NoIntersection,Normal,2Vehicles-Side,REPUBLIQUE QUAI DE LA,M,41.92054415834504,8.921076968047004
201800043676,NonLethal,2018-05-28,20:55:00,NightStreelightsOn,201,4,No,NoIntersection,Normal,2Vehicles-Behind,ILES SANGUINAIRES ROUTE,M,41.9074654130988,8.909177689358174
201800043677,NonLethal,2018-05-06,16:50:00,Daylight,201,4,Yes,NoIntersection,Normal,Other,MEZZAVIA ROUTE DE,M,41.95208140780571,8.950641378344704
201800043679,NonLethal,2018-07-06,16:35:00,Daylight,201,4,Yes,NoIntersection,Normal,2Vehicles-Side,HERMINIER GARE MARITIME,M,41.923352732546185,8.922512750196866
201800043682,NonLethal,2018-06-13,18:45:00,Daylight,201,4,No,T-type,Normal,2Vehicles-Side,T20,M,41.93753252472904,8.937312664249731
201800043683,NonLethal,2018-06-15,11:30:00,Daylight,201,4,Yes,NoIntersection,Normal,Other,ILES SANGUINAIRES ROUTE,M,41.90859916859821,8.90826840248526
201800043685,NonLethal,2018-06-20,17:15:00,Daylight,201,4,No,NoIntersection,Normal,3+Vehicles-Chain,T20,M,41.94067763902071,8.941025151907219
201800043686,NonLethal,2018-06-20,19:05:00,Daylight,201,4,Yes,T-type,Normal,2Vehicles-Side,NAPOLEON COURS APRES BEV,M,41.93126565514434,8.930492628945018
201800043687,NonLethal,2018-06-23,16:35:00,Daylight,201,4,Yes,NoIntersection,Normal,Other,ILES SANGUINAIRES ROUTE,M,41.90959356399359,8.909765008295263
201800043688,NonLethal,2018-06-27,19:39:00,Daylight,201,4,Yes,NoIntersection,Normal,Other,CAMPI LOUIS BD,M,41.94246429613464,8.942177796089457
201800043689,NonLethal,2018-07-02,10:20:00,Daylight,201,4,Yes,NoIntersection,Normal,2Vehicles-Side,MARECHAL LYAUTEY AVENUE,M,41.93798597599015,8.9382388718717