AccidentId,Gravity,Date,Hour,Light,Department,Commune,InAgglomeration,IntersectionType,Weather,CollisionType,PostalAddress,GPSCode,Latitude,Longitude
201800043690,NonLethal,2018-07-08,14:35:00,Daylight,201,4,Yes,NoIntersection,Normal,2Vehicles-Behind,STEPHANOPOLI NICEPHORE,M,41.90774770906842,8.907802835230365
201800043691,NonLethal,2018-07-17,07:30:00,Daylight,201,4,Yes,X-type,Normal,Other,MONTEE SAINT JEAN,M,41.93296163708306,8.933590412846943
201800043692,NonLethal,2018-07-18,20:54:00,NightStreelightsOn,201,4,No,NoIntersection,Normal,Other,SARTENE ANCIENNE ROUTE,M,41.93166606235263,8.92981766389936
201800043693,NonLethal,2018-07-20,08:45:00,Daylight,201,4,No,NoIntersection,Normal,2Vehicles-Behind,MEZZAVIA ROUTE DE,M,41.95572500704802,8.957095912333708
201800043694,NonLethal,2018-07-28,21:20:00,NightStreelightsOn,201,4,Yes,T-type,Normal,Other,ALBERT 1ER BD,M,41.9128323867805,8.912243100870802
201800043696,NonLethal,2018-07-28,04:35:00,NightStreelightsOn,201,4,Yes,NoIntersection,Normal,NoCollision,STEPHANOPOLI NICEPHORE,M,41.90976104988772,8.909287585437117
201800043697,NonLethal,2018-01-08,07:45:00,Daylight,201,4,Yes,T-type,VeryGood,2Vehicles-BehindVehicles-Frontal,STEPHANOPOLI NICEPHORE,M,41.9077319064721,8.909754541867033
201800043698,NonLethal,2018-08-01,08:00:00,Daylight,201,4,Yes,Roundabout,Normal,2Vehicles-Side,PRINCE IMPERIAL COURS,M,41.93477379638137,8.93562001751708
201800043699,NonLethal,2018-07-25,10:00:00,Daylight,201,4,Yes,NoIntersection,Normal,Other,SAMPIERO BD,M,41.92270058364293,8.92218279019242
201800043700,NonLethal,2018-06-08,11:45:00,Daylight,201,4,Yes,NoIntersection,Normal,NoCollision,BONAPARTE CHARLES  BD,M,41.93234254064773,8.933476204751988
201800043701,NonLethal,2018-08-15,00:27:00,NightStreelightsOn,201,4,Yes,NoIntersection,Normal,2Vehicles-Behind,ILES SANGUINAIRES ROUTE,M,41.90980543080737,8.908832497634243
201800043702,NonLethal,2018-08-15,20:20:00,TwilightOrDawn,201,4,Yes,NoIntersection,Normal,NoCollision,ILES SANGUINAIRES ROUTE,M,41.905499671799625,8.90600365148973
201800043703,NonLethal,2018-08-16,10:40:00,Daylight,201,4,Yes,NoIntersection,Normal,2Vehicles-Side,CAMPI LOUIS BD,M,41.94413703011383,8.94336997426585
201800043704,NonLethal,2018-07-23,11:50:00,Daylight,201,4,Yes,NoIntersection,Normal,2Vehicles-Side,CENTRE DE TRI POSTAL CAM,M,41.92166253174013,8.919709002252377
201800043705,NonLethal,2018-08-18,09:30:00,Daylight,201,4,Yes,NoIntersection,Normal,2Vehicles-Behind,ILES SANGUINAIRES ROUTE,M,41.90935387520848,8.909545223985477
201800043706,NonLethal,2018-08-19,08:15:00,Daylight,201,4,Yes,NoIntersection,Normal,2Vehicles-Side,GRANDE ARMEE AVENUE,M,41.9255751639948,8.92558595669201
201800043707,NonLethal,2018-08-18,17:07:00,Daylight,201,4,Yes,NoIntersection,Normal,2Vehicles-Side,ILES SANGUINAIRES ROUTE,M,41.90984934647849,8.908804774343814
201800043708,NonLethal,2018-08-20,20:40:00,TwilightOrDawn,201,4,No,NoIntersection,Normal,Other,T20,M,41.93596009527258,8.936324814262587
201800043709,Lethal,2018-08-21,13:50:00,Daylight,201,4,No,NoIntersection,Normal,3+Vehicles-Multiple,T20,M,41.939629713929584,8.939548101124158
201800043713,NonLethal,2018-08-27,13:00:00,Daylight,201,4,Yes,NoIntersection,Normal,2Vehicles-Side,NAPOLEON COURS APRES BEV,M,41.93028146934147,8.929307930073705
201800043714,NonLethal,2018-08-29,08:25:00,Daylight,201,4,Yes,NoIntersection,Normal,2Vehicles-Side,MEZZAVIA ROUTE DE,M,41.95128463911292,8.95230770477304
201800043715,NonLethal,2018-08-29,19:10:00,Daylight,201,4,Yes,T-type,Normal,Other,CANDIA,M,41.93291843493791,8.935061553775146
201800043716,NonLethal,2018-08-31,16:40:00,Daylight,201,4,Yes,NoIntersection,Normal,2Vehicles-Side,RECCO ABBE BOULEVARD,M,41.93838395915657,8.938820187510576
201800043718,NonLethal,2018-09-06,07:55:00,Daylight,201,4,Yes,NoIntersection,Normal,Other,ALBERT 1ER BD,M,41.91366510738885,8.913255830262974
201800043720,NonLethal,2018-10-09,09:35:00,Daylight,201,4,Yes,T-type,Normal,2Vehicles-Side,PRINCE IMPERIAL COURS,M,41.93543959133712,8.934112501016605
201800043721,NonLethal,2018-11-09,12:35:00,Daylight,201,4,Yes,Other,Normal,2Vehicles-Behind,MEZZAVIA ROUTE DE,M,41.95227672353068,8.953862564887315
201800043722,NonLethal,2018-11-09,19:20:00,TwilightOrDawn,201,4,Yes,Y-type,Normal,2Vehicles-Side,VERDUN AVENUE DE,M,41.9245606880076,8.923524040522597
201800043723,NonLethal,2018-09-11,21:43:00,NightNoStreetLight,201,4,No,NoIntersection,Normal,Other,T20,M,41.93294749873476,8.935540288870016
201800043724,NonLethal,2018-09-13,23:03:00,NightNoStreetLight,201,4,No,Roundabout,Normal,Other,T21,M,41.92740243862406,8.927047850780975
201800043725,NonLethal,2018-09-14,12:12:00,Daylight,201,4,Yes,Other,Normal,Other,LORETTO CHEMIN,M,41.933967871226606,8.935180412480562
201800043726,NonLethal,2018-09-19,18:35:00,Daylight,201,4,Yes,NoIntersection,Normal,3+Vehicles-Multiple,MEZZAVIA ROUTE DE,M,41.948236563037575,8.949293906584085
201800043729,NonLethal,2018-09-24,11:40:00,Daylight,201,4,Yes,NoIntersection,Normal,2Vehicles-Side,ROUTE DU STILETTO,M,41.94696547939364,8.946885010682557
201800043730,NonLethal,2018-09-27,23:22:00,NightStreelightsOn,201,4,No,NoIntersection,Normal,2Vehicles-Behind,T21,M,41.92959848344599,8.927866449545034
201800043731,NonLethal,2018-01-10,11:45:00,Daylight,201,4,Yes,T-type,Normal,2Vehicles-Side,GRANDE ARMEE AVENUE,M,41.92595545313435,8.926182282522033
201800043732,NonLethal,2018-06-10,11:45:00,Daylight,201,4,Yes,NoIntersection,LightRain,2Vehicles-BehindVehicles-Frontal,MONTEE SAINT JEAN,M,41.93366064089294,8.935359370991021
201800043733,NonLethal,2018-10-07,23:05:00,NightNoStreetLight,201,4,No,NoIntersection,Normal,2Vehicles-BehindVehicles-Frontal,CALVI  ROUTE,M,41.9623601780226,8.960786577597235
201800043734,NonLethal,2018-10-09,08:00:00,Daylight,201,4,Yes,NoIntersection,Normal,2Vehicles-Side,RECCO ABBE BOULEVARD,M,41.93853742052605,8.937589471527849
201800043736,NonLethal,2018-10-22,15:35:00,Daylight,201,4,Yes,NoIntersection,Normal,2Vehicles-Side,MARECHAL JUIN AVENUE,M,41.93882518317934,8.937814134240503
201800043737,NonLethal,2018-10-31,09:42:00,Daylight,201,4,Yes,Roundabout,Overcast,2Vehicles-Side,MEZZAVIA ROUTE DE,M,41.953011793981126,8.95321842288681
201800043738,NonLethal,2018-10-30,14:10:00,Daylight,201,4,Yes,T-type,Normal,2Vehicles-Side,NICOLI JEAN COURS,M,41.93369165774286,8.932249243548524
201800043739,NonLethal,2018-11-03,12:34:00,Daylight,201,4,Yes,NoIntersection,Overcast,2Vehicles-Side,GRANDE ARMEE AVENUE,M,41.9285334823012,8.927818292649059
201800043740,NonLethal,2018-05-11,13:00:00,Daylight,201,4,Yes,NoIntersection,Overcast,2Vehicles-BehindVehicles-Frontal,SPOSATA CHEMIN DE LA,M,41.94912058196234,8.947613803413123
201800043741,NonLethal,2018-06-11,18:45:00,NightStreelightsOn,201,4,Yes,NoIntersection,HeavyRain,Other,NAPOLEON COURS APRES BEV,M,41.92668088522356,8.925535532553303
201800043742,NonLethal,2018-08-11,19:50:00,NightStreelightsOn,201,4,Yes,X-type,Normal,2Vehicles-BehindVehicles-Frontal,NICOLI JEAN COURS,M,41.93581036142908,8.935759970831043
201800043745,NonLethal,2018-11-10,17:07:00,Daylight,201,4,Yes,NoIntersection,Normal,Other,NAPOLEON COURS AVANT BEV,M,41.92289702668565,8.922951454468244
201800043746,NonLethal,2018-11-10,18:59:00,NightStreelightsOn,201,4,Yes,NoIntersection,Normal,2Vehicles-Side,AVENUE DU DOCTEUR NOEL F,M,41.94025861897694,8.939627245907799
201800043747,NonLethal,2018-11-13,16:23:00,Daylight,201,4,Yes,T-type,Normal,2Vehicles-Side,NAPOLEON COURS AVANT BEV,M,41.926660508412176,8.924675361148083
201800043750,NonLethal,2018-11-15,08:25:00,Daylight,201,4,Yes,NoIntersection,Normal,2Vehicles-Side,GEORGES POMPIDOU AVENUE,M,41.93084752304952,8.928901598227558
201800043752,NonLethal,2018-11-27,08:20:00,Daylight,201,4,No,NoIntersection,LightRain,2Vehicles-Behind,T40,M,41.93248747803118,8.932651099515018
201800043754,NonLethal,2018-11-30,14:10:00,Daylight,201,4,Yes,Roundabout,Normal,NoCollision,SAMPIERO BD,M,41.9258682043529,8.925621447598557
201800043756,NonLethal,2018-12-02,03:20:00,NightStreelightsOn,201,4,Yes,NoIntersection,Normal,Other,AVENUE DU DOCTEUR NOEL F,M,41.93826870519038,8.936778172263121
201800043758,NonLethal,2018-04-12,17:20:00,TwilightOrDawn,201,4,Yes,NoIntersection,Normal,NoCollision,ALBERT 1ER BD,M,41.91313576867786,8.91407838872762
201800043759,NonLethal,2018-07-12,17:40:00,NightStreelightsOn,201,4,Yes,X-type,Normal,2Vehicles-Side,PAOLI DOMINIQUE  BD,M,41.930367271892415,8.93014205976022
201800043760,NonLethal,2018-07-12,22:05:00,NightStreelightsOn,201,4,Yes,NoIntersection,Normal,2Vehicles-Side,BONAPARTE CHARLES  BD,M,41.93073516933332,8.927885277499914
201800043761,NonLethal,2018-10-12,20:15:00,NightStreelightsOn,201,4,Yes,NoIntersection,Normal,Other,MARECHAL JUIN AVENUE,M,41.939266610716594,8.941621866689824
201800043762,NonLethal,2018-12-12,17:00:00,Daylight,201,4,Yes,NoIntersection,Normal,Other,SEBASTIANU COSTA BD,M,41.94187794241397,8.939690025273123
201800043763,NonLethal,2018-12-13,16:30:00,TwilightOrDawn,201,4,Yes,NoIntersection,LightRain,2Vehicles-Side,ALBERT 1ER BD,M,41.91348427696165,8.912060983242467
201800043764,NonLethal,2018-12-13,18:00:00,NightStreelightsOn,201,4,Yes,NoIntersection,LightRain,2Vehicles-Side,MACCHINI EUGENE AVENUE,M,41.917474433705536,8.91881088381533
201800043765,NonLethal,2018-12-13,19:00:00,NightStreelightsOn,201,4,Yes,NoIntersection,LightRain,2Vehicles-Behind,BONAPARTE CHARLES  BD,M,41.9332063440074,8.931877966567674
201800043766,NonLethal,2018-12-20,20:05:00,NightStreelightsOn,201,4,Yes,NoIntersection,Normal,Other,NAPOLEON COURS APRES BEV,M,41.92283825514495,8.923611651260897
201800043767,NonLethal,2018-12-22,18:55:00,NightStreelightsOn,201,4,Yes,NoIntersection,Normal,2Vehicles-BehindVehicles-Frontal,LEVIE JEAN JEROME AVENUE,M,41.9265526863624,8.926655502424898
201800043770,NonLethal,2018-12-28,15:25:00,Daylight,201,4,Yes,NoIntersection,Normal,3+Vehicles-Multiple,MEZZAVIA ROUTE DE,M,41.94918726680042,8.94540137730821
201800043771,NonLethal,2018-01-01,06:15:00,NightStreelightsOn,940,18,No,NoIntersection,Normal,2Vehicles-Side,A4,M,48.81922420401917,2.818318890069883
201800043772,NonLethal,2018-01-01,09:30:00,Daylight,940,52,No,NoIntersection,Normal,NoCollision,A86 INT,M,48.83850301920584,2.8378383932519755
201800043773,NonLethal,2018-01-01,15:00:00,Daylight,940,79,No,NoIntersection,HeavyRain,Other,A4,M,48.8307482988636,2.8286124154829024
201800043774,NonLethal,2018-03-01,05:40:00,NightNoStreetLight,940,44,No,NoIntersection,HeavyRain,Other,RN406.W,M,48.74946781546504,2.749323374149806
201800043775,NonLethal,2018-04-01,13:55:00,Daylight,770,258,No,Other,LightRain,2Vehicles-Side,A4.Y - PARIS PROVINCE,M,48.82968341832145,2.828621187662612
201800043776,NonLethal,2018-01-05,09:30:00,Daylight,940,17,No,NoIntersection,Overcast,2Vehicles-Side,A4,M,48.8269970865893,2.827138343283776
201800043777,NonLethal,2018-07-01,00:30:00,NightStreelightsOn,940,17,No,NoIntersection,LightRain,2Vehicles-Behind,A4,M,48.82839819880926,2.829109725418762
201800043778,NonLethal,2018-07-01,07:00:00,NightStreelightsOn,940,58,No,Other,LightRain,2Vehicles-Behind,A86.EXT,M,48.84219470336391,2.8418143678035013
201800043779,NonLethal,2018-01-07,18:55:00,NightStreelightsOn,940,17,No,NoIntersection,Normal,Other,A4,M,48.82796348805724,2.82579214238724
201800043780,NonLethal,2018-01-09,17:45:00,NightNoStreetLight,930,51,No,NoIntersection,LightRain,2Vehicles-Side,A4,M,48.83468753307716,2.834852566219473
201800043781,NonLethal,2018-10-01,07:20:00,NightStreelightsOn,940,17,No,NoIntersection,Normal,2Vehicles-Behind,A4,M,48.82673047426156,2.827469281587574
201800043782,NonLethal,2018-01-10,19:00:00,NightNoStreetLight,750,112,No,NoIntersection,Normal,2Vehicles-Behind,A4,M,48.8211742748385,2.8195353376944845
201800043784,NonLethal,2018-01-13,01:01:00,NightStreelightsOn,940,33,No,NoIntersection,Normal,2Vehicles-Behind,A86.INT,M,48.84763519953739,2.8467013222744115
201800043786,Lethal,2018-01-19,21:00:00,NightNoStreetLight,770,294,No,NoIntersection,Normal,Other,A104 - LA FRANCILIENNE,M,48.96125998503972,2.958834225303276
201800043787,NonLethal,2018-01-14,07:40:00,TwilightOrDawn,770,58,No,NoIntersection,Normal,2Vehicles-Behind,A4,M,48.83092903819743,2.829809062029276
201800043788,NonLethal,2018-01-14,12:27:00,Daylight,940,46,No,NoIntersection,Normal,2Vehicles-Behind,A86 EXT,M,48.80576698675284,2.80785748830284
201800043789,NonLethal,2018-01-14,20:00:00,NightStreelightsOn,940,46,No,NoIntersection,Normal,2Vehicles-Behind,A86 EXT,M,48.80322204663384,2.803832327089923
201800043790,NonLethal,2018-01-16,09:20:00,Daylight,930,51,No,NoIntersection,LightRain,Other,A4,M,48.84888587453835,2.84868404639814
201800043791,NonLethal,2018-01-16,14:55:00,Daylight,770,450,No,NoIntersection,LightRain,3+Vehicles-Chain,N104 - LA FRANCILIENNE,M,48.703138369413175,2.701180372996752
201800043792,NonLethal,2018-01-16,19:30:00,NightNoStreetLight,770,438,No,NoIntersection,LightRain,2Vehicles-Behind,A104 - LA FRANCILIENNE,M,48.854039679964366,2.854984722604845
201800043793,NonLethal,2018-01-17,08:00:00,NightNoStreetLight,940,69,No,Y-type,LightRain,2Vehicles-Behind,A86 EXT,M,48.81115721745676,2.813277424210228
201800043794,NonLethal,2018-01-17,11:35:00,Daylight,770,372,No,Other,Overcast,3+Vehicles-Chain,A104 - LA FRANCILIENNE,M,48.876689656270834,2.877610109118178
201800043795,NonLethal,2018-01-19,22:45:00,NightNoStreetLight,940,15,No,NoIntersection,Normal,2Vehicles-Behind,A4,M,48.83026280230965,2.83306058938768
201800043796,NonLethal,2018-01-21,02:45:00,NightStreelightsOn,940,73,No,NoIntersection,Normal,2Vehicles-Behind,A86 EXT,M,48.709569587163,2.7070482625855585
201800043797,NonLethal,2018-01-21,21:50:00,NightStreelightsOn,940,73,No,NoIntersection,LightRain,Other,A86 EXT,M,48.76672815526975,2.7673511227470677
201800043799,NonLethal,2018-01-24,14:45:00,Daylight,940,69,No,NoIntersection,Normal,NoCollision,A4,M,48.81504897797503,2.8175455263279456
201800043800,NonLethal,2018-01-24,15:45:00,Daylight,940,65,No,NoIntersection,Normal,2Vehicles-Side,A86 INT,M,48.75356708779238,2.7542619990998074
201800043801,NonLethal,2018-01-25,09:25:00,Daylight,940,44,No,NoIntersection,Overcast,2Vehicles-Side,RN406.W,M,48.7578183041144,2.758210670031441
201800043802,NonLethal,2018-01-26,03:00:00,NightNoStreetLight,930,51,No,NoIntersection,Normal,Other,A4,M,48.833781748422936,2.837114001740402
201800043803,NonLethal,2018-01-26,21:45:00,NightNoStreetLight,770,294,No,Other,Normal,2Vehicles-Behind,A104 - LA FRANCILIENNE,M,48.97398000998981,2.9708208793899087
201800043804,NonLethal,2018-01-26,22:00:00,NightNoStreetLight,770,373,No,NoIntersection,Normal,Other,RN104,M,48.79497187270697,2.795458627696275
201800043805,NonLethal,2018-01-27,00:30:00,NightStreelightsOff,940,17,No,NoIntersection,Normal,3+Vehicles-Chain,A4,M,48.82853284296999,2.8303616914467438
201800043807,NonLethal,2018-01-28,22:00:00,NightNoStreetLight,770,258,No,NoIntersection,Other,Other,A4.Y - PARIS PROVINCE,M,48.83179950755826,2.829895998429408
201800043810,NonLethal,2018-01-31,13:50:00,Daylight,940,17,No,NoIntersection,LightRain,3+Vehicles-Multiple,A4,M,48.812433415851984,2.8112581414540307
201800043811,NonLethal,2018-01-31,17:30:00,TwilightOrDawn,940,15,No,NoIntersection,LightRain,Other,A4,M,48.83324492864647,2.834515090966484
201800043812,NonLethal,2018-01-31,23:00:00,NightStreelightsOff,940,69,No,NoIntersection,LightRain,3+Vehicles-Chain,A4,M,48.81689369989324,2.8181469196230653
201800043813,NonLethal,2018-02-01,09:00:00,Daylight,770,384,No,NoIntersection,LightRain,2Vehicles-Side,A5b - BRET. AIRE GALANDE,M,48.60624270740884,2.605650670234936
201800043814,NonLethal,2018-01-02,09:30:00,Daylight,770,294,No,NoIntersection,HeavyRain,3+Vehicles-Chain,A104,M,48.96871937355543,2.966700524635365
201800043816,NonLethal,2018-02-01,14:15:00,Daylight,770,169,No,NoIntersection,Overcast,3+Vehicles-Chain,A4 PARIS PROVINCE,M,48.83069076990875,2.8301093522456573
201800043817,NonLethal,2018-02-01,18:40:00,NightNoStreetLight,770,438,No,Other,LightRain,2Vehicles-Behind,A104 - LA FRANCILIENNE,M,48.86148983470489,2.8605992079336477
201800043818,NonLethal,2018-01-02,18:50:00,NightNoStreetLight,770,175,No,Other,Normal,2Vehicles-Side,RN104,M,48.672945171592,2.6704916601517685
201800043819,NonLethal,2018-01-02,20:25:00,NightStreelightsOff,940,18,No,NoIntersection,LightRain,3+Vehicles-Chain,A4,M,48.81703639085835,2.81917501472244
201800043820,NonLethal,2018-02-01,23:03:00,NightNoStreetLight,940,28,No,NoIntersection,Overcast,Other,A86 EXT,M,48.79237998788869,2.790066262048297
201800043821,NonLethal,2018-02-02,07:30:00,Daylight,940,28,No,NoIntersection,Normal,2Vehicles-Behind,A86 EXT,M,48.77438453693496,2.773781060690127
201800043822,NonLethal,2018-03-02,13:40:00,Daylight,940,17,No,NoIntersection,LightRain,3+Vehicles-Chain,A4,M,48.82858547508936,2.829247458961612
201800043823,NonLethal,2018-03-02,17:30:00,TwilightOrDawn,940,28,No,NoIntersection,LightRain,3+Vehicles-Chain,A86 EXT,M,48.802537677222944,2.804305591272953
201800043824,NonLethal,2018-02-04,03:30:00,NightNoStreetLight,770,249,No,NoIntersection,LightRain,NoCollision,RN104,M,48.74837416345062,2.746191837960725
201800043825,NonLethal,2018-02-05,09:30:00,Daylight,940,28,No,NoIntersection,Normal,2Vehicles-Behind,A86 INT,M,48.80249230007315,2.8029588031525963
201800043826,NonLethal,2018-02-06,11:35:00,Daylight,940,28,No,NoIntersection,LightRain,2Vehicles-Behind,RN406.W,M,48.781037705914535,2.780382510797123
201800043827,NonLethal,2018-02-13,09:15:00,Daylight,940,69,No,NoIntersection,Other,NoCollision,A4,M,48.81737330824133,2.818414616038293
201800043828,NonLethal,2018-02-17,06:00:00,NightStreelightsOff,940,69,No,NoIntersection,Normal,3+Vehicles-Chain,A4,M,48.8177685486538,2.819131746353013
201800043829,NonLethal,2018-02-18,09:45:00,Daylight,750,112,No,NoIntersection,Normal,2Vehicles-Behind,A4,M,,
201800043831,NonLethal,2018-02-20,19:30:00,NightNoStreetLight,770,249,No,Other,LightRain,2Vehicles-Side,N104 - LA FRANCILIENNE,M,48.75319789241032,2.753288088844262
201800043832,NonLethal,2018-02-21,15:50:00,Daylight,940,69,No,NoIntersection,Normal,2Vehicles-Behind,A4,M,48.822728525515245,2.8229528128530124
201800043833,NonLethal,2018-02-22,18:15:00,Daylight,940,18,No,NoIntersection,Normal,Other,A4,M,48.82381625024006,2.822444299899617
201800043834,NonLethal,2018-02-23,05:40:00,NightNoStreetLight,940,79,No,NoIntersection,Normal,Other,A4,M,48.82887536711663,2.8264324578768623
201800043835,NonLethal,2018-02-23,20:00:00,Daylight,770,294,No,NoIntersection,Normal,2Vehicles-Behind,A104,M,48.96945481486221,2.969643852142241
201800043836,NonLethal,2018-02-23,19:00:00,TwilightOrDawn,770,249,No,NoIntersection,Normal,3+Vehicles-Chain,N104 - LA FRANCILIENNE,M,48.7570587744501,2.7615106927051043
201800043837,NonLethal,2018-02-23,21:30:00,NightNoStreetLight,770,296,No,NoIntersection,Normal,2Vehicles-Side,A5b,M,48.635996571130505,2.635051037733834
201800043838,NonLethal,2018-02-24,16:40:00,Daylight,940,69,No,NoIntersection,Normal,Other,A4,M,48.8199053365741,2.819883894527993
201800043839,Lethal,2018-02-25,05:15:00,NightNoStreetLight,770,237,No,Other,Normal,3+Vehicles-Chain,A4,M,48.830895983867045,2.829056267376086
201800043840,NonLethal,2018-02-25,15:20:00,Daylight,940,28,No,Other,Normal,NoCollision,A86 INT,M,48.79994808306211,2.8010058163270006
201800043841,NonLethal,2018-02-26,03:45:00,NightStreelightsOn,940,52,No,NoIntersection,Normal,Other,A86 INT,M,48.83174246444965,2.832023751673533
201800043842,NonLethal,2018-02-26,17:45:00,Daylight,940,28,No,NoIntersection,Normal,Other,A86 EXT,M,48.787283516075945,2.7881711535505094
201800043843,NonLethal,2018-02-27,00:30:00,NightStreelightsOn,940,17,No,NoIntersection,Normal,Other,A86.EXT,M,48.81814513138239,2.8174257670958105
201800043844,NonLethal,2018-02-27,07:00:00,TwilightOrDawn,940,65,No,NoIntersection,Normal,3+Vehicles-Chain,A86 INT,M,48.75144347440365,2.751338885976992
201800043845,NonLethal,2018-02-28,07:15:00,Daylight,940,18,No,NoIntersection,Normal,2Vehicles-Behind,A4,M,48.82120092558748,2.822041673004086
201800043846,NonLethal,2018-02-28,17:00:00,Daylight,940,28,No,NoIntersection,Normal,NoCollision,A86 INT,M,48.77602372561034,2.775464561007313
201800043847,NonLethal,2018-04-03,17:20:00,Daylight,770,337,No,Other,Normal,NoCollision,N104 - LA FRANCILIENNE,M,48.82799044704274,2.8295610701766902
201800043848,NonLethal,2018-03-04,20:25:00,NightNoStreetLight,770,337,No,Other,Normal,Other,A4 PARIS PROVINCE,M,48.82980917930833,2.830728947763112
201800043849,NonLethal,2018-03-05,09:50:00,Daylight,770,258,No,Other,Normal,2Vehicles-Behind,A4.Y - PARIS PROVINCE,M,48.82998141542284,2.8325958228470545
201800043851,NonLethal,2018-03-06,12:30:00,Daylight,940,65,No,NoIntersection,Normal,3+Vehicles-Chain,A86 EXT,M,48.75343562491629,2.7529077378464133
201800043852,NonLethal,2018-06-03,17:35:00,Daylight,750,112,No,NoIntersection,Normal,3+Vehicles-Chain,A4,M,48.816484244656095,2.816862991557795
201800043854,NonLethal,2018-03-07,18:15:00,TwilightOrDawn,940,46,No,NoIntersection,LightRain,2Vehicles-Side,A86 EXT,M,48.8095714115205,2.810921708996406
201800043855,NonLethal,2018-08-03,17:00:00,Daylight,770,294,No,NoIntersection,HeavyRain,3+Vehicles-Chain,A104 - LA FRANCILIENNE,M,48.97380473490785,2.976376474143286
201800043857,NonLethal,2018-03-08,23:10:00,NightNoStreetLight,940,15,No,NoIntersection,LightRain,3+Vehicles-Multiple,A4,M,48.83164331759441,2.8308533166246246
201800043859,NonLethal,2018-03-10,11:50:00,Daylight,940,28,No,Other,LightRain,Other,RN406.Y,M,48.77079054829282,2.7717026597083367
201800043860,NonLethal,2018-03-10,14:10:00,Daylight,940,22,No,NoIntersection,Normal,2Vehicles-Side,A86 EXT,M,48.77577257003328,2.7788570945744278
201800043863,NonLethal,2018-03-13,08:45:00,Daylight,940,28,No,NoIntersection,Normal,3+Vehicles-Chain,A86 INT,M,48.783165487515184,2.783246992699842
201800043865,NonLethal,2018-03-14,09:30:00,Daylight,940,28,No,NoIntersection,Normal,2Vehicles-Behind,A86 EXT,M,48.79007039093178,2.789589184212873
201800043866,NonLethal,2018-03-15,16:00:00,Daylight,940,65,No,NoIntersection,Normal,3+Vehicles-Chain,A86 EXT,M,48.754623628006165,2.753208434460119
201800043867,NonLethal,2018-03-16,09:00:00,Daylight,770,363,No,Other,Normal,2Vehicles-Behind,A104 - LA FRANCILIENNE,M,48.91471369649688,2.912814285658995
201800043868,NonLethal,2018-03-16,17:30:00,Daylight,940,65,No,NoIntersection,Normal,2Vehicles-Side,A86 EXT,M,48.75230561601352,2.75431222906012
201800043869,NonLethal,2018-03-17,15:05:00,Daylight,940,17,No,NoIntersection,LightRain,3+Vehicles-Chain,A4,M,48.82667885634621,2.8274437626754536
201800043870,NonLethal,2018-03-19,09:15:00,Daylight,940,46,No,NoIntersection,LightRain,3+Vehicles-Chain,A86 EXT,M,48.80647018215786,2.807590155107309
201800043871,NonLethal,2018-03-19,13:05:00,Daylight,940,46,No,NoIntersection,Normal,Other,A86 INT,M,48.81149793160502,2.8108707760235947
201800043872,NonLethal,2018-03-20,19:00:00,NightNoStreetLight,940,46,No,NoIntersection,Normal,2Vehicles-Behind,A86 INT,M,48.79953651613894,2.800952395599861
201800043873,NonLethal,2018-03-21,08:00:00,Daylight,940,17,No,NoIntersection,Normal,3+Vehicles-Multiple,A4,M,48.82759477343256,2.826565071118494
201800043874,NonLethal,2018-03-21,17:30:00,Daylight,940,73,No,NoIntersection,Normal,Other,A86 INT,M,48.76907108926535,2.770690468084016
201800043875,NonLethal,2018-03-22,10:55:00,Daylight,940,42,No,NoIntersection,Normal,3+Vehicles-Multiple,A4,M,48.82789180496044,2.8291237002317904
201800043877,NonLethal,2018-03-23,19:55:00,NightStreelightsOn,940,18,No,NoIntersection,LightRain,2Vehicles-Behind,A4,M,48.82496629822445,2.8219380176943334
201800043878,NonLethal,2018-03-24,02:10:00,NightNoStreetLight,940,79,No,Other,Normal,2Vehicles-Behind,A4,M,48.83523050966251,2.8363622785428078
201800043879,NonLethal,2018-03-25,06:45:00,TwilightOrDawn,770,294,No,NoIntersection,Normal,3+Vehicles-Chain,Al04 - N2G,M,48.97612094746891,2.972465611891326
201800043880,NonLethal,2018-03-26,20:45:00,NightStreelightsOn,940,28,No,NoIntersection,Normal,Other,A86 INT,M,48.77998858627996,2.775972629962649
201800043881,NonLethal,2018-03-27,09:00:00,Daylight,940,17,No,NoIntersection,LightRain,2Vehicles-Side,A4,M,48.82958264892125,2.830321974599123
201800043882,NonLethal,2018-03-27,19:50:00,Daylight,770,55,No,NoIntersection,LightRain,3+Vehicles-Chain,A104.INT - FRANCILIENNE,M,48.90215168301575,2.901948316509403
201800043883,NonLethal,2018-03-29,08:10:00,Daylight,930,51,No,NoIntersection,Normal,3+Vehicles-Multiple,A4,M,48.835627683493165,2.8373159523445097
201800043884,NonLethal,2018-03-29,08:20:00,Daylight,770,294,No,NoIntersection,Normal,2Vehicles-Side,Al04 - LA FRANCILIENNE,M,48.964239600299145,2.9634940675537877
201800043885,NonLethal,2018-03-29,09:30:00,Daylight,770,122,No,NoIntersection,Normal,2Vehicles-Side,Nl04 - LA FRANCILIENNE,M,48.64806718735075,2.648706669573268
201800043888,NonLethal,2018-03-29,13:00:00,Daylight,940,17,No,NoIntersection,Normal,3+Vehicles-Chain,A4,M,48.82617688970058,2.8268471222020795