AccidentId,Gravity,Date,Hour,Light,Department,Commune,InAgglomeration,IntersectionType,Weather,CollisionType,PostalAddress,GPSCode,Latitude,Longitude
201800043889,NonLethal,2018-03-29,17:00:00,Daylight,770,294,No,NoIntersection,Normal,2Vehicles-Side,Al04 - LA FRANCILIENNE,M,48.96128411745293,2.9610469426506363
201800043891,NonLethal,2018-02-04,05:30:00,NightStreelightsOn,940,17,No,NoIntersection,Normal,Other,A86.INT,M,48.852081226520845,2.852558096184848
201800043892,NonLethal,2018-03-04,22:50:00,NightNoStreetLight,940,22,No,NoIntersection,Normal,2Vehicles-Behind,A86 INT,M,48.77761212512871,2.7771185833548366
201800043893,NonLethal,2018-04-04,05:30:00,NightNoStreetLight,940,73,No,NoIntersection,LightRain,Other,A86 INT,M,48.75741238796637,2.756032450480817
201800043894,NonLethal,2018-04-04,18:30:00,Daylight,940,33,No,NoIntersection,Normal,2Vehicles-Behind,A86.EXT,M,48.84980090228672,2.849798559417072
201800043895,NonLethal,2018-05-04,19:45:00,Daylight,940,17,No,NoIntersection,Normal,Other,A4,M,48.8276293525762,2.8282567449366414
201800043896,NonLethal,2018-04-06,08:00:00,Daylight,940,65,No,NoIntersection,Normal,2Vehicles-Side,A86 INT,M,48.46244725512405,2.4596158751137063
201800043897,NonLethal,2018-04-06,09:00:00,Daylight,770,372,No,NoIntersection,Normal,3+Vehicles-Chain,Al04,M,48.87525510101101,2.8752570721982287
201800043899,NonLethal,2018-04-06,13:30:00,Daylight,750,112,No,NoIntersection,Normal,3+Vehicles-Chain,A4,M,48.82181889736447,2.8195546357543937
201800043900,NonLethal,2018-04-06,18:15:00,Daylight,770,449,No,NoIntersection,Normal,2Vehicles-Side,A4,M,48.83261681783109,2.832601152661882
201800043901,NonLethal,2018-04-08,05:30:00,NightNoStreetLight,770,175,No,Other,LightRain,Other,N104 - LA FRANCILIENNE,M,48.67180169374454,2.67383487868993
201800043902,NonLethal,2018-04-08,18:00:00,Daylight,940,17,No,NoIntersection,Normal,3+Vehicles-Chain,A4,M,48.82665460077925,2.826687848450336
201800043904,NonLethal,2018-10-04,14:30:00,Daylight,750,112,No,NoIntersection,Normal,Other,A4,M,48.49337423758327,2.494424502630727
201800043905,NonLethal,2018-04-10,15:30:00,Daylight,940,73,No,NoIntersection,Normal,3+Vehicles-Chain,A86 EXT,M,48.77254761662349,2.772468192838633
201800043906,NonLethal,2018-04-11,08:30:00,Daylight,940,18,No,NoIntersection,Normal,Other,A4,M,48.81720337123168,2.8175543813626622
201800043907,NonLethal,2018-11-04,15:48:00,Daylight,940,69,No,NoIntersection,Normal,3+Vehicles-Chain,A4,M,48.81852428147321,2.8168946999331443
201800043908,NonLethal,2018-04-11,16:30:00,Daylight,770,169,No,NoIntersection,Normal,2Vehicles-Side,RN104.INT,M,48.815563793905184,2.816880392335635
201800043909,NonLethal,2018-11-04,17:15:00,Daylight,940,73,No,NoIntersection,Normal,2Vehicles-Behind,A86 EXT,M,48.76500945644809,2.766376784756274
201800043910,NonLethal,2018-11-04,20:15:00,Daylight,770,53,No,Other,Normal,2Vehicles-Side,N104 - LA FRANCILIENNE,M,48.6728618754521,2.671802654859501
201800043912,NonLethal,2018-04-12,08:00:00,Daylight,940,17,No,NoIntersection,Normal,3+Vehicles-Multiple,A4,M,48.8261863385349,2.826096849116929
201800043913,NonLethal,2018-12-04,13:05:00,Daylight,940,18,No,NoIntersection,Normal,3+Vehicles-Chain,A4,M,48.82326521941882,2.823022748859468
201800043914,NonLethal,2018-12-04,22:15:00,NightStreelightsOn,940,28,No,NoIntersection,Normal,Other,A86 INT,M,48.77852305941322,2.7807291590452285
201800043915,NonLethal,2018-04-13,09:05:00,Daylight,940,69,No,NoIntersection,Normal,2Vehicles-Behind,A4,M,48.82254427947186,2.8213262492492936
201800043917,NonLethal,2018-04-13,10:45:00,Daylight,940,22,No,NoIntersection,Normal,3+Vehicles-Chain,A86 INT,M,48.77392300638297,2.774855363167274
201800043918,NonLethal,2018-04-13,12:00:00,Daylight,770,373,No,NoIntersection,Normal,3+Vehicles-Chain,RN104,M,48.78265507384037,2.7835734973226463
201800043920,NonLethal,2018-04-15,04:00:00,NightNoStreetLight,770,122,No,NoIntersection,Normal,Other,RN104,M,48.64661489962332,2.6481428719113778
201800043921,NonLethal,2018-04-15,05:20:00,NightNoStreetLight,940,22,No,NoIntersection,Normal,2Vehicles-Side,A86 INT,M,48.761120317075374,2.7629821093898514
201800043922,NonLethal,2018-04-15,14:45:00,Daylight,940,58,No,NoIntersection,Normal,3+Vehicles-Chain,A86.EXT,M,48.8498409867973,2.8475361869326994
201800043923,NonLethal,2018-04-16,06:20:00,TwilightOrDawn,770,83,No,NoIntersection,Normal,2Vehicles-Behind,A4.W,M,48.83324332885701,2.8315983409116203
201800043925,NonLethal,2018-04-17,08:35:00,Daylight,940,46,No,NoIntersection,Normal,2Vehicles-Side,A86 EXT,M,48.810414025302855,2.8085183864946224
201800043927,NonLethal,2018-04-18,07:35:00,Daylight,940,17,No,NoIntersection,Normal,Other,A4,M,48.826699180363526,2.8272908062487527
201800043928,NonLethal,2018-04-18,12:50:00,Daylight,940,18,No,NoIntersection,Normal,3+Vehicles-Chain,A4,M,48.824673037028695,2.8247387642519453
201800043930,NonLethal,2018-04-18,19:25:00,Daylight,770,294,No,NoIntersection,Normal,2Vehicles-Side,A104,M,48.97320526203964,2.97463269932153
201800043931,NonLethal,2018-04-18,22:30:00,NightNoStreetLight,930,51,No,NoIntersection,Normal,2Vehicles-Behind,A4,M,,
201800043932,NonLethal,2018-04-13,20:20:00,Daylight,940,46,No,NoIntersection,Normal,2Vehicles-Behind,A86 EXT,M,48.81151182734262,2.81154046997658
201800043933,NonLethal,2018-04-19,09:45:00,Daylight,940,17,No,NoIntersection,Normal,2Vehicles-Behind,A4,M,48.83006749302138,2.829879769081259
201800043934,NonLethal,2018-04-19,21:40:00,NightStreelightsOff,940,73,No,NoIntersection,Normal,2Vehicles-Side,A86 INT,M,48.759018065573954,2.759158545728324
201800043935,NonLethal,2018-04-20,02:35:00,NightNoStreetLight,770,438,No,NoIntersection,Normal,3+Vehicles-Multiple,A104,M,48.87053475562019,2.870103054852228
201800043936,NonLethal,2018-04-20,17:00:00,Daylight,940,52,No,NoIntersection,Normal,3+Vehicles-Chain,A86 INT,M,48.83612508678444,2.832998746413449
201800043937,NonLethal,2018-04-20,17:05:00,Daylight,940,22,No,NoIntersection,Normal,2Vehicles-Behind,A86 INT,M,48.77386744585896,2.7735443908479334
201800043938,NonLethal,2018-04-20,18:00:00,Daylight,940,17,No,NoIntersection,Normal,2Vehicles-Behind,A4,M,48.826121485838414,2.8263818356317936
201800043939,NonLethal,2018-04-20,22:05:00,NightNoStreetLight,770,372,No,NoIntersection,Normal,2Vehicles-Side,A104,M,48.87667834848427,2.878072152654544
201800043940,NonLethal,2018-04-21,02:00:00,NightStreelightsOn,940,17,No,NoIntersection,Normal,3+Vehicles-Chain,A4,M,48.82950428169726,2.826491566731723
201800043942,NonLethal,2018-04-21,06:40:00,Daylight,940,28,No,NoIntersection,Normal,2Vehicles-Behind,A86 INT,M,48.7704861150733,2.768801888667343
201800043943,NonLethal,2018-04-21,17:30:00,Daylight,940,18,No,NoIntersection,Normal,Other,A4,M,48.818323788975945,2.817172113025883
201800043945,NonLethal,2018-04-22,12:45:00,Daylight,770,146,No,Other,Normal,NoCollision,A4 PARIS PROVINCE,M,48.83043680652538,2.830960407714244
201800043947,NonLethal,2018-04-24,19:15:00,Daylight,940,28,No,NoIntersection,Normal,2Vehicles-Behind,A86 EXT,M,48.78391909105655,2.7856142573288083
201800043948,NonLethal,2018-04-24,20:30:00,Daylight,940,28,No,NoIntersection,Normal,2Vehicles-Side,RN406.Y,M,48.777270991181375,2.7755640907002777
201800043949,NonLethal,2018-04-24,22:40:00,NightNoStreetLight,940,69,No,NoIntersection,Normal,NoCollision,A4,M,48.49200512547283,2.491682265604764
201800043950,NonLethal,2018-04-25,11:00:00,Daylight,940,73,No,NoIntersection,Normal,2Vehicles-Side,A86 EXT,M,48.770565994183926,2.769955193933936
201800043952,NonLethal,2018-04-26,07:40:00,Daylight,770,384,No,NoIntersection,Normal,Other,A5b,M,48.61320346527213,2.61233159653504
201800043953,NonLethal,2018-04-26,10:00:00,Daylight,940,33,No,NoIntersection,Normal,Other,A86.EXT,M,48.84433714755356,2.844238090673885
201800043954,NonLethal,2018-04-26,13:45:00,Daylight,940,46,No,NoIntersection,Normal,3+Vehicles-Multiple,A86 INT,M,48.79765070363855,2.800018268003553
201800043955,NonLethal,2018-04-27,17:55:00,Daylight,940,69,No,NoIntersection,Normal,3+Vehicles-Chain,A4,M,48.49190732299855,2.4886639791255027
201800043956,NonLethal,2018-04-28,11:45:00,Daylight,940,28,No,NoIntersection,Normal,3+Vehicles-Chain,A86 EXT,M,48.80064364337334,2.8003968032153206
201800043958,NonLethal,2018-04-29,03:23:00,NightNoStreetLight,770,294,No,NoIntersection,LightRain,2Vehicles-Behind,A104,M,48.96498338727693,2.9653888377969837
201800043959,NonLethal,2018-04-29,13:10:00,Daylight,770,258,No,NoIntersection,LightRain,Other,A4.Y,M,48.83041436798749,2.8308158740813445
201800043960,NonLethal,2018-04-29,20:30:00,TwilightOrDawn,940,17,No,NoIntersection,LightRain,2Vehicles-Behind,A4,M,48.8281308625195,2.826939949069144
201800043961,NonLethal,2018-05-01,07:30:00,Daylight,770,237,No,NoIntersection,Normal,2Vehicles-Behind,A4,M,48.83133717049413,2.831624194869387
201800043962,NonLethal,2018-05-01,19:00:00,Daylight,940,15,No,NoIntersection,Normal,NoCollision,A4,M,48.83039183914117,2.8311979330213752
201800043963,NonLethal,2018-05-02,12:38:00,Daylight,770,373,No,NoIntersection,Normal,3+Vehicles-Multiple,N104 - LA FRANCILIENNE,M,48.765346100308925,2.7672907959307005
201800043964,NonLethal,2018-05-02,13:50:00,Daylight,940,17,No,NoIntersection,Normal,2Vehicles-Side,A4,M,48.812256691227205,2.81507374595092
201800043965,NonLethal,2018-05-03,14:45:00,Daylight,940,65,No,NoIntersection,Normal,2Vehicles-Behind,A86 EXT,M,48.754232242729685,2.7556299398281534
201800043966,NonLethal,2018-03-05,17:05:00,Daylight,940,18,No,NoIntersection,Normal,3+Vehicles-Chain,A4,M,48.81730877002044,2.81829717119941
201800043967,NonLethal,2018-04-05,08:45:00,Daylight,930,51,No,NoIntersection,Normal,Other,A4,M,48.8479219175657,2.849311204996023
201800043968,NonLethal,2018-05-04,13:05:00,Daylight,940,28,No,NoIntersection,Normal,2Vehicles-Side,A86 EXT,M,48.77785381858767,2.777725545827629
201800043969,NonLethal,2018-05-04,16:30:00,Daylight,940,28,No,NoIntersection,Normal,2Vehicles-Behind,A86 INT,M,48.79005557458431,2.7890537511381788
201800043970,NonLethal,2018-04-05,19:05:00,Daylight,940,15,No,NoIntersection,Normal,3+Vehicles-Chain,A4,M,48.83469103699319,2.8343592116242435
201800043971,NonLethal,2018-04-05,21:50:00,NightNoStreetLight,770,517,No,NoIntersection,Normal,NoCollision,A104,M,48.89839293057384,2.8976718126709056
201800043972,NonLethal,2018-05-05,06:50:00,Daylight,770,337,No,NoIntersection,Normal,Other,A4,M,48.82968632142011,2.831168435134175
201800043973,NonLethal,2018-05-05,12:20:00,Daylight,940,52,No,NoIntersection,Normal,3+Vehicles-Chain,A86.EXT,M,48.84513762357277,2.845077538693443
201800043974,NonLethal,2018-05-05,23:45:00,NightNoStreetLight,770,237,No,NoIntersection,Normal,NoCollision,A4 - PROVINCE PARIS,M,48.83174026033746,2.831091693942808
201800043975,NonLethal,2018-06-05,11:00:00,Daylight,770,169,No,NoIntersection,Normal,2Vehicles-Side,A4.Y,M,48.83296169362181,2.83111893115293
201800043976,NonLethal,2018-05-06,15:00:00,Daylight,770,53,No,NoIntersection,Normal,2Vehicles-Behind,RN104,M,48.68707296546214,2.686714199676698
201800043979,NonLethal,2018-05-09,16:30:00,Daylight,770,169,No,Other,Normal,Other,A4.Y,M,48.83101808734891,2.830853125679782
201800043980,NonLethal,2018-05-09,18:34:00,Daylight,770,146,No,NoIntersection,Normal,Other,A4.Y,M,48.83153360772363,2.8337767962584786
201800043981,NonLethal,2018-09-05,18:43:00,Daylight,770,121,No,NoIntersection,Normal,Other,A104,M,48.84023698755874,2.8393733659721163
201800043982,NonLethal,2018-05-11,17:20:00,Daylight,770,373,No,NoIntersection,Normal,2Vehicles-Behind,RN104,M,48.76997512916127,2.771100719845815
201800043984,NonLethal,2018-12-05,11:50:00,Daylight,940,18,No,NoIntersection,Normal,2Vehicles-Side,A4,M,48.82346681803312,2.82336155443027
201800043985,NonLethal,2018-05-14,08:00:00,Daylight,770,83,No,NoIntersection,HeavyRain,2Vehicles-Behind,A4.W,M,48.83381828520268,2.833141596697493
201800043986,NonLethal,2018-05-14,15:00:00,Daylight,770,53,No,NoIntersection,LightRain,2Vehicles-Behind,N104 - LA FRANCILIENNE,M,48.677920670150456,2.678013370290987
201800043987,NonLethal,2018-05-16,06:00:00,TwilightOrDawn,940,17,No,NoIntersection,Normal,2Vehicles-Behind,A4,M,48.8276378085331,2.827225518138123
201800043988,NonLethal,2018-05-17,13:42:00,Daylight,940,52,No,NoIntersection,Normal,2Vehicles-Behind,A4,M,48.82807688053243,2.8252231502140908
201800043989,NonLethal,2018-05-17,15:36:00,Daylight,940,73,No,NoIntersection,Normal,2Vehicles-Side,A86 EXT,M,48.773428273803766,2.770926524819429
201800043990,NonLethal,2018-05-18,08:45:00,Daylight,940,17,No,NoIntersection,Normal,Other,A4,M,48.826659228437705,2.828309094629448
201800043991,NonLethal,2018-05-18,10:00:00,Daylight,770,294,No,Other,Normal,3+Vehicles-Chain,A104,M,48.976784804154,2.9744088838748564
201800043992,NonLethal,2018-05-18,15:00:00,Daylight,940,33,No,NoIntersection,Normal,3+Vehicles-Chain,A86.INT,M,48.851112063679,2.8503505299449623
201800043993,NonLethal,2018-05-18,16:20:00,Daylight,770,450,No,Other,Normal,3+Vehicles-Chain,RN104 X BRET.N19,M,48.70935533386742,2.710766849943418
201800043994,NonLethal,2018-05-18,17:00:00,Daylight,940,42,No,NoIntersection,Normal,3+Vehicles-Multiple,A4,M,48.82766422180452,2.8279992366115376
201800043997,NonLethal,2018-05-18,18:30:00,Daylight,940,74,No,NoIntersection,Normal,2Vehicles-Side,RN406.Y,M,48.76360745678948,2.765884347714861
201800043998,NonLethal,2018-05-19,06:35:00,TwilightOrDawn,770,249,No,Other,Normal,2Vehicles-Side,N104 - LA FRANCILIENNE,M,48.744007325674026,2.747248552456357
201800043999,NonLethal,2018-05-19,10:20:00,Daylight,940,52,No,NoIntersection,Normal,3+Vehicles-Chain,A86 INT,M,48.844199483901406,2.8422839305231475
201800044000,NonLethal,2018-05-20,21:55:00,NightNoStreetLight,940,46,No,NoIntersection,Normal,2Vehicles-Side,A86 EXT,M,48.813941333287545,2.8133578438193427
201800044001,NonLethal,2018-05-21,20:45:00,Daylight,750,112,No,NoIntersection,Normal,2Vehicles-Behind,A86 EXT,M,,
201800044002,NonLethal,2018-05-22,00:01:00,NightNoStreetLight,770,337,No,NoIntersection,Normal,NoCollision,BRET. A4 PARIS-N104 SUD,M,48.82748134892407,2.8285071182598944
201800044003,NonLethal,2018-05-22,08:00:00,Daylight,940,17,No,NoIntersection,Normal,3+Vehicles-Chain,A4,M,48.8268775696911,2.826351022428296
201800044004,NonLethal,2018-05-22,19:00:00,Daylight,940,11,No,NoIntersection,Normal,2Vehicles-Behind,RN406.Y,M,48.75820184073881,2.7584168452444437
201800044006,NonLethal,2018-05-23,14:20:00,Daylight,940,17,No,NoIntersection,Normal,2Vehicles-Behind,A4,M,48.82577584735064,2.8263136984511577
201800044007,NonLethal,2018-05-24,07:30:00,Daylight,930,51,No,NoIntersection,Normal,2Vehicles-Behind,A4,M,48.83759802513173,2.8363389649753183
201800044008,NonLethal,2018-05-24,08:30:00,Daylight,770,384,No,NoIntersection,Normal,3+Vehicles-Multiple,A5b,M,48.60971553316262,2.6078722995489643
201800044009,NonLethal,2018-05-24,10:40:00,Daylight,940,52,No,NoIntersection,Other,3+Vehicles-Chain,A86.EXT,M,48.84192328869664,2.840438433950025
201800044010,NonLethal,2018-05-25,13:40:00,Daylight,770,294,No,Other,Normal,2Vehicles-Side,A104 - BRET.  INSERTION,M,48.973156438077794,2.9731903275064995
201800044011,NonLethal,2018-05-25,17:45:00,Daylight,770,121,No,NoIntersection,Normal,Other,A4,M,48.83178384399061,2.8320727017141043
201800044012,NonLethal,2018-05-26,01:00:00,NightNoStreetLight,770,337,No,Other,HeavyRain,Other,RN104,M,48.82696486338923,2.827317494026571
201800044013,NonLethal,2018-05-29,07:55:00,Daylight,770,372,No,NoIntersection,Normal,3+Vehicles-Chain,A104,M,48.876162597731486,2.8749948764842874
201800044014,NonLethal,2018-05-29,08:25:00,Daylight,770,121,No,NoIntersection,Normal,Other,A104,M,48.8341518058444,2.834977341758216
201800044015,NonLethal,2018-05-29,09:45:00,Daylight,940,17,No,NoIntersection,Normal,2Vehicles-Behind,A4,M,48.82762620823086,2.8281963437819857
201800044016,NonLethal,2018-05-29,15:30:00,Daylight,940,11,No,NoIntersection,Normal,NoCollision,RN406.W,M,48.75837722678941,2.759391368760894
201800044018,NonLethal,2018-05-29,23:55:00,NightNoStreetLight,770,372,No,NoIntersection,LightRain,NoCollision,A104,M,48.89003263692089,2.8911762967200336
201800044019,NonLethal,2018-05-31,10:42:00,Daylight,770,514,No,NoIntersection,Normal,3+Vehicles-Multiple,A104,M,48.932291368181886,2.932248123311369
201800044020,Lethal,2018-05-31,17:35:00,Daylight,770,363,No,NoIntersection,Normal,2Vehicles-Side,A104,M,48.92321919267424,2.9221940454759587
201800044021,NonLethal,2018-06-01,07:15:00,Daylight,940,18,No,NoIntersection,Normal,2Vehicles-Behind,A4,M,48.8198297324427,2.819965611977897
201800044022,NonLethal,2018-06-01,08:40:00,Daylight,770,438,No,NoIntersection,Normal,2Vehicles-Behind,A104,M,48.87337298494515,2.8762189862519087
201800044023,NonLethal,2018-01-06,18:20:00,Daylight,770,175,No,NoIntersection,Normal,2Vehicles-Behind,RN104,M,48.66508924459696,2.664186508907172
201800044024,NonLethal,2018-06-01,19:00:00,Daylight,940,22,No,Other,LightRain,3+Vehicles-Chain,A86 EXT,M,48.7730548760959,2.7743417687805025
201800044025,NonLethal,2018-06-02,14:30:00,Daylight,940,22,No,NoIntersection,Normal,2Vehicles-Behind,A86 INT,M,48.77601297810413,2.7760962264477502
201800044027,NonLethal,2018-04-06,09:15:00,Daylight,770,363,No,NoIntersection,Normal,3+Vehicles-Chain,A104,M,48.91542114811999,2.9137758418355757
201800044028,NonLethal,2018-06-04,15:40:00,Daylight,770,249,No,NoIntersection,Normal,NoCollision,RNl04,M,48.75433292077211,2.75372133089802
201800044029,NonLethal,2018-04-06,19:40:00,Daylight,940,18,No,NoIntersection,Normal,3+Vehicles-Chain,A4,M,48.82594918948254,2.824982284269202
201800044030,NonLethal,2018-04-06,22:38:00,NightNoStreetLight,940,73,No,NoIntersection,Normal,NoCollision,A86 INT,M,48.75455413365052,2.7519582677083734
201800044031,NonLethal,2018-05-06,15:30:00,Daylight,750,112,No,NoIntersection,Normal,Other,A4,M,48.82128485953368,2.823463402645171
201800044034,NonLethal,2018-06-06,06:50:00,TwilightOrDawn,770,438,No,NoIntersection,HeavyRain,Other,A104,M,48.85343128321532,2.8541856482004624
201800044035,NonLethal,2018-06-06,08:45:00,Daylight,770,122,No,NoIntersection,LightRain,Other,RN104,M,48.64887304689739,2.6499203210793376
201800044036,NonLethal,2018-06-07,07:00:00,Daylight,770,373,No,NoIntersection,Overcast,2Vehicles-Behind,RN104,M,48.77105457457094,2.769166674797307
201800044037,NonLethal,2018-06-07,19:20:00,NightStreelightsOn,940,58,No,NoIntersection,Normal,3+Vehicles-Multiple,A86.EXT,M,48.840103168632425,2.840611062992344
201800044038,NonLethal,2018-06-08,09:15:00,Daylight,940,46,No,Other,Normal,2Vehicles-Behind,A86 EXT,M,48.80767062538624,2.8074310281876693
201800044039,NonLethal,2018-06-08,10:15:00,Daylight,770,390,No,NoIntersection,Normal,3+Vehicles-Multiple,RN104,M,48.80288715907949,2.803752496514566
201800044040,NonLethal,2018-06-08,12:00:00,Daylight,940,28,No,NoIntersection,Normal,2Vehicles-Behind,A86 EXT,M,48.78340957949297,2.7827551251401608
201800044041,NonLethal,2018-06-08,16:30:00,Daylight,940,17,No,NoIntersection,Normal,3+Vehicles-Multiple,A4,M,48.831100905645926,2.8297738199734184
201800044042,NonLethal,2018-06-08,17:00:00,Daylight,940,11,No,NoIntersection,Normal,2Vehicles-Behind,RN406.Y,M,48.75925306616098,2.7601507315456644
201800044043,NonLethal,2018-06-08,18:30:00,Daylight,930,51,No,NoIntersection,Normal,2Vehicles-Behind,A4,M,48.83686349632746,2.8360132068426527
201800044044,NonLethal,2018-08-06,19:30:00,Daylight,770,294,No,NoIntersection,Normal,2Vehicles-Side,A104 - LA FRANCILIENNE,M,48.95957600652623,2.961608208699061
201800044046,NonLethal,2018-06-09,19:05:00,Daylight,940,17,No,NoIntersection,Normal,2Vehicles-Side,A4,M,48.83152347614232,2.83016718422101
201800044048,NonLethal,2018-11-06,01:55:00,NightNoStreetLight,770,121,No,Other,LightRain,Other,A104,M,48.83617956455902,2.835323707038591
201800044049,NonLethal,2018-12-06,05:30:00,NightNoStreetLight,770,146,No,NoIntersection,HeavyRain,Other,RN104.EXT,M,48.81298370987434,2.814099715491127
201800044050,NonLethal,2018-12-06,10:50:00,Daylight,770,258,No,NoIntersection,Normal,3+Vehicles-Chain,A4.Y,M,48.8302205946165,2.8287964222405844
201800044051,NonLethal,2018-12-06,13:50:00,Daylight,770,146,No,NoIntersection,Normal,3+Vehicles-Chain,A4.Y,M,48.83225739334363,2.833552427411881
201800044053,NonLethal,2018-06-12,21:10:00,Daylight,770,146,No,NoIntersection,Normal,3+Vehicles-Chain,A4.Y,M,48.831133387273816,2.831737436260036
201800044054,NonLethal,2018-06-13,00:20:00,NightStreelightsOn,750,112,No,NoIntersection,Normal,2Vehicles-Behind,A4,M,48.81760228487455,2.81824277362245
201800044055,NonLethal,2018-06-13,19:20:00,Daylight,940,52,No,NoIntersection,Normal,3+Vehicles-Chain,A86 INT,M,48.83920910890854,2.83930587860528
201800044056,NonLethal,2018-06-14,09:00:00,Daylight,940,42,No,NoIntersection,Normal,3+Vehicles-Chain,A4,M,48.82769141349521,2.8276889988340392
201800044058,NonLethal,2018-06-14,09:10:00,Daylight,770,249,No,NoIntersection,Normal,3+Vehicles-Multiple,RN104,M,48.7573930881024,2.756576717039398
201800044060,NonLethal,2018-06-14,18:15:00,Daylight,940,15,No,NoIntersection,Normal,3+Vehicles-Chain,A4,M,48.82956347186133,2.830003895364233
201800044061,NonLethal,2018-06-16,08:00:00,Daylight,770,175,No,NoIntersection,Normal,Other,RN104,M,48.66390395966225,2.662120802220521
201800044063,NonLethal,2018-06-19,08:10:00,Daylight,940,28,No,NoIntersection,Normal,2Vehicles-Behind,RN406.W,M,48.7835249698374,2.779906473799432
201800044064,NonLethal,2018-06-20,11:00:00,Daylight,770,438,No,NoIntersection,Normal,2Vehicles-Behind,A104,M,48.861671568814096,2.860179287079493
201800044065,NonLethal,2018-06-20,20:08:00,Daylight,770,18,No,NoIntersection,Normal,NoCollision,A4,M,48.83674375044394,2.837321489039032
201800044066,NonLethal,2018-06-21,18:30:00,Daylight,750,112,No,NoIntersection,Normal,2Vehicles-Behind,A4,M,,
201800044067,NonLethal,2018-06-22,08:00:00,Daylight,770,121,No,NoIntersection,Normal,2Vehicles-Behind,A4,M,48.832723275064005,2.830348758250779
201800044068,NonLethal,2018-06-22,09:15:00,Daylight,940,52,No,NoIntersection,Normal,2Vehicles-Behind,A86 INT,M,48.84615848156309,2.847714148420017
201800044069,NonLethal,2018-06-22,13:45:00,Daylight,770,258,No,Other,Normal,2Vehicles-Behind,A4.W,M,48.832272827944685,2.832313370854892
201800044070,NonLethal,2018-06-22,14:20:00,Daylight,770,146,No,Other,Normal,2Vehicles-Behind,A4.Y,M,48.83139077865527,2.8330069778571474
201800044074,NonLethal,2018-06-23,02:00:00,NightStreelightsOn,750,112,No,NoIntersection,Normal,Other,A4,M,48.82553299765991,2.824790163680819
201800044076,NonLethal,2018-06-24,05:35:00,TwilightOrDawn,930,51,No,NoIntersection,Normal,Other,A4,M,48.83593623053229,2.83534806523074
201800044077,NonLethal,2018-06-24,18:40:00,Daylight,770,121,No,Other,Normal,3+Vehicles-Chain,A4,M,48.832603345845925,2.8322075412394248
201800044078,NonLethal,2018-06-25,18:10:00,Daylight,940,69,No,NoIntersection,Normal,2Vehicles-Behind,A4,M,48.81669637975017,2.8160263346722183
201800044079,NonLethal,2018-06-27,13:00:00,Daylight,940,28,No,NoIntersection,Normal,2Vehicles-Side,A86 EXT,M,48.78916819922557,2.7907560021615025
201800044081,NonLethal,2018-06-27,20:10:00,Daylight,770,258,No,NoIntersection,Normal,3+Vehicles-Chain,A4.W,M,48.83153253939686,2.830751363886899
201800044082,NonLethal,2018-06-28,07:45:00,Daylight,940,69,No,NoIntersection,Normal,3+Vehicles-Chain,A86 EXT,M,48.808893259575946,2.809411146190995
201800044083,NonLethal,2018-06-28,12:22:00,Daylight,770,294,No,Other,Normal,2Vehicles-Behind,A104,M,48.97511824857848,2.973442811993953
201800044084,NonLethal,2018-06-28,23:00:00,NightNoStreetLight,770,169,No,Other,Normal,2Vehicles-Behind,A4.Y,M,48.83271082667108,2.8332095408252496
201800044085,NonLethal,2018-06-29,09:00:00,Daylight,940,33,No,NoIntersection,Normal,2Vehicles-Behind,A86.EXT,M,48.84488082418342,2.8451418012330336
201800044086,NonLethal,2018-06-29,11:15:00,Daylight,940,17,No,NoIntersection,Normal,3+Vehicles-Multiple,A4,M,48.827262973584055,2.827154185811753
201800044087,NonLethal,2018-06-30,02:40:00,NightNoStreetLight,770,294,No,NoIntersection,Normal,2Vehicles-Behind,A104,M,48.96171816099552,2.9641309821093524
201800044088,NonLethal,2018-06-30,10:10:00,Daylight,930,51,No,NoIntersection,Normal,2Vehicles-Behind,A4,M,48.835954544246135,2.835263554198115
201800044089,NonLethal,2018-06-30,15:15:00,Daylight,940,65,No,NoIntersection,Normal,Other,A86 EXT,M,48.75088111478624,2.751128081471097
201800044090,NonLethal,2018-06-30,02:15:00,NightStreelightsOff,770,58,No,NoIntersection,Normal,2Vehicles-Behind,A4,M,48.83119292227066,2.8287388200274304
201800044091,NonLethal,2018-07-02,22:50:00,NightNoStreetLight,940,46,No,NoIntersection,Normal,2Vehicles-Side,A86 EXT,M,48.83014493657544,2.8298715355389694
201800044093,NonLethal,2018-07-02,20:10:00,Daylight,940,18,No,NoIntersection,Normal,Other,A4,M,48.81727452775457,2.8155385464310707
201800044094,NonLethal,2018-07-03,12:50:00,Daylight,770,373,No,NoIntersection,Normal,3+Vehicles-Multiple,RN1O4,M,48.77504431904865,2.77480319692831
201800044095,NonLethal,2018-07-03,16:45:00,Daylight,770,249,No,NoIntersection,Normal,NoCollision,RN104,M,48.73246356190209,2.731759784494572