AccidentId,Gravity,Date,Hour,Light,Department,Commune,InAgglomeration,IntersectionType,Weather,CollisionType,PostalAddress,GPSCode,Latitude,Longitude
201800044096,Lethal,2018-07-04,00:58:00,NightNoStreetLight,770,438,No,NoIntersection,Normal,Other,A104,M,48.85860419782917,2.8572852259452564
201800044097,NonLethal,2018-07-04,09:30:00,Daylight,770,517,No,NoIntersection,Normal,3+Vehicles-Multiple,A104.EXT FRANCILIENNE,M,48.903613671289534,2.904466862077759
201800044098,NonLethal,2018-07-04,10:00:00,Daylight,940,15,No,NoIntersection,Normal,2Vehicles-Side,A4,M,48.82790822516365,2.8255768169436286
201800044099,NonLethal,2018-04-07,14:20:00,Daylight,770,122,No,NoIntersection,Normal,2Vehicles-Behind,RNl04,M,48.6605318621277,2.661057440137007
201800044100,NonLethal,2018-05-07,18:35:00,Daylight,770,450,No,NoIntersection,LightRain,2Vehicles-Behind,RN104,M,48.70967357616432,2.7101888082139958
201800044101,NonLethal,2018-06-07,20:15:00,Daylight,940,11,No,NoIntersection,Normal,3+Vehicles-Chain,RN406.Y,M,48.7591827392963,2.7605862436507502
201800044105,NonLethal,2018-08-07,01:30:00,NightStreelightsOff,770,258,No,NoIntersection,Normal,2Vehicles-Behind,A4.W,M,48.83136996401241,2.831060668689456
201800044106,NonLethal,2018-08-07,15:30:00,Daylight,770,294,No,NoIntersection,Normal,2Vehicles-Behind,A104 LA FRANCILIENNE,M,48.960229646297385,2.959453110987406
201800044108,NonLethal,2018-08-07,23:45:00,NightStreelightsOn,940,73,No,NoIntersection,Normal,NoCollision,A86 EXT,M,48.76119247749967,2.759838176575472
201800044109,NonLethal,2018-07-09,07:45:00,Daylight,770,495,No,NoIntersection,Normal,3+Vehicles-Chain,A105-A5b,M,48.58218692173949,2.5812993952068277
201800044110,NonLethal,2018-07-09,19:15:00,Daylight,940,46,No,NoIntersection,Normal,2Vehicles-Behind,A86 INT,M,48.8017765865681,2.799816255895872
201800044111,NonLethal,2018-07-10,01:55:00,NightNoStreetLight,930,51,No,NoIntersection,Normal,NoCollision,A4,M,48.83558210619477,2.838250403700894
201800044112,NonLethal,2018-10-07,08:34:00,Daylight,940,52,No,NoIntersection,Normal,2Vehicles-Side,A86 INT,M,48.846128762331176,2.845860570860702
201800044115,NonLethal,2018-10-07,14:45:00,Daylight,940,33,No,NoIntersection,Normal,2Vehicles-Behind,A86.EXT,M,48.85203467046309,2.8528903559844774
201800044116,NonLethal,2018-07-10,14:45:00,Daylight,770,517,No,NoIntersection,Normal,2Vehicles-Side,A104.EXT,M,48.905151204316944,2.9057041311959053
201800044117,NonLethal,2018-10-07,17:30:00,Daylight,940,46,No,NoIntersection,Normal,3+Vehicles-Multiple,A86 EXT,M,48.808713969129485,2.8082085627865934
201800044118,NonLethal,2018-10-07,19:38:00,Daylight,940,28,No,NoIntersection,Normal,Other,A86 EXT,M,48.781393279150016,2.783256398230733
201800044119,NonLethal,2018-07-11,01:13:00,NightStreelightsOn,940,42,No,NoIntersection,Normal,2Vehicles-Behind,A4,M,48.82829195181834,2.828126156682683
201800044120,NonLethal,2018-07-11,18:40:00,Daylight,770,175,No,NoIntersection,Normal,Other,RN104,M,48.66384482451747,2.662264349975745
201800044123,NonLethal,2018-12-07,20:00:00,Daylight,940,69,No,NoIntersection,Normal,3+Vehicles-Multiple,A4 EXT,M,48.80842109811517,2.810372278135143
201800044124,NonLethal,2018-07-13,09:30:00,Daylight,940,28,No,Other,Normal,2Vehicles-Behind,A86 EXT,M,48.79101212794917,2.7893438729783733
201800044125,NonLethal,2018-07-13,18:15:00,Daylight,770,450,No,NoIntersection,Normal,2Vehicles-Behind,RN104,M,48.71706909566692,2.717856186860595
201800044126,NonLethal,2018-07-14,07:15:00,Daylight,770,373,No,NoIntersection,Normal,Other,RN104,M,48.76704350827959,2.768385464969136
201800044127,NonLethal,2018-07-15,16:15:00,Daylight,940,22,No,NoIntersection,Normal,2Vehicles-Behind,A86 EXT,M,48.77115881820791,2.7711767543175614
201800044129,NonLethal,2018-07-16,08:35:00,Daylight,770,83,No,Other,Normal,2Vehicles-Side,A4 PARIS PROVINCE,M,48.8301736394955,2.830628351778584
201800044130,NonLethal,2018-07-16,16:20:00,Daylight,940,58,No,NoIntersection,Normal,2Vehicles-Behind,A86.EXT,M,48.83375850706002,2.834096138207861
201800044131,NonLethal,2018-07-16,20:00:00,Daylight,940,69,No,NoIntersection,Normal,3+Vehicles-Chain,A4,M,48.81679014273472,2.8177719758770685
201800044132,NonLethal,2018-07-17,13:25:00,Daylight,940,22,No,NoIntersection,Normal,3+Vehicles-Chain,A86 EXT,M,48.77645998091349,2.7770994498047594
201800044133,NonLethal,2018-07-17,14:05:00,Daylight,770,59,No,Other,Normal,2Vehicles-Behind,A104 - LA FRANCILIENNE,M,48.84307363356407,2.84246823081699
201800044134,NonLethal,2018-07-17,18:30:00,Daylight,770,373,No,NoIntersection,Normal,3+Vehicles-Multiple,RN104,M,48.799607412101786,2.800270347260477
201800044136,NonLethal,2018-07-18,10:38:00,Daylight,940,73,No,NoIntersection,Normal,2Vehicles-Side,A86 EXT,M,48.76067570447016,2.760921938212968
201800044137,NonLethal,2018-07-19,06:40:00,TwilightOrDawn,940,17,No,NoIntersection,Normal,2Vehicles-Side,A4,M,48.82781177590048,2.828076117071932
201800044138,NonLethal,2018-07-23,09:25:00,Daylight,770,146,No,Other,Normal,3+Vehicles-Multiple,A4 PARIS PROVINCE,M,48.83073669827308,2.831114055862039
201800044139,NonLethal,2018-07-23,14:45:00,Daylight,940,17,No,NoIntersection,Normal,3+Vehicles-Chain,A4,M,48.82833731935428,2.827119569721591
201800044140,NonLethal,2018-07-23,17:00:00,Daylight,770,169,No,NoIntersection,Normal,2Vehicles-Behind,RN104.INT,M,48.81051961352305,2.809016469607556
201800044141,NonLethal,2018-07-23,23:45:00,NightStreelightsOn,940,17,No,NoIntersection,Normal,2Vehicles-Behind,A4,M,48.82836143951624,2.8287925394157383
201800044142,NonLethal,2018-07-24,09:00:00,Daylight,940,65,No,NoIntersection,Normal,Other,A86 INT,M,48.75562246710757,2.7562301096307213
201800044143,NonLethal,2018-07-27,08:15:00,Daylight,940,17,No,NoIntersection,Normal,2Vehicles-Behind,A4,M,48.82630542655435,2.8266554277568177
201800044144,NonLethal,2018-07-27,16:00:00,Daylight,770,514,No,NoIntersection,Normal,Other,A104 - LA FRANCILIENNE,M,48.94654111704467,2.945939394065604
201800044148,NonLethal,2018-07-30,13:10:00,Daylight,750,112,No,NoIntersection,Normal,3+Vehicles-Multiple,A4,M,48.83906987045883,2.8386137857827296
201800044149,NonLethal,2018-07-30,20:50:00,TwilightOrDawn,940,52,No,NoIntersection,Normal,Other,A86 INT,M,48.83266978420448,2.8310751249213557
201800044152,NonLethal,2018-07-31,17:40:00,Daylight,940,69,No,NoIntersection,Normal,2Vehicles-Side,A4,M,48.28049218746533,2.2794075554190245
201800044153,NonLethal,2018-06-19,18:30:00,Daylight,770,373,No,NoIntersection,Normal,2Vehicles-Side,N104 - LA FRANCILIENNE,M,48.78373301494802,2.7839449017896807
201800044154,NonLethal,2018-08-01,09:00:00,Daylight,770,337,No,NoIntersection,Normal,2Vehicles-Behind,A4 - PROVINCE PARIS,M,48.830584971706514,2.829912735224021
201800044155,NonLethal,2018-08-02,12:20:00,Daylight,770,58,No,NoIntersection,Normal,3+Vehicles-Chain,A4 - PARIS PROVINCE,M,48.829361960758376,2.8276268288025053
201800044156,NonLethal,2018-02-08,17:00:00,Daylight,770,175,No,NoIntersection,Normal,2Vehicles-Side,Nl04 - LA FRANCILIENNE,M,48.66308225980909,2.662152109907641
201800044157,NonLethal,2018-08-02,18:10:00,Daylight,770,169,No,NoIntersection,Normal,Other,RN104.INT,M,48.804880972419525,2.8046095140174425
201800044158,NonLethal,2018-08-03,09:15:00,Daylight,770,363,No,NoIntersection,Normal,NoCollision,A104 - LA FRANCILIENNE,M,48.91910497089968,2.9207166975897185
201800044159,NonLethal,2018-03-08,10:50:00,Daylight,770,373,No,NoIntersection,Normal,2Vehicles-Side,RN104,M,48.76678062775082,2.764049316679456
201800044160,NonLethal,2018-08-03,21:00:00,Daylight,940,44,No,NoIntersection,Normal,NoCollision,RN406.W,M,48.75873885406264,2.7585261728837107
201800044161,NonLethal,2018-06-08,14:40:00,Daylight,940,33,No,NoIntersection,Normal,3+Vehicles-Chain,A86.INT,M,48.849785029135326,2.8501112749743376
201800044162,NonLethal,2018-08-06,18:30:00,Daylight,940,18,No,NoIntersection,Normal,3+Vehicles-Chain,A4,M,48.00201954386821,2.001786580729462
201800044163,NonLethal,2018-08-05,22:20:00,NightNoStreetLight,940,18,No,NoIntersection,Normal,2Vehicles-Behind,A4,M,48.81730239900612,2.8177258386042605
201800044164,NonLethal,2018-07-08,08:30:00,Daylight,770,294,No,NoIntersection,Normal,2Vehicles-Side,A104,M,48.96959069051862,2.969299847304739
201800044165,NonLethal,2018-08-07,11:45:00,Daylight,930,51,No,NoIntersection,Normal,2Vehicles-Behind,A4,M,48.83464882040089,2.834937508805332
201800044166,NonLethal,2018-08-08,06:05:00,TwilightOrDawn,940,52,No,NoIntersection,Normal,Other,A86.EXT,M,48.53750133878831,2.541097660016504
201800044167,NonLethal,2018-08-09,09:15:00,Daylight,770,258,No,NoIntersection,Normal,2Vehicles-Side,A4.Y,M,48.83193467978951,2.830141046873694
201800044168,NonLethal,2018-10-08,09:30:00,Daylight,770,294,No,NoIntersection,Normal,3+Vehicles-Chain,A104 - LA FRANCILIENNE,M,48.96581248546891,2.965166910166204
201800044169,NonLethal,2018-08-10,16:45:00,Daylight,940,69,No,NoIntersection,Normal,3+Vehicles-Chain,A4,M,48.81642027498765,2.817411570335942
201800044170,NonLethal,2018-08-12,13:15:00,Daylight,940,69,No,NoIntersection,Normal,Other,A86 EXT,M,48.82219262186934,2.8209939007938685
201800044171,NonLethal,2018-08-13,06:30:00,Daylight,940,15,No,NoIntersection,Normal,2Vehicles-Behind,A4,M,48.99758677023446,2.996939466721868
201800044172,NonLethal,2018-08-14,16:00:00,Daylight,770,514,No,NoIntersection,Normal,3+Vehicles-Chain,A104 - LA FRANCILIENNE,M,48.94348434544583,2.946105916329891
201800044173,NonLethal,2018-08-14,18:45:00,Daylight,750,112,No,NoIntersection,Normal,3+Vehicles-Chain,A4,M,48.82239848546432,2.820997995638713
201800044174,NonLethal,2018-08-16,05:15:00,NightStreelightsOn,940,73,No,NoIntersection,Normal,3+Vehicles-Chain,A86 EXT,M,48.76740104132089,2.768637845469698
201800044175,NonLethal,2018-08-16,18:30:00,Daylight,770,58,No,NoIntersection,Normal,3+Vehicles-Chain,A4 - PROVINCE PARIS,M,48.829874059682176,2.8288033205311724
201800044176,NonLethal,2018-08-17,11:20:00,Daylight,940,69,No,NoIntersection,Normal,2Vehicles-Behind,A4,M,48.81588339367186,2.81666612503873
201800044177,NonLethal,2018-08-18,14:45:00,Daylight,770,122,No,NoIntersection,Normal,Other,A5b,M,48.65517501009443,2.6534859600735228
201800044178,NonLethal,2018-08-19,16:00:00,Daylight,940,22,No,NoIntersection,Normal,NoCollision,A86 INT,M,48.77337993695928,2.7738801372926147
201800044179,NonLethal,2018-08-20,17:50:00,Daylight,940,69,No,NoIntersection,Normal,3+Vehicles-Chain,A4,M,48.81629342695736,2.818405274913607
201800044181,NonLethal,2018-08-21,09:15:00,Daylight,770,175,No,NoIntersection,Normal,2Vehicles-Side,N104 - LA FRANCILIENNE,M,48.668799592725016,2.669405347338792
201800044182,NonLethal,2018-08-23,17:30:00,Daylight,940,42,No,NoIntersection,Normal,2Vehicles-Behind,A4,M,48.82752211394819,2.828152438290316
201800044183,NonLethal,2018-08-24,19:30:00,Daylight,940,18,No,NoIntersection,Normal,2Vehicles-Behind,A4,M,48.81835768098731,2.817910922725792
201800044184,NonLethal,2018-08-25,18:10:00,Daylight,770,438,No,NoIntersection,Normal,Other,A104,M,48.86706909959381,2.8648975203883063
201800044185,NonLethal,2018-08-26,21:30:00,NightNoStreetLight,770,450,No,NoIntersection,Normal,2Vehicles-Behind,RN104,M,48.70541273159546,2.701484721325911
201800044186,NonLethal,2018-08-27,15:45:00,Daylight,940,18,No,NoIntersection,Normal,2Vehicles-Side,A4,M,48.826181877993385,2.826522411598899
201800044187,NonLethal,2018-08-27,23:13:00,NightStreelightsOn,750,112,No,NoIntersection,Normal,Other,A4,M,48.49095453246326,2.4913784508109167
201800044188,NonLethal,2018-08-28,12:50:00,Daylight,940,52,No,NoIntersection,Normal,2Vehicles-Behind,A86 INT,M,48.83957918238579,2.8390563593213827
201800044189,NonLethal,2018-08-28,16:00:00,Daylight,770,294,No,Other,Normal,3+Vehicles-Chain,A104 - LA FRANCILIENNE,M,48.96657305821489,2.966265279206312
201800044190,NonLethal,2018-08-29,04:29:00,NightStreelightsOn,940,65,No,NoIntersection,HeavyRain,2Vehicles-Behind,A86 INT,M,48.75341891163884,2.7536552604505995
201800044192,NonLethal,2018-08-30,10:20:00,Daylight,940,18,No,NoIntersection,Normal,2Vehicles-Behind,A4,M,48.8184814550439,2.816448018260327
201800044195,NonLethal,2018-09-01,05:00:00,NightNoStreetLight,770,181,No,NoIntersection,Normal,3+Vehicles-Multiple,A4,M,48.8298714105849,2.829885035610503
201800044196,NonLethal,2018-09-01,18:00:00,Daylight,940,73,No,NoIntersection,Normal,2Vehicles-Behind,A86 EXT,M,48.75188565840109,2.7543071020217376
201800044198,NonLethal,2018-02-09,04:10:00,NightStreelightsOn,940,52,No,NoIntersection,Normal,2Vehicles-Side,A86.EXT,M,48.49284254203912,2.4944210543413607
201800044199,NonLethal,2018-09-02,17:00:00,Daylight,770,450,No,NoIntersection,Normal,2Vehicles-Side,RN104,M,48.71802813831127,2.721411802192584
201800044202,NonLethal,2018-09-04,18:35:00,Daylight,940,18,No,NoIntersection,Normal,2Vehicles-Behind,A4,M,48.821006027083016,2.820069589488354
201800044203,NonLethal,2018-05-09,17:30:00,Daylight,940,17,No,NoIntersection,Normal,2Vehicles-Behind,A4,M,48.81405170763052,2.813309131177216
201800044204,NonLethal,2018-09-05,21:00:00,NightNoStreetLight,940,17,No,NoIntersection,Normal,3+Vehicles-Chain,A4,M,48.82730471378868,2.82918466799474
201800044205,NonLethal,2018-09-06,08:00:00,Daylight,770,294,No,NoIntersection,Normal,3+Vehicles-Multiple,A104,M,48.97006221294525,2.9691159753941725
201800044208,NonLethal,2018-09-07,16:50:00,Daylight,940,28,No,NoIntersection,Normal,3+Vehicles-Chain,A86 EXT,M,48.776842372324346,2.776948811508261
201800044209,NonLethal,2018-09-09,06:50:00,NightStreelightsOff,940,18,No,NoIntersection,Normal,2Vehicles-Behind,A4,M,48.81296827994814,2.812440572848367
201800044210,NonLethal,2018-09-09,12:00:00,Daylight,940,52,No,NoIntersection,Normal,3+Vehicles-Chain,A86 INT,M,48.8485633487956,2.846431590915331
201800044211,NonLethal,2018-09-09,21:00:00,NightNoStreetLight,940,46,No,NoIntersection,Normal,3+Vehicles-Chain,A86 EXT,M,48.81262472051606,2.8106631911870625
201800044213,NonLethal,2018-10-09,20:00:00,Daylight,940,17,No,NoIntersection,Normal,Other,A4,M,48.81580078684279,2.8121852661537816
201800044214,NonLethal,2018-09-11,06:00:00,NightNoStreetLight,940,28,No,NoIntersection,Normal,2Vehicles-Behind,A86 EXT,M,48.7923822660568,2.790888560552773
201800044215,NonLethal,2018-09-11,07:15:00,Daylight,770,175,No,NoIntersection,Normal,2Vehicles-Side,RN104,M,48.66308303347108,2.66437315263099
201800044216,NonLethal,2018-11-09,18:15:00,Daylight,940,52,No,NoIntersection,Normal,2Vehicles-Behind,A4,M,48.825336067873856,2.828164025668708
201800044218,NonLethal,2018-11-09,22:30:00,NightNoStreetLight,940,46,No,NoIntersection,Normal,Other,A86 INT,M,48.805974544968,2.804426909378847
201800044219,NonLethal,2018-12-09,08:45:00,Daylight,770,363,No,NoIntersection,Normal,2Vehicles-Side,A104,M,48.92599194551209,2.9275590492508208
201800044220,NonLethal,2018-12-09,16:10:00,Daylight,940,17,No,NoIntersection,Normal,2Vehicles-Behind,A4,M,48.82575764465914,2.825941547903624
201800044221,NonLethal,2018-09-13,06:45:00,Daylight,940,15,No,NoIntersection,Normal,2Vehicles-Behind,A4,M,48.83501073580274,2.8358020220976488
201800044223,NonLethal,2018-09-13,08:00:00,Daylight,770,258,No,NoIntersection,LightRain,Other,A4,M,48.83018503598403,2.830901080705928
201800044224,NonLethal,2018-09-13,10:00:00,Daylight,770,517,No,NoIntersection,LightRain,3+Vehicles-Chain,A104,M,48.89762455478658,2.897254669166729
201800044226,NonLethal,2018-09-13,15:00:00,Daylight,770,121,No,NoIntersection,Normal,3+Vehicles-Chain,A4,M,48.83350292048472,2.832620786807576
201800044227,NonLethal,2018-09-14,11:00:00,Daylight,940,17,No,NoIntersection,Normal,Other,A4,M,48.82695724508369,2.827087797514524
201800044228,NonLethal,2018-09-15,04:15:00,NightNoStreetLight,770,121,No,NoIntersection,Normal,2Vehicles-Behind,A4 - PARIS PROVINCE,M,48.8307568399852,2.831161814383074
201800044229,NonLethal,2018-09-15,07:45:00,Daylight,750,112,No,NoIntersection,Normal,2Vehicles-Behind,A4,M,,
201800044230,NonLethal,2018-09-15,07:20:00,TwilightOrDawn,770,294,No,NoIntersection,Normal,2Vehicles-Side,A104,M,48.97225913309242,2.9709527115565235
201800044231,NonLethal,2018-09-15,11:45:00,Daylight,940,52,No,NoIntersection,Normal,3+Vehicles-Chain,A86 INT,M,48.84605032243279,2.847232186734963
201800044232,NonLethal,2018-09-15,13:50:00,Daylight,770,294,No,NoIntersection,Normal,2Vehicles-Behind,A104,M,48.96957995967461,2.971197966539716
201800044233,NonLethal,2018-09-16,01:10:00,NightNoStreetLight,770,181,No,NoIntersection,Normal,3+Vehicles-Chain,A4 - PARIS PROVINCE,M,48.829047396967184,2.828361848421161
201800044235,NonLethal,2018-09-16,10:35:00,Daylight,940,28,No,NoIntersection,Normal,NoCollision,A86 EXT,M,48.78179621592878,2.7805234807483448
201800044237,NonLethal,2018-09-16,17:15:00,Daylight,940,17,No,NoIntersection,Normal,Other,A4,M,48.81256456509463,2.813291276191068
201800044238,NonLethal,2018-09-17,12:15:00,Daylight,770,146,No,NoIntersection,Normal,2Vehicles-Behind,A4.Y,M,48.83165415417352,2.83108808460023
201800044239,NonLethal,2018-09-17,21:57:00,NightNoStreetLight,940,52,No,NoIntersection,Normal,3+Vehicles-Chain,A4,M,48.815722916685885,2.817956527225142
201800044240,NonLethal,2018-09-18,17:00:00,Daylight,770,373,No,NoIntersection,LightRain,NoCollision,RN104,M,48.77217755160377,2.7714831176341503
201800044241,NonLethal,2018-09-18,17:15:00,Daylight,940,46,No,NoIntersection,Normal,2Vehicles-Side,A86 EXT,M,48.80742483183732,2.807899846002428
201800044242,Lethal,2018-09-19,03:10:00,NightNoStreetLight,940,15,No,NoIntersection,Normal,Other,A4,M,48.83197041711276,2.834500774500581
201800044243,NonLethal,2018-09-19,13:45:00,Daylight,940,17,No,NoIntersection,Normal,Other,A4,M,48.82694988986333,2.82694987687094
201800044244,NonLethal,2018-09-20,07:45:00,Daylight,770,146,No,NoIntersection,Normal,2Vehicles-Behind,A4,M,48.83229174172443,2.8326386042212284
201800044245,NonLethal,2018-09-20,08:45:00,Daylight,770,58,No,NoIntersection,Normal,3+Vehicles-Multiple,A4 - PROVINCE PARIS,M,48.83194954417573,2.8291320928546138
201800044246,NonLethal,2018-09-20,10:15:00,Daylight,940,79,No,NoIntersection,Normal,2Vehicles-Behind,A4,M,48.83617255690061,2.836755621579896
201800044248,NonLethal,2018-09-20,17:10:00,Daylight,770,121,No,NoIntersection,Normal,3+Vehicles-Chain,A104 - LA FRANCILIENNE,M,48.83610969020096,2.839272783502565
201800044249,NonLethal,2018-09-20,18:30:00,Daylight,930,51,No,NoIntersection,Normal,2Vehicles-Side,A4,M,48.84488121493378,2.846790012297967
201800044250,NonLethal,2018-09-21,18:50:00,Daylight,940,73,No,NoIntersection,Normal,2Vehicles-Side,A86 EXT,M,48.772254196864864,2.7712740712555566
201800044251,NonLethal,2018-09-21,20:45:00,NightNoStreetLight,770,294,No,NoIntersection,Normal,Other,A104,M,48.96211940019543,2.9597111441369024
201800044252,NonLethal,2018-09-21,21:45:00,NightNoStreetLight,750,112,No,NoIntersection,Normal,2Vehicles-Side,A4,M,48.82247492381331,2.8215976058546377
201800044253,Lethal,2018-09-23,02:15:00,NightStreelightsOn,940,46,No,NoIntersection,Normal,Other,A86 EXT,M,48.81283060815193,2.812922343841684
201800044254,NonLethal,2018-09-23,17:00:00,Daylight,770,169,No,NoIntersection,Normal,Other,BRET. A4 PARIS N104 SUD,M,48.82324333193591,2.823923269912044
201800044255,NonLethal,2018-09-23,20:45:00,NightNoStreetLight,940,17,No,NoIntersection,Normal,3+Vehicles-Multiple,A4,M,42.82781591458792,2.826388389629849
201800044257,NonLethal,2018-09-24,08:05:00,Daylight,940,46,No,NoIntersection,Normal,2Vehicles-Side,A86 EXT,M,48.80275601404695,2.801422633341189
201800044260,NonLethal,2018-09-25,16:45:00,Daylight,940,11,No,NoIntersection,Normal,2Vehicles-Behind,RN406.Y,M,48.759141030547134,2.758264202433503
201800044262,NonLethal,2018-09-26,08:30:00,Daylight,770,258,No,NoIntersection,Normal,3+Vehicles-Chain,A4 PROVINCE PARIS,M,48.830133505630016,2.830314491321232
201800044263,NonLethal,2018-09-26,17:10:00,Daylight,770,249,No,NoIntersection,Normal,Other,RN104,M,48.75889994315323,2.7605388447864185
201800044264,NonLethal,2018-09-27,11:00:00,Daylight,940,42,No,NoIntersection,Normal,2Vehicles-Behind,A4,M,48.82866444003525,2.8284196293380908
201800044265,NonLethal,2018-09-27,17:25:00,Daylight,940,52,No,NoIntersection,Normal,Other,A86 INT,M,48.85426650307944,2.856815086818061
201800044267,NonLethal,2018-09-27,21:10:00,NightNoStreetLight,770,517,No,NoIntersection,Normal,2Vehicles-Side,A104 - LA FRANCILIENNE,M,48.89971049954897,2.900063400812487
201800044268,NonLethal,2018-09-30,01:50:00,NightNoStreetLight,770,169,No,NoIntersection,Normal,3+Vehicles-Chain,N104 - LA FRANCILIENNE,M,48.81602307662014,2.8175746647269078
201800044269,NonLethal,2018-09-30,13:00:00,Daylight,770,59,No,NoIntersection,Normal,2Vehicles-Behind,A104,M,48.84354677207363,2.842112392637671
201800044270,NonLethal,2018-09-30,21:55:00,NightStreelightsOn,940,52,No,NoIntersection,Normal,NoCollision,A86 INT,M,48.84606436016073,2.8466536863666443
201800044272,NonLethal,2018-01-10,07:50:00,Daylight,770,517,No,Other,Normal,2Vehicles-Behind,A104.EXT. LA FRACILIENNE,M,48.905314411641214,2.907197696325565
201800044273,NonLethal,2018-10-01,17:00:00,Daylight,770,53,No,NoIntersection,Normal,NoCollision,N104 - LA FRANCILIENNE,M,48.68736761912346,2.6893014348828523
201800044274,NonLethal,2018-02-10,06:40:00,NightStreelightsOn,930,51,No,NoIntersection,Normal,3+Vehicles-Chain,A4,M,48.83769239433365,2.836884993989409
201800044275,NonLethal,2018-02-10,07:25:00,TwilightOrDawn,940,22,No,NoIntersection,Normal,2Vehicles-Side,A86 INT,M,48.77418421745459,2.777775137857735
201800044276,NonLethal,2018-10-02,10:30:00,Daylight,940,73,No,NoIntersection,Normal,Other,A86 EXT,M,48.75947561201322,2.7604530919734405
201800044279,NonLethal,2018-03-10,17:55:00,Daylight,770,258,No,Other,Normal,Other,A4 PROVINCE PARIS,M,48.83311251789449,2.831206646312955
201800044280,NonLethal,2018-10-04,09:00:00,Daylight,770,337,No,Other,Normal,3+Vehicles-Chain,A4 PARIS PROVINCE,M,48.83077700560041,2.8303003723754645
201800044281,NonLethal,2018-10-04,13:30:00,Daylight,770,249,No,Other,Normal,Other,N104 - LA FRANCILIENNE,M,48.75505144328044,2.7529322958235767
201800044282,NonLethal,2018-10-05,09:00:00,Daylight,940,17,No,NoIntersection,Normal,2Vehicles-Behind,A4,M,48.8291686103261,2.828380275852278
201800044283,NonLethal,2018-05-10,10:00:00,Daylight,770,237,No,Other,Normal,2Vehicles-Behind,A4.W - PROVINCE PARIS,M,48.83125539329239,2.8299921528501
201800044284,NonLethal,2018-05-10,17:40:00,Daylight,770,372,No,NoIntersection,Normal,2Vehicles-Side,A104 - LA FRANCILIENNE,M,48.88267809866989,2.879813792028501
201800044285,NonLethal,2018-10-06,14:45:00,Daylight,940,22,No,NoIntersection,Normal,3+Vehicles-Chain,A86 INT,M,48.77731447893449,2.77670284205509
201800044286,NonLethal,2018-10-07,20:10:00,NightNoStreetLight,770,146,No,Other,Overcast,2Vehicles-Behind,A4 PARIS PROVINCE,M,48.83180778775535,2.832871334833814
201800044288,NonLethal,2018-08-10,19:25:00,NightStreelightsOn,930,51,No,NoIntersection,Normal,Other,A4,M,48.83647687418352,2.8380505353425702
201800044289,NonLethal,2018-10-09,08:35:00,Daylight,750,112,No,NoIntersection,Normal,2Vehicles-Behind,A86 EXT,M,48.4914047529094,2.491447898661818
201800044290,NonLethal,2018-10-10,15:00:00,Daylight,770,514,No,Other,Normal,2Vehicles-Side,A104 - LA FRANCILIENNE,M,48.93628948261626,2.9335810943218443
201800044292,NonLethal,2018-11-10,06:30:00,NightNoStreetLight,770,83,No,Other,LightRain,2Vehicles-Behind,A4 PARIS PROVINCE,M,48.82837494885703,2.83083554534421
201800044293,NonLethal,2018-11-10,10:00:00,Daylight,940,18,No,NoIntersection,Normal,2Vehicles-Side,A4,M,,
201800044294,Lethal,2018-11-10,11:10:00,Daylight,770,363,No,NoIntersection,Normal,3+Vehicles-Chain,A104,M,48.91821928179135,2.9182504560689257
201800044295,NonLethal,2018-11-10,13:45:00,Daylight,940,17,No,NoIntersection,Normal,2Vehicles-Side,A4,M,48.82669955018369,2.8266118339058672
201800044296,NonLethal,2018-11-10,20:40:00,NightNoStreetLight,770,294,No,Other,LightRain,2Vehicles-Side,A104 - LA FRANCILIENNE,M,48.9737922302588,2.9721096277128347
201800044297,NonLethal,2018-12-10,00:05:00,NightNoStreetLight,770,121,No,Other,LightRain,3+Vehicles-Multiple,A4.Y - PARIS PROVINCE,M,48.832002759606304,2.831536624165176
201800044298,NonLethal,2018-10-12,08:40:00,Daylight,770,249,No,Other,Normal,2Vehicles-Side,N104 - LA FRANCILIENNE,M,48.74255604260859,2.743213908856706
201800044299,NonLethal,2018-10-12,20:00:00,NightNoStreetLight,770,249,No,NoIntersection,Normal,2Vehicles-Side,N104 - LA FRANCILIENNE,M,48.73371070971287,2.73437526232575
201800044300,NonLethal,2018-10-12,20:30:00,NightNoStreetLight,770,53,No,NoIntersection,Normal,Other,N104 - LA FRANCILIENNE,M,48.70331708021982,2.7037412620114813
201800044302,NonLethal,2018-10-13,01:30:00,NightStreelightsOn,940,52,No,NoIntersection,Normal,Other,A86 INT,M,48.507388506589336,2.50608641645448
201800044303,NonLethal,2018-10-13,04:14:00,NightNoStreetLight,770,337,No,Other,Normal,Other,N104 - LA FRANCILIENNE,M,48.83006384820068,2.829707962195046