AccidentId,Gravity,Date,Hour,Light,Department,Commune,InAgglomeration,IntersectionType,Weather,CollisionType,PostalAddress,GPSCode,Latitude,Longitude
201800044304,NonLethal,2018-10-13,15:30:00,Daylight,770,146,No,Other,Normal,2Vehicles-Behind,A4 PARIS PROVINCE,M,48.83233645930521,2.8303150795039147
201800044305,NonLethal,2018-10-13,16:50:00,Daylight,770,121,No,Other,Normal,2Vehicles-Behind,A104 - LA FRANCILIENNE,M,48.83169338820392,2.830649098571857
201800044306,NonLethal,2018-10-13,17:50:00,Daylight,940,17,No,NoIntersection,Normal,2Vehicles-Side,A4,M,48.82783422158438,2.829234349439313
201800044307,NonLethal,2018-10-13,20:30:00,NightStreelightsOn,940,18,No,NoIntersection,Normal,3+Vehicles-Chain,A4,M,48.82437216506897,2.8260051632363727
201800044308,NonLethal,2018-10-14,17:55:00,TwilightOrDawn,940,42,No,NoIntersection,Normal,3+Vehicles-Chain,A4,M,48.82826150945809,2.8273264985568747
201800044309,NonLethal,2018-10-14,20:09:00,TwilightOrDawn,940,52,No,NoIntersection,Normal,2Vehicles-Behind,A86 INT,M,48.845438843001936,2.8444342218431435
201800044310,NonLethal,2018-10-15,05:50:00,NightNoStreetLight,940,42,No,NoIntersection,Normal,3+Vehicles-Chain,A4,M,48.82827248148723,2.8278498229859625
201800044312,NonLethal,2018-10-16,08:00:00,TwilightOrDawn,940,17,No,NoIntersection,Normal,3+Vehicles-Multiple,A86.EXT,M,48.82940782723285,2.827855399708233
201800044313,NonLethal,2018-10-16,17:30:00,Daylight,940,58,No,NoIntersection,Normal,3+Vehicles-Chain,A86.EXT,M,48.839927968753386,2.838953779811199
201800044314,NonLethal,2018-10-17,09:30:00,Daylight,940,28,No,NoIntersection,Normal,2Vehicles-Behind,A86 EXT,M,48.7933255000535,2.7932799028745325
201800044315,NonLethal,2018-10-17,12:00:00,Daylight,940,46,No,NoIntersection,Normal,2Vehicles-Behind,A86 EXT,M,48.81078524443443,2.8109648128122204
201800044316,NonLethal,2018-10-17,17:40:00,Daylight,940,73,No,NoIntersection,Normal,2Vehicles-Behind,A86 INT,M,48.76106412373191,2.7605902345540896
201800044318,NonLethal,2018-10-18,17:30:00,Daylight,770,169,No,NoIntersection,Normal,NoCollision,RN104.INT,M,48.81241592208309,2.810814738546501
201800044319,NonLethal,2018-10-18,17:45:00,Daylight,770,373,No,NoIntersection,Normal,NoCollision,N104 - LA FRANCILIENNE,M,48.7872566503763,2.7883709000711296
201800044320,NonLethal,2018-10-19,15:45:00,Daylight,770,373,No,NoIntersection,Normal,2Vehicles-Behind,RN104,M,48.78586252966437,2.7853738412657503
201800044321,NonLethal,2018-10-19,19:30:00,TwilightOrDawn,940,28,No,NoIntersection,Normal,2Vehicles-Side,A86 EXT,M,48.79737193237188,2.79902866443757
201800044325,NonLethal,2018-10-21,02:00:00,NightNoStreetLight,770,294,No,Other,Normal,Other,A104 - BRET. VERS D84,M,48.96602893721451,2.968195544121764
201800044326,NonLethal,2018-10-21,07:00:00,NightNoStreetLight,940,28,No,NoIntersection,Normal,Other,A86 INT,M,48.77642688611272,2.7774220356544164
201800044328,NonLethal,2018-10-23,12:30:00,Daylight,770,373,No,NoIntersection,Normal,2Vehicles-Behind,N104 - LA FRANCILIENNE,M,48.78315320375278,2.785207085997764
201800044330,NonLethal,2018-10-23,18:15:00,TwilightOrDawn,770,450,No,NoIntersection,Normal,2Vehicles-Side,N104 - LA FRANCILIENNE,M,48.70829327345356,2.707792770622488
201800044331,NonLethal,2018-10-23,19:30:00,NightNoStreetLight,940,28,No,NoIntersection,Normal,2Vehicles-Behind,A86 INT,M,48.78141430044055,2.783100637017199
201800044332,NonLethal,2018-10-24,07:50:00,TwilightOrDawn,940,69,No,NoIntersection,Normal,2Vehicles-Behind,A4,M,48.81940591347463,2.818164798297226
201800044333,NonLethal,2018-10-24,14:10:00,Daylight,940,28,No,NoIntersection,Normal,2Vehicles-Behind,A86 EXT,M,48.80276361191884,2.8034964096619066
201800044334,NonLethal,2018-10-24,19:50:00,Daylight,770,169,No,Other,Normal,2Vehicles-Behind,A4 PARIS PROVINCE,M,48.83212515268693,2.831521525317238
201800044335,NonLethal,2018-10-24,20:00:00,TwilightOrDawn,940,73,No,NoIntersection,Normal,2Vehicles-Behind,A86 INT,M,48.76205722141007,2.761223211357192
201800044337,NonLethal,2018-10-28,17:55:00,NightNoStreetLight,770,373,No,NoIntersection,Normal,3+Vehicles-Chain,N104 - LA FRANCILIENNE,M,48.79610019198667,2.7958344271003304
201800044338,NonLethal,2018-10-29,17:25:00,TwilightOrDawn,940,69,No,NoIntersection,Normal,2Vehicles-Behind,A4,M,48.811074880217376,2.8112058357452154
201800044341,NonLethal,2018-10-31,14:30:00,Daylight,770,258,No,NoIntersection,LightRain,Other,A4  BRET VERS N104 D499,M,48.828476683041806,2.8314961959585934
201800044342,NonLethal,2018-10-31,19:30:00,NightNoStreetLight,930,51,No,NoIntersection,LightRain,3+Vehicles-Chain,A4,M,48.83820731381238,2.836027572005372
201800044343,NonLethal,2018-01-11,00:01:00,NightNoStreetLight,770,58,No,NoIntersection,Normal,Other,A4,M,48.82880019672554,2.82755604632477
201800044344,NonLethal,2018-01-11,11:20:00,Daylight,770,438,No,Other,Normal,3+Vehicles-Chain,A104 - LA FRANCILIENNE,M,48.86108532081098,2.86058277350807
201800044345,NonLethal,2018-01-11,21:15:00,NightStreelightsOff,940,73,No,NoIntersection,LightRain,Other,A86 INT,M,48.76944311927518,2.769421096671792
201800044346,NonLethal,2018-11-02,06:30:00,NightNoStreetLight,750,112,No,NoIntersection,FogOrSmoke,3+Vehicles-Chain,A4,M,48.8207148027329,2.820056240036949
201800044347,NonLethal,2018-11-02,07:00:00,TwilightOrDawn,770,169,No,Other,FogOrSmoke,Other,N1O4 - LA FRANCILIENNE,M,48.81952363943328,2.819815875961797
201800044348,NonLethal,2018-11-02,12:15:00,Daylight,940,17,No,NoIntersection,Normal,3+Vehicles-Chain,A4,M,48.830454918821744,2.8319328195990003
201800044349,NonLethal,2018-02-11,17:30:00,TwilightOrDawn,770,294,No,NoIntersection,Normal,2Vehicles-Behind,A104 - LA FRANCILIENNE,M,48.96146428456096,2.9604318625629067
201800044350,NonLethal,2018-11-02,17:30:00,TwilightOrDawn,940,44,No,NoIntersection,Normal,NoCollision,RN406.W,M,48.75850409573592,2.756999812985677
201800044351,NonLethal,2018-11-04,12:30:00,Daylight,770,384,No,NoIntersection,Normal,NoCollision,A5b,M,48.62050630793802,2.6187138288477976
201800044353,NonLethal,2018-05-11,20:20:00,NightStreelightsOn,750,112,No,NoIntersection,Normal,2Vehicles-Behind,A4,M,48.8179543358793,2.818711551835778
201800044354,NonLethal,2018-06-11,00:57:00,NightNoStreetLight,770,237,No,NoIntersection,Normal,Other,A4 - PARIS PROVINCE,M,48.831251046473504,2.8296618224900687
201800044356,NonLethal,2018-11-06,08:50:00,Daylight,770,122,No,NoIntersection,Normal,2Vehicles-Side,N104 - LA FRANCILIENNE,M,48.64720934163412,2.6470069194231907
201800044358,NonLethal,2018-11-06,09:00:00,Daylight,940,69,No,NoIntersection,Normal,2Vehicles-Behind,A4,M,48.81724567211268,2.8171017287632405
201800044359,NonLethal,2018-11-06,12:00:00,Daylight,940,17,No,NoIntersection,Normal,2Vehicles-Behind,A4,M,48.83165997110553,2.8285886727434604
201800044360,NonLethal,2018-11-06,17:00:00,NightNoStreetLight,770,514,No,NoIntersection,Normal,NoCollision,A104 - LA FRANCILIENNE,M,48.94656460225085,2.945976620202309
201800044362,NonLethal,2018-07-11,00:10:00,NightNoStreetLight,940,42,No,NoIntersection,Normal,Other,A4,M,48.82522481517822,2.8261716255382927
201800044363,NonLethal,2018-11-08,09:00:00,Daylight,750,112,No,NoIntersection,Normal,NoCollision,A86 EXT,M,48.81416745217162,2.814488396076702
201800044364,NonLethal,2018-08-11,23:00:00,NightNoStreetLight,770,438,No,Other,Normal,2Vehicles-Behind,A104 - LA FRANCILIENNE,M,48.85984790557728,2.862640111443626
201800044367,NonLethal,2018-11-11,07:50:00,TwilightOrDawn,770,337,No,NoIntersection,LightRain,Other,BRET. A4 VERS N104 MELUN,M,48.82766402825716,2.8287465483573766
201800044368,NonLethal,2018-11-11,13:45:00,Daylight,770,58,No,Other,LightRain,Other,A4 - PROVINCE PARIS,M,48.83048977970733,2.8299672992183225
201800044370,NonLethal,2018-12-11,03:15:00,NightNoStreetLight,940,73,No,NoIntersection,LightRain,Other,A86 INT,M,48.46046090319831,2.460093413914856
201800044371,NonLethal,2018-12-11,05:30:00,Daylight,940,52,No,NoIntersection,HeavyRain,Other,A86 INT,M,48.83498804081027,2.834351943636972
201800044372,NonLethal,2018-12-11,06:40:00,NightNoStreetLight,940,73,No,NoIntersection,LightRain,2Vehicles-BehindVehicles-Frontal,A86 INT,M,48.77101115434942,2.771857925212902
201800044373,NonLethal,2018-12-11,08:00:00,NightStreelightsOn,940,52,No,NoIntersection,LightRain,2Vehicles-Behind,A86.EXT,M,48.83574204546875,2.8340842450580155
201800044374,NonLethal,2018-12-11,09:45:00,Daylight,750,112,No,NoIntersection,LightRain,3+Vehicles-Chain,A4,M,48.82349704975121,2.820580642420139
201800044375,NonLethal,2018-11-12,15:20:00,Daylight,770,337,No,NoIntersection,Normal,Other,BRET.Nl04 MELUN-A4 PARIS,M,48.83186806013156,2.8286576743558385
201800044376,NonLethal,2018-12-11,16:35:00,Daylight,770,438,No,NoIntersection,Normal,3+Vehicles-Multiple,A104 - LA FRANCILIENNE,M,48.853832394291565,2.85460419064232
201800044377,NonLethal,2018-11-13,06:00:00,NightStreelightsOn,940,17,No,NoIntersection,Normal,2Vehicles-Behind,A4,M,48.82529512054916,2.8294012227705565
201800044378,NonLethal,2018-11-13,09:15:00,Daylight,940,52,No,NoIntersection,Normal,2Vehicles-Behind,A86 INT,M,48.846164863937865,2.84497669902158
201800044379,NonLethal,2018-11-13,11:30:00,Daylight,770,372,No,NoIntersection,Normal,2Vehicles-Behind,A104 - LA FRANCILIENNE,M,48.88378140247771,2.885925202302773
201800044380,NonLethal,2018-11-13,17:00:00,Daylight,940,81,No,NoIntersection,Normal,2Vehicles-Behind,A86 EXT,M,48.77330947185702,2.7743535209454904
201800044381,NonLethal,2018-11-13,19:10:00,NightNoStreetLight,940,73,No,NoIntersection,Normal,2Vehicles-Behind,A86 EXT,M,48.75566450134317,2.756891418290198
201800044382,NonLethal,2018-11-14,05:00:00,NightStreelightsOn,940,17,No,NoIntersection,Normal,3+Vehicles-Multiple,A4,M,48.82689627121314,2.8262281719281503
201800044383,NonLethal,2018-11-14,11:45:00,Daylight,770,372,No,NoIntersection,Normal,Other,A104 - LA FRANCILIENNE,M,48.877761432389065,2.8774733549161717
201800044384,NonLethal,2018-11-14,15:00:00,Daylight,770,517,No,NoIntersection,Normal,3+Vehicles-Chain,A104.EXT,M,48.90813552205668,2.909686983722686
201800044385,NonLethal,2018-11-15,19:30:00,NightNoStreetLight,940,69,No,NoIntersection,Normal,3+Vehicles-Multiple,A4,M,48.81707582662917,2.8175087555570464
201800044386,NonLethal,2018-11-16,08:10:00,TwilightOrDawn,940,17,No,NoIntersection,Normal,2Vehicles-Side,A4,M,48.82833341970067,2.8285519634049776
201800044387,NonLethal,2018-11-16,09:00:00,Daylight,940,17,No,NoIntersection,Normal,2Vehicles-Side,A4,M,48.83154330569866,2.829294187403128
201800044388,NonLethal,2018-11-17,22:20:00,NightNoStreetLight,940,44,No,NoIntersection,Normal,Other,RN406.W,M,48.44414470156685,2.4447334859357195
201800044389,NonLethal,2018-11-19,10:15:00,Daylight,940,22,No,NoIntersection,Normal,2Vehicles-Side,A86 EXT,M,48.77504515307974,2.7755577503188373
201800044390,NonLethal,2018-11-20,00:40:00,NightStreelightsOff,940,17,No,NoIntersection,LightRain,Other,A4,M,48.82905736623884,2.8285147528933314
201800044391,NonLethal,2018-11-20,11:15:00,Daylight,770,58,No,NoIntersection,HeavyRain,Other,A4 - PARIS PROVINCE,M,48.82872948917652,2.829068529901662
201800044392,NonLethal,2018-11-21,09:00:00,Daylight,770,450,No,NoIntersection,Overcast,2Vehicles-Behind,N104 - LA FRANCILIENNE,M,48.70878460578027,2.710614021021007
201800044393,NonLethal,2018-11-21,13:45:00,Daylight,940,28,No,NoIntersection,Normal,3+Vehicles-Chain,A86 EXT,M,48.78417917975983,2.785805415934264
201800044394,NonLethal,2018-11-22,14:40:00,Daylight,940,44,No,NoIntersection,LightRain,Other,RN406.W,M,48.75059006939968,2.7494948146156384
201800044395,NonLethal,2018-11-22,18:15:00,NightStreelightsOn,940,58,No,NoIntersection,LightRain,2Vehicles-Side,A86.EXT,M,48.835486440835865,2.8374206654104386
201800044396,NonLethal,2018-11-23,10:20:00,Daylight,770,363,No,NoIntersection,FogOrSmoke,3+Vehicles-Chain,A104 - LA FRANCILIENNE,M,48.92428190937417,2.9214913728575382
201800044397,NonLethal,2018-11-23,11:40:00,Daylight,770,121,No,Other,LightRain,Other,A4 - PROVINCE PARIS,M,48.83084505625468,2.832759460244384
201800044398,NonLethal,2018-11-23,18:10:00,NightStreelightsOn,940,52,No,NoIntersection,Normal,2Vehicles-Behind,A86 INT,M,48.83907161487535,2.83887269468718
201800044399,NonLethal,2018-11-23,18:00:00,NightNoStreetLight,770,258,No,NoIntersection,Normal,2Vehicles-Behind,A4,M,48.831789492401285,2.829907434958895
201800044400,NonLethal,2018-11-24,17:50:00,NightNoStreetLight,770,372,No,NoIntersection,Normal,3+Vehicles-Chain,A104 - LA FRANCILIENNE,M,48.888167017974204,2.888033402834449
201800044401,NonLethal,2018-11-25,01:00:00,NightNoStreetLight,770,517,No,NoIntersection,LightRain,Other,A104.INT,M,48.90800818606629,2.906477225669667
201800044404,NonLethal,2018-11-25,16:00:00,Daylight,940,73,No,NoIntersection,LightRain,Other,A86 INT,M,48.76877862030693,2.7705067764532
201800044405,NonLethal,2018-11-26,09:15:00,Daylight,940,73,No,NoIntersection,LightRain,2Vehicles-Side,A86 EXT,M,48.77169340939873,2.769613155999713
201800044406,NonLethal,2018-11-27,14:00:00,Daylight,940,17,No,NoIntersection,Normal,Other,A4,M,48.82056384859634,2.820312069819906
201800044407,NonLethal,2018-11-27,17:35:00,NightStreelightsOn,940,18,No,NoIntersection,LightRain,2Vehicles-Behind,A4,M,48.80942566158217,2.808079242070987
201800044408,NonLethal,2018-11-28,13:15:00,Daylight,770,237,No,NoIntersection,Normal,2Vehicles-Side,A4 - PARIS PROVINCE,M,48.8335419863397,2.829988609129109
201800044411,NonLethal,2018-11-29,09:45:00,Daylight,770,294,No,NoIntersection,Normal,3+Vehicles-Chain,Al04 - LA FRANCILIENNE,M,48.9589408799066,2.958550057361634
201800044412,NonLethal,2018-11-29,19:00:00,NightStreelightsOn,940,18,No,NoIntersection,Normal,3+Vehicles-Chain,A4,M,48.8195985492563,2.81886985336856
201800044414,NonLethal,2018-11-30,15:25:00,Daylight,770,373,No,Other,Normal,2Vehicles-Behind,N104 - LA FRANCILIENNE,M,48.776278689132496,2.7792672903178524
201800044415,NonLethal,2018-11-30,15:35:00,Daylight,940,73,No,NoIntersection,Normal,2Vehicles-Side,A86 INT,M,48.760712801240665,2.760628337075734
201800044416,NonLethal,2018-11-30,22:40:00,NightNoStreetLight,770,83,No,Other,Normal,Other,A4,M,48.83545381493216,2.8340727949069504
201800044417,NonLethal,2018-12-01,11:30:00,Daylight,770,122,No,NoIntersection,HeavyRain,Other,N104 - LA FRANCILIENNE,M,48.64732768006839,2.645857850181306
201800044418,NonLethal,2018-01-12,16:40:00,TwilightOrDawn,940,28,No,NoIntersection,LightRain,Other,A86 EXT,M,48.77038971828095,2.770268274222729
201800044420,NonLethal,2018-01-12,19:05:00,NightNoStreetLight,940,28,No,NoIntersection,LightRain,3+Vehicles-Chain,A86 EXT,M,48.77503621876291,2.777066010063508
201800044421,NonLethal,2018-12-01,21:15:00,NightNoStreetLight,770,372,No,NoIntersection,HeavyRain,NoCollision,A104 - LA FRANCILIENNE,M,48.88958444380168,2.8875704694230184
201800044424,NonLethal,2018-02-12,12:15:00,Daylight,940,28,No,NoIntersection,Normal,NoCollision,A86 EXT,M,48.790448582885375,2.788123119358545
201800044426,NonLethal,2018-12-02,23:00:00,NightStreelightsOn,940,28,No,Other,LightRain,Other,RN406.W,M,48.26460901758762,2.264463637258171
201800044427,NonLethal,2018-12-03,08:30:00,Daylight,770,294,No,NoIntersection,Overcast,3+Vehicles-Chain,A104 - LA FRANCILIENNE,M,48.972068657261005,2.972600100086584
201800044428,NonLethal,2018-12-03,09:10:00,Daylight,940,44,No,NoIntersection,LightRain,Other,RN406.Y,M,48.75643975409247,2.7562707321500524
201800044429,NonLethal,2018-03-12,09:20:00,Daylight,940,28,No,NoIntersection,Normal,Other,RN4O6.W,M,48.77327272003343,2.773284759052833
201800044430,NonLethal,2018-12-04,07:55:00,NightNoStreetLight,940,28,No,NoIntersection,LightRain,2Vehicles-Behind,A86 INT,M,48.78087645950868,2.777859429936946
201800044433,NonLethal,2018-12-06,04:15:00,NightStreelightsOn,940,46,No,NoIntersection,LightRain,Other,A86 INT,M,48.806341661956026,2.8067809473621304
201800044434,NonLethal,2018-06-12,08:30:00,Daylight,750,112,No,NoIntersection,Normal,2Vehicles-Behind,A4,M,48.83078625552919,2.830202364590895
201800044435,NonLethal,2018-12-06,08:45:00,Daylight,770,438,No,NoIntersection,LightRain,2Vehicles-Behind,A104 - LA FRANCILIENNE,M,48.87480195976128,2.875211807746398
201800044436,NonLethal,2018-06-12,11:00:00,Daylight,770,517,No,NoIntersection,Normal,3+Vehicles-Chain,A104.EXT. LA FRACILIENNE,M,48.90449521666972,2.90417442010939
201800044437,NonLethal,2018-07-12,02:15:00,NightNoStreetLight,770,258,No,Other,Normal,2Vehicles-Behind,A4 PROVINCE PARIS,M,48.83126765877777,2.8322034069591044
201800044438,NonLethal,2018-12-07,15:37:00,Daylight,940,52,No,NoIntersection,Normal,3+Vehicles-Multiple,A86.EXT,M,48.836950178160336,2.83589998859943
201800044439,NonLethal,2018-12-07,16:05:00,Daylight,940,17,No,NoIntersection,LightRain,3+Vehicles-Chain,A4,M,48.82636769761604,2.82630428052679
201800044440,NonLethal,2018-12-09,16:30:00,Daylight,940,17,No,NoIntersection,LightRain,2Vehicles-Behind,A4,M,48.82877204701763,2.829344260054494
201800044441,NonLethal,2018-12-09,18:30:00,NightStreelightsOn,940,18,No,Other,LightRain,Other,A4,M,48.81764435798634,2.8175922410488394
201800044442,NonLethal,2018-09-12,19:30:00,NightStreelightsOn,940,69,No,NoIntersection,Normal,2Vehicles-Behind,A4,M,48.8164560237778,2.8174230293549214
201800044443,NonLethal,2018-10-12,01:45:00,NightNoStreetLight,770,373,No,Other,LightRain,Other,RN104,M,48.77385678323973,2.773544427877831
201800044444,NonLethal,2018-10-12,05:40:00,NightNoStreetLight,770,337,No,Other,LightRain,3+Vehicles-Chain,RN104,M,48.83096759249632,2.8292615387566578
201800044445,NonLethal,2018-10-12,09:45:00,Daylight,770,337,No,Other,HeavyRain,2Vehicles-Side,N104 X BRET. ACCES D1406,M,48.82625173817157,2.825116706894087
201800044446,NonLethal,2018-11-12,07:30:00,TwilightOrDawn,940,73,No,NoIntersection,Normal,2Vehicles-Behind,A86 INT,M,48.75404295403997,2.7526852509810587
201800044447,NonLethal,2018-12-11,18:30:00,NightNoStreetLight,930,51,No,NoIntersection,Normal,2Vehicles-Side,A4,M,48.83284473457183,2.832559406566408
201800044448,NonLethal,2018-12-12,05:00:00,NightStreelightsOff,770,169,No,NoIntersection,Normal,NoCollision,RN1O4,M,48.82220136504412,2.823397459409977
201800044449,NonLethal,2018-12-12,06:50:00,NightStreelightsOn,940,28,No,NoIntersection,Normal,2Vehicles-Behind,A86 EXT,M,48.77581996552,2.776931756677952
201800044450,NonLethal,2018-12-12,14:05:00,Daylight,940,46,No,NoIntersection,Normal,3+Vehicles-Chain,A86 EXT,M,48.47467726788192,2.473355397671924
201800044451,NonLethal,2018-12-12,18:45:00,NightNoStreetLight,770,337,No,NoIntersection,Normal,Other,A4 - PARIS PROVINCE,M,48.83224896927613,2.828429457743902
201800044452,NonLethal,2018-12-13,13:40:00,Daylight,770,237,No,Other,Normal,2Vehicles-Behind,A4 - PARIS PROVINCE,M,48.83036010916872,2.8304875566131646
201800044453,NonLethal,2018-12-13,14:10:00,Daylight,940,73,No,NoIntersection,Normal,Other,A86 EXT,M,48.76714467701745,2.7671318800360205
201800044454,NonLethal,2018-12-14,17:14:00,NightStreelightsOn,940,28,No,NoIntersection,Normal,2Vehicles-Side,A86 EXT,M,48.78868681334054,2.7879707091456907
201800044458,Lethal,2018-12-16,11:00:00,Daylight,770,373,No,Other,Normal,Other,N104 X BRET. ACCES N4,M,48.7739077113627,2.772558150301262
201800044459,NonLethal,2018-12-17,14:00:00,Daylight,770,83,No,Other,Normal,3+Vehicles-Chain,A4  PARIS PROVINCE,M,48.835227718882585,2.833859276411021
201800044461,NonLethal,2018-12-18,07:30:00,Daylight,770,175,No,NoIntersection,Normal,2Vehicles-Behind,N104 - LA FRANCILIENNE,M,48.66817921527901,2.6662721231794824
201800044464,NonLethal,2018-12-19,11:00:00,Daylight,940,17,No,NoIntersection,Overcast,Other,A4,M,48.82625051608106,2.8254270539702016
201800044465,NonLethal,2018-12-19,15:30:00,Daylight,940,52,No,NoIntersection,Normal,3+Vehicles-Chain,A86 INT,M,48.832695390622185,2.8336081621254854
201800044466,NonLethal,2018-12-19,17:20:00,NightNoStreetLight,940,18,No,NoIntersection,Normal,2Vehicles-Behind,A4,M,48.82422024994326,2.823765461360631
201800044467,NonLethal,2018-12-20,06:45:00,NightNoStreetLight,770,146,No,NoIntersection,Normal,Other,Nl04 - LA FRANCILIENNE,M,48.81375039564006,2.813751983860101
201800044469,NonLethal,2018-12-20,18:30:00,NightStreelightsOff,940,46,No,NoIntersection,Normal,2Vehicles-Behind,A86 EXT,M,48.79031764834888,2.791602668493944
201800044470,NonLethal,2018-12-22,11:50:00,Daylight,940,28,No,NoIntersection,Normal,2Vehicles-Side,A86 INT,M,48.794813817250855,2.7931079807117536
201800044471,NonLethal,2018-12-22,18:00:00,NightNoStreetLight,770,181,No,NoIntersection,Normal,NoCollision,A4.Y - PARIS PROVINCE,M,48.83233551310884,2.8322670984243423
201800044472,NonLethal,2018-12-23,01:50:00,NightNoStreetLight,770,373,No,Other,Normal,Other,N104 - LA FRANCILIENNE,M,48.7764342891885,2.7751380643616788
201800044473,NonLethal,2018-12-23,14:00:00,Daylight,940,73,No,NoIntersection,LightRain,Other,A86 EXT,M,48.75546848739572,2.7552441993683074
201800044474,NonLethal,2018-12-23,15:45:00,Daylight,770,258,No,NoIntersection,LightRain,Other,N104 - LA FRANCILIENNE,M,48.82362384541575,2.823508743859807
201800044476,NonLethal,2018-12-24,03:50:00,NightStreelightsOn,940,73,No,NoIntersection,LightRain,Other,A86 EXT,M,48.7585718309411,2.759460146748135
201800044477,NonLethal,2018-12-24,08:20:00,NightNoStreetLight,770,337,No,Other,LightRain,2Vehicles-Side,BRET.N104 MELUN-A4 PARIS,M,48.83178437315299,2.8299865429035083
201800044478,NonLethal,2018-12-24,15:00:00,Daylight,770,121,No,NoIntersection,Normal,NoCollision,BRET. A104 VERS A4 PARIS,M,48.83419505574847,2.8327456101602424
201800044479,NonLethal,2018-12-24,18:15:00,NightNoStreetLight,770,169,No,NoIntersection,Normal,3+Vehicles-Chain,N104 - LA FRANCILIENNE,M,48.81574321866102,2.815443953440288
201800044480,NonLethal,2018-12-25,02:30:00,NightNoStreetLight,940,15,No,NoIntersection,Normal,2Vehicles-Behind,A4,M,48.83124702905195,2.831330787566175
201800044481,NonLethal,2018-12-26,05:00:00,NightNoStreetLight,770,169,No,NoIntersection,Normal,Other,N104 - LA FRANCILIENNE,M,48.82359475680251,2.821468257491971
201800044482,NonLethal,2018-12-28,14:00:00,Daylight,770,258,No,NoIntersection,Normal,Other,N104 - LA FRANCILIENNE,M,48.8258657323275,2.826599644358209
201800044483,NonLethal,2018-12-29,19:15:00,NightNoStreetLight,770,373,No,Other,Normal,3+Vehicles-Chain,N104 - LA FRANCILIENNE,M,48.77024845880912,2.7712638676899672
201800044484,NonLethal,2018-12-29,19:45:00,Daylight,940,74,No,NoIntersection,Normal,Other,RN4O6.Y,M,48.766048529555135,2.7668518797218105
201800044485,NonLethal,2018-12-30,03:15:00,NightStreelightsOn,940,28,No,NoIntersection,Normal,3+Vehicles-Chain,A86 INT,M,48.77890427491132,2.777344413496132
201800044486,NonLethal,2018-12-31,08:00:00,NightNoStreetLight,940,79,No,NoIntersection,Normal,Other,A4,M,48.83622839153837,2.83591032483908
201800044487,NonLethal,2018-12-31,20:30:00,NightNoStreetLight,940,28,No,NoIntersection,Overcast,2Vehicles-Behind,A86 INT,M,48.78536180423593,2.7839797415847207
201800044488,Lethal,2018-01-01,05:30:00,NightNoStreetLight,600,505,No,NoIntersection,Normal,Other,AUTOROUTE A1,M,49.173932684457775,2.1726167380760457
201800044489,NonLethal,2018-01-01,05:40:00,NightNoStreetLight,930,7,No,NoIntersection,Normal,2Vehicles-Behind,AUTOROUTE A 1,M,48.951035506658,2.9502968741518663
201800044490,NonLethal,2018-01-01,11:10:00,Daylight,930,5,No,NoIntersection,HeavyRain,Other,AUTOROUTE A 104,M,48.97424134057387,2.972353137399582
201800044491,NonLethal,2018-01-01,15:15:00,Daylight,950,277,No,NoIntersection,LightRain,Other,AUTOROUTE A104,M,48.976805013269946,2.9760334182028574
201800044492,NonLethal,2018-01-03,00:05:00,NightStreelightsOff,930,78,No,NoIntersection,LightRain,2Vehicles-Side,AUTOROUTE A 1O4,M,48.97410745307658,2.9727923329980066
201800044493,NonLethal,2018-01-02,17:45:00,NightStreelightsOff,930,63,No,NoIntersection,LightRain,3+Vehicles-Chain,AUTOROUTE A 3,M,48.87962229490352,2.8768201807981293
201800044494,NonLethal,2018-01-01,17:40:00,NightNoStreetLight,930,27,No,NoIntersection,LightRain,2Vehicles-Side,AUTOROUTE A 86,M,48.9261405225465,2.9271001764515105
201800044495,NonLethal,2018-03-01,14:30:00,Daylight,930,78,No,NoIntersection,StrongWindOrStorm,2Vehicles-Side,AUTOROUTE A104,M,48.96546355732552,2.9643217834398503
201800044496,NonLethal,2018-01-03,11:40:00,Daylight,930,64,No,NoIntersection,Normal,2Vehicles-Behind,AUTOROUTE A 86,M,48.87696744345271,2.8763170773688023
201800044498,NonLethal,2018-04-01,13:05:00,Daylight,930,27,No,NoIntersection,LightRain,Other,AUTOROUTE A86,M,48.92606335358214,2.9252887443402638
201800044499,NonLethal,2018-12-29,03:25:00,NightNoStreetLight,930,7,No,NoIntersection,Normal,2Vehicles-Side,AUTOROUTE A3,M,48.93493403273383,2.93397385088698
201800044500,NonLethal,2018-04-01,14:30:00,Daylight,920,36,No,NoIntersection,LightRain,NoCollision,AUTOROUTE A15,M,48.937807670652695,2.937967837452903
201800044501,NonLethal,2018-04-01,17:40:00,NightNoStreetLight,930,27,No,NoIntersection,LightRain,Other,AUTOROUTE A86,M,48.92859134655184,2.928358125443442
201800044502,NonLethal,2018-05-01,08:50:00,TwilightOrDawn,930,5,No,NoIntersection,Overcast,3+Vehicles-Chain,AUTOROUTE A3,M,48.9538400626284,2.953370031774688