AccidentId,Gravity,Date,Hour,Light,Department,Commune,InAgglomeration,IntersectionType,Weather,CollisionType,PostalAddress,GPSCode,Latitude,Longitude
201800044503,NonLethal,2018-01-05,23:15:00,NightNoStreetLight,930,53,No,NoIntersection,Normal,Other,AUTOROUTE A103,M,48.88544715901595,2.8857310106217726
201800044504,NonLethal,2018-06-01,05:00:00,NightNoStreetLight,930,64,No,NoIntersection,Normal,2Vehicles-Behind,AUTOROUTE A86,M,48.86491631747648,2.8637091982218545
201800044505,NonLethal,2018-01-05,18:55:00,NightNoStreetLight,930,10,No,NoIntersection,Normal,2Vehicles-Behind,AUTOROUTE A86,M,48.893834937569125,2.892374950927963
201800044506,NonLethal,2018-06-01,18:30:00,NightNoStreetLight,920,78,No,NoIntersection,Normal,3+Vehicles-Chain,AUTOROUTE A86,M,48.93241940679646,2.9334625594568275
201800044507,NonLethal,2018-01-06,21:30:00,NightNoStreetLight,930,5,No,NoIntersection,Normal,3+Vehicles-Chain,AUTOROUTE A1,M,48.96328349185215,2.9626513659714133
201800044508,NonLethal,2018-07-01,00:20:00,NightNoStreetLight,950,277,No,NoIntersection,LightRain,Other,A104,M,48.97325357275391,2.9741618796167466
201800044509,NonLethal,2018-01-07,10:45:00,Daylight,950,277,No,NoIntersection,Normal,2Vehicles-Side,RD 170 B6,M,48.97381365512906,2.974797310207241
201800044510,NonLethal,2018-01-07,12:30:00,Daylight,950,582,No,NoIntersection,Normal,Other,AUTOROUTE A115,M,48.975864523661,2.975929512662758
201800044511,NonLethal,2018-01-07,12:55:00,Daylight,950,277,No,NoIntersection,Normal,Other,RD 170 B6,M,48.97274303285349,2.973125848484119
201800044512,NonLethal,2018-08-01,08:00:00,NightStreelightsOff,930,66,No,NoIntersection,Normal,2Vehicles-Side,AUTOROUTE A86,M,48.92303508868197,2.923797939092383
201800044514,NonLethal,2018-09-01,08:15:00,NightNoStreetLight,930,10,No,NoIntersection,Normal,2Vehicles-Side,AUTOROUTE A3,M,48.9051957394916,2.904078236225448
201800044515,NonLethal,2018-09-01,22:30:00,NightNoStreetLight,950,582,No,NoIntersection,Normal,3+Vehicles-Chain,AUTOROUTE A115,M,48.97597818544634,2.971014830653528
201800044518,NonLethal,2018-01-11,08:00:00,TwilightOrDawn,950,18,No,NoIntersection,Normal,2Vehicles-Side,AUTOROUTE A15,M,48.9597967585361,2.9593631606170088
201800044519,NonLethal,2018-11-01,09:50:00,Daylight,950,582,No,NoIntersection,Normal,2Vehicles-Behind,RD 170,M,48.96391872750913,2.9655957114814795
201800044520,NonLethal,2018-12-01,03:00:00,NightNoStreetLight,950,582,No,NoIntersection,Normal,2Vehicles-Behind,AUTOROUTE A15,M,48.971847345328,2.97638790041282
201800044521,NonLethal,2018-01-12,17:15:00,TwilightOrDawn,950,572,No,NoIntersection,Normal,2Vehicles-Behind,AUTOROUTE A15,M,49.03514588136071,2.0355343128939447
201800044522,NonLethal,2018-12-01,17:30:00,NightNoStreetLight,950,582,No,NoIntersection,Normal,3+Vehicles-Chain,AUTOROUTE A15,M,48.97074615433751,2.970533841771504
201800044523,NonLethal,2018-12-01,17:00:00,TwilightOrDawn,930,66,No,NoIntersection,Normal,2Vehicles-Behind,AUTOROUTE A1,M,48.90994296036226,2.910822247624525
201800044524,NonLethal,2018-01-14,07:30:00,NightNoStreetLight,930,7,No,NoIntersection,Normal,2Vehicles-Behind,AUTOROUTE A1,M,48.94365380607758,2.9441585063177462
201800044525,NonLethal,2018-01-14,12:10:00,Daylight,950,527,No,NoIntersection,Normal,2Vehicles-Side,AUTOROUTE A1,M,48.99488450966472,2.995021653812827
201800044526,NonLethal,2018-01-13,18:15:00,NightNoStreetLight,930,6,No,NoIntersection,Normal,3+Vehicles-Chain,AUTOROUTE A3,M,48.86691552523386,2.866299415519457
201800044527,NonLethal,2018-01-13,20:20:00,NightNoStreetLight,950,365,No,NoIntersection,Normal,2Vehicles-Behind,RN 104,M,49.06225626622819,2.0644957717512424
201800044528,NonLethal,2018-01-13,17:45:00,NightNoStreetLight,930,48,No,NoIntersection,Normal,2Vehicles-Side,AUTOROUTE A3,M,48.87236002082918,2.871055704013552
201800044529,NonLethal,2018-01-15,08:00:00,TwilightOrDawn,930,7,No,NoIntersection,Normal,3+Vehicles-Multiple,AUTOROUTE A3,M,48.9287381934014,2.926907685395572
201800044531,NonLethal,2018-01-15,06:42:00,NightNoStreetLight,930,78,No,NoIntersection,Normal,2Vehicles-Behind,AUTOROUTE A104,M,48.97060165349816,2.971677603060864
201800044533,NonLethal,2018-01-15,18:00:00,NightNoStreetLight,930,63,No,NoIntersection,LightRain,2Vehicles-Side,AUTOROUTE A3,M,48.87539834530772,2.873440148126128
201800044534,NonLethal,2018-01-15,18:00:00,TwilightOrDawn,930,7,No,NoIntersection,LightRain,3+Vehicles-Chain,AUTOROUTE A3,M,48.93009627647443,2.9326360672660003
201800044535,NonLethal,2018-01-15,18:15:00,NightNoStreetLight,920,78,No,NoIntersection,Overcast,3+Vehicles-Multiple,AUTOROUTE A86,M,48.93049152929545,2.9316875839773733
201800044536,NonLethal,2018-01-15,19:07:00,NightNoStreetLight,930,10,No,NoIntersection,LightRain,2Vehicles-Side,AUTOROUTE A3,M,48.90345590573487,2.903529041670361
201800044537,NonLethal,2018-01-16,06:20:00,NightNoStreetLight,920,36,No,NoIntersection,LightRain,2Vehicles-Behind,AUTOROUTE A15,M,48.943335162809,2.942906420226159
201800044538,NonLethal,2018-01-16,22:25:00,NightNoStreetLight,930,10,No,Other,LightRain,Other,AUTOROUTE A3,M,48.91602359896565,2.9159710895711277
201800044539,NonLethal,2018-01-17,15:50:00,Daylight,930,78,No,NoIntersection,Normal,2Vehicles-Behind,AUTOROUTE A104,M,48.57430262349218,2.572345254501579
201800044540,NonLethal,2018-01-18,10:15:00,Daylight,930,5,No,NoIntersection,LightRain,NoCollision,AUTOROUTE A3,M,48.96072922668659,2.9619230309084963
201800044541,NonLethal,2018-01-18,18:20:00,NightNoStreetLight,950,572,No,NoIntersection,Normal,2Vehicles-Behind,RN 184,M,49.05282573283621,2.049915969001772
201800044543,NonLethal,2018-01-19,06:10:00,NightNoStreetLight,950,527,No,NoIntersection,Overcast,2Vehicles-Behind,AUTOROUTE A3,M,48.98179717082593,2.9818862014707856
201800044545,NonLethal,2018-01-19,12:15:00,Daylight,950,277,No,NoIntersection,LightRain,2Vehicles-Behind,AUTOROUTE A3,M,48.97375827809731,2.974991942322233
201800044547,NonLethal,2018-01-19,18:47:00,NightNoStreetLight,930,66,No,NoIntersection,Normal,3+Vehicles-Multiple,AUTOROUTE A86,M,48.921603828736814,2.923382420449925
201800044548,NonLethal,2018-01-19,14:40:00,Daylight,950,582,No,NoIntersection,Normal,3+Vehicles-Chain,RD 170,M,48.9615102411257,2.9627474701708687
201800044549,NonLethal,2018-01-19,22:10:00,NightNoStreetLight,950,277,No,NoIntersection,Normal,3+Vehicles-Chain,AUTOROUTE A3,M,48.96738155243987,2.970753965067193
201800044550,NonLethal,2018-01-20,14:00:00,Daylight,930,78,No,NoIntersection,LightRain,NoCollision,AUTOROUTE A104,M,48.96672726121994,2.9670548432484227
201800044552,NonLethal,2018-01-19,17:30:00,Daylight,930,63,No,NoIntersection,LightRain,NoCollision,AUTOROUTE A3,M,48.87757105846758,2.87866308829148
201800044553,NonLethal,2018-01-19,18:00:00,NightNoStreetLight,930,8,No,NoIntersection,LightRain,2Vehicles-Behind,AUTOROUTE A86,M,48.90465635494652,2.906382090682527
201800044554,NonLethal,2018-01-21,00:15:00,NightStreelightsOff,930,27,No,NoIntersection,LightRain,2Vehicles-Side,AUTOROUTE A86,M,48.929438234360425,2.9288244265552565
201800044557,NonLethal,2018-01-21,19:40:00,NightStreelightsOff,930,63,No,NoIntersection,LightRain,2Vehicles-Behind,AUTOROUTE A3,M,48.87671177079187,2.8770598724364
201800044558,NonLethal,2018-01-22,06:50:00,NightNoStreetLight,930,48,No,NoIntersection,HeavyRain,3+Vehicles-Multiple,AUTOROUTE A3,M,48.8729735758532,2.872474165226309
201800044559,NonLethal,2018-01-22,07:00:00,NightNoStreetLight,930,27,No,NoIntersection,HeavyRain,3+Vehicles-Chain,AUTOROUTE A1,M,48.93743743294311,2.937628108580761
201800044560,NonLethal,2018-01-22,08:15:00,Daylight,600,612,No,NoIntersection,LightRain,3+Vehicles-Chain,AUTOROUTE Al,M,49.2062445483012,2.206601902795729
201800044561,NonLethal,2018-01-22,13:20:00,Daylight,930,27,No,NoIntersection,LightRain,Other,AUTOROUTE A86,M,48.92848506239218,2.925870171045583
201800044562,NonLethal,2018-01-22,18:00:00,TwilightOrDawn,950,212,No,NoIntersection,Normal,3+Vehicles-Chain,AUTOROUTE A1,M,49.027510963145616,2.028263349818302
201800044563,NonLethal,2018-01-22,18:20:00,NightNoStreetLight,930,1,No,NoIntersection,Normal,2Vehicles-Behind,AUTOROUTE A86,M,48.92056872132305,2.92264783539234
201800044564,NonLethal,2018-01-23,04:55:00,NightNoStreetLight,930,27,No,NoIntersection,Normal,2Vehicles-Behind,AUTOROUTE A86,M,48.92631083860071,2.925124426921137
201800044565,NonLethal,2018-01-23,15:50:00,Daylight,930,78,No,NoIntersection,Normal,2Vehicles-Side,AUTOROUTE A104,M,48.95970159470402,2.9589447925305574
201800044566,NonLethal,2018-01-24,11:40:00,Daylight,930,53,No,NoIntersection,Normal,2Vehicles-Side,AUTOROUTE A3,M,48.89322187891728,2.894405875727057
201800044568,NonLethal,2018-01-25,19:15:00,NightNoStreetLight,930,5,No,NoIntersection,Normal,NoCollision,AUTOROUTE A104,M,48.97257374573472,2.973917891594466
201800044569,NonLethal,2018-01-25,17:30:00,Daylight,930,5,No,NoIntersection,LightRain,2Vehicles-Side,AUTOROUTE A3,M,48.96115305140125,2.960238470696412
201800044570,NonLethal,2018-01-27,06:55:00,TwilightOrDawn,930,66,No,NoIntersection,FogOrSmoke,2Vehicles-Side,AUTOROUTE A1,M,48.92953474984308,2.9298557418073137
201800044571,NonLethal,2018-01-28,09:35:00,Daylight,920,36,No,NoIntersection,Normal,Other,AUTOROUTE Al5,M,,
201800044572,NonLethal,2018-01-28,11:15:00,Daylight,930,5,No,NoIntersection,Normal,Other,AUTOROUTE A104,M,48.97438982635081,2.974405439788365
201800044573,NonLethal,2018-01-28,11:45:00,Daylight,930,5,No,NoIntersection,LightRain,Other,AUTOROUTE Al04,M,48.972938145030966,2.9736952004368336
201800044574,NonLethal,2018-01-28,12:50:00,Daylight,950,582,No,NoIntersection,Normal,Other,RD l70,M,48.962862858144646,2.95967526620818
201800044575,NonLethal,2018-01-28,17:45:00,NightStreelightsOff,950,555,No,NoIntersection,LightRain,NoCollision,RD 170,M,48.9676923883309,2.969074307598592
201800044576,NonLethal,2018-01-29,01:10:00,NightNoStreetLight,950,678,No,NoIntersection,Normal,Other,RN 104,M,49.07349402266966,2.072973535198231
201800044577,NonLethal,2018-01-28,17:16:00,NightNoStreetLight,920,36,No,NoIntersection,Normal,2Vehicles-Behind,AUTOROUTE A86,M,48.93833539081353,2.937506645969896
201800044578,NonLethal,2018-01-29,08:00:00,TwilightOrDawn,930,29,No,NoIntersection,LightRain,2Vehicles-Behind,AUTOROUTE A86,M,48.92179596692309,2.9232944617617798
201800044579,NonLethal,2018-01-29,09:00:00,Daylight,930,64,No,NoIntersection,Normal,2Vehicles-Behind,AUTOROUTE A86,M,48.88151607443178,2.883123797897836
201800044580,NonLethal,2018-01-29,13:30:00,Daylight,920,78,No,NoIntersection,Normal,3+Vehicles-Chain,AUTOROUTE A86,M,48.92767520137101,2.9289407377178662
201800044581,NonLethal,2018-01-30,09:45:00,Daylight,930,64,No,NoIntersection,Normal,3+Vehicles-Multiple,AUTOROUTE A3,M,48.88349525133854,2.883882774810916
201800044583,NonLethal,2018-01-31,11:20:00,Daylight,930,66,No,NoIntersection,LightRain,2Vehicles-Behind,AUTOROUTE A1,M,48.91859542966064,2.9196825397031487
201800044584,NonLethal,2018-01-02,09:50:00,Daylight,950,18,No,NoIntersection,HeavyRain,3+Vehicles-Multiple,AUTOROUTE A15,M,48.95896212672467,2.958555902334969
201800044585,NonLethal,2018-01-02,12:50:00,Daylight,930,64,No,NoIntersection,Normal,3+Vehicles-Multiple,AUTOROUTE A86,M,48.8802674500802,2.8782236963113315
201800044586,NonLethal,2018-02-01,22:20:00,NightStreelightsOff,930,66,No,NoIntersection,Normal,Other,AUTOROUTE A1,M,48.93321379152305,2.934428636063957
201800044590,NonLethal,2018-03-02,01:00:00,NightNoStreetLight,930,6,No,NoIntersection,Normal,2Vehicles-Behind,AUTOROUTE A3,M,48.867254080467006,2.8663109890730283
201800044591,NonLethal,2018-03-02,12:00:00,Daylight,930,66,No,NoIntersection,LightRain,2Vehicles-Behind,AUTOROUTE A1,M,48.91663599886658,2.920584840153548
201800044592,NonLethal,2018-02-03,15:45:00,Daylight,950,277,No,NoIntersection,LightRain,2Vehicles-Side,AUTOROUTE A104,M,48.97272443699134,2.973921056118337
201800044593,NonLethal,2018-03-02,19:10:00,NightNoStreetLight,950,582,No,NoIntersection,LightRain,3+Vehicles-Chain,AUTOROUTE A15,M,48.97659043543242,2.975868067612239
201800044594,NonLethal,2018-02-03,19:40:00,NightNoStreetLight,950,424,No,NoIntersection,LightRain,3+Vehicles-Chain,AUTOROUTE Al5,M,48.98968167270069,2.991217435279183
201800044595,NonLethal,2018-04-02,03:50:00,NightNoStreetLight,920,36,No,NoIntersection,LightRain,Other,AUTOROUTE A86,M,48.93946445876468,2.9375780492584496
201800044596,NonLethal,2018-02-04,06:10:00,NightNoStreetLight,920,36,No,Other,LightRain,Other,AUTOROUTE A86,M,48.94139989286572,2.93913190093439
201800044597,NonLethal,2018-02-04,09:00:00,Daylight,930,64,No,NoIntersection,LightRain,Other,AUTOROUTE A86,M,48.8709290399313,2.870221146369759
201800044598,NonLethal,2018-04-02,11:15:00,Daylight,950,252,No,NoIntersection,Normal,Other,AUTOROUTE A15,M,48.9861389028001,2.986904682369794
201800044600,NonLethal,2018-04-02,20:40:00,NightStreelightsOn,930,27,No,NoIntersection,Normal,2Vehicles-Behind,AUTOROUTE A86,M,48.920981624262,2.9223365041453158
201800044601,NonLethal,2018-05-02,17:00:00,TwilightOrDawn,950,277,No,NoIntersection,Overcast,3+Vehicles-Multiple,AUTOROUTE A104,M,48.97432460513267,2.974355881151509
201800044602,NonLethal,2018-09-02,20:30:00,NightNoStreetLight,930,64,No,NoIntersection,Overcast,Other,AUTOROUTE Al03,M,48.88884914162398,2.88702766875684
201800044603,NonLethal,2018-10-02,01:05:00,NightStreelightsOff,920,78,No,NoIntersection,SnowOrHail,Other,AUTOROUTE A86,M,48.92983415993631,2.92869923201588
201800044604,NonLethal,2018-10-02,05:00:00,NightStreelightsOff,920,78,No,NoIntersection,Other,2Vehicles-Behind,AUTOROUTE A86,M,48.930697549706,2.9305598073047427
201800044605,NonLethal,2018-02-11,20:20:00,NightStreelightsOff,950,28,No,NoIntersection,Normal,Other,RN 104,M,49.06513020900355,2.0654276262294657
201800044606,NonLethal,2018-02-13,09:10:00,Daylight,950,277,No,NoIntersection,Normal,3+Vehicles-Chain,RD 170,M,48.97447496389646,2.9771399950503974
201800044607,NonLethal,2018-02-13,10:00:00,Daylight,930,78,No,NoIntersection,Normal,3+Vehicles-Chain,AUTOROUTE A104,M,48.96810415135302,2.966293661357186
201800044608,NonLethal,2018-02-14,20:05:00,NightNoStreetLight,930,7,No,NoIntersection,LightRain,3+Vehicles-Chain,AUTOROUTE A3,M,48.91859543831379,2.9199077703703846
201800044609,NonLethal,2018-02-15,05:45:00,NightStreelightsOff,930,5,No,NoIntersection,LightRain,2Vehicles-Behind,AUTOROUTE A104,M,48.973956613654366,2.9758298426091385
201800044610,NonLethal,2018-02-15,05:00:00,NightStreelightsOff,930,5,No,NoIntersection,LightRain,Other,AUTOROUTE A104,M,48.97352846541509,2.974811335653762
201800044613,NonLethal,2018-02-15,19:30:00,NightNoStreetLight,950,527,No,NoIntersection,LightRain,3+Vehicles-Multiple,AUTOROUTE A1,M,49.01452713656823,2.014740701883275
201800044614,NonLethal,2018-02-16,02:00:00,NightNoStreetLight,950,555,No,NoIntersection,Normal,2Vehicles-Behind,RD 170,M,48.97423413476526,2.972501009111573
201800044615,NonLethal,2018-02-16,16:50:00,Daylight,950,572,No,NoIntersection,Normal,2Vehicles-Behind,RN 184,M,49.040106068787466,2.0402208020031742
201800044616,NonLethal,2018-02-16,20:15:00,NightNoStreetLight,950,241,No,NoIntersection,Normal,NoCollision,RN 104,M,49.04563893528276,2.04795404816538
201800044617,NonLethal,2018-02-17,17:45:00,Daylight,950,61,No,NoIntersection,Normal,NoCollision,RN 104,M,49.069199153356486,2.068621880176904
201800044618,NonLethal,2018-02-18,02:15:00,NightStreelightsOn,930,66,No,NoIntersection,Normal,3+Vehicles-Multiple,AUTOROUTE A1,M,48.91268825024193,2.912977182549324
201800044619,NonLethal,2018-02-18,08:05:00,Daylight,950,18,No,NoIntersection,Normal,Other,AUTOROUTE A9015.2,M,48.9565777767577,2.9581888478049616
201800044620,NonLethal,2018-02-18,07:20:00,TwilightOrDawn,930,53,No,NoIntersection,Normal,2Vehicles-Side,AUTOROUTE A3,M,48.88402757508832,2.882668734480416
201800044621,NonLethal,2018-02-19,00:01:00,NightStreelightsOff,950,582,No,NoIntersection,Normal,3+Vehicles-Multiple,AUTOROUTE A15,M,48.9753715996068,2.973691926769275
201800044622,NonLethal,2018-02-19,17:50:00,Daylight,930,10,No,NoIntersection,LightRain,2Vehicles-Side,AUTOROUTE A3,M,48.91465674182111,2.915983214711656
201800044623,NonLethal,2018-02-19,14:55:00,Daylight,950,641,No,NoIntersection,LightRain,2Vehicles-Behind,AUTOROUTE A1,M,49.06873320213138,2.069028312041468
201800044624,NonLethal,2018-02-19,21:30:00,NightStreelightsOff,950,18,No,NoIntersection,LightRain,2Vehicles-Side,AUTOROUTE A15,M,48.95863849443289,2.956646903540016
201800044625,NonLethal,2018-02-20,08:20:00,Daylight,950,582,No,NoIntersection,LightRain,2Vehicles-Behind,RD 170,M,48.96321867554286,2.960768469430609
201800044626,NonLethal,2018-02-20,12:05:00,Daylight,950,277,No,NoIntersection,Overcast,3+Vehicles-Chain,RD 170,M,48.97857898756791,2.978113787700123
201800044627,NonLethal,2018-02-20,16:30:00,Daylight,930,66,No,NoIntersection,Normal,2Vehicles-Behind,AUTOROUTE A86,M,48.92543509090728,2.9230484571622832
201800044628,NonLethal,2018-02-22,00:05:00,NightNoStreetLight,950,527,No,NoIntersection,Normal,2Vehicles-Side,AUTOROUTE A3,M,48.98401292892402,2.9839689538879863
201800044629,NonLethal,2018-02-21,20:00:00,NightNoStreetLight,930,53,No,NoIntersection,Normal,2Vehicles-Behind,AUTOROUTE A3,M,48.88301261323116,2.8837899353596144
201800044631,NonLethal,2018-02-22,16:45:00,Daylight,950,18,No,NoIntersection,Normal,2Vehicles-Behind,AUTOROUTE A15,M,48.95914928457741,2.9584879924463627
201800044632,NonLethal,2018-02-22,19:15:00,NightNoStreetLight,930,66,No,NoIntersection,Normal,2Vehicles-Side,AUTOROUTE A1,M,48.92965060959566,2.92878113800288
201800044633,NonLethal,2018-02-22,19:50:00,NightNoStreetLight,950,252,No,NoIntersection,Normal,2Vehicles-Behind,AUTOROUTE Al5,M,48.98480313971735,2.982985598896081
201800044634,NonLethal,2018-02-23,16:00:00,Daylight,950,18,No,NoIntersection,Normal,3+Vehicles-Chain,AUTOROUTE A15,M,48.951572558041725,2.950806484535681
201800044635,NonLethal,2018-02-23,20:15:00,NightNoStreetLight,950,60,No,NoIntersection,Normal,Other,AUTOROUTE A115,M,49.04270400879532,2.042381555337854
201800044636,NonLethal,2018-02-25,00:50:00,NightNoStreetLight,950,563,No,NoIntersection,Normal,2Vehicles-Behind,AUTOROUTE A115,M,49.008997592003375,2.009602472754616
201800044637,NonLethal,2018-02-27,07:20:00,TwilightOrDawn,930,64,No,NoIntersection,Normal,3+Vehicles-Chain,AUTOROUTE A3,M,48.88545918411715,2.883195706650359
201800044638,NonLethal,2018-02-27,17:45:00,Daylight,950,365,No,NoIntersection,Normal,Other,RN 104,M,49.0633985192452,2.0649679962488623
201800044639,NonLethal,2018-02-27,18:50:00,TwilightOrDawn,930,66,No,NoIntersection,Normal,2Vehicles-Behind,AUTOROUTE A1,M,48.91621039730517,2.9166094015426194
201800044640,NonLethal,2018-02-28,15:00:00,Daylight,930,66,No,NoIntersection,Normal,2Vehicles-Behind,AUTOROUTE A1,M,48.90566148593267,2.9060099496384795
201800044641,NonLethal,2018-01-03,01:15:00,NightNoStreetLight,950,218,No,NoIntersection,Normal,Other,AUTOROUTE A15,M,49.035489954706456,2.036671389103068
201800044642,NonLethal,2018-03-01,01:20:00,NightNoStreetLight,950,394,No,NoIntersection,SnowOrHail,Other,AUTOROUTE A115,M,49.049827832497584,2.04880574837125
201800044643,NonLethal,2018-01-03,05:10:00,NightStreelightsOn,930,29,No,NoIntersection,SnowOrHail,Other,AUTOROUTE A86,M,48.92654094517366,2.928774970595046
201800044644,NonLethal,2018-01-03,08:30:00,Daylight,950,582,No,NoIntersection,SnowOrHail,Other,AUTOROUTE A15,M,48.96898625361149,2.9687514070163874
201800044645,NonLethal,2018-03-02,13:30:00,Daylight,930,5,No,NoIntersection,LightRain,2Vehicles-Side,AUTOROUTE A104,M,48.97188103401929,2.9708089846301213
201800044646,NonLethal,2018-03-03,16:00:00,Daylight,930,5,No,NoIntersection,Normal,2Vehicles-Behind,AUTOROUTE A3,M,48.93184770930821,2.9326871749743346
201800044647,NonLethal,2018-02-03,19:45:00,NightNoStreetLight,920,36,No,NoIntersection,Normal,3+Vehicles-Multiple,AUTOROUTE A15,M,48.94351119735694,2.9454945402449835
201800044648,NonLethal,2018-03-03,17:25:00,Daylight,930,6,No,NoIntersection,LightRain,2Vehicles-Behind,AUTOROUTE A3,M,48.86997284504962,2.8682674963852595
201800044649,NonLethal,2018-03-04,13:45:00,Daylight,930,8,No,NoIntersection,LightRain,Other,AUTOROUTE A86,M,48.90992221813784,2.912186621382676
201800044651,NonLethal,2018-03-04,19:30:00,NightNoStreetLight,950,277,No,NoIntersection,Normal,Other,AUTOROUTE A1O4,M,48.9717129497902,2.97094070943524
201800044652,NonLethal,2018-03-04,22:00:00,NightNoStreetLight,930,7,No,NoIntersection,Normal,Other,AUTOROUTE A3,M,48.95086238085065,2.948500861256833
201800044653,NonLethal,2018-03-04,21:30:00,NightNoStreetLight,950,678,No,NoIntersection,Overcast,3+Vehicles-Multiple,RN 104,M,49.073392368605234,2.0745771929375345
201800044654,NonLethal,2018-04-03,23:00:00,NightNoStreetLight,950,277,No,NoIntersection,Normal,Other,AUTOROUTE A104,M,48.97312917562174,2.973325230761115
201800044655,NonLethal,2018-03-04,21:30:00,NightNoStreetLight,950,572,No,NoIntersection,Normal,Other,AUTOROUTE A15,M,49.03321800093668,2.033572619583327
201800044656,NonLethal,2018-03-05,07:00:00,TwilightOrDawn,930,7,No,NoIntersection,Normal,3+Vehicles-Multiple,AUTOROUTE A1,M,48.95080899328026,2.9521041935339336
201800044658,NonLethal,2018-05-03,16:00:00,Daylight,950,582,No,NoIntersection,Normal,3+Vehicles-Chain,AUTOROUTE Al5,M,48.96512973300903,2.968470650886574
201800044659,NonLethal,2018-06-03,13:15:00,Daylight,950,42,No,NoIntersection,Normal,NoCollision,RN 104,M,49.057033860616734,2.0597063731497225
201800044660,NonLethal,2018-06-03,17:00:00,Daylight,930,27,No,NoIntersection,Normal,3+Vehicles-Multiple,AUTOROUTE A1,M,48.93368529100704,2.934389310535041
201800044661,NonLethal,2018-06-03,19:45:00,NightNoStreetLight,950,42,No,NoIntersection,LightRain,NoCollision,RN 104,M,49.0578663462488,2.0587974515732017
201800044662,NonLethal,2018-06-03,20:35:00,NightNoStreetLight,930,5,No,NoIntersection,Normal,3+Vehicles-Chain,AUTOROUTE A3,M,48.95526969731629,2.953803919248542
201800044664,NonLethal,2018-07-03,05:30:00,NightNoStreetLight,930,6,No,NoIntersection,LightRain,2Vehicles-Behind,AUTOROUTE A3,M,48.86692166314881,2.868666477261616
201800044665,NonLethal,2018-03-07,07:15:00,TwilightOrDawn,920,36,No,Other,LightRain,2Vehicles-Behind,AUTOROUTE A86,M,48.93842722901344,2.938813973236772
201800044666,NonLethal,2018-07-03,09:15:00,Daylight,930,64,No,NoIntersection,LightRain,NoCollision,AUTOROUTE A86,M,48.86676393465392,2.867244335762006
201800044667,NonLethal,2018-07-03,16:30:00,Daylight,950,277,No,NoIntersection,Normal,Other,AUTOROUTE A104,M,48.97362206364952,2.973642577091073
201800044668,NonLethal,2018-07-03,16:15:00,Daylight,920,78,No,NoIntersection,LightRain,2Vehicles-Behind,AUTOROUTE A86,M,48.92824580129778,2.928454764992382
201800044669,NonLethal,2018-03-08,08:45:00,Daylight,930,13,No,NoIntersection,Normal,2Vehicles-Behind,AUTOROUTE A1,M,48.93916791994458,2.9393042907858047
201800044670,NonLethal,2018-03-08,09:30:00,Daylight,950,212,No,NoIntersection,Normal,2Vehicles-Behind,AUTOROUTE A1,M,49.02938060987352,2.0297025324362585
201800044674,NonLethal,2018-03-08,19:45:00,NightNoStreetLight,950,28,No,NoIntersection,LightRain,3+Vehicles-Chain,RN 1O4,M,49.062307172282495,2.0612396380164686
201800044675,NonLethal,2018-03-09,14:50:00,Daylight,930,66,No,NoIntersection,Normal,3+Vehicles-Chain,AUTOROUTE A1,M,48.91256203972489,2.91264578516544
201800044676,NonLethal,2018-09-03,22:45:00,NightStreelightsOff,950,572,No,NoIntersection,Normal,Other,AUTOROUTE A15,M,49.030688988064085,2.030704218097436
201800044678,NonLethal,2018-03-11,08:45:00,Daylight,950,277,No,NoIntersection,Normal,Other,AUTOROUTE A104,M,48.974017990290896,2.9709336364438403
201800044679,NonLethal,2018-11-03,13:10:00,Daylight,930,66,No,NoIntersection,Normal,2Vehicles-Behind,AUTOROUTE A1,M,48.91894409752573,2.9176549442684485
201800044680,NonLethal,2018-11-03,15:15:00,Daylight,930,10,No,NoIntersection,Normal,3+Vehicles-Chain,AUTOROUTE A3,M,48.89012709090565,2.8918047044572472
201800044682,NonLethal,2018-12-03,09:40:00,Daylight,930,66,No,NoIntersection,Normal,2Vehicles-Behind,AUTOROUTE A1,M,48.922070596308615,2.9227139656203787
201800044683,NonLethal,2018-03-12,13:10:00,Daylight,950,18,No,NoIntersection,Normal,NoCollision,AUTOROUTE A15,M,48.95703209731135,2.9585916797609477
201800044684,NonLethal,2018-03-13,07:15:00,TwilightOrDawn,950,365,No,NoIntersection,LightRain,2Vehicles-Behind,RN 1O4,M,49.063549896382376,2.0625711277012915
201800044685,NonLethal,2018-03-13,17:35:00,Daylight,930,64,No,NoIntersection,Normal,2Vehicles-Behind,AUTOROUTE A86,M,48.88796976016262,2.887366858783575
201800044686,NonLethal,2018-03-14,17:40:00,Daylight,930,66,No,NoIntersection,Normal,2Vehicles-Behind,AUTOROUTE A1,M,48.9250552284804,2.927247510578707
201800044687,NonLethal,2018-03-15,04:30:00,NightNoStreetLight,950,252,No,NoIntersection,LightRain,2Vehicles-Behind,AUTOROUTE A15,M,48.98669013090388,2.9868261240598297
201800044688,NonLethal,2018-03-15,07:10:00,TwilightOrDawn,950,277,No,NoIntersection,LightRain,2Vehicles-Behind,AUTOROUTE A3,M,48.972624247097365,2.970540777093233
201800044689,NonLethal,2018-03-15,07:05:00,TwilightOrDawn,950,18,No,NoIntersection,LightRain,Other,AUTOROUTE A15,M,48.95014857381598,2.951094124520908