AccidentId,Gravity,Date,Hour,Light,Department,Commune,InAgglomeration,IntersectionType,Weather,CollisionType,PostalAddress,GPSCode,Latitude,Longitude
201800044691,NonLethal,2018-03-15,18:15:00,TwilightOrDawn,930,53,No,NoIntersection,LightRain,2Vehicles-Side,AUTOROUTE A3,M,48.89810287979176,2.8966088624625472
201800044693,NonLethal,2018-03-16,12:05:00,Daylight,930,7,No,NoIntersection,Normal,2Vehicles-Side,AUTOROUTE A1,M,48.94377418890662,2.944551806251652
201800044695,NonLethal,2018-03-17,13:00:00,Daylight,950,582,No,NoIntersection,SnowOrHail,2Vehicles-Side,AUTOROUTE A15,M,48.96676511252302,2.9655290499525746
201800044696,NonLethal,2018-03-17,23:50:00,NightNoStreetLight,930,7,No,NoIntersection,SnowOrHail,Other,AUTOROUTE A1,M,48.94309522754196,2.9428436360370496
201800044697,NonLethal,2018-03-18,01:00:00,NightNoStreetLight,950,572,No,NoIntersection,Normal,Other,AUTOROUTE A9015.7,M,49.03302366265271,2.0329856821877086
201800044698,NonLethal,2018-03-18,09:40:00,Daylight,950,488,No,NoIntersection,Overcast,Other,AUTOROUTE A15,M,49.0189508213016,2.0195948909719954
201800044699,NonLethal,2018-03-18,11:30:00,Daylight,930,64,No,NoIntersection,Normal,2Vehicles-Behind,AUTOROUTE A86,M,48.87863725831677,2.878583388666989
201800044701,NonLethal,2018-03-18,22:15:00,NightNoStreetLight,950,277,No,NoIntersection,SnowOrHail,3+Vehicles-Multiple,AUTOROUTE A104,M,48.973232068190086,2.97231793173149
201800044702,NonLethal,2018-03-19,07:00:00,NightNoStreetLight,930,5,No,NoIntersection,SnowOrHail,Other,AUTOROUTE A104,M,48.9740038766895,2.973026153823944
201800044703,NonLethal,2018-03-19,07:30:00,TwilightOrDawn,950,582,No,NoIntersection,SnowOrHail,Other,AUTOROUTE A15,M,48.96358289798649,2.963094430513887
201800044704,NonLethal,2018-03-19,12:25:00,Daylight,930,66,No,NoIntersection,Normal,2Vehicles-BehindVehicles-Frontal,AUTOROUTE A86,M,48.922397858871946,2.922876758021686
201800044705,NonLethal,2018-03-20,12:15:00,Daylight,950,582,No,NoIntersection,Normal,2Vehicles-Side,AUTOROUTE A15,M,48.96807074834194,2.9694437390048423
201800044706,NonLethal,2018-03-20,23:30:00,NightNoStreetLight,950,42,No,NoIntersection,Normal,2Vehicles-Behind,RN 104,M,49.056625936648295,2.05811107058521
201800044707,NonLethal,2018-03-21,07:50:00,Daylight,930,53,No,NoIntersection,Normal,3+Vehicles-Chain,AUTOROUTE A3,M,48.89603900188762,2.8985972176350616
201800044709,NonLethal,2018-03-22,09:20:00,Daylight,930,53,No,NoIntersection,Normal,Other,AUTOROUTE A3,M,48.895470778684846,2.8954778102696888
201800044710,NonLethal,2018-03-22,14:00:00,Daylight,930,6,No,NoIntersection,Normal,3+Vehicles-Chain,AUTOROUTE A3,M,48.86697210109117,2.8661577431264527
201800044711,NonLethal,2018-03-22,16:30:00,Daylight,930,78,No,NoIntersection,Overcast,2Vehicles-Behind,AUTOROUTE A104,M,48.96337948510285,2.9620419109440315
201800044713,NonLethal,2018-03-23,13:35:00,Daylight,950,18,No,NoIntersection,LightRain,2Vehicles-Behind,AUTOROUTE A15,M,48.95674444696857,2.957165726903192
201800044714,NonLethal,2018-03-24,13:30:00,Daylight,930,64,No,NoIntersection,Normal,2Vehicles-Behind,AUTOROUTE A86,M,48.882457469666846,2.880774280170486
201800044715,NonLethal,2018-03-24,21:30:00,NightNoStreetLight,950,582,No,NoIntersection,Normal,3+Vehicles-Multiple,AUTOROUTE A15,M,48.96748403833062,2.969076307114751
201800044716,NonLethal,2018-03-25,17:00:00,Daylight,930,10,No,NoIntersection,Normal,3+Vehicles-Chain,AUTOROUTE A86,M,48.89223873705016,2.8927838786413296
201800044717,NonLethal,2018-03-25,15:30:00,Daylight,930,53,No,NoIntersection,Normal,3+Vehicles-Chain,AUTOROUTE A86,M,48.88528267959664,2.883159820248784
201800044718,NonLethal,2018-03-20,17:05:00,Daylight,950,394,No,NoIntersection,Normal,2Vehicles-Behind,RN 184,M,49.05193356542839,2.052621893980482
201800044719,NonLethal,2018-03-26,14:20:00,Daylight,930,48,No,NoIntersection,Normal,NoCollision,AUTOROUTE A3,M,48.87031323417624,2.8715036527311715
201800044720,NonLethal,2018-03-26,16:10:00,Daylight,930,66,No,NoIntersection,Normal,3+Vehicles-Chain,AUTOROUTE A1,M,48.91838953007822,2.918651867776435
201800044721,NonLethal,2018-03-26,15:45:00,Daylight,950,256,No,NoIntersection,Normal,2Vehicles-Behind,RN l84,M,49.055594029695314,2.054315137782712
201800044722,NonLethal,2018-03-27,14:10:00,Daylight,920,36,No,NoIntersection,LightRain,2Vehicles-Behind,AUTOROUTE A15,M,48.94148089657518,2.9396545133340264
201800044723,NonLethal,2018-03-27,21:30:00,NightNoStreetLight,930,64,No,NoIntersection,Normal,2Vehicles-Behind,AUTOROUTE A3,M,48.88426609085342,2.883880189366956
201800044724,NonLethal,2018-03-28,00:20:00,NightNoStreetLight,950,572,No,NoIntersection,Normal,3+Vehicles-Multiple,AUTOROUTE Al5,M,49.03143247009591,2.029991625066128
201800044725,NonLethal,2018-03-28,07:45:00,TwilightOrDawn,930,5,No,NoIntersection,LightRain,2Vehicles-Behind,AUTOROUTE A3,M,48.930708085053006,2.931947109055528
201800044726,NonLethal,2018-03-28,13:40:00,Daylight,950,18,No,NoIntersection,LightRain,2Vehicles-Side,AUTOROUTE A15,M,48.95631621491254,2.9554793196274605
201800044727,NonLethal,2018-03-28,16:00:00,Daylight,930,10,No,NoIntersection,LightRain,2Vehicles-Behind,AUTOROUTE A3,M,48.9106261509438,2.911987120269828
201800044728,NonLethal,2018-03-29,10:30:00,Daylight,950,18,No,NoIntersection,Normal,2Vehicles-Side,AUTOROUTE A15,M,48.95880014479597,2.958511890139872
201800044729,NonLethal,2018-03-30,15:50:00,Daylight,950,527,No,NoIntersection,Normal,3+Vehicles-Multiple,AUTOROUTE A1,M,49.01606652988394,2.0165312815747938
201800044731,NonLethal,2018-03-31,06:00:00,Daylight,930,78,No,NoIntersection,LightRain,2Vehicles-Behind,AUTOROUTE A104,M,48.96286229344,2.965224328579604
201800044732,NonLethal,2018-03-31,11:15:00,Daylight,930,6,No,NoIntersection,Normal,2Vehicles-Behind,AUTOROUTE A3,M,48.86520227187604,2.865512321467547
201800044733,NonLethal,2018-03-31,21:45:00,NightNoStreetLight,930,29,No,NoIntersection,Overcast,Other,AUTOROUTE A86,M,48.92668184356869,2.926810848878778
201800044734,NonLethal,2018-03-31,23:30:00,NightStreelightsOff,950,572,No,NoIntersection,Normal,2Vehicles-Behind,RN 184,M,49.03590942084056,2.0363363634692475
201800044735,NonLethal,2018-04-01,07:50:00,TwilightOrDawn,930,53,No,NoIntersection,Normal,2Vehicles-Side,AUTOROUTE A3,M,48.886826999336336,2.8882527228044075
201800044736,NonLethal,2018-02-04,18:10:00,Daylight,930,5,No,NoIntersection,Normal,Other,AUTOROUTE A3,M,48.95985617922232,2.9609390659184385
201800044737,NonLethal,2018-04-02,23:30:00,NightNoStreetLight,930,66,No,NoIntersection,Normal,3+Vehicles-Multiple,AUTOROUTE A86,M,48.9221796694337,2.922618937714169
201800044738,NonLethal,2018-04-03,07:55:00,Daylight,600,631,No,NoIntersection,Normal,2Vehicles-Side,AUTOROUTE A1,M,49.15759152662681,2.1571463724060136
201800044739,NonLethal,2018-04-03,12:00:00,Daylight,950,306,No,NoIntersection,LightRain,2Vehicles-Behind,AUTOROUTE A15,M,49.00886822354172,2.00672672274251
201800044740,NonLethal,2018-03-04,18:50:00,Daylight,930,10,No,NoIntersection,Normal,2Vehicles-Side,AUTOROUTE A3,M,48.90325060034203,2.9009683289881907
201800044743,NonLethal,2018-04-06,04:45:00,NightNoStreetLight,950,582,No,NoIntersection,Normal,Other,AUTOROUTE A15,M,48.96382223381955,2.962846248916172
201800044745,NonLethal,2018-04-06,08:50:00,Daylight,930,7,No,NoIntersection,Normal,2Vehicles-Side,AUTOROUTE A1,M,48.95483940929398,2.952348733734521
201800044746,NonLethal,2018-06-04,16:00:00,Daylight,920,78,No,NoIntersection,Normal,2Vehicles-Side,AUTOROUTE A86,M,48.93109369898311,2.9295652360802493
201800044748,NonLethal,2018-07-04,00:50:00,NightStreelightsOn,950,18,No,NoIntersection,Normal,Other,AUTOROUTE A15,M,48.95737208113067,2.9575286235027773
201800044749,NonLethal,2018-07-04,01:45:00,NightNoStreetLight,950,424,No,NoIntersection,Normal,Other,AUTOROUTE A15,M,48.99282206718422,2.99422574661674
201800044750,NonLethal,2018-04-07,04:00:00,NightNoStreetLight,950,28,No,NoIntersection,Normal,Other,RN 104,M,49.06412291941939,2.064888233971682
201800044751,NonLethal,2018-04-09,11:45:00,Daylight,930,13,No,Other,Normal,Other,AUTOROUTE A1,M,48.94118189332471,2.9397956398513627
201800044752,NonLethal,2018-04-09,17:30:00,Daylight,920,36,No,NoIntersection,LightRain,2Vehicles-Side,AUTOROUTE A86,M,48.93783405977091,2.9399465413983297
201800044753,NonLethal,2018-09-04,21:50:00,NightNoStreetLight,930,66,No,Other,LightRain,2Vehicles-Side,AUTOROUTE A86,M,48.92822254186788,2.923833587777634
201800044754,NonLethal,2018-10-04,09:15:00,Daylight,950,241,No,NoIntersection,Normal,2Vehicles-Side,RN 104,M,49.046101104165366,2.0483010328645213
201800044755,NonLethal,2018-04-10,15:40:00,Daylight,930,66,No,NoIntersection,Normal,2Vehicles-Behind,AUTOROUTE A1,M,48.91896320689267,2.918959506004175
201800044756,NonLethal,2018-04-10,16:35:00,Daylight,930,78,No,NoIntersection,Normal,NoCollision,AUTOROUTE A104,M,48.97076940992305,2.9721262101346184
201800044757,NonLethal,2018-11-04,08:15:00,Daylight,950,582,No,NoIntersection,Normal,2Vehicles-Behind,RD 170,M,48.962723052895896,2.963799502130076
201800044758,NonLethal,2018-11-04,15:15:00,Daylight,930,8,No,NoIntersection,Normal,2Vehicles-Behind,AUTOROUTE A86,M,48.90782336880859,2.9090285021680167
201800044760,NonLethal,2018-04-11,21:40:00,NightNoStreetLight,950,127,No,NoIntersection,Normal,Other,AUTOROUTE A15,M,49.03786051136136,2.038343222093308
201800044761,NonLethal,2018-12-04,06:10:00,NightNoStreetLight,930,64,No,NoIntersection,Normal,2Vehicles-Side,AUTOROUTE A86,M,48.87118015406689,2.871898008714533
201800044762,NonLethal,2018-04-12,10:10:00,Daylight,930,10,No,NoIntersection,Normal,2Vehicles-Behind,AUTOROUTE A86,M,48.88991040224592,2.8907802544406858
201800044765,NonLethal,2018-12-04,19:45:00,Daylight,930,10,No,NoIntersection,Other,NoCollision,AUTOROUTE A3,M,48.91196974683386,2.9101936504297203
201800044766,NonLethal,2018-12-04,19:50:00,Daylight,950,582,No,NoIntersection,LightRain,Other,RD 170,M,48.96214142979719,2.961889494489298
201800044767,NonLethal,2018-04-13,05:20:00,NightNoStreetLight,930,7,No,NoIntersection,Normal,3+Vehicles-Multiple,AUTOROUTE A1,M,48.94428130450836,2.9425821518257997
201800044768,NonLethal,2018-04-13,07:55:00,Daylight,930,7,No,NoIntersection,Normal,2Vehicles-Behind,AUTOROUTE A3,M,48.94282689952785,2.9442767590019354
201800044769,NonLethal,2018-04-13,21:30:00,NightStreelightsOn,930,27,No,NoIntersection,Normal,2Vehicles-Behind,AUTOROUTE A86,M,48.92496093514188,2.924286164525957
201800044770,NonLethal,2018-04-13,22:50:00,NightNoStreetLight,950,256,No,NoIntersection,Normal,Other,RN 184,M,49.0545380293327,2.055954156476097
201800044771,NonLethal,2018-04-14,00:10:00,NightStreelightsOn,930,8,No,NoIntersection,Normal,Other,AUTOROUTE A86,M,48.91077070678673,2.9103380287980465
201800044772,NonLethal,2018-04-14,11:40:00,Daylight,930,64,No,NoIntersection,Normal,3+Vehicles-Chain,AUTOROUTE A86,M,48.881179616871215,2.882957887425382
201800044773,NonLethal,2018-04-14,11:35:00,Daylight,950,18,No,NoIntersection,LightRain,Other,AUTOROUTE A9015.2,M,48.9571654343052,2.9560403689178925
201800044774,NonLethal,2018-04-14,13:15:00,Daylight,930,27,No,NoIntersection,Normal,NoCollision,AUTOROUTE A1,M,48.93419563194598,2.935627573950405
201800044775,NonLethal,2018-04-15,15:05:00,Daylight,950,395,No,NoIntersection,LightRain,Other,RN 104,M,49.06887668355708,2.0670210333584897
201800044776,NonLethal,2018-04-15,07:10:00,Daylight,930,64,No,NoIntersection,Normal,2Vehicles-Behind,AUTOROUTE A86,M,48.870039730547646,2.8709094306567517
201800044779,NonLethal,2018-04-16,16:20:00,Daylight,930,27,No,NoIntersection,Normal,2Vehicles-Behind,AUTOROUTE A86,M,48.92775413344406,2.9283064253141657
201800044781,NonLethal,2018-04-16,20:15:00,Daylight,950,582,No,NoIntersection,Normal,2Vehicles-Side,AUTOROUTE A15,M,48.96525248193653,2.964648958399385
201800044782,NonLethal,2018-04-17,14:45:00,Daylight,950,277,No,NoIntersection,Normal,3+Vehicles-Multiple,RD 170,M,48.97394445877786,2.976950579426525
201800044783,NonLethal,2018-04-17,16:10:00,Daylight,950,252,No,NoIntersection,Normal,Other,AUTOROUTE A15,M,48.98935884415131,2.9882145372895703
201800044784,NonLethal,2018-04-17,18:45:00,Daylight,950,61,No,NoIntersection,Normal,Other,RN 104,M,49.06555795682295,2.066242013354953
201800044785,NonLethal,2018-04-18,10:20:00,Daylight,930,1,No,NoIntersection,Normal,2Vehicles-Side,AUTOROUTE A86,M,48.920604157554784,2.9197575050253946
201800044786,NonLethal,2018-04-19,13:25:00,Daylight,930,66,No,NoIntersection,Normal,3+Vehicles-Chain,AUTOROUTE A1,M,48.9174453709816,2.9175637763393536
201800044787,NonLethal,2018-04-19,15:25:00,Daylight,930,53,No,NoIntersection,Normal,3+Vehicles-Multiple,AUTOROUTE A3,M,48.92129408194453,2.9187330405651686
201800044788,NonLethal,2018-04-19,17:45:00,Daylight,930,7,No,NoIntersection,Normal,2Vehicles-Behind,AUTOROUTE A3,M,48.92083978740629,2.920315862585651
201800044789,NonLethal,2018-04-19,18:40:00,Daylight,950,394,No,NoIntersection,Normal,3+Vehicles-Chain,AUTOROUTE A115,M,49.05071693899982,2.0503950190054026
201800044790,NonLethal,2018-04-19,21:35:00,NightStreelightsOff,920,36,No,NoIntersection,Normal,Other,AUTOROUTE A15,M,48.94341533484714,2.943129615905961
201800044791,NonLethal,2018-04-19,23:50:00,NightNoStreetLight,950,488,No,NoIntersection,Normal,Other,AUTOROUTE Al5,M,49.01563193021904,2.017745261918868
201800044792,NonLethal,2018-04-19,07:50:00,Daylight,930,5,No,NoIntersection,Normal,2Vehicles-Side,AUTOROUTE A3,M,48.93152874507245,2.931292829264132
201800044793,NonLethal,2018-04-20,08:25:00,Daylight,950,18,No,NoIntersection,Normal,3+Vehicles-Multiple,AUTOROUTE A15,M,48.96262490840645,2.962719930235505
201800044794,NonLethal,2018-04-20,21:15:00,NightNoStreetLight,930,13,No,NoIntersection,Normal,2Vehicles-Behind,AUTOROUTE A1,M,48.941626603131695,2.94294700059232
201800044795,NonLethal,2018-04-20,17:30:00,Daylight,600,631,No,NoIntersection,Normal,2Vehicles-Behind,AUTOROUTE A1,M,49.1536943689123,2.1527807940488173
201800044796,NonLethal,2018-04-20,19:45:00,Daylight,950,604,No,NoIntersection,Normal,3+Vehicles-Chain,AUTOROUTE A1,M,49.10737199375481,2.1080357564758176
201800044797,NonLethal,2018-04-21,08:30:00,Daylight,930,78,No,NoIntersection,Normal,2Vehicles-Side,AUTOROUTE A104,M,48.96582688078509,2.9659731320259666
201800044799,NonLethal,2018-04-21,15:10:00,Daylight,930,7,No,NoIntersection,Normal,3+Vehicles-Chain,AUTOROUTE A1,M,48.94780604645571,2.948857000254017
201800044800,NonLethal,2018-04-21,16:55:00,Daylight,950,252,No,NoIntersection,Normal,Other,AUTOROUTE A15,M,48.98603028831839,2.98632599297925
201800044801,NonLethal,2018-04-21,18:55:00,Daylight,930,30,No,NoIntersection,Normal,3+Vehicles-Chain,AUTOROUTE Al,M,48.93855566799791,2.940273976109513
201800044802,NonLethal,2018-04-22,02:15:00,NightNoStreetLight,950,394,No,NoIntersection,Normal,Other,AUTOROUTE A115,M,49.04796771875999,2.051298621344664
201800044803,NonLethal,2018-04-22,14:30:00,Daylight,950,18,No,NoIntersection,Normal,2Vehicles-Behind,AUTOROUTE A15,M,48.950748522084815,2.9521926634397286
201800044805,NonLethal,2018-04-22,15:45:00,Daylight,930,5,No,NoIntersection,Normal,3+Vehicles-Chain,AUTOROUTE A3,M,48.95956083666584,2.962809809291717
201800044808,NonLethal,2018-04-23,18:45:00,Daylight,930,78,No,NoIntersection,Normal,2Vehicles-Side,AUTOROUTE A104,M,48.97245490506519,2.9728382209391717
201800044809,NonLethal,2018-04-23,18:05:00,Daylight,930,8,No,NoIntersection,Normal,3+Vehicles-Chain,AUTOROUTE A86,M,48.91358604937562,2.91340516626127
201800044810,NonLethal,2018-04-24,10:20:00,Daylight,950,572,No,NoIntersection,Normal,Other,AUTOROUTE A15,M,49.03351202158966,2.032959130517232
201800044811,NonLethal,2018-04-24,13:55:00,Daylight,930,8,No,NoIntersection,Normal,Other,AUTOROUTE A86,M,48.91150947708062,2.9113659884042984
201800044812,NonLethal,2018-04-24,17:30:00,Daylight,930,27,No,NoIntersection,Normal,3+Vehicles-Chain,AUTOROUTE A86,M,48.9280947026564,2.9293048216257125
201800044813,NonLethal,2018-04-24,23:45:00,NightNoStreetLight,950,582,No,NoIntersection,Normal,Other,AUTOROUTE A15,M,48.96916987932564,2.967970480887367
201800044814,NonLethal,2018-04-24,21:00:00,Daylight,930,48,No,NoIntersection,Normal,3+Vehicles-Multiple,AUTOROUTE A86,M,48.864097598063765,2.864351330493539
201800044815,NonLethal,2018-04-25,08:30:00,Daylight,920,36,No,NoIntersection,Normal,2Vehicles-Behind,AUTOROUTE A15,M,48.941132848698494,2.940689780392302
201800044816,NonLethal,2018-04-25,11:40:00,Daylight,930,30,No,NoIntersection,Normal,2Vehicles-Behind,AUTOROUTE A1,M,48.93970050941847,2.940416151524073
201800044817,NonLethal,2018-04-25,16:40:00,Daylight,930,5,No,NoIntersection,Normal,2Vehicles-Behind,AUTOROUTE A1,M,48.9585816744437,2.9596860948148787
201800044818,NonLethal,2018-04-25,19:00:00,Daylight,930,66,No,NoIntersection,Normal,3+Vehicles-Multiple,AUTOROUTE A1,M,48.9355976462639,2.934271577423248
201800044819,NonLethal,2018-04-25,18:30:00,Daylight,930,1,No,NoIntersection,Normal,2Vehicles-Behind,AUTOROUTE A86,M,48.92089179878759,2.9222006090940345
201800044820,NonLethal,2018-04-25,23:55:00,NightNoStreetLight,930,48,No,NoIntersection,Normal,2Vehicles-Side,AUTOROUTE A3,M,48.87491013547524,2.873957465513264
201800044821,NonLethal,2018-04-26,16:50:00,Daylight,930,64,No,NoIntersection,Normal,3+Vehicles-Chain,AUTOROUTE A86,M,48.88950583080828,2.8871453496979065
201800044823,NonLethal,2018-04-27,08:35:00,Daylight,930,27,No,NoIntersection,Normal,3+Vehicles-Chain,AUTOROUTE A86,M,48.92308558255424,2.9254563612450664
201800044824,NonLethal,2018-04-27,09:40:00,Daylight,930,7,No,NoIntersection,Normal,2Vehicles-Side,AUTOROUTE A3,M,48.92557248864386,2.9246141548675686
201800044825,NonLethal,2018-04-27,12:20:00,Daylight,920,78,No,NoIntersection,Normal,NoCollision,AUTOROUTE A86,M,48.9280806611443,2.9271613849139757
201800044826,NonLethal,2018-04-27,19:55:00,Daylight,930,13,No,NoIntersection,Normal,2Vehicles-Side,AUTOROUTE A1,M,48.93738805328064,2.939686170812754
201800044827,NonLethal,2018-04-28,08:30:00,Daylight,950,351,No,NoIntersection,Normal,Other,RN 104,M,49.02867236138239,2.027946270496501
201800044828,NonLethal,2018-04-29,02:10:00,NightStreelightsOn,930,66,No,NoIntersection,Normal,2Vehicles-Behind,AUTOROUTE A1,M,48.911703582572336,2.9124944078540644
201800044829,NonLethal,2018-04-29,00:10:00,NightNoStreetLight,950,18,No,NoIntersection,Normal,3+Vehicles-Multiple,AUTOROUTE A15,M,48.961155237890026,2.9603442728324625
201800044830,NonLethal,2018-04-29,10:20:00,Daylight,950,572,No,NoIntersection,Normal,NoCollision,AUTOROUTE A9015,M,49.03407609184273,2.032521477540397
201800044831,NonLethal,2018-04-29,15:50:00,Daylight,950,277,No,NoIntersection,Normal,Other,AUTOROUTE A104,M,48.97077978902863,2.9719788071728934
201800044832,NonLethal,2018-04-29,20:20:00,TwilightOrDawn,950,18,No,NoIntersection,LightRain,2Vehicles-Side,AUTOROUTE A15,M,48.95485422863387,2.955785277694376
201800044833,NonLethal,2018-04-30,01:50:00,NightNoStreetLight,930,27,No,NoIntersection,HeavyRain,Other,AUTOROUTE A86,M,48.92578092835521,2.925496818573872
201800044834,NonLethal,2018-04-29,22:30:00,NightNoStreetLight,950,61,No,NoIntersection,HeavyRain,Other,RN 104,M,49.06547052545822,2.0648257818576097
201800044835,NonLethal,2018-04-30,01:30:00,NightNoStreetLight,930,13,No,NoIntersection,HeavyRain,2Vehicles-Behind,AUTOROUTE A1,M,48.94017873988153,2.940141564610879
201800044836,NonLethal,2018-04-30,03:15:00,NightStreelightsOff,950,18,No,NoIntersection,HeavyRain,Other,AUTOROUTE A15,M,48.95097553810875,2.949541928801916
201800044837,NonLethal,2018-04-30,06:00:00,NightNoStreetLight,930,64,No,NoIntersection,LightRain,Other,AUTOROUTE A86,M,48.87182431182737,2.871610264592555
201800044838,NonLethal,2018-04-30,06:05:00,NightNoStreetLight,930,66,No,NoIntersection,LightRain,Other,AUTOROUTE A1,M,48.92912026600804,2.927434875314937
201800044839,NonLethal,2018-04-29,20:15:00,TwilightOrDawn,930,53,No,NoIntersection,LightRain,Other,AUTOROUTE A3,M,48.884951509093824,2.883731561767727
201800044840,NonLethal,2018-04-30,15:50:00,Daylight,950,572,No,NoIntersection,LightRain,Other,AUTOROUTE A90l5,M,49.0335290119879,2.033734172625478
201800044841,NonLethal,2018-04-30,18:30:00,Daylight,930,78,No,NoIntersection,LightRain,Other,AUTOROUTE A104,M,48.96077420048827,2.9614199039516897
201800044842,NonLethal,2018-05-01,06:45:00,Daylight,920,36,No,NoIntersection,Normal,Other,AUTOROUTE A15,M,48.93810288242483,2.938090884939558
201800044843,NonLethal,2018-05-01,07:05:00,TwilightOrDawn,930,5,No,NoIntersection,Normal,2Vehicles-Side,AUTOROUTE A104,M,48.97277147159289,2.9752756494493284
201800044844,NonLethal,2018-01-05,11:35:00,Daylight,950,582,No,NoIntersection,Normal,Other,A 9015.03,M,48.96138862929493,2.9612716255824165
201800044846,NonLethal,2018-05-02,11:55:00,Daylight,930,64,No,NoIntersection,Normal,Other,AUTOROUTE A86,M,48.877064166828006,2.881145516806192
201800044847,NonLethal,2018-05-02,14:15:00,Daylight,950,607,No,NoIntersection,Normal,2Vehicles-Behind,AUTOROUTE A115,M,49.013198633315874,2.012833915391281
201800044848,NonLethal,2018-05-01,17:00:00,Daylight,950,582,No,NoIntersection,Normal,2Vehicles-Side,AUTOROUTE A115,M,48.97536096015159,2.97329702667018
201800044849,NonLethal,2018-05-02,17:50:00,Daylight,930,66,No,NoIntersection,Normal,2Vehicles-Behind,AUTOROUTE A1,M,48.91711066415265,2.9165053006957766
201800044850,NonLethal,2018-03-05,14:00:00,Daylight,950,582,No,NoIntersection,Normal,Other,AUTOROUTE A15,M,48.96905748867582,2.968736280235375
201800044851,NonLethal,2018-03-05,17:40:00,Daylight,930,5,No,NoIntersection,Normal,2Vehicles-Behind,AUTOROUTE A3,M,48.9678889098385,2.9677076360791244
201800044852,NonLethal,2018-05-03,16:35:00,Daylight,930,5,No,NoIntersection,Normal,3+Vehicles-Multiple,AUTOROUTE A3,M,48.94003947757143,2.940965999070104
201800044853,NonLethal,2018-03-05,19:45:00,Daylight,950,582,No,NoIntersection,Normal,NoCollision,A9015.03,M,48.96427946683978,2.964507591802092
201800044854,NonLethal,2018-05-04,16:20:00,Daylight,930,66,No,NoIntersection,Normal,2Vehicles-Side,AUTOROUTE A1,M,48.91486254804583,2.913834257122019
201800044855,NonLethal,2018-05-04,17:45:00,Daylight,930,1,No,NoIntersection,Normal,2Vehicles-Side,AUTOROUTE A86,M,48.921723091423374,2.921972678423523
201800044856,NonLethal,2018-05-05,16:35:00,Daylight,930,27,No,NoIntersection,Normal,2Vehicles-Side,AUTOROUTE A86,M,48.9237933136322,2.9250030453434666
201800044858,NonLethal,2018-05-06,12:00:00,Daylight,930,5,No,NoIntersection,Normal,NoCollision,AUTOROUTE A1,M,48.96239702694599,2.9611062021671524
201800044861,NonLethal,2018-05-07,16:50:00,Daylight,930,7,No,NoIntersection,Normal,2Vehicles-Side,AUTOROUTE A1,M,48.95625998087132,2.95420376762823
201800044862,NonLethal,2018-05-07,17:10:00,Daylight,950,252,No,NoIntersection,Normal,2Vehicles-Side,AUTOROUTE A15,M,48.97591356484548,2.978039239883028
201800044863,NonLethal,2018-05-09,01:30:00,NightNoStreetLight,950,641,No,NoIntersection,Normal,3+Vehicles-Multiple,AUTOROUTE A1,M,49.07672873146457,2.0776481491848497
201800044865,NonLethal,2018-10-05,13:35:00,Daylight,930,66,No,NoIntersection,Normal,3+Vehicles-Multiple,AUTOROUTE A1,M,48.91699610965431,2.918456700992329
201800044866,NonLethal,2018-10-05,17:25:00,Daylight,950,28,No,NoIntersection,Normal,Other,RN 104,M,49.06127962989454,2.0597008551778715
201800044867,NonLethal,2018-10-05,20:15:00,Daylight,950,154,No,NoIntersection,Normal,3+Vehicles-Multiple,AUTOROUTE A1,M,49.036689829968246,2.037729435484987
201800044869,NonLethal,2018-11-05,14:00:00,Daylight,930,64,No,NoIntersection,Normal,2Vehicles-Behind,AUTOROUTE A86,M,48.8796603743567,2.880522505200027
201800044871,NonLethal,2018-12-05,07:20:00,Daylight,950,42,No,NoIntersection,Normal,Other,RN 104,M,49.062478088707245,2.061646458896446
201800044872,NonLethal,2018-05-12,18:00:00,Daylight,930,64,No,NoIntersection,HeavyRain,3+Vehicles-Multiple,AUTOROUTE A86,M,48.87020806878291,2.867585642703637
201800044873,NonLethal,2018-12-05,20:30:00,Daylight,950,277,No,NoIntersection,LightRain,2Vehicles-Behind,AUTOROUTE A104,M,48.97301389543418,2.972926936312404
201800044874,NonLethal,2018-05-14,09:40:00,Daylight,930,66,No,NoIntersection,Normal,2Vehicles-Behind,AUTOROUTE A1,M,48.91392385785522,2.9122337757477688
201800044875,NonLethal,2018-05-14,09:50:00,Daylight,930,53,No,NoIntersection,LightRain,3+Vehicles-Chain,AUTOROUTE A3,M,48.89021950259176,2.89245748000774
201800044877,NonLethal,2018-05-14,19:40:00,Daylight,950,582,No,NoIntersection,LightRain,2Vehicles-Behind,AUTOROUTE A15,M,48.96749714715874,2.967849396844347
201800044878,NonLethal,2018-05-14,14:20:00,Daylight,950,88,No,NoIntersection,Normal,2Vehicles-Behind,RD 170,M,48.97668533676564,2.975681474189116
201800044880,NonLethal,2018-05-15,19:30:00,Daylight,930,63,No,NoIntersection,Normal,2Vehicles-Side,AUTOROUTE A3,M,48.87516949955729,2.873888779721612
201800044881,NonLethal,2018-09-05,17:35:00,Daylight,930,10,No,NoIntersection,Normal,3+Vehicles-Chain,AUTOROUTE A3,M,48.90575533882188,2.905917100399316