AccidentId,Gravity,Date,Hour,Light,Department,Commune,InAgglomeration,IntersectionType,Weather,CollisionType,PostalAddress,GPSCode,Latitude,Longitude
201800044883,NonLethal,2018-05-16,19:30:00,Daylight,930,78,No,NoIntersection,Normal,2Vehicles-Side,AUTOROUTE A104,M,48.95672209203746,2.956866019912133
201800044884,NonLethal,2018-05-17,08:10:00,Daylight,930,64,No,NoIntersection,Normal,2Vehicles-Side,AUTOROUTE A3,M,48.88367096123988,2.886920634925144
201800044886,NonLethal,2018-05-17,07:30:00,Daylight,950,365,No,NoIntersection,Normal,3+Vehicles-Multiple,RN 104,M,49.06475772896736,2.066280367728005
201800044887,NonLethal,2018-05-17,10:15:00,Daylight,950,582,No,NoIntersection,Normal,3+Vehicles-Multiple,AUTOROUTE A15,M,48.96954327815016,2.971667669114656
201800044888,NonLethal,2018-05-17,14:15:00,Daylight,930,7,No,NoIntersection,Normal,3+Vehicles-Chain,AUTOROUTE A1,M,48.94952854764239,2.9489385930343635
201800044889,NonLethal,2018-05-17,18:40:00,Daylight,950,527,No,NoIntersection,Normal,Other,A9001.06,M,48.987805672580336,2.988941731265243
201800044890,NonLethal,2018-05-17,16:15:00,Daylight,930,64,No,NoIntersection,Normal,3+Vehicles-Chain,AUTOROUTE A86,M,48.86857188061846,2.867687064333556
201800044891,NonLethal,2018-05-18,12:30:00,Daylight,930,6,No,NoIntersection,Normal,2Vehicles-Behind,AUTOROUTE A3,M,48.86594557657775,2.865472799444148
201800044892,NonLethal,2018-05-18,12:30:00,Daylight,950,277,No,NoIntersection,Normal,2Vehicles-Behind,AUTOROUTE A3,M,48.96976982546156,2.968577236460842
201800044893,NonLethal,2018-05-18,17:15:00,Daylight,950,572,No,NoIntersection,Normal,2Vehicles-Side,RN 184,M,49.04277288546711,2.0420592584676944
201800044894,NonLethal,2018-05-18,14:10:00,Daylight,950,277,No,NoIntersection,Normal,3+Vehicles-Chain,RD l70,M,48.97916194633356,2.977814542316474
201800044895,NonLethal,2018-05-18,19:35:00,Daylight,930,30,No,NoIntersection,Normal,3+Vehicles-Chain,AUTOROUTE A1,M,48.9388900642625,2.9397483689424533
201800044897,NonLethal,2018-05-19,14:15:00,Daylight,930,78,No,NoIntersection,Normal,2Vehicles-Side,AUTOROUTE A104,M,48.96583546003373,2.96611480077664
201800044898,NonLethal,2018-05-19,16:30:00,Daylight,950,18,No,NoIntersection,Normal,3+Vehicles-Chain,AUTOROUTE A15,M,48.95941928903266,2.9602621009823973
201800044899,NonLethal,2018-05-21,17:50:00,Daylight,930,7,No,NoIntersection,Normal,2Vehicles-Behind,AUTOROUTE A1,M,48.94772056827384,2.947488641174443
201800044900,NonLethal,2018-05-22,20:30:00,Daylight,930,27,No,NoIntersection,Normal,Other,AUTOROUTE A86,M,48.92956269958727,2.9297785719925327
201800044901,NonLethal,2018-05-22,21:38:00,TwilightOrDawn,920,78,No,NoIntersection,Normal,2Vehicles-Behind,AUTOROUTE A86,M,48.92975772895854,2.9302560626148195
201800044902,NonLethal,2018-05-22,21:35:00,NightNoStreetLight,930,27,No,NoIntersection,LightRain,2Vehicles-Side,AUTOROUTE A86,M,48.926496617993394,2.9251654863308514
201800044903,NonLethal,2018-05-22,19:30:00,Daylight,930,64,No,NoIntersection,LightRain,2Vehicles-Side,AUTOROUTE A86,M,48.87955160497195,2.878968334187189
201800044904,NonLethal,2018-05-23,16:00:00,Daylight,930,27,No,NoIntersection,Normal,2Vehicles-Behind,AUTOROUTE A1,M,48.93377916693895,2.935352118747201
201800044905,NonLethal,2018-05-24,06:35:00,TwilightOrDawn,930,66,No,NoIntersection,Normal,2Vehicles-Behind,AUTOROUTE A1,M,48.92102409303848,2.9195249910124432
201800044906,NonLethal,2018-05-24,09:30:00,Daylight,930,66,No,NoIntersection,Normal,NoCollision,AUTOROUTE A86,M,48.9218915040604,2.921823242691478
201800044908,NonLethal,2018-05-25,08:30:00,Daylight,930,29,No,NoIntersection,Normal,2Vehicles-Behind,AUTOROUTE A86,M,48.9198253730831,2.918551686796257
201800044909,NonLethal,2018-05-25,11:40:00,Daylight,950,555,No,NoIntersection,Normal,NoCollision,RD 170,M,48.97591026996698,2.975850915280198
201800044910,NonLethal,2018-05-25,14:05:00,Daylight,930,7,No,NoIntersection,Normal,3+Vehicles-Chain,AUTOROUTE A3,M,48.9422886391558,2.945691371143938
201800044911,NonLethal,2018-05-25,16:45:00,Daylight,930,66,No,NoIntersection,HeavyRain,2Vehicles-Behind,AUTOROUTE A1,M,48.93585105076932,2.9336211107595123
201800044912,NonLethal,2018-05-25,15:45:00,Daylight,600,505,No,NoIntersection,Normal,2Vehicles-Side,AUTOROUTE A1,M,49.17346949458924,2.173540311423903
201800044913,NonLethal,2018-05-25,16:20:00,Daylight,950,500,No,NoIntersection,Normal,2Vehicles-Side,AUTOROUTE A15,M,49.04271829090204,2.04322670356201
201800044914,NonLethal,2018-05-25,21:30:00,NightNoStreetLight,920,78,No,NoIntersection,HeavyRain,2Vehicles-Behind,AUTOROUTE A86,M,48.92948650694823,2.9298842114814234
201800044917,NonLethal,2018-04-05,07:50:00,Daylight,950,582,No,NoIntersection,Normal,2Vehicles-Behind,AUTOROUTE A15,M,48.97533565512661,2.975464830090522
201800044918,NonLethal,2018-05-27,15:15:00,Daylight,950,60,No,NoIntersection,Normal,Other,AUTOROUTE A115,M,49.041294699459804,2.041489008687343
201800044919,NonLethal,2018-05-28,11:15:00,Daylight,950,394,No,NoIntersection,Normal,2Vehicles-Side,AUTOROUTE A115,M,49.0509648120531,2.0498782622336664
201800044920,NonLethal,2018-05-29,01:05:00,NightStreelightsOff,930,64,No,NoIntersection,Overcast,3+Vehicles-Chain,AUTOROUTE A86,M,48.88836902688036,2.887633760583117
201800044922,NonLethal,2018-05-29,15:55:00,Daylight,930,53,No,NoIntersection,Normal,2Vehicles-Side,AUTOROUTE A3,M,48.88087822970646,2.884230299804769
201800044923,NonLethal,2018-05-29,14:40:00,Daylight,950,154,No,NoIntersection,Normal,Other,AUTOROUTE A1,M,49.04519784657732,2.0457766672254447
201800044924,NonLethal,2018-05-29,20:10:00,Daylight,930,66,No,NoIntersection,Normal,3+Vehicles-Chain,AUTOROUTE A1,M,48.91200300950965,2.9107989086093635
201800044925,NonLethal,2018-05-29,22:40:00,NightStreelightsOn,930,8,No,NoIntersection,HeavyRain,Other,AUTOROUTE A86,M,48.91674450205186,2.915662834280337
201800044926,NonLethal,2018-05-30,02:25:00,NightNoStreetLight,950,527,No,NoIntersection,LightRain,2Vehicles-Behind,AUTOROUTE A3,M,48.98709067221066,2.98708570298391
201800044927,NonLethal,2018-05-30,02:15:00,NightNoStreetLight,950,572,No,NoIntersection,LightRain,Other,A9015.07,M,49.03200845935676,2.033454897676811
201800044928,NonLethal,2018-05-31,08:15:00,Daylight,950,351,No,NoIntersection,Normal,2Vehicles-Behind,RN 104,M,49.03456183731165,2.0344635809776075
201800044929,NonLethal,2018-05-31,09:15:00,Daylight,930,48,No,NoIntersection,Normal,2Vehicles-Behind,AUTOROUTE A3,M,48.8708026806659,2.870342511093769
201800044930,NonLethal,2018-05-31,09:50:00,Daylight,930,10,No,NoIntersection,Normal,2Vehicles-Side,AUTOROUTE A3,M,48.889043611287214,2.8897789373563967
201800044931,NonLethal,2018-05-31,13:45:00,Daylight,950,42,No,NoIntersection,Normal,2Vehicles-Behind,RN 104,M,49.057821464219,2.0588474028458017
201800044932,NonLethal,2018-06-01,05:30:00,TwilightOrDawn,950,28,No,NoIntersection,Normal,2Vehicles-BehindVehicles-Frontal,RN 104,M,49.06235173408189,2.06278190718302
201800044933,NonLethal,2018-01-06,09:45:00,Daylight,950,424,No,NoIntersection,Normal,2Vehicles-Behind,AUTOROUTE A15,M,48.99258846722019,2.9930579444939074
201800044934,NonLethal,2018-01-06,16:00:00,Daylight,930,5,No,NoIntersection,Normal,2Vehicles-Side,AUTOROUTE A3,M,48.94347344681464,2.9436453248809444
201800044935,NonLethal,2018-01-06,17:50:00,Daylight,930,64,No,NoIntersection,LightRain,2Vehicles-Side,AUTOROUTE A86,M,48.87060469710052,2.87022528213123
201800044936,NonLethal,2018-06-01,20:15:00,Daylight,920,36,No,NoIntersection,Normal,3+Vehicles-Multiple,AUTOROUTE A15,M,48.94133469564813,2.9407969256493742
201800044937,NonLethal,2018-01-06,22:00:00,NightNoStreetLight,920,36,No,NoIntersection,HeavyRain,Other,AUTOROUTE A15,M,48.94611789472288,2.941658432583036
201800044938,NonLethal,2018-02-06,08:00:00,Daylight,930,53,No,NoIntersection,Normal,2Vehicles-Side,AUTOROUTE A3,M,48.89130710765547,2.891218967805479
201800044939,NonLethal,2018-06-02,05:45:00,TwilightOrDawn,950,607,No,NoIntersection,Normal,2Vehicles-Behind,AUTOROUTE A115,M,49.03758877644466,2.038187873425257
201800044940,NonLethal,2018-02-06,10:40:00,Daylight,930,66,No,NoIntersection,Normal,2Vehicles-Side,AUTOROUTE Al,M,48.901437585306624,2.901736183648522
201800044941,NonLethal,2018-06-03,21:50:00,Daylight,920,36,No,NoIntersection,Normal,Other,AUTOROUTE A86,M,48.93930550783899,2.9384998361697154
201800044942,NonLethal,2018-06-04,01:45:00,NightNoStreetLight,930,53,No,NoIntersection,Normal,2Vehicles-Behind,AUTOROUTE A3,M,48.89364517682209,2.895008074468552
201800044943,NonLethal,2018-06-03,17:50:00,Daylight,950,582,No,NoIntersection,Normal,3+Vehicles-Chain,AUTOROUTE A15,M,48.96369048909522,2.966208336279393
201800044945,NonLethal,2018-04-06,14:00:00,Daylight,930,66,No,NoIntersection,Normal,3+Vehicles-Chain,AUTOROUTE A1,M,48.91655405397256,2.9149494635802338
201800044946,NonLethal,2018-04-06,17:35:00,Daylight,930,66,No,NoIntersection,Normal,2Vehicles-Side,AUTOROUTE A1,M,48.92880284338536,2.9305809723087464
201800044947,NonLethal,2018-05-06,18:20:00,Daylight,930,66,No,NoIntersection,Normal,2Vehicles-Behind,AUTOROUTE A1,M,48.913226481733815,2.912504896774808
201800044948,NonLethal,2018-05-06,19:25:00,Daylight,930,66,No,Other,Normal,3+Vehicles-Multiple,AUTOROUTE A1,M,48.91248575757505,2.9126402294065006
201800044949,NonLethal,2018-06-06,09:50:00,Daylight,950,582,No,NoIntersection,LightRain,2Vehicles-Side,AUTOROUTE A15,M,48.97379951982506,2.97433433383517
201800044951,NonLethal,2018-06-06,11:30:00,Daylight,950,18,No,NoIntersection,LightRain,2Vehicles-Behind,AUTOROUTE A15,M,48.95369251894202,2.953151844876478
201800044952,NonLethal,2018-06-06,14:45:00,Daylight,930,64,No,NoIntersection,Normal,2Vehicles-Behind,AUTOROUTE Al03,M,48.887768667597626,2.886276400908476
201800044954,NonLethal,2018-06-06,22:45:00,NightNoStreetLight,920,36,No,NoIntersection,LightRain,Other,AUTOROUTE A86,M,48.93823642703315,2.9386718983151217
201800044955,NonLethal,2018-07-06,01:00:00,NightNoStreetLight,920,78,No,NoIntersection,LightRain,2Vehicles-Behind,AUTOROUTE A86,M,48.92964375512808,2.9299026277676417
201800044956,NonLethal,2018-06-07,07:40:00,Daylight,930,66,No,NoIntersection,Normal,2Vehicles-Behind,AUTOROUTE A1,M,48.92351682082872,2.9235802295842683
201800044957,NonLethal,2018-07-06,10:15:00,Daylight,950,18,No,NoIntersection,Normal,2Vehicles-Side,AUTOROUTE A15,M,48.962112178518616,2.961713123953013
201800044958,NonLethal,2018-06-07,10:50:00,Daylight,950,604,No,NoIntersection,Normal,2Vehicles-Behind,AUTOROUTE A1,M,49.09690542992424,2.0997795951033336
201800044959,NonLethal,2018-06-06,19:00:00,Daylight,950,582,No,NoIntersection,Overcast,2Vehicles-Side,AUTOROUTE A15,M,48.97192139611863,2.9730817209595286
201800044961,NonLethal,2018-06-08,15:30:00,Daylight,930,66,No,NoIntersection,Normal,2Vehicles-Behind,AUTOROUTE A1,M,48.934293759362895,2.934193788364116
201800044962,NonLethal,2018-08-06,22:10:00,NightNoStreetLight,930,48,No,NoIntersection,Normal,2Vehicles-Behind,AUTOROUTE A86,M,48.86669089793535,2.866505002583638
201800044963,NonLethal,2018-09-06,06:15:00,TwilightOrDawn,930,53,No,NoIntersection,Normal,2Vehicles-Behind,AUTOROUTE A 3,M,48.89287679125941,2.8913266172793266
201800044964,NonLethal,2018-06-09,23:30:00,NightStreelightsOff,930,53,No,NoIntersection,HeavyRain,Other,AUTOROUTE A86,M,48.88877952608573,2.888474015290734
201800044966,NonLethal,2018-06-10,09:05:00,Daylight,950,394,No,NoIntersection,Normal,Other,AUTOROUTE A115,M,49.050141305578194,2.050861298647783
201800044967,NonLethal,2018-10-06,16:50:00,Daylight,950,241,No,NoIntersection,Normal,NoCollision,RN 104,M,49.05261019953515,2.054164236165583
201800044968,NonLethal,2018-06-10,03:15:00,NightStreelightsOff,930,53,No,NoIntersection,Normal,2Vehicles-Behind,AUTOROUTE A3,M,48.89857732204369,2.898070283447339
201800044970,NonLethal,2018-12-06,08:15:00,Daylight,950,678,No,NoIntersection,HeavyRain,Other,RN 184,M,49.07294611501208,2.0727126463810115
201800044971,NonLethal,2018-12-06,09:15:00,Daylight,950,18,No,NoIntersection,HeavyRain,2Vehicles-Side,AUTOROUTE A15,M,48.94979945413579,2.952163137496729
201800044972,NonLethal,2018-06-12,11:20:00,Daylight,930,5,No,NoIntersection,LightRain,2Vehicles-Behind,AUTOROUTE A1,M,48.96370589713586,2.9625283240329745
201800044973,NonLethal,2018-06-12,17:40:00,Daylight,950,218,No,NoIntersection,Normal,2Vehicles-Side,AUTOROUTE A15,M,49.03428882485555,2.036131622137164
201800044974,NonLethal,2018-06-13,14:20:00,Daylight,930,63,No,NoIntersection,Normal,3+Vehicles-Multiple,AUTOROUTE A3,M,48.87703390462808,2.8764081978648117
201800044975,NonLethal,2018-06-13,18:15:00,Daylight,950,527,No,NoIntersection,Normal,2Vehicles-Behind,AUTOROUTE A3,M,48.983531530976265,2.981743326732288
201800044976,NonLethal,2018-06-14,08:20:00,Daylight,930,7,No,NoIntersection,Normal,2Vehicles-Side,AUTOROUTE A3,M,48.92732067639121,2.9239509796740792
201800044977,NonLethal,2018-06-14,10:00:00,Daylight,920,36,No,NoIntersection,Normal,2Vehicles-Side,AUTOROUTE A86,M,48.9369187297048,2.9386532122674414
201800044978,NonLethal,2018-06-14,09:40:00,Daylight,950,582,No,NoIntersection,Normal,2Vehicles-Side,AUTOROUTE A15,M,48.974567608499,2.976019770148905
201800044979,NonLethal,2018-06-14,16:00:00,Daylight,600,494,No,NoIntersection,Normal,Other,AUTOROUTE A1,M,49.12569318245117,2.1275671985046887
201800044980,NonLethal,2018-06-14,19:00:00,Daylight,930,48,No,NoIntersection,Normal,2Vehicles-Behind,AUTOROUTE A3,M,48.872432288112215,2.871455957331208
201800044981,NonLethal,2018-06-14,08:20:00,Daylight,950,555,No,NoIntersection,Normal,2Vehicles-Side,RD 170,M,48.97048077756835,2.970683319659594
201800044982,NonLethal,2018-06-15,09:34:00,Daylight,920,78,No,NoIntersection,Normal,3+Vehicles-Multiple,AUTOROUTE A86,M,48.92853575616232,2.930109776251085
201800044983,NonLethal,2018-06-15,17:30:00,Daylight,930,1,No,NoIntersection,Normal,2Vehicles-Side,AUTOROUTE A86,M,48.912773940467,2.9114875026481584
201800044984,NonLethal,2018-06-15,20:20:00,TwilightOrDawn,930,48,No,NoIntersection,Normal,3+Vehicles-Multiple,AUTOROUTE A86,M,48.8666543318232,2.865734714148563
201800044985,NonLethal,2018-06-16,00:40:00,NightNoStreetLight,950,252,No,NoIntersection,Normal,2Vehicles-Side,AUTOROUTE Al5,M,48.98487294110726,2.9863688847857315
201800044986,NonLethal,2018-06-16,20:20:00,Daylight,950,580,No,NoIntersection,Normal,Other,AUTOROUTE A1,M,49.08802527779017,2.0863001538349724
201800044987,NonLethal,2018-06-17,07:40:00,Daylight,930,10,No,NoIntersection,Normal,Other,AUTOROUTE A3,M,48.90600380937799,2.904993434784043
201800044988,NonLethal,2018-06-17,15:30:00,Daylight,930,64,No,NoIntersection,Normal,3+Vehicles-Chain,AUTOROUTE A86,M,48.87898932382029,2.879279437658697
201800044990,NonLethal,2018-06-18,17:45:00,Daylight,950,678,No,NoIntersection,Normal,3+Vehicles-Multiple,RN 184,M,49.07346071134071,2.071696487672841
201800044991,NonLethal,2018-06-19,09:09:00,Daylight,950,582,No,NoIntersection,Normal,2Vehicles-Behind,RD 170,M,48.96478695058247,2.965361929224477
201800044992,NonLethal,2018-06-19,11:15:00,Daylight,930,5,No,NoIntersection,Normal,3+Vehicles-Multiple,AUTOROUTE A3,M,48.951678652986025,2.9520172647706024
201800044993,NonLethal,2018-06-19,12:45:00,Daylight,930,53,No,NoIntersection,Normal,3+Vehicles-Multiple,AUTOROUTE A3,M,48.88109377804291,2.884246828346783
201800044994,NonLethal,2018-06-19,21:00:00,Daylight,920,78,No,NoIntersection,Normal,Other,AUTOROUTE A86,M,48.93000698438413,2.9301826034447056
201800044996,NonLethal,2018-06-20,10:00:00,Daylight,950,277,No,NoIntersection,Normal,2Vehicles-Behind,AUTOROUTE A1,M,48.97042370589052,2.969597614865229
201800044998,NonLethal,2018-06-20,23:25:00,NightNoStreetLight,920,36,No,NoIntersection,Normal,Other,AUTOROUTE A86,M,48.9274677053235,2.9291343813319988
201800045000,NonLethal,2018-06-20,07:50:00,Daylight,930,1,No,NoIntersection,Normal,2Vehicles-Side,AUTOROUTE A86,M,48.920344121705696,2.9207126563879173
201800045001,NonLethal,2018-06-21,13:50:00,Daylight,770,282,No,NoIntersection,Normal,2Vehicles-Behind,AUTOROUTE A1,M,49.0230318525093,2.022379655216457
201800045003,NonLethal,2018-06-21,20:05:00,Daylight,930,27,No,NoIntersection,Normal,2Vehicles-Behind,AUTOROUTE A1,M,48.93669765309155,2.9358027271965708
201800045004,NonLethal,2018-06-22,22:30:00,NightStreelightsOff,930,66,No,NoIntersection,Normal,3+Vehicles-Multiple,AUTOROUTE A86,M,48.92214073990959,2.922135165600885
201800045005,NonLethal,2018-06-23,00:05:00,NightNoStreetLight,950,572,No,NoIntersection,Normal,2Vehicles-Side,RN l84,M,49.03328182304752,2.0336724011787317
201800045006,NonLethal,2018-06-23,10:15:00,Daylight,950,252,No,NoIntersection,Normal,2Vehicles-Behind,AUTOROUTE A15,M,48.983865019165904,2.9851506984928324
201800045007,NonLethal,2018-06-24,14:50:00,Daylight,930,64,No,NoIntersection,Normal,3+Vehicles-Chain,AUTOROUTE A86,M,48.88892074063612,2.8891279832578087
201800045008,NonLethal,2018-06-24,23:10:00,NightNoStreetLight,930,53,No,NoIntersection,Normal,Other,AUTOROUTE A103,M,48.88819646439858,2.889047640989538
201800045009,NonLethal,2018-06-25,08:00:00,Daylight,950,154,No,NoIntersection,Normal,2Vehicles-Behind,AUTOROUTE A1,M,49.03505604101822,2.035651238607436
201800045010,NonLethal,2018-06-26,07:25:00,Daylight,950,252,No,NoIntersection,Normal,2Vehicles-Behind,AUTOROUTE A15,M,48.9888980433625,2.9876227381017664
201800045011,NonLethal,2018-06-26,08:45:00,Daylight,930,13,No,NoIntersection,Normal,3+Vehicles-Chain,AUTOROUTE A1,M,48.9417423483731,2.939047931339853
201800045012,NonLethal,2018-06-26,08:15:00,Daylight,930,63,No,NoIntersection,Normal,3+Vehicles-Chain,AUTOROUTE A3,M,48.877796181969984,2.878443940066673
201800045013,NonLethal,2018-06-26,09:30:00,Daylight,930,53,No,NoIntersection,Normal,2Vehicles-Side,AUTOROUTE A3,M,48.88279303794332,2.883550914211041
201800045016,NonLethal,2018-06-27,08:24:00,Daylight,950,582,No,NoIntersection,Normal,2Vehicles-Side,AUTOROUTE A115,M,48.97566074366853,2.9758973183892823
201800045018,NonLethal,2018-06-27,09:15:00,Daylight,950,277,No,NoIntersection,Normal,3+Vehicles-Chain,RD l70,M,48.97746713614491,2.977573839170453
201800045019,NonLethal,2018-06-27,19:30:00,Daylight,930,66,No,NoIntersection,Normal,2Vehicles-Side,AUTOROUTE A86,M,48.9233682637867,2.924926690276813
201800045020,NonLethal,2018-06-27,20:00:00,Daylight,930,27,No,NoIntersection,Normal,Other,AUTOROUTE A 86,M,48.92458610167305,2.9255795207402926
201800045021,NonLethal,2018-06-28,02:05:00,NightNoStreetLight,930,5,No,NoIntersection,Normal,Other,AUTOROUTE A3,M,48.96206304203477,2.9609452224933106
201800045022,NonLethal,2018-06-27,18:45:00,Daylight,950,572,No,NoIntersection,Normal,3+Vehicles-Chain,AUTOROUTE A15,M,49.03431717543938,2.0333671361033234
201800045023,Lethal,2018-06-28,06:50:00,Daylight,930,53,No,NoIntersection,Normal,Other,AUTOROUTE A103,M,48.88638549833831,2.8889571089892305
201800045024,NonLethal,2018-06-29,00:35:00,NightNoStreetLight,950,394,No,NoIntersection,Normal,Other,RN 184,M,49.05229569065331,2.0527370547174795
201800045025,NonLethal,2018-06-29,11:00:00,Daylight,930,64,No,NoIntersection,Normal,3+Vehicles-Multiple,AUTOROUTE A86,M,48.88089245824142,2.881968412982395
201800045026,NonLethal,2018-06-29,15:00:00,Daylight,950,582,No,NoIntersection,Normal,2Vehicles-Side,AUTOROUTE A15,M,48.96621826299451,2.965763340524611
201800045027,NonLethal,2018-06-29,17:00:00,Daylight,930,66,No,NoIntersection,Normal,2Vehicles-Behind,AUTOROUTE A1,M,48.92034823320093,2.9194022203314804
201800045028,NonLethal,2018-06-30,01:00:00,NightNoStreetLight,950,252,No,NoIntersection,Normal,2Vehicles-Side,AUTOROUTE A15,M,48.98292895955447,2.984205006652952
201800045029,NonLethal,2018-06-30,12:15:00,Daylight,930,63,No,NoIntersection,Normal,2Vehicles-Behind,AUTOROUTE A3,M,48.8727250556849,2.8735969188594104
201800045030,NonLethal,2018-06-30,16:10:00,Daylight,930,66,No,NoIntersection,Normal,2Vehicles-Behind,AUTOROUTE A86,M,48.92084835113807,2.921738070418646
201800045031,NonLethal,2018-06-30,18:45:00,Daylight,950,582,No,NoIntersection,Normal,2Vehicles-Side,AUTOROUTE A115,M,48.97338204867986,2.9731566144863715
201800045032,NonLethal,2018-01-07,06:30:00,Daylight,950,394,No,NoIntersection,Normal,Other,AUTOROUTE A115,M,49.052434403023646,2.0507609558152744
201800045033,NonLethal,2018-07-01,22:00:00,TwilightOrDawn,930,29,No,NoIntersection,Normal,Other,AUTOROUTE A86,M,48.919152071393135,2.921956063588792
201800045034,NonLethal,2018-07-02,11:00:00,Daylight,930,13,No,NoIntersection,Normal,2Vehicles-Behind,AUTOROUTE A1,M,48.93966447189297,2.938778160159088
201800045036,NonLethal,2018-03-07,08:00:00,Daylight,950,18,No,NoIntersection,Normal,3+Vehicles-Chain,RD 170,M,48.96215494739536,2.961847380728777
201800045037,NonLethal,2018-07-03,08:40:00,Daylight,930,8,No,Other,Normal,2Vehicles-Behind,AUTOROUTE A86,M,49.91045335472581,2.910686890083341
201800045038,NonLethal,2018-07-03,06:50:00,Daylight,930,78,No,NoIntersection,Normal,2Vehicles-Side,AUTOROUTE A1O4,M,48.97273545918505,2.971261854202718
201800045039,NonLethal,2018-03-07,09:30:00,Daylight,950,28,No,NoIntersection,Normal,2Vehicles-Behind,RN 104,M,49.0639415756771,2.0632987056940904
201800045040,Lethal,2018-07-03,10:40:00,Daylight,950,28,No,NoIntersection,Normal,2Vehicles-Behind,RN 104,M,49.06300180400621,2.064839692929111
201800045041,NonLethal,2018-07-03,19:45:00,Daylight,930,66,No,NoIntersection,Normal,2Vehicles-Behind,AUTOROUTE A1,M,48.92147609736602,2.9239534721951457
201800045042,NonLethal,2018-03-07,20:10:00,Daylight,930,53,No,NoIntersection,Normal,2Vehicles-Side,AUTOROUTE A3,M,48.89231615728803,2.8940949899016406
201800045044,NonLethal,2018-07-04,19:25:00,Daylight,920,36,No,NoIntersection,Normal,2Vehicles-Behind,AUTOROUTE A86,M,48.93286059219768,2.9328201875038364
201800045045,NonLethal,2018-05-07,09:20:00,Daylight,950,527,No,NoIntersection,Normal,2Vehicles-Behind,AUTOROUTE A3,M,48.98632316912466,2.986993711927573
201800045046,NonLethal,2018-05-07,17:00:00,Daylight,930,64,No,NoIntersection,Normal,3+Vehicles-Multiple,AUTOROUTE A86,M,48.87784338703144,2.8776971645934863
201800045048,NonLethal,2018-06-07,09:00:00,Daylight,600,631,No,NoIntersection,Normal,2Vehicles-Behind,AUTOROUTE A1,M,49.15764380981344,2.158638053404126
201800045049,NonLethal,2018-07-06,13:35:00,Daylight,950,527,No,NoIntersection,Normal,Other,AUTOROUTE A3,M,48.99383042473386,2.995592362793973
201800045050,NonLethal,2018-07-06,22:30:00,NightNoStreetLight,930,53,No,NoIntersection,Normal,3+Vehicles-Chain,AUTOROUTE A3,M,48.89203781904793,2.894750798172569
201800045051,NonLethal,2018-07-07,00:20:00,NightNoStreetLight,930,53,No,NoIntersection,Normal,3+Vehicles-Chain,AUTOROUTE A86,M,48.90308936171088,2.9030527874311254
201800045053,NonLethal,2018-07-07,05:20:00,TwilightOrDawn,950,306,No,NoIntersection,Normal,2Vehicles-Behind,AUTOROUTE A15,M,49.00305140630616,2.0036800350775423
201800045054,NonLethal,2018-07-07,11:45:00,Daylight,930,66,No,NoIntersection,Normal,2Vehicles-Behind,AUTOROUTE A1,M,48.90897922122007,2.906008793683593
201800045055,NonLethal,2018-07-07,12:30:00,Daylight,930,27,No,NoIntersection,Normal,3+Vehicles-Chain,AUTOROUTE A86,M,48.92538093843809,2.924177131133981
201800045056,NonLethal,2018-06-07,19:05:00,Daylight,930,6,No,NoIntersection,Normal,2Vehicles-Behind,AUTOROUTE A3,M,48.86631735473856,2.865870921820832
201800045057,Lethal,2018-07-07,21:20:00,TwilightOrDawn,950,675,No,NoIntersection,Normal,Other,AUTOROUTE A1,M,49.054086272503625,2.0532731654268126
201800045058,NonLethal,2018-07-08,02:35:00,NightNoStreetLight,600,505,No,NoIntersection,Normal,NoCollision,AUTOROUTE A1,M,49.17132049367656,2.171894277623732
201800045060,NonLethal,2018-07-08,15:15:00,Daylight,930,64,No,NoIntersection,Normal,2Vehicles-Side,AUTOROUTE A86,M,48.87936574844706,2.8809046388662534
201800045061,NonLethal,2018-07-08,21:45:00,Daylight,950,563,No,NoIntersection,Normal,2Vehicles-Behind,AUTOROUTE A115,M,49.011648248170495,2.0103886829170348
201800045062,NonLethal,2018-07-07,16:30:00,Daylight,930,48,No,NoIntersection,Normal,2Vehicles-Side,AUTOROUTE A3,M,48.87369501404583,2.8731963574549386
201800045064,NonLethal,2018-09-07,18:15:00,Daylight,950,60,No,NoIntersection,Normal,Other,AUTOROUTE A115,M,49.0428484062102,2.0410579047951325
201800045065,NonLethal,2018-10-07,05:50:00,TwilightOrDawn,920,36,No,NoIntersection,Normal,Other,AUTOROUTE A15,M,48.9497119356517,2.949328578692696
201800045066,NonLethal,2018-10-07,14:00:00,Daylight,950,18,No,NoIntersection,Normal,Other,A 901503,M,48.96181178484758,2.963266476268116
201800045067,NonLethal,2018-06-28,08:30:00,Daylight,950,277,No,NoIntersection,Normal,2Vehicles-Behind,RD 170,M,48.97926506823498,2.977058728097514
201800045068,NonLethal,2018-07-11,07:50:00,Daylight,930,7,No,NoIntersection,Normal,2Vehicles-Behind,AUTOROUTE A3,M,48.92331101935633,2.9231772924592017
201800045069,NonLethal,2018-07-12,08:30:00,Daylight,950,582,No,NoIntersection,Normal,Other,AUTOROUTE A115,M,48.980433534491226,2.981709164694257
201800045070,NonLethal,2018-12-07,12:15:00,Daylight,950,424,No,NoIntersection,Normal,Other,AUTOROUTE A15,M,48.991995780715904,2.9940024505384266
201800045071,NonLethal,2018-07-12,15:55:00,Daylight,930,39,No,NoIntersection,Normal,2Vehicles-Behind,AUTOROUTE A86,M,48.925363764862375,2.927533285146733