AccidentId,Gravity,Date,Hour,Light,Department,Commune,InAgglomeration,IntersectionType,Weather,CollisionType,PostalAddress,GPSCode,Latitude,Longitude
201800045072,NonLethal,2018-12-07,17:45:00,Daylight,930,5,No,NoIntersection,Normal,2Vehicles-Behind,AUTOROUTE A3,M,48.96850327608012,2.968063799217429
201800045074,NonLethal,2018-07-13,18:25:00,Daylight,950,500,No,NoIntersection,Normal,2Vehicles-Behind,AUTOROUTE A15,M,49.04035786590694,2.040889363899494
201800045076,NonLethal,2018-07-15,18:50:00,Daylight,930,53,No,NoIntersection,Normal,Other,AUTOROUTE A103,M,48.88709112475974,2.8873439190613603
201800045077,NonLethal,2018-07-15,21:30:00,Daylight,950,277,No,NoIntersection,Normal,Other,AUTOROUTE A3,M,48.97685165352644,2.9755712391411557
201800045078,NonLethal,2018-07-16,02:00:00,NightNoStreetLight,950,252,No,NoIntersection,Normal,2Vehicles-Behind,AUTOROUTE A15,M,48.98397834710235,2.9840536708939163
201800045079,NonLethal,2018-07-15,23:40:00,NightStreelightsOff,930,48,No,NoIntersection,Normal,2Vehicles-Side,AUTOROUTE A3,M,48.867706748628486,2.869950394937716
201800045081,NonLethal,2018-07-16,06:20:00,Daylight,950,582,No,NoIntersection,Normal,2Vehicles-Side,AUTOROUTE A15,M,48.96546954880576,2.9630304852371387
201800045082,NonLethal,2018-07-16,15:45:00,Daylight,930,78,No,NoIntersection,Normal,3+Vehicles-Chain,AUTOROUTE A104,M,48.96825009685992,2.9681635938962208
201800045083,NonLethal,2018-07-17,16:35:00,Daylight,950,582,No,NoIntersection,Normal,Other,AUTOROUTE A115,M,48.98282920371264,2.981525345118983
201800045084,NonLethal,2018-07-17,18:10:00,Daylight,950,18,No,NoIntersection,Normal,NoCollision,AUTOROUTE A15,M,48.95462495578189,2.9545753487568382
201800045085,NonLethal,2018-07-17,19:30:00,Daylight,930,10,No,NoIntersection,Normal,NoCollision,AUTOROUTE A3,M,48.90314130744392,2.9047203033981037
201800045086,NonLethal,2018-06-27,02:45:00,NightNoStreetLight,930,66,No,NoIntersection,Normal,NoCollision,AUTOROUTE A1,M,48.921482756133074,2.9260319102474
201800045087,NonLethal,2018-07-18,10:50:00,Daylight,930,6,No,NoIntersection,Normal,2Vehicles-Behind,AUTOROUTE A3,M,48.866796196304286,2.8665423688725324
201800045088,NonLethal,2018-07-19,14:35:00,Daylight,930,5,No,NoIntersection,Normal,3+Vehicles-Multiple,AUTOROUTE A 3,M,48.96893130717369,2.9674249075533248
201800045089,NonLethal,2018-07-20,08:46:00,Daylight,950,277,No,NoIntersection,LightRain,2Vehicles-Side,AUTOROUTE A1,M,48.95424385529783,2.955199378394462
201800045090,NonLethal,2018-07-20,09:45:00,Daylight,950,18,No,NoIntersection,Normal,2Vehicles-Side,AUTOROUTE A15,M,48.95964944162161,2.958776028635329
201800045091,NonLethal,2018-07-20,16:00:00,Daylight,930,66,No,NoIntersection,Normal,2Vehicles-Side,AUTOROUTE A86,M,48.923886129853486,2.9248762552844485
201800045092,NonLethal,2018-07-20,14:30:00,Daylight,920,36,No,NoIntersection,Normal,2Vehicles-Behind,AUTOROUTE A86,M,48.93729853538849,2.9372408690958483
201800045093,NonLethal,2018-07-20,16:30:00,Daylight,950,18,No,NoIntersection,LightRain,2Vehicles-Behind,AUTOROUTE A15,M,48.9610107488411,2.9601764795379424
201800045094,NonLethal,2018-07-20,20:15:00,Daylight,950,277,No,NoIntersection,LightRain,Other,RD 170 B5,M,48.97432746645584,2.973695849999196
201800045098,NonLethal,2018-07-23,18:30:00,Daylight,930,10,No,NoIntersection,Normal,3+Vehicles-Multiple,AUTOROUTE A3,M,48.91118317237551,2.909146345754195
201800045099,NonLethal,2018-07-24,12:20:00,Daylight,930,7,No,NoIntersection,Normal,2Vehicles-Behind,AUTOROUTE A1,M,48.9420151976877,2.945151099345168
201800045101,NonLethal,2018-07-25,00:30:00,NightStreelightsOff,950,582,No,NoIntersection,Normal,Other,AUTOROUTE A15,M,48.97445852677295,2.974160921443465
201800045102,NonLethal,2018-07-25,08:45:00,Daylight,930,13,No,NoIntersection,Normal,2Vehicles-Behind,AUTOROUTE A 1,M,48.93932278635539,2.9398073799847277
201800045103,Lethal,2018-07-27,06:05:00,TwilightOrDawn,950,18,No,NoIntersection,Normal,Other,AUTOROUTE A15,M,48.96202187607683,2.9598449644515683
201800045104,NonLethal,2018-07-26,18:00:00,Daylight,950,607,No,NoIntersection,Normal,3+Vehicles-Chain,AUTOROUTE A115,M,49.01633209711131,2.013712436962045
201800045105,NonLethal,2018-07-27,15:30:00,Daylight,930,66,No,NoIntersection,Normal,NoCollision,AUTOROUTE A1,M,48.92722912019083,2.928502469774013
201800045106,NonLethal,2018-07-28,06:15:00,TwilightOrDawn,930,66,No,NoIntersection,Normal,Other,AUTOROUTE A1,M,48.91696403151972,2.9176129454338047
201800045107,NonLethal,2018-07-28,18:50:00,Daylight,950,256,No,NoIntersection,Normal,2Vehicles-Behind,AUTOROUTE A115,M,49.04610484732819,2.047485317010084
201800045108,NonLethal,2018-07-29,01:30:00,NightNoStreetLight,950,582,No,NoIntersection,Normal,2Vehicles-Behind,AUTOROUTE A15,M,48.9745630726112,2.972814367357862
201800045109,NonLethal,2018-07-30,07:00:00,Daylight,950,18,No,NoIntersection,Normal,2Vehicles-Side,AUTOROUTE A15,M,48.96017391850567,2.960848311898958
201800045110,NonLethal,2018-07-30,08:55:00,Daylight,920,36,No,NoIntersection,Normal,Other,AUTOROUTE A15,M,48.93768702968025,2.93794056286532
201800045111,NonLethal,2018-07-30,17:20:00,Daylight,920,36,No,NoIntersection,Normal,2Vehicles-Side,AUTOROUTE A86,M,48.93561311433273,2.935180084951279
201800045112,NonLethal,2018-07-31,08:00:00,Daylight,950,572,No,NoIntersection,Normal,NoCollision,AUTOROUTE A15,M,49.03096097126328,2.0317637491977654
201800045113,NonLethal,2018-07-31,08:45:00,Daylight,950,18,No,NoIntersection,Normal,3+Vehicles-Chain,RD 170,M,48.9637705731227,2.962478582791426
201800045114,NonLethal,2018-07-31,17:00:00,Daylight,950,582,No,NoIntersection,Normal,2Vehicles-Behind,AUTOROUTE A15,M,48.96918268929578,2.969204515735824
201800045115,NonLethal,2018-08-01,09:45:00,Daylight,950,18,No,NoIntersection,Normal,2Vehicles-Side,AUTOROUTE A15,M,48.95896793663303,2.958383476193628
201800045116,NonLethal,2018-08-01,19:05:00,Daylight,930,5,No,NoIntersection,Normal,2Vehicles-Side,AUTOROUTE A3,M,48.95231980661898,2.9528707328822708
201800045117,NonLethal,2018-08-02,01:00:00,NightNoStreetLight,930,63,No,NoIntersection,Normal,2Vehicles-Behind,AUTOROUTE A 3,M,48.87965989678589,2.879598039741155
201800045118,NonLethal,2018-02-08,10:05:00,Daylight,930,53,No,NoIntersection,Normal,2Vehicles-Behind,AUTOROUTE A3,M,48.88348934510234,2.884992808942552
201800045119,NonLethal,2018-03-08,06:45:00,TwilightOrDawn,930,5,No,NoIntersection,Normal,3+Vehicles-Multiple,AUTOROUTE A1,M,48.95801864174614,2.9580264602835644
201800045120,NonLethal,2018-04-08,11:10:00,Daylight,930,7,No,NoIntersection,Normal,3+Vehicles-Chain,AUTOROUTE A3,M,48.93598062813195,2.9373998550331684
201800045121,NonLethal,2018-04-08,12:40:00,Daylight,950,394,No,NoIntersection,Normal,2Vehicles-Behind,AUTOROUTE A115,M,49.04519248899071,2.046871109395464
201800045122,NonLethal,2018-08-04,18:20:00,Daylight,930,7,No,NoIntersection,Normal,2Vehicles-Behind,AUTOROUTE A3,M,48.94145502553086,2.942762865344575
201800045123,NonLethal,2018-08-04,04:35:00,NightNoStreetLight,950,306,No,NoIntersection,Normal,3+Vehicles-Multiple,AUTOROUTE A15,M,49.00108786904224,3.0004977896514187
201800045124,NonLethal,2018-08-04,23:10:00,NightNoStreetLight,950,18,No,NoIntersection,Normal,2Vehicles-Behind,AUTOROUTE A15,M,48.95321426882449,2.953117574450212
201800045125,NonLethal,2018-08-05,15:20:00,Daylight,950,277,No,NoIntersection,Normal,Other,RD 170,M,48.97861108631874,2.9761790243206274
201800045126,NonLethal,2018-08-06,13:00:00,Daylight,950,306,No,NoIntersection,Normal,Other,AUTOROUTE A15,M,49.00178912646424,2.001423053717586
201800045127,NonLethal,2018-06-08,16:00:00,Daylight,930,7,No,NoIntersection,Normal,NoCollision,AUTOROUTE A1,M,48.95287588909101,2.9525796788080347
201800045129,NonLethal,2018-08-07,13:30:00,Daylight,930,53,No,NoIntersection,Normal,2Vehicles-Side,AUTOROUTE A3,M,48.89956273142458,2.898899251818667
201800045131,NonLethal,2018-08-07,21:20:00,Daylight,930,27,No,NoIntersection,Normal,2Vehicles-BehindVehicles-Frontal,AUTOROUTE A86,M,48.92656283578482,2.926471268216206
201800045132,NonLethal,2018-08-08,18:30:00,Daylight,930,5,No,NoIntersection,Normal,3+Vehicles-Chain,AUTOROUTE A104,M,48.97150352997344,2.9728015800145746
201800045133,NonLethal,2018-08-10,11:10:00,Daylight,930,66,No,NoIntersection,Normal,2Vehicles-Behind,AUTOROUTE A1,M,48.907356139857335,2.9096034041810426
201800045134,NonLethal,2018-08-10,21:40:00,NightNoStreetLight,600,505,No,NoIntersection,Normal,2Vehicles-Behind,AUTOROUTE A1,M,49.16883618236941,2.1685954730560257
201800045137,NonLethal,2018-08-14,14:15:00,Daylight,950,394,No,NoIntersection,Normal,2Vehicles-Behind,RN 184,M,49.05157133167164,2.0523346959155533
201800045139,NonLethal,2018-08-15,06:40:00,TwilightOrDawn,930,5,No,NoIntersection,Normal,Other,AUTOROUTE A3,M,48.95706905473381,2.957515917194333
201800045140,NonLethal,2018-08-15,08:00:00,Daylight,950,678,No,NoIntersection,Normal,Other,RN 104,M,49.06919859157535,2.0685497097710197
201800045142,NonLethal,2018-08-16,15:45:00,Daylight,950,678,No,NoIntersection,Normal,2Vehicles-Behind,RN l84,M,49.07266697209336,2.0697767652855723
201800045144,NonLethal,2018-08-19,09:35:00,Daylight,930,10,No,NoIntersection,Normal,3+Vehicles-Multiple,AUTOROUTE A3,M,48.88961899848448,2.888104701199672
201800045145,NonLethal,2018-08-20,16:40:00,Daylight,930,5,No,NoIntersection,Normal,2Vehicles-Behind,AUTOROUTE A3,M,48.95831413937372,2.9586867806618726
201800045146,NonLethal,2018-08-20,22:00:00,NightNoStreetLight,950,572,No,NoIntersection,Normal,2Vehicles-Behind,AUTOROUTE A15,M,49.03165845891108,2.0320430607010804
201800045147,NonLethal,2018-08-21,03:40:00,NightNoStreetLight,930,66,No,NoIntersection,Normal,Other,AUTOROUTE A1,M,48.92940143352628,2.929433124473257
201800045148,NonLethal,2018-08-21,15:00:00,Daylight,950,582,No,NoIntersection,Normal,3+Vehicles-Multiple,AUTOROUTE A115,M,48.97285554064394,2.9725504598185517
201800045149,NonLethal,2018-08-21,18:00:00,Daylight,950,306,No,NoIntersection,Normal,2Vehicles-Behind,AUTOROUTE A15,M,49.00719668080917,2.0070514188382385
201800045150,NonLethal,2018-08-22,20:20:00,Daylight,930,27,No,NoIntersection,Normal,2Vehicles-Behind,AUTOROUTE A1,M,48.93427968837937,2.933570670268669
201800045151,NonLethal,2018-08-23,12:30:00,Daylight,930,53,No,NoIntersection,Normal,2Vehicles-Behind,AUTOROUTE A3,M,48.88319014311354,2.8846048108912643
201800045152,NonLethal,2018-08-24,12:50:00,Daylight,930,6,No,NoIntersection,Normal,Other,AUTOROUTE A3,M,48.865554216992976,2.8646674053206973
201800045153,NonLethal,2018-08-24,16:00:00,Daylight,930,48,No,NoIntersection,Normal,3+Vehicles-Chain,AUTOROUTE A 3,M,48.87018833723515,2.87006476391193
201800045154,NonLethal,2018-08-26,00:30:00,NightStreelightsOn,930,66,No,NoIntersection,Normal,3+Vehicles-Multiple,AUTOROUTE A1,M,48.923324840596365,2.9232890148922515
201800045155,NonLethal,2018-08-26,21:40:00,NightNoStreetLight,950,582,No,NoIntersection,Normal,2Vehicles-Behind,A115,M,48.97592675955808,2.9745931170747717
201800045156,NonLethal,2018-08-27,17:10:00,Daylight,930,63,No,NoIntersection,Normal,NoCollision,AUTOROUTE A3,M,48.87900615096856,2.878588444166488
201800045157,NonLethal,2018-08-27,18:00:00,Daylight,930,66,No,NoIntersection,Normal,2Vehicles-Behind,AUTOROUTE A86,M,48.927020653652185,2.9259475430081143
201800045158,NonLethal,2018-08-27,18:52:00,Daylight,930,66,No,NoIntersection,Normal,2Vehicles-Behind,AUTOROUTE A1,M,48.90872990820928,2.909503121632251
201800045159,Lethal,2018-08-28,03:05:00,NightNoStreetLight,930,63,No,NoIntersection,Normal,NoCollision,AUTOROUTE A3,M,48.87919159415229,2.8782078413400654
201800045160,NonLethal,2018-08-28,09:55:00,Daylight,930,53,No,NoIntersection,Normal,2Vehicles-Behind,AUTOROUTE A3,M,48.88263458036211,2.8848589799157622
201800045161,NonLethal,2018-08-29,10:30:00,Daylight,950,394,No,NoIntersection,LightRain,Other,AUTOROUTE A115,M,49.05196151987463,2.05118490955814
201800045162,NonLethal,2018-08-29,12:10:00,Daylight,950,18,No,NoIntersection,Normal,2Vehicles-Behind,AUTOROUTE A15,M,48.96023996587278,2.960329635037951
201800045163,NonLethal,2018-08-29,14:20:00,Daylight,950,18,No,NoIntersection,LightRain,Other,RD 170,M,48.96213671247433,2.963245589058132
201800045164,NonLethal,2018-08-30,23:25:00,NightStreelightsOn,930,8,No,NoIntersection,Normal,2Vehicles-Behind,AUTOROUTE A86,M,48.90818063131713,2.906627439928095
201800045165,NonLethal,2018-08-31,14:10:00,Daylight,950,127,No,NoIntersection,Normal,2Vehicles-Side,AUTOROUTE A15,M,49.041433825884326,2.0414537147365635
201800045166,NonLethal,2018-01-09,06:35:00,TwilightOrDawn,950,580,No,NoIntersection,Normal,2Vehicles-Side,AUTOROUTE A1,M,49.09433263975456,2.096120586873238
201800045169,NonLethal,2018-09-03,02:30:00,NightNoStreetLight,950,572,No,NoIntersection,Normal,2Vehicles-Side,AUTOROUTE A15,M,49.02974084777719,2.0311398713864897
201800045170,NonLethal,2018-09-03,22:30:00,NightNoStreetLight,600,631,No,NoIntersection,Normal,Other,AUTOROUTE A1,M,49.14854370812725,2.1511689042412865
201800045173,NonLethal,2018-04-09,14:20:00,Daylight,930,63,No,NoIntersection,Normal,2Vehicles-Behind,AUTOROUTE A3,M,48.87659215759599,2.8743660063499608
201800045175,NonLethal,2018-06-09,09:00:00,Daylight,950,219,No,NoIntersection,Normal,2Vehicles-Behind,AUTOROUTE A115,M,48.99263048504896,2.995389394322637
201800045176,NonLethal,2018-06-09,10:05:00,Daylight,950,491,No,NoIntersection,LightRain,2Vehicles-Side,AUTOROUTE A115,M,48.99701708028345,2.9991119392465677
201800045177,NonLethal,2018-06-09,17:45:00,Daylight,930,39,No,NoIntersection,Normal,2Vehicles-Side,AUTOROUTE A86,M,48.927347000597855,2.9262311172348903
201800045178,NonLethal,2018-09-07,13:15:00,Daylight,930,13,No,NoIntersection,Normal,3+Vehicles-Multiple,AUTOROUTE A1,M,48.938921283557605,2.9412823944423847
201800045179,NonLethal,2018-07-09,14:30:00,Daylight,950,678,No,NoIntersection,Normal,3+Vehicles-Multiple,RN 184,M,49.0668412983533,2.062053644546997
201800045180,NonLethal,2018-09-07,16:15:00,Daylight,930,13,No,NoIntersection,Normal,3+Vehicles-Chain,AUTOROUTE A1,M,48.93997107924496,2.939138041779214
201800045181,NonLethal,2018-09-08,01:17:00,NightStreelightsOff,950,527,No,NoIntersection,Normal,2Vehicles-Behind,AUTOROUTE A1,M,48.99798519090065,2.998473882529658
201800045182,NonLethal,2018-09-08,13:50:00,Daylight,920,36,No,NoIntersection,Normal,2Vehicles-Side,AUTOROUTE A86,M,48.93854705068326,2.940261040009686
201800045183,NonLethal,2018-08-09,13:55:00,Daylight,950,306,No,NoIntersection,Normal,2Vehicles-Behind,AUTOROUTE A15,M,49.000169566943896,2.000816718110768
201800045184,NonLethal,2018-09-09,03:30:00,NightNoStreetLight,930,6,No,NoIntersection,Normal,2Vehicles-Behind,AUTOROUTE A3,M,48.862174319280825,2.864524283866253
201800045185,NonLethal,2018-09-09,17:40:00,Daylight,930,66,No,NoIntersection,Normal,3+Vehicles-Chain,AUTOROUTE A1,M,48.9106361655104,2.911072616884132
201800045187,NonLethal,2018-10-09,08:45:00,Daylight,950,678,No,NoIntersection,Normal,3+Vehicles-Multiple,RN 184,M,49.07354778196103,2.072202762030621
201800045188,NonLethal,2018-10-09,08:30:00,Daylight,930,6,No,NoIntersection,Normal,Other,AUTOROUTE A3,M,48.86327388584584,2.8644769086962336
201800045189,NonLethal,2018-10-09,17:10:00,Daylight,930,8,No,NoIntersection,Normal,2Vehicles-Behind,AUTOROUTE A86,M,48.90653833895684,2.90684451993808
201800045191,NonLethal,2018-09-11,13:30:00,Daylight,930,39,No,NoIntersection,Normal,2Vehicles-Side,AUTOROUTE A 86,M,48.92772175602416,2.9274356824178627
201800045192,NonLethal,2018-11-09,17:00:00,Daylight,950,394,No,NoIntersection,Normal,3+Vehicles-Multiple,RN 184,M,49.06854632894808,2.066864815057564
201800045193,NonLethal,2018-12-09,19:00:00,Daylight,930,66,No,NoIntersection,Normal,NoCollision,AUTOROUTE A86,M,48.92275198943197,2.91966331535099
201800045194,NonLethal,2018-09-13,07:45:00,Daylight,930,64,No,NoIntersection,LightRain,Other,AUTOROUTE A86,M,48.87920157603888,2.879595855386127
201800045195,NonLethal,2018-09-14,11:35:00,Daylight,930,66,No,NoIntersection,Normal,3+Vehicles-Multiple,AUTOROUTE A86,M,48.92651385801643,2.926390660330208
201800045196,NonLethal,2018-09-14,17:00:00,Daylight,930,39,No,NoIntersection,Normal,2Vehicles-Behind,AUTOROUTE A86,M,48.927634959680745,2.927537546272313
201800045197,NonLethal,2018-09-14,22:40:00,NightStreelightsOn,930,66,No,NoIntersection,Normal,2Vehicles-Side,AUTOROUTE A1,M,48.90815819167624,2.9097618991960386
201800045198,NonLethal,2018-09-15,13:20:00,Daylight,950,582,No,NoIntersection,Normal,2Vehicles-Side,AUTOROUTE A15,M,48.9660565996331,2.965762370408205
201800045199,NonLethal,2018-09-15,15:45:00,Daylight,930,30,No,NoIntersection,Normal,2Vehicles-Behind,AUTOROUTE A1,M,48.93826297607508,2.9410682461921374
201800045200,NonLethal,2018-09-15,21:20:00,NightNoStreetLight,920,78,No,NoIntersection,Normal,2Vehicles-Behind,AUTOROUTE A86,M,48.92775360846058,2.927921187089767
201800045201,NonLethal,2018-09-16,22:50:00,NightNoStreetLight,950,28,No,NoIntersection,Normal,2Vehicles-Side,RN 104,M,49.065328911209264,2.065062525584567
201800045202,NonLethal,2018-09-16,23:15:00,NightStreelightsOn,930,66,No,NoIntersection,Normal,2Vehicles-Behind,AUTOROUTE A1,M,48.92895701678042,2.9284464441440257
201800045203,NonLethal,2018-09-17,12:15:00,Daylight,930,10,No,NoIntersection,Normal,NoCollision,AUTOROUTE A3,M,48.88873949033682,2.890105992648765
201800045204,NonLethal,2018-09-17,10:40:00,Daylight,930,48,No,NoIntersection,Normal,2Vehicles-Behind,AUTOROUTE A86,M,48.8619643578919,2.865032020860171
201800045205,NonLethal,2018-09-17,16:50:00,Daylight,950,678,No,NoIntersection,Normal,2Vehicles-Behind,RN 184,M,49.05985583317042,2.0615333821805706
201800045206,NonLethal,2018-09-17,16:00:00,Daylight,930,66,No,NoIntersection,Normal,3+Vehicles-Chain,AUTOROUTE A1,M,48.91871477604931,2.9177357079455524
201800045209,NonLethal,2018-09-19,07:10:00,TwilightOrDawn,930,64,No,NoIntersection,Normal,2Vehicles-Side,AUTOROUTE A86,M,48.86015367570256,2.862583036168217
201800045210,NonLethal,2018-09-19,14:05:00,Daylight,930,27,No,NoIntersection,Normal,3+Vehicles-Multiple,AUTOROUTE A86,M,48.92356485597789,2.926138528236712
201800045211,NonLethal,2018-09-19,16:20:00,Daylight,930,66,No,NoIntersection,Normal,2Vehicles-Behind,AUTOROUTE Al,M,48.9085310019436,2.911058065073689
201800045212,NonLethal,2018-09-19,18:15:00,Daylight,930,13,No,NoIntersection,Normal,2Vehicles-Behind,AUTOROUTE A1,M,48.93928082891004,2.9391751146070355
201800045213,NonLethal,2018-09-19,15:50:00,Daylight,920,78,No,NoIntersection,Normal,2Vehicles-Side,AUTOROUTE A86,M,48.93042347151439,2.931457645470417
201800045215,NonLethal,2018-09-20,04:35:00,NightNoStreetLight,950,582,No,NoIntersection,Normal,Other,AUTOROUTE A115,M,48.9833592053314,2.983902614395247
201800045216,NonLethal,2018-09-20,08:40:00,Daylight,930,66,No,NoIntersection,Normal,2Vehicles-Side,AUTOROUTE A1,M,48.93077438451351,2.930403160472433
201800045217,NonLethal,2018-09-17,20:12:00,TwilightOrDawn,930,7,No,NoIntersection,Normal,2Vehicles-Side,AUTOROUTE A3,M,48.94276936955836,2.9433399539061598
201800045219,NonLethal,2018-09-20,23:55:00,NightNoStreetLight,950,488,No,NoIntersection,Normal,Other,AUTOROUTE A15,M,49.01987077888416,2.0195169525608465
201800045222,NonLethal,2018-09-21,08:30:00,Daylight,920,78,No,NoIntersection,HeavyRain,3+Vehicles-Chain,AUTOROUTE A86,M,48.9330071378049,2.9315869089072444
201800045224,NonLethal,2018-09-21,09:00:00,Daylight,930,66,No,NoIntersection,LightRain,2Vehicles-Side,AUTOROUTE A86,M,48.9227875082472,2.9219868384655143
201800045226,NonLethal,2018-09-21,18:00:00,Daylight,930,7,No,NoIntersection,Normal,2Vehicles-Side,AUTOROUTE A3,M,48.92512383792403,2.922855420557972
201800045227,NonLethal,2018-09-21,18:00:00,Daylight,930,27,No,NoIntersection,Normal,2Vehicles-Behind,AUTOROUTE A86,M,48.92184005988936,2.923842450875484
201800045228,NonLethal,2018-09-22,00:10:00,NightNoStreetLight,950,572,No,NoIntersection,Normal,Other,AUTOROUTE A15,M,49.03053898926599,2.030944682495249
201800045229,NonLethal,2018-09-22,04:20:00,NightNoStreetLight,600,612,No,NoIntersection,Normal,2Vehicles-Behind,AUTOROUTE A1,M,49.18778159114243,2.1865991129128943
201800045230,NonLethal,2018-09-22,13:30:00,Daylight,950,256,No,NoIntersection,Overcast,Other,AUTOROUTE A115,M,49.046810650726265,2.0473255304629188
201800045232,NonLethal,2018-09-22,16:00:00,Daylight,930,7,No,NoIntersection,LightRain,3+Vehicles-Multiple,AUTOROUTE A1,M,48.95206174812884,2.951106707403698
201800045233,NonLethal,2018-09-22,19:28:00,TwilightOrDawn,950,18,No,NoIntersection,LightRain,2Vehicles-Behind,AUTOROUTE A15,M,48.95777978820743,2.9562452181843635
201800045234,NonLethal,2018-09-23,02:00:00,NightNoStreetLight,950,678,No,NoIntersection,Normal,Other,RN 184,M,49.07198336161009,2.072647639359273
201800045235,NonLethal,2018-09-23,16:00:00,Daylight,950,394,No,NoIntersection,LightRain,Other,AUTOROUTE A115,M,49.05109779405528,2.052359005169785
201800045236,NonLethal,2018-09-23,15:15:00,Daylight,930,64,No,NoIntersection,LightRain,3+Vehicles-Multiple,AUTOROUTE A86,M,48.87229028742012,2.8700046505972003
201800045237,NonLethal,2018-09-23,17:40:00,Daylight,930,27,No,NoIntersection,LightRain,3+Vehicles-Multiple,AUTOROUTE A86,M,48.93026142526788,2.928086621956255
201800045238,NonLethal,2018-09-23,17:25:00,Daylight,930,64,No,NoIntersection,LightRain,3+Vehicles-Chain,AUTOROUTE A86,M,48.87215030317581,2.872852061422301
201800045239,NonLethal,2018-09-22,17:00:00,Daylight,600,421,No,NoIntersection,Normal,Other,AUTOROUTE A1,M,49.17787421209512,2.175140935019278
201800045240,NonLethal,2018-09-24,08:50:00,Daylight,950,678,No,NoIntersection,Normal,2Vehicles-Behind,RN 104,M,49.073197026402106,2.071670949427536
201800045241,NonLethal,2018-09-25,01:30:00,NightStreelightsOn,930,66,No,NoIntersection,Normal,2Vehicles-Behind,AUTOROUTE A 1,M,48.92822332709997,2.9266848767888787
201800045242,NonLethal,2018-09-25,06:00:00,NightNoStreetLight,930,48,No,NoIntersection,Normal,2Vehicles-Behind,AUTOROUTE A86,M,48.86730134039087,2.8676992123168192
201800045243,NonLethal,2018-09-25,09:15:00,Daylight,950,18,No,NoIntersection,VeryGood,3+Vehicles-Chain,AUTOROUTE A15,M,48.957830471158,2.959127043704492
201800045244,NonLethal,2018-09-25,14:00:00,Daylight,950,572,No,NoIntersection,Normal,Other,RN 184,M,49.032694210792165,2.0330668885927285
201800045245,NonLethal,2018-09-25,17:30:00,Daylight,930,53,No,NoIntersection,Normal,Other,AUTOROUTE A3,M,48.89740545394558,2.897430630103836
201800045247,NonLethal,2018-09-26,16:45:00,Daylight,950,306,No,NoIntersection,Normal,3+Vehicles-Chain,AUTOROUTE A15,M,49.00779788394252,2.007229241496799
201800045248,NonLethal,2018-09-26,18:00:00,Daylight,950,582,No,NoIntersection,Normal,2Vehicles-Behind,AUTOROUTE A15,M,48.96440787730791,2.963411022114976
201800045249,NonLethal,2018-09-28,09:00:00,Daylight,950,582,No,NoIntersection,Normal,2Vehicles-Side,AUTOROUTE A15,M,48.97250093767441,2.9715573447460666
201800045250,NonLethal,2018-09-28,09:05:00,Daylight,930,27,No,NoIntersection,Normal,2Vehicles-Behind,AUTOROUTE A86,M,48.92547007760776,2.9247123074498185
201800045251,NonLethal,2018-09-29,18:45:00,Daylight,930,53,No,NoIntersection,Normal,2Vehicles-Side,AUTOROUTE A3,M,48.89461240936316,2.893759460613394
201800045252,NonLethal,2018-09-30,08:15:00,TwilightOrDawn,600,631,No,NoIntersection,Normal,Other,AUTOROUTE A1,M,49.145571038685326,2.14532069087387
201800045253,NonLethal,2018-09-30,13:50:00,Daylight,950,252,No,NoIntersection,Normal,Other,AUTOROUTE A15,M,48.98942133618264,2.9901234953338407
201800045254,NonLethal,2018-09-30,13:50:00,Daylight,930,10,No,NoIntersection,Normal,2Vehicles-Behind,AUTOROUTE A3,M,48.89133508763651,2.8897287295834757
201800045255,NonLethal,2018-09-30,21:50:00,NightNoStreetLight,930,13,No,NoIntersection,Normal,2Vehicles-Behind,AUTOROUTE A1,M,48.93745056307387,2.938340304283347
201800045256,NonLethal,2018-09-30,21:40:00,NightNoStreetLight,930,53,No,NoIntersection,Normal,2Vehicles-Side,AUTOROUTE A3,M,48.89623729705094,2.89816522213456
201800045258,NonLethal,2018-01-10,09:50:00,Daylight,950,351,No,NoIntersection,Normal,3+Vehicles-Chain,RN 104,M,49.03977491373072,2.0388739780528007
201800045260,NonLethal,2018-01-10,16:20:00,Daylight,950,277,No,NoIntersection,Normal,2Vehicles-Side,AUTOROUTE A3,M,48.98307089987428,2.980777596040576
201800045261,NonLethal,2018-01-10,18:20:00,Daylight,950,277,No,NoIntersection,Normal,NoCollision,Bretelle acces RD 170,M,48.97853241519422,2.976853046653732
201800045262,NonLethal,2018-02-10,09:40:00,Daylight,930,66,No,NoIntersection,Normal,2Vehicles-Side,AUTOROUTE A1,M,48.93093722143727,2.932278558556607
201800045263,Lethal,2018-10-02,17:20:00,Daylight,930,1,No,NoIntersection,Normal,2Vehicles-Behind,AUTOROUTE A86,M,48.92223385529389,2.92063021987478
201800045264,NonLethal,2018-10-03,03:10:00,NightNoStreetLight,930,53,No,NoIntersection,Normal,2Vehicles-Behind,AUTOROUTE A3,M,48.89052768733394,2.8930736730979625
201800045265,NonLethal,2018-02-10,12:20:00,Daylight,950,18,No,NoIntersection,Normal,2Vehicles-Side,AUTOROUTE A15,M,48.96329949910195,2.9625990043616914