AccidentId,Gravity,Date,Hour,Light,Department,Commune,InAgglomeration,IntersectionType,Weather,CollisionType,PostalAddress,GPSCode,Latitude,Longitude
201800045266,NonLethal,2018-10-03,07:35:00,NightNoStreetLight,950,582,No,NoIntersection,Normal,3+Vehicles-Multiple,AUTOROUTE A15,M,48.96820727857567,2.9669108294683597
201800045268,NonLethal,2018-04-10,08:00:00,Daylight,950,18,No,NoIntersection,Normal,3+Vehicles-Multiple,AUTOROUTE A15,M,48.96148678403767,2.960247885214498
201800045269,NonLethal,2018-04-10,09:35:00,Daylight,950,555,No,NoIntersection,Normal,2Vehicles-Side,RD 170,M,48.9708551461905,2.969766903445478
201800045270,NonLethal,2018-10-04,17:05:00,Daylight,930,6,No,NoIntersection,Normal,3+Vehicles-Chain,AUTOROUTE A3,M,48.864907248195024,2.8656517101800927
201800045271,Lethal,2018-10-04,23:28:00,NightNoStreetLight,930,78,No,NoIntersection,Normal,Other,AUTOROUTE A104,M,48.96618170243877,2.963594182576888
201800045272,NonLethal,2018-10-04,23:20:00,NightNoStreetLight,950,394,No,NoIntersection,Normal,2Vehicles-Behind,RN 184,M,49.0526603983589,2.0528832302415734
201800045274,NonLethal,2018-10-05,09:15:00,Daylight,930,53,No,NoIntersection,Normal,3+Vehicles-Chain,AUTOROUTE A3,M,48.89414631705463,2.8963740181784647
201800045275,NonLethal,2018-10-05,10:25:00,Daylight,930,66,No,NoIntersection,Normal,2Vehicles-Side,AUTOROUTE A1,M,48.92508400063807,2.9266732889202203
201800045276,NonLethal,2018-10-05,18:30:00,TwilightOrDawn,930,7,No,NoIntersection,Normal,Other,AUTOROUTE A1,M,48.950716235848965,2.950299174972798
201800045277,NonLethal,2018-05-10,19:00:00,Daylight,950,218,No,NoIntersection,Normal,2Vehicles-Behind,AUTOROUTE A15,M,49.03629201519986,2.036853503267799
201800045278,NonLethal,2018-10-05,20:30:00,NightNoStreetLight,950,18,No,NoIntersection,Normal,3+Vehicles-Chain,AUTOROUTE A15,M,48.96059590432836,2.9583294678712586
201800045279,NonLethal,2018-06-10,01:10:00,NightNoStreetLight,950,18,No,NoIntersection,Normal,3+Vehicles-Chain,AUTOROUTE A15,M,48.96266216659267,2.958881596712124
201800045280,NonLethal,2018-05-10,20:30:00,NightStreelightsOn,930,66,No,NoIntersection,Normal,3+Vehicles-Chain,AUTOROUTE A1,M,48.91648715577119,2.916535874641664
201800045281,NonLethal,2018-10-06,11:45:00,Daylight,950,527,No,NoIntersection,Normal,2Vehicles-Behind,AUTOROUTE A1,M,49.023645518427706,2.021566511402221
201800045282,NonLethal,2018-10-06,12:15:00,Daylight,950,582,No,NoIntersection,Normal,3+Vehicles-Chain,AUTOROUTE A15,M,48.97237787244998,2.9699869870022355
201800045283,NonLethal,2018-06-10,14:30:00,Daylight,930,6,No,NoIntersection,Normal,2Vehicles-Side,AUTOROUTE A3,M,48.86851274577185,2.867693860875258
201800045284,NonLethal,2018-06-10,21:20:00,NightNoStreetLight,950,582,No,NoIntersection,Normal,2Vehicles-Behind,AUTOROUTE A15,M,48.96910489135912,2.968390605903753
201800045286,NonLethal,2018-07-10,07:45:00,TwilightOrDawn,920,78,No,NoIntersection,Normal,NoCollision,AUTOROUTE A86,M,48.93044905694974,2.9289855033674934
201800045287,NonLethal,2018-10-07,07:00:00,NightNoStreetLight,920,78,No,NoIntersection,LightRain,Other,AUTOROUTE A86,M,48.93030757279469,2.927726130755892
201800045288,NonLethal,2018-10-07,10:00:00,Daylight,950,18,No,NoIntersection,LightRain,Other,Bretelle  A 9015 02,M,48.95467672997656,2.95566297669888
201800045291,NonLethal,2018-10-07,12:50:00,Daylight,930,27,No,NoIntersection,LightRain,Other,AUTOROUTE A86,M,48.92973533493143,2.92804297540972
201800045292,NonLethal,2018-07-10,13:20:00,Daylight,920,36,No,Other,Overcast,Other,AUTOROUTE A15,M,48.93697678617718,2.936438816897604
201800045293,NonLethal,2018-10-07,13:45:00,Daylight,950,394,No,NoIntersection,LightRain,Other,AUTOROUTE A115,M,49.05006841633749,2.049952415790968
201800045294,NonLethal,2018-10-07,12:25:00,Daylight,950,252,No,NoIntersection,Overcast,3+Vehicles-Multiple,AUTOROUTE A15,M,48.97648669287439,2.975060427202178
201800045295,NonLethal,2018-07-10,16:20:00,Daylight,950,394,No,NoIntersection,Normal,NoCollision,RN 184,M,49.05335090064085,2.05114997299634
201800045297,NonLethal,2018-07-10,19:30:00,TwilightOrDawn,930,5,No,NoIntersection,Normal,2Vehicles-Behind,AUTOROUTE A3,M,48.96100833076972,2.960284257447769
201800045299,NonLethal,2018-08-10,12:45:00,Daylight,950,394,No,NoIntersection,Normal,NoCollision,Bretelle A9115 B2,M,49.05246440415742,2.052470194190877
201800045301,NonLethal,2018-10-08,16:10:00,Daylight,950,277,No,NoIntersection,Normal,2Vehicles-Side,AUTOROUTE A3,M,48.976590807680665,2.978105277792802
201800045302,NonLethal,2018-08-10,17:02:00,Daylight,950,277,No,NoIntersection,Normal,2Vehicles-Behind,AUTOROUTE A1O4,M,48.97331236200064,2.973847777459262
201800045303,NonLethal,2018-08-10,15:10:00,Daylight,930,48,No,NoIntersection,Normal,3+Vehicles-Chain,AUTOROUTE A3,M,48.8706389968408,2.873012729402545
201800045304,NonLethal,2018-09-10,07:20:00,Daylight,930,10,No,NoIntersection,Normal,2Vehicles-Side,AUTOROUTE A3,M,48.910891403492926,2.9120434476001766
201800045305,NonLethal,2018-09-10,09:30:00,Daylight,930,7,No,NoIntersection,Normal,2Vehicles-Side,AUTOROUTE A3,M,48.91987242623783,2.9222378671882234
201800045306,NonLethal,2018-10-10,00:55:00,NightNoStreetLight,920,78,No,Other,Normal,NoCollision,AUTOROUTE A86,M,48.92836051976887,2.928130723710473
201800045307,NonLethal,2018-10-10,07:00:00,NightNoStreetLight,950,18,No,NoIntersection,Normal,2Vehicles-Side,AUTOROUTE A15,M,48.95983817157922,2.956828538800165
201800045308,NonLethal,2018-10-10,08:30:00,Daylight,950,582,No,NoIntersection,Normal,2Vehicles-Side,AUTOROUTE A115,M,48.97614001391097,2.976549627572793
201800045309,NonLethal,2018-10-10,10:30:00,Daylight,930,27,No,NoIntersection,Normal,Other,BDL,M,48.92769684784933,2.926208766659004
201800045310,NonLethal,2018-10-10,18:00:00,Daylight,930,63,No,NoIntersection,Normal,2Vehicles-Behind,AUTOROUTE A 3,M,48.87512599792524,2.8740423485599726
201800045311,NonLethal,2018-11-10,09:20:00,Daylight,950,572,No,NoIntersection,Normal,2Vehicles-Behind,RN 184,M,49.03501628942358,2.036732950201252
201800045313,NonLethal,2018-11-10,17:20:00,Daylight,950,572,No,NoIntersection,Normal,3+Vehicles-Chain,AUTOROUTE A15,M,49.035820854214215,2.0351304351606885
201800045314,NonLethal,2018-10-11,21:25:00,NightNoStreetLight,920,78,No,NoIntersection,LightRain,2Vehicles-Side,AUTOROUTE A86,M,48.92976999141981,2.929756079295331
201800045315,NonLethal,2018-10-12,01:30:00,NightNoStreetLight,920,36,No,NoIntersection,Overcast,Other,AUTOROUTE A15,M,48.93765562623766,2.939317166581062
201800045316,NonLethal,2018-12-10,02:10:00,NightNoStreetLight,920,36,No,NoIntersection,Other,Other,AUTOROUTE A15,M,48.94444533793703,2.943675849683256
201800045317,NonLethal,2018-12-10,06:30:00,NightNoStreetLight,920,36,No,NoIntersection,Normal,3+Vehicles-Multiple,AUTOROUTE A15,M,48.94263748367322,2.944637061785351
201800045318,NonLethal,2018-10-12,16:00:00,Daylight,930,48,No,NoIntersection,Normal,2Vehicles-Side,AUTOROUTE A3,M,48.87311707566765,2.873432590762132
201800045319,NonLethal,2018-12-10,18:00:00,Daylight,950,306,No,NoIntersection,Normal,2Vehicles-Behind,AUTOROUTE A15,M,49.00711506186643,2.0073614208218524
201800045320,NonLethal,2018-10-12,18:10:00,Daylight,950,394,No,NoIntersection,Normal,Other,AUTOROUTE All5,M,49.05016711196238,2.0510872255600807
201800045321,NonLethal,2018-12-10,11:50:00,Daylight,930,66,No,NoIntersection,Normal,Other,AUTOROUTE A86,M,48.92212900100719,2.9220930687458027
201800045322,NonLethal,2018-10-13,18:10:00,Daylight,950,394,No,NoIntersection,Normal,2Vehicles-Behind,AUTOROUTE A115,M,49.05170704875858,2.051246762293986
201800045323,NonLethal,2018-10-13,19:00:00,TwilightOrDawn,930,64,No,NoIntersection,Normal,2Vehicles-Side,AUTOROUTE A86,M,48.88306159069111,2.885547566539912
201800045324,NonLethal,2018-10-14,08:10:00,Daylight,950,527,No,NoIntersection,Normal,Other,Bretelle A900106,M,48.984762112717206,2.98251177632143
201800045325,NonLethal,2018-10-11,09:30:00,Daylight,930,5,No,NoIntersection,Normal,Other,RN 2,M,48.95631911695691,2.955060508485792
201800045326,NonLethal,2018-10-14,16:45:00,Daylight,950,607,No,NoIntersection,Normal,Other,AUTOROUTE A115,M,49.02147373105184,2.021952253000925
201800045327,NonLethal,2018-10-14,19:00:00,Daylight,930,13,No,NoIntersection,Normal,2Vehicles-Behind,AUTOROUTE A1,M,48.93906828476458,2.9382817397380787
201800045328,NonLethal,2018-10-14,21:40:00,NightNoStreetLight,950,277,No,NoIntersection,Normal,3+Vehicles-Multiple,AUTOROUTE A3,M,48.978440825863686,2.979861632641962
201800045329,NonLethal,2018-10-15,11:05:00,Daylight,950,154,No,NoIntersection,Normal,2Vehicles-Behind,AUTOROUTE A1,M,49.04215853967825,2.043016727809254
201800045330,NonLethal,2018-10-15,11:10:00,Daylight,920,36,No,NoIntersection,Normal,Other,AUTOROUTE A15,M,48.946208571172335,2.9460340808976264
201800045331,NonLethal,2018-10-16,09:45:00,Daylight,930,63,No,NoIntersection,Normal,NoCollision,AUTOROUTE A3,M,48.88149272768176,2.8792192925450486
201800045332,NonLethal,2018-10-16,12:30:00,Daylight,920,36,No,NoIntersection,Normal,2Vehicles-Behind,AUTOROUTE A15,M,48.94649357627036,2.9480421511512107
201800045334,NonLethal,2018-10-16,19:40:00,NightNoStreetLight,950,277,No,NoIntersection,Normal,3+Vehicles-Chain,RD 170,M,48.97257666830009,2.9741770130311087
201800045335,NonLethal,2018-10-17,13:30:00,Daylight,930,7,No,NoIntersection,Normal,3+Vehicles-Multiple,AUTOROUTE A3,M,48.92214397384288,2.9234752895180467
201800045336,NonLethal,2018-10-17,13:55:00,Daylight,930,10,No,NoIntersection,Normal,2Vehicles-Behind,AUTOROUTE A3,M,48.915328083495965,2.9167069984493685
201800045337,NonLethal,2018-10-17,22:50:00,NightNoStreetLight,600,631,No,NoIntersection,Normal,Other,AUTOROUTE A1,M,49.15329121165962,2.152116663920802
201800045339,NonLethal,2018-10-18,07:10:00,NightStreelightsOff,930,5,No,NoIntersection,Normal,3+Vehicles-Multiple,AUTOROUTE A3,M,48.949370803183264,2.950388277776743
201800045340,NonLethal,2018-10-17,09:30:00,Daylight,930,64,No,NoIntersection,Normal,2Vehicles-Side,AUTOROUTE A3,M,48.88308123755434,2.885487741431607
201800045341,NonLethal,2018-10-18,11:40:00,Daylight,930,64,No,NoIntersection,Normal,NoCollision,AUTOROUTE A103,M,48.886575529011104,2.8863641222176017
201800045343,NonLethal,2018-10-18,14:15:00,Daylight,930,66,No,NoIntersection,Normal,2Vehicles-Side,AUTOROUTE A1,M,48.913514415899286,2.91439255885338
201800045344,NonLethal,2018-10-18,17:15:00,Daylight,930,27,No,NoIntersection,Normal,2Vehicles-Side,AUTOROUTE A86,M,48.921967854968464,2.922206558862558
201800045345,NonLethal,2018-03-10,01:05:00,NightNoStreetLight,950,365,No,NoIntersection,Other,Other,RN 104,M,49.0695164335382,2.0671183296646545
201800045346,NonLethal,2018-10-18,18:30:00,Daylight,930,66,No,NoIntersection,Normal,2Vehicles-Behind,AUTOROUTE A1,M,48.928140930727615,2.9282422217756867
201800045348,NonLethal,2018-10-19,18:40:00,Daylight,930,8,No,NoIntersection,Normal,NoCollision,AUTOROUTE A86,M,48.91188478942996,2.913246973972271
201800045349,NonLethal,2018-10-19,17:50:00,Daylight,920,78,No,NoIntersection,Normal,2Vehicles-Side,AUTOROUTE A86,M,48.93115527692238,2.9311195531792578
201800045350,NonLethal,2018-10-20,12:40:00,Daylight,950,572,No,NoIntersection,Normal,2Vehicles-Behind,AUTOROUTE A15,M,49.0311705621796,2.0317720259283902
201800045351,NonLethal,2018-10-20,16:00:00,Daylight,930,7,No,NoIntersection,Normal,2Vehicles-Side,AUTOROUTE A3,M,48.92595342357468,2.927011543811228
201800045352,NonLethal,2018-10-20,16:00:00,Daylight,930,53,No,NoIntersection,Normal,3+Vehicles-Multiple,AUTOROUTE A3,M,48.8985872786446,2.8990476613524736
201800045353,NonLethal,2018-10-20,17:30:00,Daylight,930,7,No,NoIntersection,Normal,Other,AUTOROUTE A3,M,48.944786114413006,2.9433525124785023
201800045354,NonLethal,2018-10-20,18:40:00,TwilightOrDawn,950,18,No,NoIntersection,Normal,2Vehicles-Behind,Bretelle A9O15 O2,M,48.95689883604514,2.956072162675858
201800045356,NonLethal,2018-10-21,18:15:00,Daylight,930,7,No,NoIntersection,Normal,3+Vehicles-Multiple,AUTOROUTE A3,M,48.926027197850665,2.9263285242937074
201800045357,Lethal,2018-10-21,01:35:00,NightNoStreetLight,950,277,No,NoIntersection,Normal,3+Vehicles-Multiple,AUTOROUTE A1,M,48.971363353260585,2.9729032591657663
201800045358,NonLethal,2018-10-20,03:00:00,NightNoStreetLight,950,604,No,NoIntersection,Normal,Other,AUTOROUTE Al,M,49.108791293136335,2.1114120383185755
201800045359,NonLethal,2018-10-22,14:00:00,Daylight,930,8,No,NoIntersection,Normal,Other,AUTOROUTE A86,M,48.9081096753463,2.906899073939997
201800045360,NonLethal,2018-10-22,20:40:00,NightNoStreetLight,950,219,No,NoIntersection,Normal,2Vehicles-Behind,AUTOROUTE A115,M,48.98988140831329,2.99082756626035
201800045361,NonLethal,2018-10-22,19:35:00,NightNoStreetLight,930,66,No,NoIntersection,Normal,NoCollision,AUTOROUTE A86,M,48.92166659446975,2.922388505870471
201800045362,NonLethal,2018-10-23,16:05:00,Daylight,930,48,No,NoIntersection,Normal,2Vehicles-Behind,AUTOROUTE A3,M,48.87297307184347,2.873974279687445
201800045363,NonLethal,2018-10-23,18:30:00,TwilightOrDawn,950,500,No,NoIntersection,Normal,3+Vehicles-Chain,AUTOROUTE A15,M,49.04126920417043,2.0397982635455656
201800045366,NonLethal,2018-10-23,20:00:00,TwilightOrDawn,950,580,No,NoIntersection,Normal,2Vehicles-Side,AUTOROUTE A1,M,49.08959425216002,2.089118688216478
201800045367,NonLethal,2018-06-10,08:20:00,TwilightOrDawn,930,66,No,NoIntersection,Normal,Other,AUTOROUTE A86,M,48.922220122471614,2.922720219042576
201800045368,NonLethal,2018-10-25,07:50:00,TwilightOrDawn,930,1,No,NoIntersection,Normal,2Vehicles-Behind,AUTOROUTE A86,M,48.92222373262505,2.919572154470246
201800045369,NonLethal,2018-10-25,09:15:00,Daylight,930,6,No,NoIntersection,Normal,2Vehicles-Side,AUTOROUTE A3,M,48.86904507516835,2.871191870767352
201800045370,NonLethal,2018-10-25,11:40:00,Daylight,930,73,No,NoIntersection,Normal,NoCollision,AUTOROUTE A104,M,48.96958410793955,2.9678432820277805
201800045371,NonLethal,2018-10-25,13:00:00,Daylight,930,66,No,NoIntersection,Normal,3+Vehicles-Multiple,AUTOROUTE A1,M,48.918466389724216,2.916540351071613
201800045372,NonLethal,2018-10-26,10:30:00,Daylight,930,48,No,NoIntersection,Normal,2Vehicles-Behind,AUTOROUTE A3,M,48.87203550729287,2.8690074439524667
201800045375,NonLethal,2018-10-28,04:12:00,NightNoStreetLight,950,488,No,NoIntersection,Normal,2Vehicles-Behind,AUTOROUTE A15,M,49.02350972859883,2.025086198254356
201800045376,NonLethal,2018-10-28,07:00:00,NightNoStreetLight,950,488,No,NoIntersection,Normal,Other,AUTOROUTE A15,M,49.03076332182432,2.0296574656030337
201800045377,Lethal,2018-10-27,17:50:00,Daylight,920,36,No,NoIntersection,Normal,2Vehicles-Behind,AUTOROUTE A86,M,48.93939063906692,2.939193515273699
201800045378,NonLethal,2018-10-28,08:10:00,Daylight,600,612,No,NoIntersection,Normal,2Vehicles-Behind,AUTOROUTE A1,M,49.19790985902124,2.1975967535510934
201800045380,NonLethal,2018-10-29,08:00:00,TwilightOrDawn,930,5,No,NoIntersection,Normal,2Vehicles-Side,AUTOROUTE A3,M,48.930451523373286,2.929474721651765
201800045381,NonLethal,2018-10-29,20:00:00,NightNoStreetLight,950,252,No,NoIntersection,Normal,3+Vehicles-Multiple,AUTOROUTE A15,M,48.98780216769263,2.987699296484011
201800045382,NonLethal,2018-10-29,20:10:00,NightNoStreetLight,950,582,No,NoIntersection,Normal,2Vehicles-Behind,AUTOROUTE A115,M,48.98264497210953,2.984698150786957
201800045383,NonLethal,2018-10-30,09:20:00,Daylight,950,277,No,NoIntersection,HeavyRain,Other,AUTOROUTE A104,M,48.9729539471731,2.9752521062448656
201800045384,NonLethal,2018-10-30,09:45:00,Daylight,930,6,No,NoIntersection,LightRain,2Vehicles-Side,AUTOROUTE A3,M,48.864225382470806,2.863387553627746
201800045385,NonLethal,2018-10-30,14:30:00,Daylight,930,5,No,NoIntersection,Normal,2Vehicles-Behind,AUTOROUTE A3,M,48.92694260320217,2.9283225683987903
201800045386,NonLethal,2018-10-30,13:00:00,Daylight,950,394,No,NoIntersection,Normal,Other,AUTOROUTE A115,M,49.04945209473012,2.0489092675199285
201800045387,NonLethal,2018-10-30,16:00:00,Daylight,950,18,No,NoIntersection,Normal,3+Vehicles-Multiple,AUTOROUTE Al5,M,48.962507172858736,2.960900095760869
201800045388,NonLethal,2018-10-30,18:30:00,NightStreelightsOn,950,212,No,NoIntersection,Normal,Other,AUTOROUTE A1,M,49.03313753497672,2.0317419770654017
201800045389,NonLethal,2018-10-30,08:00:00,Daylight,930,78,No,NoIntersection,LightRain,3+Vehicles-Chain,AUTOROUTE A104,M,48.96314072130876,2.9631660775833484
201800045390,NonLethal,2018-10-30,09:00:00,Daylight,930,27,No,NoIntersection,LightRain,2Vehicles-Behind,AUTOROUTE A86,M,48.92916231804497,2.928083690677986
201800045391,NonLethal,2018-10-30,08:15:00,Daylight,930,64,No,NoIntersection,LightRain,3+Vehicles-Multiple,AUTOROUTE A86,M,48.88004820001042,2.879039535943244
201800045392,NonLethal,2018-10-30,09:55:00,Daylight,930,53,No,NoIntersection,LightRain,Other,AUTOROUTE A 103,M,48.88567621336543,2.8874102646079907
201800045393,NonLethal,2018-10-30,10:30:00,Daylight,930,66,No,NoIntersection,LightRain,NoCollision,AUTOROUTE A1,M,48.9273790131128,2.9270562139672758
201800045394,NonLethal,2018-10-31,09:00:00,Daylight,930,6,No,NoIntersection,Normal,2Vehicles-Behind,AUTOROUTE A3,M,48.86688084429807,2.867824188304521
201800045397,NonLethal,2018-10-31,19:25:00,NightNoStreetLight,930,27,No,NoIntersection,LightRain,Other,AUTOROUTE A86,M,48.92570996753201,2.930523169200406
201800045398,NonLethal,2018-10-31,20:30:00,NightNoStreetLight,950,154,No,NoIntersection,LightRain,2Vehicles-Behind,AUTOROUTE A1,M,49.05161680681811,2.0515454356359344
201800045399,NonLethal,2018-01-11,01:20:00,NightNoStreetLight,930,27,No,NoIntersection,Normal,Other,AUTOROUTE A86,M,48.92853655085205,2.927941700459087
201800045400,NonLethal,2018-11-01,01:20:00,NightNoStreetLight,930,78,No,NoIntersection,LightRain,Other,AUTOROUTE A104,M,48.96376571470303,2.9645331211379413
201800045401,NonLethal,2018-10-31,19:45:00,NightNoStreetLight,930,64,No,NoIntersection,LightRain,3+Vehicles-Multiple,AUTOROUTE A86,M,48.87493617071176,2.87377092904468
201800045402,NonLethal,2018-01-11,16:35:00,Daylight,930,27,No,NoIntersection,LightRain,2Vehicles-Side,BDL,M,48.936954620221854,2.9352791295414304
201800045403,NonLethal,2018-01-11,18:15:00,TwilightOrDawn,950,572,No,NoIntersection,LightRain,Other,AUTOROUTE A15,M,49.03373625839563,2.031298005055593
201800045404,NonLethal,2018-11-01,23:30:00,NightNoStreetLight,920,36,No,NoIntersection,LightRain,Other,AUTOROUTE A15,M,48.93799221978882,2.9363600250689355
201800045405,NonLethal,2018-02-11,01:15:00,NightNoStreetLight,950,488,No,NoIntersection,LightRain,2Vehicles-Side,AUTOROUTE A15,M,49.016142795281375,2.0157683763072254
201800045407,NonLethal,2018-02-11,16:40:00,Daylight,930,48,No,NoIntersection,Normal,3+Vehicles-Multiple,AUTOROUTE A86,M,48.8637183592145,2.863184858320273
201800045408,NonLethal,2018-11-02,18:50:00,NightNoStreetLight,950,151,No,NoIntersection,Normal,2Vehicles-Behind,RN 104,M,49.06361539572211,2.0628967807816214
201800045409,NonLethal,2018-11-03,00:01:00,NightStreelightsOn,930,66,No,NoIntersection,Normal,2Vehicles-Behind,AUTOROUTE A1,M,48.91823502751963,4.918142630295614
201800045410,NonLethal,2018-03-11,09:35:00,Daylight,930,8,No,NoIntersection,Normal,3+Vehicles-Multiple,AUTOROUTE A86,M,48.90365677323049,2.906324888615853
201800045411,NonLethal,2018-11-03,13:35:00,Daylight,930,64,No,NoIntersection,Normal,3+Vehicles-Chain,AUTOROUTE A86,M,48.88095096025261,2.881468548692117
201800045412,NonLethal,2018-03-11,13:20:00,Daylight,930,66,No,NoIntersection,Normal,3+Vehicles-Chain,AUTOROUTE A1,M,48.925882138068815,2.924724260574869
201800045413,NonLethal,2018-11-03,17:00:00,Daylight,930,5,No,NoIntersection,Normal,Other,AUTOROUTE A104,M,48.97259202208341,2.973538701573905
201800045415,NonLethal,2018-11-03,19:25:00,NightNoStreetLight,950,582,No,NoIntersection,Normal,3+Vehicles-Chain,RD 170,M,48.96178410073298,2.963350335915731
201800045416,NonLethal,2018-11-04,13:40:00,Daylight,930,66,No,NoIntersection,Normal,3+Vehicles-Chain,AUTOROUTE A1,M,48.91292535207221,2.9129617341451035
201800045418,NonLethal,2018-05-11,20:10:00,NightStreelightsOn,930,8,No,NoIntersection,Normal,NoCollision,AUTOROUTE A86,M,48.91941060516945,2.9176491495920107
201800045419,NonLethal,2018-05-11,22:00:00,NightNoStreetLight,930,27,No,NoIntersection,Normal,NoCollision,BDLD,M,48.92594473772521,2.9269085886090176
201800045420,NonLethal,2018-06-11,17:30:00,NightNoStreetLight,930,7,No,NoIntersection,Normal,2Vehicles-Side,AUTOROUTE A1,M,48.943320664735744,2.944297789277903
201800045421,NonLethal,2018-07-11,07:35:00,NightStreelightsOn,930,8,No,NoIntersection,Normal,2Vehicles-Side,AUTOROUTE A86,M,48.916140051393086,2.917851830407771
201800045422,NonLethal,2018-11-07,13:00:00,Daylight,930,27,No,NoIntersection,LightRain,Other,BDL,M,48.92692857089278,2.9280705994361576
201800045423,NonLethal,2018-11-07,13:30:00,Daylight,930,53,No,NoIntersection,Normal,Other,AUTOROUTE A103,M,48.885165394618056,2.8882096262242785
201800045424,NonLethal,2018-10-29,08:00:00,Daylight,930,7,No,NoIntersection,Normal,Other,AUTOROUTE A3,M,48.93432160672885,2.934554302418285
201800045425,NonLethal,2018-11-07,18:15:00,NightNoStreetLight,950,18,No,NoIntersection,Normal,2Vehicles-Side,RD 170,M,48.96104330654552,2.9619805703226656
201800045427,NonLethal,2018-07-11,20:25:00,NightNoStreetLight,950,488,No,NoIntersection,Normal,3+Vehicles-Multiple,AUTOROUTE A15,M,49.01067969420989,2.011757155257865
201800045428,NonLethal,2018-08-11,01:10:00,NightNoStreetLight,950,351,No,NoIntersection,Normal,2Vehicles-Behind,RN 104,M,49.03029594687082,2.028550088938019
201800045429,NonLethal,2018-11-08,08:30:00,Daylight,950,394,No,NoIntersection,Normal,3+Vehicles-Multiple,RN 184,M,49.052205814506415,2.0528141495776686
201800045430,NonLethal,2018-08-11,18:25:00,NightNoStreetLight,930,64,No,NoIntersection,Normal,2Vehicles-Side,AUTOROUTE A86,M,48.88028675978479,2.8806178228120016
201800045431,NonLethal,2018-11-08,23:25:00,NightNoStreetLight,920,36,No,NoIntersection,Normal,Other,AUTOROUTE A86,M,48.9387014118409,2.9390374615276644
201800045433,NonLethal,2018-09-11,15:10:00,Daylight,930,6,No,NoIntersection,Normal,Other,AUTOROUTE A3,M,48.8638678028302,2.863927849640457
201800045434,NonLethal,2018-11-09,13:30:00,Daylight,950,527,No,NoIntersection,Normal,2Vehicles-Behind,AUTOROUTE Al,M,49.02015568993424,2.020647847633292
201800045435,NonLethal,2018-11-09,17:45:00,NightNoStreetLight,920,36,No,NoIntersection,Normal,3+Vehicles-Chain,AUTOROUTE A86,M,48.93938786573869,2.9366270946377924
201800045437,NonLethal,2018-11-10,06:45:00,NightNoStreetLight,950,394,No,NoIntersection,LightRain,Other,AUTOROUTE A115,M,49.05053740529058,2.051234419245855
201800045438,NonLethal,2018-11-10,10:00:00,Daylight,600,494,No,NoIntersection,LightRain,Other,AUTOROUTE A1,M,49.12706073978864,2.1281129403327865
201800045439,NonLethal,2018-11-10,13:35:00,Daylight,950,176,No,NoIntersection,LightRain,Other,A901504,M,48.98846254874956,2.9901089630412097
201800045440,NonLethal,2018-10-11,14:40:00,Daylight,930,64,No,NoIntersection,LightRain,2Vehicles-Side,AUTOROUTE A103,M,48.886496080725145,2.886813231742603
201800045442,NonLethal,2018-11-11,13:30:00,Daylight,920,36,No,NoIntersection,LightRain,Other,AUTOROUTE A15,M,48.93837120709714,2.93781755871488
201800045443,NonLethal,2018-11-11,13:25:00,Daylight,930,53,No,NoIntersection,LightRain,2Vehicles-Behind,AUTOROUTE A86,M,48.89863898703388,2.898027267515486
201800045444,NonLethal,2018-11-11,20:00:00,NightNoStreetLight,930,78,No,NoIntersection,LightRain,Other,AUTOROUTE A104,M,48.9636971876504,2.964584570206567
201800045446,NonLethal,2018-11-12,00:20:00,NightNoStreetLight,930,5,No,NoIntersection,HeavyRain,Other,AUTOROUTE A104,M,48.97443844227291,2.972382174314081
201800045447,NonLethal,2018-12-11,09:00:00,Daylight,950,306,No,NoIntersection,LightRain,Other,AUTOROUTE A15,M,48.99505492167221,2.99670067798232
201800045448,NonLethal,2018-12-11,10:00:00,Daylight,930,5,No,NoIntersection,LightRain,Other,AUTOROUTE A3,M,48.95073608675203,2.9505240682481078
201800045449,NonLethal,2018-12-11,09:10:00,Daylight,930,66,No,NoIntersection,LightRain,Other,AUTOROUTE A1,M,48.91378073325135,2.914987774229897
201800045450,NonLethal,2018-12-11,12:50:00,Daylight,950,582,No,NoIntersection,LightRain,Other,A9O15O3,M,48.96266319812843,2.964134408415398
201800045451,NonLethal,2018-11-12,14:15:00,Daylight,930,64,No,NoIntersection,Normal,Other,AUTOROUTE A103,M,48.88595340782713,2.8861055235489905
201800045454,NonLethal,2018-11-14,06:10:00,NightNoStreetLight,950,582,No,NoIntersection,Normal,2Vehicles-Side,AUTOROUTE A15,M,48.96866596132482,2.9680276000195778
201800045455,NonLethal,2018-11-14,09:38:00,Daylight,930,64,No,NoIntersection,Normal,3+Vehicles-Multiple,AUTOROUTE A86,M,48.87981197782809,2.880680296928282
201800045456,NonLethal,2018-11-14,11:30:00,Daylight,930,64,No,NoIntersection,Normal,3+Vehicles-Multiple,AUTOROUTE A86,M,48.87692391117719,2.876181186857327
201800045458,NonLethal,2018-11-14,15:00:00,Daylight,930,66,No,NoIntersection,Normal,NoCollision,AUTOROUTE A86,M,48.925821408667936,2.92658189822664