AccidentId,Gravity,Date,Hour,Light,Department,Commune,InAgglomeration,IntersectionType,Weather,CollisionType,PostalAddress,GPSCode,Latitude,Longitude
201800045459,NonLethal,2018-11-15,10:00:00,Daylight,920,36,No,NoIntersection,Normal,2Vehicles-Behind,RN 315,M,48.93823556247295,2.937443057490565
201800045460,NonLethal,2018-11-15,14:00:00,Daylight,930,6,No,NoIntersection,Normal,2Vehicles-Behind,AUTOROUTE A3,M,48.86571539221895,2.866607037603243
201800045461,NonLethal,2018-11-15,18:00:00,NightStreelightsOn,930,5,No,NoIntersection,Normal,2Vehicles-Behind,AUTOROUTE A3,M,48.95539196987952,2.9554250807485936
201800045462,NonLethal,2018-11-15,19:05:00,NightNoStreetLight,930,53,No,NoIntersection,Normal,2Vehicles-Behind,AUTOROUTE A3,M,48.88566307076216,2.8853149829543607
201800045464,NonLethal,2018-11-16,19:00:00,NightStreelightsOn,930,8,No,NoIntersection,Normal,2Vehicles-Behind,AUTOROUTE A86,M,48.90571037758348,2.9041077231519767
201800045465,NonLethal,2018-11-16,23:00:00,NightNoStreetLight,930,64,No,NoIntersection,Normal,2Vehicles-Behind,AUTOROUTE A86,M,48.88181771785807,2.879675975329152
201800045466,NonLethal,2018-11-17,03:00:00,NightNoStreetLight,950,277,No,NoIntersection,Normal,Other,AUTOROUTE A104,M,48.974956337632,2.97321951981103
201800045467,NonLethal,2018-11-17,00:05:00,NightNoStreetLight,950,527,No,NoIntersection,Normal,2Vehicles-Behind,AUTOROUTE A1,M,49.0011021720887,1.9995755166113467
201800045468,NonLethal,2018-11-17,09:30:00,Daylight,950,252,No,NoIntersection,Normal,Other,AUTOROUTE A15,M,48.98671378512322,2.9867220990184515
201800045469,NonLethal,2018-11-18,00:30:00,NightNoStreetLight,930,64,No,NoIntersection,Normal,2Vehicles-Side,AUTOROUTE A103,M,48.88754437655251,2.887517874381257
201800045470,NonLethal,2018-11-18,07:20:00,NightStreelightsOn,930,27,No,NoIntersection,Normal,2Vehicles-Behind,AUTOROUTE A86,M,48.92302583453994,2.92462554590212
201800045472,NonLethal,2018-11-18,19:15:00,NightNoStreetLight,950,572,No,NoIntersection,Normal,3+Vehicles-Chain,AUTOROUTE A15,M,49.031196402256114,2.031294257711626
201800045473,NonLethal,2018-11-17,13:45:00,Daylight,950,582,No,NoIntersection,Normal,2Vehicles-Behind,AUTOROUTE A15,M,48.96882008365827,2.96819243156537
201800045474,NonLethal,2018-11-19,19:45:00,NightNoStreetLight,950,582,No,NoIntersection,Normal,2Vehicles-Side,AUTOROUTE A15,M,48.96290457829829,2.964031580074768
201800045475,NonLethal,2018-11-20,00:45:00,NightNoStreetLight,930,7,No,NoIntersection,LightRain,2Vehicles-Behind,AUTOROUTE A1,M,48.950492141054994,2.948872872134193
201800045476,NonLethal,2018-11-20,07:28:00,NightStreelightsOff,930,53,No,NoIntersection,LightRain,2Vehicles-Behind,AUTOROUTE A86,M,48.900002519735615,2.898869167621448
201800045477,NonLethal,2018-11-20,08:55:00,Daylight,950,252,No,NoIntersection,LightRain,2Vehicles-Behind,AUTOROUTE A15,M,48.98356390331015,2.98483672120446
201800045478,NonLethal,2018-11-20,08:30:00,TwilightOrDawn,930,6,No,NoIntersection,SnowOrHail,2Vehicles-Behind,AUTOROUTE A3,M,48.87012543743373,2.8683157072905923
201800045479,NonLethal,2018-11-20,09:15:00,Daylight,950,607,No,NoIntersection,HeavyRain,2Vehicles-Behind,AUTOROUTE A115,M,49.03519559930447,2.03689960426394
201800045480,NonLethal,2018-11-20,17:34:00,TwilightOrDawn,950,582,No,NoIntersection,Normal,2Vehicles-Side,AUTOROUTE Al5,M,48.96195918703733,2.963938064538571
201800045481,NonLethal,2018-11-20,20:30:00,NightStreelightsOff,930,13,No,NoIntersection,Normal,2Vehicles-Behind,AUTOROUTE A1,M,48.937667856066426,2.9378776565004685
201800045482,NonLethal,2018-11-21,14:50:00,Daylight,930,48,No,NoIntersection,Normal,2Vehicles-Side,AUTOROUTE A3,M,48.87213813096886,2.8728295839559754
201800045483,NonLethal,2018-11-22,01:30:00,NightStreelightsOn,930,66,No,NoIntersection,Normal,Other,AUTOROUTE A1,M,48.92237977548997,2.923302562983652
201800045484,NonLethal,2018-11-22,16:00:00,Daylight,950,572,No,NoIntersection,Normal,Other,AUTOROUTE A15,M,49.02973894693648,2.028735782735799
201800045485,NonLethal,2018-11-23,17:10:00,Daylight,930,6,No,NoIntersection,Normal,2Vehicles-Side,AUTOROUTE A3,M,48.86677527508457,2.868678061037782
201800045486,NonLethal,2018-11-23,17:25:00,NightNoStreetLight,600,494,No,NoIntersection,FogOrSmoke,Other,AUTOROUTE A1,M,49.130397475259294,2.1313153114950856
201800045487,NonLethal,2018-11-23,19:30:00,NightNoStreetLight,950,500,No,NoIntersection,Normal,3+Vehicles-Chain,AUTOROUTE A15,M,49.03942249327503,2.036819571729024
201800045488,NonLethal,2018-11-24,00:30:00,NightNoStreetLight,950,582,No,NoIntersection,LightRain,2Vehicles-Side,AUTOROUTE A15,M,48.96497157431731,2.9661418131787576
201800045489,NonLethal,2018-11-24,04:00:00,NightNoStreetLight,930,27,No,NoIntersection,HeavyRain,Other,AUTOROUTE A1,M,48.93459262447575,2.9340851777302053
201800045490,NonLethal,2018-11-24,16:45:00,Daylight,950,42,No,NoIntersection,Normal,2Vehicles-Behind,RN 104,M,49.06354262413036,2.0636244720149586
201800045492,Lethal,2018-11-25,01:20:00,NightNoStreetLight,930,53,No,NoIntersection,Normal,Other,AUTOROUTE A103,M,48.887584485180334,2.8873021858026764
201800045493,NonLethal,2018-11-25,06:30:00,NightNoStreetLight,930,78,No,NoIntersection,LightRain,3+Vehicles-Multiple,AUTOROUTE A104,M,48.95919491758394,2.959133903813663
201800045494,NonLethal,2018-11-25,13:45:00,Daylight,950,277,No,NoIntersection,LightRain,3+Vehicles-Multiple,AUTOROUTE A104,M,48.970846159785935,2.971686178710935
201800045495,NonLethal,2018-11-25,14:45:00,Daylight,930,78,No,NoIntersection,LightRain,2Vehicles-Behind,AUTOROUTE A104,M,48.96508175125592,2.964544198073213
201800045496,NonLethal,2018-11-25,17:15:00,TwilightOrDawn,920,36,No,NoIntersection,LightRain,Other,AUTOROUTE A15,M,48.93656762798998,2.937530192309255
201800045497,NonLethal,2018-11-25,19:45:00,NightNoStreetLight,930,66,No,NoIntersection,Normal,NoCollision,AUTOROUTE A86,M,48.9222248340428,2.922313845311692
201800045498,NonLethal,2018-11-26,00:05:00,NightNoStreetLight,950,572,No,NoIntersection,LightRain,Other,RN 184,M,49.034660137565965,2.033183371481123
201800045499,NonLethal,2018-11-25,12:50:00,Daylight,930,27,No,NoIntersection,LightRain,Other,AUTOROUTE A86,M,48.9303208520592,2.930278983791616
201800045500,NonLethal,2018-11-26,10:00:00,Daylight,930,63,No,NoIntersection,Normal,2Vehicles-Side,AUTOROUTE A3,M,48.87816461449367,2.87895256312192
201800045501,NonLethal,2018-11-27,18:40:00,NightNoStreetLight,920,36,No,NoIntersection,LightRain,Other,AUTOROUTE A15,M,48.93642580594604,2.937610282433567
201800045502,NonLethal,2018-11-28,08:12:00,NightStreelightsOn,950,277,No,NoIntersection,LightRain,Other,RD 170,M,48.97946069012738,2.976823999237979
201800045503,NonLethal,2018-11-28,10:00:00,Daylight,930,53,No,NoIntersection,LightRain,Other,AUTOROUTE A103,M,48.89077617050355,2.887368353411754
201800045504,NonLethal,2018-11-28,14:45:00,Daylight,920,36,No,NoIntersection,Normal,Other,AUTOROUTE A15,M,48.936395765386365,2.937039973230908
201800045505,NonLethal,2018-11-28,16:45:00,Daylight,930,7,No,NoIntersection,LightRain,2Vehicles-Behind,AUTOROUTE A3,M,48.92088553297135,2.921293803202382
201800045508,NonLethal,2018-11-29,06:45:00,NightNoStreetLight,950,572,No,NoIntersection,LightRain,Other,AUTOROUTE A15,M,49.03251853655652,2.03227440253277
201800045509,NonLethal,2018-11-29,08:45:00,Daylight,930,10,No,NoIntersection,LightRain,2Vehicles-Behind,AUTOROUTE A3,M,48.91406637539416,2.9142545314600365
201800045510,NonLethal,2018-11-29,08:17:00,NightNoStreetLight,930,7,No,NoIntersection,LightRain,3+Vehicles-Multiple,AUTOROUTE A3,M,48.94273663094717,2.942771825814501
201800045511,NonLethal,2018-11-29,13:30:00,Daylight,950,604,No,NoIntersection,Normal,2Vehicles-Behind,AUTOROUTE A1,M,49.1085329942864,2.1079616660845013
201800045512,NonLethal,2018-11-29,16:05:00,Daylight,930,48,No,NoIntersection,Normal,2Vehicles-Side,AUTOROUTE A86,M,48.866410665594685,2.8673811378035805
201800045513,NonLethal,2018-11-29,19:15:00,NightNoStreetLight,930,66,No,NoIntersection,Normal,2Vehicles-Behind,AUTOROUTE A1,M,48.93039268686752,2.930599254038821
201800045517,NonLethal,2018-01-12,13:00:00,Daylight,930,78,No,NoIntersection,LightRain,3+Vehicles-Multiple,AUTOROUTE A104,M,48.963976321103445,2.962658617657752
201800045518,NonLethal,2018-12-01,18:45:00,NightNoStreetLight,950,18,No,NoIntersection,LightRain,2Vehicles-Behind,A 9015 02,M,48.95787164445939,2.9550916511452305
201800045519,NonLethal,2018-12-01,20:20:00,NightStreelightsOff,930,5,No,NoIntersection,LightRain,3+Vehicles-Chain,AUTOROUTE A3,M,48.9697615435154,2.967957370547701
201800045520,NonLethal,2018-12-01,21:00:00,NightNoStreetLight,920,36,No,NoIntersection,HeavyRain,2Vehicles-Behind,AUTOROUTE A15,M,48.93792145146588,2.938844361807386
201800045521,NonLethal,2018-12-02,00:05:00,NightNoStreetLight,930,27,No,NoIntersection,LightRain,Other,BDL,M,48.92791063939713,2.9272406192050884
201800045523,NonLethal,2018-02-12,05:00:00,NightNoStreetLight,930,64,No,NoIntersection,HeavyRain,Other,AUTOROUTE A86,M,48.86870694162295,2.869751012283367
201800045524,NonLethal,2018-12-02,05:18:00,NightNoStreetLight,930,64,No,NoIntersection,HeavyRain,Other,AUTOROUTE A86,M,48.88798286248792,2.888221240850304
201800045526,NonLethal,2018-02-12,07:15:00,NightNoStreetLight,930,48,No,NoIntersection,LightRain,Other,AUTOROUTE A86,M,48.863853009887,2.863564071882473
201800045527,NonLethal,2018-12-02,10:45:00,Daylight,920,36,No,NoIntersection,Overcast,Other,AUTOROUTE A86,M,48.932878268729546,2.9345803428988617
201800045529,NonLethal,2018-12-02,19:25:00,NightNoStreetLight,950,252,No,NoIntersection,Normal,3+Vehicles-Chain,AUTOROUTE A15,M,48.98045832544242,2.977920387109865
201800045530,NonLethal,2018-12-02,02:15:00,NightNoStreetLight,950,277,No,NoIntersection,LightRain,Other,A900352,M,48.9754281828192,2.976877530639616
201800045531,NonLethal,2018-03-12,08:05:00,TwilightOrDawn,930,27,No,NoIntersection,Normal,2Vehicles-Behind,AUTOROUTE A86,M,48.92470481136473,2.927731498825152
201800045533,NonLethal,2018-03-12,09:00:00,Daylight,950,604,No,NoIntersection,Normal,Other,AUTOROUTE A1,M,49.0953929406587,2.0972164317848065
201800045534,NonLethal,2018-12-03,14:15:00,Daylight,950,582,No,NoIntersection,HeavyRain,Other,AUTOROUTE A15,M,48.96320965861006,2.963159253116972
201800045535,NonLethal,2018-03-12,15:25:00,Daylight,930,53,No,NoIntersection,Normal,2Vehicles-Behind,AUTOROUTE A3,M,48.90062551440624,2.8983769714222443
201800045537,NonLethal,2018-04-12,10:50:00,Daylight,950,582,No,NoIntersection,Normal,Other,AUTOROUTE Al5,M,48.97356379778419,2.973717448621199
201800045539,NonLethal,2018-12-05,05:20:00,NightNoStreetLight,930,78,No,NoIntersection,Normal,2Vehicles-Behind,AUTOROUTE A104,M,48.96674586466964,2.966405719300369
201800045540,NonLethal,2018-12-05,09:00:00,Daylight,920,36,No,NoIntersection,Normal,2Vehicles-Behind,AUTOROUTE A86,M,48.93756636880817,2.9372345083951505
201800045541,NonLethal,2018-05-12,17:30:00,NightNoStreetLight,950,394,No,NoIntersection,Normal,Other,RN 184,M,49.05223613220968,2.05302221946581
201800045542,NonLethal,2018-12-06,07:25:00,NightStreelightsOn,930,66,No,NoIntersection,LightRain,2Vehicles-Behind,AUTOROUTE A1,M,48.92888460524568,2.9287867061370365
201800045543,NonLethal,2018-06-12,01:25:00,NightStreelightsOff,930,5,No,NoIntersection,Normal,2Vehicles-Behind,AUTOROUTE A3,M,48.94241746528656,2.942969489938993
201800045544,NonLethal,2018-12-06,11:00:00,Daylight,950,394,No,NoIntersection,LightRain,Other,AUTOROUTE A115,M,49.05143916045828,2.052189087380944
201800045545,NonLethal,2018-12-06,13:00:00,Daylight,950,277,No,NoIntersection,Normal,3+Vehicles-Multiple,AUTOROUTE A3,M,48.982568455828016,2.9798963966808905
201800045546,NonLethal,2018-07-12,07:25:00,TwilightOrDawn,950,582,No,NoIntersection,Normal,NoCollision,AUTOROUTE A15,M,48.9656614448175,2.967115910104551
201800045547,NonLethal,2018-12-08,00:40:00,NightStreelightsOn,930,66,No,NoIntersection,Normal,3+Vehicles-Chain,AUTOROUTE A1,M,48.918086097884,2.920345727709005
201800045548,NonLethal,2018-12-08,16:20:00,Daylight,930,66,No,NoIntersection,LightRain,2Vehicles-Behind,AUTOROUTE A1,M,48.93314905375483,2.933950463871642
201800045549,NonLethal,2018-08-12,22:40:00,NightNoStreetLight,930,27,No,NoIntersection,HeavyRain,NoCollision,AUTOROUTE A1,M,48.93382666335778,2.9331362248437376
201800045550,NonLethal,2018-12-08,23:30:00,NightNoStreetLight,920,36,No,NoIntersection,HeavyRain,2Vehicles-Behind,AUTOROUTE A86,M,48.939504309821736,2.9394794763616137
201800045551,NonLethal,2018-12-08,23:45:00,NightNoStreetLight,920,78,No,NoIntersection,LightRain,2Vehicles-Behind,AUTOROUTE A86,M,48.92707644112949,2.92958781333313
201800045552,NonLethal,2018-12-09,03:00:00,NightStreelightsOff,950,572,No,NoIntersection,HeavyRain,2Vehicles-Side,RN 184,M,49.04776061166636,2.0490503591138785
201800045553,NonLethal,2018-09-12,14:10:00,Daylight,950,61,No,NoIntersection,Normal,Other,RN 104,M,49.067656027911376,2.068031032790072
201800045554,NonLethal,2018-12-09,14:50:00,Daylight,950,277,No,NoIntersection,LightRain,Other,AUTOROUTE A3,M,48.97382031793484,2.973421804441542
201800045555,NonLethal,2018-09-12,17:10:00,NightNoStreetLight,930,78,No,NoIntersection,LightRain,Other,AUTOROUTE A104,M,48.96409745607424,2.963925386226228
201800045556,NonLethal,2018-12-09,16:15:00,Daylight,950,394,No,NoIntersection,Normal,2Vehicles-Behind,AUTOROUTE A115,M,49.05260638520723,2.0516149119928646
201800045558,NonLethal,2018-10-12,15:40:00,Daylight,930,27,No,NoIntersection,Normal,2Vehicles-Side,AUTOROUTE A86,M,48.92663688712576,2.924416147683975
201800045559,NonLethal,2018-12-10,15:15:00,Daylight,930,66,No,NoIntersection,Normal,3+Vehicles-Chain,AUTOROUTE A1,M,48.92041639653973,2.920020150366581
201800045560,NonLethal,2018-12-10,18:00:00,NightNoStreetLight,920,36,No,NoIntersection,Normal,2Vehicles-Side,AUTOROUTE A86,M,48.93838261015641,2.939159957906962
201800045561,NonLethal,2018-11-12,10:15:00,Daylight,930,8,No,NoIntersection,Normal,3+Vehicles-Multiple,AUTOROUTE A86,M,48.90845194049509,2.9084658980101303
201800045562,NonLethal,2018-12-11,16:35:00,Daylight,950,42,No,NoIntersection,Normal,2Vehicles-Behind,RN 104,M,49.05758310625174,2.0605437305374625
201800045563,NonLethal,2018-12-12,10:05:00,Daylight,950,42,No,NoIntersection,Normal,3+Vehicles-Chain,RN 104,M,49.061897411420645,2.061474615669852
201800045564,NonLethal,2018-12-12,10:10:00,Daylight,930,6,No,NoIntersection,Normal,2Vehicles-Behind,AUTOROUTE A3,M,48.86625980985184,2.867612363982727
201800045565,NonLethal,2018-12-12,14:40:00,Daylight,930,66,No,NoIntersection,Normal,3+Vehicles-Chain,AUTOROUTE A1,M,48.92042992975277,2.920355173559585
201800045566,NonLethal,2018-12-12,18:50:00,NightNoStreetLight,930,78,No,NoIntersection,Normal,2Vehicles-Behind,AUTOROUTE A104,M,48.96738725905861,2.968314447493925
201800045567,NonLethal,2018-12-12,19:15:00,NightStreelightsOn,930,8,No,NoIntersection,Normal,2Vehicles-Side,AUTOROUTE A86,M,48.91140600044879,2.9112907133369164
201800045568,NonLethal,2018-12-12,21:00:00,NightNoStreetLight,930,10,No,NoIntersection,Normal,2Vehicles-Behind,AUTOROUTE A3,M,48.90823114715796,2.906972573726036
201800045569,NonLethal,2018-12-13,05:50:00,NightNoStreetLight,600,631,No,NoIntersection,Other,Other,AUTOROUTE Al,M,49.1508463380917,2.1497054707588954
201800045571,NonLethal,2018-12-13,14:00:00,Daylight,930,7,No,NoIntersection,Normal,2Vehicles-Behind,AUTOROUTE A3,M,48.92240976437383,2.924524875819514
201800045572,NonLethal,2018-12-13,15:00:00,Daylight,930,66,No,NoIntersection,Normal,2Vehicles-Side,AUTOROUTE A86,M,48.92638082470404,2.926189952691597
201800045573,NonLethal,2018-12-14,09:00:00,Daylight,930,7,No,NoIntersection,Normal,3+Vehicles-Chain,AUTOROUTE A3,M,49.91900048621549,2.9171387035522485
201800045575,NonLethal,2018-12-15,04:18:00,NightNoStreetLight,950,582,No,NoIntersection,Normal,2Vehicles-Behind,AUTOROUTE A15,M,48.97099364269048,2.9705899263170377
201800045577,NonLethal,2018-12-15,16:56:00,TwilightOrDawn,950,277,No,NoIntersection,LightRain,Other,RD 170,M,48.97395277655789,2.973104153693096
201800045578,NonLethal,2018-12-16,11:30:00,Daylight,930,78,No,NoIntersection,LightRain,Other,AUTOROUTE A104,M,48.961173070455935,2.9634005294325623
201800045579,NonLethal,2018-12-17,03:20:00,NightNoStreetLight,930,6,No,NoIntersection,LightRain,2Vehicles-Side,AUTOROUTE A3,M,48.86564589070674,2.866450931874465
201800045580,NonLethal,2018-12-17,09:45:00,Daylight,920,36,No,NoIntersection,Normal,2Vehicles-Behind,AUTOROUTE A86,M,48.93766937577835,2.935233816584157
201800045581,NonLethal,2018-12-17,08:00:00,NightNoStreetLight,930,10,No,NoIntersection,Normal,2Vehicles-Side,AUTOROUTE A3,M,48.89964874170053,2.899263150801447
201800045583,NonLethal,2018-10-12,00:01:00,NightStreelightsOff,920,36,No,NoIntersection,LightRain,Other,AUTOROUTE A15,M,48.94011543208461,2.939934193139834
201800045584,NonLethal,2018-12-18,12:40:00,Daylight,950,488,No,NoIntersection,Normal,3+Vehicles-Multiple,AUTOROUTE Al5,M,49.01695699237263,2.018589490830909
201800045585,NonLethal,2018-12-20,00:10:00,NightNoStreetLight,950,256,No,NoIntersection,Normal,NoCollision,AUTOROUTE A115,M,49.047424715720425,2.044928333737685
201800045586,NonLethal,2018-12-21,07:40:00,NightStreelightsOff,950,18,No,NoIntersection,LightRain,NoCollision,AUTOROUTE Al5,M,48.96348307848875,2.9609496537504096
201800045587,NonLethal,2018-12-21,14:00:00,Daylight,920,36,No,NoIntersection,LightRain,2Vehicles-Side,AUTOROUTE A86,M,48.93538717967772,2.93817218183791
201800045588,NonLethal,2018-12-21,17:50:00,NightNoStreetLight,930,5,No,NoIntersection,Normal,2Vehicles-Behind,AUTOROUTE A3,M,48.9517348280017,2.950633202146522
201800045589,NonLethal,2018-12-21,19:45:00,NightNoStreetLight,950,500,No,NoIntersection,Normal,2Vehicles-Behind,AUTOROUTE A15,M,49.0369714849021,2.0371461915590663
201800045590,NonLethal,2018-12-22,07:25:00,NightNoStreetLight,950,365,No,NoIntersection,LightRain,3+Vehicles-Chain,RN 104,M,49.05844782632799,2.0580351968978574
201800045591,NonLethal,2018-12-22,06:50:00,NightNoStreetLight,920,78,No,NoIntersection,LightRain,Other,AUTOROUTE A86,M,48.927859974852,2.928900080596529
201800045592,NonLethal,2018-12-12,06:45:00,NightNoStreetLight,930,27,No,NoIntersection,Normal,3+Vehicles-Multiple,AUTOROUTE A86,M,48.9291509415924,2.9281049148933063
201800045593,NonLethal,2018-12-22,18:20:00,TwilightOrDawn,930,6,No,NoIntersection,LightRain,2Vehicles-Side,AUTOROUTE A3,M,48.865965134008384,2.8649499591108154
201800045594,NonLethal,2018-12-22,22:45:00,NightNoStreetLight,920,36,No,NoIntersection,Normal,Other,AUTOROUTE A86,M,48.93966585919,2.939374153852294
201800045595,NonLethal,2018-12-22,20:30:00,NightNoStreetLight,930,73,No,NoIntersection,Normal,2Vehicles-Behind,AUTOROUTE A104,M,48.96740642444964,2.964768082230728
201800045596,NonLethal,2018-12-23,10:15:00,Daylight,930,6,No,NoIntersection,LightRain,2Vehicles-Side,AUTOROUTE A3,M,48.86746984775135,2.863707492659642
201800045597,NonLethal,2018-12-23,11:50:00,Daylight,950,277,No,NoIntersection,LightRain,Other,AUTOROUTE A104,M,48.97322554366364,2.971296708492903
201800045598,NonLethal,2018-12-23,10:45:00,Daylight,920,36,No,NoIntersection,HeavyRain,2Vehicles-Behind,AUTOROUTE A15,M,48.94691303702122,2.9454352596720086
201800045599,NonLethal,2018-12-23,09:25:00,Daylight,950,582,No,NoIntersection,HeavyRain,Other,AUTOROUTE Al5,M,48.97497182903176,2.9754129337672057
201800045600,NonLethal,2018-12-23,18:50:00,TwilightOrDawn,930,5,No,NoIntersection,LightRain,Other,AUTOROUTE A104,M,48.97242221179021,2.974638944865807
201800045601,NonLethal,2018-12-24,00:25:00,NightStreelightsOff,930,53,No,NoIntersection,LightRain,Other,AUTOROUTE A3,M,48.88499310183614,2.884138912050682
201800045603,NonLethal,2018-12-24,05:50:00,NightNoStreetLight,930,27,No,NoIntersection,LightRain,Other,AUTOROUTE A86,M,48.92701430562441,2.9290756860600173
201800045604,NonLethal,2018-12-24,11:15:00,Daylight,930,6,No,NoIntersection,Normal,Other,AUTOROUTE A3,M,48.86687572397887,2.865800082749497
201800045605,NonLethal,2018-12-24,06:30:00,NightNoStreetLight,930,27,No,NoIntersection,HeavyRain,Other,BDL,M,48.92674485995932,2.926647541638147
201800045606,NonLethal,2018-12-24,08:20:00,TwilightOrDawn,920,78,No,NoIntersection,HeavyRain,2Vehicles-Behind,AUTOROUTE A86,M,48.92979520992016,2.9308600388998443
201800045607,NonLethal,2018-12-24,09:15:00,Daylight,930,27,No,NoIntersection,LightRain,Other,BDL,M,48.92544945202639,2.926470500178303
201800045609,NonLethal,2018-12-25,08:00:00,TwilightOrDawn,950,277,No,NoIntersection,Normal,2Vehicles-Behind,RD 170,M,48.97784238076403,2.977927562976738
201800045610,NonLethal,2018-12-25,20:05:00,NightNoStreetLight,930,64,No,NoIntersection,Normal,2Vehicles-Behind,AUTOROUTE A86,M,48.87093765482489,2.8698466756390637
201800045611,NonLethal,2018-12-26,17:50:00,NightNoStreetLight,930,6,No,NoIntersection,Normal,2Vehicles-Side,AUTOROUTE A3,M,48.86782568751749,2.8666150360555083
201800045612,NonLethal,2018-12-27,12:52:00,Daylight,930,53,No,NoIntersection,Normal,3+Vehicles-Multiple,AUTOROUTE A3,M,48.88053504194304,2.879192825760537
201800045613,NonLethal,2018-12-27,17:05:00,TwilightOrDawn,920,36,No,NoIntersection,Normal,2Vehicles-Behind,AUTOROUTE A86,M,48.938152427241626,2.93871876587597
201800045614,NonLethal,2018-12-27,19:45:00,NightNoStreetLight,950,424,No,NoIntersection,Normal,2Vehicles-Behind,AUTOROUTE A15,M,48.99477469268403,2.991412266502347
201800045615,NonLethal,2018-12-28,06:30:00,NightStreelightsOn,930,5,No,NoIntersection,Normal,Other,AUTOROUTE A3,M,48.94804911769245,2.9500660282291875
201800045616,NonLethal,2018-12-29,07:00:00,NightNoStreetLight,950,572,No,NoIntersection,Normal,Other,A90l5 07,M,49.03082793425813,2.031069120260933
201800045617,NonLethal,2018-12-29,17:45:00,NightStreelightsOn,930,66,No,NoIntersection,Normal,2Vehicles-Side,AUTOROUTE A1,M,48.92904982003635,2.9292753309520045
201800045619,NonLethal,2018-12-30,11:00:00,Daylight,950,572,No,NoIntersection,Normal,Other,A9015 07,M,49.03172294369722,2.033725218355818
201800045620,NonLethal,2018-12-30,18:30:00,NightNoStreetLight,930,6,No,NoIntersection,LightRain,3+Vehicles-Chain,AUTOROUTE A3,M,48.86493551848545,2.8643170785074346
201800045621,NonLethal,2018-12-31,08:30:00,NightNoStreetLight,920,36,No,NoIntersection,LightRain,Other,AUTOROUTE A15,M,48.93662419421739,2.935915180605472
201800045623,NonLethal,2018-02-01,23:52:00,NightNoStreetLight,920,72,No,NoIntersection,LightRain,Other,N118,M,,
201800045624,NonLethal,2018-01-02,08:43:00,Daylight,780,423,No,NoIntersection,Normal,Other,RN12,M,,
201800045625,NonLethal,2018-03-01,19:13:00,Daylight,920,50,No,NoIntersection,LightRain,2Vehicles-Behind,A86,M,,
201800045626,NonLethal,2018-04-01,08:15:00,Daylight,780,466,No,NoIntersection,LightRain,3+Vehicles-Chain,A13,M,,
201800045628,NonLethal,2018-04-01,18:31:00,NightNoStreetLight,920,64,No,NoIntersection,LightRain,Other,A13,M,48.83931831337169,2.8395441722314816
201800045629,NonLethal,2018-04-01,19:05:00,NightNoStreetLight,780,7,No,NoIntersection,LightRain,NoCollision,A13 Y,M,48.89631445461538,2.8944758172522205
201800045630,NonLethal,2018-01-05,08:58:00,Daylight,920,47,No,NoIntersection,LightRain,Other,A13,M,,
201800045631,NonLethal,2018-01-05,18:58:00,NightStreelightsOn,780,362,No,NoIntersection,Normal,2Vehicles-Behind,A13,M,48.98065413419884,1.9812790411977772
201800045632,NonLethal,2018-06-01,03:20:00,NightNoStreetLight,780,498,No,NoIntersection,Normal,Other,A13,M,48.90522406170153,2.904633084570989
201800045633,NonLethal,2018-01-06,18:10:00,NightNoStreetLight,780,43,No,NoIntersection,Normal,3+Vehicles-Chain,A12 Y,M,48.50129514054993,2.5015952527848846
201800045634,NonLethal,2018-07-01,07:20:00,TwilightOrDawn,780,126,No,NoIntersection,LightRain,3+Vehicles-Multiple,A13,M,48.83404621827239,2.8369362614988773
201800045635,NonLethal,2018-07-01,12:35:00,Daylight,920,47,No,NoIntersection,Normal,Other,A13,M,48.83136150538608,2.832987129423268
201800045636,Lethal,2018-08-01,10:40:00,Daylight,920,36,No,NoIntersection,Normal,NoCollision,A86,M,48.93610201765326,2.9349271786192515
201800045637,NonLethal,2018-08-01,14:45:00,Daylight,920,64,No,NoIntersection,Normal,2Vehicles-Behind,N118,M,,
201800045638,NonLethal,2018-09-01,07:35:00,NightStreelightsOn,920,25,No,NoIntersection,Normal,3+Vehicles-Chain,A86,M,,
201800045640,Lethal,2018-10-01,10:16:00,Daylight,920,47,No,NoIntersection,Normal,3+Vehicles-Multiple,A13,M,,
201800045641,NonLethal,2018-01-10,21:36:00,NightNoStreetLight,920,50,No,NoIntersection,Normal,Other,A86,M,,
201800045642,NonLethal,2018-11-01,08:12:00,TwilightOrDawn,780,291,No,NoIntersection,Normal,Other,A13,M,48.973691619483866,1.972651951850148
201800045643,NonLethal,2018-01-11,10:09:00,Daylight,780,402,No,NoIntersection,LightRain,Other,A13,M,48.96568490047859,1.9639213865063123
201800045644,NonLethal,2018-01-11,17:53:00,NightNoStreetLight,780,43,No,NoIntersection,FogOrSmoke,3+Vehicles-Multiple,A12 Y,M,48.83752233574049,2.8371929597069383
201800045645,NonLethal,2018-01-12,05:35:00,TwilightOrDawn,920,47,No,NoIntersection,Normal,2Vehicles-Behind,A13,M,48.83500034649537,2.835526192127764