AccidentId,Gravity,Date,Hour,Light,Department,Commune,InAgglomeration,IntersectionType,Weather,CollisionType,PostalAddress,GPSCode,Latitude,Longitude
201800045646,NonLethal,2018-01-19,08:45:00,Daylight,780,524,No,NoIntersection,Normal,2Vehicles-Side,A13,M,48.84053043335061,2.8414630839308703
201800045647,NonLethal,2018-01-13,21:15:00,NightNoStreetLight,780,291,No,NoIntersection,Normal,Other,A13,M,48.91324413271728,2.914013169357083
201800045648,NonLethal,2018-01-15,08:12:00,TwilightOrDawn,780,490,No,NoIntersection,Normal,2Vehicles-Side,RN12 INT,M,,
201800045649,NonLethal,2018-01-16,06:40:00,NightStreelightsOn,780,73,No,NoIntersection,LightRain,NoCollision,A12 W,M,,
201800045650,NonLethal,2018-01-16,10:30:00,Daylight,780,640,No,NoIntersection,LightRain,2Vehicles-Behind,A86 EXT,M,,
201800045651,NonLethal,2018-01-17,15:55:00,Daylight,780,140,No,NoIntersection,Normal,Other,A13,M,48.96438719158521,1.9642315211487689
201800045652,NonLethal,2018-01-18,04:30:00,NightNoStreetLight,920,64,No,NoIntersection,LightRain,Other,A13,M,,
201800045653,NonLethal,2018-01-18,06:08:00,NightNoStreetLight,780,43,No,NoIntersection,LightRain,Other,A12 Y,M,48.84126528130336,2.840835717168141
201800045654,NonLethal,2018-01-18,19:03:00,TwilightOrDawn,780,423,No,NoIntersection,LightRain,2Vehicles-Behind,RN12,M,48.777851045929246,2.7797878484977523
201800045655,NonLethal,2018-01-19,08:39:00,Daylight,780,498,No,NoIntersection,Overcast,NoCollision,A13,M,48.91416326001961,2.914538359437493
201800045656,NonLethal,2018-01-19,21:20:00,NightStreelightsOn,780,431,No,NoIntersection,Normal,Other,A13,M,48.93677434806319,1.9347313585357069
201800045658,NonLethal,2018-01-20,14:18:00,Daylight,780,217,No,NoIntersection,LightRain,Other,A13,M,,
201800045659,NonLethal,2018-01-20,21:47:00,NightNoStreetLight,920,25,No,NoIntersection,LightRain,2Vehicles-Behind,A86,M,,
201800045660,NonLethal,2018-01-21,15:05:00,Daylight,780,423,No,NoIntersection,HeavyRain,Other,RN12,M,48.79499359179778,2.7948524357794784
201800045661,NonLethal,2018-01-21,03:50:00,NightStreelightsOn,780,140,No,NoIntersection,LightRain,Other,A13,M,,
201800045662,NonLethal,2018-01-22,07:15:00,NightStreelightsOn,780,524,No,NoIntersection,HeavyRain,Other,A13,M,,
201800045664,NonLethal,2018-01-22,10:15:00,Daylight,920,72,No,NoIntersection,HeavyRain,2Vehicles-Side,N118,M,48.8231693626829,2.8228809022233627
201800045665,NonLethal,2018-01-22,15:06:00,Daylight,780,423,No,NoIntersection,LightRain,Other,RN12,M,48.7955852482434,2.796191994692048
201800045666,NonLethal,2018-01-22,18:40:00,NightNoStreetLight,780,43,No,NoIntersection,Normal,2Vehicles-Behind,A12 W,M,48.84011464338875,2.8413018375356467
201800045668,NonLethal,2018-01-23,15:30:00,Daylight,920,48,No,NoIntersection,Overcast,Other,N118,M,48.79755302179509,2.794138638793163
201800045669,NonLethal,2018-01-23,17:45:00,NightNoStreetLight,780,242,No,NoIntersection,Overcast,2Vehicles-Side,A12 W,M,48.83625674778772,2.83800855945813
201800045670,NonLethal,2018-01-24,06:40:00,NightNoStreetLight,780,498,No,NoIntersection,LightRain,3+Vehicles-Chain,A13,M,48.9063978112652,2.905722317390099
201800045671,NonLethal,2018-01-24,11:00:00,Daylight,780,423,No,NoIntersection,Normal,2Vehicles-Behind,N12W,M,48.79566556484056,2.79613174189552
201800045672,NonLethal,2018-01-24,18:15:00,NightNoStreetLight,780,133,No,NoIntersection,Overcast,3+Vehicles-Chain,A13,M,48.89324268850999,2.8922671681294694
201800045676,NonLethal,2018-01-25,17:40:00,NightNoStreetLight,780,90,No,NoIntersection,LightRain,2Vehicles-Behind,A13,M,48.97048006944788,1.9705558987346932
201800045678,NonLethal,2018-01-26,07:10:00,TwilightOrDawn,780,640,No,NoIntersection,Normal,2Vehicles-Behind,N118,M,48.77611594851644,2.7792072048863394
201800045679,NonLethal,2018-01-26,18:00:00,NightNoStreetLight,780,73,No,NoIntersection,Normal,NoCollision,A12 W,M,48.80001005561387,2.8010867724536985
201800045680,NonLethal,2018-01-27,09:10:00,Daylight,780,423,No,NoIntersection,FogOrSmoke,Other,N12W,M,,
201800045681,NonLethal,2018-01-27,23:30:00,NightNoStreetLight,780,321,No,NoIntersection,LightRain,Other,RN12 INT,M,48.799082599912985,1.7995763352456515
201800045682,NonLethal,2018-01-28,07:20:00,NightNoStreetLight,780,158,No,NoIntersection,LightRain,2Vehicles-Side,A13,M,48.82996929489752,2.8313873800826146
201800045683,NonLethal,2018-01-30,20:45:00,NightNoStreetLight,780,291,No,NoIntersection,LightRain,Other,A13,M,48.84352593592083,2.846080563284337
201800045684,NonLethal,2018-01-31,07:45:00,NightStreelightsOn,920,50,No,NoIntersection,Normal,2Vehicles-Behind,A14,M,48.90444132632722,2.9051973298025646
201800045685,NonLethal,2018-02-01,08:25:00,TwilightOrDawn,920,25,No,NoIntersection,HeavyRain,2Vehicles-Side,A86,M,,
201800045686,NonLethal,2018-01-02,10:25:00,Daylight,920,36,No,NoIntersection,LightRain,NoCollision,A86,M,48.93464368556956,2.9340195402188303
201800045689,NonLethal,2018-02-02,06:15:00,NightStreelightsOn,780,133,No,NoIntersection,Normal,NoCollision,Al4,M,,
201800045690,NonLethal,2018-02-02,09:04:00,Daylight,920,36,No,NoIntersection,Normal,2Vehicles-Side,RN315 W,M,,
201800045691,NonLethal,2018-02-02,13:09:00,Daylight,920,36,No,NoIntersection,Normal,3+Vehicles-Chain,RN315 W,M,48.92111294423008,2.920915157403431
201800045692,NonLethal,2018-02-03,13:21:00,Daylight,920,36,No,NoIntersection,LightRain,Other,A86,M,48.93585919581321,2.9365788006966858
201800045693,NonLethal,2018-03-02,18:15:00,NightStreelightsOn,780,118,No,NoIntersection,LightRain,Other,A13,M,48.98202088839401,1.9827127693184563
201800045694,NonLethal,2018-03-02,18:20:00,NightNoStreetLight,780,640,No,NoIntersection,Normal,3+Vehicles-Chain,A86 EXT,M,48.77745271407762,2.777950019198616
201800045695,NonLethal,2018-02-04,05:42:00,NightStreelightsOn,780,396,No,NoIntersection,LightRain,NoCollision,A14,M,48.91597703631534,2.916560646152188
201800045696,NonLethal,2018-05-02,06:35:00,NightNoStreetLight,780,90,No,NoIntersection,Normal,Other,A13,M,48.97138075619026,1.969746291256831
201800045697,NonLethal,2018-05-02,09:01:00,NightStreelightsOff,920,50,No,NoIntersection,Normal,Other,A86,M,48.89851341383674,2.898221471951829
201800045699,NonLethal,2018-02-06,06:30:00,NightNoStreetLight,780,640,No,NoIntersection,SnowOrHail,3+Vehicles-Chain,A86 EXT,M,48.77831872457568,2.779459040269237
201800045700,NonLethal,2018-02-06,09:40:00,Daylight,780,640,No,NoIntersection,SnowOrHail,NoCollision,A86 EXT,M,48.776308838111845,2.776108913831767
201800045701,NonLethal,2018-02-06,09:30:00,Daylight,920,25,No,NoIntersection,SnowOrHail,3+Vehicles-Chain,A86,M,48.92629190474158,2.9253567879628406
201800045703,NonLethal,2018-02-11,08:00:00,TwilightOrDawn,780,455,No,NoIntersection,LightRain,Other,A13,M,,
201800045705,NonLethal,2018-02-12,08:19:00,Daylight,780,217,No,NoIntersection,Normal,NoCollision,A13,M,48.96463771651574,1.9670660856838649
201800045706,NonLethal,2018-02-12,09:30:00,Daylight,780,291,No,NoIntersection,Normal,3+Vehicles-Chain,A13,M,48.96566593787591,1.9660976161589
201800045707,NonLethal,2018-02-13,08:45:00,Daylight,780,455,No,NoIntersection,Normal,2Vehicles-Behind,A13,M,48.85465407437685,2.8538672791865283
201800045708,NonLethal,2018-02-13,20:10:00,NightStreelightsOn,780,362,No,NoIntersection,SnowOrHail,2Vehicles-Behind,Al3,M,48.97778952501595,1.9778392195735603
201800045709,NonLethal,2018-02-13,22:19:00,NightNoStreetLight,920,36,No,NoIntersection,LightRain,3+Vehicles-Multiple,A86,M,48.937959432824144,2.936454533635843
201800045710,NonLethal,2018-02-14,22:00:00,NightNoStreetLight,780,158,No,NoIntersection,LightRain,Other,A13,M,48.83488539273186,2.8332981440907696
201800045711,NonLethal,2018-02-15,12:15:00,Daylight,920,25,No,NoIntersection,LightRain,3+Vehicles-Chain,A86,M,48.92200937327453,2.923948929165228
201800045713,NonLethal,2018-02-16,09:25:00,Daylight,920,48,No,Other,Normal,Other,N118,M,48.79693658304353,2.797885568390939
201800045714,NonLethal,2018-02-16,15:45:00,Daylight,780,640,No,NoIntersection,Normal,2Vehicles-Behind,A86 EXT,M,48.77660337793074,2.7752062934452724
201800045715,NonLethal,2018-02-16,18:54:00,NightNoStreetLight,780,466,No,NoIntersection,Normal,2Vehicles-Behind,A13,M,48.93231005831191,1.93269763205425
201800045716,NonLethal,2018-02-17,03:19:00,NightNoStreetLight,780,73,No,NoIntersection,Normal,2Vehicles-Behind,Nl2Y,M,,
201800045717,NonLethal,2018-02-17,10:40:00,Daylight,920,25,No,NoIntersection,Normal,Other,A86,M,48.92467156671062,2.92425868522294
201800045718,NonLethal,2018-02-17,14:40:00,Daylight,920,64,No,NoIntersection,Normal,3+Vehicles-Chain,A13,M,48.84476015250622,2.844249573010807
201800045720,NonLethal,2018-02-17,18:55:00,NightStreelightsOff,780,640,No,NoIntersection,Normal,NoCollision,A86 INT,M,48.77760334262268,2.777954361979991
201800045721,NonLethal,2018-02-19,07:20:00,TwilightOrDawn,780,133,No,NoIntersection,Normal,3+Vehicles-Chain,A13,M,48.89484164662931,2.896297988994389
201800045722,NonLethal,2018-02-19,09:30:00,Daylight,920,64,No,NoIntersection,Normal,2Vehicles-Side,A13,M,48.83929088225534,2.8407659537259287
201800045723,NonLethal,2018-02-19,14:50:00,Daylight,920,50,No,NoIntersection,LightRain,Other,A14,M,48.90309401466588,2.9038837067377075
201800045724,NonLethal,2018-02-19,16:00:00,TwilightOrDawn,920,50,No,NoIntersection,LightRain,2Vehicles-Behind,A86,M,48.97149179138667,1.971599950348544
201800045725,NonLethal,2018-02-21,16:35:00,Daylight,780,498,No,NoIntersection,Normal,Other,A13,M,48.9105417466056,2.909512709707009
201800045726,NonLethal,2018-02-21,18:49:00,NightNoStreetLight,920,25,No,Other,Normal,NoCollision,A86,M,48.91790907894003,2.9184448120737527
201800045727,NonLethal,2018-02-22,21:25:00,NightStreelightsOn,920,64,No,NoIntersection,Normal,3+Vehicles-Multiple,A13,M,48.96259276748691,2.964225777124697
201800045728,NonLethal,2018-02-23,01:50:00,NightNoStreetLight,780,490,No,NoIntersection,Normal,Other,RNl2 INT,M,42.00007829005268,2.0008290049930637
201800045729,NonLethal,2018-02-23,08:17:00,Daylight,920,64,No,NoIntersection,Normal,Other,N118,M,48.82954517458468,2.828096142592752
201800045730,NonLethal,2018-02-23,17:35:00,Daylight,780,455,No,NoIntersection,Normal,2Vehicles-Behind,A13,M,48.85498765968509,2.8552015842583485
201800045731,NonLethal,2018-02-23,21:15:00,NightNoStreetLight,920,72,No,NoIntersection,Normal,Other,Nll8,M,,
201800045733,NonLethal,2018-02-26,18:58:00,NightNoStreetLight,920,50,No,NoIntersection,Normal,NoCollision,A86,M,48.89508911122146,2.891384596890589
201800045734,NonLethal,2018-02-27,09:30:00,Daylight,920,47,No,NoIntersection,Normal,2Vehicles-Behind,A13,M,48.83731492523127,2.836336042794608
201800045735,NonLethal,2018-03-01,10:38:00,Daylight,920,50,No,NoIntersection,Normal,Other,A86,M,48.91306108874623,2.9139927270308625
201800045736,NonLethal,2018-03-02,00:30:00,NightStreelightsOn,920,72,No,Other,Normal,Other,N118,M,42.00082318191017,1.999589756107338
201800045737,NonLethal,2018-03-02,09:00:00,Daylight,780,545,No,NoIntersection,LightRain,3+Vehicles-Chain,A12 Y,M,48.81072567902929,2.810481340509782
201800045739,NonLethal,2018-02-03,16:00:00,Daylight,780,455,No,NoIntersection,Normal,3+Vehicles-Chain,A13,M,48.852272002218704,2.852454892173158
201800045740,NonLethal,2018-03-03,06:50:00,NightNoStreetLight,920,36,No,NoIntersection,Normal,Other,A86,M,48.9371460110707,2.937771839359429
201800045741,NonLethal,2018-02-03,16:30:00,Daylight,780,455,No,NoIntersection,Normal,3+Vehicles-Chain,A13,M,,
201800045742,NonLethal,2018-03-03,15:00:00,Daylight,920,36,No,NoIntersection,Normal,3+Vehicles-Chain,A86,M,,
201800045743,NonLethal,2018-03-04,18:20:00,TwilightOrDawn,780,43,No,NoIntersection,Normal,NoCollision,A13Y,M,48.84230648668315,2.840628761268687
201800045744,NonLethal,2018-03-04,23:50:00,NightStreelightsOn,920,50,No,NoIntersection,Normal,Other,A14,M,42.00013805766834,1.999715686681636
201800045745,NonLethal,2018-05-03,05:00:00,NightStreelightsOn,920,36,No,NoIntersection,Normal,Other,A86,M,48.93391343577372,2.934092932798753
201800045746,Lethal,2018-03-04,06:45:00,NightNoStreetLight,780,43,No,NoIntersection,LightRain,Other,A12 Y,M,,
201800045747,NonLethal,2018-05-03,09:42:00,Daylight,780,640,No,NoIntersection,Normal,NoCollision,A86 EXT,M,48.77768805651081,2.77705415034489
201800045749,NonLethal,2018-03-08,08:00:00,Daylight,780,423,No,NoIntersection,Overcast,NoCollision,RN12,M,48.90313084614163,2.906133634900213
201800045751,NonLethal,2018-09-03,14:30:00,Daylight,780,73,No,NoIntersection,Normal,2Vehicles-Behind,N12Y,M,48.799916781463565,1.7987327510216289
201800045752,NonLethal,2018-03-10,02:00:00,NightStreelightsOn,780,524,No,NoIntersection,Normal,Other,A13,M,,
201800045753,NonLethal,2018-10-03,05:35:00,NightNoStreetLight,920,50,No,NoIntersection,Normal,Other,A86,M,48.89353944316594,2.8945895552823533
201800045755,NonLethal,2018-03-11,04:40:00,NightNoStreetLight,780,291,No,NoIntersection,LightRain,NoCollision,A13,M,48.97337927587191,1.9739483003551987
201800045756,NonLethal,2018-11-03,06:24:00,NightNoStreetLight,920,48,No,NoIntersection,HeavyRain,Other,N118,M,48.79990034958127,2.8030865114480905
201800045757,NonLethal,2018-11-03,04:45:00,NightNoStreetLight,780,571,No,NoIntersection,HeavyRain,3+Vehicles-Chain,A13,M,48.972885566191,1.971533540039422
201800045758,NonLethal,2018-03-11,12:54:00,Daylight,780,7,No,NoIntersection,Normal,Other,A13 Y,M,48.898468224737165,2.897937780072037
201800045759,NonLethal,2018-03-13,18:45:00,NightNoStreetLight,780,90,No,NoIntersection,Normal,3+Vehicles-Multiple,A13,M,48.96929104530194,1.9713557476964472
201800045760,NonLethal,2018-03-14,12:32:00,Daylight,780,73,Yes,NoIntersection,Normal,2Vehicles-Behind,N12Y,M,48.799538161297775,2.7973337832466463
201800045762,NonLethal,2018-03-15,17:25:00,Daylight,920,48,No,NoIntersection,Normal,2Vehicles-Side,N118,M,48.78706796050296,2.787746360918248
201800045763,NonLethal,2018-03-16,08:40:00,Daylight,780,43,No,NoIntersection,Normal,2Vehicles-Behind,A13W,M,48.848697926244654,2.848598621528837
201800045764,NonLethal,2018-03-16,09:15:00,Daylight,780,672,No,NoIntersection,Normal,2Vehicles-Behind,A13,M,48.92799841342403,1.9276979948064532
201800045765,NonLethal,2018-03-16,10:40:00,Daylight,780,206,No,NoIntersection,Normal,2Vehicles-Behind,A13,M,48.95581850581134,1.957393264205436
201800045766,NonLethal,2018-03-16,11:45:00,Daylight,920,36,No,NoIntersection,Normal,NoCollision,A86,M,48.95659324982357,1.9558551750210824
201800045767,NonLethal,2018-03-17,15:25:00,Daylight,780,140,No,NoIntersection,LightRain,2Vehicles-Behind,A13,M,48.96710279344472,1.966622337834829
201800045770,NonLethal,2018-03-19,17:45:00,Daylight,780,640,No,NoIntersection,Overcast,Other,N118,M,48.78220440388148,2.780401450154389
201800045771,Lethal,2018-03-20,04:10:00,NightNoStreetLight,780,118,No,NoIntersection,Normal,NoCollision,A13,M,,
201800045772,NonLethal,2018-03-20,12:00:00,Daylight,920,36,No,NoIntersection,Normal,3+Vehicles-Chain,A86,M,48.936059067582974,2.935539326330623
201800045773,Lethal,2018-03-20,21:35:00,NightStreelightsOn,920,51,Yes,NoIntersection,Normal,3+Vehicles-Chain,N13,M,48.88551738406825,2.884886885292682
201800045774,NonLethal,2018-03-21,07:30:00,Daylight,780,646,No,NoIntersection,Normal,2Vehicles-Side,RN12,M,48.79163084875022,2.793031898842951
201800045776,NonLethal,2018-03-23,06:55:00,Daylight,780,73,No,NoIntersection,Normal,NoCollision,A12 W,M,48.803836271295744,2.8023287251287243
201800045777,NonLethal,2018-03-23,14:00:00,Daylight,920,62,No,NoIntersection,Normal,Other,RN1014 W,M,48.88898255948922,2.886995944565744
201800045779,NonLethal,2018-03-25,19:10:00,Daylight,780,640,No,NoIntersection,Normal,2Vehicles-Side,A86 EXT,M,48.77651444864687,2.778521862991409
201800045780,NonLethal,2018-03-26,05:50:00,NightNoStreetLight,780,362,No,NoIntersection,Normal,2Vehicles-Behind,A13,M,48.97652145783945,1.9778028106004044
201800045781,NonLethal,2018-03-27,09:48:00,Daylight,920,62,No,NoIntersection,LightRain,2Vehicles-Side,RN1014 W,M,48.90444230682578,2.903470108722034
201800045782,NonLethal,2018-03-27,23:10:00,NightNoStreetLight,780,43,No,NoIntersection,Normal,Other,A12 Y,M,,
201800045783,NonLethal,2018-03-28,08:30:00,Daylight,780,640,No,NoIntersection,LightRain,2Vehicles-Side,A86 EXT,M,48.78091343474633,2.7800770552698806
201800045784,NonLethal,2018-03-28,09:00:00,Daylight,780,158,No,NoIntersection,HeavyRain,NoCollision,A13,M,48.83956947659644,2.839320230937615
201800045785,NonLethal,2018-03-28,09:20:00,Daylight,780,640,No,NoIntersection,HeavyRain,NoCollision,N118,M,48.78231530062433,2.782384553540219
201800045786,NonLethal,2018-03-28,18:28:00,Daylight,780,43,No,NoIntersection,Normal,Other,Al2 W,M,48.8362527860348,2.8368282512706213
201800045787,NonLethal,2018-03-29,20:25:00,NightStreelightsOn,920,26,No,NoIntersection,Normal,3+Vehicles-Chain,RN1014 Y,M,48.88935954531637,2.8887730047723355
201800045788,NonLethal,2018-03-30,00:50:00,NightStreelightsOn,920,50,No,Other,LightRain,Other,A86,M,41.99875292527956,0.9997705916799866
201800045789,NonLethal,2018-03-30,08:50:00,Daylight,920,72,No,NoIntersection,Overcast,Other,N118,M,48.819215812856015,2.8182981286665134
201800045790,NonLethal,2018-03-30,09:55:00,Daylight,920,47,No,NoIntersection,Normal,2Vehicles-Behind,A13,M,48.83416805534966,2.833988986210078
201800045791,NonLethal,2018-03-30,16:30:00,Daylight,780,73,No,NoIntersection,Normal,3+Vehicles-Chain,A12 Y,M,48.80026133399776,2.8002974175638764
201800045794,NonLethal,2018-03-31,20:30:00,NightNoStreetLight,780,43,No,NoIntersection,Normal,Other,A13Y,M,48.84637576554032,2.8456386359656776
201800045795,NonLethal,2018-04-03,11:45:00,Daylight,920,47,No,NoIntersection,Normal,2Vehicles-Behind,A13,M,48.94219074908138,1.941961247866542
201800045796,NonLethal,2018-03-04,16:28:00,Daylight,780,217,No,Other,Normal,Other,A13,M,48.96105618651757,1.9622610126028728
201800045798,NonLethal,2018-04-03,17:16:00,Daylight,920,62,No,NoIntersection,LightRain,Other,A14,M,48.89022968476098,2.8880991129222444
201800045799,NonLethal,2018-04-04,06:45:00,TwilightOrDawn,780,90,No,NoIntersection,LightRain,3+Vehicles-Chain,A13,M,48.96919798692039,1.968978459956462
201800045801,NonLethal,2018-04-05,18:00:00,Daylight,920,25,No,NoIntersection,Normal,3+Vehicles-Multiple,A86,M,48.92955031784175,2.930170010792937
201800045802,NonLethal,2018-06-04,02:14:00,NightNoStreetLight,780,490,No,NoIntersection,Normal,Other,RN12 EXT,M,,
201800045804,NonLethal,2018-04-07,03:40:00,NightNoStreetLight,780,498,No,Other,Normal,2Vehicles-Side,A13,M,48.91227263576013,2.9109586768222537
201800045806,NonLethal,2018-04-07,17:20:00,Daylight,920,47,No,NoIntersection,Normal,2Vehicles-Side,A13,M,48.83387108202528,2.833236553578297
201800045807,NonLethal,2018-04-08,19:30:00,NightNoStreetLight,780,455,No,NoIntersection,Normal,2Vehicles-Behind,A13,M,48.86054582916821,2.859288140979852
201800045808,NonLethal,2018-04-09,07:45:00,Daylight,780,423,No,NoIntersection,Normal,NoCollision,N12W,M,48.85882364268695,2.859004545050118
201800045809,NonLethal,2018-11-04,08:34:00,Daylight,780,524,No,NoIntersection,Normal,2Vehicles-Side,A13,M,48.84070487647804,2.838210722375809
201800045810,NonLethal,2018-04-11,09:44:00,Daylight,780,545,No,NoIntersection,Normal,Other,A12 W,M,48.81637324322972,2.816495339922122
201800045811,NonLethal,2018-04-12,07:35:00,TwilightOrDawn,780,238,No,NoIntersection,Normal,Other,A13,M,48.971197055581,1.9695883282212128
201800045813,NonLethal,2018-04-12,12:15:00,Daylight,780,43,No,NoIntersection,Normal,Other,A12 Y,M,48.8361498996089,2.8355047337713954
201800045814,NonLethal,2018-04-12,18:40:00,TwilightOrDawn,920,50,No,NoIntersection,LightRain,3+Vehicles-Chain,A86,M,,
201800045815,NonLethal,2018-04-13,07:35:00,Daylight,920,48,No,NoIntersection,Normal,Other,Nll8,M,48.905423591592346,2.905430073616425
201800045816,NonLethal,2018-12-04,17:50:00,NightStreelightsOn,920,51,Yes,NoIntersection,LightRain,2Vehicles-Side,RN13,M,48.88758199743534,2.8866004254038105
201800045818,NonLethal,2018-04-14,04:20:00,NightStreelightsOff,780,158,No,NoIntersection,Normal,2Vehicles-Behind,A13,M,48.83592651248073,2.834067387712697
201800045819,NonLethal,2018-04-14,10:49:00,Daylight,920,62,No,NoIntersection,Normal,2Vehicles-Side,RNl0l4 W,M,48.90435657807323,2.902828148932904
201800045820,NonLethal,2018-04-15,16:45:00,Daylight,780,640,No,NoIntersection,Normal,3+Vehicles-Chain,A86 EXT,M,48.77901291378837,2.7753134632002165
201800045821,NonLethal,2018-04-15,22:43:00,NightNoStreetLight,780,133,No,NoIntersection,Normal,Other,A13,M,48.889108981095326,2.8881833196049573
201800045822,NonLethal,2018-04-16,07:10:00,Daylight,780,524,No,NoIntersection,Normal,2Vehicles-Behind,A13,M,48.84097279641125,2.839476680047892
201800045824,NonLethal,2018-04-17,19:45:00,Daylight,920,36,No,NoIntersection,Normal,2Vehicles-Behind,RN315 Y,M,48.93000989469117,2.930535603642303
201800045825,NonLethal,2018-04-17,22:34:00,NightStreelightsOn,780,362,No,NoIntersection,Normal,Other,A13,M,48.98229157107711,1.978616079337281
201800045826,NonLethal,2018-04-18,07:25:00,TwilightOrDawn,780,640,No,NoIntersection,Normal,Other,A86 EXT,M,48.77798367097483,2.779194549916199
201800045827,NonLethal,2018-04-18,16:55:00,Daylight,780,117,No,NoIntersection,Normal,2Vehicles-Behind,RN12,M,48.90418339642496,2.90413985646288
201800045828,NonLethal,2018-04-19,09:20:00,Daylight,780,43,No,NoIntersection,Normal,2Vehicles-Behind,A12 Y,M,48.825437763682494,2.827913033971559
201800045829,NonLethal,2018-04-20,13:15:00,Daylight,920,64,No,NoIntersection,Normal,Other,A13,M,48.838882825617446,2.8407897236210995
201800045830,NonLethal,2018-04-22,16:30:00,Daylight,920,63,No,Other,Normal,Other,A86,M,48.88831069977636,2.887493815203512
201800045831,NonLethal,2018-04-23,19:20:00,Daylight,920,36,No,NoIntersection,Normal,2Vehicles-Behind,A86,M,48.934795985843714,2.9330755166075
201800045832,NonLethal,2018-04-24,05:50:00,TwilightOrDawn,780,29,No,NoIntersection,Normal,Other,A13Y,M,48.96634702299355,1.965698155670882
201800045833,NonLethal,2018-04-24,17:40:00,Daylight,920,25,No,NoIntersection,Normal,3+Vehicles-Chain,A86,M,48.93321423460169,2.9318130879494797
201800045834,NonLethal,2018-04-25,15:50:00,Daylight,780,466,No,NoIntersection,Normal,3+Vehicles-Multiple,A13,M,48.929892439479175,1.9280346815258516
201800045835,NonLethal,2018-04-26,10:50:00,Daylight,780,418,No,NoIntersection,Normal,Other,A14,M,48.91434136271309,2.915445245273173
201800045837,NonLethal,2018-04-26,16:30:00,Daylight,920,64,No,NoIntersection,Normal,2Vehicles-Behind,A13,M,48.844933586168885,2.84467407912536
201800045838,NonLethal,2018-04-26,21:20:00,NightNoStreetLight,780,640,No,NoIntersection,Normal,3+Vehicles-Chain,A86 EXT,M,,
201800045839,NonLethal,2018-04-27,17:10:00,Daylight,780,133,No,NoIntersection,Normal,3+Vehicles-Chain,A13,M,48.890146689700565,2.891336604556141
201800045840,NonLethal,2018-04-30,22:35:00,NightStreelightsOn,920,12,No,NoIntersection,LightRain,3+Vehicles-Multiple,A13,M,48.84807396557316,2.8460382086990794
201800045841,NonLethal,2018-05-01,23:40:00,NightNoStreetLight,780,455,No,NoIntersection,LightRain,Other,A13,M,,
201800045842,NonLethal,2018-05-01,05:50:00,NightStreelightsOn,920,62,No,Other,LightRain,NoCollision,RN1013,M,48.904316138662,2.903921699800293
201800045844,NonLethal,2018-01-05,21:40:00,NightNoStreetLight,780,571,No,NoIntersection,Normal,Other,A13,M,,
201800045845,NonLethal,2018-02-05,07:50:00,Daylight,780,126,No,NoIntersection,Normal,3+Vehicles-Chain,A13,M,48.837274302296045,2.8373474973034982
201800045847,NonLethal,2018-03-05,10:35:00,Daylight,920,51,Yes,NoIntersection,Normal,2Vehicles-Behind,RN13,M,48.83432498472046,2.8331760167435105
201800045848,NonLethal,2018-04-05,16:20:00,Daylight,920,50,No,NoIntersection,Normal,Other,A86,M,48.91402744831712,2.912574726491764
201800045849,NonLethal,2018-05-04,16:40:00,Daylight,920,36,No,NoIntersection,Normal,NoCollision,RN315 Y,M,48.930604116935584,2.9281859610366894
201800045850,NonLethal,2018-04-05,16:40:00,Daylight,920,36,No,NoIntersection,Normal,2Vehicles-Behind,RN315 Y,M,48.92705252544084,2.9299336956248667
201800045851,NonLethal,2018-05-04,22:40:00,NightStreelightsOn,920,50,No,Other,Normal,Other,A86,M,,
201800045852,NonLethal,2018-05-04,19:07:00,Daylight,920,48,No,NoIntersection,Normal,3+Vehicles-Chain,N118,M,,
201800045853,NonLethal,2018-05-04,19:37:00,Daylight,780,133,No,NoIntersection,Normal,Other,A13,M,,
201800045854,NonLethal,2018-06-05,13:59:00,Daylight,920,23,No,NoIntersection,Normal,2Vehicles-Behind,RN385,M,48.77364754031446,2.776681759202081
201800045857,NonLethal,2018-08-05,18:43:00,Daylight,780,423,No,NoIntersection,Normal,NoCollision,N12W,M,48.79795748499608,2.798820074749271
201800045858,NonLethal,2018-05-15,19:50:00,Daylight,920,51,Yes,NoIntersection,Normal,Other,RN13,M,48.88446474012914,2.884314004248367
201800045860,NonLethal,2018-05-16,10:55:00,Daylight,780,140,No,NoIntersection,Normal,Other,A13,M,48.965727000105794,1.964939187260018
201800045861,NonLethal,2018-05-16,20:00:00,Daylight,920,63,No,NoIntersection,Normal,Other,A86,M,48.8741100485886,2.873994593904768
201800045862,NonLethal,2018-05-18,12:24:00,Daylight,920,62,No,NoIntersection,Normal,NoCollision,RNl0l3,M,,