AccidentId,Gravity,Date,Hour,Light,Department,Commune,InAgglomeration,IntersectionType,Weather,CollisionType,PostalAddress,GPSCode,Latitude,Longitude
201800045864,NonLethal,2018-05-18,19:57:00,Daylight,920,50,No,NoIntersection,Normal,3+Vehicles-Multiple,A86,M,48.9170622865344,2.914826672455725
201800045865,NonLethal,2018-05-19,17:00:00,Daylight,920,25,No,NoIntersection,Normal,2Vehicles-Behind,A86,M,48.929631598532005,2.930566274208505
201800045866,NonLethal,2018-05-20,07:45:00,Daylight,780,640,No,NoIntersection,Normal,NoCollision,A86 INT,M,48.776792678218335,2.778310945390318
201800045867,NonLethal,2018-05-21,10:40:00,Daylight,780,43,No,NoIntersection,Normal,Other,A13W,M,,
201800045868,NonLethal,2018-05-22,19:53:00,Daylight,780,490,No,NoIntersection,LightRain,3+Vehicles-Multiple,RN12 EXT,M,48.799177633006536,1.7987732991767464
201800045869,NonLethal,2018-05-23,01:20:00,NightStreelightsOn,780,418,No,Other,Normal,Other,A14,M,48.91318225378022,2.912840364043716
201800045870,NonLethal,2018-05-23,17:15:00,Daylight,920,72,No,NoIntersection,Normal,2Vehicles-Behind,N118,M,48.81223800718037,2.811351289114242
201800045871,NonLethal,2018-05-24,06:05:00,Daylight,920,50,No,NoIntersection,Normal,Other,A14,M,,
201800045872,NonLethal,2018-05-24,14:00:00,Daylight,780,646,No,NoIntersection,Normal,2Vehicles-Behind,RN12,M,48.791891053254126,2.794550565767192
201800045873,NonLethal,2018-05-25,20:45:00,Daylight,780,321,No,NoIntersection,LightRain,Other,RN12 INT,M,48.80020430652908,1.7976904847559338
201800045874,NonLethal,2018-05-28,08:00:00,Daylight,780,291,No,NoIntersection,Normal,2Vehicles-Side,A13,M,48.97464910179502,1.976487928634544
201800045876,NonLethal,2018-05-29,05:46:00,NightNoStreetLight,780,571,No,NoIntersection,Normal,NoCollision,A13,M,48.87817275043841,2.8798259384138025
201800045877,NonLethal,2018-05-29,08:38:00,Daylight,920,50,No,NoIntersection,Normal,2Vehicles-Behind,A86,M,48.91093729616407,2.911065260812724
201800045878,NonLethal,2018-05-29,09:28:00,Daylight,920,50,No,NoIntersection,Overcast,2Vehicles-Side,A86,M,48.89234418072901,2.892284731036989
201800045879,NonLethal,2018-05-30,08:16:00,Daylight,780,90,No,NoIntersection,Normal,Other,A13,M,48.9712493024371,1.967250235017897
201800045880,NonLethal,2018-05-30,08:10:00,Daylight,780,490,No,NoIntersection,Normal,Other,RN12 EXT,M,,
201800045881,NonLethal,2018-05-30,18:14:00,Daylight,780,640,No,NoIntersection,Normal,2Vehicles-Behind,A86 EXT,M,48.77869427851012,2.7768535392312126
201800045882,NonLethal,2018-05-31,07:30:00,Daylight,920,47,No,NoIntersection,Normal,2Vehicles-BehindVehicles-Frontal,A13,M,48.83244990712897,2.833499070408471
201800045883,NonLethal,2018-05-31,07:30:00,Daylight,780,43,No,NoIntersection,Normal,2Vehicles-Side,A12 W,M,48.83752430049447,2.8384882863647567
201800045884,NonLethal,2018-05-31,12:40:00,Daylight,750,116,No,NoIntersection,Normal,3+Vehicles-Chain,A13W,M,48.84702987524691,2.8479965990102203
201800045886,NonLethal,2018-05-31,18:10:00,NightStreelightsOn,920,50,No,NoIntersection,Normal,3+Vehicles-Chain,A86,M,48.9075980709749,2.9087819016143066
201800045887,NonLethal,2018-05-31,18:50:00,Daylight,920,50,No,NoIntersection,Normal,2Vehicles-Side,A86,M,48.903748192171854,2.903011142688643
201800045890,NonLethal,2018-01-06,09:50:00,Daylight,780,7,No,NoIntersection,Normal,Other,A13 Y,M,48.90059003739317,2.900290695259363
201800045891,NonLethal,2018-06-01,11:30:00,Daylight,920,25,No,NoIntersection,Normal,3+Vehicles-Chain,A86,M,48.93411044523006,2.934359236782754
201800045892,NonLethal,2018-01-06,14:10:00,Daylight,780,362,No,NoIntersection,LightRain,2Vehicles-Behind,A13,M,48.98333112141078,1.9823377033094136
201800045893,NonLethal,2018-01-06,16:15:00,Daylight,920,25,No,NoIntersection,Normal,2Vehicles-Side,A86,M,48.92494017783429,2.9249923527117074
201800045894,NonLethal,2018-01-06,18:45:00,Daylight,920,50,No,NoIntersection,Normal,2Vehicles-Behind,A86,M,48.91544551289572,2.9127398995257634
201800045896,NonLethal,2018-06-03,03:30:00,NightStreelightsOff,920,48,No,NoIntersection,Normal,Other,N118,M,,
201800045897,NonLethal,2018-05-06,09:00:00,Daylight,780,362,No,NoIntersection,HeavyRain,2Vehicles-Behind,A13,M,48.97656695709087,1.9783477222364725
201800045898,NonLethal,2018-05-06,19:35:00,Daylight,780,126,No,NoIntersection,Normal,3+Vehicles-Chain,A13,M,48.8365062135345,2.835885889869225
201800045899,NonLethal,2018-06-06,07:25:00,TwilightOrDawn,920,62,No,NoIntersection,LightRain,3+Vehicles-Chain,RN1013,M,48.88745771289157,2.885667312884784
201800045900,NonLethal,2018-06-06,13:55:00,Daylight,780,362,No,NoIntersection,Normal,Other,A13,M,48.974122309432566,1.9758094558862775
201800045901,NonLethal,2018-06-06,20:00:00,Daylight,780,640,No,NoIntersection,Normal,2Vehicles-Behind,A86 EXT,M,48.778363964159645,2.776429465154184
201800045902,NonLethal,2018-07-06,15:10:00,Daylight,780,455,No,NoIntersection,Normal,Other,A13,M,48.861145174882736,2.861047738954638
201800045903,NonLethal,2018-07-06,19:15:00,Daylight,920,50,No,NoIntersection,Normal,3+Vehicles-Multiple,A86,M,48.86032275812734,2.8614029500222555
201800045904,NonLethal,2018-06-08,03:30:00,NightStreelightsOn,920,51,Yes,NoIntersection,Normal,2Vehicles-Behind,RN13,M,48.88290656391776,2.8845976364899446
201800045905,NonLethal,2018-08-06,13:35:00,Daylight,920,64,No,NoIntersection,Normal,2Vehicles-Side,A13,M,48.83727632790462,2.8407485995620783
201800045906,NonLethal,2018-08-06,14:10:00,Daylight,780,43,No,NoIntersection,Normal,2Vehicles-Side,A13Y,M,,
201800045908,NonLethal,2018-06-08,16:45:00,Daylight,920,64,No,NoIntersection,Normal,3+Vehicles-Chain,A13,M,48.84009702426801,2.840235623564129
201800045910,NonLethal,2018-06-11,08:55:00,Daylight,920,50,No,NoIntersection,Overcast,Other,A86,M,48.89371194270639,2.8924246594703864
201800045911,NonLethal,2018-06-11,11:45:00,Daylight,780,322,No,NoIntersection,Normal,NoCollision,RN12,M,,
201800045913,NonLethal,2018-12-06,00:20:00,NightNoStreetLight,920,64,No,Other,LightRain,Other,A13,M,,
201800045914,NonLethal,2018-06-12,09:45:00,Daylight,920,47,No,NoIntersection,LightRain,2Vehicles-Side,A13,M,,
201800045915,NonLethal,2018-06-12,07:50:00,Daylight,780,126,No,NoIntersection,HeavyRain,2Vehicles-Behind,Al3,M,,
201800045916,NonLethal,2018-06-13,01:20:00,NightNoStreetLight,920,36,No,NoIntersection,Normal,2Vehicles-Behind,A86,M,48.93395904594336,2.936554592919922
201800045917,NonLethal,2018-06-13,08:35:00,Daylight,780,640,No,NoIntersection,Normal,2Vehicles-Side,A86 EXT,M,48.90617235537316,2.905541309342025
201800045918,NonLethal,2018-06-13,13:45:00,Daylight,920,25,No,NoIntersection,Normal,2Vehicles-Side,A86,M,48.928386031962575,2.927657058352197
201800045919,NonLethal,2018-06-14,08:35:00,Daylight,780,646,No,NoIntersection,Normal,2Vehicles-Behind,RN12,M,48.79037291620513,2.791586478895817
201800045920,NonLethal,2018-06-14,14:10:00,Daylight,920,36,No,NoIntersection,Normal,2Vehicles-Side,A86,M,48.93741126662712,2.9349835335625336
201800045921,NonLethal,2018-06-14,19:00:00,Daylight,920,50,No,NoIntersection,Normal,2Vehicles-Side,A86,M,48.903724992375416,2.9059606891588854
201800045922,NonLethal,2018-06-14,18:50:00,Daylight,780,640,No,NoIntersection,Normal,NoCollision,A86 EXT,M,,
201800045924,NonLethal,2018-06-15,14:45:00,Daylight,920,25,No,NoIntersection,Normal,NoCollision,A86,M,48.930046676351736,2.931732234395953
201800045925,NonLethal,2018-06-15,18:53:00,Daylight,780,73,No,NoIntersection,Normal,2Vehicles-Behind,A12 Y,M,48.90635663892227,2.9052848037941628
201800045926,NonLethal,2018-06-15,21:30:00,TwilightOrDawn,920,62,No,NoIntersection,VeryGood,2Vehicles-Side,A14,M,48.8873364370372,2.887265962551806
201800045927,NonLethal,2018-06-16,09:30:00,Daylight,920,64,No,NoIntersection,Normal,3+Vehicles-Chain,A13,M,48.83836813117979,2.8374886635375787
201800045928,NonLethal,2018-06-16,11:10:00,Daylight,780,490,No,NoIntersection,Normal,NoCollision,RN12 INT,M,48.79827421521983,1.7990953106841274
201800045929,NonLethal,2018-06-16,16:25:00,Daylight,780,362,No,NoIntersection,Normal,3+Vehicles-Chain,Al3,M,48.97798878471977,1.9786603127593805
201800045930,NonLethal,2018-06-16,23:45:00,NightNoStreetLight,920,36,No,NoIntersection,Normal,2Vehicles-Side,A86,M,48.93508997799916,2.933853311022652
201800045931,NonLethal,2018-06-18,07:20:00,Daylight,780,640,No,NoIntersection,Normal,Other,N118,M,48.78138194401271,2.7803898711892963
201800045932,NonLethal,2018-06-18,08:20:00,TwilightOrDawn,920,76,No,NoIntersection,Normal,NoCollision,A13,M,48.83151367296799,2.8308769462025896
201800045933,NonLethal,2018-06-18,09:30:00,Daylight,780,362,No,NoIntersection,LightRain,Other,A13,M,49.77240881308721,1.771433640205334
201800045934,NonLethal,2018-06-18,20:10:00,Daylight,920,25,No,NoIntersection,Normal,NoCollision,A86,M,48.78440642923663,2.784946662882061
201800045935,NonLethal,2018-06-19,08:20:00,Daylight,920,50,No,NoIntersection,Normal,2Vehicles-Behind,A14,M,,
201800045937,NonLethal,2018-06-19,12:00:00,Daylight,780,242,No,NoIntersection,Normal,2Vehicles-Behind,A12 W,M,48.80654181340272,2.8065380364384387
201800045938,NonLethal,2018-06-20,10:25:00,Daylight,780,640,No,NoIntersection,Normal,2Vehicles-Behind,RNl2 INT,M,48.78051884614156,2.780938481228158
201800045939,NonLethal,2018-06-22,04:10:00,NightStreelightsOn,920,50,No,NoIntersection,Normal,2Vehicles-Behind,A86,M,48.911437928576,2.9111905544856
201800045940,NonLethal,2018-06-22,08:00:00,Daylight,920,76,No,NoIntersection,Normal,2Vehicles-Side,A13,M,48.83300858394927,2.830394259927948
201800045941,NonLethal,2018-06-22,12:22:00,Daylight,780,206,No,NoIntersection,Normal,Other,A13,M,48.95460743249098,1.9548553244078004
201800045942,NonLethal,2018-06-22,14:40:00,Daylight,780,43,No,NoIntersection,Normal,3+Vehicles-Chain,A12 W,M,48.83570243970095,2.836137996468089
201800045943,NonLethal,2018-06-22,16:30:00,Daylight,920,63,No,NoIntersection,Normal,Other,A86,M,48.90653782372463,2.9035170657560383
201800045944,NonLethal,2018-06-22,16:35:00,Daylight,780,362,No,NoIntersection,Normal,3+Vehicles-Chain,A13,M,48.97868064806067,1.9794240217444716
201800045946,NonLethal,2018-06-22,19:20:00,Daylight,780,43,No,NoIntersection,Normal,3+Vehicles-Multiple,A12 W,M,48.832290085967344,2.8314389864937906
201800045947,NonLethal,2018-06-23,06:40:00,Daylight,780,29,No,NoIntersection,VeryGood,Other,A13W,M,48.81076013793972,2.8102503750404444
201800045948,NonLethal,2018-06-23,08:56:00,Daylight,780,423,No,Other,Normal,Other,RN12,M,48.79500728101717,2.793995787088784
201800045949,NonLethal,2018-06-24,17:38:00,Daylight,920,25,No,NoIntersection,Normal,3+Vehicles-Multiple,A86,M,,
201800045950,NonLethal,2018-06-25,08:15:00,Daylight,920,25,No,NoIntersection,Normal,3+Vehicles-Chain,A86,M,,
201800045951,NonLethal,2018-06-25,08:50:00,Daylight,920,64,No,NoIntersection,Normal,2Vehicles-Behind,A13,M,,
201800045952,NonLethal,2018-06-25,20:00:00,Daylight,920,23,No,NoIntersection,Normal,2Vehicles-Behind,RN385,M,48.90513673548923,2.904489182631403
201800045953,NonLethal,2018-06-26,06:18:00,Daylight,920,36,No,NoIntersection,Normal,2Vehicles-Behind,A86,M,48.93428734342667,2.932188568157504
201800045954,NonLethal,2018-06-26,14:45:00,Daylight,920,48,No,NoIntersection,Normal,Other,N118,M,48.79377692640186,2.795297364172203
201800045955,NonLethal,2018-06-27,08:15:00,Daylight,780,466,No,NoIntersection,Normal,3+Vehicles-Chain,A13,M,48.928555171707146,1.927691105858919
201800045957,NonLethal,2018-06-28,08:28:00,Daylight,780,117,No,NoIntersection,Normal,2Vehicles-Behind,RN12,M,48.78700912059035,2.7876942710064925
201800045958,NonLethal,2018-06-29,08:22:00,Daylight,780,640,No,NoIntersection,Normal,2Vehicles-Behind,N118,M,48.77603438940889,2.777603162072697
201800045960,NonLethal,2018-06-29,18:10:00,Daylight,780,396,No,NoIntersection,Normal,3+Vehicles-Multiple,A14,M,48.90418040861644,2.903763043657734
201800045961,NonLethal,2018-06-30,06:10:00,TwilightOrDawn,920,51,No,NoIntersection,Normal,Other,N13,M,48.884954445935264,2.8862495957594243
201800045962,NonLethal,2018-06-30,18:41:00,Daylight,780,362,No,NoIntersection,Normal,Other,A13,M,48.97457815483023,1.972207237526512
201800045963,NonLethal,2018-06-30,19:30:00,Daylight,780,640,No,NoIntersection,Normal,3+Vehicles-Chain,A86 INT,M,48.77895687909732,2.778835643023266
201800045965,NonLethal,2018-01-07,14:23:00,Daylight,920,72,No,NoIntersection,Normal,Other,N118,M,48.81517258617056,2.8125331862884098
201800045967,NonLethal,2018-02-07,08:15:00,Daylight,780,126,No,NoIntersection,Normal,2Vehicles-Behind,A13,M,48.836931675312194,2.834527095776573
201800045968,NonLethal,2018-07-02,20:45:00,Daylight,780,217,No,NoIntersection,Normal,2Vehicles-Side,A13,M,48.96313388098044,1.9635921206961144
201800045969,NonLethal,2018-07-03,15:52:00,Daylight,780,133,No,NoIntersection,Normal,2Vehicles-Side,A13,M,48.87502769465581,2.876116209045141
201800045971,NonLethal,2018-07-04,14:15:00,Daylight,780,640,No,NoIntersection,Normal,2Vehicles-Behind,A86 EXT,M,48.90409126015137,2.903779427325264
201800045973,NonLethal,2018-05-07,06:43:00,Daylight,780,140,No,NoIntersection,Normal,2Vehicles-Side,A13,M,48.96165423155971,1.9649091877385725
201800045974,NonLethal,2018-05-07,08:50:00,Daylight,920,48,No,NoIntersection,Normal,2Vehicles-Behind,N118,M,48.80008884181411,2.8008004200383803
201800045975,NonLethal,2018-05-07,12:30:00,Daylight,780,640,No,NoIntersection,Normal,NoCollision,N118,M,48.77609514538312,2.7759090205269934
201800045976,NonLethal,2018-07-05,17:20:00,Daylight,780,640,No,NoIntersection,Normal,3+Vehicles-Multiple,N118,M,48.80036153825889,1.7980647649731083
201800045977,NonLethal,2018-06-07,15:30:00,Daylight,780,297,No,NoIntersection,Normal,2Vehicles-Side,RN12,M,48.788797792218574,2.7864039394297824
201800045978,NonLethal,2018-06-07,15:15:00,Daylight,920,64,No,NoIntersection,Normal,3+Vehicles-Chain,A13,M,,
201800045979,NonLethal,2018-07-06,15:55:00,Daylight,780,402,No,NoIntersection,Normal,2Vehicles-Behind,A13,M,48.96528991338268,1.9634426941445235
201800045980,NonLethal,2018-07-09,08:53:00,Daylight,780,524,No,NoIntersection,Normal,3+Vehicles-Chain,A13,M,48.837684992936445,2.8395680225234377
201800045981,NonLethal,2018-09-07,11:45:00,Daylight,780,545,No,NoIntersection,Normal,2Vehicles-Side,A12 W,M,48.90552600848122,2.905760939143069
201800045982,NonLethal,2018-09-07,13:15:00,Daylight,780,206,No,NoIntersection,Normal,Other,A13,M,48.94475526542072,1.946112620585137
201800045983,NonLethal,2018-07-09,16:33:00,Daylight,780,321,No,NoIntersection,Normal,NoCollision,RN12 INT,M,48.79593739324076,1.7970374528978643
201800045984,NonLethal,2018-07-09,17:16:00,Daylight,920,64,No,NoIntersection,Normal,3+Vehicles-Chain,A13,M,48.84488632417509,2.8439487306081697
201800045985,NonLethal,2018-07-10,08:40:00,Daylight,920,50,No,NoIntersection,Normal,Other,A14,M,,
201800045987,NonLethal,2018-11-07,11:59:00,Daylight,780,43,No,NoIntersection,Normal,2Vehicles-Behind,A12 Y,M,48.84067943151729,2.840533195183617
201800045988,NonLethal,2018-11-07,19:10:00,Daylight,780,640,No,NoIntersection,Normal,2Vehicles-Side,A86 EXT,M,48.77723842297716,2.7770286343609043
201800045989,NonLethal,2018-12-07,08:55:00,Daylight,780,43,No,NoIntersection,Normal,2Vehicles-Side,A12 W,M,48.83649351614118,2.8364487760324804
201800045990,NonLethal,2018-12-07,09:40:00,Daylight,920,25,No,NoIntersection,Normal,NoCollision,A86,M,48.87770138188836,5.878736124273075
201800045991,NonLethal,2018-07-12,09:15:00,Daylight,920,64,No,NoIntersection,Normal,3+Vehicles-Chain,A13,M,,
201800045992,NonLethal,2018-07-12,12:45:00,Daylight,780,43,No,NoIntersection,Normal,2Vehicles-Side,A12 Y,M,48.79997134835351,2.7998003372876483
201800045994,NonLethal,2018-07-13,17:50:00,Daylight,780,242,No,NoIntersection,Normal,2Vehicles-Behind,A12 Y,M,48.80516764691303,2.804307044921196
201800045995,NonLethal,2018-07-13,19:29:00,Daylight,780,133,No,NoIntersection,Normal,2Vehicles-Behind,A14,M,48.91461498979636,2.913385164590226
201800045997,NonLethal,2018-07-14,01:50:00,NightStreelightsOn,780,466,No,NoIntersection,Normal,2Vehicles-Behind,A13,M,48.927614168086585,1.92858878393033
201800045998,NonLethal,2018-07-14,10:35:00,Daylight,780,238,No,NoIntersection,Normal,3+Vehicles-Chain,A13,M,48.90335062003071,2.9051544972242027
201800046001,NonLethal,2018-07-17,07:39:00,Daylight,780,242,No,NoIntersection,Normal,2Vehicles-Side,A12 W,M,48.80767476131633,2.806630396321375
201800046002,NonLethal,2018-07-17,15:10:00,Daylight,780,498,No,NoIntersection,Normal,2Vehicles-Behind,A13,M,48.9077664921292,2.9085248299632576
201800046003,NonLethal,2018-07-18,11:20:00,Daylight,920,25,No,NoIntersection,Normal,2Vehicles-Behind,A86,M,48.923934561147966,2.9225841910114148
201800046004,NonLethal,2018-07-18,12:28:00,Daylight,780,466,No,NoIntersection,Normal,2Vehicles-Behind,A13,M,48.930349064171736,1.9289339002012071
201800046006,NonLethal,2018-07-19,22:15:00,NightNoStreetLight,920,50,No,Other,Normal,2Vehicles-Behind,A86,M,48.91455963295673,2.9149507361321865
201800046008,NonLethal,2018-07-20,16:50:00,Daylight,920,50,No,NoIntersection,Normal,2Vehicles-Side,A86,M,48.913141038261735,2.914993027073649
201800046009,NonLethal,2018-07-20,18:07:00,Daylight,920,63,No,NoIntersection,Normal,2Vehicles-Behind,A86,M,48.888894297827896,2.889666816835268
201800046010,NonLethal,2018-07-20,18:35:00,Daylight,920,51,No,NoIntersection,Normal,2Vehicles-Behind,RN13,M,48.88479158075015,2.884511872837114
201800046011,NonLethal,2018-07-21,17:15:00,Daylight,780,423,Yes,NoIntersection,Normal,2Vehicles-Behind,RN12,M,48.79544548818739,2.7952066563256075
201800046012,NonLethal,2018-07-24,12:48:00,Daylight,780,640,No,NoIntersection,Normal,2Vehicles-Behind,A86 EXT,M,48.90634796029802,2.9056448419054117
201800046013,NonLethal,2018-07-25,08:20:00,Daylight,920,23,No,NoIntersection,Normal,2Vehicles-Side,RN385,M,48.77685713568629,2.7768322717376823
201800046015,NonLethal,2018-07-25,16:30:00,Daylight,780,73,No,NoIntersection,Normal,NoCollision,A12 Y,M,48.90453956663004,2.9049998536236896
201800046016,NonLethal,2018-07-26,09:35:00,Daylight,780,297,No,NoIntersection,Normal,3+Vehicles-Chain,RN12,M,48.78859496113154,2.791648034157398
201800046017,NonLethal,2018-07-26,18:50:00,Daylight,920,64,No,NoIntersection,Normal,2Vehicles-Behind,A13,M,48.83596010138083,2.836826475817169
201800046018,NonLethal,2018-07-28,17:30:00,Daylight,920,63,No,NoIntersection,Normal,NoCollision,A86,M,48.88779675317071,2.8867165128774013
201800046019,NonLethal,2018-07-30,11:00:00,Daylight,780,545,No,NoIntersection,Normal,2Vehicles-Behind,Al2 W,M,,
201800046020,NonLethal,2018-07-31,00:15:00,NightStreelightsOn,780,242,No,NoIntersection,Normal,Other,A12 W,M,48.80625747970085,2.8066535709190914
201800046021,NonLethal,2018-07-31,15:15:00,Daylight,780,418,No,NoIntersection,Normal,Other,A14,M,48.91520782807712,2.915725320221481
201800046022,NonLethal,2018-01-08,23:45:00,NightNoStreetLight,780,571,No,NoIntersection,Normal,2Vehicles-Behind,A13,M,,
201800046023,NonLethal,2018-03-08,13:45:00,Daylight,780,291,No,NoIntersection,Normal,3+Vehicles-Chain,A13,M,48.96472477771504,1.9656048273771216
201800046024,NonLethal,2018-08-03,16:21:00,Daylight,920,50,No,NoIntersection,Normal,3+Vehicles-Multiple,A86,M,48.91611061414064,2.9153652009801423
201800046025,NonLethal,2018-04-08,02:55:00,NightNoStreetLight,920,36,No,NoIntersection,Normal,Other,A86,M,48.93592801193936,2.936937199048688
201800046026,NonLethal,2018-04-08,14:20:00,Daylight,780,498,No,NoIntersection,Normal,2Vehicles-Behind,A13,M,48.90403875739423,2.902607636795073
201800046027,NonLethal,2018-04-08,23:45:00,NightStreelightsOff,920,36,No,NoIntersection,Normal,2Vehicles-Side,A86,M,48.93569762070388,2.934829501343177
201800046028,NonLethal,2018-08-05,03:00:00,NightNoStreetLight,920,25,No,NoIntersection,Normal,NoCollision,A86,M,48.93550457354163,2.934932952203383
201800046030,NonLethal,2018-07-08,09:30:00,Daylight,920,72,No,NoIntersection,Normal,2Vehicles-Side,Nll8,M,48.90451303707753,2.906227816143585
201800046031,NonLethal,2018-07-08,09:45:00,Daylight,920,25,No,NoIntersection,Normal,2Vehicles-Behind,A86,M,48.91893878231974,2.917765854218622
201800046032,NonLethal,2018-08-08,11:30:00,Daylight,920,64,No,NoIntersection,Normal,2Vehicles-Behind,A13,M,48.83769660290889,2.8412864609621917
201800046033,NonLethal,2018-08-09,07:09:00,TwilightOrDawn,920,63,No,NoIntersection,Normal,NoCollision,A86,M,48.9414841988427,1.9419622102248588
201800046034,NonLethal,2018-08-09,18:55:00,Daylight,780,455,No,NoIntersection,Normal,2Vehicles-Side,A13,M,48.85986705593892,2.8589291913929307
201800046036,NonLethal,2018-08-13,04:00:00,NightNoStreetLight,780,402,No,Other,LightRain,Other,A13,M,48.962993437020174,1.963120894955552
201800046039,NonLethal,2018-08-17,08:00:00,Daylight,780,206,No,NoIntersection,Normal,3+Vehicles-Multiple,A13,M,48.95629864686825,1.9557226727721733
201800046040,NonLethal,2018-08-21,01:20:00,NightNoStreetLight,780,291,No,NoIntersection,Normal,2Vehicles-Behind,A13,M,,
201800046041,NonLethal,2018-08-22,16:00:00,Daylight,780,321,No,NoIntersection,Normal,2Vehicles-Behind,RN12 INT,M,48.80149161904453,1.800806174872069
201800046042,NonLethal,2018-08-22,16:40:00,Daylight,780,321,No,NoIntersection,Normal,2Vehicles-Behind,RN12 INT,M,48.79288910895812,1.7929822551867467
201800046043,NonLethal,2018-08-23,08:53:00,Daylight,780,43,No,NoIntersection,Normal,2Vehicles-Side,A12 Y,M,48.83656346668406,2.838352231249376
201800046044,NonLethal,2018-08-23,18:50:00,Daylight,920,12,No,NoIntersection,Normal,2Vehicles-Side,A13,M,48.84937943978816,2.8491595474718854
201800046045,NonLethal,2018-08-24,11:48:00,Daylight,920,36,No,NoIntersection,Normal,Other,A86,M,48.93740319930093,2.9352549029736466
201800046049,NonLethal,2018-08-25,16:40:00,Daylight,780,362,No,NoIntersection,Normal,Other,A13,M,48.981037265199696,1.9809342022538596
201800046050,NonLethal,2018-08-27,07:20:00,Daylight,920,62,No,NoIntersection,Normal,2Vehicles-Behind,RN1014 Y,M,48.88790054053295,2.8879154435709737
201800046052,NonLethal,2018-08-27,21:25:00,NightNoStreetLight,920,63,No,NoIntersection,Normal,NoCollision,A86,M,48.886299451262495,2.88768061064762
201800046053,NonLethal,2018-08-28,08:02:00,Daylight,780,640,No,NoIntersection,Normal,2Vehicles-Behind,A86 EXT,M,48.77556720276091,2.7756904441657326
201800046054,NonLethal,2018-08-28,14:25:00,Daylight,780,640,No,NoIntersection,Normal,2Vehicles-Side,A86 EXT,M,48.7781238285099,2.7788245306946657
201800046055,NonLethal,2018-08-29,12:25:00,Daylight,780,362,No,NoIntersection,LightRain,Other,A13,M,48.903596381146,2.9051326869858505
201800046058,NonLethal,2018-06-14,14:55:00,Daylight,780,297,No,NoIntersection,Normal,2Vehicles-Behind,RN12,M,48.785996927283605,2.789547328786415
201800046059,NonLethal,2018-08-31,14:56:00,Daylight,780,117,No,NoIntersection,Normal,2Vehicles-Behind,RN12,M,48.788793662412544,2.788214765137248
201800046060,NonLethal,2018-09-01,16:29:00,Daylight,920,50,No,NoIntersection,Normal,2Vehicles-Behind,A86,M,48.91561349527053,2.916140827689264
201800046061,NonLethal,2018-02-09,17:10:00,Daylight,780,362,No,NoIntersection,Normal,3+Vehicles-Chain,A13,M,48.98144807344311,1.9772746999993585
201800046062,NonLethal,2018-09-02,17:15:00,Daylight,780,362,No,NoIntersection,Normal,2Vehicles-Behind,A13,M,48.90381857264558,2.901985438169906
201800046063,NonLethal,2018-09-03,07:57:00,Daylight,920,36,No,NoIntersection,Normal,2Vehicles-Behind,RN315 W,M,48.93081659102237,2.9303020963420185
201800046064,NonLethal,2018-03-09,09:50:00,Daylight,780,242,No,NoIntersection,Normal,2Vehicles-Side,A12 W,M,48.80318261294128,2.8044625201616924
201800046065,NonLethal,2018-09-03,17:00:00,Daylight,920,25,No,NoIntersection,Normal,3+Vehicles-Chain,A86,M,48.93120432083729,2.9296546730569077
201800046066,NonLethal,2018-09-04,14:20:00,Daylight,920,36,No,NoIntersection,Normal,NoCollision,A86,M,,
201800046067,NonLethal,2018-09-04,23:24:00,NightStreelightsOn,920,63,No,NoIntersection,Normal,Other,A86,M,48.904430458658894,2.9046789680983
201800046069,NonLethal,2018-06-09,09:00:00,Daylight,780,640,No,NoIntersection,Normal,2Vehicles-Side,N118,M,,
201800046070,NonLethal,2018-06-09,23:00:00,NightStreelightsOn,780,362,No,Other,Normal,NoCollision,A13,M,48.97663567309111,1.9764639140583544
201800046071,NonLethal,2018-09-07,07:00:00,Daylight,780,640,No,NoIntersection,Normal,2Vehicles-Side,N118,M,,
201800046073,NonLethal,2018-09-08,13:30:00,Daylight,920,36,No,NoIntersection,Normal,3+Vehicles-Chain,A86,M,48.93761403661451,2.936734094133738
201800046074,NonLethal,2018-09-08,20:35:00,TwilightOrDawn,780,640,No,Other,Normal,3+Vehicles-Chain,A86 EXT,M,48.77691671290232,2.776371444715032
201800046075,Lethal,2018-09-09,07:06:00,TwilightOrDawn,780,571,No,NoIntersection,Normal,2Vehicles-Side,A13,M,48.87331231622415,2.87217455853345
201800046076,NonLethal,2018-11-09,08:23:00,Daylight,780,646,No,NoIntersection,Normal,2Vehicles-Side,RN12,M,48.7894076002805,2.7894350019073038
201800046077,NonLethal,2018-09-11,08:45:00,NightStreelightsOn,920,50,No,NoIntersection,Normal,2Vehicles-Side,A14,M,,
201800046078,NonLethal,2018-11-09,17:30:00,Daylight,780,455,No,NoIntersection,Normal,3+Vehicles-Chain,A13,M,,