AccidentId,Gravity,Date,Hour,Light,Department,Commune,InAgglomeration,IntersectionType,Weather,CollisionType,PostalAddress,GPSCode,Latitude,Longitude
201800046079,NonLethal,2018-11-09,17:25:00,Daylight,780,362,No,NoIntersection,Normal,3+Vehicles-Multiple,A13,M,48.90480245113933,2.9045861691479096
201800046080,NonLethal,2018-11-09,18:45:00,Daylight,780,124,No,NoIntersection,Normal,2Vehicles-Behind,SE A14,M,,
201800046081,NonLethal,2018-09-12,09:20:00,Daylight,920,25,No,NoIntersection,Normal,2Vehicles-Side,A86,M,,
201800046083,NonLethal,2018-09-13,14:45:00,Daylight,920,25,No,NoIntersection,Normal,2Vehicles-Side,A86,M,48.925471021589146,2.9259941357011923
201800046084,NonLethal,2018-09-13,23:30:00,NightNoStreetLight,780,545,No,NoIntersection,Normal,2Vehicles-Behind,A12 Y,M,48.81387184528847,2.813242146710861
201800046085,NonLethal,2018-09-14,17:20:00,Daylight,780,238,No,NoIntersection,Normal,3+Vehicles-Chain,A13,M,48.97090725141792,1.9705367266254277
201800046086,NonLethal,2018-09-14,18:19:00,Daylight,920,50,No,NoIntersection,Normal,3+Vehicles-Multiple,A86,M,48.913224293836166,2.913803619702598
201800046087,NonLethal,2018-09-16,13:20:00,Daylight,780,217,No,NoIntersection,Normal,2Vehicles-Behind,A13,M,48.96541240578967,1.9658204346095067
201800046088,NonLethal,2018-09-16,18:00:00,Daylight,780,362,No,NoIntersection,Normal,3+Vehicles-Chain,A13,M,,
201800046089,NonLethal,2018-09-16,18:45:00,Daylight,780,640,No,NoIntersection,Normal,2Vehicles-Behind,A86 EXT,M,48.90486151439865,2.905025335166554
201800046090,NonLethal,2018-09-17,03:30:00,NightStreelightsOn,920,51,No,NoIntersection,Normal,2Vehicles-Behind,RN13,M,48.88247377870549,2.883028947157197
201800046091,NonLethal,2018-09-17,09:35:00,Daylight,780,7,No,NoIntersection,Normal,2Vehicles-Behind,A13W,M,48.89905926815729,2.898035735500651
201800046092,NonLethal,2018-09-18,08:20:00,Daylight,780,545,No,NoIntersection,Normal,2Vehicles-Side,A12 Y,M,48.90379271385251,2.901694529554827
201800046093,NonLethal,2018-09-18,08:53:00,Daylight,780,466,No,NoIntersection,Normal,3+Vehicles-Chain,A13,M,,
201800046094,NonLethal,2018-09-18,11:35:00,Daylight,920,64,No,NoIntersection,Normal,3+Vehicles-Chain,A13,M,48.90578201201836,2.905025507679934
201800046095,NonLethal,2018-09-18,18:50:00,Daylight,920,50,No,NoIntersection,Normal,2Vehicles-Side,A86,M,48.9039640869884,2.9046572635309484
201800046096,NonLethal,2018-09-18,21:10:00,NightNoStreetLight,780,640,No,NoIntersection,Normal,3+Vehicles-Chain,A86 EXT,M,48.775359949324056,2.774228836414497
201800046097,NonLethal,2018-09-19,18:19:00,Daylight,780,423,No,NoIntersection,Normal,2Vehicles-Side,RN12,M,48.79616516168415,2.7967437053843334
201800046098,NonLethal,2018-09-20,09:05:00,Daylight,780,423,No,NoIntersection,Normal,3+Vehicles-Chain,N12W,M,48.797229155533806,1.7995316954631744
201800046100,NonLethal,2018-09-21,09:26:00,Daylight,920,36,No,NoIntersection,LightRain,2Vehicles-Side,A86,M,48.93453307313741,2.935697608487257
201800046101,NonLethal,2018-09-21,12:57:00,Daylight,920,25,No,NoIntersection,Normal,2Vehicles-Side,A86,M,48.91954430453435,2.9198125454217982
201800046102,NonLethal,2018-09-23,09:30:00,Daylight,920,50,No,NoIntersection,Normal,Other,A86,M,48.90309440707629,2.902610535064366
201800046104,NonLethal,2018-09-23,18:00:00,Daylight,780,524,No,NoIntersection,HeavyRain,Other,A13,M,48.84182796761816,2.841828604241897
201800046105,NonLethal,2018-09-23,18:40:00,Daylight,780,640,No,NoIntersection,Normal,NoCollision,N118,M,,
201800046106,NonLethal,2018-09-23,19:30:00,NightNoStreetLight,920,25,No,NoIntersection,LightRain,3+Vehicles-Chain,A86,M,48.83942797401821,2.8420345163935856
201800046107,NonLethal,2018-09-24,07:30:00,TwilightOrDawn,780,640,No,NoIntersection,Normal,2Vehicles-Side,N118,M,,
201800046108,NonLethal,2018-09-24,09:50:00,Daylight,920,25,No,NoIntersection,Normal,2Vehicles-Side,A86,M,48.92274599817779,2.926291451779402
201800046109,NonLethal,2018-09-24,13:00:00,Daylight,920,50,No,Other,Normal,Other,A86,M,48.89865436909852,2.8989774999032
201800046110,NonLethal,2018-09-24,14:00:00,Daylight,780,117,No,NoIntersection,Normal,2Vehicles-Side,RN12,M,48.78880141786486,2.787959441372501
201800046111,NonLethal,2018-09-24,15:10:00,Daylight,780,646,No,NoIntersection,Normal,NoCollision,RN12,M,48.79088562460858,2.79060401070625
201800046112,NonLethal,2018-09-24,18:15:00,Daylight,780,362,No,NoIntersection,Normal,Other,A13,M,48.97769175172595,1.9761475500763448
201800046113,NonLethal,2018-09-25,00:50:00,NightNoStreetLight,920,25,No,NoIntersection,Normal,2Vehicles-Behind,A86,M,48.934152544047606,2.9341043877979027
201800046114,NonLethal,2018-09-25,17:43:00,Daylight,780,640,No,NoIntersection,Normal,Other,N118,M,,
201800046115,NonLethal,2018-09-25,18:35:00,Daylight,920,47,No,NoIntersection,Normal,2Vehicles-Behind,A13,M,48.833831260097234,2.835672356211207
201800046116,NonLethal,2018-09-26,08:30:00,Daylight,920,51,No,NoIntersection,Normal,Other,N13,M,48.88556504249084,2.8853244141168592
201800046117,NonLethal,2018-09-26,22:25:00,NightStreelightsOff,920,36,No,NoIntersection,Normal,Other,A86,M,48.93560308894426,2.9361038548684752
201800046118,NonLethal,2018-09-28,08:30:00,Daylight,920,64,No,NoIntersection,Normal,2Vehicles-Side,A13,M,48.836583026793285,2.83802971221861
201800046119,NonLethal,2018-09-28,12:15:00,Daylight,920,25,No,NoIntersection,Normal,2Vehicles-Behind,A86,M,48.91851985072154,2.917331988415939
201800046120,NonLethal,2018-09-28,12:05:00,Daylight,920,36,No,NoIntersection,Normal,2Vehicles-Side,A86,M,48.935725971688335,2.937369736908805
201800046122,NonLethal,2018-09-30,14:01:00,Daylight,920,25,No,NoIntersection,Normal,Other,A86,M,48.93365958344416,2.934160305989723
201800046123,NonLethal,2018-10-01,08:48:00,Daylight,780,640,No,NoIntersection,Normal,2Vehicles-Behind,A86 INT,M,48.78155053796717,2.781786623597845
201800046124,NonLethal,2018-10-01,13:11:00,Daylight,920,36,No,NoIntersection,Normal,2Vehicles-Side,A86,M,48.56045252186877,2.562326917376211
201800046125,NonLethal,2018-10-01,15:50:00,Daylight,920,50,No,NoIntersection,Normal,2Vehicles-Side,A86,M,48.90908438027559,2.9070749254523767
201800046126,NonLethal,2018-10-01,16:26:00,Daylight,920,25,No,NoIntersection,Normal,2Vehicles-Side,A86,M,48.92966283334201,2.9270561699318294
201800046130,NonLethal,2018-02-10,10:38:00,Daylight,920,25,No,NoIntersection,Normal,3+Vehicles-Chain,A86,M,48.920999689090586,2.920876273364131
201800046131,NonLethal,2018-03-10,16:10:00,Daylight,920,36,No,NoIntersection,Normal,2Vehicles-Behind,A86,M,48.56829283472799,2.5688906208380016
201800046132,NonLethal,2018-04-10,08:28:00,TwilightOrDawn,780,423,No,NoIntersection,Normal,2Vehicles-Behind,N12W,M,,
201800046133,NonLethal,2018-05-10,09:17:00,Daylight,780,640,No,NoIntersection,Normal,NoCollision,A86 INT,M,48.78176755382096,2.781434989856972
201800046134,NonLethal,2018-05-10,18:30:00,NightStreelightsOff,920,50,No,NoIntersection,Normal,2Vehicles-Behind,A14,M,,
201800046135,NonLethal,2018-10-05,22:46:00,NightNoStreetLight,780,490,No,NoIntersection,Normal,Other,RN12 INT,M,48.8004863753542,1.7976131437961538
201800046136,Lethal,2018-05-10,21:13:00,NightStreelightsOn,780,362,No,NoIntersection,Normal,Other,A13,M,47.99988714411359,0.9997511131295918
201800046137,NonLethal,2018-10-07,05:20:00,NightNoStreetLight,780,490,No,NoIntersection,Normal,Other,RN12 EXT,M,48.79943251316227,1.798570814457878
201800046138,NonLethal,2018-07-10,09:30:00,Daylight,920,36,No,NoIntersection,Normal,Other,A86,M,48.80207012775724,1.7996114560920835
201800046141,NonLethal,2018-10-08,19:28:00,Daylight,780,297,No,NoIntersection,Normal,3+Vehicles-Chain,RN12,M,,
201800046143,NonLethal,2018-09-10,08:50:00,Daylight,780,640,No,NoIntersection,Normal,2Vehicles-Side,N118,M,48.78428071502749,2.785282718001834
201800046144,NonLethal,2018-10-09,12:40:00,Daylight,780,90,No,NoIntersection,Normal,Other,A13,M,48.97160965095375,1.9708902820113936
201800046145,NonLethal,2018-09-10,18:45:00,NightStreelightsOn,920,63,No,NoIntersection,Normal,2Vehicles-Side,A86,M,48.87135509179063,2.872326273445558
201800046147,NonLethal,2018-10-10,07:30:00,Daylight,780,126,No,NoIntersection,Normal,2Vehicles-Side,A13,M,,
201800046148,NonLethal,2018-10-10,19:30:00,NightNoStreetLight,780,640,No,NoIntersection,Normal,2Vehicles-Behind,A86 INT,M,,
201800046149,NonLethal,2018-10-11,06:50:00,TwilightOrDawn,780,126,No,NoIntersection,Normal,2Vehicles-Side,A13,M,,
201800046150,NonLethal,2018-10-11,09:48:00,Daylight,920,25,No,NoIntersection,Normal,2Vehicles-Side,A86,M,48.91903561086652,2.9196707191990425
201800046151,NonLethal,2018-11-10,15:55:00,Daylight,920,25,No,NoIntersection,Normal,Other,A86,M,,
201800046152,NonLethal,2018-11-10,18:50:00,Daylight,920,47,No,NoIntersection,LightRain,2Vehicles-Side,A13,M,,
201800046153,NonLethal,2018-10-13,04:30:00,NightStreelightsOn,920,50,No,NoIntersection,Normal,Other,A86,M,48.89730416878527,2.900480115430743
201800046154,NonLethal,2018-10-13,05:15:00,NightNoStreetLight,780,208,No,NoIntersection,Normal,Other,RN12 EXT,M,,
201800046155,NonLethal,2018-10-13,11:45:00,Daylight,920,47,No,NoIntersection,Normal,2Vehicles-Side,A13,M,,
201800046156,NonLethal,2018-10-13,20:16:00,NightNoStreetLight,920,50,No,NoIntersection,Normal,2Vehicles-Behind,A86,M,48.91690972766522,2.918991740720948
201800046157,NonLethal,2018-10-14,05:10:00,NightNoStreetLight,780,545,No,NoIntersection,Normal,2Vehicles-Behind,A12 Y,M,48.81898945075141,2.817744412327961
201800046158,NonLethal,2018-10-15,17:28:00,Daylight,920,51,No,NoIntersection,Normal,2Vehicles-Side,RN13,M,48.88752506315117,2.888489706177516
201800046159,NonLethal,2018-10-16,08:35:00,Daylight,920,48,No,NoIntersection,Normal,2Vehicles-Side,N118,M,,
201800046160,NonLethal,2018-10-16,12:20:00,Daylight,780,362,No,NoIntersection,Normal,2Vehicles-Behind,A13,M,48.96890370709877,1.970294630963027
201800046161,NonLethal,2018-10-16,14:45:00,Daylight,780,466,No,NoIntersection,Normal,2Vehicles-Behind,A13,M,48.91750131828743,2.9190667281407108
201800046162,NonLethal,2018-10-16,18:05:00,Daylight,780,297,No,NoIntersection,Normal,2Vehicles-Side,RN12,M,48.9049742503793,2.9046374339461303
201800046163,NonLethal,2018-10-16,18:30:00,TwilightOrDawn,920,51,No,NoIntersection,Normal,2Vehicles-Behind,N13,M,,
201800046165,NonLethal,2018-10-17,07:00:00,NightStreelightsOn,780,490,No,NoIntersection,Normal,2Vehicles-Side,RN12 INT,M,48.80240960389322,1.8040597743278808
201800046166,NonLethal,2018-10-17,07:25:00,TwilightOrDawn,780,126,No,NoIntersection,Normal,3+Vehicles-Chain,A13,M,48.90587482139646,2.9061427493754146
201800046168,NonLethal,2018-10-18,19:03:00,NightNoStreetLight,920,50,No,NoIntersection,Normal,2Vehicles-Side,A86,M,48.9022569683916,2.9037254707566538
201800046169,NonLethal,2018-10-18,19:45:00,NightStreelightsOn,920,50,No,NoIntersection,Normal,2Vehicles-Side,A86,M,48.91656012341423,2.917087190056469
201800046170,NonLethal,2018-10-19,09:40:00,Daylight,780,43,No,NoIntersection,FogOrSmoke,2Vehicles-Side,A13W,M,,
201800046172,NonLethal,2018-10-19,21:01:00,NightNoStreetLight,780,43,No,NoIntersection,Normal,2Vehicles-Behind,A12 W,M,48.83530439059932,2.8339092058299142
201800046175,NonLethal,2018-10-21,06:42:00,NightNoStreetLight,750,116,No,NoIntersection,Normal,Other,A13W,M,48.847444580903,2.8483140639999784
201800046176,NonLethal,2018-10-21,11:45:00,Daylight,780,206,No,NoIntersection,Normal,Other,A13,M,48.95016163246652,1.9480089358391417
201800046177,NonLethal,2018-10-21,14:35:00,Daylight,780,646,No,NoIntersection,Normal,Other,RN12,M,48.90605922328978,2.905176701979643
201800046178,NonLethal,2018-10-22,07:30:00,NightNoStreetLight,780,158,No,NoIntersection,Normal,2Vehicles-BehindVehicles-Frontal,A13,M,,
201800046179,NonLethal,2018-09-29,15:00:00,Daylight,920,47,No,NoIntersection,Normal,2Vehicles-Side,A13,M,48.83727832702124,2.8352039887365623
201800046180,NonLethal,2018-10-23,07:55:00,TwilightOrDawn,920,51,No,NoIntersection,Normal,3+Vehicles-Chain,N13,M,48.82129521023706,2.820943267416152
201800046181,NonLethal,2018-10-23,12:50:00,Daylight,920,47,No,NoIntersection,Normal,2Vehicles-Behind,A13,M,,
201800046182,NonLethal,2018-10-25,01:03:00,NightNoStreetLight,780,158,No,NoIntersection,Normal,Other,A13,M,48.83417370824501,2.832781874305495
201800046183,NonLethal,2018-10-25,10:00:00,Daylight,920,50,No,NoIntersection,Normal,2Vehicles-Behind,A86,M,,
201800046184,NonLethal,2018-10-26,14:35:00,Daylight,780,423,No,NoIntersection,Normal,Other,N12W,M,,
201800046185,NonLethal,2018-10-27,18:30:00,NightNoStreetLight,780,362,No,NoIntersection,Normal,NoCollision,A13,M,48.97309057147047,1.9701965759734013
201800046186,NonLethal,2018-10-27,21:30:00,NightNoStreetLight,920,47,No,NoIntersection,Normal,2Vehicles-Behind,A13,M,48.8368700114889,2.8363415187703787
201800046187,NonLethal,2018-10-27,23:40:00,NightNoStreetLight,750,116,No,NoIntersection,Normal,2Vehicles-Behind,A13W,M,48.84958543173125,2.8482758390048235
201800046188,NonLethal,2018-10-28,07:35:00,TwilightOrDawn,780,322,Yes,NoIntersection,Normal,Other,RNl2 EXT,M,48.90378968729773,2.9044131085978586
201800046189,NonLethal,2018-10-28,16:00:00,Daylight,780,640,No,NoIntersection,Normal,2Vehicles-Behind,RN12 INT,M,48.84623040689944,2.8476237849625883
201800046190,NonLethal,2018-10-29,01:55:00,NightNoStreetLight,920,64,No,NoIntersection,Normal,Other,A13,M,48.83975184717098,2.839503043741161
201800046191,NonLethal,2018-10-31,03:40:00,NightNoStreetLight,780,73,No,NoIntersection,Normal,Other,RN12 INT,M,48.79974958921698,1.8002771986211314
201800046192,NonLethal,2018-10-31,21:30:00,NightStreelightsOn,920,51,No,NoIntersection,LightRain,3+Vehicles-Chain,RN13,M,48.88303083495003,2.883541471008217
201800046194,NonLethal,2018-10-31,23:45:00,NightNoStreetLight,780,43,No,NoIntersection,Normal,Other,A13W,M,48.84435574805913,2.8450287382118398
201800046196,NonLethal,2018-01-11,05:00:00,NightNoStreetLight,780,571,No,NoIntersection,Normal,Other,A13,M,48.90074580952327,2.901308448295405
201800046197,NonLethal,2018-11-01,11:40:00,Daylight,920,64,No,NoIntersection,Overcast,2Vehicles-Behind,A13,M,48.8384448089303,2.8388768126622943
201800046198,NonLethal,2018-11-01,15:00:00,Daylight,780,423,No,NoIntersection,HeavyRain,2Vehicles-Behind,N12W,M,48.795510626791696,2.7961196943511863
201800046199,NonLethal,2018-11-01,22:50:00,NightNoStreetLight,780,423,No,NoIntersection,Overcast,Other,RN12,M,48.7962339476157,2.794432329749873
201800046200,NonLethal,2018-11-02,01:00:00,NightNoStreetLight,780,646,No,NoIntersection,Normal,2Vehicles-Behind,RN12,M,48.79415655212484,2.7937581247121352
201800046203,NonLethal,2018-02-11,17:10:00,TwilightOrDawn,920,36,No,NoIntersection,Normal,3+Vehicles-Chain,A86,M,48.97014322860389,1.9711046903951843
201800046206,NonLethal,2018-02-11,18:25:00,TwilightOrDawn,920,50,No,NoIntersection,Normal,2Vehicles-Behind,A86,M,48.54418237645345,2.5453347062221265
201800046207,NonLethal,2018-11-04,17:10:00,NightNoStreetLight,920,50,No,NoIntersection,Normal,2Vehicles-Behind,A86,M,48.91692209898534,2.920141823483608
201800046208,NonLethal,2018-05-11,18:50:00,NightNoStreetLight,780,322,No,NoIntersection,Normal,Other,RN12 EXT,M,,
201800046209,NonLethal,2018-06-11,06:35:00,NightStreelightsOn,920,50,No,NoIntersection,Normal,2Vehicles-Behind,A86,M,,
201800046211,NonLethal,2018-11-06,21:25:00,NightNoStreetLight,780,490,No,NoIntersection,Normal,Other,RN12 INT,M,48.79775556851561,1.8009127815412618
201800046212,NonLethal,2018-11-07,09:30:00,NightStreelightsOn,920,50,No,NoIntersection,LightRain,3+Vehicles-Multiple,A86,M,48.89872734570898,2.8988248921231032
201800046214,NonLethal,2018-07-11,17:50:00,NightNoStreetLight,780,217,No,NoIntersection,Normal,2Vehicles-Behind,A13,M,48.96558511858398,1.9682395832527344
201800046215,NonLethal,2018-11-08,09:00:00,TwilightOrDawn,920,26,No,NoIntersection,Normal,Other,RN1014 Y,M,48.88850571791512,2.887695173856324
201800046217,NonLethal,2018-09-11,08:10:00,Daylight,780,646,No,NoIntersection,Normal,3+Vehicles-Chain,RN12 INT,M,48.78570684583188,2.7859689365549865
201800046218,NonLethal,2018-11-09,12:15:00,Daylight,780,402,No,NoIntersection,Normal,2Vehicles-Side,A13,M,,
201800046219,NonLethal,2018-10-11,07:40:00,NightNoStreetLight,780,43,No,NoIntersection,LightRain,2Vehicles-Side,A13Y,M,,
201800046220,NonLethal,2018-10-11,13:45:00,Daylight,780,297,No,NoIntersection,LightRain,Other,RN12,M,48.78797471076889,2.787599428670377
201800046221,NonLethal,2018-11-11,01:55:00,NightStreelightsOff,780,297,No,Other,Normal,Other,RN12,M,48.78767512859685,2.7878652461765143
201800046222,NonLethal,2018-11-11,04:12:00,NightNoStreetLight,920,36,No,NoIntersection,LightRain,Other,A86,M,48.93362548507107,2.932946907465647
201800046223,NonLethal,2018-11-12,09:44:00,Daylight,780,551,No,NoIntersection,Normal,3+Vehicles-Multiple,SE A14,M,,
201800046224,NonLethal,2018-12-11,13:38:00,Daylight,920,63,No,NoIntersection,Overcast,Other,A86,M,48.86932829570255,2.870784720232192
201800046225,NonLethal,2018-12-11,18:15:00,NightNoStreetLight,780,206,No,NoIntersection,Normal,2Vehicles-Side,A13,M,48.9552268076802,1.9561889508058043
201800046228,NonLethal,2018-11-13,17:15:00,Daylight,780,43,No,NoIntersection,Normal,2Vehicles-Behind,A12 Y,M,48.83374812888688,2.833103921903362
201800046229,NonLethal,2018-11-14,19:27:00,NightNoStreetLight,780,646,No,NoIntersection,Normal,2Vehicles-Behind,RN12,M,48.79231375350915,2.793725798656767
201800046230,NonLethal,2018-11-15,05:17:00,NightNoStreetLight,920,72,No,NoIntersection,Normal,Other,N118,M,48.82500561611784,2.827201512778799
201800046231,NonLethal,2018-11-15,06:29:00,NightNoStreetLight,780,238,No,NoIntersection,Overcast,3+Vehicles-Chain,A13,M,48.830553812986665,2.831675443101888
201800046232,NonLethal,2018-11-15,19:58:00,NightStreelightsOff,780,545,No,NoIntersection,Other,2Vehicles-Behind,RN12,M,,
201800046233,NonLethal,2018-11-18,02:00:00,NightNoStreetLight,780,73,No,NoIntersection,Normal,NoCollision,Al2 Y,M,48.801762914710686,2.800933341311784
201800046234,NonLethal,2018-11-18,04:00:00,NightNoStreetLight,780,158,No,NoIntersection,Normal,2Vehicles-BehindVehicles-Frontal,A13,M,48.833976613569455,2.835218782443643
201800046235,NonLethal,2018-11-19,09:40:00,Daylight,920,36,No,NoIntersection,Normal,Other,RN315 W,M,48.92627734124938,2.926005517882394
201800046236,NonLethal,2018-11-19,12:30:00,Daylight,920,36,No,NoIntersection,Normal,Other,A86,M,48.93624852855329,2.937202590878951
201800046237,NonLethal,2018-11-19,21:15:00,NightStreelightsOn,920,62,No,NoIntersection,LightRain,NoCollision,RN1013,M,48.8930442787998,2.892838724855697
201800046238,NonLethal,2018-11-20,13:30:00,Daylight,780,646,No,NoIntersection,SnowOrHail,Other,RN12,M,48.47205929155823,2.472682687910422
201800046239,NonLethal,2018-11-22,08:00:00,NightStreelightsOff,780,640,No,NoIntersection,FogOrSmoke,2Vehicles-Side,A86 INT,M,48.77739987399954,2.7780191567614723
201800046240,NonLethal,2018-11-22,19:00:00,NightNoStreetLight,920,36,No,NoIntersection,LightRain,NoCollision,A86,M,,
201800046241,NonLethal,2018-11-23,09:00:00,Daylight,920,64,No,NoIntersection,Normal,2Vehicles-Behind,A13,M,,
201800046242,NonLethal,2018-11-23,19:35:00,NightStreelightsOn,920,64,No,NoIntersection,Normal,2Vehicles-Side,A13,M,48.84086190067736,2.8390603299709296
201800046244,NonLethal,2018-11-25,17:50:00,NightStreelightsOn,780,297,No,NoIntersection,LightRain,Other,RN12,M,48.93239138239665,2.9346228608134477
201800046245,NonLethal,2018-11-25,19:20:00,NightStreelightsOn,780,640,No,NoIntersection,LightRain,2Vehicles-Behind,A86 EXT,M,,
201800046246,NonLethal,2018-11-25,20:50:00,NightNoStreetLight,920,36,No,NoIntersection,LightRain,Other,A86,M,48.933516600216656,2.933615989598269
201800046247,NonLethal,2018-11-26,04:18:00,NightNoStreetLight,920,36,No,NoIntersection,LightRain,Other,A86,M,48.93789065770672,2.941267339321138
201800046248,NonLethal,2018-11-26,07:50:00,TwilightOrDawn,780,362,No,NoIntersection,Normal,3+Vehicles-Chain,A13,M,48.97392904873252,1.9730193209798268
201800046249,NonLethal,2018-11-26,17:40:00,NightNoStreetLight,780,455,No,NoIntersection,Normal,3+Vehicles-Chain,A13,M,48.85208566820606,2.853034638773362
201800046250,NonLethal,2018-11-27,16:00:00,TwilightOrDawn,920,26,No,NoIntersection,Normal,2Vehicles-Behind,RN1014 Y,M,,
201800046251,NonLethal,2018-11-28,11:50:00,Daylight,920,47,No,NoIntersection,LightRain,2Vehicles-Side,A13,M,48.83360268733511,2.832540404192472
201800046252,NonLethal,2018-11-28,18:15:00,TwilightOrDawn,780,43,No,NoIntersection,Normal,3+Vehicles-Multiple,A13Y,M,,
201800046253,NonLethal,2018-11-30,17:30:00,NightStreelightsOn,780,118,No,NoIntersection,Normal,NoCollision,A13,M,48.98263100315732,1.9833424200985568
201800046254,NonLethal,2018-11-30,19:10:00,NightNoStreetLight,780,423,No,NoIntersection,Normal,NoCollision,RN12,M,48.79589494576067,2.7981586274877417
201800046257,NonLethal,2018-12-01,19:20:00,NightStreelightsOn,920,62,No,NoIntersection,LightRain,NoCollision,A14,M,,
201800046258,NonLethal,2018-02-12,02:00:00,NightStreelightsOn,920,64,Yes,NoIntersection,HeavyRain,Other,N118,M,48.82401566912532,2.8283531111252707
201800046259,NonLethal,2018-02-12,06:20:00,Daylight,920,36,No,NoIntersection,LightRain,Other,A86,M,48.93563135705477,2.936023956697284
201800046261,NonLethal,2018-12-02,11:45:00,Daylight,920,48,No,NoIntersection,Normal,2Vehicles-Side,Nll8,M,48.78774575228815,2.785689177988848
201800046262,NonLethal,2018-02-12,13:00:00,Daylight,920,50,No,Other,Overcast,NoCollision,A14,M,48.89711853721861,2.8970724271067807
201800046263,NonLethal,2018-03-12,02:00:00,NightStreelightsOn,920,12,No,NoIntersection,LightRain,3+Vehicles-Multiple,A13,M,48.84925674970654,2.848887097668313
201800046264,NonLethal,2018-03-12,11:30:00,Daylight,780,362,No,NoIntersection,LightRain,3+Vehicles-Chain,A13,M,,
201800046265,NonLethal,2018-03-12,18:15:00,Daylight,920,25,No,NoIntersection,LightRain,2Vehicles-Behind,A86,M,,
201800046266,NonLethal,2018-12-03,18:25:00,NightNoStreetLight,780,640,No,NoIntersection,LightRain,2Vehicles-Behind,A86 EXT,M,48.78097811595236,2.7812737205597773
201800046267,NonLethal,2018-04-12,04:45:00,NightNoStreetLight,780,646,No,NoIntersection,LightRain,Other,RN12,M,,
201800046268,NonLethal,2018-12-03,17:20:00,NightNoStreetLight,780,640,No,NoIntersection,LightRain,2Vehicles-Behind,A86 EXT,M,48.7792155013037,2.7796832952553
201800046270,NonLethal,2018-12-04,09:50:00,Daylight,920,23,No,NoIntersection,Normal,2Vehicles-Side,RN385,M,48.77693516914412,2.776484893541426
201800046271,NonLethal,2018-12-05,23:20:00,NightStreelightsOn,920,63,No,NoIntersection,Normal,Other,A86,M,48.88876638035996,2.890422598021037
201800046273,NonLethal,2018-06-12,08:50:00,Daylight,920,62,No,NoIntersection,Normal,NoCollision,RN1013,M,,
201800046274,NonLethal,2018-12-06,09:00:00,Daylight,920,62,No,NoIntersection,Normal,2Vehicles-Side,A14,M,,
201800046275,NonLethal,2018-06-12,10:50:00,Daylight,920,60,No,NoIntersection,LightRain,2Vehicles-Behind,RN385,M,,
201800046276,NonLethal,2018-12-06,19:30:00,NightNoStreetLight,780,466,No,NoIntersection,Normal,2Vehicles-Behind,A13,M,48.92798748448652,1.9283291438215509
201800046278,NonLethal,2018-12-09,20:05:00,NightNoStreetLight,920,48,No,NoIntersection,LightRain,Other,N118,M,,
201800046279,NonLethal,2018-10-12,03:10:00,NightNoStreetLight,920,36,No,NoIntersection,LightRain,2Vehicles-Side,A86,M,48.93402855710084,2.933305922468028
201800046280,NonLethal,2018-10-12,07:20:00,NightNoStreetLight,920,50,No,NoIntersection,Normal,2Vehicles-Side,A86,M,48.91068843713784,2.9109289111184884
201800046281,NonLethal,2018-10-12,08:45:00,Daylight,780,431,No,NoIntersection,Normal,2Vehicles-Side,A13,M,,
201800046282,NonLethal,2018-10-12,09:33:00,Daylight,780,43,No,NoIntersection,Normal,2Vehicles-Behind,A12 Y,M,48.84114832216108,2.8440629938746533
201800046283,NonLethal,2018-10-12,10:55:00,Daylight,780,133,No,NoIntersection,Normal,3+Vehicles-Chain,A13,M,,
201800046285,NonLethal,2018-12-12,09:10:00,Daylight,920,23,No,NoIntersection,Normal,2Vehicles-Behind,RN385,M,,
201800046288,NonLethal,2018-12-13,17:30:00,NightNoStreetLight,780,43,No,NoIntersection,Normal,3+Vehicles-Multiple,A12 W,M,48.83797418611982,2.8364467352922778
201800046289,NonLethal,2018-12-14,09:12:00,Daylight,780,423,No,NoIntersection,Normal,2Vehicles-Side,RN12,M,48.794441381738594,2.7949409326149848
201800046290,NonLethal,2018-12-14,18:10:00,NightNoStreetLight,920,48,No,NoIntersection,Normal,2Vehicles-Side,N118,M,48.78886720111188,2.790646720486089
201800046291,NonLethal,2018-12-14,18:20:00,NightNoStreetLight,780,423,No,NoIntersection,Normal,2Vehicles-Side,RN12,M,48.79705430335928,2.796382349183053
201800046292,NonLethal,2018-12-15,09:15:00,Daylight,780,640,No,NoIntersection,Normal,Other,N118,M,48.78029390191559,2.781028424890631
201800046293,NonLethal,2018-12-15,17:30:00,NightStreelightsOn,920,62,No,NoIntersection,LightRain,2Vehicles-Behind,RN1O14 W,M,,
201800046295,NonLethal,2018-12-16,01:05:00,NightNoStreetLight,920,47,No,NoIntersection,LightRain,Other,Al3,M,48.83722314563859,2.8380065641749006