AccidentId,Gravity,Date,Hour,Light,Department,Commune,InAgglomeration,IntersectionType,Weather,CollisionType,PostalAddress,GPSCode,Latitude,Longitude
201800046298,NonLethal,2018-12-16,22:30:00,NightNoStreetLight,780,43,No,NoIntersection,LightRain,Other,A13W,M,48.84473556657308,2.845061187133958
201800046300,NonLethal,2018-12-17,13:35:00,Daylight,780,217,No,NoIntersection,Normal,Other,A13,M,48.96579322621375,1.9666936177721663
201800046301,NonLethal,2018-12-18,17:45:00,NightNoStreetLight,780,466,No,NoIntersection,Normal,Other,A13,M,48.92592162208777,1.926277618418373
201800046303,NonLethal,2018-12-19,19:20:00,NightNoStreetLight,920,50,No,NoIntersection,Normal,2Vehicles-Side,A86,M,48.905027828952825,2.9042411148422085
201800046304,NonLethal,2018-12-19,20:15:00,NightNoStreetLight,780,158,No,NoIntersection,Overcast,3+Vehicles-Chain,Al3,M,,
201800046306,Lethal,2018-12-21,12:11:00,Daylight,920,64,No,NoIntersection,Normal,Other,A13,M,48.84101730780693,2.8393986585015774
201800046307,NonLethal,2018-12-21,12:50:00,Daylight,920,63,No,NoIntersection,LightRain,2Vehicles-Side,A86,M,,
201800046308,NonLethal,2018-12-21,16:30:00,Daylight,780,646,No,NoIntersection,Normal,3+Vehicles-Chain,RN12 INT,M,,
201800046309,Lethal,2018-12-22,07:30:00,NightNoStreetLight,780,402,No,NoIntersection,Overcast,3+Vehicles-Multiple,A13,M,,
201800046312,NonLethal,2018-12-23,22:30:00,NightNoStreetLight,780,73,No,NoIntersection,LightRain,2Vehicles-BehindVehicles-Frontal,N12Y,M,,
201800046313,NonLethal,2018-12-24,01:40:00,NightNoStreetLight,920,25,No,NoIntersection,LightRain,Other,A86,M,48.926901205526576,2.928523887713499
201800046314,NonLethal,2018-12-24,18:25:00,NightNoStreetLight,920,50,No,NoIntersection,Normal,2Vehicles-Side,A86,M,,
201800046315,NonLethal,2018-12-25,00:55:00,NightStreelightsOn,920,50,No,NoIntersection,Normal,2Vehicles-Behind,A14,M,48.89685931863581,2.8979131712673407
201800046316,NonLethal,2018-12-25,11:55:00,Daylight,780,524,No,NoIntersection,Normal,Other,A13,M,48.95046570268149,2.952222404160567
201800046317,NonLethal,2018-12-26,12:05:00,Daylight,920,25,No,NoIntersection,Normal,Other,A86,M,48.91901707571217,2.920856884880473
201800046318,NonLethal,2018-12-26,17:05:00,NightNoStreetLight,780,133,No,NoIntersection,Normal,2Vehicles-Behind,A13,M,,
201800046319,NonLethal,2018-12-27,14:30:00,Daylight,920,50,No,NoIntersection,Normal,3+Vehicles-Chain,A86,M,,
201800046321,NonLethal,2018-12-29,18:55:00,NightNoStreetLight,780,646,No,NoIntersection,Normal,Other,RN12 INT,M,48.789141228004894,2.792671038800001
201800046322,NonLethal,2018-12-29,22:00:00,NightStreelightsOn,780,322,No,NoIntersection,LightRain,2Vehicles-Behind,RN12,M,48.78748973640475,2.78727094914923
201800046323,NonLethal,2018-12-31,01:50:00,NightNoStreetLight,920,36,No,NoIntersection,LightRain,2Vehicles-BehindVehicles-Frontal,A86,M,48.933177955332766,2.933987832852342
201800046324,NonLethal,2018-01-01,15:10:00,Daylight,940,37,No,NoIntersection,LightRain,Other,AUTOROUTE A6B,M,48.807185543252615,2.8077278194975017
201800046325,NonLethal,2018-01-01,16:40:00,TwilightOrDawn,910,534,No,NoIntersection,LightRain,2Vehicles-Side,RN 118,M,48.732773804419935,2.730869566411071
201800046326,NonLethal,2018-01-01,16:00:00,Daylight,910,340,No,NoIntersection,HeavyRain,2Vehicles-Behind,RN 104,M,48.61018898209316,2.6099498558069585
201800046327,NonLethal,2018-01-01,18:45:00,NightNoStreetLight,910,521,No,NoIntersection,LightRain,Other,RN 104,M,48.63136957110061,2.631955384685104
201800046328,NonLethal,2018-02-01,09:40:00,Daylight,910,521,No,NoIntersection,Overcast,Other,RN 104,M,48.63232652789499,2.633438854842199
201800046329,NonLethal,2018-02-01,21:00:00,NightNoStreetLight,910,340,No,NoIntersection,Overcast,2Vehicles-Side,AUTOROUTE A6,M,48.60438638170776,2.604714687906275
201800046330,Lethal,2018-02-01,23:49:00,NightNoStreetLight,910,471,No,NoIntersection,LightRain,NoCollision,RN 118,M,48.71184390321764,2.7108404510726616
201800046331,NonLethal,2018-03-01,05:20:00,NightNoStreetLight,910,589,No,NoIntersection,LightRain,Other,AUTOROUTE A6,M,48.67588766503409,2.673780350012456
201800046332,NonLethal,2018-01-03,06:46:00,NightNoStreetLight,910,228,No,NoIntersection,HeavyRain,3+Vehicles-Multiple,AUTOROUTE A6,M,48.62218678061241,2.6204213810593404
201800046333,NonLethal,2018-01-03,10:50:00,Daylight,910,521,No,NoIntersection,SnowOrHail,Other,AUTOROUTE A6,M,48.63792627411891,2.640078883894155
201800046334,NonLethal,2018-05-01,06:55:00,NightNoStreetLight,910,182,No,NoIntersection,LightRain,3+Vehicles-Multiple,RN 104,M,48.6256246055091,2.6259303538772745
201800046335,NonLethal,2018-01-05,09:00:00,Daylight,910,216,No,NoIntersection,LightRain,3+Vehicles-Multiple,AUTOROUTE A6,M,48.68284919464133,2.6832877196923417
201800046336,NonLethal,2018-01-06,06:28:00,NightNoStreetLight,910,64,No,NoIntersection,Normal,2Vehicles-Behind,RN 118,M,48.746334237262175,2.744068151208757
201800046337,NonLethal,2018-01-06,15:20:00,Daylight,910,179,No,NoIntersection,Normal,NoCollision,AUTOROUTE A6,M,48.5529859377833,2.55300711604351
201800046339,NonLethal,2018-01-07,08:45:00,Daylight,910,136,No,NoIntersection,Overcast,Other,AUTOROUTE A1O,M,48.71147712974694,2.711822231133312
201800046340,NonLethal,2018-07-01,12:30:00,Daylight,910,340,No,NoIntersection,Overcast,Other,RN 104,M,48.60753713361082,2.608797995266232
201800046341,NonLethal,2018-09-01,17:10:00,TwilightOrDawn,940,38,No,NoIntersection,LightRain,2Vehicles-Side,AUTOROUTE A6B,M,48.77695089653072,2.775996158714368
201800046342,NonLethal,2018-01-09,18:50:00,NightNoStreetLight,770,251,No,NoIntersection,LightRain,Other,AUTOROUTE A5A,M,48.618929739343166,2.619809478724316
201800046343,NonLethal,2018-10-01,00:15:00,NightNoStreetLight,910,340,No,NoIntersection,LightRain,2Vehicles-Behind,RN 104,M,48.60776665486273,2.60907389148362
201800046345,NonLethal,2018-01-10,18:45:00,NightNoStreetLight,910,86,No,NoIntersection,Normal,3+Vehicles-Chain,RN 104,M,48.62211431375352,2.623144007448225
201800046346,NonLethal,2018-01-12,09:50:00,Daylight,940,34,No,NoIntersection,Normal,NoCollision,AUTOROUTE A86,M,48.7585590038321,2.758783412123589
201800046348,NonLethal,2018-01-12,16:45:00,TwilightOrDawn,910,235,No,NoIntersection,Normal,2Vehicles-Side,RN 104,M,48.62491322127075,2.624730737173784
201800046349,NonLethal,2018-01-13,00:30:00,NightNoStreetLight,940,3,No,NoIntersection,Other,2Vehicles-Behind,AUTOROUTE A6A,M,48.799289601644205,2.798887660596244
201800046351,NonLethal,2018-01-13,16:38:00,Daylight,770,384,No,NoIntersection,Normal,2Vehicles-Side,AUTOROUTE A5A,M,48.601104984500175,2.605311542783757
201800046352,NonLethal,2018-01-14,05:35:00,NightNoStreetLight,910,340,No,NoIntersection,Overcast,2Vehicles-Behind,RN 104,M,48.60895954011447,2.607549341555808
201800046354,NonLethal,2018-01-16,07:05:00,NightNoStreetLight,910,689,No,NoIntersection,LightRain,3+Vehicles-Multiple,AUTOROUTE A6,M,48.74632374284239,2.744959144472273
201800046355,NonLethal,2018-01-16,11:19:00,Daylight,910,216,No,NoIntersection,LightRain,2Vehicles-Side,AUTOROUTE A6,M,48.68126735365346,2.680556940316571
201800046357,NonLethal,2018-01-16,19:00:00,NightNoStreetLight,910,589,No,NoIntersection,LightRain,Other,AUTOROUTE A6,M,48.6768768306339,2.6758911715420264
201800046358,NonLethal,2018-01-17,08:25:00,TwilightOrDawn,940,34,No,NoIntersection,Overcast,NoCollision,AUTOROUTE A86,M,48.75887584505695,2.7589376703722297
201800046359,NonLethal,2018-01-17,19:00:00,NightNoStreetLight,910,174,No,NoIntersection,Normal,2Vehicles-Side,RN 104,M,48.608956949095614,2.6086534258213705
201800046360,NonLethal,2018-01-18,17:00:00,Daylight,910,521,No,NoIntersection,Overcast,2Vehicles-Side,RN 104,M,48.63462121867431,2.633313279079136
201800046361,NonLethal,2018-01-19,14:30:00,Daylight,920,2,No,NoIntersection,LightRain,3+Vehicles-Chain,AUTOROUTE A86,M,48.7621091954198,2.764240972070743
201800046362,NonLethal,2018-01-19,22:00:00,NightNoStreetLight,910,377,No,NoIntersection,Normal,2Vehicles-Behind,RN20,M,48.71467898628682,2.7117950852728034
201800046364,Lethal,2018-01-20,19:18:00,NightNoStreetLight,910,161,No,NoIntersection,HeavyRain,3+Vehicles-Multiple,AUTOROUTE A6,M,48.69520639223904,2.693748019483144
201800046365,NonLethal,2018-01-21,01:30:00,NightNoStreetLight,910,589,No,NoIntersection,Normal,Other,AUTOROUTE A6,M,48.68005613535487,2.679099472248596
201800046366,NonLethal,2018-01-21,13:20:00,Daylight,910,477,No,NoIntersection,LightRain,NoCollision,AUTOROUTE A10,M,48.71994963648178,2.719097622533336
201800046367,NonLethal,2018-01-21,17:10:00,TwilightOrDawn,910,589,No,NoIntersection,LightRain,Other,AUTOROUTE A6,M,48.67958465349725,2.679803665767471
201800046368,NonLethal,2018-01-22,07:32:00,TwilightOrDawn,910,521,No,NoIntersection,LightRain,2Vehicles-Behind,AUTOROUTE A6,M,48.63567392326309,2.6339946138013306
201800046369,NonLethal,2018-01-22,07:50:00,TwilightOrDawn,910,377,No,NoIntersection,LightRain,2Vehicles-Side,RD 444,M,48.44618038634068,2.4445154830022693
201800046370,Lethal,2018-01-20,12:10:00,Daylight,910,692,No,NoIntersection,Normal,Other,RN 118,M,48.68262467889604,2.6826692103347094
201800046372,NonLethal,2018-01-22,13:40:00,Daylight,910,477,No,NoIntersection,HeavyRain,NoCollision,AUTOROUTE A10,M,48.71931604036816,2.718230992301453
201800046373,NonLethal,2018-01-20,23:30:00,NightNoStreetLight,910,521,No,NoIntersection,LightRain,Other,RN 104,M,48.63382380743831,2.6339194181188943
201800046374,NonLethal,2018-01-22,16:20:00,Daylight,910,477,No,NoIntersection,Normal,NoCollision,AUTOROUTE A10,M,48.72054206130156,2.7203962673367674
201800046375,NonLethal,2018-01-22,17:15:00,Daylight,910,64,No,NoIntersection,Normal,2Vehicles-Behind,RD 444,M,48.748414763677445,2.747039163683154
201800046376,NonLethal,2018-01-24,09:35:00,Daylight,940,65,No,NoIntersection,Normal,2Vehicles-Behind,AUTOROUTE A86,M,48.755327285115165,2.7540209814040386
201800046377,NonLethal,2018-01-25,09:00:00,Daylight,910,136,No,NoIntersection,LightRain,3+Vehicles-Chain,AUTOROUTE A10,M,48.71712685863787,2.7172561307210894
201800046378,NonLethal,2018-01-25,09:10:00,Daylight,940,38,No,NoIntersection,LightRain,2Vehicles-Behind,AUTOROUTE A6B,M,48.790981351546506,2.7909667629779293
201800046379,NonLethal,2018-01-25,18:10:00,NightNoStreetLight,910,340,No,NoIntersection,LightRain,3+Vehicles-Chain,AUTOROUTE A6,M,48.59925731059637,2.596111876986702
201800046380,NonLethal,2018-01-26,19:36:00,NightNoStreetLight,910,235,No,NoIntersection,Normal,2Vehicles-BehindVehicles-Frontal,RN 104,M,48.62655759325918,2.6270293329585064
201800046381,NonLethal,2018-01-27,12:30:00,Daylight,910,161,No,NoIntersection,Normal,Other,AUTOROUTE A6,M,48.69424264679042,2.694666236246945
201800046382,NonLethal,2018-01-27,17:55:00,Daylight,910,182,No,NoIntersection,Normal,2Vehicles-Behind,AUTOROUTE A6,M,48.63061473620981,2.6322739860781086
201800046383,NonLethal,2018-01-28,08:12:00,Daylight,910,161,No,NoIntersection,Overcast,2Vehicles-Behind,AUTOROUTE A126,M,48.70912164773736,2.707870309879911
201800046384,NonLethal,2018-01-29,08:30:00,Daylight,770,384,No,NoIntersection,LightRain,Other,AUTOROUTE A5A,M,48.60210720743636,2.601264027690973
201800046385,NonLethal,2018-01-29,16:50:00,Daylight,940,37,No,NoIntersection,Normal,2Vehicles-Side,AUTOROUTE A6B,M,48.8129052462929,2.8143953752822672
201800046387,NonLethal,2018-01-30,12:30:00,Daylight,940,3,No,NoIntersection,LightRain,3+Vehicles-Chain,AUTOROUTE A6B,M,48.795800288837626,2.795320930188475
201800046388,NonLethal,2018-01-30,21:00:00,NightStreelightsOn,940,38,No,NoIntersection,Normal,2Vehicles-Behind,AUTOROUTE A6B,M,48.77826447980041,2.780648887017628
201800046389,NonLethal,2018-01-31,14:30:00,Daylight,940,38,No,NoIntersection,LightRain,2Vehicles-Behind,AUTOROUTE A6A,M,48.77887802615845,2.7809171738819147
201800046390,NonLethal,2018-01-02,03:05:00,NightNoStreetLight,910,347,No,NoIntersection,LightRain,NoCollision,RN 104,M,48.62532399250713,2.6260755648578704
201800046391,NonLethal,2018-02-01,20:04:00,NightNoStreetLight,910,64,No,NoIntersection,Normal,2Vehicles-Side,RN 118,M,48.763545916610575,2.7673546190302685
201800046392,NonLethal,2018-02-02,08:35:00,TwilightOrDawn,940,21,No,NoIntersection,Normal,2Vehicles-Side,AUTOROUTE A6A,M,48.7698631357708,2.769635529416956
201800046393,NonLethal,2018-02-02,19:10:00,NightNoStreetLight,910,86,No,NoIntersection,Normal,2Vehicles-Behind,RN 104,M,48.62371629186863,2.6222459554634607
201800046395,NonLethal,2018-02-04,06:28:00,NightNoStreetLight,910,434,No,NoIntersection,LightRain,Other,AUTOROUTE A6,M,48.66823275112461,2.6687287864384674
201800046396,NonLethal,2018-02-04,09:11:00,Daylight,940,34,No,NoIntersection,Normal,Other,AUTOROUTE A86,M,48.7591671847222,2.75845775554861
201800046397,NonLethal,2018-02-04,10:30:00,Daylight,910,136,No,NoIntersection,Overcast,Other,AUTOROUTE A10,M,48.71580766774908,2.7142754161430096
201800046398,NonLethal,2018-02-05,06:15:00,NightNoStreetLight,910,64,No,NoIntersection,Normal,3+Vehicles-Multiple,RN 118,M,48.76236852408553,2.76029191751142
201800046403,NonLethal,2018-08-02,11:02:00,Daylight,910,161,No,NoIntersection,Normal,3+Vehicles-Chain,AUTOROUTE A6,M,48.69512443533315,2.697131663851878
201800046404,NonLethal,2018-10-02,18:00:00,TwilightOrDawn,910,689,No,NoIntersection,Normal,Other,AUTOROUTE A6B,M,48.7382372932939,2.7393239700370366
201800046405,NonLethal,2018-02-10,18:20:00,NightStreelightsOn,910,64,No,NoIntersection,LightRain,2Vehicles-Side,RN 118,M,48.749342225208245,2.748462046850953
201800046406,NonLethal,2018-02-11,00:15:00,NightNoStreetLight,910,521,No,NoIntersection,HeavyRain,3+Vehicles-Chain,AUTOROUTE A6,M,48.642659651341866,2.6390110650816063
201800046407,NonLethal,2018-12-02,06:48:00,NightStreelightsOff,940,34,No,NoIntersection,Normal,2Vehicles-Behind,AUTOROUTE A6A,M,48.760860888273726,2.759685546287253
201800046408,NonLethal,2018-02-12,10:30:00,Daylight,910,216,No,NoIntersection,Normal,2Vehicles-Side,AUTOROUTE A6,M,48.6800297696286,2.680494396777569
201800046409,NonLethal,2018-02-12,15:00:00,Daylight,910,377,No,NoIntersection,Normal,NoCollision,AUTOROUTE A10,M,48.72229659875881,2.72317551650359
201800046410,NonLethal,2018-02-12,21:50:00,NightNoStreetLight,940,34,No,NoIntersection,Normal,2Vehicles-Side,AUTOROUTE A86,M,48.754547804726265,2.7542608565822198
201800046412,NonLethal,2018-02-14,17:46:00,Daylight,940,34,No,NoIntersection,LightRain,2Vehicles-Behind,AUTOROUTE A6B,M,48.75012691738115,2.751726177154592
201800046413,NonLethal,2018-02-15,02:20:00,NightStreelightsOn,940,38,No,NoIntersection,LightRain,Other,AUTOROUTE A6B,M,48.76893930242033,2.769587908313245
201800046414,NonLethal,2018-02-15,01:20:00,NightNoStreetLight,910,477,No,NoIntersection,LightRain,NoCollision,AUTOROUTE A10,M,48.71930082145743,2.7187180643677853
201800046416,NonLethal,2018-02-15,11:10:00,Daylight,910,363,No,NoIntersection,LightRain,Other,RN 104,M,48.64441284444042,2.6445727968775974
201800046417,NonLethal,2018-02-15,19:40:00,NightStreelightsOff,910,477,No,NoIntersection,Normal,3+Vehicles-Multiple,AUTOROUTE A1O,M,48.71296585169195,2.7139920832918416
201800046418,NonLethal,2018-02-17,06:45:00,TwilightOrDawn,910,340,No,NoIntersection,LightRain,2Vehicles-Side,RN 1O4,M,48.60911488355164,2.609967314635321
201800046419,NonLethal,2018-02-20,17:37:00,Daylight,910,339,No,NoIntersection,LightRain,2Vehicles-Behind,RN 104,M,48.62627389104832,2.6274865667821774
201800046420,NonLethal,2018-02-21,22:25:00,NightNoStreetLight,910,553,No,NoIntersection,Normal,3+Vehicles-Chain,RN 104,M,48.627399918536085,2.6275194569088693
201800046421,NonLethal,2018-02-22,18:41:00,Daylight,940,34,No,NoIntersection,Normal,2Vehicles-Behind,AUTOROUTE A86,M,48.75939372508521,2.757451285392617
201800046422,NonLethal,2018-02-21,19:15:00,NightStreelightsOn,910,161,Yes,NoIntersection,Normal,2Vehicles-Behind,D120Z,M,48.71656558035304,2.7133172241198125
201800046425,NonLethal,2018-02-23,19:00:00,NightNoStreetLight,910,377,No,NoIntersection,Normal,2Vehicles-Behind,AUTOROUTE A10,M,48.71721567819535,2.7190173970793574
201800046426,NonLethal,2018-02-23,22:36:00,NightNoStreetLight,910,363,No,NoIntersection,Normal,3+Vehicles-Chain,AUTOROUTE A10,M,48.662119084182905,2.6628129775916825
201800046427,NonLethal,2018-02-24,10:15:00,Daylight,910,434,No,NoIntersection,Normal,3+Vehicles-Chain,AUTOROUTE A6,M,48.66813597467426,2.6675411729889844
201800046428,NonLethal,2018-02-24,17:29:00,Daylight,910,589,No,NoIntersection,Normal,2Vehicles-Behind,AUTOROUTE A6,M,48.673471778307,2.6708461524318245
201800046429,NonLethal,2018-02-24,18:20:00,TwilightOrDawn,910,553,No,NoIntersection,Normal,3+Vehicles-Chain,RN 104,M,48.63195500843497,2.632827378558244
201800046430,NonLethal,2018-02-25,08:30:00,Daylight,910,553,No,NoIntersection,VeryGood,2Vehicles-Behind,RN l04,M,48.63019673723121,2.62962558013181
201800046432,NonLethal,2018-02-26,09:19:00,Daylight,910,570,No,NoIntersection,Normal,2Vehicles-Behind,RN 104,M,48.626105976196335,2.6256645023747947
201800046433,NonLethal,2018-02-26,14:50:00,Daylight,910,347,No,NoIntersection,Normal,2Vehicles-Behind,RN 104,M,48.62512377402497,2.624711111476586
201800046435,NonLethal,2018-02-27,22:32:00,NightNoStreetLight,940,3,No,NoIntersection,Normal,3+Vehicles-Multiple,AUTOROUTE A6A,M,48.79898775144241,2.799556895473028
201800046436,NonLethal,2018-02-28,11:00:00,Daylight,940,34,No,NoIntersection,Normal,3+Vehicles-Chain,AUTOROUTE A86,M,48.761681619717415,2.7616510066461566
201800046437,NonLethal,2018-02-28,14:50:00,Daylight,910,86,No,NoIntersection,Normal,NoCollision,RN 104,M,48.62462837149933,2.6250617304455117
201800046438,NonLethal,2018-02-03,16:21:00,Daylight,910,521,No,NoIntersection,Normal,2Vehicles-Side,RN 104,M,48.63205357910033,2.6335506863123457
201800046440,NonLethal,2018-03-03,10:15:00,Daylight,910,179,No,NoIntersection,Normal,Other,AUTOROUTE A6,M,48.5673521551164,2.5658803417910536
201800046442,NonLethal,2018-04-03,11:35:00,Daylight,910,347,No,NoIntersection,LightRain,2Vehicles-Behind,RN 104,M,48.62247320546237,2.621524822257351
201800046443,NonLethal,2018-03-04,15:48:00,Daylight,910,182,No,NoIntersection,LightRain,Other,RN 104,M,48.611597791396186,2.6121273577421444
201800046444,NonLethal,2018-03-04,18:55:00,TwilightOrDawn,910,521,No,NoIntersection,Normal,Other,RN 104,M,48.62704788074928,2.6264299039965557
201800046445,NonLethal,2018-03-05,13:00:00,Daylight,910,136,No,NoIntersection,Normal,NoCollision,RN20,M,48.70904764454781,2.7087394570491385
201800046446,NonLethal,2018-03-06,11:20:00,Daylight,910,589,No,NoIntersection,Normal,3+Vehicles-Chain,AUTOROUTE A6,M,48.678345726520064,2.679180827604396
201800046447,Lethal,2018-06-03,16:40:00,Daylight,910,136,No,NoIntersection,Normal,2Vehicles-BehindVehicles-Frontal,AUTOROUTE Al26,M,48.71217692453184,2.7120417508364736
201800046448,NonLethal,2018-03-07,08:45:00,Daylight,910,161,No,NoIntersection,LightRain,NoCollision,AUTOROUTE A126,M,48.70954330161162,2.709456326839871
201800046449,NonLethal,2018-07-03,09:33:00,Daylight,910,434,No,NoIntersection,LightRain,2Vehicles-Side,AUTOROUTE A6,M,48.671342533031655,2.6717318305416398
201800046450,NonLethal,2018-03-07,08:45:00,Daylight,940,21,No,NoIntersection,LightRain,NoCollision,AUTOROUTE A106,M,48.45451682771087,2.4557123378402426
201800046451,NonLethal,2018-07-03,09:35:00,Daylight,910,689,No,NoIntersection,LightRain,2Vehicles-Behind,AUTOROUTE A6,M,48.74158397655268,2.7417949232584697
201800046452,NonLethal,2018-03-07,18:50:00,NightNoStreetLight,910,64,No,NoIntersection,Normal,NoCollision,RN 118,M,48.76202686863922,2.7624489641513668
201800046453,NonLethal,2018-03-08,09:45:00,Daylight,910,689,No,NoIntersection,Normal,2Vehicles-Behind,AUTOROUTE A6,M,48.730828851597366,2.7292743763426817
201800046454,NonLethal,2018-03-09,08:50:00,Daylight,910,86,No,NoIntersection,Normal,2Vehicles-Side,RN 104,M,48.62386898674422,2.622291407286568
201800046455,NonLethal,2018-09-03,17:25:00,Daylight,910,521,No,NoIntersection,Normal,3+Vehicles-Multiple,RN 1O4,M,48.62334876768341,2.6231108254193853
201800046456,NonLethal,2018-03-09,17:35:00,Daylight,940,38,No,NoIntersection,Normal,2Vehicles-Behind,AUTOROUTE A6B,M,48.78840914843706,2.7896485323443527
201800046457,NonLethal,2018-03-10,11:41:00,Daylight,910,235,No,NoIntersection,Overcast,Other,RN 104,M,48.62354351987545,2.6279770487045013
201800046458,NonLethal,2018-10-03,16:00:00,Daylight,940,34,No,NoIntersection,Normal,2Vehicles-Behind,AUTOROUTE A86,M,48.758935723048005,2.759912622283855
201800046459,NonLethal,2018-03-10,23:30:00,NightStreelightsOn,940,3,No,NoIntersection,HeavyRain,2Vehicles-Side,AUTOROUTE A6A,M,48.81636687890233,2.8130507084541483
201800046460,NonLethal,2018-03-11,19:45:00,TwilightOrDawn,910,339,No,NoIntersection,Normal,NoCollision,RN 104,M,48.62564990836875,2.62707051593491
201800046461,NonLethal,2018-12-03,09:25:00,Daylight,910,161,No,NoIntersection,Normal,NoCollision,AUTOROUTE A126,M,48.70942638976496,2.7100084624309364
201800046462,NonLethal,2018-12-03,06:58:00,Daylight,910,689,No,NoIntersection,Normal,3+Vehicles-Multiple,AUTOROUTE A6A,M,48.74388502274574,2.7449038258337
201800046463,NonLethal,2018-03-13,13:40:00,Daylight,910,661,No,NoIntersection,Normal,2Vehicles-Side,RD 188 CHEVREUSE,M,48.69631202213691,2.6992969330258267
201800046465,NonLethal,2018-03-15,15:30:00,Daylight,940,76,No,NoIntersection,Normal,2Vehicles-Behind,AUTOROUTE A6B,M,48.78423798311611,2.7855620039851288
201800046466,NonLethal,2018-03-15,21:14:00,NightNoStreetLight,910,570,No,NoIntersection,LightRain,2Vehicles-Behind,RN 104,M,48.62287503094728,2.6205157895118627
201800046467,NonLethal,2018-03-16,07:25:00,Daylight,910,161,No,NoIntersection,Normal,2Vehicles-Behind,AUTOROUTE A6,M,48.70831341167115,2.7075707491703023
201800046468,NonLethal,2018-03-16,11:00:00,Daylight,940,16,No,NoIntersection,Normal,3+Vehicles-Chain,AUTOROUTE A6A,M,48.79772147632825,2.7974169838172567
201800046469,NonLethal,2018-03-16,16:20:00,Daylight,910,645,No,NoIntersection,Normal,2Vehicles-Side,RN 385 Extrieure,M,48.76008554434412,2.761939519276577
201800046470,NonLethal,2018-03-17,00:20:00,NightStreelightsOn,940,38,No,NoIntersection,Normal,2Vehicles-Behind,AUTOROUTE A6B,M,48.778529778822346,2.7787475675462185
201800046471,NonLethal,2018-03-16,23:50:00,NightStreelightsOn,940,21,No,NoIntersection,Normal,NoCollision,AUTOROUTE A6B,M,48.77250983118736,2.769550160345678
201800046472,NonLethal,2018-03-17,14:35:00,Daylight,940,34,No,NoIntersection,HeavyRain,3+Vehicles-Chain,AUTOROUTE A86,M,48.75712763688432,2.758185545723696
201800046473,NonLethal,2018-03-18,12:12:00,Daylight,910,340,No,NoIntersection,Normal,2Vehicles-Side,RN 104,M,48.6097415374077,2.6097719203259118
201800046474,NonLethal,2018-03-19,07:30:00,Daylight,910,477,No,NoIntersection,Overcast,2Vehicles-Side,AUTOROUTE A126,M,48.71856449669029,2.7169756866995045
201800046476,NonLethal,2018-03-20,08:50:00,Daylight,910,549,No,NoIntersection,Normal,2Vehicles-Behind,RN 104,M,48.62556622056964,2.6235563395706443
201800046477,NonLethal,2018-03-21,13:30:00,Daylight,910,161,No,NoIntersection,Normal,3+Vehicles-Chain,AUTOROUTE A126,M,48.70871214707195,2.7086179107449246
201800046478,NonLethal,2018-03-22,08:50:00,Daylight,910,64,No,NoIntersection,Normal,2Vehicles-Side,RN 118,M,48.741571480454255,2.7415842325895783
201800046479,NonLethal,2018-03-22,09:08:00,Daylight,910,216,No,NoIntersection,Normal,2Vehicles-Behind,AUTOROUTE A6,M,48.68588690566088,2.6859116431797285
201800046480,NonLethal,2018-03-22,19:23:00,NightStreelightsOn,940,37,No,NoIntersection,Normal,2Vehicles-Side,AUTOROUTE A6A,M,48.81384934728055,2.816121602118932
201800046481,NonLethal,2018-03-23,08:25:00,Daylight,910,377,No,NoIntersection,Normal,2Vehicles-Behind,AUTOROUTE A10,M,48.72136901185132,2.721931855516505
201800046482,NonLethal,2018-03-23,17:37:00,Daylight,920,2,No,NoIntersection,LightRain,3+Vehicles-Multiple,AUTOROUTE A86,M,48.75645895040705,2.7574659324118267
201800046484,NonLethal,2018-03-25,18:20:00,Daylight,940,37,No,NoIntersection,Normal,3+Vehicles-Chain,AUTOROUTE A6B,M,48.78249254855279,2.7832737908207177
201800046485,NonLethal,2018-03-27,22:30:00,NightNoStreetLight,910,689,No,NoIntersection,Normal,2Vehicles-Behind,AUTOROUTE A6,M,48.733623396751874,2.7337778601451905
201800046486,NonLethal,2018-03-28,10:45:00,Daylight,920,2,No,NoIntersection,HeavyRain,2Vehicles-Side,AUTOROUTE A86,M,48.76202649484061,2.7609576870939168
201800046487,NonLethal,2018-03-28,18:25:00,Daylight,910,174,No,NoIntersection,Overcast,2Vehicles-Behind,RN 104,M,48.61726619275376,2.616176337037954
201800046488,NonLethal,2018-03-30,00:20:00,NightNoStreetLight,910,477,No,NoIntersection,LightRain,NoCollision,AUTOROUTE A10,M,48.71903815936107,2.718617833541028
201800046490,NonLethal,2018-03-30,16:45:00,Daylight,910,136,No,NoIntersection,Normal,2Vehicles-BehindVehicles-Frontal,A10 PROVINCE / RD188 PRO,M,48.69573947631839,2.6980600025104806
201800046491,NonLethal,2018-03-30,18:15:00,Daylight,910,553,No,NoIntersection,Normal,2Vehicles-Side,RN 104,M,48.63040401616898,2.6299759821743844
201800046492,NonLethal,2018-03-30,19:00:00,Daylight,920,19,No,NoIntersection,Normal,2Vehicles-Behind,RN 385 Extrieure,M,48.76089933632981,2.761214748182898