AccidentId,Gravity,Date,Hour,Light,Department,Commune,InAgglomeration,IntersectionType,Weather,CollisionType,PostalAddress,GPSCode,Latitude,Longitude
201800046494,NonLethal,2018-02-04,07:00:00,Daylight,910,161,No,NoIntersection,Normal,2Vehicles-Side,AUTOROUTE A6,M,48.70892835644176,2.707496744895919
201800046495,NonLethal,2018-03-04,08:17:00,Daylight,910,161,No,NoIntersection,LightRain,3+Vehicles-Chain,AUTOROUTE A6,M,48.71313005945366,2.7120127952499824
201800046496,NonLethal,2018-03-04,19:30:00,TwilightOrDawn,910,339,No,NoIntersection,Normal,2Vehicles-Behind,RN 104,M,48.37211262881523,2.371452514407353
201800046497,NonLethal,2018-04-04,07:15:00,Daylight,920,2,No,NoIntersection,LightRain,2Vehicles-Side,AUTOROUTE A6,M,48.73763117747902,2.735422530868349
201800046498,NonLethal,2018-04-04,08:12:00,Daylight,770,251,No,NoIntersection,Overcast,2Vehicles-Side,A5A  / RN1O4 INT,M,48.63238137030819,2.6320577174847704
201800046499,NonLethal,2018-04-04,20:45:00,NightNoStreetLight,910,689,No,NoIntersection,Normal,3+Vehicles-Multiple,AUTOROUTE A6,M,48.72930217401708,2.7295595494939286
201800046500,NonLethal,2018-05-04,09:30:00,Daylight,910,377,No,NoIntersection,Normal,2Vehicles-Behind,AUTOROUTE Al0,M,48.72718528100357,2.7260685568213203
201800046501,NonLethal,2018-05-04,14:10:00,Daylight,940,37,No,NoIntersection,Normal,2Vehicles-Behind,AUTOROUTE A6B,M,48.77988521352535,2.779175837345403
201800046504,NonLethal,2018-06-04,08:40:00,Daylight,910,534,No,NoIntersection,Normal,2Vehicles-Behind,RN 118,M,48.72484659498003,2.724360747379164
201800046505,NonLethal,2018-06-04,16:15:00,Daylight,910,689,No,NoIntersection,Normal,2Vehicles-Behind,AUTOROUTE A6,M,48.74818600505559,2.74910771443788
201800046506,NonLethal,2018-06-04,16:50:00,Daylight,940,34,No,NoIntersection,Normal,3+Vehicles-Multiple,AUTOROUTE A6A,M,48.74918445677546,2.750188291346103
201800046507,NonLethal,2018-04-07,06:20:00,NightNoStreetLight,910,216,No,NoIntersection,Normal,2Vehicles-Side,AUTOROUTE A6,M,48.69261776042932,2.693901936551598
201800046508,NonLethal,2018-08-04,06:40:00,TwilightOrDawn,910,37,No,NoIntersection,Normal,Other,AUTOROUTE A6,M,48.5319593288832,2.528826233578891
201800046509,NonLethal,2018-04-06,21:40:00,NightStreelightsOn,940,37,No,NoIntersection,Normal,NoCollision,AUTOROUTE A6B,M,48.814762814841615,2.8140916182104303
201800046510,NonLethal,2018-09-04,12:30:00,Daylight,940,34,No,NoIntersection,LightRain,3+Vehicles-Multiple,AUTOROUTE A86,M,48.75593317002985,2.757170119222019
201800046512,NonLethal,2018-04-09,18:35:00,Daylight,910,161,No,NoIntersection,LightRain,NoCollision,AUTOROUTE A126,M,48.42855422872963,2.4287825270728
201800046514,NonLethal,2018-11-04,09:00:00,Daylight,910,182,No,NoIntersection,Normal,2Vehicles-Side,RN 104,M,48.61222733858096,2.6113558555419383
201800046515,NonLethal,2018-04-11,09:00:00,Daylight,910,179,No,NoIntersection,Normal,3+Vehicles-Chain,AUTOROUTE A6,M,48.57016058164911,2.5699934037663805
201800046516,NonLethal,2018-04-11,09:45:00,Daylight,940,76,No,NoIntersection,Normal,3+Vehicles-Chain,AUTOROUTE A6A,M,48.79177418616432,2.7923316222671777
201800046518,NonLethal,2018-04-12,17:15:00,Daylight,910,687,No,NoIntersection,LightRain,2Vehicles-Behind,AUTOROUTE A6,M,48.66131252106609,2.662416922434676
201800046519,NonLethal,2018-12-04,18:05:00,Daylight,910,161,No,NoIntersection,LightRain,2Vehicles-Side,AUTOROUTE A6,M,48.7138267121125,2.7126775726803007
201800046522,NonLethal,2018-04-13,16:20:00,Daylight,920,2,No,NoIntersection,Normal,3+Vehicles-Chain,AUTOROUTE A86,M,,
201800046523,NonLethal,2018-04-13,17:08:00,Daylight,910,687,No,NoIntersection,Normal,2Vehicles-Side,AUTOROUTE A6,M,48.66089607591165,2.656967084920242
201800046524,NonLethal,2018-04-13,18:20:00,Daylight,910,549,No,NoIntersection,Normal,2Vehicles-Behind,RN 104,M,48.62518334602127,2.627607078241932
201800046525,NonLethal,2018-04-15,06:00:00,NightNoStreetLight,910,136,No,NoIntersection,Normal,2Vehicles-BehindVehicles-Frontal,AUTOROUTE A126,M,48.71169859991819,2.711172748325772
201800046526,NonLethal,2018-04-15,07:30:00,Daylight,910,617,No,NoIntersection,Normal,Other,A5A/N6,M,48.63205402992728,2.6329900636136347
201800046527,NonLethal,2018-04-15,18:20:00,Daylight,920,2,No,NoIntersection,Normal,3+Vehicles-Chain,AUTOROUTE A10,M,48.43319774093161,1.4360982130103417
201800046528,NonLethal,2018-04-16,19:10:00,Daylight,940,34,No,NoIntersection,Normal,3+Vehicles-Chain,AUTOROUTE A86,M,48.45489703769648,2.452705745619381
201800046529,NonLethal,2018-04-17,12:20:00,Daylight,940,38,No,NoIntersection,Normal,2Vehicles-Behind,AUTOROUTE A6A,M,48.77263290883164,2.771800567864864
201800046530,NonLethal,2018-04-17,18:50:00,Daylight,910,549,No,Roundabout,Normal,2Vehicles-Side,RN 104,M,48.62632176740343,2.6271526744732525
201800046531,NonLethal,2018-04-20,02:36:00,NightStreelightsOn,940,38,No,NoIntersection,Normal,2Vehicles-Behind,AUTOROUTE A6A,M,48.78463822962425,2.782642537863453
201800046532,NonLethal,2018-04-20,09:20:00,Daylight,920,2,No,NoIntersection,Normal,2Vehicles-Behind,AUTOROUTE A86,M,48.45348673983435,2.4520057426476063
201800046533,NonLethal,2018-04-20,17:20:00,Daylight,940,21,No,NoIntersection,Normal,3+Vehicles-Chain,AUTOROUTE A6A,M,48.45349886496394,2.453457220311716
201800046534,NonLethal,2018-04-21,01:20:00,NightStreelightsOn,940,38,No,NoIntersection,Normal,Other,AUTOROUTE A6B,M,48.77967621877378,2.778398552253999
201800046536,NonLethal,2018-04-22,12:13:00,Daylight,940,34,No,NoIntersection,Normal,3+Vehicles-Chain,AUTOROUTE A86,M,48.76110907948761,2.760259756998995
201800046537,NonLethal,2018-04-22,17:29:00,Daylight,920,2,No,NoIntersection,Normal,2Vehicles-Behind,AUTOROUTE A10,M,,
201800046538,NonLethal,2018-04-22,23:40:00,NightNoStreetLight,910,521,No,NoIntersection,LightRain,NoCollision,RN 104,M,48.63312507835697,2.632681261116326
201800046539,NonLethal,2018-04-23,08:30:00,Daylight,940,34,No,NoIntersection,Normal,NoCollision,AUTOROUTE A6B,M,48.75333940877433,2.7546341591992287
201800046541,NonLethal,2018-04-25,13:10:00,Daylight,910,659,No,NoIntersection,Normal,Other,AUTOROUTE A6,M,48.586974295576304,2.5862491297577708
201800046542,NonLethal,2018-04-26,17:55:00,Daylight,910,64,No,NoIntersection,Normal,3+Vehicles-Chain,RN 118,M,48.74517262344445,2.744543468117074
201800046543,NonLethal,2018-04-26,19:05:00,Daylight,920,2,No,NoIntersection,Normal,2Vehicles-Side,AUTOROUTE A86,M,48.76189390586135,2.761551609568348
201800046544,NonLethal,2018-04-26,18:54:00,Daylight,940,38,No,NoIntersection,Normal,3+Vehicles-Multiple,AUTOROUTE A6B,M,48.46206841989661,2.462272593272351
201800046546,NonLethal,2018-04-28,18:30:00,Daylight,920,2,No,NoIntersection,Normal,2Vehicles-Behind,AUTOROUTE A10,M,48.73002620021401,2.7298284674054347
201800046547,NonLethal,2018-04-29,06:30:00,TwilightOrDawn,940,21,No,NoIntersection,LightRain,NoCollision,AUTOROUTE A6B,M,48.45163809033872,2.452527414035314
201800046548,NonLethal,2018-04-29,14:45:00,Daylight,910,521,No,NoIntersection,LightRain,2Vehicles-Side,RN 440,M,43.63314353935388,2.6337523541480974
201800046549,NonLethal,2018-04-29,14:00:00,Daylight,910,235,No,NoIntersection,Overcast,2Vehicles-Behind,RN 104,M,48.62665973392503,2.625815929282337
201800046550,NonLethal,2018-04-29,16:45:00,Daylight,910,689,No,NoIntersection,Overcast,2Vehicles-Behind,AUTOROUTE A6,M,48.73979834316461,2.7385838154685613
201800046551,NonLethal,2018-04-29,17:40:00,Daylight,910,692,No,NoIntersection,Overcast,3+Vehicles-Chain,AUTOROUTE A10,M,48.67120342427479,2.67034683618902
201800046552,NonLethal,2018-04-30,07:52:00,Daylight,910,477,No,NoIntersection,Normal,NoCollision,AUTOROUTE A10,M,48.718517114773626,2.71975218530593
201800046553,NonLethal,2018-04-30,15:20:00,Daylight,940,37,No,NoIntersection,LightRain,3+Vehicles-Chain,AUTOROUTE A6B,M,48.80195322487213,2.801767761941106
201800046554,NonLethal,2018-03-30,20:00:00,Daylight,910,86,No,NoIntersection,LightRain,Other,RN 104,M,48.3798694079545,2.380594533717717
201800046555,NonLethal,2018-04-29,22:20:00,NightNoStreetLight,910,521,No,NoIntersection,LightRain,Other,RN 104,M,48.62771973205664,2.628807824837871
201800046556,NonLethal,2018-05-02,09:20:00,Daylight,910,468,No,NoIntersection,Normal,3+Vehicles-Multiple,AUTOROUTE A6,M,48.57396684730128,2.575512983049148
201800046557,NonLethal,2018-05-02,11:20:00,Daylight,910,687,No,NoIntersection,Normal,2Vehicles-Behind,A6 / RD445,M,48.662469944169175,2.660955525340372
201800046558,NonLethal,2018-05-02,13:40:00,Daylight,910,432,No,NoIntersection,Normal,2Vehicles-Behind,AUTOROUTE A6,M,48.69189602511919,2.6940154362452
201800046559,NonLethal,2018-05-02,17:05:00,Daylight,940,34,No,NoIntersection,Normal,2Vehicles-Behind,AUTOROUTE A86,M,48.75612901298511,2.756108096427308
201800046560,NonLethal,2018-05-02,17:16:00,Daylight,910,363,No,NoIntersection,Normal,2Vehicles-Side,RN l04,M,48.66429091852471,2.6665589397258413
201800046562,NonLethal,2018-03-05,17:45:00,Daylight,910,174,No,NoIntersection,Normal,2Vehicles-Side,RN 104,M,48.61162179605576,2.610110186622352
201800046563,NonLethal,2018-05-03,18:00:00,Daylight,910,339,No,NoIntersection,Normal,NoCollision,RN 104,M,48.62504055233293,2.625244825137558
201800046564,NonLethal,2018-03-05,18:55:00,Daylight,940,38,No,NoIntersection,Normal,2Vehicles-Behind,AUTOROUTE A6B,M,48.77542511575877,2.7749954384811604
201800046566,NonLethal,2018-05-04,11:40:00,Daylight,910,477,No,NoIntersection,Normal,Other,AUTOROUTE A10,M,48.425052254652975,2.4253832371268564
201800046567,NonLethal,2018-05-04,18:00:00,Daylight,910,174,No,NoIntersection,Normal,NoCollision,AUTOROUTE A6,M,48.66021496432933,2.6590393177346057
201800046570,NonLethal,2018-05-05,12:30:00,Daylight,910,589,No,NoIntersection,Normal,2Vehicles-Behind,AUTOROUTE A6,M,48.67827065886354,2.6808186218621146
201800046571,NonLethal,2018-05-06,01:35:00,NightNoStreetLight,770,251,No,NoIntersection,Normal,NoCollision,AUTOROUTE A5A,M,48.631770660104486,2.628847991251529
201800046572,NonLethal,2018-05-06,07:05:00,Daylight,910,471,No,NoIntersection,Normal,2Vehicles-Behind,RN 118,M,48.707508451375816,2.7066761323708266
201800046573,NonLethal,2018-04-30,07:15:00,Daylight,910,432,No,NoIntersection,Normal,2Vehicles-Behind,AUTOROUTE A6,M,48.691504453692495,2.692507093063257
201800046574,NonLethal,2018-07-05,14:15:00,Daylight,910,86,No,NoIntersection,Normal,2Vehicles-Side,RN l04,M,48.623449658808,2.622803165354096
201800046575,NonLethal,2018-07-05,17:20:00,Daylight,910,377,No,NoIntersection,Normal,NoCollision,AUTOROUTE A10,M,48.71422742456026,2.7152632615345422
201800046576,NonLethal,2018-05-08,05:15:00,NightNoStreetLight,910,687,No,NoIntersection,Normal,2Vehicles-Behind,AUTOROUTE A6,M,48.66271541955052,2.663512202058183
201800046577,NonLethal,2018-05-08,12:45:00,Daylight,940,37,No,NoIntersection,Normal,2Vehicles-Behind,AUTOROUTE A6B,M,48.80948870889849,2.808344124678876
201800046578,NonLethal,2018-09-05,09:10:00,Daylight,910,549,No,NoIntersection,Normal,2Vehicles-Side,RN 104,M,48.62733446441808,2.6277944715152595
201800046579,NonLethal,2018-05-09,14:55:00,Daylight,920,2,No,NoIntersection,Normal,Other,AUTOROUTE A86,M,,
201800046580,NonLethal,2018-10-05,12:26:00,Daylight,940,65,No,NoIntersection,Normal,2Vehicles-Side,AUTOROUTE A86,M,48.45176204529225,2.451600839941217
201800046581,NonLethal,2018-05-10,20:39:00,TwilightOrDawn,910,340,No,NoIntersection,Normal,NoCollision,AUTOROUTE A6,M,48.60188807294003,2.603217592904893
201800046582,NonLethal,2018-05-11,19:15:00,Daylight,920,2,No,NoIntersection,Normal,3+Vehicles-Multiple,AUTOROUTE A86,M,48.76265455560813,2.7614267846926226
201800046583,NonLethal,2018-05-13,17:25:00,Daylight,940,34,No,NoIntersection,Normal,2Vehicles-Behind,AUTOROUTE A86,M,48.761257777843774,2.7597035996356296
201800046584,NonLethal,2018-05-14,09:15:00,Daylight,920,2,No,NoIntersection,Normal,2Vehicles-Side,AUTOROUTE A86,M,48.761245224405975,2.761620214448192
201800046585,NonLethal,2018-05-14,13:50:00,Daylight,910,477,No,NoIntersection,LightRain,Other,AUTOROUTE Al0,M,48.71958183933031,2.7179689541226155
201800046586,NonLethal,2018-05-14,14:35:00,Daylight,910,377,No,NoIntersection,LightRain,3+Vehicles-Chain,AUTOROUTE A10,M,48.72347002475678,2.7244923765245104
201800046588,NonLethal,2018-05-14,18:05:00,Daylight,910,363,No,NoIntersection,Overcast,3+Vehicles-Chain,RN 104,M,48.66538307496396,2.66407873629677
201800046589,NonLethal,2018-05-14,19:44:00,Daylight,910,161,No,NoIntersection,Overcast,2Vehicles-BehindVehicles-Frontal,CARREFOUR RN20 / CD120,M,48.73019442774138,2.73075272057742
201800046590,NonLethal,2018-05-15,11:26:00,Daylight,910,161,No,NoIntersection,Normal,2Vehicles-Side,AUTOROUTE A6,M,48.70639713079687,2.7053383388717926
201800046591,NonLethal,2018-05-15,13:30:00,Daylight,940,37,No,NoIntersection,Normal,3+Vehicles-Chain,AUTOROUTE A6B,M,48.81171276927511,2.8096155982956827
201800046592,NonLethal,2018-05-16,17:50:00,Daylight,910,617,No,NoIntersection,Normal,2Vehicles-Behind,RN6 PROVINCE / RN104 INT,M,48.6401446479546,2.638728883395221
201800046594,NonLethal,2018-05-17,09:00:00,Daylight,910,689,No,NoIntersection,Overcast,Other,AUTOROUTE A6B,M,48.746272150294445,2.745918355276093
201800046595,NonLethal,2018-05-17,09:10:00,Daylight,910,689,No,NoIntersection,Normal,Other,AUTOROUTE A6B,M,48.741707493030056,2.7398177528846737
201800046596,NonLethal,2018-05-17,14:20:00,Daylight,940,43,No,NoIntersection,Normal,2Vehicles-Behind,AUTOROUTE A6B,M,48.80255186583974,2.802402810142226
201800046597,NonLethal,2018-05-17,18:00:00,Daylight,940,38,No,NoIntersection,Normal,3+Vehicles-Chain,AUTOROUTE A6B,M,48.77541664147049,2.777057590945008
201800046598,NonLethal,2018-05-17,20:15:00,Daylight,920,19,No,NoIntersection,Normal,2Vehicles-Side,RN 385 Extrieure,M,48.76931040422578,2.767810277540445
201800046600,NonLethal,2018-05-18,09:30:00,Daylight,910,161,No,NoIntersection,Normal,NoCollision,AUTOROUTE A6,M,48.70600230277571,2.706812333647274
201800046601,NonLethal,2018-05-18,19:45:00,Daylight,940,21,No,NoIntersection,Normal,2Vehicles-Side,AUTOROUTE A6A,M,48.77323341123137,2.770016011894589
201800046602,NonLethal,2018-05-19,13:50:00,Daylight,910,377,No,NoIntersection,Normal,2Vehicles-Behind,AUTOROUTE A10,M,48.43410623057447,2.435574067830335
201800046603,NonLethal,2018-05-19,13:42:00,Daylight,910,617,No,NoIntersection,Normal,2Vehicles-Side,AUTOROUTE A5A,M,48.63527178461688,2.6333921033526613
201800046604,NonLethal,2018-05-21,07:07:00,Daylight,940,37,No,NoIntersection,Normal,Other,AUTOROUTE A6B,M,48.81550837894877,2.815718725633244
201800046605,NonLethal,2018-05-21,19:56:00,Daylight,910,534,No,NoIntersection,Normal,NoCollision,RN 118,M,48.73294457984894,2.7337813780758955
201800046606,NonLethal,2018-05-22,08:22:00,Daylight,910,689,No,NoIntersection,Normal,2Vehicles-Side,AUTOROUTE A6B,M,48.74927806770468,2.7485840906873658
201800046607,NonLethal,2018-05-22,09:07:00,Daylight,910,312,No,NoIntersection,Normal,2Vehicles-Side,RD 444,M,48.74695197044922,2.7472588572101846
201800046608,NonLethal,2018-05-22,19:10:00,Daylight,910,64,No,NoIntersection,HeavyRain,2Vehicles-Behind,RN 118,M,48.77136718841274,2.771016786682928
201800046610,NonLethal,2018-05-23,17:40:00,Daylight,910,589,No,NoIntersection,Normal,2Vehicles-Behind,AUTOROUTE A6,M,48.67905738626244,2.679927916056514
201800046611,NonLethal,2018-05-23,08:12:00,Daylight,910,64,No,NoIntersection,Normal,2Vehicles-Side,RN 118,M,48.75173419208077,2.748580888894754
201800046612,NonLethal,2018-05-24,17:30:00,Daylight,910,617,No,NoIntersection,Normal,2Vehicles-Side,RN 1O4,M,48.63114723032083,2.6316206461700182
201800046613,NonLethal,2018-05-24,18:50:00,Daylight,940,76,No,NoIntersection,Normal,2Vehicles-Side,AUTOROUTE A6A,M,48.7908259999277,2.7909639006079594
201800046614,NonLethal,2018-05-24,16:25:00,Daylight,940,76,No,NoIntersection,Normal,2Vehicles-Behind,AUTOROUTE A6B,M,48.79335936140399,2.791868581770172
201800046615,NonLethal,2018-05-24,18:15:00,Daylight,940,3,No,NoIntersection,Normal,3+Vehicles-Multiple,AUTOROUTE A6A,M,48.80927648534632,2.8111357940454544
201800046616,NonLethal,2018-05-25,07:45:00,Daylight,910,216,No,NoIntersection,Normal,2Vehicles-Side,AUTOROUTE A6,M,48.68392174877098,2.683535770626461
201800046618,NonLethal,2018-05-25,12:00:00,Daylight,910,589,No,NoIntersection,VeryGood,3+Vehicles-Chain,AUTOROUTE A6,M,48.67786858713274,2.677817295672106
201800046619,NonLethal,2018-05-25,14:00:00,Daylight,910,37,No,NoIntersection,Normal,2Vehicles-Side,AUTOROUTE A6,M,48.53530839957978,2.536318118784314
201800046620,NonLethal,2018-05-25,18:25:00,Daylight,910,689,No,NoIntersection,Normal,2Vehicles-Behind,AUTOROUTE A6,M,48.72815386791394,2.7298547599439447
201800046622,NonLethal,2018-05-26,12:30:00,Daylight,910,689,No,NoIntersection,Normal,3+Vehicles-Multiple,AUTOROUTE A6B,M,48.73989787878486,2.740566802398973
201800046623,NonLethal,2018-05-26,12:35:00,Daylight,910,363,No,NoIntersection,Normal,3+Vehicles-Chain,RN 104,M,48.644065783288006,2.6425397282948686
201800046624,NonLethal,2018-05-26,14:30:00,Daylight,940,21,No,NoIntersection,Normal,2Vehicles-Behind,AUTOROUTE A6A,M,48.76147952273454,2.762271542386605
201800046626,NonLethal,2018-05-28,06:30:00,Daylight,940,37,No,NoIntersection,Normal,3+Vehicles-Chain,AUTOROUTE A6B,M,48.81480325637773,2.813806118411614
201800046628,NonLethal,2018-05-28,15:20:00,Daylight,770,251,No,NoIntersection,Normal,2Vehicles-Behind,AUTOROUTE A5A,M,48.619989706033,2.622265520359194
201800046629,NonLethal,2018-05-28,20:50:00,TwilightOrDawn,910,136,No,NoIntersection,LightRain,Other,RD 188 PARIS / A 10 PARI,M,48.71760451654322,2.7156914102459515
201800046630,NonLethal,2018-05-28,21:40:00,NightStreelightsOn,910,377,Yes,NoIntersection,LightRain,2Vehicles-Behind,RN20,M,48.71863537506939,2.718508910062149
201800046631,NonLethal,2018-05-29,06:30:00,Daylight,910,689,No,NoIntersection,Overcast,NoCollision,AUTOROUTE A6,M,48.74278695647328,2.744149827710769
201800046632,NonLethal,2018-05-29,16:47:00,Daylight,910,347,No,NoIntersection,Normal,2Vehicles-Behind,RN l04,M,48.62279396496187,2.623593459927376
201800046633,NonLethal,2018-05-29,18:00:00,Daylight,920,2,No,NoIntersection,Normal,2Vehicles-Side,AUTOROUTE A86,M,48.75973622864732,2.76089422718351
201800046634,NonLethal,2018-05-30,23:50:00,NightNoStreetLight,940,3,No,NoIntersection,Normal,NoCollision,AUTOROUTE A6A,M,48.80907871161686,2.810884604497387
201800046635,NonLethal,2018-05-31,19:02:00,Daylight,940,76,No,NoIntersection,Normal,2Vehicles-Behind,AUTOROUTE A6B,M,48.79692477513196,2.7967699223752414
201800046636,NonLethal,2018-01-06,16:51:00,Daylight,910,589,No,NoIntersection,Normal,3+Vehicles-Chain,AUTOROUTE A6,M,48.67542535865349,2.673825776856379
201800046637,NonLethal,2018-06-01,20:37:00,Daylight,770,296,No,NoIntersection,Overcast,3+Vehicles-Chain,AUTOROUTE A5A,M,48.60609964959387,2.605565305569413
201800046638,NonLethal,2018-02-06,00:05:00,NightNoStreetLight,910,687,No,NoIntersection,Normal,NoCollision,AUTOROUTE A6,M,48.66044472426026,2.662059833514863
201800046642,NonLethal,2018-02-06,19:30:00,Daylight,910,549,No,NoIntersection,Normal,3+Vehicles-Chain,RN 104,M,48.62699859103179,2.6257289087704225
201800046643,NonLethal,2018-06-03,08:50:00,Daylight,910,689,No,NoIntersection,Normal,2Vehicles-Side,AUTOROUTE A6B,M,48.74471571418312,2.7451098999725696
201800046645,NonLethal,2018-04-06,08:45:00,Daylight,910,432,No,NoIntersection,Normal,3+Vehicles-Chain,AUTOROUTE A6,M,48.6935262507057,2.6926917186315737
201800046646,NonLethal,2018-06-04,12:05:00,Daylight,910,689,No,NoIntersection,Normal,3+Vehicles-Multiple,AUTOROUTE A6B,M,48.737473174302416,2.739176644958689
201800046647,NonLethal,2018-04-06,17:00:00,Daylight,910,347,No,NoIntersection,LightRain,3+Vehicles-Chain,RN 104,M,48.62387523616184,2.6263359864218647
201800046649,NonLethal,2018-05-06,07:20:00,Daylight,910,377,No,NoIntersection,LightRain,2Vehicles-Side,AUTOROUTE A10,M,48.78804458798113,2.787921549732231
201800046650,NonLethal,2018-06-05,09:10:00,Daylight,910,689,No,NoIntersection,LightRain,2Vehicles-Side,AUTOROUTE A6B,M,48.74532030210979,2.7467263358925584
201800046652,NonLethal,2018-06-06,07:30:00,Daylight,910,161,No,NoIntersection,Normal,3+Vehicles-Chain,AUTOROUTE A6,M,48.71417515080173,2.714231556410345
201800046653,NonLethal,2018-06-06,18:25:00,Daylight,910,432,No,NoIntersection,LightRain,3+Vehicles-Multiple,AUTOROUTE A6,M,48.69238284764375,2.690872312305047
201800046655,NonLethal,2018-07-06,07:30:00,Daylight,910,689,No,NoIntersection,Normal,2Vehicles-Behind,AUTOROUTE A6,M,48.74277089816324,2.744615250713733
201800046656,NonLethal,2018-07-06,15:12:00,Daylight,920,2,No,NoIntersection,Normal,3+Vehicles-Chain,AUTOROUTE A6,M,48.732415129779575,2.735935401355217
201800046658,NonLethal,2018-06-07,18:09:00,Daylight,910,432,No,NoIntersection,Normal,3+Vehicles-Chain,AUTOROUTE A6,M,48.69083721664692,2.69369524110115
201800046659,NonLethal,2018-08-06,19:10:00,Daylight,910,363,No,NoIntersection,Normal,Other,RN 104,M,48.65333431621928,2.650277829452396
201800046660,NonLethal,2018-08-06,18:47:00,Daylight,910,174,No,NoIntersection,Normal,2Vehicles-Behind,RN 104,M,48.61773977519298,2.618481299908208
201800046661,NonLethal,2018-09-06,18:05:00,Daylight,910,182,No,NoIntersection,Normal,2Vehicles-Side,RN 104,M,48.61662078690627,2.6172438067821666
201800046662,NonLethal,2018-06-09,19:40:00,Daylight,910,434,No,NoIntersection,Normal,3+Vehicles-Chain,AUTOROUTE A6,M,48.66984657269666,2.668821250989484
201800046664,NonLethal,2018-10-06,16:55:00,Daylight,910,553,No,NoIntersection,Normal,3+Vehicles-Multiple,RN 104,M,48.62696059826898,2.6274053831759216
201800046665,NonLethal,2018-06-11,09:15:00,Daylight,940,34,No,NoIntersection,Normal,2Vehicles-Side,AUTOROUTE A86,M,48.755419561130296,2.757933991298858
201800046666,NonLethal,2018-11-06,16:30:00,Daylight,910,216,No,NoIntersection,LightRain,2Vehicles-Behind,AUTOROUTE A6,M,48.685711077994334,2.68439537410324
201800046668,NonLethal,2018-12-06,17:17:00,Daylight,940,76,No,NoIntersection,Normal,2Vehicles-Behind,AUTOROUTE A6B,M,48.78981943868261,2.790241178466321
201800046670,NonLethal,2018-06-13,06:35:00,Daylight,940,34,No,NoIntersection,Normal,NoCollision,AUTOROUTE A86,M,48.757725612229486,2.759014657916329
201800046671,NonLethal,2018-06-13,08:15:00,Daylight,940,21,No,NoIntersection,Normal,2Vehicles-Behind,AUTOROUTE A106,M,48.76184789408692,2.7617009465736726
201800046672,NonLethal,2018-06-14,10:11:00,Daylight,940,37,No,NoIntersection,Normal,3+Vehicles-Chain,AUTOROUTE A6B,M,48.81209218274643,2.8129041290079613
201800046673,NonLethal,2018-06-14,17:10:00,Daylight,940,38,No,NoIntersection,Normal,2Vehicles-Side,AUTOROUTE A6B,M,48.78940548353472,2.7890116049690934
201800046674,NonLethal,2018-06-14,19:54:00,Daylight,940,34,No,NoIntersection,Normal,NoCollision,AUTOROUTE A86,M,48.75870088325518,2.7584969567329587
201800046675,NonLethal,2018-06-15,17:00:00,Daylight,910,645,No,NoIntersection,Normal,3+Vehicles-Multiple,RN 385 Extérieure,M,48.76037095096008,2.7607448373699586
201800046677,NonLethal,2018-06-15,19:30:00,Daylight,920,2,No,NoIntersection,Normal,2Vehicles-Side,AUTOROUTE A86,M,,
201800046679,NonLethal,2018-06-16,23:15:00,NightNoStreetLight,910,37,No,NoIntersection,Normal,Other,AUTOROUTE A6,M,48.5338452558202,2.5315695414324075
201800046680,NonLethal,2018-06-17,17:10:00,Daylight,910,689,No,NoIntersection,Normal,2Vehicles-Behind,AUTOROUTE A6B,M,48.73776176125688,2.737811450533417
201800046681,NonLethal,2018-06-18,14:45:00,Daylight,910,345,No,NoIntersection,Normal,3+Vehicles-Chain,AUTOROUTE A6,M,48.689557166572456,2.690085038793051
201800046683,NonLethal,2018-06-18,17:56:00,Daylight,940,34,No,NoIntersection,Normal,3+Vehicles-Chain,AUTOROUTE A86,M,48.76093670463274,2.760827298731206
201800046685,NonLethal,2018-06-19,16:55:00,Daylight,910,689,No,NoIntersection,Normal,2Vehicles-Side,AUTOROUTE A6,M,48.728728976944446,2.7293049009396597
201800046686,NonLethal,2018-06-19,16:40:00,Daylight,910,692,No,NoIntersection,Normal,2Vehicles-Behind,RN 118,M,48.676100223517466,2.6769909517864297
201800046687,NonLethal,2018-06-20,08:00:00,Daylight,910,377,No,NoIntersection,Normal,3+Vehicles-Multiple,AUTOROUTE A10,M,48.72691703434411,2.726020270236322
201800046688,NonLethal,2018-06-21,08:21:00,Daylight,910,216,No,NoIntersection,Normal,3+Vehicles-Multiple,AUTOROUTE A6,M,48.684047613533686,2.6846452708055946
201800046689,NonLethal,2018-06-21,18:10:00,Daylight,910,617,No,NoIntersection,Normal,3+Vehicles-Chain,RN 104,M,48.64196864115332,2.64251785942232
201800046690,NonLethal,2018-06-22,11:10:00,Daylight,770,251,No,Other,Normal,2Vehicles-Side,AUTOROUTE A5A,M,48.62836957542921,2.629138939671149
201800046692,NonLethal,2018-06-22,18:45:00,Daylight,940,38,No,NoIntersection,Normal,2Vehicles-Side,AUTOROUTE A6A,M,48.781822068420325,2.779633744137923
201800046693,NonLethal,2018-06-23,05:40:00,TwilightOrDawn,910,661,No,NoIntersection,Normal,2Vehicles-Behind,AUTOROUTE A10,M,48.69851432596749,2.6979972099474887
201800046694,NonLethal,2018-06-23,13:40:00,Daylight,910,432,No,NoIntersection,Normal,3+Vehicles-Chain,AUTOROUTE A6,M,48.69423764848221,2.6932366670684296