AccidentId,Gravity,Date,Hour,Light,Department,Commune,InAgglomeration,IntersectionType,Weather,CollisionType,PostalAddress,GPSCode,Latitude,Longitude
201800046695,NonLethal,2018-06-23,15:20:00,Daylight,940,38,No,NoIntersection,Normal,2Vehicles-Behind,AUTOROUTE A6A,M,48.77705542636733,2.777893322924951
201800046696,NonLethal,2018-06-24,18:50:00,Daylight,910,617,No,NoIntersection,Normal,NoCollision,RN 104,M,48.63840987329819,2.6392122948327628
201800046697,NonLethal,2018-06-25,09:00:00,Daylight,940,38,No,NoIntersection,Normal,2Vehicles-Side,AUTOROUTE A6B,M,48.78754095420925,2.7891072224310256
201800046698,NonLethal,2018-06-25,09:00:00,Daylight,940,34,No,NoIntersection,Normal,3+Vehicles-Multiple,AUTOROUTE A6B,M,48.76052371193405,2.760847045203419
201800046699,NonLethal,2018-06-25,15:26:00,Daylight,910,86,No,NoIntersection,Normal,2Vehicles-Behind,RN 104,M,48.62286515161014,2.6234580083397625
201800046700,NonLethal,2018-06-25,20:00:00,Daylight,940,38,No,NoIntersection,Normal,Other,AUTOROUTE A6A,M,48.78332000701453,2.7840636244954684
201800046701,NonLethal,2018-06-26,15:20:00,Daylight,910,182,No,NoIntersection,Normal,3+Vehicles-Chain,AUTOROUTE A6,M,48.627173567284565,2.6273121797821712
201800046704,NonLethal,2018-06-27,15:40:00,Daylight,910,86,No,NoIntersection,Normal,3+Vehicles-Chain,RN 104,M,48.623985590804736,2.6234950267618955
201800046705,NonLethal,2018-06-27,18:15:00,Daylight,910,689,No,NoIntersection,Normal,2Vehicles-Behind,AUTOROUTE A6,M,48.743165386404975,2.7425194064149907
201800046706,NonLethal,2018-06-27,19:00:00,Daylight,940,34,No,NoIntersection,Normal,3+Vehicles-Multiple,AUTOROUTE A86,M,48.75606908505306,2.754849130122573
201800046707,NonLethal,2018-06-27,21:04:00,TwilightOrDawn,910,377,No,NoIntersection,Normal,2Vehicles-Side,RD 444,M,48.73160909124145,2.7308932423900267
201800046708,NonLethal,2018-06-28,15:15:00,Daylight,910,161,No,NoIntersection,Normal,3+Vehicles-Chain,AUTOROUTE A6,M,48.71138632203738,2.711435809138838
201800046709,NonLethal,2018-06-28,18:10:00,Daylight,940,34,No,NoIntersection,Normal,2Vehicles-Behind,AUTOROUTE A86,M,48.756186435911125,2.756213661831658
201800046710,NonLethal,2018-06-29,01:25:00,NightNoStreetLight,910,179,No,NoIntersection,Normal,2Vehicles-BehindVehicles-Frontal,RN 337,M,48.55660555524125,2.5556675911350286
201800046712,NonLethal,2018-06-29,21:00:00,Daylight,940,34,No,NoIntersection,Normal,3+Vehicles-Chain,AUTOROUTE A86,M,48.75827713079069,2.7602659115649497
201800046715,NonLethal,2018-07-01,10:50:00,Daylight,910,687,No,NoIntersection,Normal,3+Vehicles-Chain,AUTOROUTE A6,M,48.66765653014084,2.6653252127481504
201800046716,NonLethal,2018-07-01,17:41:00,Daylight,910,468,No,NoIntersection,Normal,3+Vehicles-Chain,AUTOROUTE A6,M,48.66120548577486,2.65964982527426
201800046718,NonLethal,2018-01-07,18:13:00,Daylight,910,432,No,NoIntersection,Normal,2Vehicles-Side,AUTOROUTE A6,M,48.689806105059496,2.6913020978973834
201800046719,NonLethal,2018-07-01,20:47:00,Daylight,910,521,No,NoIntersection,Normal,2Vehicles-Behind,RN 104,M,48.63316675337848,2.6346139509577307
201800046720,NonLethal,2018-02-07,01:20:00,NightNoStreetLight,910,521,No,NoIntersection,Normal,Other,RN 104,M,48.63377775475608,2.632336198076952
201800046721,NonLethal,2018-07-02,08:15:00,Daylight,910,589,No,NoIntersection,Normal,3+Vehicles-Multiple,AUTOROUTE A6,M,48.67976824658432,2.6793725714262355
201800046722,NonLethal,2018-07-02,16:50:00,Daylight,910,161,No,NoIntersection,Normal,3+Vehicles-Multiple,AUTOROUTE A6,M,48.70664398514918,2.7080189816940305
201800046723,NonLethal,2018-07-02,17:48:00,Daylight,910,161,No,NoIntersection,Normal,2Vehicles-Behind,AUTOROUTE A6,M,48.69967165845447,2.701592026487056
201800046724,NonLethal,2018-02-07,19:13:00,Daylight,910,659,No,NoIntersection,Normal,2Vehicles-Side,AUTOROUTE A6,M,48.59512151042723,2.592297677860149
201800046725,NonLethal,2018-02-07,23:10:00,NightNoStreetLight,910,553,No,NoIntersection,Normal,3+Vehicles-Chain,RN 104,M,48.615878231376016,2.616984534663356
201800046726,NonLethal,2018-03-07,08:39:00,Daylight,940,38,No,NoIntersection,Normal,2Vehicles-Behind,AUTOROUTE A6A,M,48.747072754318005,2.7483577769073406
201800046727,NonLethal,2018-07-03,18:29:00,Daylight,910,534,No,NoIntersection,Normal,2Vehicles-Behind,RN 118,M,48.73648756400385,2.7366779960599983
201800046728,NonLethal,2018-03-07,18:45:00,Daylight,910,161,No,NoIntersection,Normal,2Vehicles-Side,CARREFOUR RN20 / CD120,M,48.7150558811698,2.714886210627097
201800046732,NonLethal,2018-04-07,15:00:00,Daylight,910,617,No,NoIntersection,Normal,Other,RN 104,M,48.640444032826416,2.642209602408624
201800046733,NonLethal,2018-04-07,16:10:00,Daylight,940,34,No,NoIntersection,Normal,2Vehicles-Behind,AUTOROUTE A86,M,48.75978293010538,2.75990840329905
201800046734,NonLethal,2018-07-04,18:10:00,Daylight,910,340,No,NoIntersection,Normal,2Vehicles-Side,RN 104,M,48.60718633620961,2.608724114566673
201800046735,NonLethal,2018-05-07,08:30:00,Daylight,910,235,No,NoIntersection,Normal,Other,RN 104,M,48.625975770640494,2.625544440355864
201800046736,NonLethal,2018-05-07,14:00:00,Daylight,910,434,No,NoIntersection,Normal,3+Vehicles-Chain,AUTOROUTE A6,M,48.67214424130685,2.671834406070108
201800046737,NonLethal,2018-07-05,17:35:00,Daylight,910,521,No,NoIntersection,LightRain,2Vehicles-Side,RN 449,M,48.63465875100851,2.633372055323527
201800046738,NonLethal,2018-05-07,17:30:00,Daylight,910,589,No,NoIntersection,Normal,2Vehicles-Behind,AUTOROUTE A6,M,48.67616871649791,2.67737398010707
201800046739,NonLethal,2018-07-05,19:45:00,Daylight,920,19,No,NoIntersection,Normal,2Vehicles-Side,RN 385 Extérieure,M,48.760976256526334,2.7598896345662234
201800046740,NonLethal,2018-06-07,07:30:00,Daylight,940,3,No,NoIntersection,Normal,3+Vehicles-Chain,AUTOROUTE A6A,M,48.81063059114307,2.8105388739049326
201800046742,NonLethal,2018-07-06,16:50:00,Daylight,910,659,No,NoIntersection,Normal,NoCollision,AUTOROUTE A6,M,48.59096444291542,2.5928620741551973
201800046743,NonLethal,2018-07-07,04:15:00,NightNoStreetLight,910,689,No,NoIntersection,Normal,3+Vehicles-Chain,AUTOROUTE A6,M,48.72329546426331,2.72310355207238
201800046744,Lethal,2018-07-07,10:30:00,Daylight,910,521,No,NoIntersection,Normal,2Vehicles-Side,RN 104,M,48.63214733069172,2.632368002963352
201800046745,NonLethal,2018-07-07,15:25:00,Daylight,940,38,No,NoIntersection,Normal,3+Vehicles-Chain,AUTOROUTE A6B,M,48.773411928661766,2.7748747655155177
201800046746,NonLethal,2018-07-07,14:35:00,Daylight,910,689,No,NoIntersection,Normal,2Vehicles-Behind,AUTOROUTE A6B,M,48.74795455352746,2.7499988067405865
201800046749,NonLethal,2018-08-07,16:45:00,Daylight,940,34,No,NoIntersection,Normal,3+Vehicles-Chain,AUTOROUTE A86,M,48.76001827822666,2.758840758010248
201800046750,NonLethal,2018-07-07,01:20:00,NightNoStreetLight,770,495,No,NoIntersection,Normal,Other,AUTOROUTE A5,M,48.59062193054863,2.590559187760761
201800046752,NonLethal,2018-09-07,17:20:00,Daylight,940,38,No,NoIntersection,Normal,3+Vehicles-Multiple,AUTOROUTE A6A,M,48.779490320002274,2.7796778749368527
201800046753,NonLethal,2018-10-07,14:10:00,Daylight,910,661,No,NoIntersection,Normal,2Vehicles-Side,RD 188 CHEVREUSE,M,48.6970623920156,2.6968242790877617
201800046754,NonLethal,2018-10-07,19:30:00,Daylight,940,38,No,NoIntersection,Normal,2Vehicles-Side,AUTOROUTE A6A,M,48.78365123276851,2.783956453120501
201800046755,NonLethal,2018-07-10,23:59:00,NightStreelightsOn,940,37,No,NoIntersection,Normal,NoCollision,AUTOROUTE A6A,M,48.807287152459686,2.80931946567987
201800046756,NonLethal,2018-11-07,15:15:00,Daylight,940,21,No,NoIntersection,Normal,Other,AUTOROUTE A6B,M,48.77090097387048,2.771654398963015
201800046757,NonLethal,2018-12-07,17:26:00,Daylight,940,65,No,NoIntersection,Normal,NoCollision,AUTOROUTE A106,M,48.741041157784245,2.7424866613008905
201800046758,NonLethal,2018-07-13,08:30:00,Daylight,910,589,No,NoIntersection,Normal,2Vehicles-Side,AUTOROUTE A6,M,48.68015965421847,2.6780099896521863
201800046759,NonLethal,2018-07-13,14:30:00,Daylight,940,3,No,NoIntersection,Normal,NoCollision,AUTOROUTE A6B,M,48.79736770779501,2.7982928293014067
201800046760,NonLethal,2018-07-13,18:38:00,Daylight,910,86,No,NoIntersection,Normal,2Vehicles-Side,RN 1O4,M,48.62419341972829,2.6235423928951995
201800046761,NonLethal,2018-07-14,14:45:00,Daylight,910,689,No,NoIntersection,Normal,3+Vehicles-Chain,AUTOROUTE A6,M,48.726890077886495,2.72528315894128
201800046762,NonLethal,2018-07-14,15:28:00,Daylight,910,689,No,NoIntersection,Normal,2Vehicles-Side,AUTOROUTE A6B,M,48.74925043241217,2.748034648824957
201800046763,NonLethal,2018-07-15,05:40:00,TwilightOrDawn,940,3,No,NoIntersection,LightRain,2Vehicles-Side,AUTOROUTE A6A,M,48.80086110604742,2.7982128291914266
201800046764,NonLethal,2018-07-15,06:16:00,TwilightOrDawn,910,64,No,NoIntersection,Normal,NoCollision,RN ll8,M,48.7486827830578,2.748876922289531
201800046766,NonLethal,2018-07-16,07:50:00,Daylight,920,2,No,NoIntersection,Normal,3+Vehicles-Multiple,AUTOROUTE A10,M,48.72963463139498,2.7293278465878363
201800046767,NonLethal,2018-07-16,09:40:00,Daylight,910,161,No,NoIntersection,Normal,3+Vehicles-Chain,AUTOROUTE A126,M,48.71114988696552,2.7114115155817573
201800046769,NonLethal,2018-07-17,09:06:00,Daylight,940,38,No,NoIntersection,Normal,3+Vehicles-Multiple,AUTOROUTE A6B,M,48.788147277548944,2.7885526055819847
201800046770,NonLethal,2018-07-17,09:45:00,Daylight,910,553,No,NoIntersection,Normal,Other,RN 104,M,48.6916501858346,2.6912501687249524
201800046771,NonLethal,2018-07-17,15:50:00,Daylight,910,161,No,NoIntersection,Normal,3+Vehicles-Multiple,AUTOROUTE A6,M,48.69734986169325,2.7002871775865125
201800046772,NonLethal,2018-07-18,10:00:00,Daylight,940,3,No,NoIntersection,Normal,2Vehicles-Side,AUTOROUTE A6B,M,48.80124716873698,2.801556857250466
201800046773,NonLethal,2018-07-18,17:05:00,Daylight,920,2,No,NoIntersection,Normal,2Vehicles-Side,RN 385 INT,M,48.76204404031382,2.7607143571225574
201800046774,NonLethal,2018-07-19,09:00:00,Daylight,910,553,No,NoIntersection,Normal,2Vehicles-Behind,RN 104,M,48.62511462567527,2.6268705558924093
201800046775,NonLethal,2018-07-21,11:40:00,Daylight,910,689,No,NoIntersection,Normal,3+Vehicles-Chain,AUTOROUTE A6B,M,48.75071800245545,2.7478516902505827
201800046776,NonLethal,2018-07-21,17:50:00,Daylight,940,76,No,NoIntersection,Normal,2Vehicles-Side,AUTOROUTE A6B,M,48.7968750778371,2.796701941064586
201800046777,NonLethal,2018-07-21,18:50:00,Daylight,940,34,No,NoIntersection,Normal,NoCollision,AUTOROUTE A6A,M,48.756869374487785,2.755778009408082
201800046778,NonLethal,2018-07-22,07:50:00,Daylight,910,553,No,NoIntersection,Normal,Other,RN 1O4,M,48.62877404244338,2.6291505745353483
201800046779,NonLethal,2018-07-22,22:00:00,NightNoStreetLight,910,617,No,NoIntersection,Normal,3+Vehicles-Chain,RN l04,M,48.635230367082805,2.636794438118776
201800046780,NonLethal,2018-07-24,08:40:00,Daylight,910,286,No,NoIntersection,Normal,2Vehicles-Behind,AUTOROUTE A6,M,48.64756098393328,2.64858187333161
201800046781,NonLethal,2018-07-24,08:40:00,Daylight,910,286,No,NoIntersection,Normal,2Vehicles-Behind,AUTOROUTE A6,M,48.64878213479025,2.649148553034394
201800046782,NonLethal,2018-07-25,06:40:00,Daylight,940,21,No,NoIntersection,Normal,Other,AUTOROUTE A6B,M,48.77147298032869,2.7710173253938213
201800046783,NonLethal,2018-07-25,19:00:00,Daylight,910,689,No,NoIntersection,Normal,3+Vehicles-Multiple,AUTOROUTE A6B,M,48.74209539086452,2.741357079990736
201800046784,NonLethal,2018-07-25,12:40:00,Daylight,940,38,No,NoIntersection,Normal,2Vehicles-Behind,AUTOROUTE A6A,M,48.778632065108,2.778134088140286
201800046786,NonLethal,2018-07-27,16:45:00,Daylight,940,3,No,NoIntersection,Normal,Other,AUTOROUTE A6A,M,48.80081032934832,2.7997011606865074
201800046788,NonLethal,2018-07-29,19:50:00,Daylight,910,689,No,NoIntersection,Normal,2Vehicles-Behind,AUTOROUTE A6A,M,48.74791614102328,2.7478827948245685
201800046789,NonLethal,2018-07-31,20:15:00,Daylight,920,2,No,NoIntersection,Normal,2Vehicles-Behind,AUTOROUTE A86,M,48.76208494075833,2.760468840115561
201800046790,NonLethal,2018-08-02,18:23:00,Daylight,910,235,No,NoIntersection,Normal,2Vehicles-Side,RN 104,M,48.62439434765359,2.624566131339781
201800046791,NonLethal,2018-02-08,19:35:00,Daylight,910,136,No,NoIntersection,Normal,2Vehicles-Behind,RN20,M,48.70797351857078,2.7076044333299905
201800046792,NonLethal,2018-02-08,19:30:00,Daylight,770,495,No,NoIntersection,Normal,Other,BRET. A105 SUD VERS A5a,M,48.58993200583433,2.588626601304219
201800046793,NonLethal,2018-08-07,15:15:00,Daylight,910,235,No,NoIntersection,Normal,2Vehicles-Behind,RN l04,M,48.62534233223187,2.626443153124916
201800046794,NonLethal,2018-08-08,05:10:00,NightStreelightsOn,940,43,No,NoIntersection,Normal,2Vehicles-Behind,AUTOROUTE A6B,M,48.81571450019727,2.814678819865148
201800046797,NonLethal,2018-08-08,19:50:00,Daylight,910,363,No,NoIntersection,Normal,NoCollision,RN 104,M,48.65726758220244,2.659015648113539
201800046798,NonLethal,2018-08-09,05:05:00,NightNoStreetLight,910,661,No,NoIntersection,Normal,2Vehicles-Behind,AUTOROUTE A10,M,48.70090252334657,2.7029061417172824
201800046799,NonLethal,2018-09-08,06:57:00,Daylight,910,216,No,NoIntersection,Normal,2Vehicles-Side,AUTOROUTE A6,M,48.68330957072799,2.6840392219955573
201800046800,NonLethal,2018-09-08,17:45:00,Daylight,910,312,No,NoIntersection,Normal,NoCollision,RD 444,M,48.032682333403706,2.030076946500279
201800046801,NonLethal,2018-11-08,09:40:00,Daylight,910,86,No,NoIntersection,Normal,2Vehicles-Behind,RN 104,M,48.62618876270479,2.6251995361933487
201800046803,NonLethal,2018-08-13,09:35:00,Daylight,940,3,No,NoIntersection,Overcast,2Vehicles-Side,AUTOROUTE A6B,M,48.7977320710273,2.798111316168292
201800046804,NonLethal,2018-08-13,10:45:00,Daylight,910,339,No,NoIntersection,Overcast,2Vehicles-Behind,RN 104,M,48.62545006105693,2.625493661566067
201800046806,NonLethal,2018-08-13,19:20:00,Daylight,910,377,No,NoIntersection,Normal,3+Vehicles-Chain,RN20,M,48.729633745169735,2.73012601006448
201800046807,NonLethal,2018-08-14,07:50:00,Daylight,910,86,No,NoIntersection,Normal,2Vehicles-Side,RN 104,M,48.62605312823478,2.6240423150291323
201800046808,NonLethal,2018-08-14,15:55:00,Daylight,910,161,No,NoIntersection,Normal,2Vehicles-Side,AUTOROUTE A6,M,48.705657887464746,2.705873271934043
201800046809,Lethal,2018-08-15,07:30:00,Daylight,910,37,No,NoIntersection,Normal,Other,AUTOROUTE A6,M,48.53897436914371,2.5419197230528963
201800046810,NonLethal,2018-08-15,22:44:00,NightNoStreetLight,910,182,No,NoIntersection,Normal,2Vehicles-Side,AUTOROUTE A6,M,48.62372076324005,2.6259500108812093
201800046812,NonLethal,2018-08-19,04:00:00,NightNoStreetLight,920,2,No,NoIntersection,Normal,2Vehicles-Behind,AUTOROUTE A6,M,48.735626788477845,2.7358331656386943
201800046813,NonLethal,2018-08-18,20:35:00,TwilightOrDawn,910,377,No,NoIntersection,Normal,3+Vehicles-Chain,AUTOROUTE A10,M,48.73061683671539,2.7313214246542987
201800046814,NonLethal,2018-08-20,03:30:00,NightStreelightsOff,940,3,No,NoIntersection,Normal,NoCollision,AUTOROUTE A6A,M,48.81476017688313,2.817725500595704
201800046815,NonLethal,2018-08-20,09:25:00,Daylight,940,34,No,NoIntersection,LightRain,Other,AUTOROUTE A6B,M,48.75424860263329,2.757308022308132
201800046817,NonLethal,2018-08-21,01:20:00,NightNoStreetLight,910,377,No,NoIntersection,Normal,Other,AUTOROUTE A10,M,48.71422332097652,2.713077418007863
201800046819,NonLethal,2018-08-22,15:30:00,Daylight,940,65,No,NoIntersection,Normal,2Vehicles-Behind,AUTOROUTE A86,M,48.75373289153024,2.75665529654214
201800046820,NonLethal,2018-08-23,10:15:00,Daylight,910,521,No,NoIntersection,Normal,NoCollision,RN 104,M,48.63645919252715,2.6362613790997065
201800046821,NonLethal,2018-08-24,10:45:00,Daylight,910,339,No,NoIntersection,Normal,Other,RN 104,M,48.63046850468612,2.6299937290514213
201800046822,NonLethal,2018-08-24,16:36:00,Daylight,940,38,No,NoIntersection,Normal,3+Vehicles-Multiple,AUTOROUTE A6B,M,48.7866478284276,2.788374950006215
201800046824,NonLethal,2018-08-26,22:01:00,NightNoStreetLight,910,64,No,NoIntersection,Normal,2Vehicles-Behind,RN 118,M,48.74995811254755,2.7474513015985136
201800046825,NonLethal,2018-08-27,10:45:00,Daylight,910,521,No,NoIntersection,LightRain,Other,RN 449,M,48.631339040708845,2.6327633704411757
201800046826,NonLethal,2018-08-28,10:00:00,Daylight,920,2,No,NoIntersection,LightRain,2Vehicles-Behind,AUTOROUTE A86,M,48.76254152211521,2.7624952678967083
201800046827,NonLethal,2018-08-28,14:45:00,Daylight,910,136,No,NoIntersection,Normal,2Vehicles-Side,AUTOROUTE A10,M,48.713220380958255,2.712796812882928
201800046828,NonLethal,2018-08-29,18:00:00,Daylight,910,689,No,NoIntersection,Normal,3+Vehicles-Multiple,AUTOROUTE A6B,M,48.749055738793125,2.749050293081936
201800046829,NonLethal,2018-08-30,21:50:00,NightNoStreetLight,910,687,No,NoIntersection,Normal,2Vehicles-Side,AUTOROUTE A6,M,48.66053377192367,2.6616187191444576
201800046830,NonLethal,2018-08-31,17:53:00,Daylight,910,363,No,NoIntersection,Normal,2Vehicles-Side,RN 104,M,48.66171921904481,2.6648425113202228
201800046831,NonLethal,2018-09-01,01:40:00,NightNoStreetLight,910,521,No,NoIntersection,Normal,NoCollision,RN 104,M,48.63157918928953,2.632187452908876
201800046833,NonLethal,2018-01-09,11:15:00,Daylight,910,161,No,NoIntersection,Normal,3+Vehicles-Chain,AUTOROUTE A6,M,48.69918145968335,2.6987829409510447
201800046834,NonLethal,2018-09-02,10:45:00,Daylight,910,553,No,NoIntersection,Normal,Other,RN 104,M,48.63228498963057,2.6311378837048487
201800046835,NonLethal,2018-09-02,15:45:00,Daylight,910,689,No,NoIntersection,Normal,2Vehicles-Behind,AUTOROUTE A6A,M,48.728002631626005,2.727423120930763
201800046836,NonLethal,2018-02-09,18:15:00,Daylight,910,340,No,NoIntersection,Normal,3+Vehicles-Chain,AUTOROUTE A6,M,48.5955925839196,2.596836801070605
201800046837,NonLethal,2018-09-02,23:20:00,NightNoStreetLight,910,477,No,NoIntersection,Normal,2Vehicles-Behind,AUTOROUTE Al0,M,48.718743228641806,2.720045925139204
201800046838,NonLethal,2018-09-03,08:45:00,Daylight,940,3,No,NoIntersection,Normal,NoCollision,AUTOROUTE A6A,M,48.80581304484098,2.8082367412369704
201800046839,NonLethal,2018-03-09,09:42:00,Daylight,910,182,No,NoIntersection,Overcast,2Vehicles-Behind,AUTOROUTE A6,M,48.62191490681953,2.621029938037259
201800046840,NonLethal,2018-03-09,18:30:00,Daylight,910,589,No,NoIntersection,Normal,3+Vehicles-Multiple,AUTOROUTE A6,M,48.67466797850908,2.675587703450408
201800046841,NonLethal,2018-04-09,08:00:00,Daylight,940,34,No,NoIntersection,Normal,2Vehicles-Behind,AUTOROUTE A6B,M,48.752370527461785,2.7520302257637117
201800046842,NonLethal,2018-04-09,17:45:00,Daylight,920,2,No,NoIntersection,Normal,3+Vehicles-Multiple,AUTOROUTE A86,M,48.75995289876261,2.760557994846104
201800046844,NonLethal,2018-06-09,16:45:00,Daylight,910,174,No,NoIntersection,Normal,2Vehicles-Side,RN 104,M,48.62001262064877,2.618783693395042
201800046845,NonLethal,2018-06-09,16:43:00,Daylight,910,174,No,NoIntersection,Normal,2Vehicles-Side,RN 104,M,48.62102368772885,2.62078768568106
201800046846,NonLethal,2018-09-07,07:10:00,TwilightOrDawn,910,434,No,NoIntersection,Normal,Other,AUTOROUTE A6,M,48.668042947075776,2.665948177230752
201800046847,NonLethal,2018-08-09,02:25:00,NightNoStreetLight,910,553,No,NoIntersection,Normal,2Vehicles-Behind,RN 104,M,48.62586647989771,2.629969023648828
201800046848,NonLethal,2018-08-09,03:34:00,NightNoStreetLight,910,468,No,NoIntersection,Normal,Other,AUTOROUTE A6,M,48.57749595797423,2.575866030374545
201800046849,NonLethal,2018-09-08,13:13:00,Daylight,910,553,No,NoIntersection,Normal,NoCollision,RN 104,M,48.63148340146541,2.6302282711753384
201800046850,NonLethal,2018-08-09,15:00:00,Daylight,910,689,No,NoIntersection,Normal,3+Vehicles-Chain,AUTOROUTE A6B,M,48.74843677119596,2.746030228088652
201800046851,NonLethal,2018-09-08,17:40:00,Daylight,910,174,No,NoIntersection,Normal,2Vehicles-Behind,RN 104,M,48.61305857784255,2.612632222856471
201800046852,NonLethal,2018-09-09,17:30:00,Daylight,910,363,No,NoIntersection,Normal,3+Vehicles-Chain,AUTOROUTE A10,M,48.65982584832928,2.6612633898822984
201800046853,NonLethal,2018-11-09,07:59:00,TwilightOrDawn,940,21,No,NoIntersection,Normal,2Vehicles-Side,AUTOROUTE A6A,M,48.76906762780923,2.767676649986382
201800046854,NonLethal,2018-09-11,08:20:00,Daylight,910,235,No,NoIntersection,Normal,2Vehicles-Side,RN 104,M,48.623603987846174,2.626329543400161
201800046855,NonLethal,2018-09-11,09:45:00,Daylight,910,553,No,NoIntersection,VeryGood,3+Vehicles-Chain,RN 104,M,48.631781802262864,2.63131335061127
201800046856,NonLethal,2018-09-11,18:30:00,Daylight,910,174,No,NoIntersection,Normal,2Vehicles-Behind,RN 104,M,48.61246228931925,2.611330713143684
201800046857,NonLethal,2018-12-09,18:11:00,Daylight,910,161,No,NoIntersection,Normal,2Vehicles-Behind,AUTOROUTE A6,M,48.71150859387768,2.7100580955022493
201800046858,NonLethal,2018-09-13,08:34:00,Daylight,940,16,No,NoIntersection,LightRain,NoCollision,AUTOROUTE A6A,M,48.79906355312775,2.79921956879298
201800046859,NonLethal,2018-09-13,12:00:00,Daylight,940,3,No,NoIntersection,Normal,2Vehicles-Behind,AUTOROUTE A6A,M,48.80824247138616,2.810785473850438
201800046861,NonLethal,2018-09-13,17:45:00,Daylight,910,363,No,NoIntersection,Normal,3+Vehicles-Multiple,RN 104,M,48.65998431189779,2.660954019641354
201800046862,NonLethal,2018-09-13,19:00:00,Daylight,910,339,No,NoIntersection,Normal,2Vehicles-Behind,RN 104,M,48.62469855900781,2.624999478006423
201800046863,NonLethal,2018-09-13,18:30:00,Daylight,940,76,No,NoIntersection,Overcast,2Vehicles-Behind,AUTOROUTE A6B,M,48.79430633081829,2.7929555346925903
201800046865,NonLethal,2018-09-14,14:11:00,Daylight,910,136,No,NoIntersection,Normal,2Vehicles-Behind,A10 PARIS / RD188 PROVIN,M,48.71155705648537,2.713829594008368
201800046866,NonLethal,2018-09-14,16:00:00,Daylight,940,34,No,NoIntersection,Normal,2Vehicles-Behind,AUTOROUTE A86,M,48.76182381795345,2.762086593376474
201800046867,NonLethal,2018-09-14,15:20:00,Daylight,910,235,No,NoIntersection,Normal,2Vehicles-Behind,RN 104,M,48.62596879966972,2.6270978754469843
201800046868,NonLethal,2018-09-14,18:00:00,Daylight,910,645,No,NoIntersection,Normal,2Vehicles-Behind,RN 385 Extèrieure,M,48.75929375795358,2.761680776436405
201800046869,NonLethal,2018-09-14,18:30:00,Daylight,910,136,No,NoIntersection,Normal,2Vehicles-Side,RD 591,M,48.71017310027025,2.7082975309498973
201800046872,NonLethal,2018-09-17,18:30:00,Daylight,910,534,No,NoIntersection,Normal,NoCollision,RN 118,M,48.73065658514933,2.7311082366254458
201800046873,NonLethal,2018-09-18,08:32:00,Daylight,910,661,No,NoIntersection,Normal,3+Vehicles-Multiple,AUTOROUTE A10,M,48.70495412248047,2.7049840716568205
201800046874,NonLethal,2018-09-18,15:15:00,Daylight,910,347,No,NoIntersection,LightRain,NoCollision,RN 104,M,48.625718992408544,2.62367221206004
201800046875,NonLethal,2018-09-18,19:12:00,TwilightOrDawn,910,64,No,NoIntersection,Normal,2Vehicles-Side,RN 118,M,48.74353392519114,2.7443391851733856
201800046876,NonLethal,2018-09-18,21:15:00,NightNoStreetLight,940,3,No,NoIntersection,Normal,3+Vehicles-Multiple,AUTOROUTE A6A,M,48.809580597213696,2.8109506406442266
201800046877,NonLethal,2018-09-19,09:39:00,Daylight,910,549,No,NoIntersection,Normal,2Vehicles-Behind,RN l04,M,48.62591070249263,2.626198766637636
201800046878,NonLethal,2018-09-19,14:08:00,Daylight,910,174,No,NoIntersection,Normal,2Vehicles-Side,AUTOROUTE A6,M,48.56881879227721,2.5695901363338733
201800046879,NonLethal,2018-09-19,16:49:00,Daylight,910,161,No,NoIntersection,Normal,3+Vehicles-Multiple,AUTOROUTE A6,M,48.69734362295552,2.6980535857360874
201800046881,NonLethal,2018-09-19,15:52:00,Daylight,910,661,No,NoIntersection,Normal,2Vehicles-Behind,AUTOROUTE A10,M,48.69910906428928,2.697757308628752
201800046882,NonLethal,2018-09-19,23:28:00,NightNoStreetLight,910,363,No,NoIntersection,Normal,2Vehicles-Behind,RN 104,M,48.66307701308902,2.662203270057218
201800046884,NonLethal,2018-09-20,12:05:00,Daylight,910,161,No,NoIntersection,Normal,Other,AUTOROUTE A6,M,48.70621798900223,2.707122687938832
201800046885,NonLethal,2018-09-20,16:30:00,Daylight,910,570,No,NoIntersection,Normal,3+Vehicles-Multiple,RN 104,M,48.62587745567958,2.624954105000184
201800046886,NonLethal,2018-09-20,17:38:00,Daylight,940,21,No,NoIntersection,Normal,2Vehicles-Side,AUTOROUTE A6A,M,48.7608683697153,2.760967701382869
201800046887,NonLethal,2018-09-20,18:30:00,Daylight,910,549,No,NoIntersection,Normal,2Vehicles-Behind,RN 104,M,48.62561897444986,2.6280706775260323
201800046889,NonLethal,2018-09-21,17:30:00,Daylight,910,534,No,NoIntersection,Normal,2Vehicles-Behind,RN 118,M,48.73591511206659,2.73759728223905
201800046891,NonLethal,2018-09-22,01:50:00,NightStreelightsOn,940,37,No,NoIntersection,Normal,NoCollision,AUTOROUTE A6B,M,48.80677781087788,2.8087995056038952