AccidentId,Gravity,Date,Hour,Light,Department,Commune,InAgglomeration,IntersectionType,Weather,CollisionType,PostalAddress,GPSCode,Latitude,Longitude
201800046892,NonLethal,2018-09-22,14:40:00,Daylight,910,161,No,NoIntersection,Normal,3+Vehicles-Multiple,AUTOROUTE A6,M,48.70099104201665,2.698947326586231
201800046893,NonLethal,2018-09-22,15:32:00,Daylight,910,86,No,NoIntersection,LightRain,2Vehicles-Behind,RN 104,M,48.62464597583366,2.625154665939954
201800046895,NonLethal,2018-09-23,09:15:00,Daylight,910,477,No,NoIntersection,LightRain,3+Vehicles-Multiple,AUTOROUTE A10,M,48.71748003878788,2.719375239912729
201800046896,NonLethal,2018-09-23,15:25:00,Daylight,910,136,No,NoIntersection,HeavyRain,3+Vehicles-Chain,AUTOROUTE A126,M,48.70968529871997,2.71246690816256
201800046897,NonLethal,2018-09-24,07:50:00,Daylight,910,286,No,NoIntersection,Normal,2Vehicles-Side,AUTOROUTE A6,M,48.656826664834334,2.6602588412859443
201800046899,NonLethal,2018-09-24,20:50:00,NightStreelightsOn,910,161,No,NoIntersection,Normal,2Vehicles-Behind,AUTOROUTE A6,M,48.7012952706771,2.700575850273454
201800046900,NonLethal,2018-09-25,09:50:00,Daylight,910,161,No,NoIntersection,Normal,2Vehicles-Side,AUTOROUTE A6,M,48.702056293677934,2.701785026856672
201800046901,NonLethal,2018-09-25,10:40:00,Daylight,910,182,No,NoIntersection,Normal,3+Vehicles-Chain,RN 104,M,48.61614541675046,2.6165907732012688
201800046903,NonLethal,2018-09-26,09:23:00,Daylight,910,477,No,NoIntersection,Normal,2Vehicles-Behind,AUTOROUTE A10,M,48.71847809538716,2.717148937882152
201800046904,NonLethal,2018-09-26,12:06:00,Daylight,910,589,No,NoIntersection,Normal,2Vehicles-Side,AUTOROUTE A6,M,48.67660371022694,2.6780445195395197
201800046905,NonLethal,2018-09-26,18:30:00,Daylight,910,340,No,NoIntersection,Normal,2Vehicles-Side,RN 104,M,48.60995676156826,2.609600566895091
201800046906,NonLethal,2018-09-27,08:25:00,Daylight,770,251,No,NoIntersection,Normal,2Vehicles-Behind,RN 104,M,48.64428658771687,2.6449231663538373
201800046907,NonLethal,2018-09-27,08:05:00,Daylight,910,617,No,NoIntersection,Normal,3+Vehicles-Chain,RN l04,M,48.63176913759553,2.632692725508179
201800046908,NonLethal,2018-09-27,16:30:00,Daylight,910,689,No,NoIntersection,Normal,3+Vehicles-Multiple,AUTOROUTE A6,M,48.72801950692868,2.727582127655318
201800046909,NonLethal,2018-09-28,07:30:00,Daylight,940,34,No,NoIntersection,Normal,NoCollision,AUTOROUTE A6B,M,48.73335145295198,2.7353836403668006
201800046910,NonLethal,2018-09-28,13:45:00,Daylight,910,687,No,NoIntersection,Normal,3+Vehicles-Chain,AUTOROUTE A6,M,48.664972305935024,2.664135055659912
201800046911,NonLethal,2018-09-28,16:30:00,Daylight,920,2,No,NoIntersection,Normal,2Vehicles-Behind,AUTOROUTE A86,M,48.76084569758613,2.762033576383116
201800046912,NonLethal,2018-09-28,19:23:00,Daylight,910,136,No,NoIntersection,Overcast,3+Vehicles-Multiple,AUTOROUTE A10,M,48.71373137728874,2.712952656630057
201800046913,NonLethal,2018-09-28,19:45:00,TwilightOrDawn,940,38,No,NoIntersection,Normal,2Vehicles-Behind,AUTOROUTE A6B,M,48.7786277078726,2.777506388237808
201800046914,NonLethal,2018-09-28,21:25:00,NightNoStreetLight,910,689,No,NoIntersection,Normal,3+Vehicles-Chain,AUTOROUTE A6A,M,48.74173934110348,2.7418400804288536
201800046915,NonLethal,2018-09-29,09:38:00,Daylight,910,347,No,NoIntersection,Normal,3+Vehicles-Chain,RN 104,M,48.622982951423765,2.621921476613092
201800046916,NonLethal,2018-09-29,13:55:00,Daylight,940,37,No,NoIntersection,Normal,2Vehicles-Behind,AUTOROUTE A6B,M,48.806974976645584,2.807785417722265
201800046917,NonLethal,2018-09-29,18:50:00,Daylight,910,64,No,NoIntersection,Normal,3+Vehicles-Chain,RN 118,M,48.74956087468743,2.747774715172532
201800046918,NonLethal,2018-09-30,06:30:00,NightNoStreetLight,910,363,No,NoIntersection,Normal,2Vehicles-Side,RN 104,M,48.63962223011163,2.6361796318034663
201800046919,NonLethal,2018-09-30,12:50:00,Daylight,940,34,No,NoIntersection,Normal,NoCollision,AUTOROUTE A86,M,48.76055281963224,2.7621583678242674
201800046920,NonLethal,2018-01-10,18:26:00,TwilightOrDawn,910,174,No,NoIntersection,Normal,2Vehicles-Side,RN 104,M,48.61098477901267,2.6116047521523136
201800046921,NonLethal,2018-10-02,06:05:00,NightNoStreetLight,910,687,No,NoIntersection,LightRain,2Vehicles-Side,AUTOROUTE A6,M,48.66064879276386,2.661259013821461
201800046922,NonLethal,2018-03-10,00:43:00,NightStreelightsOn,910,617,No,NoIntersection,Normal,Other,RN 104,M,48.63006745321725,2.6298975004955176
201800046923,NonLethal,2018-10-03,08:04:00,Daylight,910,434,No,NoIntersection,LightRain,3+Vehicles-Multiple,AUTOROUTE A6,M,48.66925570821033,2.6696551466444465
201800046924,NonLethal,2018-03-10,08:20:00,Daylight,910,161,No,NoIntersection,Normal,2Vehicles-Behind,AUTOROUTE A6,M,48.71778980639457,2.716207665046426
201800046926,NonLethal,2018-10-03,14:50:00,Daylight,940,34,No,NoIntersection,Normal,3+Vehicles-Chain,AUTOROUTE A86,M,48.75566401931495,2.756534639601452
201800046927,NonLethal,2018-03-10,17:30:00,Daylight,940,43,No,NoIntersection,Normal,2Vehicles-Side,AUTOROUTE A6B,M,48.484867872300725,2.48520318110143
201800046928,NonLethal,2018-03-10,17:00:00,Daylight,940,38,No,NoIntersection,Normal,3+Vehicles-Multiple,AUTOROUTE A6B,M,48.785477912442666,2.785760916602428
201800046929,NonLethal,2018-10-03,18:03:00,Daylight,910,161,No,NoIntersection,Normal,2Vehicles-Side,AUTOROUTE A6,M,48.7043848763309,2.705246047564428
201800046930,NonLethal,2018-10-04,12:45:00,Daylight,910,174,No,NoIntersection,Normal,2Vehicles-Behind,RN 104,M,48.61041678415145,2.6094002465351327
201800046932,NonLethal,2018-10-05,08:45:00,Daylight,910,377,No,NoIntersection,Normal,NoCollision,AUTOROUTE A10,M,48.72948819129844,2.7289613463182225
201800046933,NonLethal,2018-10-05,12:10:00,Daylight,910,521,No,NoIntersection,Normal,2Vehicles-Behind,AUTOROUTE A6,M,48.64030793250694,2.63914415836006
201800046934,NonLethal,2018-05-10,14:00:00,Daylight,910,161,No,NoIntersection,Normal,2Vehicles-Behind,AUTOROUTE A6,M,48.710592736378864,2.711925561777779
201800046935,NonLethal,2018-05-10,17:45:00,Daylight,920,19,No,NoIntersection,Normal,2Vehicles-Side,RN 385 Extèrieure,M,48.77006484606007,2.771358424453108
201800046936,NonLethal,2018-10-06,11:25:00,Daylight,910,689,No,NoIntersection,Normal,2Vehicles-Behind,AUTOROUTE A6B,M,48.74818763897843,2.748212262015482
201800046937,NonLethal,2018-08-18,14:37:00,Daylight,910,689,No,NoIntersection,Normal,2Vehicles-Behind,AUTOROUTE A6B,M,48.7452171287414,2.744049864070457
201800046938,NonLethal,2018-10-06,14:55:00,Daylight,910,86,No,NoIntersection,Normal,2Vehicles-Behind,RN l04,M,48.62347681087982,2.6235149119442256
201800046939,NonLethal,2018-06-10,18:48:00,Daylight,940,34,No,NoIntersection,Normal,3+Vehicles-Chain,AUTOROUTE A86,M,48.7617304385553,2.7631849519643183
201800046941,NonLethal,2018-10-09,08:20:00,Daylight,910,692,No,NoIntersection,Normal,3+Vehicles-Chain,RN 118,M,48.672604422535386,2.672553459390332
201800046942,NonLethal,2018-10-09,09:52:00,Daylight,940,37,No,NoIntersection,Normal,2Vehicles-Side,AUTOROUTE A6B,M,48.81503645704265,2.816051561923605
201800046943,NonLethal,2018-10-09,11:10:00,Daylight,910,692,No,NoIntersection,Normal,3+Vehicles-Multiple,RN 118,M,48.67143147732359,2.6709262978484816
201800046944,NonLethal,2018-09-10,12:55:00,Daylight,910,86,No,NoIntersection,Normal,2Vehicles-Behind,RN 104,M,48.62510544690324,2.6239090055322416
201800046945,NonLethal,2018-09-10,13:25:00,Daylight,910,286,No,NoIntersection,Normal,3+Vehicles-Chain,AUTOROUTE A6,M,48.64410594767792,2.644578014995297
201800046946,NonLethal,2018-09-10,12:46:00,Daylight,910,174,No,NoIntersection,Normal,3+Vehicles-Multiple,RN 104,M,48.61163513947692,2.6098638773165077
201800046947,NonLethal,2018-10-09,19:59:00,NightNoStreetLight,910,161,No,NoIntersection,Normal,2Vehicles-Side,AUTOROUTE A6,M,48.71972079582012,2.7213087279034984
201800046948,NonLethal,2018-10-10,07:49:00,TwilightOrDawn,910,687,No,NoIntersection,Normal,2Vehicles-Side,AUTOROUTE A6,M,48.660273554386336,2.6592474739445
201800046949,NonLethal,2018-10-10,07:20:00,Daylight,910,286,No,NoIntersection,Normal,2Vehicles-Behind,AUTOROUTE A6,M,48.65354021870143,2.652279167214925
201800046950,NonLethal,2018-10-10,17:41:00,Daylight,910,377,Yes,NoIntersection,Normal,2Vehicles-Behind,RN20,M,48.72039842287899,8.718790827915376
201800046952,NonLethal,2018-10-11,07:45:00,TwilightOrDawn,910,689,No,NoIntersection,Normal,2Vehicles-Behind,AUTOROUTE A6,M,48.73074324052001,2.7317916442388905
201800046953,NonLethal,2018-10-11,16:35:00,Daylight,910,689,No,NoIntersection,Normal,2Vehicles-Side,AUTOROUTE A6A,M,48.74424004782927,2.744116385334704
201800046954,NonLethal,2018-10-11,18:11:00,TwilightOrDawn,910,345,No,NoIntersection,LightRain,2Vehicles-Behind,AUTOROUTE A6,M,48.686229026771045,2.686871465690802
201800046955,NonLethal,2018-11-10,18:50:00,TwilightOrDawn,920,2,No,NoIntersection,Normal,2Vehicles-Side,RN 385 Extèrieure,M,48.75961131909483,2.7590821396023646
201800046957,NonLethal,2018-12-10,09:10:00,Daylight,910,340,No,NoIntersection,Normal,2Vehicles-Side,AUTOROUTE A6,M,48.59263342147888,2.590101757597983
201800046959,NonLethal,2018-12-10,16:50:00,Daylight,910,161,No,NoIntersection,Normal,3+Vehicles-Chain,AUTOROUTE A6,M,48.71175988722232,2.71091220997949
201800046960,NonLethal,2018-12-10,18:00:00,Daylight,910,589,No,NoIntersection,Normal,3+Vehicles-Chain,AUTOROUTE A6,M,48.6774146593127,2.678550546337765
201800046962,NonLethal,2018-10-14,12:41:00,Daylight,940,34,No,NoIntersection,Normal,2Vehicles-Side,AUTOROUTE A86,M,48.762868478824,2.7613518757010924
201800046963,NonLethal,2018-10-15,08:25:00,Daylight,910,589,No,NoIntersection,Normal,2Vehicles-Behind,AUTOROUTE A6,M,48.67052606642249,2.669843894302662
201800046964,NonLethal,2018-10-16,00:15:00,NightStreelightsOn,940,3,No,NoIntersection,Normal,NoCollision,AUTOROUTE A6A,M,48.80498029122943,2.807041579794072
201800046965,NonLethal,2018-10-16,16:50:00,Daylight,910,661,No,NoIntersection,Normal,NoCollision,AUTOROUTE A1O,M,48.6952027570518,2.6954075529548
201800046966,NonLethal,2018-10-16,17:45:00,Daylight,940,34,No,NoIntersection,Normal,2Vehicles-Behind,AUTOROUTE A86,M,48.75594941426669,2.754720081580915
201800046967,NonLethal,2018-10-16,17:50:00,Daylight,910,434,No,NoIntersection,Normal,2Vehicles-Behind,AUTOROUTE A6,M,48.66727964925191,2.6660935465861924
201800046968,NonLethal,2018-10-16,19:10:00,TwilightOrDawn,940,34,No,NoIntersection,Normal,2Vehicles-Behind,AUTOROUTE A86,M,48.76240711583739,2.762295107893299
201800046969,NonLethal,2018-10-18,09:30:00,Daylight,920,2,No,NoIntersection,Normal,2Vehicles-Behind,RN 385,M,48.75839841295253,2.7599569378087807
201800046970,NonLethal,2018-10-19,09:05:00,Daylight,940,76,No,NoIntersection,Normal,3+Vehicles-Multiple,AUTOROUTE A6A,M,48.79540191289768,2.793894550744851
201800046972,NonLethal,2018-10-20,02:00:00,NightNoStreetLight,910,340,No,NoIntersection,Normal,NoCollision,RN 104,M,48.60751484695509,2.6079244708426645
201800046973,NonLethal,2018-10-20,13:30:00,Daylight,910,161,No,NoIntersection,Normal,2Vehicles-Behind,AUTOROUTE A126,M,48.70992612534789,2.711549620579349
201800046974,NonLethal,2018-10-20,14:20:00,Daylight,910,617,No,NoIntersection,Normal,NoCollision,RN 104,M,48.633859065460086,2.6337611860417844
201800046975,NonLethal,2018-10-20,19:20:00,TwilightOrDawn,910,286,No,NoIntersection,Normal,3+Vehicles-Chain,AUTOROUTE A6,M,48.65054094728927,2.6479447229539184
201800046976,NonLethal,2018-10-21,11:50:00,Daylight,910,161,No,NoIntersection,Normal,2Vehicles-Side,AUTOROUTE A6,M,48.711472677570825,2.711600885886371
201800046977,NonLethal,2018-10-21,13:13:00,Daylight,910,64,No,NoIntersection,Normal,2Vehicles-Behind,RN 118,M,48.756100411891566,2.755337179631221
201800046978,NonLethal,2018-10-21,14:45:00,Daylight,920,2,No,NoIntersection,Normal,3+Vehicles-Chain,AUTOROUTE A10,M,48.72894348369171,2.732065077859901
201800046980,NonLethal,2018-10-23,08:20:00,TwilightOrDawn,940,21,No,NoIntersection,Normal,2Vehicles-Behind,AUTOROUTE A6B,M,48.76411282271338,2.76343366513736
201800046981,NonLethal,2018-10-23,08:00:00,NightNoStreetLight,940,38,No,NoIntersection,Normal,3+Vehicles-Chain,AUTOROUTE A6B,M,48.77373887070387,2.772886538375305
201800046982,NonLethal,2018-10-23,18:00:00,Daylight,940,34,No,NoIntersection,Normal,2Vehicles-Behind,AUTOROUTE A6B,M,48.75656542072757,2.759516527020995
201800046984,NonLethal,2018-10-23,20:44:00,NightStreelightsOn,920,2,No,NoIntersection,Normal,2Vehicles-Side,AUTOROUTE A10,M,48.73031876773849,2.728480447502778
201800046986,NonLethal,2018-10-24,08:00:00,Daylight,920,2,No,NoIntersection,Normal,2Vehicles-Behind,RN 385 INT,M,48.77532096687117,2.7721423997800465
201800046987,NonLethal,2018-10-24,08:45:00,Daylight,920,2,No,NoIntersection,Normal,2Vehicles-Side,AUTOROUTE A86,M,48.758664485449245,2.7602944623464216
201800046989,NonLethal,2018-10-24,17:30:00,Daylight,910,174,No,NoIntersection,Normal,3+Vehicles-Chain,RN 104,M,48.61674085907113,2.616857784377583
201800046990,NonLethal,2018-10-24,17:00:00,Daylight,910,161,No,NoIntersection,Normal,3+Vehicles-Multiple,AUTOROUTE A6,M,48.71888786084233,2.720975834404206
201800046992,NonLethal,2018-10-25,17:25:00,Daylight,910,377,No,NoIntersection,Normal,3+Vehicles-Chain,RD 188,M,48.73006695215174,2.730021708337788
201800046993,NonLethal,2018-10-25,19:50:00,NightNoStreetLight,910,521,No,NoIntersection,Normal,2Vehicles-Behind,RN 104,M,48.62564190060162,2.626369088060619
201800046994,NonLethal,2018-10-26,08:59:00,Daylight,910,589,No,NoIntersection,Normal,2Vehicles-Side,AUTOROUTE A6,M,48.6782154438132,2.6779891345880484
201800046995,NonLethal,2018-10-26,16:45:00,Daylight,910,659,No,NoIntersection,Normal,Other,AUTOROUTE A6,M,48.58305019964951,2.583618945524759
201800046996,NonLethal,2018-10-26,19:20:00,NightNoStreetLight,910,64,No,NoIntersection,Normal,3+Vehicles-Chain,RN 118,M,48.75066593442215,2.749186786660877
201800046997,Lethal,2018-10-27,03:25:00,NightNoStreetLight,910,340,No,NoIntersection,Normal,2Vehicles-Behind,AUTOROUTE A6,M,48.60233261582642,2.602128455887673
201800046998,NonLethal,2018-10-27,05:45:00,NightNoStreetLight,910,161,No,NoIntersection,Normal,NoCollision,AUTOROUTE A6,M,48.70917642617045,2.711445095988804
201800046999,Lethal,2018-10-27,00:40:00,NightNoStreetLight,910,179,No,NoIntersection,Normal,Other,AUTOROUTE A6,M,48.542583246113466,2.542443297873611
201800047000,NonLethal,2018-10-28,00:50:00,NightNoStreetLight,910,340,No,NoIntersection,Overcast,2Vehicles-BehindVehicles-Frontal,RN 104,M,48.610256151949656,2.609210965689684
201800047002,NonLethal,2018-10-28,23:45:00,NightNoStreetLight,910,86,No,NoIntersection,LightRain,2Vehicles-Side,RN 104,M,48.61988853503093,2.619232748209005
201800047003,NonLethal,2018-10-29,19:05:00,TwilightOrDawn,940,3,No,NoIntersection,Normal,3+Vehicles-Chain,AUTOROUTE A6A,M,48.8087901736224,2.8082633911490094
201800047005,NonLethal,2018-10-31,08:51:00,Daylight,940,34,No,NoIntersection,Normal,3+Vehicles-Chain,AUTOROUTE A86,M,48.75902090586545,2.7608496037920363
201800047006,NonLethal,2018-10-31,10:05:00,Daylight,910,549,No,NoIntersection,Normal,2Vehicles-Behind,RN 104,M,48.62642834406685,2.626720732135027
201800047008,NonLethal,2018-11-01,00:41:00,NightNoStreetLight,920,19,No,NoIntersection,Normal,Other,RN 385 Extrieure,M,48.69860519568886,2.700713782098161
201800047009,NonLethal,2018-01-11,18:45:00,NightStreelightsOff,750,113,No,NoIntersection,LightRain,Other,AUTOROUTE A6B,M,48.80923874386258,2.809314047249432
201800047010,NonLethal,2018-11-01,21:49:00,NightNoStreetLight,940,65,No,NoIntersection,Overcast,Other,AUTOROUTE A86,M,48.75933269362668,2.758909237462425
201800047011,NonLethal,2018-01-11,22:50:00,NightNoStreetLight,910,340,No,NoIntersection,LightRain,Other,RN 104,M,48.607961597738274,2.608326719774604
201800047013,NonLethal,2018-11-02,15:30:00,Daylight,910,377,No,NoIntersection,Normal,3+Vehicles-Chain,AUTOROUTE A10,M,48.72327950817605,2.7216077197768462
201800047014,NonLethal,2018-11-02,19:15:00,NightNoStreetLight,910,161,No,NoIntersection,Normal,2Vehicles-Side,AUTOROUTE A6,M,48.69498902765995,2.694044596555629
201800047015,NonLethal,2018-11-03,10:30:00,Daylight,910,521,No,NoIntersection,Normal,3+Vehicles-Chain,AUTOROUTE A6,M,48.64131604931848,2.6389964749650456
201800047017,NonLethal,2018-11-06,03:03:00,NightNoStreetLight,920,2,No,NoIntersection,Normal,2Vehicles-Behind,AUTOROUTE A86,M,48.75979493894045,2.760898967388432
201800047018,NonLethal,2018-06-11,09:07:00,Daylight,920,19,No,NoIntersection,Normal,3+Vehicles-Multiple,RN 385 INT,M,48.76007355144174,2.759969007417536
201800047019,NonLethal,2018-11-06,11:05:00,Daylight,910,521,No,NoIntersection,Normal,3+Vehicles-Chain,RN 104,M,48.627577973423456,2.628922931007329
201800047020,NonLethal,2018-07-11,08:50:00,Daylight,910,161,No,NoIntersection,LightRain,2Vehicles-Behind,AUTOROUTE A6,M,48.697022363716734,2.6990772764303976
201800047021,NonLethal,2018-07-11,09:05:00,Daylight,940,21,No,NoIntersection,HeavyRain,2Vehicles-Side,AUTOROUTE A6A,M,48.76197409992398,2.7599803612958462
201800047023,NonLethal,2018-09-11,17:45:00,NightStreelightsOn,940,34,No,NoIntersection,Normal,2Vehicles-Behind,AUTOROUTE A86,M,48.75820684173552,2.758326179217204
201800047024,NonLethal,2018-09-11,19:15:00,NightStreelightsOff,910,174,No,NoIntersection,Normal,2Vehicles-Behind,RN 104,M,48.61822532998461,2.619865422427181
201800047026,NonLethal,2018-10-11,15:13:00,Daylight,910,363,No,NoIntersection,LightRain,Other,RN 104,M,48.655379218600046,2.6547936872376265
201800047027,NonLethal,2018-11-10,19:25:00,NightStreelightsOn,910,377,Yes,NoIntersection,Normal,Other,RN20,M,48.71924709432931,2.719165613881356
201800047028,NonLethal,2018-11-11,00:30:00,NightNoStreetLight,910,182,No,NoIntersection,LightRain,2Vehicles-Behind,RN 1O4,M,48.62416933538621,2.623467140967019
201800047029,NonLethal,2018-11-11,07:00:00,NightNoStreetLight,940,76,No,NoIntersection,LightRain,2Vehicles-Behind,AUTOROUTE A6B,M,48.79401557660715,2.795188508355018
201800047030,NonLethal,2018-11-11,09:35:00,Daylight,910,521,No,NoIntersection,Overcast,Other,RN l04,M,48.63325301106856,2.6319843396575946
201800047031,NonLethal,2018-11-11,08:05:00,Daylight,910,64,No,NoIntersection,LightRain,2Vehicles-Behind,RN 118,M,48.74858385168781,2.7498157261655485
201800047033,NonLethal,2018-11-11,14:48:00,Daylight,940,37,No,NoIntersection,LightRain,NoCollision,AUTOROUTE A6B,M,48.816021779715406,2.8152612066040468
201800047034,NonLethal,2018-11-11,14:40:00,Daylight,910,182,No,NoIntersection,LightRain,Other,RN 104,M,48.60759766440261,2.6075566869847315
201800047035,NonLethal,2018-11-11,16:10:00,Daylight,910,228,No,NoIntersection,LightRain,NoCollision,RN 104,M,48.60838697647253,2.6088111637900737
201800047036,NonLethal,2018-11-11,18:48:00,NightNoStreetLight,910,521,No,NoIntersection,LightRain,NoCollision,RN l04,M,48.63350134023676,2.635199879713148
201800047037,NonLethal,2018-11-11,21:45:00,NightStreelightsOff,910,136,No,NoIntersection,Normal,Other,A10 PARIS / RD188 PARIS,M,48.70995101739982,2.707010015639664
201800047038,NonLethal,2018-12-11,02:00:00,NightStreelightsOff,910,363,No,NoIntersection,LightRain,Other,RN 104,M,48.65474440273936,2.6535384249784792
201800047039,NonLethal,2018-12-11,10:00:00,Daylight,910,471,No,NoIntersection,LightRain,2Vehicles-Side,RN 118,M,48.71328312635049,2.712629757246013
201800047040,NonLethal,2018-12-11,09:04:00,Daylight,770,495,No,NoIntersection,LightRain,Other,BRET. MELUN VERS A5a,M,48.59010356443423,2.591313787139386
201800047041,NonLethal,2018-11-14,08:16:00,Daylight,910,339,No,NoIntersection,Normal,2Vehicles-Behind,RN 104,M,48.622664065594506,2.623122371043221
201800047045,NonLethal,2018-11-15,00:20:00,NightNoStreetLight,940,65,No,NoIntersection,Normal,2Vehicles-Behind,AUTOROUTE A86,M,48.75576365680811,2.754797734846276
201800047047,NonLethal,2018-11-15,19:40:00,NightNoStreetLight,940,3,No,NoIntersection,Normal,3+Vehicles-Chain,AUTOROUTE A6A,M,48.79956279834918,2.798143887858596
201800047048,NonLethal,2018-11-16,07:20:00,NightNoStreetLight,910,687,No,NoIntersection,FogOrSmoke,2Vehicles-Behind,AUTOROUTE A6,M,48.65826774331435,2.658470493044677
201800047049,NonLethal,2018-11-16,08:00:00,TwilightOrDawn,910,521,No,NoIntersection,FogOrSmoke,NoCollision,RN 441,M,48.63808268052709,2.640631905458525
201800047050,NonLethal,2018-11-16,18:05:00,NightNoStreetLight,910,534,No,NoIntersection,FogOrSmoke,NoCollision,RN 118,M,48.72640752073832,2.724505363689725
201800047052,NonLethal,2018-06-17,00:20:00,NightStreelightsOff,910,689,No,NoIntersection,Normal,2Vehicles-Behind,AUTOROUTE A6B,M,48.73807864658325,2.740219380383464
201800047053,NonLethal,2018-11-17,07:09:00,NightNoStreetLight,910,661,No,NoIntersection,Normal,2Vehicles-Side,RD 188 CHEVREUSE,M,48.69555950915661,2.696221106787034
201800047054,NonLethal,2018-11-18,00:40:00,NightNoStreetLight,940,34,No,NoIntersection,Normal,NoCollision,AUTOROUTE A6A,M,48.75546023140679,2.757341428429793
201800047055,NonLethal,2018-11-20,15:00:00,Daylight,910,521,No,NoIntersection,LightRain,Other,RN 449,M,48.636948462262346,2.634966184508656
201800047056,NonLethal,2018-11-20,15:05:00,TwilightOrDawn,910,86,No,NoIntersection,LightRain,Other,RN 104,M,48.622571565286734,2.6234941781894063
201800047057,NonLethal,2018-11-20,19:40:00,NightNoStreetLight,940,34,No,NoIntersection,Normal,2Vehicles-Behind,AUTOROUTE A6B,M,48.75316344943715,2.7526794447207843
201800047058,NonLethal,2018-11-21,09:45:00,Daylight,910,182,No,NoIntersection,Normal,3+Vehicles-Multiple,RN 104,M,48.62381485753123,2.6225354259287044
201800047059,NonLethal,2018-11-11,06:05:00,NightNoStreetLight,940,65,No,NoIntersection,Normal,2Vehicles-Behind,AUTOROUTE A106,M,48.74726096332849,2.7471991248585423
201800047060,NonLethal,2018-11-21,14:20:00,Daylight,910,312,No,NoIntersection,Normal,2Vehicles-Behind,RD 444,M,48.73361096443266,2.7335496719108727
201800047062,NonLethal,2018-11-22,09:45:00,Daylight,910,182,No,NoIntersection,Normal,3+Vehicles-Multiple,AUTOROUTE A6,M,48.62738654120927,2.6250559287628903
201800047063,NonLethal,2018-11-22,17:18:00,NightNoStreetLight,910,534,No,NoIntersection,FogOrSmoke,3+Vehicles-Chain,RN ll8,M,48.71477263450981,2.714983148370933
201800047064,NonLethal,2018-11-23,17:25:00,NightNoStreetLight,910,182,No,NoIntersection,FogOrSmoke,Other,RN 104,M,48.62517346750968,2.625733352648804
201800047065,NonLethal,2018-11-23,19:05:00,NightNoStreetLight,910,377,No,NoIntersection,Overcast,2Vehicles-Side,AUTOROUTE A10,M,48.72739957431945,2.7270634549112915
201800047066,NonLethal,2018-11-23,20:30:00,NightNoStreetLight,910,64,No,NoIntersection,LightRain,2Vehicles-Side,RN ll8,M,48.76465850460336,2.7650514236929027
201800047067,NonLethal,2018-11-23,21:35:00,NightNoStreetLight,910,64,No,NoIntersection,HeavyRain,Other,RN 118,M,48.74385935239624,2.7428520348760466
201800047069,NonLethal,2018-11-25,08:16:00,Daylight,910,363,No,NoIntersection,LightRain,Other,RN 104,M,48.63502905912419,2.633075892494884
201800047070,NonLethal,2018-11-25,13:20:00,Daylight,910,136,No,NoIntersection,LightRain,Other,RD188 PROVINCE / A1O PAR,M,48.7172817325117,2.716523880491696
201800047071,NonLethal,2018-11-25,16:00:00,Daylight,940,34,No,NoIntersection,LightRain,Other,AUTOROUTE A86,M,48.75728958981569,2.758635203257453
201800047072,NonLethal,2018-11-26,00:58:00,NightNoStreetLight,940,34,No,NoIntersection,LightRain,Other,AUTOROUTE A86,M,48.75386340707894,2.75407624500183
201800047073,NonLethal,2018-11-27,07:00:00,NightNoStreetLight,910,161,No,NoIntersection,Normal,2Vehicles-Side,AUTOROUTE A6,M,48.71253170171287,2.7129925646190807
201800047074,NonLethal,2018-11-27,19:05:00,NightNoStreetLight,910,182,No,NoIntersection,LightRain,3+Vehicles-Chain,AUTOROUTE A6,M,48.62481303222459,2.622390485351277
201800047075,NonLethal,2018-11-27,20:15:00,NightNoStreetLight,910,86,No,NoIntersection,Normal,2Vehicles-Behind,RN 104,M,48.62359521032496,2.625844615554872
201800047076,NonLethal,2018-11-28,07:15:00,NightNoStreetLight,910,589,No,NoIntersection,LightRain,2Vehicles-Side,AUTOROUTE A6,M,48.6784208801653,2.679047651716336
201800047077,NonLethal,2018-11-28,09:40:00,Daylight,910,589,No,NoIntersection,LightRain,3+Vehicles-Multiple,AUTOROUTE A6,M,48.67453881519177,2.675568469885808
201800047078,NonLethal,2018-11-28,08:15:00,Daylight,910,377,No,NoIntersection,Normal,2Vehicles-Side,AUTOROUTE A10,M,48.7215651233662,2.7201297229090846
201800047079,NonLethal,2018-11-28,09:45:00,Daylight,910,235,No,NoIntersection,LightRain,Other,RN 104,M,48.623339660274304,2.6227151817588634
201800047080,NonLethal,2018-11-28,11:05:00,Daylight,910,174,No,NoIntersection,LightRain,2Vehicles-Side,RN 104,M,48.6221916440128,2.618639956811616
201800047081,NonLethal,2018-11-28,17:50:00,NightNoStreetLight,910,521,No,NoIntersection,LightRain,3+Vehicles-Chain,RN 104,M,48.6264001445729,2.627012590045654
201800047083,NonLethal,2018-11-28,20:30:00,NightStreelightsOff,940,38,No,NoIntersection,Normal,2Vehicles-Behind,AUTOROUTE A6B,M,48.77929083633916,2.779526782481996
201800047084,NonLethal,2018-11-28,19:40:00,NightNoStreetLight,940,38,No,NoIntersection,LightRain,2Vehicles-Behind,AUTOROUTE A6A,M,48.78175882057061,2.7786136964564223