AccidentId,Gravity,Date,Hour,Light,Department,Commune,InAgglomeration,IntersectionType,Weather,CollisionType,PostalAddress,GPSCode,Latitude,Longitude
201800047086,NonLethal,2018-11-29,19:25:00,NightNoStreetLight,910,174,No,NoIntersection,Normal,2Vehicles-Side,RN 1O4,M,48.61202539827922,2.611557451246058
201800047087,NonLethal,2018-11-30,08:29:00,TwilightOrDawn,910,345,No,NoIntersection,Normal,3+Vehicles-Chain,AUTOROUTE A6,M,48.68766327606304,2.687144575630229
201800047089,NonLethal,2018-11-30,10:20:00,Daylight,910,477,No,NoIntersection,Normal,2Vehicles-Side,AUTOROUTE A126,M,48.72190862103623,2.722817672913676
201800047090,NonLethal,2018-11-30,09:35:00,Daylight,910,471,No,NoIntersection,Normal,2Vehicles-Side,RN 118,M,48.69745106473664,2.698064607960354
201800047091,NonLethal,2018-11-30,17:17:00,NightNoStreetLight,920,2,No,NoIntersection,Normal,2Vehicles-Behind,AUTOROUTE A6,M,48.73639261312301,2.7368817904817133
201800047093,NonLethal,2018-01-12,13:45:00,Daylight,910,136,No,NoIntersection,LightRain,Other,AUTOROUTE A10,M,48.71086468803751,2.7101284256434406
201800047094,NonLethal,2018-12-01,17:55:00,NightNoStreetLight,770,251,No,Other,LightRain,2Vehicles-Behind,AUTOROUTE A5A,M,48.62644676400265,2.6267808829853365
201800047095,NonLethal,2018-01-12,22:50:00,NightNoStreetLight,910,161,No,NoIntersection,LightRain,Other,AUTOROUTE A6,M,48.69303773242899,2.693763744739377
201800047096,NonLethal,2018-02-12,03:35:00,NightStreelightsOn,940,34,No,NoIntersection,LightRain,Other,AUTOROUTE A86,M,48.75861497559193,2.758969728166016
201800047098,NonLethal,2018-03-12,15:10:00,Daylight,910,477,No,NoIntersection,Overcast,2Vehicles-BehindVehicles-Frontal,AUTOROUTE A126,M,48.72603203945823,2.7256281058413783
201800047099,NonLethal,2018-04-12,08:00:00,Daylight,910,377,No,NoIntersection,LightRain,NoCollision,AUTOROUTE A10,M,48.72076885642897,2.718985422397316
201800047100,NonLethal,2018-05-12,17:05:00,TwilightOrDawn,910,339,No,NoIntersection,Normal,3+Vehicles-Chain,RN 104,M,48.626117851213486,2.6253764032302533
201800047101,NonLethal,2018-06-12,05:40:00,NightNoStreetLight,910,689,No,NoIntersection,LightRain,2Vehicles-Behind,AUTOROUTE A6B,M,48.74045883342685,2.7409172007866225
201800047102,NonLethal,2018-12-06,15:30:00,Daylight,910,64,No,NoIntersection,Normal,Other,RN ll8,M,48.74901363361232,2.751456474650666
201800047103,NonLethal,2018-06-12,17:30:00,NightNoStreetLight,910,589,No,NoIntersection,Normal,2Vehicles-Behind,AUTOROUTE A6,M,48.67550501231536,2.6735012883672056
201800047104,NonLethal,2018-12-07,08:59:00,Daylight,910,161,No,NoIntersection,LightRain,3+Vehicles-Multiple,AUTOROUTE A6,M,48.70182225519621,2.700703302992708
201800047106,NonLethal,2018-12-08,01:40:00,NightStreelightsOn,910,161,No,NoIntersection,Normal,2Vehicles-Behind,AUTOROUTE A6,M,48.70112038659665,2.7009784114938324
201800047107,NonLethal,2018-08-12,19:50:00,NightNoStreetLight,910,689,No,NoIntersection,LightRain,3+Vehicles-Chain,AUTOROUTE A6,M,48.73227121467742,2.7323761271283784
201800047108,NonLethal,2018-12-09,16:29:00,Daylight,940,37,No,NoIntersection,Normal,2Vehicles-Behind,AUTOROUTE A6B,M,48.81383120219167,2.8154698182490265
201800047109,NonLethal,2018-10-12,09:00:00,Daylight,910,645,No,NoIntersection,Normal,NoCollision,RN 385 Extrieure,M,48.45058916121008,2.452343231693191
201800047110,NonLethal,2018-10-12,10:50:00,Daylight,910,216,No,NoIntersection,LightRain,NoCollision,AUTOROUTE A6,M,48.68329401328446,2.684334207473296
201800047111,NonLethal,2018-10-12,18:00:00,NightNoStreetLight,910,286,No,NoIntersection,Normal,2Vehicles-Behind,AUTOROUTE A6,M,48.64550616254346,2.646837018638953
201800047112,NonLethal,2018-12-10,20:10:00,NightStreelightsOn,910,64,No,NoIntersection,Normal,2Vehicles-Behind,RN 118,M,48.74914954452557,2.749056245753084
201800047113,NonLethal,2018-12-11,09:22:00,Daylight,910,589,No,NoIntersection,Normal,2Vehicles-Behind,AUTOROUTE A6,M,48.67772532927813,2.678657639874034
201800047114,NonLethal,2018-12-11,18:03:00,NightNoStreetLight,910,174,No,NoIntersection,Normal,2Vehicles-Side,RN 104,M,48.61772374487613,2.618308853670308
201800047115,NonLethal,2018-12-11,20:10:00,NightNoStreetLight,910,617,No,NoIntersection,Normal,NoCollision,RN 104,M,48.63901457667996,2.640542917731214
201800047116,NonLethal,2018-12-12,17:30:00,NightStreelightsOn,940,34,No,NoIntersection,Normal,3+Vehicles-Chain,AUTOROUTE A86,M,48.76097903238718,2.759673440582535
201800047118,NonLethal,2018-12-13,09:00:00,Daylight,910,589,No,NoIntersection,Normal,3+Vehicles-Multiple,AUTOROUTE A6,M,48.671080604773735,2.671029422646161
201800047119,NonLethal,2018-12-13,10:20:00,Daylight,770,495,No,NoIntersection,Normal,Other,AUTOROUTE A5a,M,48.59260388504294,2.5931400375998344
201800047120,NonLethal,2018-12-13,18:50:00,NightNoStreetLight,910,477,No,NoIntersection,Normal,Other,AUTOROUTE A126,M,48.71554317240026,2.7158267770378197
201800047121,NonLethal,2018-12-13,21:50:00,NightNoStreetLight,910,553,No,NoIntersection,Normal,3+Vehicles-Chain,RN 104,M,48.62357133508462,2.6232985982285024
201800047122,NonLethal,2018-12-14,17:20:00,NightNoStreetLight,910,689,No,NoIntersection,Normal,2Vehicles-Behind,AUTOROUTE A6,M,48.7301939236796,2.726675454101707
201800047123,NonLethal,2018-12-14,19:50:00,NightNoStreetLight,910,689,No,NoIntersection,Normal,3+Vehicles-Chain,AUTOROUTE A6,M,48.72636400881321,2.726925150424211
201800047124,NonLethal,2018-12-15,20:05:00,NightStreelightsOn,940,37,No,NoIntersection,LightRain,2Vehicles-Behind,AUTOROUTE A6B,M,48.8095219602351,2.810715439223723
201800047125,NonLethal,2018-12-15,20:15:00,NightStreelightsOn,940,3,No,NoIntersection,HeavyRain,3+Vehicles-Chain,AUTOROUTE A6A,M,48.80418141501397,2.805128385461198
201800047126,NonLethal,2018-12-15,23:00:00,NightStreelightsOff,940,3,No,NoIntersection,HeavyRain,NoCollision,AUTOROUTE A6A,M,48.80922689775979,2.8091615949477875
201800047127,NonLethal,2018-12-17,08:19:00,Daylight,910,345,No,NoIntersection,Normal,2Vehicles-Side,AUTOROUTE A6,M,48.69872600298641,2.698795536187341
201800047128,NonLethal,2018-12-17,06:47:00,NightNoStreetLight,910,174,No,NoIntersection,Normal,3+Vehicles-Chain,RN 104,M,48.62080902541966,2.6216145613950728
201800047129,NonLethal,2018-12-17,09:10:00,Daylight,910,534,No,NoIntersection,Normal,2Vehicles-Side,RN 118,M,48.72514796696744,2.721458558324364
201800047130,NonLethal,2018-12-17,18:13:00,NightNoStreetLight,910,689,No,NoIntersection,Normal,2Vehicles-Side,AUTOROUTE A6,M,48.742004796362416,2.7436260282719505
201800047131,NonLethal,2018-12-18,12:05:00,Daylight,910,174,No,NoIntersection,Normal,3+Vehicles-Multiple,RN l04,M,48.621803068085846,2.62002349450228
201800047132,NonLethal,2018-12-18,17:08:00,NightStreelightsOn,940,34,No,NoIntersection,Normal,3+Vehicles-Multiple,AUTOROUTE A86,M,48.759938131825216,2.761628172845413
201800047133,NonLethal,2018-12-18,18:00:00,NightNoStreetLight,910,339,No,NoIntersection,Normal,2Vehicles-Behind,RN 104,M,48.62862333078497,2.6299788934177104
201800047134,NonLethal,2018-12-19,13:00:00,Daylight,910,182,No,NoIntersection,Normal,2Vehicles-Behind,RN 104,M,48.618496748204905,2.6178995525815365
201800047136,NonLethal,2018-12-20,12:05:00,Daylight,940,34,No,NoIntersection,Normal,3+Vehicles-Chain,AUTOROUTE A6A,M,48.75803579644972,2.7577477788417
201800047137,NonLethal,2018-12-20,16:00:00,Daylight,910,689,No,NoIntersection,Normal,2Vehicles-Side,AUTOROUTE A6B,M,48.74488984462349,2.74418926356287
201800047138,NonLethal,2018-12-20,17:00:00,Daylight,910,340,No,NoIntersection,Normal,2Vehicles-Side,RN 104,M,48.60935063531593,2.6078976707441024
201800047140,NonLethal,2018-12-21,14:35:00,Daylight,910,477,No,NoIntersection,LightRain,2Vehicles-Behind,AUTOROUTE A10,M,48.714925683422045,2.714976153888725
201800047141,NonLethal,2018-12-21,14:06:00,Daylight,940,37,No,NoIntersection,LightRain,3+Vehicles-Multiple,AUTOROUTE A6B,M,48.810971904689865,2.8136222419559664
201800047143,NonLethal,2018-12-21,22:15:00,NightNoStreetLight,940,21,No,NoIntersection,LightRain,2Vehicles-Side,AUTOROUTE A6A,M,48.79537835982803,2.793115469655203
201800047145,NonLethal,2018-12-23,19:52:00,NightNoStreetLight,910,340,No,NoIntersection,Normal,Other,RN 104,M,48.61073463137398,2.612817978402404
201800047146,NonLethal,2018-12-23,23:20:00,NightNoStreetLight,910,661,No,NoIntersection,Normal,Other,AUTOROUTE A10,M,48.70103234977936,2.6997025144732087
201800047147,NonLethal,2018-12-24,09:20:00,Daylight,910,363,No,NoIntersection,LightRain,NoCollision,RN 118,M,48.67007161143388,2.6683032708769336
201800047149,NonLethal,2018-12-25,07:35:00,NightNoStreetLight,910,64,No,NoIntersection,Normal,Other,RN ll8,M,48.64051151102729,2.642617427762962
201800047150,NonLethal,2018-12-25,12:00:00,Daylight,910,182,No,NoIntersection,Normal,2Vehicles-Behind,RN 104,M,48.614132439211566,2.612189739556795
201800047151,NonLethal,2018-12-26,16:30:00,Daylight,910,174,No,NoIntersection,Normal,3+Vehicles-Chain,RN 104,M,48.62222497163427,2.6220422384903475
201800047152,NonLethal,2018-12-26,19:30:00,NightNoStreetLight,910,174,No,NoIntersection,Normal,3+Vehicles-Chain,RN 104,M,48.378199725709024,2.377941939577792
201800047154,NonLethal,2018-12-28,11:00:00,Daylight,910,161,No,NoIntersection,Normal,2Vehicles-Behind,AUTOROUTE Al26,M,48.71043050587067,2.711196109294605
201800047155,NonLethal,2018-12-28,15:47:00,Daylight,910,570,No,NoIntersection,Normal,2Vehicles-Behind,RN 104,M,48.627297198219935,2.62627444396084
201800047157,NonLethal,2018-12-31,08:30:00,Daylight,940,34,No,NoIntersection,LightRain,Other,AUTOROUTE A86,M,48.75880303076578,2.7577215873106025
201800047158,NonLethal,2018-12-31,15:30:00,Daylight,940,3,No,NoIntersection,Normal,2Vehicles-Behind,AUTOROUTE A6B,M,48.79167159319588,2.794881021313808
201800047160,NonLethal,2018-01-06,13:40:00,Daylight,202,33,Yes,NoIntersection,Normal,3+Vehicles-Multiple,Rte Front de Mer,M,42.68974949893389,9.690025771525365
201800047161,NonLethal,2018-08-01,09:35:00,Daylight,202,37,Yes,NoIntersection,Overcast,Other,Rue V. d'Istria,M,42.625375133281054,9.624215109528771
201800047163,NonLethal,2018-01-11,10:55:00,Daylight,202,120,Yes,NoIntersection,LightRain,2Vehicles-BehindVehicles-Frontal,T11,M,42.636245389762685,9.63621252672155
201800047165,NonLethal,2018-01-14,03:53:00,NightStreelightsOn,202,33,Yes,X-type,Normal,2Vehicles-BehindVehicles-Frontal,MIOT - RUE,M,42.69859105433039,9.69905079782331
201800047166,NonLethal,2018-01-15,12:40:00,Daylight,202,33,Yes,X-type,Normal,2Vehicles-Side,PAOLI DU NR 2l AU 45 -BL,M,42.70117473779855,9.700065018201618
201800047167,NonLethal,2018-01-19,18:00:00,NightStreelightsOn,202,37,Yes,NoIntersection,Normal,NoCollision,T11,M,42.61824280082731,9.61887520209034
201800047168,NonLethal,2018-01-26,17:55:00,NightNoStreetLight,202,33,Yes,Other,Normal,Other,AV DE LA LIBERATION,M,42.68172296212538,9.68320304402588
201800047169,NonLethal,2018-01-28,11:25:00,Daylight,202,33,Yes,NoIntersection,Normal,2Vehicles-Side,Rue François Lota,M,42.66477009262296,9.664247504893472
201800047170,NonLethal,2018-01-29,14:00:00,Daylight,202,33,Yes,LevelCrossing,Normal,Other,VEZZANI - RUE CESAR,M,42.6859804537041,9.686871016064558
201800047171,NonLethal,2018-01-31,16:00:00,Daylight,202,120,Yes,NoIntersection,Normal,2Vehicles-Behind,IMPERIALE (Route),M,42.66438064154999,9.662557690035438
201800047172,NonLethal,2018-01-31,17:15:00,Daylight,202,33,Yes,NoIntersection,Normal,3+Vehicles-Chain,TUNNEL,M,42.69412403964455,9.696231224206752
201800047173,NonLethal,2018-03-02,19:55:00,NightNoStreetLight,202,33,No,NoIntersection,Normal,2Vehicles-Side,ROUTE ROYALE,M,42.68103615415843,9.68067815290783
201800047174,NonLethal,2018-02-08,07:57:00,TwilightOrDawn,202,120,Yes,NoIntersection,VeryGood,2Vehicles-Behind,Av. Sampiero Corso T11,M,42.65484394197004,9.655197865080336
201800047175,NonLethal,2018-02-08,12:55:00,Daylight,202,353,No,NoIntersection,Normal,2Vehicles-Side,CAP - ROUTE DU CAP,M,42.71661395848742,9.716325063125836
201800047176,NonLethal,2018-02-13,10:00:00,Daylight,202,33,Yes,NoIntersection,LightRain,Other,"1, PAOLI DU NR 1 A 20 -",M,42.696051515076704,9.695556010491256
201800047177,NonLethal,2018-02-22,19:00:00,NightStreelightsOn,202,33,Yes,NoIntersection,HeavyRain,Other,SARI - AV EMILE,M,42.70352355119445,9.70277017687995
201800047178,NonLethal,2018-02-26,09:45:00,Daylight,202,33,Yes,NoIntersection,Overcast,2Vehicles-Behind,TOUTES RUES,M,42.67159026994895,9.671336470430523
201800047179,NonLethal,2018-03-01,12:25:00,Daylight,202,33,Yes,Roundabout,FogOrSmoke,Other,ROUTE ROYALE,M,42.68081993819018,9.679406029589984
201800047181,NonLethal,2018-03-04,16:10:00,Daylight,202,33,Yes,NoIntersection,LightRain,2Vehicles-Behind,"179, AV DE LA LIBERATION",M,42.68266773435378,9.68331422210979
201800047182,NonLethal,2018-03-04,19:55:00,NightStreelightsOn,202,33,Yes,NoIntersection,LightRain,2Vehicles-Behind,ROUTE ROYALE,M,42.67639383138517,9.676641873838546
201800047183,NonLethal,2018-03-15,19:05:00,NightStreelightsOn,202,33,Yes,NoIntersection,Normal,2Vehicles-Behind,TUNNEL,,,
201800047184,NonLethal,2018-03-23,11:10:00,Daylight,202,33,Yes,NoIntersection,Normal,Other,Parking livraison U,M,42.67611796327807,9.676252102594413
201800047185,NonLethal,2018-03-25,07:50:00,TwilightOrDawn,202,120,Yes,X-type,Normal,2Vehicles-Side,"0, IMPERIALE (Route) D46",M,42.63830047050858,9.639038637709271
201800047186,NonLethal,2018-03-28,09:30:00,Daylight,202,33,Yes,Roundabout,Normal,2Vehicles-Behind,RD POINT TOGA,M,42.70781380550464,9.706618406429468
201800047188,NonLethal,2018-03-30,16:17:00,Daylight,202,33,Yes,T-type,Normal,2Vehicles-BehindVehicles-Frontal,ST FLORENT-ANCIENNE RT D,M,42.68294668307581,9.681574673924011
201800047189,NonLethal,2018-02-04,05:11:00,NightStreelightsOn,202,33,No,Roundabout,Normal,NoCollision,ERBAJOLO,M,42.66265605886778,9.664148419990925
201800047190,NonLethal,2018-04-02,19:20:00,Daylight,202,33,Yes,T-type,Normal,2Vehicles-Side,AV DE LA LIBERATION,M,42.68081702166722,9.67917032858456
201800047191,NonLethal,2018-09-04,20:20:00,NightStreelightsOff,202,33,Yes,NoIntersection,Normal,2Vehicles-Side,SAMPIERO CORSO - AV,M,42.67048111120156,9.669624770297348
201800047192,NonLethal,2018-04-11,17:15:00,TwilightOrDawn,202,33,Yes,Roundabout,HeavyRain,NoCollision,SAMPIERO CORSO - AV,M,42.67781619591352,9.67944447062346
201800047193,NonLethal,2018-04-14,09:55:00,Daylight,202,33,Yes,NoIntersection,Normal,2Vehicles-Side,AV DE LA LIBERATION,M,42.679966469692445,9.680178828538452
201800047194,NonLethal,2018-04-22,18:40:00,Daylight,202,120,Yes,NoIntersection,Normal,Other,MARANA (ROUTE),M,42.63848538936709,9.635870565524996
201800047196,NonLethal,2018-04-26,19:15:00,Daylight,202,37,No,NoIntersection,Normal,2Vehicles-Side,11 - RT,M,42.60882623426466,9.608141539839451
201800047197,NonLethal,2018-04-30,11:00:00,Daylight,202,33,Yes,Other,Normal,Other,MIOT - RUE,M,42.69908143393513,9.699972036162553
201800047198,NonLethal,2018-05-01,14:35:00,Daylight,202,37,Yes,NoIntersection,LightRain,2Vehicles-Behind,11 - RT,M,42.628109967605816,9.627975447753077
201800047199,NonLethal,2018-05-05,15:44:00,Daylight,202,120,Yes,NoIntersection,Normal,2Vehicles-Behind,11 - RT,M,42.65173690467578,9.654032359121896
201800047200,NonLethal,2018-05-05,16:11:00,Daylight,202,33,Yes,NoIntersection,Normal,2Vehicles-Behind,11 - RT,M,42.67464151343876,9.674126083992563
201800047201,NonLethal,2018-05-08,16:10:00,Daylight,202,33,Yes,NoIntersection,Normal,Other,11 - RT,M,42.66863750121452,9.66955155974053
201800047202,NonLethal,2018-11-05,02:00:00,NightStreelightsOn,202,120,No,NoIntersection,Normal,2Vehicles-Behind,11 - RT,M,42.656078495867874,9.658041618007545
201800047203,NonLethal,2018-05-15,21:04:00,NightStreelightsOn,202,33,Yes,Other,Normal,NoCollision,LUPINO,M,42.67613258487409,9.675469278763035
201800047204,NonLethal,2018-05-20,05:14:00,TwilightOrDawn,202,33,Yes,NoIntersection,Normal,NoCollision,CHANOINE LESCHI - RUE,M,42.703643062527526,9.704657813560756
201800047205,NonLethal,2018-05-22,17:00:00,Daylight,202,37,Yes,NoIntersection,LightRain,3+Vehicles-Chain,11 - RT,M,42.62110862167325,9.619151069054084
201800047206,NonLethal,2018-05-22,19:25:00,Daylight,202,37,No,NoIntersection,LightRain,2Vehicles-Behind,11 - RT,M,42.60097593098868,9.599426154606778
201800047207,NonLethal,2018-05-29,10:00:00,Daylight,202,37,Yes,NoIntersection,Normal,Other,Parking boulangerie,M,42.61721453732262,9.6161670727178
201800047208,NonLethal,2018-05-29,16:40:00,Daylight,202,33,Yes,NoIntersection,Normal,2Vehicles-BehindVehicles-Frontal,FRANCOIS VITTORI,M,42.6801837272282,9.67832853885654
201800047209,NonLethal,2018-05-31,16:15:00,Daylight,202,33,Yes,NoIntersection,Normal,2Vehicles-Side,AV DE LA LIBERATION,M,42.68483269063215,9.684929861934108
201800047210,NonLethal,2018-03-06,15:28:00,Daylight,202,33,Yes,NoIntersection,Normal,NoCollision,ROUTE ROYALE,M,42.681156799583576,9.682174837876063
201800047211,NonLethal,2018-06-03,22:52:00,NightStreelightsOn,202,33,Yes,Roundabout,Normal,NoCollision,NOGUES,M,42.701931366720544,9.702144532970756
201800047212,NonLethal,2018-04-06,19:25:00,Daylight,202,120,No,NoIntersection,Normal,Other,11 - RT,M,42.64952265120228,9.648251718813746
201800047214,NonLethal,2018-06-07,20:04:00,Daylight,202,33,Yes,Other,Normal,2Vehicles-Behind,FAVALE - COURS,M,42.695315549121766,9.694357961412653
201800047215,NonLethal,2018-08-06,10:48:00,Daylight,202,120,No,NoIntersection,Normal,3+Vehicles-Chain,11 - RT,M,42.65911326063618,9.66053049612519
201800047216,NonLethal,2018-12-06,18:56:00,TwilightOrDawn,202,33,Yes,NoIntersection,Normal,Other,SEBASTIANI  - AVENUE,M,42.70153509047006,9.702451573892253
201800047217,NonLethal,2018-06-15,18:00:00,Daylight,202,265,No,NoIntersection,VeryGood,2Vehicles-Behind,TOUTES RUES,M,42.59712573867763,9.596000840487005
201800047218,NonLethal,2018-06-16,07:23:00,Daylight,202,37,No,Roundabout,Normal,2Vehicles-Side,11 - RT,M,42.59542241584378,9.593165295320954
201800047220,NonLethal,2018-06-16,11:50:00,Daylight,202,33,Yes,NoIntersection,Normal,2Vehicles-Side,11 - RT,M,42.66462438643933,9.664010613929028
201800047221,NonLethal,2018-06-18,08:44:00,Daylight,202,37,Yes,NoIntersection,Normal,2Vehicles-Behind,TOUTES RUES,M,42.622321974514406,9.62315948129973
201800047222,NonLethal,2018-06-19,19:00:00,TwilightOrDawn,202,33,Yes,NoIntersection,Normal,Other,SEBASTIANI  - AVENUE,M,42.70292987910095,9.700832640481808
201800047223,NonLethal,2018-06-22,17:10:00,Daylight,202,120,Yes,NoIntersection,Normal,2Vehicles-Behind,IMPERIALE - ROUTE,M,42.646152147145166,9.643227918340951
201800047224,NonLethal,2018-06-22,19:00:00,Daylight,202,120,Yes,T-type,Normal,2Vehicles-Behind,SAMPIERO CORSO - AV,M,42.64702633347676,9.64492895600153
201800047226,NonLethal,2018-07-02,20:30:00,NightStreelightsOn,202,33,Yes,NoIntersection,Normal,Other,DANESI - BLD BENOITE,M,42.69488656925581,9.696911394202836
201800047227,NonLethal,2018-07-04,16:53:00,Daylight,202,37,Yes,Roundabout,Normal,2Vehicles-Side,11 - RT,M,42.59362676706489,9.595499012462998
201800047229,NonLethal,2018-07-06,23:00:00,NightStreelightsOn,202,33,Yes,T-type,Normal,2Vehicles-Side,AV DE LA LIBERATION,M,42.67949232847832,9.680199922346011
201800047230,NonLethal,2018-09-07,17:22:00,Daylight,202,33,Yes,NoIntersection,Normal,3+Vehicles-Multiple,VEZZANI - RUE CESAR,M,42.69153529349675,9.69110122621782
201800047232,NonLethal,2018-10-07,17:30:00,Daylight,202,33,Yes,NoIntersection,Normal,3+Vehicles-Chain,11 - RT,M,42.66821694244871,9.669183183537283
201800047234,NonLethal,2018-11-07,23:05:00,NightNoStreetLight,202,37,No,NoIntersection,Normal,2Vehicles-Behind,11 - RT,M,42.60310990526041,9.603012997321668
201800047235,NonLethal,2018-07-12,18:50:00,Daylight,202,33,Yes,NoIntersection,Normal,2Vehicles-Behind,11 - RT,M,42.6716488213773,9.671362000594932
201800047236,NonLethal,2018-07-14,11:45:00,Daylight,202,33,Yes,NoIntersection,Normal,Other,DE MONTERA - BD HYACINTE,M,42.69462762228582,9.698309224570632
201800047237,NonLethal,2018-07-18,18:10:00,Daylight,202,33,Yes,NoIntersection,Normal,2Vehicles-Side,AV DE LA LIBERATION,M,42.67931413499034,9.680729966607068
201800047238,NonLethal,2018-07-19,10:30:00,Daylight,202,33,Yes,X-type,Normal,2Vehicles-Side,ROUTE ROYALE,M,42.67555674135052,9.676795469606304
201800047240,NonLethal,2018-07-20,22:07:00,NightStreelightsOn,202,33,Yes,NoIntersection,Normal,Other,TUNNEL - PASSERELLE NORD,M,42.69534899701764,9.695233657062188
201800047241,NonLethal,2018-07-21,06:30:00,Daylight,202,37,No,Other,Normal,2Vehicles-Behind,RT11,M,42.593972344541,9.593603821534831
201800047242,NonLethal,2018-07-24,18:00:00,Daylight,202,353,Yes,Other,Normal,2Vehicles-BehindVehicles-Frontal,PIETRABUGNO - ROUTE DE,M,42.71182362808395,9.711083727750871
201800047243,NonLethal,2018-07-26,18:15:00,Daylight,202,37,Yes,NoIntersection,Normal,2Vehicles-BehindVehicles-Frontal,TOUTES RUES,M,42.63102465403358,9.62891917728394
201800047246,NonLethal,2018-02-08,10:45:00,Daylight,202,33,Yes,NoIntersection,Normal,2Vehicles-Behind,SAMPIERO CORSO - AV,M,42.67769457679511,9.676086819152973
201800047247,NonLethal,2018-08-06,03:50:00,NightNoStreetLight,202,37,No,NoIntersection,Normal,Other,T11,M,42.60148342941244,9.602179427564757
201800047248,NonLethal,2018-08-07,08:30:00,Daylight,202,37,No,NoIntersection,Normal,3+Vehicles-Multiple,MARANA (ROUTE),M,42.62580937358874,9.626407502384808
201800047250,NonLethal,2018-08-08,13:50:00,Daylight,202,120,Yes,NoIntersection,Normal,3+Vehicles-Chain,11 - RT,M,42.65356431560659,9.65212938935644
201800047252,NonLethal,2018-08-11,17:50:00,Daylight,202,120,Yes,NoIntersection,Normal,2Vehicles-Side,11 - RT,M,42.65464230088137,9.65539668115595
201800047253,NonLethal,2018-08-14,00:25:00,NightStreelightsOn,202,33,Yes,NoIntersection,Normal,2Vehicles-Side,SAMPIERO CORSO - AV,M,42.67899530108146,9.677225494972566
201800047254,NonLethal,2018-08-15,23:00:00,NightNoStreetLight,202,120,Yes,NoIntersection,Normal,Other,IMPERIALE (Route) D464,M,42.657946057362615,9.65628990053143
201800047256,NonLethal,2018-08-25,17:15:00,Daylight,202,353,Yes,NoIntersection,Normal,2Vehicles-BehindVehicles-Frontal,SAINT VICTOR -RUE,M,42.71203780625872,9.711132260632333
201800047257,Lethal,2018-08-27,22:45:00,NightNoStreetLight,202,33,No,NoIntersection,Normal,NoCollision,PIETRABUGNO - ROUTE DE,M,42.69977526219349,9.700722874348925
201800047258,NonLethal,2018-08-31,15:00:00,Daylight,202,37,Yes,NoIntersection,Normal,3+Vehicles-Chain,T11,M,42.62468402106425,9.622401765195525
201800047259,NonLethal,2018-03-09,10:40:00,Daylight,202,33,Yes,NoIntersection,Normal,3+Vehicles-Chain,11 - RT,M,42.67458518194438,9.67196065009514
201800047260,NonLethal,2018-03-09,13:58:00,Daylight,202,353,Yes,NoIntersection,Normal,2Vehicles-Side,Ch. Ste Lucie,M,42.707171447427605,9.70830553340128
201800047261,NonLethal,2018-03-09,15:45:00,Daylight,202,33,Yes,NoIntersection,Normal,Other,ANNONCIADE - CHEMIN DE L,M,42.7056749629848,9.706600238062226
201800047262,NonLethal,2018-05-09,07:08:00,Daylight,202,33,Yes,NoIntersection,Normal,2Vehicles-Side,11 - RT,M,42.66693280741513,9.665692122671842
201800047263,NonLethal,2018-07-09,07:10:00,Daylight,202,33,Yes,X-type,Normal,2Vehicles-Side,Rue C. COLOMBANI,M,42.70259034157325,9.702606070738536
201800047264,NonLethal,2018-07-09,15:10:00,Daylight,202,33,Yes,Roundabout,Normal,Other,FORT DE TOGA (RUE DU),M,42.70679075014738,9.708760463784312
201800047266,NonLethal,2018-09-08,11:20:00,Daylight,202,33,Yes,NoIntersection,Normal,2Vehicles-Behind,11 - RT,M,42.69999738812109,9.69832287221744
201800047268,NonLethal,2018-09-11,09:44:00,Daylight,202,33,Yes,X-type,Normal,2Vehicles-Side,PAOLI DU NR 1 A 20 - BLD,M,42.69891083578122,9.699243012893277
201800047269,NonLethal,2018-12-09,23:30:00,NightNoStreetLight,202,33,No,NoIntersection,Normal,NoCollision,ST FLORENT-ANCIENNE RT D,M,42.68683980349204,9.6876034360137
201800047270,NonLethal,2018-09-19,16:35:00,Daylight,202,33,Yes,NoIntersection,Normal,2Vehicles-Behind,SARI - AV EMILE,M,42.70357927410844,9.704649906213003
201800047271,NonLethal,2018-09-25,14:03:00,Daylight,202,33,Yes,Other,Normal,2Vehicles-BehindVehicles-Frontal,MAGDELENA - RUE SANTA,M,42.67969348367506,9.680590835236783
201800047272,NonLethal,2018-09-26,14:00:00,Daylight,202,33,Yes,NoIntersection,Normal,Other,LUCE DE CASABIANCA -RUE,M,42.70510540887312,9.704400393007637
201800047274,NonLethal,2018-01-10,18:00:00,Daylight,202,33,Yes,NoIntersection,Normal,2Vehicles-Side,AV DE LA LIBERATION,M,42.67901580908028,9.678785623984442
201800047275,NonLethal,2018-02-10,12:05:00,Daylight,202,120,Yes,NoIntersection,Overcast,3+Vehicles-Chain,TOUTES RUES,M,42.66110166767697,9.658844173686171
201800047276,NonLethal,2018-08-10,15:22:00,Daylight,202,33,Yes,T-type,Normal,2Vehicles-Side,MARTYRS - QUAI DES,M,42.69768338681278,9.697150027735557
201800047277,NonLethal,2018-09-10,08:10:00,Daylight,202,33,No,NoIntersection,Normal,2Vehicles-Side,ST FLORENT-ANCIENNE RT D,M,42.68936449486738,9.69026460132557
201800047279,NonLethal,2018-10-13,17:35:00,Daylight,202,33,Yes,Other,Normal,2Vehicles-Behind,AV DE LA LIBERATION,M,42.68126635642084,9.681552944933092