AccidentId,Gravity,Date,Hour,Light,Department,Commune,InAgglomeration,IntersectionType,Weather,CollisionType,PostalAddress,GPSCode,Latitude,Longitude
201800047280,NonLethal,2018-10-18,07:40:00,Daylight,202,120,Yes,NoIntersection,Normal,3+Vehicles-Chain,11 - RT,M,42.64974869465946,9.650286966113793
201800047281,NonLethal,2018-10-19,13:50:00,Daylight,202,33,Yes,NoIntersection,Normal,2Vehicles-Behind,IMPERIALE - ROUTE,M,42.66905956688337,9.669863802668017
201800047283,NonLethal,2018-10-24,10:59:00,Daylight,202,33,Yes,NoIntersection,Normal,Other,ANNONCIADE - CHEMIN DE L,M,42.705067207029145,9.70448675522959
201800047285,NonLethal,2018-10-26,11:30:00,Daylight,202,33,Yes,NoIntersection,Normal,2Vehicles-Side,11 - RT,M,42.655152158329614,9.654252532438791
201800047286,NonLethal,2018-02-11,11:45:00,Daylight,202,33,Yes,NoIntersection,HeavyRain,Other,11 - RT,M,42.69717520087875,9.697489198743495
201800047287,NonLethal,2018-12-11,18:20:00,NightStreelightsOn,202,120,Yes,NoIntersection,Normal,2Vehicles-Behind,11 - RT,M,42.658314195750535,9.657289956924902
201800047289,NonLethal,2018-11-16,12:15:00,Daylight,202,120,No,NoIntersection,Normal,2Vehicles-Behind,11 - RT,M,42.65650643114464,9.657720424139912
201800047290,NonLethal,2018-11-16,18:46:00,NightStreelightsOn,202,33,Yes,NoIntersection,Normal,Other,ROUTE ROYALE,M,42.67542793234408,9.677087305319729
201800047291,NonLethal,2018-11-17,15:58:00,Daylight,202,33,Yes,T-type,Normal,2Vehicles-Side,AV DE LA LIBERATION,M,42.682453110594096,9.680419009644758
201800047292,NonLethal,2018-11-26,17:44:00,NightNoStreetLight,202,120,Yes,NoIntersection,Normal,Other,IMPERIALE (Route) D464,M,42.65774301439804,9.657716927052812
201800047294,NonLethal,2018-11-28,08:55:00,Daylight,202,33,Yes,NoIntersection,Normal,2Vehicles-Behind,11 - RT,M,42.694768311810826,9.693833210514592
201800047295,NonLethal,2018-11-29,11:05:00,Daylight,202,120,Yes,NoIntersection,Normal,Other,STADE (Route du) D764,M,42.65118447013518,9.65195599253027
201800047296,NonLethal,2018-11-30,14:50:00,Daylight,202,33,Yes,X-type,Normal,2Vehicles-Side,ROUTE ROYALE,M,42.675896848265005,9.673897028996132
201800047297,NonLethal,2018-01-12,03:13:00,NightStreelightsOn,202,353,Yes,Other,Normal,NoCollision,CAP - ROUTE DU CAP,M,42.71277324432015,9.712555310702612
201800047298,NonLethal,2018-04-12,20:10:00,NightNoStreetLight,202,120,No,NoIntersection,Normal,NoCollision,11 - RT,M,42.64098342725711,9.64074904470469
201800047299,NonLethal,2018-12-05,11:30:00,Daylight,202,33,Yes,NoIntersection,Normal,Other,PIERANGELLI -COURS,M,42.69709804857197,9.697992095553296
201800047300,NonLethal,2018-11-12,10:00:00,Daylight,202,33,Yes,NoIntersection,Normal,Other,MONTE PIANO -CHEMIN DE,M,42.70093507245607,9.701897281338248
201800047302,NonLethal,2018-12-15,13:50:00,Daylight,202,33,No,NoIntersection,Normal,Other,Chemin de Pinello,M,42.67884280089701,9.675084361280604
201800047303,NonLethal,2018-12-17,08:05:00,Daylight,202,120,No,NoIntersection,LightRain,3+Vehicles-Chain,11 - RT,M,42.65183094205857,9.649008915043275
201800047305,NonLethal,2018-01-01,05:10:00,NightStreelightsOn,690,152,Yes,MoreThan4Branches,Overcast,NoCollision,", EUROPE (DE L')",M,45.70359302826646,4.702904232915519
201800047306,NonLethal,2018-03-01,18:00:00,NightStreelightsOn,690,142,Yes,NoIntersection,Normal,2Vehicles-Behind,"55, STEPHANE DECHANT",M,45.72738469745844,4.725589954412028
201800047307,NonLethal,2018-05-01,14:25:00,Daylight,690,389,Yes,X-type,Normal,2Vehicles-Side,"128, SIDOINE APPOLINAIRE",M,45.76465464738215,4.76422251901447
201800047308,NonLethal,2018-05-01,18:00:00,NightStreelightsOn,690,34,Yes,NoIntersection,Normal,3+Vehicles-Chain,GENERAL LECLERC,M,45.8034103038864,4.802405216584873
201800047309,Lethal,2018-07-01,04:05:00,NightStreelightsOn,690,389,Yes,NoIntersection,Normal,Other,PORT MOUTON (DU),M,45.773058602782434,4.773433229065065
201800047310,NonLethal,2018-09-01,14:45:00,Daylight,690,34,Yes,NoIntersection,Overcast,Other,PEUPLIERS (DES),M,45.79720094543375,4.797648215996826
201800047311,NonLethal,2018-09-01,18:25:00,NightStreelightsOn,690,382,Yes,T-type,Normal,2Vehicles-Side,MARECHAL JOFFRE (DU),M,45.752184353445045,4.750838077466771
201800047312,NonLethal,2018-01-10,19:25:00,NightStreelightsOn,690,389,Yes,NoIntersection,Normal,Other,"50, ST CYR (DE)",M,45.78111249023088,4.783928027201628
201800047314,NonLethal,2018-01-11,13:00:00,Daylight,690,382,Yes,NoIntersection,Normal,Other,PLAT (DU),M,45.75612145817995,4.757960668150744
201800047315,NonLethal,2018-01-11,14:45:00,Daylight,690,389,Yes,NoIntersection,Normal,2Vehicles-Side,"13, PIERRE SCIZE",M,45.76730424320807,4.766440091983287
201800047316,NonLethal,2018-01-11,16:10:00,Daylight,690,382,Yes,NoIntersection,Normal,Other,"40, DOCTEUR GAILLETON (D",M,45.74913855350181,4.749993798657374
201800047317,NonLethal,2018-01-12,16:42:00,Daylight,690,149,Yes,NoIntersection,Normal,Other,"63, GRANDE RUE",M,45.716762301250405,4.716804211879608
201800047319,NonLethal,2018-01-14,00:30:00,NightStreelightsOn,690,286,Yes,NoIntersection,Normal,Other,"11, GENERAL LECLERC",M,45.81369782092671,4.8132300216892725
201800047320,NonLethal,2018-01-15,01:10:00,NightStreelightsOn,690,142,Yes,NoIntersection,Normal,Other,"80, STEPHANE DECHANT",M,45.726343971874456,4.724548618588334
201800047321,NonLethal,2018-01-15,14:00:00,Daylight,690,34,Yes,NoIntersection,Normal,2Vehicles-BehindVehicles-Frontal,"3, PETIT VERSAILLES (DU)",M,45.789320200137645,4.7895654551551
201800047322,NonLethal,2018-01-16,07:50:00,NightStreelightsOn,690,382,Yes,NoIntersection,LightRain,2Vehicles-Behind,TREMIE Nø6,M,45.74947335518264,4.749377583424578
201800047323,NonLethal,2018-01-16,18:05:00,NightStreelightsOn,690,34,Yes,T-type,LightRain,2Vehicles-Side,STRASBOURG (DE),M,45.79005933849595,4.7924751979891465
201800047324,NonLethal,2018-01-16,20:50:00,NightNoStreetLight,690,152,Yes,NoIntersection,LightRain,2Vehicles-Side,BARRAGE,M,45.69485494520204,4.694779421863916
201800047326,NonLethal,2018-01-16,12:10:00,Daylight,690,34,Yes,NoIntersection,Normal,2Vehicles-Side,"400, CANUTS (DES)",M,45.78456511410904,4.783965997976939
201800047327,NonLethal,2018-01-16,13:00:00,Daylight,690,385,Yes,NoIntersection,LightRain,NoCollision,"30, CHOULANS (DE)",M,45.75398199760453,4.752779012466526
201800047328,NonLethal,2018-01-18,08:30:00,Daylight,690,286,Yes,NoIntersection,Normal,Other,"26, EUROPE (DE L')",M,45.81404287022424,4.8131535876571405
201800047329,NonLethal,2018-01-18,10:35:00,Daylight,690,382,Yes,T-type,Normal,2Vehicles-Side,"37, BELLECOUR",M,45.75960281064905,4.759330980682696
201800047330,NonLethal,2018-01-17,12:25:00,Daylight,690,389,Yes,NoIntersection,Overcast,Other,DOCKS (DES),M,45.789147524046136,4.787172703310122
201800047331,NonLethal,2018-01-17,07:58:00,Daylight,690,34,Yes,Other,Normal,Other,WETTE FAYS (DE),M,45.787378816451245,4.78559333519494
201800047332,NonLethal,2018-01-15,18:29:00,NightStreelightsOn,690,34,Yes,NoIntersection,LightRain,Other,PIERRE BRUNIER,M,45.78512371635132,4.786098610404005
201800047333,NonLethal,2018-01-19,21:00:00,NightStreelightsOn,690,389,Yes,NoIntersection,Overcast,NoCollision,"11, MOUILLARD",M,45.78441771148163,4.784537762184052
201800047334,NonLethal,2018-01-16,19:35:00,TwilightOrDawn,690,382,Yes,NoIntersection,Normal,3+Vehicles-Chain,MARECHAL JOFFRE (DU),M,45.75259902748252,4.751751678423913
201800047335,NonLethal,2018-01-20,19:20:00,NightStreelightsOn,690,389,Yes,NoIntersection,LightRain,Other,BARTHELEMY BUYER,M,45.76226242770935,4.762045193324732
201800047337,NonLethal,2018-01-20,20:00:00,NightStreelightsOn,690,389,Yes,NoIntersection,LightRain,2Vehicles-Side,"19, ARLOING",M,45.77257381363359,4.771617132534348
201800047339,NonLethal,2018-01-22,08:05:00,TwilightOrDawn,690,34,Yes,NoIntersection,Overcast,Other,"1O, JEAN PETIT",M,45.80540765223165,4.803514047898152
201800047341,NonLethal,2018-01-22,13:10:00,Daylight,690,34,Yes,T-type,LightRain,2Vehicles-Side,ECLUSE (DE L'),M,45.79359012792232,4.793504086898582
201800047342,NonLethal,2018-01-22,16:30:00,Daylight,690,34,Yes,NoIntersection,LightRain,Other,"1, MARECHAL FOCH (DU)",M,45.78886225872436,4.789190961835391
201800047343,NonLethal,2018-01-23,16:50:00,Daylight,690,152,Yes,NoIntersection,Normal,2Vehicles-Side,"25, MURIERS (DES)",M,45.69358341407929,4.694748808358509
201800047344,NonLethal,2018-01-23,09:10:00,Daylight,690,385,Yes,NoIntersection,Normal,NoCollision,CHEMIN NEUF (DU),M,45.76069333981156,4.76070259568774
201800047345,NonLethal,2018-01-26,07:55:00,TwilightOrDawn,690,286,Yes,NoIntersection,HeavyRain,Other,"58, EUROPE (DE L')",M,45.81646642115294,4.820371323086476
201800047347,NonLethal,2018-01-26,09:30:00,Daylight,690,202,Yes,NoIntersection,HeavyRain,2Vehicles-Behind,VALIOUD,M,45.7359433454253,4.736802715728475
201800047348,NonLethal,2018-01-26,19:55:00,NightStreelightsOn,690,389,Yes,X-type,HeavyRain,NoCollision,"1, GARE D'EAU (DE LA)",M,45.78119397848384,4.782264611319855
201800047349,NonLethal,2018-01-26,21:36:00,NightStreelightsOn,690,149,Yes,NoIntersection,HeavyRain,Other,"67, GRANDE RUE",M,45.7164585887972,4.716054997402964
201800047350,NonLethal,2018-01-29,10:30:00,Daylight,690,385,Yes,NoIntersection,LightRain,2Vehicles-BehindVehicles-Frontal,"30, CHOULANS (DE)",M,45.75351788385564,4.753023090188992
201800047351,NonLethal,2018-01-29,16:54:00,Daylight,690,389,Yes,NoIntersection,Normal,Other,GARE DE VAISE (ESPLANADE,M,45.781919050747945,4.779973095640398
201800047352,NonLethal,2018-01-29,16:20:00,Daylight,690,34,Yes,T-type,Normal,2Vehicles-Side,PASTEUR,M,45.79538356272639,4.795376769309876
201800047353,NonLethal,2018-01-30,08:50:00,Daylight,690,382,Yes,NoIntersection,Overcast,Other,CELESTINS (DES),M,45.75946051152636,4.755946641044886
201800047354,NonLethal,2018-01-31,13:20:00,Daylight,690,152,Yes,T-type,Normal,2Vehicles-Side,"11, EMILE ZOLA",M,45.70429869588256,4.70494848259129
201800047355,NonLethal,2018-01-31,11:10:00,Daylight,690,382,Yes,NoIntersection,Normal,2Vehicles-Side,"11, PERRACHE",M,45.745489778894665,4.747679816708617
201800047356,NonLethal,2018-01-02,08:40:00,Daylight,690,389,Yes,NoIntersection,LightRain,NoCollision,"207, 25EME REGIMENT DE T",M,45.79134759524262,4.7907825954738925
201800047357,NonLethal,2018-02-01,16:40:00,Daylight,690,385,Yes,X-type,Normal,Other,"98-100, DOCTEUR EDMOND L",M,45.75886640422099,4.76042066818489
201800047358,NonLethal,2018-01-31,13:20:00,Daylight,690,385,Yes,NoIntersection,Normal,2Vehicles-Side,"157, BARTHELEMY BUYER",M,45.76277087130247,4.762769182565008
201800047360,NonLethal,2018-01-31,18:13:00,NightStreelightsOn,690,34,Yes,T-type,Normal,2Vehicles-Behind,CREPIEUX (DE),M,45.80132299438066,4.800304967197854
201800047361,NonLethal,2018-04-02,09:05:00,Daylight,690,149,Yes,NoIntersection,Normal,NoCollision,"72, GRANDE RUE",M,45.71689979397225,4.71707801868933
201800047362,NonLethal,2018-06-02,11:45:00,Daylight,690,202,Yes,X-type,Normal,Other,11 NOVEMBRE (DU),M,45.7389659630935,4.739462821222921
201800047363,NonLethal,2018-02-06,12:50:00,Daylight,690,389,Yes,NoIntersection,Overcast,NoCollision,25EME REGIMENT DE TIRAIL,M,45.78299589485073,4.782625425517338
201800047364,NonLethal,2018-07-02,14:45:00,Daylight,690,385,Yes,NoIntersection,SnowOrHail,Other,"71, JOLIOT CURIE",M,45.75380405457687,4.755971456704282
201800047365,NonLethal,2018-07-02,14:25:00,Daylight,690,81,Yes,NoIntersection,SnowOrHail,NoCollision,"5, COLLOVRIER (DU)",M,45.7901516110073,4.789568224381327
201800047368,NonLethal,2018-02-08,20:10:00,NightStreelightsOn,690,149,Yes,NoIntersection,Normal,2Vehicles-Side,JEAN JAURES,M,45.71252240179945,4.711932488167306
201800047369,NonLethal,2018-02-09,20:50:00,NightStreelightsOn,690,381,Yes,NoIntersection,LightRain,2Vehicles-Behind,POUTEAU,M,45.77154694630137,4.7733995400034335
201800047370,NonLethal,2018-02-10,18:45:00,NightStreelightsOn,690,384,Yes,NoIntersection,Normal,2Vehicles-Behind,TUNNEL DE LA CROIX ROUSS,M,45.77386468393158,4.774311769185865
201800047371,NonLethal,2018-11-02,13:48:00,Daylight,690,389,Yes,Y-type,LightRain,2Vehicles-BehindVehicles-Frontal,"120, ST CYR (DE)",M,45.7880387394109,4.7854878610279705
201800047373,NonLethal,2018-12-02,14:15:00,Daylight,690,382,Yes,X-type,SnowOrHail,2Vehicles-Side,"14, GROLEE",M,45.75877411647732,4.760423802400855
201800047374,NonLethal,2018-02-12,14:00:00,Daylight,690,384,Yes,NoIntersection,Normal,Other,BD DE LA CROIX ROUSS,M,45.775019289136814,4.7746127722958045
201800047375,NonLethal,2018-02-01,05:30:00,NightStreelightsOn,690,389,Yes,NoIntersection,LightRain,Other,"21, DOCTEUR RAFIN (DU)",M,45.76731063048841,4.764955343845382
201800047376,NonLethal,2018-02-13,07:55:00,TwilightOrDawn,690,382,Yes,X-type,Normal,2Vehicles-Side,"10, SUCHET",M,45.747803013765335,4.746935942681717
201800047377,NonLethal,2018-02-13,13:25:00,Daylight,690,34,Yes,NoIntersection,Normal,2Vehicles-BehindVehicles-Frontal,"137, GENERAL DE GAULLE",M,45.81702765345395,4.815076742760523
201800047378,NonLethal,2018-02-15,18:55:00,NightStreelightsOn,690,81,Yes,NoIntersection,Normal,Other,"39, VERNIQUE (DE LA )",M,45.76777535755082,4.76810021937078
201800047379,NonLethal,2018-02-17,13:05:00,Daylight,690,152,Yes,Other,HeavyRain,2Vehicles-Behind,MURIERS (DES),M,45.694766213857264,4.696358245503447
201800047381,NonLethal,2018-02-17,10:00:00,Daylight,690,152,Yes,NoIntersection,LightRain,2Vehicles-Behind,"l6, JULES GUESDE",M,45.69719090172743,4.699477384983621
201800047383,NonLethal,2018-02-17,17:30:00,TwilightOrDawn,690,152,Yes,NoIntersection,LightRain,2Vehicles-Behind,"25, MURIERS (DES)",M,45.6950307447438,4.694460012408505
201800047384,NonLethal,2018-02-15,19:30:00,NightStreelightsOn,690,34,Yes,NoIntersection,Normal,3+Vehicles-Chain,"22, PIERRE BRUNIER",M,45.80032183095457,4.799257928371416
201800047385,NonLethal,2018-02-18,16:50:00,Daylight,690,382,Yes,T-type,Overcast,2Vehicles-Side,"3, CORDELIERS (DES)",M,45.76385503429321,4.764826215162457
201800047386,Lethal,2018-02-19,15:14:00,Daylight,690,389,No,NoIntersection,Normal,Other,PROFESSEUR PATEL (DU),M,45.76553069359024,4.763517555439344
201800047387,NonLethal,2018-02-20,16:00:00,Daylight,690,34,Yes,Square,Normal,Other,PIERRE TERRASSE,M,45.80040024258432,4.797559430811386
201800047388,NonLethal,2018-02-17,20:00:00,NightStreelightsOn,690,34,Yes,X-type,Normal,2Vehicles-Side,"26, BALME BARON (DE)",M,45.801154135977605,4.799524734103235
201800047389,NonLethal,2018-02-21,18:50:00,NightStreelightsOn,690,385,Yes,NoIntersection,Normal,NoCollision,"33, CHOULANS (DE)",M,45.75291620799456,4.750411837072318
201800047390,NonLethal,2018-02-23,18:25:00,TwilightOrDawn,690,202,Yes,T-type,Normal,Other,"23, GENSOUL",M,45.73464918755416,4.734298457198464
201800047391,NonLethal,2018-02-24,14:00:00,Daylight,690,389,Yes,T-type,Normal,Other,JAYR,M,45.77431083945025,4.775585314585849
201800047392,NonLethal,2018-02-23,02:30:00,NightStreelightsOn,690,149,Yes,X-type,Normal,2Vehicles-Side,"95, EMILE ZOLA",M,45.72104605976243,4.720339008609116
201800047393,NonLethal,2018-02-27,10:50:00,Daylight,690,381,Yes,NoIntersection,Normal,Other,GENERAL GIRAUD (DU),M,45.76830539290999,4.769835350736098
201800047394,NonLethal,2018-02-27,08:30:00,Daylight,690,152,Yes,Roundabout,Normal,NoCollision,MURIERS (DES),M,45.694794576207215,4.694988941645094
201800047395,NonLethal,2018-03-01,08:45:00,Daylight,690,381,Yes,NoIntersection,SnowOrHail,NoCollision,"2, PROVENCE (DE)",M,45.77359686024267,4.7726310829669245
201800047396,NonLethal,2018-03-01,19:30:00,NightStreelightsOn,690,149,Yes,T-type,Normal,2Vehicles-Side,BOTTIERES (DES),M,45.72201854026098,4.721426249421598
201800047397,NonLethal,2018-02-03,16:15:00,Daylight,690,152,Yes,Other,Normal,Other,ROGER SALENGRO,M,45.70493261509996,4.706597674678729
201800047398,NonLethal,2018-03-03,16:20:00,Daylight,690,384,Yes,T-type,Normal,2Vehicles-Side,"46, CUIRE (DE)",M,45.77847402571207,4.779003991888004
201800047399,NonLethal,2018-05-03,06:55:00,TwilightOrDawn,690,149,Yes,NoIntersection,Normal,NoCollision,"21, EMILE ZOLA",M,45.71823641119892,4.718806157437986
201800047400,NonLethal,2018-05-03,06:45:00,TwilightOrDawn,690,384,Yes,NoIntersection,Normal,NoCollision,HERBOUVILLE (D'),M,45.77768734707904,4.777315600334056
201800047402,NonLethal,2018-03-06,08:30:00,Daylight,690,384,Yes,NoIntersection,Overcast,NoCollision,"16, JOSEPH GILLET",M,45.77242832371014,4.773088249557771
201800047403,NonLethal,2018-06-03,18:50:00,NightStreelightsOn,690,202,Yes,NoIntersection,HeavyRain,Other,11 NOVEMBRE (DU),M,45.73820303887744,4.7381053868313465
201800047404,NonLethal,2018-03-07,08:25:00,Daylight,690,385,Yes,NoIntersection,Normal,Other,BARTHELEMY BUYER,M,45.76531535495786,4.764738160608067
201800047405,NonLethal,2018-07-03,08:25:00,Daylight,690,149,Yes,NoIntersection,Normal,Other,"25, PIERRE SEMARD",M,45.7167666697912,4.717201385904264
201800047407,NonLethal,2018-03-09,16:10:00,Daylight,690,384,Yes,NoIntersection,Normal,2Vehicles-Behind,TUNNEL DE LA CROIX ROUSS,M,45.776208048648016,4.773346493291162
201800047408,NonLethal,2018-03-09,19:00:00,NightStreelightsOn,690,286,Yes,NoIntersection,StrongWindOrStorm,NoCollision,"104, EUROPE (DE L')",M,45.81422590186869,4.815083730188304
201800047409,NonLethal,2018-10-03,10:00:00,Daylight,690,382,Yes,NoIntersection,LightRain,3+Vehicles-Chain,"134, CHARLEMAGNE",M,45.73021382001813,4.728824601710118
201800047410,NonLethal,2018-10-03,20:05:00,NightStreelightsOn,690,149,Yes,T-type,Normal,NoCollision,"131, JEAN JAURES",M,45.71111865798982,4.708752431725934
201800047411,NonLethal,2018-03-11,01:50:00,NightStreelightsOn,690,286,Yes,NoIntersection,Overcast,NoCollision,ROUTE DE STRASBOURG D 48,M,45.814247910850455,4.814911923610059
201800047412,NonLethal,2018-12-03,08:15:00,Daylight,690,382,Yes,NoIntersection,LightRain,2Vehicles-Side,JULES COURMONT,M,45.76085804437001,4.759615227603326
201800047413,NonLethal,2018-12-03,08:45:00,Daylight,690,385,Yes,NoIntersection,Normal,2Vehicles-Side,"131, JOLIOT CURIE",M,45.754168848008376,4.754968539926075
201800047415,NonLethal,2018-03-13,19:40:00,NightStreelightsOn,690,385,Yes,NoIntersection,Normal,2Vehicles-Behind,"34, CHOULANS (DE)",M,45.72152817929267,4.7227421798625775
201800047416,NonLethal,2018-03-14,12:00:00,Daylight,690,382,Yes,NoIntersection,Normal,2Vehicles-Side,"4, GRENETTE",M,45.76473382780472,4.765319500000234
201800047417,NonLethal,2018-03-16,10:30:00,Daylight,690,389,Yes,NoIntersection,Normal,2Vehicles-Side,"23, DUCHERE (DE LA)",M,45.771246581113296,4.76886206941877
201800047418,NonLethal,2018-03-19,14:10:00,Daylight,690,389,Yes,NoIntersection,Normal,Other,"12, JOANNES CARRET",M,45.788683724369406,4.787743615571626
201800047419,NonLethal,2018-02-24,04:00:00,NightNoStreetLight,690,381,Yes,NoIntersection,Normal,Other,"30, ST VINCENT",M,45.76817944591584,4.766259856638768
201800047420,NonLethal,2018-03-20,13:40:00,Daylight,690,34,Yes,NoIntersection,Normal,Other,"74, GENERAL DE GAULLE",M,45.80750345164487,4.808293914604313
201800047421,NonLethal,2018-03-21,17:20:00,Daylight,690,382,Yes,X-type,Normal,Other,HENRI IV,M,45.76229329975256,4.762477738040101
201800047422,NonLethal,2018-03-21,16:30:00,Daylight,690,202,Yes,NoIntersection,Normal,Other,"11 bis, LIMBURG (DE)",M,45.72981100916595,4.730377239868012
201800047423,NonLethal,2018-03-24,11:40:00,Daylight,690,389,Yes,NoIntersection,Normal,Other,"1, ABBE PIERRE",M,45.786365162922,4.784035559381413
201800047424,NonLethal,2018-03-24,21:45:00,NightStreelightsOn,690,152,Yes,NoIntersection,Normal,Other,"7O, AMPERE",M,45.70442400632947,4.704955623615155
201800047426,NonLethal,2018-03-27,13:55:00,Daylight,690,389,Yes,T-type,LightRain,2Vehicles-Side,"11, ROSA PARKS",M,45.786401725543314,4.78758179663639
201800047427,NonLethal,2018-03-28,23:20:00,NightStreelightsOn,690,382,Yes,NoIntersection,LightRain,2Vehicles-Behind,"22, TILSITT",M,45.756643150700846,4.75678847274885
201800047428,NonLethal,2018-03-29,07:40:00,Daylight,690,382,Yes,NoIntersection,Overcast,2Vehicles-Side,"6, HRANT DINK",M,45.73996689133583,4.739109874109717
201800047429,NonLethal,2018-03-29,10:25:00,Daylight,690,34,Yes,NoIntersection,Normal,Other,"87, GENERAL DE GAULLE",M,45.80970571626458,4.809394202118115
201800047430,NonLethal,2018-03-29,17:50:00,Daylight,690,385,Yes,T-type,Normal,Other,MERE ELISABETH RIVET,M,45.75157520515359,4.75306230274485
201800047433,NonLethal,2018-03-29,12:18:00,Daylight,690,286,Yes,NoIntersection,Normal,Other,"2915, ROUTE DE STRASBOUR",M,45.823268580671055,4.819383449660322
201800047434,NonLethal,2018-03-29,19:10:00,Daylight,690,382,Yes,NoIntersection,Normal,2Vehicles-Side,PRESIDENT EDOUARD HERRIO,M,45.7601837165092,4.760342089811517
201800047436,NonLethal,2018-01-04,05:03:00,NightStreelightsOn,690,381,Yes,NoIntersection,Normal,3+Vehicles-Chain,PECHERIE (DE LA),M,45.76512391520031,4.765587184992739
201800047437,NonLethal,2018-01-04,04:15:00,NightStreelightsOn,690,385,Yes,NoIntersection,Normal,2Vehicles-BehindVehicles-Frontal,MENIVAL (DE),M,45.753692824636445,4.755489297903575
201800047439,NonLethal,2018-04-04,19:40:00,TwilightOrDawn,690,382,Yes,X-type,LightRain,2Vehicles-Side,JEAN MOULIN,M,45.76234413203196,4.7646024159277705
201800047440,NonLethal,2018-04-04,22:35:00,NightStreelightsOn,690,382,Yes,NoIntersection,Normal,2Vehicles-Behind,PERRACHE,M,45.74351710631846,4.743947727150019
201800047441,NonLethal,2018-04-04,11:50:00,Daylight,690,389,Yes,NoIntersection,HeavyRain,Other,DOCKS (DES),M,45.78434853604372,4.785025384460716
201800047443,NonLethal,2018-06-04,17:30:00,Daylight,690,389,Yes,NoIntersection,Normal,2Vehicles-Behind,ST CYR (DE),M,45.79054629311836,4.791406888180571
201800047444,NonLethal,2018-04-07,10:45:00,Daylight,690,34,Yes,NoIntersection,Normal,NoCollision,COSTE,M,45.789081860430784,4.786041958842658
201800047445,NonLethal,2018-08-04,15:45:00,Daylight,690,382,Yes,X-type,Normal,2Vehicles-Behind,DOCTEUR GAILLETON (DU),M,45.75307143077463,4.754984117204876
201800047446,NonLethal,2018-04-08,16:20:00,Daylight,690,34,Yes,NoIntersection,Normal,2Vehicles-Behind,GEORGES CLEMENCEAU,M,45.80943365759693,4.810387345072536
201800047447,NonLethal,2018-03-30,03:15:00,NightStreelightsOn,690,389,Yes,X-type,LightRain,2Vehicles-Side,COMMERCE (DU),M,45.779164103583184,4.782510739561878
201800047448,NonLethal,2018-09-04,00:45:00,NightStreelightsOn,690,382,Yes,NoIntersection,Normal,Other,JEAN MOULIN,M,45.76446791034002,4.764442552841074
201800047449,NonLethal,2018-04-01,22:15:00,NightNoStreetLight,690,382,Yes,Other,Normal,NoCollision,GALLIENI,M,45.74974845974047,4.748821150422418
201800047450,NonLethal,2018-11-04,12:55:00,Daylight,690,285,Yes,NoIntersection,Normal,Other,42 rue de l'égalité,M,45.753846737530814,5.754333922772308
201800047451,NonLethal,2018-11-04,12:54:00,Daylight,690,149,Yes,T-type,Normal,3+Vehicles-Multiple,GRANDE RUE,M,45.7171137815683,4.715612689389336
201800047452,NonLethal,2018-11-04,20:45:00,NightStreelightsOn,690,385,Yes,X-type,Normal,2Vehicles-Side,CHOULANS (DE),M,45.75576715939453,4.757369537536556
201800047453,NonLethal,2018-04-11,11:30:00,Daylight,690,384,Yes,NoIntersection,Normal,2Vehicles-Behind,HERBOUVILLE (D'),M,45.773773503183286,4.772591604992735
201800047454,NonLethal,2018-04-17,14:15:00,Daylight,690,149,Yes,NoIntersection,Normal,2Vehicles-Behind,EMILE ZOLA,M,45.72059351657123,4.718570014429889
201800047455,NonLethal,2018-04-17,18:20:00,Daylight,690,389,Yes,X-type,Normal,2Vehicles-BehindVehicles-Frontal,GORGE DE LOUP,M,45.769321550980166,4.768794616082395
201800047456,NonLethal,2018-04-18,12:30:00,Daylight,690,381,Yes,Other,Normal,2Vehicles-BehindVehicles-Frontal,ANDRE LASSAGNE,M,45.76803236732043,4.766343025070667
201800047457,NonLethal,2018-04-19,11:50:00,Daylight,690,81,Yes,NoIntersection,Normal,Other,PROFESSEUR PAUL SANTY (D,M,45.77290078807646,4.771198381965201
201800047458,NonLethal,2018-04-18,19:00:00,Daylight,690,202,Yes,NoIntersection,Normal,2Vehicles-Side,STE BARBE,M,45.7343124930166,4.732047122437043
201800047459,NonLethal,2018-04-19,00:10:00,NightStreelightsOn,690,389,Yes,X-type,Normal,Other,GEORGES CLEMENCEAU,M,45.77484437078696,4.776620562299961
201800047462,NonLethal,2018-04-20,22:00:00,NightStreelightsOn,690,382,Yes,NoIntersection,Normal,2Vehicles-Side,CELESTINS (DES),M,45.761046370377976,4.761194778246987
201800047463,NonLethal,2018-04-21,22:40:00,NightStreelightsOn,690,152,Yes,NoIntersection,Normal,NoCollision,EUROPE (DE L'),M,45.70064468449648,4.699578294819977
201800047464,NonLethal,2018-04-24,08:20:00,Daylight,690,389,Yes,NoIntersection,Normal,NoCollision,PAUL SEDAILLIAN,M,45.79515564471981,4.7935214049886605
201800047465,NonLethal,2018-04-25,09:00:00,Daylight,690,389,Yes,NoIntersection,Normal,2Vehicles-Behind,BEN GOURION   (AV),M,45.78769296723772,4.786381817101896
201800047466,NonLethal,2018-04-25,13:45:00,Daylight,690,385,Yes,NoIntersection,Normal,Other,PIERRE SCIZE,M,45.76581154625054,4.768217310513663
201800047467,NonLethal,2018-04-26,18:00:00,Daylight,690,389,Yes,NoIntersection,Normal,2Vehicles-Side,MARIETTON,M,45.77600169488986,4.776071369371863