AccidentId,Gravity,Date,Hour,Light,Department,Commune,InAgglomeration,IntersectionType,Weather,CollisionType,PostalAddress,GPSCode,Latitude,Longitude
201800047468,NonLethal,2018-04-27,14:10:00,Daylight,690,381,Yes,NoIntersection,Normal,Other,ST VINCENT,M,45.768375828769706,4.766049347531466
201800047469,NonLethal,2018-04-27,15:00:00,Daylight,690,149,Yes,NoIntersection,Normal,2Vehicles-BehindVehicles-Frontal,FRANCISQUE JOMARD,M,45.71713378790814,4.715961870181812
201800047470,NonLethal,2018-04-27,20:40:00,NightStreelightsOn,690,389,Yes,NoIntersection,Normal,Other,OBSERVANCE (DE L'),M,45.76906494108411,4.766170310235652
201800047472,NonLethal,2018-04-28,21:10:00,NightStreelightsOn,690,385,Yes,X-type,Normal,2Vehicles-Side,SOEUR BOUVIER,M,45.75346527287671,4.754793406963016
201800047473,NonLethal,2018-04-24,17:20:00,Daylight,690,384,Yes,NoIntersection,Normal,2Vehicles-Behind,JOSEPH GILLET,M,45.781075232571496,4.781589578223493
201800047477,NonLethal,2018-05-01,07:50:00,Daylight,690,34,Yes,T-type,LightRain,2Vehicles-Behind,BELLEVUE,M,45.785823476267446,4.785272609115063
201800047479,NonLethal,2018-05-02,11:25:00,Daylight,690,389,Yes,X-type,Normal,2Vehicles-Side,JAYR,M,45.77594666352925,4.777230143445335
201800047480,NonLethal,2018-05-03,09:05:00,Daylight,690,389,Yes,X-type,LightRain,2Vehicles-Side,ROSA PARKS,M,45.7814707789407,4.780368368358451
201800047481,NonLethal,2018-03-05,07:50:00,Daylight,690,381,Yes,NoIntersection,LightRain,2Vehicles-Side,ANNONCIADE (DE L'),M,45.77080894485096,4.769175270464197
201800047482,NonLethal,2018-03-05,23:01:00,NightStreelightsOn,690,389,Yes,NoIntersection,Normal,2Vehicles-Behind,ST PIERRE DE VAISE,M,45.77334624287383,4.774168288385905
201800047483,NonLethal,2018-04-05,08:10:00,Daylight,690,389,Yes,NoIntersection,Normal,2Vehicles-Behind,RAOUL CARRIE,M,45.80049466929541,4.799603533895445
201800047484,NonLethal,2018-04-05,07:45:00,TwilightOrDawn,690,389,Yes,T-type,Normal,2Vehicles-BehindVehicles-Frontal,PAUL SEDAILLIAN,M,45.79612857694735,4.795865400881115
201800047485,NonLethal,2018-04-05,22:45:00,NightStreelightsOn,690,384,Yes,NoIntersection,Normal,Other,TAPIS (DES),M,45.775185577699965,4.776259826050895
201800047486,NonLethal,2018-05-04,23:30:00,NightStreelightsOn,690,389,Yes,Roundabout,Normal,NoCollision,25EME REGIMENT DE TIRAIL,M,45.77218507137876,4.774552781280311
201800047487,NonLethal,2018-05-05,08:50:00,Daylight,690,382,Yes,T-type,Normal,2Vehicles-Side,MARECHAL JOFFRE (DU),M,45.74986450947994,4.750190136585259
201800047489,NonLethal,2018-05-05,07:00:00,TwilightOrDawn,690,34,Yes,NoIntersection,Normal,NoCollision,CLOS COLLINOT (DU),M,45.79749869931754,4.795249282607595
201800047491,NonLethal,2018-05-10,20:50:00,Daylight,690,286,No,NoIntersection,Normal,2Vehicles-Side,MERCIERES (DES),M,45.81312078453056,4.814491110689213
201800047492,NonLethal,2018-10-05,23:00:00,NightStreelightsOn,690,382,Yes,NoIntersection,Normal,Other,BARRE (DE LA),M,45.75841803898656,4.759926617509698
201800047493,NonLethal,2018-11-05,02:15:00,NightStreelightsOn,690,382,Yes,Square,Normal,2Vehicles-Side,CELESTINS (DES),M,45.76127661289814,4.761449640876879
201800047494,NonLethal,2018-07-05,20:10:00,Daylight,690,389,Yes,NoIntersection,Normal,Other,BARTHELEMY BUYER,M,45.76359121924961,4.764768849083567
201800047495,NonLethal,2018-05-09,11:50:00,Daylight,690,34,Yes,Other,Normal,2Vehicles-Behind,LOUIS DUFOUR,M,45.80062144644709,4.80138187026581
201800047496,NonLethal,2018-11-05,18:40:00,Daylight,690,382,Yes,NoIntersection,Normal,2Vehicles-Side,KITCHENER MARCHAND,M,45.75159575291098,4.750626059915859
201800047497,NonLethal,2018-05-14,15:50:00,Daylight,690,381,Yes,NoIntersection,Normal,2Vehicles-Behind,JEAN MOULIN,M,45.76566083436905,4.767531490790515
201800047498,NonLethal,2018-05-16,07:40:00,Daylight,690,202,Yes,NoIntersection,Normal,2Vehicles-Behind,PAUL DAILLY,M,45.72796179863551,4.727814621643257
201800047499,NonLethal,2018-05-16,17:15:00,Daylight,690,81,Yes,NoIntersection,Normal,Other,STADE (DU),M,45.78066653329883,4.781099230909707
201800047502,NonLethal,2018-05-19,19:17:00,Daylight,690,286,Yes,NoIntersection,Normal,Other,GENERAL LECLERC,M,45.81438861263317,4.813979927706408
201800047503,NonLethal,2018-05-20,10:40:00,Daylight,690,389,Yes,NoIntersection,Normal,Other,SIDOINE APPOLINAIRE,M,45.76836344090074,4.7675811629553015
201800047504,NonLethal,2018-05-20,18:30:00,Daylight,690,202,Yes,NoIntersection,Normal,2Vehicles-BehindVehicles-Frontal,VALIOUD,M,45.74882752722159,4.747202665783846
201800047505,NonLethal,2018-05-16,12:00:00,Daylight,690,382,Yes,T-type,Normal,2Vehicles-Side,ST BONAVENTURE,M,45.76342146495069,4.762212522705768
201800047506,NonLethal,2018-05-21,16:00:00,Daylight,690,152,Yes,X-type,Normal,Other,HENRI BARBUSSE,M,45.69628490019527,4.698380482566101
201800047508,NonLethal,2018-05-21,19:00:00,Daylight,690,381,Yes,NoIntersection,Normal,2Vehicles-Side,LOUIS PRADEL,M,45.76683289873294,4.768843014654632
201800047509,NonLethal,2018-05-13,20:40:00,TwilightOrDawn,690,384,Yes,NoIntersection,Normal,3+Vehicles-Multiple,BOUCLE (DE LA),M,45.77869618493078,4.777994646304003
201800047510,NonLethal,2018-05-23,10:05:00,Daylight,690,385,Yes,Y-type,Overcast,Other,MERE ELISABETH RIVET,M,45.73434689608908,4.733634802926869
201800047511,NonLethal,2018-05-23,20:15:00,TwilightOrDawn,690,385,Yes,NoIntersection,VeryGood,2Vehicles-Side,COMMANDANT CHARCOT (DU),M,45.74292673397418,4.743958359601615
201800047513,NonLethal,2018-05-24,16:45:00,Daylight,690,389,Yes,X-type,Normal,Other,MARIETTON,M,45.775007944595565,4.7743211164053365
201800047514,NonLethal,2018-05-25,06:00:00,Daylight,690,149,Yes,X-type,Normal,2Vehicles-BehindVehicles-Frontal,EMILE ZOLA,M,45.72089814733056,4.720783427647713
201800047515,NonLethal,2018-05-25,16:40:00,Daylight,690,385,Yes,NoIntersection,Normal,Other,DEBROUSSE,M,45.74763199145909,4.749722042635279
201800047517,NonLethal,2018-05-27,10:30:00,Daylight,690,202,Yes,NoIntersection,Normal,Other,VALIOUD,M,45.73708637852542,4.7349519016217
201800047519,NonLethal,2018-05-26,20:50:00,TwilightOrDawn,690,382,Yes,NoIntersection,Normal,2Vehicles-Behind,CARNOT,M,45.74942988298636,4.750144824935913
201800047521,NonLethal,2018-05-27,22:55:00,NightStreelightsOn,690,149,Yes,Other,LightRain,Other,RHONE (DU),M,45.71779361285275,4.717125451310209
201800047522,NonLethal,2018-05-28,13:15:00,Daylight,690,81,Yes,NoIntersection,Normal,2Vehicles-Behind,BON PASTEUR (DU),M,45.78652327859366,4.7871470468641695
201800047523,NonLethal,2018-05-28,18:00:00,Daylight,690,389,Yes,NoIntersection,LightRain,Other,BALMONT (DE),M,45.78803842040951,4.789980673027491
201800047524,NonLethal,2018-05-29,07:50:00,Daylight,690,34,Yes,Other,Normal,2Vehicles-BehindVehicles-Frontal,BOUCLE (DE LA),M,45.779475278341664,4.780918623608519
201800047525,NonLethal,2018-05-29,18:40:00,Daylight,690,389,Yes,NoIntersection,Normal,2Vehicles-Side,PAUL SEDAILLIAN,M,45.787021952842096,4.788631535551234
201800047526,NonLethal,2018-05-30,00:40:00,NightStreelightsOn,690,384,Yes,NoIntersection,Normal,2Vehicles-Behind,HERBOUVILLE (D'),M,45.75082800855892,4.750554899803214
201800047528,NonLethal,2018-05-30,16:00:00,Daylight,690,385,Yes,NoIntersection,LightRain,NoCollision,MACCHABEES (DES),M,45.772240727230304,4.772714990632026
201800047529,NonLethal,2018-05-30,19:10:00,Daylight,690,81,Yes,Roundabout,LightRain,2Vehicles-Side,PROFESSEUR PAUL SANTY (D,M,45.77426132617735,4.774270393735304
201800047531,NonLethal,2018-06-02,02:15:00,NightStreelightsOn,690,149,Yes,X-type,Normal,2Vehicles-Side,CLAUDE MICHEL,M,45.71859364593027,4.716564487344253
201800047532,NonLethal,2018-02-06,19:00:00,Daylight,690,34,Yes,NoIntersection,Normal,Other,GENERAL DE GAULLE,M,45.8074741069099,4.807464257739123
201800047533,NonLethal,2018-05-29,09:45:00,Daylight,690,34,Yes,NoIntersection,Normal,3+Vehicles-Chain,ARISTIDE BRIAND,M,45.78408636007661,4.781877905171694
201800047534,NonLethal,2018-04-06,23:20:00,NightNoStreetLight,690,34,Yes,NoIntersection,LightRain,NoCollision,VIADUC JOSEPH PICOT,M,45.79087238208052,4.791343953030534
201800047535,NonLethal,2018-06-05,09:00:00,Daylight,690,385,Yes,NoIntersection,Normal,2Vehicles-Side,CHEMIN NEUF (DU),M,45.75697229689261,4.75847067489172
201800047536,NonLethal,2018-06-05,10:05:00,Daylight,690,384,Yes,NoIntersection,Normal,2Vehicles-Side,GEORGES CLEMENCEAU,M,45.774620980537584,4.773856944345973
201800047537,NonLethal,2018-06-06,11:05:00,Daylight,690,34,Yes,NoIntersection,Normal,2Vehicles-Behind,GENERAL DE GAULLE,M,45.81484045301234,4.814493861075024
201800047538,NonLethal,2018-06-06,21:15:00,TwilightOrDawn,690,382,Yes,X-type,Normal,2Vehicles-Behind,SUCHET,M,45.74610489128357,4.745463282179671
201800047540,NonLethal,2018-07-06,22:45:00,NightStreelightsOn,690,381,Yes,T-type,HeavyRain,2Vehicles-Side,ST VINCENT,M,45.76566444554602,4.768237796098164
201800047541,NonLethal,2018-06-08,15:00:00,Daylight,690,389,Yes,T-type,Normal,NoCollision,CHAUVEAU,M,45.76685418214724,4.766619524681551
201800047542,NonLethal,2018-06-09,16:40:00,Daylight,690,34,Yes,X-type,Normal,2Vehicles-Side,BOUCLE (DE LA),M,45.78424295951499,4.783929496596139
201800047546,NonLethal,2018-12-06,19:45:00,Daylight,690,34,No,NoIntersection,HeavyRain,NoCollision,PERIPHERIQUE NORD,M,45.7880430321169,4.787035561967674
201800047547,NonLethal,2018-06-13,17:11:00,Daylight,690,202,Yes,T-type,Normal,2Vehicles-Behind,PAUL DAILLY,M,45.72375596634651,4.724352166645231
201800047549,NonLethal,2018-06-14,14:30:00,Daylight,690,286,Yes,T-type,Normal,3+Vehicles-Multiple,CAPITAINE JULIEN (DU),M,45.822962951368815,4.821573363879843
201800047550,NonLethal,2018-06-15,18:50:00,Daylight,690,382,Yes,NoIntersection,Normal,Other,BELLECOUR,M,45.75614323247356,4.756384884708733
201800047551,NonLethal,2018-06-16,10:45:00,Daylight,690,152,Yes,NoIntersection,Normal,2Vehicles-Side,MURIERS (DES),M,45.69474916791154,4.694779910753139
201800047552,NonLethal,2018-06-17,08:45:00,Daylight,690,34,Yes,Square,Normal,Other,MONTEE SOLDATS (DES),M,45.79703330068069,4.799925678012009
201800047553,NonLethal,2018-06-17,13:15:00,Daylight,690,384,Yes,NoIntersection,Normal,Other,FONTAINE (DE LA),M,45.7805819774664,4.78197143494663
201800047554,NonLethal,2018-06-18,08:03:00,Daylight,690,385,Yes,NoIntersection,Normal,Other,GENERAL EISENHOWER (DU),M,45.75549453664637,4.758091492369281
201800047555,NonLethal,2018-06-14,18:40:00,Daylight,690,382,Yes,Square,Normal,2Vehicles-Side,JULES COURMONT,M,45.76186786889853,4.7616303604596535
201800047556,NonLethal,2018-06-19,13:55:00,Daylight,690,81,Yes,T-type,Normal,2Vehicles-BehindVehicles-Frontal,CHAMPAGNE (DE),M,45.77895692377855,4.778633661773944
201800047557,NonLethal,2018-06-19,14:43:00,Daylight,690,385,Yes,NoIntersection,Normal,2Vehicles-Side,TRAMASSAC,M,45.75799162812677,4.762072983980692
201800047558,NonLethal,2018-06-19,16:00:00,Daylight,690,34,Yes,NoIntersection,Normal,Other,BOUCLE (DE LA),M,45.78236561156682,4.779345826005585
201800047559,NonLethal,2018-06-20,13:37:00,Daylight,690,381,Yes,Square,Normal,Other,TERREAUX (DES),M,45.76667542256018,4.768021702055281
201800047560,Lethal,2018-06-15,12:30:00,Daylight,690,382,Yes,NoIntersection,Normal,Other,REPUBLIQUE (DE LA),M,45.76143806709062,4.762678866135066
201800047561,NonLethal,2018-06-18,15:45:00,Daylight,690,384,Yes,NoIntersection,Normal,Other,HENON,M,45.77845999470495,4.778516949026436
201800047562,NonLethal,2018-06-16,19:00:00,Daylight,690,34,Yes,NoIntersection,Normal,2Vehicles-Side,PASTEUR ECOLE,M,45.79737046075216,4.797609206365092
201800047564,NonLethal,2018-06-06,18:10:00,Daylight,690,389,Yes,NoIntersection,Normal,Other,SERGENT MICHEL BERTHET (,M,45.768771313107806,4.768145461691153
201800047565,NonLethal,2018-06-22,10:45:00,Daylight,690,381,Yes,NoIntersection,Normal,Other,TERREAUX (DES),M,45.76954686311363,4.767841238319752
201800047566,NonLethal,2018-06-22,12:25:00,Daylight,690,389,Yes,T-type,Normal,Other,BOURBONNAIS (DU),M,45.77218971592177,4.772623324545572
201800047567,NonLethal,2018-06-22,19:15:00,Daylight,690,384,Yes,NoIntersection,Normal,Other,BIRMINGHAM (DE),M,45.77606370464934,4.775123683467482
201800047571,NonLethal,2018-06-23,18:30:00,Daylight,690,142,Yes,NoIntersection,Normal,NoCollision,STEPHANE DECHANT,M,45.72415710441092,4.72450528257922
201800047573,NonLethal,2018-06-25,15:45:00,Daylight,690,389,Yes,X-type,Normal,2Vehicles-Side,GORGE DE LOUP,M,45.76920133005218,4.769556627429817
201800047575,NonLethal,2018-06-26,00:01:00,NightStreelightsOn,690,381,Yes,X-type,Normal,2Vehicles-Side,TERME,M,45.765581940659416,4.766626880616429
201800047576,NonLethal,2018-06-25,13:15:00,Daylight,690,382,Yes,NoIntersection,Normal,Other,CONDE (DE),M,45.752409099911375,4.752830104283644
201800047577,NonLethal,2018-06-26,13:00:00,Daylight,690,384,Yes,NoIntersection,Normal,2Vehicles-Side,CANUTS (DES),M,45.77838006858915,4.778038022062601
201800047578,NonLethal,2018-06-26,16:20:00,Daylight,690,34,Yes,NoIntersection,Normal,Other,ST CLAIR (DE),M,45.788276051815394,4.788143649559138
201800047579,NonLethal,2018-06-26,15:45:00,Daylight,690,382,Yes,NoIntersection,Normal,Other,FERRANDIERE (DE LA),M,45.76248820310257,4.763247825861232
201800047580,NonLethal,2018-06-26,23:00:00,NightStreelightsOn,690,382,Yes,T-type,Normal,2Vehicles-Side,MARECHAL JOFFRE (DU),M,45.75194619422424,4.751957412033601
201800047582,NonLethal,2018-06-28,08:20:00,Daylight,690,381,Yes,NoIntersection,Normal,2Vehicles-Behind,JEAN MOULIN,M,45.76632504560677,4.766422008610417
201800047583,NonLethal,2018-06-28,09:20:00,Daylight,690,384,Yes,T-type,Normal,Other,TOUR DU PIN (DE LA),M,45.77910317394343,4.77966593821118
201800047584,NonLethal,2018-06-28,20:30:00,Daylight,690,34,Yes,T-type,Normal,2Vehicles-Side,PIERRE BRUNIER,M,45.79044501559122,4.791034156589857
201800047585,NonLethal,2018-06-29,12:50:00,Daylight,690,286,Yes,NoIntersection,Normal,2Vehicles-Side,EUROPE (DE L'),M,45.81937638672865,4.819805242616687
201800047587,NonLethal,2018-06-29,19:35:00,Daylight,690,202,Yes,NoIntersection,Normal,2Vehicles-Side,VALIOUD,M,45.74896979755582,4.746924553916926
201800047588,NonLethal,2018-01-07,17:50:00,Daylight,690,152,Yes,X-type,Normal,2Vehicles-BehindVehicles-Frontal,EUROPE (DE L'),M,45.69672859825115,4.699342773251694
201800047589,NonLethal,2018-07-02,15:25:00,Daylight,690,389,Yes,NoIntersection,Normal,2Vehicles-BehindVehicles-Frontal,ROSA PARKS,M,45.78704457201052,4.786194634652317
201800047591,NonLethal,2018-04-07,09:20:00,Daylight,690,381,Yes,NoIntersection,Normal,Other,MORAND,M,45.76756274702608,4.769009527729869
201800047592,NonLethal,2018-04-07,14:15:00,Daylight,690,382,Yes,NoIntersection,Normal,2Vehicles-Behind,MARECHAL JOFFRE (DU),M,45.74883340239948,4.749371614558959
201800047593,NonLethal,2018-07-03,17:06:00,Daylight,690,34,Yes,NoIntersection,Normal,2Vehicles-Side,ST CLAIR (DE),M,45.78881763050323,4.789963944839628
201800047594,NonLethal,2018-07-04,22:59:00,NightNoStreetLight,690,382,Yes,T-type,Normal,2Vehicles-Side,CASIMIR PERIER,M,45.743514382736365,4.742956909930683
201800047595,NonLethal,2018-02-07,20:30:00,Daylight,690,385,Yes,NoIntersection,Normal,2Vehicles-Side,ROMAIN ROLLAND,M,45.76029149086813,4.759063232093968
201800047596,NonLethal,2018-05-07,08:00:00,Daylight,690,152,Yes,NoIntersection,Normal,NoCollision,HENRI BARBUSSE,M,45.70397396169741,4.7009588699991625
201800047597,NonLethal,2018-07-03,17:40:00,Daylight,690,34,Yes,Other,Normal,2Vehicles-Behind,SOLDATS (DES),M,45.79150190984151,4.791694042382114
201800047598,NonLethal,2018-07-07,15:40:00,Daylight,690,382,Yes,Other,Normal,2Vehicles-Side,DOCTEUR GAILLETON (DU),M,45.752031789328406,4.751513809845086
201800047599,NonLethal,2018-08-07,08:10:00,Daylight,690,385,Yes,T-type,Normal,NoCollision,COMMANDANT CHARCOT (DU),M,45.74617242344829,4.748789305819935
201800047600,NonLethal,2018-07-07,20:25:00,Daylight,690,81,No,NoIntersection,Normal,Other,ECULLY,M,45.78611580099406,4.786906412312202
201800047601,NonLethal,2018-09-07,10:00:00,Daylight,690,202,Yes,NoIntersection,Normal,2Vehicles-Behind,AQUEDUC DE BEAUNANT (DE,M,45.72276840136165,4.721042644419717
201800047602,NonLethal,2018-09-07,09:05:00,Daylight,690,152,Yes,NoIntersection,Normal,Other,MARTYRS DE LA LIBERATION,M,45.70165961983989,4.700198530178009
201800047603,NonLethal,2018-09-07,15:15:00,Daylight,690,382,Yes,X-type,Normal,2Vehicles-Side,CHARLEMAGNE,M,45.74035317140233,4.741225137077083
201800047604,NonLethal,2018-07-10,13:00:00,Daylight,690,286,Yes,Roundabout,VeryGood,2Vehicles-Side,VICTOR HUGO,M,45.81953751155132,4.819280757075647
201800047605,NonLethal,2018-07-11,03:55:00,NightStreelightsOn,690,389,Yes,NoIntersection,Normal,Other,24 MARS 1852,M,45.77968942822906,4.775177069705987
201800047606,NonLethal,2018-11-07,11:15:00,Daylight,690,149,Yes,NoIntersection,Normal,Other,CAMILLE (DE LA),M,45.71224447169877,4.713628916095927
201800047607,NonLethal,2018-12-07,11:40:00,Daylight,690,152,Yes,NoIntersection,Normal,NoCollision,HENRI MOISSAN,M,45.70715122560728,4.704366646346415
201800047609,NonLethal,2018-07-14,10:00:00,Daylight,690,202,Yes,X-type,Normal,2Vehicles-Side,FRANCHE COMTE (DE),M,45.74554166881121,4.746200666290988
201800047610,NonLethal,2018-07-14,17:26:00,Daylight,690,34,Yes,NoIntersection,Normal,2Vehicles-Behind,GENERAL DE GAULLE,M,45.81555298475104,4.815885673175708
201800047611,NonLethal,2018-07-15,19:50:00,Daylight,690,385,Yes,NoIntersection,Normal,2Vehicles-Side,PIERRE SCIZE,M,45.76758779066254,4.7678995154743244
201800047612,NonLethal,2018-07-12,17:15:00,Daylight,690,34,Yes,X-type,Normal,2Vehicles-Side,FRANCOIS PEISSEL,M,45.79272867132679,4.794522320357709
201800047613,NonLethal,2018-07-18,09:40:00,Daylight,690,34,Yes,NoIntersection,Normal,Other,JEAN PETIT,M,45.8028750852403,4.805234932459765
201800047614,NonLethal,2018-07-14,19:55:00,Daylight,690,149,Yes,NoIntersection,Normal,2Vehicles-Behind,EMILE ZOLA,M,45.72171550396507,4.720385084995828
201800047615,NonLethal,2018-07-17,09:30:00,Daylight,690,382,Yes,NoIntersection,Normal,3+Vehicles-Chain,DOCTEUR GAILLETON (DU),M,45.75042291164209,4.750075191544708
201800047617,NonLethal,2018-07-19,16:30:00,Daylight,690,149,Yes,T-type,Normal,Other,FRANCISQUE JOMARD,M,45.717259021528925,4.717017379879699
201800047618,NonLethal,2018-07-20,10:00:00,Daylight,690,381,Yes,NoIntersection,Normal,2Vehicles-Behind,CROIX PAQUET,M,45.77047461073244,4.770935550197918
201800047619,NonLethal,2018-07-21,06:05:00,TwilightOrDawn,690,381,Yes,NoIntersection,Normal,NoCollision,DE LATTRE DE TASSIGNY,M,45.77270066198958,4.772825543121988
201800047620,NonLethal,2018-07-22,21:40:00,NightStreelightsOn,690,149,Yes,NoIntersection,Normal,NoCollision,LOUIS AULAGNE,M,45.714902988139926,4.715839900523628
201800047622,NonLethal,2018-07-20,18:15:00,Daylight,690,389,Yes,NoIntersection,LightRain,3+Vehicles-Multiple,DUCHERE (DE LA),M,45.78081292381329,4.779501335794082
201800047624,NonLethal,2018-08-06,23:45:00,NightStreelightsOn,690,382,Yes,NoIntersection,Normal,Other,CHARLEMAGNE,M,45.73984473285054,4.7421854678875786
201800047626,NonLethal,2018-07-28,23:05:00,NightStreelightsOn,690,389,Yes,X-type,Normal,2Vehicles-Side,GARE D'EAU (DE LA),M,45.78012488262677,4.779139107617983
201800047627,NonLethal,2018-07-29,06:40:00,Daylight,690,389,Yes,X-type,Normal,Other,MOUILLARD,M,45.78438254018128,4.783340601245286
201800047628,NonLethal,2018-07-30,15:30:00,Daylight,690,142,Yes,NoIntersection,Normal,3+Vehicles-Chain,JEAN JACQUES ROUSSEAU,M,45.7433479957647,4.743691961140511
201800047629,NonLethal,2018-01-08,07:45:00,Daylight,690,385,Yes,NoIntersection,Normal,Other,ST JEAN,M,45.75871639488594,4.760581194798685
201800047630,NonLethal,2018-01-08,08:15:00,Daylight,690,152,Yes,T-type,Normal,2Vehicles-BehindVehicles-Frontal,HAUTE ROCHE (DE),M,45.700523533579805,4.698764434035852
201800047632,NonLethal,2018-02-08,08:20:00,Daylight,690,149,Yes,NoIntersection,Normal,2Vehicles-Behind,EMILE ZOLA,M,45.71825420866436,4.719760177999961
201800047633,NonLethal,2018-02-08,16:45:00,Daylight,690,384,Yes,NoIntersection,Normal,Other,JOSEPH GILLET,M,45.78165479337976,4.781151400881531
201800047634,NonLethal,2018-08-02,16:50:00,Daylight,690,149,Yes,NoIntersection,Normal,NoCollision,FRANCISQUE JOMARD,M,45.715331316623846,4.716766617873539
201800047635,NonLethal,2018-08-03,15:50:00,Daylight,690,34,Yes,NoIntersection,Normal,Other,JEAN MOULIN,M,45.79828414999497,4.79898200229766
201800047636,NonLethal,2018-01-08,08:45:00,Daylight,690,34,Yes,Square,Normal,Other,COSTE,M,45.78639231240035,4.787799240246819
201800047637,NonLethal,2018-06-08,09:15:00,Daylight,690,382,Yes,NoIntersection,Normal,Other,VERDUN PERRACHE,M,45.73949753465104,4.7388799345801615
201800047639,Lethal,2018-08-07,14:40:00,Daylight,690,382,Yes,NoIntersection,Normal,2Vehicles-Behind,CENTRE ECHANGE LYON PERR,M,45.748383851162,4.750291696133215
201800047640,NonLethal,2018-01-08,00:45:00,NightNoStreetLight,690,384,Yes,X-type,Normal,2Vehicles-Side,DENFERT ROCHEREAU,M,45.7772207863764,4.776528723234762
201800047641,NonLethal,2018-08-09,22:00:00,NightStreelightsOn,690,149,Yes,X-type,Normal,NoCollision,REPUBLIQUE (DE LA),M,45.714320113496186,4.715540370132845
201800047643,NonLethal,2018-08-13,17:15:00,Daylight,690,382,Yes,NoIntersection,LightRain,NoCollision,MARECHAL JOFFRE (DU),M,45.74923585979985,4.750319987514331
201800047644,NonLethal,2018-05-21,10:00:00,Daylight,690,286,Yes,NoIntersection,Normal,2Vehicles-Side,AIN (DE L'),M,45.81883405685701,4.819510248255391
201800047645,NonLethal,2018-08-22,11:00:00,Daylight,690,389,Yes,NoIntersection,Normal,NoCollision,MOUILLARD,M,45.78315330848707,4.783329263026517
201800047646,NonLethal,2018-08-22,21:40:00,NightNoStreetLight,690,202,Yes,NoIntersection,Normal,2Vehicles-Behind,LIBERATION (DE LA),M,45.72734565167366,4.728922209272514
201800047647,NonLethal,2018-08-23,01:00:00,NightStreelightsOn,690,389,Yes,NoIntersection,Normal,Other,CHAUVEAU,M,45.76920329043647,4.770901390267456
201800047648,NonLethal,2018-08-24,13:00:00,Daylight,690,34,Yes,NoIntersection,Normal,2Vehicles-BehindVehicles-Frontal,ELIE VIGNAL,M,45.791605963269234,4.793718036255737
201800047649,NonLethal,2018-08-25,03:00:00,NightStreelightsOn,690,382,Yes,NoIntersection,Normal,2Vehicles-Behind,PERRACHE,M,45.7392530728798,4.740711050687433
201800047651,NonLethal,2018-08-25,20:10:00,TwilightOrDawn,690,202,Yes,NoIntersection,LightRain,2Vehicles-Side,MARECHAL FOCH (DU),M,45.74175209770822,4.74227839392789
201800047653,NonLethal,2018-08-28,23:00:00,NightStreelightsOn,690,202,Yes,NoIntersection,Normal,3+Vehicles-Multiple,VALIOUD,M,45.73957422051458,4.736579885608315
201800047654,NonLethal,2018-08-29,09:00:00,Daylight,690,381,Yes,NoIntersection,LightRain,2Vehicles-Behind,ST SEBASTIEN,M,45.76991951878663,4.770888131256982
201800047655,NonLethal,2018-08-28,15:20:00,Daylight,690,149,Yes,NoIntersection,Normal,3+Vehicles-Chain,AQUEDUC DE BEAUNANT (DE,M,45.72253683898432,4.720600204901163
201800047656,NonLethal,2018-07-31,06:00:00,NightStreelightsOn,690,381,Yes,NoIntersection,Normal,2Vehicles-Behind,ST VINCENT,M,45.76660361863031,4.769226531321199
201800047657,NonLethal,2018-08-28,17:30:00,Daylight,690,149,Yes,NoIntersection,Normal,2Vehicles-Behind,RHONE (DU),M,45.71676148582159,4.717489974078319
201800047659,NonLethal,2018-03-09,08:20:00,Daylight,690,381,Yes,NoIntersection,Normal,2Vehicles-Side,PECHERIE (DE LA),M,45.76366024035684,4.7666908785558455
201800047660,NonLethal,2018-01-09,12:40:00,Daylight,690,389,Yes,NoIntersection,Normal,2Vehicles-Behind,ST CYR (DE),M,45.78709478584983,4.788272156715898
201800047662,NonLethal,2018-04-09,08:15:00,Daylight,690,389,Yes,NoIntersection,Normal,NoCollision,DAVID BEN GOURION,M,45.787297175643495,4.785885530972137
201800047663,NonLethal,2018-09-05,10:20:00,Daylight,690,81,Yes,NoIntersection,Normal,Other,BON PASTEUR (DU),M,45.789744957936655,4.788695950638938
201800047664,NonLethal,2018-04-09,12:20:00,Daylight,690,34,Yes,NoIntersection,Normal,2Vehicles-BehindVehicles-Frontal,PETITES BROSSES (DES),M,45.79638455840907,4.796425010670706
201800047665,NonLethal,2018-09-05,18:05:00,Daylight,690,152,Yes,NoIntersection,Normal,Other,ROGER SALENGRO,M,45.70366226141966,4.706719706567465
201800047667,NonLethal,2018-09-06,08:47:00,Daylight,690,286,Yes,NoIntersection,Normal,Other,ROUTE DE STRASBOURG D 48,M,45.817091276730274,4.814539781692488
201800047668,NonLethal,2018-09-06,19:30:00,NightStreelightsOn,690,34,Yes,T-type,LightRain,2Vehicles-Side,GEORGES CLEMENCEAU,M,45.79433533883211,4.794354077856463
201800047669,NonLethal,2018-06-09,04:52:00,NightStreelightsOn,690,286,Yes,NoIntersection,LightRain,Other,INDUSTRIE (DE L'),M,45.81928963772187,4.819031801840873
201800047671,NonLethal,2018-07-09,20:00:00,TwilightOrDawn,690,286,Yes,NoIntersection,Normal,Other,MONT BLANC (DU),M,45.81199385368064,4.8108323402928015
201800047673,NonLethal,2018-10-09,09:15:00,Daylight,690,202,Yes,NoIntersection,Normal,NoCollision,BARON DU MARAIS (DU),M,45.734629819105336,4.734505847155159
201800047674,NonLethal,2018-11-09,16:54:00,Daylight,690,202,Yes,T-type,Normal,Other,PROVINCES (DES),M,45.74763800125225,4.747672123822577