AccidentId,Gravity,Date,Hour,Light,Department,Commune,InAgglomeration,IntersectionType,Weather,CollisionType,PostalAddress,GPSCode,Latitude,Longitude
201800047675,NonLethal,2018-09-12,16:30:00,Daylight,690,385,Yes,NoIntersection,Normal,2Vehicles-Side,JOLIOT CURIE,M,45.754327193886745,4.7527817341976935
201800047676,NonLethal,2018-09-12,17:00:00,Daylight,690,202,Yes,NoIntersection,Normal,Other,CROIX DE PIVORT (DE LA),M,45.732736802939726,4.731502590495189
201800047677,NonLethal,2018-12-09,17:10:00,Daylight,690,202,Yes,NoIntersection,Normal,2Vehicles-Behind,AQUEDUC DE BEAUNANT (DE,M,45.72406654421298,4.724174506788449
201800047678,NonLethal,2018-09-13,18:45:00,Daylight,690,382,Yes,T-type,Normal,2Vehicles-BehindVehicles-Frontal,COLONEL CHAMBONNET,M,45.75903334963727,4.759874149867029
201800047680,NonLethal,2018-09-14,07:25:00,Daylight,690,202,Yes,X-type,Normal,2Vehicles-BehindVehicles-Frontal,GENERAL DE GAULLE (DU),M,45.74020532252438,4.741451604807809
201800047681,NonLethal,2018-09-14,11:15:00,Daylight,690,389,Yes,NoIntersection,Normal,Other,GARE D'EAU (DE LA),M,45.781448702769545,4.782794130466324
201800047682,NonLethal,2018-09-14,12:15:00,Daylight,690,384,Yes,NoIntersection,Normal,Other,DENFERT ROCHEREAU,M,45.77626109038014,4.774683831328857
201800047683,NonLethal,2018-09-14,19:50:00,TwilightOrDawn,690,389,Yes,NoIntersection,Normal,NoCollision,BARTHELEMY BUYER,M,45.76365161003041,4.765110102028824
201800047684,NonLethal,2018-09-15,01:50:00,NightStreelightsOn,690,382,Yes,Other,Normal,Other,CORDELIERS (DES),M,45.764345615539895,4.762771876406267
201800047685,NonLethal,2018-09-13,11:20:00,Daylight,690,142,Yes,NoIntersection,Normal,Other,BASTERO (DE LA),M,45.72464980399804,4.7252284768864445
201800047686,NonLethal,2018-09-16,07:00:00,TwilightOrDawn,690,385,Yes,NoIntersection,Normal,Other,COMMANDANT CHARCOT (DU),M,45.75320595029984,4.754692678843281
201800047687,NonLethal,2018-09-16,19:50:00,NightStreelightsOn,690,389,Yes,NoIntersection,Normal,2Vehicles-BehindVehicles-Frontal,JAYR,M,45.77677723239343,4.77563647572321
201800047688,NonLethal,2018-09-16,20:40:00,NightStreelightsOn,690,142,Yes,NoIntersection,Normal,2Vehicles-BehindVehicles-Frontal,GENERAL DE GAULLE,M,45.72649644785191,4.725434313698364
201800047689,NonLethal,2018-09-16,23:30:00,NightStreelightsOn,690,34,Yes,X-type,Normal,2Vehicles-Side,STRASBOURG (DE),M,45.79080419552165,4.790477377983021
201800047690,NonLethal,2018-09-17,09:50:00,Daylight,690,384,Yes,Other,Normal,3+Vehicles-Multiple,CANUTS (DES),M,45.77832915809381,4.776339765404777
201800047691,NonLethal,2018-09-17,14:15:00,Daylight,690,389,Yes,NoIntersection,Normal,2Vehicles-Behind,PAUL SEDAILLIAN,M,45.794685987085856,4.793709525990932
201800047692,NonLethal,2018-09-17,19:00:00,Daylight,690,389,Yes,NoIntersection,Normal,Other,ABBE PIERRE,M,45.785784428522895,4.786972668505353
201800047693,NonLethal,2018-09-18,13:20:00,Daylight,690,34,Yes,NoIntersection,Normal,2Vehicles-Side,GENERAL DE GAULLE,M,45.80458083597381,4.805029231807959
201800047694,NonLethal,2018-09-18,18:20:00,Daylight,690,152,Yes,NoIntersection,Normal,2Vehicles-Side,AMPERE,M,45.70164687781136,4.700292187411421
201800047696,NonLethal,2018-09-20,07:45:00,Daylight,690,384,Yes,T-type,Normal,Other,Jacques-Louis HENON,M,45.7797397695368,4.77786184499177
201800047697,NonLethal,2018-09-20,08:40:00,Daylight,690,385,Yes,NoIntersection,Normal,Other,GARENNE (DE LA),M,45.74872704371413,4.750599023177034
201800047699,NonLethal,2018-09-20,17:30:00,Daylight,690,389,Yes,NoIntersection,Normal,3+Vehicles-Chain,COMMERCE (DU),M,45.78598731689557,4.784571708704102
201800047700,NonLethal,2018-09-21,12:40:00,Daylight,690,385,Yes,T-type,Normal,2Vehicles-Side,CHOULANS (DE),M,45.7553585072357,4.755015709247076
201800047701,NonLethal,2018-09-21,14:19:00,Daylight,690,286,Yes,NoIntersection,Normal,2Vehicles-Side,ROUTE DE STRASBOURG D 48,M,45.82057892761984,4.822035057746835
201800047702,NonLethal,2018-09-21,15:30:00,Daylight,690,389,Yes,NoIntersection,Normal,NoCollision,ST CYR (DE),M,45.78756932896913,4.789206696618072
201800047703,NonLethal,2018-09-21,16:45:00,Daylight,690,286,Yes,Other,Normal,2Vehicles-BehindVehicles-Frontal,COMBATTANTS EN AFN 1952-,M,45.81463160598972,4.815268249038705
201800047704,NonLethal,2018-09-21,19:25:00,TwilightOrDawn,690,381,Yes,NoIntersection,Normal,2Vehicles-Side,TOURETTE (DE LA),M,45.774675580011305,4.772536878147944
201800047705,NonLethal,2018-09-22,15:50:00,Daylight,690,385,Yes,NoIntersection,Normal,2Vehicles-BehindVehicles-Frontal,KITCHENER MARCHAND,M,45.75226114668941,4.75374103155482
201800047706,NonLethal,2018-09-22,17:33:00,Daylight,690,382,Yes,NoIntersection,Normal,2Vehicles-Side,MARECHAL JOFFRE (DU),M,45.75292266183364,4.754637735196719
201800047708,NonLethal,2018-09-22,01:15:00,NightStreelightsOn,690,381,Yes,X-type,Normal,2Vehicles-Side,ROYALE,M,45.77094175799383,4.7689972159622815
201800047709,NonLethal,2018-09-23,19:48:00,NightStreelightsOn,690,389,Yes,NoIntersection,Normal,2Vehicles-Side,BERJON,M,45.776836883209576,4.776346647794311
201800047710,NonLethal,2018-09-23,20:55:00,TwilightOrDawn,690,382,Yes,NoIntersection,Normal,2Vehicles-Side,DOCTEUR GAILLETON (DU),M,45.75348786535302,4.755641754785714
201800047711,NonLethal,2018-08-22,09:50:00,Daylight,690,384,Yes,NoIntersection,Normal,2Vehicles-Behind,HERBOUVILLE (D'),M,45.776893496123805,4.7770790493629045
201800047713,NonLethal,2018-09-23,16:40:00,Daylight,690,384,Yes,X-type,Normal,2Vehicles-Side,CHAZIERE,M,45.78055099072851,4.780924990174289
201800047714,NonLethal,2018-09-24,17:10:00,Daylight,690,381,Yes,NoIntersection,Normal,Other,JARDIN DES PLANTES (DU),M,45.77133829712447,4.770808215119851
201800047715,NonLethal,2018-09-24,15:20:00,Daylight,690,382,Yes,NoIntersection,Normal,Other,CHILDEBERT,M,45.75928477513949,4.759856059290144
201800047716,NonLethal,2018-09-25,12:15:00,Daylight,690,152,Yes,NoIntersection,Normal,2Vehicles-Behind,EUROPE (DE L'),M,45.69481271386729,4.695911434719664
201800047717,NonLethal,2018-09-25,11:40:00,Daylight,690,81,Yes,NoIntersection,Normal,2Vehicles-Behind,LOUIS CHIRPAZ,M,45.77859126035427,4.779521960390684
201800047718,NonLethal,2018-09-27,14:00:00,Daylight,690,389,Yes,X-type,Normal,2Vehicles-Side,BEN GOURION   (AV),M,45.7897062045294,4.788947928110235
201800047719,NonLethal,2018-09-28,16:05:00,Daylight,690,149,Yes,T-type,Normal,Other,GRANDE RUE,M,45.7114985626649,4.709772047673649
201800047721,NonLethal,2018-09-28,17:20:00,Daylight,690,382,Yes,NoIntersection,Normal,Other,DOCTEUR GAILLETON (DU),M,45.75497371705848,4.754822861278123
201800047722,NonLethal,2018-09-29,17:32:00,Daylight,690,389,Yes,NoIntersection,Normal,Other,ABBE PIERRE,M,45.78642757960823,4.786544411772246
201800047725,NonLethal,2018-09-26,12:45:00,Daylight,690,381,Yes,NoIntersection,Normal,2Vehicles-Side,GENERAL GIRAUD (DU),M,45.769746040674086,4.767932429041019
201800047726,NonLethal,2018-01-10,11:10:00,Daylight,690,385,Yes,NoIntersection,Normal,Other,SOEUR JANIN,M,45.76331259623509,4.760510499491628
201800047727,NonLethal,2018-02-10,08:00:00,Daylight,690,286,Yes,NoIntersection,Normal,NoCollision,ROUTE DE STRASBOURG,M,45.817071309766334,4.820936286148623
201800047728,NonLethal,2018-04-10,17:15:00,Daylight,690,385,Yes,T-type,Normal,2Vehicles-Side,COMMANDANT CHARCOT (DU),M,45.7444894150285,4.743006272572485
201800047730,NonLethal,2018-05-10,08:15:00,Daylight,690,389,Yes,MoreThan4Branches,Normal,NoCollision,BOURGOGNE (DE),M,45.77066946827077,4.769961476344543
201800047731,NonLethal,2018-10-05,14:10:00,Daylight,690,149,Yes,NoIntersection,Normal,Other,REPUBLIQUE (DE LA),M,45.717490942419936,4.715386936192776
201800047732,NonLethal,2018-05-10,19:40:00,NightStreelightsOn,690,385,Yes,X-type,Normal,3+Vehicles-Multiple,FRANCOIS GENIN,M,45.75341708961685,4.75489705980359
201800047733,NonLethal,2018-07-10,02:55:00,NightStreelightsOn,690,149,Yes,X-type,HeavyRain,2Vehicles-Side,CHARTON,M,45.71481710004167,4.715937364183612
201800047734,NonLethal,2018-07-10,13:10:00,Daylight,690,385,Yes,NoIntersection,LightRain,NoCollision,CHOULANS (DE),M,45.75233155602102,4.753444823413589
201800047735,Lethal,2018-09-10,18:10:00,Daylight,690,34,Yes,NoIntersection,Normal,Other,GENERAL LECLERC,M,45.80521254095766,4.805460252781883
201800047736,NonLethal,2018-09-10,18:40:00,Daylight,690,381,Yes,NoIntersection,Normal,2Vehicles-Behind,ANDRE LASSAGNE,M,45.769127968308126,4.771558743340826
201800047737,NonLethal,2018-10-11,08:23:00,Daylight,690,385,Yes,NoIntersection,Overcast,NoCollision,CHOULANS (DE),M,45.752199985242754,4.752374298511805
201800047738,NonLethal,2018-10-11,08:20:00,Daylight,690,385,Yes,NoIntersection,Normal,NoCollision,CHOULANS  (DE),M,45.75147238329651,4.7521118344564455
201800047739,NonLethal,2018-11-10,09:05:00,Daylight,690,385,Yes,NoIntersection,Normal,2Vehicles-Side,CHOULANS (DE),M,45.75420176404071,4.752901414840277
201800047740,NonLethal,2018-10-11,14:45:00,Daylight,690,389,Yes,NoIntersection,Normal,Other,GABRIEL CHEVALLIER,M,45.79879047607213,4.797970025548756
201800047741,NonLethal,2018-10-11,16:40:00,Daylight,690,389,Yes,NoIntersection,Normal,2Vehicles-Behind,ARLOING,M,45.77281689393581,4.771404980304499
201800047742,NonLethal,2018-10-11,15:50:00,Daylight,690,81,No,NoIntersection,Normal,Other,BON PASTEUR (DU),M,45.78831293439127,4.7879011456582665
201800047743,NonLethal,2018-11-10,12:10:00,Daylight,690,34,Yes,NoIntersection,Normal,3+Vehicles-Chain,FORTS (DES),M,45.79417184439218,4.792860201708073
201800047745,NonLethal,2018-10-13,18:20:00,Daylight,690,389,Yes,NoIntersection,Normal,Other,MARIETTON,M,45.77408741500668,4.774906349870077
201800047746,NonLethal,2018-10-14,21:55:00,NightStreelightsOn,690,381,Yes,NoIntersection,LightRain,NoCollision,ANDRE LASSAGNE,M,45.77197868388117,4.770481524236435
201800047748,NonLethal,2018-10-15,17:05:00,Daylight,690,389,Yes,NoIntersection,Normal,2Vehicles-Side,SERGENT MICHEL BERTHET (,M,45.76852738387379,4.768868758651336
201800047752,NonLethal,2018-09-18,19:00:00,TwilightOrDawn,690,382,Yes,Other,Normal,Other,JULES COURMONT,M,45.76048048910408,4.759708904326871
201800047753,NonLethal,2018-10-17,17:01:00,Daylight,690,202,Yes,X-type,Normal,3+Vehicles-Multiple,FONTS (DES),M,45.7429089936567,4.74095018252037
201800047755,NonLethal,2018-10-17,08:55:00,Daylight,690,385,Yes,Y-type,Normal,Other,MACCHABEES (DES),M,45.75576873353297,4.756311587916346
201800047756,NonLethal,2018-10-19,14:00:00,Daylight,690,34,Yes,NoIntersection,Normal,3+Vehicles-Chain,SOLDATS (DES),M,45.79280876817352,4.7941311959706185
201800047757,NonLethal,2018-10-19,17:11:00,Daylight,690,34,Yes,NoIntersection,Normal,Other,GEORGES CLEMENCEAU,M,45.79345500613596,4.793237308909736
201800047758,NonLethal,2018-10-20,06:00:00,NightStreelightsOn,690,34,Yes,NoIntersection,Normal,NoCollision,CHARDINY,M,45.79788666968844,4.796409987890829
201800047759,NonLethal,2018-10-20,16:30:00,Daylight,690,286,Yes,NoIntersection,Normal,NoCollision,CHAMP ROY (DU),M,45.82748068596539,4.8290105279947
201800047762,NonLethal,2018-10-21,12:20:00,Daylight,690,382,Yes,X-type,Normal,2Vehicles-Side,PALAIS GRILLET,M,45.762927240420645,4.761444476651694
201800047764,NonLethal,2018-10-23,16:20:00,Daylight,690,286,Yes,Other,Normal,3+Vehicles-Chain,ROUTE DE STRASBOURG,M,45.83570543882144,4.834882521410894
201800047765,NonLethal,2018-10-24,12:05:00,Daylight,690,382,Yes,NoIntersection,Normal,Other,CARNOT,M,45.74940280987542,4.750689575799274
201800047768,NonLethal,2018-10-27,18:40:00,NightStreelightsOn,690,385,Yes,T-type,Overcast,2Vehicles-Behind,BARTHELEMY BUYER,M,45.75907829026286,4.760805083069123
201800047770,NonLethal,2018-10-28,10:15:00,Daylight,690,202,Yes,X-type,Normal,2Vehicles-Side,MARECHAL FOCH (DU),M,45.74872861969959,4.749036524508413
201800047771,NonLethal,2018-10-28,22:30:00,NightStreelightsOn,690,381,Yes,NoIntersection,LightRain,2Vehicles-Behind,ST VINCENT,M,45.76950383341484,4.769390648352462
201800047772,NonLethal,2018-10-29,06:50:00,NightStreelightsOn,690,149,Yes,X-type,LightRain,Other,EMILE ZOLA,M,45.69909529511808,4.69994265502926
201800047773,NonLethal,2018-10-29,10:35:00,Daylight,690,81,Yes,X-type,LightRain,2Vehicles-BehindVehicles-Frontal,FRANKLIN ROOSEVELT,M,45.76639484241316,4.766053004637094
201800047774,NonLethal,2018-10-30,10:30:00,Daylight,690,385,Yes,Y-type,LightRain,Other,POINT DU JOUR (DU),M,45.75599351252981,4.755476796405958
201800047775,NonLethal,2018-10-31,08:40:00,Daylight,690,202,Yes,T-type,Overcast,2Vehicles-BehindVehicles-Frontal,RAZES (DES),M,45.73424417920607,4.733087219147072
201800047776,NonLethal,2018-01-11,06:40:00,NightStreelightsOn,690,385,Yes,T-type,LightRain,Other,PIERRE SCIZE,M,45.76749945598812,4.765922872090176
201800047778,NonLethal,2018-11-01,15:08:00,Daylight,690,286,Yes,Other,LightRain,2Vehicles-Side,ROUTE DE STRASBOURG D 48,M,45.81475411300337,4.8153797750375205
201800047779,NonLethal,2018-01-11,16:00:00,Daylight,690,149,Yes,NoIntersection,LightRain,2Vehicles-Behind,GRANDE RUE,M,45.72020744657107,4.719164297031471
201800047780,NonLethal,2018-11-01,17:50:00,NightStreelightsOn,690,149,Yes,NoIntersection,Normal,Other,EMILE ZOLA,M,45.72227152854152,4.722227340539479
201800047781,NonLethal,2018-02-11,10:40:00,Daylight,690,202,Yes,T-type,Normal,Other,CHAVRIL (DE),M,45.74759963434681,4.74750206313603
201800047782,NonLethal,2018-11-02,12:00:00,Daylight,690,385,Yes,NoIntersection,Normal,Other,MAURICE JACOB,M,45.761043555604985,4.760211013633231
201800047783,NonLethal,2018-05-11,11:15:00,Daylight,690,385,Yes,NoIntersection,Normal,Other,DOCTEUR EDMOND LOCARD,M,45.75607282745216,4.754971663428575
201800047784,NonLethal,2018-11-05,09:00:00,Daylight,690,382,Yes,NoIntersection,Normal,Other,JEAN MOULIN,M,45.762365419061545,4.762476656510949
201800047785,NonLethal,2018-11-06,21:40:00,NightStreelightsOn,690,34,Yes,T-type,Overcast,2Vehicles-Behind,STRASBOURG (ANCIENNE ROU,M,45.793851038269786,4.793458303437289
201800047786,NonLethal,2018-11-07,21:35:00,NightNoStreetLight,690,389,Yes,Square,LightRain,Other,PORT MOUTON (DU),M,45.773832610114574,4.772278976154516
201800047787,NonLethal,2018-11-07,23:30:00,NightStreelightsOn,690,385,Yes,NoIntersection,LightRain,NoCollision,CLEBERG,M,45.75985315141851,4.75886333892104
201800047788,NonLethal,2018-11-08,07:00:00,Daylight,690,286,Yes,NoIntersection,LightRain,2Vehicles-Side,ROUTE DU MAS RILLIER,M,45.822938197732725,4.822364222847212
201800047789,NonLethal,2018-11-07,09:20:00,Daylight,690,381,Yes,NoIntersection,Normal,2Vehicles-Behind,TUNNEL ROUTIER DE LA CRO,M,45.774557353125736,4.772951349222965
201800047790,NonLethal,2018-09-11,07:20:00,NightStreelightsOn,690,149,Yes,NoIntersection,LightRain,Other,FRANCISQUE JOMARD,M,45.71809653009538,4.71669840515389
201800047791,NonLethal,2018-09-11,18:44:00,NightStreelightsOn,690,34,Yes,NoIntersection,Normal,Other,PASTEUR,M,45.79365489213075,4.792827418698006
201800047792,NonLethal,2018-11-09,20:40:00,NightStreelightsOn,690,34,Yes,NoIntersection,Normal,2Vehicles-Side,BOUCLE (DE LA),M,45.77879030843008,4.779469223846665
201800047793,NonLethal,2018-10-11,19:40:00,NightStreelightsOn,690,389,Yes,X-type,Normal,2Vehicles-Side,GRANGE (DE LA),M,45.770474986226525,4.7684844730658655
201800047794,NonLethal,2018-11-10,19:45:00,NightStreelightsOn,690,382,Yes,NoIntersection,Normal,Other,PRESIDENT EDOUARD HERRIO,M,45.762092537182966,4.762600197407058
201800047795,NonLethal,2018-11-09,19:15:00,NightStreelightsOn,690,382,Yes,NoIntersection,Normal,Other,MARECHAL JOFFRE (DU),M,45.75362113175014,4.7531463560568135
201800047796,NonLethal,2018-11-13,09:50:00,Daylight,690,34,Yes,NoIntersection,LightRain,2Vehicles-Behind,GENERAL LECLERC,M,45.80239402022635,4.804255746673471
201800047797,NonLethal,2018-11-15,13:20:00,Daylight,690,34,Yes,NoIntersection,Normal,Other,PENTHOD (DU),M,45.78626765516302,4.786621474524383
201800047798,NonLethal,2018-11-15,17:25:00,NightStreelightsOn,690,34,Yes,NoIntersection,Normal,2Vehicles-Behind,PASTEUR,M,45.79103995861284,4.791076122253976
201800047799,NonLethal,2018-11-16,12:10:00,Daylight,690,389,Yes,NoIntersection,Normal,2Vehicles-Behind,BARTHELEMY BUYER,M,45.76465705390419,4.7648753356672495
201800047800,NonLethal,2018-11-16,06:55:00,NightStreelightsOn,690,382,Yes,Other,Normal,2Vehicles-Behind,PERRACHE,M,45.73326407909453,4.73469540636441
201800047801,NonLethal,2018-11-16,21:20:00,NightStreelightsOn,690,389,Yes,Roundabout,LightRain,2Vehicles-Side,25EME REGIMENT DE TIRAIL,M,45.78394076089064,4.783372097720204
201800047802,NonLethal,2018-11-16,11:50:00,Daylight,690,34,Yes,Other,Normal,2Vehicles-Side,COSTE,M,45.78893479034279,4.790836160670305
201800047803,NonLethal,2018-11-17,10:10:00,Daylight,690,286,No,NoIntersection,LightRain,2Vehicles-BehindVehicles-Frontal,ROUTE DE FONTAINE,M,45.82473342813974,4.826699174945283
201800047804,NonLethal,2018-11-19,18:14:00,TwilightOrDawn,690,389,Yes,NoIntersection,LightRain,Other,RHIN ET DANUBE,M,45.78311114990647,4.784661741193164
201800047805,NonLethal,2018-11-20,18:00:00,NightStreelightsOn,690,202,Yes,T-type,LightRain,2Vehicles-BehindVehicles-Frontal,RAZES (DES),M,45.73439316510808,4.73304577422792
201800047806,NonLethal,2018-11-20,20:13:00,NightStreelightsOn,690,34,Yes,NoIntersection,LightRain,2Vehicles-Behind,COSTE,M,45.788821599247775,4.79023728197326
201800047807,NonLethal,2018-11-22,21:55:00,NightStreelightsOn,690,382,Yes,NoIntersection,Normal,Other,CARNOT,M,45.75271988065327,4.750913581542843
201800047808,NonLethal,2018-11-24,07:15:00,TwilightOrDawn,690,385,Yes,NoIntersection,LightRain,Other,CHOULANS (DE),M,45.75427029473538,4.752778081351605
201800047809,NonLethal,2018-11-24,09:30:00,Daylight,690,202,Yes,X-type,Overcast,Other,CHATELAIN,M,45.731978256284606,4.733306909388597
201800047810,NonLethal,2018-11-24,11:03:00,Daylight,690,384,Yes,X-type,Normal,Other,HENON,M,45.77848317022416,4.778478655758541
201800047811,NonLethal,2018-11-23,10:45:00,Daylight,690,34,Yes,NoIntersection,Normal,Other,LUCIEN MAITRE,M,45.78990123878323,4.790821356617297
201800047812,NonLethal,2018-11-24,14:40:00,Daylight,690,382,Yes,X-type,Normal,2Vehicles-Side,JULES COURMONT,M,45.76074664033568,4.758110924558983
201800047813,NonLethal,2018-11-24,15:00:00,Daylight,690,34,Yes,X-type,Normal,2Vehicles-BehindVehicles-Frontal,GENERAL DE GAULLE,M,45.81133635880327,4.810168763961597
201800047815,NonLethal,2018-11-25,02:30:00,NightStreelightsOn,690,382,Yes,NoIntersection,Normal,Other,GRENETTE,M,45.76303733371708,4.761911676741323
201800047816,NonLethal,2018-11-26,09:40:00,Daylight,690,81,Yes,NoIntersection,Normal,NoCollision,VERDUN (DE),M,45.773058735570366,4.77240840616325
201800047817,NonLethal,2018-11-27,14:20:00,Daylight,690,286,Yes,X-type,Normal,2Vehicles-BehindVehicles-Frontal,ROUTE DE GENEVE,M,45.80878374158613,4.80589747839312
201800047818,NonLethal,2018-11-23,17:20:00,NightStreelightsOn,690,381,Yes,T-type,LightRain,Other,IMBERT COLOMES,M,45.77281462039839,4.770886735926651
201800047819,NonLethal,2018-11-28,17:20:00,NightStreelightsOn,690,149,Yes,NoIntersection,Normal,Other,GRANDE RUE,M,45.710571867578,4.709455319146725
201800047820,NonLethal,2018-11-28,20:35:00,NightStreelightsOn,690,384,Yes,NoIntersection,Normal,2Vehicles-Side,JOSEPH GILLET,M,45.7874131801629,4.786754893202734
201800047821,NonLethal,2018-11-29,01:00:00,NightStreelightsOn,690,149,Yes,X-type,Normal,NoCollision,REPUBLIQUE (DE LA),M,45.71663778891535,4.716359990937946
201800047822,NonLethal,2018-11-28,19:10:00,NightStreelightsOn,690,389,Yes,Other,Normal,Other,JAYR,M,45.77445658795441,4.773570773480636
201800047823,NonLethal,2018-11-28,19:15:00,NightStreelightsOn,690,381,Yes,NoIntersection,Normal,2Vehicles-Side,CROIX ROUSSE (DE LA),M,45.77452980938932,4.7729007421472
201800047825,NonLethal,2018-11-30,07:45:00,Daylight,690,149,Yes,Other,LightRain,2Vehicles-Side,PRESIDENT EDOUARD HERRIO,M,45.71747988952893,4.718033153377005
201800047826,NonLethal,2018-11-30,13:00:00,Daylight,690,389,Yes,X-type,HeavyRain,2Vehicles-Side,SAUVEGARDE (DE LA),M,45.7892111765491,4.790367572150421
201800047827,NonLethal,2018-12-01,06:00:00,NightStreelightsOn,690,382,Yes,NoIntersection,LightRain,3+Vehicles-Multiple,PERRACHE,M,45.73466536010566,4.734706943731404
201800047830,Lethal,2018-12-01,15:00:00,Daylight,690,385,Yes,NoIntersection,Normal,Other,TOURELLES (DES),M,45.754977677865625,4.7564207878461815
201800047831,NonLethal,2018-02-12,08:40:00,TwilightOrDawn,690,81,No,NoIntersection,Overcast,NoCollision,,M,45.78685624411534,4.785913768307216
201800047832,NonLethal,2018-03-12,08:00:00,Daylight,690,381,Yes,X-type,Normal,Other,JARDIN DES PLANTES (DU),M,45.7702512144764,4.770252210639363
201800047833,NonLethal,2018-03-12,07:50:00,Daylight,690,389,Yes,NoIntersection,LightRain,NoCollision,SIDOINE APPOLINAIRE,M,45.774903793548354,4.775977183415574
201800047834,NonLethal,2018-12-04,08:20:00,Daylight,690,142,Yes,X-type,Normal,2Vehicles-Behind,STEPHANE DECHANT,M,45.72243355712,4.719885355518124
201800047835,NonLethal,2018-04-12,13:40:00,Daylight,690,149,Yes,Other,Normal,2Vehicles-Side,GRANDE RUE,M,45.713705526489576,4.71491979014078
201800047836,NonLethal,2018-12-05,19:30:00,NightStreelightsOn,690,202,Yes,NoIntersection,Normal,3+Vehicles-Multiple,11 NOVEMBRE (DU),M,45.73768957422097,4.738368099451582
201800047837,NonLethal,2018-06-12,07:20:00,TwilightOrDawn,690,389,Yes,Y-type,LightRain,Other,JOANNES MASSET,M,45.76986650422535,4.770164320435467
201800047838,NonLethal,2018-06-12,15:00:00,Daylight,690,389,Yes,NoIntersection,LightRain,NoCollision,DUCHERE (DE LA),M,45.77617689562319,4.775988681049402
201800047839,NonLethal,2018-06-12,18:00:00,NightStreelightsOn,690,382,Yes,NoIntersection,LightRain,Other,CARNOT,M,45.74942980490706,4.749446277503982
201800047840,NonLethal,2018-12-06,19:10:00,NightStreelightsOn,690,34,Yes,NoIntersection,LightRain,2Vehicles-BehindVehicles-Frontal,CASTELLANE,M,45.79891079014664,4.798832702216771
201800047841,NonLethal,2018-07-12,10:30:00,Daylight,690,202,Yes,NoIntersection,Normal,Other,XAVIER RICARD,M,45.7358219620273,4.7370310875280985
201800047842,NonLethal,2018-12-06,18:10:00,NightStreelightsOn,690,152,Yes,NoIntersection,LightRain,Other,EUROPE (DE L'),M,45.69599722335806,4.695232999811806
201800047843,NonLethal,2018-07-12,20:55:00,NightStreelightsOn,690,81,Yes,NoIntersection,Normal,2Vehicles-Behind,BON PASTEUR (DU),M,45.78649836237683,4.786793643477734
201800047844,NonLethal,2018-12-05,19:50:00,NightStreelightsOn,690,34,Yes,NoIntersection,Normal,Other,GEORGES CLEMENCEAU,M,45.81314009858748,4.812201638901411
201800047846,NonLethal,2018-12-08,23:30:00,NightStreelightsOn,690,286,Yes,NoIntersection,Normal,2Vehicles-Behind,EUROPE (DE L'),M,45.81196970648068,4.815601000897209
201800047847,NonLethal,2018-12-09,05:10:00,NightStreelightsOn,690,389,Yes,NoIntersection,Normal,Other,JEAN FOURNIER,M,45.7807915039331,4.779780426332907
201800047848,NonLethal,2018-12-10,08:53:00,Daylight,690,385,Yes,NoIntersection,Normal,Other,BONDY (DE),M,45.76777563475579,4.766043055392912
201800047850,NonLethal,2018-12-11,12:20:00,Daylight,690,389,Yes,NoIntersection,Normal,Other,CLAIRE (DE LA),M,45.78045159685988,4.7803805108579365
201800047851,NonLethal,2018-11-12,12:15:00,Daylight,690,149,Yes,X-type,Normal,2Vehicles-Side,GRANDE RUE,M,45.7147682427042,4.717661212773765
201800047852,NonLethal,2018-12-11,18:10:00,NightStreelightsOn,690,384,Yes,NoIntersection,Normal,2Vehicles-Side,HENON,M,45.77896911390371,4.779643286894274
201800047853,NonLethal,2018-12-12,16:30:00,TwilightOrDawn,690,389,Yes,X-type,Normal,2Vehicles-BehindVehicles-Frontal,SERGENT MICHEL BERTHET (,M,45.76996235862472,4.770274391949393
201800047854,NonLethal,2018-12-13,19:07:00,NightStreelightsOn,690,286,Yes,NoIntersection,Normal,Other,EUROPE (DE L'),M,45.81836938825127,4.8178350277299815
201800047855,NonLethal,2018-12-13,20:00:00,NightStreelightsOn,690,384,Yes,NoIntersection,Normal,Other,JOSEPH GILLET,M,45.77139815734142,4.770330145957304
201800047856,NonLethal,2018-12-14,08:40:00,Daylight,690,382,Yes,NoIntersection,Normal,3+Vehicles-Chain,DOCTEUR GAILLETON (DU),M,45.75615128994502,4.75379830037646
201800047857,NonLethal,2018-12-13,20:00:00,NightStreelightsOn,690,382,Yes,X-type,Normal,2Vehicles-Side,PRESIDENT EDOUARD HERRIO,M,45.75967138244202,4.7586121540397714
201800047858,NonLethal,2018-12-15,07:10:00,NightStreelightsOn,690,34,Yes,NoIntersection,Normal,2Vehicles-Side,RAYMOND POINCARE,M,45.78825384058321,4.788017186650695
201800047859,NonLethal,2018-12-17,19:20:00,NightStreelightsOn,690,389,Yes,NoIntersection,LightRain,2Vehicles-Side,ST CYR (DE),M,45.78504136298204,4.784667829244002
201800047860,NonLethal,2018-12-18,09:00:00,Daylight,690,384,Yes,X-type,FogOrSmoke,Other,IVRY (D'),M,45.77642788069952,4.781087652244805
201800047861,NonLethal,2018-12-18,17:30:00,NightStreelightsOn,690,389,Yes,T-type,Normal,2Vehicles-Side,JOANNES CARRET,M,45.78423267212175,4.787156051631493
201800047862,NonLethal,2018-12-18,08:45:00,Daylight,690,385,Yes,NoIntersection,FogOrSmoke,Other,POINT DU JOUR (DU),M,45.75539549748203,4.756403510953007