AccidentId,Gravity,Date,Hour,Light,Department,Commune,InAgglomeration,IntersectionType,Weather,CollisionType,PostalAddress,GPSCode,Latitude,Longitude
201800047863,NonLethal,2018-12-19,17:30:00,NightStreelightsOn,690,34,Yes,NoIntersection,Normal,2Vehicles-Behind,JEAN MONNET,M,45.78886842304826,4.787086605469089
201800047864,NonLethal,2018-12-19,18:00:00,NightStreelightsOn,690,389,Yes,T-type,LightRain,2Vehicles-Side,SAUVEGARDE (DE LA),M,45.790014066216976,4.789544180270049
201800047865,NonLethal,2018-12-20,06:05:00,NightStreelightsOn,690,389,Yes,NoIntersection,Normal,Other,MARIETTON,M,45.77599387282235,4.776848813359015
201800047866,NonLethal,2018-12-20,16:55:00,TwilightOrDawn,690,286,Yes,T-type,Normal,Other,EUROPE (DE L'),M,45.812158110712026,4.811333707934195
201800047869,NonLethal,2018-12-21,18:30:00,NightStreelightsOn,690,384,Yes,NoIntersection,LightRain,Other,DUMONT D'URVILLE,M,45.77664174362164,4.776610304537062
201800047870,NonLethal,2018-12-22,02:10:00,NightStreelightsOn,690,381,Yes,X-type,Normal,2Vehicles-Side,CAPUCINS (DES),M,45.7685635804262,4.768060878820352
201800047872,NonLethal,2018-12-24,16:10:00,TwilightOrDawn,690,389,Yes,NoIntersection,LightRain,Other,25EME REGIMENT DE TIRAIL,M,45.7923863889355,4.790605501114071
201800047873,NonLethal,2018-12-24,19:55:00,NightStreelightsOn,690,81,No,Other,Normal,NoCollision,BON PASTEUR (DU),M,45.7864150468722,4.78639451007817
201800047874,NonLethal,2018-12-23,11:40:00,Daylight,690,34,Yes,NoIntersection,Normal,Other,PASTEUR,M,45.794714520429785,4.796308689397955
201800047875,NonLethal,2018-12-25,16:40:00,Daylight,690,286,Yes,NoIntersection,Normal,Other,CHAMP ROY (DU),M,45.8298587248896,4.830392340533966
201800047876,NonLethal,2018-12-25,16:40:00,TwilightOrDawn,690,385,Yes,NoIntersection,Normal,2Vehicles-BehindVehicles-Frontal,COMMANDANT CHARCOT (DU),M,45.74601218020939,4.746076984153725
201800047877,NonLethal,2018-12-26,21:00:00,NightStreelightsOn,690,286,Yes,T-type,Normal,2Vehicles-BehindVehicles-Frontal,EUROPE (DE L'),M,45.81786893246536,4.817406612997428
201800047878,NonLethal,2018-12-27,10:30:00,Daylight,690,34,Yes,NoIntersection,Normal,Other,GENERAL LECLERC,M,45.80245605461519,4.804905689569164
201800047879,NonLethal,2018-12-27,22:00:00,NightStreelightsOn,690,34,Yes,NoIntersection,Normal,Other,SOLDATS (DES),M,45.79025374481228,4.789109405474816
201800047880,NonLethal,2018-12-29,14:40:00,Daylight,690,286,Yes,NoIntersection,Normal,Other,BRUXELLES (DE),M,45.81997616057839,4.819035962140297
201800047883,NonLethal,2018-12-31,12:30:00,Daylight,690,34,Yes,NoIntersection,Overcast,2Vehicles-Behind,PIERRE TERRASSE,M,45.79927621096842,4.797255592678913
201800047884,NonLethal,2018-01-01,16:00:00,Daylight,590,350,No,NoIntersection,LightRain,2Vehicles-Behind,AUTOROUTE A25,M,50.62202111778341,3.6205081626700175
201800047885,NonLethal,2018-12-30,23:05:00,NightNoStreetLight,590,378,No,NoIntersection,LightRain,Other,AUTOROUTE A22,M,50.685782835759134,3.686250361136973
201800047888,NonLethal,2018-10-01,10:10:00,Daylight,590,646,No,NoIntersection,LightRain,2Vehicles-Behind,ROUTE DEPARTEMENTALE 652,M,50.68066129809678,3.679633195071495
201800047890,NonLethal,2018-01-12,12:45:00,Daylight,590,606,No,NoIntersection,Normal,Other,AUTOROUTE A2,M,50.33544259114276,3.336986023350045
201800047891,NonLethal,2018-01-17,09:00:00,Daylight,590,431,No,NoIntersection,Normal,Other,AUTOROUTE A25,M,50.688271534485565,2.6896474809644544
201800047892,NonLethal,2018-01-20,20:00:00,NightNoStreetLight,620,274,No,NoIntersection,Normal,3+Vehicles-Multiple,AUTOROUTE A1,M,50.4332333754388,2.4325014161989507
201800047893,NonLethal,2018-01-20,14:30:00,Daylight,590,350,No,NoIntersection,LightRain,Other,AUTOROUTE A25,M,50.616455991177865,3.617121677137471
201800047894,NonLethal,2018-01-20,07:25:00,NightNoStreetLight,620,274,No,NoIntersection,LightRain,NoCollision,AUTOROUTE A1,M,50.43297257959456,2.4325114038229976
201800047895,NonLethal,2018-01-26,03:15:00,NightStreelightsOff,590,609,No,NoIntersection,Normal,Other,AUTOROUTE A1,M,50.87703759193332,3.875720532071077
201800047897,NonLethal,2018-02-02,23:00:00,NightNoStreetLight,590,560,No,NoIntersection,LightRain,Other,AUTOROUTE A1,M,50.53702538421034,3.53866718225666
201800047898,NonLethal,2018-06-02,17:00:00,Daylight,590,566,No,NoIntersection,StrongWindOrStorm,3+Vehicles-Chain,AUTOROUTE A25,M,50.61966293629484,2.617085467118138
201800047900,Lethal,2018-02-16,21:37:00,NightNoStreetLight,590,646,No,NoIntersection,Normal,Other,AUTOROUTE A22,M,50.68285458551224,3.682006284047824
201800047901,NonLethal,2018-02-16,04:45:00,NightNoStreetLight,590,90,No,NoIntersection,Normal,Other,ROUTE DEPARTEMENTALE 652,M,50.68487896612582,3.6820977209485375
201800047903,Lethal,2018-02-26,13:49:00,Daylight,590,195,No,NoIntersection,Normal,Other,AUTOROUTE A25,M,50.62840742987788,2.628531238353145
201800047904,NonLethal,2018-02-15,08:45:00,TwilightOrDawn,590,426,No,NoIntersection,Normal,Other,AUTOROUTE A22,M,50.74928359233469,3.750803424670797
201800047906,NonLethal,2018-03-07,15:40:00,Daylight,620,193,No,NoIntersection,Normal,3+Vehicles-Chain,AUTOROUTE A16,M,50.937078588153256,1.9377030608923456
201800047907,NonLethal,2018-03-17,17:30:00,Daylight,590,560,No,NoIntersection,SnowOrHail,NoCollision,AUTOROUTE A1,M,50.54065909287221,3.5407810563817583
201800047908,Lethal,2018-03-16,15:45:00,Daylight,590,544,No,NoIntersection,Normal,NoCollision,AUTOROUTE A2,M,50.362018591383546,3.362048273377246
201800047909,NonLethal,2018-03-20,14:15:00,Daylight,590,613,No,NoIntersection,Normal,2Vehicles-Behind,AUTOROUTE A2,M,50.4102952644889,3.4075235443282423
201800047910,NonLethal,2018-03-25,15:35:00,Daylight,590,435,No,NoIntersection,Normal,NoCollision,AUTOROUTE A23,M,50.491785183092055,3.4920917192698995
201800047911,NonLethal,2018-03-24,15:15:00,Daylight,590,507,No,NoIntersection,Normal,Other,AUTOROUTE A1,M,50.60652074105053,3.6052425188812514
201800047912,NonLethal,2018-03-04,10:45:00,Daylight,620,510,No,NoIntersection,Normal,2Vehicles-Behind,AUTOROUTE A21,M,50.43754808455488,2.439955771427748
201800047913,NonLethal,2018-04-18,11:05:00,Daylight,590,237,No,NoIntersection,Normal,3+Vehicles-Chain,AUTOROUTE A25,M,50.75503871691773,2.7530956504441337
201800047915,NonLethal,2018-04-19,11:20:00,Daylight,590,507,No,NoIntersection,Normal,2Vehicles-BehindVehicles-Frontal,AUTOROUTE A1,M,50.6107651622249,3.610888972739192
201800047916,NonLethal,2018-04-20,13:00:00,Daylight,590,343,No,NoIntersection,VeryGood,2Vehicles-Behind,AUTOROUTE A22,M,50.59441650626589,3.594038282608216
201800047917,Lethal,2018-04-22,15:30:00,Daylight,590,90,No,NoIntersection,Normal,2Vehicles-Behind,AUTOROUTE A22,M,50.7209537648796,3.721771180623196
201800047918,NonLethal,2018-04-26,09:10:00,Daylight,590,646,No,NoIntersection,Normal,2Vehicles-Behind,ROUTE DEPARTEMENTALE 656,M,50.67466209954398,3.67454602140965
201800047919,NonLethal,2018-06-05,10:35:00,Daylight,590,43,No,NoIntersection,Normal,2Vehicles-Behind,AUTOROUTE A25,M,50.72844458340472,2.728272898385216
201800047920,NonLethal,2018-05-16,18:30:00,Daylight,590,458,No,NoIntersection,Normal,Other,AUTOROUTE A23,M,50.56802817731481,3.5663269464526888
201800047921,NonLethal,2018-05-05,09:25:00,Daylight,590,350,No,NoIntersection,Normal,Other,ROUTE NATIONALE 356,M,50.64439522280479,3.644474112065119
201800047922,Lethal,2018-05-22,20:45:00,Daylight,620,274,No,NoIntersection,Normal,2Vehicles-Behind,AUTOROUTE A1,M,50.43491295300947,2.433684096343753
201800047923,NonLethal,2018-05-18,17:45:00,Daylight,590,609,No,NoIntersection,Normal,2Vehicles-Side,AUTOROUTE A1,M,50.57399510049338,3.5740618353975546
201800047924,NonLethal,2018-05-26,12:10:00,Daylight,590,343,No,NoIntersection,Normal,2Vehicles-Behind,AUTOROUTE A23,M,50.59274825914811,3.5932848966935897
201800047925,NonLethal,2018-05-16,11:34:00,Daylight,590,599,No,NoIntersection,Normal,2Vehicles-Behind,ROUTE DEPARTEMENTALE 656,M,50.7025397757832,3.700506177680731
201800047927,NonLethal,2018-05-29,10:50:00,Daylight,590,605,No,NoIntersection,Normal,NoCollision,AUTOROUTE A16,M,51.035972941606914,2.0344069095404307
201800047928,NonLethal,2018-05-30,08:00:00,Daylight,590,449,No,NoIntersection,Normal,3+Vehicles-Chain,AUTOROUTE A23,M,50.46848220610747,3.468269053811679
201800047929,NonLethal,2018-05-31,07:45:00,Daylight,590,581,No,NoIntersection,LightRain,2Vehicles-Behind,AUTOROUTE A25,M,50.70704140093342,2.705747400366308
201800047930,NonLethal,2018-05-06,08:45:00,Daylight,590,386,No,NoIntersection,Normal,3+Vehicles-Chain,ROUTE DEPARTEMENTALE 652,M,50.6789273877357,3.6786790885399214
201800047932,NonLethal,2018-09-06,01:10:00,NightNoStreetLight,590,80,No,NoIntersection,Normal,2Vehicles-Behind,AUTOROUTE A23,M,50.45665605793359,3.4555936604144883
201800047933,NonLethal,2018-12-06,04:55:00,NightNoStreetLight,620,393,No,NoIntersection,Normal,NoCollision,AUTOROUTE A16,M,50.93412875624654,1.9331287746843848
201800047934,NonLethal,2018-06-20,12:33:00,Daylight,590,507,No,NoIntersection,Normal,3+Vehicles-Chain,AUTOROUTE A1,M,50.61127300921004,3.609649261804338
201800047935,NonLethal,2018-06-23,09:00:00,Daylight,590,260,No,NoIntersection,Normal,Other,AUTOROUTE A16,M,51.04788487246496,2.0475640349298576
201800047936,Lethal,2018-06-22,23:30:00,NightNoStreetLight,590,574,No,NoIntersection,Normal,2Vehicles-BehindVehicles-Frontal,AUTOROUTE A 21,M,50.35085793601667,3.3534792487269462
201800047937,NonLethal,2018-06-26,20:30:00,Daylight,590,346,No,NoIntersection,Normal,2Vehicles-Side,ROUTE NATIONALE 227,M,50.61244910719226,3.611968003270549
201800047938,NonLethal,2018-06-28,07:55:00,Daylight,590,179,No,NoIntersection,Normal,2Vehicles-Behind,AUTOROUTE A2,M,50.30169605627308,3.304191916295545
201800047939,NonLethal,2018-06-29,08:05:00,Daylight,590,360,No,NoIntersection,Normal,2Vehicles-Side,AUTOROUTE A25,M,50.62034618846261,3.621689492301744
201800047940,Lethal,2018-11-06,02:05:00,NightNoStreetLight,590,359,No,NoIntersection,Normal,Other,AUTOROUTE A16,M,50.98955859529095,2.990056798139611
201800047941,Lethal,2018-03-07,08:40:00,Daylight,590,646,No,NoIntersection,Normal,2Vehicles-Behind,ROUTE DEPARTEMENTALE 656,M,50.67673645297839,3.67502860257217
201800047942,NonLethal,2018-07-04,09:40:00,Daylight,590,491,No,NoIntersection,Normal,NoCollision,AUTOROUTE A23,M,50.38493204937931,3.3848158068820684
201800047943,NonLethal,2018-07-08,18:00:00,Daylight,590,343,No,NoIntersection,Normal,2Vehicles-Side,AUTOROUTE A1,M,50.591912861629794,3.5934458364633164
201800047944,Lethal,2018-07-19,14:35:00,Daylight,590,359,No,NoIntersection,Normal,Other,AUTOROUTE A16,M,50.988328935979546,2.9907255966544413
201800047945,NonLethal,2018-07-01,11:00:00,Daylight,590,566,No,NoIntersection,Normal,2Vehicles-Behind,AUTOROUTE A25,M,50.61803203472651,2.618901203978772
201800047946,NonLethal,2018-07-21,06:30:00,TwilightOrDawn,590,646,No,NoIntersection,LightRain,Other,ROUTE NATIONALE 356,M,50.672742191229446,3.6749184060461775
201800047947,NonLethal,2018-07-21,23:30:00,NightNoStreetLight,620,498,No,NoIntersection,Normal,2Vehicles-Behind,AUTOROUTE A211,M,50.42787148625544,2.4271290946227677
201800047948,Lethal,2018-07-26,16:00:00,Daylight,590,574,No,NoIntersection,Normal,Other,AUTOROUTE A 21,M,50.35968876221665,3.359571584906098
201800047949,NonLethal,2018-07-24,14:45:00,Daylight,590,43,No,NoIntersection,Normal,3+Vehicles-Chain,AUTOROUTE A25,M,50.72499470471314,2.7253004270793544
201800047950,NonLethal,2018-07-28,16:00:00,Daylight,590,179,No,NoIntersection,Normal,3+Vehicles-Chain,AUTOROUTE A2,M,50.30672178554604,3.307487286164481
201800047951,NonLethal,2018-06-08,06:06:00,Daylight,590,459,No,NoIntersection,Normal,2Vehicles-Behind,AUTOROUTE A23,M,50.36727999981396,3.3670438992143605
201800047952,NonLethal,2018-08-07,15:30:00,Daylight,590,435,No,NoIntersection,Normal,2Vehicles-Side,AUTOROUTE A23,M,50.501767151822726,3.5015227352876352
201800047953,NonLethal,2018-02-08,07:45:00,Daylight,590,603,No,NoIntersection,Normal,NoCollision,AUTOROUTE A2,M,50.33867601063387,3.3365072826578026
201800047954,NonLethal,2018-08-19,19:30:00,Daylight,620,498,No,NoIntersection,Normal,2Vehicles-Behind,AUTOROUTE A21,M,50.45103791474037,2.448955248464438
201800047955,NonLethal,2018-08-20,09:00:00,Daylight,590,560,No,NoIntersection,Normal,2Vehicles-Behind,AUTOROUTE A1,M,50.54338181682609,3.543436984146184
201800047957,NonLethal,2018-08-24,10:40:00,Daylight,590,456,No,NoIntersection,Normal,2Vehicles-Behind,AUTOROUTE A 21,M,50.38510403863633,3.382556669217931
201800047958,NonLethal,2018-08-23,16:40:00,Daylight,590,82,No,NoIntersection,Normal,2Vehicles-Behind,ROUTE NATIONALE 225,M,50.96328774917208,2.9633939019044697
201800047960,NonLethal,2018-08-31,16:50:00,Daylight,590,350,No,NoIntersection,Normal,2Vehicles-Behind,ROUTE NATIONALE 356,M,50.629491050524486,3.63129319183672
201800047962,Lethal,2018-02-09,13:45:00,Daylight,590,508,No,NoIntersection,Normal,2Vehicles-Behind,AUTOROUTE A22,M,50.7538488881109,3.753397632289013
201800047963,NonLethal,2018-08-22,16:00:00,Daylight,590,462,No,NoIntersection,Normal,2Vehicles-Behind,AUTOROUTE A1,M,50.516296775700965,3.515666832892053
201800047964,NonLethal,2018-09-03,22:15:00,NightNoStreetLight,590,350,No,NoIntersection,Normal,2Vehicles-Behind,ROUTE NATIONALE 356,M,50.63421367942514,3.632884897602078
201800047965,NonLethal,2018-08-09,23:50:00,NightNoStreetLight,590,410,No,NoIntersection,Normal,2Vehicles-Behind,ROUTE NATIONALE 356,M,50.64349709513398,3.6431746697777294
201800047967,NonLethal,2018-09-15,06:30:00,TwilightOrDawn,620,351,No,NoIntersection,Normal,Other,AUTOROUTE A21,M,50.43279863072705,2.43303619348795
201800047969,NonLethal,2018-09-22,11:50:00,Daylight,590,574,No,NoIntersection,Normal,2Vehicles-BehindVehicles-Frontal,AUTOROUTE A 21,M,50.35953547980309,3.3610479367429966
201800047970,NonLethal,2018-09-25,18:15:00,Daylight,590,356,No,NoIntersection,Normal,2Vehicles-Behind,ROUTE DEPARTEMENTALE 652,M,50.65229109094068,2.652083846577816
201800047972,NonLethal,2018-09-25,17:40:00,Daylight,620,239,No,NoIntersection,Normal,Other,AUTOROUTE A16,M,50.93575664864186,1.9371658686120368
201800047973,NonLethal,2018-09-30,07:45:00,Daylight,590,195,No,NoIntersection,Normal,Other,ROUTE DEPARTEMENTALE 652,M,50.6301601072375,2.6281979095557304
201800047974,NonLethal,2018-09-26,08:55:00,Daylight,590,80,No,NoIntersection,Normal,3+Vehicles-Chain,AUTOROUTE A23,M,50.4563655663852,3.4546643334699025
201800047975,NonLethal,2018-09-27,17:00:00,Daylight,590,80,No,NoIntersection,Normal,3+Vehicles-Chain,AUTOROUTE A23,M,50.45655251981215,3.455749155268487
201800047977,NonLethal,2018-09-17,21:50:00,NightNoStreetLight,620,498,No,NoIntersection,Normal,2Vehicles-Behind,AUTOROUTE A21,M,50.45059678398965,2.4511457446252685
201800047978,NonLethal,2018-10-11,14:10:00,Daylight,590,350,No,NoIntersection,Normal,Other,ROUTE NATIONALE 356,M,50.630677911945085,3.631799650888716
201800047979,NonLethal,2018-10-12,08:30:00,Daylight,620,907,No,NoIntersection,Normal,3+Vehicles-Chain,AUTOROUTE A1,M,50.48493410662583,2.482919270793238
201800047981,NonLethal,2018-10-19,14:45:00,Daylight,590,29,No,NoIntersection,Normal,2Vehicles-Behind,AUTOROUTE A23,M,50.48534599980345,3.4831912031230408
201800047982,NonLethal,2018-10-31,07:30:00,Daylight,590,343,No,NoIntersection,Normal,NoCollision,AUTOROUTE A22,M,50.60215791141291,3.601215399376868
201800047983,NonLethal,2018-10-30,05:50:00,NightNoStreetLight,590,234,No,NoIntersection,Normal,Other,AUTOROUTE A21,M,50.40427839966343,3.4026911180397192
201800047985,NonLethal,2018-07-11,12:30:00,Daylight,590,343,No,NoIntersection,LightRain,Other,ROUTE NATIONALE 227,M,50.60033448735599,3.599601280224579
201800047987,NonLethal,2018-11-16,18:00:00,TwilightOrDawn,590,350,No,NoIntersection,LightRain,Other,AUTOROUTE A25,M,50.61691059839438,3.617120876428512
201800047988,NonLethal,2018-11-18,15:00:00,Daylight,590,271,No,NoIntersection,Normal,2Vehicles-Behind,AUTOROUTE A16,M,51.01278783222896,2.0126226136230985
201800047989,NonLethal,2018-11-17,16:53:00,Daylight,590,378,No,NoIntersection,Normal,3+Vehicles-Chain,ROUTE DEPARTEMENTALE 652,M,50.68453576157479,3.68460826852692
201800047990,NonLethal,2018-11-17,16:30:00,Daylight,590,172,No,NoIntersection,Normal,Other,AUTOROUTE A 21,M,50.31644474491628,3.318338240350992
201800047991,NonLethal,2018-11-23,18:05:00,TwilightOrDawn,590,350,No,NoIntersection,Normal,Other,AUTOROUTE A25,M,50.61718108446285,3.615251988767951
201800047992,Lethal,2018-11-30,19:00:00,NightNoStreetLight,590,523,No,NoIntersection,Normal,3+Vehicles-Multiple,AUTOROUTE A27,M,50.59892127192054,3.600188532174183
201800047993,NonLethal,2018-03-12,12:00:00,TwilightOrDawn,590,346,No,NoIntersection,Normal,Other,ROUTE NATIONALE 227,M,50.61268923697562,3.612412294427867
201800047994,NonLethal,2018-04-12,15:25:00,Daylight,590,566,No,NoIntersection,Normal,3+Vehicles-Chain,AUTOROUTE A25,M,50.61774958659765,2.618050135177366
201800047995,Lethal,2018-12-13,21:40:00,NightNoStreetLight,620,498,No,NoIntersection,Normal,Other,AUTOROUTE A21,M,50.45022736575726,2.450075258646771
201800047996,Lethal,2018-12-15,05:45:00,NightNoStreetLight,620,427,No,NoIntersection,Overcast,3+Vehicles-Chain,AUTOROUTE A1,M,50.44358341942269,2.443241625901631
201800047997,NonLethal,2018-11-12,19:00:00,NightNoStreetLight,590,507,No,NoIntersection,Normal,3+Vehicles-Multiple,AUTOROUTE A1,M,50.60732500884571,3.608749756138679
201800047998,Lethal,2018-12-26,04:05:00,NightNoStreetLight,590,662,No,NoIntersection,Normal,2Vehicles-Behind,AUTOROUTE A25,M,50.84023373402189,2.8405553556275507
201800047999,NonLethal,2018-12-27,01:30:00,NightNoStreetLight,620,274,No,NoIntersection,Normal,Other,AUTOROUTE A1,M,50.43821227071216,2.43720302034376
201800048000,NonLethal,2018-12-27,05:30:00,NightNoStreetLight,590,9,No,NoIntersection,Normal,Other,ROUTE NATIONALE 227,M,50.62948562569967,3.631614602203057
201800048001,NonLethal,2018-01-01,16:50:00,TwilightOrDawn,690,388,Yes,NoIntersection,LightRain,2Vehicles-Behind,"79, ETATS UNIS (DES)",M,45.73260645007535,4.731335556129839
201800048002,NonLethal,2018-01-01,04:15:00,NightStreelightsOn,690,388,Yes,NoIntersection,Normal,Other,ALBERT THOMAS,M,45.7438091104808,4.744055463180641
201800048003,NonLethal,2018-01-01,22:45:00,NightStreelightsOn,690,199,Yes,NoIntersection,Normal,Other,"46, CARNOT",M,45.70652675131907,4.707484378531737
201800048004,NonLethal,2018-01-02,20:00:00,NightStreelightsOn,690,387,Yes,NoIntersection,Normal,2Vehicles-Side,"61, DEBOURG",M,45.731350865083726,4.731513720544283
201800048005,NonLethal,2018-03-01,14:30:00,TwilightOrDawn,690,199,Yes,T-type,LightRain,2Vehicles-Side,ALBERT THOMAS,M,45.703311763073074,4.706257185366326
201800048006,NonLethal,2018-03-01,18:10:00,NightStreelightsOn,690,386,Yes,NoIntersection,LightRain,Other,"58, VITTON",M,45.7703011573525,4.769648654587279
201800048008,NonLethal,2018-04-01,22:30:00,NightStreelightsOn,690,259,Yes,X-type,Overcast,2Vehicles-Side,JODINO (DE),M,45.69723154847531,4.697056641699104
201800048009,NonLethal,2018-01-05,10:05:00,Daylight,690,387,Yes,T-type,Normal,2Vehicles-Side,"64, LECLERC",M,45.73393549332419,4.734633566031936
201800048012,NonLethal,2018-01-09,07:30:00,NightStreelightsOn,690,259,Yes,X-type,LightRain,Other,"1, JODINO (DE)",M,45.694858189028814,4.6968778853685
201800048013,NonLethal,2018-01-09,08:35:00,Daylight,690,386,Yes,NoIntersection,Normal,Other,"25, VAUBAN",M,45.76452865333605,4.765627757282588
201800048014,NonLethal,2018-01-09,09:00:00,Daylight,690,387,Yes,X-type,HeavyRain,Other,CREQUI (DE),M,45.74789011603818,4.75140095549788
201800048015,NonLethal,2018-09-01,08:40:00,TwilightOrDawn,690,388,Yes,X-type,LightRain,3+Vehicles-Multiple,JEAN SARRAZIN,M,45.72992338539096,4.729551259321544
201800048017,NonLethal,2018-10-01,09:35:00,Daylight,690,386,Yes,NoIntersection,Normal,Other,"15, DUQUESNE",M,45.77068383900586,4.772443538253454
201800048019,NonLethal,2018-10-01,13:25:00,Daylight,690,386,Yes,X-type,LightRain,Other,SEZE (DE),M,45.76896321302832,4.769427943986126
201800048020,NonLethal,2018-01-10,16:03:00,Daylight,690,383,Yes,NoIntersection,Normal,Other,"44, MARIUS VIVIER MERLE",M,45.75943488212428,4.760154244975413
201800048022,NonLethal,2018-11-01,17:12:00,NightStreelightsOn,690,259,Yes,X-type,Normal,2Vehicles-Side,"10, 8 MAI 1945 (DU)",M,45.69443213153962,4.693448103379465
201800048023,NonLethal,2018-11-01,12:10:00,Daylight,690,259,Yes,NoIntersection,Normal,2Vehicles-Behind,CHARLES DE GAULLE,M,45.71348092567716,4.715468092447687
201800048024,NonLethal,2018-11-01,20:00:00,NightStreelightsOn,690,386,Yes,X-type,LightRain,2Vehicles-Side,"161, THIERS",M,45.76572945797193,4.76739215045404
201800048026,NonLethal,2018-01-13,06:15:00,NightStreelightsOn,690,276,Yes,Roundabout,Normal,Other,LYON (DE),M,45.68555599396845,4.685392151810626
201800048028,NonLethal,2018-01-14,18:05:00,NightStreelightsOn,690,383,Yes,NoIntersection,Normal,Other,"194, FELIX FAURE",M,45.75620310693343,4.753736807608469
201800048029,NonLethal,2018-01-14,18:42:00,NightStreelightsOn,690,388,Yes,NoIntersection,Normal,2Vehicles-BehindVehicles-Frontal,"148, VIENNE (DE)",M,45.73576145712298,4.736537315442071
201800048030,NonLethal,2018-01-15,05:30:00,NightStreelightsOn,690,383,Yes,T-type,Normal,2Vehicles-Side,"15, JEANNE D'ARC",M,45.75078844243045,4.752742232338398
201800048032,NonLethal,2018-01-16,08:50:00,Daylight,690,386,Yes,X-type,LightRain,2Vehicles-Side,"44, STE GENEVIEVE",M,45.76455486572007,4.764533759772722
201800048034,NonLethal,2018-01-18,16:50:00,TwilightOrDawn,690,383,Yes,NoIntersection,LightRain,Other,"42, FEUILLAT",M,45.75172927242022,4.751078168160495
201800048035,NonLethal,2018-01-19,00:05:00,NightStreelightsOn,690,387,Yes,T-type,Overcast,2Vehicles-BehindVehicles-Frontal,"23, CHAMBAUD DE LA BRUYE",M,45.721631688557125,4.722077344906762
201800048036,NonLethal,2018-01-19,09:35:00,Daylight,690,388,Yes,T-type,LightRain,Other,PROFESSEUR BEAUVISAGE (D,M,45.729144686027325,4.729936928961861
201800048038,NonLethal,2018-01-19,18:20:00,NightStreelightsOn,690,387,Yes,X-type,LightRain,2Vehicles-Side,"l08, BERTHELOT",M,45.7419726453159,4.742711969951023
201800048039,NonLethal,2018-01-19,22:10:00,NightStreelightsOn,690,259,Yes,NoIntersection,Other,2Vehicles-Side,"91, IRENE JOLIOT CURIE",M,45.7142449250808,4.711983500281312
201800048040,NonLethal,2018-01-19,23:55:00,NightStreelightsOn,690,386,Yes,NoIntersection,Other,Other,"79, VITTON",M,45.7705126064735,4.769564281430828
201800048041,NonLethal,2018-01-20,12:00:00,Daylight,690,259,Yes,NoIntersection,HeavyRain,Other,"16, JULES FERRY",M,45.698802207617966,4.700261758484612
201800048042,NonLethal,2018-01-20,21:03:00,NightStreelightsOn,690,259,Yes,X-type,LightRain,2Vehicles-Side,AMBROISE CROIZAT,M,45.70195617222178,4.701063287309059
201800048043,NonLethal,2018-01-22,08:00:00,TwilightOrDawn,690,386,No,NoIntersection,LightRain,Other,JULES FAVRE,M,45.76585843929941,4.765091615023532
201800048045,NonLethal,2018-01-22,17:20:00,TwilightOrDawn,690,387,Yes,X-type,LightRain,2Vehicles-Side,RAOUL SERVANT,M,45.74640941945845,4.745670512974536
201800048046,NonLethal,2018-01-23,07:55:00,Daylight,690,387,Yes,Other,Normal,2Vehicles-Side,"6, BERTHELOT",M,45.74627915709723,4.746600900478164
201800048047,NonLethal,2018-01-23,13:35:00,Daylight,690,383,Yes,X-type,Normal,2Vehicles-Side,"193, LACASSAGNE",M,45.74699807062483,4.747435673786629
201800048048,NonLethal,2018-01-24,16:10:00,Daylight,690,388,Yes,NoIntersection,Normal,Other,"126, VIENNE (DE)",M,45.7374706884472,4.736256041285847
201800048049,NonLethal,2018-01-25,16:35:00,Daylight,690,388,Yes,X-type,Normal,Other,JEAN SARRAZIN,M,45.73251642795434,4.733063645786967
201800048052,NonLethal,2018-01-26,14:00:00,Daylight,690,383,Yes,X-type,LightRain,Other,"137, ANTOINE CHARIAL",M,45.7559914622375,4.75728954581292
201800048053,NonLethal,2018-01-26,19:25:00,TwilightOrDawn,690,383,Yes,X-type,LightRain,Other,"135, MARECHAL DE SAXE",M,45.75438250889813,4.756030280430501
201800048054,NonLethal,2018-01-26,18:45:00,NightStreelightsOn,690,383,Yes,NoIntersection,LightRain,2Vehicles-Behind,", VICTOR AUGAGNEUR",M,45.75661175254589,4.754523163046176
201800048055,NonLethal,2018-01-28,11:00:00,Daylight,690,387,Yes,X-type,Normal,Other,RASPAIL,M,45.75522279275221,4.7561505400972255
201800048056,NonLethal,2018-01-29,16:25:00,Daylight,690,388,Yes,NoIntersection,Normal,2Vehicles-Behind,"l2, AUDIBERT ET LAVIROTT",M,45.74105557797961,4.740352880665165
201800048058,NonLethal,2018-01-30,18:45:00,NightStreelightsOn,690,383,Yes,NoIntersection,Normal,Other,LACASSAGNE,M,45.75542575256213,4.755597023783587
201800048059,NonLethal,2018-01-30,20:50:00,NightNoStreetLight,690,387,Yes,T-type,Normal,2Vehicles-Side,"152, GAMBETTA",M,45.74871660100998,4.749110084092323
201800048061,NonLethal,2018-01-31,13:30:00,Daylight,690,387,Yes,NoIntersection,Normal,Other,"5, PIERRE DE COUBERTIN",M,45.72576387955986,4.726080919688099
201800048062,NonLethal,2018-01-31,16:30:00,Daylight,690,259,Yes,NoIntersection,Normal,2Vehicles-Behind,"26, EMILE ZOLA",M,45.7019245532888,4.702493856025043