AccidentId,Gravity,Date,Hour,Light,Department,Commune,InAgglomeration,IntersectionType,Weather,CollisionType,PostalAddress,GPSCode,Latitude,Longitude
201800048063,NonLethal,2018-01-02,11:00:00,Daylight,690,388,Yes,X-type,LightRain,2Vehicles-Side,JEAN MERMOZ,M,45.7338212630448,4.73346963439247
201800048066,NonLethal,2018-02-02,14:00:00,Daylight,690,387,Yes,NoIntersection,Normal,2Vehicles-Behind,"45, BECHEVELIN",M,45.75326915464719,4.750607848927162
201800048067,NonLethal,2018-02-02,13:10:00,Daylight,690,386,Yes,NoIntersection,Normal,2Vehicles-Behind,"104, VITTON",M,45.7717437184557,4.771817664680665
201800048068,NonLethal,2018-02-05,08:20:00,Daylight,690,387,Yes,NoIntersection,SnowOrHail,NoCollision,"70, LECLERC",M,45.73197324244219,4.73506356419105
201800048070,NonLethal,2018-02-05,18:30:00,NightStreelightsOn,690,383,Yes,X-type,Normal,2Vehicles-Side,PAUL BERT,M,45.75609632941757,4.755975542451012
201800048071,NonLethal,2018-06-02,10:05:00,Daylight,690,388,Yes,NoIntersection,Normal,2Vehicles-Side,"131, MARIUS BERLIET",M,45.73720170511024,4.737462727523805
201800048072,NonLethal,2018-02-06,14:30:00,Daylight,690,386,Yes,X-type,Normal,Other,VIABERT (DE LA),M,45.765109749756746,4.765762144630835
201800048073,NonLethal,2018-02-07,07:30:00,Daylight,690,387,Yes,NoIntersection,LightRain,Other,"54, BERTHELOT",M,45.74574181556197,4.746173882015613
201800048075,NonLethal,2018-02-08,12:00:00,Daylight,690,259,Yes,X-type,Normal,Other,PAUL BERT,M,45.69877112731567,4.699590688472075
201800048076,NonLethal,2018-02-08,17:18:00,TwilightOrDawn,690,387,Yes,NoIntersection,Normal,2Vehicles-Side,"6, VIENNE (DE)",M,45.74522888971418,4.745444634058599
201800048077,NonLethal,2018-08-02,21:25:00,NightStreelightsOn,690,383,Yes,NoIntersection,Normal,Other,MARIUS VIVIER MERLE,M,45.75308646817636,4.751447912379933
201800048078,NonLethal,2018-02-06,16:00:00,Daylight,690,388,Yes,X-type,LightRain,Other,"4, ROCKEFELLER",M,45.74319383836415,4.741573588497996
201800048079,NonLethal,2018-09-02,12:00:00,Daylight,690,387,Yes,T-type,Normal,2Vehicles-Side,"69, MARSEILLE (DE)",M,45.748810265114464,4.75015810657856
201800048080,NonLethal,2018-02-09,22:36:00,NightStreelightsOn,690,383,Yes,NoIntersection,LightRain,Other,"15, GAMBETTA",M,45.75508551522809,4.755362262900465
201800048081,NonLethal,2018-02-11,20:40:00,NightStreelightsOn,690,387,Yes,T-type,Other,NoCollision,BERTHELOT,M,45.740464497397134,4.741297137387755
201800048082,NonLethal,2018-12-02,01:35:00,NightStreelightsOn,690,387,Yes,Roundabout,LightRain,Other,TONY GARNIER,M,45.73180715563484,4.729370615347269
201800048083,NonLethal,2018-12-02,23:35:00,NightStreelightsOn,690,276,Yes,NoIntersection,Overcast,Other,"1, VERNAY (DU)",M,45.681226735129655,4.681044430657583
201800048084,NonLethal,2018-02-13,08:30:00,Daylight,690,259,Yes,NoIntersection,Normal,2Vehicles-Side,"02, FRERES LAFRANCHI (DE",M,45.717433729444885,4.718415080914864
201800048085,Lethal,2018-02-13,09:40:00,Daylight,690,383,Yes,X-type,VeryGood,Other,"64, GAMBETTA",M,45.75455683963089,4.752065441152077
201800048087,NonLethal,2018-02-13,12:20:00,Daylight,690,383,Yes,T-type,Normal,2Vehicles-Side,SERVIENT,M,45.76121391942931,4.761066165509431
201800048089,NonLethal,2018-02-14,12:40:00,Daylight,690,388,Yes,NoIntersection,Normal,2Vehicles-Side,"45, MARYSE BASTIE",M,45.73928158114984,4.736419193011473
201800048090,NonLethal,2018-02-14,16:30:00,Daylight,690,387,Yes,T-type,Normal,Other,"10, LECLERC",M,45.74735110839015,4.746098494860735
201800048092,NonLethal,2018-02-19,07:12:00,TwilightOrDawn,690,259,Yes,NoIntersection,Normal,Other,11 NOVEMBRE 1918 (DU),M,45.68930380822525,4.689629817579715
201800048093,NonLethal,2018-02-19,07:30:00,TwilightOrDawn,690,383,Yes,NoIntersection,Normal,2Vehicles-Behind,"1O5, ALBERT THOMAS",M,45.74484091345644,4.74690173484411
201800048094,NonLethal,2018-02-20,16:20:00,Daylight,690,383,Yes,T-type,Normal,2Vehicles-Side,"108, FELIX FAURE",M,45.75268988591322,4.755212405616123
201800048095,NonLethal,2018-02-21,05:15:00,NightStreelightsOn,690,259,Yes,T-type,Normal,Other,"5, FRERES LAFRANCHI (DES",M,45.71820525213169,4.720648938858683
201800048097,NonLethal,2018-02-21,16:25:00,Daylight,690,386,Yes,X-type,Normal,2Vehicles-Side,BROTTEAUX (DES),M,45.76886692003419,4.7699797006680775
201800048098,NonLethal,2018-02-21,17:35:00,Daylight,690,388,Yes,NoIntersection,Normal,2Vehicles-Side,"246, VIENNE (DE)",M,45.72766068456119,4.729500266795002
201800048099,NonLethal,2018-02-21,04:40:00,NightStreelightsOn,690,387,Yes,NoIntersection,Normal,NoCollision,GAMBETTA,M,45.75533471135099,4.755899847584006
201800048102,NonLethal,2018-01-31,14:50:00,Daylight,690,387,Yes,NoIntersection,Normal,2Vehicles-Behind,TONY GARNIER,M,45.72584667282006,4.727613349230809
201800048103,NonLethal,2018-02-24,16:50:00,Daylight,690,388,Yes,X-type,Normal,2Vehicles-Side,CONCORDE (DE LA),M,45.73269202015682,4.730697764224405
201800048104,NonLethal,2018-02-26,08:50:00,Daylight,690,383,Yes,NoIntersection,Normal,Other,"104, DAUPHINE (DU)",M,45.75373836331647,4.754781095301731
201800048105,NonLethal,2018-02-26,16:45:00,Daylight,690,259,Yes,NoIntersection,Normal,3+Vehicles-Chain,PIERRE SEMARD,M,45.71019257915599,4.710851957379638
201800048106,NonLethal,2018-02-27,12:20:00,Daylight,690,387,Yes,X-type,Normal,2Vehicles-Side,"174, JEAN JAURES",M,45.738335128311,4.737650254197928
201800048107,NonLethal,2018-02-27,17:45:00,Daylight,690,387,Yes,NoIntersection,Normal,2Vehicles-Side,"156, MARCEL MERIEUX",M,45.7336812089529,4.735275204036602
201800048108,NonLethal,2018-02-28,08:30:00,Daylight,690,388,Yes,X-type,Overcast,2Vehicles-Side,"69, ETATS UNIS (DES)",M,45.73332321954739,4.734365732386334
201800048109,NonLethal,2018-01-03,08:30:00,Daylight,690,383,Yes,X-type,Normal,2Vehicles-Side,"69, GAMBETTA",M,45.75311076809863,4.753311454952555
201800048110,NonLethal,2018-01-03,08:30:00,Daylight,690,259,Yes,NoIntersection,SnowOrHail,3+Vehicles-Multiple,GEORGES ROUDIL,M,45.69137879672834,4.692021037819473
201800048111,NonLethal,2018-02-03,14:10:00,Daylight,690,383,Yes,X-type,Normal,Other,"246, CREQUI (DE)",M,45.75335424343773,4.752989106462472
201800048112,NonLethal,2018-02-03,23:05:00,NightStreelightsOn,690,383,Yes,X-type,Overcast,2Vehicles-Side,"191, BONNEL (DE)",M,45.76423936095027,4.761214058557742
201800048114,NonLethal,2018-04-03,04:20:00,NightStreelightsOn,690,386,Yes,X-type,Normal,2Vehicles-Side,"12, DUQUESNE",M,45.77248156654108,4.7719932532997245
201800048115,Lethal,2018-04-03,05:10:00,NightStreelightsOn,690,387,Yes,X-type,Normal,Other,"114, BERTHELOT",M,45.74077726161379,4.743960520135672
201800048116,NonLethal,2018-03-03,18:10:00,Daylight,690,388,Yes,NoIntersection,Normal,2Vehicles-Side,"230, BERTHELOT",M,45.74137794051785,4.739227049307514
201800048117,NonLethal,2018-03-06,16:20:00,Daylight,690,388,Yes,NoIntersection,LightRain,Other,"173, PAUL SANTY",M,45.726715527136086,4.725327934086871
201800048119,NonLethal,2018-08-03,13:55:00,Daylight,690,383,Yes,NoIntersection,Normal,Other,"168, LAFAYETTE",M,45.76362144316573,4.764096711734885
201800048120,NonLethal,2018-09-03,11:50:00,Daylight,690,259,Yes,NoIntersection,Normal,2Vehicles-Side,"20, PAUL BERT",M,45.70014088403669,4.700105096052225
201800048121,NonLethal,2018-09-03,10:45:00,Daylight,690,383,Yes,NoIntersection,Normal,Other,"15 BIS, DAUPHINE (DU)",M,45.7512988205414,4.750490174248617
201800048122,NonLethal,2018-03-10,03:50:00,NightStreelightsOn,690,386,Yes,NoIntersection,HeavyRain,NoCollision,"36, BELGES (DES)",M,45.774733783878496,4.7731674281779615
201800048123,NonLethal,2018-10-03,12:10:00,Daylight,690,259,Yes,NoIntersection,Normal,2Vehicles-Behind,"7, JEAN MOULIN",M,45.68895844094799,4.687722196126634
201800048124,NonLethal,2018-10-03,16:50:00,Daylight,690,387,Yes,NoIntersection,Normal,2Vehicles-Side,"133, SEBASTIEN GRYPHE",M,45.749019861108735,4.748036006834095
201800048126,NonLethal,2018-03-12,10:00:00,Daylight,690,386,Yes,X-type,Normal,2Vehicles-Side,"50, VENDOME",M,45.7694986620813,4.771437817433111
201800048127,NonLethal,2018-03-13,00:30:00,NightStreelightsOn,690,388,Yes,X-type,Normal,2Vehicles-Side,VILLON (DE),M,45.74148426723503,4.738804894574953
201800048128,NonLethal,2018-03-13,08:30:00,Daylight,690,388,Yes,NoIntersection,Normal,Other,"36, PROFESSEUR TAVERNIER",M,45.727313368739104,4.725691448219734
201800048129,NonLethal,2018-03-13,16:50:00,Daylight,690,388,Yes,X-type,Normal,2Vehicles-Side,JEAN MERMOZ,M,45.73133444057397,4.730599668709461
201800048130,NonLethal,2018-03-15,11:15:00,Daylight,690,386,Yes,NoIntersection,HeavyRain,Other,"59, GARIBALDI",M,45.76765941915516,4.7691425229366375
201800048131,NonLethal,2018-03-16,17:55:00,TwilightOrDawn,690,388,Yes,NoIntersection,LightRain,Other,"103, ETATS UNIS (DES)",M,45.729880706272354,4.729951556055656
201800048132,NonLethal,2018-03-17,03:40:00,NightStreelightsOn,690,383,Yes,X-type,LightRain,2Vehicles-Side,"9, VILLETTE (DE LA)",M,45.76287556761237,4.7635962255239575
201800048134,NonLethal,2018-03-19,22:35:00,NightStreelightsOn,690,383,Yes,X-type,Normal,2Vehicles-Side,CREQUI (DE),M,45.75930453165049,4.760110863204182
201800048136,NonLethal,2018-03-21,19:30:00,TwilightOrDawn,690,387,Yes,X-type,Normal,2Vehicles-Side,FELIX BRUN,M,45.7394770240874,4.741254138557864
201800048137,NonLethal,2018-03-16,13:46:00,Daylight,690,388,Yes,NoIntersection,Normal,Other,"26, STEPHANE COIGNET",M,45.72402725751612,4.727094912756775
201800048138,NonLethal,2018-03-22,10:30:00,Daylight,690,386,Yes,X-type,Normal,Other,TETE D'OR (DE LA),M,45.76873852040858,4.770091506924071
201800048139,NonLethal,2018-03-22,11:25:00,Daylight,690,388,Yes,X-type,Normal,2Vehicles-Side,ANTOINE LUMIERE,M,45.74025296709822,4.740651164377479
201800048141,NonLethal,2018-03-22,16:50:00,Daylight,690,388,Yes,T-type,Normal,2Vehicles-Side,", PINEL",M,45.72830314034752,4.726933041243625
201800048142,NonLethal,2018-03-22,17:15:00,Daylight,690,386,Yes,X-type,Normal,Other,JEAN NOVEL,M,45.77153618387628,4.770652312972972
201800048143,NonLethal,2018-03-21,11:30:00,Daylight,690,383,Yes,NoIntersection,Normal,Other,"32, JEANNE HACHETTE",M,45.75058711778063,4.750180917002737
201800048144,Lethal,2018-03-23,09:15:00,Daylight,690,388,Yes,NoIntersection,Overcast,Other,"103, ETATS UNIS (DES)",M,45.72128511064431,4.718647564858953
201800048145,NonLethal,2018-03-20,11:55:00,Daylight,690,259,Yes,NoIntersection,Overcast,NoCollision,"2, VLADIMIR KOMAROV",M,45.69251225804856,4.692079244325107
201800048146,NonLethal,2018-03-22,19:45:00,NightStreelightsOn,690,199,Yes,T-type,Normal,2Vehicles-BehindVehicles-Frontal,ANTOINE GRAVALLON,M,45.700664821731934,4.699151976865524
201800048147,NonLethal,2018-03-24,11:40:00,Daylight,690,259,Yes,T-type,Normal,2Vehicles-Side,", VIENNE (DE)",M,45.72308412387616,4.724763601247268
201800048148,NonLethal,2018-03-24,15:25:00,Daylight,690,259,No,NoIntersection,Normal,Other,"402, CHARLES DE GAULLE",M,45.71430785639997,4.713351369547207
201800048149,NonLethal,2018-03-24,14:55:00,Daylight,690,199,Yes,NoIntersection,Normal,Other,RASPAIL,M,45.70915719254624,4.709317118375711
201800048150,NonLethal,2018-03-24,16:54:00,Daylight,690,383,Yes,X-type,Normal,2Vehicles-Side,"229, DUGUESCLIN",M,45.76125008802677,4.7582771596670685
201800048151,NonLethal,2018-03-22,14:14:00,Daylight,690,383,Yes,T-type,Normal,2Vehicles-Side,"202, GARIBALDI",M,45.75845175664311,4.758002211525879
201800048152,NonLethal,2018-03-27,08:40:00,Daylight,690,199,Yes,Other,Overcast,Other,"01, FRERES PERRET",M,45.69343044486805,4.695386155429563
201800048153,NonLethal,2018-03-27,10:50:00,Daylight,690,383,Yes,NoIntersection,Normal,Other,"135, FELIX FAURE",M,45.7539103166939,4.752364293334428
201800048154,NonLethal,2018-03-28,08:25:00,Daylight,690,383,Yes,NoIntersection,LightRain,2Vehicles-Behind,"217, FELIX FAURE",M,45.75427199116853,4.755870764331103
201800048155,NonLethal,2018-03-28,16:20:00,Daylight,690,388,Yes,NoIntersection,Normal,Other,"2, TRANSVAAL (DU)",M,45.73754802821144,4.737953033774518
201800048156,NonLethal,2018-03-29,09:00:00,Daylight,690,387,Yes,NoIntersection,Normal,Other,"160, GUILLOTIERE (DE LA)",M,45.74951370807828,4.750470299446189
201800048157,NonLethal,2018-03-29,17:50:00,Daylight,690,259,Yes,NoIntersection,Normal,2Vehicles-Behind,CLOSES (DES),M,45.71579591046756,4.719794792259519
201800048158,NonLethal,2018-03-31,12:15:00,Daylight,690,259,Yes,NoIntersection,Normal,3+Vehicles-Multiple,ROGER SALENGRO,M,45.718071078331626,4.718022448651194
201800048159,NonLethal,2018-01-04,19:05:00,Daylight,690,388,Yes,Y-type,Normal,2Vehicles-Side,VIVIANI,M,45.72491951932199,4.728125426828984
201800048160,NonLethal,2018-04-01,22:15:00,NightStreelightsOn,690,387,Yes,Other,Normal,Other,GALLIENI,M,45.74867086447527,4.750333740807752
201800048161,NonLethal,2018-04-03,10:00:00,Daylight,690,383,Yes,T-type,Normal,2Vehicles-Side,FELIX FAURE,M,45.75565509983943,4.753861888120932
201800048163,NonLethal,2018-04-04,14:30:00,Daylight,690,383,Yes,X-type,Overcast,3+Vehicles-Multiple,BONNEL (DE),M,45.76258169627692,4.7612584443728805
201800048164,NonLethal,2018-04-04,17:45:00,Daylight,690,259,Yes,T-type,Normal,Other,MARCEL SEMBAT,M,45.7148811888912,4.712010845128821
201800048167,NonLethal,2018-03-25,05:30:00,NightStreelightsOn,690,387,Yes,X-type,Normal,2Vehicles-Side,GUILLOTIERE (DE LA),M,45.75092627016021,4.750520648994811
201800048168,NonLethal,2018-04-06,11:00:00,Daylight,690,383,No,X-type,Normal,Other,ETIENNE RICHERAND,M,45.7625205733862,4.762859386596014
201800048169,NonLethal,2018-06-04,14:10:00,Daylight,690,387,Yes,X-type,Normal,2Vehicles-Side,JEAN JAURES,M,45.741214011637055,4.740897448153248
201800048170,NonLethal,2018-04-06,17:55:00,Daylight,690,259,Yes,NoIntersection,Normal,Other,GENERAL PETIT (DU),M,45.71532051233368,4.713584937485947
201800048171,NonLethal,2018-08-04,13:45:00,Daylight,690,383,Yes,X-type,Overcast,2Vehicles-Side,TURBIL,M,45.75616111502042,4.756934079522532
201800048174,NonLethal,2018-04-11,18:47:00,Daylight,690,259,Yes,NoIntersection,Overcast,NoCollision,CHARLES DE GAULLE,M,45.71921513521627,4.720512649873637
201800048175,NonLethal,2018-12-04,15:25:00,Daylight,690,386,Yes,X-type,Normal,Other,DUQUESNE,M,45.77271940157124,4.772429295006158
201800048176,NonLethal,2018-12-04,18:20:00,Daylight,690,383,Yes,NoIntersection,Normal,2Vehicles-Behind,ALBERT THOMAS,M,45.74816267793288,4.748385687326665
201800048177,NonLethal,2018-04-15,21:50:00,NightStreelightsOn,690,259,Yes,X-type,Normal,2Vehicles-Side,FELIX BRUN,M,45.70203754756087,4.702888813304408
201800048178,NonLethal,2018-04-17,10:36:00,Daylight,690,259,Yes,NoIntersection,Normal,Other,IRENE JOLIOT CURIE,M,45.71678941316307,4.713617078756864
201800048180,NonLethal,2018-04-18,10:30:00,Daylight,690,387,Yes,NoIntersection,Normal,2Vehicles-Behind,TCHECOSLOVAQUES (DES),M,45.74349973266334,4.744090348599967
201800048181,NonLethal,2018-04-18,13:15:00,Daylight,690,276,No,Other,Normal,Other,ALBERT RAMBOZ,M,45.687038853389645,4.686936005000827
201800048182,NonLethal,2018-04-18,15:00:00,Daylight,690,383,Yes,NoIntersection,Normal,Other,GAMBETTA,M,45.75829689725109,4.758467219658355
201800048183,NonLethal,2018-04-18,18:45:00,Daylight,690,386,Yes,NoIntersection,Normal,Other,6RANDE BRETAGNE (DE),M,45.777928139880046,4.77835057106778
201800048185,NonLethal,2018-04-20,11:00:00,Daylight,690,387,Yes,NoIntersection,Normal,Other,MADELEINE (DE LA),M,45.74819100830984,4.748737866914973
201800048186,NonLethal,2018-04-20,23:30:00,NightStreelightsOn,690,383,Yes,X-type,Normal,2Vehicles-Side,FELIX FAURE,M,45.75429429865908,4.753219697826849
201800048188,NonLethal,2018-04-21,10:00:00,Daylight,690,383,Yes,NoIntersection,Normal,2Vehicles-BehindVehicles-Frontal,GAMBETTA,M,45.75571140791996,4.7554682710655625
201800048189,NonLethal,2018-04-21,11:50:00,Daylight,690,386,Yes,X-type,Normal,2Vehicles-Side,CRILLON,M,45.76895859992488,4.770614244256676
201800048191,NonLethal,2018-04-21,16:00:00,Daylight,690,199,Yes,Other,Normal,Other,SEMAILLES (DES),M,45.68950057652697,4.687990692437747
201800048192,NonLethal,2018-04-22,18:00:00,Daylight,690,383,Yes,NoIntersection,Normal,2Vehicles-BehindVehicles-Frontal,VICTOR AUGAGNEUR,M,45.75821852836077,4.757696452525785
201800048193,NonLethal,2018-04-22,21:30:00,NightStreelightsOn,690,387,Yes,NoIntersection,Normal,2Vehicles-BehindVehicles-Frontal,GUILLOTIERE (DE LA),M,45.74640983848092,4.747243963804418
201800048194,NonLethal,2018-04-23,09:45:00,Daylight,690,276,Yes,Other,Normal,Other,LYON (DE),M,45.67932836652655,4.680893589232119
201800048195,NonLethal,2018-04-23,11:45:00,Daylight,690,199,Yes,NoIntersection,Normal,Other,CARNOT,M,45.70078857694513,4.699379857933025
201800048196,NonLethal,2018-04-24,12:40:00,Daylight,690,259,Yes,NoIntersection,Normal,2Vehicles-Behind,MAURICE THOREZ,M,45.69967025693312,4.701536913612032
201800048197,NonLethal,2018-04-24,20:35:00,TwilightOrDawn,690,387,Yes,T-type,Normal,2Vehicles-Side,JEAN JAURES,M,45.74522378538202,4.746253815812057
201800048198,NonLethal,2018-04-25,07:15:00,Daylight,690,199,Yes,Other,Normal,2Vehicles-Side,MATHIEU DUSSURGEY,M,45.71291924088331,4.712740089362148
201800048202,NonLethal,2018-04-26,11:30:00,Daylight,690,386,No,Other,Normal,Other,STALINGRAD (DE),M,45.77152159966647,4.77157261611056
201800048203,NonLethal,2018-04-27,08:50:00,Daylight,690,387,Yes,NoIntersection,VeryGood,2Vehicles-BehindVehicles-Frontal,JEAN JAURES,M,45.74041380521372,4.740391807600126
201800048204,NonLethal,2018-04-27,08:20:00,Daylight,690,386,Yes,NoIntersection,Normal,Other,SEZE (DE),M,45.76826673903673,4.7683053397028985
201800048205,NonLethal,2018-04-26,17:30:00,Daylight,690,387,Yes,T-type,Normal,2Vehicles-Side,GUILLOTIERE (DE LA),M,45.75418759370821,4.754127725593892
201800048208,NonLethal,2018-04-28,12:30:00,Daylight,690,387,Yes,NoIntersection,Normal,Other,CHALLEMEL LACOUR,M,45.73178947818588,4.730492684489871
201800048209,NonLethal,2018-04-28,14:55:00,Daylight,690,259,Yes,T-type,Normal,2Vehicles-Side,MARTYRS DE LA RESISTANCE,M,45.69383894280696,4.694610481277724
201800048212,NonLethal,2018-04-30,08:00:00,Daylight,690,386,Yes,X-type,Normal,Other,BOILEAU,M,45.76821570734845,4.767817024880907
201800048213,NonLethal,2018-04-30,11:05:00,Daylight,690,386,Yes,Other,Normal,Other,DUGUESCLIN  (R),M,45.75927452076526,4.761055044682185
201800048214,NonLethal,2018-04-30,16:15:00,Daylight,690,383,Yes,X-type,LightRain,2Vehicles-Side,BELLECOMBE (DE),M,45.764209321503934,4.764023403264893
201800048216,NonLethal,2018-05-01,19:00:00,Daylight,690,387,Yes,NoIntersection,Overcast,2Vehicles-Behind,LORTET,M,45.74467786901052,4.74465322393808
201800048217,NonLethal,2018-05-02,13:10:00,Daylight,690,383,Yes,NoIntersection,Normal,Other,EUGENE DERUELLE,M,45.76428078344635,4.762252732042138
201800048218,NonLethal,2018-05-02,18:15:00,Daylight,690,383,Yes,NoIntersection,Normal,Other,PAUL BERT,M,45.75742569326947,4.75809367049534
201800048220,NonLethal,2018-04-05,08:00:00,Daylight,690,259,Yes,NoIntersection,Normal,NoCollision,MOULIN A VENT (DU),M,45.72843839697157,4.731155785769674
201800048221,NonLethal,2018-03-17,03:40:00,NightStreelightsOn,690,383,Yes,NoIntersection,LightRain,Other,"22, VILLETTE (DE LA)",M,45.76462632971274,4.761756020038152
201800048222,NonLethal,2018-04-05,12:00:00,Daylight,690,387,Yes,NoIntersection,Normal,2Vehicles-Behind,GAMBETTA,M,45.75614786197468,4.756802740547731
201800048223,NonLethal,2018-04-05,15:45:00,Daylight,690,259,Yes,NoIntersection,Normal,NoCollision,LENINE,M,45.69514091718124,4.694207783170297
201800048224,NonLethal,2018-05-04,18:12:00,Daylight,690,388,Yes,NoIntersection,Normal,2Vehicles-Side,PIERRE MILLON,M,45.727249633785725,4.727450654556048
201800048226,NonLethal,2018-05-06,01:05:00,NightStreelightsOn,690,276,Yes,NoIntersection,Normal,2Vehicles-Side,LYON (DE),M,45.6760020560712,4.67768321499034
201800048227,NonLethal,2018-05-06,16:30:00,Daylight,690,383,Yes,X-type,Normal,2Vehicles-Side,FELIX FAURE,M,45.75313975000413,4.753318513796453
201800048228,NonLethal,2018-05-06,17:50:00,Daylight,690,388,Yes,NoIntersection,Normal,Other,PROFESSEUR TAVERNIER (DU,M,45.725909711757296,4.725513676746923
201800048229,NonLethal,2018-05-07,12:50:00,Daylight,690,259,Yes,NoIntersection,Normal,2Vehicles-Side,COMBATS DU 24 AOUT 1944,M,45.70252434920475,4.702560239606284
201800048231,NonLethal,2018-07-05,13:45:00,Daylight,690,383,Yes,NoIntersection,Normal,Other,VILLETTE (DE LA),M,45.7603226667411,4.760171411120293
201800048232,NonLethal,2018-08-05,18:45:00,Daylight,690,383,Yes,NoIntersection,Normal,3+Vehicles-Chain,FELIX FAURE,M,45.75598622689608,4.753567230692367
201800048233,NonLethal,2018-05-08,22:53:00,NightStreelightsOn,690,387,Yes,NoIntersection,Normal,Other,CLAUDE BERNARD,M,45.75261245175218,4.754132506630652
201800048235,NonLethal,2018-09-05,15:10:00,Daylight,690,383,Yes,NoIntersection,Normal,Other,BONNEL (DE),M,45.7594614200674,4.761219424240668
201800048237,NonLethal,2018-05-10,03:00:00,NightStreelightsOff,690,386,Yes,NoIntersection,LightRain,2Vehicles-Behind,JULES FAVRE,M,45.763304004150086,4.764655732186156
201800048238,NonLethal,2018-05-11,20:42:00,TwilightOrDawn,690,387,Yes,NoIntersection,Normal,2Vehicles-Behind,ANDRE BOLLIER,M,45.734610456509,4.734132816012643
201800048239,NonLethal,2018-05-13,22:50:00,NightStreelightsOn,690,387,Yes,X-type,Overcast,2Vehicles-Behind,FELIX FAURE,M,45.75506600291352,4.755303876455602
201800048240,NonLethal,2018-05-14,06:11:00,NightNoStreetLight,690,276,No,NoIntersection,LightRain,Other,,M,45.68670722281198,4.687357996373658
201800048241,NonLethal,2018-05-14,08:00:00,Daylight,690,388,Yes,NoIntersection,LightRain,2Vehicles-Side,GENERAL FRERE (DU),M,45.73033928290296,4.731160948506092
201800048242,NonLethal,2018-05-14,09:45:00,Daylight,690,387,Yes,X-type,LightRain,2Vehicles-Side,JULES BRUNARD,M,45.748818341530445,4.747345054697206
201800048243,NonLethal,2018-05-14,08:50:00,Daylight,690,386,Yes,X-type,LightRain,2Vehicles-Side,STE GENEVIEVE,M,45.76616987321228,4.766502701184263
201800048244,NonLethal,2018-05-14,12:00:00,Daylight,690,386,Yes,NoIntersection,Normal,2Vehicles-Behind,VITTON,M,45.77035213578176,4.769133328870178
201800048245,NonLethal,2018-05-14,14:45:00,Daylight,690,199,Yes,NoIntersection,LightRain,2Vehicles-Behind,YVES FARGE,M,45.704031568503154,4.70426673660366
201800048247,NonLethal,2018-05-16,13:00:00,Daylight,690,383,Yes,NoIntersection,Normal,Other,LACASSAGNE,M,45.74898540650225,4.748716765832538
201800048248,NonLethal,2018-05-16,20:15:00,Daylight,690,383,Yes,NoIntersection,Normal,Other,DAUPHINE (DU),M,45.75363356755577,4.752996675509778
201800048249,NonLethal,2018-05-16,19:15:00,Daylight,690,386,Yes,T-type,Normal,2Vehicles-Side,GERMAIN,M,45.76531559699804,4.765512598215647
201800048250,NonLethal,2018-05-18,11:30:00,Daylight,690,383,Yes,NoIntersection,Normal,Other,MAURICE FLANDIN,M,45.7592516208555,4.757829456498666
201800048251,NonLethal,2018-05-18,12:20:00,Daylight,690,383,Yes,T-type,Normal,3+Vehicles-Multiple,AUBIGNY (D'),M,45.76166174018787,4.758471974407559
201800048252,NonLethal,2018-05-18,17:30:00,Daylight,690,388,Yes,NoIntersection,Normal,2Vehicles-Side,ETATS UNIS (DES),M,45.73008136216415,4.730874607593908
201800048254,NonLethal,2018-05-19,01:25:00,NightStreelightsOn,690,276,No,NoIntersection,Normal,Other,LEON BLUM,M,45.67540026079672,4.676449288281794
201800048255,NonLethal,2018-05-19,04:56:00,NightStreelightsOn,690,387,Yes,NoIntersection,Normal,Other,VIENNE (DE),M,45.74270678236779,4.742005836133672
201800048256,NonLethal,2018-05-19,15:45:00,Daylight,690,383,Yes,NoIntersection,Normal,2Vehicles-Behind,CHAPONNAY,M,45.75798794323176,4.758162443692044
201800048257,NonLethal,2018-05-19,17:50:00,Daylight,690,259,Yes,X-type,Normal,2Vehicles-Side,RUE JEAN CAGNE,M,45.6935868823089,4.693952981592262
201800048258,NonLethal,2018-05-19,17:40:00,Daylight,690,387,Yes,T-type,Normal,2Vehicles-Side,LECLERC,M,45.73755040959039,4.737039110239438
201800048259,NonLethal,2018-05-21,00:15:00,NightStreelightsOn,690,388,Yes,NoIntersection,Normal,2Vehicles-Side,VIENNE (DE),M,45.71929666501119,4.720379995472035
201800048260,Lethal,2018-05-21,03:05:00,NightStreelightsOn,690,259,Yes,X-type,Normal,2Vehicles-Side,CHARLES DE GAULLE,M,45.71796602227891,4.716670965421077
201800048261,NonLethal,2018-05-21,14:30:00,Daylight,690,383,Yes,X-type,Normal,2Vehicles-Side,MAZENOD,M,45.759702042203614,4.758787746636635
201800048262,NonLethal,2018-05-22,07:40:00,Daylight,690,388,Yes,T-type,Normal,2Vehicles-Side,LOUIS CHAPUY,M,45.74418512150328,4.746427476777078
201800048263,NonLethal,2018-05-22,09:25:00,Daylight,690,388,Yes,T-type,Normal,2Vehicles-Side,LAENNEC,M,45.73697016143144,4.73742094428447
201800048264,NonLethal,2018-05-22,23:15:00,NightStreelightsOn,690,259,Yes,X-type,LightRain,2Vehicles-Side,CARNOT,M,45.70258272225512,4.703207518374937
201800048265,NonLethal,2018-05-23,10:20:00,Daylight,690,387,Yes,X-type,LightRain,Other,JEAN JAURES,M,45.7463587746788,4.746607835631807
201800048266,NonLethal,2018-05-18,15:00:00,Daylight,690,386,Yes,Other,Normal,2Vehicles-Side,MASSENA,M,45.76995413816018,4.770221345465694