AccidentId,Gravity,Date,Hour,Light,Department,Commune,InAgglomeration,IntersectionType,Weather,CollisionType,PostalAddress,GPSCode,Latitude,Longitude
201800048267,NonLethal,2018-05-23,16:35:00,Daylight,690,388,Yes,NoIntersection,HeavyRain,2Vehicles-Behind,VIVIANI,M,45.7252084178138,4.726405855936524
201800048268,NonLethal,2018-05-23,17:00:00,Daylight,690,387,Yes,X-type,Normal,2Vehicles-BehindVehicles-Frontal,JEAN JAURES,M,45.74228098341528,4.742908240599772
201800048269,NonLethal,2018-05-24,00:05:00,NightStreelightsOn,690,386,Yes,X-type,Normal,2Vehicles-Side,LAFAYETTE,M,45.76254323709497,4.763561407136735
201800048271,NonLethal,2018-05-24,12:45:00,Daylight,690,259,Yes,X-type,Normal,2Vehicles-Side,CORBAS (DE),M,45.69393905398368,4.694057074726263
201800048272,NonLethal,2018-05-24,17:45:00,Daylight,690,386,Yes,NoIntersection,Normal,2Vehicles-Behind,VITTON,M,45.768819872923125,4.767839263829295
201800048275,NonLethal,2018-05-26,14:15:00,Daylight,690,383,Yes,NoIntersection,Normal,3+Vehicles-Chain,ROUGET DE L'ISLE,M,45.7534200323477,4.755248126415608
201800048276,NonLethal,2018-05-26,14:00:00,Daylight,690,388,Yes,X-type,Normal,2Vehicles-Side,ETATS UNIS (DES),M,45.72948449245664,4.731888388620425
201800048277,NonLethal,2018-05-26,22:00:00,NightStreelightsOn,690,388,Yes,Y-type,Normal,2Vehicles-Side,PAUL SANTY,M,45.7357764292291,4.735749167554396
201800048278,NonLethal,2018-05-27,08:08:00,Daylight,690,387,Yes,X-type,LightRain,2Vehicles-Side,JEAN JAURES,M,45.72363602848816,4.722510090199812
201800048280,NonLethal,2018-05-29,10:00:00,Daylight,690,387,Yes,NoIntersection,Normal,Other,LORTET,M,45.74380444982343,4.745617389867944
201800048281,NonLethal,2018-05-29,14:40:00,Daylight,690,259,Yes,X-type,Normal,2Vehicles-Behind,PIERRE SEMARD,M,45.71068320462126,4.711273828570283
201800048282,NonLethal,2018-05-29,15:30:00,Daylight,690,259,Yes,NoIntersection,Normal,3+Vehicles-Chain,AMBROISE CROIZAT,M,45.69932347812231,4.698966369211575
201800048283,NonLethal,2018-05-29,17:10:00,Daylight,690,388,No,X-type,Normal,2Vehicles-Side,JEAN DESPARMET,M,45.73581029096124,4.736148155545403
201800048284,NonLethal,2018-05-30,09:20:00,Daylight,690,387,Yes,NoIntersection,Normal,Other,GARIBALDI,M,45.74451493026,4.74489338409262
201800048286,NonLethal,2018-05-29,12:40:00,Daylight,690,388,Yes,X-type,Normal,Other,PROFESSEUR BEAUVISAGE (D,M,45.73181875545953,4.7310240639526375
201800048287,NonLethal,2018-05-30,18:30:00,Daylight,690,259,Yes,X-type,LightRain,2Vehicles-Side,11 NOVEMBRE 1918 (DU),M,45.69261597423107,4.688857056497279
201800048288,NonLethal,2018-05-30,19:55:00,Daylight,690,259,Yes,NoIntersection,LightRain,Other,TACHE VELIN (DE),M,45.724541848075056,4.723944931876806
201800048289,NonLethal,2018-05-31,14:30:00,Daylight,690,383,Yes,X-type,Normal,Other,SERVIENT,M,45.76106825834332,4.762361501151857
201800048290,NonLethal,2018-01-06,08:50:00,Daylight,690,383,Yes,X-type,Normal,2Vehicles-Side,FEUILLAT,M,45.75217097719317,4.7526749825137085
201800048291,NonLethal,2018-01-06,19:35:00,Daylight,690,387,Yes,X-type,Normal,2Vehicles-Side,ANVERS (D'),M,45.750508880091935,4.748560895268507
201800048292,NonLethal,2018-02-06,05:10:00,NightStreelightsOn,690,387,Yes,NoIntersection,Normal,2Vehicles-Side,TONY GARNIER,M,45.72496351271272,4.730080104950091
201800048294,NonLethal,2018-03-06,09:45:00,Daylight,690,386,Yes,X-type,Normal,2Vehicles-Side,EMERAUDES (DES),M,45.76750917682365,4.769033614705629
201800048295,NonLethal,2018-03-06,23:15:00,NightStreelightsOn,690,259,Yes,NoIntersection,Normal,Other,AMBROISE CROIZAT,M,45.70592494740529,4.7046817748954375
201800048296,NonLethal,2018-04-06,17:00:00,Daylight,690,388,Yes,NoIntersection,Normal,NoCollision,JEAN MERMOZ,M,45.73219694800385,4.731859868805876
201800048297,NonLethal,2018-06-04,17:30:00,Daylight,690,259,Yes,NoIntersection,Normal,3+Vehicles-Chain,FRANCIS DE PRESSENSE,M,45.71611891202858,4.715910433773223
201800048298,NonLethal,2018-04-06,17:30:00,Daylight,690,259,Yes,NoIntersection,Overcast,2Vehicles-Side,PINEL,M,45.72642671838833,4.725874000682226
201800048299,NonLethal,2018-06-04,20:15:00,TwilightOrDawn,690,383,Yes,X-type,LightRain,2Vehicles-Side,ALBERT THOMAS,M,45.74531694778719,4.745414054410239
201800048301,NonLethal,2018-05-06,00:34:00,NightStreelightsOn,690,388,Yes,X-type,Normal,2Vehicles-Side,FRERES LUMIERE (DES),M,45.74544445286461,4.744663384177483
201800048303,NonLethal,2018-06-05,06:59:00,TwilightOrDawn,690,199,Yes,NoIntersection,Normal,2Vehicles-BehindVehicles-Frontal,FRERES PERRET,M,45.68978247359797,4.689856270299203
201800048304,NonLethal,2018-05-06,13:45:00,Daylight,690,387,Yes,X-type,Normal,2Vehicles-Side,UNIVERSITE (DE L'),M,45.75027994199338,4.749205403639021
201800048305,NonLethal,2018-05-06,15:15:00,Daylight,690,388,Yes,X-type,Normal,2Vehicles-Side,PAUL CAZENEUVE,M,45.73798059269888,4.736972876287437
201800048307,NonLethal,2018-06-06,13:40:00,Daylight,690,383,Yes,T-type,Normal,Other,DAUPHINE (DU),M,45.75323861441433,4.751294553602827
201800048309,NonLethal,2018-07-06,19:02:00,Daylight,690,387,Yes,NoIntersection,Normal,2Vehicles-Behind,VIENNE (DE),M,45.743092290997616,4.741206346118007
201800048310,NonLethal,2018-06-08,08:20:00,Daylight,690,383,Yes,NoIntersection,Overcast,2Vehicles-Side,FELIX FAURE,M,45.75493942587509,4.7549091397563
201800048311,NonLethal,2018-06-08,16:15:00,Daylight,690,383,Yes,NoIntersection,Normal,Other,ANDRE PHILIP,M,45.75753501352233,4.755417690519444
201800048313,NonLethal,2018-09-06,01:05:00,NightStreelightsOn,690,388,Yes,T-type,Normal,2Vehicles-Side,PAUL CAZENEUVE,M,45.73005330824618,4.732075699985963
201800048314,NonLethal,2018-06-09,13:17:00,Daylight,690,259,Yes,NoIntersection,Normal,Other,DIVISION LECLERC (DE LA),M,45.696509994919936,4.695443775398379
201800048315,NonLethal,2018-09-06,18:20:00,Daylight,690,388,Yes,Other,Normal,2Vehicles-Side,SANTOS DUMONT,M,45.74372025182548,4.746804491167922
201800048316,NonLethal,2018-06-08,17:15:00,Daylight,690,387,Yes,NoIntersection,HeavyRain,2Vehicles-Behind,GUILLOTIERE (DE LA),M,45.7540820395021,4.754107932660338
201800048317,NonLethal,2018-06-11,14:35:00,Daylight,690,383,Yes,NoIntersection,Normal,2Vehicles-Behind,ROUX SOIGNAT,M,45.74700761518227,4.7474111686541525
201800048318,NonLethal,2018-08-06,08:30:00,Daylight,690,383,Yes,NoIntersection,Normal,Other,EUGENE DERUELLE,M,45.76283572375756,4.763082365866208
201800048319,NonLethal,2018-06-12,18:50:00,Daylight,690,383,Yes,X-type,HeavyRain,2Vehicles-Side,SERVIENT,M,45.76103002703268,4.760856612106058
201800048321,NonLethal,2018-06-13,18:30:00,Daylight,690,276,Yes,NoIntersection,Normal,3+Vehicles-Chain,VIENNE (DE),M,45.66740317769331,4.669493529590743
201800048322,NonLethal,2018-06-13,15:50:00,Daylight,690,383,Yes,NoIntersection,Normal,Other,GENERAL MOUTON DUVERNET,M,45.75566547085725,4.755779816850438
201800048323,NonLethal,2018-06-14,00:15:00,NightStreelightsOn,690,383,Yes,NoIntersection,Normal,Other,DAUPHINE (DU),M,45.754066539566665,4.754108627896765
201800048324,NonLethal,2018-06-14,02:10:00,NightStreelightsOn,690,387,Yes,X-type,Normal,2Vehicles-Side,UNIVERSITE (DE L'),M,45.75154085311879,4.751883116493822
201800048325,NonLethal,2018-06-14,12:50:00,Daylight,690,386,Yes,NoIntersection,Normal,2Vehicles-Behind,CHARLES DE GAULLE,M,45.78605849503606,4.786063899193989
201800048326,NonLethal,2018-06-14,14:40:00,Daylight,690,383,Yes,X-type,Normal,Other,FELIX FAURE,M,45.754877707718485,4.753137957512138
201800048327,NonLethal,2018-06-14,14:00:00,Daylight,690,387,Yes,T-type,Normal,Other,GERLAND (DE),M,45.74013785088667,4.740533585699844
201800048328,NonLethal,2018-06-14,17:40:00,Daylight,690,383,Yes,X-type,Normal,2Vehicles-Side,SERVIENT,M,45.759688407153696,4.759088497764105
201800048329,NonLethal,2018-06-14,13:38:00,Daylight,690,383,Yes,NoIntersection,Normal,NoCollision,EUGENE DERUELLE,M,45.76312747267975,4.762641679429573
201800048330,NonLethal,2018-06-15,09:15:00,Daylight,690,383,Yes,NoIntersection,Normal,NoCollision,VILLETTE (DE LA),M,45.7615044026191,4.763167841694342
201800048332,NonLethal,2018-06-15,13:00:00,Daylight,690,387,Yes,NoIntersection,Normal,NoCollision,GUILLOTIERE (DE LA),M,45.75028962528823,4.751274681373773
201800048334,NonLethal,2018-06-16,17:00:00,Daylight,690,387,Yes,X-type,Normal,2Vehicles-Side,JEAN JAURES,M,45.75337059351226,4.752610882346939
201800048335,NonLethal,2018-06-16,20:15:00,Daylight,690,387,Yes,X-type,Normal,2Vehicles-Side,GERLAND (DE),M,45.73542938667733,4.736906277774286
201800048336,NonLethal,2018-06-16,23:15:00,NightStreelightsOn,690,383,Yes,MoreThan4Branches,Normal,2Vehicles-Side,PAUL BERT,M,45.75735396766407,4.757591686708721
201800048337,NonLethal,2018-06-17,00:50:00,NightStreelightsOn,690,387,Yes,NoIntersection,Normal,2Vehicles-Behind,DEBOURG,M,45.7295824930183,4.730749719699047
201800048338,NonLethal,2018-06-16,20:50:00,TwilightOrDawn,690,199,Yes,X-type,Normal,2Vehicles-Side,EMILE ZOLA,M,45.7112599257524,4.710683989256389
201800048339,NonLethal,2018-06-17,23:30:00,NightStreelightsOn,690,388,Yes,X-type,Normal,2Vehicles-Side,ALBERT THOMAS,M,45.74439734392381,4.746939221402167
201800048341,NonLethal,2018-06-18,18:00:00,Daylight,690,388,Yes,Roundabout,Normal,2Vehicles-Behind,PROFESSEUR ROUX,M,45.728941271097554,4.728533097396318
201800048342,NonLethal,2018-06-18,19:20:00,Daylight,690,259,Yes,NoIntersection,Normal,Other,MAURICE RAVEL,M,45.6990109988135,4.698455391433567
201800048343,NonLethal,2018-06-18,22:37:00,NightStreelightsOn,690,259,Yes,X-type,Normal,2Vehicles-Side,JEAN CAGNE,M,45.69628577878271,4.695402528302479
201800048344,NonLethal,2018-06-19,08:55:00,Daylight,690,388,Yes,X-type,Normal,2Vehicles-Side,ETATS UNIS (DES),M,45.73516063435359,4.734966919939637
201800048345,NonLethal,2018-06-19,12:15:00,Daylight,690,387,Yes,T-type,Normal,Other,CHALLEMEL LACOUR,M,45.729285692159216,4.729294207181885
201800048346,NonLethal,2018-06-19,12:59:00,Daylight,690,388,Yes,X-type,Normal,2Vehicles-Side,ETATS UNIS (DES),M,45.73304968634074,4.73063779483399
201800048347,NonLethal,2018-06-20,13:10:00,Daylight,690,388,Yes,X-type,Normal,2Vehicles-Side,JEAN SARRAZIN,M,45.730005670272064,4.730568652211463
201800048348,NonLethal,2018-06-20,17:45:00,Daylight,690,259,Yes,T-type,Normal,2Vehicles-Side,JEAN CAGNE,M,45.697229323075305,4.696431210635166
201800048349,NonLethal,2018-06-20,19:00:00,Daylight,690,387,Yes,X-type,Normal,2Vehicles-Side,GAMBETTA,M,45.75209484465942,4.751620432391243
201800048351,NonLethal,2018-06-20,21:00:00,TwilightOrDawn,690,388,Yes,NoIntersection,Normal,2Vehicles-Side,GENERAL FRERE (DU),M,45.73472101149336,4.734729566492168
201800048352,NonLethal,2018-06-21,16:58:00,Daylight,690,388,Yes,NoIntersection,Normal,3+Vehicles-Chain,JEAN XXIII,M,45.73809518120147,4.737244578813152
201800048353,NonLethal,2018-06-21,15:03:00,Daylight,690,259,Yes,X-type,Normal,2Vehicles-Side,PARILLY (DE),M,45.71158389205291,4.710096170325634
201800048354,NonLethal,2018-06-22,06:15:00,Daylight,690,387,Yes,NoIntersection,Normal,2Vehicles-Side,BERTHELOT,M,45.74672488575924,4.746768441507709
201800048355,NonLethal,2018-06-21,19:40:00,Daylight,690,383,Yes,NoIntersection,Normal,2Vehicles-Side,CREQUI (DE),M,45.76320140002045,4.763833974772792
201800048356,NonLethal,2018-06-22,16:50:00,Daylight,690,259,Yes,X-type,Normal,Other,PASTEUR,M,45.69685425229753,4.694907018409118
201800048358,NonLethal,2018-06-24,05:30:00,TwilightOrDawn,690,276,Yes,Other,Normal,Other,ALBERT RAMBOZ,M,45.68337321955193,4.680568178850755
201800048359,NonLethal,2018-06-24,05:05:00,TwilightOrDawn,690,386,Yes,NoIntersection,Normal,NoCollision,DUQUESNE,M,45.7720366341943,4.770614684142847
201800048360,NonLethal,2018-06-25,11:00:00,Daylight,690,383,Yes,NoIntersection,Normal,2Vehicles-BehindVehicles-Frontal,PAUL BERT,M,45.754798006690365,4.75830345273326
201800048361,NonLethal,2018-06-25,18:25:00,Daylight,690,386,Yes,NoIntersection,Normal,2Vehicles-Side,STALINGRAD (DE),M,45.779317598154265,4.779875315002819
201800048363,NonLethal,2018-06-26,11:13:00,Daylight,690,383,Yes,NoIntersection,Normal,Other,MARECHAL DE SAXE,M,45.75961575412562,4.761896975800929
201800048364,Lethal,2018-06-26,13:40:00,Daylight,690,388,Yes,X-type,Normal,2Vehicles-Side,ROCKEFELLER.,M,45.742190033606526,4.740553352395434
201800048365,NonLethal,2018-06-26,18:15:00,Daylight,690,383,Yes,X-type,Normal,2Vehicles-BehindVehicles-Frontal,CHAPONNAY,M,45.75886100304671,4.758476089369182
201800048366,NonLethal,2018-06-28,09:00:00,Daylight,690,388,Yes,T-type,Normal,2Vehicles-Side,GENERAL FRERE (DU),M,45.72877126931903,4.729094756161108
201800048367,NonLethal,2018-06-28,08:40:00,Daylight,690,388,Yes,T-type,Normal,2Vehicles-Side,LAURENT CARLE,M,45.73243909415751,4.733250341577034
201800048368,NonLethal,2018-06-28,19:45:00,Daylight,690,387,Yes,NoIntersection,VeryGood,NoCollision,GAMBETTA,M,45.73815536887506,4.739284863324929
201800048369,NonLethal,2018-06-29,09:20:00,Daylight,690,387,Yes,T-type,Normal,Other,CHEVREUL,M,45.74649817604084,4.748333365703908
201800048370,NonLethal,2018-06-29,09:00:00,Daylight,690,387,Yes,T-type,Normal,2Vehicles-Side,MARC BLOCH,M,45.74846361564926,4.746085399433575
201800048371,NonLethal,2018-06-29,15:10:00,Daylight,690,388,Yes,X-type,Normal,2Vehicles-Side,ROCHAMBEAU,M,45.73067124729058,4.732679153498186
201800048372,NonLethal,2018-06-30,10:45:00,Daylight,690,387,Yes,NoIntersection,Normal,Other,ELIE ROCHETTE,M,45.7501087091424,4.748816546025808
201800048373,NonLethal,2018-06-30,11:00:00,Daylight,690,388,Yes,Other,Normal,2Vehicles-Side,MARIUS BERLIET,M,45.73949005936712,4.740981351150652
201800048374,NonLethal,2018-06-30,22:25:00,NightStreelightsOn,690,387,Yes,X-type,Normal,Other,MADELEINE (DE LA),M,45.74927034314418,4.747013905805726
201800048375,NonLethal,2018-07-02,10:50:00,Daylight,690,386,Yes,X-type,Normal,Other,BROTTEAUX (DES),M,45.76640705686991,4.76409004858132
201800048376,NonLethal,2018-02-07,14:40:00,Daylight,690,259,Yes,Other,Normal,2Vehicles-Side,FRANCIS DE PRESSENSE,M,45.7303977736808,4.729392152863425
201800048378,Lethal,2018-07-02,15:17:00,Daylight,690,383,Yes,T-type,Normal,2Vehicles-Side,DUGUESCLIN,M,45.75569032590529,4.756373782328829
201800048379,NonLethal,2018-03-07,08:50:00,Daylight,690,387,Yes,NoIntersection,Normal,2Vehicles-Side,JEAN JAURES,M,45.72587197135374,4.726631849038046
201800048380,NonLethal,2018-03-07,10:00:00,Daylight,690,387,Yes,NoIntersection,Normal,2Vehicles-Behind,RAOUL SERVANT,M,45.74538748668438,4.743305880173835
201800048382,NonLethal,2018-07-04,17:30:00,Daylight,690,276,Yes,Roundabout,Normal,2Vehicles-Side,LYON (DE),M,45.68502037968974,4.687337383617552
201800048383,NonLethal,2018-04-07,21:50:00,NightStreelightsOn,690,388,Yes,X-type,LightRain,2Vehicles-Side,ETATS UNIS (DES),M,45.7319702237747,4.730369717314848
201800048384,NonLethal,2018-05-07,08:25:00,Daylight,690,388,Yes,T-type,Normal,NoCollision,PIERRE DELORE,M,45.73851954840484,4.73828372228885
201800048385,NonLethal,2018-07-05,14:00:00,Daylight,690,387,Yes,NoIntersection,Normal,2Vehicles-Behind,BERTHELOT,M,45.74574001834861,4.74448241391711
201800048387,NonLethal,2018-05-07,21:30:00,NightStreelightsOn,690,388,Yes,Y-type,LightRain,2Vehicles-Side,PIERRE DELORE,M,45.72955780469644,4.731723202469255
201800048388,NonLethal,2018-07-06,10:00:00,Daylight,690,386,Yes,NoIntersection,Normal,2Vehicles-Side,THIERS,M,45.76277774204091,4.766130091119307
201800048389,NonLethal,2018-07-08,03:23:00,NightStreelightsOn,690,386,Yes,NoIntersection,Normal,2Vehicles-Side,BELGES (DES),M,45.770846152015984,4.771064729762362
201800048390,NonLethal,2018-07-08,22:55:00,NightStreelightsOn,690,388,Yes,X-type,Normal,2Vehicles-BehindVehicles-Frontal,ALBERT THOMAS,M,45.74236198054132,4.743294347812935
201800048391,NonLethal,2018-07-09,13:00:00,Daylight,690,259,Yes,X-type,Normal,2Vehicles-Side,MARCEL CACHIN,M,45.69497671534859,4.692832882429278
201800048392,NonLethal,2018-10-07,11:45:00,Daylight,690,387,Yes,Other,Normal,Other,JEAN JAURES,M,45.73303695794677,4.734669306778266
201800048393,NonLethal,2018-07-10,12:50:00,Daylight,690,388,Yes,NoIntersection,Normal,Other,ETATS UNIS (DES),M,45.72880648242945,4.726583012500431
201800048394,NonLethal,2018-07-07,01:55:00,NightStreelightsOn,690,383,Yes,NoIntersection,Normal,2Vehicles-Side,LAFAYETTE,M,45.76337677388364,4.763270409755164
201800048395,NonLethal,2018-10-07,16:55:00,Daylight,690,387,Yes,NoIntersection,Normal,Other,TONY GARNIER,M,45.72606683915525,4.72520621069714
201800048396,NonLethal,2018-10-07,18:40:00,Daylight,690,387,Yes,NoIntersection,Normal,Other,TONY GARNIER,M,45.726987724067705,4.727717436020047
201800048398,NonLethal,2018-11-07,15:10:00,Daylight,690,388,Yes,NoIntersection,Normal,2Vehicles-BehindVehicles-Frontal,ETATS UNIS (DES),M,45.72965788679698,4.729541360700458
201800048400,NonLethal,2018-07-12,09:55:00,Daylight,690,259,Yes,T-type,Normal,Other,ARISTIDE BRUANT,M,45.6973349297542,4.6975565810088655
201800048401,NonLethal,2018-07-12,11:00:00,Daylight,690,259,Yes,NoIntersection,Normal,Other,ROGER SALENGRO,M,45.720306578151,4.720606054630601
201800048402,NonLethal,2018-12-07,16:05:00,Daylight,690,386,Yes,T-type,Normal,Other,MARECHAL FOCH (DU),M,45.77430376282829,4.772556295545904
201800048403,NonLethal,2018-12-07,23:30:00,NightStreelightsOn,690,276,Yes,X-type,Normal,2Vehicles-Side,LYON (DE),M,45.68158535516949,4.685194012076645
201800048404,NonLethal,2018-07-13,18:30:00,Daylight,690,386,Yes,X-type,Normal,2Vehicles-Side,EMERAUDES (DES),M,45.77098053052482,4.769402344560247
201800048405,NonLethal,2018-07-13,21:55:00,TwilightOrDawn,690,387,Yes,NoIntersection,Normal,Other,CHALOPIN,M,45.75074222674804,4.750512811572324
201800048406,NonLethal,2018-07-13,22:40:00,NightStreelightsOn,690,387,Yes,X-type,Normal,2Vehicles-Side,JEAN JAURES,M,45.73654137437752,4.737755687734803
201800048407,NonLethal,2018-07-14,12:00:00,Daylight,690,387,Yes,T-type,Normal,Other,JEAN VALLIER,M,45.73190829688444,4.73292011319349
201800048408,NonLethal,2018-07-14,18:30:00,Daylight,690,387,Yes,X-type,HeavyRain,Other,GIRONDINS (DES),M,45.740427246383405,4.7394338639560605
201800048409,NonLethal,2018-07-14,19:05:00,Daylight,690,199,Yes,NoIntersection,LightRain,2Vehicles-Side,JEAN JAURES,M,45.71129489781026,4.711820252867949
201800048410,NonLethal,2018-07-14,19:45:00,Daylight,690,387,Yes,NoIntersection,HeavyRain,2Vehicles-Behind,TONY GARNIER,M,45.73094865879431,4.730305478508905
201800048411,NonLethal,2018-07-15,12:50:00,Daylight,690,276,No,NoIntersection,Normal,2Vehicles-Side,312,M,45.67363915798301,4.676314476656558
201800048412,NonLethal,2018-07-15,22:20:00,NightStreelightsOn,690,387,Yes,T-type,Normal,Other,ABBE BOISARD (DE L'),M,45.74885774338951,4.750190097868452
201800048413,NonLethal,2018-07-16,01:05:00,NightStreelightsOn,690,388,Yes,NoIntersection,Normal,Other,BERTHELOT,M,45.73827960219556,4.73924171416735
201800048414,NonLethal,2018-07-16,14:40:00,Daylight,690,259,Yes,X-type,Normal,3+Vehicles-Multiple,IRENE JOLIOT CURIE,M,45.71527077824787,4.714968627364944
201800048416,NonLethal,2018-07-19,16:00:00,Daylight,690,383,Yes,NoIntersection,Normal,2Vehicles-Side,GAMBETTA,M,45.75093664322591,4.752504700873131
201800048418,NonLethal,2018-07-21,23:20:00,NightStreelightsOn,690,386,Yes,X-type,Normal,2Vehicles-Side,MONTGOLFIER,M,45.77377252619625,4.771754778527246
201800048419,NonLethal,2018-07-22,06:26:00,Daylight,690,387,Yes,NoIntersection,Normal,Other,MARC BLOCH,M,45.74714857401492,4.74761931115544
201800048420,NonLethal,2018-07-22,19:45:00,Daylight,690,386,Yes,NoIntersection,Normal,2Vehicles-Side,CHARLES DE GAULLE,M,45.78538022473408,4.7864529581765485
201800048421,NonLethal,2018-07-23,07:50:00,Daylight,690,383,Yes,NoIntersection,Normal,Other,LACASSAGNE,M,45.74829162536097,4.748925717322226
201800048422,NonLethal,2018-07-23,08:10:00,Daylight,690,388,Yes,NoIntersection,Normal,Other,VIVIANI,M,45.72546966836603,4.726322258843249
201800048423,NonLethal,2018-07-23,11:00:00,Daylight,690,386,Yes,NoIntersection,Normal,Other,VITTON,M,45.76966472790172,4.769334581347748
201800048424,NonLethal,2018-07-23,21:40:00,TwilightOrDawn,690,259,Yes,NoIntersection,Normal,2Vehicles-Behind,JULES GRANDCLEMENT,M,45.71889631189268,4.719933936638636
201800048425,NonLethal,2018-07-25,23:35:00,NightStreelightsOn,690,383,Yes,NoIntersection,Normal,2Vehicles-Side,DAUPHINE (DU),M,45.75092639358192,4.751862586483508
201800048426,NonLethal,2018-07-26,10:40:00,Daylight,690,386,Yes,NoIntersection,Normal,Other,BELGES (DES),M,45.77063001160703,4.772565027408304
201800048429,NonLethal,2018-07-18,21:00:00,TwilightOrDawn,690,383,Yes,X-type,Normal,2Vehicles-Behind,BONNEL (DE),M,45.76265301948277,4.763190678459936
201800048431,NonLethal,2018-07-27,05:10:00,NightStreelightsOn,690,259,No,NoIntersection,Normal,3+Vehicles-Multiple,LAURENT BONNEVAY,M,45.71864715951975,4.71794045747649
201800048432,NonLethal,2018-07-27,10:20:00,Daylight,690,388,Yes,NoIntersection,Normal,NoCollision,EPARGNE (DE L'),M,45.74289477997445,4.742692135086277
201800048433,NonLethal,2018-07-26,20:00:00,Daylight,690,259,Yes,NoIntersection,Normal,Other,VIENNE (DE),M,45.71490685291258,4.718039387803763
201800048435,NonLethal,2018-07-28,06:45:00,Daylight,690,259,Yes,NoIntersection,Normal,Other,FRANCIS DE PRESSENSE,M,45.715310961508166,4.712165940065065
201800048437,NonLethal,2018-07-29,07:30:00,Daylight,690,387,Yes,X-type,Normal,2Vehicles-Side,LECLERC,M,45.749010283856485,4.746174335839551
201800048438,NonLethal,2018-07-29,14:25:00,Daylight,690,387,Yes,T-type,Normal,2Vehicles-Side,JABOULAY,M,45.74705850084032,4.748511612962121
201800048440,NonLethal,2018-07-31,08:40:00,Daylight,690,386,Yes,X-type,Normal,Other,JULES FAVRE,M,45.76500187814106,4.762527943947166
201800048442,NonLethal,2018-07-31,10:00:00,Daylight,690,387,No,NoIntersection,Normal,2Vehicles-Behind,FILLON,M,45.7200645386834,4.719516801215204
201800048443,NonLethal,2018-01-08,20:50:00,Daylight,690,383,Yes,NoIntersection,Normal,2Vehicles-Side,GAMBETTA,M,45.75308937293752,4.749711457035544
201800048444,NonLethal,2018-08-03,08:00:00,Daylight,690,259,Yes,NoIntersection,Normal,2Vehicles-Behind,YVES FARGE (RN 7),M,45.70120186774213,4.700274804018821
201800048445,NonLethal,2018-08-03,12:00:00,Daylight,690,386,Yes,X-type,Normal,2Vehicles-Side,THIERS,M,45.7663187572361,4.767125835590815
201800048446,NonLethal,2018-03-08,17:25:00,Daylight,690,387,Yes,NoIntersection,Normal,2Vehicles-Side,LECLERC,M,45.7359518977052,4.736635536831345
201800048448,NonLethal,2018-08-03,19:00:00,Daylight,690,199,Yes,Other,Normal,NoCollision,DIDEROT,M,45.70345697594579,4.702969519240836
201800048450,NonLethal,2018-05-08,17:50:00,Daylight,690,386,Yes,NoIntersection,Normal,NoCollision,SERBIE (DE),M,45.77001389359412,4.770190105697549
201800048451,NonLethal,2018-08-05,19:00:00,Daylight,690,386,Yes,T-type,Normal,2Vehicles-Side,SERBIE (DE),M,45.76787318990706,4.769828469870889
201800048452,NonLethal,2018-07-08,16:00:00,Daylight,690,387,Yes,NoIntersection,Normal,3+Vehicles-Chain,DEBOURG,M,45.73257060174232,4.729785791099018
201800048453,NonLethal,2018-08-09,06:55:00,TwilightOrDawn,690,383,Yes,X-type,Normal,2Vehicles-Side,RANCY (DES),M,45.75746498575049,4.755480967184044
201800048454,NonLethal,2018-08-08,16:00:00,Daylight,690,386,Yes,NoIntersection,Normal,3+Vehicles-Chain,MONTGOLFIER,M,45.7711236746994,4.772017631086583
201800048455,NonLethal,2018-08-10,09:00:00,Daylight,690,259,Yes,T-type,Normal,2Vehicles-Side,VAILLANT COUTURIER,M,45.72767802026841,4.727263964690646
201800048457,NonLethal,2018-08-11,21:00:00,TwilightOrDawn,690,387,Yes,T-type,Normal,2Vehicles-Side,MARSEILLE (DE),M,45.75117508238732,4.750671750333725
201800048458,NonLethal,2018-12-08,00:50:00,NightStreelightsOn,690,383,Yes,X-type,Normal,2Vehicles-Side,PAUL BERT,M,45.75510544385482,4.756696191377972
201800048459,NonLethal,2018-08-13,17:30:00,Daylight,690,383,Yes,Square,LightRain,2Vehicles-BehindVehicles-Frontal,MAISONS NEUVES (DES),M,45.75549799505928,4.75649685675216
201800048461,NonLethal,2018-08-14,21:35:00,NightStreelightsOn,690,383,Yes,Roundabout,Normal,2Vehicles-Side,ALBERT THOMAS,M,45.74284811159749,4.743141052555788
201800048462,NonLethal,2018-08-14,23:15:00,NightStreelightsOn,690,386,Yes,X-type,Normal,2Vehicles-Side,VITTON,M,45.77138487447102,4.769577212864107
201800048463,NonLethal,2018-08-16,04:40:00,NightStreelightsOn,690,259,Yes,T-type,Normal,Other,MAURICE THOREZ,M,45.70061870554181,4.698268015032767
201800048464,NonLethal,2018-08-16,22:30:00,NightStreelightsOn,690,383,Yes,X-type,Normal,2Vehicles-Side,VILLETTE (DE LA),M,45.75916300942973,4.758644755112849
201800048468,NonLethal,2018-08-19,17:15:00,Daylight,690,388,Yes,NoIntersection,Normal,Other,PAUL SANTY,M,45.72986222715296,4.729083668082101
201800048469,NonLethal,2018-08-20,18:10:00,Daylight,690,386,Yes,X-type,Normal,2Vehicles-Side,JEAN BROQUIN,M,45.76779367791563,4.765980206652308
201800048470,NonLethal,2018-08-20,18:10:00,Daylight,690,383,Yes,X-type,Normal,2Vehicles-Side,FERDINAND BUISSON,M,45.750248314571344,4.751376954939213