AccidentId,Gravity,Date,Hour,Light,Department,Commune,InAgglomeration,IntersectionType,Weather,CollisionType,PostalAddress,GPSCode,Latitude,Longitude
201800048471,NonLethal,2018-08-20,20:15:00,TwilightOrDawn,690,383,Yes,NoIntersection,Normal,2Vehicles-Side,GAMBETTA,M,45.75226998226274,4.750720591515711
201800048472,NonLethal,2018-08-21,20:25:00,TwilightOrDawn,690,199,Yes,NoIntersection,Normal,Other,BEZIERS (DE),M,45.693871322046654,4.6962332448093855
201800048473,NonLethal,2018-08-22,09:00:00,Daylight,690,387,Yes,X-type,Normal,2Vehicles-Side,JEAN JAURES,M,45.75179097745137,4.750994459141873
201800048474,NonLethal,2018-08-02,05:45:00,NightStreelightsOn,690,388,Yes,NoIntersection,Normal,2Vehicles-Side,PAUL CAZENEUVE,M,45.73484392940787,4.735298812917593
201800048476,NonLethal,2018-08-24,09:30:00,Daylight,690,259,Yes,X-type,Normal,2Vehicles-Side,CARNOT,M,45.706276683410834,4.703513364088613
201800048477,NonLethal,2018-08-26,18:10:00,Daylight,690,388,Yes,T-type,Normal,2Vehicles-Side,JOSEPH CHAPELLE,M,45.73521113537841,4.733983776252456
201800048478,NonLethal,2018-08-26,21:00:00,NightStreelightsOn,690,387,Yes,X-type,Normal,2Vehicles-Side,BERTHELOT,M,45.74671845677937,4.746347542306697
201800048479,NonLethal,2018-08-27,11:05:00,Daylight,690,386,Yes,NoIntersection,Normal,2Vehicles-Behind,GENERAL SARRAIL (DU),M,45.76744030843228,4.766060392839138
201800048480,NonLethal,2018-08-27,17:45:00,Daylight,690,383,Yes,NoIntersection,Normal,Other,MARIUS VIVIER MERLE,M,45.76265846872151,4.761310438907034
201800048481,NonLethal,2018-08-28,23:30:00,NightStreelightsOn,690,276,Yes,Y-type,Normal,2Vehicles-Side,312,M,45.67255521960225,4.672946704770054
201800048482,NonLethal,2018-08-29,12:45:00,Daylight,690,383,Yes,NoIntersection,Normal,2Vehicles-Side,MARECHAL DE SAXE,M,45.761936200337466,4.761807338825499
201800048483,NonLethal,2018-08-31,14:10:00,Daylight,690,388,Yes,NoIntersection,Normal,2Vehicles-Side,JEAN PERREAL,M,45.74495580456109,4.744451547025406
201800048484,NonLethal,2018-08-31,15:41:00,Daylight,690,199,Yes,NoIntersection,Normal,2Vehicles-Behind,JEAN JAURES,M,45.71005024195788,4.709837779602896
201800048486,NonLethal,2018-01-09,10:30:00,Daylight,690,259,Yes,X-type,Normal,2Vehicles-Side,AMBROISE CROIZAT,M,45.69588864150204,4.69753556963485
201800048487,NonLethal,2018-09-01,15:20:00,Daylight,690,387,Yes,NoIntersection,Normal,2Vehicles-Side,UNIVERSITE (DE L'),M,45.74952183779522,4.748514576005067
201800048490,NonLethal,2018-02-09,19:50:00,Daylight,690,383,Yes,NoIntersection,Normal,Other,TEINTURIERS (DES),M,45.758770508480886,4.760670330456359
201800048491,NonLethal,2018-08-28,13:30:00,Daylight,690,387,Yes,NoIntersection,Normal,2Vehicles-Behind,JEAN JAURES,M,45.73509993937141,4.733344578130081
201800048492,NonLethal,2018-09-03,12:40:00,Daylight,690,386,Yes,X-type,Normal,Other,TETE D'OR (DE LA),M,45.76657849894578,4.764964400839161
201800048493,NonLethal,2018-03-09,16:40:00,Daylight,690,383,Yes,NoIntersection,Normal,NoCollision,LIBERTE (DE LA),M,45.758139488444286,4.756966305075875
201800048495,NonLethal,2018-04-09,12:15:00,Daylight,690,383,Yes,X-type,Normal,2Vehicles-BehindVehicles-Frontal,EUGENIE,M,45.74101609616789,4.74298353326819
201800048496,NonLethal,2018-05-09,08:40:00,Daylight,690,386,Yes,X-type,Normal,2Vehicles-Side,TETE D'OR (DE LA),M,45.76792276069008,4.767971106918298
201800048498,NonLethal,2018-09-06,11:20:00,Daylight,690,388,Yes,T-type,Normal,Other,AMBROISE PARE,M,45.73964884909415,4.736960691857612
201800048499,Lethal,2018-06-09,10:12:00,Daylight,690,386,Yes,X-type,LightRain,2Vehicles-Side,STE GENEVIEVE,M,45.76296115855387,4.764380171270773
201800048500,NonLethal,2018-09-06,13:30:00,Daylight,690,383,Yes,X-type,LightRain,2Vehicles-Side,VENDOME,M,45.75764251922602,4.756713419475241
201800048502,NonLethal,2018-09-06,21:00:00,NightStreelightsOn,690,388,Yes,NoIntersection,LightRain,2Vehicles-Behind,ALOUETTES,M,45.74229581486578,4.742977122647348
201800048503,NonLethal,2018-07-09,08:18:00,Daylight,690,383,Yes,NoIntersection,Normal,2Vehicles-Side,FELIX FAURE,M,45.75361413724205,4.754184627864385
201800048504,NonLethal,2018-09-07,10:00:00,Daylight,690,383,Yes,NoIntersection,Normal,2Vehicles-Side,LACASSAGNE,M,45.752575540666925,4.756376500871533
201800048505,NonLethal,2018-07-09,15:13:00,Daylight,690,259,Yes,Other,Normal,2Vehicles-Behind,PIERRE SEMARD,M,45.709968278090784,4.708206808247405
201800048507,NonLethal,2018-09-08,23:50:00,NightStreelightsOn,690,259,Yes,NoIntersection,Normal,Other,PIERRE COT,M,45.709771115627696,4.7105078857380605
201800048508,NonLethal,2018-09-09,15:10:00,Daylight,690,383,Yes,NoIntersection,Normal,2Vehicles-BehindVehicles-Frontal,GEORGES POMPIDOU,M,45.7582746260769,4.758087115359878
201800048509,NonLethal,2018-09-10,12:25:00,Daylight,690,259,Yes,NoIntersection,Normal,Other,AMBROISE CROIZAT,M,45.69873823403765,4.6993447469705885
201800048510,NonLethal,2018-11-09,16:10:00,Daylight,690,388,Yes,NoIntersection,Normal,Other,CHALLEMEL LACOUR,M,45.73065187164641,4.729566124003534
201800048511,NonLethal,2018-11-09,16:00:00,Daylight,690,388,Yes,X-type,Normal,2Vehicles-Side,ST NESTOR,M,45.74391742918286,4.745874285017084
201800048512,NonLethal,2018-12-09,15:20:00,Daylight,690,386,Yes,X-type,Normal,2Vehicles-Side,BOILEAU,M,45.77221392376947,4.772004764041114
201800048513,NonLethal,2018-03-09,08:30:00,Daylight,690,259,Yes,NoIntersection,Normal,Other,AMBROISE CROIZAT,M,45.69884721688744,4.70087244456192
201800048514,NonLethal,2018-09-13,16:15:00,Daylight,690,387,Yes,X-type,Normal,Other,UNIVERSITE (DE L'),M,45.75030194627276,4.749944531772818
201800048515,NonLethal,2018-09-14,02:50:00,NightStreelightsOn,690,386,Yes,X-type,Normal,2Vehicles-Side,GERMAIN,M,45.76691873863146,4.765320735089058
201800048517,NonLethal,2018-09-13,15:55:00,Daylight,690,383,Yes,Square,Normal,Other,VENDOME,M,45.753082557456686,4.754803168876215
201800048518,NonLethal,2018-09-14,23:25:00,NightStreelightsOn,690,387,Yes,T-type,Normal,2Vehicles-Side,MARIE MADELEINE FOURCADE,M,45.73809246193751,4.737488662239208
201800048519,NonLethal,2018-09-15,14:30:00,Daylight,690,383,Yes,NoIntersection,Normal,Other,VICTOR AUGAGNEUR,M,45.76341772172558,4.761297606520579
201800048522,NonLethal,2018-09-16,05:00:00,NightStreelightsOn,690,387,Yes,X-type,Normal,2Vehicles-Side,MARSEILLE (DE),M,45.74741963052551,4.748212877147518
201800048523,NonLethal,2018-09-17,05:55:00,NightStreelightsOn,690,386,Yes,T-type,Normal,2Vehicles-Side,STALINGRAD (DE),M,45.777731431848565,4.77980321939862
201800048525,NonLethal,2018-09-18,18:00:00,Daylight,690,387,Yes,X-type,Normal,Other,RENAN,M,45.749525197472,4.749461261148426
201800048526,NonLethal,2018-09-18,19:30:00,TwilightOrDawn,690,383,Yes,X-type,Normal,2Vehicles-Side,ALBERT THOMAS,M,45.74684684518354,4.747186026013462
201800048527,NonLethal,2018-09-18,22:30:00,NightStreelightsOn,690,386,No,T-type,Normal,2Vehicles-Side,TRONCHET,M,45.770670663503005,4.767756796336859
201800048528,NonLethal,2018-09-19,10:25:00,Daylight,690,259,Yes,NoIntersection,Normal,Other,REPUBLIQUE (DE LA),M,45.69621321205163,4.697153416235251
201800048530,NonLethal,2018-09-19,16:20:00,Daylight,690,388,Yes,Other,Normal,2Vehicles-Side,ETATS UNIS (DES),M,45.73068671478986,4.729505965410995
201800048531,NonLethal,2018-09-19,22:40:00,NightStreelightsOn,690,383,Yes,NoIntersection,Normal,2Vehicles-BehindVehicles-Frontal,FEUILLAT,M,45.75410220089185,4.754291000209311
201800048532,NonLethal,2018-09-20,17:00:00,Daylight,690,387,Yes,Other,Normal,2Vehicles-BehindVehicles-Frontal,FELIX FAURE,M,45.752646243599614,4.752991631375169
201800048533,NonLethal,2018-09-20,17:30:00,Daylight,690,387,Yes,X-type,Normal,2Vehicles-Side,LECLERC,M,45.74281133294537,4.746378133721133
201800048534,NonLethal,2018-09-20,18:30:00,Daylight,690,388,Yes,NoIntersection,Normal,2Vehicles-Side,PROFESSEUR MORAT (DU),M,45.73294578714906,4.732991120162138
201800048535,NonLethal,2018-09-21,09:30:00,Daylight,690,259,Yes,X-type,Normal,2Vehicles-Side,IRENE JOLIOT CURIE,M,45.72334377969723,4.725525277278291
201800048536,NonLethal,2018-09-21,18:40:00,Daylight,690,259,Yes,X-type,Overcast,2Vehicles-Side,DIVISION LECLERC (DE LA),M,45.69419683353934,4.694939495413538
201800048537,NonLethal,2018-09-21,21:15:00,NightStreelightsOn,690,387,Yes,NoIntersection,LightRain,NoCollision,JEAN JAURES,M,45.73808786988737,4.738823467476678
201800048538,NonLethal,2018-09-21,20:47:00,NightStreelightsOn,690,386,Yes,X-type,LightRain,2Vehicles-Side,THIERS,M,45.764584481146784,4.763420386403527
201800048539,NonLethal,2018-09-22,12:20:00,Daylight,690,259,Yes,Other,Normal,2Vehicles-Side,IRENE JOLIOT CURIE,M,45.71732429477188,4.71795423464963
201800048540,NonLethal,2018-09-22,16:45:00,Daylight,690,387,Yes,X-type,Normal,2Vehicles-Side,MARC BLOCH,M,45.74614991867856,4.745075136129969
201800048541,NonLethal,2018-09-22,19:30:00,TwilightOrDawn,690,388,Yes,NoIntersection,Normal,2Vehicles-Behind,AMBROISE COURTOIS,M,45.7431338394818,4.743581153960326
201800048542,NonLethal,2018-09-24,09:36:00,Daylight,690,383,Yes,NoIntersection,Normal,2Vehicles-Behind,GAMBETTA,M,45.75512422737232,4.7536232395293965
201800048543,NonLethal,2018-09-24,10:30:00,Daylight,690,383,Yes,NoIntersection,Normal,2Vehicles-Behind,MARECHAL DE SAXE,M,45.7578146855749,4.759380619009085
201800048544,NonLethal,2018-09-24,18:20:00,Daylight,690,259,Yes,Roundabout,Normal,2Vehicles-Side,MARCEL CACHIN,M,45.688423827403575,4.690445585432603
201800048545,NonLethal,2018-09-24,19:30:00,NightStreelightsOn,690,383,Yes,NoIntersection,Normal,Other,LACASSAGNE,M,45.752284648516046,4.753134946842656
201800048547,NonLethal,2018-09-24,18:35:00,Daylight,690,383,Yes,NoIntersection,Normal,Other,FEUILLAT,M,45.74773339370172,4.747596536461466
201800048548,NonLethal,2018-09-25,16:30:00,Daylight,690,386,Yes,X-type,Normal,2Vehicles-Side,VENDOME,M,45.75662899594312,4.7582848746929205
201800048549,NonLethal,2018-09-25,22:05:00,NightStreelightsOn,690,388,Yes,X-type,Normal,2Vehicles-Side,GENERAL FRERE (DU),M,45.72764349329661,4.72710587205233
201800048550,NonLethal,2018-09-21,19:06:00,Daylight,690,386,Yes,X-type,Normal,2Vehicles-Side,BELGES (DES),M,45.7667042222166,4.766523771270295
201800048551,NonLethal,2018-09-26,10:48:00,Daylight,690,383,Yes,X-type,Normal,2Vehicles-Side,LACASSAGNE,M,45.75391761711047,4.755587145385914
201800048553,NonLethal,2018-09-27,11:10:00,Daylight,690,383,Yes,X-type,Normal,Other,BONNEL (DE),M,45.76191466103551,4.762631039394185
201800048555,NonLethal,2018-09-27,14:15:00,Daylight,690,199,No,NoIntersection,Normal,2Vehicles-Side,ALBERT RAMBOZ,M,45.67722531691673,4.678285064125338
201800048556,NonLethal,2018-09-27,14:55:00,Daylight,690,387,Yes,NoIntersection,Normal,2Vehicles-Side,MARC BLOCH,M,45.744309338056574,4.74715266800613
201800048557,NonLethal,2018-09-27,14:45:00,Daylight,690,383,Yes,NoIntersection,Normal,2Vehicles-Side,GENAS (DE),M,45.75457030730133,4.754458328235738
201800048558,NonLethal,2018-09-28,08:05:00,Daylight,690,259,Yes,NoIntersection,Normal,Other,AMBROISE CROIZAT,M,45.70475105632213,4.705133006987913
201800048559,NonLethal,2018-09-25,13:15:00,Daylight,690,383,Yes,NoIntersection,Normal,2Vehicles-Side,FRANCFORT,M,45.75832191757864,4.760260274969911
201800048560,NonLethal,2018-09-28,12:00:00,Daylight,690,387,Yes,X-type,Normal,2Vehicles-Side,GUILLOTIERE (DE LA),M,45.75418275062573,4.752491563219056
201800048561,NonLethal,2018-09-28,13:00:00,Daylight,690,383,Yes,NoIntersection,Normal,3+Vehicles-Multiple,LAFAYETTE,M,45.76226582540475,4.7638159106897815
201800048562,NonLethal,2018-09-28,13:10:00,Daylight,690,388,Yes,NoIntersection,Normal,Other,DENIS,M,45.7295884802889,4.730576631747153
201800048563,NonLethal,2018-09-29,11:30:00,Daylight,690,276,No,Roundabout,Normal,2Vehicles-BehindVehicles-Frontal,312,M,45.67975297846338,4.68008167594527
201800048564,NonLethal,2018-09-29,14:20:00,Daylight,690,383,Yes,X-type,Normal,2Vehicles-BehindVehicles-Frontal,FELIX FAURE,M,45.75448267929549,4.754679731037248
201800048565,NonLethal,2018-09-29,18:40:00,Daylight,690,276,Yes,Other,Normal,2Vehicles-Side,DEPARTEMENTAL 12,M,45.67294040716193,4.674325645318354
201800048567,NonLethal,2018-01-10,16:00:00,Daylight,690,388,Yes,X-type,LightRain,2Vehicles-Side,ALBERT THOMAS,M,45.7471838107448,4.746829703520195
201800048570,NonLethal,2018-10-02,12:00:00,Daylight,690,387,Yes,NoIntersection,Normal,2Vehicles-Behind,JEAN JAURES,M,45.73547165887931,4.734738390489853
201800048572,NonLethal,2018-10-02,11:30:00,Daylight,690,386,Yes,X-type,Normal,2Vehicles-Side,VITTON,M,45.76959738301253,4.768885065832098
201800048573,NonLethal,2018-03-10,17:46:00,Daylight,690,388,Yes,NoIntersection,Normal,Other,PAUL SANTY,M,45.72879461027392,4.729425119345617
201800048574,NonLethal,2018-10-03,17:45:00,Daylight,690,383,Yes,T-type,Normal,2Vehicles-Side,BONNEL (DE),M,45.76073754491051,4.762848725294735
201800048575,NonLethal,2018-09-29,23:27:00,NightStreelightsOn,690,276,Yes,NoIntersection,Normal,NoCollision,VIENNE (DE),M,45.66884546068092,4.667301538454038
201800048576,NonLethal,2018-10-04,16:30:00,Daylight,690,383,Yes,NoIntersection,Normal,Other,VICTOR AUGAGNEUR,M,45.757218655941735,4.758197911207006
201800048577,NonLethal,2018-04-10,19:40:00,NightStreelightsOn,690,386,Yes,Other,Normal,Other,CHARLES DE GAULLE,M,45.76969095967656,4.768392881610102
201800048578,NonLethal,2018-05-10,14:58:00,Daylight,690,259,Yes,NoIntersection,Normal,Other,AMBROISE CROIZAT,M,45.69689391480608,4.699151019876463
201800048579,NonLethal,2018-10-05,17:45:00,Daylight,690,387,Yes,X-type,Normal,2Vehicles-BehindVehicles-Frontal,LORTET,M,45.742139047450095,4.742476412239098
201800048581,NonLethal,2018-06-10,16:40:00,Daylight,690,259,Yes,X-type,Normal,3+Vehicles-Multiple,AMBROISE CROIZAT,M,45.70315979641956,4.702500000587142
201800048582,NonLethal,2018-10-06,16:30:00,Daylight,690,387,Yes,X-type,Normal,2Vehicles-Side,BERTHELOT,M,45.74154149494969,4.741439939423594
201800048583,NonLethal,2018-10-07,18:10:00,Daylight,690,388,Yes,NoIntersection,LightRain,Other,LAENNEC,M,45.73838135920992,4.739884275826322
201800048584,NonLethal,2018-07-10,03:45:00,NightStreelightsOn,690,383,Yes,X-type,LightRain,2Vehicles-Side,GAMBETTA,M,45.75435098765308,4.753311144058809
201800048585,NonLethal,2018-09-10,10:15:00,Daylight,690,388,Yes,NoIntersection,Overcast,Other,LAENNEC,M,45.74053476370122,4.739639524229765
201800048586,NonLethal,2018-10-09,12:05:00,Daylight,690,386,Yes,X-type,Normal,Other,CUVIER,M,45.76785991953842,4.7686813748756345
201800048588,NonLethal,2018-09-10,18:35:00,TwilightOrDawn,690,383,Yes,NoIntersection,Normal,Other,MEYNIS,M,45.75589106179552,4.756465979230763
201800048589,NonLethal,2018-10-10,06:50:00,NightStreelightsOn,690,387,Yes,T-type,LightRain,2Vehicles-BehindVehicles-Frontal,CHALLEMEL LACOUR,M,45.728874223562414,4.730430390771376
201800048590,NonLethal,2018-10-09,12:50:00,Daylight,690,387,Yes,NoIntersection,Normal,2Vehicles-Side,MARC BLOCH,M,45.74715220787187,4.7476030195852665
201800048591,NonLethal,2018-10-10,15:10:00,Daylight,690,383,Yes,X-type,Overcast,2Vehicles-Side,LEON JOUHAUX,M,45.75309140156766,4.755274761825769
201800048593,NonLethal,2018-04-10,15:20:00,Daylight,690,387,Yes,NoIntersection,Normal,Other,CHALLEMEL LACOUR,M,45.72904234287338,4.730768141342557
201800048594,NonLethal,2018-10-12,11:45:00,Daylight,690,259,Yes,NoIntersection,Normal,Other,IRENE JOLIOT CURIE,M,45.707610124669415,4.707457059480367
201800048595,NonLethal,2018-10-13,04:40:00,NightStreelightsOn,690,383,Yes,NoIntersection,Normal,Other,LAFAYETTE,M,45.76346389528641,4.764767943206191
201800048596,NonLethal,2018-10-13,08:20:00,Daylight,690,259,Yes,Other,Normal,Other,PAIX (DE LA),M,45.69925764037367,4.6980540879381865
201800048597,NonLethal,2018-10-13,12:25:00,Daylight,690,388,Yes,MoreThan4Branches,Normal,2Vehicles-Side,PAUL SANTY,M,45.7210916839803,4.723592689261829
201800048598,NonLethal,2018-10-13,18:49:00,TwilightOrDawn,690,259,Yes,NoIntersection,Normal,Other,INDUSTRIE (DE L'),M,45.70982510416524,4.708978253220699
201800048600,NonLethal,2018-10-14,02:57:00,NightStreelightsOn,690,383,Yes,X-type,Normal,2Vehicles-BehindVehicles-Frontal,GENERAL MOUTON DUVERNET,M,45.75380779887285,4.752338272067387
201800048602,NonLethal,2018-10-15,01:05:00,NightStreelightsOn,690,387,Yes,X-type,Normal,2Vehicles-Side,GAMBETTA,M,45.75443846249112,4.753709643950487
201800048603,NonLethal,2018-10-15,08:15:00,Daylight,690,388,Yes,NoIntersection,Normal,2Vehicles-Behind,AUDIBERT ET LAVIROTTE,M,45.73273374273803,4.736056178352033
201800048604,NonLethal,2018-10-15,08:15:00,Daylight,690,386,Yes,T-type,Normal,2Vehicles-Side,LOUIS GUERIN,M,45.775388790291984,4.7739072214158815
201800048605,NonLethal,2018-10-15,16:40:00,Daylight,690,383,Yes,Other,Normal,Other,FEUILLAT,M,45.753250963306286,4.753019768395759
201800048606,NonLethal,2018-10-16,07:32:00,TwilightOrDawn,690,388,Yes,NoIntersection,Normal,2Vehicles-Side,JEAN MERMOZ,M,45.73225902810409,4.732428695713879
201800048608,NonLethal,2018-10-16,12:55:00,Daylight,690,386,Yes,Other,Normal,Other,LOUIS BLANC,M,45.76476385579491,4.765200407672529
201800048609,NonLethal,2018-10-17,09:56:00,Daylight,690,383,Yes,Square,Normal,2Vehicles-BehindVehicles-Frontal,RONDE,M,45.75332817799575,4.753144738919227
201800048610,NonLethal,2018-10-17,16:10:00,Daylight,690,383,Yes,NoIntersection,Normal,3+Vehicles-Multiple,PAUL BERT,M,45.75752507759516,4.757683491287902
201800048611,NonLethal,2018-10-17,16:50:00,Daylight,690,383,Yes,X-type,Normal,Other,ALBERT THOMAS,M,45.7454281777472,4.745588040376936
201800048612,Lethal,2018-10-17,15:20:00,Daylight,690,388,Yes,NoIntersection,Normal,Other,ETATS UNIS (DES),M,45.7350750875194,4.72975415928219
201800048613,NonLethal,2018-10-17,18:40:00,Daylight,690,388,Yes,NoIntersection,Normal,2Vehicles-Side,ETATS UNIS (DES),M,45.73035910792911,4.729345872387909
201800048614,NonLethal,2018-10-17,14:10:00,Daylight,690,388,Yes,X-type,Normal,2Vehicles-Side,AMBROISE PARE,M,45.73638637535684,4.736483943306975
201800048615,NonLethal,2018-10-18,13:00:00,Daylight,690,259,Yes,Other,Normal,2Vehicles-Side,IRENE JOLIOT CURIE,M,45.7182524781327,4.720523571893844
201800048616,NonLethal,2018-10-18,16:35:00,Daylight,690,383,Yes,X-type,Normal,2Vehicles-Side,GARIBALDI,M,45.76383990870457,4.763712516721675
201800048617,NonLethal,2018-10-18,18:05:00,Daylight,690,259,Yes,X-type,Normal,2Vehicles-Side,JEAN CAGNE,M,45.6952734850039,4.695280983375145
201800048618,NonLethal,2018-10-18,21:30:00,NightStreelightsOn,690,387,Yes,X-type,Normal,2Vehicles-Side,GARIBALDI,M,45.75234106068466,4.750002939826273
201800048619,NonLethal,2018-10-19,03:55:00,NightStreelightsOn,690,387,Yes,NoIntersection,Normal,Other,BERTHELOT,M,45.74208502498881,4.743165239934818
201800048620,NonLethal,2018-10-19,07:25:00,TwilightOrDawn,690,386,Yes,NoIntersection,Normal,Other,VERGUIN,M,45.77318395629695,4.771393073349902
201800048622,NonLethal,2018-10-19,14:20:00,Daylight,690,387,Yes,NoIntersection,Normal,2Vehicles-Behind,GARIBALDI,M,45.74633793582717,4.745238869640943
201800048623,NonLethal,2018-10-19,17:00:00,Daylight,690,383,Yes,NoIntersection,Normal,Other,PAUL BERT,M,45.75849406342289,4.757624391252181
201800048624,NonLethal,2018-10-20,02:20:00,NightStreelightsOn,690,388,Yes,NoIntersection,Normal,2Vehicles-Behind,ETATS UNIS (DES),M,45.73290371128814,4.732671903758638
201800048625,NonLethal,2018-10-20,04:30:00,NightStreelightsOn,690,199,Yes,T-type,Normal,2Vehicles-Side,MATHIEU DUSSURGEY,M,45.711855320125785,4.712500251535242
201800048626,NonLethal,2018-10-20,03:35:00,NightStreelightsOn,690,199,Yes,NoIntersection,Normal,Other,ANATOLE FRANCE,M,45.7120306646502,4.713583415746792
201800048627,NonLethal,2018-10-19,20:35:00,NightStreelightsOn,690,388,Yes,NoIntersection,Normal,NoCollision,ROCKEFELLER,M,45.74030826377096,4.741645990427488
201800048628,NonLethal,2018-10-20,16:00:00,Daylight,690,386,Yes,NoIntersection,Normal,Other,VENDOME,M,45.76118835012066,4.76249801194952
201800048629,NonLethal,2018-10-15,19:30:00,NightStreelightsOn,690,387,Yes,Y-type,Normal,NoCollision,MADELEINE (DE LA),M,45.74618206942469,4.744720457418958
201800048630,NonLethal,2018-10-21,09:10:00,Daylight,690,386,Yes,X-type,Normal,2Vehicles-Side,THIERS,M,45.76761329927394,4.7653488941090245
201800048632,NonLethal,2018-10-22,10:30:00,Daylight,690,388,Yes,T-type,Normal,2Vehicles-Side,AMBROISE PARE,M,45.74001298991736,4.740019235130538
201800048633,NonLethal,2018-09-13,17:50:00,Daylight,690,388,Yes,X-type,Normal,Other,PAUL CAZENEUVE,M,45.73038021802957,4.731435885628668
201800048634,NonLethal,2018-10-23,07:40:00,TwilightOrDawn,690,388,Yes,X-type,Normal,Other,VIENNE (DE),M,45.73344402145084,4.731566450671438
201800048635,NonLethal,2018-10-23,18:45:00,TwilightOrDawn,690,383,Yes,X-type,Normal,2Vehicles-Side,BELLECOMBE (DE),M,45.76193476931038,4.761537034876588
201800048636,NonLethal,2018-10-24,09:05:00,Daylight,690,383,Yes,NoIntersection,Normal,Other,GENAS (DE),M,45.75441877453787,4.754673016010497
201800048637,NonLethal,2018-10-22,17:00:00,Daylight,690,386,Yes,NoIntersection,Normal,2Vehicles-Side,JULES FAVRE,M,45.76654786676416,4.768126447588866
201800048638,NonLethal,2018-10-24,09:15:00,Daylight,690,259,Yes,NoIntersection,Normal,2Vehicles-Side,IRENE JOLIOT CURIE,M,45.71457848268924,4.71613214520548
201800048640,NonLethal,2018-10-24,15:10:00,Daylight,690,388,Yes,NoIntersection,Normal,2Vehicles-Behind,ETATS UNIS (DES),M,45.72729913769993,4.727318014804036
201800048642,NonLethal,2018-10-25,14:50:00,Daylight,690,259,Yes,NoIntersection,Normal,2Vehicles-BehindVehicles-Frontal,JEAN MOULIN,M,45.68962671147145,4.687199148884647
201800048643,NonLethal,2018-10-26,11:15:00,Daylight,690,386,Yes,Y-type,Normal,2Vehicles-Side,BELGES (DES),M,45.77113290618607,4.77337273188729
201800048644,NonLethal,2018-10-26,22:40:00,NightStreelightsOn,690,199,No,NoIntersection,Normal,2Vehicles-Side,PIERRE SEMARD,M,45.71693400851549,4.718584906338217
201800048645,NonLethal,2018-10-27,13:40:00,Daylight,690,199,Yes,Other,LightRain,Other,ALBERT RAMBOZ,M,45.681314676409606,4.68136118165229
201800048647,NonLethal,2018-10-28,01:15:00,NightStreelightsOn,690,383,Yes,X-type,Normal,Other,AIME COLLOMB,M,45.75808032266579,4.755915414093631
201800048648,NonLethal,2018-10-29,07:10:00,TwilightOrDawn,690,383,Yes,NoIntersection,HeavyRain,Other,LACASSAGNE,M,45.74881248028742,4.750598095793573
201800048649,NonLethal,2018-10-29,08:30:00,Daylight,690,386,Yes,X-type,HeavyRain,2Vehicles-Side,VITTON,M,45.77004771860217,4.770708567310615
201800048651,NonLethal,2018-10-29,19:00:00,NightStreelightsOn,690,259,Yes,NoIntersection,LightRain,Other,LUDOVIC BONIN,M,45.72703637169936,4.726548456815141
201800048652,NonLethal,2018-10-29,17:00:00,NightStreelightsOn,690,387,Yes,Other,LightRain,Other,ST LAZARE,M,45.74641123426567,4.746349601454478
201800048653,NonLethal,2018-10-31,00:01:00,NightStreelightsOn,690,383,Yes,T-type,Normal,NoCollision,VILLON,M,45.74667103014772,4.748034474127877
201800048654,NonLethal,2018-10-31,08:30:00,Daylight,690,388,Yes,NoIntersection,Normal,2Vehicles-Behind,VIENNE (DE),M,45.72837361892462,4.728629252406657
201800048656,NonLethal,2018-11-01,02:50:00,NightStreelightsOn,690,387,Yes,NoIntersection,LightRain,2Vehicles-Behind,BERTHELOT,M,45.74727426687304,4.743748042737973
201800048657,NonLethal,2018-01-11,09:13:00,Daylight,690,259,Yes,T-type,LightRain,2Vehicles-Side,DEMOCRATIE (DE LA),M,45.69119631073544,4.69095201397911
201800048658,NonLethal,2018-11-02,02:15:00,NightStreelightsOn,690,276,Yes,Roundabout,LightRain,2Vehicles-Side,LYON (DE),M,45.68666044745761,4.68912460983747
201800048659,NonLethal,2018-10-27,18:10:00,Daylight,690,383,Yes,X-type,Normal,Other,GARIBALDI,M,45.75994612298122,4.759773581142365
201800048660,NonLethal,2018-02-11,12:10:00,Daylight,690,386,Yes,NoIntersection,Normal,2Vehicles-BehindVehicles-Frontal,GENERAL SARRAIL (DU),M,45.76373545641198,4.764129398515803
201800048661,NonLethal,2018-02-11,12:20:00,Daylight,690,388,Yes,X-type,Normal,2Vehicles-Side,AMBROISE PARE,M,45.73456266727644,4.735684849464812
201800048662,NonLethal,2018-11-03,21:30:00,NightStreelightsOn,690,259,Yes,NoIntersection,Normal,3+Vehicles-Multiple,PIERRE SEMARD,M,45.7072531753117,4.70571093571948
201800048664,NonLethal,2018-05-11,15:55:00,Daylight,690,386,Yes,NoIntersection,Normal,2Vehicles-BehindVehicles-Frontal,BELGES (DES),M,45.76938669944789,4.768551453211922
201800048665,NonLethal,2018-11-06,12:10:00,Daylight,690,199,Yes,Other,LightRain,2Vehicles-Side,EMILE ZOLA,M,45.71052116307904,4.712011870190392
201800048666,NonLethal,2018-11-06,14:40:00,Daylight,690,259,Yes,NoIntersection,LightRain,3+Vehicles-Chain,VIENNE (DE),M,45.720434406430726,4.71997593660794
201800048667,NonLethal,2018-07-11,13:56:00,Daylight,690,259,Yes,X-type,Normal,2Vehicles-Behind,AMBROISE CROIZAT,M,45.70174916112913,4.7050984087530825
201800048668,NonLethal,2018-06-11,16:30:00,Daylight,690,388,Yes,X-type,Normal,2Vehicles-Behind,PIERRE DELORE,M,45.73319903226123,4.737164034435666
201800048671,NonLethal,2018-09-11,08:10:00,TwilightOrDawn,690,259,Yes,NoIntersection,LightRain,2Vehicles-Behind,ANDRE SENTUC,M,45.70887456360887,4.708594523399436