AccidentId,Gravity,Date,Hour,Light,Department,Commune,InAgglomeration,IntersectionType,Weather,CollisionType,PostalAddress,GPSCode,Latitude,Longitude
201800048672,NonLethal,2018-11-09,13:20:00,Daylight,690,383,Yes,X-type,Normal,Other,PAUL BERT,M,45.75728000023678,4.756509927422465
201800048673,NonLethal,2018-11-09,20:40:00,NightStreelightsOff,690,383,Yes,Square,Normal,Other,ARSONVAL (D'),M,45.7438028345258,4.741621106140458
201800048676,NonLethal,2018-11-11,01:05:00,NightStreelightsOn,690,386,Yes,X-type,StrongWindOrStorm,2Vehicles-Side,DUGUESCLIN  (R),M,45.75634978021909,4.756745946442411
201800048677,NonLethal,2018-11-11,09:15:00,Daylight,690,383,Yes,X-type,Overcast,3+Vehicles-Chain,ALBERT THOMAS,M,45.74568339518736,4.747334767122944
201800048680,NonLethal,2018-12-11,18:05:00,TwilightOrDawn,690,383,Yes,NoIntersection,Normal,2Vehicles-Side,GEORGES POMPIDOU,M,45.75896385351429,4.758289834457583
201800048682,NonLethal,2018-11-14,18:05:00,NightStreelightsOn,690,259,No,NoIntersection,Normal,2Vehicles-Behind,LOUIS BLANC,M,45.717876444974216,4.719901543917363
201800048683,NonLethal,2018-11-14,22:50:00,NightStreelightsOn,690,383,Yes,NoIntersection,Normal,Other,ALBERT THOMAS,M,45.7448734750956,4.743625111739157
201800048684,NonLethal,2018-11-15,20:20:00,NightStreelightsOn,690,387,Yes,NoIntersection,Normal,NoCollision,BERTHELOT,M,45.742407881963565,4.744584161348288
201800048685,NonLethal,2018-11-16,02:45:00,NightNoStreetLight,690,199,Yes,X-type,Normal,Other,MARCEL SEMBAT,M,45.71232895038862,4.711034327902879
201800048686,NonLethal,2018-11-16,22:00:00,NightStreelightsOn,690,259,Yes,X-type,LightRain,2Vehicles-Side,CHARLES DE GAULLE,M,45.718309148725055,4.718097602340526
201800048687,NonLethal,2018-11-19,08:30:00,Daylight,690,388,Yes,NoIntersection,LightRain,2Vehicles-Side,ANTOINE LUMIERE,M,45.74289882487944,4.743498677289385
201800048688,NonLethal,2018-11-19,08:25:00,Daylight,690,388,Yes,NoIntersection,LightRain,2Vehicles-BehindVehicles-Frontal,ANTOINE LUMIERE,M,45.7440472191138,4.74347230782762
201800048689,NonLethal,2018-11-19,07:35:00,Daylight,690,383,Yes,X-type,Overcast,2Vehicles-Side,GENERAL MOUTON DUVERNET,M,45.75207288236009,4.754088495208443
201800048690,NonLethal,2018-11-19,09:20:00,Daylight,690,387,Yes,X-type,Normal,2Vehicles-Side,TONY GARNIER,M,45.72693803736128,4.726464977595988
201800048691,NonLethal,2018-11-19,17:30:00,TwilightOrDawn,690,387,Yes,X-type,Normal,2Vehicles-Behind,CHEVREUL,M,45.74722623171322,4.748080758239352
201800048692,NonLethal,2018-11-19,17:25:00,NightStreelightsOn,690,259,Yes,Other,Normal,2Vehicles-Behind,MARCEL SEMBAT,M,45.71180025978588,4.712770566472834
201800048693,NonLethal,2018-11-20,10:35:00,Daylight,690,199,Yes,T-type,Normal,Other,ALBERT THOMAS,M,45.70738688516869,4.706525592348557
201800048696,NonLethal,2018-11-20,20:40:00,NightStreelightsOn,690,387,Yes,X-type,HeavyRain,2Vehicles-Side,PIERRE DE COUBERTIN,M,45.7231127071812,4.722410061772323
201800048697,NonLethal,2018-11-21,13:50:00,Daylight,690,383,Yes,T-type,FogOrSmoke,2Vehicles-Behind,DOCTEUR REBATEL (DU),M,45.75083899457013,4.747545081620516
201800048699,NonLethal,2018-11-22,21:15:00,NightStreelightsOn,690,383,Yes,X-type,Normal,Other,MAURICE FLANDIN,M,45.76329847797366,4.763509497645039
201800048700,NonLethal,2018-11-22,21:00:00,NightStreelightsOn,690,383,Yes,X-type,Normal,2Vehicles-Side,VILLETTE (DE LA),M,45.765474403400106,4.762096727924976
201800048701,NonLethal,2018-11-23,10:22:00,Daylight,690,386,Yes,NoIntersection,LightRain,Other,MARECHAL DE SAXE,M,45.76851005663315,4.767020899501868
201800048702,NonLethal,2018-11-23,17:45:00,NightStreelightsOn,690,387,Yes,X-type,HeavyRain,2Vehicles-Side,SEBASTIEN GRYPHE,M,45.75286414351286,4.754629104133003
201800048703,NonLethal,2018-11-23,18:50:00,NightStreelightsOn,690,383,Yes,NoIntersection,HeavyRain,Other,GENERAL MOUTON DUVERNET,M,45.75303468426058,4.75229600018864
201800048704,NonLethal,2018-11-23,22:10:00,NightStreelightsOn,690,276,Yes,NoIntersection,LightRain,Other,LYON (DE),M,45.67266021940884,4.673109230030388
201800048706,NonLethal,2018-11-25,11:00:00,Daylight,690,388,Yes,X-type,Normal,2Vehicles-Side,MONTAGNY (DE),M,45.735825604981954,4.738184999411438
201800048707,NonLethal,2018-11-25,21:00:00,NightStreelightsOn,690,388,Yes,T-type,Normal,Other,GENERAL FRERE (DU),M,45.72797002801221,4.727851386499565
201800048709,NonLethal,2018-11-26,09:00:00,Daylight,690,387,Yes,NoIntersection,Overcast,Other,MARIE MADELEINE FOURCADE,M,45.73729170548123,4.736437176590028
201800048710,NonLethal,2018-11-26,14:00:00,Daylight,690,388,Yes,NoIntersection,Normal,2Vehicles-Behind,EPARGNE (DE L'),M,45.74420051143158,4.742119889621029
201800048711,NonLethal,2018-11-26,17:05:00,NightStreelightsOn,690,387,Yes,NoIntersection,LightRain,2Vehicles-Side,GARIBALDI,M,45.74681295534424,4.746678195270469
201800048712,NonLethal,2018-11-27,07:40:00,TwilightOrDawn,690,259,Yes,NoIntersection,LightRain,Other,OSCHATZ (D'),M,45.695382335064,4.69442067526574
201800048713,NonLethal,2018-11-27,07:45:00,Daylight,690,199,No,NoIntersection,LightRain,2Vehicles-Side,PIERRE SEMARD,M,45.70242712886171,4.704503131887015
201800048714,NonLethal,2018-11-27,08:50:00,TwilightOrDawn,690,386,Yes,T-type,LightRain,2Vehicles-Side,SERBIE (DE),M,45.77289412746514,4.771525825311878
201800048715,NonLethal,2018-11-28,17:00:00,Daylight,690,259,Yes,Other,Normal,2Vehicles-Side,AMBROISE CROIZAT,M,45.70110565737237,4.700328301601557
201800048717,NonLethal,2018-11-28,19:15:00,NightStreelightsOn,690,388,Yes,NoIntersection,Normal,2Vehicles-BehindVehicles-Frontal,EPARGNE (DE L'),M,45.74173383961488,4.742626618969385
201800048719,NonLethal,2018-11-29,09:45:00,Daylight,690,383,Yes,X-type,Normal,2Vehicles-BehindVehicles-Frontal,GENERAL MOUTON DUVERNET,M,45.75571676234188,4.752736370911864
201800048722,NonLethal,2018-11-29,21:00:00,NightStreelightsOn,690,387,Yes,X-type,Normal,2Vehicles-Side,RAULIN,M,45.74672487595444,4.744833851081203
201800048723,NonLethal,2018-11-29,22:20:00,NightStreelightsOn,690,386,Yes,T-type,Normal,2Vehicles-Behind,GENERAL SARRAIL (DU),M,45.769792322251895,4.768944092104318
201800048725,NonLethal,2018-12-01,05:40:00,NightStreelightsOn,690,259,Yes,NoIntersection,Normal,Other,FRANCIS DE PRESSENSE,M,45.71333460856207,4.711491492906887
201800048726,NonLethal,2018-01-12,12:10:00,Daylight,690,259,Yes,Other,Normal,2Vehicles-Side,IRENE JOLIOT CURIE,M,45.72285488051013,4.724336589634306
201800048727,NonLethal,2018-11-30,20:45:00,NightStreelightsOn,690,388,Yes,NoIntersection,LightRain,Other,MARIUS BERLIET,M,45.746833135662186,4.745628104019061
201800048728,NonLethal,2018-12-01,21:50:00,NightStreelightsOn,690,388,Yes,T-type,Normal,2Vehicles-Side,FRERES LUMIERE (DES),M,45.74369414646199,4.743426714602854
201800048729,NonLethal,2018-12-03,12:55:00,Daylight,690,259,Yes,T-type,Normal,2Vehicles-BehindVehicles-Frontal,AMBROISE CROIZAT,M,45.70528271811424,4.703052245192564
201800048730,NonLethal,2018-03-12,12:45:00,Daylight,690,388,Yes,NoIntersection,Overcast,2Vehicles-Behind,EPARGNE (DE L'),M,45.74144935891185,4.7414963959204695
201800048731,NonLethal,2018-12-01,20:30:00,NightStreelightsOn,690,388,Yes,X-type,LightRain,NoCollision,JEAN XXIII,M,45.74180822183469,4.742961474611603
201800048732,NonLethal,2018-11-28,08:40:00,Daylight,690,259,Yes,NoIntersection,Overcast,NoCollision,VIENNE (DE),M,45.71739744531248,4.718793274342377
201800048733,NonLethal,2018-12-05,22:40:00,NightStreelightsOn,690,388,Yes,NoIntersection,Normal,NoCollision,FRERES LUMIERE (DES),M,45.74768073311069,4.746104064013113
201800048735,NonLethal,2018-12-06,11:55:00,Daylight,690,388,Yes,T-type,LightRain,2Vehicles-Side,PIERRE DELORE,M,45.738399798808295,4.739431254994053
201800048736,NonLethal,2018-12-07,07:45:00,TwilightOrDawn,690,386,Yes,NoIntersection,Normal,2Vehicles-Side,ANATOLE FRANCE,M,45.770880061945824,4.773164832248239
201800048737,NonLethal,2018-12-01,20:30:00,NightStreelightsOn,690,276,Yes,T-type,Normal,2Vehicles-BehindVehicles-Frontal,VIENNE (DE),M,45.67038188373475,4.670729802613752
201800048738,NonLethal,2018-07-12,19:30:00,NightStreelightsOn,690,383,Yes,T-type,HeavyRain,2Vehicles-Behind,ANDRE PHILIP,M,45.75946148159063,4.757323634143653
201800048739,NonLethal,2018-12-07,19:45:00,NightStreelightsOn,690,199,Yes,NoIntersection,LightRain,Other,CARNOT,M,45.707405869757096,4.70736974217697
201800048740,NonLethal,2018-12-07,20:45:00,NightStreelightsOn,690,388,Yes,NoIntersection,LightRain,Other,LAENNEC,M,45.73702793732086,4.73667585027066
201800048741,NonLethal,2018-09-12,04:30:00,NightStreelightsOn,690,386,Yes,X-type,Normal,2Vehicles-Side,MARECHAL FOCH (DU),M,45.77364988545639,4.77178953216103
201800048742,NonLethal,2018-10-12,12:20:00,Daylight,690,383,Yes,Other,LightRain,2Vehicles-Side,DAUPHINE (DU),M,45.749993541334725,4.749814147864213
201800048743,Lethal,2018-11-12,05:50:00,NightStreelightsOn,690,259,Yes,MoreThan4Branches,Normal,2Vehicles-Side,IRENE JOLIOT CURIE,M,45.71519577619175,4.714381036449993
201800048744,NonLethal,2018-11-12,09:10:00,Daylight,690,259,Yes,Other,Normal,Other,MARCEL HOUEL,M,45.696300440215765,4.6951710454693565
201800048745,NonLethal,2018-12-11,12:45:00,Daylight,690,386,Yes,X-type,Normal,Other,SEZE (DE),M,45.76737741347234,4.769043263214059
201800048747,NonLethal,2018-11-12,16:00:00,Daylight,690,199,Yes,NoIntersection,Normal,Other,MATHIEU DUSSURGEY,M,45.71258496973631,4.712439976124173
201800048748,NonLethal,2018-12-12,08:50:00,Daylight,690,387,Yes,NoIntersection,Normal,Other,CHALLEMEL LACOUR,M,45.727958130414464,4.727382259755601
201800048749,NonLethal,2018-12-12,15:20:00,Daylight,690,387,Yes,X-type,Normal,2Vehicles-Side,CREUZET,M,45.75013376028148,4.75076049880481
201800048752,NonLethal,2018-12-13,20:00:00,NightStreelightsOn,690,387,Yes,NoIntersection,Normal,Other,TONY GARNIER,M,45.727268130411,4.727835268393291
201800048753,NonLethal,2018-12-13,22:35:00,NightStreelightsOn,690,383,Yes,X-type,Normal,2Vehicles-Side,MARIUS VIVIER MERLE,M,45.75377781699258,4.754219500440005
201800048754,NonLethal,2018-12-14,18:30:00,Daylight,690,383,Yes,X-type,Normal,2Vehicles-Side,DAUPHINE (DU),M,45.75364780824008,4.752569188406229
201800048755,NonLethal,2018-12-15,13:05:00,Daylight,690,388,Yes,X-type,Normal,2Vehicles-Side,SERPOLLIERES (DES),M,45.73288420425978,4.7328432266280585
201800048756,NonLethal,2018-12-16,18:20:00,NightStreelightsOn,690,388,Yes,LevelCrossing,Normal,Other,ANTOINE LUMIERE,M,45.74388767998057,4.742649063644868
201800048757,NonLethal,2018-12-17,20:20:00,NightNoStreetLight,690,388,Yes,NoIntersection,Other,Other,VIENNE (DE),M,45.7263582791416,4.727408358894874
201800048758,NonLethal,2018-12-17,20:55:00,NightStreelightsOn,690,388,Yes,X-type,LightRain,2Vehicles-Side,VIVIANI,M,45.72505621757675,4.723689161207983
201800048759,NonLethal,2018-12-17,23:25:00,NightStreelightsOn,690,387,Yes,T-type,Overcast,2Vehicles-Side,VERRIERS (DES),M,45.74242414793928,4.744091441299122
201800048760,NonLethal,2018-12-18,07:30:00,NightStreelightsOn,690,259,Yes,NoIntersection,FogOrSmoke,NoCollision,COMBATS DU 24 AOUT 1944,M,45.70435517429876,4.702879083264257
201800048761,NonLethal,2018-12-18,09:20:00,Daylight,690,383,No,X-type,Normal,2Vehicles-Side,BELLECOMBE (DE),M,45.7613050431314,4.763511966453392
201800048763,NonLethal,2018-12-18,18:40:00,NightStreelightsOn,690,383,Yes,X-type,Normal,2Vehicles-Side,MAZENOD,M,45.75800779533922,4.760227608913833
201800048764,NonLethal,2018-12-19,01:00:00,NightStreelightsOn,690,386,Yes,X-type,Normal,2Vehicles-Side,SEZE (DE),M,45.76970540188336,4.765606892749706
201800048765,NonLethal,2018-12-20,09:00:00,Daylight,690,386,No,NoIntersection,Normal,3+Vehicles-Chain,CHARLES DE GAULLE,M,45.785777999233446,4.784885873745616
201800048766,NonLethal,2018-12-20,09:45:00,Daylight,690,387,Yes,Y-type,Normal,2Vehicles-Side,BERTHELOT,M,45.74502738384947,4.745308595328716
201800048767,NonLethal,2018-12-20,12:45:00,Daylight,690,199,Yes,NoIntersection,Normal,2Vehicles-Behind,CARNOT,M,45.70724158523902,4.707673844430284
201800048768,NonLethal,2018-12-20,15:25:00,Daylight,690,388,Yes,NoIntersection,Normal,Other,EPARGNE (DE L'),M,45.74262883945678,4.740665059208271
201800048769,NonLethal,2018-12-20,18:28:00,NightStreelightsOn,690,259,Yes,NoIntersection,Normal,Other,LENINE,M,45.69520038805139,4.693711201481689
201800048770,NonLethal,2018-12-21,00:50:00,NightStreelightsOn,690,383,Yes,X-type,Normal,2Vehicles-Side,LAFAYETTE,M,45.76352658617602,4.765534343038423
201800048771,NonLethal,2018-12-21,07:50:00,NightStreelightsOn,690,383,Yes,NoIntersection,Normal,3+Vehicles-Chain,SERVIENT,M,45.7617950647142,4.758393554118686
201800048773,NonLethal,2018-12-21,12:20:00,Daylight,690,383,Yes,NoIntersection,LightRain,2Vehicles-Behind,ABONDANCE (DE L'),M,45.7545948501735,4.753752013478822
201800048774,NonLethal,2018-12-21,20:50:00,NightStreelightsOn,690,388,Yes,X-type,Overcast,2Vehicles-BehindVehicles-Frontal,JEAN SARRAZIN,M,45.73171345787191,4.730282019207427
201800048776,NonLethal,2018-12-22,05:20:00,NightStreelightsOn,690,386,Yes,X-type,Normal,2Vehicles-Behind,GERMAIN,M,45.765218888597296,4.765180771937927
201800048777,NonLethal,2018-12-22,18:50:00,NightStreelightsOn,690,386,Yes,T-type,Other,2Vehicles-Side,ROBERT,M,45.76498337513687,4.764809595408312
201800048778,NonLethal,2018-12-22,19:00:00,NightStreelightsOn,690,383,Yes,Other,Normal,2Vehicles-Side,GARIBALDI,M,45.75685241596258,4.757590748087571
201800048779,NonLethal,2018-12-21,20:52:00,NightStreelightsOn,690,259,Yes,NoIntersection,LightRain,2Vehicles-Behind,FRANCIS DE PRESSENSE,M,45.71263542954407,4.713217812630808
201800048780,NonLethal,2018-12-25,12:35:00,Daylight,690,259,Yes,X-type,Normal,2Vehicles-Side,MAURICE THOREZ,M,45.69916545005855,4.700997507800664
201800048781,NonLethal,2018-12-26,15:55:00,Daylight,690,388,Yes,NoIntersection,Overcast,2Vehicles-Behind,ETATS UNIS (DES),M,45.72527387691739,4.723808751757234
201800048782,NonLethal,2018-12-28,08:45:00,Daylight,690,386,Yes,X-type,Normal,2Vehicles-Side,DUQUESNE,M,45.77321944111787,4.771467892366228
201800048783,NonLethal,2018-12-28,13:05:00,Daylight,690,383,Yes,Other,Normal,2Vehicles-Behind,FEUILLAT,M,45.755613979766366,4.755372061366593
201800048785,NonLethal,2018-12-29,14:15:00,Daylight,690,259,Yes,NoIntersection,Normal,Other,GENIE (DU),M,45.71608890760309,4.713410519057496
201800048786,NonLethal,2018-12-30,18:10:00,NightStreelightsOn,690,388,Yes,X-type,Normal,2Vehicles-BehindVehicles-Frontal,MOSELLE (DE LA),M,45.7294418777501,4.728947648092976
201800048787,NonLethal,2018-12-31,07:30:00,NightStreelightsOn,690,387,Yes,X-type,Normal,Other,JEAN JAURES,M,45.74693376054311,4.747835590179975
201800048788,NonLethal,2018-12-31,14:55:00,Daylight,690,383,Yes,NoIntersection,Normal,Other,GARIBALDI,M,45.7574815449673,4.757926316767699
201800048789,NonLethal,2018-12-31,15:00:00,Daylight,690,387,Yes,X-type,Normal,2Vehicles-Side,MARCEL MERIEUX,M,45.73066509065483,4.732091583070918
201800048790,NonLethal,2018-02-01,08:55:00,Daylight,330,318,No,NoIntersection,LightRain,Other,ROCADE A 630,M,44.7903070175738,-0.791162939351497
201800048791,NonLethal,2018-08-01,18:00:00,TwilightOrDawn,330,550,No,NoIntersection,Normal,3+Vehicles-Chain,ROCADE A 630,M,44.783434572539626,-0.7822619865166943
201800048792,NonLethal,2018-09-01,12:30:00,Daylight,330,192,No,NoIntersection,Normal,3+Vehicles-Chain,ROCADE A 630.,M,44.787984740465625,-0.7873949626311935
201800048794,NonLethal,2018-10-01,08:55:00,Daylight,330,550,No,NoIntersection,LightRain,2Vehicles-Behind,ROCADE A 630,M,44.77720378734843,-0.7797761351107915
201800048796,NonLethal,2018-01-15,08:40:00,Daylight,330,96,No,NoIntersection,Normal,2Vehicles-Side,AUTOROUTE A 10,M,44.893113500356485,-0.8921073579988696
201800048797,NonLethal,2018-01-16,00:25:00,NightNoStreetLight,330,143,No,NoIntersection,LightRain,Other,AUTOROUTE A 10,M,44.974240160725785,-0.9722037999190914
201800048799,NonLethal,2018-01-18,18:10:00,NightStreelightsOn,330,96,No,NoIntersection,LightRain,3+Vehicles-Chain,AUTOROUTE A 10,M,44.8953583987497,-0.8949712078311856
201800048800,NonLethal,2018-01-20,00:15:00,NightStreelightsOn,330,487,No,NoIntersection,LightRain,Other,AUTOROUTE A 10,M,44.94884544454936,-0.950156881724902
201800048801,NonLethal,2018-01-20,10:10:00,Daylight,330,63,No,NoIntersection,LightRain,3+Vehicles-Chain,ROCADE A 630,M,44.87902239348018,-0.8812183757272181
201800048802,NonLethal,2018-01-21,05:30:00,NightNoStreetLight,330,143,No,NoIntersection,LightRain,Other,AUTOROUTE A 10.,M,44.95701162373621,-0.9573663859812468
201800048803,NonLethal,2018-01-21,10:05:00,Daylight,330,249,No,NoIntersection,LightRain,Other,N230 ext vers A630 ext.,M,44.88261963385953,-0.8816820004660423
201800048804,NonLethal,2018-01-21,22:00:00,NightNoStreetLight,330,366,No,NoIntersection,LightRain,Other,AUTOROUTE A 10,M,45.005718075842495,-0.0061788973629912
201800048805,NonLethal,2018-01-22,13:44:00,Daylight,330,13,No,NoIntersection,LightRain,2Vehicles-Behind,RN230 éch24,M,44.84562620993386,-0.8445717916883341
201800048806,NonLethal,2018-01-24,09:10:00,Daylight,330,162,No,NoIntersection,Normal,2Vehicles-Side,ROCADE A 630,M,44.87038833036472,-0.8703916092847553
201800048808,NonLethal,2018-01-24,17:30:00,Daylight,330,75,No,NoIntersection,Normal,2Vehicles-Side,ROCADE A 630,M,44.88131239842682,-0.8823226644426712
201800048809,NonLethal,2018-01-25,01:15:00,NightNoStreetLight,330,318,No,NoIntersection,Normal,2Vehicles-Side,ROCADE A 630,M,44.80122431784509,-0.8018187880418168
201800048810,NonLethal,2018-01-25,08:15:00,TwilightOrDawn,330,13,No,NoIntersection,Normal,2Vehicles-Behind,ROUTE NATIONALE 230.,M,44.84715255960082,-0.8477693121730974
201800048811,NonLethal,2018-01-25,19:20:00,NightNoStreetLight,330,39,No,NoIntersection,LightRain,2Vehicles-Side,Ex A 631 PR0+699 reel.,M,44.80689852906244,-0.8085306637035852
201800048812,NonLethal,2018-01-26,12:17:00,Daylight,330,96,No,NoIntersection,Normal,3+Vehicles-Multiple,AUTOROUTE A 10,M,44.88984822689368,-0.8906791126157357
201800048813,NonLethal,2018-01-26,15:00:00,Daylight,330,122,No,NoIntersection,Normal,3+Vehicles-Chain,AUTOROUTE A 63,M,44.74178701378264,-0.7455951190312115
201800048814,NonLethal,2018-01-30,08:15:00,Daylight,330,249,No,NoIntersection,Normal,2Vehicles-Side,RN230 direction Bordeaux,M,44.88499644307828,-0.8868987743098237
201800048815,NonLethal,2018-01-31,19:00:00,NightStreelightsOn,330,550,No,NoIntersection,Normal,2Vehicles-Side,ROCADE A 630.,M,44.78465720973623,-0.7818592410474372
201800048816,NonLethal,2018-01-02,18:50:00,NightNoStreetLight,330,75,No,NoIntersection,Normal,3+Vehicles-Multiple,ROCADE A 630,M,44.88904975728524,-0.8883399314179705
201800048817,NonLethal,2018-02-03,21:50:00,NightStreelightsOff,330,249,No,NoIntersection,HeavyRain,Other,RN230 PR44+095 reel.,M,44.883329111005146,-0.8830144768486095
201800048818,NonLethal,2018-02-04,21:25:00,NightNoStreetLight,330,281,No,NoIntersection,Normal,2Vehicles-Behind,ROCADE A630 PR16+839 REE,M,44.83652000530233,-0.8366748850779844
201800048819,NonLethal,2018-05-02,07:35:00,TwilightOrDawn,330,397,No,NoIntersection,Normal,NoCollision,AUTOROUTE A 10.,M,44.920323804728405,-0.9205852353110902
201800048820,NonLethal,2018-02-06,07:40:00,TwilightOrDawn,330,397,No,NoIntersection,Normal,3+Vehicles-Multiple,AUTOROUTE A 10.,M,44.90035887019933,-0.9010346147021864
201800048821,NonLethal,2018-07-02,07:30:00,TwilightOrDawn,330,249,No,NoIntersection,Normal,2Vehicles-Side,A10 PR542+916 reel.,M,44.88586706953859,-0.8845340565094334
201800048822,NonLethal,2018-02-12,17:25:00,Daylight,330,550,No,NoIntersection,Normal,2Vehicles-Behind,ROCADE A 630.,M,44.779941622679765,-0.7789252895927493
201800048823,NonLethal,2018-02-13,15:15:00,Daylight,330,143,No,NoIntersection,LightRain,2Vehicles-Behind,AUTOROUTE A 10.,M,44.956319598856055,-0.9568216340928458
201800048825,NonLethal,2018-02-16,15:18:00,Daylight,330,162,No,NoIntersection,Normal,2Vehicles-Behind,ROCADE A 630.,M,44.87524245698537,-0.876287252682381
201800048827,NonLethal,2018-02-22,18:03:00,Daylight,330,318,No,NoIntersection,Normal,3+Vehicles-Chain,AUTOROUTE A 63,M,44.78716747472652,-0.7884229913194056
201800048828,NonLethal,2018-02-22,19:35:00,NightNoStreetLight,330,162,No,NoIntersection,Normal,2Vehicles-Behind,ROCADE A 630,M,44.87331129637504,-0.8747905438776657
201800048829,NonLethal,2018-02-23,15:00:00,Daylight,330,550,No,NoIntersection,Normal,2Vehicles-Side,A630 éch18,M,44.77732446743684,-0.7778288904479012
201800048830,NonLethal,2018-02-26,22:00:00,NightStreelightsOn,330,63,No,NoIntersection,Normal,2Vehicles-Behind,A630 pont Aquitaine,M,44.882319945597054,-0.8815910550245271
201800048831,NonLethal,2018-02-27,07:35:00,TwilightOrDawn,330,192,No,NoIntersection,Normal,2Vehicles-Side,ROCADE A 630,M,44.78924234258447,-0.7891279616690131
201800048832,NonLethal,2018-03-01,07:25:00,TwilightOrDawn,330,75,No,NoIntersection,Normal,3+Vehicles-Chain,ROCADE A 630,M,44.88862507021154,-0.8882530071184345
201800048833,NonLethal,2018-03-03,10:00:00,Daylight,330,13,No,NoIntersection,Normal,Other,ROUTE NATIONALE 230,M,44.867840861916896,-0.8656052317741092
201800048834,NonLethal,2018-03-03,11:20:00,Daylight,330,65,No,NoIntersection,Normal,3+Vehicles-Chain,ROUTE NATIONALE 230,M,44.81076387845679,-0.8096640593808069
201800048835,NonLethal,2018-04-03,05:55:00,NightNoStreetLight,330,80,No,NoIntersection,LightRain,2Vehicles-Behind,AUTOROUTE A 62,M,44.73685486163442,-0.7357235124296866
201800048836,NonLethal,2018-05-03,20:14:00,NightStreelightsOff,330,249,No,NoIntersection,Normal,2Vehicles-Behind,ROCADE A 630,M,44.88036024858151,-0.8827508747744174
201800048837,NonLethal,2018-05-03,21:25:00,NightStreelightsOn,330,39,No,NoIntersection,Normal,2Vehicles-Side,ROCADE A 630,M,44.79470619969295,-0.7948898751389809
201800048838,NonLethal,2018-06-03,09:25:00,Daylight,330,75,No,NoIntersection,Normal,3+Vehicles-Chain,ROCADE A 630,M,44.88915616819487,-0.8895431687855598
201800048839,NonLethal,2018-03-06,19:30:00,TwilightOrDawn,330,366,No,NoIntersection,LightRain,2Vehicles-Side,AUTOROUTE A 10,M,45.0070346629438,-0.006861870355584
201800048840,NonLethal,2018-03-08,08:00:00,Daylight,330,397,No,NoIntersection,Normal,NoCollision,AUTOROUTE A 10,M,44.92039166146534,-0.919230550595608
201800048842,NonLethal,2018-03-09,14:40:00,Daylight,330,397,No,NoIntersection,Normal,2Vehicles-Side,A10 éch43 bret entrée,M,44.91185303502703,-0.9101019750685154
201800048843,NonLethal,2018-12-03,09:18:00,TwilightOrDawn,330,162,No,NoIntersection,LightRain,2Vehicles-Side,ROCADE A 630,M,44.86753339878764,-0.8663490607465076
201800048844,NonLethal,2018-03-13,08:50:00,Daylight,330,13,No,NoIntersection,Normal,2Vehicles-Side,ROUTE NATIONALE 230.,M,44.84861742395002,-0.8501273396895258
201800048846,NonLethal,2018-03-13,14:45:00,Daylight,330,162,No,NoIntersection,Normal,3+Vehicles-Chain,ROCADE A 630,M,44.86733751991501,-0.8670237588005572
201800048847,NonLethal,2018-03-13,17:35:00,Daylight,330,13,No,NoIntersection,Normal,3+Vehicles-Chain,ROUTE NATIONALE 230,M,44.84909961859003,-0.8494303719713528
201800048848,NonLethal,2018-03-14,09:05:00,Daylight,330,249,No,NoIntersection,Normal,2Vehicles-Behind,ROCADE A 630,M,44.88242792425167,-0.8802397927655917
201800048849,NonLethal,2018-03-15,07:20:00,Daylight,330,143,No,NoIntersection,LightRain,3+Vehicles-Chain,AUTOROUTE A 10.,M,44.95755605979016,-0.9604413106325712
201800048850,NonLethal,2018-03-15,07:45:00,Daylight,330,487,No,NoIntersection,Normal,Other,AUTOROUTE A 10,M,44.94225423037823,-0.9424413043697252
201800048851,NonLethal,2018-03-15,15:46:00,Daylight,330,39,No,NoIntersection,Normal,3+Vehicles-Multiple,ROCADE A 630.,M,44.806697013084296,-0.8059441655655734
201800048852,NonLethal,2018-03-19,07:20:00,Daylight,330,397,No,NoIntersection,Normal,2Vehicles-Behind,A10 bret sortie 43,M,44.908887097249135,-0.9073409410043948
201800048853,NonLethal,2018-03-19,18:00:00,Daylight,330,13,No,NoIntersection,LightRain,2Vehicles-Behind,ROUTE NATIONALE 230.,M,44.86797292765282,-0.8711616798593222
201800048854,NonLethal,2018-03-20,22:22:00,NightStreelightsOn,330,39,No,Y-type,Normal,2Vehicles-Side,N230/A631 bret insertion,M,44.804919517289015,-0.8047364701599745
201800048855,NonLethal,2018-03-21,07:55:00,Daylight,330,162,No,NoIntersection,Normal,2Vehicles-Side,ROCADE A 630.,M,44.87227583954369,-0.8709875317439284
201800048856,NonLethal,2018-03-21,08:20:00,Daylight,330,80,No,NoIntersection,Normal,2Vehicles-Behind,AUTOROUTE A 62.,M,44.73902778070087,-0.7391490140621054
201800048857,NonLethal,2018-03-26,16:55:00,Daylight,330,318,No,NoIntersection,Normal,2Vehicles-Side,ROCADE A 630.,M,44.80624223931967,-0.8055688293894439
201800048858,NonLethal,2018-03-28,09:05:00,Daylight,330,96,No,NoIntersection,LightRain,2Vehicles-Side,AUTOROUTE A 10,M,44.89239445164512,-0.8935186740309429
201800048859,NonLethal,2018-03-28,09:48:00,Daylight,330,122,No,NoIntersection,LightRain,Other,AUTOROUTE A 63,M,44.721182282167184,-0.7227542857400553
201800048861,NonLethal,2018-03-30,14:15:00,Daylight,330,96,No,NoIntersection,Normal,2Vehicles-Behind,AUTOROUTE A 10,M,44.89048447422851,-0.890362496626095