AccidentId,Gravity,Date,Hour,Light,Department,Commune,InAgglomeration,IntersectionType,Weather,CollisionType,PostalAddress,GPSCode,Latitude,Longitude
201800048862,NonLethal,2018-03-30,17:10:00,Daylight,330,162,No,NoIntersection,Normal,2Vehicles-Side,ROCADE A 630,M,44.867406803060405,-0.8682248315987131
201800048863,NonLethal,2018-03-30,17:45:00,Daylight,330,63,No,NoIntersection,VeryGood,3+Vehicles-Chain,ROCADE A 630.,M,44.881146169497015,-0.8815173167275111
201800048864,NonLethal,2018-03-30,21:40:00,NightStreelightsOn,330,487,No,NoIntersection,Normal,2Vehicles-Side,AUTOROUTE A 10,M,44.95162357224668,-0.951318744071602
201800048865,NonLethal,2018-04-03,11:10:00,Daylight,330,90,No,NoIntersection,Normal,2Vehicles-Behind,AUTOROUTE A 63.,M,44.771232438781226,-0.7695552085143756
201800048866,NonLethal,2018-05-04,17:15:00,Daylight,330,162,No,NoIntersection,Normal,3+Vehicles-Multiple,A630 au niveau éch8,M,44.86543434571803,-0.8653387194677342
201800048867,NonLethal,2018-04-07,03:45:00,NightStreelightsOn,330,63,No,NoIntersection,Normal,2Vehicles-Behind,ROCADE A 630,M,44.88636709963596,-0.8859254559592776
201800048868,NonLethal,2018-04-07,20:30:00,TwilightOrDawn,330,75,No,NoIntersection,LightRain,2Vehicles-BehindVehicles-Frontal,A630 éch6 sens 2,M,44.888977011729104,-0.8893703282070147
201800048869,NonLethal,2018-07-04,20:45:00,NightStreelightsOn,330,23,No,NoIntersection,LightRain,Other,A62 bret vers Bdx sens 2,M,44.69338270179316,-0.6931053783092496
201800048870,NonLethal,2018-09-04,08:50:00,TwilightOrDawn,330,122,No,NoIntersection,LightRain,2Vehicles-Behind,AUTOROUTE A 63.,M,44.730510042509806,-0.7306377444246324
201800048871,NonLethal,2018-12-04,10:45:00,Daylight,330,65,No,NoIntersection,Normal,2Vehicles-Side,ROUTE NATIONALE 230,M,44.80981659434121,-0.8088867692221319
201800048873,NonLethal,2018-04-13,14:25:00,Daylight,330,90,No,NoIntersection,Normal,2Vehicles-Behind,AUTOROUTE A 63,M,44.761700079412805,-0.7631179866112318
201800048874,NonLethal,2018-04-13,17:45:00,Daylight,330,397,No,NoIntersection,Normal,3+Vehicles-Chain,AUTOROUTE A 10,M,44.92407591406671,-0.923927550623116
201800048875,NonLethal,2018-04-13,22:50:00,NightStreelightsOn,330,63,No,NoIntersection,HeavyRain,3+Vehicles-Chain,ROCADE A 630,M,44.8815669482695,-0.8815649152108717
201800048876,NonLethal,2018-04-15,03:25:00,NightNoStreetLight,330,448,No,NoIntersection,Normal,2Vehicles-Behind,AUTOROUTE A 62,M,44.71413224811778,-0.7135636550757487
201800048877,NonLethal,2018-04-17,06:45:00,TwilightOrDawn,330,23,No,NoIntersection,Normal,2Vehicles-Behind,AUTOROUTE A 62,M,44.68824949076019,-0.6887730926080342
201800048879,NonLethal,2018-04-18,14:40:00,Daylight,330,39,No,NoIntersection,Normal,2Vehicles-Behind,ROCADE A 630,M,44.79378080266126,-0.7916010947413291
201800048880,NonLethal,2018-04-19,08:10:00,Daylight,330,162,No,NoIntersection,Normal,2Vehicles-Side,ROCADE A 630,M,44.87860231750888,-0.8780250879797474
201800048882,NonLethal,2018-04-20,16:31:00,Daylight,330,162,No,NoIntersection,Normal,3+Vehicles-Chain,ROCADE A 630,M,44.87526351740218,-0.8755268947882185
201800048884,NonLethal,2018-04-24,08:15:00,Daylight,330,90,No,NoIntersection,Normal,3+Vehicles-Chain,AUTOROUTE A 63.,M,44.76348789223695,-0.7645601363743435
201800048885,NonLethal,2018-04-26,13:10:00,Daylight,330,39,No,NoIntersection,Normal,3+Vehicles-Multiple,ROUTE NATIONALE 230.,M,44.80731647835506,-0.8076123524115616
201800048886,NonLethal,2018-04-28,05:40:00,NightStreelightsOn,330,63,No,NoIntersection,LightRain,Other,A630 bret entrée éch 4c.,M,44.88259034902672,-0.8817735313460887
201800048887,NonLethal,2018-04-28,06:30:00,NightStreelightsOn,330,119,No,NoIntersection,Normal,3+Vehicles-Multiple,ROUTE NATIONALE 230,M,44.86302146230349,-0.864835280852382
201800048888,NonLethal,2018-04-28,22:10:00,NightStreelightsOn,330,550,No,NoIntersection,LightRain,Other,A62 éch19 sens 1,M,44.77793049824193,-0.7778200122973336
201800048889,NonLethal,2018-04-29,10:50:00,Daylight,330,249,No,NoIntersection,Normal,2Vehicles-Behind,RN230 éch 1 bret -> A10,M,44.885905150363136,-0.8848098468424668
201800048891,NonLethal,2018-03-05,17:45:00,Daylight,330,13,No,NoIntersection,Normal,3+Vehicles-Chain,ROUTE NATIONALE 230,M,44.846843014823655,-0.8482423293553889
201800048892,NonLethal,2018-09-05,19:26:00,Daylight,330,550,No,NoIntersection,Normal,2Vehicles-Side,ROCADE A 630,M,44.77869662306584,-0.7794171400222726
201800048894,NonLethal,2018-12-05,14:40:00,Daylight,330,448,No,NoIntersection,LightRain,3+Vehicles-Multiple,AUTOROUTE A 62,M,44.72207726051069,-0.7239577692993401
201800048895,NonLethal,2018-05-14,06:00:00,NightNoStreetLight,330,366,No,NoIntersection,Normal,2Vehicles-Behind,AUTOROUTE A 10,M,44.9847162678837,-0.9849875432519084
201800048896,NonLethal,2018-05-15,14:30:00,Daylight,330,397,No,NoIntersection,Normal,Other,AUTOROUTE A 10,M,44.91348566004312,-0.9111770095313744
201800048897,NonLethal,2018-05-16,08:40:00,Daylight,330,550,No,NoIntersection,Normal,2Vehicles-Behind,ROCADE A 630,M,44.78083766258692,-0.7814273290939223
201800048899,NonLethal,2018-05-18,18:30:00,Daylight,330,96,No,NoIntersection,Normal,2Vehicles-Behind,AUTOROUTE A 10,M,44.8903040973326,-0.8911403381216022
201800048900,NonLethal,2018-05-18,20:00:00,Daylight,330,167,No,NoIntersection,Normal,3+Vehicles-Chain,ROUTE NATIONALE 230,M,44.843086333377855,-0.8426839736970374
201800048901,NonLethal,2018-05-21,23:55:00,NightStreelightsOn,330,39,No,NoIntersection,Normal,2Vehicles-Behind,ROCADE A 630,M,44.7970842775842,-0.8002600125075362
201800048902,NonLethal,2018-05-22,09:18:00,Daylight,330,192,No,NoIntersection,Normal,3+Vehicles-Chain,ROCADE A 630.,M,44.78690529230585,-0.787964857347657
201800048903,NonLethal,2018-05-23,08:47:00,Daylight,330,39,No,NoIntersection,Normal,2Vehicles-Side,ROCADE A 630,M,44.78776957700048,-0.7892859933479023
201800048904,NonLethal,2018-05-25,08:30:00,Daylight,330,3,No,NoIntersection,Normal,2Vehicles-Side,AUTOROUTE A 1O,M,44.92699135649752,-0.9262961178900446
201800048905,NonLethal,2018-05-25,11:30:00,Daylight,330,96,No,NoIntersection,LightRain,2Vehicles-Behind,AUTOROUTE A 10,M,44.89003343839855,-0.8903368755148936
201800048906,NonLethal,2018-05-26,15:10:00,Daylight,330,39,No,NoIntersection,Normal,3+Vehicles-Multiple,ROCADE A 630.,M,44.79605319045606,-0.7952917784032073
201800048908,NonLethal,2018-05-28,17:41:00,Daylight,330,281,No,NoIntersection,Normal,2Vehicles-Behind,ROCADE A 630,M,44.83822465807689,-0.8393807959970888
201800048909,NonLethal,2018-05-30,18:25:00,Daylight,330,162,No,NoIntersection,Normal,NoCollision,ROCADE A 630,M,44.87818314840093,-0.8804584358630535
201800048910,NonLethal,2018-05-31,16:10:00,Daylight,330,13,No,NoIntersection,Normal,3+Vehicles-Chain,ROUTE NATIONALE 230,M,44.85713521647557,-0.8572860870065084
201800048913,NonLethal,2018-06-05,16:50:00,Daylight,330,13,No,NoIntersection,Normal,3+Vehicles-Chain,ROUTE NATIONALE 23O,M,44.85353798923825,-0.8526748400621373
201800048914,NonLethal,2018-06-05,17:45:00,Daylight,330,63,No,NoIntersection,Normal,3+Vehicles-Chain,ROCADE A 630,M,44.88615201728284,-0.8867914704759451
201800048915,NonLethal,2018-08-06,06:45:00,Daylight,330,96,No,NoIntersection,Normal,3+Vehicles-Multiple,AUTOROUTE A10,M,44.89668078073922,-0.8957254621075499
201800048916,NonLethal,2018-08-06,20:43:00,TwilightOrDawn,330,318,No,NoIntersection,Normal,2Vehicles-Behind,A630ech15int>A63 PR0+500,M,44.78567442752761,-0.7863035123678865
201800048917,NonLethal,2018-09-06,01:10:00,NightStreelightsOn,330,318,No,NoIntersection,Normal,2Vehicles-Behind,ROCADE A 630,M,44.79050925934927,-0.7889208196284762
201800048918,NonLethal,2018-06-09,22:15:00,TwilightOrDawn,330,122,No,NoIntersection,Normal,Other,AUTOROUTE A 63,M,44.75679617098802,-0.7588761756712953
201800048920,NonLethal,2018-06-14,08:05:00,Daylight,330,39,No,NoIntersection,Normal,2Vehicles-Behind,ROCADE A 630,M,44.80411214377348,-0.8039959401111498
201800048921,NonLethal,2018-06-14,18:35:00,Daylight,330,192,No,NoIntersection,Normal,2Vehicles-Side,AUTOROUTE A 63,M,44.782609920830346,-0.7859822313308745
201800048923,NonLethal,2018-06-18,09:55:00,Daylight,330,80,No,NoIntersection,LightRain,3+Vehicles-Chain,AUTOROUTE A 62,M,44.7458790488171,-0.7494521417337308
201800048924,NonLethal,2018-06-20,13:50:00,Daylight,330,75,No,NoIntersection,Normal,3+Vehicles-Multiple,ROCADE A 630,M,44.8893032080926,-0.8898100012778831
201800048925,NonLethal,2018-06-22,17:30:00,Daylight,330,80,No,NoIntersection,Normal,2Vehicles-Behind,AUTOROUTE A 62,M,44.75912843300114,-0.7578246018814091
201800048926,NonLethal,2018-06-22,20:15:00,Daylight,330,192,No,NoIntersection,Normal,3+Vehicles-Chain,ROCADE A 630,M,44.78714273843317,-0.7866534815583262
201800048927,NonLethal,2018-06-24,11:30:00,Daylight,330,90,No,NoIntersection,VeryGood,2Vehicles-Behind,A 63 PR2+546 REEL,M,44.77534908346245,-0.7733200175166683
201800048929,NonLethal,2018-06-26,09:55:00,Daylight,330,550,No,NoIntersection,Normal,3+Vehicles-Chain,AUTOROUTE A 62,M,44.77374498994581,-0.773339720704341
201800048930,NonLethal,2018-06-26,12:30:00,Daylight,330,65,No,NoIntersection,Normal,2Vehicles-Side,RN230 éch 23,M,44.81460268775896,-0.8132656571848604
201800048931,NonLethal,2018-06-27,09:25:00,Daylight,330,75,No,NoIntersection,Normal,2Vehicles-Side,ROCADE A 630,M,44.88832309583739,-0.8891670247763798
201800048932,NonLethal,2018-06-27,17:08:00,Daylight,330,63,No,NoIntersection,Normal,3+Vehicles-Chain,ROCADE A 630.,M,44.88226890246004,-0.8828202361804326
201800048933,NonLethal,2018-06-28,08:45:00,Daylight,330,550,No,NoIntersection,Normal,2Vehicles-Behind,ROCADE A 630,M,44.776595090529845,-0.7788366636370427
201800048934,NonLethal,2018-06-28,18:30:00,Daylight,330,80,No,NoIntersection,Normal,3+Vehicles-Chain,AUTOROUTE A 62,M,44.73017860064088,-0.728065940104083
201800048935,NonLethal,2018-06-30,21:50:00,TwilightOrDawn,330,192,No,NoIntersection,HeavyRain,2Vehicles-Side,A630 éch 15,M,44.78764805571143,-0.7909856273932845
201800048936,NonLethal,2018-07-01,07:00:00,Daylight,330,192,No,NoIntersection,Normal,Other,ROCADE A 630,M,44.79003772973751,-0.7897179966004696
201800048937,NonLethal,2018-01-07,15:50:00,Daylight,330,75,No,NoIntersection,Normal,NoCollision,ROCADE A 630.,M,44.88367294350896,-0.8813432490431677
201800048938,NonLethal,2018-02-07,17:35:00,Daylight,330,3,No,NoIntersection,Normal,3+Vehicles-Multiple,AUTOROUTE A 10,M,44.93539640718701,-0.9358381076412048
201800048939,NonLethal,2018-04-07,01:35:00,NightStreelightsOff,330,162,No,NoIntersection,Normal,Other,ROCADE A 630,M,44.85891645241485,-0.8584719919860466
201800048940,NonLethal,2018-07-05,09:45:00,Daylight,330,143,No,NoIntersection,Normal,3+Vehicles-Chain,AUTOROUTE A 10,M,44.96004334869584,-0.9599984571828454
201800048941,NonLethal,2018-05-07,22:15:00,NightNoStreetLight,330,281,No,NoIntersection,Normal,Other,A630 acces station carb,M,44.85003906456357,-0.8517649932600279
201800048942,NonLethal,2018-07-07,09:45:00,Daylight,330,143,No,NoIntersection,Normal,3+Vehicles-Chain,AUTOROUTE A 10.,M,44.954949669639056,-0.9557626197769242
201800048943,NonLethal,2018-07-08,05:40:00,TwilightOrDawn,330,366,No,NoIntersection,Normal,2Vehicles-Behind,A10 VD niveau éch40.b,M,44.98493739625853,-0.9862452706247606
201800048944,NonLethal,2018-07-09,14:35:00,Daylight,330,281,No,NoIntersection,Normal,2Vehicles-Behind,ROCADE A 630,M,44.83153100948396,-0.8338375050257115
201800048945,NonLethal,2018-07-09,14:35:00,Daylight,330,13,No,NoIntersection,Normal,2Vehicles-Behind,ROUTE NATIONALE 230,M,44.867283844488746,-0.8682727418259625
201800048948,NonLethal,2018-11-07,16:20:00,Daylight,330,487,No,NoIntersection,Normal,2Vehicles-Side,AUTOROUTE A 10,M,44.94290108881871,-0.9442635205211
201800048949,NonLethal,2018-11-07,16:05:00,Daylight,330,122,No,NoIntersection,Normal,2Vehicles-Behind,AUTOROUTE A 63,M,44.76059779546143,-0.7599273498037533
201800048951,NonLethal,2018-12-07,15:25:00,Daylight,330,249,No,NoIntersection,Normal,2Vehicles-Behind,ROCADE A 630.,M,44.882190176876016,-0.8816209636712332
201800048952,NonLethal,2018-07-13,15:30:00,Daylight,330,487,No,NoIntersection,Normal,3+Vehicles-Chain,AUTOROUTE A 10.,M,44.94339272595701,-0.9429233639170748
201800048953,NonLethal,2018-07-14,10:25:00,Daylight,330,249,No,NoIntersection,Normal,2Vehicles-Behind,ROUTE NATIONALE 230,M,44.87537729244615,-0.8742948105737894
201800048955,NonLethal,2018-07-16,22:40:00,NightNoStreetLight,330,143,No,NoIntersection,Normal,Other,A10 _NATINF 22596,M,44.969269750066026,-0.969195491109066
201800048956,NonLethal,2018-07-19,02:20:00,NightNoStreetLight,330,80,No,NoIntersection,Normal,Other,AUTOROUTE A 62,M,44.75895072409406,-0.757869591427936
201800048957,NonLethal,2018-07-18,08:00:00,Daylight,330,192,No,NoIntersection,Normal,2Vehicles-Behind,AUTOROUTE A 63,M,44.77931400068063,-0.7788730757863435
201800048959,NonLethal,2018-07-21,00:20:00,NightNoStreetLight,330,192,No,NoIntersection,Normal,2Vehicles-Behind,AUTOROUTE A 63,M,44.77982611009077,-0.7772055412957625
201800048960,NonLethal,2018-07-23,12:30:00,Daylight,330,63,No,NoIntersection,Normal,3+Vehicles-Chain,ROCADE A 630,M,44.88784829723232,-0.8868539656968208
201800048961,NonLethal,2018-07-23,13:20:00,Daylight,330,397,No,NoIntersection,Normal,3+Vehicles-Chain,AUTOROUTE A 10,M,44.91917082594966,-0.9207277379923096
201800048962,NonLethal,2018-07-24,10:00:00,Daylight,330,90,No,NoIntersection,Normal,3+Vehicles-Chain,AUTOROUTE A 63.,M,44.77361593862267,-0.7710068584001489
201800048963,NonLethal,2018-07-24,17:40:00,Daylight,330,75,No,NoIntersection,Normal,3+Vehicles-Chain,ROCADE A 630,M,44.887483296820406,-0.890092254655237
201800048965,NonLethal,2018-07-30,11:45:00,Daylight,330,550,No,NoIntersection,Normal,3+Vehicles-Chain,ROCADE A 630,M,44.77789422894956,-0.7771517913221947
201800048966,NonLethal,2018-01-08,12:35:00,Daylight,330,143,No,NoIntersection,Normal,3+Vehicles-Chain,A10.,M,44.959591039122,-0.9594738620060334
201800048967,NonLethal,2018-02-08,16:10:00,Daylight,330,96,No,NoIntersection,Normal,2Vehicles-Behind,AUTOROUTE A 10,M,44.890453576738,-0.8900212216535525
201800048968,NonLethal,2018-02-08,20:37:00,Daylight,330,39,No,NoIntersection,Normal,2Vehicles-Side,ROCADE A 630,M,44.79792838194559,-0.7994920197551388
201800048971,NonLethal,2018-08-04,17:45:00,Daylight,330,281,No,NoIntersection,Normal,2Vehicles-Behind,ROCADE A 630,M,44.846469845822845,-0.8451590245014227
201800048972,NonLethal,2018-06-08,12:10:00,Daylight,330,90,No,NoIntersection,Normal,2Vehicles-Side,AUTOROUTE A 63,M,44.766147690298425,-0.7667094126658438
201800048973,NonLethal,2018-08-08,14:30:00,Daylight,330,13,No,NoIntersection,Normal,2Vehicles-Behind,ROUTE NATIONALE 230,M,44.84340375400407,-0.844526498173147
201800048974,NonLethal,2018-08-11,09:50:00,Daylight,330,96,No,NoIntersection,Normal,3+Vehicles-Chain,AUTOROUTE A 10,M,44.89089185059731,-0.8922206940454479
201800048975,NonLethal,2018-12-08,16:35:00,Daylight,330,122,No,NoIntersection,Normal,2Vehicles-Behind,AUTOROUTE A 63,M,44.74448673104365,-0.7416940646618843
201800048976,NonLethal,2018-08-14,18:15:00,Daylight,330,249,No,NoIntersection,Normal,Other,ROCADE A 630,M,44.88430444231192,-0.8857811064557576
201800048977,NonLethal,2018-08-16,15:20:00,Daylight,330,281,No,NoIntersection,Normal,NoCollision,ROCADE A 630,M,44.85699383720364,-0.8583389056710886
201800048978,NonLethal,2018-08-16,22:17:00,NightStreelightsOn,330,39,No,NoIntersection,Normal,Other,A631 PR0+563 reel,M,44.80728878440124,-0.8079761476060981
201800048980,Lethal,2018-08-25,19:15:00,Daylight,330,550,No,NoIntersection,Normal,2Vehicles-Behind,AUTOROUTE A 62,M,44.77301259421633,-0.7743357243529989
201800048981,NonLethal,2018-08-26,15:25:00,Daylight,330,13,No,NoIntersection,Normal,2Vehicles-Behind,ROUTE NATIONALE 230,M,44.859034428386295,-0.856011753304618
201800048982,NonLethal,2018-08-28,02:40:00,NightStreelightsOn,330,249,No,NoIntersection,Normal,Other,ROUTE NATIONALE 230,M,44.87528344134293,-0.8755722877215787
201800048983,NonLethal,2018-08-31,15:15:00,Daylight,330,397,No,NoIntersection,Normal,2Vehicles-Behind,A10 dans bret éch43,M,44.90829256097426,-0.907834117204912
201800048984,NonLethal,2018-08-31,16:20:00,Daylight,330,281,No,NoIntersection,Normal,2Vehicles-Side,ROCADE A 630,M,44.83370484927147,-0.8333309172667218
201800048986,NonLethal,2018-02-09,20:00:00,Daylight,330,122,No,NoIntersection,Normal,Other,AUTOROUTE A 63,M,44.7518383939152,-0.7521622029378596
201800048987,NonLethal,2018-07-09,08:15:00,Daylight,330,80,No,NoIntersection,Normal,2Vehicles-Side,AUTOROUTE A 62,M,44.7454247047648,-0.7459697160225018
201800048988,NonLethal,2018-09-07,20:15:00,Daylight,330,65,No,NoIntersection,Normal,3+Vehicles-Chain,ROUTE NATIONALE 230.,M,44.80958955731154,-0.8097440054330017
201800048989,NonLethal,2018-08-09,14:30:00,Daylight,330,550,No,NoIntersection,Normal,Other,AUTOROUTE A 62,M,44.77630897274174,-0.7756893220819199
201800048990,NonLethal,2018-09-09,16:45:00,Daylight,330,90,No,NoIntersection,Normal,2Vehicles-Side,AUTOROUTE A 63,M,44.76303598688152,-0.763845800463814
201800048992,NonLethal,2018-10-09,17:35:00,Daylight,330,90,No,NoIntersection,Normal,2Vehicles-Behind,AUTOROUTE A 63,M,44.7606012491684,-0.7604381298774173
201800048993,NonLethal,2018-09-11,07:15:00,TwilightOrDawn,330,13,No,NoIntersection,Normal,3+Vehicles-Chain,ROUTE NATIONALE 23O,M,44.859667173689786,-0.8597108523237994
201800048994,NonLethal,2018-11-09,09:20:00,Daylight,330,39,No,NoIntersection,Normal,3+Vehicles-Chain,ROUTE NATIONALE 230,M,44.80673700638716,-0.8061878416764594
201800048995,NonLethal,2018-09-14,08:15:00,Daylight,330,167,No,NoIntersection,Normal,2Vehicles-Behind,ROUTE NATIONALE 230,M,44.819111335831785,-0.819713832515553
201800048997,NonLethal,2018-09-18,07:00:00,NightStreelightsOff,330,96,No,NoIntersection,Normal,2Vehicles-Side,AUTOROUTE A 10,M,44.90686575940071,-0.9080858320088412
201800048998,NonLethal,2018-09-19,07:27:00,TwilightOrDawn,330,96,No,NoIntersection,Normal,2Vehicles-Side,AUTOROUTE A10,M,44.88861199899415,-0.887882530402125
201800048999,NonLethal,2018-09-19,07:54:00,Daylight,330,65,No,NoIntersection,Normal,2Vehicles-Behind,ROUTE NATIONALE 230,M,44.81241587872754,-0.809774818501096
201800049000,NonLethal,2018-09-19,15:25:00,Daylight,330,192,No,NoIntersection,Normal,Other,ROCADE A 630,M,44.78728929143961,-0.7875280015408517
201800049001,NonLethal,2018-09-20,06:45:00,NightStreelightsOn,330,550,No,NoIntersection,Normal,2Vehicles-Side,ROCADE A 630,M,44.78306445489428,-0.7821970347992687
201800049002,NonLethal,2018-09-20,18:00:00,Daylight,330,39,No,NoIntersection,Normal,2Vehicles-Behind,A630,M,44.78865252982445,-0.788711068766335
201800049003,NonLethal,2018-09-21,12:55:00,Daylight,330,281,No,NoIntersection,LightRain,2Vehicles-Behind,ROCADE A 630,M,44.828298322116574,-0.8293923917949093
201800049004,NonLethal,2018-09-21,14:30:00,Daylight,330,162,No,NoIntersection,LightRain,3+Vehicles-Chain,ROCADE A 630,M,44.87099549062936,-0.8704931400499718
201800049007,NonLethal,2018-09-25,08:10:00,Daylight,330,75,No,NoIntersection,Normal,2Vehicles-Side,ROCADE A 630,M,44.88044959098634,-0.8814734983414689
201800049008,NonLethal,2018-09-26,07:55:00,Daylight,330,281,No,NoIntersection,Normal,2Vehicles-Behind,ROCADE A 630,M,44.8363553197757,-0.8369247266310726
201800049009,NonLethal,2018-09-27,09:00:00,Daylight,330,550,No,NoIntersection,Normal,2Vehicles-Side,ROCADE A 630,M,44.780160229655365,-0.7801623382091888
201800049010,NonLethal,2018-09-27,09:00:00,Daylight,330,75,No,NoIntersection,Normal,2Vehicles-Side,ROCADE A 630,M,44.88959716083897,-0.8890449063981088
201800049011,NonLethal,2018-09-27,10:00:00,Daylight,330,13,No,NoIntersection,Normal,2Vehicles-Side,ROUTE NATIONALE 230,M,44.84773761764349,-0.8491199756458143
201800049012,NonLethal,2018-09-28,06:55:00,NightNoStreetLight,330,474,No,NoIntersection,Normal,2Vehicles-Behind,AUTOROUTE A 62,M,44.66957785554098,-0.6692985227460044
201800049013,NonLethal,2018-09-28,07:20:00,TwilightOrDawn,330,80,No,NoIntersection,FogOrSmoke,NoCollision,AUTOROUTE A 62,M,44.73808958647752,-0.7383942130101686
201800049014,NonLethal,2018-09-28,18:05:00,Daylight,330,75,No,NoIntersection,Normal,2Vehicles-Side,ROCADE A 630,M,44.88938339114699,-0.8884974536648786
201800049015,NonLethal,2018-09-28,19:15:00,Daylight,330,65,No,NoIntersection,Normal,NoCollision,ROUTE NATIONALE 23O.,M,44.80822057246354,-0.8090652378768693
201800049016,NonLethal,2018-09-28,20:35:00,NightStreelightsOn,330,397,No,NoIntersection,Normal,2Vehicles-Side,AUTOROUTE A 10,M,44.90918185191765,-0.9081146030730284
201800049017,NonLethal,2018-02-10,08:00:00,TwilightOrDawn,330,167,No,NoIntersection,Normal,2Vehicles-Side,ROUTE NATIONALE 230,M,44.82226647375692,-0.8230921064375466
201800049018,NonLethal,2018-10-03,14:40:00,Daylight,330,192,No,NoIntersection,Normal,2Vehicles-Behind,ROCADE A 630,M,44.78906327731852,-0.789429181722921
201800049019,NonLethal,2018-04-10,17:05:00,Daylight,330,281,No,NoIntersection,Normal,2Vehicles-Side,ROCADE A 630,M,44.83839492364403,-0.8371563152642901
201800049020,NonLethal,2018-10-05,06:45:00,NightStreelightsOff,330,281,No,NoIntersection,Normal,2Vehicles-Behind,ROCADE A 630,M,44.84160706698293,-0.8405243003282533
201800049022,NonLethal,2018-07-10,19:00:00,Daylight,330,39,No,NoIntersection,LightRain,2Vehicles-Side,ROCADE A 630,M,44.7932806681562,-0.7925542035084566
201800049023,NonLethal,2018-07-10,20:20:00,TwilightOrDawn,330,90,No,NoIntersection,Normal,2Vehicles-Behind,AUTOROUTE A 63,M,44.76950859255169,-0.770131578404644
201800049024,NonLethal,2018-10-09,17:25:00,TwilightOrDawn,330,318,No,NoIntersection,Normal,NoCollision,ROCADE A 630,M,44.789241911012304,-0.7887879931278935
201800049025,NonLethal,2018-10-11,07:40:00,TwilightOrDawn,330,3,No,NoIntersection,Normal,2Vehicles-Side,AUTOROUTE A 10,M,44.925632191190736,-0.9261803708105504
201800049027,NonLethal,2018-10-16,09:45:00,Daylight,330,80,No,NoIntersection,Normal,3+Vehicles-Chain,AUTOROUTE A 62,M,44.74682025245969,-0.7471730921527381
201800049028,NonLethal,2018-10-17,07:30:00,Daylight,330,96,No,NoIntersection,Normal,2Vehicles-Side,AUTOROUTE A l0,M,44.8900159863737,-0.891771907072275
201800049029,NonLethal,2018-10-19,22:52:00,NightStreelightsOn,330,63,No,NoIntersection,Normal,3+Vehicles-Chain,ROCADE A 630,M,44.88479756997788,-0.8811185595619826
201800049030,NonLethal,2018-10-21,05:30:00,NightStreelightsOn,330,39,No,NoIntersection,Normal,Other,A63l PR0+240 reel,M,44.80400630131565,-0.8043863724237438
201800049031,NonLethal,2018-10-22,18:23:00,Daylight,330,167,No,NoIntersection,Normal,3+Vehicles-Multiple,ROUTE NATIONALE 230,M,44.82295171330743,-0.8231249077840435
201800049032,NonLethal,2018-10-23,17:25:00,Daylight,330,167,No,NoIntersection,Normal,3+Vehicles-Multiple,ROUTE NATIONALE 230,M,44.84491012358726,-0.8431161243561527
201800049033,NonLethal,2018-10-26,15:50:00,Daylight,330,397,No,NoIntersection,Normal,3+Vehicles-Chain,AUTOROUTE A 10,M,44.91316638163359,-0.912501793749216
201800049035,NonLethal,2018-10-27,05:30:00,NightStreelightsOff,330,90,No,NoIntersection,Normal,Other,AUTOROUTE A 63,M,44.76030410196872,-0.7615844022279181
201800049036,NonLethal,2018-10-28,14:15:00,Daylight,330,162,No,NoIntersection,HeavyRain,Other,A630 bret sorti ech9 ext,M,44.85895228980553,-0.8584932518107137
201800049037,NonLethal,2018-10-29,15:00:00,Daylight,330,550,No,NoIntersection,Normal,2Vehicles-Behind,ROCADE A 630,M,44.78094537696197,-0.7837228458243017
201800049039,NonLethal,2018-02-11,15:40:00,Daylight,330,249,No,NoIntersection,Normal,2Vehicles-Behind,ROUTE NATIONALE 230,M,44.87561784722099,-0.8772420851751721
201800049041,NonLethal,2018-04-11,17:25:00,Daylight,330,213,No,NoIntersection,Normal,2Vehicles-Behind,AUTOROUTE A 62,M,44.68548479442288,-0.6838817133138801
201800049042,NonLethal,2018-05-11,07:05:00,NightStreelightsOn,330,13,No,NoIntersection,Normal,3+Vehicles-Chain,ROUTE NATIONALE 230,M,44.852289356649486,-0.8530430014721834
201800049045,NonLethal,2018-06-11,18:15:00,NightNoStreetLight,330,75,No,NoIntersection,LightRain,NoCollision,ROCADE A 630,M,44.889188783188985,-0.8885358579478464
201800049046,NonLethal,2018-11-07,19:15:00,NightStreelightsOff,330,13,No,NoIntersection,Normal,2Vehicles-Behind,ROUTE NATIONALE 230,M,44.85100558099203,-0.8520711758734155
201800049047,NonLethal,2018-11-08,06:10:00,NightNoStreetLight,330,80,No,NoIntersection,Normal,3+Vehicles-Chain,AUTOROUTE A 62,M,44.73140469672993,-0.73184203558414
201800049048,NonLethal,2018-08-11,18:10:00,TwilightOrDawn,330,192,No,NoIntersection,Normal,2Vehicles-Side,ROCADE A 630,M,44.79239317877038,-0.7874922122136849
201800049049,NonLethal,2018-08-11,18:10:00,NightNoStreetLight,330,63,No,NoIntersection,Normal,Other,ROCADE A 630,M,44.8858091647061,-0.8861707610627446
201800049050,NonLethal,2018-11-09,09:40:00,Daylight,330,162,No,NoIntersection,Normal,2Vehicles-Behind,ROCADE A 630,M,44.86774077306554,-0.8651680274329816
201800049051,Lethal,2018-11-09,12:55:00,Daylight,330,39,No,NoIntersection,Normal,3+Vehicles-Multiple,ROUTE NATIONALE 230.,M,44.80505889617973,-0.8050387045531371