AccidentId,Gravity,Date,Hour,Light,Department,Commune,InAgglomeration,IntersectionType,Weather,CollisionType,PostalAddress,GPSCode,Latitude,Longitude
201800049052,NonLethal,2018-11-11,02:30:00,NightNoStreetLight,330,80,No,NoIntersection,Normal,2Vehicles-Behind,AUTOROUTE A 62.,M,44.73049217026538,-0.7320967991542263
201800049053,NonLethal,2018-11-11,08:50:00,Daylight,330,39,No,NoIntersection,Normal,Other,ROCADE A 630,M,44.795885165210414,-0.7949335112671573
201800049054,NonLethal,2018-11-11,19:45:00,NightStreelightsOff,330,192,No,NoIntersection,LightRain,2Vehicles-Side,ROCADE A 630,M,44.79029544953421,-0.7872317359937061
201800049055,NonLethal,2018-11-13,19:05:00,NightNoStreetLight,330,162,No,NoIntersection,Normal,2Vehicles-Behind,ROCADE A 630,M,44.85985229549826,-0.8581909032750976
201800049057,NonLethal,2018-11-14,06:35:00,NightNoStreetLight,330,3,No,NoIntersection,Normal,2Vehicles-Behind,AUTOROUTE A 10,M,44.93602966984125,-0.9360007685727632
201800049058,NonLethal,2018-11-15,08:30:00,Daylight,330,39,No,NoIntersection,Normal,2Vehicles-Side,ROCADE A 630.,M,44.79730401712747,-0.7983713537365674
201800049059,NonLethal,2018-11-16,09:08:00,Daylight,330,249,No,NoIntersection,Normal,2Vehicles-Behind,ROUTE NATIONALE 230,M,44.86973525655738,-0.8694359889298008
201800049060,NonLethal,2018-11-16,10:00:00,Daylight,330,13,No,NoIntersection,Normal,2Vehicles-Side,RN230 éch25,M,44.84784552047475,-0.8472120007884526
201800049061,NonLethal,2018-11-16,19:20:00,NightStreelightsOn,330,63,No,NoIntersection,Normal,2Vehicles-Side,ROCADE A 630,M,44.88104013841733,-0.8817404734269665
201800049062,NonLethal,2018-11-18,15:30:00,Daylight,330,366,No,NoIntersection,Normal,2Vehicles-Behind,AUTOROUTE A 10,M,44.99064088125731,-0.99124905644287
201800049063,NonLethal,2018-11-20,21:50:00,NightNoStreetLight,330,550,No,NoIntersection,Normal,2Vehicles-Behind,ROCADE A 630.,M,44.782466376962695,-0.7805229923162427
201800049064,NonLethal,2018-11-23,08:50:00,Daylight,330,162,No,NoIntersection,LightRain,2Vehicles-Side,ROCADE A 630,M,44.86700425185212,-0.8660707668545472
201800049065,NonLethal,2018-11-24,20:40:00,NightStreelightsOn,330,249,No,NoIntersection,Normal,2Vehicles-Behind,ROUTE NATIONALE 230,M,44.87803094743391,-0.8754789960368596
201800049066,NonLethal,2018-11-18,08:30:00,Daylight,330,63,No,NoIntersection,Normal,NoCollision,ROCADE A 630,M,44.88533730767178,-0.8845274449659845
201800049068,NonLethal,2018-11-27,09:25:00,Daylight,330,13,No,NoIntersection,Normal,3+Vehicles-Multiple,ROUTE NATIONALE 230,M,44.85942690232905,-0.8588792557659684
201800049069,NonLethal,2018-11-27,12:40:00,Daylight,330,122,No,NoIntersection,Normal,3+Vehicles-Chain,AUTOROUTE A 63,M,44.73282727731859,-0.7328258268798329
201800049070,NonLethal,2018-11-27,17:50:00,TwilightOrDawn,330,281,No,NoIntersection,Normal,3+Vehicles-Chain,ROCADE A 63O,M,44.8468211317052,-0.8482709321275608
201800049071,NonLethal,2018-11-28,09:00:00,Daylight,330,192,No,NoIntersection,Normal,3+Vehicles-Multiple,AUTOROUTE A 63,M,44.78272696466731,-0.7796518163375354
201800049072,NonLethal,2018-11-28,19:10:00,NightStreelightsOn,330,318,No,NoIntersection,Normal,Other,ROCADE A 630,M,44.78943013350533,-0.79063203512253
201800049073,NonLethal,2018-11-29,20:50:00,NightNoStreetLight,330,448,No,NoIntersection,HeavyRain,Other,AUTOROUTE A 62,M,44.70757600917,-0.7087665901317779
201800049074,NonLethal,2018-11-30,15:00:00,Daylight,330,80,No,NoIntersection,Normal,2Vehicles-Behind,AUTOROUTE A 62,M,44.74714097935396,-0.746122081491581
201800049075,NonLethal,2018-12-01,05:30:00,NightStreelightsOff,330,143,No,NoIntersection,Normal,2Vehicles-Behind,AUTOROUTE A 10,M,44.96659582752798,-0.965843492953585
201800049076,NonLethal,2018-01-12,20:25:00,NightStreelightsOn,330,249,No,NoIntersection,LightRain,3+Vehicles-Chain,ROCADE A 630.,M,44.88481310941071,-0.8808254410143722
201800049078,NonLethal,2018-03-12,08:15:00,TwilightOrDawn,330,13,No,NoIntersection,LightRain,Other,ROUTE NATIONALE 230,M,44.86652732993616,-0.8672161681821707
201800049079,NonLethal,2018-12-02,00:20:00,NightStreelightsOff,330,13,No,NoIntersection,Normal,2Vehicles-Behind,ROUTE NATIONALE 230,M,44.84557903502764,-0.8474661672358879
201800049080,NonLethal,2018-12-03,15:20:00,Daylight,330,249,No,NoIntersection,Normal,NoCollision,Bret N23O E vers A63O E,M,44.88655240994873,-0.8859630384302971
201800049081,NonLethal,2018-03-12,19:10:00,NightStreelightsOn,330,550,No,NoIntersection,Normal,2Vehicles-Behind,ROCADE A 630,M,44.77868691079927,-0.7776368320913024
201800049082,NonLethal,2018-04-12,18:00:00,NightStreelightsOn,330,63,No,NoIntersection,Normal,3+Vehicles-Chain,ROCADE A 630,M,44.88152661867198,-0.8829178014921598
201800049083,NonLethal,2018-05-12,09:15:00,Daylight,330,75,No,NoIntersection,Normal,3+Vehicles-Chain,ROCADE A 630,M,44.88827491596363,-0.88866752325861
201800049084,NonLethal,2018-12-07,01:30:00,NightStreelightsOn,330,63,No,NoIntersection,Normal,3+Vehicles-Chain,ROCADE A 630,M,44.88302262738795,-0.8812732357852068
201800049085,NonLethal,2018-12-07,08:10:00,TwilightOrDawn,330,122,No,NoIntersection,Normal,2Vehicles-Behind,AUTOROUTE A 63,M,44.756288023192255,-0.7559587985302428
201800049086,NonLethal,2018-12-07,08:30:00,TwilightOrDawn,330,162,No,NoIntersection,Normal,3+Vehicles-Chain,ROCADE A 630,M,44.87735453667353,-0.8782780602819835
201800049087,NonLethal,2018-07-12,18:00:00,NightStreelightsOn,330,550,No,NoIntersection,Overcast,3+Vehicles-Chain,ROCADE A 630,M,44.77843465661234,-0.777928958646276
201800049088,NonLethal,2018-12-11,23:45:00,NightStreelightsOff,330,75,No,NoIntersection,Normal,2Vehicles-Behind,ROCADE A 630,M,44.889176268460645,-0.8887714932381933
201800049089,NonLethal,2018-11-12,07:55:00,TwilightOrDawn,330,96,No,NoIntersection,Normal,2Vehicles-Behind,AUTOROUTE A 10,M,44.895415396707314,-0.8941667359803616
201800049090,NonLethal,2018-12-11,08:10:00,Daylight,330,550,No,NoIntersection,Normal,2Vehicles-Side,ROCADE A 630,M,44.77909324390957,-0.7758051200286404
201800049091,NonLethal,2018-12-11,13:00:00,Daylight,330,39,No,NoIntersection,Normal,3+Vehicles-Multiple,ROCADE A 630,M,44.789045568602894,-0.7883766172822357
201800049092,NonLethal,2018-12-11,18:45:00,NightNoStreetLight,330,281,No,NoIntersection,Normal,3+Vehicles-Chain,ROCADE A 630,M,44.848398342219895,-0.8476253634198637
201800049093,NonLethal,2018-12-12,21:15:00,NightStreelightsOff,330,13,No,NoIntersection,Normal,2Vehicles-Behind,ROUTE NATIONALE 230,M,44.86165756561194,-0.8609348623830582
201800049094,NonLethal,2018-12-14,10:15:00,Daylight,330,550,No,NoIntersection,Normal,Other,AUTOROUTE A 62.,M,44.760756904968495,-0.7608327606967948
201800049095,NonLethal,2018-12-14,10:40:00,Daylight,330,90,No,NoIntersection,Normal,2Vehicles-Behind,AUTOROUTE A 63,M,44.76325397473413,-0.762983983468381
201800049096,NonLethal,2018-12-14,11:00:00,Daylight,330,487,No,NoIntersection,Normal,2Vehicles-Side,AUTOROUTE A 10,M,44.94683639362429,-0.9449822480813148
201800049097,NonLethal,2018-12-15,00:30:00,NightNoStreetLight,330,366,No,NoIntersection,Normal,3+Vehicles-Multiple,AUTOROUTE A 1O,M,44.993845212190585,-0.9928360770263924
201800049098,NonLethal,2018-12-16,08:00:00,TwilightOrDawn,330,249,No,NoIntersection,Normal,3+Vehicles-Multiple,ROCADE RN 230,M,44.875773359897295,-0.8753984514261057
201800049099,Lethal,2018-12-16,08:45:00,Daylight,330,281,No,NoIntersection,LightRain,2Vehicles-Side,ROCADE A 63O,M,44.83249783977257,-0.8349615796089145
201800049100,NonLethal,2018-12-16,12:55:00,Daylight,330,550,No,NoIntersection,HeavyRain,Other,A62,M,44.77742714900886,-0.7790258488344267
201800049101,NonLethal,2018-12-17,00:01:00,NightStreelightsOn,330,249,No,NoIntersection,LightRain,Other,ROUTE NATIONALE 230,M,44.87952347214151,-0.8751170381850513
201800049102,NonLethal,2018-12-17,07:45:00,TwilightOrDawn,330,397,No,NoIntersection,LightRain,2Vehicles-Side,AUTOROUTE A 10,M,44.91659253158984,-0.9172121126432816
201800049103,NonLethal,2018-12-17,07:45:00,TwilightOrDawn,330,249,No,NoIntersection,Normal,2Vehicles-Behind,ROUTE NATIONALE 230,M,44.88176287715004,-0.8832983069800715
201800049105,NonLethal,2018-12-17,15:55:00,Daylight,330,550,No,NoIntersection,Normal,2Vehicles-Side,ROCADE A 630,M,44.778823804745855,-0.7807434755979108
201800049106,NonLethal,2018-12-18,09:05:00,Daylight,330,318,No,NoIntersection,Normal,2Vehicles-Behind,ROCADE A 630,M,44.80231559901933,-0.803949657873498
201800049107,NonLethal,2018-12-19,19:10:00,NightNoStreetLight,330,75,No,NoIntersection,LightRain,3+Vehicles-Chain,ROCADE A 630,M,44.887660664354776,-0.8876146727220107
201800049108,NonLethal,2018-12-20,18:10:00,NightStreelightsOn,330,550,No,NoIntersection,Normal,2Vehicles-Behind,ROCADE A 630,M,44.78185696546798,-0.7833058844157312
201800049110,NonLethal,2018-12-21,21:08:00,NightStreelightsOff,330,318,No,NoIntersection,LightRain,Other,ROCADE A 630,M,44.81263512466416,-0.8096127492522494
201800049111,NonLethal,2018-12-27,01:10:00,NightStreelightsOn,330,249,No,NoIntersection,FogOrSmoke,Other,Route Nationale 230,M,44.88534914095812,-0.8843276363090857
201800049112,NonLethal,2018-12-28,15:25:00,Daylight,330,192,No,NoIntersection,Normal,2Vehicles-Side,ROCADE A 630,M,44.79004968421657,-0.7915636128263855
201800049113,NonLethal,2018-12-28,16:10:00,Daylight,330,397,No,NoIntersection,Normal,2Vehicles-Behind,AUTOROUTE A 10,M,44.91868484229308,-0.919480638094594
201800049115,NonLethal,2018-01-22,11:40:00,Daylight,670,482,No,NoIntersection,LightRain,Other,Route Nationale 2350,M,48.592462239793605,7.592896276064691
201800049116,NonLethal,2018-12-02,07:30:00,TwilightOrDawn,670,118,No,NoIntersection,Normal,2Vehicles-Behind,Autoroute A.351,M,48.59347874961014,7.590370160385192
201800049117,NonLethal,2018-02-12,11:00:00,Daylight,670,447,No,NoIntersection,Normal,3+Vehicles-Multiple,Autoroute A.4,M,48.599548328638654,7.600431701919998
201800049120,NonLethal,2018-02-13,08:40:00,Daylight,670,482,No,NoIntersection,Normal,2Vehicles-Behind,Autoroute A.351,M,48.58723598127009,7.587820595602762
201800049121,NonLethal,2018-02-21,17:50:00,TwilightOrDawn,670,152,No,Other,Normal,3+Vehicles-Multiple,Autoroute A.35,M,48.52703015492135,7.528130188876299
201800049122,NonLethal,2018-06-03,14:50:00,Daylight,670,365,No,NoIntersection,Normal,2Vehicles-Side,Autoroute A.35,M,48.5362013492475,7.53614871965206
201800049123,NonLethal,2018-03-09,15:15:00,Daylight,670,482,No,NoIntersection,Overcast,2Vehicles-Side,Autoroute A.35,M,48.582718956997965,7.580694767154002
201800049124,NonLethal,2018-03-15,10:55:00,Daylight,670,482,No,NoIntersection,Normal,3+Vehicles-Multiple,Autoroute A.35,M,48.56381692393551,7.565060739837861
201800049125,NonLethal,2018-03-21,06:55:00,Daylight,670,482,No,NoIntersection,Normal,Other,Bretelle sortie autorout,M,48.59646780665581,7.595747294401285
201800049126,NonLethal,2018-03-27,13:30:00,Daylight,670,482,No,NoIntersection,Normal,2Vehicles-Behind,Autoroute A.35,M,48.58591379321102,7.5851252511341665
201800049127,NonLethal,2018-03-31,22:15:00,NightNoStreetLight,670,482,No,NoIntersection,Normal,NoCollision,Bretelle accs autoroute,M,,
201800049130,NonLethal,2018-04-09,17:45:00,Daylight,670,118,No,NoIntersection,VeryGood,Other,Autoroute A.351,M,48.589618840649926,7.590894445347465
201800049131,NonLethal,2018-04-12,19:30:00,Daylight,670,218,No,NoIntersection,Normal,NoCollision,R.N. 353,M,48.49775736989256,7.500553009068704
201800049132,NonLethal,2018-04-16,11:35:00,Daylight,670,471,No,NoIntersection,Normal,3+Vehicles-Chain,Autoroute A4,M,48.62408520863679,7.626875282789872
201800049134,NonLethal,2018-04-27,07:10:00,Daylight,670,482,No,NoIntersection,Normal,3+Vehicles-Multiple,Autoroute A.35,M,48.5522369535827,7.552902527372023
201800049135,NonLethal,2018-04-27,15:30:00,Daylight,670,218,No,NoIntersection,Normal,3+Vehicles-Chain,Autoroute A.35,M,48.53194809313216,7.532962511137791
201800049136,NonLethal,2018-04-30,12:00:00,Daylight,670,137,No,NoIntersection,Normal,2Vehicles-Behind,Route Dpartementale 108,M,48.504268692469545,7.50209986518608
201800049137,NonLethal,2018-04-27,17:20:00,Daylight,670,482,No,NoIntersection,Normal,2Vehicles-Behind,Bretelle accs autoroute,M,48.59574107777076,7.593019494972189
201800049140,NonLethal,2018-05-02,19:00:00,Daylight,670,137,No,NoIntersection,Normal,Other,Route Dpartementale 108,M,48.50525934389988,7.503679941113229
201800049141,NonLethal,2018-05-14,15:00:00,Daylight,670,482,No,NoIntersection,Normal,Other,Autoroute A.35,M,48.58392867266923,7.582880393929446
201800049142,NonLethal,2018-05-09,16:30:00,Daylight,670,482,No,NoIntersection,Normal,2Vehicles-Behind,Autoroute A.35,M,48.58062954293036,7.579647142441344
201800049145,NonLethal,2018-05-28,12:05:00,Daylight,670,482,No,NoIntersection,Normal,2Vehicles-Behind,Bretelle sortie autorout,M,48.571336206373786,7.573028330744532
201800049146,NonLethal,2018-05-31,16:45:00,Daylight,670,152,No,NoIntersection,Normal,2Vehicles-Side,Autoroute A.35,M,48.52874744776976,7.527770511977252
201800049147,Lethal,2018-06-06,14:00:00,Daylight,670,482,Yes,NoIntersection,Normal,Other,Bretelle accs autoroute,M,48.58487142666129,7.584885476798189
201800049149,NonLethal,2018-07-06,21:23:00,TwilightOrDawn,670,365,No,NoIntersection,Normal,3+Vehicles-Chain,Autoroute A.35,M,48.52888509678039,7.5302181693245265
201800049151,NonLethal,2018-12-06,08:50:00,Daylight,670,152,No,NoIntersection,Normal,3+Vehicles-Chain,Route Nationale 83,M,48.52595266681666,7.527890988727935
201800049152,NonLethal,2018-07-06,14:55:00,Daylight,670,152,No,NoIntersection,Normal,2Vehicles-Side,Route Nationale 83,M,48.52838591080684,7.5289232180829
201800049154,NonLethal,2018-06-26,17:30:00,Daylight,670,447,No,NoIntersection,Normal,3+Vehicles-Chain,Autoroute A.4,M,48.60037162737122,7.60090641996183
201800049155,NonLethal,2018-06-22,13:25:00,Daylight,670,365,No,NoIntersection,Normal,NoCollision,Autoroute A.35,M,48.53715352690018,7.536491666413163
201800049156,NonLethal,2018-06-22,16:00:00,Daylight,670,482,No,NoIntersection,Normal,2Vehicles-Behind,Autoroute A.35,M,48.57951443776905,7.576717612978916
201800049157,NonLethal,2018-07-11,18:10:00,Daylight,670,309,No,NoIntersection,Normal,2Vehicles-Behind,Autoroute A.4,M,48.644470722897616,7.642071918019222
201800049158,NonLethal,2018-07-26,21:55:00,NightNoStreetLight,670,482,No,NoIntersection,Normal,2Vehicles-Behind,Autoroute A.35,M,48.56336237585467,7.56299462906907
201800049159,NonLethal,2018-02-08,18:10:00,Daylight,670,137,No,Other,Normal,2Vehicles-Behind,Route Dpartementale 108,M,48.50281533572092,7.502628152892059
201800049161,NonLethal,2018-08-29,17:55:00,Daylight,670,218,No,NoIntersection,Normal,2Vehicles-Behind,Autoroute A.35,M,45.54200494592804,7.543416497877588
201800049162,NonLethal,2018-08-30,23:20:00,NightNoStreetLight,670,482,No,NoIntersection,Normal,NoCollision,Autoroute A.35,M,48.57493603542954,7.57319914024228
201800049163,NonLethal,2018-08-09,11:23:00,Daylight,670,124,No,NoIntersection,Normal,2Vehicles-Behind,Autoroute A.35,M,48.52720213362081,7.527270455567646
201800049164,NonLethal,2018-09-14,14:15:00,Daylight,670,365,No,NoIntersection,Normal,2Vehicles-Side,Autoroute A.35,M,48.53102259992875,7.530527675877506
201800049165,NonLethal,2018-09-17,21:30:00,NightNoStreetLight,670,482,No,NoIntersection,Normal,3+Vehicles-Chain,Autoroute A.35,M,48.59125426719747,7.591258706979432
201800049166,NonLethal,2018-09-20,10:41:00,Daylight,670,152,No,NoIntersection,Normal,3+Vehicles-Chain,Route Nationale 83,M,48.525675368720414,7.525581947086168
201800049167,NonLethal,2018-12-10,16:26:00,Daylight,670,482,No,NoIntersection,Normal,3+Vehicles-Chain,Autoroute A.35,M,48.57660227255305,7.576256150753749
201800049168,NonLethal,2018-10-20,03:10:00,NightNoStreetLight,670,471,No,NoIntersection,Normal,3+Vehicles-Multiple,Autoroute A.4,M,48.63707090541053,7.638191490611172
201800049169,NonLethal,2018-10-27,10:35:00,Daylight,670,137,Yes,NoIntersection,Normal,2Vehicles-Side,Route Départementale 108,M,48.50303706896974,7.5024632905485875
201800049170,NonLethal,2018-10-29,10:35:00,Daylight,670,365,No,NoIntersection,Normal,2Vehicles-Side,Autoroute A.35,M,48.53426060551891,7.536519277038648
201800049171,NonLethal,2018-11-02,07:00:00,Daylight,670,365,No,NoIntersection,Normal,2Vehicles-Side,Autoroute A.35,M,48.5337105553104,7.534431515531295
201800049172,NonLethal,2018-01-11,07:13:00,TwilightOrDawn,670,389,No,Other,Normal,Other,Autoroute A.4,M,48.58227834859596,7.583005348478539
201800049173,NonLethal,2018-11-05,14:15:00,Daylight,670,218,No,NoIntersection,Normal,3+Vehicles-Multiple,Route Dpartementale 468,M,48.5456202030312,7.544119172930805
201800049175,NonLethal,2018-11-13,07:45:00,Daylight,670,482,No,NoIntersection,LightRain,Other,Bretelle accès autoroute,M,48.57435451656949,7.575316378346359
201800049176,NonLethal,2018-11-23,17:35:00,NightNoStreetLight,670,482,No,NoIntersection,Normal,3+Vehicles-Chain,N.4 CONTOURNEMENT-SUD,M,48.57229090321724,7.569813889703552
201800049177,NonLethal,2018-11-24,18:53:00,NightNoStreetLight,670,447,No,NoIntersection,Normal,3+Vehicles-Chain,Autoroute A.4,M,48.61226584402083,7.610368160062783
201800049178,NonLethal,2018-11-20,20:10:00,NightStreelightsOff,670,218,No,NoIntersection,LightRain,2Vehicles-Side,Autoroute A.35,M,48.543052560534406,7.544888324467751
201800049179,NonLethal,2018-12-03,16:45:00,NightNoStreetLight,670,309,No,NoIntersection,LightRain,2Vehicles-Behind,Autoroute A4,M,48.63621755029226,7.636077583595724
201800049180,NonLethal,2018-06-12,13:50:00,Daylight,670,482,No,NoIntersection,Normal,2Vehicles-Behind,Autoroute A.35,M,48.56622136503391,7.5666011305283645
201800049181,NonLethal,2018-10-12,19:25:00,NightNoStreetLight,670,482,No,NoIntersection,LightRain,3+Vehicles-Chain,Autoroute A.35,M,48.34858365075242,7.350084772411725
201800049182,NonLethal,2018-12-12,04:50:00,NightNoStreetLight,670,482,No,NoIntersection,FogOrSmoke,NoCollision,N.4 Contournement Sud,M,48.572919659072966,7.569864661673102
201800049183,NonLethal,2018-12-12,15:00:00,Daylight,670,218,No,NoIntersection,Normal,3+Vehicles-Chain,R.N. 353,M,48.50269247950671,7.504032883145088
201800049184,NonLethal,2018-12-13,07:20:00,NightNoStreetLight,670,152,No,NoIntersection,Normal,2Vehicles-Behind,Autoroute A.35,M,48.52667892487319,7.524322133480088
201800049185,NonLethal,2018-12-18,13:40:00,Daylight,670,482,No,NoIntersection,Normal,3+Vehicles-Multiple,Autoroute A.35,M,48.58873236202705,7.588692304749929
201800049186,NonLethal,2018-12-18,14:45:00,Daylight,670,152,No,NoIntersection,Normal,3+Vehicles-Chain,Route Nationale 83,M,48.52542610169287,7.526276673150498
201800049187,NonLethal,2018-12-19,18:00:00,NightStreelightsOff,670,482,No,NoIntersection,Normal,3+Vehicles-Multiple,Autoroute A.351,M,48.58751928279193,7.587074887858564
201800049188,NonLethal,2018-12-21,12:15:00,Daylight,670,218,No,Other,LightRain,3+Vehicles-Multiple,Autoroute A.35,M,48.54732000869272,7.546070587526059
201800049189,NonLethal,2018-01-01,17:00:00,TwilightOrDawn,540,528,No,NoIntersection,LightRain,2Vehicles-Behind,Autoroute A 31,M,48.650182759154525,5.650024949501467
201800049191,NonLethal,2018-09-01,16:40:00,Daylight,540,167,No,Other,Normal,Other,Autoroute A 31,M,48.67415077640743,5.675977510204953
201800049192,NonLethal,2018-02-04,19:50:00,NightNoStreetLight,540,123,No,NoIntersection,Normal,Other,Autoroute A 33,M,48.64124842920072,6.639265249541911
201800049193,NonLethal,2018-03-04,22:00:00,NightNoStreetLight,540,60,No,NoIntersection,LightRain,Other,Autoroute A 31,M,48.82364611276688,6.825196863159316
201800049194,NonLethal,2018-03-09,10:25:00,Daylight,540,328,No,NoIntersection,LightRain,3+Vehicles-Chain,Autoroute A 330,M,48.61087262889864,6.611735949644453
201800049196,NonLethal,2018-04-03,08:00:00,Daylight,540,60,No,NoIntersection,Normal,3+Vehicles-Chain,Autoroute A 31,M,48.82156750925269,6.822891901945878
201800049197,NonLethal,2018-12-04,18:00:00,Daylight,540,547,No,NoIntersection,Normal,3+Vehicles-Chain,Autoroute A 330,M,48.65729989861494,6.657266693828507
201800049199,NonLethal,2018-04-06,08:00:00,Daylight,540,328,No,NoIntersection,Normal,2Vehicles-Behind,Autoroute A 330,M,48.62737116969429,6.628441212636978
201800049200,NonLethal,2018-08-06,19:10:00,Daylight,540,265,No,NoIntersection,Normal,2Vehicles-Behind,Autoroute A 330,M,48.6369626554811,6.636514048694263
201800049202,NonLethal,2018-07-06,20:30:00,Daylight,540,115,No,NoIntersection,Normal,Other,Autoroute A 31,M,48.693804282698345,6.693805515313245
201800049205,NonLethal,2018-07-23,16:20:00,Daylight,540,528,No,NoIntersection,Normal,3+Vehicles-Chain,Autoroute A 31,M,48.65708622236897,5.655464428735151
201800049206,NonLethal,2018-07-27,05:53:00,NightNoStreetLight,540,167,No,NoIntersection,Normal,2Vehicles-Side,Autoroute A 31,M,48.67343889224973,5.671929859633938
201800049208,NonLethal,2018-08-19,05:10:00,NightNoStreetLight,540,27,No,NoIntersection,Normal,NoCollision,Autoroute A 31,M,48.89693911194746,6.894892247637124
201800049209,NonLethal,2018-08-31,11:40:00,Daylight,540,312,No,NoIntersection,Normal,2Vehicles-Behind,Autoroute A 31,M,48.93773350097244,6.939405157887421
201800049210,NonLethal,2018-09-16,05:23:00,NightNoStreetLight,540,312,No,NoIntersection,Normal,2Vehicles-Behind,Autoroute A 3l,M,49.93241246042776,6.932631025616514
201800049211,NonLethal,2018-01-10,17:30:00,Daylight,540,483,No,NoIntersection,Normal,3+Vehicles-Multiple,Autoroute A 33,M,48.617277782933,6.61675660339644
201800049213,NonLethal,2018-11-16,13:20:00,Daylight,540,547,No,Other,Normal,2Vehicles-Behind,Autoroute  A 33,M,48.64662523428371,6.647168122043597
201800049215,NonLethal,2018-11-20,10:05:00,Daylight,540,232,No,NoIntersection,Normal,3+Vehicles-Multiple,Autoroute A 31,M,48.68432470765616,5.685370314370073
201800049216,NonLethal,2018-11-01,17:01:00,TwilightOrDawn,570,39,No,NoIntersection,Normal,2Vehicles-Behind,RN 431,M,49.03926471049783,6.03851211344691
201800049217,Lethal,2018-01-27,02:15:00,NightNoStreetLight,570,534,No,NoIntersection,Normal,NoCollision,RN 431,M,49.08740792045466,6.088460674154462
201800049218,NonLethal,2018-01-26,18:50:00,NightNoStreetLight,570,487,No,Other,Normal,Other,Autoroute A31,M,49.09784421638886,6.098266802490593
201800049219,Lethal,2018-11-02,19:33:00,NightNoStreetLight,570,96,No,NoIntersection,Normal,2Vehicles-Behind,Autoroute A30,M,49.39327197144007,5.396722166874373
201800049220,NonLethal,2018-02-16,14:30:00,Daylight,570,137,No,NoIntersection,Normal,3+Vehicles-Multiple,Autoroute A31,M,48.97236415631637,6.971824014183799
201800049221,NonLethal,2018-02-20,08:20:00,Daylight,570,463,No,NoIntersection,Normal,Other,Autoroute A31,M,49.14434845828285,6.143227442736544
201800049222,NonLethal,2018-02-27,10:16:00,Daylight,570,226,No,NoIntersection,SnowOrHail,2Vehicles-Side,Autoroute A30,M,49.34096257281939,5.341807671920824
201800049223,Lethal,2018-02-27,10:37:00,Daylight,570,356,No,NoIntersection,Normal,2Vehicles-Side,Autoroute A31,M,49.43888026141313,6.437951321901893
201800049224,NonLethal,2018-03-03,09:45:00,Daylight,570,43,No,NoIntersection,LightRain,NoCollision,Autoroute  A31,M,49.24475209322591,6.24601747393584
201800049225,NonLethal,2018-03-19,05:35:00,NightNoStreetLight,570,487,No,Other,SnowOrHail,2Vehicles-Behind,Autoroute A31,M,49.0941073639029,6.094306396886809
201800049227,Lethal,2018-04-01,01:25:00,NightNoStreetLight,570,206,No,NoIntersection,Normal,2Vehicles-Side,Autoroute A30,M,49.308714605477896,6.308012685366025
201800049228,NonLethal,2018-04-17,13:15:00,Daylight,570,672,No,NoIntersection,Normal,2Vehicles-Behind,Autoroute A31,M,49.349729926911465,6.350422371820423
201800049229,NonLethal,2018-04-19,19:00:00,Daylight,570,666,No,NoIntersection,Normal,2Vehicles-Behind,Autoroute A31,M,49.34969023110111,6.349748224534515
201800049230,Lethal,2018-04-20,16:08:00,Daylight,570,672,No,NoIntersection,Normal,3+Vehicles-Chain,Autoroute A31,M,49.39314426489867,6.392088075129032
201800049231,NonLethal,2018-05-05,15:37:00,Daylight,570,356,No,NoIntersection,Normal,2Vehicles-Behind,Autoroute A31,M,49.35012535588711,6.350741836847893
201800049232,NonLethal,2018-10-05,13:05:00,Daylight,570,672,No,Other,Normal,2Vehicles-Behind,Autoroute A31,M,49.39935858487856,6.399103603457512
201800049233,NonLethal,2018-05-16,18:15:00,Daylight,570,463,No,NoIntersection,Normal,Other,Autoroute A31,M,49.12956735246208,6.128920556369549
201800049235,NonLethal,2018-05-26,00:50:00,NightNoStreetLight,570,269,No,NoIntersection,Normal,Other,Autoroute A3l,M,49.2977580321335,6.298538982459862
201800049236,NonLethal,2018-06-15,17:05:00,Daylight,570,672,No,NoIntersection,Normal,NoCollision,Autoroute A31,M,49.3471295657719,6.348749312623988
201800049237,NonLethal,2018-06-21,09:00:00,Daylight,570,764,No,NoIntersection,Normal,3+Vehicles-Chain,Autoroute A.31,M,49.469123325269344,6.468084540738028
201800049238,NonLethal,2018-04-07,22:35:00,NightNoStreetLight,570,672,No,NoIntersection,Normal,2Vehicles-Behind,Autoroute A31,M,49.4017470783269,6.4023982873939085