AccidentId,Gravity,Date,Hour,Light,Department,Commune,InAgglomeration,IntersectionType,Weather,CollisionType,PostalAddress,GPSCode,Latitude,Longitude
201800049239,NonLethal,2018-07-07,15:30:00,Daylight,570,672,No,NoIntersection,Normal,3+Vehicles-Chain,Autoroute A31,M,49.3491355538437,6.350035410020262
201800049240,NonLethal,2018-07-08,03:15:00,NightNoStreetLight,570,751,No,NoIntersection,Normal,NoCollision,Autoroute A31,M,49.17178670817981,6.17156685087458
201800049241,NonLethal,2018-07-04,14:10:00,Daylight,570,672,No,NoIntersection,Normal,3+Vehicles-Multiple,Autoroute A31,M,49.34927062073972,6.348709906422268
201800049242,NonLethal,2018-07-20,16:30:00,Daylight,570,269,No,Other,Normal,NoCollision,Autoroute A31,M,49.29565786861447,6.2961236778935685
201800049243,NonLethal,2018-07-22,09:20:00,Daylight,570,474,No,NoIntersection,Normal,3+Vehicles-Chain,Autoroute A31,M,49.63144188000136,6.634061395696531
201800049244,NonLethal,2018-08-17,22:15:00,NightNoStreetLight,570,463,Yes,Other,Normal,NoCollision,Autoroute  A31,M,49.11286905262357,6.113430741977046
201800049245,NonLethal,2018-09-13,14:00:00,Daylight,570,463,No,NoIntersection,LightRain,Other,Autoroute A31,M,49.12563065717612,6.123610576635505
201800049246,NonLethal,2018-09-12,08:44:00,Daylight,570,582,No,NoIntersection,Normal,3+Vehicles-Chain,Autoroute A30,M,49.28207657766998,6.28357701269888
201800049247,NonLethal,2018-09-18,17:55:00,Daylight,570,498,No,NoIntersection,Normal,3+Vehicles-Chain,Autoroute A30,M,49.194588107866565,6.193535477205359
201800049248,NonLethal,2018-09-26,08:00:00,Daylight,570,463,No,NoIntersection,Normal,2Vehicles-Side,RN 431,M,49.10990215429579,6.1093295582588345
201800049249,NonLethal,2018-10-19,07:52:00,TwilightOrDawn,570,356,No,NoIntersection,Normal,3+Vehicles-Multiple,Autoroute A31,M,49.43369666796835,6.431965362010994
201800049250,NonLethal,2018-10-29,03:20:00,NightNoStreetLight,570,672,No,NoIntersection,LightRain,2Vehicles-Side,Autoroute A31,M,49.36657848948819,6.36593281620757
201800049251,NonLethal,2018-05-11,12:00:00,Daylight,570,463,No,NoIntersection,Normal,2Vehicles-Behind,Autoroute A31,M,49.129975910853695,6.128326218725928
201800049252,NonLethal,2018-11-12,20:00:00,NightNoStreetLight,570,194,No,NoIntersection,HeavyRain,2Vehicles-Behind,Autoroute A3l,M,49.42465064253365,6.422092440973869
201800049253,NonLethal,2018-11-16,22:40:00,NightNoStreetLight,570,303,No,NoIntersection,Normal,2Vehicles-Behind,Autoroute A31,M,49.19956324796481,6.198235965926269
201800049254,NonLethal,2018-11-23,17:30:00,NightNoStreetLight,570,672,No,NoIntersection,Normal,2Vehicles-Behind,Autoroute A31,M,49.359562047291845,6.362410577013483
201800049256,NonLethal,2018-12-12,01:10:00,NightNoStreetLight,570,480,No,NoIntersection,Overcast,Other,Autoroute A31,M,49.105597363559134,6.106184512672952
201800049258,NonLethal,2018-12-31,07:00:00,NightNoStreetLight,420,218,No,Other,Normal,Other,RN88,M,45.42187828057843,4.42019211510073
201800049259,NonLethal,2018-12-31,22:50:00,NightNoStreetLight,420,237,No,NoIntersection,LightRain,2Vehicles-Behind,A72,M,45.44782823797565,4.446930504760002
201800049260,NonLethal,2018-01-26,14:30:00,Daylight,690,228,No,NoIntersection,LightRain,2Vehicles-Side,A47,M,45.543484192318914,4.543749780752411
201800049261,NonLethal,2018-12-02,10:00:00,Daylight,420,207,No,NoIntersection,Overcast,2Vehicles-Side,A47,M,45.4788061921273,4.479327395987245
201800049262,NonLethal,2018-02-14,13:35:00,Daylight,420,307,No,NoIntersection,Normal,2Vehicles-Behind,A47,M,45.55097382563209,4.550995411571758
201800049263,NonLethal,2018-02-25,09:30:00,Daylight,420,97,No,NoIntersection,Normal,NoCollision,A72,M,45.48745959886398,4.4893559583798455
201800049264,NonLethal,2018-03-14,21:40:00,NightNoStreetLight,420,218,No,NoIntersection,Normal,Other,A72 -,M,45.44397315369772,4.443416679032947
201800049265,NonLethal,2018-12-03,19:20:00,NightNoStreetLight,420,97,No,NoIntersection,Normal,2Vehicles-Side,A.72,M,45.49464041667588,4.495023394139326
201800049268,NonLethal,2018-09-05,17:50:00,Daylight,420,218,No,NoIntersection,Normal,2Vehicles-Behind,RN88 -,M,45.43565924086288,4.435043072609825
201800049269,NonLethal,2018-05-06,20:00:00,TwilightOrDawn,420,307,No,NoIntersection,Normal,2Vehicles-Behind,A47,M,45.542418868347134,4.540503559030896
201800049270,NonLethal,2018-05-25,17:00:00,Daylight,420,83,No,NoIntersection,Normal,NoCollision,A47,M,45.551204475376295,4.5511138130095
201800049271,NonLethal,2018-05-18,14:35:00,Daylight,420,207,No,NoIntersection,Normal,2Vehicles-Side,A47 -,M,45.453888412397646,4.453238099189549
201800049272,NonLethal,2018-05-24,08:45:00,Daylight,420,123,No,NoIntersection,Normal,3+Vehicles-Chain,A47 -,M,45.50281233250656,4.503444195938517
201800049273,NonLethal,2018-05-28,13:30:00,Daylight,420,44,No,NoIntersection,LightRain,2Vehicles-Behind,RN88,M,45.39751543371899,4.397306757844841
201800049274,NonLethal,2018-05-18,00:10:00,NightNoStreetLight,420,218,No,NoIntersection,Normal,2Vehicles-Side,A72 -,M,45.45507466741303,4.45366212738657
201800049276,NonLethal,2018-06-26,17:45:00,Daylight,420,103,No,NoIntersection,Normal,2Vehicles-Behind,A47 -,M,45.49641090290833,4.496033397799748
201800049277,NonLethal,2018-06-26,20:00:00,Daylight,420,218,No,NoIntersection,Normal,Other,RN88 -,M,45.43504006420661,4.435625460299828
201800049278,NonLethal,2018-07-12,21:40:00,TwilightOrDawn,420,307,No,NoIntersection,Normal,2Vehicles-Behind,A47,M,45.5498265702342,4.549021256433256
201800049279,NonLethal,2018-07-07,22:40:00,NightNoStreetLight,420,218,No,NoIntersection,Normal,2Vehicles-Side,RN88 -,M,45.43316876147804,4.430472836889392
201800049281,NonLethal,2018-07-20,17:30:00,Daylight,420,44,No,NoIntersection,LightRain,2Vehicles-Side,RN88,M,45.39271175484662,4.392503403266787
201800049282,NonLethal,2018-08-10,16:20:00,Daylight,420,218,No,NoIntersection,Normal,NoCollision,A72,M,45.46418257006648,4.466565503236012
201800049284,NonLethal,2018-08-14,15:30:00,Daylight,420,237,No,NoIntersection,Normal,2Vehicles-Side,RN88 -,M,45.43988389122874,4.441109725947249
201800049285,Lethal,2018-09-14,06:05:00,NightNoStreetLight,420,207,No,NoIntersection,Normal,NoCollision,A47,M,45.4913980929334,4.492834744168693
201800049286,NonLethal,2018-09-26,17:50:00,Daylight,420,218,No,NoIntersection,Normal,3+Vehicles-Chain,RN88,M,45.43457383105379,4.43326453296378
201800049287,NonLethal,2018-06-10,13:50:00,Daylight,420,307,No,NoIntersection,Normal,2Vehicles-Behind,A47,M,45.54402777960018,4.542604809224858
201800049288,NonLethal,2018-10-16,16:40:00,Daylight,690,91,No,NoIntersection,Normal,2Vehicles-Side,A47,M,45.57462863485903,4.574128259076129
201800049289,NonLethal,2018-10-20,06:30:00,NightStreelightsOn,420,207,No,NoIntersection,Normal,Other,RN88 DECROISSANT,M,45.46278605376688,4.464262327305542
201800049290,NonLethal,2018-10-25,16:20:00,Daylight,420,186,No,NoIntersection,Normal,2Vehicles-Behind,A47,M,45.528757141741856,4.5298982454121495
201800049292,NonLethal,2018-12-10,18:40:00,Daylight,420,218,No,NoIntersection,Normal,2Vehicles-Behind,A72,M,45.45044552154141,4.450177870819664
201800049293,NonLethal,2018-11-14,18:20:00,NightNoStreetLight,420,5,No,NoIntersection,Normal,2Vehicles-Side,A72,M,45.53195720991143,4.531380963336621
201800049294,NonLethal,2018-11-25,23:35:00,NightNoStreetLight,420,110,No,NoIntersection,Normal,3+Vehicles-Chain,A47,M,45.49646751365495,4.497432139823067
201800049295,NonLethal,2018-12-07,18:00:00,NightNoStreetLight,420,330,No,NoIntersection,Normal,2Vehicles-Side,A72,M,45.47601797754341,4.476938444151954
201800049297,NonLethal,2018-12-16,01:45:00,NightNoStreetLight,420,186,No,NoIntersection,LightRain,2Vehicles-Behind,A47,M,45.53055535215378,4.531455555673531
201800049299,NonLethal,2018-01-01,06:00:00,NightStreelightsOn,690,382,No,NoIntersection,Normal,NoCollision,A6   455.000 A 455.875,M,45.75240890082402,4.753371490657675
201800049300,NonLethal,2018-12-29,17:05:00,NightNoStreetLight,690,382,No,NoIntersection,Normal,3+Vehicles-Chain,A6   455.000 A 455.614,M,45.74803956758969,4.750364280673292
201800049301,NonLethal,2018-01-03,07:30:00,TwilightOrDawn,690,199,No,NoIntersection,LightRain,2Vehicles-Behind,RD383   14.250 A 18.000,M,45.71059155869289,4.711669992023279
201800049302,NonLethal,2018-01-04,19:10:00,NightNoStreetLight,690,276,No,NoIntersection,Normal,3+Vehicles-Chain,BUS (RD301)   0.000 A 2.,M,45.6849551595716,4.686331447200741
201800049304,NonLethal,2018-11-01,13:45:00,Daylight,690,266,No,NoIntersection,Normal,3+Vehicles-Chain,RD383   3.750 A 7.640,M,45.75378467458422,4.752767002822945
201800049305,NonLethal,2018-01-13,03:10:00,NightStreelightsOff,690,199,No,NoIntersection,Normal,NoCollision,RD383   14.250 A 18.000,M,45.69327972878481,4.694082612983404
201800049306,NonLethal,2018-02-10,01:10:00,NightNoStreetLight,10,249,No,NoIntersection,HeavyRain,3+Vehicles-Chain,A42   6.290 A 8.310,M,45.48203963430751,4.482912094013884
201800049308,NonLethal,2018-01-19,21:50:00,NightStreelightsOn,690,29,No,NoIntersection,LightRain,Other,RD383   7.640 A 11.044,M,45.73757560391853,4.736297957377138
201800049309,NonLethal,2018-12-17,10:45:00,Daylight,10,275,No,NoIntersection,Normal,Other,A42  4.020 A 4.353   GEN,M,45.892129629403925,4.89332225876377
201800049310,NonLethal,2018-01-18,19:30:00,NightNoStreetLight,690,385,No,NoIntersection,LightRain,2Vehicles-Behind,A6   449.450 A 449.510,M,45.78186747931489,4.782747632131791
201800049311,NonLethal,2018-12-21,07:50:00,TwilightOrDawn,690,29,No,NoIntersection,Normal,2Vehicles-Behind,RD383   7.640 A 11.044,M,45.73799507944139,4.742500297398388
201800049312,NonLethal,2018-01-19,21:40:00,NightStreelightsOn,690,29,No,NoIntersection,LightRain,Other,RD383   7.640 A 11.044,M,45.73904216487068,4.735833076021531
201800049313,NonLethal,2018-01-14,20:00:00,NightNoStreetLight,690,29,No,NoIntersection,Normal,3+Vehicles-Chain,A43   0.550 A 3.353,M,45.72593745921444,4.728218903299813
201800049314,NonLethal,2018-01-23,08:35:00,Daylight,690,290,No,NoIntersection,Normal,3+Vehicles-Chain,A43   3.865 A 9.894,M,45.692374250776375,4.691705407531653
201800049315,NonLethal,2018-11-01,18:10:00,NightStreelightsOn,690,29,No,NoIntersection,Normal,2Vehicles-Behind,RD383   7.640 A 11.044,M,45.72015058078117,4.719654441471508
201800049317,NonLethal,2018-01-28,07:25:00,TwilightOrDawn,690,295,No,NoIntersection,Normal,NoCollision,A46S   53.980 A 57.400,M,,
201800049318,NonLethal,2018-02-01,14:35:00,Daylight,690,382,No,NoIntersection,Normal,2Vehicles-Behind,A7   0.000 A 2.278,M,45.73253714869478,4.730991838295512
201800049319,NonLethal,2018-02-01,14:20:00,Daylight,690,29,No,NoIntersection,Normal,3+Vehicles-Chain,RD383   7.640 A 11.044,M,45.74460653354444,4.744291058135032
201800049320,NonLethal,2018-01-29,19:00:00,TwilightOrDawn,690,290,No,NoIntersection,LightRain,2Vehicles-Behind,A43   3.865 A 9.894,M,45.70031166985176,4.699417684939942
201800049321,NonLethal,2018-04-02,18:55:00,NightNoStreetLight,690,283,No,NoIntersection,Normal,Other,A46S   43.680 A 47.880,M,45.67052427466419,4.6688064388691375
201800049322,Lethal,2018-02-05,21:45:00,NightNoStreetLight,690,91,No,NoIntersection,Normal,NoCollision,A47,M,,
201800049323,NonLethal,2018-02-04,03:05:00,NightStreelightsOn,690,152,No,NoIntersection,Normal,2Vehicles-Behind,A7   4.270 A 5.756,M,45.70273194068497,4.702069873152576
201800049324,NonLethal,2018-02-10,18:10:00,NightStreelightsOn,690,275,No,Other,Normal,3+Vehicles-Chain,RN346   29.300 A 34.350,M,,
201800049325,NonLethal,2018-01-28,00:01:00,NightNoStreetLight,690,117,No,NoIntersection,Normal,2Vehicles-Behind,A6   439.400 A 442.500,M,,
201800049327,NonLethal,2018-01-26,22:25:00,NightNoStreetLight,380,87,No,NoIntersection,LightRain,2Vehicles-Side,A7,M,45.58258830818391,4.582418749529837
201800049328,NonLethal,2018-01-29,21:10:00,NightStreelightsOn,690,163,No,NoIntersection,Normal,2Vehicles-Side,A46N   2.930 A 7.065,M,,
201800049329,NonLethal,2018-02-23,02:00:00,NightStreelightsOn,690,259,No,NoIntersection,Normal,2Vehicles-Behind,RD383   11.750 A 14.250,M,45.71883622561571,4.720804580049377
201800049330,NonLethal,2018-02-21,18:15:00,Daylight,690,199,No,NoIntersection,Normal,3+Vehicles-Chain,A7   7.000 A 8.630,M,45.68234514073903,4.683218825517256
201800049331,NonLethal,2018-02-23,20:25:00,NightNoStreetLight,690,199,No,NoIntersection,Normal,2Vehicles-Behind,RD383   14.250 A 18.000,M,45.69494641499857,4.697598906997836
201800049333,NonLethal,2018-01-25,07:30:00,TwilightOrDawn,10,49,No,Other,Normal,2Vehicles-Behind,A432N 9.125 A 9.900,M,45.84542599725176,5.846329066531768
201800049334,NonLethal,2018-02-26,09:10:00,Daylight,690,259,No,NoIntersection,Normal,3+Vehicles-Chain,BUS (RD301)  2.800 A 4.4,M,45.686913961517085,4.683859175819835
201800049335,NonLethal,2018-02-24,10:50:00,Daylight,690,259,Yes,NoIntersection,Normal,2Vehicles-Behind,RD383   11.750 A 14.250,M,45.71676478246792,4.717252819784074
201800049336,NonLethal,2018-02-25,07:45:00,TwilightOrDawn,690,276,No,Other,Normal,2Vehicles-Behind,A7   8.630 A 10.992,M,45.67282533646515,4.675738580390322
201800049338,NonLethal,2018-03-11,01:10:00,NightStreelightsOn,690,382,No,NoIntersection,Normal,2Vehicles-Side,A7   0.000 A 2.278,M,45.74170367841394,4.740123966415082
201800049339,NonLethal,2018-05-18,15:30:00,Daylight,380,87,No,NoIntersection,Normal,3+Vehicles-Chain,A7,M,45.57365194926171,4.573798215873007
201800049340,NonLethal,2018-02-18,14:20:00,Daylight,690,193,No,NoIntersection,Normal,2Vehicles-Side,A7   29.920 A 31.960,M,45.52243523375366,4.522432128167796
201800049341,NonLethal,2018-03-12,20:00:00,NightStreelightsOn,690,29,No,NoIntersection,Normal,2Vehicles-Behind,RD383   7.640 A 11.044,M,45.73984329990091,4.740636217713152
201800049342,Lethal,2018-03-15,07:40:00,Daylight,690,388,No,NoIntersection,Normal,3+Vehicles-Chain,BPNL,M,45.79274483003571,4.791721218968016
201800049344,NonLethal,2018-02-27,18:30:00,TwilightOrDawn,690,266,No,NoIntersection,Normal,2Vehicles-Side,RD383   3.750 A 7.640,M,45.7791119871107,4.776993019883983
201800049345,NonLethal,2018-03-10,05:15:00,NightStreelightsOn,690,276,No,NoIntersection,LightRain,2Vehicles-Behind,BUS (RD301)   0.000 A 2.,M,45.68345634198808,4.683847057353711
201800049347,NonLethal,2018-03-17,08:00:00,Daylight,690,29,No,NoIntersection,LightRain,NoCollision,RD383   7.640 A 11.044,M,45.72885569038803,4.7297297729962215
201800049348,NonLethal,2018-03-02,17:45:00,Daylight,10,275,No,NoIntersection,Normal,3+Vehicles-Chain,A46N 25.180 A 25.680,M,45.8076478518369,4.807043924055597
201800049349,NonLethal,2018-03-18,20:38:00,NightNoStreetLight,690,256,No,NoIntersection,Normal,2Vehicles-Behind,A42     0.560 A 4.020,M,45.79550615557192,4.796584975571898
201800049350,NonLethal,2018-03-09,15:05:00,Daylight,690,297,No,NoIntersection,Normal,3+Vehicles-Chain,A7   15.770 A 20.110,M,45.60144874593285,4.60090866997969
201800049351,NonLethal,2018-03-25,06:20:00,NightStreelightsOff,690,29,No,NoIntersection,Normal,Other,A43   0.550 A 3.353,M,45.72715319708101,4.727037018382655
201800049352,NonLethal,2018-07-03,20:00:00,NightStreelightsOn,690,275,No,NoIntersection,Normal,Other,RN346   29.300 A 34.350,M,45.77300684245841,4.774792230716422
201800049354,NonLethal,2018-03-29,07:11:00,NightStreelightsOn,690,34,No,NoIntersection,Other,2Vehicles-Behind,BPNL   37.781 A 41.124,M,45.78875418495048,4.788192981477827
201800049355,NonLethal,2018-03-28,10:15:00,Daylight,690,275,No,NoIntersection,Normal,2Vehicles-Side,RN346   29.300 A 34.350,M,45.778016314982274,4.775479459356237
201800049356,NonLethal,2018-03-31,09:00:00,Daylight,690,81,No,NoIntersection,Normal,2Vehicles-Behind,A6   449.510 A 451.640,M,45.778237205675474,4.780640135391379
201800049357,NonLethal,2018-04-04,19:10:00,Daylight,690,266,No,NoIntersection,HeavyRain,3+Vehicles-Chain,RD383 2.32l A 3.750,M,45.781462547491245,4.780555122236735
201800049358,NonLethal,2018-03-29,17:05:00,Daylight,690,275,No,NoIntersection,Normal,3+Vehicles-Chain,RN346   29.300 A 34.350,M,45.77770133636527,4.778029599523345
201800049359,NonLethal,2018-07-04,21:10:00,NightNoStreetLight,690,59,No,NoIntersection,Normal,Other,A46N 13.378 A 14.305,M,45.92743049995085,4.928646388450948
201800049360,NonLethal,2018-04-07,22:55:00,NightNoStreetLight,10,376,No,NoIntersection,Normal,2Vehicles-Behind,A42   8.310 A 9.500,M,45.81627911399421,4.818329384501873
201800049361,NonLethal,2018-04-09,16:30:00,Daylight,690,266,No,NoIntersection,Normal,3+Vehicles-Multiple,RD383   3.750 A 7.640,M,45.75639897960864,4.757841468412902
201800049362,NonLethal,2018-03-27,08:00:00,Daylight,690,290,No,NoIntersection,Normal,3+Vehicles-Chain,A43   3.865 A 9.894,M,45.693713262881126,4.6949351744858525
201800049363,NonLethal,2018-01-21,07:30:00,NightNoStreetLight,690,297,No,NoIntersection,Normal,Other,A7   15.770 A 20.110,M,45.60037698444688,4.598509721645494
201800049364,NonLethal,2018-04-20,17:30:00,Daylight,690,152,No,NoIntersection,Normal,2Vehicles-Behind,A450   0.000 A 1.090,M,45.693033908099416,4.694819389898652
201800049365,NonLethal,2018-04-21,02:10:00,NightStreelightsOn,690,142,No,NoIntersection,Normal,3+Vehicles-Multiple,A7   2.278 A 3.690,M,45.721521522342215,4.723296748187372
201800049366,NonLethal,2018-04-18,09:00:00,Daylight,690,382,No,NoIntersection,Normal,2Vehicles-Behind,A7   0.000 A 2.278,M,45.74435466104676,4.746602583553143
201800049367,NonLethal,2018-02-04,21:20:00,NightNoStreetLight,690,116,No,Other,Normal,Other,A6   442.500 A 445.030,M,45.824870273383134,4.827020049457431
201800049370,Lethal,2018-04-26,10:09:00,Daylight,690,297,No,NoIntersection,Normal,3+Vehicles-Chain,A7   15.770 A 20.110,M,45.59259450060517,4.591209973169158
201800049371,NonLethal,2018-04-27,18:00:00,Daylight,690,266,No,NoIntersection,Normal,3+Vehicles-Multiple,BPNL,M,45.79123735661833,4.790630639578243
201800049372,NonLethal,2018-04-25,15:45:00,Daylight,690,59,No,NoIntersection,Normal,2Vehicles-Behind,A46N   11.650 A 12.680,M,45.90754755133942,4.90863494800507
201800049373,NonLethal,2018-04-25,19:10:00,Daylight,690,382,No,NoIntersection,Normal,3+Vehicles-Chain,A6   455.000 A 455.614,M,45.75165878063397,4.752306911662192
201800049374,NonLethal,2018-04-30,18:15:00,Daylight,690,29,No,NoIntersection,Normal,3+Vehicles-Chain,A43   0.550 A 3.353,M,45.72750666965872,4.725151763494803
201800049375,NonLethal,2018-04-18,06:10:00,TwilightOrDawn,690,270,No,NoIntersection,Normal,Other,A46S   47.880 A 49.160,M,45.650595151739545,4.650850298776929
201800049376,NonLethal,2018-04-19,07:15:00,TwilightOrDawn,690,385,No,NoIntersection,Normal,3+Vehicles-Chain,A6   453.400 A 455.000,M,45.75089916442094,4.750901098483602
201800049377,NonLethal,2018-08-05,11:10:00,Daylight,690,295,No,NoIntersection,Normal,Other,A46S   53.980 A 57.400,M,45.61124024551512,4.60968351299737
201800049379,NonLethal,2018-05-16,13:50:00,Daylight,690,29,No,NoIntersection,Normal,3+Vehicles-Chain,A43   0.550 A 3.353,M,45.72016870867056,4.719820274309037
201800049380,NonLethal,2018-05-06,19:35:00,Daylight,690,288,No,NoIntersection,Normal,NoCollision,A43   13.029 A 15.971,M,45.66797903652573,5.6681369197023885
201800049381,NonLethal,2018-05-20,02:10:00,NightNoStreetLight,690,294,No,NoIntersection,Normal,2Vehicles-Behind,A7   13.970 A 15.270,M,,
201800049382,NonLethal,2018-05-20,16:45:00,Daylight,690,34,No,NoIntersection,Normal,2Vehicles-Behind,BPNL   37.781 A 41.124,M,45.78621443788973,4.788186662995887
201800049384,NonLethal,2018-05-30,20:25:00,TwilightOrDawn,690,286,No,NoIntersection,LightRain,Other,A46N   N/S  25.680 A 25.,M,45.806974281204575,4.804269266915416
201800049386,Lethal,2018-05-31,18:10:00,Daylight,690,27,No,NoIntersection,Normal,3+Vehicles-Multiple,A450   5.100 A 7.285,M,45.6629607484675,4.663505902970947
201800049387,NonLethal,2018-05-23,21:55:00,NightNoStreetLight,380,184,No,NoIntersection,Normal,2Vehicles-Behind,A43,M,45.66593841391956,5.666023164039644
201800049388,NonLethal,2018-06-03,15:00:00,Daylight,690,281,No,NoIntersection,Normal,3+Vehicles-Chain,A46S   49.160 A 53.980,M,45.60488799792267,4.604634663406338
201800049390,NonLethal,2018-11-06,00:20:00,NightNoStreetLight,690,116,No,NoIntersection,Normal,Other,A89 543.943 A 544.593 CL,M,45.837887232052175,4.835828403206016
201800049394,NonLethal,2018-06-21,12:40:00,Daylight,690,281,No,NoIntersection,Normal,NoCollision,A46S   49.160 A 53.980,M,45.62241325564471,4.622703291119507
201800049395,NonLethal,2018-06-21,13:00:00,Daylight,690,295,No,NoIntersection,Normal,Other,A46S   53.98O A 57.4OO,M,45.61646037936092,4.613704262291298
201800049396,NonLethal,2018-06-23,16:30:00,Daylight,690,285,No,NoIntersection,Normal,Other,RD3O2   6.35O A 7.48O,M,45.765173005442186,5.765912727990552
201800049397,NonLethal,2018-06-22,14:00:00,Daylight,690,142,No,NoIntersection,Normal,2Vehicles-Side,A7   2.278 A 3.690,M,45.73005656662446,4.729562652669814
201800049399,NonLethal,2018-06-29,21:00:00,Daylight,690,152,No,NoIntersection,Normal,3+Vehicles-Chain,A7  005.756  A  007.000,M,45.70633933466454,4.7062170177382345
201800049400,NonLethal,2018-06-26,06:45:00,Daylight,690,266,No,NoIntersection,Normal,2Vehicles-Behind,RD383   3.750 A 7.640,M,45.76374304762219,4.7630430953120735
201800049403,NonLethal,2018-07-04,18:10:00,Daylight,690,272,No,NoIntersection,Normal,NoCollision,A46S   57.400 A 61.010,M,45.5943353516971,4.591644297647005
201800049404,NonLethal,2018-07-08,14:40:00,Daylight,690,297,No,NoIntersection,Normal,Other,A47   0.000  A 1.657,M,45.5877706957206,4.587142595220212
201800049405,NonLethal,2018-06-10,17:45:00,Daylight,690,81,No,NoIntersection,Normal,3+Vehicles-Multiple,A6   449.510 A 451.640,M,45.77596332537167,4.774956931871509
201800049408,NonLethal,2018-07-13,16:30:00,Daylight,690,295,No,NoIntersection,Normal,3+Vehicles-Chain,A46S   53.980 A 57.400,M,45.59055246857518,4.591635817834444
201800049409,NonLethal,2018-07-11,15:14:00,Daylight,690,290,No,NoIntersection,Normal,2Vehicles-Side,A46S   40.883 A 43.680,M,45.69442713367141,4.696283768310948
201800049410,NonLethal,2018-07-14,11:05:00,Daylight,690,55,No,NoIntersection,Normal,NoCollision,A6   435.100 A 437.840,M,48.86297965555991,2.863444086077841
201800049411,NonLethal,2018-07-19,14:30:00,Daylight,690,266,No,NoIntersection,Normal,2Vehicles-Side,RD383 2.321 A 3.750,M,45.78644006269492,4.786970776608578
201800049413,NonLethal,2018-07-23,14:35:00,Daylight,690,266,No,NoIntersection,Normal,3+Vehicles-Chain,RD383   3.750 A 7.640,M,45.77711148649736,4.778952017047558
201800049414,NonLethal,2018-07-25,05:10:00,NightStreelightsOff,10,275,No,NoIntersection,Normal,2Vehicles-Behind,A42   4.353 A 5.760   GE,M,45.81073905727178,4.807113085691461
201800049415,NonLethal,2018-07-28,23:08:00,NightNoStreetLight,380,544,No,NoIntersection,Normal,2Vehicles-Behind,N7,M,45.504145847833584,4.503660812903063
201800049416,NonLethal,2018-07-29,04:05:00,NightNoStreetLight,690,72,No,NoIntersection,Normal,2Vehicles-Behind,A6   445.323 A 447.390,M,45.82134754487537,4.820235205781209
201800049418,NonLethal,2018-07-27,14:20:00,Daylight,690,271,No,NoIntersection,Normal,NoCollision,RN346   34.850 A 36.215,M,45.753598208737614,4.753374918849262
201800049419,NonLethal,2018-07-26,17:30:00,Daylight,690,283,No,NoIntersection,Normal,3+Vehicles-Chain,A46S   43.680 A 47.880,M,45.67161159337525,4.671519383564913
201800049420,NonLethal,2018-08-01,16:00:00,Daylight,690,81,No,NoIntersection,Normal,2Vehicles-Behind,A6   449.510 A 451.640,M,45.77629485414615,4.7776150663923005
201800049421,NonLethal,2018-07-26,09:40:00,Daylight,690,152,No,NoIntersection,Normal,3+Vehicles-Multiple,A7   4.270 A 5.756,M,45.70542128274954,4.704994748944368
201800049422,NonLethal,2018-07-26,17:40:00,Daylight,690,276,No,NoIntersection,Normal,3+Vehicles-Chain,BUS (RD301)   0.000 A 2.,M,45.68390634648979,4.683715897621361
201800049423,NonLethal,2018-05-08,13:25:00,Daylight,690,115,No,NoIntersection,Normal,2Vehicles-Behind,A6   427.300 A 428.640,M,45.97203737018568,4.9726165678494745
201800049424,NonLethal,2018-07-23,02:10:00,NightNoStreetLight,380,87,No,NoIntersection,Normal,Other,A7   20.110 A 22.950,M,45.57630782260981,4.57544051511096
201800049425,NonLethal,2018-11-08,03:35:00,NightNoStreetLight,690,199,No,NoIntersection,Normal,3+Vehicles-Multiple,A7   7.000 A 8.630,M,45.68988841672783,4.688543392027893
201800049426,NonLethal,2018-07-11,10:25:00,Daylight,690,290,No,NoIntersection,Normal,2Vehicles-Behind,RN346   38.960 A 40.883,M,45.71319291381961,4.712002966136206
201800049427,NonLethal,2018-08-15,03:00:00,NightNoStreetLight,690,199,No,NoIntersection,Normal,Other,A7   7.000 A 8.630,M,45.69450994124563,4.694319179102804
201800049428,NonLethal,2018-08-16,03:00:00,NightNoStreetLight,690,295,No,NoIntersection,Normal,2Vehicles-Behind,A46S   53.980 A 57.400,M,45.606800609090335,4.606872733048562
201800049429,NonLethal,2018-06-17,17:34:00,Daylight,10,275,No,Other,Normal,2Vehicles-Behind,A42   4.353 A 5.760   GE,M,45.81282694207762,4.814092117874536
201800049430,NonLethal,2018-08-17,13:39:00,Daylight,690,199,No,NoIntersection,Normal,3+Vehicles-Multiple,RD383   14.250 A 18.000,M,45.69987085048043,4.699587028188709