AccidentId,Gravity,Date,Hour,Light,Department,Commune,InAgglomeration,IntersectionType,Weather,CollisionType,PostalAddress,GPSCode,Latitude,Longitude
201800049431,NonLethal,2018-08-17,18:00:00,Daylight,690,193,No,NoIntersection,Normal,2Vehicles-Side,A7   29.920 A 31.960,M,45.50700816500501,4.50963534213866
201800049432,NonLethal,2018-08-23,03:00:00,NightStreelightsOff,690,283,No,NoIntersection,Normal,Other,A46S   43.680 A 47.880,M,45.67299960645895,4.673103818222099
201800049433,NonLethal,2018-08-25,01:30:00,NightNoStreetLight,690,282,No,NoIntersection,Normal,Other,RD302   0.400 A 4.620,M,45.75029625704483,5.750795790774707
201800049434,NonLethal,2018-08-26,08:30:00,Daylight,690,389,No,NoIntersection,Normal,2Vehicles-Behind,A6   451.790 A 453.400,M,45.76322906108178,4.763689232515634
201800049435,NonLethal,2018-07-31,12:30:00,Daylight,690,29,No,Other,Normal,2Vehicles-Side,A43   0.550 A 3.353,M,45.72670830743063,4.726276508252965
201800049436,NonLethal,2018-08-31,19:00:00,TwilightOrDawn,690,290,No,NoIntersection,Normal,2Vehicles-Behind,A46S   40.883 A 43.680,M,45.7012328678905,4.7011866209518
201800049437,NonLethal,2018-01-09,05:00:00,NightNoStreetLight,690,296,No,NoIntersection,Normal,2Vehicles-Behind,A7   10.992 A 13.970,M,45.63663855332823,4.636586664537766
201800049438,NonLethal,2018-08-22,07:40:00,Daylight,690,259,No,NoIntersection,Normal,3+Vehicles-Multiple,RD383   11.750 A 14.250,M,45.71996176436389,4.718758597651244
201800049439,NonLethal,2018-08-09,21:35:00,NightStreelightsOn,690,389,No,NoIntersection,Normal,3+Vehicles-Chain,BPNL   36.3l8 A 37.78l,M,45.7940081335984,4.793502318726769
201800049440,NonLethal,2018-12-09,07:30:00,TwilightOrDawn,690,266,No,NoIntersection,Normal,3+Vehicles-Chain,RD383   3.750 A 7.640,M,45.75608262871776,4.753896681691579
201800049441,NonLethal,2018-07-20,22:16:00,NightNoStreetLight,690,193,No,NoIntersection,LightRain,2Vehicles-Behind,A7   29.920 A 31.960,M,,
201800049442,NonLethal,2018-09-14,18:05:00,Daylight,690,286,No,NoIntersection,Normal,3+Vehicles-Chain,A46N   N/S  25.680 A 25.,M,45.80780634550756,4.807436914528669
201800049443,NonLethal,2018-10-09,07:45:00,Daylight,690,271,No,NoIntersection,Normal,3+Vehicles-Chain,RN346   34.850 A 36.215,M,45.73555409308557,4.736323684997762
201800049444,NonLethal,2018-09-13,14:50:00,Daylight,690,266,No,NoIntersection,Normal,3+Vehicles-Chain,RD383   3.750 A 7.640,M,45.76923916395391,4.766934230349289
201800049445,NonLethal,2018-09-20,21:00:00,NightNoStreetLight,690,152,No,NoIntersection,Normal,2Vehicles-Behind,A7   4.270 A 5.756,M,45.70070061272811,4.702689494964195
201800049446,NonLethal,2018-09-23,11:30:00,Daylight,10,275,No,NoIntersection,Normal,NoCollision,A42 4.329 A 5.760   LYON,M,45.80764644616036,4.805374239412019
201800049448,NonLethal,2018-09-27,03:10:00,NightNoStreetLight,690,276,No,NoIntersection,Normal,2Vehicles-Side,A7   8.630 A 10.992,M,45.67637435580736,4.676520920827813
201800049449,NonLethal,2018-09-30,07:10:00,NightNoStreetLight,690,290,No,NoIntersection,Normal,2Vehicles-Behind,RN346   38.960 A 40.883,M,45.71247344828215,4.711731048638885
201800049450,NonLethal,2018-03-10,14:20:00,Daylight,690,34,No,NoIntersection,Normal,2Vehicles-Behind,BPNL   37.781 A 41.124,M,45.78830918793192,4.787892249777146
201800049451,NonLethal,2018-09-30,09:20:00,Daylight,690,382,No,NoIntersection,Normal,3+Vehicles-Chain,A7   0.000 A 2.278,M,45.73710219503084,4.737184261986265
201800049452,NonLethal,2018-04-10,17:30:00,Daylight,690,266,No,NoIntersection,Normal,2Vehicles-Behind,RD383   3.750 A 7.640,M,45.75734250493331,4.760084929414339
201800049453,NonLethal,2018-07-08,18:00:00,Daylight,380,544,Yes,Other,Normal,2Vehicles-Behind,RD1407   0.000 A 2.331,M,45.53587399016568,4.5366821152083086
201800049454,NonLethal,2018-04-10,18:00:00,Daylight,690,199,No,NoIntersection,Normal,3+Vehicles-Multiple,RD383   14.250 A 18.000,M,45.69646489500373,4.700493178037073
201800049455,NonLethal,2018-10-06,02:30:00,NightNoStreetLight,10,249,No,NoIntersection,Normal,Other,A42   6.290 A 8.310,M,45.81417058322406,4.813898537823625
201800049456,NonLethal,2018-10-06,20:55:00,NightStreelightsOn,690,389,No,Other,Normal,2Vehicles-Behind,A6   451.790 A 453.400,M,45.76289728552599,4.762739651984745
201800049457,NonLethal,2018-10-05,17:40:00,Daylight,10,275,No,NoIntersection,Normal,3+Vehicles-Chain,A46N 25.180 A 25.680,M,45.80759254204409,4.80520709490571
201800049458,NonLethal,2018-10-07,13:25:00,Daylight,690,281,No,NoIntersection,Overcast,NoCollision,A46S   49.160 A 53.980,M,45.61938070667023,4.6210947848164725
201800049459,NonLethal,2018-10-10,15:45:00,Daylight,690,287,No,NoIntersection,Normal,2Vehicles-Behind,A43   9.894 A 13.O29,M,45.68205809853521,5.681035647411082
201800049460,NonLethal,2018-09-18,08:30:00,Daylight,690,199,No,Other,Normal,2Vehicles-Side,RD383   14.25O A 18.OOO,M,45.71523655137721,4.715848064755704
201800049461,NonLethal,2018-10-11,09:00:00,Daylight,690,259,No,NoIntersection,Normal,2Vehicles-Behind,BUS (RD301)  2.800 A 4.4,M,45.68543710938876,4.683683992121665
201800049462,NonLethal,2018-10-11,09:50:00,Daylight,690,273,No,Other,Normal,3+Vehicles-Chain,BUS (RD301)   4.470 A 7.,M,45.686100355830696,4.6862600036215065
201800049463,NonLethal,2018-12-10,14:30:00,Daylight,690,33,No,NoIntersection,Normal,2Vehicles-Behind,A46N   17.210 A 18.490,M,45.866699694168055,4.86734521773135
201800049464,NonLethal,2018-09-23,03:08:00,NightStreelightsOff,690,382,No,NoIntersection,Normal,2Vehicles-Behind,A6   455.000 A 455.614,M,45.75053233623307,4.753058958968387
201800049465,NonLethal,2018-10-15,20:54:00,NightNoStreetLight,690,116,No,NoIntersection,Normal,3+Vehicles-Chain,A6   447.390 A 447.520,M,45.80325626359536,4.803115309603242
201800049466,NonLethal,2018-10-16,03:30:00,NightNoStreetLight,690,286,No,NoIntersection,Normal,2Vehicles-Side,A46N   l9.955 A 25.l80,M,45.850721110295886,4.851478078142381
201800049467,NonLethal,2018-10-17,16:19:00,Daylight,690,277,No,NoIntersection,Normal,Other,RN346   36.215 A 38.000,M,45.73871249046444,4.739857045961704
201800049469,NonLethal,2018-10-18,06:20:00,NightStreelightsOn,690,199,No,NoIntersection,Normal,Other,A7   7.000 A 8.630,M,45.68205653406813,4.681031090737917
201800049470,NonLethal,2018-10-18,10:20:00,Daylight,690,389,No,NoIntersection,Normal,3+Vehicles-Chain,A6   451.790 A 453.400,M,45.7652311934993,4.765491958506021
201800049471,NonLethal,2018-12-10,14:40:00,Daylight,690,297,No,NoIntersection,Normal,2Vehicles-Side,A47   0.000  A 1.657,M,45.5866967864743,4.588737669399621
201800049472,NonLethal,2018-10-19,20:25:00,NightNoStreetLight,690,199,No,NoIntersection,Normal,NoCollision,A7   7.000 A 8.630,M,45.69313257458958,4.694639886778076
201800049473,NonLethal,2018-10-21,12:30:00,Daylight,690,199,No,NoIntersection,Normal,2Vehicles-Side,RD383   14.250 A 18.000,M,45.71484452680837,4.715944123345176
201800049474,NonLethal,2018-06-18,19:15:00,Daylight,10,275,No,NoIntersection,Normal,3+Vehicles-Chain,A42 4.329 A 5.760   LYON,M,45.80130562999785,4.799085530338158
201800049476,NonLethal,2018-10-23,12:50:00,Daylight,690,297,No,NoIntersection,Normal,2Vehicles-Side,A47   0.000  A 1.657,M,45.58813213868264,4.587269246199188
201800049477,NonLethal,2018-10-19,09:15:00,Daylight,690,259,No,NoIntersection,Normal,3+Vehicles-Chain,RD383   11.750 A 14.250,M,45.71880677311647,4.718830368164117
201800049478,NonLethal,2018-10-21,19:45:00,NightNoStreetLight,10,275,No,NoIntersection,Normal,2Vehicles-Behind,A42   4.353 A 5.760   GE,M,45.80972728295761,4.812397935766161
201800049479,NonLethal,2018-10-26,19:15:00,NightNoStreetLight,690,290,No,NoIntersection,Normal,3+Vehicles-Chain,A43   3.865 A 9.894,M,45.70627234210219,4.707416441020083
201800049480,NonLethal,2018-10-26,20:40:00,NightNoStreetLight,690,296,No,NoIntersection,LightRain,2Vehicles-Behind,A7   10.992 A 13.970,M,45.65889451092769,4.66000203051105
201800049481,NonLethal,2018-03-27,14:40:00,Daylight,380,557,No,NoIntersection,Normal,2Vehicles-Behind,RD302   7.480 A 8.200,M,45.7661626177667,5.76725402544136
201800049482,NonLethal,2018-10-27,04:45:00,NightStreelightsOff,690,152,No,NoIntersection,LightRain,3+Vehicles-Multiple,A7  005.756  A  007.000,M,45.69862213150661,4.69845988320675
201800049483,NonLethal,2018-10-19,15:55:00,Daylight,690,266,No,NoIntersection,Normal,3+Vehicles-Chain,RD383   3.750 A 7.640,M,45.7496495706276,4.750113102839194
201800049484,NonLethal,2018-11-04,03:40:00,NightStreelightsOff,690,29,No,NoIntersection,LightRain,Other,RD383   7.640 A 11.044,M,45.74766191485946,4.746916349323803
201800049486,NonLethal,2018-10-26,17:00:00,Daylight,690,290,No,NoIntersection,Normal,2Vehicles-Side,RN346   38.960 A 40.883,M,45.70681629438778,4.706096206422902
201800049487,NonLethal,2018-10-11,13:15:00,Daylight,690,276,No,NoIntersection,Normal,Other,BUS (RD301)   0.000 A 2.,M,45.67944805089727,4.6786612950070365
201800049489,NonLethal,2018-11-12,18:40:00,NightNoStreetLight,690,271,No,NoIntersection,Normal,2Vehicles-Behind,RN346   34.850 A 36.215,M,45.728395932248006,4.728848287406371
201800049490,NonLethal,2018-11-16,03:15:00,NightStreelightsOn,690,382,No,NoIntersection,Normal,2Vehicles-Behind,A6   455.000 A 455.614,M,45.75270510360095,4.753609255138078
201800049493,NonLethal,2018-11-17,09:30:00,Daylight,380,544,No,NoIntersection,LightRain,2Vehicles-Behind,A7   25.770 A 27.460,M,45.54578569416497,4.542846566419734
201800049494,NonLethal,2018-10-17,11:10:00,Daylight,690,29,No,Other,Normal,2Vehicles-Side,RD383   7.640 A 11.044,M,45.723086673968496,4.726126119832791
201800049496,NonLethal,2018-07-20,16:20:00,Daylight,690,290,No,NoIntersection,Normal,3+Vehicles-Chain,A43   3.865 A 9.894,M,45.69834228155332,4.699020899373774
201800049498,NonLethal,2018-11-27,19:30:00,NightNoStreetLight,690,275,No,NoIntersection,Normal,2Vehicles-Behind,RN346   29.300 A 34.350,M,45.7656015346113,4.766150829887286
201800049499,NonLethal,2018-11-26,19:20:00,NightStreelightsOn,690,29,No,NoIntersection,LightRain,3+Vehicles-Chain,RD383   7.640 A 11.044,M,45.7330860920729,4.734139646380105
201800049501,Lethal,2018-12-02,01:30:00,NightStreelightsOn,690,29,No,NoIntersection,LightRain,2Vehicles-Behind,RD383   7.640 A 11.044,M,45.74675122941459,4.744836801799657
201800049502,NonLethal,2018-02-12,01:45:00,NightNoStreetLight,690,275,No,NoIntersection,LightRain,2Vehicles-Behind,RN346   29.300 A 34.350,M,45.75738225118744,4.75548116478103
201800049503,NonLethal,2018-12-01,17:25:00,NightNoStreetLight,690,276,No,NoIntersection,Normal,2Vehicles-Side,A7   8.630 A 10.992,M,45.67168099496374,4.671120256713936
201800049504,NonLethal,2018-03-12,10:50:00,Daylight,380,544,Yes,NoIntersection,Normal,2Vehicles-Behind,RN7   5.180 A 10.000,M,45.5344066385117,4.5353254545729005
201800049505,NonLethal,2018-05-12,12:40:00,Daylight,690,91,No,NoIntersection,Normal,2Vehicles-Behind,A47   1.657 A 1.809,M,45.59044407908437,4.589043357615757
201800049506,NonLethal,2018-12-06,07:30:00,NightNoStreetLight,690,283,No,Other,LightRain,2Vehicles-Side,A46S   43.680 A 47.880,M,45.66070736580431,4.659333450044168
201800049508,NonLethal,2018-12-11,17:55:00,TwilightOrDawn,690,271,No,NoIntersection,Normal,2Vehicles-Side,RN346   34.850 A 36.215,M,45.74918237224784,4.750239882117496
201800049509,NonLethal,2018-12-04,13:20:00,Daylight,690,275,No,NoIntersection,Normal,3+Vehicles-Multiple,RN346   29.3OO A 34.35O,M,45.78617190220335,4.784583464360907
201800049510,NonLethal,2018-12-13,05:45:00,NightStreelightsOn,690,29,No,NoIntersection,Normal,2Vehicles-Behind,RD383   7.640 A 11.044,M,45.7507211908333,4.747959832686576
201800049511,NonLethal,2018-12-14,06:05:00,NightNoStreetLight,690,286,No,NoIntersection,Normal,2Vehicles-Behind,A46N   19.955 A 25.180,M,45.84473397027556,4.845769794914642
201800049512,NonLethal,2018-12-16,04:10:00,NightNoStreetLight,10,275,No,Other,HeavyRain,Other,A42  4.020 A 4.353   GEN,M,,
201800049513,NonLethal,2018-12-16,14:05:00,Daylight,690,266,No,NoIntersection,Normal,2Vehicles-Behind,RD383   3.750 A 7.640,M,45.75346619973119,4.752824518597535
201800049514,NonLethal,2018-12-17,14:00:00,Daylight,690,199,No,NoIntersection,LightRain,2Vehicles-Side,RD383   14.250 A 18.000,M,45.70186151559181,4.701834369583209
201800049515,NonLethal,2018-12-15,15:30:00,Daylight,690,382,No,NoIntersection,Normal,3+Vehicles-Chain,A7   0.000 A 2.278,M,45.74659613593387,4.7460877800053165
201800049516,NonLethal,2018-10-12,01:50:00,NightNoStreetLight,690,256,No,NoIntersection,HeavyRain,Other,A42     0.560 A 4.020,M,45.80310481446373,4.805349885331314
201800049518,NonLethal,2018-12-13,13:13:00,Daylight,690,389,No,NoIntersection,Normal,Other,BPNL   34.6l4 A 36.285,M,45.78562969958809,4.786377900848921
201800049523,NonLethal,2018-12-31,23:45:00,NightStreelightsOn,830,137,No,NoIntersection,Normal,Other,A57,M,43.11963935379577,5.120466550481377
201800049524,NonLethal,2018-08-01,12:20:00,Daylight,830,144,No,NoIntersection,HeavyRain,2Vehicles-Behind,A57,M,43.13430014557781,5.133983531023681
201800049525,NonLethal,2018-08-01,15:45:00,Daylight,830,35,No,NoIntersection,HeavyRain,Other,A50,M,43.16239592430451,5.161587541973766
201800049526,NonLethal,2018-10-01,18:00:00,NightNoStreetLight,830,144,No,NoIntersection,Normal,3+Vehicles-Multiple,A57,M,43.133869597569145,5.133829088377424
201800049527,NonLethal,2018-01-15,13:45:00,Daylight,830,137,No,NoIntersection,Normal,2Vehicles-Side,A57,M,43.12143287849376,5.122093446856487
201800049529,NonLethal,2018-01-20,04:45:00,NightStreelightsOn,830,137,No,NoIntersection,Normal,Other,A50 TUNNEL TUBE NORD,M,43.12109051346052,5.120502712041479
201800049530,NonLethal,2018-01-23,18:15:00,NightNoStreetLight,830,144,No,NoIntersection,Normal,2Vehicles-Side,A57,M,43.13190440712072,5.134782696360906
201800049531,NonLethal,2018-01-26,06:20:00,NightNoStreetLight,830,69,No,NoIntersection,Normal,2Vehicles-Behind,RN98,M,43.123466955972425,6.122612273224283
201800049532,NonLethal,2018-01-28,01:20:00,NightNoStreetLight,830,27,No,NoIntersection,Normal,2Vehicles-Behind,A50,M,43.17708425627888,5.178390310579019
201800049533,NonLethal,2018-01-30,20:30:00,NightNoStreetLight,830,62,No,NoIntersection,Normal,Other,A570,M,43.141027327708535,6.144312982281603
201800049534,NonLethal,2018-02-14,18:40:00,TwilightOrDawn,830,69,No,NoIntersection,Normal,3+Vehicles-Chain,RN98,M,43.12482883544018,6.122530809184738
201800049535,NonLethal,2018-02-15,08:05:00,Daylight,830,137,No,NoIntersection,LightRain,3+Vehicles-Multiple,A57,M,43.11995016685928,5.123723190964669
201800049536,NonLethal,2018-02-16,17:15:00,Daylight,830,144,No,NoIntersection,Normal,3+Vehicles-Chain,A57,M,43.13278928009046,5.132818338071644
201800049538,NonLethal,2018-02-22,18:50:00,NightNoStreetLight,830,144,No,NoIntersection,LightRain,3+Vehicles-Chain,A57,M,43.1346805653688,5.13371819228811
201800049539,NonLethal,2018-03-02,18:00:00,Daylight,830,144,No,NoIntersection,Normal,2Vehicles-Behind,A57,M,43.13528644935629,5.133551113462741
201800049540,NonLethal,2018-03-03,17:46:00,Daylight,130,28,No,NoIntersection,Normal,Other,A50,M,,
201800049541,NonLethal,2018-04-03,13:38:00,Daylight,830,27,No,NoIntersection,LightRain,2Vehicles-Behind,A50,M,43.17758365156709,6.177405476879191
201800049542,NonLethal,2018-03-08,06:56:00,TwilightOrDawn,830,137,No,NoIntersection,Normal,Other,A57,M,43.12054047950508,5.121154849833269
201800049543,NonLethal,2018-03-13,13:48:00,Daylight,830,137,No,NoIntersection,Normal,3+Vehicles-Chain,A57,M,43.12047669300143,5.122111597223564
201800049544,NonLethal,2018-03-14,14:35:00,Daylight,830,144,No,NoIntersection,Normal,2Vehicles-Behind,A57,M,43.13432940942765,5.134233374635501
201800049545,NonLethal,2018-03-15,08:00:00,Daylight,130,28,No,NoIntersection,HeavyRain,Other,A 50,M,43.191781472652096,5.192153813684494
201800049547,NonLethal,2018-03-18,05:40:00,TwilightOrDawn,830,144,No,NoIntersection,Normal,2Vehicles-Side,A57,M,43.134229025419856,5.132796420533162
201800049548,NonLethal,2018-03-20,08:10:00,Daylight,830,144,No,NoIntersection,Normal,2Vehicles-Side,A57,M,43.1333946121196,5.1321005360347245
201800049549,NonLethal,2018-03-21,12:50:00,Daylight,830,137,No,NoIntersection,Normal,2Vehicles-Behind,A50,M,43.12054689422445,5.120768042607463
201800049550,NonLethal,2018-03-23,17:10:00,Daylight,830,144,No,NoIntersection,Normal,3+Vehicles-Chain,A57,M,43.1424247518803,6.144829295470216
201800049551,NonLethal,2018-03-23,20:10:00,NightNoStreetLight,830,90,No,NoIntersection,Normal,Other,A50,M,43.125512149990016,5.129514349045541
201800049552,NonLethal,2018-03-23,20:10:00,NightNoStreetLight,830,137,No,NoIntersection,Normal,2Vehicles-Behind,A50,M,43.12524163747911,5.124488827333496
201800049553,NonLethal,2018-03-24,00:20:00,NightNoStreetLight,830,62,No,NoIntersection,Normal,NoCollision,A57,M,43.14279538283965,6.143257280863639
201800049554,NonLethal,2018-03-27,00:15:00,NightStreelightsOn,830,137,No,NoIntersection,Normal,2Vehicles-Side,Accs A57 Benot Malon T,M,43.1210785838076,5.121919514022896
201800049555,NonLethal,2018-03-28,12:15:00,Daylight,830,144,No,NoIntersection,Normal,3+Vehicles-Chain,A57,M,43.13365797192112,5.1325389640736345
201800049556,NonLethal,2018-03-31,01:15:00,NightNoStreetLight,830,90,No,NoIntersection,Normal,Other,A50,M,43.12834267107916,5.124684732703422
201800049557,NonLethal,2018-04-04,17:25:00,Daylight,830,137,No,NoIntersection,Normal,3+Vehicles-Chain,A57,M,43.12092024322293,5.121874315039357
201800049558,NonLethal,2018-04-12,12:30:00,Daylight,830,62,No,NoIntersection,Overcast,3+Vehicles-Chain,A57,M,43.14318025743309,6.1443408550471785
201800049560,NonLethal,2018-04-20,08:55:00,Daylight,830,35,No,NoIntersection,Normal,Other,A50,M,43.16098248421914,5.162887704565328
201800049561,NonLethal,2018-04-25,14:05:00,Daylight,830,62,No,NoIntersection,Normal,2Vehicles-Behind,A570,M,43.14139899363606,6.143087256902553
201800049562,NonLethal,2018-04-27,14:16:00,Daylight,830,90,No,NoIntersection,Normal,2Vehicles-Behind,A50,M,43.126715132854684,5.125579838280817
201800049563,NonLethal,2018-04-28,12:26:00,Daylight,830,137,No,NoIntersection,Normal,2Vehicles-Behind,A57,M,43.12117382770954,5.1195638199474605
201800049564,NonLethal,2018-05-04,18:48:00,Daylight,830,144,No,NoIntersection,Normal,2Vehicles-Side,A57,M,43.133105392113336,5.133882145573776
201800049565,NonLethal,2018-05-13,13:45:00,Daylight,830,47,No,NoIntersection,HeavyRain,Other,A570,M,43.1346221743713,6.132709497888966
201800049566,NonLethal,2018-05-21,18:38:00,Daylight,830,144,No,NoIntersection,Normal,3+Vehicles-Multiple,A57,M,43.13522045619373,5.132079556789064
201800049567,NonLethal,2018-05-23,10:15:00,Daylight,830,62,No,NoIntersection,Normal,2Vehicles-Behind,A57,M,43.14261245770171,6.143306076329871
201800049568,NonLethal,2018-05-24,16:45:00,Daylight,830,137,No,NoIntersection,Normal,2Vehicles-Behind,Accs A57 Benot Malon T,M,43.12097915545893,5.121514612850707
201800049569,NonLethal,2018-05-28,09:05:00,Daylight,830,90,No,NoIntersection,Normal,3+Vehicles-Chain,A50,M,43.127035669531786,5.124840455862127
201800049570,NonLethal,2018-09-06,09:30:00,Daylight,830,62,No,NoIntersection,Normal,Other,A570,M,43.142830285623226,6.143372177350806
201800049571,NonLethal,2018-06-13,16:10:00,Daylight,830,62,No,NoIntersection,Normal,2Vehicles-Behind,A57,M,43.14289972347345,6.142377667961759
201800049572,NonLethal,2018-06-18,07:25:00,Daylight,830,137,No,NoIntersection,Normal,3+Vehicles-Multiple,A50,M,43.123811543240606,5.123746272231453
201800049573,NonLethal,2018-06-18,11:45:00,Daylight,830,35,No,NoIntersection,Normal,NoCollision,A50,M,43.16084438715721,5.160323636826413
201800049574,NonLethal,2018-06-23,13:25:00,Daylight,830,112,No,NoIntersection,Normal,3+Vehicles-Multiple,A50,M,43.19803085513328,5.196238342213833
201800049576,NonLethal,2018-06-27,07:45:00,Daylight,830,144,No,NoIntersection,Normal,2Vehicles-Side,A57,M,43.13330819111378,5.135996070655669
201800049577,NonLethal,2018-06-28,16:00:00,Daylight,830,137,No,NoIntersection,HeavyRain,NoCollision,A50,M,43.12442912732002,5.124734025623347
201800049578,NonLethal,2018-07-05,20:56:00,Daylight,830,137,No,NoIntersection,Normal,2Vehicles-Side,A50,M,43.12284974076167,5.120350997447469
201800049579,NonLethal,2018-10-07,19:30:00,Daylight,830,144,No,NoIntersection,Normal,3+Vehicles-Chain,A57,M,43.13180701549635,5.134843918809895
201800049580,NonLethal,2018-07-13,12:25:00,Daylight,830,137,No,NoIntersection,Normal,NoCollision,A50,M,43.12499981267687,5.124199210010001
201800049582,NonLethal,2018-08-01,12:30:00,Daylight,830,62,No,NoIntersection,Normal,Other,A57,M,43.143388261847896,6.143013609803503
201800049583,NonLethal,2018-03-08,08:25:00,Daylight,830,90,No,NoIntersection,Normal,Other,A50,M,43.12413537777133,5.127809655105206
201800049584,NonLethal,2018-08-10,09:55:00,Daylight,830,137,No,NoIntersection,Normal,2Vehicles-BehindVehicles-Frontal,A50,M,43.12242418704415,5.1215053482142405
201800049585,NonLethal,2018-08-13,12:22:00,Daylight,830,62,No,NoIntersection,Normal,3+Vehicles-Multiple,A570,M,43.14381494288661,6.143823179180727
201800049586,NonLethal,2018-08-14,10:58:00,Daylight,830,144,No,NoIntersection,Normal,3+Vehicles-Multiple,A57,M,43.13262609322285,5.134904953548135
201800049587,Lethal,2018-08-25,12:58:00,Daylight,830,123,No,NoIntersection,StrongWindOrStorm,Other,A50,M,43.12842297840901,5.12902790601426
201800049588,NonLethal,2018-06-09,13:30:00,Daylight,830,137,No,NoIntersection,Normal,3+Vehicles-Multiple,A57,M,43.12196101238361,5.120126789118634
201800049589,NonLethal,2018-09-11,12:45:00,Daylight,830,112,No,NoIntersection,Normal,3+Vehicles-Multiple,A5O,M,43.19803101906206,5.197575365758738
201800049592,NonLethal,2018-09-17,17:00:00,Daylight,830,137,No,NoIntersection,Normal,2Vehicles-Behind,A50,M,43.12486164670834,5.125024570525373
201800049593,NonLethal,2018-09-19,06:45:00,NightNoStreetLight,830,90,No,NoIntersection,Normal,NoCollision,A50,M,43.12533034242398,5.125656222532401
201800049594,NonLethal,2018-09-19,08:55:00,Daylight,830,137,No,NoIntersection,Normal,NoCollision,A50,M,43.12407305173412,5.124837774317243
201800049595,NonLethal,2018-09-20,08:30:00,Daylight,830,62,No,NoIntersection,Normal,Other,A570,M,43.14396036867617,6.144845121815435
201800049596,NonLethal,2018-09-25,18:55:00,Daylight,830,47,No,NoIntersection,Normal,Other,A570,M,43.13413358809036,6.133956872277881
201800049597,NonLethal,2018-09-28,21:30:00,NightNoStreetLight,830,137,No,NoIntersection,Normal,3+Vehicles-Multiple,A57,M,43.11943688335464,5.119930586003081
201800049598,NonLethal,2018-09-30,20:45:00,NightNoStreetLight,830,90,No,NoIntersection,Normal,2Vehicles-Behind,A50,M,43.12588888172972,5.127351835433008
201800049599,NonLethal,2018-03-10,17:50:00,Daylight,830,126,No,NoIntersection,Normal,3+Vehicles-Multiple,A50,M,43.12303904094032,5.124265741531361
201800049600,NonLethal,2018-10-05,16:15:00,Daylight,830,62,No,NoIntersection,Normal,2Vehicles-Side,A57,M,43.1339213061687,6.132216336718539
201800049601,NonLethal,2018-09-10,06:35:00,NightNoStreetLight,830,27,No,NoIntersection,Normal,3+Vehicles-Chain,A50,M,43.17733889967832,5.179694377138258
201800049602,NonLethal,2018-10-10,11:30:00,Daylight,830,35,No,NoIntersection,HeavyRain,Other,A50,M,43.16125260791532,5.16201210292054
201800049603,NonLethal,2018-10-10,12:30:00,Daylight,830,35,No,NoIntersection,HeavyRain,2Vehicles-Side,A50,M,43.16031583446573,5.16089073128162
201800049605,NonLethal,2018-11-10,08:37:00,Daylight,830,137,No,NoIntersection,HeavyRain,2Vehicles-Side,A57,M,43.12163682961051,5.123457169897206
201800049606,NonLethal,2018-10-11,18:10:00,TwilightOrDawn,830,126,No,NoIntersection,Normal,Other,A50,M,43.12512428475063,5.124723703452854
201800049607,NonLethal,2018-10-15,07:15:00,NightNoStreetLight,830,137,No,NoIntersection,Normal,Other,A50,M,43.12672627707512,5.123953753648907
201800049608,NonLethal,2018-10-17,17:45:00,Daylight,830,144,No,NoIntersection,LightRain,2Vehicles-Behind,A57,M,43.1313301501965,5.133178283105384
201800049609,NonLethal,2018-10-27,22:55:00,NightNoStreetLight,830,137,No,NoIntersection,LightRain,2Vehicles-Behind,A57,M,43.12174955370605,5.1202449955317935
201800049610,NonLethal,2018-11-01,15:40:00,Daylight,830,123,No,NoIntersection,LightRain,Other,A5O,M,43.12927555605078,5.129098778672613
201800049611,NonLethal,2018-06-11,08:00:00,Daylight,830,144,No,NoIntersection,HeavyRain,2Vehicles-Behind,A57,M,43.13335315347748,5.134288411624881
201800049613,NonLethal,2018-11-15,17:40:00,NightNoStreetLight,830,144,No,NoIntersection,Normal,3+Vehicles-Chain,A57,M,43.13139997915993,5.132508282156261
201800049614,NonLethal,2018-11-16,17:15:00,Daylight,830,144,No,NoIntersection,Normal,2Vehicles-Side,A57,M,43.13322193160435,5.132302588218095
201800049616,NonLethal,2018-11-20,18:35:00,NightNoStreetLight,830,144,No,NoIntersection,LightRain,3+Vehicles-Chain,A57,M,43.13249828452228,5.134719336356144
201800049617,NonLethal,2018-11-23,10:00:00,Daylight,830,144,No,NoIntersection,LightRain,2Vehicles-Behind,A57,M,43.133441140534416,5.134322986256638
201800049618,NonLethal,2018-12-18,08:20:00,Daylight,830,137,No,NoIntersection,Normal,2Vehicles-Side,A50,M,43.12303529500238,5.121240868461309