AccidentId,Gravity,Date,Hour,Light,Department,Commune,InAgglomeration,IntersectionType,Weather,CollisionType,PostalAddress,GPSCode,Latitude,Longitude
201800049619,NonLethal,2018-12-18,13:30:00,Daylight,830,47,No,NoIntersection,Normal,Other,A570,M,43.13493259457354,6.134054536401678
201800049620,NonLethal,2018-12-26,18:30:00,NightNoStreetLight,830,144,No,NoIntersection,LightRain,2Vehicles-Behind,A57,M,43.13253547145988,5.131815645685824
201800049621,NonLethal,2018-12-30,08:33:00,Daylight,830,123,No,NoIntersection,Normal,2Vehicles-Behind,A50,M,43.131048391044814,5.128319526609579
201800049622,NonLethal,2018-12-30,02:30:00,NightNoStreetLight,130,55,No,NoIntersection,Normal,Other,A50-Sens Aubagne vers Ma,M,43.172415776948526,5.172820473393723
201800049623,NonLethal,2018-12-30,19:50:00,NightNoStreetLight,130,5,No,NoIntersection,Normal,2Vehicles-Behind,A50-Sens Marseille vers,M,43.2757325601208,5.27729905280292
201800049624,NonLethal,2018-01-01,07:40:00,NightNoStreetLight,130,1,No,NoIntersection,Normal,2Vehicles-Behind,A51-Sens Marseille vers,M,,
201800049625,NonLethal,2018-01-04,12:15:00,Daylight,130,56,No,NoIntersection,Normal,2Vehicles-Side,Rocade L2,M,43.2913223948582,5.292108762617096
201800049626,NonLethal,2018-05-01,16:20:00,Daylight,130,56,No,NoIntersection,Normal,Other,A507 & Rocade L2,M,43.32667131950782,5.32756108969412
201800049627,NonLethal,2018-01-08,07:00:00,TwilightOrDawn,130,22,No,NoIntersection,Normal,2Vehicles-Behind,A50-Sens Toulon vers Aub,M,,
201800049628,NonLethal,2018-08-01,15:28:00,Daylight,130,55,No,NoIntersection,LightRain,Other,Tunnel Prado-Carénage,M,43.281255932473634,5.282229378737877
201800049629,NonLethal,2018-08-01,20:10:00,NightNoStreetLight,130,71,No,NoIntersection,LightRain,3+Vehicles-Chain,A7-Sens Marseille vers L,M,43.404597843911496,5.404553086694066
201800049630,NonLethal,2018-09-01,09:30:00,Daylight,130,5,No,NoIntersection,Overcast,NoCollision,A50 - Sens Aubagne vers,M,,
201800049631,NonLethal,2018-08-01,19:50:00,NightNoStreetLight,130,55,No,NoIntersection,LightRain,2Vehicles-Behind,A7-Sens Lyon vers Marsei,M,,
201800049632,NonLethal,2018-01-09,12:30:00,Daylight,130,117,No,Other,Normal,2Vehicles-Behind,A7-Sens Lyon vers Marsei,M,,
201800049633,NonLethal,2018-08-01,17:30:00,NightNoStreetLight,130,55,No,NoIntersection,Normal,Other,A55-Sens Marseille vers,M,,
201800049634,NonLethal,2018-01-05,16:30:00,Daylight,130,55,No,NoIntersection,Normal,3+Vehicles-Chain,A7-Sens Lyon vers*Marsei,M,,
201800049635,NonLethal,2018-05-01,15:30:00,Daylight,130,71,No,NoIntersection,Normal,2Vehicles-Behind,A51-Sens Marseille vers,M,43.24626690774312,5.246077920066422
201800049636,NonLethal,2018-01-10,16:00:00,Daylight,130,55,No,NoIntersection,Normal,2Vehicles-Behind,A7-Sens Marseille vers*L,M,,
201800049637,NonLethal,2018-12-01,09:10:00,Daylight,130,55,No,NoIntersection,Normal,3+Vehicles-Chain,A50-Sens Aubagne*vers Ma,M,43.290231409629456,5.28995388297474
201800049638,NonLethal,2018-10-12,17:55:00,TwilightOrDawn,130,55,No,NoIntersection,Normal,3+Vehicles-Chain,A7-Sens Lyon vers Marsei,M,43.38287446827642,5.380655886359416
201800049639,NonLethal,2018-01-08,07:00:00,Daylight,130,85,No,NoIntersection,Overcast,2Vehicles-Behind,Sens Toulon vers Aubagne,M,43.23122529179795,5.2321866560121855
201800049640,NonLethal,2018-11-01,17:35:00,Daylight,130,55,No,NoIntersection,Normal,2Vehicles-Behind,A55-Sens Marseille vers,M,43.32032267690976,5.321757912273024
201800049641,NonLethal,2018-01-09,09:50:00,Daylight,130,55,No,NoIntersection,LightRain,2Vehicles-Behind,A55-Sens Martigues vers,M,,
201800049642,Lethal,2018-01-13,16:58:00,Daylight,130,85,No,NoIntersection,Normal,NoCollision,A50-Sens Aubagne vers To,M,,
201800049643,NonLethal,2018-01-14,23:55:00,NightNoStreetLight,130,55,No,NoIntersection,Normal,2Vehicles-Behind,A7-Sens Lyon vers Marsei,M,,
201800049644,NonLethal,2018-01-15,17:40:00,Daylight,130,55,No,NoIntersection,Normal,3+Vehicles-Multiple,A7-Sens Lyon vers Marsei,M,,
201800049645,NonLethal,2018-01-14,22:00:00,NightNoStreetLight,130,85,No,NoIntersection,Normal,3+Vehicles-Multiple,A50-Sens Toulon vers Aub,M,,
201800049646,NonLethal,2018-01-15,16:20:00,Daylight,130,56,No,NoIntersection,Normal,Other,A55-Sens Martigues vers,M,,
201800049647,NonLethal,2018-01-16,17:20:00,Daylight,130,55,No,NoIntersection,Normal,2Vehicles-Side,A50-Sens Marseille vers,M,,
201800049650,NonLethal,2018-01-19,01:55:00,NightNoStreetLight,130,71,No,NoIntersection,Normal,NoCollision,A7-Sens Marseille vers L,M,,
201800049651,NonLethal,2018-01-15,14:34:00,Daylight,130,71,No,NoIntersection,Normal,Other,A7-SensMarseille vers L,M,,
201800049652,NonLethal,2018-01-18,19:00:00,NightNoStreetLight,130,71,No,NoIntersection,Normal,3+Vehicles-Chain,A51-Sens Aix en Provence,M,,
201800049654,NonLethal,2018-01-16,18:25:00,NightNoStreetLight,130,88,No,NoIntersection,Normal,3+Vehicles-Chain,A55-Sens Marseille vers,M,43.23349156142476,5.233290767461675
201800049655,NonLethal,2018-01-20,16:15:00,Daylight,130,55,No,NoIntersection,LightRain,3+Vehicles-Chain,A50-Sens Marseille vers,M,,
201800049656,NonLethal,2018-01-23,09:10:00,Daylight,130,106,No,NoIntersection,Normal,2Vehicles-Behind,A7-Sens Lyon vers Marsei,M,,
201800049658,NonLethal,2018-01-25,03:00:00,NightNoStreetLight,130,26,No,NoIntersection,Normal,Other,A55-Sens Marseille vers,M,,
201800049659,NonLethal,2018-01-24,09:15:00,Daylight,130,5,No,NoIntersection,Normal,3+Vehicles-Chain,A5O-Sens Marseille vers,M,,
201800049660,NonLethal,2018-01-25,07:15:00,NightNoStreetLight,130,55,No,NoIntersection,Normal,3+Vehicles-Chain,A55-Sens Marseille vers,M,,
201800049661,NonLethal,2018-01-25,18:45:00,NightNoStreetLight,130,71,No,NoIntersection,Normal,2Vehicles-Behind,A7-Sens Lyon vers*Marsei,M,,
201800049662,NonLethal,2018-01-26,13:15:00,Daylight,130,71,No,NoIntersection,LightRain,Other,A7-Sens Marseille vers L,M,,
201800049664,NonLethal,2018-01-27,10:00:00,Daylight,130,55,No,NoIntersection,HeavyRain,Other,A7-Sens Marseille vers L,M,43.34333213363858,5.3438713613845845
201800049665,NonLethal,2018-01-27,12:40:00,Daylight,130,26,No,NoIntersection,HeavyRain,NoCollision,A55-Sens Martigues vers,M,,
201800049666,NonLethal,2018-01-26,18:00:00,NightNoStreetLight,130,71,No,NoIntersection,HeavyRain,3+Vehicles-Chain,A7-Sens Marseille vers L,M,43.41744358632632,5.41904534295891
201800049667,NonLethal,2018-01-29,08:10:00,Daylight,130,55,Yes,NoIntersection,FogOrSmoke,Other,-Sens Marseille ???,M,43.29004850809703,5.288562631884683
201800049668,NonLethal,2018-01-30,09:32:00,Daylight,130,55,No,NoIntersection,Normal,2Vehicles-Side,Tunnel Prado Carnage,M,43.284104500889605,5.2841000583647135
201800049669,NonLethal,2018-01-25,22:35:00,NightNoStreetLight,130,5,No,NoIntersection,Normal,NoCollision,A50-Sens Aubagne vers Ma,M,,
201800049670,NonLethal,2018-01-31,08:55:00,Daylight,130,55,No,NoIntersection,Normal,2Vehicles-Side,A50-Sens Marseille vers,M,,
201800049673,Lethal,2018-01-02,23:00:00,NightNoStreetLight,130,106,No,NoIntersection,Normal,3+Vehicles-Chain,A7-Sens Marseille vers L,M,,
201800049675,NonLethal,2018-02-02,14:00:00,Daylight,130,71,No,NoIntersection,Normal,Other,A7-Sens Lyon vers Marsei,M,,
201800049678,NonLethal,2018-05-02,16:55:00,Daylight,130,55,No,Other,Normal,3+Vehicles-Multiple,A7-Sens Lyon vers*Marsei,M,43.37568687007698,5.377975257022483
201800049679,NonLethal,2018-06-02,07:00:00,NightNoStreetLight,130,55,No,Other,LightRain,2Vehicles-Side,A50-Sens Aubagne vers*Ma,M,43.286396865543466,5.286659677625591
201800049680,NonLethal,2018-06-02,19:40:00,NightNoStreetLight,130,55,No,NoIntersection,LightRain,Other,A55-Sens*Marseille vers,M,43.32908258338488,5.331457337678146
201800049682,NonLethal,2018-04-02,04:29:00,NightStreelightsOn,130,88,No,NoIntersection,Normal,2Vehicles-Side,A55-Sens Marseille vers,M,,
201800049683,NonLethal,2018-01-25,15:45:00,Daylight,130,15,No,NoIntersection,Normal,NoCollision,A515CD-Gardanne vers A51,M,43.42992166280027,5.428566481898617
201800049684,NonLethal,2018-04-02,05:00:00,NightNoStreetLight,130,81,No,NoIntersection,Normal,Other,A7-Sens Marseille vers L,M,,
201800049685,NonLethal,2018-02-07,11:45:00,Daylight,130,55,No,NoIntersection,Normal,3+Vehicles-Chain,A50-Sens Marseille vers,M,,
201800049686,NonLethal,2018-10-02,11:20:00,Daylight,130,55,No,NoIntersection,Normal,2Vehicles-Side,A7-Sens Marseille vers L,M,,
201800049687,NonLethal,2018-02-10,22:50:00,NightNoStreetLight,130,26,No,NoIntersection,Normal,Other,A55-Sens Marseille vers,M,,
201800049688,NonLethal,2018-02-11,10:30:00,Daylight,130,81,No,NoIntersection,Normal,NoCollision,A7-Sens Lyon vers Marsei,M,,
201800049689,NonLethal,2018-02-08,20:15:00,NightNoStreetLight,130,55,No,NoIntersection,Normal,2Vehicles-Behind,A50-Sens Marseille vers,M,43.28306798515248,5.28256402422435
201800049690,NonLethal,2018-02-12,11:22:00,Daylight,130,19,No,NoIntersection,Normal,Other,A51-Sens Marseille vers,M,,
201800049691,NonLethal,2018-02-13,09:15:00,Daylight,130,55,No,NoIntersection,Normal,3+Vehicles-Chain,A50-Sens Marseille*vers,M,43.2903730346792,5.291464663872149
201800049692,NonLethal,2018-02-12,18:30:00,TwilightOrDawn,130,55,No,NoIntersection,Normal,2Vehicles-Behind,A5O-Sens Aubagne vers Ma,M,,
201800049693,NonLethal,2018-09-02,05:15:00,NightNoStreetLight,130,85,No,NoIntersection,Normal,Other,A50-Sens Toulon vers*Aub,M,43.259746281426565,5.260260012129935
201800049694,NonLethal,2018-02-14,17:50:00,Daylight,130,71,No,NoIntersection,Normal,3+Vehicles-Chain,A7-Sens Marseille vers L,M,,
201800049695,NonLethal,2018-02-15,07:15:00,Daylight,130,55,No,NoIntersection,LightRain,NoCollision,A55-Sens Marseille vers,M,,
201800049696,NonLethal,2018-02-15,19:00:00,NightNoStreetLight,130,1,No,NoIntersection,Normal,2Vehicles-Behind,A51-Sens Aix en Provence,M,,
201800049697,NonLethal,2018-02-16,13:20:00,Daylight,130,55,No,NoIntersection,Normal,Other,Tunnel Prado Carnage,M,,
201800049698,NonLethal,2018-02-13,08:15:00,Daylight,130,5,No,NoIntersection,Normal,3+Vehicles-Multiple,A50-Sens Aubagne vers Ma,M,,
201800049699,NonLethal,2018-02-16,14:55:00,Daylight,130,55,No,NoIntersection,Normal,2Vehicles-Side,A55-Sens*Marseille vers,M,43.33346169663741,5.335097757269214
201800049700,NonLethal,2018-02-16,19:15:00,NightStreelightsOff,130,55,No,NoIntersection,Normal,3+Vehicles-Chain,Sens Aubagne vers Marsei,M,,
201800049701,NonLethal,2018-02-17,13:00:00,Daylight,130,81,No,NoIntersection,LightRain,NoCollision,A7-Sens Marseille vers L,M,,
201800049702,NonLethal,2018-02-17,19:45:00,NightNoStreetLight,130,5,No,NoIntersection,LightRain,3+Vehicles-Multiple,A52-Sens Pont de l'Etoil,M,,
201800049703,NonLethal,2018-02-21,09:30:00,Daylight,130,88,No,NoIntersection,SnowOrHail,3+Vehicles-Chain,A55-Sens Marseille vers,M,,
201800049704,NonLethal,2018-02-18,17:30:00,Daylight,130,55,No,NoIntersection,Normal,3+Vehicles-Chain,A50-Sens Aubagne vers Ma,M,,
201800049705,NonLethal,2018-02-21,08:00:00,Daylight,130,56,No,NoIntersection,Normal,2Vehicles-Side,A507 sens Marseille - Au,M,,
201800049706,NonLethal,2018-02-23,13:15:00,Daylight,130,71,No,NoIntersection,Normal,Other,A7-Sens Lyon vers Marsei,M,,
201800049707,Lethal,2018-02-23,18:15:00,TwilightOrDawn,130,71,No,NoIntersection,Normal,Other,A7-Sens Lyon vers*Marsei,M,43.406719554464985,5.406906967155723
201800049708,NonLethal,2018-02-24,10:40:00,Daylight,130,55,No,NoIntersection,LightRain,Other,A55-Sens Marseille vers,M,,
201800049709,NonLethal,2018-02-24,18:30:00,NightNoStreetLight,130,55,No,NoIntersection,LightRain,Other,TVPCM-Sens Saint Victor,M,43.29095457872205,5.289306708780396
201800049710,NonLethal,2018-02-24,01:10:00,NightNoStreetLight,130,117,No,NoIntersection,Normal,Other,A7-Sens Lyon vers Marsei,M,,
201800049711,NonLethal,2018-02-25,13:10:00,Daylight,130,55,No,Y-type,Normal,Other,A557-Liaison A7 Marseill,M,43.32393964677542,5.322187875587007
201800049712,NonLethal,2018-02-28,09:00:00,Daylight,130,55,No,NoIntersection,Normal,Other,A557-Liaison A7 Marseill,M,,
201800049714,NonLethal,2018-02-25,14:00:00,Daylight,130,5,No,NoIntersection,Normal,NoCollision,A52-Sens Toulon vers Pon,M,,
201800049716,NonLethal,2018-02-03,19:25:00,NightNoStreetLight,130,56,No,NoIntersection,Normal,2Vehicles-Behind,A55-Sens Marseille vers,M,43.40035892110764,5.39813379195653
201800049720,NonLethal,2018-05-03,11:40:00,Daylight,130,5,No,NoIntersection,Normal,Other,A50 * Sens Aubagne vers,M,43.2654425434171,5.264309439168922
201800049721,NonLethal,2018-05-03,15:15:00,Daylight,130,55,No,NoIntersection,LightRain,2Vehicles-Behind,A50*Sens Marseille vers,M,43.2921109950843,5.292422218117007
201800049722,NonLethal,2018-06-03,09:00:00,Daylight,130,85,No,NoIntersection,Overcast,2Vehicles-Side,A50-Sens Aubagne vers To,M,,
201800049724,NonLethal,2018-02-23,06:45:00,TwilightOrDawn,130,5,No,NoIntersection,Normal,2Vehicles-Behind,A50-Sens Marseille vers,M,,
201800049725,NonLethal,2018-03-05,17:50:00,Daylight,130,85,No,NoIntersection,LightRain,Other,A50-Sens Toulon vers Aub,M,43.25872235737235,5.261049189540038
201800049726,NonLethal,2018-03-06,15:30:00,Daylight,130,55,No,NoIntersection,Normal,2Vehicles-Behind,"Tunnel de la Major,",M,43.30066683589119,5.30265154389041
201800049727,NonLethal,2018-03-07,17:20:00,Daylight,130,55,No,NoIntersection,Normal,2Vehicles-Side,Sens Marseille vers L,M,43.3662141278548,5.365333225046331
201800049728,NonLethal,2018-03-07,21:47:00,NightNoStreetLight,130,88,No,Other,Normal,2Vehicles-Behind,A55-Sens Marseille vers,M,,
201800049729,NonLethal,2018-08-03,09:15:00,Daylight,130,55,No,NoIntersection,Normal,2Vehicles-Behind,Sens Aubagne vers,M,43.28153933922738,5.283652868474007
201800049730,NonLethal,2018-08-03,04:45:00,NightNoStreetLight,130,55,No,Other,Normal,2Vehicles-Behind,A7-Sens Marseille vers L,M,43.34460109882448,5.344331260034104
201800049731,NonLethal,2018-05-03,18:50:00,NightStreelightsOn,130,55,No,Other,Normal,3+Vehicles-Chain,Tunnel Joliette Marseill,M,,
201800049733,NonLethal,2018-09-03,19:00:00,NightNoStreetLight,130,1,No,NoIntersection,Normal,2Vehicles-Behind,A51-Sens Marseille vers,M,,
201800049734,NonLethal,2018-11-03,03:50:00,NightNoStreetLight,130,55,Yes,NoIntersection,LightRain,2Vehicles-Behind,A50-Sens Aubagne vers Ma,M,,
201800049735,NonLethal,2018-12-03,21:28:00,NightNoStreetLight,130,71,No,NoIntersection,Normal,2Vehicles-Behind,A7-Sens Lyon vers Marsei,M,43.41353681753351,5.414733829506765
201800049736,NonLethal,2018-12-03,09:00:00,Daylight,130,55,No,NoIntersection,Normal,2Vehicles-Behind,A50-Sens Marseille vers,M,43.29535370419381,1.2945884348337071
201800049738,NonLethal,2018-03-13,17:50:00,Daylight,130,55,No,NoIntersection,Normal,3+Vehicles-Chain,A7*Sens Lyon vers Marsei,M,43.3377289092461,5.336052277460782
201800049739,NonLethal,2018-03-14,08:20:00,Daylight,130,71,No,NoIntersection,Normal,3+Vehicles-Chain,A7-Sens Marseille vers L,M,43.40423000743004,5.402723622405148
201800049740,NonLethal,2018-03-14,10:40:00,Daylight,130,71,No,Y-type,Normal,3+Vehicles-Multiple,A7-Sens Lyon vers Marsei,M,43.403338582976126,5.404710308265382
201800049741,NonLethal,2018-03-14,14:35:00,Daylight,130,71,No,NoIntersection,Normal,NoCollision,A7*Sens Marseille vers L,M,43.41249696245895,5.413440857809712
201800049742,NonLethal,2018-03-14,21:20:00,NightNoStreetLight,130,88,No,NoIntersection,Normal,2Vehicles-Side,A55-Sens Martigues vers,M,43.38766813165614,5.388576377375945
201800049743,NonLethal,2018-03-15,07:00:00,Daylight,130,22,No,NoIntersection,HeavyRain,NoCollision,A5O-Sens Toulon vers Aub,M,43.2240614643865,5.225281290185266
201800049744,NonLethal,2018-03-15,08:05:00,Daylight,130,71,No,NoIntersection,HeavyRain,2Vehicles-Behind,A7*Sens Lyon vers Marsei,M,43.41311146769516,5.413034252979491
201800049745,NonLethal,2018-03-18,04:15:00,NightNoStreetLight,130,19,No,NoIntersection,Normal,2Vehicles-Side,A51-Sens Marseille vers,M,,
201800049746,NonLethal,2018-03-18,16:00:00,Daylight,130,55,No,NoIntersection,Normal,3+Vehicles-Chain,A50-Sens Marseille vers,M,,
201800049747,NonLethal,2018-03-15,09:25:00,Daylight,130,28,No,NoIntersection,LightRain,2Vehicles-Behind,A50-Sens Aubagne vers To,M,43.21132285664228,5.2112943708843655
201800049748,NonLethal,2018-03-15,12:20:00,Daylight,130,85,No,NoIntersection,LightRain,NoCollision,Sens Toulon vers Aubagne,M,43.25198747312189,5.253188404851904
201800049749,NonLethal,2018-03-19,09:15:00,Daylight,130,55,No,NoIntersection,Normal,3+Vehicles-Chain,A50-Sens Aubagne vers Ma,M,43.28714642836097,5.289550993157454
201800049750,NonLethal,2018-03-20,08:05:00,Daylight,130,55,No,NoIntersection,Normal,3+Vehicles-Chain,Tunnel Joliette Marseill,M,43.3064285257598,5.30444500791181
201800049751,NonLethal,2018-03-19,17:20:00,Daylight,130,117,No,NoIntersection,Normal,3+Vehicles-Chain,A7-Sens Lyon vers Marsei,M,,
201800049752,NonLethal,2018-03-18,17:00:00,Daylight,130,19,No,NoIntersection,Normal,2Vehicles-Side,A51-Sens Aix en Provence,M,43.41716126668379,5.4175620410357
201800049753,NonLethal,2018-03-20,19:15:00,NightNoStreetLight,130,1,No,NoIntersection,Normal,2Vehicles-Side,A51-Sens Marseille vers,M,43.48982574260707,5.489077098990287
201800049754,NonLethal,2018-03-23,08:00:00,Daylight,130,55,No,NoIntersection,Normal,NoCollision,A7-Sens Marseille vers L,M,43.35797238097837,5.358003207343776
201800049755,NonLethal,2018-03-23,08:30:00,Daylight,130,71,No,Y-type,Normal,Other,A7-Sens Lyon vers Marsei,M,43.40643717059683,5.407523606844889
201800049756,NonLethal,2018-03-21,10:30:00,Daylight,130,71,No,NoIntersection,SnowOrHail,2Vehicles-Behind,A55-Sens Martigues vers,M,43.38870276361069,5.387783126463066
201800049757,NonLethal,2018-03-23,13:15:00,Daylight,130,55,No,NoIntersection,Normal,2Vehicles-Behind,A7-Sens Marseille vers L,M,43.33389863095744,5.333114284370718
201800049758,NonLethal,2018-03-23,16:25:00,Daylight,130,55,No,NoIntersection,Normal,2Vehicles-Side,A7-Sens Lyon vers Marsei,M,,
201800049759,NonLethal,2018-03-24,05:25:00,NightNoStreetLight,130,117,No,NoIntersection,Normal,2Vehicles-Side,A7-Sens Lyon vers Marsei,M,,
201800049760,NonLethal,2018-03-24,13:05:00,Daylight,130,71,No,NoIntersection,Normal,3+Vehicles-Multiple,A7-Sens Lyon vers Marsei,M,43.41145055324074,5.41100403440331
201800049761,NonLethal,2018-03-24,16:15:00,Daylight,130,71,No,NoIntersection,Normal,2Vehicles-Behind,A51-Sens Marseille vers,M,43.41367588077428,5.415266865391743
201800049762,NonLethal,2018-03-24,21:50:00,NightNoStreetLight,130,117,No,NoIntersection,Normal,3+Vehicles-Chain,A7-Sens Lyon vers Marsei,M,43.4355507794781,5.4370570628760015
201800049763,Lethal,2018-03-26,13:31:00,Daylight,130,55,No,Other,Normal,Other,A55-Sens Martigues vers,M,43.32971239350432,5.3306355931291
201800049764,NonLethal,2018-03-28,08:30:00,Daylight,130,71,No,NoIntersection,Normal,2Vehicles-Behind,A7-Sens Lyon vers Marsei,M,,
201800049765,NonLethal,2018-03-28,17:00:00,TwilightOrDawn,130,55,No,NoIntersection,Normal,3+Vehicles-Chain,A50-Sens Marseille vers,M,,
201800049768,NonLethal,2018-03-30,13:00:00,Daylight,130,55,No,NoIntersection,Normal,2Vehicles-Side,A50-Sens Aubagne vers Ma,M,43.29428304159149,5.294739082442333
201800049769,NonLethal,2018-03-29,19:00:00,TwilightOrDawn,130,71,No,NoIntersection,Normal,3+Vehicles-Chain,A7-Sens Lyon vers Marsei,M,43.41669384682894,5.414434976979615
201800049771,NonLethal,2018-03-29,15:15:00,Daylight,130,71,No,Other,Normal,3+Vehicles-Chain,A7-Sens Marseille vers L,M,43.41200979687815,5.409424862887427
201800049772,NonLethal,2018-03-31,21:45:00,NightNoStreetLight,130,55,No,NoIntersection,Normal,Other,A55-Sens Martigues vers,M,43.32061434844314,5.3206021165459765
201800049773,NonLethal,2018-03-31,07:50:00,Daylight,130,5,No,NoIntersection,Normal,NoCollision,A50-Sens Aubagne vers Ma,M,,
201800049775,NonLethal,2018-04-04,14:50:00,Daylight,130,55,Yes,Other,Normal,3+Vehicles-Chain,A7 Sens Marseille Lyon,M,43.37927020176868,5.375812261169495
201800049776,NonLethal,2018-04-06,12:30:00,Daylight,130,56,No,NoIntersection,Normal,Other,A55-Sens Martigues vers,M,43.24158922377827,5.242215086319546
201800049777,NonLethal,2018-04-06,05:47:00,NightStreelightsOn,130,55,No,NoIntersection,Normal,Other,Tunnel Prado Carnage,M,43.28280390508033,5.281560225849731
201800049778,NonLethal,2018-06-04,16:55:00,Daylight,130,71,No,NoIntersection,Normal,3+Vehicles-Chain,A55-Sens Martigues vers,M,43.37421536097598,5.376340136061622
201800049779,NonLethal,2018-06-04,17:00:00,Daylight,130,55,No,NoIntersection,VeryGood,2Vehicles-Behind,Tunnel Joliette Marseill,M,,
201800049780,NonLethal,2018-06-04,17:55:00,Daylight,130,5,No,NoIntersection,Normal,3+Vehicles-Chain,A50-Sens Aubagne vers Ma,M,,
201800049781,NonLethal,2018-04-05,18:45:00,Daylight,130,55,No,NoIntersection,Normal,NoCollision,A50-Sens Marseille vers,M,,
201800049782,NonLethal,2018-04-09,13:50:00,Daylight,130,5,No,NoIntersection,Normal,NoCollision,A50-Sens Marseille vers,M,43.28628901972618,5.283150064104574
201800049783,NonLethal,2018-04-05,15:40:00,Daylight,130,55,No,Other,Normal,2Vehicles-Behind,A7-Sens Lyon vers Marsei,M,43.33882520585913,5.34032959585385
201800049785,NonLethal,2018-04-11,10:40:00,Daylight,130,55,No,NoIntersection,Normal,Other,A55-Sens Martigues vers,M,,
201800049786,NonLethal,2018-04-12,04:18:00,NightStreelightsOn,130,55,Yes,NoIntersection,LightRain,Other,Tunnel Prado Carnage,M,43.17284891807439,5.173973756959628
201800049787,NonLethal,2018-04-12,08:50:00,Daylight,130,55,No,NoIntersection,LightRain,Other,A55-Sens Marseille vers,M,,
201800049788,NonLethal,2018-11-04,20:25:00,NightNoStreetLight,130,5,No,NoIntersection,HeavyRain,Other,A50 - Sens Aubagne vers,M,43.2790226313373,5.278934082379739
201800049790,NonLethal,2018-04-14,05:30:00,NightNoStreetLight,130,26,No,NoIntersection,Normal,2Vehicles-Behind,A55-Sens Martigues vers,M,43.38963865489092,5.389253561605683
201800049791,NonLethal,2018-04-13,17:10:00,Daylight,130,55,No,NoIntersection,Normal,2Vehicles-Behind,A7-Sens Lyon vers Marsei,M,43.37146783392146,5.368356064828229
201800049792,NonLethal,2018-12-04,19:00:00,Daylight,130,5,No,NoIntersection,HeavyRain,3+Vehicles-Chain,A502-Sens Toulon par R.N,M,43.28420057953751,5.28514668377325
201800049793,NonLethal,2018-04-16,07:20:00,Daylight,130,55,No,NoIntersection,Normal,2Vehicles-Side,A7-Sens Marseille vers L,M,43.334258589933846,5.334897917253794
201800049795,NonLethal,2018-04-17,07:25:00,Daylight,130,55,No,NoIntersection,Normal,NoCollision,A7-Sens Lyon vers Marsei,M,43.35837486323577,5.357380850094301
201800049796,NonLethal,2018-04-17,07:25:00,Daylight,130,55,No,NoIntersection,Normal,3+Vehicles-Chain,A7-Sens Lyon vers Marsei,M,43.32338032131922,5.324091841548719
201800049797,NonLethal,2018-04-16,18:40:00,TwilightOrDawn,130,1,No,NoIntersection,Normal,2Vehicles-Behind,A51-Sens Aix en Provence,M,,
201800049798,NonLethal,2018-04-17,18:00:00,Daylight,130,5,No,NoIntersection,Normal,3+Vehicles-Chain,Sens Aubagne vers Ma,M,43.285910915346,5.285824197606105
201800049800,NonLethal,2018-04-19,13:00:00,Daylight,130,55,No,NoIntersection,Normal,Other,A50-Sens Marseille vers,M,43.28897186722661,5.2895819522935215
201800049801,NonLethal,2018-04-19,18:00:00,Daylight,130,71,No,NoIntersection,Normal,2Vehicles-Behind,A7-Sens Lyon vers Marsei,M,43.40554772126424,5.406190419734693
201800049802,NonLethal,2018-04-18,22:35:00,NightNoStreetLight,130,55,No,NoIntersection,Normal,Other,A50-Sens Marseille vers,M,43.2937730965349,5.29281882704007
201800049804,NonLethal,2018-04-21,00:45:00,NightNoStreetLight,130,55,No,NoIntersection,Normal,Other,A7-Sens Lyon vers Marsei,M,43.36150677471148,5.360566018589433
201800049805,NonLethal,2018-04-21,13:50:00,Daylight,130,117,No,NoIntersection,Normal,Other,A7-Sens Marseille vers L,M,,
201800049807,NonLethal,2018-04-21,10:25:00,Daylight,130,55,No,NoIntersection,Normal,3+Vehicles-Chain,Sens Marseille vers,M,43.28722895665902,5.288260355733651
201800049810,NonLethal,2018-04-23,08:30:00,TwilightOrDawn,130,15,No,NoIntersection,Normal,3+Vehicles-Multiple,A51-Sens Marseille vers,M,43.27921962318749,5.2796680682336135
201800049811,NonLethal,2018-04-24,10:30:00,Daylight,130,56,No,Other,Normal,2Vehicles-Behind,A55-Sens Marseille vers,M,43.403322057056414,5.401389378117662
201800049812,NonLethal,2018-04-27,21:00:00,NightNoStreetLight,130,55,No,NoIntersection,Normal,2Vehicles-Behind,A55-Sens Martigues vers,M,43.30987609105291,5.310717361153137
201800049813,NonLethal,2018-04-30,09:00:00,Daylight,130,5,No,NoIntersection,Normal,3+Vehicles-Chain,A50-Sens Aubagne vers Ma,M,,
201800049815,NonLethal,2018-05-01,00:55:00,NightNoStreetLight,130,71,No,Other,Normal,2Vehicles-Behind,A7-Sens Marseille vers L,M,43.40582878487485,5.405011343709027
201800049816,NonLethal,2018-04-30,20:20:00,TwilightOrDawn,130,22,No,NoIntersection,Overcast,Other,A50-Sens Aubagne vers To,M,43.237065217833866,5.238945863922836
201800049817,NonLethal,2018-04-29,18:50:00,Daylight,130,71,No,NoIntersection,LightRain,Other,A51-Sens Marseille vers,M,43.41548018209079,5.417149847287587
201800049818,NonLethal,2018-01-05,04:45:00,NightNoStreetLight,130,55,No,NoIntersection,Normal,2Vehicles-Behind,A55-Sens Marseille vers,M,43.33547855917788,5.336756534063831