AccidentId,Gravity,Date,Hour,Light,Department,Commune,InAgglomeration,IntersectionType,Weather,CollisionType,PostalAddress,GPSCode,Latitude,Longitude
201800049819,NonLethal,2018-02-05,11:20:00,Daylight,130,19,No,NoIntersection,LightRain,2Vehicles-Behind,A51-Sens Marseille vers,M,43.41602467073869,5.4156932112252
201800049820,NonLethal,2018-05-03,22:20:00,NightNoStreetLight,130,81,No,NoIntersection,Normal,2Vehicles-Side,A7-Sens Lyon vers Marsei,M,43.49274026359596,5.492283047373158
201800049821,NonLethal,2018-05-04,08:08:00,Daylight,130,15,No,NoIntersection,Normal,Other,A51-Sens Marseille vers,M,43.45899383606889,5.458930435385778
201800049822,NonLethal,2018-05-03,18:20:00,Daylight,130,71,No,NoIntersection,Normal,2Vehicles-Behind,A51-Sens Aix en Provence,M,43.413314135478096,5.412336169257829
201800049823,NonLethal,2018-05-08,20:00:00,Daylight,130,1,No,NoIntersection,Normal,2Vehicles-Behind,A51-Sens Marseille vers,M,43.51406582605833,5.511238404016324
201800049824,NonLethal,2018-09-05,05:12:00,NightStreelightsOff,130,55,No,NoIntersection,Normal,Other,A7-Sens Marseille vers L,M,43.20304403538125,5.201950269069185
201800049825,NonLethal,2018-05-10,01:40:00,NightNoStreetLight,130,85,No,NoIntersection,Normal,Other,A50-Sens Toulon vers Aub,M,43.15440897674728,5.153688367654103
201800049827,NonLethal,2018-05-09,20:10:00,TwilightOrDawn,130,85,No,NoIntersection,LightRain,2Vehicles-Side,A50-Sens Toulon vers Aub,M,43.25087223450969,5.252227008905561
201800049828,NonLethal,2018-07-05,23:47:00,NightStreelightsOn,130,56,No,NoIntersection,Normal,Other,A507 sens Aubagne- Marse,M,43.2984296586247,5.296806108159804
201800049829,NonLethal,2018-12-05,20:52:00,TwilightOrDawn,130,56,No,NoIntersection,Normal,2Vehicles-Side,A507 sens Marseille - Au,M,43.3287901872462,5.330638330788875
201800049830,NonLethal,2018-05-14,09:47:00,Daylight,130,55,No,NoIntersection,LightRain,2Vehicles-Side,A50-Sens Aubagne vers Ma,M,43.29431819292097,5.29348976179817
201800049832,NonLethal,2018-05-15,08:25:00,Daylight,130,117,No,NoIntersection,LightRain,3+Vehicles-Chain,A7-Sens Lyon vers Marsei,M,43.26302562410632,5.2634136754800425
201800049833,NonLethal,2018-05-15,08:10:00,Daylight,130,71,No,NoIntersection,LightRain,3+Vehicles-Chain,A7-Sens Marseille vers L,M,,
201800049834,NonLethal,2018-05-15,08:50:00,Daylight,130,55,No,NoIntersection,LightRain,3+Vehicles-Chain,A7-Sens Marseille vers L,M,43.32851193128779,5.327861546432751
201800049835,NonLethal,2018-05-15,13:50:00,Daylight,130,71,No,Other,Normal,3+Vehicles-Multiple,A7-Sens Marseille vers L,M,,
201800049836,NonLethal,2018-05-15,15:25:00,Daylight,130,26,No,Other,Normal,2Vehicles-Behind,A55-Sens Marseille vers,M,,
201800049837,NonLethal,2018-05-15,16:40:00,Daylight,130,26,No,Other,Normal,2Vehicles-Behind,A55-Sens Martigues vers,M,,
201800049839,NonLethal,2018-05-16,23:50:00,NightNoStreetLight,130,55,No,NoIntersection,Normal,2Vehicles-Behind,A7-Sens Marseille vers L,M,43.34339233930446,5.342269960088993
201800049840,NonLethal,2018-05-17,18:00:00,Daylight,130,55,No,NoIntersection,Normal,2Vehicles-Behind,S10CM-Sens Marseille ver,M,43.28538786061377,5.28313946867442
201800049841,NonLethal,2018-05-15,20:40:00,TwilightOrDawn,130,55,No,NoIntersection,Normal,2Vehicles-Side,A50-Sens Marseille vers,M,43.28526428972052,5.286185347066347
201800049843,NonLethal,2018-05-18,15:10:00,Daylight,130,55,No,NoIntersection,Normal,2Vehicles-Behind,A7-Sens Lyon vers Marsei,M,43.32663999346455,5.3254767139326775
201800049844,NonLethal,2018-05-18,16:40:00,Daylight,130,106,No,NoIntersection,Normal,2Vehicles-Behind,A7-Sens Lyon vers Marsei,M,43.39657619706652,5.395871118642532
201800049845,NonLethal,2018-05-18,18:00:00,Daylight,130,55,No,NoIntersection,Normal,2Vehicles-Behind,A50-Sens Marseille vers,M,43.294181491612726,5.29367515053612
201800049847,NonLethal,2018-05-21,15:05:00,Daylight,130,55,No,NoIntersection,LightRain,2Vehicles-Side,A55-Sens Marseille vers,M,43.33353303754201,5.334302867715454
201800049848,NonLethal,2018-05-23,08:23:00,Daylight,130,55,No,NoIntersection,Normal,2Vehicles-Behind,A5O-Sens Aubagne vers Ma,M,43.29668298251076,5.29282681040355
201800049849,NonLethal,2018-05-24,07:00:00,Daylight,130,56,No,NoIntersection,Normal,2Vehicles-Behind,A507 sens Aubagne- Marse,M,43.3204570756315,5.317744096023491
201800049850,NonLethal,2018-05-24,10:45:00,Daylight,130,70,No,NoIntersection,Normal,3+Vehicles-Chain,A50-Sens Aubagne vers Ma,M,43.2854583513982,5.285845533495712
201800049851,NonLethal,2018-05-24,10:45:00,Daylight,130,55,No,NoIntersection,Normal,2Vehicles-Behind,TVPCM-Sens Saint Victor,M,43.29840109022223,5.299397163284065
201800049852,NonLethal,2018-05-24,17:30:00,Daylight,130,55,No,NoIntersection,Normal,2Vehicles-Behind,A50-Sens Marseille vers,M,43.28538823072023,5.285300696416618
201800049854,NonLethal,2018-05-22,08:15:00,Daylight,130,106,No,NoIntersection,Overcast,2Vehicles-Behind,A7-Sens Marseille vers L,M,43.38777641759673,5.387643220740614
201800049856,NonLethal,2018-05-25,16:40:00,Daylight,130,55,No,NoIntersection,Normal,3+Vehicles-Chain,Tunnel Prado Carnage,M,43.284225081886376,5.286150989175074
201800049857,NonLethal,2018-05-25,15:20:00,Daylight,130,55,No,NoIntersection,Normal,NoCollision,A50-Sens Marseille vers,M,43.28978584019949,5.289126524626362
201800049858,NonLethal,2018-05-28,18:30:00,Daylight,130,55,No,NoIntersection,Normal,2Vehicles-Behind,A7-Sens Lyon vers Marsei,M,43.353262238740086,5.350939815237337
201800049859,NonLethal,2018-05-28,18:30:00,Daylight,130,81,No,NoIntersection,Normal,2Vehicles-Behind,A7-Sens Marseille vers L,M,43.489090335217846,5.487873996973321
201800049860,NonLethal,2018-05-29,15:20:00,Daylight,130,55,No,NoIntersection,Normal,NoCollision,A7-Sens Lyon vers Marsei,M,43.37817429100939,5.37533992072923
201800049861,NonLethal,2018-05-30,17:25:00,Daylight,130,106,No,NoIntersection,Overcast,2Vehicles-Side,A51-Sens Aix en Provence,M,43.39637574890455,5.398267053954015
201800049863,NonLethal,2018-05-31,20:45:00,TwilightOrDawn,130,55,No,NoIntersection,Normal,2Vehicles-Side,A7-Sens Lyon vers Marsei,M,43.22207814538989,5.219330669986409
201800049864,NonLethal,2018-04-29,19:00:00,Daylight,130,215,No,NoIntersection,Normal,Other,A55-Sens Marseille vers,M,,
201800049866,NonLethal,2018-01-06,15:30:00,Daylight,130,56,No,NoIntersection,Normal,2Vehicles-Side,A507 sens Aubagne- Marse,M,,
201800049867,NonLethal,2018-02-06,02:30:00,NightNoStreetLight,130,22,No,NoIntersection,Normal,2Vehicles-Behind,A50-Sens Aubagne vers To,M,43.21255914323514,5.212536806753177
201800049868,NonLethal,2018-06-03,05:30:00,TwilightOrDawn,130,56,No,NoIntersection,Normal,3+Vehicles-Chain,A55-Sens Martigues vers,M,43.399811061112985,5.402267039829184
201800049869,NonLethal,2018-03-06,06:15:00,TwilightOrDawn,130,71,No,NoIntersection,Normal,NoCollision,A7-Sens Lyon vers Marsei,M,43.40480541053339,5.404390701937249
201800049870,NonLethal,2018-05-31,08:15:00,Daylight,130,19,No,NoIntersection,Normal,2Vehicles-Behind,A51-Sens Marseille vers,M,43.42743075285369,5.427556647500285
201800049872,NonLethal,2018-04-06,16:00:00,Daylight,130,55,No,NoIntersection,Normal,3+Vehicles-Chain,A55-Sens Martigues vers,M,,
201800049873,NonLethal,2018-04-06,17:40:00,Daylight,130,55,No,NoIntersection,Normal,2Vehicles-Side,A55-Sens Martigues vers,M,43.30930941881365,5.308619542061402
201800049874,NonLethal,2018-05-06,17:50:00,Daylight,130,55,No,NoIntersection,Normal,3+Vehicles-Multiple,A7-Sens Marseille vers L,M,,
201800049878,NonLethal,2018-06-07,13:35:00,Daylight,130,55,No,NoIntersection,LightRain,Other,A55-Sens Marseille vers,M,43.33093127340352,5.330213156666536
201800049879,NonLethal,2018-07-06,18:15:00,Daylight,130,43,No,NoIntersection,HeavyRain,Other,A55-Sens Martigues vers,M,43.377989365004005,5.381321724856429
201800049880,NonLethal,2018-07-06,18:45:00,Daylight,130,85,No,NoIntersection,LightRain,Other,A50-Sens Toulon vers Aub,M,43.26331343577562,5.264817248214087
201800049881,NonLethal,2018-07-06,09:00:00,Daylight,130,55,No,NoIntersection,Normal,3+Vehicles-Chain,A7-Sens Lyon vers Marsei,M,43.36294169371321,5.363322811998478
201800049882,NonLethal,2018-06-08,17:30:00,Daylight,130,71,No,NoIntersection,Normal,Other,A7-Sens Lyon vers Marsei,M,43.41125007224819,5.410667862568493
201800049883,NonLethal,2018-06-09,18:53:00,Daylight,130,5,No,NoIntersection,Normal,2Vehicles-Behind,A50-Sens Aubagne vers Ma,M,,
201800049885,NonLethal,2018-06-13,17:00:00,Daylight,130,55,No,NoIntersection,Normal,3+Vehicles-Chain,Tunnel Prado Carnage,M,43.28551597692791,5.282813078817219
201800049886,NonLethal,2018-06-14,08:15:00,Daylight,130,55,No,NoIntersection,Normal,2Vehicles-Behind,A50-Sens Aubagne vers Ma,M,43.294278560921455,5.291249595587521
201800049888,NonLethal,2018-06-15,15:05:00,Daylight,130,55,No,NoIntersection,Normal,2Vehicles-Side,A50-Sens Marseille vers,M,43.29193586579501,5.291791947993862
201800049889,NonLethal,2018-06-15,14:15:00,Daylight,130,5,No,NoIntersection,Normal,Other,A50 - Sens Aubagne vers,M,43.28041113686132,5.281996981083599
201800049890,NonLethal,2018-06-15,15:15:00,Daylight,130,28,No,NoIntersection,Normal,2Vehicles-Side,A50-Sens Aubagne vers To,M,43.20363143418732,5.205594867185562
201800049891,NonLethal,2018-06-15,17:50:00,Daylight,130,55,No,NoIntersection,Normal,3+Vehicles-Chain,Tunnel Prado Carnage,M,43.28890419789045,5.288543303068946
201800049894,NonLethal,2018-06-16,13:55:00,Daylight,130,71,No,NoIntersection,Normal,2Vehicles-Behind,A7-Sens Lyon vers Marsei,M,43.4042842183397,5.40263646581356
201800049895,NonLethal,2018-06-16,19:10:00,Daylight,130,88,No,NoIntersection,Normal,2Vehicles-Side,A55-Sens Marseille vers,M,43.196335040754114,5.194864349572336
201800049896,NonLethal,2018-06-19,13:35:00,Daylight,130,56,No,NoIntersection,Normal,2Vehicles-Behind,A507 sens Marseille - Au,M,43.32794701157183,5.32910267818225
201800049897,NonLethal,2018-06-20,17:10:00,Daylight,130,71,No,NoIntersection,VeryGood,2Vehicles-Behind,A7-Sens Marseille vers L,M,,
201800049898,NonLethal,2018-06-19,22:00:00,NightNoStreetLight,130,5,No,NoIntersection,Normal,Other,A52-Sens Pont de l'Etoil,M,43.318973675178746,5.318064674930966
201800049899,NonLethal,2018-06-21,12:00:00,Daylight,130,55,No,NoIntersection,Normal,2Vehicles-Behind,Tunnel Joliette Marseill,M,43.17482897204725,5.173424013951244
201800049901,NonLethal,2018-06-22,12:50:00,Daylight,130,85,No,NoIntersection,Normal,NoCollision,A50-Sens Aubagne vers To,M,43.25910932730076,5.258139170177049
201800049902,NonLethal,2018-06-22,14:50:00,Daylight,130,26,No,NoIntersection,Normal,2Vehicles-Side,A55-Sens Martigues vers,M,43.397747576497736,5.402189448614164
201800049903,NonLethal,2018-06-22,14:00:00,Daylight,130,55,No,NoIntersection,Normal,2Vehicles-Behind,A7-Sens Lyon vers Marsei,M,43.342337289181245,5.3432749726923365
201800049905,NonLethal,2018-06-22,05:43:00,NightNoStreetLight,130,26,No,NoIntersection,Normal,NoCollision,A55-Sens Marseille vers,M,43.38772841609122,5.387567819610742
201800049906,NonLethal,2018-06-22,18:50:00,Daylight,130,55,No,NoIntersection,Normal,3+Vehicles-Chain,A55-Sens Martigues vers,M,43.3346975561131,5.3334451436450125
201800049907,NonLethal,2018-06-22,20:15:00,Daylight,130,55,No,NoIntersection,Normal,2Vehicles-Behind,A7-Sens Marseille vers L,M,43.31899760757394,5.319148487666865
201800049909,NonLethal,2018-06-22,08:15:00,Daylight,130,55,No,NoIntersection,Normal,2Vehicles-Behind,Tunnel Prado Carnage,M,43.298854363866944,5.296795534019226
201800049910,NonLethal,2018-06-22,12:45:00,Daylight,130,71,No,NoIntersection,Normal,2Vehicles-Side,A51-Sens Marseille vers,M,43.41535060558848,5.41370781935169
201800049912,NonLethal,2018-06-25,16:30:00,Daylight,130,106,No,NoIntersection,Normal,2Vehicles-Behind,A7-Sens Lyon vers Marsei,M,43.39122281128585,5.393337034455387
201800049914,NonLethal,2018-06-25,19:20:00,Daylight,130,71,No,NoIntersection,Normal,2Vehicles-Behind,A7-Sens Lyon vers Marsei,M,43.41572371525036,5.417311940074296
201800049916,NonLethal,2018-06-26,16:30:00,Daylight,130,106,No,NoIntersection,Normal,2Vehicles-Behind,A7-Sens Lyon vers Marsei,M,43.23213331351007,5.2327474725202
201800049918,NonLethal,2018-06-27,12:00:00,Daylight,130,55,No,NoIntersection,Normal,3+Vehicles-Chain,A50-Sens Marseille vers,M,43.29262002970068,5.291506156695742
201800049919,NonLethal,2018-06-28,20:35:00,Daylight,130,106,No,NoIntersection,Normal,2Vehicles-Side,A51-Sens Aix en Provence,M,43.39852586642422,5.39937638633337
201800049920,NonLethal,2018-06-28,19:30:00,Daylight,130,5,No,NoIntersection,Normal,3+Vehicles-Chain,A50-Sens Aubagne vers Ma,M,43.28732365919005,5.28792604306331
201800049921,NonLethal,2018-05-29,13:40:00,Daylight,130,55,No,NoIntersection,Normal,NoCollision,Tunnel Prado Carnage,M,43.28540776044089,5.285340736639843
201800049922,NonLethal,2018-06-28,16:00:00,Daylight,130,56,No,NoIntersection,Normal,Other,A507 sens Marseille - Au,M,43.29418586274728,5.29556810116105
201800049923,NonLethal,2018-06-30,12:00:00,Daylight,130,71,No,NoIntersection,Normal,Other,A5502G-sens Martigues ve,M,43.40267026489381,5.403548787880138
201800049924,NonLethal,2018-07-01,03:20:00,NightStreelightsOn,130,55,No,NoIntersection,Normal,Other,A50-Sens Marseille vers,M,43.16615717356315,5.166791510114444
201800049925,NonLethal,2018-01-07,06:10:00,Daylight,130,1,No,NoIntersection,Normal,Other,A51-Sens Aix en Provence,M,43.47927947070676,5.477764350845496
201800049927,NonLethal,2018-06-30,18:50:00,Daylight,130,55,Yes,NoIntersection,Normal,2Vehicles-Behind,Sens Aubagne vers Marsei,M,43.28620459770305,5.2866585403140105
201800049928,NonLethal,2018-06-27,10:00:00,Daylight,130,71,No,NoIntersection,Normal,2Vehicles-Side,A7-Sens Marseille vers L,M,43.407256842561225,5.407158859920449
201800049929,NonLethal,2018-02-07,18:15:00,Daylight,130,117,No,NoIntersection,Normal,2Vehicles-Behind,A7-Sens Marseille vers L,M,43.45692086783384,5.457571350001167
201800049932,NonLethal,2018-03-07,02:11:00,NightNoStreetLight,130,70,No,NoIntersection,Normal,2Vehicles-Behind,A50-Sens Aubagne vers Ma,M,43.28458244481837,5.285239921760372
201800049933,NonLethal,2018-07-07,01:05:00,NightNoStreetLight,130,5,No,NoIntersection,Normal,Other,A52-Sens Toulon vers Pon,M,,
201800049934,NonLethal,2018-06-22,14:00:00,Daylight,130,106,No,NoIntersection,Normal,2Vehicles-Behind,A51-Sens Marseille vers,M,43.4031428814728,5.4048747748909
201800049935,NonLethal,2018-06-07,15:15:00,Daylight,130,117,No,NoIntersection,Normal,2Vehicles-Behind,A7-Sens Lyon vers Marsei,M,43.43940314120544,5.440015211723099
201800049936,NonLethal,2018-07-07,15:00:00,Daylight,130,71,No,NoIntersection,Normal,2Vehicles-Behind,A55 - Sens Marseille ver,M,43.37304754948174,5.373218298592544
201800049937,NonLethal,2018-07-07,14:10:00,Daylight,130,56,No,NoIntersection,Normal,2Vehicles-Behind,A507 sens Aubagne- Marse,M,,
201800049938,NonLethal,2018-10-07,09:30:00,Daylight,130,71,No,NoIntersection,Normal,3+Vehicles-Chain,A7-Sens Marseille vers L,M,43.403507086433045,5.403495642112078
201800049939,NonLethal,2018-07-10,09:45:00,Daylight,130,55,No,NoIntersection,Normal,2Vehicles-Side,A55-Sens Martigues vers,M,43.21324643770261,5.211704018488376
201800049940,NonLethal,2018-07-09,17:45:00,Daylight,130,55,No,NoIntersection,Normal,Other,A55-Sens Marseille vers,M,43.34304683963513,5.342823408886948
201800049941,NonLethal,2018-10-07,18:30:00,Daylight,130,117,No,NoIntersection,Normal,3+Vehicles-Chain,A7-Sens Marseille vers L,M,,
201800049942,NonLethal,2018-10-07,23:20:00,NightNoStreetLight,130,1,No,NoIntersection,Normal,3+Vehicles-Multiple,A51-Sens Marseille vers,M,43.49843949570271,5.4999359817766456
201800049943,NonLethal,2018-07-11,20:45:00,Daylight,130,55,No,NoIntersection,Normal,Other,A7-Sens Lyon vers Marsei,M,43.34285744983499,5.341528090377197
201800049944,NonLethal,2018-11-07,19:15:00,Daylight,130,55,No,NoIntersection,Normal,2Vehicles-Behind,Sens Aubagne vers Marsei,M,48.28661605681169,5.286848903163827
201800049945,NonLethal,2018-07-12,10:15:00,Daylight,130,56,No,NoIntersection,Normal,Other,A507 sens Aubagne- Marse,M,43.33145931730363,5.335098232443809
201800049946,NonLethal,2018-07-14,04:30:00,NightNoStreetLight,130,71,No,NoIntersection,Normal,2Vehicles-Behind,A7-Sens Marseille vers L,M,43.40455921708097,5.404118742018484
201800049947,NonLethal,2018-07-16,07:45:00,NightStreelightsOn,130,55,No,NoIntersection,Normal,2Vehicles-Side,Tunnel Prado Carnage,M,43.291060488757694,5.292820632319171
201800049949,NonLethal,2018-07-19,14:30:00,Daylight,130,117,No,NoIntersection,Normal,Other,A7-Sens Lyon vers Marsei,M,,
201800049950,NonLethal,2018-07-19,10:15:00,Daylight,130,55,No,NoIntersection,Normal,2Vehicles-Behind,A7-Sens Lyon vers Marsei,M,43.32609745885394,5.328509599967875
201800049952,NonLethal,2018-07-20,20:40:00,Daylight,130,55,No,NoIntersection,Normal,2Vehicles-Behind,A50-Sens Marseille vers,M,43.28504557847268,5.285108988585404
201800049954,NonLethal,2018-07-17,10:30:00,Daylight,130,71,No,NoIntersection,Normal,2Vehicles-Behind,A7-Sens Marseille vers L,M,43.41240536698948,5.411524248386082
201800049955,NonLethal,2018-07-23,07:55:00,Daylight,130,106,No,NoIntersection,Normal,2Vehicles-Side,A51-Sens Marseille vers,M,,
201800049956,NonLethal,2018-07-26,02:00:00,NightNoStreetLight,130,55,No,NoIntersection,Normal,Other,A7-Sens Marseille vers L,M,43.35387842815621,5.353764159957307
201800049957,NonLethal,2018-07-27,07:10:00,TwilightOrDawn,130,55,No,NoIntersection,Normal,Other,A55-Sens Marseille vers,M,43.331629516690064,5.330864537924292
201800049958,NonLethal,2018-07-28,16:50:00,Daylight,130,71,No,NoIntersection,Normal,2Vehicles-Behind,A7-Sens Marseille vers L,M,43.41080862223613,5.412797483804642
201800049959,NonLethal,2018-07-27,14:40:00,Daylight,130,26,No,NoIntersection,VeryGood,2Vehicles-Side,A55-Sens Martigues vers,M,,
201800049961,NonLethal,2018-08-04,01:02:00,NightNoStreetLight,130,1,No,NoIntersection,Normal,Other,A51-Sens Marseille vers,M,43.285487954917336,5.283623260956825
201800049962,NonLethal,2018-06-08,19:30:00,Daylight,130,55,No,NoIntersection,Normal,2Vehicles-Side,Sens Aubagne vers Marsei,M,,
201800049964,NonLethal,2018-08-08,14:00:00,Daylight,130,71,No,NoIntersection,Normal,3+Vehicles-Multiple,A7-Sens Marseille vers L,M,43.40776605434098,5.407099482007237
201800049965,NonLethal,2018-08-08,19:50:00,TwilightOrDawn,130,88,No,NoIntersection,Normal,2Vehicles-Side,A55-Sens Martigues vers,M,43.39089639918818,5.3911939291414175
201800049967,NonLethal,2018-08-09,13:45:00,Daylight,130,1,No,NoIntersection,LightRain,2Vehicles-Behind,A51-Sens Marseille vers,M,43.51272539201501,5.5139994102635175
201800049968,NonLethal,2018-08-09,19:42:00,NightNoStreetLight,130,81,No,NoIntersection,HeavyRain,Other,A7-Sens Marseille vers L,M,43.49536579323987,5.495528173281592
201800049969,NonLethal,2018-11-08,08:10:00,Daylight,130,55,No,NoIntersection,Normal,2Vehicles-Behind,A7-Sens Marseille vers L,M,,
201800049971,NonLethal,2018-12-08,19:30:00,TwilightOrDawn,130,106,No,NoIntersection,Normal,2Vehicles-Behind,A51-Sens Marseille vers,M,43.40193447966891,5.401747813565502
201800049973,NonLethal,2018-08-13,08:01:00,Daylight,130,117,No,NoIntersection,Overcast,2Vehicles-Behind,A7-Sens Lyon vers Marsei,M,,
201800049974,NonLethal,2018-08-14,09:30:00,Daylight,130,15,No,NoIntersection,Normal,2Vehicles-Behind,A51-Sens Marseille vers,M,43.43057081008891,5.430245896389956
201800049975,NonLethal,2018-08-14,14:50:00,Daylight,130,55,No,NoIntersection,Normal,NoCollision,A50-Sens Marseille vers,M,,
201800049976,NonLethal,2018-08-13,16:05:00,Daylight,130,55,No,NoIntersection,Normal,3+Vehicles-Chain,A50-Sens Marseille vers,M,,
201800049977,NonLethal,2018-08-15,20:35:00,NightNoStreetLight,130,5,No,NoIntersection,Normal,3+Vehicles-Chain,A52-Sens Pont de l'Etoil,M,43.28191385892568,5.280988682717285
201800049978,Lethal,2018-08-16,02:50:00,NightNoStreetLight,130,71,No,NoIntersection,Normal,Other,A55-Sens Mlle Vieux P,M,,
201800049979,NonLethal,2018-08-18,06:40:00,Daylight,130,55,No,NoIntersection,Normal,Other,A55-Sens Marseille vers,M,43.3542795321256,5.3549954833080085
201800049981,NonLethal,2018-08-17,19:15:00,Daylight,130,5,No,NoIntersection,Normal,2Vehicles-Behind,A50-Sens Aubagne vers Ma,M,,
201800049982,NonLethal,2018-08-14,10:30:00,Daylight,130,106,No,NoIntersection,Normal,2Vehicles-Side,A51-Sens Marseille vers,M,43.40715444887523,5.408990994793262
201800049985,NonLethal,2018-08-18,08:25:00,Daylight,130,71,No,NoIntersection,Normal,2Vehicles-Behind,A51-Sens Marseille vers,M,43.41338182502392,5.414385153635294
201800049986,NonLethal,2018-08-21,11:20:00,Daylight,130,70,No,NoIntersection,Normal,2Vehicles-Behind,A5O-Sens Marseille vers,M,,
201800049988,NonLethal,2018-08-26,19:37:00,Daylight,130,55,No,NoIntersection,Normal,2Vehicles-Side,A7-Sens Marseille vers L,M,43.37203732167304,5.373914281274128
201800049989,NonLethal,2018-08-27,19:45:00,Daylight,130,55,No,NoIntersection,Normal,2Vehicles-Behind,A50-Sens Aubagne vers Ma,M,43.29201426475452,5.292086833913174
201800049990,NonLethal,2018-08-27,17:20:00,Daylight,130,55,No,NoIntersection,Normal,2Vehicles-Behind,A50-Sens Aubagne vers Ma,M,43.29564806005362,5.295556801558023
201800049992,NonLethal,2018-08-30,18:10:00,Daylight,130,55,No,NoIntersection,Normal,3+Vehicles-Chain,A50-Sens Aubagne vers Ma,M,43.28628901320523,5.286301419384248
201800049993,NonLethal,2018-08-30,19:05:00,Daylight,130,70,No,NoIntersection,Normal,2Vehicles-Behind,A50-Sens Aubagne vers Ma,M,43.28478591539042,5.285434565348058
201800049994,NonLethal,2018-08-19,08:06:00,Daylight,130,71,No,NoIntersection,Normal,NoCollision,A7-Sens Lyon vers Marsei,M,43.40452244646894,5.404026926559497
201800049995,NonLethal,2018-09-01,05:45:00,NightNoStreetLight,130,85,No,NoIntersection,Normal,Other,A5O-Sens Aubagne vers To,M,,
201800049996,NonLethal,2018-09-02,21:00:00,NightNoStreetLight,130,55,No,NoIntersection,Normal,2Vehicles-Behind,A7-Sens Lyon vers Marsei,M,43.37597177787426,5.378483792914716
201800049997,NonLethal,2018-04-09,18:30:00,Daylight,130,55,No,NoIntersection,VeryGood,3+Vehicles-Chain,A7-Sens Lyon vers Marsei,M,,
201800049999,Lethal,2018-09-06,07:32:00,Daylight,130,5,No,NoIntersection,Normal,Other,A52-Sens Toulon Marseill,M,43.31826471639445,5.317842805602109
201800050000,NonLethal,2018-09-07,14:15:00,Daylight,130,71,No,NoIntersection,Normal,3+Vehicles-Chain,A7-Sens Marseille vers L,M,43.41696747775162,5.4173206301408126
201800050001,NonLethal,2018-07-09,18:30:00,TwilightOrDawn,130,71,No,NoIntersection,Normal,3+Vehicles-Chain,A55 - Sens Marseille ver,M,43.39295012497228,5.393315153245104
201800050002,NonLethal,2018-10-09,07:50:00,Daylight,130,5,No,NoIntersection,Normal,Other,A502-Sens Toulon par R.N,M,43.28386787813076,5.284148660643259
201800050003,NonLethal,2018-09-10,08:25:00,Daylight,130,55,No,NoIntersection,Normal,2Vehicles-Behind,A7-Sens Marseille vers L,M,43.361788710991135,5.364253362513768
201800050006,NonLethal,2018-09-12,08:45:00,Daylight,130,55,No,NoIntersection,Normal,2Vehicles-Side,A7-Sens Lyon vers Marsei,M,43.41501953936896,5.41583573858038
201800050007,NonLethal,2018-09-14,14:00:00,Daylight,130,55,No,NoIntersection,Normal,2Vehicles-Behind,A50-Sens Aubagne vers Ma,M,43.28797611460624,5.287530529481573
201800050008,NonLethal,2018-09-16,01:40:00,NightNoStreetLight,130,106,No,Other,Normal,3+Vehicles-Chain,A51-Sens Aix en Provence,M,,
201800050010,NonLethal,2018-08-23,19:15:00,Daylight,130,85,No,NoIntersection,Normal,2Vehicles-Behind,A50-Sens Toulon vers Aub,M,43.25350926309645,5.253100445575287
201800050011,NonLethal,2018-09-16,17:30:00,Daylight,130,1,No,NoIntersection,Normal,Other,A51-Sens Marseille vers,M,43.50705052805166,5.50551741946186
201800050012,NonLethal,2018-09-16,15:30:00,Daylight,130,71,No,NoIntersection,Normal,2Vehicles-Side,A7-Sens Lyon vers Marsei,M,,
201800050013,NonLethal,2018-09-17,08:50:00,Daylight,130,15,No,NoIntersection,Normal,3+Vehicles-Chain,A51-Sens Marseille vers,M,,
201800050014,NonLethal,2018-09-17,08:48:00,Daylight,130,81,No,NoIntersection,Normal,2Vehicles-Behind,A7-Sens Lyon vers Marsei,M,43.49140661202286,5.489289619268146
201800050015,NonLethal,2018-09-17,08:30:00,Daylight,130,55,No,NoIntersection,Normal,2Vehicles-Behind,A50-Sens Aubagne vers Ma,M,,
201800050016,NonLethal,2018-11-09,12:30:00,Daylight,130,71,No,NoIntersection,Normal,3+Vehicles-Chain,A7-Sens Marseille vers L,M,43.41469179801887,5.411851952652397
201800050018,NonLethal,2018-09-21,13:30:00,Daylight,130,55,No,NoIntersection,Normal,2Vehicles-Side,A50-Sens Marseille vers,M,,
201800050019,NonLethal,2018-09-21,20:15:00,NightStreelightsOn,130,55,No,NoIntersection,Normal,3+Vehicles-Chain,A50-Sens Marseille vers,M,,
201800050020,NonLethal,2018-09-22,11:50:00,Daylight,130,55,No,NoIntersection,Normal,NoCollision,A7-Sens Marseille vers L,M,43.32554140350993,5.326149262439372
201800050022,NonLethal,2018-09-24,09:03:00,Daylight,130,71,No,NoIntersection,StrongWindOrStorm,3+Vehicles-Multiple,A7-Sens Marseille vers L,M,43.40602928013639,5.40507869083545