AccidentId,Gravity,Date,Hour,Light,Department,Commune,InAgglomeration,IntersectionType,Weather,CollisionType,PostalAddress,GPSCode,Latitude,Longitude
201800050023,NonLethal,2018-09-26,08:20:00,Daylight,130,71,No,NoIntersection,Normal,Other,A7-Sens Lyon vers Marsei,M,43.40590293437013,5.407911382505224
201800050024,NonLethal,2018-09-26,21:14:00,NightNoStreetLight,130,55,No,NoIntersection,Normal,2Vehicles-Side,A50-Sens Marseille vers,M,43.28388608344708,5.284176023736568
201800050025,NonLethal,2018-09-27,07:50:00,Daylight,130,55,No,NoIntersection,Normal,2Vehicles-Side,A50-Sens Marseille vers,M,,
201800050027,NonLethal,2018-09-25,07:50:00,Daylight,130,19,No,NoIntersection,Normal,2Vehicles-Behind,A51-Sens Aix en Provence,M,43.42142174316309,5.422806302044288
201800050028,NonLethal,2018-09-29,01:40:00,NightStreelightsOn,130,56,No,NoIntersection,Normal,Other,A507 sens Marseille - Au,M,43.287587229440014,5.289402544509832
201800050029,NonLethal,2018-09-29,06:25:00,NightNoStreetLight,130,55,No,NoIntersection,Normal,2Vehicles-Behind,A50-Sens Marseille vers,M,43.2908184772752,5.288860139513176
201800050030,NonLethal,2018-09-30,11:30:00,Daylight,130,55,No,NoIntersection,Normal,Other,A557-Liaison A7 Marseill,M,43.31635599216514,5.316183098045854
201800050032,NonLethal,2018-12-09,23:00:00,NightNoStreetLight,130,71,No,NoIntersection,Normal,3+Vehicles-Chain,A7-Sens Lyon vers Marsei,M,43.40317964707017,5.402878404019776
201800050033,NonLethal,2018-10-01,12:20:00,Daylight,130,56,No,NoIntersection,Normal,2Vehicles-Side,A507 sens Aubagne- Marse,M,43.313494601971854,5.313909363722209
201800050034,NonLethal,2018-10-02,08:55:00,Daylight,130,55,No,NoIntersection,Normal,2Vehicles-Behind,A50-Sens Marseille vers,M,43.28839366602389,5.287133698375496
201800050036,NonLethal,2018-10-03,17:05:00,Daylight,130,55,No,NoIntersection,Normal,3+Vehicles-Chain,A50-Sens Marseille vers,M,43.29283297256448,5.293762349928144
201800050038,NonLethal,2018-10-03,20:35:00,NightNoStreetLight,130,5,No,Other,Normal,2Vehicles-Side,A50 - Sens Aubagne vers,M,43.282169667425,5.2837508124084085
201800050039,NonLethal,2018-10-03,18:10:00,Daylight,130,88,No,NoIntersection,Normal,2Vehicles-Side,A55-Sens Martigues vers,M,43.37857923499995,5.378768928124538
201800050040,NonLethal,2018-05-10,15:00:00,Daylight,130,106,No,NoIntersection,Normal,3+Vehicles-Chain,A7-Sens Marseille vers L,M,,
201800050041,NonLethal,2018-10-05,17:30:00,Daylight,130,55,No,NoIntersection,Normal,2Vehicles-Behind,A7-Sens Lyon vers Marsei,M,43.22580960855122,5.224419509431082
201800050042,NonLethal,2018-06-10,01:34:00,NightStreelightsOn,130,55,No,NoIntersection,Normal,Other,Tunnel Prado Carnage,M,43.28554196586101,5.283596735141912
201800050043,NonLethal,2018-10-05,16:15:00,Daylight,130,5,No,NoIntersection,Normal,2Vehicles-Behind,A50-Sens Aubagne vers Ma,M,43.28585454991856,5.284808643943306
201800050044,NonLethal,2018-06-10,13:20:00,Daylight,130,81,No,Other,Normal,NoCollision,A7-Sens Marseille vers L,M,43.49299128840482,5.495491822757692
201800050045,NonLethal,2018-10-06,19:45:00,NightNoStreetLight,130,55,No,NoIntersection,Normal,2Vehicles-Behind,A7-Sens Marseille vers L,M,43.34720586466634,5.348760255316082
201800050046,NonLethal,2018-10-06,16:10:00,Daylight,130,71,No,Other,Normal,Other,A7-Sens Marseille vers L,M,43.40470175399016,5.4048010561795445
201800050047,NonLethal,2018-08-10,07:00:00,Daylight,130,71,No,NoIntersection,Normal,2Vehicles-Side,A55-Sens Martigues vers,M,43.39168726916386,5.391900515865029
201800050049,NonLethal,2018-10-09,08:45:00,Daylight,130,106,No,NoIntersection,Normal,2Vehicles-Behind,A7-Sens Lyon vers Marsei,M,43.39299258764447,5.394646852529218
201800050050,NonLethal,2018-09-10,08:00:00,Daylight,130,55,No,NoIntersection,Normal,2Vehicles-Side,A7-Sens Lyon vers Marsei,M,43.37426283371142,5.374219041537304
201800050051,NonLethal,2018-10-10,17:30:00,Daylight,130,55,No,NoIntersection,HeavyRain,2Vehicles-Behind,A7-Sens Marseille vers L,M,,
201800050052,NonLethal,2018-10-10,04:00:00,NightNoStreetLight,130,71,No,NoIntersection,Normal,Other,A55 - Sens Marseille ver,M,,
201800050053,NonLethal,2018-10-11,07:15:00,TwilightOrDawn,130,71,No,NoIntersection,Overcast,2Vehicles-Behind,A7-Sens Marseille vers L,M,43.410351968077016,5.408974442482973
201800050054,NonLethal,2018-10-09,16:43:00,Daylight,130,55,No,NoIntersection,Normal,3+Vehicles-Multiple,A7-Sens Marseille vers L,M,43.37048831533004,5.370057197672835
201800050055,NonLethal,2018-10-12,12:45:00,Daylight,130,55,No,NoIntersection,Normal,3+Vehicles-Chain,A7-Sens Marseille vers L,M,43.21203637652049,5.213220547725035
201800050056,NonLethal,2018-12-10,16:58:00,Daylight,130,55,No,NoIntersection,Normal,3+Vehicles-Chain,Tunnel Prado Carnage,M,43.2901368046975,5.289901968976859
201800050060,NonLethal,2018-10-16,13:30:00,Daylight,130,55,No,NoIntersection,Normal,Other,TVPCD-Sens Les Ports ver,M,43.29161634670884,5.289881769722231
201800050061,NonLethal,2018-10-09,08:30:00,Daylight,130,106,No,NoIntersection,Normal,3+Vehicles-Chain,A51-Sens Marseille vers,M,43.40547990151336,5.405271680528232
201800050062,NonLethal,2018-09-10,16:00:00,Daylight,130,71,No,NoIntersection,Normal,Other,A55 - Sens Marseille ver,M,43.39304911264907,5.393481283790534
201800050063,NonLethal,2018-10-18,00:41:00,NightNoStreetLight,130,15,Yes,NoIntersection,Overcast,Other,A515CD-Gardanne vers A51,M,,
201800050064,NonLethal,2018-10-14,19:10:00,NightNoStreetLight,130,55,No,NoIntersection,Normal,3+Vehicles-Multiple,A7-Sens Lyon vers Marsei,M,,
201800050065,NonLethal,2018-10-18,06:30:00,NightNoStreetLight,130,71,No,NoIntersection,Normal,Other,A7-Sens Lyon vers Marsei,M,43.40605380488741,5.406602550415958
201800050066,NonLethal,2018-10-19,08:50:00,Daylight,130,56,No,NoIntersection,Normal,3+Vehicles-Chain,A507 sens Aubagne- Marse,M,43.28751487807277,5.289285714907343
201800050068,NonLethal,2018-10-20,04:30:00,NightNoStreetLight,130,1,No,NoIntersection,Normal,2Vehicles-Behind,A51-Sens Aix en Provence,M,43.4709796535194,5.472183685144999
201800050070,NonLethal,2018-10-20,12:30:00,Daylight,130,28,No,NoIntersection,Normal,2Vehicles-Behind,A50-Sens Toulon vers Aub,M,43.209527311325736,5.209361267407696
201800050073,NonLethal,2018-10-23,18:45:00,TwilightOrDawn,130,55,No,NoIntersection,Normal,2Vehicles-Behind,A7-Sens Lyon vers Marsei,M,43.21573500652674,5.217353555836133
201800050074,NonLethal,2018-10-21,06:00:00,NightNoStreetLight,130,71,No,NoIntersection,Normal,Other,A51-Sens Aix en Provence,M,43.42200487227616,5.422473740184551
201800050076,NonLethal,2018-10-25,16:00:00,Daylight,130,55,No,NoIntersection,Normal,2Vehicles-Behind,A7-Sens Lyon vers Marsei,M,43.37897666002501,5.3764038977750666
201800050077,NonLethal,2018-10-25,19:30:00,NightNoStreetLight,130,56,No,NoIntersection,Normal,2Vehicles-Side,A55-Sens Marseille vers,M,43.41064878051679,5.408783998708584
201800050078,NonLethal,2018-10-27,02:50:00,NightNoStreetLight,130,5,No,NoIntersection,Normal,2Vehicles-Behind,A50-Sens Aubagne vers Ma,M,43.290682266050815,5.28876461749247
201800050079,NonLethal,2018-10-26,15:00:00,Daylight,130,55,No,NoIntersection,Normal,2Vehicles-Side,A50-Sens Marseille vers,M,43.28641643324245,5.285560650053612
201800050080,NonLethal,2018-10-28,02:35:00,NightNoStreetLight,130,85,No,NoIntersection,LightRain,Other,A50-Sens Toulon vers Aub,M,,
201800050081,NonLethal,2018-10-28,06:30:00,NightNoStreetLight,130,117,No,NoIntersection,LightRain,NoCollision,A7-Sens Marseille vers L,M,43.43840491409494,5.438448435092737
201800050082,NonLethal,2018-10-27,14:00:00,Daylight,130,55,No,NoIntersection,LightRain,2Vehicles-Behind,A50-Sens Marseille vers,M,,
201800050084,NonLethal,2018-10-29,09:45:00,Daylight,130,55,No,NoIntersection,LightRain,2Vehicles-Behind,A7-Sens Lyon vers Marsei,M,43.367941015437786,5.368477298402671
201800050086,NonLethal,2018-10-30,19:00:00,NightNoStreetLight,130,5,No,NoIntersection,Normal,2Vehicles-Behind,A50-Sens Marseille vers,M,,
201800050087,NonLethal,2018-10-31,17:15:00,NightNoStreetLight,130,55,No,NoIntersection,Normal,3+Vehicles-Multiple,A7-Sens Marseille vers L,M,43.350079750656256,5.3506522697347645
201800050088,NonLethal,2018-10-30,14:10:00,Daylight,130,55,No,NoIntersection,Overcast,2Vehicles-Behind,A50-Sens Marseille vers,M,43.29233444202101,5.289676689405989
201800050089,NonLethal,2018-11-01,14:00:00,Daylight,130,56,No,NoIntersection,Normal,Other,A507 sens Marseille - Au,M,43.32741906936941,5.327554458098747
201800050090,NonLethal,2018-01-11,18:40:00,NightNoStreetLight,130,55,No,NoIntersection,Overcast,2Vehicles-Behind,A50-Sens Marseille vers,M,43.2904442052626,5.292726228246514
201800050092,NonLethal,2018-11-02,14:00:00,Daylight,130,85,No,NoIntersection,LightRain,Other,A50-Sens Toulon vers Aub,M,,
201800050093,NonLethal,2018-10-18,08:30:00,Daylight,130,81,No,NoIntersection,Normal,2Vehicles-Side,A7-Sens Lyon vers Marsei,M,43.49341742306372,5.493194044152581
201800050094,NonLethal,2018-02-11,16:40:00,Daylight,130,71,No,NoIntersection,Normal,3+Vehicles-Chain,A5l-Sens Marseille vers,M,43.41235207076468,5.412238895560645
201800050095,NonLethal,2018-02-11,19:10:00,NightNoStreetLight,130,106,No,NoIntersection,Normal,3+Vehicles-Chain,A51-Sens Aix en Provence,M,43.240694444120805,5.240491721389003
201800050097,NonLethal,2018-04-11,05:30:00,NightNoStreetLight,130,55,No,NoIntersection,Normal,Other,A55-Sens Marseille vers,M,43.368917748220674,5.367242528960718
201800050098,NonLethal,2018-10-23,08:30:00,Daylight,130,55,No,NoIntersection,Normal,3+Vehicles-Chain,A50-Sens Marseille vers,M,43.28962751625285,5.289805550221415
201800050099,NonLethal,2018-11-06,01:07:00,NightNoStreetLight,130,85,No,NoIntersection,LightRain,Other,A50-Sens Toulon vers Aub,M,43.262180722283496,5.261876950524312
201800050101,NonLethal,2018-11-05,17:40:00,NightStreelightsOn,130,15,No,NoIntersection,Normal,3+Vehicles-Chain,A51-Sens Aix en Provence,M,43.474185615709146,5.473861887881004
201800050102,NonLethal,2018-11-07,02:38:00,NightNoStreetLight,130,1,No,NoIntersection,Normal,3+Vehicles-Multiple,A51-Sens Marseille vers,M,43.29214222840353,5.2921334607799055
201800050103,NonLethal,2018-06-11,22:20:00,NightNoStreetLight,130,85,No,NoIntersection,Overcast,2Vehicles-Side,A50-Sens Toulon vers Aub,M,43.26438586808453,5.265073111741005
201800050104,NonLethal,2018-07-11,11:10:00,Daylight,130,1,No,NoIntersection,Overcast,Other,A51-Sens Aix en Provence,M,43.50120464315944,5.502410987960789
201800050105,NonLethal,2018-07-11,12:30:00,Daylight,130,56,No,NoIntersection,LightRain,2Vehicles-Behind,A55-Sens Marseille vers,M,43.39980597531776,5.397155541454517
201800050106,NonLethal,2018-11-08,10:10:00,Daylight,130,55,No,NoIntersection,Normal,2Vehicles-Side,A7-Sens Marseille vers L,M,43.321104217718585,5.3219234974658445
201800050107,NonLethal,2018-11-08,08:55:00,Daylight,130,55,No,NoIntersection,Normal,2Vehicles-Behind,A7-Sens Lyon vers Marsei,M,43.36923842604205,5.36752801507765
201800050108,NonLethal,2018-10-28,18:30:00,NightStreelightsOn,130,56,No,NoIntersection,LightRain,2Vehicles-Behind,A507 sens Marseille - Au,M,,
201800050109,NonLethal,2018-05-11,10:10:00,Daylight,130,81,No,NoIntersection,Normal,2Vehicles-Behind,A7-Sens Marseille vers L,M,43.4956262793517,5.496305237257423
201800050110,NonLethal,2018-11-09,18:40:00,NightNoStreetLight,130,55,No,NoIntersection,LightRain,2Vehicles-Behind,A7-Sens Marseille vers L,M,43.310291311172136,5.312346947159726
201800050111,NonLethal,2018-11-10,13:30:00,Daylight,130,55,No,NoIntersection,Normal,3+Vehicles-Multiple,A7-Sens Marseille vers L,M,,
201800050112,NonLethal,2018-10-11,19:35:00,NightStreelightsOn,130,117,No,NoIntersection,Normal,2Vehicles-Side,A7-Sens Marseille vers L,M,,
201800050114,NonLethal,2018-11-13,08:30:00,Daylight,130,55,No,NoIntersection,Normal,2Vehicles-Side,A7-Sens Marseille vers L,M,,
201800050116,NonLethal,2018-11-13,11:00:00,Daylight,130,85,No,NoIntersection,Normal,NoCollision,A50-Sens Toulon vers Aub,M,43.24543196299867,5.243847758431162
201800050117,NonLethal,2018-11-13,09:30:00,Daylight,130,55,No,NoIntersection,Normal,NoCollision,A50-Sens Aubagne vers Ma,M,43.28509547658853,5.287633124888163
201800050118,NonLethal,2018-11-13,16:45:00,Daylight,130,55,No,NoIntersection,Normal,NoCollision,A55-Sens Marseille vers,M,43.36640397879196,5.369080404168062
201800050119,NonLethal,2018-11-13,17:00:00,NightStreelightsOn,130,56,No,NoIntersection,Normal,3+Vehicles-Chain,A507 sens Aubagne- Marse,M,43.302591889826,5.303088471561457
201800050120,NonLethal,2018-11-16,19:00:00,Daylight,130,19,No,NoIntersection,Normal,Other,A51-Sens Marseille vers,M,,
201800050123,NonLethal,2018-11-19,20:47:00,NightNoStreetLight,130,106,No,NoIntersection,Normal,2Vehicles-Behind,A51-Sens Marseille vers,M,43.40670497318112,5.406654217798913
201800050124,NonLethal,2018-11-14,08:10:00,Daylight,130,71,No,NoIntersection,Normal,2Vehicles-Behind,A55-Sens Martigues vers,M,43.37471957166823,5.375357244423764
201800050125,NonLethal,2018-11-20,13:40:00,Daylight,130,55,No,NoIntersection,LightRain,Other,A7-Sens Marseille vers L,M,43.21210585770645,5.2119308711658245
201800050126,NonLethal,2018-11-20,20:40:00,NightNoStreetLight,130,85,No,NoIntersection,HeavyRain,Other,A50-Sens Toulon vers Aub,M,43.26431905569056,5.26318819125728
201800050127,NonLethal,2018-11-22,08:35:00,Daylight,130,85,No,NoIntersection,LightRain,Other,A5O-Sens Toulon vers Aub,M,43.25382750786147,5.253660992993022
201800050128,NonLethal,2018-11-20,17:15:00,TwilightOrDawn,130,117,No,NoIntersection,HeavyRain,3+Vehicles-Chain,A7-Sens Marseille vers L,M,43.46061942882133,5.460157554025957
201800050129,NonLethal,2018-11-23,21:20:00,NightStreelightsOn,130,56,No,NoIntersection,LightRain,2Vehicles-Side,A507 sens Aubagne- Marse,M,,
201800050130,NonLethal,2018-11-23,12:45:00,Daylight,130,85,No,NoIntersection,LightRain,2Vehicles-Side,A50-Sens Toulon vers Aub,M,43.156161838962255,5.156447330304438
201800050131,NonLethal,2018-11-23,19:35:00,NightNoStreetLight,130,106,No,NoIntersection,HeavyRain,3+Vehicles-Chain,A51-Sens Aix en Provence,M,43.40270037159997,5.402947493346823
201800050132,NonLethal,2018-11-24,13:20:00,Daylight,130,71,No,NoIntersection,Normal,3+Vehicles-Chain,A51-Sens Marseille vers,M,43.41393775851046,5.4142292713486295
201800050133,NonLethal,2018-11-26,12:20:00,Daylight,130,55,No,NoIntersection,Normal,2Vehicles-Behind,A7-Sens Marseille vers L,M,,
201800050134,NonLethal,2018-11-27,08:10:00,Daylight,130,55,No,NoIntersection,Normal,NoCollision,A7-Sens Marseille vers L,M,43.33768248386978,5.338701308428245
201800050135,NonLethal,2018-11-23,21:20:00,NightNoStreetLight,130,85,No,NoIntersection,LightRain,Other,A50-Sens Toulon vers Aub,M,43.25464078130449,5.252397787429135
201800050137,NonLethal,2018-11-28,19:30:00,NightNoStreetLight,130,15,No,NoIntersection,Normal,2Vehicles-Behind,A51-Sens Aix en Provence,M,43.43971090582945,5.438620990721739
201800050138,NonLethal,2018-11-28,09:40:00,Daylight,130,56,No,NoIntersection,Normal,2Vehicles-Behind,A507 sens Aubagne- Marse,M,,
201800050139,NonLethal,2018-11-30,09:50:00,Daylight,130,55,No,NoIntersection,Normal,Other,A7-Sens Marseille vers L,M,43.3423486541312,5.341264870264061
201800050140,NonLethal,2018-11-30,17:30:00,NightNoStreetLight,130,55,No,NoIntersection,LightRain,2Vehicles-Side,A7-Sens Marseille vers L,M,43.34017998095843,5.340031975728276
201800050142,NonLethal,2018-11-30,19:00:00,NightNoStreetLight,130,117,No,NoIntersection,LightRain,Other,A7-Sens Marseille vers L,M,43.24659507948743,5.245214642120166
201800050143,NonLethal,2018-11-30,20:00:00,NightNoStreetLight,130,55,No,NoIntersection,LightRain,Other,A7-Sens Lyon vers Marsei,M,43.36776114863477,5.3678252961133
201800050144,NonLethal,2018-12-01,15:20:00,Daylight,130,19,No,NoIntersection,Normal,Other,A51-Sens Aix en Provence,M,43.420406430548525,5.420726708339613
201800050146,NonLethal,2018-12-01,12:15:00,Daylight,130,55,No,NoIntersection,Normal,2Vehicles-Side,A55-Sens Martigues vers,M,43.34574427014629,5.346478090805211
201800050147,NonLethal,2018-03-12,21:40:00,NightNoStreetLight,130,56,No,NoIntersection,Normal,Other,A507 sens Aubagne- Marse,M,43.28830457159719,5.288883912152563
201800050149,NonLethal,2018-05-12,11:40:00,Daylight,130,106,No,NoIntersection,Normal,2Vehicles-Behind,A7-Sens Marseille vers L,M,43.38740577734824,5.388116009596019
201800050150,NonLethal,2018-12-05,12:45:00,Daylight,130,55,No,NoIntersection,Normal,3+Vehicles-Multiple,A7-Sens Marseille vers L,M,43.33122525451872,5.331110294277261
201800050152,NonLethal,2018-06-12,23:50:00,NightNoStreetLight,130,5,No,NoIntersection,Normal,2Vehicles-Side,A50-Sens Marseille vers,M,43.286362090842566,5.287536630673068
201800050153,NonLethal,2018-12-07,13:25:00,Daylight,130,56,No,NoIntersection,Normal,2Vehicles-Behind,A507 sens Marseille - Au,M,43.193925403633855,5.194378051610646
201800050154,NonLethal,2018-12-07,16:40:00,Daylight,130,56,No,NoIntersection,Normal,Other,A507 sens Aubagne- Marse,M,43.325933058124896,5.325954795655725
201800050155,NonLethal,2018-08-12,06:00:00,NightNoStreetLight,130,55,No,NoIntersection,Normal,2Vehicles-Side,A7-Sens Marseille vers L,M,43.37955335476764,5.377615326918854
201800050157,NonLethal,2018-12-07,10:20:00,Daylight,130,55,No,NoIntersection,Normal,2Vehicles-Behind,A7-Sens Lyon vers Marsei,M,43.37696285206199,5.376201779467199
201800050158,NonLethal,2018-08-12,10:50:00,Daylight,130,55,No,NoIntersection,Normal,2Vehicles-Behind,A5O-Sens Marseille vers,M,43.28641470691199,5.286989223816012
201800050159,NonLethal,2018-12-08,18:30:00,NightNoStreetLight,130,71,No,NoIntersection,Normal,3+Vehicles-Multiple,A55-Sens Martigues vers,M,43.39624751574733,5.395825271952879
201800050160,NonLethal,2018-06-12,18:00:00,TwilightOrDawn,130,55,No,NoIntersection,Normal,2Vehicles-Behind,A50-Sens Marseille vers,M,43.2861661285831,5.28578869192448
201800050161,NonLethal,2018-12-10,17:45:00,NightNoStreetLight,130,71,No,NoIntersection,Normal,2Vehicles-Side,A7-Sens Lyon vers Marsei,M,43.41417996179384,5.415744354883434
201800050162,NonLethal,2018-12-09,05:18:00,NightNoStreetLight,130,1,No,NoIntersection,Normal,2Vehicles-Behind,A51-Sens Aix en Provence,M,43.28541370145989,5.284768177510271
201800050163,NonLethal,2018-12-12,11:30:00,Daylight,130,106,No,NoIntersection,Normal,3+Vehicles-Chain,A7-Sens Marseille vers L,M,43.3880011216163,5.385293505601776
201800050165,NonLethal,2018-12-12,14:40:00,Daylight,130,5,No,NoIntersection,Normal,2Vehicles-Side,A50-Sens Marseille vers,M,43.28777053997116,5.2872782105652965
201800050166,NonLethal,2018-12-13,15:30:00,Daylight,130,26,No,NoIntersection,LightRain,2Vehicles-Behind,A55-Sens Martigues vers,M,43.390072854096346,5.388551813283455
201800050167,NonLethal,2018-12-13,21:40:00,NightNoStreetLight,130,55,No,NoIntersection,Normal,2Vehicles-Behind,A55-Sens Martigues vers,M,,
201800050169,NonLethal,2018-11-12,15:45:00,Daylight,130,56,No,NoIntersection,Normal,3+Vehicles-Chain,A507 sens Marseille - Au,M,43.29840061437245,5.295144620738314
201800050170,NonLethal,2018-12-14,08:00:00,TwilightOrDawn,130,55,No,NoIntersection,Normal,NoCollision,S10CD-Sens Aubagne vers,M,43.32886049950381,5.329334589007957
201800050171,NonLethal,2018-12-14,14:00:00,Daylight,130,55,No,Other,Normal,3+Vehicles-Chain,A7-Sens Lyon vers Marsei,M,,
201800050172,NonLethal,2018-05-12,18:20:00,TwilightOrDawn,130,71,No,NoIntersection,Normal,3+Vehicles-Chain,A7-Sens Lyon vers Marsei,M,43.4113467444822,5.4130902020304745
201800050173,NonLethal,2018-12-14,16:25:00,Daylight,130,88,No,NoIntersection,VeryGood,2Vehicles-Behind,A55-Sens Marseille vers,M,,
201800050174,NonLethal,2018-12-14,15:30:00,Daylight,130,56,No,Other,Normal,2Vehicles-Side,A507 sens Aubagne- Marse,M,,
201800050175,NonLethal,2018-12-14,17:30:00,NightNoStreetLight,130,71,No,NoIntersection,Normal,2Vehicles-Side,A5502D-Sens Marseille ve,M,,
201800050176,NonLethal,2018-12-15,16:25:00,TwilightOrDawn,130,56,No,NoIntersection,Normal,Other,A507 sens Marseille - Au,M,,
201800050178,NonLethal,2018-12-15,05:30:00,NightNoStreetLight,130,70,No,NoIntersection,Normal,3+Vehicles-Multiple,A50-Sens Marseille vers,M,43.286838308007546,5.286526839912723
201800050179,Lethal,2018-12-16,01:20:00,NightNoStreetLight,130,26,No,NoIntersection,Overcast,Other,A55-Sens Marseille vers,M,,
201800050180,NonLethal,2018-12-17,09:10:00,Daylight,130,55,No,Other,Normal,2Vehicles-Behind,A7-Sens Lyon vers Marsei,M,43.37650831758175,5.375644403108122
201800050181,NonLethal,2018-12-17,18:15:00,NightStreelightsOff,130,55,No,NoIntersection,Normal,2Vehicles-Behind,A7-Sens Marseille vers L,M,43.20403147197116,5.20529658922166
201800050182,NonLethal,2018-12-17,18:30:00,NightNoStreetLight,130,106,No,NoIntersection,Normal,2Vehicles-Behind,A51-Sens Aix en Provence,M,43.24107588746941,5.241314473004602
201800050184,NonLethal,2018-12-19,08:05:00,Daylight,130,55,No,NoIntersection,LightRain,3+Vehicles-Chain,A7-Sens Lyon -  Marsei,M,43.355947536814426,5.356143926160584
201800050185,NonLethal,2018-12-19,10:30:00,Daylight,130,55,No,NoIntersection,LightRain,2Vehicles-Behind,A55-Sens Marseille vers,M,,
201800050186,NonLethal,2018-12-19,13:00:00,Daylight,130,56,No,NoIntersection,LightRain,3+Vehicles-Chain,A55-Sens Marseille vers,M,,
201800050187,NonLethal,2018-12-19,18:00:00,NightStreelightsOn,130,55,No,NoIntersection,LightRain,2Vehicles-Behind,A5O-Sens Marseille vers,M,43.28710071846403,5.283994744173456
201800050189,NonLethal,2018-12-19,16:50:00,NightNoStreetLight,130,71,No,NoIntersection,LightRain,Other,A7-Sens Marseille vers L,M,43.40654567606091,5.406511104105552
201800050190,Lethal,2018-12-18,19:50:00,NightNoStreetLight,130,117,No,NoIntersection,Normal,2Vehicles-Behind,A7-Sens Marseille vers L,M,,
201800050191,NonLethal,2018-12-21,11:30:00,Daylight,130,55,No,NoIntersection,Normal,2Vehicles-Side,Sens Aubagne vers Marsei,M,43.17206468905217,5.1707545956488445
201800050192,NonLethal,2018-12-16,21:50:00,NightStreelightsOn,130,55,No,NoIntersection,Normal,Other,TVPCM-Sens Saint Victor,M,43.29073181861767,5.292474595540202
201800050193,NonLethal,2018-12-24,10:50:00,Daylight,130,55,No,NoIntersection,Normal,3+Vehicles-Chain,A50-Sens Marseille vers,M,43.29334683729908,5.294639454114413
201800050194,NonLethal,2018-12-24,13:00:00,Daylight,130,55,No,NoIntersection,Normal,2Vehicles-Behind,A5O-Sens Marseille vers,M,43.28427337762485,5.2851006027791225
201800050197,NonLethal,2018-12-25,21:20:00,NightNoStreetLight,130,106,No,NoIntersection,Normal,3+Vehicles-Multiple,A7-Sens Marseille vers L,M,,
201800050198,NonLethal,2018-12-26,18:30:00,NightNoStreetLight,130,26,No,NoIntersection,Normal,NoCollision,A55-Sens Marseille vers,M,,
201800050199,NonLethal,2018-12-26,19:35:00,NightNoStreetLight,130,117,No,NoIntersection,Normal,2Vehicles-Behind,A7-Sens Lyon - Marsei,M,43.48590400756648,5.486246138854481
201800050200,NonLethal,2018-12-27,15:23:00,Daylight,130,55,No,NoIntersection,Normal,3+Vehicles-Multiple,A50-Sens Marseille vers,M,43.29327612562233,5.29186585515938
201800050201,NonLethal,2018-12-25,18:03:00,TwilightOrDawn,130,5,No,NoIntersection,Normal,3+Vehicles-Multiple,A50-Sens Aubagne vers Ma,M,43.28762315479038,5.287295810337919
201800050202,NonLethal,2018-12-26,19:00:00,NightNoStreetLight,130,55,No,NoIntersection,Normal,Other,A7-Sens Marseille vers L,M,43.319601553685786,5.32034971415545
201800050203,NonLethal,2018-12-30,11:15:00,Daylight,130,55,No,NoIntersection,Normal,2Vehicles-Behind,Sens Aubagne vers Marsei,M,43.29226716044791,5.29198968150895
201800050205,NonLethal,2018-12-26,00:18:00,NightNoStreetLight,130,55,No,NoIntersection,Normal,2Vehicles-Side,A7-Sens Marseille vers L,M,,
201800050207,NonLethal,2018-11-01,08:55:00,Daylight,750,101,Yes,T-type,Normal,2Vehicles-Side,"248, RUE DE RIVOLI",M,48.86465472666066,2.864960973740417
201800050208,NonLethal,2018-11-01,11:15:00,Daylight,750,101,Yes,T-type,Normal,2Vehicles-Behind,"208, RUE DE RIVOLI",M,48.86414356146365,2.8649914739962776
201800050210,NonLethal,2018-01-13,22:55:00,NightStreelightsOn,750,101,Yes,NoIntersection,Normal,2Vehicles-Behind,"166, RUE DE RIVOLI",M,48.86084947757935,2.860904095820651
201800050211,NonLethal,2018-01-19,13:30:00,Daylight,750,101,Yes,T-type,LightRain,2Vehicles-Side,QUAI FRANCOIS MITTERRAND,M,48.85940509767472,2.858998975460683
201800050212,NonLethal,2018-01-20,04:35:00,NightStreelightsOn,750,101,Yes,NoIntersection,Normal,NoCollision,RUE DE RIVOLI,M,48.860148528789495,2.862503237828541
201800050213,NonLethal,2018-01-20,13:00:00,Daylight,750,101,Yes,X-type,LightRain,Other,"12, QUAI FRANCOIS MITTER",M,48.86032940968757,2.8594922755733947
201800050215,NonLethal,2018-01-25,06:30:00,NightStreelightsOff,750,101,Yes,NoIntersection,Normal,Other,SOUTERRAIN TRANSIT HALLE,M,48.86246528922068,2.861368313696444
201800050216,NonLethal,2018-01-27,15:10:00,Daylight,750,101,Yes,NoIntersection,Normal,2Vehicles-Behind,"390, RUE SAINT HONORE",M,48.86899162739941,2.8668494802868096
201800050217,NonLethal,2018-01-30,18:35:00,NightStreelightsOn,750,101,Yes,X-type,Normal,2Vehicles-Side,RUE ETIENNE MARCEL,M,48.86419586277692,2.8654831343716656