AccidentId,Gravity,Date,Hour,Light,Department,Commune,InAgglomeration,IntersectionType,Weather,CollisionType,PostalAddress,GPSCode,Latitude,Longitude
201800050218,NonLethal,2018-01-02,17:05:00,TwilightOrDawn,750,101,Yes,T-type,LightRain,Other,"7, RUE ROUGET DE LISLE",M,48.866454615636464,2.864351301912256
201800050219,NonLethal,2018-02-02,14:00:00,Daylight,750,101,Yes,NoIntersection,Overcast,Other,"14, QUAI FRANCOIS MITTER",M,48.857604492569536,2.8601699250625248
201800050220,NonLethal,2018-05-02,15:00:00,Daylight,750,101,Yes,X-type,SnowOrHail,Other,"28, RUE SAINTE ANNE",M,48.86487833526834,2.86637745471393
201800050222,NonLethal,2018-02-15,15:10:00,Daylight,750,101,Yes,Square,LightRain,2Vehicles-Side,"l0, QUAI FRANCOIS MITTER",M,48.857969509855394,2.8603262073448987
201800050223,NonLethal,2018-02-17,00:20:00,NightStreelightsOn,750,102,Yes,MoreThan4Branches,Normal,2Vehicles-Side,"43, BOULEVARD DES CAPUCI",M,48.86812177933598,2.8685580199868967
201800050225,NonLethal,2018-02-19,16:20:00,Daylight,750,101,Yes,T-type,Overcast,Other,"224, RUE DE RIVOLI",M,48.86457411915809,2.8642228706647352
201800050226,NonLethal,2018-02-20,08:00:00,Daylight,750,104,Yes,X-type,Normal,2Vehicles-Side,QUAI DE GESVRES,M,48.85734938858636,2.8558721829579694
201800050227,NonLethal,2018-02-26,14:30:00,Daylight,750,101,Yes,T-type,Normal,NoCollision,"2, RUE DE ROHAN",M,48.861122891821616,2.864041434042797
201800050228,NonLethal,2018-03-01,18:55:00,NightStreelightsOn,750,101,Yes,X-type,Normal,Other,"29, BOULEVARD DE SEBASTO",M,48.86130345393402,2.8616203063623025
201800050229,NonLethal,2018-03-06,13:00:00,Daylight,750,101,Yes,Y-type,Normal,Other,"20/26, RUE DUPHOT",M,48.86883196192718,2.868746104681204
201800050230,NonLethal,2018-08-03,17:00:00,Daylight,750,102,Yes,Square,LightRain,2Vehicles-Side,PLACE DE L OPERA,M,48.8688593040219,2.8707907018714747
201800050231,NonLethal,2018-09-03,16:40:00,Daylight,750,101,Yes,T-type,Overcast,Other,QUAI DU LOUVRE,M,48.858817580579455,2.860719671065448
201800050232,NonLethal,2018-03-10,22:30:00,NightStreelightsOn,750,101,Yes,NoIntersection,LightRain,2Vehicles-Behind,"11, BOULEVARD DE SEBASTO",M,48.859766584398905,2.855798338388824
201800050233,NonLethal,2018-03-18,17:27:00,Daylight,750,101,Yes,T-type,SnowOrHail,2Vehicles-Side,RUE DE RIVOLI,M,48.86278535843484,2.8620192398204427
201800050234,NonLethal,2018-03-21,08:40:00,Daylight,750,101,Yes,X-type,Normal,2Vehicles-Behind,"2, QUAI DE LA MEGISSERIE",M,48.858987420492106,2.85733738105974
201800050235,NonLethal,2018-03-25,16:40:00,Daylight,750,101,Yes,Square,Normal,2Vehicles-Side,RUE DE L AMIRAL DE COLIG,M,48.86026484661708,2.859464965267612
201800050236,NonLethal,2018-03-27,09:20:00,Daylight,750,101,Yes,NoIntersection,LightRain,Other,BOULEVARD DU PALAIS,M,48.85527949578694,2.853778665097248
201800050237,NonLethal,2018-03-29,09:50:00,Daylight,750,101,Yes,X-type,Normal,Other,"75, RUE SAINT DENIS",M,48.86235972182524,2.8605224540263654
201800050238,NonLethal,2018-03-30,13:40:00,Daylight,750,101,Yes,T-type,Normal,Other,"2, RUE SAINT HONORE",M,48.862323717482646,2.859951019895512
201800050239,NonLethal,2018-03-31,12:00:00,Daylight,750,101,Yes,X-type,LightRain,2Vehicles-Side,"14, RUE DE TURBIGO",M,48.86423096855445,2.8637156196589637
201800050240,NonLethal,2018-06-04,15:40:00,Daylight,750,101,Yes,X-type,Normal,2Vehicles-Side,"172, RUE DE RIVOLI",M,48.86246000139698,2.8624263912853727
201800050241,NonLethal,2018-12-04,12:05:00,Daylight,750,101,Yes,NoIntersection,Normal,Other,QUAI DES TUILERIES,M,48.86194696583473,2.862615697367024
201800050242,NonLethal,2018-04-14,12:00:00,Daylight,750,101,Yes,X-type,Normal,Other,BOULEVARD DE SEBASTOPOL,M,48.85706705478942,2.8588315918047886
201800050244,NonLethal,2018-04-16,22:20:00,NightStreelightsOn,750,101,Yes,T-type,Normal,2Vehicles-Behind,"6, QUAI DE LA MEGISSERIE",M,48.85884595563645,2.859604231486279
201800050245,NonLethal,2018-04-18,17:55:00,Daylight,750,101,Yes,NoIntersection,VeryGood,Other,"21, RUE DUPHOT",M,48.869213344994186,2.866077053873868
201800050249,NonLethal,2018-04-21,22:50:00,NightStreelightsOn,750,101,Yes,T-type,Normal,2Vehicles-Behind,"208, RUE DE RIVOLI",M,48.86432032401371,2.8647385226425603
201800050250,NonLethal,2018-04-24,15:40:00,Daylight,750,101,Yes,X-type,Normal,2Vehicles-Side,"9, RUE DES PYRAMIDES",M,48.86447512004823,2.8652371090350863
201800050251,NonLethal,2018-04-28,00:01:00,NightStreelightsOn,750,101,Yes,X-type,Normal,2Vehicles-Side,RUE DE ROHAN,M,48.86128088231117,2.8621930236091213
201800050252,NonLethal,2018-04-30,08:53:00,Daylight,750,101,Yes,X-type,LightRain,2Vehicles-Side,"25, RUE DE LA REYNIE",M,48.859120751798415,2.8612939839841247
201800050253,NonLethal,2018-05-02,13:20:00,Daylight,750,101,Yes,T-type,Normal,2Vehicles-Behind,"105 BIS, RUE DE RIVOLI",M,48.865343232180535,2.864755366206372
201800050255,NonLethal,2018-04-05,19:50:00,Daylight,750,101,Yes,X-type,Normal,2Vehicles-Side,RUE DE RIVOLI,M,48.86083805449548,2.860937178853079
201800050256,NonLethal,2018-09-05,14:20:00,Daylight,750,101,Yes,NoIntersection,Normal,2Vehicles-Side,"45, RUE CROIX DES PETITS",M,48.86435148547262,2.864890702819209
201800050257,NonLethal,2018-05-09,17:15:00,TwilightOrDawn,750,104,Yes,X-type,Normal,2Vehicles-Side,QUAI HENRI IV,M,48.85170465151891,2.850351155339207
201800050259,NonLethal,2018-12-05,16:00:00,Daylight,750,101,Yes,NoIntersection,LightRain,NoCollision,"14, QUAI DU LOUVRE",M,48.85955236548281,2.8577859735843494
201800050260,NonLethal,2018-05-16,12:50:00,Daylight,750,101,Yes,Y-type,Normal,2Vehicles-Side,"05, AVENUE DE L OPERA",M,48.86325168766808,2.865457860130193
201800050262,NonLethal,2018-05-17,17:40:00,Daylight,750,101,Yes,T-type,Normal,Other,"14, QUAI DE LA MEGISSERI",M,48.8574426234666,2.856428782213263
201800050263,NonLethal,2018-05-22,17:45:00,Daylight,750,101,Yes,X-type,HeavyRain,Other,"02, RUE DU PONT NEUF",M,48.85586232508636,2.8586710698303195
201800050264,NonLethal,2018-05-25,12:20:00,Daylight,750,101,Yes,X-type,Normal,2Vehicles-Side,RUE SAINT HONORE,M,48.86780556603486,2.8687821705138865
201800050265,NonLethal,2018-05-25,13:00:00,Daylight,750,101,Yes,NoIntersection,Normal,2Vehicles-Side,QUAI FRANCOIS MITTERRAND,M,48.86271571195044,2.861525256696036
201800050266,NonLethal,2018-05-28,15:40:00,Daylight,750,101,Yes,Y-type,Normal,2Vehicles-Side,"12, AVENUE DE L OPERA",M,48.86449756445976,2.865615088889542
201800050267,NonLethal,2018-05-29,08:50:00,Daylight,750,109,Yes,T-type,Normal,Other,"97, RUE SAINT LAZARE",M,48.87603156460241,2.8738248834491524
201800050268,NonLethal,2018-05-30,17:40:00,Daylight,750,101,Yes,X-type,Normal,Other,"44, RUE DU LOUVRE",M,48.86397343541056,2.864333592589998
201800050269,NonLethal,2018-05-30,20:35:00,Daylight,750,101,Yes,X-type,Normal,NoCollision,BOULEVARD DE SEBASTOPOL,M,48.86159742487125,2.864909261928547
201800050271,NonLethal,2018-06-03,09:55:00,Daylight,750,101,Yes,Square,Normal,Other,"93, RUE DE RIVOLI",M,48.86126253315794,2.8626971838324744
201800050272,NonLethal,2018-06-10,14:15:00,Daylight,750,101,Yes,MoreThan4Branches,Normal,NoCollision,"31, AVENUE DE L OPERA",M,48.86822275969825,2.8656066929005712
201800050273,NonLethal,2018-06-10,16:10:00,Daylight,750,101,Yes,Square,Normal,2Vehicles-Side,"2, RUE DE L AMIRAL DE CO",M,48.86126464491765,2.859715904485907
201800050276,NonLethal,2018-06-15,16:40:00,Daylight,750,101,Yes,X-type,Normal,Other,BOULEVARD DU PALAIS,M,48.85669245990484,2.854811822211741
201800050277,NonLethal,2018-06-16,17:05:00,Daylight,750,102,Yes,X-type,Normal,Other,"77, BOULEVARD DE SEBASTO",M,48.86420468521038,2.865928205561035
201800050278,NonLethal,2018-06-17,20:35:00,Daylight,750,101,Yes,X-type,Normal,2Vehicles-Side,", RUE SAINT HONORE",M,48.86553777440107,2.865250322755038
201800050279,NonLethal,2018-06-19,20:05:00,TwilightOrDawn,750,101,Yes,Square,Normal,Other,"2, PLACE DU CARROUSEL",M,48.859293471605056,2.859905056081068
201800050281,NonLethal,2018-06-20,09:10:00,Daylight,750,101,Yes,T-type,Normal,Other,"118, RUE DE RIVOLI",M,48.85875533681804,2.862127385915556
201800050283,NonLethal,2018-06-26,02:05:00,NightStreelightsOn,750,101,Yes,X-type,Normal,Other,"259, RUE SAINT HONORE",M,48.86625749649079,2.866975704984409
201800050284,NonLethal,2018-06-28,09:10:00,Daylight,750,103,Yes,NoIntersection,Normal,Other,"50, BOULEVARD DU TEMPLE",M,48.86643712543086,2.866156565151469
201800050285,NonLethal,2018-06-29,21:00:00,Daylight,750,101,Yes,X-type,Normal,2Vehicles-Side,"134, RUE DE RIVOLI",M,48.859932907346725,2.860399847641094
201800050288,NonLethal,2018-04-07,14:50:00,Daylight,750,101,Yes,X-type,Normal,Other,"194, RUE DE RIVOLI",M,48.86227131949034,2.862919036293011
201800050289,NonLethal,2018-07-06,18:05:00,Daylight,750,101,Yes,NoIntersection,Normal,Other,"228, RUE DE RIVOLI",M,48.86617557576631,2.8669919188018484
201800050290,NonLethal,2018-07-09,08:20:00,Daylight,750,101,Yes,X-type,Normal,Other,"2, RUE DE MARENGO",M,48.86322613137534,2.8619349010690343
201800050291,NonLethal,2018-10-07,09:53:00,Daylight,750,101,Yes,T-type,Normal,2Vehicles-Behind,"194 BIS, RUE DE RIVOLI",M,48.86450764723657,2.8653424682031856
201800050292,NonLethal,2018-07-10,20:20:00,Daylight,750,101,Yes,NoIntersection,Normal,2Vehicles-Behind,"250, RUE DE RIVOLI",M,48.86599060619527,2.8671243271843263
201800050293,NonLethal,2018-07-16,23:00:00,NightStreelightsOn,750,103,Yes,X-type,Normal,Other,"72, RUE REAUMUR",M,48.86599854646809,2.866494788276191
201800050294,NonLethal,2018-07-19,08:00:00,Daylight,750,101,Yes,Square,Normal,2Vehicles-Behind,QUAI DE LA MEGISSERIE,M,48.85645853909423,2.858881895486877
201800050295,NonLethal,2018-07-19,09:45:00,Daylight,750,101,Yes,X-type,Normal,2Vehicles-Side,RUE DE RIVOLI,M,48.86256052633052,2.8600637443613817
201800050296,NonLethal,2018-07-20,00:05:00,NightStreelightsOn,750,104,Yes,T-type,Normal,3+Vehicles-Multiple,QUAI DE L HOTEL DE VILLE,M,45.85525328668886,2.8562498127532043
201800050297,NonLethal,2018-07-20,16:55:00,Daylight,750,101,Yes,Y-type,Overcast,Other,RUE DU LOUVRE,M,48.86404263138871,2.8643628159364622
201800050299,NonLethal,2018-07-23,11:40:00,Daylight,750,101,Yes,Square,Normal,Other,PLACE DU CARROUSEL,M,48.86018746433184,2.860971955723949
201800050300,NonLethal,2018-07-27,03:50:00,NightStreelightsOn,750,101,Yes,Square,Normal,Other,QUAI FRANCOIS MITTERRAND,M,48.859181174172,2.85749037828108
201800050301,NonLethal,2018-07-31,10:55:00,Daylight,750,101,Yes,Square,Normal,Other,QUAI DU LOUVRE,M,48.85813300033279,2.860115979825046
201800050302,NonLethal,2018-08-01,12:40:00,Daylight,750,102,Yes,T-type,Normal,2Vehicles-Side,BOULEVARD DE BONNE NOUVE,M,48.87256849169078,2.8700426184645846
201800050303,NonLethal,2018-08-02,15:10:00,Daylight,750,101,Yes,X-type,Normal,NoCollision,RUE ETIENNE MARCEL,M,48.86393502785244,2.8639023444190013
201800050304,NonLethal,2018-02-08,18:24:00,Daylight,750,101,Yes,NoIntersection,Normal,2Vehicles-Behind,RUE DE RIVOLI,M,48.86080353766121,2.8619300075987626
201800050305,NonLethal,2018-10-08,04:20:00,NightStreelightsOn,750,110,Yes,X-type,Normal,2Vehicles-Side,BOULEVARD SAINT DENIS,M,48.87077465277705,2.867651811004703
201800050306,NonLethal,2018-08-13,13:10:00,Daylight,750,101,Yes,Y-type,Normal,Other,BOULEVARD DE LA MADELEIN,M,48.86810823854658,2.870267644329102
201800050307,NonLethal,2018-08-20,12:00:00,Daylight,750,103,Yes,Square,Overcast,2Vehicles-Side,PLACE DE LA REPUBLIQUE,M,48.86727470416651,2.8666806281284205
201800050310,NonLethal,2018-08-28,15:10:00,Daylight,750,101,Yes,T-type,Normal,2Vehicles-Behind,QUAI FRANCOIS MITTERRAND,M,48.862720778261234,2.861061538662156
201800050311,NonLethal,2018-08-30,10:55:00,Daylight,750,109,Yes,MoreThan4Branches,Normal,3+Vehicles-Multiple,RUE LE PELETIER,M,48.87009819537421,2.871928005115061
201800050312,NonLethal,2018-08-31,17:15:00,Daylight,750,101,Yes,X-type,Normal,2Vehicles-Side,QUAI DE L HORLOGE,M,48.85488389339456,2.8554764518373816
201800050313,NonLethal,2018-08-31,21:05:00,NightStreelightsOn,750,109,Yes,X-type,Normal,2Vehicles-Side,RUE LA FAYETTE,M,,
201800050314,NonLethal,2018-09-02,02:40:00,NightStreelightsOn,750,108,Yes,Square,Normal,2Vehicles-Side,PLACE DE LA CONCORDE,M,48.86611960390067,2.865514656607465
201800050315,NonLethal,2018-06-09,11:40:00,Daylight,750,103,Yes,NoIntersection,Normal,2Vehicles-Side,RUE DE TURENNE,M,48.8639711649877,2.8644152899350184
201800050317,NonLethal,2018-09-12,09:15:00,Daylight,750,102,Yes,X-type,Normal,2Vehicles-Side,RUE D ABOUKIR,M,48.85971648393847,2.859546406361306
201800050318,NonLethal,2018-09-15,06:20:00,TwilightOrDawn,750,101,Yes,Y-type,Normal,2Vehicles-Side,AVENUE DE L OPERA,M,48.86471183804968,2.865977578573487
201800050319,NonLethal,2018-09-17,13:50:00,Daylight,750,101,Yes,T-type,Normal,Other,RUE DE RIVOLI,M,48.85976415287114,2.862534582978812
201800050320,NonLethal,2018-09-27,10:30:00,Daylight,750,101,Yes,T-type,Normal,Other,RUE DE RIVOLI,M,48.8654800635742,2.8670507811723724
201800050321,NonLethal,2018-09-28,11:15:00,Daylight,750,103,Yes,NoIntersection,Normal,2Vehicles-Side,BOULEVARD SAINT MARTIN,M,48.86928304491797,2.869318950837698
201800050322,NonLethal,2018-09-28,16:30:00,Daylight,750,101,Yes,Square,Normal,Other,AVENUE VICTORIA,M,48.85801572284472,2.856395111940738
201800050323,NonLethal,2018-09-29,13:20:00,Daylight,750,103,Yes,X-type,Normal,Other,RUE BEAUBOURG,M,48.860053404257926,2.8603157309015943
201800050324,NonLethal,2018-09-30,11:35:00,Daylight,750,101,Yes,X-type,Normal,2Vehicles-Side,RUE DES PETITS CHAMPS,M,48.867551146888346,2.8653381606322683
201800050326,NonLethal,2018-10-02,20:45:00,NightNoStreetLight,750,108,Yes,Square,LightRain,2Vehicles-Side,PLACE DE LA CONCORDE,M,,
201800050328,NonLethal,2018-10-06,16:00:00,Daylight,750,101,Yes,X-type,Normal,Other,RUE BERGER,M,48.86225821571504,2.862586830191064
201800050329,NonLethal,2018-10-07,13:50:00,Daylight,750,101,Yes,X-type,Overcast,Other,RUE DE RIVOLI,M,48.85910132361502,2.8586211183350607
201800050330,NonLethal,2018-10-14,09:51:00,Daylight,750,101,Yes,T-type,Normal,3+Vehicles-Chain,RUE DE RIVOLI,M,48.85916830118195,2.860531054591182
201800050332,NonLethal,2018-10-22,10:40:00,Daylight,750,101,Yes,X-type,LightRain,NoCollision,RUE DU LOUVRE,M,48.86435026154615,2.86465060258859
201800050333,NonLethal,2018-10-31,13:35:00,Daylight,750,101,Yes,X-type,Normal,2Vehicles-Behind,QUAI FRANCOIS MITTERRAND,M,48.858953025095104,2.860399088822189
201800050334,NonLethal,2018-11-03,10:30:00,Daylight,750,101,Yes,T-type,Normal,Other,QUAI DES TUILERIES,M,48.86234229004248,2.8615599188109315
201800050335,NonLethal,2018-07-11,19:35:00,NightStreelightsOn,750,101,Yes,NoIntersection,Normal,Other,RUE SAINT HONORE,M,48.86425998142453,2.866310940837832
201800050336,NonLethal,2018-12-11,11:15:00,Daylight,750,109,Yes,X-type,LightRain,2Vehicles-Behind,RUE AUBER,M,,
201800050337,NonLethal,2018-11-17,12:00:00,Daylight,750,101,Yes,X-type,Normal,2Vehicles-Side,RUE DE RIVOLI,M,48.85793039576977,2.8584003599522187
201800050339,NonLethal,2018-11-25,14:20:00,Daylight,750,101,Yes,NoIntersection,HeavyRain,2Vehicles-Behind,QUAI FRANCOIS MITTERRAND,M,48.859598206399326,2.8609582812715004
201800050340,NonLethal,2018-11-28,07:50:00,NightStreelightsOn,750,101,Yes,X-type,LightRain,2Vehicles-Side,BOULEVARD DU PALAIS,M,48.85717945816778,2.856474523716805
201800050341,NonLethal,2018-11-30,09:22:00,Daylight,750,101,Yes,NoIntersection,Overcast,Other,RUE SAINT HONORE,M,48.8596085442079,2.8638409268773635
201800050342,NonLethal,2018-12-01,18:45:00,NightStreelightsOn,750,101,Yes,X-type,Normal,Other,RUE DES PYRAMIDES,M,48.86122850137711,2.861045788688232
201800050343,NonLethal,2018-12-02,15:15:00,Daylight,750,101,Yes,T-type,LightRain,Other,RUE DE RIVOLI,M,48.85870317241696,2.8601530254777683
201800050344,NonLethal,2018-12-04,08:20:00,Daylight,750,101,Yes,T-type,LightRain,Other,RUE DE RIVOLI,M,48.85981681552117,2.8576527406865173
201800050346,NonLethal,2018-10-12,09:30:00,Daylight,750,101,Yes,X-type,Normal,2Vehicles-Side,RUE DE RIVOLI,M,48.86156464165652,2.859957766347156
201800050347,NonLethal,2018-12-13,14:50:00,Daylight,750,101,Yes,X-type,Normal,2Vehicles-Behind,RUE DE RIVOLI,M,48.8592598067096,2.8587631050023834
201800050348,NonLethal,2018-12-19,13:00:00,Daylight,750,101,Yes,T-type,Normal,Other,RUE SAINT HONORE,M,48.86089016257671,2.86152991364338
201800050349,NonLethal,2018-12-30,14:00:00,Daylight,750,102,Yes,X-type,Overcast,Other,RUE DES PETITS CHAMPS,M,48.86681513054273,2.868219517907764
201800050352,NonLethal,2018-01-26,17:25:00,TwilightOrDawn,750,102,Yes,X-type,Normal,2Vehicles-Side,"46, RUE POISSONNIERE",M,48.87139012064949,2.8709438045110027
201800050353,NonLethal,2018-01-27,17:30:00,TwilightOrDawn,750,102,Yes,X-type,Overcast,2Vehicles-Behind,"43, AVENUE DE L OPERA",M,48.87013054860643,2.8689235885405884
201800050354,NonLethal,2018-01-28,14:50:00,Daylight,750,102,Yes,X-type,Normal,2Vehicles-Side,"15, RUE SAINT AUGUSTIN",M,48.869690645382015,2.8668530058865564
201800050355,NonLethal,2018-01-02,15:30:00,Daylight,750,102,Yes,Square,Overcast,2Vehicles-Side,"7, PLACE DE LA BOURSE",M,48.869339087103896,2.867661731814198
201800050356,NonLethal,2018-02-02,10:45:00,Daylight,750,102,Yes,X-type,Normal,Other,"16, RUE DU CAIRE",M,48.86599575496864,2.866270497491931
201800050357,NonLethal,2018-02-02,17:30:00,TwilightOrDawn,750,102,Yes,X-type,Normal,Other,RUE REAUMUR,M,48.86650188424066,2.868608206053347
201800050358,NonLethal,2018-07-02,15:40:00,Daylight,750,102,Yes,X-type,SnowOrHail,3+Vehicles-Chain,"99, BOULEVARD DE SEBASTO",M,48.86753439210548,2.8650609394509043
201800050360,NonLethal,2018-02-24,17:20:00,Daylight,750,102,Yes,T-type,Normal,2Vehicles-Side,"15, BOULEVARD MONTMARTRE",M,48.87123749715837,2.8710134300586567
201800050361,NonLethal,2018-03-26,17:30:00,Daylight,750,102,Yes,T-type,Normal,Other,RUE VIVIENNE,M,48.86981235143456,2.869065892514312
201800050362,NonLethal,2018-02-04,21:20:00,NightStreelightsOn,750,101,Yes,Square,LightRain,2Vehicles-Behind,PLACE DU CHATELET,M,48.85843911023853,2.8580465501459607
201800050363,NonLethal,2018-06-04,14:50:00,Daylight,750,102,Yes,Square,Normal,2Vehicles-Side,"2, PLACE DE L OPERA",M,48.87017282445834,2.86873428413814
201800050365,NonLethal,2018-04-12,19:25:00,Daylight,750,101,Yes,T-type,LightRain,2Vehicles-Side,"20, RUE COQUILLIERE",M,48.86374011628057,2.8644937269706583
201800050366,NonLethal,2018-04-16,20:45:00,NightStreelightsOn,750,102,Yes,MoreThan4Branches,Normal,Other,"35, RUE DU LOUVRE",M,48.86712837952558,2.8667271479807037
201800050368,NonLethal,2018-05-05,19:00:00,Daylight,750,102,Yes,Square,Normal,Other,"3, PLACE DE L OPERA",M,48.87040217327754,2.8694869701348096
201800050369,NonLethal,2018-05-14,17:25:00,Daylight,750,102,Yes,Square,Overcast,2Vehicles-Side,PLACE DE L OPERA,M,48.87049518130826,2.872617717707723
201800050370,NonLethal,2018-05-28,19:20:00,TwilightOrDawn,750,102,Yes,X-type,HeavyRain,2Vehicles-Side,"111, RUE REAUMUR",M,48.86796278251776,2.8685863875875746
201800050372,NonLethal,2018-06-14,19:50:00,Daylight,750,102,Yes,X-type,Normal,2Vehicles-Side,", BOULEVARD DE SEBASTOPO",M,48.8672270056521,2.8666777413941222
201800050373,NonLethal,2018-06-16,13:50:00,Daylight,750,103,Yes,NoIntersection,Normal,2Vehicles-Side,"40, RUE PASTOURELLE",M,48.86281828954773,2.864325180133408
201800050374,NonLethal,2018-06-17,16:10:00,Daylight,750,102,Yes,X-type,Normal,2Vehicles-Side,"27, BOULEVARD DES CAPUCI",M,48.8697075305591,2.8695720283789603
201800050375,NonLethal,2018-06-19,12:55:00,Daylight,750,102,Yes,X-type,Normal,Other,"10, RUE SAINT AUGUSTIN",M,48.87061601376673,2.869368608608858
201800050376,NonLethal,2018-06-23,15:20:00,Daylight,750,102,Yes,T-type,Normal,3+Vehicles-Chain,"15, BOULEVARD DES ITALIE",M,48.87281759895111,2.8737514195606164
201800050377,NonLethal,2018-07-09,09:40:00,Daylight,750,103,Yes,X-type,Normal,NoCollision,"1, RUE DU GRENIER SAINT",M,48.86449799111152,2.860242010251094
201800050378,NonLethal,2018-07-15,12:30:00,Daylight,750,103,Yes,NoIntersection,Normal,2Vehicles-Behind,"11, BOULEVARD SAINT MART",M,48.86701285660325,2.86801303426517
201800050379,NonLethal,2018-07-24,19:40:00,Daylight,750,102,Yes,T-type,Normal,Other,RUE MONTMARTRE,M,48.867464149588926,2.865981495246236
201800050380,NonLethal,2018-08-08,09:10:00,Daylight,750,103,Yes,X-type,Normal,2Vehicles-Side,RUE DE BRETAGNE,M,48.86096960825568,2.8626096211738847
201800050384,NonLethal,2018-08-24,15:50:00,Daylight,750,102,Yes,NoIntersection,Normal,2Vehicles-Side,BOULEVARD DE BONNE NOUVE,M,48.86768708759082,2.870627560211873
201800050385,NonLethal,2018-09-04,09:10:00,Daylight,750,102,Yes,T-type,Normal,Other,RUE DUSSOUBS,M,,
201800050387,NonLethal,2018-09-13,17:00:00,Daylight,750,103,Yes,T-type,Normal,2Vehicles-Side,RUE DE TURENNE,M,48.86196419572117,2.8620380569571657
201800050388,NonLethal,2018-09-21,09:25:00,Daylight,750,103,Yes,T-type,Overcast,NoCollision,BOULEVARD BEAUMARCHAIS,M,48.86027568583423,2.859627301590033
201800050389,NonLethal,2018-09-27,13:20:00,Daylight,750,102,Yes,NoIntersection,Normal,2Vehicles-Behind,BOULEVARD SAINT DENIS,M,48.87056414183215,2.869483221148653
201800050391,NonLethal,2018-02-10,18:00:00,TwilightOrDawn,750,103,Yes,X-type,LightRain,Other,RUE DES HAUDRIETTES,M,,
201800050392,NonLethal,2018-05-10,17:30:00,Daylight,750,102,Yes,Square,Normal,2Vehicles-Side,PLACE DE L OPERA,M,48.87002698379845,2.8686473907861214
201800050394,NonLethal,2018-10-09,12:10:00,Daylight,750,102,Yes,X-type,Normal,Other,RUE VIVIENNE,M,48.87074808298524,2.869856372954011
201800050396,NonLethal,2018-10-23,09:30:00,Daylight,750,102,Yes,NoIntersection,Normal,Other,RUE DES CAPUCINES,M,48.871704957693424,2.871209698442448
201800050397,NonLethal,2018-10-30,18:20:00,NightStreelightsOn,750,102,Yes,T-type,Normal,Other,RUE DE LA BOURSE,M,48.86870680660525,2.869171434745675
201800050398,NonLethal,2018-10-31,08:20:00,Daylight,750,104,Yes,T-type,Overcast,2Vehicles-Side,BOULEVARD MORLAND,M,48.84852240696358,2.847656019454636
201800050399,NonLethal,2018-11-02,08:55:00,Daylight,750,102,Yes,Square,Normal,Other,BOULEVARD DES CAPUCINES,M,48.870892979371895,2.871545282421315
201800050401,NonLethal,2018-11-02,13:50:00,Daylight,750,103,Yes,T-type,Normal,Other,BOULEVARD BEAUMARCHAIS,M,48.857720625115526,2.857885951993941
201800050402,NonLethal,2018-06-11,18:00:00,TwilightOrDawn,750,102,Yes,Square,Normal,2Vehicles-Side,PLACE DE L OPERA,M,48.86925246509657,2.868118898052716
201800050403,NonLethal,2018-10-11,18:20:00,NightStreelightsOn,750,104,Yes,NoIntersection,Overcast,2Vehicles-Side,QUAI DES CELESTINS,M,48.85230146923045,2.854213005973292
201800050404,NonLethal,2018-11-16,19:35:00,TwilightOrDawn,750,102,Yes,NoIntersection,Normal,2Vehicles-Side,BOULEVARD DES CAPUCINES,M,48.86980934863878,2.871347349691823
201800050407,NonLethal,2018-11-30,19:20:00,NightStreelightsOn,750,102,Yes,Y-type,Normal,2Vehicles-Side,AVENUE DE L OPERA,M,,
201800050409,NonLethal,2018-12-13,09:00:00,Daylight,750,103,Yes,NoIntersection,Normal,Other,RUE DES FILLES DU CALVAI,M,48.86437515972988,2.862236207821522
201800050410,NonLethal,2018-12-16,13:15:00,Daylight,750,102,Yes,MoreThan4Branches,Overcast,Other,BOULEVARD SAINT DENIS,M,48.86935160555395,2.8687185501355685
201800050411,NonLethal,2018-12-28,18:55:00,NightStreelightsOn,750,104,Yes,T-type,Normal,Other,RUE SAINT ANTOINE,M,48.85002548775988,2.851128157264667
201800050412,NonLethal,2018-01-05,18:40:00,NightStreelightsOn,750,103,Yes,NoIntersection,Normal,Other,"11, RUE DE LA PERLE",M,48.85931466474802,2.8580718845627904
201800050414,NonLethal,2018-01-23,15:27:00,Daylight,750,103,Yes,T-type,Normal,2Vehicles-Behind,"68, BOULEVARD DE SEBASTO",M,48.86497031461307,2.8634553655478947
201800050415,NonLethal,2018-01-24,11:30:00,Daylight,750,103,Yes,X-type,Normal,Other,"57, RUE DE TURBIGO",M,48.86488478019787,2.866232841597771
201800050416,NonLethal,2018-01-25,23:10:00,NightStreelightsOn,750,103,Yes,X-type,Normal,Other,"12, RUE DES FRANCS BOURG",M,48.85578986289804,2.858200501244464
201800050417,NonLethal,2018-01-26,07:30:00,TwilightOrDawn,750,103,Yes,X-type,Normal,Other,"187, RUE SAINT MARTIN",M,48.86390616926136,2.864703442325495
201800050418,NonLethal,2018-01-29,21:30:00,NightStreelightsOn,750,101,Yes,X-type,Normal,2Vehicles-Side,RUE DE RIVOLI,M,48.86095903748571,2.860646464157461
201800050419,NonLethal,2018-01-31,17:50:00,NightStreelightsOn,750,103,Yes,X-type,Normal,Other,"15, RUE DU GRENIER SAINT",M,48.862164343784485,2.862894558626792
201800050420,NonLethal,2018-02-02,14:36:00,Daylight,750,103,Yes,T-type,LightRain,Other,"1, RUE SAINT CLAUDE",M,48.85984238256113,2.8602989211479954
201800050421,NonLethal,2018-05-02,09:20:00,Daylight,750,103,Yes,Square,SnowOrHail,2Vehicles-Side,"13, PLACE DE LA REPUBLIQ",M,48.86774810758412,2.8672873503668552
201800050422,NonLethal,2018-05-02,23:00:00,NightStreelightsOn,750,103,Yes,X-type,LightRain,Other,BOULEVARD DE SEBASTOPOL,M,48.86571063802506,2.8640040663022317