AccidentId,Gravity,Date,Hour,Light,Department,Commune,InAgglomeration,IntersectionType,Weather,CollisionType,PostalAddress,GPSCode,Latitude,Longitude
201800050423,NonLethal,2018-08-02,18:10:00,NightStreelightsOn,750,103,Yes,Square,Normal,Other,RUE DU TEMPLE,M,48.8675249968313,2.866621923217714
201800050424,NonLethal,2018-09-02,08:50:00,Daylight,750,103,Yes,T-type,Normal,Other,"56, RUE DE TURENNE",M,48.85888670604796,2.857895356629288
201800050425,NonLethal,2018-02-13,19:50:00,NightStreelightsOn,750,103,Yes,Y-type,LightRain,2Vehicles-Behind,"170, RUE DU TEMPLE",M,48.86562993688801,2.8663488379735567
201800050426,NonLethal,2018-02-16,14:20:00,Daylight,750,103,Yes,X-type,Normal,2Vehicles-Side,"13, RUE AUX OURS",M,48.86343987940209,2.863743141346653
201800050427,NonLethal,2018-03-03,21:00:00,NightStreelightsOn,750,104,Yes,T-type,Overcast,NoCollision,"48, RUE DE RIVOLI",M,48.856734862669214,2.85456226429954
201800050428,NonLethal,2018-03-04,19:50:00,NightStreelightsOn,750,103,Yes,Y-type,Overcast,Other,"170, RUE DU TEMPLE",M,48.86681639878717,2.8673879002820333
201800050429,NonLethal,2018-07-03,07:00:00,NightStreelightsOn,750,103,Yes,X-type,LightRain,2Vehicles-Side,", BOULEVARD DE SEBASTOPO",M,48.86242188177317,2.8619245823528803
201800050430,NonLethal,2018-07-03,08:35:00,Daylight,750,103,Yes,X-type,LightRain,2Vehicles-Side,BOULEVARD DE SEBASTOPOL,M,48.863719985226616,2.864837956735022
201800050431,NonLethal,2018-03-13,12:30:00,Daylight,750,102,Yes,Square,Normal,2Vehicles-Side,"4, PLACE DE L OPERA",M,48.86866307367411,2.869654832654823
201800050432,NonLethal,2018-03-17,15:10:00,Daylight,750,103,Yes,X-type,SnowOrHail,Other,"38, RUE DE BRETAGNE",M,48.86232094516997,2.8626091168330747
201800050433,NonLethal,2018-03-24,22:00:00,NightStreelightsOn,750,104,Yes,X-type,Normal,2Vehicles-Behind,RUE DE LA VERRERIE,M,48.85894762611945,2.8584376192914824
201800050434,NonLethal,2018-03-26,09:10:00,Daylight,750,103,Yes,X-type,Normal,2Vehicles-Side,"64, RUE REAUMUR",M,48.86544620892354,2.8653863671619777
201800050436,NonLethal,2018-03-29,06:40:00,NightStreelightsOn,750,103,Yes,X-type,Normal,2Vehicles-Side,"92, BOULEVARD DE SEBASTO",M,48.86415051183374,2.866260652434552
201800050437,NonLethal,2018-03-29,09:50:00,Daylight,750,103,Yes,X-type,Normal,Other,"97, RUE DE TURENNE",M,48.86179584874129,2.862425000161622
201800050439,NonLethal,2018-04-05,20:40:00,NightStreelightsOn,750,103,Yes,Square,Normal,2Vehicles-Side,"23, PLACE DE LA REPUBLIQ",M,48.86676866704159,2.867210621986533
201800050441,NonLethal,2018-04-13,15:00:00,Daylight,750,103,Yes,Y-type,Normal,2Vehicles-Behind,"103, BOULEVARD BEAUMARCH",M,48.86002794620695,2.8596158670651977
201800050442,NonLethal,2018-04-16,19:40:00,Daylight,750,103,Yes,X-type,Normal,NoCollision,"167, RUE DU TEMPLE",M,48.86570996808306,2.8635602923548755
201800050443,NonLethal,2018-04-18,22:10:00,NightStreelightsOn,750,104,Yes,T-type,Normal,Other,QUAI DE L HOTEL DE VILLE,M,48.85583544666196,2.8552905098700188
201800050444,NonLethal,2018-04-20,18:00:00,Daylight,750,103,Yes,NoIntersection,Normal,2Vehicles-Side,RUE BEAUBOURG,M,48.862889273612105,2.8622328864591107
201800050445,NonLethal,2018-04-20,22:40:00,NightStreelightsOn,750,103,Yes,X-type,Normal,Other,"78, RUE VIEILLE DU TEMPL",M,48.86105147207196,2.861409902434487
201800050446,NonLethal,2018-04-23,09:40:00,Daylight,750,103,Yes,NoIntersection,Normal,2Vehicles-Side,"22, RUE DES FRANCS BOURG",M,48.85704374273298,2.8567798701736358
201800050447,NonLethal,2018-04-24,18:55:00,Daylight,750,103,Yes,T-type,Normal,2Vehicles-Side,"3, RUE DU PARC ROYAL",M,48.85637011868541,2.857266137497071
201800050448,NonLethal,2018-04-25,14:30:00,Daylight,750,110,Yes,NoIntersection,Normal,2Vehicles-Side,"18, BOULEVARD SAINT MART",M,48.86877789349996,2.867872173229931
201800050449,NonLethal,2018-04-26,16:25:00,Daylight,750,103,Yes,X-type,Normal,2Vehicles-Side,"64, RUE REAUMUR",M,48.86541010199249,2.8662361683268265
201800050450,NonLethal,2018-02-05,17:40:00,Daylight,750,103,Yes,X-type,Normal,2Vehicles-Side,"178, RUE DU TEMPLE",M,48.86716072853449,2.865960832370096
201800050451,NonLethal,2018-05-03,08:45:00,Daylight,750,103,Yes,NoIntersection,Normal,2Vehicles-Behind,"60, RUE VIEILLE DU TEMPL",M,48.85962751422307,2.857812510403795
201800050452,NonLethal,2018-09-05,15:50:00,Daylight,750,103,Yes,Square,Normal,2Vehicles-Side,"23, PLACE DE LA REPUBLIQ",M,48.86623026414273,2.869019226832658
201800050453,NonLethal,2018-09-05,20:15:00,TwilightOrDawn,750,104,Yes,T-type,Normal,2Vehicles-Side,"40, QUAI DES CELESTINS",M,48.85482320930213,2.8513535692883454
201800050454,NonLethal,2018-05-14,12:40:00,Daylight,750,103,Yes,X-type,Overcast,2Vehicles-Side,"46, RUE DE BRETAGNE",M,48.86275524754221,2.862015406275886
201800050455,NonLethal,2018-05-22,19:45:00,Daylight,750,101,Yes,T-type,Normal,Other,RUE DE L ECHELLE,M,48.863261320824016,2.8667371068772693
201800050456,NonLethal,2018-05-27,03:25:00,NightStreelightsOn,750,103,Yes,X-type,Normal,Other,"13, BOULEVARD DES FILLES",M,48.86089365034497,2.863829797534988
201800050457,NonLethal,2018-05-29,23:25:00,NightStreelightsOn,750,103,Yes,NoIntersection,HeavyRain,2Vehicles-BehindVehicles-Frontal,"25, RUE DES FILLES DU CA",M,48.86330345037268,2.862884187557499
201800050458,NonLethal,2018-06-02,17:50:00,Daylight,750,103,Yes,X-type,Normal,Other,", RUE SAINT MARTIN",M,48.86756112769013,2.8649426953994737
201800050459,NonLethal,2018-06-04,21:40:00,NightStreelightsOn,750,103,Yes,X-type,Normal,2Vehicles-Side,"01, RUE DES ARCHIVES",M,48.86221254938435,2.860748451428699
201800050460,NonLethal,2018-06-08,17:10:00,Daylight,750,103,Yes,X-type,Normal,2Vehicles-Side,"60, BOULEVARD DE SEBASTO",M,48.86376123154552,2.86225140226542
201800050461,NonLethal,2018-06-08,22:12:00,NightStreelightsOn,750,103,Yes,Y-type,Overcast,Other,"174, RUE DU TEMPLE",M,48.86514523695576,2.865831541579213
201800050462,NonLethal,2018-11-06,16:45:00,Daylight,750,103,Yes,X-type,Overcast,2Vehicles-Side,"51, BOULEVARD SAINT MART",M,48.868905259013765,2.870044798610267
201800050463,NonLethal,2018-12-06,17:25:00,Daylight,750,103,Yes,X-type,Normal,Other,"43, RUE REAUMUR",M,48.866825492006974,2.8662582037530173
201800050464,NonLethal,2018-06-18,06:58:00,Daylight,750,103,Yes,T-type,Normal,Other,"28, RUE BEAUBOURG",M,48.86137068349938,2.860093877613631
201800050465,NonLethal,2018-06-25,17:25:00,Daylight,750,102,Yes,X-type,Normal,2Vehicles-Behind,"23, RUE DES CAPUCINES",M,48.87032800786845,2.8685703896048107
201800050466,NonLethal,2018-03-07,12:50:00,Daylight,750,103,Yes,T-type,Normal,2Vehicles-Behind,"77, RUE DE TURBIGO",M,48.86396867368212,2.8675134746889173
201800050467,NonLethal,2018-07-04,20:15:00,Daylight,750,103,Yes,NoIntersection,Normal,Other,"123, BOULEVARD DE SEBAST",M,48.86851491622883,2.867137614744615
201800050468,NonLethal,2018-07-18,20:15:00,Daylight,750,103,Yes,NoIntersection,Normal,2Vehicles-Behind,RUE DU VERTBOIS,M,,
201800050469,NonLethal,2018-07-22,00:15:00,NightStreelightsOn,750,102,Yes,X-type,Normal,2Vehicles-Side,RUE DU QUATRE SEPTEMBRE,M,48.87012164832418,2.86853065638553
201800050470,NonLethal,2018-07-27,18:50:00,Daylight,750,104,Yes,X-type,HeavyRain,Other,RUE DES ARCHIVES,M,48.51538182491247,2.514606849351009
201800050471,NonLethal,2018-05-08,15:30:00,Daylight,750,103,Yes,X-type,Normal,Other,RUE BEAUBOURG,M,48.864775114548245,2.864067150261662
201800050473,NonLethal,2018-08-15,14:15:00,Daylight,750,104,Yes,X-type,Normal,Other,RUE DES FRANCS BOURGEOIS,M,48.858310248746136,2.857890571763679
201800050475,NonLethal,2018-09-01,15:30:00,Daylight,750,104,Yes,X-type,Normal,2Vehicles-Side,AVENUE VICTORIA,M,48.85769195289513,2.85671693593429
201800050476,NonLethal,2018-09-05,23:15:00,NightStreelightsOn,750,103,Yes,T-type,Normal,2Vehicles-Side,RUE BEAUBOURG,M,48.86086689227445,2.862104673601194
201800050479,NonLethal,2018-09-22,00:15:00,NightStreelightsOn,750,103,Yes,X-type,Normal,2Vehicles-Side,RUE BEAUBOURG,M,48.85883908753893,2.8585299101278
201800050480,NonLethal,2018-09-25,08:45:00,Daylight,750,103,Yes,NoIntersection,VeryGood,Other,BOULEVARD SAINT MARTIN,M,48.858640357252575,2.8591351858684493
201800050481,NonLethal,2018-09-26,17:35:00,Daylight,750,103,Yes,X-type,Normal,Other,RUE REAUMUR,M,48.865330649390295,2.865605027775505
201800050482,NonLethal,2018-09-29,03:52:00,NightStreelightsOn,750,102,Yes,X-type,Normal,Other,RUE REAUMUR,M,48.868917064569146,2.868252263026173
201800050484,NonLethal,2018-04-10,23:41:00,NightStreelightsOn,750,103,Yes,T-type,Normal,Other,BOULEVARD SAINT DENIS,M,48.869342018263566,2.8674519787234742
201800050486,NonLethal,2018-11-10,17:20:00,Daylight,750,104,Yes,NoIntersection,Normal,Other,RUE DE RIVOLI,M,48.857642450753005,2.857451404351424
201800050487,NonLethal,2018-10-15,11:49:00,Daylight,750,103,Yes,NoIntersection,Normal,Other,RUE DEBELLEYME,M,48.85989124154811,2.8620578656585187
201800050489,NonLethal,2018-10-17,20:50:00,NightStreelightsOn,750,103,Yes,NoIntersection,Normal,2Vehicles-Side,BOULEVARD SAINT MARTIN,M,48.86741521054242,2.8684779359023582
201800050490,NonLethal,2018-10-22,14:20:00,Daylight,750,103,Yes,NoIntersection,Overcast,Other,RUE FROISSART,M,48.86057279578269,2.861415928256652
201800050491,NonLethal,2018-10-23,07:15:00,TwilightOrDawn,750,103,Yes,T-type,Normal,2Vehicles-Side,PLACE DE LA REPUBLIQUE,M,48.867596267486114,2.8666336919805397
201800050493,NonLethal,2018-10-23,18:40:00,NightStreelightsOn,750,103,Yes,X-type,Normal,Other,RUE BEAUBOURG,M,48.8621227997668,2.863352715184399
201800050494,NonLethal,2018-10-28,19:40:00,NightStreelightsOn,750,104,Yes,X-type,Normal,2Vehicles-Side,QUAI DES CELESTINS,M,48.85045076734718,2.848884871820418
201800050497,NonLethal,2018-10-31,23:50:00,NightStreelightsOn,750,102,Yes,NoIntersection,Normal,3+Vehicles-Multiple,BOULEVARD POISSONNIERE,M,48.87031500782559,2.8709426488070884
201800050498,NonLethal,2018-11-05,17:20:00,TwilightOrDawn,750,104,Yes,NoIntersection,Normal,Other,BOULEVARD DE SEBASTOPOL,M,48.80027333457888,2.799574909685182
201800050499,NonLethal,2018-11-06,14:14:00,Daylight,750,103,Yes,NoIntersection,Normal,2Vehicles-Side,BOULEVARD DU TEMPLE,M,,
201800050500,NonLethal,2018-07-11,04:39:00,NightStreelightsOn,750,101,Yes,Square,LightRain,2Vehicles-Side,PLACE DU CARROUSEL,M,48.8618134652982,2.86109115746356
201800050501,NonLethal,2018-11-07,18:50:00,NightStreelightsOn,750,104,Yes,X-type,Normal,NoCollision,RUE DES ARCHIVES,M,48.85749976808304,2.8567941487457813
201800050502,NonLethal,2018-11-18,15:35:00,Daylight,750,103,Yes,T-type,Normal,2Vehicles-Side,RUE DE TURENNE,M,48.8616703677834,2.8615857676675365
201800050505,NonLethal,2018-05-12,01:30:00,NightStreelightsOn,750,103,Yes,X-type,Normal,Other,BOULEVARD DES FILLES DU,M,48.86268016767436,2.859618866149128
201800050506,NonLethal,2018-12-05,22:30:00,NightStreelightsOn,750,101,Yes,Y-type,LightRain,2Vehicles-Side,RUE SAINT HONORE,M,48.8617928984196,2.862844480724928
201800050508,NonLethal,2018-10-12,23:10:00,NightStreelightsOn,750,104,Yes,T-type,Normal,Other,RUE DE RIVOLI,M,,
201800050509,NonLethal,2018-12-18,16:35:00,Daylight,750,103,Yes,MoreThan4Branches,Normal,2Vehicles-Side,RUE DE TURENNE,M,48.860538203023474,2.8593637080154712
201800050510,NonLethal,2018-12-19,14:20:00,Daylight,750,102,Yes,Square,Normal,2Vehicles-Side,BOULEVARD DES CAPUCINES,M,48.86977587114107,2.8705647964814416
201800050511,NonLethal,2018-12-20,12:15:00,Daylight,750,103,Yes,NoIntersection,Normal,Other,RUE MESLAY,M,48.86894331007241,2.869526586826635
201800050512,NonLethal,2018-12-26,11:20:00,Daylight,750,102,Yes,NoIntersection,Normal,2Vehicles-Behind,RUE D ABOUKIR,M,48.8669004796087,2.8674526063804637
201800050513,NonLethal,2018-12-27,00:50:00,NightStreelightsOn,750,103,Yes,X-type,Normal,Other,RUE DE TURBIGO,M,48.86430420176505,2.864336625426499
201800050514,NonLethal,2018-12-28,11:50:00,Daylight,750,103,Yes,T-type,Normal,Other,RUE DU BOURG L ABBE,M,,
201800050515,NonLethal,2018-02-01,16:25:00,Daylight,750,104,Yes,T-type,LightRain,2Vehicles-Behind,"72, RUE SAINT ANTOINE",M,48.85346218707171,2.8555233285093657
201800050517,NonLethal,2018-10-01,10:00:00,Daylight,750,104,Yes,Y-type,LightRain,2Vehicles-Behind,", RUE PAVEE",M,48.85473660998689,2.859020989515676
201800050518,NonLethal,2018-01-17,10:50:00,Daylight,750,104,Yes,X-type,Normal,2Vehicles-Side,"21, RUE SAINT ANTOINE",M,48.85418681371325,2.853242713463965
201800050519,NonLethal,2018-01-18,16:10:00,Daylight,750,104,Yes,X-type,Normal,2Vehicles-Behind,"01, BOULEVARD BOURDON",M,48.84761440951186,2.847540161442519
201800050520,NonLethal,2018-01-23,19:50:00,NightStreelightsOn,750,104,Yes,T-type,Normal,2Vehicles-Behind,PONT DE SULLY,M,48.85093638903595,2.8510534508210017
201800050521,NonLethal,2018-01-25,10:15:00,Daylight,750,104,Yes,NoIntersection,LightRain,2Vehicles-Side,"10, BOULEVARD DE SEBASTO",M,48.86128333722434,2.858614396330183
201800050522,NonLethal,2018-01-26,08:30:00,Daylight,750,104,Yes,T-type,Normal,Other,"27, RUE DES ARCHIVES",M,48.85978056740854,2.8581925434775943
201800050523,NonLethal,2018-01-28,03:35:00,NightStreelightsOn,750,104,Yes,X-type,LightRain,2Vehicles-Side,BOULEVARD HENRI IV,M,48.85250979057776,2.851755050005924
201800050524,NonLethal,2018-12-20,10:05:00,Daylight,750,104,Yes,T-type,Normal,Other,RUE SAINT ANTOINE,M,48.854613946357006,2.856227461520371
201800050526,NonLethal,2018-02-04,03:50:00,NightStreelightsOn,750,103,Yes,Square,HeavyRain,Other,RUE DU TEMPLE,M,48.867631282555706,2.8669912427266486
201800050527,NonLethal,2018-07-02,17:45:00,NightStreelightsOn,750,104,Yes,NoIntersection,SnowOrHail,NoCollision,"10, RUE VIEILLE DU TEMPL",M,48.8545501793675,2.8561697668066803
201800050528,NonLethal,2018-02-17,18:45:00,NightStreelightsOn,750,109,Yes,X-type,Normal,2Vehicles-Side,"5, RUE DE CHATEAUDUN",M,48.87295223215202,2.876464612972338
201800050529,NonLethal,2018-02-21,13:40:00,Daylight,750,104,Yes,X-type,Normal,2Vehicles-Side,"72, RUE SAINT LOUIS EN L",M,48.853323284454106,2.852504805300992
201800050530,NonLethal,2018-02-25,20:30:00,NightStreelightsOn,750,104,Yes,X-type,Normal,2Vehicles-Side,"27, RUE DES FRANCS BOURG",M,48.8569745171282,2.8554046666832247
201800050531,NonLethal,2018-03-03,18:50:00,NightStreelightsOn,750,109,Yes,NoIntersection,Normal,3+Vehicles-Chain,"32, RUE DE CHATEAUDUN",M,48.87435126416273,2.8752170510674726
201800050532,NonLethal,2018-06-03,19:08:00,NightStreelightsOn,750,104,Yes,X-type,LightRain,Other,QUAI DE L HOTEL DE VILLE,M,48.85397946896388,2.855091780714189
201800050533,NonLethal,2018-03-15,15:35:00,Daylight,750,104,Yes,X-type,Normal,Other,"22, RUE DU ROI DE SICILE",M,48.85580629479014,2.853750206435547
201800050534,NonLethal,2018-03-20,11:00:00,Daylight,750,104,Yes,NoIntersection,Normal,Other,"9, RUE DES LIONS SAINT P",M,48.85133147820133,2.850457848822077
201800050535,NonLethal,2018-03-23,10:45:00,Daylight,750,103,Yes,NoIntersection,Normal,Other,"7, BOULEVARD SAINT MARTI",M,48.86911917646205,2.8680932848895355
201800050536,NonLethal,2018-03-23,15:55:00,Daylight,750,104,Yes,NoIntersection,Overcast,Other,"14, BOULEVARD DE SEBASTO",M,48.86042534616966,2.8601365882636105
201800050537,NonLethal,2018-03-25,11:30:00,Daylight,750,104,Yes,X-type,Normal,2Vehicles-Side,QUAI DE GESVRES,M,48.8582796538129,2.855629392049654
201800050538,NonLethal,2018-03-27,11:00:00,Daylight,750,104,Yes,X-type,HeavyRain,Other,"09, RUE DES ARCHIVES",M,48.85861151543257,2.8571712835423706
201800050539,NonLethal,2018-04-05,16:00:00,Daylight,750,104,Yes,T-type,Normal,2Vehicles-Behind,"32, QUAI HENRI IV",M,48.84897403322625,2.848676444456434
201800050540,NonLethal,2018-04-09,21:45:00,NightStreelightsOn,750,109,Yes,NoIntersection,LightRain,Other,"08, RUE DE LIEGE",M,48.88002624771499,2.8797801159949747
201800050541,NonLethal,2018-04-10,11:20:00,Daylight,750,104,Yes,X-type,Normal,2Vehicles-Side,"6, RUE DE LA CITE",M,48.85487713915491,2.851778497528145
201800050542,NonLethal,2018-04-12,20:30:00,NightStreelightsOn,750,103,Yes,T-type,LightRain,Other,"164, RUE DU TEMPLE",M,48.86539290999752,2.865266931194903
201800050544,NonLethal,2018-04-14,12:40:00,Daylight,750,104,Yes,Square,Normal,2Vehicles-Side,"07, PLACE DE LA BASTILLE",M,48.85232130430101,2.855155201989428
201800050545,NonLethal,2018-04-17,18:50:00,TwilightOrDawn,750,104,Yes,T-type,Normal,Other,"10, RUE CHARLEMAGNE",M,48.85387050521155,2.853166454084995
201800050546,NonLethal,2018-04-19,19:00:00,Daylight,750,104,Yes,X-type,Normal,Other,"16, RUE DU PONT LOUIS PH",M,48.85643252306957,2.8549235248970204
201800050547,NonLethal,2018-04-24,02:20:00,NightStreelightsOn,750,104,Yes,X-type,Normal,2Vehicles-Side,"20, RUE BEAUBOURG",M,48.86130732000832,2.8590998306551056
201800050548,NonLethal,2018-05-04,10:30:00,Daylight,750,104,Yes,NoIntersection,Normal,3+Vehicles-Chain,"18, QUAI HENRI IV",M,48.84767591808246,2.8485077107251846
201800050549,NonLethal,2018-06-05,18:30:00,Daylight,750,103,Yes,T-type,Normal,Other,"79, RUE DE TURENNE",M,48.86172295264125,2.860177635686493
201800050550,NonLethal,2018-05-07,13:20:00,Daylight,750,104,Yes,NoIntersection,Normal,Other,QUAI DE L ARCHEVECHE,M,48.85167909137812,2.8521081154079755
201800050551,NonLethal,2018-05-09,23:45:00,NightStreelightsOn,750,104,Yes,T-type,Normal,2Vehicles-Behind,"2, RUE DE LOBAU",M,48.85761251808093,2.854240570402393
201800050552,NonLethal,2018-05-17,16:40:00,Daylight,750,104,Yes,T-type,Normal,Other,"81, RUE SAINT ANTOINE",M,48.85593807606386,2.8540547803388967
201800050553,NonLethal,2018-05-18,13:45:00,Daylight,750,104,Yes,T-type,Normal,Other,"20, RUE DE RIVOLI",M,48.854941855169486,2.8547509868816707
201800050554,NonLethal,2018-05-25,12:50:00,Daylight,750,104,Yes,Square,Normal,2Vehicles-Side,PLACE DU CHATELET,M,48.85846134827896,2.8583413787519514
201800050555,NonLethal,2018-05-27,10:30:00,Daylight,750,104,Yes,X-type,Normal,2Vehicles-Side,"96, RUE DE RIVOLI",M,48.85886167744872,2.8581136944080185
201800050556,NonLethal,2018-05-27,18:15:00,Daylight,750,103,Yes,T-type,Normal,Other,"3, RUE PERREE",M,48.865007955651485,2.8635890165397786
201800050557,NonLethal,2018-05-28,03:45:00,NightStreelightsOn,750,104,Yes,X-type,Normal,3+Vehicles-Chain,RUE DES NONNAINS D HYERE,M,48.85251848767415,2.8546251742136444
201800050559,NonLethal,2018-06-02,23:15:00,NightStreelightsOn,750,104,Yes,T-type,Normal,2Vehicles-Side,"1, BOULEVARD HENRI IV",M,48.84887448687854,2.849307969936256
201800050560,NonLethal,2018-05-06,11:25:00,Daylight,750,104,Yes,NoIntersection,LightRain,NoCollision,"2, QUAI HENRI IV",M,48.84758851276199,2.847011381993161
201800050561,NonLethal,2018-05-06,18:25:00,Daylight,750,104,Yes,X-type,Overcast,Other,"2, BOULEVARD DE SEBASTOP",M,48.85788156743188,2.857004959299595
201800050562,NonLethal,2018-07-06,16:00:00,Daylight,750,104,Yes,X-type,Normal,2Vehicles-Side,"41, BOULEVARD HENRI IV",M,48.8528202060368,2.8524646158566656
201800050563,NonLethal,2018-12-06,08:40:00,Daylight,750,104,Yes,NoIntersection,LightRain,Other,"20, RUE DU RENARD",M,48.86048528871135,2.861622721944303
201800050565,NonLethal,2018-06-14,12:10:00,Daylight,750,104,Yes,X-type,Normal,2Vehicles-Behind,RUE SAINT ANTOINE,M,48.854097355001,2.8536111066363667
201800050566,NonLethal,2018-06-15,14:10:00,Daylight,750,104,Yes,X-type,Normal,2Vehicles-Side,QUAI HENRI IV,M,48.8506673533628,2.8485641423564125
201800050567,NonLethal,2018-06-15,18:20:00,Daylight,750,103,Yes,T-type,Normal,2Vehicles-Side,"70, RUE DE TURENNE",M,48.86000381174856,2.86139354271637
201800050568,NonLethal,2018-06-19,22:05:00,NightStreelightsOn,750,104,Yes,X-type,Normal,Other,QUAI HENRI IV,M,48.85050075505574,2.854134828979342
201800050569,NonLethal,2018-06-20,08:50:00,Daylight,750,102,Yes,T-type,Normal,Other,"19, BOULEVARD SAINT DENI",M,48.86913494334164,2.869843977342813
201800050571,NonLethal,2018-06-29,08:45:00,Daylight,750,104,Yes,T-type,Normal,Other,"2, AVENUE VICTORIA",M,48.85596349016641,2.856647253464404
201800050572,NonLethal,2018-06-30,15:50:00,Daylight,750,104,Yes,NoIntersection,Normal,Other,RUE DE LA VERRERIE,M,48.85660688344427,2.857368516770521
201800050573,NonLethal,2018-07-01,17:40:00,Daylight,750,104,Yes,T-type,Normal,NoCollision,"2, RUE BEAUBOURG",M,48.860973083613146,2.8620640839599973
201800050574,NonLethal,2018-02-07,20:05:00,Daylight,750,102,Yes,X-type,Normal,2Vehicles-Side,RUE D ABOUKIR,M,48.8691875722725,2.869403009460651
201800050577,NonLethal,2018-04-07,06:50:00,Daylight,750,104,Yes,T-type,Normal,2Vehicles-Side,"57, RUE SAINT MARTIN",M,48.85929775500321,2.858751911755314
201800050578,NonLethal,2018-07-05,16:30:00,Daylight,750,104,Yes,T-type,Normal,Other,"02, RUE DE SEVIGNE",M,48.85507153392033,2.8572085853369784
201800050579,NonLethal,2018-07-06,19:20:00,Daylight,750,104,Yes,T-type,Normal,2Vehicles-Side,"48, QUAI DE L HOTEL DE V",M,48.85306868184745,2.852582530685737
201800050580,NonLethal,2018-10-07,08:50:00,Daylight,750,103,Yes,NoIntersection,Normal,2Vehicles-Side,"37, BOULEVARD SAINT MART",M,48.86934729652364,2.868560321557124
201800050581,NonLethal,2018-12-07,21:50:00,TwilightOrDawn,750,104,Yes,NoIntersection,Normal,Other,"17, BOULEVARD MORLAND",M,48.85227535900311,2.849065575327446
201800050582,NonLethal,2018-07-14,13:45:00,Daylight,750,104,Yes,NoIntersection,Normal,2Vehicles-Behind,"7, RUE DES DEUX PONTS",M,48.8513371453809,2.8529184084703245
201800050583,NonLethal,2018-07-15,19:35:00,Daylight,750,101,Yes,X-type,Normal,2Vehicles-Side,BOULEVARD DU PALAIS,M,48.85545376834461,2.855801410313722
201800050584,NonLethal,2018-07-16,17:25:00,Daylight,750,104,Yes,NoIntersection,Normal,Other,"44, RUE DE RIVOLI",M,48.85871609789712,2.856074442290727
201800050585,NonLethal,2018-07-26,01:00:00,NightStreelightsOn,750,104,Yes,NoIntersection,Normal,Other,QUAI DES CELESTINS,M,,
201800050586,NonLethal,2018-07-26,15:15:00,Daylight,750,104,Yes,NoIntersection,Normal,Other,RUE DE LA VERRERIE,M,48.85801209269403,2.857815741938548
201800050587,NonLethal,2018-07-28,20:15:00,Daylight,750,102,Yes,X-type,Normal,Other,BOULEVARD DE SEBASTOPOL,M,48.86516311856805,2.8649902695409057
201800050588,NonLethal,2018-02-08,17:30:00,Daylight,750,104,Yes,X-type,Normal,2Vehicles-Side,QUAI DE GESVRES,M,,
201800050589,NonLethal,2018-08-16,10:15:00,Daylight,750,103,Yes,T-type,Normal,Other,RUE DU PARC ROYAL,M,48.85817641071518,2.857652625177477
201800050590,NonLethal,2018-08-22,11:30:00,Daylight,750,104,Yes,X-type,Normal,2Vehicles-Side,RUE DU RENARD,M,48.85842938335543,2.858340994661124
201800050591,NonLethal,2018-08-23,11:00:00,Daylight,750,104,Yes,NoIntersection,Normal,Other,RUE DE LOBAU,M,48.85898579787435,2.8598766031429426
201800050592,NonLethal,2018-08-24,08:25:00,Daylight,750,104,Yes,X-type,Normal,Other,RUE DE RIVOLI,M,48.85412179114477,2.85271807382187
201800050593,NonLethal,2018-08-28,13:20:00,Daylight,750,104,Yes,X-type,Normal,Other,RUE DES ROSIERS,M,48.85690945135847,2.856540021281899
201800050594,NonLethal,2018-08-30,11:00:00,Daylight,750,104,Yes,X-type,Overcast,2Vehicles-Side,RUE BEAUBOURG,M,,
201800050595,NonLethal,2018-08-30,22:15:00,NightStreelightsOn,750,104,Yes,X-type,Overcast,2Vehicles-Side,BOULEVARD HENRI IV,M,,
201800050596,NonLethal,2018-09-04,15:15:00,Daylight,750,104,Yes,T-type,Normal,Other,RUE DU TEMPLE,M,48.86174109358753,2.859160401836353
201800050597,NonLethal,2018-04-09,17:30:00,Daylight,750,104,Yes,T-type,Normal,2Vehicles-Side,BOULEVARD BEAUMARCHAIS,M,48.85033312352847,2.8506515169028765
201800050598,NonLethal,2018-07-09,16:00:00,Daylight,750,104,Yes,Square,Normal,Other,BOULEVARD BOURDON,M,48.85340257130104,2.852899701984408
201800050599,NonLethal,2018-08-09,18:45:00,Daylight,750,104,Yes,NoIntersection,Normal,Other,BOULEVARD BEAUMARCHAIS,M,48.85485944094936,2.856776174365657
201800050600,NonLethal,2018-10-09,10:05:00,Daylight,750,101,Yes,T-type,Normal,2Vehicles-Side,QUAI FRANCOIS MITTERRAND,M,48.85786846142752,2.8580461703530675
201800050601,NonLethal,2018-12-09,13:45:00,Daylight,750,104,Yes,T-type,Normal,2Vehicles-Behind,BOULEVARD HENRI IV,M,48.85298502160441,2.8521222188555475
201800050602,NonLethal,2018-09-19,17:35:00,Daylight,750,104,Yes,X-type,Normal,2Vehicles-Side,PONT MORLAND,M,48.8473305215487,2.8470646849854555
201800050603,NonLethal,2018-09-19,21:00:00,NightStreelightsOn,750,104,Yes,X-type,Normal,2Vehicles-Side,QUAI DE L HOTEL DE VILLE,M,48.85329666422756,2.855210279623402
201800050604,NonLethal,2018-09-24,17:30:00,Daylight,750,104,Yes,NoIntersection,Normal,Other,RUE DE RIVOLI,M,48.85706392071452,2.8544527896700798
201800050605,NonLethal,2018-09-26,21:25:00,NightStreelightsOn,750,103,Yes,X-type,Normal,Other,RUE VIEILLE DU TEMPLE,M,48.85922467115597,2.861197555831937
201800050606,NonLethal,2018-09-27,13:00:00,Daylight,750,104,Yes,NoIntersection,Normal,Other,RUE DE LA CITE,M,,
201800050607,NonLethal,2018-09-29,18:05:00,Daylight,750,104,Yes,X-type,VeryGood,2Vehicles-Behind,PONT DE SULLY,M,48.84947113909169,2.8492864084366087
201800050608,NonLethal,2018-09-20,20:20:00,NightStreelightsOn,750,104,Yes,NoIntersection,Normal,2Vehicles-Side,BOULEVARD DE SEBASTOPOL,M,48.86359360393783,2.860187351955764
201800050610,NonLethal,2018-05-10,12:40:00,Daylight,750,104,Yes,X-type,Normal,3+Vehicles-Multiple,RUE SAINT MARTIN,M,48.856237853222105,2.8562114363832256