AccidentId,Gravity,Date,Hour,Light,Department,Commune,InAgglomeration,IntersectionType,Weather,CollisionType,PostalAddress,GPSCode,Latitude,Longitude
201800050611,NonLethal,2018-10-07,04:25:00,NightStreelightsOn,750,101,Yes,T-type,LightRain,Other,RUE DE RIVOLI,M,48.86516436593229,2.865169908636201
201800050612,NonLethal,2018-10-10,12:35:00,Daylight,750,104,Yes,NoIntersection,Normal,Other,RUE DE LA CITE,M,43.6078083906672,1.6079386812666885
201800050614,NonLethal,2018-12-10,17:57:00,Daylight,750,104,Yes,X-type,Normal,2Vehicles-Side,BOULEVARD MORLAND,M,48.8481608681589,2.848481461736859
201800050615,NonLethal,2018-10-16,16:50:00,Daylight,750,104,Yes,X-type,Normal,Other,RUE DES FRANCS BOURGEOIS,M,48.85790783639807,2.8556725894336954
201800050616,NonLethal,2018-10-19,21:45:00,NightStreelightsOn,750,104,Yes,NoIntersection,Normal,NoCollision,BOULEVARD HENRI IV,M,48.8535715864892,2.851321214404079
201800050617,NonLethal,2018-10-26,22:10:00,NightStreelightsOn,750,104,Yes,T-type,Normal,2Vehicles-Behind,RUE DE RIVOLI,M,,
201800050618,NonLethal,2018-10-27,20:30:00,NightStreelightsOn,750,104,Yes,NoIntersection,Normal,2Vehicles-Behind,BOULEVARD DU PALAIS,M,48.85525794322003,2.8548747600076365
201800050619,NonLethal,2018-10-29,14:10:00,Daylight,750,104,Yes,T-type,Overcast,Other,RUE DE RIVOLI,M,48.856935612071815,2.8572310628801496
201800050620,NonLethal,2018-11-02,14:30:00,Daylight,750,104,Yes,X-type,Normal,2Vehicles-Behind,QUAI DE L HOTEL DE VILLE,M,48.85419589538791,2.855054230676932
201800050621,NonLethal,2018-07-11,06:41:00,NightStreelightsOn,750,104,Yes,X-type,LightRain,NoCollision,QUAI DE L HOTEL DE VILLE,M,48.85348341530173,2.854364654619562
201800050622,NonLethal,2018-11-10,15:18:00,Daylight,750,104,Yes,Square,LightRain,Other,PLACE DE L HOTEL DE VILL,M,,
201800050623,NonLethal,2018-11-14,20:40:00,NightNoStreetLight,750,104,Yes,X-type,Normal,Other,PONT NOTRE DAME,M,48.85547877235501,2.8583070062391767
201800050624,NonLethal,2018-11-16,07:45:00,Daylight,750,104,Yes,T-type,Overcast,2Vehicles-Side,RUE DE RIVOLI,M,48.85718132293224,2.8579855365605185
201800050626,NonLethal,2018-11-22,19:45:00,NightStreelightsOn,750,102,Yes,X-type,LightRain,2Vehicles-Side,RUE DU QUATRE SEPTEMBRE,M,48.868258916273,2.868697422878359
201800050628,NonLethal,2018-11-29,00:20:00,NightStreelightsOn,750,103,Yes,X-type,Normal,2Vehicles-Behind,BOULEVARD DE SEBASTOPOL,M,,
201800050629,NonLethal,2018-12-03,09:38:00,Daylight,750,104,Yes,Square,Normal,2Vehicles-Side,RUE DE LA CITE,M,48.85456924621255,2.855249758395038
201800050630,NonLethal,2018-12-03,13:00:00,Daylight,750,104,Yes,T-type,Normal,Other,RUE BEAUBOURG,M,48.86124670309676,2.860257894624691
201800050631,NonLethal,2018-05-12,10:15:00,Daylight,750,109,Yes,T-type,Normal,Other,RUE DE NAVARIN,M,48.87867296971249,2.879222163368423
201800050632,NonLethal,2018-07-12,22:15:00,NightStreelightsOn,750,103,Yes,NoIntersection,Normal,2Vehicles-Side,RUE DES FRANCS BOURGEOIS,M,,
201800050633,NonLethal,2018-10-12,20:25:00,NightStreelightsOn,750,104,Yes,X-type,Normal,2Vehicles-Behind,RUE DES FRANCS BOURGEOIS,M,48.8556511635508,2.856557685035711
201800050634,NonLethal,2018-12-12,15:30:00,Daylight,750,104,Yes,NoIntersection,Normal,Other,RUE SAINT ANTOINE,M,48.85542547885255,2.856046848737525
201800050635,NonLethal,2018-12-13,15:45:00,Daylight,750,104,Yes,X-type,Normal,2Vehicles-Side,QUAI DE GESVRES,M,48.85750714520121,2.8586449953960607
201800050636,NonLethal,2018-12-15,21:00:00,NightStreelightsOn,750,104,Yes,T-type,HeavyRain,2Vehicles-Side,BOULEVARD HENRI IV,M,48.85042831305819,2.850599111464452
201800050637,NonLethal,2018-12-17,14:00:00,Daylight,750,104,Yes,NoIntersection,Normal,2Vehicles-Side,VOIE GEORGES POMPIDOU,M,48.85432008746132,2.8533456852273797
201800050638,NonLethal,2018-12-19,14:15:00,Daylight,750,104,Yes,T-type,Overcast,NoCollision,RUE SAINT ANTOINE,M,48.85450085462576,2.8553095943288485
201800050639,NonLethal,2018-12-20,07:05:00,TwilightOrDawn,750,104,Yes,X-type,Normal,2Vehicles-Side,RUE DU PONT LOUIS PHILIP,M,48.85527608985663,2.8545135063715303
201800050640,NonLethal,2018-12-22,08:55:00,Daylight,750,104,Yes,T-type,Normal,Other,QUAI DES CELESTINS,M,48.85485543376121,2.852735817609383
201800050641,NonLethal,2018-12-23,01:15:00,NightStreelightsOn,750,101,Yes,X-type,Normal,NoCollision,QUAI DU LOUVRE,M,,
201800050642,NonLethal,2018-12-26,19:00:00,NightStreelightsOn,750,104,Yes,Square,Normal,2Vehicles-Behind,RUE DE LA CITE,M,48.8547360208112,2.8539860568669155
201800050643,NonLethal,2018-01-01,23:15:00,NightStreelightsOn,750,105,Yes,X-type,LightRain,Other,PONT DE LA TOURNELLE,M,48.849843049108735,2.850802952019123
201800050644,NonLethal,2018-01-05,11:25:00,Daylight,750,105,Yes,Square,Overcast,Other,"19, RUE DE LA SORBONNE",M,48.84681198719546,2.8491545594184213
201800050645,NonLethal,2018-01-08,12:45:00,Daylight,750,106,Yes,T-type,Normal,Other,"46, BOULEVARD SAINT MICH",M,48.84702052760847,2.847810223618937
201800050646,NonLethal,2018-01-10,10:50:00,Daylight,750,105,Yes,T-type,Normal,Other,"51 BIS, BOULEVARD SAINT",M,48.85160551153884,2.849866902386724
201800050647,NonLethal,2018-01-13,23:20:00,NightStreelightsOn,750,105,Yes,T-type,Normal,2Vehicles-Side,BOULEVARD SAINT GERMAIN,M,48.85096477818799,2.850685821167312
201800050648,NonLethal,2018-01-18,03:35:00,NightStreelightsOn,750,105,Yes,T-type,HeavyRain,Other,BOULEVARD DE L HOPITAL,M,48.84428104909144,2.845276026247408
201800050649,NonLethal,2018-01-18,12:55:00,Daylight,750,105,Yes,X-type,Normal,2Vehicles-Side,"47, RUE CLAUDE BERNARD",M,48.840923389193215,2.8400058659703435
201800050650,NonLethal,2018-01-19,14:15:00,Daylight,750,105,Yes,T-type,LightRain,3+Vehicles-Chain,"73, BOULEVARD SAINT MICH",M,48.84585064617184,2.8447734319662508
201800050651,NonLethal,2018-01-26,12:00:00,Daylight,750,105,Yes,Square,Normal,Other,PLACE MONGE,M,48.84266138467379,2.841820301754445
201800050652,NonLethal,2018-01-27,22:45:00,NightStreelightsOn,750,105,Yes,NoIntersection,LightRain,Other,"23, QUAI SAINT MICHEL",M,48.85330818086468,2.85269895387116
201800050653,NonLethal,2018-01-29,18:40:00,NightStreelightsOn,750,105,Yes,T-type,Normal,2Vehicles-BehindVehicles-Frontal,"93, BOULEVARD DE PORT RO",M,48.83946645559783,2.8385979046120564
201800050655,NonLethal,2018-01-30,13:10:00,Daylight,750,105,Yes,NoIntersection,LightRain,Other,"5, RUE BERTHOLLET",M,48.84025777595853,2.839155840814976
201800050656,NonLethal,2018-01-31,19:10:00,NightStreelightsOn,750,105,Yes,T-type,LightRain,2Vehicles-Behind,QUAI DE LA TOURNELLE,M,48.85050031219948,2.850028058990537
201800050657,NonLethal,2018-02-12,14:45:00,Daylight,750,105,Yes,Square,Normal,Other,"6, PLACE DU PETIT PONT",M,48.85173206351176,2.8540965277988857
201800050658,NonLethal,2018-02-14,09:00:00,Daylight,750,105,Yes,NoIntersection,LightRain,2Vehicles-BehindVehicles-Frontal,"07, QUAI SAINT BERNARD",M,48.84784737409582,2.8456614696405533
201800050659,NonLethal,2018-02-18,16:15:00,Daylight,750,105,Yes,X-type,VeryGood,NoCollision,"13, PLACE VALHUBERT",M,48.84435664989143,2.84373168902097
201800050660,NonLethal,2018-02-23,10:30:00,Daylight,750,105,Yes,Y-type,Normal,Other,BOULEVARD SAINT MICHEL,M,48.84102466694933,2.8400280993438387
201800050661,NonLethal,2018-02-23,14:40:00,Daylight,750,105,Yes,Y-type,Normal,2Vehicles-Behind,"100, RUE MONGE",M,48.83912711962255,2.840246018954001
201800050662,NonLethal,2018-02-27,09:45:00,Daylight,750,105,Yes,NoIntersection,Normal,2Vehicles-Side,"24, RUE DU CARDINAL LEMO",M,48.85002834381174,2.8479064496645585
201800050664,NonLethal,2018-05-03,07:05:00,TwilightOrDawn,750,105,Yes,X-type,Normal,Other,"25 BIS, RUE DES ECOLES",M,48.85014272302531,2.8489209725181497
201800050666,NonLethal,2018-03-08,15:00:00,Daylight,750,105,Yes,Square,LightRain,Other,"49, BOULEVARD SAINT MICH",M,48.84746598573888,2.845392124165334
201800050667,NonLethal,2018-08-03,15:20:00,Daylight,750,105,Yes,T-type,HeavyRain,2Vehicles-Side,RUE CUVIER,M,48.845058861397774,2.844269078792338
201800050668,NonLethal,2018-03-14,09:20:00,Daylight,750,105,Yes,NoIntersection,Normal,2Vehicles-Behind,"133, BOULEVARD SAINT MIC",M,48.84224693316966,2.8405456691351043
201800050669,NonLethal,2018-03-14,21:00:00,NightStreelightsOn,750,105,Yes,MoreThan4Branches,Normal,2Vehicles-Side,"77, BOULEVARD SAINT GERM",M,48.84990198565505,2.850986817572557
201800050670,NonLethal,2018-03-16,08:50:00,Daylight,750,105,Yes,T-type,Normal,2Vehicles-Behind,"21, QUAI DE MONTEBELLO",M,48.8518978106727,2.852810534990772
201800050671,NonLethal,2018-03-18,08:59:00,Daylight,750,105,Yes,X-type,SnowOrHail,2Vehicles-Side,"72, RUE CLAUDE BERNARD",M,48.84066018627589,2.840323370922329
201800050672,NonLethal,2018-03-21,13:02:00,Daylight,750,105,Yes,Square,Normal,Other,"1, PLACE SAINT MICHEL",M,48.85512286184792,2.8536419188141724
201800050674,NonLethal,2018-03-04,09:30:00,Daylight,750,105,Yes,Square,Overcast,NoCollision,PLACE VALHUBERT,M,48.84482924303772,2.8432128103893106
201800050677,NonLethal,2018-04-11,15:50:00,Daylight,750,105,Yes,X-type,Normal,Other,"42, RUE DES FOSSES SAINT",M,48.84753138298412,2.848325267746479
201800050678,NonLethal,2018-04-14,20:45:00,NightStreelightsOn,750,105,Yes,MoreThan4Branches,LightRain,Other,PONT SAINT MICHEL,M,48.85600454133591,2.854389710378139
201800050679,NonLethal,2018-04-18,14:10:00,Daylight,750,105,Yes,NoIntersection,Normal,Other,"23, QUAI SAINT BERNARD",M,48.84881665800827,2.8497208841064428
201800050680,NonLethal,2018-04-23,21:02:00,NightStreelightsOn,750,105,Yes,NoIntersection,Normal,Other,"51 BIS, BOULEVARD SAINT",M,48.8518710710027,2.851510223885364
201800050681,NonLethal,2018-04-24,14:30:00,Daylight,750,105,Yes,X-type,Normal,2Vehicles-Behind,"74, RUE CLAUDE BERNARD",M,48.839861437875086,2.840565180923552
201800050682,NonLethal,2018-04-25,03:20:00,NightStreelightsOn,750,105,Yes,X-type,Normal,2Vehicles-Behind,"125, RUE SAINT JACQUES",M,48.8473798512728,2.847241234419924
201800050683,NonLethal,2018-05-02,17:15:00,Daylight,750,105,Yes,T-type,Normal,3+Vehicles-Chain,"29, QUAI DE LA TOURNELLE",M,48.84892880611624,2.8497075598952724
201800050684,NonLethal,2018-03-05,19:15:00,Daylight,750,105,Yes,X-type,Normal,Other,"10, RUE BUFFON",M,48.84003285286156,2.842982454799405
201800050685,NonLethal,2018-05-05,12:45:00,Daylight,750,105,Yes,NoIntersection,Normal,3+Vehicles-Chain,QUAI SAINT BERNARD,M,48.846221308565006,2.8445009942576034
201800050686,NonLethal,2018-07-05,18:20:00,Daylight,750,105,Yes,X-type,Normal,2Vehicles-Behind,"20, RUE DES ECOLES",M,48.84993866630848,2.846596578900628
201800050688,NonLethal,2018-12-05,01:16:00,NightStreelightsOn,750,105,Yes,NoIntersection,Normal,Other,"5, RUE CLOVIS",M,48.84664276400516,2.845515164743243
201800050689,NonLethal,2018-05-18,16:30:00,Daylight,750,105,Yes,Y-type,Normal,2Vehicles-BehindVehicles-Frontal,"2, BOULEVARD DE L HOPITA",M,48.84465033916875,2.8434279683934838
201800050691,NonLethal,2018-05-25,00:01:00,NightStreelightsOn,750,105,Yes,X-type,Normal,2Vehicles-Side,RUE DES ECOLES,M,48.85003047377392,2.849371906275925
201800050692,NonLethal,2018-01-06,14:45:00,Daylight,750,105,Yes,X-type,Normal,2Vehicles-Side,"3, RUE GRACIEUSE",M,48.84152807142495,2.8417451748791533
201800050693,NonLethal,2018-06-01,15:25:00,Daylight,750,105,Yes,NoIntersection,Normal,Other,"32, BOULEVARD SAINT MARC",M,48.83753325555335,2.8390016042239257
201800050694,NonLethal,2018-06-02,16:56:00,TwilightOrDawn,750,105,Yes,X-type,Normal,2Vehicles-Side,"34 BIS, RUE GEOFFROY SAI",M,48.83977495380037,2.8409231934497488
201800050695,NonLethal,2018-05-06,14:05:00,Daylight,750,105,Yes,NoIntersection,Normal,2Vehicles-Side,"63, BOULEVARD SAINT MICH",M,48.8476243701606,2.848982372932834
201800050698,NonLethal,2018-06-11,15:15:00,Daylight,750,105,Yes,X-type,LightRain,Other,"41, RUE GAY LUSSAC",M,48.84248921438456,2.8434313919271346
201800050699,NonLethal,2018-06-14,16:00:00,Daylight,750,105,Yes,NoIntersection,Normal,2Vehicles-Behind,"71, RUE MONGE",M,48.84222350488036,2.844656706683024
201800050700,NonLethal,2018-06-19,11:56:00,Daylight,750,105,Yes,X-type,Normal,Other,"22, BOULEVARD SAINT MICH",M,48.85248475912409,2.850252315533859
201800050701,NonLethal,2018-06-19,19:05:00,Daylight,750,105,Yes,X-type,Normal,2Vehicles-Side,"17, RUE MONGE",M,48.847811056140735,2.848353371423784
201800050702,NonLethal,2018-06-21,08:51:00,Daylight,750,105,Yes,X-type,Normal,2Vehicles-Side,"55, QUAI DE LA TOURNELLE",M,48.85163622908053,2.85098683868039
201800050703,NonLethal,2018-06-29,18:00:00,Daylight,750,105,Yes,Y-type,Normal,2Vehicles-Side,"2, BOULEVARD DE L HOPITA",M,48.84462175106801,2.842913007300941
201800050704,NonLethal,2018-07-02,11:10:00,Daylight,750,113,Yes,T-type,Normal,Other,"37, BOULEVARD SAINT MARC",M,48.83746449371398,2.83805614587627
201800050705,NonLethal,2018-03-07,17:50:00,Daylight,750,105,Yes,NoIntersection,Normal,Other,"36, BOULEVARD SAINT MICH",M,48.84889636487407,2.848879031415948
201800050706,NonLethal,2018-05-07,03:00:00,NightStreelightsOn,750,105,Yes,T-type,Normal,2Vehicles-Behind,"21, QUAI DE MONTEBELLO",M,48.85081247402314,2.8545264916729187
201800050707,NonLethal,2018-05-07,10:10:00,Daylight,750,105,Yes,NoIntersection,Normal,2Vehicles-Behind,"340, RUE SAINT JACQUES",M,48.83991217501013,2.8382040299572706
201800050708,NonLethal,2018-07-09,13:27:00,Daylight,750,105,Yes,X-type,Normal,Other,"22, BOULEVARD SAINT MICH",M,48.85161277002775,2.851622948220348
201800050709,NonLethal,2018-11-07,11:55:00,Daylight,750,105,Yes,T-type,Normal,2Vehicles-Side,", RUE BERTHOLLET",M,48.83946581678849,2.839586864820536
201800050710,NonLethal,2018-11-07,15:50:00,Daylight,750,105,Yes,X-type,Normal,Other,"ll, BOULEVARD SAINT GERM",M,48.84911737722946,2.8510462760540305
201800050711,NonLethal,2018-07-23,11:50:00,Daylight,750,105,Yes,T-type,Normal,2Vehicles-Side,RUE MONGE,M,48.84147295546596,2.84137261747372
201800050712,NonLethal,2018-07-25,01:12:00,NightStreelightsOn,750,105,Yes,X-type,Normal,Other,QUAI DE MONTEBELLO,M,48.85120135569412,2.853524920681826
201800050713,NonLethal,2018-07-25,10:50:00,Daylight,750,105,Yes,T-type,Normal,2Vehicles-Behind,RUE DES FOSSES SAINT BER,M,48.84857995651871,2.8497759950329606
201800050715,NonLethal,2018-07-27,16:10:00,Daylight,750,105,Yes,X-type,LightRain,2Vehicles-Side,RUE SAINT JACQUES,M,48.84797586802353,2.849373070232186
201800050717,NonLethal,2018-08-11,12:25:00,Daylight,750,105,Yes,X-type,Normal,2Vehicles-Side,RUE DU PETIT PONT,M,,
201800050720,NonLethal,2018-09-03,18:45:00,Daylight,750,105,Yes,NoIntersection,Normal,3+Vehicles-Multiple,QUAI DE LA TOURNELLE,M,48.8497065130662,2.8492162529621927
201800050721,NonLethal,2018-03-09,20:10:00,NightNoStreetLight,750,105,Yes,X-type,Normal,3+Vehicles-Multiple,BOULEVARD SAINT GERMAIN,M,48.85071365634022,2.851058379346572
201800050722,NonLethal,2018-09-09,00:45:00,NightStreelightsOn,750,105,Yes,X-type,Normal,Other,PONT DE SULLY,M,48.85013105328999,2.852119619833401
201800050723,NonLethal,2018-09-10,10:10:00,Daylight,750,105,Yes,X-type,Normal,2Vehicles-Side,RUE GAY LUSSAC,M,48.79981969024059,2.7999516287601867
201800050724,NonLethal,2018-09-12,08:45:00,Daylight,750,105,Yes,NoIntersection,Normal,2Vehicles-Behind,BOULEVARD SAINT GERMAIN,M,48.802541950758,2.8010475350882555
201800050725,NonLethal,2018-09-17,08:19:00,Daylight,750,105,Yes,X-type,Normal,2Vehicles-Side,RUE MONGE,M,48.84755378724314,2.847257421769168
201800050727,NonLethal,2018-09-18,16:25:00,Daylight,750,105,Yes,X-type,Normal,2Vehicles-Side,BOULEVARD DE PORT ROYAL,M,48.83180950263281,2.8285522916463486
201800050728,NonLethal,2018-09-18,16:56:00,Daylight,750,105,Yes,Y-type,Normal,2Vehicles-Side,RUE MONGE,M,48.84858838305114,2.8481221768416867
201800050729,NonLethal,2018-09-24,09:15:00,Daylight,750,105,Yes,X-type,Normal,2Vehicles-Side,BOULEVARD SAINT MICHEL,M,48.85078831275774,2.850188149714597
201800050730,NonLethal,2018-09-27,08:30:00,Daylight,750,105,Yes,X-type,Normal,2Vehicles-Side,BOULEVARD SAINT MARCEL,M,48.82938406142805,2.83058809039129
201800050731,NonLethal,2018-10-01,18:21:00,Daylight,750,105,Yes,NoIntersection,Normal,2Vehicles-Side,BOULEVARD DE PORT ROYAL,M,,
201800050733,NonLethal,2018-09-10,17:15:00,Daylight,750,105,Yes,Square,Normal,2Vehicles-Behind,PLACE VALHUBERT,M,48.84320346953086,2.844299060662524
201800050734,NonLethal,2018-10-10,13:40:00,Daylight,750,105,Yes,NoIntersection,Normal,Other,BOULEVARD SAINT MICHEL,M,48.85463790932001,2.852838346959752
201800050735,NonLethal,2018-10-12,14:15:00,Daylight,750,105,Yes,X-type,Normal,Other,RUE MONGE,M,48.84168861858586,2.8392935078372648
201800050736,NonLethal,2018-10-13,16:55:00,Daylight,750,105,Yes,Y-type,Normal,Other,QUAI SAINT BERNARD,M,48.84869242946485,2.8488311408159683
201800050737,NonLethal,2018-10-15,08:35:00,Daylight,750,105,Yes,X-type,Normal,2Vehicles-Side,BOULEVARD SAINT GERMAIN,M,48.8500158901502,2.8491561874691733
201800050738,NonLethal,2018-10-15,18:25:00,Daylight,750,105,Yes,T-type,Normal,Other,RUE DE LA MONTAGNE SAINT,M,48.8390430286074,2.840550432624392
201800050739,NonLethal,2018-10-17,17:20:00,Daylight,750,105,Yes,X-type,Normal,Other,BOULEVARD SAINT GERMAIN,M,48.80174517051531,2.7997338483221683
201800050740,NonLethal,2018-10-23,13:05:00,Daylight,750,105,Yes,NoIntersection,Normal,Other,QUAI DE MONTEBELLO,M,48.85074749951677,2.8523133449780875
201800050741,NonLethal,2018-10-24,14:55:00,Daylight,750,105,Yes,X-type,Normal,Other,BOULEVARD SAINT GERMAIN,M,48.850524435058645,2.8493709944634804
201800050742,NonLethal,2018-10-25,14:30:00,Daylight,750,105,Yes,X-type,Normal,Other,AVENUE DE L OBSERVATOIRE,M,48.83243289840448,2.8303785484968302
201800050743,NonLethal,2018-10-30,18:00:00,NightStreelightsOn,750,105,Yes,NoIntersection,Normal,2Vehicles-Behind,PONT DE SULLY,M,48.84817883012231,2.8517924810395017
201800050744,NonLethal,2018-11-06,08:35:00,Daylight,750,105,Yes,NoIntersection,Normal,2Vehicles-Side,RUE GAY LUSSAC,M,48.84657366827538,2.8453151114300104
201800050745,NonLethal,2018-11-09,10:10:00,Daylight,750,105,Yes,NoIntersection,Overcast,2Vehicles-Side,BOULEVARD SAINT MARCEL,M,48.83003146663776,2.830192753807129
201800050748,NonLethal,2018-11-14,08:40:00,Daylight,750,105,Yes,T-type,Normal,Other,BOULEVARD SAINT MARCEL,M,48.83805360737432,2.83659291285274
201800050749,NonLethal,2018-11-24,03:27:00,NightStreelightsOn,750,105,Yes,X-type,LightRain,2Vehicles-Side,RUE SAINT JACQUES,M,48.84945134007499,2.848575528911926
201800050750,NonLethal,2018-11-24,13:45:00,Daylight,750,105,Yes,Square,Normal,2Vehicles-Side,RUE SAINT JACQUES,M,48.84956579450912,2.8490882814571155
201800050751,NonLethal,2018-11-29,09:30:00,Daylight,750,105,Yes,Y-type,Overcast,Other,RUE SAINT JACQUES,M,48.8447123233477,2.8454266754131514
201800050753,NonLethal,2018-12-22,12:28:00,Daylight,750,105,Yes,X-type,Normal,Other,BOULEVARD SAINT MICHEL,M,48.84341757523767,2.84455806746487
201800050754,NonLethal,2018-01-09,20:34:00,NightStreelightsOff,750,106,Yes,X-type,LightRain,Other,"51, RUE DU CHERCHE MIDI",M,48.847966756046645,2.848963183507388
201800050755,NonLethal,2018-09-01,22:40:00,NightStreelightsOn,750,106,Yes,MoreThan4Branches,LightRain,NoCollision,AVENUE DE L OBSERVATOIRE,M,48.83969918241717,2.840634221590886
201800050756,NonLethal,2018-01-17,21:30:00,NightStreelightsOn,750,106,Yes,Y-type,Normal,2Vehicles-Behind,"82, RUE D ASSAS",M,48.84496729124438,2.8455067889458103
201800050757,NonLethal,2018-01-22,13:40:00,Daylight,750,106,Yes,NoIntersection,LightRain,Other,"157, BOULEVARD DU MONTPA",M,48.8396302913733,2.840457511907699
201800050758,NonLethal,2018-01-24,17:12:00,Daylight,750,106,Yes,MoreThan4Branches,Normal,2Vehicles-Side,"1, RUE DU CHERCHE MIDI",M,48.85220742608611,2.853898599696604
201800050759,NonLethal,2018-02-06,11:30:00,Daylight,750,106,Yes,T-type,SnowOrHail,Other,"78, RUE D ASSAS",M,48.84576245842975,2.844844105162328
201800050761,NonLethal,2018-02-10,19:45:00,NightStreelightsOn,750,105,Yes,MoreThan4Branches,Normal,2Vehicles-Side,", PONT DE SULLY",M,48.85089216770256,2.8504377067359674
201800050762,NonLethal,2018-02-20,09:00:00,Daylight,750,106,Yes,X-type,Normal,2Vehicles-Side,"76, RUE DE SEINE",M,48.8519139694568,2.8514510393224963
201800050763,NonLethal,2018-03-04,04:20:00,NightStreelightsOn,750,106,Yes,NoIntersection,Normal,Other,"59, BOULEVARD RASPAIL",M,48.85034873182139,2.849647368600841
201800050764,NonLethal,2018-05-03,08:50:00,Daylight,750,106,Yes,X-type,Normal,2Vehicles-Side,"97, RUE DE SEINE",M,48.85192430857541,2.8523663392642384
201800050765,NonLethal,2018-03-05,13:20:00,Daylight,750,106,Yes,T-type,Normal,Other,"43, RUE DU CHERCHE MIDI",M,48.84948355356652,2.8480862739759405
201800050766,NonLethal,2018-03-07,18:30:00,TwilightOrDawn,750,106,Yes,X-type,Normal,Other,"17, RUE SAINT SULPICE",M,48.85296509782636,2.8506244911254024
201800050767,NonLethal,2018-03-16,12:50:00,Daylight,750,106,Yes,X-type,Normal,2Vehicles-Side,"151, BOULEVARD SAINT GER",M,48.85464028345108,2.853639606785737
201800050768,NonLethal,2018-03-16,20:00:00,TwilightOrDawn,750,106,Yes,X-type,Overcast,Other,"58, RUE DE VAUGIRARD",M,48.8472843089142,2.849742630364083
201800050770,NonLethal,2018-03-31,13:30:00,Daylight,750,106,Yes,T-type,Normal,NoCollision,"84, BOULEVARD SAINT MICH",M,48.8422533797151,2.842562927498681
201800050771,NonLethal,2018-05-04,19:45:00,Daylight,750,105,Yes,NoIntersection,Normal,2Vehicles-Behind,"12, BOULEVARD DE L HOPIT",M,48.842513418857806,2.8429910828351472
201800050772,NonLethal,2018-04-09,08:45:00,Daylight,750,106,Yes,X-type,Normal,2Vehicles-Behind,"108, BOULEVARD DU MONTPA",M,48.84096225701026,2.8410346053633826
201800050773,NonLethal,2018-11-04,15:48:00,Daylight,750,106,Yes,T-type,Normal,Other,"87, RUE D ASSAS",M,48.84071311387854,2.843340370963454
201800050774,NonLethal,2018-12-04,09:30:00,Daylight,750,106,Yes,X-type,Normal,2Vehicles-Side,"112, BOULEVARD RASPAIL",M,48.84546781874826,2.8432473425668907
201800050775,NonLethal,2018-04-14,17:20:00,Daylight,750,106,Yes,NoIntersection,Normal,2Vehicles-Behind,"80, RUE DE RENNES",M,48.85076394817125,2.851380220357151
201800050776,NonLethal,2018-04-19,09:30:00,Daylight,750,106,Yes,NoIntersection,Normal,2Vehicles-Side,"03, AVENUE DE L OBSERVAT",M,48.842350260461934,2.844548303358384
201800050777,NonLethal,2018-04-18,21:45:00,NightStreelightsOn,750,106,Yes,X-type,Normal,2Vehicles-Side,"123, BOULEVARD SAINT GER",M,48.853517591417926,2.853935851635231
201800050778,NonLethal,2018-08-05,15:30:00,Daylight,750,106,Yes,NoIntersection,Normal,2Vehicles-Behind,"119, RUE DE RENNES",M,48.8471334479266,2.846788087451607
201800050779,NonLethal,2018-05-11,21:00:00,TwilightOrDawn,750,106,Yes,X-type,Normal,2Vehicles-Side,"45, BOULEVARD RASPAIL",M,48.85217960007866,2.851542808792266
201800050780,NonLethal,2018-05-17,10:15:00,Daylight,750,105,Yes,Y-type,Normal,2Vehicles-Side,"141, BOULEVARD SAINT MIC",M,48.8412339412416,2.8409990128582407
201800050784,NonLethal,2018-06-26,09:45:00,Daylight,750,106,Yes,X-type,Normal,2Vehicles-Behind,"19, BOULEVARD DU MONTPAR",M,48.84594173966541,2.8459305462784386
201800050785,NonLethal,2018-07-02,09:45:00,Daylight,750,106,Yes,X-type,Normal,2Vehicles-Side,"01, BOULEVARD DU MONTPAR",M,48.84667414551087,2.846935330093114
201800050786,NonLethal,2018-07-04,10:40:00,Daylight,750,115,Yes,Square,Normal,2Vehicles-Side,BOULEVARD DU MONTPARNASS,M,48.84547955938844,2.844358168031625
201800050787,NonLethal,2018-07-09,07:00:00,Daylight,750,106,Yes,NoIntersection,Normal,2Vehicles-Behind,"23, QUAI DE CONTI",M,48.858669499441454,2.856939332973389
201800050788,NonLethal,2018-10-07,22:26:00,NightStreelightsOn,750,106,Yes,MoreThan4Branches,Normal,Other,"4, AVENUE DE L OBSERVATO",M,48.84033122586116,2.842547135723608
201800050789,NonLethal,2018-07-13,13:13:00,Daylight,750,106,Yes,NoIntersection,Normal,2Vehicles-Side,"23, QUAI DE CONTI",M,48.85722074381998,2.855653693867149
201800050791,NonLethal,2018-11-08,19:30:00,Daylight,750,106,Yes,X-type,Normal,2Vehicles-Side,RUE D ASSAS,M,48.865438151853766,2.867238421361079
201800050792,NonLethal,2018-08-20,09:30:00,Daylight,750,106,Yes,MoreThan4Branches,Normal,Other,BOULEVARD DU MONTPARNASS,M,48.83818107284885,2.84001618602684
201800050793,NonLethal,2018-08-22,17:10:00,Daylight,750,106,Yes,X-type,Normal,2Vehicles-Side,RUE DE RENNES,M,48.84894852595963,2.8467535011860563
201800050794,NonLethal,2018-09-04,11:10:00,Daylight,750,106,Yes,Square,Normal,2Vehicles-Behind,PLACE SAINT SULPICE,M,48.85201315328677,2.8504237002191704
201800050795,NonLethal,2018-09-07,22:15:00,NightStreelightsOn,750,106,Yes,T-type,Normal,2Vehicles-Side,RUE D ASSAS,M,48.84195175264783,2.8413756850706524
201800050796,NonLethal,2018-10-09,10:25:00,Daylight,750,106,Yes,X-type,Normal,2Vehicles-Behind,RUE MONSIEUR LE PRINCE,M,48.85134521306722,2.849007737558636
201800050798,NonLethal,2018-11-09,19:00:00,Daylight,750,106,Yes,NoIntersection,Normal,Other,RUE DE VAUGIRARD,M,,
201800050799,NonLethal,2018-09-15,13:30:00,Daylight,750,106,Yes,NoIntersection,Normal,Other,BOULEVARD SAINT GERMAIN,M,48.85464552607185,2.85343200583542