AccidentId,Gravity,Date,Hour,Light,Department,Commune,InAgglomeration,IntersectionType,Weather,CollisionType,PostalAddress,GPSCode,Latitude,Longitude
201800050800,NonLethal,2018-09-19,17:35:00,Daylight,750,106,Yes,T-type,Normal,Other,RUE DE VAUGIRARD,M,,
201800050802,NonLethal,2018-09-24,23:30:00,NightStreelightsOn,750,106,Yes,Y-type,Normal,2Vehicles-Side,RUE DE RENNES,M,48.84704762056543,2.847375658136474
201800050803,NonLethal,2018-09-27,06:00:00,NightStreelightsOn,750,106,Yes,X-type,Normal,2Vehicles-Side,BOULEVARD SAINT MICHEL,M,48.841434483458194,2.840765077170788
201800050804,NonLethal,2018-09-27,21:02:00,NightStreelightsOn,750,106,Yes,Y-type,Normal,2Vehicles-Side,RUE HAUTEFEUILLE,M,48.85018129568583,2.8484412600995324
201800050805,NonLethal,2018-10-06,22:45:00,NightStreelightsOn,750,106,Yes,X-type,Normal,Other,RUE DE BOURBON LE CHATEA,M,48.85176349562605,2.8536992618112094
201800050807,NonLethal,2018-11-10,17:25:00,Daylight,750,106,Yes,NoIntersection,Normal,Other,PONT NEUF,M,48.856610777248335,2.856038576228229
201800050808,NonLethal,2018-10-15,07:05:00,TwilightOrDawn,750,106,Yes,X-type,Normal,2Vehicles-Behind,BOULEVARD RASPAIL,M,48.84322024973757,2.8436332683874443
201800050809,NonLethal,2018-10-19,16:10:00,Daylight,750,106,Yes,Square,Normal,2Vehicles-Side,BOULEVARD SAINT GERMAIN,M,,
201800050810,NonLethal,2018-10-22,08:05:00,Daylight,750,106,Yes,T-type,Normal,Other,BOULEVARD DU MONTPARNASS,M,,
201800050811,NonLethal,2018-10-25,14:08:00,Daylight,750,106,Yes,X-type,Normal,2Vehicles-Side,RUE DE RENNES,M,47.99823951127237,2.00038133128638
201800050812,NonLethal,2018-10-30,15:45:00,Daylight,750,106,Yes,T-type,Overcast,2Vehicles-Side,RUE DE L ABBE GREGOIRE,M,48.8474680851406,2.846017781909064
201800050813,NonLethal,2018-12-11,20:45:00,NightStreelightsOn,750,106,Yes,X-type,Normal,Other,RUE DE RENNES,M,48.84852888819868,2.848286297564701
201800050814,NonLethal,2018-11-23,10:50:00,Daylight,750,106,Yes,NoIntersection,Overcast,Other,RUE DE RENNES,M,48.79821609741193,2.799904210002944
201800050815,NonLethal,2018-11-25,09:50:00,Daylight,750,106,Yes,T-type,LightRain,2Vehicles-BehindVehicles-Frontal,BOULEVARD SAINT GERMAIN,M,48.84978385508793,2.852471619270061
201800050818,NonLethal,2018-12-11,09:42:00,Daylight,750,106,Yes,Y-type,Normal,2Vehicles-Side,RUE DANTON,M,,
201800050819,NonLethal,2018-12-13,18:11:00,NightStreelightsOn,750,106,Yes,X-type,Normal,Other,RUE DE VAUGIRARD,M,48.839553664152696,2.839239625777377
201800050820,NonLethal,2018-01-08,08:15:00,NightStreelightsOff,750,107,Yes,X-type,Normal,2Vehicles-Side,"02, AVENUE DE LA MOTTE P",M,48.85637118334022,2.8571155964735766
201800050821,NonLethal,2018-12-01,16:00:00,TwilightOrDawn,750,107,Yes,MoreThan4Branches,Overcast,2Vehicles-Side,"52, RUE DU BAC",M,48.85751978059422,2.856461882722064
201800050822,NonLethal,2018-01-17,15:00:00,Daylight,750,106,Yes,T-type,Normal,Other,"40, RUE DE SEVRES",M,48.84937834083623,2.849607849050569
201800050823,NonLethal,2018-01-18,17:45:00,NightStreelightsOn,750,107,Yes,Square,Normal,Other,"36, BOULEVARD DES INVALI",M,48.850927614325926,2.8494043457332303
201800050824,NonLethal,2018-01-21,18:30:00,NightStreelightsOn,750,107,Yes,Y-type,LightRain,Other,"1, QUAI VOLTAIRE",M,48.85577238434369,2.858049588394807
201800050825,NonLethal,2018-01-22,14:10:00,Daylight,750,107,Yes,X-type,LightRain,2Vehicles-Side,RUE DE BELLECHASSE,M,48.85986897044048,2.8593167638274
201800050826,NonLethal,2018-01-23,20:00:00,NightStreelightsOn,750,107,Yes,T-type,Overcast,Other,"17, AVENUE DE TOURVILLE",M,48.853982952523054,2.8535978724195354
201800050828,NonLethal,2018-01-29,15:30:00,Daylight,750,107,Yes,X-type,Normal,2Vehicles-Side,"4, AVENUE DE LA MOTTE PI",M,48.85514217560182,2.8572304348688524
201800050829,NonLethal,2018-01-29,17:10:00,TwilightOrDawn,750,107,Yes,X-type,Normal,Other,"35, BOULEVARD DES INVALI",M,48.85026186266312,2.8509335067944184
201800050830,NonLethal,2018-02-03,14:40:00,Daylight,750,107,Yes,Square,HeavyRain,2Vehicles-Side,RUE DE GRENELLE,M,48.857169381606695,2.8578705617971334
201800050831,NonLethal,2018-04-02,16:54:00,Daylight,750,107,Yes,NoIntersection,Normal,3+Vehicles-Chain,"40, AVENUE DE LA MOTTE P",M,48.85494316082808,2.855321502649592
201800050832,NonLethal,2018-02-05,07:55:00,TwilightOrDawn,750,107,Yes,T-type,Overcast,2Vehicles-Side,BOULEVARD DES INVALIDES,M,48.84804271441165,2.848549414722699
201800050833,NonLethal,2018-02-13,08:05:00,TwilightOrDawn,750,107,Yes,X-type,Normal,2Vehicles-Side,BOULEVARD RASPAIL,M,48.85510365158688,2.8540957831122773
201800050834,NonLethal,2018-02-21,10:10:00,Daylight,750,107,Yes,NoIntersection,Normal,3+Vehicles-Chain,"23, QUAI ANATOLE FRANCE",M,48.86385085459586,2.86285631708469
201800050835,NonLethal,2018-02-23,18:25:00,TwilightOrDawn,750,107,Yes,T-type,Normal,2Vehicles-Side,"18, AVENUE DE TOURVILLE",M,48.85483931894345,2.8552998603442794
201800050836,NonLethal,2018-02-03,19:20:00,NightStreelightsOn,750,107,Yes,X-type,Normal,2Vehicles-Side,"32, BOULEVARD RASPAIL",M,48.854229665641576,2.851741899001983
201800050838,NonLethal,2018-03-03,15:40:00,Daylight,750,107,Yes,X-type,Normal,2Vehicles-Side,"/, RUE DE VARENNE",M,48.85583010968441,2.854166222937578
201800050839,NonLethal,2018-06-03,19:00:00,NightStreelightsOn,750,107,Yes,T-type,LightRain,2Vehicles-BehindVehicles-Frontal,"59, BOULEVARD DES INVALI",M,48.84868630534193,2.847941877307014
201800050841,NonLethal,2018-10-03,09:03:00,Daylight,750,107,Yes,X-type,LightRain,Other,"000, QUAI D ORSAY",M,48.86301105802915,2.861812826640014
201800050843,NonLethal,2018-12-03,14:52:00,Daylight,750,107,Yes,Square,LightRain,2Vehicles-Side,RUE DU BAC,M,48.85462353026156,2.856121498365311
201800050844,NonLethal,2018-03-14,08:20:00,Daylight,750,107,Yes,X-type,Normal,Other,"/, AVENUE JOSEPH BOUVARD",M,48.8561366953191,2.854400071023574
201800050845,NonLethal,2018-03-17,12:05:00,Daylight,750,107,Yes,NoIntersection,LightRain,2Vehicles-Side,AVENUE JOSEPH BOUVARD,M,48.85717860069082,2.859372665496375
201800050846,NonLethal,2018-03-21,20:45:00,NightStreelightsOn,750,107,Yes,NoIntersection,Normal,Other,"5, BOULEVARD RASPAIL",M,48.85610981719936,2.8532310246404737
201800050847,NonLethal,2018-03-23,17:25:00,Daylight,750,107,Yes,NoIntersection,Normal,Other,"241, BOULEVARD SAINT GER",M,48.86063278724319,2.8611066775599343
201800050849,NonLethal,2018-03-26,16:33:00,Daylight,750,107,Yes,X-type,Normal,2Vehicles-Behind,RUE FABERT,M,48.85817809476213,2.861050676062932
201800050850,NonLethal,2018-03-28,22:10:00,NightStreelightsOn,750,107,Yes,T-type,Normal,Other,"75, QUAI D ORSAY",M,48.86261810379725,2.8632825854052806
201800050851,NonLethal,2018-03-29,07:00:00,TwilightOrDawn,750,107,Yes,Y-type,Normal,2Vehicles-Side,"207, BOULEVARD SAINT GER",M,48.8562049926571,2.856729933683
201800050852,NonLethal,2018-03-29,09:20:00,Daylight,750,107,Yes,Square,Normal,2Vehicles-Side,PLACE DE FONTENOY,M,48.85144373670072,2.851838163182884
201800050854,NonLethal,2018-04-01,20:08:00,TwilightOrDawn,750,107,Yes,X-type,Normal,2Vehicles-Behind,AVENUE DU MARECHAL GALLI,M,48.86081364368394,2.8605922864960305
201800050857,NonLethal,2018-05-04,10:30:00,Daylight,750,107,Yes,NoIntersection,Normal,2Vehicles-Behind,PLACE VAUBAN,M,48.85328326357211,2.853578078768302
201800050858,NonLethal,2018-06-04,09:25:00,Daylight,750,107,Yes,X-type,Normal,2Vehicles-Side,AVENUE DU MARECHAL GALLI,M,48.85956949650526,2.8602923042882478
201800050859,NonLethal,2018-06-04,09:10:00,Daylight,750,107,Yes,MoreThan4Branches,Normal,2Vehicles-Side,"/, RUE SAINT DOMINIQUE",M,48.85986168792146,2.8584858485686446
201800050860,NonLethal,2018-04-06,11:00:00,Daylight,750,107,Yes,Square,Normal,Other,"11, RUE SAINT DOMINIQUE",M,48.85860434258935,2.8578231563320227
201800050862,NonLethal,2018-12-04,09:30:00,Daylight,750,107,Yes,X-type,Normal,Other,"1, QUAI ANATOLE FRANCE",M,48.860548636108334,2.859436672243415
201800050863,NonLethal,2018-12-04,22:35:00,NightStreelightsOn,750,107,Yes,Square,LightRain,2Vehicles-Side,PLACE VAUBAN,M,48.85086977543081,2.853561675103323
201800050865,NonLethal,2018-04-15,02:00:00,NightStreelightsOn,750,105,Yes,X-type,Normal,2Vehicles-Side,PLACE SAINT MICHEL,M,48.85332263368654,2.853551002437929
201800050867,NonLethal,2018-04-24,01:45:00,NightStreelightsOn,750,106,Yes,T-type,Normal,2Vehicles-Side,"78, RUE DE SEVRES",M,48.84880388784213,2.847977354845295
201800050868,NonLethal,2018-04-24,09:22:00,Daylight,750,107,Yes,X-type,VeryGood,2Vehicles-Side,AVENUE DE TOURVILLE,M,48.85384319237767,2.8556069260744263
201800050869,NonLethal,2018-04-25,23:11:00,NightStreelightsOn,750,107,Yes,T-type,Normal,Other,"2l3, BOULEVARD SAINT GER",M,48.856621105465706,2.8559195107620083
201800050870,NonLethal,2018-04-27,14:10:00,Daylight,750,107,Yes,NoIntersection,Normal,2Vehicles-Side,"9, QUAI ANATOLE FRANCE",M,48.86190228970639,2.8603809121258106
201800050872,NonLethal,2018-04-28,13:01:00,Daylight,750,107,Yes,T-type,Normal,2Vehicles-Side,"65, BOULEVARD DES INVALI",M,48.8496901616236,2.846575235887048
201800050873,NonLethal,2018-02-05,00:25:00,NightStreelightsOn,750,107,Yes,X-type,Normal,Other,"26, AVENUE DE TOURVILLE",M,48.85461319305116,2.853564920451375
201800050874,NonLethal,2018-03-05,09:10:00,Daylight,750,107,Yes,NoIntersection,Normal,Other,"78BIS, RUE VANEAU",M,48.85079652005602,2.8510950149960848
201800050875,NonLethal,2018-07-05,08:35:00,Daylight,750,107,Yes,Square,VeryGood,2Vehicles-Side,PLACE DE FONTENOY,M,48.85021619186436,2.851206523291361
201800050876,NonLethal,2018-05-07,18:53:00,Daylight,750,107,Yes,X-type,Normal,NoCollision,PLACE DU PRESIDENT MITHO,M,48.848874299004805,2.849526307435741
201800050877,NonLethal,2018-05-07,20:30:00,TwilightOrDawn,750,107,Yes,T-type,Normal,2Vehicles-Side,RUE DE VARENNE,M,48.85409146765679,2.8553229211256066
201800050878,NonLethal,2018-05-14,11:30:00,Daylight,750,107,Yes,X-type,LightRain,Other,RUE DE BELLECHASSE,M,48.85311540658751,2.8533664198919597
201800050879,NonLethal,2018-05-17,22:26:00,NightStreelightsOn,750,107,Yes,X-type,Normal,Other,"64, AVENUE DE LA MOTTE P",M,48.8578985398961,2.8565123530140597
201800050881,NonLethal,2018-05-24,09:00:00,Daylight,750,107,Yes,X-type,Normal,Other,"20, BOULEVARD DE LA TOUR",M,48.858986125969146,2.862723322628702
201800050882,NonLethal,2018-05-25,14:30:00,Daylight,750,107,Yes,X-type,Normal,2Vehicles-Side,QUAI ANATOLE FRANCE,M,48.86067284597719,2.860107424244421
201800050883,NonLethal,2018-05-25,22:00:00,NightStreelightsOn,750,107,Yes,X-type,HeavyRain,Other,RUE DE L UNIVERSITE,M,48.85970115984703,2.8611565741805043
201800050884,NonLethal,2018-06-02,05:00:00,TwilightOrDawn,750,114,Yes,X-type,Normal,Other,"67, AVENUE DU GENERAL LE",M,48.82938317890397,2.829426135580837
201800050885,NonLethal,2018-12-06,14:15:00,Daylight,750,107,Yes,X-type,Normal,2Vehicles-Side,"2OO, BOULEVARD SAINT GER",M,48.85592311955852,2.855787601665417
201800050886,NonLethal,2018-06-14,01:50:00,NightStreelightsOn,750,107,Yes,X-type,Normal,2Vehicles-Side,"0, QUAI D ORSAY",M,48.8628635250992,2.8614835071750884
201800050887,NonLethal,2018-06-16,17:55:00,Daylight,750,107,Yes,X-type,Normal,2Vehicles-Side,RUE DU GENERAL BERTRAND,M,48.84799020058111,2.847956105813385
201800050888,NonLethal,2018-06-18,20:30:00,Daylight,750,107,Yes,X-type,Normal,Other,QUAI ANATOLE FRANCE,M,48.86179642909704,2.862225972060878
201800050889,NonLethal,2018-06-20,11:43:00,Daylight,750,107,Yes,T-type,Normal,2Vehicles-Side,RUE FABERT,M,48.86380983833962,2.862353882091891
201800050890,NonLethal,2018-06-21,10:50:00,Daylight,750,107,Yes,NoIntersection,Normal,Other,"23, RUE DE VARENNE",M,48.85317065226034,2.853642173839544
201800050891,NonLethal,2018-06-22,04:32:00,NightStreelightsOn,750,107,Yes,X-type,Normal,2Vehicles-Side,RUE DE BELLECHASSE,M,48.85629543103669,2.8592302742912734
201800050892,NonLethal,2018-06-22,09:10:00,Daylight,750,107,Yes,T-type,Normal,2Vehicles-Side,"l09, RUE SAINT DOMINIQUE",M,48.85894167481004,2.8604678786717512
201800050893,NonLethal,2018-06-22,11:15:00,Daylight,750,107,Yes,T-type,Normal,2Vehicles-Side,QUAI BRANLY,M,48.85820483049683,2.856583934454516
201800050894,NonLethal,2018-06-25,16:05:00,Daylight,750,107,Yes,T-type,Normal,2Vehicles-Side,QUAI D ORSAY,M,48.86385682653165,2.86418294021254
201800050896,NonLethal,2018-06-27,12:25:00,Daylight,750,107,Yes,NoIntersection,Normal,2Vehicles-Side,"35, QUAI D ORSAY",M,48.86330373887332,2.864548096454201
201800050897,NonLethal,2018-06-28,20:00:00,Daylight,750,107,Yes,X-type,Normal,2Vehicles-Side,AVENUE DE BRETEUIL,M,48.85165312545801,2.8523985426678022
201800050899,NonLethal,2018-06-30,21:39:00,NightStreelightsOn,750,107,Yes,NoIntersection,Normal,Other,"60, AVENUE DE BRETEUIL",M,48.84887389003954,2.849345219372728
201800050901,NonLethal,2018-05-07,22:05:00,NightStreelightsOn,750,106,Yes,T-type,Normal,2Vehicles-Side,RUE DES GRANDS AUGUSTINS,M,48.85384056214993,2.8528800922578195
201800050902,NonLethal,2018-07-07,13:20:00,Daylight,750,107,Yes,X-type,Normal,Other,"57, RUE DE BELLECHASSE",M,48.85681776852003,2.8552098866001945
201800050903,NonLethal,2018-07-07,15:15:00,Daylight,750,107,Yes,NoIntersection,Normal,2Vehicles-Side,"39, AVENUE DE LA MOTTE P",M,48.85480523030781,2.857032635619366
201800050904,NonLethal,2018-11-07,01:28:00,NightStreelightsOn,750,107,Yes,NoIntersection,Normal,Other,"241, BOULEVARD SAINT GER",M,48.861639894283705,2.8602324928613085
201800050905,NonLethal,2018-07-14,13:20:00,Daylight,750,114,Yes,X-type,Normal,2Vehicles-Behind,AVENUE DE LA PORTE D ORL,M,48.81857786803235,2.821411427935774
201800050907,NonLethal,2018-07-15,20:10:00,NightStreelightsOn,750,107,Yes,X-type,Normal,2Vehicles-Side,RUE DE L UNIVERSITE,M,48.860727144352985,2.859198164199401
201800050908,NonLethal,2018-07-15,23:00:00,NightStreelightsOn,750,107,Yes,NoIntersection,Normal,Other,PLACE HENRY DE MONTHERLA,M,48.86007019380365,2.8614831769976594
201800050909,NonLethal,2018-07-15,23:40:00,NightStreelightsOn,750,107,Yes,NoIntersection,Normal,Other,"15, QUAI BRANLY",M,48.86226448387519,2.8613050828640145
201800050911,NonLethal,2018-07-19,09:17:00,Daylight,750,107,Yes,MoreThan4Branches,Normal,2Vehicles-Side,PLACE DE L ECOLE MILITAI,M,48.85350183558855,2.8538797520419097
201800050912,NonLethal,2018-07-20,09:35:00,Daylight,750,115,Yes,Y-type,Normal,Other,RUE DE LA FEDERATION,M,48.85218832630608,2.8507266443099217
201800050913,NonLethal,2018-07-29,00:20:00,NightStreelightsOn,750,107,Yes,Square,Normal,Other,RUE DE GRENELLE,M,48.85065526739888,2.848731535101264
201800050914,NonLethal,2018-07-31,17:30:00,Daylight,750,107,Yes,T-type,Normal,2Vehicles-Side,AVENUE DE SUFFREN,M,,
201800050915,NonLethal,2018-08-08,14:15:00,Daylight,750,107,Yes,Y-type,Normal,2Vehicles-Side,BOULEVARD SAINT GERMAIN,M,,
201800050916,NonLethal,2018-08-08,18:40:00,Daylight,750,107,Yes,X-type,Normal,2Vehicles-Side,QUAI BRANLY,M,,
201800050917,NonLethal,2018-08-10,09:30:00,Daylight,750,107,Yes,T-type,Normal,2Vehicles-Behind,QUAI VOLTAIRE,M,,
201800050919,NonLethal,2018-08-21,18:30:00,Daylight,750,107,Yes,NoIntersection,Normal,2Vehicles-Side,RUE DE L EXPOSITION,M,,
201800050920,NonLethal,2018-08-31,20:55:00,NightNoStreetLight,750,107,Yes,X-type,Normal,Other,QUAI D ORSAY,M,48.00078810488624,1.9986789693995537
201800050922,NonLethal,2018-03-09,20:10:00,NightNoStreetLight,750,107,Yes,T-type,Normal,Other,BOULEVARD SAINT GERMAIN,M,,
201800050923,NonLethal,2018-04-09,11:40:00,Daylight,750,107,Yes,NoIntersection,Normal,2Vehicles-Behind,QUAI ANATOLE FRANCE,M,,
201800050924,NonLethal,2018-09-07,02:45:00,NightStreelightsOn,750,107,Yes,T-type,Normal,NoCollision,RUE CASIMIR PERIER,M,48.85525042515234,2.8562940508803254
201800050925,NonLethal,2018-07-09,17:00:00,Daylight,750,107,Yes,X-type,Normal,2Vehicles-Side,AVENUE DU MARECHAL GALLI,M,48.862398254955686,2.8590416012077093
201800050926,NonLethal,2018-09-09,13:10:00,Daylight,750,107,Yes,T-type,Normal,2Vehicles-Side,AVENUE DE LA MOTTE PICQU,M,,
201800050927,NonLethal,2018-09-11,15:00:00,Daylight,750,114,Yes,X-type,Normal,Other,BOULEVARD JOURDAN,M,48.82308670989804,2.8210466615666103
201800050929,NonLethal,2018-09-20,18:50:00,Daylight,750,107,Yes,X-type,Normal,Other,AVENUE DE LA BOURDONNAIS,M,,
201800050930,NonLethal,2018-09-24,23:00:00,NightStreelightsOn,750,114,Yes,NoIntersection,Normal,2Vehicles-Side,AVENUE DU MAINE,M,,
201800050931,NonLethal,2018-09-26,08:50:00,Daylight,750,107,Yes,X-type,Normal,2Vehicles-Side,BOULEVARD SAINT GERMAIN,M,,
201800050932,NonLethal,2018-03-10,19:50:00,NightStreelightsOn,750,115,Yes,T-type,Normal,Other,QUAI DE GRENELLE,M,,
201800050933,NonLethal,2018-08-10,08:45:00,Daylight,750,107,Yes,X-type,Normal,2Vehicles-Side,QUAI ANATOLE FRANCE,M,,
201800050934,NonLethal,2018-10-11,13:19:00,Daylight,750,107,Yes,T-type,Normal,2Vehicles-Behind,AVENUE DU MARECHAL GALLI,M,46.86160473828294,2.863742408423924
201800050935,NonLethal,2018-11-10,23:30:00,NightStreelightsOn,750,114,Yes,MoreThan4Branches,LightRain,2Vehicles-Behind,BOULEVARD RASPAIL,M,48.83873577750347,2.840802366037264
201800050936,NonLethal,2018-10-12,17:32:00,Daylight,750,107,Yes,NoIntersection,Normal,2Vehicles-Behind,QUAI D ORSAY,M,48.86236245360529,2.8640157502758496
201800050938,NonLethal,2018-10-20,18:00:00,Daylight,750,107,Yes,NoIntersection,Normal,Other,AVENUE DE LOWENDAL,M,48.852233826561566,2.8513905756473377
201800050939,NonLethal,2018-10-26,12:00:00,Daylight,750,108,Yes,X-type,Normal,2Vehicles-Side,PONT DE LA CONCORDE,M,47.99947956983476,2.001417726559833
201800050940,NonLethal,2018-10-26,13:55:00,Daylight,750,107,Yes,X-type,Normal,2Vehicles-Side,RUE DES SAINTS PERES,M,48.85235488190239,2.85466550862173
201800050941,NonLethal,2018-10-26,15:30:00,Daylight,750,107,Yes,Square,Normal,2Vehicles-Side,RUE DE L UNIVERSITE,M,48.85929465632152,2.861682655238809
201800050942,NonLethal,2018-10-28,11:20:00,Daylight,750,107,Yes,Square,Normal,Other,PLACE HENRY DE MONTHERLA,M,48.860495443623975,2.860419152867771
201800050943,NonLethal,2018-10-31,08:14:00,Daylight,750,107,Yes,X-type,Normal,2Vehicles-Side,BOULEVARD RASPAIL,M,48.85341301376256,2.850829993691212
201800050944,NonLethal,2018-06-11,11:55:00,Daylight,750,107,Yes,X-type,Normal,2Vehicles-Side,BOULEVARD DES INVALIDES,M,48.84534190398947,2.84750442918999
201800050947,NonLethal,2018-11-22,09:25:00,Daylight,750,107,Yes,T-type,Normal,2Vehicles-Side,AVENUE DE LA BOURDONNAIS,M,48.85568586106004,2.857110482333561
201800050948,NonLethal,2018-11-23,09:45:00,Daylight,750,107,Yes,Square,Overcast,3+Vehicles-Multiple,RUE DE GRENELLE,M,,
201800050949,NonLethal,2018-11-28,10:20:00,Daylight,750,115,Yes,X-type,LightRain,Other,RUE DE LA CONVENTION,M,48.84203434243903,2.842845305855572
201800050951,NonLethal,2018-12-01,20:40:00,NightStreelightsOn,750,107,Yes,X-type,LightRain,2Vehicles-Side,BOULEVARD DES INVALIDES,M,,
201800050953,NonLethal,2018-04-12,18:40:00,NightStreelightsOn,750,107,Yes,X-type,Normal,2Vehicles-Side,RUE DES SAINTS PERES,M,48.85701795738901,2.8567090270833044
201800050955,NonLethal,2018-12-05,16:25:00,Daylight,750,107,Yes,NoIntersection,Normal,Other,AVENUE JOSEPH BOUVARD,M,48.85610431490262,2.855384323303612
201800050956,NonLethal,2018-07-12,10:05:00,Daylight,750,107,Yes,T-type,Overcast,2Vehicles-Side,BOULEVARD DES INVALIDES,M,48.84805781716016,2.849078671810492
201800050957,NonLethal,2018-12-09,01:00:00,NightStreelightsOn,750,107,Yes,X-type,LightRain,NoCollision,BOULEVARD DES INVALIDES,M,48.84771090380183,2.8445652731251467
201800050958,NonLethal,2018-09-12,11:25:00,Daylight,750,107,Yes,X-type,LightRain,2Vehicles-Side,PLACE DE L ECOLE MILITAI,M,,
201800050960,NonLethal,2018-12-12,12:50:00,Daylight,750,107,Yes,X-type,Normal,3+Vehicles-Multiple,AVENUE DE LA MOTTE PICQU,M,48.852802638077954,2.8545541989525614
201800050961,NonLethal,2018-12-15,21:55:00,NightStreelightsOn,750,107,Yes,T-type,HeavyRain,Other,AVENUE DE SUFFREN,M,48.857416239336665,2.854600146171445
201800050962,NonLethal,2018-12-20,10:00:00,Daylight,750,115,Yes,NoIntersection,Normal,NoCollision,QUAI BRANLY,M,48.85790766814236,2.8577028957346977
201800050963,NonLethal,2018-12-24,18:00:00,NightStreelightsOn,750,107,Yes,NoIntersection,Normal,Other,PONT D IENA,M,,
201800050964,NonLethal,2018-12-29,19:20:00,NightStreelightsOn,750,107,Yes,T-type,Normal,Other,AVENUE DE LA BOURDONNAIS,M,48.8571674057514,2.85648022813945
201800050965,NonLethal,2018-01-02,09:05:00,Daylight,750,108,Yes,Y-type,Overcast,Other,"41, AVENUE DE FRIEDLAND",M,48.87605349698425,2.873382883321137
201800050966,NonLethal,2018-01-02,19:25:00,NightStreelightsOn,750,108,Yes,Square,Normal,Other,AVENUE DES CHAMPS ELYSEE,M,48.86674227850288,2.865902666658686
201800050968,NonLethal,2018-03-01,19:28:00,NightStreelightsOn,750,108,Yes,Square,Normal,Other,ROND POINT CHAMPS ELYSEE,M,48.86906687777641,2.869684197261892
201800050969,NonLethal,2018-04-01,09:20:00,Daylight,750,108,Yes,X-type,LightRain,Other,"11, BOULEVARD DE COURCEL",M,48.88277779352558,2.882488971668557
201800050970,NonLethal,2018-06-01,14:35:00,Daylight,750,108,Yes,T-type,Overcast,Other,"16, COURS ALBERT 1ER",M,48.86574111126827,2.8649572171082305
201800050971,NonLethal,2018-01-08,09:35:00,Daylight,750,108,Yes,NoIntersection,Normal,2Vehicles-Side,PLACE DE LA CONCORDE,M,48.86677771093383,2.86502488956622
201800050972,NonLethal,2018-01-09,19:15:00,NightStreelightsOn,750,108,Yes,NoIntersection,Overcast,2Vehicles-Side,"53, AVENUE HOCHE",M,48.87478691586483,2.872874269778872
201800050973,NonLethal,2018-10-01,10:40:00,Daylight,750,108,Yes,X-type,LightRain,2Vehicles-Side,RUE ROYALE,M,48.86853480737884,2.8683868104542607
201800050974,NonLethal,2018-01-15,20:10:00,NightStreelightsOn,750,108,Yes,Y-type,Overcast,2Vehicles-Side,"39, AVENUE DE FRIEDLAND",M,48.87258568644016,2.87535022397436
201800050975,NonLethal,2018-01-16,13:00:00,Daylight,750,108,Yes,Square,Normal,2Vehicles-Side,PLACE DE LA CONCORDE,M,48.866726879041146,2.865194170681656
201800050976,NonLethal,2018-01-19,07:30:00,NightStreelightsOn,750,108,Yes,X-type,Normal,Other,RUE DE PENTHIEVRE,M,48.87410521522303,2.873347980052872
201800050977,NonLethal,2018-01-19,11:30:00,Daylight,750,108,Yes,X-type,Normal,2Vehicles-Side,"168, BOULEVARD HAUSSMANN",M,48.87557682898869,2.872756949493698
201800050978,NonLethal,2018-01-20,05:40:00,NightStreelightsOn,750,108,Yes,Square,LightRain,2Vehicles-Side,PLACE DE LA CONCORDE,M,48.86333190808493,2.8654633140699155
201800050979,NonLethal,2018-01-22,11:10:00,Daylight,750,108,Yes,X-type,LightRain,2Vehicles-Side,RUE VERNET,M,48.87061782827501,2.870955859879894
201800050980,NonLethal,2018-01-24,20:20:00,NightStreelightsOn,750,108,Yes,NoIntersection,Normal,2Vehicles-Behind,"63, RUE DU FAUBOURG SAIN",M,48.87020390075474,2.8713772922025096
201800050981,NonLethal,2018-01-27,20:45:00,NightStreelightsOn,750,108,Yes,T-type,Normal,Other,"36, RUE DES MATHURINS",M,48.87336382221286,2.8727354958553217
201800050982,NonLethal,2018-01-30,08:30:00,Daylight,750,108,Yes,Square,Overcast,3+Vehicles-Chain,PLACE DE L ALMA,M,48.86330756788342,2.860804011436808
201800050983,NonLethal,2018-01-30,13:45:00,Daylight,750,108,Yes,X-type,Overcast,NoCollision,"61, RUE DE L ARCADE",M,48.87428765680461,2.874520625711509
201800050984,NonLethal,2018-01-31,10:20:00,Daylight,750,108,Yes,X-type,LightRain,2Vehicles-Side,"158 BIS, BOULEVARD HAUSS",M,48.87716761432378,2.876454451309281
201800050985,NonLethal,2018-02-02,18:55:00,NightStreelightsOn,750,108,Yes,X-type,Normal,2Vehicles-Side,"72, BOULEVARD MALESHERBE",M,48.87860135917599,2.8805194270073438
201800050986,NonLethal,2018-02-02,23:15:00,NightStreelightsOn,750,108,Yes,MoreThan4Branches,Normal,Other,"l5, RUE DE ROME",M,48.87408130455815,2.874632908020809
201800050987,NonLethal,2018-02-03,02:43:00,NightStreelightsOn,750,108,Yes,X-type,Normal,Other,"49, AVENUE DES CHAMPS EL",M,48.87204677957604,2.869907977168133
201800050988,NonLethal,2018-02-03,14:30:00,Daylight,750,108,Yes,T-type,LightRain,NoCollision,"56, RUE FRANCOIS 1ER",M,48.87112669558943,2.869549577795304
201800050989,NonLethal,2018-02-05,05:30:00,NightStreelightsOn,750,108,Yes,X-type,Normal,2Vehicles-Side,AVENUE DES CHAMPS ELYSEE,M,48.86884644379056,2.867633986529233
201800050990,NonLethal,2018-05-02,10:00:00,Daylight,750,108,Yes,NoIntersection,SnowOrHail,Other,"12, RUE ROYALE",M,48.86847542037927,2.867814972046254
201800050991,NonLethal,2018-08-02,18:15:00,NightStreelightsOn,750,108,Yes,NoIntersection,Normal,Other,"15, RUE WASHINGTON",M,48.87153679603352,2.872774098996873
201800050992,NonLethal,2018-08-02,23:00:00,NightStreelightsOn,750,108,Yes,NoIntersection,Normal,2Vehicles-Side,"266, RUE DU FAUBOURG SAI",M,48.87786890746523,2.87767695577361
201800050993,NonLethal,2018-09-02,22:50:00,NightStreelightsOn,750,108,Yes,NoIntersection,LightRain,Other,"80, BOULEVARD HAUSSMANN",M,48.87558807534494,2.8731143950888804
201800050994,NonLethal,2018-11-02,03:45:00,NightStreelightsOn,750,108,Yes,X-type,Normal,2Vehicles-Side,RUE PASQUIER,M,48.87142406398007,2.873137632725017
201800050996,NonLethal,2018-02-12,09:30:00,Daylight,750,108,Yes,X-type,Normal,Other,"/, RUE D ARTOIS",M,48.87432088442952,2.871553174774037