AccidentId,Gravity,Date,Hour,Light,Department,Commune,InAgglomeration,IntersectionType,Weather,CollisionType,PostalAddress,GPSCode,Latitude,Longitude
201800050997,NonLethal,2018-02-13,12:00:00,Daylight,750,108,Yes,MoreThan4Branches,Normal,2Vehicles-Side,"115, BOULEVARD HAUSSMANN",M,48.875206007263664,2.875345831830439
201800050998,NonLethal,2018-02-13,21:15:00,NightStreelightsOn,750,108,Yes,X-type,LightRain,2Vehicles-Side,"53, BOULEVARD DES BATIGN",M,48.88143275229712,2.8815677853881883
201800050999,NonLethal,2018-02-18,13:55:00,Daylight,750,108,Yes,NoIntersection,Normal,NoCollision,VOIE GEORGES POMPIDOU,M,48.864276222534805,2.8665572503303225
201800051000,NonLethal,2018-02-19,23:00:00,NightStreelightsOn,750,108,Yes,X-type,LightRain,2Vehicles-Side,BOULEVARD DE COURCELLES,M,48.87961445288213,2.879011112414282
201800051002,NonLethal,2018-02-21,12:45:00,Daylight,750,108,Yes,Y-type,Normal,2Vehicles-Side,"40, AVENUE DE FRIEDLAND",M,48.87329157105137,2.874217893053952
201800051003,NonLethal,2018-02-24,06:00:00,NightStreelightsOn,750,108,Yes,X-type,Normal,Other,"49, AVENUE DES CHAMPS EL",M,48.870159207201525,2.8711751475570484
201800051004,NonLethal,2018-02-27,11:20:00,Daylight,750,108,Yes,NoIntersection,Normal,Other,"3, AVENUE GEORGE V",M,48.865391588639824,2.865442974271698
201800051005,NonLethal,2018-02-28,08:50:00,Daylight,750,108,Yes,Y-type,Normal,Other,"27, RUE DE SAINT PETERSB",M,48.882282078509775,2.8819119947394296
201800051006,NonLethal,2018-02-28,20:00:00,NightStreelightsOn,750,108,Yes,Square,Normal,2Vehicles-Behind,"2, RUE DE LA PEPINIERE",M,48.87378314397908,2.8752678636460343
201800051007,NonLethal,2018-01-03,21:15:00,NightStreelightsOn,750,108,Yes,X-type,Overcast,2Vehicles-Behind,"51, RUE DE ROME",M,48.87838317437665,2.877032260988245
201800051008,NonLethal,2018-02-03,17:50:00,TwilightOrDawn,750,108,Yes,X-type,Normal,Other,"24, RUE D ANJOU",M,48.87167972018951,2.869885309571885
201800051009,NonLethal,2018-06-03,08:50:00,Daylight,750,108,Yes,Square,Normal,2Vehicles-Side,"9, PLACE SAINT AUGUSTIN",M,48.87580390782605,2.8770953131167394
201800051010,NonLethal,2018-03-06,11:10:00,Daylight,750,108,Yes,X-type,Normal,Other,"32, AVENUE MONTAIGNE",M,48.86658212529456,2.8648923959426544
201800051011,NonLethal,2018-08-03,15:00:00,Daylight,750,108,Yes,X-type,LightRain,2Vehicles-Behind,"7, BOULEVARD MALESHERBES",M,48.87193707899005,2.8710710463934737
201800051012,NonLethal,2018-03-09,11:20:00,Daylight,750,108,Yes,X-type,LightRain,2Vehicles-Side,"28, RUE LA BOETIE",M,48.87366230300242,2.8730315836084195
201800051013,NonLethal,2018-03-09,12:25:00,Daylight,750,108,Yes,Square,LightRain,2Vehicles-Side,PLACE DE LA CONCORDE,M,48.8643416587571,2.8659812176503854
201800051014,NonLethal,2018-11-03,15:10:00,Daylight,750,108,Yes,X-type,Normal,Other,"5, RUE MARBEUF",M,48.868009887649166,2.869901194591879
201800051015,NonLethal,2018-03-13,11:55:00,Daylight,750,108,Yes,Square,Overcast,2Vehicles-Side,PLACE DE LA CONCORDE,M,48.86665937253509,2.866112849741787
201800051016,NonLethal,2018-03-13,14:40:00,Daylight,750,108,Yes,Square,Normal,2Vehicles-Side,"241, RUE DU FAUBOURG SAI",M,48.8785187322656,2.8778393153374604
201800051018,NonLethal,2018-03-17,20:45:00,NightStreelightsOn,750,108,Yes,X-type,LightRain,2Vehicles-Behind,"11, RUE ROYALE",M,48.86900758202746,2.8691244254934847
201800051019,NonLethal,2018-03-18,03:15:00,NightStreelightsOn,750,117,Yes,Square,Other,Other,PLACE CHARLES DE GAULLE,M,48.87418766070128,2.8745232961266654
201800051021,NonLethal,2018-03-20,10:15:00,Daylight,750,108,Yes,Square,Normal,3+Vehicles-Chain,PLACE DE LA CONCORDE,M,48.8650515040959,2.8654329869152058
201800051024,NonLethal,2018-03-26,18:40:00,Daylight,750,108,Yes,Square,Normal,2Vehicles-Side,"1, PLACE DE L ALMA",M,48.86387238366657,2.864487664077624
201800051026,NonLethal,2018-03-29,17:30:00,Daylight,750,108,Yes,NoIntersection,Normal,Other,"15, RUE CAMBACERES",M,48.87238045062144,2.87256686047936
201800051027,NonLethal,2018-03-29,19:00:00,TwilightOrDawn,750,108,Yes,X-type,LightRain,Other,"39, BOULEVARD MALESHERBE",M,48.87291888185912,2.8740242121041324
201800051029,NonLethal,2018-02-04,02:25:00,NightStreelightsOn,750,108,Yes,T-type,Normal,2Vehicles-Behind,AVENUE DES CHAMPS ELYSEE,M,48.867491362980125,2.866521908379286
201800051030,NonLethal,2018-04-03,10:00:00,Daylight,750,108,Yes,Square,Normal,2Vehicles-Side,"/, PLACE DE LA CONCORDE",M,48.86609987175624,2.867149476702988
201800051031,NonLethal,2018-04-03,15:20:00,Daylight,750,108,Yes,Square,Normal,2Vehicles-Side,PLACE CHARLES DE GAULLE,M,48.87351191374634,2.8742711563532946
201800051032,NonLethal,2018-04-03,19:35:00,TwilightOrDawn,750,108,Yes,T-type,Normal,Other,"221, RUE DU FAUBOURG SAI",M,48.87858290169208,2.8752549256566606
201800051033,NonLethal,2018-04-04,09:45:00,Daylight,750,108,Yes,X-type,Normal,2Vehicles-Behind,"54, RUE GALILEE",M,48.87115401643686,2.873608996064063
201800051034,NonLethal,2018-04-04,15:58:00,Daylight,750,108,Yes,Roundabout,LightRain,2Vehicles-Side,"2, ROND POINT CHAMPS ELY",M,48.87030878491455,2.867466872718337
201800051035,NonLethal,2018-04-05,09:35:00,Daylight,750,108,Yes,NoIntersection,Normal,2Vehicles-Behind,AVENUE DES CHAMPS ELYSEE,M,48.86672216903775,2.86769685309027
201800051036,NonLethal,2018-06-04,00:20:00,NightStreelightsOn,750,108,Yes,Square,Normal,2Vehicles-Side,"15, AVENUE DE FRIEDLAND",M,48.87481694438387,2.8761414901460207
201800051037,NonLethal,2018-04-06,17:00:00,Daylight,750,108,Yes,X-type,HeavyRain,2Vehicles-Side,"23, AVENUE HOCHE",M,48.87652278110563,2.875490481394861
201800051038,NonLethal,2018-09-04,11:50:00,Daylight,750,108,Yes,X-type,Normal,2Vehicles-Behind,"3, AVENUE MYRON HERRICK",M,48.872765767414535,2.871883553737808
201800051039,NonLethal,2018-09-04,12:10:00,Daylight,750,108,Yes,Square,Normal,Other,"80, RUE DE COURCELLES",M,48.87787616869173,2.876849265626244
201800051040,NonLethal,2018-10-04,08:30:00,Daylight,750,108,Yes,X-type,Normal,Other,"22, RUE DE LA TREMOILLE",M,48.867053920169525,2.868492370662875
201800051041,NonLethal,2018-10-04,14:07:00,Daylight,750,108,Yes,Square,Normal,3+Vehicles-Multiple,PLACE DE LA CONCORDE,M,48.86501902100497,2.863905119037033
201800051042,NonLethal,2018-11-04,11:10:00,Daylight,750,108,Yes,NoIntersection,Normal,2Vehicles-Side,"27, RUE DE BERRI",M,48.87243369221325,2.873063725053195
201800051043,NonLethal,2018-11-04,13:30:00,Daylight,750,108,Yes,Square,Normal,2Vehicles-Side,"91, BOULEVARD HAUSSMANN",M,48.875346272328144,2.874165837517179
201800051044,NonLethal,2018-11-04,14:00:00,Daylight,750,108,Yes,X-type,Normal,2Vehicles-Side,"l6, BOULEVARD MALESHERBE",M,48.872720313566056,2.8711266007166194
201800051045,NonLethal,2018-12-04,08:45:00,Daylight,750,108,Yes,NoIntersection,Normal,2Vehicles-Side,"38, AVENUE HOCHE",M,48.87509414603064,2.875164637513264
201800051046,NonLethal,2018-04-12,10:15:00,Daylight,750,101,Yes,NoIntersection,Normal,Other,"06, RUE SAINT FLORENTIN",M,48.86720508399859,2.866815678966601
201800051047,NonLethal,2018-04-14,13:10:00,Daylight,750,108,Yes,Square,Normal,3+Vehicles-Chain,"18, RUE ROYALE",M,48.868032014503214,2.8697853794975954
201800051050,NonLethal,2018-04-19,13:00:00,Daylight,750,108,Yes,Y-type,Normal,Other,"60, RUE DE COURCELLES",M,48.876690983143,2.876270138451844
201800051051,NonLethal,2018-04-20,13:15:00,Daylight,750,108,Yes,X-type,Normal,Other,"06, RUE DE LA PEPINIERE",M,48.875604961266426,2.87444973019058
201800051052,NonLethal,2018-04-20,14:40:00,Daylight,750,108,Yes,NoIntersection,Normal,Other,"108, RUE SAINT LAZARE",M,48.87597817928658,2.8755571481677813
201800051053,NonLethal,2018-04-20,17:40:00,Daylight,750,108,Yes,NoIntersection,Normal,2Vehicles-Side,"2, BOULEVARD MALESHERBES",M,48.87057341995612,2.871276129510516
201800051056,NonLethal,2018-04-25,13:30:00,Daylight,750,108,Yes,X-type,Normal,2Vehicles-Behind,"6, RUE DU FAUBOURG SAINT",M,48.868222622832434,2.868596852364334
201800051057,NonLethal,2018-04-26,18:20:00,Daylight,750,108,Yes,X-type,Normal,2Vehicles-Side,"41, RUE DES MATHURINS",M,48.87228159575724,2.8727717689851677
201800051058,NonLethal,2018-04-27,16:15:00,Daylight,750,108,Yes,Square,Normal,Other,PLACE DE L ALMA,M,48.86388226310086,2.8636761066142844
201800051059,NonLethal,2018-04-29,23:05:00,NightStreelightsOn,750,108,Yes,MoreThan4Branches,HeavyRain,2Vehicles-Side,COURS ALBERT 1ER,M,48.86397766556088,2.8662510954790537
201800051060,NonLethal,2018-05-02,10:33:00,Daylight,750,108,Yes,Square,Normal,2Vehicles-Side,"2, PLACE DE LA CONCORDE",M,48.86680635917421,2.866968589684806
201800051061,NonLethal,2018-07-05,18:30:00,Daylight,750,108,Yes,NoIntersection,Normal,Other,"2, RUE D AMSTERDAM",M,48.87671544397266,2.87734555498464
201800051065,NonLethal,2018-09-05,13:00:00,Daylight,750,108,Yes,T-type,Normal,2Vehicles-Behind,BOULEVARD MALESHERBES,M,48.87395371833888,2.873177333692101
201800051066,NonLethal,2018-05-09,13:35:00,Daylight,750,108,Yes,X-type,Normal,2Vehicles-Behind,AVENUE DES CHAMPS ELYSEE,M,48.86865845633044,2.8675843829495298
201800051067,NonLethal,2018-09-05,19:45:00,Daylight,750,108,Yes,Square,Normal,2Vehicles-Side,PLACE DE LA CONCORDE,M,48.86524899964496,2.8649168387435235
201800051068,NonLethal,2018-05-10,14:55:00,Daylight,750,108,Yes,X-type,Normal,2Vehicles-Behind,AVENUE DES CHAMPS ELYSEE,M,48.86875434098987,2.868263962476205
201800051069,NonLethal,2018-05-11,14:00:00,Daylight,750,108,Yes,T-type,Normal,2Vehicles-Side,"30, AVENUE DE WAGRAM",M,48.87771527915942,2.877257769313968
201800051070,NonLethal,2018-12-05,07:09:00,TwilightOrDawn,750,116,Yes,X-type,Overcast,2Vehicles-Side,"56, BOULEVARD EMILE AUGI",M,48.8635495024934,2.86404081260956
201800051071,NonLethal,2018-05-13,09:15:00,Daylight,750,108,Yes,MoreThan4Branches,Normal,Other,"152, AVENUE DES CHAMPS E",M,48.8727689708882,2.8734933072455173
201800051072,NonLethal,2018-05-15,09:04:00,Daylight,750,108,Yes,T-type,Normal,Other,"8, BOULEVARD MALESHERBES",M,48.87073145399808,2.869427974888913
201800051073,NonLethal,2018-05-16,10:25:00,Daylight,750,108,Yes,NoIntersection,Overcast,2Vehicles-Side,"36, AVENUE GEORGE V",M,48.86855025879225,2.866459736324278
201800051075,NonLethal,2018-05-22,06:30:00,TwilightOrDawn,750,108,Yes,Square,Normal,NoCollision,"/, PLACE DU GENERAL BROC",M,48.87816980441232,2.8767124890152878
201800051078,NonLethal,2018-05-25,10:00:00,Daylight,750,108,Yes,Square,Normal,2Vehicles-Side,PLACE DE L ALMA,M,48.86452435320805,2.865211517064947
201800051080,NonLethal,2018-05-26,18:12:00,Daylight,750,108,Yes,X-type,Normal,Other,"2, RUE DE MADRID",M,48.87822731288552,2.8796234050434357
201800051081,NonLethal,2018-05-27,02:55:00,NightStreelightsOn,750,108,Yes,X-type,Normal,Other,RUE DE PONTHIEU,M,48.86893370816369,2.8706300863267877
201800051084,NonLethal,2018-05-29,22:15:00,NightStreelightsOn,750,108,Yes,X-type,HeavyRain,2Vehicles-Side,RUE DE TEHERAN,M,48.87761405919053,2.877480656449284
201800051086,NonLethal,2018-05-31,00:10:00,NightStreelightsOn,750,108,Yes,NoIntersection,Normal,2Vehicles-Side,"45, AVENUE GEORGE V",M,48.87063359944927,2.8701770985862645
201800051087,NonLethal,2018-05-31,18:30:00,Daylight,750,108,Yes,T-type,Normal,2Vehicles-Side,"116, AVENUE DES CHAMPS E",M,48.87180704148116,2.8716057488470232
201800051088,NonLethal,2018-06-01,14:05:00,Daylight,750,108,Yes,X-type,Normal,Other,BOULEVARD DES BATIGNOLLE,M,48.881485991211,2.882180193428445
201800051089,NonLethal,2018-02-06,11:10:00,Daylight,750,108,Yes,X-type,Normal,2Vehicles-Side,"28, AVENUE DE FRIEDLAND",M,48.87518497196321,2.8751156778811606
201800051090,NonLethal,2018-02-06,11:10:00,Daylight,750,108,Yes,Square,Normal,Other,PLACE DE LA CONCORDE,M,48.86407102496869,2.8645918311616745
201800051091,NonLethal,2018-02-06,18:30:00,Daylight,750,108,Yes,Square,Normal,2Vehicles-Side,PLACE DE LA CONCORDE,M,48.86553232177749,2.8656877025423717
201800051092,NonLethal,2018-06-04,16:30:00,Daylight,750,108,Yes,Square,Normal,2Vehicles-Side,PLACE CHARLES DE GAULLE,M,48.87320258288185,2.876458681408232
201800051093,NonLethal,2018-05-06,20:20:00,Daylight,750,108,Yes,Square,Normal,2Vehicles-Behind,PLACE DE RIO DE JANEIRO,M,48.875676006034034,2.8780901294832564
201800051094,NonLethal,2018-06-06,23:20:00,NightStreelightsOn,750,108,Yes,X-type,Normal,2Vehicles-Side,RUE CHATEAUBRIAND,M,48.87200577360149,2.87446826318083
201800051095,NonLethal,2018-07-06,20:00:00,Daylight,750,116,Yes,NoIntersection,Normal,2Vehicles-Side,ECHANGEUR MUETTE,M,48.8695678013645,2.8689092209153872
201800051096,NonLethal,2018-06-08,11:01:00,Daylight,750,108,Yes,T-type,Normal,2Vehicles-Side,"100, RUE LA BOETIE",M,48.87202877439909,2.872443807814818
201800051097,NonLethal,2018-06-09,01:00:00,NightStreelightsOn,750,108,Yes,NoIntersection,Normal,Other,PORT DES CHAMPS ELYSEES,M,48.86249471404497,2.864295077785304
201800051098,NonLethal,2018-06-09,21:00:00,TwilightOrDawn,750,108,Yes,X-type,Normal,2Vehicles-Behind,AVENUE DES CHAMPS ELYSEE,M,48.870674628804366,2.8710570374099587
201800051099,NonLethal,2018-06-10,16:15:00,Daylight,750,108,Yes,Square,Normal,2Vehicles-Side,"4, PLACE DE LA CONCORDE",M,48.86612240677658,2.8682099106856342
201800051101,NonLethal,2018-06-11,23:45:00,NightStreelightsOff,750,108,Yes,Square,HeavyRain,2Vehicles-Side,PLACE DE LA CONCORDE,M,48.86574405063341,2.8658446303253338
201800051102,NonLethal,2018-06-12,14:00:00,Daylight,750,108,Yes,Square,Overcast,2Vehicles-Side,PLACE SAINT AUGUSTIN,M,48.8751622084404,2.8747743017372898
201800051104,NonLethal,2018-06-13,12:25:00,Daylight,750,108,Yes,Y-type,Normal,Other,"60, RUE DE COURCELLES",M,48.87630219179376,2.8801207049404374
201800051105,NonLethal,2018-06-14,04:10:00,NightStreelightsOn,750,108,Yes,Y-type,Normal,Other,RUE DE SAINT PETERSBOURG,M,48.881745479050416,2.881410090256576
201800051106,NonLethal,2018-06-15,16:45:00,Daylight,750,108,Yes,NoIntersection,Normal,Other,"45, RUE WASHINGTON",M,48.874169117517134,2.873664415059952
201800051107,NonLethal,2018-06-12,10:20:00,Daylight,750,108,Yes,Y-type,Overcast,Other,"93, BOULEVARD MALESHERBE",M,48.87868736180385,2.87929492399551
201800051108,NonLethal,2018-06-16,20:30:00,Daylight,750,108,Yes,Y-type,Normal,Other,"10, RUE FREDERIC BASTIAT",M,48.87345203356174,2.8714522844430674
201800051109,NonLethal,2018-06-18,10:00:00,Daylight,750,108,Yes,T-type,LightRain,2Vehicles-Side,"41, AVENUE DE FRIEDLAND",M,48.87480141561173,2.875803819000749
201800051111,NonLethal,2018-06-19,19:21:00,Daylight,750,116,Yes,Roundabout,Normal,2Vehicles-Side,PLACE CHARLES DE GAULLE,M,48.873732985305935,2.8738767745365434
201800051113,NonLethal,2018-06-20,10:00:00,Daylight,750,108,Yes,X-type,Normal,2Vehicles-Behind,"32, AVENUE GEORGE V",M,48.86844510325392,2.8679856947582416
201800051114,NonLethal,2018-06-21,02:39:00,NightStreelightsOn,750,108,Yes,X-type,Normal,Other,COURS LA REINE,M,48.86576074375453,2.8634227973795907
201800051115,NonLethal,2018-06-21,17:50:00,Daylight,750,108,Yes,T-type,Normal,2Vehicles-Behind,"12, RUE DE CASTELLANE",M,48.87268917011615,2.8746564137979727
201800051116,NonLethal,2018-06-21,18:35:00,Daylight,750,108,Yes,X-type,Normal,Other,"51, RUE PIERRE CHARRON",M,48.869709957121614,2.8691920937797493
201800051118,NonLethal,2018-06-23,00:15:00,NightStreelightsOn,750,108,Yes,X-type,Normal,2Vehicles-Side,"16, RUE LA BOETIE",M,48.87572771369147,2.873150135289596
201800051119,NonLethal,2018-06-23,14:30:00,Daylight,750,108,Yes,NoIntersection,Normal,Other,"32, RUE DES MATHURINS",M,48.87372848440914,2.871944752007519
201800051121,NonLethal,2018-06-24,02:30:00,NightStreelightsOn,750,108,Yes,X-type,Normal,2Vehicles-Side,RUE BALZAC,M,48.87542091177813,2.875762339295387
201800051123,NonLethal,2018-06-26,08:50:00,Daylight,750,108,Yes,T-type,Normal,Other,"67, BOULEVARD DE COURCEL",M,48.87776865138217,2.880198829500124
201800051125,NonLethal,2018-06-26,14:45:00,Daylight,750,108,Yes,Square,Normal,3+Vehicles-Multiple,"4, PLACE DE LA CONCORDE",M,48.86626383163299,2.8644880435881044
201800051127,NonLethal,2018-06-28,20:50:00,Daylight,750,108,Yes,NoIntersection,Normal,3+Vehicles-Chain,AVENUE DES CHAMPS ELYSEE,M,48.868684699994056,2.8670906404701944
201800051128,NonLethal,2018-06-29,21:30:00,Daylight,750,108,Yes,Square,Normal,2Vehicles-Behind,"156, AVENUE DES CHAMPS E",M,48.874015531070754,2.8734542169391872
201800051129,NonLethal,2018-06-30,15:50:00,Daylight,750,108,Yes,X-type,Normal,2Vehicles-Side,"168, BOULEVARD HAUSSMANN",M,48.87492530891079,2.876032753100588
201800051130,NonLethal,2018-01-07,01:40:00,NightStreelightsOff,750,108,Yes,X-type,Normal,Other,"92, AVENUE DES CHAMPS EL",M,48.87342958886243,2.870985317056743
201800051131,NonLethal,2018-02-07,13:25:00,Daylight,750,108,Yes,T-type,Normal,Other,"67, BOULEVARD DE COURCEL",M,48.87880267422848,2.8788034573884755
201800051132,NonLethal,2018-07-02,13:55:00,Daylight,750,108,Yes,Square,Normal,2Vehicles-Side,"4, PLACE DE LA CONCORDE",M,48.86768179525288,2.8663787884358163
201800051133,NonLethal,2018-07-03,14:30:00,Daylight,750,108,Yes,X-type,Normal,Other,"30, AVENUE MONTAIGNE",M,48.865843594933295,2.86639730874196
201800051134,NonLethal,2018-07-03,16:00:00,Daylight,750,109,Yes,NoIntersection,Normal,2Vehicles-Behind,"44, RUE D AMSTERDAM",M,48.878055425252114,2.877312535673969
201800051135,NonLethal,2018-04-07,09:25:00,Daylight,750,108,Yes,X-type,Normal,2Vehicles-Behind,RUE DE MIROMESNIL,M,48.87096095142349,2.873847883406088
201800051136,NonLethal,2018-04-07,11:45:00,Daylight,750,108,Yes,NoIntersection,Normal,Other,PLACE DE LA REPUBLIQUE D,M,48.88111906951279,2.880757059605682
201800051137,NonLethal,2018-07-04,18:43:00,Daylight,750,108,Yes,NoIntersection,Normal,Other,"12, AVENUE MONTAIGNE",M,48.86463585094071,2.8652691820153264
201800051138,NonLethal,2018-07-05,02:50:00,NightStreelightsOn,750,108,Yes,NoIntersection,Normal,2Vehicles-Behind,AVENUE DES CHAMPS ELYSEE,M,48.86760412380942,2.8676843617151238
201800051140,NonLethal,2018-07-07,17:25:00,Daylight,750,108,Yes,X-type,Normal,2Vehicles-Behind,AVENUE DES CHAMPS ELYSEE,M,48.86771531961327,2.866904279405313
201800051141,NonLethal,2018-07-09,17:10:00,Daylight,750,108,Yes,NoIntersection,Normal,2Vehicles-Behind,AVENUE DES CHAMPS ELYSEE,M,48.86676148567535,2.8674042305883325
201800051142,NonLethal,2018-10-07,19:55:00,TwilightOrDawn,750,108,Yes,NoIntersection,Normal,2Vehicles-Behind,"36, AVENUE GABRIEL",M,48.870118624343206,2.869463568418738
201800051144,NonLethal,2018-07-14,16:15:00,Daylight,750,108,Yes,NoIntersection,Normal,2Vehicles-Behind,AVENUE DES CHAMPS ELYSEE,M,48.87070928734103,2.8727182121216117
201800051147,NonLethal,2018-07-16,20:00:00,Daylight,750,108,Yes,T-type,Normal,Other,"12, AVENUE MONTAIGNE",M,48.866391928189714,2.866206395299093
201800051148,NonLethal,2018-07-18,15:55:00,Daylight,750,108,Yes,NoIntersection,Normal,2Vehicles-Behind,AVENUE DE WAGRAM,M,48.86886084995712,2.870279883480908
201800051149,NonLethal,2018-07-18,17:50:00,Daylight,750,108,Yes,X-type,Normal,2Vehicles-Side,BOULEVARD DES BATIGNOLLE,M,,
201800051150,NonLethal,2018-07-19,10:30:00,Daylight,750,108,Yes,NoIntersection,Normal,Other,RUE PIERRE CHARRON,M,48.86678393532062,2.866473958555382
201800051151,NonLethal,2018-07-19,15:15:00,Daylight,750,108,Yes,NoIntersection,Normal,2Vehicles-Behind,AVENUE DES CHAMPS ELYSEE,M,,
201800051152,NonLethal,2018-07-20,11:30:00,Daylight,750,108,Yes,Y-type,Normal,2Vehicles-Side,AVENUE DE FRIEDLAND,M,48.87185805089997,2.870925176237067
201800051153,NonLethal,2018-07-20,14:20:00,Daylight,750,108,Yes,X-type,Normal,2Vehicles-Behind,AVENUE DES CHAMPS ELYSEE,M,48.873647586903736,2.87325383350027
201800051154,NonLethal,2018-07-20,22:32:00,NightStreelightsOn,750,108,Yes,X-type,Normal,2Vehicles-Side,AVENUE DE FRIEDLAND,M,48.87399386819859,2.8741122621866304
201800051155,NonLethal,2018-07-21,03:45:00,NightStreelightsOn,750,108,Yes,T-type,Normal,2Vehicles-Side,RUE DE MIROMESNIL,M,48.873396501780725,2.873794685808865
201800051156,NonLethal,2018-07-22,09:30:00,Daylight,750,108,Yes,X-type,Normal,2Vehicles-Side,RUE DES MATHURINS,M,48.86997417216336,2.869827819969505
201800051157,NonLethal,2018-07-27,16:15:00,Daylight,750,108,Yes,Y-type,Normal,Other,RUE FRANCOIS 1ER,M,48.8668040582438,2.8664142448795653
201800051158,NonLethal,2018-07-30,18:18:00,Daylight,750,108,Yes,MoreThan4Branches,Normal,2Vehicles-Side,RUE D AMSTERDAM,M,,
201800051159,NonLethal,2018-07-31,23:40:00,NightStreelightsOn,750,116,Yes,Y-type,Normal,NoCollision,AVENUE DE VERSAILLES,M,48.83518578282114,2.837211891071064
201800051160,NonLethal,2018-01-08,03:45:00,NightStreelightsOn,750,108,Yes,X-type,Normal,2Vehicles-Behind,RUE DU FAUBOURG SAINT HO,M,48.86825613970558,2.868075287633077
201800051161,NonLethal,2018-03-08,10:25:00,Daylight,750,108,Yes,Square,Normal,2Vehicles-Behind,PLACE DE LA MADELEINE,M,,
201800051163,NonLethal,2018-08-08,21:40:00,NightStreelightsOn,750,108,Yes,X-type,Normal,2Vehicles-Side,RUE TRONCHET,M,48.873504457125534,2.873807566725311
201800051164,NonLethal,2018-08-08,13:45:00,Daylight,750,108,Yes,X-type,Normal,2Vehicles-Behind,BOULEVARD HAUSSMANN,M,,
201800051165,NonLethal,2018-12-08,00:01:00,NightStreelightsOn,750,108,Yes,X-type,Normal,Other,AVENUE DES CHAMPS ELYSEE,M,48.87270343650992,2.8745130687582146
201800051166,NonLethal,2018-08-12,16:35:00,Daylight,750,108,Yes,X-type,Normal,2Vehicles-Side,AVENUE GEORGE V,M,,
201800051167,NonLethal,2018-12-08,19:30:00,Daylight,750,116,Yes,X-type,Normal,2Vehicles-Side,RUE JEAN DE LA FONTAINE,M,,
201800051168,NonLethal,2018-08-18,15:20:00,Daylight,750,116,Yes,X-type,Normal,2Vehicles-Side,ROUTE DES MOULINS,M,48.865997479196565,2.8654478824169987
201800051169,NonLethal,2018-08-19,07:04:00,Daylight,750,108,Yes,NoIntersection,Normal,Other,RUE LA BOETIE,M,,
201800051170,NonLethal,2018-08-19,19:05:00,Daylight,750,108,Yes,NoIntersection,Normal,Other,AVENUE FRANKLIN D ROOSEV,M,48.8691599404853,2.8695000912890776
201800051171,NonLethal,2018-08-23,13:15:00,Daylight,750,108,Yes,NoIntersection,Normal,2Vehicles-Side,RUE DE COURCELLES,M,48.87386375743007,2.872058455132465
201800051172,NonLethal,2018-08-23,21:15:00,NightStreelightsOn,750,116,Yes,Roundabout,Normal,2Vehicles-Behind,PLACE CHARLES DE GAULLE,M,48.87350428570154,2.8741551718296194
201800051173,NonLethal,2018-08-29,11:40:00,Daylight,750,108,Yes,X-type,Normal,Other,RUE DE MIROMESNIL,M,,
201800051174,NonLethal,2018-08-29,13:00:00,Daylight,750,108,Yes,Square,Normal,2Vehicles-Side,AVENUE DE FRIEDLAND,M,,
201800051177,NonLethal,2018-08-31,22:00:00,NightStreelightsOn,750,108,Yes,X-type,Normal,Other,AVENUE PERCIER,M,48.87399570190664,2.87485628280101
201800051178,NonLethal,2018-09-01,01:50:00,NightStreelightsOn,750,108,Yes,X-type,Normal,Other,AVENUE DES CHAMPS ELYSEE,M,48.86980469575636,2.8707003380313925
201800051179,NonLethal,2018-09-03,13:30:00,Daylight,750,108,Yes,NoIntersection,Normal,Other,BOULEVARD MALESHERBES,M,48.88071812284866,2.87976490430717
201800051180,NonLethal,2018-04-09,13:00:00,Daylight,750,108,Yes,NoIntersection,LightRain,Other,RUE DU COLISEE,M,48.87407768199397,2.8724373075835232
201800051181,NonLethal,2018-09-04,17:45:00,Daylight,750,108,Yes,X-type,Normal,2Vehicles-Side,RUE DE ROME,M,,
201800051182,NonLethal,2018-09-05,13:00:00,Daylight,750,108,Yes,Square,Normal,Other,AVENUE DES CHAMPS ELYSEE,M,48.86737889277358,2.8660604819237347
201800051183,NonLethal,2018-09-06,20:15:00,TwilightOrDawn,750,108,Yes,T-type,Normal,2Vehicles-Side,AVENUE DES CHAMPS ELYSEE,M,,
201800051184,NonLethal,2018-09-09,23:55:00,NightStreelightsOn,750,108,Yes,X-type,Normal,NoCollision,BOULEVARD HAUSSMANN,M,48.87315822512868,2.875368708799513
201800051185,NonLethal,2018-09-10,11:30:00,Daylight,750,108,Yes,NoIntersection,Normal,Other,AVENUE DE WAGRAM,M,48.87675477625809,2.876802236799937
201800051186,NonLethal,2018-11-09,13:00:00,Daylight,750,108,Yes,NoIntersection,Normal,2Vehicles-Side,BOULEVARD DES BATIGNOLLE,M,,
201800051187,NonLethal,2018-09-11,19:00:00,Daylight,750,108,Yes,X-type,VeryGood,2Vehicles-Side,BOULEVARD HAUSSMANN,M,48.87528424781008,2.8739985612386416
201800051188,NonLethal,2018-09-11,22:20:00,NightStreelightsOn,750,108,Yes,NoIntersection,Normal,2Vehicles-Behind,COURS ALBERT 1ER,M,48.86198401544598,2.858842037477737
201800051189,NonLethal,2018-12-09,16:50:00,Daylight,750,108,Yes,X-type,Normal,2Vehicles-Side,BOULEVARD MALESHERBES,M,,
201800051190,NonLethal,2018-09-13,09:20:00,Daylight,750,108,Yes,T-type,LightRain,Other,RUE DE SAINT PETERSBOURG,M,,
201800051191,NonLethal,2018-09-14,09:40:00,Daylight,750,108,Yes,NoIntersection,Normal,2Vehicles-Behind,BOULEVARD HAUSSMANN,M,,
201800051192,NonLethal,2018-09-14,22:48:00,TwilightOrDawn,750,108,Yes,Square,Normal,2Vehicles-Side,PLACE CHARLES DE GAULLE,M,,
201800051193,NonLethal,2018-09-15,16:10:00,Daylight,750,108,Yes,NoIntersection,Normal,2Vehicles-Side,BOULEVARD DE COURCELLES,M,48.79969282115135,2.800122136058257
201800051194,NonLethal,2018-09-17,09:30:00,Daylight,750,108,Yes,NoIntersection,Normal,Other,AVENUE DES CHAMPS ELYSEE,M,48.87303232353455,2.8739909187941595