AccidentId,Gravity,Date,Hour,Light,Department,Commune,InAgglomeration,IntersectionType,Weather,CollisionType,PostalAddress,GPSCode,Latitude,Longitude
201800051195,NonLethal,2018-09-17,12:00:00,Daylight,750,108,Yes,T-type,Normal,2Vehicles-Side,AVENUE GEORGE V,M,48.8689722024158,2.865945331811039
201800051196,NonLethal,2018-09-18,10:30:00,Daylight,750,108,Yes,Y-type,Normal,2Vehicles-Side,RUE DE ROME,M,48.87443101424402,2.8745372303459225
201800051197,NonLethal,2018-09-18,16:30:00,Daylight,750,108,Yes,T-type,Normal,Other,AVENUE WINSTON CHURCHILL,M,48.86581865737968,2.865708158918985
201800051198,NonLethal,2018-09-18,22:00:00,NightStreelightsOn,750,104,Yes,T-type,Normal,Other,RUE DE RIVOLI,M,48.85605687319126,2.858942752487247
201800051199,NonLethal,2018-09-18,13:15:00,Daylight,750,108,Yes,X-type,LightRain,2Vehicles-Behind,RUE ROYALE,M,48.86914317500637,2.869031245628135
201800051200,NonLethal,2018-09-19,08:00:00,Daylight,750,108,Yes,Square,Normal,2Vehicles-Side,ROND POINT CHAMPS ELYSEE,M,48.87111683349392,2.867772052865259
201800051201,NonLethal,2018-09-19,08:55:00,Daylight,750,108,Yes,T-type,Normal,2Vehicles-Behind,BOULEVARD DES BATIGNOLLE,M,48.88084164722,2.880261313444456
201800051202,NonLethal,2018-09-19,16:30:00,Daylight,750,108,Yes,T-type,Normal,2Vehicles-Side,RUE DE ROME,M,48.87781627735463,2.8783712642115136
201800051203,NonLethal,2018-09-21,14:10:00,Daylight,750,108,Yes,NoIntersection,Normal,Other,BOULEVARD HAUSSMANN,M,,
201800051204,NonLethal,2018-09-22,13:10:00,Daylight,750,108,Yes,Square,Normal,2Vehicles-Side,PLACE DE LA CONCORDE,M,,
201800051205,NonLethal,2018-09-22,14:45:00,Daylight,750,108,Yes,X-type,LightRain,3+Vehicles-Chain,AVENUE DES CHAMPS ELYSEE,M,48.85996774701832,2.860333993305258
201800051207,NonLethal,2018-09-25,20:10:00,NightStreelightsOn,750,108,Yes,X-type,Normal,Other,RUE DE ROME,M,48.87782083727199,2.8796590852212405
201800051208,NonLethal,2018-09-26,14:50:00,Daylight,750,108,Yes,X-type,Normal,Other,RUE DE ROME,M,48.87669732750706,2.8780068035795616
201800051209,NonLethal,2018-09-26,20:30:00,NightStreelightsOn,750,108,Yes,X-type,Normal,Other,RUE ROYALE,M,48.8669816630158,2.866363933443506
201800051210,NonLethal,2018-09-27,08:40:00,Daylight,750,108,Yes,NoIntersection,Normal,Other,VOIE GEORGES POMPIDOU,M,48.859970465010754,2.860597450072887
201800051211,NonLethal,2018-09-29,00:10:00,NightStreelightsOn,750,116,Yes,NoIntersection,Normal,Other,RUE RAYNOUARD,M,48.8525770410598,2.852481890182497
201800051213,NonLethal,2018-01-10,14:45:00,Daylight,750,108,Yes,Square,Normal,Other,PLACE DE LA CONCORDE,M,,
201800051215,NonLethal,2018-02-10,13:15:00,Daylight,750,108,Yes,NoIntersection,LightRain,2Vehicles-Side,RUE ROYALE,M,48.86793479553504,2.8679246470923907
201800051216,NonLethal,2018-03-10,09:30:00,Daylight,750,116,Yes,NoIntersection,Overcast,2Vehicles-Side,AVENUE DE MALAKOFF,M,48.80099524148148,2.8001740750746
201800051217,NonLethal,2018-10-04,06:23:00,NightStreelightsOn,750,108,Yes,Square,Normal,Other,PLACE DE LA CONCORDE,M,,
201800051218,NonLethal,2018-04-10,16:25:00,Daylight,750,108,Yes,NoIntersection,Normal,Other,BOULEVARD MALESHERBES,M,48.8808948117279,2.879242311186147
201800051219,NonLethal,2018-04-10,16:35:00,Daylight,750,101,Yes,Square,Normal,2Vehicles-Side,PLACE DE LA CONCORDE,M,,
201800051220,NonLethal,2018-10-05,00:25:00,NightStreelightsOn,750,108,Yes,X-type,Normal,2Vehicles-Side,AVENUE WINSTON CHURCHILL,M,48.86675307299564,2.865954770669424
201800051221,NonLethal,2018-05-10,08:11:00,Daylight,750,108,Yes,X-type,Normal,Other,RUE DE SAINT PETERSBOURG,M,,
201800051222,NonLethal,2018-06-10,19:40:00,NightStreelightsOn,750,108,Yes,Square,Normal,2Vehicles-Side,PLACE DE LA CONCORDE,M,,
201800051223,NonLethal,2018-10-06,22:15:00,NightStreelightsOn,750,108,Yes,X-type,Normal,2Vehicles-Side,AVENUE MATIGNON,M,48.86946665189642,2.8694671660771007
201800051224,NonLethal,2018-10-06,21:15:00,NightStreelightsOn,750,108,Yes,Square,Normal,2Vehicles-Side,PLACE CLEMENCEAU,M,48.86619834658362,2.869400205136142
201800051225,NonLethal,2018-10-10,16:00:00,Daylight,750,108,Yes,Square,Normal,Other,PONT DE L ALMA,M,,
201800051226,NonLethal,2018-11-10,18:40:00,NightStreelightsOn,750,108,Yes,Square,Normal,Other,PLACE DE LA CONCORDE,M,,
201800051227,NonLethal,2018-10-12,08:00:00,Daylight,750,108,Yes,Square,Overcast,2Vehicles-Side,AVENUE DE FRIEDLAND,M,48.8743497147369,2.872622305550101
201800051228,NonLethal,2018-12-10,09:30:00,Daylight,750,108,Yes,Y-type,Normal,Other,AVENUE GEORGE V,M,48.865970704001896,2.866935949202912
201800051229,NonLethal,2018-12-10,10:50:00,Daylight,750,108,Yes,T-type,Normal,2Vehicles-Side,RUE DU FAUBOURG SAINT HO,M,48.8710930058994,2.8717668727042005
201800051231,NonLethal,2018-10-15,22:48:00,NightStreelightsOn,750,116,Yes,NoIntersection,Normal,Other,RUE DES VIGNES,M,48.85407509989637,2.8552541083597425
201800051232,NonLethal,2018-10-16,16:30:00,Daylight,750,108,Yes,X-type,Normal,NoCollision,ROND POINT CHAMPS ELYSEE,M,48.86644758408668,2.868446561072867
201800051234,NonLethal,2018-10-19,00:30:00,NightStreelightsOn,750,108,Yes,Square,Normal,2Vehicles-Side,PONT DES INVALIDES,M,48.86288711459452,2.864010445264204
201800051235,NonLethal,2018-10-19,10:15:00,Daylight,750,108,Yes,Square,Normal,Other,PLACE CHARLES DE GAULLE,M,48.87368035977516,2.874202167563312
201800051236,NonLethal,2018-10-18,20:45:00,NightStreelightsOn,750,108,Yes,Square,Normal,Other,PLACE DE LA CONCORDE,M,48.869776886402775,2.8701021025214404
201800051237,NonLethal,2018-10-21,17:10:00,Daylight,750,108,Yes,Y-type,Normal,2Vehicles-Side,RUE D ARTOIS,M,,
201800051239,NonLethal,2018-10-25,09:00:00,Daylight,750,108,Yes,NoIntersection,Normal,Other,RUE BALZAC,M,48.87122681700831,2.869897489571485
201800051240,NonLethal,2018-10-25,13:00:00,Daylight,750,108,Yes,Square,Normal,Other,RUE D AMSTERDAM,M,48.877442583161006,2.876809269083618
201800051242,NonLethal,2018-10-30,13:00:00,Daylight,750,108,Yes,NoIntersection,Overcast,2Vehicles-Side,AVENUE DES CHAMPS ELYSEE,M,,
201800051243,NonLethal,2018-10-31,12:40:00,Daylight,750,108,Yes,X-type,Normal,2Vehicles-Side,RUE DE ROME,M,48.877644786707286,2.8789568740178773
201800051244,NonLethal,2018-10-31,16:10:00,Daylight,750,108,Yes,T-type,LightRain,2Vehicles-Side,RUE DE BERRI,M,48.873627747707786,2.8752425768053835
201800051245,NonLethal,2018-10-31,19:50:00,NightStreelightsOn,750,108,Yes,X-type,LightRain,Other,RUE ROYALE,M,48.86877358404864,2.8696844896289937
201800051246,NonLethal,2018-02-11,12:35:00,Daylight,750,108,Yes,T-type,Normal,2Vehicles-Side,RUE DE COURCELLES,M,48.87779172779223,2.8764450068308363
201800051248,NonLethal,2018-11-07,23:40:00,NightStreelightsOn,750,108,Yes,Square,Overcast,2Vehicles-Side,PLACE DE LA CONCORDE,M,48.86915858069615,2.869759323161771
201800051249,NonLethal,2018-11-08,12:20:00,Daylight,750,117,Yes,X-type,Normal,Other,RUE DE TOCQUEVILLE,M,48.00082885044727,1.9998815006165804
201800051250,NonLethal,2018-11-10,08:30:00,TwilightOrDawn,750,108,Yes,X-type,LightRain,2Vehicles-Side,COURS LA REINE,M,,
201800051251,NonLethal,2018-11-11,17:25:00,NightStreelightsOn,750,108,Yes,NoIntersection,LightRain,Other,AVENUE FRANKLIN D ROOSEV,M,48.86431328113174,2.864845502513262
201800051252,NonLethal,2018-12-11,06:10:00,NightStreelightsOn,750,108,Yes,X-type,LightRain,2Vehicles-Side,RUE TRONCHET,M,48.86931033119478,2.8714068955079
201800051253,NonLethal,2018-11-13,14:30:00,Daylight,750,108,Yes,X-type,Normal,2Vehicles-Side,BOULEVARD MALESHERBES,M,48.875908156664025,2.877091022268318
201800051254,Lethal,2018-11-15,16:30:00,TwilightOrDawn,750,108,Yes,X-type,Normal,Other,BOULEVARD MALESHERBES,M,,
201800051255,NonLethal,2018-11-15,19:45:00,NightStreelightsOn,750,108,Yes,Square,Overcast,Other,AVENUE GEORGE V,M,48.79858392863967,2.800130328549992
201800051257,NonLethal,2018-11-20,11:10:00,Daylight,750,108,Yes,X-type,LightRain,2Vehicles-Behind,PLACE DU CANADA,M,48.85974551910229,2.860623440609592
201800051258,NonLethal,2018-11-21,09:30:00,Daylight,750,108,Yes,Square,Normal,2Vehicles-Side,PLACE DE LA CONCORDE,M,,
201800051259,NonLethal,2018-11-21,12:15:00,Daylight,750,108,Yes,NoIntersection,Normal,2Vehicles-Side,AVENUE MATIGNON,M,,
201800051260,NonLethal,2018-11-21,13:25:00,Daylight,750,108,Yes,NoIntersection,Normal,2Vehicles-Behind,AVENUE HOCHE,M,,
201800051261,NonLethal,2018-11-21,19:15:00,NightStreelightsOn,750,108,Yes,NoIntersection,Normal,Other,PONT DE L ALMA,M,48.86234122406934,2.863303533126426
201800051262,NonLethal,2018-11-22,15:00:00,Daylight,750,108,Yes,X-type,LightRain,Other,RUE PIERRE CHARRON,M,48.867809141651406,2.8684231158866926
201800051263,NonLethal,2018-11-23,08:29:00,Daylight,750,108,Yes,X-type,Normal,2Vehicles-Side,AVENUE DES CHAMPS ELYSEE,M,,
201800051264,NonLethal,2018-11-24,01:40:00,NightStreelightsOn,750,108,Yes,Square,HeavyRain,2Vehicles-Side,PLACE DE LA CONCORDE,M,48.86408726644294,2.8644418963162828
201800051265,NonLethal,2018-11-24,10:30:00,Daylight,750,117,Yes,X-type,Normal,NoCollision,AVENUE DE LA PORTE DE VI,M,,
201800051266,NonLethal,2018-11-24,10:40:00,Daylight,750,108,Yes,X-type,Normal,2Vehicles-Side,BOULEVARD MALESHERBES,M,48.88180563463145,2.8794084838915817
201800051267,NonLethal,2018-11-26,17:32:00,NightStreelightsOn,750,108,Yes,Square,Overcast,2Vehicles-Side,PLACE DE LA CONCORDE,M,,
201800051269,NonLethal,2018-11-26,20:35:00,NightStreelightsOn,750,108,Yes,NoIntersection,LightRain,Other,RUE D AMSTERDAM,M,,
201800051270,NonLethal,2018-11-28,08:45:00,Daylight,750,108,Yes,X-type,LightRain,Other,BOULEVARD MALESHERBES,M,48.870405157752856,2.8707212834049542
201800051271,NonLethal,2018-11-28,18:44:00,NightStreelightsOn,750,108,Yes,NoIntersection,Normal,NoCollision,AVENUE MATIGNON,M,,
201800051272,NonLethal,2018-11-29,13:30:00,Daylight,750,108,Yes,T-type,Normal,2Vehicles-Behind,AVENUE DES CHAMPS ELYSEE,M,48.870427230917706,2.871810168849628
201800051273,NonLethal,2018-02-12,02:55:00,NightStreelightsOff,750,108,Yes,Y-type,LightRain,2Vehicles-Behind,AVENUE DES CHAMPS ELYSEE,M,48.86720987071156,2.867878213010665
201800051274,NonLethal,2018-02-12,13:10:00,Daylight,750,108,Yes,NoIntersection,Normal,NoCollision,AVENUE PERCIER,M,,
201800051275,NonLethal,2018-12-02,20:20:00,NightStreelightsOn,750,108,Yes,X-type,Normal,2Vehicles-Side,AVENUE DES CHAMPS ELYSEE,M,48.86797278330901,2.8644095411730444
201800051276,NonLethal,2018-03-12,09:30:00,Daylight,750,108,Yes,Square,Overcast,3+Vehicles-Chain,PLACE DU CANADA,M,,
201800051277,NonLethal,2018-12-04,07:59:00,TwilightOrDawn,750,108,Yes,X-type,LightRain,2Vehicles-Side,BOULEVARD DE COURCELLES,M,,
201800051278,NonLethal,2018-12-04,12:15:00,Daylight,750,108,Yes,NoIntersection,Normal,2Vehicles-Behind,AVENUE DES CHAMPS ELYSEE,M,,
201800051279,NonLethal,2018-05-12,09:40:00,Daylight,750,108,Yes,Square,Normal,2Vehicles-Side,PLACE DE LA CONCORDE,M,,
201800051280,NonLethal,2018-06-12,11:45:00,Daylight,750,108,Yes,X-type,LightRain,2Vehicles-Behind,RUE DE ROME,M,48.86343154550273,2.859793923492794
201800051281,NonLethal,2018-12-07,13:10:00,Daylight,750,108,Yes,X-type,LightRain,Other,RUE VERNET,M,48.87300608586386,2.8709344867156936
201800051282,NonLethal,2018-07-12,17:05:00,NightStreelightsOn,750,108,Yes,T-type,LightRain,2Vehicles-Side,AVENUE DES CHAMPS ELYSEE,M,48.87157152812292,2.87313914034105
201800051283,NonLethal,2018-09-12,03:20:00,NightStreelightsOn,750,108,Yes,X-type,LightRain,2Vehicles-Side,AVENUE GEORGE V,M,48.87076858719904,2.8708399369461657
201800051284,NonLethal,2018-12-11,08:45:00,Daylight,750,108,Yes,NoIntersection,Normal,2Vehicles-Side,RUE SAINT LAZARE,M,,
201800051285,NonLethal,2018-12-12,15:50:00,Daylight,750,108,Yes,Square,Normal,2Vehicles-Side,PLACE DE LA CONCORDE,M,48.86756716413508,2.8666374683496465
201800051287,NonLethal,2018-12-14,10:17:00,Daylight,750,108,Yes,Square,VeryGood,2Vehicles-Side,PLACE CHARLES DE GAULLE,M,,
201800051288,NonLethal,2018-12-13,20:25:00,NightStreelightsOn,750,108,Yes,X-type,Normal,NoCollision,COURS LA REINE,M,48.8670019687545,2.865845449887044
201800051289,NonLethal,2018-12-20,11:10:00,Daylight,750,108,Yes,Square,Normal,2Vehicles-Side,AVENUE MARCEAU,M,48.86495372439569,2.865011456769245
201800051290,NonLethal,2018-12-20,15:15:00,Daylight,750,108,Yes,Y-type,Normal,2Vehicles-Side,AVENUE DE WAGRAM,M,48.83927899438062,2.8393248141393883
201800051293,NonLethal,2018-12-20,22:30:00,NightStreelightsOn,750,108,Yes,Square,Normal,2Vehicles-Side,PLACE DE LA CONCORDE,M,48.864427110521305,2.8658238992307434
201800051294,NonLethal,2018-12-21,09:33:00,Daylight,750,108,Yes,Square,LightRain,2Vehicles-Behind,AVENUE DES CHAMPS ELYSEE,M,48.87349456661202,2.873414767993237
201800051296,NonLethal,2018-12-24,05:10:00,NightStreelightsOn,750,108,Yes,X-type,LightRain,Other,AVENUE PERCIER,M,48.87338123185076,2.8738182128901424
201800051297,NonLethal,2018-12-24,06:00:00,NightStreelightsOn,750,108,Yes,Square,LightRain,2Vehicles-Side,PLACE DE LA CONCORDE,M,48.86549630460209,2.863937690214741
201800051298,NonLethal,2018-12-26,20:55:00,NightStreelightsOn,750,108,Yes,T-type,Normal,2Vehicles-Side,BOULEVARD HAUSSMANN,M,48.87604585116333,2.875264610268584
201800051300,NonLethal,2018-01-07,02:47:00,NightStreelightsOn,750,102,Yes,NoIntersection,Normal,Other,"05, BOULEVARD MONTMARTRE",M,48.87131895423119,2.8724231938625597
201800051301,NonLethal,2018-10-01,13:15:00,Daylight,750,109,Yes,NoIntersection,Normal,Other,"32, RUE JOUBERT",M,48.87473134977376,2.874341128769728
201800051302,NonLethal,2018-10-01,13:45:00,Daylight,750,109,Yes,Square,Normal,Other,PLACE D ESTIENNE D ORVES,M,48.87705743195825,2.8757333628716006
201800051303,NonLethal,2018-12-01,11:05:00,Daylight,750,109,Yes,NoIntersection,Normal,2Vehicles-Side,"50, RUE DE CHATEAUDUN",M,48.87548069549599,2.8759955387312592
201800051304,NonLethal,2018-01-13,17:25:00,TwilightOrDawn,750,109,Yes,Square,Normal,Other,"19, BOULEVARD DE ROCHECH",M,48.8827589815337,2.8834284107273502
201800051306,NonLethal,2018-01-20,22:45:00,NightStreelightsOn,750,109,Yes,X-type,LightRain,Other,"7, RUE DROUOT",M,48.87247692934896,2.8755927758928546
201800051307,NonLethal,2018-01-22,13:00:00,Daylight,750,109,Yes,Square,HeavyRain,Other,"25, RUE NOTRE DAME DE LO",M,48.87807888016286,2.8790749186402964
201800051308,NonLethal,2018-01-23,10:10:00,Daylight,750,109,Yes,T-type,LightRain,Other,"92, RUE SAINT LAZARE",M,48.87625195554664,2.873667597952675
201800051310,NonLethal,2018-02-02,20:20:00,NightStreelightsOn,750,109,Yes,X-type,Normal,2Vehicles-Behind,"7, BOULEVARD HAUSSMANN",M,48.87309978492876,2.871616040700985
201800051311,NonLethal,2018-02-04,15:00:00,Daylight,750,109,Yes,Square,Normal,Other,"8, PLACE DE L OPERA",M,48.87107134759891,2.869741229871892
201800051312,NonLethal,2018-05-02,12:00:00,Daylight,750,109,Yes,NoIntersection,SnowOrHail,2Vehicles-Side,"6, RUE ROUGEMONT",M,48.871426984167385,2.8737092019823307
201800051313,NonLethal,2018-02-09,13:05:00,Daylight,750,103,Yes,NoIntersection,SnowOrHail,Other,"108, RUE VIEILLE DU TEMP",M,48.85984462549919,2.8601907619896445
201800051314,NonLethal,2018-02-17,16:35:00,Daylight,750,109,Yes,X-type,Normal,Other,"2, RUE AUBER",M,48.8718173170732,2.87145267600989
201800051315,NonLethal,2018-02-19,16:40:00,Daylight,750,109,Yes,X-type,LightRain,Other,"57, RUE DES MARTYRS",M,48.87980967948752,2.881204749944685
201800051317,NonLethal,2018-02-23,12:00:00,Daylight,750,109,Yes,X-type,Normal,2Vehicles-Side,"15, RUE LE PELETIER",M,48.87252911463683,2.8719041369943485
201800051318,NonLethal,2018-02-28,22:00:00,NightStreelightsOn,750,109,Yes,T-type,Normal,Other,"16, RUE DES MARTYRS",M,48.87678623982083,2.87861220762992
201800051319,NonLethal,2018-03-08,01:36:00,NightStreelightsOn,750,101,Yes,X-type,Normal,2Vehicles-Behind,"4, QUAI DU LOUVRE",M,48.85864843625922,2.859103889424768
201800051320,NonLethal,2018-03-16,14:45:00,Daylight,750,109,Yes,X-type,Normal,2Vehicles-Behind,"38, RUE LE PELETIER",M,48.875076967073504,2.875739502273267
201800051321,NonLethal,2018-03-17,12:00:00,Daylight,750,109,Yes,Square,LightRain,2Vehicles-Behind,"1, RUE DE MAUBEUGE",M,48.87438507824045,2.875976179986981
201800051322,NonLethal,2018-03-18,01:05:00,NightStreelightsOn,750,101,Yes,T-type,Normal,Other,RUE SAINT HONORE,M,48.863318309761056,2.8619372769250804
201800051323,NonLethal,2018-03-21,10:30:00,Daylight,750,109,Yes,X-type,Normal,Other,RUE DE PROVENCE,M,48.874700339629264,2.8730099676399656
201800051326,NonLethal,2018-03-27,09:15:00,Daylight,750,109,Yes,X-type,LightRain,Other,"75, RUE SAINT LAZARE",M,48.87716390651487,2.8755742022642257
201800051327,NonLethal,2018-03-27,12:05:00,Daylight,750,109,Yes,T-type,HeavyRain,2Vehicles-Side,"46, BOULEVARD HAUSSMANN",M,48.87430384441969,2.8737359985155417
201800051328,NonLethal,2018-03-27,18:25:00,Daylight,750,102,Yes,Square,LightRain,2Vehicles-Side,"2, PLACE DE L OPERA",M,48.87064830497358,2.87082965775242
201800051330,NonLethal,2018-03-28,19:45:00,NightStreelightsOn,750,109,Yes,X-type,Normal,Other,"41, AVENUE TRUDAINE",M,48.880104255693496,2.8820612879995102
201800051331,NonLethal,2018-01-04,02:55:00,NightStreelightsOn,750,109,Yes,Square,Normal,Other,"52, BOULEVARD HAUSSMANN",M,48.87141694268664,2.87263121351459
201800051333,NonLethal,2018-06-04,14:50:00,Daylight,750,109,Yes,X-type,Normal,Other,", RUE LA FAYETTE",M,48.87380658753773,2.8758729803234857
201800051334,NonLethal,2018-04-14,15:45:00,Daylight,750,109,Yes,Square,Normal,2Vehicles-Side,PLACE DE L OPERA,M,48.86936535853096,2.871023698521883
201800051335,NonLethal,2018-04-15,15:40:00,Daylight,750,109,Yes,T-type,Normal,Other,"37, RUE LAMARTINE",M,48.87762096031428,2.877822516676721
201800051336,NonLethal,2018-04-15,19:15:00,Daylight,750,109,Yes,Square,Normal,2Vehicles-Side,PLACE DE L OPERA,M,48.87118657233712,2.8703803701413304
201800051337,NonLethal,2018-04-20,18:40:00,Daylight,750,109,Yes,NoIntersection,Normal,2Vehicles-Side,"43, RUE NOTRE DAME DE LO",M,48.87988478403253,2.8795632587725315
201800051339,NonLethal,2018-04-23,19:20:00,Daylight,750,109,Yes,NoIntersection,Normal,Other,"56, BOULEVARD HAUSSMANN",M,48.87455213771729,2.8738678391539945
201800051340,NonLethal,2018-04-25,21:10:00,NightStreelightsOn,750,109,Yes,X-type,Normal,3+Vehicles-Multiple,RUE DE LA CHAUSSEE D ANT,M,48.87344422727848,2.87578363562248
201800051341,NonLethal,2018-04-29,04:00:00,NightStreelightsOn,750,109,Yes,X-type,LightRain,NoCollision,"21, RUE BLEUE",M,48.87759393195924,2.876398482187981
201800051343,NonLethal,2018-05-09,19:40:00,Daylight,750,109,Yes,T-type,Normal,3+Vehicles-Multiple,"12, BOULEVARD DE LA MADE",M,48.86980314725069,2.870117659332853
201800051344,NonLethal,2018-10-05,17:00:00,Daylight,750,109,Yes,X-type,Normal,Other,"25, RUE PIERRE FONTAINE",M,48.88009515885903,2.882877269268245
201800051345,NonLethal,2018-10-05,17:12:00,Daylight,750,109,Yes,Square,Normal,Other,BOULEVARD DE CLICHY,M,48.88307831561024,2.8819994167432545
201800051347,NonLethal,2018-05-15,14:07:00,Daylight,750,108,Yes,X-type,Normal,2Vehicles-Side,"107, PLACE DU HAVRE",M,48.87521703462759,2.8763529713680795
201800051348,NonLethal,2018-05-18,23:05:00,NightStreelightsOn,750,109,Yes,MoreThan4Branches,Normal,2Vehicles-Behind,"l, BOULEVARD DE ROCHECHO",M,48.88601198983117,2.8821796538697777
201800051349,NonLethal,2018-05-23,11:10:00,Daylight,750,109,Yes,Y-type,Normal,Other,"50, RUE DE MAUBEUGE",M,48.87866350934175,2.8792893561453954
201800051350,NonLethal,2018-05-24,14:30:00,Daylight,750,109,Yes,T-type,Normal,2Vehicles-Side,"16, BOULEVARD MONTMARTRE",M,48.87210127372302,2.8716066588425595
201800051351,NonLethal,2018-05-22,17:50:00,Daylight,750,109,Yes,X-type,Normal,2Vehicles-Side,"47, RUE LE PELETIER",M,48.87467886926142,2.8761517498711218
201800051352,NonLethal,2018-05-29,23:15:00,NightStreelightsOn,750,109,Yes,T-type,HeavyRain,2Vehicles-Side,"23, RUE BERGERE",M,48.87131498021703,2.8711542528434104
201800051353,NonLethal,2018-05-30,13:05:00,Daylight,750,109,Yes,T-type,Normal,Other,"15 BIS, RUE DE CLICHY",M,48.87818495350113,2.8772131259855835
201800051354,NonLethal,2018-05-31,19:55:00,Daylight,750,109,Yes,X-type,Normal,Other,"17, RUE CADET",M,48.875484766687535,2.8769409332303257
201800051355,NonLethal,2018-07-06,17:40:00,Daylight,750,109,Yes,Y-type,Normal,Other,"31, RUE LA FAYETTE",M,48.87496616720177,2.87253908829075
201800051356,NonLethal,2018-06-09,15:34:00,Daylight,750,109,Yes,T-type,Normal,Other,"12, RUE DROUOT",M,48.87402327165036,2.8747166759165586
201800051357,NonLethal,2018-11-06,08:50:00,Daylight,750,109,Yes,X-type,LightRain,Other,"2, RUE DE ROCHECHOUART",M,48.876114958298366,2.875751015874396
201800051358,NonLethal,2018-04-06,16:40:00,Daylight,750,109,Yes,T-type,Normal,Other,"28, RUE DE CLICHY",M,48.87766659654992,2.879312524974666
201800051359,NonLethal,2018-12-06,21:05:00,Daylight,750,109,Yes,Square,Overcast,2Vehicles-Side,"02, PLACE BLANCHE",M,48.88371321694656,2.882601627494084
201800051360,NonLethal,2018-06-16,14:50:00,Daylight,750,109,Yes,T-type,Normal,2Vehicles-Behind,"14, RUE DROUOT",M,48.87446958647048,2.8735256342576534
201800051361,NonLethal,2018-06-16,17:50:00,Daylight,750,109,Yes,X-type,Normal,2Vehicles-BehindVehicles-Frontal,"3, BOULEVARD DE CLICHY",M,48.88115607559339,2.8815119577988475
201800051363,NonLethal,2018-06-19,14:20:00,Daylight,750,109,Yes,NoIntersection,Normal,Other,"83, RUE LA FAYETTE",M,48.87685928602213,2.877725653337498
201800051364,NonLethal,2018-06-27,19:05:00,Daylight,750,109,Yes,X-type,Normal,2Vehicles-Side,"2, RUE DE LA CHAUSSEE D",M,48.87251718171806,2.8700724268350166
201800051365,NonLethal,2018-06-29,20:20:00,Daylight,750,109,Yes,Square,Normal,Other,"12, PLACE D ANVERS",M,48.88189848445248,2.882785269008533
201800051366,NonLethal,2018-07-03,08:00:00,Daylight,750,109,Yes,NoIntersection,VeryGood,2Vehicles-Side,"42, RUE D AMSTERDAM",M,48.87923199035691,2.8778591013104804
201800051367,NonLethal,2018-04-07,00:30:00,NightStreelightsOn,750,109,Yes,X-type,Normal,2Vehicles-Side,"50, RUE SAINT LAZARE",M,48.87848472085148,2.8776105726200134
201800051368,NonLethal,2018-07-05,09:30:00,Daylight,750,109,Yes,NoIntersection,Normal,2Vehicles-Behind,", BOULEVARD MONTMARTRE",M,48.87177667658114,2.871625258319722
201800051369,NonLethal,2018-07-07,18:10:00,Daylight,750,102,Yes,X-type,Normal,Other,"162, RUE MONTMARTRE",M,48.87071597388216,2.870228050182641
201800051372,NonLethal,2018-07-14,12:05:00,Daylight,750,109,Yes,Square,Normal,Other,", RUE D AMSTERDAM",M,48.88328784579241,2.883287805567708
201800051373,NonLethal,2018-07-18,12:10:00,Daylight,750,109,Yes,NoIntersection,Normal,Other,RUE SAINT LAZARE,M,48.877662966920326,2.876036994993081
201800051374,NonLethal,2018-07-24,12:50:00,Daylight,750,109,Yes,T-type,Normal,2Vehicles-Side,BOULEVARD DE CLICHY,M,48.87991169861627,2.880488028542353
201800051375,NonLethal,2018-07-25,08:28:00,Daylight,750,109,Yes,X-type,Normal,3+Vehicles-Multiple,BOULEVARD HAUSSMANN,M,48.87648644561959,2.87612733492088
201800051376,NonLethal,2018-08-03,06:25:00,TwilightOrDawn,750,109,Yes,NoIntersection,Normal,Other,RUE DE LA ROCHEFOUCAULD,M,48.87822356113154,2.876834920109104
201800051377,NonLethal,2018-04-08,17:10:00,Daylight,750,109,Yes,Y-type,Normal,2Vehicles-Side,BOULEVARD DES CAPUCINES,M,48.87013394094301,2.868630662352059
201800051378,NonLethal,2018-11-08,02:23:00,NightStreelightsOn,750,102,Yes,X-type,Normal,Other,BOULEVARD MONTMARTRE,M,48.87053311083046,2.8734164291220416
201800051380,NonLethal,2018-08-13,09:58:00,Daylight,750,109,Yes,NoIntersection,Normal,2Vehicles-Side,RUE SAINT LAZARE,M,,
201800051381,NonLethal,2018-08-19,00:20:00,NightStreelightsOn,750,109,Yes,NoIntersection,Normal,2Vehicles-Behind,RUE LA FAYETTE,M,48.52266939284478,2.521908911808113
201800051382,NonLethal,2018-08-26,07:25:00,Daylight,750,109,Yes,X-type,Normal,2Vehicles-Side,BOULEVARD HAUSSMANN,M,,
201800051383,NonLethal,2018-08-26,12:18:00,Daylight,750,109,Yes,X-type,Normal,Other,RUE DE MOGADOR,M,,
201800051384,NonLethal,2018-08-28,14:15:00,Daylight,750,109,Yes,X-type,Normal,Other,RUE AUBER,M,48.871941475835605,2.873805301470502
201800051385,NonLethal,2018-08-29,17:41:00,Daylight,750,109,Yes,Square,Normal,Other,BOULEVARD HAUSSMANN,M,48.87236653767222,2.8719531792058697
201800051386,NonLethal,2018-04-09,17:20:00,Daylight,750,109,Yes,Y-type,Normal,2Vehicles-Behind,RUE DE LA VICTOIRE,M,,
201800051387,NonLethal,2018-09-08,16:15:00,Daylight,750,109,Yes,Roundabout,Normal,3+Vehicles-Chain,RUE GLUCK,M,48.87135789573195,2.871933092783512
201800051388,NonLethal,2018-09-11,12:20:00,Daylight,750,109,Yes,X-type,Normal,2Vehicles-Behind,RUE DU FAUBOURG MONTMART,M,,
201800051389,NonLethal,2018-09-12,12:30:00,Daylight,750,109,Yes,X-type,Normal,Other,RUE AUBER,M,,
201800051390,NonLethal,2018-09-15,03:40:00,NightStreelightsOn,750,109,Yes,T-type,Normal,Other,BOULEVARD DE CLICHY,M,48.88390345924472,2.8858381420429
201800051391,NonLethal,2018-09-16,14:00:00,Daylight,750,109,Yes,T-type,Normal,Other,RUE DES MARTYRS,M,48.87423794160159,2.8739749447363554
201800051392,NonLethal,2018-09-17,16:10:00,Daylight,750,109,Yes,NoIntersection,Normal,Other,RUE DE PROVENCE,M,48.87020429064073,2.8703060359468244