AccidentId,Gravity,Date,Hour,Light,Department,Commune,InAgglomeration,IntersectionType,Weather,CollisionType,PostalAddress,GPSCode,Latitude,Longitude
201800051394,NonLethal,2018-09-21,10:45:00,Daylight,750,109,Yes,NoIntersection,Overcast,Other,RUE DES MARTYRS,M,48.87844966063379,2.880535152100546
201800051395,NonLethal,2018-09-21,16:00:00,Daylight,750,109,Yes,X-type,Normal,2Vehicles-Side,BOULEVARD DES ITALIENS,M,48.87139849991853,2.872840524046968
201800051399,NonLethal,2018-02-10,06:10:00,NightStreelightsOn,750,109,Yes,T-type,LightRain,Other,BOULEVARD HAUSSMANN,M,48.87626745798619,2.8732091106298894
201800051400,NonLethal,2018-05-10,09:50:00,Daylight,750,109,Yes,Y-type,Normal,Other,BOULEVARD HAUSSMANN,M,,
201800051401,NonLethal,2018-06-10,00:55:00,NightStreelightsOn,750,109,Yes,X-type,Normal,Other,BOULEVARD HAUSSMANN,M,48.87190902480325,2.8727122553492106
201800051402,NonLethal,2018-10-08,09:25:00,Daylight,750,104,Yes,NoIntersection,Normal,Other,RUE DE TURENNE,M,48.859144437928535,2.8589012549034245
201800051403,NonLethal,2018-10-10,14:45:00,Daylight,750,109,Yes,X-type,Normal,2Vehicles-Side,BOULEVARD MONTMARTRE,M,,
201800051405,NonLethal,2018-10-23,16:20:00,Daylight,750,109,Yes,X-type,Normal,Other,RUE DE MAUBEUGE,M,,
201800051407,NonLethal,2018-10-29,17:10:00,Daylight,750,109,Yes,T-type,Normal,2Vehicles-Behind,RUE D AMSTERDAM,M,48.87993458155551,2.8813577859288397
201800051408,NonLethal,2018-02-11,11:45:00,Daylight,750,109,Yes,X-type,Normal,2Vehicles-Side,BOULEVARD DE MAGENTA,M,48.88329455640154,2.881665567756402
201800051409,NonLethal,2018-11-09,15:10:00,Daylight,750,109,Yes,NoIntersection,Normal,Other,RUE JOUBERT,M,48.87404609509564,2.873451763210132
201800051410,NonLethal,2018-11-13,00:30:00,NightStreelightsOn,750,109,Yes,X-type,Normal,2Vehicles-Side,BOULEVARD POISSONNIERE,M,48.8715733029,2.870557311512555
201800051411,NonLethal,2018-11-16,10:50:00,Daylight,750,109,Yes,T-type,Normal,2Vehicles-Side,BOULEVARD DE ROCHECHOUAR,M,48.88214331145069,2.881807699155204
201800051412,NonLethal,2018-11-21,10:20:00,Daylight,750,109,Yes,T-type,Normal,Other,RUE DE CHATEAUDUN,M,,
201800051413,NonLethal,2018-11-21,19:05:00,NightStreelightsOn,750,109,Yes,T-type,Normal,Other,RUE SAINT LAZARE,M,48.87598355648626,2.876810314219951
201800051414,NonLethal,2018-11-24,20:35:00,NightStreelightsOn,750,109,Yes,MoreThan4Branches,Normal,2Vehicles-Side,RUE DE MAUBEUGE,M,48.87798132747272,2.880159260226959
201800051415,NonLethal,2018-11-28,09:40:00,Daylight,750,109,Yes,NoIntersection,LightRain,Other,RUE LA FAYETTE,M,,
201800051416,NonLethal,2018-02-12,00:50:00,NightStreelightsOn,750,109,Yes,Square,LightRain,2Vehicles-Side,PLACE DE L OPERA,M,48.87125851963359,2.870537995876185
201800051417,NonLethal,2018-04-12,17:05:00,NightStreelightsOn,750,109,Yes,T-type,Overcast,Other,RUE AUBER,M,48.874033364858576,2.872903141195374
201800051418,NonLethal,2018-12-07,13:40:00,Daylight,750,109,Yes,T-type,HeavyRain,Other,BOULEVARD DES CAPUCINES,M,48.87039045568032,2.86924819904721
201800051419,NonLethal,2018-12-12,10:32:00,Daylight,750,108,Yes,MoreThan4Branches,Normal,2Vehicles-Side,BOULEVARD HAUSSMANN,M,,
201800051422,NonLethal,2018-12-18,11:24:00,Daylight,750,109,Yes,X-type,Normal,Other,RUE LA FAYETTE,M,48.8746439168228,2.877366968200357
201800051423,NonLethal,2018-12-20,00:45:00,NightStreelightsOn,750,109,Yes,X-type,Normal,2Vehicles-Side,RUE DU FAUBOURG POISSONN,M,48.87152603776765,2.872278990896537
201800051424,NonLethal,2018-12-20,11:59:00,Daylight,750,109,Yes,NoIntersection,Normal,Other,RUE DE CHATEAUDUN,M,48.87642168577568,2.877971541577102
201800051425,NonLethal,2018-12-21,01:45:00,NightStreelightsOn,750,109,Yes,Square,LightRain,2Vehicles-Side,PLACE DIAGHILEV,M,,
201800051426,NonLethal,2018-12-29,16:10:00,Daylight,750,109,Yes,Y-type,Normal,2Vehicles-Side,RUE TAITBOUT,M,48.86999583047444,2.871918052205812
201800051427,NonLethal,2018-12-31,16:15:00,Daylight,750,109,Yes,X-type,Overcast,Other,BOULEVARD HAUSSMANN,M,48.873762754897385,2.873541707640352
201800051428,NonLethal,2018-03-01,07:40:00,NightStreelightsOn,750,110,Yes,T-type,StrongWindOrStorm,Other,"4, AVENUE CLAUDE VELLEFA",M,48.87127562883019,2.871833335706416
201800051429,NonLethal,2018-04-01,11:20:00,Daylight,750,110,Yes,X-type,LightRain,Other,"173, BOULEVARD DE LA VIL",M,48.88407620731462,2.8836395948066804
201800051430,NonLethal,2018-01-12,08:30:00,TwilightOrDawn,750,110,Yes,Y-type,Normal,2Vehicles-Side,"56, BOULEVARD DE MAGENTA",M,48.87351346752944,2.872218681389304
201800051431,NonLethal,2018-12-01,18:05:00,NightStreelightsOn,750,110,Yes,NoIntersection,Overcast,Other,"18, RUE DE SAMBRE ET MEU",M,48.87438121779682,2.87403953524154
201800051432,NonLethal,2018-01-15,18:15:00,TwilightOrDawn,750,110,Yes,NoIntersection,Normal,NoCollision,"47, BOULEVARD DE MAGENTA",M,48.87453510781547,2.873637436328362
201800051433,NonLethal,2018-01-16,15:52:00,Daylight,750,110,Yes,X-type,Normal,2Vehicles-Side,"68, BOULEVARD DE MAGENTA",M,48.87381503009804,2.874485230510944
201800051434,NonLethal,2018-01-17,14:55:00,Daylight,750,110,Yes,Y-type,Normal,NoCollision,"11, RUE DE SAINT QUENTIN",M,48.87666400821109,2.876281358931733
201800051435,NonLethal,2018-01-31,17:31:00,NightStreelightsOn,750,110,Yes,X-type,LightRain,Other,"2, RUE DE LA GRANGE AUX",M,48.87284109832198,2.87137369418987
201800051436,NonLethal,2018-02-01,10:20:00,Daylight,750,110,Yes,X-type,Overcast,NoCollision,"57, BOULEVARD DE MAGENTA",M,48.87446451690176,2.873384923804288
201800051437,NonLethal,2018-02-04,19:15:00,NightStreelightsOn,750,110,Yes,T-type,Normal,Other,"150, RUE DU FAUBOURG SAI",M,48.87632761373239,2.874779815885785
201800051438,NonLethal,2018-02-06,15:40:00,Daylight,750,110,Yes,NoIntersection,SnowOrHail,NoCollision,"46, BOULEVARD DE MAGENTA",M,48.873915206756976,2.874122492067503
201800051439,NonLethal,2018-02-09,15:20:00,Daylight,750,110,Yes,NoIntersection,SnowOrHail,Other,"218, RUE DU FAUBOURG SAI",M,48.879558108289466,2.8781806383471453
201800051440,NonLethal,2018-02-09,22:45:00,NightStreelightsOn,750,110,Yes,Y-type,Overcast,2Vehicles-Side,"23, RUE DE L AQUEDUC",M,48.88103878880143,2.8809313186048318
201800051441,NonLethal,2018-02-13,08:25:00,Daylight,750,110,Yes,T-type,Normal,Other,"640, RUE DE LANCRY",M,48.87274178681681,2.8715027320600224
201800051442,NonLethal,2018-02-13,18:15:00,NightStreelightsOn,750,110,Yes,NoIntersection,LightRain,Other,"171, RUE DU FAUBOURG SAI",M,48.878545849691534,2.8799350624232765
201800051443,NonLethal,2018-02-13,20:08:00,NightStreelightsOn,750,110,Yes,NoIntersection,LightRain,Other,"38, RUE DE LA GRANGE AUX",M,48.87796184735645,2.877766239973638
201800051444,NonLethal,2018-02-14,19:15:00,NightStreelightsOn,750,110,Yes,NoIntersection,LightRain,Other,"14, RUE DU FAUBOURG SAIN",M,48.87249025919392,2.868917598762773
201800051445,NonLethal,2018-02-14,21:15:00,NightStreelightsOn,750,110,Yes,NoIntersection,LightRain,Other,"7, BOULEVARD DE STRASBOU",M,48.86962509740418,2.868873273573043
201800051446,NonLethal,2018-02-16,08:30:00,Daylight,750,110,Yes,MoreThan4Branches,Normal,Other,"106, RUE DE MAUBEUGE",M,48.88102416934435,2.8805507628468447
201800051447,NonLethal,2018-02-16,19:00:00,NightStreelightsOn,750,110,Yes,X-type,Normal,2Vehicles-Side,"101, RUE DU FAUBOURG SAI",M,48.87269679027729,2.8739896811832484
201800051448,NonLethal,2018-02-16,05:50:00,NightStreelightsOn,750,110,Yes,X-type,Normal,2Vehicles-Side,RUE DE DUNKERQUE,M,48.88145331388853,2.880583933953083
201800051451,NonLethal,2018-03-01,09:05:00,Daylight,750,110,Yes,X-type,StrongWindOrStorm,NoCollision,"2, BOULEVARD SAINT DENIS",M,48.86912111985293,2.8700115593155324
201800051452,NonLethal,2018-03-02,13:05:00,Daylight,750,111,Yes,T-type,LightRain,Other,"125, RUE DU FAUBOURG DU",M,48.870504799228335,2.8698079881363325
201800051453,NonLethal,2018-03-02,13:50:00,Daylight,750,110,Yes,X-type,Overcast,2Vehicles-Side,"180, QUAI DE JEMMAPES",M,48.881058544308864,2.878833578723516
201800051454,NonLethal,2018-03-02,19:45:00,NightStreelightsOn,750,110,Yes,T-type,Normal,2Vehicles-Behind,"162, RUE DU FAUBOURG SAI",M,48.87622395808446,2.876767888307024
201800051455,NonLethal,2018-03-03,17:55:00,Daylight,750,110,Yes,T-type,Normal,Other,"181, RUE DU FAUBOURG SAI",M,48.88130208895586,2.882240495546352
201800051456,NonLethal,2018-03-04,15:27:00,Daylight,750,110,Yes,Y-type,LightRain,3+Vehicles-Chain,"3, BOULEVARD DE MAGENTA",M,48.86969743497614,2.8703842130205617
201800051457,NonLethal,2018-03-06,13:45:00,Daylight,750,110,Yes,NoIntersection,Normal,Other,"3, RUE DE LA FIDELITE",M,48.87517920631947,2.873260117561899
201800051458,NonLethal,2018-03-08,08:00:00,Daylight,750,110,Yes,NoIntersection,Normal,2Vehicles-Behind,"157, BOULEVARD DE LA VIL",M,48.88359795722542,2.884009715947456
201800051460,NonLethal,2018-03-10,09:20:00,Daylight,750,110,Yes,T-type,LightRain,Other,"250, RUE DU FAUBOURG SAI",M,48.881869464561845,2.88363322381063
201800051461,NonLethal,2018-03-16,09:07:00,Daylight,750,110,Yes,Y-type,Normal,2Vehicles-Side,"1, RUE DE COMPIEGNE",M,48.8791423008463,2.880816474541675
201800051462,NonLethal,2018-03-16,13:10:00,Daylight,750,110,Yes,NoIntersection,Normal,Other,"57, RUE BICHAT",M,48.87410567903225,2.873222027884346
201800051464,NonLethal,2018-03-19,23:25:00,NightStreelightsOn,750,110,Yes,X-type,Normal,2Vehicles-Side,"159, RUE LA FAYETTE",M,48.88010514422757,2.880100332896624
201800051465,NonLethal,2018-03-21,23:30:00,NightStreelightsOn,750,110,Yes,X-type,Normal,Other,"158, RUE LA FAYETTE",M,48.87932761295711,2.878194460340453
201800051466,NonLethal,2018-03-27,13:05:00,Daylight,750,110,Yes,Square,LightRain,Other,"4, RUE DU FAUBOURG SAINT",M,48.86917407696061,2.868817049209834
201800051467,NonLethal,2018-03-27,22:10:00,NightStreelightsOn,750,110,Yes,T-type,Normal,2Vehicles-Behind,"80, BOULEVARD DE MAGENTA",M,48.87552560652692,2.875929918432456
201800051468,NonLethal,2018-03-28,08:50:00,Daylight,750,110,Yes,NoIntersection,LightRain,Other,"5, AVENUE CLAUDE VELLEFA",M,48.87498631478305,2.875435395022509
201800051470,NonLethal,2018-05-04,18:00:00,Daylight,750,110,Yes,NoIntersection,Normal,Other,"224, RUE LA FAYETTE",M,48.88037955452897,2.8812932291759137
201800051471,NonLethal,2018-04-06,15:00:00,Daylight,750,110,Yes,NoIntersection,Normal,2Vehicles-Behind,BOULEVARD DE STRASBOURG,M,48.8731423501227,2.873248915781077
201800051472,NonLethal,2018-04-09,19:10:00,Daylight,750,110,Yes,X-type,LightRain,2Vehicles-Behind,"137, AVENUE PARMENTIER",M,48.87037617157959,2.869116366885166
201800051473,NonLethal,2018-04-10,09:40:00,Daylight,750,110,Yes,Y-type,Normal,2Vehicles-Side,"74, QUAI DE JEMMAPES",M,48.87129811247162,2.873044119972633
201800051474,NonLethal,2018-11-04,10:55:00,Daylight,750,110,Yes,T-type,Normal,2Vehicles-Side,"79, RUE DU FAUBOURG SAIN",M,48.87292551107348,2.872296516665355
201800051475,NonLethal,2018-04-11,19:30:00,Daylight,750,110,Yes,NoIntersection,Normal,2Vehicles-Side,"15, RUE BOUCHARDON",M,48.86962670428042,2.871001091760448
201800051476,NonLethal,2018-04-19,00:30:00,NightStreelightsOn,750,110,Yes,Square,Normal,2Vehicles-Side,"4, PLACE FRANZ LISZT",M,48.87745059971617,2.875960845600235
201800051477,NonLethal,2018-04-20,12:08:00,Daylight,750,110,Yes,X-type,Normal,2Vehicles-Side,RUE LOUIS BLANC,M,48.87954484885165,2.8795068415609526
201800051479,NonLethal,2018-04-25,10:00:00,Daylight,750,110,Yes,T-type,Normal,2Vehicles-Side,"172, RUE DU FAUBOURG SAI",M,48.876149841286,2.8766633852252403
201800051480,NonLethal,2018-04-29,22:09:00,NightStreelightsOn,750,110,Yes,X-type,LightRain,Other,"16, BOULEVARD SAINT DENI",M,48.86741204445957,2.8707480407063533
201800051481,NonLethal,2018-04-30,23:30:00,TwilightOrDawn,750,110,Yes,X-type,LightRain,2Vehicles-Behind,", BOULEVARD SAINT DENIS",M,48.86753439491855,2.86887932920815
201800051483,NonLethal,2018-04-05,16:05:00,Daylight,750,110,Yes,NoIntersection,Normal,Other,"38, BOULEVARD DE BONNE N",M,48.86897413296528,2.871447327282885
201800051484,NonLethal,2018-05-05,22:35:00,NightStreelightsOn,750,110,Yes,X-type,Normal,Other,", RUE LA FAYETTE",M,48.88148116565985,2.8803510927049163
201800051486,NonLethal,2018-07-05,20:10:00,Daylight,750,110,Yes,NoIntersection,Normal,Other,"21, RUE VICQ D AZIR",M,48.87628756073186,2.8761162413626185
201800051487,NonLethal,2018-07-05,19:40:00,Daylight,750,110,Yes,NoIntersection,Normal,Other,"5, RUE DES PETITES ECURI",M,48.87393730801913,2.873873131189878
201800051488,NonLethal,2018-05-10,11:00:00,Daylight,750,110,Yes,T-type,Overcast,2Vehicles-Side,"27, BOULEVARD DE STRASBO",M,48.87039285026074,2.8721026063537627
201800051489,NonLethal,2018-05-16,08:50:00,Daylight,750,110,Yes,X-type,Normal,Other,"184, QUAI DE JEMMAPES",M,48.87867325652425,2.88034942900586
201800051491,NonLethal,2018-05-18,09:40:00,Daylight,750,110,Yes,X-type,Normal,2Vehicles-Behind,"01, RUE PHILIPPE DE GIRA",M,48.8819024894388,2.879632151491397
201800051493,NonLethal,2018-05-20,11:25:00,Daylight,750,110,Yes,T-type,Normal,2Vehicles-Side,"1, RUE DU HUIT MAI 1945",M,48.87660908613928,2.87599834242833
201800051494,NonLethal,2018-05-23,12:00:00,Daylight,750,110,Yes,X-type,Normal,2Vehicles-Side,"159, RUE DU FAUBOURG SAI",M,48.88012098500096,2.8797625963782023
201800051495,NonLethal,2018-05-23,22:00:00,NightStreelightsOn,750,110,Yes,T-type,Normal,2Vehicles-Side,"FACE 23, BOULEVARD DE BO",M,48.87075377356901,2.870115887229266
201800051496,NonLethal,2018-05-24,19:50:00,Daylight,750,110,Yes,Y-type,Normal,Other,"09, BOULEVARD DE LA VILL",M,48.87286241810097,2.8723744471119312
201800051498,NonLethal,2018-05-26,12:50:00,Daylight,750,110,Yes,NoIntersection,Normal,2Vehicles-Side,"162, RUE DU FAUBOURG SAI",M,48.875144150937736,2.877412972537503
201800051499,NonLethal,2018-05-26,15:30:00,Daylight,750,110,Yes,X-type,VeryGood,2Vehicles-Behind,"160, RUE LA FAYETTE",M,48.880107518855255,2.879523995235936
201800051500,NonLethal,2018-05-27,03:30:00,NightStreelightsOn,750,110,Yes,Y-type,Normal,Other,"245, RUE LA FAYETTE",M,48.88312037856486,2.8829525514609857
201800051501,NonLethal,2018-05-29,11:20:00,Daylight,750,110,Yes,NoIntersection,LightRain,2Vehicles-Side,"10, BOULEVARD SAINT MART",M,48.86831477018189,2.869440753485152
201800051502,NonLethal,2018-05-30,09:15:00,Daylight,750,110,Yes,X-type,Normal,2Vehicles-Side,"115, RUE DU FAUBOURG SAI",M,48.87231392800969,2.8744825827380827
201800051506,NonLethal,2018-08-06,14:00:00,Daylight,750,110,Yes,NoIntersection,Normal,Other,"104, QUAI DE JEMMAPES",M,48.87202122427149,2.875362079007454
201800051507,NonLethal,2018-06-12,08:55:00,Daylight,750,110,Yes,T-type,Normal,2Vehicles-Side,"159, RUE LA FAYETTE",M,48.88092747403853,2.880523746369383
201800051508,NonLethal,2018-06-13,18:08:00,Daylight,750,110,Yes,MoreThan4Branches,Overcast,2Vehicles-Side,"68, BOULEVARD DE STRASBO",M,48.87559933434776,2.8739511798251387
201800051509,NonLethal,2018-06-13,20:15:00,Daylight,750,110,Yes,MoreThan4Branches,Normal,Other,BOULEVARD DE STRASBOURG,M,48.87450587053629,2.873260525515339
201800051511,NonLethal,2018-06-16,14:40:00,Daylight,750,110,Yes,X-type,Normal,Other,"83, QUAI DE VALMY",M,48.87433871594756,2.874397112755677
201800051512,NonLethal,2018-06-16,17:15:00,Daylight,750,110,Yes,X-type,Normal,Other,RUE DU FAUBOURG POISSONN,M,48.87269943468897,2.8715904254415565
201800051513,NonLethal,2018-06-16,22:00:00,TwilightOrDawn,750,110,Yes,T-type,Normal,2Vehicles-Side,"31, RUE DE LA GRANGE AUX",M,48.87603803910382,2.874680866279389
201800051514,NonLethal,2018-06-18,22:00:00,NightStreelightsOn,750,110,Yes,NoIntersection,Normal,Other,"88, RUE DU FAUBOURG DU T",M,48.87142455738394,2.8698660812607386
201800051516,NonLethal,2018-06-21,02:00:00,NightStreelightsOn,750,110,Yes,X-type,Normal,2Vehicles-Side,"34, BOULEVARD DE MAGENTA",M,48.871889517063,2.8718650527227867
201800051518,NonLethal,2018-06-21,14:20:00,Daylight,750,110,Yes,NoIntersection,Normal,Other,"20, RUE DU FAUBOURG POIS",M,48.87155042076367,2.8717286678165106
201800051520,NonLethal,2018-06-22,15:05:00,Daylight,750,110,Yes,Square,Normal,Other,"03, PLACE FRANZ LISZT",M,48.877784675601866,2.876436232166967
201800051521,NonLethal,2018-06-22,18:30:00,Daylight,750,110,Yes,X-type,Normal,2Vehicles-Behind,"13, BOULEVARD DE LA CHAP",M,48.88385731955209,2.8837562821637026
201800051522,NonLethal,2018-06-25,14:15:00,Daylight,750,110,Yes,NoIntersection,Normal,2Vehicles-Behind,"152, BOULEVARD DE MAGENT",M,48.88143045434115,2.8825579775177603
201800051523,NonLethal,2018-06-26,08:45:00,Daylight,750,110,Yes,NoIntersection,Normal,2Vehicles-Behind,"6, RUE SAINT LAURENT",M,48.87575374104884,2.875388698567501
201800051524,NonLethal,2018-06-26,16:20:00,Daylight,750,110,Yes,X-type,Normal,2Vehicles-Behind,"267, RUE DU FAUBOURG SAI",M,48.8845135189104,2.883114808290456
201800051526,NonLethal,2018-06-29,14:45:00,Daylight,750,110,Yes,X-type,Normal,Other,RUE DES PETITES ECURIES,M,48.8748048612575,2.873070477386873
201800051527,NonLethal,2018-06-30,16:30:00,Daylight,750,110,Yes,X-type,Normal,2Vehicles-Side,"68, RUE DU FAUBOURG SAIN",M,48.87180530410095,2.8706816258845165
201800051530,NonLethal,2018-07-11,20:15:00,Daylight,750,110,Yes,X-type,Normal,2Vehicles-Side,"62, BOULEVARD DE MAGENTA",M,48.87213336666091,2.8734568274761747
201800051531,NonLethal,2018-07-16,03:25:00,NightStreelightsOn,750,110,Yes,NoIntersection,Normal,NoCollision,"1 TER, RUE RENE BOULANGE",M,48.86857651615379,2.867023581005561
201800051533,NonLethal,2018-07-18,15:05:00,Daylight,750,110,Yes,NoIntersection,Normal,2Vehicles-Behind,BOULEVARD DE MAGENTA,M,48.88140740949936,2.882535380331779
201800051535,NonLethal,2018-07-20,18:15:00,Daylight,750,110,Yes,NoIntersection,LightRain,Other,RUE DU FAUBOURG SAINT MA,M,48.88159602040694,2.8824286860629726
201800051536,NonLethal,2018-07-21,09:51:00,Daylight,750,110,Yes,T-type,Normal,2Vehicles-Side,RUE DU FAUBOURG SAINT MA,M,48.87560022315613,2.874308665475325
201800051538,NonLethal,2018-07-24,12:43:00,Daylight,750,110,Yes,T-type,Normal,Other,RUE DU BUISSON SAINT LOU,M,,
201800051539,NonLethal,2018-07-26,21:25:00,NightStreelightsOn,750,110,Yes,NoIntersection,Normal,Other,RUE LOUIS BLANC,M,,
201800051540,NonLethal,2018-07-28,04:00:00,NightStreelightsOn,750,110,Yes,NoIntersection,Normal,2Vehicles-Behind,RUE DU CHATEAU D EAU,M,48.86020381823713,2.859130941972703
201800051541,NonLethal,2018-08-02,16:45:00,Daylight,750,110,Yes,X-type,VeryGood,2Vehicles-Side,BOULEVARD SAINT DENIS,M,48.86899197077409,2.8688621205217864
201800051542,NonLethal,2018-08-03,11:50:00,Daylight,750,110,Yes,NoIntersection,Normal,Other,BOULEVARD DE LA VILLETTE,M,48.87528938283009,2.875196048287928
201800051543,NonLethal,2018-08-04,15:10:00,Daylight,750,110,Yes,T-type,Normal,2Vehicles-Side,RUE DU FAUBOURG SAINT MA,M,48.87556394855065,2.878377735729376
201800051545,NonLethal,2018-08-10,02:00:00,NightStreelightsOn,750,110,Yes,X-type,Normal,3+Vehicles-Multiple,RUE LA FAYETTE,M,48.88397788731738,2.883239958925669
201800051547,NonLethal,2018-08-19,10:00:00,Daylight,750,110,Yes,T-type,Normal,Other,RUE LA FAYETTE,M,48.88362650298562,2.880565583358207
201800051548,NonLethal,2018-08-21,23:20:00,NightStreelightsOn,750,110,Yes,NoIntersection,Normal,2Vehicles-Behind,BOULEVARD DE MAGENTA,M,48.87665309714308,2.876195600588291
201800051549,NonLethal,2018-08-23,13:30:00,Daylight,750,110,Yes,X-type,Normal,Other,BOULEVARD DE STRASBOURG,M,48.873541578595855,2.8732401496007145
201800051550,NonLethal,2018-08-24,00:20:00,NightStreelightsOn,750,110,Yes,NoIntersection,LightRain,Other,BOULEVARD DE MAGENTA,M,48.87659522053386,2.876423168150251
201800051552,NonLethal,2018-08-27,22:20:00,NightStreelightsOn,750,110,Yes,NoIntersection,Normal,2Vehicles-Side,BOULEVARD DE LA CHAPELLE,M,48.88624331049042,2.8873893920965443
201800051553,NonLethal,2018-08-28,17:00:00,Daylight,750,110,Yes,X-type,Normal,Other,RUE LA FAYETTE,M,48.87653425796827,2.877408505250901
201800051554,NonLethal,2018-08-31,18:20:00,Daylight,750,110,Yes,Square,Normal,Other,RUE DU FAUBOURG SAINT MA,M,48.87822624791596,2.8807630563960527
201800051555,NonLethal,2018-02-09,14:45:00,Daylight,750,110,Yes,Y-type,Normal,Other,BOULEVARD DE MAGENTA,M,48.87544186238601,2.875701363184169
201800051556,NonLethal,2018-05-09,17:30:00,Daylight,750,110,Yes,NoIntersection,Normal,3+Vehicles-Chain,QUAI DE VALMY,M,48.87145514252606,2.872096261664855
201800051557,NonLethal,2018-09-05,18:45:00,Daylight,750,110,Yes,X-type,Normal,Other,RUE LOUIS BLANC,M,48.87930136320978,2.8796938052619807
201800051559,NonLethal,2018-09-06,10:55:00,Daylight,750,110,Yes,X-type,Normal,Other,RUE LA FAYETTE,M,48.87966681858296,2.8784004580939926
201800051560,NonLethal,2018-07-09,17:30:00,Daylight,750,110,Yes,X-type,Normal,Other,BOULEVARD SAINT MARTIN,M,48.86654647021808,2.8666159662144874
201800051561,NonLethal,2018-09-08,18:20:00,Daylight,750,110,Yes,NoIntersection,Normal,Other,QUAI DE JEMMAPES,M,,
201800051562,NonLethal,2018-09-09,15:10:00,Daylight,750,110,Yes,NoIntersection,Normal,Other,RUE SAINT MAUR,M,48.87223189881021,2.873924803617661
201800051563,NonLethal,2018-09-12,12:00:00,Daylight,750,110,Yes,NoIntersection,Normal,Other,RUE MARIE ET LOUISE,M,48.87142609918936,2.8721563829475016
201800051564,NonLethal,2018-09-13,19:50:00,TwilightOrDawn,750,110,Yes,T-type,Overcast,2Vehicles-Behind,BOULEVARD DE STRASBOURG,M,48.874870955053126,2.8725988728830054
201800051565,NonLethal,2018-09-14,22:20:00,NightStreelightsOn,750,110,Yes,NoIntersection,Normal,Other,RUE LOUIS BLANC,M,48.88047391473667,2.882334860842022
201800051567,NonLethal,2018-09-17,15:57:00,Daylight,750,110,Yes,X-type,Normal,2Vehicles-Side,RUE DU FAUBOURG DU TEMPL,M,48.87029230587952,2.8689657284541443
201800051568,NonLethal,2018-09-17,19:15:00,Daylight,750,110,Yes,NoIntersection,Normal,Other,QUAI DE JEMMAPES,M,48.88052137641469,2.8793784799409483
201800051569,NonLethal,2018-09-18,11:00:00,Daylight,750,110,Yes,X-type,Normal,3+Vehicles-Multiple,QUAI DE VALMY,M,48.87152081601082,2.872535205325985
201800051570,NonLethal,2018-09-18,10:05:00,Daylight,750,110,Yes,NoIntersection,Other,Other,PLACE DU ONZE NOVEMBRE 1,M,48.87807957109738,2.876658437387929
201800051571,NonLethal,2018-09-22,14:20:00,Daylight,750,110,Yes,NoIntersection,LightRain,2Vehicles-Side,BOULEVARD DE STRASBOURG,M,48.87262201064634,2.871717663193592
201800051572,NonLethal,2018-09-22,15:40:00,Daylight,750,110,Yes,X-type,LightRain,Other,RUE DE MAUBEUGE,M,,
201800051573,NonLethal,2018-09-25,22:30:00,NightStreelightsOn,750,110,Yes,X-type,Normal,2Vehicles-Side,RUE LOUIS BLANC,M,48.88227539406012,2.88296138224143
201800051574,NonLethal,2018-09-26,16:05:00,Daylight,750,110,Yes,MoreThan4Branches,Normal,2Vehicles-Side,BOULEVARD DE MAGENTA,M,48.87694017541847,2.8758118830750217
201800051576,NonLethal,2018-09-28,01:30:00,NightStreelightsOn,750,110,Yes,X-type,Normal,Other,RUE LUCIEN SAMPAIX,M,48.85702436951744,2.855103025634476
201800051577,NonLethal,2018-09-30,15:05:00,Daylight,750,110,Yes,NoIntersection,Normal,Other,RUE LOUIS BLANC,M,48.88157507601812,2.8838405561849867
201800051578,NonLethal,2018-10-01,23:20:00,NightStreelightsOn,750,110,Yes,X-type,Normal,2Vehicles-Behind,BOULEVARD DE MAGENTA,M,48.88220720532587,2.8842375582698083
201800051579,NonLethal,2018-03-10,01:07:00,NightStreelightsOn,750,110,Yes,X-type,Normal,Other,BOULEVARD DE MAGENTA,M,48.87389395210579,2.874036210096461
201800051582,NonLethal,2018-06-10,16:45:00,Daylight,750,110,Yes,X-type,Normal,2Vehicles-Side,RUE DE MAUBEUGE,M,,
201800051583,NonLethal,2018-07-10,21:55:00,NightStreelightsOn,750,110,Yes,T-type,Normal,2Vehicles-Behind,RUE DU FAUBOURG SAINT MA,M,48.88052036114425,2.880246628467678
201800051585,NonLethal,2018-11-10,22:15:00,NightStreelightsOn,750,110,Yes,T-type,LightRain,Other,BOULEVARD DE MAGENTA,M,48.877771473470816,2.8774191381275664
201800051586,NonLethal,2018-10-14,16:50:00,Daylight,750,110,Yes,NoIntersection,Normal,Other,QUAI DE VALMY,M,48.874885670150114,2.8738034910219383
201800051587,NonLethal,2018-10-15,08:08:00,Daylight,750,110,Yes,MoreThan4Branches,Normal,Other,RUE ALIBERT,M,48.87027813548499,2.87009042557392
201800051588,NonLethal,2018-10-17,08:25:00,Daylight,750,110,Yes,T-type,Normal,2Vehicles-BehindVehicles-Frontal,BOULEVARD DE LA VILLETTE,M,48.8829298409122,2.8834234327114374
201800051589,NonLethal,2018-10-18,20:05:00,NightStreelightsOn,750,110,Yes,T-type,Normal,2Vehicles-Side,RUE DU FAUBOURG SAINT MA,M,48.87600547177507,2.876089951817104
201800051590,NonLethal,2018-10-20,14:05:00,Daylight,750,110,Yes,X-type,Normal,Other,BOULEVARD DE MAGENTA,M,48.87778155043729,2.8762209362621096
201800051591,NonLethal,2018-10-21,21:00:00,NightStreelightsOn,750,110,Yes,T-type,Normal,2Vehicles-Side,BOULEVARD DE MAGENTA,M,48.86864410960381,2.870931316332429
201800051592,NonLethal,2018-10-23,11:30:00,Daylight,750,110,Yes,T-type,Normal,2Vehicles-Side,BOULEVARD DE MAGENTA,M,48.87325679788676,2.873231135531843
201800051593,NonLethal,2018-10-27,06:50:00,NightStreelightsOn,750,110,Yes,T-type,Normal,Other,BOULEVARD DE BONNE NOUVE,M,48.86945133639085,2.8701873350244824
201800051594,NonLethal,2018-10-27,17:45:00,Daylight,750,110,Yes,NoIntersection,Normal,Other,RUE DU FAUBOURG SAINT MA,M,48.87530191576912,2.8746874116913834