AccidentId,Gravity,Date,Hour,Light,Department,Commune,InAgglomeration,IntersectionType,Weather,CollisionType,PostalAddress,GPSCode,Latitude,Longitude
201800051595,NonLethal,2018-10-28,18:50:00,NightStreelightsOn,750,110,Yes,X-type,Normal,Other,RUE DE ROCROY,M,48.88204049285538,2.879390021748018
201800051596,NonLethal,2018-10-29,18:35:00,NightStreelightsOff,750,110,Yes,X-type,Normal,Other,RUE DU FAUBOURG POISSONN,M,,
201800051597,NonLethal,2018-10-30,16:00:00,Daylight,750,110,Yes,NoIntersection,Normal,Other,RUE DE PARADIS,M,48.87618844545567,2.875147226613435
201800051598,NonLethal,2018-10-30,16:35:00,Daylight,750,110,Yes,T-type,Overcast,2Vehicles-Side,RUE DU FAUBOURG SAINT MA,M,48.87630368655752,2.8766261157282758
201800051599,NonLethal,2018-02-11,14:40:00,Daylight,750,110,Yes,X-type,Normal,Other,BOULEVARD DE MAGENTA,M,48.87841831501304,2.8774865082514336
201800051600,NonLethal,2018-11-02,14:20:00,Daylight,750,110,Yes,Square,Normal,2Vehicles-Side,RUE DU FAUBOURG SAINT MA,M,48.88678253345083,2.886920188038025
201800051603,NonLethal,2018-11-06,21:00:00,NightStreelightsOn,750,110,Yes,T-type,Normal,2Vehicles-Side,RUE DU FAUBOURG SAINT MA,M,48.88099024472217,2.8776709854118967
201800051604,NonLethal,2018-07-11,15:25:00,Daylight,750,110,Yes,T-type,Overcast,2Vehicles-Side,BOULEVARD DE BONNE NOUVE,M,48.873043577762445,2.8725913991348078
201800051605,NonLethal,2018-11-09,15:00:00,Daylight,750,110,Yes,NoIntersection,Normal,2Vehicles-Side,RUE DU FAUBOURG SAINT DE,M,48.86288590961335,2.8632918180176885
201800051606,NonLethal,2018-10-11,09:50:00,Daylight,750,110,Yes,X-type,LightRain,Other,BOULEVARD DE LA CHAPELLE,M,48.88508757969592,2.884984152116871
201800051607,NonLethal,2018-10-11,21:45:00,NightStreelightsOn,750,110,Yes,Y-type,LightRain,Other,BOULEVARD DE MAGENTA,M,48.88080506399093,2.8810545909855816
201800051609,NonLethal,2018-11-14,18:42:00,NightStreelightsOn,750,110,Yes,X-type,Normal,Other,RUE LOUIS BLANC,M,48.88097770136962,2.8805093180566423
201800051610,NonLethal,2018-11-16,10:15:00,Daylight,750,110,Yes,NoIntersection,Normal,Other,QUAI DE JEMMAPES,M,48.878761805306695,2.8807898223459123
201800051611,NonLethal,2018-11-19,15:10:00,Daylight,750,110,Yes,NoIntersection,Normal,2Vehicles-Side,RUE D HAUTEVILLE,M,,
201800051612,NonLethal,2018-11-19,16:45:00,TwilightOrDawn,750,110,Yes,X-type,Normal,2Vehicles-Side,BOULEVARD SAINT DENIS,M,48.867798299342304,2.868288951788149
201800051613,NonLethal,2018-11-20,09:40:00,Daylight,750,110,Yes,T-type,LightRain,Other,RUE DU FAUBOURG SAINT MA,M,48.88129263185802,2.8816669557492443
201800051614,NonLethal,2018-11-23,21:20:00,NightStreelightsOn,750,110,Yes,NoIntersection,LightRain,Other,BOULEVARD DE LA CHAPELLE,M,48.883999631720265,2.885769072200013
201800051615,NonLethal,2018-11-25,02:50:00,NightNoStreetLight,750,110,Yes,X-type,Normal,2Vehicles-BehindVehicles-Frontal,AVENUE PARMENTIER,M,48.87230518718222,2.868531236869581
201800051616,NonLethal,2018-11-26,10:20:00,Daylight,750,110,Yes,NoIntersection,LightRain,2Vehicles-Side,QUAI DE JEMMAPES,M,48.876835604693056,2.8760103848466354
201800051617,NonLethal,2018-11-27,18:40:00,NightStreelightsOn,750,110,Yes,X-type,LightRain,Other,RUE LA FAYETTE,M,48.88237648759357,2.8811927441526897
201800051618,NonLethal,2018-11-30,11:10:00,Daylight,750,110,Yes,X-type,Overcast,Other,QUAI DE JEMMAPES,M,48.87504978156581,2.8742620027361783
201800051619,NonLethal,2018-11-30,19:55:00,NightStreelightsOn,750,110,Yes,T-type,Normal,2Vehicles-Behind,RUE SAINT MAUR,M,48.80421407289165,2.8019787924163757
201800051621,NonLethal,2018-12-04,14:00:00,Daylight,750,110,Yes,NoIntersection,Normal,Other,BOULEVARD DE LA CHAPELLE,M,48.88218821054516,2.883832309394454
201800051622,NonLethal,2018-12-12,03:10:00,NightStreelightsOn,750,110,Yes,Y-type,Normal,NoCollision,QUAI DE VALMY,M,48.88222074604502,2.8836734709926097
201800051623,NonLethal,2018-12-12,19:40:00,NightStreelightsOn,750,110,Yes,T-type,Normal,Other,QUAI DE VALMY,M,48.86669572756032,2.867741748940761
201800051626,NonLethal,2018-12-20,09:10:00,Daylight,750,110,Yes,X-type,Normal,2Vehicles-Side,RUE DE DUNKERQUE,M,48.8772228138138,2.8768822340550293
201800051627,NonLethal,2018-12-21,22:00:00,NightStreelightsOn,750,110,Yes,NoIntersection,LightRain,Other,BOULEVARD DE MAGENTA,M,48.88123106096808,2.8816563858083666
201800051628,NonLethal,2018-12-23,17:30:00,NightStreelightsOn,750,110,Yes,X-type,LightRain,Other,RUE LA FAYETTE,M,48.86900817800192,2.8688104194057606
201800051629,NonLethal,2018-12-24,11:45:00,Daylight,750,110,Yes,NoIntersection,Other,2Vehicles-Side,BOULEVARD DE MAGENTA,M,,
201800051630,NonLethal,2018-12-26,10:35:00,TwilightOrDawn,750,110,Yes,X-type,Normal,Other,BOULEVARD DE MAGENTA,M,48.87512543760828,2.876991372493767
201800051632,NonLethal,2018-01-01,01:30:00,NightStreelightsOn,750,111,Yes,T-type,Normal,Other,"63, RUE SAINT MAUR",M,48.86083612782723,2.8619139010178416
201800051633,NonLethal,2018-05-01,09:35:00,Daylight,750,111,Yes,X-type,Overcast,2Vehicles-Side,"74, RUE DE MONTREUIL",M,48.84959559879019,2.8507816970784465
201800051634,NonLethal,2018-06-01,13:30:00,Daylight,750,111,Yes,X-type,Normal,2Vehicles-Side,"63, AVENUE PHILIPPE AUGU",M,48.85472407134692,2.8551060525387757
201800051637,NonLethal,2018-01-16,16:30:00,Daylight,750,111,Yes,X-type,HeavyRain,2Vehicles-Behind,"21, AVENUE PHILIPPE AUGU",M,48.850493847698495,2.85080049371028
201800051638,NonLethal,2018-01-17,09:00:00,Daylight,750,111,Yes,NoIntersection,LightRain,2Vehicles-Side,"62, AVENUE DE LA REPUBLI",M,48.86446875779475,2.866983710697417
201800051639,NonLethal,2018-01-18,17:30:00,TwilightOrDawn,750,111,Yes,MoreThan4Branches,Normal,NoCollision,"71, BOULEVARD DE MENILMO",M,48.86323868425802,2.863664880816616
201800051640,NonLethal,2018-01-19,09:50:00,Daylight,750,111,Yes,Square,LightRain,NoCollision,"17, PLACE DE LA NATION",M,48.84692819032647,2.8490988666294315
201800051641,NonLethal,2018-01-19,11:50:00,Daylight,750,111,Yes,X-type,Normal,NoCollision,"30, RUE FAIDHERBE",M,48.85176458746452,2.8557954408744206
201800051642,NonLethal,2018-01-20,23:40:00,NightStreelightsOn,750,111,Yes,X-type,Normal,Other,"03, AVENUE PHILIPPE AUGU",M,48.84906002854958,2.849384767745589
201800051643,NonLethal,2018-01-25,02:00:00,NightStreelightsOn,750,111,Yes,NoIntersection,LightRain,2Vehicles-Behind,"200, BOULEVARD VOLTAIRE",M,48.85407615120474,2.855776008016787
201800051644,NonLethal,2018-01-25,15:00:00,Daylight,750,111,Yes,X-type,LightRain,2Vehicles-Side,"95, BOULEVARD RICHARD LE",M,48.8656912197667,2.862950482561613
201800051645,NonLethal,2018-01-27,15:50:00,Daylight,750,111,Yes,X-type,Normal,Other,"165, BOULEVARD VOLTAIRE",M,48.85572414672037,2.856146352066196
201800051646,NonLethal,2018-01-30,08:00:00,TwilightOrDawn,750,111,Yes,X-type,Normal,2Vehicles-Side,RUE DE MONTREUIL,M,48.85110459529903,2.848728417932249
201800051648,NonLethal,2018-01-31,10:05:00,Daylight,750,111,Yes,X-type,LightRain,Other,"103, AVENUE LEDRU ROLLIN",M,48.852757962356726,2.853349907662225
201800051650,NonLethal,2018-01-02,10:20:00,Daylight,750,111,Yes,X-type,Normal,Other,"140, AVENUE LEDRU ROLLIN",M,48.85374631831969,2.853596557538688
201800051651,NonLethal,2018-01-02,13:00:00,Daylight,750,111,Yes,T-type,Overcast,2Vehicles-Side,"63, AVENUE PARMENTIER",M,48.8643909438028,2.864140569822594
201800051652,NonLethal,2018-02-01,13:00:00,Daylight,750,111,Yes,X-type,Normal,2Vehicles-Side,"87, BOULEVARD RICHARD LE",M,48.86112322425834,2.8622644694137587
201800051653,NonLethal,2018-02-02,15:10:00,Daylight,750,111,Yes,X-type,Normal,2Vehicles-Side,"100, BOULEVARD VOLTAIRE",M,48.86015407221151,2.8601794852779343
201800051654,NonLethal,2018-02-02,16:50:00,Daylight,750,111,Yes,X-type,Normal,2Vehicles-Side,"96, BOULEVARD VOLTAIRE",M,48.85891021405442,2.8579005216913207
201800051656,NonLethal,2018-10-02,14:50:00,Daylight,750,111,Yes,NoIntersection,Normal,NoCollision,"117, BOULEVARD DE MENILM",M,48.86615235279852,2.865180921743525
201800051658,NonLethal,2018-02-13,15:40:00,Daylight,750,111,Yes,T-type,Normal,2Vehicles-Side,"164, RUE DE LA ROQUETTE",M,48.85991157061272,2.858356171858167
201800051659,NonLethal,2018-02-14,09:15:00,Daylight,750,111,Yes,T-type,Normal,2Vehicles-Side,"45, RUE DU FAUBOURG SAIN",M,48.85068208083917,2.855369332006283
201800051660,NonLethal,2018-02-15,11:55:00,Daylight,750,111,Yes,Y-type,HeavyRain,Other,"138, BOULEVARD VOLTAIRE",M,48.85792688657178,2.857331803911158
201800051662,NonLethal,2018-02-16,21:10:00,NightStreelightsOn,750,111,Yes,X-type,Normal,Other,"14, AVENUE DE LA REPUBLI",M,48.866981425070485,2.8654648270448506
201800051664,NonLethal,2018-02-19,18:00:00,TwilightOrDawn,750,111,Yes,X-type,LightRain,2Vehicles-Side,"6, RUE VICTOR GELEZ",M,48.86608407925853,2.86417341004014
201800051665,NonLethal,2018-02-20,12:50:00,Daylight,750,111,Yes,X-type,Normal,2Vehicles-Side,"130, RUE OBERKAMPF",M,48.8659137582176,2.866765988777578
201800051667,NonLethal,2018-02-21,19:30:00,NightStreelightsOn,750,111,Yes,Square,Normal,Other,"128, BOULEVARD VOLTAIRE",M,48.85773194729763,2.858694607776687
201800051668,NonLethal,2018-02-23,15:10:00,Daylight,750,111,Yes,X-type,StrongWindOrStorm,Other,"/, RUE OBERKAMPF",M,48.864166938461,2.863197119302149
201800051669,NonLethal,2018-02-25,16:10:00,Daylight,750,111,Yes,T-type,Normal,2Vehicles-Behind,"60, BOULEVARD BEAUMARCHA",M,48.857118398844975,2.858694340627472
201800051671,NonLethal,2018-02-26,09:50:00,Daylight,750,111,Yes,NoIntersection,Normal,2Vehicles-Side,"71, AVENUE PARMENTIER",M,48.86454263811687,2.864619692054009
201800051672,NonLethal,2018-02-27,09:15:00,Daylight,750,111,Yes,NoIntersection,Normal,2Vehicles-Side,"10, BOULEVARD RICHARD LE",M,48.85520416057327,2.8541614859966025
201800051675,NonLethal,2018-03-06,18:57:00,NightStreelightsOn,750,111,Yes,X-type,LightRain,Other,"23, BOULEVARD VOLTAIRE",M,48.86364480392557,2.863064044402333
201800051676,NonLethal,2018-12-03,09:40:00,Daylight,750,111,Yes,NoIntersection,Normal,2Vehicles-Side,"30, BOULEVARD DU TEMPLE",M,48.86449344284512,2.8638226474953643
201800051677,NonLethal,2018-03-14,18:35:00,NightStreelightsOn,750,111,Yes,X-type,Normal,2Vehicles-Side,"22, AVENUE PARMENTIER",M,48.86014429335373,2.859797817513265
201800051678,NonLethal,2018-03-15,12:00:00,Daylight,750,111,Yes,X-type,Normal,Other,"90, AVENUE LEDRU ROLLIN",M,48.8517069918246,2.850259057097893
201800051681,NonLethal,2018-03-22,10:30:00,Daylight,750,111,Yes,T-type,Normal,2Vehicles-Behind,"87, RUE DE CHARONNE",M,48.85300367382296,2.853782704181052
201800051682,NonLethal,2018-03-25,19:15:00,Daylight,750,111,Yes,X-type,Normal,2Vehicles-Behind,"33, AVENUE PARMENTIER",M,48.862109212346304,2.861105271575993
201800051683,NonLethal,2018-03-25,21:50:00,NightStreelightsOn,750,111,Yes,X-type,Normal,2Vehicles-Behind,"133, RUE DE LA ROQUETTE",M,48.859416191103904,2.860058630856824
201800051686,NonLethal,2018-03-29,18:45:00,Daylight,750,111,Yes,X-type,LightRain,2Vehicles-Side,"260, BOULEVARD VOLTAIRE",M,48.8513452982506,2.8481149739382445
201800051687,NonLethal,2018-03-30,23:45:00,NightStreelightsOn,750,111,Yes,X-type,Normal,2Vehicles-Side,"182, BOULEVARD VOLTAIRE",M,48.854013852619,2.852921513816504
201800051688,NonLethal,2018-03-31,02:25:00,NightStreelightsOn,750,111,Yes,X-type,Normal,3+Vehicles-Multiple,"96, AVENUE PHILIPPE AUGU",M,48.85560426273656,2.8546928046926108
201800051689,NonLethal,2018-01-04,04:35:00,NightStreelightsOn,750,111,Yes,NoIntersection,Normal,Other,"50, RUE JEAN PIERRE TIMB",M,48.86609759012143,2.866683977837317
201800051692,NonLethal,2018-04-05,09:50:00,Daylight,750,111,Yes,X-type,LightRain,2Vehicles-Side,"75, RUE DE LA FONTAINE A",M,48.87002861600697,2.8689384837815264
201800051694,NonLethal,2018-07-04,19:55:00,TwilightOrDawn,750,111,Yes,X-type,Normal,Other,"137, RUE DU CHEMIN VERT",M,48.86367906485598,2.862371653546702
201800051695,NonLethal,2018-04-08,05:30:00,NightStreelightsOn,750,111,Yes,T-type,Normal,Other,"49, AVENUE PARMENTIER",M,48.86281794004452,2.862988438128242
201800051696,NonLethal,2018-10-04,20:25:00,NightStreelightsOn,750,111,Yes,T-type,Normal,Other,"78, BOULEVARD VOLTAIRE",M,48.86039133566616,2.8602159379309477
201800051698,NonLethal,2018-04-12,12:40:00,Daylight,750,111,Yes,X-type,Normal,Other,"20, AVENUE PHILIPPE AUGU",M,48.85167821524403,2.85071297803954
201800051699,NonLethal,2018-04-13,12:15:00,Daylight,750,111,Yes,Square,Normal,Other,PLACE DE LA REPUBLIQUE,M,48.86650875837877,2.8675783646890403
201800051700,NonLethal,2018-04-15,01:30:00,NightStreelightsOn,750,111,Yes,X-type,Normal,2Vehicles-Side,"31, AVENUE PARMENTIER",M,48.862702614328846,2.860259691209017
201800051701,NonLethal,2018-04-16,19:45:00,TwilightOrDawn,750,111,Yes,Y-type,Normal,2Vehicles-Side,"29, AVENUE DE LA REPUBLI",M,48.86768073793201,2.865766844651232
201800051703,NonLethal,2018-04-19,17:20:00,Daylight,750,111,Yes,Square,Normal,Other,"154, RUE DU CHEMIN VERT",M,48.8616399177033,2.8626420025286023
201800051704,NonLethal,2018-04-20,14:00:00,Daylight,750,111,Yes,NoIntersection,Normal,2Vehicles-Side,"85, BOULEVARD RICHARD LE",M,48.86232038590744,2.860924445820816
201800051705,NonLethal,2018-04-20,22:45:00,NightStreelightsOn,750,111,Yes,X-type,Normal,Other,"95, PASSAGE PHILIPPE AUG",M,48.85479123025738,2.8568162800788217
201800051706,NonLethal,2018-04-22,14:50:00,Daylight,750,111,Yes,Square,Normal,Other,"2, RUE CAMILLE DESMOULIN",M,48.8588461171931,2.8599038127102765
201800051708,NonLethal,2018-04-23,22:15:00,NightStreelightsOn,750,111,Yes,MoreThan4Branches,Normal,Other,"81, AVENUE PARMENTIER",M,48.86668032115514,2.866322263729632
201800051709,NonLethal,2018-04-24,12:40:00,Daylight,750,111,Yes,X-type,Normal,NoCollision,"230, BOULEVARD VOLTAIRE",M,48.8497114884211,2.851078204548236
201800051710,NonLethal,2018-04-24,20:10:00,Daylight,750,111,Yes,NoIntersection,Normal,NoCollision,"122, RUE OBERKAMPF",M,48.86444599871577,2.867138752285195
201800051711,NonLethal,2018-04-27,17:24:00,Daylight,750,111,Yes,X-type,Normal,Other,"117, RUE DE CHARONNE",M,48.85560771732034,2.855126325831601
201800051712,NonLethal,2018-04-27,17:30:00,Daylight,750,111,Yes,T-type,Normal,2Vehicles-Side,"111, BOULEVARD DE MENILM",M,48.865669306942415,2.8644702895025578
201800051713,NonLethal,2018-04-28,22:40:00,NightStreelightsOn,750,111,Yes,X-type,Normal,2Vehicles-Behind,"174, RUE DE LA ROQUETTE",M,48.85852824759439,2.858571087525889
201800051714,NonLethal,2018-05-02,13:45:00,Daylight,750,111,Yes,T-type,Normal,3+Vehicles-Multiple,"45, AVENUE PHILIPPE AUGU",M,48.85105178248486,2.853685725416731
201800051715,NonLethal,2018-05-02,23:00:00,NightStreelightsOn,750,111,Yes,X-type,Normal,Other,BOULEVARD VOLTAIRE,M,48.85323629485379,2.8532623628899394
201800051716,NonLethal,2018-05-04,15:45:00,Daylight,750,111,Yes,X-type,Normal,Other,"44, BOULEVARD RICHARD LE",M,48.85771868901569,2.85921655985324
201800051717,NonLethal,2018-06-05,14:40:00,Daylight,750,111,Yes,NoIntersection,Normal,2Vehicles-Side,"90, AVENUE PARMENTIER",M,48.86533565911963,2.865047009759003
201800051718,NonLethal,2018-05-07,18:30:00,Daylight,750,111,Yes,NoIntersection,Normal,2Vehicles-Behind,"215, RUE DU FAUBOURG SAI",M,48.85116436977143,2.851435063546122
201800051719,NonLethal,2018-09-05,18:10:00,Daylight,750,111,Yes,NoIntersection,Normal,Other,"02, BOULEVARD BEAUMARCHA",M,48.85440281634562,2.854453945112023
201800051720,NonLethal,2018-09-05,20:15:00,TwilightOrDawn,750,111,Yes,MoreThan4Branches,Normal,Other,"60, BOULEVARD VOLTAIRE",M,48.86217281641593,2.8622389565481208
201800051721,NonLethal,2018-05-11,10:50:00,Daylight,750,111,Yes,NoIntersection,Normal,2Vehicles-Behind,"97, AVENUE PARMENTIER",M,48.86522228821247,2.864760732464871
201800051722,NonLethal,2018-11-05,17:00:00,Daylight,750,111,Yes,Square,Normal,2Vehicles-Side,"1, PLACE LEON BLUM",M,48.858067618091525,2.857537554629772
201800051723,NonLethal,2018-11-05,16:40:00,Daylight,750,111,Yes,T-type,Normal,2Vehicles-Side,"100, AVENUE DE LA REPUBL",M,48.86381449878142,2.865177121236816
201800051724,NonLethal,2018-05-15,19:20:00,Daylight,750,110,Yes,X-type,Normal,Other,"137, AVENUE PARMENTIER",M,48.87007975612282,2.8700950430177805
201800051725,NonLethal,2018-05-16,14:15:00,Daylight,750,111,Yes,X-type,Normal,2Vehicles-Side,"22, AVENUE DE LA REPUBLI",M,48.86667900166444,2.865864106379351
201800051727,NonLethal,2018-05-19,22:40:00,NightStreelightsOn,750,111,Yes,MoreThan4Branches,Normal,2Vehicles-Behind,"/, BOULEVARD DE CHARONNE",M,48.85589988690925,2.855783694540861
201800051728,NonLethal,2018-05-20,19:05:00,Daylight,750,111,Yes,Y-type,Normal,2Vehicles-Side,"29, RUE DU GRAND PRIEURE",M,48.86540425291319,2.8670776263950706
201800051729,NonLethal,2018-05-23,08:55:00,Daylight,750,111,Yes,NoIntersection,Normal,2Vehicles-Side,"63, AVENUE PARMENTIER",M,48.86290164263003,2.864033760888755
201800051730,NonLethal,2018-05-24,10:19:00,Daylight,750,111,Yes,Y-type,Normal,2Vehicles-Behind,"2, BOULEVARD DES FILLES",M,48.86137489310826,2.861764230092112
201800051732,NonLethal,2018-05-25,15:05:00,Daylight,750,111,Yes,T-type,Normal,2Vehicles-Side,"127, RUE DU FAUBOURG SAI",M,48.85154291044911,2.852905655867045
201800051733,NonLethal,2018-05-25,22:00:00,NightStreelightsOn,750,111,Yes,X-type,HeavyRain,NoCollision,"113, BOULEVARD DE CHARON",M,48.857429484030106,2.8564061724513152
201800051734,NonLethal,2018-05-26,10:30:00,Daylight,750,111,Yes,T-type,Normal,Other,"59, RUE DU FAUBOURG SAIN",M,48.85273192960546,2.851567416901463
201800051735,NonLethal,2018-05-28,19:25:00,TwilightOrDawn,750,111,Yes,NoIntersection,HeavyRain,Other,"113, RUE DU FAUBOURG SAI",M,48.850929153853535,2.848513095806976
201800051736,NonLethal,2018-05-29,10:00:00,Daylight,750,111,Yes,X-type,Overcast,Other,"56, AVENUE DE LA REPUBLI",M,48.8655889529622,2.8663819974216005
201800051737,NonLethal,2018-05-30,11:22:00,Daylight,750,111,Yes,X-type,Overcast,2Vehicles-Side,"l40, RUE DE LA ROQUETTE",M,48.85891282909356,2.8591163724787694
201800051738,NonLethal,2018-01-06,11:30:00,Daylight,750,111,Yes,NoIntersection,Normal,2Vehicles-Side,"110, RUE DE MONTREUIL",M,48.850767267157394,2.8488737899671777
201800051739,NonLethal,2018-06-03,11:55:00,Daylight,750,103,Yes,X-type,Normal,Other,"33, BOULEVARD BEAUMARCHA",M,48.854302105378814,2.856811167679253
201800051740,NonLethal,2018-06-04,18:40:00,Daylight,750,111,Yes,X-type,Normal,2Vehicles-Side,"137, RUE DE CHARONNE",M,48.85605384555387,2.856408515165477
201800051741,NonLethal,2018-06-05,16:15:00,Daylight,750,111,Yes,NoIntersection,Normal,2Vehicles-Behind,"30, BOULEVARD RICHARD LE",M,48.85472933784575,2.8551693249683607
201800051742,NonLethal,2018-06-06,20:10:00,Daylight,750,111,Yes,X-type,LightRain,2Vehicles-Side,"56, RUE DU CHEMIN VERT",M,48.85943192473589,2.8591072535662088
201800051743,NonLethal,2018-06-06,21:40:00,NightStreelightsOff,750,111,Yes,T-type,LightRain,Other,"19, BOULEVARD DE BELLEVI",M,48.868593089772425,2.869199705140211
201800051744,NonLethal,2018-07-06,10:55:00,Daylight,750,111,Yes,X-type,Normal,2Vehicles-Side,"129, BOULEVARD RICHARD L",M,48.86640977700476,2.866231091611603
201800051745,NonLethal,2018-06-07,20:20:00,Daylight,750,111,Yes,X-type,Normal,Other,"43, RUE ALEXANDRE DUMAS",M,48.851934328451605,2.853654883066148
201800051746,NonLethal,2018-08-06,15:54:00,Daylight,750,111,Yes,NoIntersection,Normal,2Vehicles-Behind,"121, AVENUE LEDRU ROLLIN",M,48.85503567197473,2.8551531399825087
201800051747,NonLethal,2018-11-06,16:15:00,Daylight,750,103,Yes,Y-type,LightRain,NoCollision,"5, BOULEVARD DES FILLES",M,48.86125287490502,2.859640570090428
201800051749,NonLethal,2018-06-14,20:30:00,TwilightOrDawn,750,111,Yes,Square,Overcast,Other,"138, RUE DE LA ROQUETTE",M,48.85810487954395,2.8572256300288306
201800051750,NonLethal,2018-06-16,19:15:00,Daylight,750,111,Yes,X-type,Normal,2Vehicles-Side,"57, BOULEVARD DE BELLEVI",M,48.87007743908328,2.87067385670624
201800051751,NonLethal,2018-06-13,15:30:00,Daylight,750,111,Yes,NoIntersection,Normal,Other,"2, RUE DU MARCHE POPINCO",M,48.86538432539346,2.8641672208957574
201800051753,NonLethal,2018-06-17,09:53:00,Daylight,750,111,Yes,NoIntersection,Normal,2Vehicles-Side,RUE DE CHARONNE,M,48.851731552029456,2.8523895080240123
201800051754,NonLethal,2018-06-11,09:35:00,Daylight,750,111,Yes,T-type,LightRain,NoCollision,"108, AVENUE LEDRU ROLLIN",M,48.85341642552567,2.852788515653384
201800051755,NonLethal,2018-06-11,20:55:00,Daylight,750,111,Yes,X-type,Normal,2Vehicles-Side,"0, RUE DE LA FONTAINE AU",M,48.86768508249222,2.8681592766608293
201800051756,NonLethal,2018-06-19,14:00:00,Daylight,750,111,Yes,MoreThan4Branches,Normal,2Vehicles-Side,"90BIS, AVENUE DE LA REPU",M,48.86415929383642,2.863714304146335
201800051757,NonLethal,2018-06-19,16:55:00,Daylight,750,111,Yes,NoIntersection,Normal,Other,"97, AVENUE LEDRU ROLLIN",M,48.85105890070548,2.852600997649067
201800051758,NonLethal,2018-06-21,08:30:00,Daylight,750,111,Yes,T-type,Normal,2Vehicles-BehindVehicles-Frontal,"166, RUE DE LA ROQUETTE",M,48.86044102952369,2.860450689314916
201800051759,NonLethal,2018-06-21,21:35:00,TwilightOrDawn,750,111,Yes,NoIntersection,Normal,2Vehicles-Side,", BOULEVARD VOLTAIRE",M,48.852088032274914,2.852336076526685
201800051760,NonLethal,2018-06-23,00:10:00,NightStreelightsOn,750,111,Yes,X-type,Normal,2Vehicles-Side,RUE SAINT MAUR,M,48.868513187304,2.869272654430265
201800051761,NonLethal,2018-06-23,14:35:00,Daylight,750,111,Yes,Square,Normal,Other,"130, BOULEVARD VOLTAIRE",M,48.85951634195534,2.859320746976353
201800051763,NonLethal,2018-06-25,20:50:00,Daylight,750,111,Yes,X-type,Normal,2Vehicles-Side,"9, RUE FROMENT",M,48.85708637396801,2.856088217314978
201800051764,NonLethal,2018-06-26,18:05:00,Daylight,750,111,Yes,X-type,Normal,2Vehicles-Side,"135, RUE DE CHARONNE",M,48.85611812762554,2.854487281809853
201800051765,NonLethal,2018-06-27,15:30:00,Daylight,750,111,Yes,Y-type,Normal,Other,"58, RUE VOLTAIRE",M,48.8630159905769,2.861665337338402
201800051766,NonLethal,2018-06-28,09:25:00,Daylight,750,111,Yes,X-type,Normal,2Vehicles-Side,"138, BOULEVARD RICHARD L",M,48.865302788300255,2.8666131291920904
201800051767,NonLethal,2018-06-28,15:25:00,Daylight,750,111,Yes,X-type,Normal,2Vehicles-Side,"1, AVENUE DE TAILLEBOURG",M,48.84937931493287,2.850227484042609
201800051768,NonLethal,2018-06-28,17:20:00,Daylight,750,111,Yes,X-type,Normal,2Vehicles-Side,"59, RUE DU CHEMIN VERT",M,48.85998044126416,2.859220910549265
201800051769,NonLethal,2018-01-07,15:15:00,Daylight,750,111,Yes,X-type,Normal,2Vehicles-Behind,"151, BOULEVARD DE CHARON",M,48.86017517301844,2.858068314323548
201800051770,NonLethal,2018-07-02,19:00:00,Daylight,750,111,Yes,X-type,Normal,2Vehicles-Side,"199, BOULEVARD VOLTAIRE",M,48.85111617646119,2.852352952110885
201800051771,NonLethal,2018-03-07,12:04:00,Daylight,750,111,Yes,MoreThan4Branches,Normal,Other,"107, AVENUE DE LA REPUBL",M,48.86255581039588,2.864156494307644
201800051772,NonLethal,2018-07-04,03:20:00,NightStreelightsOn,750,111,Yes,NoIntersection,Normal,Other,"4, PASSAGE THIERE",M,48.8538977769696,2.8544852916454966
201800051774,NonLethal,2018-07-06,15:10:00,Daylight,750,111,Yes,X-type,Normal,2Vehicles-Side,BOULEVARD RICHARD LENOIR,M,48.85633988254524,2.858279246212407
201800051775,NonLethal,2018-08-07,13:50:00,Daylight,750,111,Yes,X-type,Normal,2Vehicles-Side,"73, BOULEVARD VOLTAIRE",M,48.860778848159136,2.861659688655112
201800051776,NonLethal,2018-07-09,14:18:00,Daylight,750,111,Yes,Square,Normal,2Vehicles-Behind,PLACE DE LA NATION,M,48.84820368838822,2.849081222584077
201800051779,NonLethal,2018-07-11,22:10:00,NightStreelightsOn,750,111,Yes,NoIntersection,Normal,2Vehicles-Behind,"113, BOULEVARD DE MENILM",M,48.864468929263445,2.8665083434071104
201800051781,NonLethal,2018-07-13,18:40:00,Daylight,750,111,Yes,NoIntersection,Normal,NoCollision,"14, AVENUE PARMENTIER",M,48.861813114338496,2.8587767669858355
201800051782,NonLethal,2018-07-15,01:10:00,NightStreelightsOn,750,111,Yes,Y-type,Normal,Other,"197, RUE LEON FROT",M,48.85296958567916,2.8514324701251192
201800051783,NonLethal,2018-07-16,15:00:00,Daylight,750,111,Yes,NoIntersection,Normal,2Vehicles-Behind,"11, AVENUE PHILIPPE AUGU",M,48.85052136963384,2.85025751145859
201800051784,NonLethal,2018-07-19,07:45:00,Daylight,750,111,Yes,X-type,Normal,2Vehicles-Side,RUE JEAN PIERRE TIMBAUD,M,48.865958100002665,2.8657655299352727
201800051785,NonLethal,2018-07-26,09:30:00,Daylight,750,111,Yes,X-type,Normal,2Vehicles-Side,BOULEVARD RICHARD LENOIR,M,48.86039592921015,2.861502235513407
201800051787,NonLethal,2018-07-27,10:45:00,Daylight,750,111,Yes,T-type,Normal,2Vehicles-Side,AVENUE DE LA REPUBLIQUE,M,48.85963948251539,2.859598597810417
201800051788,NonLethal,2018-07-31,13:15:00,Daylight,750,111,Yes,Y-type,Normal,2Vehicles-Side,RUE SAINT MAUR,M,48.85628868308209,2.8569407850330224
201800051791,NonLethal,2018-03-08,08:00:00,Daylight,750,111,Yes,X-type,Normal,2Vehicles-Side,AVENUE DE LA REPUBLIQUE,M,48.86238713478401,2.865851209072974