AccidentId,Gravity,Date,Hour,Light,Department,Commune,InAgglomeration,IntersectionType,Weather,CollisionType,PostalAddress,GPSCode,Latitude,Longitude
201800051792,NonLethal,2018-06-08,20:55:00,TwilightOrDawn,750,111,Yes,X-type,Normal,Other,BOULEVARD DE MENILMONTAN,M,48.86045136104336,2.860898428200561
201800051793,NonLethal,2018-08-08,00:35:00,NightStreelightsOn,750,111,Yes,Square,Normal,Other,AVENUE DE LA REPUBLIQUE,M,48.86630682190828,2.8688219108180983
201800051795,NonLethal,2018-08-12,19:30:00,Daylight,750,111,Yes,T-type,Normal,NoCollision,AVENUE DE LA REPUBLIQUE,M,48.86434388240059,2.867349280810584
201800051796,NonLethal,2018-08-19,13:38:00,Daylight,750,111,Yes,Y-type,Normal,Other,RUE DU FAUBOURG SAINT AN,M,48.84973611372937,2.851733165503012
201800051797,NonLethal,2018-08-24,15:45:00,Daylight,750,111,Yes,NoIntersection,Normal,2Vehicles-Behind,RUE DU FAUBOURG SAINT AN,M,48.85230635762323,2.853600151995596
201800051798,NonLethal,2018-08-27,09:20:00,Daylight,750,111,Yes,T-type,Overcast,NoCollision,BOULEVARD BEAUMARCHAIS,M,48.8602779603198,2.8603490489348884
201800051799,NonLethal,2018-08-28,02:15:00,NightStreelightsOn,750,111,Yes,NoIntersection,Normal,2Vehicles-Behind,RUE DE LA ROQUETTE,M,48.51002365774189,2.510899593787665
201800051800,NonLethal,2018-03-09,16:15:00,Daylight,750,111,Yes,T-type,Normal,Other,RUE DE LAPPE,M,48.85375015150102,2.85416039854584
201800051802,NonLethal,2018-03-09,21:40:00,NightStreelightsOn,750,111,Yes,Square,Normal,2Vehicles-Side,PLACE LEON BLUM,M,48.85797548582892,2.8581670187032144
201800051803,NonLethal,2018-09-03,22:49:00,NightStreelightsOn,750,111,Yes,X-type,Normal,2Vehicles-Side,RUE OBERKAMPF,M,48.86626365548775,2.8630693018797078
201800051805,NonLethal,2018-07-09,10:00:00,Daylight,750,111,Yes,Square,LightRain,2Vehicles-Side,PLACE DE LA NATION,M,48.848880462191325,2.848621601419201
201800051807,NonLethal,2018-09-13,13:45:00,Daylight,750,111,Yes,Square,Overcast,Other,BOULEVARD RICHARD LENOIR,M,48.85348265770313,2.8515998980199253
201800051808,NonLethal,2018-09-13,19:25:00,TwilightOrDawn,750,111,Yes,X-type,Normal,Other,AVENUE LEDRU ROLLIN,M,48.85578170973108,2.855617525719613
201800051809,NonLethal,2018-09-14,18:50:00,Daylight,750,111,Yes,NoIntersection,Normal,Other,BOULEVARD VOLTAIRE,M,,
201800051810,NonLethal,2018-09-14,22:45:00,NightStreelightsOn,750,111,Yes,NoIntersection,Normal,Other,RUE SAINT MAUR,M,,
201800051812,NonLethal,2018-09-19,12:30:00,Daylight,750,111,Yes,Y-type,Normal,2Vehicles-Side,BOULEVARD RICHARD LENOIR,M,48.85834013816055,2.857963516578432
201800051813,NonLethal,2018-09-20,00:10:00,NightStreelightsOn,750,111,Yes,NoIntersection,Normal,Other,RUE DU FAUBOURG SAINT AN,M,48.85374786512906,2.854060419114993
201800051814,NonLethal,2018-09-21,18:04:00,Daylight,750,111,Yes,T-type,Normal,2Vehicles-Behind,RUE DU FAUBOURG SAINT AN,M,48.84917316512932,2.849244011084237
201800051815,NonLethal,2018-09-22,20:00:00,NightStreelightsOff,750,111,Yes,NoIntersection,LightRain,Other,AVENUE PHILIPPE AUGUSTE,M,48.85706321744092,2.857670860929689
201800051817,NonLethal,2018-09-23,22:00:00,NightStreelightsOn,750,111,Yes,Y-type,Normal,Other,AVENUE DE LA REPUBLIQUE,M,48.86419659623679,2.863473207484445
201800051818,NonLethal,2018-09-27,16:40:00,Daylight,750,111,Yes,NoIntersection,Normal,Other,BOULEVARD DE CHARONNE,M,48.85732022551513,2.8567041494083405
201800051819,NonLethal,2018-09-29,20:45:00,NightStreelightsOn,750,120,Yes,Square,Normal,Other,PLACE DE LA PORTE DE MON,M,,
201800051820,NonLethal,2018-01-10,14:05:00,Daylight,750,111,Yes,Square,Normal,2Vehicles-Side,AVENUE PHILIPPE AUGUSTE,M,48.85025530641055,2.849271471128466
201800051821,NonLethal,2018-02-10,18:45:00,NightStreelightsOn,750,112,Yes,X-type,LightRain,2Vehicles-Side,RUE DE LYON,M,48.84665430854061,2.846580246632714
201800051822,NonLethal,2018-10-03,20:30:00,NightStreelightsOn,750,111,Yes,X-type,Normal,2Vehicles-Side,RUE DE L ORILLON,M,48.8705118776242,2.8690892412935978
201800051823,NonLethal,2018-10-04,10:50:00,Daylight,750,111,Yes,NoIntersection,Normal,Other,RUE DE CHARONNE,M,48.85406713982053,2.855036545761645
201800051824,NonLethal,2018-10-04,13:25:00,Daylight,750,111,Yes,T-type,Normal,NoCollision,AVENUE PARMENTIER,M,48.869373843981165,2.8671408535245564
201800051825,NonLethal,2018-07-10,11:40:00,Daylight,750,111,Yes,Square,LightRain,Other,RUE DE LA ROQUETTE,M,48.057848275681714,2.057106595589696
201800051826,NonLethal,2018-07-10,13:10:00,Daylight,750,111,Yes,T-type,LightRain,2Vehicles-Side,AVENUE PARMENTIER,M,48.864820246168186,2.8640964276477274
201800051827,NonLethal,2018-10-07,18:30:00,Daylight,750,111,Yes,X-type,Overcast,Other,BOULEVARD VOLTAIRE,M,48.85921666513916,2.8598656513771346
201800051828,NonLethal,2018-10-08,08:50:00,Daylight,750,111,Yes,X-type,Normal,Other,AVENUE PARMENTIER,M,48.86436719051981,2.863802801800407
201800051829,NonLethal,2018-08-10,18:20:00,Daylight,750,111,Yes,T-type,Normal,NoCollision,RUE DE CHARONNE,M,48.85649733151673,2.855569016274988
201800051830,NonLethal,2018-09-10,17:50:00,Daylight,750,111,Yes,T-type,Normal,2Vehicles-Side,BOULEVARD DU TEMPLE,M,48.86701548117353,2.8675937302303054
201800051831,NonLethal,2018-10-11,14:30:00,Daylight,750,111,Yes,NoIntersection,Normal,Other,BOULEVARD BEAUMARCHAIS,M,48.8590908938247,2.859552946616424
201800051832,NonLethal,2018-12-10,13:45:00,Daylight,750,111,Yes,T-type,Overcast,Other,RUE OBERKAMPF,M,48.864610714567945,2.8671584124520413
201800051833,NonLethal,2018-10-15,00:04:00,NightStreelightsOn,750,111,Yes,X-type,Normal,Other,RUE SERVAN,M,48.86152070524636,2.860893924343108
201800051834,NonLethal,2018-10-15,10:35:00,Daylight,750,111,Yes,X-type,Normal,Other,AVENUE PARMENTIER,M,48.857034013640536,2.859275662390492
201800051835,NonLethal,2018-10-15,12:50:00,Daylight,750,111,Yes,MoreThan4Branches,Normal,Other,AVENUE DE LA REPUBLIQUE,M,48.85968864878272,2.8599843888347785
201800051836,NonLethal,2018-10-17,08:30:00,Daylight,750,111,Yes,T-type,Normal,2Vehicles-Side,CITE VOLTAIRE,M,48.86115472040375,2.860304687757192
201800051837,NonLethal,2018-10-17,16:40:00,Daylight,750,111,Yes,X-type,Normal,2Vehicles-Behind,RUE BASFROI,M,48.85639945712339,2.8568225064173283
201800051838,NonLethal,2018-10-17,20:20:00,NightStreelightsOn,750,111,Yes,X-type,Normal,2Vehicles-Side,BOULEVARD VOLTAIRE,M,48.85399383690335,2.850828638025669
201800051840,NonLethal,2018-10-18,16:13:00,Daylight,750,111,Yes,T-type,Normal,2Vehicles-Side,AVENUE PARMENTIER,M,48.86486720525959,2.862372523534101
201800051841,NonLethal,2018-10-19,09:20:00,Daylight,750,111,Yes,NoIntersection,Overcast,2Vehicles-Side,BOULEVARD RICHARD LENOIR,M,48.863834121565766,2.8664242695322897
201800051843,NonLethal,2018-10-24,15:20:00,Daylight,750,111,Yes,NoIntersection,Normal,2Vehicles-Side,AVENUE DE LA REPUBLIQUE,M,48.85224056250972,2.8527988178493398
201800051844,NonLethal,2018-10-29,20:25:00,NightStreelightsOn,750,111,Yes,MoreThan4Branches,Overcast,Other,RUE DU CHEMIN VERT,M,48.85721268778021,2.859118528013894
201800051845,NonLethal,2018-10-31,08:45:00,Daylight,750,111,Yes,NoIntersection,Normal,Other,RUE DE CHARONNE,M,48.85488135650933,2.8546992554022736
201800051846,NonLethal,2018-11-01,20:10:00,NightStreelightsOn,750,111,Yes,T-type,Overcast,2Vehicles-Side,AVENUE PARMENTIER,M,48.8585760798925,2.860234076827709
201800051847,NonLethal,2018-02-11,16:50:00,Daylight,750,111,Yes,T-type,Normal,NoCollision,RUE JEAN PIERRE TIMBAUD,M,48.854554199590815,2.85324448878035
201800051848,NonLethal,2018-11-03,14:00:00,Daylight,750,111,Yes,Square,Normal,2Vehicles-Side,PLACE DE LA BASTILLE,M,48.85309928506055,2.853895058744909
201800051849,NonLethal,2018-11-03,21:10:00,NightStreelightsOn,750,111,Yes,T-type,Normal,Other,RUE SAINT MAUR,M,48.86209151774365,2.862734950357939
201800051850,NonLethal,2018-11-04,17:45:00,TwilightOrDawn,750,111,Yes,X-type,Normal,Other,RUE DE CHARONNE,M,48.85704656348758,2.856242388271447
201800051853,NonLethal,2018-11-07,14:05:00,Daylight,750,111,Yes,X-type,LightRain,Other,AVENUE DE LA REPUBLIQUE,M,48.859437380978704,2.8590208608575547
201800051854,NonLethal,2018-11-07,14:00:00,Daylight,750,111,Yes,X-type,LightRain,NoCollision,AVENUE DE LA REPUBLIQUE,M,48.86507582742404,2.8641771516317798
201800051855,NonLethal,2018-11-08,10:00:00,Daylight,750,111,Yes,Square,Normal,Other,PLACE DE LA REPUBLIQUE,M,48.86841723585427,2.867419837776933
201800051856,NonLethal,2018-11-09,16:50:00,Daylight,750,111,Yes,X-type,Normal,Other,AVENUE PARMENTIER,M,48.85795754582117,2.8595848180011147
201800051857,NonLethal,2018-09-11,22:05:00,NightStreelightsOn,750,111,Yes,X-type,Normal,Other,BOULEVARD VOLTAIRE,M,48.864504401532415,2.8640090541492222
201800051858,NonLethal,2018-11-13,12:20:00,Daylight,750,111,Yes,T-type,Normal,3+Vehicles-Multiple,RUE SAINT MAUR,M,48.86225070716683,2.8605146567509574
201800051861,NonLethal,2018-11-13,05:25:00,NightStreelightsOn,750,111,Yes,X-type,Normal,2Vehicles-Side,BOULEVARD DES FILLES DU,M,48.86297544198349,2.8635793914805467
201800051862,NonLethal,2018-11-14,14:30:00,Daylight,750,111,Yes,X-type,Normal,2Vehicles-Side,RUE DE CHARONNE,M,48.85307297906324,2.852699410408539
201800051863,NonLethal,2018-11-18,13:00:00,Daylight,750,111,Yes,X-type,Overcast,Other,RUE SEDAINE,M,48.86116621373466,2.8596817955596228
201800051865,NonLethal,2018-11-19,17:20:00,NightStreelightsOn,750,111,Yes,NoIntersection,LightRain,Other,AVENUE DE LA REPUBLIQUE,M,48.861234822076725,2.862113296212318
201800051867,NonLethal,2018-11-20,21:35:00,NightStreelightsOn,750,111,Yes,T-type,Overcast,2Vehicles-Side,RUE DE CHARONNE,M,48.85781550739425,2.854785460141521
201800051868,NonLethal,2018-11-21,14:50:00,Daylight,750,111,Yes,NoIntersection,Normal,Other,BOULEVARD RICHARD LENOIR,M,48.86580275576751,2.8658210110490385
201800051870,NonLethal,2018-11-23,11:54:00,Daylight,750,111,Yes,NoIntersection,Normal,Other,RUE SAINT SEBASTIEN,M,48.86245831974326,2.86125708640934
201800051871,NonLethal,2018-11-25,05:00:00,NightStreelightsOn,750,111,Yes,T-type,LightRain,2Vehicles-Side,RUE CHANZY,M,48.85110174603532,2.848563307744576
201800051872,NonLethal,2018-11-26,08:25:00,Daylight,750,111,Yes,X-type,Overcast,Other,RUE OBERKAMPF,M,48.8625885413793,2.8629903939999
201800051873,NonLethal,2018-11-26,15:45:00,Daylight,750,111,Yes,X-type,LightRain,Other,BOULEVARD DU TEMPLE,M,48.86479222880556,2.8650994672994674
201800051874,NonLethal,2018-11-26,17:45:00,NightStreelightsOn,750,111,Yes,X-type,LightRain,Other,BOULEVARD VOLTAIRE,M,48.85028928016621,2.8512227067906646
201800051875,NonLethal,2018-11-27,17:25:00,NightStreelightsOff,750,111,Yes,T-type,LightRain,2Vehicles-Behind,RUE FAIDHERBE,M,48.859971603246095,2.8601551192938537
201800051876,NonLethal,2018-02-12,01:05:00,NightStreelightsOn,750,120,Yes,T-type,LightRain,Other,AVENUE GAMBETTA,M,48.86598192049623,2.864037590888677
201800051878,NonLethal,2018-12-08,02:50:00,NightStreelightsOn,750,111,Yes,X-type,Normal,2Vehicles-Side,BOULEVARD VOLTAIRE,M,48.85407421932467,2.8536751095338646
201800051879,NonLethal,2018-09-12,13:55:00,Daylight,750,111,Yes,X-type,LightRain,2Vehicles-Side,AVENUE PARMENTIER,M,48.85983123399951,2.8590490982461136
201800051880,NonLethal,2018-12-10,07:40:00,TwilightOrDawn,750,111,Yes,X-type,LightRain,Other,BOULEVARD DE MENILMONTAN,M,48.866122376815966,2.866746270988376
201800051881,NonLethal,2018-12-12,12:00:00,Daylight,750,111,Yes,X-type,Normal,2Vehicles-Side,RUE DE LA ROQUETTE,M,48.85785692491325,2.858037787397902
201800051884,NonLethal,2018-12-15,21:40:00,NightStreelightsOn,750,111,Yes,T-type,HeavyRain,Other,AVENUE PHILIPPE AUGUSTE,M,48.861861968475885,2.861236335380912
201800051885,NonLethal,2018-12-16,17:15:00,NightStreelightsOn,750,111,Yes,T-type,Normal,2Vehicles-Behind,RUE DU FAUBOURG SAINT AN,M,48.851385498261024,2.8501856574828714
201800051886,NonLethal,2018-12-16,21:00:00,NightStreelightsOn,750,111,Yes,T-type,Normal,Other,BOULEVARD DE MENILMONTAN,M,48.86746696201505,2.8633055444375737
201800051887,NonLethal,2018-12-17,11:10:00,Daylight,750,111,Yes,X-type,Normal,2Vehicles-Side,BOULEVARD RICHARD LENOIR,M,48.850857457453394,2.850274587381163
201800051888,NonLethal,2018-12-17,19:05:00,NightStreelightsOn,750,111,Yes,NoIntersection,Normal,NoCollision,RUE DU FAUBOURG SAINT AN,M,48.85177608621204,2.853165130046861
201800051889,NonLethal,2018-12-18,20:25:00,NightStreelightsOn,750,111,Yes,Y-type,Normal,Other,AVENUE DE LA REPUBLIQUE,M,48.86780796552923,2.86590776303144
201800051890,NonLethal,2018-12-19,09:40:00,Daylight,750,111,Yes,NoIntersection,Normal,2Vehicles-Side,AVENUE LEDRU ROLLIN,M,48.85232311665388,2.8506096086898465
201800051893,NonLethal,2018-12-21,03:10:00,NightStreelightsOn,750,111,Yes,Square,LightRain,NoCollision,BOULEVARD RICHARD LENOIR,M,48.85238463321137,2.853630807663356
201800051896,NonLethal,2018-12-22,18:30:00,NightStreelightsOn,750,111,Yes,Y-type,Normal,2Vehicles-Side,AVENUE DE LA REPUBLIQUE,M,48.8544369755551,2.853727135175818
201800051897,NonLethal,2018-12-23,21:25:00,NightStreelightsOn,750,111,Yes,T-type,LightRain,2Vehicles-Behind,BOULEVARD DES FILLES DU,M,48.86193275530936,2.86130930815162
201800051898,NonLethal,2018-12-26,17:30:00,NightStreelightsOn,750,111,Yes,X-type,Normal,2Vehicles-Side,RUE SAINT MAUR,M,48.86096801221316,2.8611550674130277
201800051899,NonLethal,2018-12-27,18:05:00,Daylight,750,111,Yes,T-type,Normal,Other,RUE DE CHARONNE,M,48.85090188177576,2.8529286923515214
201800051900,NonLethal,2018-12-27,21:00:00,NightStreelightsOn,750,111,Yes,X-type,Normal,Other,BOULEVARD VOLTAIRE,M,48.862026163054665,2.861544489284141
201800051902,NonLethal,2018-01-01,22:40:00,NightStreelightsOn,750,112,Yes,Y-type,LightRain,2Vehicles-Side,AVENUE DAUMESNIL,M,48.83969989244241,2.8400442627071603
201800051904,NonLethal,2018-01-10,03:30:00,NightStreelightsOn,750,112,Yes,X-type,LightRain,2Vehicles-Side,RUE JOSEPH KESSEL,M,48.83277366491855,2.832186871946213
201800051905,NonLethal,2018-01-11,18:35:00,TwilightOrDawn,750,112,Yes,Y-type,Normal,2Vehicles-Side,RUE DU GENERAL DE LANGLE,M,48.82934061363449,2.8286550385361733
201800051907,NonLethal,2018-01-13,10:15:00,Daylight,750,112,Yes,Y-type,Normal,2Vehicles-Behind,SOUTERRAIN VAN GOGH,M,48.84248539242063,2.8425907433851765
201800051908,NonLethal,2018-01-14,15:30:00,Daylight,750,112,Yes,Square,Normal,2Vehicles-Side,"1, PLACE EDOUARD RENARD",M,48.83576934975608,2.8357916002736148
201800051912,NonLethal,2018-01-18,17:50:00,NightStreelightsOn,750,112,Yes,T-type,Normal,NoCollision,"97, AVENUE DAUMESNIL",M,48.84547547584087,2.84575437617678
201800051913,NonLethal,2018-01-20,10:25:00,Daylight,750,112,Yes,T-type,LightRain,NoCollision,"75, AVENUE DAUMESNIL",M,48.847206391464056,2.8468618054122863
201800051914,NonLethal,2018-01-21,15:10:00,Daylight,750,112,Yes,Y-type,HeavyRain,2Vehicles-Side,RUE DU GENERAL DE LANGLE,M,48.829639376311256,2.828838876113805
201800051916,NonLethal,2018-01-24,19:25:00,NightStreelightsOn,750,112,Yes,X-type,Normal,Other,"80, AVENUE DAUMESNIL",M,48.842399319927054,2.845670129249316
201800051917,NonLethal,2018-01-24,21:28:00,NightStreelightsOn,750,112,Yes,X-type,Normal,2Vehicles-BehindVehicles-Frontal,"33, RUE DE REUILLY",M,48.8480990020252,2.8480756349582887
201800051919,NonLethal,2018-01-25,06:45:00,NightStreelightsOn,750,112,Yes,X-type,LightRain,Other,"24, RUE CHALIGNY",M,48.847010605564535,2.8459716548074656
201800051920,NonLethal,2018-01-25,19:30:00,NightStreelightsOn,750,112,Yes,T-type,LightRain,Other,"18BIS, BOULEVARD DE LA B",M,48.84863711310848,2.848865561705638
201800051921,NonLethal,2018-01-26,07:10:00,Daylight,750,112,Yes,Y-type,Overcast,Other,AVENUE DU TREMBLAY,M,48.83831660611148,2.838661863095436
201800051923,NonLethal,2018-01-27,15:15:00,Daylight,750,112,Yes,NoIntersection,Normal,2Vehicles-Behind,"4 BIS, RUE DE LYON",M,48.84537512269804,2.8463403020356104
201800051924,NonLethal,2018-01-27,20:08:00,NightStreelightsOn,750,112,Yes,NoIntersection,Normal,Other,"278, RUE DU FAUBOURG SAI",M,48.84867411738203,2.847501047765589
201800051925,NonLethal,2018-01-28,18:20:00,NightStreelightsOn,750,112,Yes,X-type,Normal,2Vehicles-Side,RUE JOSEPH KESSEL,M,48.83285091020666,2.834087796812873
201800051926,NonLethal,2018-01-29,19:35:00,NightStreelightsOn,750,112,Yes,T-type,Normal,2Vehicles-Side,"21, RUE DE PICPUS",M,48.84583751308145,2.845777987559609
201800051927,NonLethal,2018-01-30,17:35:00,NightStreelightsOn,750,112,Yes,NoIntersection,Normal,2Vehicles-Side,BOULEVARD DE BERCY,M,48.83995427625258,2.8396939959270453
201800051928,NonLethal,2018-01-31,10:20:00,Daylight,750,112,Yes,X-type,LightRain,Other,"107, RUE DE REUILLY",M,48.841843169982695,2.8392807287120654
201800051930,NonLethal,2018-01-31,20:15:00,NightStreelightsOn,750,112,Yes,X-type,LightRain,2Vehicles-Side,"72, BOULEVARD DIDEROT",M,48.84570546918691,2.8449717928556937
201800051931,NonLethal,2018-06-02,00:01:00,NightStreelightsOn,750,111,Yes,T-type,LightRain,Other,"16, AVENUE DE BOUVINES",M,48.85242255824729,2.851096164475948
201800051932,NonLethal,2018-02-06,08:35:00,Daylight,750,112,Yes,NoIntersection,SnowOrHail,2Vehicles-Behind,ROUTE DE LA PYRAMIDE,M,48.83371250021896,2.8340908450377107
201800051934,NonLethal,2018-10-02,16:45:00,Daylight,750,112,Yes,NoIntersection,Overcast,Other,"44, BOULEVARD DIDEROT",M,48.844449786539016,2.8461875280120315
201800051936,NonLethal,2018-02-12,05:50:00,NightStreelightsOn,750,111,Yes,Square,Normal,NoCollision,"1, PLACE DE LA NATION",M,48.848006343043984,2.8466527419065435
201800051937,NonLethal,2018-12-02,08:10:00,Daylight,750,112,Yes,Square,Normal,NoCollision,"8, PLACE FELIX EBOUE",M,48.83782740110647,2.839751502091928
201800051938,NonLethal,2018-02-14,10:50:00,Daylight,750,112,Yes,Square,Normal,NoCollision,"/, PLACE DE LA NATION",M,48.84681817296982,2.848269881508912
201800051939,NonLethal,2018-02-14,18:00:00,NightStreelightsOn,750,112,Yes,X-type,Normal,2Vehicles-Side,"96, QUAI DE LA RAPEE",M,48.84655148007843,2.8465376781566287
201800051940,NonLethal,2018-02-15,14:45:00,Daylight,750,112,Yes,Y-type,LightRain,Other,"10, RUE DE PRAGUE",M,48.851093017073,2.849345266326492
201800051941,NonLethal,2018-02-16,08:50:00,Daylight,750,112,Yes,T-type,Normal,2Vehicles-Side,"123, RUE DE REUILLY",M,48.83953864004237,2.8415512307229367
201800051942,NonLethal,2018-02-16,15:45:00,Daylight,750,112,Yes,T-type,Normal,Other,"34, AVENUE DU DOCTEUR AR",M,48.84490926839021,2.842515245132274
201800051943,NonLethal,2018-02-17,00:30:00,NightStreelightsOn,750,112,Yes,NoIntersection,Normal,Other,AVENUE DAUMESNIL,M,48.83473895527927,2.8364689269429424
201800051944,NonLethal,2018-02-17,16:55:00,TwilightOrDawn,750,112,Yes,Y-type,Normal,2Vehicles-Behind,RUE ESCOFFIER,M,48.826876539629225,2.8268701816442303
201800051945,NonLethal,2018-02-18,15:20:00,Daylight,750,112,Yes,NoIntersection,Normal,2Vehicles-Side,RUE JOSEPH KESSEL,M,48.83447368180502,2.833725649319956
201800051946,NonLethal,2018-02-18,16:45:00,Daylight,750,112,Yes,MoreThan4Branches,VeryGood,Other,BOULEVARD PONIATOWSKI,M,48.83480448803347,2.834744803257346
201800051947,NonLethal,2018-02-18,19:24:00,NightStreelightsOn,750,112,Yes,Y-type,Normal,2Vehicles-Behind,AVENUE DE SAINT MAURICE,M,48.82753268975758,2.825366331552767
201800051948,NonLethal,2018-02-20,09:00:00,Daylight,750,112,Yes,NoIntersection,Overcast,2Vehicles-Behind,QUAI DE BERCY,M,48.83585427782921,2.8353355675529808
201800051949,NonLethal,2018-03-02,10:05:00,Daylight,750,112,Yes,T-type,LightRain,Other,"52, BOULEVARD DIDEROT",M,48.84606493067621,2.8461709026476214
201800051950,NonLethal,2018-03-02,18:40:00,NightStreelightsOn,750,112,Yes,X-type,Normal,2Vehicles-Side,"/, PONT D AUSTERLITZ",M,48.84642729211488,2.845214659318422
201800051951,NonLethal,2018-03-03,15:40:00,Daylight,750,112,Yes,NoIntersection,Normal,2Vehicles-Side,ROUTE DE LA PYRAMIDE,M,48.836222499716754,2.83717634737444
201800051952,NonLethal,2018-08-03,06:30:00,TwilightOrDawn,750,111,Yes,T-type,Overcast,2Vehicles-BehindVehicles-Frontal,"79, RUE DU FAUBOURG SAIN",M,48.85087798319554,2.85285042905374
201800051953,NonLethal,2018-03-09,08:15:00,Daylight,750,112,Yes,X-type,LightRain,2Vehicles-Side,"155, RUE DE BERCY",M,48.84257277653709,2.841689779534681
201800051954,NonLethal,2018-03-09,09:45:00,Daylight,750,112,Yes,X-type,LightRain,Other,"58, QUAI DE LA RAPEE",M,48.843924163529714,2.842393519595225
201800051956,NonLethal,2018-03-10,11:20:00,Daylight,750,112,Yes,T-type,LightRain,Other,"33, BOULEVARD PONIATOWSK",M,48.83377783827783,2.832864771892998
201800051958,NonLethal,2018-03-12,16:15:00,Daylight,750,112,Yes,T-type,Normal,Other,"32, QUAI DE LA RAPEE",M,48.84042478049077,2.83998380415326
201800051959,NonLethal,2018-03-13,15:10:00,Daylight,750,112,Yes,X-type,Normal,2Vehicles-Behind,RUE PROUDHON,M,48.8382347698256,2.83697004052932
201800051960,NonLethal,2018-03-16,12:45:00,Daylight,750,112,Yes,X-type,HeavyRain,2Vehicles-Side,"01, RUE DE DIJON",M,48.83412406230772,2.8350713756585613
201800051961,NonLethal,2018-03-17,16:34:00,Daylight,750,112,Yes,X-type,SnowOrHail,2Vehicles-Side,"78, AVENUE LEDRU ROLLIN",M,48.85128304676209,2.849614554232532
201800051963,NonLethal,2018-03-18,22:45:00,NightStreelightsOn,750,112,Yes,NoIntersection,SnowOrHail,2Vehicles-Side,"l2, RUE DU FAUBOURG SAIN",M,48.85368721659793,2.852729053580178
201800051965,NonLethal,2018-03-20,12:50:00,Daylight,750,112,Yes,X-type,Normal,2Vehicles-Side,"50, BOULEVARD DIDEROT",M,48.84680016655621,2.845091512585528
201800051966,NonLethal,2018-03-21,09:05:00,Daylight,750,112,Yes,T-type,Normal,2Vehicles-Side,AVENUE DAUMESNIL,M,48.84734198300523,2.849217283749294
201800051967,NonLethal,2018-03-21,12:25:00,Daylight,750,112,Yes,Y-type,Normal,2Vehicles-Behind,QUAI DE BERCY,M,48.83700080100216,2.8361619348795823
201800051968,NonLethal,2018-03-23,19:30:00,NightStreelightsOn,750,112,Yes,X-type,Normal,2Vehicles-Side,AVENUE DAUMESNIL,M,48.848911503366296,2.8483656512135256
201800051969,NonLethal,2018-03-24,15:40:00,Daylight,750,112,Yes,NoIntersection,Normal,2Vehicles-BehindVehicles-Frontal,"53, AVENUE DE SAINT MAUR",M,48.832110389978126,2.8293120469743824
201800051970,NonLethal,2018-03-24,19:45:00,NightNoStreetLight,750,112,Yes,NoIntersection,Normal,Other,"60, COURS DE VINCENNES",M,48.84567602164788,2.8463735952046525
201800051971,NonLethal,2018-03-25,19:45:00,Daylight,750,112,Yes,Y-type,Normal,2Vehicles-Side,"78, RUE DE BERCY",M,48.8388522965183,2.8371922866337966
201800051972,NonLethal,2018-03-25,20:35:00,NightStreelightsOn,750,112,Yes,NoIntersection,Normal,Other,"17, RUE PARROT",M,48.848029360623165,2.846932070723074
201800051973,NonLethal,2018-03-27,13:10:00,Daylight,750,112,Yes,T-type,LightRain,Other,"246, RUE DU FAUBOURG SAI",M,48.84877532797836,2.851134703571512
201800051974,NonLethal,2018-03-27,23:40:00,NightStreelightsOn,750,111,Yes,Y-type,Normal,2Vehicles-Side,"9, AVENUE DE LA REPUBLIQ",M,48.86664828853407,2.866202937045629
201800051975,NonLethal,2018-03-29,08:15:00,Daylight,750,112,Yes,Square,Normal,Other,"23, RUE FABRE D EGLANTIN",M,48.84752502238749,2.8473145310972856
201800051976,NonLethal,2018-03-30,14:10:00,Daylight,750,112,Yes,NoIntersection,Overcast,Other,"80, BOULEVARD DE PICPUS",M,48.84513616020201,2.8451627117150187
201800051977,NonLethal,2018-03-31,13:36:00,Daylight,750,112,Yes,MoreThan4Branches,Normal,2Vehicles-Behind,RUE DE LYON,M,48.84569602721837,2.847194223704925
201800051978,NonLethal,2018-04-01,16:20:00,Daylight,750,112,Yes,X-type,Normal,Other,"237, RUE DE CHARENTON",M,48.83611829120678,2.837950602124845
201800051980,NonLethal,2018-04-06,09:10:00,Daylight,750,112,Yes,X-type,Normal,2Vehicles-Side,QUAI DE LA RAPEE,M,48.842453000125936,2.8437985384946067
201800051982,NonLethal,2018-04-07,12:05:00,Daylight,750,112,Yes,X-type,Normal,Other,RUE DU FAUBOURG SAINT AN,M,48.85189495904976,2.8508140533005766
201800051983,NonLethal,2018-07-04,20:10:00,TwilightOrDawn,750,112,Yes,Roundabout,Normal,2Vehicles-Behind,CARREFOUR DE BEAUTE,M,48.829147026158985,2.8269431813993604
201800051984,NonLethal,2018-07-04,20:30:00,TwilightOrDawn,750,112,Yes,NoIntersection,Normal,Other,BOULEVARD PERIPHERIQUE E,M,48.84463319689918,2.8465730205127704
201800051985,NonLethal,2018-04-08,23:45:00,NightStreelightsOn,750,112,Yes,NoIntersection,Normal,Other,"20BIS, BOULEVARD DE LA B",M,48.84929521478746,2.8495892996503303
201800051986,NonLethal,2018-04-10,07:10:00,Daylight,750,112,Yes,NoIntersection,Normal,2Vehicles-Behind,QUAI DE BERCY,M,48.83910234645784,2.835467204645026
201800051987,NonLethal,2018-10-04,09:40:00,Daylight,750,112,Yes,NoIntersection,Normal,NoCollision,"59, BOULEVARD PONIATOWSK",M,48.83196240123464,2.8319594606586964
201800051988,NonLethal,2018-10-04,21:15:00,NightStreelightsOn,750,112,Yes,NoIntersection,LightRain,2Vehicles-Side,"l04, ROUTE DE LA PYRAMID",M,48.83649994533385,2.8382202098195584
201800051989,NonLethal,2018-11-04,11:10:00,Daylight,750,112,Yes,Y-type,Normal,Other,"253 BIS, AVENUE DAUMESNI",M,48.8382669918365,2.836724582969427
201800051991,NonLethal,2018-11-04,20:50:00,NightStreelightsOn,750,112,Yes,T-type,Normal,Other,"l48, AVENUE DAUMESNIL",M,48.839311264691126,2.8421759990482247