AccidentId,Gravity,Date,Hour,Light,Department,Commune,InAgglomeration,IntersectionType,Weather,CollisionType,PostalAddress,GPSCode,Latitude,Longitude
201800051993,NonLethal,2018-04-12,19:00:00,Daylight,750,112,Yes,Square,LightRain,Other,ROUTE DE LA PYRAMIDE,M,48.83482602991652,2.8335010043165827
201800051994,NonLethal,2018-04-14,04:10:00,NightStreelightsOn,750,112,Yes,NoIntersection,Normal,2Vehicles-BehindVehicles-Frontal,ROUTE DE LA PYRAMIDE,M,48.82389435397316,2.8251040387930866
201800051997,NonLethal,2018-04-16,22:30:00,NightStreelightsOn,750,112,Yes,T-type,Normal,Other,"29, BOULEVARD DE REUILLY",M,48.83706671046019,2.840386868652511
201800051998,NonLethal,2018-04-17,17:30:00,Daylight,750,112,Yes,Square,Normal,Other,CARREFOUR DE PYRAMIDE,M,48.83478385112536,2.834293709063109
201800051999,NonLethal,2018-04-19,17:00:00,Daylight,750,112,Yes,MoreThan4Branches,Normal,2Vehicles-Side,BOULEVARD PONIATOWSKI,M,48.83190339573836,2.8310200343804093
201800052000,NonLethal,2018-04-19,23:43:00,NightStreelightsOn,750,112,Yes,Square,Normal,2Vehicles-Side,PLACE DE LA BASTILLE,M,48.85171547551751,2.854236188799839
201800052001,NonLethal,2018-04-20,23:35:00,NightStreelightsOn,750,112,Yes,T-type,Normal,2Vehicles-BehindVehicles-Frontal,AVENUE DAUMESNIL,M,48.83396242083781,2.833329956371583
201800052003,NonLethal,2018-04-21,18:20:00,Daylight,750,112,Yes,NoIntersection,Normal,3+Vehicles-Multiple,QUAI DE BERCY,M,48.8356878910073,2.8354685155662094
201800052004,NonLethal,2018-04-21,20:20:00,Daylight,750,112,Yes,NoIntersection,Normal,3+Vehicles-Chain,"XII-13549, QUAI DE BERCY",M,48.83947645406264,2.8370337422784777
201800052005,NonLethal,2018-04-21,20:30:00,TwilightOrDawn,750,112,Yes,Y-type,Normal,2Vehicles-Side,QUAI DE BERCY,M,48.82832085434357,2.827747945910509
201800052006,NonLethal,2018-04-22,01:45:00,NightStreelightsOn,750,112,Yes,MoreThan4Branches,Normal,2Vehicles-Side,AVENUE DE SAINT MANDE,M,48.84296579758378,2.8440655865472597
201800052008,NonLethal,2018-04-23,09:10:00,Daylight,750,112,Yes,NoIntersection,Normal,2Vehicles-Behind,"100, QUAI DE LA RAPEE",M,48.84594520650065,2.8457233453296458
201800052009,NonLethal,2018-04-23,19:25:00,Daylight,750,112,Yes,NoIntersection,Normal,2Vehicles-Side,ROUTE DE CEINTURE DU LAC,M,48.83294715429208,2.8306158743483514
201800052010,NonLethal,2018-04-24,18:30:00,Daylight,750,112,Yes,NoIntersection,Normal,2Vehicles-Side,"59, BOULEVARD PONIATOWSK",M,48.83342062472093,2.831634267448073
201800052012,NonLethal,2018-04-26,21:55:00,NightStreelightsOn,750,112,Yes,NoIntersection,Normal,2Vehicles-Side,"61, AVENUE DE SAINT MAND",M,48.84582437006086,2.845601369618818
201800052013,NonLethal,2018-04-27,21:30:00,NightStreelightsOn,750,112,Yes,T-type,Normal,2Vehicles-Side,"11, AVENUE DU DOCTEUR AR",M,48.84284327483772,2.840694094740326
201800052014,NonLethal,2018-04-28,21:00:00,NightStreelightsOff,750,112,Yes,T-type,Normal,2Vehicles-Side,"259 BIS, AVENUE DAUMESNI",M,48.83822878559298,2.837689864778925
201800052016,NonLethal,2018-04-30,12:50:00,Daylight,750,112,Yes,NoIntersection,HeavyRain,2Vehicles-Behind,AVENUE DE NOGENT,M,48.84161919125722,2.8403721539215203
201800052017,NonLethal,2018-04-30,14:35:00,Daylight,750,112,Yes,X-type,HeavyRain,Other,"269, RUE DE CHARENTON",M,48.835486089212,2.8371757133978623
201800052018,NonLethal,2018-04-30,18:30:00,Daylight,750,112,Yes,T-type,LightRain,Other,"259, AVENUE DAUMESNIL",M,48.83846303789848,2.8366518099537954
201800052021,NonLethal,2018-05-03,17:20:00,Daylight,750,112,Yes,NoIntersection,Normal,2Vehicles-Behind,"97, RUE DE REUILLY",M,48.84378663882175,2.8434375928089755
201800052022,NonLethal,2018-05-04,08:30:00,Daylight,750,112,Yes,NoIntersection,Normal,2Vehicles-Side,AVENUE DU TREMBLAY,M,48.83355360734401,2.8343529245900143
201800052024,NonLethal,2018-04-05,09:30:00,Daylight,750,112,Yes,Square,Normal,2Vehicles-Side,ESPLANADE SAINT LOUIS,M,48.84125351607831,2.8404870888614377
201800052025,NonLethal,2018-05-05,10:10:00,Daylight,750,112,Yes,NoIntersection,Normal,NoCollision,AVENUE DAUMESNIL,M,48.83300975313148,2.8335598250776823
201800052027,NonLethal,2018-06-05,17:40:00,Daylight,750,112,Yes,NoIntersection,Normal,2Vehicles-Behind,"78, QUAI DE LA RAPEE",M,48.845155964227146,2.8427836752084263
201800052028,NonLethal,2018-05-07,13:00:00,Daylight,750,112,Yes,NoIntersection,Normal,Other,RUE PROUDHON,M,48.83758913040128,2.837965452992468
201800052029,NonLethal,2018-05-08,00:10:00,NightStreelightsOn,750,112,Yes,X-type,Normal,Other,"33, RUE DE REUILLY",M,48.84738045339844,2.8481790241789677
201800052030,NonLethal,2018-09-05,09:30:00,Daylight,750,112,Yes,NoIntersection,Normal,Other,"48, QUAI DE LA RAPEE",M,48.84122652894816,2.842427657952181
201800052032,NonLethal,2018-09-05,21:10:00,TwilightOrDawn,750,112,Yes,X-type,Normal,2Vehicles-Side,RUE PROUDHON,M,48.836223643117606,2.8369093902540925
201800052033,NonLethal,2018-05-11,19:10:00,Daylight,750,112,Yes,NoIntersection,Normal,2Vehicles-Behind,AVENUE DE NOGENT,M,48.84052585904228,2.8384934088756477
201800052034,NonLethal,2018-05-11,20:40:00,Daylight,750,112,Yes,NoIntersection,Normal,2Vehicles-Side,"7, AVENUE DU GENERAL LAP",M,48.83317658937664,2.8336500254060524
201800052035,NonLethal,2018-05-14,18:30:00,Daylight,750,112,Yes,NoIntersection,LightRain,2Vehicles-Side,ROUTE DE LA PYRAMIDE,M,48.829934624781,2.8301622505751185
201800052036,NonLethal,2018-05-15,09:15:00,Daylight,750,112,Yes,NoIntersection,Overcast,2Vehicles-BehindVehicles-Frontal,ROUTE DE CEINTURE DU LAC,M,48.83129861239967,2.8309720202548005
201800052037,NonLethal,2018-05-16,00:01:00,NightStreelightsOn,750,112,Yes,Square,Normal,2Vehicles-Side,ESPLANADE SAINT LOUIS,M,48.84148238767463,2.84132981406862
201800052039,NonLethal,2018-05-22,14:00:00,Daylight,750,111,Yes,NoIntersection,Overcast,2Vehicles-Side,"190, RUE DU FAUBOURG SAI",M,48.84977711102639,2.850508196651267
201800052040,NonLethal,2018-05-27,01:40:00,NightStreelightsOn,750,112,Yes,T-type,Normal,2Vehicles-Side,"l50, BOULEVARD DIDEROT",M,48.84826649375827,2.848000160264197
201800052041,NonLethal,2018-05-28,08:23:00,Daylight,750,112,Yes,Square,Normal,2Vehicles-Side,"5, PLACE LACHAMBEAUDIE",M,48.83651980486955,2.835659702011769
201800052042,NonLethal,2018-05-28,08:00:00,Daylight,750,112,Yes,NoIntersection,Normal,2Vehicles-Side,"97, RUE DE REUILLY",M,48.84260863700987,2.843003246515728
201800052043,NonLethal,2018-05-29,12:00:00,Daylight,750,112,Yes,Y-type,LightRain,Other,AVENUE DE NOGENT,M,48.84345671995295,2.8436918944425167
201800052044,NonLethal,2018-05-30,09:00:00,Daylight,750,112,Yes,NoIntersection,Normal,2Vehicles-Behind,PONT D AUSTERLITZ,M,48.84486399770956,2.8469828315784094
201800052046,NonLethal,2018-05-30,20:00:00,Daylight,750,112,Yes,X-type,Normal,2Vehicles-Side,"211, RUE DE BERCY",M,48.84467299829552,2.8444542952464364
201800052048,NonLethal,2018-06-01,13:15:00,Daylight,750,112,Yes,X-type,Normal,Other,SOUTERRAIN VAN GOGH,M,48.84461828378754,2.8457170142328017
201800052049,NonLethal,2018-06-01,17:10:00,Daylight,750,112,Yes,NoIntersection,Normal,3+Vehicles-Chain,QUAI DE BERCY,M,48.83455889164281,2.8339953895141328
201800052050,NonLethal,2018-01-06,19:40:00,Daylight,750,112,Yes,T-type,Normal,2Vehicles-Side,AVENUE DE NOGENT,M,48.84254056771584,2.842115438733626
201800052051,NonLethal,2018-02-06,20:15:00,Daylight,750,112,Yes,X-type,Normal,Other,RUE DE REUILLY,M,48.84671678418931,2.8490695685014127
201800052052,NonLethal,2018-02-06,21:10:00,TwilightOrDawn,750,112,Yes,X-type,Normal,2Vehicles-Side,AVENUE LEDRU ROLLIN,M,48.84714695210848,2.848147007702892
201800052053,NonLethal,2018-06-05,14:25:00,Daylight,750,112,Yes,X-type,Normal,2Vehicles-Behind,RUE VAN GOGH,M,48.841902647533566,2.842774259932501
201800052054,NonLethal,2018-06-06,08:10:00,Daylight,750,112,Yes,Y-type,LightRain,2Vehicles-Side,AVENUE DE SAINT MAURICE,M,48.82552276180377,2.8274977778327206
201800052055,NonLethal,2018-06-06,09:35:00,Daylight,750,112,Yes,X-type,LightRain,2Vehicles-Side,RUE JOSEPH KESSEL,M,48.83497734251672,2.836354036688384
201800052056,NonLethal,2018-06-06,14:45:00,Daylight,750,112,Yes,T-type,Normal,2Vehicles-Side,ROUTE DU PESAGE,M,48.82015135710695,2.821327785419922
201800052057,NonLethal,2018-06-07,11:15:00,Daylight,750,112,Yes,X-type,Normal,2Vehicles-Side,"90, BOULEVARD DIDEROT",M,48.84495748781784,2.848699986978949
201800052058,NonLethal,2018-08-06,21:19:00,NightStreelightsOff,750,112,Yes,NoIntersection,Normal,2Vehicles-Side,QUAI DE BERCY,M,48.83361957548526,2.830848309395461
201800052059,NonLethal,2018-10-06,00:40:00,NightStreelightsOn,750,112,Yes,NoIntersection,Normal,2Vehicles-BehindVehicles-Frontal,"107, ROUTE DE LA PYRAMID",M,48.839655270010525,2.8389230065969624
201800052060,NonLethal,2018-06-13,13:30:00,Daylight,750,112,Yes,NoIntersection,Overcast,2Vehicles-Behind,"42, RUE DU FAUBOURG SAIN",M,48.85390377589813,2.850966171900412
201800052062,NonLethal,2018-11-06,15:20:00,Daylight,750,112,Yes,NoIntersection,Overcast,2Vehicles-Side,"76, AVENUE DE SAINT MAUR",M,48.830406862797474,2.8296051752291107
201800052063,NonLethal,2018-06-15,10:00:00,Daylight,750,112,Yes,NoIntersection,Normal,2Vehicles-Side,"96, AVENUE DU GENERAL MI",M,48.83905126310455,2.8376415517873266
201800052064,NonLethal,2018-06-15,16:35:00,Daylight,750,112,Yes,NoIntersection,Normal,NoCollision,"41, ALLEE VIVALDI",M,48.84252855184028,2.8417978086196896
201800052065,NonLethal,2018-06-14,08:30:00,Daylight,750,112,Yes,X-type,Normal,NoCollision,BOULEVARD SOULT,M,48.84642923207282,2.8437784288106567
201800052067,NonLethal,2018-06-17,10:00:00,Daylight,750,112,Yes,T-type,Normal,2Vehicles-Side,AVENUE DAUMESNIL,M,48.840468995962574,2.840286651075419
201800052068,NonLethal,2018-06-18,14:00:00,Daylight,750,112,Yes,X-type,Normal,Other,"68, QUAI DE LA RAPEE",M,48.84431791746589,2.843583284295604
201800052069,NonLethal,2018-06-18,22:30:00,NightStreelightsOn,750,112,Yes,X-type,VeryGood,2Vehicles-Side,"239, RUE DE CHARENTON",M,48.838249619031465,2.8375348227828305
201800052070,NonLethal,2018-06-14,12:05:00,Daylight,750,112,Yes,X-type,Normal,2Vehicles-Side,"90, AVENUE DAUMESNIL",M,48.84253191138091,2.8453049397728263
201800052071,NonLethal,2018-06-21,08:30:00,Daylight,750,112,Yes,Square,Normal,2Vehicles-Side,"9, PLACE FELIX EBOUE",M,48.84129896402725,2.8399961052555662
201800052072,NonLethal,2018-06-21,18:20:00,Daylight,750,112,Yes,X-type,Normal,2Vehicles-Side,QUAI DE BERCY,M,48.83914133211069,2.8402362687232845
201800052073,NonLethal,2018-06-21,19:15:00,Daylight,750,112,Yes,NoIntersection,Normal,2Vehicles-Side,QUAI DE BERCY,M,48.83742948803355,2.8369686942680667
201800052074,NonLethal,2018-06-22,11:30:00,Daylight,750,112,Yes,Square,Normal,2Vehicles-Side,ESPLANADE SAINT LOUIS,M,48.839746471696834,2.842849046997228
201800052075,NonLethal,2018-06-22,15:40:00,Daylight,750,112,Yes,NoIntersection,Normal,2Vehicles-Side,"92, RUE DE REUILLY",M,48.84157568218282,2.8416204825387776
201800052077,NonLethal,2018-06-22,17:45:00,TwilightOrDawn,750,112,Yes,X-type,Normal,Other,ROUTE DE LA FERME,M,48.8263470814368,2.8261175666613627
201800052079,NonLethal,2018-06-25,13:50:00,Daylight,750,112,Yes,X-type,Normal,2Vehicles-Side,RUE DE RAMBOUILLET,M,48.84197435731001,2.8432971167803305
201800052080,NonLethal,2018-06-26,23:15:00,NightStreelightsOn,750,112,Yes,X-type,Normal,2Vehicles-Behind,BOULEVARD SOULT,M,48.84470619736621,2.8441557418976093
201800052081,NonLethal,2018-06-28,08:10:00,Daylight,750,112,Yes,T-type,Normal,2Vehicles-Behind,AVENUE DAUMESNIL,M,48.84124337241248,2.84055307875636
201800052082,NonLethal,2018-06-29,16:28:00,Daylight,750,112,Yes,NoIntersection,Normal,NoCollision,QUAI DE LA RAPEE,M,48.83994797171806,2.839664473285812
201800052083,NonLethal,2018-06-30,01:30:00,NightStreelightsOn,750,112,Yes,NoIntersection,Normal,2Vehicles-Behind,AVENUE DE NOGENT,M,48.83820795597951,2.840170981971992
201800052084,NonLethal,2018-06-30,15:25:00,Daylight,750,112,Yes,X-type,Normal,NoCollision,"39, RUE DE REUILLY",M,48.84758458764176,2.8473372040461187
201800052085,NonLethal,2018-07-01,15:40:00,Daylight,750,112,Yes,NoIntersection,Normal,3+Vehicles-Chain,AVENUE DE SAINT MAURICE,M,48.83196586862408,2.831071565629728
201800052086,NonLethal,2018-07-01,17:30:00,Daylight,750,112,Yes,X-type,Normal,2Vehicles-Side,BOULEVARD PONIATOWSKI,M,48.83518434558342,2.834255435418738
201800052087,NonLethal,2018-07-02,03:20:00,NightStreelightsOn,750,112,Yes,NoIntersection,Normal,Other,AVENUE DE SAINT MAURICE,M,48.83390620995375,2.834139965273298
201800052088,NonLethal,2018-07-02,15:40:00,Daylight,750,112,Yes,NoIntersection,Normal,Other,"66, AVENUE LEDRU ROLLIN",M,48.84749624299327,2.8504162455187085
201800052089,NonLethal,2018-02-07,18:25:00,Daylight,750,120,Yes,NoIntersection,Normal,2Vehicles-Side,"8, RUE DES PYRENEES",M,48.84766545986496,2.847841044029879
201800052090,NonLethal,2018-07-03,08:45:00,Daylight,750,112,Yes,NoIntersection,Normal,Other,AVENUE DAUMESNIL,M,48.83828613875903,2.838102430127718
201800052091,NonLethal,2018-03-07,16:15:00,Daylight,750,112,Yes,MoreThan4Branches,Normal,2Vehicles-Side,"52, AVENUE DU DOCTEUR AR",M,48.84548611439852,2.843953772918548
201800052092,NonLethal,2018-04-07,16:15:00,Daylight,750,112,Yes,T-type,Normal,NoCollision,"93, RUE DE REUILLY",M,48.84322194331049,2.843057461019631
201800052093,NonLethal,2018-07-06,12:45:00,Daylight,750,112,Yes,X-type,Normal,NoCollision,"86, BOULEVARD DE REUILLY",M,48.83906462996586,2.8406050726202148
201800052095,NonLethal,2018-07-07,16:35:00,Daylight,750,112,Yes,T-type,Normal,2Vehicles-Behind,"10, AVENUE DAUMESNIL",M,48.848761134068326,2.8478919866725203
201800052096,NonLethal,2018-08-07,10:00:00,Daylight,750,112,Yes,Y-type,Normal,2Vehicles-Behind,"148, AVENUE DAUMESNIL",M,48.84132161632777,2.841315006819525
201800052097,NonLethal,2018-09-07,00:45:00,NightStreelightsOn,750,112,Yes,X-type,Normal,2Vehicles-Side,BOULEVARD PONIATOWSKI,M,48.82820542053229,2.8285528016063566
201800052098,NonLethal,2018-09-07,18:15:00,Daylight,750,112,Yes,NoIntersection,Normal,Other,"193, RUE DE BERCY",M,48.84357293082341,2.841070514420659
201800052099,NonLethal,2018-07-10,11:15:00,Daylight,750,112,Yes,NoIntersection,Normal,Other,"245, AVENUE DAUMESNIL",M,48.83823702192224,2.8357970465514684
201800052100,NonLethal,2018-07-11,00:01:00,NightStreelightsOn,750,112,Yes,NoIntersection,Normal,2Vehicles-Behind,ROUTE DE LA PYRAMIDE,M,48.83381138675897,2.8314779868191584
201800052101,NonLethal,2018-07-12,09:30:00,Daylight,750,112,Yes,NoIntersection,Normal,2Vehicles-Side,"36, RUE DE PICPUS",M,48.84318072775073,2.845377586449358
201800052102,NonLethal,2018-07-17,18:00:00,Daylight,750,112,Yes,Y-type,Normal,2Vehicles-Side,AVENUE DE SAINT MAURICE,M,48.82554953283024,2.8231949551340985
201800052103,NonLethal,2018-07-18,21:30:00,TwilightOrDawn,750,112,Yes,NoIntersection,Normal,2Vehicles-Side,ROUTE DE LA TOURELLE,M,48.82073359096829,2.821087823135981
201800052104,NonLethal,2018-07-19,21:30:00,NightStreelightsOn,750,112,Yes,T-type,Normal,Other,RUE ROBERT ETLIN,M,48.82848799419661,2.8296105365513
201800052105,NonLethal,2018-07-20,08:00:00,Daylight,750,112,Yes,NoIntersection,LightRain,2Vehicles-Side,RUE DU RENDEZ VOUS,M,48.847505976844445,2.845969117684201
201800052106,NonLethal,2018-07-22,17:00:00,Daylight,750,112,Yes,NoIntersection,Normal,Other,AVENUE DAUMESNIL,M,48.86802711185465,2.868397318839262
201800052107,NonLethal,2018-07-23,01:45:00,NightStreelightsOn,750,112,Yes,X-type,Normal,2Vehicles-Side,AVENUE DAUMESNIL,M,48.84359865414063,2.844237497060909
201800052108,NonLethal,2018-07-25,09:20:00,Daylight,750,112,Yes,NoIntersection,Normal,Other,RUE MICHEL CHASLES,M,48.84580551974947,2.846133831435456
201800052109,NonLethal,2018-07-27,09:50:00,Daylight,750,112,Yes,T-type,Normal,Other,RUE DE PICPUS,M,48.83951124555651,2.8384164135580043
201800052110,NonLethal,2018-07-30,21:15:00,TwilightOrDawn,750,112,Yes,NoIntersection,Normal,3+Vehicles-Chain,QUAI DE BERCY,M,48.82933208705241,2.8283714306685024
201800052111,NonLethal,2018-07-31,08:20:00,Daylight,750,112,Yes,X-type,Normal,2Vehicles-Side,RUE CORIOLIS,M,48.83658509535959,2.837881134290495
201800052112,NonLethal,2018-07-31,09:00:00,Daylight,750,112,Yes,X-type,VeryGood,Other,COURS DE VINCENNES,M,48.84543804876889,2.8477888698026783
201800052113,NonLethal,2018-07-31,20:30:00,Daylight,750,112,Yes,Y-type,Normal,Other,QUAI DE BERCY,M,48.826753614914864,2.8246800464590924
201800052114,NonLethal,2018-08-01,17:55:00,Daylight,750,112,Yes,Square,Normal,Other,PLACE DU COLONEL BOURGOI,M,48.84561894976749,2.844234002007484
201800052117,NonLethal,2018-08-05,21:00:00,TwilightOrDawn,750,112,Yes,Y-type,Normal,2Vehicles-Side,AVENUE COURTELINE,M,48.84471411363185,2.8422960121206904
201800052118,NonLethal,2018-06-08,00:01:00,NightStreelightsOn,750,112,Yes,Y-type,VeryGood,NoCollision,AVENUE DAUMESNIL,M,48.848373391730064,2.8461617978602667
201800052119,NonLethal,2018-08-06,19:50:00,Daylight,750,112,Yes,NoIntersection,Normal,Other,RUE DE BERCY,M,48.37511315610397,2.3749457628753734
201800052120,NonLethal,2018-08-10,09:15:00,Daylight,750,112,Yes,T-type,Normal,2Vehicles-Side,AVENUE DAUMESNIL,M,48.84956385318171,2.8504993162941883
201800052121,NonLethal,2018-10-08,17:50:00,Daylight,750,112,Yes,NoIntersection,Normal,Other,BOULEVARD DIDEROT,M,48.84703076223385,2.847001920281883
201800052122,NonLethal,2018-10-08,19:35:00,NightStreelightsOn,750,112,Yes,NoIntersection,Normal,Other,SOUTERRAIN VAN GOGH,M,48.8462910576572,2.845896496501504
201800052123,NonLethal,2018-11-08,13:15:00,Daylight,750,112,Yes,X-type,Normal,2Vehicles-Behind,COURS DE VINCENNES,M,48.846323703692335,2.8487602532115384
201800052124,NonLethal,2018-12-08,07:00:00,TwilightOrDawn,750,112,Yes,NoIntersection,Normal,Other,QUAI DE LA RAPEE,M,48.84476872772857,2.8434656939366736
201800052125,NonLethal,2018-12-08,11:20:00,Daylight,750,112,Yes,T-type,Normal,Other,RUE PARROT,M,48.84616990488149,2.849387121770968
201800052127,NonLethal,2018-08-13,08:20:00,Daylight,750,112,Yes,NoIntersection,Normal,2Vehicles-Side,BOULEVARD DIDEROT,M,48.84853601979832,2.8483452281939106
201800052128,NonLethal,2018-08-13,15:00:00,Daylight,750,112,Yes,Y-type,Normal,NoCollision,AVENUE DE GRAVELLE,M,48.81887876366584,2.8185647388592816
201800052129,NonLethal,2018-08-15,15:00:00,Daylight,750,112,Yes,NoIntersection,Normal,NoCollision,AVENUE DE SAINT MAURICE,M,48.830884074980375,2.831999403400512
201800052130,NonLethal,2018-08-17,13:40:00,Daylight,750,112,Yes,X-type,Normal,NoCollision,RUE DE LYON,M,48.849483327723135,2.8479673887225854
201800052131,NonLethal,2018-08-11,13:30:00,Daylight,750,112,No,NoIntersection,Normal,3+Vehicles-Multiple,ROUTE DE LA FALUERE,M,48.832021606889306,2.8311471023842265
201800052132,NonLethal,2018-08-18,18:50:00,Daylight,750,112,Yes,T-type,Normal,2Vehicles-Side,AVENUE DU DOCTEUR ARNOLD,M,48.841222572700296,2.841988442059114
201800052133,NonLethal,2018-08-20,19:30:00,Daylight,750,112,No,Y-type,Normal,2Vehicles-Behind,BOULEVARD PERIPHERIQUE E,M,,
201800052134,NonLethal,2018-08-21,09:30:00,Daylight,750,112,No,Square,Normal,2Vehicles-BehindVehicles-Frontal,CARREFOUR DE PATTE D OIE,M,48.81914679247907,2.8209810035147407
201800052135,NonLethal,2018-08-21,16:05:00,Daylight,750,112,Yes,X-type,Normal,2Vehicles-Side,AVENUE DAUMESNIL,M,48.84566815635102,2.846960101163756
201800052136,NonLethal,2018-08-22,15:35:00,Daylight,750,112,Yes,NoIntersection,Normal,2Vehicles-Side,AVENUE DU GENERAL MICHEL,M,48.83525994866969,2.8362821807709007
201800052137,NonLethal,2018-08-22,23:10:00,NightStreelightsOn,750,112,Yes,NoIntersection,Normal,Other,RUE BISCORNET,M,48.851221886978536,2.8504839899232333
201800052138,NonLethal,2018-08-23,19:50:00,Daylight,750,112,Yes,NoIntersection,Normal,2Vehicles-Behind,SOUTERRAIN PONT NATIONAL,M,48.82941555513728,2.8277249877315604
201800052139,NonLethal,2018-08-24,03:25:00,NightStreelightsOn,750,112,Yes,NoIntersection,Normal,Other,AVENUE DES MINIMES,M,48.83939485081856,2.8400211653921046
201800052140,NonLethal,2018-08-25,00:30:00,NightStreelightsOn,750,112,Yes,NoIntersection,Normal,Other,QUAI DE BERCY,M,48.83486091806216,2.835401217497107
201800052141,NonLethal,2018-08-27,10:00:00,Daylight,750,112,Yes,NoIntersection,LightRain,2Vehicles-Behind,QUAI DE BERCY,M,,
201800052142,NonLethal,2018-08-26,14:45:00,Daylight,750,112,Yes,Y-type,Normal,2Vehicles-Side,QUAI DE BERCY,M,48.832513433191416,2.8332036375510867
201800052143,NonLethal,2018-08-28,17:15:00,Daylight,750,112,Yes,X-type,Normal,2Vehicles-Side,PLACE MAZAS,M,48.8459475564105,2.8458051659099204
201800052144,NonLethal,2018-08-29,11:30:00,Daylight,750,112,Yes,NoIntersection,Normal,3+Vehicles-Chain,QUAI DE BERCY,M,48.836155850770965,2.835480580968223
201800052145,NonLethal,2018-08-30,10:30:00,Daylight,750,112,Yes,NoIntersection,Normal,2Vehicles-Side,AVENUE DE SAINT MAURICE,M,48.83014143428337,2.82984718046091
201800052148,NonLethal,2018-09-01,23:40:00,NightStreelightsOn,750,112,Yes,X-type,Normal,2Vehicles-Side,BOULEVARD DIDEROT,M,48.84822227002022,2.8474394011453747
201800052149,NonLethal,2018-02-09,16:20:00,Daylight,750,112,Yes,NoIntersection,Normal,Other,AVENUE DU GENERAL MICHEL,M,48.83623935842079,2.835732003527394
201800052150,NonLethal,2018-09-04,15:20:00,Daylight,750,112,Yes,X-type,Normal,Other,RUE TAINE,M,48.83689459371743,2.837913362508294
201800052151,NonLethal,2018-05-09,18:30:00,Daylight,750,112,Yes,T-type,Normal,2Vehicles-Side,BOULEVARD DIDEROT,M,48.847254241515245,2.8476155465531408
201800052152,NonLethal,2018-05-09,20:30:00,NightStreelightsOn,750,112,Yes,NoIntersection,Normal,Other,ROUTE DE CEINTURE DU LAC,M,48.83064436001861,2.8293196081057266
201800052153,NonLethal,2018-06-09,18:25:00,Daylight,750,112,Yes,NoIntersection,Normal,2Vehicles-Side,AVENUE DU GENERAL MICHEL,M,48.83743686975708,2.839356542785212
201800052154,NonLethal,2018-07-09,08:05:00,Daylight,750,112,Yes,X-type,Normal,Other,RUE PROUDHON,M,48.837219252981,2.837742620927047
201800052155,NonLethal,2018-09-09,19:20:00,TwilightOrDawn,750,112,Yes,NoIntersection,Normal,NoCollision,RUE DE PICPUS,M,48.84224036291575,2.846431648890309
201800052157,NonLethal,2018-09-10,12:30:00,Daylight,750,112,Yes,X-type,Normal,Other,RUE DE CHARENTON,M,48.84660606981124,2.845956792374024
201800052158,NonLethal,2018-12-09,09:25:00,Daylight,750,112,Yes,NoIntersection,Normal,2Vehicles-Side,BOULEVARD DE PICPUS,M,48.84515104532183,2.845756907446911
201800052159,NonLethal,2018-09-12,22:45:00,NightStreelightsOn,750,112,Yes,NoIntersection,Normal,Other,RUE VAN GOGH,M,48.84327804958322,2.844145888265269
201800052160,NonLethal,2018-09-14,17:26:00,Daylight,750,112,Yes,T-type,Normal,2Vehicles-Behind,ROUTE DE LA PYRAMIDE,M,,
201800052161,NonLethal,2018-09-14,18:35:00,Daylight,750,112,Yes,NoIntersection,Normal,3+Vehicles-Chain,QUAI DE BERCY,M,48.83140073380014,2.8315757301857656
201800052162,NonLethal,2018-09-15,19:05:00,Daylight,750,112,Yes,Square,Normal,2Vehicles-Side,ESPLANADE SAINT LOUIS,M,,
201800052163,NonLethal,2018-09-15,18:40:00,Daylight,750,112,Yes,T-type,Normal,Other,RUE DU SAHEL,M,48.84091726963134,2.840193247251249
201800052164,NonLethal,2018-09-15,23:00:00,NightStreelightsOn,750,112,Yes,Square,Normal,Other,AVENUE DAUMESNIL,M,48.84281428013776,2.841746404196914
201800052165,NonLethal,2018-09-16,17:35:00,Daylight,750,112,Yes,NoIntersection,Normal,Other,QUAI DE BERCY,M,48.83673111081023,2.837268099006708
201800052166,NonLethal,2018-09-16,20:15:00,NightStreelightsOn,750,112,Yes,T-type,Normal,Other,BOULEVARD PONIATOWSKI,M,48.833882528270045,2.834008800076622
201800052167,NonLethal,2018-09-16,19:50:00,TwilightOrDawn,750,112,Yes,NoIntersection,Normal,Other,AVENUE DU TREMBLAY,M,48.83327604829975,2.833129910537096
201800052168,NonLethal,2018-09-17,08:40:00,Daylight,750,112,Yes,T-type,Normal,Other,RUE LOUIS BRAILLE,M,48.84046875264596,2.838836043441366
201800052169,NonLethal,2018-09-17,12:10:00,Daylight,750,112,Yes,Roundabout,Normal,2Vehicles-Side,BOULEVARD DE PICPUS,M,48.84562053276081,2.846343685360706
201800052170,NonLethal,2018-09-18,08:30:00,Daylight,750,112,Yes,Square,Normal,2Vehicles-Side,PORTE DE VINCENNES,M,48.84717167381163,2.847361451492973
201800052171,NonLethal,2018-09-18,13:30:00,Daylight,750,112,Yes,Y-type,LightRain,2Vehicles-Behind,ESPLANADE SAINT LOUIS,M,48.8424905787864,2.839700548942498
201800052172,NonLethal,2018-09-19,07:15:00,TwilightOrDawn,750,112,Yes,Square,Normal,NoCollision,ROUTE DE LA PYRAMIDE,M,48.83874882166708,2.840339545345233
201800052173,NonLethal,2018-09-19,08:15:00,Daylight,750,112,Yes,Y-type,Normal,2Vehicles-Side,ROUTE DU PARC,M,48.8244053688526,2.8255151631775366
201800052174,NonLethal,2018-09-19,21:15:00,TwilightOrDawn,750,120,Yes,X-type,Normal,Other,RUE DES PYRENEES,M,48.85025664476536,2.8520934505445816
201800052175,NonLethal,2018-09-19,22:07:00,NightStreelightsOn,750,112,Yes,NoIntersection,Normal,2Vehicles-Behind,RUE DU FAUBOURG SAINT AN,M,48.85139051548815,2.8502805992474296
201800052176,NonLethal,2018-09-20,09:00:00,Daylight,750,112,Yes,Square,Normal,Other,AVENUE DU TREMBLAY,M,48.826880002888615,2.8285776270873404