AccidentId,Gravity,Date,Hour,Light,Department,Commune,InAgglomeration,IntersectionType,Weather,CollisionType,PostalAddress,GPSCode,Latitude,Longitude
201800052177,NonLethal,2018-09-21,18:50:00,Daylight,750,112,Yes,T-type,Normal,Other,AVENUE DES MINIMES,M,48.83897370905965,2.841925179341061
201800052178,NonLethal,2018-09-21,19:20:00,TwilightOrDawn,750,112,Yes,Roundabout,Normal,NoCollision,AVENUE DE LA PORTE DE VI,M,48.84668118602863,2.845770754717978
201800052179,NonLethal,2018-09-23,05:15:00,NightStreelightsOn,750,112,Yes,NoIntersection,Normal,Other,QUAI DE LA RAPEE,M,48.84559712530431,2.8428929619305454
201800052180,NonLethal,2018-09-23,14:40:00,Daylight,750,112,Yes,Square,HeavyRain,Other,AVENUE DES MINIMES,M,48.84030765122505,2.840721807191479
201800052181,NonLethal,2018-09-24,07:50:00,NightStreelightsOn,750,112,Yes,T-type,Normal,Other,RUE DE LYON,M,48.84476397769248,2.8491012130099294
201800052182,NonLethal,2018-09-25,19:05:00,Daylight,750,112,Yes,X-type,Normal,2Vehicles-Side,AVENUE DAUMESNIL,M,48.84868293767527,2.8483346409952186
201800052183,NonLethal,2018-09-26,08:50:00,Daylight,750,112,Yes,NoIntersection,Normal,NoCollision,BOULEVARD DE REUILLY,M,48.84005910966292,2.839191206718967
201800052184,NonLethal,2018-09-26,19:30:00,NightStreelightsOn,750,112,Yes,X-type,Normal,2Vehicles-Side,QUAI DE BERCY,M,48.83358152870046,2.83411868601321
201800052185,NonLethal,2018-09-28,11:00:00,Daylight,750,112,Yes,NoIntersection,Normal,2Vehicles-Side,RUE DE BERCY,M,48.84325696110522,2.842810794835744
201800052186,NonLethal,2018-01-10,07:45:00,TwilightOrDawn,750,112,Yes,X-type,Normal,2Vehicles-Side,RUE DE CHARENTON,M,48.83683354475675,2.838150183410271
201800052188,NonLethal,2018-10-01,13:45:00,Daylight,750,112,Yes,NoIntersection,Normal,2Vehicles-Side,RUE DU SERGENT BAUCHAT,M,48.84616101052971,2.845201383949429
201800052189,NonLethal,2018-10-02,18:00:00,TwilightOrDawn,750,112,Yes,NoIntersection,LightRain,2Vehicles-Side,ROUTE DU CHAMP DE MANOEU,M,48.83509477481641,2.833081793392634
201800052190,NonLethal,2018-02-10,19:30:00,NightStreelightsOn,750,112,Yes,X-type,LightRain,Other,AVENUE DU GENERAL MICHEL,M,48.83800306050578,2.837393198411372
201800052191,NonLethal,2018-02-10,18:15:00,Daylight,750,112,Yes,NoIntersection,LightRain,2Vehicles-Side,BOULEVARD DIDEROT,M,48.84760433697188,2.8482590673406523
201800052192,NonLethal,2018-10-03,20:30:00,NightStreelightsOn,750,112,No,NoIntersection,Normal,3+Vehicles-Chain,BOULEVARD PERIPHERIQUE E,M,48.8338240472756,2.835451293077283
201800052194,NonLethal,2018-04-10,15:15:00,Daylight,750,112,Yes,X-type,Normal,NoCollision,COURS DE VINCENNES,M,48.84745234860541,2.849147135665108
201800052195,NonLethal,2018-04-10,16:00:00,Daylight,750,112,Yes,X-type,Normal,2Vehicles-Side,RUE DE WATTIGNIES,M,50.581459229208605,3.581808325106278
201800052196,NonLethal,2018-04-10,19:00:00,Daylight,750,120,Yes,NoIntersection,Normal,Other,COURS DE VINCENNES,M,48.84774496401858,2.847822042594582
201800052197,NonLethal,2018-05-10,10:25:00,Daylight,750,112,Yes,MoreThan4Branches,Normal,2Vehicles-Side,AVENUE DU GENERAL MICHEL,M,48.831871750645824,2.8335925754038125
201800052198,NonLethal,2018-10-05,18:30:00,Daylight,750,112,Yes,NoIntersection,Normal,2Vehicles-Side,QUAI DE LA RAPEE,M,48.84416860257031,2.845407136164812
201800052199,NonLethal,2018-10-07,18:07:00,Daylight,750,112,Yes,Square,Normal,2Vehicles-Side,ROUTE DE LA PYRAMIDE,M,48.8310885300992,2.8297763294833738
201800052200,NonLethal,2018-09-10,19:20:00,NightStreelightsOn,750,112,Yes,NoIntersection,Normal,2Vehicles-Behind,BOULEVARD DE PICPUS,M,48.84933886008028,2.8479078630614807
201800052201,NonLethal,2018-10-09,19:50:00,NightStreelightsOn,750,112,Yes,NoIntersection,Normal,3+Vehicles-Chain,BOULEVARD PERIPHERIQUE,M,48.82736606423765,2.8295040782570937
201800052202,NonLethal,2018-10-10,08:45:00,Daylight,750,112,Yes,Square,Normal,NoCollision,PLACE DE LA NATION,M,48.84745140889891,2.848746891580181
201800052203,NonLethal,2018-11-10,23:45:00,NightStreelightsOn,750,112,Yes,MoreThan4Branches,LightRain,2Vehicles-Side,AVENUE DE SAINT MANDE,M,48.84450440327921,2.844661598183664
201800052205,NonLethal,2018-12-10,07:40:00,Daylight,750,112,Yes,Y-type,Normal,2Vehicles-Behind,AVENUE DE SAINT MAURICE,M,48.82700266122161,2.826533431366384
201800052207,NonLethal,2018-10-13,07:00:00,NightStreelightsOn,750,112,Yes,X-type,Normal,NoCollision,BOULEVARD PONIATOWSKI,M,48.83106743114372,2.8288648084694303
201800052208,NonLethal,2018-10-13,15:02:00,Daylight,750,112,Yes,X-type,Normal,2Vehicles-Side,BOULEVARD PONIATOWSKI,M,48.832051829715965,2.8326298304158835
201800052209,NonLethal,2018-10-15,20:15:00,NightStreelightsOn,750,112,Yes,T-type,Normal,Other,BOULEVARD DIDEROT,M,48.84912911689391,2.8476936879440657
201800052210,NonLethal,2018-10-18,17:20:00,Daylight,750,112,Yes,Square,Normal,2Vehicles-Side,CARREFOUR DE PYRAMIDE,M,48.83455487782601,2.833474832367396
201800052211,NonLethal,2018-10-19,08:30:00,Daylight,750,112,Yes,Square,Normal,2Vehicles-Side,ESPLANADE SAINT LOUIS,M,48.84232549171554,2.8403336962326646
201800052213,NonLethal,2018-10-19,13:20:00,Daylight,750,112,Yes,X-type,Normal,2Vehicles-Side,BOULEVARD PONIATOWSKI,M,48.833265000537146,2.832136593124984
201800052214,NonLethal,2018-10-20,15:30:00,Daylight,750,112,Yes,NoIntersection,Normal,Other,AVENUE DE GRAVELLE,M,48.82157028434661,2.8218431587399277
201800052215,NonLethal,2018-10-20,16:45:00,Daylight,750,112,Yes,T-type,Normal,2Vehicles-Side,AVENUE DAUMESNIL,M,,
201800052216,NonLethal,2018-10-21,06:22:00,NightStreelightsOn,750,112,Yes,Y-type,Normal,NoCollision,QUAI DE BERCY,M,48.82706450636089,2.8287025092546934
201800052217,NonLethal,2018-10-22,16:55:00,Daylight,750,112,Yes,NoIntersection,Normal,Other,ROUTE DE REUILLY,M,48.82965415735699,2.8304644767958003
201800052218,NonLethal,2018-10-23,02:24:00,NightStreelightsOn,750,112,Yes,X-type,Normal,Other,BOULEVARD PONIATOWSKI,M,48.83478710196798,2.834026542010816
201800052221,NonLethal,2018-10-25,23:40:00,NightStreelightsOn,750,112,Yes,T-type,Normal,NoCollision,RUE DU FAUBOURG SAINT AN,M,48.85201134118076,2.85259453664679
201800052222,NonLethal,2018-10-26,06:30:00,NightStreelightsOn,750,112,Yes,Square,Normal,NoCollision,PLACE DE LA NATION,M,48.84619114136853,2.8472501519930167
201800052223,NonLethal,2018-10-26,18:30:00,Daylight,750,112,Yes,Square,LightRain,NoCollision,PLACE DU CARDINAL LAVIGE,M,48.83306904378902,2.833453284236679
201800052224,NonLethal,2018-10-26,18:45:00,NightStreelightsOn,750,112,Yes,NoIntersection,LightRain,2Vehicles-BehindVehicles-Frontal,AVENUE DE SAINT MAURICE,M,48.82603942922652,2.825553050876554
201800052225,NonLethal,2018-10-26,21:15:00,NightStreelightsOn,750,112,Yes,Square,Overcast,2Vehicles-Side,PLACE FELIX EBOUE,M,48.838733817044776,2.839037010059787
201800052226,NonLethal,2018-10-27,14:40:00,Daylight,750,112,Yes,X-type,Normal,Other,RUE DE CHARENTON,M,48.8489360336198,2.85046662023893
201800052227,NonLethal,2018-10-28,07:15:00,TwilightOrDawn,750,112,Yes,NoIntersection,Normal,2Vehicles-BehindVehicles-Frontal,ROUTE DE LA PYRAMIDE,M,48.827745496446816,2.827170185560165
201800052228,NonLethal,2018-10-30,22:25:00,NightStreelightsOn,750,112,Yes,X-type,Normal,2Vehicles-Behind,BOULEVARD DIDEROT,M,48.84589988272275,2.8479523582698905
201800052229,NonLethal,2018-10-31,08:40:00,Daylight,750,112,Yes,NoIntersection,Normal,2Vehicles-Behind,RUE DE CHARENTON,M,48.83805796632453,2.8376700943774704
201800052232,NonLethal,2018-11-04,02:10:00,NightStreelightsOn,750,112,Yes,T-type,Normal,2Vehicles-Side,AVENUE DAUMESNIL,M,48.84194936846384,2.842606376318017
201800052233,NonLethal,2018-11-04,07:00:00,TwilightOrDawn,750,112,Yes,T-type,Normal,2Vehicles-Side,AVENUE DE LA PORTE DE CH,M,48.82970417198207,2.83034918325419
201800052234,NonLethal,2018-11-05,19:00:00,NightStreelightsOn,750,112,Yes,NoIntersection,Normal,2Vehicles-Behind,PONT D AUSTERLITZ,M,48.845653330698674,2.845338461043806
201800052235,NonLethal,2018-06-11,08:00:00,Daylight,750,112,Yes,Square,Normal,NoCollision,RUE PROUDHON,M,48.83711635526589,2.8363358193788586
201800052236,NonLethal,2018-06-11,18:30:00,NightStreelightsOn,750,112,Yes,T-type,Normal,Other,RUE DE REUILLY,M,48.84452602825194,2.8470347919579253
201800052237,NonLethal,2018-07-11,12:30:00,Daylight,750,112,Yes,NoIntersection,Overcast,Other,RUE VAN GOGH,M,48.84541511173606,2.842945403989786
201800052238,NonLethal,2018-07-11,13:15:00,Daylight,750,112,Yes,X-type,LightRain,2Vehicles-Side,BOULEVARD PONIATOWSKI,M,48.83356751729986,2.8333938554759293
201800052239,NonLethal,2018-07-11,18:35:00,TwilightOrDawn,750,112,Yes,T-type,Normal,2Vehicles-Side,AVENUE DAUMESNIL,M,48.84899649637825,2.847706340795629
201800052240,NonLethal,2018-11-08,11:20:00,Daylight,750,112,Yes,NoIntersection,Normal,2Vehicles-Side,AVENUE DAUMESNIL,M,48.83900067753519,2.840335027628296
201800052241,NonLethal,2018-11-08,16:40:00,Daylight,750,112,Yes,X-type,Normal,Other,BOULEVARD DE REUILLY,M,48.839372398451495,2.8400517017510727
201800052242,NonLethal,2018-11-08,17:00:00,Daylight,750,112,Yes,T-type,Normal,NoCollision,BOULEVARD SOULT,M,48.83925318911291,2.8385652952289173
201800052243,NonLethal,2018-11-10,11:55:00,Daylight,750,112,Yes,Y-type,LightRain,NoCollision,RUE LEGRAVEREND,M,48.84624633979305,2.847963395970249
201800052244,NonLethal,2018-10-11,21:00:00,NightStreelightsOn,750,112,Yes,X-type,LightRain,NoCollision,BOULEVARD PONIATOWSKI,M,48.82966057681546,2.83144058615188
201800052245,NonLethal,2018-11-11,12:20:00,Daylight,750,112,Yes,Square,LightRain,2Vehicles-Side,PLACE DE LA BASTILLE,M,48.85290991905975,2.8527993289993856
201800052246,NonLethal,2018-11-11,21:40:00,NightStreelightsOn,750,112,Yes,X-type,LightRain,2Vehicles-Side,RUE DE BERCY,M,48.84498423817399,2.845803863810204
201800052247,NonLethal,2018-11-13,09:15:00,Daylight,750,112,Yes,T-type,Normal,Other,BOULEVARD DIDEROT,M,48.84669607675321,2.8466487578397484
201800052248,NonLethal,2018-11-13,10:30:00,Daylight,750,112,Yes,X-type,Normal,Other,RUE DE RAMBOUILLET,M,48.84510085634815,2.8434440864219352
201800052249,NonLethal,2018-11-13,16:40:00,Daylight,750,112,Yes,NoIntersection,Normal,Other,QUAI DE LA RAPEE,M,48.84486473038247,2.8440695079428213
201800052250,NonLethal,2018-11-14,00:35:00,NightStreelightsOn,750,112,Yes,T-type,Normal,2Vehicles-Side,BOULEVARD DE LA BASTILLE,M,48.84876415931227,2.8489748327642554
201800052251,NonLethal,2018-11-14,08:50:00,Daylight,750,112,Yes,X-type,Normal,Other,AVENUE DU GENERAL MICHEL,M,48.83839232799465,2.838793222430801
201800052252,NonLethal,2018-11-14,10:30:00,Daylight,750,112,Yes,NoIntersection,Normal,2Vehicles-Behind,RUE DE REUILLY,M,48.8421769164508,2.841909395829862
201800052254,NonLethal,2018-11-16,00:40:00,NightStreelightsOn,750,112,Yes,NoIntersection,Normal,Other,BOULEVARD DE PICPUS,M,48.8436864185408,2.8424546226667284
201800052255,NonLethal,2018-11-16,09:10:00,Daylight,750,112,Yes,X-type,Overcast,2Vehicles-Behind,BOULEVARD DE BERCY,M,48.83712296119252,2.839190338323888
201800052256,NonLethal,2018-11-17,13:45:00,Daylight,750,112,Yes,T-type,Normal,2Vehicles-Side,RUE DE WATTIGNIES,M,48.83560110583701,2.83591036892407
201800052257,NonLethal,2018-11-17,18:32:00,NightStreelightsOn,750,112,Yes,Y-type,Normal,Other,COURS DE VINCENNES,M,48.84786905847537,2.846830325254944
201800052258,NonLethal,2018-11-18,09:55:00,Daylight,750,112,Yes,T-type,Normal,2Vehicles-Side,AVENUE DAUMESNIL,M,48.84401863989539,2.8448322333690017
201800052259,NonLethal,2018-11-19,15:40:00,Daylight,750,112,Yes,NoIntersection,Normal,2Vehicles-Side,AVENUE DAUMESNIL,M,,
201800052260,NonLethal,2018-11-20,08:10:00,TwilightOrDawn,750,112,Yes,Square,LightRain,2Vehicles-Side,BOULEVARD DIDEROT,M,48.84717280087974,2.8483332565841457
201800052261,NonLethal,2018-11-21,16:25:00,Daylight,750,112,No,NoIntersection,Normal,Other,AVENUE DE NOGENT,M,48.84053265967419,2.838728264898174
201800052262,NonLethal,2018-11-22,08:15:00,Daylight,750,112,Yes,X-type,Overcast,Other,QUAI DE LA RAPEE,M,48.84257430299022,2.8420362937852683
201800052263,NonLethal,2018-11-22,10:25:00,Daylight,750,112,Yes,NoIntersection,Normal,2Vehicles-Behind,QUAI DE BERCY,M,48.83909722824714,2.838786239476573
201800052264,NonLethal,2018-11-23,17:00:00,TwilightOrDawn,750,112,Yes,NoIntersection,Normal,Other,RUE DU FAUBOURG SAINT AN,M,48.85201631271467,2.8532397017933664
201800052265,NonLethal,2018-11-24,12:00:00,Daylight,750,112,Yes,X-type,Normal,Other,RUE PARROT,M,48.84661331301864,2.8468857938248484
201800052266,NonLethal,2018-11-24,16:32:00,Daylight,750,112,Yes,Y-type,Normal,Other,BOULEVARD DE BERCY,M,48.8378965670889,2.8401915759490395
201800052268,NonLethal,2018-11-25,20:00:00,NightStreelightsOn,750,112,Yes,NoIntersection,LightRain,2Vehicles-Side,RUE JOSEPH KESSEL,M,48.83521708818316,2.8355828663637084
201800052272,NonLethal,2018-11-28,17:25:00,NightStreelightsOn,750,112,Yes,NoIntersection,LightRain,2Vehicles-Behind,RUE DE BERCY,M,48.842651492504096,2.8433875853806545
201800052273,NonLethal,2018-11-29,10:30:00,Daylight,750,112,Yes,T-type,Overcast,NoCollision,QUAI DE LA RAPEE,M,,
201800052274,NonLethal,2018-11-29,14:20:00,Daylight,750,112,Yes,X-type,Normal,Other,RUE DE BERCY,M,48.842472476734905,2.8424006445165264
201800052275,NonLethal,2018-11-30,09:20:00,Daylight,750,112,Yes,NoIntersection,Normal,Other,AVENUE DE SAINT MAURICE,M,48.89251578553733,2.894681187822709
201800052276,NonLethal,2018-11-30,09:10:00,Daylight,750,112,Yes,NoIntersection,Normal,2Vehicles-Side,QUAI DE BERCY,M,48.83126708768973,2.8298550513211618
201800052277,NonLethal,2018-12-02,18:45:00,NightStreelightsOn,750,112,Yes,Square,Overcast,Other,RUE ERARD,M,48.84383719590296,2.845863419391049
201800052280,NonLethal,2018-03-12,15:40:00,TwilightOrDawn,750,112,Yes,T-type,Normal,Other,RUE DE CHALON,M,48.84337729042765,2.8448658263339888
201800052282,NonLethal,2018-12-03,17:50:00,NightStreelightsOn,750,112,Yes,X-type,Normal,2Vehicles-Side,BOULEVARD PONIATOWSKI,M,48.82925919995208,2.829462127857877
201800052283,NonLethal,2018-04-12,21:20:00,NightStreelightsOn,750,112,Yes,X-type,Normal,2Vehicles-Behind,AVENUE LEDRU ROLLIN,M,48.848622555697375,2.850366063090992
201800052285,NonLethal,2018-07-12,23:25:00,NightStreelightsOn,750,112,Yes,Y-type,Normal,2Vehicles-Side,RUE TAINE,M,48.839333193270384,2.8406483791208177
201800052286,NonLethal,2018-08-12,04:05:00,NightStreelightsOn,750,112,Yes,NoIntersection,Normal,Other,AVENUE DES MINIMES,M,48.84165839552549,2.842012323709154
201800052287,NonLethal,2018-12-12,07:00:00,NightStreelightsOn,750,112,Yes,Square,Normal,2Vehicles-Behind,AVENUE DU TRONE,M,48.84760839893701,2.846999669761042
201800052288,NonLethal,2018-12-14,07:45:00,NightStreelightsOn,750,112,Yes,NoIntersection,Normal,2Vehicles-Side,ROUTE DE CEINTURE DU LAC,M,48.83230024375381,2.8321933397245
201800052289,NonLethal,2018-12-14,09:50:00,Daylight,750,112,Yes,X-type,Normal,2Vehicles-Side,ROUTE DU PESAGE,M,48.81921305010862,2.820808687220315
201800052290,NonLethal,2018-12-14,14:20:00,Daylight,750,112,Yes,NoIntersection,Normal,Other,RUE RIESENER,M,48.842201482929234,2.8437266086949124
201800052291,NonLethal,2018-12-16,17:00:00,NightStreelightsOn,750,112,Yes,T-type,Normal,Other,RUE BARON LE ROY,M,48.83270813749123,2.8352176499433246
201800052292,NonLethal,2018-12-18,23:00:00,NightStreelightsOn,750,112,Yes,X-type,HeavyRain,Other,RUE DE CHARENTON,M,48.83182259595394,2.8338061734496445
201800052293,NonLethal,2018-12-19,08:30:00,Daylight,750,112,Yes,X-type,Normal,2Vehicles-Side,BOULEVARD DIDEROT,M,48.848016700342285,2.8466512154227352
201800052295,NonLethal,2018-12-22,19:20:00,NightStreelightsOn,750,112,Yes,X-type,LightRain,2Vehicles-Side,RUE DE BERCY,M,48.84468197212801,2.8465677665230325
201800052296,NonLethal,2018-12-23,16:35:00,TwilightOrDawn,750,112,Yes,T-type,LightRain,Other,AVENUE DU GENERAL MICHEL,M,48.833059175945145,2.834339423065265
201800052297,NonLethal,2018-12-23,22:45:00,NightStreelightsOn,750,112,Yes,NoIntersection,LightRain,Other,COURS DE VINCENNES,M,48.84752553154122,2.8468202938917666
201800052298,NonLethal,2018-12-25,01:00:00,NightStreelightsOn,750,112,Yes,Square,Normal,2Vehicles-Side,PLACE FELIX EBOUE,M,48.84138589895233,2.8387379477713592
201800052300,NonLethal,2018-12-25,21:30:00,NightStreelightsOn,750,112,Yes,T-type,Normal,Other,BOULEVARD DE BERCY,M,48.84129024942047,2.8419171329954933
201800052301,NonLethal,2018-12-27,18:45:00,NightStreelightsOn,750,112,Yes,NoIntersection,Normal,Other,ROUTE DE LA PYRAMIDE,M,48.82615180304394,2.823893462733657
201800052302,NonLethal,2018-12-28,20:00:00,NightStreelightsOn,750,112,Yes,NoIntersection,Normal,Other,AVENUE DU DOCTEUR ARNOLD,M,48.84384553289656,2.843219501883525
201800052303,NonLethal,2018-12-29,23:00:00,NightStreelightsOn,750,112,Yes,NoIntersection,Normal,2Vehicles-Side,AVENUE DE SAINT MAURICE,M,48.82969411153431,2.8295815034927347
201800052304,NonLethal,2018-02-01,19:10:00,NightStreelightsOn,750,113,Yes,T-type,LightRain,Other,"140, AVENUE D ITALIE",M,48.82357621047458,2.821024967005282
201800052305,NonLethal,2018-02-01,22:55:00,NightStreelightsOn,750,113,Yes,X-type,Normal,2Vehicles-Side,"/, RUE NEUVE TOLBIAC",M,48.8306831409777,2.8318576676565224
201800052307,NonLethal,2018-05-01,15:05:00,Daylight,750,113,Yes,Y-type,LightRain,Other,PORTE D ITALIE,M,48.815688833642334,2.817816510741568
201800052308,NonLethal,2018-12-01,02:10:00,NightStreelightsOn,750,113,Yes,T-type,Normal,Other,"178, AVENUE D ITALIE",M,48.82215475070354,2.8203303929663672
201800052309,NonLethal,2018-01-12,19:20:00,NightStreelightsOn,750,105,Yes,X-type,Normal,Other,"l39, BOULEVARD SAINT MIC",M,48.84231277165854,2.840816376809724
201800052310,NonLethal,2018-01-13,12:31:00,Daylight,750,113,Yes,X-type,Normal,Other,"15, AVENUE DE LA PORTE D",M,48.82139027823312,2.822876865876337
201800052312,NonLethal,2018-01-16,19:00:00,NightStreelightsOn,750,113,Yes,T-type,LightRain,Other,"101, RUE DU CHEVALERET",M,48.829422478008645,2.829280812561495
201800052314,NonLethal,2018-01-17,21:20:00,NightStreelightsOn,750,113,Yes,Y-type,Normal,NoCollision,"8, QUAI D IVRY",M,48.82582103678382,2.8274996696511674
201800052316,NonLethal,2018-01-19,12:10:00,Daylight,750,113,Yes,X-type,Normal,Other,"24, AVENUE DES GOBELINS",M,48.837328200826725,2.838378074140997
201800052317,NonLethal,2018-01-20,23:35:00,NightStreelightsOn,750,113,Yes,NoIntersection,LightRain,NoCollision,"24, BOULEVARD ARAGO",M,48.83550315461927,2.835493867138297
201800052319,NonLethal,2018-01-21,18:05:00,NightStreelightsOn,750,113,Yes,X-type,LightRain,Other,"173, RUE DU CHEVALERET",M,48.83201408086204,2.833270598378117
201800052320,NonLethal,2018-01-21,20:20:00,NightStreelightsOn,750,113,Yes,X-type,HeavyRain,Other,RUE FERNAND WIDAL,M,48.817865788467145,2.816734223390862
201800052322,NonLethal,2018-01-26,08:40:00,Daylight,750,113,Yes,X-type,Normal,Other,"14, RUE DE LA POTERNE DE",M,48.82026061679223,2.81845924223384
201800052323,NonLethal,2018-01-27,02:49:00,NightStreelightsOn,750,105,Yes,X-type,Normal,Other,"69, BOULEVARD SAINT MICH",M,48.84529003886938,2.848094482341247
201800052324,NonLethal,2018-01-27,19:00:00,NightStreelightsOn,750,113,Yes,T-type,Normal,Other,"94, AVENUE D ITALIE",M,48.82503693316358,2.825314928853735
201800052326,NonLethal,2018-01-02,09:45:00,Daylight,750,113,Yes,T-type,Normal,2Vehicles-Side,"22 BIS, QUAI D AUSTERLIT",M,48.83715377898184,2.838542215680892
201800052327,NonLethal,2018-05-02,08:15:00,TwilightOrDawn,750,113,Yes,T-type,Normal,Other,BOULEVARD ARAGO,M,48.836906818914784,2.836339485776739
201800052328,NonLethal,2018-05-02,22:30:00,NightStreelightsOn,750,113,Yes,NoIntersection,SnowOrHail,Other,"42, BOULEVARD VINCENT AU",M,48.83520141000339,2.836244983167098
201800052329,NonLethal,2018-09-02,08:30:00,Daylight,750,113,Yes,NoIntersection,Normal,Other,"63, RUE DUNOIS",M,48.83236464945468,2.832291623261681
201800052330,NonLethal,2018-12-02,13:55:00,Daylight,750,113,Yes,T-type,Normal,2Vehicles-Side,"132, RUE DE TOLBIAC",M,48.82668507429548,2.825944997667051
201800052331,NonLethal,2018-02-12,21:35:00,NightStreelightsOn,750,113,Yes,X-type,Normal,2Vehicles-Side,RUE DU VAL DE MARNE,M,48.81800507395764,2.8166461492539856
201800052333,NonLethal,2018-02-14,14:10:00,Daylight,750,113,Yes,X-type,Normal,Other,RUE DE LA POTERNE DES PE,M,48.81634579512405,2.818613623394011
201800052335,NonLethal,2018-02-15,09:20:00,Daylight,750,113,Yes,Square,Normal,2Vehicles-Side,"1, PLACE VALHUBERT",M,48.844050175776765,2.8433981425141703
201800052336,NonLethal,2018-02-15,22:54:00,NightStreelightsOn,750,105,Yes,X-type,Overcast,Other,"61, BOULEVARD SAINT MICH",M,48.847643366129496,2.8470272949607835
201800052337,NonLethal,2018-02-16,12:45:00,Daylight,750,105,Yes,X-type,Normal,Other,"69, BOULEVARD SAINT MICH",M,48.84463102703743,2.848486189393059
201800052338,NonLethal,2018-02-16,18:40:00,TwilightOrDawn,750,113,Yes,Y-type,Normal,2Vehicles-Side,"142, BOULEVARD DE L HOPI",M,48.833816911963154,2.8321404905034964
201800052339,NonLethal,2018-02-17,17:50:00,NightStreelightsOn,750,113,Yes,NoIntersection,Normal,Other,BOULEVARD PERIPHERIQUE,M,48.826325512477474,2.8245831421818
201800052340,NonLethal,2018-02-19,18:15:00,NightStreelightsOff,750,113,Yes,X-type,LightRain,2Vehicles-Side,AVENUE PIERRE DE COUBERT,M,48.8195542383996,2.81864107120753
201800052341,NonLethal,2018-02-19,17:55:00,NightStreelightsOn,750,113,Yes,X-type,LightRain,2Vehicles-Side,"01, QUAI DE LA GARE",M,48.83755689349045,2.8374566649296344
201800052342,NonLethal,2018-02-21,09:45:00,Daylight,750,113,Yes,X-type,Normal,Other,RUE JACQUES DESTREE,M,48.817698129524224,2.81616178019394
201800052344,NonLethal,2018-02-25,22:25:00,NightStreelightsOn,750,113,Yes,T-type,Other,NoCollision,"/, RUE ALFRED FOUILLEE",M,48.81875016902498,2.8203003984277126
201800052345,NonLethal,2018-02-26,17:45:00,Daylight,750,113,Yes,X-type,Other,NoCollision,AVENUE D ITALIE,M,48.819077687605706,2.818943530039355
201800052346,NonLethal,2018-02-27,05:30:00,NightStreelightsOn,750,113,Yes,Square,Normal,Other,"76, AVENUE DES GOBELINS",M,48.8328024712092,2.83262843321606
201800052347,NonLethal,2018-02-27,15:30:00,Daylight,750,113,Yes,NoIntersection,Normal,2Vehicles-Side,QUAI D IVRY,M,48.82637450117638,2.8269677891370737
201800052348,NonLethal,2018-02-27,19:00:00,NightStreelightsOn,750,113,Yes,X-type,Normal,2Vehicles-Side,AVENUE DE LA PORTE D ITA,M,48.81929028732438,2.819625751182737
201800052349,NonLethal,2018-03-04,15:43:00,Daylight,750,113,Yes,T-type,LightRain,3+Vehicles-Chain,"7, QUAI D AUSTERLITZ",M,48.83940691675047,2.8370210132457294
201800052350,NonLethal,2018-04-03,19:00:00,NightStreelightsOn,750,113,Yes,Y-type,Overcast,2Vehicles-Side,"33, AVENUE PIERRE DE COU",M,48.81613861211334,2.816610674442377
201800052351,NonLethal,2018-07-03,15:03:00,Daylight,750,113,Yes,X-type,LightRain,Other,AVENUE DE LA PORTE D ITA,M,48.81875297950382,2.818812725205142
201800052352,NonLethal,2018-08-03,08:41:00,Daylight,750,113,Yes,Y-type,Normal,2Vehicles-Side,"31, AVENUE PIERRE DE COU",M,48.81691118270942,2.8149283241216017
201800052353,NonLethal,2018-08-03,14:40:00,Daylight,750,113,Yes,X-type,LightRain,2Vehicles-Side,QUAI DE LA GARE,M,48.83631086537658,2.8351466757895105
201800052354,NonLethal,2018-03-09,09:10:00,Daylight,750,113,Yes,NoIntersection,Normal,Other,"72, AVENUE PIERRE MENDES",M,48.83953869397261,2.840024772109068
201800052355,NonLethal,2018-11-03,14:07:00,Daylight,750,113,Yes,T-type,Normal,Other,"26, AVENUE PIERRE MENDES",M,48.84035535338262,2.839392219779201
201800052357,NonLethal,2018-03-13,16:35:00,Daylight,750,113,Yes,T-type,LightRain,Other,"110, AVENUE D ITALIE",M,48.82376618847207,2.825049786979525
201800052358,NonLethal,2018-03-14,09:40:00,Daylight,750,113,Yes,X-type,Normal,Other,"117, BOULEVARD VINCENT A",M,48.83413291185428,2.832023473338803
201800052359,NonLethal,2018-03-15,16:20:00,Daylight,750,113,Yes,T-type,Normal,2Vehicles-Side,PORTE D ITALIE,M,48.81744760475579,2.815996000326337
201800052360,NonLethal,2018-03-17,22:15:00,NightStreelightsOn,750,106,Yes,X-type,LightRain,2Vehicles-Side,RUE DE VAUGIRARD,M,48.8465717598167,2.84507044781941
201800052361,NonLethal,2018-03-19,03:10:00,NightStreelightsOn,750,113,Yes,T-type,SnowOrHail,Other,"24, QUAI D AUSTERLITZ",M,48.84042287219639,2.8397184258091084
201800052362,NonLethal,2018-03-19,11:45:00,Daylight,750,113,Yes,Y-type,Normal,Other,"14, RUE DE LA MAISON BLA",M,48.82659272214089,2.8253285133428685
201800052363,NonLethal,2018-03-20,16:00:00,Daylight,750,113,Yes,NoIntersection,Normal,2Vehicles-Side,"ll, BOULEVARD ARAGO",M,48.83709570418608,2.8335357525500493
201800052364,NonLethal,2018-03-20,16:20:00,Daylight,750,113,Yes,X-type,Normal,Other,BOULEVARD VINCENT AURIOL,M,48.83519645332648,2.835959702964
201800052365,NonLethal,2018-03-22,09:00:00,Daylight,750,113,Yes,T-type,Normal,2Vehicles-Side,AVENUE DES GOBELINS,M,48.83322766336203,2.834962687620899
201800052366,NonLethal,2018-03-22,09:40:00,Daylight,750,113,Yes,NoIntersection,Normal,2Vehicles-BehindVehicles-Frontal,PONT NATIONAL,M,48.82840746841266,2.8288310524934475