AccidentId,Gravity,Date,Hour,Light,Department,Commune,InAgglomeration,IntersectionType,Weather,CollisionType,PostalAddress,GPSCode,Latitude,Longitude
201800052367,NonLethal,2018-03-22,23:15:00,NightStreelightsOn,750,105,Yes,MoreThan4Branches,Normal,2Vehicles-Side,QUAI DE LA TOURNELLE,M,48.84879963558053,2.850501246363263
201800052368,NonLethal,2018-03-23,11:10:00,Daylight,750,113,Yes,T-type,Normal,2Vehicles-Behind,"83, BOULEVARD DE L HOPIT",M,48.83956739037544,2.8390626167764803
201800052370,NonLethal,2018-03-26,00:40:00,NightStreelightsOn,750,113,Yes,NoIntersection,Normal,Other,"2, RUE EUGENE OUDINE",M,48.82602876310538,2.826760834401528
201800052371,NonLethal,2018-03-26,13:35:00,Daylight,750,113,Yes,X-type,Normal,2Vehicles-Side,"154, AVENUE D ITALIE",M,48.82146574066756,2.821923333801032
201800052373,NonLethal,2018-03-26,16:40:00,Daylight,750,113,Yes,NoIntersection,Normal,2Vehicles-Side,"38, BOULEVARD AUGUSTE BL",M,48.83115534203384,2.828671801173407
201800052374,NonLethal,2018-03-27,08:20:00,TwilightOrDawn,750,113,Yes,X-type,HeavyRain,Other,"43, BOULEVARD SAINT MARC",M,48.83831003350945,2.838344477176603
201800052375,NonLethal,2018-03-29,18:00:00,Daylight,750,113,Yes,MoreThan4Branches,Normal,2Vehicles-Side,"/, AVENUE DE LA PORTE D",M,48.81846482576851,2.817198913216812
201800052376,NonLethal,2018-01-04,15:30:00,Daylight,750,113,Yes,NoIntersection,Normal,2Vehicles-Side,"180, AVENUE D ITALIE",M,48.820015515023286,2.8203868477466005
201800052377,NonLethal,2018-04-03,09:30:00,Daylight,750,113,Yes,X-type,Overcast,Other,RUE DU CHATEAU DES RENTI,M,48.82575237545629,2.8263204579760632
201800052378,NonLethal,2018-04-04,08:45:00,Daylight,750,113,Yes,X-type,Overcast,Other,"234, RUE DE TOLBIAC",M,48.825474543259205,2.826620245458473
201800052379,NonLethal,2018-04-04,17:15:00,Daylight,750,113,Yes,Square,Normal,NoCollision,"5, PLACE D ITALIE",M,48.831082864421965,2.8325755947399505
201800052380,NonLethal,2018-05-04,09:30:00,Daylight,750,113,Yes,NoIntersection,Normal,Other,"63, RUE DE LA GLACIERE",M,48.83119232440185,2.831223355202847
201800052383,NonLethal,2018-06-04,12:40:00,Daylight,750,113,Yes,NoIntersection,Normal,2Vehicles-Side,AVENUE PIERRE MENDES FRA,M,48.83965017022993,2.839222095017963
201800052384,NonLethal,2018-04-06,13:37:00,Daylight,750,113,Yes,X-type,Normal,Other,AVENUE D ITALIE,M,48.827498650778885,2.8269539609910352
201800052385,NonLethal,2018-06-04,19:15:00,TwilightOrDawn,750,113,Yes,NoIntersection,Normal,2Vehicles-Behind,PONT NATIONAL,M,48.82696474383424,2.828247652121669
201800052386,NonLethal,2018-04-10,17:10:00,Daylight,750,113,Yes,Y-type,Normal,2Vehicles-Behind,AVENUE DE LA PORTE D IVR,M,48.82029909303428,2.819340622926892
201800052387,NonLethal,2018-04-11,11:45:00,Daylight,750,113,Yes,T-type,Normal,2Vehicles-Side,"169, BOULEVARD DE L HOPI",M,48.833156402496726,2.8342200557962918
201800052388,NonLethal,2018-11-04,19:05:00,Daylight,750,113,Yes,NoIntersection,Normal,Other,"105, RUE DE TOLBIAC",M,48.82647387296978,2.825294794295787
201800052389,NonLethal,2018-04-13,09:20:00,Daylight,750,113,No,NoIntersection,Normal,2Vehicles-Behind,BOULEVARD PERIPHERIQUE I,M,48.81882007250654,2.818877098517678
201800052390,NonLethal,2018-04-13,14:50:00,Daylight,750,113,Yes,T-type,Normal,NoCollision,"166, RUE JEANNE D ARC",M,48.83889770655418,2.8382903826108508
201800052391,NonLethal,2018-04-16,12:30:00,Daylight,750,113,Yes,X-type,Normal,2Vehicles-Side,"42, RUE DU CHATEAU DES R",M,48.825271137161145,2.8244826731762656
201800052392,NonLethal,2018-04-16,18:30:00,Daylight,750,113,Yes,X-type,Normal,2Vehicles-Side,"125, BOULEVARD MASSENA",M,48.81905937184845,2.8188119412655297
201800052393,NonLethal,2018-04-17,15:55:00,Daylight,750,113,Yes,X-type,Normal,2Vehicles-Side,"50, BOULEVARD SAINT MARC",M,48.83914888787233,2.8375822161194906
201800052394,NonLethal,2018-04-18,12:05:00,Daylight,750,113,Yes,X-type,Normal,Other,"ll3, AVENUE DE FRANCE",M,48.83060623887652,2.8306059734819486
201800052395,NonLethal,2018-04-18,22:30:00,Daylight,750,113,Yes,Square,Normal,Other,PLACE D ITALIE,M,48.8295554860194,2.830497952739536
201800052396,NonLethal,2018-04-19,00:05:00,NightStreelightsOn,750,105,Yes,Square,Normal,Other,"12, RUE MOUFFETARD",M,48.84430994143618,2.844942571695072
201800052397,NonLethal,2018-04-19,12:00:00,Daylight,750,113,Yes,NoIntersection,Normal,Other,"27, RUE DE LA VISTULE",M,48.8238040599117,2.823237628110757
201800052398,NonLethal,2018-04-19,16:05:00,Daylight,750,113,Yes,T-type,Normal,2Vehicles-Side,"19/21, BOULEVARD VINCENT",M,48.83559295784266,2.8383708369704364
201800052400,NonLethal,2018-04-20,01:40:00,NightStreelightsOn,750,113,Yes,X-type,Normal,Other,"19, BOULEVARD VINCENT AU",M,48.83594717788707,2.8362335727966026
201800052401,NonLethal,2018-04-23,17:30:00,Daylight,750,113,Yes,NoIntersection,Normal,2Vehicles-Side,"31-33, RUE DE LA GLACIER",M,48.83445494494181,2.8313741859564634
201800052402,NonLethal,2018-04-25,10:15:00,Daylight,750,113,Yes,MoreThan4Branches,Normal,Other,"112, AVENUE D IVRY",M,48.82692303379806,2.8263736386376035
201800052403,NonLethal,2018-04-25,16:47:00,Daylight,750,113,Yes,NoIntersection,Normal,Other,"143, BOULEVARD VINCENT A",M,48.830166963784585,2.832386766782268
201800052404,NonLethal,2018-04-26,08:35:00,Daylight,750,113,Yes,X-type,Normal,2Vehicles-Side,"231, RUE DE TOLBIAC",M,48.8251984131043,2.825641577517439
201800052405,NonLethal,2018-04-27,18:40:00,Daylight,750,113,Yes,T-type,Normal,2Vehicles-Side,"82, RUE DU DESSOUS DES B",M,48.8303382155264,2.82993704560001
201800052406,NonLethal,2018-04-29,03:55:00,NightStreelightsOn,750,113,Yes,T-type,LightRain,NoCollision,"109, RUE DU CHEVALERET",M,48.828530311109006,2.832737629729378
201800052407,NonLethal,2018-04-29,04:25:00,NightStreelightsOn,750,113,Yes,T-type,LightRain,Other,"93, BOULEVARD DE PORT RO",M,48.838238465309686,2.837787972570644
201800052408,NonLethal,2018-04-29,09:20:00,Daylight,750,113,Yes,Y-type,Overcast,NoCollision,"51, RUE DU DISQUE",M,48.82430027787437,2.824300097112185
201800052410,NonLethal,2018-04-30,18:15:00,Daylight,750,113,Yes,T-type,LightRain,2Vehicles-Behind,"140, AVENUE D ITALIE",M,48.82402600287979,2.8218388623284385
201800052411,NonLethal,2018-04-30,18:50:00,Daylight,750,113,Yes,NoIntersection,LightRain,NoCollision,"37, BOULEVARD MASSENA",M,48.82588091128452,2.8225643084898024
201800052412,NonLethal,2018-05-01,22:35:00,NightStreelightsOff,750,113,Yes,X-type,Normal,2Vehicles-Side,BOULEVARD DU GENERAL JEA,M,48.82364361932716,2.8246874869634824
201800052413,NonLethal,2018-03-05,12:25:00,Daylight,750,113,Yes,X-type,Normal,2Vehicles-Behind,"130, BOULEVARD VINCENT A",M,48.833479862391314,2.8332928981761816
201800052414,NonLethal,2018-04-05,19:40:00,Daylight,750,113,Yes,NoIntersection,Normal,Other,"31 BIS, RUE NATIONALE",M,48.82454637086975,2.823616170698746
201800052415,NonLethal,2018-05-05,05:10:00,TwilightOrDawn,750,113,Yes,X-type,Normal,2Vehicles-Side,AVENUE DE LA PORTE DE CH,M,48.81441355412534,2.8165820008149
201800052417,NonLethal,2018-05-05,23:50:00,NightStreelightsOn,750,113,Yes,NoIntersection,Normal,Other,"67, RUE DE TOLBIAC",M,48.82721277973591,2.825741553437352
201800052420,NonLethal,2018-09-05,13:15:00,Daylight,750,113,Yes,T-type,Normal,Other,"148B, RUE DE TOLBIAC",M,48.82779290808428,2.826447980328329
201800052422,NonLethal,2018-05-11,03:55:00,NightStreelightsOn,750,113,Yes,Y-type,Normal,Other,"31, BOULEVARD AUGUSTE BL",M,48.83008522790048,2.8290379842878126
201800052423,NonLethal,2018-05-12,18:45:00,Daylight,750,113,Yes,NoIntersection,LightRain,Other,"51, AVENUE DE LA PORTE D",M,48.82249051201386,2.8218955912220185
201800052424,NonLethal,2018-05-13,01:40:00,NightStreelightsOn,750,113,Yes,X-type,Normal,Other,AVENUE DE LA PORTE DE VI,M,48.8222522831076,2.822336248507063
201800052425,NonLethal,2018-05-17,12:10:00,Daylight,750,113,Yes,NoIntersection,Normal,Other,"159, RUE NATIONALE",M,48.83202171745141,2.833506241984921
201800052426,NonLethal,2018-05-17,19:30:00,Daylight,750,113,Yes,X-type,Normal,2Vehicles-Side,"53, BOULEVARD ARAGO",M,48.83608891911895,2.83486173613658
201800052427,NonLethal,2018-05-18,13:25:00,Daylight,750,113,Yes,Y-type,Normal,Other,"79, BOULEVARD VINCENT AU",M,48.83470185263644,2.836906281820524
201800052428,NonLethal,2018-05-21,02:40:00,NightStreelightsOn,750,113,Yes,X-type,Normal,Other,RUE THOMAS MANN,M,48.82985962222341,2.8293443369911477
201800052429,NonLethal,2018-05-22,11:30:00,Daylight,750,113,Yes,NoIntersection,Normal,Other,"73, BOULEVARD VINCENT AU",M,48.83651123698096,2.8355918207651687
201800052430,NonLethal,2018-05-22,17:40:00,Daylight,750,113,Yes,T-type,LightRain,Other,"75, AVENUE DES GOBELINS",M,48.83394641864725,2.832511561750306
201800052431,NonLethal,2018-05-23,06:45:00,Daylight,750,106,Yes,X-type,Normal,2Vehicles-Side,PLACE SAINT GERMAIN DES,M,48.854572561045984,2.854764975265486
201800052432,NonLethal,2018-05-26,12:30:00,Daylight,750,113,Yes,X-type,Normal,2Vehicles-Side,"34, RUE DE LA GLACIERE",M,48.83364323878186,2.834156374752657
201800052433,NonLethal,2018-05-27,16:30:00,Daylight,750,113,Yes,X-type,Normal,2Vehicles-Side,QUAI D AUSTERLITZ,M,48.83621419510245,2.8376883332132854
201800052434,NonLethal,2018-05-27,20:00:00,TwilightOrDawn,750,113,Yes,MoreThan4Branches,Normal,2Vehicles-Behind,"44, RUE DE TOLBIAC",M,48.82709485452039,2.8265903816773226
201800052436,NonLethal,2018-03-06,02:15:00,NightStreelightsOn,750,113,Yes,T-type,Normal,2Vehicles-Side,"140, AVENUE D ITALIE",M,48.82263513339879,2.822335997694715
201800052437,NonLethal,2018-04-06,13:35:00,Daylight,750,113,Yes,X-type,Normal,NoCollision,"62, BOULEVARD VINCENT AU",M,48.83575575858774,2.837038011002752
201800052438,NonLethal,2018-05-06,11:50:00,Daylight,750,113,Yes,T-type,Overcast,Other,"56, BOULEVARD VINCENT AU",M,48.8341390649929,2.834208079606406
201800052439,NonLethal,2018-06-05,23:00:00,NightStreelightsOn,750,113,Yes,T-type,Normal,Other,"108, AVENUE D ITALIE",M,48.8249260019299,2.8237410766632065
201800052440,NonLethal,2018-06-06,09:55:00,Daylight,750,113,Yes,Y-type,Overcast,2Vehicles-Side,PORTE D ITALIE,M,48.81585875019472,2.81561335730357
201800052441,NonLethal,2018-06-07,21:20:00,TwilightOrDawn,750,113,Yes,NoIntersection,Normal,Other,"90, RUE DE TOLBIAC",M,48.82591493474112,2.827875197052892
201800052442,NonLethal,2018-06-08,16:40:00,Daylight,750,113,Yes,NoIntersection,Normal,2Vehicles-Side,"57, AVENUE D IVRY",M,48.82373304354412,2.8248632267102645
201800052444,NonLethal,2018-12-06,12:35:00,Daylight,750,113,Yes,X-type,LightRain,2Vehicles-Side,"6, RUE DE LA POTERNE DES",M,48.820493855860704,2.821127767866197
201800052447,NonLethal,2018-06-15,16:50:00,Daylight,750,113,Yes,X-type,Normal,NoCollision,"55, AVENUE D ITALIE",M,48.82579644073042,2.8262923896955403
201800052448,NonLethal,2018-06-15,19:25:00,Daylight,750,113,Yes,T-type,Normal,Other,"143, AVENUE DE CHOISY",M,48.82695393708239,2.8255100128618
201800052450,NonLethal,2018-06-13,13:15:00,Daylight,750,113,Yes,NoIntersection,Normal,Other,"148, AVENUE D ITALIE",M,48.823409081366414,2.822099672700563
201800052452,NonLethal,2018-06-17,01:40:00,NightStreelightsOn,750,113,Yes,T-type,Normal,2Vehicles-Side,"18-22, QUAI D AUSTERLITZ",M,48.83767591228505,2.837654260340752
201800052453,NonLethal,2018-06-17,07:20:00,Daylight,750,113,Yes,X-type,Normal,Other,BOULEVARD ARAGO,M,48.83440518279952,2.83480141764343
201800052454,NonLethal,2018-06-18,08:30:00,Daylight,750,113,Yes,X-type,Overcast,2Vehicles-Side,"46, RUE DE TOLBIAC",M,48.82889274725656,2.827501660537387
201800052455,NonLethal,2018-06-18,22:50:00,NightStreelightsOn,750,113,Yes,T-type,Normal,NoCollision,BOULEVARD KELLERMANN,M,48.82168659354068,2.821749857038825
201800052456,NonLethal,2018-06-19,16:26:00,Daylight,750,113,Yes,T-type,Normal,2Vehicles-Side,AVENUE DE LA PORTE D ITA,M,48.8187720149888,2.81917221075958
201800052457,NonLethal,2018-06-23,02:08:00,NightStreelightsOn,750,105,Yes,X-type,Normal,2Vehicles-Side,BOULEVARD SAINT GERMAIN,M,48.8488253218592,2.8494500103028075
201800052458,NonLethal,2018-06-23,17:30:00,Daylight,750,113,Yes,NoIntersection,Normal,Other,BOULEVARD AUGUSTE BLANQU,M,48.83061322059043,2.829775124581386
201800052460,NonLethal,2018-06-26,11:40:00,Daylight,750,113,Yes,T-type,Normal,2Vehicles-Side,"178, RUE JEANNE D ARC",M,48.8366413253744,2.8380460949329023
201800052461,NonLethal,2018-06-28,00:01:00,NightStreelightsOn,750,113,Yes,NoIntersection,Normal,Other,"5, BOULEVARD DE L HOPITA",M,48.840877242514985,2.8432098740511496
201800052462,NonLethal,2018-06-28,13:55:00,Daylight,750,113,Yes,T-type,Normal,2Vehicles-Side,"53, RUE DES PEUPLIERS",M,48.82119208114299,2.8222931173362404
201800052463,NonLethal,2018-06-28,17:50:00,Daylight,750,113,Yes,X-type,VeryGood,Other,"166, BOULEVARD MASSENA",M,48.8172408439116,2.817518535443519
201800052464,NonLethal,2018-06-29,21:26:00,NightNoStreetLight,750,106,Yes,T-type,Normal,2Vehicles-Side,"82, BOULEVARD SAINT MICH",M,48.84294050948538,2.8423839978909333
201800052465,NonLethal,2018-02-07,17:40:00,Daylight,750,113,Yes,X-type,Normal,NoCollision,BOULEVARD VINCENT AURIOL,M,48.83577681428766,2.8359484166470543
201800052466,NonLethal,2018-02-07,22:30:00,NightStreelightsOn,750,113,Yes,NoIntersection,Normal,Other,"34, QUAI D AUSTERLITZ",M,48.84230687161628,2.842209269899203
201800052468,NonLethal,2018-04-07,16:24:00,Daylight,750,113,Yes,Square,Normal,2Vehicles-Side,PLACE D ITALIE,M,48.83001805107633,2.8313869853072893
201800052470,NonLethal,2018-07-05,15:20:00,Daylight,750,113,Yes,Other,Overcast,2Vehicles-Side,"192, AVENUE D ITALIE",M,48.820711946733546,2.818803206910583
201800052471,NonLethal,2018-07-07,12:05:00,Daylight,750,113,Yes,Square,Normal,Other,"1-3, PLACE D ITALIE",M,48.83301308876044,2.8321889780791136
201800052472,NonLethal,2018-07-07,13:20:00,Daylight,750,113,Yes,NoIntersection,Normal,2Vehicles-Side,BOULEVARD PERIPHERIQUE E,M,48.81872656727905,2.8188178794955863
201800052473,NonLethal,2018-07-07,16:05:00,Daylight,750,113,Yes,MoreThan4Branches,Normal,Other,"193, RUE DE TOLBIAC",M,48.82536115465327,2.8266831178833502
201800052474,NonLethal,2018-08-07,22:40:00,NightStreelightsOn,750,113,Yes,X-type,Normal,Other,"2, RUE DE LA POTERNE DES",M,48.81790574479389,2.818686156523701
201800052475,NonLethal,2018-07-10,09:40:00,Daylight,750,113,Yes,NoIntersection,Normal,NoCollision,AVENUE PIERRE DE COUBERT,M,48.81805125589729,2.818970075682945
201800052476,NonLethal,2018-07-10,22:00:00,NightStreelightsOn,750,113,Yes,NoIntersection,Normal,2Vehicles-Behind,"234, RUE DE TOLBIAC",M,48.82699731094353,2.8264637833966453
201800052477,NonLethal,2018-07-12,08:10:00,Daylight,750,113,Yes,T-type,Normal,3+Vehicles-Chain,"55, AVENUE DES GOBELINS",M,48.83477691879365,2.834251310381628
201800052479,NonLethal,2018-07-17,23:00:00,NightStreelightsOn,750,113,Yes,X-type,Normal,2Vehicles-Behind,BOULEVARD VINCENT AURIOL,M,48.83647568738695,2.83659479205937
201800052482,NonLethal,2018-07-19,17:00:00,Daylight,750,113,Yes,T-type,Normal,2Vehicles-Side,RUE DU BANQUIER,M,,
201800052483,NonLethal,2018-07-24,08:22:00,Daylight,750,112,Yes,X-type,Normal,2Vehicles-Side,PONT DE TOLBIAC,M,,
201800052484,NonLethal,2018-07-24,10:15:00,Daylight,750,113,No,NoIntersection,Normal,2Vehicles-Behind,BOULEVARD PERIPHERIQUE,M,48.8150757415618,2.8172782434402968
201800052486,NonLethal,2018-07-26,20:00:00,Daylight,750,112,Yes,NoIntersection,Normal,2Vehicles-Side,BOULEVARD PERIPHERIQUE I,M,48.82444632071447,2.826138042373333
201800052488,NonLethal,2018-08-01,01:35:00,NightStreelightsOn,750,114,Yes,Y-type,Normal,2Vehicles-Side,AVENUE DE LA PORTE DE CH,M,42.822751179050506,2.8219193231494755
201800052489,NonLethal,2018-01-08,14:26:00,Daylight,750,113,Yes,X-type,Normal,Other,QUAI D AUSTERLITZ,M,,
201800052490,NonLethal,2018-03-08,20:20:00,Daylight,750,113,Yes,X-type,Normal,2Vehicles-Side,RUE DE TOLBIAC,M,48.83279839059864,2.831815937042126
201800052491,NonLethal,2018-05-08,13:47:00,Daylight,750,113,Yes,X-type,Normal,2Vehicles-BehindVehicles-Frontal,QUAI FRANCOIS MAURIAC,M,48.8339484128806,2.830177824001749
201800052492,NonLethal,2018-06-08,14:50:00,Daylight,750,113,Yes,NoIntersection,Normal,2Vehicles-Side,BOULEVARD VINCENT AURIOL,M,48.83482184192258,2.8342064811527283
201800052493,NonLethal,2018-08-07,13:00:00,Daylight,750,113,Yes,NoIntersection,Normal,Other,BOULEVARD VINCENT AURIOL,M,,
201800052494,NonLethal,2018-08-07,23:30:00,NightStreelightsOn,750,113,Yes,Square,Normal,2Vehicles-Side,PONT D AUSTERLITZ,M,48.84220494370748,2.844442344363721
201800052495,NonLethal,2018-08-13,23:05:00,NightStreelightsOn,750,113,Yes,X-type,Normal,2Vehicles-Side,PONT DE TOLBIAC,M,,
201800052496,NonLethal,2018-08-18,01:40:00,NightStreelightsOn,750,113,Yes,NoIntersection,Normal,Other,RUE DU VAL DE MARNE,M,,
201800052498,NonLethal,2018-08-19,00:45:00,NightStreelightsOn,750,113,Yes,NoIntersection,Normal,2Vehicles-Behind,AVENUE PIERRE DE COUBERT,M,48.8163636537204,2.8162615686734016
201800052499,NonLethal,2018-08-20,08:05:00,Daylight,750,113,Yes,NoIntersection,LightRain,Other,RUE ABEL HOVELACQUE,M,48.83049730681479,2.833375122101468
201800052500,NonLethal,2018-08-21,10:05:00,Daylight,750,113,Yes,Square,Normal,2Vehicles-Side,PLACE VALHUBERT,M,48.84229782654341,2.844120437411689
201800052501,NonLethal,2018-08-23,14:25:00,Daylight,750,113,Yes,NoIntersection,Normal,Other,BOULEVARD AUGUSTE BLANQU,M,48.80177326321969,2.8007459149018263
201800052502,NonLethal,2018-08-23,18:50:00,Daylight,750,113,Yes,NoIntersection,Normal,Other,BOULEVARD AUGUSTE BLANQU,M,,
201800052503,NonLethal,2018-08-24,03:45:00,NightStreelightsOn,750,105,Yes,Square,Normal,2Vehicles-Side,PLACE SAINT MICHEL,M,48.8535635638715,2.853271259644856
201800052506,NonLethal,2018-08-25,22:50:00,NightStreelightsOn,750,113,Yes,T-type,Normal,Other,RUE DE PATAY,M,48.82485966733919,2.823635668370149
201800052507,NonLethal,2018-08-27,23:45:00,NightStreelightsOn,750,113,Yes,T-type,Normal,Other,AVENUE DES GOBELINS,M,48.8328698813609,2.831904011486276
201800052509,NonLethal,2018-08-28,17:00:00,Daylight,750,113,Yes,NoIntersection,Normal,NoCollision,AVENUE DES GOBELINS,M,48.83697930761817,2.8358101134774376
201800052510,NonLethal,2018-08-30,12:40:00,Daylight,750,113,Yes,NoIntersection,Normal,NoCollision,AVENUE D ITALIE,M,48.82679890399751,2.8283984289851163
201800052511,NonLethal,2018-08-30,18:30:00,Daylight,750,106,Yes,NoIntersection,Normal,Other,RUE BONAPARTE,M,48.85508943043317,2.853992725907734
201800052512,NonLethal,2018-08-30,21:45:00,NightStreelightsOn,750,113,Yes,X-type,Normal,2Vehicles-Side,BOULEVARD VINCENT AURIOL,M,48.83699861989291,2.836835249309924
201800052513,NonLethal,2018-08-31,02:28:00,NightStreelightsOn,750,113,Yes,Square,Normal,2Vehicles-Side,PLACE VALHUBERT,M,48.84179034956796,2.8442101053743705
201800052514,NonLethal,2018-04-09,01:20:00,NightStreelightsOn,750,113,Yes,MoreThan4Branches,Normal,2Vehicles-Behind,RUE DE TOLBIAC,M,48.82659087564559,2.826823027396406
201800052516,NonLethal,2018-09-05,17:20:00,Daylight,750,113,Yes,NoIntersection,Normal,2Vehicles-Side,BOULEVARD ARAGO,M,48.8357960619434,2.8364862614781763
201800052517,NonLethal,2018-09-07,01:29:00,NightStreelightsOn,750,106,Yes,Square,Normal,Other,QUAI DE CONTI,M,48.85671191792528,2.857225248503457
201800052518,NonLethal,2018-09-07,14:20:00,Daylight,750,113,Yes,NoIntersection,Normal,2Vehicles-Side,AVENUE D ITALIE,M,48.81872198567624,2.8204276127004864
201800052519,NonLethal,2018-10-09,12:50:00,Daylight,750,113,Yes,NoIntersection,Normal,2Vehicles-Side,BOULEVARD KELLERMANN,M,48.82161535269741,2.821636920852201
201800052520,NonLethal,2018-11-09,01:35:00,NightStreelightsOn,750,113,Yes,X-type,Normal,Other,QUAI PANHARD ET LEVASSOR,M,48.83204394642774,2.8313249636656894
201800052521,NonLethal,2018-11-09,15:10:00,Daylight,750,113,Yes,Square,Normal,2Vehicles-Side,PLACE D ITALIE,M,48.831286182152105,2.830405221293089
201800052522,NonLethal,2018-12-09,20:30:00,NightStreelightsOn,750,113,No,NoIntersection,Normal,3+Vehicles-Multiple,BOULEVARD PERIPHERIQUE I,M,48.79963849538466,2.800199704058648
201800052523,NonLethal,2018-09-13,20:15:00,NightStreelightsOn,750,113,Yes,X-type,Normal,2Vehicles-Behind,AVENUE D ITALIE,M,48.8269997542378,2.8261151915946363
201800052525,NonLethal,2018-09-14,20:40:00,NightStreelightsOn,750,113,Yes,T-type,Normal,Other,BOULEVARD MASSENA,M,48.82439970311593,2.82256067157345
201800052526,NonLethal,2018-09-15,06:10:00,NightStreelightsOn,750,113,Yes,NoIntersection,Normal,2Vehicles-Behind,RUE AUGUSTE PERRET,M,48.82511884488922,2.825089096262824
201800052527,NonLethal,2018-09-15,13:00:00,Daylight,750,113,Yes,T-type,Normal,NoCollision,RUE DU DESSOUS DES BERGE,M,48.827012940873225,2.8258421197975614
201800052528,NonLethal,2018-09-15,19:30:00,NightStreelightsOn,750,113,Yes,Y-type,Normal,2Vehicles-Side,AVENUE DE LA PORTE D ITA,M,,
201800052531,NonLethal,2018-09-17,16:25:00,Daylight,750,113,Yes,T-type,Normal,Other,QUAI PANHARD ET LEVASSOR,M,,
201800052532,NonLethal,2018-09-17,19:00:00,Daylight,750,113,Yes,Roundabout,Normal,2Vehicles-Side,AVENUE GENERAL DE GAULLE,M,48.866463109591976,2.8670677056101423
201800052534,NonLethal,2018-09-20,16:40:00,Daylight,750,113,Yes,X-type,Normal,Other,BOULEVARD SAINT MARCEL,M,48.43919267141513,2.438148810784633
201800052535,NonLethal,2018-09-23,07:25:00,TwilightOrDawn,750,113,Yes,Square,Overcast,2Vehicles-Side,PLACE D ITALIE,M,48.83231718860639,2.831806281737153
201800052536,NonLethal,2018-09-23,11:40:00,Daylight,750,113,Yes,X-type,LightRain,Other,BOULEVARD ARAGO,M,48.833988960417486,2.833315464030365
201800052537,NonLethal,2018-09-23,16:00:00,Daylight,750,113,Yes,X-type,LightRain,2Vehicles-Behind,AVENUE D ITALIE,M,48.866318644941074,2.86657650744585
201800052538,NonLethal,2018-09-23,15:35:00,Daylight,750,105,Yes,X-type,HeavyRain,Other,BOULEVARD SAINT MICHEL,M,48.844877320692994,2.843808707571548
201800052539,NonLethal,2018-09-23,20:17:00,NightStreelightsOn,750,113,Yes,T-type,Normal,2Vehicles-Side,BOULEVARD DE L HOPITAL,M,48.84087456888306,2.8403355336553533
201800052540,NonLethal,2018-09-23,21:20:00,NightNoStreetLight,750,113,Yes,X-type,LightRain,2Vehicles-Side,QUAI DE LA GARE,M,47.99989219516284,2.0000805090801697
201800052541,NonLethal,2018-09-25,15:45:00,Daylight,750,113,Yes,T-type,Normal,Other,AVENUE D ITALIE,M,48.82628726450335,2.827413997730568
201800052542,NonLethal,2018-09-26,19:45:00,NightStreelightsOn,750,113,Yes,X-type,Normal,Other,BOULEVARD AUGUSTE BLANQU,M,48.83101870871582,2.831410651318493
201800052543,NonLethal,2018-09-26,20:35:00,NightStreelightsOn,750,113,Yes,X-type,Normal,Other,BOULEVARD MASSENA,M,48.82198351949896,2.820922185620105
201800052545,NonLethal,2018-09-27,20:15:00,NightStreelightsOn,750,113,Yes,NoIntersection,Normal,Other,RUE DUPUY DE LOME,M,48.82198553943193,2.821232834240597
201800052546,NonLethal,2018-09-30,11:35:00,Daylight,750,113,Yes,T-type,Normal,Other,AVENUE D ITALIE,M,48.82554272218965,2.8260378388350333
201800052547,NonLethal,2018-09-30,20:22:00,NightStreelightsOn,750,113,Yes,T-type,Normal,2Vehicles-Side,QUAI FRANCOIS MAURIAC,M,48.83251326074888,2.8341039332274733
201800052548,NonLethal,2018-10-02,09:15:00,Daylight,750,113,Yes,T-type,Normal,Other,AVENUE D ITALIE,M,48.82764538225016,2.8272539202591336
201800052550,NonLethal,2018-04-10,20:35:00,NightStreelightsOn,750,113,Yes,NoIntersection,Normal,2Vehicles-Side,RUE DE TOLBIAC,M,48.83017616250391,2.8293026925009155
201800052551,NonLethal,2018-04-10,20:50:00,NightStreelightsOn,750,113,Yes,T-type,Normal,2Vehicles-Side,BOULEVARD MASSENA,M,48.82026253500465,2.819322547090087
201800052553,NonLethal,2018-08-10,08:10:00,Daylight,750,113,Yes,NoIntersection,Normal,Other,PONT DE TOLBIAC,M,48.83389261804433,2.833868305815465
201800052555,NonLethal,2018-10-09,14:20:00,Daylight,750,113,Yes,T-type,Normal,2Vehicles-Side,RUE DUPUY DE LOME,M,48.820413995789416,2.822742447599424
201800052557,NonLethal,2018-10-10,14:04:00,Daylight,750,113,Yes,X-type,Normal,Other,RUE DE LA GLACIERE,M,,
201800052558,NonLethal,2018-10-10,20:20:00,NightStreelightsOn,750,113,Yes,X-type,Normal,2Vehicles-Side,RUE DE TOLBIAC,M,48.82558066185112,2.8264212951087857
201800052559,NonLethal,2018-10-11,12:00:00,Daylight,750,113,Yes,NoIntersection,Normal,Other,BOULEVARD SAINT MARCEL,M,48.83898315813979,2.836974661173744
201800052561,NonLethal,2018-10-12,09:15:00,Daylight,750,113,Yes,NoIntersection,Normal,Other,RUE DU CHEVALERET,M,48.83317861514932,2.837287599288816
201800052562,NonLethal,2018-10-12,12:30:00,Daylight,750,112,Yes,NoIntersection,Normal,2Vehicles-Side,PONT DE TOLBIAC,M,48.83251632572107,2.8323125202730144
201800052563,NonLethal,2018-10-14,12:55:00,Daylight,750,113,Yes,X-type,Normal,2Vehicles-Side,BOULEVARD KELLERMANN,M,48.818137996051966,2.817692831199223
201800052564,NonLethal,2018-10-14,18:35:00,Daylight,750,113,Yes,T-type,Normal,Other,RUE DU CHATEAU DES RENTI,M,48.82636556570749,2.8247069097064434
201800052565,NonLethal,2018-10-14,22:33:00,NightStreelightsOn,750,113,Yes,Y-type,Normal,2Vehicles-Side,RUE DE PATAY,M,48.82847749439531,2.826865972347054
201800052566,NonLethal,2018-10-15,23:35:00,NightStreelightsOn,750,113,Yes,NoIntersection,Normal,2Vehicles-Side,AVENUE DE FRANCE,M,,