AccidentId,Gravity,Date,Hour,Light,Department,Commune,InAgglomeration,IntersectionType,Weather,CollisionType,PostalAddress,GPSCode,Latitude,Longitude
201800052567,NonLethal,2018-10-17,10:45:00,Daylight,750,113,Yes,T-type,Normal,2Vehicles-Side,AVENUE DE CHOISY,M,48.83056542862904,2.830947226459333
201800052568,NonLethal,2018-10-17,10:50:00,Daylight,750,113,Yes,Y-type,Normal,2Vehicles-Side,RUE LEON MAURICE NORDMAN,M,48.83505728630296,2.834854993536499
201800052569,NonLethal,2018-10-17,07:45:00,TwilightOrDawn,750,113,Yes,T-type,Normal,NoCollision,RUE DE PATAY,M,48.82577185847889,2.8241910885062858
201800052570,NonLethal,2018-10-21,15:41:00,Daylight,750,113,Yes,NoIntersection,Normal,2Vehicles-Side,AVENUE D ITALIE,M,,
201800052571,NonLethal,2018-10-21,18:45:00,NightStreelightsOn,750,113,Yes,NoIntersection,Normal,Other,RUE DU CONVENTIONNEL CHI,M,48.82059878260485,2.81760371977006
201800052572,NonLethal,2018-10-22,10:09:00,Daylight,750,113,Yes,X-type,Overcast,Other,BOULEVARD MASSENA,M,48.822488547711416,2.8214416714137163
201800052573,NonLethal,2018-10-24,09:25:00,Daylight,750,113,Yes,NoIntersection,Normal,2Vehicles-Behind,BOULEVARD VINCENT AURIOL,M,48.83618631103393,2.8345259915853127
201800052574,NonLethal,2018-10-25,11:20:00,Daylight,750,113,Yes,NoIntersection,Normal,Other,AVENUE D ITALIE,M,48.831778303619735,2.8296131783286693
201800052575,NonLethal,2018-10-27,16:50:00,Daylight,750,113,Yes,X-type,Normal,2Vehicles-Side,RUE DE TOLBIAC,M,48.8254118691282,2.8260199312526404
201800052576,NonLethal,2018-10-28,20:45:00,NightStreelightsOn,750,113,Yes,T-type,Normal,Other,RUE DE TOLBIAC,M,48.82672657470194,2.828636514860684
201800052577,NonLethal,2018-10-29,15:10:00,Daylight,750,113,Yes,X-type,Normal,2Vehicles-Side,BOULEVARD MASSENA,M,48.8192387527806,2.8192165321137006
201800052578,NonLethal,2018-10-30,14:45:00,Daylight,750,113,Yes,NoIntersection,Normal,2Vehicles-Behind,RUE DE TOLBIAC,M,48.82719457760353,2.827737186792048
201800052579,NonLethal,2018-10-31,19:10:00,NightStreelightsOn,750,113,Yes,T-type,LightRain,2Vehicles-Side,RUE DES PEUPLIERS,M,48.82259681869839,2.821434902988329
201800052581,NonLethal,2018-06-11,17:35:00,TwilightOrDawn,750,113,Yes,T-type,Normal,Other,AVENUE D ITALIE,M,48.85865515086939,2.860494968081261
201800052583,NonLethal,2018-11-06,18:33:00,NightStreelightsOn,750,113,Yes,NoIntersection,Normal,2Vehicles-Behind,BOULEVARD PERIPHERIQUE,M,48.81899540953144,2.818113074645127
201800052584,NonLethal,2018-07-11,15:25:00,Daylight,750,113,Yes,Y-type,Overcast,2Vehicles-Side,PORTE D ITALIE,M,48.8166972978573,2.8158044786167777
201800052585,NonLethal,2018-11-08,10:08:00,Daylight,750,113,Yes,NoIntersection,Normal,Other,RUE DE TOLBIAC,M,48.82881110136056,2.8312922814215957
201800052586,NonLethal,2018-11-08,19:35:00,NightStreelightsOn,750,113,Yes,X-type,Normal,2Vehicles-Side,BOULEVARD ARAGO,M,48.83428153224014,2.834025711318057
201800052587,NonLethal,2018-11-09,18:25:00,NightStreelightsOn,750,113,Yes,T-type,Normal,Other,RUE BARRAULT,M,48.82567979966812,2.827552705823823
201800052588,NonLethal,2018-11-09,23:00:00,NightStreelightsOn,750,113,Yes,X-type,Normal,Other,BOULEVARD VINCENT AURIOL,M,48.83589606564364,2.8351015031362223
201800052589,NonLethal,2018-11-10,15:39:00,Daylight,750,113,Yes,X-type,HeavyRain,NoCollision,PONT CHARLES DE GAULLE,M,48.84377144849003,2.842259138743379
201800052590,NonLethal,2018-11-10,16:50:00,TwilightOrDawn,750,113,Yes,X-type,LightRain,2Vehicles-Side,BOULEVARD ARAGO,M,48.83008559416792,2.828338031969534
201800052592,NonLethal,2018-12-11,07:40:00,Daylight,750,113,Yes,X-type,LightRain,Other,QUAI D AUSTERLITZ,M,48.84205427258343,2.8409494886211624
201800052594,NonLethal,2018-11-14,08:00:00,Daylight,750,113,Yes,T-type,Normal,Other,RUE DE TOLBIAC,M,48.82594730308524,2.827140478015143
201800052595,NonLethal,2018-11-15,07:57:00,Daylight,750,113,Yes,X-type,Overcast,Other,BOULEVARD VINCENT AURIOL,M,48.83471836774106,2.8345341395853247
201800052596,NonLethal,2018-11-15,08:55:00,Daylight,750,113,Yes,T-type,FogOrSmoke,Other,AVENUE GENERAL DE GAULLE,M,48.81490839151476,2.815051373591268
201800052597,NonLethal,2018-11-16,07:00:00,NightStreelightsOn,750,113,Yes,X-type,Overcast,2Vehicles-Side,RUE DU MOULINET,M,48.82026710423513,2.8187135668101506
201800052600,NonLethal,2018-11-16,14:30:00,Daylight,750,113,Yes,X-type,Normal,2Vehicles-Side,RUE NEUVE TOLBIAC,M,48.83215694193577,2.829853237839063
201800052601,NonLethal,2018-11-16,20:04:00,NightStreelightsOn,750,113,Yes,X-type,Normal,Other,RUE NEUVE TOLBIAC,M,48.83055742544774,2.830305665231738
201800052603,NonLethal,2018-11-18,00:45:00,NightStreelightsOn,750,113,Yes,X-type,Normal,2Vehicles-Side,RUE DE TOLBIAC,M,48.826258499973,2.8276763566044503
201800052604,NonLethal,2018-11-19,09:30:00,TwilightOrDawn,750,113,Yes,X-type,Normal,Other,AVENUE DE FRANCE,M,48.82881255770758,2.829535806355484
201800052605,NonLethal,2018-11-19,12:40:00,Daylight,750,113,Yes,NoIntersection,Normal,2Vehicles-Behind,RUE DU VAL DE MARNE,M,48.81757111231414,2.8158170030545544
201800052606,NonLethal,2018-11-21,09:24:00,Daylight,750,113,Yes,X-type,Normal,2Vehicles-Side,BOULEVARD DE L HOPITAL,M,48.83659929323805,2.83594691335244
201800052609,NonLethal,2018-11-26,21:24:00,NightStreelightsOn,750,113,Yes,X-type,Overcast,Other,QUAI PANHARD ET LEVASSOR,M,48.83272294002966,2.8301549853373427
201800052610,NonLethal,2018-11-27,18:10:00,NightStreelightsOn,750,113,Yes,X-type,LightRain,2Vehicles-Side,BOULEVARD KELLERMANN,M,,
201800052611,NonLethal,2018-11-27,19:10:00,TwilightOrDawn,750,114,Yes,T-type,LightRain,Other,RUE DE L AMIRAL MOUCHEZ,M,48.81993301426133,2.8201238746099664
201800052612,NonLethal,2018-11-30,08:20:00,Daylight,750,113,Yes,X-type,Normal,Other,RUE DE TOLBIAC,M,48.82455948097817,2.826934945571029
201800052613,NonLethal,2018-12-02,02:15:00,NightStreelightsOn,750,107,Yes,X-type,LightRain,2Vehicles-Behind,QUAI D ORSAY,M,48.86359346654497,2.862827249244581
201800052614,NonLethal,2018-12-03,15:00:00,Daylight,750,113,Yes,X-type,LightRain,2Vehicles-Behind,AVENUE DE LA PORTE D ITA,M,48.81738100258048,2.8187409229387903
201800052615,NonLethal,2018-12-03,18:05:00,NightStreelightsOn,750,113,Yes,Square,Overcast,2Vehicles-Side,PLACE D ITALIE,M,48.83142831880899,2.831763173380696
201800052616,NonLethal,2018-04-12,07:15:00,NightStreelightsOn,750,113,Yes,Square,LightRain,2Vehicles-Side,PLACE D ITALIE,M,48.82981553525207,2.832378836985181
201800052617,NonLethal,2018-12-04,09:35:00,Daylight,750,113,Yes,NoIntersection,Overcast,Other,RUE DU CHEVALERET,M,,
201800052618,NonLethal,2018-04-12,10:25:00,Daylight,750,113,Yes,T-type,Normal,2Vehicles-Side,QUAI D AUSTERLITZ,M,48.837759930249,2.8381149252955638
201800052619,NonLethal,2018-04-12,20:55:00,NightStreelightsOn,750,113,Yes,NoIntersection,Normal,2Vehicles-Side,BOULEVARD ARAGO,M,48.86655293303569,2.8677025118869315
201800052620,NonLethal,2018-12-11,12:15:00,Daylight,750,113,Yes,NoIntersection,Normal,Other,RUE DE TOLBIAC,M,48.82808341797997,2.827909616874474
201800052621,NonLethal,2018-12-12,18:10:00,NightNoStreetLight,750,113,Yes,NoIntersection,Normal,Other,AVENUE DE LA PORTE DE CH,M,48.81659063706727,2.818353889000986
201800052622,NonLethal,2018-12-13,09:50:00,Daylight,750,113,Yes,T-type,Normal,Other,AVENUE D ITALIE,M,48.82737710824891,2.8300356877686985
201800052625,NonLethal,2018-12-14,13:45:00,Daylight,750,113,Yes,T-type,Normal,2Vehicles-Side,BOULEVARD DE L HOPITAL,M,48.83461243397596,2.835276995118314
201800052626,NonLethal,2018-12-16,01:10:00,NightStreelightsOff,750,113,Yes,X-type,LightRain,Other,BOULEVARD SAINT MARCEL,M,48.88004805605053,2.8801442849028818
201800052628,NonLethal,2018-12-17,09:20:00,Daylight,750,113,Yes,X-type,Normal,Other,BOULEVARD KELLERMANN,M,48.81976586619408,2.8188024076554967
201800052630,NonLethal,2018-12-20,07:20:00,NightStreelightsOn,750,113,Yes,T-type,Normal,2Vehicles-Side,AVENUE D ITALIE,M,48.820973236846775,2.823998107448066
201800052631,NonLethal,2018-12-20,22:15:00,NightStreelightsOn,750,113,Yes,Y-type,Normal,2Vehicles-Side,AVENUE DE LA PORTE D IVR,M,48.82048039933039,2.8177624410467565
201800052632,NonLethal,2018-12-21,07:45:00,NightStreelightsOn,750,113,Yes,T-type,LightRain,2Vehicles-Side,RUE JEANNE D ARC,M,48.83348419726676,2.832295788382225
201800052633,NonLethal,2018-12-21,09:50:00,Daylight,750,113,Yes,Square,LightRain,NoCollision,RUE JENNER,M,48.83591893672194,2.8368831330769204
201800052634,NonLethal,2018-12-21,18:15:00,NightStreelightsOff,750,113,Yes,NoIntersection,Normal,Other,AVENUE DE FRANCE,M,,
201800052638,NonLethal,2018-12-31,13:45:00,Daylight,750,113,Yes,NoIntersection,Overcast,Other,RUE DE TOLBIAC,M,48.817821320528765,2.8198150118355887
201800052639,NonLethal,2018-12-31,23:40:00,NightStreelightsOn,750,114,Yes,NoIntersection,Normal,Other,AVENUE DE LA PORTE DE CH,M,48.82273805370775,2.8261435814662046
201800052641,NonLethal,2018-05-01,12:10:00,Daylight,750,114,Yes,Y-type,Overcast,Other,"16, RUE RAYMOND LOSSERAN",M,48.83419970849488,2.8361200209310287
201800052642,NonLethal,2018-05-01,18:47:00,NightStreelightsOn,750,113,Yes,NoIntersection,StrongWindOrStorm,2Vehicles-Side,"/, PORTE DE GENTILLY",M,48.81533132626077,2.8174627040190505
201800052643,NonLethal,2018-01-07,18:20:00,NightStreelightsOn,750,114,Yes,T-type,Overcast,Other,"154, RUE D ALESIA",M,48.83103503662287,2.8329832967519226
201800052644,NonLethal,2018-08-01,19:00:00,NightStreelightsOn,750,114,Yes,NoIntersection,Normal,2Vehicles-Behind,"57, AVENUE DENFERT ROCHE",M,48.83698641516292,2.8388677906558346
201800052645,NonLethal,2018-01-10,15:00:00,Daylight,750,114,Yes,T-type,Normal,Other,"141, RUE D ALESIA",M,48.83064619611244,2.830038465494043
201800052646,NonLethal,2018-01-17,07:35:00,NightStreelightsOn,750,105,Yes,X-type,LightRain,Other,"94, BOULEVARD DE PORT RO",M,48.83992083348608,2.837486623390363
201800052647,NonLethal,2018-01-17,21:50:00,NightStreelightsOn,750,114,Yes,X-type,Normal,2Vehicles-Side,"66, RUE DIDOT",M,48.82936414795068,2.8289256972465906
201800052648,NonLethal,2018-01-18,11:50:00,TwilightOrDawn,750,114,Yes,T-type,LightRain,2Vehicles-Side,", BOULEVARD JOURDAN",M,48.818719223107855,2.81689108569835
201800052649,NonLethal,2018-01-18,13:45:00,Daylight,750,114,Yes,X-type,Overcast,Other,"13, AVENUE RENE COTY",M,48.83229090768174,2.830124076406205
201800052650,NonLethal,2018-01-19,23:10:00,NightStreelightsOn,750,114,Yes,MoreThan4Branches,Normal,NoCollision,"29, RUE ASSELINE",M,48.83683705106331,2.8339302655879486
201800052651,NonLethal,2018-01-20,06:01:00,NightStreelightsOn,750,114,Yes,X-type,LightRain,Other,"14-11261, RUE VERCINGETO",M,48.83665360978563,2.834522395277212
201800052652,NonLethal,2018-01-21,18:45:00,NightStreelightsOn,750,114,Yes,Y-type,LightRain,Other,"118, AVENUE DU GENERAL L",M,48.826524105017626,2.8250158463083204
201800052653,NonLethal,2018-01-23,08:20:00,Daylight,750,114,Yes,T-type,Normal,2Vehicles-Side,RUE CELS,M,48.83758105173989,2.835198983333396
201800052655,NonLethal,2018-01-25,18:20:00,NightStreelightsOn,750,114,Yes,Y-type,Normal,Other,"6, RUE GUSTAVE LE BON",M,48.82523814314551,2.825609909209005
201800052656,NonLethal,2018-01-28,05:07:00,NightStreelightsOn,750,114,Yes,X-type,LightRain,2Vehicles-Side,"32, RUE DE L OUEST",M,48.83653972969496,2.837585146297654
201800052657,NonLethal,2018-01-29,18:20:00,NightStreelightsOn,750,114,Yes,X-type,Normal,2Vehicles-Behind,"44, RUE DIDOT",M,48.83127814151289,2.832574168287642
201800052658,NonLethal,2018-01-30,01:00:00,NightStreelightsOn,750,114,Yes,NoIntersection,Normal,2Vehicles-Side,"39, RUE DE LA GAITE",M,48.836619538713926,2.8389979910588865
201800052659,NonLethal,2018-02-01,10:30:00,Daylight,750,107,Yes,Y-type,Normal,Other,"17, BOULEVARD DES INVALI",M,48.85907979265306,2.857041154017179
201800052660,NonLethal,2018-02-02,14:30:00,Daylight,750,114,Yes,T-type,Normal,2Vehicles-Side,"51, AVENUE DU MAINE",M,48.8405116883218,2.8404693253684963
201800052661,NonLethal,2018-02-02,14:50:00,Daylight,750,114,Yes,T-type,Normal,2Vehicles-Behind,"49, AVENUE DU MAINE",M,48.84173443991348,2.842079051616994
201800052662,NonLethal,2018-02-02,18:00:00,NightStreelightsOn,750,114,Yes,T-type,Normal,2Vehicles-BehindVehicles-Frontal,"5 BIS, RUE D ALESIA",M,48.82515478309423,2.8277483093434075
201800052663,NonLethal,2018-02-09,19:40:00,NightStreelightsOn,750,107,Yes,Square,Other,Other,PLACE VAUBAN,M,48.85326744167256,2.8563209239459906
201800052664,NonLethal,2018-02-10,12:00:00,Daylight,750,114,Yes,X-type,Normal,2Vehicles-Side,", RUE DE LA TOMBE ISSOIR",M,48.83303361833789,2.833963767298457
201800052665,NonLethal,2018-02-11,07:50:00,NightStreelightsOn,750,114,Yes,Y-type,Normal,Other,"116, AVENUE DU MAINE",M,48.83506765814312,2.8358163651238977
201800052666,NonLethal,2018-11-02,19:45:00,NightStreelightsOn,750,114,Yes,X-type,Normal,2Vehicles-Side,"/, RUE HIPPOLYTE MAINDRO",M,48.83008628277062,2.831562546732937
201800052669,NonLethal,2018-02-17,11:30:00,Daylight,750,114,Yes,T-type,Normal,2Vehicles-Behind,AVENUE ERNEST REYER,M,48.82409575013705,2.8238445729623294
201800052670,NonLethal,2018-02-19,13:15:00,Daylight,750,114,Yes,X-type,LightRain,Other,"223, RUE D ALESIA",M,48.83241161406822,2.8309810487260822
201800052671,NonLethal,2018-02-22,23:45:00,NightStreelightsOn,750,114,Yes,X-type,Normal,2Vehicles-Side,"39, RUE FROIDEVAUX",M,48.83668246018273,2.836427410998976
201800052672,NonLethal,2018-02-24,01:52:00,NightStreelightsOn,750,105,Yes,T-type,Normal,Other,"63, BOULEVARD SAINT GERM",M,48.85157382442076,2.849758178383116
201800052673,NonLethal,2018-03-02,17:00:00,Daylight,750,114,Yes,X-type,Normal,Other,"35, RUE DU COMMANDANT RE",M,48.83853373594479,2.8380644567042324
201800052675,NonLethal,2018-03-07,14:00:00,Daylight,750,114,Yes,X-type,LightRain,Other,"670, RUE D ALESIA",M,48.83075242183998,2.832575509524766
201800052676,NonLethal,2018-03-08,11:55:00,Daylight,750,114,Yes,Square,Overcast,Other,AVENUE DE LA PORTE D ORL,M,48.821038049800336,2.822438140010297
201800052677,NonLethal,2018-08-03,19:05:00,NightStreelightsOn,750,114,Yes,X-type,LightRain,NoCollision,"86, BOULEVARD ADOLPHE PI",M,48.8243367370948,2.8230968444910465
201800052678,NonLethal,2018-11-03,01:30:00,NightStreelightsOn,750,106,Yes,MoreThan4Branches,HeavyRain,2Vehicles-Behind,"l3l, BOULEVARD SAINT GER",M,48.85370243020172,2.8531714417680782
201800052679,NonLethal,2018-12-03,08:20:00,Daylight,750,114,Yes,NoIntersection,LightRain,2Vehicles-Side,"43, BOULEVARD SAINT JACQ",M,48.83386215599048,2.831805899973568
201800052680,NonLethal,2018-03-12,09:15:00,Daylight,750,114,Yes,Y-type,Normal,2Vehicles-Side,"217, BOULEVARD RASPAIL",M,48.83838308656095,2.8414337687050755
201800052681,NonLethal,2018-03-14,15:20:00,Daylight,750,114,Yes,X-type,Normal,2Vehicles-Side,BOULEVARD BRUNE,M,48.82768220058627,2.828710663974577
201800052682,NonLethal,2018-03-15,15:35:00,Daylight,750,114,Yes,X-type,Normal,2Vehicles-Behind,"53, AVENUE DU GENERAL LE",M,48.82959553198654,2.8305376064604464
201800052683,NonLethal,2018-03-15,20:55:00,NightStreelightsOn,750,114,Yes,NoIntersection,LightRain,2Vehicles-Side,"110, AVENUE DU GENERAL L",M,48.826404443527785,2.8256372215503545
201800052684,NonLethal,2018-03-18,17:00:00,Daylight,750,114,Yes,T-type,SnowOrHail,Other,"149, RUE D ALESIA",M,48.83061302538276,2.831718108923906
201800052685,NonLethal,2018-03-19,13:30:00,Daylight,750,114,Yes,NoIntersection,Normal,2Vehicles-Side,"135, RUE VERCINGETORIX",M,48.83177419366746,2.832494453369186
201800052686,NonLethal,2018-03-19,16:20:00,Daylight,750,114,Yes,T-type,Overcast,Other,"l73, RUE VERCINGETORIX",M,48.832240089594805,2.833171334521416
201800052687,NonLethal,2018-03-20,06:45:00,TwilightOrDawn,750,114,Yes,Square,Normal,2Vehicles-Side,", PLACE VICTOR ET HELENE",M,48.82711260625302,2.827718342536124
201800052688,NonLethal,2018-03-20,21:00:00,NightStreelightsOn,750,114,Yes,NoIntersection,Normal,2Vehicles-Side,"3, AVENUE MAURICE D OCAG",M,48.82466313784287,2.8248744083714783
201800052689,NonLethal,2018-03-23,15:20:00,Daylight,750,114,Yes,X-type,Overcast,Other,RUE DE LA TOMBE ISSOIRE,M,48.82797627922814,2.827478519568773
201800052690,NonLethal,2018-03-24,08:50:00,Daylight,750,114,Yes,MoreThan4Branches,Normal,Other,"8, BOULEVARD BRUNE",M,48.8277308419348,2.82582434114166
201800052691,NonLethal,2018-03-23,17:15:00,Daylight,750,114,Yes,X-type,Normal,Other,"108, RUE D ALESIA",M,48.82923045829733,2.82843010823943
201800052692,NonLethal,2018-03-25,19:20:00,Daylight,750,114,Yes,T-type,Normal,2Vehicles-BehindVehicles-Frontal,"63, RUE RAYMOND LOSSERAN",M,48.83339998137748,2.835555410829502
201800052694,NonLethal,2018-03-27,09:15:00,Daylight,750,114,Yes,NoIntersection,LightRain,Other,AVENUE DU GENERAL LECLER,M,48.825393962239765,2.8237706449778224
201800052695,NonLethal,2018-03-30,11:00:00,Daylight,750,114,Yes,X-type,Overcast,2Vehicles-Behind,"30, RUE OLIVIER NOYER",M,48.83211267598679,2.832404279331367
201800052696,NonLethal,2018-03-30,17:25:00,Daylight,750,114,Yes,NoIntersection,Normal,2Vehicles-Side,"10, AVENUE DE LA PORTE D",M,48.826129341371015,2.8275962404529853
201800052697,NonLethal,2018-03-31,09:10:00,Daylight,750,114,Yes,X-type,Normal,2Vehicles-Behind,"l28, AVENUE DU GENERAL L",M,48.8264473601167,2.824981818182439
201800052698,NonLethal,2018-04-04,19:35:00,Daylight,750,114,Yes,Square,Normal,2Vehicles-Behind,PLACE VICTOR ET HELENE B,M,48.82717789612585,2.829922723523921
201800052699,NonLethal,2018-03-28,21:15:00,NightStreelightsOn,750,114,Yes,NoIntersection,Other,Other,BOULEVARD PERIPHERIQUE E,M,48.82080975947,2.8207358877525035
201800052701,NonLethal,2018-04-07,10:20:00,Daylight,750,114,Yes,Y-type,Normal,2Vehicles-Behind,"114, AVENUE DU MAINE",M,48.83629978063051,2.837173251198829
201800052702,NonLethal,2018-07-04,22:20:00,NightStreelightsOn,750,114,Yes,T-type,Normal,Other,"94, RUE DIDOT",M,48.826226791655415,2.828890493479795
201800052704,NonLethal,2018-04-09,20:00:00,TwilightOrDawn,750,114,Yes,T-type,LightRain,3+Vehicles-Multiple,"47, RUE FROIDEVAUX",M,48.83581699836843,2.835803756674796
201800052706,NonLethal,2018-04-14,11:40:00,Daylight,750,114,Yes,T-type,Normal,2Vehicles-BehindVehicles-Frontal,"110, RUE DIDOT",M,48.82533538732002,2.8279370321839448
201800052707,NonLethal,2018-04-17,05:30:00,TwilightOrDawn,750,114,Yes,NoIntersection,Normal,Other,"58, RUE DE LA SABLIERE",M,48.83255960380904,2.83036115737988
201800052708,NonLethal,2018-04-18,11:10:00,Daylight,750,114,Yes,NoIntersection,Normal,Other,"259, BOULEVARD RASPAIL",M,48.83654333779773,2.836928732295984
201800052709,NonLethal,2018-04-19,17:22:00,Daylight,750,114,Yes,NoIntersection,Normal,Other,"159, RUE RAYMOND LOSSERA",M,48.82873603067091,2.831170502228242
201800052711,NonLethal,2018-04-24,22:34:00,NightStreelightsOn,750,114,Yes,Square,Normal,Other,PLACE DENFERT ROCHEREAU,M,48.834579411555005,2.834869927366882
201800052712,NonLethal,2018-04-25,06:40:00,TwilightOrDawn,750,114,Yes,X-type,Normal,Other,"2, RUE DE CHATILLON",M,48.82764338803592,2.827152934179768
201800052714,NonLethal,2018-04-27,05:50:00,NightStreelightsOn,750,114,Yes,NoIntersection,Normal,NoCollision,"122, AVENUE DU GENERAL L",M,48.824085693376496,2.825140467309411
201800052715,NonLethal,2018-04-29,17:58:00,Daylight,750,114,Yes,NoIntersection,LightRain,Other,BOULEVARD PERIPHERIQUE E,M,48.82311144011169,2.823983399618402
201800052716,NonLethal,2018-04-30,09:50:00,Daylight,750,114,Yes,NoIntersection,Normal,Other,AVENUE DE LA PORTE D ORL,M,48.820802939756746,2.819294188606674
201800052717,NonLethal,2018-05-03,09:45:00,Daylight,750,107,Yes,T-type,Normal,NoCollision,QUAI D ORSAY,M,48.86137293268081,2.8631126316744613
201800052718,NonLethal,2018-05-03,11:50:00,Daylight,750,114,Yes,NoIntersection,Normal,Other,"3, AVENUE GEORGES LAFENE",M,48.82614595152607,2.825391913534865
201800052719,NonLethal,2018-05-04,07:45:00,Daylight,750,114,Yes,Square,Normal,2Vehicles-Behind,RUE VERCINGETORIX,M,48.83699573673894,2.8380719983451903
201800052720,NonLethal,2018-05-05,14:20:00,Daylight,750,114,Yes,Y-type,Normal,Other,"44, RUE D ALESIA",M,48.82923478132184,2.8282646830076383
201800052721,NonLethal,2018-05-09,20:00:00,Daylight,750,114,Yes,NoIntersection,Normal,Other,"11, AVENUE PAUL APPELL",M,48.82068308494237,2.822034010554007
201800052722,NonLethal,2018-05-11,10:45:00,Daylight,750,114,Yes,Y-type,Normal,Other,"3, RUE DAREAU",M,48.83127700414776,2.8331289067421013
201800052723,NonLethal,2018-05-15,11:00:00,Daylight,750,114,Yes,NoIntersection,Overcast,2Vehicles-Behind,"162, BOULEVARD DU MONTPA",M,48.84158274997209,2.840222296484038
201800052724,NonLethal,2018-05-15,18:00:00,Daylight,750,114,Yes,T-type,Normal,2Vehicles-Side,"202, AVENUE DU MAINE",M,48.830726531332594,2.831017284192111
201800052725,NonLethal,2018-05-17,11:25:00,Daylight,750,114,Yes,Square,Normal,2Vehicles-Side,"24, PLACE DE CATALOGNE",M,48.83705052483809,2.836606092382995
201800052726,NonLethal,2018-05-18,21:00:00,Daylight,750,114,Yes,NoIntersection,Normal,2Vehicles-Side,"1O6, AVENUE DU GENERAL L",M,48.8256645781858,2.8275479505813594
201800052727,NonLethal,2018-05-19,16:30:00,Daylight,750,114,Yes,T-type,Normal,2Vehicles-Side,"182, RUE D ALESIA",M,48.83277710278163,2.831182141038962
201800052728,NonLethal,2018-05-20,09:40:00,Daylight,750,114,Yes,X-type,Normal,Other,"55, AVENUE JEAN MOULIN",M,48.82511900053039,2.8250396255403203
201800052729,NonLethal,2018-05-20,18:00:00,Daylight,750,114,Yes,X-type,Normal,2Vehicles-Side,AVENUE DE LA PORTE DE MO,M,48.82342366635872,2.82346126869362
201800052730,NonLethal,2018-05-22,18:00:00,Daylight,750,114,Yes,Y-type,LightRain,Other,"197, AVENUE DU MAINE",M,48.82851067422813,2.829218584087704
201800052734,NonLethal,2018-05-24,13:45:00,Daylight,750,114,Yes,NoIntersection,Normal,Other,"51, AVENUE DE L OBSERVAT",M,48.83944719343513,2.840307670772579
201800052735,NonLethal,2018-05-25,09:40:00,Daylight,750,113,Yes,NoIntersection,Normal,3+Vehicles-Chain,BOULEVARD PERIPHERIQUE I,M,48.82096737847064,2.8175565637453306
201800052736,NonLethal,2018-05-26,12:20:00,Daylight,750,114,Yes,X-type,Normal,2Vehicles-Side,AVENUE DE LA PORTE DE CH,M,48.821553345942256,2.822431027515183
201800052739,NonLethal,2018-06-04,14:25:00,Daylight,750,114,Yes,NoIntersection,Normal,2Vehicles-Behind,"12, BOULEVARD SAINT JACQ",M,48.83337360756798,2.833838310886932
201800052740,NonLethal,2018-04-06,19:55:00,Daylight,750,114,Yes,X-type,Normal,2Vehicles-Side,RUE DE L OUEST,M,48.83592431551547,2.835548493141407
201800052741,NonLethal,2018-06-05,18:50:00,Daylight,750,114,Yes,NoIntersection,Normal,2Vehicles-Side,"77, AVENUE DU GENERAL LE",M,48.82808470347105,2.8298517036282997
201800052742,NonLethal,2018-06-06,18:10:00,Daylight,750,114,Yes,T-type,LightRain,NoCollision,"7, BOULEVARD JOURDAN",M,48.81891059056392,2.819418938669312
201800052743,NonLethal,2018-07-06,12:50:00,Daylight,750,114,Yes,T-type,Normal,Other,"21, AVENUE DU GENERAL LE",M,48.831793086080935,2.832370267320544
201800052744,NonLethal,2018-12-06,08:42:00,Daylight,750,114,Yes,Square,LightRain,2Vehicles-Side,"0, PLACE VICTOR BASCH",M,48.82868090954145,2.827873563706082
201800052745,NonLethal,2018-12-06,10:30:00,Daylight,750,114,Yes,X-type,LightRain,2Vehicles-Behind,"59, BOULEVARD SAINT JACQ",M,48.83267126389216,2.83526332929299
201800052746,NonLethal,2018-06-11,18:55:00,Daylight,750,114,Yes,NoIntersection,Normal,Other,"4, RUE DE LA SABLIERE",M,48.83055449991569,2.8314562322675862
201800052747,NonLethal,2018-12-06,16:55:00,Daylight,750,114,Yes,T-type,Normal,2Vehicles-Side,VILLA MODERNE,M,48.830690347227765,2.8321291006405622
201800052748,NonLethal,2018-06-14,16:05:00,Daylight,750,114,Yes,X-type,Normal,2Vehicles-Side,"4O, AVENUE REILLE",M,48.82517945632279,2.825825415925016
201800052749,NonLethal,2018-06-12,13:57:00,Daylight,750,114,Yes,Square,Normal,2Vehicles-Behind,"0, PLACE DENFERT ROCHERE",M,48.83485265611583,2.8339643402211143
201800052751,NonLethal,2018-06-15,19:08:00,Daylight,750,114,Yes,T-type,Normal,2Vehicles-Side,RUE D ALESIA,M,48.827248405783855,2.827354429940769
201800052757,NonLethal,2018-06-18,19:25:00,Daylight,750,114,Yes,T-type,Normal,Other,"22, RUE DE GERGOVIE",M,48.83340295259585,2.8335252042900594
201800052758,NonLethal,2018-06-18,19:55:00,Daylight,750,114,Yes,Y-type,Normal,2Vehicles-Side,"73, AVENUE DU MAINE",M,48.83907743926627,2.838228863889489
201800052759,NonLethal,2018-06-19,14:35:00,Daylight,750,114,Yes,NoIntersection,Normal,2Vehicles-Behind,"80, AVENUE DU GENERAL LE",M,48.8285452781679,2.828783978680879
201800052760,NonLethal,2018-06-19,15:20:00,Daylight,750,114,Yes,NoIntersection,Normal,2Vehicles-Behind,"76, AVENUE DENFERT ROCHE",M,48.83779380945718,2.8373963122199246
201800052761,NonLethal,2018-06-20,08:00:00,Daylight,750,114,Yes,MoreThan4Branches,Normal,2Vehicles-Side,"143, BOULEVARD ROMAIN RO",M,48.82205535933,2.8225173941525963
201800052762,NonLethal,2018-06-20,19:15:00,Daylight,750,114,Yes,Square,Normal,Other,RUE FROIDEVAUX,M,48.836793885356165,2.83467799351069
201800052763,NonLethal,2018-06-21,14:25:00,Daylight,750,114,Yes,NoIntersection,Normal,Other,"84, BOULEVARD DU MONTPAR",M,48.84269252617027,2.8418219629769963