AccidentId,Gravity,Date,Hour,Light,Department,Commune,InAgglomeration,IntersectionType,Weather,CollisionType,PostalAddress,GPSCode,Latitude,Longitude
201800052765,NonLethal,2018-06-23,21:30:00,TwilightOrDawn,750,114,Yes,NoIntersection,Normal,Other,"201 BIS, RUE RAYMOND LOS",M,48.82807855888515,2.829536578707303
201800052766,NonLethal,2018-06-26,09:20:00,Daylight,750,114,Yes,Square,Normal,2Vehicles-Side,AVENUE DENFERT ROCHEREAU,M,48.83458599507606,2.834408061821682
201800052767,NonLethal,2018-06-26,23:05:00,NightStreelightsOn,750,115,Yes,X-type,Normal,2Vehicles-Side,"193, RUE DE LA CONVENTIO",M,48.8356582814454,2.8376833183574277
201800052768,NonLethal,2018-06-29,15:00:00,Daylight,750,114,Yes,Square,Normal,2Vehicles-Side,"75, AVENUE DU GENERAL LE",M,48.82746354066917,2.828035879512035
201800052769,NonLethal,2018-07-02,15:15:00,Daylight,750,114,Yes,NoIntersection,Normal,Other,"122, AVENUE DU GENERAL L",M,48.82526633559667,2.823517593570767
201800052770,NonLethal,2018-03-07,17:20:00,Daylight,750,107,Yes,X-type,Normal,2Vehicles-Side,BOULEVARD SAINT GERMAIN,M,48.860465915467095,2.861648359811431
201800052771,NonLethal,2018-04-07,18:55:00,Daylight,750,114,Yes,T-type,Normal,2Vehicles-Side,AVENUE JEAN MOULIN,M,48.8252778619142,2.825094815444351
201800052772,NonLethal,2018-07-06,17:55:00,Daylight,750,115,Yes,T-type,Normal,2Vehicles-Behind,"141, AVENUE FELIX FAURE",M,48.83908641665821,2.8365797781651487
201800052774,NonLethal,2018-07-08,10:45:00,Daylight,750,107,Yes,Square,Normal,Other,"2, AVENUE DE TOURVILLE",M,48.85450031711742,2.853477734246012
201800052775,NonLethal,2018-07-09,09:40:00,Daylight,750,114,Yes,NoIntersection,Normal,2Vehicles-BehindVehicles-Frontal,"6, RUE NANSOUTY",M,48.82338947327349,2.822728856098366
201800052776,NonLethal,2018-11-07,12:50:00,Daylight,750,114,Yes,NoIntersection,Normal,Other,PLACE DU VINGT CINQ AOUT,M,48.82313038922904,2.8219843427581
201800052777,NonLethal,2018-07-12,13:00:00,Daylight,750,106,Yes,NoIntersection,Normal,2Vehicles-Side,"166, BOULEVARD DU MONTPA",M,48.84122130875527,2.840023781401595
201800052778,NonLethal,2018-07-13,16:30:00,Daylight,750,114,Yes,X-type,Normal,Other,"16, RUE DES PLANTES",M,48.8303558236331,2.832827171509701
201800052779,NonLethal,2018-07-17,11:45:00,Daylight,750,114,Yes,T-type,Normal,2Vehicles-Behind,RUE SARRETTE,M,48.82054656826096,2.820146715942081
201800052780,NonLethal,2018-07-17,15:00:00,Daylight,750,114,Yes,X-type,Normal,2Vehicles-Behind,BOULEVARD ROMAIN ROLLAND,M,48.81830068282381,2.819192562420489
201800052781,NonLethal,2018-07-17,15:10:00,Daylight,750,114,Yes,NoIntersection,Normal,Other,AVENUE ANDRE RIVOIRE,M,48.8189390590839,2.818178470403627
201800052782,NonLethal,2018-07-18,15:45:00,Daylight,750,114,Yes,MoreThan4Branches,Normal,2Vehicles-Behind,BOULEVARD RASPAIL,M,45.84090840115266,2.8433518643660967
201800052783,NonLethal,2018-07-18,21:10:00,NightStreelightsOn,750,114,Yes,X-type,Normal,2Vehicles-Side,BOULEVARD BRUNE,M,48.82443183460426,2.8263096760517694
201800052784,NonLethal,2018-07-19,09:10:00,Daylight,750,114,Yes,X-type,Normal,Other,RUE D ARCUEIL,M,48.820363233353525,2.8185991081259054
201800052785,NonLethal,2018-07-20,15:50:00,Daylight,750,114,Yes,NoIntersection,Normal,Other,RUE RAYMOND LOSSERAND,M,,
201800052786,NonLethal,2018-07-20,17:20:00,Daylight,750,114,Yes,NoIntersection,Normal,2Vehicles-Side,RUE DU FAUBOURG SAINT JA,M,48.83776945406247,2.837387841213564
201800052787,NonLethal,2018-07-20,18:00:00,Daylight,750,114,Yes,T-type,LightRain,2Vehicles-Side,BOULEVARD BRUNE,M,48.8279624534917,2.827219170222338
201800052789,NonLethal,2018-07-24,18:30:00,Daylight,750,114,Yes,NoIntersection,Normal,Other,RUE DES PLANTES,M,48.82698657825572,2.829821976925506
201800052790,NonLethal,2018-07-26,14:45:00,Daylight,750,114,Yes,NoIntersection,Normal,Other,AVENUE DU MAINE,M,48.830905133126265,2.831387020509381
201800052791,NonLethal,2018-07-28,11:25:00,Daylight,750,114,Yes,T-type,Normal,Other,AVENUE DU MAINE,M,48.83159300775364,2.8295479799541474
201800052792,NonLethal,2018-07-28,23:50:00,NightStreelightsOn,750,114,Yes,X-type,Normal,2Vehicles-Side,RUE D ALESIA,M,48.82897454869247,2.8299823090385274
201800052794,NonLethal,2018-08-02,23:50:00,NightStreelightsOn,750,114,Yes,T-type,Normal,2Vehicles-Side,RUE FROIDEVAUX,M,48.834087929438994,2.8354771349766703
201800052795,NonLethal,2018-08-06,09:20:00,Daylight,750,114,Yes,Y-type,Normal,2Vehicles-Side,BOULEVARD RASPAIL,M,48.84188882359168,2.8401493560701185
201800052797,NonLethal,2018-08-11,05:15:00,NightStreelightsOn,750,114,Yes,NoIntersection,Normal,2Vehicles-BehindVehicles-Frontal,AVENUE DU GENERAL LECLER,M,48.83287118157058,2.8302138292572336
201800052798,NonLethal,2018-08-12,21:45:00,NightStreelightsOn,750,107,Yes,T-type,Normal,3+Vehicles-Chain,QUAI BRANLY,M,48.85874730833957,2.8587379708200302
201800052799,NonLethal,2018-08-13,15:45:00,Daylight,750,114,Yes,NoIntersection,Normal,Other,BOULEVARD DU MONTPARNASS,M,48.84371325625084,2.843903955236919
201800052800,NonLethal,2018-08-13,23:05:00,NightStreelightsOn,750,114,Yes,X-type,Normal,NoCollision,BOULEVARD JOURDAN,M,48.82031569880879,2.8197433075085487
201800052801,NonLethal,2018-08-20,18:30:00,Daylight,750,114,Yes,T-type,Normal,Other,RUE D ALESIA,M,,
201800052802,NonLethal,2018-08-25,23:00:00,NightStreelightsOn,750,114,Yes,X-type,Overcast,2Vehicles-Side,RUE FROIDEVAUX,M,48.83918118317411,2.8395017191422167
201800052803,NonLethal,2018-08-28,19:15:00,Daylight,750,114,Yes,NoIntersection,Normal,2Vehicles-Behind,BOULEVARD BRUNE,M,,
201800052804,NonLethal,2018-08-29,14:45:00,Daylight,750,114,Yes,Square,LightRain,2Vehicles-Side,PLACE VICTOR BASCH,M,48.82651913343717,2.8283901840333687
201800052805,NonLethal,2018-08-29,16:30:00,Daylight,750,114,Yes,T-type,Normal,2Vehicles-Behind,AVENUE DU GENERAL LECLER,M,48.83151658738771,2.8294941922336845
201800052806,NonLethal,2018-08-29,21:35:00,NightStreelightsOn,750,114,Yes,NoIntersection,Normal,2Vehicles-Side,AVENUE PAUL VAILLANT COU,M,48.8169929544492,2.8169294988091425
201800052807,NonLethal,2018-08-30,08:10:00,Daylight,750,114,Yes,Y-type,Normal,2Vehicles-Side,BOULEVARD ROMAIN ROLLAND,M,48.859948534681735,2.860625453175015
201800052808,NonLethal,2018-08-30,12:15:00,Daylight,750,114,Yes,NoIntersection,Normal,Other,RUE D ALESIA,M,48.82946604669928,2.8290981927906893
201800052809,NonLethal,2018-08-30,18:10:00,Daylight,750,114,No,NoIntersection,Normal,2Vehicles-Behind,BOULEVARD PERIPHERIQUE I,M,48.819895960051376,2.822579582838245
201800052810,NonLethal,2018-08-30,21:35:00,NightStreelightsOn,750,114,Yes,NoIntersection,Normal,Other,AVENUE DU MAINE,M,48.83115862226443,2.833052432941081
201800052812,NonLethal,2018-03-09,18:05:00,Daylight,750,114,Yes,X-type,Normal,2Vehicles-Side,AVENUE DU MAINE,M,,
201800052813,NonLethal,2018-09-04,00:15:00,NightStreelightsOn,750,114,Yes,X-type,Normal,2Vehicles-Behind,BOULEVARD ROMAIN ROLLAND,M,48.82117358429453,2.8209122654226038
201800052814,NonLethal,2018-09-04,10:15:00,Daylight,750,114,Yes,Square,Overcast,2Vehicles-Side,PLACE DE LA PORTE DE VAN,M,48.82656941776565,2.8263256374368217
201800052815,NonLethal,2018-07-09,07:20:00,Daylight,750,114,Yes,X-type,Normal,2Vehicles-Side,BOULEVARD ROMAIN ROLLAND,M,48.81987496937836,2.8222075377875937
201800052816,NonLethal,2018-09-07,12:20:00,Daylight,750,114,Yes,NoIntersection,Normal,Other,AVENUE RENE COTY,M,48.831946222117466,2.8309052665555043
201800052817,NonLethal,2018-08-09,20:15:00,NightStreelightsOn,750,114,Yes,NoIntersection,Normal,2Vehicles-Side,AVENUE DENFERT ROCHEREAU,M,,
201800052818,NonLethal,2018-09-09,10:30:00,Daylight,750,114,Yes,X-type,Normal,2Vehicles-Side,AVENUE DU GENERAL LECLER,M,48.82386724772464,2.822073779236399
201800052819,NonLethal,2018-09-14,16:35:00,Daylight,750,114,Yes,X-type,Normal,2Vehicles-Side,RUE DIDOT,M,48.82835576511072,2.830450577035428
201800052820,NonLethal,2018-09-15,17:40:00,Daylight,750,114,Yes,X-type,Normal,2Vehicles-Side,BOULEVARD JOURDAN,M,48.8202314206196,2.8217488611669577
201800052822,NonLethal,2018-09-19,15:50:00,Daylight,750,114,Yes,X-type,Normal,2Vehicles-Side,PLACE DU VINGT CINQ AOUT,M,48.82268818778092,2.8237762116344043
201800052823,NonLethal,2018-09-21,20:40:00,NightStreelightsOn,750,114,Yes,T-type,Normal,2Vehicles-Behind,RUE DU DEPART,M,48.84181547292382,2.8420366295254493
201800052824,NonLethal,2018-09-22,20:15:00,NightStreelightsOn,750,114,Yes,X-type,Overcast,Other,BOULEVARD RASPAIL,M,48.84184285206073,2.8405157834019272
201800052825,NonLethal,2018-09-23,00:01:00,NightStreelightsOn,750,114,Yes,NoIntersection,Normal,Other,AVENUE DE LA PORTE DE CH,M,48.82361269084596,2.8208607313398804
201800052826,NonLethal,2018-09-26,11:36:00,Daylight,750,114,Yes,Y-type,Normal,Other,RUE DE COULMIERS,M,47.99997414483353,2.000830455156046
201800052827,NonLethal,2018-09-27,19:40:00,NightStreelightsOn,750,114,Yes,NoIntersection,Normal,2Vehicles-Side,AVENUE DENFERT ROCHEREAU,M,48.83553381856134,2.835622967675952
201800052828,NonLethal,2018-09-28,17:50:00,Daylight,750,114,Yes,NoIntersection,Normal,2Vehicles-Behind,AVENUE RENE COTY,M,48.82647357821923,2.824795985555594
201800052829,NonLethal,2018-09-29,06:15:00,TwilightOrDawn,750,114,Yes,NoIntersection,Normal,Other,AVENUE REILLE,M,48.82477562213644,2.8252410640712924
201800052830,NonLethal,2018-09-29,17:00:00,Daylight,750,114,Yes,Square,Normal,Other,PLACE DU VINGT CINQ AOUT,M,48.82081582010167,2.821197323916414
201800052831,NonLethal,2018-10-01,08:26:00,Daylight,750,114,Yes,NoIntersection,Normal,Other,AVENUE DU GENERAL LECLER,M,48.83131742157234,2.83096932803729
201800052832,NonLethal,2018-10-01,10:00:00,Daylight,750,114,Yes,NoIntersection,Normal,Other,RUE DU FAUBOURG SAINT JA,M,48.83605878696417,2.8377302571605294
201800052833,NonLethal,2018-01-10,11:00:00,Daylight,750,114,Yes,NoIntersection,Normal,2Vehicles-Behind,RUE DIDOT,M,48.82557497191478,2.8263745460164285
201800052834,NonLethal,2018-04-10,10:00:00,Daylight,750,114,Yes,X-type,Normal,2Vehicles-Behind,RUE DU PERE CORENTIN,M,48.823409865355366,2.8223541039439284
201800052835,NonLethal,2018-04-10,21:25:00,NightStreelightsOn,750,113,Yes,NoIntersection,Normal,NoCollision,QUAI D AUSTERLITZ,M,48.842381828192,2.842412463921015
201800052836,NonLethal,2018-10-06,11:00:00,Daylight,750,114,Yes,NoIntersection,Normal,Other,RUE BEAUNIER,M,48.82724970343022,2.827402492171688
201800052837,NonLethal,2018-06-10,15:45:00,Daylight,750,114,Yes,X-type,Normal,2Vehicles-Side,AVENUE DE LA PORTE DE MO,M,48.82252025185527,2.8219065180838663
201800052838,NonLethal,2018-08-10,12:00:00,Daylight,750,114,Yes,NoIntersection,Normal,2Vehicles-Behind,BOULEVARD PERIPHERIQUE I,M,48.824871224060495,2.8249553148819526
201800052839,NonLethal,2018-08-10,22:30:00,NightStreelightsOn,750,114,Yes,X-type,Normal,Other,RUE D ALESIA,M,48.82751058927072,2.8263136686459025
201800052841,NonLethal,2018-10-11,13:15:00,Daylight,750,114,Yes,Square,Normal,Other,RUE FROIDEVAUX,M,48.83493731768343,2.834171549121421
201800052843,NonLethal,2018-10-12,14:35:00,Daylight,750,114,Yes,NoIntersection,Normal,2Vehicles-Side,BOULEVARD RASPAIL,M,48.83584748132404,2.8352999449266005
201800052844,NonLethal,2018-10-13,12:15:00,Daylight,750,114,Yes,T-type,Normal,2Vehicles-Side,BOULEVARD RASPAIL,M,48.84227878330669,2.842399973848864
201800052846,NonLethal,2018-10-14,15:30:00,Daylight,750,114,Yes,Square,Normal,Other,PLACE DU VINGT CINQ AOUT,M,48.82188643840419,2.8203334444208306
201800052849,NonLethal,2018-10-16,12:45:00,Daylight,750,114,Yes,Y-type,Normal,Other,AVENUE DU MAINE,M,48.83593764823512,2.836380135180322
201800052850,NonLethal,2018-10-17,14:23:00,Daylight,750,115,Yes,MoreThan4Branches,Normal,2Vehicles-Side,QUAI ANDRE CITROEN,M,48.83978405768854,2.8408547024300024
201800052851,NonLethal,2018-10-17,20:30:00,NightStreelightsOn,750,114,Yes,X-type,Normal,Other,AVENUE DE LA PORTE DE CH,M,48.82083791953556,2.8235368432840584
201800052853,NonLethal,2018-10-23,08:15:00,Daylight,750,105,Yes,X-type,Normal,Other,BOULEVARD DE PORT ROYAL,M,48.83951061069914,2.8384514565984578
201800052855,NonLethal,2018-10-26,13:15:00,Daylight,750,114,Yes,X-type,Normal,2Vehicles-Behind,RUE VERCINGETORIX,M,48.83594310352317,2.8350422067205834
201800052856,NonLethal,2018-10-26,19:00:00,NightStreelightsOn,750,114,Yes,Y-type,LightRain,2Vehicles-Behind,BOULEVARD RASPAIL,M,48.83897439341979,2.840248790711855
201800052857,NonLethal,2018-10-27,13:10:00,Daylight,750,114,Yes,T-type,Normal,2Vehicles-Behind,BOULEVARD BRUNE,M,48.82480614955677,2.8255329537673566
201800052858,NonLethal,2018-10-28,05:45:00,NightStreelightsOn,750,114,Yes,T-type,Normal,Other,AVENUE DU MAINE,M,48.8394184344965,2.8404543800748643
201800052859,NonLethal,2018-10-29,13:30:00,Daylight,750,114,Yes,T-type,Normal,2Vehicles-Side,AVENUE DE LA PORTE D ORL,M,48.82074660210086,2.8201034193357986
201800052861,NonLethal,2018-10-31,16:35:00,Daylight,750,114,Yes,NoIntersection,LightRain,Other,RUE DE L AMIRAL MOUCHEZ,M,48.8207584906289,2.8215992249963597
201800052862,NonLethal,2018-01-11,18:30:00,NightStreelightsOn,750,114,No,NoIntersection,Normal,2Vehicles-Behind,BOULEVARD PERIPHERIQUE I,M,48.81574873820893,2.8168732926811257
201800052863,NonLethal,2018-02-11,16:00:00,Daylight,750,114,Yes,T-type,Normal,Other,RUE DES SUISSES,M,48.83074458955832,2.8310781550561086
201800052864,NonLethal,2018-11-10,23:15:00,NightStreelightsOn,750,114,Yes,Square,Overcast,3+Vehicles-Chain,PLACE DENFERT ROCHEREAU,M,48.83363973357859,2.8322083824147515
201800052865,NonLethal,2018-11-11,02:00:00,NightStreelightsOn,750,114,Yes,X-type,LightRain,Other,BOULEVARD JOURDAN,M,48.82091184945766,2.8234675579186583
201800052866,NonLethal,2018-11-11,18:55:00,NightStreelightsOn,750,114,Yes,X-type,LightRain,NoCollision,BOULEVARD JOURDAN,M,48.82412085427786,2.8214901887504937
201800052867,NonLethal,2018-11-12,17:30:00,NightStreelightsOn,750,114,Yes,NoIntersection,Overcast,Other,RUE RAYMOND LOSSERAND,M,48.83515147777374,2.8345016398880887
201800052868,NonLethal,2018-12-11,18:05:00,TwilightOrDawn,750,114,Yes,X-type,Overcast,2Vehicles-Side,RUE VERCINGETORIX,M,48.831439716320034,2.8292840669294
201800052871,NonLethal,2018-11-15,08:02:00,TwilightOrDawn,750,114,Yes,T-type,Overcast,2Vehicles-Side,RUE RAYMOND LOSSERAND,M,48.83305497856002,2.8342848199440187
201800052874,NonLethal,2018-11-19,10:20:00,Daylight,750,114,Yes,T-type,Normal,2Vehicles-Side,AVENUE JEAN MOULIN,M,48.82797645115769,2.8272884781987746
201800052875,NonLethal,2018-11-19,11:26:00,Daylight,750,114,Yes,NoIntersection,Normal,Other,AVENUE DU MAINE,M,48.830105336220335,2.829056954755592
201800052878,NonLethal,2018-11-22,19:35:00,NightStreelightsOn,750,114,Yes,Square,LightRain,2Vehicles-Side,AVENUE DU MAINE,M,48.82793224888625,2.8281252364601444
201800052879,NonLethal,2018-11-23,21:00:00,NightStreelightsOn,750,114,Yes,X-type,LightRain,Other,RUE VERCINGETORIX,M,48.83276457176653,2.832987346876365
201800052880,NonLethal,2018-11-24,07:05:00,NightStreelightsOn,750,114,Yes,X-type,Overcast,2Vehicles-Side,AVENUE DE LA PORTE D ORL,M,48.81950672338815,2.818227927435681
201800052881,NonLethal,2018-11-25,17:30:00,TwilightOrDawn,750,114,Yes,T-type,LightRain,Other,AVENUE DU GENERAL LECLER,M,48.82481487294738,2.8259785571421405
201800052882,NonLethal,2018-11-28,00:05:00,NightStreelightsOn,750,114,Yes,X-type,HeavyRain,Other,BOULEVARD ROMAIN ROLLAND,M,,
201800052883,NonLethal,2018-11-30,18:30:00,NightStreelightsOn,750,114,Yes,NoIntersection,Normal,Other,AVENUE DENFERT ROCHEREAU,M,,
201800052886,NonLethal,2018-01-12,01:15:00,NightStreelightsOn,750,114,Yes,T-type,Normal,2Vehicles-BehindVehicles-Frontal,RUE AUGUSTE MIE,M,48.665240980724285,2.665599936064176
201800052887,NonLethal,2018-01-12,19:10:00,NightStreelightsOn,750,114,Yes,T-type,LightRain,Other,RUE D ALESIA,M,48.81035517089944,2.8086507739048385
201800052888,NonLethal,2018-04-12,18:25:00,NightStreelightsOn,750,114,Yes,T-type,Normal,Other,AVENUE DU GENERAL LECLER,M,48.82915813802811,2.829048747562234
201800052889,NonLethal,2018-05-12,16:50:00,TwilightOrDawn,750,106,Yes,T-type,Normal,Other,RUE DE SEINE,M,48.85551512884833,2.8550793217539816
201800052890,NonLethal,2018-05-12,23:05:00,NightStreelightsOn,750,114,Yes,NoIntersection,LightRain,2Vehicles-BehindVehicles-Frontal,AVENUE DU GENERAL LECLER,M,48.82496578033286,2.8251181648541595
201800052891,NonLethal,2018-12-08,11:15:00,Daylight,750,114,Yes,T-type,Normal,Other,AVENUE DU GENERAL LECLER,M,48.82017936309189,2.8185965123614283
201800052893,NonLethal,2018-09-12,19:10:00,NightStreelightsOn,750,114,Yes,T-type,Overcast,2Vehicles-BehindVehicles-Frontal,RUE DAREAU,M,,
201800052894,NonLethal,2018-12-10,13:30:00,Daylight,750,114,Yes,NoIntersection,Overcast,2Vehicles-Behind,AVENUE DU GENERAL LECLER,M,48.82534967484133,2.8256894184302244
201800052895,NonLethal,2018-10-12,17:25:00,NightStreelightsOn,750,114,Yes,X-type,Normal,Other,BOULEVARD BRUNE,M,48.824667773944086,2.8226286219254586
201800052896,NonLethal,2018-12-12,10:30:00,Daylight,750,114,Yes,Y-type,Normal,2Vehicles-Side,AVENUE DU MAINE,M,48.83349623707856,2.83224952159869
201800052897,NonLethal,2018-12-12,18:15:00,NightStreelightsOn,750,114,Yes,T-type,Normal,Other,RUE D ALESIA,M,48.82854397220673,2.8282330548686296
201800052899,NonLethal,2018-12-13,18:10:00,NightStreelightsOn,750,114,Yes,NoIntersection,Normal,Other,PLACE DU VINGT CINQ AOUT,M,48.82002162409684,2.8235203220976337
201800052901,NonLethal,2018-12-16,20:30:00,NightNoStreetLight,750,114,Yes,X-type,Normal,2Vehicles-Side,RUE DU CHATEAU,M,48.83674131687104,2.836102785308544
201800052902,NonLethal,2018-12-18,17:15:00,NightStreelightsOn,750,115,Yes,MoreThan4Branches,Normal,2Vehicles-Side,RUE DE VOUILLE,M,48.83476689992666,2.83275278872077
201800052903,NonLethal,2018-12-22,02:19:00,NightStreelightsOn,750,113,Yes,Y-type,Normal,Other,PORTE DE GENTILLY,M,48.81751452683751,2.817186385272954
201800052904,NonLethal,2018-12-30,23:15:00,NightStreelightsOn,750,114,Yes,Square,LightRain,2Vehicles-Side,PLACE DE CATALOGNE,M,48.83785969748159,2.837753903708644
201800052905,NonLethal,2018-02-01,07:30:00,NightStreelightsOn,750,115,Yes,Y-type,Normal,Other,"88, RUE DE LA FEDERATION",M,48.85267359411783,2.8537171322866604
201800052907,NonLethal,2018-04-01,16:30:00,TwilightOrDawn,750,115,Yes,NoIntersection,LightRain,Other,"65, RUE DES ENTREPRENEUR",M,48.84483956283426,2.842893670407697
201800052908,NonLethal,2018-05-01,15:00:00,Daylight,750,115,Yes,NoIntersection,Overcast,2Vehicles-Behind,"/, PONT DU GARIGLIANO",M,48.84011308262429,2.838637890158576
201800052909,NonLethal,2018-01-05,15:45:00,Daylight,750,115,Yes,X-type,HeavyRain,Other,"21, RUE DE VOUILLE",M,48.83582055375828,2.833949995263765
201800052910,NonLethal,2018-05-01,21:10:00,NightStreelightsOn,750,115,Yes,X-type,Normal,2Vehicles-Side,"34, RUE DE DANTZIG",M,48.83460080422653,2.8342343229783302
201800052911,NonLethal,2018-01-06,10:15:00,Daylight,750,115,Yes,T-type,Overcast,Other,"80, BOULEVARD LEFEBVRE",M,48.827414178916406,2.828231406762722
201800052912,NonLethal,2018-01-07,03:30:00,NightStreelightsOn,750,115,Yes,X-type,LightRain,Other,"/, RUE CAMBRONNE",M,48.84208759547837,2.842547684408805
201800052913,NonLethal,2018-01-07,20:30:00,NightStreelightsOn,750,115,Yes,NoIntersection,Normal,Other,"91, AVENUE EMILE ZOLA",M,48.8442111426445,2.846947997037759
201800052914,NonLethal,2018-08-01,16:20:00,Daylight,750,115,Yes,NoIntersection,Normal,Other,"7, RUE EDGAR FAURE",M,48.85194589376256,2.8531020090696866
201800052915,NonLethal,2018-09-01,17:22:00,NightStreelightsOn,750,115,Yes,T-type,LightRain,Other,"119, AVENUE FELIX FAURE",M,48.838889145481225,2.839037258772323
201800052916,NonLethal,2018-12-01,17:10:00,NightStreelightsOn,750,115,Yes,Square,Normal,2Vehicles-Behind,"4, RUE BRANCION",M,48.8370266094069,2.8358767964923794
201800052917,NonLethal,2018-01-13,19:55:00,NightStreelightsOn,750,115,Yes,NoIntersection,Normal,Other,"8, RUE DE L ARRIVEE",M,48.84450067560709,2.841500704604002
201800052918,NonLethal,2018-01-14,20:30:00,NightStreelightsOn,750,115,Yes,X-type,Normal,2Vehicles-Behind,", BOULEVARD GENERAL MART",M,48.83824380816775,2.8362989457870547
201800052919,NonLethal,2018-01-15,12:30:00,Daylight,750,115,Yes,Square,LightRain,Other,PLACE DU DIX HUIT JUIN 1,M,48.8431808091557,2.843645413201313
201800052920,NonLethal,2018-01-15,15:30:00,Daylight,750,115,Yes,NoIntersection,HeavyRain,NoCollision,", PLACE DU MOULIN DE JAV",M,48.84101092568198,2.8396728108199807
201800052921,NonLethal,2018-01-17,15:00:00,Daylight,750,115,Yes,T-type,Normal,Other,"43, QUAI DE GRENELLE",M,48.85371137169699,2.8515630402253858
201800052922,NonLethal,2018-01-19,08:15:00,TwilightOrDawn,750,115,Yes,X-type,Normal,Other,"77, RUE LABROUSTE",M,48.8316348465092,2.8321244078561847
201800052923,NonLethal,2018-01-20,07:25:00,NightStreelightsOn,750,115,Yes,X-type,LightRain,Other,"196, RUE DE LA CROIX NIV",M,48.83766854998532,2.838900004009667
201800052924,NonLethal,2018-01-21,06:35:00,NightStreelightsOn,750,115,Yes,NoIntersection,Normal,Other,"119, BOULEVARD LEFEBVRE",M,48.83016301082742,2.83058596801588
201800052925,NonLethal,2018-01-21,17:53:00,NightStreelightsOn,750,115,Yes,NoIntersection,Other,2Vehicles-Side,"34, AVENUE DU MAINE",M,48.84074683718576,2.842454834024954
201800052926,NonLethal,2018-01-22,09:15:00,Daylight,750,115,Yes,X-type,HeavyRain,Other,"54, RUE DE LA CONVENTION",M,48.84494134873549,2.843004798107009
201800052927,NonLethal,2018-01-22,14:20:00,Daylight,750,115,Yes,NoIntersection,Normal,2Vehicles-Behind,"36, BOULEVARD GARIBALDI",M,48.84634401326151,2.8454687453527816
201800052928,NonLethal,2018-01-25,19:00:00,NightStreelightsOn,750,115,Yes,NoIntersection,Normal,Other,"170, RUE DE LOURMEL",M,48.8388185261577,2.8392221195028324
201800052929,NonLethal,2018-01-26,11:30:00,Daylight,750,115,Yes,Square,Normal,2Vehicles-Side,"60, RUE VIOLET",M,48.84537409685392,2.845661623624105
201800052930,NonLethal,2018-01-27,17:30:00,TwilightOrDawn,750,115,Yes,X-type,Normal,2Vehicles-Side,"23, RUE DE LOURMEL",M,48.849074333509535,2.848949754886024
201800052931,NonLethal,2018-01-30,09:20:00,Daylight,750,115,Yes,NoIntersection,Overcast,2Vehicles-Behind,BOULEVARD DE GRENELLE,M,48.85383820300507,2.8529870867402845
201800052932,NonLethal,2018-01-30,14:00:00,Daylight,750,115,Yes,X-type,Normal,Other,"54, RUE DE VOUILLE",M,48.83386944317502,2.833885249687584
201800052933,NonLethal,2018-01-31,18:50:00,NightStreelightsOn,750,115,Yes,X-type,LightRain,Other,AVENUE DE LA PORTE DE SE,M,48.83413213968225,2.8337721899152046
201800052934,NonLethal,2018-01-31,19:00:00,NightStreelightsOn,750,115,Yes,Square,LightRain,2Vehicles-Behind,BOULEVARD PASTEUR,M,48.84002746357075,2.8400094162515024
201800052935,NonLethal,2018-02-01,16:45:00,Daylight,750,115,Yes,T-type,Overcast,Other,"233, RUE DE VAUGIRARD",M,48.842967456887656,2.8409118343004414
201800052936,NonLethal,2018-02-01,20:45:00,NightStreelightsOn,750,115,Yes,T-type,Other,2Vehicles-Side,"1O1, QUAI BRANLY",M,48.85435785916236,2.856347639299009
201800052937,NonLethal,2018-02-13,11:10:00,Daylight,750,115,Yes,Y-type,Normal,Other,"241, RUE DE LA CROIX NIV",M,48.83332005402016,2.834100594899699
201800052938,NonLethal,2018-02-13,16:45:00,Daylight,750,115,Yes,NoIntersection,LightRain,Other,RUE VASCO DE GAMA,M,48.8341201778692,2.8338071300646632
201800052939,NonLethal,2018-02-13,22:10:00,NightStreelightsOn,750,115,Yes,X-type,LightRain,Other,"11, RUE DE LA CONVENTION",M,48.845556656717314,2.845658382660886
201800052940,NonLethal,2018-02-14,09:05:00,Daylight,750,115,Yes,X-type,Overcast,2Vehicles-Side,"34, BOULEVARD DE GRENELL",M,48.85431505723428,2.853894984543244
201800052942,NonLethal,2018-02-16,00:01:00,NightStreelightsOn,750,115,Yes,Roundabout,LightRain,Other,QUAI ANDRE CITROEN,M,48.83881131692025,2.840802991675128
201800052943,NonLethal,2018-02-20,22:17:00,NightStreelightsOn,750,115,Yes,Square,LightRain,2Vehicles-Side,PLACE CAMBRONNE,M,48.8469628445619,2.8478412208648205
201800052944,NonLethal,2018-02-22,09:45:00,Daylight,750,115,Yes,T-type,Normal,2Vehicles-Side,"69, QUAI DE GRENELLE",M,48.85000495736031,2.849224399557667
201800052945,NonLethal,2018-02-28,15:00:00,Daylight,750,115,Yes,X-type,Normal,Other,"5, RUE PETEL",M,48.83897846025175,2.839269653347151
201800052947,NonLethal,2018-06-03,20:50:00,NightStreelightsOn,750,115,Yes,T-type,Normal,2Vehicles-Side,"16, RUE DE PRESLES",M,48.85423173135996,2.8518666227030303
201800052948,NonLethal,2018-08-03,08:15:00,Daylight,750,115,Yes,X-type,Overcast,2Vehicles-Side,"74, RUE DES ENTREPRENEUR",M,48.843148637682,2.844638442473411
201800052949,NonLethal,2018-08-03,13:25:00,Daylight,750,115,Yes,NoIntersection,LightRain,Other,"03 BIS, RUE JEAN SICARD",M,48.82862161467985,2.828596861459113
201800052950,NonLethal,2018-03-09,18:35:00,TwilightOrDawn,750,115,Yes,Square,LightRain,2Vehicles-Side,PLACE DU DIX HUIT JUIN 1,M,48.84587417720595,2.844843384378154
201800052951,NonLethal,2018-03-10,19:50:00,NightStreelightsOn,750,115,Yes,Y-type,Normal,3+Vehicles-Chain,"12, AVENUE DU MAINE",M,48.84233040055639,2.845169675015445