AccidentId,Gravity,Date,Hour,Light,Department,Commune,InAgglomeration,IntersectionType,Weather,CollisionType,PostalAddress,GPSCode,Latitude,Longitude
201800052952,NonLethal,2018-03-11,01:30:00,NightNoStreetLight,750,115,Yes,X-type,HeavyRain,Other,RUE BRANCION,M,48.82843658029011,2.8286503074532945
201800052953,NonLethal,2018-12-03,09:30:00,Daylight,750,115,Yes,Square,Overcast,NoCollision,RUE LOUIS VICAT,M,48.825494134798966,2.8270446305351213
201800052955,NonLethal,2018-03-14,16:00:00,Daylight,750,115,Yes,NoIntersection,Normal,2Vehicles-Side,"88, BOULEVARD DE GRENELL",M,48.84964724124474,2.849472849388821
201800052956,NonLethal,2018-03-17,10:05:00,Daylight,750,115,Yes,NoIntersection,LightRain,NoCollision,"33, RUE FREMICOURT",M,48.849254607082536,2.8469546115400224
201800052957,NonLethal,2018-03-17,20:25:00,NightStreelightsOn,750,115,Yes,Square,LightRain,2Vehicles-Side,PLACE JACQUES MARETTE,M,48.833903572041486,2.833785350851888
201800052959,NonLethal,2018-03-18,14:40:00,Daylight,750,115,Yes,X-type,Overcast,2Vehicles-Side,AVENUE DE LA PORTE BRANC,M,48.82631797951326,2.824889701393284
201800052960,NonLethal,2018-03-22,08:45:00,Daylight,750,115,Yes,X-type,Normal,3+Vehicles-Multiple,"171, RUE DE LA CONVENTIO",M,48.83827164277689,2.839286642761221
201800052961,NonLethal,2018-03-23,10:25:00,Daylight,750,115,Yes,X-type,Overcast,NoCollision,BOULEVARD LEFEBVRE,M,48.83169972572553,2.832435677235273
201800052962,NonLethal,2018-03-23,09:30:00,Daylight,750,115,Yes,X-type,Normal,Other,", RUE DE LA CONVENTION",M,48.83530712605232,2.8374342113447
201800052963,NonLethal,2018-03-24,01:30:00,NightStreelightsOn,750,115,Yes,X-type,Normal,2Vehicles-Behind,PLACE BALARD,M,48.83626185770144,2.83635378986315
201800052966,NonLethal,2018-03-27,08:00:00,Daylight,750,115,Yes,X-type,LightRain,Other,BOULEVARD DE GRENELLE,M,48.852280180416784,2.8531347644908247
201800052968,NonLethal,2018-03-28,12:45:00,Daylight,750,115,Yes,X-type,LightRain,2Vehicles-Side,"98, RUE DE LA PROCESSION",M,48.83502278998221,2.835907983994312
201800052969,NonLethal,2018-03-30,12:00:00,Daylight,750,115,Yes,Square,LightRain,2Vehicles-Side,", BOULEVARD DE GRENELLE",M,48.8486819940168,2.8465600585307254
201800052970,NonLethal,2018-03-30,16:10:00,Daylight,750,115,Yes,T-type,Normal,2Vehicles-Side,"26, RUE LECOURBE",M,48.84662897854831,2.846522313787773
201800052971,NonLethal,2018-04-04,15:20:00,Daylight,750,115,Yes,T-type,LightRain,NoCollision,", AVENUE DE LA PORTE DE",M,48.8286909203967,2.8295332939456235
201800052972,NonLethal,2018-07-04,13:15:00,Daylight,750,115,Yes,X-type,Normal,2Vehicles-Side,"198, RUE DE LA CONVENTIO",M,48.83591728133375,2.837761589178664
201800052973,NonLethal,2018-04-08,14:25:00,Daylight,750,115,Yes,X-type,Normal,2Vehicles-Side,"147, RUE DE LA CONVENTIO",M,48.83846335786736,2.838874153738594
201800052974,NonLethal,2018-10-04,09:45:00,Daylight,750,115,Yes,Y-type,Normal,2Vehicles-Side,QUAI BRANLY,M,48.85703688503322,2.854512702387918
201800052975,NonLethal,2018-10-04,14:15:00,Daylight,750,115,Yes,NoIntersection,Normal,2Vehicles-Behind,"110, AVENUE EMILE ZOLA",M,48.84812651104008,2.847529113777107
201800052976,NonLethal,2018-11-04,09:35:00,Daylight,750,115,Yes,Y-type,Normal,2Vehicles-Side,"80, BOULEVARD GARIBALDI",M,48.84497326102737,2.8479726503217795
201800052977,NonLethal,2018-04-13,19:40:00,Daylight,750,115,Yes,X-type,Normal,Other,"49, BOULEVARD GENERAL MA",M,48.83759558662291,2.8359042087003035
201800052978,NonLethal,2018-04-17,10:55:00,Daylight,750,115,Yes,X-type,Normal,2Vehicles-Side,"45, RUE MADEMOISELLE",M,48.84345766144644,2.843082982014969
201800052979,NonLethal,2018-04-18,17:00:00,Daylight,750,115,Yes,NoIntersection,Normal,2Vehicles-Side,"85, SOUTERRAIN CITROEN C",M,48.840969806427694,2.8411212818402296
201800052980,NonLethal,2018-04-18,18:30:00,Daylight,750,115,Yes,X-type,Normal,Other,"34, RUE LINOIS",M,48.84787991492895,2.8468945427178807
201800052981,NonLethal,2018-04-23,14:00:00,Daylight,750,115,Yes,MoreThan4Branches,Normal,2Vehicles-Behind,PLACE DES MARTYRS JUIFS,M,48.85424884490691,2.8551328157992515
201800052982,NonLethal,2018-04-25,20:25:00,Daylight,750,115,Yes,T-type,Normal,2Vehicles-Side,"17, RUE VIGEE LEBRUN",M,48.83830718758568,2.8374985151981376
201800052983,NonLethal,2018-04-25,22:50:00,NightStreelightsOn,750,115,Yes,MoreThan4Branches,Normal,Other,PLACE SAINT CHARLES,M,48.84962364361977,2.849087795823796
201800052984,NonLethal,2018-04-26,08:00:00,Daylight,750,115,Yes,NoIntersection,Normal,2Vehicles-Side,"21, RUE LOUIS VICAT",M,48.82541746014479,2.82621032556366
201800052985,NonLethal,2018-04-26,11:45:00,Daylight,750,115,Yes,NoIntersection,Normal,2Vehicles-Side,"20, BOULEVARD DU MONTPAR",M,48.84635421117561,2.846436228606686
201800052986,NonLethal,2018-04-27,19:05:00,Daylight,750,115,Yes,X-type,Normal,2Vehicles-Side,RUE DE VAUGIRARD,M,48.84073713964444,2.8405881262673063
201800052987,NonLethal,2018-04-27,19:30:00,TwilightOrDawn,750,115,Yes,X-type,Normal,2Vehicles-Side,"65, RUE DE LA CONVENTION",M,48.84363159451325,2.843290842266928
201800052988,NonLethal,2018-04-29,12:30:00,Daylight,750,115,Yes,Square,LightRain,Other,"2, BOULEVARD GARIBALDI",M,48.84760264382951,2.846971115394977
201800052989,NonLethal,2018-04-29,14:45:00,Daylight,750,115,Yes,T-type,LightRain,NoCollision,"16, RUE LECOURBE",M,48.84454942013615,2.845510524036485
201800052990,NonLethal,2018-04-30,10:10:00,Daylight,750,115,Yes,NoIntersection,LightRain,2Vehicles-Side,"15, RUE ROBERT LINDET",M,48.83326827407004,2.832873167627386
201800052991,NonLethal,2018-05-01,21:35:00,NightStreelightsOn,750,115,Yes,Square,Normal,Other,"5, PLACE CHARLES MICHELS",M,48.84622266144914,2.8470894292277453
201800052992,NonLethal,2018-03-05,00:20:00,NightStreelightsOn,750,115,Yes,Y-type,Normal,2Vehicles-Behind,"48, BOULEVARD GARIBALDI",M,48.846712771042895,2.8463643008054427
201800052993,NonLethal,2018-03-05,14:25:00,Daylight,750,115,Yes,NoIntersection,Normal,NoCollision,BOULEVARD LEFEBVRE,M,48.831285182038535,2.832974471077859
201800052994,NonLethal,2018-03-05,15:30:00,Daylight,750,115,Yes,T-type,Normal,Other,"167, RUE DE LA CONVENTIO",M,48.8382701857676,2.837400646615637
201800052995,NonLethal,2018-05-04,11:10:00,Daylight,750,115,Yes,X-type,Normal,2Vehicles-Side,"65, RUE DES ENTREPRENEUR",M,48.84457517926145,2.8448117010849128
201800052996,NonLethal,2018-04-05,17:05:00,Daylight,750,115,Yes,NoIntersection,Normal,Other,"11, RUE DURANTON",M,48.8401436516066,2.83869218192977
201800052997,NonLethal,2018-05-05,13:45:00,Daylight,750,115,Yes,NoIntersection,Normal,2Vehicles-Behind,"04, RUE LOUIS ARMAND",M,48.83489489624879,2.833220876855372
201800052998,NonLethal,2018-06-05,14:25:00,Daylight,750,115,Yes,T-type,Normal,Other,"ll6, RUE DE LA CONVENTIO",M,48.84095000236614,2.8408951410907424
201800052999,NonLethal,2018-06-05,17:40:00,Daylight,750,115,Yes,T-type,Normal,2Vehicles-Side,"11, RUE DE VOUILLE",M,48.83572174553287,2.834442311876028
201800053000,NonLethal,2018-06-05,21:50:00,NightStreelightsOn,750,115,Yes,X-type,Normal,2Vehicles-Side,"42, RUE DE LA CONVENTION",M,48.84525517159943,2.8420769169004747
201800053002,NonLethal,2018-07-05,16:55:00,Daylight,750,115,Yes,NoIntersection,Normal,2Vehicles-Behind,"11, BOULEVARD DE GRENELL",M,48.85164401873588,2.856613172325933
201800053004,NonLethal,2018-05-09,13:15:00,Daylight,750,115,Yes,Square,Normal,Other,"5, PLACE CAMBRONNE",M,48.84830815456981,2.847962309601986
201800053005,NonLethal,2018-10-05,19:00:00,Daylight,750,115,Yes,T-type,Normal,Other,"158, RUE DE LA CONVENTIO",M,48.83863347360332,2.8377744049474334
201800053006,NonLethal,2018-05-11,08:30:00,Daylight,750,115,Yes,Y-type,Normal,Other,"88, RUE DE LA FEDERATION",M,48.85212487862516,2.852666400855957
201800053007,NonLethal,2018-05-11,18:00:00,Daylight,750,115,Yes,NoIntersection,Normal,2Vehicles-Behind,"52, RUE BALARD",M,48.842135725639,2.8417283180038875
201800053008,NonLethal,2018-05-12,17:15:00,Daylight,750,115,Yes,X-type,LightRain,2Vehicles-Side,"46, RUE LABROUSTE",M,48.83452702478228,2.8341143645305724
201800053009,NonLethal,2018-05-13,16:50:00,Daylight,750,115,Yes,NoIntersection,Normal,Other,"75, RUE DE LA CONVENTION",M,48.844262193119306,2.8424938438392773
201800053010,NonLethal,2018-05-15,21:40:00,NightStreelightsOn,750,115,Yes,X-type,Normal,2Vehicles-Side,", RUE DE LA CONVENTION",M,48.83692385673049,2.837747003431114
201800053013,NonLethal,2018-05-17,03:00:00,NightStreelightsOn,750,115,Yes,X-type,Normal,Other,"25, RUE BRANCION",M,48.83455493871679,2.835728286868455
201800053014,NonLethal,2018-05-17,11:05:00,Daylight,750,115,Yes,NoIntersection,Normal,2Vehicles-Side,QUAI D ISSY LES MOULINEA,M,48.83436278889507,2.8342364988353834
201800053016,NonLethal,2018-05-18,11:50:00,Daylight,750,115,Yes,NoIntersection,Normal,Other,"189, RUE DE LA CONVENTIO",M,48.837250357654064,2.837711983021354
201800053017,NonLethal,2018-05-19,01:40:00,NightStreelightsOn,750,115,Yes,Square,Normal,Other,RUE DU DEPART,M,48.84319728779745,2.844102376105858
201800053018,NonLethal,2018-05-20,12:45:00,Daylight,750,115,Yes,T-type,Normal,2Vehicles-Side,RUE DU THEATRE,M,48.852093627977965,2.85125474234396
201800053019,NonLethal,2018-05-20,16:30:00,Daylight,750,115,Yes,X-type,Normal,2Vehicles-Side,"92, BOULEVARD LEFEBVRE",M,48.82850990979277,2.830665032611181
201800053020,NonLethal,2018-05-20,20:15:00,TwilightOrDawn,750,115,Yes,X-type,Normal,2Vehicles-Side,AVENUE FELIX FAURE,M,48.83953872586204,2.84002706915991
201800053022,NonLethal,2018-05-22,16:20:00,Daylight,750,115,Yes,X-type,HeavyRain,Other,"6l, QUAI DE GRENELLE",M,48.848911176307695,2.8501183772732706
201800053023,NonLethal,2018-05-24,11:45:00,Daylight,750,115,Yes,X-type,Normal,Other,"107, RUE DE LA CONVENTIO",M,48.83997485817456,2.8405574132413505
201800053024,NonLethal,2018-05-26,13:10:00,Daylight,750,115,Yes,X-type,Normal,Other,"55, RUE DE LA CONVENTION",M,48.84299366443391,2.844718698230784
201800053025,NonLethal,2018-05-27,12:20:00,Daylight,750,115,Yes,X-type,Normal,Other,"116, RUE DE LA CROIX NIV",M,48.84202190429787,2.841920798711685
201800053026,NonLethal,2018-05-27,17:33:00,Daylight,750,115,Yes,NoIntersection,Normal,Other,RUE DE CADIX,M,48.8333197571145,2.8361652530970822
201800053027,NonLethal,2018-05-28,22:40:00,NightStreelightsOn,750,115,Yes,X-type,LightRain,NoCollision,"58, RUE DE LA CONVENTION",M,48.84411419169949,2.8442474484084226
201800053030,NonLethal,2018-05-31,15:20:00,Daylight,750,115,Yes,MoreThan4Branches,Normal,2Vehicles-Side,BOULEVARD GENERAL MARTIA,M,48.83793474100241,2.8418843607679984
201800053031,NonLethal,2018-05-31,19:15:00,Daylight,750,115,Yes,NoIntersection,Normal,2Vehicles-Side,"34, RUE EMERIAU",M,48.84954099948984,2.8516157335588543
201800053032,NonLethal,2018-06-01,09:30:00,Daylight,750,115,Yes,Y-type,Normal,2Vehicles-Side,"29, QUAI D ISSY LES MOUL",M,48.834834287542186,2.834492609102992
201800053033,NonLethal,2018-06-02,20:06:00,Daylight,750,115,Yes,X-type,Normal,Other,QUAI DE GRENELLE,M,48.84916801407371,2.8501694560068347
201800053034,NonLethal,2018-06-04,13:00:00,Daylight,750,115,Yes,X-type,Normal,2Vehicles-Side,BOULEVARD GENERAL MARTIA,M,48.83687421820633,2.836024643997969
201800053035,NonLethal,2018-04-06,17:30:00,Daylight,750,115,Yes,T-type,Overcast,Other,"222, RUE DE LA CONVENTIO",M,48.836881230471846,2.837589526805607
201800053036,NonLethal,2018-05-06,01:40:00,NightStreelightsOn,750,115,Yes,NoIntersection,Normal,Other,"55, BOULEVARD DE VAUGIRA",M,48.84212218936719,2.838577150046475
201800053037,NonLethal,2018-05-06,09:00:00,Daylight,750,115,Yes,T-type,HeavyRain,NoCollision,BOULEVARD DU MONTPARNASS,M,48.8438608395445,2.8459083536327463
201800053039,NonLethal,2018-06-12,16:10:00,Daylight,750,115,Yes,X-type,Normal,Other,"95, AVENUE EMILE ZOLA",M,48.84607522349017,2.848454338079024
201800053040,NonLethal,2018-06-14,18:00:00,Daylight,750,115,Yes,X-type,Normal,2Vehicles-Side,RUE BRANCION,M,48.82820329647424,2.828256551105784
201800053041,NonLethal,2018-06-15,22:55:00,NightStreelightsOn,750,115,Yes,X-type,Normal,2Vehicles-Side,BOULEVARD LEFEBVRE,M,48.82821710116709,2.8286400242656327
201800053042,NonLethal,2018-06-18,22:48:00,NightStreelightsOn,750,107,Yes,X-type,Normal,Other,"1, AVENUE DE LA MOTTE PI",M,48.857234430503645,2.858646700865394
201800053043,NonLethal,2018-06-19,09:00:00,Daylight,750,115,Yes,X-type,Normal,Other,"130, BOULEVARD DE GRENEL",M,48.8500133496062,2.849440802445495
201800053044,NonLethal,2018-06-19,17:25:00,Daylight,750,115,Yes,Square,Normal,Other,"2, PLACE BALARD",M,48.83614533380926,2.8359227004734544
201800053045,NonLethal,2018-06-19,23:15:00,NightStreelightsOn,750,115,Yes,NoIntersection,Normal,Other,"184, RUE DE LA CROIX NIV",M,48.8396371277251,2.841633284703057
201800053046,NonLethal,2018-06-20,15:30:00,Daylight,750,115,Yes,Square,Normal,NoCollision,RUE LOUIS ARMAND,M,48.83232043505538,2.832448869337517
201800053048,NonLethal,2018-06-21,08:20:00,Daylight,750,115,Yes,X-type,Normal,2Vehicles-Side,RUE LOUIS ARMAND,M,48.8310178840692,2.832240214258471
201800053049,NonLethal,2018-06-22,23:55:00,NightStreelightsOn,750,115,Yes,X-type,Normal,2Vehicles-Side,RUE MIOLLIS,M,48.84658242825473,2.8467673474323645
201800053050,NonLethal,2018-06-23,11:30:00,Daylight,750,115,Yes,NoIntersection,Normal,2Vehicles-Side,", QUAI BRANLY",M,48.85698203576023,2.857029807883191
201800053051,NonLethal,2018-06-23,19:20:00,Daylight,750,115,Yes,T-type,Normal,Other,"41, BOULEVARD VICTOR",M,48.835080061272514,2.8327566587139144
201800053052,NonLethal,2018-06-24,15:15:00,Daylight,750,115,Yes,NoIntersection,Normal,Other,"l96, RUE DE LA CONVENTIO",M,48.83954079525072,2.837639208169507
201800053055,NonLethal,2018-06-26,11:20:00,Daylight,750,115,Yes,X-type,Normal,2Vehicles-Side,RUE DE JAVEL,M,48.846298784314456,2.8451088219465173
201800053056,NonLethal,2018-06-26,18:15:00,Daylight,750,115,Yes,Square,Normal,Other,"2, RUE DE L ARRIVEE",M,48.84522509540175,2.8432359075889067
201800053057,NonLethal,2018-06-27,13:35:00,Daylight,750,115,Yes,T-type,Normal,2Vehicles-Side,"11, RUE DE VOUILLE",M,48.83545715498824,2.835531856285567
201800053058,NonLethal,2018-06-27,15:05:00,Daylight,750,115,Yes,X-type,Normal,Other,"54, RUE DE LA CONVENTION",M,48.84507175660994,2.8433247810003563
201800053059,NonLethal,2018-06-27,19:20:00,Daylight,750,115,Yes,T-type,Normal,2Vehicles-Side,QUAI ANDRE CITROEN,M,48.84700765083286,2.8475164727850086
201800053060,NonLethal,2018-06-28,10:29:00,Daylight,750,115,Yes,Square,VeryGood,Other,"2, RUE DE LA CONVENTION",M,48.84650441932492,2.845728134590781
201800053061,NonLethal,2018-06-28,17:55:00,Daylight,750,115,Yes,NoIntersection,Normal,NoCollision,"25, RUE DESAIX",M,48.8548414412616,2.8533387774998205
201800053062,NonLethal,2018-06-29,20:00:00,Daylight,750,115,Yes,NoIntersection,Normal,Other,"30, RUE DE LOURMEL",M,48.85121966122309,2.8500641438486243
201800053063,NonLethal,2018-02-07,09:10:00,Daylight,750,115,Yes,T-type,Normal,2Vehicles-Side,"62, RUE DE DANTZIG",M,48.829918520436216,2.832210398750971
201800053065,NonLethal,2018-07-05,10:10:00,Daylight,750,115,Yes,Y-type,Normal,NoCollision,QUAI ANDRE CITROEN,M,48.845995615196586,2.845122875270873
201800053068,NonLethal,2018-07-07,00:01:00,NightStreelightsOn,750,115,Yes,T-type,Normal,Other,"27, RUE THIBOUMERY",M,48.83312027336776,2.8338110137802985
201800053069,NonLethal,2018-09-07,11:30:00,Daylight,750,115,Yes,NoIntersection,Normal,Other,"32, RUE CASTAGNARY",M,48.83512103324541,2.834891774919213
201800053070,NonLethal,2018-07-11,12:15:00,Daylight,750,115,Yes,Square,Normal,Other,PLACE CHARLES MICHELS,M,48.8457383338348,2.8472214521900723
201800053073,NonLethal,2018-07-14,12:55:00,Daylight,750,114,Yes,T-type,Normal,2Vehicles-Side,"268, BOULEVARD RASPAIL",M,48.838233123014,2.838811955540065
201800053075,NonLethal,2018-07-15,20:05:00,Daylight,750,115,Yes,X-type,Normal,2Vehicles-Side,"20, BOULEVARD PASTEUR",M,48.84434112703181,2.84205395168793
201800053076,NonLethal,2018-07-16,04:15:00,NightStreelightsOn,750,115,Yes,X-type,Normal,2Vehicles-Side,RUE DU COMMERCE,M,48.84596758994521,2.8465751225449294
201800053077,NonLethal,2018-07-17,20:35:00,Daylight,750,115,Yes,NoIntersection,Normal,Other,BOULEVARD LEFEBVRE,M,48.82967945498241,2.8301629758384546
201800053078,NonLethal,2018-07-17,13:20:00,Daylight,750,115,Yes,NoIntersection,Normal,NoCollision,BOULEVARD LEFEBVRE,M,48.834289579822425,2.8333278931115515
201800053079,NonLethal,2018-07-21,17:30:00,Daylight,750,115,Yes,Square,Normal,2Vehicles-Side,PLACE DU MOULIN DE JAVEL,M,48.8411799806192,2.840380236195508
201800053080,NonLethal,2018-07-23,09:50:00,Daylight,750,115,Yes,T-type,VeryGood,Other,RUE DE LA FEDERATION,M,48.85200434703067,2.853431514934647
201800053081,NonLethal,2018-07-24,09:45:00,Daylight,750,115,Yes,T-type,Normal,2Vehicles-Side,BOULEVARD LEFEBVRE,M,48.83432002350756,2.8340214580480256
201800053082,NonLethal,2018-07-24,19:35:00,Daylight,750,115,Yes,Y-type,Normal,NoCollision,RUE DE LA CROIX NIVERT,M,42.83381856784942,2.834892191788254
201800053083,NonLethal,2018-07-28,12:10:00,Daylight,750,115,Yes,X-type,Normal,2Vehicles-Side,RUE DE JAVEL,M,48.84383236963004,2.84547953225156
201800053084,NonLethal,2018-03-08,00:20:00,NightStreelightsOn,750,115,Yes,NoIntersection,Normal,2Vehicles-Behind,QUAI D ISSY LES MOULINEA,M,48.83592169100104,2.8353369021479224
201800053086,NonLethal,2018-04-08,17:45:00,Daylight,750,115,Yes,NoIntersection,Normal,2Vehicles-Side,RUE CAMBRONNE,M,48.84420475854771,2.84433289084508
201800053087,NonLethal,2018-08-05,16:20:00,Daylight,750,115,Yes,Square,Normal,Other,PLACE BALARD,M,48.835910991034055,2.836653730793473
201800053088,NonLethal,2018-06-08,18:40:00,Daylight,750,107,Yes,X-type,Normal,NoCollision,BOULEVARD SAINT GERMAIN,M,48.85114274118622,2.8492485394184697
201800053089,NonLethal,2018-09-08,10:05:00,Daylight,750,115,Yes,NoIntersection,LightRain,Other,BOULEVARD DE GRENELLE,M,48.850749922520144,2.8488610941148416
201800053090,NonLethal,2018-09-08,13:50:00,Daylight,750,115,Yes,X-type,LightRain,2Vehicles-Side,BOULEVARD LEFEBVRE,M,48.83117013771087,2.830926590034016
201800053091,NonLethal,2018-10-08,11:20:00,Daylight,750,115,Yes,NoIntersection,Normal,2Vehicles-Behind,BOULEVARD LEFEBVRE,M,48.82773258241822,2.828244456780973
201800053092,NonLethal,2018-08-12,21:30:00,NightStreelightsOn,750,115,Yes,X-type,Normal,2Vehicles-Behind,QUAI ANDRE CITROEN,M,48.83998742193558,2.840534520409091
201800053095,NonLethal,2018-08-15,06:55:00,TwilightOrDawn,750,115,Yes,Square,Normal,Other,PLACE DU DIX HUIT JUIN 1,M,48.84291015838461,2.8437325178703707
201800053096,NonLethal,2018-08-18,16:30:00,Daylight,750,115,Yes,MoreThan4Branches,Normal,Other,AVENUE EMILE ZOLA,M,48.8472207068697,2.844767481003204
201800053097,NonLethal,2018-08-20,15:30:00,Daylight,750,115,Yes,T-type,Normal,Other,RUE CAMBRONNE,M,48.84323221943228,2.843209149297802
201800053098,NonLethal,2018-08-21,18:45:00,Daylight,750,107,Yes,T-type,Overcast,2Vehicles-Side,RUE DE SEVRES,M,48.85008541098056,2.8508421954055057
201800053099,NonLethal,2018-08-22,09:10:00,Daylight,750,115,Yes,T-type,Normal,NoCollision,BOULEVARD LEFEBVRE,M,48.82833454340777,2.826670464166928
201800053100,NonLethal,2018-08-22,20:00:00,TwilightOrDawn,750,115,Yes,Square,Normal,Other,RUE DE L ARRIVEE,M,48.84321799171859,2.843252805739779
201800053101,NonLethal,2018-08-24,16:45:00,Daylight,750,115,Yes,NoIntersection,Normal,Other,AVENUE ALBERT BARTHOLOME,M,48.82659265877782,2.8289243981211456
201800053103,NonLethal,2018-08-29,13:30:00,Daylight,750,115,Yes,X-type,LightRain,Other,BOULEVARD DU MONTPARNASS,M,48.84537314651747,2.8438175663783776
201800053105,NonLethal,2018-05-09,11:30:00,Daylight,750,115,Yes,NoIntersection,Normal,Other,RUE DE DANTZIG,M,48.83311511960971,2.8350183278364165
201800053106,NonLethal,2018-09-06,16:10:00,Daylight,750,115,Yes,NoIntersection,Normal,2Vehicles-Side,ALLEE DES FRERES VOISIN,M,48.82830557832319,2.8266597965474856
201800053107,NonLethal,2018-06-09,17:35:00,Daylight,750,115,Yes,NoIntersection,Normal,2Vehicles-Behind,PLACE DE LA PORTE DE VER,M,48.83249583653316,2.8314021407975565
201800053109,NonLethal,2018-09-09,09:18:00,Daylight,750,115,Yes,NoIntersection,Normal,Other,BOULEVARD DE GRENELLE,M,48.85025941635404,2.850559056343048
201800053110,NonLethal,2018-09-11,10:00:00,Daylight,750,115,Yes,T-type,Normal,Other,QUAI BRANLY,M,48.85550069395477,2.8562887010728466
201800053111,NonLethal,2018-09-11,09:15:00,Daylight,750,115,Yes,X-type,Normal,2Vehicles-Side,QUAI BRANLY,M,48.855022893969455,2.8556357212005974
201800053113,NonLethal,2018-12-09,23:20:00,NightStreelightsOn,750,115,Yes,T-type,Normal,2Vehicles-Behind,AVENUE DE LA PORTE BRANC,M,48.82813491541333,2.8267316542341607
201800053114,NonLethal,2018-09-13,09:35:00,Daylight,750,115,Yes,X-type,LightRain,2Vehicles-Side,PORT DE JAVEL,M,48.8485765742244,2.846361735348388
201800053115,NonLethal,2018-09-13,12:30:00,Daylight,750,115,Yes,T-type,Normal,2Vehicles-Behind,RUE OLIVIER DE SERRES,M,48.834368067446725,2.8354904258391023
201800053117,NonLethal,2018-09-13,17:50:00,Daylight,750,115,Yes,NoIntersection,Normal,NoCollision,QUAI ANDRE CITROEN,M,48.83867538413304,2.841443116840622
201800053118,NonLethal,2018-09-15,00:15:00,NightStreelightsOn,750,115,Yes,T-type,Normal,2Vehicles-Side,AVENUE FELIX FAURE,M,48.83903557571968,2.839950136577947
201800053120,NonLethal,2018-09-17,08:00:00,Daylight,750,115,Yes,X-type,Normal,2Vehicles-Side,RUE BRANCION,M,48.83065955991077,2.830721406732893
201800053121,NonLethal,2018-09-17,12:30:00,Daylight,750,115,Yes,X-type,Normal,Other,RUE CAMBRONNE,M,48.84117063234312,2.842621991302351
201800053122,NonLethal,2018-09-18,14:30:00,Daylight,750,115,Yes,X-type,LightRain,2Vehicles-Side,RUE SAINT CHARLES,M,48.85048706573834,2.850948316063183
201800053123,NonLethal,2018-09-20,21:25:00,NightStreelightsOn,750,115,Yes,X-type,Normal,Other,RUE DE LA CONVENTION,M,48.84439488305705,2.8408738021920192
201800053124,NonLethal,2018-09-21,09:55:00,Daylight,750,115,Yes,T-type,Overcast,NoCollision,RUE BALARD,M,48.84816308561863,2.8456633002738
201800053126,NonLethal,2018-09-25,15:40:00,Daylight,750,115,Yes,X-type,Normal,2Vehicles-Side,QUAI ANDRE CITROEN,M,48.84676831851798,2.845364796712018
201800053127,NonLethal,2018-09-25,22:25:00,NightStreelightsOn,750,115,Yes,X-type,Normal,Other,RUE DU PROFESSEUR FLORIA,M,48.83723368364353,2.840322469897006
201800053128,NonLethal,2018-09-26,08:30:00,Daylight,750,115,Yes,NoIntersection,Normal,Other,AVENUE FELIX FAURE,M,48.837638476366365,2.83789130791516
201800053129,NonLethal,2018-09-26,10:15:00,Daylight,750,115,Yes,X-type,Normal,Other,QUAI DE GRENELLE,M,48.84968171041631,2.849991611932536
201800053130,NonLethal,2018-09-28,15:45:00,Daylight,750,115,Yes,T-type,Normal,Other,RUE DE LOURMEL,M,48.848943876061,2.849293899615601
201800053132,NonLethal,2018-01-10,13:10:00,Daylight,750,115,Yes,T-type,Normal,2Vehicles-Side,BOULEVARD DE GRENELLE,M,48.849890264158105,2.851270309440569
201800053133,NonLethal,2018-10-01,16:20:00,Daylight,750,115,Yes,NoIntersection,Normal,Other,RUE LECOURBE,M,48.84038319693945,2.840626760493493
201800053134,NonLethal,2018-10-01,21:30:00,NightStreelightsOn,750,115,Yes,NoIntersection,Normal,Other,BOULEVARD GARIBALDI,M,48.84662089301087,2.845830900523712
201800053135,NonLethal,2018-10-03,19:30:00,TwilightOrDawn,750,115,Yes,T-type,Normal,2Vehicles-Side,RUE DE LOURMEL,M,48.8401481062375,2.8406496169333244
201800053136,NonLethal,2018-04-10,15:50:00,Daylight,750,115,Yes,X-type,Normal,2Vehicles-Side,RUE DE VOUILLE,M,48.83344561735512,2.8365872991017573
201800053137,NonLethal,2018-04-10,18:35:00,Daylight,750,115,Yes,NoIntersection,Normal,Other,RUE CAMBRONNE,M,48.840615237034704,2.8397786481197027
201800053138,NonLethal,2018-10-05,10:10:00,Daylight,750,115,Yes,NoIntersection,Normal,2Vehicles-BehindVehicles-Frontal,RUE FRANCOIS BONVIN,M,48.84493443542093,2.844084671374933
201800053139,NonLethal,2018-06-10,14:30:00,Daylight,750,115,Yes,X-type,Normal,Other,BOULEVARD DE GRENELLE,M,48.85044712036725,2.850929305402069
201800053140,NonLethal,2018-10-08,09:00:00,Daylight,750,115,Yes,Square,Normal,2Vehicles-Side,PLACE DU DIX HUIT JUIN 1,M,48.83964811481963,2.839605702447638
201800053141,NonLethal,2018-10-09,13:26:00,Daylight,750,115,Yes,X-type,Normal,2Vehicles-Side,QUAI ANDRE CITROEN,M,48.84526925855127,2.845972635764721
201800053142,NonLethal,2018-10-09,22:30:00,NightStreelightsOn,750,115,Yes,X-type,Normal,2Vehicles-Behind,BOULEVARD PASTEUR,M,,
201800053143,NonLethal,2018-10-11,13:20:00,Daylight,750,115,Yes,T-type,Normal,Other,RUE CAMBRONNE,M,48.844025950891606,2.84609667915942
201800053145,NonLethal,2018-10-12,19:20:00,NightNoStreetLight,750,115,Yes,T-type,Normal,2Vehicles-Side,RUE FRANCOIS MOUTHON,M,,
201800053146,NonLethal,2018-10-13,18:40:00,TwilightOrDawn,750,115,Yes,NoIntersection,Normal,2Vehicles-Side,BOULEVARD LEFEBVRE,M,,
201800053147,NonLethal,2018-10-15,19:50:00,TwilightOrDawn,750,115,Yes,X-type,Normal,Other,RUE DE VAUGIRARD,M,48.83691840934743,2.838210982516534