AccidentId,Gravity,Date,Hour,Light,Department,Commune,InAgglomeration,IntersectionType,Weather,CollisionType,PostalAddress,GPSCode,Latitude,Longitude
201800053150,NonLethal,2018-10-17,12:45:00,Daylight,750,115,Yes,T-type,Normal,2Vehicles-Behind,RUE LECOURBE,M,48.84499209584897,2.846612973326672
201800053151,NonLethal,2018-10-17,15:45:00,Daylight,750,115,Yes,X-type,Normal,Other,RUE PETEL,M,48.841485123988,2.841117531019772
201800053154,NonLethal,2018-10-20,00:01:00,NightStreelightsOn,750,115,Yes,X-type,Normal,2Vehicles-Side,RUE DE VAUGIRARD,M,48.83871510149155,2.837585033210445
201800053155,NonLethal,2018-10-22,13:15:00,Daylight,750,115,Yes,NoIntersection,LightRain,Other,RUE DE LA CONVENTION,M,48.837374548326906,2.837906991201521
201800053156,NonLethal,2018-10-23,09:50:00,Daylight,750,115,Yes,T-type,Normal,2Vehicles-Side,BOULEVARD PASTEUR,M,48.84063020918738,2.841418949896995
201800053157,NonLethal,2018-10-23,17:50:00,TwilightOrDawn,750,115,Yes,X-type,Normal,Other,RUE PAUL BARRUEL,M,48.84108858856353,2.841305876738514
201800053158,NonLethal,2018-10-23,19:30:00,NightStreelightsOn,750,115,Yes,T-type,Normal,2Vehicles-Side,RUE CAMBRONNE,M,48.86285288738861,2.863537659352696
201800053159,NonLethal,2018-10-24,15:55:00,Daylight,750,115,Yes,NoIntersection,Normal,Other,RUE OSCAR ROTY,M,48.84075212079276,2.842677572706766
201800053160,NonLethal,2018-10-25,15:30:00,Daylight,750,115,Yes,NoIntersection,Normal,2Vehicles-Side,RUE DES ENTREPRENEURS,M,48.84450590331753,2.844722935288335
201800053161,NonLethal,2018-10-25,16:15:00,Daylight,750,115,Yes,X-type,Normal,2Vehicles-Side,AVENUE DE LA PORTE DE SE,M,48.83466110716207,2.8335251590814154
201800053162,NonLethal,2018-10-26,04:00:00,NightStreelightsOn,750,115,Yes,NoIntersection,Normal,Other,BOULEVARD DU MONTPARNASS,M,48.84482931935359,2.8452664749493155
201800053163,NonLethal,2018-10-26,07:20:00,NightStreelightsOn,750,115,Yes,X-type,Normal,2Vehicles-BehindVehicles-Frontal,RUE DE LA PORTE D ISSY,M,48.83528885221956,2.8337160140692164
201800053164,NonLethal,2018-10-26,17:15:00,Daylight,750,115,Yes,X-type,Overcast,Other,AVENUE DE SUFFREN,M,48.84560290873458,2.847903765028156
201800053165,NonLethal,2018-10-26,20:30:00,NightNoStreetLight,750,115,Yes,X-type,LightRain,Other,RUE LECOURBE,M,48.84505620878532,2.843799013621505
201800053166,NonLethal,2018-10-26,21:40:00,NightStreelightsOn,750,115,Yes,T-type,Normal,2Vehicles-Side,RUE DE VOUILLE,M,48.83273023443221,2.8322198462031607
201800053167,NonLethal,2018-10-27,09:40:00,Daylight,750,115,Yes,NoIntersection,Normal,Other,RUE BLOMET,M,48.83920894557255,2.839315190957013
201800053168,NonLethal,2018-10-27,11:30:00,Daylight,750,115,Yes,X-type,Normal,2Vehicles-Side,RUE DU GENERAL GUILLAUMA,M,48.82114480818643,2.8210148187742874
201800053169,NonLethal,2018-10-27,19:45:00,NightStreelightsOn,750,115,Yes,X-type,Normal,2Vehicles-Side,BOULEVARD VICTOR,M,48.83656103372493,2.834755474974152
201800053170,NonLethal,2018-10-30,15:10:00,Daylight,750,115,Yes,T-type,LightRain,2Vehicles-Side,RUE DE VAUGIRARD,M,48.839530709112,2.840961555027883
201800053171,NonLethal,2018-10-31,18:15:00,NightStreelightsOn,750,115,Yes,X-type,LightRain,Other,RUE DE VOUILLE,M,48.83345453755855,2.834430118800547
201800053173,NonLethal,2018-11-01,20:00:00,NightStreelightsOn,750,115,Yes,NoIntersection,LightRain,NoCollision,BOULEVARD DE GRENELLE,M,48.83782105979828,2.8379111508314008
201800053174,NonLethal,2018-04-11,18:15:00,NightStreelightsOn,750,115,Yes,NoIntersection,Normal,2Vehicles-Behind,QUAI DE GRENELLE,M,48.8520886457542,2.851964953588385
201800053175,NonLethal,2018-05-11,09:30:00,Daylight,750,115,No,Y-type,Normal,2Vehicles-Side,ECHANGEUR ISSY,M,48.83595364106203,2.836764453128992
201800053176,NonLethal,2018-06-11,02:58:00,NightStreelightsOn,750,115,Yes,X-type,Normal,2Vehicles-Side,RUE BRANCION,M,48.80074211795719,2.7990504994175915
201800053177,NonLethal,2018-11-06,16:15:00,Daylight,750,115,Yes,X-type,Overcast,Other,RUE DU DOCTEUR JACQUEMAI,M,48.84407213765156,2.8431897683343643
201800053178,NonLethal,2018-08-11,07:00:00,NightStreelightsOn,750,115,Yes,T-type,Normal,Other,RUE MAUBLANC,M,,
201800053179,NonLethal,2018-11-08,17:05:00,TwilightOrDawn,750,115,Yes,T-type,Normal,Other,AVENUE DE LA PORTE DE LA,M,48.82647711432883,2.827758585226112
201800053180,NonLethal,2018-11-09,11:00:00,Daylight,750,115,Yes,NoIntersection,Normal,Other,RUE DU COMMERCE,M,,
201800053181,NonLethal,2018-11-09,12:50:00,Daylight,750,115,Yes,X-type,Normal,3+Vehicles-Chain,RUE DU COMMERCE,M,48.845655120903416,2.8469645876147616
201800053182,NonLethal,2018-11-11,18:40:00,NightStreelightsOn,750,115,Yes,T-type,LightRain,Other,RUE CASTAGNARY,M,48.83143983539628,2.83268563422076
201800053184,NonLethal,2018-12-11,00:05:00,NightStreelightsOn,750,115,Yes,X-type,LightRain,Other,RUE BLOMET,M,48.841729224277096,2.8438408283195336
201800053185,NonLethal,2018-11-12,12:30:00,Daylight,750,115,Yes,T-type,LightRain,NoCollision,QUAI DE GRENELLE,M,48.85290084756072,2.854444503656526
201800053186,NonLethal,2018-11-13,15:00:00,TwilightOrDawn,750,115,Yes,NoIntersection,Normal,Other,RUE ROBERT DE FLERS,M,48.848503347884176,2.848001031465027
201800053188,NonLethal,2018-11-16,15:55:00,Daylight,750,115,Yes,X-type,Overcast,Other,RUE BALARD,M,48.8439939143128,2.8433579539895453
201800053189,NonLethal,2018-11-17,21:40:00,NightStreelightsOn,750,115,Yes,T-type,Normal,2Vehicles-Side,QUAI DE GRENELLE,M,48.85274939592122,2.852809282185056
201800053190,NonLethal,2018-11-19,09:30:00,Daylight,750,115,Yes,T-type,Normal,Other,RUE DE LA CONVENTION,M,48.83951226015233,2.838004009915948
201800053191,NonLethal,2018-11-19,11:30:00,Daylight,750,115,Yes,Square,Normal,2Vehicles-Side,PLACE D ALLERAY,M,48.83567577655524,2.83628498687499
201800053192,NonLethal,2018-11-19,15:10:00,Daylight,750,115,Yes,Y-type,Normal,2Vehicles-Side,RUE DE L ARMORIQUE,M,,
201800053193,NonLethal,2018-11-19,19:05:00,NightStreelightsOn,750,107,Yes,X-type,Normal,2Vehicles-Side,AVENUE DE LA MOTTE PICQU,M,48.85753118496251,2.859245986320644
201800053194,NonLethal,2018-11-20,10:10:00,Daylight,750,115,Yes,NoIntersection,LightRain,Other,RUE LEBLANC,M,48.82929514213061,2.83164216795687
201800053195,NonLethal,2018-11-22,11:30:00,Daylight,750,115,Yes,X-type,Normal,2Vehicles-Side,RUE DE DANTZIG,M,,
201800053196,NonLethal,2018-11-22,19:35:00,NightStreelightsOn,750,115,Yes,X-type,Normal,2Vehicles-Side,AVENUE DE LA PORTE DE LA,M,48.83675676795876,2.8355178422871705
201800053197,NonLethal,2018-11-25,14:55:00,Daylight,750,115,Yes,X-type,LightRain,NoCollision,BOULEVARD DE GRENELLE,M,48.84693207173168,2.8492775922836087
201800053198,NonLethal,2018-11-26,20:38:00,NightStreelightsOn,750,115,Yes,X-type,LightRain,2Vehicles-Side,QUAI DE GRENELLE,M,48.84911432503272,2.8488152377948186
201800053199,NonLethal,2018-11-27,20:30:00,NightStreelightsOn,750,115,Yes,X-type,LightRain,Other,RUE LINOIS,M,48.84780793331343,2.84670009207472
201800053200,NonLethal,2018-11-29,09:45:00,Daylight,750,115,Yes,X-type,Overcast,2Vehicles-Side,RUE DE L EGLISE,M,48.84426300246239,2.8440332828288435
201800053201,NonLethal,2018-12-03,17:01:00,TwilightOrDawn,750,115,Yes,X-type,Overcast,Other,BOULEVARD PASTEUR,M,48.83941419674698,2.842243481984948
201800053202,NonLethal,2018-03-12,22:30:00,NightStreelightsOn,750,115,Yes,X-type,Normal,2Vehicles-Side,AVENUE FELIX FAURE,M,48.841254303855415,2.83960948193194
201800053203,NonLethal,2018-12-04,07:30:00,NightStreelightsOn,750,115,Yes,X-type,HeavyRain,Other,AVENUE DU MAINE,M,,
201800053204,NonLethal,2018-04-12,20:30:00,NightStreelightsOn,750,115,Yes,X-type,Normal,Other,AVENUE FELIX FAURE,M,48.799993992926126,2.7986518793962856
201800053205,NonLethal,2018-06-12,16:40:00,NightStreelightsOn,750,115,Yes,X-type,Normal,Other,QUAI DE GRENELLE,M,48.83864315711539,2.839369289913706
201800053207,NonLethal,2018-07-12,19:00:00,NightStreelightsOn,750,115,Yes,NoIntersection,Normal,2Vehicles-Side,RUE BALARD,M,48.83959242686618,2.840629030885834
201800053208,NonLethal,2018-09-12,20:00:00,NightStreelightsOn,750,115,Yes,T-type,Normal,2Vehicles-Side,RUE DES ENTREPRENEURS,M,,
201800053209,NonLethal,2018-12-10,16:55:00,TwilightOrDawn,750,115,Yes,T-type,Normal,Other,RUE DE VAUGIRARD,M,48.83019552669211,2.830676580985754
201800053210,NonLethal,2018-12-11,07:56:00,TwilightOrDawn,750,115,Yes,NoIntersection,Normal,Other,BOULEVARD PASTEUR,M,48.83863199982409,2.8391834428250786
201800053211,NonLethal,2018-11-12,12:00:00,Daylight,750,115,Yes,X-type,Overcast,2Vehicles-Side,RUE LOUIS VICAT,M,48.82546471968898,2.824593296834089
201800053212,NonLethal,2018-11-12,15:00:00,Daylight,750,115,Yes,T-type,Normal,Other,RUE LINOIS,M,,
201800053213,NonLethal,2018-12-11,17:00:00,NightStreelightsOn,750,115,Yes,X-type,Normal,2Vehicles-Behind,RUE LECOURBE,M,48.84077850927211,2.838841554820144
201800053214,NonLethal,2018-12-12,20:45:00,NightStreelightsOn,750,115,Yes,X-type,Overcast,Other,RUE DE VOUILLE,M,48.83547297593875,2.835874174890954
201800053215,NonLethal,2018-12-14,22:55:00,NightStreelightsOn,750,115,Yes,X-type,Normal,Other,RUE DUTOT,M,48.84014923444579,2.839172742068198
201800053216,NonLethal,2018-12-17,15:30:00,Daylight,750,115,Yes,X-type,Normal,Other,RUE DE LA CONVENTION,M,48.83839334445214,2.838402952853061
201800053217,NonLethal,2018-12-18,10:40:00,Daylight,750,115,Yes,NoIntersection,Normal,3+Vehicles-Multiple,RUE DU PROFESSEUR FLORIA,M,48.839726913953726,2.83801767578321
201800053218,NonLethal,2018-12-18,10:20:00,Daylight,750,115,Yes,NoIntersection,Normal,Other,BOULEVARD GENERAL MARTIA,M,48.83537607563479,2.8379832454941827
201800053219,NonLethal,2018-12-20,14:00:00,Daylight,750,115,Yes,X-type,Normal,2Vehicles-Side,BOULEVARD VICTOR,M,48.83594378021803,2.834335436601415
201800053221,NonLethal,2018-12-21,20:35:00,NightStreelightsOn,750,115,Yes,NoIntersection,Overcast,Other,BOULEVARD DE GRENELLE,M,48.84670955090495,2.847242437274457
201800053222,NonLethal,2018-12-25,19:10:00,NightStreelightsOn,750,115,Yes,NoIntersection,Normal,2Vehicles-Behind,RUE DE LA CROIX NIVERT,M,48.837075777955214,2.835503644939017
201800053224,NonLethal,2018-12-30,13:50:00,Daylight,750,115,Yes,Square,Normal,NoCollision,QUAI ANDRE CITROEN,M,48.847838586400535,2.848866218211837
201800053225,NonLethal,2018-12-31,17:00:00,TwilightOrDawn,750,115,Yes,X-type,Normal,Other,AVENUE FELIX FAURE,M,48.83964927724293,2.837032015282755
201800053226,NonLethal,2018-12-31,21:00:00,NightStreelightsOn,750,115,Yes,NoIntersection,Normal,2Vehicles-Behind,PONT DE GRENELLE,M,48.848467947440696,2.849055579969051
201800053227,NonLethal,2018-01-01,05:30:00,NightStreelightsOn,750,116,Yes,Y-type,Normal,Other,ALLEE DE LONGCHAMP,M,48.86856735547895,2.868401725923744
201800053229,NonLethal,2018-02-01,15:55:00,Daylight,750,116,Yes,NoIntersection,LightRain,2Vehicles-Side,"51, AVENUE VICTOR HUGO",M,48.87108218898824,2.871372237435424
201800053230,NonLethal,2018-02-01,16:30:00,Daylight,750,116,Yes,X-type,LightRain,2Vehicles-Side,"37, AVENUE FOCH",M,48.87273882883745,2.8722225358093314
201800053231,NonLethal,2018-01-02,19:15:00,NightStreelightsOn,750,116,Yes,Square,LightRain,Other,AVENUE DE LA PORTE DE SA,M,48.837198284049286,2.8375825477674206
201800053232,NonLethal,2018-04-01,16:50:00,NightStreelightsOn,750,116,Yes,Square,LightRain,Other,BOULEVARD DE L AMIRAL BR,M,48.874157529026505,2.8721907033108365
201800053233,NonLethal,2018-01-04,22:30:00,NightStreelightsOn,750,116,Yes,Square,Normal,Other,ROUTE DES TRIBUNES,M,48.86573157818841,2.8637264679146277
201800053234,NonLethal,2018-08-01,10:30:00,Daylight,750,116,Yes,T-type,Normal,2Vehicles-Behind,RUE DE L ASSOMPTION,M,48.85547451926414,2.85658833047427
201800053235,NonLethal,2018-01-08,20:10:00,NightStreelightsOn,750,116,Yes,NoIntersection,Normal,Other,PONT DE SURESNES,M,48.865650325352966,2.8669285985475845
201800053236,NonLethal,2018-01-09,15:00:00,Daylight,750,116,Yes,NoIntersection,Normal,2Vehicles-Side,ROUTE DE SURESNES,M,48.868480084598566,2.8694249568761148
201800053237,NonLethal,2018-09-01,14:40:00,Daylight,750,116,Yes,Square,Normal,2Vehicles-Side,PLACE CHARLES DE GAULLE,M,48.8741094764236,2.872403968954471
201800053238,NonLethal,2018-09-01,20:18:00,NightStreelightsOn,750,116,Yes,Square,Normal,2Vehicles-Side,PLACE DU MARECHAL DE LAT,M,48.87210360270205,2.871851505006766
201800053239,NonLethal,2018-01-16,11:15:00,Daylight,750,116,Yes,NoIntersection,Normal,Other,"27, AVENUE GEORGES MANDE",M,48.86330920270428,2.86202485472772
201800053241,NonLethal,2018-01-19,16:00:00,Daylight,750,116,Yes,NoIntersection,Normal,Other,ALLEE DE LONGCHAMP,M,48.866456947101774,2.8687842866408944
201800053242,NonLethal,2018-01-19,18:24:00,NightStreelightsOn,750,116,Yes,Square,LightRain,Other,BOULEVARD MURAT,M,48.847010355754975,2.8464858256953107
201800053243,NonLethal,2018-01-20,20:05:00,NightStreelightsOn,750,116,Yes,X-type,LightRain,Other,"84, BOULEVARD EXELMANS",M,48.84311682861998,2.8423014884483897
201800053244,NonLethal,2018-01-21,23:30:00,NightStreelightsOn,750,116,Yes,X-type,LightRain,2Vehicles-Side,ROUTE DE LA MUETTE A NEU,M,48.86365341711148,2.865893800478595
201800053245,NonLethal,2018-01-23,11:00:00,Daylight,750,116,Yes,T-type,Overcast,2Vehicles-Behind,AVENUE DU PRESIDENT WILS,M,48.86628787567847,2.8665874471476616
201800053247,NonLethal,2018-01-25,19:34:00,NightStreelightsOn,750,116,Yes,MoreThan4Branches,Normal,Other,PLACE CLEMENT ADER,M,48.852374421321365,2.8505622533832886
201800053248,NonLethal,2018-01-25,18:15:00,NightStreelightsOn,750,116,Yes,Roundabout,Normal,2Vehicles-Side,PLACE DU MARECHAL DE LAT,M,48.87169205092064,2.8698414109534496
201800053249,NonLethal,2018-01-25,20:45:00,NightStreelightsOn,750,116,Yes,X-type,Normal,Other,RUE DE LA POMPE,M,48.8637404590135,2.8648617552084525
201800053250,NonLethal,2018-01-25,23:45:00,NightStreelightsOn,750,116,Yes,NoIntersection,Normal,Other,"66, AVENUE DE VERSAILLES",M,48.847588307072265,2.8478284549861046
201800053251,NonLethal,2018-01-26,17:00:00,Daylight,750,116,Yes,NoIntersection,Normal,Other,AVENUE DE NEW YORK,M,48.86560295486711,2.865388521060421
201800053252,NonLethal,2018-01-27,01:00:00,NightStreelightsOn,750,116,Yes,T-type,Normal,NoCollision,AVENUE DE VERSAILLES,M,48.83845534420457,2.838193779980372
201800053253,NonLethal,2018-01-28,14:30:00,Daylight,750,116,Yes,Square,Normal,2Vehicles-Side,PLACE CLEMENT ADER,M,48.85084472113356,2.85220284182514
201800053254,NonLethal,2018-01-29,15:15:00,Daylight,750,116,Yes,MoreThan4Branches,Normal,2Vehicles-Side,"11O, AVENUE VICTOR HUGO",M,48.867420992722366,2.868013360567099
201800053255,NonLethal,2018-01-29,22:38:00,NightStreelightsOn,750,116,Yes,Square,Normal,2Vehicles-Side,PLACE CLEMENT ADER,M,48.84934518440904,2.8522094260490607
201800053258,NonLethal,2018-01-31,13:30:00,Daylight,750,116,Yes,X-type,HeavyRain,Other,AVENUE KLEBER,M,48.865749304828725,2.867737270584564
201800053259,NonLethal,2018-01-31,16:30:00,Daylight,750,116,Yes,NoIntersection,LightRain,Other,ALLEE DE LA REINE MARGUE,M,48.85154495591694,2.851435834221641
201800053260,NonLethal,2018-02-02,09:00:00,Daylight,750,116,Yes,T-type,Normal,2Vehicles-Side,AVENUE DU PRESIDENT KENN,M,48.85200515796767,2.8535583459736724
201800053262,NonLethal,2018-04-02,14:00:00,Daylight,750,116,Yes,X-type,Normal,2Vehicles-Side,"5-7, AVENUE VICTOR HUGO",M,48.87299777377457,2.8730640626628974
201800053263,NonLethal,2018-02-09,23:40:00,NightStreelightsOn,750,116,Yes,Roundabout,Other,2Vehicles-Side,PLACE CHARLES DE GAULLE,M,48.87197722912303,2.8729927552508183
201800053264,NonLethal,2018-02-10,18:30:00,NightStreelightsOn,750,116,Yes,Roundabout,Normal,2Vehicles-Side,AVENUE FOCH,M,48.8729643183621,2.8741523960100688
201800053266,NonLethal,2018-02-12,15:00:00,Daylight,750,116,Yes,Y-type,Normal,2Vehicles-Side,PLACE DE LA PORTE D AUTE,M,48.84733168121083,2.847697793252322
201800053267,NonLethal,2018-02-15,13:10:00,Daylight,750,116,Yes,T-type,LightRain,2Vehicles-Side,"50, RUE DE LA TOUR",M,48.85970123751616,2.859922005776569
201800053268,NonLethal,2018-02-17,22:23:00,NightStreelightsOn,750,116,Yes,MoreThan4Branches,Normal,2Vehicles-Side,AVENUE FOCH,M,48.87335300876702,2.873228183482192
201800053269,NonLethal,2018-02-18,12:55:00,Daylight,750,116,Yes,NoIntersection,Normal,2Vehicles-Side,"11, AVENUE RAYMOND POINC",M,48.86460773279747,2.865076085982449
201800053270,NonLethal,2018-02-19,18:25:00,NightStreelightsOn,750,116,Yes,Y-type,LightRain,Other,"16, AVENUE DU PRESIDENT",M,48.864355274033294,2.8641855415066666
201800053271,NonLethal,2018-02-20,07:50:00,Daylight,750,116,Yes,Square,Normal,2Vehicles-Behind,PLACE DE VARSOVIE,M,48.86084756213316,2.861029562452602
201800053272,NonLethal,2018-02-20,08:50:00,Daylight,750,116,Yes,Roundabout,Normal,3+Vehicles-Multiple,PLACE CHARLES DE GAULLE,M,48.87161727148551,2.870899058551428
201800053273,NonLethal,2018-02-21,09:46:00,Daylight,750,116,Yes,T-type,Normal,2Vehicles-Side,AVENUE DE LA PORTE D AUT,M,48.84871896580168,2.847779252584702
201800053274,NonLethal,2018-02-21,16:40:00,Daylight,750,116,Yes,T-type,Normal,Other,"94, RUE BOILEAU",M,48.83952194194683,2.839621279157459
201800053275,NonLethal,2018-02-27,11:40:00,Daylight,750,116,Yes,T-type,SnowOrHail,Other,"16, AVENUE KLEBER",M,48.872378319407446,2.870516865056094
201800053276,NonLethal,2018-03-01,09:40:00,Daylight,750,116,Yes,T-type,SnowOrHail,Other,"46, AVENUE DU PRESIDENT",M,48.85455201581981,2.854047408743777
201800053279,NonLethal,2018-03-02,16:35:00,Daylight,750,116,Yes,Square,Normal,2Vehicles-Side,"4, PLACE TATTEGRAIN",M,48.86576907937769,2.8636948228613903
201800053280,NonLethal,2018-04-03,05:30:00,NightStreelightsOn,750,116,Yes,NoIntersection,Normal,Other,"11O, QUAI LOUIS BLERIOT",M,48.84406532013565,2.844696745998869
201800053281,NonLethal,2018-03-04,16:20:00,Daylight,750,116,Yes,X-type,LightRain,2Vehicles-Side,ROUTE DE LA PTE DAUPHINE,M,48.87489487501713,2.8745223142176624
201800053282,NonLethal,2018-05-03,08:10:00,Daylight,750,116,Yes,NoIntersection,Normal,2Vehicles-Behind,BOULEVARD PERIPHERIQUE E,M,48.86610536703255,2.8703598498440592
201800053284,NonLethal,2018-03-08,08:40:00,Daylight,750,116,Yes,Square,Normal,2Vehicles-Side,PLACE DE LA PORTE MAILLO,M,48.87682644007156,2.878680275336138
201800053285,NonLethal,2018-03-08,16:05:00,TwilightOrDawn,750,116,Yes,X-type,LightRain,Other,RUE DE LONGCHAMP,M,48.86562972735259,2.865760457978592
201800053287,NonLethal,2018-09-03,10:00:00,Daylight,750,116,Yes,T-type,Overcast,2Vehicles-Side,AVENUE DE LA PORTE D AUT,M,48.84851910969597,2.8471981380342783
201800053289,NonLethal,2018-03-09,19:00:00,NightStreelightsOff,750,116,Yes,X-type,Normal,2Vehicles-Side,ALLEE DE LONGCHAMP,M,48.87467100733267,2.874183418149311
201800053290,NonLethal,2018-10-03,11:10:00,Daylight,750,116,Yes,X-type,LightRain,Other,AVENUE DE LA PORTE DE SA,M,48.83959667858618,2.8392919691645293
201800053292,NonLethal,2018-03-11,03:50:00,NightStreelightsOn,750,116,Yes,Square,HeavyRain,Other,"3, AVENUE DE LA GRANDE A",M,48.87387206237132,2.876013381207371
201800053293,NonLethal,2018-11-03,05:30:00,NightStreelightsOn,750,116,Yes,T-type,LightRain,Other,"616, AVENUE DU PRESIDENT",M,48.8529861658472,2.853026334710386
201800053294,NonLethal,2018-03-12,08:45:00,Daylight,750,116,Yes,Square,LightRain,Other,ALLEE DU BORD DE L EAU,M,48.86108553074912,2.8621404356699043
201800053295,NonLethal,2018-03-12,12:45:00,Daylight,750,116,Yes,NoIntersection,Normal,Other,"26, RUE DE PASSY",M,48.85657873511411,2.857542956750502
201800053296,NonLethal,2018-03-12,19:00:00,NightStreelightsOff,750,116,Yes,NoIntersection,Normal,2Vehicles-Side,ROUTE DE SURESNES,M,48.86689906740966,2.866553315450599
201800053297,NonLethal,2018-03-13,12:25:00,Daylight,750,116,Yes,X-type,Normal,2Vehicles-Side,ROUTE DE SURESNES,M,48.86241867375785,2.863127355378552
201800053298,NonLethal,2018-03-14,08:10:00,Daylight,750,116,Yes,NoIntersection,Normal,NoCollision,QUAI SAINT EXUPERY,M,48.83693282208064,2.837343969458152
201800053299,NonLethal,2018-03-15,17:35:00,Daylight,750,116,Yes,Square,Normal,2Vehicles-Side,PLACE DE LA PORTE DE PAS,M,48.85788557917115,2.856410241674912
201800053300,NonLethal,2018-03-15,19:15:00,NightStreelightsOn,750,116,Yes,X-type,LightRain,2Vehicles-Side,AVENUE DE L HIPPODROME,M,48.8582911647125,2.858581441297132
201800053301,NonLethal,2018-03-16,08:30:00,Daylight,750,116,Yes,T-type,Normal,2Vehicles-Side,ALLEE DU BORD DE L EAU,M,48.860905290349415,2.861193252548267
201800053302,NonLethal,2018-03-17,03:35:00,NightStreelightsOn,750,116,Yes,X-type,Normal,Other,"81, AVENUE FOCH",M,48.86983502524542,2.8725184492854674
201800053303,NonLethal,2018-03-17,09:30:00,Daylight,750,116,Yes,X-type,HeavyRain,2Vehicles-Side,AVENUE DE LA PORTE DE SA,M,48.83887125778833,2.8365767746881043
201800053304,NonLethal,2018-03-18,00:05:00,NightStreelightsOn,750,116,Yes,NoIntersection,LightRain,2Vehicles-Behind,AVENUE ALBERT DE MUN,M,48.8636608720085,2.8644778590842
201800053305,NonLethal,2018-03-18,00:30:00,NightStreelightsOn,750,116,Yes,NoIntersection,Normal,2Vehicles-Side,AVENUE DU PRESIDENT KENN,M,48.85337273101975,2.8528954348404896
201800053306,NonLethal,2018-03-18,09:00:00,Daylight,750,116,Yes,NoIntersection,LightRain,Other,BOULEVARD SUCHET,M,48.86322141496509,2.8633258627654445
201800053307,NonLethal,2018-03-18,18:40:00,TwilightOrDawn,750,116,Yes,X-type,LightRain,2Vehicles-Side,RUE NICOLO,M,48.85978921889234,2.861152765104905
201800053308,NonLethal,2018-03-20,13:16:00,Daylight,750,116,Yes,NoIntersection,Normal,2Vehicles-Behind,AVENUE DE NEW YORK,M,48.858830736928894,2.858039190044224
201800053310,NonLethal,2018-03-22,09:15:00,Daylight,750,116,Yes,NoIntersection,Normal,2Vehicles-Behind,"49, AVENUE FOCH",M,48.87305562271358,2.872439490018663
201800053311,NonLethal,2018-03-23,00:15:00,NightStreelightsOff,750,116,Yes,X-type,Normal,Other,RUE DE VARIZE,M,48.83884795226725,2.840568226951401
201800053312,NonLethal,2018-03-26,09:50:00,Daylight,750,116,Yes,Square,Normal,2Vehicles-Behind,ALLEE DU BORD DE L EAU,M,48.86245593511043,2.86351869185374
201800053313,NonLethal,2018-03-26,15:30:00,Daylight,750,116,Yes,NoIntersection,Normal,Other,ROUTE DE SURESNES,M,48.869514364463534,2.86712556241372
201800053315,NonLethal,2018-03-26,13:00:00,Daylight,750,116,Yes,X-type,Normal,2Vehicles-Side,"55, AVENUE KLEBER",M,48.86658385848635,2.870019399436972
201800053316,NonLethal,2018-03-28,09:50:00,Daylight,750,116,Yes,NoIntersection,LightRain,Other,"5-7, RUE DES BELLES FEUI",M,48.86529661606399,2.86563858425697
201800053317,NonLethal,2018-04-03,14:05:00,Daylight,750,116,Yes,X-type,Normal,Other,ALLEE DES FORTIFICATIONS,M,48.86214079657752,2.8635559024578185
201800053318,NonLethal,2018-04-04,14:25:00,Daylight,750,116,Yes,NoIntersection,Normal,Other,ROUTE DES MOULINS,M,48.86560750529199,2.8663793445754324
201800053319,NonLethal,2018-04-04,22:30:00,NightStreelightsOn,750,116,Yes,X-type,Normal,2Vehicles-Behind,"53, AVENUE PAUL DOUMER",M,48.860862877527744,2.860763074614236
201800053320,NonLethal,2018-05-04,23:20:00,NightStreelightsOn,750,116,Yes,X-type,Normal,Other,RUE BOISSIERE,M,48.86635560264171,2.864955565167808
201800053321,NonLethal,2018-06-04,12:50:00,Daylight,750,116,Yes,NoIntersection,Normal,Other,"72, RUE DE LONGCHAMP",M,48.86598522967152,2.863458205779663
201800053322,NonLethal,2018-04-06,11:45:00,Daylight,750,116,Yes,NoIntersection,Normal,2Vehicles-Side,"110, AVENUE KLEBER",M,48.86459366938143,2.865246441302076
201800053323,NonLethal,2018-07-04,20:45:00,NightStreelightsOn,750,116,Yes,T-type,Normal,Other,"37, BOULEVARD LANNES",M,48.86567080999792,2.867154648494715
201800053324,NonLethal,2018-04-07,22:20:00,NightStreelightsOn,750,116,Yes,X-type,Normal,2Vehicles-Side,ALLEE DE LA REINE MARGUE,M,48.8590944233176,2.8581821753939494
201800053325,NonLethal,2018-04-08,02:10:00,NightStreelightsOn,750,117,Yes,Y-type,Normal,2Vehicles-Side,"63, AVENUE DE SAINT OUEN",M,48.8915535056837,2.891610441549312
201800053326,NonLethal,2018-09-04,18:00:00,Daylight,750,116,Yes,NoIntersection,LightRain,2Vehicles-Side,"49 BIS, BOULEVARD SUCHET",M,48.85429220200925,2.853630912117376
201800053327,NonLethal,2018-09-04,21:25:00,NightStreelightsOn,750,116,Yes,X-type,LightRain,2Vehicles-Behind,BOULEVARD MURAT,M,48.84695395562056,2.845802095007325
201800053329,NonLethal,2018-04-11,21:45:00,NightStreelightsOn,750,116,Yes,T-type,Normal,Other,AVENUE FERDINAND BUISSON,M,48.83660427579472,2.8379124166034635
201800053330,NonLethal,2018-12-04,16:10:00,Daylight,750,116,Yes,NoIntersection,LightRain,2Vehicles-Side,"14, AVENUE KLEBER",M,48.87252375683886,2.8716879755423506
201800053331,NonLethal,2018-04-13,19:50:00,TwilightOrDawn,750,116,No,NoIntersection,Normal,3+Vehicles-Chain,BOULEVARD PERIPHERIQUE I,M,48.87729942801359,2.878251326846053
201800053332,NonLethal,2018-04-13,23:15:00,NightStreelightsOn,750,116,Yes,X-type,Normal,Other,RUE RAYNOUARD,M,48.85429546708856,2.8544894239897505
201800053333,NonLethal,2018-04-14,03:20:00,NightStreelightsOn,750,116,Yes,Y-type,Normal,3+Vehicles-Chain,VOIE GEORGES POMPIDOU,M,48.85837633054059,2.857462326685359