AccidentId,Gravity,Date,Hour,Light,Department,Commune,InAgglomeration,IntersectionType,Weather,CollisionType,PostalAddress,GPSCode,Latitude,Longitude
201800053334,NonLethal,2018-04-15,10:50:00,Daylight,750,116,Yes,NoIntersection,Normal,2Vehicles-Behind,ROUTE DE SEVRES A NEUILL,M,48.85637643777715,2.856694635013308
201800053335,NonLethal,2018-04-16,09:10:00,Daylight,750,116,Yes,NoIntersection,Normal,Other,"l4, RUE DAUMIER",M,48.83825612824532,2.838690407091278
201800053336,NonLethal,2018-04-17,08:30:00,Daylight,750,116,Yes,NoIntersection,Normal,2Vehicles-Side,AVENUE FOCH,M,48.87413000614027,2.870709339482304
201800053337,NonLethal,2018-04-17,18:55:00,Daylight,750,116,Yes,NoIntersection,Normal,Other,"04, RUE VERDI",M,48.86088305141529,2.861641582522514
201800053338,NonLethal,2018-04-18,19:45:00,NightStreelightsOn,750,116,Yes,X-type,Normal,2Vehicles-Side,AVENUE FOCH,M,48.87261532238539,2.873117321274648
201800053339,NonLethal,2018-04-19,10:15:00,Daylight,750,116,Yes,X-type,Normal,Other,"83, AVENUE HENRI MARTIN",M,48.86508939462063,2.8662998556715618
201800053340,NonLethal,2018-04-20,16:30:00,Daylight,750,116,Yes,NoIntersection,Normal,Other,"9, RUE VAN LOO",M,48.8403275613676,2.84119194970496
201800053341,NonLethal,2018-04-22,01:45:00,NightStreelightsOn,750,116,Yes,NoIntersection,Normal,2Vehicles-Side,AVENUE DES NATIONS UNIES,M,48.86224099965733,2.862668296609605
201800053342,NonLethal,2018-04-22,03:00:00,NightStreelightsOn,750,116,Yes,NoIntersection,Normal,Other,"38, QUAI LOUIS BLERIOT",M,48.84714348225973,2.85154902765972
201800053343,NonLethal,2018-04-22,19:00:00,Daylight,750,116,Yes,X-type,Normal,2Vehicles-Side,BOULEVARD SUCHET,M,48.85298618101936,2.852311346967349
201800053344,NonLethal,2018-04-23,09:30:00,Daylight,750,116,Yes,NoIntersection,Normal,2Vehicles-Behind,BOULEVARD PERIPHERIQUE E,M,48.85632779248346,2.857899807731325
201800053345,NonLethal,2018-04-23,22:46:00,NightStreelightsOn,750,116,Yes,X-type,Normal,2Vehicles-Side,"110, AVENUE KLEBER",M,48.86613893202375,2.8656555880171104
201800053346,NonLethal,2018-04-24,10:00:00,Daylight,750,116,Yes,NoIntersection,Normal,2Vehicles-Behind,"36, AVENUE D IENA",M,48.86703681644668,2.866781195248794
201800053347,NonLethal,2018-04-21,13:35:00,Daylight,750,116,Yes,T-type,Normal,2Vehicles-Behind,"30, AVENUE DE NEW YORK",M,48.8631584370175,2.863470231756758
201800053348,NonLethal,2018-04-25,01:00:00,NightStreelightsOn,750,116,Yes,X-type,Normal,2Vehicles-Side,"/, AVENUE MOZART",M,48.85681178936474,2.85759036379291
201800053349,NonLethal,2018-04-25,11:50:00,Daylight,750,116,Yes,Square,LightRain,2Vehicles-Behind,AVENUE FOCH,M,48.87465869051214,2.874769243372122
201800053350,NonLethal,2018-04-25,19:10:00,Daylight,750,116,Yes,NoIntersection,Normal,2Vehicles-Side,"83, AVENUE KLEBER",M,48.86497789582675,2.864943161232428
201800053352,NonLethal,2018-04-30,00:55:00,NightStreelightsOn,750,116,Yes,T-type,LightRain,Other,AVENUE KLEBER,M,48.868248873676585,2.864923662483376
201800053353,NonLethal,2018-01-05,20:00:00,Daylight,750,116,Yes,X-type,Normal,2Vehicles-Side,RUE DURET,M,48.87444806721592,2.875048748743381
201800053355,NonLethal,2018-05-03,09:20:00,Daylight,750,116,Yes,X-type,Normal,2Vehicles-Side,"103, BOULEVARD DE MONTMO",M,48.84870861841499,2.848271524770749
201800053356,NonLethal,2018-05-03,09:25:00,Daylight,750,116,Yes,NoIntersection,Normal,2Vehicles-Side,VOIE GEORGES POMPIDOU,M,48.85338801627772,2.8513185124809435
201800053357,NonLethal,2018-05-03,12:00:00,Daylight,750,116,Yes,NoIntersection,Normal,2Vehicles-Behind,"22, AVENUE BUGEAUD",M,48.87268244904342,2.870285724304173
201800053358,NonLethal,2018-05-04,18:55:00,Daylight,750,116,Yes,Square,Normal,2Vehicles-Side,PLACE DU MARECHAL DE LAT,M,48.87257977875178,2.872999667280438
201800053359,NonLethal,2018-05-03,13:50:00,Daylight,750,116,Yes,NoIntersection,Normal,2Vehicles-Side,"13, RUE EUGENE DELACROIX",M,48.86301504941914,2.863329182142777
201800053360,NonLethal,2018-05-06,19:25:00,Daylight,750,116,Yes,NoIntersection,Normal,2Vehicles-Side,BOULEVARD PERIPHERIQUE I,M,48.84876251985799,2.84960562618749
201800053362,NonLethal,2018-05-11,21:35:00,NightStreelightsOn,750,116,Yes,X-type,Normal,2Vehicles-Behind,ROUTE DE LA PTE DES SABL,M,48.877647130910304,2.879537185482157
201800053363,NonLethal,2018-05-13,21:38:00,NightStreelightsOn,750,116,Yes,Square,Normal,Other,PLACE DU TROCADERO ET DU,M,48.86456876966168,2.8644759810372764
201800053364,NonLethal,2018-05-17,17:50:00,Daylight,750,116,Yes,X-type,Normal,Other,AVENUE DE VERSAILLES,M,48.84764253882255,2.8477798073640392
201800053365,NonLethal,2018-05-18,14:20:00,Daylight,750,116,Yes,NoIntersection,Normal,Other,"13, RUE GROS",M,48.85122098390726,2.851152195526477
201800053367,NonLethal,2018-05-19,02:55:00,NightStreelightsOn,750,116,Yes,MoreThan4Branches,Normal,2Vehicles-Side,"52, AVENUE KLEBER",M,48.86874804224774,2.870029717451116
201800053368,NonLethal,2018-05-20,03:15:00,NightStreelightsOn,750,116,Yes,X-type,Normal,Other,ROUTE DES MOULINS,M,48.86587193178934,2.865264745232521
201800053369,NonLethal,2018-05-22,09:45:00,Daylight,750,116,Yes,Y-type,Normal,2Vehicles-Side,PORTE DE SAINT CLOUD,M,48.83532493798719,2.836109418765525
201800053370,NonLethal,2018-05-22,10:30:00,Daylight,750,117,Yes,NoIntersection,Normal,Other,"/, PLACE DE LA PORTE MAI",M,48.87999583613375,2.879904071493925
201800053371,NonLethal,2018-05-23,02:20:00,NightStreelightsOn,750,116,Yes,NoIntersection,Normal,NoCollision,ALLEE DE LA REINE MARGUE,M,48.87338082165295,2.873840906039462
201800053372,NonLethal,2018-05-23,17:00:00,Daylight,750,116,Yes,T-type,Normal,2Vehicles-Side,"46, AVENUE DU PRESIDENT",M,48.85524602063805,2.852487647151019
201800053373,NonLethal,2018-05-23,17:50:00,Daylight,750,116,Yes,X-type,Normal,2Vehicles-Side,BOULEVARD SUCHET,M,48.85240326505604,2.854841821995825
201800053374,NonLethal,2018-05-24,09:22:00,Daylight,750,116,Yes,Square,Normal,2Vehicles-Side,PLACE DU TROCADERO ET DU,M,48.8628983008721,2.865056636346259
201800053375,NonLethal,2018-05-25,17:40:00,Daylight,750,116,Yes,NoIntersection,LightRain,Other,"12, AVENUE KLEBER",M,48.87190870904585,2.872786064169251
201800053376,NonLethal,2018-05-25,16:10:00,Daylight,750,116,Yes,Y-type,LightRain,2Vehicles-Behind,ROUTE DE LA PTE DES SABL,M,48.875761020652185,2.877245379162431
201800053379,NonLethal,2018-05-27,17:10:00,Daylight,750,116,Yes,NoIntersection,Normal,2Vehicles-Side,ALLEE DU BORD DE L EAU,M,48.85994789102723,2.858561632186519
201800053381,NonLethal,2018-05-28,18:45:00,TwilightOrDawn,750,116,Yes,Y-type,HeavyRain,2Vehicles-Side,PLACE DE LA PORTE MAILLO,M,48.877188946757336,2.877121362515976
201800053382,NonLethal,2018-05-28,20:25:00,Daylight,750,116,Yes,X-type,HeavyRain,Other,RUE JEAN DE LA FONTAINE,M,48.85217213137608,2.852660982496705
201800053383,NonLethal,2018-05-29,22:10:00,NightStreelightsOn,750,116,Yes,NoIntersection,HeavyRain,2Vehicles-BehindVehicles-Frontal,VOIE GEORGES POMPIDOU,M,48.8398966492756,2.839146843052841
201800053384,NonLethal,2018-05-30,10:44:00,Daylight,750,116,Yes,Square,Normal,Other,"2, ROUTE DES TRIBUNES",M,48.86215796872347,2.8596755513260668
201800053385,NonLethal,2018-05-30,13:30:00,Daylight,750,116,Yes,X-type,Normal,2Vehicles-Side,"27, AVENUE BUGEAUD",M,48.8700753118271,2.870791520710635
201800053387,NonLethal,2018-05-31,11:55:00,Daylight,750,116,Yes,X-type,Normal,2Vehicles-Side,"52, RUE BOISSIERE",M,48.86720138878161,2.8675563621403217
201800053388,NonLethal,2018-01-06,12:30:00,Daylight,750,116,Yes,X-type,Normal,2Vehicles-Side,AVENUE FOCH,M,48.87369887546403,2.871772388365824
201800053389,NonLethal,2018-06-01,15:50:00,Daylight,750,116,Yes,T-type,LightRain,Other,"107, AVENUE VICTOR HUGO",M,48.86937454442251,2.8706175566295453
201800053390,NonLethal,2018-04-06,14:40:00,Daylight,750,116,Yes,NoIntersection,Normal,2Vehicles-BehindVehicles-Frontal,ALLEE DU BORD DE L EAU,M,48.86814495791151,2.870423995839742
201800053391,NonLethal,2018-04-06,21:30:00,NightNoStreetLight,750,116,Yes,Y-type,Normal,Other,PGE SOUTERR HENRI GAILLA,M,48.87179878089943,2.8684471513339944
201800053393,NonLethal,2018-06-06,13:10:00,Daylight,750,116,Yes,NoIntersection,Overcast,3+Vehicles-Multiple,AVENUE KLEBER,M,48.87032802037414,2.872494105051646
201800053394,NonLethal,2018-06-06,14:30:00,Daylight,750,116,Yes,X-type,Normal,Other,AVENUE DE MALAKOFF,M,48.875381334539526,2.874618695561049
201800053396,NonLethal,2018-06-06,19:20:00,Daylight,750,116,Yes,Y-type,LightRain,Other,"46, RUE DU DOCTEUR BLANC",M,48.85264205884748,2.85210416603566
201800053397,NonLethal,2018-06-07,17:00:00,Daylight,750,116,Yes,NoIntersection,Normal,2Vehicles-Side,VOIE GEORGES POMPIDOU,M,48.85244544788035,2.852920700102202
201800053399,NonLethal,2018-06-08,03:00:00,NightStreelightsOn,750,116,Yes,NoIntersection,Normal,Other,ROUTE DES MOULINS,M,48.86611327409121,2.8666624285175923
201800053401,NonLethal,2018-06-08,18:35:00,Daylight,750,116,Yes,Square,Normal,Other,RUE DU COMMANDANT GUILBA,M,48.84170813684744,2.840945823405264
201800053403,NonLethal,2018-10-06,19:00:00,Daylight,750,116,Yes,Square,LightRain,2Vehicles-Side,PLACE DU TROCADERO,M,48.86310469138585,2.860415562327918
201800053404,NonLethal,2018-11-06,08:50:00,Daylight,750,116,Yes,NoIntersection,LightRain,Other,"58, RUE CHARDON LAGACHE",M,48.84274435043156,2.842805503351027
201800053405,NonLethal,2018-06-11,11:15:00,Daylight,750,116,Yes,Square,Normal,2Vehicles-Behind,PLACE DU MARECHAL DE LAT,M,48.87129814883348,2.872955340301768
201800053406,NonLethal,2018-06-13,09:30:00,Daylight,750,116,Yes,Roundabout,Normal,2Vehicles-Behind,PLACE DE LA PORTE DE SAI,M,48.839102564835805,2.839580214474661
201800053407,NonLethal,2018-06-13,14:05:00,Daylight,750,116,Yes,NoIntersection,Normal,2Vehicles-Side,ROUTE DE SURESNES,M,48.87041795783463,2.867967644354412
201800053408,NonLethal,2018-06-18,17:30:00,Daylight,750,116,Yes,X-type,Normal,2Vehicles-Side,ALLEE DE LONGCHAMP,M,48.87581572005438,2.8747440967415723
201800053409,NonLethal,2018-06-18,19:50:00,Daylight,750,116,Yes,Square,Normal,2Vehicles-Behind,AVENUE VICTOR HUGO,M,48.87356422443414,2.875175058170032
201800053410,NonLethal,2018-06-20,15:30:00,Daylight,750,116,Yes,T-type,Normal,3+Vehicles-Chain,"116, BOULEVARD SUCHET",M,48.85260363367183,2.85065971628826
201800053411,NonLethal,2018-06-20,16:15:00,Daylight,750,116,Yes,X-type,Normal,2Vehicles-Side,AVENUE BUGEAUD,M,48.87254588422824,2.871575684056604
201800053412,NonLethal,2018-06-21,14:30:00,Daylight,750,116,Yes,NoIntersection,Normal,2Vehicles-Behind,"65, AVENUE PAUL DOUMER",M,48.86193506290782,2.860543955186427
201800053414,NonLethal,2018-06-21,17:35:00,Daylight,750,116,Yes,NoIntersection,Normal,Other,"10, RUE POUSSIN",M,48.84787997906649,2.848562066658624
201800053415,NonLethal,2018-06-21,18:10:00,Daylight,750,116,Yes,NoIntersection,Normal,Other,"11, RUE DU GENERAL DELES",M,48.84414836883009,2.8413934458824204
201800053416,NonLethal,2018-06-21,23:00:00,NightStreelightsOn,750,116,Yes,NoIntersection,Normal,NoCollision,AVENUE DE LA PORTE D AUT,M,48.84832502972592,2.848225603260831
201800053417,NonLethal,2018-06-22,01:50:00,NightNoStreetLight,750,116,Yes,X-type,Normal,2Vehicles-Behind,"12, AVENUE RAYMOND POINC",M,48.86678811582398,2.8635127371928117
201800053419,NonLethal,2018-06-22,18:00:00,Daylight,750,116,Yes,Y-type,Normal,2Vehicles-Side,BOULEVARD PERIPHERIQUE E,M,48.86474614094479,2.8649109344729777
201800053420,NonLethal,2018-06-22,17:10:00,Daylight,750,116,Yes,NoIntersection,Normal,Other,"116, BOULEVARD SUCHET",M,48.85163393612958,2.8493034313366232
201800053421,NonLethal,2018-06-23,05:05:00,TwilightOrDawn,750,116,Yes,T-type,Normal,2Vehicles-Side,BOULEVARD LANNES,M,48.866381794029806,2.866194867159067
201800053422,NonLethal,2018-06-24,04:14:00,NightStreelightsOn,750,116,Yes,Square,Normal,Other,AVENUE GEORGES MANDEL,M,48.86309768316606,2.8628477561627736
201800053423,NonLethal,2018-06-26,08:45:00,Daylight,750,116,Yes,NoIntersection,Normal,2Vehicles-Side,BOULEVARD PERIPHERIQUE I,M,48.853705181121896,2.852736449326972
201800053424,NonLethal,2018-06-26,18:15:00,Daylight,750,116,Yes,NoIntersection,Normal,2Vehicles-Behind,ALLEE DE LA REINE MARGUE,M,48.85435080777355,2.8540123944610927
201800053425,NonLethal,2018-06-26,19:30:00,Daylight,750,116,Yes,NoIntersection,Normal,2Vehicles-Side,"27, AVENUE DE LA GRANDE",M,48.876150788065566,2.876216897229784
201800053427,NonLethal,2018-06-30,19:35:00,Daylight,750,116,Yes,X-type,Normal,2Vehicles-Side,RUE NUNGESSER ET COLI,M,48.8457192609204,2.844001794244913
201800053428,NonLethal,2018-07-01,03:30:00,NightStreelightsOn,750,116,Yes,NoIntersection,Normal,Other,"58, AVENUE KLEBER",M,48.869397266057724,2.869325979380372
201800053429,NonLethal,2018-01-07,14:50:00,Daylight,750,116,Yes,NoIntersection,Normal,2Vehicles-Behind,"2, ROUTE DES TRIBUNES",M,48.859343063658805,2.8603485096998527
201800053430,NonLethal,2018-03-07,10:35:00,Daylight,750,116,Yes,T-type,Normal,Other,"2, ROUTE DES TRIBUNES",M,48.86137644501425,2.861189399712283
201800053432,NonLethal,2018-03-07,23:30:00,NightStreelightsOn,750,116,Yes,NoIntersection,Normal,2Vehicles-Side,ROUTE DES LACS A PASSY,M,48.85921770420192,2.860835785661235
201800053433,NonLethal,2018-04-07,00:01:00,NightNoStreetLight,750,116,Yes,Y-type,Normal,NoCollision,ROUTE DE SEVRES A NEUILL,M,48.86638058901235,2.8651420445055806
201800053434,NonLethal,2018-04-07,13:35:00,Daylight,750,116,Yes,X-type,Normal,2Vehicles-Side,AVENUE FOCH,M,48.8717969602104,2.872078953306064
201800053435,NonLethal,2018-07-04,21:00:00,Daylight,750,116,Yes,X-type,Normal,2Vehicles-Side,ALLEE DE LONGCHAMP,M,48.86805013116501,2.8687708596015664
201800053436,NonLethal,2018-06-07,09:55:00,Daylight,750,116,Yes,Roundabout,Normal,2Vehicles-Side,PLACE D IENA,M,48.86522590586315,2.864893702899692
201800053437,NonLethal,2018-06-07,10:00:00,Daylight,750,116,Yes,Y-type,Normal,2Vehicles-Side,VOIE GEORGES POMPIDOU,M,48.85253719342093,2.8548627902478403
201800053438,NonLethal,2018-07-07,00:10:00,NightStreelightsOn,750,116,Yes,NoIntersection,Normal,Other,"89, AVENUE DE LA GRANDE",M,48.87721439843899,2.8779179788405083
201800053439,NonLethal,2018-08-07,04:20:00,NightStreelightsOn,750,116,Yes,NoIntersection,Normal,Other,AVENUE DE LA GRANDE ARME,M,48.87598436605515,2.8767656909318413
201800053440,NonLethal,2018-08-07,16:25:00,Daylight,750,116,Yes,MoreThan4Branches,Normal,2Vehicles-Side,ROUTE DE SURESNES,M,48.86424245081032,2.8637857930754427
201800053441,NonLethal,2018-08-07,16:50:00,Daylight,750,116,Yes,Roundabout,Normal,Other,PLACE CHARLES DE GAULLE,M,48.8726352295808,2.8728761815839787
201800053442,NonLethal,2018-07-08,17:20:00,Daylight,750,116,Yes,NoIntersection,Normal,Other,ROUTE DE LA MUETTE A NEU,M,48.87396611042896,2.875269656004279
201800053443,NonLethal,2018-07-09,09:50:00,Daylight,750,116,Yes,X-type,Normal,Other,"9, RUE DES PERCHAMPS",M,48.84913800378929,2.848388476674563
201800053444,NonLethal,2018-07-09,12:25:00,Daylight,750,116,Yes,NoIntersection,Normal,2Vehicles-Behind,BOULEVARD PERIPHERIQUE E,M,48.84191556869798,2.8404766270284187
201800053445,NonLethal,2018-07-13,10:30:00,Daylight,750,116,Yes,NoIntersection,Normal,2Vehicles-Behind,ROUTE DE SEVRES A NEUILL,M,48.85394603685556,2.8522405711523287
201800053446,NonLethal,2018-07-14,19:30:00,Daylight,750,116,Yes,NoIntersection,Normal,2Vehicles-Side,"62, AVENUE GEORGES MANDE",M,48.8652995687039,2.8646864189386343
201800053447,NonLethal,2018-07-15,18:45:00,Daylight,750,116,Yes,NoIntersection,Normal,Other,"49, AVENUE MOZART",M,48.85449571136401,2.855103003834892
201800053448,NonLethal,2018-07-15,21:30:00,Daylight,750,116,Yes,NoIntersection,Normal,Other,"107, AVENUE VICTOR HUGO",M,48.86915630997199,2.869199467249751
201800053449,NonLethal,2018-07-16,17:10:00,Daylight,750,116,Yes,NoIntersection,Normal,Other,"109, BOULEVARD MURAT",M,48.83741236830495,2.838659967120848
201800053450,NonLethal,2018-07-15,18:55:00,Daylight,750,116,Yes,Square,Normal,Other,"10, PLACE DU TROCADERO",M,48.860934888443744,2.8637804264998925
201800053451,NonLethal,2018-07-18,09:20:00,Daylight,750,116,Yes,Square,Normal,2Vehicles-Side,PLACE VICTOR HUGO,M,,
201800053452,NonLethal,2018-07-18,12:00:00,Daylight,750,116,Yes,X-type,Normal,2Vehicles-Side,AVENUE PAUL DOUMER,M,48.86016180777965,2.8610605506346065
201800053454,NonLethal,2018-07-19,20:50:00,TwilightOrDawn,750,116,Yes,NoIntersection,Normal,2Vehicles-Side,ALLEE DE LA REINE MARGUE,M,,
201800053455,NonLethal,2018-07-20,20:30:00,TwilightOrDawn,750,116,Yes,Square,LightRain,NoCollision,PLACE DE COLOMBIE,M,,
201800053456,NonLethal,2018-07-21,11:50:00,Daylight,750,116,Yes,NoIntersection,Normal,Other,AVENUE DE LA GRANDE ARME,M,48.87702076724944,2.8772690420439093
201800053457,NonLethal,2018-07-22,05:13:00,NightStreelightsOn,750,116,Yes,NoIntersection,Normal,Other,RUE RAYNOUARD,M,48.84867409651823,2.851308907023881
201800053458,NonLethal,2018-07-23,15:20:00,Daylight,750,116,Yes,Square,Normal,Other,PLACE D IENA,M,48.86563839116256,2.8649638778197137
201800053459,NonLethal,2018-07-24,00:01:00,NightStreelightsOn,750,116,Yes,X-type,Normal,2Vehicles-Side,AVENUE DU PRESIDENT KENN,M,48.850288887308814,2.849808959230077
201800053460,NonLethal,2018-07-24,09:50:00,Daylight,750,116,Yes,Square,Normal,Other,PLACE DU CHANCELIER ADEN,M,,
201800053461,NonLethal,2018-07-26,19:00:00,Daylight,750,116,Yes,Square,Normal,Other,PLACE DE VARSOVIE,M,,
201800053462,NonLethal,2018-07-27,17:20:00,Daylight,750,116,Yes,Square,Normal,2Vehicles-Side,PLACE CHARLES DE GAULLE,M,48.8722176424368,2.8745933956543914
201800053463,NonLethal,2018-07-30,09:00:00,Daylight,750,116,Yes,Y-type,Normal,2Vehicles-Side,AVENUE FOCH,M,48.872347599971775,2.87362197102097
201800053464,NonLethal,2018-07-31,15:20:00,Daylight,750,116,Yes,NoIntersection,Normal,2Vehicles-Behind,AVENUE RAYMOND POINCARE,M,,
201800053465,NonLethal,2018-07-31,18:35:00,Daylight,750,116,Yes,NoIntersection,Normal,3+Vehicles-Chain,ROUTE DE SEVRES A NEUILL,M,,
201800053466,NonLethal,2018-02-08,09:10:00,Daylight,750,116,Yes,T-type,Normal,2Vehicles-Behind,AVENUE PIERRE 1ER DE SER,M,48.86542489534703,2.8660774064141994
201800053467,NonLethal,2018-02-08,08:30:00,Daylight,750,116,Yes,Y-type,Normal,2Vehicles-Side,ROUTE DE SURESNES,M,48.86480681585777,2.863758722719786
201800053468,NonLethal,2018-08-02,17:50:00,Daylight,750,116,Yes,T-type,Normal,2Vehicles-Behind,ALLEE DE LA REINE MARGUE,M,,
201800053469,NonLethal,2018-03-08,11:55:00,Daylight,750,116,Yes,X-type,Normal,Other,AVENUE EDOUARD VAILLANT,M,,
201800053470,NonLethal,2018-08-04,07:40:00,TwilightOrDawn,750,116,Yes,NoIntersection,Normal,3+Vehicles-Multiple,ALLEE DE LA REINE MARGUE,M,,
201800053471,NonLethal,2018-08-05,10:00:00,Daylight,750,116,Yes,Square,Normal,Other,PLACE CHARLES DE GAULLE,M,,
201800053472,NonLethal,2018-06-08,08:45:00,Daylight,750,116,Yes,NoIntersection,Normal,Other,AVENUE DU PRESIDENT KENN,M,,
201800053473,NonLethal,2018-06-08,11:45:00,Daylight,750,116,Yes,Y-type,Normal,2Vehicles-Behind,ROUTE DES TRIBUNES,M,48.862685973747645,2.8617158095220203
201800053474,NonLethal,2018-08-06,23:12:00,NightStreelightsOn,750,116,Yes,NoIntersection,Other,Other,AVENUE KLEBER,M,,
201800053476,NonLethal,2018-09-08,16:00:00,Daylight,750,116,Yes,NoIntersection,LightRain,2Vehicles-Behind,AVENUE D IENA,M,,
201800053477,NonLethal,2018-10-08,19:15:00,Daylight,750,116,No,NoIntersection,Normal,2Vehicles-Side,AVENUE DU MAHATMA GANDHI,M,48.87679832423595,2.876369190880312
201800053480,NonLethal,2018-08-14,18:30:00,Daylight,750,116,Yes,MoreThan4Branches,Normal,Other,RUE HENRI HEINE,M,48.85103873585632,2.8529389131877743
201800053481,NonLethal,2018-08-18,21:30:00,TwilightOrDawn,750,103,Yes,NoIntersection,Normal,Other,RUE DU TEMPLE,M,,
201800053482,NonLethal,2018-08-20,07:45:00,Daylight,750,108,Yes,NoIntersection,LightRain,2Vehicles-Behind,SOUTERRAIN ALMA,M,48.86183693466604,2.8614557991883847
201800053483,NonLethal,2018-08-20,18:50:00,Daylight,750,116,Yes,NoIntersection,Normal,2Vehicles-Behind,ROUTE DE SEVRES A NEUILL,M,,
201800053484,NonLethal,2018-08-22,08:45:00,Daylight,750,116,Yes,NoIntersection,Normal,Other,ALLEE DE LA REINE MARGUE,M,48.854060779169394,2.8544384414336648
201800053485,NonLethal,2018-08-22,23:25:00,NightStreelightsOn,750,116,Yes,Square,Normal,2Vehicles-Side,PLACE TATTEGRAIN,M,43.86321043028819,2.862592625378856
201800053486,NonLethal,2018-08-23,21:35:00,NightStreelightsOn,750,116,Yes,NoIntersection,Normal,2Vehicles-Behind,AVENUE DE LA GRANDE ARME,M,,
201800053487,NonLethal,2018-08-24,15:35:00,Daylight,750,116,Yes,T-type,Overcast,Other,AVENUE FERDINAND BUISSON,M,,
201800053488,NonLethal,2018-08-24,19:30:00,Daylight,750,116,Yes,Y-type,Normal,2Vehicles-Side,RUE HENRY DE LA VAULX,M,48.83574635184164,2.835054478226851
201800053490,NonLethal,2018-08-25,19:00:00,Daylight,750,116,Yes,NoIntersection,Normal,2Vehicles-Behind,AVENUE FOCH,M,48.873233037849495,2.875816638994936
201800053491,NonLethal,2018-08-25,21:00:00,NightStreelightsOn,750,116,Yes,X-type,Normal,2Vehicles-Side,RUE DE REMUSAT,M,,
201800053493,NonLethal,2018-08-28,08:30:00,Daylight,750,116,Yes,Square,Normal,2Vehicles-Side,AVENUE KLEBER,M,48.86388568080346,3.862353893280629
201800053494,NonLethal,2018-08-28,11:50:00,Daylight,750,116,Yes,Square,Normal,2Vehicles-Side,PLACE D IENA,M,,
201800053495,NonLethal,2018-08-30,01:32:00,NightStreelightsOn,750,115,Yes,T-type,Normal,NoCollision,PONT DE BIR HAKEIM,M,,
201800053496,NonLethal,2018-09-01,08:55:00,Daylight,750,116,Yes,NoIntersection,Normal,Other,CHEMIN DE CEINTURE DU LA,M,,
201800053497,NonLethal,2018-03-09,16:30:00,Daylight,750,116,Yes,Square,Normal,2Vehicles-Side,PLACE DE LA PORTE DE SAI,M,48.83768282784165,2.8372548010094096
201800053498,NonLethal,2018-09-04,11:45:00,Daylight,750,116,Yes,X-type,Overcast,2Vehicles-Side,AVENUE INGRES,M,,
201800053500,NonLethal,2018-05-09,17:00:00,Daylight,750,116,Yes,X-type,Normal,Other,AVENUE RAYMOND POINCARE,M,48.86550799788095,2.8645253406618534
201800053501,NonLethal,2018-05-09,18:50:00,Daylight,750,108,Yes,T-type,Normal,NoCollision,RUE DU FAUBOURG SAINT HO,M,48.87381542649708,2.874906650602248
201800053502,NonLethal,2018-09-05,22:50:00,NightStreelightsOn,750,116,Yes,NoIntersection,Normal,2Vehicles-Behind,ALLEE DE LA REINE MARGUE,M,48.86343606921015,2.860414214806392
201800053503,NonLethal,2018-09-06,08:15:00,Daylight,750,116,Yes,NoIntersection,Normal,Other,BOULEVARD PERIPHERIQUE I,M,48.843011927699465,2.843612763132534
201800053504,NonLethal,2018-06-09,13:15:00,Daylight,750,116,Yes,NoIntersection,Normal,2Vehicles-Behind,AVENUE RAYMOND POINCARE,M,48.86824632237195,2.8689688315887776
201800053505,NonLethal,2018-07-09,00:01:00,NightStreelightsOn,750,116,Yes,NoIntersection,Normal,2Vehicles-Side,RUE DE LA POMPE,M,48.866536797501965,2.8640981798097003
201800053506,NonLethal,2018-09-07,14:30:00,Daylight,750,116,Yes,X-type,Normal,Other,AVENUE KLEBER,M,48.87063766043878,2.8716828689106317
201800053507,NonLethal,2018-09-09,13:15:00,Daylight,750,116,Yes,NoIntersection,Normal,2Vehicles-Side,RUE D AUTEUIL,M,,
201800053508,NonLethal,2018-11-09,08:10:00,Daylight,750,116,No,Y-type,Normal,2Vehicles-Side,BOULEVARD PERIPHERIQUE I,M,,
201800053509,NonLethal,2018-09-11,17:40:00,Daylight,750,116,Yes,Square,Normal,Other,PLACE D IENA,M,48.86546928272914,2.867214950955606
201800053510,NonLethal,2018-11-09,19:45:00,Daylight,750,116,Yes,Square,Normal,2Vehicles-Side,BOULEVARD SUCHET,M,48.85748220369043,2.8567615192836966
201800053511,NonLethal,2018-09-12,10:20:00,Daylight,750,116,Yes,T-type,Normal,Other,RUE GERICAULT,M,48.8483951002243,2.846187838423153
201800053512,NonLethal,2018-09-12,14:00:00,Daylight,750,116,Yes,NoIntersection,Normal,2Vehicles-Behind,RUE DE LA TOUR,M,,
201800053515,NonLethal,2018-09-13,10:45:00,Daylight,750,117,Yes,X-type,LightRain,Other,BOULEVARD GOUVION SAINT,M,,
201800053516,NonLethal,2018-09-14,15:00:00,Daylight,750,116,Yes,X-type,Normal,Other,AVENUE FOCH,M,48.87180096439921,2.8722034346149328
201800053517,NonLethal,2018-09-14,14:45:00,Daylight,750,116,Yes,X-type,Normal,Other,RUE DE LA POMPE,M,,
201800053518,NonLethal,2018-09-15,07:50:00,Daylight,750,116,Yes,T-type,Normal,Other,BOULEVARD DE BEAUSEJOUR,M,48.85704143730157,2.856882349967733
201800053519,NonLethal,2018-09-15,14:10:00,Daylight,750,116,Yes,X-type,Normal,2Vehicles-Behind,ROUTE DE SURESNES,M,48.86632140018614,2.8665449906425957
201800053520,NonLethal,2018-09-16,06:09:00,NightStreelightsOn,750,116,Yes,NoIntersection,Normal,2Vehicles-Side,AVENUE DE LA GRANDE ARME,M,48.876557239338176,2.874618896589807
201800053522,NonLethal,2018-09-18,11:22:00,Daylight,750,116,Yes,NoIntersection,Normal,Other,AVENUE BUGEAUD,M,,
201800053523,NonLethal,2018-09-18,16:50:00,Daylight,750,116,Yes,NoIntersection,Normal,Other,AVENUE PAUL DOUMER,M,48.85905505534286,2.8603997820785643
201800053524,NonLethal,2018-09-18,17:50:00,Daylight,750,116,Yes,Y-type,Normal,2Vehicles-BehindVehicles-Frontal,AVENUE BUGEAUD,M,,
201800053526,NonLethal,2018-09-20,12:05:00,Daylight,750,116,Yes,NoIntersection,Normal,Other,RUE LARGILLIERE,M,,
201800053527,NonLethal,2018-09-20,11:50:00,Daylight,750,116,Yes,Square,Normal,2Vehicles-Side,PLACE DU TROCADERO ET DU,M,48.85923898933356,2.8598178168824