AccidentId,Gravity,Date,Hour,Light,Department,Commune,InAgglomeration,IntersectionType,Weather,CollisionType,PostalAddress,GPSCode,Latitude,Longitude
201800053528,NonLethal,2018-09-20,15:05:00,Daylight,750,116,Yes,Square,Normal,2Vehicles-Side,PLACE DU MARECHAL DE LAT,M,48.871093666075765,2.8723862833523848
201800053529,NonLethal,2018-09-21,09:10:00,Daylight,750,117,Yes,X-type,LightRain,Other,RUE RENNEQUIN,M,,
201800053530,NonLethal,2018-09-22,00:26:00,NightStreelightsOn,750,116,Yes,X-type,Normal,2Vehicles-Side,AVENUE FOCH,M,48.872929851337744,2.873971002753722
201800053531,NonLethal,2018-09-22,07:00:00,NightStreelightsOn,750,116,Yes,T-type,Normal,Other,AVENUE DU PRESIDENT KENN,M,,
201800053532,NonLethal,2018-09-23,14:00:00,Daylight,750,116,Yes,X-type,HeavyRain,NoCollision,AVENUE DE L HIPPODROME,M,48.86159024438452,2.8615267830954307
201800053533,NonLethal,2018-09-24,18:50:00,Daylight,750,116,Yes,NoIntersection,Normal,Other,RUE JEAN DE LA FONTAINE,M,48.85150049416757,2.8489665673896574
201800053534,NonLethal,2018-09-25,20:45:00,NightStreelightsOn,750,116,Yes,X-type,Normal,2Vehicles-Side,AVENUE DE LA PORTE DE SA,M,,
201800053535,NonLethal,2018-09-26,10:40:00,Daylight,750,116,Yes,Y-type,Normal,Other,RUE DECAMPS,M,48.86376752092853,2.865657509788194
201800053537,NonLethal,2018-09-27,15:03:00,Daylight,750,116,Yes,NoIntersection,Normal,Other,CHEMIN DE CEINTURE DU LA,M,48.862611585170185,2.8634455775087324
201800053538,NonLethal,2018-09-28,04:05:00,NightStreelightsOn,750,116,Yes,Y-type,Normal,Other,BOULEVARD MURAT,M,48.85489406021599,2.856893737736796
201800053539,NonLethal,2018-09-28,16:00:00,Daylight,750,116,Yes,T-type,Normal,2Vehicles-Side,AVENUE DE NEW YORK,M,48.862075261966616,2.862144796235202
201800053540,NonLethal,2018-09-28,16:30:00,Daylight,750,116,Yes,NoIntersection,Normal,2Vehicles-BehindVehicles-Frontal,AVENUE DE VERSAILLES,M,,
201800053542,NonLethal,2018-09-29,01:30:00,NightStreelightsOn,750,116,Yes,T-type,Normal,2Vehicles-Side,AVENUE DU PRESIDENT WILS,M,,
201800053543,NonLethal,2018-09-29,16:15:00,Daylight,750,116,Yes,X-type,VeryGood,2Vehicles-Side,AVENUE PAUL DOUMER,M,,
201800053547,NonLethal,2018-10-04,11:05:00,Daylight,750,116,Yes,NoIntersection,Normal,Other,AVENUE VICTOR HUGO,M,,
201800053548,NonLethal,2018-10-04,17:29:00,Daylight,750,116,No,X-type,Normal,Other,AVENUE DU PARC DES PRINC,M,48.84312324531445,2.8420831100648734
201800053551,NonLethal,2018-07-10,01:05:00,NightStreelightsOn,750,116,Yes,X-type,Normal,2Vehicles-Side,RUE LAURISTON,M,48.86937363423032,2.869627690672233
201800053554,NonLethal,2018-10-10,14:47:00,Daylight,750,116,Yes,T-type,Normal,2Vehicles-Side,AVENUE DE VERSAILLES,M,,
201800053555,NonLethal,2018-10-10,19:30:00,NightStreelightsOn,750,116,Yes,NoIntersection,Normal,Other,AVENUE KLEBER,M,,
201800053556,NonLethal,2018-10-12,09:00:00,Daylight,750,116,Yes,NoIntersection,Normal,2Vehicles-Side,ROUTE DE SURESNES,M,,
201800053557,NonLethal,2018-12-10,09:55:00,Daylight,750,108,Yes,Square,Normal,2Vehicles-Behind,PLACE DE LA CONCORDE,M,48.86382824731816,2.864759890660321
201800053558,NonLethal,2018-10-13,16:20:00,Daylight,750,117,Yes,X-type,Normal,Other,AVENUE DE WAGRAM,M,48.87558505596632,2.8756189799482508
201800053560,NonLethal,2018-10-15,08:30:00,Daylight,750,116,Yes,X-type,Normal,Other,ALLEE DE LONGCHAMP,M,,
201800053561,NonLethal,2018-10-15,18:15:00,Daylight,750,116,Yes,NoIntersection,Normal,2Vehicles-Side,RUE DU RANELAGH,M,48.85613039805968,2.857063974135154
201800053562,NonLethal,2018-10-16,08:20:00,Daylight,750,116,Yes,X-type,Normal,2Vehicles-Side,RUE CLAUDE TERRASSE,M,,
201800053563,NonLethal,2018-10-16,19:20:00,NightStreelightsOn,750,116,Yes,X-type,Normal,Other,RUE HENRY DE LA VAULX,M,,
201800053564,NonLethal,2018-10-17,08:10:00,Daylight,750,117,Yes,X-type,Normal,2Vehicles-Behind,RUE GALVANI,M,,
201800053565,NonLethal,2018-10-17,21:15:00,NightStreelightsOn,750,116,Yes,T-type,Normal,Other,AVENUE DE NEW YORK,M,,
201800053566,NonLethal,2018-10-20,00:55:00,NightStreelightsOn,750,116,Yes,NoIntersection,Normal,Other,AVENUE DE LA GRANDE ARME,M,48.51326441099032,2.514490409955872
201800053567,NonLethal,2018-10-20,01:15:00,NightStreelightsOn,750,116,Yes,T-type,Normal,Other,RUE MICHEL ANGE,M,48.84240363994876,2.840537569793971
201800053568,NonLethal,2018-10-20,20:35:00,NightStreelightsOn,750,116,Yes,NoIntersection,Normal,NoCollision,AVENUE RAYMOND POINCARE,M,,
201800053569,NonLethal,2018-10-20,16:10:00,Daylight,750,116,No,NoIntersection,Normal,NoCollision,CHEMIN DE CEINTURE DU LA,M,48.86540908110791,2.865539600428181
201800053570,NonLethal,2018-10-23,12:00:00,Daylight,750,116,Yes,Square,Normal,2Vehicles-Behind,PLACE DU MARECHAL DE LAT,M,48.96210677085868,2.96359166868836
201800053572,NonLethal,2018-10-23,12:50:00,Daylight,750,116,Yes,NoIntersection,Normal,2Vehicles-Side,RUE CHARDON LAGACHE,M,48.83941213920001,2.83955445770565
201800053573,NonLethal,2018-10-24,20:00:00,NightStreelightsOn,750,116,Yes,X-type,Normal,Other,AVENUE HENRI MARTIN,M,48.86509982432906,2.863438069589984
201800053574,NonLethal,2018-10-25,12:20:00,Daylight,750,116,Yes,Square,Normal,2Vehicles-Side,PLACE DU TROCADERO ET DU,M,48.86563751300533,2.8648859921013576
201800053576,NonLethal,2018-10-26,13:40:00,Daylight,750,116,Yes,T-type,Normal,Other,RUE MESNIL,M,48.86563859230909,2.8644558861547624
201800053577,NonLethal,2018-10-26,16:00:00,Daylight,750,116,Yes,NoIntersection,Normal,Other,AVENUE DU PRESIDENT KENN,M,,
201800053578,NonLethal,2018-10-26,19:40:00,NightStreelightsOn,750,116,Yes,X-type,LightRain,Other,RUE DE LONGCHAMP,M,,
201800053579,NonLethal,2018-10-26,18:30:00,NightStreelightsOn,750,116,Yes,X-type,LightRain,2Vehicles-Side,RUE BENJAMIN FRANKLIN,M,48.86255625448825,2.8612417067566738
201800053580,NonLethal,2018-10-29,15:26:00,Daylight,750,116,Yes,NoIntersection,Overcast,Other,AVENUE DE NEW YORK,M,,
201800053581,NonLethal,2018-10-30,12:20:00,Daylight,750,116,Yes,X-type,Normal,2Vehicles-Behind,AVENUE D IENA,M,48.8698570122339,2.8693642698578743
201800053582,NonLethal,2018-10-30,19:00:00,NightStreelightsOff,750,116,Yes,NoIntersection,Normal,2Vehicles-Side,AVENUE DE LA GRANDE ARME,M,48.867761516553344,2.868714710333504
201800053584,NonLethal,2018-11-01,10:10:00,Daylight,750,116,Yes,X-type,Normal,Other,ROUTE DE SEVRES A NEUILL,M,48.85252563559538,2.8508512627135394
201800053585,NonLethal,2018-11-02,00:25:00,NightStreelightsOn,750,116,Yes,X-type,LightRain,2Vehicles-Side,ALLEE DE LONGCHAMP,M,48.86750685680785,2.864998395329233
201800053586,NonLethal,2018-02-11,18:30:00,NightNoStreetLight,750,116,Yes,T-type,Normal,2Vehicles-Side,AVENUE DE NEW YORK,M,48.86184279607855,2.8623983003324347
201800053587,NonLethal,2018-11-08,12:15:00,Daylight,750,116,Yes,X-type,Normal,Other,ALLEE DE LA REINE MARGUE,M,,
201800053588,NonLethal,2018-11-08,15:40:00,Daylight,750,116,Yes,NoIntersection,Normal,2Vehicles-Behind,ALLEE DU BORD DE L EAU,M,48.85408156049967,2.852134343619798
201800053589,NonLethal,2018-11-08,23:00:00,NightStreelightsOn,750,108,Yes,X-type,Normal,2Vehicles-Side,RUE PASQUIER,M,48.8696319761646,2.8712784227770087
201800053590,NonLethal,2018-11-10,18:20:00,TwilightOrDawn,750,116,Yes,X-type,LightRain,2Vehicles-Behind,AVENUE DE VERSAILLES,M,,
201800053591,NonLethal,2018-11-11,06:45:00,NightStreelightsOn,750,116,Yes,T-type,LightRain,Other,AVENUE MOZART,M,,
201800053593,NonLethal,2018-11-11,17:50:00,NightStreelightsOn,750,116,Yes,X-type,LightRain,Other,BOULEVARD DE MONTMORENCY,M,48.847941424849786,2.850576909131928
201800053594,NonLethal,2018-11-12,10:30:00,Daylight,750,116,Yes,X-type,LightRain,Other,RUE FELICIEN DAVID,M,48.84972960289805,2.8473012511696907
201800053595,NonLethal,2018-11-12,11:10:00,Daylight,750,116,Yes,X-type,LightRain,Other,AVENUE DU PRESIDENT WILS,M,,
201800053596,NonLethal,2018-11-12,23:05:00,NightStreelightsOn,750,116,Yes,MoreThan4Branches,Normal,2Vehicles-Side,AVENUE FERDINAND BUISSON,M,,
201800053597,NonLethal,2018-11-14,12:00:00,Daylight,750,116,Yes,NoIntersection,Normal,Other,AVENUE DU GENERAL SARRAI,M,48.845602408930326,2.846376869681136
201800053598,NonLethal,2018-11-15,20:45:00,NightStreelightsOn,750,116,Yes,X-type,Normal,2Vehicles-Side,RUE DE BOULAINVILLIERS,M,,
201800053600,NonLethal,2018-11-16,11:00:00,Daylight,750,116,Yes,X-type,Overcast,2Vehicles-Behind,BOULEVARD EXELMANS,M,48.84143695353286,2.8415226567628387
201800053601,NonLethal,2018-11-16,17:50:00,TwilightOrDawn,750,116,Yes,NoIntersection,Normal,2Vehicles-Side,AVENUE VICTOR HUGO,M,,
201800053602,NonLethal,2018-11-16,20:00:00,NightStreelightsOn,750,117,Yes,Square,FogOrSmoke,NoCollision,PLACE DE VERDUN,M,,
201800053603,NonLethal,2018-11-16,22:10:00,NightStreelightsOn,750,116,Yes,X-type,Normal,Other,ALLEE DE LA REINE MARGUE,M,48.96016827647354,2.9574929394857548
201800053604,NonLethal,2018-11-18,15:10:00,Daylight,750,116,Yes,Square,Normal,2Vehicles-Side,PLACE DE LA PORTE D AUTE,M,48.84825278005386,2.848759775008662
201800053605,NonLethal,2018-11-19,08:00:00,Daylight,750,116,Yes,T-type,Normal,2Vehicles-Side,BOULEVARD SUCHET,M,,
201800053606,NonLethal,2018-11-19,18:45:00,NightStreelightsOn,750,116,Yes,X-type,Normal,2Vehicles-Side,AVENUE EDOUARD VAILLANT,M,48.83624843216086,2.8363470361296783
201800053608,NonLethal,2018-11-21,13:45:00,Daylight,750,101,Yes,NoIntersection,Normal,2Vehicles-Side,VOIE GEORGES POMPIDOU,M,,
201800053609,NonLethal,2018-11-21,22:15:00,NightStreelightsOn,750,116,Yes,T-type,Normal,Other,BOULEVARD LANNES,M,48.86881726038561,2.869993126256829
201800053610,NonLethal,2018-11-22,08:15:00,TwilightOrDawn,750,116,Yes,T-type,Normal,NoCollision,AVENUE HENRI MARTIN,M,,
201800053611,NonLethal,2018-11-22,09:10:00,Daylight,750,116,Yes,T-type,Normal,2Vehicles-Behind,AVENUE KLEBER,M,,
201800053612,NonLethal,2018-11-22,13:25:00,Daylight,750,116,Yes,X-type,Normal,2Vehicles-Side,AVENUE DE VERSAILLES,M,,
201800053613,NonLethal,2018-11-22,16:20:00,Daylight,750,116,Yes,Y-type,LightRain,NoCollision,PORTE DE SAINT CLOUD,M,48.8353506000932,2.838054767489024
201800053615,NonLethal,2018-11-23,10:30:00,Daylight,750,116,Yes,X-type,Normal,Other,AVENUE KLEBER,M,48.86524079306103,2.865564511787997
201800053616,NonLethal,2018-11-24,00:45:00,NightStreelightsOn,750,108,Yes,X-type,LightRain,NoCollision,AVENUE FRANKLIN D ROOSEV,M,48.87348568006957,2.873053233525166
201800053617,NonLethal,2018-11-24,03:30:00,NightStreelightsOff,750,116,Yes,NoIntersection,LightRain,NoCollision,AVENUE D IENA,M,48.27013522273137,2.272445331573772
201800053618,NonLethal,2018-11-24,17:15:00,TwilightOrDawn,750,116,Yes,NoIntersection,Normal,Other,ALLEE DU BORD DE L EAU,M,,
201800053619,NonLethal,2018-11-25,06:15:00,NightStreelightsOn,750,116,Yes,NoIntersection,LightRain,Other,AVENUE DE L HIPPODROME,M,48.8589697882429,2.8599572699760767
201800053620,NonLethal,2018-11-25,23:27:00,NightStreelightsOn,750,116,Yes,NoIntersection,LightRain,2Vehicles-Side,AVENUE KLEBER,M,,
201800053621,NonLethal,2018-11-26,11:00:00,Daylight,750,116,Yes,Square,LightRain,3+Vehicles-Chain,PLACE DU TROCADERO ET DU,M,48.86467868814258,2.8606298974622346
201800053622,NonLethal,2018-11-28,10:00:00,Daylight,750,116,Yes,Square,LightRain,2Vehicles-Side,PLACE JOSE MARTI,M,48.860015620209424,2.8616849539608684
201800053623,NonLethal,2018-11-28,14:40:00,Daylight,750,116,Yes,NoIntersection,Normal,Other,AVENUE VICTOR HUGO,M,,
201800053624,NonLethal,2018-11-30,10:40:00,Daylight,750,116,Yes,NoIntersection,Normal,Other,AVENUE D EYLAU,M,,
201800053625,NonLethal,2018-11-30,19:50:00,NightStreelightsOn,750,116,Yes,NoIntersection,Normal,Other,AVENUE DU PRESIDENT WILS,M,48.865793987429264,2.8631775336663416
201800053626,NonLethal,2018-01-12,08:30:00,Daylight,750,116,Yes,NoIntersection,LightRain,Other,ROUTE DE LA PTE DES SABL,M,48.8756282724849,2.8768929246898924
201800053627,NonLethal,2018-03-12,00:59:00,NightStreelightsOn,750,116,Yes,Square,LightRain,2Vehicles-Side,PLACE DE COLOMBIE,M,48.86490904125554,2.8633481181930343
201800053630,NonLethal,2018-05-12,18:58:00,NightStreelightsOn,750,116,Yes,NoIntersection,Normal,2Vehicles-Side,ALLEE DES FORTIFICATIONS,M,48.000717907418405,2.000287695831424
201800053631,NonLethal,2018-07-12,10:00:00,Daylight,750,108,Yes,T-type,Overcast,Other,AVENUE DES CHAMPS ELYSEE,M,,
201800053632,NonLethal,2018-07-12,11:20:00,Daylight,750,116,Yes,NoIntersection,Normal,Other,RUE TALMA,M,48.85686932173406,2.856448157424055
201800053633,NonLethal,2018-11-12,15:45:00,Daylight,750,116,Yes,NoIntersection,Normal,Other,AVENUE MOZART,M,48.85219356660177,2.8542662496280937
201800053634,NonLethal,2018-12-13,11:15:00,Daylight,750,116,Yes,T-type,Normal,2Vehicles-Side,AVENUE KLEBER,M,,
201800053635,NonLethal,2018-12-14,03:00:00,NightStreelightsOn,750,116,Yes,T-type,Normal,Other,AVENUE DE NEW YORK,M,,
201800053636,NonLethal,2018-12-14,10:15:00,Daylight,750,116,Yes,T-type,Normal,Other,RUE DU RANELAGH,M,,
201800053637,NonLethal,2018-12-16,06:40:00,NightStreelightsOn,750,116,Yes,Square,LightRain,Other,PLACE DE LA PORTE DE SAI,M,,
201800053639,NonLethal,2018-12-16,21:30:00,NightStreelightsOn,750,116,Yes,Square,Normal,Other,PLACE DU MARECHAL DE LAT,M,48.87099446977189,2.8707923203100534
201800053641,NonLethal,2018-12-18,08:45:00,Daylight,750,116,Yes,Y-type,Normal,2Vehicles-Side,AVENUE DE L HIPPODROME,M,48.85654357593393,2.859672135692468
201800053642,NonLethal,2018-12-18,12:45:00,Daylight,750,116,Yes,X-type,Normal,Other,RUE DU GENERAL NIOX,M,48.83630173609518,2.839347685202138
201800053643,NonLethal,2018-12-18,23:15:00,NightStreelightsOn,750,116,Yes,T-type,LightRain,NoCollision,AVENUE D IENA,M,48.8659415413658,2.8667481916748496
201800053644,NonLethal,2018-12-19,15:10:00,Daylight,750,116,Yes,T-type,Normal,Other,BOULEVARD LANNES,M,,
201800053645,NonLethal,2018-12-19,19:40:00,NightStreelightsOn,750,116,Yes,NoIntersection,LightRain,2Vehicles-Side,ALLEE DE LONGCHAMP,M,48.87042659475168,2.869628105088642
201800053646,NonLethal,2018-12-20,14:00:00,Daylight,750,116,Yes,NoIntersection,Normal,2Vehicles-Behind,AVENUE KLEBER,M,,
201800053648,NonLethal,2018-12-23,00:30:00,NightStreelightsOn,750,116,Yes,T-type,Normal,Other,BOULEVARD SUCHET,M,48.85521999001266,2.8542389110878124
201800053649,NonLethal,2018-12-25,17:55:00,NightStreelightsOn,750,116,Yes,Y-type,Normal,NoCollision,AVENUE DE VERSAILLES,M,48.83849927777048,2.840693118467018
201800053650,NonLethal,2018-12-26,16:30:00,Daylight,750,116,Yes,Square,Normal,2Vehicles-Side,PLACE CHARLES DE GAULLE,M,48.8712859492356,2.873524592696953
201800053651,NonLethal,2018-12-27,20:50:00,NightStreelightsOn,750,116,Yes,NoIntersection,Normal,Other,AVENUE DE L HIPPODROME,M,48.86096925535022,2.86218150253506
201800053654,NonLethal,2018-12-29,13:00:00,Daylight,750,116,Yes,Y-type,Normal,2Vehicles-Side,BOULEVARD DE BEAUSEJOUR,M,48.85614377962688,2.85699404304626
201800053655,NonLethal,2018-12-31,23:50:00,NightStreelightsOn,750,117,Yes,X-type,Normal,Other,BOULEVARD DU FORT DE VAU,M,48.8888401638341,2.8909912668476108
201800053656,NonLethal,2018-01-01,05:00:00,NightStreelightsOn,750,117,Yes,NoIntersection,Normal,2Vehicles-Behind,BOULEVARD PERIPHERIQUE,M,48.89100029222482,2.889798616891439
201800053657,NonLethal,2018-02-01,21:45:00,NightStreelightsOn,750,117,Yes,Y-type,LightRain,Other,"07, AVENUE DE CLICHY",M,48.885069533213134,2.884458134391953
201800053658,NonLethal,2018-03-01,18:45:00,NightStreelightsOn,750,117,Yes,X-type,Overcast,2Vehicles-Behind,"277, BOULEVARD PEREIRE",M,48.87755667408772,2.878033097606908
201800053659,NonLethal,2018-01-05,12:00:00,Daylight,750,117,Yes,Y-type,Normal,Other,"15, RUE PHILIBERT DELORM",M,48.88942031560872,2.888044978372236
201800053660,NonLethal,2018-10-01,08:45:00,Daylight,750,117,Yes,NoIntersection,LightRain,2Vehicles-Side,"4, RUE STEPHANE GRAPPELL",M,48.89080931156461,2.8907435837249493
201800053661,NonLethal,2018-01-11,09:05:00,Daylight,750,117,Yes,T-type,Normal,2Vehicles-Side,"61, RUE DES DAMES",M,48.88396500447369,2.8821618833861486
201800053662,NonLethal,2018-11-01,14:15:00,Daylight,750,117,Yes,Y-type,Normal,2Vehicles-Side,"72, AVENUE DES TERNES",M,48.87860895898327,2.8808030365491653
201800053663,NonLethal,2018-01-12,19:00:00,NightStreelightsOn,750,117,Yes,X-type,Normal,Other,"17, AVENUE DE VILLIERS",M,48.88181553003158,2.883273813654051
201800053664,NonLethal,2018-01-13,14:50:00,Daylight,750,117,Yes,T-type,Normal,2Vehicles-Behind,"156, RUE CARDINET",M,48.8900623625339,2.8872240353978467
201800053665,NonLethal,2018-01-13,23:40:00,NightStreelightsOn,750,117,Yes,X-type,Normal,Other,AVENUE DE WAGRAM,M,48.8854478969853,2.8869861763035245
201800053666,NonLethal,2018-01-14,13:58:00,Daylight,750,117,Yes,Square,Normal,Other,"2, PLACE DE LA PORTE MAI",M,48.87947541313021,2.8760813109385617
201800053667,NonLethal,2018-01-15,17:15:00,NightStreelightsOn,750,117,Yes,Y-type,LightRain,NoCollision,"14, AVENUE DE VILLIERS",M,48.88139342198103,2.8826340976669025
201800053668,NonLethal,2018-01-16,06:30:00,NightStreelightsOn,750,117,Yes,X-type,LightRain,Other,"05, PLACE DE LA PORTE DE",M,48.88588583379431,2.885055899212717
201800053669,NonLethal,2018-01-16,08:00:00,TwilightOrDawn,750,117,Yes,X-type,LightRain,Other,"8, RUE ANDRE SUARES",M,48.89298051198504,2.8942347961680968
201800053670,NonLethal,2018-01-16,18:45:00,NightStreelightsOn,750,117,Yes,NoIntersection,LightRain,Other,"190 BIS, AVENUE DE CLICH",M,48.89306036435296,2.893149572175956
201800053671,NonLethal,2018-01-18,00:30:00,NightStreelightsOn,750,117,Yes,Square,LightRain,Other,"65, BOULEVARD PEREIRE",M,48.88790114176446,2.8884811932141847
201800053674,NonLethal,2018-01-20,11:30:00,Daylight,750,117,Yes,NoIntersection,LightRain,3+Vehicles-Chain,"43, AVENUE DES TERNES",M,48.88008868591882,2.8788153602738524
201800053675,NonLethal,2018-01-21,13:30:00,Daylight,750,117,Yes,Square,LightRain,Other,"65, AVENUE DES TERNES",M,48.88055523007329,2.880224316497641
201800053676,NonLethal,2018-01-22,14:50:00,Daylight,750,117,Yes,T-type,Normal,Other,"151 BIS, RUE CARDINET",M,48.89019794709903,2.890163497694341
201800053677,NonLethal,2018-01-22,18:20:00,NightStreelightsOn,750,117,Yes,MoreThan4Branches,Normal,2Vehicles-Behind,"3, AVENUE PAUL ADAM",M,48.8882057290092,2.8883059939954534
201800053679,NonLethal,2018-01-25,07:55:00,TwilightOrDawn,750,117,Yes,T-type,LightRain,Other,"37, RUE BROCHANT",M,48.888370682730745,2.890113838694216
201800053680,NonLethal,2018-01-25,07:55:00,NightStreelightsOn,750,117,Yes,NoIntersection,LightRain,2Vehicles-Side,"l4, RUE DU CAPORAL PEUGE",M,48.8888397574948,2.887190394353323
201800053683,NonLethal,2018-01-27,08:03:00,Daylight,750,108,Yes,NoIntersection,Normal,2Vehicles-Side,"77, AVENUE DES CHAMPS EL",M,48.87029152965941,2.871961863273652
201800053684,NonLethal,2018-01-27,15:10:00,Daylight,750,117,Yes,X-type,Normal,2Vehicles-Side,"134, RUE JOUFFROY D ABBA",M,48.88554162037519,2.8857120538482595
201800053685,NonLethal,2018-01-27,18:50:00,NightStreelightsOn,750,117,Yes,NoIntersection,Normal,Other,"1O3, AVENUE DES TERNES",M,48.87985134715791,2.879307294654142
201800053686,NonLethal,2018-01-29,13:50:00,Daylight,750,117,Yes,X-type,Normal,Other,"34, BOULEVARD DES BATIGN",M,48.882025235806346,2.8835549777209004
201800053687,NonLethal,2018-01-30,12:40:00,Daylight,750,117,Yes,X-type,LightRain,Other,"14, RUE GUSTAVE CHARPENT",M,48.88150123875283,2.881130969034272
201800053688,NonLethal,2018-01-30,14:45:00,Daylight,750,117,Yes,T-type,LightRain,Other,"52, BOULEVARD DES BATIGN",M,48.88173864184294,2.8824618377668587
201800053689,NonLethal,2018-01-30,17:00:00,Daylight,750,117,Yes,NoIntersection,Normal,2Vehicles-Side,"86, AVENUE DES TERNES",M,48.8787645410073,2.8822764355739348
201800053690,NonLethal,2018-02-01,11:05:00,Daylight,750,117,Yes,X-type,LightRain,Other,"10, RUE JOUFFROY D ABBAN",M,48.88660991195299,2.887867323415085
201800053691,NonLethal,2018-05-02,07:45:00,Daylight,750,117,Yes,Square,Normal,Other,"24, PLACE CHARLES FILLIO",M,48.88732650771591,2.8881966475245995
201800053695,NonLethal,2018-12-02,14:20:00,Daylight,750,117,Yes,T-type,Normal,2Vehicles-Side,"89, RUE DE COURCELLES",M,48.87960421939574,2.879546344443653
201800053696,NonLethal,2018-02-12,17:55:00,TwilightOrDawn,750,117,Yes,Y-type,Normal,2Vehicles-Side,"18, AVENUE NIEL",M,48.8804596966928,2.8798863110325525
201800053697,NonLethal,2018-12-02,21:30:00,NightStreelightsOn,750,117,Yes,NoIntersection,Normal,2Vehicles-Side,"113, BOULEVARD BESSIERES",M,48.89565383405832,2.8942679561972158
201800053699,NonLethal,2018-02-16,15:47:00,Daylight,750,117,Yes,T-type,Normal,Other,"50, AVENUE DES TERNES",M,48.880404870336655,2.88108876069343
201800053700,NonLethal,2018-02-18,12:30:00,Daylight,750,117,Yes,Y-type,Normal,2Vehicles-Side,"1O8, AVENUE DE VILLIERS",M,48.8860783977394,2.884415910019415
201800053701,NonLethal,2018-02-19,15:55:00,Daylight,750,117,Yes,T-type,LightRain,2Vehicles-Side,"181, AVENUE DE CLICHY",M,48.89444565503316,2.892944962778682
201800053702,NonLethal,2018-02-19,19:15:00,NightStreelightsOn,750,117,Yes,X-type,LightRain,Other,"34, AVENUE DES TERNES",M,48.87829942401413,2.878763388523328
201800053703,NonLethal,2018-02-20,21:25:00,NightStreelightsOn,750,117,Yes,X-type,Normal,2Vehicles-Behind,"135, RUE DE ROME",M,48.88478480507627,2.88560308389197
201800053704,NonLethal,2018-02-21,19:50:00,NightStreelightsOn,750,117,Yes,Square,Normal,Other,"66, AVENUE DES TERNES",M,48.878240106950976,2.8791914569838983
201800053706,NonLethal,2018-02-23,08:10:00,Daylight,750,117,Yes,NoIntersection,Normal,Other,"55, AVENUE DES TERNES",M,48.87904497400656,2.879268161821627
201800053708,NonLethal,2018-02-24,17:40:00,Daylight,750,117,Yes,X-type,Normal,2Vehicles-Side,AVENUE DE LA PORTE D ASN,M,48.89117315115329,2.893784393856248
201800053709,NonLethal,2018-02-27,08:50:00,Daylight,750,117,Yes,T-type,Normal,Other,"60, RUE POUCHET",M,48.89341594393985,2.893685172232268
201800053710,NonLethal,2018-03-02,01:45:00,NightStreelightsOn,750,117,Yes,X-type,Normal,2Vehicles-Side,"24, AVENUE DE LA PORTE D",M,48.89032031059769,2.892594731991728
201800053711,NonLethal,2018-02-03,15:10:00,Daylight,750,117,Yes,Square,Normal,Other,"2, AVENUE GOURGAUD",M,48.88582387676173,2.8859382348801983
201800053712,NonLethal,2018-03-03,20:00:00,NightStreelightsOn,750,117,Yes,T-type,Normal,3+Vehicles-Chain,"190BIS, AVENUE DE CLICHY",M,48.8929980192747,2.894992859136357
201800053713,NonLethal,2018-02-03,21:35:00,NightStreelightsOn,750,117,Yes,MoreThan4Branches,Normal,2Vehicles-Side,"80, AVENUE DE WAGRAM",M,48.88212488401609,2.8820768707767974
201800053714,NonLethal,2018-05-03,16:00:00,Daylight,750,117,Yes,T-type,Normal,Other,"54, RUE DAVY",M,48.89221752484074,2.892895918510258
201800053715,NonLethal,2018-03-05,18:10:00,TwilightOrDawn,750,117,Yes,Y-type,Normal,2Vehicles-Side,PLACE DE LA PORTE MAILLO,M,48.878942039687935,2.878533743814216
201800053716,NonLethal,2018-06-03,18:35:00,NightStreelightsOn,750,117,Yes,Square,HeavyRain,Other,"0l, AVENUE DE LA PORTE D",M,48.881011589033314,2.8808979004121182
201800053717,NonLethal,2018-03-09,11:52:00,Daylight,750,117,Yes,Square,Normal,Other,"25, BOULEVARD DE LA SOMM",M,48.887711553589085,2.8860059196641217
201800053718,NonLethal,2018-03-09,20:15:00,NightStreelightsOn,750,117,Yes,Y-type,Overcast,Other,"64, AVENUE DE LA GRANDE",M,48.87659003418205,2.8755314486534527
201800053719,NonLethal,2018-10-03,10:05:00,Daylight,750,117,Yes,X-type,LightRain,2Vehicles-Side,"72, AVENUE DE VILLIERS",M,48.88383850167349,2.883443993198519
201800053720,NonLethal,2018-03-10,23:00:00,NightStreelightsOn,750,117,Yes,Y-type,LightRain,2Vehicles-Behind,RUE FRUCTIDOR,M,48.90036034661463,2.9017523803634804
201800053723,NonLethal,2018-03-12,10:00:00,Daylight,750,117,Yes,X-type,Normal,2Vehicles-Side,"15, RUE NAVIER",M,48.89523736612958,2.894145026851693
201800053724,NonLethal,2018-12-03,16:30:00,Daylight,750,117,Yes,T-type,Normal,2Vehicles-Behind,"104, BOULEVARD DE COURCE",M,48.8785112482262,2.8795905648142868
201800053725,NonLethal,2018-03-14,14:20:00,Daylight,750,117,Yes,Y-type,Normal,2Vehicles-Side,"21, AVENUE NIEL",M,48.88042794462072,2.8802568741708274
201800053727,NonLethal,2018-03-15,19:45:00,TwilightOrDawn,750,117,Yes,Square,Normal,Other,"02, PLACE DE LA PORTE MA",M,48.8772024255027,2.880197427552909
201800053728,NonLethal,2018-03-15,20:45:00,NightStreelightsOn,750,117,Yes,Y-type,LightRain,Other,"62, AVENUE DES TERNES",M,48.87993191741009,2.880085426646843
201800053729,NonLethal,2018-03-15,22:00:00,NightStreelightsOn,750,117,Yes,X-type,LightRain,Other,"64, AVENUE DE WAGRAM",M,48.88133420092072,2.879628603865082
201800053730,NonLethal,2018-03-16,13:50:00,Daylight,750,117,Yes,X-type,Normal,2Vehicles-Side,"97, AVENUE DE CLICHY",M,48.89021059508168,2.888704125994134
201800053733,NonLethal,2018-03-21,15:40:00,Daylight,750,117,Yes,NoIntersection,Normal,Other,"7O, BOULEVARD DES BATIGN",M,48.88207029502506,2.8816124111673487
201800053734,NonLethal,2018-03-21,23:40:00,NightStreelightsOn,750,116,Yes,NoIntersection,Normal,NoCollision,VOIE GEORGES POMPIDOU,M,48.852015436729054,2.8521142909362536