AccidentId,Gravity,Date,Hour,Light,Department,Commune,InAgglomeration,IntersectionType,Weather,CollisionType,PostalAddress,GPSCode,Latitude,Longitude
201800053736,NonLethal,2018-03-23,13:15:00,Daylight,750,117,Yes,NoIntersection,Overcast,2Vehicles-Side,"130, AVENUE DE VILLIERS",M,48.88544653689556,2.8861817377409267
201800053737,NonLethal,2018-03-26,16:00:00,Daylight,750,117,Yes,Y-type,Normal,3+Vehicles-Chain,BOULEVARD PERIPHERIQUE E,M,48.89645564875453,2.8976788384399668
201800053738,NonLethal,2018-03-27,10:35:00,Daylight,750,117,Yes,NoIntersection,LightRain,Other,"55, RUE GUY MOQUET",M,48.89226227877887,2.8911531673960416
201800053739,NonLethal,2018-03-28,09:30:00,Daylight,750,117,Yes,NoIntersection,LightRain,2Vehicles-Side,PORTE D ASNIERES,M,48.89063116676836,2.891475445080816
201800053740,NonLethal,2018-03-29,11:00:00,Daylight,750,117,Yes,Y-type,Normal,2Vehicles-Side,"205, BOULEVARD MALESHERB",M,48.89152510375924,2.888560989353123
201800053741,NonLethal,2018-03-29,18:40:00,Daylight,750,117,Yes,Y-type,LightRain,Other,BOULEVARD DE L YSER,M,48.88294821515444,2.8867066520432814
201800053742,NonLethal,2018-03-29,20:20:00,NightStreelightsOn,750,117,Yes,X-type,LightRain,2Vehicles-Side,"39, AVENUE DES TERNES",M,48.87869834523243,2.8781361606478306
201800053745,NonLethal,2018-04-03,12:00:00,Daylight,750,117,Yes,MoreThan4Branches,Normal,2Vehicles-Side,"4, RUE JOUFFROY D ABBANS",M,48.88854959933857,2.888345830073757
201800053746,NonLethal,2018-04-03,17:00:00,Daylight,750,117,Yes,T-type,LightRain,Other,"25, AVENUE DE SAINT OUEN",M,48.88933250462378,2.887873706484159
201800053748,NonLethal,2018-03-04,21:55:00,NightStreelightsOn,750,117,Yes,X-type,Normal,Other,"111, AVENUE DE CLICHY",M,48.88888208842649,2.888878216703867
201800053749,NonLethal,2018-04-04,07:20:00,Daylight,750,117,Yes,NoIntersection,Normal,2Vehicles-Side,"52, BOULEVARD DE DOUAUMO",M,48.896236090500274,2.8953693268728404
201800053750,NonLethal,2018-04-04,13:40:00,Daylight,750,117,Yes,X-type,Overcast,2Vehicles-Side,"15, AVENUE DE LA PORTE D",M,48.88046492296687,2.880087326561635
201800053752,NonLethal,2018-07-04,13:15:00,Daylight,750,117,Yes,T-type,Normal,Other,"31, RUE LAUGIER",M,48.88003432862183,2.880581591330753
201800053753,NonLethal,2018-08-04,01:40:00,NightStreelightsOn,750,117,Yes,Square,Normal,Other,"10, AVENUE DE LA PORTE P",M,48.896341565030646,2.897489615916411
201800053754,NonLethal,2018-10-04,08:30:00,Daylight,750,117,Yes,MoreThan4Branches,Normal,Other,BOULEVARD PEREIRE,M,48.8865039863566,2.8863112861287736
201800053755,NonLethal,2018-04-11,12:30:00,Daylight,750,117,Yes,X-type,Normal,2Vehicles-Side,"191, RUE DE COURCELLES",M,48.88821575788443,2.888334953715843
201800053756,NonLethal,2018-04-13,08:15:00,Daylight,750,117,Yes,X-type,Normal,3+Vehicles-Multiple,"36, BOULEVARD DE COURCEL",M,48.88220638286101,2.880539866272012
201800053757,NonLethal,2018-04-13,04:44:00,NightStreelightsOn,750,117,Yes,X-type,Other,2Vehicles-Side,AVENUE DE CLICHY,M,48.89218665615342,2.8916950664146435
201800053758,NonLethal,2018-04-15,00:25:00,NightStreelightsOn,750,117,Yes,Square,Normal,2Vehicles-Side,"01, PLACE DU MARECHAL JU",M,48.8841920951197,2.8859363589350027
201800053761,NonLethal,2018-04-17,13:00:00,Daylight,750,117,Yes,X-type,Normal,2Vehicles-Side,"98, AVENUE DE CLICHY",M,48.88948724586589,2.8899331435633795
201800053762,NonLethal,2018-04-19,11:15:00,Daylight,750,117,Yes,NoIntersection,Normal,Other,RUE BREY,M,48.87597298578717,2.87675136455387
201800053763,NonLethal,2018-04-19,19:40:00,Daylight,750,117,Yes,Square,Normal,Other,"FACE 02, PLACE DE LA POR",M,48.87775185095165,2.8781736472130914
201800053764,NonLethal,2018-04-19,23:40:00,NightStreelightsOn,750,117,Yes,T-type,Normal,3+Vehicles-Chain,"186, AVENUE DE CLICHY",M,48.89426487183704,2.8920361453468715
201800053765,NonLethal,2018-04-20,13:00:00,Daylight,750,117,Yes,X-type,VeryGood,2Vehicles-Behind,"27, BOULEVARD DE L YSER",M,48.8853841901289,2.885391022576247
201800053766,NonLethal,2018-04-20,17:55:00,Daylight,750,117,Yes,NoIntersection,Normal,Other,"06, RUE ALBERT SAMAIN",M,48.88619269751637,2.8861565689626865
201800053767,NonLethal,2018-04-21,18:30:00,Daylight,750,117,Yes,X-type,Normal,2Vehicles-Side,"4, BOULEVARD DE REIMS",M,48.89451724486088,2.892590108501984
201800053768,NonLethal,2018-04-22,04:40:00,NightStreelightsOn,750,117,Yes,NoIntersection,Normal,2Vehicles-Behind,"26-30, AVENUE DES TERNES",M,48.88008340253755,2.8768294304409747
201800053769,NonLethal,2018-04-22,23:40:00,NightStreelightsOn,750,117,Yes,X-type,Normal,2Vehicles-Side,", RUE POUCHET",M,48.89586382270921,2.895851068255749
201800053770,NonLethal,2018-04-23,14:10:00,Daylight,750,117,Yes,T-type,Normal,2Vehicles-Behind,"73, RUE DE PRONY",M,48.88443858601972,2.8852284173787166
201800053771,NonLethal,2018-04-24,18:30:00,Daylight,750,117,Yes,NoIntersection,Normal,Other,"5, RUE TARBE",M,48.88516982462534,2.887314133851968
201800053772,NonLethal,2018-04-25,17:00:00,Daylight,750,117,Yes,X-type,Normal,2Vehicles-Side,BOULEVARD D AURELLE DE P,M,48.88260589806592,2.8848207301062194
201800053773,NonLethal,2018-04-25,20:50:00,TwilightOrDawn,750,117,Yes,X-type,Normal,Other,"33, AVENUE DES TERNES",M,48.87875351145443,2.879034702649031
201800053775,NonLethal,2018-04-27,09:15:00,Daylight,750,117,Yes,NoIntersection,Normal,Other,"18, RUE GUSTAVE CHARPENT",M,48.880786221861946,2.8794997617256017
201800053776,NonLethal,2018-04-27,16:40:00,Daylight,750,117,Yes,X-type,Normal,2Vehicles-Side,BOULEVARD BESSIERES,M,48.89335733726868,2.894345827094787
201800053777,NonLethal,2018-04-28,12:45:00,Daylight,750,117,Yes,X-type,Normal,2Vehicles-Side,"/, BOULEVARD DE COURCELL",M,48.88004957574534,2.878822185137232
201800053778,NonLethal,2018-05-02,15:00:00,Daylight,750,117,Yes,X-type,Normal,Other,BOULEVARD BERTHIER,M,48.89102595788462,2.8883759259868373
201800053779,NonLethal,2018-05-05,15:35:00,Daylight,750,117,Yes,T-type,Normal,Other,RUE SAINT FERDINAND,M,48.8756054736746,2.877919704107823
201800053780,NonLethal,2018-05-11,16:30:00,Daylight,750,117,Yes,NoIntersection,Normal,2Vehicles-Behind,RUE LAUGIER,M,48.883652701924,2.885766639340744
201800053781,NonLethal,2018-05-11,21:30:00,NightStreelightsOn,750,117,Yes,X-type,Normal,2Vehicles-Side,"23, AVENUE CARNOT",M,48.87656517493856,2.876530604923845
201800053782,NonLethal,2018-05-18,12:10:00,Daylight,750,117,Yes,T-type,VeryGood,Other,"02, RUE DE MONBEL",M,48.88805207512818,2.88616543665209
201800053783,NonLethal,2018-05-19,22:25:00,NightStreelightsOn,750,117,Yes,X-type,Normal,2Vehicles-Side,"28, RUE GUY MOQUET",M,48.89162001578964,2.890412610573508
201800053784,NonLethal,2018-05-23,11:00:00,Daylight,750,117,Yes,X-type,Normal,2Vehicles-Behind,"00, BOULEVARD DE REIMS",M,48.893389422264455,2.8911746629868325
201800053785,NonLethal,2018-05-24,18:45:00,Daylight,750,117,Yes,NoIntersection,Normal,2Vehicles-Side,"77, AVENUE DE VILLIERS",M,48.8832883500561,2.883695323204935
201800053786,NonLethal,2018-05-24,20:10:00,Daylight,750,117,Yes,X-type,Normal,2Vehicles-Behind,AVENUE DE LA PORTE DE VI,M,48.88445504149561,2.8867443470563736
201800053787,NonLethal,2018-05-25,20:45:00,NightNoStreetLight,750,117,Yes,NoIntersection,HeavyRain,Other,"19, BOULEVARD BESSIERES",M,48.89910010838476,2.898884675416137
201800053789,NonLethal,2018-05-27,21:30:00,TwilightOrDawn,750,117,Yes,T-type,Normal,2Vehicles-BehindVehicles-Frontal,"130, RUE DE SAUSSURE",M,48.88949740454745,2.889125255593008
201800053790,NonLethal,2018-05-28,20:00:00,Daylight,750,117,Yes,X-type,Overcast,2Vehicles-Side,"7, AVENUE DE LA PORTE DE",M,48.89585939718355,2.896394859083346
201800053793,NonLethal,2018-05-30,21:00:00,Daylight,750,117,Yes,NoIntersection,Normal,Other,"66, RUE DULONG",M,48.8875192274383,2.8871107869205974
201800053794,NonLethal,2018-05-31,08:15:00,Daylight,750,117,Yes,T-type,Normal,2Vehicles-Side,"75, AVENUE DE CLICHY",M,48.88676077473499,2.8870069858748453
201800053795,NonLethal,2018-05-31,19:45:00,Daylight,750,117,Yes,Y-type,Normal,2Vehicles-Side,"27, AVENUE MAC MAHON",M,48.87638194202003,2.8774733182716057
201800053797,NonLethal,2018-01-06,14:10:00,Daylight,750,117,Yes,T-type,Normal,2Vehicles-Behind,"33, RUE BRUNEL",M,48.8792545922186,2.879432791873953
201800053798,NonLethal,2018-06-03,03:51:00,NightStreelightsOn,750,117,Yes,Square,Normal,2Vehicles-BehindVehicles-Frontal,"14, PLACE GENERAL CATROU",M,48.88318656528788,2.8817552603188297
201800053799,NonLethal,2018-03-06,09:40:00,Daylight,750,117,Yes,T-type,Normal,2Vehicles-Side,"92, AVENUE DE CLICHY",M,48.89150985749923,2.889420441255268
201800053800,NonLethal,2018-03-05,11:00:00,Daylight,750,117,Yes,NoIntersection,Normal,2Vehicles-Side,"12, RUE FRUCTIDOR",M,48.90016336277756,2.900662719681476
201800053802,NonLethal,2018-06-10,13:45:00,Daylight,750,117,Yes,X-type,Normal,2Vehicles-BehindVehicles-Frontal,"34, AVENUE DE LA PORTE D",M,48.89143708543975,2.8900556911128272
201800053803,NonLethal,2018-06-12,12:15:00,Daylight,750,117,Yes,X-type,Normal,2Vehicles-Side,"113, AVENUE DE CLICHY",M,48.88921312875359,2.888949552094054
201800053804,NonLethal,2018-06-12,18:30:00,Daylight,750,117,Yes,NoIntersection,Normal,2Vehicles-Side,"71, AVENUE DE VILLIERS",M,48.88351438651279,2.882574796558336
201800053805,NonLethal,2018-06-14,13:45:00,Daylight,750,117,Yes,NoIntersection,Normal,Other,"84, BOULEVARD PEREIRE",M,48.88574905236544,2.887016475134603
201800053806,NonLethal,2018-06-14,00:50:00,NightStreelightsOn,750,117,Yes,T-type,Normal,2Vehicles-Side,BOULEVARD BESSIERES,M,48.896582829813546,2.8987622736116987
201800053807,NonLethal,2018-06-14,21:25:00,Daylight,750,108,Yes,T-type,Normal,Other,"0, BOULEVARD HAUSSMANN",M,48.87388156933572,2.873523516255221
201800053810,NonLethal,2018-06-19,16:05:00,Daylight,750,108,Yes,X-type,Normal,Other,"94, RUE DE COURCELLES",M,48.878828824048895,2.879062851978277
201800053811,NonLethal,2018-06-19,17:20:00,Daylight,750,117,Yes,T-type,Normal,Other,"17, AVENUE DE CLICHY",M,48.88427550241149,2.884656573573677
201800053813,NonLethal,2018-06-20,18:30:00,Daylight,750,116,Yes,MoreThan4Branches,Normal,2Vehicles-Side,AVENUE FOCH,M,48.87284517495698,2.87206352222972
201800053814,NonLethal,2018-06-21,15:50:00,Daylight,750,117,Yes,NoIntersection,Normal,Other,"195, BOULEVARD MALESHERB",M,48.88912977910475,2.8900072032893487
201800053815,NonLethal,2018-06-21,18:45:00,Daylight,750,108,Yes,NoIntersection,Normal,2Vehicles-Behind,"28, AVENUE GEORGE V",M,48.86662737877079,2.8668478412517344
201800053817,NonLethal,2018-06-22,12:10:00,Daylight,750,117,Yes,T-type,Normal,Other,"56, RUE DES ACACIAS",M,48.87693222971388,2.878283454683232
201800053818,NonLethal,2018-06-22,21:00:00,TwilightOrDawn,750,117,Yes,T-type,Normal,2Vehicles-Side,"133, AVENUE DE VILLIERS",M,48.88595235269321,2.8856537228973105
201800053821,NonLethal,2018-06-29,12:45:00,Daylight,750,117,Yes,NoIntersection,Normal,Other,"182, AVENUE DE CLICHY",M,48.89301609800735,2.8921419650649933
201800053822,NonLethal,2018-06-29,18:20:00,Daylight,750,117,Yes,X-type,Normal,2Vehicles-Side,"81, AVENUE NIEL",M,48.882701591979504,2.883792252409858
201800053823,NonLethal,2018-06-29,19:40:00,Daylight,750,117,Yes,NoIntersection,Normal,2Vehicles-Side,"120, BOULEVARD DE COURCE",M,48.877719844695655,2.87911598462445
201800053824,NonLethal,2018-07-01,22:35:00,NightStreelightsOn,750,117,Yes,T-type,Normal,Other,"159, BOULEVARD MALESHERB",M,48.88507624898505,2.8854136823148355
201800053825,NonLethal,2018-07-02,17:15:00,Daylight,750,117,Yes,X-type,Normal,2Vehicles-Side,AVENUE DE VILLIERS,M,48.88192081514753,2.8806443545636755
201800053826,NonLethal,2018-07-03,11:10:00,Daylight,750,117,Yes,NoIntersection,Normal,Other,"62, BOULEVARD BESSIERES",M,48.89711156313595,2.895622757443101
201800053827,NonLethal,2018-03-07,17:20:00,Daylight,750,108,Yes,Square,Normal,2Vehicles-Behind,PLACE DE LA REPUBLIQUE D,M,48.880405858431125,2.8797949401877667
201800053828,NonLethal,2018-04-07,05:11:00,TwilightOrDawn,750,117,Yes,NoIntersection,Normal,Other,"21, AVENUE DE WAGRAM",M,48.87579265365533,2.876452326508
201800053829,NonLethal,2018-07-04,17:30:00,Daylight,750,117,Yes,NoIntersection,Normal,2Vehicles-Side,"98, AVENUE DE VILLIERS",M,48.885748304238575,2.885083757266155
201800053830,NonLethal,2018-04-07,20:35:00,Daylight,750,117,Yes,MoreThan4Branches,Normal,Other,"l0l, BOULEVARD BERTHIER",M,48.88523801767325,2.8856096523498604
201800053831,NonLethal,2018-05-07,16:10:00,Daylight,750,108,Yes,NoIntersection,Normal,Other,"45, BOULEVARD DES BATIGN",M,48.88145785745122,2.881628215120636
201800053832,NonLethal,2018-07-06,11:25:00,Daylight,750,117,Yes,MoreThan4Branches,Normal,Other,"3, BOULEVARD PEREIRE",M,48.88643894680358,2.8871626497638285
201800053833,NonLethal,2018-06-07,17:55:00,Daylight,750,117,Yes,X-type,Normal,2Vehicles-Side,AVENUE DES TERNES,M,48.87892249472749,2.8784626726342752
201800053835,NonLethal,2018-09-07,20:15:00,Daylight,750,117,Yes,T-type,Normal,Other,"62, BOULEVARD DES BATIGN",M,48.88164105524756,2.8830636485656296
201800053836,NonLethal,2018-07-10,11:20:00,Daylight,750,117,Yes,NoIntersection,Normal,2Vehicles-Behind,"16, BOULEVARD DES BATIGN",M,48.88401723463949,2.884548661058055
201800053837,NonLethal,2018-12-07,15:45:00,Daylight,750,117,Yes,T-type,Normal,2Vehicles-Side,"106, BOULEVARD DE COURCE",M,48.87832526979446,2.8791820879310595
201800053839,NonLethal,2018-07-16,19:10:00,Daylight,750,117,Yes,X-type,Normal,2Vehicles-Side,"71, AVENUE DE VILLIERS",M,48.883432797353365,2.883511201841927
201800053841,NonLethal,2018-07-17,20:30:00,TwilightOrDawn,750,117,Yes,X-type,Normal,2Vehicles-Side,BOULEVARD DE COURCELLES,M,48.87969934502745,2.877417170358875
201800053842,NonLethal,2018-07-18,20:15:00,TwilightOrDawn,750,117,Yes,NoIntersection,Normal,2Vehicles-Behind,BOULEVARD DE COURCELLES,M,48.881842158967785,2.8808536796776214
201800053843,NonLethal,2018-07-21,01:30:00,NightStreelightsOn,750,117,Yes,Square,Normal,2Vehicles-Side,PLACE DE LA PORTE MAILLO,M,48.87889122217697,2.8790504361501155
201800053844,NonLethal,2018-07-25,14:00:00,Daylight,750,117,Yes,T-type,Normal,Other,RUE GUY MOQUET,M,48.89213211803267,2.890306393536528
201800053845,NonLethal,2018-07-27,11:45:00,Daylight,750,117,Yes,T-type,Normal,3+Vehicles-Chain,BOULEVARD DE COURCELLES,M,,
201800053846,NonLethal,2018-07-30,16:40:00,Daylight,750,118,Yes,NoIntersection,VeryGood,Other,AVENUE DE SAINT OUEN,M,48.896690853201015,2.8980688342167538
201800053847,NonLethal,2018-07-31,20:35:00,Daylight,750,117,Yes,T-type,Normal,Other,AVENUE DE SAINT OUEN,M,48.89268000922157,2.8930905349666034
201800053848,NonLethal,2018-08-08,18:36:00,Daylight,750,117,Yes,Square,Normal,Other,BOULEVARD BERTHIER,M,48.887620759694805,2.886781439112715
201800053849,NonLethal,2018-08-14,19:20:00,Daylight,750,117,Yes,Square,Normal,2Vehicles-Side,PLACE DE LA PORTE MAILLO,M,48.87679453273922,2.8792068514842195
201800053850,NonLethal,2018-08-22,15:25:00,Daylight,750,117,Yes,Y-type,Normal,2Vehicles-Side,RUE DE SAUSSURE,M,48.88848311829257,2.8891564842921693
201800053851,NonLethal,2018-08-22,17:50:00,Daylight,750,117,Yes,X-type,Normal,Other,BOULEVARD PEREIRE,M,48.87822706875766,2.878774493444898
201800053852,NonLethal,2018-08-23,00:05:00,NightStreelightsOn,750,117,Yes,X-type,Normal,Other,AVENUE DE CLICHY,M,48.88587014164987,2.885564358020465
201800053853,NonLethal,2018-08-23,10:25:00,Daylight,750,117,Yes,X-type,Normal,2Vehicles-Side,AVENUE DE CLICHY,M,,
201800053854,NonLethal,2018-08-24,00:01:00,NightStreelightsOn,750,117,Yes,T-type,LightRain,Other,AVENUE DE LA GRANDE ARME,M,48.876653460911726,2.8771930041619984
201800053855,NonLethal,2018-08-24,10:30:00,Daylight,750,117,Yes,X-type,Overcast,Other,BOULEVARD PEREIRE,M,48.88679675284767,2.888941654880393
201800053856,NonLethal,2018-08-24,14:30:00,Daylight,750,117,Yes,NoIntersection,Normal,NoCollision,BOULEVARD DES BATIGNOLLE,M,48.88408959034439,2.8826020792814675
201800053857,NonLethal,2018-08-25,22:20:00,NightStreelightsOn,750,117,Yes,Y-type,Normal,Other,RUE FRAGONARD,M,,
201800053858,NonLethal,2018-08-29,12:15:00,Daylight,750,117,Yes,NoIntersection,Normal,2Vehicles-Side,RUE DE ROME,M,48.8862266001659,2.886180948168159
201800053859,NonLethal,2018-08-31,01:25:00,NightStreelightsOn,750,117,Yes,T-type,Overcast,NoCollision,RUE GUSTAVE CHARPENTIER,M,48.87821206079076,2.878702219893051
201800053860,NonLethal,2018-01-09,15:30:00,Daylight,750,117,Yes,X-type,Normal,2Vehicles-Side,RUE DE ROME,M,48.88394277411854,2.885780608862853
201800053861,NonLethal,2018-09-01,23:11:00,NightStreelightsOn,750,117,Yes,Square,Normal,2Vehicles-Side,PLACE DE LA PORTE DE CHA,M,48.87996219554624,2.8803991344849385
201800053862,NonLethal,2018-02-09,18:15:00,Daylight,750,117,Yes,T-type,Normal,2Vehicles-Side,BOULEVARD D AURELLE DE P,M,48.88287296896515,2.8818555338418186
201800053863,NonLethal,2018-03-09,02:40:00,NightStreelightsOn,750,117,Yes,NoIntersection,Normal,Other,BOULEVARD DE DOUAUMONT,M,,
201800053864,NonLethal,2018-09-03,18:30:00,Daylight,750,117,Yes,T-type,Normal,2Vehicles-Side,BOULEVARD BERTHIER,M,48.88664212731682,2.888026839325914
201800053865,NonLethal,2018-09-06,12:20:00,Daylight,750,117,Yes,MoreThan4Branches,Overcast,2Vehicles-Side,BOULEVARD MALESHERBES,M,48.88521909180436,2.886618790544588
201800053867,NonLethal,2018-06-09,18:00:00,Daylight,750,118,Yes,Y-type,Normal,2Vehicles-Side,AVENUE DE LA PORTE DE SA,M,48.898066709189976,2.898306885023436
201800053868,NonLethal,2018-09-07,00:50:00,NightStreelightsOn,750,117,Yes,X-type,Normal,2Vehicles-Side,AVENUE DE LA GRANDE ARME,M,48.87405886288695,2.8739409220847376
201800053869,NonLethal,2018-07-09,12:15:00,Daylight,750,117,Yes,MoreThan4Branches,Normal,Other,VILLA BERTHIER,M,,
201800053870,NonLethal,2018-09-07,16:35:00,Daylight,750,117,Yes,MoreThan4Branches,Normal,Other,BOULEVARD DE COURCELLES,M,,
201800053871,NonLethal,2018-07-09,16:20:00,Daylight,750,117,Yes,MoreThan4Branches,Normal,2Vehicles-Side,BOULEVARD GOUVION SAINT,M,48.885068186445785,2.885707138991468
201800053872,NonLethal,2018-11-09,17:15:00,Daylight,750,117,Yes,T-type,Normal,2Vehicles-Side,AVENUE DE SAINT OUEN,M,,
201800053873,NonLethal,2018-09-12,15:05:00,Daylight,750,117,Yes,NoIntersection,Normal,Other,AVENUE DE CLICHY,M,48.89331349341328,2.8927066848812277
201800053874,NonLethal,2018-09-14,13:15:00,Daylight,750,117,Yes,Roundabout,Normal,2Vehicles-Side,PLACE CHARLES DE GAULLE,M,,
201800053875,NonLethal,2018-09-14,16:35:00,Daylight,750,117,Yes,X-type,Normal,Other,AVENUE DES TERNES,M,48.88008752443376,2.8808050126853653
201800053877,NonLethal,2018-09-17,14:05:00,Daylight,750,117,Yes,NoIntersection,Normal,2Vehicles-Side,RUE CARDINET,M,48.88886804265421,2.889485526521844
201800053878,NonLethal,2018-09-18,07:30:00,Daylight,750,117,Yes,NoIntersection,Normal,2Vehicles-Behind,BOULEVARD BERTHIER,M,48.88617288548583,2.886132455478886
201800053879,NonLethal,2018-09-22,20:00:00,NightStreelightsOff,750,117,Yes,Y-type,LightRain,Other,RUE CARDINET,M,48.881556908534975,2.881937098362072
201800053880,NonLethal,2018-09-24,14:00:00,Daylight,750,117,Yes,T-type,Normal,2Vehicles-Side,AVENUE DE CLICHY,M,48.892218758947394,2.8945359162311326
201800053881,NonLethal,2018-09-25,09:15:00,Daylight,750,117,Yes,NoIntersection,Normal,2Vehicles-Side,RUE DE PHALSBOURG,M,,
201800053882,NonLethal,2018-09-26,08:45:00,Daylight,750,117,Yes,MoreThan4Branches,Normal,Other,RUE DE COURCELLES,M,,
201800053883,NonLethal,2018-09-26,14:15:00,Daylight,750,117,Yes,X-type,Normal,2Vehicles-Side,RUE DE COURCELLES,M,,
201800053884,NonLethal,2018-09-26,19:20:00,TwilightOrDawn,750,117,Yes,Square,Normal,2Vehicles-Side,AVENUE DE NEUILLY,M,48.8793585162524,2.8772480145595223
201800053885,NonLethal,2018-09-27,09:00:00,Daylight,750,117,Yes,NoIntersection,Normal,Other,BOULEVARD BESSIERES,M,48.88899187732393,2.89049888116386
201800053886,NonLethal,2018-09-27,18:50:00,Daylight,750,117,Yes,X-type,Normal,Other,BOULEVARD PEREIRE,M,48.8862880832687,2.8878206972521188
201800053887,NonLethal,2018-09-28,15:50:00,Daylight,750,117,Yes,T-type,Normal,Other,RUE CARDINET,M,48.88188059352113,2.881487413226286
201800053888,NonLethal,2018-09-28,17:30:00,Daylight,750,117,Yes,X-type,Normal,Other,RUE BOULAY,M,48.8939860732617,2.893276198368939
201800053890,NonLethal,2018-09-29,02:45:00,NightStreelightsOn,750,109,Yes,NoIntersection,Normal,Other,BOULEVARD DE CLICHY,M,48.88359553864984,2.8826800585682792
201800053891,NonLethal,2018-09-29,16:35:00,Daylight,750,117,Yes,MoreThan4Branches,Normal,Other,RUE DE COURCELLES,M,48.88815686288449,2.8869808491342237
201800053892,NonLethal,2018-10-02,01:05:00,NightStreelightsOn,750,117,Yes,T-type,Normal,2Vehicles-Behind,AVENUE DE CLICHY,M,48.89291364739549,2.8924671807715625
201800053895,NonLethal,2018-04-10,21:00:00,NightStreelightsOn,750,117,Yes,T-type,Normal,2Vehicles-Behind,AVENUE DE VILLIERS,M,,
201800053896,NonLethal,2018-05-10,16:20:00,Daylight,750,117,Yes,X-type,Normal,Other,BOULEVARD DES BATIGNOLLE,M,48.88408686475055,2.8833673139762466
201800053897,NonLethal,2018-05-10,21:00:00,NightStreelightsOn,750,108,Yes,Y-type,Normal,Other,BOULEVARD DE COURCELLES,M,48.8808447501087,2.880247342799359
201800053898,NonLethal,2018-06-10,05:05:00,NightStreelightsOn,750,117,Yes,NoIntersection,Normal,2Vehicles-Behind,AVENUE DE CLICHY,M,48.89253053980099,2.8923096601843925
201800053899,NonLethal,2018-10-06,20:55:00,NightStreelightsOn,750,117,Yes,T-type,Normal,2Vehicles-Side,RUE DE COURCELLES,M,,
201800053900,NonLethal,2018-07-10,03:10:00,NightStreelightsOn,750,117,Yes,X-type,LightRain,NoCollision,RUE GUY MOQUET,M,48.8924286948596,2.891801002752664
201800053902,NonLethal,2018-08-10,18:00:00,Daylight,750,117,Yes,NoIntersection,Normal,Other,RUE DE COURCELLES,M,48.88196805645183,2.878212725079899
201800053904,NonLethal,2018-09-10,20:00:00,NightStreelightsOn,750,117,No,NoIntersection,Normal,2Vehicles-Side,ECHANGEUR MAILLOT,M,48.87927113422435,2.878920341180512
201800053905,NonLethal,2018-11-10,09:50:00,Daylight,750,117,Yes,X-type,VeryGood,2Vehicles-Behind,RUE DE PRONY,M,,
201800053908,NonLethal,2018-10-13,17:20:00,Daylight,750,117,Yes,X-type,Normal,Other,AVENUE DE WAGRAM,M,,
201800053909,NonLethal,2018-10-13,19:00:00,NightStreelightsOff,750,117,Yes,T-type,Normal,Other,RUE TARBE,M,,
201800053910,NonLethal,2018-10-14,16:50:00,Daylight,750,117,Yes,X-type,Normal,2Vehicles-Side,RUE RAYMOND PITET,M,,
201800053911,NonLethal,2018-10-15,03:25:00,NightStreelightsOn,750,117,Yes,Y-type,Normal,Other,ECHANGEUR MAILLOT,M,48.87787837183115,2.8778487503274244
201800053913,NonLethal,2018-10-17,14:33:00,Daylight,750,117,Yes,NoIntersection,Normal,2Vehicles-Behind,RUE DE TOCQUEVILLE,M,48.88377624085999,2.883565501329473
201800053914,NonLethal,2018-10-18,03:05:00,NightStreelightsOn,750,117,Yes,T-type,Normal,NoCollision,RUE CARDINET,M,48.8906891999357,2.890047303951913
201800053916,NonLethal,2018-10-19,16:05:00,Daylight,750,117,Yes,Square,Normal,2Vehicles-Side,PLACE DE CLICHY,M,,
201800053917,NonLethal,2018-10-21,06:00:00,NightStreelightsOn,750,117,Yes,NoIntersection,Normal,2Vehicles-Side,AVENUE DE LA GRANDE ARME,M,48.79991597371024,2.8003026585000264
201800053918,NonLethal,2018-10-21,09:10:00,Daylight,750,117,Yes,NoIntersection,Normal,2Vehicles-Behind,BOULEVARD PEREIRE,M,,
201800053919,NonLethal,2018-10-22,22:30:00,NightStreelightsOn,750,117,Yes,X-type,Normal,Other,PLACE DU BRESIL,M,,
201800053920,NonLethal,2018-10-26,09:05:00,Daylight,750,117,Yes,Square,Normal,Other,PLACE DU MARECHAL JUIN,M,48.885509707484935,2.8823317173083347
201800053921,NonLethal,2018-10-27,13:35:00,Daylight,750,117,Yes,T-type,Normal,2Vehicles-Side,AVENUE DE CLICHY,M,48.89350643637991,2.8946504032693525
201800053922,NonLethal,2018-10-27,14:00:00,Daylight,750,117,Yes,NoIntersection,Normal,2Vehicles-Behind,AVENUE DE LA PORTE D ASN,M,48.89040869939252,2.891160333711555
201800053924,NonLethal,2018-10-30,19:10:00,NightStreelightsOn,750,117,Yes,NoIntersection,Normal,2Vehicles-Side,AVENUE DE CLICHY,M,,
201800053925,NonLethal,2018-10-31,19:15:00,NightStreelightsOn,750,117,Yes,X-type,LightRain,Other,BOULEVARD MALESHERBES,M,,
201800053926,NonLethal,2018-02-11,11:20:00,Daylight,750,117,Yes,T-type,Normal,2Vehicles-Side,AVENUE DE LA GRANDE ARME,M,,
201800053927,NonLethal,2018-11-03,03:00:00,NightStreelightsOn,750,117,Yes,X-type,Normal,Other,AVENUE DE CLICHY,M,,
201800053928,NonLethal,2018-11-03,06:00:00,NightStreelightsOn,750,117,Yes,X-type,Normal,Other,BOULEVARD BERTHIER,M,,
201800053929,NonLethal,2018-11-03,11:45:00,Daylight,750,117,Yes,X-type,Normal,Other,RUE ALBERT SAMAIN,M,48.88557368599547,2.88615181450855
201800053931,NonLethal,2018-11-05,09:00:00,Daylight,750,117,Yes,T-type,Normal,Other,BOULEVARD PEREIRE,M,48.88870490122033,2.8889036584511127
201800053932,NonLethal,2018-11-05,15:50:00,Daylight,750,117,Yes,X-type,Normal,Other,BOULEVARD DE COURCELLES,M,48.00106273545544,1.9997530616525516
201800053933,NonLethal,2018-05-11,17:50:00,NightStreelightsOn,750,117,Yes,T-type,Normal,NoCollision,BOULEVARD DE DOUAUMONT,M,48.89544897464737,2.8956054803492464