AccidentId,Gravity,Date,Hour,Light,Department,Commune,InAgglomeration,IntersectionType,Weather,CollisionType,PostalAddress,GPSCode,Latitude,Longitude
201800053934,NonLethal,2018-06-11,11:30:00,Daylight,750,117,Yes,X-type,Normal,2Vehicles-Behind,AVENUE DE LA GRANDE ARME,M,48.87832676241766,2.8788797213969946
201800053935,NonLethal,2018-06-11,12:30:00,Daylight,750,117,Yes,Square,Normal,2Vehicles-Side,AVENUE DE LA GRANDE ARME,M,48.87423450353622,2.875350445626097
201800053936,NonLethal,2018-06-11,18:40:00,NightStreelightsOn,750,117,Yes,X-type,Normal,2Vehicles-Side,AVENUE DES TERNES,M,,
201800053938,NonLethal,2018-11-08,21:00:00,NightStreelightsOn,750,117,No,Y-type,Normal,Other,BOULEVARD PERIPHERIQUE I,M,,
201800053939,NonLethal,2018-11-11,17:25:00,NightStreelightsOn,750,117,Yes,X-type,LightRain,2Vehicles-Side,BOULEVARD BESSIERES,M,,
201800053941,NonLethal,2018-11-15,08:45:00,Daylight,750,117,Yes,T-type,Normal,Other,BOULEVARD PEREIRE,M,,
201800053942,NonLethal,2018-11-15,23:15:00,NightStreelightsOn,750,117,Yes,X-type,Normal,NoCollision,RUE NAVIER,M,,
201800053944,NonLethal,2018-11-20,12:50:00,Daylight,750,117,Yes,T-type,LightRain,Other,AVENUE DE VILLIERS,M,48.88251832055606,2.882524939618801
201800053945,NonLethal,2018-11-21,04:25:00,NightNoStreetLight,750,117,Yes,T-type,Normal,Other,AVENUE DE SAINT OUEN,M,48.895473917867314,2.894628487459133
201800053946,NonLethal,2018-11-21,12:30:00,Daylight,750,117,Yes,Y-type,Normal,2Vehicles-Side,AVENUE DE VILLIERS,M,48.88441635086309,2.884597777620337
201800053947,NonLethal,2018-11-22,06:50:00,NightStreelightsOn,750,117,Yes,X-type,Normal,3+Vehicles-Multiple,PLACE DU GENERAL KOENIG,M,48.880562523216696,2.881103745148479
201800053948,NonLethal,2018-11-22,19:25:00,NightStreelightsOn,750,117,Yes,T-type,LightRain,Other,AVENUE DE CLICHY,M,,
201800053949,NonLethal,2018-11-23,11:30:00,Daylight,750,117,Yes,T-type,Normal,Other,BOULEVARD MALESHERBES,M,48.88581819403094,2.885840886478137
201800053950,NonLethal,2018-11-23,14:10:00,Daylight,750,117,Yes,Square,Normal,Other,PLACE SAINT FERDINAND,M,48.87812717638521,2.8774098208343197
201800053951,NonLethal,2018-11-23,20:25:00,NightStreelightsOn,750,117,Yes,NoIntersection,HeavyRain,NoCollision,RUE DE COURCELLES,M,48.88367381075449,2.883150868498239
201800053952,NonLethal,2018-11-24,08:35:00,Daylight,750,117,Yes,NoIntersection,Overcast,NoCollision,BOULEVARD DE DOUAUMONT,M,,
201800053953,NonLethal,2018-11-26,07:40:00,TwilightOrDawn,750,117,Yes,X-type,LightRain,Other,RUE DE COURCELLES,M,48.88789105303921,2.8895976485025443
201800053954,NonLethal,2018-11-26,09:15:00,Daylight,750,117,Yes,X-type,LightRain,Other,BOULEVARD BERTHIER,M,48.89340548951335,2.893893813746948
201800053955,NonLethal,2018-11-26,13:20:00,Daylight,750,117,Yes,T-type,Normal,Other,AVENUE DE SAINT OUEN,M,,
201800053956,NonLethal,2018-11-26,14:50:00,Daylight,750,117,Yes,NoIntersection,LightRain,3+Vehicles-Chain,AVENUE DE VILLIERS,M,48.88380654013115,2.883673101190212
201800053957,NonLethal,2018-11-27,07:15:00,TwilightOrDawn,750,117,Yes,X-type,Normal,Other,AVENUE DE CLICHY,M,,
201800053960,NonLethal,2018-02-12,19:00:00,NightStreelightsOn,750,117,Yes,T-type,Normal,3+Vehicles-Chain,AVENUE DE VILLIERS,M,48.88499206747004,2.883893815007275
201800053961,NonLethal,2018-03-12,16:20:00,TwilightOrDawn,750,117,Yes,T-type,LightRain,3+Vehicles-Chain,BOULEVARD DE COURCELLES,M,,
201800053963,NonLethal,2018-12-05,20:15:00,NightStreelightsOn,750,117,Yes,X-type,LightRain,2Vehicles-Behind,BOULEVARD DU FORT DE VAU,M,48.890960011987765,2.8922083364873568
201800053964,NonLethal,2018-08-12,01:50:00,NightStreelightsOn,750,117,Yes,X-type,Normal,2Vehicles-Side,AVENUE DE LA PORTE D ASN,M,,
201800053965,NonLethal,2018-12-08,21:40:00,NightStreelightsOn,750,117,Yes,Square,LightRain,2Vehicles-Side,PLACE GENERAL CATROUX,M,48.88095440067256,2.881562281265732
201800053966,NonLethal,2018-12-11,08:00:00,Daylight,750,117,Yes,T-type,Normal,Other,AVENUE DE CLICHY,M,48.933389619078326,2.9342666805735265
201800053967,NonLethal,2018-12-13,18:45:00,NightStreelightsOn,750,117,Yes,Y-type,Normal,Other,RUE LAUGIER,M,,
201800053968,NonLethal,2018-12-13,20:50:00,NightStreelightsOn,750,117,Yes,X-type,Normal,Other,BOULEVARD DES BATIGNOLLE,M,,
201800053969,NonLethal,2018-12-14,05:55:00,NightStreelightsOn,750,117,Yes,Square,Normal,NoCollision,PLACE DE LA REPUBLIQUE D,M,48.88064630979103,2.8794197898143783
201800053970,NonLethal,2018-12-14,23:50:00,NightStreelightsOn,750,117,Yes,X-type,Normal,Other,RUE POUCHET,M,48.89242850498343,2.8909303878195067
201800053971,NonLethal,2018-12-16,23:35:00,NightStreelightsOn,750,108,Yes,NoIntersection,HeavyRain,2Vehicles-Side,BOULEVARD MALESHERBES,M,,
201800053975,NonLethal,2018-12-19,09:55:00,Daylight,750,117,Yes,Square,Normal,Other,PLACE DE LA REPUBLIQUE D,M,,
201800053976,NonLethal,2018-12-19,12:15:00,Daylight,750,117,Yes,T-type,Normal,Other,AVENUE DE CLICHY,M,,
201800053977,NonLethal,2018-12-20,14:20:00,Daylight,750,117,Yes,Square,Normal,2Vehicles-Side,PLACE GENERAL CATROUX,M,48.88349798099021,2.8839684993561363
201800053978,NonLethal,2018-12-20,15:35:00,Daylight,750,117,Yes,NoIntersection,Normal,NoCollision,SOUTERRAIN CHAMPERRET,M,48.88470364991973,2.8840177816753805
201800053979,NonLethal,2018-12-24,10:30:00,Daylight,750,117,Yes,MoreThan4Branches,Overcast,Other,AVENUE DE WAGRAM,M,,
201800053980,NonLethal,2018-12-27,19:00:00,NightStreelightsOn,750,117,Yes,Square,Normal,2Vehicles-Side,PLACE DE LA PORTE MAILLO,M,48.87799360233297,2.8763409066069325
201800053982,NonLethal,2018-01-04,17:30:00,TwilightOrDawn,750,118,Yes,Y-type,LightRain,Other,"64, BOULEVARD DE CLICHY",M,48.88248229485011,2.885005857904508
201800053983,NonLethal,2018-01-05,17:05:00,TwilightOrDawn,750,118,Yes,Square,LightRain,Other,"86, BOULEVARD DE CLICHY",M,48.88472755952669,2.8828427626374107
201800053984,NonLethal,2018-07-01,18:45:00,NightStreelightsOn,750,118,Yes,MoreThan4Branches,Normal,2Vehicles-Side,"/, BOULEVARD NEY",M,48.898718788811465,2.89954736532822
201800053985,NonLethal,2018-08-01,10:00:00,Daylight,750,118,Yes,T-type,Normal,2Vehicles-Side,"18, RUE JOSEPH DE MAISTR",M,48.88867106639916,2.88521541560063
201800053986,NonLethal,2018-11-01,00:45:00,NightStreelightsOff,750,118,Yes,Square,Normal,Other,PLACE ALBERT KAHN,M,48.89579065418357,2.8960392531049783
201800053987,NonLethal,2018-01-12,01:15:00,NightStreelightsOn,750,118,Yes,NoIntersection,Normal,Other,"51, RUE DU DEPARTEMENT",M,48.88689300328027,2.8863696598878854
201800053988,NonLethal,2018-01-17,13:10:00,Daylight,750,118,Yes,X-type,LightRain,Other,"36, RUE ORDENER",M,48.88957144028138,2.890988085973877
201800053989,NonLethal,2018-01-19,17:15:00,NightStreelightsOn,750,118,Yes,X-type,Normal,Other,"128, BOULEVARD DE CLICHY",M,48.88512301138855,2.8856271800456463
201800053990,NonLethal,2018-01-22,09:40:00,Daylight,750,118,Yes,T-type,LightRain,Other,"166, RUE ORDENER",M,48.89362958736794,2.894195467977952
201800053991,NonLethal,2018-01-22,11:20:00,Daylight,750,118,Yes,T-type,HeavyRain,Other,"98, RUE RIQUET",M,48.89065177189092,2.8913765043883117
201800053992,NonLethal,2018-01-22,21:00:00,NightStreelightsOn,750,118,Yes,T-type,LightRain,2Vehicles-Side,", BOULEVARD BARBES",M,48.88730131141875,2.885622477891901
201800053994,NonLethal,2018-01-27,02:30:00,NightStreelightsOn,750,118,Yes,Square,Normal,Other,"66, BOULEVARD ORNANO",M,48.89736472263283,2.896582774281615
201800053995,NonLethal,2018-01-31,09:20:00,Daylight,750,118,Yes,X-type,Normal,Other,"2, RUE FRANCOEUR",M,48.88967058894279,2.8907798430204723
201800053996,NonLethal,2018-01-31,11:30:00,Daylight,750,118,Yes,MoreThan4Branches,Normal,Other,"37, RUE JOSEPH DE MAISTR",M,48.89378422615104,2.89197244096793
201800053997,NonLethal,2018-02-01,17:05:00,Daylight,750,118,Yes,X-type,Normal,Other,"18, RUE LEIBNIZ",M,48.895832021957,2.8970581074109
201800053998,NonLethal,2018-02-03,00:50:00,NightStreelightsOn,750,118,Yes,NoIntersection,Normal,Other,"163, RUE BELLIARD",M,48.89662368704812,2.8949507218642925
201800053999,NonLethal,2018-02-05,13:00:00,Daylight,750,118,Yes,NoIntersection,SnowOrHail,Other,"38, RUE ORDENER",M,48.89271026393695,2.89129236301307
201800054001,NonLethal,2018-06-02,15:25:00,Daylight,750,118,Yes,T-type,SnowOrHail,Other,"9, RUE ORDENER",M,48.8888432015057,2.8897411702970848
201800054002,NonLethal,2018-07-02,01:30:00,NightStreelightsOn,750,118,Yes,T-type,SnowOrHail,Other,RUE CAULAINCOURT,M,48.89117109238854,2.890653923840633
201800054003,NonLethal,2018-02-10,12:05:00,Daylight,750,118,Yes,NoIntersection,Normal,Other,BOULEVARD PERIPHERIQUE E,M,48.90017033650002,2.9000786328069967
201800054005,NonLethal,2018-10-02,15:05:00,Daylight,750,118,Yes,X-type,Normal,Other,"45, RUE DU DOCTEUR BABIN",M,48.90229885532364,2.901453096551559
201800054006,NonLethal,2018-02-10,22:10:00,NightStreelightsOn,750,118,Yes,T-type,LightRain,2Vehicles-Side,"12, RUE LEPIC",M,48.884902415049616,2.885927856528168
201800054007,NonLethal,2018-10-02,23:20:00,NightStreelightsOn,750,118,Yes,X-type,LightRain,Other,"2, AVENUE DE LA PORTE DE",M,48.8986599279533,2.8973111139553147
201800054008,NonLethal,2018-12-02,08:35:00,Daylight,750,118,Yes,NoIntersection,Normal,NoCollision,"19, RUE ORDENER",M,48.89077275817403,2.889428480755828
201800054009,NonLethal,2018-02-13,22:25:00,NightStreelightsOn,750,118,Yes,X-type,LightRain,Other,"73, BOULEVARD BARBES",M,48.88972585711056,2.893020509023403
201800054010,NonLethal,2018-02-14,10:00:00,Daylight,750,118,Yes,Square,Normal,Other,"66, BOULEVARD ORNANO",M,48.89554306285028,2.8939506209135777
201800054011,NonLethal,2018-02-14,11:00:00,Daylight,750,118,Yes,X-type,Overcast,2Vehicles-Side,"16, RUE HENRI HUCHARD",M,48.89998488268763,2.8981045209960925
201800054013,NonLethal,2018-02-15,09:00:00,Daylight,750,118,Yes,X-type,LightRain,2Vehicles-Side,AVENUE DE LA PORTE D AUB,M,48.89732894430127,2.898774165713076
201800054014,NonLethal,2018-02-16,07:13:00,TwilightOrDawn,750,118,Yes,X-type,Normal,Other,RUE MULLER,M,48.88659036112773,2.8858484796546167
201800054015,NonLethal,2018-02-16,12:10:00,Daylight,750,118,Yes,X-type,Normal,Other,"69, RUE DE LA CHAPELLE",M,48.89740451410437,2.900394628944766
201800054016,NonLethal,2018-02-16,20:20:00,NightStreelightsOn,750,118,Yes,Square,Normal,2Vehicles-Side,"82, BOULEVARD DE CLICHY",M,48.88307432646769,2.883915071572436
201800054017,NonLethal,2018-02-18,06:10:00,NightStreelightsOn,750,118,Yes,NoIntersection,Normal,3+Vehicles-Multiple,"22, RUE DE LA CHAPELLE",M,48.89086383291757,2.8915940949131618
201800054018,NonLethal,2018-02-19,11:30:00,Daylight,750,118,Yes,X-type,LightRain,2Vehicles-Side,AVENUE DE LA PORTE DE CL,M,48.89922773869261,2.8988692207557056
201800054019,NonLethal,2018-02-19,18:25:00,NightStreelightsOn,750,118,Yes,X-type,Normal,Other,"55, RUE ORDENER",M,48.891058927759694,2.8899705196339256
201800054020,NonLethal,2018-02-20,20:50:00,NightNoStreetLight,750,118,Yes,X-type,LightRain,Other,"30, AVENUE DE LA PORTE D",M,48.89832647511681,2.8991658356930943
201800054021,NonLethal,2018-02-21,12:33:00,Daylight,750,118,Yes,NoIntersection,Normal,Other,"43, RUE CAULAINCOURT",M,48.89015983369551,2.888508298351858
201800054022,NonLethal,2018-02-22,09:30:00,Daylight,750,118,Yes,NoIntersection,Normal,2Vehicles-Side,"92, BOULEVARD NEY",M,48.89844369974793,2.898292448434848
201800054023,NonLethal,2018-02-28,08:10:00,Daylight,750,118,Yes,X-type,Normal,NoCollision,"100, RUE LEIBNIZ",M,48.89713560628905,2.894998735097642
201800054024,NonLethal,2018-03-03,19:45:00,NightStreelightsOn,750,118,Yes,T-type,Normal,NoCollision,"82, BOULEVARD DE LA CHAP",M,48.88439249725611,2.884519719432652
201800054025,NonLethal,2018-03-04,10:10:00,Daylight,750,118,Yes,T-type,LightRain,2Vehicles-Side,"1, IMPASSE MARTEAU",M,48.90100758653659,2.9023067349548706
201800054026,NonLethal,2018-03-04,15:40:00,Daylight,750,118,Yes,X-type,LightRain,Other,"32, BOULEVARD DE LA CHAP",M,48.88367998291404,2.885265284206735
201800054027,NonLethal,2018-03-05,08:00:00,Daylight,750,118,Yes,X-type,Normal,Other,RUE RENE BINET,M,48.89817091563788,2.897654628981029
201800054028,NonLethal,2018-07-03,12:55:00,Daylight,750,118,Yes,NoIntersection,LightRain,2Vehicles-Behind,BOULEVARD PERIPHERIQUE,M,48.89968973046601,2.9014550315494767
201800054029,NonLethal,2018-03-09,20:20:00,NightStreelightsOn,750,118,Yes,NoIntersection,LightRain,Other,"30, AVENUE DE LA PORTE D",M,48.900585256390976,2.901422906098313
201800054030,NonLethal,2018-03-10,20:04:00,NightStreelightsOn,750,118,Yes,X-type,Normal,2Vehicles-Side,"2, BOULEVARD DE ROCHECHO",M,48.88320581057058,2.8858591925571093
201800054031,NonLethal,2018-12-03,18:41:00,Daylight,750,118,Yes,MoreThan4Branches,Normal,2Vehicles-Side,BOULEVARD BARBES,M,48.884423357568885,2.8850512892522304
201800054032,NonLethal,2018-03-14,09:00:00,Daylight,750,118,Yes,Y-type,Normal,Other,"64, BOULEVARD DE LA CHAP",M,48.883526123054594,2.8823308240150247
201800054033,NonLethal,2018-03-14,22:45:00,NightStreelightsOn,750,118,Yes,Y-type,Normal,Other,"26, RUE ORDENER",M,48.89076920943525,2.8918493301928003
201800054034,NonLethal,2018-03-15,14:55:00,Daylight,750,118,Yes,NoIntersection,Normal,Other,", RUE MARX DORMOY",M,48.88554830385272,2.88599010585763
201800054035,NonLethal,2018-03-16,07:40:00,Daylight,750,118,Yes,NoIntersection,Normal,2Vehicles-Behind,"3, AVENUE DE LA PORTE D",M,48.89975625309336,2.899660713169914
201800054036,NonLethal,2018-03-17,16:20:00,Daylight,750,118,Yes,T-type,SnowOrHail,2Vehicles-Side,"30, PORTE DE CLIGNANCOUR",M,48.90017835182145,2.8991018151150483
201800054037,NonLethal,2018-03-21,23:15:00,NightStreelightsOn,750,118,Yes,NoIntersection,Normal,Other,"64, RUE JOSEPH DE MAISTR",M,48.89126588279295,2.8888730088874235
201800054038,NonLethal,2018-03-22,12:30:00,Daylight,750,118,Yes,NoIntersection,Normal,Other,"48, RUE MARX DORMOY",M,48.88801108005008,2.88804415746503
201800054039,NonLethal,2018-03-22,13:00:00,Daylight,750,118,Yes,X-type,Normal,Other,RUE DES CLOYS,M,48.89306056468666,2.8943920838051453
201800054040,NonLethal,2018-03-22,20:10:00,NightStreelightsOn,750,119,Yes,NoIntersection,Normal,2Vehicles-Behind,BOULEVARD PERIPHERIQUE I,M,48.9002561043718,2.9008951043123856
201800054042,NonLethal,2018-03-24,20:50:00,NightStreelightsOn,750,118,Yes,NoIntersection,Normal,Other,BOULEVARD PERIPHERIQUE I,M,48.900717669883,2.8996864177756336
201800054044,NonLethal,2018-03-25,20:00:00,TwilightOrDawn,750,118,Yes,MoreThan4Branches,Normal,2Vehicles-Side,"58, RUE CUSTINE",M,48.89062952696721,2.8898479664987238
201800054045,NonLethal,2018-03-27,13:05:00,Daylight,750,118,Yes,X-type,LightRain,Other,AVENUE DE LA PORTE DE SA,M,48.89626478943638,2.899432302904952
201800054046,NonLethal,2018-03-28,11:48:00,Daylight,750,118,Yes,MoreThan4Branches,LightRain,Other,AVENUE DE SAINT OUEN,M,48.88937467933876,2.891916806810731
201800054047,NonLethal,2018-03-28,19:50:00,TwilightOrDawn,750,118,Yes,Y-type,Normal,Other,"15, RUE DE CLIGNANCOURT",M,48.88555195009664,2.885922627583317
201800054049,NonLethal,2018-03-30,13:55:00,Daylight,750,118,Yes,X-type,Normal,Other,"21, AVENUE DE LA PORTE D",M,48.89815454973971,2.903049185218102
201800054050,NonLethal,2018-03-31,20:00:00,TwilightOrDawn,750,118,Yes,NoIntersection,Normal,Other,"50, AVENUE DE LA PORTE D",M,48.901752538735934,2.9015827430534338
201800054051,NonLethal,2018-04-05,14:30:00,Daylight,750,118,Yes,NoIntersection,Normal,Other,BOULEVARD PERIPHERIQUE E,M,48.90092358972205,2.901215969898237
201800054052,NonLethal,2018-05-04,20:00:00,TwilightOrDawn,750,118,Yes,Square,Normal,2Vehicles-Behind,"1, RUE EUGENE SUE",M,48.89120481757341,2.8901614580561565
201800054053,NonLethal,2018-06-04,00:30:00,NightStreelightsOn,750,118,Yes,NoIntersection,Normal,Other,"189, RUE D AUBERVILLIERS",M,48.89760761248134,2.897623230856463
201800054054,NonLethal,2018-06-04,12:20:00,Daylight,750,118,Yes,Y-type,Normal,Other,"43-45, BOULEVARD NEY",M,48.89643373774291,2.8978995090979
201800054055,NonLethal,2018-06-04,19:37:00,Daylight,750,118,Yes,T-type,Normal,2Vehicles-Side,"35, RUE LAMARCK",M,48.88903234197734,2.8897098833158776
201800054056,NonLethal,2018-04-07,05:30:00,NightStreelightsOn,750,118,Yes,Square,Normal,2Vehicles-Behind,RUE DE LA CHAPELLE,M,48.89540626333034,2.894183503549397
201800054058,NonLethal,2018-07-04,15:50:00,TwilightOrDawn,750,118,Yes,Y-type,Normal,2Vehicles-Side,AVENUE DE LA PORTE DES P,M,48.90016970500399,2.897546196488668
201800054059,NonLethal,2018-08-04,11:40:00,Daylight,750,118,Yes,X-type,Normal,2Vehicles-Side,RUE DAMREMONT,M,48.893705713375496,2.894022245875155
201800054060,NonLethal,2018-04-09,18:25:00,Daylight,750,118,Yes,T-type,LightRain,Other,BOULEVARD DE ROCHECHOUAR,M,48.881611692493365,2.883372764065462
201800054061,NonLethal,2018-09-04,18:45:00,Daylight,750,118,Yes,NoIntersection,LightRain,Other,"72, BOULEVARD NEY",M,48.89823379124768,2.898491929976588
201800054062,NonLethal,2018-04-10,14:40:00,Daylight,750,118,Yes,NoIntersection,Normal,2Vehicles-Side,"12O, BOULEVARD DE ROCHEC",M,48.88040968487267,2.8831916248014884
201800054063,NonLethal,2018-11-04,12:55:00,Daylight,750,118,Yes,NoIntersection,Normal,2Vehicles-Side,AVENUE DE LA PORTE DE CL,M,48.89743430166792,2.8989546432999957
201800054064,NonLethal,2018-04-12,13:50:00,Daylight,750,119,Yes,T-type,Normal,2Vehicles-Side,"213, AVENUE JEAN JAURES",M,48.89035297145976,2.889934016104356
201800054065,NonLethal,2018-12-04,16:00:00,Daylight,750,118,Yes,T-type,LightRain,Other,"122, AVENUE DE SAINT OUE",M,48.89423606512795,2.89443674976777
201800054066,NonLethal,2018-12-04,17:10:00,Daylight,750,118,Yes,X-type,LightRain,Other,"65, RUE MYRHA",M,48.88727724694041,2.885523750370009
201800054067,NonLethal,2018-04-12,16:50:00,Daylight,750,118,Yes,T-type,LightRain,2Vehicles-Side,"153, RUE DES POISSONNIER",M,48.89583891062449,2.8967375347120057
201800054068,NonLethal,2018-04-12,19:47:00,TwilightOrDawn,750,118,Yes,MoreThan4Branches,Normal,Other,"96, RUE DU POTEAU",M,48.89592246990433,2.897741659640859
201800054069,NonLethal,2018-04-13,08:00:00,Daylight,750,118,Yes,Square,Normal,2Vehicles-Side,"63, RUE RAMEY",M,48.89097826538971,2.888752532652384
201800054072,NonLethal,2018-04-14,17:05:00,Daylight,750,118,Yes,Y-type,Normal,Other,"136, RUE LAMARCK",M,48.89129228044165,2.890719934685966
201800054073,NonLethal,2018-04-14,19:40:00,TwilightOrDawn,750,118,Yes,T-type,LightRain,Other,"15, RUE TOURLAQUE",M,48.8868805437754,2.8870520322612188
201800054074,NonLethal,2018-04-14,05:30:00,NightStreelightsOn,750,118,Yes,X-type,Normal,Other,RUE ORDENER,M,48.89168174453843,2.8920983772902518
201800054075,NonLethal,2018-04-18,20:50:00,NightStreelightsOn,750,118,Yes,NoIntersection,Normal,Other,"96, BOULEVARD DE CLICHY",M,48.88493874820079,2.88341382511074
201800054076,NonLethal,2018-04-19,17:05:00,Daylight,750,118,Yes,NoIntersection,Normal,2Vehicles-Side,"65, BOULEVARD NEY",M,48.89830641970095,2.8968360879122352
201800054077,NonLethal,2018-04-21,18:53:00,Daylight,750,109,Yes,X-type,Normal,Other,"41, BOULEVARD DE ROCHECH",M,48.88384705623528,2.881538477922956
201800054078,NonLethal,2018-04-22,10:45:00,Daylight,750,118,Yes,T-type,Normal,2Vehicles-Behind,"110, BOULEVARD DE ROCHEC",M,48.88288265091833,2.8805972850771595
201800054079,NonLethal,2018-04-24,08:20:00,Daylight,750,118,Yes,X-type,Normal,2Vehicles-Side,"22, RUE DES ROSES",M,48.89264883122485,2.892952110814479
201800054080,NonLethal,2018-04-27,10:45:00,Daylight,750,118,Yes,X-type,Normal,Other,"1, PLACE DE LA CHAPELLE",M,48.8852715043986,2.8852124861694906
201800054081,NonLethal,2018-04-27,12:15:00,Daylight,750,118,Yes,NoIntersection,Normal,2Vehicles-Behind,"3, RUE CAULAINCOURT",M,48.88536218626964,2.886469347409204
201800054082,NonLethal,2018-04-28,12:25:00,Daylight,750,118,Yes,MoreThan4Branches,Normal,Other,"35, BOULEVARD BARBES",M,48.88540587349771,2.887457716814517
201800054083,NonLethal,2018-04-28,14:35:00,Daylight,750,118,Yes,T-type,Normal,2Vehicles-Side,"63, RUE DE LA CHAPELLE",M,48.89540086094503,2.895717745144714
201800054084,NonLethal,2018-04-28,17:35:00,Daylight,750,118,Yes,X-type,Normal,2Vehicles-Side,RUE DES POISSONNIERS,M,48.89999756096259,2.898561660993212
201800054085,NonLethal,2018-01-05,23:00:00,NightStreelightsOn,750,118,Yes,X-type,Normal,2Vehicles-Behind,"100, RUE DE LA CHAPELLE",M,48.89728128791914,2.898525350486896
201800054086,NonLethal,2018-05-04,14:15:00,Daylight,750,118,Yes,X-type,Normal,NoCollision,PORTE DE LA CHAPELLE,M,48.90081236133766,2.899016042498785
201800054088,NonLethal,2018-06-05,19:05:00,Daylight,750,118,Yes,X-type,Normal,Other,", RUE CAVE",M,48.88792980356142,2.88628755708554
201800054089,NonLethal,2018-07-05,09:30:00,Daylight,750,118,Yes,NoIntersection,Normal,Other,"32, BOULEVARD BARBES",M,48.8849545171423,2.8876226449486984
201800054090,NonLethal,2018-05-07,17:36:00,Daylight,750,118,Yes,NoIntersection,Normal,2Vehicles-Side,"61, RUE DE L EVANGILE",M,48.895261204642495,2.895780587240277
201800054091,NonLethal,2018-08-05,16:00:00,Daylight,750,118,Yes,X-type,Normal,Other,"106, BOULEVARD NEY",M,48.89657827854922,2.8982923070037265
201800054093,NonLethal,2018-12-05,14:40:00,Daylight,750,118,Yes,X-type,Normal,2Vehicles-Side,"30, AVENUE DE LA PORTE D",M,48.90021305946584,2.90096154774232
201800054094,NonLethal,2018-05-14,00:15:00,NightStreelightsOn,750,118,Yes,NoIntersection,LightRain,Other,"54, AVENUE DE CLICHY",M,48.88568387074076,2.886624400650905
201800054095,NonLethal,2018-05-16,12:20:00,Daylight,750,118,Yes,T-type,Normal,2Vehicles-Side,BOULEVARD DE LA CHAPELLE,M,48.88436720287331,2.8831835874380056
201800054096,NonLethal,2018-05-16,17:55:00,Daylight,750,118,Yes,T-type,Normal,Other,"9, RUE ORDENER",M,48.89033128740939,2.8918340460682863
201800054097,NonLethal,2018-05-17,15:45:00,Daylight,750,118,Yes,X-type,Normal,Other,"34, RUE MARX DORMOY",M,48.88683517465202,2.887644657081341
201800054098,NonLethal,2018-05-18,05:40:00,TwilightOrDawn,750,118,Yes,Y-type,Normal,2Vehicles-Behind,"12, RUE DE LA CHAPELLE",M,48.89214658751644,2.892128079715344
201800054099,NonLethal,2018-05-18,08:45:00,Daylight,750,118,Yes,NoIntersection,Normal,2Vehicles-Side,"34, RUE CAULAINCOURT",M,48.88620124453144,2.889821788320548
201800054100,NonLethal,2018-05-18,13:55:00,Daylight,750,118,Yes,MoreThan4Branches,Normal,Other,"50, RUE ORDENER",M,48.891897470103984,2.8912142033451587
201800054101,NonLethal,2018-05-20,13:45:00,Daylight,750,118,Yes,MoreThan4Branches,Normal,2Vehicles-Side,AVENUE DE LA PORTE DE MO,M,48.89819160560664,2.8998433992115853
201800054103,NonLethal,2018-05-22,00:45:00,NightStreelightsOn,750,118,Yes,Square,Normal,Other,"/, PORTE DE LA CHAPELLE",M,48.89798668252305,2.8988810508316267
201800054104,NonLethal,2018-05-22,16:35:00,Daylight,750,118,Yes,X-type,HeavyRain,Other,"21, RUE HERMEL",M,48.89064465254435,2.890458941474125
201800054105,NonLethal,2018-05-22,17:00:00,Daylight,750,118,Yes,T-type,HeavyRain,Other,"67, RUE RIQUET",M,48.88965798240587,2.8910620951053057
201800054106,NonLethal,2018-05-23,15:25:00,Daylight,750,118,Yes,X-type,Normal,Other,PORTE DE MONTMARTRE,M,48.898542070498245,2.898848041923023
201800054108,NonLethal,2018-05-26,11:15:00,Daylight,750,118,Yes,T-type,Normal,2Vehicles-Side,"133, RUE ORDENER",M,48.89262897982774,2.894254995620217
201800054109,NonLethal,2018-05-29,10:10:00,Daylight,750,118,Yes,X-type,Overcast,2Vehicles-Behind,"93, RUE DE LA CHAPELLE",M,48.89742839395048,2.897221279222077
201800054110,NonLethal,2018-01-06,18:50:00,Daylight,750,119,Yes,NoIntersection,Overcast,Other,"204, RUE D AUBERVILLIERS",M,48.89642552636632,2.896028636212729
201800054111,NonLethal,2018-02-06,15:40:00,Daylight,750,118,Yes,NoIntersection,Normal,2Vehicles-Behind,"93, RUE DE LA CHAPELLE",M,48.8978913678725,2.8964964581384645
201800054112,NonLethal,2018-06-02,16:30:00,Daylight,750,118,Yes,NoIntersection,Normal,3+Vehicles-Chain,"215, AVENUE DE LA PORTE",M,48.89936595797175,2.9019537807112017
201800054113,NonLethal,2018-04-06,22:00:00,TwilightOrDawn,750,118,Yes,X-type,Normal,2Vehicles-Side,"102, RUE DAMREMONT",M,48.89494941689728,2.8946770218568947
201800054114,NonLethal,2018-06-06,17:04:00,Daylight,750,118,Yes,T-type,LightRain,Other,"26, BOULEVARD NEY",M,48.90004505548926,2.898697528120025
201800054115,NonLethal,2018-06-06,17:10:00,Daylight,750,118,Yes,T-type,LightRain,2Vehicles-Side,"14, RUE DES POISSONNIERS",M,48.88697836711038,2.8856386430401644
201800054116,NonLethal,2018-06-08,17:50:00,Daylight,750,118,Yes,T-type,Normal,Other,"04, IMPASSE DE LA CHAPEL",M,48.89221090957811,2.893902506952474
201800054117,NonLethal,2018-10-06,22:55:00,NightStreelightsOn,750,118,Yes,T-type,Normal,Other,RUE MARX DORMOY,M,48.88928198394173,2.889187656894876
201800054118,NonLethal,2018-06-11,08:48:00,Daylight,750,118,Yes,Square,LightRain,2Vehicles-Side,"0, BOULEVARD DE LA CHAPE",M,48.8853352418414,2.883670124589666
201800054119,NonLethal,2018-06-11,12:10:00,Daylight,750,118,Yes,NoIntersection,LightRain,Other,"94, RUE JEAN HENRI FABRE",M,48.89981997315816,2.9008766291316714
201800054120,NonLethal,2018-06-13,08:15:00,Daylight,750,118,Yes,X-type,Normal,Other,"215, RUE D AUBERVILLIERS",M,48.8990410546651,2.897049361371724