AccidentId,Gravity,Date,Hour,Light,Department,Commune,InAgglomeration,IntersectionType,Weather,CollisionType,PostalAddress,GPSCode,Latitude,Longitude
201800054121,NonLethal,2018-06-13,17:20:00,Daylight,750,118,Yes,Square,Overcast,Other,"72, BOULEVARD DE ROCHECH",M,48.88349298582979,2.8827053917285888
201800054122,NonLethal,2018-06-15,09:20:00,Daylight,750,118,Yes,MoreThan4Branches,Normal,Other,"96, BOULEVARD BARBES",M,48.89177413549067,2.8913144733819784
201800054124,NonLethal,2018-06-15,19:40:00,Daylight,750,118,Yes,X-type,Normal,2Vehicles-Behind,"84, RUE DU POTEAU",M,48.897332223323644,2.896208274289892
201800054125,NonLethal,2018-06-16,14:20:00,Daylight,750,118,Yes,MoreThan4Branches,Normal,2Vehicles-Side,"37, BOULEVARD NEY",M,48.89850957585565,2.89799553848401
201800054127,NonLethal,2018-06-19,19:30:00,Daylight,750,118,Yes,T-type,Normal,2Vehicles-Side,RUE ORDENER,M,48.88964479121381,2.8904034268944123
201800054128,NonLethal,2018-06-19,13:10:00,Daylight,750,118,Yes,NoIntersection,Normal,2Vehicles-Side,"189, RUE D AUBERVILLIERS",M,48.89551240184659,2.896434259561525
201800054129,NonLethal,2018-06-20,13:40:00,Daylight,750,118,Yes,T-type,Normal,Other,"12, RUE DE TORCY",M,48.89299074340534,2.8936456208329333
201800054130,NonLethal,2018-06-22,02:50:00,NightStreelightsOn,750,118,Yes,X-type,Normal,Other,"106, RUE MARCADET",M,48.89061416254015,2.8906617380245034
201800054131,NonLethal,2018-06-22,14:00:00,Daylight,750,118,Yes,X-type,Normal,2Vehicles-Side,"97, AVENUE DE LA PORTE D",M,48.897809961269175,2.897977759931152
201800054132,NonLethal,2018-06-22,17:00:00,Daylight,750,118,Yes,NoIntersection,Normal,Other,AVENUE DE LA PORTE DE LA,M,48.90140544122922,2.900403497124425
201800054133,NonLethal,2018-06-26,08:55:00,Daylight,750,118,Yes,T-type,Normal,2Vehicles-Side,"3, BOULEVARD BARBES",M,48.88530207912107,2.8842368481700107
201800054134,NonLethal,2018-06-26,13:10:00,Daylight,750,118,Yes,NoIntersection,Normal,Other,"52, BOULEVARD NEY",M,48.89780744130404,2.8978430630715883
201800054135,NonLethal,2018-06-27,16:30:00,Daylight,750,118,Yes,T-type,Normal,2Vehicles-Side,BOULEVARD NEY,M,48.89623802318304,2.8979596487145307
201800054137,NonLethal,2018-06-28,22:45:00,NightStreelightsOn,750,118,Yes,NoIntersection,Normal,3+Vehicles-Multiple,"29, RUE ORDENER",M,48.89241787154849,2.891057196962618
201800054138,NonLethal,2018-06-29,13:05:00,Daylight,750,118,Yes,Y-type,Normal,Other,"62, RUE LEIBNIZ",M,48.89657568596136,2.896583316460324
201800054139,NonLethal,2018-06-29,17:50:00,Daylight,750,118,Yes,T-type,Normal,2Vehicles-Side,"18, RUE DE CLIGNANCOURT",M,48.88507048676183,2.888152792170312
201800054140,NonLethal,2018-06-30,00:13:00,NightStreelightsOn,750,118,Yes,NoIntersection,Normal,NoCollision,"10, RUE DE CLIGNANCOURT",M,48.8828705499649,2.8847523085185425
201800054141,NonLethal,2018-06-30,13:30:00,Daylight,750,118,Yes,NoIntersection,Normal,Other,"89, AVENUE DE SAINT OUEN",M,48.8924701462812,2.8954461860090634
201800054143,NonLethal,2018-07-02,16:30:00,Daylight,750,118,Yes,T-type,Normal,2Vehicles-Side,"66, RUE MARX DORMOY",M,48.88925731891511,2.8899181254212136
201800054144,NonLethal,2018-02-07,20:18:00,Daylight,750,118,Yes,X-type,Normal,3+Vehicles-Multiple,AVENUE DE LA PORTE DE LA,M,48.89837025677292,2.898876152414513
201800054145,NonLethal,2018-07-02,21:56:00,NightStreelightsOn,750,118,Yes,X-type,Normal,2Vehicles-Side,PLACE DE LA CHAPELLE,M,48.88582178847657,2.884224143816201
201800054148,NonLethal,2018-04-07,02:10:00,NightStreelightsOn,750,118,Yes,NoIntersection,Normal,2Vehicles-BehindVehicles-Frontal,"50, AVENUE DE LA PORTE D",M,48.90009298078795,2.9009749941686747
201800054149,NonLethal,2018-07-04,13:30:00,Daylight,750,118,Yes,NoIntersection,Normal,Other,"17, RUE DE L EVANGILE",M,48.89149485125753,2.8925817045281206
201800054150,NonLethal,2018-04-07,15:45:00,Daylight,750,118,Yes,NoIntersection,Normal,Other,"57, BOULEVARD NEY",M,48.89933007337646,2.898942816665788
201800054151,NonLethal,2018-07-05,10:15:00,Daylight,750,118,Yes,X-type,Overcast,2Vehicles-Side,BOULEVARD DE LA CHAPELLE,M,48.88453915474118,2.8851200878717824
201800054152,NonLethal,2018-07-05,09:45:00,Daylight,750,118,Yes,T-type,Normal,2Vehicles-Side,"51, RUE MARX DORMOY",M,48.88909840837521,2.889248522626177
201800054153,NonLethal,2018-05-07,15:10:00,Daylight,750,118,Yes,NoIntersection,Normal,Other,"46, RUE MARX DORMOY",M,48.88691071017281,2.886184967651636
201800054155,NonLethal,2018-07-09,17:00:00,Daylight,750,118,Yes,NoIntersection,Normal,Other,"4, RUE BOUCRY",M,48.89503556757898,2.8936561233300497
201800054156,NonLethal,2018-10-07,18:25:00,Daylight,750,118,Yes,NoIntersection,Normal,2Vehicles-Behind,"40, RUE STEPHENSON",M,48.887879368202285,2.8878681167524123
201800054157,NonLethal,2018-07-10,19:40:00,Daylight,750,118,Yes,NoIntersection,Normal,Other,BOULEVARD PERIPHERIQUE E,M,48.901080053708135,2.901336895535579
201800054158,NonLethal,2018-11-07,20:10:00,Daylight,750,118,Yes,T-type,Normal,2Vehicles-Behind,"117, RUE ORDENER",M,48.89323118608738,2.89507316070226
201800054159,NonLethal,2018-07-13,14:36:00,Daylight,750,118,Yes,NoIntersection,Normal,Other,"l30, BOULEVARD DE CLICHY",M,48.88579117274706,2.884077140624512
201800054160,NonLethal,2018-07-14,13:15:00,Daylight,750,118,Yes,T-type,Normal,2Vehicles-Side,"36, RUE MARX DORMOY",M,48.88730106095551,2.886221734731536
201800054161,NonLethal,2018-07-16,03:35:00,NightStreelightsOn,750,118,Yes,X-type,Normal,Other,"9, BOULEVARD ORNANO",M,48.89430496037608,2.894276871105232
201800054162,NonLethal,2018-07-18,00:50:00,NightStreelightsOn,750,118,Yes,NoIntersection,Normal,Other,BOULEVARD NEY,M,48.89032506344351,2.8897921173654524
201800054163,NonLethal,2018-07-19,20:45:00,TwilightOrDawn,750,118,Yes,NoIntersection,Normal,Other,BOULEVARD NEY,M,48.89995486538405,2.898851055635712
201800054164,NonLethal,2018-07-24,05:48:00,NightStreelightsOn,750,118,Yes,MoreThan4Branches,Normal,Other,BOULEVARD DE CLICHY,M,48.8849052380749,2.885184029372088
201800054165,NonLethal,2018-07-24,10:00:00,Daylight,750,118,Yes,NoIntersection,Normal,Other,RUE MARX DORMOY,M,48.88609078821624,2.8843512669959237
201800054166,NonLethal,2018-07-25,21:20:00,Daylight,750,118,Yes,NoIntersection,Normal,Other,AVENUE DE LA PORTE DE MO,M,,
201800054167,NonLethal,2018-07-26,12:05:00,Daylight,750,118,Yes,X-type,Normal,3+Vehicles-Multiple,BOULEVARD NEY,M,48.888952248621365,2.8904003839151087
201800054168,NonLethal,2018-07-28,14:45:00,Daylight,750,118,Yes,Square,Normal,2Vehicles-Behind,PORTE DE LA CHAPELLE,M,48.897379541432784,2.897959487455968
201800054169,NonLethal,2018-07-29,05:50:00,TwilightOrDawn,750,117,Yes,NoIntersection,Normal,3+Vehicles-Chain,AVENUE DE CLICHY,M,48.88765695403125,2.8873301893573338
201800054170,NonLethal,2018-07-30,14:57:00,Daylight,750,118,Yes,X-type,Normal,2Vehicles-Side,AVENUE DE LA PORTE DE CL,M,48.90069580886093,2.899458121363601
201800054171,NonLethal,2018-07-30,20:40:00,TwilightOrDawn,750,118,Yes,Y-type,Normal,Other,RUE LEIBNIZ,M,48.89713559506787,2.899893616993986
201800054173,NonLethal,2018-08-02,13:00:00,Daylight,750,118,Yes,Y-type,Normal,2Vehicles-Behind,RUE DE L EVANGILE,M,48.89423240850081,2.8955577618224617
201800054174,NonLethal,2018-03-08,08:00:00,Daylight,750,118,Yes,NoIntersection,Normal,2Vehicles-Behind,RUE DE LA CHAPELLE,M,48.89077030473236,2.8904646958898934
201800054175,NonLethal,2018-08-04,12:40:00,Daylight,750,118,No,Y-type,Normal,2Vehicles-Behind,BOULEVARD PERIPHERIQUE E,M,48.90033696249685,2.900412229644928
201800054176,NonLethal,2018-08-05,22:15:00,NightStreelightsOff,750,118,Yes,X-type,Normal,Other,AVENUE DE LA PORTE DE LA,M,48.900758312871744,2.8996735588897398
201800054177,NonLethal,2018-07-08,21:55:00,NightStreelightsOn,750,118,Yes,Y-type,Overcast,2Vehicles-Side,BOULEVARD NEY,M,48.89856529998269,2.899562580123922
201800054178,NonLethal,2018-08-08,16:29:00,Daylight,750,118,Yes,Square,Normal,2Vehicles-BehindVehicles-Frontal,PLACE DE LA CHAPELLE,M,48.87804656580554,2.8814963886531464
201800054179,NonLethal,2018-08-09,23:00:00,NightStreelightsOn,750,118,Yes,X-type,Normal,2Vehicles-Behind,RUE MARX DORMOY,M,48.88691114348899,2.884652794854184
201800054180,NonLethal,2018-08-14,09:25:00,Daylight,750,118,Yes,X-type,Normal,2Vehicles-Side,RUE CAULAINCOURT,M,48.884052119393296,2.8853157272500045
201800054182,NonLethal,2018-08-18,16:30:00,Daylight,750,118,Yes,X-type,Normal,Other,RUE ORDENER,M,48.86720434436999,2.867020365897637
201800054183,NonLethal,2018-08-20,13:20:00,Daylight,750,118,Yes,MoreThan4Branches,Normal,Other,RUE DOUDEAUVILLE,M,48.88685772973725,2.8870314688388543
201800054184,NonLethal,2018-08-21,14:17:00,Daylight,750,118,Yes,Square,Normal,2Vehicles-Side,BOULEVARD ORNANO,M,,
201800054185,NonLethal,2018-08-27,14:17:00,Daylight,750,118,Yes,X-type,Normal,Other,RUE ORDENER,M,48.89161328733428,2.892108120095006
201800054186,NonLethal,2018-08-27,15:40:00,Daylight,750,118,Yes,NoIntersection,Normal,Other,RUE BELLIARD,M,,
201800054187,NonLethal,2018-08-28,09:40:00,Daylight,750,118,Yes,T-type,Normal,2Vehicles-Side,RUE DU PROFESSEUR GOSSET,M,48.90224278108322,2.900761371421835
201800054189,NonLethal,2018-08-28,18:11:00,Daylight,750,118,Yes,X-type,Normal,2Vehicles-Side,BOULEVARD BARBES,M,48.889537872882485,2.8902030717772544
201800054190,NonLethal,2018-08-31,18:54:00,Daylight,750,118,Yes,X-type,Normal,Other,RUE DOUDEAUVILLE,M,48.88123333432629,2.880134348198648
201800054191,NonLethal,2018-01-09,18:30:00,Daylight,750,118,Yes,X-type,Normal,Other,RUE DE CLIGNANCOURT,M,48.88906965517922,2.8902226847270915
201800054192,NonLethal,2018-02-09,15:26:00,Daylight,750,118,Yes,T-type,Normal,2Vehicles-BehindVehicles-Frontal,RUE STEPHENSON,M,48.888135775892216,2.8879819482919005
201800054193,NonLethal,2018-03-09,16:16:00,Daylight,750,118,Yes,T-type,Normal,Other,RUE DE CLIGNANCOURT,M,48.88529156496324,2.886383749536912
201800054194,NonLethal,2018-09-04,12:45:00,Daylight,750,118,Yes,NoIntersection,Normal,Other,AVENUE DE SAINT OUEN,M,48.88944436555143,2.889949778634441
201800054195,NonLethal,2018-09-04,11:30:00,Daylight,750,118,No,Y-type,LightRain,2Vehicles-Side,AVENUE DE LA PORTE DE LA,M,,
201800054197,NonLethal,2018-09-04,19:05:00,Daylight,750,118,Yes,NoIntersection,Normal,Other,RUE RIQUET,M,,
201800054199,NonLethal,2018-12-09,09:52:00,Daylight,750,118,Yes,T-type,Normal,Other,BOULEVARD ORNANO,M,48.89184849943295,2.892336554008502
201800054200,NonLethal,2018-09-12,10:50:00,Daylight,750,118,Yes,T-type,Normal,Other,RUE DE LA FONTAINE DU BU,M,48.88963970109829,2.8909133552291086
201800054201,NonLethal,2018-09-12,16:50:00,Daylight,750,118,Yes,NoIntersection,Normal,Other,BOULEVARD NEY,M,48.898919550329005,2.897696711041264
201800054203,NonLethal,2018-09-14,14:55:00,Daylight,750,118,Yes,NoIntersection,Normal,2Vehicles-Side,RUE DE LA CHAPELLE,M,48.896200324693,2.8952212517911406
201800054204,NonLethal,2018-09-14,19:15:00,TwilightOrDawn,750,118,Yes,NoIntersection,Normal,Other,RUE RIQUET,M,48.89040770167338,2.8909330835286537
201800054205,NonLethal,2018-09-15,18:45:00,Daylight,750,118,Yes,T-type,Normal,2Vehicles-Side,RUE D AUBERVILLIERS,M,,
201800054206,NonLethal,2018-09-15,18:00:00,Daylight,750,118,Yes,X-type,Normal,Other,RUE LETORT,M,48.89585791857566,2.897210933700778
201800054207,NonLethal,2018-09-16,05:48:00,NightStreelightsOn,750,118,Yes,X-type,Normal,Other,AVENUE DE LA PORTE D AUB,M,48.89787959110274,2.89987139386996
201800054208,NonLethal,2018-09-17,07:55:00,TwilightOrDawn,750,118,Yes,X-type,Normal,2Vehicles-Side,AVENUE DE LA PORTE DE CL,M,48.897633206485125,2.8985126468981446
201800054209,NonLethal,2018-09-20,12:04:00,Daylight,750,118,Yes,T-type,Normal,Other,RUE DE LA GOUTTE D OR,M,48.88692737717688,2.8874300656594265
201800054210,NonLethal,2018-09-21,15:55:00,Daylight,750,118,Yes,X-type,Normal,2Vehicles-Side,AVENUE DE LA PORTE DE SA,M,48.89672327278785,2.897416128299921
201800054212,NonLethal,2018-09-22,16:25:00,Daylight,750,118,Yes,X-type,Normal,NoCollision,BOULEVARD ORNANO,M,48.89217716704849,2.893307343167975
201800054213,NonLethal,2018-09-23,14:40:00,Daylight,750,118,Yes,X-type,HeavyRain,2Vehicles-Side,RUE HERMEL,M,48.88886330755799,2.8900270494306253
201800054215,NonLethal,2018-09-27,10:30:00,Daylight,750,118,Yes,NoIntersection,Normal,Other,AVENUE DE LA PORTE DE CL,M,48.89603151738288,2.8992262124822594
201800054216,NonLethal,2018-09-27,18:00:00,Daylight,750,118,Yes,NoIntersection,Normal,Other,RUE DE LA CHAPELLE,M,48.89026246282042,2.889777842523081
201800054217,NonLethal,2018-09-28,12:20:00,Daylight,750,118,Yes,T-type,Normal,Other,BOULEVARD NEY,M,48.89779281554004,2.8985747327751112
201800054219,NonLethal,2018-09-30,10:40:00,Daylight,750,118,Yes,T-type,Normal,Other,RUE ANDRE DEL SARTE,M,48.880205223814976,2.879812414102501
201800054221,NonLethal,2018-10-06,17:20:00,Daylight,750,118,Yes,NoIntersection,Normal,Other,RUE PIERRE PICARD,M,48.88648764848285,2.8856220200808784
201800054222,NonLethal,2018-06-10,20:45:00,NightStreelightsOn,750,117,Yes,NoIntersection,Normal,Other,AVENUE DE CLICHY,M,48.88413557552391,2.884483689369365
201800054223,NonLethal,2018-08-10,13:45:00,Daylight,750,118,Yes,T-type,Normal,Other,RUE JEAN DOLLFUS,M,48.89815787141842,2.897623511521745
201800054225,NonLethal,2018-08-10,19:00:00,NightStreelightsOn,750,118,Yes,NoIntersection,Normal,Other,RUE ORDENER,M,48.88925060723941,2.889758832463061
201800054226,NonLethal,2018-09-10,15:25:00,Daylight,750,118,Yes,T-type,Normal,Other,AVENUE DE LA PORTE DES P,M,,
201800054227,NonLethal,2018-09-10,16:25:00,Daylight,750,118,Yes,NoIntersection,Normal,Other,RUE DE LA CHAPELLE,M,48.89875745704434,2.89947861929546
201800054228,NonLethal,2018-11-10,10:00:00,Daylight,750,118,Yes,T-type,Normal,2Vehicles-Side,RUE LEPIC,M,48.8849887219256,2.8837512191655
201800054229,NonLethal,2018-11-10,19:15:00,NightStreelightsOff,750,118,Yes,T-type,LightRain,Other,BOULEVARD NEY,M,48.89792985799708,2.8987216538412928
201800054230,NonLethal,2018-10-15,17:10:00,Daylight,750,118,Yes,T-type,Normal,2Vehicles-Side,RUE ORDENER,M,48.89360926901566,2.8930516694697443
201800054231,NonLethal,2018-10-17,01:40:00,NightStreelightsOn,750,118,Yes,T-type,Normal,3+Vehicles-Multiple,AVENUE DE CLICHY,M,48.88437615128522,2.88582481189421
201800054232,NonLethal,2018-10-17,18:20:00,Daylight,750,118,Yes,NoIntersection,Normal,Other,RUE GINETTE NEVEU,M,48.89781794481609,2.9003427880434764
201800054233,NonLethal,2018-10-18,01:35:00,NightStreelightsOn,750,118,Yes,X-type,Normal,2Vehicles-Side,BOULEVARD NEY,M,48.89870444597023,2.898353608579234
201800054234,NonLethal,2018-10-19,00:30:00,NightStreelightsOn,750,118,Yes,NoIntersection,Normal,2Vehicles-Side,RUE ORDENER,M,48.8896905324255,2.8898430237101875
201800054236,NonLethal,2018-10-21,02:10:00,NightStreelightsOn,750,118,Yes,NoIntersection,Normal,2Vehicles-Side,RUE DE LA CHAPELLE,M,48.89447913207648,2.893791205909105
201800054238,NonLethal,2018-10-23,01:10:00,NightStreelightsOn,750,118,Yes,X-type,Normal,Other,RUE CAULAINCOURT,M,48.883352585737455,2.8860506560510486
201800054239,NonLethal,2018-10-23,23:25:00,NightStreelightsOn,750,118,Yes,NoIntersection,Normal,Other,AVENUE DE LA PORTE DE LA,M,48.90019992378642,2.8997341959626888
201800054240,NonLethal,2018-10-24,09:20:00,Daylight,750,118,Yes,NoIntersection,Normal,2Vehicles-BehindVehicles-Frontal,BOULEVARD NEY,M,48.88997823539156,2.889875638091738
201800054241,NonLethal,2018-10-25,17:35:00,Daylight,750,118,Yes,Square,VeryGood,Other,PLACE JACQUES FROMENT,M,48.89059696453918,2.8899332132515885
201800054242,NonLethal,2018-10-26,03:20:00,NightStreelightsOn,750,118,Yes,X-type,Normal,2Vehicles-Side,RUE CARPEAUX,M,48.89118365130207,2.891050534579002
201800054244,NonLethal,2018-10-28,01:35:00,NightStreelightsOn,750,118,Yes,T-type,Normal,2Vehicles-Side,BOULEVARD DE LA CHAPELLE,M,,
201800054245,NonLethal,2018-10-28,18:40:00,NightStreelightsOn,750,118,Yes,X-type,Normal,2Vehicles-Side,RUE CHAMPIONNET,M,48.89453029587669,2.89448218261642
201800054247,NonLethal,2018-10-30,14:25:00,Daylight,750,118,Yes,X-type,Normal,2Vehicles-Side,RUE CARPEAUX,M,48.888961157326094,2.888472729733296
201800054250,NonLethal,2018-04-11,11:40:00,Daylight,750,117,Yes,X-type,Normal,Other,AVENUE DE CLICHY,M,48.88011521800798,2.88164574842136
201800054251,NonLethal,2018-05-11,11:50:00,Daylight,750,118,Yes,NoIntersection,Normal,Other,RUE MARX DORMOY,M,48.887481814383385,2.8902098790128843
201800054252,NonLethal,2018-05-11,23:30:00,NightStreelightsOn,750,118,Yes,X-type,Normal,2Vehicles-Side,BOULEVARD NEY,M,48.89770087506234,2.8998015828728945
201800054254,NonLethal,2018-11-07,12:10:00,Daylight,750,118,Yes,Y-type,LightRain,2Vehicles-Behind,BOULEVARD PERIPHERIQUE,M,48.90063248679563,2.8988633037896103
201800054255,NonLethal,2018-11-08,09:00:00,Daylight,750,118,Yes,X-type,Normal,Other,RUE ORDENER,M,48.8946337484883,2.895589792374301
201800054256,NonLethal,2018-08-11,20:40:00,NightStreelightsOn,750,118,Yes,NoIntersection,Normal,Other,RUE DAMREMONT,M,48.88928658107247,2.8886872814457827
201800054257,NonLethal,2018-11-10,16:10:00,Daylight,750,118,Yes,X-type,LightRain,Other,RUE SIMART,M,48.88964111069329,2.892334539328696
201800054258,NonLethal,2018-10-11,18:27:00,NightStreelightsOn,750,118,Yes,NoIntersection,LightRain,2Vehicles-Side,BOULEVARD NEY,M,,
201800054259,NonLethal,2018-11-11,21:40:00,NightStreelightsOn,750,118,Yes,X-type,LightRain,Other,RUE ORDENER,M,48.89379107529335,2.894086729386403
201800054261,NonLethal,2018-11-14,08:10:00,Daylight,750,118,Yes,T-type,Normal,2Vehicles-Side,RUE ORDENER,M,48.89274519306559,2.893704127371786
201800054262,NonLethal,2018-11-14,14:40:00,Daylight,750,118,Yes,NoIntersection,Normal,2Vehicles-Behind,RUE DE LA CHAPELLE,M,48.8959293497114,2.895920032812336
201800054263,NonLethal,2018-11-14,18:00:00,NightStreelightsOn,750,118,Yes,X-type,Normal,2Vehicles-Side,BOULEVARD NEY,M,48.89921674164552,2.89866216457305
201800054264,NonLethal,2018-11-14,20:15:00,NightStreelightsOn,750,118,Yes,NoIntersection,Normal,Other,RUE ORDENER,M,48.89474182147957,2.895911537382529
201800054265,NonLethal,2018-11-16,09:45:00,Daylight,750,118,Yes,Square,Normal,2Vehicles-Side,PLACE HEBERT,M,48.88973508150435,2.891463448843155
201800054267,NonLethal,2018-11-17,05:25:00,NightStreelightsOn,750,110,Yes,X-type,Normal,2Vehicles-Side,RUE PHILIPPE DE GIRARD,M,48.88169921210834,2.87987159679754
201800054268,NonLethal,2018-11-18,22:05:00,NightStreelightsOn,750,118,Yes,Square,Normal,Other,RUE ORDENER,M,,
201800054270,NonLethal,2018-11-19,20:45:00,NightStreelightsOn,750,118,Yes,NoIntersection,LightRain,2Vehicles-Side,RUE MARX DORMOY,M,48.88543057427501,2.886394792981576
201800054271,NonLethal,2018-11-19,22:35:00,NightStreelightsOn,750,118,Yes,T-type,LightRain,2Vehicles-Side,RUE DE LA CHAPELLE,M,,
201800054273,NonLethal,2018-11-20,20:45:00,NightNoStreetLight,750,118,Yes,X-type,LightRain,Other,BOULEVARD NEY,M,,
201800054274,NonLethal,2018-11-21,23:00:00,NightStreelightsOn,750,118,Yes,Square,Normal,2Vehicles-Side,BOULEVARD DE CLICHY,M,48.88311814437354,2.88576410619194
201800054275,NonLethal,2018-11-25,18:22:00,NightStreelightsOn,750,118,Yes,X-type,Normal,2Vehicles-Side,BOULEVARD ORNANO,M,48.89175681724125,2.890933162888897
201800054276,NonLethal,2018-11-27,19:10:00,NightStreelightsOn,750,118,Yes,X-type,LightRain,Other,RUE MARX DORMOY,M,48.888050051723546,2.8874124142565307
201800054277,NonLethal,2018-11-30,20:27:00,NightStreelightsOn,750,118,Yes,NoIntersection,Normal,3+Vehicles-Multiple,BOULEVARD BARBES,M,49.00097248518029,1.999551012263749
201800054278,NonLethal,2018-12-01,16:40:00,TwilightOrDawn,750,118,Yes,T-type,LightRain,Other,RUE ORDENER,M,48.89258414153917,2.8914872392777173
201800054279,NonLethal,2018-04-12,09:45:00,Daylight,750,118,Yes,T-type,Normal,2Vehicles-Side,BOULEVARD NEY,M,48.89781824385076,2.8969234345499557
201800054280,NonLethal,2018-12-04,16:10:00,Daylight,750,118,Yes,Square,Normal,Other,RUE MARX DORMOY,M,48.88564341537904,2.885246595805795
201800054284,NonLethal,2018-07-12,03:55:00,NightStreelightsOn,750,118,Yes,Square,Normal,2Vehicles-Side,BOULEVARD DE CLICHY,M,,
201800054286,NonLethal,2018-12-08,10:30:00,Daylight,750,118,Yes,NoIntersection,LightRain,Other,BOULEVARD ORNANO,M,48.896108762161965,2.8968363441114646
201800054288,NonLethal,2018-11-12,10:30:00,Daylight,750,118,Yes,Y-type,Normal,Other,RUE JEAN HENRI FABRE,M,48.90289921490584,2.9023330548147515
201800054289,NonLethal,2018-11-12,13:07:00,Daylight,750,118,Yes,NoIntersection,Normal,Other,RUE GUSTAVE ROUANET,M,48.88939251861188,2.88960412423692
201800054290,NonLethal,2018-12-13,11:30:00,Daylight,750,118,Yes,T-type,Normal,3+Vehicles-Chain,AVENUE DE SAINT OUEN,M,,
201800054291,NonLethal,2018-12-17,01:55:00,NightNoStreetLight,750,118,No,Y-type,Overcast,Other,AVENUE DE LA PORTE DE LA,M,48.89732419015575,2.9000443142538206
201800054292,NonLethal,2018-12-17,12:20:00,Daylight,750,118,Yes,NoIntersection,Normal,Other,RUE CAULAINCOURT,M,48.88376000421907,2.883919898393786
201800054293,NonLethal,2018-12-18,22:35:00,NightStreelightsOn,750,118,Yes,X-type,HeavyRain,Other,BOULEVARD BARBES,M,,
201800054295,NonLethal,2018-12-20,11:40:00,Daylight,750,118,Yes,NoIntersection,Normal,2Vehicles-Side,RUE DE LA CHAPELLE,M,48.89675823320764,2.89692628071856
201800054297,NonLethal,2018-12-21,08:45:00,Daylight,750,118,Yes,X-type,LightRain,2Vehicles-Side,RUE D ORSEL,M,48.88391180180661,2.882335213482893
201800054299,NonLethal,2018-12-22,06:45:00,NightStreelightsOn,750,118,Yes,X-type,Normal,Other,RUE MARX DORMOY,M,48.88936931346832,2.8905546802676203
201800054300,NonLethal,2018-12-25,19:15:00,NightStreelightsOn,750,118,Yes,X-type,Normal,2Vehicles-Side,RUE CHAMPIONNET,M,48.89549143145733,2.8969553154231598
201800054301,NonLethal,2018-12-28,20:30:00,NightStreelightsOn,750,118,Yes,Y-type,Normal,2Vehicles-Side,RUE CHAMPIONNET,M,48.88898068522805,2.888932855062638
201800054302,NonLethal,2018-12-30,21:40:00,NightStreelightsOn,750,118,Yes,Y-type,LightRain,Other,RUE ORDENER,M,48.892111423409446,2.8907693362375846
201800054303,NonLethal,2018-03-01,20:40:00,NightStreelightsOn,750,119,Yes,T-type,Normal,2Vehicles-Side,"69, RUE ARMAND CARREL",M,48.88369873848697,2.8814363387472643
201800054304,NonLethal,2018-04-01,17:20:00,NightStreelightsOn,750,119,Yes,X-type,LightRain,Other,"/, AVENUE MATHURIN MOREA",M,48.87845752884682,2.8773766827368643
201800054305,NonLethal,2018-01-07,03:30:00,NightStreelightsOn,750,119,Yes,NoIntersection,LightRain,Other,"13, AVENUE SECRETAN",M,48.8826558553672,2.8816870493528954
201800054307,NonLethal,2018-01-09,15:05:00,Daylight,750,119,Yes,T-type,Normal,Other,"62, AVENUE SIMON BOLIVAR",M,48.8763398392495,2.876870061190247
201800054308,NonLethal,2018-10-01,18:30:00,NightStreelightsOn,750,119,Yes,NoIntersection,LightRain,Other,"21, RUE ARCHEREAU",M,48.89145460433096,2.889716792342472
201800054309,NonLethal,2018-01-11,08:30:00,Daylight,750,119,Yes,NoIntersection,Normal,Other,"11, QUAI DE LA SEINE",M,48.88636700377464,2.885086807410634
201800054310,NonLethal,2018-01-11,17:50:00,Daylight,750,119,Yes,T-type,Normal,Other,RUE COMPANS,M,48.87827863235295,2.8784090495141044
201800054311,NonLethal,2018-01-11,18:50:00,NightStreelightsOn,750,119,Yes,NoIntersection,Normal,Other,"48, BOULEVARD SERURIER",M,48.8798934278698,2.878226013213784
201800054313,NonLethal,2018-01-13,15:00:00,Daylight,750,119,Yes,X-type,Overcast,2Vehicles-Side,RUE PETIT,M,48.88403492062982,2.8873500611787297
201800054315,NonLethal,2018-01-16,01:19:00,NightStreelightsOn,750,110,Yes,MoreThan4Branches,LightRain,Other,"138, BOULEVARD DE MAGENT",M,48.87992572039858,2.882595577031585
201800054316,NonLethal,2018-01-16,08:30:00,Daylight,750,110,Yes,X-type,LightRain,2Vehicles-Side,"19, BOULEVARD DE LA CHAP",M,48.88472418813756,2.883110716897382
201800054317,NonLethal,2018-01-17,09:35:00,Daylight,750,119,Yes,X-type,Normal,Other,"35, RUE DE TANGER",M,48.88691668282612,2.888112792245258
201800054318,NonLethal,2018-01-17,05:35:00,NightStreelightsOn,750,119,Yes,X-type,LightRain,2Vehicles-Side,"1, AVENUE DE LA PORTE DE",M,48.89710953718763,2.896664061101139
201800054319,NonLethal,2018-01-19,20:50:00,NightNoStreetLight,750,119,Yes,X-type,Overcast,Other,"2, AVENUE RENE FONCK",M,48.878802473251895,2.878999238381437
201800054320,NonLethal,2018-01-22,08:52:00,TwilightOrDawn,750,119,Yes,T-type,HeavyRain,Other,"1O, RUE BOTZARIS",M,48.87539629153216,2.87534887722326
201800054321,NonLethal,2018-01-27,21:15:00,NightStreelightsOn,750,119,Yes,NoIntersection,Normal,Other,"13, AVENUE JEAN JAURES",M,48.88157994153252,2.884453524887936
201800054322,NonLethal,2018-01-27,19:50:00,NightStreelightsOn,750,119,Yes,NoIntersection,Normal,2Vehicles-Side,"2, AVENUE SECRETAN",M,48.881098872493126,2.8835445815991894
201800054323,NonLethal,2018-01-28,01:05:00,NightStreelightsOn,750,119,Yes,X-type,LightRain,Other,"15, AVENUE DE LA PORTE D",M,48.897888676227446,2.9002966237547776
201800054324,NonLethal,2018-01-30,17:50:00,TwilightOrDawn,750,119,Yes,X-type,Normal,Other,"16, RUE DE TANGER",M,48.88577411682574,2.885398228317506