AccidentId,Gravity,Date,Hour,Light,Department,Commune,InAgglomeration,IntersectionType,Weather,CollisionType,PostalAddress,GPSCode,Latitude,Longitude
201800054325,NonLethal,2018-01-31,15:37:00,Daylight,750,119,Yes,X-type,HeavyRain,Other,RUE DE MEAUX,M,48.88252452526594,2.8806511619165063
201800054326,NonLethal,2018-03-02,06:50:00,NightStreelightsOn,750,110,Yes,Square,Normal,Other,"247, RUE LA FAYETTE",M,48.88471149587212,2.8830186976447947
201800054327,NonLethal,2018-02-05,07:23:00,TwilightOrDawn,750,119,Yes,X-type,Normal,NoCollision,"2, AVENUE DE FLANDRE",M,48.88606084295926,2.884442286212552
201800054328,NonLethal,2018-05-02,09:25:00,Daylight,750,119,Yes,X-type,Overcast,NoCollision,AVENUE DE FLANDRE,M,48.88358063484743,2.8860791131580155
201800054329,NonLethal,2018-02-06,08:30:00,Daylight,750,119,Yes,T-type,SnowOrHail,Other,"2, RUE DE LA PREVOYANCE",M,48.88032167486078,2.882542453827399
201800054330,NonLethal,2018-02-06,15:17:00,Daylight,750,119,Yes,X-type,SnowOrHail,Other,RUE ARMAND CARREL,M,48.88466560673708,2.8836010526541216
201800054331,NonLethal,2018-02-06,15:40:00,Daylight,750,119,Yes,NoIntersection,SnowOrHail,2Vehicles-Side,"18, AVENUE CORENTIN CARI",M,48.89595425712752,2.8951707693366657
201800054332,NonLethal,2018-02-12,10:20:00,Daylight,750,119,Yes,NoIntersection,Normal,Other,"60, RUE RIQUET",M,48.89042849319061,2.8912100227464768
201800054334,NonLethal,2018-02-16,18:20:00,TwilightOrDawn,750,119,Yes,MoreThan4Branches,Overcast,2Vehicles-Side,"39, RUE RIQUET",M,48.88988484582537,2.888354810262087
201800054335,NonLethal,2018-02-17,09:50:00,Daylight,750,119,Yes,NoIntersection,Normal,2Vehicles-Side,"80, RUE MANIN",M,48.88523328708258,2.8852674835290144
201800054336,NonLethal,2018-02-17,12:50:00,Daylight,750,119,Yes,NoIntersection,Normal,Other,"58, RUE PETIT",M,48.88494406897454,2.884837000624389
201800054337,NonLethal,2018-02-19,15:23:00,Daylight,750,119,Yes,X-type,LightRain,Other,"61, AVENUE DE FLANDRE",M,48.889606906265215,2.887700868926183
201800054338,NonLethal,2018-02-19,17:50:00,Daylight,750,119,Yes,Y-type,LightRain,Other,"9, RUE ARCHEREAU",M,48.88820633240967,2.891173034387464
201800054339,NonLethal,2018-02-21,13:00:00,Daylight,750,119,Yes,T-type,Normal,Other,"63, RUE RIQUET",M,48.890217303908166,2.8908335793159257
201800054340,NonLethal,2018-02-23,01:20:00,NightStreelightsOn,750,119,Yes,T-type,Normal,Other,"62, AVENUE SIMON BOLIVAR",M,48.87709894133859,2.8766560669075814
201800054341,NonLethal,2018-02-26,15:00:00,Daylight,750,119,Yes,Y-type,Normal,Other,"/, PLACE AUGUSTE BARON",M,48.90075582959084,2.8998136483836534
201800054342,NonLethal,2018-02-27,13:00:00,Daylight,750,119,Yes,T-type,Other,3+Vehicles-Chain,"131, RUE MANIN",M,48.88395035248358,2.883830826711513
201800054343,NonLethal,2018-03-03,14:10:00,Daylight,750,119,Yes,X-type,Normal,Other,"2, BOULEVARD DE LA VILLE",M,48.87046009628209,2.873186966423864
201800054344,NonLethal,2018-03-03,14:10:00,Daylight,750,119,Yes,NoIntersection,Normal,Other,"40, AVENUE SECRETAN",M,48.881341551793454,2.880562093144048
201800054345,NonLethal,2018-04-03,01:00:00,NightStreelightsOn,750,119,Yes,T-type,Normal,2Vehicles-Side,AVENUE JEAN JAURES,M,48.88922441991154,2.8909251077693803
201800054346,NonLethal,2018-03-04,14:40:00,Daylight,750,119,Yes,T-type,LightRain,Other,"218, RUE D AUBERVILLIERS",M,48.89816140478165,2.8993906546211767
201800054347,NonLethal,2018-04-03,19:40:00,NightStreelightsOn,750,119,Yes,T-type,Normal,Other,"3, AVENUE DE LA PORTE BR",M,48.88449776912389,2.881672981472148
201800054348,NonLethal,2018-03-04,23:30:00,NightStreelightsOn,750,119,Yes,T-type,LightRain,Other,BOULEVARD MACDONALD,M,48.89786152703533,2.8983610168994014
201800054350,NonLethal,2018-06-03,19:05:00,NightStreelightsOn,750,119,Yes,T-type,Normal,Other,"1, QUAI DE L OISE",M,48.88921241071389,2.888571415528271
201800054352,NonLethal,2018-03-09,16:55:00,Daylight,750,119,Yes,Square,LightRain,Other,"04, RUE MANIN",M,48.88234109674987,2.881699123409614
201800054353,NonLethal,2018-10-03,00:20:00,NightStreelightsOn,750,119,Yes,T-type,Normal,Other,RUE DE CRIMEE,M,48.8887539506257,2.8867606925234925
201800054354,NonLethal,2018-10-03,19:50:00,NightStreelightsOn,750,119,Yes,X-type,Normal,Other,"98, RUE DE L OURCQ",M,48.8928732719378,2.894791658134673
201800054355,NonLethal,2018-03-11,16:10:00,Daylight,750,119,Yes,X-type,Normal,2Vehicles-Side,"19, AVENUE DE LA PORTE C",M,48.8837735483396,2.8851167339391104
201800054356,NonLethal,2018-03-12,09:00:00,Daylight,750,119,Yes,NoIntersection,LightRain,2Vehicles-Side,"111, BOULEVARD MACDONALD",M,48.89928435905762,2.900096144401056
201800054357,NonLethal,2018-03-12,09:50:00,Daylight,750,119,Yes,NoIntersection,Normal,3+Vehicles-Chain,"7, RUE DE KABYLIE",M,48.88397183941721,2.884750098087616
201800054358,NonLethal,2018-12-03,13:50:00,Daylight,750,119,Yes,MoreThan4Branches,LightRain,2Vehicles-Behind,RUE DE CRIMEE,M,48.89423851508324,2.8929803789216835
201800054359,NonLethal,2018-03-13,13:34:00,Daylight,750,119,Yes,X-type,Normal,Other,"25, AVENUE DE FLANDRE",M,48.8865350837866,2.8869749568579515
201800054360,NonLethal,2018-03-16,21:10:00,NightStreelightsOn,750,119,Yes,T-type,LightRain,Other,"3ll, RUE DE BELLEVILLE",M,48.87624342284265,2.8759149439098417
201800054361,NonLethal,2018-03-19,20:15:00,NightStreelightsOn,750,119,Yes,Square,Normal,2Vehicles-Side,"1, PLACE DE LA PORTE DE",M,48.89061948315444,2.888992203138952
201800054362,NonLethal,2018-03-20,18:55:00,NightStreelightsOn,750,119,Yes,NoIntersection,Normal,NoCollision,"89, RUE DE MEAUX",M,48.882455007890805,2.884191166512948
201800054365,NonLethal,2018-03-22,12:10:00,Daylight,750,119,Yes,NoIntersection,Normal,Other,"75, AVENUE SIMON BOLIVAR",M,48.875227051309054,2.877097776290147
201800054366,NonLethal,2018-03-23,19:30:00,NightStreelightsOn,750,119,Yes,T-type,Normal,Other,"19, RUE AUGUSTIN THIERRY",M,48.875031264024,2.876103608744131
201800054367,NonLethal,2018-03-24,12:36:00,Daylight,750,119,Yes,NoIntersection,Normal,Other,"210, BOULEVARD MACDONALD",M,48.89867483665636,2.898657815751437
201800054370,NonLethal,2018-03-28,10:10:00,Daylight,750,119,Yes,X-type,LightRain,2Vehicles-Side,"67, AVENUE SECRETAN",M,48.88060822972944,2.882152519827569
201800054372,NonLethal,2018-03-31,06:50:00,Daylight,750,119,Yes,MoreThan4Branches,Normal,2Vehicles-Side,PORTE D AUBERVILLIERS,M,48.89895168643186,2.8969670337688047
201800054373,NonLethal,2018-03-31,20:40:00,NightNoStreetLight,750,119,Yes,Square,LightRain,2Vehicles-Behind,PLACE SKANDERBEG,M,48.89951725726645,2.9013155462191604
201800054374,NonLethal,2018-01-04,13:25:00,Daylight,750,119,Yes,NoIntersection,Normal,Other,"94, AVENUE SIMON BOLIVAR",M,48.87772002160691,2.8778312205977628
201800054375,NonLethal,2018-04-03,10:54:00,Daylight,750,119,Yes,X-type,Normal,NoCollision,"28, AVENUE MATHURIN MORE",M,48.87908912615898,2.879246415665015
201800054376,NonLethal,2018-04-06,18:50:00,Daylight,750,119,Yes,Square,Normal,3+Vehicles-Chain,"1, AVENUE DE LA PORTE DE",M,48.8892859301729,2.888832839978444
201800054377,NonLethal,2018-08-04,16:15:00,Daylight,750,119,Yes,NoIntersection,Normal,2Vehicles-Side,"82, BOULEVARD DE LA VILL",M,48.87657888629703,2.8773922108422934
201800054378,NonLethal,2018-04-09,18:00:00,Daylight,750,119,Yes,X-type,HeavyRain,2Vehicles-Side,"218, RUE D AUBERVILLIERS",M,48.895903185434285,2.896293371122641
201800054379,NonLethal,2018-12-04,21:00:00,NightStreelightsOn,750,119,Yes,MoreThan4Branches,LightRain,2Vehicles-Side,RUE D AUBERVILLIERS,M,48.897072131565466,2.895925831153487
201800054380,NonLethal,2018-04-16,04:45:00,NightStreelightsOn,750,119,Yes,Square,Normal,Other,PLACE AUGUSTE BARON,M,48.90064174597878,2.8992897636936528
201800054383,NonLethal,2018-04-18,09:15:00,Daylight,750,119,Yes,X-type,Normal,2Vehicles-Side,BOULEVARD SERURIER,M,48.8836909395839,2.8845351536149844
201800054384,NonLethal,2018-04-18,11:05:00,Daylight,750,119,Yes,Y-type,Normal,Other,"FACE 3, AVENUE JEAN JAUR",M,48.88322199827708,2.884040829852881
201800054385,NonLethal,2018-04-19,13:11:00,Daylight,750,119,Yes,X-type,Normal,2Vehicles-Side,"167, ZAC FLANDRE NORD",M,48.89480463905664,2.8952354753919733
201800054386,NonLethal,2018-04-19,17:20:00,Daylight,750,119,Yes,X-type,Normal,2Vehicles-Side,"15, AVENUE CORENTIN CARI",M,48.89611264460358,2.895363261405719
201800054388,NonLethal,2018-04-20,13:25:00,Daylight,750,119,Yes,NoIntersection,VeryGood,Other,RUE MANIN,M,48.884184449561765,2.8831655836547805
201800054389,NonLethal,2018-04-21,21:45:00,NightStreelightsOn,750,119,Yes,X-type,Normal,Other,"0, AVENUE DE LA PORTE CH",M,48.88711839293207,2.884228653109616
201800054390,NonLethal,2018-04-22,18:05:00,Daylight,750,119,Yes,Y-type,Normal,Other,"2, RUE ARMAND CARREL",M,48.883177473285535,2.8828167141165437
201800054391,NonLethal,2018-04-23,20:50:00,TwilightOrDawn,750,119,Yes,NoIntersection,Normal,Other,"l46, BOULEVARD MACDONALD",M,48.89883464407401,2.8995968963281884
201800054393,NonLethal,2018-04-24,14:00:00,Daylight,750,119,Yes,NoIntersection,VeryGood,2Vehicles-Behind,BOULEVARD PERIPHERIQUE I,M,48.901095112198846,2.9000071727899197
201800054394,NonLethal,2018-04-24,14:30:00,Daylight,750,119,Yes,NoIntersection,Normal,Other,RUE DE LA MARSEILLAISE,M,48.88780539899158,2.887868876286249
201800054395,NonLethal,2018-04-28,07:15:00,TwilightOrDawn,750,119,Yes,T-type,Overcast,Other,BOULEVARD DE LA VILLETTE,M,48.88233144919075,2.881792708456475
201800054397,NonLethal,2018-05-02,16:05:00,Daylight,750,119,Yes,NoIntersection,Normal,Other,"206, AVENUE JEAN JAURES",M,48.88782570640589,2.8899845757098976
201800054398,NonLethal,2018-05-03,11:10:00,Daylight,750,119,Yes,Y-type,Normal,2Vehicles-Side,"124, AVENUE SIMON BOLIVA",M,48.88160128245475,2.87992794821685
201800054399,NonLethal,2018-05-03,14:00:00,Daylight,750,119,Yes,X-type,Normal,2Vehicles-Behind,"29, RUE DE BELLEVILLE",M,48.87357317945483,2.871556061359084
201800054400,NonLethal,2018-04-05,16:00:00,Daylight,750,119,Yes,T-type,Normal,Other,"62, RUE DE MEAUX",M,48.8840202238098,2.882235707824216
201800054401,NonLethal,2018-05-04,19:15:00,Daylight,750,119,Yes,Square,Normal,2Vehicles-Side,"1, PLACE SKANDERBEG",M,48.900781586199535,2.899617935493984
201800054402,NonLethal,2018-05-05,18:35:00,Daylight,750,119,Yes,X-type,Normal,Other,"98, BOULEVARD SERURIER",M,48.88233407791059,2.8853714997495423
201800054403,NonLethal,2018-05-07,18:45:00,Daylight,750,119,Yes,T-type,Normal,Other,"48, RUE COMPANS",M,48.87780430829888,2.878211922592345
201800054404,NonLethal,2018-05-08,21:05:00,TwilightOrDawn,750,119,Yes,NoIntersection,Normal,2Vehicles-Behind,"91, RUE DE CRIMEE",M,48.882664156323024,2.883476497190793
201800054407,NonLethal,2018-11-05,08:35:00,Daylight,750,119,Yes,NoIntersection,Normal,Other,"3, RUE HENRI RIBIERE",M,48.87701850002908,2.8751388427288163
201800054408,NonLethal,2018-11-05,17:15:00,Daylight,750,119,Yes,NoIntersection,VeryGood,Other,"21, RUE DU MAROC",M,48.88630620608326,2.887777065949191
201800054410,NonLethal,2018-05-14,12:25:00,Daylight,750,119,Yes,T-type,LightRain,2Vehicles-Behind,RUE DE KABYLIE,M,48.885214791408806,2.8845394752469877
201800054411,NonLethal,2018-05-14,21:25:00,NightStreelightsOn,750,119,Yes,T-type,LightRain,3+Vehicles-Chain,AVENUE CORENTIN CARIOU,M,48.89700373843345,2.8987123485807658
201800054412,NonLethal,2018-05-15,11:00:00,Daylight,750,119,Yes,NoIntersection,Normal,Other,"15-17, AVENUE SIMON BOLI",M,48.87180405548956,2.875410784517362
201800054413,NonLethal,2018-05-15,11:25:00,Daylight,750,119,Yes,Square,Normal,Other,PLACE AUGUSTE BARON,M,48.90077200655757,2.899649892217365
201800054414,NonLethal,2018-05-15,17:15:00,Daylight,750,119,Yes,X-type,Normal,2Vehicles-Side,RUE ALEXANDER FLEMING,M,48.8821548600644,2.8828601349699507
201800054415,NonLethal,2018-05-15,18:35:00,Daylight,750,119,Yes,T-type,Normal,2Vehicles-Side,"198, AVENUE JEAN JAURES",M,48.887995507278,2.8898333282917905
201800054416,NonLethal,2018-05-16,20:15:00,Daylight,750,119,Yes,NoIntersection,Normal,Other,QUAI DE METZ,M,48.89184004385511,2.8917847441607867
201800054417,NonLethal,2018-05-16,22:10:00,NightStreelightsOn,750,119,Yes,T-type,Normal,2Vehicles-Side,"131, RUE MANIN",M,48.883827218498375,2.88259768359082
201800054418,NonLethal,2018-05-16,23:15:00,NightNoStreetLight,750,119,Yes,T-type,Normal,Other,"42, RUE CURIAL",M,48.89247841916677,2.8907427651737394
201800054419,NonLethal,2018-05-17,17:10:00,Daylight,750,119,Yes,X-type,Normal,2Vehicles-Side,RUE PETIT,M,48.88507541765166,2.886904450833044
201800054420,NonLethal,2018-05-17,18:05:00,Daylight,750,119,Yes,X-type,Normal,3+Vehicles-Chain,ECHANGEUR PANTIN,M,48.888761735114095,2.8907125446855155
201800054421,NonLethal,2018-05-17,21:20:00,TwilightOrDawn,750,119,Yes,MoreThan4Branches,Normal,Other,"232, RUE DE CRIMEE",M,48.89435004085498,2.8956432941523143
201800054422,NonLethal,2018-05-17,23:10:00,NightStreelightsOn,750,119,Yes,Y-type,Normal,2Vehicles-Side,"49, RUE DE L OURCQ",M,48.88975357458819,2.891126941407577
201800054423,NonLethal,2018-05-18,10:50:00,Daylight,750,119,Yes,Y-type,Normal,Other,"17, RUE DE L ATLAS",M,48.87509748409281,2.8776905285493277
201800054424,NonLethal,2018-05-18,11:45:00,Daylight,750,119,Yes,NoIntersection,Normal,2Vehicles-Side,"l8, AVENUE CORENTIN CARI",M,48.89566727595328,2.8943890742042604
201800054426,NonLethal,2018-05-21,19:40:00,Daylight,750,119,Yes,T-type,Normal,Other,"1, RUE JULES ROMAINS",M,48.87215356548129,2.871819600741169
201800054427,NonLethal,2018-05-23,17:00:00,Daylight,750,119,Yes,NoIntersection,Normal,2Vehicles-Side,"44, RUE DE CRIMEE",M,48.87983842633985,2.8799662313303225
201800054428,NonLethal,2018-05-23,18:45:00,Daylight,750,119,Yes,X-type,Normal,Other,RUE BOURET,M,48.88094682470652,2.8802939702659422
201800054429,NonLethal,2018-05-24,08:25:00,Daylight,750,119,Yes,Y-type,Normal,Other,BOULEVARD D INDOCHINE,M,48.88468718320844,2.8852750708601924
201800054430,NonLethal,2018-05-24,13:50:00,Daylight,750,119,Yes,NoIntersection,Normal,Other,"30, AVENUE DE FLANDRE",M,48.88551157587133,2.8861315203971043
201800054431,NonLethal,2018-05-24,20:20:00,Daylight,750,119,Yes,T-type,Normal,Other,"19, RUE D HAUTPOUL",M,48.8827894153384,2.8812031834916607
201800054433,NonLethal,2018-05-26,16:10:00,Daylight,750,119,Yes,T-type,Normal,Other,"163BIS, RUE DE CRIMEE",M,48.88914462598836,2.8871640417461477
201800054434,NonLethal,2018-05-27,20:28:00,Daylight,750,119,Yes,T-type,Normal,2Vehicles-Side,"41, AVENUE SIMON BOLIVAR",M,48.87505791847447,2.8748708279692248
201800054437,NonLethal,2018-05-30,10:07:00,Daylight,750,119,Yes,NoIntersection,Normal,Other,RUE GASTON TESSIER,M,48.89523638087451,2.895633797761284
201800054440,NonLethal,2018-03-06,14:40:00,Daylight,750,119,Yes,MoreThan4Branches,Normal,2Vehicles-Side,"2, RUE DE LA MEURTHE",M,48.88780177483855,2.8900740651505834
201800054441,NonLethal,2018-06-04,13:50:00,Daylight,750,119,Yes,T-type,Normal,Other,"67, RUE PETIT",M,48.88515097283423,2.885387152242683
201800054442,NonLethal,2018-06-07,20:00:00,Daylight,750,119,Yes,X-type,Normal,2Vehicles-Behind,"67, AVENUE DE FLANDRE",M,48.88847278346165,2.8894413547084024
201800054443,NonLethal,2018-08-06,04:20:00,NightStreelightsOn,750,119,Yes,NoIntersection,Normal,Other,"75, RUE DE BELLEVILLE",M,48.87462654764721,2.872839891323177
201800054444,NonLethal,2018-09-06,00:10:00,NightStreelightsOn,750,119,Yes,NoIntersection,Normal,2Vehicles-BehindVehicles-Frontal,"41, RUE ARMAND CARREL",M,48.88173288779833,2.882326301580902
201800054445,NonLethal,2018-10-06,02:10:00,NightStreelightsOn,750,119,Yes,NoIntersection,Normal,Other,"10, AVENUE DE FLANDRE",M,48.88438664934058,2.883336386960639
201800054446,NonLethal,2018-06-10,14:05:00,Daylight,750,119,Yes,NoIntersection,Normal,Other,"14, RUE EUGENE JUMIN",M,48.88678724715557,2.887379788058048
201800054447,NonLethal,2018-06-11,07:10:00,Daylight,750,119,Yes,NoIntersection,LightRain,2Vehicles-Side,"142, AVENUE DE FLANDRE",M,48.89342764564372,2.893622991448446
201800054448,NonLethal,2018-06-12,14:20:00,Daylight,750,119,Yes,X-type,Normal,NoCollision,"28, RUE DE L OURCQ",M,48.891509198475006,2.892556906678643
201800054449,NonLethal,2018-06-13,11:35:00,Daylight,750,119,Yes,X-type,Normal,Other,"34, RUE BOURET",M,48.88147448807489,2.880784504189435
201800054450,NonLethal,2018-06-14,13:40:00,Daylight,750,119,Yes,Square,Normal,Other,"3, PLACE DE LA BATAILLE",M,48.88387385603394,2.88198108875432
201800054451,NonLethal,2018-06-14,22:55:00,NightStreelightsOn,750,118,Yes,X-type,Normal,2Vehicles-Side,BOULEVARD DE LA CHAPELLE,M,48.88536743617679,2.8841054426920105
201800054452,NonLethal,2018-06-16,10:30:00,Daylight,750,119,Yes,NoIntersection,Normal,Other,BOULEVARD DE LA VILLETTE,M,48.87363975532482,2.8747975938876524
201800054453,NonLethal,2018-06-16,19:25:00,Daylight,750,120,Yes,X-type,Normal,Other,RUE DE BELLEVILLE,M,48.87456403754052,2.8756786727258468
201800054454,NonLethal,2018-06-18,14:30:00,Daylight,750,119,Yes,T-type,Normal,2Vehicles-Side,"196, BOULEVARD MACDONALD",M,48.89904079306371,2.898543789067669
201800054455,NonLethal,2018-06-18,20:45:00,Daylight,750,119,Yes,T-type,Normal,2Vehicles-Side,"56, RUE FESSART",M,48.87671108467744,2.878235371900479
201800054456,NonLethal,2018-06-21,16:40:00,Daylight,750,119,Yes,T-type,Normal,2Vehicles-Side,"13, RUE CURIAL",M,48.89100595271636,2.893113117454705
201800054457,NonLethal,2018-06-22,14:40:00,Daylight,750,119,Yes,Y-type,Normal,2Vehicles-Behind,"29, AVENUE JEAN JAURES",M,48.88278438970891,2.884776156197633
201800054458,NonLethal,2018-06-22,16:10:00,Daylight,750,119,Yes,NoIntersection,Normal,2Vehicles-Side,"2l8, RUE D AUBERVILLIERS",M,48.898538833884366,2.897049926123434
201800054459,NonLethal,2018-06-23,15:15:00,Daylight,750,119,Yes,Y-type,Normal,2Vehicles-Side,"19, RUE D HAUTPOUL",M,48.88074738247603,2.8799412149502954
201800054461,NonLethal,2018-06-27,13:40:00,Daylight,750,119,Yes,T-type,Normal,2Vehicles-Side,"58, RUE D AUBERVILLIERS",M,48.88850638271974,2.8857362406601754
201800054463,NonLethal,2018-06-28,04:45:00,NightStreelightsOn,750,119,Yes,NoIntersection,Normal,2Vehicles-Side,"48, BOULEVARD SERURIER",M,48.87789803477405,2.879107366400167
201800054464,NonLethal,2018-06-28,23:50:00,NightStreelightsOn,750,119,Yes,X-type,Normal,Other,RUE DE CRIMEE,M,48.88580943834259,2.8850958351493
201800054466,NonLethal,2018-06-29,19:45:00,Daylight,750,119,Yes,NoIntersection,Normal,Other,"19, AVENUE SIMON BOLIVAR",M,48.87576794677127,2.875657467272719
201800054467,NonLethal,2018-06-30,10:40:00,Daylight,750,119,Yes,X-type,Normal,2Vehicles-Behind,"17, AVENUE CORENTIN CARI",M,48.89625942972943,2.8963612388159867
201800054469,NonLethal,2018-07-02,10:12:00,Daylight,750,119,Yes,X-type,Normal,Other,"261, RUE DE CRIMEE",M,48.89529485111971,2.8949358293785665
201800054470,NonLethal,2018-03-07,20:55:00,Daylight,750,119,Yes,Y-type,Normal,2Vehicles-Side,"46, RUE MANIN",M,48.88813143893158,2.883533147308028
201800054471,NonLethal,2018-04-07,13:40:00,Daylight,750,119,Yes,X-type,Normal,2Vehicles-Behind,RUE RIQUET,M,48.88839535951328,2.889910706430179
201800054473,NonLethal,2018-07-04,19:30:00,Daylight,750,119,Yes,NoIntersection,Normal,Other,"0, BOULEVARD PERIPHERIQU",M,48.89903480805896,2.90192509814449
201800054474,NonLethal,2018-05-07,12:30:00,Daylight,750,119,Yes,NoIntersection,Normal,2Vehicles-Behind,"81, RUE DE L OURCQ",M,48.89294630353074,2.8929296522714223
201800054476,NonLethal,2018-09-07,16:50:00,Daylight,750,119,Yes,T-type,Normal,2Vehicles-Behind,"64, RUE RIQUET",M,48.88925017575093,2.889432887803787
201800054477,NonLethal,2018-07-11,21:34:00,TwilightOrDawn,750,110,Yes,X-type,Normal,2Vehicles-Side,RUE PHILIPPE DE GIRARD,M,48.87816408229601,2.879036082395992
201800054478,NonLethal,2018-12-07,09:20:00,Daylight,750,119,Yes,NoIntersection,Normal,2Vehicles-Behind,"86, AVENUE DE FLANDRE",M,48.8894421107892,2.8903832407381187
201800054481,NonLethal,2018-07-17,19:30:00,Daylight,750,119,Yes,X-type,Normal,2Vehicles-Side,AVENUE JEAN JAURES,M,48.88952772590781,2.8864881208990467
201800054483,NonLethal,2018-07-18,19:00:00,TwilightOrDawn,750,119,Yes,NoIntersection,Normal,2Vehicles-Side,RUE CURIAL,M,48.89096666388923,2.8907626833923503
201800054484,NonLethal,2018-07-18,20:30:00,Daylight,750,119,Yes,T-type,Normal,Other,AVENUE DE LA PORTE CHAUM,M,48.886939688602695,2.88550097441556
201800054485,NonLethal,2018-07-19,20:05:00,Daylight,750,119,Yes,T-type,Normal,2Vehicles-Side,AVENUE JEAN JAURES,M,,
201800054486,NonLethal,2018-07-21,00:30:00,NightStreelightsOn,750,119,Yes,NoIntersection,Normal,2Vehicles-Side,RUE DE BELLEVILLE,M,48.8783136077716,2.876508406987364
201800054487,NonLethal,2018-07-22,09:25:00,Daylight,750,119,Yes,T-type,Normal,2Vehicles-Behind,RUE DE BELLEVILLE,M,48.87425342244977,2.875371186505032
201800054488,NonLethal,2018-07-23,01:30:00,NightStreelightsOn,750,119,Yes,Square,Normal,2Vehicles-Side,PLACE AUGUSTE BARON,M,48.90038827102747,2.899922502510736
201800054489,NonLethal,2018-07-23,14:10:00,Daylight,750,119,Yes,MoreThan4Branches,Normal,2Vehicles-Side,BOULEVARD SERURIER,M,,
201800054490,NonLethal,2018-07-25,14:00:00,Daylight,750,119,Yes,T-type,Normal,2Vehicles-Side,RUE DE LA MARSEILLAISE,M,48.88715964973324,2.887978561584544
201800054491,NonLethal,2018-07-26,12:50:00,Daylight,750,119,Yes,T-type,Normal,2Vehicles-Behind,AVENUE JEAN JAURES,M,48.88940335730646,2.8870009124077582
201800054492,NonLethal,2018-07-27,16:02:00,Daylight,750,119,Yes,NoIntersection,LightRain,Other,AVENUE SIMON BOLIVAR,M,48.859866223498464,2.8593285797302657
201800054493,NonLethal,2018-07-27,19:30:00,Daylight,750,119,Yes,X-type,LightRain,Other,RUE DE CRIMEE,M,48.88568010131557,2.881301981903754
201800054494,NonLethal,2018-07-28,00:35:00,NightStreelightsOn,750,119,Yes,X-type,Normal,Other,AVENUE DE FLANDRE,M,48.88575076190492,2.883435373302439
201800054495,NonLethal,2018-07-28,17:40:00,Daylight,750,119,Yes,NoIntersection,Normal,2Vehicles-Side,BOULEVARD DE LA VILLETTE,M,48.87886933850457,2.88037190947349
201800054496,NonLethal,2018-07-29,04:10:00,NightStreelightsOn,750,119,Yes,NoIntersection,Normal,2Vehicles-Behind,RUE DE TANGER,M,48.885412460343446,2.886570013572826
201800054498,NonLethal,2018-07-30,20:00:00,Daylight,750,119,Yes,Square,Normal,2Vehicles-Side,PLACE AUGUSTE BARON,M,,
201800054499,NonLethal,2018-07-31,23:00:00,NightStreelightsOn,750,119,Yes,T-type,Normal,Other,AVENUE SIMON BOLIVAR,M,48.878889493111785,2.8782648732431
201800054500,NonLethal,2018-08-01,17:47:00,Daylight,750,119,Yes,NoIntersection,Normal,Other,NON DENOMMEE DN/19,M,,
201800054502,NonLethal,2018-05-08,16:35:00,Daylight,750,119,Yes,NoIntersection,Normal,Other,RUE DE BELLEVILLE,M,,
201800054503,NonLethal,2018-05-08,21:40:00,NightStreelightsOn,750,119,Yes,NoIntersection,Normal,Other,RUE DE CRIMEE,M,,
201800054504,NonLethal,2018-08-07,16:20:00,Daylight,750,119,Yes,NoIntersection,Normal,2Vehicles-Behind,AVENUE DE FLANDRE,M,48.89178544860429,2.892283056634158
201800054505,NonLethal,2018-11-08,15:25:00,Daylight,750,110,Yes,NoIntersection,Normal,2Vehicles-Behind,BOULEVARD DE LA VILLETTE,M,48.87902346677031,2.876760658912602
201800054506,NonLethal,2018-08-15,17:20:00,Daylight,750,119,Yes,MoreThan4Branches,Normal,2Vehicles-Side,AVENUE DE LA PORTE CHAUM,M,,
201800054508,NonLethal,2018-08-18,17:40:00,Daylight,750,119,Yes,X-type,Normal,2Vehicles-Side,AVENUE CORENTIN CARIOU,M,48.88805821518097,2.890361433010024
201800054509,NonLethal,2018-08-20,13:00:00,Daylight,750,119,Yes,NoIntersection,Normal,2Vehicles-Side,RUE DE L OURCQ,M,48.89305927628245,2.89196430415144
201800054510,NonLethal,2018-08-22,17:12:00,Daylight,750,119,Yes,Y-type,Normal,NoCollision,BOULEVARD D INDOCHINE,M,,
201800054511,NonLethal,2018-08-24,15:45:00,Daylight,750,119,Yes,NoIntersection,Normal,Other,RUE DE CRIMEE,M,,
201800054512,NonLethal,2018-08-26,19:20:00,Daylight,750,119,Yes,Y-type,Normal,2Vehicles-Side,AVENUE JEAN JAURES,M,,
201800054513,NonLethal,2018-08-28,13:15:00,Daylight,750,119,Yes,X-type,Normal,2Vehicles-Side,AVENUE JEAN JAURES,M,48.880696829525256,2.8777641737376736
201800054514,NonLethal,2018-08-28,14:50:00,Daylight,750,119,Yes,Square,Normal,3+Vehicles-Multiple,PLACE AUGUSTE BARON,M,48.89944394413359,2.899721668253405
201800054516,NonLethal,2018-08-29,01:35:00,NightStreelightsOn,750,119,Yes,X-type,Normal,2Vehicles-Side,BOULEVARD MACDONALD,M,48.88733266184601,2.8898513570648614
201800054517,NonLethal,2018-08-31,20:31:00,TwilightOrDawn,750,119,Yes,X-type,Normal,2Vehicles-Side,BOULEVARD MACDONALD,M,,
201800054518,NonLethal,2018-09-02,14:40:00,Daylight,750,119,Yes,Square,Normal,2Vehicles-Side,PLACE DE LA PORTE DE PAN,M,48.88816618485114,2.889092763389807
201800054521,NonLethal,2018-09-04,09:00:00,Daylight,750,119,Yes,T-type,Overcast,2Vehicles-Behind,RUE CURIAL,M,,
201800054522,NonLethal,2018-09-04,19:20:00,Daylight,750,119,Yes,Square,Normal,2Vehicles-Side,BOULEVARD SERURIER,M,48.88851265902747,2.889980603473152
201800054523,NonLethal,2018-05-09,11:55:00,Daylight,750,119,Yes,T-type,Overcast,Other,ALLEE DARIUS MILHAUD,M,48.88312341674495,2.8842977978482707
201800054524,NonLethal,2018-09-05,15:25:00,Daylight,750,119,Yes,NoIntersection,Normal,Other,AVENUE DE FLANDRE,M,,