AccidentId,Gravity,Date,Hour,Light,Department,Commune,InAgglomeration,IntersectionType,Weather,CollisionType,PostalAddress,GPSCode,Latitude,Longitude
201800054525,NonLethal,2018-08-09,14:30:00,Daylight,750,119,Yes,T-type,Normal,Other,AVENUE JEAN JAURES,M,,
201800054527,NonLethal,2018-09-09,15:38:00,Daylight,750,119,Yes,T-type,Normal,3+Vehicles-Multiple,AVENUE JEAN JAURES,M,,
201800054528,NonLethal,2018-09-11,11:20:00,Daylight,750,119,Yes,NoIntersection,Normal,Other,BOULEVARD D ALGERIE,M,,
201800054529,NonLethal,2018-09-13,11:30:00,Daylight,750,119,Yes,T-type,LightRain,2Vehicles-Behind,AVENUE SIMON BOLIVAR,M,48.87054654067379,2.86963101407874
201800054530,NonLethal,2018-09-14,13:00:00,Daylight,750,119,Yes,T-type,Normal,2Vehicles-Behind,AVENUE JEAN JAURES,M,,
201800054532,NonLethal,2018-09-15,21:40:00,NightStreelightsOn,750,119,Yes,Square,Normal,2Vehicles-Side,PLACE AUGUSTE BARON,M,,
201800054534,NonLethal,2018-09-18,06:45:00,Daylight,750,119,Yes,Square,Normal,2Vehicles-Behind,PLACE AUGUSTE BARON,M,48.90077483913611,2.8990023413754824
201800054536,NonLethal,2018-09-18,15:55:00,Daylight,750,119,No,T-type,LightRain,3+Vehicles-Multiple,AVENUE JEAN JAURES,M,,
201800054537,NonLethal,2018-09-18,22:10:00,NightStreelightsOn,750,119,Yes,NoIntersection,Normal,2Vehicles-Behind,AVENUE JEAN JAURES,M,48.891178045642754,2.889607509071713
201800054538,NonLethal,2018-09-20,14:15:00,Daylight,750,119,Yes,NoIntersection,Normal,Other,AVENUE DE FLANDRE,M,48.88596225864087,2.884722239316854
201800054539,NonLethal,2018-09-20,17:15:00,Daylight,750,119,Yes,Square,Normal,Other,RUE MANIN,M,48.88654739835631,2.8854496719558664
201800054541,NonLethal,2018-09-22,12:30:00,Daylight,750,119,Yes,X-type,Normal,Other,RUE DE CRIMEE,M,48.87944339533607,2.8809871416902118
201800054542,NonLethal,2018-09-24,07:00:00,TwilightOrDawn,750,119,Yes,T-type,Normal,Other,AVENUE CORENTIN CARIOU,M,,
201800054543,NonLethal,2018-09-24,19:15:00,Daylight,750,119,Yes,NoIntersection,VeryGood,Other,RUE LOUISE THULIEZ,M,48.87048769695058,2.870214283361804
201800054545,NonLethal,2018-09-25,20:20:00,NightStreelightsOn,750,119,Yes,X-type,Normal,2Vehicles-Behind,RUE BOTZARIS,M,48.87885516214008,2.88006917478741
201800054546,NonLethal,2018-09-26,10:45:00,Daylight,750,119,Yes,NoIntersection,Normal,2Vehicles-Behind,RUE DE CRIMEE,M,48.89359669230975,2.895510863976993
201800054548,NonLethal,2018-09-27,03:00:00,NightStreelightsOn,750,120,Yes,T-type,Normal,Other,RUE DE BELLEVILLE,M,48.87441286509506,2.8727498023182005
201800054549,NonLethal,2018-09-27,13:50:00,Daylight,750,118,Yes,X-type,Normal,2Vehicles-Side,RUE MARX DORMOY,M,48.885717593804365,2.883993689281898
201800054551,NonLethal,2018-09-29,13:35:00,Daylight,750,119,Yes,NoIntersection,Normal,NoCollision,RUE ARCHEREAU,M,48.89269050342771,2.8926228065618456
201800054552,NonLethal,2018-09-29,14:40:00,Daylight,750,119,Yes,NoIntersection,Normal,Other,BOULEVARD MACDONALD,M,48.89771910869674,2.897621699966813
201800054553,NonLethal,2018-01-10,11:55:00,Daylight,750,119,Yes,T-type,Normal,2Vehicles-Side,RUE DE BELLEVILLE,M,48.87319450475255,2.871995238634713
201800054554,NonLethal,2018-10-01,20:30:00,NightStreelightsOn,750,119,Yes,NoIntersection,Normal,3+Vehicles-Chain,BOULEVARD SERURIER,M,48.79981686266137,2.799745218488749
201800054557,NonLethal,2018-03-10,23:45:00,NightStreelightsOff,750,119,Yes,NoIntersection,Normal,Other,RUE DE CRIMEE,M,48.88545059035082,2.885229322008205
201800054558,NonLethal,2018-10-03,21:10:00,NightStreelightsOn,750,119,Yes,T-type,Normal,2Vehicles-Side,RUE JULES ROMAINS,M,48.87115578983104,2.871826935781164
201800054559,NonLethal,2018-10-04,15:50:00,Daylight,750,119,Yes,X-type,Normal,2Vehicles-Side,RUE DE BELLEVILLE,M,,
201800054560,NonLethal,2018-05-10,08:00:00,Daylight,750,119,Yes,X-type,Normal,Other,RUE D AUBERVILLIERS,M,,
201800054562,NonLethal,2018-10-06,05:30:00,NightStreelightsOn,750,119,Yes,X-type,Normal,Other,AVENUE DE FLANDRE,M,48.22328259111667,2.222907053803296
201800054563,NonLethal,2018-10-07,17:55:00,Daylight,750,119,Yes,Square,Normal,Other,BOULEVARD DE LA VILLETTE,M,48.88545892496581,2.884858464265193
201800054564,NonLethal,2018-08-10,19:45:00,NightStreelightsOn,750,119,Yes,NoIntersection,Normal,Other,RUE DE BELLEVILLE,M,48.870888073020346,2.870034961492142
201800054565,NonLethal,2018-10-08,13:55:00,Daylight,750,119,Yes,NoIntersection,Normal,Other,RUE EDOUARD PAILLERON,M,,
201800054566,NonLethal,2018-10-09,18:05:00,Daylight,750,119,Yes,X-type,Normal,2Vehicles-Side,AVENUE DE FLANDRE,M,,
201800054567,NonLethal,2018-11-10,18:20:00,TwilightOrDawn,750,119,Yes,T-type,Normal,2Vehicles-Behind,RUE DE MEAUX,M,48.88177967575718,2.882332142822173
201800054568,NonLethal,2018-12-10,19:30:00,NightStreelightsOn,750,119,Yes,NoIntersection,Normal,2Vehicles-Side,ROUTE DES PETITS PONTS,M,48.89479907344493,2.8941519662942192
201800054569,NonLethal,2018-10-13,13:30:00,Daylight,750,119,Yes,Square,Normal,2Vehicles-Side,PLACE AUGUSTE BARON,M,,
201800054570,NonLethal,2018-10-14,13:15:00,Daylight,750,119,Yes,T-type,Normal,Other,RUE MANIN,M,48.88535510321918,2.8859037464677693
201800054571,NonLethal,2018-10-16,18:20:00,TwilightOrDawn,750,119,Yes,X-type,Normal,2Vehicles-Side,RUE DE BELLEVILLE,M,,
201800054572,NonLethal,2018-10-17,10:02:00,Daylight,750,119,Yes,X-type,Normal,2Vehicles-Side,BOULEVARD DE LA VILLETTE,M,48.88193699632653,2.880289716369418
201800054573,NonLethal,2018-10-21,12:30:00,Daylight,750,119,Yes,NoIntersection,Normal,Other,RUE DE LA VILLETTE,M,,
201800054574,NonLethal,2018-10-23,10:20:00,Daylight,750,119,Yes,NoIntersection,Normal,2Vehicles-Side,AVENUE DE FLANDRE,M,48.88917625524662,2.88811736613524
201800054575,NonLethal,2018-10-26,09:05:00,Daylight,750,119,Yes,NoIntersection,Normal,NoCollision,RUE DE LA MARSEILLAISE,M,,
201800054576,NonLethal,2018-10-27,11:08:00,Daylight,750,119,Yes,Y-type,VeryGood,Other,RUE MANIN,M,,
201800054578,NonLethal,2018-10-28,10:13:00,Daylight,750,119,Yes,T-type,Normal,2Vehicles-Behind,RUE CURIAL,M,48.89094721471042,2.8892939986009134
201800054579,NonLethal,2018-10-28,17:25:00,TwilightOrDawn,750,119,Yes,NoIntersection,Normal,Other,BOULEVARD SERURIER,M,,
201800054581,NonLethal,2018-10-31,10:20:00,Daylight,750,119,Yes,T-type,Normal,Other,RUE MANIN,M,,
201800054582,NonLethal,2018-10-31,17:15:00,NightStreelightsOn,750,119,Yes,T-type,LightRain,Other,AVENUE DE LAUMIERE,M,48.88350958445968,2.88207349088574
201800054583,NonLethal,2018-10-31,18:05:00,NightStreelightsOn,750,119,Yes,T-type,LightRain,2Vehicles-Side,AVENUE DE LA PORTE DE LA,M,48.89039547679996,2.8912483036045704
201800054584,NonLethal,2018-10-31,22:20:00,NightNoStreetLight,750,119,Yes,Square,Normal,2Vehicles-Side,PLACE ARMAND CARREL,M,48.88405736823725,2.8828487363554425
201800054585,NonLethal,2018-02-11,23:40:00,NightStreelightsOn,750,119,Yes,NoIntersection,Normal,3+Vehicles-Chain,BOULEVARD MACDONALD,M,48.90034210111313,2.899146815619364
201800054586,NonLethal,2018-03-11,11:35:00,Daylight,750,110,Yes,Square,Normal,2Vehicles-Side,BOULEVARD DE LA VILLETTE,M,,
201800054587,NonLethal,2018-11-03,17:55:00,NightStreelightsOn,750,119,Yes,X-type,Normal,2Vehicles-Side,RUE D AUBERVILLIERS,M,,
201800054588,NonLethal,2018-03-11,23:50:00,NightStreelightsOn,750,119,Yes,Square,Normal,2Vehicles-Side,PLACE DE LA PORTE DE PAN,M,48.890678360566646,2.8909425010913354
201800054589,NonLethal,2018-04-11,18:45:00,NightStreelightsOn,750,119,Yes,X-type,Normal,Other,RUE DE CRIMEE,M,48.8786819783599,2.881160424433806
201800054590,NonLethal,2018-11-05,13:00:00,Daylight,750,119,Yes,NoIntersection,Normal,Other,BOULEVARD DE LA VILLETTE,M,48.88153030131487,2.880865553461624
201800054592,NonLethal,2018-11-05,21:25:00,NightStreelightsOn,750,119,Yes,T-type,Normal,Other,RUE PETIT,M,48.885713966594125,2.884333749108896
201800054593,NonLethal,2018-11-09,18:00:00,NightStreelightsOn,750,119,Yes,T-type,Normal,2Vehicles-Side,AVENUE JEAN JAURES,M,48.88714037027859,2.8862673545723645
201800054594,NonLethal,2018-11-12,08:40:00,Daylight,750,119,Yes,T-type,LightRain,2Vehicles-Side,AVENUE JEAN JAURES,M,,
201800054595,NonLethal,2018-11-15,09:50:00,Daylight,750,119,Yes,X-type,Overcast,Other,RUE D AUBERVILLIERS,M,48.88571147622719,2.8844328537423216
201800054596,NonLethal,2018-11-15,17:40:00,NightStreelightsOn,750,119,Yes,Square,Normal,3+Vehicles-Multiple,PLACE DE LA PORTE DE PAN,M,,
201800054597,NonLethal,2018-11-16,15:20:00,Daylight,750,119,Yes,X-type,Normal,Other,RUE DES CHAUFOURNIERS,M,48.87557355347333,2.8756792587486224
201800054598,NonLethal,2018-11-17,06:00:00,NightStreelightsOn,750,119,Yes,X-type,Normal,2Vehicles-Side,RUE DE BELLEVILLE,M,48.87513272580879,2.8758163290342225
201800054599,NonLethal,2018-11-17,13:50:00,Daylight,750,119,Yes,X-type,Normal,2Vehicles-BehindVehicles-Frontal,RUE DE BELLEVILLE,M,48.89252611188718,2.88917206143103
201800054600,NonLethal,2018-11-18,18:15:00,NightStreelightsOn,750,119,Yes,NoIntersection,Normal,2Vehicles-Behind,BOULEVARD SERURIER,M,48.87801746765862,2.878469444788464
201800054601,NonLethal,2018-11-19,12:30:00,Daylight,750,119,Yes,T-type,Normal,NoCollision,AVENUE JEAN JAURES,M,,
201800054602,NonLethal,2018-11-19,15:30:00,Daylight,750,119,Yes,NoIntersection,Normal,2Vehicles-Behind,BOULEVARD MACDONALD,M,,
201800054603,NonLethal,2018-11-19,19:30:00,TwilightOrDawn,750,119,Yes,NoIntersection,LightRain,Other,RUE BOTZARIS,M,,
201800054604,NonLethal,2018-11-20,09:25:00,Daylight,750,119,Yes,T-type,LightRain,Other,AVENUE JEAN JAURES,M,48.88266689144079,2.8841963137090416
201800054605,NonLethal,2018-11-20,12:15:00,Daylight,750,119,Yes,X-type,LightRain,2Vehicles-Side,AVENUE JEAN JAURES,M,48.883777951957086,2.885145063719294
201800054608,NonLethal,2018-11-25,18:35:00,NightStreelightsOn,750,119,Yes,X-type,Normal,Other,AVENUE DE FLANDRE,M,48.89002068770729,2.889954194600051
201800054609,NonLethal,2018-11-27,20:40:00,NightStreelightsOn,750,119,Yes,NoIntersection,HeavyRain,Other,RUE DE L OURCQ,M,,
201800054610,NonLethal,2018-11-29,16:15:00,Daylight,750,119,Yes,T-type,Normal,2Vehicles-Side,RUE DAVID D ANGERS,M,48.88107975636551,2.882322811750354
201800054611,NonLethal,2018-11-29,17:55:00,NightStreelightsOn,750,119,Yes,X-type,Normal,NoCollision,AVENUE DE FLANDRE,M,48.893296093065295,2.892016982373053
201800054612,NonLethal,2018-11-30,13:50:00,Daylight,750,119,Yes,T-type,Normal,Other,AVENUE JEAN JAURES,M,48.88385971701436,2.8828091230283595
201800054613,NonLethal,2018-11-30,19:00:00,NightStreelightsOn,750,119,Yes,Square,Normal,2Vehicles-Side,PLACE AUGUSTE BARON,M,48.90084308281708,2.900144853575242
201800054614,NonLethal,2018-01-12,16:20:00,TwilightOrDawn,750,119,Yes,NoIntersection,LightRain,Other,AVENUE JEAN JAURES,M,48.88327494264183,2.8842633314542616
201800054615,NonLethal,2018-02-12,01:10:00,NightStreelightsOn,750,119,Yes,Square,HeavyRain,Other,PLACE AUGUSTE BARON,M,48.90102002391117,2.9007247054325926
201800054616,NonLethal,2018-02-12,09:10:00,Daylight,750,119,Yes,Square,LightRain,Other,PLACE AUGUSTE BARON,M,,
201800054617,NonLethal,2018-02-12,17:40:00,TwilightOrDawn,750,119,Yes,X-type,Overcast,Other,RUE ARMAND CARREL,M,48.87886824931807,2.8802222080737336
201800054618,NonLethal,2018-03-12,17:00:00,NightStreelightsOn,750,119,Yes,X-type,LightRain,2Vehicles-Side,AVENUE SIMON BOLIVAR,M,48.87794492324005,2.8787118391188065
201800054620,NonLethal,2018-12-04,08:50:00,Daylight,750,119,Yes,X-type,Overcast,Other,AVENUE DE FLANDRE,M,,
201800054621,NonLethal,2018-12-04,11:20:00,Daylight,750,119,No,NoIntersection,Overcast,2Vehicles-Behind,BOULEVARD PERIPHERIQUE,M,48.90017670582342,2.90102340660138
201800054622,NonLethal,2018-12-04,18:25:00,NightStreelightsOn,750,119,Yes,NoIntersection,Normal,2Vehicles-Side,BOULEVARD SERURIER,M,48.894668816470926,2.895016332799374
201800054625,NonLethal,2018-12-06,20:20:00,NightStreelightsOn,750,119,Yes,T-type,Normal,Other,AVENUE JEAN JAURES,M,48.88152646253223,2.883244244785759
201800054626,NonLethal,2018-08-12,19:00:00,NightStreelightsOn,750,119,Yes,T-type,LightRain,Other,RUE DE L OURCQ,M,,
201800054627,NonLethal,2018-12-10,15:00:00,Daylight,750,119,Yes,X-type,LightRain,2Vehicles-Side,RUE DE CRIMEE,M,48.89335837594111,2.894658761719088
201800054628,NonLethal,2018-12-11,00:25:00,NightStreelightsOn,750,119,Yes,X-type,Normal,2Vehicles-Behind,BOULEVARD SERURIER,M,48.8774478232295,2.8758824067822304
201800054630,NonLethal,2018-12-12,18:30:00,NightStreelightsOn,750,119,Yes,X-type,Normal,2Vehicles-Side,RUE D AUBERVILLIERS,M,,
201800054632,NonLethal,2018-12-14,00:16:00,NightStreelightsOn,750,119,Yes,X-type,Normal,2Vehicles-Behind,AVENUE DE FLANDRE,M,48.8877756783315,2.8906798964589617
201800054633,NonLethal,2018-12-14,14:50:00,Daylight,750,119,Yes,T-type,Normal,Other,RUE MATHIS,M,48.890773105412215,2.892322181098421
201800054634,NonLethal,2018-12-16,23:10:00,NightStreelightsOn,750,119,Yes,MoreThan4Branches,HeavyRain,2Vehicles-Side,BOULEVARD SERURIER,M,48.88153311911557,2.881568059712461
201800054635,NonLethal,2018-12-21,09:50:00,Daylight,750,119,Yes,X-type,LightRain,Other,AVENUE SECRETAN,M,,
201800054636,NonLethal,2018-12-22,18:00:00,NightStreelightsOn,750,119,Yes,NoIntersection,Overcast,2Vehicles-Side,AVENUE DE FLANDRE,M,48.88798638419055,2.889811517617792
201800054637,NonLethal,2018-12-23,08:36:00,TwilightOrDawn,750,119,Yes,T-type,LightRain,2Vehicles-Side,BOULEVARD DE LA VILLETTE,M,48.86452092030829,2.8657704652244376
201800054638,NonLethal,2018-05-01,05:15:00,NightStreelightsOn,750,120,Yes,T-type,LightRain,Other,"148, RUE D AVRON",M,48.853046344325136,2.853401298279948
201800054640,NonLethal,2018-01-13,20:25:00,NightStreelightsOn,750,120,Yes,NoIntersection,Normal,Other,"113, RUE DE MENILMONTANT",M,48.86727537577803,2.8699573325959857
201800054641,NonLethal,2018-01-14,10:30:00,Daylight,750,111,Yes,T-type,Normal,2Vehicles-Side,"679, RUE DE CHARONNE",M,48.85582122629064,2.855293066434973
201800054642,NonLethal,2018-01-14,21:40:00,NightStreelightsOn,750,120,Yes,T-type,Normal,NoCollision,"74, RUE D AVRON",M,48.85256534324075,2.85346853501786
201800054644,NonLethal,2018-01-16,13:00:00,Daylight,750,120,Yes,X-type,Normal,2Vehicles-Side,"142, RUE DES PYRENEES",M,48.85841728980392,2.8605974961354392
201800054645,NonLethal,2018-01-16,17:50:00,NightStreelightsOn,750,120,Yes,X-type,LightRain,Other,"44, RUE BELGRAND",M,48.86626387449677,2.865553368990432
201800054646,NonLethal,2018-01-16,20:05:00,NightStreelightsOn,750,120,Yes,X-type,LightRain,NoCollision,"100, RUE DES ORTEAUX",M,48.85646947833276,2.8560472113364845
201800054647,NonLethal,2018-01-19,13:30:00,Daylight,750,120,Yes,X-type,LightRain,Other,"95 BIS, RUE DES MARAICHE",M,48.8557563176847,2.8573394994999486
201800054648,NonLethal,2018-01-19,14:35:00,Daylight,750,120,Yes,NoIntersection,LightRain,3+Vehicles-Chain,"15, AVENUE GAMBETTA",M,48.86295563019317,2.8639194579841227
201800054649,NonLethal,2018-01-20,23:50:00,NightStreelightsOn,750,120,Yes,T-type,LightRain,2Vehicles-Behind,"78, BOULEVARD DE MENILMO",M,48.863956526920816,2.8644690007345184
201800054650,NonLethal,2018-01-23,21:16:00,NightStreelightsOn,750,120,Yes,X-type,Normal,Other,RUE D AVRON,M,48.85291821134583,2.852850907301347
201800054651,NonLethal,2018-01-24,04:40:00,NightStreelightsOn,750,120,Yes,NoIntersection,Normal,Other,AVENUE IBSEN,M,48.86749524140651,2.8649689636566733
201800054652,NonLethal,2018-01-24,18:00:00,TwilightOrDawn,750,120,Yes,T-type,Normal,2Vehicles-Side,RUE DES PYRENEES,M,48.87095120053576,2.871003450270085
201800054654,NonLethal,2018-01-26,09:45:00,Daylight,750,120,Yes,Y-type,Normal,Other,"12, RUE SCHUBERT",M,48.85261377647007,2.850586531487639
201800054655,NonLethal,2018-01-27,05:20:00,NightStreelightsOn,750,120,Yes,Y-type,LightRain,Other,"10BIS, RUE DES FOUGERES",M,48.87142705333248,2.872413890439448
201800054656,NonLethal,2018-01-29,20:50:00,NightStreelightsOn,750,120,Yes,X-type,Normal,Other,"8, RUE DE BELLEVILLE",M,48.87304737560773,2.8709365698151417
201800054657,NonLethal,2018-01-30,08:25:00,Daylight,750,120,Yes,NoIntersection,Normal,NoCollision,"89, COURS DE VINCENNES",M,48.84764819232275,2.8490609772232145
201800054658,NonLethal,2018-01-30,08:25:00,Daylight,750,120,Yes,X-type,Normal,2Vehicles-Behind,AVENUE IBSEN,M,48.86643573982219,2.864831009455948
201800054659,NonLethal,2018-02-01,18:15:00,NightStreelightsOn,750,120,Yes,X-type,Normal,Other,"124, RUE DE MENILMONTANT",M,48.86822277611165,2.870445259073119
201800054660,NonLethal,2018-03-02,00:15:00,NightStreelightsOn,750,120,Yes,NoIntersection,Normal,2Vehicles-BehindVehicles-Frontal,"348, RUE DES PYRENEES",M,48.872821504046975,2.8730264731019264
201800054661,NonLethal,2018-03-02,18:35:00,NightStreelightsOn,750,120,Yes,NoIntersection,LightRain,2Vehicles-Side,"37, AVENUE GAMBETTA",M,48.86461473010282,2.8639987855322007
201800054662,NonLethal,2018-02-03,22:00:00,NightNoStreetLight,750,120,Yes,Square,LightRain,2Vehicles-Behind,ECHANGEUR MONTREUIL,M,48.85690887478987,2.855147139707856
201800054663,NonLethal,2018-02-04,06:55:00,NightNoStreetLight,750,120,Yes,X-type,LightRain,Other,"2, AVENUE DE LA PORTE DE",M,48.85219318348874,2.853665580431021
201800054664,NonLethal,2018-06-02,07:10:00,NightStreelightsOn,750,120,Yes,X-type,SnowOrHail,2Vehicles-Behind,"71, BOULEVARD DAVOUT",M,48.85235082647819,2.854073008838653
201800054665,NonLethal,2018-02-15,17:20:00,Daylight,750,120,Yes,X-type,LightRain,NoCollision,"276, RUE DES PYRENEES",M,48.87091483179835,2.8692724057378203
201800054666,NonLethal,2018-02-15,19:46:00,NightStreelightsOn,750,120,Yes,X-type,LightRain,2Vehicles-Side,BOULEVARD DAVOUT,M,48.85378719434979,2.85360076994075
201800054667,NonLethal,2018-02-21,09:10:00,Daylight,750,120,Yes,Y-type,Normal,2Vehicles-Side,AVENUE CARTELLIER,M,48.86303087006827,2.863974910767115
201800054668,NonLethal,2018-02-21,23:40:00,NightStreelightsOn,750,120,Yes,X-type,Normal,2Vehicles-Side,RUE ALEXANDRE DUMAS,M,48.85513112733855,2.85518653449408
201800054669,NonLethal,2018-02-24,23:00:00,NightStreelightsOn,750,120,Yes,Y-type,Normal,2Vehicles-Side,"116, RUE DES PYRENEES",M,48.858108949536096,2.858520863310092
201800054670,NonLethal,2018-02-26,17:35:00,Daylight,750,120,Yes,X-type,Normal,Other,"47, RUE VITRUVE",M,48.85908831403452,2.857966227490515
201800054671,NonLethal,2018-02-26,18:00:00,TwilightOrDawn,750,120,Yes,NoIntersection,Normal,Other,"21-23, RUE D ANNAM",M,48.86856621549954,2.868174719815844
201800054673,NonLethal,2018-03-05,00:01:00,NightStreelightsOn,750,120,Yes,T-type,Normal,2Vehicles-Behind,"144, RUE D AVRON",M,48.851789814702585,2.8532644432104317
201800054674,NonLethal,2018-05-03,09:20:00,Daylight,750,120,Yes,NoIntersection,Normal,2Vehicles-Side,"182, RUE DES PYRENEES",M,48.8638707863056,2.863888421900376
201800054675,NonLethal,2018-05-03,18:20:00,Daylight,750,120,Yes,X-type,Normal,2Vehicles-Behind,"224, RUE DES PYRENEES",M,48.86759133560613,2.8678956636009865
201800054676,NonLethal,2018-06-03,09:50:00,Daylight,750,120,Yes,X-type,Normal,2Vehicles-Side,"23, AVENUE DE LA PORTE D",M,48.84608911150604,2.844925598587247
201800054677,NonLethal,2018-07-03,20:40:00,NightStreelightsOn,750,120,Yes,T-type,Normal,Other,"42, RUE DE MENILMONTANT",M,48.869627748081065,2.868509552768904
201800054678,NonLethal,2018-09-03,00:35:00,NightStreelightsOn,750,120,Yes,NoIntersection,Normal,Other,"175, RUE DES PYRENEES",M,48.861785345877365,2.860340428471322
201800054679,NonLethal,2018-12-03,06:35:00,TwilightOrDawn,750,120,Yes,X-type,Normal,2Vehicles-Side,"22, RUE LESAGE",M,48.87133919187264,2.8724978998609627
201800054680,NonLethal,2018-12-03,15:45:00,Daylight,750,120,Yes,X-type,Normal,Other,"59, BOULEVARD MORTIER",M,48.86717809103297,2.8677884986694417
201800054681,NonLethal,2018-03-16,15:25:00,Daylight,750,120,Yes,NoIntersection,Normal,2Vehicles-Side,"55, RUE DES PYRENEES",M,48.85202616263809,2.8514982127144517
201800054682,NonLethal,2018-03-23,07:30:00,Daylight,750,120,Yes,NoIntersection,Normal,Other,"8, RUE RAMPONEAU",M,48.87230351514166,2.868201458837001
201800054683,NonLethal,2018-03-24,11:20:00,Daylight,750,112,Yes,NoIntersection,Normal,Other,AVENUE DU TREMBLAY,M,48.83407097798538,2.834387724579305
201800054684,NonLethal,2018-03-30,18:34:00,Daylight,750,120,Yes,Square,Normal,NoCollision,AVENUE GAMBETTA,M,48.86472659892392,2.8650726718662214
201800054685,NonLethal,2018-06-04,09:40:00,Daylight,750,120,Yes,T-type,Normal,NoCollision,"78, RUE HAXO",M,48.87308472402085,2.8750921318610905
201800054686,NonLethal,2018-04-08,14:10:00,Daylight,750,120,Yes,NoIntersection,Normal,Other,RUE DES PYRENEES,M,48.8739781632765,2.873310056000756
201800054687,NonLethal,2018-04-10,14:30:00,Daylight,750,120,Yes,NoIntersection,Normal,Other,"60, RUE DES RONDEAUX",M,48.86397970634331,2.863780536780384
201800054690,NonLethal,2018-04-12,00:35:00,NightStreelightsOn,750,120,Yes,NoIntersection,Normal,Other,AVENUE CARTELLIER,M,48.86347831740076,2.8643019471877134
201800054692,NonLethal,2018-04-14,16:50:00,Daylight,750,120,Yes,T-type,Normal,2Vehicles-Behind,"6, AVENUE DE LA PORTE DE",M,48.86596434414756,2.8636646946220554
201800054693,NonLethal,2018-04-15,01:20:00,NightStreelightsOn,750,111,Yes,NoIntersection,Normal,Other,"25, AVENUE DE LA REPUBLI",M,48.8663593387382,2.8647875883788063
201800054694,NonLethal,2018-04-16,13:00:00,Daylight,750,120,Yes,Square,Normal,Other,"227, BOULEVARD DAVOUT",M,48.86484018648427,2.8651471919107023
201800054695,NonLethal,2018-04-17,11:10:00,Daylight,750,120,Yes,MoreThan4Branches,Normal,Other,AVENUE GAMBETTA,M,48.86527794755194,2.865548933841061
201800054697,NonLethal,2018-04-18,09:45:00,Daylight,750,120,Yes,NoIntersection,VeryGood,Other,"68, RUE DES ORTEAUX",M,48.855255925265226,2.857546673700365
201800054698,NonLethal,2018-04-20,08:15:00,Daylight,750,120,Yes,Square,Normal,2Vehicles-Behind,PLACE GAMBETTA,M,48.86474751266973,2.865542715812183
201800054699,NonLethal,2018-04-20,22:05:00,NightStreelightsOn,750,120,Yes,NoIntersection,Normal,2Vehicles-Side,BOULEVARD PERIPHERIQUE I,M,48.84890303770262,2.848696797897932
201800054700,NonLethal,2018-04-21,17:10:00,Daylight,750,120,Yes,X-type,Normal,2Vehicles-Side,"5, RUE DES DOCTEURS DEJE",M,48.85446360047688,2.853882783936606
201800054701,NonLethal,2018-04-23,11:50:00,Daylight,750,120,Yes,T-type,Normal,NoCollision,"24, RUE PELLEPORT",M,48.863147544007255,2.8645907615811192
201800054702,NonLethal,2018-04-24,13:35:00,Daylight,750,120,Yes,NoIntersection,VeryGood,3+Vehicles-Chain,BOULEVARD PERIPHERIQUE,M,48.86330784524836,2.8641625959229344
201800054703,NonLethal,2018-04-24,15:50:00,Daylight,750,120,Yes,T-type,Normal,Other,"112, RUE DE BELLEVILLE",M,48.87285026732079,2.875703270824953
201800054704,NonLethal,2018-04-24,16:15:00,Daylight,750,120,Yes,T-type,VeryGood,Other,"247, RUE DES PYRENEES",M,48.8625154995681,2.863972122791965
201800054705,NonLethal,2018-04-24,17:45:00,Daylight,750,120,Yes,Square,Normal,2Vehicles-Side,"4, PLACE GAMBETTA",M,48.86480072132012,2.864326562572315
201800054706,NonLethal,2018-04-24,20:15:00,TwilightOrDawn,750,120,Yes,T-type,Normal,2Vehicles-Behind,"16, RUE DE BAGNOLET",M,48.85570485978776,2.855988618016009
201800054707,NonLethal,2018-04-25,11:30:00,Daylight,750,120,Yes,T-type,LightRain,3+Vehicles-Multiple,AVENUE DE LA PORTE DE BA,M,48.86559617189508,2.86541912173673
201800054708,NonLethal,2018-04-27,08:50:00,Daylight,750,120,Yes,NoIntersection,Normal,Other,"90, RUE LOUIS LUMIERE",M,48.86330304857623,2.8640164751933668
201800054709,NonLethal,2018-04-27,16:30:00,Daylight,750,120,Yes,MoreThan4Branches,Normal,3+Vehicles-Chain,"17, RUE BELGRAND",M,48.86482353540266,2.8625793912138366
201800054710,NonLethal,2018-04-27,19:40:00,Daylight,750,120,Yes,X-type,Normal,2Vehicles-Side,"0, AVENUE DU PROFESSEUR",M,48.85420850664885,2.855239751358012
201800054712,NonLethal,2018-02-05,10:20:00,Daylight,750,120,Yes,MoreThan4Branches,Normal,Other,"75, RUE PELLEPORT",M,48.87064356576644,2.8693909332628373
201800054713,NonLethal,2018-06-05,18:45:00,Daylight,750,120,Yes,X-type,Normal,2Vehicles-Side,"347, RUE DES PYRENEES",M,48.87292710535377,2.872097237922556
201800054714,NonLethal,2018-07-05,00:45:00,NightStreelightsOn,750,120,Yes,T-type,Normal,2Vehicles-Side,RUE DES PYRENEES,M,48.85592187359741,2.854230332810812
201800054716,NonLethal,2018-08-05,18:00:00,Daylight,750,120,Yes,X-type,Normal,2Vehicles-Side,RUE DES PYRENEES,M,48.84993624897838,2.850768692977792
201800054717,NonLethal,2018-09-05,02:00:00,NightStreelightsOn,750,119,Yes,NoIntersection,Normal,2Vehicles-Side,"321, RUE DE BELLEVILLE",M,48.87675151863245,2.8759257273401944
201800054718,NonLethal,2018-10-05,08:50:00,Daylight,750,120,Yes,Square,Normal,2Vehicles-Behind,"2, PLACE AUGUSTE METIVIE",M,48.86228460949781,2.863060875754324
201800054719,NonLethal,2018-05-14,19:30:00,Daylight,750,120,Yes,NoIntersection,LightRain,NoCollision,"140, RUE PELLEPORT",M,48.87097963161476,2.871859289712884
201800054720,NonLethal,2018-05-15,19:05:00,Daylight,750,120,Yes,X-type,Normal,2Vehicles-Side,"2, AVENUE DE LA PORTE DE",M,48.85536242034859,2.8548365803323787