AccidentId,Gravity,Date,Hour,Light,Department,Commune,InAgglomeration,IntersectionType,Weather,CollisionType,PostalAddress,GPSCode,Latitude,Longitude
201800054721,NonLethal,2018-05-18,00:01:00,NightStreelightsOn,750,120,Yes,NoIntersection,Normal,2Vehicles-Side,"139, RUE DES PYRENEES",M,48.85927833044153,2.8584735883998182
201800054724,NonLethal,2018-05-19,16:59:00,Daylight,750,120,Yes,NoIntersection,Normal,Other,"6, RUE LEON FRAPIE",M,48.87287627374506,2.8746431737531344
201800054725,NonLethal,2018-05-19,20:50:00,Daylight,750,120,Yes,T-type,Normal,2Vehicles-Side,"27, RUE DES PYRENEES",M,48.84841636181072,2.8493843312877227
201800054726,NonLethal,2018-05-19,20:40:00,NightStreelightsOff,750,120,Yes,NoIntersection,Normal,Other,"116, BOULEVARD DE BELLEV",M,48.871148679370826,2.871315321877605
201800054727,NonLethal,2018-05-20,17:20:00,Daylight,750,120,Yes,NoIntersection,Normal,Other,"53, RUE D AVRON",M,48.8508210045314,2.849514974915432
201800054728,NonLethal,2018-05-22,12:30:00,Daylight,750,120,Yes,NoIntersection,Normal,2Vehicles-Side,"/, AVENUE CARTELLIER",M,48.86599820998767,2.86234702444533
201800054729,NonLethal,2018-05-22,16:40:00,Daylight,750,120,Yes,Y-type,HeavyRain,Other,"8BIS, RUE BELGRAND",M,48.86501026487224,2.8653335770270214
201800054730,NonLethal,2018-05-25,12:20:00,Daylight,750,120,Yes,NoIntersection,Normal,Other,"09, RUE DE L INDRE",M,48.86273026528334,2.8616841158843216
201800054731,NonLethal,2018-05-26,23:40:00,NightStreelightsOn,750,120,Yes,NoIntersection,Normal,3+Vehicles-Multiple,"76, RUE BELGRAND",M,48.86425596890985,2.8659616053771946
201800054732,NonLethal,2018-05-28,07:50:00,Daylight,750,120,Yes,X-type,Normal,2Vehicles-Side,RUE DES PYRENEES,M,48.85676068963367,2.8558507452569177
201800054734,NonLethal,2018-05-30,11:50:00,Daylight,750,120,Yes,X-type,Normal,Other,RUE SERPOLLET,M,48.86214035726989,2.862336807061339
201800054735,NonLethal,2018-05-31,17:25:00,Daylight,750,120,Yes,NoIntersection,Normal,Other,AVENUE GAMBETTA,M,48.86421057218824,2.864188623776896
201800054736,NonLethal,2018-01-06,14:20:00,Daylight,750,120,Yes,Roundabout,Overcast,3+Vehicles-Multiple,AVENUE DE LA PORTE DE VI,M,48.84887739712196,2.843730051958525
201800054737,NonLethal,2018-01-06,21:40:00,TwilightOrDawn,750,120,Yes,X-type,LightRain,2Vehicles-BehindVehicles-Frontal,"66, RUE DES ORTEAUX",M,48.85637922112708,2.8573188803724325
201800054738,NonLethal,2018-06-03,17:15:00,Daylight,750,120,Yes,T-type,Normal,2Vehicles-Side,"73, RUE SAINT BLAISE",M,48.85658154710761,2.857554644208451
201800054741,NonLethal,2018-05-06,18:10:00,Daylight,750,120,Yes,NoIntersection,Normal,Other,"89, AVENUE GAMBETTA",M,48.86474054303837,2.86634067194009
201800054743,NonLethal,2018-06-14,11:20:00,Daylight,750,120,Yes,NoIntersection,Normal,Other,"94, BOULEVARD DE CHARONN",M,48.85284151713644,2.853281801453033
201800054745,NonLethal,2018-06-15,12:30:00,Daylight,750,120,Yes,T-type,Normal,3+Vehicles-Multiple,"62, RUE DE BELLEVILLE",M,48.87353700116545,2.8726510302311623
201800054746,NonLethal,2018-06-16,19:15:00,Daylight,750,120,Yes,NoIntersection,Normal,2Vehicles-Side,"148, RUE DES PYRENEES",M,48.86027975398194,2.8617062809458997
201800054747,NonLethal,2018-06-16,23:00:00,NightStreelightsOn,750,120,Yes,MoreThan4Branches,Normal,2Vehicles-Side,"72, BOULEVARD DAVOUT",M,48.85449046198549,2.8548615556542183
201800054748,NonLethal,2018-06-20,21:45:00,NightStreelightsOn,750,120,Yes,T-type,Normal,2Vehicles-Side,"01, RUE DES VIGNOLES",M,48.85223048646591,2.8529959057579517
201800054749,NonLethal,2018-06-21,18:00:00,Daylight,750,118,Yes,T-type,Normal,Other,"22, AVENUE DE SAINT OUEN",M,48.88837683826364,2.888376562902671
201800054750,NonLethal,2018-06-21,18:40:00,Daylight,750,120,Yes,X-type,Normal,2Vehicles-Side,"8, RUE BELGRAND",M,48.86605736677355,2.8645011339419955
201800054751,NonLethal,2018-06-23,15:00:00,Daylight,750,120,Yes,NoIntersection,Normal,2Vehicles-Side,"155, BOULEVARD DAVOUT",M,48.8585649128562,2.859472240598296
201800054752,NonLethal,2018-06-24,04:15:00,NightStreelightsOn,750,120,Yes,Square,Normal,Other,PLACE DE LA PORTE DE BAG,M,48.86513497301175,2.8634386576138677
201800054753,Lethal,2018-06-27,12:00:00,Daylight,750,120,Yes,T-type,Normal,Other,"37, RUE DES PYRENEES",M,48.85124304743754,2.8511676796231766
201800054754,NonLethal,2018-06-28,12:45:00,Daylight,750,120,Yes,X-type,Normal,Other,BOULEVARD DE BELLEVILLE,M,48.86793733760811,2.8671735333184536
201800054755,NonLethal,2018-06-26,21:15:00,Daylight,750,120,Yes,Square,Normal,2Vehicles-Behind,"0, PLACE DE LA PORTE DE",M,48.85401369488547,2.85526535791665
201800054756,NonLethal,2018-01-07,11:39:00,Daylight,750,120,Yes,X-type,Normal,Other,BOULEVARD PERIPHERIQUE I,M,48.86625220863601,2.865787513402177
201800054757,NonLethal,2018-02-07,09:00:00,Daylight,750,120,Yes,NoIntersection,Normal,2Vehicles-Side,"26, RUE SAINT FARGEAU",M,48.87053323210458,2.8719901659251508
201800054758,NonLethal,2018-04-07,03:05:00,NightStreelightsOn,750,120,Yes,Square,Normal,Other,AVENUE DE LA PORTE DE BA,M,48.863862027866446,2.865637521420192
201800054759,NonLethal,2018-07-08,05:18:00,TwilightOrDawn,750,120,Yes,T-type,Normal,2Vehicles-BehindVehicles-Frontal,"4, BOULEVARD DAVOUT",M,48.84583501007045,2.847583529940663
201800054760,NonLethal,2018-07-09,07:50:00,Daylight,750,120,Yes,X-type,Normal,2Vehicles-Side,BOULEVARD DAVOUT,M,48.85463344758941,2.854906864121872
201800054761,NonLethal,2018-07-10,15:05:00,Daylight,750,120,Yes,Roundabout,Normal,Other,AVENUE DE LA PORTE DE VI,M,48.8478552845742,2.8471566441185394
201800054762,NonLethal,2018-07-12,00:09:00,NightStreelightsOn,750,120,Yes,NoIntersection,Normal,Other,"8, AVENUE DE LA PORTE DE",M,48.85373125534405,2.853065679712948
201800054763,NonLethal,2018-07-12,21:30:00,Daylight,750,120,Yes,Square,Normal,3+Vehicles-Chain,BOULEVARD PERIPHERIQUE E,M,48.8751090706488,2.875634460490825
201800054764,NonLethal,2018-07-12,22:50:00,NightStreelightsOn,750,120,Yes,X-type,Normal,Other,"2, BOULEVARD DE BELLEVIL",M,48.86706555132595,2.8679941928359742
201800054765,NonLethal,2018-07-13,22:20:00,NightStreelightsOn,750,120,Yes,X-type,Normal,2Vehicles-Side,RUE LOUIS LUMIERE,M,48.862113319887705,2.862726964647954
201800054766,NonLethal,2018-07-15,20:55:00,TwilightOrDawn,750,120,Yes,NoIntersection,LightRain,Other,BOULEVARD MORTIER,M,48.87552894309663,2.874973080130468
201800054767,NonLethal,2018-07-17,17:30:00,Daylight,750,120,Yes,T-type,Normal,2Vehicles-Side,BOULEVARD DE MENILMONTAN,M,48.85951616207932,2.859038077273991
201800054770,NonLethal,2018-07-20,13:20:00,Daylight,750,120,Yes,X-type,Normal,2Vehicles-Side,PLACE MARTIN NADAUD,M,48.86619175913537,2.863709298457452
201800054772,NonLethal,2018-07-21,21:00:00,Daylight,750,120,Yes,Square,Normal,2Vehicles-Side,PLACE DE LA PORTE DE BAG,M,48.864477742899695,2.8644728915857414
201800054775,NonLethal,2018-07-24,19:14:00,Daylight,750,120,Yes,X-type,VeryGood,NoCollision,RUE PELLEPORT,M,48.86749225320355,2.868996442634665
201800054776,NonLethal,2018-07-26,17:40:00,Daylight,750,120,Yes,X-type,Normal,2Vehicles-Side,RUE PELLEPORT,M,48.86374056644815,2.8637847454447884
201800054777,NonLethal,2018-07-30,14:25:00,Daylight,750,120,Yes,NoIntersection,Normal,Other,RUE BELGRAND,M,48.862503117243136,2.863742860693611
201800054778,NonLethal,2018-07-31,15:50:00,Daylight,750,120,Yes,T-type,Normal,Other,RUE DE MENILMONTANT,M,,
201800054780,NonLethal,2018-04-08,23:10:00,NightStreelightsOn,750,120,Yes,T-type,Normal,2Vehicles-Side,RUE DES PYRENEES,M,48.86041451554544,2.859941799506228
201800054781,NonLethal,2018-06-08,14:20:00,Daylight,750,120,Yes,X-type,Normal,2Vehicles-Side,RUE BELGRAND,M,48.86583852809536,2.866208536333049
201800054783,NonLethal,2018-08-09,21:45:00,NightStreelightsOn,750,120,Yes,X-type,Normal,2Vehicles-Side,RUE BELGRAND,M,48.86447952100061,2.8651646433223847
201800054784,NonLethal,2018-08-12,09:10:00,Daylight,750,111,Yes,Y-type,Normal,2Vehicles-Behind,RUE SAINT SABIN,M,48.85625220674489,2.856133212330503
201800054785,NonLethal,2018-08-15,11:20:00,Daylight,750,120,Yes,NoIntersection,Normal,2Vehicles-Side,AVENUE DE LA PORTE DE BA,M,48.86477555091962,2.8643573533900937
201800054786,NonLethal,2018-08-18,15:45:00,Daylight,750,120,Yes,NoIntersection,VeryGood,Other,RUE D AVRON,M,,
201800054788,NonLethal,2018-08-24,11:50:00,Daylight,750,120,Yes,NoIntersection,Normal,Other,RUE SAINT FARGEAU,M,48.868828958027976,2.870356310043734
201800054789,NonLethal,2018-08-25,13:00:00,Daylight,750,120,Yes,NoIntersection,Normal,NoCollision,BOULEVARD DE BELLEVILLE,M,48.87229298321464,2.872390709586257
201800054790,NonLethal,2018-08-25,20:00:00,TwilightOrDawn,750,120,Yes,NoIntersection,Normal,Other,AVENUE GAMBETTA,M,48.86420073307813,2.864920874735636
201800054791,NonLethal,2018-02-09,13:45:00,Daylight,750,120,Yes,Y-type,Normal,2Vehicles-Behind,RUE LE BUA,M,48.863264276769335,2.861808252791973
201800054792,NonLethal,2018-03-09,11:45:00,Daylight,750,120,Yes,NoIntersection,Normal,2Vehicles-Side,RUE DES COURONNES,M,48.80154331880623,2.7998655172285707
201800054793,NonLethal,2018-09-06,15:30:00,Daylight,750,120,Yes,NoIntersection,Normal,Other,BOULEVARD DAVOUT,M,48.8639807490673,2.8642383962669467
201800054794,NonLethal,2018-09-07,17:00:00,Daylight,750,102,Yes,Y-type,Normal,Other,RUE MONTMARTRE,M,48.86737322250859,2.866823851371133
201800054795,NonLethal,2018-09-08,16:07:00,Daylight,750,120,Yes,Y-type,Normal,2Vehicles-Behind,BOULEVARD PERIPHERIQUE,M,48.87613534859576,2.875524655624905
201800054796,NonLethal,2018-09-11,03:30:00,NightStreelightsOn,750,120,Yes,X-type,Normal,2Vehicles-Side,BOULEVARD DAVOUT,M,48.85161738416267,2.85347078926543
201800054798,NonLethal,2018-12-09,20:50:00,NightStreelightsOn,750,120,Yes,T-type,Normal,2Vehicles-Side,RUE DES FOUGERES,M,48.86930317971607,2.869695794945916
201800054799,NonLethal,2018-09-13,09:10:00,Daylight,750,120,Yes,NoIntersection,LightRain,NoCollision,AVENUE GAMBETTA,M,48.86266408791058,2.862989094090127
201800054802,NonLethal,2018-09-15,13:40:00,Daylight,750,120,Yes,X-type,Normal,Other,RUE DES PYRENEES,M,48.864870510341774,2.8659083447125857
201800054803,NonLethal,2018-09-18,12:55:00,Daylight,750,120,Yes,X-type,Normal,2Vehicles-Side,RUE DE BAGNOLET,M,48.85583182156789,2.857615429873876
201800054804,NonLethal,2018-09-19,18:20:00,Daylight,750,120,Yes,T-type,Normal,Other,RUE DU TELEGRAPHE,M,48.87231250197495,2.8746415304238795
201800054805,NonLethal,2018-09-20,00:45:00,NightStreelightsOn,750,120,Yes,NoIntersection,Normal,Other,RUE DES GRANDS CHAMPS,M,48.85250097903021,2.8518127617212303
201800054807,NonLethal,2018-09-22,20:05:00,TwilightOrDawn,750,120,Yes,NoIntersection,LightRain,3+Vehicles-Multiple,RUE DE BELLEVILLE,M,48.873729904638346,2.875868689342754
201800054808,NonLethal,2018-09-23,20:08:00,NightStreelightsOn,750,120,Yes,X-type,LightRain,2Vehicles-Side,BOULEVARD DE CHARONNE,M,,
201800054809,NonLethal,2018-09-23,21:00:00,NightStreelightsOn,750,120,Yes,X-type,Normal,2Vehicles-Behind,AVENUE DE LA PORTE DES L,M,48.87699282587592,2.8762350623905326
201800054811,NonLethal,2018-09-27,08:00:00,Daylight,750,112,Yes,NoIntersection,VeryGood,Other,COURS DE VINCENNES,M,48.84936494431646,2.8494313906928306
201800054812,NonLethal,2018-09-29,19:15:00,Daylight,750,120,Yes,X-type,Normal,2Vehicles-Side,RUE BELGRAND,M,48.38522741270501,2.3879863154271628
201800054814,NonLethal,2018-10-01,15:55:00,Daylight,750,120,Yes,Square,Normal,2Vehicles-Side,PLACE GAMBETTA,M,48.86504575416637,2.865316180369144
201800054815,NonLethal,2018-10-05,09:10:00,Daylight,750,120,Yes,NoIntersection,Normal,2Vehicles-Side,AVENUE BENOIT FRACHON,M,,
201800054816,NonLethal,2018-05-10,10:15:00,Daylight,750,120,Yes,NoIntersection,Normal,2Vehicles-Side,RUE DES PYRENEES,M,48.85858817792245,2.859976989357225
201800054817,NonLethal,2018-10-09,08:15:00,Daylight,750,120,Yes,X-type,Normal,2Vehicles-Side,AVENUE DE LA PORTE DE VI,M,48.8465187034024,2.846804154400417
201800054818,NonLethal,2018-11-10,12:10:00,Daylight,750,120,Yes,NoIntersection,Normal,Other,AVENUE GAMBETTA,M,48.87475044633686,2.8738078497115067
201800054821,NonLethal,2018-10-17,01:15:00,NightStreelightsOn,750,120,Yes,X-type,Normal,Other,RUE BELGRAND,M,48.86595511121893,2.863515768062155
201800054822,NonLethal,2018-10-17,18:50:00,TwilightOrDawn,750,120,Yes,X-type,Normal,2Vehicles-Side,RUE VICTOR SEGALEN,M,48.85945503902148,2.860665013048161
201800054824,NonLethal,2018-10-19,16:20:00,Daylight,750,120,Yes,NoIntersection,Normal,Other,RUE SAINT FARGEAU,M,48.87160278687703,2.8693427239867297
201800054825,NonLethal,2018-10-19,20:35:00,NightStreelightsOn,750,120,Yes,Y-type,Normal,NoCollision,BOULEVARD DE CHARONNE,M,48.85696415575821,2.8579376186958485
201800054826,NonLethal,2018-10-19,22:00:00,NightStreelightsOn,750,120,Yes,X-type,Normal,2Vehicles-Side,RUE BELGRAND,M,48.86594128013952,2.865061461256512
201800054828,NonLethal,2018-10-19,16:55:00,Daylight,750,120,Yes,Y-type,Normal,2Vehicles-Side,AVENUE GAMBETTA,M,48.87668477569305,2.874719872469212
201800054829,NonLethal,2018-10-20,17:00:00,Daylight,750,120,Yes,T-type,Normal,2Vehicles-Behind,RUE D AVRON,M,48.85306448128316,2.8544133649528307
201800054830,NonLethal,2018-10-21,05:55:00,NightStreelightsOn,750,120,Yes,NoIntersection,Normal,Other,RUE BELGRAND,M,48.865570775450166,2.8648346356994923
201800054831,NonLethal,2018-10-21,11:35:00,Daylight,750,120,Yes,NoIntersection,Normal,Other,RUE D AVRON,M,48.85295560985366,2.852803124893152
201800054832,NonLethal,2018-10-22,20:45:00,NightStreelightsOn,750,120,Yes,X-type,Normal,2Vehicles-Side,AVENUE DE LA PORTE DE MO,M,48.85444391124048,2.8537722037906463
201800054833,NonLethal,2018-10-23,06:50:00,NightStreelightsOn,750,120,No,Y-type,Normal,2Vehicles-Side,PORTE DE MONTREUIL,M,48.8574497274413,2.856551321682396
201800054834,NonLethal,2018-10-23,15:15:00,Daylight,750,120,Yes,X-type,Normal,Other,BOULEVARD DE BELLEVILLE,M,48.86177958573156,2.862653532303019
201800054835,NonLethal,2018-10-25,09:00:00,Daylight,750,120,Yes,T-type,Normal,2Vehicles-Side,VILLA DES PYRENEES,M,48.86797917057228,2.867909902721597
201800054836,NonLethal,2018-10-26,14:10:00,Daylight,750,120,Yes,X-type,Overcast,NoCollision,BOULEVARD DE MENILMONTAN,M,48.86467209543516,2.864700949144321
201800054837,NonLethal,2018-10-28,11:35:00,Daylight,750,120,Yes,T-type,Normal,Other,RUE SCHUBERT,M,,
201800054839,NonLethal,2018-10-30,10:15:00,Daylight,750,120,Yes,NoIntersection,HeavyRain,Other,BOULEVARD MORTIER,M,48.8775715404936,2.87601759069781
201800054840,NonLethal,2018-10-30,13:40:00,Daylight,750,120,Yes,X-type,Overcast,2Vehicles-Side,RUE D AVRON,M,48.851122912459886,2.8504654742593227
201800054842,NonLethal,2018-01-11,07:30:00,TwilightOrDawn,750,120,Yes,T-type,Normal,Other,RUE D AVRON,M,45.85384512519815,2.853104620258635
201800054843,NonLethal,2018-11-01,19:30:00,NightStreelightsOn,750,120,Yes,X-type,LightRain,Other,RUE DES PYRENEES,M,48.86964478371887,2.8692577594860973
201800054845,NonLethal,2018-04-11,11:40:00,Daylight,750,120,Yes,Square,Normal,Other,PLACE MARTIN NADAUD,M,,
201800054848,NonLethal,2018-11-08,16:40:00,TwilightOrDawn,750,120,Yes,T-type,Normal,2Vehicles-Side,RUE D AVRON,M,48.853268918594814,2.8514206039649626
201800054849,NonLethal,2018-09-11,08:45:00,Daylight,750,120,Yes,X-type,Normal,Other,RUE ORFILA,M,48.86402977945777,2.864951381324774
201800054851,NonLethal,2018-11-10,18:45:00,NightStreelightsOn,750,120,Yes,T-type,LightRain,3+Vehicles-Chain,RUE BELGRAND,M,48.86380299701669,2.864898898734907
201800054852,NonLethal,2018-11-15,20:10:00,NightStreelightsOn,750,120,Yes,NoIntersection,FogOrSmoke,Other,AVENUE GAMBETTA,M,48.865542118394806,2.863692379731689
201800054853,NonLethal,2018-11-15,20:15:00,NightStreelightsOn,750,120,Yes,X-type,Normal,Other,RUE DE BELLEVILLE,M,48.87467713035642,2.8758480549202226
201800054854,NonLethal,2018-11-17,15:10:00,Daylight,750,120,Yes,X-type,Normal,2Vehicles-Side,RUE FRANCIS PICABIA,M,48.46851207977746,2.4680003745501637
201800054856,NonLethal,2018-11-17,20:25:00,NightStreelightsOn,750,120,Yes,NoIntersection,Normal,2Vehicles-Side,RUE DES PYRENEES,M,48.8615627961557,2.8615603026541545
201800054858,NonLethal,2018-11-20,20:55:00,NightStreelightsOn,750,120,Yes,T-type,Normal,NoCollision,RUE DE MENILMONTANT,M,48.87041519641149,2.869530141523381
201800054859,NonLethal,2018-11-22,10:15:00,Daylight,750,112,Yes,X-type,Normal,2Vehicles-Side,RUE DE REUILLY,M,48.84610644950341,2.844987255825123
201800054860,NonLethal,2018-11-25,17:40:00,NightStreelightsOn,750,120,Yes,Square,LightRain,Other,AVENUE DE LA PORTE DE MO,M,48.86552120695845,2.866086151642344
201800054861,NonLethal,2018-11-27,10:40:00,Daylight,750,120,Yes,X-type,Normal,Other,RUE BELGRAND,M,48.86422582737923,2.862970254153732
201800054862,NonLethal,2018-03-12,07:47:00,Daylight,750,120,Yes,X-type,Overcast,2Vehicles-Side,AVENUE IBSEN,M,48.86541428867249,2.865422467620053
201800054863,NonLethal,2018-12-03,19:30:00,NightStreelightsOn,750,120,Yes,X-type,Normal,Other,RUE DE TLEMCEN,M,48.864802447262456,2.86704519589823
201800054864,NonLethal,2018-12-04,14:40:00,Daylight,750,120,Yes,T-type,Normal,Other,RUE D AVRON,M,48.85315720423769,2.8543146839855096
201800054865,NonLethal,2018-11-12,21:55:00,NightStreelightsOn,750,112,Yes,X-type,Normal,Other,COURS DE VINCENNES,M,,
201800054866,NonLethal,2018-12-15,18:50:00,NightStreelightsOn,750,120,Yes,T-type,HeavyRain,Other,RUE D AVRON,M,48.85574795525056,2.854553496615699
201800054867,NonLethal,2018-12-18,11:20:00,Daylight,750,120,Yes,NoIntersection,Normal,Other,RUE ETIENNE DOLET,M,48.86629414585617,2.866925397697353
201800054868,NonLethal,2018-12-21,09:20:00,TwilightOrDawn,750,120,Yes,X-type,LightRain,NoCollision,RUE DES PYRENEES,M,48.84960897141708,2.8508640631304334
201800054869,NonLethal,2018-12-21,11:15:00,Daylight,750,120,Yes,Square,LightRain,Other,RUE BELGRAND,M,48.86238005315136,2.8644907217710416
201800054870,NonLethal,2018-12-26,09:20:00,Daylight,750,120,Yes,X-type,Normal,2Vehicles-Side,RUE DE BUZENVAL,M,48.79968768344171,2.7988181636710867
201800054871,NonLethal,2018-12-30,02:25:00,NightStreelightsOn,750,120,Yes,X-type,LightRain,2Vehicles-Side,RUE DE MENILMONTANT,M,48.869407929815786,2.868731943343115
201800054872,NonLethal,2018-12-30,02:55:00,NightStreelightsOn,750,120,Yes,T-type,LightRain,2Vehicles-Side,RUE DE MENILMONTANT,M,48.87072791845262,2.868238147015797
201800054873,NonLethal,2018-12-30,20:30:00,NightStreelightsOn,750,120,Yes,T-type,LightRain,Other,RUE D AVRON,M,48.8532749899514,2.852181267582372
201800054874,NonLethal,2018-01-09,06:13:00,NightStreelightsOn,750,106,Yes,X-type,Normal,2Vehicles-Behind,RUE DE RENNES,M,48.83941263823738,2.841758622978873
201800054875,NonLethal,2018-11-02,19:40:00,NightStreelightsOn,750,105,Yes,X-type,Normal,2Vehicles-Side,RUE DES ECOLES,M,48.84645587138526,2.84804791816968
201800054876,NonLethal,2018-11-04,10:28:00,Daylight,750,106,Yes,X-type,Normal,2Vehicles-Side,BOULEVARD DU MONTPARNASS,M,48.84116645460729,2.8409370842717654
201800054879,NonLethal,2018-11-14,19:27:00,NightStreelightsOn,750,105,Yes,X-type,Normal,Other,PONT DE SULLY,M,48.84790756609079,2.848962481980972
201800054881,NonLethal,2018-11-19,20:40:00,NightStreelightsOn,750,105,Yes,Roundabout,Normal,2Vehicles-Behind,RUE THOUIN,M,,
201800054882,NonLethal,2018-01-12,11:30:00,Daylight,750,105,Yes,T-type,LightRain,Other,RUE GAY LUSSAC,M,,
201800054883,NonLethal,2018-12-03,09:23:00,Daylight,750,113,Yes,T-type,Normal,2Vehicles-BehindVehicles-Frontal,BOULEVARD SAINT MARCEL,M,48.83835886284388,2.836411784557481
201800054884,NonLethal,2018-05-12,11:50:00,Daylight,750,105,Yes,T-type,Normal,2Vehicles-Side,QUAI DE LA TOURNELLE,M,48.850537169920656,2.852838915834399
201800054885,NonLethal,2018-12-21,12:30:00,Daylight,750,105,Yes,NoIntersection,Normal,Other,RUE CENSIER,M,,
201800054886,NonLethal,2018-12-21,17:45:00,NightStreelightsOn,750,105,Yes,NoIntersection,Normal,3+Vehicles-Chain,RUE MONGE,M,48.83780677464812,2.840350862222361
201800054888,NonLethal,2018-01-05,12:04:00,Daylight,750,118,Yes,T-type,Normal,2Vehicles-Side,"48, BOULEVARD NEY",M,48.89894726404911,2.8979337652127417
201800054889,Lethal,2018-06-01,22:53:00,NightStreelightsOn,750,107,Yes,X-type,Normal,Other,PONT ALEXANDRE III,M,48.862951298225205,2.863378126948793
201800054890,NonLethal,2018-01-07,03:39:00,NightStreelightsOn,750,110,Yes,X-type,Normal,2Vehicles-Side,"/, RUE JULIETTE DODU",M,48.87672745659581,2.8744932341223626
201800054891,NonLethal,2018-09-01,08:42:00,Daylight,750,114,Yes,NoIntersection,Normal,3+Vehicles-Multiple,"75, AVENUE DENFERT ROCHE",M,48.83418490374111,2.836497736182611
201800054893,NonLethal,2018-01-13,18:56:00,NightStreelightsOn,750,114,Yes,X-type,Normal,2Vehicles-Side,RUE D ALESIA,M,48.83299126666061,2.832951091109145
201800054894,NonLethal,2018-01-14,11:16:00,Daylight,750,110,Yes,NoIntersection,Normal,Other,"183, QUAI DE VALMY",M,48.88077563221535,2.882519345215127
201800054896,NonLethal,2018-01-18,03:45:00,NightStreelightsOn,750,108,Yes,Square,LightRain,Other,PLACE GABRIEL PERI,M,48.87605760091142,2.873531251135917
201800054897,NonLethal,2018-01-18,08:00:00,TwilightOrDawn,750,114,Yes,X-type,Normal,Other,"84, BOULEVARD ARAGO",M,48.83454817356422,2.8363635610806286
201800054898,NonLethal,2018-01-19,08:30:00,TwilightOrDawn,750,116,Yes,X-type,Normal,2Vehicles-Side,"43, AVENUE PAUL DOUMER",M,48.86014966939448,2.8608257169175464
201800054899,NonLethal,2018-01-19,15:00:00,Daylight,750,113,Yes,X-type,Normal,2Vehicles-Behind,"1, PLACE VALHUBERT",M,48.841540821113234,2.845193235028586
201800054900,NonLethal,2018-01-19,18:19:00,NightStreelightsOn,750,112,Yes,X-type,Normal,2Vehicles-Side,AVENUE DE NOGENT,M,48.83759252962019,2.837879881650208
201800054901,NonLethal,2018-01-20,20:09:00,NightStreelightsOn,750,120,Yes,NoIntersection,LightRain,Other,AVENUE BENOIT FRACHON,M,48.85052999734172,2.8511495988887883
201800054904,Lethal,2018-01-23,02:20:00,NightStreelightsOn,750,112,Yes,NoIntersection,Normal,Other,ALLEE DE BERCY,M,48.84291527686989,2.843984512710822
201800054905,NonLethal,2018-01-23,12:45:00,Daylight,750,105,Yes,X-type,Normal,Other,"52, BOULEVARD SAINT MARC",M,48.83707220952099,2.8382374074473797
201800054907,NonLethal,2018-01-24,07:40:00,NightStreelightsOn,750,116,Yes,X-type,Overcast,Other,AVENUE FOCH,M,48.872285059646885,2.872448356932406
201800054908,NonLethal,2018-01-25,14:02:00,Daylight,750,115,Yes,T-type,LightRain,2Vehicles-Side,QUAI D ISSY LES MOULINEA,M,48.8370172642774,2.8358980867244417
201800054909,NonLethal,2018-01-27,04:37:00,NightStreelightsOn,750,108,Yes,Square,Normal,Other,"/, COUR DE ROME",M,48.87656563003688,2.8727708967851706
201800054910,NonLethal,2018-01-27,18:05:00,NightStreelightsOn,750,103,Yes,NoIntersection,Normal,3+Vehicles-Chain,"22, RUE BEAUBOURG",M,48.86258465563842,2.863809450885765
201800054911,NonLethal,2018-01-28,01:42:00,NightStreelightsOn,750,109,Yes,T-type,LightRain,Other,"21-23, RUE BERGERE",M,48.87265370068919,2.87124455190294
201800054912,NonLethal,2018-01-29,04:50:00,NightStreelightsOn,750,117,Yes,Y-type,Normal,NoCollision,AVENUE DE LA PORTE D ASN,M,48.89216700251434,2.891880750998321
201800054913,NonLethal,2018-01-30,08:27:00,Daylight,750,106,Yes,X-type,Normal,3+Vehicles-Multiple,RUE DE VAUGIRARD,M,48.84751869884319,2.8472945043402733
201800054916,NonLethal,2018-01-31,13:45:00,Daylight,750,112,Yes,X-type,HeavyRain,Other,"98, QUAI DE LA RAPEE",M,48.84684256283339,2.846928622441085
201800054917,NonLethal,2018-01-31,14:52:00,Daylight,750,101,Yes,X-type,HeavyRain,2Vehicles-Side,"2, BOULEVARD DU PALAIS",M,48.85317671674152,2.853653898849474
201800054919,NonLethal,2018-02-01,23:45:00,NightStreelightsOn,750,117,Yes,X-type,Normal,Other,AVENUE DE LA PORTE DE CH,M,48.88562422779882,2.8849825122941835
201800054920,NonLethal,2018-02-02,13:34:00,Daylight,750,116,Yes,X-type,Normal,Other,"59, AVENUE KLEBER",M,48.86641412656455,2.8654451391835134
201800054921,NonLethal,2018-02-03,02:20:00,NightStreelightsOn,750,106,Yes,T-type,LightRain,Other,QUAI MALAQUAIS,M,48.85726737981796,2.8571057861548246
201800054922,NonLethal,2018-02-03,03:45:00,NightStreelightsOn,750,103,Yes,X-type,Normal,Other,"38, RUE CHAPON",M,48.86315917130474,2.86354077269463
201800054923,NonLethal,2018-02-04,21:04:00,NightStreelightsOn,750,119,Yes,X-type,Normal,2Vehicles-Side,"/, RUE DE CRIMEE",M,48.89318903979373,2.89123699289486
201800054924,NonLethal,2018-02-05,12:54:00,Daylight,750,107,Yes,X-type,SnowOrHail,2Vehicles-Side,"130, RUE DE L UNIVERSITE",M,48.86131560507163,2.8591971846590543
201800054930,Lethal,2018-02-16,11:12:00,Daylight,750,114,Yes,X-type,Normal,Other,PLACE DE LA PORTE DE VAN,M,48.827434659172695,2.827148193874153
201800054931,NonLethal,2018-02-16,22:50:00,NightStreelightsOn,750,103,Yes,X-type,Normal,2Vehicles-Side,RUE BEAUBOURG,M,48.86670036226949,2.866537776246469
201800054934,NonLethal,2018-02-20,19:43:00,NightStreelightsOn,750,120,Yes,NoIntersection,Normal,2Vehicles-Behind,"209, AVENUE GAMBETTA",M,48.87303226150765,2.87407029974352
201800054936,NonLethal,2018-02-22,23:42:00,NightStreelightsOn,750,117,Yes,X-type,Normal,Other,"96, AVENUE DE CLICHY",M,48.88974729964195,2.8892777876567632