AccidentId,Gravity,Date,Hour,Light,Department,Commune,InAgglomeration,IntersectionType,Weather,CollisionType,PostalAddress,GPSCode,Latitude,Longitude
201800054937,NonLethal,2018-02-25,16:30:00,Daylight,750,117,Yes,Y-type,Normal,3+Vehicles-Chain,ECHANGEUR SAINT OUEN,M,48.900496159048544,2.898656833158474
201800054938,NonLethal,2018-02-26,00:35:00,NightStreelightsOn,750,113,Yes,T-type,Normal,2Vehicles-Side,"51, AVENUE DES GOBELINS",M,48.83510196455002,2.834012988924953
201800054939,Lethal,2018-02-26,19:15:00,TwilightOrDawn,750,108,Yes,X-type,Normal,Other,BOULEVARD MALESHERBES,M,48.8685153889578,2.869299764899625
201800054941,NonLethal,2018-03-01,09:50:00,Daylight,750,108,Yes,X-type,Overcast,2Vehicles-Side,"6, PLACE SAINT AUGUSTIN",M,48.87369331932657,2.874676159386223
201800054942,NonLethal,2018-03-03,00:38:00,NightStreelightsOn,750,114,Yes,T-type,Normal,Other,"/, RUE VERCINGETORIX",M,48.83206025476308,2.832762172455292
201800054943,NonLethal,2018-03-05,14:56:00,Daylight,750,107,Yes,X-type,Normal,Other,"225, BOULEVARD SAINT GER",M,48.8590248029464,2.8588739527786773
201800054944,NonLethal,2018-07-03,14:05:00,Daylight,750,116,Yes,Square,Overcast,2Vehicles-Side,CARREFOUR DU BOUT DES LA,M,48.86873300165782,2.871726204193136
201800054945,NonLethal,2018-09-03,01:27:00,NightStreelightsOn,750,116,Yes,T-type,Normal,Other,BOULEVARD LANNES,M,48.871672532592505,2.867182464128621
201800054946,NonLethal,2018-09-03,07:10:00,TwilightOrDawn,750,115,Yes,Y-type,Normal,Other,"66, AVENUE DE SUFFREN",M,48.85265895272783,2.8552318605820477
201800054947,NonLethal,2018-03-09,12:45:00,Daylight,750,106,Yes,T-type,Normal,Other,"93, BOULEVARD DU MONTPAR",M,48.84214787039373,2.839794186165599
201800054948,NonLethal,2018-10-03,19:05:00,NightStreelightsOn,750,118,Yes,NoIntersection,Normal,Other,"1OO, RUE DE LA CHAPELLE",M,48.898030448990205,2.896965377707172
201800054949,NonLethal,2018-03-13,13:21:00,Daylight,750,119,Yes,X-type,Normal,Other,", BOULEVARD D ALGERIE",M,48.883591873874416,2.884305454688477
201800054950,NonLethal,2018-03-13,16:08:00,Daylight,750,114,Yes,NoIntersection,Normal,3+Vehicles-Chain,BOULEVARD PERIPHERIQUE I,M,48.815400401598446,2.817180356807645
201800054952,NonLethal,2018-03-14,18:45:00,NightStreelightsOn,750,117,Yes,T-type,Normal,Other,"62, RUE POUCHET",M,48.89595781292818,2.894678949420653
201800054953,NonLethal,2018-03-15,19:10:00,NightStreelightsOn,750,116,Yes,NoIntersection,Normal,Other,"13, AVENUE THEOPHILE GAU",M,48.85055153461223,2.8517456797485994
201800054954,Lethal,2018-03-16,14:17:00,Daylight,750,112,Yes,NoIntersection,Normal,Other,BOULEVARD PERIPHERIQUE E,M,48.83188570174654,2.8332267994321048
201800054956,NonLethal,2018-03-17,10:24:00,Daylight,750,118,Yes,Square,LightRain,Other,"95, RUE CAULAINCOURT",M,48.88762073167382,2.8893793935753567
201800054957,NonLethal,2018-03-17,18:01:00,NightStreelightsOn,750,119,Yes,Square,SnowOrHail,2Vehicles-Side,PLACE DE LA BATAILLE DE,M,48.88350236366736,2.8828154680385505
201800054959,NonLethal,2018-03-22,12:50:00,Daylight,750,103,Yes,NoIntersection,Normal,Other,"35, RUE NOTRE DAME DE NA",M,48.8688469234806,2.866728179883957
201800054960,NonLethal,2018-03-23,04:00:00,NightStreelightsOn,750,116,Yes,T-type,Normal,Other,BOULEVARD PERIPHERIQUE E,M,48.84704858955622,2.8479591328419995
201800054961,NonLethal,2018-03-23,18:52:00,TwilightOrDawn,750,115,Yes,NoIntersection,Normal,Other,"43, RUE CAMBRONNE",M,48.8457926608908,2.845469082314669
201800054963,NonLethal,2018-03-26,20:12:00,NightStreelightsOn,750,110,Yes,NoIntersection,Normal,Other,"18, RUE BICHAT",M,48.87190203824038,2.8696860321721225
201800054964,NonLethal,2018-03-28,09:00:00,Daylight,750,116,Yes,T-type,HeavyRain,Other,"4, AVENUE DU PRESIDENT K",M,48.857904420534815,2.8587840271381126
201800054965,NonLethal,2018-03-30,02:23:00,NightStreelightsOn,750,107,Yes,X-type,Normal,2Vehicles-Side,", RUE DE VARENNE",M,48.85368564994174,2.8546201072680937
201800054966,NonLethal,2018-03-30,21:13:00,NightStreelightsOn,750,105,Yes,MoreThan4Branches,Normal,Other,"118, RUE MONGE",M,48.83860714676194,2.837765143375204
201800054967,NonLethal,2018-03-31,08:22:00,Daylight,750,107,Yes,T-type,Normal,NoCollision,"33, QUAI D ORSAY",M,48.8618305215918,2.8631228952853487
201800054968,NonLethal,2018-02-04,00:10:00,NightStreelightsOn,750,119,Yes,X-type,Normal,Other,"29, BOULEVARD D ALGERIE",M,48.88417616020249,2.884256409842302
201800054969,NonLethal,2018-03-04,23:56:00,NightStreelightsOn,750,107,Yes,X-type,Normal,2Vehicles-Side,RUE DE L UNIVERSITE,M,48.860066399493824,2.8601239156431
201800054970,NonLethal,2018-06-04,00:56:00,NightStreelightsOff,750,114,Yes,Y-type,Normal,Other,BOULEVARD PERIPHERIQUE E,M,48.81893028007749,2.8177583271374744
201800054971,NonLethal,2018-07-04,21:27:00,NightStreelightsOn,750,115,Yes,X-type,Normal,2Vehicles-Side,"117, RUE DE LA CONVENTIO",M,48.84055769299835,2.8403572221351374
201800054972,Lethal,2018-04-12,09:27:00,Daylight,750,102,Yes,X-type,Normal,Other,"73, RUE REAUMUR",M,48.86759227134181,2.865822589404001
201800054973,Lethal,2018-04-13,03:28:00,NightStreelightsOn,750,112,Yes,Y-type,Normal,Other,"10, BOULEVARD DE LA GUYA",M,48.8346875449304,2.832681116148391
201800054974,NonLethal,2018-04-13,22:15:00,NightStreelightsOn,750,112,Yes,Y-type,Normal,Other,"00, BOULEVARD DE BERCY",M,48.839573504974005,2.8397540738830225
201800054975,Lethal,2018-04-14,12:10:00,Daylight,750,115,Yes,NoIntersection,Normal,Other,QUAI ANDRE CITROEN,M,48.84244744382697,2.8439286911741024
201800054976,NonLethal,2018-04-15,17:44:00,Daylight,750,118,Yes,Y-type,Normal,Other,"33, RUE ORDENER",M,48.89236303027502,2.889758870024266
201800054977,NonLethal,2018-04-16,09:39:00,Daylight,750,118,Yes,NoIntersection,Normal,3+Vehicles-Chain,BOULEVARD PERIPHERIQUE,M,48.90000596764007,2.899711413233363
201800054978,NonLethal,2018-04-16,15:10:00,Daylight,750,112,Yes,NoIntersection,Normal,2Vehicles-Side,ECHANGEUR BERCY,M,48.82811598840055,2.826158354638463
201800054979,NonLethal,2018-04-17,12:50:00,Daylight,750,111,Yes,Square,Normal,2Vehicles-Side,"1, AVENUE PARMENTIER",M,48.85853324195558,2.8595913961123705
201800054980,NonLethal,2018-04-19,05:50:00,NightStreelightsOn,750,118,Yes,NoIntersection,Normal,2Vehicles-BehindVehicles-Frontal,"51, RUE DE LA CHAPELLE",M,48.89440374034872,2.894212715548427
201800054982,Lethal,2018-04-20,09:24:00,Daylight,750,107,Yes,MoreThan4Branches,Normal,2Vehicles-Side,QUAI D ORSAY,M,48.86353915327998,2.861226901755382
201800054983,NonLethal,2018-04-21,17:34:00,Daylight,750,119,Yes,NoIntersection,Normal,2Vehicles-Side,AVENUE DE LA PORTE DU PR,M,48.87773291313636,2.878388071294654
201800054984,NonLethal,2018-04-21,18:05:00,Daylight,750,110,Yes,Y-type,Normal,Other,"98, BOULEVARD DE MAGENTA",M,48.87618823037803,2.878260933626374
201800054985,NonLethal,2018-04-22,08:08:00,Daylight,750,101,Yes,X-type,Normal,2Vehicles-Side,"12, QUAI FRANCOIS MITTER",M,48.85998279658405,2.860023599454802
201800054987,NonLethal,2018-04-22,20:45:00,TwilightOrDawn,750,116,Yes,X-type,Normal,2Vehicles-Side,AVENUE DE L HIPPODROME,M,48.85942773414025,2.857283031615525
201800054988,NonLethal,2018-04-23,17:40:00,Daylight,750,113,Yes,NoIntersection,Normal,2Vehicles-Behind,BOULEVARD PERIPHERIQUE E,M,48.81728500984713,2.8183168295728698
201800054989,Lethal,2018-04-24,07:11:00,Daylight,750,115,Yes,NoIntersection,Normal,3+Vehicles-Chain,BOULEVARD PERIPHERIQUE E,M,48.82528077899279,2.824949988889699
201800054990,NonLethal,2018-04-25,09:00:00,Daylight,750,106,Yes,X-type,Normal,Other,BOULEVARD SAINT GERMAIN,M,48.85315376938071,2.852393817402071
201800054991,NonLethal,2018-04-26,01:10:00,NightStreelightsOn,750,111,Yes,MoreThan4Branches,Normal,Other,"/, AVENUE DE LA REPUBLIQ",M,48.867281772629866,2.8657070537930958
201800054992,NonLethal,2018-04-26,11:40:00,Daylight,750,118,Yes,Y-type,Normal,2Vehicles-Side,PORTE D AUBERVILLIERS,M,48.90019213591949,2.900021200938437
201800054993,NonLethal,2018-04-26,19:02:00,Daylight,750,117,Yes,NoIntersection,Normal,NoCollision,PORTE D ASNIERES,M,48.889938474297104,2.8898986509075386
201800054994,NonLethal,2018-04-27,02:06:00,NightStreelightsOn,750,116,Yes,T-type,Normal,2Vehicles-Side,ROUTE DES LACS A PASSY,M,48.85950916557799,2.8603433437452983
201800054995,NonLethal,2018-04-28,01:00:00,NightStreelightsOn,750,116,Yes,Y-type,Normal,Other,RUE DU RANELAGH,M,48.85662969579956,2.8564540592784136
201800054996,NonLethal,2018-04-28,12:20:00,Daylight,750,116,Yes,NoIntersection,Normal,NoCollision,"20, AVENUE DE NEW YORK",M,48.86367294735591,2.8633126395903794
201800054997,NonLethal,2018-04-28,14:28:00,Daylight,750,114,Yes,NoIntersection,Normal,Other,"25, RUE GAZAN",M,48.82217268204893,2.821777056273684
201800054998,NonLethal,2018-04-29,07:28:00,Daylight,750,112,Yes,Y-type,LightRain,2Vehicles-Side,ECHANGEUR BERCY,M,48.82741357905213,2.82830836167224
201800055000,NonLethal,2018-04-30,16:39:00,Daylight,750,108,Yes,X-type,LightRain,Other,RUE DE MIROMESNIL,M,48.87225655106658,2.872566159081642
201800055001,NonLethal,2018-05-01,03:03:00,NightStreelightsOn,750,116,Yes,NoIntersection,Normal,2Vehicles-Behind,BOULEVARD PERIPHERIQUE I,M,48.87704854354259,2.8768137913580234
201800055002,NonLethal,2018-05-03,17:28:00,Daylight,750,116,Yes,X-type,Normal,Other,"69, AVENUE GEORGES MANDE",M,48.8640885345837,2.863950267529477
201800055003,NonLethal,2018-05-05,01:30:00,NightStreelightsOn,750,113,Yes,NoIntersection,Normal,Other,BOULEVARD PERIPHERIQUE I,M,48.81674965806289,2.817132826837017
201800055005,Lethal,2018-05-05,05:42:00,NightStreelightsOn,750,115,Yes,NoIntersection,Normal,Other,QUAI ANDRE CITROEN,M,48.84122592093328,2.8399211584422197
201800055006,NonLethal,2018-05-05,23:23:00,NightStreelightsOn,750,114,Yes,T-type,Normal,2Vehicles-Behind,"82, RUE D ALESIA",M,48.830689199362986,2.8290087218922944
201800055007,NonLethal,2018-05-07,19:00:00,Daylight,750,116,Yes,X-type,Normal,2Vehicles-Side,RUE GEORGE SAND,M,48.84998916523431,2.849136877576183
201800055009,NonLethal,2018-05-10,14:02:00,Daylight,750,118,Yes,NoIntersection,Normal,Other,BOULEVARD PERIPHERIQUE E,M,48.90168592427856,2.901612643798709
201800055010,NonLethal,2018-05-13,00:13:00,NightStreelightsOn,750,119,Yes,NoIntersection,Normal,2Vehicles-BehindVehicles-Frontal,RUE BOTZARIS,M,48.87984065014143,2.880104501630916
201800055012,NonLethal,2018-05-15,15:07:00,Daylight,750,116,Yes,MoreThan4Branches,Normal,Other,"20, RUE GEORGE SAND",M,48.84767535864819,2.8494541265178315
201800055015,NonLethal,2018-05-19,20:07:00,Daylight,750,112,No,NoIntersection,Normal,3+Vehicles-Chain,ECHANGEUR BERCY,M,48.828363589619386,2.828037223050791
201800055016,NonLethal,2018-05-20,13:30:00,Daylight,750,114,Yes,T-type,Normal,Other,RUE DE L AMIRAL MOUCHEZ,M,48.82133867551881,2.821833434399317
201800055017,NonLethal,2018-05-20,13:50:00,Daylight,750,114,Yes,NoIntersection,Normal,Other,AVENUE DE LA PORTE DE MO,M,48.82175556629444,2.823023074500812
201800055018,NonLethal,2018-05-22,17:30:00,TwilightOrDawn,750,119,Yes,NoIntersection,LightRain,2Vehicles-Behind,BOULEVARD PERIPHERIQUE E,M,48.90066654140061,2.900935875978443
201800055019,NonLethal,2018-05-24,15:52:00,Daylight,750,114,Yes,NoIntersection,Normal,Other,"15, RUE PAUL FORT",M,48.823830972745206,2.8241286425232754
201800055020,NonLethal,2018-05-24,18:13:00,Daylight,750,108,Yes,NoIntersection,Normal,2Vehicles-Side,"103, RUE DU FAUBOURG SAI",M,48.87311638466088,2.8732622282534583
201800055022,NonLethal,2018-05-25,19:25:00,TwilightOrDawn,750,112,Yes,X-type,LightRain,2Vehicles-Side,RUE TRAVERSIERE,M,48.845217275615,2.8448612118212977
201800055024,NonLethal,2018-05-28,11:36:00,Daylight,750,112,Yes,NoIntersection,Normal,Other,"308, RUE DE CHARENTON",M,48.83544566099587,2.835265687917816
201800055025,NonLethal,2018-05-29,17:45:00,Daylight,750,107,Yes,NoIntersection,LightRain,Other,"20, BOULEVARD DES INVALI",M,48.85224862389371,2.8506366459037045
201800055026,Lethal,2018-05-30,12:22:00,Daylight,750,120,Yes,X-type,Normal,Other,"268, RUE DES PYRENEES",M,48.87022880735543,2.8692653083132376
201800055027,NonLethal,2018-05-30,15:10:00,Daylight,750,116,Yes,NoIntersection,Normal,3+Vehicles-Chain,PORTE DAUPHINE,M,48.870937445863134,2.870319691793093
201800055028,NonLethal,2018-01-06,16:10:00,Daylight,750,116,Yes,NoIntersection,Normal,Other,"63, RUE SAINT DIDIER",M,48.86835060815768,2.869448303003705
201800055029,Lethal,2018-06-02,18:42:00,Daylight,750,120,Yes,T-type,Normal,Other,"188, RUE DE BELLEVILLE",M,48.87376042733519,2.875674823859236
201800055030,NonLethal,2018-06-03,02:05:00,NightStreelightsOn,750,113,Yes,NoIntersection,Normal,NoCollision,"48, BOULEVARD AUGUSTE BL",M,48.83017058832074,2.830867687994726
201800055031,NonLethal,2018-06-05,21:22:00,Daylight,750,120,Yes,X-type,Normal,2Vehicles-BehindVehicles-Frontal,"/, COURS DE VINCENNES",M,48.846388417084526,2.847380365029774
201800055032,NonLethal,2018-06-06,16:05:00,Daylight,750,118,Yes,T-type,LightRain,Other,"12-14, RUE DE CLIGNANCOU",M,48.88438556041287,2.8843074026815354
201800055033,NonLethal,2018-07-06,16:48:00,Daylight,750,105,Yes,NoIntersection,Normal,2Vehicles-Behind,"119, BOULEVARD SAINT MIC",M,48.843968045196114,2.843052300931108
201800055034,NonLethal,2018-06-10,01:25:00,NightStreelightsOn,750,120,Yes,X-type,Normal,3+Vehicles-Multiple,", RUE DE MENILMONTANT",M,48.866502529315504,2.8687420101641794
201800055035,NonLethal,2018-06-10,18:26:00,Daylight,750,104,Yes,T-type,LightRain,3+Vehicles-Multiple,QUAI DE L HOTEL DE VILLE,M,48.85628194922372,2.8544661107071683
201800055037,NonLethal,2018-06-12,00:50:00,NightStreelightsOn,750,120,Yes,NoIntersection,HeavyRain,2Vehicles-BehindVehicles-Frontal,"05, RUE SAINT BLAISE",M,48.85979528380701,2.8608692490275094
201800055038,NonLethal,2018-06-14,01:16:00,NightStreelightsOn,750,114,Yes,NoIntersection,Normal,Other,BOULEVARD PERIPHERIQUE E,M,48.81662204306909,2.8155852882781427
201800055039,NonLethal,2018-06-13,07:33:00,Daylight,750,112,Yes,X-type,Normal,2Vehicles-Side,RUE TRAVERSIERE,M,48.84404379788528,2.845494496845738
201800055040,NonLethal,2018-06-14,13:35:00,Daylight,750,116,Yes,NoIntersection,Normal,2Vehicles-Side,PORTE DE SAINT CLOUD,M,48.840503692547166,2.8401929228467795
201800055041,NonLethal,2018-06-16,13:28:00,Daylight,750,115,Yes,T-type,Normal,Other,"238, RUE DE LA CONVENTIO",M,48.83485308661137,2.83715276737271
201800055042,NonLethal,2018-06-15,03:10:00,NightStreelightsOn,750,115,Yes,NoIntersection,Normal,Other,"233, RUE DE VAUGIRARD",M,48.84353396857061,2.8403061132108247
201800055043,NonLethal,2018-06-17,14:03:00,Daylight,750,114,Yes,T-type,Normal,2Vehicles-Side,BOULEVARD JOURDAN,M,48.820555854991234,2.821350671799109
201800055044,NonLethal,2018-06-19,00:07:00,NightStreelightsOn,750,116,Yes,X-type,Normal,2Vehicles-Side,RUE POUSSIN,M,48.849231645352994,2.8503344929491647
201800055045,NonLethal,2018-06-19,17:00:00,Daylight,750,116,Yes,NoIntersection,Normal,2Vehicles-Behind,ROUTE DE SEVRES A NEUILL,M,48.85254957295472,2.8538311275399737
201800055046,NonLethal,2018-06-19,21:15:00,TwilightOrDawn,750,113,Yes,NoIntersection,Normal,Other,"XX, RUE DE LA POINTE D I",M,48.82352311975601,2.823629418473209
201800055047,NonLethal,2018-06-21,17:20:00,Daylight,750,107,Yes,X-type,Normal,Other,AVENUE DE LA MOTTE PICQU,M,48.85617604094952,2.855916076802341
201800055048,NonLethal,2018-06-22,02:54:00,NightStreelightsOff,750,108,Yes,Square,Normal,Other,RUE ROYALE,M,48.8675611420522,2.866003458708572
201800055049,NonLethal,2018-06-22,11:00:00,Daylight,750,112,Yes,X-type,Normal,NoCollision,"26, AVENUE DAUMESNIL",M,48.84916581236846,2.8478547852596203
201800055051,NonLethal,2018-06-25,10:23:00,Daylight,750,105,Yes,NoIntersection,Normal,Other,"32 BIS, RUE SAINT JACQUE",M,48.85094541194787,2.851154360337321
201800055053,NonLethal,2018-06-25,22:15:00,NightStreelightsOn,750,104,Yes,Square,Normal,2Vehicles-Side,PLACE DU CHATELET,M,48.856742219168254,2.858875632138149
201800055054,NonLethal,2018-06-26,05:19:00,TwilightOrDawn,750,118,Yes,X-type,Normal,Other,"/, RUE DE LA CHAPELLE",M,48.89732556797229,2.8968353794364203
201800055055,NonLethal,2018-06-26,18:05:00,Daylight,750,116,Yes,X-type,Normal,Other,AVENUE DU MAHATMA GANDHI,M,48.87488440486832,2.875482107018885
201800055056,Lethal,2018-06-27,17:00:00,Daylight,750,110,Yes,MoreThan4Branches,Normal,Other,"154, RUE DU FAUBOURG SAI",M,48.87465420692593,2.875996992911966
201800055058,NonLethal,2018-06-30,00:10:00,NightStreelightsOn,750,111,Yes,X-type,Normal,2Vehicles-Side,"96, AVENUE PHILIPPE AUGU",M,48.85594590448095,2.856038962722377
201800055059,NonLethal,2018-06-30,18:10:00,Daylight,750,113,Yes,NoIntersection,Normal,2Vehicles-Side,QUAI D IVRY,M,48.82490351491796,2.826896309010637
201800055060,NonLethal,2018-07-01,14:50:00,Daylight,750,110,Yes,NoIntersection,Normal,2Vehicles-Behind,"154, BOULEVARD DE MAGENT",M,48.88292369742205,2.8840274386229523
201800055061,NonLethal,2018-02-07,18:45:00,Daylight,750,114,Yes,NoIntersection,Normal,Other,"44, RUE RAYMOND LOSSERAN",M,48.83484164981262,2.832538111061768
201800055062,NonLethal,2018-02-07,20:30:00,TwilightOrDawn,750,119,Yes,NoIntersection,Normal,2Vehicles-Side,PORTE D AUBERVILLIERS,M,48.90109010116666,2.897763955115742
201800055063,Lethal,2018-03-07,02:25:00,NightStreelightsOn,750,105,Yes,NoIntersection,Normal,Other,"29, RUE BUFFON",M,48.84170741698725,2.842346238702847
201800055064,NonLethal,2018-07-03,09:00:00,Daylight,750,119,Yes,X-type,Normal,Other,RUE PETIT,M,48.88490156138699,2.88555038793261
201800055065,NonLethal,2018-07-03,16:27:00,Daylight,750,106,Yes,NoIntersection,Normal,Other,"25, QUAI DES GRANDS AUGU",M,48.85434553449258,2.854549125202352
201800055066,NonLethal,2018-04-07,06:45:00,Daylight,750,112,Yes,NoIntersection,Normal,2Vehicles-Side,QUAI DE LA RAPEE,M,48.8421982411837,2.8444432109640285
201800055067,NonLethal,2018-06-07,19:32:00,Daylight,750,115,Yes,NoIntersection,Normal,3+Vehicles-Chain,BOULEVARD PERIPHERIQUE E,M,48.82877877205176,2.8297400077019272
201800055068,NonLethal,2018-07-08,00:01:00,NightStreelightsOn,750,116,Yes,NoIntersection,Normal,2Vehicles-Side,ALLEE DE LA REINE MARGUE,M,48.86921605603573,2.8678930601691723
201800055069,NonLethal,2018-07-08,07:20:00,Daylight,750,120,Yes,NoIntersection,Normal,Other,PORTE DES LILAS,M,48.8724680566454,2.872436998014681
201800055071,NonLethal,2018-07-09,18:10:00,Daylight,750,119,Yes,NoIntersection,Normal,Other,"43, RUE ARMAND CARREL",M,48.88221806998634,2.8823406681260804
201800055072,NonLethal,2018-10-07,18:20:00,Daylight,750,111,Yes,X-type,Normal,3+Vehicles-Multiple,RUE DU CHEMIN VERT,M,48.85741510618633,2.8584614668149486
201800055073,NonLethal,2018-07-11,13:50:00,Daylight,750,115,Yes,X-type,Normal,2Vehicles-Side,RUE DE LOURMEL,M,48.84456656871566,2.8450086238730337
201800055074,NonLethal,2018-11-07,16:23:00,Daylight,750,112,Yes,NoIntersection,Normal,Other,QUAI DE BERCY,M,48.83622558503304,2.8357724087635026
201800055075,NonLethal,2018-07-13,14:22:00,Daylight,750,116,Yes,NoIntersection,Normal,2Vehicles-Behind,BOULEVARD PERIPHERIQUE I,M,48.8423821300675,2.842295540184466
201800055076,NonLethal,2018-07-14,08:34:00,Daylight,750,111,Yes,X-type,Normal,Other,BOULEVARD RICHARD LENOIR,M,48.86437871585789,2.865033934451107
201800055077,Lethal,2018-07-15,23:30:00,NightStreelightsOn,750,117,Yes,NoIntersection,Normal,3+Vehicles-Multiple,BOULEVARD PERIPHERIQUE E,M,48.88775828385395,2.888006449762756
201800055080,NonLethal,2018-07-21,13:36:00,Daylight,750,113,Yes,T-type,Normal,NoCollision,RUE DE LA SANTE,M,48.82940282894654,2.8276255174719958
201800055081,NonLethal,2018-07-24,20:15:00,Daylight,750,105,Yes,T-type,Normal,2Vehicles-Side,RUE DE POISSY,M,48.84993425145287,2.8483739907414765
201800055083,Lethal,2018-07-29,14:17:00,Daylight,750,119,Yes,X-type,Normal,Other,AVENUE DE FLANDRE,M,48.89006060286047,2.889767328035695
201800055084,NonLethal,2018-07-30,03:38:00,NightStreelightsOn,750,110,Yes,NoIntersection,Normal,Other,RUE LA FAYETTE,M,48.88006773257624,2.8819348032382623
201800055085,NonLethal,2018-07-31,08:47:00,Daylight,750,116,Yes,Y-type,Normal,2Vehicles-Side,AVENUE KLEBER,M,48.865634776674526,2.866227054630869
201800055086,NonLethal,2018-08-01,19:51:00,NightStreelightsOn,750,116,Yes,NoIntersection,Normal,Other,BOULEVARD PERIPHERIQUE I,M,48.851141846072814,2.8501453832047225
201800055089,NonLethal,2018-09-08,14:35:00,Daylight,750,109,Yes,X-type,LightRain,2Vehicles-Side,RUE SAINT LAZARE,M,,
201800055090,NonLethal,2018-10-08,08:30:00,Daylight,750,108,Yes,NoIntersection,Normal,2Vehicles-Side,AVENUE DES CHAMPS ELYSEE,M,,
201800055091,NonLethal,2018-10-08,09:05:00,Daylight,750,115,Yes,NoIntersection,Normal,Other,RUE DE VAUGIRARD,M,,
201800055092,NonLethal,2018-08-10,12:30:00,Daylight,750,120,Yes,Y-type,Normal,Other,BOULEVARD PERIPHERIQUE I,M,,
201800055093,NonLethal,2018-08-12,15:32:00,Daylight,750,118,Yes,MoreThan4Branches,Normal,2Vehicles-Side,BOULEVARD BARBES,M,48.88951340950883,2.891326223129698
201800055094,NonLethal,2018-08-14,15:20:00,Daylight,750,116,Yes,NoIntersection,Normal,2Vehicles-Side,BOULEVARD MURAT,M,,
201800055095,NonLethal,2018-08-16,08:37:00,Daylight,750,119,Yes,NoIntersection,Normal,Other,AVENUE DE LA PORTE DE LA,M,48.90022224761718,2.899390574042921
201800055097,Lethal,2018-08-18,13:46:00,Daylight,750,119,Yes,NoIntersection,Normal,Other,RUE DE BELLEVILLE,M,,
201800055098,Lethal,2018-08-20,02:41:00,NightStreelightsOn,750,101,Yes,T-type,Normal,2Vehicles-Behind,QUAI FRANCOIS MITTERRAND,M,48.4989398743648,2.5010711632143625
201800055099,NonLethal,2018-08-20,22:35:00,NightStreelightsOn,750,113,Yes,T-type,Normal,Other,BOULEVARD VINCENT AURIOL,M,48.59949013584967,2.597494621884167
201800055100,NonLethal,2018-08-21,21:08:00,NightStreelightsOn,750,109,Yes,X-type,Normal,2Vehicles-Side,RUE TAITBOUT,M,,
201800055103,Lethal,2018-08-27,22:00:00,NightStreelightsOn,750,118,Yes,X-type,Normal,2Vehicles-Side,RUE ORDENER,M,48.89321288607473,2.893368658559912
201800055104,NonLethal,2018-08-31,22:45:00,NightStreelightsOn,750,120,Yes,X-type,Normal,Other,RUE SAINT BLAISE,M,,
201800055105,NonLethal,2018-02-09,00:12:00,NightStreelightsOn,750,107,Yes,T-type,Normal,2Vehicles-Side,QUAI D ORSAY,M,48.86379433674365,2.862558166184073
201800055106,NonLethal,2018-02-09,15:20:00,Daylight,750,101,Yes,Y-type,Normal,Other,BOULEVARD DE SEBASTOPOL,M,48.84975638930123,2.84974855028228
201800055107,NonLethal,2018-03-09,11:04:00,Daylight,750,120,Yes,NoIntersection,Normal,NoCollision,PORTE DE VINCENNES,M,,
201800055109,NonLethal,2018-09-04,09:10:00,Daylight,750,120,Yes,NoIntersection,Overcast,3+Vehicles-Chain,BOULEVARD PERIPHERIQUE I,M,,
201800055111,NonLethal,2018-05-09,01:27:00,NightStreelightsOn,750,112,Yes,Roundabout,Normal,Other,AVENUE DE LA PORTE DE VI,M,48.845987335084246,2.8472971074087448
201800055112,NonLethal,2018-06-09,17:22:00,Daylight,750,108,Yes,X-type,Normal,Other,BOULEVARD MALESHERBES,M,48.87635972215553,2.877513711771976
201800055113,NonLethal,2018-06-09,23:20:00,NightStreelightsOn,750,119,Yes,T-type,Normal,2Vehicles-BehindVehicles-Frontal,BOULEVARD SERURIER,M,,
201800055114,NonLethal,2018-09-09,01:37:00,NightStreelightsOn,750,118,Yes,T-type,Normal,Other,AVENUE DE LA PORTE DE SA,M,48.89963975167489,2.896775710070598
201800055115,NonLethal,2018-09-09,20:00:00,TwilightOrDawn,750,108,Yes,NoIntersection,Normal,Other,AVENUE DES CHAMPS ELYSEE,M,,
201800055116,NonLethal,2018-09-12,11:24:00,Daylight,750,115,Yes,X-type,Normal,2Vehicles-Side,RUE DE LOURMEL,M,48.842613173137885,2.83962098647646
201800055117,NonLethal,2018-12-09,19:28:00,Daylight,750,115,Yes,X-type,Normal,Other,RUE CAMBRONNE,M,48.838811971017606,2.840094873958406
201800055118,NonLethal,2018-09-12,22:03:00,NightStreelightsOn,750,116,Yes,NoIntersection,Normal,NoCollision,BOULEVARD LANNES,M,48.86151656977384,2.8643372228146635
201800055119,NonLethal,2018-12-09,23:50:00,NightStreelightsOn,750,118,Yes,NoIntersection,Normal,Other,PORTE DE SAINT OUEN,M,50.266355051936095,1.26684926491797
201800055120,NonLethal,2018-09-13,03:30:00,NightStreelightsOn,750,116,Yes,NoIntersection,Normal,Other,AVENUE DU PRESIDENT WILS,M,48.86392733112143,2.865162690992208
201800055121,NonLethal,2018-09-13,23:20:00,NightNoStreetLight,750,115,Yes,X-type,Normal,2Vehicles-Side,RUE DU COMMERCE,M,48.86200829353643,2.8623241879774595
201800055122,NonLethal,2018-09-14,11:43:00,Daylight,750,114,Yes,MoreThan4Branches,Normal,2Vehicles-Side,RUE DU DEPART,M,48.83916658190394,2.83987300348659
201800055123,NonLethal,2018-09-15,15:00:00,Daylight,750,116,Yes,NoIntersection,Normal,Other,PORTE MAILLOT,M,48.87751668236093,2.880538841296841
201800055124,NonLethal,2018-09-15,20:24:00,TwilightOrDawn,750,115,Yes,T-type,Normal,Other,RUE DE SEVRES,M,48.84722971545545,2.8460938846333352
201800055125,NonLethal,2018-09-16,17:30:00,Daylight,750,115,Yes,X-type,Normal,Other,QUAI ANDRE CITROEN,M,48.84591513788428,2.845827540520318
201800055126,NonLethal,2018-09-17,06:37:00,NightStreelightsOn,750,114,Yes,T-type,Normal,2Vehicles-Behind,RUE D ALESIA,M,48.82002369522009,2.8184706266739434