AccidentId,Gravity,Date,Hour,Light,Department,Commune,InAgglomeration,IntersectionType,Weather,CollisionType,PostalAddress,GPSCode,Latitude,Longitude
201800055129,NonLethal,2018-09-21,04:25:00,NightStreelightsOn,750,104,Yes,NoIntersection,Normal,Other,QUAI DES CELESTINS,M,48.86242478231261,2.8623613852293417
201800055130,NonLethal,2018-09-21,10:15:00,Daylight,750,120,Yes,T-type,Normal,3+Vehicles-Multiple,BOULEVARD DAVOUT,M,48.86267341011073,2.863007307960025
201800055131,NonLethal,2018-09-21,15:29:00,Daylight,750,115,Yes,T-type,Normal,2Vehicles-Side,RUE LINOIS,M,48.848588688885606,2.8465580530749395
201800055132,NonLethal,2018-09-21,19:34:00,NightStreelightsOn,750,118,Yes,NoIntersection,Normal,2Vehicles-Behind,PORTE DE LA CHAPELLE,M,48.89961840619815,2.897494455354148
201800055133,NonLethal,2018-09-24,07:30:00,Daylight,750,115,Yes,X-type,Normal,2Vehicles-Side,RUE DE SEVRES,M,48.84551876548905,2.8453819257681543
201800055134,NonLethal,2018-09-24,09:02:00,Daylight,750,116,Yes,NoIntersection,Normal,2Vehicles-Side,QUAI SAINT EXUPERY,M,48.83475787629033,2.8331267192888934
201800055135,Lethal,2018-09-25,12:35:00,Daylight,750,117,Yes,NoIntersection,Normal,2Vehicles-Behind,BOULEVARD DU FORT DE VAU,M,,
201800055136,NonLethal,2018-09-26,15:55:00,Daylight,750,120,Yes,NoIntersection,Normal,2Vehicles-Behind,BOULEVARD PERIPHERIQUE,M,48.870613290084606,2.8696627820830414
201800055137,NonLethal,2018-09-27,02:25:00,NightStreelightsOn,750,112,Yes,NoIntersection,Normal,NoCollision,QUAI DE BERCY,M,48.82977184450338,2.830727294824121
201800055138,NonLethal,2018-09-27,10:15:00,Daylight,750,120,Yes,T-type,Normal,Other,PORTE DE MONTREUIL,M,48.8529768128095,2.851976248098824
201800055139,NonLethal,2018-09-27,21:25:00,NightStreelightsOn,750,120,Yes,NoIntersection,Normal,2Vehicles-Side,RUE DE BELLEVILLE,M,48.87475594880609,2.876064758240364
201800055140,NonLethal,2018-09-28,05:48:00,NightStreelightsOn,750,116,Yes,NoIntersection,Normal,3+Vehicles-Chain,BOULEVARD PERIPHERIQUE I,M,,
201800055142,NonLethal,2018-10-01,09:30:00,Daylight,750,115,Yes,X-type,Normal,2Vehicles-Side,RUE DE VOUILLE,M,,
201800055143,NonLethal,2018-01-10,17:40:00,Daylight,750,119,Yes,NoIntersection,Normal,3+Vehicles-Chain,PORTE DE PANTIN,M,,
201800055144,NonLethal,2018-10-02,01:32:00,NightStreelightsOn,750,112,Yes,NoIntersection,Normal,2Vehicles-Behind,QUAI DE LA RAPEE,M,48.83914956220873,2.8407292471684973
201800055145,Lethal,2018-02-10,08:17:00,Daylight,750,112,Yes,T-type,Normal,Other,AVENUE DE NOGENT,M,48.84020277352518,2.8403092698230235
201800055146,NonLethal,2018-10-03,08:35:00,Daylight,750,120,Yes,NoIntersection,Overcast,Other,AVENUE GAMBETTA,M,48.86301634200976,2.863245540792528
201800055147,NonLethal,2018-10-04,18:50:00,NightStreelightsOn,750,116,Yes,NoIntersection,Normal,2Vehicles-Behind,SOUTERRAIN VARSOVIE,M,48.85926861898608,2.8601895953755774
201800055148,Lethal,2018-05-10,12:39:00,Daylight,750,113,Yes,Y-type,Normal,Other,PORT DE LA GARE,M,,
201800055150,NonLethal,2018-10-06,18:30:00,NightStreelightsOff,750,101,Yes,NoIntersection,Normal,Other,SOUTERRAIN LEMONNIER,M,48.863063053129714,2.8631109266980665
201800055151,NonLethal,2018-07-10,23:30:00,NightStreelightsOn,750,117,Yes,MoreThan4Branches,Normal,2Vehicles-Side,AVENUE DE LA PORTE DE CL,M,48.89086915370222,2.8893872070137325
201800055152,NonLethal,2018-08-10,17:31:00,Daylight,750,105,Yes,NoIntersection,Normal,2Vehicles-Side,RUE DU PETIT PONT,M,48.85166305657743,2.851175668807635
201800055155,NonLethal,2018-10-12,20:30:00,NightStreelightsOn,750,117,Yes,NoIntersection,Normal,Other,AVENUE DE CLICHY,M,,
201800055156,NonLethal,2018-12-10,20:12:00,NightStreelightsOff,750,119,Yes,NoIntersection,Normal,Other,RUE REBEVAL,M,48.8748061354693,2.87435960164046
201800055157,NonLethal,2018-10-16,14:17:00,Daylight,750,116,Yes,NoIntersection,Normal,2Vehicles-Behind,PORTE D AUTEUIL,M,48.84917694695259,2.8479363205900445
201800055158,NonLethal,2018-10-18,17:56:00,Daylight,750,103,Yes,X-type,Normal,Other,BOULEVARD DE SEBASTOPOL,M,,
201800055159,Lethal,2018-10-18,22:40:00,NightStreelightsOn,750,104,Yes,X-type,Normal,Other,QUAI AUX FLEURS,M,48.85340413634791,2.8548867574796057
201800055160,NonLethal,2018-10-20,19:35:00,NightStreelightsOn,750,118,Yes,T-type,Normal,Other,RUE MARX DORMOY,M,48.8784298447276,2.880969629197343
201800055161,Lethal,2018-10-21,05:52:00,NightStreelightsOn,750,105,Yes,X-type,Normal,Other,RUE SAINT JACQUES,M,48.84779734346443,2.8460099635994456
201800055162,NonLethal,2018-10-26,01:05:00,NightStreelightsOn,750,119,Yes,NoIntersection,Normal,2Vehicles-Behind,BOULEVARD PERIPHERIQUE,M,48.9009230976208,2.900605799576072
201800055163,NonLethal,2018-10-26,04:38:00,NightStreelightsOn,750,113,Yes,NoIntersection,Normal,2Vehicles-Behind,BOULEVARD AUGUSTE BLANQU,M,,
201800055164,NonLethal,2018-10-27,13:39:00,Daylight,750,106,Yes,NoIntersection,Normal,Other,RUE DU CHERCHE MIDI,M,48.84898503853741,2.851824681981283
201800055165,NonLethal,2018-10-27,17:20:00,Daylight,750,115,Yes,T-type,Normal,Other,RUE DE LA CONVENTION,M,48.83571340957122,2.835797918634146
201800055167,NonLethal,2018-10-30,22:20:00,NightStreelightsOn,750,116,Yes,NoIntersection,Normal,Other,RUE ANKARA,M,48.85373186074515,2.856937183603164
201800055169,NonLethal,2018-04-11,10:24:00,Daylight,750,113,Yes,X-type,Normal,Other,AVENUE DE LA PORTE D ITA,M,,
201800055170,NonLethal,2018-11-06,22:30:00,NightStreelightsOn,750,114,Yes,NoIntersection,Normal,Other,RUE VERCINGETORIX,M,48.83814336556623,2.8367698671058625
201800055172,NonLethal,2018-08-11,20:29:00,NightStreelightsOn,750,107,Yes,T-type,Normal,2Vehicles-Side,BOULEVARD DES INVALIDES,M,48.84747206490626,2.8476009042413835
201800055173,NonLethal,2018-09-11,06:22:00,NightStreelightsOn,750,108,Yes,X-type,Normal,Other,RUE DE CONSTANTINOPLE,M,48.84223755179065,2.844538371913559
201800055174,NonLethal,2018-09-11,17:05:00,Daylight,750,117,Yes,X-type,Normal,Other,AVENUE DES TERNES,M,,
201800055175,NonLethal,2018-11-11,04:07:00,NightStreelightsOn,750,107,Yes,X-type,LightRain,2Vehicles-Side,RUE DE SEVRES,M,48.84941599491188,2.851463712263306
201800055176,NonLethal,2018-11-11,20:30:00,NightStreelightsOn,750,104,Yes,X-type,Normal,Other,RUE DE LA VERRERIE,M,48.85611753183079,2.858228499229003
201800055177,NonLethal,2018-11-12,10:42:00,Daylight,750,120,Yes,Roundabout,LightRain,2Vehicles-Side,PLACE GAMBETTA,M,48.861748745040885,2.866044557576209
201800055178,NonLethal,2018-11-13,09:30:00,Daylight,750,117,Yes,NoIntersection,Normal,2Vehicles-Behind,BOULEVARD PERIPHERIQUE,M,48.88395194988038,2.884046283088808
201800055179,NonLethal,2018-11-13,16:30:00,TwilightOrDawn,750,106,Yes,T-type,Normal,Other,BOULEVARD SAINT GERMAIN,M,,
201800055181,NonLethal,2018-11-16,22:30:00,NightStreelightsOn,750,113,Yes,T-type,Normal,2Vehicles-Side,AVENUE D ITALIE,M,48.822935544988006,2.823617270665693
201800055183,NonLethal,2018-11-21,09:37:00,Daylight,750,110,Yes,NoIntersection,Normal,Other,BOULEVARD DE LA CHAPELLE,M,48.878369267216215,2.877690791032236
201800055184,NonLethal,2018-11-22,17:20:00,Daylight,750,118,Yes,X-type,Overcast,Other,RUE DE LA CHAPELLE,M,48.89653955621453,2.8968777119624742
201800055185,Lethal,2018-11-22,20:04:00,NightStreelightsOn,750,112,Yes,NoIntersection,Normal,Other,AVENUE DE SAINT MAURICE,M,,
201800055186,NonLethal,2018-11-25,16:40:00,TwilightOrDawn,750,108,Yes,X-type,Normal,Other,BOULEVARD DE COURCELLES,M,48.8798048245741,2.881546915282729
201800055187,NonLethal,2018-11-26,00:01:00,NightStreelightsOn,750,116,Yes,NoIntersection,LightRain,Other,AVENUE DU PRESIDENT WILS,M,48.86408402076866,2.863316261826521
201800055188,NonLethal,2018-11-26,17:30:00,NightStreelightsOn,750,113,Yes,NoIntersection,Normal,3+Vehicles-Chain,RUE JEANNE D ARC,M,48.833042303439086,2.8323750305579
201800055189,NonLethal,2018-11-26,17:57:00,NightStreelightsOn,750,107,Yes,X-type,Overcast,2Vehicles-Side,AVENUE DU MARECHAL GALLI,M,48.861388931207046,2.860896621333006
201800055190,NonLethal,2018-11-27,12:15:00,Daylight,750,120,Yes,NoIntersection,Overcast,Other,BOULEVARD MORTIER,M,48.87054893901252,2.8708197019804134
201800055192,NonLethal,2018-11-28,11:36:00,Daylight,750,117,Yes,NoIntersection,Normal,2Vehicles-Side,AVENUE MAC MAHON,M,48.869933283039856,2.870229551107077
201800055193,Lethal,2018-11-30,05:10:00,NightStreelightsOn,750,120,Yes,NoIntersection,Normal,Other,BOULEVARD PERIPHERIQUE,M,48.86260956282692,2.8625011986483906
201800055194,NonLethal,2018-11-30,14:41:00,Daylight,750,105,Yes,X-type,Overcast,Other,RUE MONGE,M,48.84321292915693,2.841122161652748
201800055196,NonLethal,2018-12-01,21:00:00,NightStreelightsOn,750,117,Yes,X-type,LightRain,2Vehicles-Side,BOULEVARD MALESHERBES,M,48.86334523381457,2.8615874000615946
201800055198,NonLethal,2018-04-12,18:18:00,NightStreelightsOn,750,119,Yes,T-type,Normal,Other,RUE DE TANGER,M,,
201800055199,Lethal,2018-05-12,09:45:00,Daylight,750,116,Yes,NoIntersection,Normal,Other,BOULEVARD DE MONTMORENCY,M,48.85272105263088,2.851749867509473
201800055200,NonLethal,2018-05-12,14:30:00,Daylight,750,113,Yes,X-type,Normal,2Vehicles-Side,RUE NEUVE TOLBIAC,M,,
201800055201,NonLethal,2018-05-12,16:55:00,TwilightOrDawn,750,111,Yes,X-type,Normal,2Vehicles-Side,RUE JEAN PIERRE TIMBAUD,M,,
201800055203,NonLethal,2018-12-08,04:30:00,NightStreelightsOn,750,103,Yes,NoIntersection,Normal,Other,BOULEVARD SAINT MARTIN,M,,
201800055204,NonLethal,2018-09-12,02:58:00,NightStreelightsOn,750,119,Yes,X-type,Normal,Other,AVENUE DE FLANDRE,M,48.8853151164868,2.886534340543693
201800055206,Lethal,2018-12-14,03:06:00,NightStreelightsOn,750,112,Yes,NoIntersection,Normal,Other,AVENUE DAUMESNIL,M,48.86210660938763,2.862453938980331
201800055207,NonLethal,2018-12-14,08:47:00,Daylight,750,117,Yes,X-type,Normal,Other,AVENUE DE WAGRAM,M,48.87711978827611,2.87626295347168
201800055208,NonLethal,2018-12-17,13:44:00,Daylight,750,120,Yes,X-type,Normal,2Vehicles-Side,BOULEVARD DE CHARONNE,M,,
201800055210,NonLethal,2018-12-18,23:39:00,NightStreelightsOn,750,120,Yes,NoIntersection,LightRain,Other,RUE BISSON,M,,
201800055212,NonLethal,2018-12-22,04:45:00,NightStreelightsOff,750,116,Yes,X-type,Normal,2Vehicles-Side,ROUTE DE SURESNES,M,48.85947411392937,2.8594788076026907
201800055213,NonLethal,2018-12-24,17:17:00,TwilightOrDawn,750,105,Yes,X-type,Normal,Other,BOULEVARD SAINT MARCEL,M,48.83790849739668,2.837532297491594
201800055214,NonLethal,2018-12-27,01:12:00,NightStreelightsOff,750,104,Yes,T-type,Normal,Other,BOULEVARD BEAUMARCHAIS,M,48.85369409365031,2.853718002238145
201800055215,NonLethal,2018-12-27,13:50:00,Daylight,750,112,Yes,Y-type,Normal,Other,BD PERIPHERIQUE INTERIEU,M,,
201800055216,NonLethal,2018-12-29,00:01:00,NightStreelightsOn,750,112,Yes,NoIntersection,Normal,2Vehicles-Side,BOULEVARD PONIATOWSKI,M,48.8309622281204,2.828597303143307
201800055218,NonLethal,2018-03-01,09:45:00,Daylight,750,114,Yes,NoIntersection,StrongWindOrStorm,NoCollision,PORTE DE GENTILLY,M,48.81794186724338,2.816868808786095
201800055219,NonLethal,2018-01-03,10:20:00,Daylight,750,112,Yes,NoIntersection,Normal,2Vehicles-Side,ECHANGEUR SAINT MANDE,M,48.83958394158252,2.837698843219838
201800055220,NonLethal,2018-01-03,15:00:00,Daylight,750,114,Yes,Y-type,LightRain,3+Vehicles-Chain,PORTE DE CHATILLON,M,48.82044766641666,2.818840068516612
201800055221,NonLethal,2018-01-04,12:10:00,Daylight,750,112,Yes,NoIntersection,LightRain,NoCollision,ECHANGEUR BERCY,M,48.82642767825552,2.8288051798137173
201800055222,NonLethal,2018-01-05,13:05:00,Daylight,750,119,Yes,NoIntersection,Overcast,2Vehicles-Behind,PORTE D AUBERVILLIERS,M,48.90039494035538,2.9019331920254468
201800055223,NonLethal,2018-01-07,05:15:00,NightStreelightsOn,750,113,Yes,Y-type,StrongWindOrStorm,NoCollision,BOULEVARD PERIPHERIQUE I,M,48.825731809513954,2.8238981392987035
201800055224,NonLethal,2018-01-09,13:05:00,Daylight,750,115,Yes,NoIntersection,Normal,Other,PORTE BRANCION,M,48.82780521751866,2.8271183319376023
201800055226,NonLethal,2018-11-01,08:30:00,Daylight,750,117,Yes,NoIntersection,Normal,3+Vehicles-Chain,PORTE DE CHAMPERRET,M,48.889966873327005,2.8898664323663
201800055227,NonLethal,2018-01-13,22:20:00,NightStreelightsOn,750,119,Yes,NoIntersection,Normal,2Vehicles-Behind,PORTE DE PANTIN,M,48.89361246489423,2.891824928851471
201800055228,NonLethal,2018-01-14,18:10:00,NightStreelightsOn,750,116,Yes,NoIntersection,Normal,NoCollision,PORTE DE PASSY,M,48.85573056463462,2.857196622929276
201800055230,NonLethal,2018-01-16,22:15:00,NightStreelightsOn,750,114,Yes,Y-type,LightRain,Other,ECHANGEUR ORLEANS,M,48.81896525673548,2.8186796359638837
201800055232,NonLethal,2018-01-19,14:35:00,Daylight,750,112,Yes,NoIntersection,Normal,2Vehicles-Side,PORTE DOREE,M,48.83021126378662,2.830916091213391
201800055233,NonLethal,2018-01-19,14:50:00,Daylight,750,116,Yes,NoIntersection,LightRain,2Vehicles-Behind,BOULEVARD PERIPHERIQUE E,M,48.86792881654767,2.866921267411714
201800055234,NonLethal,2018-01-19,15:40:00,Daylight,750,113,Yes,NoIntersection,Normal,Other,ECHANGEUR BERCY,M,48.82806582705282,2.824288169090785
201800055235,NonLethal,2018-01-22,05:40:00,NightStreelightsOn,750,112,Yes,T-type,HeavyRain,3+Vehicles-Chain,BOULEVARD PERIPHERIQUE I,M,48.84409817066352,2.8453775390182163
201800055236,NonLethal,2018-01-22,07:25:00,TwilightOrDawn,750,118,Yes,NoIntersection,LightRain,NoCollision,ECHANGEUR CHAPELLE,M,48.900351238316745,2.901036784001783
201800055237,NonLethal,2018-01-22,08:20:00,TwilightOrDawn,750,115,Yes,NoIntersection,HeavyRain,2Vehicles-Behind,QUAI D ISSY LES MOULINEA,M,48.83401948641328,2.8359047521931924
201800055238,NonLethal,2018-01-22,08:45:00,Daylight,750,116,Yes,NoIntersection,LightRain,2Vehicles-Side,QUAI D ISSY LES MOULINEA,M,48.8348461370939,2.8371150747059555
201800055240,NonLethal,2018-01-22,17:20:00,Daylight,750,120,Yes,NoIntersection,Normal,Other,PORTE DE MONTREUIL,M,48.85218930097836,2.8519512772067346
201800055242,NonLethal,2018-01-23,09:30:00,Daylight,750,119,Yes,NoIntersection,Normal,3+Vehicles-Chain,PORTE DE LA VILLETTE,M,48.90005021579661,2.9016859998305136
201800055243,NonLethal,2018-01-24,09:15:00,Daylight,750,117,Yes,NoIntersection,Normal,2Vehicles-Behind,ECHANGEUR MAILLOT,M,48.8773417181749,2.879441736234728
201800055244,NonLethal,2018-01-24,09:45:00,Daylight,750,116,Yes,NoIntersection,Normal,2Vehicles-Side,PORTE MAILLOT,M,48.87295516079707,2.873922349271495
201800055245,NonLethal,2018-01-26,16:30:00,Daylight,750,119,Yes,NoIntersection,Normal,3+Vehicles-Chain,PORTE D AUBERVILLIERS,M,48.89981120458155,2.901631356430518
201800055246,NonLethal,2018-01-26,16:40:00,TwilightOrDawn,750,119,Yes,NoIntersection,Normal,3+Vehicles-Chain,PORTE DE PANTIN,M,48.89761870704386,2.896384416434699
201800055247,NonLethal,2018-01-27,08:50:00,TwilightOrDawn,750,114,Yes,NoIntersection,Normal,3+Vehicles-Chain,PORTE DE VANVES,M,48.82429035166128,2.8247162140331383
201800055248,NonLethal,2018-01-28,19:50:00,NightStreelightsOn,750,116,Yes,NoIntersection,Normal,3+Vehicles-Multiple,PORTE MAILLOT,M,48.87484011601739,2.8733003455065824
201800055249,NonLethal,2018-01-29,09:15:00,Daylight,750,112,Yes,NoIntersection,Normal,3+Vehicles-Chain,PORTE DE VINCENNES,M,48.8437732286833,2.843921895568178
201800055250,NonLethal,2018-01-31,07:20:00,NightStreelightsOn,750,118,Yes,NoIntersection,Normal,2Vehicles-Side,PORTE D AUBERVILLIERS,M,48.9015752709434,2.9021399880733925
201800055251,NonLethal,2018-01-31,08:45:00,Daylight,750,116,Yes,NoIntersection,Normal,2Vehicles-Side,PORTE D AUTEUIL,M,48.84691026088296,2.845168313089679
201800055252,NonLethal,2018-01-31,16:50:00,Daylight,750,112,Yes,NoIntersection,LightRain,2Vehicles-Side,PORTE DE CHARENTON,M,48.83323188372009,2.831918752182085
201800055253,NonLethal,2018-02-01,20:18:00,NightStreelightsOn,750,118,Yes,NoIntersection,Normal,2Vehicles-Side,PORTE DE CLIGNANCOURT,M,48.9010341466922,2.901277192147871
201800055254,NonLethal,2018-02-01,22:15:00,NightStreelightsOn,750,119,Yes,NoIntersection,Normal,2Vehicles-Behind,PORTE DE PANTIN,M,48.8857459845941,2.8862139233019746
201800055255,NonLethal,2018-02-02,14:50:00,Daylight,750,117,Yes,NoIntersection,Normal,2Vehicles-Side,PORTE DE CHAMPERRET,M,48.88391123870053,2.8856163619317354
201800055256,NonLethal,2018-02-03,15:50:00,Daylight,750,119,Yes,NoIntersection,HeavyRain,2Vehicles-Behind,PORTE DE LA VILLETTE,M,48.899801994196544,2.9011491347264267
201800055257,NonLethal,2018-12-28,02:50:00,NightStreelightsOn,750,117,Yes,NoIntersection,Normal,2Vehicles-Behind,PORTE MAILLOT,M,48.87666748085377,2.876285459940674
201800055258,NonLethal,2018-02-04,21:00:00,NightStreelightsOn,750,120,Yes,NoIntersection,Normal,3+Vehicles-Chain,PORTE DE BAGNOLET,M,48.87010813734569,2.8687321414716003
201800055260,NonLethal,2018-02-06,19:50:00,NightStreelightsOn,750,112,Yes,NoIntersection,SnowOrHail,2Vehicles-Behind,ECHANGEUR BERCY,M,48.82791788066482,2.8273597781600373
201800055261,NonLethal,2018-02-06,21:05:00,NightStreelightsOn,750,118,Yes,NoIntersection,SnowOrHail,NoCollision,PORTE DE LA CHAPELLE,M,48.89986817767969,2.902161984219416
201800055262,NonLethal,2018-12-02,07:50:00,Daylight,750,117,Yes,NoIntersection,Normal,NoCollision,BOULEVARD PERIPHERIQUE I,M,48.881306108265086,2.881483563650569
201800055263,NonLethal,2018-02-12,23:20:00,NightStreelightsOn,750,120,Yes,NoIntersection,Normal,NoCollision,PORTE DE MONTREUIL,M,48.85615674505766,2.854780608740779
201800055264,NonLethal,2018-02-13,18:15:00,NightStreelightsOn,750,119,Yes,NoIntersection,LightRain,2Vehicles-Side,PORTE DU PRE SAINT GERVA,M,48.88201777771737,2.880467601282022
201800055265,NonLethal,2018-02-15,07:45:00,Daylight,750,116,Yes,NoIntersection,Normal,Other,PORTE DE PASSY,M,48.85568480883965,2.852800310349352
201800055266,NonLethal,2018-02-15,09:10:00,Daylight,750,120,Yes,NoIntersection,LightRain,3+Vehicles-Chain,PORTE DES LILAS,M,48.87451072593969,2.8740156235034995
201800055267,NonLethal,2018-02-16,15:30:00,Daylight,750,117,Yes,NoIntersection,Normal,NoCollision,PORTE DE CHAMPERRET,M,48.887830175288585,2.8886710634079664
201800055270,NonLethal,2018-02-20,06:15:00,NightStreelightsOn,750,113,Yes,NoIntersection,Normal,Other,PORTE D IVRY,M,48.823203132344574,2.8211075744479825
201800055271,NonLethal,2018-02-24,11:30:00,Daylight,750,119,Yes,NoIntersection,Normal,Other,PORTE DES LILAS,M,48.87770199510045,2.880365101469857
201800055272,NonLethal,2018-02-26,02:00:00,NightStreelightsOn,750,112,Yes,Y-type,Normal,NoCollision,ECHANGEUR BERCY,M,48.8285235876485,2.8282831142637077
201800055273,NonLethal,2018-02-28,17:45:00,Daylight,750,112,Yes,NoIntersection,Normal,2Vehicles-Behind,ECHANGEUR BERCY,M,48.82736724450693,2.826263338886746
201800055274,NonLethal,2018-02-28,20:20:00,NightStreelightsOn,750,113,Yes,NoIntersection,Normal,2Vehicles-Side,BOULEVARD PERIPHERIQUE I,M,48.81893064073186,2.8194623551385565
201800055275,NonLethal,2018-02-03,00:30:00,NightStreelightsOff,750,114,Yes,NoIntersection,Overcast,Other,ECHANGEUR ORLEANS,M,48.81598049671054,2.8168516913186994
201800055276,NonLethal,2018-03-05,11:40:00,Daylight,750,117,Yes,NoIntersection,Normal,Other,PORTE MAILLOT,M,48.88287553437416,2.884108857518908
201800055277,NonLethal,2018-07-03,19:40:00,NightStreelightsOn,750,120,Yes,NoIntersection,Normal,3+Vehicles-Chain,PORTE DE MONTREUIL,M,48.85726964477454,2.8600248443640224
201800055278,NonLethal,2018-03-07,22:45:00,NightStreelightsOn,750,116,Yes,NoIntersection,Normal,2Vehicles-Behind,ECHANGEUR MUETTE,M,48.86825333444943,2.8681424565002227
201800055279,NonLethal,2018-03-08,17:55:00,Daylight,750,117,Yes,NoIntersection,LightRain,3+Vehicles-Chain,PORTE DE CHAMPERRET,M,48.88555112325525,2.884209009940818
201800055280,NonLethal,2018-03-09,15:50:00,Daylight,750,117,Yes,NoIntersection,Normal,3+Vehicles-Chain,PORTE DE SAINT OUEN,M,48.901611143060485,2.899983068829366
201800055281,NonLethal,2018-09-03,18:55:00,NightStreelightsOn,750,120,Yes,NoIntersection,Normal,NoCollision,PORTE DE VINCENNES,M,48.84985162335537,2.850503940464961
201800055284,NonLethal,2018-03-10,21:32:00,NightStreelightsOn,750,114,Yes,NoIntersection,Normal,Other,PORTE DE VANVES,M,48.82617037622863,2.825697712793965
201800055285,NonLethal,2018-03-11,03:20:00,NightStreelightsOn,750,116,Yes,NoIntersection,LightRain,Other,BOULEVARD PERIPHERIQUE I,M,48.83601348062056,2.838457435907372
201800055286,NonLethal,2018-12-03,16:40:00,Daylight,750,118,Yes,Y-type,Normal,2Vehicles-Behind,ECHANGEUR CHAPELLE,M,48.901418159801366,2.900431931510944
201800055288,NonLethal,2018-03-13,09:00:00,Daylight,750,118,Yes,NoIntersection,SnowOrHail,3+Vehicles-Multiple,PORTE DE LA CHAPELLE,M,48.90111719621571,2.902295938782238
201800055289,NonLethal,2018-03-13,16:15:00,Daylight,750,120,Yes,NoIntersection,Normal,2Vehicles-Behind,PORTE DES LILAS,M,48.876926048771466,2.878311291288583
201800055290,NonLethal,2018-03-14,12:00:00,Daylight,750,120,Yes,NoIntersection,Normal,2Vehicles-Behind,PORTE DE BAGNOLET,M,48.86902287491174,2.870177905138083
201800055291,NonLethal,2018-03-16,08:25:00,Daylight,750,117,Yes,NoIntersection,Normal,2Vehicles-Behind,PORTE DE SAINT OUEN,M,48.90045721556327,2.8978700665247428
201800055292,NonLethal,2018-03-16,16:00:00,Daylight,750,118,Yes,NoIntersection,Normal,3+Vehicles-Chain,PORTE DE CLIGNANCOURT,M,48.90162951583522,2.9007837395104974
201800055293,NonLethal,2018-03-18,02:30:00,NightStreelightsOn,750,117,Yes,Y-type,LightRain,2Vehicles-Behind,PORTE DE CLICHY,M,48.895997250506085,2.8962281482388303
201800055294,NonLethal,2018-03-19,06:20:00,TwilightOrDawn,750,113,Yes,NoIntersection,Normal,2Vehicles-Side,QUAI D IVRY,M,48.825713348020045,2.825593650477396
201800055296,NonLethal,2018-03-20,20:30:00,NightStreelightsOn,750,120,Yes,NoIntersection,Normal,2Vehicles-Behind,PORTE DE MONTREUIL,M,48.8596867658738,2.856622653232488
201800055297,NonLethal,2018-03-21,09:10:00,Daylight,750,116,Yes,NoIntersection,Normal,2Vehicles-Behind,PORTE D AUTEUIL,M,48.84771413056176,2.847501046177828
201800055298,NonLethal,2018-03-24,10:00:00,Daylight,750,113,Yes,NoIntersection,Normal,2Vehicles-Behind,QUAI D IVRY,M,48.82628309839156,2.828712437008196
201800055299,NonLethal,2018-03-24,15:50:00,Daylight,750,117,Yes,NoIntersection,Normal,2Vehicles-Behind,PORTE DE SAINT OUEN,M,48.900533953596685,2.898144695751857
201800055300,NonLethal,2018-03-25,18:30:00,Daylight,750,118,Yes,NoIntersection,Normal,2Vehicles-Side,PORTE DE CLIGNANCOURT,M,48.901523213134446,2.9005913571864856
201800055301,NonLethal,2018-03-26,12:50:00,Daylight,750,112,Yes,NoIntersection,Normal,3+Vehicles-Chain,ECHANGEUR BERCY,M,48.826760628668616,2.8282053121896045
201800055302,NonLethal,2018-03-27,07:50:00,Daylight,750,113,Yes,NoIntersection,LightRain,2Vehicles-Side,QUAI D IVRY,M,48.82380609109923,2.823135321758881
201800055303,NonLethal,2018-03-27,21:15:00,NightStreelightsOn,750,112,Yes,NoIntersection,Normal,2Vehicles-Behind,PORT DE BERCY,M,48.82889721926487,2.828526531865941
201800055304,NonLethal,2018-03-28,05:25:00,NightStreelightsOn,750,112,Yes,NoIntersection,Normal,2Vehicles-Behind,BOULEVARD PERIPHERIQUE I,M,48.82846777500961,2.8283411988488725
201800055305,NonLethal,2018-03-29,09:50:00,Daylight,750,112,Yes,NoIntersection,Normal,3+Vehicles-Chain,ECHANGEUR BERCY,M,48.825978922305886,2.828156383766856
201800055306,NonLethal,2018-03-29,19:35:00,TwilightOrDawn,750,113,Yes,NoIntersection,LightRain,2Vehicles-Side,PORTE D ITALIE,M,48.81845517175909,2.8153512215711656
201800055307,NonLethal,2018-03-30,01:30:00,NightStreelightsOn,750,116,No,NoIntersection,Normal,2Vehicles-Side,BOULEVARD PERIPHERIQUE I,M,48.84551711404923,2.846018873071666
201800055308,NonLethal,2018-03-30,05:50:00,NightStreelightsOn,750,119,Yes,Y-type,LightRain,3+Vehicles-Chain,PORTE DE LA VILLETTE,M,48.89923443372864,2.901592480943872
201800055310,NonLethal,2018-03-30,08:30:00,Daylight,750,118,Yes,NoIntersection,LightRain,2Vehicles-Side,PORTE DE LA CHAPELLE,M,48.90056094866491,2.8998856816620204
201800055311,NonLethal,2018-03-30,13:30:00,Daylight,750,112,Yes,NoIntersection,Normal,Other,PORTE DE SAINT MANDE,M,48.83875308499388,2.8387516418678604
201800055312,NonLethal,2018-03-30,18:44:00,Daylight,750,116,Yes,NoIntersection,Normal,3+Vehicles-Chain,PORTE DE SAINT CLOUD,M,48.84044934897824,2.839650400701901
201800055315,NonLethal,2018-04-04,09:40:00,Daylight,750,114,Yes,NoIntersection,Normal,NoCollision,PORTE D ORLEANS,M,48.81910248818187,2.8177403835918238
201800055316,NonLethal,2018-05-04,19:20:00,Daylight,750,118,Yes,NoIntersection,Normal,Other,PORTE DE LA CHAPELLE,M,48.89994123311932,2.9013833756154743
201800055317,NonLethal,2018-04-06,10:30:00,Daylight,750,112,Yes,NoIntersection,Normal,Other,PORTE DE VINCENNES,M,48.83967181113033,2.8403719671705203
201800055319,NonLethal,2018-04-06,19:35:00,Daylight,750,116,Yes,NoIntersection,Normal,2Vehicles-Behind,PORTE MAILLOT,M,48.8731628564683,2.871390042998988
201800055320,NonLethal,2018-06-04,21:30:00,NightStreelightsOn,750,112,Yes,NoIntersection,Normal,2Vehicles-Behind,PORTE DE CHARENTON,M,48.828679443120336,2.828023556355861