AccidentId,Gravity,Date,Hour,Light,Department,Commune,InAgglomeration,IntersectionType,Weather,CollisionType,PostalAddress,GPSCode,Latitude,Longitude
201800055321,NonLethal,2018-04-07,00:45:00,NightStreelightsOn,750,118,Yes,NoIntersection,Normal,2Vehicles-Behind,PORTE DE LA CHAPELLE,M,48.90180908791694,2.9009899017126126
201800055322,NonLethal,2018-04-08,23:35:00,NightStreelightsOn,750,118,Yes,Y-type,Normal,3+Vehicles-Multiple,PORTE D AUBERVILLIERS,M,48.899891199996254,2.9007972867182032
201800055324,NonLethal,2018-09-04,17:15:00,Daylight,750,116,Yes,NoIntersection,LightRain,3+Vehicles-Multiple,PORTE DE PASSY,M,48.86282624585828,2.8617250226863917
201800055325,NonLethal,2018-04-10,18:25:00,Daylight,750,119,Yes,Y-type,Normal,2Vehicles-Behind,PORTE DU PRE SAINT GERVA,M,48.88349366765876,2.88208474595425
201800055326,NonLethal,2018-04-10,21:30:00,NightStreelightsOn,750,113,Yes,NoIntersection,Normal,NoCollision,PORTE D IVRY,M,48.819174546969805,2.819469786791697
201800055327,NonLethal,2018-11-04,18:55:00,Daylight,750,118,Yes,NoIntersection,Normal,2Vehicles-Side,PORTE DE LA CHAPELLE,M,48.903313875244606,2.901223011957463
201800055329,NonLethal,2018-04-12,16:45:00,Daylight,750,118,Yes,Y-type,LightRain,2Vehicles-Side,PORTE DE LA CHAPELLE,M,48.901245632371385,2.901261226553051
201800055330,NonLethal,2018-12-04,22:45:00,NightStreelightsOn,750,112,Yes,NoIntersection,LightRain,3+Vehicles-Chain,BOULEVARD PERIPHERIQUE I,M,48.8414695846125,2.8400828709901123
201800055331,NonLethal,2018-04-13,16:30:00,Daylight,750,118,Yes,NoIntersection,Normal,2Vehicles-Side,PORTE DE CLIGNANCOURT,M,48.89960334830494,2.901345894617231
201800055334,NonLethal,2018-04-14,10:50:00,Daylight,750,119,Yes,NoIntersection,Normal,3+Vehicles-Chain,PORTE DE LA VILLETTE,M,48.89801433741037,2.901014103872869
201800055336,NonLethal,2018-04-16,09:20:00,Daylight,750,118,Yes,NoIntersection,Normal,3+Vehicles-Chain,PORTE DE SAINT OUEN,M,48.90046445695738,2.9012274383853875
201800055337,NonLethal,2018-04-17,15:20:00,Daylight,750,118,Yes,NoIntersection,Normal,2Vehicles-Side,PORTE DE CLIGNANCOURT,M,48.8995710408651,2.9017838065823742
201800055338,NonLethal,2018-04-17,14:15:00,Daylight,750,112,Yes,NoIntersection,Normal,2Vehicles-Behind,PORTE DE VINCENNES,M,48.83895435173017,2.8422858694994586
201800055339,NonLethal,2018-04-17,19:30:00,Daylight,750,114,Yes,NoIntersection,Normal,2Vehicles-Behind,PORTE DE CHATILLON,M,48.82172805887799,2.821727008774414
201800055340,NonLethal,2018-04-17,19:35:00,Daylight,750,119,Yes,NoIntersection,Normal,2Vehicles-Behind,AVENUE DE LA PORTE D AUB,M,48.9014812054358,2.900705054851756
201800055342,NonLethal,2018-04-18,09:50:00,Daylight,750,117,Yes,NoIntersection,Normal,3+Vehicles-Chain,PORTE DE CLICHY,M,48.89427079426889,2.8954649068253677
201800055343,NonLethal,2018-04-18,19:20:00,Daylight,750,112,Yes,NoIntersection,Normal,2Vehicles-Behind,PORTE DE CHARENTON,M,48.83006641752011,2.829062950869924
201800055344,NonLethal,2018-04-18,20:20:00,TwilightOrDawn,750,118,Yes,NoIntersection,Normal,2Vehicles-Behind,PORTE DE SAINT OUEN,M,48.90131144666846,2.900774492053893
201800055346,NonLethal,2018-04-19,16:40:00,Daylight,750,112,Yes,NoIntersection,Normal,3+Vehicles-Chain,PORTE DE VINCENNES,M,48.84323902067482,2.843466386225229
201800055348,NonLethal,2018-04-20,13:00:00,Daylight,750,116,Yes,NoIntersection,Normal,2Vehicles-Behind,PORTE DAUPHINE,M,48.87075567775938,2.8701785796278525
201800055349,NonLethal,2018-04-20,18:25:00,Daylight,750,115,Yes,NoIntersection,Normal,3+Vehicles-Chain,PORTE DE SEVRES,M,48.83415526716527,2.8349591632367352
201800055350,NonLethal,2018-04-20,21:10:00,TwilightOrDawn,750,116,Yes,NoIntersection,Normal,2Vehicles-Side,ECHANGEUR MUETTE,M,48.86488504575845,2.865521750990957
201800055351,NonLethal,2018-04-22,20:30:00,NightStreelightsOn,750,112,Yes,NoIntersection,Normal,Other,PORTE DOREE,M,48.836930496040544,2.8356753151095915
201800055352,NonLethal,2018-04-22,18:25:00,Daylight,750,120,Yes,NoIntersection,Normal,2Vehicles-Behind,PORTE DES LILAS,M,48.87480494352494,2.873009569024826
201800055353,NonLethal,2018-04-23,09:00:00,Daylight,750,116,Yes,NoIntersection,Normal,3+Vehicles-Chain,PORTE DAUPHINE,M,48.86967755990212,2.869531017587094
201800055354,NonLethal,2018-04-23,17:30:00,Daylight,750,116,Yes,NoIntersection,Normal,3+Vehicles-Chain,PORTE DAUPHINE,M,48.87047948010066,2.8704689055263657
201800055355,NonLethal,2018-04-23,18:40:00,Daylight,750,112,Yes,NoIntersection,Normal,2Vehicles-Behind,PORTE DE CHARENTON,M,48.83389409023858,2.832779589685404
201800055356,NonLethal,2018-04-24,17:00:00,Daylight,750,115,Yes,NoIntersection,Normal,2Vehicles-Behind,PORTE DE SEVRES,M,48.83512127121488,2.835444755192162
201800055357,NonLethal,2018-04-25,17:20:00,Daylight,750,112,Yes,NoIntersection,Normal,2Vehicles-Side,PORT DE BERCY,M,48.826349012040936,2.8272124033260466
201800055358,NonLethal,2018-04-26,13:26:00,Daylight,750,119,Yes,NoIntersection,Normal,NoCollision,PORTE DE PANTIN,M,48.89008933174388,2.8912104079854464
201800055359,NonLethal,2018-04-26,16:30:00,Daylight,750,120,Yes,NoIntersection,Normal,Other,PORTE DES LILAS,M,48.87177853578137,2.86930323499075
201800055360,NonLethal,2018-04-27,09:20:00,Daylight,750,117,Yes,NoIntersection,Normal,3+Vehicles-Chain,PORTE D ASNIERES,M,48.88836951713358,2.8892598250202406
201800055361,NonLethal,2018-04-28,13:55:00,Daylight,750,117,Yes,NoIntersection,Normal,2Vehicles-Behind,PORTE D ASNIERES,M,48.89032098303344,2.889206097661404
201800055362,NonLethal,2018-04-28,15:50:00,Daylight,750,115,Yes,NoIntersection,Normal,3+Vehicles-Chain,PORTE DE VERSAILLES,M,48.82743089441831,2.8290494437853355
201800055363,NonLethal,2018-04-29,11:30:00,Daylight,750,117,Yes,NoIntersection,LightRain,2Vehicles-Behind,PORTE DE SAINT OUEN,M,48.90040737070249,2.901061052254339
201800055364,NonLethal,2018-04-29,17:40:00,Daylight,750,113,Yes,NoIntersection,HeavyRain,3+Vehicles-Chain,QUAI D IVRY,M,48.82472855524453,2.8270121031622595
201800055365,NonLethal,2018-06-04,08:40:00,Daylight,750,114,Yes,NoIntersection,Normal,3+Vehicles-Chain,PORTE D ORLEANS,M,48.816289447100985,2.818315591824394
201800055366,NonLethal,2018-04-30,20:40:00,TwilightOrDawn,750,118,Yes,NoIntersection,LightRain,2Vehicles-Behind,PORTE DE LA CHAPELLE,M,48.900851397682274,2.900089739886807
201800055367,NonLethal,2018-02-05,00:20:00,NightStreelightsOn,750,112,Yes,Y-type,Normal,2Vehicles-Behind,ECHANGEUR BERCY,M,48.82638539284344,2.8283313591162806
201800055369,NonLethal,2018-02-05,18:00:00,Daylight,750,117,Yes,NoIntersection,Normal,NoCollision,PORTE MAILLOT,M,48.88244341766267,2.881823872365433
201800055370,NonLethal,2018-02-05,18:30:00,Daylight,750,115,Yes,NoIntersection,Normal,2Vehicles-Side,PORTE DE LA PLAINE,M,48.82685507064475,2.828653110974286
201800055371,NonLethal,2018-03-05,09:10:00,Daylight,750,112,Yes,Y-type,Normal,NoCollision,ECHANGEUR BERCY,M,48.82586990774515,2.8271154933937965
201800055372,NonLethal,2018-05-04,09:30:00,Daylight,750,119,Yes,NoIntersection,Normal,3+Vehicles-Chain,PORTE DE PANTIN,M,48.88803516264114,2.886621750637545
201800055373,NonLethal,2018-05-04,15:10:00,Daylight,750,120,Yes,NoIntersection,Normal,2Vehicles-Behind,ECHANGEUR BAGNOLET,M,48.86270639996415,2.861942473029103
201800055374,NonLethal,2018-05-05,11:15:00,Daylight,750,114,Yes,NoIntersection,Normal,2Vehicles-Behind,PORTE DE CHATILLON,M,48.82185373165468,2.81989297137297
201800055376,NonLethal,2018-05-05,19:30:00,Daylight,750,118,Yes,NoIntersection,Normal,2Vehicles-Side,PORTE DE CLIGNANCOURT,M,48.90064445612423,2.901211642290927
201800055377,NonLethal,2018-06-05,12:20:00,Daylight,750,118,Yes,NoIntersection,Normal,2Vehicles-Side,PORTE DE LA CHAPELLE,M,48.90038758728424,2.901285812399003
201800055378,NonLethal,2018-06-05,16:00:00,Daylight,750,117,Yes,Y-type,Normal,Other,PORTE DE CHAMPERRET,M,48.88289432577798,2.885619630252824
201800055379,NonLethal,2018-07-05,12:35:00,Daylight,750,120,Yes,NoIntersection,Normal,2Vehicles-Behind,PORTE DES LILAS,M,48.87831073693343,2.878742181539759
201800055380,NonLethal,2018-07-05,19:20:00,Daylight,750,119,Yes,NoIntersection,Normal,3+Vehicles-Chain,PORTE D AUBERVILLIERS,M,48.90064037152542,2.8997947360286864
201800055381,NonLethal,2018-08-05,12:20:00,Daylight,750,112,Yes,NoIntersection,Normal,NoCollision,ECHANGEUR BERCY,M,48.8288361122768,2.827822535292171
201800055382,NonLethal,2018-05-08,23:50:00,NightStreelightsOn,750,117,Yes,NoIntersection,Normal,2Vehicles-Behind,PORTE DE SAINT OUEN,M,48.89928439103624,2.902019557289065
201800055383,NonLethal,2018-05-09,08:45:00,Daylight,750,117,Yes,NoIntersection,Normal,3+Vehicles-Chain,PORTE DE CHAMPERRET,M,48.88741143596246,2.886190551544897
201800055385,NonLethal,2018-11-05,23:20:00,NightStreelightsOn,750,112,Yes,NoIntersection,Normal,Other,BOULEVARD PERIPHERIQUE I,M,48.8324428540061,2.8328100588194767
201800055386,NonLethal,2018-05-12,15:28:00,Daylight,750,119,Yes,NoIntersection,Overcast,2Vehicles-Behind,PORTE DE LA VILLETTE,M,48.900327137985656,2.8989907537903794
201800055387,NonLethal,2018-05-14,08:30:00,Daylight,750,116,Yes,NoIntersection,LightRain,NoCollision,ECHANGEUR MUETTE,M,48.85863346539563,2.862034855193791
201800055388,NonLethal,2018-05-15,15:00:00,Daylight,750,117,Yes,NoIntersection,Normal,3+Vehicles-Chain,PORTE MAILLOT,M,48.88098036809068,2.881101489025492
201800055390,NonLethal,2018-05-16,07:20:00,Daylight,750,113,Yes,NoIntersection,Normal,2Vehicles-Side,QUAI D IVRY,M,48.82482394299227,2.8248508604612046
201800055392,NonLethal,2018-05-17,18:20:00,Daylight,750,119,Yes,NoIntersection,Normal,2Vehicles-Behind,PORTE D AUBERVILLIERS,M,48.90090540499909,2.901458219777624
201800055393,NonLethal,2018-05-18,12:40:00,Daylight,750,115,Yes,NoIntersection,Normal,NoCollision,ECHANGEUR ISSY,M,48.83455410786846,2.8360973070074214
201800055394,NonLethal,2018-05-18,16:30:00,NightStreelightsOn,750,120,Yes,NoIntersection,Normal,2Vehicles-Side,PORTE DES LILAS,M,48.871736987045054,2.8720022826412257
201800055395,NonLethal,2018-05-18,16:30:00,Daylight,750,119,Yes,NoIntersection,Normal,2Vehicles-Behind,PORTE DE LA VILLETTE,M,48.90151271551637,2.900634751322078
201800055396,NonLethal,2018-05-19,15:30:00,Daylight,750,120,Yes,NoIntersection,Normal,2Vehicles-Behind,PORTE DE BAGNOLET,M,48.868142383868985,2.8672578733036502
201800055397,NonLethal,2018-05-19,18:00:00,Daylight,750,113,Yes,NoIntersection,Normal,2Vehicles-Side,PORTE D IVRY,M,48.81909087086627,2.819162680284967
201800055398,NonLethal,2018-05-20,08:50:00,Daylight,750,112,Yes,NoIntersection,Normal,Other,PORTE DOREE,M,48.83290304199488,2.8320764438849664
201800055399,NonLethal,2018-05-20,19:00:00,Daylight,750,118,Yes,NoIntersection,Normal,2Vehicles-Behind,PORTE DE LA CHAPELLE,M,48.90022274245288,2.902045394347628
201800055400,NonLethal,2018-05-22,12:00:00,Daylight,750,112,Yes,Y-type,Normal,3+Vehicles-Chain,ECHANGEUR BERCY,M,48.827143022604645,2.827221168713408
201800055402,NonLethal,2018-05-23,04:45:00,NightStreelightsOn,750,117,Yes,NoIntersection,Normal,NoCollision,PORTE MAILLOT,M,48.87868184268133,2.880290237966292
201800055403,NonLethal,2018-05-23,08:45:00,Daylight,750,112,Yes,NoIntersection,Normal,3+Vehicles-Chain,PORTE DE CHARENTON,M,48.83040992898027,2.83110096569715
201800055404,NonLethal,2018-05-23,12:00:00,Daylight,750,120,Yes,NoIntersection,Normal,2Vehicles-Behind,PORTE DE BAGNOLET,M,48.86370551135413,2.862571988086875
201800055405,NonLethal,2018-05-23,20:20:00,Daylight,750,117,Yes,NoIntersection,Normal,2Vehicles-Behind,PORTE DE CHAMPERRET,M,48.88673836116419,2.888709373603857
201800055406,NonLethal,2018-05-24,20:15:00,Daylight,750,116,Yes,NoIntersection,Normal,2Vehicles-Side,PORTE MAILLOT,M,48.8755047203917,2.877434909741733
201800055407,NonLethal,2018-05-25,08:10:00,Daylight,750,117,Yes,NoIntersection,Normal,2Vehicles-Side,PORTE DE SAINT OUEN,M,48.900771027569725,2.898810582134971
201800055408,NonLethal,2018-05-25,12:15:00,Daylight,750,120,Yes,NoIntersection,Normal,2Vehicles-Side,PORTE DE VINCENNES,M,48.84948451152358,2.8501001063340863
201800055409,NonLethal,2018-05-25,14:20:00,Daylight,750,112,Yes,Y-type,Normal,2Vehicles-Behind,ECHANGEUR BERCY,M,48.827501733643246,2.8289269104070245
201800055410,NonLethal,2018-05-26,18:50:00,Daylight,750,118,Yes,NoIntersection,Normal,2Vehicles-Behind,PORTE DE CLIGNANCOURT,M,48.90071148177383,2.900758215350714
201800055413,NonLethal,2018-05-28,10:45:00,Daylight,750,114,Yes,NoIntersection,Normal,Other,ECHANGEUR BRANCION,M,48.825085190068734,2.826049666346119
201800055414,NonLethal,2018-05-29,14:40:00,Daylight,750,119,Yes,Y-type,Normal,Other,PORTE DES LILAS,M,48.88147553566939,2.880548351589779
201800055415,NonLethal,2018-05-29,14:00:00,Daylight,750,115,Yes,NoIntersection,Normal,2Vehicles-Side,PORTE D ISSY,M,48.834129517271,2.835097320323688
201800055417,NonLethal,2018-05-30,14:25:00,Daylight,750,116,No,Y-type,Normal,2Vehicles-Behind,ECHANGEUR AUTEUIL,M,48.84690758821152,2.8468041289173445
201800055418,NonLethal,2018-05-31,09:10:00,Daylight,750,120,Yes,NoIntersection,Normal,2Vehicles-Side,PORTE DE MONTREUIL,M,48.85671031219016,2.856812940617926
201800055419,NonLethal,2018-05-31,19:25:00,Daylight,750,114,Yes,NoIntersection,Normal,2Vehicles-Side,PORTE DE CHATILLON,M,48.82351680610322,2.8230348159634806
201800055420,NonLethal,2018-05-31,19:55:00,Daylight,750,113,Yes,NoIntersection,Normal,2Vehicles-Side,QUAI D IVRY,M,48.82204567256264,2.8199480657338905
201800055421,NonLethal,2018-05-31,20:15:00,Daylight,750,115,Yes,Y-type,Normal,2Vehicles-Side,PORTE DE LA PLAINE,M,48.82599246685567,2.824781672130954
201800055422,NonLethal,2018-05-31,18:30:00,Daylight,750,117,Yes,NoIntersection,Normal,2Vehicles-Side,PORTE D ASNIERES,M,48.893962982527526,2.892934819266402
201800055423,NonLethal,2018-06-02,19:10:00,Daylight,750,114,Yes,NoIntersection,Normal,2Vehicles-Behind,PORTE D ORLEANS,M,48.81932940086909,2.818391201237616
201800055424,NonLethal,2018-03-06,18:50:00,Daylight,750,114,Yes,NoIntersection,Normal,NoCollision,PORTE DE VANVES,M,48.82387101336364,2.823654899182907
201800055425,NonLethal,2018-06-04,08:45:00,Daylight,750,116,Yes,NoIntersection,Normal,2Vehicles-Side,ECHANGEUR ISSY,M,48.83596834698905,2.835841948190543
201800055426,NonLethal,2018-06-04,09:45:00,Daylight,750,116,Yes,NoIntersection,Normal,3+Vehicles-Chain,PORTE D AUTEUIL,M,48.84797093077067,2.845743179472043
201800055427,NonLethal,2018-06-06,14:40:00,Daylight,750,120,Yes,NoIntersection,Normal,2Vehicles-Side,PORTE DE MONTREUIL,M,48.86105041312473,2.8601984653182257
201800055428,NonLethal,2018-06-06,16:15:00,Daylight,750,112,Yes,NoIntersection,Normal,2Vehicles-Side,BOULEVARD DE BERCY,M,48.82559437068945,2.8278101626380163
201800055429,NonLethal,2018-06-07,16:15:00,Daylight,750,119,Yes,NoIntersection,Normal,2Vehicles-Side,PORTE DES LILAS,M,48.880734919351895,2.879355946050845
201800055430,NonLethal,2018-06-09,10:30:00,Daylight,750,115,Yes,NoIntersection,Normal,2Vehicles-Behind,PORTE BRANCION,M,48.82811378336964,2.8287183545856704
201800055431,NonLethal,2018-09-06,14:30:00,Daylight,750,120,Yes,NoIntersection,Normal,3+Vehicles-Chain,PORTE DE VINCENNES,M,48.84807503522876,2.8453957759756454
201800055432,NonLethal,2018-06-09,16:35:00,Daylight,750,112,Yes,NoIntersection,Normal,2Vehicles-Side,PORTE DE CHARENTON,M,48.82789147024,2.827998726275317
201800055433,NonLethal,2018-06-09,19:00:00,Daylight,750,114,Yes,NoIntersection,Normal,Other,PORTE DE CHATILLON,M,48.8226923542621,2.82421516284833
201800055434,NonLethal,2018-06-11,16:30:00,Daylight,750,116,Yes,NoIntersection,LightRain,2Vehicles-Behind,PORTE MAILLOT,M,48.87836058054562,2.8760938982533726
201800055438,NonLethal,2018-12-06,11:55:00,Daylight,750,112,Yes,NoIntersection,Normal,2Vehicles-Behind,PORTE DOREE,M,48.833655645364914,2.833642092647226
201800055440,NonLethal,2018-12-06,09:35:00,Daylight,750,116,Yes,NoIntersection,LightRain,Other,PORTE DE SAINT CLOUD,M,48.8360949122843,2.836507348759915
201800055441,NonLethal,2018-06-16,14:50:00,Daylight,750,120,Yes,NoIntersection,Normal,3+Vehicles-Chain,PORTE DE BAGNOLET,M,48.860437517090034,2.858367578230759
201800055442,NonLethal,2018-06-16,20:15:00,Daylight,750,120,Yes,NoIntersection,Normal,2Vehicles-Side,PORTE DE BAGNOLET,M,48.873009864335096,2.87176054229604
201800055443,NonLethal,2018-06-17,17:20:00,Daylight,750,113,Yes,Y-type,Normal,3+Vehicles-Chain,QUAI D IVRY,M,48.82691641798869,2.824052616800031
201800055444,NonLethal,2018-06-17,19:50:00,Daylight,750,114,Yes,NoIntersection,Normal,3+Vehicles-Chain,PORTE DE GENTILLY,M,48.81708618537595,2.8164994125934544
201800055445,NonLethal,2018-06-18,14:40:00,Daylight,750,116,Yes,NoIntersection,Normal,2Vehicles-Side,PORTE MAILLOT,M,48.87507445917066,2.8754409129836587
201800055446,NonLethal,2018-06-18,05:50:00,TwilightOrDawn,750,119,Yes,NoIntersection,Normal,Other,BOULEVARD PERIPHERIQUE I,M,48.90143447700886,2.899854078469588
201800055447,NonLethal,2018-06-19,14:30:00,Daylight,750,116,Yes,NoIntersection,Normal,3+Vehicles-Chain,PORT D AUTEUIL,M,48.84843437118771,2.850246996607744
201800055448,NonLethal,2018-06-20,01:35:00,NightStreelightsOn,750,119,Yes,NoIntersection,Normal,2Vehicles-Behind,BOULEVARD PERIPHERIQUE,M,48.88081944425339,2.883501922762511
201800055450,NonLethal,2018-06-21,18:10:00,Daylight,750,116,Yes,NoIntersection,Normal,NoCollision,PORTE DE PASSY,M,48.85662580163689,2.857395863907443
201800055451,NonLethal,2018-06-22,00:25:00,NightStreelightsOn,750,120,Yes,Y-type,Normal,2Vehicles-Behind,PORTE DE BAGNOLET,M,48.86700894542778,2.864992461220256
201800055452,NonLethal,2018-06-22,16:00:00,Daylight,750,116,Yes,NoIntersection,Normal,3+Vehicles-Multiple,ECHANGEUR MUETTE,M,48.86289309048113,2.8619221335884126
201800055453,NonLethal,2018-06-22,16:30:00,Daylight,750,117,Yes,NoIntersection,Normal,2Vehicles-Side,PORTE D ASNIERES,M,48.89058655846349,2.8922027517660727
201800055454,NonLethal,2018-06-23,02:30:00,NightStreelightsOn,750,114,Yes,NoIntersection,Normal,NoCollision,BOULEVARD PERIPHERIQUE I,M,48.824631722350674,2.82492661415763
201800055455,NonLethal,2018-06-23,19:30:00,Daylight,750,112,Yes,NoIntersection,Normal,3+Vehicles-Chain,PORTE DE VINCENNES,M,48.84215889991479,2.8430019078459376
201800055456,NonLethal,2018-06-23,19:55:00,Daylight,750,114,Yes,NoIntersection,Normal,Other,PORTE D ORLEANS,M,48.82235662709456,2.8205508990926207
201800055457,NonLethal,2018-06-24,02:55:00,NightStreelightsOn,750,119,Yes,NoIntersection,Normal,Other,PORTE DE LA VILLETTE,M,48.90142604160029,2.9013599322875794
201800055458,NonLethal,2018-06-25,00:20:00,NightStreelightsOn,750,120,Yes,NoIntersection,Normal,2Vehicles-Behind,BOULEVARD PERIPHERIQUE I,M,48.87347630777492,2.872625311530705
201800055459,NonLethal,2018-06-25,07:50:00,Daylight,750,117,Yes,NoIntersection,Normal,Other,PORTE DE SAINT OUEN,M,48.8985845850417,2.9006425636538884
201800055460,NonLethal,2018-06-25,09:10:00,Daylight,750,118,Yes,NoIntersection,Normal,NoCollision,PORTE DE LA CHAPELLE,M,48.900269093409705,2.9001046410029225
201800055461,NonLethal,2018-06-25,08:50:00,Daylight,750,119,Yes,NoIntersection,Normal,2Vehicles-Behind,PORTE DES LILAS,M,48.87727202559276,2.877820992190689
201800055462,NonLethal,2018-06-26,18:45:00,Daylight,750,114,Yes,NoIntersection,Normal,3+Vehicles-Chain,PORTE DE CHATILLON,M,48.8228005612344,2.8233309556349453
201800055463,NonLethal,2018-06-26,18:30:00,Daylight,750,116,Yes,NoIntersection,Normal,3+Vehicles-Chain,PORTE DE PASSY,M,48.85655313409889,2.8570705046157
201800055464,NonLethal,2018-06-27,07:10:00,Daylight,750,113,Yes,NoIntersection,Normal,NoCollision,ECHANGEUR IVRY,M,48.82441052826682,2.8264421304599083
201800055465,NonLethal,2018-06-27,08:25:00,Daylight,750,116,Yes,NoIntersection,Normal,2Vehicles-Behind,PORTE DAUPHINE,M,48.866349959811664,2.86633764381606
201800055466,NonLethal,2018-06-27,14:00:00,Daylight,750,113,Yes,NoIntersection,Normal,3+Vehicles-Chain,PORTE D IVRY,M,48.8230004313954,2.82137670091846
201800055467,NonLethal,2018-06-27,17:55:00,Daylight,750,112,Yes,NoIntersection,Normal,2Vehicles-Behind,PORTE DOREE,M,48.83483459701841,2.83656726733764
201800055469,NonLethal,2018-06-27,08:20:00,Daylight,750,114,Yes,NoIntersection,Normal,3+Vehicles-Multiple,PORTE D ORLEANS,M,48.818287837900094,2.817652536949247
201800055470,NonLethal,2018-06-28,08:55:00,Daylight,750,116,Yes,NoIntersection,Normal,NoCollision,PORTE DE SAINT CLOUD,M,48.83729786066224,2.838058595807997
201800055471,NonLethal,2018-06-28,08:55:00,Daylight,750,117,Yes,NoIntersection,Normal,2Vehicles-Behind,PORTE DES TERNES,M,48.884954157703454,2.884465339468783
201800055473,NonLethal,2018-06-28,18:45:00,Daylight,750,112,Yes,NoIntersection,Normal,2Vehicles-Side,QUAI DE BERCY,M,48.82815938428424,2.8288528770658736
201800055474,NonLethal,2018-06-28,19:50:00,Daylight,750,114,Yes,NoIntersection,Normal,2Vehicles-Side,PORTE D ORLEANS,M,48.82287769911259,2.8198963048199484
201800055475,NonLethal,2018-06-29,02:50:00,NightStreelightsOn,750,117,Yes,NoIntersection,Normal,Other,PORTE DE SAINT OUEN,M,48.90000352126058,2.900634834582264
201800055476,NonLethal,2018-06-29,06:40:00,Daylight,750,112,Yes,NoIntersection,Normal,2Vehicles-Side,PORT DE BERCY,M,48.829091472277554,2.8289342153654635
201800055477,NonLethal,2018-06-29,22:05:00,NightStreelightsOn,750,113,Yes,Y-type,Normal,2Vehicles-Side,"13, AVENUE DE LA PORTE D",M,48.82025927082512,2.8209517410965725
201800055478,NonLethal,2018-07-02,16:20:00,Daylight,750,120,Yes,NoIntersection,Normal,2Vehicles-Side,PORTE DE MONTREUIL,M,48.85581612008437,2.856958313594757
201800055479,NonLethal,2018-04-07,10:00:00,Daylight,750,112,Yes,NoIntersection,Normal,Other,PORTE DE VINCENNES,M,48.84383797655807,2.8425977676456697
201800055480,NonLethal,2018-07-04,17:35:00,Daylight,750,119,Yes,NoIntersection,Normal,2Vehicles-Side,PORTE DE PANTIN,M,48.88455112339845,2.883670285211376
201800055481,NonLethal,2018-07-05,13:30:00,Daylight,750,112,Yes,Y-type,Overcast,2Vehicles-Side,ECHANGEUR BERCY,M,48.82680036353562,2.825593389192053
201800055482,NonLethal,2018-06-07,09:00:00,Daylight,750,116,Yes,NoIntersection,Normal,2Vehicles-Side,PORTE DE SAINT CLOUD,M,48.8351942814295,2.835326637623379
201800055483,NonLethal,2018-06-07,13:15:00,Daylight,750,112,Yes,NoIntersection,Normal,2Vehicles-Behind,PORTE DOREE,M,48.83543775873722,2.833782060273897
201800055484,NonLethal,2018-07-06,20:30:00,Daylight,750,117,Yes,NoIntersection,Normal,NoCollision,PORTE D ASNIERES,M,48.889295915491374,2.891401732269714
201800055485,NonLethal,2018-07-06,18:20:00,Daylight,750,112,Yes,NoIntersection,Normal,2Vehicles-Behind,PORTE DE CHARENTON,M,48.83128766563797,2.8279795785163597
201800055486,NonLethal,2018-07-07,03:25:00,NightStreelightsOn,750,114,Yes,NoIntersection,Normal,Other,PORTE DE CHATILLON,M,48.82332151045513,2.82259094773166
201800055487,NonLethal,2018-07-07,09:05:00,Daylight,750,118,Yes,NoIntersection,Normal,Other,PORTE DE LA CHAPELLE,M,48.89950380473095,2.9010778103804014
201800055488,NonLethal,2018-07-07,12:00:00,Daylight,750,120,Yes,NoIntersection,Normal,2Vehicles-Behind,PORTE DE MONTREUIL,M,48.85231457149273,2.853411814265016
201800055489,NonLethal,2018-07-07,12:30:00,Daylight,750,118,Yes,NoIntersection,Normal,3+Vehicles-Chain,PORTE DE CLIGNANCOURT,M,48.904256141034764,2.9004983603088434
201800055490,NonLethal,2018-07-08,11:20:00,Daylight,750,120,Yes,NoIntersection,Normal,2Vehicles-Side,PORTE DE MONTREUIL,M,48.85727758175984,2.8558390716066486
201800055491,NonLethal,2018-07-08,17:00:00,Daylight,750,113,Yes,NoIntersection,Normal,2Vehicles-Behind,PORTE D ITALIE,M,48.81787532666859,2.8176721339899458
201800055493,NonLethal,2018-07-10,09:40:00,Daylight,750,116,Yes,NoIntersection,Normal,3+Vehicles-Chain,PORTE DE PASSY,M,48.8535539432676,2.8542950850086357
201800055494,NonLethal,2018-10-07,09:55:00,Daylight,750,119,Yes,Y-type,Normal,2Vehicles-Behind,PORTE D AUBERVILLIERS,M,48.90054457881308,2.899945407663066
201800055495,NonLethal,2018-10-07,11:15:00,Daylight,750,120,Yes,Y-type,Normal,2Vehicles-Side,PORTE DE BAGNOLET,M,48.86283030705595,2.861580456463659
201800055496,NonLethal,2018-10-07,16:10:00,Daylight,750,115,Yes,NoIntersection,Normal,2Vehicles-Behind,PORTE DE LA PLAINE,M,48.82662786958777,2.82647817515141
201800055497,NonLethal,2018-10-07,17:50:00,Daylight,750,118,Yes,NoIntersection,Normal,3+Vehicles-Chain,PORTE DE SAINT OUEN,M,48.89994285850917,2.899993454151362
201800055500,NonLethal,2018-10-07,23:00:00,NightStreelightsOn,750,114,Yes,NoIntersection,Normal,3+Vehicles-Chain,PORTE DE CHATILLON,M,48.82349259646618,2.8229778777298096
201800055501,NonLethal,2018-07-11,13:10:00,Daylight,750,113,Yes,NoIntersection,Normal,3+Vehicles-Chain,QUAI D IVRY,M,48.82558133316099,2.827518147456189
201800055502,NonLethal,2018-11-07,14:10:00,Daylight,750,116,Yes,NoIntersection,Normal,NoCollision,ECHANGEUR MAILLOT,M,48.87814358040335,2.876854559504199
201800055503,NonLethal,2018-11-07,18:00:00,Daylight,750,117,Yes,NoIntersection,Normal,2Vehicles-Side,PORTE DE CLICHY,M,48.89838295992801,2.8973217556741075
201800055504,NonLethal,2018-07-12,09:45:00,Daylight,750,118,Yes,NoIntersection,Normal,Other,PORTE DE SAINT OUEN,M,48.90139247414928,2.899508895910252