AccidentId,Gravity,Date,Hour,Light,Department,Commune,InAgglomeration,IntersectionType,Weather,CollisionType,PostalAddress,GPSCode,Latitude,Longitude
201800055505,NonLethal,2018-07-12,13:50:00,Daylight,750,113,Yes,NoIntersection,Normal,3+Vehicles-Chain,QUAI D IVRY,M,48.82553826664503,2.8264150631841787
201800055506,NonLethal,2018-12-07,17:35:00,Daylight,750,118,Yes,NoIntersection,Normal,2Vehicles-Behind,PORTE DE LA CHAPELLE,M,48.90055873355654,2.9020173198891364
201800055507,NonLethal,2018-12-07,18:00:00,Daylight,750,119,Yes,NoIntersection,Normal,Other,PORTE DE LA VILLETTE,M,48.901080579356325,2.9000763270860297
201800055508,NonLethal,2018-12-07,19:50:00,Daylight,750,117,Yes,NoIntersection,Normal,2Vehicles-Behind,PORTE DE CLICHY,M,48.894930689444685,2.895261208331094
201800055509,NonLethal,2018-07-13,08:45:00,Daylight,750,117,Yes,NoIntersection,Normal,2Vehicles-Behind,PORTE DE SAINT OUEN,M,48.90026584144328,2.901515169520765
201800055511,NonLethal,2018-07-15,13:00:00,Daylight,750,112,Yes,NoIntersection,Normal,2Vehicles-Behind,PORTE DOREE,M,48.83421983602183,2.8348010250894884
201800055512,NonLethal,2018-07-16,15:00:00,Daylight,750,118,Yes,NoIntersection,Normal,3+Vehicles-Chain,PORTE DE CLIGNANCOURT,M,48.902116085374416,2.900504676280248
201800055513,NonLethal,2018-07-17,07:50:00,Daylight,750,113,Yes,NoIntersection,Normal,2Vehicles-Side,BOULEVARD PERIPHERIQUE I,M,48.81957597197254,2.8204522578306044
201800055515,NonLethal,2018-07-19,08:50:00,Daylight,750,113,Yes,Y-type,Normal,2Vehicles-Behind,ECHANGEUR ITALIE,M,48.81599656122529,2.8171902328641334
201800055516,NonLethal,2018-07-20,10:35:00,Daylight,750,115,Yes,NoIntersection,Normal,3+Vehicles-Multiple,PORTE DE LA PLAINE,M,48.82819083584244,2.830353262595504
201800055518,NonLethal,2018-07-20,17:00:00,Daylight,750,119,Yes,NoIntersection,Normal,2Vehicles-Side,PORTE DE LA VILLETTE,M,48.88371786442213,2.881617389620815
201800055520,NonLethal,2018-07-21,11:15:00,Daylight,750,114,Yes,NoIntersection,Normal,3+Vehicles-Chain,PORTE DE CHATILLON,M,,
201800055521,NonLethal,2018-07-21,19:50:00,Daylight,750,118,Yes,NoIntersection,Normal,2Vehicles-Side,PORTE DE CLIGNANCOURT,M,48.89969361738172,2.900809821905461
201800055522,NonLethal,2018-07-24,09:50:00,Daylight,750,116,Yes,NoIntersection,Normal,2Vehicles-Side,PORTE D AUTEUIL,M,48.84806386794897,2.8472438392648307
201800055524,NonLethal,2018-07-24,16:15:00,Daylight,750,114,Yes,NoIntersection,Normal,2Vehicles-Side,PORTE DE CHATILLON,M,,
201800055525,NonLethal,2018-07-25,00:40:00,NightStreelightsOn,750,118,Yes,NoIntersection,Normal,3+Vehicles-Chain,BOULEVARD PERIPHERIQUE E,M,48.90106497070123,2.9007269561312743
201800055526,NonLethal,2018-07-25,09:20:00,Daylight,750,118,Yes,NoIntersection,Normal,2Vehicles-Behind,PORTE DE LA CHAPELLE,M,48.90138998886695,2.8992449709453654
201800055527,NonLethal,2018-07-25,17:40:00,Daylight,750,113,Yes,NoIntersection,Normal,3+Vehicles-Multiple,PORTE D IVRY,M,48.51396937221495,2.5141303672853725
201800055529,NonLethal,2018-07-26,10:10:00,Daylight,750,116,Yes,NoIntersection,Normal,3+Vehicles-Chain,PORTE DE PASSY,M,48.86845795504794,2.8670988706195546
201800055530,NonLethal,2018-07-26,13:10:00,Daylight,750,117,Yes,Y-type,Normal,3+Vehicles-Chain,PORTE DES TERNES,M,48.89286938905132,2.893358406948203
201800055531,NonLethal,2018-07-26,18:00:00,Daylight,750,118,Yes,NoIntersection,Normal,2Vehicles-Side,BOULEVARD PERIPHERIQUE E,M,48.90062945714384,2.898902828593752
201800055532,NonLethal,2018-07-27,06:40:00,Daylight,750,112,Yes,NoIntersection,Normal,Other,PORTE DOREE,M,48.83513699838291,2.834366347227012
201800055533,NonLethal,2018-07-27,15:00:00,Daylight,750,119,Yes,Y-type,Normal,2Vehicles-Side,BOULEVARD PERIPHERIQUE I,M,48.8795640938668,2.879764994129128
201800055534,NonLethal,2018-07-27,20:00:00,TwilightOrDawn,750,118,Yes,NoIntersection,SnowOrHail,2Vehicles-Side,PORTE DE LA CHAPELLE,M,48.82326276531323,2.822108821358688
201800055535,NonLethal,2018-07-27,20:25:00,Daylight,750,117,Yes,NoIntersection,Normal,3+Vehicles-Multiple,PORTE DE CHAMPERRET,M,48.887753694299526,2.887282515872328
201800055536,NonLethal,2018-07-28,08:50:00,Daylight,750,113,Yes,NoIntersection,Normal,NoCollision,PORTE D ITALIE,M,48.86631479705207,2.8660031498250165
201800055537,NonLethal,2018-07-30,08:30:00,Daylight,750,116,Yes,NoIntersection,Normal,2Vehicles-Side,PORTE MAILLOT,M,48.84674448993973,2.845092201349928
201800055538,NonLethal,2018-07-30,10:30:00,Daylight,750,117,Yes,NoIntersection,Normal,Other,PORTE D ASNIERES,M,48.89228301978797,2.894490054569236
201800055539,NonLethal,2018-07-30,14:30:00,Daylight,750,112,Yes,Y-type,Normal,Other,ECHANGEUR BERCY,M,48.827654335753614,2.8293097422865765
201800055540,NonLethal,2018-07-31,00:40:00,NightStreelightsOn,750,116,Yes,NoIntersection,Normal,2Vehicles-Behind,PORTE DE SAINT CLOUD,M,,
201800055541,NonLethal,2018-07-31,17:40:00,Daylight,750,117,Yes,NoIntersection,Normal,2Vehicles-Side,PORTE D ASNIERES,M,48.8919383902064,2.892388008712865
201800055543,NonLethal,2018-01-08,14:15:00,Daylight,750,116,Yes,NoIntersection,Normal,2Vehicles-Side,PORTE DE SAINT CLOUD,M,48.839847521502094,2.8400848332936866
201800055544,NonLethal,2018-01-08,16:15:00,Daylight,750,112,Yes,NoIntersection,Normal,3+Vehicles-Chain,PORTE DOREE,M,48.83454483659074,2.8360627139259216
201800055545,NonLethal,2018-08-02,08:35:00,Daylight,750,114,Yes,NoIntersection,Normal,2Vehicles-Side,PORTE DE VANVES,M,48.82628598310087,2.822175179448396
201800055546,NonLethal,2018-08-02,17:20:00,Daylight,750,116,Yes,NoIntersection,Normal,2Vehicles-Behind,PORTE MAILLOT,M,48.87737328944699,2.87733300099462
201800055547,NonLethal,2018-03-08,06:40:00,Daylight,750,120,Yes,NoIntersection,Normal,Other,PORTE DE MONTREUIL,M,,
201800055548,NonLethal,2018-03-08,07:30:00,Daylight,750,114,Yes,NoIntersection,Normal,2Vehicles-Behind,PORTE DE CHATILLON,M,48.81843057897671,2.818259329663711
201800055550,NonLethal,2018-08-06,08:10:00,NightStreelightsOn,750,112,Yes,NoIntersection,Normal,2Vehicles-Behind,PORTE DOREE,M,48.8331617953346,2.8340308925003788
201800055551,NonLethal,2018-08-06,17:00:00,Daylight,750,114,Yes,NoIntersection,Normal,3+Vehicles-Chain,PORTE DE CHATILLON,M,48.86815413321533,2.86771940563113
201800055552,NonLethal,2018-07-08,09:00:00,Daylight,750,119,Yes,NoIntersection,Normal,NoCollision,BOULEVARD PERIPHERIQUE E,M,48.90155812709721,2.90002623668536
201800055553,NonLethal,2018-10-08,01:10:00,NightStreelightsOn,750,114,Yes,NoIntersection,Normal,2Vehicles-Behind,PORTE DE VANVES,M,48.82765062097073,2.8267133346065387
201800055554,NonLethal,2018-08-10,13:20:00,Daylight,750,120,Yes,NoIntersection,Normal,3+Vehicles-Chain,PORTE DES LILAS,M,48.8711138517683,2.87029038938159
201800055555,NonLethal,2018-08-10,17:15:00,Daylight,750,113,Yes,NoIntersection,Normal,2Vehicles-Side,PORTE DE GENTILLY,M,48.81675966812546,2.8193168949329563
201800055556,NonLethal,2018-08-13,18:10:00,Daylight,750,118,Yes,NoIntersection,Normal,2Vehicles-Behind,PORTE DE SAINT OUEN,M,48.90033863216592,2.901083722789224
201800055557,NonLethal,2018-08-15,01:00:00,NightStreelightsOn,750,119,Yes,NoIntersection,Normal,3+Vehicles-Chain,PORTE DE LA VILLETTE,M,48.89984254239911,2.8997113381982924
201800055558,NonLethal,2018-08-15,16:45:00,Daylight,750,120,Yes,Y-type,Normal,Other,PORTE DE BAGNOLET,M,48.86582899085296,2.866588403066762
201800055559,NonLethal,2018-08-16,17:50:00,Daylight,750,116,Yes,NoIntersection,Normal,Other,PORTE MAILLOT,M,48.87767525166979,2.8775559171200467
201800055561,NonLethal,2018-08-18,15:45:00,Daylight,750,118,Yes,NoIntersection,Normal,2Vehicles-Side,PORTE DE CLIGNANCOURT,M,48.89885940081964,2.9025491139996067
201800055562,NonLethal,2018-08-19,06:20:00,Daylight,750,119,Yes,NoIntersection,Normal,Other,PORTE DE LA VILLETTE,M,48.90052907361314,2.9004853546906797
201800055564,NonLethal,2018-08-20,09:30:00,Daylight,750,116,Yes,NoIntersection,Normal,3+Vehicles-Chain,PORTE DE PASSY,M,48.862283980481,2.863975412271587
201800055565,NonLethal,2018-08-21,09:10:00,Daylight,750,113,Yes,NoIntersection,Normal,3+Vehicles-Chain,QUAI D IVRY,M,48.82496184268311,2.824931039006892
201800055567,NonLethal,2018-08-24,10:55:00,Daylight,750,112,Yes,NoIntersection,Normal,3+Vehicles-Chain,PORTE DE VINCENNES,M,48.84367052093717,2.8443519865885487
201800055568,NonLethal,2018-08-24,14:00:00,Daylight,750,120,Yes,Y-type,Normal,2Vehicles-Side,PORTE DES LILAS,M,48.880830084850594,2.8776147293690406
201800055569,NonLethal,2018-08-24,17:30:00,Daylight,750,119,Yes,NoIntersection,Normal,2Vehicles-Side,PORTE DE LA VILLETTE,M,48.89909599559542,2.90019294032165
201800055570,NonLethal,2018-08-25,02:30:00,NightStreelightsOn,750,116,Yes,NoIntersection,Normal,2Vehicles-Side,BOULEVARD PERIPHERIQUE E,M,48.84984547757464,2.8450264813801525
201800055571,NonLethal,2018-08-27,08:50:00,Daylight,750,118,Yes,NoIntersection,LightRain,NoCollision,PORTE DE CLIGNANCOURT,M,48.89617404138325,2.8976246231297957
201800055572,NonLethal,2018-08-27,09:00:00,Daylight,750,116,Yes,NoIntersection,Overcast,NoCollision,PORTE D AUTEUIL,M,48.84695250219426,2.844630361749064
201800055573,NonLethal,2018-08-29,14:45:00,Daylight,750,112,Yes,NoIntersection,LightRain,2Vehicles-Side,BOULEVARD PERIPHERIQUE E,M,48.83230911690754,2.832873848371116
201800055574,NonLethal,2018-08-30,09:15:00,Daylight,750,118,Yes,NoIntersection,Normal,2Vehicles-Behind,PORTE DE CLIGNANCOURT,M,48.90150231378194,2.900099899226788
201800055575,NonLethal,2018-08-30,19:50:00,Daylight,750,120,Yes,NoIntersection,Normal,2Vehicles-Behind,PORTE DE BAGNOLET,M,48.86388464691746,2.862251400370461
201800055576,NonLethal,2018-08-31,15:15:00,Daylight,750,120,Yes,NoIntersection,Normal,2Vehicles-Behind,PORTE DE MONTREUIL,M,48.85312745045746,2.851411607948787
201800055577,NonLethal,2018-02-09,06:50:00,Daylight,750,112,Yes,NoIntersection,Normal,Other,ECHANGEUR BERCY,M,48.82622821105757,2.828149008365169
201800055578,NonLethal,2018-02-09,12:30:00,Daylight,750,114,Yes,NoIntersection,Normal,NoCollision,PORTE D ORLEANS,M,48.82002244226521,2.8180905883221667
201800055579,NonLethal,2018-02-09,13:30:00,Daylight,750,120,Yes,NoIntersection,Normal,2Vehicles-Side,PORTE DE MONTREUIL,M,48.849567085684725,2.8479987771786064
201800055582,NonLethal,2018-04-09,12:40:00,Daylight,750,115,Yes,NoIntersection,Normal,3+Vehicles-Multiple,PORTE DE VERSAILLES,M,48.83128844004072,2.8288773690481936
201800055583,NonLethal,2018-05-09,19:39:00,Daylight,750,117,Yes,NoIntersection,Normal,3+Vehicles-Chain,PORTE MAILLOT,M,48.87939326082201,2.878367080620817
201800055584,NonLethal,2018-05-09,23:22:00,NightStreelightsOn,750,113,Yes,NoIntersection,Normal,2Vehicles-Behind,PORTE D IVRY,M,48.81997333464287,2.821450770285606
201800055585,NonLethal,2018-06-09,09:20:00,Daylight,750,117,Yes,Y-type,Normal,2Vehicles-Side,PORTE MAILLOT,M,,
201800055586,NonLethal,2018-09-07,09:10:00,Daylight,750,118,Yes,NoIntersection,Normal,2Vehicles-Behind,BOULEVARD PERIPHERIQUE E,M,48.89930673057599,2.898694393638917
201800055587,NonLethal,2018-09-08,19:50:00,TwilightOrDawn,750,119,Yes,NoIntersection,Normal,2Vehicles-Behind,PORTE DE LA VILLETTE,M,48.90054985228111,2.900195429815211
201800055588,NonLethal,2018-09-09,06:45:00,NightStreelightsOn,750,116,Yes,NoIntersection,Normal,Other,PORTE D AUTEUIL,M,,
201800055589,NonLethal,2018-09-09,15:50:00,Daylight,750,117,Yes,NoIntersection,Normal,3+Vehicles-Multiple,PORTE DE CHAMPERRET,M,48.59903193821199,2.597912267847712
201800055591,NonLethal,2018-11-09,10:45:00,Daylight,750,120,Yes,Y-type,Normal,2Vehicles-Side,PORTE DE BAGNOLET,M,48.86817207195413,2.867825416586085
201800055592,NonLethal,2018-09-12,14:05:00,Daylight,750,120,Yes,NoIntersection,Normal,3+Vehicles-Chain,PORTE DES LILAS,M,,
201800055594,NonLethal,2018-09-15,14:45:00,Daylight,750,116,Yes,NoIntersection,VeryGood,Other,ECHANGEUR MAILLOT,M,48.878289582347385,2.8809314858806627
201800055595,NonLethal,2018-09-17,23:19:00,NightStreelightsOn,750,119,Yes,NoIntersection,Normal,Other,PORTE D AUBERVILLIERS,M,48.89907602308309,2.901509412148919
201800055597,NonLethal,2018-09-20,08:15:00,Daylight,750,115,Yes,NoIntersection,Normal,Other,BOULEVARD PERIPHERIQUE E,M,48.836020368657024,2.8350308786395897
201800055598,NonLethal,2018-09-20,10:05:00,Daylight,750,119,Yes,NoIntersection,Normal,2Vehicles-Side,PORTE DE LA VILLETTE,M,,
201800055599,NonLethal,2018-09-20,22:30:00,NightStreelightsOn,750,114,Yes,Y-type,Normal,2Vehicles-Behind,BOULEVARD PERIPHERIQUE E,M,48.8211417409052,2.821889924024505
201800055600,NonLethal,2018-09-21,00:05:00,NightStreelightsOn,750,112,Yes,Y-type,Normal,Other,ECHANGEUR BERCY,M,48.82821721750799,2.827647302390906
201800055601,NonLethal,2018-09-21,01:55:00,NightStreelightsOn,750,117,Yes,NoIntersection,Normal,Other,BOULEVARD PERIPHERIQUE E,M,48.88098189302709,2.8827256801236163
201800055602,NonLethal,2018-09-21,08:05:00,Daylight,750,115,Yes,NoIntersection,LightRain,NoCollision,PORTE DE SEVRES,M,48.83468366441058,2.834017637148127
201800055603,NonLethal,2018-09-21,17:50:00,Daylight,750,120,Yes,NoIntersection,Normal,2Vehicles-Behind,PORTE DE MONTREUIL,M,48.69467326858802,2.6944328251655434
201800055604,NonLethal,2018-09-21,19:50:00,NightStreelightsOn,750,113,Yes,NoIntersection,Normal,NoCollision,QUAI D IVRY,M,48.81899598312755,2.8204133034526344
201800055605,NonLethal,2018-09-21,17:40:00,Daylight,750,116,Yes,NoIntersection,Normal,2Vehicles-Side,PORTE MAILLOT,M,48.12255759732455,2.121463181514164
201800055606,NonLethal,2018-09-25,11:05:00,Daylight,750,112,Yes,Y-type,Normal,Other,ECHANGEUR BERCY,M,48.82731216340317,2.8269163688640706
201800055607,NonLethal,2018-09-25,18:05:00,Daylight,750,112,Yes,NoIntersection,Normal,3+Vehicles-Chain,PORTE DE VINCENNES,M,48.83660964979467,2.8354555641116104
201800055608,NonLethal,2018-09-26,08:40:00,Daylight,750,120,Yes,NoIntersection,Normal,3+Vehicles-Multiple,PORTE DE MONTREUIL,M,48.85498498785803,2.855850736679441
201800055609,NonLethal,2018-09-26,09:20:00,Daylight,750,116,No,NoIntersection,Normal,2Vehicles-Side,PORTE D AUTEUIL,M,42.95355863186474,2.9503164088179403
201800055610,NonLethal,2018-09-26,16:30:00,Daylight,750,116,Yes,NoIntersection,Normal,2Vehicles-Behind,ECHANGEUR MUETTE,M,,
201800055613,NonLethal,2018-09-27,17:15:00,Daylight,750,112,Yes,NoIntersection,Normal,2Vehicles-Behind,PORTE DOREE,M,48.835277906656046,2.836214104078181
201800055614,NonLethal,2018-09-28,09:00:00,Daylight,750,118,No,NoIntersection,Normal,3+Vehicles-Chain,PORTE DE SAINT OUEN,M,42.36724766103751,2.3696258415621387
201800055615,NonLethal,2018-09-28,15:40:00,Daylight,750,120,Yes,NoIntersection,Normal,3+Vehicles-Chain,PORTE DE VINCENNES,M,48.84515807110192,2.847151535117398
201800055617,NonLethal,2018-09-29,11:10:00,Daylight,750,117,Yes,NoIntersection,Normal,2Vehicles-Behind,PORTE D ASNIERES,M,48.89122308148596,2.8930282062571595
201800055618,NonLethal,2018-09-30,19:20:00,Daylight,750,116,Yes,NoIntersection,Normal,2Vehicles-Behind,ECHANGEUR MUETTE,M,48.86502694340663,2.864114147845424
201800055620,NonLethal,2018-10-01,08:10:00,Daylight,750,115,Yes,NoIntersection,Normal,Other,PORTE DE SEVRES,M,,
201800055621,NonLethal,2018-01-10,10:00:00,Daylight,750,117,Yes,NoIntersection,Normal,3+Vehicles-Multiple,PORTE DES TERNES,M,,
201800055622,NonLethal,2018-10-01,13:40:00,Daylight,750,117,Yes,NoIntersection,Normal,3+Vehicles-Chain,PORTE DE SAINT OUEN,M,48.89914481572852,2.900494803442802
201800055623,NonLethal,2018-10-01,17:40:00,Daylight,750,113,Yes,NoIntersection,Normal,2Vehicles-Behind,ECHANGEUR BERCY,M,48.86694887670772,2.8662501219125813
201800055624,NonLethal,2018-02-10,02:24:00,NightStreelightsOn,750,112,Yes,NoIntersection,Normal,Other,PORTE DOREE,M,48.833801251018265,2.8350915280191544
201800055625,NonLethal,2018-10-02,12:20:00,Daylight,750,113,Yes,NoIntersection,Normal,2Vehicles-Behind,QUAI D IVRY,M,48.8256471955682,2.825761819476123
201800055626,NonLethal,2018-10-02,18:10:00,Daylight,750,117,Yes,Y-type,Normal,3+Vehicles-Chain,PORTE D ASNIERES,M,48.89205704452927,2.8911438505574574
201800055627,NonLethal,2018-10-02,19:20:00,TwilightOrDawn,750,116,Yes,NoIntersection,Normal,2Vehicles-Behind,PORTE MAILLOT,M,42.98712286987793,2.98876969757264
201800055628,NonLethal,2018-03-10,16:05:00,Daylight,750,113,Yes,NoIntersection,Normal,2Vehicles-Behind,PORTE D ITALIE,M,48.86499250902309,2.865954234039425
201800055629,NonLethal,2018-04-10,10:05:00,Daylight,750,113,Yes,NoIntersection,Normal,2Vehicles-Side,QUAI D IVRY,M,48.82033865432003,2.8211091990130965
201800055630,NonLethal,2018-10-04,12:05:00,Daylight,750,116,Yes,NoIntersection,Normal,2Vehicles-Side,PORTE DE PASSY,M,48.8595756477395,2.8577908092268944
201800055631,NonLethal,2018-04-10,13:30:00,Daylight,750,119,Yes,NoIntersection,Normal,2Vehicles-Behind,PORTE DE PANTIN,M,48.896317937231935,2.897248856487353
201800055632,NonLethal,2018-04-10,15:00:00,Daylight,750,120,Yes,NoIntersection,Normal,2Vehicles-Behind,PORTE DE VINCENNES,M,48.85118768409029,2.8490612662913075
201800055633,NonLethal,2018-10-05,00:15:00,NightStreelightsOn,750,114,Yes,NoIntersection,Normal,2Vehicles-Side,PORTE DE VANVES,M,48.824562803510446,2.825978797960726
201800055634,NonLethal,2018-05-10,10:25:00,Daylight,750,113,Yes,NoIntersection,Normal,2Vehicles-Side,ECHANGEUR GARE,M,48.82611893545543,2.826193568907424
201800055635,NonLethal,2018-05-10,12:50:00,Daylight,750,118,Yes,Y-type,Normal,Other,ECHANGEUR CHAPELLE,M,48.899172904036185,2.900313410684465
201800055636,NonLethal,2018-05-10,13:20:00,Daylight,750,117,Yes,NoIntersection,Normal,2Vehicles-Behind,PORTE DE CHAMPERRET,M,48.5382729310508,2.5390222820458512
201800055637,NonLethal,2018-05-10,16:45:00,Daylight,750,112,Yes,NoIntersection,Normal,2Vehicles-Behind,PORTE DE SAINT MANDE,M,48.84531194511421,2.8432637904904032
201800055639,NonLethal,2018-05-10,19:20:00,NightStreelightsOn,750,112,Yes,NoIntersection,Normal,2Vehicles-Behind,PORTE DE CHARENTON,M,48.830763559401866,2.830593860550523
201800055640,NonLethal,2018-09-10,18:10:00,NightStreelightsOn,750,116,Yes,NoIntersection,Normal,3+Vehicles-Multiple,ECHANGEUR MUETTE,M,48.86368835250696,2.86529101814121
201800055641,NonLethal,2018-10-10,12:30:00,Daylight,750,116,Yes,Y-type,Normal,2Vehicles-Side,PORTE D AUTEUIL,M,,
201800055642,NonLethal,2018-10-10,20:35:00,NightStreelightsOn,750,113,Yes,Y-type,Normal,2Vehicles-Side,PORTE D ITALIE,M,48.81607314668481,2.816135685992882
201800055643,NonLethal,2018-11-10,17:09:00,Daylight,750,113,Yes,NoIntersection,Normal,2Vehicles-Side,PONT DE BERCY,M,48.82948029958315,2.826850373139871
201800055644,NonLethal,2018-11-10,16:25:00,Daylight,750,114,Yes,Y-type,Normal,2Vehicles-Behind,PORTE DE GENTILLY,M,48.81955615501047,2.820414572972604
201800055645,NonLethal,2018-12-10,08:30:00,NightStreelightsOn,750,120,Yes,NoIntersection,Normal,2Vehicles-Side,PORTE DES LILAS,M,,
201800055646,NonLethal,2018-10-12,18:35:00,Daylight,750,120,Yes,NoIntersection,Normal,3+Vehicles-Chain,PORTE DE BAGNOLET,M,48.86962611008692,2.868335356875766
201800055647,NonLethal,2018-12-10,19:35:00,Daylight,750,120,Yes,NoIntersection,Normal,3+Vehicles-Chain,PORTE DE MONTREUIL,M,48.51174591172568,2.513867201822736
201800055648,NonLethal,2018-10-13,14:20:00,Daylight,750,116,Yes,NoIntersection,Normal,2Vehicles-Behind,PORTE MAILLOT,M,48.87998147386328,2.8796772416471432
201800055649,NonLethal,2018-10-13,18:00:00,Daylight,750,114,Yes,NoIntersection,Normal,2Vehicles-Behind,PORTE DE VANVES,M,48.82777244476054,2.8279149034880118
201800055650,NonLethal,2018-10-13,21:15:00,NightStreelightsOn,750,116,Yes,NoIntersection,Normal,3+Vehicles-Multiple,ECHANGEUR MUETTE,M,48.86420187181111,2.8656896550289934
201800055651,NonLethal,2018-10-14,14:15:00,Daylight,750,118,Yes,NoIntersection,Normal,Other,PORTE DE CLIGNANCOURT,M,48.90073774817876,2.8999451032597414
201800055653,NonLethal,2018-10-15,23:10:00,NightStreelightsOn,750,112,Yes,NoIntersection,Normal,2Vehicles-Behind,PORTE DOREE,M,48.83459453107056,2.836727215085099
201800055654,NonLethal,2018-10-16,09:45:00,Daylight,750,120,Yes,NoIntersection,Normal,3+Vehicles-Multiple,PORTE DE BAGNOLET,M,48.86338011595165,2.864602151193669
201800055655,NonLethal,2018-10-16,12:45:00,Daylight,750,117,Yes,Y-type,Normal,NoCollision,ECHANGEUR MAILLOT,M,48.880633529680125,2.877751563212445
201800055657,NonLethal,2018-10-16,18:40:00,Daylight,750,116,Yes,Y-type,Normal,NoCollision,ECHANGEUR AUTEUIL,M,48.50465112605317,2.505205071950513
201800055658,NonLethal,2018-10-16,17:20:00,Daylight,750,112,Yes,NoIntersection,Normal,2Vehicles-Side,BPI PORTE DE CHARENTON,M,48.85795227370698,2.857073173035478
201800055659,NonLethal,2018-10-17,21:05:00,NightStreelightsOn,750,120,Yes,NoIntersection,Normal,2Vehicles-Behind,PORTE DE BAGNOLET,M,48.86695783646796,2.866436033301501
201800055660,NonLethal,2018-10-19,05:10:00,NightStreelightsOn,750,112,Yes,NoIntersection,Normal,2Vehicles-Behind,PORTE DE VINCENNES,M,48.844647567962376,2.84224803612143
201800055661,NonLethal,2018-10-19,09:00:00,Daylight,750,114,Yes,NoIntersection,Normal,NoCollision,PORTE DE CHATILLON,M,48.82149493805737,2.822998497367745
201800055662,NonLethal,2018-10-19,16:20:00,Daylight,750,115,Yes,Y-type,Normal,3+Vehicles-Chain,PORTE DE SEVRES,M,,
201800055663,NonLethal,2018-10-22,07:25:00,NightStreelightsOn,750,112,Yes,NoIntersection,Normal,2Vehicles-Behind,ECHANGEUR BERCY,M,48.82789462547216,2.82722040632923
201800055664,NonLethal,2018-10-22,17:45:00,Daylight,750,118,Yes,NoIntersection,Normal,Other,PORTE DE SAINT OUEN,M,48.898393122808,2.8975716689879096
201800055665,NonLethal,2018-10-23,07:20:00,TwilightOrDawn,750,116,Yes,NoIntersection,Normal,Other,PORTE DE SAINT CLOUD,M,48.833141281730185,2.8341397586140715
201800055666,NonLethal,2018-10-23,08:55:00,Daylight,750,116,Yes,NoIntersection,Normal,Other,PORTE DE SAINT CLOUD,M,48.86663609482219,2.8683156734043966
201800055667,NonLethal,2018-10-24,18:35:00,Daylight,750,119,Yes,NoIntersection,Normal,2Vehicles-Side,PORTE DE PANTIN,M,48.88903597332107,2.8890279274576782
201800055668,NonLethal,2018-10-25,08:30:00,Daylight,750,116,Yes,NoIntersection,Normal,3+Vehicles-Multiple,PORTE MAILLOT,M,48.816871173361456,2.81580614560853
201800055669,NonLethal,2018-10-25,21:50:00,NightStreelightsOn,750,120,Yes,NoIntersection,Normal,Other,PORTE DE BAGNOLET,M,48.86501198858271,2.864352228995891
201800055670,NonLethal,2018-10-27,02:40:00,NightStreelightsOn,750,117,Yes,Y-type,Normal,2Vehicles-Side,ECHANGEUR MAILLOT,M,48.88214991035439,2.88202723019044
201800055671,NonLethal,2018-10-27,13:30:00,Daylight,750,112,Yes,NoIntersection,Normal,3+Vehicles-Chain,PORTE DE VINCENNES,M,,
201800055672,NonLethal,2018-10-27,19:10:00,NightStreelightsOn,750,120,Yes,Y-type,Normal,NoCollision,ECHANGEUR BAGNOLET,M,48.85528830345447,2.85579594857969
201800055673,NonLethal,2018-10-28,01:35:00,NightStreelightsOn,750,112,Yes,NoIntersection,Normal,Other,PORTE DOREE,M,48.83217097376788,2.830264876940461
201800055676,NonLethal,2018-10-29,17:30:00,NightStreelightsOn,750,117,Yes,NoIntersection,Normal,2Vehicles-Behind,PORTE DES TERNES,M,48.88032762106202,2.8826573721140982
201800055677,NonLethal,2018-10-31,13:15:00,Daylight,750,113,Yes,NoIntersection,Normal,2Vehicles-Side,PORTE D IVRY,M,48.81831171121213,2.8192234166853947
201800055679,NonLethal,2018-10-31,21:05:00,NightNoStreetLight,750,120,Yes,NoIntersection,LightRain,3+Vehicles-Chain,PORTE DE MONTREUIL,M,48.8529913527944,2.8536140353935098
201800055680,NonLethal,2018-03-11,09:50:00,Daylight,750,119,Yes,NoIntersection,Normal,2Vehicles-Side,PORTE DE PANTIN,M,48.89027674782408,2.890925545328441
201800055681,NonLethal,2018-11-03,18:10:00,TwilightOrDawn,750,112,Yes,NoIntersection,Normal,2Vehicles-Behind,BOULEVARD PERIPHERIQUE,M,,
201800055682,NonLethal,2018-11-03,20:20:00,NightStreelightsOn,750,119,Yes,Y-type,Normal,3+Vehicles-Chain,PORTE DE LA VILLETTE,M,48.9003496933506,2.899291100121653
201800055683,NonLethal,2018-04-11,14:05:00,Daylight,750,118,Yes,NoIntersection,Normal,3+Vehicles-Chain,PORTE DE CLIGNANCOURT,M,48.90221739776091,2.9011261640074477
201800055684,NonLethal,2018-04-11,22:45:00,NightStreelightsOn,750,115,Yes,Y-type,Normal,NoCollision,QUAI D ISSY LES MOULINEA,M,48.834428749423246,2.8350893631081493
201800055686,NonLethal,2018-11-05,17:40:00,NightStreelightsOn,750,113,Yes,Y-type,Normal,Other,QUAI D IVRY,M,48.82638854222219,2.8242946309532817
201800055688,NonLethal,2018-06-11,19:50:00,NightStreelightsOn,750,114,Yes,NoIntersection,Normal,2Vehicles-Side,PORTE DE CHATILLON,M,48.82258239362966,2.8228988942649984
201800055689,NonLethal,2018-07-11,17:30:00,TwilightOrDawn,750,116,Yes,NoIntersection,Overcast,2Vehicles-Side,PORTE DAUPHINE,M,48.87350907026766,2.8700020682964347
201800055690,NonLethal,2018-11-08,06:55:00,TwilightOrDawn,750,117,No,NoIntersection,Normal,2Vehicles-Behind,PORTE DE CHAMPERRET,M,,
201800055691,NonLethal,2018-11-08,20:50:00,NightStreelightsOn,750,119,Yes,NoIntersection,Normal,Other,PORTE DE LA VILLETTE,M,,
201800055692,NonLethal,2018-11-09,10:50:00,Daylight,750,112,Yes,NoIntersection,Normal,2Vehicles-Behind,ECHANGEUR BERCY,M,48.82637384386376,2.828367178749265