AccidentId,Gravity,Date,Hour,Light,Department,Commune,InAgglomeration,IntersectionType,Weather,CollisionType,PostalAddress,GPSCode,Latitude,Longitude
201800055693,NonLethal,2018-11-09,11:45:00,Daylight,750,112,Yes,Y-type,Normal,2Vehicles-Behind,ECHANGEUR VINCENNES,M,48.84647584218701,2.8469250876447325
201800055694,NonLethal,2018-12-11,10:05:00,Daylight,750,112,Yes,NoIntersection,LightRain,2Vehicles-Behind,PORTE DE CHARENTON,M,48.82919336718575,2.828744596127143
201800055695,NonLethal,2018-12-11,19:30:00,NightStreelightsOn,750,118,Yes,Y-type,Normal,2Vehicles-Side,PORTE DE SAINT OUEN,M,,
201800055697,NonLethal,2018-11-12,15:10:00,Daylight,750,116,Yes,NoIntersection,Normal,2Vehicles-Side,PORTE DAUPHINE,M,48.875099041288415,2.871353181669734
201800055699,NonLethal,2018-11-15,22:10:00,NightStreelightsOn,750,118,Yes,NoIntersection,Normal,2Vehicles-Behind,BOULEVARD PERIPHERIQUE,M,48.90124358049338,2.899671777170222
201800055700,NonLethal,2018-11-16,14:00:00,Daylight,750,116,Yes,NoIntersection,Normal,2Vehicles-Behind,PORTE DAUPHINE,M,48.85338849652889,2.854542894962906
201800055701,NonLethal,2018-11-16,17:00:00,Daylight,750,114,Yes,NoIntersection,Normal,2Vehicles-Side,PORTE DE GENTILLY,M,48.81657303112904,2.8168783442130736
201800055702,NonLethal,2018-11-17,12:30:00,Daylight,750,116,Yes,NoIntersection,Normal,2Vehicles-Side,PORTE DE PASSY,M,,
201800055703,NonLethal,2018-11-18,19:15:00,NightStreelightsOn,750,119,Yes,Y-type,Normal,Other,ECHANGEUR AUBERVILLIERS,M,48.89927512176891,2.90107789464092
201800055704,NonLethal,2018-11-20,19:10:00,NightStreelightsOn,750,113,Yes,NoIntersection,Overcast,3+Vehicles-Multiple,PORTE DE GENTILLY,M,48.81638071983067,2.8157351209686152
201800055705,NonLethal,2018-11-23,19:40:00,NightStreelightsOn,750,114,Yes,NoIntersection,Normal,2Vehicles-Behind,PORTE D ORLEANS,M,48.82053975649109,2.8201424371277595
201800055706,NonLethal,2018-11-24,19:10:00,NightStreelightsOn,750,117,Yes,Y-type,Normal,2Vehicles-Behind,PORTE DE CLICHY,M,48.89713737506356,2.895318212394325
201800055710,NonLethal,2018-11-28,09:20:00,Daylight,750,120,Yes,Y-type,LightRain,3+Vehicles-Chain,PORTE DE VINCENNES,M,48.851083412096166,2.851303129737625
201800055711,NonLethal,2018-11-28,14:45:00,Daylight,750,117,Yes,NoIntersection,Normal,2Vehicles-Side,PORTE DE CLICHY,M,,
201800055712,NonLethal,2018-11-28,16:15:00,Daylight,750,117,Yes,NoIntersection,Normal,3+Vehicles-Chain,PORTE DE SAINT OUEN,M,48.896247924877336,2.8980669694385077
201800055713,NonLethal,2018-11-29,19:00:00,NightStreelightsOn,750,115,Yes,NoIntersection,Normal,2Vehicles-Side,PORTE DE SEVRES,M,48.8353511282568,2.835371571351863
201800055714,NonLethal,2018-11-29,20:00:00,NightStreelightsOn,750,117,Yes,NoIntersection,Normal,3+Vehicles-Multiple,PORTE D ASNIERES,M,,
201800055715,NonLethal,2018-11-30,13:00:00,Daylight,750,112,Yes,NoIntersection,Normal,2Vehicles-Side,PORTE DE CHARENTON,M,,
201800055716,NonLethal,2018-11-30,19:30:00,NightStreelightsOn,750,113,Yes,NoIntersection,Normal,2Vehicles-Side,PORTE D ITALIE,M,48.819051507051526,2.818952741442073
201800055717,NonLethal,2018-11-30,22:10:00,NightStreelightsOn,750,117,Yes,NoIntersection,Normal,2Vehicles-Behind,PORTE DE SAINT OUEN,M,48.90127999716254,2.9017253395833262
201800055718,NonLethal,2018-02-12,05:35:00,NightStreelightsOn,750,116,Yes,Y-type,HeavyRain,Other,PORTE MAILLOT,M,,
201800055719,NonLethal,2018-03-12,11:00:00,Daylight,750,116,Yes,Y-type,Normal,3+Vehicles-Chain,BD PERIPHERIQUE INTERIEU,M,48.83740117736383,2.83875952358149
201800055720,NonLethal,2018-12-03,17:20:00,NightStreelightsOn,750,114,Yes,NoIntersection,LightRain,NoCollision,BD PERIPHERIQUE INTERIEU,M,48.81686817520072,2.815114102828677
201800055721,NonLethal,2018-03-12,17:15:00,Daylight,750,115,Yes,NoIntersection,LightRain,3+Vehicles-Chain,BD PERIPHERIQUE INTERIEU,M,48.82685162981555,2.826241331687365
201800055722,NonLethal,2018-12-03,18:35:00,NightStreelightsOn,750,112,Yes,NoIntersection,Normal,2Vehicles-Side,BD PERIPHERIQUE EXTERIEU,M,48.83118658561606,2.832769481972192
201800055723,NonLethal,2018-12-04,06:10:00,NightStreelightsOn,750,116,Yes,Y-type,LightRain,2Vehicles-Behind,PORTE MAILLOT,M,48.87549563399835,2.8747089426754524
201800055725,NonLethal,2018-04-12,20:35:00,NightStreelightsOn,750,120,Yes,NoIntersection,Normal,2Vehicles-Behind,PORTE DE MONTREUIL,M,48.854681286328365,2.8537284134066923
201800055726,NonLethal,2018-12-05,23:16:00,NightStreelightsOn,750,119,Yes,NoIntersection,Normal,2Vehicles-Behind,PORTE DE LA VILLETTE,M,48.89829761697589,2.8998762886243616
201800055727,NonLethal,2018-12-06,14:30:00,Daylight,750,112,Yes,Y-type,Overcast,2Vehicles-Side,BD PERIPHERIQUE EXTERIEU,M,,
201800055729,NonLethal,2018-07-12,15:50:00,Daylight,750,120,Yes,Y-type,LightRain,2Vehicles-Side,BD PERIPHERIQUE INTERIEU,M,48.87670110784868,2.876748795932776
201800055730,NonLethal,2018-12-09,06:30:00,NightStreelightsOn,750,119,Yes,NoIntersection,Normal,Other,BD PERIPHERIQUE INTERIEU,M,48.89740278083519,2.896788775525422
201800055732,NonLethal,2018-12-10,15:00:00,Daylight,750,117,Yes,NoIntersection,Normal,3+Vehicles-Chain,BD PERIPHERIQUE INTERIEU,M,48.89527784755264,2.8958158499333733
201800055733,NonLethal,2018-12-11,17:00:00,NightStreelightsOn,750,120,Yes,NoIntersection,Normal,2Vehicles-Side,PORTE DES LILAS,M,48.88248989348926,2.88110969320386
201800055734,NonLethal,2018-12-12,17:15:00,Daylight,750,117,Yes,NoIntersection,Normal,2Vehicles-Side,BD PERIPHERIQUE INTERIEU,M,48.89373348391125,2.8956294276003
201800055735,NonLethal,2018-12-12,15:40:00,Daylight,750,117,Yes,NoIntersection,Normal,2Vehicles-Side,BD PERIPHERIQUE INTERIEU,M,48.889678530498536,2.887735004491078
201800055736,NonLethal,2018-12-13,09:00:00,Daylight,750,116,Yes,Y-type,Normal,2Vehicles-Behind,BD PERIPHERIQUE EXTERIEU,M,48.8795532928084,2.879706401661648
201800055738,NonLethal,2018-12-13,15:20:00,Daylight,750,113,Yes,Y-type,Normal,2Vehicles-Behind,BD PERIPHERIQUE EXTERIEU,M,,
201800055739,NonLethal,2018-12-13,17:45:00,NightStreelightsOn,750,112,Yes,NoIntersection,Normal,2Vehicles-Side,BD PERIPHERIQUE INTERIEU,M,,
201800055740,NonLethal,2018-12-13,22:20:00,NightStreelightsOn,750,120,Yes,NoIntersection,Normal,3+Vehicles-Chain,BD PERIPHERIQUE EXTERIEU,M,48.51001219626232,2.5093144513860044
201800055741,NonLethal,2018-12-14,10:15:00,Daylight,750,117,Yes,NoIntersection,Normal,2Vehicles-Side,BD PERIPHERIQUE INTERIEU,M,,
201800055743,NonLethal,2018-12-15,23:30:00,NightStreelightsOn,750,112,Yes,X-type,HeavyRain,Other,BD PERIPHERIQUE INTERIEU,M,48.82660490395159,2.825521055186216
201800055745,NonLethal,2018-12-17,21:15:00,NightStreelightsOn,750,118,Yes,NoIntersection,Normal,NoCollision,BD PERIPHERIQUE EXTERIEU,M,48.90123705988831,2.900415258003222
201800055748,NonLethal,2018-12-18,18:00:00,NightStreelightsOn,750,120,Yes,NoIntersection,Normal,2Vehicles-Side,BD PERIPHERIQUE EXTERIEU,M,48.86920463879859,2.8683694970091675
201800055749,NonLethal,2018-12-19,11:10:00,Daylight,750,118,Yes,Y-type,Overcast,2Vehicles-Side,BD PERIPHERIQUE INTERIEU,M,48.89945652824833,2.900060849791044
201800055750,NonLethal,2018-12-19,09:40:00,Daylight,750,116,Yes,Y-type,Overcast,Other,BD PERIPHERIQUE EXTERIEU,M,,
201800055751,NonLethal,2018-12-19,11:30:00,Daylight,750,116,Yes,Y-type,Normal,2Vehicles-Behind,BD PERIPHERIQUE INTERIEU,M,48.83487203350459,2.8337436842212997
201800055752,NonLethal,2018-12-20,09:00:00,Daylight,750,113,Yes,NoIntersection,Normal,2Vehicles-Behind,BD PERIPHERIQUE INTERIEU,M,48.86562317630018,2.8666757873315865
201800055753,NonLethal,2018-12-20,18:20:00,NightStreelightsOn,750,116,Yes,Y-type,Normal,3+Vehicles-Chain,BD PERIPHERIQUE INTERIEU,M,48.8702326543274,2.8693490248343565
201800055754,NonLethal,2018-12-21,09:20:00,Daylight,750,113,Yes,NoIntersection,LightRain,2Vehicles-Side,BD PERIPHERIQUE INTERIEU,M,48.81863828248079,2.816903634054284
201800055756,NonLethal,2018-12-21,17:00:00,NightStreelightsOn,750,112,Yes,NoIntersection,Normal,3+Vehicles-Chain,BD PERIPHERIQUE INTERIEU,M,48.82412748057256,2.826813894867082
201800055758,NonLethal,2018-12-22,19:50:00,NightStreelightsOn,750,116,Yes,NoIntersection,Normal,2Vehicles-Side,ECHANGEUR AUTEUIL,M,48.84529528056545,2.845293981259044
201800055759,NonLethal,2018-12-22,21:25:00,NightStreelightsOn,750,112,Yes,NoIntersection,Normal,3+Vehicles-Chain,ECHANGEUR BERCY,M,48.82028718359328,2.8231348409264334
201800055760,NonLethal,2018-12-23,09:30:00,Daylight,750,112,Yes,Y-type,LightRain,2Vehicles-Behind,ECHANGEUR BERCY,M,,
201800055762,NonLethal,2018-12-24,11:50:00,Daylight,750,112,Yes,NoIntersection,Normal,NoCollision,PORTE DE CHARENTON,M,,
201800055765,NonLethal,2018-12-29,12:15:00,Daylight,750,112,Yes,NoIntersection,Normal,2Vehicles-Side,BD PERIPHERIQUE INTERIEU,M,,
201800055767,NonLethal,2018-12-31,15:00:00,Daylight,972,224,Yes,NoIntersection,Normal,2Vehicles-BehindVehicles-Frontal,Départementale 14,A,14.654007780129763,6.653355198306634
201800055768,NonLethal,2018-01-24,08:40:00,Daylight,972,224,Yes,T-type,Normal,2Vehicles-BehindVehicles-Frontal,RD 15 / chemin en dorval,A,14.657936942688249,6.656461265987553
201800055769,NonLethal,2018-04-22,00:45:00,NightStreelightsOn,972,224,Yes,NoIntersection,Normal,Other,quartier goureau - voie,A,14.67876314722996,6.678307079527303
201800055770,NonLethal,2018-08-11,21:45:00,NightStreelightsOn,972,224,Yes,NoIntersection,HeavyRain,Other,long bois,A,14.66742029272256,6.668439923578019
201800055771,NonLethal,2018-11-08,15:40:00,Daylight,972,224,Yes,NoIntersection,HeavyRain,Other,voie communal de long bo,A,14.66750210855416,6.667936177694428
201800055772,NonLethal,2018-08-11,18:30:00,NightNoStreetLight,972,224,No,NoIntersection,HeavyRain,2Vehicles-BehindVehicles-Frontal,d15,A,14.660971863242336,6.662990759565687
201800055773,NonLethal,2018-02-18,13:30:00,Daylight,972,230,No,Y-type,Normal,2Vehicles-Side,N1,A,14.731106383944155,6.733076013685447
201800055774,NonLethal,2018-05-12,23:00:00,NightStreelightsOn,972,230,Yes,T-type,Normal,2Vehicles-BehindVehicles-Frontal,rue joseph lagrosilliere,A,14.744111509537603,6.744268378161168
201800055776,NonLethal,2018-08-26,02:30:00,NightStreelightsOff,972,230,Yes,NoIntersection,Normal,Other,avenue des raisiniers,A,14.73783194766913,6.737493223518509
201800055777,NonLethal,2018-09-17,07:50:00,Daylight,972,230,Yes,NoIntersection,Normal,Other,Boulevard François MITTE,A,14.755898749901291,6.756286738483102
201800055779,NonLethal,2018-04-11,01:50:00,NightStreelightsOn,972,230,Yes,NoIntersection,Normal,Other,ROUTE DE LA MOISE,A,14.737396781157134,6.740760957268715
201800055780,NonLethal,2018-07-01,19:15:00,NightNoStreetLight,972,228,No,NoIntersection,Normal,2Vehicles-BehindVehicles-Frontal,RD 24 bis,A,14.780075393711003,6.779586622391524
201800055781,NonLethal,2018-01-24,16:35:00,Daylight,972,228,No,NoIntersection,Normal,NoCollision,rue de la Foret,A,14.775194913757764,6.774526636251647
201800055782,NonLethal,2018-11-13,17:20:00,Daylight,972,228,Yes,Other,Normal,2Vehicles-BehindVehicles-Frontal,D15,A,14.760913400744816,6.762201659262424
201800055783,Lethal,2018-12-13,01:00:00,NightNoStreetLight,972,228,No,NoIntersection,Normal,Other,route nationale 1,A,14.793358215208114,6.793386893268051
201800055784,Lethal,2018-02-14,18:30:00,NightStreelightsOff,971,104,No,NoIntersection,Normal,2Vehicles-BehindVehicles-Frontal,route de Saint-Robert,A,16.018371404028784,6.017408107227093
201800055785,NonLethal,2018-06-03,16:10:00,Daylight,971,124,Yes,Other,VeryGood,2Vehicles-Side,croisement RN3 rue des Y,A,16.017279054267426,6.019815581783158
201800055786,Lethal,2018-03-13,15:45:00,Daylight,971,104,Yes,T-type,Normal,2Vehicles-BehindVehicles-Frontal,662 Avenue du père Labat,A,16.015620884113666,6.016099619054238
201800055787,NonLethal,2018-07-04,00:40:00,NightStreelightsOn,971,104,Yes,NoIntersection,LightRain,Other,allée des pères blancs,A,16.01160395467748,6.010051350794181
201800055788,NonLethal,2018-05-25,12:00:00,Daylight,971,104,Yes,NoIntersection,Normal,2Vehicles-Behind,RN2,A,16.023295109568355,6.023653021195586
201800055789,NonLethal,2018-08-10,18:30:00,TwilightOrDawn,971,104,Yes,T-type,Normal,2Vehicles-Side,avenue du père labat,A,16.02278325877778,6.020940327774556
201800055790,NonLethal,2018-10-28,20:20:00,NightStreelightsOn,971,104,Yes,NoIntersection,Normal,2Vehicles-BehindVehicles-Frontal,"D30, ROUTE DE ST LOUIS",A,16.017330901130773,6.0166062083328296
201800055792,NonLethal,2018-05-10,05:30:00,Daylight,971,106,No,NoIntersection,Normal,Other,route nationale 2,A,16.1442923660634,6.14354167319273
201800055794,NonLethal,2018-05-20,01:30:00,NightStreelightsOn,971,106,Yes,NoIntersection,LightRain,2Vehicles-BehindVehicles-Frontal,RN2 MATONE,A,16.142272596326496,6.144330798414983
201800055795,NonLethal,2018-06-08,14:50:00,Daylight,971,134,No,X-type,Normal,2Vehicles-Side,route de cousinière,A,16.05051493293495,6.050929463983419
201800055796,NonLethal,2018-08-24,16:50:00,Daylight,971,134,No,NoIntersection,Normal,2Vehicles-Side,route nationale 2 rocroy,A,16.085340933862714,6.082879844879516
201800055797,NonLethal,2018-08-03,04:30:00,NightStreelightsOff,971,106,No,NoIntersection,Normal,Other,Section Desmarais RN2,A,16.142348130932465,6.141781652119621
201800055798,NonLethal,2018-03-06,21:55:00,NightNoStreetLight,971,106,Yes,NoIntersection,Normal,Other,rue félicité léandre,A,16.15027424494585,6.152416644620285
201800055799,NonLethal,2018-08-26,19:00:00,NightStreelightsOn,971,106,Yes,NoIntersection,Normal,Other,bois malher,A,16.160763646953363,6.158793185496121
201800055800,NonLethal,2018-10-09,11:50:00,Daylight,971,106,Yes,Other,Normal,Other,boulevard du front de me,A,16.12824075327445,6.126943966242674
201800055801,NonLethal,2018-01-24,08:25:00,Daylight,971,121,Yes,NoIntersection,Normal,2Vehicles-Side,RN2 Les plaines,A,16.224150102833942,6.221669713827655
201800055802,NonLethal,2018-03-02,21:40:00,NightNoStreetLight,971,121,No,NoIntersection,Normal,2Vehicles-BehindVehicles-Frontal,Mahault,A,16.193965661370548,6.192967272010161
201800055804,NonLethal,2018-08-26,12:00:00,Daylight,971,121,No,NoIntersection,Normal,2Vehicles-BehindVehicles-Frontal,Route Départementale 23,A,16.1815749038754,6.18111357829283
201800055805,NonLethal,2018-09-02,13:00:00,Daylight,971,121,No,NoIntersection,Normal,NoCollision,RN 02 section MAHAULT,A,16.190042660631995,6.189761464502108
201800055806,NonLethal,2018-12-23,22:08:00,NightNoStreetLight,971,121,No,NoIntersection,Overcast,Other,Route départementale 23,A,16.186433945792803,6.187669688995352
201800055807,NonLethal,2018-12-25,07:55:00,Daylight,971,121,No,NoIntersection,Normal,Other,RN2,A,16.211922835296114,6.213292341909483
201800055809,NonLethal,2018-04-14,23:55:00,NightNoStreetLight,971,111,No,NoIntersection,Normal,NoCollision,RN 02 - Leroux,A,16.27602376496814,6.274437665558278
201800055811,NonLethal,2018-06-23,16:45:00,Daylight,971,111,No,T-type,HeavyRain,2Vehicles-Side,Route Nationale 02 - Sec,A,16.32148865536112,6.32411370819188
201800055812,NonLethal,2018-01-18,00:10:00,NightNoStreetLight,971,107,No,NoIntersection,Normal,NoCollision,RNl - section Sainte Mar,A,16.09348062895537,6.095848281072704
201800055813,NonLethal,2018-01-19,18:20:00,NightStreelightsOn,971,114,No,NoIntersection,Normal,2Vehicles-Side,route nationale 1,A,16.148197426394717,6.144052092528439
201800055816,Lethal,2018-03-08,06:50:00,Daylight,971,107,No,NoIntersection,Normal,2Vehicles-BehindVehicles-Frontal,RN 1 Ste Marie PK 33.300,A,16.106952582266985,6.105345489677294
201800055818,NonLethal,2018-03-15,18:50:00,NightStreelightsOff,971,107,Yes,NoIntersection,Normal,Other,ilet perou,A,16.056868892651984,6.056712011952571
201800055819,NonLethal,2018-03-23,19:30:00,NightStreelightsOn,971,114,Yes,T-type,Normal,2Vehicles-Side,Carrefour D6 / D33 Ste C,A,16.134313833433577,6.136278566389401
201800055820,NonLethal,2018-03-31,21:10:00,NightNoStreetLight,971,107,No,X-type,Normal,2Vehicles-Side,Intersection entre RN1(s,A,16.05646370748262,6.055860207018576
201800055821,NonLethal,2018-04-22,21:00:00,NightNoStreetLight,971,107,No,NoIntersection,LightRain,2Vehicles-BehindVehicles-Frontal,Morne Salé,A,15.998409148064278,6.999048063432638
201800055822,Lethal,2018-02-05,21:15:00,NightStreelightsOn,971,107,Yes,NoIntersection,Normal,3+Vehicles-Multiple,nationale l- SAINT SAUVE,A,16.055829743170094,6.053799505622269
201800055824,NonLethal,2018-07-14,06:30:00,Daylight,971,107,No,T-type,Normal,Other,rue de Cambrefort,A,16.065145117703334,6.067141321551378
201800055827,NonLethal,2018-08-16,07:50:00,Daylight,971,114,No,NoIntersection,Normal,2Vehicles-BehindVehicles-Frontal,RN01 -,A,16.12137204939752,6.121271822248776
201800055828,Lethal,2018-08-18,06:45:00,Daylight,971,107,No,NoIntersection,Normal,2Vehicles-BehindVehicles-Frontal,RN1 entreprise POMMEZ,A,16.059247513868876,6.056963383783788
201800055829,NonLethal,2018-09-08,20:30:00,NightNoStreetLight,971,114,No,Y-type,Normal,Other,Christophe ouest,A,16.113237185723108,6.111816620864354
201800055830,Lethal,2018-09-20,18:00:00,Daylight,971,107,No,NoIntersection,Normal,2Vehicles-BehindVehicles-Frontal,RN 1 - Four à Chaux -,A,16.10313120016761,6.100558769449577
201800055832,NonLethal,2018-11-21,14:30:00,Daylight,971,107,No,Y-type,Normal,2Vehicles-Side,Rue de moravie,A,16.07250160431775,6.073146635244764
201800055833,NonLethal,2018-12-19,15:00:00,Daylight,971,114,No,NoIntersection,Normal,2Vehicles-BehindVehicles-Frontal,RN1 sarcelles,A,16.157454233812558,6.156457436588584
201800055834,NonLethal,2018-12-24,05:20:00,NightNoStreetLight,971,114,No,NoIntersection,Normal,Other,RN01,A,16.155777276664754,6.153612398647188
201800055835,NonLethal,2018-01-31,09:45:00,Daylight,971,131,Yes,NoIntersection,Normal,Other,route du Fort Napoléon,A,15.87412132061648,6.874001735002901
201800055836,NonLethal,2018-03-19,07:30:00,Daylight,971,131,Yes,NoIntersection,Normal,NoCollision,rue Bernard Azincourt,A,15.864073703786962,6.864733472882191
201800055837,NonLethal,2018-06-07,14:30:00,Daylight,971,130,Yes,NoIntersection,Normal,Other,rue de grande anse,A,15.857817913796016,6.858841698994451
201800055838,NonLethal,2018-08-14,17:00:00,Daylight,971,131,No,NoIntersection,Normal,2Vehicles-BehindVehicles-Frontal,route du Bois Joli,A,15.860476907959049,6.8581981055878805
201800055839,NonLethal,2018-08-18,11:30:00,Daylight,971,131,Yes,T-type,Normal,Other,route de fond de curé,A,15.863919866103922,6.862755903033651
201800055840,NonLethal,2018-06-11,06:30:00,TwilightOrDawn,971,130,Yes,NoIntersection,LightRain,NoCollision,rue de la plage,A,15.856470827159136,6.858364171657805
201800055841,NonLethal,2018-12-23,10:35:00,Daylight,971,131,Yes,NoIntersection,Normal,NoCollision,rue jean calot,A,15.869676322111244,6.869197019715831
201800055842,NonLethal,2018-12-25,03:25:00,NightNoStreetLight,971,130,No,NoIntersection,Normal,NoCollision,RD213 route du sud,A,15.848338339808436,6.848157930728337
201800055843,NonLethal,2018-04-01,13:45:00,Daylight,971,115,No,Y-type,Normal,2Vehicles-Side,chemin de Borel,A,,
201800055844,NonLethal,2018-02-11,12:00:00,Daylight,971,115,Yes,NoIntersection,Normal,Other,PICHON,A,16.25255901568986,6.253008848767278
201800055845,NonLethal,2018-02-11,21:09:00,NightStreelightsOn,971,115,Yes,NoIntersection,Normal,Other,rue du pont,A,16.265555893318577,6.266126912268122
201800055846,NonLethal,2018-03-19,16:45:00,Daylight,971,115,No,Other,Normal,2Vehicles-Side,RN 2,A,16.23838666714138,6.237060084231074
201800055847,NonLethal,2018-06-24,17:05:00,Daylight,971,115,No,NoIntersection,Normal,Other,Chemin de desbonnes,A,16.23795974360342,6.237051867288022
201800055848,NonLethal,2018-06-14,08:30:00,Daylight,971,115,No,NoIntersection,Normal,2Vehicles-Side,RN 2 - routa,A,16.259375242954377,6.259099293253287
201800055849,NonLethal,2018-07-08,20:00:00,NightNoStreetLight,971,115,No,NoIntersection,HeavyRain,3+Vehicles-Multiple,la boucan,A,16.280539513607906,6.27710348297467
201800055850,NonLethal,2018-07-26,06:00:00,Daylight,971,115,No,X-type,Normal,2Vehicles-BehindVehicles-Frontal,RN 2 - Intersection Germ,A,16.260003216244062,6.263085809956369
201800055852,NonLethal,2018-10-04,19:30:00,NightNoStreetLight,971,115,No,Other,Normal,2Vehicles-Side,la moisse RN2,A,16.282558273995303,6.282619782092689
201800055854,NonLethal,2018-12-19,20:45:00,NightNoStreetLight,971,115,No,T-type,LightRain,Other,RN2,A,16.26282327498143,6.263296914526888
201800055856,NonLethal,2018-02-13,16:55:00,Daylight,971,118,No,NoIntersection,Normal,Other,route des mamelles,A,16.181247169866133,6.179974241933609
201800055857,NonLethal,2018-03-09,19:00:00,NightNoStreetLight,971,118,No,NoIntersection,Normal,2Vehicles-Side,Route de la Traversée,A,16.19911633701936,6.199174578227348
201800055858,NonLethal,2018-07-06,13:35:00,Daylight,971,118,No,NoIntersection,Normal,Other,ROUTE DE DUBOS - SECTION,A,16.196761722380117,6.198070631049906
201800055860,NonLethal,2018-10-23,23:00:00,NightNoStreetLight,971,118,No,NoIntersection,Normal,NoCollision,route nationale 1,A,16.18753976205971,6.188675025535815
201800055861,NonLethal,2018-10-02,02:30:00,NightStreelightsOn,971,129,Yes,NoIntersection,LightRain,2Vehicles-BehindVehicles-Frontal,RN2 / section VIARD,A,16.29482167588353,6.296024966390719
201800055862,NonLethal,2018-03-18,12:00:00,Daylight,971,129,No,NoIntersection,Normal,2Vehicles-BehindVehicles-Frontal,RN 2 VIARD - LEOTARD,A,16.293672943904667,6.293689066662141
201800055863,NonLethal,2018-04-29,10:30:00,Daylight,971,129,Yes,NoIntersection,Normal,Other,SOFAIA,A,16.31426449607674,6.315423201003352
201800055864,NonLethal,2018-05-05,00:30:00,NightNoStreetLight,971,129,No,NoIntersection,LightRain,NoCollision,VIARD,A,16.316683116714756,6.318371818566516
201800055865,NonLethal,2018-07-01,19:40:00,NightNoStreetLight,971,129,No,T-type,Normal,2Vehicles-BehindVehicles-Frontal,VINTY,A,16.349668942123426,6.349543989344692
201800055868,Lethal,2018-10-07,11:15:00,Daylight,971,129,No,NoIntersection,LightRain,2Vehicles-BehindVehicles-Frontal,section vinty,A,16.354084813733113,6.353769831590336
201800055869,NonLethal,2018-11-17,11:20:00,Daylight,971,129,No,NoIntersection,Normal,Other,route de Duzer,A,16.34715208150139,6.346055162352445
201800055870,NonLethal,2018-12-02,17:50:00,NightStreelightsOn,971,129,Yes,NoIntersection,Normal,3+Vehicles-Chain,Conodor - RN 2,A,16.28939148377832,6.290877718229502
201800055872,Lethal,2018-02-01,14:30:00,Daylight,971,112,No,NoIntersection,Normal,2Vehicles-BehindVehicles-Frontal,Section Les basses,A,,
201800055875,NonLethal,2018-12-02,07:45:00,Daylight,971,108,Yes,NoIntersection,Normal,2Vehicles-Behind,Section Vidon le Robert,A,15.901523171985554,6.902112647495038
201800055876,NonLethal,2018-04-26,21:15:00,NightNoStreetLight,971,112,No,NoIntersection,LightRain,NoCollision,Section Gay,A,15.925741677000945,6.926256609333823
201800055877,NonLethal,2018-04-29,00:05:00,NightNoStreetLight,971,108,No,NoIntersection,Normal,Other,section Robert,A,15.902831467568676,6.902510301607898
201800055878,NonLethal,2018-05-18,21:30:00,NightNoStreetLight,971,112,No,NoIntersection,Normal,3+Vehicles-Multiple,N9 section ballet triano,A,15.904984095459158,6.90628476648874
201800055879,NonLethal,2018-05-26,18:55:00,NightNoStreetLight,971,112,No,NoIntersection,Normal,NoCollision,morne lolo,A,15.908438466837314,6.909870433170106
201800055880,NonLethal,2018-06-30,09:45:00,Daylight,971,126,No,NoIntersection,Normal,2Vehicles-Side,section Goverlot,A,15.965468236173267,6.966565883577136
201800055881,NonLethal,2018-07-29,16:30:00,Daylight,971,112,No,NoIntersection,Normal,2Vehicles-BehindVehicles-Frontal,route de Latreille,A,15.89215585505474,6.892255844679167
201800055882,NonLethal,2018-01-09,14:40:00,Daylight,971,108,No,NoIntersection,Normal,NoCollision,section Vidon,A,15.921118029900146,6.92176900128204
201800055883,NonLethal,2018-09-07,18:30:00,TwilightOrDawn,971,112,No,NoIntersection,LightRain,3+Vehicles-Multiple,Route de saint louis - R,A,15.906029039864023,6.906852741079788
201800055884,Lethal,2018-12-09,17:45:00,TwilightOrDawn,971,112,No,NoIntersection,Normal,Other,section Clérange,A,15.907758054575586,6.908361143945972
201800055885,NonLethal,2018-11-18,10:50:00,Daylight,971,112,No,NoIntersection,Normal,2Vehicles-Side,section Moringlane,A,15.921465457187432,6.922460328347785
201800055886,NonLethal,2018-01-14,10:30:00,Daylight,971,110,Yes,NoIntersection,Normal,NoCollision,BEAUSÉJOUR,A,16.303545111343023,6.304653708833129
201800055889,NonLethal,2018-09-01,05:50:00,NightNoStreetLight,971,117,No,NoIntersection,Normal,2Vehicles-BehindVehicles-Frontal,route de la Porte d'enfe,A,16.312759730718103,6.310875547396023
201800055890,NonLethal,2018-01-19,10:15:00,Daylight,971,117,Yes,NoIntersection,Normal,Other,RN5,A,16.330518844928648,6.329512300141953
201800055891,NonLethal,2018-01-21,14:15:00,Daylight,971,117,Yes,X-type,Normal,2Vehicles-Side,Rue Cheik Anta Diope,A,16.32608913474742,6.328135439118053
201800055892,NonLethal,2018-01-23,19:45:00,NightStreelightsOn,971,117,Yes,Roundabout,Normal,Other,giratoire rue duchassain,A,16.33034239066709,6.328851162194633