AccidentId,Gravity,Date,Hour,Light,Department,Commune,InAgglomeration,IntersectionType,Weather,CollisionType,PostalAddress,GPSCode,Latitude,Longitude
201800055893,NonLethal,2018-02-19,13:00:00,Daylight,971,117,No,NoIntersection,Normal,2Vehicles-BehindVehicles-Frontal,D116,A,16.297564391026338,6.297350660898238
201800055894,NonLethal,2018-02-03,08:00:00,Daylight,971,117,No,NoIntersection,Normal,2Vehicles-Behind,Route de Bel étang,A,16.298137412859646,6.298112547651922
201800055896,NonLethal,2018-04-18,23:15:00,NightNoStreetLight,971,117,No,NoIntersection,Normal,3+Vehicles-Multiple,zevallos,A,16.307847440269317,6.306921529275719
201800055897,NonLethal,2018-04-28,14:15:00,Daylight,971,117,No,T-type,Normal,2Vehicles-BehindVehicles-Frontal,route de néron,A,16.332392721605636,6.331326350345274
201800055898,NonLethal,2018-04-26,12:30:00,Daylight,971,117,No,NoIntersection,Normal,Other,Route de la plante,A,16.342788202466675,6.3446567098257285
201800055899,NonLethal,2018-05-20,16:20:00,Daylight,971,117,No,NoIntersection,Normal,2Vehicles-BehindVehicles-Frontal,RN 5 duteau,A,16.32589542814345,6.325376039477326
201800055900,NonLethal,2018-05-22,13:15:00,Daylight,971,117,No,NoIntersection,LightRain,2Vehicles-BehindVehicles-Frontal,Route de Sainte Margueri,A,16.377956600980617,6.374853704007369
201800055902,NonLethal,2018-07-13,11:19:00,Daylight,971,117,No,NoIntersection,Normal,2Vehicles-BehindVehicles-Frontal,RD117 - ROUTE DE SAINTE,A,16.300114523157454,6.301866760689908
201800055903,NonLethal,2018-07-19,15:48:00,Daylight,971,117,Yes,T-type,Normal,2Vehicles-Side,intersection route de bo,A,16.292708141712477,6.2939925769071285
201800055906,NonLethal,2018-03-12,15:00:00,Daylight,971,117,Yes,NoIntersection,Normal,2Vehicles-Behind,95 boulevard rougé,A,16.329092766542455,6.331709512979139
201800055907,NonLethal,2018-12-13,12:05:00,Daylight,971,117,No,NoIntersection,Normal,NoCollision,route de Boisvin - D115,A,16.313319326018558,6.313007756861684
201800055908,NonLethal,2018-12-18,14:00:00,Daylight,971,117,No,NoIntersection,Normal,NoCollision,D123,A,16.340236188110648,6.340452810489011
201800055909,NonLethal,2018-02-20,07:30:00,Daylight,971,119,Yes,X-type,Normal,2Vehicles-Side,intersection rue LEGITIM,A,16.39196811057977,6.390861065304402
201800055910,NonLethal,2018-03-15,16:41:00,Daylight,971,119,No,T-type,Normal,2Vehicles-Side,boulevard de gaschet,A,16.3848878082779,6.384699255448772
201800055911,NonLethal,2018-03-26,12:40:00,Daylight,971,122,Yes,NoIntersection,Normal,Other,rue Gambetta,A,16.416661423657306,6.417993238816243
201800055913,Lethal,2018-01-04,19:00:00,NightNoStreetLight,971,119,No,NoIntersection,Normal,Other,RD120 GROS CAP,A,16.396077342392026,6.39694140915631
201800055914,NonLethal,2018-04-02,21:15:00,NightStreelightsOn,971,119,No,NoIntersection,Normal,2Vehicles-BehindVehicles-Frontal,lieu dit Déméré - RN8,A,16.381388351352722,6.381306119597328
201800055915,NonLethal,2018-11-04,11:00:00,Daylight,971,119,No,NoIntersection,Normal,2Vehicles-BehindVehicles-Frontal,DEVARIEUX,A,16.369728275274447,6.370348954372367
201800055916,NonLethal,2018-08-07,01:05:00,NightNoStreetLight,971,119,No,NoIntersection,HeavyRain,NoCollision,LES MANGLES,A,16.380706814928804,6.380142492712947
201800055917,NonLethal,2018-07-07,14:20:00,Daylight,971,119,No,X-type,Normal,2Vehicles-Side,dumaine,A,16.377788030855466,6.375787335826762
201800055918,NonLethal,2018-07-14,12:06:00,Daylight,971,122,No,NoIntersection,Normal,2Vehicles-Side,Route de Bellevue,A,16.431344590289896,6.43060159185345
201800055919,NonLethal,2018-08-13,18:00:00,Daylight,971,119,Yes,X-type,Normal,2Vehicles-BehindVehicles-Frontal,RN8 Les Mangles,A,16.39206766993612,6.394265180521694
201800055921,Lethal,2018-08-10,08:30:00,Daylight,971,119,Yes,T-type,HeavyRain,2Vehicles-BehindVehicles-Frontal,3 chemin de girard D123,A,16.368023503461497,6.3674952361180726
201800055922,NonLethal,2018-10-11,17:45:00,NightStreelightsOff,971,122,No,NoIntersection,Normal,NoCollision,Section Goguette,A,16.449072663244813,6.447763101656389
201800055923,NonLethal,2018-10-22,16:10:00,Daylight,971,119,No,NoIntersection,Normal,2Vehicles-BehindVehicles-Frontal,ALLÉE DE STE ELISE,A,16.3902435025909,6.387964940180472
201800055924,NonLethal,2018-11-23,08:05:00,Daylight,971,102,Yes,NoIntersection,Normal,2Vehicles-Side,rue des raisiniers,A,16.469196594088253,6.470279225247383
201800055925,NonLethal,2018-07-01,11:45:00,Daylight,971,125,Yes,Other,Normal,2Vehicles-Side,rue de la République,A,16.25129270763706,6.2530521990866665
201800055926,NonLethal,2018-01-07,18:15:00,NightNoStreetLight,971,125,No,Other,Normal,3+Vehicles-Multiple,RN 5,A,16.29170173867309,6.290956138932172
201800055927,NonLethal,2018-02-03,18:00:00,TwilightOrDawn,971,125,No,NoIntersection,VeryGood,Other,route touristique,A,16.243845038616968,6.243964196779335
201800055928,NonLethal,2018-04-10,06:20:00,TwilightOrDawn,971,125,No,T-type,Normal,2Vehicles-BehindVehicles-Frontal,Route Nationale RN5,A,16.284771195852418,6.287505881244663
201800055929,NonLethal,2018-05-12,18:30:00,NightStreelightsOn,971,125,Yes,NoIntersection,Normal,2Vehicles-BehindVehicles-Frontal,Rue Léon Blum,A,16.254515309514954,6.254135672482597
201800055930,NonLethal,2018-07-14,09:20:00,Daylight,971,125,No,NoIntersection,Normal,3+Vehicles-Multiple,D118 lieu-dit LA COULEE,A,16.256174946477238,6.256897774804511
201800055931,NonLethal,2018-07-15,08:15:00,Daylight,971,125,No,NoIntersection,Normal,2Vehicles-Behind,RD ll8,A,16.2568037416788,6.25762729591276
201800055932,NonLethal,2018-07-28,11:45:00,Daylight,971,125,No,X-type,Normal,3+Vehicles-Multiple,Carrefour RD 116 et Rd 1,A,16.266364055589317,6.266776841554947
201800055934,NonLethal,2018-08-16,16:45:00,Daylight,971,125,Yes,Roundabout,Normal,2Vehicles-Side,carrefour av Luther King,A,16.25678010246953,6.2578763852548045
201800055936,NonLethal,2018-11-15,05:50:00,TwilightOrDawn,971,125,No,NoIntersection,Normal,Other,Blonval RN4,A,16.25491665869561,6.25553753560912
201800055938,NonLethal,2018-11-24,18:30:00,NightNoStreetLight,971,125,No,NoIntersection,Normal,Other,D118,A,16.251499434949306,6.252467746599559
201800055940,NonLethal,2018-06-12,18:15:00,NightNoStreetLight,971,125,No,NoIntersection,Normal,2Vehicles-Behind,rn5,A,16.262576702865037,6.2620277806338
201800055941,Lethal,2018-06-01,18:55:00,NightNoStreetLight,971,128,Yes,NoIntersection,Normal,2Vehicles-BehindVehicles-Frontal,"RD114, section Douville",A,16.263664280727518,6.264078108048551
201800055943,NonLethal,2018-03-03,15:05:00,Daylight,971,128,No,NoIntersection,Normal,3+Vehicles-Multiple,Chateaubrun,A,16.25152364173919,6.2520623234207005
201800055944,NonLethal,2018-08-03,16:30:00,Daylight,971,128,Yes,T-type,Normal,2Vehicles-Side,Bd Hègèsippe IBÉNÉ,A,16.22656963779837,6.227877019527346
201800055945,NonLethal,2018-11-04,19:05:00,NightStreelightsOn,971,128,No,NoIntersection,Normal,Other,section deshauteurs,A,16.256151241274605,6.257801998618649
201800055946,NonLethal,2018-07-28,11:45:00,Daylight,971,128,Yes,NoIntersection,Normal,2Vehicles-Side,RN4,A,16.224740653004773,6.22383005945583
201800055949,NonLethal,2018-08-14,14:30:00,Daylight,971,128,No,T-type,Normal,2Vehicles-Side,Cinq Etangs,A,16.27278521909144,6.275308001856249
201800055950,NonLethal,2018-08-21,05:00:00,NightStreelightsOn,971,128,No,NoIntersection,Normal,2Vehicles-Side,Calvaire,A,16.26196334010136,6.262705413500844
201800055951,Lethal,2018-09-11,19:25:00,NightStreelightsOn,971,128,No,NoIntersection,Normal,Other,Bel étang,A,16.284338207920946,6.287662525817631
201800055952,NonLethal,2018-10-04,20:50:00,NightNoStreetLight,971,128,No,NoIntersection,Normal,2Vehicles-BehindVehicles-Frontal,LE HELLEUX,A,16.251298533863803,6.250704034955909
201800055953,NonLethal,2018-11-18,03:45:00,NightStreelightsOff,971,128,Yes,NoIntersection,Normal,2Vehicles-BehindVehicles-Frontal,Maudette,A,16.23457761090987,6.230274464747876
201800055954,Lethal,2018-12-02,00:01:00,NightStreelightsOn,971,128,Yes,NoIntersection,Normal,Other,RD 105,A,16.253497322901243,6.251304573679913
201800055956,NonLethal,2018-12-21,18:05:00,NightStreelightsOn,971,128,Yes,T-type,Normal,2Vehicles-Side,galbas,A,16.224880521176924,6.22400134216313
201800055958,NonLethal,2018-05-07,01:30:00,NightNoStreetLight,971,116,Yes,NoIntersection,Normal,2Vehicles-BehindVehicles-Frontal,espérance,A,16.327180679783634,6.327120241913379
201800055959,NonLethal,2018-10-06,18:00:00,Daylight,971,116,Yes,NoIntersection,Normal,2Vehicles-Side,RN 5 Bosredon,A,16.30996782517306,6.30999252750294
201800055960,NonLethal,2018-06-16,15:00:00,Daylight,971,116,No,NoIntersection,Normal,2Vehicles-BehindVehicles-Frontal,Labuthie,A,16.31570838145756,6.315043193072467
201800055961,NonLethal,2018-07-01,05:50:00,TwilightOrDawn,971,116,No,NoIntersection,Normal,Other,richeval,A,16.35515775983971,6.354664327622618
201800055962,NonLethal,2018-07-05,18:15:00,TwilightOrDawn,971,116,Yes,T-type,Normal,2Vehicles-Side,"RN 5, Chemin de Darthes",A,16.32772241377821,6.329198572602053
201800055963,NonLethal,2018-07-11,15:00:00,Daylight,971,116,No,NoIntersection,Normal,2Vehicles-Behind,Gensolin,A,16.32304267714433,6.324479518615415
201800055964,NonLethal,2018-09-03,17:25:00,Daylight,971,116,Yes,NoIntersection,Normal,2Vehicles-Side,"Richeval, RN6",A,16.340289700499547,6.3396940938809205
201800055965,NonLethal,2018-05-09,13:45:00,Daylight,971,116,No,NoIntersection,Normal,2Vehicles-BehindVehicles-Frontal,rue Favrot Davrain,A,16.32250188775441,6.322506485292976
201800055966,NonLethal,2018-09-11,16:00:00,Daylight,971,116,No,T-type,VeryGood,Other,RD107 section Dubelloy,A,16.325011979168316,6.325746194149127
201800055968,NonLethal,2018-11-14,16:35:00,Daylight,971,116,Yes,T-type,Normal,2Vehicles-Side,marieulle,A,16.326791147277163,6.326251470785011
201800055969,NonLethal,2018-02-12,11:30:00,Daylight,971,116,Yes,T-type,Normal,2Vehicles-BehindVehicles-Frontal,Lasserre,A,16.325122462199765,6.324027040894897
201800055970,NonLethal,2018-12-22,11:30:00,Daylight,971,116,No,NoIntersection,Normal,Other,Chazeau,A,16.297252832414,6.299052702712051
201800055971,NonLethal,2018-01-03,17:50:00,TwilightOrDawn,973,305,No,NoIntersection,Normal,2Vehicles-BehindVehicles-Frontal,"PK 16, RN 1",G,49.94140875199951,5.941448922530302
201800055972,Lethal,2018-01-03,18:50:00,NightStreelightsOff,973,305,No,NoIntersection,Normal,2Vehicles-Behind,RN1 - Pont de la Crique,G,50.02072306189034,5.018975576739095
201800055974,NonLethal,2018-04-18,15:30:00,Daylight,973,305,No,NoIntersection,Normal,3+Vehicles-Chain,PK11 RN1 MACOURIA LIEU D,G,49.91252433216446,5.915707274518994
201800055975,NonLethal,2018-04-19,17:45:00,Daylight,973,313,No,NoIntersection,Normal,NoCollision,lieu-dit Quesnel Est - R,G,49.93316845576798,5.935557039551645
201800055976,Lethal,2018-05-03,00:20:00,NightNoStreetLight,973,305,No,Roundabout,Normal,Other,RN1 pk 15,G,49.93198129038195,5.931962511686273
201800055979,NonLethal,2018-08-18,08:35:00,Daylight,973,305,No,NoIntersection,Normal,2Vehicles-BehindVehicles-Frontal,RN1,G,50.06028168076824,5.060016445368999
201800055980,NonLethal,2018-09-08,22:45:00,NightNoStreetLight,973,313,No,NoIntersection,Normal,Other,Pk 000.300 CD 05,G,47.78451431728644,5.786655622802114
201800055981,NonLethal,2018-10-09,08:05:00,Daylight,973,305,No,NoIntersection,Normal,2Vehicles-Side,RN1,G,49.90825561509378,5.909264915349098
201800055982,NonLethal,2018-10-07,22:12:00,NightStreelightsOff,973,305,No,Roundabout,Normal,NoCollision,RN 1 PK 15.5,G,49.93557288204506,5.933642520054678
201800055983,NonLethal,2018-10-21,17:30:00,Daylight,973,305,No,NoIntersection,Normal,3+Vehicles-Multiple,RN1,G,49.90800583357217,5.908624262232977
201800055984,NonLethal,2018-10-24,17:50:00,Daylight,973,305,No,NoIntersection,Normal,2Vehicles-Behind,PK 35 RN 01,G,50.04796681410791,5.048388066021065
201800055985,NonLethal,2018-10-26,13:30:00,Daylight,973,305,No,T-type,Normal,Other,,G,49.97830634478321,5.979301623011095
201800055986,NonLethal,2018-11-13,13:00:00,Daylight,973,305,No,NoIntersection,Normal,2Vehicles-Behind,RN1 - PK 16+020 - Vers K,G,49.94145372822071,5.941325750875371
201800055987,NonLethal,2018-11-17,16:50:00,Daylight,973,305,Yes,NoIntersection,Normal,Other,03 allée des marguerites,G,49.98025219694147,5.978649347159659
201800055988,Lethal,2018-11-18,12:35:00,Daylight,973,305,No,NoIntersection,Normal,Other,rue omer bacé,G,50.05194735746908,5.0528207633500575
201800055989,Lethal,2018-05-12,21:45:00,NightNoStreetLight,973,305,No,NoIntersection,HeavyRain,3+Vehicles-Chain,"RN1 - PK 11,1",G,49.91419840435541,5.914498065071472
201800055990,NonLethal,2018-12-12,22:50:00,NightNoStreetLight,973,305,No,NoIntersection,Normal,2Vehicles-BehindVehicles-Frontal,PK 24 RN 1,G,49.98740182065082,5.985886661668208
201800055992,NonLethal,2018-02-14,23:40:00,NightNoStreetLight,973,304,Yes,NoIntersection,Normal,Other,AVENUE DE PREFONTAINE,G,51.16018364176208,5.159287375423545
201800055993,NonLethal,2018-02-16,15:30:00,Daylight,973,304,No,NoIntersection,LightRain,Other,RN1,G,51.15092305512427,5.151573530095666
201800055995,NonLethal,2018-03-09,10:30:00,Daylight,973,304,No,NoIntersection,Normal,NoCollision,PK 81.5 ROUTE NATIONALE,G,51.15248270818629,5.1525532611574425
201800055996,NonLethal,2018-04-15,08:30:00,Daylight,973,304,No,NoIntersection,Normal,3+Vehicles-Multiple,RN1 PK 47+700,G,50.09914796247857,5.101520174649771
201800055997,NonLethal,2018-05-09,10:00:00,Daylight,973,304,Yes,X-type,Overcast,3+Vehicles-Multiple,avenue leopold Heder,G,51.16149576769706,5.160269072348501
201800055998,NonLethal,2018-05-13,06:20:00,TwilightOrDawn,973,304,Yes,NoIntersection,Normal,Other,avenue des roches,G,51.16101802120578,5.160820774945134
201800055999,NonLethal,2018-05-15,13:10:00,Daylight,973,304,Yes,T-type,Normal,2Vehicles-Side,avenue Victor Hugo,G,51.16392767152164,5.161607412707795
201800056002,NonLethal,2018-07-20,17:45:00,Daylight,973,304,Yes,NoIntersection,Normal,Other,rue felix eboué,G,51.165808000045246,5.165810758831187
201800056003,Lethal,2018-09-08,16:35:00,Daylight,973,304,Yes,T-type,Normal,2Vehicles-Side,AV.PARIACABO rue papin,G,51.155260298584864,5.1562321330459815
201800056004,NonLethal,2018-09-28,17:25:00,Daylight,973,304,No,NoIntersection,Normal,NoCollision,PK 10 dégrad saramaca,G,51.15691402033305,5.157544342000151
201800056005,NonLethal,2018-10-04,07:00:00,TwilightOrDawn,973,304,Yes,Roundabout,VeryGood,Other,Rond point de Monerville,G,51.17282942076204,5.171830127296143
201800056006,NonLethal,2018-11-06,22:25:00,NightStreelightsOn,973,304,Yes,NoIntersection,Normal,Other,AVENUE DES FRÈRES KENNED,G,51.16464264748825,5.166048667012274
201800056007,Lethal,2018-11-25,03:20:00,NightNoStreetLight,973,305,No,NoIntersection,Overcast,2Vehicles-BehindVehicles-Frontal,ROUTE NATIONALE 1,G,50.03518468728543,5.035752875443911
201800056009,NonLethal,2018-08-12,06:45:00,Daylight,973,304,No,NoIntersection,Overcast,Other,route nationale 1 PK 84,G,51.15394600930142,5.156006975698315
201800056010,NonLethal,2018-01-28,10:30:00,Daylight,973,312,Yes,NoIntersection,Normal,2Vehicles-Side,32 rue Elie Castor,G,53.3780483840105,5.377208738262403
201800056011,Lethal,2018-07-09,22:15:00,NightNoStreetLight,973,312,No,NoIntersection,Normal,3+Vehicles-Multiple,RN1 - PK 94+459,G,52.21858628084575,5.219225086123852
201800056012,NonLethal,2018-12-21,23:30:00,NightStreelightsOn,973,312,No,NoIntersection,Normal,2Vehicles-BehindVehicles-Frontal,"PK 113, RN1",G,53.365451031028016,5.364983810051044
201800056014,NonLethal,2018-08-15,06:30:00,Daylight,973,303,No,NoIntersection,Normal,NoCollision,Route nationale 1 - PK17,G,55.54418815083062,5.544485011464096
201800056015,Lethal,2018-08-10,13:15:00,Daylight,973,301,No,NoIntersection,Normal,NoCollision,PK 89,G,43.34947745864155,5.348132613262662
201800056016,NonLethal,2018-05-31,07:20:00,Daylight,973,308,Yes,NoIntersection,LightRain,2Vehicles-Side,rue henri Sulny,G,38.89327337323538,5.891659458520435
201800056017,NonLethal,2018-02-06,10:30:00,Daylight,973,310,No,NoIntersection,Overcast,2Vehicles-BehindVehicles-Frontal,PK 29.500 RN2,G,47.74195878533206,5.741997989411808
201800056019,NonLethal,2018-02-08,12:45:00,Daylight,973,311,Yes,NoIntersection,Normal,2Vehicles-BehindVehicles-Frontal,avenue Paul Castaing,G,54.491711885442506,5.490348002590465
201800056020,NonLethal,2018-02-16,19:50:00,NightStreelightsOn,973,311,Yes,T-type,Normal,2Vehicles-Side,Rue Joesph Symphorien,G,54.49635503247796,5.496089371306828
201800056021,NonLethal,2018-03-13,19:35:00,NightStreelightsOn,973,311,Yes,NoIntersection,Normal,Other,Avenue Gaston Monnervill,G,54.49471060172735,5.493727052948114
201800056024,NonLethal,2018-04-06,09:35:00,Daylight,973,311,Yes,X-type,Normal,2Vehicles-BehindVehicles-Frontal,Av gal De gau/rue simon,G,54.498830639728254,5.499576456441039
201800056026,NonLethal,2018-06-06,06:15:00,Daylight,973,311,Yes,T-type,LightRain,Other,"rue Emmanuel TOLINGA, qu",G,54.49021257376822,5.489855581458068
201800056027,Lethal,2018-06-23,19:30:00,NightNoStreetLight,973,311,No,NoIntersection,Normal,2Vehicles-BehindVehicles-Frontal,RN1 PK 248,G,54.48289126445178,5.482914597428629
201800056031,NonLethal,2018-07-06,14:30:00,Daylight,973,311,Yes,X-type,VeryGood,2Vehicles-Side,interseCtion rue TOLINGA,G,54.48639582576648,5.487173858912999
201800056032,NonLethal,2018-07-15,11:45:00,Daylight,973,311,Yes,T-type,Normal,2Vehicles-Side,Carrefour Rue des amazon,G,54.48063859271768,5.480429983158677
201800056034,NonLethal,2018-08-13,02:00:00,NightNoStreetLight,973,311,No,NoIntersection,Normal,2Vehicles-BehindVehicles-Frontal,Route de Saint anne,G,54.44193588497786,5.43913322330811
201800056035,NonLethal,2018-08-13,19:50:00,NightStreelightsOn,973,311,Yes,X-type,Normal,2Vehicles-Side,Rue Justin Catayé,G,54.49779396980918,5.497624281272588
201800056036,NonLethal,2018-08-18,11:50:00,Daylight,973,311,Yes,X-type,Normal,2Vehicles-Side,Rue Thiers - avenue Féli,G,54.50089037133717,5.498906013856292
201800056037,NonLethal,2018-09-04,23:15:00,NightStreelightsOn,973,311,Yes,NoIntersection,Normal,2Vehicles-Side,17 avenue de la Marne,G,54.495405156661135,5.496366378325249
201800056039,NonLethal,2018-10-29,18:00:00,TwilightOrDawn,973,311,No,NoIntersection,Normal,2Vehicles-Side,CD 9 - PK 6.1,G,55.53831143392734,5.539235624025777
201800056040,NonLethal,2018-11-06,16:00:00,Daylight,973,311,Yes,X-type,Normal,2Vehicles-Side,allée des gardérias,G,54.49259505321671,5.493198957078351
201800056041,NonLethal,2018-11-07,13:50:00,Daylight,973,311,Yes,T-type,Normal,2Vehicles-BehindVehicles-Frontal,rue stéphane renard - ru,G,55.50099444157661,5.498227928340766
201800056042,NonLethal,2018-11-09,20:20:00,NightNoStreetLight,973,311,No,NoIntersection,Normal,2Vehicles-Side,route d' Apatou,G,51.15205884298085,5.154519127844512
201800056043,NonLethal,2018-11-16,12:00:00,Daylight,973,311,Yes,X-type,HeavyRain,2Vehicles-Side,rue symphorien,G,54.49459617180548,5.493856567114361
201800056045,NonLethal,2018-11-18,10:05:00,Daylight,973,311,Yes,X-type,Normal,2Vehicles-Side,boulevard général de gau,G,55.50542365793349,5.5039244289765605
201800056047,NonLethal,2018-12-01,09:30:00,Daylight,973,311,Yes,Other,Normal,2Vehicles-Side,8 rue des Amazones,G,54.48211413995583,5.481994058985689
201800056048,NonLethal,2018-12-03,11:40:00,Daylight,973,311,Yes,T-type,LightRain,2Vehicles-Side,avenue Christophe Colomb,G,54.49356153255007,5.494519947735794
201800056049,NonLethal,2018-07-12,12:40:00,Daylight,973,311,No,NoIntersection,Normal,2Vehicles-Side,"8393, avenue Gaston Monn",G,54.4937704120427,5.49332181971254
201800056050,NonLethal,2018-12-15,14:00:00,Daylight,973,311,Yes,NoIntersection,Normal,2Vehicles-Behind,294 av colomb,G,54.489162838118624,5.4893409462751
201800056052,NonLethal,2018-12-23,23:25:00,NightStreelightsOn,973,311,Yes,NoIntersection,LightRain,2Vehicles-BehindVehicles-Frontal,avenue paul castaing,G,54.48851777757959,5.489786113122641
201800056053,Lethal,2018-03-13,12:45:00,Daylight,973,306,No,NoIntersection,Normal,2Vehicles-BehindVehicles-Frontal,PK 186,G,55.52262699094111,5.522866975327236
201800056054,NonLethal,2018-03-18,12:25:00,Daylight,973,306,No,NoIntersection,Normal,NoCollision,CD9/PK18,G,56.6013750971221,5.601590454989177
201800056055,NonLethal,2018-01-04,20:44:00,NightNoStreetLight,973,306,No,NoIntersection,HeavyRain,Other,RNl - PK 227+750,G,54.448183219414766,5.450406875585131
201800056056,Lethal,2018-05-18,05:30:00,TwilightOrDawn,973,306,No,NoIntersection,LightRain,2Vehicles-Behind,PK 17 - CD 9,G,56.609061683902254,5.609756756240349
201800056057,Lethal,2018-07-04,13:40:00,Daylight,973,306,No,Other,Normal,2Vehicles-Side,Avenue Ya et SIONG cd 10,G,55.58767800893298,5.585268030843623
201800056058,NonLethal,2018-11-04,12:45:00,Daylight,973,306,No,NoIntersection,Normal,2Vehicles-Behind,RD8 PK17,G,56.602813479106025,5.602038123998316
201800056059,NonLethal,2018-11-30,23:00:00,NightNoStreetLight,973,306,Yes,NoIntersection,Normal,Other,Village Acarouany,G,56.65140212034971,5.651497486161816
201800056060,Lethal,2018-12-28,19:45:00,NightNoStreetLight,973,306,No,NoIntersection,Normal,Other,RD 22,G,57.70161514015155,5.701655171094117
201800056061,Lethal,2018-08-06,05:00:00,NightNoStreetLight,974,408,No,NoIntersection,Normal,Other,RN1 - Rte du Littoral,R,20.921743276530105,5.923635622343119
201800056062,NonLethal,2018-10-08,10:00:00,Daylight,974,408,Yes,Roundabout,Normal,NoCollision,Rue Pablo Neruda,R,20.957647066627,5.956869733621213
201800056063,NonLethal,2018-01-11,16:00:00,Daylight,974,418,Yes,NoIntersection,Normal,2Vehicles-BehindVehicles-Frontal,Rue Pagnol,R,20.895567617046247,5.897982104116308
201800056065,Lethal,2018-07-16,22:20:00,NightNoStreetLight,974,418,No,NoIntersection,Normal,Other,RN 2,R,20.90115809139563,5.9023164184487245
201800056067,NonLethal,2018-11-10,13:30:00,Daylight,974,418,No,NoIntersection,Normal,2Vehicles-Side,Rue Routier Grandval,R,20.920126155031017,5.921304728252225
201800056068,NonLethal,2018-01-12,06:38:00,Daylight,974,418,Yes,Roundabout,Normal,2Vehicles-BehindVehicles-Frontal,Rond Point de Gillot,R,20.897779813286373,5.898889993038136
201800056069,Lethal,2018-12-07,20:00:00,NightNoStreetLight,974,418,No,NoIntersection,Normal,2Vehicles-BehindVehicles-Frontal,Rav des Chèvres les Bas,R,20.90071264142464,5.89789600546396
201800056070,NonLethal,2018-02-18,12:30:00,Daylight,974,420,No,NoIntersection,Normal,2Vehicles-Side,D 46,R,20.94416724333066,5.94465995528122
201800056071,NonLethal,2018-03-16,20:10:00,NightNoStreetLight,974,420,Yes,NoIntersection,HeavyRain,2Vehicles-Side,Rue Louis Hoarau,R,20.90502213951489,5.905958772284123
201800056073,NonLethal,2018-04-14,00:15:00,NightNoStreetLight,974,420,No,NoIntersection,Normal,NoCollision,Route Nationale 2,R,20.932111306975333,5.932400658245244
201800056074,NonLethal,2018-05-20,12:30:00,Daylight,974,420,Yes,NoIntersection,Normal,2Vehicles-Side,Avenue Mahatma Gandhi,R,20.929442232075704,5.928893723014196
201800056075,Lethal,2018-07-25,17:20:00,Daylight,974,420,No,NoIntersection,VeryGood,Other,rue du père Fayet,R,20.92961365665653,5.929895832943616
201800056076,NonLethal,2018-10-06,20:15:00,NightNoStreetLight,974,420,Yes,NoIntersection,Normal,2Vehicles-BehindVehicles-Frontal,Rue Raymond Vergès,R,20.93825121863874,5.939236926982814
201800056077,NonLethal,2018-10-19,10:20:00,Daylight,974,420,Yes,Roundabout,Normal,Other,Rue Louis Hoarau,R,20.905096776508447,5.904364021658961
201800056078,NonLethal,2018-06-16,17:35:00,Daylight,974,402,No,T-type,Normal,2Vehicles-Side,Inter RD48 1 - RN2,R,20.99042354802855,5.9907440105307455
201800056079,Lethal,2018-07-15,03:19:00,NightNoStreetLight,974,402,No,NoIntersection,Overcast,Other,RN 2 - Sens SAINT-BENOIT,R,20.987355289221696,5.987482125683034
201800056080,NonLethal,2018-07-07,11:30:00,Daylight,974,402,Yes,NoIntersection,Normal,Other,Route nationale 2,R,20.995765467124148,5.996065664973421
201800056081,NonLethal,2018-09-09,10:45:00,Daylight,974,402,No,NoIntersection,Normal,Other,n2,R,20.99606902312517,5.995038027124836
201800056082,NonLethal,2018-11-02,16:40:00,Daylight,974,402,No,NoIntersection,Normal,2Vehicles-Side,RN2 - Paniandy,R,20.989492429289477,5.990806254279437
201800056084,NonLethal,2018-12-21,20:00:00,NightNoStreetLight,974,402,Yes,NoIntersection,Normal,NoCollision,Chemin rivière du mat,R,20.991731840000394,5.991346264127772
201800056086,NonLethal,2018-11-02,10:45:00,Daylight,974,419,No,Y-type,Normal,NoCollision,RN2 - Bois Blancs,R,21.190138393355397,5.190001731775251
201800056088,Lethal,2018-07-14,00:30:00,NightNoStreetLight,974,419,Yes,NoIntersection,LightRain,2Vehicles-BehindVehicles-Frontal,17 Route nationale 2,R,21.11950010325977,5.1195278738683685
201800056089,NonLethal,2018-07-14,13:45:00,Daylight,974,419,Yes,NoIntersection,VeryGood,Other,151 ROUTE NATIONALE 2 BO,R,21.12656308119932,5.126199375115654
201800056090,NonLethal,2018-09-16,15:05:00,Daylight,974,419,No,NoIntersection,LightRain,2Vehicles-BehindVehicles-Frontal,Route nationale 2,R,21.21797006779243,5.219881525711482