AccidentId,Gravity,Date,Hour,Light,Department,Commune,InAgglomeration,IntersectionType,Weather,CollisionType,PostalAddress,GPSCode,Latitude,Longitude
201800056091,NonLethal,2018-12-22,12:55:00,Daylight,974,419,No,NoIntersection,HeavyRain,2Vehicles-BehindVehicles-Frontal,ROUTE NATIONALE 2 - LA C,R,21.216201171881032,5.215781048314273
201800056092,NonLethal,2018-02-25,09:45:00,Daylight,974,421,No,NoIntersection,Normal,2Vehicles-BehindVehicles-Frontal,chemin mare grand café,R,21.03413867222006,5.03399962384653
201800056094,NonLethal,2018-09-10,06:35:00,Daylight,974,421,No,NoIntersection,Normal,2Vehicles-Side,Route Départementale 48,R,21.0344000716804,5.032927995730775
201800056096,NonLethal,2018-10-18,06:45:00,Daylight,974,421,Yes,NoIntersection,Normal,Other,Impasse du Piton,R,21.03313988325908,5.032054820168572
201800056097,NonLethal,2018-10-11,11:00:00,Daylight,974,421,Yes,NoIntersection,Normal,2Vehicles-BehindVehicles-Frontal,Rue Auguste Lacaussade,R,21.068253884720814,5.069227769927256
201800056098,NonLethal,2018-12-24,15:15:00,Daylight,974,421,No,NoIntersection,Normal,NoCollision,D48,R,21.055575746371225,5.054694709512458
201800056099,NonLethal,2018-02-15,10:30:00,Daylight,974,415,Yes,NoIntersection,Normal,Other,chaussée royale,R,21.00253897277649,5.003232092189557
201800056100,NonLethal,2018-02-17,13:15:00,Daylight,974,415,Yes,X-type,Normal,2Vehicles-Side,intersection rue chaussé,R,21.005072291327025,5.007275864945812
201800056102,NonLethal,2018-04-14,20:05:00,NightStreelightsOn,974,415,Yes,NoIntersection,Normal,Other,RN1A - Chaussée Royale,R,21.007103717472948,5.004778433059869
201800056103,NonLethal,2018-03-13,15:15:00,Daylight,974,415,Yes,T-type,Normal,2Vehicles-Side,chaussée royale,R,21.000428602275043,5.001272462902
201800056104,Lethal,2018-11-07,20:00:00,NightStreelightsOn,974,415,Yes,T-type,Normal,2Vehicles-Side,Rue du Général de Gaulle,R,21.06090749721153,5.060822397763031
201800056106,Lethal,2018-07-08,14:45:00,Daylight,974,415,No,NoIntersection,Normal,Other,RD04,R,20.98143057886469,5.98435692535231
201800056107,NonLethal,2018-06-08,06:30:00,NightNoStreetLight,974,415,No,NoIntersection,Normal,2Vehicles-BehindVehicles-Frontal,RN1A PK 31.050,R,21.04517063284913,5.045232557505726
201800056108,NonLethal,2018-08-17,08:30:00,Daylight,974,415,Yes,NoIntersection,Normal,2Vehicles-Behind,Chaussée Royale,R,21.011280346883847,5.01046522505112
201800056109,NonLethal,2018-08-28,06:50:00,Daylight,974,415,Yes,NoIntersection,Normal,2Vehicles-Side,Chaussée Royale,R,21.007177904175425,5.006305919885288
201800056110,NonLethal,2018-01-10,02:30:00,NightNoStreetLight,974,415,No,NoIntersection,Normal,2Vehicles-Side,"N1, PK 23+100",R,20.98506980188108,5.985831645529623
201800056111,NonLethal,2018-03-10,00:35:00,NightStreelightsOn,974,415,Yes,Roundabout,Normal,2Vehicles-BehindVehicles-Frontal,Rpt Chaussée Royale,R,20.993656016244785,5.992424121451448
201800056112,NonLethal,2018-10-24,16:45:00,Daylight,974,415,Yes,NoIntersection,Normal,Other,Rue Marius et Ary Leblon,R,21.00840109284892,5.008530640276718
201800056113,NonLethal,2018-11-05,20:25:00,NightStreelightsOn,974,415,Yes,X-type,Normal,2Vehicles-Side,Rue de Saint Louis,R,21.00068074756516,5.000770906901109
201800056114,NonLethal,2018-11-09,07:30:00,Daylight,974,415,Yes,T-type,Normal,2Vehicles-Side,Chaussée Royale,R,21.006179132590532,5.00461725987581
201800056115,NonLethal,2018-12-26,12:15:00,Daylight,974,415,No,Roundabout,Normal,2Vehicles-Side,D2 - Rond point d'accès,R,20.971257509157702,5.972164156303905
201800056116,NonLethal,2018-11-01,01:30:00,NightNoStreetLight,974,415,Yes,NoIntersection,Normal,2Vehicles-BehindVehicles-Frontal,Route Nationale 1A,R,21.05010980745204,5.051421993998422
201800056117,NonLethal,2018-01-28,22:10:00,NightNoStreetLight,974,415,Yes,Y-type,Normal,2Vehicles-BehindVehicles-Frontal,allée des perdrix - BOUC,R,21.02856856540177,5.031023134482325
201800056118,NonLethal,2018-02-20,15:15:00,Daylight,974,415,No,NoIntersection,HeavyRain,NoCollision,"RN1, route des tamarins",R,21.03394063240196,5.033552024882091
201800056119,NonLethal,2018-03-11,02:00:00,NightStreelightsOn,974,415,Yes,NoIntersection,Normal,Other,ll ter rue de la croix d,R,21.055425142586845,5.056772780743055
201800056120,NonLethal,2018-03-21,09:50:00,Daylight,974,415,No,NoIntersection,Normal,2Vehicles-Behind,"RN1, au niveau de Saint",R,21.04704933691795,5.045526129722596
201800056122,NonLethal,2018-07-07,04:40:00,NightStreelightsOn,974,415,Yes,NoIntersection,Normal,2Vehicles-BehindVehicles-Frontal,Rue du Général de Gaulle,R,21.06093597360079,5.061924141101678
201800056123,NonLethal,2018-07-19,05:45:00,Daylight,974,415,Yes,NoIntersection,Normal,NoCollision,IMPASSE DES TROIS ROCHES,R,21.051440157767093,5.0483483189970375
201800056125,NonLethal,2018-10-14,21:30:00,NightNoStreetLight,974,415,No,NoIntersection,Normal,3+Vehicles-Multiple,RN1A St Gilles Les Bains,R,21.055255320409994,5.055848647622888
201800056126,Lethal,2018-10-04,21:00:00,NightNoStreetLight,974,415,No,NoIntersection,Normal,2Vehicles-BehindVehicles-Frontal,RD 100,R,21.062402088589607,5.064629861898079
201800056128,NonLethal,2018-10-31,21:20:00,NightNoStreetLight,974,415,No,NoIntersection,Normal,3+Vehicles-Multiple,"RN1, PK 38 + 800",R,21.07836750117019,5.076732240213204
201800056129,NonLethal,2018-08-12,02:25:00,NightNoStreetLight,974,415,No,NoIntersection,Normal,3+Vehicles-Multiple,RN1 - PK 34+500,R,21.044722983735323,5.043529388786909
201800056130,Lethal,2018-12-23,03:50:00,NightNoStreetLight,974,415,No,NoIntersection,Other,Other,RN1,R,21.08957503900652,5.091876907337987
201800056131,NonLethal,2018-12-30,05:55:00,Daylight,974,415,Yes,Roundabout,VeryGood,Other,RN1A St Gilles les bains,R,21.062397564028952,5.061594303555262
201800056132,NonLethal,2018-04-27,20:45:00,NightNoStreetLight,974,415,Yes,Roundabout,Normal,2Vehicles-Side,Rond point Villèle,R,21.05453388324728,5.053951465322805
201800056133,NonLethal,2018-05-18,12:45:00,Daylight,974,415,Yes,NoIntersection,Normal,Other,Rue du Relais,R,21.08837616248169,5.086537294376352
201800056134,NonLethal,2018-05-24,13:00:00,Daylight,974,415,No,NoIntersection,Normal,Other,Impasse Joseph Tsang Tsu,R,21.09512150183721,5.096102415023163
201800056136,NonLethal,2018-09-15,09:15:00,Daylight,974,415,No,Y-type,Normal,2Vehicles-Side,Rte du Vieux Flamboyant,R,21.034021575183957,5.03389974044851
201800056137,NonLethal,2018-01-11,18:35:00,TwilightOrDawn,974,415,No,NoIntersection,Normal,2Vehicles-Side,RD100 Voie Cannière,R,21.06719502978873,5.0667803040667545
201800056138,NonLethal,2018-02-11,17:30:00,Daylight,974,423,No,NoIntersection,FogOrSmoke,Other,chemin Gabriel Mareuil,R,21.10733104581728,5.10968694141485
201800056139,NonLethal,2018-09-16,16:10:00,Daylight,974,423,Yes,NoIntersection,Normal,Other,Rue Victor Hugo,R,21.105521256563662,5.1060457611356895
201800056140,NonLethal,2018-06-11,13:00:00,Daylight,974,422,Yes,Other,Normal,2Vehicles-BehindVehicles-Frontal,Rue du Benjoin,R,21.277917673037408,5.278089128892739
201800056141,NonLethal,2018-04-15,15:30:00,Daylight,974,424,No,NoIntersection,Normal,Other,RN 5 PR 034+900,R,21.161924506153746,5.16304354977412
201800056142,NonLethal,2018-08-23,07:05:00,Daylight,974,424,No,NoIntersection,Normal,2Vehicles-Side,RN5 Peterboth,R,21.177170987056307,5.176520994823783
201800056143,NonLethal,2018-09-30,11:55:00,Daylight,974,424,No,NoIntersection,LightRain,Other,Route Nationale 5,R,21.161802100052903,5.162098284266252
201800056144,NonLethal,2018-06-10,15:20:00,Daylight,974,424,Yes,T-type,Normal,2Vehicles-Side,19 chemin des Filaos,R,21.13932991525883,5.136745767644103
201800056145,NonLethal,2018-04-12,10:15:00,Daylight,974,424,No,NoIntersection,Normal,2Vehicles-BehindVehicles-Frontal,RN 5 bras de benjoin,R,21.16133497668108,5.162009217596026
201800056146,Lethal,2018-10-13,22:45:00,NightNoStreetLight,974,403,No,NoIntersection,Normal,2Vehicles-BehindVehicles-Frontal,Route Départementale 26,R,21.264567111347755,5.26600470040647
201800056147,NonLethal,2018-01-05,17:35:00,Daylight,974,422,No,NoIntersection,HeavyRain,Other,Route Nationale 3,R,21.23328269620563,5.234710146598287
201800056148,NonLethal,2018-04-27,19:30:00,NightStreelightsOn,974,422,Yes,NoIntersection,Normal,Other,Rue Raphael Douyere,R,21.217512798716676,5.216362228428651
201800056150,NonLethal,2018-05-06,17:00:00,TwilightOrDawn,974,422,No,NoIntersection,Normal,2Vehicles-Side,Route du volcan,R,21.23138322628543,5.231418166548472
201800056152,NonLethal,2018-06-16,17:15:00,TwilightOrDawn,974,422,Yes,NoIntersection,Normal,2Vehicles-Side,RN3 PK 22,R,21.224536644946497,5.22392336463115
201800056153,NonLethal,2018-08-24,20:10:00,NightNoStreetLight,974,422,Yes,NoIntersection,Normal,2Vehicles-BehindVehicles-Frontal,Route de Piton Hyacinthe,R,21.223384062674125,5.223470892662448
201800056154,NonLethal,2018-09-25,17:10:00,Daylight,974,422,Yes,NoIntersection,Normal,2Vehicles-Side,Chemin Commerson,R,21.214500500404696,5.216092046364553
201800056155,NonLethal,2018-10-12,13:35:00,Daylight,974,422,Yes,NoIntersection,Normal,Other,Rue Philidor Técher,R,21.23729510117577,5.239281718862918
201800056156,NonLethal,2018-11-19,19:30:00,NightNoStreetLight,974,422,Yes,NoIntersection,Normal,Other,Rue du Collège,R,21.2192609927355,5.215327588506174
201800056157,NonLethal,2018-01-20,14:45:00,Daylight,974,417,No,NoIntersection,Normal,NoCollision,RN2 - Takamaka,R,21.34152191661776,5.343144806161054
201800056158,NonLethal,2018-02-25,12:00:00,Daylight,974,417,No,NoIntersection,Normal,2Vehicles-BehindVehicles-Frontal,RN2 Le Tremblet,R,21.27225779500318,5.273058771411885
201800056159,Lethal,2018-03-11,16:45:00,Daylight,974,417,No,NoIntersection,Normal,2Vehicles-Behind,RN2 Coulée 2002,R,21.25549839887731,5.254789940947706
201800056160,NonLethal,2018-12-30,16:15:00,Daylight,974,417,No,NoIntersection,Normal,2Vehicles-BehindVehicles-Frontal,Route des Laves Le Tremb,R,21.30643299607925,5.3076451541063046
201800056161,NonLethal,2018-01-25,14:30:00,Daylight,976,607,No,NoIntersection,Normal,3+Vehicles-Multiple,Route nationale 3 HAJANG,Y,12.867997307075765,4.867526958126822
201800056162,NonLethal,2018-02-28,07:45:00,Daylight,976,610,Yes,NoIntersection,Normal,Other,ROUTE NATIONALE 1,Y,12.73422023833177,4.7361262643540245
201800056163,NonLethal,2018-05-20,14:30:00,Daylight,976,610,Yes,NoIntersection,Normal,Other,Rue du commerce Majicavo,Y,12.74523688913625,4.745943613562327
201800056164,NonLethal,2018-06-15,17:10:00,Daylight,976,610,Yes,NoIntersection,Normal,2Vehicles-Behind,Quartier Boulemalandi Ma,Y,12.744985911063688,4.74664842256657
201800056165,NonLethal,2018-12-11,15:40:00,Daylight,976,610,Yes,NoIntersection,Normal,2Vehicles-Behind,RN1 Longoni,Y,12.733253484087095,4.733825043995739
201800056167,NonLethal,2018-11-24,16:00:00,Daylight,976,610,Yes,NoIntersection,Normal,Other,RN1 à Koungou,Y,12.74638380627168,4.746985934323322
201800056168,NonLethal,2018-11-24,21:10:00,NightStreelightsOn,976,610,Yes,NoIntersection,Normal,Other,RN1 Majicavo Koropa,Y,12.745248623012085,4.745264009309368
201800056169,NonLethal,2018-11-25,17:30:00,Daylight,976,607,Yes,NoIntersection,Normal,Other,RN 3 HAJANGUA,Y,12.853034287933486,4.852905061523279
201800056170,NonLethal,2018-11-29,13:15:00,Daylight,976,610,No,NoIntersection,Normal,Other,RN1 Majicavo Koropa,Y,12.748083038643712,4.747032942075927
201800056171,NonLethal,2018-01-12,05:10:00,TwilightOrDawn,976,610,Yes,NoIntersection,Normal,Other,Majicavo Koropa,Y,12.745027168612612,4.748237865460059
201800056172,NonLethal,2018-12-12,15:50:00,Daylight,976,610,No,NoIntersection,Normal,Other,route nationale 1 Majica,Y,12.747356422358072,4.748087674940226
201800056174,Lethal,2018-11-03,04:15:00,NightStreelightsOn,976,608,No,NoIntersection,Normal,NoCollision,boulevard des crabes,Y,12.789086302201392,4.7890444571879565
201800056175,NonLethal,2018-01-06,13:30:00,Daylight,976,608,Yes,NoIntersection,Normal,Other,route nationale 4,Y,12.792260129011826,4.792378289616144
201800056176,NonLethal,2018-07-06,20:00:00,NightStreelightsOn,976,608,Yes,NoIntersection,Normal,2Vehicles-Side,boulevard des crabes,Y,12.788480572160427,4.790667247116661
201800056178,NonLethal,2018-08-04,11:15:00,Daylight,976,608,Yes,Other,Normal,2Vehicles-BehindVehicles-Frontal,route des badamiers - CD,Y,12.780882731353657,4.779957996787955
201800056179,NonLethal,2018-08-05,13:50:00,Daylight,976,615,Yes,NoIntersection,Normal,2Vehicles-Side,rue du jardin,Y,12.797879190422776,4.79659157306566
201800056180,NonLethal,2018-08-14,18:00:00,Daylight,976,608,Yes,NoIntersection,Normal,Other,rue du commerce,Y,12.783451947490985,4.784581978836878
201800056181,NonLethal,2018-09-08,12:30:00,Daylight,976,608,Yes,NoIntersection,Normal,2Vehicles-Behind,RUE DU COMMERCE,Y,12.78903067639221,4.789751979791786
201800056182,NonLethal,2018-09-17,16:30:00,Daylight,976,615,Yes,NoIntersection,Normal,Other,boulevard François Mitte,Y,12.796344833897416,4.797342459998738
201800056183,NonLethal,2018-06-10,11:30:00,Daylight,976,615,Yes,T-type,Normal,2Vehicles-Side,rue georges pompidou,Y,12.796716417643175,4.795618463525457
201800056186,NonLethal,2018-12-17,15:45:00,Daylight,976,608,Yes,NoIntersection,Normal,Other,rue Bambao - LABATTOIR,Y,12.77806929237588,4.779327703675977
201800056187,NonLethal,2018-01-07,12:00:00,Daylight,976,617,No,NoIntersection,Normal,Other,CCD1 Cascade de SOULOU,Y,12.778470073764732,4.778368925750517
201800056188,Lethal,2018-07-19,06:00:00,TwilightOrDawn,976,614,Yes,NoIntersection,Normal,Other,RN2 hapandzo à coté de l,Y,12.838118170184732,4.836366602631154
201800056190,NonLethal,2018-11-10,19:30:00,NightNoStreetLight,976,616,Yes,T-type,Normal,Other,Quartier Comojou/Hagnaka,Y,12.85829442402233,4.856446221298447
201800056191,NonLethal,2018-10-17,16:00:00,Daylight,976,617,No,NoIntersection,Normal,Other,CCD 1 - OUROVENI,Y,12.809159740916089,4.810918112851396
201800056192,NonLethal,2018-10-19,21:50:00,NightStreelightsOn,976,614,Yes,NoIntersection,Normal,2Vehicles-BehindVehicles-Frontal,Route nationale à kahani,Y,12.83779072826109,4.835784438877697
201800056193,NonLethal,2018-10-21,01:30:00,NightNoStreetLight,976,605,Yes,NoIntersection,Normal,Other,Quartier bilambo,Y,12.81917025811554,4.821613131741962
201800056194,NonLethal,2018-10-20,03:30:00,NightStreelightsOn,976,614,Yes,NoIntersection,Normal,Other,route nationale 2 - Bara,Y,12.83313463868082,4.833192589458101
201800056195,NonLethal,2018-10-22,15:20:00,Daylight,976,616,Yes,NoIntersection,Normal,Other,RN2,Y,12.856050264972804,4.856576743702229
201800056196,NonLethal,2018-11-22,19:15:00,NightStreelightsOn,976,605,Yes,NoIntersection,Normal,2Vehicles-Side,CCD7,Y,12.834620792837947,4.832385157566319
201800056197,NonLethal,2018-11-26,11:40:00,Daylight,976,614,No,NoIntersection,HeavyRain,Other,CCD1 axe Kahari - Comban,Y,12.83575116926966,4.837339081873978
201800056198,NonLethal,2018-11-26,10:15:00,Daylight,976,614,Yes,NoIntersection,Overcast,2Vehicles-BehindVehicles-Frontal,RN2 carrefour à l'entrée,Y,12.836997391740695,4.837681490259377
201800056199,NonLethal,2018-12-10,09:00:00,Daylight,976,614,No,NoIntersection,Normal,2Vehicles-BehindVehicles-Frontal,RN2,Y,12.83640485451183,4.838155455131416
201800056200,NonLethal,2018-01-31,12:45:00,Daylight,971,103,No,X-type,Normal,2Vehicles-Side,Intersection RN10 - Rue,A,16.243929174481995,6.242341775409932
201800056201,Lethal,2018-02-07,14:10:00,Daylight,971,103,Yes,NoIntersection,Normal,3+Vehicles-Multiple,chemin de calvaire,A,16.238150280882568,6.239403800964214
201800056202,NonLethal,2018-01-29,20:30:00,NightStreelightsOn,971,103,No,T-type,Normal,2Vehicles-Side,ZAC de la Grande Voie -R,A,16.271730293735946,6.271819504467815
201800056203,NonLethal,2018-03-20,08:25:00,Daylight,971,103,Yes,X-type,Normal,3+Vehicles-Multiple,route de blachon,A,16.24927310778913,6.248103461080032
201800056204,NonLethal,2018-04-21,01:00:00,NightNoStreetLight,971,103,No,NoIntersection,Normal,Other,RN2,A,16.25879542826029,6.257811566132498
201800056205,NonLethal,2018-04-26,17:30:00,Daylight,971,103,No,Y-type,Normal,2Vehicles-BehindVehicles-Frontal,"boulevards des armées, l",A,16.254593152666356,6.255920172345191
201800056206,NonLethal,2018-06-15,19:00:00,NightStreelightsOn,971,103,Yes,MoreThan4Branches,Normal,2Vehicles-BehindVehicles-Frontal,Chemin de la retraite/in,A,16.235568358975083,6.235014398262949
201800056207,NonLethal,2018-08-17,13:30:00,Daylight,971,103,No,Other,Normal,2Vehicles-BehindVehicles-Frontal,"RN2, face à la société C",A,16.25849442963634,6.258591579867887
201800056208,NonLethal,2018-08-20,23:30:00,NightNoStreetLight,971,103,No,Other,HeavyRain,2Vehicles-BehindVehicles-Frontal,RN 1 au niveau bamy pneu,A,16.249113912354613,6.252738532706699
201800056209,NonLethal,2018-08-24,13:00:00,Daylight,971,103,Yes,T-type,Normal,Other,intersection boulevard d,A,16.244739805358087,6.241536143382855
201800056211,NonLethal,2018-08-30,21:05:00,NightStreelightsOn,971,103,No,NoIntersection,LightRain,2Vehicles-Side,route de Blachon,A,16.249011368795784,6.24617580433626
201800056212,NonLethal,2018-10-21,22:00:00,NightNoStreetLight,971,103,No,NoIntersection,Normal,Other,RN2 - échangeur pour RN1,A,16.251142999542335,6.251076847537799
201800056213,NonLethal,2018-11-13,18:50:00,NightStreelightsOn,971,103,Yes,NoIntersection,Normal,Other,boulevard joseph ignace,A,16.25031020550209,6.250883164721271
201800056214,NonLethal,2018-07-12,16:55:00,Daylight,971,103,No,NoIntersection,Normal,3+Vehicles-Chain,RN1 - LA JAILLE,A,16.254810413016695,6.25135654534589
201800056216,NonLethal,2018-12-18,18:10:00,TwilightOrDawn,971,103,No,NoIntersection,Normal,2Vehicles-Side,RN2,A,16.26020244219282,6.257822788131074
201800056217,NonLethal,2018-07-01,18:30:00,TwilightOrDawn,973,360,Yes,NoIntersection,Normal,NoCollision,avenue du général de gau,G,51.15252291033746,5.153855806946171
201800056218,NonLethal,2018-04-02,06:30:00,TwilightOrDawn,973,360,No,NoIntersection,Normal,NoCollision,route d apatou,G,51.16000628537654,5.159293541926841
201800056219,NonLethal,2018-05-15,16:00:00,Daylight,973,360,No,NoIntersection,Normal,2Vehicles-BehindVehicles-Frontal,route d'Apatou,G,51.13332557322,5.133490700476354
201800056220,NonLethal,2018-10-01,12:50:00,Daylight,976,613,No,NoIntersection,Normal,Other,quartier andimaka,Y,12.759394988514948,4.759069424069031
201800056223,NonLethal,2018-09-29,15:00:00,Daylight,976,602,No,Other,Normal,NoCollision,RNl près du terrain de f,Y,12.689727659783404,4.687634025181673
201800056224,Lethal,2018-10-26,05:00:00,TwilightOrDawn,976,602,Yes,NoIntersection,Normal,Other,RN1 près du pont se trou,Y,12.714675713003496,4.712893477900227
201800056225,NonLethal,2018-11-08,01:59:00,NightNoStreetLight,976,613,No,NoIntersection,Normal,2Vehicles-Behind,RD2 entre Soulou et Dzou,Y,12.762317828998093,4.764518485822179
201800056227,NonLethal,2018-01-09,10:30:00,Daylight,976,606,No,NoIntersection,Normal,Other,village de Poroani,Y,12.913117959183738,4.911160373313753
201800056228,NonLethal,2018-03-12,16:16:00,TwilightOrDawn,976,606,Yes,NoIntersection,Normal,Other,Lycée général,Y,12.937394280110215,4.936442826512101
201800056230,NonLethal,2018-05-22,10:50:00,Daylight,976,606,Yes,NoIntersection,Normal,Other,village de Miréréni Kéli,Y,12.949597966298384,4.95189037057829
201800056231,NonLethal,2018-07-06,14:40:00,Daylight,976,604,No,NoIntersection,Normal,3+Vehicles-Multiple,CCD 4 village de M'ZOUAZ,Y,12.924662798273234,4.925824782690077
201800056232,NonLethal,2018-07-22,07:50:00,Daylight,976,603,No,NoIntersection,Normal,3+Vehicles-Chain,Bambo Est,Y,12.925444624698049,4.925109948160192
201800056233,NonLethal,2018-08-05,08:30:00,Daylight,976,603,No,NoIntersection,Normal,2Vehicles-Behind,RN3,Y,12.916395097647342,4.915704143710336
201800056235,NonLethal,2018-09-22,10:30:00,Daylight,976,606,No,NoIntersection,LightRain,Other,CCD5 ENTRE MIRERENI ET M,Y,12.91154763052362,4.90972613210179
201800056236,NonLethal,2018-04-11,08:30:00,Daylight,976,603,Yes,X-type,Normal,2Vehicles-Side,RN 3,Y,12.976528422264863,4.976799551540113
201800056237,NonLethal,2018-11-14,12:00:00,Daylight,976,603,No,NoIntersection,Normal,Other,route nationale 03 - M'G,Y,12.935299379294037,4.933513555248581
201800056238,NonLethal,2018-12-22,18:30:00,NightStreelightsOff,976,603,Yes,NoIntersection,Normal,Other,rue de la coopérative -,Y,12.961178160806794,4.958238909907921
201800056239,NonLethal,2018-01-08,07:30:00,Daylight,973,309,Yes,NoIntersection,Normal,2Vehicles-Behind,route de REMIRE,G,48.899729792951504,5.900207244962488
201800056240,NonLethal,2018-01-25,06:50:00,Daylight,973,309,Yes,NoIntersection,Normal,Other,RD 2 - Attila Cabassou,G,48.8893590958757,5.888542752087829
201800056241,Lethal,2018-02-22,09:00:00,Daylight,973,309,No,NoIntersection,Normal,Other,ROUTE DES PLAGES,G,48.857933878728005,5.859154400197001
201800056243,NonLethal,2018-03-03,17:40:00,NightNoStreetLight,973,309,No,NoIntersection,LightRain,Other,la matourienne,G,48.88161718828175,5.878581634948975
201800056244,NonLethal,2018-11-03,13:30:00,Daylight,973,309,No,NoIntersection,Normal,2Vehicles-Side,route nationale 3 route,G,48.871823635972646,5.875903508874943
201800056245,NonLethal,2018-01-04,17:45:00,TwilightOrDawn,973,309,Yes,NoIntersection,Normal,2Vehicles-BehindVehicles-Frontal,route de Montjoly,G,49.92094266590429,5.920690021398981
201800056247,NonLethal,2018-05-06,20:00:00,NightStreelightsOn,973,309,No,X-type,Normal,2Vehicles-BehindVehicles-Frontal,Carrefour Attila Cabasso,G,49.89929610849853,5.900610044302241
201800056248,NonLethal,2018-05-11,17:15:00,Daylight,973,309,Yes,NoIntersection,Overcast,3+Vehicles-Multiple,face au 140 route de Rém,G,48.88946064483662,5.8878496839567
201800056249,Lethal,2018-05-19,05:30:00,NightNoStreetLight,973,309,No,NoIntersection,Normal,2Vehicles-Behind,D25(exRN4),G,48.880885162036975,5.883358549115541
201800056250,NonLethal,2018-05-21,18:45:00,NightNoStreetLight,973,309,No,NoIntersection,Normal,Other,RD2,G,48.890561412666464,5.889516332022466
201800056251,NonLethal,2018-05-25,17:00:00,Daylight,973,309,Yes,NoIntersection,LightRain,Other,route de remire RD2,G,48.89721547075656,5.898678279548277
201800056252,NonLethal,2018-06-15,10:35:00,Daylight,973,309,Yes,X-type,Normal,2Vehicles-Side,Avenue Gaston MONNERVILL,G,48.88652480237507,5.888760220889108
201800056253,NonLethal,2018-03-07,15:25:00,Daylight,973,309,Yes,T-type,Normal,2Vehicles-Side,Route de Remire,G,49.91192756426515,5.910884888669317
201800056254,NonLethal,2018-03-07,19:50:00,NightStreelightsOn,973,309,Yes,NoIntersection,Normal,3+Vehicles-Chain,Route de Montjoly,G,49.92017285641042,5.9214321783315365
201800056255,NonLethal,2018-10-07,22:30:00,NightNoStreetLight,973,309,No,NoIntersection,Normal,2Vehicles-Behind,La Matourienne,G,48.86830796622412,5.869481192833941
201800056257,NonLethal,2018-08-11,20:20:00,NightStreelightsOn,973,309,Yes,MoreThan4Branches,Normal,2Vehicles-BehindVehicles-Frontal,intersection rue Bois Ar,G,49.909508560105806,5.910305894421987
201800056259,NonLethal,2018-08-21,12:20:00,Daylight,973,309,Yes,T-type,Normal,2Vehicles-Side,D24(ex N) morne coco,G,48.89176350653964,5.890677059253572
201800056260,NonLethal,2018-08-27,13:45:00,Daylight,973,309,No,T-type,Normal,2Vehicles-Side,D24 ex RN3  face Casse,G,48.89067734971743,5.891155588177076
201800056261,NonLethal,2018-02-09,05:40:00,TwilightOrDawn,973,309,Yes,Roundabout,Normal,NoCollision,Route de MONTJOLY,G,49.91902516739512,5.919729323726241
201800056262,NonLethal,2018-05-09,19:00:00,NightStreelightsOn,973,309,Yes,T-type,Normal,2Vehicles-BehindVehicles-Frontal,Av.Charlery loti.Mome c,G,48.89830064550579,5.898484165333055
201800056263,NonLethal,2018-05-09,19:35:00,NightStreelightsOn,973,309,Yes,NoIntersection,Normal,2Vehicles-Side,ROUTE DE MONTJOLY,G,49.920332662723126,5.922097683436283
201800056264,NonLethal,2018-09-18,08:00:00,Daylight,973,309,Yes,T-type,Normal,2Vehicles-Side,Route des plages,G,49.90542393652439,5.907619885522255
201800056265,NonLethal,2018-09-20,08:30:00,Daylight,973,309,No,T-type,Normal,2Vehicles-Side,Route attila cabassou,G,48.88567877675467,5.886007894247228
201800056267,NonLethal,2018-09-27,16:40:00,Daylight,973,309,Yes,T-type,Normal,Other,Avenue Sainte Rita,G,49.91663177098016,5.915599024067888
201800056269,NonLethal,2018-09-29,19:10:00,NightStreelightsOn,973,309,Yes,T-type,Normal,2Vehicles-Side,D2 /Morne coco,G,49.89842542811507,5.900616183353703
201800056270,NonLethal,2018-10-12,17:30:00,Daylight,973,309,No,NoIntersection,Normal,2Vehicles-Behind,Avenue Léon GONTRAN DAMA,G,48.88546703391293,5.884551711622858
201800056271,NonLethal,2018-10-29,16:35:00,Daylight,973,309,Yes,NoIntersection,Normal,2Vehicles-Side,Route de Montjoly - Face,G,49.93333493206713,5.933294999556159
201800056272,NonLethal,2018-11-20,19:30:00,NightStreelightsOn,973,309,Yes,NoIntersection,Normal,3+Vehicles-Chain,avenue gaston monnervill,G,48.88801756894648,5.887544509111237
201800056273,NonLethal,2018-11-22,08:00:00,Daylight,973,309,Yes,T-type,Normal,2Vehicles-BehindVehicles-Frontal,ROUTE DE MONTJOLY,G,49.91964660469941,5.920959257089033