AccidentId,Gravity,Date,Hour,Light,Department,Commune,InAgglomeration,IntersectionType,Weather,CollisionType,PostalAddress,GPSCode,Latitude,Longitude
201800056274,NonLethal,2018-12-07,19:42:00,NightNoStreetLight,973,309,Yes,NoIntersection,Overcast,2Vehicles-Side,route de MONTJOLY,G,49.92009451181401,5.919669569678145
201800056275,NonLethal,2018-12-09,14:30:00,Daylight,973,309,Yes,NoIntersection,Normal,2Vehicles-Side,route de rémire,G,49.916642784044896,5.9156511563403225
201800056277,Lethal,2018-03-22,17:00:00,Daylight,974,415,No,Y-type,Normal,2Vehicles-BehindVehicles-Frontal,Intersection chemin Lall,R,21.050590699268263,5.049667321573937
201800056278,NonLethal,2018-04-10,06:20:00,Daylight,974,415,No,NoIntersection,Normal,2Vehicles-Behind,Che lambert - Sans Souci,R,20.976185318474037,5.973699150473678
201800056279,NonLethal,2018-02-08,16:20:00,Daylight,974,415,Yes,T-type,Normal,2Vehicles-Side,Rue Leconte Delisle,R,20.98362409274952,5.9843841177217545
201800056280,NonLethal,2018-08-12,20:30:00,NightStreelightsOn,974,415,Yes,NoIntersection,Normal,2Vehicles-BehindVehicles-Frontal,Route Départementale 4,R,21.002714308286663,5.00365496970169
201800056281,NonLethal,2018-12-28,15:15:00,Daylight,974,415,Yes,NoIntersection,Normal,NoCollision,Rue Leconte Delisle,R,20.98548109914471,5.98410919693062
201800056283,NonLethal,2018-01-07,04:15:00,NightStreelightsOn,973,307,Yes,NoIntersection,LightRain,Other,6 Rue Georges Palmot,G,48.850424751809975,5.851228480198381
201800056284,NonLethal,2018-01-12,16:35:00,Daylight,973,307,Yes,NoIntersection,Normal,Other,1065 rue champ de cannes,G,48.88140659985126,5.882470293361711
201800056285,NonLethal,2018-01-22,21:30:00,NightNoStreetLight,973,307,Yes,NoIntersection,Normal,Other,Rue du champs de cannes,G,48.88069463099205,5.881993775468821
201800056286,NonLethal,2018-01-23,07:15:00,Daylight,973,307,Yes,X-type,LightRain,3+Vehicles-Multiple,Intersection rue quadril,G,48.88576547722772,5.885532157986115
201800056287,NonLethal,2018-01-25,16:15:00,Daylight,973,307,No,NoIntersection,Normal,2Vehicles-Side,RN 1 sur le pont de l'éc,G,48.892201977336136,5.891684411207223
201800056288,NonLethal,2018-01-02,08:10:00,Daylight,973,307,No,NoIntersection,HeavyRain,2Vehicles-Side,RN 2 PK 3.500,G,48.85946949036177,5.859755159244442
201800056289,NonLethal,2018-02-02,20:05:00,NightNoStreetLight,973,307,Yes,NoIntersection,Normal,Other,rue zanma,G,48.87172848131072,5.872187002377342
201800056290,NonLethal,2018-02-16,21:10:00,NightNoStreetLight,973,307,No,NoIntersection,Normal,2Vehicles-Side,Route Nationale 4,G,48.83153593411836,5.832883591403429
201800056291,NonLethal,2018-02-28,07:30:00,Daylight,973,307,Yes,T-type,Normal,2Vehicles-BehindVehicles-Frontal,Angle du 126 rue des orc,G,48.85088341548416,5.850884897331314
201800056293,Lethal,2018-03-13,15:25:00,Daylight,973,307,No,T-type,Normal,2Vehicles-Side,ZI LARIVOT,G,48.896461096314994,5.895436177428132
201800056294,NonLethal,2018-03-21,20:00:00,NightStreelightsOn,973,307,Yes,NoIntersection,Normal,2Vehicles-Side,sortie RN1,G,48.88922685819667,5.8911601728944
201800056295,NonLethal,2018-03-31,10:15:00,Daylight,973,307,Yes,NoIntersection,Normal,Other,Av Raoul roumillac,G,48.847934022645866,5.844897027825749
201800056296,Lethal,2018-04-11,11:50:00,Daylight,973,307,No,T-type,Normal,2Vehicles-Side,Ex RN4/av F.Eboue,G,48.84868346858588,5.847135954433117
201800056297,Lethal,2018-04-15,20:55:00,NightNoStreetLight,973,307,No,NoIntersection,Normal,Other,Matourienne RN 4,G,48.8686300563547,5.866549876128656
201800056298,NonLethal,2018-04-16,15:55:00,Daylight,973,307,Yes,NoIntersection,Normal,Other,rude la distillerie,G,48.87309432506596,5.870983873709707
201800056299,NonLethal,2018-04-19,19:15:00,NightStreelightsOn,973,307,Yes,X-type,HeavyRain,NoCollision,rue Kalina,G,48.88561654478917,5.884525733861665
201800056300,NonLethal,2018-05-05,20:15:00,NightStreelightsOn,973,307,Yes,T-type,Normal,3+Vehicles-Multiple,RN 2 intersection de la,G,48.87674248644745,5.875197784569231
201800056301,NonLethal,2018-05-20,23:50:00,NightNoStreetLight,973,307,Yes,Other,LightRain,NoCollision,RN2 face café chaulet,G,48.8241174495962,5.825831875222353
201800056302,NonLethal,2018-05-21,19:15:00,NightStreelightsOn,973,307,No,NoIntersection,LightRain,NoCollision,RN2 PK 2 + 400,G,48.8717282337778,5.869537726360383
201800056303,NonLethal,2018-05-25,08:45:00,Daylight,973,307,Yes,X-type,Normal,2Vehicles-Side,Intersection rue Simarou,G,48.88942631923998,5.887673798959134
201800056304,NonLethal,2018-03-06,06:30:00,Daylight,973,307,Yes,NoIntersection,LightRain,2Vehicles-BehindVehicles-Frontal,RN2,G,48.88820356498506,5.8876781349130125
201800056305,NonLethal,2018-05-06,16:10:00,Daylight,973,307,Yes,NoIntersection,Normal,2Vehicles-Side,Route de la distillerie,G,48.87613724754956,5.873735270674122
201800056306,NonLethal,2018-09-06,09:15:00,Daylight,973,307,No,NoIntersection,Normal,2Vehicles-Side,RN1 - Entre PK 7 et PK 8,G,48.892799549953786,5.893556556607246
201800056307,NonLethal,2018-06-11,09:50:00,Daylight,973,307,No,NoIntersection,LightRain,2Vehicles-BehindVehicles-Frontal,RN 1 PK 7 +140,G,48.89187968071768,5.893424807331712
201800056308,NonLethal,2018-06-26,11:15:00,Daylight,973,307,No,NoIntersection,Normal,2Vehicles-BehindVehicles-Frontal,RN 1 PK 9.8 - Pont Le La,G,49.90748464700639,5.905901110471369
201800056309,NonLethal,2018-04-07,07:45:00,Daylight,973,307,No,NoIntersection,Normal,Other,route de stoupan CD6 PK,G,47.77563567943018,5.772796806775638
201800056310,NonLethal,2018-07-15,22:15:00,NightStreelightsOn,973,307,Yes,T-type,Normal,2Vehicles-Side,"Route nationale 2, PK 0+",G,48.88701901725851,5.887651545378311
201800056311,NonLethal,2018-07-20,15:30:00,Daylight,973,307,Yes,NoIntersection,Normal,2Vehicles-Side,1558 chemin de la chaumi,G,48.884820704623394,5.883974737578988
201800056313,NonLethal,2018-08-02,11:55:00,Daylight,973,307,Yes,NoIntersection,Normal,2Vehicles-Side,RN 2,G,48.88951898195068,5.889824609488169
201800056314,Lethal,2018-09-08,22:30:00,NightNoStreetLight,973,307,No,NoIntersection,Normal,2Vehicles-Behind,RN4 PK6,G,48.837171021878525,5.835823488089488
201800056315,NonLethal,2018-08-09,19:50:00,NightNoStreetLight,973,307,No,T-type,Normal,2Vehicles-Side,Lieu dit Panamara,G,48.83286958643249,5.832440884820124
201800056316,NonLethal,2018-08-18,17:00:00,Daylight,973,307,Yes,NoIntersection,Normal,NoCollision,Chemin Morthium,G,48.84287003533161,5.842638249468627
201800056317,NonLethal,2018-08-30,22:25:00,NightNoStreetLight,973,307,No,NoIntersection,Normal,2Vehicles-Behind,départementale n°6,G,47.76990031956385,5.768856586239129
201800056319,NonLethal,2018-09-07,19:20:00,NightStreelightsOn,973,307,Yes,NoIntersection,Normal,2Vehicles-Behind,Rue Georges Palmot,G,48.85243166853528,5.849664831054356
201800056320,NonLethal,2018-09-23,06:30:00,TwilightOrDawn,973,307,Yes,T-type,Normal,Other,Croisement Rue Débote et,G,48.886461597193446,5.887290727185258
201800056321,NonLethal,2018-10-04,13:40:00,Daylight,973,307,No,NoIntersection,Normal,2Vehicles-Side,D25 Ex N4,G,48.83731157708396,5.83657335859182
201800056322,NonLethal,2018-05-10,17:40:00,Daylight,973,307,Yes,T-type,Normal,2Vehicles-BehindVehicles-Frontal,route nationale 2,G,48.8321767347103,5.832836308523795
201800056323,NonLethal,2018-07-10,04:45:00,NightNoStreetLight,973,307,No,NoIntersection,Normal,NoCollision,Nationale 2,G,48.80871920387539,5.808516126240095
201800056324,NonLethal,2018-10-23,17:45:00,Daylight,973,307,Yes,NoIntersection,Normal,2Vehicles-BehindVehicles-Frontal,Rue Arouman - Cogneau La,G,48.88207039448219,5.884455722648975
201800056326,NonLethal,2018-11-13,16:55:00,Daylight,973,307,No,NoIntersection,Normal,2Vehicles-Side,Pk 7 route nationale 1,G,48.89100321941527,5.892305238888391
201800056327,Lethal,2018-11-23,19:00:00,NightNoStreetLight,973,307,No,NoIntersection,Normal,Other,CHEMIN DE STOUPAN,G,47.77966913017482,5.779109392086537
201800056328,NonLethal,2018-04-12,15:30:00,Daylight,973,307,No,NoIntersection,Normal,2Vehicles-Side,RD25(exRN 4 PK 9),G,48.861245746362265,5.859541276796039
201800056329,NonLethal,2018-12-23,19:30:00,NightStreelightsOn,973,307,Yes,NoIntersection,Normal,2Vehicles-Behind,Rue de la distillerie -,G,48.83036868464555,5.829888035839934
201800056331,NonLethal,2018-01-11,12:15:00,Daylight,974,415,Yes,Roundabout,HeavyRain,2Vehicles-Side,route D6,R,21.030924537795887,5.03043306033505
201800056333,Lethal,2018-07-07,06:00:00,NightStreelightsOn,974,415,Yes,NoIntersection,Normal,Other,Rue Barquisseau,R,21.042390337454503,5.044352231630167
201800056334,NonLethal,2018-07-29,11:50:00,Daylight,974,415,No,NoIntersection,Normal,Other,ligne chereau,R,21.023484533026103,5.025147204291723
201800056335,NonLethal,2018-10-12,04:15:00,NightNoStreetLight,974,415,No,NoIntersection,Normal,2Vehicles-Behind,RN 1 Pk 33 sens St PIERR,R,21.03760716896449,5.040401838292752
201800056336,Lethal,2018-01-04,08:58:00,Daylight,974,415,No,NoIntersection,LightRain,2Vehicles-BehindVehicles-Frontal,Route du théatre,R,21.040797425804143,5.04111775127995
201800056337,Lethal,2018-02-16,14:20:00,Daylight,974,415,No,T-type,Normal,2Vehicles-Side,RN7 intersection route d,R,20.975515417825573,5.975168004122889
201800056338,NonLethal,2018-02-28,09:00:00,Daylight,974,415,Yes,Other,Normal,2Vehicles-Side,boulevard jacob de la ha,R,20.99119489903688,5.99225347591236
201800056340,NonLethal,2018-07-02,15:05:00,Daylight,974,415,Yes,NoIntersection,Normal,Other,Face au n° 1 rue Bernard,R,21.02556210186682,5.025725874225035
201800056341,Lethal,2018-02-14,23:25:00,NightStreelightsOn,974,413,Yes,NoIntersection,Normal,Other,Devant l'hôtel de ville,R,21.162001513302883,5.163494897090769
201800056342,NonLethal,2018-12-02,18:00:00,Daylight,974,413,Yes,X-type,Normal,2Vehicles-Side,rue pierre deguigné,R,21.222754308773027,5.2218764839510605
201800056343,NonLethal,2018-09-06,00:25:00,NightNoStreetLight,974,413,No,NoIntersection,Normal,Other,300 rue Georges Pompidou,R,21.141915380548287,5.142132897293161
201800056345,NonLethal,2018-03-21,07:00:00,Daylight,974,413,Yes,T-type,Normal,2Vehicles-Behind,RD 11 rue du musée,R,21.199769425293315,5.198355021120365
201800056346,NonLethal,2018-03-26,15:30:00,Daylight,974,413,Yes,NoIntersection,Normal,2Vehicles-Side,Intersection CD11 / CD 1,R,21.165186805772237,5.16672072606618
201800056347,NonLethal,2018-04-07,18:00:00,NightStreelightsOn,974,413,Yes,NoIntersection,Normal,NoCollision,Rue du Général Lambert,R,21.18061789874915,5.1807980567771486
201800056348,NonLethal,2018-01-05,12:15:00,Daylight,974,413,Yes,NoIntersection,Normal,Other,103 RD 11,R,21.19923760796292,5.196994253236279
201800056349,NonLethal,2018-05-04,18:30:00,NightNoStreetLight,974,413,No,Other,Normal,2Vehicles-Side,101 RN1A - Rav la Veuve,R,21.23372981692818,5.234007056585536
201800056351,NonLethal,2018-07-17,09:10:00,Daylight,974,413,Yes,NoIntersection,Normal,Other,4 rue Adrien Lagourgue,R,21.21571290032202,5.213649167704703
201800056352,NonLethal,2018-03-08,10:15:00,Daylight,974,413,No,NoIntersection,Normal,2Vehicles-Behind,RN1 A - Le Souffleur,R,21.225650295031485,5.227243094387898
201800056353,Lethal,2018-09-25,16:15:00,Daylight,974,413,No,NoIntersection,Normal,2Vehicles-Side,CD 3 - PK 129 + 600 - RA,R,21.1668038044187,5.164603395663988
201800056355,NonLethal,2018-11-30,18:45:00,TwilightOrDawn,974,413,Yes,NoIntersection,Normal,NoCollision,17 chemin Paul et Pierre,R,21.191907350798328,5.191808375740528
201800056357,NonLethal,2018-09-12,03:30:00,NightNoStreetLight,974,413,No,NoIntersection,Normal,Other,RN1,R,21.229226772185022,5.228883832112424
201800056358,Lethal,2018-12-16,01:35:00,NightStreelightsOff,974,413,Yes,NoIntersection,Normal,Other,132 rue du général lambe,R,21.170780681380084,5.169854345801388
201800056359,Lethal,2018-09-14,13:40:00,Daylight,973,306,No,NoIntersection,Normal,2Vehicles-BehindVehicles-Frontal,RN1 - PR 205+130,G,54.40936559562059,5.410908437533393
201800056361,NonLethal,2018-03-26,12:05:00,Daylight,971,109,Yes,T-type,Normal,2Vehicles-Side,RN1,A,15.995647610278311,6.995392070030369
201800056362,NonLethal,2018-05-30,16:15:00,Daylight,971,109,No,NoIntersection,Normal,2Vehicles-BehindVehicles-Frontal,RN 01 - lieu dit DOS D'A,A,15.984584096710288,6.983757709633806
201800056363,NonLethal,2018-05-06,16:41:00,Daylight,971,109,No,NoIntersection,VeryGood,NoCollision,RN1 Section SAINT CHARLE,A,16.001018180370544,6.00055062144695
201800056364,NonLethal,2018-10-27,09:20:00,Daylight,971,109,No,NoIntersection,Normal,2Vehicles-BehindVehicles-Frontal,D6 RIVIÈRE SENS,A,15.960958848992158,6.961056994673435
201800056366,NonLethal,2018-11-23,17:05:00,Daylight,971,109,Yes,NoIntersection,Normal,2Vehicles-BehindVehicles-Frontal,"rue mome cadet, champs",A,15.982932164887876,6.981701009267319
201800056367,Lethal,2018-01-01,07:10:00,Daylight,974,414,Yes,NoIntersection,Normal,2Vehicles-BehindVehicles-Frontal,Rue Verval,R,21.272318635444837,5.272424004090173
201800056368,NonLethal,2018-02-02,08:00:00,Daylight,974,414,Yes,T-type,VeryGood,Other,rue du cimetière,R,21.26617321160475,5.266525895835666
201800056369,NonLethal,2018-07-03,19:10:00,NightStreelightsOn,974,414,Yes,Roundabout,Normal,3+Vehicles-Multiple,CD20,R,21.280162792703905,5.277403293416554
201800056371,NonLethal,2018-04-17,19:20:00,NightStreelightsOn,974,414,Yes,X-type,LightRain,2Vehicles-Side,Chemin Kerveguen,R,21.282840347030326,5.285076078848093
201800056372,NonLethal,2018-04-19,17:20:00,Daylight,974,414,Yes,NoIntersection,Normal,2Vehicles-Side,29 Rue Georges Paulin,R,21.26655752081053,5.265747643515264
201800056374,NonLethal,2018-08-05,13:30:00,Daylight,974,414,No,NoIntersection,Normal,NoCollision,Route Nationale 2001,R,21.274759938051016,5.275496539956458
201800056375,NonLethal,2018-08-06,12:00:00,Daylight,974,414,Yes,NoIntersection,Normal,Other,119 rue du Dr Schweitzer,R,21.270002224524863,5.269474502497157
201800056376,NonLethal,2018-07-07,19:30:00,TwilightOrDawn,974,414,Yes,NoIntersection,Normal,NoCollision,Rue Auguste larre,R,21.280177110320608,5.280149843142909
201800056377,NonLethal,2018-09-08,14:20:00,Daylight,974,414,No,NoIntersection,Normal,2Vehicles-Behind,Route nationale 1,R,21.28262224953891,5.281132378765635
201800056378,NonLethal,2018-08-10,14:55:00,Daylight,974,414,Yes,Other,Normal,Other,3 rue des jamblons,R,21.278195399212077,5.277312400922516
201800056379,NonLethal,2018-08-16,07:45:00,Daylight,974,414,Yes,NoIntersection,Normal,Other,96 rue Leconte de Lisle,R,21.27194376681433,5.270248244861009
201800056382,NonLethal,2018-10-07,09:30:00,Daylight,974,414,Yes,NoIntersection,Normal,Other,Rue du Verval,R,21.272690567859254,5.273312765146629
201800056383,Lethal,2018-10-10,15:25:00,Daylight,974,414,Yes,X-type,Normal,2Vehicles-Side,Inter rue de Chine/Av,R,21.28825861384826,5.290668388804572
201800056384,NonLethal,2018-10-15,23:45:00,NightNoStreetLight,974,414,Yes,X-type,Normal,2Vehicles-Side,inter RN5 - Ch Purisies,R,21.281585886885065,5.282728751504305
201800056385,NonLethal,2018-02-12,19:00:00,TwilightOrDawn,974,414,Yes,NoIntersection,Normal,Other,62 rue Julius Bassonvill,R,21.28646899478271,5.288618126583413
201800056386,Lethal,2018-12-15,16:00:00,Daylight,974,414,Yes,T-type,Normal,Other,rue calmette et guerin,R,21.260401975241784,5.259398900446799
201800056387,NonLethal,2018-12-17,17:00:00,Daylight,974,414,Yes,NoIntersection,Normal,2Vehicles-BehindVehicles-Frontal,Chemin La Ouette,R,21.27221196461872,5.271879915683136
201800056388,NonLethal,2018-04-01,13:15:00,Daylight,974,410,Yes,NoIntersection,LightRain,2Vehicles-Side,rue Sarda Gariga,R,21.08022894007646,5.079772932470468
201800056389,NonLethal,2018-02-13,16:15:00,Daylight,974,410,No,T-type,Normal,2Vehicles-Side,RN2 - Beaufonds,R,21.05564483514808,5.0529138318475
201800056390,NonLethal,2018-03-07,19:00:00,NightStreelightsOn,974,410,Yes,T-type,Normal,Other,ROUTE NATIONALE 2,R,21.0798777901485,5.0817219885701626
201800056391,NonLethal,2018-03-14,19:10:00,NightStreelightsOn,974,410,Yes,T-type,LightRain,Other,Rue Lucien Duchemann,R,21.03904508404532,5.037912377035127
201800056392,NonLethal,2018-07-27,23:45:00,NightNoStreetLight,974,410,No,NoIntersection,Normal,2Vehicles-Behind,Ravine sèche,R,21.052813035216836,5.053944515407995
201800056393,NonLethal,2018-08-05,15:30:00,Daylight,974,410,Yes,T-type,Normal,2Vehicles-BehindVehicles-Frontal,RD 54,R,21.04758493835073,5.0457528475582425
201800056394,NonLethal,2018-10-16,13:15:00,Daylight,974,410,No,T-type,Normal,2Vehicles-Side,Route Nationale 2,R,21.054057618734795,5.051767041066216
201800056395,Lethal,2018-12-20,02:55:00,NightNoStreetLight,974,410,No,NoIntersection,Normal,Other,RN2,R,21.007375571836075,5.005620750445623
201800056396,Lethal,2018-12-27,15:50:00,Daylight,974,410,No,NoIntersection,LightRain,2Vehicles-BehindVehicles-Frontal,"RN2, PK 45 +700",R,21.08011442444315,5.081299334225272
201800056397,NonLethal,2018-12-28,21:45:00,NightNoStreetLight,974,410,Yes,NoIntersection,Normal,NoCollision,393 les orangers,R,21.111315856881863,5.114350340532943
201800056398,NonLethal,2018-01-05,13:50:00,Daylight,972,205,Yes,NoIntersection,Normal,2Vehicles-BehindVehicles-Frontal,route nationale 2,A,,
201800056399,NonLethal,2018-07-16,19:40:00,NightNoStreetLight,972,234,Yes,NoIntersection,Normal,2Vehicles-BehindVehicles-Frontal,RN2,A,14.668341571242236,6.666406526135957
201800056402,NonLethal,2018-08-27,18:40:00,NightNoStreetLight,972,205,Yes,Other,LightRain,2Vehicles-Side,intersection RN2 - voie,A,14.642531958032052,6.642170822605484
201800056403,NonLethal,2018-08-27,07:45:00,Daylight,972,205,Yes,NoIntersection,LightRain,2Vehicles-Side,RN2 le bourg,A,14.6445750490498,6.643115609520028
201800056407,NonLethal,2018-02-19,07:45:00,Daylight,972,225,Yes,Other,Normal,2Vehicles-Side,Rue de la Savane du Fort,A,14.747594713041348,6.748464794854538
201800056408,Lethal,2018-03-11,06:00:00,NightNoStreetLight,972,208,No,NoIntersection,Normal,NoCollision,quartier rivière Mahault,A,14.744113708800445,6.745326323343381
201800056409,NonLethal,2018-03-12,01:15:00,NightNoStreetLight,972,204,No,NoIntersection,Normal,Other,Route nationale 02,A,14.696375700084989,6.696810523418425
201800056410,NonLethal,2018-05-21,19:10:00,NightStreelightsOff,972,204,Yes,T-type,Normal,2Vehicles-Side,RN2,A,14.707221566732526,6.707465251642168
201800056411,NonLethal,2018-03-06,03:45:00,NightStreelightsOn,972,218,Yes,NoIntersection,Normal,Other,Rue Edgar NESTORET,A,14.77594858221401,6.775423181627444
201800056412,Lethal,2018-08-12,04:00:00,Daylight,972,225,No,NoIntersection,Normal,Other,Quartier Fond Canonville,A,14.766436353735571,6.7682731551449535
201800056413,NonLethal,2018-08-02,18:15:00,Daylight,972,225,Yes,NoIntersection,Normal,2Vehicles-Behind,D10,A,14.76271274381877,6.763653332268447
201800056414,NonLethal,2018-12-15,23:15:00,NightNoStreetLight,972,204,No,NoIntersection,Normal,2Vehicles-BehindVehicles-Frontal,rd 20,A,14.705558658611189,6.707995778080193
201800056415,NonLethal,2018-12-21,19:25:00,NightStreelightsOn,972,225,Yes,NoIntersection,Normal,2Vehicles-Behind,rue bouille,A,14.743161708424934,6.745392922997003
201800056416,NonLethal,2018-01-02,18:59:00,NightNoStreetLight,972,227,No,X-type,Normal,2Vehicles-BehindVehicles-Frontal,D7 . pk 38+300,A,14.47187122564221,6.469297643081068
201800056419,NonLethal,2018-02-13,00:10:00,NightNoStreetLight,972,227,No,NoIntersection,LightRain,Other,N5,A,14.470135729625058,6.468419646716696
201800056421,NonLethal,2018-07-25,15:30:00,Daylight,972,217,No,NoIntersection,Normal,2Vehicles-BehindVehicles-Frontal,Morne Courbaril,A,14.494865773181814,6.49334499595454
201800056423,NonLethal,2018-08-19,21:40:00,NightNoStreetLight,972,226,No,NoIntersection,Normal,Other,RD 9,A,14.455438222084624,6.455288546668279
201800056426,NonLethal,2018-10-07,00:30:00,NightStreelightsOff,972,227,No,NoIntersection,Normal,Other,RD7 - Quartier Fardin,A,14.46951165169197,6.46883253515333
201800056428,NonLethal,2018-10-12,21:00:00,NightStreelightsOff,972,227,No,NoIntersection,Normal,2Vehicles-BehindVehicles-Frontal,Gros Raisin - RN5,A,14.46774262125541,6.467740059554088
201800056429,NonLethal,2018-10-26,05:30:00,TwilightOrDawn,972,217,No,NoIntersection,Normal,Other,quartier morne courbaril,A,14.493544283966528,6.492268869285629
201800056431,NonLethal,2018-11-21,18:45:00,NightNoStreetLight,972,217,No,NoIntersection,Normal,Other,Habitation la Duprey,A,14.460482195830055,6.46113088674266
201800056432,NonLethal,2018-11-29,08:30:00,Daylight,972,220,Yes,NoIntersection,Normal,Other,cité marikou 1,A,14.480381175177856,6.479840398788066
201800056433,NonLethal,2018-12-19,20:25:00,NightStreelightsOn,972,220,Yes,NoIntersection,Normal,2Vehicles-BehindVehicles-Frontal,CD 18A,A,14.486687575454487,6.485503498568053
201800056436,Lethal,2018-01-27,20:00:00,NightNoStreetLight,972,232,No,NoIntersection,Normal,Other,La Carrière,A,14.512920006159394,6.511138398471853
201800056437,NonLethal,2018-03-23,20:10:00,NightNoStreetLight,972,232,No,NoIntersection,Normal,NoCollision,ROUTE NATIONALE 6 - PETI,A,14.559741656569448,6.559610380485506
201800056439,NonLethal,2018-05-20,01:15:00,NightNoStreetLight,972,210,No,NoIntersection,Overcast,2Vehicles-Side,N6,A,,
201800056440,Lethal,2018-01-07,22:45:00,NightNoStreetLight,972,232,No,NoIntersection,Normal,NoCollision,Départementale 5,A,14.540058784366966,6.5433336248539
201800056441,NonLethal,2018-08-14,15:45:00,Daylight,972,210,No,NoIntersection,Normal,2Vehicles-BehindVehicles-Frontal,route nationale 6 - dost,A,14.593178546742935,6.595107823067044
201800056442,NonLethal,2018-09-01,05:45:00,Daylight,972,210,No,NoIntersection,Normal,2Vehicles-BehindVehicles-Frontal,Départementale N°6 -rivi,A,14.597231265423025,6.596194997207099
201800056443,NonLethal,2018-09-02,00:25:00,NightNoStreetLight,972,210,No,NoIntersection,HeavyRain,2Vehicles-BehindVehicles-Frontal,RN6,A,14.578705548362011,6.5783435098007095
201800056444,NonLethal,2018-09-29,03:30:00,NightNoStreetLight,972,210,No,NoIntersection,Normal,NoCollision,RN 6,A,14.613336581296572,6.614278431681188
201800056446,NonLethal,2018-12-24,08:15:00,Daylight,972,232,Yes,NoIntersection,Overcast,Other,D5,A,14.542802800148143,6.545841934749597
201800056447,NonLethal,2018-12-24,21:55:00,NightNoStreetLight,972,210,No,NoIntersection,Normal,2Vehicles-BehindVehicles-Frontal,Réunion sud,A,14.608355290367616,6.609356963923881
201800056448,NonLethal,2018-01-10,18:10:00,NightNoStreetLight,972,221,Yes,NoIntersection,LightRain,Other,rue de la liberté,A,14.547528176193882,6.5489621945270455
201800056449,NonLethal,2018-02-04,10:50:00,Daylight,972,221,No,Y-type,Normal,2Vehicles-BehindVehicles-Frontal,Chemin Remy Minot- FOND,A,14.53808425715762,6.538394469612591
201800056450,NonLethal,2018-04-03,23:00:00,NightNoStreetLight,972,206,No,NoIntersection,Normal,2Vehicles-BehindVehicles-Frontal,rd7 route du diamant dir,A,14.495462128342991,6.493926450336836
201800056451,Lethal,2018-04-28,06:55:00,Daylight,972,231,No,NoIntersection,Normal,2Vehicles-Behind,lieu dit CHATEAU GAILLAR,A,14.528159475523973,6.527124979250568
201800056453,NonLethal,2018-02-06,17:25:00,Daylight,972,231,No,NoIntersection,Normal,2Vehicles-BehindVehicles-Frontal,ROUTE DE L'ANSE A L'ANE,A,14.535018340277912,6.534584972444154
201800056454,NonLethal,2018-05-26,08:50:00,Daylight,972,231,Yes,NoIntersection,Normal,2Vehicles-Side,D7,A,14.536886896488165,6.537689406333729
201800056455,NonLethal,2018-06-10,18:00:00,Daylight,972,221,No,NoIntersection,Normal,2Vehicles-BehindVehicles-Frontal,RD 8,A,14.516837730089692,6.516169812589487
201800056456,NonLethal,2018-03-07,17:45:00,Daylight,972,206,No,T-type,Normal,2Vehicles-Behind,MORNE BLANC,A,14.492202655939398,6.4912044676865
201800056457,NonLethal,2018-10-07,11:30:00,Daylight,972,221,No,T-type,Normal,2Vehicles-Behind,Quartier Ti Coin - Tchol,A,14.508790963619225,6.509471584775616
201800056459,NonLethal,2018-08-11,23:57:00,NightStreelightsOn,972,231,Yes,T-type,Normal,2Vehicles-Side,rue des anthuriums,A,14.549864090563636,6.551190491617976
201800056462,NonLethal,2018-09-05,16:15:00,Daylight,972,231,No,NoIntersection,VeryGood,3+Vehicles-Multiple,D7,A,14.536439689256095,6.534492529479628
201800056465,NonLethal,2018-11-27,09:20:00,Daylight,972,231,Yes,NoIntersection,Normal,2Vehicles-Side,RUE CARET,A,14.532807537235453,6.5343382191891495
201800056466,NonLethal,2018-12-14,23:30:00,NightNoStreetLight,972,206,No,NoIntersection,Overcast,2Vehicles-BehindVehicles-Frontal,RD7 en direction du coll,A,14.489368765964995,6.488941445576537
201800056467,NonLethal,2018-12-17,05:05:00,NightNoStreetLight,972,221,No,NoIntersection,Normal,Other,rd7 face à l'habitation,A,14.527968495609354,6.527795722176084
201800056468,Lethal,2018-09-04,19:50:00,NightNoStreetLight,972,207,No,NoIntersection,Normal,Other,route nationale 06,A,14.601572115253052,6.597724218134138
201800056469,NonLethal,2018-04-14,05:00:00,TwilightOrDawn,972,207,Yes,NoIntersection,Normal,2Vehicles-BehindVehicles-Frontal,QUARTIER LOURDES,A,14.57165672518084,6.573646067352479