AccidentId,Gravity,Date,Hour,Light,Department,Commune,InAgglomeration,IntersectionType,Weather,CollisionType,PostalAddress,GPSCode,Latitude,Longitude
201800056470,Lethal,2018-04-16,20:00:00,NightNoStreetLight,972,207,Yes,NoIntersection,HeavyRain,Other,route du bac,A,14.579310030067434,6.580491660463901
201800056471,Lethal,2018-04-21,23:00:00,NightNoStreetLight,972,207,Yes,NoIntersection,Normal,Other,quartier Bois Rouge,A,14.598786615560796,6.598195888421082
201800056472,NonLethal,2018-06-15,11:20:00,Daylight,972,207,No,NoIntersection,Normal,2Vehicles-Side,RN6 CROIX RIVAIL,A,14.600720930526755,6.6011559638022215
201800056473,NonLethal,2018-10-13,12:40:00,Daylight,972,207,No,NoIntersection,Normal,Other,D6 route de petit bourg,A,14.553714857962742,6.552628496923221
201800056475,NonLethal,2018-11-30,22:30:00,NightStreelightsOn,972,207,Yes,NoIntersection,Normal,Other,Quartier Lourdes,A,14.572312774284864,6.573230707047311
201800056476,NonLethal,2018-12-13,17:05:00,Daylight,972,207,Yes,Roundabout,Normal,NoCollision,rond point de champigny,A,14.57582374219129,6.5760488622453055
201800056477,NonLethal,2018-05-27,00:01:00,NightNoStreetLight,972,203,No,NoIntersection,Other,Other,RN1,A,14.847193305264463,6.845958069220088
201800056478,NonLethal,2018-08-05,20:00:00,NightNoStreetLight,972,214,Yes,NoIntersection,LightRain,NoCollision,le plateau MORNE CAPOT,A,14.821536048122834,6.820581261449092
201800056479,NonLethal,2018-09-28,05:00:00,NightNoStreetLight,972,203,No,NoIntersection,LightRain,Other,chalvet,A,14.853921829641722,6.854249675070968
201800056480,NonLethal,2018-12-14,17:30:00,TwilightOrDawn,972,216,No,NoIntersection,Normal,2Vehicles-BehindVehicles-Frontal,RN 1,A,14.814661675031685,6.813869653670942
201800056481,NonLethal,2018-02-02,21:40:00,NightNoStreetLight,972,222,No,NoIntersection,Normal,2Vehicles-BehindVehicles-Frontal,Route nationale 1 quarti,A,14.665910297079884,6.666851707060624
201800056482,Lethal,2018-04-08,15:00:00,Daylight,972,212,No,NoIntersection,FogOrSmoke,Other,route de la trace,A,14.729219132789764,6.730455314440738
201800056484,NonLethal,2018-08-26,00:05:00,NightStreelightsOn,972,212,No,NoIntersection,Normal,2Vehicles-BehindVehicles-Frontal,CD1,A,14.707015522814965,6.707355718455937
201800056486,NonLethal,2018-09-12,15:18:00,Daylight,972,222,Yes,Roundabout,HeavyRain,NoCollision,RN l - Rond point de mac,A,14.674220077309782,6.677190270413304
201800056488,NonLethal,2018-10-26,19:10:00,NightStreelightsOff,972,222,Yes,NoIntersection,Normal,2Vehicles-Side,route de pontaléry,A,14.671906353224406,6.673071295604169
201800056489,NonLethal,2018-10-31,08:00:00,Daylight,972,212,No,NoIntersection,Normal,Other,Dessien,A,14.70131378516978,6.701493826835184
201800056490,NonLethal,2018-12-16,14:50:00,Daylight,972,222,Yes,T-type,Normal,2Vehicles-Side,Intersection Route de po,A,14.680274581375953,6.681022857709711
201800056492,Lethal,2018-03-04,15:45:00,Daylight,974,404,No,NoIntersection,LightRain,2Vehicles-Side,RN1,R,21.281610795325165,5.279901106187071
201800056493,NonLethal,2018-07-13,08:30:00,Daylight,974,404,Yes,NoIntersection,Normal,2Vehicles-BehindVehicles-Frontal,RUE DU PÈRE VAN BERLOT,R,21.2654114361712,5.267683604902338
201800056494,NonLethal,2018-09-18,18:50:00,NightStreelightsOff,974,404,Yes,NoIntersection,Normal,Other,2 rue de la laïcité,R,21.27170414504455,5.271745799021195
201800056495,NonLethal,2018-10-15,06:15:00,Daylight,974,401,No,NoIntersection,Normal,NoCollision,Chemin Pavé,R,21.247607894968205,5.246272976924823
201800056496,NonLethal,2018-10-21,16:50:00,Daylight,974,404,No,NoIntersection,Normal,Other,"RD 17, PK 0+250",R,21.26159557389581,5.261134563397725
201800056498,NonLethal,2018-07-03,09:15:00,Daylight,974,405,No,NoIntersection,StrongWindOrStorm,2Vehicles-BehindVehicles-Frontal,Rue Maxime Payet - RN 2,R,21.36899044329538,5.367789733806242
201800056499,NonLethal,2018-03-14,13:10:00,Daylight,974,412,Yes,Y-type,LightRain,2Vehicles-BehindVehicles-Frontal,rue marcel pagnol,R,21.370219871307693,5.371231019637317
201800056500,NonLethal,2018-03-31,16:40:00,Daylight,974,405,Yes,NoIntersection,Normal,2Vehicles-Behind,rue maxime payet,R,21.36823169924769,5.367604937010865
201800056501,NonLethal,2018-04-02,08:00:00,Daylight,974,412,Yes,NoIntersection,Normal,2Vehicles-BehindVehicles-Frontal,Rue Leconte DELISLE,R,21.372498395831883,5.3723374564880135
201800056502,NonLethal,2018-07-04,14:20:00,Daylight,974,412,Yes,NoIntersection,Normal,2Vehicles-BehindVehicles-Frontal,Rue Marcel Pagnol,R,21.375801916536364,5.378731540649596
201800056503,NonLethal,2018-06-21,19:00:00,NightNoStreetLight,974,405,No,NoIntersection,LightRain,2Vehicles-BehindVehicles-Frontal,Route Nationale 2,R,21.367394776036758,5.366432556695864
201800056504,NonLethal,2018-07-08,14:35:00,Daylight,974,412,Yes,NoIntersection,Normal,Other,66 rue Petite Plaine,R,21.330987605965028,5.332764101035483
201800056506,NonLethal,2018-06-08,16:15:00,Daylight,974,412,No,NoIntersection,Normal,NoCollision,Rue des Papangues,R,21.35385932431116,5.35447961828127
201800056507,NonLethal,2018-08-06,23:20:00,NightNoStreetLight,974,412,No,NoIntersection,Normal,2Vehicles-BehindVehicles-Frontal,rue louis blériot,R,21.374187113528645,5.372221929728745
201800056508,NonLethal,2018-08-17,13:30:00,Daylight,974,412,Yes,NoIntersection,Normal,Other,199 rue raphael BABET,R,21.37552403574113,5.376601099751437
201800056509,NonLethal,2018-08-28,05:45:00,TwilightOrDawn,974,405,Yes,X-type,Normal,2Vehicles-Side,Rue Mahé Labourdonnais,R,21.35630463499196,5.354143241312869
201800056510,NonLethal,2018-09-16,16:50:00,Daylight,974,412,Yes,NoIntersection,Normal,Other,Rue Eugène Michel,R,21.37567981544836,5.375903812871568
201800056511,NonLethal,2018-07-10,08:30:00,Daylight,974,412,Yes,NoIntersection,Normal,Other,Rue Jean de Cambiaire,R,21.360738177820668,5.359395854216583
201800056512,NonLethal,2018-10-27,10:00:00,Daylight,974,412,Yes,NoIntersection,Normal,2Vehicles-BehindVehicles-Frontal,RN2 - Langevin,R,21.38141242037093,5.382466088360407
201800056513,NonLethal,2018-06-11,07:15:00,Daylight,974,405,Yes,NoIntersection,Normal,Other,Rue Mahé Labourdonnais,R,21.352286897535205,5.353034380879968
201800056514,NonLethal,2018-11-11,20:20:00,NightStreelightsOn,974,412,Yes,NoIntersection,Normal,3+Vehicles-Multiple,420 rue La croix Jubilé,R,21.379687043145548,5.379845552427461
201800056515,NonLethal,2018-12-02,01:25:00,NightStreelightsOff,974,412,Yes,NoIntersection,Normal,Other,11 RUE POMPIDOU,R,21.37363289785756,5.370330098701545
201800056517,NonLethal,2018-02-14,19:00:00,NightNoStreetLight,974,422,Yes,NoIntersection,LightRain,NoCollision,15 chemin du Petit tampo,R,21.282276648959204,5.284198038639522
201800056519,NonLethal,2018-04-30,07:30:00,Daylight,974,422,Yes,NoIntersection,Normal,2Vehicles-Side,Rue Roland Garros,R,21.27660403534244,5.27652868076713
201800056520,NonLethal,2018-02-05,17:00:00,Daylight,974,422,No,T-type,Normal,2Vehicles-Side,Impasse Georges Simenon,R,21.281253789329888,5.281051740582472
201800056521,NonLethal,2018-05-25,10:00:00,Daylight,974,422,Yes,NoIntersection,Normal,NoCollision,Chemin de la Chapelle,R,21.28018923860372,5.281297823618285
201800056522,NonLethal,2018-06-08,11:45:00,Daylight,974,422,Yes,Other,Normal,2Vehicles-Side,70 rue Marius et Ary Leb,R,21.283832149921693,5.282045454705127
201800056524,NonLethal,2018-02-07,19:00:00,NightNoStreetLight,974,422,Yes,NoIntersection,Normal,NoCollision,Rue Emile Zola,R,21.24111534462486,5.24097188231404
201800056525,NonLethal,2018-11-07,18:15:00,NightNoStreetLight,974,422,Yes,X-type,Normal,2Vehicles-Side,Rue du Général de Gaulle,R,21.263124335392916,5.263326264709643
201800056526,NonLethal,2018-07-29,10:00:00,Daylight,974,422,Yes,NoIntersection,Normal,Other,159 avenue de l'Europe,R,21.27659662889075,5.276036536349916
201800056527,NonLethal,2018-09-08,23:45:00,NightStreelightsOn,974,422,Yes,NoIntersection,Normal,Other,Rue Charles Baudelaire,R,21.2527539639885,5.252789844439778
201800056528,NonLethal,2018-08-18,21:10:00,NightStreelightsOn,974,422,No,NoIntersection,Normal,Other,Rue des POINSETIAS RN3,R,21.249262342780757,5.248122281842638
201800056529,NonLethal,2018-08-23,07:40:00,Daylight,974,422,Yes,NoIntersection,Normal,2Vehicles-Side,Chemin neuf,R,21.241168316261557,5.242033410495013
201800056530,NonLethal,2018-08-28,13:30:00,Daylight,974,422,Yes,T-type,Normal,Other,275 rue Hubert Delisle,R,21.276028185416862,5.280424705630471
201800056531,NonLethal,2018-01-09,19:25:00,NightNoStreetLight,974,422,No,NoIntersection,Normal,2Vehicles-Side,429 rue hubert delisle,R,21.27849711268977,5.279471681300772
201800056533,NonLethal,2018-09-16,19:30:00,NightNoStreetLight,974,422,No,NoIntersection,Normal,2Vehicles-BehindVehicles-Frontal,Route Nationale 3,R,21.23661672225715,5.235081584078154
201800056534,NonLethal,2018-09-22,21:00:00,NightNoStreetLight,974,422,Yes,NoIntersection,Normal,2Vehicles-BehindVehicles-Frontal,132 chemin des géraniums,R,21.246238493893337,5.247350650536489
201800056535,NonLethal,2018-09-24,13:45:00,Daylight,974,422,Yes,NoIntersection,Normal,2Vehicles-Side,182 rue Marius et Ary LE,R,21.281836610892256,5.279631391364916
201800056536,NonLethal,2018-02-11,09:00:00,Daylight,974,422,Yes,T-type,Normal,2Vehicles-Side,Intersection rue du Géné,R,21.27877891200985,5.276239226121533
201800056537,NonLethal,2018-12-14,15:45:00,Daylight,974,422,Yes,T-type,VeryGood,2Vehicles-Side,Rue des flamboyants,R,21.282702371602387,5.282612709153949
201800056538,NonLethal,2018-12-21,18:00:00,Daylight,974,422,Yes,NoIntersection,Normal,Other,277 rue Hubert Delisle,R,21.27708166746622,5.278191030308408
201800056539,Lethal,2018-07-03,17:10:00,Daylight,973,353,Yes,Other,Normal,2Vehicles-BehindVehicles-Frontal,route Abdalah,G,36.64282035318699,5.642368224015278
201800056540,NonLethal,2018-01-11,15:40:00,Daylight,971,105,Yes,Y-type,Normal,Other,"69, PERE LABAT (RUE DU)",A,16.000926633884333,6.999835285414525
201800056541,NonLethal,2018-01-17,18:10:00,TwilightOrDawn,971,105,Yes,Y-type,Normal,2Vehicles-Side,"NR, LARDENOY (RUE DE )",A,15.990233889176194,6.989897335981202
201800056542,NonLethal,2018-02-17,22:00:00,NightNoStreetLight,971,105,Yes,Y-type,Normal,2Vehicles-Side,VICTOR HUGUES (RUE),A,,
201800056543,NonLethal,2018-02-25,11:08:00,Daylight,971,105,Yes,NoIntersection,Normal,2Vehicles-Side,"0, BOLOGNE (ROUTE DE)",A,16.00561722029041,6.005751044739024
201800056544,NonLethal,2018-04-05,11:00:00,Daylight,971,105,Yes,T-type,Normal,2Vehicles-Side,GOUVERNEUR DU LYON (AVE),A,16.038713052400148,6.039767371550735
201800056545,NonLethal,2018-08-23,13:40:00,Daylight,971,105,Yes,Other,Normal,2Vehicles-BehindVehicles-Frontal,GASTON FEUILLARD(AVENUE),A,15.997807286662308,5.998767373510308
201800056548,NonLethal,2018-09-11,08:30:00,Daylight,971,105,Yes,T-type,HeavyRain,2Vehicles-Side,CHARLES DE GAULLE (BD DU,A,15.99561073046755,6.994806802315461
201800056549,NonLethal,2018-11-14,18:06:00,NightStreelightsOn,971,105,Yes,NoIntersection,Normal,Other,FELIX EBOUE (BOULVARD G.,A,15.99388674232223,6.994149349773721
201800056550,NonLethal,2018-11-16,19:00:00,NightStreelightsOn,971,105,Yes,NoIntersection,Normal,Other,CHARLES DE GAULLE (BD DU,A,15.989986844581388,6.989709934412602
201800056551,NonLethal,2018-12-26,06:10:00,Daylight,971,105,Yes,Other,Normal,Other,SAINT-CLAUDE (AVENUE DE),A,15.999512072858344,6.000426480599248
201800056552,NonLethal,2018-12-24,12:10:00,Daylight,971,105,Yes,NoIntersection,Normal,Other,CHARLES DE GAULLE (BOULE,A,15.99390347242235,6.99333254449583
201800056553,NonLethal,2018-12-28,17:00:00,Daylight,971,105,Yes,Other,HeavyRain,2Vehicles-BehindVehicles-Frontal,GASTON FEUILLARD(AVENUE),A,16.001489254129446,6.003523572078325
201800056554,NonLethal,2018-02-11,04:10:00,NightStreelightsOn,971,107,Yes,NoIntersection,LightRain,NoCollision,GERMAIN ST RUF (AVENUE ),A,16.05029153013265,6.048843529747043
201800056556,NonLethal,2018-05-05,18:50:00,Daylight,971,107,Yes,NoIntersection,Normal,Other,FLAMBOYANTS ( ALLEE DES,A,16.051829225333602,6.053166589965634
201800056557,NonLethal,2018-06-19,06:55:00,Daylight,971,107,Yes,Other,Normal,2Vehicles-Side,GERMAIN ST RUF (AVENUE ),A,16.049603570661716,6.051503001810371
201800056558,NonLethal,2018-05-06,21:10:00,NightStreelightsOn,971,107,Yes,NoIntersection,Normal,2Vehicles-Side,FRONT DE MER ( BOULEVARD,A,16.052919497786565,6.052496125196323
201800056559,NonLethal,2018-08-08,19:16:00,NightStreelightsOn,971,107,Yes,Other,Normal,2Vehicles-Side,CAYENNE ( RUE DE ),A,16.034257357900987,6.037808034904546
201800056560,NonLethal,2018-08-31,10:20:00,Daylight,971,107,Yes,Other,Normal,2Vehicles-Side,GERMAIN ST RUF (AVENUE ),A,16.05077046045577,6.053377387828817
201800056561,NonLethal,2018-09-10,08:55:00,Daylight,971,107,Yes,T-type,Normal,2Vehicles-Side,FLAMBOYANTS ( ALLEE DES,A,16.05123943531674,6.050698533356004
201800056563,NonLethal,2018-05-11,18:57:00,NightStreelightsOff,971,107,Yes,X-type,HeavyRain,Other,GERARD BAPTISTIDE ( RUE,A,16.051017172289576,6.052784827769285
201800056564,NonLethal,2018-11-20,16:27:00,Daylight,971,107,Yes,Y-type,Normal,2Vehicles-Side,GERMAIN ST RUF (AVENUE ),A,16.053008670954057,6.053439518538875
201800056566,NonLethal,2018-11-21,15:25:00,Daylight,971,107,Yes,NoIntersection,Normal,Other,DELGRES ( BOULEVARD ),A,,
201800056567,NonLethal,2018-01-01,02:50:00,NightStreelightsOn,971,113,Yes,NoIntersection,Normal,2Vehicles-BehindVehicles-Frontal,"2577, SECTION GRANDE RAV",A,16.218462589179367,6.217585766197103
201800056568,NonLethal,2018-01-20,10:00:00,Daylight,971,113,No,NoIntersection,Normal,2Vehicles-Behind,RN4  SECTION RIVIERA,A,16.218651621411354,6.218863469947501
201800056569,NonLethal,2018-01-19,16:00:00,Daylight,971,101,Yes,X-type,Normal,2Vehicles-Side,"126, MAIRIE",A,16.268286233966183,6.267816310194228
201800056570,NonLethal,2018-01-26,14:00:00,Daylight,971,113,No,NoIntersection,Normal,2Vehicles-Side,"4, RN4 - SECTION RIVIERA",A,,
201800056571,NonLethal,2018-01-30,15:20:00,Daylight,971,113,No,NoIntersection,Normal,2Vehicles-BehindVehicles-Frontal,"00, BELLE-PLAINE (ROUTE",A,,
201800056574,NonLethal,2018-02-05,15:00:00,Daylight,971,113,No,NoIntersection,Normal,2Vehicles-Side,"4, RN4 - SECTION RIVIERA",A,16.217730283895165,6.217474163106678
201800056575,Lethal,2018-04-02,05:30:00,NightNoStreetLight,971,113,No,NoIntersection,Normal,2Vehicles-BehindVehicles-Frontal,"4, RN4-ROND POINT SAINT",A,16.20779848324488,6.208697787561628
201800056576,NonLethal,2018-09-02,17:40:00,TwilightOrDawn,971,120,Yes,NoIntersection,Normal,Other,"87, NOZIERES",A,16.24000297571412,6.240188614194447
201800056577,NonLethal,2018-05-02,08:05:00,Daylight,971,101,Yes,NoIntersection,Normal,2Vehicles-Side,"129, PETIT PEROU",A,16.254015998931642,6.254751172240282
201800056578,NonLethal,2018-02-23,11:30:00,Daylight,971,113,Yes,NoIntersection,Overcast,Other,"14, GENERAL DE GAULLE (A",A,16.206289973808328,6.203379930069313
201800056580,NonLethal,2018-03-03,00:45:00,NightStreelightsOn,971,113,No,NoIntersection,Normal,3+Vehicles-Multiple,"4, RN4 - SECTION RIVIERA",A,16.216754854360808,6.217168319516294
201800056581,NonLethal,2018-04-03,06:00:00,TwilightOrDawn,971,120,Yes,NoIntersection,LightRain,Other,"62, UNIVERSITE FOUILLOLE",A,16.227495256485387,6.226171938057798
201800056582,NonLethal,2018-06-03,18:30:00,NightStreelightsOn,971,101,No,NoIntersection,Normal,2Vehicles-Behind,"129, PETIT PEROU",A,,
201800056583,NonLethal,2018-03-08,04:30:00,NightNoStreetLight,971,101,No,NoIntersection,Other,2Vehicles-Behind,"5, PERRIN (SECTEUR)",A,16.29557411827837,6.295220618314739
201800056584,NonLethal,2018-11-03,15:30:00,Daylight,971,113,No,NoIntersection,Normal,2Vehicles-BehindVehicles-Frontal,"4, RN4-ROND POINT SAINT",A,16.215844224849786,6.215018000811866
201800056585,NonLethal,2018-03-15,10:50:00,Daylight,971,101,No,Y-type,Normal,2Vehicles-Behind,"5, RN5-BOISRIPEAUX",A,,
201800056586,Lethal,2018-03-14,17:13:00,TwilightOrDawn,971,113,No,NoIntersection,Normal,NoCollision,"00, Chemin de la BOUAYE",A,16.235516069478916,6.236063321642616
201800056587,NonLethal,2018-03-16,20:30:00,NightStreelightsOn,971,113,No,T-type,Normal,Other,"4, RN4 - SECTION RIVIERA",A,16.215967116903087,6.215312159334443
201800056589,NonLethal,2018-03-16,12:06:00,Daylight,971,120,Yes,T-type,Normal,Other,"103, HANNE (BOULEVARD)",A,16.24069416274568,6.2381364186635935
201800056591,NonLethal,2018-03-25,03:45:00,NightStreelightsOn,971,113,No,NoIntersection,Normal,2Vehicles-Side,SECTION LEROUX,A,16.236021582188226,6.237836066475994
201800056592,NonLethal,2018-03-28,11:30:00,Daylight,971,113,No,NoIntersection,Normal,2Vehicles-Side,"4, RN4 - SECTION RIVIERA",A,16.21633574603301,6.216843916069745
201800056593,NonLethal,2018-04-01,16:10:00,Daylight,971,113,No,NoIntersection,Normal,2Vehicles-Side,RN4 - SECTION RIVIERA,A,16.21901711665746,6.216940567863607
201800056595,NonLethal,2018-03-31,00:45:00,NightStreelightsOn,971,113,Yes,NoIntersection,Normal,2Vehicles-Side,"00, HOTELS (ROUTE DES)",A,16.200055338062086,6.200760366261066
201800056596,NonLethal,2018-04-09,17:20:00,Daylight,971,113,No,NoIntersection,Normal,2Vehicles-BehindVehicles-Frontal,SECTION GRANDE RAVINE,A,16.203835457650236,6.2056444795370505
201800056597,NonLethal,2018-12-04,12:05:00,Daylight,971,120,Yes,Square,Normal,2Vehicles-Side,MORTENOL,A,16.237960399267514,6.241491586818249
201800056598,NonLethal,2018-04-13,22:50:00,NightStreelightsOn,971,113,No,T-type,Normal,2Vehicles-Side,RN4 - SECTION RIVIERA,A,16.217278856156636,6.217962489534482
201800056599,NonLethal,2018-04-13,21:35:00,NightNoStreetLight,971,101,No,NoIntersection,Normal,Other,RN5-BOISRIPEAUX,A,16.278669339500727,6.278311353950898
201800056600,NonLethal,2018-04-17,15:49:00,Daylight,971,120,Yes,X-type,Normal,2Vehicles-Side,HANNE (BOULEVARD),A,16.241455841735217,6.239508087191032
201800056601,NonLethal,2018-04-26,12:00:00,Daylight,971,113,No,NoIntersection,Normal,3+Vehicles-Multiple,RN4-ROND POINT SAINT FEL,A,16.207032172869905,6.209113076063851
201800056602,NonLethal,2018-04-28,19:20:00,NightNoStreetLight,971,101,No,Y-type,Normal,3+Vehicles-Multiple,DUGAZON,A,16.25821167235556,6.259111675753078
201800056603,NonLethal,2018-05-06,11:10:00,Daylight,971,101,No,NoIntersection,Normal,2Vehicles-Side,RN1 ROCADE DE CHAUVEL,A,16.23750076422177,6.237114995564611
201800056604,NonLethal,2018-05-07,17:30:00,Daylight,971,113,No,X-type,Normal,2Vehicles-Side,RN4 - SECTION RIVIERA,A,16.217443665317756,6.218137912929192
201800056605,NonLethal,2018-07-05,10:35:00,Daylight,971,101,No,NoIntersection,Normal,3+Vehicles-Chain,PETIT PEROU,A,16.251517672032183,6.252345309747087
201800056606,NonLethal,2018-07-05,09:10:00,Daylight,971,113,Yes,NoIntersection,Normal,3+Vehicles-Chain,SECTION GRANDE RAVINE,A,16.216492506974927,6.213893512372261
201800056607,NonLethal,2018-05-11,12:45:00,Daylight,971,101,Yes,NoIntersection,Normal,2Vehicles-BehindVehicles-Frontal,PETIT PEROU,A,16.256232748316897,6.256147177661691
201800056608,NonLethal,2018-05-15,12:15:00,Daylight,971,101,Yes,NoIntersection,Normal,2Vehicles-Side,NEREE,A,16.265098558614625,6.267497603666897
201800056609,NonLethal,2018-05-09,13:42:00,Daylight,971,101,Yes,NoIntersection,Normal,Other,VIEUX BOURG,A,16.25117824720591,6.247869526790258
201800056610,NonLethal,2018-05-15,20:05:00,NightStreelightsOff,971,101,Yes,Other,Normal,Other,CENTRE COMMERCIAL ROCADE,A,16.265042375356295,6.263190172671622
201800056612,NonLethal,2018-05-19,05:00:00,NightStreelightsOn,971,101,No,Other,Normal,2Vehicles-Side,PETIT PEROU,A,16.25492440938662,6.257532387143982
201800056613,NonLethal,2018-05-22,05:30:00,TwilightOrDawn,971,113,No,NoIntersection,Normal,Other,SECTION BELLEVUE,A,,
201800056614,NonLethal,2018-05-22,07:45:00,Daylight,971,101,No,T-type,Normal,2Vehicles-BehindVehicles-Frontal,LOTISSEMENT FARRAUX,A,16.255157073504602,6.254946671269015
201800056615,NonLethal,2018-05-25,14:13:00,Daylight,971,113,No,X-type,Normal,3+Vehicles-Multiple,RN4 - SECTION RIVIERA,A,,
201800056616,NonLethal,2018-05-26,07:40:00,Daylight,971,120,Yes,T-type,Normal,2Vehicles-Side,Amiti des peuples,A,16.245574538472322,6.245840170987848
201800056618,NonLethal,2018-05-25,09:20:00,Daylight,971,101,No,T-type,Normal,2Vehicles-Side,BESSON,A,16.238751278863166,6.238068540372562
201800056619,NonLethal,2018-05-26,15:00:00,Daylight,971,101,No,NoIntersection,Normal,3+Vehicles-Chain,PETIT PEROU,A,16.25433419869558,6.251289429949394
201800056620,NonLethal,2018-05-31,13:00:00,Daylight,971,101,No,NoIntersection,Normal,2Vehicles-Behind,RNO5,A,16.300378125066178,6.300393771855499
201800056621,NonLethal,2018-06-01,20:20:00,NightStreelightsOn,971,101,Yes,NoIntersection,Normal,Other,JEAN  IGNACE (RUE),A,16.26752022244697,6.267716497301051
201800056622,NonLethal,2018-08-06,07:00:00,Daylight,971,101,Yes,NoIntersection,Normal,Other,CENTRE COMMERCIAL ROCADE,A,16.247025689319585,6.247236881631832
201800056623,Lethal,2018-06-10,06:40:00,Daylight,971,120,No,NoIntersection,Normal,2Vehicles-Behind,Secteur Pont de la Gabar,A,16.253270760187696,6.253757403647308
201800056624,NonLethal,2018-06-14,15:55:00,Daylight,971,101,No,NoIntersection,Normal,2Vehicles-Side,RNll,A,16.26312665075388,6.262947291206538
201800056625,NonLethal,2018-06-16,23:37:00,NightStreelightsOn,971,101,No,Other,Normal,NoCollision,PERRIN (SECTEUR),A,,
201800056626,NonLethal,2018-06-18,01:50:00,NightStreelightsOn,971,113,No,Other,LightRain,Other,RN4 - SECTION RIVIERA,A,16.21476787415264,6.212335122225222
201800056627,Lethal,2018-06-25,04:20:00,NightNoStreetLight,971,101,No,NoIntersection,Normal,NoCollision,DESRAVINIERES,A,16.27559092107882,6.276175151316761
201800056628,Lethal,2018-06-26,19:45:00,NightStreelightsOn,971,113,No,NoIntersection,Normal,2Vehicles-Side,RN4-ROND POINT SAINT FEL,A,16.205123754021724,6.2083673708016365
201800056630,NonLethal,2018-06-26,18:50:00,TwilightOrDawn,971,101,No,Other,Normal,Other,PALAIS ROYAL,A,16.29155379197159,6.293602874038258
201800056631,NonLethal,2018-06-29,20:30:00,NightStreelightsOn,971,101,Yes,NoIntersection,Normal,3+Vehicles-Multiple,MORNE VERGAIN,A,16.151403928338322,6.150458402785741
201800056632,NonLethal,2018-07-01,19:03:00,NightStreelightsOn,971,113,No,NoIntersection,LightRain,Other,SECTION PLIANE,A,16.216306479187924,6.216288728109558
201800056633,NonLethal,2018-12-07,07:12:00,Daylight,971,113,No,NoIntersection,Normal,2Vehicles-BehindVehicles-Frontal,SECTION COCOYER,A,16.229880016544577,6.2316429254106
201800056634,NonLethal,2018-07-13,23:15:00,NightNoStreetLight,971,101,Yes,NoIntersection,LightRain,2Vehicles-Behind,CENTRE COMMERCIAL ROCADE,A,16.25042826930375,6.250034599909645
201800056635,NonLethal,2018-07-25,17:30:00,Daylight,971,101,No,NoIntersection,Normal,3+Vehicles-Multiple,ROUTE DE BOULIQUI,A,16.155000525188214,6.155721279261394
201800056636,Lethal,2018-08-07,09:15:00,Daylight,971,113,Yes,Other,Normal,Other,MONTAUBAN (SECTEUR),A,16.215725967332006,6.214818281412197
201800056638,Lethal,2018-08-19,01:18:00,NightStreelightsOn,971,101,No,NoIntersection,Normal,Other,BAIMBRIDGE,A,16.25125830393926,6.249288909139807
201800056639,Lethal,2018-08-25,02:30:00,NightStreelightsOff,971,101,No,Other,Normal,2Vehicles-Behind,PERRIN,A,,
201800056641,NonLethal,2018-09-11,17:50:00,Daylight,971,101,Yes,NoIntersection,Normal,Other,CENTRE HOSPITALIER,A,16.23880310117785,6.239364522429103
201800056642,Lethal,2018-09-14,18:45:00,NightStreelightsOff,971,113,No,NoIntersection,Overcast,Other,Pont de BLANCHARD,A,16.22290246716003,6.221942129296698
201800056643,NonLethal,2018-09-20,20:10:00,NightStreelightsOn,971,101,Yes,X-type,Normal,2Vehicles-Side,8 MAI 1981 (BOULEVARD DU,A,16.271672184461135,6.268309186726301
201800056645,NonLethal,2018-10-09,21:55:00,NightStreelightsOn,971,101,No,T-type,Normal,2Vehicles-Side,Frdric JALTON,A,16.275169676371114,6.275687018035853
201800056646,NonLethal,2018-12-10,13:11:00,Daylight,971,101,Yes,NoIntersection,Normal,2Vehicles-Behind,RN5-BOISRIPEAUX,A,16.276079613903466,6.274662007752859
201800056647,Lethal,2018-10-13,06:30:00,TwilightOrDawn,971,113,Yes,NoIntersection,HeavyRain,2Vehicles-BehindVehicles-Frontal,SECTEUR DAMPIERRE,A,16.208261192212667,6.208018860401059
201800056648,NonLethal,2018-10-13,00:58:00,NightStreelightsOn,971,101,Yes,NoIntersection,Normal,2Vehicles-Behind,Frederic JALTON,A,16.161962523519833,6.163516133601314
201800056649,NonLethal,2018-10-17,20:50:00,NightStreelightsOn,971,113,No,X-type,Normal,2Vehicles-Side,RN4 - SECTION RIVIERA,A,16.21193940828769,6.211314805073867
201800056650,NonLethal,2018-10-19,06:55:00,Daylight,971,101,No,NoIntersection,Normal,Other,POINTE D'OR,A,16.29280723960442,6.293933529338531
201800056651,NonLethal,2018-09-28,20:10:00,NightStreelightsOff,971,120,No,NoIntersection,Normal,Other,BAIMBRIDGE (ROUTE DE),A,16.252457535485625,6.250701640049307
201800056652,NonLethal,2018-10-24,18:40:00,NightStreelightsOn,971,101,Yes,T-type,Normal,2Vehicles-Side,Frédéric JALTON,A,16.27480478240264,6.275592582879042