AccidentId,Gravity,Date,Hour,Light,Department,Commune,InAgglomeration,IntersectionType,Weather,CollisionType,PostalAddress,GPSCode,Latitude,Longitude
201800056653,NonLethal,2018-10-22,19:00:00,NightStreelightsOn,971,113,No,NoIntersection,Overcast,2Vehicles-Side,RN4 - SECTION RIVIERA,A,16.124917889693297,6.12448711511413
201800056654,NonLethal,2018-11-07,07:40:00,Daylight,971,113,No,Other,Normal,2Vehicles-Side,RN4 - SECTION RIVIERA,A,16.209728310113015,6.207834865573416
201800056655,NonLethal,2018-11-17,23:20:00,NightStreelightsOn,971,113,No,NoIntersection,LightRain,2Vehicles-BehindVehicles-Frontal,RN4 - SECTION RIVIERA,A,16.218520527527602,6.218305910664276
201800056656,NonLethal,2018-11-27,05:00:00,TwilightOrDawn,971,113,No,NoIntersection,Normal,Other,BAS DU FORT,A,16.21564781456106,6.214034033737045
201800056658,NonLethal,2018-11-30,09:30:00,Daylight,971,101,No,NoIntersection,Normal,Other,RN1-  HAUTEUR DE SORTIE,A,16.25103287070191,6.251395786330005
201800056659,NonLethal,2018-11-30,17:48:00,NightNoStreetLight,971,101,Yes,Other,Normal,Other,RN5-BOISRIPEAUX,A,16.264077063473867,6.2633281833776815
201800056660,NonLethal,2018-06-12,09:55:00,Daylight,971,101,No,NoIntersection,Normal,NoCollision,DOTHEMARE,A,16.26697690542964,6.268551111327632
201800056661,NonLethal,2018-12-14,18:36:00,NightStreelightsOn,971,101,No,T-type,Normal,2Vehicles-BehindVehicles-Frontal,DUGAZON,A,16.251021727105968,6.250754988536751
201800056662,NonLethal,2018-12-16,23:30:00,NightNoStreetLight,971,113,No,T-type,Normal,2Vehicles-Side,PETIT HAVRE (SECTEUR),A,16.21076996680399,6.210850151116935
201800056663,NonLethal,2018-12-17,07:40:00,Daylight,971,120,Yes,NoIntersection,Normal,Other,CHANZY (BOULEVARD),A,16.241180582233316,6.2418178785209895
201800056664,NonLethal,2018-12-17,16:50:00,Daylight,971,101,No,NoIntersection,Normal,2Vehicles-Behind,RN1-  HAUTEUR DE SORTIE,A,16.252339785164068,6.252910916012692
201800056665,NonLethal,2018-12-17,18:21:00,NightStreelightsOff,971,101,No,NoIntersection,Normal,Other,RN11,A,16.256096486465534,6.254872475876146
201800056666,NonLethal,2018-04-11,19:40:00,NightStreelightsOn,971,101,No,NoIntersection,Normal,Other,RN1 ROCADE DE CHAUVEL,A,16.236880672780803,6.238415511553394
201800056667,NonLethal,2018-12-19,16:04:00,Daylight,971,113,No,NoIntersection,Normal,Other,SECTION LABROUSSE,A,16.218234590936756,6.218031214246608
201800056668,NonLethal,2018-12-24,11:22:00,Daylight,971,101,Yes,T-type,LightRain,2Vehicles-Side,RUE LEOPOLD SEDAR SENGHA,A,16.274250896743165,6.274110321967519
201800056669,NonLethal,2018-12-30,15:30:00,Daylight,971,101,No,NoIntersection,Normal,Other,ROUTE DE CHAZEAU,A,16.284124393449943,6.283970501077223
201800056670,NonLethal,2018-02-01,09:15:00,Daylight,972,209,No,NoIntersection,Normal,Other,DIDIER (ROUTE DE),A,14.64485066005546,6.643830575418446
201800056671,NonLethal,2018-04-01,21:15:00,NightStreelightsOn,972,209,Yes,NoIntersection,Normal,2Vehicles-BehindVehicles-Frontal,"123, BISHOP (Avenue Maur",A,14.60663158176513,6.609634707796488
201800056672,NonLethal,2018-01-08,13:20:00,Daylight,972,209,Yes,X-type,Normal,Other,"59, GABRIEL PERI(RUE)",A,14.608994824571202,6.607224707124888
201800056673,NonLethal,2018-01-15,06:48:00,Daylight,972,209,No,NoIntersection,Normal,Other,MARNE  (BOULEVARD DE LA),A,14.604873781656044,6.605864955596199
201800056674,NonLethal,2018-01-26,21:35:00,NightStreelightsOn,972,209,No,NoIntersection,Normal,2Vehicles-Side,"20, GRAND MOUN ( RUE DU)",A,14.620756461874311,6.622006319921562
201800056676,NonLethal,2018-01-27,09:30:00,Daylight,972,209,Yes,NoIntersection,Normal,Other,GENERAL DE GAULLE (BLD,A,14.605840128873345,6.60639624833486
201800056677,NonLethal,2018-10-03,00:10:00,NightNoStreetLight,972,209,Yes,NoIntersection,Normal,2Vehicles-Side,RD 41 (ROCADE),A,14.613141424580125,6.6128532105282565
201800056678,NonLethal,2018-03-12,09:45:00,Daylight,972,209,Yes,NoIntersection,VeryGood,2Vehicles-Side,"0, DORSALE (RUE DE LA )",A,14.613884510210532,6.616133539952775
201800056679,NonLethal,2018-03-14,15:45:00,Daylight,972,209,Yes,NoIntersection,Normal,Other,CHEVALIER DE SAINTE-MART,A,14.60431008020914,6.603604641262107
201800056681,NonLethal,2018-02-02,04:16:00,NightStreelightsOn,972,209,Yes,NoIntersection,Overcast,NoCollision,BISHOP (Avenue Maurice),A,14.605248277329006,6.6049980735848655
201800056682,NonLethal,2018-10-02,08:55:00,Daylight,972,209,Yes,NoIntersection,Normal,Other,GENERAL DE GAULLE (BLD D,A,14.60594044366814,6.608158495798081
201800056684,NonLethal,2018-02-21,09:47:00,Daylight,972,209,Yes,NoIntersection,Normal,Other,GENERAL DE GAULLE (BLD D,A,14.605161458453637,6.604029376762092
201800056685,NonLethal,2018-03-20,21:10:00,NightStreelightsOn,972,209,Yes,X-type,Normal,2Vehicles-Side,"0, JEAN JAURES (AVENUE)",A,14.609142726045516,6.609540631341528
201800056686,NonLethal,2018-03-24,08:05:00,Daylight,972,209,Yes,NoIntersection,Normal,2Vehicles-Behind,"94, CHATEAUBOEUF (ROUTE",A,14.619784858129192,6.61899086570426
201800056687,NonLethal,2018-03-04,22:50:00,NightStreelightsOn,972,209,Yes,Other,Normal,2Vehicles-Side,CHEVALIER SAINTE-MARTHE,A,14.603442431125108,6.603252143733413
201800056688,NonLethal,2018-02-23,07:56:00,Daylight,972,209,Yes,NoIntersection,Normal,Other,"8, 22 MAI 1848 (RUE)",A,14.612479949151275,6.612302172128567
201800056689,NonLethal,2018-04-14,15:50:00,Daylight,972,209,Yes,X-type,Normal,2Vehicles-Side,GENERAL DE GAULLE (BLD D,A,14.60601206338048,6.605933222833288
201800056690,NonLethal,2018-04-16,08:30:00,Daylight,972,209,Yes,NoIntersection,Normal,Other,VICTOR HUGO (RUE),A,14.603205923454082,6.604766582774328
201800056691,NonLethal,2018-04-17,06:10:00,Daylight,972,209,Yes,X-type,Normal,2Vehicles-Side,GENERAL DE GAULLE (BLD D,A,14.607624172987666,6.606718688385436
201800056692,NonLethal,2018-04-16,12:30:00,Daylight,972,209,No,NoIntersection,HeavyRain,2Vehicles-Behind,RD 41 (ROCADE),A,14.609932472305644,6.609771029039567
201800056693,NonLethal,2018-03-08,12:33:00,Daylight,972,209,No,NoIntersection,Normal,Other,AUTOROUTE (A1),A,14.616759728012925,6.617888757689019
201800056694,NonLethal,2018-07-03,03:35:00,NightStreelightsOn,972,209,No,NoIntersection,Normal,Other,"722, OUEST (BOULEVARD DE",A,14.63121778116668,6.631135736284687
201800056696,NonLethal,2018-03-16,15:00:00,Daylight,972,209,Yes,NoIntersection,Normal,2Vehicles-Side,"02, EUGENE MONA (AVENUE)",A,14.618461030717508,6.617837055356768
201800056698,NonLethal,2018-03-28,12:10:00,Daylight,972,209,No,NoIntersection,Normal,Other,CHATEAUBOEUF (ROUTE DE),A,14.616377866543711,6.61604249612776
201800056699,NonLethal,2018-03-31,11:15:00,Daylight,972,209,Yes,T-type,Normal,Other,BOUILLE (RUE),A,14.602370524676571,6.604153249048383
201800056700,NonLethal,2018-05-04,08:55:00,Daylight,972,209,No,NoIntersection,Normal,2Vehicles-Side,JAMBETTE (RUE DE LA),A,14.61746241450312,6.618822183220469
201800056701,NonLethal,2018-05-06,19:45:00,NightStreelightsOn,972,209,Yes,X-type,Normal,2Vehicles-Side,ISAMBERT (RUE),A,,
201800056702,NonLethal,2018-05-14,20:00:00,NightStreelightsOn,972,209,No,NoIntersection,Normal,3+Vehicles-Chain,AUTOROUTE (A1),A,14.61810686451238,6.617741321120342
201800056703,NonLethal,2018-05-17,09:40:00,Daylight,972,209,Yes,NoIntersection,Normal,Other,GENERAL DE GAULLE (BLD D,A,14.606172893666193,6.607737291925839
201800056704,NonLethal,2018-05-18,19:15:00,NightStreelightsOn,972,209,No,Roundabout,Normal,2Vehicles-Side,POINTE DES NEGRES RD53 (,A,14.60523131338535,6.605459887978132
201800056706,NonLethal,2018-05-24,17:45:00,Daylight,972,209,No,NoIntersection,Normal,2Vehicles-Side,RD 41 (ROCADE),A,14.609493636159543,6.612023113301448
201800056707,NonLethal,2018-06-05,18:12:00,Daylight,972,209,No,NoIntersection,Normal,NoCollision,CRETES FLEURIS (RUE DES),A,14.649809331036954,6.650375365181517
201800056708,NonLethal,2018-07-06,15:30:00,Daylight,972,209,No,NoIntersection,Normal,Other,RN9,A,14.615322548749027,6.616941938805377
201800056709,NonLethal,2018-06-13,21:30:00,NightStreelightsOn,972,209,Yes,NoIntersection,Normal,3+Vehicles-Multiple,DIDIER (ROUTE DE),A,14.620625827268572,6.619828875986412
201800056710,NonLethal,2018-06-27,06:40:00,Daylight,972,209,Yes,NoIntersection,Normal,Other,BISHOP (Avenue Maurice),A,14.607936607146671,6.608535020316452
201800056711,NonLethal,2018-06-29,13:00:00,Daylight,972,209,Yes,NoIntersection,Normal,2Vehicles-BehindVehicles-Frontal,ENTRAIDE (ROUTE DE L'),A,14.620065488079309,6.618522072460937
201800056712,NonLethal,2018-06-29,21:40:00,NightStreelightsOn,972,209,No,NoIntersection,Normal,2Vehicles-Behind,AUTOROUTE (A1),A,14.61780181563032,6.618856064462293
201800056713,NonLethal,2018-10-04,16:20:00,Daylight,972,209,No,NoIntersection,Normal,3+Vehicles-Chain,RD 41 (ROCADE),A,14.614222870286442,6.61355033545513
201800056714,NonLethal,2018-07-04,18:02:00,Daylight,972,209,No,NoIntersection,Normal,Other,AVENTS (RUE DES),A,,
201800056715,NonLethal,2018-11-07,21:20:00,NightStreelightsOn,972,209,Yes,X-type,Normal,2Vehicles-BehindVehicles-Frontal,LEOPOLD BISCOP (BOULEVAR,A,14.610561421800774,6.610133608019513
201800056716,NonLethal,2018-07-27,09:55:00,Daylight,972,209,No,NoIntersection,Normal,2Vehicles-BehindVehicles-Frontal,ARAWAKS (AVENUE DES),A,14.61552818812149,6.617801271970217
201800056717,NonLethal,2018-08-04,20:00:00,NightStreelightsOn,972,209,Yes,NoIntersection,HeavyRain,2Vehicles-BehindVehicles-Frontal,BALATA (ROUTE DE),A,14.65231716704882,6.651749430892934
201800056719,NonLethal,2018-09-08,07:37:00,Daylight,972,209,No,NoIntersection,Normal,2Vehicles-Behind,RD 41 (ROCADE),A,14.6135493912305,6.613175382175514
201800056720,NonLethal,2018-10-08,14:15:00,Daylight,972,209,Yes,Other,Normal,2Vehicles-Behind,DORSALE (RUE DE LA ) TER,A,14.614562270060215,6.61482890017282
201800056721,NonLethal,2018-12-08,21:30:00,NightNoStreetLight,972,209,No,NoIntersection,Normal,2Vehicles-BehindVehicles-Frontal,BALATA (ROUTE DE),A,14.638404911147338,6.637683266538325
201800056722,NonLethal,2018-08-18,23:05:00,NightStreelightsOn,972,209,Yes,NoIntersection,HeavyRain,3+Vehicles-Multiple,REDOUTE (ROUTE DE LA),A,14.624181526867972,6.625181860873903
201800056723,NonLethal,2018-08-25,17:13:00,Daylight,972,209,Yes,T-type,Normal,2Vehicles-Side,LEON GONDRAN DAMAS (AVEN,A,14.60754357373315,6.607087320987217
201800056724,NonLethal,2018-09-05,12:10:00,Daylight,972,209,Yes,NoIntersection,Normal,Other,BLENAC (RUE),A,14.60559212169528,6.607146633870145
201800056725,NonLethal,2018-09-05,15:45:00,Daylight,972,209,Yes,Y-type,Normal,2Vehicles-BehindVehicles-Frontal,MOUTTE (ROUTE DE),A,14.619448525431386,6.618261190371069
201800056726,NonLethal,2018-09-05,22:20:00,NightStreelightsOn,972,209,Yes,NoIntersection,Normal,NoCollision,NELSON MANDELA (BOULEVAR,A,14.60718427483788,6.606382216527977
201800056727,NonLethal,2018-12-11,17:40:00,TwilightOrDawn,972,209,Yes,Other,Normal,Other,CHATEAUBOEUF (ROUTE DE),A,14.625619930759042,6.624913143438234
201800056729,NonLethal,2018-09-18,05:50:00,Daylight,972,209,Yes,T-type,Normal,2Vehicles-Behind,SOLEIL LEVANT (BOULEVARD,A,14.622905967743534,6.62494864022608
201800056730,NonLethal,2018-09-24,07:00:00,Daylight,972,209,Yes,NoIntersection,Normal,3+Vehicles-Chain,RD 41 (ROCADE),A,14.612447140152735,6.610282417716334
201800056731,NonLethal,2018-01-10,12:15:00,Daylight,972,209,No,NoIntersection,Normal,3+Vehicles-Multiple,RD 41 (ROCADE),A,14.613277008558116,6.613860542029817
201800056732,NonLethal,2018-09-24,12:25:00,Daylight,972,209,Yes,NoIntersection,Normal,3+Vehicles-Chain,RD 41 (ROCADE),A,14.606244522922662,6.604690960470993
201800056733,NonLethal,2018-02-10,07:30:00,Daylight,972,209,No,T-type,Normal,2Vehicles-Side,RAVINE VILAINE (CHEMIN D,A,14.630075731969931,6.631885234479958
201800056734,NonLethal,2018-02-10,11:00:00,Daylight,972,209,Yes,T-type,Normal,2Vehicles-Side,PROFESSEUR RAYMOND GARCI,A,14.625963983684152,6.624567211886608
201800056735,NonLethal,2018-09-26,14:00:00,Daylight,972,209,Yes,NoIntersection,Normal,2Vehicles-Side,CARAIBES (AVENUE DES),A,14.603912029784182,6.604558113058315
201800056736,NonLethal,2018-05-05,22:01:00,NightNoStreetLight,972,209,No,NoIntersection,Normal,Other,CLUNY (ROUTE DE),A,,
201800056737,NonLethal,2018-05-15,10:56:00,Daylight,972,209,Yes,NoIntersection,Normal,Other,ALLEGRE (BOULEVARD),A,,
201800056738,NonLethal,2018-10-12,08:00:00,Daylight,972,209,Yes,Other,Normal,2Vehicles-Behind,RD 13,A,14.61417504079784,6.614363800406885
201800056739,NonLethal,2018-10-12,12:00:00,Daylight,972,209,Yes,T-type,Normal,Other,VIEUX CHEMIN (RUE DU),A,14.609090512216916,6.609763919155323
201800056741,NonLethal,2018-10-16,08:50:00,Daylight,972,209,Yes,NoIntersection,Normal,Other,VICTOR HUGO (RUE),A,14.605938946374648,6.604268811098478
201800056742,NonLethal,2018-10-16,18:26:00,TwilightOrDawn,972,209,No,NoIntersection,LightRain,2Vehicles-Behind,ROCADE (RUE DE LA),A,14.61610228465758,6.617732365617204
201800056743,NonLethal,2018-10-19,23:50:00,NightStreelightsOn,972,209,Yes,NoIntersection,Normal,2Vehicles-BehindVehicles-Frontal,ALFASSA (BOULEVARD),A,14.601717989537846,6.602677410658438
201800056744,NonLethal,2018-10-21,15:30:00,Daylight,972,209,Yes,Roundabout,HeavyRain,NoCollision,RN9,A,14.59731045841869,6.59578518261553
201800056745,NonLethal,2018-10-22,09:20:00,Daylight,972,209,Yes,T-type,Normal,2Vehicles-Side,BISHOP (Avenue Maurice),A,14.60922823980954,6.610696975215578
201800056746,NonLethal,2018-10-23,06:20:00,Daylight,972,209,No,NoIntersection,LightRain,Other,RD 41 (ROCADE),A,14.60982767378801,6.607977961086843
201800056747,NonLethal,2018-10-31,07:40:00,Daylight,972,209,Yes,NoIntersection,Normal,2Vehicles-BehindVehicles-Frontal,RELIGIEUSES (ROUTE DES),A,14.61734459427194,6.617138452695945
201800056749,NonLethal,2018-11-16,03:55:00,NightNoStreetLight,972,209,No,NoIntersection,Normal,2Vehicles-Side,AUTOROUTE (A1),A,14.61440534499911,6.616989892119447
201800056750,NonLethal,2018-11-17,15:40:00,Daylight,972,209,No,NoIntersection,Normal,2Vehicles-Side,AUTOROUTE (A1),A,14.617569651811,6.618250331934847
201800056752,NonLethal,2018-11-26,09:55:00,Daylight,972,209,Yes,NoIntersection,Normal,Other,BALATA (ROUTE DE),A,14.602674453249191,6.603912389528137
201800056753,NonLethal,2018-11-26,17:30:00,Daylight,972,209,No,Other,Normal,3+Vehicles-Chain,RN9,A,14.616332741960097,6.617374419423195
201800056754,NonLethal,2018-11-26,12:25:00,Daylight,972,209,Yes,NoIntersection,Normal,Other,LIBERTE (RUE DE LA),A,14.603116707261629,6.602692644742744
201800056755,NonLethal,2018-11-12,17:50:00,TwilightOrDawn,972,209,No,NoIntersection,Normal,2Vehicles-Behind,REDOUTE (ROUTE DE LA),A,14.628586521706966,6.629768675853059
201800056756,NonLethal,2018-11-30,20:45:00,NightStreelightsOn,972,209,Yes,NoIntersection,Normal,2Vehicles-BehindVehicles-Frontal,BEL HORIZON (RUE DU),A,14.642640221688223,6.642284430422962
201800056757,NonLethal,2018-02-12,00:40:00,NightNoStreetLight,972,209,Yes,NoIntersection,LightRain,NoCollision,RD 41 (ROCADE),A,14.61809665523618,6.6142203685670085
201800056760,NonLethal,2018-03-12,08:45:00,Daylight,972,209,No,NoIntersection,Normal,3+Vehicles-Chain,AUTOROUTE (A1),A,14.613409814083855,6.615289497837432
201800056762,NonLethal,2018-06-12,08:35:00,Daylight,972,209,No,NoIntersection,LightRain,3+Vehicles-Chain,BEAUSEJOUR JAMBETTE (ROU,A,14.632424845983603,6.63465853536416
201800056763,NonLethal,2018-09-12,11:00:00,Daylight,972,209,Yes,Other,Normal,2Vehicles-Side,AUTOROUTE (A1),A,14.614577889019904,6.613499058192237
201800056764,NonLethal,2018-09-12,13:55:00,Daylight,972,209,Yes,X-type,Normal,2Vehicles-Side,JULES MONNEROT (RUE),A,14.608788679472523,6.607352883421635
201800056765,NonLethal,2018-10-12,10:45:00,Daylight,972,209,No,NoIntersection,Overcast,NoCollision,RD 41 (ROCADE),A,14.614777159363044,6.614932854677449
201800056766,NonLethal,2018-12-12,07:00:00,Daylight,972,209,Yes,NoIntersection,VeryGood,Other,GENERAL DE GAULLE (BLD D,A,14.606846231858723,6.606550282506365
201800056768,NonLethal,2018-12-15,00:01:00,NightStreelightsOn,972,209,Yes,Roundabout,LightRain,2Vehicles-BehindVehicles-Frontal,BEAUSEJOUR JAMBETTE (ROU,A,14.62863171383223,6.62832886822979
201800056769,NonLethal,2018-12-23,20:24:00,NightNoStreetLight,972,209,Yes,NoIntersection,Normal,Other,BALATA (ROUTE DE),A,14.620398523299638,6.621156942523073
201800056770,NonLethal,2018-12-24,20:45:00,NightStreelightsOn,972,209,Yes,X-type,Normal,NoCollision,REDOUTE (ROUTE DE LA),A,14.628898777893756,6.63005461483233
201800056771,NonLethal,2018-12-27,09:20:00,Daylight,972,209,Yes,T-type,Normal,Other,PERE BAUMON (RUE),A,14.622917794898848,6.62287088936953
201800056772,Lethal,2018-12-26,17:30:00,Daylight,972,209,Yes,NoIntersection,Normal,2Vehicles-BehindVehicles-Frontal,RN9,A,14.605653061905906,6.604267990873182
201800056773,NonLethal,2018-01-09,08:15:00,Daylight,972,213,No,NoIntersection,Normal,2Vehicles-Side,ROUTE DEPARTEMENTALE 3,A,14.647886302291356,6.648380688037482
201800056775,NonLethal,2018-01-16,21:10:00,NightNoStreetLight,972,213,No,NoIntersection,Normal,2Vehicles-Behind,ROUTE DEPARTEMENTALE 15,A,14.642064890571104,6.643041021564315
201800056777,NonLethal,2018-02-15,00:02:00,NightStreelightsOn,972,213,No,NoIntersection,LightRain,NoCollision,AUTOROUTE  A1,A,14.61669603938718,6.616999012357429
201800056778,NonLethal,2018-03-23,16:40:00,Daylight,972,213,Yes,NoIntersection,Normal,2Vehicles-Side,ROUTE DEPARTEMENTALE 3,A,14.61874573696936,6.622230289741255
201800056779,NonLethal,2018-03-20,11:30:00,Daylight,972,213,No,NoIntersection,Normal,2Vehicles-Side,ROUTE NATIONALE 1,A,14.64441640220156,6.642759292655437
201800056780,NonLethal,2018-03-22,12:24:00,Daylight,972,213,Yes,NoIntersection,Normal,2Vehicles-Side,ROUTE DEPARTEMENTALE 15,A,,
201800056781,NonLethal,2018-04-05,18:15:00,TwilightOrDawn,972,213,Yes,X-type,Normal,2Vehicles-Behind,VICTOR LAMON,A,14.621933681234948,6.62096965439688
201800056783,NonLethal,2018-04-06,04:40:00,NightStreelightsOn,972,213,Yes,NoIntersection,Normal,2Vehicles-BehindVehicles-Frontal,ROUTE NATIONALE 1,A,14.62105526336023,6.621675366925981
201800056784,NonLethal,2018-04-11,17:30:00,Daylight,972,213,No,NoIntersection,Normal,2Vehicles-Side,PELLETIER (ROUTE DE),A,14.654377073525543,6.656437845257288
201800056785,Lethal,2018-04-28,05:20:00,TwilightOrDawn,972,213,No,NoIntersection,Normal,Other,AUTOROUTE A1,A,14.611154860610576,6.611838167079799
201800056786,NonLethal,2018-05-10,04:45:00,TwilightOrDawn,972,213,No,NoIntersection,Normal,2Vehicles-Behind,AUTOROUTE A1,A,,
201800056787,NonLethal,2018-12-31,07:40:00,Daylight,972,213,No,NoIntersection,LightRain,2Vehicles-Side,AUTOROUTE A1,A,14.616149483038036,6.615702923362786
201800056788,Lethal,2018-05-22,04:10:00,NightNoStreetLight,972,213,No,NoIntersection,LightRain,Other,ROUTE NATIONALE 1,A,14.642744497520912,6.641353131064527
201800056789,Lethal,2018-06-14,15:00:00,Daylight,972,213,No,NoIntersection,Normal,Other,ROUTE DEPARTEMENTALE 3,A,14.599406390430218,6.600495256982917
201800056791,NonLethal,2018-06-26,21:15:00,NightStreelightsOn,972,213,No,NoIntersection,Normal,2Vehicles-Behind,AUTOROUTE A1,A,,
201800056793,NonLethal,2018-07-20,03:50:00,NightStreelightsOn,972,213,No,NoIntersection,Normal,Other,ROUTE NATIONALE 1,A,14.62399265673003,6.62534919121653
201800056794,NonLethal,2018-07-24,12:40:00,Daylight,972,213,No,NoIntersection,Normal,2Vehicles-Behind,ROUTE NATIONALE 5,A,14.595852094237106,6.595501969127656
201800056795,NonLethal,2018-07-19,20:35:00,NightStreelightsOn,972,213,Yes,Roundabout,Normal,NoCollision,D 15,A,14.628497225894549,6.629553452037685
201800056796,NonLethal,2018-07-25,16:40:00,Daylight,972,213,Yes,Y-type,Normal,2Vehicles-Side,ROUTE DEPARTEMENTALE 15,A,14.641947802468248,6.642593002376835
201800056798,NonLethal,2018-07-31,13:20:00,Daylight,972,213,Yes,NoIntersection,Normal,2Vehicles-BehindVehicles-Frontal,ROUTE DEPARTEMENTALE 14,A,14.627225326752631,6.627642906220852
201800056799,NonLethal,2018-07-31,11:30:00,Daylight,972,213,No,T-type,Normal,2Vehicles-Side,ROUTE DEPARTEMENTALE 3,A,,
201800056800,NonLethal,2018-08-21,13:00:00,Daylight,972,213,No,NoIntersection,Normal,3+Vehicles-Chain,ROUTE NATIONALE 5,A,,
201800056801,Lethal,2018-09-04,15:47:00,Daylight,972,213,No,T-type,Normal,2Vehicles-Side,MORNE PITAULT (ROUTE DE),A,14.631048529199628,6.632192009150949
201800056802,NonLethal,2018-11-09,07:07:00,Daylight,972,213,Yes,NoIntersection,Normal,2Vehicles-Side,Z I LA JAMBETTE,A,,
201800056803,NonLethal,2018-09-11,13:30:00,Daylight,972,213,No,NoIntersection,Normal,3+Vehicles-Multiple,ROUTE DEPARTEMENTALE 15,A,14.628287102875584,6.626249925933803
201800056804,NonLethal,2018-09-26,17:55:00,Daylight,972,213,No,NoIntersection,Normal,2Vehicles-BehindVehicles-Frontal,ROUTE NATIONALE 1,A,,
201800056805,NonLethal,2018-10-16,18:12:00,NightNoStreetLight,972,213,No,NoIntersection,Normal,2Vehicles-BehindVehicles-Frontal,MORNE PITAULT (ROUTE DE),A,,
201800056807,NonLethal,2018-02-11,06:25:00,TwilightOrDawn,972,213,No,NoIntersection,LightRain,2Vehicles-Side,ROUTE NATIONALE 1,A,,
201800056808,NonLethal,2018-11-29,07:30:00,Daylight,972,213,Yes,X-type,VeryGood,Other,FRANTZ FANON (AVENUE),A,14.616885399887286,6.617093537370496
201800056809,NonLethal,2018-11-30,08:05:00,Daylight,972,213,No,NoIntersection,Normal,2Vehicles-Side,ROUTE DEPARTEMENTALE 3,A,14.63540896541999,6.63357381854271
201800056810,NonLethal,2018-09-12,11:46:00,Daylight,972,213,No,NoIntersection,Normal,3+Vehicles-Chain,ROUTE DEPARTEMENTALE 15,A,14.630881784813033,6.632287526514669
201800056811,NonLethal,2018-10-12,10:55:00,Daylight,972,213,No,NoIntersection,Normal,3+Vehicles-Multiple,AUTOROUTE A1,A,14.617378153845362,6.617797153615962
201800056812,NonLethal,2018-12-17,11:25:00,Daylight,972,213,No,Other,Normal,Other,FERME PERRINE (CHEMIN DE,A,14.588833438641704,6.590036880502714
201800056814,NonLethal,2018-12-28,23:14:00,NightStreelightsOn,972,213,Yes,T-type,Normal,2Vehicles-Side,ROUTE DEPARTEMENTALE 15,A,14.611144646634168,6.60933290032603
201800056815,NonLethal,2018-12-30,12:00:00,Daylight,972,213,Yes,NoIntersection,HeavyRain,3+Vehicles-Chain,VIEUX PONT (CHEMIN DU,A,,
201800056816,NonLethal,2018-01-05,16:05:00,Daylight,973,302,Yes,T-type,Normal,2Vehicles-Side,D2/Avenue negres marrons,G,49.92038560035125,5.918543782164246
201800056819,NonLethal,2018-08-01,17:40:00,Daylight,973,302,Yes,NoIntersection,Normal,Other,ZEPHIR (ROCADE),G,49.93579648882485,5.935737577746395
201800056820,NonLethal,2018-09-01,06:00:00,NightStreelightsOff,973,302,Yes,NoIntersection,Overcast,2Vehicles-Side,"2068,MADELEINE (ROUTE DE",G,49.91639753334438,5.914605595147159
201800056821,NonLethal,2018-10-01,16:15:00,Daylight,973,302,Yes,NoIntersection,Normal,3+Vehicles-Chain,"1496, BADUEL (ROUTE DE)",G,49.92992710123576,5.933239872419503
201800056823,NonLethal,2018-11-01,13:40:00,Daylight,973,302,Yes,NoIntersection,Normal,2Vehicles-Behind,MANGO (ROUTE),G,49.93007011252439,5.929843802686833
201800056824,NonLethal,2018-10-01,17:45:00,Daylight,973,302,Yes,NoIntersection,Normal,2Vehicles-Side,"28, VOLTAIRE(AVENUE)",G,49.94212085587464,5.943727728171013
201800056825,NonLethal,2018-11-01,07:50:00,Daylight,973,302,Yes,X-type,Normal,2Vehicles-Side,MANGO (ROUTE),G,49.92972940952604,5.9295652726466
201800056826,NonLethal,2018-01-12,11:25:00,Daylight,973,302,Yes,NoIntersection,Normal,Other,ROUTE NATIONALE 1,G,49.92290864554811,5.923255585707619
201800056827,NonLethal,2018-01-15,19:20:00,NightStreelightsOff,973,302,Yes,NoIntersection,LightRain,2Vehicles-Behind,GIRATOIRE MARINGOUINS,G,49.90678248419143,5.90749480197129
201800056828,NonLethal,2018-01-17,14:45:00,Daylight,973,302,Yes,Roundabout,Normal,2Vehicles-Side,N1/Rue de la détente,G,48.89682171454846,5.896634844465068
201800056829,NonLethal,2018-01-17,16:05:00,Daylight,973,302,Yes,NoIntersection,Normal,Other,"1867, MADELEINE (ROUTE D",G,49.91708830050244,5.917181134814709
201800056830,NonLethal,2018-01-18,15:48:00,Daylight,973,302,Yes,NoIntersection,Normal,Other,"19, FELIX EBOUE (Rue)",G,49.94118791210701,5.938035513278964
201800056831,NonLethal,2018-01-19,06:25:00,NightNoStreetLight,973,302,Yes,NoIntersection,Normal,2Vehicles-Side,ROUTE NATIONALE 1,G,49.90787624571903,5.907281440921359
201800056832,NonLethal,2018-01-20,09:00:00,Daylight,973,302,Yes,T-type,Normal,2Vehicles-Side,Rue Arago/rue payée,G,49.9411906128248,5.9403683199903154
201800056833,NonLethal,2018-01-20,13:30:00,Daylight,973,302,No,NoIntersection,Normal,2Vehicles-Behind,EBOUE (ROCADE FELIX),G,49.92653114921497,5.925409510624397
201800056834,NonLethal,2018-01-24,08:25:00,Daylight,973,302,Yes,NoIntersection,Normal,2Vehicles-Behind,ROUTE NATIONALE 1,G,49.92377274848817,5.9235939606682
201800056835,NonLethal,2018-01-25,08:05:00,Daylight,973,302,Yes,NoIntersection,Normal,Other,"1605, CATAYEE (JUSTIN)",G,49.94010200929742,5.937662268553077
201800056836,NonLethal,2018-01-25,13:00:00,Daylight,973,302,Yes,NoIntersection,Normal,2Vehicles-Side,MADELEINE (ROUTE DE LA),G,49.91133654283912,5.911553639180437
201800056837,NonLethal,2018-01-24,20:00:00,NightStreelightsOn,973,302,Yes,NoIntersection,Normal,Other,BADUEL (ROUTE DE),G,49.93633001333697,5.936853280215943