AccidentId,Gravity,Date,Hour,Light,Department,Commune,InAgglomeration,IntersectionType,Weather,CollisionType,PostalAddress,GPSCode,Latitude,Longitude
201800056838,NonLethal,2018-01-26,18:58:00,NightStreelightsOn,973,302,Yes,NoIntersection,Normal,2Vehicles-Behind,Av Jean GALMOT,G,49.931558171857226,5.93171526524756
201800056839,NonLethal,2018-01-27,11:00:00,Daylight,973,302,Yes,NoIntersection,Normal,2Vehicles-Side,SOURCE DE BADUEL (CHEMIN,G,49.92487480400669,5.924552785442417
201800056841,NonLethal,2018-01-29,08:40:00,Daylight,973,302,Yes,NoIntersection,Normal,2Vehicles-Side,"l, SOURCE DE BADUEL (CHE",G,49.9323135200354,5.932963014091385
201800056842,NonLethal,2018-01-29,16:45:00,Daylight,973,302,Yes,T-type,Normal,2Vehicles-Side,EBOUE (ROCADE FELIX),G,49.92759312979945,5.92664644807625
201800056843,Lethal,2018-06-03,05:30:00,TwilightOrDawn,973,302,Yes,NoIntersection,Normal,2Vehicles-Behind,ESTREES (AVENUE D'),G,49.94030528212376,5.942638438370032
201800056844,NonLethal,2018-01-31,10:45:00,Daylight,973,302,Yes,NoIntersection,Normal,Other,BADUEL (ROUTE DE),G,49.93517942966887,5.935069357033616
201800056845,NonLethal,2018-01-02,20:00:00,NightStreelightsOn,973,302,Yes,NoIntersection,Normal,2Vehicles-Side,UNIVERSITE CHICAGO (RUE,G,49.934154815710016,5.936191399710951
201800056846,NonLethal,2018-02-02,20:20:00,NightStreelightsOn,973,302,Yes,X-type,Normal,2Vehicles-Side,MONTABO (ROUTE DE) 1,G,49.94361216794471,5.94364120978722
201800056847,Lethal,2018-01-27,16:20:00,Daylight,973,302,Yes,NoIntersection,Normal,NoCollision,MONT LUCAS 1 (CITE),G,49.92807449261838,5.928830341962814
201800056848,NonLethal,2018-02-07,14:00:00,Daylight,973,302,Yes,X-type,Normal,2Vehicles-Behind,GIRATOIRE MARINGOUINS,G,49.908788255259545,5.907832044294146
201800056849,NonLethal,2018-02-10,14:20:00,Daylight,973,302,Yes,NoIntersection,Normal,2Vehicles-Side,"559, MADELEINE (ROUTE DE",G,49.9267312172906,5.927354314261613
201800056850,NonLethal,2018-02-19,19:45:00,NightStreelightsOn,973,302,Yes,X-type,Normal,2Vehicles-Side,ZEPHIR (ROCADE),G,49.94443176311784,5.944752269359838
201800056851,NonLethal,2018-02-20,12:25:00,Daylight,973,302,Yes,NoIntersection,Overcast,Other,ROUTE NATIONALE 1,G,49.92834646112396,5.926075396020936
201800056852,NonLethal,2018-02-21,11:05:00,Daylight,973,302,Yes,Other,LightRain,Other,"12, JADFARD (RENE)",G,49.93438802818929,5.932515717749666
201800056853,NonLethal,2018-02-28,09:00:00,Daylight,973,302,Yes,Roundabout,Normal,2Vehicles-Behind,MARINGOUINS (ROND-POINT),G,49.90716847338842,5.907608173692008
201800056854,NonLethal,2018-02-27,21:00:00,NightStreelightsOn,973,302,Yes,NoIntersection,Normal,2Vehicles-Side,ZEPHIR (ROCADE),G,49.93722190059267,5.935682043254992
201800056855,NonLethal,2018-03-02,14:44:00,Daylight,973,302,No,T-type,Normal,2Vehicles-Side,"258, CATAYEE (JUSTIN)",G,49.93029354343829,5.930295408777731
201800056856,NonLethal,2018-03-02,20:11:00,Daylight,973,302,No,T-type,Normal,2Vehicles-Side,MADELEINE (ROUTE DE LA),G,49.92734548177697,5.924992551247161
201800056857,NonLethal,2018-03-03,10:20:00,Daylight,973,302,Yes,NoIntersection,Normal,Other,"645, CATAYEE (JUSTIN)",G,49.92564924265191,5.927313979379931
201800056859,NonLethal,2018-07-03,09:34:00,Daylight,973,302,Yes,NoIntersection,Normal,2Vehicles-Behind,MADELEINE (ROUTE DE LA),G,49.922724285805245,5.922070580678794
201800056860,NonLethal,2018-08-03,12:50:00,Daylight,973,302,Yes,NoIntersection,Normal,2Vehicles-Behind,MADELEINE (ROUTE DE LA),G,49.91470275722824,5.91636883232274
201800056862,NonLethal,2018-03-08,12:15:00,Daylight,973,302,Yes,NoIntersection,Normal,Other,"33, ROUGET DE L ' ISLE",G,49.93977277170271,5.941170758914744
201800056863,NonLethal,2018-11-03,07:20:00,Daylight,973,302,Yes,X-type,Normal,2Vehicles-Side,"16, HENRI QUINTRIE(RUE)",G,49.93427774430175,5.93517289358628
201800056864,NonLethal,2018-10-03,20:12:00,NightStreelightsOn,973,302,Yes,X-type,Normal,2Vehicles-BehindVehicles-Frontal,EUGENE GOBERT(RUE),G,49.93109769111458,5.932652431848289
201800056865,NonLethal,2018-03-13,11:15:00,Daylight,973,302,Yes,NoIntersection,Normal,2Vehicles-Side,BADUEL (ROUTE DE),G,49.933099722297165,5.932101376713056
201800056866,NonLethal,2018-03-12,13:30:00,Daylight,973,302,No,NoIntersection,Normal,2Vehicles-Side,"2304, BADUEL (ROUTE DE)",G,49.92939152572336,5.9285918459358085
201800056867,NonLethal,2018-03-15,11:05:00,Daylight,973,302,Yes,NoIntersection,Normal,Other,"859, ZEPHIR (ROCADE)",G,49.93508283159644,5.9364559050781605
201800056868,NonLethal,2018-03-13,12:25:00,Daylight,973,302,Yes,NoIntersection,Normal,2Vehicles-Side,MADELEINE (ROUTE DE LA),G,49.92406799688416,5.924072097477584
201800056869,NonLethal,2018-03-14,12:44:00,Daylight,973,302,Yes,NoIntersection,Normal,2Vehicles-Side,CABASSOU (ROUTE DE),G,49.91971397153781,5.918780358524785
201800056871,NonLethal,2018-03-15,18:00:00,Daylight,973,302,Yes,NoIntersection,Normal,2Vehicles-Side,Monjoly (ROUTE DE),G,49.90806703248447,5.908431066061696
201800056873,NonLethal,2018-03-19,13:10:00,Daylight,973,302,Yes,X-type,Normal,2Vehicles-Side,ESTREES (AVENUE D'),G,49.940850405512485,5.939455661450188
201800056874,NonLethal,2018-03-22,07:20:00,Daylight,973,302,Yes,NoIntersection,Normal,2Vehicles-BehindVehicles-Frontal,"10, ORCHIDEES (LOTISSEME",G,49.91401833081,5.911372130508656
201800056875,NonLethal,2018-03-22,12:40:00,Daylight,973,302,Yes,NoIntersection,Normal,2Vehicles-Side,CATAYEE (JUSTIN),G,49.94024599892506,5.938107559774518
201800056877,NonLethal,2018-03-24,18:20:00,Daylight,973,302,Yes,NoIntersection,Normal,2Vehicles-Behind,TARZAN (PISTE),G,49.9302696610831,5.9298977762350615
201800056880,NonLethal,2018-03-26,19:20:00,NightNoStreetLight,973,302,Yes,NoIntersection,Normal,2Vehicles-Side,"216, MONTABO (ROUTE DE)",G,49.94479813611353,5.943861783191739
201800056881,NonLethal,2018-03-27,11:50:00,Daylight,973,302,Yes,NoIntersection,Normal,Other,rue du 14 et 22 juin,G,49.93369709792066,5.934549981282343
201800056882,NonLethal,2018-03-26,12:00:00,Daylight,973,302,Yes,Other,Normal,2Vehicles-BehindVehicles-Frontal,BADUEL (ROUTE DE),G,49.933662226898,5.933654611676779
201800056884,NonLethal,2018-03-27,13:30:00,Daylight,973,302,Yes,NoIntersection,Normal,Other,"21, PASCALINE (CITE)",G,46.62162497070999,5.623231015621794
201800056885,NonLethal,2018-03-28,11:50:00,Daylight,973,302,Yes,NoIntersection,Normal,Other,rue paul ophion,G,49.93474616845665,5.935384145629988
201800056886,NonLethal,2018-03-28,18:00:00,TwilightOrDawn,973,302,Yes,Roundabout,Normal,NoCollision,BADUEL (ROUTE DE),G,49.9331086051281,5.932437824064819
201800056887,NonLethal,2018-03-29,18:25:00,TwilightOrDawn,973,302,Yes,NoIntersection,Normal,2Vehicles-Side,MONTABO (ROUTE DE) 1,G,49.93624954607037,5.935648211994117
201800056888,NonLethal,2018-03-29,19:50:00,NightNoStreetLight,973,302,Yes,NoIntersection,Normal,2Vehicles-Behind,BADUEL (ROUTE DE),G,49.93021937462695,5.93056065286406
201800056889,NonLethal,2018-03-31,14:10:00,Daylight,973,302,Yes,NoIntersection,Normal,2Vehicles-Side,"12, MALOUET",G,49.93701422395219,5.937184125714701
201800056890,NonLethal,2018-04-04,20:25:00,NightStreelightsOn,973,302,Yes,NoIntersection,Normal,2Vehicles-Side,EBOUE (ROCADE FELIX),G,49.93291481412571,5.933938438763065
201800056891,NonLethal,2018-05-04,07:55:00,Daylight,973,302,Yes,NoIntersection,Normal,Other,DE GAULLE (AVENUE),G,49.93948760553494,5.939903040398924
201800056892,NonLethal,2018-05-04,18:45:00,NightStreelightsOn,973,302,Yes,Roundabout,Normal,2Vehicles-Behind,CATAYEE (JUSTIN),G,49.92488596087604,5.924308436646832
201800056893,NonLethal,2018-07-04,00:01:00,NightStreelightsOn,973,302,Yes,NoIntersection,HeavyRain,2Vehicles-Side,BADUEL (ROUTE DE),G,49.937260852671145,5.935834716941289
201800056894,NonLethal,2018-04-07,16:05:00,Daylight,973,302,Yes,NoIntersection,Normal,2Vehicles-Side,VOLTAIRE(AVENUE),G,49.94307474909338,5.9433973021373525
201800056895,NonLethal,2018-04-06,23:30:00,NightStreelightsOn,973,302,Yes,Roundabout,LightRain,2Vehicles-Behind,GALMOT (ROND-POINT),G,49.93191683421021,5.931846296614277
201800056896,NonLethal,2018-07-04,20:55:00,NightStreelightsOn,973,302,Yes,Y-type,Normal,3+Vehicles-Multiple,MONTABO (ROUTE DE) 1,G,49.94627916088648,5.943333364410718
201800056900,NonLethal,2018-04-06,09:00:00,Daylight,973,302,Yes,NoIntersection,Normal,Other,HEDER (place),G,49.940378239868295,5.940881459071458
201800056901,NonLethal,2018-09-04,16:15:00,Daylight,973,302,Yes,NoIntersection,Normal,2Vehicles-Side,MADELEINE (ROUTE DE LA),G,49.91985401005002,5.922127879666722
201800056902,NonLethal,2018-10-04,13:25:00,Daylight,973,302,Yes,NoIntersection,Normal,Other,CABASSOU (CITE),G,49.91926331873506,5.918567266773164
201800056903,NonLethal,2018-11-04,14:20:00,Daylight,973,302,Yes,T-type,Normal,2Vehicles-Side,MONTABO (ROUTE DE) 1,G,49.93618240768587,5.9360794038509495
201800056904,NonLethal,2018-12-04,17:30:00,Daylight,973,302,No,NoIntersection,Normal,3+Vehicles-Multiple,MADELEINE (ROUTE DE LA),G,49.912491037272126,5.914950298330625
201800056905,NonLethal,2018-04-15,19:40:00,NightStreelightsOn,973,302,Yes,Other,Normal,Other,GALMOT (AVENUE),G,49.93136633816096,5.932546337313559
201800056906,NonLethal,2018-04-16,16:10:00,TwilightOrDawn,973,302,Yes,T-type,Normal,2Vehicles-Side,MADELEINE (ROUTE DE LA),G,49.91776107264268,5.91813322566648
201800056907,NonLethal,2018-04-16,13:15:00,Daylight,973,302,Yes,NoIntersection,Normal,2Vehicles-BehindVehicles-Frontal,MADELEINE (ROUTE DE LA),G,49.910988520122224,5.909614773968944
201800056908,NonLethal,2018-04-17,12:55:00,Daylight,973,302,Yes,NoIntersection,Normal,3+Vehicles-Chain,MONTABO (ROUTE DE) 2,G,49.94259105614692,5.941363834108437
201800056909,NonLethal,2018-04-17,18:05:00,TwilightOrDawn,973,302,Yes,NoIntersection,Normal,2Vehicles-Behind,MANDELA  (BOULEVARD),G,49.935820256493216,5.937995815941908
201800056910,NonLethal,2018-04-18,10:10:00,Daylight,973,302,Yes,NoIntersection,Normal,2Vehicles-Side,GALMOT (AVENUE),G,49.93103127811791,5.932568623793467
201800056911,NonLethal,2018-04-18,16:15:00,Daylight,973,302,Yes,NoIntersection,Normal,2Vehicles-Side,MONTABO (ROUTE DE) 1,G,49.9439282831764,5.946075425395814
201800056912,NonLethal,2018-04-20,07:25:00,Daylight,973,302,Yes,NoIntersection,FogOrSmoke,2Vehicles-Behind,HAMEAU DES ENCENS (RUE D,G,49.920416394269154,5.922176455469848
201800056913,NonLethal,2018-04-21,08:55:00,Daylight,973,302,Yes,NoIntersection,HeavyRain,2Vehicles-Behind,Avenue de la liberté,G,49.93665804295676,5.937504035774254
201800056915,NonLethal,2018-04-23,09:26:00,Daylight,973,302,No,Other,Normal,2Vehicles-Side,MADELEINE (ROUTE DE LA),G,49.91870334851868,5.917496631809965
201800056916,NonLethal,2018-04-24,15:00:00,Daylight,973,302,Yes,T-type,Normal,2Vehicles-BehindVehicles-Frontal,RABAN (ROUTE DE),G,49.929112462073,5.929076199660345
201800056917,NonLethal,2018-04-25,22:00:00,NightStreelightsOff,973,302,Yes,X-type,Normal,2Vehicles-Side,CESAIRE (CITE),G,49.930163420051045,5.931473234880847
201800056918,NonLethal,2018-04-25,10:15:00,Daylight,973,302,Yes,NoIntersection,Normal,NoCollision,BADUEL (ROND POINT DE),G,49.93394551840996,5.933213862438224
201800056920,NonLethal,2018-04-26,18:00:00,Daylight,973,302,Yes,NoIntersection,Normal,2Vehicles-Behind,MADELEINE (ROUTE DE LA),G,48.88927663575901,5.89212251592204
201800056921,NonLethal,2018-04-29,13:55:00,Daylight,973,302,Yes,X-type,LightRain,2Vehicles-Side,MANDELA  (BOULEVARD),G,49.94022531400464,5.939944052959595
201800056922,NonLethal,2018-04-30,22:50:00,NightStreelightsOn,973,302,Yes,NoIntersection,Normal,2Vehicles-Side,ROUTE NATIONALE 3,G,49.90221291532661,5.903055309343142
201800056923,NonLethal,2018-04-30,15:52:00,Daylight,973,302,Yes,NoIntersection,Normal,2Vehicles-Behind,MANDELA  (BOULEVARD),G,49.94257915570352,5.939974743836765
201800056924,NonLethal,2018-04-30,17:00:00,Daylight,973,302,Yes,NoIntersection,LightRain,Other,LAFAURIE (CITE),G,49.93420329837102,5.933548376373879
201800056925,NonLethal,2018-01-05,22:15:00,NightStreelightsOn,973,302,Yes,NoIntersection,LightRain,Other,TIGRE (ROUTE DU),G,49.91301186455992,5.912783744024634
201800056926,NonLethal,2018-04-30,12:00:00,TwilightOrDawn,973,302,Yes,NoIntersection,Normal,Other,BARTHELEMY (RENE),G,49.93496017337262,5.936153675027879
201800056927,NonLethal,2018-04-30,07:30:00,Daylight,973,302,Yes,NoIntersection,Normal,Other,MONTABO (ROUTE DE) 1,G,49.934802611696746,5.936963710673646
201800056929,NonLethal,2018-05-03,13:35:00,Daylight,973,302,Yes,NoIntersection,Normal,2Vehicles-Side,MADELEINE (ROUTE DE LA),G,49.91681789967447,5.9163962880342815
201800056930,NonLethal,2018-05-04,17:15:00,Daylight,973,302,Yes,T-type,Normal,2Vehicles-Side,NEGRES MARONS (RUE DES),G,49.92161551392865,5.9221197535374
201800056931,NonLethal,2018-05-05,12:30:00,Daylight,973,302,Yes,NoIntersection,Normal,Other,BADUEL (ROUTE DE),G,49.93245900785118,5.9356802196832685
201800056932,NonLethal,2018-05-07,19:05:00,NightStreelightsOn,973,302,No,T-type,Normal,2Vehicles-Side,RABAN (ROUTE DE),G,49.92642019207048,5.928998485142897
201800056933,NonLethal,2018-08-05,15:52:00,Daylight,973,302,Yes,Other,Normal,2Vehicles-Behind,BONHOMME (CITE),G,49.92172815751884,5.921653327661367
201800056934,NonLethal,2018-07-05,11:58:00,Daylight,973,302,Yes,NoIntersection,Normal,2Vehicles-Side,GALMOT (AVENUE),G,49.93361205711315,5.932131242366267
201800056935,NonLethal,2018-05-09,17:45:00,Daylight,973,302,Yes,NoIntersection,Normal,3+Vehicles-Multiple,MADELEINE (ROUTE DE LA),G,49.91074407126428,5.909776008785837
201800056937,NonLethal,2018-12-05,11:30:00,Daylight,973,302,Yes,NoIntersection,LightRain,3+Vehicles-Chain,ROUTE NATIONALE 1,G,49.90531315427786,5.904996026024284
201800056938,NonLethal,2018-05-14,13:30:00,Daylight,973,302,Yes,NoIntersection,Normal,Other,BADUEL (ROUTE DE),G,49.92977911941472,5.930884524576117
201800056939,NonLethal,2018-05-15,10:00:00,Daylight,973,302,Yes,NoIntersection,Normal,Other,BADUEL (ROUTE DE),G,49.93860224989057,5.937137987155234
201800056940,NonLethal,2018-05-15,11:59:00,Daylight,973,302,Yes,NoIntersection,Normal,2Vehicles-Side,CATAYEE (JUSTIN),G,49.92935759990043,5.928011758137429
201800056941,NonLethal,2018-05-14,16:20:00,Daylight,973,302,Yes,NoIntersection,Normal,2Vehicles-BehindVehicles-Frontal,BADUEL (ROUTE DE),G,49.93261627077777,5.9322101179506594
201800056942,NonLethal,2018-05-15,16:12:00,Daylight,973,302,Yes,NoIntersection,Normal,Other,JADFARD (RENE),G,49.93399527824437,5.932715256232345
201800056944,NonLethal,2018-05-17,07:25:00,Daylight,973,302,Yes,Other,LightRain,Other,MONTABO (ROUTE DE) 1,G,49.942759607237896,5.942056888814231
201800056945,NonLethal,2018-05-17,08:20:00,Daylight,973,302,Yes,NoIntersection,Normal,2Vehicles-Behind,BADUEL (ROUTE DE),G,49.93258940473975,5.933644807038797
201800056946,NonLethal,2018-05-17,11:10:00,Daylight,973,302,Yes,NoIntersection,HeavyRain,2Vehicles-Behind,BADUEL (ROUTE DE),G,49.93026522484071,5.930281328132857
201800056947,NonLethal,2018-05-17,15:55:00,Daylight,973,302,Yes,NoIntersection,Normal,2Vehicles-Side,RABAN (ROUTE DE),G,49.91962192433899,5.919970559219826
201800056948,NonLethal,2018-05-18,06:55:00,Daylight,973,302,No,NoIntersection,Normal,2Vehicles-Behind,MARINGOUINS (ROND-POINT),G,49.90913372065294,5.909017920064167
201800056949,NonLethal,2018-05-18,15:00:00,Daylight,973,302,Yes,NoIntersection,Normal,2Vehicles-Side,BADUEL (ROUTE DE),G,49.93052596374461,5.9302922469195165
201800056950,NonLethal,2018-05-19,11:40:00,Daylight,973,302,Yes,NoIntersection,Overcast,2Vehicles-Behind,DE GAULLE (AVENUE),G,49.93988125727496,5.940278542193912
201800056951,NonLethal,2018-05-19,13:30:00,Daylight,973,302,Yes,NoIntersection,HeavyRain,Other,rue dodominsinga,G,49.92321550295493,5.923483911136036
201800056952,NonLethal,2018-04-26,18:00:00,TwilightOrDawn,973,302,Yes,NoIntersection,Normal,2Vehicles-Side,EAU-LISETTE (CITE),G,49.929740388059066,5.92826299226352
201800056953,Lethal,2018-05-23,10:50:00,Daylight,973,302,Yes,NoIntersection,Overcast,Other,MANDELA  (BOULEVARD),G,49.94101462413496,5.940748541749381
201800056954,NonLethal,2018-05-24,07:44:00,Daylight,973,302,Yes,Other,Normal,3+Vehicles-Multiple,MIRZA (CITE),G,49.9344495044551,5.933112374663841
201800056955,NonLethal,2018-05-24,13:30:00,Daylight,973,302,Yes,NoIntersection,Normal,3+Vehicles-Chain,AMUSANT (PAUL),G,49.933993130176205,5.933797934140374
201800056957,NonLethal,2018-05-21,17:52:00,TwilightOrDawn,973,302,Yes,NoIntersection,Normal,Other,BADUEL (ROUTE DE),G,49.92963903604909,5.927622019187055
201800056959,NonLethal,2018-05-25,10:25:00,Daylight,973,302,Yes,X-type,LightRain,2Vehicles-Side,JADFARD (RENE),G,49.93484446213365,5.93666238202916
201800056961,NonLethal,2018-05-25,20:33:00,NightStreelightsOn,973,302,Yes,NoIntersection,Normal,2Vehicles-Side,BADUEL (ROUTE DE),G,49.92945385941684,5.930113959436594
201800056963,NonLethal,2018-05-27,20:26:00,NightStreelightsOn,973,302,Yes,NoIntersection,Normal,2Vehicles-Side,MANGO (ROUTE),G,49.93016903592779,5.926875163597256
201800056964,NonLethal,2018-05-27,20:41:00,NightStreelightsOn,973,302,Yes,NoIntersection,Normal,Other,CABASSOU (ROUTE DE),G,49.92058023387704,5.920285867774217
201800056965,NonLethal,2018-05-30,17:10:00,Daylight,973,302,Yes,NoIntersection,Normal,2Vehicles-Side,BADUEL (ROUTE DE),G,49.93840446743636,5.939050214004875
201800056966,NonLethal,2018-05-30,18:35:00,NightStreelightsOn,973,302,Yes,NoIntersection,Normal,Other,BADUEL (ROUTE DE),G,49.93025194306865,5.931544638121574
201800056967,NonLethal,2018-06-01,09:45:00,Daylight,973,302,Yes,NoIntersection,Normal,2Vehicles-Side,MANGO (ROUTE),G,49.93115982980494,5.929217929107605
201800056968,NonLethal,2018-02-06,15:20:00,Daylight,973,302,Yes,NoIntersection,Normal,2Vehicles-Side,BADUEL (ROUTE DE),G,49.93052747878285,5.931831358843621
201800056969,NonLethal,2018-06-05,14:33:00,Daylight,973,302,No,NoIntersection,Normal,Other,MADELEINE (ROUTE DE LA),G,49.92258249509548,5.922776427612144
201800056970,NonLethal,2018-06-05,17:41:00,Daylight,973,302,No,NoIntersection,Normal,2Vehicles-Side,MONTABO (ROUTE DE) 1,G,49.93704242042752,5.937428887457327
201800056971,NonLethal,2018-08-06,12:35:00,Daylight,973,302,Yes,NoIntersection,Normal,2Vehicles-Side,MADELEINE (ROUTE DE LA),G,49.92940178243168,5.927466530552686
201800056972,NonLethal,2018-08-06,18:20:00,Daylight,973,302,Yes,NoIntersection,Normal,2Vehicles-Side,BADUEL (ROND POINT DE),G,49.92769676956134,5.9291624460140016
201800056973,NonLethal,2018-08-06,21:14:00,NightStreelightsOn,973,302,Yes,NoIntersection,Normal,2Vehicles-Side,RABAN (ROUTE DE),G,49.92574405173307,5.924698702499951
201800056974,NonLethal,2018-06-08,13:30:00,Daylight,973,302,Yes,NoIntersection,Normal,2Vehicles-BehindVehicles-Frontal,MADELEINE (ROUTE DE LA),G,49.91330862131972,5.914220011079327
201800056975,NonLethal,2018-11-06,19:26:00,NightStreelightsOn,973,302,Yes,NoIntersection,LightRain,Other,MANGO (ROUTE),G,49.93135712366999,5.932557797784305
201800056977,NonLethal,2018-06-13,09:55:00,Daylight,973,302,Yes,NoIntersection,LightRain,2Vehicles-Side,CATAYEE (JUSTIN),G,49.93016410560812,5.92941458434453
201800056978,NonLethal,2018-06-14,15:20:00,Daylight,973,302,Yes,T-type,Normal,Other,MANDELA  (BOULEVARD),G,49.940075803142605,5.941507168378937
201800056980,NonLethal,2018-06-19,07:10:00,Daylight,973,302,Yes,X-type,Normal,2Vehicles-Side,MEDAN (cit),G,49.93614002235668,5.9351906452637975
201800056982,NonLethal,2018-06-23,13:50:00,Daylight,973,302,No,NoIntersection,Normal,2Vehicles-Behind,MONTABO (ROUTE DE) 2,G,49.94269274689931,5.943049522981777
201800056984,NonLethal,2018-06-25,21:30:00,NightStreelightsOn,973,302,Yes,NoIntersection,LightRain,2Vehicles-BehindVehicles-Frontal,ZEPHIR (ROCADE),G,49.93625938742353,5.9387047315727415
201800056985,NonLethal,2018-06-27,09:06:00,Daylight,973,302,Yes,Other,Normal,2Vehicles-Side,FELIX EBOUE (Rue),G,49.94035608674151,5.9410224181849625
201800056986,NonLethal,2018-06-27,15:50:00,Daylight,973,302,Yes,NoIntersection,Normal,2Vehicles-Side,BADUEL (ROUTE DE),G,49.92947517344549,5.928343988707452
201800056989,NonLethal,2018-07-02,10:05:00,Daylight,973,302,Yes,X-type,Normal,2Vehicles-Side,LALLOUETTE(RUE),G,49.94205875943733,5.940813220538505
201800056990,NonLethal,2018-07-03,19:55:00,NightNoStreetLight,973,302,Yes,NoIntersection,Normal,2Vehicles-Behind,RABAN (ROUTE DE),G,49.91914297230515,5.917892789055639
201800056991,NonLethal,2018-04-07,16:30:00,Daylight,973,302,Yes,X-type,Normal,3+Vehicles-Chain,CABASSOU (ROUTE DE),G,49.917614718139504,5.919879896675377
201800056992,NonLethal,2018-07-05,22:05:00,NightStreelightsOn,973,302,Yes,NoIntersection,Normal,2Vehicles-BehindVehicles-Frontal,MADELEINE (ROUTE DE LA),G,49.930802615227975,5.929340765800882
201800056993,NonLethal,2018-06-07,14:38:00,Daylight,973,302,No,NoIntersection,Normal,2Vehicles-Behind,MONTABO (ROUTE DE) 1,G,49.94193106913324,5.941569713760198
201800056995,NonLethal,2018-07-11,18:50:00,Daylight,973,302,No,NoIntersection,Normal,2Vehicles-Side,MANDELA  (BOULEVARD),G,49.94016076992906,5.939543572250508
201800056996,NonLethal,2018-07-12,07:37:00,Daylight,973,302,Yes,NoIntersection,Normal,2Vehicles-Behind,ROUTE NATIONALE 1,G,49.926687664845886,5.926467510428619
201800056997,NonLethal,2018-07-13,08:40:00,Daylight,973,302,Yes,NoIntersection,Normal,2Vehicles-Behind,RABAN (ROUTE DE),G,49.92849850549212,5.92714365157727
201800056998,NonLethal,2018-07-20,23:50:00,NightStreelightsOff,973,302,Yes,NoIntersection,Normal,2Vehicles-Behind,KATOURY (LOTISSEMENT),G,49.94392813923758,5.947354309691768
201800056999,NonLethal,2018-07-21,07:20:00,Daylight,973,302,Yes,X-type,Normal,2Vehicles-Side,DIGUE RONJON,G,49.93372041839239,5.933883941446574
201800057000,Lethal,2018-07-22,01:00:00,NightStreelightsOn,973,302,Yes,NoIntersection,Normal,Other,BADUEL (ROUTE DE),G,49.931880409880925,5.931780157711137
201800057002,NonLethal,2018-07-24,13:10:00,Daylight,973,302,No,NoIntersection,LightRain,3+Vehicles-Chain,MARINGOUINS (ROND-POINT),G,49.908162642032686,5.907582031176637
201800057003,NonLethal,2018-07-28,09:10:00,Daylight,973,302,Yes,NoIntersection,Normal,2Vehicles-Behind,PASTEUR (AVENUE LOUIS),G,49.94296666753639,5.944044809546105
201800057005,NonLethal,2018-07-26,15:46:00,Daylight,973,302,Yes,NoIntersection,Normal,Other,BOULEVARD DES CITES,G,49.92189198846408,5.921850872509712
201800057009,NonLethal,2018-08-05,08:30:00,Daylight,973,302,Yes,NoIntersection,Normal,2Vehicles-Behind,MADELEINE (ROUTE DE LA),G,49.91376916552236,5.914552956772729
201800057012,NonLethal,2018-09-08,11:25:00,Daylight,973,302,No,NoIntersection,Normal,3+Vehicles-Chain,MADELEINE (ROUTE DE LA),G,49.92164600040255,5.922619415531557
201800057013,NonLethal,2018-11-08,10:20:00,Daylight,973,302,Yes,NoIntersection,Normal,2Vehicles-Behind,BLANC (LOUIS),G,49.93600035081312,5.936564784162611
201800057014,Lethal,2018-08-11,23:37:00,NightStreelightsOn,973,302,Yes,NoIntersection,Normal,3+Vehicles-Multiple,Bd Mandela,G,49.934693942094114,5.933775904966173
201800057015,NonLethal,2018-08-12,22:30:00,NightStreelightsOn,973,302,Yes,NoIntersection,Normal,2Vehicles-BehindVehicles-Frontal,RABAN (ROUTE DE),G,49.93216159131059,5.931689499177019
201800057016,NonLethal,2018-08-15,14:20:00,Daylight,973,302,Yes,NoIntersection,Normal,2Vehicles-BehindVehicles-Frontal,BRUTUS (CITE),G,49.93631336808935,5.93593123286017
201800057019,NonLethal,2018-08-20,00:01:00,NightStreelightsOn,973,302,No,Roundabout,Normal,NoCollision,LEBLOND (ROND POINT),G,49.922760811762586,5.921054164998826
201800057020,NonLethal,2018-08-20,12:00:00,Daylight,973,302,Yes,T-type,Normal,2Vehicles-Side,14 ET 22 JUIN 1962,G,49.93471738386864,5.9342453028014175
201800057021,NonLethal,2018-08-21,13:15:00,Daylight,973,302,Yes,NoIntersection,Normal,Other,VOLTAIRE(AVENUE),G,49.94169866257504,5.9433612944299785
201800057022,NonLethal,2018-08-22,16:45:00,Daylight,973,302,Yes,X-type,Normal,2Vehicles-Side,TROUBIRAN (CHEMIN DE),G,49.92122498903264,5.922215994294008
201800057023,NonLethal,2018-08-22,22:20:00,NightStreelightsOn,973,302,Yes,NoIntersection,Normal,2Vehicles-Side,BADUEL (ROUTE DE),G,49.929109249425686,5.929031533886278
201800057024,NonLethal,2018-08-22,19:00:00,NightStreelightsOn,973,302,Yes,NoIntersection,Normal,2Vehicles-Side,UNIVERSITE CHICAGO (RUE,G,49.93422912302589,5.934530181054232
201800057025,NonLethal,2018-08-22,19:35:00,NightNoStreetLight,973,302,Yes,NoIntersection,Normal,2Vehicles-Side,FELIX EBOUE(ROCADE),G,49.92906182945708,5.929619229668696
201800057026,NonLethal,2018-08-21,17:55:00,Daylight,973,302,Yes,Other,Normal,2Vehicles-Side,MADELEINE (ROUTE DE LA),G,49.91164682669484,5.91029315980154
201800057027,NonLethal,2018-08-25,12:55:00,Daylight,973,302,Yes,NoIntersection,Normal,2Vehicles-Side,RABAN (ROUTE DE),G,49.93326126187764,5.933405360070439
201800057028,NonLethal,2018-08-25,12:00:00,Daylight,973,302,Yes,T-type,Normal,2Vehicles-Side,MADELEINE (ROUTE DE LA),G,49.915532736215766,5.9139611827474985
201800057030,NonLethal,2018-08-27,01:55:00,NightStreelightsOn,973,302,Yes,NoIntersection,Normal,2Vehicles-Behind,MADELEINE (ROUTE DE LA),G,49.912946967983295,5.913736458360188