AccidentId,Gravity,Date,Hour,Light,Department,Commune,InAgglomeration,IntersectionType,Weather,CollisionType,PostalAddress,GPSCode,Latitude,Longitude
201800057031,NonLethal,2018-08-27,20:30:00,NightStreelightsOn,973,302,Yes,X-type,Normal,2Vehicles-BehindVehicles-Frontal,FELIX EBOUE(ROCADE),G,49.92737432273202,5.929917402175119
201800057032,NonLethal,2018-08-29,20:15:00,NightStreelightsOn,973,302,Yes,Other,Normal,2Vehicles-Side,CATAYEE (JUSTIN),G,49.935110712063725,5.930498704054818
201800057033,NonLethal,2018-08-30,15:45:00,Daylight,973,302,Yes,X-type,Normal,Other,EBOUE (ROCADE FELIX),G,49.93120012559099,5.930822687281335
201800057034,NonLethal,2018-09-01,07:30:00,Daylight,973,302,Yes,NoIntersection,Normal,2Vehicles-BehindVehicles-Frontal,RABAN (ROUTE DE),G,49.929229386946936,5.929597590940858
201800057036,NonLethal,2018-09-06,08:24:00,Daylight,973,302,Yes,NoIntersection,Normal,2Vehicles-Side,MERE THERESA (rue),G,49.91876633884565,5.919672525353051
201800057037,NonLethal,2018-06-09,20:20:00,NightStreelightsOn,973,302,Yes,Other,Normal,2Vehicles-Side,MANDELA  (BOULEVARD),G,49.93513059439485,5.932868862308186
201800057038,NonLethal,2018-07-09,14:25:00,Daylight,973,302,Yes,NoIntersection,Normal,2Vehicles-Side,MADELEINE (ROUTE DE LA),G,49.920101938815534,5.9183304457040125
201800057039,NonLethal,2018-09-07,13:21:00,Daylight,973,302,No,NoIntersection,Normal,Other,BADUEL (ROUTE DE),G,49.92776260267834,5.930367270389493
201800057040,NonLethal,2018-09-10,17:20:00,Daylight,973,302,No,Other,Normal,2Vehicles-Side,ROUTE NATIONALE 1,G,49.92776255656051,5.925761181514881
201800057041,NonLethal,2018-09-11,11:47:00,Daylight,973,302,Yes,X-type,Normal,2Vehicles-Side,BLANC (LOUIS),G,49.937496968746174,5.938950011141542
201800057042,NonLethal,2018-12-09,07:25:00,Daylight,973,302,Yes,NoIntersection,Normal,2Vehicles-Side,BADUEL (ROUTE DE),G,49.93390990256028,5.931688872223182
201800057044,NonLethal,2018-09-19,15:05:00,Daylight,973,302,Yes,NoIntersection,Normal,Other,RABAN (ROUTE DE),G,49.93076952377144,5.928842292041022
201800057045,NonLethal,2018-09-19,20:30:00,NightStreelightsOn,973,302,Yes,Roundabout,Normal,Other,PETIT MONACO (ROND-POINT,G,49.93866055333627,5.943106358433071
201800057046,NonLethal,2018-09-21,09:31:00,Daylight,973,302,Yes,Roundabout,Normal,Other,BADUEL (ROUTE DE),G,49.937955033115166,5.936907204723208
201800057047,NonLethal,2018-09-22,20:09:00,NightStreelightsOn,973,302,No,NoIntersection,Normal,2Vehicles-Side,ROUTE NATIONALE 1,G,49.91374279351702,5.913232218025753
201800057048,NonLethal,2018-09-25,12:20:00,Daylight,973,302,Yes,NoIntersection,Normal,Other,BADUEL (ROUTE DE),G,49.93265620194227,5.932343394150857
201800057049,NonLethal,2018-09-27,08:14:00,Daylight,973,302,Yes,NoIntersection,Normal,2Vehicles-Side,MONTABO (ROUTE DE) 2,G,49.93548029361055,5.935900884843551
201800057051,NonLethal,2018-09-26,07:30:00,Daylight,973,302,Yes,NoIntersection,Normal,Other,VOLTAIRE(AVENUE),G,49.94309460826349,5.94357280380152
201800057052,NonLethal,2018-09-28,17:00:00,Daylight,973,302,No,NoIntersection,Normal,2Vehicles-Side,BADUEL (ROUTE DE),G,49.933629290935606,5.933101264413413
201800057053,NonLethal,2018-09-28,18:15:00,TwilightOrDawn,973,302,Yes,NoIntersection,Normal,Other,AMUSANT (PAUL),G,49.934700788454144,5.934902108631358
201800057054,NonLethal,2018-09-30,09:20:00,Daylight,973,302,Yes,Other,Normal,2Vehicles-Side,MANDELA  (BOULEVARD),G,49.93843595365605,5.938899880897357
201800057055,NonLethal,2018-03-10,07:00:00,Daylight,973,302,Yes,Other,Normal,2Vehicles-Side,MONTABO (ROUTE DE) 2,G,49.94063990218653,5.941681806196468
201800057056,NonLethal,2018-04-10,15:55:00,Daylight,973,302,No,Other,Normal,Other,MADELEINE (ROUTE DE LA),G,49.90937084938404,5.91020111464712
201800057057,NonLethal,2018-10-04,18:50:00,TwilightOrDawn,973,302,No,T-type,Normal,Other,MADELEINE (ROUTE DE LA),G,49.913221473215735,5.9142451402094816
201800057059,NonLethal,2018-05-10,12:25:00,Daylight,973,302,Yes,NoIntersection,Normal,2Vehicles-Side,TECLE (EUGENE) CITE THEM,G,49.93433786199184,5.933589453488856
201800057060,NonLethal,2018-10-06,12:05:00,Daylight,973,302,Yes,Other,Normal,2Vehicles-Side,CATAYEE (JUSTIN),G,49.926368657963735,5.927764532737712
201800057061,Lethal,2018-10-06,20:25:00,NightStreelightsOn,973,302,Yes,Other,Normal,2Vehicles-Side,BADUEL (ROUTE DE),G,49.92800337182501,5.930382998710389
201800057063,NonLethal,2018-09-28,13:10:00,Daylight,973,302,Yes,NoIntersection,Normal,2Vehicles-Side,MADELEINE (ROUTE DE LA),G,49.916684542482514,5.917590574436448
201800057064,NonLethal,2018-10-09,14:00:00,Daylight,973,302,Yes,NoIntersection,Normal,2Vehicles-Side,UNIVERSITE CHICAGO (RUE,G,49.93824235564571,5.935301040502893
201800057065,NonLethal,2018-10-08,12:55:00,Daylight,973,302,No,NoIntersection,Normal,3+Vehicles-Chain,FELIX EBOUE(ROCADE),G,49.93781411707669,5.936848136540103
201800057066,NonLethal,2018-10-09,15:30:00,Daylight,973,302,Yes,X-type,Normal,Other,BADUEL (ROUTE DE),G,49.93711110331483,5.9399491172038426
201800057067,NonLethal,2018-10-10,10:15:00,Daylight,973,302,Yes,Other,Normal,2Vehicles-Side,BADUEL (ROUTE DE),G,49.93124888084029,5.9315886951606
201800057068,NonLethal,2018-11-10,20:50:00,NightStreelightsOn,973,302,Yes,NoIntersection,Normal,Other,GALMOT (AVENUE),G,49.9296341034964,5.929047112381261
201800057069,NonLethal,2018-10-10,07:40:00,Daylight,973,302,Yes,NoIntersection,Normal,Other,MONTABO (ROUTE DE) 1,G,49.94131667882208,5.941494269387944
201800057070,NonLethal,2018-10-10,12:25:00,Daylight,973,302,Yes,NoIntersection,Normal,2Vehicles-Side,MADELEINE (ROUTE DE LA),G,49.913959139341856,5.912882247652718
201800057071,NonLethal,2018-12-10,20:10:00,NightStreelightsOn,973,302,Yes,NoIntersection,Normal,NoCollision,MADELEINE (ROUTE DE LA),G,49.91215152139508,5.912956860721327
201800057072,NonLethal,2018-10-12,23:00:00,NightStreelightsOn,973,302,Yes,NoIntersection,Normal,Other,CABASSOU (ROUTE DE),G,49.92392025230889,5.923555216102875
201800057074,NonLethal,2018-10-15,19:36:00,NightStreelightsOn,973,302,Yes,X-type,Normal,NoCollision,EBOUE (ROCADE FELIX),G,49.92974535977498,5.931683949072139
201800057076,NonLethal,2018-10-15,16:00:00,Daylight,973,302,Yes,Roundabout,Normal,2Vehicles-Side,MARINGOUINS (ROND-POINT),G,49.907368068904304,5.907727183585977
201800057077,NonLethal,2018-10-17,10:50:00,Daylight,973,302,Yes,NoIntersection,Normal,Other,JUILLET (RUE DU 14),G,49.94308643293984,5.941432232518024
201800057078,NonLethal,2018-10-17,17:55:00,TwilightOrDawn,973,302,Yes,Other,Normal,NoCollision,BADUEL (ROUTE DE),G,49.93326284689406,5.932656586733908
201800057079,NonLethal,2018-10-19,19:00:00,NightStreelightsOn,973,302,Yes,T-type,Normal,Other,PREVOT (ERNEST),G,49.93244779103159,5.9329317630015
201800057081,NonLethal,2018-10-22,01:25:00,NightStreelightsOn,973,302,Yes,NoIntersection,Normal,Other,CATAYEE (JUSTIN),G,49.93901220766077,5.937897351893303
201800057082,NonLethal,2018-10-22,11:28:00,Daylight,973,302,Yes,NoIntersection,Normal,2Vehicles-Behind,REMIRE (DE),G,49.93885387216565,5.936986282912578
201800057083,NonLethal,2018-10-23,10:35:00,Daylight,973,302,Yes,NoIntersection,Normal,2Vehicles-Side,BOUDINOT (AUGUSTE) CITE,G,49.93500617633846,5.93301188430379
201800057085,NonLethal,2018-10-25,22:50:00,NightStreelightsOn,973,302,No,NoIntersection,Normal,Other,TIGRE (ROUTE DU),G,49.90366315194933,5.904364299574345
201800057086,NonLethal,2018-10-26,12:06:00,Daylight,973,302,Yes,NoIntersection,Normal,Other,TROUBIRAN (CHEMIN DE),G,49.926154827792985,5.926960511052395
201800057088,NonLethal,2018-10-27,23:47:00,NightStreelightsOn,973,302,Yes,NoIntersection,Normal,NoCollision,PREVOT (ERNEST),G,49.933899490792506,5.932580615934205
201800057089,NonLethal,2018-10-29,16:50:00,Daylight,973,302,Yes,NoIntersection,Normal,Other,FLAMBOYANTS (RUE DES),G,49.92532978237577,5.9257632168027925
201800057090,NonLethal,2018-10-27,12:20:00,Daylight,973,302,Yes,X-type,Normal,2Vehicles-Side,Route de montabo,G,49.944615552077,5.943590214955909
201800057091,NonLethal,2018-10-31,15:00:00,Daylight,973,302,Yes,X-type,Normal,3+Vehicles-Multiple,FELIX EBOUE(ROCADE),G,49.931493986452764,5.9309728321583846
201800057094,NonLethal,2018-11-03,20:48:00,NightStreelightsOn,973,302,Yes,NoIntersection,Normal,2Vehicles-Side,BADUEL (ROUTE DE),G,49.93233932710809,5.930478278396035
201800057096,NonLethal,2018-11-06,16:55:00,Daylight,973,302,Yes,X-type,Normal,2Vehicles-Side,(ANDRE) ARON,G,49.942501269583936,5.943727954833493
201800057097,NonLethal,2018-07-11,06:50:00,Daylight,973,302,Yes,NoIntersection,Normal,Other,ZEPHIR (ROCADE),G,49.937703655226535,5.939900651873802
201800057098,NonLethal,2018-11-07,10:30:00,Daylight,973,302,Yes,NoIntersection,Normal,2Vehicles-Side,BADUEL (ROUTE DE),G,49.93067643659967,5.9293542945530815
201800057099,NonLethal,2018-08-11,15:25:00,Daylight,973,302,Yes,NoIntersection,Normal,2Vehicles-Side,ZEPHIR (ROCADE),G,49.94268231857773,5.944514359730973
201800057100,NonLethal,2018-08-11,18:50:00,TwilightOrDawn,973,302,Yes,X-type,Normal,2Vehicles-Side,UNIVERSITE CHICAGO (RUE,G,49.92264270161497,5.923910668074976
201800057102,NonLethal,2018-11-05,18:00:00,Daylight,973,302,Yes,NoIntersection,Normal,2Vehicles-Side,CABASSOU (ROUTE DE),G,49.91899835208851,5.918433536358415
201800057103,NonLethal,2018-11-12,07:30:00,Daylight,973,302,Yes,NoIntersection,Normal,2Vehicles-Behind,CATAYEE (JUSTIN),G,49.94034446643238,5.9400421234543535
201800057104,NonLethal,2018-11-12,12:34:00,Daylight,973,302,Yes,NoIntersection,Normal,Other,FELIX EBOUE (Rue),G,49.935488101096645,5.93679083123221
201800057105,NonLethal,2018-11-13,12:03:00,Daylight,973,302,Yes,Roundabout,Normal,Other,RECTORAT (ROND POINT),G,49.93245841651992,5.932537104501006
201800057107,NonLethal,2018-11-15,06:52:00,Daylight,973,302,No,Other,Normal,2Vehicles-Behind,ROUTE NATIONALE l,G,49.90976571960189,5.908059061441247
201800057108,NonLethal,2018-11-14,13:18:00,Daylight,973,302,Yes,Other,Normal,2Vehicles-Side,BRUTUS (CITE),G,49.937237169010906,5.938815749887645
201800057109,NonLethal,2018-11-15,11:30:00,Daylight,973,302,Yes,NoIntersection,Normal,Other,BADUEL (ROUTE DE),G,49.93831943282805,5.9385234758634216
201800057110,NonLethal,2018-11-16,06:05:00,TwilightOrDawn,973,302,Yes,X-type,Normal,2Vehicles-Side,JUILLET (RUE DU 14),G,49.94265941149325,5.940971561102966
201800057111,NonLethal,2018-11-16,19:12:00,NightStreelightsOn,973,302,Yes,NoIntersection,Normal,2Vehicles-Side,CABASSOU (ROUTE DE),G,49.927857161023766,5.924817647823463
201800057112,NonLethal,2018-11-19,20:25:00,NightStreelightsOn,973,302,Yes,X-type,HeavyRain,Other,ARAGO (FRANCOIS),G,49.93612489695209,5.936463914747624
201800057113,NonLethal,2018-11-17,20:45:00,NightStreelightsOn,973,302,Yes,NoIntersection,Normal,2Vehicles-Behind,ROUTE NATIONALE 1,G,49.90656978370728,5.905704196546125
201800057115,NonLethal,2018-11-22,18:35:00,NightStreelightsOn,973,302,Yes,Other,Normal,2Vehicles-Side,MADELEINE (ROUTE DE LA),G,49.920033374019695,5.918672824711402
201800057117,NonLethal,2018-11-23,19:20:00,NightNoStreetLight,973,302,No,Other,LightRain,2Vehicles-Behind,ROUTE NATIONALE 1,G,48.89284746063574,5.892088314568915
201800057118,NonLethal,2018-11-24,18:40:00,NightStreelightsOn,973,302,Yes,NoIntersection,Normal,Other,MADELEINE (ROUTE DE LA),G,49.91465650251265,5.914868249497638
201800057119,NonLethal,2018-11-25,02:30:00,NightStreelightsOn,973,302,Yes,X-type,Normal,2Vehicles-Behind,BADUEL (ROUTE DE),G,49.93082799638103,5.930740606513901
201800057120,NonLethal,2018-11-28,13:30:00,Daylight,973,302,Yes,T-type,Normal,2Vehicles-Side,MADELEINE (ROUTE DE LA),G,49.9169508087924,5.915889871618982
201800057121,NonLethal,2018-11-30,11:03:00,Daylight,973,302,Yes,NoIntersection,Normal,Other,RABAN (ROUTE DE),G,49.93159929760927,5.9307410690712565
201800057122,NonLethal,2018-11-29,12:10:00,Daylight,973,302,Yes,NoIntersection,Normal,2Vehicles-BehindVehicles-Frontal,GALMOT (ZONE ARTISANALE),G,49.93094501979006,5.931055468959736
201800057123,NonLethal,2018-11-30,14:35:00,Daylight,973,302,Yes,NoIntersection,Normal,2Vehicles-Side,MADELEINE (ROUTE DE LA),G,49.90895047098323,5.909652391188561
201800057124,NonLethal,2018-12-04,18:35:00,NightStreelightsOn,973,302,Yes,NoIntersection,Normal,2Vehicles-Side,BADUEL (ROUTE DE),G,49.92943250758523,5.9263033774657154
201800057125,NonLethal,2018-06-12,07:40:00,Daylight,973,302,Yes,X-type,LightRain,Other,JASMIN(LOTISSEMENT),G,49.91789827348944,5.917535841803512
201800057126,NonLethal,2018-12-07,18:45:00,NightStreelightsOn,973,302,Yes,NoIntersection,Normal,2Vehicles-BehindVehicles-Frontal,RABAN (ROUTE DE),G,49.92799481266577,5.927491109648667
201800057127,NonLethal,2018-12-05,20:45:00,NightStreelightsOff,973,302,Yes,NoIntersection,LightRain,2Vehicles-BehindVehicles-Frontal,TROUBIRAN (CHEMIN DE),G,49.932850998230286,5.933935449092554
201800057128,NonLethal,2018-07-12,20:25:00,NightNoStreetLight,973,302,Yes,NoIntersection,Normal,2Vehicles-BehindVehicles-Frontal,DIGUE RONJON,G,49.9329758111375,5.934562688215762
201800057129,NonLethal,2018-12-10,07:05:00,Daylight,973,302,Yes,NoIntersection,Normal,2Vehicles-Side,LEBLOND (ROND POINT),G,49.92421132867354,5.92150165329902
201800057130,NonLethal,2018-12-10,07:55:00,Daylight,973,302,Yes,NoIntersection,Normal,2Vehicles-Side,TROUBIRAN (CHEMIN DE),G,49.91810678547958,5.917676148633158
201800057131,NonLethal,2018-12-12,14:00:00,Daylight,973,302,Yes,NoIntersection,Normal,2Vehicles-Side,MANDELA  (BOULEVARD),G,49.93195023352398,5.931905637023406
201800057132,NonLethal,2018-12-14,08:35:00,Daylight,973,302,Yes,Other,Normal,2Vehicles-Side,BADUEL (ROUTE DE),G,49.92764595555549,5.927484803469115
201800057133,NonLethal,2018-12-14,16:45:00,Daylight,973,302,No,NoIntersection,Normal,2Vehicles-Side,MONTABO (ROUTE DE) 3,G,49.93833518870469,5.934057311390328
201800057134,NonLethal,2018-12-14,12:20:00,Daylight,973,302,Yes,Other,Normal,Other,BADUEL (ROUTE DE),G,49.9282650354164,5.930877480649822
201800057135,NonLethal,2018-12-16,15:15:00,Daylight,973,302,Yes,NoIntersection,Normal,2Vehicles-Side,FELIX EBOUE(ROCADE),G,49.93625219432029,5.937686059495228
201800057136,NonLethal,2018-12-16,23:00:00,NightStreelightsOff,973,302,No,NoIntersection,LightRain,2Vehicles-Behind,ROUTE NATIONALE 1,G,49.90294834274064,5.904045377159287
201800057138,NonLethal,2018-12-17,11:55:00,Daylight,973,302,Yes,NoIntersection,Normal,Other,DE GAULLE (AVENUE),G,49.93935666390179,5.93830314824071
201800057139,NonLethal,2018-11-17,15:15:00,Daylight,973,302,Yes,NoIntersection,Normal,2Vehicles-BehindVehicles-Frontal,RABAN (ROUTE DE),G,49.93265657481191,5.93362383354936
201800057140,NonLethal,2018-12-20,20:22:00,NightNoStreetLight,973,302,No,T-type,Normal,2Vehicles-Side,ROUTE NATIONALE 3,G,49.90513180674299,5.901885066946692
201800057142,NonLethal,2018-12-21,16:22:00,Daylight,973,302,Yes,NoIntersection,Normal,Other,MANDELA  (BOULEVARD),G,49.94051244461617,5.941361723396705
201800057143,NonLethal,2018-12-21,18:15:00,Daylight,973,302,Yes,NoIntersection,Normal,Other,JASMIN(LOTISSEMENT),G,49.91819306107145,5.919163342079677
201800057144,NonLethal,2018-12-22,22:00:00,NightStreelightsOn,973,302,Yes,NoIntersection,HeavyRain,NoCollision,DE GAULLE (AVENUE),G,49.94114336669288,5.940626392038135
201800057145,NonLethal,2018-12-22,11:40:00,Daylight,973,302,Yes,Roundabout,LightRain,2Vehicles-Side,ROUTE NATIONALE 1,G,49.93155065789475,5.931651402943427
201800057146,NonLethal,2018-12-22,12:05:00,Daylight,973,302,Yes,X-type,Normal,2Vehicles-Side,CABASSOU (ROUTE DE),G,49.918731991963774,5.920367996318998
201800057147,NonLethal,2018-12-24,10:05:00,Daylight,973,302,Yes,Other,Normal,2Vehicles-Side,BADUEL (ROUTE DE),G,49.93872099385612,5.938369425560206
201800057148,NonLethal,2018-12-25,14:32:00,Daylight,973,302,No,NoIntersection,Normal,NoCollision,MADELEINE (ROUTE DE LA),G,49.90870758974404,5.908821442033288
201800057149,NonLethal,2018-12-26,17:30:00,Daylight,973,302,Yes,NoIntersection,HeavyRain,Other,CATAYEE (JUSTIN),G,49.94044205673826,5.939357055447328
201800057151,NonLethal,2018-12-30,03:00:00,NightStreelightsOn,973,302,No,NoIntersection,Normal,NoCollision,ROUTE NATIONALE 1,G,49.91220484383479,5.914234330906456
201800057152,NonLethal,2018-12-27,21:20:00,NightStreelightsOn,973,302,Yes,NoIntersection,Normal,2Vehicles-Side,BRUTUS (CITE),G,49.93489626659776,5.935590067391722
201800057153,NonLethal,2018-09-01,12:15:00,Daylight,974,407,Yes,X-type,Normal,2Vehicles-Side,Rue Ambroise Croizat,R,20.94200238522188,5.940318961244903
201800057154,NonLethal,2018-01-08,18:40:00,Daylight,974,407,Yes,NoIntersection,Normal,2Vehicles-BehindVehicles-Frontal,Rue Simon Pernic,R,20.9514371586643,5.949156408272701
201800057155,NonLethal,2018-01-31,05:55:00,Daylight,974,407,No,NoIntersection,Normal,NoCollision,Av Compagnie des Indes,R,20.943006969186197,5.944409781263118
201800057156,Lethal,2018-01-30,18:25:00,Daylight,974,407,Yes,NoIntersection,Normal,Other,Rue Charles Fourrier,R,20.953618706704304,5.951123097899881
201800057157,NonLethal,2018-11-17,14:30:00,Daylight,974,407,Yes,NoIntersection,Normal,NoCollision,Route Nationale 1,R,20.957132689304284,5.9588291305366905
201800057158,NonLethal,2018-02-01,06:50:00,Daylight,974,407,Yes,NoIntersection,Normal,2Vehicles-Side,Boulevard de Verdun,R,20.94195073706051,5.940548804270593
201800057159,NonLethal,2018-07-02,09:35:00,Daylight,974,407,Yes,X-type,Normal,2Vehicles-Side,Boulevard de Toulouse,R,20.94455363158576,5.944841947354852
201800057160,NonLethal,2018-10-02,11:30:00,Daylight,974,407,Yes,NoIntersection,Normal,2Vehicles-Behind,Av du 14 Juillet 1789,R,20.932761571660148,5.933108171269963
201800057161,NonLethal,2018-02-10,20:35:00,NightNoStreetLight,974,407,Yes,NoIntersection,Normal,Other,Avenue de Tamatave,R,20.93094091641781,5.930149442899798
201800057162,NonLethal,2018-01-01,01:30:00,NightStreelightsOn,974,407,Yes,NoIntersection,Normal,NoCollision,Rue Rome,R,20.94272864020024,5.941520344088227
201800057163,NonLethal,2018-01-01,01:10:00,NightStreelightsOn,974,407,Yes,NoIntersection,Normal,NoCollision,Rue Auguste Rodin,R,20.957245776770225,5.957300465163158
201800057164,NonLethal,2018-02-17,20:10:00,NightStreelightsOn,974,407,Yes,NoIntersection,Normal,2Vehicles-Side,Rue Beaudelaire,R,20.93593068977297,5.935939471843559
201800057165,NonLethal,2018-02-20,11:00:00,Daylight,974,407,Yes,X-type,Normal,2Vehicles-Side,VERDUN (BOULEVARD),R,20.940494395168937,5.9408123520291936
201800057167,NonLethal,2018-03-05,19:30:00,NightNoStreetLight,974,407,Yes,Roundabout,HeavyRain,2Vehicles-Side,ROUTE DU SACRE COEUR,R,,
201800057168,NonLethal,2018-03-06,20:00:00,NightStreelightsOn,974,407,Yes,Roundabout,LightRain,2Vehicles-Side,ROUTE DU SACRE COEUR,R,,
201800057169,NonLethal,2018-09-03,09:15:00,Daylight,974,407,No,NoIntersection,Normal,2Vehicles-Side,OWENS JAMES,R,20.93423378425808,5.935721803030919
201800057170,NonLethal,2018-03-18,17:00:00,Daylight,974,407,Yes,NoIntersection,Normal,Other,20 DECEMBRE 1948(AVENUE,R,20.93661033062515,5.937692188123611
201800057171,Lethal,2018-01-01,04:28:00,NightStreelightsOn,974,407,Yes,NoIntersection,Normal,Other,Avenue Commune de Paris,R,20.944109819989148,5.946241933839077
201800057172,NonLethal,2018-03-18,11:45:00,Daylight,974,407,Yes,NoIntersection,Normal,Other,FREINET CELESTIN (ALLEE),R,,
201800057173,NonLethal,2018-02-28,16:35:00,Daylight,974,407,No,NoIntersection,Normal,3+Vehicles-Multiple,Route Nationale 1,R,20.95049012617157,5.951887734414459
201800057174,NonLethal,2018-04-08,22:33:00,NightNoStreetLight,974,407,No,NoIntersection,Normal,2Vehicles-Behind,Route Nationale 1,R,20.95023653706884,5.949668298263209
201800057175,NonLethal,2018-04-13,11:30:00,Daylight,974,407,Yes,NoIntersection,Normal,2Vehicles-Side,Av commune de Paris,R,20.939545494865435,5.938822248020366
201800057176,NonLethal,2018-04-13,12:25:00,Daylight,974,407,Yes,Roundabout,Normal,2Vehicles-Side,Rond Point Sacré Coeur,R,20.9563128375328,5.954063739741584
201800057177,NonLethal,2018-04-13,16:10:00,Daylight,974,407,No,NoIntersection,Normal,2Vehicles-Side,Rue Louis Breguet,R,20.94880142733212,5.947948105354406
201800057178,NonLethal,2018-04-14,08:20:00,Daylight,974,407,Yes,NoIntersection,Normal,Other,Rue de Grenoble,R,20.945231605778165,5.9457340933803975
201800057179,NonLethal,2018-04-17,15:51:00,Daylight,974,407,Yes,NoIntersection,Normal,Other,Allée Archimède,R,20.938922409340044,5.938045651369231
201800057180,NonLethal,2018-04-26,06:00:00,Daylight,974,407,Yes,NoIntersection,Normal,3+Vehicles-Chain,Av Rico Carpaye,R,20.94731472795034,5.9459555261199
201800057182,NonLethal,2018-05-08,13:00:00,Daylight,974,407,Yes,NoIntersection,Normal,Other,Rue des Sans soucis,R,20.94903304508976,5.947403119932262
201800057183,NonLethal,2018-05-09,10:00:00,Daylight,974,407,Yes,X-type,Normal,2Vehicles-Side,Rue du général de Gaulle,R,20.94063205487473,5.942037772061389
201800057184,NonLethal,2018-03-29,23:00:00,NightStreelightsOn,974,407,Yes,NoIntersection,Normal,Other,MONDON (AVENUE),R,,
201800057185,NonLethal,2018-05-28,14:55:00,Daylight,974,407,Yes,Other,Normal,2Vehicles-Side,Rue Boris Vian,R,20.94144250324484,5.938291229592717
201800057186,NonLethal,2018-05-24,21:25:00,NightNoStreetLight,974,407,No,NoIntersection,Normal,Other,OWENS JAMES,R,20.929835406542367,5.93183045203869
201800057188,NonLethal,2018-08-06,14:00:00,Daylight,974,407,No,NoIntersection,Normal,2Vehicles-Behind,Route Nationale 1,R,20.9412663429244,5.942267749521998
201800057190,NonLethal,2018-08-06,19:15:00,NightStreelightsOn,974,407,Yes,Square,Normal,2Vehicles-Side,Av Commune de Paris,R,20.9357571357174,5.9360364952899705
201800057192,NonLethal,2018-06-26,09:15:00,Daylight,974,407,No,NoIntersection,Normal,3+Vehicles-Multiple,Route Nationale l,R,20.953560267100684,5.953104774735202
201800057193,NonLethal,2018-05-29,07:20:00,Daylight,974,407,Yes,T-type,Normal,Other,CHERBOURG(RUE),R,20.93964767740901,5.9384564124789705
201800057195,NonLethal,2018-04-07,13:15:00,Daylight,974,407,Yes,Other,Normal,3+Vehicles-Chain,Rond point Sacré Coeur,R,20.957338235552992,5.955382286625134
201800057196,NonLethal,2018-06-07,10:15:00,Daylight,974,407,Yes,NoIntersection,Normal,2Vehicles-Side,Bd Compagnie des Indes,R,20.944525609226485,5.944898816624165
201800057197,NonLethal,2018-08-07,05:15:00,NightNoStreetLight,974,407,No,NoIntersection,LightRain,Other,Route Nationale 1,R,20.947618966459743,5.949227942097132
201800057198,NonLethal,2018-07-18,17:20:00,Daylight,974,407,No,NoIntersection,Normal,2Vehicles-Side,Route Nationale 1,R,20.95291070480108,5.9539007381050295
201800057199,NonLethal,2018-07-20,17:40:00,Daylight,974,407,Yes,NoIntersection,Normal,Other,ROUTE DU SACRE COEUR,R,20.958374968255267,5.957078020531429
201800057200,NonLethal,2018-07-21,14:30:00,Daylight,974,407,No,NoIntersection,Normal,2Vehicles-Behind,ROUTE NATIONALE Nø 1,R,20.95352396164753,5.955391780581898
201800057202,NonLethal,2018-07-30,15:00:00,Daylight,974,407,Yes,X-type,Normal,2Vehicles-Side,ROUTE DU SACRE COEUR,R,20.957301834657795,5.957333209153392
201800057203,NonLethal,2018-02-08,17:50:00,Daylight,974,407,No,NoIntersection,Normal,2Vehicles-Side,Route Nationale 1,R,20.95060099984408,5.950510527233389
201800057204,NonLethal,2018-08-04,10:40:00,Daylight,974,407,Yes,NoIntersection,Normal,2Vehicles-Side,Avenue Rico Carpaye,R,20.94490326610345,5.947153680612554
201800057205,NonLethal,2018-08-07,11:50:00,Daylight,974,407,Yes,NoIntersection,Normal,2Vehicles-Side,Bd Compagnie des Indes,R,20.94475123006556,5.944563355332111
201800057206,NonLethal,2018-08-21,17:25:00,Daylight,974,407,Yes,NoIntersection,Normal,2Vehicles-Side,Avenue Commune de Paris,R,20.938716743002463,5.939612054766688
201800057207,NonLethal,2018-08-23,13:50:00,Daylight,974,407,No,NoIntersection,Normal,NoCollision,Rue Charles Beaudelaire,R,20.933939366452076,5.934882511601924
201800057208,NonLethal,2018-08-24,11:10:00,Daylight,974,407,Yes,NoIntersection,Normal,2Vehicles-Side,Avenue Carpaye,R,20.945873676764915,5.946461269171436
201800057209,NonLethal,2018-08-27,16:15:00,Daylight,974,407,Yes,NoIntersection,Normal,2Vehicles-Side,Boulevard de la Marine,R,20.949213119432727,5.94942533260253
201800057211,NonLethal,2018-09-05,08:30:00,Daylight,974,407,Yes,NoIntersection,Normal,Other,Bd des Mascareignes,R,20.93332716712172,5.934269768033901
201800057213,NonLethal,2018-09-23,16:45:00,Daylight,974,407,Yes,NoIntersection,Normal,Other,Rue Bonnier,R,20.94400802384108,5.940416538976458
201800057214,NonLethal,2018-09-25,16:30:00,Daylight,974,407,Yes,NoIntersection,Normal,Other,Rue François de Mahy,R,20.930875777150725,5.930563511329914
201800057216,NonLethal,2018-09-28,23:20:00,NightNoStreetLight,974,407,No,NoIntersection,Normal,3+Vehicles-Multiple,Route Nationale 1,R,20.94879809801772,5.949076032666803
201800057217,NonLethal,2018-09-29,17:00:00,Daylight,974,407,No,NoIntersection,Normal,2Vehicles-Behind,Route Nationale 1,R,20.959325548645975,5.95919152433219