AccidentId,Gravity,Date,Hour,Light,Department,Commune,InAgglomeration,IntersectionType,Weather,CollisionType,PostalAddress,GPSCode,Latitude,Longitude
201800057218,NonLethal,2018-09-29,10:00:00,Daylight,974,407,Yes,T-type,Normal,2Vehicles-Side,Rue Jacques Duclos,R,20.956828635758743,5.955626001786957
201800057221,NonLethal,2018-10-19,08:50:00,Daylight,974,407,Yes,Other,Normal,2Vehicles-Behind,Route du Sacré Coeur,R,20.95815293522206,5.9582670120868055
201800057222,NonLethal,2018-10-19,05:30:00,TwilightOrDawn,974,407,Yes,T-type,LightRain,2Vehicles-Side,Boulevard Verdun,R,20.94055098684077,5.941056002058735
201800057223,NonLethal,2018-10-21,18:30:00,TwilightOrDawn,974,407,Yes,NoIntersection,Normal,Other,Avenue Commune de Paris,R,20.936295487096515,5.936583528799486
201800057224,NonLethal,2018-10-27,15:20:00,Daylight,974,407,Yes,X-type,Overcast,2Vehicles-Behind,Route du Sacré Coeur,R,20.958203207297704,5.957440319644814
201800057225,NonLethal,2018-10-30,08:00:00,Daylight,974,407,Yes,Other,VeryGood,2Vehicles-Side,Route du Sacré Coeur,R,20.95510448445146,5.954212324392295
201800057226,NonLethal,2018-01-11,18:00:00,Daylight,974,407,Yes,Roundabout,Normal,2Vehicles-Side,Av du 14 juillet 1789,R,20.93092396897872,5.931204395927101
201800057229,NonLethal,2018-11-29,18:25:00,TwilightOrDawn,974,407,No,Other,LightRain,Other,Route Nationale 1,R,20.956277055197337,5.953960127312297
201800057230,NonLethal,2018-11-30,14:35:00,Daylight,974,407,Yes,Roundabout,Normal,2Vehicles-Side,Rue Guyanne,R,20.945669998803368,5.945240946906482
201800057231,NonLethal,2018-01-12,05:30:00,TwilightOrDawn,974,407,Yes,NoIntersection,Normal,Other,Avenue Politzer,R,20.949238286618534,5.950200659168555
201800057232,NonLethal,2018-11-19,12:20:00,Daylight,974,407,Yes,X-type,Normal,2Vehicles-BehindVehicles-Frontal,Rue Barret,R,20.930879956475174,5.932888667588325
201800057233,NonLethal,2018-06-12,16:50:00,Daylight,974,407,Yes,NoIntersection,Normal,2Vehicles-Behind,Avenue du 28 nov 1942,R,20.93075263142125,5.930384599720157
201800057235,NonLethal,2018-12-12,17:25:00,Daylight,974,407,Yes,X-type,LightRain,2Vehicles-Side,18 Rue Evariste Parny,R,20.94084832889509,5.940832469757048
201800057236,NonLethal,2018-12-16,17:05:00,Daylight,974,407,No,X-type,Normal,2Vehicles-Side,Rue Jean Giono,R,20.959951170169653,5.962323561028849
201800057237,NonLethal,2018-09-12,15:10:00,Daylight,974,407,No,Roundabout,Normal,Other,Route du Sacré Coeur,R,20.95568564278569,5.957016933684447
201800057238,NonLethal,2018-12-22,09:35:00,Daylight,974,407,Yes,NoIntersection,Normal,2Vehicles-Side,Voie liaison portuaire,R,20.92989328988568,5.930281847027986
201800057239,NonLethal,2018-07-14,21:50:00,NightNoStreetLight,974,407,No,NoIntersection,Normal,NoCollision,Route Nationale l,R,20.946235374814,5.946607228018472
201800057241,NonLethal,2018-12-26,22:05:00,NightNoStreetLight,974,407,Yes,NoIntersection,Normal,2Vehicles-Side,Boulevard Mascareignes,R,20.93447454137602,5.9346159626117565
201800057243,NonLethal,2018-01-28,12:50:00,Daylight,974,409,Yes,Roundabout,Normal,2Vehicles-Side,450 rue de Cambuston,R,20.932499428391903,5.932439097690617
201800057244,NonLethal,2018-02-12,17:30:00,Daylight,974,409,Yes,NoIntersection,Normal,2Vehicles-Behind,"275, Bretelle sortie RN2",R,20.968441490198337,5.969534633511214
201800057245,Lethal,2018-01-30,10:30:00,Daylight,974,409,No,NoIntersection,Normal,Other,"1, Chemin Grand Canal",R,20.958847500642,5.958722658863564
201800057246,NonLethal,2018-06-04,18:20:00,NightStreelightsOn,974,409,Yes,NoIntersection,HeavyRain,Other,Rue de la gare,R,20.95992576601713,5.959061130634008
201800057247,NonLethal,2018-05-03,19:40:00,NightNoStreetLight,974,409,No,NoIntersection,Normal,Other,Route Nationale 2,R,20.97043729157448,5.969608283675102
201800057249,NonLethal,2018-04-03,13:55:00,Daylight,974,409,Yes,X-type,Normal,Other,Rue de La Gare,R,20.96062749718806,5.961490830358476
201800057250,NonLethal,2018-05-15,19:40:00,NightStreelightsOn,974,409,Yes,X-type,Normal,2Vehicles-Side,Avenue de la République,R,20.962652860681693,5.960509468032545
201800057251,Lethal,2018-05-22,06:30:00,TwilightOrDawn,974,409,No,NoIntersection,HeavyRain,2Vehicles-BehindVehicles-Frontal,Route de Salazie,R,20.99758287601496,5.998364299902793
201800057252,NonLethal,2018-05-25,13:50:00,Daylight,974,409,Yes,NoIntersection,Normal,Other,Rue Payet,R,20.960590026020437,5.964820796934493
201800057253,NonLethal,2018-05-25,18:30:00,NightStreelightsOn,974,409,Yes,NoIntersection,Normal,2Vehicles-Side,D58 - Chemin Lefaguyes,R,20.95015138559633,5.949841475095044
201800057256,NonLethal,2018-06-06,14:50:00,Daylight,974,409,Yes,NoIntersection,LightRain,2Vehicles-Behind,Rue du Lycée,R,20.966884667529683,5.966494508505828
201800057257,NonLethal,2018-06-15,18:00:00,NightNoStreetLight,974,409,No,NoIntersection,Normal,2Vehicles-BehindVehicles-Frontal,Route de Champ Borne,R,20.94552481736439,5.945611206106946
201800057258,NonLethal,2018-06-30,19:55:00,NightStreelightsOn,974,409,Yes,NoIntersection,Normal,2Vehicles-BehindVehicles-Frontal,Avenue de Bourbon,R,20.964263188753737,5.966424396875716
201800057260,NonLethal,2018-07-08,21:20:00,NightStreelightsOn,974,409,Yes,NoIntersection,Normal,2Vehicles-BehindVehicles-Frontal,Chemin Lefaguyes,R,20.951682962983508,5.955222789734302
201800057261,NonLethal,2018-07-12,17:00:00,Daylight,974,409,Yes,NoIntersection,Normal,NoCollision,RES DES LONGANIS,R,20.97219010901837,5.974333655750506
201800057262,NonLethal,2018-07-17,11:00:00,Daylight,974,409,Yes,NoIntersection,Normal,Other,Avenue de la République,R,20.962988738997645,5.960424167925743
201800057263,NonLethal,2018-07-18,10:45:00,Daylight,974,409,Yes,NoIntersection,Normal,2Vehicles-Side,Avenue Ile de France,R,20.949539976084637,5.949959394595355
201800057264,NonLethal,2018-07-28,09:00:00,Daylight,974,409,Yes,NoIntersection,Normal,2Vehicles-Side,Avenue des Mascareignes,R,20.936052698287767,5.93699972035521
201800057265,NonLethal,2018-01-08,11:40:00,Daylight,974,409,Yes,Other,Normal,2Vehicles-Side,Rue du Lycée,R,20.964734609526744,5.963637757059033
201800057266,NonLethal,2018-05-08,13:40:00,Daylight,974,409,Yes,T-type,Normal,2Vehicles-Side,Rue du Parc du Colosse,R,20.93330487376593,5.934106664971729
201800057267,NonLethal,2018-05-08,12:15:00,Daylight,974,409,No,NoIntersection,Normal,NoCollision,Route de Salazie,R,20.98420706517318,5.983736786314887
201800057268,NonLethal,2018-08-09,18:00:00,Daylight,974,409,Yes,NoIntersection,Normal,2Vehicles-Behind,Avenue Ile de France,R,20.951936877458525,5.950445095583998
201800057269,NonLethal,2018-08-10,11:10:00,Daylight,974,409,No,NoIntersection,Normal,2Vehicles-Behind,Route Nationale 2,R,20.95834208387309,5.958532159266159
201800057270,NonLethal,2018-10-08,14:40:00,Daylight,974,409,Yes,Roundabout,Overcast,2Vehicles-Side,Chemin Lefaguyes,R,,
201800057273,NonLethal,2018-09-21,13:40:00,Daylight,974,409,Yes,T-type,Normal,2Vehicles-BehindVehicles-Frontal,CAMBUSTON (rue de),R,20.933163923922216,5.935085676477548
201800057274,NonLethal,2018-10-11,08:20:00,Daylight,974,409,Yes,Other,Normal,Other,Rue de la Cressonière,R,20.96834627285275,5.966551456622629
201800057275,NonLethal,2018-10-25,20:15:00,NightStreelightsOn,974,409,Yes,NoIntersection,Normal,Other,Avenue des Mascareignes,R,20.93502376720663,5.934862087209571
201800057276,NonLethal,2018-10-29,13:00:00,Daylight,974,409,Yes,NoIntersection,Normal,2Vehicles-Side,Chemin Morin,R,20.961756457743352,5.96019610234753
201800057277,NonLethal,2018-11-05,08:00:00,Daylight,974,409,Yes,NoIntersection,Normal,2Vehicles-Behind,MASCAREIGNES (Avenue des,R,20.93371779236813,5.932593413997181
201800057278,NonLethal,2018-10-11,17:55:00,Daylight,974,409,Yes,NoIntersection,Normal,2Vehicles-BehindVehicles-Frontal,ILE DE FRANCE(AVENUE),R,20.94332390100882,5.943737443796872
201800057280,NonLethal,2018-12-01,15:20:00,Daylight,974,409,No,NoIntersection,Normal,2Vehicles-BehindVehicles-Frontal,Ch Bras des chevrettes,R,20.96718048150518,5.967822124677376
201800057281,NonLethal,2018-11-12,08:30:00,Daylight,974,409,Yes,Other,Normal,Other,EMILE THOMAS (rue),R,20.938794011529588,5.937009175186662
201800057282,NonLethal,2018-12-18,07:15:00,Daylight,974,409,No,NoIntersection,Other,Other,Route de Salazie,R,20.99236202297649,5.992378640542097
201800057283,NonLethal,2018-12-22,16:50:00,Daylight,974,409,Yes,NoIntersection,Normal,Other,Chemin Lebon,R,20.96584955094257,5.965355217248973
201800057284,NonLethal,2018-01-16,17:08:00,Daylight,974,411,Yes,X-type,Normal,2Vehicles-Side,30 rue Charles Gounod,R,20.87635139877709,5.878639213511695
201800057285,Lethal,2018-01-24,18:20:00,Daylight,974,411,No,NoIntersection,Normal,2Vehicles-BehindVehicles-Frontal,Bd du Prince Vinh-San,R,20.886534248510547,5.885671719304892
201800057286,NonLethal,2018-05-02,20:30:00,NightStreelightsOff,974,411,Yes,T-type,Normal,Other,"170, GAULLE (DU GENERAL",R,20.8832140704624,5.881253737095324
201800057289,Lethal,2018-02-18,06:50:00,Daylight,974,411,Yes,NoIntersection,Normal,Other,"4, JAURES (BOULEVARD JEA",R,,
201800057290,NonLethal,2018-02-16,21:40:00,NightStreelightsOn,974,411,Yes,NoIntersection,Normal,3+Vehicles-Multiple,123 Rue Sainte Marie,R,20.884479754451004,5.882229972423667
201800057293,NonLethal,2018-03-08,15:00:00,Daylight,974,411,Yes,NoIntersection,Normal,Other,"6, CHAUMIERE (RUE DE LA)",R,20.89876589652905,5.898354034549655
201800057294,Lethal,2018-03-15,19:25:00,NightStreelightsOn,974,411,Yes,NoIntersection,Normal,2Vehicles-Side,"80, LABOURDONNAIS",R,,
201800057295,NonLethal,2018-03-19,05:00:00,NightStreelightsOn,974,411,Yes,T-type,Normal,2Vehicles-Side,5 Bd de la Providence,R,20.89068361918557,5.891714038921538
201800057296,NonLethal,2018-03-18,08:20:00,Daylight,974,411,Yes,NoIntersection,LightRain,2Vehicles-BehindVehicles-Frontal,"12, Boulevard Lancastel",R,20.87501139493553,5.875521507988465
201800057297,NonLethal,2018-03-22,15:00:00,Daylight,974,411,No,NoIntersection,LightRain,2Vehicles-BehindVehicles-Frontal,Route de la Montagne,R,20.88615987123301,5.8853489615582095
201800057298,NonLethal,2018-03-21,20:15:00,NightStreelightsOn,974,411,Yes,NoIntersection,Normal,Other,Avenue Leconte de Lisle,R,20.890663269031595,5.88983697510119
201800057299,NonLethal,2018-03-24,02:40:00,NightStreelightsOn,974,411,Yes,NoIntersection,Normal,2Vehicles-BehindVehicles-Frontal,JAURES (BOULEVARD JEAN),R,,
201800057300,NonLethal,2018-03-28,07:45:00,Daylight,974,411,Yes,NoIntersection,Normal,Other,"25, CAMELIAS (RUE DES)",R,,
201800057301,NonLethal,2018-03-31,22:15:00,NightStreelightsOn,974,411,Yes,T-type,Normal,2Vehicles-Side,DIERX (LEON),R,20.89149297468068,5.889507838633013
201800057302,NonLethal,2018-04-01,18:00:00,TwilightOrDawn,974,411,Yes,NoIntersection,Normal,Other,Allée des Sapents,R,20.89574587749137,5.895883654714879
201800057303,NonLethal,2018-04-02,14:40:00,Daylight,974,411,Yes,T-type,Normal,2Vehicles-Side,Rue du Général de Gaulle,R,20.885817062476452,5.885560293114134
201800057304,NonLethal,2018-09-04,00:45:00,NightNoStreetLight,974,411,Yes,NoIntersection,Normal,Other,Boulevard Jean Jaurès,R,20.900558086875247,5.901996853073645
201800057305,NonLethal,2018-04-10,14:55:00,Daylight,974,411,Yes,NoIntersection,Normal,3+Vehicles-Chain,Boulevard Jean Jaurès,R,20.88960871125802,5.888605008225911
201800057306,NonLethal,2018-04-10,16:50:00,Daylight,974,411,Yes,Other,VeryGood,Other,Av De Lattre de Tassigny,R,20.88932749358315,5.89133930865094
201800057308,NonLethal,2018-12-04,12:40:00,Daylight,974,411,No,NoIntersection,Normal,2Vehicles-Side,Rue de La digue,R,,
201800057309,NonLethal,2018-04-13,11:50:00,Daylight,974,411,No,NoIntersection,Normal,NoCollision,Route du Littoral,R,20.891872491165397,5.891038196067486
201800057310,NonLethal,2018-04-19,07:00:00,Daylight,974,411,Yes,X-type,Normal,2Vehicles-Side,Rue du Général de Gaulle,R,20.879939407878243,5.879738067405042
201800057311,NonLethal,2018-04-21,06:40:00,TwilightOrDawn,974,411,No,NoIntersection,Normal,2Vehicles-BehindVehicles-Frontal,Route de la montagne,R,20.87792272417227,5.880507329294675
201800057315,NonLethal,2018-05-05,08:50:00,Daylight,974,411,Yes,NoIntersection,Normal,2Vehicles-Side,Chemin des Pruniers,R,20.916530904967345,5.91553644814211
201800057316,NonLethal,2018-05-05,14:35:00,Daylight,974,411,Yes,X-type,Normal,2Vehicles-Side,BOUVET,R,20.885978340170546,5.8858410985564
201800057317,NonLethal,2018-06-05,14:45:00,Daylight,974,411,Yes,X-type,Normal,2Vehicles-Side,Rue Pasteur,R,20.88053506192409,5.879795777826914
201800057318,NonLethal,2018-11-05,14:10:00,Daylight,974,411,No,NoIntersection,Normal,2Vehicles-Behind,Route du Littoral,R,20.8767522036641,5.875986207732643
201800057319,NonLethal,2018-05-13,05:30:00,NightNoStreetLight,974,411,Yes,NoIntersection,Normal,NoCollision,Route de Saint François,R,20.90389942234731,5.903899064714093
201800057320,NonLethal,2018-05-14,00:50:00,NightNoStreetLight,974,411,No,NoIntersection,Normal,Other,Route du Littoral,R,20.91228130707588,5.912053111010129
201800057321,NonLethal,2018-05-23,17:00:00,Daylight,974,411,Yes,T-type,Normal,Other,BOUVET,R,20.886827899217437,5.886154010840706
201800057323,NonLethal,2018-05-24,14:30:00,Daylight,974,411,No,X-type,Normal,2Vehicles-Side,Av LATTRE DE TASSIGNY,R,20.88882715771581,5.887751040721954
201800057324,NonLethal,2018-05-29,08:10:00,Daylight,974,411,Yes,NoIntersection,Normal,Other,Route Gabriel Macé,R,20.925723721404594,5.9267801653027545
201800057325,NonLethal,2018-05-31,06:30:00,TwilightOrDawn,974,411,Yes,NoIntersection,Normal,Other,Chemin Ruisseau blanc,R,20.888940709879424,5.890600743527589
201800057326,NonLethal,2018-03-06,17:40:00,TwilightOrDawn,974,411,Yes,Square,LightRain,2Vehicles-Side,Route de Moufia,R,20.89642264739476,5.897920673463111
201800057328,NonLethal,2018-06-10,16:06:00,Daylight,974,411,No,NoIntersection,Normal,NoCollision,Route du Littoral,R,20.89103257877012,5.890427636817759
201800057329,NonLethal,2018-06-15,11:00:00,Daylight,974,411,Yes,Other,Normal,2Vehicles-Behind,Rue Pasteur,R,20.87777038346712,5.878460532240992
201800057330,NonLethal,2018-06-27,08:15:00,Daylight,974,411,Yes,X-type,Normal,Other,Rue Jules Auber,R,20.879826305767622,5.881008231061968
201800057331,NonLethal,2018-07-05,16:10:00,Daylight,974,411,Yes,NoIntersection,Normal,2Vehicles-Behind,Rue Léopold Rambaud,R,20.887976592568336,5.885233645216874
201800057332,NonLethal,2018-07-07,11:30:00,Daylight,974,411,Yes,T-type,Normal,2Vehicles-Side,Chemin de la Vierge,R,20.899283063907145,5.899285660635512
201800057334,NonLethal,2018-10-07,09:00:00,Daylight,974,411,No,NoIntersection,Normal,2Vehicles-Side,Bd du Prince Vinh-San,R,20.88887716905581,5.888197162408022
201800057335,NonLethal,2018-07-16,17:50:00,TwilightOrDawn,974,411,No,NoIntersection,Normal,2Vehicles-BehindVehicles-Frontal,Rue Lacroix,R,20.89469564388746,5.894810208335081
201800057337,NonLethal,2018-07-20,13:00:00,Daylight,974,411,Yes,NoIntersection,Normal,Other,Boulevard Jean Jaurès,R,20.90191701907988,5.901164848515155
201800057339,NonLethal,2018-07-23,17:35:00,Daylight,974,411,Yes,NoIntersection,Normal,Other,Rue du Maréchal Leclerc,R,20.87852404621368,5.880204727493012
201800057341,NonLethal,2018-07-27,13:35:00,Daylight,974,411,Yes,Roundabout,Normal,2Vehicles-Side,Boulevard Jean Jaurès,R,20.900037354384807,5.899726693876437
201800057342,NonLethal,2018-07-31,08:00:00,NightStreelightsOn,974,411,Yes,NoIntersection,Normal,NoCollision,RAMBAUD (LEOPOLD),R,20.88670778726797,5.883349911186457
201800057343,NonLethal,2018-08-08,12:32:00,Daylight,974,411,Yes,Other,Normal,Other,4 voies de Gillot,R,20.886147246086008,5.884517507271362
201800057344,NonLethal,2018-08-14,18:04:00,TwilightOrDawn,974,411,Yes,X-type,Normal,2Vehicles-Side,Boulevard de l'Océan,R,20.88155477422563,5.88085624779657
201800057345,NonLethal,2018-08-16,17:00:00,Daylight,974,411,Yes,NoIntersection,Normal,NoCollision,Route Jules Reydellet,R,20.931385008669583,5.9312234813593605
201800057346,NonLethal,2018-08-17,21:55:00,NightStreelightsOn,974,411,Yes,Other,Normal,2Vehicles-Side,Rue Sainte Anne,R,20.877006389120197,5.87659234040569
201800057347,NonLethal,2018-08-18,22:25:00,NightStreelightsOn,974,411,Yes,Other,Normal,NoCollision,Rue de la Gare routière,R,20.87958340450422,5.877085394145785
201800057348,Lethal,2018-08-16,11:40:00,Daylight,974,411,Yes,NoIntersection,Normal,Other,Rue du Général de Gaulle,R,20.88523970506785,5.885724500350182
201800057350,NonLethal,2018-08-23,08:00:00,Daylight,974,411,No,Other,Normal,2Vehicles-Side,Rue des Poivriers,R,20.89765787899896,5.897175695103785
201800057351,NonLethal,2018-08-24,12:25:00,Daylight,974,411,Yes,Other,Normal,2Vehicles-Side,Boulevard G Monerville,R,20.897582536849026,5.896118640612123
201800057352,NonLethal,2018-08-24,21:10:00,NightStreelightsOff,974,411,Yes,NoIntersection,Normal,2Vehicles-BehindVehicles-Frontal,Route de Saint François,R,20.900781865788325,5.8998099457696
201800057353,NonLethal,2018-08-26,11:30:00,Daylight,974,411,No,NoIntersection,Normal,2Vehicles-Side,Chemin du Ruisseau blanc,R,20.893105627656052,5.891203195169304
201800057354,NonLethal,2018-08-27,08:30:00,Daylight,974,411,Yes,NoIntersection,Normal,Other,Bd Gabriel Macè,R,20.876252722725635,5.8746170893368
201800057356,NonLethal,2018-04-09,11:30:00,Daylight,974,411,Yes,Y-type,Normal,2Vehicles-Side,Boulevard du Chaudron,R,20.899281407955133,5.898531455395149
201800057358,NonLethal,2018-09-07,18:25:00,NightNoStreetLight,974,411,Yes,Other,HeavyRain,Other,Chemin du Père Raimbault,R,20.91695894568527,5.918874534232925
201800057359,NonLethal,2018-12-09,19:34:00,NightStreelightsOn,974,411,Yes,NoIntersection,Normal,Other,Bd Jean Jaurès,R,20.89418927691977,5.895267481506665
201800057360,NonLethal,2018-09-13,18:30:00,TwilightOrDawn,974,411,Yes,NoIntersection,Normal,Other,Route de Bois de Nèfles,R,20.90193051144973,5.900972294283362
201800057361,NonLethal,2018-09-18,08:04:00,Daylight,974,411,Yes,NoIntersection,Normal,Other,HUBERT DELISLE (AVENUE),R,20.890106226317297,5.889741418169523
201800057362,NonLethal,2018-09-20,18:50:00,NightStreelightsOn,974,411,Yes,Roundabout,Normal,2Vehicles-Side,Rte de la Riv des pluies,R,20.90585530938116,5.905680796780241
201800057363,NonLethal,2018-09-21,19:30:00,NightStreelightsOn,974,411,Yes,X-type,Normal,Other,Rue de la Gare,R,20.896212378487647,5.896380791853704
201800057364,NonLethal,2018-09-23,13:54:00,Daylight,974,411,Yes,Other,Normal,2Vehicles-Side,Boulevard Gabriel Macé,R,20.872964293421784,5.873517870747275
201800057365,NonLethal,2018-09-27,18:10:00,NightStreelightsOn,974,411,Yes,X-type,Normal,2Vehicles-Side,Avenue Stanislas Gimart,R,20.88964091619144,5.888179806049016
201800057366,NonLethal,2018-09-30,10:00:00,Daylight,974,411,Yes,NoIntersection,LightRain,Other,Route Gabriel Macé,R,20.908635338448192,5.906770232960204
201800057367,NonLethal,2018-10-03,12:45:00,Daylight,974,411,Yes,Other,Normal,Other,Route Digue,R,20.88882085358349,5.889248794969854
201800057368,NonLethal,2018-05-10,08:15:00,Daylight,974,411,Yes,T-type,Normal,Other,Bd Jawaharial Nehru,R,20.88182664685733,5.881949680369124
201800057369,Lethal,2018-06-10,09:52:00,Daylight,974,411,Yes,NoIntersection,Normal,Other,JAMALACS (DES),R,20.893293956352384,5.893845830063282
201800057370,NonLethal,2018-10-05,20:00:00,NightStreelightsOff,974,411,Yes,X-type,Normal,2Vehicles-BehindVehicles-Frontal,LATTRE DE TASSIGNY (AVEN,R,20.888959834283146,5.888887899520599
201800057372,NonLethal,2018-12-10,11:15:00,Daylight,974,411,Yes,Other,Normal,NoCollision,BONNIER (ALLEE),R,20.882325881925947,5.880366131200555
201800057374,NonLethal,2018-10-18,14:30:00,Daylight,974,411,Yes,T-type,Normal,2Vehicles-Side,Boulevard Jean Jaurès,R,20.888183077359088,5.888298183157199
201800057375,NonLethal,2018-10-20,18:50:00,NightStreelightsOn,974,411,Yes,NoIntersection,Normal,2Vehicles-Behind,Rue Léopold Rambaud,R,20.883451254579064,5.886007625859717
201800057376,NonLethal,2018-10-24,20:15:00,NightStreelightsOff,974,411,Yes,NoIntersection,Normal,Other,Bd Jean Jaurès,R,20.889914223620387,5.8900113943845245
201800057377,NonLethal,2018-10-25,23:30:00,NightStreelightsOn,974,411,Yes,T-type,Normal,2Vehicles-BehindVehicles-Frontal,Boulevard Jean Jaurès,R,20.892987358582264,5.891286951085704
201800057378,NonLethal,2018-10-27,20:35:00,NightStreelightsOn,974,411,Yes,Other,Normal,2Vehicles-Side,Rte Piton Bois de Nèfles,R,20.92405704893809,5.924153541300163
201800057380,NonLethal,2018-04-11,10:30:00,Daylight,974,411,Yes,X-type,Normal,2Vehicles-Side,Boulevard Jean Jaurès,R,20.888197184682124,5.889326238267349
201800057381,NonLethal,2018-11-06,17:05:00,Daylight,974,411,Yes,NoIntersection,Normal,Other,BOIS ROUGE (CHEMIN DE),R,20.92683998827061,5.926563865147401
201800057382,NonLethal,2018-11-06,17:55:00,Daylight,974,411,Yes,X-type,Normal,2Vehicles-Side,Rue Sainte Marie,R,20.884858772010936,5.8823112631649375
201800057383,NonLethal,2018-07-11,16:55:00,Daylight,974,411,Yes,NoIntersection,Normal,2Vehicles-BehindVehicles-Frontal,RAIMBAULT (CHEMIN DU PER,R,20.91092054192593,5.9116286632392105
201800057384,NonLethal,2018-11-14,15:20:00,Daylight,974,411,No,NoIntersection,LightRain,Other,Avenue Georges Brassens,R,20.90386773406024,5.906902960196771
201800057385,NonLethal,2018-11-19,16:50:00,Daylight,974,411,Yes,X-type,Normal,2Vehicles-Side,LATTRE DE TASSIGNY (AVEN,R,20.888690369268485,5.888417356602159
201800057386,NonLethal,2018-11-23,13:20:00,Daylight,974,411,Yes,NoIntersection,Normal,2Vehicles-Behind,Rue de la Source,R,20.889191782116303,5.887720811843974
201800057388,NonLethal,2018-10-12,07:25:00,Daylight,974,411,Yes,NoIntersection,Normal,2Vehicles-Side,GAULLE (DU GENERAL DE),R,20.883394685317903,5.88357456628821
201800057389,NonLethal,2018-10-12,08:00:00,Daylight,974,411,Yes,NoIntersection,Normal,2Vehicles-BehindVehicles-Frontal,Boulevard du Chaudron,R,20.89453882242852,5.895465676473448
201800057390,NonLethal,2018-12-12,12:55:00,Daylight,974,411,Yes,NoIntersection,Normal,2Vehicles-Behind,Boulevard Jean Jaurès,R,20.90102791832816,5.90188577214674
201800057391,NonLethal,2018-12-14,20:19:00,NightStreelightsOn,974,411,Yes,NoIntersection,Normal,Other,BOUVET,R,20.88885409131228,5.888794822922795
201800057392,NonLethal,2018-12-15,17:55:00,Daylight,974,411,Yes,NoIntersection,Normal,Other,JAURES (BOULEVARD JEAN),R,,
201800057394,NonLethal,2018-12-25,20:22:00,NightStreelightsOn,974,411,Yes,Other,Normal,Other,COLORADO (CHEMIN DU),R,20.8922272698253,5.892563654638728
201800057395,NonLethal,2018-12-26,13:10:00,Daylight,974,411,Yes,NoIntersection,Normal,Other,LECLERC (DU MARECHAL),R,20.87940486126079,5.879365893008706
201800057396,NonLethal,2018-12-30,16:35:00,Daylight,974,411,No,NoIntersection,Normal,NoCollision,PEPINIERE (CHEMIN DE LA),R,20.891885949571723,5.890689276305968
201800057397,NonLethal,2018-01-14,20:00:00,NightStreelightsOn,974,416,Yes,NoIntersection,HeavyRain,2Vehicles-Behind,46 Bd Hubert Delisle,R,21.33967694151688,5.342302443079982
201800057398,NonLethal,2018-01-21,17:20:00,Daylight,974,416,No,Other,Normal,2Vehicles-Side,Route de l'Entre Deux,R,21.297475762742224,5.29731556948413
201800057399,NonLethal,2018-12-30,16:55:00,Daylight,974,416,Yes,Other,Normal,2Vehicles-Side,PERE FAVRON(RUE DU),R,21.336893268893583,5.337421729525484
201800057400,NonLethal,2018-01-28,22:15:00,NightStreelightsOn,974,416,Yes,T-type,Normal,2Vehicles-BehindVehicles-Frontal,Rte de la Ligne Paradis,R,21.30830340542265,5.310717195074521
201800057402,NonLethal,2018-02-14,22:05:00,NightNoStreetLight,974,416,No,NoIntersection,Normal,Other,Route Nationale 2,R,21.353064726662808,5.352677048108734
201800057403,NonLethal,2018-02-16,19:10:00,NightStreelightsOn,974,416,Yes,Roundabout,Normal,2Vehicles-Side,"59, MOY DE LA CROIX (AVE",R,,
201800057404,NonLethal,2018-02-18,11:40:00,Daylight,974,416,Yes,NoIntersection,Normal,2Vehicles-Side,"38, HIPPOLYTE  PIOT (RUE",R,21.29721603807958,5.297507928666866
201800057405,NonLethal,2018-02-18,15:10:00,Daylight,974,416,Yes,NoIntersection,Normal,NoCollision,96 Av du Pdt Miterrand,R,21.34253279541134,5.3439071048647095
201800057409,NonLethal,2018-01-22,18:14:00,Daylight,974,416,Yes,NoIntersection,Normal,NoCollision,71 rue du Père Favron,R,21.335921197215583,5.336894077940126
201800057410,NonLethal,2018-02-21,09:15:00,Daylight,974,416,Yes,NoIntersection,Normal,2Vehicles-BehindVehicles-Frontal,2 Ch Adrien Recherchant,R,21.294102967599137,5.2943351519853366
201800057411,NonLethal,2018-02-21,11:30:00,Daylight,974,416,No,NoIntersection,Normal,2Vehicles-Behind,OCEANITES (AVENUE DES),R,21.319525303868787,5.321101483819338
201800057412,NonLethal,2018-01-29,16:00:00,Daylight,974,416,No,NoIntersection,Normal,2Vehicles-BehindVehicles-Frontal,166B Chemin Stéphane,R,21.28071822393921,5.279335247127202
201800057413,NonLethal,2018-02-23,08:30:00,Daylight,974,416,Yes,NoIntersection,Normal,2Vehicles-Behind,1 Rte de ligne Paradis,R,21.321532309425816,5.321963933939984
201800057414,NonLethal,2018-02-23,13:25:00,Daylight,974,416,Yes,NoIntersection,Normal,NoCollision,Route Nationale 1,R,21.331572285985136,5.33074031487608