AccidentId,Gravity,Date,Hour,Light,Department,Commune,InAgglomeration,IntersectionType,Weather,CollisionType,PostalAddress,GPSCode,Latitude,Longitude
201800057415,NonLethal,2018-02-25,08:00:00,Daylight,974,416,Yes,T-type,Normal,2Vehicles-Side,66 Bd Hubert Delisle,R,21.339997470890363,5.341336204163161
201800057417,NonLethal,2018-03-02,10:50:00,Daylight,974,416,Yes,NoIntersection,Normal,Other,80 Rue des bons enfants,R,21.34150495721269,5.339319450149442
201800057419,NonLethal,2018-03-05,10:52:00,Daylight,974,416,Yes,NoIntersection,LightRain,Other,"129, Rue Archambaud",R,21.32756061545485,5.327247149704006
201800057420,NonLethal,2018-03-08,19:10:00,TwilightOrDawn,974,416,Yes,NoIntersection,Normal,2Vehicles-Side,Rue Hippolyte Piot,R,21.295787481726176,5.296533805245119
201800057421,NonLethal,2018-03-07,11:30:00,Daylight,974,416,Yes,Y-type,Normal,2Vehicles-Side,DAMBREVILLE (AVENUE DU D,R,,
201800057422,NonLethal,2018-12-03,15:55:00,Daylight,974,416,Yes,NoIntersection,Normal,2Vehicles-Side,"17, HUBERT DE LISLE(BOUL",R,,
201800057423,NonLethal,2018-03-07,19:25:00,NightStreelightsOn,974,416,Yes,NoIntersection,LightRain,Other,"74, LEBLOND 1 (RUE MARIU",R,,
201800057424,NonLethal,2018-03-13,13:40:00,Daylight,974,416,No,NoIntersection,Normal,Other,"41 bis, RD 29",R,21.30014250694082,5.301350213665728
201800057425,NonLethal,2018-03-13,18:15:00,Daylight,974,416,No,NoIntersection,Normal,Other,"22 TER, CD 29",R,21.00119724712986,5.000677792836887
201800057426,NonLethal,2018-03-08,07:30:00,Daylight,974,416,Yes,T-type,Normal,2Vehicles-Side,"1O, Allée des bois noirs",R,21.295534273760467,5.294602942506332
201800057427,NonLethal,2018-03-14,20:25:00,NightStreelightsOff,974,416,No,T-type,Normal,Other,Route Hubert Delisle,R,21.31939707914188,5.320167313413077
201800057428,NonLethal,2018-03-13,14:05:00,Daylight,974,416,Yes,NoIntersection,StrongWindOrStorm,NoCollision,"35, PRESBYTERE (RUE DU)",R,,
201800057429,NonLethal,2018-03-15,11:54:00,Daylight,974,416,Yes,NoIntersection,Normal,3+Vehicles-Chain,"182, LEBLOND 2 (RUE MARI",R,21.33604923934669,5.334407071179567
201800057430,NonLethal,2018-03-17,00:50:00,NightStreelightsOn,974,416,No,NoIntersection,Normal,Other,Rte ancienne RN1,R,21.33247061930295,5.331759915422678
201800057432,NonLethal,2018-03-08,19:35:00,TwilightOrDawn,974,416,Yes,NoIntersection,Normal,2Vehicles-Side,"143, CONCESSION CONDE (C",R,,
201800057433,NonLethal,2018-03-23,15:50:00,Daylight,974,416,Yes,Roundabout,Normal,2Vehicles-Side,"15, PIOT (RUE HIPPOLYTE)",R,21.29904090452933,5.29762745375969
201800057434,Lethal,2018-03-24,19:30:00,NightNoStreetLight,974,416,No,NoIntersection,Normal,2Vehicles-Behind,RN3 (1),R,55.42456501479876,2.424022906570076
201800057435,NonLethal,2018-03-25,17:45:00,Daylight,974,416,No,T-type,LightRain,2Vehicles-Behind,"15, BADAMIER(CHEMIN)",R,21.299522432208462,5.298396311052141
201800057436,NonLethal,2018-03-08,19:20:00,NightNoStreetLight,974,416,No,NoIntersection,Normal,Other,Rte ancienne RN1,R,21.320294343450687,5.319803063409771
201800057437,NonLethal,2018-02-21,11:00:00,Daylight,974,416,Yes,NoIntersection,Normal,2Vehicles-Side,15 Rue M et A Leblond,R,21.33623473886259,5.337529218115041
201800057438,NonLethal,2018-03-29,07:50:00,Daylight,974,416,No,NoIntersection,Normal,2Vehicles-BehindVehicles-Frontal,BOISSY(CHEMIN),R,21.32792068926966,5.33076932240765
201800057439,NonLethal,2018-03-30,14:30:00,Daylight,974,416,Yes,NoIntersection,Normal,2Vehicles-BehindVehicles-Frontal,"238, LIGNE DES BAMBOUS(R",R,,
201800057440,NonLethal,2018-03-26,11:40:00,Daylight,974,416,Yes,NoIntersection,Normal,NoCollision,"13, THOREZ (CHEMIN MAURI",R,,
201800057442,NonLethal,2018-04-04,07:40:00,Daylight,974,416,No,NoIntersection,Normal,2Vehicles-Behind,Rue Archambaud,R,21.329429038846627,5.328522707230663
201800057443,NonLethal,2018-04-13,07:10:00,Daylight,974,416,No,NoIntersection,Normal,2Vehicles-Behind,Route Nationale 3,R,21.300199332540405,5.299787098364963
201800057444,NonLethal,2018-04-13,07:30:00,Daylight,974,416,No,NoIntersection,Normal,2Vehicles-Side,Route Nationale 3,R,21.289972852032403,5.290164889534994
201800057445,NonLethal,2018-04-16,15:35:00,Daylight,974,416,No,NoIntersection,Normal,2Vehicles-Behind,Rte de l'Entre deux,R,21.296317524788574,5.29823396285486
201800057446,NonLethal,2018-04-18,18:15:00,NightNoStreetLight,974,416,Yes,T-type,LightRain,2Vehicles-Side,Ancienne RN3 Condé,R,21.293345460659054,5.292230448008792
201800057447,NonLethal,2018-04-19,15:55:00,Daylight,974,416,No,Other,Normal,Other,Route Nationale 3,R,21.30593461139415,5.307096477661018
201800057448,NonLethal,2018-05-01,14:20:00,Daylight,974,416,No,NoIntersection,Normal,Other,Rue Jules Hermann,R,21.319532307828947,5.319508053990877
201800057449,NonLethal,2018-03-05,07:45:00,Daylight,974,416,Yes,NoIntersection,Normal,3+Vehicles-Multiple,Chemin Ligne des bambous,R,21.302846168144207,5.302583315163873
201800057450,NonLethal,2018-05-06,21:30:00,NightStreelightsOn,974,416,Yes,NoIntersection,Normal,Other,Rue du Four à chaux,R,21.343237001850767,5.340586202961901
201800057451,NonLethal,2018-12-05,06:30:00,TwilightOrDawn,974,416,Yes,NoIntersection,Normal,2Vehicles-BehindVehicles-Frontal,Chemin Boeuf,R,21.289807466131528,5.291351250585444
201800057453,NonLethal,2018-12-05,16:00:00,Daylight,974,416,No,NoIntersection,Normal,2Vehicles-Behind,Route Nationale 2,R,21.339425202847888,5.339168200357684
201800057454,NonLethal,2018-05-13,19:15:00,NightNoStreetLight,974,416,No,NoIntersection,Normal,2Vehicles-BehindVehicles-Frontal,Chemin Château d'eau,R,21.32622989172549,5.325557979770227
201800057456,NonLethal,2018-05-13,12:30:00,Daylight,974,416,Yes,NoIntersection,Normal,2Vehicles-Behind,Rte de la Ligne Paradis,R,21.30755743822449,5.308220163286838
201800057457,NonLethal,2018-05-21,06:45:00,Daylight,974,416,No,NoIntersection,Other,2Vehicles-Behind,Route Nationale 1,R,21.307471619819854,5.305528110812602
201800057458,NonLethal,2018-05-22,14:05:00,Daylight,974,416,Yes,NoIntersection,Normal,2Vehicles-Behind,Rue de la poudrière,R,21.332051654605547,5.333279263090973
201800057459,NonLethal,2018-05-25,00:52:00,NightStreelightsOn,974,416,Yes,NoIntersection,Normal,Other,Chemin Carou,R,21.32279044328736,5.323536009858768
201800057460,NonLethal,2018-05-28,14:45:00,Daylight,974,416,No,NoIntersection,Normal,2Vehicles-Side,Rue Charles Isautier,R,21.3197072341402,5.31902223149234
201800057461,NonLethal,2018-05-30,17:30:00,TwilightOrDawn,974,416,No,T-type,Normal,2Vehicles-Side,Avenue du Pdt Mitterand,R,21.34693465967122,5.348977579397395
201800057462,NonLethal,2018-06-02,12:10:00,Daylight,974,416,No,Other,Normal,3+Vehicles-Multiple,Route Nationale 2,R,21.350383302107648,5.349982455132459
201800057463,NonLethal,2018-06-02,05:10:00,NightNoStreetLight,974,416,No,NoIntersection,Normal,2Vehicles-BehindVehicles-Frontal,ANCIENNE RN 1,R,21.304225518833,5.304344385901012
201800057465,Lethal,2018-05-26,02:50:00,NightNoStreetLight,974,416,No,NoIntersection,Normal,Other,Route Nationale 3,R,21.192123743332925,5.190842210932432
201800057468,NonLethal,2018-06-06,18:24:00,NightNoStreetLight,974,416,No,NoIntersection,LightRain,3+Vehicles-Chain,Route Nationale 3,R,21.33136855676768,5.331620838274554
201800057469,NonLethal,2018-06-11,16:50:00,Daylight,974,416,Yes,T-type,Normal,Other,Rue Pavé,R,21.34156266332337,5.338334843993609
201800057470,NonLethal,2018-08-06,20:05:00,NightNoStreetLight,974,416,Yes,X-type,Normal,2Vehicles-BehindVehicles-Frontal,Chemin Burel,R,21.292080903502768,5.291429594127385
201800057471,NonLethal,2018-06-14,02:35:00,NightNoStreetLight,974,416,No,NoIntersection,LightRain,NoCollision,Av Président Mitterand,R,21.34879370269524,5.349296167006437
201800057472,NonLethal,2018-06-13,12:30:00,Daylight,974,416,Yes,NoIntersection,Normal,Other,Rue Pasteur,R,21.28214993528441,5.281778558327902
201800057474,Lethal,2018-06-16,03:10:00,NightStreelightsOn,974,416,Yes,NoIntersection,Normal,2Vehicles-Side,Bd Hubert Delisle,R,21.34347220964119,5.343626774023745
201800057475,NonLethal,2018-06-16,23:15:00,NightStreelightsOn,974,416,Yes,NoIntersection,Normal,2Vehicles-BehindVehicles-Frontal,Avenue du Pdt Mitterand,R,21.34444663875465,5.343424417308638
201800057476,NonLethal,2018-06-17,14:15:00,Daylight,974,416,Yes,T-type,Normal,Other,Av du Général de Gaulle,R,21.298872555436464,5.299993921020232
201800057478,NonLethal,2018-06-22,14:17:00,Daylight,974,416,No,T-type,Normal,2Vehicles-Side,ANCIENNE RN 1,R,21.314732337473696,5.315684292992066
201800057480,NonLethal,2018-06-23,07:10:00,TwilightOrDawn,974,416,Yes,NoIntersection,LightRain,3+Vehicles-Chain,MITTERAND (AVENUE DU PDT,R,21.346328764281296,5.345136228066864
201800057481,NonLethal,2018-06-28,11:45:00,Daylight,974,416,Yes,NoIntersection,Overcast,2Vehicles-Behind,Bd Hubert Delisle,R,21.344620042023536,5.34344337595717
201800057482,NonLethal,2018-06-29,19:05:00,NightStreelightsOn,974,416,Yes,T-type,Normal,2Vehicles-Side,Rue Luc Lorion,R,21.299670164940327,5.300888966976396
201800057483,NonLethal,2018-06-30,18:32:00,NightStreelightsOn,974,416,Yes,NoIntersection,Normal,Other,Rue Augustin Archambaud,R,21.330228924833968,5.3308902412331
201800057484,NonLethal,2018-06-28,11:55:00,Daylight,974,416,Yes,NoIntersection,LightRain,2Vehicles-Side,Chemin bassin plat,R,21.32547856943524,5.325516144253221
201800057485,NonLethal,2018-02-07,09:50:00,Daylight,974,416,No,Other,Normal,Other,Chemin Diagonale,R,21.295285514524537,5.292619232074089
201800057486,NonLethal,2018-05-07,18:00:00,NightNoStreetLight,974,416,Yes,NoIntersection,Normal,2Vehicles-BehindVehicles-Frontal,Chemin LTS,R,21.30015338020134,5.300396862001354
201800057487,NonLethal,2018-07-06,13:15:00,Daylight,974,416,Yes,NoIntersection,Normal,Other,Rue des bons enfants,R,21.3410378368114,5.340387721451042
201800057488,NonLethal,2018-09-07,11:15:00,Daylight,974,416,No,NoIntersection,HeavyRain,3+Vehicles-Chain,Route Nationale 2,R,21.347640129573136,5.347492642055983
201800057489,NonLethal,2018-07-12,06:30:00,NightStreelightsOn,974,416,Yes,T-type,Normal,Other,Rue du Père Raimbault,R,21.33406223404492,5.333719176983196
201800057490,NonLethal,2018-12-07,20:50:00,NightStreelightsOn,974,416,Yes,Other,Normal,Other,Chemin Boeuf,R,21.292456580233207,5.292833411991196
201800057492,NonLethal,2018-07-17,14:00:00,Daylight,974,416,No,NoIntersection,LightRain,2Vehicles-BehindVehicles-Frontal,Echangeur Mon Caprice,R,21.207378077189283,5.206935269652195
201800057493,NonLethal,2018-07-20,06:20:00,TwilightOrDawn,974,416,No,NoIntersection,Normal,NoCollision,Rte de la Ligne Paradis,R,21.302851386886815,5.3028498186673305
201800057494,NonLethal,2018-07-23,20:15:00,NightNoStreetLight,974,416,No,Roundabout,LightRain,Other,RN3,R,21.29773560296365,5.298841360541718
201800057495,NonLethal,2018-07-28,07:41:00,Daylight,974,416,No,T-type,Normal,2Vehicles-BehindVehicles-Frontal,Ligne Cambrai,R,21.28931635949496,5.289426485944001
201800057496,NonLethal,2018-07-30,09:15:00,Daylight,974,416,Yes,Roundabout,Normal,2Vehicles-Side,Rue Archambaud,R,21.325935462649312,5.324882963724675
201800057498,NonLethal,2018-08-03,09:30:00,Daylight,974,416,No,NoIntersection,Normal,2Vehicles-Side,Chemin Bassin plat,R,21.298403273852934,5.300733376343299
201800057499,NonLethal,2018-07-31,16:50:00,Daylight,974,416,No,NoIntersection,Normal,3+Vehicles-Chain,Route Nationale 3,R,21.33212256713688,5.331139597594501
201800057500,NonLethal,2018-08-07,16:15:00,Daylight,974,416,No,Other,Normal,3+Vehicles-Chain,Route Nationale 2,R,21.357811174693097,5.356880566620471
201800057502,NonLethal,2018-08-07,15:40:00,Daylight,974,416,No,NoIntersection,Normal,2Vehicles-Behind,Route Départementale 26,R,21.300217953414958,5.301668308521816
201800057503,NonLethal,2018-08-13,16:25:00,Daylight,974,416,No,NoIntersection,Normal,2Vehicles-Behind,Route Nationale 1,R,21.309100599862884,5.310380549742519
201800057504,NonLethal,2018-08-15,18:20:00,NightNoStreetLight,974,416,No,NoIntersection,Normal,Other,Chemin Roland Garros,R,21.34646845348244,5.349165604155093
201800057505,NonLethal,2018-08-20,07:20:00,Daylight,974,416,No,NoIntersection,Normal,3+Vehicles-Chain,Route Nationale 3,R,21.31063971453514,5.309663304096518
201800057507,NonLethal,2018-08-29,19:00:00,NightStreelightsOn,974,416,Yes,NoIntersection,Normal,2Vehicles-Behind,Rue Adrien Recherchant,R,21.281587837644217,5.281767323553902
201800057508,NonLethal,2018-08-09,19:05:00,NightStreelightsOn,974,416,Yes,NoIntersection,Normal,Other,EUGENE DAYOT(RUE),R,21.32655664212393,5.3263698664942245
201800057509,NonLethal,2018-10-09,09:45:00,Daylight,974,416,Yes,T-type,Normal,2Vehicles-Behind,Rue Augustin Archambaud,R,21.32952927951228,5.329038570439088
201800057511,NonLethal,2018-11-09,19:45:00,NightStreelightsOn,974,416,Yes,NoIntersection,Normal,2Vehicles-Side,Rue des Flamboyants D400,R,21.287785201363413,5.284494725800348
201800057512,NonLethal,2018-09-14,07:30:00,Daylight,974,416,Yes,NoIntersection,Normal,2Vehicles-Side,Rue Auguste Babet,R,21.33416766889588,5.335200019849676
201800057514,NonLethal,2018-09-19,07:45:00,Daylight,974,416,Yes,NoIntersection,Normal,3+Vehicles-Multiple,Route Nationale 2,R,21.33408397780216,5.332956460349211
201800057516,NonLethal,2018-09-21,12:00:00,Daylight,974,416,Yes,T-type,Normal,2Vehicles-Side,Rue Pasteur,R,21.283125340399323,5.2821764425391
201800057517,NonLethal,2018-09-23,09:40:00,Daylight,974,416,No,Roundabout,Normal,2Vehicles-Side,Chemin Roland Garros,R,21.34087458114037,5.344204496998483
201800057518,NonLethal,2018-09-29,08:50:00,Daylight,974,416,No,NoIntersection,Normal,2Vehicles-Side,Route Ligne Paradis,R,21.31689509841415,5.3185386557224446
201800057519,NonLethal,2018-10-03,17:40:00,Daylight,974,416,No,Other,Normal,2Vehicles-Behind,RN 01,R,21.300576615377803,5.300163283941049
201800057520,NonLethal,2018-03-10,18:05:00,Daylight,974,416,No,Other,Normal,Other,RN2,R,21.300072758815222,5.300617107501911
201800057522,NonLethal,2018-07-10,11:50:00,Daylight,974,416,No,Roundabout,Normal,2Vehicles-Behind,Allée des Aubépines,R,21.336943352918297,5.337956436370778
201800057524,NonLethal,2018-10-03,11:40:00,Daylight,974,416,No,NoIntersection,Normal,NoCollision,Route Nationale 3,R,21.31463773278417,5.313331893848685
201800057525,NonLethal,2018-10-09,07:45:00,Daylight,974,416,Yes,NoIntersection,Normal,3+Vehicles-Chain,Av du Général de Gaulle,R,21.35459998099148,5.354129422497731
201800057526,NonLethal,2018-09-27,16:50:00,Daylight,974,416,No,Other,Normal,NoCollision,Chemin Saint Sauveur,R,21.2862900194463,5.28962114769957
201800057528,NonLethal,2018-10-10,07:46:00,Daylight,974,416,Yes,NoIntersection,Normal,2Vehicles-Side,Ancienne RN3,R,21.294300566883223,5.295325766376817
201800057529,NonLethal,2018-12-10,13:40:00,Daylight,974,416,No,NoIntersection,Normal,2Vehicles-Side,Route Nationale 2,R,21.347624978371268,5.349763185546935
201800057530,NonLethal,2018-10-14,06:45:00,TwilightOrDawn,974,416,No,NoIntersection,Normal,Other,ANCIENNE RN 1,R,21.3001634775824,5.299160580046883
201800057531,NonLethal,2018-10-14,21:10:00,NightStreelightsOn,974,416,Yes,NoIntersection,Normal,2Vehicles-Side,Avenue du Pdt Mitterand,R,21.34507311421289,5.34563482747876
201800057532,NonLethal,2018-10-17,19:15:00,NightNoStreetLight,974,416,No,NoIntersection,Normal,2Vehicles-Behind,Route Nationale 1,R,21.31490916551865,5.312894504653476
201800057533,NonLethal,2018-10-17,22:35:00,NightStreelightsOn,974,416,Yes,Other,Normal,Other,Bd Hubert Delisle,R,21.343369572642366,5.342811100182912
201800057534,NonLethal,2018-10-19,23:25:00,NightNoStreetLight,974,416,No,NoIntersection,Normal,Other,Route Nationale 1,R,21.31261386659612,5.309888756938969
201800057535,Lethal,2018-10-21,05:15:00,TwilightOrDawn,974,416,No,NoIntersection,Normal,Other,Route Nationale 3,R,21.30945894211716,5.310036707461869
201800057537,NonLethal,2018-10-22,16:25:00,Daylight,974,416,No,NoIntersection,HeavyRain,Other,Route Ligne Paradis,R,21.300091445172843,5.299632638431165
201800057540,NonLethal,2018-10-29,16:40:00,Daylight,974,416,Yes,NoIntersection,Normal,3+Vehicles-Multiple,Rue du Père Maitre,R,21.28560999788924,5.283950840489268
201800057541,NonLethal,2018-11-01,22:00:00,NightNoStreetLight,974,416,No,Roundabout,Normal,Other,Route Nationale 2,R,21.351850986898427,5.353815237974546
201800057542,Lethal,2018-11-09,12:30:00,Daylight,974,416,No,NoIntersection,Normal,Other,Route Nationale 1,R,21.35306064750219,5.352986013376323
201800057543,NonLethal,2018-07-11,16:20:00,Daylight,974,416,No,NoIntersection,VeryGood,2Vehicles-Side,Route Nationale 2,R,21.32284888128092,5.321562140567792
201800057544,NonLethal,2018-11-10,13:20:00,Daylight,974,416,Yes,NoIntersection,Normal,2Vehicles-BehindVehicles-Frontal,Av du Général de Gaulle,R,21.355497481453064,5.357034765883104
201800057545,NonLethal,2018-11-12,18:30:00,Daylight,974,416,Yes,NoIntersection,Normal,Other,Rue Augustin Archambaud,R,21.33508121037005,5.3359480673028985
201800057546,NonLethal,2018-11-14,09:10:00,Daylight,974,416,No,NoIntersection,Normal,Other,Route Ligne Paradis,R,21.32144248136011,5.32209844470273
201800057547,NonLethal,2018-11-14,17:35:00,Daylight,974,416,Yes,NoIntersection,Normal,2Vehicles-Behind,Rue Marius et Leblond,R,21.337597342551565,5.337647021325282
201800057548,Lethal,2018-11-17,06:15:00,Daylight,974,416,Yes,NoIntersection,Normal,NoCollision,Allée des Pensées d'eau,R,21.32632625253288,5.3261365203825175
201800057549,NonLethal,2018-11-14,14:05:00,Daylight,974,416,Yes,NoIntersection,Normal,NoCollision,Rue du Général de Gaulle,R,21.35697236871436,5.359973213743463
201800057551,NonLethal,2018-12-04,13:00:00,Daylight,974,416,No,NoIntersection,Normal,2Vehicles-Side,Route Nationale 3,R,21.31334315918417,5.312571176952303
201800057552,NonLethal,2018-04-12,22:40:00,NightStreelightsOn,974,416,Yes,NoIntersection,Normal,Other,LORION (RUE LUC),R,21.342124476223727,5.339807073602467
201800057553,NonLethal,2018-05-12,12:30:00,Daylight,974,416,No,T-type,Normal,2Vehicles-Side,Rte ancienne RN1,R,21.327171075635807,5.327839132138967
201800057554,NonLethal,2018-12-06,19:30:00,NightNoStreetLight,974,416,Yes,T-type,Normal,Other,ARCHAMBAUD (RUE),R,21.32910087567773,5.328944177623002
201800057555,NonLethal,2018-12-14,11:00:00,Daylight,974,416,Yes,NoIntersection,Normal,2Vehicles-Side,Rte ancienne RN1,R,21.32496370836924,5.323243494889799
201800057557,NonLethal,2018-12-21,16:20:00,Daylight,974,416,Yes,X-type,Normal,2Vehicles-Side,LEBLOND 1 (RUE MARIUS ET,R,21.336955796826786,5.33510841760327
201800057559,NonLethal,2018-12-25,21:00:00,NightStreelightsOn,974,416,Yes,X-type,Normal,2Vehicles-Side,Rue François Isautier,R,21.341545482200537,5.341511324629674
201800057560,NonLethal,2018-12-27,14:50:00,Daylight,974,416,Yes,Other,Normal,Other,ISAUTIER (RUE FRANCOIS),R,21.29907202412313,5.300487430550751
201800057561,NonLethal,2018-11-23,12:00:00,Daylight,974,416,No,Other,Normal,2Vehicles-Behind,Ligne des bambous,R,21.30128510799612,5.299834724121016
201800057562,NonLethal,2018-01-12,08:45:00,Daylight,976,611,Yes,NoIntersection,Normal,2Vehicles-BehindVehicles-Frontal,mamoudzou centre-Adrian,Y,12.780114730657637,4.780931608551647
201800057563,NonLethal,2018-10-01,18:25:00,TwilightOrDawn,976,611,Yes,NoIntersection,Normal,NoCollision,doujani-Mosque doujani,Y,12.796526800286712,4.794610070484531
201800057564,NonLethal,2018-01-23,10:54:00,Daylight,976,611,Yes,Other,Normal,Other,"1, kaweni-Mangrove ( rue",Y,12.775599374311865,4.77727492278381
201800057565,NonLethal,2018-01-10,07:20:00,Daylight,976,611,Yes,NoIntersection,Normal,Other,cavani-Belle vue (rue),Y,12.785482116124845,4.785767459739852
201800057566,NonLethal,2018-01-24,06:20:00,Daylight,976,611,Yes,Square,Normal,Other,"1, passamanty-Vahib ( r",Y,12.79925388588268,4.80144585786093
201800057567,NonLethal,2018-01-12,15:15:00,Daylight,976,611,Yes,NoIntersection,Normal,2Vehicles-BehindVehicles-Frontal,"1, kaweni-Kaweni nord (",Y,12.767652186515068,4.766467097321193
201800057569,NonLethal,2018-01-18,16:35:00,TwilightOrDawn,976,611,Yes,NoIntersection,Normal,Other,"1, doujani-Mosque de do",Y,12.796849493200025,4.793248786279928
201800057570,NonLethal,2018-01-31,06:43:00,Daylight,976,611,Yes,NoIntersection,Normal,Other,tsoundzou-Cadjifouteni (,Y,12.812425002918353,4.81326911973701
201800057571,NonLethal,2018-02-22,15:15:00,Daylight,976,611,Yes,NoIntersection,Normal,Other,"1, doujani-Mosque de do",Y,12.79229816043654,4.79359964959142
201800057572,NonLethal,2018-02-01,21:15:00,NightNoStreetLight,976,611,Yes,NoIntersection,Normal,Other,"1, tsoundzou-Mangadzia",Y,12.81923959900235,4.815489150479453
201800057573,NonLethal,2018-02-10,07:50:00,Daylight,976,611,Yes,NoIntersection,Normal,3+Vehicles-Chain,"1, cavani-Rond point du",Y,12.785632833450832,4.784140151309385
201800057574,NonLethal,2018-02-14,06:30:00,TwilightOrDawn,976,611,Yes,NoIntersection,Normal,Other,"1, mamoudzou centre-La M",Y,12.779443489865388,4.77921688533886
201800057575,NonLethal,2018-09-02,16:45:00,TwilightOrDawn,976,611,Yes,NoIntersection,Normal,2Vehicles-Behind,vahibe-Departementale 3,Y,12.785816029503978,4.78538979824744
201800057576,NonLethal,2018-02-25,14:00:00,Daylight,976,611,Yes,Other,Normal,2Vehicles-Behind,"1, kaweni-Centrale EDM (",Y,12.761786949358813,4.760247496716358
201800057577,NonLethal,2018-02-10,16:25:00,Daylight,976,611,Yes,NoIntersection,Normal,2Vehicles-Side,mgombani-Baobab ( Bd ),Y,12.78053923849962,4.781360148648008
201800057578,NonLethal,2018-02-06,11:35:00,Daylight,976,611,Yes,NoIntersection,Normal,2Vehicles-Side,"1, passamanty-Vahib ( r",Y,12.801276784518128,4.803278874528013
201800057579,NonLethal,2018-04-02,10:38:00,Daylight,976,611,Yes,NoIntersection,Normal,Other,"1, m'tsapere-M'tsapr-",Y,12.786441081040964,4.784728285235313
201800057581,NonLethal,2018-02-17,13:10:00,Daylight,976,611,Yes,NoIntersection,Normal,2Vehicles-BehindVehicles-Frontal,"1, m'tsapere-Mosque Mae",Y,12.7878328925129,4.789222147961357
201800057582,NonLethal,2018-03-21,18:10:00,TwilightOrDawn,976,611,Yes,Other,Normal,2Vehicles-Behind,"1, kaweni-Kaweni nord (",Y,12.767809057749574,4.769317968174904
201800057583,NonLethal,2018-12-03,15:50:00,Daylight,976,611,Yes,NoIntersection,Normal,Other,"1, mamoudzou centre-Hopi",Y,12.780755904628052,4.77967431210755
201800057584,NonLethal,2018-03-13,08:00:00,Daylight,976,611,Yes,NoIntersection,Normal,Other,kaweni-Europe (avenue),Y,12.7659359008898,4.766328559950769
201800057586,NonLethal,2018-03-31,12:01:00,Daylight,976,611,Yes,T-type,Normal,2Vehicles-BehindVehicles-Frontal,"1, m'tsapere-Mosque Mae",Y,12.791241032254424,4.789693643419159
201800057587,NonLethal,2018-03-31,17:40:00,TwilightOrDawn,976,611,Yes,NoIntersection,Normal,2Vehicles-Side,"1, cavani-Kavani sud ( r",Y,12.78538086127786,4.786137752871215
201800057588,NonLethal,2018-03-21,04:40:00,NightNoStreetLight,976,611,No,NoIntersection,Normal,NoCollision,"1, mamoudzou centre-RP P",Y,12.775811063372656,4.774149697835373
201800057589,NonLethal,2018-06-03,11:55:00,Daylight,976,611,Yes,NoIntersection,HeavyRain,3+Vehicles-Chain,"1, kaweni-Kaweni nord (",Y,12.768198893681983,4.768610660622378
201800057590,NonLethal,2018-07-03,11:30:00,Daylight,976,611,Yes,Other,Normal,Other,"1, mamoudzou centre-Abda",Y,12.781586519269212,4.778024889923307
201800057591,NonLethal,2018-03-13,19:08:00,NightNoStreetLight,976,611,No,NoIntersection,Normal,2Vehicles-Side,"1, kaweni-Kaweni sud  (Z",Y,12.768765467150256,4.770283722026314
201800057592,NonLethal,2018-04-16,10:27:00,Daylight,976,611,Yes,NoIntersection,Normal,2Vehicles-Behind,kaweni-Kaweni sud  (Z I),Y,12.769023693592684,4.771919526509777
201800057594,NonLethal,2018-04-10,07:00:00,Daylight,976,611,Yes,NoIntersection,Normal,NoCollision,kaweni-Kaweni nord ( Z I,Y,12.758743033694811,4.758471675127794
201800057595,NonLethal,2018-04-21,11:20:00,Daylight,976,611,Yes,NoIntersection,Normal,Other,kaweni-SPPM ( rue de la,Y,12.772822734140076,4.772867035398217
201800057596,NonLethal,2018-04-22,10:30:00,Daylight,976,611,Yes,NoIntersection,Normal,Other,passamanty-Vahib ( rout,Y,12.803568581781407,4.802569408653586
201800057597,NonLethal,2018-04-12,07:40:00,Daylight,976,611,No,NoIntersection,Normal,Other,cavari-Kavari sud ( rue,Y,12.786019210496873,4.783440883862092
201800057598,NonLethal,2018-08-04,18:00:00,TwilightOrDawn,976,611,Yes,NoIntersection,Normal,Other,cavani-Kiri Wadjimoi ( R,Y,12.782280055125987,4.777931017480971
201800057599,NonLethal,2018-04-15,15:48:00,Daylight,976,611,No,NoIntersection,Normal,Other,kaweni-Europe (avenue),Y,12.770696465586967,4.769659337549416
201800057600,NonLethal,2018-04-21,21:15:00,NightNoStreetLight,976,611,No,NoIntersection,Normal,2Vehicles-Behind,mamoudzou centre-Adrian,Y,12.781432647689938,4.778277255627792
201800057601,NonLethal,2018-04-11,08:00:00,Daylight,976,611,No,NoIntersection,Normal,2Vehicles-Side,m'tsapere-Nationale 2 (r,Y,12.793284405346077,4.7936426102838325
201800057602,NonLethal,2018-04-19,16:17:00,Daylight,976,611,Yes,NoIntersection,Normal,2Vehicles-Side,m'tsapere-M'tsapr- M't,Y,12.788886433855946,4.789271552373116