AccidentId,Gravity,Date,Hour,Light,Department,Commune,InAgglomeration,IntersectionType,Weather,CollisionType,PostalAddress,GPSCode,Latitude,Longitude
201800057603,NonLethal,2018-04-19,20:55:00,NightStreelightsOn,976,611,Yes,Roundabout,Normal,Other,mamoudzou centre-March,Y,12.777833887473616,4.779395597015892
201800057605,NonLethal,2018-04-09,08:30:00,Daylight,976,611,Yes,NoIntersection,Normal,Other,kaweni-Geole ( rue de la,Y,12.766431378042936,4.766420523988503
201800057606,NonLethal,2018-05-01,19:00:00,NightNoStreetLight,976,611,Yes,NoIntersection,Normal,Other,tsoundzou-Nivea (rue),Y,12.815963171342842,4.815365987665762
201800057607,NonLethal,2018-03-05,14:02:00,Daylight,976,611,Yes,NoIntersection,Normal,Other,kaweni-GEOLE (la),Y,12.765919451346845,4.7682099954616906
201800057608,NonLethal,2018-05-04,11:02:00,Daylight,976,611,Yes,Other,Normal,Other,kaweni-Kaweni nord ( Z I,Y,12.76457943681893,4.765566912678684
201800057610,NonLethal,2018-05-03,13:04:00,Daylight,976,611,Yes,NoIntersection,Normal,Other,doujani-Mosque doujani,Y,12.792356330470644,4.791540451999067
201800057611,NonLethal,2018-05-05,17:20:00,TwilightOrDawn,976,611,Yes,Other,Normal,NoCollision,tsoundzou-Cadjifouteni (,Y,12.80674902949186,4.806262129954658
201800057612,NonLethal,2018-05-06,12:35:00,Daylight,976,611,Yes,Other,Normal,Other,kaweni-Lazerevouni ( rue,Y,12.76937805247938,4.771940527862112
201800057614,NonLethal,2018-05-27,10:15:00,Daylight,976,611,Yes,Square,Normal,Other,m'tsapere-Mosque Maevan,Y,12.787464583933351,4.788016899064608
201800057615,NonLethal,2018-05-24,07:25:00,Daylight,976,611,Yes,Roundabout,Normal,2Vehicles-Behind,cavani-Cavani Massimoni,Y,12.781222478057051,4.781843589122375
201800057616,NonLethal,2018-05-16,16:43:00,Daylight,976,611,Yes,NoIntersection,Normal,Other,mamoudzou centre-Haladi,Y,12.77953891679758,4.778655723254476
201800057617,NonLethal,2018-05-12,16:16:00,Daylight,976,611,Yes,NoIntersection,Normal,Other,kaweni-Lazerevouni ( rue,Y,12.774564012651467,4.774496083685457
201800057618,NonLethal,2018-05-28,06:00:00,Daylight,976,611,Yes,Other,Normal,Other,mamoudzou centre-Adrian,Y,12.783822604619814,4.785391240832504
201800057619,NonLethal,2018-05-25,08:50:00,Daylight,976,611,No,NoIntersection,Normal,NoCollision,passamanty-Mnadzi moja (,Y,12.80046724904382,4.802174117861745
201800057620,NonLethal,2018-05-10,12:50:00,Daylight,976,611,Yes,T-type,Normal,2Vehicles-BehindVehicles-Frontal,kaweri-Poste ( rue de la,Y,12.773140945005109,4.770852376737633
201800057621,NonLethal,2018-05-31,07:20:00,Daylight,976,611,Yes,Other,Normal,Other,mamoudzou centre-Boboka,Y,12.779151757711904,4.7787439185469776
201800057622,NonLethal,2018-05-18,17:05:00,Daylight,976,611,Yes,NoIntersection,Normal,2Vehicles-Side,tsoundzou-Kwal ( route,Y,12.815089808717966,4.815830832587206
201800057623,NonLethal,2018-05-30,06:20:00,Daylight,976,611,Yes,NoIntersection,Normal,Other,tsoundzou-KOUALE ( rue d,Y,12.808715262277293,4.810178684130086
201800057624,NonLethal,2018-05-10,06:45:00,Daylight,976,611,Yes,NoIntersection,Normal,Other,tsoundzou-Baraka (rue),Y,12.805683129414726,4.805649038180781
201800057626,NonLethal,2018-05-08,10:32:00,Daylight,976,611,Yes,NoIntersection,Normal,2Vehicles-Side,passamanty-Vahib ( rout,Y,12.7995798046054,4.79871659346013
201800057627,NonLethal,2018-06-02,15:50:00,Daylight,976,611,Yes,Other,Normal,2Vehicles-Behind,kaweni-Archipel (avenue,Y,12.76671116896511,4.768380586049216
201800057628,NonLethal,2018-01-06,16:30:00,TwilightOrDawn,976,611,Yes,Other,Normal,2Vehicles-Side,cavani-Baobab (ront poin,Y,12.786017515849164,4.785394621027729
201800057629,NonLethal,2018-06-13,10:40:00,Daylight,976,611,Yes,NoIntersection,Normal,NoCollision,kaweni-Grande Traverse (,Y,12.772832278928686,4.773176640257949
201800057630,NonLethal,2018-06-03,11:35:00,Daylight,976,611,Yes,Other,Normal,2Vehicles-Side,doujani-Mosque de douja,Y,12.79381748595458,4.794028444769111
201800057632,NonLethal,2018-05-06,07:25:00,TwilightOrDawn,976,611,No,Other,Normal,NoCollision,vahibe-Departementale 3,Y,12.794928157121914,4.794733364172528
201800057633,NonLethal,2018-12-06,09:55:00,Daylight,976,611,No,Other,Normal,NoCollision,vahibe-Departementale 3,Y,12.795520535052413,4.795195197906443
201800057634,NonLethal,2018-06-18,10:30:00,Daylight,976,611,Yes,NoIntersection,Normal,2Vehicles-Side,kaweri-Kaweri nord ( Z I,Y,12.765334251086404,4.764393342517196
201800057635,NonLethal,2018-06-19,07:10:00,Daylight,976,611,Yes,Other,Normal,Other,cavani-Kavani sud ( rue,Y,12.783998710332208,4.783074387116962
201800057636,NonLethal,2018-06-05,15:05:00,Daylight,976,611,Yes,NoIntersection,Normal,Other,passamanty-Vahib ( rout,Y,12.801498827817555,4.800335160174042
201800057638,NonLethal,2018-06-19,14:35:00,Daylight,976,611,Yes,NoIntersection,Normal,3+Vehicles-Chain,mamoudzou centre-Abdalla,Y,12.776999350525324,4.778087403731828
201800057641,NonLethal,2018-09-06,12:19:00,Daylight,976,611,Yes,NoIntersection,Normal,Other,mgombari-M'Gombari ( rue,Y,12.782899529393644,4.784607231429341
201800057642,NonLethal,2018-06-14,07:00:00,Daylight,976,611,Yes,NoIntersection,Normal,Other,kaweni-Caserne ( rue de,Y,12.777243884918152,4.77468154671882
201800057644,NonLethal,2018-06-17,19:45:00,NightNoStreetLight,976,611,Yes,NoIntersection,Normal,NoCollision,tsoundzou-Mariage (place,Y,12.804821917241052,4.804669227729916
201800057645,NonLethal,2018-06-13,12:36:00,Daylight,976,611,Yes,NoIntersection,Normal,Other,kaweni-Poste ( rue de la,Y,12.77164812478701,4.7712424295874
201800057646,NonLethal,2018-06-11,20:50:00,NightNoStreetLight,976,611,Yes,NoIntersection,Normal,Other,kaweni-Mahabourini ( rue,Y,12.771515573766406,4.771624545328748
201800057648,NonLethal,2018-06-15,12:00:00,Daylight,976,611,No,NoIntersection,Normal,2Vehicles-BehindVehicles-Frontal,passamanty-Vahib ( rout,Y,12.798312017255016,4.797838674961633
201800057649,NonLethal,2018-06-25,12:55:00,Daylight,976,611,Yes,NoIntersection,Normal,2Vehicles-Side,kaweri-Europe (avenue),Y,12.758662477134976,4.757650802401141
201800057650,NonLethal,2018-06-26,11:30:00,Daylight,976,611,Yes,Square,Normal,Other,vahibe-Departementale 3,Y,12.787558954233512,4.788045579126638
201800057651,NonLethal,2018-06-25,16:20:00,Daylight,976,611,Yes,T-type,Normal,2Vehicles-Side,mamoudzou centre-RP Pass,Y,12.776481874364212,4.774930654736245
201800057652,NonLethal,2018-06-29,16:00:00,Daylight,976,611,Yes,NoIntersection,Normal,Other,m'tsapere-Nationale 2 (r,Y,12.788629877404295,4.787523029135293
201800057653,NonLethal,2018-06-26,17:35:00,TwilightOrDawn,976,611,Yes,Square,Normal,2Vehicles-Side,mamoudzou centre-Rassi B,Y,12.784363363225058,4.785835373172823
201800057654,NonLethal,2018-06-29,07:05:00,Daylight,976,611,Yes,NoIntersection,Normal,Other,passamanty-Cavani-Be (ru,Y,12.80110720847803,4.80102260476171
201800057655,NonLethal,2018-06-29,08:41:00,Daylight,976,611,Yes,NoIntersection,Normal,NoCollision,kaweni-Kaweni nord ( Z I,Y,12.761953829359175,4.761834765107064
201800057656,NonLethal,2018-06-23,23:05:00,NightNoStreetLight,976,611,No,NoIntersection,Normal,NoCollision,vahibe-Departementale 3,Y,12.790788323226174,4.790700043078276
201800057657,NonLethal,2018-06-18,10:45:00,Daylight,976,611,Yes,NoIntersection,Normal,Other,kaweni-Europe (avenue),Y,12.76838192297792,4.765181779233594
201800057658,NonLethal,2018-02-07,07:25:00,Daylight,976,611,Yes,NoIntersection,Normal,2Vehicles-Behind,cavani-Manguiers (rue de,Y,12.782837412453189,4.784026450253207
201800057659,NonLethal,2018-02-07,14:17:00,Daylight,976,611,Yes,NoIntersection,Normal,2Vehicles-Side,tsoundzou-Kadjifouni ( r,Y,12.806120089737814,4.804956788067987
201800057660,NonLethal,2018-07-02,19:10:00,NightNoStreetLight,976,611,Yes,NoIntersection,Normal,2Vehicles-Side,mamoudzou centre-Rassi B,Y,12.786370857819444,4.783785542254132
201800057661,NonLethal,2018-07-02,19:58:00,NightNoStreetLight,976,611,No,NoIntersection,Normal,NoCollision,passamanty-Tanamalaza (r,Y,12.801241838396418,4.800773634144481
201800057662,NonLethal,2018-04-07,14:25:00,Daylight,976,611,Yes,NoIntersection,Normal,Other,kaweri-Zamantal (rue),Y,12.773531271009562,4.773834450407981
201800057664,NonLethal,2018-05-07,08:00:00,Daylight,976,611,Yes,NoIntersection,Normal,2Vehicles-Side,kaweni-Europe (avenue),Y,12.773443440721117,4.774215361290752
201800057665,NonLethal,2018-06-07,08:43:00,Daylight,976,611,Yes,NoIntersection,Normal,2Vehicles-BehindVehicles-Frontal,kaweni-Centrale EDM (rue,Y,12.75905848886983,4.760821447918795
201800057666,NonLethal,2018-07-18,00:25:00,NightStreelightsOff,976,611,Yes,NoIntersection,Normal,Other,kaweni-Poste ( rue de la,Y,12.772041475686324,4.774136646295812
201800057667,NonLethal,2018-07-06,08:44:00,Daylight,976,611,Yes,NoIntersection,Normal,2Vehicles-Side,doujani-Mosque doujani,Y,12.795137464785164,4.794721809650011
201800057668,NonLethal,2018-07-09,10:20:00,Daylight,976,611,Yes,NoIntersection,Normal,Other,cavari-Rond point du Sta,Y,12.801904838727726,4.800896834385007
201800057669,NonLethal,2018-07-20,14:45:00,Daylight,976,611,Yes,NoIntersection,Normal,Other,passamanty-Sada ( rue de,Y,12.80556983652403,4.80349335738331
201800057670,NonLethal,2018-09-07,10:55:00,Daylight,976,611,Yes,NoIntersection,Normal,2Vehicles-Side,kaweni-Europe (avenue),Y,12.766910323186355,4.766311165748665
201800057671,NonLethal,2018-09-07,17:20:00,TwilightOrDawn,976,611,Yes,NoIntersection,Normal,Other,kaweni-Kaweni nord ( Z I,Y,12.768357399172976,4.769051175678712
201800057672,NonLethal,2018-10-07,12:00:00,Daylight,976,611,Yes,NoIntersection,Normal,Other,kaweni-Mangrove (route d,Y,12.775999499545144,4.774303520788176
201800057673,NonLethal,2018-12-07,13:30:00,Daylight,976,611,Yes,NoIntersection,Normal,NoCollision,doujari-Mosque doujari,Y,12.795294498699548,4.795668738427812
201800057674,NonLethal,2018-07-13,06:40:00,Daylight,976,611,Yes,NoIntersection,Normal,2Vehicles-Side,kaweni-Europe (avenue),Y,12.774242972206794,4.7732594191181565
201800057675,NonLethal,2018-07-15,00:07:00,NightNoStreetLight,976,611,Yes,NoIntersection,Normal,Other,doujani-Carrire ( rue d,Y,12.795985086727216,4.798164708025427
201800057676,NonLethal,2018-07-31,11:00:00,Daylight,976,611,Yes,NoIntersection,Normal,Other,kaweni-Kakal (rue),Y,12.77066048684534,4.773722730714679
201800057677,NonLethal,2018-07-16,07:36:00,TwilightOrDawn,976,611,Yes,NoIntersection,LightRain,NoCollision,kaweni-Kaweni nord ( Z I,Y,12.761221683147122,4.760414706605533
201800057678,NonLethal,2018-07-27,14:05:00,Daylight,976,611,No,NoIntersection,Normal,NoCollision,kaweni-Kaweni sud  (Z I),Y,12.776079358071662,4.77699549750465
201800057679,NonLethal,2018-07-16,16:12:00,TwilightOrDawn,976,611,Yes,NoIntersection,Normal,NoCollision,passamanty-Vahib ( rout,Y,12.80035829950569,4.8026149876477415
201800057680,NonLethal,2018-07-27,14:35:00,Daylight,976,611,Yes,NoIntersection,Normal,2Vehicles-BehindVehicles-Frontal,cavani-Kavani sud ( rue,Y,12.787082890887,4.7868465463630026
201800057681,NonLethal,2018-07-30,22:36:00,NightStreelightsOn,976,610,Yes,Other,Normal,NoCollision,Trois Valles - Majicavo,Y,12.756834152935069,4.757009545537871
201800057684,NonLethal,2018-07-28,06:00:00,TwilightOrDawn,976,611,Yes,NoIntersection,Other,3+Vehicles-Multiple,m'tsapere-Nationale 2 (r,Y,12.79456882817112,4.793303434085299
201800057685,NonLethal,2018-07-29,08:00:00,Daylight,976,611,Yes,NoIntersection,Normal,NoCollision,passamanty-Vahib ( rout,Y,12.800853937015134,4.799246643232014
201800057686,NonLethal,2018-07-06,12:13:00,Daylight,976,611,Yes,NoIntersection,Normal,2Vehicles-BehindVehicles-Frontal,mamoudzou centre-Command,Y,12.785016040506967,4.782678469322657
201800057687,NonLethal,2018-07-21,10:50:00,Daylight,976,611,Yes,NoIntersection,Normal,2Vehicles-Behind,kaweni-Kaweni nord ( Z I,Y,12.756943146525764,4.758330368985521
201800057688,NonLethal,2018-07-23,10:50:00,Daylight,976,611,Yes,NoIntersection,Normal,Other,tsoundzou-Stara (rue),Y,12.804858689205783,4.806887490709749
201800057689,NonLethal,2018-01-08,12:45:00,Daylight,976,611,Yes,NoIntersection,Normal,2Vehicles-Behind,kaweni-Caserne ( rue de,Y,12.776926239254763,4.774723233864177
201800057690,NonLethal,2018-03-09,18:20:00,TwilightOrDawn,976,611,No,NoIntersection,Normal,2Vehicles-Behind,kaweni-Kaweni nord ( Z I,Y,12.753333225998071,4.756854655809427
201800057694,NonLethal,2018-09-21,22:15:00,NightNoStreetLight,976,611,No,NoIntersection,Normal,NoCollision,passamanty-M'hogoni (rue,Y,12.800523071947897,4.800234608025762
201800057696,NonLethal,2018-06-08,11:40:00,Daylight,976,611,Yes,Other,Normal,NoCollision,mamoudzou centre-Adrian,Y,12.77770938248156,4.7785138619250045
201800057697,NonLethal,2018-08-06,07:11:00,TwilightOrDawn,976,611,Yes,Other,Normal,NoCollision,tsoundzou-Kadjifouni ( r,Y,12.806182884854266,4.806181993247081
201800057698,NonLethal,2018-08-03,17:40:00,TwilightOrDawn,976,611,Yes,Other,Normal,2Vehicles-Behind,passamanty-Sada ( rue de,Y,12.80232683901561,4.800555359964969
201800057699,NonLethal,2018-08-29,12:30:00,Daylight,976,611,Yes,NoIntersection,Normal,Other,tsoundzou-Kadjifouni ( r,Y,12.804970174296804,4.806540684957244
201800057700,NonLethal,2018-08-25,15:15:00,Daylight,976,611,Yes,NoIntersection,Normal,2Vehicles-Behind,tsoundzou-Maternelle ( r,Y,12.818110752343264,4.814823519874228
201800057703,NonLethal,2018-08-16,16:00:00,Daylight,976,611,No,NoIntersection,Normal,2Vehicles-BehindVehicles-Frontal,mamoudzou centre-RP Pass,Y,12.77930632928304,4.780919023830551
201800057704,NonLethal,2018-08-20,15:30:00,Daylight,976,611,Yes,Other,Normal,Other,cavani-Selemani ( rue ),Y,12.786984145761346,4.7871406474146045
201800057705,NonLethal,2018-08-23,14:15:00,Daylight,976,611,Yes,Other,Normal,Other,kaweni-Europe (avenue),Y,12.76888256504262,4.768405346707603
201800057706,NonLethal,2018-08-09,16:50:00,Daylight,976,611,Yes,NoIntersection,Normal,Other,passamanty-Sada ( rue de,Y,12.802891905982458,4.803341461312039
201800057707,NonLethal,2018-08-21,08:25:00,Daylight,976,611,Yes,Other,Normal,NoCollision,mgombani-M'Gombani ( rue,Y,12.784125684497283,4.784628712213359
201800057711,NonLethal,2018-09-10,08:00:00,TwilightOrDawn,976,611,Yes,NoIntersection,Normal,2Vehicles-Behind,mamoudzou centre-Boboka,Y,12.77860006885509,4.78058840147877
201800057712,NonLethal,2018-08-24,20:00:00,NightNoStreetLight,976,611,Yes,NoIntersection,Normal,Other,kaweni-Caserne ( rue de,Y,12.772553380752166,4.773442796170581
201800057713,NonLethal,2018-08-19,10:00:00,Daylight,976,611,Yes,NoIntersection,Normal,2Vehicles-Side,kaweni-Kaweni nord ( Z I,Y,12.761421676182184,4.760972116408432
201800057714,NonLethal,2018-09-20,14:45:00,Daylight,976,611,Yes,NoIntersection,Normal,2Vehicles-Behind,passamanty-Sada ( rue de,Y,12.79954444173248,4.801360923283616
201800057715,NonLethal,2018-09-05,21:08:00,NightStreelightsOn,976,611,Yes,NoIntersection,Normal,Other,cavani-Belle vue (rue),Y,12.786412889879122,4.7862126216088505
201800057716,NonLethal,2018-09-14,06:30:00,TwilightOrDawn,976,611,Yes,NoIntersection,Normal,Other,passamanty-Bangali  (rue,Y,12.800517492006,4.80097809577512
201800057717,NonLethal,2018-05-09,10:12:00,Daylight,976,611,Yes,NoIntersection,Normal,2Vehicles-Side,m'tsapere-M'tsapr- M't,Y,12.787446934374548,4.788909684965594
201800057718,NonLethal,2018-09-15,20:55:00,NightStreelightsOff,976,611,Yes,NoIntersection,Normal,Other,doujani-Mosque doujani,Y,12.795868018180466,4.796189431327296
201800057719,NonLethal,2018-09-22,12:50:00,Daylight,976,611,Yes,Other,Normal,2Vehicles-Behind,mamoudzou centre-Adrian,Y,12.786136171668884,4.7853786467414725
201800057721,NonLethal,2018-09-15,03:30:00,NightNoStreetLight,976,611,Yes,Other,Normal,NoCollision,doujani-Carrière ( route,Y,12.79390390875098,4.7935137916527575
201800057722,NonLethal,2018-09-23,09:00:00,Daylight,976,611,Yes,NoIntersection,Normal,Other,m'tsapere-Maeventana (ru,Y,12.78771421545464,4.789247410591768
201800057723,NonLethal,2018-09-27,21:45:00,NightNoStreetLight,976,610,Yes,NoIntersection,Normal,NoCollision,Hauts Vallons - Majicavo,Y,12.75702495565273,4.75486005558588
201800057724,NonLethal,2018-09-12,17:00:00,TwilightOrDawn,976,611,Yes,NoIntersection,Normal,Other,mamoudzou centre-RP Pass,Y,12.777565981970415,4.778422810626495
201800057725,NonLethal,2018-06-09,08:32:00,Daylight,976,611,Yes,NoIntersection,Normal,Other,kaweni-GEOLE (la),Y,12.766501211160296,4.766582312667685
201800057727,NonLethal,2018-09-14,16:48:00,Daylight,976,611,Yes,NoIntersection,Normal,Other,m'tsapere-Mosque Maevan,Y,12.791019336298715,4.791386748517703
201800057728,NonLethal,2018-09-15,03:20:00,NightNoStreetLight,976,611,Yes,NoIntersection,Normal,NoCollision,doujani-Carrière ( route,Y,12.794036880576323,4.794238376199621
201800057729,NonLethal,2018-06-10,06:25:00,TwilightOrDawn,976,611,Yes,Other,Normal,2Vehicles-BehindVehicles-Frontal,tsoundzou-Mangadzia  Tso,Y,12.817247219492986,4.8184026303021685
201800057730,NonLethal,2018-10-07,16:50:00,Daylight,976,611,Yes,NoIntersection,Normal,NoCollision,passamanty-Vahib_E( rout,Y,12.799102651351996,4.800635914889414
201800057731,NonLethal,2018-10-08,15:10:00,Daylight,976,611,Yes,T-type,Normal,2Vehicles-BehindVehicles-Frontal,kaweni-Kaweni nord ( Z I,Y,12.759646974879525,4.758569862776947
201800057732,NonLethal,2018-10-10,12:59:00,Daylight,976,611,Yes,NoIntersection,Normal,2Vehicles-Side,m'tsapere-Nationale 2 (r,Y,12.7930228872194,4.793564013689679
201800057733,NonLethal,2018-10-10,16:58:00,Daylight,976,611,Yes,NoIntersection,Normal,2Vehicles-Side,mamoudzou centre-Abdalla,Y,12.779823365470916,4.778768750898138
201800057734,NonLethal,2018-10-16,06:50:00,Daylight,976,611,No,NoIntersection,Normal,NoCollision,mamoudzou centre-Rassi B,Y,12.784061516237308,4.784200818760931
201800057735,NonLethal,2018-10-17,11:40:00,Daylight,976,611,Yes,NoIntersection,Normal,Other,mamoudzou centre-Cinema,Y,12.782129938867362,4.779855598311573
201800057737,NonLethal,2018-10-22,17:18:00,Daylight,976,611,Yes,NoIntersection,Normal,2Vehicles-BehindVehicles-Frontal,doujani-Mosque de douja,Y,12.795324532105193,4.792202874770878
201800057738,NonLethal,2018-10-22,07:45:00,Daylight,976,611,No,NoIntersection,Normal,Other,mamoudzou centre-Rassi B,Y,12.783409076292577,4.785730731080858
201800057739,NonLethal,2018-10-23,11:00:00,Daylight,976,611,Yes,NoIntersection,Normal,2Vehicles-Behind,tsoundzou-Maternelle ( r,Y,12.814923250979245,4.8151589012761145
201800057740,NonLethal,2018-10-23,14:30:00,Daylight,976,611,Yes,NoIntersection,Normal,Other,kaweni-Geole ( rue de la,Y,12.765923336569166,4.767145681850361
201800057741,NonLethal,2018-10-21,14:45:00,Daylight,976,611,Yes,NoIntersection,Normal,NoCollision,kaweni-Kaweni nord ( Z I,Y,12.771974869870418,4.772231534603906
201800057742,NonLethal,2018-12-10,22:35:00,NightStreelightsOn,976,611,Yes,NoIntersection,Normal,Other,kaweni-Kaweni sud  (Z I),Y,12.77089455995296,4.773364995242547
201800057743,NonLethal,2018-10-13,10:48:00,Daylight,976,611,Yes,NoIntersection,Normal,2Vehicles-BehindVehicles-Frontal,cavani-Rond point du Sta,Y,12.79791885573822,4.798776651243941
201800057744,NonLethal,2018-10-14,01:54:00,NightStreelightsOn,976,611,Yes,NoIntersection,Normal,NoCollision,mamoudzou centre-Hopital,Y,12.77985916803956,4.778148469609967
201800057745,Lethal,2018-10-24,16:25:00,Daylight,976,611,No,Other,Normal,Other,m'tsapere-Nationale 2 (r,Y,12.793420799036516,4.79343104190892
201800057746,NonLethal,2018-10-24,18:00:00,NightStreelightsOn,976,611,Yes,NoIntersection,Normal,2Vehicles-Behind,tsoundzou-KOUALE ( rue d,Y,12.806640249569426,4.807213593868966
201800057747,NonLethal,2018-10-26,11:50:00,Daylight,976,611,Yes,NoIntersection,Normal,Other,m'tsapere-Nationale 2 (r,Y,,
201800057748,NonLethal,2018-10-26,08:00:00,Daylight,976,611,Yes,NoIntersection,Normal,2Vehicles-Behind,mamoudzou centre-Abdalla,Y,12.782460081566276,4.785018057697098
201800057749,NonLethal,2018-10-30,06:50:00,Daylight,976,611,No,NoIntersection,Normal,2Vehicles-Behind,kaweni-Centrale EDM (rue,Y,12.767153939434715,4.765273283326116
201800057750,NonLethal,2018-01-11,03:30:00,NightNoStreetLight,976,611,Yes,NoIntersection,Normal,NoCollision,kaweni-Centrale EDM (rue,Y,12.761386446253272,4.76003925947541
201800057751,NonLethal,2018-10-27,23:45:00,NightNoStreetLight,976,611,Yes,NoIntersection,Normal,NoCollision,m'tsapere-Dahilou (rue),Y,12.786298730930802,4.786846031871747
201800057752,NonLethal,2018-11-04,00:10:00,NightStreelightsOff,976,611,Yes,NoIntersection,Normal,NoCollision,mamoudzou centre-Command,Y,12.779392675428344,4.778528690303504
201800057753,NonLethal,2018-04-11,20:00:00,NightNoStreetLight,976,611,Yes,NoIntersection,Normal,Other,kaweri-Centrale (rue),Y,12.76625561848699,4.764778248361268
201800057755,NonLethal,2018-05-11,14:15:00,Daylight,976,611,Yes,NoIntersection,Normal,2Vehicles-Side,kaweni-Mangrove (route d,Y,12.777317061247269,4.776865423433779
201800057756,NonLethal,2018-06-11,07:30:00,Daylight,976,611,Yes,T-type,Normal,2Vehicles-Side,kaweni-Nossi b (impasse,Y,12.773861333020404,4.775818592170025
201800057757,NonLethal,2018-11-06,20:35:00,NightNoStreetLight,976,611,Yes,NoIntersection,Normal,NoCollision,kaweni-Kaweni nord ( Z I,Y,12.764465852777573,4.764565308525731
201800057759,NonLethal,2018-11-10,21:08:00,NightNoStreetLight,976,611,Yes,NoIntersection,Normal,NoCollision,kaweni-GEOLE (la),Y,12.765611327178004,4.763738383452908
201800057760,NonLethal,2018-11-14,07:30:00,Daylight,976,611,No,NoIntersection,Normal,Other,passamanty-Vahib ( rout,Y,,
201800057761,NonLethal,2018-11-14,08:09:00,Daylight,976,611,Yes,Other,Normal,NoCollision,kaweni-Europe (avenue),Y,,
201800057762,NonLethal,2018-10-28,19:00:00,NightNoStreetLight,976,611,Yes,NoIntersection,LightRain,NoCollision,kaweni-Massakini (rue),Y,12.764193415400586,4.762006200609325
201800057763,NonLethal,2018-11-14,10:25:00,Daylight,976,611,No,NoIntersection,Normal,Other,m'tsapere-Nationale 2 (r,Y,12.78726956631115,4.786085327117791
201800057764,NonLethal,2018-11-15,08:35:00,Daylight,976,611,Yes,NoIntersection,Normal,2Vehicles-Side,passamanty-Sada ( rue de,Y,12.8041911048542,4.805476632859733
201800057765,NonLethal,2018-11-15,17:02:00,Daylight,976,611,No,NoIntersection,Normal,2Vehicles-BehindVehicles-Frontal,vahibe-Departementale 3,Y,,
201800057766,NonLethal,2018-11-18,19:55:00,NightNoStreetLight,976,611,Yes,NoIntersection,Normal,Other,kaweni-Kaweni nord ( Z I,Y,12.764856879250514,4.765772046313248
201800057767,NonLethal,2018-11-20,19:00:00,NightStreelightsOn,976,611,Yes,LevelCrossing,Normal,NoCollision,tsoundzou-Maternelle ( r,Y,,
201800057768,NonLethal,2018-11-19,21:30:00,NightNoStreetLight,976,611,Yes,NoIntersection,Normal,NoCollision,kaweni-Kaweni nord ( Z I,Y,12.765452001354442,4.763489766219977
201800057769,NonLethal,2018-11-21,20:20:00,NightNoStreetLight,976,611,Yes,Other,Normal,Other,kaweni-Geole ( rue de la,Y,12.765408590629704,4.76585847208448
201800057770,NonLethal,2018-11-22,18:15:00,TwilightOrDawn,976,611,Yes,NoIntersection,Normal,Other,mgombani-Baobab ( Bd ),Y,12.784304969305802,4.782441635033195
201800057771,NonLethal,2018-11-23,11:00:00,Daylight,976,611,No,NoIntersection,Normal,2Vehicles-BehindVehicles-Frontal,kaweni-Mangrove (route d,Y,12.76033166015941,4.758154705061085
201800057772,NonLethal,2018-11-24,18:10:00,NightStreelightsOn,976,611,Yes,NoIntersection,Normal,Other,tsoundzou-Bamcolo (rue),Y,12.809210156218764,4.80672447246342
201800057773,NonLethal,2018-11-27,18:10:00,NightStreelightsOn,976,611,Yes,NoIntersection,Normal,Other,mamoudzou centre-RP Pass,Y,12.77868823914621,4.779424174746382
201800057774,NonLethal,2018-11-19,09:07:00,NightNoStreetLight,976,611,Yes,NoIntersection,Normal,Other,kaweni-Kaweni nord ( Z I,Y,12.76547246573028,4.764983062464606
201800057775,NonLethal,2018-12-03,15:10:00,Daylight,976,611,Yes,MoreThan4Branches,Normal,Other,passamanty-Vahib ( rout,Y,12.803668446815234,4.804345723884518
201800057776,NonLethal,2018-12-09,00:30:00,NightStreelightsOff,976,611,Yes,Other,Normal,3+Vehicles-Chain,mgombani-Mahabou (rond p,Y,12.782507739955928,4.783609401117259
201800057777,NonLethal,2018-11-26,18:45:00,NightStreelightsOn,976,611,Yes,NoIntersection,Normal,Other,mamoudzou centre-RP Pass,Y,12.7765616944784,4.780568979136764
201800057778,NonLethal,2018-12-14,08:50:00,Daylight,976,611,Yes,NoIntersection,Normal,2Vehicles-BehindVehicles-Frontal,convalescence/vetivers-V,Y,12.779777705832428,4.780820888969345
201800057779,NonLethal,2018-12-15,10:50:00,Daylight,976,611,Yes,NoIntersection,Normal,Other,passamanty-Sada ( rue de,Y,12.801976269484914,4.804506291407459
201800057780,NonLethal,2018-12-16,06:10:00,TwilightOrDawn,976,611,Yes,NoIntersection,Normal,2Vehicles-Side,mamoudzou centre-Command,Y,12.781934730543124,4.78108530003031
201800057781,NonLethal,2018-12-22,21:50:00,NightStreelightsOn,976,611,Yes,NoIntersection,Normal,Other,kaweni-SPPM ( rue de la,Y,12.768259978025425,4.7676272394962425
201800057783,NonLethal,2018-12-28,14:25:00,Daylight,976,611,Yes,NoIntersection,Normal,2Vehicles-BehindVehicles-Frontal,m'tsapere-Nationale 2 (r,Y,12.790435013865173,4.789057920549254